seed,replication,N,L,counts,releases,arrival_rate,h_F,h_S,threshold,max_platoon_size,method,partition,number_of_platoons,ordering_variable_count,vehicle_level_ordering_variable_count,dimension_reduction_ratio,formation_time_ms,formation_repetitions,model_build_time_s,solve_time_s,end_to_end_time_s,status,objective,actual_optimality_gap,actual_gap_reference,terminal_mip_gap,node_count,partition_specific_upper_bound,scaled_partition_specific_upper_bound,rule_level_upper_bound,scaled_rule_level_upper_bound,np_optimal_objective,matching_chp_objective,pp_optimal_objective,D_NP,D_CHP,D_PP,bound_check_available,bound_valid,bound_slack,delay_order_check_available,np_pp_chp_delay_order_holds
2560400230500325425,0,16,4,"[4, 4, 4, 4]","[[5, 7, 8, 9], [5, 9, 9, 16], [1, 2, 2, 3], [6, 10, 11, 12]]",0.7,1,2,,1,NP,"[[1, 1, 1, 1], [1, 1, 1, 1], [1, 1, 1, 1], [1, 1, 1, 1]]",16,96,96,0.0,0.001137,20,0.014621631242334843,0.11722517013549805,0.13192903422234012,OPTIMAL,2.8125,0.0,np_gurobi_optimal,0.0,1143.0,0.0,0,0.0,0,2.8125,,,2.8125,,,False,,,False,
2560400230500325425,0,16,4,"[4, 4, 4, 4]","[[5, 7, 8, 9], [5, 9, 9, 16], [1, 2, 2, 3], [6, 10, 11, 12]]",0.7,1,2,2,,CHP,"[[4], [1, 2, 1], [4], [1, 3]]",7,17,96,0.8229166666666666,0.001502,20,0.004389054141938686,0.00425410270690918,0.008697204999830246,OPTIMAL,2.8125,0.0,np_gurobi_optimal,0.0,1.0,0.8125,13,12.1875,195,2.8125,,,2.8125,2.8125,,False,,,False,
2560400230500325425,0,16,4,"[4, 4, 4, 4]","[[5, 7, 8, 9], [5, 9, 9, 16], [1, 2, 2, 3], [6, 10, 11, 12]]",0.7,1,2,2,2,PP,"[[2, 2], [1, 2, 1], [2, 2], [1, 2, 1]]",10,37,96,0.6145833333333333,0.004076,20,0.004946436733007431,0.018967151641845703,0.02397488762780523,OPTIMAL,2.8125,0.0,np_gurobi_optimal,0.0,81.0,0.8125,13,6.5,104,2.8125,2.8125,2.8125,2.8125,2.8125,2.8125,True,True,6.5,True,True
2560400230500325425,0,16,4,"[4, 4, 4, 4]","[[5, 7, 8, 9], [5, 9, 9, 16], [1, 2, 2, 3], [6, 10, 11, 12]]",0.7,1,2,2,3,PP,"[[3, 1], [1, 2, 1], [3, 1], [1, 3]]",9,30,96,0.6875,0.0016175,20,0.004803460091352463,0.010926961898803711,0.015793125869147776,OPTIMAL,2.8125,0.0,np_gurobi_optimal,0.0,1.0,0.8125,13,8.125,130,2.8125,2.8125,2.8125,2.8125,2.8125,2.8125,True,True,8.125,True,True
2560400230500325425,0,16,4,"[4, 4, 4, 4]","[[5, 7, 8, 9], [5, 9, 9, 16], [1, 2, 2, 3], [6, 10, 11, 12]]",0.7,1,2,2,4,PP,"[[4], [1, 2, 1], [4], [1, 3]]",7,17,96,0.8229166666666666,0.003851,20,0.004031384363770485,0.0033669471740722656,0.007451027612913609,OPTIMAL,2.8125,0.0,np_gurobi_optimal,0.0,1.0,0.8125,13,9.75,156,2.8125,2.8125,2.8125,2.8125,2.8125,2.8125,True,True,9.75,True,True
2560400230500325425,0,16,4,"[4, 4, 4, 4]","[[5, 7, 8, 9], [5, 9, 9, 16], [1, 2, 2, 3], [6, 10, 11, 12]]",0.7,1,2,2,5,PP,"[[4], [1, 2, 1], [4], [1, 3]]",7,17,96,0.8229166666666666,0.0015725,20,0.0037839794531464577,0.003933906555175781,0.007769734094867706,OPTIMAL,2.8125,0.0,np_gurobi_optimal,0.0,1.0,0.8125,13,9.75,156,2.8125,2.8125,2.8125,2.8125,2.8125,2.8125,True,True,9.75,True,True
2560400230500325425,0,16,4,"[4, 4, 4, 4]","[[5, 7, 8, 9], [5, 9, 9, 16], [1, 2, 2, 3], [6, 10, 11, 12]]",0.7,1,2,3,,CHP,"[[4], [1, 2, 1], [4], [1, 3]]",7,17,96,0.8229166666666666,0.0036055,20,0.0043093543499708176,0.0037670135498046875,0.008128676913815022,OPTIMAL,2.8125,0.0,np_gurobi_optimal,0.0,1.0,0.8125,13,26.25,420,2.8125,,,2.8125,2.8125,,False,,,False,
2560400230500325425,0,16,4,"[4, 4, 4, 4]","[[5, 7, 8, 9], [5, 9, 9, 16], [1, 2, 2, 3], [6, 10, 11, 12]]",0.7,1,2,3,2,PP,"[[2, 2], [1, 2, 1], [2, 2], [1, 2, 1]]",10,37,96,0.6145833333333333,0.0016925,20,0.0048100296407938,0.01685190200805664,0.02171362965184927,OPTIMAL,2.8125,0.0,np_gurobi_optimal,0.0,81.0,0.8125,13,14.0,224,2.8125,2.8125,2.8125,2.8125,2.8125,2.8125,True,True,14.0,True,True
2560400230500325425,0,16,4,"[4, 4, 4, 4]","[[5, 7, 8, 9], [5, 9, 9, 16], [1, 2, 2, 3], [6, 10, 11, 12]]",0.7,1,2,3,3,PP,"[[3, 1], [1, 2, 1], [3, 1], [1, 3]]",9,30,96,0.6875,0.001503,20,0.004693705588579178,0.010142803192138672,0.014907934548297405,OPTIMAL,2.8125,0.0,np_gurobi_optimal,0.0,1.0,0.8125,13,17.5,280,2.8125,2.8125,2.8125,2.8125,2.8125,2.8125,True,True,17.5,True,True
2560400230500325425,0,16,4,"[4, 4, 4, 4]","[[5, 7, 8, 9], [5, 9, 9, 16], [1, 2, 2, 3], [6, 10, 11, 12]]",0.7,1,2,3,4,PP,"[[4], [1, 2, 1], [4], [1, 3]]",7,17,96,0.8229166666666666,0.003705,20,0.005559362471103668,0.003554105758666992,0.009172093321995735,OPTIMAL,2.8125,0.0,np_gurobi_optimal,0.0,1.0,0.8125,13,21.0,336,2.8125,2.8125,2.8125,2.8125,2.8125,2.8125,True,True,21.0,True,True
2560400230500325425,0,16,4,"[4, 4, 4, 4]","[[5, 7, 8, 9], [5, 9, 9, 16], [1, 2, 2, 3], [6, 10, 11, 12]]",0.7,1,2,3,5,PP,"[[4], [1, 2, 1], [4], [1, 3]]",7,17,96,0.8229166666666666,0.003741,20,0.00456815492361784,0.003679990768432617,0.008303064730170727,OPTIMAL,2.8125,0.0,np_gurobi_optimal,0.0,1.0,0.8125,13,21.0,336,2.8125,2.8125,2.8125,2.8125,2.8125,2.8125,True,True,21.0,True,True
2560400230500325425,0,16,4,"[4, 4, 4, 4]","[[5, 7, 8, 9], [5, 9, 9, 16], [1, 2, 2, 3], [6, 10, 11, 12]]",0.7,1,2,4,,CHP,"[[4], [3, 1], [4], [4]]",5,9,96,0.90625,0.001933,20,0.0037872139364480972,0.0017900466918945312,0.005628446622701168,OPTIMAL,2.8125,0.0,np_gurobi_optimal,0.0,1.0,6.1875,99,40.3125,645,2.8125,,,2.8125,2.8125,,False,,,False,
2560400230500325425,0,16,4,"[4, 4, 4, 4]","[[5, 7, 8, 9], [5, 9, 9, 16], [1, 2, 2, 3], [6, 10, 11, 12]]",0.7,1,2,4,2,PP,"[[2, 2], [2, 1, 1], [2, 2], [2, 2]]",9,30,96,0.6875,0.003816,20,0.004250724799931049,0.003946065902709961,0.008248607999459267,OPTIMAL,2.8125,0.0,np_gurobi_optimal,0.0,1.0,6.1875,99,21.5,344,2.8125,2.8125,2.8125,2.8125,2.8125,2.8125,True,True,21.5,True,True
2560400230500325425,0,16,4,"[4, 4, 4, 4]","[[5, 7, 8, 9], [5, 9, 9, 16], [1, 2, 2, 3], [6, 10, 11, 12]]",0.7,1,2,4,3,PP,"[[3, 1], [3, 1], [3, 1], [3, 1]]",8,24,96,0.75,0.0015525,20,0.004088991321623325,0.0034928321838378906,0.007632506065239906,OPTIMAL,2.8125,0.0,np_gurobi_optimal,0.0,1.0,6.1875,99,26.875,430,2.8125,2.8125,2.8125,2.8125,2.8125,2.8125,True,True,26.875,True,True
2560400230500325425,0,16,4,"[4, 4, 4, 4]","[[5, 7, 8, 9], [5, 9, 9, 16], [1, 2, 2, 3], [6, 10, 11, 12]]",0.7,1,2,4,4,PP,"[[4], [3, 1], [4], [4]]",5,9,96,0.90625,0.0014925,20,0.00424222182482481,0.002090930938720703,0.006382867283813954,OPTIMAL,2.8125,0.0,np_gurobi_optimal,0.0,1.0,6.1875,99,32.25,516,2.8125,2.8125,2.8125,2.8125,2.8125,2.8125,True,True,32.25,True,True
2560400230500325425,0,16,4,"[4, 4, 4, 4]","[[5, 7, 8, 9], [5, 9, 9, 16], [1, 2, 2, 3], [6, 10, 11, 12]]",0.7,1,2,4,5,PP,"[[4], [3, 1], [4], [4]]",5,9,96,0.90625,0.001502,20,0.00445977970957756,0.0021898746490478516,0.006712043434586048,OPTIMAL,2.8125,0.0,np_gurobi_optimal,0.0,1.0,6.1875,99,32.25,516,2.8125,2.8125,2.8125,2.8125,2.8125,2.8125,True,True,32.25,True,True
4093044367343088416,1,16,4,"[4, 4, 4, 4]","[[1, 3, 4, 7], [4, 6, 6, 8], [4, 5, 5, 6], [5, 5, 6, 9]]",0.7,1,2,,1,NP,"[[1, 1, 1, 1], [1, 1, 1, 1], [1, 1, 1, 1], [1, 1, 1, 1]]",16,96,96,0.0,0.0015475,20,0.007253442890942097,1.4559669494628906,1.4632799938465213,OPTIMAL,5.9375,0.0,np_gurobi_optimal,0.0,39182.0,0.0,0,0.0,0,5.9375,,,5.9375,,,False,,,False,
4093044367343088416,1,16,4,"[4, 4, 4, 4]","[[1, 3, 4, 7], [4, 6, 6, 8], [4, 5, 5, 6], [5, 5, 6, 9]]",0.7,1,2,2,,CHP,"[[3, 1], [4], [4], [3, 1]]",6,13,96,0.8645833333333334,0.001542,20,0.004442234523594379,0.006797075271606445,0.011295682480458737,OPTIMAL,5.9375,0.0,np_gurobi_optimal,0.0,1.0,2.3125,37,12.1875,195,5.9375,,,5.9375,5.9375,,False,,,False,
4093044367343088416,1,16,4,"[4, 4, 4, 4]","[[1, 3, 4, 7], [4, 6, 6, 8], [4, 5, 5, 6], [5, 5, 6, 9]]",0.7,1,2,2,2,PP,"[[2, 1, 1], [2, 2], [2, 2], [2, 1, 1]]",10,37,96,0.6145833333333333,0.0016125,20,0.004820956848561764,0.06568598747253418,0.07057560459588766,OPTIMAL,5.9375,0.0,np_gurobi_optimal,0.0,1125.0,2.3125,37,6.5,104,5.9375,5.9375,5.9375,5.9375,5.9375,5.9375,True,True,6.5,True,True
4093044367343088416,1,16,4,"[4, 4, 4, 4]","[[1, 3, 4, 7], [4, 6, 6, 8], [4, 5, 5, 6], [5, 5, 6, 9]]",0.7,1,2,2,3,PP,"[[3, 1], [3, 1], [3, 1], [3, 1]]",8,24,96,0.75,0.001643,20,0.003955738618969917,0.020389080047607422,0.024402714481406688,OPTIMAL,5.9375,0.0,np_gurobi_optimal,0.0,215.0,1.625,26,8.125,130,5.9375,5.9375,5.9375,5.9375,5.9375,5.9375,True,True,8.125,True,True
4093044367343088416,1,16,4,"[4, 4, 4, 4]","[[1, 3, 4, 7], [4, 6, 6, 8], [4, 5, 5, 6], [5, 5, 6, 9]]",0.7,1,2,2,4,PP,"[[3, 1], [4], [4], [3, 1]]",6,13,96,0.8645833333333334,0.0037805,20,0.00385394599288702,0.006402015686035156,0.010310258046691894,OPTIMAL,5.9375,0.0,np_gurobi_optimal,0.0,1.0,2.3125,37,9.75,156,5.9375,5.9375,5.9375,5.9375,5.9375,5.9375,True,True,9.75,True,True
4093044367343088416,1,16,4,"[4, 4, 4, 4]","[[1, 3, 4, 7], [4, 6, 6, 8], [4, 5, 5, 6], [5, 5, 6, 9]]",0.7,1,2,2,5,PP,"[[3, 1], [4], [4], [3, 1]]",6,13,96,0.8645833333333334,0.003806,20,0.004084903746843338,0.006186008453369141,0.010322983061319351,OPTIMAL,5.9375,0.0,np_gurobi_optimal,0.0,1.0,2.3125,37,9.75,156,5.9375,5.9375,5.9375,5.9375,5.9375,5.9375,True,True,9.75,True,True
4093044367343088416,1,16,4,"[4, 4, 4, 4]","[[1, 3, 4, 7], [4, 6, 6, 8], [4, 5, 5, 6], [5, 5, 6, 9]]",0.7,1,2,3,,CHP,"[[4], [4], [4], [4]]",4,6,96,0.9375,0.0014075,20,0.003552960231900215,0.0024459362030029297,0.006048388119430542,OPTIMAL,7.3125,1.375,np_gurobi_optimal,0.0,1.0,5.3125,85,26.25,420,5.9375,,,5.9375,7.3125,,False,,,False,
4093044367343088416,1,16,4,"[4, 4, 4, 4]","[[1, 3, 4, 7], [4, 6, 6, 8], [4, 5, 5, 6], [5, 5, 6, 9]]",0.7,1,2,3,2,PP,"[[2, 2], [2, 2], [2, 2], [2, 2]]",8,24,96,0.75,0.003836,20,0.004108419641852379,0.026946067810058594,0.031109461443160534,OPTIMAL,6.1875,0.25,np_gurobi_optimal,0.0,429.0,5.3125,85,14.0,224,5.9375,7.3125,6.1875,5.9375,7.3125,6.1875,True,True,13.75,True,True
4093044367343088416,1,16,4,"[4, 4, 4, 4]","[[1, 3, 4, 7], [4, 6, 6, 8], [4, 5, 5, 6], [5, 5, 6, 9]]",0.7,1,2,3,3,PP,"[[3, 1], [3, 1], [3, 1], [3, 1]]",8,24,96,0.75,0.0037955,20,0.0043591586872935295,0.021232128143310547,0.025661087024112225,OPTIMAL,5.9375,0.0,np_gurobi_optimal,0.0,215.0,1.625,26,17.5,280,5.9375,7.3125,5.9375,5.9375,7.3125,5.9375,True,True,17.5,True,True
4093044367343088416,1,16,4,"[4, 4, 4, 4]","[[1, 3, 4, 7], [4, 6, 6, 8], [4, 5, 5, 6], [5, 5, 6, 9]]",0.7,1,2,3,4,PP,"[[4], [4], [4], [4]]",4,6,96,0.9375,0.001502,20,0.0037758667021989822,0.0029108524322509766,0.0067370634155530925,OPTIMAL,7.3125,1.375,np_gurobi_optimal,0.0,1.0,5.3125,85,21.0,336,5.9375,7.3125,7.3125,5.9375,7.3125,7.3125,True,True,19.625,True,True
4093044367343088416,1,16,4,"[4, 4, 4, 4]","[[1, 3, 4, 7], [4, 6, 6, 8], [4, 5, 5, 6], [5, 5, 6, 9]]",0.7,1,2,3,5,PP,"[[4], [4], [4], [4]]",4,6,96,0.9375,0.002664,20,0.004935599863529205,0.003014087677001953,0.008017218157853126,OPTIMAL,7.3125,1.375,np_gurobi_optimal,0.0,1.0,5.3125,85,21.0,336,5.9375,7.3125,7.3125,5.9375,7.3125,7.3125,True,True,19.625,True,True
4093044367343088416,1,16,4,"[4, 4, 4, 4]","[[1, 3, 4, 7], [4, 6, 6, 8], [4, 5, 5, 6], [5, 5, 6, 9]]",0.7,1,2,4,,CHP,"[[4], [4], [4], [4]]",4,6,96,0.9375,0.001998,20,0.0045752860605716705,0.0029141902923583984,0.0075561258347373005,OPTIMAL,7.3125,1.375,np_gurobi_optimal,0.0,1.0,5.3125,85,40.3125,645,5.9375,,,5.9375,7.3125,,False,,,False,
4093044367343088416,1,16,4,"[4, 4, 4, 4]","[[1, 3, 4, 7], [4, 6, 6, 8], [4, 5, 5, 6], [5, 5, 6, 9]]",0.7,1,2,4,2,PP,"[[2, 2], [2, 2], [2, 2], [2, 2]]",8,24,96,0.75,0.002684,20,0.0053482335060834885,0.02696084976196289,0.032364077794417384,OPTIMAL,6.1875,0.25,np_gurobi_optimal,0.0,429.0,5.3125,85,21.5,344,5.9375,7.3125,6.1875,5.9375,7.3125,6.1875,True,True,21.25,True,True
4093044367343088416,1,16,4,"[4, 4, 4, 4]","[[1, 3, 4, 7], [4, 6, 6, 8], [4, 5, 5, 6], [5, 5, 6, 9]]",0.7,1,2,4,3,PP,"[[3, 1], [3, 1], [3, 1], [3, 1]]",8,24,96,0.75,0.0015425,20,0.0041711051017045975,0.018465042114257812,0.022690266600589752,OPTIMAL,5.9375,0.0,np_gurobi_optimal,0.0,215.0,1.625,26,26.875,430,5.9375,7.3125,5.9375,5.9375,7.3125,5.9375,True,True,26.875,True,True
4093044367343088416,1,16,4,"[4, 4, 4, 4]","[[1, 3, 4, 7], [4, 6, 6, 8], [4, 5, 5, 6], [5, 5, 6, 9]]",0.7,1,2,4,4,PP,"[[4], [4], [4], [4]]",4,6,96,0.9375,0.001497,20,0.003744739107787609,0.004848003387451172,0.008643097608825683,OPTIMAL,7.3125,1.375,np_gurobi_optimal,0.0,1.0,5.3125,85,32.25,516,5.9375,7.3125,7.3125,5.9375,7.3125,7.3125,True,True,30.875,True,True
4093044367343088416,1,16,4,"[4, 4, 4, 4]","[[1, 3, 4, 7], [4, 6, 6, 8], [4, 5, 5, 6], [5, 5, 6, 9]]",0.7,1,2,4,5,PP,"[[4], [4], [4], [4]]",4,6,96,0.9375,0.003921,20,0.003756638616323471,0.0022890567779541016,0.006098012571867466,OPTIMAL,7.3125,1.375,np_gurobi_optimal,0.0,1.0,5.3125,85,32.25,516,5.9375,7.3125,7.3125,5.9375,7.3125,7.3125,True,True,30.875,True,True
8198348605161259877,2,16,4,"[4, 4, 4, 4]","[[0, 2, 3, 5], [1, 1, 2, 2], [1, 2, 2, 2], [3, 3, 3, 5]]",0.7,1,2,,1,NP,"[[1, 1, 1, 1], [1, 1, 1, 1], [1, 1, 1, 1], [1, 1, 1, 1]]",16,96,96,0.0,0.001122,20,0.0055881161242723465,1.487333059310913,1.4929898937589736,OPTIMAL,7.4375,0.0,np_gurobi_optimal,0.0,24303.0,0.0,0,0.0,0,7.4375,,,7.4375,,,False,,,False,
8198348605161259877,2,16,4,"[4, 4, 4, 4]","[[0, 2, 3, 5], [1, 1, 2, 2], [1, 2, 2, 2], [3, 3, 3, 5]]",0.7,1,2,2,,CHP,"[[4], [4], [4], [4]]",4,6,96,0.9375,0.002629,20,0.006609490141272545,0.003741025924682617,0.01045673980121994,OPTIMAL,7.6875,0.25,np_gurobi_optimal,0.0,1.0,2.1875,35,12.1875,195,7.4375,,,7.4375,7.6875,,False,,,False,
8198348605161259877,2,16,4,"[4, 4, 4, 4]","[[0, 2, 3, 5], [1, 1, 2, 2], [1, 2, 2, 2], [3, 3, 3, 5]]",0.7,1,2,2,2,PP,"[[2, 2], [2, 2], [2, 2], [2, 2]]",8,24,96,0.75,0.002083,20,0.006048711948096752,0.0560760498046875,0.062239934321697235,OPTIMAL,7.6875,0.25,np_gurobi_optimal,0.0,929.0,2.1875,35,6.5,104,7.4375,7.6875,7.6875,7.4375,7.6875,7.6875,True,True,6.25,True,True
8198348605161259877,2,16,4,"[4, 4, 4, 4]","[[0, 2, 3, 5], [1, 1, 2, 2], [1, 2, 2, 2], [3, 3, 3, 5]]",0.7,1,2,2,3,PP,"[[3, 1], [3, 1], [3, 1], [3, 1]]",8,24,96,0.75,0.002769,20,0.005997084081172943,0.02825307846069336,0.034337245105868816,OPTIMAL,7.6875,0.25,np_gurobi_optimal,0.0,394.0,0.8125,13,8.125,130,7.4375,7.6875,7.6875,7.4375,7.6875,7.6875,True,True,7.875,True,True
8198348605161259877,2,16,4,"[4, 4, 4, 4]","[[0, 2, 3, 5], [1, 1, 2, 2], [1, 2, 2, 2], [3, 3, 3, 5]]",0.7,1,2,2,4,PP,"[[4], [4], [4], [4]]",4,6,96,0.9375,0.002083,20,0.005565292201936245,0.003484964370727539,0.009145091850514889,OPTIMAL,7.6875,0.25,np_gurobi_optimal,0.0,1.0,2.1875,35,9.75,156,7.4375,7.6875,7.6875,7.4375,7.6875,7.6875,True,True,9.5,True,True
8198348605161259877,2,16,4,"[4, 4, 4, 4]","[[0, 2, 3, 5], [1, 1, 2, 2], [1, 2, 2, 2], [3, 3, 3, 5]]",0.7,1,2,2,5,PP,"[[4], [4], [4], [4]]",4,6,96,0.9375,0.002634,20,0.006153159774839878,0.0034818649291992188,0.009728393737193584,OPTIMAL,7.6875,0.25,np_gurobi_optimal,0.0,1.0,2.1875,35,9.75,156,7.4375,7.6875,7.6875,7.4375,7.6875,7.6875,True,True,9.5,True,True
8198348605161259877,2,16,4,"[4, 4, 4, 4]","[[0, 2, 3, 5], [1, 1, 2, 2], [1, 2, 2, 2], [3, 3, 3, 5]]",0.7,1,2,3,,CHP,"[[4], [4], [4], [4]]",4,6,96,0.9375,0.001923,20,0.004964705556631088,0.003019094467163086,0.008056548242948531,OPTIMAL,7.6875,0.25,np_gurobi_optimal,0.0,1.0,2.1875,35,26.25,420,7.4375,,,7.4375,7.6875,,False,,,False,
8198348605161259877,2,16,4,"[4, 4, 4, 4]","[[0, 2, 3, 5], [1, 1, 2, 2], [1, 2, 2, 2], [3, 3, 3, 5]]",0.7,1,2,3,2,PP,"[[2, 2], [2, 2], [2, 2], [2, 2]]",8,24,96,0.75,0.002624,20,0.0068173836916685104,0.048922061920166016,0.05583818768947029,OPTIMAL,7.6875,0.25,np_gurobi_optimal,0.0,929.0,2.1875,35,14.0,224,7.4375,7.6875,7.6875,7.4375,7.6875,7.6875,True,True,13.75,True,True
8198348605161259877,2,16,4,"[4, 4, 4, 4]","[[0, 2, 3, 5], [1, 1, 2, 2], [1, 2, 2, 2], [3, 3, 3, 5]]",0.7,1,2,3,3,PP,"[[3, 1], [3, 1], [3, 1], [3, 1]]",8,24,96,0.75,0.001563,20,0.005475956946611404,0.022101879119873047,0.02764577722034502,OPTIMAL,7.6875,0.25,np_gurobi_optimal,0.0,394.0,0.8125,13,17.5,280,7.4375,7.6875,7.6875,7.4375,7.6875,7.6875,True,True,17.25,True,True
8198348605161259877,2,16,4,"[4, 4, 4, 4]","[[0, 2, 3, 5], [1, 1, 2, 2], [1, 2, 2, 2], [3, 3, 3, 5]]",0.7,1,2,3,4,PP,"[[4], [4], [4], [4]]",4,6,96,0.9375,0.001497,20,0.004403917118906975,0.0023131370544433594,0.006774343914827823,OPTIMAL,7.6875,0.25,np_gurobi_optimal,0.0,1.0,2.1875,35,21.0,336,7.4375,7.6875,7.6875,7.4375,7.6875,7.6875,True,True,20.75,True,True
8198348605161259877,2,16,4,"[4, 4, 4, 4]","[[0, 2, 3, 5], [1, 1, 2, 2], [1, 2, 2, 2], [3, 3, 3, 5]]",0.7,1,2,3,5,PP,"[[4], [4], [4], [4]]",4,6,96,0.9375,0.0015075,20,0.004220959730446339,0.002740144729614258,0.007017161385900974,OPTIMAL,7.6875,0.25,np_gurobi_optimal,0.0,1.0,2.1875,35,21.0,336,7.4375,7.6875,7.6875,7.4375,7.6875,7.6875,True,True,20.75,True,True
8198348605161259877,2,16,4,"[4, 4, 4, 4]","[[0, 2, 3, 5], [1, 1, 2, 2], [1, 2, 2, 2], [3, 3, 3, 5]]",0.7,1,2,4,,CHP,"[[4], [4], [4], [4]]",4,6,96,0.9375,0.0015025,20,0.004430507309734821,0.0024971961975097656,0.006986400389196873,OPTIMAL,7.6875,0.25,np_gurobi_optimal,0.0,1.0,2.1875,35,40.3125,645,7.4375,,,7.4375,7.6875,,False,,,False,
8198348605161259877,2,16,4,"[4, 4, 4, 4]","[[0, 2, 3, 5], [1, 1, 2, 2], [1, 2, 2, 2], [3, 3, 3, 5]]",0.7,1,2,4,2,PP,"[[2, 2], [2, 2], [2, 2], [2, 2]]",8,24,96,0.75,0.0015375,20,0.004477477632462978,0.04553699493408203,0.05009226862159968,OPTIMAL,7.6875,0.25,np_gurobi_optimal,0.0,929.0,2.1875,35,21.5,344,7.4375,7.6875,7.6875,7.4375,7.6875,7.6875,True,True,21.25,True,True
8198348605161259877,2,16,4,"[4, 4, 4, 4]","[[0, 2, 3, 5], [1, 1, 2, 2], [1, 2, 2, 2], [3, 3, 3, 5]]",0.7,1,2,4,3,PP,"[[3, 1], [3, 1], [3, 1], [3, 1]]",8,24,96,0.75,0.002674,20,0.0048270458355546,0.022502899169921875,0.027389679276978017,OPTIMAL,7.6875,0.25,np_gurobi_optimal,0.0,394.0,0.8125,13,26.875,430,7.4375,7.6875,7.6875,7.4375,7.6875,7.6875,True,True,26.625,True,True
8198348605161259877,2,16,4,"[4, 4, 4, 4]","[[0, 2, 3, 5], [1, 1, 2, 2], [1, 2, 2, 2], [3, 3, 3, 5]]",0.7,1,2,4,4,PP,"[[4], [4], [4], [4]]",4,6,96,0.9375,0.001562,20,0.004206507466733456,0.002727985382080078,0.0069864896915192605,OPTIMAL,7.6875,0.25,np_gurobi_optimal,0.0,1.0,2.1875,35,32.25,516,7.4375,7.6875,7.6875,7.4375,7.6875,7.6875,True,True,32.0,True,True
8198348605161259877,2,16,4,"[4, 4, 4, 4]","[[0, 2, 3, 5], [1, 1, 2, 2], [1, 2, 2, 2], [3, 3, 3, 5]]",0.7,1,2,4,5,PP,"[[4], [4], [4], [4]]",4,6,96,0.9375,0.003715,20,0.0046119410544633865,0.0023651123046875,0.007034150837805271,OPTIMAL,7.6875,0.25,np_gurobi_optimal,0.0,1.0,2.1875,35,32.25,516,7.4375,7.6875,7.6875,7.4375,7.6875,7.6875,True,True,32.0,True,True
14383608067046586585,3,16,4,"[4, 4, 4, 4]","[[1, 3, 4, 5], [2, 3, 4, 4], [2, 4, 4, 5], [3, 4, 5, 5]]",0.7,1,2,,1,NP,"[[1, 1, 1, 1], [1, 1, 1, 1], [1, 1, 1, 1], [1, 1, 1, 1]]",16,96,96,0.0,0.0029045,20,0.006864224560558796,2.284693956375122,2.291622687767379,OPTIMAL,7.125,0.0,np_gurobi_optimal,0.0,55807.0,0.0,0,0.0,0,7.125,,,7.125,,,False,,,False,
14383608067046586585,3,16,4,"[4, 4, 4, 4]","[[1, 3, 4, 5], [2, 3, 4, 4], [2, 4, 4, 5], [3, 4, 5, 5]]",0.7,1,2,2,,CHP,"[[4], [4], [4], [4]]",4,6,96,0.9375,0.0036805,20,0.004731522873044014,0.0026929378509521484,0.007485950278847695,OPTIMAL,7.3125,0.1875,np_gurobi_optimal,0.0,1.0,1.625,26,12.1875,195,7.125,,,7.125,7.3125,,False,,,False,
14383608067046586585,3,16,4,"[4, 4, 4, 4]","[[1, 3, 4, 5], [2, 3, 4, 4], [2, 4, 4, 5], [3, 4, 5, 5]]",0.7,1,2,2,2,PP,"[[2, 2], [2, 2], [2, 2], [2, 2]]",8,24,96,0.75,0.0041565,20,0.004622096195816994,0.03267407417297363,0.03735624347617054,OPTIMAL,7.3125,0.1875,np_gurobi_optimal,0.0,653.0,1.625,26,6.5,104,7.125,7.3125,7.3125,7.125,7.3125,7.3125,True,True,6.3125,True,True
14383608067046586585,3,16,4,"[4, 4, 4, 4]","[[1, 3, 4, 5], [2, 3, 4, 4], [2, 4, 4, 5], [3, 4, 5, 5]]",0.7,1,2,2,3,PP,"[[3, 1], [3, 1], [3, 1], [3, 1]]",8,24,96,0.75,0.004096,20,0.00466541200876236,0.02349996566772461,0.02822847761820173,OPTIMAL,7.3125,0.1875,np_gurobi_optimal,0.0,352.0,1.625,26,8.125,130,7.125,7.3125,7.3125,7.125,7.3125,7.3125,True,True,7.9375,True,True
14383608067046586585,3,16,4,"[4, 4, 4, 4]","[[1, 3, 4, 5], [2, 3, 4, 4], [2, 4, 4, 5], [3, 4, 5, 5]]",0.7,1,2,2,4,PP,"[[4], [4], [4], [4]]",4,6,96,0.9375,0.001628,20,0.0041645243763923645,0.002405881881713867,0.006630667533436298,OPTIMAL,7.3125,0.1875,np_gurobi_optimal,0.0,1.0,1.625,26,9.75,156,7.125,7.3125,7.3125,7.125,7.3125,7.3125,True,True,9.5625,True,True
14383608067046586585,3,16,4,"[4, 4, 4, 4]","[[1, 3, 4, 5], [2, 3, 4, 4], [2, 4, 4, 5], [3, 4, 5, 5]]",0.7,1,2,2,5,PP,"[[4], [4], [4], [4]]",4,6,96,0.9375,0.0016475,20,0.004106435924768448,0.0023670196533203125,0.00652852280964613,OPTIMAL,7.3125,0.1875,np_gurobi_optimal,0.0,1.0,1.625,26,9.75,156,7.125,7.3125,7.3125,7.125,7.3125,7.3125,True,True,9.5625,True,True
14383608067046586585,3,16,4,"[4, 4, 4, 4]","[[1, 3, 4, 5], [2, 3, 4, 4], [2, 4, 4, 5], [3, 4, 5, 5]]",0.7,1,2,3,,CHP,"[[4], [4], [4], [4]]",4,6,96,0.9375,0.002028,20,0.005599113181233406,0.0030438899993896484,0.00871544848048973,OPTIMAL,7.3125,0.1875,np_gurobi_optimal,0.0,1.0,1.625,26,26.25,420,7.125,,,7.125,7.3125,,False,,,False,
14383608067046586585,3,16,4,"[4, 4, 4, 4]","[[1, 3, 4, 5], [2, 3, 4, 4], [2, 4, 4, 5], [3, 4, 5, 5]]",0.7,1,2,3,2,PP,"[[2, 2], [2, 2], [2, 2], [2, 2]]",8,24,96,0.75,0.0021835,20,0.005296975374221802,0.03559708595275879,0.040968493107028964,OPTIMAL,7.3125,0.1875,np_gurobi_optimal,0.0,653.0,1.625,26,14.0,224,7.125,7.3125,7.3125,7.125,7.3125,7.3125,True,True,13.8125,True,True
14383608067046586585,3,16,4,"[4, 4, 4, 4]","[[1, 3, 4, 5], [2, 3, 4, 4], [2, 4, 4, 5], [3, 4, 5, 5]]",0.7,1,2,3,3,PP,"[[3, 1], [3, 1], [3, 1], [3, 1]]",8,24,96,0.75,0.004016,20,0.004930051974952221,0.028522014617919922,0.03351406580504513,OPTIMAL,7.3125,0.1875,np_gurobi_optimal,0.0,352.0,1.625,26,17.5,280,7.125,7.3125,7.3125,7.125,7.3125,7.3125,True,True,17.3125,True,True
14383608067046586585,3,16,4,"[4, 4, 4, 4]","[[1, 3, 4, 5], [2, 3, 4, 4], [2, 4, 4, 5], [3, 4, 5, 5]]",0.7,1,2,3,4,PP,"[[4], [4], [4], [4]]",4,6,96,0.9375,0.001703,20,0.004324215464293957,0.002833127975463867,0.0072112098171620365,OPTIMAL,7.3125,0.1875,np_gurobi_optimal,0.0,1.0,1.625,26,21.0,336,7.125,7.3125,7.3125,7.125,7.3125,7.3125,True,True,20.8125,True,True
14383608067046586585,3,16,4,"[4, 4, 4, 4]","[[1, 3, 4, 5], [2, 3, 4, 4], [2, 4, 4, 5], [3, 4, 5, 5]]",0.7,1,2,3,5,PP,"[[4], [4], [4], [4]]",4,6,96,0.9375,0.001673,20,0.004563677124679089,0.0024421215057373047,0.007058999845824718,OPTIMAL,7.3125,0.1875,np_gurobi_optimal,0.0,1.0,1.625,26,21.0,336,7.125,7.3125,7.3125,7.125,7.3125,7.3125,True,True,20.8125,True,True
14383608067046586585,3,16,4,"[4, 4, 4, 4]","[[1, 3, 4, 5], [2, 3, 4, 4], [2, 4, 4, 5], [3, 4, 5, 5]]",0.7,1,2,4,,CHP,"[[4], [4], [4], [4]]",4,6,96,0.9375,0.0015175,20,0.003694494254887104,0.002044200897216797,0.005789555984752178,OPTIMAL,7.3125,0.1875,np_gurobi_optimal,0.0,1.0,1.625,26,40.3125,645,7.125,,,7.125,7.3125,,False,,,False,
14383608067046586585,3,16,4,"[4, 4, 4, 4]","[[1, 3, 4, 5], [2, 3, 4, 4], [2, 4, 4, 5], [3, 4, 5, 5]]",0.7,1,2,4,2,PP,"[[2, 2], [2, 2], [2, 2], [2, 2]]",8,24,96,0.75,0.0038705,20,0.004159006290137768,0.03154611587524414,0.035761747432621005,OPTIMAL,7.3125,0.1875,np_gurobi_optimal,0.0,653.0,1.625,26,21.5,344,7.125,7.3125,7.3125,7.125,7.3125,7.3125,True,True,21.3125,True,True
14383608067046586585,3,16,4,"[4, 4, 4, 4]","[[1, 3, 4, 5], [2, 3, 4, 4], [2, 4, 4, 5], [3, 4, 5, 5]]",0.7,1,2,4,3,PP,"[[3, 1], [3, 1], [3, 1], [3, 1]]",8,24,96,0.75,0.004081,20,0.004671982489526272,0.02500605583190918,0.029737411942690372,OPTIMAL,7.3125,0.1875,np_gurobi_optimal,0.0,352.0,1.625,26,26.875,430,7.125,7.3125,7.3125,7.125,7.3125,7.3125,True,True,26.6875,True,True
14383608067046586585,3,16,4,"[4, 4, 4, 4]","[[1, 3, 4, 5], [2, 3, 4, 4], [2, 4, 4, 5], [3, 4, 5, 5]]",0.7,1,2,4,4,PP,"[[4], [4], [4], [4]]",4,6,96,0.9375,0.003941,20,0.003951062448322773,0.002307891845703125,0.00631325842489338,OPTIMAL,7.3125,0.1875,np_gurobi_optimal,0.0,1.0,1.625,26,32.25,516,7.125,7.3125,7.3125,7.125,7.3125,7.3125,True,True,32.0625,True,True
14383608067046586585,3,16,4,"[4, 4, 4, 4]","[[1, 3, 4, 5], [2, 3, 4, 4], [2, 4, 4, 5], [3, 4, 5, 5]]",0.7,1,2,4,5,PP,"[[4], [4], [4], [4]]",4,6,96,0.9375,0.0015975,20,0.0037622060626745224,0.0024690628051757812,0.006282560809109211,OPTIMAL,7.3125,0.1875,np_gurobi_optimal,0.0,1.0,1.625,26,32.25,516,7.125,7.3125,7.3125,7.125,7.3125,7.3125,True,True,32.0625,True,True
2067523213873510002,4,16,4,"[4, 4, 4, 4]","[[1, 1, 1, 4], [1, 2, 3, 3], [2, 2, 3, 5], [2, 2, 7, 8]]",0.7,1,2,,1,NP,"[[1, 1, 1, 1], [1, 1, 1, 1], [1, 1, 1, 1], [1, 1, 1, 1]]",16,96,96,0.0,0.0028495,20,0.005903243087232113,1.2591969966888428,1.2651641113938088,OPTIMAL,7.0625,0.0,np_gurobi_optimal,0.0,22534.0,0.0,0,0.0,0,7.0625,,,7.0625,,,False,,,False,
2067523213873510002,4,16,4,"[4, 4, 4, 4]","[[1, 1, 1, 4], [1, 2, 3, 3], [2, 2, 3, 5], [2, 2, 7, 8]]",0.7,1,2,2,,CHP,"[[3, 1], [4], [4], [2, 2]]",6,13,96,0.8645833333333334,0.0015175,20,0.004735417664051056,0.017342805862426758,0.022135372649149894,OPTIMAL,7.0625,0.0,np_gurobi_optimal,0.0,100.0,0.6875,11,12.1875,195,7.0625,,,7.0625,7.0625,,False,,,False,
2067523213873510002,4,16,4,"[4, 4, 4, 4]","[[1, 1, 1, 4], [1, 2, 3, 3], [2, 2, 3, 5], [2, 2, 7, 8]]",0.7,1,2,2,2,PP,"[[2, 1, 1], [2, 2], [2, 2], [2, 2]]",9,30,96,0.6875,0.003861,20,0.004711161367595196,0.07334494590759277,0.07811368230467891,OPTIMAL,7.0625,0.0,np_gurobi_optimal,0.0,1036.0,0.6875,11,6.5,104,7.0625,7.0625,7.0625,7.0625,7.0625,7.0625,True,True,6.5,True,True
2067523213873510002,4,16,4,"[4, 4, 4, 4]","[[1, 1, 1, 4], [1, 2, 3, 3], [2, 2, 3, 5], [2, 2, 7, 8]]",0.7,1,2,2,3,PP,"[[3, 1], [3, 1], [3, 1], [2, 2]]",8,24,96,0.75,0.0015475,20,0.0057906825095415115,0.03367805480957031,0.039541581287488935,OPTIMAL,7.0625,0.0,np_gurobi_optimal,0.0,360.0,0.0,0,8.125,130,7.0625,7.0625,7.0625,7.0625,7.0625,7.0625,True,True,8.125,True,True
2067523213873510002,4,16,4,"[4, 4, 4, 4]","[[1, 1, 1, 4], [1, 2, 3, 3], [2, 2, 3, 5], [2, 2, 7, 8]]",0.7,1,2,2,4,PP,"[[3, 1], [4], [4], [2, 2]]",6,13,96,0.8645833333333334,0.003926,20,0.004260568879544735,0.017364978790283203,0.021681541121006967,OPTIMAL,7.0625,0.0,np_gurobi_optimal,0.0,100.0,0.6875,11,9.75,156,7.0625,7.0625,7.0625,7.0625,7.0625,7.0625,True,True,9.75,True,True
2067523213873510002,4,16,4,"[4, 4, 4, 4]","[[1, 1, 1, 4], [1, 2, 3, 3], [2, 2, 3, 5], [2, 2, 7, 8]]",0.7,1,2,2,5,PP,"[[3, 1], [4], [4], [2, 2]]",6,13,96,0.8645833333333334,0.0015325,20,0.0048171523958444595,0.01729416847229004,0.0221653436397624,OPTIMAL,7.0625,0.0,np_gurobi_optimal,0.0,100.0,0.6875,11,9.75,156,7.0625,7.0625,7.0625,7.0625,7.0625,7.0625,True,True,9.75,True,True
2067523213873510002,4,16,4,"[4, 4, 4, 4]","[[1, 1, 1, 4], [1, 2, 3, 3], [2, 2, 3, 5], [2, 2, 7, 8]]",0.7,1,2,3,,CHP,"[[4], [4], [4], [2, 2]]",5,9,96,0.90625,0.003821,20,0.004495524801313877,0.006078958511352539,0.01063004207565403,OPTIMAL,7.0625,0.0,np_gurobi_optimal,0.0,1.0,2.1875,35,26.25,420,7.0625,,,7.0625,7.0625,,False,,,False,
2067523213873510002,4,16,4,"[4, 4, 4, 4]","[[1, 1, 1, 4], [1, 2, 3, 3], [2, 2, 3, 5], [2, 2, 7, 8]]",0.7,1,2,3,2,PP,"[[2, 2], [2, 2], [2, 2], [2, 2]]",8,24,96,0.75,0.004241,20,0.004235320724546909,0.04676103591918945,0.05105405090290642,OPTIMAL,7.0625,0.0,np_gurobi_optimal,0.0,997.0,2.1875,35,14.0,224,7.0625,7.0625,7.0625,7.0625,7.0625,7.0625,True,True,14.0,True,True
2067523213873510002,4,16,4,"[4, 4, 4, 4]","[[1, 1, 1, 4], [1, 2, 3, 3], [2, 2, 3, 5], [2, 2, 7, 8]]",0.7,1,2,3,3,PP,"[[3, 1], [3, 1], [3, 1], [2, 2]]",8,24,96,0.75,0.0016425,20,0.004448804073035717,0.02991199493408203,0.03442064730538607,OPTIMAL,7.0625,0.0,np_gurobi_optimal,0.0,360.0,0.0,0,17.5,280,7.0625,7.0625,7.0625,7.0625,7.0625,7.0625,True,True,17.5,True,True
2067523213873510002,4,16,4,"[4, 4, 4, 4]","[[1, 1, 1, 4], [1, 2, 3, 3], [2, 2, 3, 5], [2, 2, 7, 8]]",0.7,1,2,3,4,PP,"[[4], [4], [4], [2, 2]]",5,9,96,0.90625,0.0016625,20,0.004358877427875996,0.006036996841430664,0.010456464342570304,OPTIMAL,7.0625,0.0,np_gurobi_optimal,0.0,1.0,2.1875,35,21.0,336,7.0625,7.0625,7.0625,7.0625,7.0625,7.0625,True,True,21.0,True,True
2067523213873510002,4,16,4,"[4, 4, 4, 4]","[[1, 1, 1, 4], [1, 2, 3, 3], [2, 2, 3, 5], [2, 2, 7, 8]]",0.7,1,2,3,5,PP,"[[4], [4], [4], [2, 2]]",5,9,96,0.90625,0.0015425,20,0.003940626047551632,0.005761146545410156,0.009753432354669571,OPTIMAL,7.0625,0.0,np_gurobi_optimal,0.0,1.0,2.1875,35,21.0,336,7.0625,7.0625,7.0625,7.0625,7.0625,7.0625,True,True,21.0,True,True
2067523213873510002,4,16,4,"[4, 4, 4, 4]","[[1, 1, 1, 4], [1, 2, 3, 3], [2, 2, 3, 5], [2, 2, 7, 8]]",0.7,1,2,4,,CHP,"[[4], [4], [4], [2, 2]]",5,9,96,0.90625,0.0037155,20,0.0043389080092310905,0.005503177642822266,0.009919352352383613,OPTIMAL,7.0625,0.0,np_gurobi_optimal,0.0,1.0,2.1875,35,40.3125,645,7.0625,,,7.0625,7.0625,,False,,,False,
2067523213873510002,4,16,4,"[4, 4, 4, 4]","[[1, 1, 1, 4], [1, 2, 3, 3], [2, 2, 3, 5], [2, 2, 7, 8]]",0.7,1,2,4,2,PP,"[[2, 2], [2, 2], [2, 2], [2, 2]]",8,24,96,0.75,0.004056,20,0.004962269216775894,0.04583001136779785,0.0508582099311409,OPTIMAL,7.0625,0.0,np_gurobi_optimal,0.0,997.0,2.1875,35,21.5,344,7.0625,7.0625,7.0625,7.0625,7.0625,7.0625,True,True,21.5,True,True
2067523213873510002,4,16,4,"[4, 4, 4, 4]","[[1, 1, 1, 4], [1, 2, 3, 3], [2, 2, 3, 5], [2, 2, 7, 8]]",0.7,1,2,4,3,PP,"[[3, 1], [3, 1], [3, 1], [2, 2]]",8,24,96,0.75,0.001623,20,0.004979797638952732,0.029561996459960938,0.03460718848088789,OPTIMAL,7.0625,0.0,np_gurobi_optimal,0.0,360.0,0.0,0,26.875,430,7.0625,7.0625,7.0625,7.0625,7.0625,7.0625,True,True,26.875,True,True
2067523213873510002,4,16,4,"[4, 4, 4, 4]","[[1, 1, 1, 4], [1, 2, 3, 3], [2, 2, 3, 5], [2, 2, 7, 8]]",0.7,1,2,4,4,PP,"[[4], [4], [4], [2, 2]]",5,9,96,0.90625,0.001657,20,0.004374542273581028,0.004530906677246094,0.008962991824562073,OPTIMAL,7.0625,0.0,np_gurobi_optimal,0.0,1.0,2.1875,35,32.25,516,7.0625,7.0625,7.0625,7.0625,7.0625,7.0625,True,True,32.25,True,True
2067523213873510002,4,16,4,"[4, 4, 4, 4]","[[1, 1, 1, 4], [1, 2, 3, 3], [2, 2, 3, 5], [2, 2, 7, 8]]",0.7,1,2,4,5,PP,"[[4], [4], [4], [2, 2]]",5,9,96,0.90625,0.002864,20,0.005930835381150246,0.006089925765991211,0.012105828334189892,OPTIMAL,7.0625,0.0,np_gurobi_optimal,0.0,1.0,2.1875,35,32.25,516,7.0625,7.0625,7.0625,7.0625,7.0625,7.0625,True,True,32.25,True,True
10775641524001713461,5,16,4,"[4, 4, 4, 4]","[[1, 2, 2, 2], [1, 5, 8, 9], [3, 5, 5, 7], [7, 8, 9, 10]]",0.7,1,2,,1,NP,"[[1, 1, 1, 1], [1, 1, 1, 1], [1, 1, 1, 1], [1, 1, 1, 1]]",16,96,96,0.0,0.001652,20,0.007017406634986401,0.6020429134368896,0.6091263087666531,OPTIMAL,4.75,0.0,np_gurobi_optimal,0.0,18439.0,0.0,0,0.0,0,4.75,,,4.75,,,False,,,False,
10775641524001713461,5,16,4,"[4, 4, 4, 4]","[[1, 2, 2, 2], [1, 5, 8, 9], [3, 5, 5, 7], [7, 8, 9, 10]]",0.7,1,2,2,,CHP,"[[4], [1, 1, 2], [4], [4]]",6,12,96,0.875,0.0015525,20,0.004740234464406967,0.005170106887817383,0.009976439163258076,OPTIMAL,4.75,0.0,np_gurobi_optimal,0.0,1.0,1.5,24,12.1875,195,4.75,,,4.75,4.75,,False,,,False,
10775641524001713461,5,16,4,"[4, 4, 4, 4]","[[1, 2, 2, 2], [1, 5, 8, 9], [3, 5, 5, 7], [7, 8, 9, 10]]",0.7,1,2,2,2,PP,"[[2, 2], [1, 1, 2], [2, 2], [2, 2]]",9,30,96,0.6875,0.0041215,20,0.00462772510945797,0.028989076614379883,0.03367801888559723,OPTIMAL,4.75,0.0,np_gurobi_optimal,0.0,396.0,1.5,24,6.5,104,4.75,4.75,4.75,4.75,4.75,4.75,True,True,6.5,True,True
10775641524001713461,5,16,4,"[4, 4, 4, 4]","[[1, 2, 2, 2], [1, 5, 8, 9], [3, 5, 5, 7], [7, 8, 9, 10]]",0.7,1,2,2,3,PP,"[[3, 1], [1, 1, 2], [3, 1], [3, 1]]",9,30,96,0.6875,0.0029545,20,0.005320532247424126,0.02384495735168457,0.029227897869626998,OPTIMAL,4.75,0.0,np_gurobi_optimal,0.0,314.0,0.8125,13,8.125,130,4.75,4.75,4.75,4.75,4.75,4.75,True,True,8.125,True,True
10775641524001713461,5,16,4,"[4, 4, 4, 4]","[[1, 2, 2, 2], [1, 5, 8, 9], [3, 5, 5, 7], [7, 8, 9, 10]]",0.7,1,2,2,4,PP,"[[4], [1, 1, 2], [4], [4]]",6,12,96,0.875,0.001523,20,0.004140187986195087,0.004023075103759766,0.008216469836233139,OPTIMAL,4.75,0.0,np_gurobi_optimal,0.0,1.0,1.5,24,9.75,156,4.75,4.75,4.75,4.75,4.75,4.75,True,True,9.75,True,True
10775641524001713461,5,16,4,"[4, 4, 4, 4]","[[1, 2, 2, 2], [1, 5, 8, 9], [3, 5, 5, 7], [7, 8, 9, 10]]",0.7,1,2,2,5,PP,"[[4], [1, 1, 2], [4], [4]]",6,12,96,0.875,0.001532,20,0.0040330057963728905,0.004408121109008789,0.008492415745253086,OPTIMAL,4.75,0.0,np_gurobi_optimal,0.0,1.0,1.5,24,9.75,156,4.75,4.75,4.75,4.75,4.75,4.75,True,True,9.75,True,True
10775641524001713461,5,16,4,"[4, 4, 4, 4]","[[1, 2, 2, 2], [1, 5, 8, 9], [3, 5, 5, 7], [7, 8, 9, 10]]",0.7,1,2,3,,CHP,"[[4], [1, 3], [4], [4]]",5,9,96,0.90625,0.0015775,20,0.004144074395298958,0.0035419464111328125,0.007739974025382995,OPTIMAL,4.75,0.0,np_gurobi_optimal,0.0,1.0,3.125,50,26.25,420,4.75,,,4.75,4.75,,False,,,False,
10775641524001713461,5,16,4,"[4, 4, 4, 4]","[[1, 2, 2, 2], [1, 5, 8, 9], [3, 5, 5, 7], [7, 8, 9, 10]]",0.7,1,2,3,2,PP,"[[2, 2], [1, 2, 1], [2, 2], [2, 2]]",9,30,96,0.6875,0.0015975,20,0.004939495585858822,0.023104190826416016,0.028101009598526953,OPTIMAL,4.75,0.0,np_gurobi_optimal,0.0,284.0,3.125,50,14.0,224,4.75,4.75,4.75,4.75,4.75,4.75,True,True,14.0,True,True
10775641524001713461,5,16,4,"[4, 4, 4, 4]","[[1, 2, 2, 2], [1, 5, 8, 9], [3, 5, 5, 7], [7, 8, 9, 10]]",0.7,1,2,3,3,PP,"[[3, 1], [1, 3], [3, 1], [3, 1]]",8,24,96,0.75,0.001517,20,0.004196071997284889,0.01856517791748047,0.02282541512171459,OPTIMAL,4.75,0.0,np_gurobi_optimal,0.0,196.0,2.4375,39,17.5,280,4.75,4.75,4.75,4.75,4.75,4.75,True,True,17.5,True,True
10775641524001713461,5,16,4,"[4, 4, 4, 4]","[[1, 2, 2, 2], [1, 5, 8, 9], [3, 5, 5, 7], [7, 8, 9, 10]]",0.7,1,2,3,4,PP,"[[4], [1, 3], [4], [4]]",5,9,96,0.90625,0.0015125,20,0.003734956495463848,0.0036199092864990234,0.007413526097786427,OPTIMAL,4.75,0.0,np_gurobi_optimal,0.0,1.0,3.125,50,21.0,336,4.75,4.75,4.75,4.75,4.75,4.75,True,True,21.0,True,True
10775641524001713461,5,16,4,"[4, 4, 4, 4]","[[1, 2, 2, 2], [1, 5, 8, 9], [3, 5, 5, 7], [7, 8, 9, 10]]",0.7,1,2,3,5,PP,"[[4], [1, 3], [4], [4]]",5,9,96,0.90625,0.001603,20,0.0037160255014896393,0.0037491321563720703,0.00751658082766819,OPTIMAL,4.75,0.0,np_gurobi_optimal,0.0,1.0,3.125,50,21.0,336,4.75,4.75,4.75,4.75,4.75,4.75,True,True,21.0,True,True
10775641524001713461,5,16,4,"[4, 4, 4, 4]","[[1, 2, 2, 2], [1, 5, 8, 9], [3, 5, 5, 7], [7, 8, 9, 10]]",0.7,1,2,4,,CHP,"[[4], [4], [4], [4]]",4,6,96,0.9375,0.004001,20,0.0038420772179961205,0.0019199848175048828,0.005821554028464317,OPTIMAL,4.75,0.0,np_gurobi_optimal,0.0,1.0,5.8125,93,40.3125,645,4.75,,,4.75,4.75,,False,,,False,
10775641524001713461,5,16,4,"[4, 4, 4, 4]","[[1, 2, 2, 2], [1, 5, 8, 9], [3, 5, 5, 7], [7, 8, 9, 10]]",0.7,1,2,4,2,PP,"[[2, 2], [2, 2], [2, 2], [2, 2]]",8,24,96,0.75,0.004241,20,0.004292488098144531,0.018913984298706055,0.02326233474451637,OPTIMAL,4.75,0.0,np_gurobi_optimal,0.0,209.0,4.1875,67,21.5,344,4.75,4.75,4.75,4.75,4.75,4.75,True,True,21.5,True,True
10775641524001713461,5,16,4,"[4, 4, 4, 4]","[[1, 2, 2, 2], [1, 5, 8, 9], [3, 5, 5, 7], [7, 8, 9, 10]]",0.7,1,2,4,3,PP,"[[3, 1], [3, 1], [3, 1], [3, 1]]",8,24,96,0.75,0.001592,20,0.004191274754703045,0.017448902130126953,0.021694229354135515,OPTIMAL,4.75,0.0,np_gurobi_optimal,0.0,90.0,5.125,82,26.875,430,4.75,4.75,4.75,4.75,4.75,4.75,True,True,26.875,True,True
10775641524001713461,5,16,4,"[4, 4, 4, 4]","[[1, 2, 2, 2], [1, 5, 8, 9], [3, 5, 5, 7], [7, 8, 9, 10]]",0.7,1,2,4,4,PP,"[[4], [4], [4], [4]]",4,6,96,0.9375,0.003836,20,0.004368833266198635,0.0017321109771728516,0.006157116846774578,OPTIMAL,4.75,0.0,np_gurobi_optimal,0.0,1.0,5.8125,93,32.25,516,4.75,4.75,4.75,4.75,4.75,4.75,True,True,32.25,True,True
10775641524001713461,5,16,4,"[4, 4, 4, 4]","[[1, 2, 2, 2], [1, 5, 8, 9], [3, 5, 5, 7], [7, 8, 9, 10]]",0.7,1,2,4,5,PP,"[[4], [4], [4], [4]]",4,6,96,0.9375,0.001622,20,0.00459820032119751,0.0025708675384521484,0.007234223754367351,OPTIMAL,4.75,0.0,np_gurobi_optimal,0.0,1.0,5.8125,93,32.25,516,4.75,4.75,4.75,4.75,4.75,4.75,True,True,32.25,True,True
11717860872216846769,6,16,4,"[4, 4, 4, 4]","[[0, 2, 2, 2], [3, 3, 9, 10], [0, 0, 2, 3], [2, 6, 8, 12]]",0.7,1,2,,1,NP,"[[1, 1, 1, 1], [1, 1, 1, 1], [1, 1, 1, 1], [1, 1, 1, 1]]",16,96,96,0.0,0.003,20,0.006242094561457634,0.6792349815368652,0.6855463015152812,OPTIMAL,5.0,0.0,np_gurobi_optimal,0.0,21228.0,0.0,0,0.0,0,5.0,,,5.0,,,False,,,False,
11717860872216846769,6,16,4,"[4, 4, 4, 4]","[[0, 2, 2, 2], [3, 3, 9, 10], [0, 0, 2, 3], [2, 6, 8, 12]]",0.7,1,2,2,,CHP,"[[4], [2, 2], [4], [1, 2, 1]]",7,17,96,0.8229166666666666,0.0015625,20,0.0049142977222800255,0.013570070266723633,0.018549557515978813,OPTIMAL,5.0,0.0,np_gurobi_optimal,0.0,85.0,2.3125,37,12.1875,195,5.0,,,5.0,5.0,,False,,,False,
11717860872216846769,6,16,4,"[4, 4, 4, 4]","[[0, 2, 2, 2], [3, 3, 9, 10], [0, 0, 2, 3], [2, 6, 8, 12]]",0.7,1,2,2,2,PP,"[[2, 2], [2, 2], [2, 2], [1, 2, 1]]",9,30,96,0.6875,0.001652,20,0.005052387714385986,0.055175065994262695,0.060295695272733686,OPTIMAL,5.0,0.0,np_gurobi_optimal,0.0,577.0,1.5625,25,6.5,104,5.0,5.0,5.0,5.0,5.0,5.0,True,True,6.5,True,True
11717860872216846769,6,16,4,"[4, 4, 4, 4]","[[0, 2, 2, 2], [3, 3, 9, 10], [0, 0, 2, 3], [2, 6, 8, 12]]",0.7,1,2,2,3,PP,"[[3, 1], [2, 2], [3, 1], [1, 2, 1]]",9,30,96,0.6875,0.0022985,20,0.005836191587150097,0.028645992279052734,0.03455160930341339,OPTIMAL,5.0,0.0,np_gurobi_optimal,0.0,325.0,2.3125,37,8.125,130,5.0,5.0,5.0,5.0,5.0,5.0,True,True,8.125,True,True
11717860872216846769,6,16,4,"[4, 4, 4, 4]","[[0, 2, 2, 2], [3, 3, 9, 10], [0, 0, 2, 3], [2, 6, 8, 12]]",0.7,1,2,2,4,PP,"[[4], [2, 2], [4], [1, 2, 1]]",7,17,96,0.8229166666666666,0.002268,20,0.005833357572555542,0.01466989517211914,0.020591949342244148,OPTIMAL,5.0,0.0,np_gurobi_optimal,0.0,85.0,2.3125,37,9.75,156,5.0,5.0,5.0,5.0,5.0,5.0,True,True,9.75,True,True
11717860872216846769,6,16,4,"[4, 4, 4, 4]","[[0, 2, 2, 2], [3, 3, 9, 10], [0, 0, 2, 3], [2, 6, 8, 12]]",0.7,1,2,2,5,PP,"[[4], [2, 2], [4], [1, 2, 1]]",7,17,96,0.8229166666666666,0.0015275,20,0.004494532942771912,0.012952089309692383,0.017505013514902593,OPTIMAL,5.0,0.0,np_gurobi_optimal,0.0,85.0,2.3125,37,9.75,156,5.0,5.0,5.0,5.0,5.0,5.0,True,True,9.75,True,True
11717860872216846769,6,16,4,"[4, 4, 4, 4]","[[0, 2, 2, 2], [3, 3, 9, 10], [0, 0, 2, 3], [2, 6, 8, 12]]",0.7,1,2,3,,CHP,"[[4], [2, 2], [4], [1, 2, 1]]",7,17,96,0.8229166666666666,0.0015475,20,0.005034368485212326,0.013290166854858398,0.018388157352313996,OPTIMAL,5.0,0.0,np_gurobi_optimal,0.0,85.0,2.3125,37,26.25,420,5.0,,,5.0,5.0,,False,,,False,
11717860872216846769,6,16,4,"[4, 4, 4, 4]","[[0, 2, 2, 2], [3, 3, 9, 10], [0, 0, 2, 3], [2, 6, 8, 12]]",0.7,1,2,3,2,PP,"[[2, 2], [2, 2], [2, 2], [1, 2, 1]]",9,30,96,0.6875,0.001673,20,0.004829159006476402,0.052049875259399414,0.05694724374457407,OPTIMAL,5.0,0.0,np_gurobi_optimal,0.0,577.0,1.5625,25,14.0,224,5.0,5.0,5.0,5.0,5.0,5.0,True,True,14.0,True,True
11717860872216846769,6,16,4,"[4, 4, 4, 4]","[[0, 2, 2, 2], [3, 3, 9, 10], [0, 0, 2, 3], [2, 6, 8, 12]]",0.7,1,2,3,3,PP,"[[3, 1], [2, 2], [3, 1], [1, 2, 1]]",9,30,96,0.6875,0.001603,20,0.005396576598286629,0.028142929077148438,0.033605083085730555,OPTIMAL,5.0,0.0,np_gurobi_optimal,0.0,325.0,2.3125,37,17.5,280,5.0,5.0,5.0,5.0,5.0,5.0,True,True,17.5,True,True
11717860872216846769,6,16,4,"[4, 4, 4, 4]","[[0, 2, 2, 2], [3, 3, 9, 10], [0, 0, 2, 3], [2, 6, 8, 12]]",0.7,1,2,3,4,PP,"[[4], [2, 2], [4], [1, 2, 1]]",7,17,96,0.8229166666666666,0.0015325,20,0.004429144784808159,0.013875961303710938,0.018359760296852587,OPTIMAL,5.0,0.0,np_gurobi_optimal,0.0,85.0,2.3125,37,21.0,336,5.0,5.0,5.0,5.0,5.0,5.0,True,True,21.0,True,True
11717860872216846769,6,16,4,"[4, 4, 4, 4]","[[0, 2, 2, 2], [3, 3, 9, 10], [0, 0, 2, 3], [2, 6, 8, 12]]",0.7,1,2,3,5,PP,"[[4], [2, 2], [4], [1, 2, 1]]",7,17,96,0.8229166666666666,0.0015875,20,0.004502726718783379,0.014507055282592773,0.019095297497832776,OPTIMAL,5.0,0.0,np_gurobi_optimal,0.0,85.0,2.3125,37,21.0,336,5.0,5.0,5.0,5.0,5.0,5.0,True,True,21.0,True,True
11717860872216846769,6,16,4,"[4, 4, 4, 4]","[[0, 2, 2, 2], [3, 3, 9, 10], [0, 0, 2, 3], [2, 6, 8, 12]]",0.7,1,2,4,,CHP,"[[4], [2, 2], [4], [4]]",5,9,96,0.90625,0.002729,20,0.00625999178737402,0.003939151763916016,0.010291830861417293,OPTIMAL,5.0,0.0,np_gurobi_optimal,0.0,1.0,7.3125,117,40.3125,645,5.0,,,5.0,5.0,,False,,,False,
11717860872216846769,6,16,4,"[4, 4, 4, 4]","[[0, 2, 2, 2], [3, 3, 9, 10], [0, 0, 2, 3], [2, 6, 8, 12]]",0.7,1,2,4,2,PP,"[[2, 2], [2, 2], [2, 2], [2, 2]]",8,24,96,0.75,0.002769,20,0.00678078830242157,0.029855012893676758,0.03672828729367876,OPTIMAL,5.0,0.0,np_gurobi_optimal,0.0,272.0,5.8125,93,21.5,344,5.0,5.0,5.0,5.0,5.0,5.0,True,True,21.5,True,True
11717860872216846769,6,16,4,"[4, 4, 4, 4]","[[0, 2, 2, 2], [3, 3, 9, 10], [0, 0, 2, 3], [2, 6, 8, 12]]",0.7,1,2,4,3,PP,"[[3, 1], [2, 2], [3, 1], [3, 1]]",8,24,96,0.75,0.0022685,20,0.005733666010200977,0.020414113998413086,0.02622159829673147,OPTIMAL,5.0,0.0,np_gurobi_optimal,0.0,125.0,5.0,80,26.875,430,5.0,5.0,5.0,5.0,5.0,5.0,True,True,26.875,True,True
11717860872216846769,6,16,4,"[4, 4, 4, 4]","[[0, 2, 2, 2], [3, 3, 9, 10], [0, 0, 2, 3], [2, 6, 8, 12]]",0.7,1,2,4,4,PP,"[[4], [2, 2], [4], [4]]",5,9,96,0.90625,0.0021835,20,0.005765434354543686,0.00360107421875,0.009439016240902902,OPTIMAL,5.0,0.0,np_gurobi_optimal,0.0,1.0,7.3125,117,32.25,516,5.0,5.0,5.0,5.0,5.0,5.0,True,True,32.25,True,True
11717860872216846769,6,16,4,"[4, 4, 4, 4]","[[0, 2, 2, 2], [3, 3, 9, 10], [0, 0, 2, 3], [2, 6, 8, 12]]",0.7,1,2,4,5,PP,"[[4], [2, 2], [4], [4]]",5,9,96,0.90625,0.002233,20,0.004955589771270752,0.0034470558166503906,0.008471783870358945,OPTIMAL,5.0,0.0,np_gurobi_optimal,0.0,1.0,7.3125,117,32.25,516,5.0,5.0,5.0,5.0,5.0,5.0,True,True,32.25,True,True
8436509198792303678,7,16,4,"[4, 4, 4, 4]","[[2, 3, 6, 7], [4, 5, 7, 7], [2, 5, 5, 5], [2, 3, 4, 11]]",0.7,1,2,,1,NP,"[[1, 1, 1, 1], [1, 1, 1, 1], [1, 1, 1, 1], [1, 1, 1, 1]]",16,96,96,0.0,0.001693,20,0.00815620832145214,3.77878999710083,3.787036914233964,OPTIMAL,6.375,0.0,np_gurobi_optimal,0.0,65636.0,0.0,0,0.0,0,6.375,,,6.375,,,False,,,False,
8436509198792303678,7,16,4,"[4, 4, 4, 4]","[[2, 3, 6, 7], [4, 5, 7, 7], [2, 5, 5, 5], [2, 3, 4, 11]]",0.7,1,2,2,,CHP,"[[2, 2], [4], [1, 3], [3, 1]]",7,18,96,0.8125,0.0021235,20,0.007146140560507774,0.03095388412475586,0.038210834461043834,OPTIMAL,6.375,0.0,np_gurobi_optimal,0.0,259.0,0.75,12,12.1875,195,6.375,,,6.375,6.375,,False,,,False,
8436509198792303678,7,16,4,"[4, 4, 4, 4]","[[2, 3, 6, 7], [4, 5, 7, 7], [2, 5, 5, 5], [2, 3, 4, 11]]",0.7,1,2,2,2,PP,"[[2, 2], [2, 2], [1, 2, 1], [2, 1, 1]]",10,37,96,0.6145833333333333,0.002789,20,0.0074472855776548386,0.11394786834716797,0.12149542166474009,OPTIMAL,6.375,0.0,np_gurobi_optimal,0.0,2566.0,0.0,0,6.5,104,6.375,6.375,6.375,6.375,6.375,6.375,True,True,6.5,True,True
8436509198792303678,7,16,4,"[4, 4, 4, 4]","[[2, 3, 6, 7], [4, 5, 7, 7], [2, 5, 5, 5], [2, 3, 4, 11]]",0.7,1,2,2,3,PP,"[[2, 2], [3, 1], [1, 3], [3, 1]]",8,24,96,0.75,0.002348,20,0.00613373052328825,0.04095101356506348,0.04719032081384468,OPTIMAL,6.375,0.0,np_gurobi_optimal,0.0,577.0,0.75,12,8.125,130,6.375,6.375,6.375,6.375,6.375,6.375,True,True,8.125,True,True
8436509198792303678,7,16,4,"[4, 4, 4, 4]","[[2, 3, 6, 7], [4, 5, 7, 7], [2, 5, 5, 5], [2, 3, 4, 11]]",0.7,1,2,2,4,PP,"[[2, 2], [4], [1, 3], [3, 1]]",7,18,96,0.8125,0.002744,20,0.00707373209297657,0.031171083450317383,0.03835619459633255,OPTIMAL,6.375,0.0,np_gurobi_optimal,0.0,259.0,0.75,12,9.75,156,6.375,6.375,6.375,6.375,6.375,6.375,True,True,9.75,True,True
8436509198792303678,7,16,4,"[4, 4, 4, 4]","[[2, 3, 6, 7], [4, 5, 7, 7], [2, 5, 5, 5], [2, 3, 4, 11]]",0.7,1,2,2,5,PP,"[[2, 2], [4], [1, 3], [3, 1]]",7,18,96,0.8125,0.002323,20,0.006393183022737503,0.02950596809387207,0.036004329381750105,OPTIMAL,6.375,0.0,np_gurobi_optimal,0.0,259.0,0.75,12,9.75,156,6.375,6.375,6.375,6.375,6.375,6.375,True,True,9.75,True,True
8436509198792303678,7,16,4,"[4, 4, 4, 4]","[[2, 3, 6, 7], [4, 5, 7, 7], [2, 5, 5, 5], [2, 3, 4, 11]]",0.7,1,2,3,,CHP,"[[4], [4], [4], [3, 1]]",5,9,96,0.90625,0.001913,20,0.005433651618659496,0.003986835479736328,0.009498486358774184,OPTIMAL,6.375,0.0,np_gurobi_optimal,0.0,1.0,4.125,66,26.25,420,6.375,,,6.375,6.375,,False,,,False,
8436509198792303678,7,16,4,"[4, 4, 4, 4]","[[2, 3, 6, 7], [4, 5, 7, 7], [2, 5, 5, 5], [2, 3, 4, 11]]",0.7,1,2,3,2,PP,"[[2, 2], [2, 2], [2, 2], [2, 1, 1]]",9,30,96,0.6875,0.0015825,20,0.0054168179631233215,0.05698895454406738,0.062478304092247486,OPTIMAL,6.375,0.0,np_gurobi_optimal,0.0,1133.0,1.75,28,14.0,224,6.375,6.375,6.375,6.375,6.375,6.375,True,True,14.0,True,True
8436509198792303678,7,16,4,"[4, 4, 4, 4]","[[2, 3, 6, 7], [4, 5, 7, 7], [2, 5, 5, 5], [2, 3, 4, 11]]",0.7,1,2,3,3,PP,"[[3, 1], [3, 1], [3, 1], [3, 1]]",8,24,96,0.75,0.002824,20,0.00665817316621542,0.023595094680786133,0.030332146442412375,OPTIMAL,6.375,0.0,np_gurobi_optimal,0.0,201.0,4.125,66,17.5,280,6.375,6.375,6.375,6.375,6.375,6.375,True,True,17.5,True,True
8436509198792303678,7,16,4,"[4, 4, 4, 4]","[[2, 3, 6, 7], [4, 5, 7, 7], [2, 5, 5, 5], [2, 3, 4, 11]]",0.7,1,2,3,4,PP,"[[4], [4], [4], [3, 1]]",5,9,96,0.90625,0.002824,20,0.0064088571816682816,0.004831075668334961,0.011328172168611527,OPTIMAL,6.375,0.0,np_gurobi_optimal,0.0,1.0,4.125,66,21.0,336,6.375,6.375,6.375,6.375,6.375,6.375,True,True,21.0,True,True
8436509198792303678,7,16,4,"[4, 4, 4, 4]","[[2, 3, 6, 7], [4, 5, 7, 7], [2, 5, 5, 5], [2, 3, 4, 11]]",0.7,1,2,3,5,PP,"[[4], [4], [4], [3, 1]]",5,9,96,0.90625,0.004366,20,0.004489284940063953,0.003944873809814453,0.00850004698783493,OPTIMAL,6.375,0.0,np_gurobi_optimal,0.0,1.0,4.125,66,21.0,336,6.375,6.375,6.375,6.375,6.375,6.375,True,True,21.0,True,True
8436509198792303678,7,16,4,"[4, 4, 4, 4]","[[2, 3, 6, 7], [4, 5, 7, 7], [2, 5, 5, 5], [2, 3, 4, 11]]",0.7,1,2,4,,CHP,"[[4], [4], [4], [3, 1]]",5,9,96,0.90625,0.001863,20,0.004628065042197704,0.004502058029174805,0.009192855452204227,OPTIMAL,6.375,0.0,np_gurobi_optimal,0.0,1.0,4.125,66,40.3125,645,6.375,,,6.375,6.375,,False,,,False,
8436509198792303678,7,16,4,"[4, 4, 4, 4]","[[2, 3, 6, 7], [4, 5, 7, 7], [2, 5, 5, 5], [2, 3, 4, 11]]",0.7,1,2,4,2,PP,"[[2, 2], [2, 2], [2, 2], [2, 1, 1]]",9,30,96,0.6875,0.0044615,20,0.0054016150534152985,0.05616903305053711,0.06164283724422359,OPTIMAL,6.375,0.0,np_gurobi_optimal,0.0,1133.0,1.75,28,21.5,344,6.375,6.375,6.375,6.375,6.375,6.375,True,True,21.5,True,True
8436509198792303678,7,16,4,"[4, 4, 4, 4]","[[2, 3, 6, 7], [4, 5, 7, 7], [2, 5, 5, 5], [2, 3, 4, 11]]",0.7,1,2,4,3,PP,"[[3, 1], [3, 1], [3, 1], [3, 1]]",8,24,96,0.75,0.0043265,20,0.0054386695846915245,0.028630971908569336,0.03413397217542076,OPTIMAL,6.375,0.0,np_gurobi_optimal,0.0,201.0,4.125,66,26.875,430,6.375,6.375,6.375,6.375,6.375,6.375,True,True,26.875,True,True
8436509198792303678,7,16,4,"[4, 4, 4, 4]","[[2, 3, 6, 7], [4, 5, 7, 7], [2, 5, 5, 5], [2, 3, 4, 11]]",0.7,1,2,4,4,PP,"[[4], [4], [4], [3, 1]]",5,9,96,0.90625,0.001583,20,0.00439238827675581,0.0044291019439697266,0.008881404747541427,OPTIMAL,6.375,0.0,np_gurobi_optimal,0.0,1.0,4.125,66,32.25,516,6.375,6.375,6.375,6.375,6.375,6.375,True,True,32.25,True,True
8436509198792303678,7,16,4,"[4, 4, 4, 4]","[[2, 3, 6, 7], [4, 5, 7, 7], [2, 5, 5, 5], [2, 3, 4, 11]]",0.7,1,2,4,5,PP,"[[4], [4], [4], [3, 1]]",5,9,96,0.90625,0.001623,20,0.004481042735278606,0.004415035247802734,0.008954264859650611,OPTIMAL,6.375,0.0,np_gurobi_optimal,0.0,1.0,4.125,66,32.25,516,6.375,6.375,6.375,6.375,6.375,6.375,True,True,32.25,True,True
13618751169649845724,8,16,4,"[4, 4, 4, 4]","[[3, 3, 3, 3], [5, 5, 6, 6], [3, 3, 5, 7], [3, 4, 5, 8]]",0.7,1,2,,1,NP,"[[1, 1, 1, 1], [1, 1, 1, 1], [1, 1, 1, 1], [1, 1, 1, 1]]",16,96,96,0.0,0.0031245,20,0.006828981451690197,2.1330981254577637,2.1400028103090163,OPTIMAL,7.5,0.0,np_gurobi_optimal,0.0,47536.0,0.0,0,0.0,0,7.5,,,7.5,,,False,,,False,
13618751169649845724,8,16,4,"[4, 4, 4, 4]","[[3, 3, 3, 3], [5, 5, 6, 6], [3, 3, 5, 7], [3, 4, 5, 8]]",0.7,1,2,2,,CHP,"[[4], [4], [4], [3, 1]]",5,9,96,0.90625,0.0028295,20,0.006532022729516029,0.01166987419128418,0.018296439342658042,OPTIMAL,7.5,0.0,np_gurobi_optimal,0.0,1.0,1.4375,23,12.1875,195,7.5,,,7.5,7.5,,False,,,False,
13618751169649845724,8,16,4,"[4, 4, 4, 4]","[[3, 3, 3, 3], [5, 5, 6, 6], [3, 3, 5, 7], [3, 4, 5, 8]]",0.7,1,2,2,2,PP,"[[2, 2], [2, 2], [2, 2], [2, 1, 1]]",9,30,96,0.6875,0.0028045,20,0.007177078165113926,0.06704998016357422,0.07432563072903585,OPTIMAL,7.5,0.0,np_gurobi_optimal,0.0,1123.0,0.6875,11,6.5,104,7.5,7.5,7.5,7.5,7.5,7.5,True,True,6.5,True,True
13618751169649845724,8,16,4,"[4, 4, 4, 4]","[[3, 3, 3, 3], [5, 5, 6, 6], [3, 3, 5, 7], [3, 4, 5, 8]]",0.7,1,2,2,3,PP,"[[3, 1], [3, 1], [3, 1], [3, 1]]",8,24,96,0.75,0.0017825,20,0.004707865417003632,0.030802011489868164,0.035577935115249155,OPTIMAL,7.5,0.0,np_gurobi_optimal,0.0,359.0,0.75,12,8.125,130,7.5,7.5,7.5,7.5,7.5,7.5,True,True,8.125,True,True
13618751169649845724,8,16,4,"[4, 4, 4, 4]","[[3, 3, 3, 3], [5, 5, 6, 6], [3, 3, 5, 7], [3, 4, 5, 8]]",0.7,1,2,2,4,PP,"[[4], [4], [4], [3, 1]]",5,9,96,0.90625,0.001582,20,0.004636097699403763,0.008446931838989258,0.01315474292222929,OPTIMAL,7.5,0.0,np_gurobi_optimal,0.0,1.0,1.4375,23,9.75,156,7.5,7.5,7.5,7.5,7.5,7.5,True,True,9.75,True,True
13618751169649845724,8,16,4,"[4, 4, 4, 4]","[[3, 3, 3, 3], [5, 5, 6, 6], [3, 3, 5, 7], [3, 4, 5, 8]]",0.7,1,2,2,5,PP,"[[4], [4], [4], [3, 1]]",5,9,96,0.90625,0.001723,20,0.004324857145547867,0.009079933166503906,0.013465292805026055,OPTIMAL,7.5,0.0,np_gurobi_optimal,0.0,1.0,1.4375,23,9.75,156,7.5,7.5,7.5,7.5,7.5,7.5,True,True,9.75,True,True
13618751169649845724,8,16,4,"[4, 4, 4, 4]","[[3, 3, 3, 3], [5, 5, 6, 6], [3, 3, 5, 7], [3, 4, 5, 8]]",0.7,1,2,3,,CHP,"[[4], [4], [4], [4]]",4,6,96,0.9375,0.001537,20,0.0041803885251283646,0.0031049251556396484,0.007338736524044991,OPTIMAL,7.5,0.0,np_gurobi_optimal,0.0,1.0,2.9375,47,26.25,420,7.5,,,7.5,7.5,,False,,,False,
13618751169649845724,8,16,4,"[4, 4, 4, 4]","[[3, 3, 3, 3], [5, 5, 6, 6], [3, 3, 5, 7], [3, 4, 5, 8]]",0.7,1,2,3,2,PP,"[[2, 2], [2, 2], [2, 2], [2, 2]]",8,24,96,0.75,0.002269,20,0.0064553068950772285,0.049269914627075195,0.055848960131591796,OPTIMAL,7.5,0.0,np_gurobi_optimal,0.0,752.0,2.1875,35,14.0,224,7.5,7.5,7.5,7.5,7.5,7.5,True,True,14.0,True,True
13618751169649845724,8,16,4,"[4, 4, 4, 4]","[[3, 3, 3, 3], [5, 5, 6, 6], [3, 3, 5, 7], [3, 4, 5, 8]]",0.7,1,2,3,3,PP,"[[3, 1], [3, 1], [3, 1], [3, 1]]",8,24,96,0.75,0.002634,20,0.006736402399837971,0.029902935028076172,0.03671792823445463,OPTIMAL,7.5,0.0,np_gurobi_optimal,0.0,359.0,0.75,12,17.5,280,7.5,7.5,7.5,7.5,7.5,7.5,True,True,17.5,True,True
13618751169649845724,8,16,4,"[4, 4, 4, 4]","[[3, 3, 3, 3], [5, 5, 6, 6], [3, 3, 5, 7], [3, 4, 5, 8]]",0.7,1,2,3,4,PP,"[[4], [4], [4], [4]]",4,6,96,0.9375,0.001562,20,0.004529156722128391,0.0031859874725341797,0.00777288822897625,OPTIMAL,7.5,0.0,np_gurobi_optimal,0.0,1.0,2.9375,47,21.0,336,7.5,7.5,7.5,7.5,7.5,7.5,True,True,21.0,True,True
13618751169649845724,8,16,4,"[4, 4, 4, 4]","[[3, 3, 3, 3], [5, 5, 6, 6], [3, 3, 5, 7], [3, 4, 5, 8]]",0.7,1,2,3,5,PP,"[[4], [4], [4], [4]]",4,6,96,0.9375,0.0038805,20,0.004705240949988365,0.0025730133056640625,0.007334420136313915,OPTIMAL,7.5,0.0,np_gurobi_optimal,0.0,1.0,2.9375,47,21.0,336,7.5,7.5,7.5,7.5,7.5,7.5,True,True,21.0,True,True
13618751169649845724,8,16,4,"[4, 4, 4, 4]","[[3, 3, 3, 3], [5, 5, 6, 6], [3, 3, 5, 7], [3, 4, 5, 8]]",0.7,1,2,4,,CHP,"[[4], [4], [4], [4]]",4,6,96,0.9375,0.001478,20,0.004339138977229595,0.0032739639282226562,0.007670409037187576,OPTIMAL,7.5,0.0,np_gurobi_optimal,0.0,1.0,2.9375,47,40.3125,645,7.5,,,7.5,7.5,,False,,,False,
13618751169649845724,8,16,4,"[4, 4, 4, 4]","[[3, 3, 3, 3], [5, 5, 6, 6], [3, 3, 5, 7], [3, 4, 5, 8]]",0.7,1,2,4,2,PP,"[[2, 2], [2, 2], [2, 2], [2, 2]]",8,24,96,0.75,0.0041315,20,0.004868798889219761,0.04688382148742676,0.05182296332376623,OPTIMAL,7.5,0.0,np_gurobi_optimal,0.0,752.0,2.1875,35,21.5,344,7.5,7.5,7.5,7.5,7.5,7.5,True,True,21.5,True,True
13618751169649845724,8,16,4,"[4, 4, 4, 4]","[[3, 3, 3, 3], [5, 5, 6, 6], [3, 3, 5, 7], [3, 4, 5, 8]]",0.7,1,2,4,3,PP,"[[3, 1], [3, 1], [3, 1], [3, 1]]",8,24,96,0.75,0.0015575,20,0.00482050608843565,0.03361392021179199,0.03850138872199774,OPTIMAL,7.5,0.0,np_gurobi_optimal,0.0,359.0,0.75,12,26.875,430,7.5,7.5,7.5,7.5,7.5,7.5,True,True,26.875,True,True
13618751169649845724,8,16,4,"[4, 4, 4, 4]","[[3, 3, 3, 3], [5, 5, 6, 6], [3, 3, 5, 7], [3, 4, 5, 8]]",0.7,1,2,4,4,PP,"[[4], [4], [4], [4]]",4,6,96,0.9375,0.0016125,20,0.004681626334786415,0.003404855728149414,0.008149147414314746,OPTIMAL,7.5,0.0,np_gurobi_optimal,0.0,1.0,2.9375,47,32.25,516,7.5,7.5,7.5,7.5,7.5,7.5,True,True,32.25,True,True
13618751169649845724,8,16,4,"[4, 4, 4, 4]","[[3, 3, 3, 3], [5, 5, 6, 6], [3, 3, 5, 7], [3, 4, 5, 8]]",0.7,1,2,4,5,PP,"[[4], [4], [4], [4]]",4,6,96,0.9375,0.0015975,20,0.004147538915276527,0.002546072006225586,0.006748595556769371,OPTIMAL,7.5,0.0,np_gurobi_optimal,0.0,1.0,2.9375,47,32.25,516,7.5,7.5,7.5,7.5,7.5,7.5,True,True,32.25,True,True
8974568562863423508,9,16,4,"[4, 4, 4, 4]","[[2, 4, 4, 5], [2, 3, 3, 3], [1, 5, 5, 5], [2, 5, 5, 9]]",0.7,1,2,,1,NP,"[[1, 1, 1, 1], [1, 1, 1, 1], [1, 1, 1, 1], [1, 1, 1, 1]]",16,96,96,0.0,0.0011965,20,0.006235185079276562,3.091557025909424,3.0978723408021893,OPTIMAL,6.8125,0.0,np_gurobi_optimal,0.0,55759.0,0.0,0,0.0,0,6.8125,,,6.8125,,,False,,,False,
8974568562863423508,9,16,4,"[4, 4, 4, 4]","[[2, 4, 4, 5], [2, 3, 3, 3], [1, 5, 5, 5], [2, 5, 5, 9]]",0.7,1,2,2,,CHP,"[[4], [4], [1, 3], [1, 2, 1]]",7,17,96,0.8229166666666666,0.002509,20,0.00657962542027235,0.02118396759033203,0.027858232164975644,OPTIMAL,6.8125,0.0,np_gurobi_optimal,0.0,170.0,0.8125,13,12.1875,195,6.8125,,,6.8125,6.8125,,False,,,False,
8974568562863423508,9,16,4,"[4, 4, 4, 4]","[[2, 4, 4, 5], [2, 3, 3, 3], [1, 5, 5, 5], [2, 5, 5, 9]]",0.7,1,2,2,2,PP,"[[2, 2], [2, 2], [1, 2, 1], [1, 2, 1]]",10,37,96,0.6145833333333333,0.002769,20,0.007552755996584892,0.10396981239318848,0.11163390631890917,OPTIMAL,6.8125,0.0,np_gurobi_optimal,0.0,1453.0,0.8125,13,6.5,104,6.8125,6.8125,6.8125,6.8125,6.8125,6.8125,True,True,6.5,True,True
8974568562863423508,9,16,4,"[4, 4, 4, 4]","[[2, 4, 4, 5], [2, 3, 3, 3], [1, 5, 5, 5], [2, 5, 5, 9]]",0.7,1,2,2,3,PP,"[[3, 1], [3, 1], [1, 3], [1, 2, 1]]",9,30,96,0.6875,0.002955,20,0.007508379407227039,0.04325699806213379,0.050868976774709224,OPTIMAL,6.8125,0.0,np_gurobi_optimal,0.0,555.0,0.8125,13,8.125,130,6.8125,6.8125,6.8125,6.8125,6.8125,6.8125,True,True,8.125,True,True
8974568562863423508,9,16,4,"[4, 4, 4, 4]","[[2, 4, 4, 5], [2, 3, 3, 3], [1, 5, 5, 5], [2, 5, 5, 9]]",0.7,1,2,2,4,PP,"[[4], [4], [1, 3], [1, 2, 1]]",7,17,96,0.8229166666666666,0.002824,20,0.006650811992585659,0.02090001106262207,0.027643692909657,OPTIMAL,6.8125,0.0,np_gurobi_optimal,0.0,170.0,0.8125,13,9.75,156,6.8125,6.8125,6.8125,6.8125,6.8125,6.8125,True,True,9.75,True,True
8974568562863423508,9,16,4,"[4, 4, 4, 4]","[[2, 4, 4, 5], [2, 3, 3, 3], [1, 5, 5, 5], [2, 5, 5, 9]]",0.7,1,2,2,5,PP,"[[4], [4], [1, 3], [1, 2, 1]]",7,17,96,0.8229166666666666,0.002629,20,0.006881541572511196,0.02487778663635254,0.03186400687997722,OPTIMAL,6.8125,0.0,np_gurobi_optimal,0.0,170.0,0.8125,13,9.75,156,6.8125,6.8125,6.8125,6.8125,6.8125,6.8125,True,True,9.75,True,True
8974568562863423508,9,16,4,"[4, 4, 4, 4]","[[2, 4, 4, 5], [2, 3, 3, 3], [1, 5, 5, 5], [2, 5, 5, 9]]",0.7,1,2,3,,CHP,"[[4], [4], [1, 3], [3, 1]]",6,13,96,0.8645833333333334,0.0025835,20,0.007081012241542339,0.018687963485717773,0.025871031928809643,OPTIMAL,6.8125,0.0,np_gurobi_optimal,0.0,75.0,2.5625,41,26.25,420,6.8125,,,6.8125,6.8125,,False,,,False,
8974568562863423508,9,16,4,"[4, 4, 4, 4]","[[2, 4, 4, 5], [2, 3, 3, 3], [1, 5, 5, 5], [2, 5, 5, 9]]",0.7,1,2,3,2,PP,"[[2, 2], [2, 2], [1, 2, 1], [2, 1, 1]]",10,37,96,0.6145833333333333,0.002103,20,0.006100610829889774,0.08722090721130371,0.09340924497605849,OPTIMAL,6.8125,0.0,np_gurobi_optimal,0.0,1160.0,2.5625,41,14.0,224,6.8125,6.8125,6.8125,6.8125,6.8125,6.8125,True,True,14.0,True,True
8974568562863423508,9,16,4,"[4, 4, 4, 4]","[[2, 4, 4, 5], [2, 3, 3, 3], [1, 5, 5, 5], [2, 5, 5, 9]]",0.7,1,2,3,3,PP,"[[3, 1], [3, 1], [1, 3], [3, 1]]",8,24,96,0.75,0.002779,20,0.006155794486403465,0.0302579402923584,0.036498451538876535,OPTIMAL,6.8125,0.0,np_gurobi_optimal,0.0,285.0,2.5625,41,17.5,280,6.8125,6.8125,6.8125,6.8125,6.8125,6.8125,True,True,17.5,True,True
8974568562863423508,9,16,4,"[4, 4, 4, 4]","[[2, 4, 4, 5], [2, 3, 3, 3], [1, 5, 5, 5], [2, 5, 5, 9]]",0.7,1,2,3,4,PP,"[[4], [4], [1, 3], [3, 1]]",6,13,96,0.8645833333333334,0.002814,20,0.006898636929690838,0.019973039627075195,0.026980930482496262,OPTIMAL,6.8125,0.0,np_gurobi_optimal,0.0,75.0,2.5625,41,21.0,336,6.8125,6.8125,6.8125,6.8125,6.8125,6.8125,True,True,21.0,True,True
8974568562863423508,9,16,4,"[4, 4, 4, 4]","[[2, 4, 4, 5], [2, 3, 3, 3], [1, 5, 5, 5], [2, 5, 5, 9]]",0.7,1,2,3,5,PP,"[[4], [4], [1, 3], [3, 1]]",6,13,96,0.8645833333333334,0.002689,20,0.006583761423826218,0.014503955841064453,0.021177544530261994,OPTIMAL,6.8125,0.0,np_gurobi_optimal,0.0,75.0,2.5625,41,21.0,336,6.8125,6.8125,6.8125,6.8125,6.8125,6.8125,True,True,21.0,True,True
8974568562863423508,9,16,4,"[4, 4, 4, 4]","[[2, 4, 4, 5], [2, 3, 3, 3], [1, 5, 5, 5], [2, 5, 5, 9]]",0.7,1,2,4,,CHP,"[[4], [4], [4], [4]]",4,6,96,0.9375,0.001903,20,0.005057363770902157,0.0031960010528564453,0.008327707024934768,OPTIMAL,7.0625,0.25,np_gurobi_optimal,0.0,1.0,7.5625,121,40.3125,645,6.8125,,,6.8125,7.0625,,False,,,False,
8974568562863423508,9,16,4,"[4, 4, 4, 4]","[[2, 4, 4, 5], [2, 3, 3, 3], [1, 5, 5, 5], [2, 5, 5, 9]]",0.7,1,2,4,2,PP,"[[2, 2], [2, 2], [2, 2], [2, 2]]",8,24,96,0.75,0.002684,20,0.0069839563220739365,0.05005002021789551,0.057143510247632506,OPTIMAL,7.0625,0.25,np_gurobi_optimal,0.0,573.0,7.5625,121,21.5,344,6.8125,7.0625,7.0625,6.8125,7.0625,7.0625,True,True,21.25,True,True
8974568562863423508,9,16,4,"[4, 4, 4, 4]","[[2, 4, 4, 5], [2, 3, 3, 3], [1, 5, 5, 5], [2, 5, 5, 9]]",0.7,1,2,4,3,PP,"[[3, 1], [3, 1], [3, 1], [3, 1]]",8,24,96,0.75,0.002088,20,0.005609237588942051,0.025644779205322266,0.03133559783262062,OPTIMAL,7.0625,0.25,np_gurobi_optimal,0.0,224.0,5.25,84,26.875,430,6.8125,7.0625,7.0625,6.8125,7.0625,7.0625,True,True,26.625,True,True
8974568562863423508,9,16,4,"[4, 4, 4, 4]","[[2, 4, 4, 5], [2, 3, 3, 3], [1, 5, 5, 5], [2, 5, 5, 9]]",0.7,1,2,4,4,PP,"[[4], [4], [4], [4]]",4,6,96,0.9375,0.002934,20,0.006568668410181999,0.0035860538482666016,0.010245535856589317,OPTIMAL,7.0625,0.25,np_gurobi_optimal,0.0,1.0,7.5625,121,32.25,516,6.8125,7.0625,7.0625,6.8125,7.0625,7.0625,True,True,32.0,True,True
8974568562863423508,9,16,4,"[4, 4, 4, 4]","[[2, 4, 4, 5], [2, 3, 3, 3], [1, 5, 5, 5], [2, 5, 5, 9]]",0.7,1,2,4,5,PP,"[[4], [4], [4], [4]]",4,6,96,0.9375,0.002844,20,0.006484051235020161,0.0039370059967041016,0.010521393010157585,OPTIMAL,7.0625,0.25,np_gurobi_optimal,0.0,1.0,7.5625,121,32.25,516,6.8125,7.0625,7.0625,6.8125,7.0625,7.0625,True,True,32.0,True,True
9462281699763715773,10,16,4,"[4, 4, 4, 4]","[[3, 4, 7, 11], [4, 4, 6, 7], [4, 4, 4, 5], [3, 4, 4, 5]]",0.7,1,2,,1,NP,"[[1, 1, 1, 1], [1, 1, 1, 1], [1, 1, 1, 1], [1, 1, 1, 1]]",16,96,96,0.0,0.0025185,20,0.009815545752644539,1.4813129901885986,1.4912423763599096,OPTIMAL,7.0625,0.0,np_gurobi_optimal,0.0,22541.0,0.0,0,0.0,0,7.0625,,,7.0625,,,False,,,False,
9462281699763715773,10,16,4,"[4, 4, 4, 4]","[[3, 4, 7, 11], [4, 4, 6, 7], [4, 4, 4, 5], [3, 4, 4, 5]]",0.7,1,2,2,,CHP,"[[2, 1, 1], [4], [4], [4]]",6,12,96,0.875,0.0024285,20,0.006477209739387035,0.009485006332397461,0.01605525201374626,OPTIMAL,7.0625,0.0,np_gurobi_optimal,0.0,1.0,0.75,12,12.1875,195,7.0625,,,7.0625,7.0625,,False,,,False,
9462281699763715773,10,16,4,"[4, 4, 4, 4]","[[3, 4, 7, 11], [4, 4, 6, 7], [4, 4, 4, 5], [3, 4, 4, 5]]",0.7,1,2,2,2,PP,"[[2, 1, 1], [2, 2], [2, 2], [2, 2]]",9,30,96,0.6875,0.002153,20,0.006054791621863842,0.06652283668518066,0.07266769350147534,OPTIMAL,7.0625,0.0,np_gurobi_optimal,0.0,1231.0,0.0,0,6.5,104,7.0625,7.0625,7.0625,7.0625,7.0625,7.0625,True,True,6.5,True,True
9462281699763715773,10,16,4,"[4, 4, 4, 4]","[[3, 4, 7, 11], [4, 4, 6, 7], [4, 4, 4, 5], [3, 4, 4, 5]]",0.7,1,2,2,3,PP,"[[2, 1, 1], [3, 1], [3, 1], [3, 1]]",9,30,96,0.6875,0.0025635,20,0.007283398881554604,0.05772590637207031,0.06511425742615556,OPTIMAL,7.0625,0.0,np_gurobi_optimal,0.0,564.0,0.75,12,8.125,130,7.0625,7.0625,7.0625,7.0625,7.0625,7.0625,True,True,8.125,True,True
9462281699763715773,10,16,4,"[4, 4, 4, 4]","[[3, 4, 7, 11], [4, 4, 6, 7], [4, 4, 4, 5], [3, 4, 4, 5]]",0.7,1,2,2,4,PP,"[[2, 1, 1], [4], [4], [4]]",6,12,96,0.875,0.002829,20,0.006523681804537773,0.00989985466003418,0.016527326419595718,OPTIMAL,7.0625,0.0,np_gurobi_optimal,0.0,1.0,0.75,12,9.75,156,7.0625,7.0625,7.0625,7.0625,7.0625,7.0625,True,True,9.75,True,True
9462281699763715773,10,16,4,"[4, 4, 4, 4]","[[3, 4, 7, 11], [4, 4, 6, 7], [4, 4, 4, 5], [3, 4, 4, 5]]",0.7,1,2,2,5,PP,"[[2, 1, 1], [4], [4], [4]]",6,12,96,0.875,0.002564,20,0.00649647880345583,0.009348869323730469,0.01594269748221779,OPTIMAL,7.0625,0.0,np_gurobi_optimal,0.0,1.0,0.75,12,9.75,156,7.0625,7.0625,7.0625,7.0625,7.0625,7.0625,True,True,9.75,True,True
9462281699763715773,10,16,4,"[4, 4, 4, 4]","[[3, 4, 7, 11], [4, 4, 6, 7], [4, 4, 4, 5], [3, 4, 4, 5]]",0.7,1,2,3,,CHP,"[[3, 1], [4], [4], [4]]",5,9,96,0.90625,0.0019475,20,0.005461265332996845,0.004051923751831055,0.009592022851297856,OPTIMAL,7.0625,0.0,np_gurobi_optimal,0.0,1.0,2.375,38,26.25,420,7.0625,,,7.0625,7.0625,,False,,,False,
9462281699763715773,10,16,4,"[4, 4, 4, 4]","[[3, 4, 7, 11], [4, 4, 6, 7], [4, 4, 4, 5], [3, 4, 4, 5]]",0.7,1,2,3,2,PP,"[[2, 1, 1], [2, 2], [2, 2], [2, 2]]",9,30,96,0.6875,0.002609,20,0.007125419564545155,0.06430912017822266,0.07153826243469381,OPTIMAL,7.0625,0.0,np_gurobi_optimal,0.0,1231.0,0.0,0,14.0,224,7.0625,7.0625,7.0625,7.0625,7.0625,7.0625,True,True,14.0,True,True
9462281699763715773,10,16,4,"[4, 4, 4, 4]","[[3, 4, 7, 11], [4, 4, 6, 7], [4, 4, 4, 5], [3, 4, 4, 5]]",0.7,1,2,3,3,PP,"[[3, 1], [3, 1], [3, 1], [3, 1]]",8,24,96,0.75,0.002068,20,0.005920790135860443,0.0346219539642334,0.04063195874736834,OPTIMAL,7.0625,0.0,np_gurobi_optimal,0.0,240.0,2.375,38,17.5,280,7.0625,7.0625,7.0625,7.0625,7.0625,7.0625,True,True,17.5,True,True
9462281699763715773,10,16,4,"[4, 4, 4, 4]","[[3, 4, 7, 11], [4, 4, 6, 7], [4, 4, 4, 5], [3, 4, 4, 5]]",0.7,1,2,3,4,PP,"[[3, 1], [4], [4], [4]]",5,9,96,0.90625,0.002649,20,0.006578261964023113,0.004949092864990234,0.01163810523421669,OPTIMAL,7.0625,0.0,np_gurobi_optimal,0.0,1.0,2.375,38,21.0,336,7.0625,7.0625,7.0625,7.0625,7.0625,7.0625,True,True,21.0,True,True
9462281699763715773,10,16,4,"[4, 4, 4, 4]","[[3, 4, 7, 11], [4, 4, 6, 7], [4, 4, 4, 5], [3, 4, 4, 5]]",0.7,1,2,3,5,PP,"[[3, 1], [4], [4], [4]]",5,9,96,0.90625,0.0026795,20,0.006629950366914272,0.0048370361328125,0.011569812978820324,OPTIMAL,7.0625,0.0,np_gurobi_optimal,0.0,1.0,2.375,38,21.0,336,7.0625,7.0625,7.0625,7.0625,7.0625,7.0625,True,True,21.0,True,True
9462281699763715773,10,16,4,"[4, 4, 4, 4]","[[3, 4, 7, 11], [4, 4, 6, 7], [4, 4, 4, 5], [3, 4, 4, 5]]",0.7,1,2,4,,CHP,"[[4], [4], [4], [4]]",4,6,96,0.9375,0.002453,20,0.006036985665559769,0.0035479068756103516,0.009671067715337753,OPTIMAL,7.0625,0.0,np_gurobi_optimal,0.0,1.0,4.6875,75,40.3125,645,7.0625,,,7.0625,7.0625,,False,,,False,
9462281699763715773,10,16,4,"[4, 4, 4, 4]","[[3, 4, 7, 11], [4, 4, 6, 7], [4, 4, 4, 5], [3, 4, 4, 5]]",0.7,1,2,4,2,PP,"[[2, 2], [2, 2], [2, 2], [2, 2]]",8,24,96,0.75,0.002649,20,0.005712473765015602,0.07626199722290039,0.08206354020358228,OPTIMAL,7.0625,0.0,np_gurobi_optimal,0.0,882.0,2.3125,37,21.5,344,7.0625,7.0625,7.0625,7.0625,7.0625,7.0625,True,True,21.5,True,True
9462281699763715773,10,16,4,"[4, 4, 4, 4]","[[3, 4, 7, 11], [4, 4, 6, 7], [4, 4, 4, 5], [3, 4, 4, 5]]",0.7,1,2,4,3,PP,"[[3, 1], [3, 1], [3, 1], [3, 1]]",8,24,96,0.75,0.002815,20,0.007135054096579552,0.03289985656738281,0.04014401750940323,OPTIMAL,7.0625,0.0,np_gurobi_optimal,0.0,240.0,2.375,38,26.875,430,7.0625,7.0625,7.0625,7.0625,7.0625,7.0625,True,True,26.875,True,True
9462281699763715773,10,16,4,"[4, 4, 4, 4]","[[3, 4, 7, 11], [4, 4, 6, 7], [4, 4, 4, 5], [3, 4, 4, 5]]",0.7,1,2,4,4,PP,"[[4], [4], [4], [4]]",4,6,96,0.9375,0.002779,20,0.006900729611515999,0.0039598941802978516,0.010969714195028782,OPTIMAL,7.0625,0.0,np_gurobi_optimal,0.0,1.0,4.6875,75,32.25,516,7.0625,7.0625,7.0625,7.0625,7.0625,7.0625,True,True,32.25,True,True
9462281699763715773,10,16,4,"[4, 4, 4, 4]","[[3, 4, 7, 11], [4, 4, 6, 7], [4, 4, 4, 5], [3, 4, 4, 5]]",0.7,1,2,4,5,PP,"[[4], [4], [4], [4]]",4,6,96,0.9375,0.002989,20,0.0066092489287257195,0.003865957260131836,0.010582800409115791,OPTIMAL,7.0625,0.0,np_gurobi_optimal,0.0,1.0,4.6875,75,32.25,516,7.0625,7.0625,7.0625,7.0625,7.0625,7.0625,True,True,32.25,True,True
1334415701831498043,11,16,4,"[4, 4, 4, 4]","[[4, 8, 8, 8], [2, 4, 5, 6], [4, 7, 7, 9], [5, 5, 6, 7]]",0.7,1,2,,1,NP,"[[1, 1, 1, 1], [1, 1, 1, 1], [1, 1, 1, 1], [1, 1, 1, 1]]",16,96,96,0.0,0.002143,20,0.010221829637885094,1.682063102722168,1.6924096662818722,OPTIMAL,6.0,0.0,np_gurobi_optimal,0.0,40728.0,0.0,0,0.0,0,6.0,,,6.0,,,False,,,False,
1334415701831498043,11,16,4,"[4, 4, 4, 4]","[[4, 8, 8, 8], [2, 4, 5, 6], [4, 7, 7, 9], [5, 5, 6, 7]]",0.7,1,2,2,,CHP,"[[1, 3], [4], [1, 3], [4]]",6,13,96,0.8645833333333334,0.002894,20,0.006927460432052612,0.009657144546508789,0.01670011171031618,OPTIMAL,6.0,0.0,np_gurobi_optimal,0.0,1.0,1.5,24,12.1875,195,6.0,,,6.0,6.0,,False,,,False,
1334415701831498043,11,16,4,"[4, 4, 4, 4]","[[4, 8, 8, 8], [2, 4, 5, 6], [4, 7, 7, 9], [5, 5, 6, 7]]",0.7,1,2,2,2,PP,"[[1, 2, 1], [2, 2], [1, 2, 1], [2, 2]]",10,37,96,0.6145833333333333,0.00281,20,0.007675361819565296,0.07126379013061523,0.07905071807515383,OPTIMAL,6.0,0.0,np_gurobi_optimal,0.0,1025.0,0.8125,13,6.5,104,6.0,6.0,6.0,6.0,6.0,6.0,True,True,6.5,True,True
1334415701831498043,11,16,4,"[4, 4, 4, 4]","[[4, 8, 8, 8], [2, 4, 5, 6], [4, 7, 7, 9], [5, 5, 6, 7]]",0.7,1,2,2,3,PP,"[[1, 3], [3, 1], [1, 3], [3, 1]]",8,24,96,0.75,0.0029345,20,0.007215877063572407,0.03281998634338379,0.040137176304480555,OPTIMAL,6.0,0.0,np_gurobi_optimal,0.0,284.0,1.5,24,8.125,130,6.0,6.0,6.0,6.0,6.0,6.0,True,True,8.125,True,True
1334415701831498043,11,16,4,"[4, 4, 4, 4]","[[4, 8, 8, 8], [2, 4, 5, 6], [4, 7, 7, 9], [5, 5, 6, 7]]",0.7,1,2,2,4,PP,"[[1, 3], [4], [1, 3], [4]]",6,13,96,0.8645833333333334,0.0021385,20,0.006122344173491001,0.008719921112060547,0.014932866391623974,OPTIMAL,6.0,0.0,np_gurobi_optimal,0.0,1.0,1.5,24,9.75,156,6.0,6.0,6.0,6.0,6.0,6.0,True,True,9.75,True,True
1334415701831498043,11,16,4,"[4, 4, 4, 4]","[[4, 8, 8, 8], [2, 4, 5, 6], [4, 7, 7, 9], [5, 5, 6, 7]]",0.7,1,2,2,5,PP,"[[1, 3], [4], [1, 3], [4]]",6,13,96,0.8645833333333334,0.002689,20,0.0066672880202531815,0.009428977966308594,0.016214001264204025,OPTIMAL,6.0,0.0,np_gurobi_optimal,0.0,1.0,1.5,24,9.75,156,6.0,6.0,6.0,6.0,6.0,6.0,True,True,9.75,True,True
1334415701831498043,11,16,4,"[4, 4, 4, 4]","[[4, 8, 8, 8], [2, 4, 5, 6], [4, 7, 7, 9], [5, 5, 6, 7]]",0.7,1,2,3,,CHP,"[[1, 3], [4], [4], [4]]",5,9,96,0.90625,0.002779,20,0.00696679949760437,0.005630016326904297,0.01270976469715023,OPTIMAL,6.0,0.0,np_gurobi_optimal,0.0,1.0,3.25,52,26.25,420,6.0,,,6.0,6.0,,False,,,False,
1334415701831498043,11,16,4,"[4, 4, 4, 4]","[[4, 8, 8, 8], [2, 4, 5, 6], [4, 7, 7, 9], [5, 5, 6, 7]]",0.7,1,2,3,2,PP,"[[1, 2, 1], [2, 2], [2, 2], [2, 2]]",9,30,96,0.6875,0.002709,20,0.007444361224770546,0.06439995765686035,0.07195801638681555,OPTIMAL,6.0,0.0,np_gurobi_optimal,0.0,694.0,3.25,52,14.0,224,6.0,6.0,6.0,6.0,6.0,6.0,True,True,14.0,True,True
1334415701831498043,11,16,4,"[4, 4, 4, 4]","[[4, 8, 8, 8], [2, 4, 5, 6], [4, 7, 7, 9], [5, 5, 6, 7]]",0.7,1,2,3,3,PP,"[[1, 3], [3, 1], [3, 1], [3, 1]]",8,24,96,0.75,0.0029895,20,0.007397470995783806,0.032778024673461914,0.04028272158576441,OPTIMAL,6.0,0.0,np_gurobi_optimal,0.0,190.0,2.5625,41,17.5,280,6.0,6.0,6.0,6.0,6.0,6.0,True,True,17.5,True,True
1334415701831498043,11,16,4,"[4, 4, 4, 4]","[[4, 8, 8, 8], [2, 4, 5, 6], [4, 7, 7, 9], [5, 5, 6, 7]]",0.7,1,2,3,4,PP,"[[1, 3], [4], [4], [4]]",5,9,96,0.90625,0.002654,20,0.006395275704562664,0.00493311882019043,0.011423526062444686,OPTIMAL,6.0,0.0,np_gurobi_optimal,0.0,1.0,3.25,52,21.0,336,6.0,6.0,6.0,6.0,6.0,6.0,True,True,21.0,True,True
1334415701831498043,11,16,4,"[4, 4, 4, 4]","[[4, 8, 8, 8], [2, 4, 5, 6], [4, 7, 7, 9], [5, 5, 6, 7]]",0.7,1,2,3,5,PP,"[[1, 3], [4], [4], [4]]",5,9,96,0.90625,0.0021735,20,0.0051389774307608604,0.004702091217041016,0.009917720014093875,OPTIMAL,6.0,0.0,np_gurobi_optimal,0.0,1.0,3.25,52,21.0,336,6.0,6.0,6.0,6.0,6.0,6.0,True,True,21.0,True,True
1334415701831498043,11,16,4,"[4, 4, 4, 4]","[[4, 8, 8, 8], [2, 4, 5, 6], [4, 7, 7, 9], [5, 5, 6, 7]]",0.7,1,2,4,,CHP,"[[4], [4], [4], [4]]",4,6,96,0.9375,0.002499,20,0.006186390295624733,0.0028078556060791016,0.009088062011467456,OPTIMAL,6.0,0.0,np_gurobi_optimal,0.0,1.0,5.9375,95,40.3125,645,6.0,,,6.0,6.0,,False,,,False,
1334415701831498043,11,16,4,"[4, 4, 4, 4]","[[4, 8, 8, 8], [2, 4, 5, 6], [4, 7, 7, 9], [5, 5, 6, 7]]",0.7,1,2,4,2,PP,"[[2, 2], [2, 2], [2, 2], [2, 2]]",8,24,96,0.75,0.002819,20,0.0070478226989507675,0.03346705436706543,0.04062453832309866,OPTIMAL,6.0,0.0,np_gurobi_optimal,0.0,299.0,5.9375,95,21.5,344,6.0,6.0,6.0,6.0,6.0,6.0,True,True,21.5,True,True
1334415701831498043,11,16,4,"[4, 4, 4, 4]","[[4, 8, 8, 8], [2, 4, 5, 6], [4, 7, 7, 9], [5, 5, 6, 7]]",0.7,1,2,4,3,PP,"[[3, 1], [3, 1], [3, 1], [3, 1]]",8,24,96,0.75,0.002769,20,0.006875772029161453,0.02335500717163086,0.03032336681253338,OPTIMAL,6.0,0.0,np_gurobi_optimal,0.0,157.0,5.25,84,26.875,430,6.0,6.0,6.0,6.0,6.0,6.0,True,True,26.875,True,True
1334415701831498043,11,16,4,"[4, 4, 4, 4]","[[4, 8, 8, 8], [2, 4, 5, 6], [4, 7, 7, 9], [5, 5, 6, 7]]",0.7,1,2,4,4,PP,"[[4], [4], [4], [4]]",4,6,96,0.9375,0.0027345,20,0.006629309616982937,0.0029151439666748047,0.009639891001412392,OPTIMAL,6.0,0.0,np_gurobi_optimal,0.0,1.0,5.9375,95,32.25,516,6.0,6.0,6.0,6.0,6.0,6.0,True,True,32.25,True,True
1334415701831498043,11,16,4,"[4, 4, 4, 4]","[[4, 8, 8, 8], [2, 4, 5, 6], [4, 7, 7, 9], [5, 5, 6, 7]]",0.7,1,2,4,5,PP,"[[4], [4], [4], [4]]",4,6,96,0.9375,0.002769,20,0.00660138763487339,0.003041982650756836,0.00974897033638382,OPTIMAL,6.0,0.0,np_gurobi_optimal,0.0,1.0,5.9375,95,32.25,516,6.0,6.0,6.0,6.0,6.0,6.0,True,True,32.25,True,True
10335074774038151822,12,16,4,"[4, 4, 4, 4]","[[5, 7, 7, 8], [3, 7, 8, 9], [2, 4, 5, 6], [3, 6, 6, 10]]",0.7,1,2,,1,NP,"[[1, 1, 1, 1], [1, 1, 1, 1], [1, 1, 1, 1], [1, 1, 1, 1]]",16,96,96,0.0,0.002148,20,0.009723576717078686,3.8617820739746094,3.871622234953044,OPTIMAL,5.9375,0.0,np_gurobi_optimal,0.0,59829.0,0.0,0,0.0,0,5.9375,,,5.9375,,,False,,,False,
10335074774038151822,12,16,4,"[4, 4, 4, 4]","[[5, 7, 7, 8], [3, 7, 8, 9], [2, 4, 5, 6], [3, 6, 6, 10]]",0.7,1,2,2,,CHP,"[[4], [1, 3], [4], [1, 2, 1]]",7,17,96,0.8229166666666666,0.002629,20,0.007033530622720718,0.0296328067779541,0.03678407228296184,OPTIMAL,5.9375,0.0,np_gurobi_optimal,0.0,187.0,1.625,26,12.1875,195,5.9375,,,5.9375,5.9375,,False,,,False,
10335074774038151822,12,16,4,"[4, 4, 4, 4]","[[5, 7, 7, 8], [3, 7, 8, 9], [2, 4, 5, 6], [3, 6, 6, 10]]",0.7,1,2,2,2,PP,"[[2, 2], [1, 2, 1], [2, 2], [1, 2, 1]]",10,37,96,0.6145833333333333,0.002854,20,0.007643742486834526,0.09572696685791016,0.10348397163596534,OPTIMAL,5.9375,0.0,np_gurobi_optimal,0.0,1443.0,1.625,26,6.5,104,5.9375,5.9375,5.9375,5.9375,5.9375,5.9375,True,True,6.5,True,True
10335074774038151822,12,16,4,"[4, 4, 4, 4]","[[5, 7, 7, 8], [3, 7, 8, 9], [2, 4, 5, 6], [3, 6, 6, 10]]",0.7,1,2,2,3,PP,"[[3, 1], [1, 3], [3, 1], [1, 2, 1]]",9,30,96,0.6875,0.00284,20,0.007508889771997929,0.06482815742492676,0.07245511973908186,OPTIMAL,5.9375,0.0,np_gurobi_optimal,0.0,614.0,1.625,26,8.125,130,5.9375,5.9375,5.9375,5.9375,5.9375,5.9375,True,True,8.125,True,True
10335074774038151822,12,16,4,"[4, 4, 4, 4]","[[5, 7, 7, 8], [3, 7, 8, 9], [2, 4, 5, 6], [3, 6, 6, 10]]",0.7,1,2,2,4,PP,"[[4], [1, 3], [4], [1, 2, 1]]",7,17,96,0.8229166666666666,0.002774,20,0.0067049432545900345,0.022876977920532227,0.02968390524370575,OPTIMAL,5.9375,0.0,np_gurobi_optimal,0.0,187.0,1.625,26,9.75,156,5.9375,5.9375,5.9375,5.9375,5.9375,5.9375,True,True,9.75,True,True
10335074774038151822,12,16,4,"[4, 4, 4, 4]","[[5, 7, 7, 8], [3, 7, 8, 9], [2, 4, 5, 6], [3, 6, 6, 10]]",0.7,1,2,2,5,PP,"[[4], [1, 3], [4], [1, 2, 1]]",7,17,96,0.8229166666666666,0.002143,20,0.005542286671698093,0.02297806739807129,0.02860822996937561,OPTIMAL,5.9375,0.0,np_gurobi_optimal,0.0,187.0,1.625,26,9.75,156,5.9375,5.9375,5.9375,5.9375,5.9375,5.9375,True,True,9.75,True,True
10335074774038151822,12,16,4,"[4, 4, 4, 4]","[[5, 7, 7, 8], [3, 7, 8, 9], [2, 4, 5, 6], [3, 6, 6, 10]]",0.7,1,2,3,,CHP,"[[4], [1, 3], [4], [3, 1]]",6,13,96,0.8645833333333334,0.002574,20,0.007016635499894619,0.01563286781311035,0.022762945677577497,OPTIMAL,5.9375,0.0,np_gurobi_optimal,0.0,57.0,3.375,54,26.25,420,5.9375,,,5.9375,5.9375,,False,,,False,
10335074774038151822,12,16,4,"[4, 4, 4, 4]","[[5, 7, 7, 8], [3, 7, 8, 9], [2, 4, 5, 6], [3, 6, 6, 10]]",0.7,1,2,3,2,PP,"[[2, 2], [1, 2, 1], [2, 2], [2, 1, 1]]",10,37,96,0.6145833333333333,0.002669,20,0.007856735028326511,0.08360004425048828,0.09157273342546844,OPTIMAL,5.9375,0.0,np_gurobi_optimal,0.0,931.0,3.375,54,14.0,224,5.9375,5.9375,5.9375,5.9375,5.9375,5.9375,True,True,14.0,True,True
10335074774038151822,12,16,4,"[4, 4, 4, 4]","[[5, 7, 7, 8], [3, 7, 8, 9], [2, 4, 5, 6], [3, 6, 6, 10]]",0.7,1,2,3,3,PP,"[[3, 1], [1, 3], [3, 1], [3, 1]]",8,24,96,0.75,0.002814,20,0.007133893668651581,0.028419971466064453,0.03566508601372385,OPTIMAL,5.9375,0.0,np_gurobi_optimal,0.0,244.0,3.375,54,17.5,280,5.9375,5.9375,5.9375,5.9375,5.9375,5.9375,True,True,17.5,True,True
10335074774038151822,12,16,4,"[4, 4, 4, 4]","[[5, 7, 7, 8], [3, 7, 8, 9], [2, 4, 5, 6], [3, 6, 6, 10]]",0.7,1,2,3,4,PP,"[[4], [1, 3], [4], [3, 1]]",6,13,96,0.8645833333333334,0.0021485,20,0.005589968524873257,0.013373851776123047,0.019054484492455483,OPTIMAL,5.9375,0.0,np_gurobi_optimal,0.0,57.0,3.375,54,21.0,336,5.9375,5.9375,5.9375,5.9375,5.9375,5.9375,True,True,21.0,True,True
10335074774038151822,12,16,4,"[4, 4, 4, 4]","[[5, 7, 7, 8], [3, 7, 8, 9], [2, 4, 5, 6], [3, 6, 6, 10]]",0.7,1,2,3,5,PP,"[[4], [1, 3], [4], [3, 1]]",6,13,96,0.8645833333333334,0.002984,20,0.007065899670124054,0.015151023864746094,0.02233741157278681,OPTIMAL,5.9375,0.0,np_gurobi_optimal,0.0,57.0,3.375,54,21.0,336,5.9375,5.9375,5.9375,5.9375,5.9375,5.9375,True,True,21.0,True,True
10335074774038151822,12,16,4,"[4, 4, 4, 4]","[[5, 7, 7, 8], [3, 7, 8, 9], [2, 4, 5, 6], [3, 6, 6, 10]]",0.7,1,2,4,,CHP,"[[4], [4], [4], [4]]",4,6,96,0.9375,0.00288,20,0.006264147348701954,0.0037789344787597656,0.010139711551790238,OPTIMAL,5.9375,0.0,np_gurobi_optimal,0.0,1.0,8.375,134,40.3125,645,5.9375,,,5.9375,5.9375,,False,,,False,
10335074774038151822,12,16,4,"[4, 4, 4, 4]","[[5, 7, 7, 8], [3, 7, 8, 9], [2, 4, 5, 6], [3, 6, 6, 10]]",0.7,1,2,4,2,PP,"[[2, 2], [2, 2], [2, 2], [2, 2]]",8,24,96,0.75,0.002944,20,0.00693246815353632,0.03636789321899414,0.043412125758761404,OPTIMAL,5.9375,0.0,np_gurobi_optimal,0.0,344.0,8.375,134,21.5,344,5.9375,5.9375,5.9375,5.9375,5.9375,5.9375,True,True,21.5,True,True
10335074774038151822,12,16,4,"[4, 4, 4, 4]","[[5, 7, 7, 8], [3, 7, 8, 9], [2, 4, 5, 6], [3, 6, 6, 10]]",0.7,1,2,4,3,PP,"[[3, 1], [3, 1], [3, 1], [3, 1]]",8,24,96,0.75,0.002839,20,0.007450401782989502,0.0327601432800293,0.04032591670103216,OPTIMAL,5.9375,0.0,np_gurobi_optimal,0.0,162.0,6.0625,97,26.875,430,5.9375,5.9375,5.9375,5.9375,5.9375,5.9375,True,True,26.875,True,True
10335074774038151822,12,16,4,"[4, 4, 4, 4]","[[5, 7, 7, 8], [3, 7, 8, 9], [2, 4, 5, 6], [3, 6, 6, 10]]",0.7,1,2,4,4,PP,"[[4], [4], [4], [4]]",4,6,96,0.9375,0.002794,20,0.006182083860039711,0.0033309459686279297,0.009601281056791783,OPTIMAL,5.9375,0.0,np_gurobi_optimal,0.0,1.0,8.375,134,32.25,516,5.9375,5.9375,5.9375,5.9375,5.9375,5.9375,True,True,32.25,True,True
10335074774038151822,12,16,4,"[4, 4, 4, 4]","[[5, 7, 7, 8], [3, 7, 8, 9], [2, 4, 5, 6], [3, 6, 6, 10]]",0.7,1,2,4,5,PP,"[[4], [4], [4], [4]]",4,6,96,0.9375,0.002704,20,0.005663018673658371,0.0033860206604003906,0.00912658441615486,OPTIMAL,5.9375,0.0,np_gurobi_optimal,0.0,1.0,8.375,134,32.25,516,5.9375,5.9375,5.9375,5.9375,5.9375,5.9375,True,True,32.25,True,True
5991842099320589235,13,16,4,"[4, 4, 4, 4]","[[12, 14, 15, 15], [5, 7, 9, 13], [3, 3, 6, 12], [5, 5, 7, 8]]",0.7,1,2,,1,NP,"[[1, 1, 1, 1], [1, 1, 1, 1], [1, 1, 1, 1], [1, 1, 1, 1]]",16,96,96,0.0,0.0017175,20,0.007981573231518269,0.4713289737701416,0.4793938986506152,OPTIMAL,3.8125,0.0,np_gurobi_optimal,0.0,16037.0,0.0,0,0.0,0,3.8125,,,3.8125,,,False,,,False,
5991842099320589235,13,16,4,"[4, 4, 4, 4]","[[12, 14, 15, 15], [5, 7, 9, 13], [3, 3, 6, 12], [5, 5, 7, 8]]",0.7,1,2,2,,CHP,"[[4], [3, 1], [2, 1, 1], [4]]",7,17,96,0.8229166666666666,0.001523,20,0.005051674321293831,0.006576061248779297,0.011695557561514854,OPTIMAL,3.8125,0.0,np_gurobi_optimal,0.0,1.0,3.125,50,12.1875,195,3.8125,,,3.8125,3.8125,,False,,,False,
5991842099320589235,13,16,4,"[4, 4, 4, 4]","[[12, 14, 15, 15], [5, 7, 9, 13], [3, 3, 6, 12], [5, 5, 7, 8]]",0.7,1,2,2,2,PP,"[[2, 2], [2, 1, 1], [2, 1, 1], [2, 2]]",10,37,96,0.6145833333333333,0.0016425,20,0.005007479339838028,0.03485107421875,0.03992375323637009,OPTIMAL,3.8125,0.0,np_gurobi_optimal,0.0,454.0,1.625,26,6.5,104,3.8125,3.8125,3.8125,3.8125,3.8125,3.8125,True,True,6.5,True,True
5991842099320589235,13,16,4,"[4, 4, 4, 4]","[[12, 14, 15, 15], [5, 7, 9, 13], [3, 3, 6, 12], [5, 5, 7, 8]]",0.7,1,2,2,3,PP,"[[3, 1], [3, 1], [2, 1, 1], [3, 1]]",9,30,96,0.6875,0.004101,20,0.0054753562435507774,0.024992942810058594,0.030544231101144313,OPTIMAL,3.8125,0.0,np_gurobi_optimal,0.0,197.0,3.125,50,8.125,130,3.8125,3.8125,3.8125,3.8125,3.8125,3.8125,True,True,8.125,True,True
5991842099320589235,13,16,4,"[4, 4, 4, 4]","[[12, 14, 15, 15], [5, 7, 9, 13], [3, 3, 6, 12], [5, 5, 7, 8]]",0.7,1,2,2,4,PP,"[[4], [3, 1], [2, 1, 1], [4]]",7,17,96,0.8229166666666666,0.0041565,20,0.005117986351251602,0.007648944854736328,0.012840688235956669,OPTIMAL,3.8125,0.0,np_gurobi_optimal,0.0,1.0,3.125,50,9.75,156,3.8125,3.8125,3.8125,3.8125,3.8125,3.8125,True,True,9.75,True,True
5991842099320589235,13,16,4,"[4, 4, 4, 4]","[[12, 14, 15, 15], [5, 7, 9, 13], [3, 3, 6, 12], [5, 5, 7, 8]]",0.7,1,2,2,5,PP,"[[4], [3, 1], [2, 1, 1], [4]]",7,17,96,0.8229166666666666,0.001627,20,0.004873775877058506,0.008083820343017578,0.013025982284869671,OPTIMAL,3.8125,0.0,np_gurobi_optimal,0.0,1.0,3.125,50,9.75,156,3.8125,3.8125,3.8125,3.8125,3.8125,3.8125,True,True,9.75,True,True
5991842099320589235,13,16,4,"[4, 4, 4, 4]","[[12, 14, 15, 15], [5, 7, 9, 13], [3, 3, 6, 12], [5, 5, 7, 8]]",0.7,1,2,3,,CHP,"[[4], [3, 1], [3, 1], [4]]",6,13,96,0.8645833333333334,0.0016075,20,0.00465713907033205,0.0065610408782958984,0.011277310587449074,OPTIMAL,4.4375,0.625,np_gurobi_optimal,0.0,1.0,4.75,76,26.25,420,3.8125,,,3.8125,4.4375,,False,,,False,
5991842099320589235,13,16,4,"[4, 4, 4, 4]","[[12, 14, 15, 15], [5, 7, 9, 13], [3, 3, 6, 12], [5, 5, 7, 8]]",0.7,1,2,3,2,PP,"[[2, 2], [2, 1, 1], [2, 1, 1], [2, 2]]",10,37,96,0.6145833333333333,0.0016575,20,0.004898223094642162,0.03897285461425781,0.043936974114806654,OPTIMAL,3.8125,0.0,np_gurobi_optimal,0.0,454.0,1.625,26,14.0,224,3.8125,4.4375,3.8125,3.8125,4.4375,3.8125,True,True,14.0,True,True
5991842099320589235,13,16,4,"[4, 4, 4, 4]","[[12, 14, 15, 15], [5, 7, 9, 13], [3, 3, 6, 12], [5, 5, 7, 8]]",0.7,1,2,3,3,PP,"[[3, 1], [3, 1], [3, 1], [3, 1]]",8,24,96,0.75,0.001703,20,0.00497189536690712,0.02428889274597168,0.029331944493880747,OPTIMAL,4.4375,0.625,np_gurobi_optimal,0.0,144.0,4.75,76,17.5,280,3.8125,4.4375,4.4375,3.8125,4.4375,4.4375,True,True,16.875,True,True
5991842099320589235,13,16,4,"[4, 4, 4, 4]","[[12, 14, 15, 15], [5, 7, 9, 13], [3, 3, 6, 12], [5, 5, 7, 8]]",0.7,1,2,3,4,PP,"[[4], [3, 1], [3, 1], [4]]",6,13,96,0.8645833333333334,0.0017575,20,0.0047857630997896194,0.0064160823822021484,0.011264891457982063,OPTIMAL,4.4375,0.625,np_gurobi_optimal,0.0,1.0,4.75,76,21.0,336,3.8125,4.4375,4.4375,3.8125,4.4375,4.4375,True,True,20.375,True,True
5991842099320589235,13,16,4,"[4, 4, 4, 4]","[[12, 14, 15, 15], [5, 7, 9, 13], [3, 3, 6, 12], [5, 5, 7, 8]]",0.7,1,2,3,5,PP,"[[4], [3, 1], [3, 1], [4]]",6,13,96,0.8645833333333334,0.0017475,20,0.005335794761776924,0.006433963775634766,0.01183253933101654,OPTIMAL,4.4375,0.625,np_gurobi_optimal,0.0,1.0,4.75,76,21.0,336,3.8125,4.4375,4.4375,3.8125,4.4375,4.4375,True,True,20.375,True,True
5991842099320589235,13,16,4,"[4, 4, 4, 4]","[[12, 14, 15, 15], [5, 7, 9, 13], [3, 3, 6, 12], [5, 5, 7, 8]]",0.7,1,2,4,,CHP,"[[4], [4], [3, 1], [4]]",5,9,96,0.90625,0.0016125,20,0.004575354978442192,0.0028231143951416016,0.007455879271674157,OPTIMAL,4.4375,0.625,np_gurobi_optimal,0.0,1.0,7.0625,113,40.3125,645,3.8125,,,3.8125,4.4375,,False,,,False,
5991842099320589235,13,16,4,"[4, 4, 4, 4]","[[12, 14, 15, 15], [5, 7, 9, 13], [3, 3, 6, 12], [5, 5, 7, 8]]",0.7,1,2,4,2,PP,"[[2, 2], [2, 2], [2, 1, 1], [2, 2]]",9,30,96,0.6875,0.002794,20,0.006845165975391865,0.02639317512512207,0.03332619092860842,OPTIMAL,3.8125,0.0,np_gurobi_optimal,0.0,258.0,3.9375,63,21.5,344,3.8125,4.4375,3.8125,3.8125,4.4375,3.8125,True,True,21.5,True,True
5991842099320589235,13,16,4,"[4, 4, 4, 4]","[[12, 14, 15, 15], [5, 7, 9, 13], [3, 3, 6, 12], [5, 5, 7, 8]]",0.7,1,2,4,3,PP,"[[3, 1], [3, 1], [3, 1], [3, 1]]",8,24,96,0.75,0.001698,20,0.004959526471793652,0.023400068283081055,0.02842784320341158,OPTIMAL,4.4375,0.625,np_gurobi_optimal,0.0,144.0,4.75,76,26.875,430,3.8125,4.4375,4.4375,3.8125,4.4375,4.4375,True,True,26.25,True,True
5991842099320589235,13,16,4,"[4, 4, 4, 4]","[[12, 14, 15, 15], [5, 7, 9, 13], [3, 3, 6, 12], [5, 5, 7, 8]]",0.7,1,2,4,4,PP,"[[4], [4], [3, 1], [4]]",5,9,96,0.90625,0.0016025,20,0.004469715990126133,0.0029609203338623047,0.00749065137586832,OPTIMAL,4.4375,0.625,np_gurobi_optimal,0.0,1.0,7.0625,113,32.25,516,3.8125,4.4375,4.4375,3.8125,4.4375,4.4375,True,True,31.625,True,True
5991842099320589235,13,16,4,"[4, 4, 4, 4]","[[12, 14, 15, 15], [5, 7, 9, 13], [3, 3, 6, 12], [5, 5, 7, 8]]",0.7,1,2,4,5,PP,"[[4], [4], [3, 1], [4]]",5,9,96,0.90625,0.0035555,20,0.004832695238292217,0.002798795700073242,0.007689754189043522,OPTIMAL,4.4375,0.625,np_gurobi_optimal,0.0,1.0,7.0625,113,32.25,516,3.8125,4.4375,4.4375,3.8125,4.4375,4.4375,True,True,31.625,True,True
2557944445790541919,14,16,4,"[4, 4, 4, 4]","[[1, 1, 2, 3], [1, 2, 5, 5], [1, 2, 3, 8], [1, 5, 7, 9]]",0.7,1,2,,1,NP,"[[1, 1, 1, 1], [1, 1, 1, 1], [1, 1, 1, 1], [1, 1, 1, 1]]",16,96,96,0.0,0.0029295,20,0.0061813835054636,2.4969589710235596,2.5032118172633213,OPTIMAL,6.5,0.0,np_gurobi_optimal,0.0,48481.0,0.0,0,0.0,0,6.5,,,6.5,,,False,,,False,
2557944445790541919,14,16,4,"[4, 4, 4, 4]","[[1, 1, 2, 3], [1, 2, 5, 5], [1, 2, 3, 8], [1, 5, 7, 9]]",0.7,1,2,2,,CHP,"[[4], [2, 2], [3, 1], [1, 3]]",7,18,96,0.8125,0.0015875,20,0.004895418882369995,0.030464887619018555,0.03543328173937797,OPTIMAL,6.5,0.0,np_gurobi_optimal,0.0,214.0,1.4375,23,12.1875,195,6.5,,,6.5,6.5,,False,,,False,
2557944445790541919,14,16,4,"[4, 4, 4, 4]","[[1, 1, 2, 3], [1, 2, 5, 5], [1, 2, 3, 8], [1, 5, 7, 9]]",0.7,1,2,2,2,PP,"[[2, 2], [2, 2], [2, 1, 1], [1, 2, 1]]",10,37,96,0.6145833333333333,0.0042915,20,0.005531080067157745,0.12697792053222656,0.13258721396609927,OPTIMAL,6.5,0.0,np_gurobi_optimal,0.0,2793.0,0.75,12,6.5,104,6.5,6.5,6.5,6.5,6.5,6.5,True,True,6.5,True,True
2557944445790541919,14,16,4,"[4, 4, 4, 4]","[[1, 1, 2, 3], [1, 2, 5, 5], [1, 2, 3, 8], [1, 5, 7, 9]]",0.7,1,2,2,3,PP,"[[3, 1], [2, 2], [3, 1], [1, 3]]",8,24,96,0.75,0.001712,20,0.005116403102874756,0.047675132751464844,0.05286248889379454,OPTIMAL,6.5,0.0,np_gurobi_optimal,0.0,519.0,1.4375,23,8.125,130,6.5,6.5,6.5,6.5,6.5,6.5,True,True,8.125,True,True
2557944445790541919,14,16,4,"[4, 4, 4, 4]","[[1, 1, 2, 3], [1, 2, 5, 5], [1, 2, 3, 8], [1, 5, 7, 9]]",0.7,1,2,2,4,PP,"[[4], [2, 2], [3, 1], [1, 3]]",7,18,96,0.8125,0.0016325,20,0.004820566624403,0.019348859786987305,0.024232798147506715,OPTIMAL,6.5,0.0,np_gurobi_optimal,0.0,214.0,1.4375,23,9.75,156,6.5,6.5,6.5,6.5,6.5,6.5,True,True,9.75,True,True
2557944445790541919,14,16,4,"[4, 4, 4, 4]","[[1, 1, 2, 3], [1, 2, 5, 5], [1, 2, 3, 8], [1, 5, 7, 9]]",0.7,1,2,2,5,PP,"[[4], [2, 2], [3, 1], [1, 3]]",7,18,96,0.8125,0.0015525,20,0.0047454023733735085,0.017355918884277344,0.022161596439948084,OPTIMAL,6.5,0.0,np_gurobi_optimal,0.0,214.0,1.4375,23,9.75,156,6.5,6.5,6.5,6.5,6.5,6.5,True,True,9.75,True,True
2557944445790541919,14,16,4,"[4, 4, 4, 4]","[[1, 1, 2, 3], [1, 2, 5, 5], [1, 2, 3, 8], [1, 5, 7, 9]]",0.7,1,2,3,,CHP,"[[4], [4], [3, 1], [1, 3]]",6,13,96,0.8645833333333334,0.001542,20,0.005197035148739815,0.015073060989379883,0.020331179452960015,OPTIMAL,6.5,0.0,np_gurobi_optimal,0.0,71.0,3.0625,49,26.25,420,6.5,,,6.5,6.5,,False,,,False,
2557944445790541919,14,16,4,"[4, 4, 4, 4]","[[1, 1, 2, 3], [1, 2, 5, 5], [1, 2, 3, 8], [1, 5, 7, 9]]",0.7,1,2,3,2,PP,"[[2, 2], [2, 2], [2, 1, 1], [1, 2, 1]]",10,37,96,0.6145833333333333,0.0047775,20,0.005349216051399708,0.11245608329772949,0.11787743754830599,OPTIMAL,6.5,0.0,np_gurobi_optimal,0.0,2793.0,0.75,12,14.0,224,6.5,6.5,6.5,6.5,6.5,6.5,True,True,14.0,True,True
2557944445790541919,14,16,4,"[4, 4, 4, 4]","[[1, 1, 2, 3], [1, 2, 5, 5], [1, 2, 3, 8], [1, 5, 7, 9]]",0.7,1,2,3,3,PP,"[[3, 1], [3, 1], [3, 1], [1, 3]]",8,24,96,0.75,0.0043565,20,0.005234831944108009,0.02685093879699707,0.03215712379315519,OPTIMAL,6.5,0.0,np_gurobi_optimal,0.0,381.0,3.0625,49,17.5,280,6.5,6.5,6.5,6.5,6.5,6.5,True,True,17.5,True,True
2557944445790541919,14,16,4,"[4, 4, 4, 4]","[[1, 1, 2, 3], [1, 2, 5, 5], [1, 2, 3, 8], [1, 5, 7, 9]]",0.7,1,2,3,4,PP,"[[4], [4], [3, 1], [1, 3]]",6,13,96,0.8645833333333334,0.0016475,20,0.004664750769734383,0.015061140060424805,0.01978943589111328,OPTIMAL,6.5,0.0,np_gurobi_optimal,0.0,71.0,3.0625,49,21.0,336,6.5,6.5,6.5,6.5,6.5,6.5,True,True,21.0,True,True
2557944445790541919,14,16,4,"[4, 4, 4, 4]","[[1, 1, 2, 3], [1, 2, 5, 5], [1, 2, 3, 8], [1, 5, 7, 9]]",0.7,1,2,3,5,PP,"[[4], [4], [3, 1], [1, 3]]",6,13,96,0.8645833333333334,0.002834,20,0.005965837277472019,0.012598037719726562,0.01862483004511261,OPTIMAL,6.5,0.0,np_gurobi_optimal,0.0,71.0,3.0625,49,21.0,336,6.5,6.5,6.5,6.5,6.5,6.5,True,True,21.0,True,True
2557944445790541919,14,16,4,"[4, 4, 4, 4]","[[1, 1, 2, 3], [1, 2, 5, 5], [1, 2, 3, 8], [1, 5, 7, 9]]",0.7,1,2,4,,CHP,"[[4], [4], [3, 1], [4]]",5,9,96,0.90625,0.003736,20,0.004510998725891113,0.004344940185546875,0.00891657778942442,OPTIMAL,6.5,0.0,np_gurobi_optimal,0.0,1.0,5.75,92,40.3125,645,6.5,,,6.5,6.5,,False,,,False,
2557944445790541919,14,16,4,"[4, 4, 4, 4]","[[1, 1, 2, 3], [1, 2, 5, 5], [1, 2, 3, 8], [1, 5, 7, 9]]",0.7,1,2,4,2,PP,"[[2, 2], [2, 2], [2, 1, 1], [2, 2]]",9,30,96,0.6875,0.001747,20,0.004906625486910343,0.07669901847839355,0.08167680429943514,OPTIMAL,6.5,0.0,np_gurobi_optimal,0.0,1199.0,3.375,54,21.5,344,6.5,6.5,6.5,6.5,6.5,6.5,True,True,21.5,True,True
2557944445790541919,14,16,4,"[4, 4, 4, 4]","[[1, 1, 2, 3], [1, 2, 5, 5], [1, 2, 3, 8], [1, 5, 7, 9]]",0.7,1,2,4,3,PP,"[[3, 1], [3, 1], [3, 1], [3, 1]]",8,24,96,0.75,0.001763,20,0.005100890062749386,0.02798295021057129,0.03315155674408722,OPTIMAL,6.5,0.0,np_gurobi_optimal,0.0,238.0,5.0625,81,26.875,430,6.5,6.5,6.5,6.5,6.5,6.5,True,True,26.875,True,True
2557944445790541919,14,16,4,"[4, 4, 4, 4]","[[1, 1, 2, 3], [1, 2, 5, 5], [1, 2, 3, 8], [1, 5, 7, 9]]",0.7,1,2,4,4,PP,"[[4], [4], [3, 1], [4]]",5,9,96,0.90625,0.001682,20,0.004597848281264305,0.004733085632324219,0.0093895905034132,OPTIMAL,6.5,0.0,np_gurobi_optimal,0.0,1.0,5.75,92,32.25,516,6.5,6.5,6.5,6.5,6.5,6.5,True,True,32.25,True,True
2557944445790541919,14,16,4,"[4, 4, 4, 4]","[[1, 1, 2, 3], [1, 2, 5, 5], [1, 2, 3, 8], [1, 5, 7, 9]]",0.7,1,2,4,5,PP,"[[4], [4], [3, 1], [4]]",5,9,96,0.90625,0.004291,20,0.004919515922665596,0.0037300586700439453,0.008710019687345982,OPTIMAL,6.5,0.0,np_gurobi_optimal,0.0,1.0,5.75,92,32.25,516,6.5,6.5,6.5,6.5,6.5,6.5,True,True,32.25,True,True
14881546542705901267,15,16,4,"[4, 4, 4, 4]","[[4, 5, 6, 7], [3, 3, 5, 6], [3, 4, 5, 5], [3, 5, 5, 8]]",0.7,1,2,,1,NP,"[[1, 1, 1, 1], [1, 1, 1, 1], [1, 1, 1, 1], [1, 1, 1, 1]]",16,96,96,0.0,0.0022435,20,0.007565795443952084,1.9419779777526855,1.9496314431911168,OPTIMAL,7.1875,0.0,np_gurobi_optimal,0.0,29479.0,0.0,0,0.0,0,7.1875,,,7.1875,,,False,,,False,
14881546542705901267,15,16,4,"[4, 4, 4, 4]","[[4, 5, 6, 7], [3, 3, 5, 6], [3, 4, 5, 5], [3, 5, 5, 8]]",0.7,1,2,2,,CHP,"[[4], [4], [4], [3, 1]]",5,9,96,0.90625,0.004161,20,0.004972134716808796,0.00745701789855957,0.012503893896685601,OPTIMAL,7.1875,0.0,np_gurobi_optimal,0.0,1.0,1.5625,25,12.1875,195,7.1875,,,7.1875,7.1875,,False,,,False,
14881546542705901267,15,16,4,"[4, 4, 4, 4]","[[4, 5, 6, 7], [3, 3, 5, 6], [3, 4, 5, 5], [3, 5, 5, 8]]",0.7,1,2,2,2,PP,"[[2, 2], [2, 2], [2, 2], [2, 1, 1]]",9,30,96,0.6875,0.001772,20,0.005009462125599384,0.06471705436706543,0.06979120585183811,OPTIMAL,7.1875,0.0,np_gurobi_optimal,0.0,1073.0,0.8125,13,6.5,104,7.1875,7.1875,7.1875,7.1875,7.1875,7.1875,True,True,6.5,True,True
14881546542705901267,15,16,4,"[4, 4, 4, 4]","[[4, 5, 6, 7], [3, 3, 5, 6], [3, 4, 5, 5], [3, 5, 5, 8]]",0.7,1,2,2,3,PP,"[[3, 1], [3, 1], [3, 1], [3, 1]]",8,24,96,0.75,0.001788,20,0.0051064277067780495,0.03541898727416992,0.04059260976536322,OPTIMAL,7.1875,0.0,np_gurobi_optimal,0.0,312.0,1.5625,25,8.125,130,7.1875,7.1875,7.1875,7.1875,7.1875,7.1875,True,True,8.125,True,True
14881546542705901267,15,16,4,"[4, 4, 4, 4]","[[4, 5, 6, 7], [3, 3, 5, 6], [3, 4, 5, 5], [3, 5, 5, 8]]",0.7,1,2,2,4,PP,"[[4], [4], [4], [3, 1]]",5,9,96,0.90625,0.004206,20,0.004640934988856316,0.006301164627075195,0.011004853209584713,OPTIMAL,7.1875,0.0,np_gurobi_optimal,0.0,1.0,1.5625,25,9.75,156,7.1875,7.1875,7.1875,7.1875,7.1875,7.1875,True,True,9.75,True,True
14881546542705901267,15,16,4,"[4, 4, 4, 4]","[[4, 5, 6, 7], [3, 3, 5, 6], [3, 4, 5, 5], [3, 5, 5, 8]]",0.7,1,2,2,5,PP,"[[4], [4], [4], [3, 1]]",5,9,96,0.90625,0.001708,20,0.0046045295894145966,0.0064640045166015625,0.011125881179268837,OPTIMAL,7.1875,0.0,np_gurobi_optimal,0.0,1.0,1.5625,25,9.75,156,7.1875,7.1875,7.1875,7.1875,7.1875,7.1875,True,True,9.75,True,True
14881546542705901267,15,16,4,"[4, 4, 4, 4]","[[4, 5, 6, 7], [3, 3, 5, 6], [3, 4, 5, 5], [3, 5, 5, 8]]",0.7,1,2,3,,CHP,"[[4], [4], [4], [4]]",4,6,96,0.9375,0.003976,20,0.0046586208045482635,0.002357006072998047,0.0070745928189644815,OPTIMAL,7.1875,0.0,np_gurobi_optimal,0.0,1.0,3.0625,49,26.25,420,7.1875,,,7.1875,7.1875,,False,,,False,
14881546542705901267,15,16,4,"[4, 4, 4, 4]","[[4, 5, 6, 7], [3, 3, 5, 6], [3, 4, 5, 5], [3, 5, 5, 8]]",0.7,1,2,3,2,PP,"[[2, 2], [2, 2], [2, 2], [2, 2]]",8,24,96,0.75,0.001653,20,0.0051604099571704865,0.047224998474121094,0.05244785258102703,OPTIMAL,7.1875,0.0,np_gurobi_optimal,0.0,749.0,2.3125,37,14.0,224,7.1875,7.1875,7.1875,7.1875,7.1875,7.1875,True,True,14.0,True,True
14881546542705901267,15,16,4,"[4, 4, 4, 4]","[[4, 5, 6, 7], [3, 3, 5, 6], [3, 4, 5, 5], [3, 5, 5, 8]]",0.7,1,2,3,3,PP,"[[3, 1], [3, 1], [3, 1], [3, 1]]",8,24,96,0.75,0.001688,20,0.0049360403791069984,0.02973794937133789,0.034735836532152176,OPTIMAL,7.1875,0.0,np_gurobi_optimal,0.0,312.0,1.5625,25,17.5,280,7.1875,7.1875,7.1875,7.1875,7.1875,7.1875,True,True,17.5,True,True
14881546542705901267,15,16,4,"[4, 4, 4, 4]","[[4, 5, 6, 7], [3, 3, 5, 6], [3, 4, 5, 5], [3, 5, 5, 8]]",0.7,1,2,3,4,PP,"[[4], [4], [4], [4]]",4,6,96,0.9375,0.002734,20,0.006005427800118923,0.0030579566955566406,0.009140906492384911,OPTIMAL,7.1875,0.0,np_gurobi_optimal,0.0,1.0,3.0625,49,21.0,336,7.1875,7.1875,7.1875,7.1875,7.1875,7.1875,True,True,21.0,True,True
14881546542705901267,15,16,4,"[4, 4, 4, 4]","[[4, 5, 6, 7], [3, 3, 5, 6], [3, 4, 5, 5], [3, 5, 5, 8]]",0.7,1,2,3,5,PP,"[[4], [4], [4], [4]]",4,6,96,0.9375,0.0028795,20,0.005975291132926941,0.0031890869140625,0.009245829507319451,OPTIMAL,7.1875,0.0,np_gurobi_optimal,0.0,1.0,3.0625,49,21.0,336,7.1875,7.1875,7.1875,7.1875,7.1875,7.1875,True,True,21.0,True,True
14881546542705901267,15,16,4,"[4, 4, 4, 4]","[[4, 5, 6, 7], [3, 3, 5, 6], [3, 4, 5, 5], [3, 5, 5, 8]]",0.7,1,2,4,,CHP,"[[4], [4], [4], [4]]",4,6,96,0.9375,0.001953,20,0.004663317464292049,0.002852916717529297,0.007582490348985672,OPTIMAL,7.1875,0.0,np_gurobi_optimal,0.0,1.0,3.0625,49,40.3125,645,7.1875,,,7.1875,7.1875,,False,,,False,
14881546542705901267,15,16,4,"[4, 4, 4, 4]","[[4, 5, 6, 7], [3, 3, 5, 6], [3, 4, 5, 5], [3, 5, 5, 8]]",0.7,1,2,4,2,PP,"[[2, 2], [2, 2], [2, 2], [2, 2]]",8,24,96,0.75,0.0042665,20,0.004622356966137886,0.04725193977355957,0.05193959467065716,OPTIMAL,7.1875,0.0,np_gurobi_optimal,0.0,749.0,2.3125,37,21.5,344,7.1875,7.1875,7.1875,7.1875,7.1875,7.1875,True,True,21.5,True,True
14881546542705901267,15,16,4,"[4, 4, 4, 4]","[[4, 5, 6, 7], [3, 3, 5, 6], [3, 4, 5, 5], [3, 5, 5, 8]]",0.7,1,2,4,3,PP,"[[3, 1], [3, 1], [3, 1], [3, 1]]",8,24,96,0.75,0.001723,20,0.004917973652482033,0.03372693061828613,0.0387138138126235,OPTIMAL,7.1875,0.0,np_gurobi_optimal,0.0,312.0,1.5625,25,26.875,430,7.1875,7.1875,7.1875,7.1875,7.1875,7.1875,True,True,26.875,True,True
14881546542705901267,15,16,4,"[4, 4, 4, 4]","[[4, 5, 6, 7], [3, 3, 5, 6], [3, 4, 5, 5], [3, 5, 5, 8]]",0.7,1,2,4,4,PP,"[[4], [4], [4], [4]]",4,6,96,0.9375,0.0016525,20,0.004559720866382122,0.0028460025787353516,0.007469768969681263,OPTIMAL,7.1875,0.0,np_gurobi_optimal,0.0,1.0,3.0625,49,32.25,516,7.1875,7.1875,7.1875,7.1875,7.1875,7.1875,True,True,32.25,True,True
14881546542705901267,15,16,4,"[4, 4, 4, 4]","[[4, 5, 6, 7], [3, 3, 5, 6], [3, 4, 5, 5], [3, 5, 5, 8]]",0.7,1,2,4,5,PP,"[[4], [4], [4], [4]]",4,6,96,0.9375,0.0041565,20,0.00422479584813118,0.002830028533935547,0.007115205757218837,OPTIMAL,7.1875,0.0,np_gurobi_optimal,0.0,1.0,3.0625,49,32.25,516,7.1875,7.1875,7.1875,7.1875,7.1875,7.1875,True,True,32.25,True,True
16340279032575793270,16,16,4,"[4, 4, 4, 4]","[[2, 3, 7, 8], [0, 4, 6, 10], [2, 3, 4, 5], [3, 4, 5, 7]]",0.7,1,2,,1,NP,"[[1, 1, 1, 1], [1, 1, 1, 1], [1, 1, 1, 1], [1, 1, 1, 1]]",16,96,96,0.0,0.001312,20,0.006766587495803833,1.4797909259796143,1.4866227132727141,OPTIMAL,5.1875,0.0,np_gurobi_optimal,0.0,25755.0,0.0,0,0.0,0,5.1875,,,5.1875,,,False,,,False,
16340279032575793270,16,16,4,"[4, 4, 4, 4]","[[2, 3, 7, 8], [0, 4, 6, 10], [2, 3, 4, 5], [3, 4, 5, 7]]",0.7,1,2,2,,CHP,"[[2, 2], [1, 2, 1], [4], [4]]",7,17,96,0.8229166666666666,0.001698,20,0.005056212656199932,0.008769035339355469,0.013890530181692123,OPTIMAL,5.1875,0.0,np_gurobi_optimal,0.0,1.0,1.4375,23,12.1875,195,5.1875,,,5.1875,5.1875,,False,,,False,
16340279032575793270,16,16,4,"[4, 4, 4, 4]","[[2, 3, 7, 8], [0, 4, 6, 10], [2, 3, 4, 5], [3, 4, 5, 7]]",0.7,1,2,2,2,PP,"[[2, 2], [1, 2, 1], [2, 2], [2, 2]]",9,30,96,0.6875,0.001823,20,0.005142271518707275,0.05041813850402832,0.05562608636109638,OPTIMAL,5.1875,0.0,np_gurobi_optimal,0.0,640.0,1.4375,23,6.5,104,5.1875,5.1875,5.1875,5.1875,5.1875,5.1875,True,True,6.5,True,True
16340279032575793270,16,16,4,"[4, 4, 4, 4]","[[2, 3, 7, 8], [0, 4, 6, 10], [2, 3, 4, 5], [3, 4, 5, 7]]",0.7,1,2,2,3,PP,"[[2, 2], [1, 2, 1], [3, 1], [3, 1]]",9,30,96,0.6875,0.0016525,20,0.0051583172753453255,0.029191970825195312,0.03441240392472982,OPTIMAL,5.1875,0.0,np_gurobi_optimal,0.0,280.0,0.75,12,8.125,130,5.1875,5.1875,5.1875,5.1875,5.1875,5.1875,True,True,8.125,True,True
16340279032575793270,16,16,4,"[4, 4, 4, 4]","[[2, 3, 7, 8], [0, 4, 6, 10], [2, 3, 4, 5], [3, 4, 5, 7]]",0.7,1,2,2,4,PP,"[[2, 2], [1, 2, 1], [4], [4]]",7,17,96,0.8229166666666666,0.001703,20,0.004681726917624474,0.007867813110351562,0.012610861642590046,OPTIMAL,5.1875,0.0,np_gurobi_optimal,0.0,1.0,1.4375,23,9.75,156,5.1875,5.1875,5.1875,5.1875,5.1875,5.1875,True,True,9.75,True,True
16340279032575793270,16,16,4,"[4, 4, 4, 4]","[[2, 3, 7, 8], [0, 4, 6, 10], [2, 3, 4, 5], [3, 4, 5, 7]]",0.7,1,2,2,5,PP,"[[2, 2], [1, 2, 1], [4], [4]]",7,17,96,0.8229166666666666,0.0017025,20,0.0046438174322247505,0.007580995559692383,0.0122820632955575,OPTIMAL,5.1875,0.0,np_gurobi_optimal,0.0,1.0,1.4375,23,9.75,156,5.1875,5.1875,5.1875,5.1875,5.1875,5.1875,True,True,9.75,True,True
16340279032575793270,16,16,4,"[4, 4, 4, 4]","[[2, 3, 7, 8], [0, 4, 6, 10], [2, 3, 4, 5], [3, 4, 5, 7]]",0.7,1,2,3,,CHP,"[[2, 2], [1, 2, 1], [4], [4]]",7,17,96,0.8229166666666666,0.0016175,20,0.004581454209983349,0.007160186767578125,0.011798477524333,OPTIMAL,5.1875,0.0,np_gurobi_optimal,0.0,1.0,1.4375,23,26.25,420,5.1875,,,5.1875,5.1875,,False,,,False,
16340279032575793270,16,16,4,"[4, 4, 4, 4]","[[2, 3, 7, 8], [0, 4, 6, 10], [2, 3, 4, 5], [3, 4, 5, 7]]",0.7,1,2,3,2,PP,"[[2, 2], [1, 2, 1], [2, 2], [2, 2]]",9,30,96,0.6875,0.001783,20,0.005458550527691841,0.04845905303955078,0.053987339587576864,OPTIMAL,5.1875,0.0,np_gurobi_optimal,0.0,640.0,1.4375,23,14.0,224,5.1875,5.1875,5.1875,5.1875,5.1875,5.1875,True,True,14.0,True,True
16340279032575793270,16,16,4,"[4, 4, 4, 4]","[[2, 3, 7, 8], [0, 4, 6, 10], [2, 3, 4, 5], [3, 4, 5, 7]]",0.7,1,2,3,3,PP,"[[2, 2], [1, 2, 1], [3, 1], [3, 1]]",9,30,96,0.6875,0.0027145,20,0.005944965407252312,0.030672073364257812,0.03670257392542553,OPTIMAL,5.1875,0.0,np_gurobi_optimal,0.0,280.0,0.75,12,17.5,280,5.1875,5.1875,5.1875,5.1875,5.1875,5.1875,True,True,17.5,True,True
16340279032575793270,16,16,4,"[4, 4, 4, 4]","[[2, 3, 7, 8], [0, 4, 6, 10], [2, 3, 4, 5], [3, 4, 5, 7]]",0.7,1,2,3,4,PP,"[[2, 2], [1, 2, 1], [4], [4]]",7,17,96,0.8229166666666666,0.001638,20,0.0048456136137247086,0.007545948028564453,0.0124524466591959,OPTIMAL,5.1875,0.0,np_gurobi_optimal,0.0,1.0,1.4375,23,21.0,336,5.1875,5.1875,5.1875,5.1875,5.1875,5.1875,True,True,21.0,True,True
16340279032575793270,16,16,4,"[4, 4, 4, 4]","[[2, 3, 7, 8], [0, 4, 6, 10], [2, 3, 4, 5], [3, 4, 5, 7]]",0.7,1,2,3,5,PP,"[[2, 2], [1, 2, 1], [4], [4]]",7,17,96,0.8229166666666666,0.001738,20,0.004551068879663944,0.00806879997253418,0.012680691818976879,OPTIMAL,5.1875,0.0,np_gurobi_optimal,0.0,1.0,1.4375,23,21.0,336,5.1875,5.1875,5.1875,5.1875,5.1875,5.1875,True,True,21.0,True,True
16340279032575793270,16,16,4,"[4, 4, 4, 4]","[[2, 3, 7, 8], [0, 4, 6, 10], [2, 3, 4, 5], [3, 4, 5, 7]]",0.7,1,2,4,,CHP,"[[4], [4], [4], [4]]",4,6,96,0.9375,0.0015475,20,0.004175490699708462,0.002552032470703125,0.006781384922072887,OPTIMAL,6.4375,1.25,np_gurobi_optimal,0.0,1.0,8.9375,143,40.3125,645,5.1875,,,5.1875,6.4375,,False,,,False,
16340279032575793270,16,16,4,"[4, 4, 4, 4]","[[2, 3, 7, 8], [0, 4, 6, 10], [2, 3, 4, 5], [3, 4, 5, 7]]",0.7,1,2,4,2,PP,"[[2, 2], [2, 2], [2, 2], [2, 2]]",8,24,96,0.75,0.0017525,20,0.004715065471827984,0.0514218807220459,0.05620048449611902,OPTIMAL,6.4375,1.25,np_gurobi_optimal,0.0,909.0,5.6875,91,21.5,344,5.1875,6.4375,6.4375,5.1875,6.4375,6.4375,True,True,20.25,True,True
16340279032575793270,16,16,4,"[4, 4, 4, 4]","[[2, 3, 7, 8], [0, 4, 6, 10], [2, 3, 4, 5], [3, 4, 5, 7]]",0.7,1,2,4,3,PP,"[[3, 1], [3, 1], [3, 1], [3, 1]]",8,24,96,0.75,0.0042765,20,0.005199509672820568,0.026880979537963867,0.032155091741038797,OPTIMAL,6.4375,1.25,np_gurobi_optimal,0.0,183.0,5.9375,95,26.875,430,5.1875,6.4375,6.4375,5.1875,6.4375,6.4375,True,True,25.625,True,True
16340279032575793270,16,16,4,"[4, 4, 4, 4]","[[2, 3, 7, 8], [0, 4, 6, 10], [2, 3, 4, 5], [3, 4, 5, 7]]",0.7,1,2,4,4,PP,"[[4], [4], [4], [4]]",4,6,96,0.9375,0.0016125,20,0.004454984329640865,0.002602100372314453,0.007114914626526833,OPTIMAL,6.4375,1.25,np_gurobi_optimal,0.0,1.0,8.9375,143,32.25,516,5.1875,6.4375,6.4375,5.1875,6.4375,6.4375,True,True,31.0,True,True
16340279032575793270,16,16,4,"[4, 4, 4, 4]","[[2, 3, 7, 8], [0, 4, 6, 10], [2, 3, 4, 5], [3, 4, 5, 7]]",0.7,1,2,4,5,PP,"[[4], [4], [4], [4]]",4,6,96,0.9375,0.0016075,20,0.005301382392644882,0.0028579235076904297,0.008243975266797543,OPTIMAL,6.4375,1.25,np_gurobi_optimal,0.0,1.0,8.9375,143,32.25,516,5.1875,6.4375,6.4375,5.1875,6.4375,6.4375,True,True,31.0,True,True
14696357361511146764,17,16,4,"[4, 4, 4, 4]","[[0, 5, 6, 7], [4, 4, 4, 5], [0, 3, 6, 6], [2, 3, 4, 6]]",0.7,1,2,,1,NP,"[[1, 1, 1, 1], [1, 1, 1, 1], [1, 1, 1, 1], [1, 1, 1, 1]]",16,96,96,0.0,0.003185,20,0.006525502540171146,2.108351945877075,2.114949689123509,OPTIMAL,5.9375,0.0,np_gurobi_optimal,0.0,45078.0,0.0,0,0.0,0,5.9375,,,5.9375,,,False,,,False,
14696357361511146764,17,16,4,"[4, 4, 4, 4]","[[0, 5, 6, 7], [4, 4, 4, 5], [0, 3, 6, 6], [2, 3, 4, 6]]",0.7,1,2,2,,CHP,"[[1, 3], [4], [1, 1, 2], [4]]",7,17,96,0.8229166666666666,0.0015475,20,0.004860716871917248,0.021203041076660156,0.026143129556879998,OPTIMAL,6.1875,0.25,np_gurobi_optimal,0.0,113.0,0.6875,11,12.1875,195,5.9375,,,5.9375,6.1875,,False,,,False,
14696357361511146764,17,16,4,"[4, 4, 4, 4]","[[0, 5, 6, 7], [4, 4, 4, 5], [0, 3, 6, 6], [2, 3, 4, 6]]",0.7,1,2,2,2,PP,"[[1, 2, 1], [2, 2], [1, 1, 2], [2, 2]]",10,37,96,0.6145833333333333,0.0015725,20,0.004894488491117954,0.0659019947052002,0.07086121426803828,OPTIMAL,6.1875,0.25,np_gurobi_optimal,0.0,1406.0,0.6875,11,6.5,104,5.9375,6.1875,6.1875,5.9375,6.1875,6.1875,True,True,6.25,True,True
14696357361511146764,17,16,4,"[4, 4, 4, 4]","[[0, 5, 6, 7], [4, 4, 4, 5], [0, 3, 6, 6], [2, 3, 4, 6]]",0.7,1,2,2,3,PP,"[[1, 3], [3, 1], [1, 1, 2], [3, 1]]",9,30,96,0.6875,0.004116,20,0.004920586943626404,0.044996023178100586,0.04998987682289219,OPTIMAL,5.9375,0.0,np_gurobi_optimal,0.0,555.0,0.0,0,8.125,130,5.9375,6.1875,5.9375,5.9375,6.1875,5.9375,True,True,8.125,True,True
14696357361511146764,17,16,4,"[4, 4, 4, 4]","[[0, 5, 6, 7], [4, 4, 4, 5], [0, 3, 6, 6], [2, 3, 4, 6]]",0.7,1,2,2,4,PP,"[[1, 3], [4], [1, 1, 2], [4]]",7,17,96,0.8229166666666666,0.0043815,20,0.004867717623710632,0.014699935913085938,0.01963137704860592,OPTIMAL,6.1875,0.25,np_gurobi_optimal,0.0,113.0,0.6875,11,9.75,156,5.9375,6.1875,6.1875,5.9375,6.1875,6.1875,True,True,9.5,True,True
14696357361511146764,17,16,4,"[4, 4, 4, 4]","[[0, 5, 6, 7], [4, 4, 4, 5], [0, 3, 6, 6], [2, 3, 4, 6]]",0.7,1,2,2,5,PP,"[[1, 3], [4], [1, 1, 2], [4]]",7,17,96,0.8229166666666666,0.0015925,20,0.00424210075289011,0.018589019775390625,0.02289255050369978,OPTIMAL,6.1875,0.25,np_gurobi_optimal,0.0,113.0,0.6875,11,9.75,156,5.9375,6.1875,6.1875,5.9375,6.1875,6.1875,True,True,9.5,True,True
14696357361511146764,17,16,4,"[4, 4, 4, 4]","[[0, 5, 6, 7], [4, 4, 4, 5], [0, 3, 6, 6], [2, 3, 4, 6]]",0.7,1,2,3,,CHP,"[[1, 3], [4], [4], [4]]",5,9,96,0.90625,0.001522,20,0.004198496229946613,0.003618001937866211,0.007868593777582169,OPTIMAL,6.4375,0.5,np_gurobi_optimal,0.0,1.0,4.0625,65,26.25,420,5.9375,,,5.9375,6.4375,,False,,,False,
14696357361511146764,17,16,4,"[4, 4, 4, 4]","[[0, 5, 6, 7], [4, 4, 4, 5], [0, 3, 6, 6], [2, 3, 4, 6]]",0.7,1,2,3,2,PP,"[[1, 2, 1], [2, 2], [2, 2], [2, 2]]",9,30,96,0.6875,0.0016525,20,0.0042086411267519,0.052186012268066406,0.056454007847573755,OPTIMAL,6.1875,0.25,np_gurobi_optimal,0.0,590.0,2.4375,39,14.0,224,5.9375,6.4375,6.1875,5.9375,6.4375,6.1875,True,True,13.75,True,True
14696357361511146764,17,16,4,"[4, 4, 4, 4]","[[0, 5, 6, 7], [4, 4, 4, 5], [0, 3, 6, 6], [2, 3, 4, 6]]",0.7,1,2,3,3,PP,"[[1, 3], [3, 1], [3, 1], [3, 1]]",8,24,96,0.75,0.002734,20,0.0060555534437298775,0.027152061462402344,0.033281404161962506,OPTIMAL,5.9375,0.0,np_gurobi_optimal,0.0,149.0,3.375,54,17.5,280,5.9375,6.4375,5.9375,5.9375,6.4375,5.9375,True,True,17.5,True,True
14696357361511146764,17,16,4,"[4, 4, 4, 4]","[[0, 5, 6, 7], [4, 4, 4, 5], [0, 3, 6, 6], [2, 3, 4, 6]]",0.7,1,2,3,4,PP,"[[1, 3], [4], [4], [4]]",5,9,96,0.90625,0.0016175,20,0.003911101259291172,0.0034580230712890625,0.007425678686611653,OPTIMAL,6.4375,0.5,np_gurobi_optimal,0.0,1.0,4.0625,65,21.0,336,5.9375,6.4375,6.4375,5.9375,6.4375,6.4375,True,True,20.5,True,True
14696357361511146764,17,16,4,"[4, 4, 4, 4]","[[0, 5, 6, 7], [4, 4, 4, 5], [0, 3, 6, 6], [2, 3, 4, 6]]",0.7,1,2,3,5,PP,"[[1, 3], [4], [4], [4]]",5,9,96,0.90625,0.0016425,20,0.004059094935655594,0.004981040954589844,0.00909726100130558,OPTIMAL,6.4375,0.5,np_gurobi_optimal,0.0,1.0,4.0625,65,21.0,336,5.9375,6.4375,6.4375,5.9375,6.4375,6.4375,True,True,20.5,True,True
14696357361511146764,17,16,4,"[4, 4, 4, 4]","[[0, 5, 6, 7], [4, 4, 4, 5], [0, 3, 6, 6], [2, 3, 4, 6]]",0.7,1,2,4,,CHP,"[[1, 3], [4], [4], [4]]",5,9,96,0.90625,0.003926,20,0.004437217488884926,0.003226041793823242,0.0077199689209470745,OPTIMAL,6.4375,0.5,np_gurobi_optimal,0.0,1.0,4.0625,65,40.3125,645,5.9375,,,5.9375,6.4375,,False,,,False,
14696357361511146764,17,16,4,"[4, 4, 4, 4]","[[0, 5, 6, 7], [4, 4, 4, 5], [0, 3, 6, 6], [2, 3, 4, 6]]",0.7,1,2,4,2,PP,"[[1, 2, 1], [2, 2], [2, 2], [2, 2]]",9,30,96,0.6875,0.004106,20,0.004509146325290203,0.05560898780822754,0.060207580946320054,OPTIMAL,6.1875,0.25,np_gurobi_optimal,0.0,590.0,2.4375,39,21.5,344,5.9375,6.4375,6.1875,5.9375,6.4375,6.1875,True,True,21.25,True,True
14696357361511146764,17,16,4,"[4, 4, 4, 4]","[[0, 5, 6, 7], [4, 4, 4, 5], [0, 3, 6, 6], [2, 3, 4, 6]]",0.7,1,2,4,3,PP,"[[1, 3], [3, 1], [3, 1], [3, 1]]",8,24,96,0.75,0.0017225,20,0.005113840103149414,0.024230003356933594,0.029438655376706122,OPTIMAL,5.9375,0.0,np_gurobi_optimal,0.0,149.0,3.375,54,26.875,430,5.9375,6.4375,5.9375,5.9375,6.4375,5.9375,True,True,26.875,True,True
14696357361511146764,17,16,4,"[4, 4, 4, 4]","[[0, 5, 6, 7], [4, 4, 4, 5], [0, 3, 6, 6], [2, 3, 4, 6]]",0.7,1,2,4,4,PP,"[[1, 3], [4], [4], [4]]",5,9,96,0.90625,0.0031345,20,0.0069599999114871025,0.0053861141204833984,0.012455375533315658,OPTIMAL,6.4375,0.5,np_gurobi_optimal,0.0,1.0,4.0625,65,32.25,516,5.9375,6.4375,6.4375,5.9375,6.4375,6.4375,True,True,31.75,True,True
14696357361511146764,17,16,4,"[4, 4, 4, 4]","[[0, 5, 6, 7], [4, 4, 4, 5], [0, 3, 6, 6], [2, 3, 4, 6]]",0.7,1,2,4,5,PP,"[[1, 3], [4], [4], [4]]",5,9,96,0.90625,0.002654,20,0.005989463068544865,0.004855155944824219,0.010922299428657531,OPTIMAL,6.4375,0.5,np_gurobi_optimal,0.0,1.0,4.0625,65,32.25,516,5.9375,6.4375,6.4375,5.9375,6.4375,6.4375,True,True,31.75,True,True
9978365945783383903,18,16,4,"[4, 4, 4, 4]","[[1, 3, 4, 5], [2, 2, 4, 6], [2, 3, 4, 5], [6, 7, 7, 7]]",0.7,1,2,,1,NP,"[[1, 1, 1, 1], [1, 1, 1, 1], [1, 1, 1, 1], [1, 1, 1, 1]]",16,96,96,0.0,0.0021085,20,0.009775555692613125,2.654412031173706,2.6642981730258426,OPTIMAL,6.5,0.0,np_gurobi_optimal,0.0,52528.0,0.0,0,0.0,0,6.5,,,6.5,,,False,,,False,
9978365945783383903,18,16,4,"[4, 4, 4, 4]","[[1, 3, 4, 5], [2, 2, 4, 6], [2, 3, 4, 5], [6, 7, 7, 7]]",0.7,1,2,2,,CHP,"[[4], [4], [4], [4]]",4,6,96,0.9375,0.002789,20,0.006912047043442726,0.004642963409423828,0.011662953222121238,OPTIMAL,6.6875,0.1875,np_gurobi_optimal,0.0,1.0,2.25,36,12.1875,195,6.5,,,6.5,6.6875,,False,,,False,
9978365945783383903,18,16,4,"[4, 4, 4, 4]","[[1, 3, 4, 5], [2, 2, 4, 6], [2, 3, 4, 5], [6, 7, 7, 7]]",0.7,1,2,2,2,PP,"[[2, 2], [2, 2], [2, 2], [2, 2]]",8,24,96,0.75,0.002814,20,0.006280513480305672,0.0652308464050293,0.0716000902554884,OPTIMAL,6.6875,0.1875,np_gurobi_optimal,0.0,976.0,1.5,24,6.5,104,6.5,6.6875,6.6875,6.5,6.6875,6.6875,True,True,6.3125,True,True
9978365945783383903,18,16,4,"[4, 4, 4, 4]","[[1, 3, 4, 5], [2, 2, 4, 6], [2, 3, 4, 5], [6, 7, 7, 7]]",0.7,1,2,2,3,PP,"[[3, 1], [3, 1], [3, 1], [3, 1]]",8,24,96,0.75,0.002794,20,0.007369158789515495,0.03864097595214844,0.04611694350340986,OPTIMAL,6.6875,0.1875,np_gurobi_optimal,0.0,376.0,1.5625,25,8.125,130,6.5,6.6875,6.6875,6.5,6.6875,6.6875,True,True,7.9375,True,True
9978365945783383903,18,16,4,"[4, 4, 4, 4]","[[1, 3, 4, 5], [2, 2, 4, 6], [2, 3, 4, 5], [6, 7, 7, 7]]",0.7,1,2,2,4,PP,"[[4], [4], [4], [4]]",4,6,96,0.9375,0.002919,20,0.006639215163886547,0.004045963287353516,0.010783873733490944,OPTIMAL,6.6875,0.1875,np_gurobi_optimal,0.0,1.0,2.25,36,9.75,156,6.5,6.6875,6.6875,6.5,6.6875,6.6875,True,True,9.5625,True,True
9978365945783383903,18,16,4,"[4, 4, 4, 4]","[[1, 3, 4, 5], [2, 2, 4, 6], [2, 3, 4, 5], [6, 7, 7, 7]]",0.7,1,2,2,5,PP,"[[4], [4], [4], [4]]",4,6,96,0.9375,0.0029495,20,0.006583170033991337,0.003737926483154297,0.010416048580324173,OPTIMAL,6.6875,0.1875,np_gurobi_optimal,0.0,1.0,2.25,36,9.75,156,6.5,6.6875,6.6875,6.5,6.6875,6.6875,True,True,9.5625,True,True
9978365945783383903,18,16,4,"[4, 4, 4, 4]","[[1, 3, 4, 5], [2, 2, 4, 6], [2, 3, 4, 5], [6, 7, 7, 7]]",0.7,1,2,3,,CHP,"[[4], [4], [4], [4]]",4,6,96,0.9375,0.002594,20,0.006318049505352974,0.0034990310668945312,0.009902396505970001,OPTIMAL,6.6875,0.1875,np_gurobi_optimal,0.0,1.0,2.25,36,26.25,420,6.5,,,6.5,6.6875,,False,,,False,
9978365945783383903,18,16,4,"[4, 4, 4, 4]","[[1, 3, 4, 5], [2, 2, 4, 6], [2, 3, 4, 5], [6, 7, 7, 7]]",0.7,1,2,3,2,PP,"[[2, 2], [2, 2], [2, 2], [2, 2]]",8,24,96,0.75,0.0030295,20,0.006680186837911606,0.06634306907653809,0.07312112478619051,OPTIMAL,6.6875,0.1875,np_gurobi_optimal,0.0,976.0,1.5,24,14.0,224,6.5,6.6875,6.6875,6.5,6.6875,6.6875,True,True,13.8125,True,True
9978365945783383903,18,16,4,"[4, 4, 4, 4]","[[1, 3, 4, 5], [2, 2, 4, 6], [2, 3, 4, 5], [6, 7, 7, 7]]",0.7,1,2,3,3,PP,"[[3, 1], [3, 1], [3, 1], [3, 1]]",8,24,96,0.75,0.0027345,20,0.00718679279088974,0.038681983947753906,0.04597317627353382,OPTIMAL,6.6875,0.1875,np_gurobi_optimal,0.0,376.0,1.5625,25,17.5,280,6.5,6.6875,6.6875,6.5,6.6875,6.6875,True,True,17.3125,True,True
9978365945783383903,18,16,4,"[4, 4, 4, 4]","[[1, 3, 4, 5], [2, 2, 4, 6], [2, 3, 4, 5], [6, 7, 7, 7]]",0.7,1,2,3,4,PP,"[[4], [4], [4], [4]]",4,6,96,0.9375,0.002725,20,0.0067061567679047585,0.004130125045776367,0.0109346182518363,OPTIMAL,6.6875,0.1875,np_gurobi_optimal,0.0,1.0,2.25,36,21.0,336,6.5,6.6875,6.6875,6.5,6.6875,6.6875,True,True,20.8125,True,True
9978365945783383903,18,16,4,"[4, 4, 4, 4]","[[1, 3, 4, 5], [2, 2, 4, 6], [2, 3, 4, 5], [6, 7, 7, 7]]",0.7,1,2,3,5,PP,"[[4], [4], [4], [4]]",4,6,96,0.9375,0.002889,20,0.006484190002083778,0.003699064254760742,0.010282195210577489,OPTIMAL,6.6875,0.1875,np_gurobi_optimal,0.0,1.0,2.25,36,21.0,336,6.5,6.6875,6.6875,6.5,6.6875,6.6875,True,True,20.8125,True,True
9978365945783383903,18,16,4,"[4, 4, 4, 4]","[[1, 3, 4, 5], [2, 2, 4, 6], [2, 3, 4, 5], [6, 7, 7, 7]]",0.7,1,2,4,,CHP,"[[4], [4], [4], [4]]",4,6,96,0.9375,0.002599,20,0.006227463483810425,0.0036389827728271484,0.009956945343874932,OPTIMAL,6.6875,0.1875,np_gurobi_optimal,0.0,1.0,2.25,36,40.3125,645,6.5,,,6.5,6.6875,,False,,,False,
9978365945783383903,18,16,4,"[4, 4, 4, 4]","[[1, 3, 4, 5], [2, 2, 4, 6], [2, 3, 4, 5], [6, 7, 7, 7]]",0.7,1,2,4,2,PP,"[[2, 2], [2, 2], [2, 2], [2, 2]]",8,24,96,0.75,0.002649,20,0.00547161977738142,0.06509613990783691,0.07064879624367856,OPTIMAL,6.6875,0.1875,np_gurobi_optimal,0.0,976.0,1.5,24,21.5,344,6.5,6.6875,6.6875,6.5,6.6875,6.6875,True,True,21.3125,True,True
9978365945783383903,18,16,4,"[4, 4, 4, 4]","[[1, 3, 4, 5], [2, 2, 4, 6], [2, 3, 4, 5], [6, 7, 7, 7]]",0.7,1,2,4,3,PP,"[[3, 1], [3, 1], [3, 1], [3, 1]]",8,24,96,0.75,0.002824,20,0.006662069819867611,0.03607892990112305,0.04282635007697248,OPTIMAL,6.6875,0.1875,np_gurobi_optimal,0.0,376.0,1.5625,25,26.875,430,6.5,6.6875,6.6875,6.5,6.6875,6.6875,True,True,26.6875,True,True
9978365945783383903,18,16,4,"[4, 4, 4, 4]","[[1, 3, 4, 5], [2, 2, 4, 6], [2, 3, 4, 5], [6, 7, 7, 7]]",0.7,1,2,4,4,PP,"[[4], [4], [4], [4]]",4,6,96,0.9375,0.0016075,20,0.004622366279363632,0.002930879592895508,0.007621685080213547,OPTIMAL,6.6875,0.1875,np_gurobi_optimal,0.0,1.0,2.25,36,32.25,516,6.5,6.6875,6.6875,6.5,6.6875,6.6875,True,True,32.0625,True,True
9978365945783383903,18,16,4,"[4, 4, 4, 4]","[[1, 3, 4, 5], [2, 2, 4, 6], [2, 3, 4, 5], [6, 7, 7, 7]]",0.7,1,2,4,5,PP,"[[4], [4], [4], [4]]",4,6,96,0.9375,0.0016875,20,0.004458137787878513,0.002928018569946289,0.007444106917202473,OPTIMAL,6.6875,0.1875,np_gurobi_optimal,0.0,1.0,2.25,36,32.25,516,6.5,6.6875,6.6875,6.5,6.6875,6.6875,True,True,32.0625,True,True
9474319449405028156,19,16,4,"[4, 4, 4, 4]","[[2, 3, 4, 5], [3, 4, 6, 10], [1, 2, 2, 4], [1, 2, 4, 7]]",0.7,1,2,,1,NP,"[[1, 1, 1, 1], [1, 1, 1, 1], [1, 1, 1, 1], [1, 1, 1, 1]]",16,96,96,0.0,0.002995,20,0.006223887205123901,1.9884610176086426,1.9947502565167499,OPTIMAL,6.25,0.0,np_gurobi_optimal,0.0,41013.0,0.0,0,0.0,0,6.25,,,6.25,,,False,,,False,
9474319449405028156,19,16,4,"[4, 4, 4, 4]","[[2, 3, 4, 5], [3, 4, 6, 10], [1, 2, 2, 4], [1, 2, 4, 7]]",0.7,1,2,2,,CHP,"[[4], [3, 1], [4], [3, 1]]",6,13,96,0.8645833333333334,0.001452,20,0.004773905500769615,0.007378101348876953,0.012213960358061314,OPTIMAL,6.25,0.0,np_gurobi_optimal,0.0,1.0,2.1875,35,12.1875,195,6.25,,,6.25,6.25,,False,,,False,
9474319449405028156,19,16,4,"[4, 4, 4, 4]","[[2, 3, 4, 5], [3, 4, 6, 10], [1, 2, 2, 4], [1, 2, 4, 7]]",0.7,1,2,2,2,PP,"[[2, 2], [2, 1, 1], [2, 2], [2, 1, 1]]",10,37,96,0.6145833333333333,0.001643,20,0.004887096583843231,0.07676005363464355,0.08170892964845228,OPTIMAL,6.25,0.0,np_gurobi_optimal,0.0,1875.0,0.6875,11,6.5,104,6.25,6.25,6.25,6.25,6.25,6.25,True,True,6.5,True,True
9474319449405028156,19,16,4,"[4, 4, 4, 4]","[[2, 3, 4, 5], [3, 4, 6, 10], [1, 2, 2, 4], [1, 2, 4, 7]]",0.7,1,2,2,3,PP,"[[3, 1], [3, 1], [3, 1], [3, 1]]",8,24,96,0.75,0.004096,20,0.005109093151986599,0.023710012435913086,0.028881823687358855,OPTIMAL,6.25,0.0,np_gurobi_optimal,0.0,174.0,1.5,24,8.125,130,6.25,6.25,6.25,6.25,6.25,6.25,True,True,8.125,True,True
9474319449405028156,19,16,4,"[4, 4, 4, 4]","[[2, 3, 4, 5], [3, 4, 6, 10], [1, 2, 2, 4], [1, 2, 4, 7]]",0.7,1,2,2,4,PP,"[[4], [3, 1], [4], [3, 1]]",6,13,96,0.8645833333333334,0.0015475,20,0.00446956604719162,0.0075299739837646484,0.012056397847340108,OPTIMAL,6.25,0.0,np_gurobi_optimal,0.0,1.0,2.1875,35,9.75,156,6.25,6.25,6.25,6.25,6.25,6.25,True,True,9.75,True,True
9474319449405028156,19,16,4,"[4, 4, 4, 4]","[[2, 3, 4, 5], [3, 4, 6, 10], [1, 2, 2, 4], [1, 2, 4, 7]]",0.7,1,2,2,5,PP,"[[4], [3, 1], [4], [3, 1]]",6,13,96,0.8645833333333334,0.001517,20,0.004370245151221752,0.006986141204833984,0.011411482343773365,OPTIMAL,6.25,0.0,np_gurobi_optimal,0.0,1.0,2.1875,35,9.75,156,6.25,6.25,6.25,6.25,6.25,6.25,True,True,9.75,True,True
9474319449405028156,19,16,4,"[4, 4, 4, 4]","[[2, 3, 4, 5], [3, 4, 6, 10], [1, 2, 2, 4], [1, 2, 4, 7]]",0.7,1,2,3,,CHP,"[[4], [3, 1], [4], [4]]",5,9,96,0.90625,0.0014825,20,0.004181910306215286,0.003719806671142578,0.007956124676628113,OPTIMAL,6.25,0.0,np_gurobi_optimal,0.0,1.0,3.6875,59,26.25,420,6.25,,,6.25,6.25,,False,,,False,
9474319449405028156,19,16,4,"[4, 4, 4, 4]","[[2, 3, 4, 5], [3, 4, 6, 10], [1, 2, 2, 4], [1, 2, 4, 7]]",0.7,1,2,3,2,PP,"[[2, 2], [2, 1, 1], [2, 2], [2, 2]]",9,30,96,0.6875,0.0043515,20,0.005075701512396336,0.05569005012512207,0.06082769240024233,OPTIMAL,6.25,0.0,np_gurobi_optimal,0.0,989.0,2.1875,35,14.0,224,6.25,6.25,6.25,6.25,6.25,6.25,True,True,14.0,True,True
9474319449405028156,19,16,4,"[4, 4, 4, 4]","[[2, 3, 4, 5], [3, 4, 6, 10], [1, 2, 2, 4], [1, 2, 4, 7]]",0.7,1,2,3,3,PP,"[[3, 1], [3, 1], [3, 1], [3, 1]]",8,24,96,0.75,0.0016125,20,0.004910050891339779,0.025708913803100586,0.030681533188271524,OPTIMAL,6.25,0.0,np_gurobi_optimal,0.0,174.0,1.5,24,17.5,280,6.25,6.25,6.25,6.25,6.25,6.25,True,True,17.5,True,True
9474319449405028156,19,16,4,"[4, 4, 4, 4]","[[2, 3, 4, 5], [3, 4, 6, 10], [1, 2, 2, 4], [1, 2, 4, 7]]",0.7,1,2,3,4,PP,"[[4], [3, 1], [4], [4]]",5,9,96,0.90625,0.001587,20,0.004464577883481979,0.0038230419158935547,0.008345037725078584,OPTIMAL,6.25,0.0,np_gurobi_optimal,0.0,1.0,3.6875,59,21.0,336,6.25,6.25,6.25,6.25,6.25,6.25,True,True,21.0,True,True
9474319449405028156,19,16,4,"[4, 4, 4, 4]","[[2, 3, 4, 5], [3, 4, 6, 10], [1, 2, 2, 4], [1, 2, 4, 7]]",0.7,1,2,3,5,PP,"[[4], [3, 1], [4], [4]]",5,9,96,0.90625,0.0016475,20,0.004262902773916721,0.0038847923278808594,0.008204615665278435,OPTIMAL,6.25,0.0,np_gurobi_optimal,0.0,1.0,3.6875,59,21.0,336,6.25,6.25,6.25,6.25,6.25,6.25,True,True,21.0,True,True
9474319449405028156,19,16,4,"[4, 4, 4, 4]","[[2, 3, 4, 5], [3, 4, 6, 10], [1, 2, 2, 4], [1, 2, 4, 7]]",0.7,1,2,4,,CHP,"[[4], [4], [4], [4]]",4,6,96,0.9375,0.001582,20,0.004088328219950199,0.0030410289764404297,0.007183636221630096,OPTIMAL,6.25,0.0,np_gurobi_optimal,0.0,1.0,6.0,96,40.3125,645,6.25,,,6.25,6.25,,False,,,False,
9474319449405028156,19,16,4,"[4, 4, 4, 4]","[[2, 3, 4, 5], [3, 4, 6, 10], [1, 2, 2, 4], [1, 2, 4, 7]]",0.7,1,2,4,2,PP,"[[2, 2], [2, 2], [2, 2], [2, 2]]",8,24,96,0.75,0.0016325,20,0.004902469925582409,0.050798892974853516,0.05576178141266823,OPTIMAL,6.25,0.0,np_gurobi_optimal,0.0,791.0,4.5,72,21.5,344,6.25,6.25,6.25,6.25,6.25,6.25,True,True,21.5,True,True
9474319449405028156,19,16,4,"[4, 4, 4, 4]","[[2, 3, 4, 5], [3, 4, 6, 10], [1, 2, 2, 4], [1, 2, 4, 7]]",0.7,1,2,4,3,PP,"[[3, 1], [3, 1], [3, 1], [3, 1]]",8,24,96,0.75,0.0041065,20,0.00498022697865963,0.024405956268310547,0.029445666187256813,OPTIMAL,6.25,0.0,np_gurobi_optimal,0.0,174.0,1.5,24,26.875,430,6.25,6.25,6.25,6.25,6.25,6.25,True,True,26.875,True,True
9474319449405028156,19,16,4,"[4, 4, 4, 4]","[[2, 3, 4, 5], [3, 4, 6, 10], [1, 2, 2, 4], [1, 2, 4, 7]]",0.7,1,2,4,4,PP,"[[4], [4], [4], [4]]",4,6,96,0.9375,0.003771,20,0.004344507120549679,0.0027549266815185547,0.007152716704102516,OPTIMAL,6.25,0.0,np_gurobi_optimal,0.0,1.0,6.0,96,32.25,516,6.25,6.25,6.25,6.25,6.25,6.25,True,True,32.25,True,True
9474319449405028156,19,16,4,"[4, 4, 4, 4]","[[2, 3, 4, 5], [3, 4, 6, 10], [1, 2, 2, 4], [1, 2, 4, 7]]",0.7,1,2,4,5,PP,"[[4], [4], [4], [4]]",4,6,96,0.9375,0.0038005,20,0.0042293015867471695,0.0027778148651123047,0.0070627590229754445,OPTIMAL,6.25,0.0,np_gurobi_optimal,0.0,1.0,6.0,96,32.25,516,6.25,6.25,6.25,6.25,6.25,6.25,True,True,32.25,True,True
