seed,replication,N,L,counts,releases,arrival_rate,h_F,h_S,threshold,max_platoon_size,method,partition,number_of_platoons,ordering_variable_count,vehicle_level_ordering_variable_count,dimension_reduction_ratio,formation_time_ms,formation_repetitions,model_build_time_s,solve_time_s,end_to_end_time_s,status,objective,actual_optimality_gap,actual_gap_reference,terminal_mip_gap,node_count,partition_specific_upper_bound,scaled_partition_specific_upper_bound,rule_level_upper_bound,scaled_rule_level_upper_bound,np_optimal_objective,matching_chp_objective,pp_optimal_objective,D_NP,D_CHP,D_PP,bound_check_available,bound_valid,bound_slack,delay_order_check_available,np_pp_chp_delay_order_holds
10107985014724230268,0,20,4,"[5, 5, 5, 5]","[[1, 1, 2, 4, 5], [3, 3, 4, 4, 6], [2, 3, 4, 4, 7], [1, 4, 4, 4, 4]]",1.0,1,2,,1,NP,"[[1, 1, 1, 1, 1], [1, 1, 1, 1, 1], [1, 1, 1, 1, 1], [1, 1, 1, 1, 1]]",20,150,150,0.0,0.001242,20,0.015877779573202133,30.00840401649475,30.024362479883568,TIME_LIMIT,8.5,,,0.06798899831722685,287409.0,0.0,0,0.0,0,,,,,,,False,,,False,
10107985014724230268,0,20,4,"[5, 5, 5, 5]","[[1, 1, 2, 4, 5], [3, 3, 4, 4, 6], [2, 3, 4, 4, 7], [1, 4, 4, 4, 4]]",1.0,1,2,2,,CHP,"[[5], [5], [4, 1], [1, 4]]",6,13,150,0.9133333333333333,0.001653,20,0.004857211373746395,0.014930009841918945,0.01985917696285534,OPTIMAL,8.5,,,0.0,68.0,1.45,29,16.15,323,,,,,8.5,,False,,,False,
10107985014724230268,0,20,4,"[5, 5, 5, 5]","[[1, 1, 2, 4, 5], [3, 3, 4, 4, 6], [2, 3, 4, 4, 7], [1, 4, 4, 4, 4]]",1.0,1,2,2,2,PP,"[[2, 2, 1], [2, 2, 1], [2, 2, 1], [1, 2, 2]]",12,54,150,0.64,0.001763,20,0.005591582506895065,0.2441699504852295,0.24983078893910693,OPTIMAL,8.5,,,0.0,8274.0,0.75,15,8.5,170,,8.5,8.5,,8.5,8.5,False,,,False,
10107985014724230268,0,20,4,"[5, 5, 5, 5]","[[1, 1, 2, 4, 5], [3, 3, 4, 4, 6], [2, 3, 4, 4, 7], [1, 4, 4, 4, 4]]",1.0,1,2,2,3,PP,"[[3, 2], [3, 2], [3, 1, 1], [1, 3, 1]]",10,37,150,0.7533333333333333,0.001853,20,0.005928040482103825,0.04517698287963867,0.05116958044804621,OPTIMAL,8.5,,,0.0,1218.0,0.7,14,11.05,221,,8.5,8.5,,8.5,8.5,False,,,False,
10107985014724230268,0,20,4,"[5, 5, 5, 5]","[[1, 1, 2, 4, 5], [3, 3, 4, 4, 6], [2, 3, 4, 4, 7], [1, 4, 4, 4, 4]]",1.0,1,2,2,4,PP,"[[4, 1], [4, 1], [4, 1], [1, 4]]",8,24,150,0.84,0.001833,20,0.004916711710393429,0.023193836212158203,0.02817425520044136,OPTIMAL,8.5,,,0.0,284.0,0.75,15,12.75,255,,8.5,8.5,,8.5,8.5,False,,,False,
10107985014724230268,0,20,4,"[5, 5, 5, 5]","[[1, 1, 2, 4, 5], [3, 3, 4, 4, 6], [2, 3, 4, 4, 7], [1, 4, 4, 4, 4]]",1.0,1,2,2,5,PP,"[[5], [5], [4, 1], [1, 4]]",6,13,150,0.9133333333333333,0.004737,20,0.004798943176865578,0.011594057083129883,0.016452457117866994,OPTIMAL,8.5,,,0.0,68.0,1.45,29,13.6,272,,8.5,8.5,,8.5,8.5,False,,,False,
10107985014724230268,0,20,4,"[5, 5, 5, 5]","[[1, 1, 2, 4, 5], [3, 3, 4, 4, 6], [2, 3, 4, 4, 7], [1, 4, 4, 4, 4]]",1.0,1,2,3,,CHP,"[[5], [5], [5], [5]]",4,6,150,0.96,0.0015375,20,0.004633803851902485,0.002727031707763672,0.007414591385102272,OPTIMAL,8.5,,,0.0,1.0,4.75,95,34.2,684,,,,,8.5,,False,,,False,
10107985014724230268,0,20,4,"[5, 5, 5, 5]","[[1, 1, 2, 4, 5], [3, 3, 4, 4, 6], [2, 3, 4, 4, 7], [1, 4, 4, 4, 4]]",1.0,1,2,3,2,PP,"[[2, 2, 1], [2, 2, 1], [2, 2, 1], [2, 2, 1]]",12,54,150,0.64,0.004472,20,0.0054629165679216385,0.11719393730163574,0.12273197879403544,OPTIMAL,8.5,,,0.0,4216.0,2.55,51,18.0,360,,8.5,8.5,,8.5,8.5,False,,,False,
10107985014724230268,0,20,4,"[5, 5, 5, 5]","[[1, 1, 2, 4, 5], [3, 3, 4, 4, 6], [2, 3, 4, 4, 7], [1, 4, 4, 4, 4]]",1.0,1,2,3,3,PP,"[[3, 2], [3, 2], [3, 2], [3, 2]]",8,24,150,0.84,0.0017725,20,0.004834337159991264,0.03139686584472656,0.03629752081575155,OPTIMAL,8.5,,,0.0,386.0,4.0,80,23.4,468,,8.5,8.5,,8.5,8.5,False,,,False,
10107985014724230268,0,20,4,"[5, 5, 5, 5]","[[1, 1, 2, 4, 5], [3, 3, 4, 4, 6], [2, 3, 4, 4, 7], [1, 4, 4, 4, 4]]",1.0,1,2,3,4,PP,"[[4, 1], [4, 1], [4, 1], [4, 1]]",8,24,150,0.84,0.0017975,20,0.0048672957345843315,0.026812076568603516,0.03174665668134451,OPTIMAL,8.5,,,0.0,196.0,2.55,51,27.0,540,,8.5,8.5,,8.5,8.5,False,,,False,
10107985014724230268,0,20,4,"[5, 5, 5, 5]","[[1, 1, 2, 4, 5], [3, 3, 4, 4, 6], [2, 3, 4, 4, 7], [1, 4, 4, 4, 4]]",1.0,1,2,3,5,PP,"[[5], [5], [5], [5]]",4,6,150,0.96,0.002469,20,0.005461704917252064,0.003201007843017578,0.008735529210943222,OPTIMAL,8.5,,,0.0,1.0,4.75,95,28.8,576,,8.5,8.5,,8.5,8.5,False,,,False,
10107985014724230268,0,20,4,"[5, 5, 5, 5]","[[1, 1, 2, 4, 5], [3, 3, 4, 4, 6], [2, 3, 4, 4, 7], [1, 4, 4, 4, 4]]",1.0,1,2,4,,CHP,"[[5], [5], [5], [5]]",4,6,150,0.96,0.0020735,20,0.004887708462774754,0.0031900405883789062,0.008165232281826496,OPTIMAL,8.5,,,0.0,1.0,4.75,95,52.25,1045,,,,,8.5,,False,,,False,
10107985014724230268,0,20,4,"[5, 5, 5, 5]","[[1, 1, 2, 4, 5], [3, 3, 4, 4, 6], [2, 3, 4, 4, 7], [1, 4, 4, 4, 4]]",1.0,1,2,4,2,PP,"[[2, 2, 1], [2, 2, 1], [2, 2, 1], [2, 2, 1]]",12,54,150,0.64,0.0022985,20,0.006271018646657467,0.1329970359802246,0.13934449757969236,OPTIMAL,8.5,,,0.0,4216.0,2.55,51,27.5,550,,8.5,8.5,,8.5,8.5,False,,,False,
10107985014724230268,0,20,4,"[5, 5, 5, 5]","[[1, 1, 2, 4, 5], [3, 3, 4, 4, 6], [2, 3, 4, 4, 7], [1, 4, 4, 4, 4]]",1.0,1,2,4,3,PP,"[[3, 2], [3, 2], [3, 2], [3, 2]]",8,24,150,0.84,0.002278,20,0.005742579698562622,0.03811216354370117,0.043933738939347745,OPTIMAL,8.5,,,0.0,386.0,4.0,80,35.75,715,,8.5,8.5,,8.5,8.5,False,,,False,
10107985014724230268,0,20,4,"[5, 5, 5, 5]","[[1, 1, 2, 4, 5], [3, 3, 4, 4, 6], [2, 3, 4, 4, 7], [1, 4, 4, 4, 4]]",1.0,1,2,4,4,PP,"[[4, 1], [4, 1], [4, 1], [4, 1]]",8,24,150,0.84,0.002454,20,0.005795148201286793,0.029831886291503906,0.03571253825205946,OPTIMAL,8.5,,,0.0,196.0,2.55,51,41.25,825,,8.5,8.5,,8.5,8.5,False,,,False,
10107985014724230268,0,20,4,"[5, 5, 5, 5]","[[1, 1, 2, 4, 5], [3, 3, 4, 4, 6], [2, 3, 4, 4, 7], [1, 4, 4, 4, 4]]",1.0,1,2,4,5,PP,"[[5], [5], [5], [5]]",4,6,150,0.96,0.0029845,20,0.0063092466443777084,0.003258943557739258,0.009641872330078603,OPTIMAL,8.5,,,0.0,1.0,4.75,95,44.0,880,,8.5,8.5,,8.5,8.5,False,,,False,
12835621316930140213,1,20,4,"[5, 5, 5, 5]","[[1, 2, 2, 2, 2], [2, 3, 7, 8, 10], [3, 5, 5, 6, 9], [1, 1, 1, 2, 4]]",1.0,1,2,,1,NP,"[[1, 1, 1, 1, 1], [1, 1, 1, 1, 1], [1, 1, 1, 1, 1], [1, 1, 1, 1, 1]]",20,150,150,0.0,0.002138,20,0.010743417777121067,26.470958948135376,26.481789309214818,OPTIMAL,8.2,0.0,np_gurobi_optimal,0.0,318512.0,0.0,0,0.0,0,8.2,,,8.2,,,False,,,False,
12835621316930140213,1,20,4,"[5, 5, 5, 5]","[[1, 2, 2, 2, 2], [2, 3, 7, 8, 10], [3, 5, 5, 6, 9], [1, 1, 1, 2, 4]]",1.0,1,2,2,,CHP,"[[5], [2, 3], [4, 1], [5]]",6,13,150,0.9133333333333333,0.001547,20,0.004603186622262001,0.016582012176513672,0.021251594720968724,OPTIMAL,8.2,0.0,np_gurobi_optimal,0.0,91.0,2.25,45,16.15,323,8.2,,,8.2,8.2,,False,,,False,
12835621316930140213,1,20,4,"[5, 5, 5, 5]","[[1, 2, 2, 2, 2], [2, 3, 7, 8, 10], [3, 5, 5, 6, 9], [1, 1, 1, 2, 4]]",1.0,1,2,2,2,PP,"[[2, 2, 1], [2, 2, 1], [2, 2, 1], [2, 2, 1]]",12,54,150,0.64,0.004637,20,0.005713144317269325,0.14714694023132324,0.15293554211113405,OPTIMAL,8.2,0.0,np_gurobi_optimal,0.0,4686.0,0.85,17,8.5,170,8.2,8.2,8.2,8.2,8.2,8.2,True,True,8.5,True,True
12835621316930140213,1,20,4,"[5, 5, 5, 5]","[[1, 2, 2, 2, 2], [2, 3, 7, 8, 10], [3, 5, 5, 6, 9], [1, 1, 1, 2, 4]]",1.0,1,2,2,3,PP,"[[3, 2], [2, 3], [3, 1, 1], [3, 2]]",9,30,150,0.8,0.0017925,20,0.005394573323428631,0.04380989074707031,0.04927967272905588,OPTIMAL,8.2,0.0,np_gurobi_optimal,0.0,1109.0,2.25,45,11.05,221,8.2,8.2,8.2,8.2,8.2,8.2,True,True,11.05,True,True
12835621316930140213,1,20,4,"[5, 5, 5, 5]","[[1, 2, 2, 2, 2], [2, 3, 7, 8, 10], [3, 5, 5, 6, 9], [1, 1, 1, 2, 4]]",1.0,1,2,2,4,PP,"[[4, 1], [2, 3], [4, 1], [4, 1]]",8,24,150,0.84,0.004562,20,0.005269794724881649,0.03081989288330078,0.0361660173257823,OPTIMAL,8.2,0.0,np_gurobi_optimal,0.0,345.0,1.55,31,12.75,255,8.2,8.2,8.2,8.2,8.2,8.2,True,True,12.75,True,True
12835621316930140213,1,20,4,"[5, 5, 5, 5]","[[1, 2, 2, 2, 2], [2, 3, 7, 8, 10], [3, 5, 5, 6, 9], [1, 1, 1, 2, 4]]",1.0,1,2,2,5,PP,"[[5], [2, 3], [4, 1], [5]]",6,13,150,0.9133333333333333,0.004136,20,0.004873455502092838,0.014963150024414062,0.01990325189771509,OPTIMAL,8.2,0.0,np_gurobi_optimal,0.0,91.0,2.25,45,13.6,272,8.2,8.2,8.2,8.2,8.2,8.2,True,True,13.6,True,True
12835621316930140213,1,20,4,"[5, 5, 5, 5]","[[1, 2, 2, 2, 2], [2, 3, 7, 8, 10], [3, 5, 5, 6, 9], [1, 1, 1, 2, 4]]",1.0,1,2,3,,CHP,"[[5], [2, 3], [5], [5]]",5,9,150,0.94,0.001623,20,0.0043914178386330605,0.0047550201416015625,0.009202359880302428,OPTIMAL,8.2,0.0,np_gurobi_optimal,0.0,1.0,3.75,75,34.2,684,8.2,,,8.2,8.2,,False,,,False,
12835621316930140213,1,20,4,"[5, 5, 5, 5]","[[1, 2, 2, 2, 2], [2, 3, 7, 8, 10], [3, 5, 5, 6, 9], [1, 1, 1, 2, 4]]",1.0,1,2,3,2,PP,"[[2, 2, 1], [2, 2, 1], [2, 2, 1], [2, 2, 1]]",12,54,150,0.64,0.001818,20,0.005264296196401119,0.13736605644226074,0.14270781917743014,OPTIMAL,8.2,0.0,np_gurobi_optimal,0.0,4686.0,0.85,17,18.0,360,8.2,8.2,8.2,8.2,8.2,8.2,True,True,18.0,True,True
12835621316930140213,1,20,4,"[5, 5, 5, 5]","[[1, 2, 2, 2, 2], [2, 3, 7, 8, 10], [3, 5, 5, 6, 9], [1, 1, 1, 2, 4]]",1.0,1,2,3,3,PP,"[[3, 2], [2, 3], [3, 2], [3, 2]]",8,24,150,0.84,0.002744,20,0.0066239722073078156,0.04919290542602539,0.055902832511407374,OPTIMAL,8.2,0.0,np_gurobi_optimal,0.0,737.0,3.75,75,23.4,468,8.2,8.2,8.2,8.2,8.2,8.2,True,True,23.4,True,True
12835621316930140213,1,20,4,"[5, 5, 5, 5]","[[1, 2, 2, 2, 2], [2, 3, 7, 8, 10], [3, 5, 5, 6, 9], [1, 1, 1, 2, 4]]",1.0,1,2,3,4,PP,"[[4, 1], [2, 3], [4, 1], [4, 1]]",8,24,150,0.84,0.004417,20,0.0048453835770487785,0.03013300895690918,0.03504384655285311,OPTIMAL,8.2,0.0,np_gurobi_optimal,0.0,345.0,1.55,31,27.0,540,8.2,8.2,8.2,8.2,8.2,8.2,True,True,27.0,True,True
12835621316930140213,1,20,4,"[5, 5, 5, 5]","[[1, 2, 2, 2, 2], [2, 3, 7, 8, 10], [3, 5, 5, 6, 9], [1, 1, 1, 2, 4]]",1.0,1,2,3,5,PP,"[[5], [2, 3], [5], [5]]",5,9,150,0.94,0.0015875,20,0.004384016618132591,0.005011081695556641,0.009450018932247162,OPTIMAL,8.2,0.0,np_gurobi_optimal,0.0,1.0,3.75,75,28.8,576,8.2,8.2,8.2,8.2,8.2,8.2,True,True,28.8,True,True
12835621316930140213,1,20,4,"[5, 5, 5, 5]","[[1, 2, 2, 2, 2], [2, 3, 7, 8, 10], [3, 5, 5, 6, 9], [1, 1, 1, 2, 4]]",1.0,1,2,4,,CHP,"[[5], [5], [5], [5]]",4,6,150,0.96,0.0015825,20,0.0041195061057806015,0.002274036407470703,0.00644614286388874,OPTIMAL,8.2,0.0,np_gurobi_optimal,0.0,1.0,6.35,127,52.25,1045,8.2,,,8.2,8.2,,False,,,False,
12835621316930140213,1,20,4,"[5, 5, 5, 5]","[[1, 2, 2, 2, 2], [2, 3, 7, 8, 10], [3, 5, 5, 6, 9], [1, 1, 1, 2, 4]]",1.0,1,2,4,2,PP,"[[2, 2, 1], [2, 2, 1], [2, 2, 1], [2, 2, 1]]",12,54,150,0.64,0.001703,20,0.004843231290578842,0.13984107971191406,0.14474677628122853,OPTIMAL,8.2,0.0,np_gurobi_optimal,0.0,4686.0,0.85,17,27.5,550,8.2,8.2,8.2,8.2,8.2,8.2,True,True,27.5,True,True
12835621316930140213,1,20,4,"[5, 5, 5, 5]","[[1, 2, 2, 2, 2], [2, 3, 7, 8, 10], [3, 5, 5, 6, 9], [1, 1, 1, 2, 4]]",1.0,1,2,4,3,PP,"[[3, 2], [3, 2], [3, 2], [3, 2]]",8,24,150,0.84,0.001668,20,0.004899275489151478,0.02871990203857422,0.0336866099400096,OPTIMAL,8.2,0.0,np_gurobi_optimal,0.0,488.0,6.35,127,35.75,715,8.2,8.2,8.2,8.2,8.2,8.2,True,True,35.75,True,True
12835621316930140213,1,20,4,"[5, 5, 5, 5]","[[1, 2, 2, 2, 2], [2, 3, 7, 8, 10], [3, 5, 5, 6, 9], [1, 1, 1, 2, 4]]",1.0,1,2,4,4,PP,"[[4, 1], [4, 1], [4, 1], [4, 1]]",8,24,150,0.84,0.001752,20,0.004896160215139389,0.027309894561767578,0.03226677812233162,OPTIMAL,8.2,0.0,np_gurobi_optimal,0.0,349.0,3.45,69,41.25,825,8.2,8.2,8.2,8.2,8.2,8.2,True,True,41.25,True,True
12835621316930140213,1,20,4,"[5, 5, 5, 5]","[[1, 2, 2, 2, 2], [2, 3, 7, 8, 10], [3, 5, 5, 6, 9], [1, 1, 1, 2, 4]]",1.0,1,2,4,5,PP,"[[5], [5], [5], [5]]",4,6,150,0.96,0.001657,20,0.004803480580449104,0.0020589828491210938,0.006917670546288014,OPTIMAL,8.2,0.0,np_gurobi_optimal,0.0,1.0,6.35,127,44.0,880,8.2,8.2,8.2,8.2,8.2,8.2,True,True,44.0,True,True
14771961737711289545,2,20,4,"[5, 5, 5, 5]","[[5, 7, 8, 10, 10], [1, 1, 2, 3, 4], [1, 3, 4, 5, 5], [2, 2, 3, 3, 4]]",1.0,1,2,,1,NP,"[[1, 1, 1, 1, 1], [1, 1, 1, 1, 1], [1, 1, 1, 1, 1], [1, 1, 1, 1, 1]]",20,150,150,0.0,0.001277,20,0.00741911306977272,27.161340951919556,27.16882723213016,OPTIMAL,7.85,0.0,np_gurobi_optimal,0.0,305817.0,0.0,0,0.0,0,7.85,,,7.85,,,False,,,False,
14771961737711289545,2,20,4,"[5, 5, 5, 5]","[[5, 7, 8, 10, 10], [1, 1, 2, 3, 4], [1, 3, 4, 5, 5], [2, 2, 3, 3, 4]]",1.0,1,2,2,,CHP,"[[5], [5], [5], [5]]",4,6,150,0.96,0.0016625,20,0.004623166285455227,0.003038167953491211,0.007737874142622948,OPTIMAL,7.85,0.0,np_gurobi_optimal,0.0,1.0,2.45,49,16.15,323,7.85,,,7.85,7.85,,False,,,False,
14771961737711289545,2,20,4,"[5, 5, 5, 5]","[[5, 7, 8, 10, 10], [1, 1, 2, 3, 4], [1, 3, 4, 5, 5], [2, 2, 3, 3, 4]]",1.0,1,2,2,2,PP,"[[2, 2, 1], [2, 2, 1], [2, 2, 1], [2, 2, 1]]",12,54,150,0.64,0.0045615,20,0.005840687081217766,0.16896891593933105,0.1748877520424595,OPTIMAL,7.85,0.0,np_gurobi_optimal,0.0,3855.0,2.45,49,8.5,170,7.85,7.85,7.85,7.85,7.85,7.85,True,True,8.5,True,True
14771961737711289545,2,20,4,"[5, 5, 5, 5]","[[5, 7, 8, 10, 10], [1, 1, 2, 3, 4], [1, 3, 4, 5, 5], [2, 2, 3, 3, 4]]",1.0,1,2,2,3,PP,"[[3, 2], [3, 2], [3, 2], [3, 2]]",8,24,150,0.84,0.0018325,20,0.005010512657463551,0.0295870304107666,0.03467266413559437,OPTIMAL,7.85,0.0,np_gurobi_optimal,0.0,426.0,1.7,34,11.05,221,7.85,7.85,7.85,7.85,7.85,7.85,True,True,11.05,True,True
14771961737711289545,2,20,4,"[5, 5, 5, 5]","[[5, 7, 8, 10, 10], [1, 1, 2, 3, 4], [1, 3, 4, 5, 5], [2, 2, 3, 3, 4]]",1.0,1,2,2,4,PP,"[[4, 1], [4, 1], [4, 1], [4, 1]]",8,24,150,0.84,0.001667,20,0.0046230582520365715,0.028390884399414062,0.033081393621508595,OPTIMAL,7.85,0.0,np_gurobi_optimal,0.0,169.0,2.45,49,12.75,255,7.85,7.85,7.85,7.85,7.85,7.85,True,True,12.75,True,True
14771961737711289545,2,20,4,"[5, 5, 5, 5]","[[5, 7, 8, 10, 10], [1, 1, 2, 3, 4], [1, 3, 4, 5, 5], [2, 2, 3, 3, 4]]",1.0,1,2,2,5,PP,"[[5], [5], [5], [5]]",4,6,150,0.96,0.001813,20,0.004758642055094242,0.002563953399658203,0.007386062940514564,OPTIMAL,7.85,0.0,np_gurobi_optimal,0.0,1.0,2.45,49,13.6,272,7.85,7.85,7.85,7.85,7.85,7.85,True,True,13.6,True,True
14771961737711289545,2,20,4,"[5, 5, 5, 5]","[[5, 7, 8, 10, 10], [1, 1, 2, 3, 4], [1, 3, 4, 5, 5], [2, 2, 3, 3, 4]]",1.0,1,2,3,,CHP,"[[5], [5], [5], [5]]",4,6,150,0.96,0.0016425,20,0.004486209712922573,0.002801179885864258,0.007349938732521534,OPTIMAL,7.85,0.0,np_gurobi_optimal,0.0,1.0,2.45,49,34.2,684,7.85,,,7.85,7.85,,False,,,False,
14771961737711289545,2,20,4,"[5, 5, 5, 5]","[[5, 7, 8, 10, 10], [1, 1, 2, 3, 4], [1, 3, 4, 5, 5], [2, 2, 3, 3, 4]]",1.0,1,2,3,2,PP,"[[2, 2, 1], [2, 2, 1], [2, 2, 1], [2, 2, 1]]",12,54,150,0.64,0.004417,20,0.0055669331923127174,0.15628695487976074,0.1619255977847023,OPTIMAL,7.85,0.0,np_gurobi_optimal,0.0,3855.0,2.45,49,18.0,360,7.85,7.85,7.85,7.85,7.85,7.85,True,True,18.0,True,True
14771961737711289545,2,20,4,"[5, 5, 5, 5]","[[5, 7, 8, 10, 10], [1, 1, 2, 3, 4], [1, 3, 4, 5, 5], [2, 2, 3, 3, 4]]",1.0,1,2,3,3,PP,"[[3, 2], [3, 2], [3, 2], [3, 2]]",8,24,150,0.84,0.001723,20,0.0048061031848192215,0.03039693832397461,0.03526789420951414,OPTIMAL,7.85,0.0,np_gurobi_optimal,0.0,426.0,1.7,34,23.4,468,7.85,7.85,7.85,7.85,7.85,7.85,True,True,23.4,True,True
14771961737711289545,2,20,4,"[5, 5, 5, 5]","[[5, 7, 8, 10, 10], [1, 1, 2, 3, 4], [1, 3, 4, 5, 5], [2, 2, 3, 3, 4]]",1.0,1,2,3,4,PP,"[[4, 1], [4, 1], [4, 1], [4, 1]]",8,24,150,0.84,0.001783,20,0.005488415248692036,0.028671979904174805,0.03423357241011429,OPTIMAL,7.85,0.0,np_gurobi_optimal,0.0,169.0,2.45,49,27.0,540,7.85,7.85,7.85,7.85,7.85,7.85,True,True,27.0,True,True
14771961737711289545,2,20,4,"[5, 5, 5, 5]","[[5, 7, 8, 10, 10], [1, 1, 2, 3, 4], [1, 3, 4, 5, 5], [2, 2, 3, 3, 4]]",1.0,1,2,3,5,PP,"[[5], [5], [5], [5]]",4,6,150,0.96,0.001708,20,0.004538329318165779,0.0029151439666748047,0.007510126522775173,OPTIMAL,7.85,0.0,np_gurobi_optimal,0.0,1.0,2.45,49,28.8,576,7.85,7.85,7.85,7.85,7.85,7.85,True,True,28.8,True,True
14771961737711289545,2,20,4,"[5, 5, 5, 5]","[[5, 7, 8, 10, 10], [1, 1, 2, 3, 4], [1, 3, 4, 5, 5], [2, 2, 3, 3, 4]]",1.0,1,2,4,,CHP,"[[5], [5], [5], [5]]",4,6,150,0.96,0.001573,20,0.004131303168833256,0.002960205078125,0.0071433763912777904,OPTIMAL,7.85,0.0,np_gurobi_optimal,0.0,1.0,2.45,49,52.25,1045,7.85,,,7.85,7.85,,False,,,False,
14771961737711289545,2,20,4,"[5, 5, 5, 5]","[[5, 7, 8, 10, 10], [1, 1, 2, 3, 4], [1, 3, 4, 5, 5], [2, 2, 3, 3, 4]]",1.0,1,2,4,2,PP,"[[2, 2, 1], [2, 2, 1], [2, 2, 1], [2, 2, 1]]",12,54,150,0.64,0.0017775,20,0.00479995459318161,0.15555405616760254,0.1604161202684903,OPTIMAL,7.85,0.0,np_gurobi_optimal,0.0,3855.0,2.45,49,27.5,550,7.85,7.85,7.85,7.85,7.85,7.85,True,True,27.5,True,True
14771961737711289545,2,20,4,"[5, 5, 5, 5]","[[5, 7, 8, 10, 10], [1, 1, 2, 3, 4], [1, 3, 4, 5, 5], [2, 2, 3, 3, 4]]",1.0,1,2,4,3,PP,"[[3, 2], [3, 2], [3, 2], [3, 2]]",8,24,150,0.84,0.0017425,20,0.005041670054197311,0.030084848403930664,0.03519943076663494,OPTIMAL,7.85,0.0,np_gurobi_optimal,0.0,426.0,1.7,34,35.75,715,7.85,7.85,7.85,7.85,7.85,7.85,True,True,35.75,True,True
14771961737711289545,2,20,4,"[5, 5, 5, 5]","[[5, 7, 8, 10, 10], [1, 1, 2, 3, 4], [1, 3, 4, 5, 5], [2, 2, 3, 3, 4]]",1.0,1,2,4,4,PP,"[[4, 1], [4, 1], [4, 1], [4, 1]]",8,24,150,0.84,0.0018425,20,0.005617310293018818,0.029036998748779297,0.03472788852575302,OPTIMAL,7.85,0.0,np_gurobi_optimal,0.0,169.0,2.45,49,41.25,825,7.85,7.85,7.85,7.85,7.85,7.85,True,True,41.25,True,True
14771961737711289545,2,20,4,"[5, 5, 5, 5]","[[5, 7, 8, 10, 10], [1, 1, 2, 3, 4], [1, 3, 4, 5, 5], [2, 2, 3, 3, 4]]",1.0,1,2,4,5,PP,"[[5], [5], [5], [5]]",4,6,150,0.96,0.001632,20,0.004472279921174049,0.0029430389404296875,0.007475858877093315,OPTIMAL,7.85,0.0,np_gurobi_optimal,0.0,1.0,2.45,49,44.0,880,7.85,7.85,7.85,7.85,7.85,7.85,True,True,44.0,True,True
15893926290266683135,3,20,4,"[5, 5, 5, 5]","[[1, 1, 2, 3, 3], [3, 3, 4, 4, 5], [2, 2, 6, 9, 9], [1, 2, 2, 2, 3]]",1.0,1,2,,1,NP,"[[1, 1, 1, 1, 1], [1, 1, 1, 1, 1], [1, 1, 1, 1, 1], [1, 1, 1, 1, 1]]",20,150,150,0.0,0.0030945,20,0.008024227805435658,21.84409499168396,21.85219387029677,OPTIMAL,8.65,0.0,np_gurobi_optimal,0.0,257471.0,0.0,0,0.0,0,8.65,,,8.65,,,False,,,False,
15893926290266683135,3,20,4,"[5, 5, 5, 5]","[[1, 1, 2, 3, 3], [3, 3, 4, 4, 5], [2, 2, 6, 9, 9], [1, 2, 2, 2, 3]]",1.0,1,2,2,,CHP,"[[5], [5], [2, 1, 2], [5]]",6,12,150,0.92,0.0043565,20,0.004850069992244244,0.009807825088500977,0.014723723527282715,OPTIMAL,8.65,0.0,np_gurobi_optimal,0.0,1.0,0.0,0,16.15,323,8.65,,,8.65,8.65,,False,,,False,
15893926290266683135,3,20,4,"[5, 5, 5, 5]","[[1, 1, 2, 3, 3], [3, 3, 4, 4, 5], [2, 2, 6, 9, 9], [1, 2, 2, 2, 3]]",1.0,1,2,2,2,PP,"[[2, 2, 1], [2, 2, 1], [2, 1, 2], [2, 2, 1]]",12,54,150,0.64,0.001838,20,0.005571901798248291,0.21944808959960938,0.2250988013460045,OPTIMAL,8.65,0.0,np_gurobi_optimal,0.0,6328.0,0.0,0,8.5,170,8.65,8.65,8.65,8.65,8.65,8.65,True,True,8.5,True,True
15893926290266683135,3,20,4,"[5, 5, 5, 5]","[[1, 1, 2, 3, 3], [3, 3, 4, 4, 5], [2, 2, 6, 9, 9], [1, 2, 2, 2, 3]]",1.0,1,2,2,3,PP,"[[3, 2], [3, 2], [2, 1, 2], [3, 2]]",9,30,150,0.8,0.0043315,20,0.005059096030890942,0.06453800201416016,0.06967746551401043,OPTIMAL,8.65,0.0,np_gurobi_optimal,0.0,1281.0,0.0,0,11.05,221,8.65,8.65,8.65,8.65,8.65,8.65,True,True,11.05,True,True
15893926290266683135,3,20,4,"[5, 5, 5, 5]","[[1, 1, 2, 3, 3], [3, 3, 4, 4, 5], [2, 2, 6, 9, 9], [1, 2, 2, 2, 3]]",1.0,1,2,2,4,PP,"[[4, 1], [4, 1], [2, 1, 2], [4, 1]]",9,30,150,0.8,0.001778,20,0.005311046727001667,0.047515869140625,0.05290322295666027,OPTIMAL,8.65,0.0,np_gurobi_optimal,0.0,498.0,0.0,0,12.75,255,8.65,8.65,8.65,8.65,8.65,8.65,True,True,12.75,True,True
15893926290266683135,3,20,4,"[5, 5, 5, 5]","[[1, 1, 2, 3, 3], [3, 3, 4, 4, 5], [2, 2, 6, 9, 9], [1, 2, 2, 2, 3]]",1.0,1,2,2,5,PP,"[[5], [5], [2, 1, 2], [5]]",6,12,150,0.92,0.001788,20,0.00483949389308691,0.007400035858154297,0.012309630262089253,OPTIMAL,8.65,0.0,np_gurobi_optimal,0.0,1.0,0.0,0,13.6,272,8.65,8.65,8.65,8.65,8.65,8.65,True,True,13.6,True,True
15893926290266683135,3,20,4,"[5, 5, 5, 5]","[[1, 1, 2, 3, 3], [3, 3, 4, 4, 5], [2, 2, 6, 9, 9], [1, 2, 2, 2, 3]]",1.0,1,2,3,,CHP,"[[5], [5], [2, 3], [5]]",5,9,150,0.94,0.001637,20,0.00477644894272089,0.008011102676391602,0.012858018013989449,OPTIMAL,8.65,0.0,np_gurobi_optimal,0.0,1.0,1.6,32,34.2,684,8.65,,,8.65,8.65,,False,,,False,
15893926290266683135,3,20,4,"[5, 5, 5, 5]","[[1, 1, 2, 3, 3], [3, 3, 4, 4, 5], [2, 2, 6, 9, 9], [1, 2, 2, 2, 3]]",1.0,1,2,3,2,PP,"[[2, 2, 1], [2, 2, 1], [2, 2, 1], [2, 2, 1]]",12,54,150,0.64,0.001823,20,0.0057426998391747475,0.23264503479003906,0.2384632550471883,OPTIMAL,8.65,0.0,np_gurobi_optimal,0.0,7338.0,1.6,32,18.0,360,8.65,8.65,8.65,8.65,8.65,8.65,True,True,18.0,True,True
15893926290266683135,3,20,4,"[5, 5, 5, 5]","[[1, 1, 2, 3, 3], [3, 3, 4, 4, 5], [2, 2, 6, 9, 9], [1, 2, 2, 2, 3]]",1.0,1,2,3,3,PP,"[[3, 2], [3, 2], [2, 3], [3, 2]]",8,24,150,0.84,0.002028,20,0.005211846902966499,0.041494131088256836,0.04677941701227713,OPTIMAL,8.65,0.0,np_gurobi_optimal,0.0,809.0,1.6,32,23.4,468,8.65,8.65,8.65,8.65,8.65,8.65,True,True,23.4,True,True
15893926290266683135,3,20,4,"[5, 5, 5, 5]","[[1, 1, 2, 3, 3], [3, 3, 4, 4, 5], [2, 2, 6, 9, 9], [1, 2, 2, 2, 3]]",1.0,1,2,3,4,PP,"[[4, 1], [4, 1], [2, 3], [4, 1]]",8,24,150,0.84,0.004587,20,0.005302875302731991,0.028506040573120117,0.03388788760988665,OPTIMAL,8.65,0.0,np_gurobi_optimal,0.0,308.0,1.6,32,27.0,540,8.65,8.65,8.65,8.65,8.65,8.65,True,True,27.0,True,True
15893926290266683135,3,20,4,"[5, 5, 5, 5]","[[1, 1, 2, 3, 3], [3, 3, 4, 4, 5], [2, 2, 6, 9, 9], [1, 2, 2, 2, 3]]",1.0,1,2,3,5,PP,"[[5], [5], [2, 3], [5]]",5,9,150,0.94,0.0017375,20,0.00469806045293808,0.007378101348876953,0.012142777095007896,OPTIMAL,8.65,0.0,np_gurobi_optimal,0.0,1.0,1.6,32,28.8,576,8.65,8.65,8.65,8.65,8.65,8.65,True,True,28.8,True,True
15893926290266683135,3,20,4,"[5, 5, 5, 5]","[[1, 1, 2, 3, 3], [3, 3, 4, 4, 5], [2, 2, 6, 9, 9], [1, 2, 2, 2, 3]]",1.0,1,2,4,,CHP,"[[5], [5], [5], [5]]",4,6,150,0.96,0.001547,20,0.004519040696322918,0.0022788047790527344,0.006863037197479725,OPTIMAL,8.65,0.0,np_gurobi_optimal,0.0,1.0,4.2,84,52.25,1045,8.65,,,8.65,8.65,,False,,,False,
15893926290266683135,3,20,4,"[5, 5, 5, 5]","[[1, 1, 2, 3, 3], [3, 3, 4, 4, 5], [2, 2, 6, 9, 9], [1, 2, 2, 2, 3]]",1.0,1,2,4,2,PP,"[[2, 2, 1], [2, 2, 1], [2, 2, 1], [2, 2, 1]]",12,54,150,0.64,0.004752,20,0.0061296941712498665,0.23698902130126953,0.24320723900678348,OPTIMAL,8.65,0.0,np_gurobi_optimal,0.0,7338.0,1.6,32,27.5,550,8.65,8.65,8.65,8.65,8.65,8.65,True,True,27.5,True,True
15893926290266683135,3,20,4,"[5, 5, 5, 5]","[[1, 1, 2, 3, 3], [3, 3, 4, 4, 5], [2, 2, 6, 9, 9], [1, 2, 2, 2, 3]]",1.0,1,2,4,3,PP,"[[3, 2], [3, 2], [3, 2], [3, 2]]",8,24,150,0.84,0.004381,20,0.005304607562720776,0.036412954330444336,0.041791467986005304,OPTIMAL,8.65,0.0,np_gurobi_optimal,0.0,531.0,2.6,52,35.75,715,8.65,8.65,8.65,8.65,8.65,8.65,True,True,35.75,True,True
15893926290266683135,3,20,4,"[5, 5, 5, 5]","[[1, 1, 2, 3, 3], [3, 3, 4, 4, 5], [2, 2, 6, 9, 9], [1, 2, 2, 2, 3]]",1.0,1,2,4,4,PP,"[[4, 1], [4, 1], [4, 1], [4, 1]]",8,24,150,0.84,0.004597,20,0.005631010979413986,0.027324914932250977,0.0330400075681181,OPTIMAL,8.65,0.0,np_gurobi_optimal,0.0,303.0,4.2,84,41.25,825,8.65,8.65,8.65,8.65,8.65,8.65,True,True,41.25,True,True
15893926290266683135,3,20,4,"[5, 5, 5, 5]","[[1, 1, 2, 3, 3], [3, 3, 4, 4, 5], [2, 2, 6, 9, 9], [1, 2, 2, 2, 3]]",1.0,1,2,4,5,PP,"[[5], [5], [5], [5]]",4,6,150,0.96,0.0017425,20,0.004542115144431591,0.002658843994140625,0.007258120919697284,OPTIMAL,8.65,0.0,np_gurobi_optimal,0.0,1.0,4.2,84,44.0,880,8.65,8.65,8.65,8.65,8.65,8.65,True,True,44.0,True,True
17619137187449863557,4,20,4,"[5, 5, 5, 5]","[[1, 2, 3, 3, 4], [1, 2, 3, 3, 4], [4, 4, 4, 5, 5], [2, 5, 5, 5, 6]]",1.0,1,2,,1,NP,"[[1, 1, 1, 1, 1], [1, 1, 1, 1, 1], [1, 1, 1, 1, 1], [1, 1, 1, 1, 1]]",20,150,150,0.0,0.001282,20,0.007947712205350399,30.011443853378296,30.019467319862002,TIME_LIMIT,8.45,,,0.15134595095094566,277441.0,0.0,0,0.0,0,,,,,,,False,,,False,
17619137187449863557,4,20,4,"[5, 5, 5, 5]","[[1, 2, 3, 3, 4], [1, 2, 3, 3, 4], [4, 4, 4, 5, 5], [2, 5, 5, 5, 6]]",1.0,1,2,2,,CHP,"[[5], [5], [5], [1, 4]]",5,9,150,0.94,0.002078,20,0.005217033438384533,0.00598907470703125,0.011286001871815205,OPTIMAL,8.45,,,0.0,1.0,0.0,0,16.15,323,,,,,8.45,,False,,,False,
17619137187449863557,4,20,4,"[5, 5, 5, 5]","[[1, 2, 3, 3, 4], [1, 2, 3, 3, 4], [4, 4, 4, 5, 5], [2, 5, 5, 5, 6]]",1.0,1,2,2,2,PP,"[[2, 2, 1], [2, 2, 1], [2, 2, 1], [1, 2, 2]]",12,54,150,0.64,0.001828,20,0.005266459658741951,0.20295405387878418,0.2082860272378235,OPTIMAL,8.45,,,0.0,8296.0,0.0,0,8.5,170,,8.45,8.45,,8.45,8.45,False,,,False,
17619137187449863557,4,20,4,"[5, 5, 5, 5]","[[1, 2, 3, 3, 4], [1, 2, 3, 3, 4], [4, 4, 4, 5, 5], [2, 5, 5, 5, 6]]",1.0,1,2,2,3,PP,"[[3, 2], [3, 2], [3, 2], [1, 3, 1]]",9,30,150,0.8,0.001828,20,0.005255892872810364,0.0563969612121582,0.06172295175497818,OPTIMAL,8.45,,,0.0,853.0,0.0,0,11.05,221,,8.45,8.45,,8.45,8.45,False,,,False,
17619137187449863557,4,20,4,"[5, 5, 5, 5]","[[1, 2, 3, 3, 4], [1, 2, 3, 3, 4], [4, 4, 4, 5, 5], [2, 5, 5, 5, 6]]",1.0,1,2,2,4,PP,"[[4, 1], [4, 1], [4, 1], [1, 4]]",8,24,150,0.84,0.0018225,20,0.005053036846220493,0.030969858169555664,0.03609156878150463,OPTIMAL,8.45,,,0.0,425.0,0.0,0,12.75,255,,8.45,8.45,,8.45,8.45,False,,,False,
17619137187449863557,4,20,4,"[5, 5, 5, 5]","[[1, 2, 3, 3, 4], [1, 2, 3, 3, 4], [4, 4, 4, 5, 5], [2, 5, 5, 5, 6]]",1.0,1,2,2,5,PP,"[[5], [5], [5], [1, 4]]",5,9,150,0.94,0.001782,20,0.005300220102071762,0.004756927490234375,0.010121806904608727,OPTIMAL,8.45,,,0.0,1.0,0.0,0,13.6,272,,8.45,8.45,,8.45,8.45,False,,,False,
17619137187449863557,4,20,4,"[5, 5, 5, 5]","[[1, 2, 3, 3, 4], [1, 2, 3, 3, 4], [4, 4, 4, 5, 5], [2, 5, 5, 5, 6]]",1.0,1,2,3,,CHP,"[[5], [5], [5], [5]]",4,6,150,0.96,0.0040465,20,0.004435844719409943,0.0025420188903808594,0.0070362648892130855,OPTIMAL,8.45,,,0.0,1.0,1.8,36,34.2,684,,,,,8.45,,False,,,False,
17619137187449863557,4,20,4,"[5, 5, 5, 5]","[[1, 2, 3, 3, 4], [1, 2, 3, 3, 4], [4, 4, 4, 5, 5], [2, 5, 5, 5, 6]]",1.0,1,2,3,2,PP,"[[2, 2, 1], [2, 2, 1], [2, 2, 1], [2, 2, 1]]",12,54,150,0.64,0.0043765,20,0.005707366392016411,0.13495492935180664,0.1407373391381397,OPTIMAL,8.45,,,0.0,3682.0,1.8,36,18.0,360,,8.45,8.45,,8.45,8.45,False,,,False,
17619137187449863557,4,20,4,"[5, 5, 5, 5]","[[1, 2, 3, 3, 4], [1, 2, 3, 3, 4], [4, 4, 4, 5, 5], [2, 5, 5, 5, 6]]",1.0,1,2,3,3,PP,"[[3, 2], [3, 2], [3, 2], [3, 2]]",8,24,150,0.84,0.003305,20,0.007192711345851421,0.03384113311767578,0.04111997849934578,OPTIMAL,8.45,,,0.0,512.0,1.8,36,23.4,468,,8.45,8.45,,8.45,8.45,False,,,False,
17619137187449863557,4,20,4,"[5, 5, 5, 5]","[[1, 2, 3, 3, 4], [1, 2, 3, 3, 4], [4, 4, 4, 5, 5], [2, 5, 5, 5, 6]]",1.0,1,2,3,4,PP,"[[4, 1], [4, 1], [4, 1], [4, 1]]",8,24,150,0.84,0.002499,20,0.005987228825688362,0.028015851974487305,0.034118480310606006,OPTIMAL,8.45,,,0.0,330.0,1.8,36,27.0,540,,8.45,8.45,,8.45,8.45,False,,,False,
17619137187449863557,4,20,4,"[5, 5, 5, 5]","[[1, 2, 3, 3, 4], [1, 2, 3, 3, 4], [4, 4, 4, 5, 5], [2, 5, 5, 5, 6]]",1.0,1,2,3,5,PP,"[[5], [5], [5], [5]]",4,6,150,0.96,0.0017675,20,0.0047386521473526955,0.0025949478149414062,0.0073996687668132785,OPTIMAL,8.45,,,0.0,1.0,1.8,36,28.8,576,,8.45,8.45,,8.45,8.45,False,,,False,
17619137187449863557,4,20,4,"[5, 5, 5, 5]","[[1, 2, 3, 3, 4], [1, 2, 3, 3, 4], [4, 4, 4, 5, 5], [2, 5, 5, 5, 6]]",1.0,1,2,4,,CHP,"[[5], [5], [5], [5]]",4,6,150,0.96,0.0016975,20,0.00444241426885128,0.001984834671020508,0.006484916132638454,OPTIMAL,8.45,,,0.0,1.0,1.8,36,52.25,1045,,,,,8.45,,False,,,False,
17619137187449863557,4,20,4,"[5, 5, 5, 5]","[[1, 2, 3, 3, 4], [1, 2, 3, 3, 4], [4, 4, 4, 5, 5], [2, 5, 5, 5, 6]]",1.0,1,2,4,2,PP,"[[2, 2, 1], [2, 2, 1], [2, 2, 1], [2, 2, 1]]",12,54,150,0.64,0.001928,20,0.005320832133293152,0.13000011444091797,0.13538792931869317,OPTIMAL,8.45,,,0.0,3682.0,1.8,36,27.5,550,,8.45,8.45,,8.45,8.45,False,,,False,
17619137187449863557,4,20,4,"[5, 5, 5, 5]","[[1, 2, 3, 3, 4], [1, 2, 3, 3, 4], [4, 4, 4, 5, 5], [2, 5, 5, 5, 6]]",1.0,1,2,4,3,PP,"[[3, 2], [3, 2], [3, 2], [3, 2]]",8,24,150,0.84,0.0018025,20,0.005226578563451767,0.03054189682006836,0.03583966700326443,OPTIMAL,8.45,,,0.0,512.0,1.8,36,35.75,715,,8.45,8.45,,8.45,8.45,False,,,False,
17619137187449863557,4,20,4,"[5, 5, 5, 5]","[[1, 2, 3, 3, 4], [1, 2, 3, 3, 4], [4, 4, 4, 5, 5], [2, 5, 5, 5, 6]]",1.0,1,2,4,4,PP,"[[4, 1], [4, 1], [4, 1], [4, 1]]",8,24,150,0.84,0.0017925,20,0.005063221789896488,0.02530503273010254,0.030436070339958668,OPTIMAL,8.45,,,0.0,330.0,1.8,36,41.25,825,,8.45,8.45,,8.45,8.45,False,,,False,
17619137187449863557,4,20,4,"[5, 5, 5, 5]","[[1, 2, 3, 3, 4], [1, 2, 3, 3, 4], [4, 4, 4, 5, 5], [2, 5, 5, 5, 6]]",1.0,1,2,4,5,PP,"[[5], [5], [5], [5]]",4,6,150,0.96,0.001718,20,0.004450877197086811,0.0023338794708251953,0.006842638075774193,OPTIMAL,8.45,,,0.0,1.0,1.8,36,44.0,880,,8.45,8.45,,8.45,8.45,False,,,False,
1704950194246489524,5,20,4,"[5, 5, 5, 5]","[[1, 2, 2, 4, 5], [3, 4, 7, 8, 8], [0, 1, 1, 2, 2], [2, 2, 3, 4, 5]]",1.0,1,2,,1,NP,"[[1, 1, 1, 1, 1], [1, 1, 1, 1, 1], [1, 1, 1, 1, 1], [1, 1, 1, 1, 1]]",20,150,150,0.0,0.0012065,20,0.007191679440438747,18.49862313270569,18.50588180075354,OPTIMAL,7.7,0.0,np_gurobi_optimal,0.0,177353.0,0.0,0,0.0,0,7.7,,,7.7,,,False,,,False,
1704950194246489524,5,20,4,"[5, 5, 5, 5]","[[1, 2, 2, 4, 5], [3, 4, 7, 8, 8], [0, 1, 1, 2, 2], [2, 2, 3, 4, 5]]",1.0,1,2,2,,CHP,"[[5], [2, 3], [5], [5]]",5,9,150,0.94,0.0016725,20,0.004644068889319897,0.004487037658691406,0.009192393006012439,OPTIMAL,7.7,0.0,np_gurobi_optimal,0.0,1.0,0.75,15,16.15,323,7.7,,,7.7,7.7,,False,,,False,
1704950194246489524,5,20,4,"[5, 5, 5, 5]","[[1, 2, 2, 4, 5], [3, 4, 7, 8, 8], [0, 1, 1, 2, 2], [2, 2, 3, 4, 5]]",1.0,1,2,2,2,PP,"[[2, 2, 1], [2, 2, 1], [2, 2, 1], [2, 2, 1]]",12,54,150,0.64,0.001697,20,0.005032886750996113,0.1576399803161621,0.16273556848976325,OPTIMAL,7.7,0.0,np_gurobi_optimal,0.0,3835.0,0.75,15,8.5,170,7.7,7.7,7.7,7.7,7.7,7.7,True,True,8.5,True,True
1704950194246489524,5,20,4,"[5, 5, 5, 5]","[[1, 2, 2, 4, 5], [3, 4, 7, 8, 8], [0, 1, 1, 2, 2], [2, 2, 3, 4, 5]]",1.0,1,2,2,3,PP,"[[3, 2], [2, 3], [3, 2], [3, 2]]",8,24,150,0.84,0.001853,20,0.005033377557992935,0.04262709617614746,0.04772760406471777,OPTIMAL,7.7,0.0,np_gurobi_optimal,0.0,560.0,0.0,0,11.05,221,7.7,7.7,7.7,7.7,7.7,7.7,True,True,11.05,True,True
1704950194246489524,5,20,4,"[5, 5, 5, 5]","[[1, 2, 2, 4, 5], [3, 4, 7, 8, 8], [0, 1, 1, 2, 2], [2, 2, 3, 4, 5]]",1.0,1,2,2,4,PP,"[[4, 1], [2, 3], [4, 1], [4, 1]]",8,24,150,0.84,0.004176,20,0.0057909321039915085,0.030466079711914062,0.036335995370388986,OPTIMAL,7.7,0.0,np_gurobi_optimal,0.0,244.0,0.75,15,12.75,255,7.7,7.7,7.7,7.7,7.7,7.7,True,True,12.75,True,True
1704950194246489524,5,20,4,"[5, 5, 5, 5]","[[1, 2, 2, 4, 5], [3, 4, 7, 8, 8], [0, 1, 1, 2, 2], [2, 2, 3, 4, 5]]",1.0,1,2,2,5,PP,"[[5], [2, 3], [5], [5]]",5,9,150,0.94,0.002279,20,0.005346921272575855,0.0040209293365478516,0.0094440794155159,OPTIMAL,7.7,0.0,np_gurobi_optimal,0.0,1.0,0.75,15,13.6,272,7.7,7.7,7.7,7.7,7.7,7.7,True,True,13.6,True,True
1704950194246489524,5,20,4,"[5, 5, 5, 5]","[[1, 2, 2, 4, 5], [3, 4, 7, 8, 8], [0, 1, 1, 2, 2], [2, 2, 3, 4, 5]]",1.0,1,2,3,,CHP,"[[5], [5], [5], [5]]",4,6,150,0.96,0.0022885,20,0.005070284008979797,0.002446889877319336,0.007598639706302643,OPTIMAL,7.7,0.0,np_gurobi_optimal,0.0,1.0,2.45,49,34.2,684,7.7,,,7.7,7.7,,False,,,False,
1704950194246489524,5,20,4,"[5, 5, 5, 5]","[[1, 2, 2, 4, 5], [3, 4, 7, 8, 8], [0, 1, 1, 2, 2], [2, 2, 3, 4, 5]]",1.0,1,2,3,2,PP,"[[2, 2, 1], [2, 2, 1], [2, 2, 1], [2, 2, 1]]",12,54,150,0.64,0.002414,20,0.006398029625415802,0.16301894187927246,0.1694942396253004,OPTIMAL,7.7,0.0,np_gurobi_optimal,0.0,3835.0,0.75,15,18.0,360,7.7,7.7,7.7,7.7,7.7,7.7,True,True,18.0,True,True
1704950194246489524,5,20,4,"[5, 5, 5, 5]","[[1, 2, 2, 4, 5], [3, 4, 7, 8, 8], [0, 1, 1, 2, 2], [2, 2, 3, 4, 5]]",1.0,1,2,3,3,PP,"[[3, 2], [3, 2], [3, 2], [3, 2]]",8,24,150,0.84,0.0016875,20,0.005418309010565281,0.02591085433959961,0.03139510465723276,OPTIMAL,7.7,0.0,np_gurobi_optimal,0.0,320.0,1.7,34,23.4,468,7.7,7.7,7.7,7.7,7.7,7.7,True,True,23.4,True,True
1704950194246489524,5,20,4,"[5, 5, 5, 5]","[[1, 2, 2, 4, 5], [3, 4, 7, 8, 8], [0, 1, 1, 2, 2], [2, 2, 3, 4, 5]]",1.0,1,2,3,4,PP,"[[4, 1], [4, 1], [4, 1], [4, 1]]",8,24,150,0.84,0.0042515,20,0.004648025147616863,0.01670694351196289,0.021415973094631672,OPTIMAL,7.7,0.0,np_gurobi_optimal,0.0,195.0,2.45,49,27.0,540,7.7,7.7,7.7,7.7,7.7,7.7,True,True,27.0,True,True
1704950194246489524,5,20,4,"[5, 5, 5, 5]","[[1, 2, 2, 4, 5], [3, 4, 7, 8, 8], [0, 1, 1, 2, 2], [2, 2, 3, 4, 5]]",1.0,1,2,3,5,PP,"[[5], [5], [5], [5]]",4,6,150,0.96,0.0016925,20,0.004755698144435883,0.001833200454711914,0.006643811527674198,OPTIMAL,7.7,0.0,np_gurobi_optimal,0.0,1.0,2.45,49,28.8,576,7.7,7.7,7.7,7.7,7.7,7.7,True,True,28.8,True,True
1704950194246489524,5,20,4,"[5, 5, 5, 5]","[[1, 2, 2, 4, 5], [3, 4, 7, 8, 8], [0, 1, 1, 2, 2], [2, 2, 3, 4, 5]]",1.0,1,2,4,,CHP,"[[5], [5], [5], [5]]",4,6,150,0.96,0.004026,20,0.004367250949144363,0.0018260478973388672,0.006251227934456825,OPTIMAL,7.7,0.0,np_gurobi_optimal,0.0,1.0,2.45,49,52.25,1045,7.7,,,7.7,7.7,,False,,,False,
1704950194246489524,5,20,4,"[5, 5, 5, 5]","[[1, 2, 2, 4, 5], [3, 4, 7, 8, 8], [0, 1, 1, 2, 2], [2, 2, 3, 4, 5]]",1.0,1,2,4,2,PP,"[[2, 2, 1], [2, 2, 1], [2, 2, 1], [2, 2, 1]]",12,54,150,0.64,0.004417,20,0.005062371492385864,0.16025090217590332,0.16538063224184943,OPTIMAL,7.7,0.0,np_gurobi_optimal,0.0,3835.0,0.75,15,27.5,550,7.7,7.7,7.7,7.7,7.7,7.7,True,True,27.5,True,True
1704950194246489524,5,20,4,"[5, 5, 5, 5]","[[1, 2, 2, 4, 5], [3, 4, 7, 8, 8], [0, 1, 1, 2, 2], [2, 2, 3, 4, 5]]",1.0,1,2,4,3,PP,"[[3, 2], [3, 2], [3, 2], [3, 2]]",8,24,150,0.84,0.004637,20,0.005359889939427376,0.026096820831298828,0.031526027192210676,OPTIMAL,7.7,0.0,np_gurobi_optimal,0.0,320.0,1.7,34,35.75,715,7.7,7.7,7.7,7.7,7.7,7.7,True,True,35.75,True,True
1704950194246489524,5,20,4,"[5, 5, 5, 5]","[[1, 2, 2, 4, 5], [3, 4, 7, 8, 8], [0, 1, 1, 2, 2], [2, 2, 3, 4, 5]]",1.0,1,2,4,4,PP,"[[4, 1], [4, 1], [4, 1], [4, 1]]",8,24,150,0.84,0.001673,20,0.004671510308980942,0.017976999282836914,0.022711866879902363,OPTIMAL,7.7,0.0,np_gurobi_optimal,0.0,195.0,2.45,49,41.25,825,7.7,7.7,7.7,7.7,7.7,7.7,True,True,41.25,True,True
1704950194246489524,5,20,4,"[5, 5, 5, 5]","[[1, 2, 2, 4, 5], [3, 4, 7, 8, 8], [0, 1, 1, 2, 2], [2, 2, 3, 4, 5]]",1.0,1,2,4,5,PP,"[[5], [5], [5], [5]]",4,6,150,0.96,0.0017575,20,0.004561023786664009,0.002084970474243164,0.006706250925786496,OPTIMAL,7.7,0.0,np_gurobi_optimal,0.0,1.0,2.45,49,44.0,880,7.7,7.7,7.7,7.7,7.7,7.7,True,True,44.0,True,True
7973766993903401009,6,20,4,"[5, 5, 5, 5]","[[2, 3, 5, 10, 11], [2, 2, 3, 4, 6], [0, 1, 4, 4, 5], [4, 5, 6, 6, 8]]",1.0,1,2,,1,NP,"[[1, 1, 1, 1, 1], [1, 1, 1, 1, 1], [1, 1, 1, 1, 1], [1, 1, 1, 1, 1]]",20,150,150,0.0,0.00302,20,0.007712535560131073,24.384356021881104,24.39214999200805,OPTIMAL,7.05,0.0,np_gurobi_optimal,0.0,291570.0,0.0,0,0.0,0,7.05,,,7.05,,,False,,,False,
7973766993903401009,6,20,4,"[5, 5, 5, 5]","[[2, 3, 5, 10, 11], [2, 2, 3, 4, 6], [0, 1, 4, 4, 5], [4, 5, 6, 6, 8]]",1.0,1,2,2,,CHP,"[[3, 2], [5], [2, 3], [5]]",6,13,150,0.9133333333333333,0.002919,20,0.006608238443732262,0.007189035415649414,0.013897399653107167,OPTIMAL,7.05,0.0,np_gurobi_optimal,0.0,1.0,2.2,44,16.15,323,7.05,,,7.05,7.05,,False,,,False,
7973766993903401009,6,20,4,"[5, 5, 5, 5]","[[2, 3, 5, 10, 11], [2, 2, 3, 4, 6], [0, 1, 4, 4, 5], [4, 5, 6, 6, 8]]",1.0,1,2,2,2,PP,"[[2, 1, 2], [2, 2, 1], [2, 2, 1], [2, 2, 1]]",12,54,150,0.64,0.001707,20,0.005780816078186035,0.13821887969970703,0.1440826448400445,OPTIMAL,7.05,0.0,np_gurobi_optimal,0.0,3544.0,0.0,0,8.5,170,7.05,7.05,7.05,7.05,7.05,7.05,True,True,8.5,True,True
7973766993903401009,6,20,4,"[5, 5, 5, 5]","[[2, 3, 5, 10, 11], [2, 2, 3, 4, 6], [0, 1, 4, 4, 5], [4, 5, 6, 6, 8]]",1.0,1,2,2,3,PP,"[[3, 2], [3, 2], [2, 3], [3, 2]]",8,24,150,0.84,0.004552,20,0.0055382996797561646,0.02902388572692871,0.03463930792434406,OPTIMAL,7.05,0.0,np_gurobi_optimal,0.0,421.0,2.2,44,11.05,221,7.05,7.05,7.05,7.05,7.05,7.05,True,True,11.05,True,True
7973766993903401009,6,20,4,"[5, 5, 5, 5]","[[2, 3, 5, 10, 11], [2, 2, 3, 4, 6], [0, 1, 4, 4, 5], [4, 5, 6, 6, 8]]",1.0,1,2,2,4,PP,"[[3, 2], [4, 1], [2, 3], [4, 1]]",8,24,150,0.84,0.0017425,20,0.005115721374750137,0.021692991256713867,0.026878522704474925,OPTIMAL,7.05,0.0,np_gurobi_optimal,0.0,210.0,0.8,16,12.75,255,7.05,7.05,7.05,7.05,7.05,7.05,True,True,12.75,True,True
7973766993903401009,6,20,4,"[5, 5, 5, 5]","[[2, 3, 5, 10, 11], [2, 2, 3, 4, 6], [0, 1, 4, 4, 5], [4, 5, 6, 6, 8]]",1.0,1,2,2,5,PP,"[[3, 2], [5], [2, 3], [5]]",6,13,150,0.9133333333333333,0.001743,20,0.004853776656091213,0.007111072540283203,0.0120314839594059,OPTIMAL,7.05,0.0,np_gurobi_optimal,0.0,1.0,2.2,44,13.6,272,7.05,7.05,7.05,7.05,7.05,7.05,True,True,13.6,True,True
7973766993903401009,6,20,4,"[5, 5, 5, 5]","[[2, 3, 5, 10, 11], [2, 2, 3, 4, 6], [0, 1, 4, 4, 5], [4, 5, 6, 6, 8]]",1.0,1,2,3,,CHP,"[[3, 2], [5], [5], [5]]",5,9,150,0.94,0.004071,20,0.005097263492643833,0.004418849945068359,0.009581936712344646,OPTIMAL,8.25,1.2000000000000002,np_gurobi_optimal,0.0,1.0,3.9,78,34.2,684,7.05,,,7.05,8.25,,False,,,False,
7973766993903401009,6,20,4,"[5, 5, 5, 5]","[[2, 3, 5, 10, 11], [2, 2, 3, 4, 6], [0, 1, 4, 4, 5], [4, 5, 6, 6, 8]]",1.0,1,2,3,2,PP,"[[2, 1, 2], [2, 2, 1], [2, 2, 1], [2, 2, 1]]",12,54,150,0.64,0.001793,20,0.0058198655024170876,0.1407179832458496,0.1466041619135909,OPTIMAL,7.05,0.0,np_gurobi_optimal,0.0,3544.0,0.0,0,18.0,360,7.05,8.25,7.05,7.05,8.25,7.05,True,True,18.0,True,True
7973766993903401009,6,20,4,"[5, 5, 5, 5]","[[2, 3, 5, 10, 11], [2, 2, 3, 4, 6], [0, 1, 4, 4, 5], [4, 5, 6, 6, 8]]",1.0,1,2,3,3,PP,"[[3, 2], [3, 2], [3, 2], [3, 2]]",8,24,150,0.84,0.001672,20,0.00496841873973608,0.038542985916137695,0.043578352123806,OPTIMAL,8.25,1.2000000000000002,np_gurobi_optimal,0.0,629.0,3.9,78,23.4,468,7.05,8.25,8.25,7.05,8.25,8.25,True,True,22.2,True,True
7973766993903401009,6,20,4,"[5, 5, 5, 5]","[[2, 3, 5, 10, 11], [2, 2, 3, 4, 6], [0, 1, 4, 4, 5], [4, 5, 6, 6, 8]]",1.0,1,2,3,4,PP,"[[3, 2], [4, 1], [4, 1], [4, 1]]",8,24,150,0.84,0.0019025,20,0.005306440405547619,0.030115127563476562,0.035496357636358736,OPTIMAL,8.25,1.2000000000000002,np_gurobi_optimal,0.0,386.0,2.5,50,27.0,540,7.05,8.25,8.25,7.05,8.25,8.25,True,True,25.8,True,True
7973766993903401009,6,20,4,"[5, 5, 5, 5]","[[2, 3, 5, 10, 11], [2, 2, 3, 4, 6], [0, 1, 4, 4, 5], [4, 5, 6, 6, 8]]",1.0,1,2,3,5,PP,"[[3, 2], [5], [5], [5]]",5,9,150,0.94,0.0017175,20,0.00484053511172533,0.005010128021240234,0.00991447004637003,OPTIMAL,8.25,1.2000000000000002,np_gurobi_optimal,0.0,1.0,3.9,78,28.8,576,7.05,8.25,8.25,7.05,8.25,8.25,True,True,27.6,True,True
7973766993903401009,6,20,4,"[5, 5, 5, 5]","[[2, 3, 5, 10, 11], [2, 2, 3, 4, 6], [0, 1, 4, 4, 5], [4, 5, 6, 6, 8]]",1.0,1,2,4,,CHP,"[[3, 2], [5], [5], [5]]",5,9,150,0.94,0.003926,20,0.004398467019200325,0.004274129867553711,0.008731206423045158,OPTIMAL,8.25,1.2000000000000002,np_gurobi_optimal,0.0,1.0,3.9,78,52.25,1045,7.05,,,7.05,8.25,,False,,,False,
7973766993903401009,6,20,4,"[5, 5, 5, 5]","[[2, 3, 5, 10, 11], [2, 2, 3, 4, 6], [0, 1, 4, 4, 5], [4, 5, 6, 6, 8]]",1.0,1,2,4,2,PP,"[[2, 1, 2], [2, 2, 1], [2, 2, 1], [2, 2, 1]]",12,54,150,0.64,0.001843,20,0.005240269936621189,0.14009809494018555,0.14542924697155285,OPTIMAL,7.05,0.0,np_gurobi_optimal,0.0,3544.0,0.0,0,27.5,550,7.05,8.25,7.05,7.05,8.25,7.05,True,True,27.5,True,True
7973766993903401009,6,20,4,"[5, 5, 5, 5]","[[2, 3, 5, 10, 11], [2, 2, 3, 4, 6], [0, 1, 4, 4, 5], [4, 5, 6, 6, 8]]",1.0,1,2,4,3,PP,"[[3, 2], [3, 2], [3, 2], [3, 2]]",8,24,150,0.84,0.0018575,20,0.0053074415773153305,0.03887200355529785,0.04426088880322695,OPTIMAL,8.25,1.2000000000000002,np_gurobi_optimal,0.0,629.0,3.9,78,35.75,715,7.05,8.25,8.25,7.05,8.25,8.25,True,True,34.55,True,True
7973766993903401009,6,20,4,"[5, 5, 5, 5]","[[2, 3, 5, 10, 11], [2, 2, 3, 4, 6], [0, 1, 4, 4, 5], [4, 5, 6, 6, 8]]",1.0,1,2,4,4,PP,"[[3, 2], [4, 1], [4, 1], [4, 1]]",8,24,150,0.84,0.004507,20,0.005081159994006157,0.02767205238342285,0.03282299763932896,OPTIMAL,8.25,1.2000000000000002,np_gurobi_optimal,0.0,386.0,2.5,50,41.25,825,7.05,8.25,8.25,7.05,8.25,8.25,True,True,40.05,True,True
7973766993903401009,6,20,4,"[5, 5, 5, 5]","[[2, 3, 5, 10, 11], [2, 2, 3, 4, 6], [0, 1, 4, 4, 5], [4, 5, 6, 6, 8]]",1.0,1,2,4,5,PP,"[[3, 2], [5], [5], [5]]",5,9,150,0.94,0.001853,20,0.00491249468177557,0.00465703010559082,0.009633029479160785,OPTIMAL,8.25,1.2000000000000002,np_gurobi_optimal,0.0,1.0,3.9,78,44.0,880,7.05,8.25,8.25,7.05,8.25,8.25,True,True,42.8,True,True
17962076945802775377,7,20,4,"[5, 5, 5, 5]","[[0, 1, 2, 2, 3], [2, 3, 5, 10, 11], [1, 1, 2, 2, 3], [4, 5, 6, 7, 10]]",1.0,1,2,,1,NP,"[[1, 1, 1, 1, 1], [1, 1, 1, 1, 1], [1, 1, 1, 1, 1], [1, 1, 1, 1, 1]]",20,150,150,0.0,0.00352,20,0.008349158801138401,15.206480026245117,15.214904967296143,OPTIMAL,7.0,0.0,np_gurobi_optimal,0.0,319324.0,0.0,0,0.0,0,7.0,,,7.0,,,False,,,False,
17962076945802775377,7,20,4,"[5, 5, 5, 5]","[[0, 1, 2, 2, 3], [2, 3, 5, 10, 11], [1, 1, 2, 2, 3], [4, 5, 6, 7, 10]]",1.0,1,2,2,,CHP,"[[5], [3, 2], [5], [4, 1]]",6,13,150,0.9133333333333333,0.0015975,20,0.004717299714684486,0.0070629119873046875,0.01184637872740984,OPTIMAL,7.0,0.0,np_gurobi_optimal,0.0,1.0,0.8,16,16.15,323,7.0,,,7.0,7.0,,False,,,False,
17962076945802775377,7,20,4,"[5, 5, 5, 5]","[[0, 1, 2, 2, 3], [2, 3, 5, 10, 11], [1, 1, 2, 2, 3], [4, 5, 6, 7, 10]]",1.0,1,2,2,2,PP,"[[2, 2, 1], [2, 1, 2], [2, 2, 1], [2, 2, 1]]",12,54,150,0.64,0.004852,20,0.0055822571739554405,0.11652302742004395,0.12217202018511486,OPTIMAL,7.0,0.0,np_gurobi_optimal,0.0,3437.0,0.0,0,8.5,170,7.0,7.0,7.0,7.0,7.0,7.0,True,True,8.5,True,True
17962076945802775377,7,20,4,"[5, 5, 5, 5]","[[0, 1, 2, 2, 3], [2, 3, 5, 10, 11], [1, 1, 2, 2, 3], [4, 5, 6, 7, 10]]",1.0,1,2,2,3,PP,"[[3, 2], [3, 2], [3, 2], [3, 1, 1]]",9,30,150,0.8,0.001707,20,0.004898183047771454,0.028249025344848633,0.03320460848258209,OPTIMAL,7.0,0.0,np_gurobi_optimal,0.0,448.0,0.8,16,11.05,221,7.0,7.0,7.0,7.0,7.0,7.0,True,True,11.05,True,True
17962076945802775377,7,20,4,"[5, 5, 5, 5]","[[0, 1, 2, 2, 3], [2, 3, 5, 10, 11], [1, 1, 2, 2, 3], [4, 5, 6, 7, 10]]",1.0,1,2,2,4,PP,"[[4, 1], [3, 2], [4, 1], [4, 1]]",8,24,150,0.84,0.001963,20,0.004928299225866795,0.01882195472717285,0.02380691073387909,OPTIMAL,7.0,0.0,np_gurobi_optimal,0.0,202.0,0.8,16,12.75,255,7.0,7.0,7.0,7.0,7.0,7.0,True,True,12.75,True,True
17962076945802775377,7,20,4,"[5, 5, 5, 5]","[[0, 1, 2, 2, 3], [2, 3, 5, 10, 11], [1, 1, 2, 2, 3], [4, 5, 6, 7, 10]]",1.0,1,2,2,5,PP,"[[5], [3, 2], [5], [4, 1]]",6,13,150,0.9133333333333333,0.002779,20,0.004212716594338417,0.0054929256439208984,0.00975969520260477,OPTIMAL,7.0,0.0,np_gurobi_optimal,0.0,1.0,0.8,16,13.6,272,7.0,7.0,7.0,7.0,7.0,7.0,True,True,13.6,True,True
17962076945802775377,7,20,4,"[5, 5, 5, 5]","[[0, 1, 2, 2, 3], [2, 3, 5, 10, 11], [1, 1, 2, 2, 3], [4, 5, 6, 7, 10]]",1.0,1,2,3,,CHP,"[[5], [3, 2], [5], [5]]",5,9,150,0.94,0.003806,20,0.003977752290666103,0.004508018493652344,0.008539206032997132,OPTIMAL,7.0,0.0,np_gurobi_optimal,0.0,1.0,2.3,46,34.2,684,7.0,,,7.0,7.0,,False,,,False,
17962076945802775377,7,20,4,"[5, 5, 5, 5]","[[0, 1, 2, 2, 3], [2, 3, 5, 10, 11], [1, 1, 2, 2, 3], [4, 5, 6, 7, 10]]",1.0,1,2,3,2,PP,"[[2, 2, 1], [2, 1, 2], [2, 2, 1], [2, 2, 1]]",12,54,150,0.64,0.001882,20,0.004885483533143997,0.11224699020385742,0.11719490194889974,OPTIMAL,7.0,0.0,np_gurobi_optimal,0.0,3437.0,0.0,0,18.0,360,7.0,7.0,7.0,7.0,7.0,7.0,True,True,18.0,True,True
17962076945802775377,7,20,4,"[5, 5, 5, 5]","[[0, 1, 2, 2, 3], [2, 3, 5, 10, 11], [1, 1, 2, 2, 3], [4, 5, 6, 7, 10]]",1.0,1,2,3,3,PP,"[[3, 2], [3, 2], [3, 2], [3, 2]]",8,24,150,0.84,0.004652,20,0.005009220913052559,0.02409505844116211,0.0291684391414423,OPTIMAL,7.0,0.0,np_gurobi_optimal,0.0,329.0,2.3,46,23.4,468,7.0,7.0,7.0,7.0,7.0,7.0,True,True,23.4,True,True
17962076945802775377,7,20,4,"[5, 5, 5, 5]","[[0, 1, 2, 2, 3], [2, 3, 5, 10, 11], [1, 1, 2, 2, 3], [4, 5, 6, 7, 10]]",1.0,1,2,3,4,PP,"[[4, 1], [3, 2], [4, 1], [4, 1]]",8,24,150,0.84,0.0017125,20,0.004675035364925861,0.018822908401489258,0.02355652282282114,OPTIMAL,7.0,0.0,np_gurobi_optimal,0.0,202.0,0.8,16,27.0,540,7.0,7.0,7.0,7.0,7.0,7.0,True,True,27.0,True,True
17962076945802775377,7,20,4,"[5, 5, 5, 5]","[[0, 1, 2, 2, 3], [2, 3, 5, 10, 11], [1, 1, 2, 2, 3], [4, 5, 6, 7, 10]]",1.0,1,2,3,5,PP,"[[5], [3, 2], [5], [5]]",5,9,150,0.94,0.0017575,20,0.004247941076755524,0.0039520263671875,0.008254812193341255,OPTIMAL,7.0,0.0,np_gurobi_optimal,0.0,1.0,2.3,46,28.8,576,7.0,7.0,7.0,7.0,7.0,7.0,True,True,28.8,True,True
17962076945802775377,7,20,4,"[5, 5, 5, 5]","[[0, 1, 2, 2, 3], [2, 3, 5, 10, 11], [1, 1, 2, 2, 3], [4, 5, 6, 7, 10]]",1.0,1,2,4,,CHP,"[[5], [3, 2], [5], [5]]",5,9,150,0.94,0.003956,20,0.004383065737783909,0.0037910938262939453,0.008227906862884521,OPTIMAL,7.0,0.0,np_gurobi_optimal,0.0,1.0,2.3,46,52.25,1045,7.0,,,7.0,7.0,,False,,,False,
17962076945802775377,7,20,4,"[5, 5, 5, 5]","[[0, 1, 2, 2, 3], [2, 3, 5, 10, 11], [1, 1, 2, 2, 3], [4, 5, 6, 7, 10]]",1.0,1,2,4,2,PP,"[[2, 2, 1], [2, 1, 2], [2, 2, 1], [2, 2, 1]]",12,54,150,0.64,0.0047575,20,0.005475935526192188,0.1147298812866211,0.12027159363657951,OPTIMAL,7.0,0.0,np_gurobi_optimal,0.0,3437.0,0.0,0,27.5,550,7.0,7.0,7.0,7.0,7.0,7.0,True,True,27.5,True,True
17962076945802775377,7,20,4,"[5, 5, 5, 5]","[[0, 1, 2, 2, 3], [2, 3, 5, 10, 11], [1, 1, 2, 2, 3], [4, 5, 6, 7, 10]]",1.0,1,2,4,3,PP,"[[3, 2], [3, 2], [3, 2], [3, 2]]",8,24,150,0.84,0.001823,20,0.004913105629384518,0.023714065551757812,0.028688698477433206,OPTIMAL,7.0,0.0,np_gurobi_optimal,0.0,329.0,2.3,46,35.75,715,7.0,7.0,7.0,7.0,7.0,7.0,True,True,35.75,True,True
17962076945802775377,7,20,4,"[5, 5, 5, 5]","[[0, 1, 2, 2, 3], [2, 3, 5, 10, 11], [1, 1, 2, 2, 3], [4, 5, 6, 7, 10]]",1.0,1,2,4,4,PP,"[[4, 1], [3, 2], [4, 1], [4, 1]]",8,24,150,0.84,0.001663,20,0.004468473605811596,0.018626928329467773,0.02315020899535465,OPTIMAL,7.0,0.0,np_gurobi_optimal,0.0,202.0,0.8,16,41.25,825,7.0,7.0,7.0,7.0,7.0,7.0,True,True,41.25,True,True
17962076945802775377,7,20,4,"[5, 5, 5, 5]","[[0, 1, 2, 2, 3], [2, 3, 5, 10, 11], [1, 1, 2, 2, 3], [4, 5, 6, 7, 10]]",1.0,1,2,4,5,PP,"[[5], [3, 2], [5], [5]]",5,9,150,0.94,0.0017075,20,0.004157564602792263,0.004476785659790039,0.008689838847298622,OPTIMAL,7.0,0.0,np_gurobi_optimal,0.0,1.0,2.3,46,44.0,880,7.0,7.0,7.0,7.0,7.0,7.0,True,True,44.0,True,True
9099930183430316613,8,20,4,"[5, 5, 5, 5]","[[0, 0, 1, 1, 2], [1, 1, 2, 2, 2], [2, 2, 3, 4, 4], [2, 3, 3, 4, 6]]",1.0,1,2,,1,NP,"[[1, 1, 1, 1, 1], [1, 1, 1, 1, 1], [1, 1, 1, 1, 1], [1, 1, 1, 1, 1]]",20,150,150,0.0,0.001277,20,0.007195104844868183,11.582007884979248,11.589270820997944,OPTIMAL,8.75,0.0,np_gurobi_optimal,0.0,181627.0,0.0,0,0.0,0,8.75,,,8.75,,,False,,,False,
9099930183430316613,8,20,4,"[5, 5, 5, 5]","[[0, 0, 1, 1, 2], [1, 1, 2, 2, 2], [2, 2, 3, 4, 4], [2, 3, 3, 4, 6]]",1.0,1,2,2,,CHP,"[[5], [5], [5], [5]]",4,6,150,0.96,0.0016125,20,0.005161701701581478,0.0024919509887695312,0.007715981834280491,OPTIMAL,8.75,0.0,np_gurobi_optimal,0.0,1.0,0.7,14,16.15,323,8.75,,,8.75,8.75,,False,,,False,
9099930183430316613,8,20,4,"[5, 5, 5, 5]","[[0, 0, 1, 1, 2], [1, 1, 2, 2, 2], [2, 2, 3, 4, 4], [2, 3, 3, 4, 6]]",1.0,1,2,2,2,PP,"[[2, 2, 1], [2, 2, 1], [2, 2, 1], [2, 2, 1]]",12,54,150,0.64,0.0017975,20,0.005328032188117504,0.1722278594970703,0.17762444731865884,OPTIMAL,8.75,0.0,np_gurobi_optimal,0.0,7020.0,0.0,0,8.5,170,8.75,8.75,8.75,8.75,8.75,8.75,True,True,8.5,True,True
9099930183430316613,8,20,4,"[5, 5, 5, 5]","[[0, 0, 1, 1, 2], [1, 1, 2, 2, 2], [2, 2, 3, 4, 4], [2, 3, 3, 4, 6]]",1.0,1,2,2,3,PP,"[[3, 2], [3, 2], [3, 2], [3, 2]]",8,24,150,0.84,0.004367,20,0.005095772445201874,0.03289484977722168,0.038060984602705954,OPTIMAL,8.75,0.0,np_gurobi_optimal,0.0,388.0,0.7,14,11.05,221,8.75,8.75,8.75,8.75,8.75,8.75,True,True,11.05,True,True
9099930183430316613,8,20,4,"[5, 5, 5, 5]","[[0, 0, 1, 1, 2], [1, 1, 2, 2, 2], [2, 2, 3, 4, 4], [2, 3, 3, 4, 6]]",1.0,1,2,2,4,PP,"[[4, 1], [4, 1], [4, 1], [4, 1]]",8,24,150,0.84,0.004527,20,0.005233759991824627,0.02213001251220703,0.02743015608679247,OPTIMAL,8.75,0.0,np_gurobi_optimal,0.0,201.0,0.0,0,12.75,255,8.75,8.75,8.75,8.75,8.75,8.75,True,True,12.75,True,True
9099930183430316613,8,20,4,"[5, 5, 5, 5]","[[0, 0, 1, 1, 2], [1, 1, 2, 2, 2], [2, 2, 3, 4, 4], [2, 3, 3, 4, 6]]",1.0,1,2,2,5,PP,"[[5], [5], [5], [5]]",4,6,150,0.96,0.004241,20,0.004874135367572308,0.0018281936645507812,0.006763505506399632,OPTIMAL,8.75,0.0,np_gurobi_optimal,0.0,1.0,0.7,14,13.6,272,8.75,8.75,8.75,8.75,8.75,8.75,True,True,13.6,True,True
9099930183430316613,8,20,4,"[5, 5, 5, 5]","[[0, 0, 1, 1, 2], [1, 1, 2, 2, 2], [2, 2, 3, 4, 4], [2, 3, 3, 4, 6]]",1.0,1,2,3,,CHP,"[[5], [5], [5], [5]]",4,6,150,0.96,0.0016025,20,0.004228961654007435,0.002198934555053711,0.006482436946847438,OPTIMAL,8.75,0.0,np_gurobi_optimal,0.0,1.0,0.7,14,34.2,684,8.75,,,8.75,8.75,,False,,,False,
9099930183430316613,8,20,4,"[5, 5, 5, 5]","[[0, 0, 1, 1, 2], [1, 1, 2, 2, 2], [2, 2, 3, 4, 4], [2, 3, 3, 4, 6]]",1.0,1,2,3,2,PP,"[[2, 2, 1], [2, 2, 1], [2, 2, 1], [2, 2, 1]]",12,54,150,0.64,0.0042115,20,0.004816940985620022,0.17090606689453125,0.17578723101289176,OPTIMAL,8.75,0.0,np_gurobi_optimal,0.0,7020.0,0.0,0,18.0,360,8.75,8.75,8.75,8.75,8.75,8.75,True,True,18.0,True,True
9099930183430316613,8,20,4,"[5, 5, 5, 5]","[[0, 0, 1, 1, 2], [1, 1, 2, 2, 2], [2, 2, 3, 4, 4], [2, 3, 3, 4, 6]]",1.0,1,2,3,3,PP,"[[3, 2], [3, 2], [3, 2], [3, 2]]",8,24,150,0.84,0.0048375,20,0.005593683570623398,0.03397202491760254,0.03963699492260218,OPTIMAL,8.75,0.0,np_gurobi_optimal,0.0,388.0,0.7,14,23.4,468,8.75,8.75,8.75,8.75,8.75,8.75,True,True,23.4,True,True
9099930183430316613,8,20,4,"[5, 5, 5, 5]","[[0, 0, 1, 1, 2], [1, 1, 2, 2, 2], [2, 2, 3, 4, 4], [2, 3, 3, 4, 6]]",1.0,1,2,3,4,PP,"[[4, 1], [4, 1], [4, 1], [4, 1]]",8,24,150,0.84,0.001828,20,0.0050646038725972176,0.021053075790405273,0.026183127239397048,OPTIMAL,8.75,0.0,np_gurobi_optimal,0.0,201.0,0.0,0,27.0,540,8.75,8.75,8.75,8.75,8.75,8.75,True,True,27.0,True,True
9099930183430316613,8,20,4,"[5, 5, 5, 5]","[[0, 0, 1, 1, 2], [1, 1, 2, 2, 2], [2, 2, 3, 4, 4], [2, 3, 3, 4, 6]]",1.0,1,2,3,5,PP,"[[5], [5], [5], [5]]",4,6,150,0.96,0.0016675,20,0.004247399978339672,0.002246856689453125,0.006547701046328545,OPTIMAL,8.75,0.0,np_gurobi_optimal,0.0,1.0,0.7,14,28.8,576,8.75,8.75,8.75,8.75,8.75,8.75,True,True,28.8,True,True
9099930183430316613,8,20,4,"[5, 5, 5, 5]","[[0, 0, 1, 1, 2], [1, 1, 2, 2, 2], [2, 2, 3, 4, 4], [2, 3, 3, 4, 6]]",1.0,1,2,4,,CHP,"[[5], [5], [5], [5]]",4,6,150,0.96,0.001652,20,0.003962027840316296,0.001968860626220703,0.005984074269880772,OPTIMAL,8.75,0.0,np_gurobi_optimal,0.0,1.0,0.7,14,52.25,1045,8.75,,,8.75,8.75,,False,,,False,
9099930183430316613,8,20,4,"[5, 5, 5, 5]","[[0, 0, 1, 1, 2], [1, 1, 2, 2, 2], [2, 2, 3, 4, 4], [2, 3, 3, 4, 6]]",1.0,1,2,4,2,PP,"[[2, 2, 1], [2, 2, 1], [2, 2, 1], [2, 2, 1]]",12,54,150,0.64,0.004587,20,0.005198036320507526,0.17436504364013672,0.17962870211689425,OPTIMAL,8.75,0.0,np_gurobi_optimal,0.0,7020.0,0.0,0,27.5,550,8.75,8.75,8.75,8.75,8.75,8.75,True,True,27.5,True,True
9099930183430316613,8,20,4,"[5, 5, 5, 5]","[[0, 0, 1, 1, 2], [1, 1, 2, 2, 2], [2, 2, 3, 4, 4], [2, 3, 3, 4, 6]]",1.0,1,2,4,3,PP,"[[3, 2], [3, 2], [3, 2], [3, 2]]",8,24,150,0.84,0.004822,20,0.005428023636341095,0.0318300724029541,0.03733297771129322,OPTIMAL,8.75,0.0,np_gurobi_optimal,0.0,388.0,0.7,14,35.75,715,8.75,8.75,8.75,8.75,8.75,8.75,True,True,35.75,True,True
9099930183430316613,8,20,4,"[5, 5, 5, 5]","[[0, 0, 1, 1, 2], [1, 1, 2, 2, 2], [2, 2, 3, 4, 4], [2, 3, 3, 4, 6]]",1.0,1,2,4,4,PP,"[[4, 1], [4, 1], [4, 1], [4, 1]]",8,24,150,0.84,0.001938,20,0.005272658541798592,0.02387714385986328,0.029218854300356388,OPTIMAL,8.75,0.0,np_gurobi_optimal,0.0,201.0,0.0,0,41.25,825,8.75,8.75,8.75,8.75,8.75,8.75,True,True,41.25,True,True
9099930183430316613,8,20,4,"[5, 5, 5, 5]","[[0, 0, 1, 1, 2], [1, 1, 2, 2, 2], [2, 2, 3, 4, 4], [2, 3, 3, 4, 6]]",1.0,1,2,4,5,PP,"[[5], [5], [5], [5]]",4,6,150,0.96,0.001747,20,0.0046111587435007095,0.002251863479614258,0.006924078638634205,OPTIMAL,8.75,0.0,np_gurobi_optimal,0.0,1.0,0.7,14,44.0,880,8.75,8.75,8.75,8.75,8.75,8.75,True,True,44.0,True,True
4079472295402436162,9,20,4,"[5, 5, 5, 5]","[[1, 1, 2, 2, 2], [0, 0, 1, 3, 3], [1, 2, 3, 5, 7], [1, 1, 1, 1, 2]]",1.0,1,2,,1,NP,"[[1, 1, 1, 1, 1], [1, 1, 1, 1, 1], [1, 1, 1, 1, 1], [1, 1, 1, 1, 1]]",20,150,150,0.0,0.001317,20,0.0073805637657642365,10.132357120513916,10.139816948322563,OPTIMAL,9.05,0.0,np_gurobi_optimal,0.0,123074.0,0.0,0,0.0,0,9.05,,,9.05,,,False,,,False,
4079472295402436162,9,20,4,"[5, 5, 5, 5]","[[1, 1, 2, 2, 2], [0, 0, 1, 3, 3], [1, 2, 3, 5, 7], [1, 1, 1, 1, 2]]",1.0,1,2,2,,CHP,"[[5], [5], [5], [5]]",4,6,150,0.96,0.002579,20,0.005383976735174656,0.0032720565795898438,0.008725201878849507,OPTIMAL,9.05,0.0,np_gurobi_optimal,0.0,1.0,2.2,44,16.15,323,9.05,,,9.05,9.05,,False,,,False,
4079472295402436162,9,20,4,"[5, 5, 5, 5]","[[1, 1, 2, 2, 2], [0, 0, 1, 3, 3], [1, 2, 3, 5, 7], [1, 1, 1, 1, 2]]",1.0,1,2,2,2,PP,"[[2, 2, 1], [2, 2, 1], [2, 2, 1], [2, 2, 1]]",12,54,150,0.64,0.0030595,20,0.008126952685415745,0.25784802436828613,0.2660717909346433,OPTIMAL,9.05,0.0,np_gurobi_optimal,0.0,6450.0,1.5,30,8.5,170,9.05,9.05,9.05,9.05,9.05,9.05,True,True,8.5,True,True
4079472295402436162,9,20,4,"[5, 5, 5, 5]","[[1, 1, 2, 2, 2], [0, 0, 1, 3, 3], [1, 2, 3, 5, 7], [1, 1, 1, 1, 2]]",1.0,1,2,2,3,PP,"[[3, 2], [3, 2], [3, 2], [3, 2]]",8,24,150,0.84,0.001798,20,0.005000206641852856,0.05657505989074707,0.061641657341084954,OPTIMAL,9.05,0.0,np_gurobi_optimal,0.0,611.0,0.7,14,11.05,221,9.05,9.05,9.05,9.05,9.05,9.05,True,True,11.05,True,True
4079472295402436162,9,20,4,"[5, 5, 5, 5]","[[1, 1, 2, 2, 2], [0, 0, 1, 3, 3], [1, 2, 3, 5, 7], [1, 1, 1, 1, 2]]",1.0,1,2,2,4,PP,"[[4, 1], [4, 1], [4, 1], [4, 1]]",8,24,150,0.84,0.0043215,20,0.0052937110885977745,0.02727508544921875,0.03263692201608086,OPTIMAL,9.05,0.0,np_gurobi_optimal,0.0,248.0,1.5,30,12.75,255,9.05,9.05,9.05,9.05,9.05,9.05,True,True,12.75,True,True
4079472295402436162,9,20,4,"[5, 5, 5, 5]","[[1, 1, 2, 2, 2], [0, 0, 1, 3, 3], [1, 2, 3, 5, 7], [1, 1, 1, 1, 2]]",1.0,1,2,2,5,PP,"[[5], [5], [5], [5]]",4,6,150,0.96,0.001672,20,0.004569175653159618,0.002588987350463867,0.007217097372123719,OPTIMAL,9.05,0.0,np_gurobi_optimal,0.0,1.0,2.2,44,13.6,272,9.05,9.05,9.05,9.05,9.05,9.05,True,True,13.6,True,True
4079472295402436162,9,20,4,"[5, 5, 5, 5]","[[1, 1, 2, 2, 2], [0, 0, 1, 3, 3], [1, 2, 3, 5, 7], [1, 1, 1, 1, 2]]",1.0,1,2,3,,CHP,"[[5], [5], [5], [5]]",4,6,150,0.96,0.0015625,20,0.004119466058909893,0.002134084701538086,0.006306872443854809,OPTIMAL,9.05,0.0,np_gurobi_optimal,0.0,1.0,2.2,44,34.2,684,9.05,,,9.05,9.05,,False,,,False,
4079472295402436162,9,20,4,"[5, 5, 5, 5]","[[1, 1, 2, 2, 2], [0, 0, 1, 3, 3], [1, 2, 3, 5, 7], [1, 1, 1, 1, 2]]",1.0,1,2,3,2,PP,"[[2, 2, 1], [2, 2, 1], [2, 2, 1], [2, 2, 1]]",12,54,150,0.64,0.004372,20,0.005436527542769909,0.22611498832702637,0.23161795027484608,OPTIMAL,9.05,0.0,np_gurobi_optimal,0.0,6450.0,1.5,30,18.0,360,9.05,9.05,9.05,9.05,9.05,9.05,True,True,18.0,True,True
4079472295402436162,9,20,4,"[5, 5, 5, 5]","[[1, 1, 2, 2, 2], [0, 0, 1, 3, 3], [1, 2, 3, 5, 7], [1, 1, 1, 1, 2]]",1.0,1,2,3,3,PP,"[[3, 2], [3, 2], [3, 2], [3, 2]]",8,24,150,0.84,0.001772,20,0.005233488976955414,0.054995059967041016,0.060296878843113896,OPTIMAL,9.05,0.0,np_gurobi_optimal,0.0,611.0,0.7,14,23.4,468,9.05,9.05,9.05,9.05,9.05,9.05,True,True,23.4,True,True
4079472295402436162,9,20,4,"[5, 5, 5, 5]","[[1, 1, 2, 2, 2], [0, 0, 1, 3, 3], [1, 2, 3, 5, 7], [1, 1, 1, 1, 2]]",1.0,1,2,3,4,PP,"[[4, 1], [4, 1], [4, 1], [4, 1]]",8,24,150,0.84,0.001828,20,0.005045855417847633,0.02567911148071289,0.03079421613370466,OPTIMAL,9.05,0.0,np_gurobi_optimal,0.0,248.0,1.5,30,27.0,540,9.05,9.05,9.05,9.05,9.05,9.05,True,True,27.0,True,True
4079472295402436162,9,20,4,"[5, 5, 5, 5]","[[1, 1, 2, 2, 2], [0, 0, 1, 3, 3], [1, 2, 3, 5, 7], [1, 1, 1, 1, 2]]",1.0,1,2,3,5,PP,"[[5], [5], [5], [5]]",4,6,150,0.96,0.003015,20,0.006448865868151188,0.0032761096954345703,0.009815295535697937,OPTIMAL,9.05,0.0,np_gurobi_optimal,0.0,1.0,2.2,44,28.8,576,9.05,9.05,9.05,9.05,9.05,9.05,True,True,28.8,True,True
4079472295402436162,9,20,4,"[5, 5, 5, 5]","[[1, 1, 2, 2, 2], [0, 0, 1, 3, 3], [1, 2, 3, 5, 7], [1, 1, 1, 1, 2]]",1.0,1,2,4,,CHP,"[[5], [5], [5], [5]]",4,6,150,0.96,0.002779,20,0.006265128962695599,0.0033791065216064453,0.009731982768074512,OPTIMAL,9.05,0.0,np_gurobi_optimal,0.0,1.0,2.2,44,52.25,1045,9.05,,,9.05,9.05,,False,,,False,
4079472295402436162,9,20,4,"[5, 5, 5, 5]","[[1, 1, 2, 2, 2], [0, 0, 1, 3, 3], [1, 2, 3, 5, 7], [1, 1, 1, 1, 2]]",1.0,1,2,4,2,PP,"[[2, 2, 1], [2, 2, 1], [2, 2, 1], [2, 2, 1]]",12,54,150,0.64,0.002904,20,0.006674597971141338,0.22516202926635742,0.2319167555740633,OPTIMAL,9.05,0.0,np_gurobi_optimal,0.0,6450.0,1.5,30,27.5,550,9.05,9.05,9.05,9.05,9.05,9.05,True,True,27.5,True,True
4079472295402436162,9,20,4,"[5, 5, 5, 5]","[[1, 1, 2, 2, 2], [0, 0, 1, 3, 3], [1, 2, 3, 5, 7], [1, 1, 1, 1, 2]]",1.0,1,2,4,3,PP,"[[3, 2], [3, 2], [3, 2], [3, 2]]",8,24,150,0.84,0.0018075,20,0.005282453261315823,0.04922008514404297,0.054575697321767806,OPTIMAL,9.05,0.0,np_gurobi_optimal,0.0,611.0,0.7,14,35.75,715,9.05,9.05,9.05,9.05,9.05,9.05,True,True,35.75,True,True
4079472295402436162,9,20,4,"[5, 5, 5, 5]","[[1, 1, 2, 2, 2], [0, 0, 1, 3, 3], [1, 2, 3, 5, 7], [1, 1, 1, 1, 2]]",1.0,1,2,4,4,PP,"[[4, 1], [4, 1], [4, 1], [4, 1]]",8,24,150,0.84,0.001893,20,0.0052643753588199615,0.027046918869018555,0.03239617179452706,OPTIMAL,9.05,0.0,np_gurobi_optimal,0.0,248.0,1.5,30,41.25,825,9.05,9.05,9.05,9.05,9.05,9.05,True,True,41.25,True,True
4079472295402436162,9,20,4,"[5, 5, 5, 5]","[[1, 1, 2, 2, 2], [0, 0, 1, 3, 3], [1, 2, 3, 5, 7], [1, 1, 1, 1, 2]]",1.0,1,2,4,5,PP,"[[5], [5], [5], [5]]",4,6,150,0.96,0.0030845,20,0.0062844278290867805,0.0034220218658447266,0.009797417518362522,OPTIMAL,9.05,0.0,np_gurobi_optimal,0.0,1.0,2.2,44,44.0,880,9.05,9.05,9.05,9.05,9.05,9.05,True,True,44.0,True,True
9976692592766385022,10,20,4,"[5, 5, 5, 5]","[[2, 2, 3, 3, 5], [1, 2, 3, 3, 3], [1, 2, 3, 4, 7], [3, 4, 5, 5, 6]]",1.0,1,2,,1,NP,"[[1, 1, 1, 1, 1], [1, 1, 1, 1, 1], [1, 1, 1, 1, 1], [1, 1, 1, 1, 1]]",20,150,150,0.0,0.002288,20,0.01189672015607357,29.442135095596313,29.45414017953099,OPTIMAL,8.65,0.0,np_gurobi_optimal,0.0,374931.0,0.0,0,0.0,0,8.65,,,8.65,,,False,,,False,
9976692592766385022,10,20,4,"[5, 5, 5, 5]","[[2, 2, 3, 3, 5], [1, 2, 3, 3, 3], [1, 2, 3, 4, 7], [3, 4, 5, 5, 6]]",1.0,1,2,2,,CHP,"[[5], [5], [4, 1], [5]]",5,9,150,0.94,0.001593,20,0.005069070495665073,0.0059621334075927734,0.011100145495241165,OPTIMAL,8.65,0.0,np_gurobi_optimal,0.0,1.0,0.7,14,16.15,323,8.65,,,8.65,8.65,,False,,,False,
9976692592766385022,10,20,4,"[5, 5, 5, 5]","[[2, 2, 3, 3, 5], [1, 2, 3, 3, 3], [1, 2, 3, 4, 7], [3, 4, 5, 5, 6]]",1.0,1,2,2,2,PP,"[[2, 2, 1], [2, 2, 1], [2, 2, 1], [2, 2, 1]]",12,54,150,0.64,0.001833,20,0.005590778775513172,0.22642111778259277,0.23208818227868844,OPTIMAL,8.65,0.0,np_gurobi_optimal,0.0,6945.0,0.0,0,8.5,170,8.65,8.65,8.65,8.65,8.65,8.65,True,True,8.5,True,True
9976692592766385022,10,20,4,"[5, 5, 5, 5]","[[2, 2, 3, 3, 5], [1, 2, 3, 3, 3], [1, 2, 3, 4, 7], [3, 4, 5, 5, 6]]",1.0,1,2,2,3,PP,"[[3, 2], [3, 2], [3, 1, 1], [3, 2]]",9,30,150,0.8,0.001693,20,0.005207470618188381,0.06061506271362305,0.06589505061964321,OPTIMAL,8.65,0.0,np_gurobi_optimal,0.0,933.0,0.7,14,11.05,221,8.65,8.65,8.65,8.65,8.65,8.65,True,True,11.05,True,True
9976692592766385022,10,20,4,"[5, 5, 5, 5]","[[2, 2, 3, 3, 5], [1, 2, 3, 3, 3], [1, 2, 3, 4, 7], [3, 4, 5, 5, 6]]",1.0,1,2,2,4,PP,"[[4, 1], [4, 1], [4, 1], [4, 1]]",8,24,150,0.84,0.0017925,20,0.004918061196804047,0.028132915496826172,0.03311815083233595,OPTIMAL,8.65,0.0,np_gurobi_optimal,0.0,288.0,0.0,0,12.75,255,8.65,8.65,8.65,8.65,8.65,8.65,True,True,12.75,True,True
9976692592766385022,10,20,4,"[5, 5, 5, 5]","[[2, 2, 3, 3, 5], [1, 2, 3, 3, 3], [1, 2, 3, 4, 7], [3, 4, 5, 5, 6]]",1.0,1,2,2,5,PP,"[[5], [5], [4, 1], [5]]",5,9,150,0.94,0.001662,20,0.004840275272727013,0.0056819915771484375,0.010588752626358985,OPTIMAL,8.65,0.0,np_gurobi_optimal,0.0,1.0,0.7,14,13.6,272,8.65,8.65,8.65,8.65,8.65,8.65,True,True,13.6,True,True
9976692592766385022,10,20,4,"[5, 5, 5, 5]","[[2, 2, 3, 3, 5], [1, 2, 3, 3, 3], [1, 2, 3, 4, 7], [3, 4, 5, 5, 6]]",1.0,1,2,3,,CHP,"[[5], [5], [5], [5]]",4,6,150,0.96,0.0016075,20,0.004764880985021591,0.003047943115234375,0.007880714759213925,OPTIMAL,8.65,0.0,np_gurobi_optimal,0.0,1.0,2.2,44,34.2,684,8.65,,,8.65,8.65,,False,,,False,
9976692592766385022,10,20,4,"[5, 5, 5, 5]","[[2, 2, 3, 3, 5], [1, 2, 3, 3, 3], [1, 2, 3, 4, 7], [3, 4, 5, 5, 6]]",1.0,1,2,3,2,PP,"[[2, 2, 1], [2, 2, 1], [2, 2, 1], [2, 2, 1]]",12,54,150,0.64,0.004622,20,0.005730019882321358,0.21815204620361328,0.2239573186586709,OPTIMAL,8.65,0.0,np_gurobi_optimal,0.0,6945.0,0.0,0,18.0,360,8.65,8.65,8.65,8.65,8.65,8.65,True,True,18.0,True,True
9976692592766385022,10,20,4,"[5, 5, 5, 5]","[[2, 2, 3, 3, 5], [1, 2, 3, 3, 3], [1, 2, 3, 4, 7], [3, 4, 5, 5, 6]]",1.0,1,2,3,3,PP,"[[3, 2], [3, 2], [3, 2], [3, 2]]",8,24,150,0.84,0.0016975,20,0.0049186935648322105,0.0492548942565918,0.054242423434505464,OPTIMAL,8.65,0.0,np_gurobi_optimal,0.0,588.0,2.2,44,23.4,468,8.65,8.65,8.65,8.65,8.65,8.65,True,True,23.4,True,True
9976692592766385022,10,20,4,"[5, 5, 5, 5]","[[2, 2, 3, 3, 5], [1, 2, 3, 3, 3], [1, 2, 3, 4, 7], [3, 4, 5, 5, 6]]",1.0,1,2,3,4,PP,"[[4, 1], [4, 1], [4, 1], [4, 1]]",8,24,150,0.84,0.0018425,20,0.005109352059662342,0.027133941650390625,0.032316290186076166,OPTIMAL,8.65,0.0,np_gurobi_optimal,0.0,288.0,0.0,0,27.0,540,8.65,8.65,8.65,8.65,8.65,8.65,True,True,27.0,True,True
9976692592766385022,10,20,4,"[5, 5, 5, 5]","[[2, 2, 3, 3, 5], [1, 2, 3, 3, 3], [1, 2, 3, 4, 7], [3, 4, 5, 5, 6]]",1.0,1,2,3,5,PP,"[[5], [5], [5], [5]]",4,6,150,0.96,0.001702,20,0.004563907161355019,0.0028090476989746094,0.007436298307575703,OPTIMAL,8.65,0.0,np_gurobi_optimal,0.0,1.0,2.2,44,28.8,576,8.65,8.65,8.65,8.65,8.65,8.65,True,True,28.8,True,True
9976692592766385022,10,20,4,"[5, 5, 5, 5]","[[2, 2, 3, 3, 5], [1, 2, 3, 3, 3], [1, 2, 3, 4, 7], [3, 4, 5, 5, 6]]",1.0,1,2,4,,CHP,"[[5], [5], [5], [5]]",4,6,150,0.96,0.003846,20,0.004812061786651611,0.00298309326171875,0.007857494625314236,OPTIMAL,8.65,0.0,np_gurobi_optimal,0.0,1.0,2.2,44,52.25,1045,8.65,,,8.65,8.65,,False,,,False,
9976692592766385022,10,20,4,"[5, 5, 5, 5]","[[2, 2, 3, 3, 5], [1, 2, 3, 3, 3], [1, 2, 3, 4, 7], [3, 4, 5, 5, 6]]",1.0,1,2,4,2,PP,"[[2, 2, 1], [2, 2, 1], [2, 2, 1], [2, 2, 1]]",12,54,150,0.64,0.001838,20,0.00570677500218153,0.22512602806091309,0.23090819412607003,OPTIMAL,8.65,0.0,np_gurobi_optimal,0.0,6945.0,0.0,0,27.5,550,8.65,8.65,8.65,8.65,8.65,8.65,True,True,27.5,True,True
9976692592766385022,10,20,4,"[5, 5, 5, 5]","[[2, 2, 3, 3, 5], [1, 2, 3, 3, 3], [1, 2, 3, 4, 7], [3, 4, 5, 5, 6]]",1.0,1,2,4,3,PP,"[[3, 2], [3, 2], [3, 2], [3, 2]]",8,24,150,0.84,0.004406,20,0.005742369219660759,0.04880189895629883,0.054626578378003596,OPTIMAL,8.65,0.0,np_gurobi_optimal,0.0,588.0,2.2,44,35.75,715,8.65,8.65,8.65,8.65,8.65,8.65,True,True,35.75,True,True
9976692592766385022,10,20,4,"[5, 5, 5, 5]","[[2, 2, 3, 3, 5], [1, 2, 3, 3, 3], [1, 2, 3, 4, 7], [3, 4, 5, 5, 6]]",1.0,1,2,4,4,PP,"[[4, 1], [4, 1], [4, 1], [4, 1]]",8,24,150,0.84,0.0017975,20,0.005294863134622574,0.03030705451965332,0.03568528690461874,OPTIMAL,8.65,0.0,np_gurobi_optimal,0.0,288.0,0.0,0,41.25,825,8.65,8.65,8.65,8.65,8.65,8.65,True,True,41.25,True,True
9976692592766385022,10,20,4,"[5, 5, 5, 5]","[[2, 2, 3, 3, 5], [1, 2, 3, 3, 3], [1, 2, 3, 4, 7], [3, 4, 5, 5, 6]]",1.0,1,2,4,5,PP,"[[5], [5], [5], [5]]",4,6,150,0.96,0.0016525,20,0.0047457534819841385,0.003125905990600586,0.007940370923247337,OPTIMAL,8.65,0.0,np_gurobi_optimal,0.0,1.0,2.2,44,44.0,880,8.65,8.65,8.65,8.65,8.65,8.65,True,True,44.0,True,True
6992909761821892589,11,20,4,"[5, 5, 5, 5]","[[2, 3, 3, 5, 7], [1, 1, 2, 2, 4], [1, 3, 4, 6, 6], [1, 4, 5, 8, 10]]",1.0,1,2,,1,NP,"[[1, 1, 1, 1, 1], [1, 1, 1, 1, 1], [1, 1, 1, 1, 1], [1, 1, 1, 1, 1]]",20,150,150,0.0,0.0030595,20,0.007847188971936703,30.014507055282593,30.022429657274028,TIME_LIMIT,8.1,,,0.18287971270657855,304590.0,0.0,0,0.0,0,,,,,,,False,,,False,
6992909761821892589,11,20,4,"[5, 5, 5, 5]","[[2, 3, 3, 5, 7], [1, 1, 2, 2, 4], [1, 3, 4, 6, 6], [1, 4, 5, 8, 10]]",1.0,1,2,2,,CHP,"[[5], [5], [5], [1, 2, 2]]",6,12,150,0.92,0.003986,20,0.004975399002432823,0.014962911605834961,0.02000715670633173,OPTIMAL,8.1,,,0.0,70.0,4.45,89,16.15,323,,,,,8.1,,False,,,False,
6992909761821892589,11,20,4,"[5, 5, 5, 5]","[[2, 3, 3, 5, 7], [1, 1, 2, 2, 4], [1, 3, 4, 6, 6], [1, 4, 5, 8, 10]]",1.0,1,2,2,2,PP,"[[2, 2, 1], [2, 2, 1], [2, 2, 1], [1, 2, 2]]",12,54,150,0.64,0.0018425,20,0.006009862758219242,0.1847391128540039,0.19081609358015536,OPTIMAL,8.1,,,0.0,5252.0,3.05,61,8.5,170,,8.1,8.1,,8.1,8.1,False,,,False,
6992909761821892589,11,20,4,"[5, 5, 5, 5]","[[2, 3, 3, 5, 7], [1, 1, 2, 2, 4], [1, 3, 4, 6, 6], [1, 4, 5, 8, 10]]",1.0,1,2,2,3,PP,"[[3, 2], [3, 2], [3, 2], [1, 2, 2]]",9,30,150,0.8,0.001727,20,0.004943010397255421,0.04860401153564453,0.05361484303337526,OPTIMAL,8.1,,,0.0,1206.0,2.95,59,11.05,221,,8.1,8.1,,8.1,8.1,False,,,False,
6992909761821892589,11,20,4,"[5, 5, 5, 5]","[[2, 3, 3, 5, 7], [1, 1, 2, 2, 4], [1, 3, 4, 6, 6], [1, 4, 5, 8, 10]]",1.0,1,2,2,4,PP,"[[4, 1], [4, 1], [4, 1], [1, 2, 2]]",9,30,150,0.8,0.001793,20,0.005098985508084297,0.04463791847229004,0.0498059924869709,OPTIMAL,8.1,,,0.0,514.0,3.05,61,12.75,255,,8.1,8.1,,8.1,8.1,False,,,False,
6992909761821892589,11,20,4,"[5, 5, 5, 5]","[[2, 3, 3, 5, 7], [1, 1, 2, 2, 4], [1, 3, 4, 6, 6], [1, 4, 5, 8, 10]]",1.0,1,2,2,5,PP,"[[5], [5], [5], [1, 2, 2]]",6,12,150,0.92,0.004201,20,0.0045575471594929695,0.013646125793457031,0.018268743333781718,OPTIMAL,8.1,,,0.0,70.0,4.45,89,13.6,272,,8.1,8.1,,8.1,8.1,False,,,False,
6992909761821892589,11,20,4,"[5, 5, 5, 5]","[[2, 3, 3, 5, 7], [1, 1, 2, 2, 4], [1, 3, 4, 6, 6], [1, 4, 5, 8, 10]]",1.0,1,2,3,,CHP,"[[5], [5], [5], [5]]",4,6,150,0.96,0.001567,20,0.004478277638554573,0.003072977066040039,0.007611727857439041,OPTIMAL,8.1,,,0.0,1.0,7.85,157,34.2,684,,,,,8.1,,False,,,False,
6992909761821892589,11,20,4,"[5, 5, 5, 5]","[[2, 3, 3, 5, 7], [1, 1, 2, 2, 4], [1, 3, 4, 6, 6], [1, 4, 5, 8, 10]]",1.0,1,2,3,2,PP,"[[2, 2, 1], [2, 2, 1], [2, 2, 1], [2, 2, 1]]",12,54,150,0.64,0.0043615,20,0.005763751454651356,0.14063811302185059,0.14647362206593656,OPTIMAL,8.1,,,0.0,3856.0,5.75,115,18.0,360,,8.1,8.1,,8.1,8.1,False,,,False,
6992909761821892589,11,20,4,"[5, 5, 5, 5]","[[2, 3, 3, 5, 7], [1, 1, 2, 2, 4], [1, 3, 4, 6, 6], [1, 4, 5, 8, 10]]",1.0,1,2,3,3,PP,"[[3, 2], [3, 2], [3, 2], [3, 2]]",8,24,150,0.84,0.002238,20,0.005838584154844284,0.04781007766723633,0.053733703712189676,OPTIMAL,8.1,,,0.0,567.0,4.75,95,23.4,468,,8.1,8.1,,8.1,8.1,False,,,False,
6992909761821892589,11,20,4,"[5, 5, 5, 5]","[[2, 3, 3, 5, 7], [1, 1, 2, 2, 4], [1, 3, 4, 6, 6], [1, 4, 5, 8, 10]]",1.0,1,2,3,4,PP,"[[4, 1], [4, 1], [4, 1], [4, 1]]",8,24,150,0.84,0.002293,20,0.0057967714965343475,0.023209095001220703,0.02908399523236084,OPTIMAL,8.1,,,0.0,177.0,5.75,115,27.0,540,,8.1,8.1,,8.1,8.1,False,,,False,
6992909761821892589,11,20,4,"[5, 5, 5, 5]","[[2, 3, 3, 5, 7], [1, 1, 2, 2, 4], [1, 3, 4, 6, 6], [1, 4, 5, 8, 10]]",1.0,1,2,3,5,PP,"[[5], [5], [5], [5]]",4,6,150,0.96,0.002259,20,0.00523413997143507,0.0036728382110595703,0.008984343691524505,OPTIMAL,8.1,,,0.0,1.0,7.85,157,28.8,576,,8.1,8.1,,8.1,8.1,False,,,False,
6992909761821892589,11,20,4,"[5, 5, 5, 5]","[[2, 3, 3, 5, 7], [1, 1, 2, 2, 4], [1, 3, 4, 6, 6], [1, 4, 5, 8, 10]]",1.0,1,2,4,,CHP,"[[5], [5], [5], [5]]",4,6,150,0.96,0.002063,20,0.005084865726530552,0.0033168792724609375,0.008470752396977425,OPTIMAL,8.1,,,0.0,1.0,7.85,157,52.25,1045,,,,,8.1,,False,,,False,
6992909761821892589,11,20,4,"[5, 5, 5, 5]","[[2, 3, 3, 5, 7], [1, 1, 2, 2, 4], [1, 3, 4, 6, 6], [1, 4, 5, 8, 10]]",1.0,1,2,4,2,PP,"[[2, 2, 1], [2, 2, 1], [2, 2, 1], [2, 2, 1]]",12,54,150,0.64,0.0022935,20,0.006587916985154152,0.14352107048034668,0.15019081684469557,OPTIMAL,8.1,,,0.0,3856.0,5.75,115,27.5,550,,8.1,8.1,,8.1,8.1,False,,,False,
6992909761821892589,11,20,4,"[5, 5, 5, 5]","[[2, 3, 3, 5, 7], [1, 1, 2, 2, 4], [1, 3, 4, 6, 6], [1, 4, 5, 8, 10]]",1.0,1,2,4,3,PP,"[[3, 2], [3, 2], [3, 2], [3, 2]]",8,24,150,0.84,0.002419,20,0.006181030534207821,0.04797506332397461,0.05424289254608774,OPTIMAL,8.1,,,0.0,567.0,4.75,95,35.75,715,,8.1,8.1,,8.1,8.1,False,,,False,
6992909761821892589,11,20,4,"[5, 5, 5, 5]","[[2, 3, 3, 5, 7], [1, 1, 2, 2, 4], [1, 3, 4, 6, 6], [1, 4, 5, 8, 10]]",1.0,1,2,4,4,PP,"[[4, 1], [4, 1], [4, 1], [4, 1]]",8,24,150,0.84,0.0016775,20,0.005175260826945305,0.0202329158782959,0.025466271864166258,OPTIMAL,8.1,,,0.0,177.0,5.75,115,41.25,825,,8.1,8.1,,8.1,8.1,False,,,False,
6992909761821892589,11,20,4,"[5, 5, 5, 5]","[[2, 3, 3, 5, 7], [1, 1, 2, 2, 4], [1, 3, 4, 6, 6], [1, 4, 5, 8, 10]]",1.0,1,2,4,5,PP,"[[5], [5], [5], [5]]",4,6,150,0.96,0.0017925,20,0.00465365219861269,0.0033469200134277344,0.00806344550309658,OPTIMAL,8.1,,,0.0,1.0,7.85,157,44.0,880,,8.1,8.1,,8.1,8.1,False,,,False,
63765566696489191,12,20,4,"[5, 5, 5, 5]","[[2, 2, 2, 6, 7], [1, 2, 2, 3, 4], [3, 4, 6, 6, 6], [2, 3, 4, 5, 6]]",1.0,1,2,,1,NP,"[[1, 1, 1, 1, 1], [1, 1, 1, 1, 1], [1, 1, 1, 1, 1], [1, 1, 1, 1, 1]]",20,150,150,0.0,0.001237,20,0.007580235600471497,21.074107885360718,21.081756421568464,OPTIMAL,8.2,0.0,np_gurobi_optimal,0.0,246637.0,0.0,0,0.0,0,8.2,,,8.2,,,False,,,False,
63765566696489191,12,20,4,"[5, 5, 5, 5]","[[2, 2, 2, 6, 7], [1, 2, 2, 3, 4], [3, 4, 6, 6, 6], [2, 3, 4, 5, 6]]",1.0,1,2,2,,CHP,"[[3, 2], [5], [5], [5]]",5,9,150,0.94,0.0016675,20,0.004785862751305103,0.008941173553466797,0.013800031006793976,OPTIMAL,8.2,0.0,np_gurobi_optimal,0.0,1.0,0.8,16,16.15,323,8.2,,,8.2,8.2,,False,,,False,
63765566696489191,12,20,4,"[5, 5, 5, 5]","[[2, 2, 2, 6, 7], [1, 2, 2, 3, 4], [3, 4, 6, 6, 6], [2, 3, 4, 5, 6]]",1.0,1,2,2,2,PP,"[[2, 1, 2], [2, 2, 1], [2, 2, 1], [2, 2, 1]]",12,54,150,0.64,0.0018975,20,0.005931694991886616,0.15749287605285645,0.16350783540411948,OPTIMAL,8.2,0.0,np_gurobi_optimal,0.0,3817.0,0.0,0,8.5,170,8.2,8.2,8.2,8.2,8.2,8.2,True,True,8.5,True,True
63765566696489191,12,20,4,"[5, 5, 5, 5]","[[2, 2, 2, 6, 7], [1, 2, 2, 3, 4], [3, 4, 6, 6, 6], [2, 3, 4, 5, 6]]",1.0,1,2,2,3,PP,"[[3, 2], [3, 2], [3, 2], [3, 2]]",8,24,150,0.84,0.001818,20,0.005145447328686714,0.04424595832824707,0.049464622570794106,OPTIMAL,8.2,0.0,np_gurobi_optimal,0.0,518.0,0.8,16,11.05,221,8.2,8.2,8.2,8.2,8.2,8.2,True,True,11.05,True,True
63765566696489191,12,20,4,"[5, 5, 5, 5]","[[2, 2, 2, 6, 7], [1, 2, 2, 3, 4], [3, 4, 6, 6, 6], [2, 3, 4, 5, 6]]",1.0,1,2,2,4,PP,"[[3, 2], [4, 1], [4, 1], [4, 1]]",8,24,150,0.84,0.001823,20,0.0054686544463038445,0.02912616729736328,0.03468504029451418,OPTIMAL,8.2,0.0,np_gurobi_optimal,0.0,269.0,0.8,16,12.75,255,8.2,8.2,8.2,8.2,8.2,8.2,True,True,12.75,True,True
63765566696489191,12,20,4,"[5, 5, 5, 5]","[[2, 2, 2, 6, 7], [1, 2, 2, 3, 4], [3, 4, 6, 6, 6], [2, 3, 4, 5, 6]]",1.0,1,2,2,5,PP,"[[3, 2], [5], [5], [5]]",5,9,150,0.94,0.0028045,20,0.006509437225759029,0.008923053741455078,0.015528007698194504,OPTIMAL,8.2,0.0,np_gurobi_optimal,0.0,1.0,0.8,16,13.6,272,8.2,8.2,8.2,8.2,8.2,8.2,True,True,13.6,True,True
63765566696489191,12,20,4,"[5, 5, 5, 5]","[[2, 2, 2, 6, 7], [1, 2, 2, 3, 4], [3, 4, 6, 6, 6], [2, 3, 4, 5, 6]]",1.0,1,2,3,,CHP,"[[3, 2], [5], [5], [5]]",5,9,150,0.94,0.0040565,20,0.004922239109873772,0.0072519779205322266,0.012247290121120453,OPTIMAL,8.2,0.0,np_gurobi_optimal,0.0,1.0,0.8,16,34.2,684,8.2,,,8.2,8.2,,False,,,False,
63765566696489191,12,20,4,"[5, 5, 5, 5]","[[2, 2, 2, 6, 7], [1, 2, 2, 3, 4], [3, 4, 6, 6, 6], [2, 3, 4, 5, 6]]",1.0,1,2,3,2,PP,"[[2, 1, 2], [2, 2, 1], [2, 2, 1], [2, 2, 1]]",12,54,150,0.64,0.001813,20,0.0057297684252262115,0.1532280445098877,0.1590334285925393,OPTIMAL,8.2,0.0,np_gurobi_optimal,0.0,3817.0,0.0,0,18.0,360,8.2,8.2,8.2,8.2,8.2,8.2,True,True,18.0,True,True
63765566696489191,12,20,4,"[5, 5, 5, 5]","[[2, 2, 2, 6, 7], [1, 2, 2, 3, 4], [3, 4, 6, 6, 6], [2, 3, 4, 5, 6]]",1.0,1,2,3,3,PP,"[[3, 2], [3, 2], [3, 2], [3, 2]]",8,24,150,0.84,0.0017025,20,0.005186679773032665,0.0450589656829834,0.05033964854241848,OPTIMAL,8.2,0.0,np_gurobi_optimal,0.0,518.0,0.8,16,23.4,468,8.2,8.2,8.2,8.2,8.2,8.2,True,True,23.4,True,True
63765566696489191,12,20,4,"[5, 5, 5, 5]","[[2, 2, 2, 6, 7], [1, 2, 2, 3, 4], [3, 4, 6, 6, 6], [2, 3, 4, 5, 6]]",1.0,1,2,3,4,PP,"[[3, 2], [4, 1], [4, 1], [4, 1]]",8,24,150,0.84,0.0047375,20,0.0054689450189471245,0.027101993560791016,0.032654080402004716,OPTIMAL,8.2,0.0,np_gurobi_optimal,0.0,269.0,0.8,16,27.0,540,8.2,8.2,8.2,8.2,8.2,8.2,True,True,27.0,True,True
63765566696489191,12,20,4,"[5, 5, 5, 5]","[[2, 2, 2, 6, 7], [1, 2, 2, 3, 4], [3, 4, 6, 6, 6], [2, 3, 4, 5, 6]]",1.0,1,2,3,5,PP,"[[3, 2], [5], [5], [5]]",5,9,150,0.94,0.0018375,20,0.004836268723011017,0.007203817367553711,0.012109675445222855,OPTIMAL,8.2,0.0,np_gurobi_optimal,0.0,1.0,0.8,16,28.8,576,8.2,8.2,8.2,8.2,8.2,8.2,True,True,28.8,True,True
63765566696489191,12,20,4,"[5, 5, 5, 5]","[[2, 2, 2, 6, 7], [1, 2, 2, 3, 4], [3, 4, 6, 6, 6], [2, 3, 4, 5, 6]]",1.0,1,2,4,,CHP,"[[5], [5], [5], [5]]",4,6,150,0.96,0.001778,20,0.005275342613458633,0.002933025360107422,0.008271515474620341,OPTIMAL,8.2,0.0,np_gurobi_optimal,0.0,1.0,3.25,65,52.25,1045,8.2,,,8.2,8.2,,False,,,False,
63765566696489191,12,20,4,"[5, 5, 5, 5]","[[2, 2, 2, 6, 7], [1, 2, 2, 3, 4], [3, 4, 6, 6, 6], [2, 3, 4, 5, 6]]",1.0,1,2,4,2,PP,"[[2, 2, 1], [2, 2, 1], [2, 2, 1], [2, 2, 1]]",12,54,150,0.64,0.004963,20,0.005733145400881767,0.17075586318969727,0.17656303661006736,OPTIMAL,8.2,0.0,np_gurobi_optimal,0.0,4203.0,2.45,49,27.5,550,8.2,8.2,8.2,8.2,8.2,8.2,True,True,27.5,True,True
63765566696489191,12,20,4,"[5, 5, 5, 5]","[[2, 2, 2, 6, 7], [1, 2, 2, 3, 4], [3, 4, 6, 6, 6], [2, 3, 4, 5, 6]]",1.0,1,2,4,3,PP,"[[3, 2], [3, 2], [3, 2], [3, 2]]",8,24,150,0.84,0.0017675,20,0.004901266656816006,0.03894305229187012,0.04391461316372633,OPTIMAL,8.2,0.0,np_gurobi_optimal,0.0,518.0,0.8,16,35.75,715,8.2,8.2,8.2,8.2,8.2,8.2,True,True,35.75,True,True
63765566696489191,12,20,4,"[5, 5, 5, 5]","[[2, 2, 2, 6, 7], [1, 2, 2, 3, 4], [3, 4, 6, 6, 6], [2, 3, 4, 5, 6]]",1.0,1,2,4,4,PP,"[[4, 1], [4, 1], [4, 1], [4, 1]]",8,24,150,0.84,0.001872,20,0.005268492735922337,0.02346014976501465,0.028801517602703094,OPTIMAL,8.2,0.0,np_gurobi_optimal,0.0,169.0,3.25,65,41.25,825,8.2,8.2,8.2,8.2,8.2,8.2,True,True,41.25,True,True
63765566696489191,12,20,4,"[5, 5, 5, 5]","[[2, 2, 2, 6, 7], [1, 2, 2, 3, 4], [3, 4, 6, 6, 6], [2, 3, 4, 5, 6]]",1.0,1,2,4,5,PP,"[[5], [5], [5], [5]]",4,6,150,0.96,0.001778,20,0.004932224750518799,0.003083944320678711,0.008085956902208804,OPTIMAL,8.2,0.0,np_gurobi_optimal,0.0,1.0,3.25,65,44.0,880,8.2,8.2,8.2,8.2,8.2,8.2,True,True,44.0,True,True
10177384326487991559,13,20,4,"[5, 5, 5, 5]","[[2, 2, 3, 6, 6], [4, 4, 4, 4, 6], [2, 3, 3, 4, 5], [1, 4, 5, 5, 6]]",1.0,1,2,,1,NP,"[[1, 1, 1, 1, 1], [1, 1, 1, 1, 1], [1, 1, 1, 1, 1], [1, 1, 1, 1, 1]]",20,150,150,0.0,0.001352,20,0.008425072766840458,30.011417150497437,30.019919222871724,TIME_LIMIT,8.85,,,0.088178478703204,392449.0,0.0,0,0.0,0,,,,,,,False,,,False,
10177384326487991559,13,20,4,"[5, 5, 5, 5]","[[2, 2, 3, 6, 6], [4, 4, 4, 4, 6], [2, 3, 3, 4, 5], [1, 4, 5, 5, 6]]",1.0,1,2,2,,CHP,"[[3, 2], [5], [5], [1, 4]]",6,13,150,0.9133333333333333,0.003991,20,0.004919844679534435,0.016562938690185547,0.02155681262129879,OPTIMAL,8.85,,,0.0,120.0,0.7,14,16.15,323,,,,,8.85,,False,,,False,
10177384326487991559,13,20,4,"[5, 5, 5, 5]","[[2, 2, 3, 6, 6], [4, 4, 4, 4, 6], [2, 3, 3, 4, 5], [1, 4, 5, 5, 6]]",1.0,1,2,2,2,PP,"[[2, 1, 2], [2, 2, 1], [2, 2, 1], [1, 2, 2]]",12,54,150,0.64,0.0018375,20,0.005430147051811218,0.23477387428283691,0.24026985373404025,OPTIMAL,8.85,,,0.0,10365.0,0.0,0,8.5,170,,8.85,8.85,,8.85,8.85,False,,,False,
10177384326487991559,13,20,4,"[5, 5, 5, 5]","[[2, 2, 3, 6, 6], [4, 4, 4, 4, 6], [2, 3, 3, 4, 5], [1, 4, 5, 5, 6]]",1.0,1,2,2,3,PP,"[[3, 2], [3, 2], [3, 2], [1, 3, 1]]",9,30,150,0.8,0.004472,20,0.005338026210665703,0.05021810531616211,0.0556301984688611,OPTIMAL,8.85,,,0.0,918.0,0.7,14,11.05,221,,8.85,8.85,,8.85,8.85,False,,,False,
10177384326487991559,13,20,4,"[5, 5, 5, 5]","[[2, 2, 3, 6, 6], [4, 4, 4, 4, 6], [2, 3, 3, 4, 5], [1, 4, 5, 5, 6]]",1.0,1,2,2,4,PP,"[[3, 2], [4, 1], [4, 1], [1, 4]]",8,24,150,0.84,0.0044965,20,0.0050453850999474525,0.025527000427246094,0.030637902282282352,OPTIMAL,8.85,,,0.0,423.0,0.0,0,12.75,255,,8.85,8.85,,8.85,8.85,False,,,False,
10177384326487991559,13,20,4,"[5, 5, 5, 5]","[[2, 2, 3, 6, 6], [4, 4, 4, 4, 6], [2, 3, 3, 4, 5], [1, 4, 5, 5, 6]]",1.0,1,2,2,5,PP,"[[3, 2], [5], [5], [1, 4]]",6,13,150,0.9133333333333333,0.0017475,20,0.004755607806146145,0.015425920486450195,0.020243509080109596,OPTIMAL,8.85,,,0.0,120.0,0.7,14,13.6,272,,8.85,8.85,,8.85,8.85,False,,,False,
10177384326487991559,13,20,4,"[5, 5, 5, 5]","[[2, 2, 3, 6, 6], [4, 4, 4, 4, 6], [2, 3, 3, 4, 5], [1, 4, 5, 5, 6]]",1.0,1,2,3,,CHP,"[[5], [5], [5], [5]]",4,6,150,0.96,0.0016325,20,0.004634354263544083,0.0028581619262695312,0.007551132592864037,OPTIMAL,9.05,,,0.0,1.0,4.1,82,34.2,684,,,,,9.05,,False,,,False,
10177384326487991559,13,20,4,"[5, 5, 5, 5]","[[2, 2, 3, 6, 6], [4, 4, 4, 4, 6], [2, 3, 3, 4, 5], [1, 4, 5, 5, 6]]",1.0,1,2,3,2,PP,"[[2, 2, 1], [2, 2, 1], [2, 2, 1], [2, 2, 1]]",12,54,150,0.64,0.0017375,20,0.005107229575514793,0.17490696907043457,0.18007945886479615,OPTIMAL,9.05,,,0.0,5716.0,3.4,68,18.0,360,,9.05,9.05,,9.05,9.05,False,,,False,
10177384326487991559,13,20,4,"[5, 5, 5, 5]","[[2, 2, 3, 6, 6], [4, 4, 4, 4, 6], [2, 3, 3, 4, 5], [1, 4, 5, 5, 6]]",1.0,1,2,3,3,PP,"[[3, 2], [3, 2], [3, 2], [3, 2]]",8,24,150,0.84,0.001808,20,0.004959995858371258,0.04339909553527832,0.048436226626129626,OPTIMAL,9.05,,,0.0,596.0,2.5,50,23.4,468,,9.05,9.05,,9.05,9.05,False,,,False,
10177384326487991559,13,20,4,"[5, 5, 5, 5]","[[2, 2, 3, 6, 6], [4, 4, 4, 4, 6], [2, 3, 3, 4, 5], [1, 4, 5, 5, 6]]",1.0,1,2,3,4,PP,"[[4, 1], [4, 1], [4, 1], [4, 1]]",8,24,150,0.84,0.004727,20,0.005433090962469578,0.025457143783569336,0.030967941114308357,OPTIMAL,9.05,,,0.0,218.0,3.4,68,27.0,540,,9.05,9.05,,9.05,9.05,False,,,False,
10177384326487991559,13,20,4,"[5, 5, 5, 5]","[[2, 2, 3, 6, 6], [4, 4, 4, 4, 6], [2, 3, 3, 4, 5], [1, 4, 5, 5, 6]]",1.0,1,2,3,5,PP,"[[5], [5], [5], [5]]",4,6,150,0.96,0.001893,20,0.004644039086997509,0.002180814743041992,0.006881369830363274,OPTIMAL,9.05,,,0.0,1.0,4.1,82,28.8,576,,9.05,9.05,,9.05,9.05,False,,,False,
10177384326487991559,13,20,4,"[5, 5, 5, 5]","[[2, 2, 3, 6, 6], [4, 4, 4, 4, 6], [2, 3, 3, 4, 5], [1, 4, 5, 5, 6]]",1.0,1,2,4,,CHP,"[[5], [5], [5], [5]]",4,6,150,0.96,0.0015275,20,0.0045730117708444595,0.0026259422302246094,0.007249390837397575,OPTIMAL,9.05,,,0.0,1.0,4.1,82,52.25,1045,,,,,9.05,,False,,,False,
10177384326487991559,13,20,4,"[5, 5, 5, 5]","[[2, 2, 3, 6, 6], [4, 4, 4, 4, 6], [2, 3, 3, 4, 5], [1, 4, 5, 5, 6]]",1.0,1,2,4,2,PP,"[[2, 2, 1], [2, 2, 1], [2, 2, 1], [2, 2, 1]]",12,54,150,0.64,0.001763,20,0.004806733690202236,0.15816593170166016,0.16303321161012696,OPTIMAL,9.05,,,0.0,5716.0,3.4,68,27.5,550,,9.05,9.05,,9.05,9.05,False,,,False,
10177384326487991559,13,20,4,"[5, 5, 5, 5]","[[2, 2, 3, 6, 6], [4, 4, 4, 4, 6], [2, 3, 3, 4, 5], [1, 4, 5, 5, 6]]",1.0,1,2,4,3,PP,"[[3, 2], [3, 2], [3, 2], [3, 2]]",8,24,150,0.84,0.001773,20,0.004396554082632065,0.03997087478637695,0.04443288105004835,OPTIMAL,9.05,,,0.0,596.0,2.5,50,35.75,715,,9.05,9.05,,9.05,9.05,False,,,False,
10177384326487991559,13,20,4,"[5, 5, 5, 5]","[[2, 2, 3, 6, 6], [4, 4, 4, 4, 6], [2, 3, 3, 4, 5], [1, 4, 5, 5, 6]]",1.0,1,2,4,4,PP,"[[4, 1], [4, 1], [4, 1], [4, 1]]",8,24,150,0.84,0.0017475,20,0.004964803345501423,0.028254032135009766,0.03328247402220726,OPTIMAL,9.05,,,0.0,218.0,3.4,68,41.25,825,,9.05,9.05,,9.05,9.05,False,,,False,
10177384326487991559,13,20,4,"[5, 5, 5, 5]","[[2, 2, 3, 6, 6], [4, 4, 4, 4, 6], [2, 3, 3, 4, 5], [1, 4, 5, 5, 6]]",1.0,1,2,4,5,PP,"[[5], [5], [5], [5]]",4,6,150,0.96,0.001743,20,0.004341942258179188,0.002824068069458008,0.007223647583275318,OPTIMAL,9.05,,,0.0,1.0,4.1,82,44.0,880,,9.05,9.05,,9.05,9.05,False,,,False,
8044684275315658922,14,20,4,"[5, 5, 5, 5]","[[1, 2, 2, 6, 6], [2, 3, 4, 4, 6], [2, 6, 7, 8, 9], [2, 3, 4, 4, 4]]",1.0,1,2,,1,NP,"[[1, 1, 1, 1, 1], [1, 1, 1, 1, 1], [1, 1, 1, 1, 1], [1, 1, 1, 1, 1]]",20,150,150,0.0,0.001287,20,0.007202174514532089,16.528829097747803,16.536100109951317,OPTIMAL,8.15,0.0,np_gurobi_optimal,0.0,192683.0,0.0,0,0.0,0,8.15,,,8.15,,,False,,,False,
8044684275315658922,14,20,4,"[5, 5, 5, 5]","[[1, 2, 2, 6, 6], [2, 3, 4, 4, 6], [2, 6, 7, 8, 9], [2, 3, 4, 4, 4]]",1.0,1,2,2,,CHP,"[[3, 2], [5], [1, 4], [5]]",6,13,150,0.9133333333333333,0.003996,20,0.0050163110718131065,0.009598016738891602,0.014693855934151172,OPTIMAL,8.15,0.0,np_gurobi_optimal,0.0,1.0,0.7,14,16.15,323,8.15,,,8.15,8.15,,False,,,False,
8044684275315658922,14,20,4,"[5, 5, 5, 5]","[[1, 2, 2, 6, 6], [2, 3, 4, 4, 6], [2, 6, 7, 8, 9], [2, 3, 4, 4, 4]]",1.0,1,2,2,2,PP,"[[2, 1, 2], [2, 2, 1], [1, 2, 2], [2, 2, 1]]",12,54,150,0.64,0.004417,20,0.005804822780191898,0.20340991020202637,0.20928964737582637,OPTIMAL,8.15,0.0,np_gurobi_optimal,0.0,6595.0,0.0,0,8.5,170,8.15,8.15,8.15,8.15,8.15,8.15,True,True,8.5,True,True
8044684275315658922,14,20,4,"[5, 5, 5, 5]","[[1, 2, 2, 6, 6], [2, 3, 4, 4, 6], [2, 6, 7, 8, 9], [2, 3, 4, 4, 4]]",1.0,1,2,2,3,PP,"[[3, 2], [3, 2], [1, 3, 1], [3, 2]]",9,30,150,0.8,0.004537,20,0.005469866096973419,0.04738020896911621,0.052933508126675605,OPTIMAL,8.15,0.0,np_gurobi_optimal,0.0,1084.0,0.7,14,11.05,221,8.15,8.15,8.15,8.15,8.15,8.15,True,True,11.05,True,True
8044684275315658922,14,20,4,"[5, 5, 5, 5]","[[1, 2, 2, 6, 6], [2, 3, 4, 4, 6], [2, 6, 7, 8, 9], [2, 3, 4, 4, 4]]",1.0,1,2,2,4,PP,"[[3, 2], [4, 1], [1, 4], [4, 1]]",8,24,150,0.84,0.0019175,20,0.005236263386905193,0.035444021224975586,0.0407589831388998,OPTIMAL,8.15,0.0,np_gurobi_optimal,0.0,328.0,0.0,0,12.75,255,8.15,8.15,8.15,8.15,8.15,8.15,True,True,12.75,True,True
8044684275315658922,14,20,4,"[5, 5, 5, 5]","[[1, 2, 2, 6, 6], [2, 3, 4, 4, 6], [2, 6, 7, 8, 9], [2, 3, 4, 4, 4]]",1.0,1,2,2,5,PP,"[[3, 2], [5], [1, 4], [5]]",6,13,150,0.9133333333333333,0.004357,20,0.005076591856777668,0.011301994323730469,0.01645561986894083,OPTIMAL,8.15,0.0,np_gurobi_optimal,0.0,1.0,0.7,14,13.6,272,8.15,8.15,8.15,8.15,8.15,8.15,True,True,13.6,True,True
8044684275315658922,14,20,4,"[5, 5, 5, 5]","[[1, 2, 2, 6, 6], [2, 3, 4, 4, 6], [2, 6, 7, 8, 9], [2, 3, 4, 4, 4]]",1.0,1,2,3,,CHP,"[[3, 2], [5], [1, 4], [5]]",6,13,150,0.9133333333333333,0.004036,20,0.00502462312579155,0.009308099746704102,0.014400623386727334,OPTIMAL,8.15,0.0,np_gurobi_optimal,0.0,1.0,0.7,14,34.2,684,8.15,,,8.15,8.15,,False,,,False,
8044684275315658922,14,20,4,"[5, 5, 5, 5]","[[1, 2, 2, 6, 6], [2, 3, 4, 4, 6], [2, 6, 7, 8, 9], [2, 3, 4, 4, 4]]",1.0,1,2,3,2,PP,"[[2, 1, 2], [2, 2, 1], [1, 2, 2], [2, 2, 1]]",12,54,150,0.64,0.0018325,20,0.005845634266734123,0.19051098823547363,0.19644187077124833,OPTIMAL,8.15,0.0,np_gurobi_optimal,0.0,6595.0,0.0,0,18.0,360,8.15,8.15,8.15,8.15,8.15,8.15,True,True,18.0,True,True
8044684275315658922,14,20,4,"[5, 5, 5, 5]","[[1, 2, 2, 6, 6], [2, 3, 4, 4, 6], [2, 6, 7, 8, 9], [2, 3, 4, 4, 4]]",1.0,1,2,3,3,PP,"[[3, 2], [3, 2], [1, 3, 1], [3, 2]]",9,30,150,0.8,0.001733,20,0.005203624255955219,0.049104928970336914,0.05438348911197948,OPTIMAL,8.15,0.0,np_gurobi_optimal,0.0,1084.0,0.7,14,23.4,468,8.15,8.15,8.15,8.15,8.15,8.15,True,True,23.4,True,True
8044684275315658922,14,20,4,"[5, 5, 5, 5]","[[1, 2, 2, 6, 6], [2, 3, 4, 4, 6], [2, 6, 7, 8, 9], [2, 3, 4, 4, 4]]",1.0,1,2,3,4,PP,"[[3, 2], [4, 1], [1, 4], [4, 1]]",8,24,150,0.84,0.001908,20,0.005180208943784237,0.03325510025024414,0.038515774253197195,OPTIMAL,8.15,0.0,np_gurobi_optimal,0.0,328.0,0.0,0,27.0,540,8.15,8.15,8.15,8.15,8.15,8.15,True,True,27.0,True,True
8044684275315658922,14,20,4,"[5, 5, 5, 5]","[[1, 2, 2, 6, 6], [2, 3, 4, 4, 6], [2, 6, 7, 8, 9], [2, 3, 4, 4, 4]]",1.0,1,2,3,5,PP,"[[3, 2], [5], [1, 4], [5]]",6,13,150,0.9133333333333333,0.001908,20,0.004820404574275017,0.009650945663452148,0.014533839839883328,OPTIMAL,8.15,0.0,np_gurobi_optimal,0.0,1.0,0.7,14,28.8,576,8.15,8.15,8.15,8.15,8.15,8.15,True,True,28.8,True,True
8044684275315658922,14,20,4,"[5, 5, 5, 5]","[[1, 2, 2, 6, 6], [2, 3, 4, 4, 6], [2, 6, 7, 8, 9], [2, 3, 4, 4, 4]]",1.0,1,2,4,,CHP,"[[5], [5], [5], [5]]",4,6,150,0.96,0.001677,20,0.004753714427351952,0.003072977066040039,0.007892442555202961,OPTIMAL,8.75,0.5999999999999996,np_gurobi_optimal,0.0,1.0,5.9,118,52.25,1045,8.15,,,8.15,8.75,,False,,,False,
8044684275315658922,14,20,4,"[5, 5, 5, 5]","[[1, 2, 2, 6, 6], [2, 3, 4, 4, 6], [2, 6, 7, 8, 9], [2, 3, 4, 4, 4]]",1.0,1,2,4,2,PP,"[[2, 2, 1], [2, 2, 1], [2, 2, 1], [2, 2, 1]]",12,54,150,0.64,0.001888,20,0.0054197413846850395,0.13504409790039062,0.14053243047051478,OPTIMAL,8.35,0.1999999999999993,np_gurobi_optimal,0.0,4475.0,5.2,104,27.5,550,8.15,8.75,8.35,8.15,8.75,8.35,True,True,27.3,True,True
8044684275315658922,14,20,4,"[5, 5, 5, 5]","[[1, 2, 2, 6, 6], [2, 3, 4, 4, 6], [2, 6, 7, 8, 9], [2, 3, 4, 4, 4]]",1.0,1,2,4,3,PP,"[[3, 2], [3, 2], [3, 2], [3, 2]]",8,24,150,0.84,0.0017525,20,0.005005924962460995,0.037215232849121094,0.042291826319458485,OPTIMAL,8.15,0.0,np_gurobi_optimal,0.0,549.0,3.45,69,35.75,715,8.15,8.75,8.15,8.15,8.75,8.15,True,True,35.75,True,True
8044684275315658922,14,20,4,"[5, 5, 5, 5]","[[1, 2, 2, 6, 6], [2, 3, 4, 4, 6], [2, 6, 7, 8, 9], [2, 3, 4, 4, 4]]",1.0,1,2,4,4,PP,"[[4, 1], [4, 1], [4, 1], [4, 1]]",8,24,150,0.84,0.0016975,20,0.004778841510415077,0.024797916412353516,0.029641571153650285,OPTIMAL,8.75,0.5999999999999996,np_gurobi_optimal,0.0,335.0,5.2,104,41.25,825,8.15,8.75,8.75,8.15,8.75,8.75,True,True,40.65,True,True
8044684275315658922,14,20,4,"[5, 5, 5, 5]","[[1, 2, 2, 6, 6], [2, 3, 4, 4, 6], [2, 6, 7, 8, 9], [2, 3, 4, 4, 4]]",1.0,1,2,4,5,PP,"[[5], [5], [5], [5]]",4,6,150,0.96,0.004211,20,0.004857882857322693,0.003100156784057617,0.008023561469112397,OPTIMAL,8.75,0.5999999999999996,np_gurobi_optimal,0.0,1.0,5.9,118,44.0,880,8.15,8.75,8.75,8.15,8.75,8.75,True,True,43.4,True,True
1290432133874134580,15,20,4,"[5, 5, 5, 5]","[[0, 1, 1, 6, 8], [3, 4, 5, 6, 6], [3, 4, 5, 10, 10], [1, 1, 2, 2, 4]]",1.0,1,2,,1,NP,"[[1, 1, 1, 1, 1], [1, 1, 1, 1, 1], [1, 1, 1, 1, 1], [1, 1, 1, 1, 1]]",20,150,150,0.0,0.003295,20,0.008127402514219284,26.930368185043335,26.938574814218384,OPTIMAL,7.3,0.0,np_gurobi_optimal,0.0,345718.0,0.0,0,0.0,0,7.3,,,7.3,,,False,,,False,
1290432133874134580,15,20,4,"[5, 5, 5, 5]","[[0, 1, 1, 6, 8], [3, 4, 5, 6, 6], [3, 4, 5, 10, 10], [1, 1, 2, 2, 4]]",1.0,1,2,2,,CHP,"[[3, 2], [5], [3, 2], [5]]",6,13,150,0.9133333333333333,0.001622,20,0.004782799631357193,0.012624025344848633,0.017475340151450157,OPTIMAL,7.3,0.0,np_gurobi_optimal,0.0,1.0,1.4,28,16.15,323,7.3,,,7.3,7.3,,False,,,False,
1290432133874134580,15,20,4,"[5, 5, 5, 5]","[[0, 1, 1, 6, 8], [3, 4, 5, 6, 6], [3, 4, 5, 10, 10], [1, 1, 2, 2, 4]]",1.0,1,2,2,2,PP,"[[2, 1, 2], [2, 2, 1], [2, 1, 2], [2, 2, 1]]",12,54,150,0.64,0.0017875,20,0.0053385281935334206,0.18091607093811035,0.18632216967037915,OPTIMAL,7.3,0.0,np_gurobi_optimal,0.0,6187.0,0.7,14,8.5,170,7.3,7.3,7.3,7.3,7.3,7.3,True,True,8.5,True,True
1290432133874134580,15,20,4,"[5, 5, 5, 5]","[[0, 1, 1, 6, 8], [3, 4, 5, 6, 6], [3, 4, 5, 10, 10], [1, 1, 2, 2, 4]]",1.0,1,2,2,3,PP,"[[3, 2], [3, 2], [3, 2], [3, 2]]",8,24,150,0.84,0.0017125,20,0.004514503292739391,0.029967069625854492,0.03453676475479603,OPTIMAL,7.3,0.0,np_gurobi_optimal,0.0,502.0,1.4,28,11.05,221,7.3,7.3,7.3,7.3,7.3,7.3,True,True,11.05,True,True
1290432133874134580,15,20,4,"[5, 5, 5, 5]","[[0, 1, 1, 6, 8], [3, 4, 5, 6, 6], [3, 4, 5, 10, 10], [1, 1, 2, 2, 4]]",1.0,1,2,2,4,PP,"[[3, 2], [4, 1], [3, 2], [4, 1]]",8,24,150,0.84,0.001687,20,0.004664810374379158,0.02688288688659668,0.031601403283380985,OPTIMAL,7.3,0.0,np_gurobi_optimal,0.0,287.0,0.7,14,12.75,255,7.3,7.3,7.3,7.3,7.3,7.3,True,True,12.75,True,True
1290432133874134580,15,20,4,"[5, 5, 5, 5]","[[0, 1, 1, 6, 8], [3, 4, 5, 6, 6], [3, 4, 5, 10, 10], [1, 1, 2, 2, 4]]",1.0,1,2,2,5,PP,"[[3, 2], [5], [3, 2], [5]]",6,13,150,0.9133333333333333,0.0015825,20,0.0040710316970944405,0.0073261260986328125,0.011447590027410984,OPTIMAL,7.3,0.0,np_gurobi_optimal,0.0,1.0,1.4,28,13.6,272,7.3,7.3,7.3,7.3,7.3,7.3,True,True,13.6,True,True
1290432133874134580,15,20,4,"[5, 5, 5, 5]","[[0, 1, 1, 6, 8], [3, 4, 5, 6, 6], [3, 4, 5, 10, 10], [1, 1, 2, 2, 4]]",1.0,1,2,3,,CHP,"[[3, 2], [5], [3, 2], [5]]",6,13,150,0.9133333333333333,0.003906,20,0.004294680431485176,0.007456064224243164,0.011802417259257793,OPTIMAL,7.3,0.0,np_gurobi_optimal,0.0,1.0,1.4,28,34.2,684,7.3,,,7.3,7.3,,False,,,False,
1290432133874134580,15,20,4,"[5, 5, 5, 5]","[[0, 1, 1, 6, 8], [3, 4, 5, 6, 6], [3, 4, 5, 10, 10], [1, 1, 2, 2, 4]]",1.0,1,2,3,2,PP,"[[2, 1, 2], [2, 2, 1], [2, 1, 2], [2, 2, 1]]",12,54,150,0.64,0.004131,20,0.005068870261311531,0.1893470287322998,0.19448055851038074,OPTIMAL,7.3,0.0,np_gurobi_optimal,0.0,6187.0,0.7,14,18.0,360,7.3,7.3,7.3,7.3,7.3,7.3,True,True,18.0,True,True
1290432133874134580,15,20,4,"[5, 5, 5, 5]","[[0, 1, 1, 6, 8], [3, 4, 5, 6, 6], [3, 4, 5, 10, 10], [1, 1, 2, 2, 4]]",1.0,1,2,3,3,PP,"[[3, 2], [3, 2], [3, 2], [3, 2]]",8,24,150,0.84,0.004081,20,0.004956330172717571,0.03248286247253418,0.03749566147139645,OPTIMAL,7.3,0.0,np_gurobi_optimal,0.0,502.0,1.4,28,23.4,468,7.3,7.3,7.3,7.3,7.3,7.3,True,True,23.4,True,True
1290432133874134580,15,20,4,"[5, 5, 5, 5]","[[0, 1, 1, 6, 8], [3, 4, 5, 6, 6], [3, 4, 5, 10, 10], [1, 1, 2, 2, 4]]",1.0,1,2,3,4,PP,"[[3, 2], [4, 1], [3, 2], [4, 1]]",8,24,150,0.84,0.0016575,20,0.00428117997944355,0.029486894607543945,0.03382490456763029,OPTIMAL,7.3,0.0,np_gurobi_optimal,0.0,287.0,0.7,14,27.0,540,7.3,7.3,7.3,7.3,7.3,7.3,True,True,27.0,True,True
1290432133874134580,15,20,4,"[5, 5, 5, 5]","[[0, 1, 1, 6, 8], [3, 4, 5, 6, 6], [3, 4, 5, 10, 10], [1, 1, 2, 2, 4]]",1.0,1,2,3,5,PP,"[[3, 2], [5], [3, 2], [5]]",6,13,150,0.9133333333333333,0.001657,20,0.003944581374526024,0.007847070693969727,0.011845125993902207,OPTIMAL,7.3,0.0,np_gurobi_optimal,0.0,1.0,1.4,28,28.8,576,7.3,7.3,7.3,7.3,7.3,7.3,True,True,28.8,True,True
1290432133874134580,15,20,4,"[5, 5, 5, 5]","[[0, 1, 1, 6, 8], [3, 4, 5, 6, 6], [3, 4, 5, 10, 10], [1, 1, 2, 2, 4]]",1.0,1,2,4,,CHP,"[[3, 2], [5], [3, 2], [5]]",6,13,150,0.9133333333333333,0.001582,20,0.003707433119416237,0.007423877716064453,0.011181238721651554,OPTIMAL,7.3,0.0,np_gurobi_optimal,0.0,1.0,1.4,28,52.25,1045,7.3,,,7.3,7.3,,False,,,False,
1290432133874134580,15,20,4,"[5, 5, 5, 5]","[[0, 1, 1, 6, 8], [3, 4, 5, 6, 6], [3, 4, 5, 10, 10], [1, 1, 2, 2, 4]]",1.0,1,2,4,2,PP,"[[2, 1, 2], [2, 2, 1], [2, 1, 2], [2, 2, 1]]",12,54,150,0.64,0.001723,20,0.004447250626981258,0.178541898727417,0.18304308881718923,OPTIMAL,7.3,0.0,np_gurobi_optimal,0.0,6187.0,0.7,14,27.5,550,7.3,7.3,7.3,7.3,7.3,7.3,True,True,27.5,True,True
1290432133874134580,15,20,4,"[5, 5, 5, 5]","[[0, 1, 1, 6, 8], [3, 4, 5, 6, 6], [3, 4, 5, 10, 10], [1, 1, 2, 2, 4]]",1.0,1,2,4,3,PP,"[[3, 2], [3, 2], [3, 2], [3, 2]]",8,24,150,0.84,0.001713,20,0.004360140301287174,0.030221939086914062,0.03464108362770128,OPTIMAL,7.3,0.0,np_gurobi_optimal,0.0,502.0,1.4,28,35.75,715,7.3,7.3,7.3,7.3,7.3,7.3,True,True,35.75,True,True
1290432133874134580,15,20,4,"[5, 5, 5, 5]","[[0, 1, 1, 6, 8], [3, 4, 5, 6, 6], [3, 4, 5, 10, 10], [1, 1, 2, 2, 4]]",1.0,1,2,4,4,PP,"[[3, 2], [4, 1], [3, 2], [4, 1]]",8,24,150,0.84,0.0016775,20,0.004180627875030041,0.026716947555541992,0.030951201172461508,OPTIMAL,7.3,0.0,np_gurobi_optimal,0.0,287.0,0.7,14,41.25,825,7.3,7.3,7.3,7.3,7.3,7.3,True,True,41.25,True,True
1290432133874134580,15,20,4,"[5, 5, 5, 5]","[[0, 1, 1, 6, 8], [3, 4, 5, 6, 6], [3, 4, 5, 10, 10], [1, 1, 2, 2, 4]]",1.0,1,2,4,5,PP,"[[3, 2], [5], [3, 2], [5]]",6,13,150,0.9133333333333333,0.0016725,20,0.003935466520488262,0.006925106048583984,0.010911689915881156,OPTIMAL,7.3,0.0,np_gurobi_optimal,0.0,1.0,1.4,28,44.0,880,7.3,7.3,7.3,7.3,7.3,7.3,True,True,44.0,True,True
1262169377682605937,16,20,4,"[5, 5, 5, 5]","[[2, 2, 3, 3, 4], [4, 4, 6, 6, 8], [1, 2, 2, 3, 3], [0, 2, 3, 6, 6]]",1.0,1,2,,1,NP,"[[1, 1, 1, 1, 1], [1, 1, 1, 1, 1], [1, 1, 1, 1, 1], [1, 1, 1, 1, 1]]",20,150,150,0.0,0.001222,20,0.006720216013491154,27.576997995376587,27.58378169882345,OPTIMAL,8.3,0.0,np_gurobi_optimal,0.0,392706.0,0.0,0,0.0,0,8.3,,,8.3,,,False,,,False,
1262169377682605937,16,20,4,"[5, 5, 5, 5]","[[2, 2, 3, 3, 4], [4, 4, 6, 6, 8], [1, 2, 2, 3, 3], [0, 2, 3, 6, 6]]",1.0,1,2,2,,CHP,"[[5], [5], [5], [3, 2]]",5,9,150,0.94,0.0042765,20,0.0052184369415044785,0.008538961410522461,0.013830291905356885,OPTIMAL,8.5,0.1999999999999993,np_gurobi_optimal,0.0,1.0,2.35,47,16.15,323,8.3,,,8.3,8.5,,False,,,False,
1262169377682605937,16,20,4,"[5, 5, 5, 5]","[[2, 2, 3, 3, 4], [4, 4, 6, 6, 8], [1, 2, 2, 3, 3], [0, 2, 3, 6, 6]]",1.0,1,2,2,2,PP,"[[2, 2, 1], [2, 2, 1], [2, 2, 1], [2, 1, 2]]",12,54,150,0.64,0.0042915,20,0.00554333720356226,0.18386483192443848,0.1894794301716962,OPTIMAL,8.5,0.1999999999999993,np_gurobi_optimal,0.0,6046.0,0.85,17,8.5,170,8.3,8.5,8.5,8.3,8.5,8.5,True,True,8.3,True,True
1262169377682605937,16,20,4,"[5, 5, 5, 5]","[[2, 2, 3, 3, 4], [4, 4, 6, 6, 8], [1, 2, 2, 3, 3], [0, 2, 3, 6, 6]]",1.0,1,2,2,3,PP,"[[3, 2], [3, 2], [3, 2], [3, 2]]",8,24,150,0.84,0.001833,20,0.005193719640374184,0.0478520393371582,0.053135893464799404,OPTIMAL,8.5,0.1999999999999993,np_gurobi_optimal,0.0,578.0,2.35,47,11.05,221,8.3,8.5,8.5,8.3,8.5,8.5,True,True,10.850000000000001,True,True
1262169377682605937,16,20,4,"[5, 5, 5, 5]","[[2, 2, 3, 3, 4], [4, 4, 6, 6, 8], [1, 2, 2, 3, 3], [0, 2, 3, 6, 6]]",1.0,1,2,2,4,PP,"[[4, 1], [4, 1], [4, 1], [3, 2]]",8,24,150,0.84,0.001727,20,0.00489003024995327,0.028230905532836914,0.03318389444810343,OPTIMAL,8.5,0.1999999999999993,np_gurobi_optimal,0.0,330.0,1.65,33,12.75,255,8.3,8.5,8.5,8.3,8.5,8.5,True,True,12.55,True,True
1262169377682605937,16,20,4,"[5, 5, 5, 5]","[[2, 2, 3, 3, 4], [4, 4, 6, 6, 8], [1, 2, 2, 3, 3], [0, 2, 3, 6, 6]]",1.0,1,2,2,5,PP,"[[5], [5], [5], [3, 2]]",5,9,150,0.94,0.0017175,20,0.004374421201646328,0.007409095764160156,0.011840908929316997,OPTIMAL,8.5,0.1999999999999993,np_gurobi_optimal,0.0,1.0,2.35,47,13.6,272,8.3,8.5,8.5,8.3,8.5,8.5,True,True,13.4,True,True
1262169377682605937,16,20,4,"[5, 5, 5, 5]","[[2, 2, 3, 3, 4], [4, 4, 6, 6, 8], [1, 2, 2, 3, 3], [0, 2, 3, 6, 6]]",1.0,1,2,3,,CHP,"[[5], [5], [5], [5]]",4,6,150,0.96,0.004122,20,0.004395361989736557,0.0030930042266845703,0.007565229166111469,OPTIMAL,8.5,0.1999999999999993,np_gurobi_optimal,0.0,1.0,3.95,79,34.2,684,8.3,,,8.3,8.5,,False,,,False,
1262169377682605937,16,20,4,"[5, 5, 5, 5]","[[2, 2, 3, 3, 4], [4, 4, 6, 6, 8], [1, 2, 2, 3, 3], [0, 2, 3, 6, 6]]",1.0,1,2,3,2,PP,"[[2, 2, 1], [2, 2, 1], [2, 2, 1], [2, 2, 1]]",12,54,150,0.64,0.001763,20,0.004896160215139389,0.12923407554626465,0.1341932732675557,OPTIMAL,8.5,0.1999999999999993,np_gurobi_optimal,0.0,3425.0,2.45,49,18.0,360,8.3,8.5,8.5,8.3,8.5,8.5,True,True,17.8,True,True
1262169377682605937,16,20,4,"[5, 5, 5, 5]","[[2, 2, 3, 3, 4], [4, 4, 6, 6, 8], [1, 2, 2, 3, 3], [0, 2, 3, 6, 6]]",1.0,1,2,3,3,PP,"[[3, 2], [3, 2], [3, 2], [3, 2]]",8,24,150,0.84,0.0045015,20,0.0044618034735322,0.0489349365234375,0.05346218072699451,OPTIMAL,8.5,0.1999999999999993,np_gurobi_optimal,0.0,578.0,2.35,47,23.4,468,8.3,8.5,8.5,8.3,8.5,8.5,True,True,23.2,True,True
1262169377682605937,16,20,4,"[5, 5, 5, 5]","[[2, 2, 3, 3, 4], [4, 4, 6, 6, 8], [1, 2, 2, 3, 3], [0, 2, 3, 6, 6]]",1.0,1,2,3,4,PP,"[[4, 1], [4, 1], [4, 1], [4, 1]]",8,24,150,0.84,0.001723,20,0.004157984629273415,0.024783849716186523,0.028997313284466742,OPTIMAL,8.5,0.1999999999999993,np_gurobi_optimal,0.0,181.0,3.25,65,27.0,540,8.3,8.5,8.5,8.3,8.5,8.5,True,True,26.8,True,True
1262169377682605937,16,20,4,"[5, 5, 5, 5]","[[2, 2, 3, 3, 4], [4, 4, 6, 6, 8], [1, 2, 2, 3, 3], [0, 2, 3, 6, 6]]",1.0,1,2,3,5,PP,"[[5], [5], [5], [5]]",4,6,150,0.96,0.001698,20,0.004025112837553024,0.002716064453125,0.0067973381035189625,OPTIMAL,8.5,0.1999999999999993,np_gurobi_optimal,0.0,1.0,3.95,79,28.8,576,8.3,8.5,8.5,8.3,8.5,8.5,True,True,28.6,True,True
1262169377682605937,16,20,4,"[5, 5, 5, 5]","[[2, 2, 3, 3, 4], [4, 4, 6, 6, 8], [1, 2, 2, 3, 3], [0, 2, 3, 6, 6]]",1.0,1,2,4,,CHP,"[[5], [5], [5], [5]]",4,6,150,0.96,0.001698,20,0.0038627684116363525,0.002788066864013672,0.006704817724988937,OPTIMAL,8.5,0.1999999999999993,np_gurobi_optimal,0.0,1.0,3.95,79,52.25,1045,8.3,,,8.3,8.5,,False,,,False,
1262169377682605937,16,20,4,"[5, 5, 5, 5]","[[2, 2, 3, 3, 4], [4, 4, 6, 6, 8], [1, 2, 2, 3, 3], [0, 2, 3, 6, 6]]",1.0,1,2,4,2,PP,"[[2, 2, 1], [2, 2, 1], [2, 2, 1], [2, 2, 1]]",12,54,150,0.64,0.0044115,20,0.00481170229613781,0.1301279067993164,0.1350043041743865,OPTIMAL,8.5,0.1999999999999993,np_gurobi_optimal,0.0,3425.0,2.45,49,27.5,550,8.3,8.5,8.5,8.3,8.5,8.5,True,True,27.3,True,True
1262169377682605937,16,20,4,"[5, 5, 5, 5]","[[2, 2, 3, 3, 4], [4, 4, 6, 6, 8], [1, 2, 2, 3, 3], [0, 2, 3, 6, 6]]",1.0,1,2,4,3,PP,"[[3, 2], [3, 2], [3, 2], [3, 2]]",8,24,150,0.84,0.002434,20,0.006571091711521149,0.04488182067871094,0.05152221535108948,OPTIMAL,8.5,0.1999999999999993,np_gurobi_optimal,0.0,578.0,2.35,47,35.75,715,8.3,8.5,8.5,8.3,8.5,8.5,True,True,35.55,True,True
1262169377682605937,16,20,4,"[5, 5, 5, 5]","[[2, 2, 3, 3, 4], [4, 4, 6, 6, 8], [1, 2, 2, 3, 3], [0, 2, 3, 6, 6]]",1.0,1,2,4,4,PP,"[[4, 1], [4, 1], [4, 1], [4, 1]]",8,24,150,0.84,0.001693,20,0.004760385490953922,0.024590015411376953,0.029413592857223034,OPTIMAL,8.5,0.1999999999999993,np_gurobi_optimal,0.0,181.0,3.25,65,41.25,825,8.3,8.5,8.5,8.3,8.5,8.5,True,True,41.05,True,True
1262169377682605937,16,20,4,"[5, 5, 5, 5]","[[2, 2, 3, 3, 4], [4, 4, 6, 6, 8], [1, 2, 2, 3, 3], [0, 2, 3, 6, 6]]",1.0,1,2,4,5,PP,"[[5], [5], [5], [5]]",4,6,150,0.96,0.001652,20,0.003952222876250744,0.002360105514526367,0.0063658699593443875,OPTIMAL,8.5,0.1999999999999993,np_gurobi_optimal,0.0,1.0,3.95,79,44.0,880,8.3,8.5,8.5,8.3,8.5,8.5,True,True,43.8,True,True
3205940263915030935,17,20,4,"[5, 5, 5, 5]","[[2, 4, 5, 7, 8], [2, 3, 4, 4, 5], [1, 1, 2, 6, 8], [2, 3, 4, 5, 5]]",1.0,1,2,,1,NP,"[[1, 1, 1, 1, 1], [1, 1, 1, 1, 1], [1, 1, 1, 1, 1], [1, 1, 1, 1, 1]]",20,150,150,0.0,0.003004,20,0.00706034991890192,14.596698999404907,14.603829562217406,OPTIMAL,8.35,0.0,np_gurobi_optimal,0.0,226031.0,0.0,0,0.0,0,8.35,,,8.35,,,False,,,False,
3205940263915030935,17,20,4,"[5, 5, 5, 5]","[[2, 4, 5, 7, 8], [2, 3, 4, 4, 5], [1, 1, 2, 6, 8], [2, 3, 4, 5, 5]]",1.0,1,2,2,,CHP,"[[5], [5], [3, 2], [5]]",5,9,150,0.94,0.002108,20,0.005220749415457249,0.008275985717773438,0.013570542864282609,OPTIMAL,8.35,0.0,np_gurobi_optimal,0.0,1.0,2.3,46,16.15,323,8.35,,,8.35,8.35,,False,,,False,
3205940263915030935,17,20,4,"[5, 5, 5, 5]","[[2, 4, 5, 7, 8], [2, 3, 4, 4, 5], [1, 1, 2, 6, 8], [2, 3, 4, 5, 5]]",1.0,1,2,2,2,PP,"[[2, 2, 1], [2, 2, 1], [2, 1, 2], [2, 2, 1]]",12,54,150,0.64,0.0022885,20,0.006764472462236881,0.2060859203338623,0.21295755008064604,OPTIMAL,8.35,0.0,np_gurobi_optimal,0.0,5785.0,2.3,46,8.5,170,8.35,8.35,8.35,8.35,8.35,8.35,True,True,8.5,True,True
3205940263915030935,17,20,4,"[5, 5, 5, 5]","[[2, 4, 5, 7, 8], [2, 3, 4, 4, 5], [1, 1, 2, 6, 8], [2, 3, 4, 5, 5]]",1.0,1,2,2,3,PP,"[[3, 2], [3, 2], [3, 2], [3, 2]]",8,24,150,0.84,0.003045,20,0.006963654421269894,0.04233193397521973,0.049391653895242214,OPTIMAL,8.35,0.0,np_gurobi_optimal,0.0,583.0,1.55,31,11.05,221,8.35,8.35,8.35,8.35,8.35,8.35,True,True,11.05,True,True
3205940263915030935,17,20,4,"[5, 5, 5, 5]","[[2, 4, 5, 7, 8], [2, 3, 4, 4, 5], [1, 1, 2, 6, 8], [2, 3, 4, 5, 5]]",1.0,1,2,2,4,PP,"[[4, 1], [4, 1], [3, 2], [4, 1]]",8,24,150,0.84,0.002308,20,0.0051555512472987175,0.02636098861694336,0.03158405627694893,OPTIMAL,8.35,0.0,np_gurobi_optimal,0.0,331.0,2.3,46,12.75,255,8.35,8.35,8.35,8.35,8.35,8.35,True,True,12.75,True,True
3205940263915030935,17,20,4,"[5, 5, 5, 5]","[[2, 4, 5, 7, 8], [2, 3, 4, 4, 5], [1, 1, 2, 6, 8], [2, 3, 4, 5, 5]]",1.0,1,2,2,5,PP,"[[5], [5], [3, 2], [5]]",5,9,150,0.94,0.0016175,20,0.004301580600440502,0.0058040618896484375,0.010157506705634594,OPTIMAL,8.35,0.0,np_gurobi_optimal,0.0,1.0,2.3,46,13.6,272,8.35,8.35,8.35,8.35,8.35,8.35,True,True,13.6,True,True
3205940263915030935,17,20,4,"[5, 5, 5, 5]","[[2, 4, 5, 7, 8], [2, 3, 4, 4, 5], [1, 1, 2, 6, 8], [2, 3, 4, 5, 5]]",1.0,1,2,3,,CHP,"[[5], [5], [3, 2], [5]]",5,9,150,0.94,0.0016275,20,0.0037404419854283333,0.005903005599975586,0.00969391457253933,OPTIMAL,8.35,0.0,np_gurobi_optimal,0.0,1.0,2.3,46,34.2,684,8.35,,,8.35,8.35,,False,,,False,
3205940263915030935,17,20,4,"[5, 5, 5, 5]","[[2, 4, 5, 7, 8], [2, 3, 4, 4, 5], [1, 1, 2, 6, 8], [2, 3, 4, 5, 5]]",1.0,1,2,3,2,PP,"[[2, 2, 1], [2, 2, 1], [2, 1, 2], [2, 2, 1]]",12,54,150,0.64,0.0017275,20,0.00452641025185585,0.1875591278076172,0.19214935404155492,OPTIMAL,8.35,0.0,np_gurobi_optimal,0.0,5785.0,2.3,46,18.0,360,8.35,8.35,8.35,8.35,8.35,8.35,True,True,18.0,True,True
3205940263915030935,17,20,4,"[5, 5, 5, 5]","[[2, 4, 5, 7, 8], [2, 3, 4, 4, 5], [1, 1, 2, 6, 8], [2, 3, 4, 5, 5]]",1.0,1,2,3,3,PP,"[[3, 2], [3, 2], [3, 2], [3, 2]]",8,24,150,0.84,0.004342,20,0.00537701603025198,0.036930084228515625,0.0423807140318675,OPTIMAL,8.35,0.0,np_gurobi_optimal,0.0,583.0,1.55,31,23.4,468,8.35,8.35,8.35,8.35,8.35,8.35,True,True,23.4,True,True
3205940263915030935,17,20,4,"[5, 5, 5, 5]","[[2, 4, 5, 7, 8], [2, 3, 4, 4, 5], [1, 1, 2, 6, 8], [2, 3, 4, 5, 5]]",1.0,1,2,3,4,PP,"[[4, 1], [4, 1], [3, 2], [4, 1]]",8,24,150,0.84,0.0017175,20,0.005214541219174862,0.026319026947021484,0.03159816856643438,OPTIMAL,8.35,0.0,np_gurobi_optimal,0.0,331.0,2.3,46,27.0,540,8.35,8.35,8.35,8.35,8.35,8.35,True,True,27.0,True,True
3205940263915030935,17,20,4,"[5, 5, 5, 5]","[[2, 4, 5, 7, 8], [2, 3, 4, 4, 5], [1, 1, 2, 6, 8], [2, 3, 4, 5, 5]]",1.0,1,2,3,5,PP,"[[5], [5], [3, 2], [5]]",5,9,150,0.94,0.004211,20,0.004539179615676403,0.006292104721069336,0.010892185873185158,OPTIMAL,8.35,0.0,np_gurobi_optimal,0.0,1.0,2.3,46,28.8,576,8.35,8.35,8.35,8.35,8.35,8.35,True,True,28.8,True,True
3205940263915030935,17,20,4,"[5, 5, 5, 5]","[[2, 4, 5, 7, 8], [2, 3, 4, 4, 5], [1, 1, 2, 6, 8], [2, 3, 4, 5, 5]]",1.0,1,2,4,,CHP,"[[5], [5], [5], [5]]",4,6,150,0.96,0.0016775,20,0.004647834226489067,0.0026819705963134766,0.00738419518052578,OPTIMAL,8.95,0.5999999999999996,np_gurobi_optimal,0.0,1.0,4.75,95,52.25,1045,8.35,,,8.35,8.95,,False,,,False,
3205940263915030935,17,20,4,"[5, 5, 5, 5]","[[2, 4, 5, 7, 8], [2, 3, 4, 4, 5], [1, 1, 2, 6, 8], [2, 3, 4, 5, 5]]",1.0,1,2,4,2,PP,"[[2, 2, 1], [2, 2, 1], [2, 2, 1], [2, 2, 1]]",12,54,150,0.64,0.0043665,20,0.005281822755932808,0.12426304817199707,0.129607802716712,OPTIMAL,8.55,0.20000000000000107,np_gurobi_optimal,0.0,4541.0,4.05,81,27.5,550,8.35,8.95,8.55,8.35,8.95,8.55,True,True,27.299999999999997,True,True
3205940263915030935,17,20,4,"[5, 5, 5, 5]","[[2, 4, 5, 7, 8], [2, 3, 4, 4, 5], [1, 1, 2, 6, 8], [2, 3, 4, 5, 5]]",1.0,1,2,4,3,PP,"[[3, 2], [3, 2], [3, 2], [3, 2]]",8,24,150,0.84,0.001858,20,0.00473093893378973,0.034841060638427734,0.039633441727896214,OPTIMAL,8.35,0.0,np_gurobi_optimal,0.0,583.0,1.55,31,35.75,715,8.35,8.95,8.35,8.35,8.95,8.35,True,True,35.75,True,True
3205940263915030935,17,20,4,"[5, 5, 5, 5]","[[2, 4, 5, 7, 8], [2, 3, 4, 4, 5], [1, 1, 2, 6, 8], [2, 3, 4, 5, 5]]",1.0,1,2,4,4,PP,"[[4, 1], [4, 1], [4, 1], [4, 1]]",8,24,150,0.84,0.004397,20,0.004910680465400219,0.026070117950439453,0.03104274370037031,OPTIMAL,8.95,0.5999999999999996,np_gurobi_optimal,0.0,346.0,4.05,81,41.25,825,8.35,8.95,8.95,8.35,8.95,8.95,True,True,40.65,True,True
3205940263915030935,17,20,4,"[5, 5, 5, 5]","[[2, 4, 5, 7, 8], [2, 3, 4, 4, 5], [1, 1, 2, 6, 8], [2, 3, 4, 5, 5]]",1.0,1,2,4,5,PP,"[[5], [5], [5], [5]]",4,6,150,0.96,0.0044365,20,0.0042405687272548676,0.002583026885986328,0.006881078384446144,OPTIMAL,8.95,0.5999999999999996,np_gurobi_optimal,0.0,1.0,4.75,95,44.0,880,8.35,8.95,8.95,8.35,8.95,8.95,True,True,43.4,True,True
15512460893714049893,18,20,4,"[5, 5, 5, 5]","[[2, 3, 4, 6, 6], [0, 1, 2, 4, 5], [1, 2, 3, 4, 4], [2, 2, 2, 2, 2]]",1.0,1,2,,1,NP,"[[1, 1, 1, 1, 1], [1, 1, 1, 1, 1], [1, 1, 1, 1, 1], [1, 1, 1, 1, 1]]",20,150,150,0.0,0.001187,20,0.007043343968689442,19.53339409828186,19.540505039069377,OPTIMAL,8.55,0.0,np_gurobi_optimal,0.0,286652.0,0.0,0,0.0,0,8.55,,,8.55,,,False,,,False,
15512460893714049893,18,20,4,"[5, 5, 5, 5]","[[2, 3, 4, 6, 6], [0, 1, 2, 4, 5], [1, 2, 3, 4, 4], [2, 2, 2, 2, 2]]",1.0,1,2,2,,CHP,"[[5], [5], [5], [5]]",4,6,150,0.96,0.001658,20,0.0043083010241389275,0.003184080123901367,0.007553580462880611,OPTIMAL,9.0,0.4499999999999993,np_gurobi_optimal,0.0,1.0,1.5,30,16.15,323,8.55,,,8.55,9.0,,False,,,False,
15512460893714049893,18,20,4,"[5, 5, 5, 5]","[[2, 3, 4, 6, 6], [0, 1, 2, 4, 5], [1, 2, 3, 4, 4], [2, 2, 2, 2, 2]]",1.0,1,2,2,2,PP,"[[2, 2, 1], [2, 2, 1], [2, 2, 1], [2, 2, 1]]",12,54,150,0.64,0.0017475,20,0.004972805269062519,0.21585488319396973,0.2208898163995123,OPTIMAL,8.75,0.1999999999999993,np_gurobi_optimal,0.0,7300.0,1.5,30,8.5,170,8.55,9.0,8.75,8.55,9.0,8.75,True,True,8.3,True,True
15512460893714049893,18,20,4,"[5, 5, 5, 5]","[[2, 3, 4, 6, 6], [0, 1, 2, 4, 5], [1, 2, 3, 4, 4], [2, 2, 2, 2, 2]]",1.0,1,2,2,3,PP,"[[3, 2], [3, 2], [3, 2], [3, 2]]",8,24,150,0.84,0.0018225,20,0.004820815287530422,0.04035496711730957,0.04523860746479988,OPTIMAL,8.55,0.0,np_gurobi_optimal,0.0,623.0,0.0,0,11.05,221,8.55,9.0,8.55,8.55,9.0,8.55,True,True,11.05,True,True
15512460893714049893,18,20,4,"[5, 5, 5, 5]","[[2, 3, 4, 6, 6], [0, 1, 2, 4, 5], [1, 2, 3, 4, 4], [2, 2, 2, 2, 2]]",1.0,1,2,2,4,PP,"[[4, 1], [4, 1], [4, 1], [4, 1]]",8,24,150,0.84,0.0016625,20,0.004675816744565964,0.02866816520690918,0.03340904051045179,OPTIMAL,9.0,0.4499999999999993,np_gurobi_optimal,0.0,323.0,1.5,30,12.75,255,8.55,9.0,9.0,8.55,9.0,9.0,True,True,12.3,True,True
15512460893714049893,18,20,4,"[5, 5, 5, 5]","[[2, 3, 4, 6, 6], [0, 1, 2, 4, 5], [1, 2, 3, 4, 4], [2, 2, 2, 2, 2]]",1.0,1,2,2,5,PP,"[[5], [5], [5], [5]]",4,6,150,0.96,0.001743,20,0.0041770413517951965,0.0029931068420410156,0.007222684595733166,OPTIMAL,9.0,0.4499999999999993,np_gurobi_optimal,0.0,1.0,1.5,30,13.6,272,8.55,9.0,9.0,8.55,9.0,9.0,True,True,13.15,True,True
15512460893714049893,18,20,4,"[5, 5, 5, 5]","[[2, 3, 4, 6, 6], [0, 1, 2, 4, 5], [1, 2, 3, 4, 4], [2, 2, 2, 2, 2]]",1.0,1,2,3,,CHP,"[[5], [5], [5], [5]]",4,6,150,0.96,0.00382,20,0.00401476863771677,0.002566099166870117,0.006636564334638119,OPTIMAL,9.0,0.4499999999999993,np_gurobi_optimal,0.0,1.0,1.5,30,34.2,684,8.55,,,8.55,9.0,,False,,,False,
15512460893714049893,18,20,4,"[5, 5, 5, 5]","[[2, 3, 4, 6, 6], [0, 1, 2, 4, 5], [1, 2, 3, 4, 4], [2, 2, 2, 2, 2]]",1.0,1,2,3,2,PP,"[[2, 2, 1], [2, 2, 1], [2, 2, 1], [2, 2, 1]]",12,54,150,0.64,0.001803,20,0.004947426728904247,0.23691296577453613,0.24192762557091999,OPTIMAL,8.75,0.1999999999999993,np_gurobi_optimal,0.0,7300.0,1.5,30,18.0,360,8.55,9.0,8.75,8.55,9.0,8.75,True,True,17.8,True,True
15512460893714049893,18,20,4,"[5, 5, 5, 5]","[[2, 3, 4, 6, 6], [0, 1, 2, 4, 5], [1, 2, 3, 4, 4], [2, 2, 2, 2, 2]]",1.0,1,2,3,3,PP,"[[3, 2], [3, 2], [3, 2], [3, 2]]",8,24,150,0.84,0.004236,20,0.004974758252501488,0.03926587104797363,0.04430401359718895,OPTIMAL,8.55,0.0,np_gurobi_optimal,0.0,623.0,0.0,0,23.4,468,8.55,9.0,8.55,8.55,9.0,8.55,True,True,23.4,True,True
15512460893714049893,18,20,4,"[5, 5, 5, 5]","[[2, 3, 4, 6, 6], [0, 1, 2, 4, 5], [1, 2, 3, 4, 4], [2, 2, 2, 2, 2]]",1.0,1,2,3,4,PP,"[[4, 1], [4, 1], [4, 1], [4, 1]]",8,24,150,0.84,0.004502,20,0.0050270166248083115,0.028461933135986328,0.03355072903045607,OPTIMAL,9.0,0.4499999999999993,np_gurobi_optimal,0.0,323.0,1.5,30,27.0,540,8.55,9.0,9.0,8.55,9.0,9.0,True,True,26.55,True,True
15512460893714049893,18,20,4,"[5, 5, 5, 5]","[[2, 3, 4, 6, 6], [0, 1, 2, 4, 5], [1, 2, 3, 4, 4], [2, 2, 2, 2, 2]]",1.0,1,2,3,5,PP,"[[5], [5], [5], [5]]",4,6,150,0.96,0.0016825,20,0.004094919189810753,0.002382993698120117,0.006530929888243675,OPTIMAL,9.0,0.4499999999999993,np_gurobi_optimal,0.0,1.0,1.5,30,28.8,576,8.55,9.0,9.0,8.55,9.0,9.0,True,True,28.35,True,True
15512460893714049893,18,20,4,"[5, 5, 5, 5]","[[2, 3, 4, 6, 6], [0, 1, 2, 4, 5], [1, 2, 3, 4, 4], [2, 2, 2, 2, 2]]",1.0,1,2,4,,CHP,"[[5], [5], [5], [5]]",4,6,150,0.96,0.0017175,20,0.0038922019302845,0.0028638839721679688,0.006807953260450363,OPTIMAL,9.0,0.4499999999999993,np_gurobi_optimal,0.0,1.0,1.5,30,52.25,1045,8.55,,,8.55,9.0,,False,,,False,
15512460893714049893,18,20,4,"[5, 5, 5, 5]","[[2, 3, 4, 6, 6], [0, 1, 2, 4, 5], [1, 2, 3, 4, 4], [2, 2, 2, 2, 2]]",1.0,1,2,4,2,PP,"[[2, 2, 1], [2, 2, 1], [2, 2, 1], [2, 2, 1]]",12,54,150,0.64,0.00286,20,0.005345688201487064,0.20060300827026367,0.2060113119907832,OPTIMAL,8.75,0.1999999999999993,np_gurobi_optimal,0.0,7300.0,1.5,30,27.5,550,8.55,9.0,8.75,8.55,9.0,8.75,True,True,27.3,True,True
15512460893714049893,18,20,4,"[5, 5, 5, 5]","[[2, 3, 4, 6, 6], [0, 1, 2, 4, 5], [1, 2, 3, 4, 4], [2, 2, 2, 2, 2]]",1.0,1,2,4,3,PP,"[[3, 2], [3, 2], [3, 2], [3, 2]]",8,24,150,0.84,0.004562,20,0.004996631294488907,0.03734993934631348,0.04241104927864027,OPTIMAL,8.55,0.0,np_gurobi_optimal,0.0,623.0,0.0,0,35.75,715,8.55,9.0,8.55,8.55,9.0,8.55,True,True,35.75,True,True
15512460893714049893,18,20,4,"[5, 5, 5, 5]","[[2, 3, 4, 6, 6], [0, 1, 2, 4, 5], [1, 2, 3, 4, 4], [2, 2, 2, 2, 2]]",1.0,1,2,4,4,PP,"[[4, 1], [4, 1], [4, 1], [4, 1]]",8,24,150,0.84,0.001643,20,0.004566662013530731,0.02760791778564453,0.0322341454753809,OPTIMAL,9.0,0.4499999999999993,np_gurobi_optimal,0.0,323.0,1.5,30,41.25,825,8.55,9.0,9.0,8.55,9.0,9.0,True,True,40.8,True,True
15512460893714049893,18,20,4,"[5, 5, 5, 5]","[[2, 3, 4, 6, 6], [0, 1, 2, 4, 5], [1, 2, 3, 4, 4], [2, 2, 2, 2, 2]]",1.0,1,2,4,5,PP,"[[5], [5], [5], [5]]",4,6,150,0.96,0.001783,20,0.004220939241349697,0.002482891082763672,0.006759966240890503,OPTIMAL,9.0,0.4499999999999993,np_gurobi_optimal,0.0,1.0,1.5,30,44.0,880,8.55,9.0,9.0,8.55,9.0,9.0,True,True,43.55,True,True
10431496106334696738,19,20,4,"[5, 5, 5, 5]","[[3, 4, 4, 6, 7], [3, 3, 7, 8, 8], [0, 1, 2, 2, 3], [3, 3, 3, 4, 5]]",1.0,1,2,,1,NP,"[[1, 1, 1, 1, 1], [1, 1, 1, 1, 1], [1, 1, 1, 1, 1], [1, 1, 1, 1, 1]]",20,150,150,0.0,0.003044,20,0.007152809761464596,2.148190975189209,2.1554070082214776,OPTIMAL,7.05,0.0,np_gurobi_optimal,0.0,62484.0,0.0,0,0.0,0,7.05,,,7.05,,,False,,,False,
10431496106334696738,19,20,4,"[5, 5, 5, 5]","[[3, 4, 4, 6, 7], [3, 3, 7, 8, 8], [0, 1, 2, 2, 3], [3, 3, 3, 4, 5]]",1.0,1,2,2,,CHP,"[[5], [2, 3], [5], [5]]",5,9,150,0.94,0.001658,20,0.004392118193209171,0.0033609867095947266,0.007810369379766464,OPTIMAL,7.05,0.0,np_gurobi_optimal,0.0,1.0,0.75,15,16.15,323,7.05,,,7.05,7.05,,False,,,False,
10431496106334696738,19,20,4,"[5, 5, 5, 5]","[[3, 4, 4, 6, 7], [3, 3, 7, 8, 8], [0, 1, 2, 2, 3], [3, 3, 3, 4, 5]]",1.0,1,2,2,2,PP,"[[2, 2, 1], [2, 2, 1], [2, 2, 1], [2, 2, 1]]",12,54,150,0.64,0.001853,20,0.0050290897488594055,0.09603309631347656,0.10112229142673301,OPTIMAL,7.05,0.0,np_gurobi_optimal,0.0,2644.0,0.75,15,8.5,170,7.05,7.05,7.05,7.05,7.05,7.05,True,True,8.5,True,True
10431496106334696738,19,20,4,"[5, 5, 5, 5]","[[3, 4, 4, 6, 7], [3, 3, 7, 8, 8], [0, 1, 2, 2, 3], [3, 3, 3, 4, 5]]",1.0,1,2,2,3,PP,"[[3, 2], [2, 3], [3, 2], [3, 2]]",8,24,150,0.84,0.004667,20,0.005090073682367802,0.022993087768554688,0.02814740888131094,OPTIMAL,7.05,0.0,np_gurobi_optimal,0.0,336.0,0.0,0,11.05,221,7.05,7.05,7.05,7.05,7.05,7.05,True,True,11.05,True,True
10431496106334696738,19,20,4,"[5, 5, 5, 5]","[[3, 4, 4, 6, 7], [3, 3, 7, 8, 8], [0, 1, 2, 2, 3], [3, 3, 3, 4, 5]]",1.0,1,2,2,4,PP,"[[4, 1], [2, 3], [4, 1], [4, 1]]",8,24,150,0.84,0.0017775,20,0.004623035900294781,0.025657176971435547,0.030338093243625165,OPTIMAL,7.05,0.0,np_gurobi_optimal,0.0,209.0,0.75,15,12.75,255,7.05,7.05,7.05,7.05,7.05,7.05,True,True,12.75,True,True
10431496106334696738,19,20,4,"[5, 5, 5, 5]","[[3, 4, 4, 6, 7], [3, 3, 7, 8, 8], [0, 1, 2, 2, 3], [3, 3, 3, 4, 5]]",1.0,1,2,2,5,PP,"[[5], [2, 3], [5], [5]]",5,9,150,0.94,0.0017825,20,0.004025403410196304,0.0030679702758789062,0.007145077870042324,OPTIMAL,7.05,0.0,np_gurobi_optimal,0.0,1.0,0.75,15,13.6,272,7.05,7.05,7.05,7.05,7.05,7.05,True,True,13.6,True,True
10431496106334696738,19,20,4,"[5, 5, 5, 5]","[[3, 4, 4, 6, 7], [3, 3, 7, 8, 8], [0, 1, 2, 2, 3], [3, 3, 3, 4, 5]]",1.0,1,2,3,,CHP,"[[5], [2, 3], [5], [5]]",5,9,150,0.94,0.001557,20,0.003795336000621319,0.0034949779510498047,0.007339826613683224,OPTIMAL,7.05,0.0,np_gurobi_optimal,0.0,1.0,0.75,15,34.2,684,7.05,,,7.05,7.05,,False,,,False,
10431496106334696738,19,20,4,"[5, 5, 5, 5]","[[3, 4, 4, 6, 7], [3, 3, 7, 8, 8], [0, 1, 2, 2, 3], [3, 3, 3, 4, 5]]",1.0,1,2,3,2,PP,"[[2, 2, 1], [2, 2, 1], [2, 2, 1], [2, 2, 1]]",12,54,150,0.64,0.001827,20,0.004657689481973648,0.09593391418457031,0.10065142505458784,OPTIMAL,7.05,0.0,np_gurobi_optimal,0.0,2644.0,0.75,15,18.0,360,7.05,7.05,7.05,7.05,7.05,7.05,True,True,18.0,True,True
10431496106334696738,19,20,4,"[5, 5, 5, 5]","[[3, 4, 4, 6, 7], [3, 3, 7, 8, 8], [0, 1, 2, 2, 3], [3, 3, 3, 4, 5]]",1.0,1,2,3,3,PP,"[[3, 2], [2, 3], [3, 2], [3, 2]]",8,24,150,0.84,0.004171,20,0.004687904380261898,0.023260831832885742,0.028009273649331094,OPTIMAL,7.05,0.0,np_gurobi_optimal,0.0,336.0,0.0,0,23.4,468,7.05,7.05,7.05,7.05,7.05,7.05,True,True,23.4,True,True
10431496106334696738,19,20,4,"[5, 5, 5, 5]","[[3, 4, 4, 6, 7], [3, 3, 7, 8, 8], [0, 1, 2, 2, 3], [3, 3, 3, 4, 5]]",1.0,1,2,3,4,PP,"[[4, 1], [2, 3], [4, 1], [4, 1]]",8,24,150,0.84,0.0016825,20,0.004566592164337635,0.025120019912719727,0.02974375017976284,OPTIMAL,7.05,0.0,np_gurobi_optimal,0.0,209.0,0.75,15,27.0,540,7.05,7.05,7.05,7.05,7.05,7.05,True,True,27.0,True,True
10431496106334696738,19,20,4,"[5, 5, 5, 5]","[[3, 4, 4, 6, 7], [3, 3, 7, 8, 8], [0, 1, 2, 2, 3], [3, 3, 3, 4, 5]]",1.0,1,2,3,5,PP,"[[5], [2, 3], [5], [5]]",5,9,150,0.94,0.001738,20,0.004161889664828777,0.003543853759765625,0.007758240367556095,OPTIMAL,7.05,0.0,np_gurobi_optimal,0.0,1.0,0.75,15,28.8,576,7.05,7.05,7.05,7.05,7.05,7.05,True,True,28.8,True,True
10431496106334696738,19,20,4,"[5, 5, 5, 5]","[[3, 4, 4, 6, 7], [3, 3, 7, 8, 8], [0, 1, 2, 2, 3], [3, 3, 3, 4, 5]]",1.0,1,2,4,,CHP,"[[5], [5], [5], [5]]",4,6,150,0.96,0.0016475,20,0.004356624558568001,0.0022208690643310547,0.006628401567838192,OPTIMAL,7.05,0.0,np_gurobi_optimal,0.0,1.0,3.35,67,52.25,1045,7.05,,,7.05,7.05,,False,,,False,
10431496106334696738,19,20,4,"[5, 5, 5, 5]","[[3, 4, 4, 6, 7], [3, 3, 7, 8, 8], [0, 1, 2, 2, 3], [3, 3, 3, 4, 5]]",1.0,1,2,4,2,PP,"[[2, 2, 1], [2, 2, 1], [2, 2, 1], [2, 2, 1]]",12,54,150,0.64,0.004522,20,0.005225548520684242,0.09500694274902344,0.10029323535089207,OPTIMAL,7.05,0.0,np_gurobi_optimal,0.0,2644.0,0.75,15,27.5,550,7.05,7.05,7.05,7.05,7.05,7.05,True,True,27.5,True,True
10431496106334696738,19,20,4,"[5, 5, 5, 5]","[[3, 4, 4, 6, 7], [3, 3, 7, 8, 8], [0, 1, 2, 2, 3], [3, 3, 3, 4, 5]]",1.0,1,2,4,3,PP,"[[3, 2], [3, 2], [3, 2], [3, 2]]",8,24,150,0.84,0.001853,20,0.00459553487598896,0.018507957458496094,0.023161503154411792,OPTIMAL,7.05,0.0,np_gurobi_optimal,0.0,243.0,2.6,52,35.75,715,7.05,7.05,7.05,7.05,7.05,7.05,True,True,35.75,True,True
10431496106334696738,19,20,4,"[5, 5, 5, 5]","[[3, 4, 4, 6, 7], [3, 3, 7, 8, 8], [0, 1, 2, 2, 3], [3, 3, 3, 4, 5]]",1.0,1,2,4,4,PP,"[[4, 1], [4, 1], [4, 1], [4, 1]]",8,24,150,0.84,0.001712,20,0.004295181483030319,0.017193078994750977,0.02154208556376648,OPTIMAL,7.05,0.0,np_gurobi_optimal,0.0,199.0,3.35,67,41.25,825,7.05,7.05,7.05,7.05,7.05,7.05,True,True,41.25,True,True
10431496106334696738,19,20,4,"[5, 5, 5, 5]","[[3, 4, 4, 6, 7], [3, 3, 7, 8, 8], [0, 1, 2, 2, 3], [3, 3, 3, 4, 5]]",1.0,1,2,4,5,PP,"[[5], [5], [5], [5]]",4,6,150,0.96,0.001758,20,0.003922377713024616,0.0018620491027832031,0.005835994741065979,OPTIMAL,7.05,0.0,np_gurobi_optimal,0.0,1.0,3.35,67,44.0,880,7.05,7.05,7.05,7.05,7.05,7.05,True,True,44.0,True,True
