seed,replication,N,L,counts,releases,arrival_rate,h_F,h_S,threshold,max_platoon_size,method,partition,number_of_platoons,ordering_variable_count,vehicle_level_ordering_variable_count,dimension_reduction_ratio,formation_time_ms,formation_repetitions,model_build_time_s,solve_time_s,end_to_end_time_s,status,objective,actual_optimality_gap,actual_gap_reference,terminal_mip_gap,node_count,partition_specific_upper_bound,scaled_partition_specific_upper_bound,rule_level_upper_bound,scaled_rule_level_upper_bound,np_optimal_objective,matching_chp_objective,pp_optimal_objective,D_NP,D_CHP,D_PP,bound_check_available,bound_valid,bound_slack,delay_order_check_available,np_pp_chp_delay_order_holds
9988363950158873202,0,16,4,"[4, 4, 4, 4]","[[1, 2, 3, 4], [1, 3, 5, 5], [2, 3, 3, 4], [1, 3, 4, 7]]",1.0,1,2,,1,NP,"[[1, 1, 1, 1], [1, 1, 1, 1], [1, 1, 1, 1], [1, 1, 1, 1]]",16,96,96,0.0,0.001162,20,0.014169257134199142,1.8099658489227295,1.8242126337140794,OPTIMAL,6.8125,0.0,np_gurobi_optimal,0.0,31491.0,0.0,0,0.0,0,6.8125,,,6.8125,,,False,,,False,
9988363950158873202,0,16,4,"[4, 4, 4, 4]","[[1, 2, 3, 4], [1, 3, 5, 5], [2, 3, 3, 4], [1, 3, 4, 7]]",1.0,1,2,2,,CHP,"[[4], [4], [4], [3, 1]]",5,9,96,0.90625,0.002464,20,0.005707566626369953,0.007832050323486328,0.013626035954667569,OPTIMAL,6.8125,0.0,np_gurobi_optimal,0.0,1.0,2.375,38,12.1875,195,6.8125,,,6.8125,6.8125,,False,,,False,
9988363950158873202,0,16,4,"[4, 4, 4, 4]","[[1, 2, 3, 4], [1, 3, 5, 5], [2, 3, 3, 4], [1, 3, 4, 7]]",1.0,1,2,2,2,PP,"[[2, 2], [2, 2], [2, 2], [2, 1, 1]]",9,30,96,0.6875,0.002809,20,0.006536208093166351,0.05808591842651367,0.06471964636890555,OPTIMAL,6.8125,0.0,np_gurobi_optimal,0.0,1253.0,1.625,26,6.5,104,6.8125,6.8125,6.8125,6.8125,6.8125,6.8125,True,True,6.5,True,True
9988363950158873202,0,16,4,"[4, 4, 4, 4]","[[1, 2, 3, 4], [1, 3, 5, 5], [2, 3, 3, 4], [1, 3, 4, 7]]",1.0,1,2,2,3,PP,"[[3, 1], [3, 1], [3, 1], [3, 1]]",8,24,96,0.75,0.002073,20,0.005281292833387852,0.028403043746948242,0.033758484634385584,OPTIMAL,6.8125,0.0,np_gurobi_optimal,0.0,244.0,2.375,38,8.125,130,6.8125,6.8125,6.8125,6.8125,6.8125,6.8125,True,True,8.125,True,True
9988363950158873202,0,16,4,"[4, 4, 4, 4]","[[1, 2, 3, 4], [1, 3, 5, 5], [2, 3, 3, 4], [1, 3, 4, 7]]",1.0,1,2,2,4,PP,"[[4], [4], [4], [3, 1]]",5,9,96,0.90625,0.002033,20,0.004879755899310112,0.006224870681762695,0.011169643064148903,OPTIMAL,6.8125,0.0,np_gurobi_optimal,0.0,1.0,2.375,38,9.75,156,6.8125,6.8125,6.8125,6.8125,6.8125,6.8125,True,True,9.75,True,True
9988363950158873202,0,16,4,"[4, 4, 4, 4]","[[1, 2, 3, 4], [1, 3, 5, 5], [2, 3, 3, 4], [1, 3, 4, 7]]",1.0,1,2,2,5,PP,"[[4], [4], [4], [3, 1]]",5,9,96,0.90625,0.003841,20,0.004107688553631306,0.005410909652709961,0.009572273345986365,OPTIMAL,6.8125,0.0,np_gurobi_optimal,0.0,1.0,2.375,38,9.75,156,6.8125,6.8125,6.8125,6.8125,6.8125,6.8125,True,True,9.75,True,True
9988363950158873202,0,16,4,"[4, 4, 4, 4]","[[1, 2, 3, 4], [1, 3, 5, 5], [2, 3, 3, 4], [1, 3, 4, 7]]",1.0,1,2,3,,CHP,"[[4], [4], [4], [4]]",4,6,96,0.9375,0.001452,20,0.0038808761164546013,0.0025069713592529297,0.006437781334974289,OPTIMAL,6.8125,0.0,np_gurobi_optimal,0.0,1.0,3.875,62,26.25,420,6.8125,,,6.8125,6.8125,,False,,,False,
9988363950158873202,0,16,4,"[4, 4, 4, 4]","[[1, 2, 3, 4], [1, 3, 5, 5], [2, 3, 3, 4], [1, 3, 4, 7]]",1.0,1,2,3,2,PP,"[[2, 2], [2, 2], [2, 2], [2, 2]]",8,24,96,0.75,0.001557,20,0.00408758781850338,0.047830820083618164,0.05197149777414274,OPTIMAL,6.8125,0.0,np_gurobi_optimal,0.0,849.0,3.125,50,14.0,224,6.8125,6.8125,6.8125,6.8125,6.8125,6.8125,True,True,14.0,True,True
9988363950158873202,0,16,4,"[4, 4, 4, 4]","[[1, 2, 3, 4], [1, 3, 5, 5], [2, 3, 3, 4], [1, 3, 4, 7]]",1.0,1,2,3,3,PP,"[[3, 1], [3, 1], [3, 1], [3, 1]]",8,24,96,0.75,0.001557,20,0.004165866412222385,0.024306058883666992,0.028523647055048465,OPTIMAL,6.8125,0.0,np_gurobi_optimal,0.0,244.0,2.375,38,17.5,280,6.8125,6.8125,6.8125,6.8125,6.8125,6.8125,True,True,17.5,True,True
9988363950158873202,0,16,4,"[4, 4, 4, 4]","[[1, 2, 3, 4], [1, 3, 5, 5], [2, 3, 3, 4], [1, 3, 4, 7]]",1.0,1,2,3,4,PP,"[[4], [4], [4], [4]]",4,6,96,0.9375,0.002098,20,0.004318968392908573,0.0022459030151367188,0.006627733549426079,OPTIMAL,6.8125,0.0,np_gurobi_optimal,0.0,1.0,3.875,62,21.0,336,6.8125,6.8125,6.8125,6.8125,6.8125,6.8125,True,True,21.0,True,True
9988363950158873202,0,16,4,"[4, 4, 4, 4]","[[1, 2, 3, 4], [1, 3, 5, 5], [2, 3, 3, 4], [1, 3, 4, 7]]",1.0,1,2,3,5,PP,"[[4], [4], [4], [4]]",4,6,96,0.9375,0.001492,20,0.0036849789321422577,0.0024640560150146484,0.006199038608746051,OPTIMAL,6.8125,0.0,np_gurobi_optimal,0.0,1.0,3.875,62,21.0,336,6.8125,6.8125,6.8125,6.8125,6.8125,6.8125,True,True,21.0,True,True
9988363950158873202,0,16,4,"[4, 4, 4, 4]","[[1, 2, 3, 4], [1, 3, 5, 5], [2, 3, 3, 4], [1, 3, 4, 7]]",1.0,1,2,4,,CHP,"[[4], [4], [4], [4]]",4,6,96,0.9375,0.002499,20,0.0038587432354688644,0.0020301342010498047,0.005940084607171059,OPTIMAL,6.8125,0.0,np_gurobi_optimal,0.0,1.0,3.875,62,40.3125,645,6.8125,,,6.8125,6.8125,,False,,,False,
9988363950158873202,0,16,4,"[4, 4, 4, 4]","[[1, 2, 3, 4], [1, 3, 5, 5], [2, 3, 3, 4], [1, 3, 4, 7]]",1.0,1,2,4,2,PP,"[[2, 2], [2, 2], [2, 2], [2, 2]]",8,24,96,0.75,0.002684,20,0.004157844930887222,0.04556584358215332,0.049777517954870704,OPTIMAL,6.8125,0.0,np_gurobi_optimal,0.0,849.0,3.125,50,21.5,344,6.8125,6.8125,6.8125,6.8125,6.8125,6.8125,True,True,21.5,True,True
9988363950158873202,0,16,4,"[4, 4, 4, 4]","[[1, 2, 3, 4], [1, 3, 5, 5], [2, 3, 3, 4], [1, 3, 4, 7]]",1.0,1,2,4,3,PP,"[[3, 1], [3, 1], [3, 1], [3, 1]]",8,24,96,0.75,0.001507,20,0.00416076835244894,0.025037050247192383,0.029250726223856927,OPTIMAL,6.8125,0.0,np_gurobi_optimal,0.0,244.0,2.375,38,26.875,430,6.8125,6.8125,6.8125,6.8125,6.8125,6.8125,True,True,26.875,True,True
9988363950158873202,0,16,4,"[4, 4, 4, 4]","[[1, 2, 3, 4], [1, 3, 5, 5], [2, 3, 3, 4], [1, 3, 4, 7]]",1.0,1,2,4,4,PP,"[[4], [4], [4], [4]]",4,6,96,0.9375,0.001497,20,0.003822948783636093,0.002112865447998047,0.005987414523503303,OPTIMAL,6.8125,0.0,np_gurobi_optimal,0.0,1.0,3.875,62,32.25,516,6.8125,6.8125,6.8125,6.8125,6.8125,6.8125,True,True,32.25,True,True
9988363950158873202,0,16,4,"[4, 4, 4, 4]","[[1, 2, 3, 4], [1, 3, 5, 5], [2, 3, 3, 4], [1, 3, 4, 7]]",1.0,1,2,4,5,PP,"[[4], [4], [4], [4]]",4,6,96,0.9375,0.001487,20,0.0038073649629950523,0.002196073532104492,0.006059564327907085,OPTIMAL,6.8125,0.0,np_gurobi_optimal,0.0,1.0,3.875,62,32.25,516,6.8125,6.8125,6.8125,6.8125,6.8125,6.8125,True,True,32.25,True,True
5161306654850739048,1,16,4,"[4, 4, 4, 4]","[[3, 4, 5, 5], [0, 1, 4, 6], [1, 4, 6, 7], [1, 2, 2, 3]]",1.0,1,2,,1,NP,"[[1, 1, 1, 1], [1, 1, 1, 1], [1, 1, 1, 1], [1, 1, 1, 1]]",16,96,96,0.0,0.001147,20,0.005598972551524639,2.1482620239257812,2.1539195511321276,OPTIMAL,6.125,0.0,np_gurobi_optimal,0.0,54937.0,0.0,0,0.0,0,6.125,,,6.125,,,False,,,False,
5161306654850739048,1,16,4,"[4, 4, 4, 4]","[[3, 4, 5, 5], [0, 1, 4, 6], [1, 4, 6, 7], [1, 2, 2, 3]]",1.0,1,2,2,,CHP,"[[4], [2, 2], [1, 3], [4]]",6,13,96,0.8645833333333334,0.0037455,20,0.0045659514144063,0.012679100036621094,0.017305566649885654,OPTIMAL,6.125,0.0,np_gurobi_optimal,0.0,106.0,1.4375,23,12.1875,195,6.125,,,6.125,6.125,,False,,,False,
5161306654850739048,1,16,4,"[4, 4, 4, 4]","[[3, 4, 5, 5], [0, 1, 4, 6], [1, 4, 6, 7], [1, 2, 2, 3]]",1.0,1,2,2,2,PP,"[[2, 2], [2, 2], [1, 2, 1], [2, 2]]",9,30,96,0.6875,0.0015975,20,0.00500547606498003,0.05391097068786621,0.05897429334238529,OPTIMAL,6.125,0.0,np_gurobi_optimal,0.0,970.0,1.4375,23,6.5,104,6.125,6.125,6.125,6.125,6.125,6.125,True,True,6.5,True,True
5161306654850739048,1,16,4,"[4, 4, 4, 4]","[[3, 4, 5, 5], [0, 1, 4, 6], [1, 4, 6, 7], [1, 2, 2, 3]]",1.0,1,2,2,3,PP,"[[3, 1], [2, 2], [1, 3], [3, 1]]",8,24,96,0.75,0.0038505,20,0.0046735042706131935,0.02383708953857422,0.028567053790104865,OPTIMAL,6.125,0.0,np_gurobi_optimal,0.0,307.0,1.4375,23,8.125,130,6.125,6.125,6.125,6.125,6.125,6.125,True,True,8.125,True,True
5161306654850739048,1,16,4,"[4, 4, 4, 4]","[[3, 4, 5, 5], [0, 1, 4, 6], [1, 4, 6, 7], [1, 2, 2, 3]]",1.0,1,2,2,4,PP,"[[4], [2, 2], [1, 3], [4]]",6,13,96,0.8645833333333334,0.003821,20,0.0042045749723911285,0.015537023544311523,0.019801855802079202,OPTIMAL,6.125,0.0,np_gurobi_optimal,0.0,106.0,1.4375,23,9.75,156,6.125,6.125,6.125,6.125,6.125,6.125,True,True,9.75,True,True
5161306654850739048,1,16,4,"[4, 4, 4, 4]","[[3, 4, 5, 5], [0, 1, 4, 6], [1, 4, 6, 7], [1, 2, 2, 3]]",1.0,1,2,2,5,PP,"[[4], [2, 2], [1, 3], [4]]",6,13,96,0.8645833333333334,0.003876,20,0.004188891500234604,0.012660980224609375,0.016905903651667595,OPTIMAL,6.125,0.0,np_gurobi_optimal,0.0,106.0,1.4375,23,9.75,156,6.125,6.125,6.125,6.125,6.125,6.125,True,True,9.75,True,True
5161306654850739048,1,16,4,"[4, 4, 4, 4]","[[3, 4, 5, 5], [0, 1, 4, 6], [1, 4, 6, 7], [1, 2, 2, 3]]",1.0,1,2,3,,CHP,"[[4], [4], [4], [4]]",4,6,96,0.9375,0.001928,20,0.004381882958114147,0.0024878978729248047,0.006928296921995163,OPTIMAL,6.625,0.5,np_gurobi_optimal,0.0,1.0,4.8125,77,26.25,420,6.125,,,6.125,6.625,,False,,,False,
5161306654850739048,1,16,4,"[4, 4, 4, 4]","[[3, 4, 5, 5], [0, 1, 4, 6], [1, 4, 6, 7], [1, 2, 2, 3]]",1.0,1,2,3,2,PP,"[[2, 2], [2, 2], [2, 2], [2, 2]]",8,24,96,0.75,0.001592,20,0.004131203517317772,0.03883719444274902,0.043030217659644605,OPTIMAL,6.125,0.0,np_gurobi_optimal,0.0,555.0,2.4375,39,14.0,224,6.125,6.625,6.125,6.125,6.625,6.125,True,True,14.0,True,True
5161306654850739048,1,16,4,"[4, 4, 4, 4]","[[3, 4, 5, 5], [0, 1, 4, 6], [1, 4, 6, 7], [1, 2, 2, 3]]",1.0,1,2,3,3,PP,"[[3, 1], [3, 1], [3, 1], [3, 1]]",8,24,96,0.75,0.001577,20,0.004722398705780506,0.030290842056274414,0.03508493517605257,OPTIMAL,6.625,0.5,np_gurobi_optimal,0.0,208.0,4.125,66,17.5,280,6.125,6.625,6.625,6.125,6.625,6.625,True,True,17.0,True,True
5161306654850739048,1,16,4,"[4, 4, 4, 4]","[[3, 4, 5, 5], [0, 1, 4, 6], [1, 4, 6, 7], [1, 2, 2, 3]]",1.0,1,2,3,4,PP,"[[4], [4], [4], [4]]",4,6,96,0.9375,0.002163,20,0.005604269914329052,0.0026209354400634766,0.008298532574964046,OPTIMAL,6.625,0.5,np_gurobi_optimal,0.0,1.0,4.8125,77,21.0,336,6.125,6.625,6.625,6.125,6.625,6.625,True,True,20.5,True,True
5161306654850739048,1,16,4,"[4, 4, 4, 4]","[[3, 4, 5, 5], [0, 1, 4, 6], [1, 4, 6, 7], [1, 2, 2, 3]]",1.0,1,2,3,5,PP,"[[4], [4], [4], [4]]",4,6,96,0.9375,0.0022035,20,0.005908701568841934,0.0029449462890625,0.008923818348077298,OPTIMAL,6.625,0.5,np_gurobi_optimal,0.0,1.0,4.8125,77,21.0,336,6.125,6.625,6.625,6.125,6.625,6.625,True,True,20.5,True,True
5161306654850739048,1,16,4,"[4, 4, 4, 4]","[[3, 4, 5, 5], [0, 1, 4, 6], [1, 4, 6, 7], [1, 2, 2, 3]]",1.0,1,2,4,,CHP,"[[4], [4], [4], [4]]",4,6,96,0.9375,0.001968,20,0.005356014706194401,0.002360105514526367,0.00779240310556221,OPTIMAL,6.625,0.5,np_gurobi_optimal,0.0,1.0,4.8125,77,40.3125,645,6.125,,,6.125,6.625,,False,,,False,
5161306654850739048,1,16,4,"[4, 4, 4, 4]","[[3, 4, 5, 5], [0, 1, 4, 6], [1, 4, 6, 7], [1, 2, 2, 3]]",1.0,1,2,4,2,PP,"[[2, 2], [2, 2], [2, 2], [2, 2]]",8,24,96,0.75,0.002158,20,0.004341792315244675,0.03769707679748535,0.04209829600048828,OPTIMAL,6.125,0.0,np_gurobi_optimal,0.0,555.0,2.4375,39,21.5,344,6.125,6.625,6.125,6.125,6.625,6.125,True,True,21.5,True,True
5161306654850739048,1,16,4,"[4, 4, 4, 4]","[[3, 4, 5, 5], [0, 1, 4, 6], [1, 4, 6, 7], [1, 2, 2, 3]]",1.0,1,2,4,3,PP,"[[3, 1], [3, 1], [3, 1], [3, 1]]",8,24,96,0.75,0.0016375,20,0.004639822989702225,0.025135040283203125,0.0298320858294487,OPTIMAL,6.625,0.5,np_gurobi_optimal,0.0,208.0,4.125,66,26.875,430,6.125,6.625,6.625,6.125,6.625,6.625,True,True,26.375,True,True
5161306654850739048,1,16,4,"[4, 4, 4, 4]","[[3, 4, 5, 5], [0, 1, 4, 6], [1, 4, 6, 7], [1, 2, 2, 3]]",1.0,1,2,4,4,PP,"[[4], [4], [4], [4]]",4,6,96,0.9375,0.003916,20,0.0043487632647156715,0.002140045166015625,0.006543891292980671,OPTIMAL,6.625,0.5,np_gurobi_optimal,0.0,1.0,4.8125,77,32.25,516,6.125,6.625,6.625,6.125,6.625,6.625,True,True,31.75,True,True
5161306654850739048,1,16,4,"[4, 4, 4, 4]","[[3, 4, 5, 5], [0, 1, 4, 6], [1, 4, 6, 7], [1, 2, 2, 3]]",1.0,1,2,4,5,PP,"[[4], [4], [4], [4]]",4,6,96,0.9375,0.001522,20,0.004059925675392151,0.0022859573364257812,0.006398099693521977,OPTIMAL,6.625,0.5,np_gurobi_optimal,0.0,1.0,4.8125,77,32.25,516,6.125,6.625,6.625,6.125,6.625,6.625,True,True,31.75,True,True
10343107839725815555,2,16,4,"[4, 4, 4, 4]","[[2, 3, 4, 5], [3, 3, 6, 6], [4, 5, 5, 6], [2, 3, 3, 4]]",1.0,1,2,,1,NP,"[[1, 1, 1, 1], [1, 1, 1, 1], [1, 1, 1, 1], [1, 1, 1, 1]]",16,96,96,0.0,0.001167,20,0.005800005979835987,1.1992950439453125,1.2051610090366645,OPTIMAL,7.0,0.0,np_gurobi_optimal,0.0,20304.0,0.0,0,0.0,0,7.0,,,7.0,,,False,,,False,
10343107839725815555,2,16,4,"[4, 4, 4, 4]","[[2, 3, 4, 5], [3, 3, 6, 6], [4, 5, 5, 6], [2, 3, 3, 4]]",1.0,1,2,2,,CHP,"[[4], [2, 2], [4], [4]]",5,9,96,0.90625,0.004036,20,0.004843319766223431,0.0056610107421875,0.010563124550508023,OPTIMAL,7.0,0.0,np_gurobi_optimal,0.0,1.0,0.0,0,12.1875,195,7.0,,,7.0,7.0,,False,,,False,
10343107839725815555,2,16,4,"[4, 4, 4, 4]","[[2, 3, 4, 5], [3, 3, 6, 6], [4, 5, 5, 6], [2, 3, 3, 4]]",1.0,1,2,2,2,PP,"[[2, 2], [2, 2], [2, 2], [2, 2]]",8,24,96,0.75,0.001517,20,0.00457365345209837,0.03879594802856445,0.043429897973637104,OPTIMAL,7.0,0.0,np_gurobi_optimal,0.0,683.0,0.0,0,6.5,104,7.0,7.0,7.0,7.0,7.0,7.0,True,True,6.5,True,True
10343107839725815555,2,16,4,"[4, 4, 4, 4]","[[2, 3, 4, 5], [3, 3, 6, 6], [4, 5, 5, 6], [2, 3, 3, 4]]",1.0,1,2,2,3,PP,"[[3, 1], [2, 2], [3, 1], [3, 1]]",8,24,96,0.75,0.0016875,20,0.004932764917612076,0.0283660888671875,0.033360448609411716,OPTIMAL,7.0,0.0,np_gurobi_optimal,0.0,347.0,0.0,0,8.125,130,7.0,7.0,7.0,7.0,7.0,7.0,True,True,8.125,True,True
10343107839725815555,2,16,4,"[4, 4, 4, 4]","[[2, 3, 4, 5], [3, 3, 6, 6], [4, 5, 5, 6], [2, 3, 3, 4]]",1.0,1,2,2,4,PP,"[[4], [2, 2], [4], [4]]",5,9,96,0.90625,0.0015825,20,0.004374360665678978,0.0055501461029052734,0.009987474602122307,OPTIMAL,7.0,0.0,np_gurobi_optimal,0.0,1.0,0.0,0,9.75,156,7.0,7.0,7.0,7.0,7.0,7.0,True,True,9.75,True,True
10343107839725815555,2,16,4,"[4, 4, 4, 4]","[[2, 3, 4, 5], [3, 3, 6, 6], [4, 5, 5, 6], [2, 3, 3, 4]]",1.0,1,2,2,5,PP,"[[4], [2, 2], [4], [4]]",5,9,96,0.90625,0.0016275,20,0.004044223576784134,0.006041049957275391,0.010138329597952366,OPTIMAL,7.0,0.0,np_gurobi_optimal,0.0,1.0,0.0,0,9.75,156,7.0,7.0,7.0,7.0,7.0,7.0,True,True,9.75,True,True
10343107839725815555,2,16,4,"[4, 4, 4, 4]","[[2, 3, 4, 5], [3, 3, 6, 6], [4, 5, 5, 6], [2, 3, 3, 4]]",1.0,1,2,3,,CHP,"[[4], [4], [4], [4]]",4,6,96,0.9375,0.001472,20,0.004235301166772842,0.0024721622467041016,0.006757063370165348,OPTIMAL,7.0,0.0,np_gurobi_optimal,0.0,1.0,1.625,26,26.25,420,7.0,,,7.0,7.0,,False,,,False,
10343107839725815555,2,16,4,"[4, 4, 4, 4]","[[2, 3, 4, 5], [3, 3, 6, 6], [4, 5, 5, 6], [2, 3, 3, 4]]",1.0,1,2,3,2,PP,"[[2, 2], [2, 2], [2, 2], [2, 2]]",8,24,96,0.75,0.001607,20,0.004091263748705387,0.03682518005371094,0.04097193340129328,OPTIMAL,7.0,0.0,np_gurobi_optimal,0.0,683.0,0.0,0,14.0,224,7.0,7.0,7.0,7.0,7.0,7.0,True,True,14.0,True,True
10343107839725815555,2,16,4,"[4, 4, 4, 4]","[[2, 3, 4, 5], [3, 3, 6, 6], [4, 5, 5, 6], [2, 3, 3, 4]]",1.0,1,2,3,3,PP,"[[3, 1], [3, 1], [3, 1], [3, 1]]",8,24,96,0.75,0.0016575,20,0.004642847925424576,0.02681708335876465,0.03152138993802786,OPTIMAL,7.0,0.0,np_gurobi_optimal,0.0,370.0,1.625,26,17.5,280,7.0,7.0,7.0,7.0,7.0,7.0,True,True,17.5,True,True
10343107839725815555,2,16,4,"[4, 4, 4, 4]","[[2, 3, 4, 5], [3, 3, 6, 6], [4, 5, 5, 6], [2, 3, 3, 4]]",1.0,1,2,3,4,PP,"[[4], [4], [4], [4]]",4,6,96,0.9375,0.004056,20,0.004453492350876331,0.0025491714477539062,0.00705921007025814,OPTIMAL,7.0,0.0,np_gurobi_optimal,0.0,1.0,1.625,26,21.0,336,7.0,7.0,7.0,7.0,7.0,7.0,True,True,21.0,True,True
10343107839725815555,2,16,4,"[4, 4, 4, 4]","[[2, 3, 4, 5], [3, 3, 6, 6], [4, 5, 5, 6], [2, 3, 3, 4]]",1.0,1,2,3,5,PP,"[[4], [4], [4], [4]]",4,6,96,0.9375,0.001598,20,0.00394991971552372,0.002351999282836914,0.006355090848575115,OPTIMAL,7.0,0.0,np_gurobi_optimal,0.0,1.0,1.625,26,21.0,336,7.0,7.0,7.0,7.0,7.0,7.0,True,True,21.0,True,True
10343107839725815555,2,16,4,"[4, 4, 4, 4]","[[2, 3, 4, 5], [3, 3, 6, 6], [4, 5, 5, 6], [2, 3, 3, 4]]",1.0,1,2,4,,CHP,"[[4], [4], [4], [4]]",4,6,96,0.9375,0.0014925,20,0.0037740543484687805,0.0023260116577148438,0.0061549838256764414,OPTIMAL,7.0,0.0,np_gurobi_optimal,0.0,1.0,1.625,26,40.3125,645,7.0,,,7.0,7.0,,False,,,False,
10343107839725815555,2,16,4,"[4, 4, 4, 4]","[[2, 3, 4, 5], [3, 3, 6, 6], [4, 5, 5, 6], [2, 3, 3, 4]]",1.0,1,2,4,2,PP,"[[2, 2], [2, 2], [2, 2], [2, 2]]",8,24,96,0.75,0.0016975,20,0.004415414296090603,0.03851509094238281,0.04298901155287981,OPTIMAL,7.0,0.0,np_gurobi_optimal,0.0,683.0,0.0,0,21.5,344,7.0,7.0,7.0,7.0,7.0,7.0,True,True,21.5,True,True
10343107839725815555,2,16,4,"[4, 4, 4, 4]","[[2, 3, 4, 5], [3, 3, 6, 6], [4, 5, 5, 6], [2, 3, 3, 4]]",1.0,1,2,4,3,PP,"[[3, 1], [3, 1], [3, 1], [3, 1]]",8,24,96,0.75,0.001662,20,0.004613903351128101,0.02670598030090332,0.0313764545683856,OPTIMAL,7.0,0.0,np_gurobi_optimal,0.0,370.0,1.625,26,26.875,430,7.0,7.0,7.0,7.0,7.0,7.0,True,True,26.875,True,True
10343107839725815555,2,16,4,"[4, 4, 4, 4]","[[2, 3, 4, 5], [3, 3, 6, 6], [4, 5, 5, 6], [2, 3, 3, 4]]",1.0,1,2,4,4,PP,"[[4], [4], [4], [4]]",4,6,96,0.9375,0.0037355,20,0.004254529252648354,0.0023670196533203125,0.0066743371659736634,OPTIMAL,7.0,0.0,np_gurobi_optimal,0.0,1.0,1.625,26,32.25,516,7.0,7.0,7.0,7.0,7.0,7.0,True,True,32.25,True,True
10343107839725815555,2,16,4,"[4, 4, 4, 4]","[[2, 3, 4, 5], [3, 3, 6, 6], [4, 5, 5, 6], [2, 3, 3, 4]]",1.0,1,2,4,5,PP,"[[4], [4], [4], [4]]",4,6,96,0.9375,0.001603,20,0.0037319306284189224,0.0023980140686035156,0.006187223091855526,OPTIMAL,7.0,0.0,np_gurobi_optimal,0.0,1.0,1.625,26,32.25,516,7.0,7.0,7.0,7.0,7.0,7.0,True,True,32.25,True,True
7744743163331046588,3,16,4,"[4, 4, 4, 4]","[[2, 2, 3, 6], [1, 3, 3, 5], [2, 2, 2, 3], [0, 0, 1, 6]]",1.0,1,2,,1,NP,"[[1, 1, 1, 1], [1, 1, 1, 1], [1, 1, 1, 1], [1, 1, 1, 1]]",16,96,96,0.0,0.0011365,20,0.0060929590836167336,2.3750360012054443,2.3811936921510686,OPTIMAL,6.6875,0.0,np_gurobi_optimal,0.0,58284.0,0.0,0,0.0,0,6.6875,,,6.6875,,,False,,,False,
7744743163331046588,3,16,4,"[4, 4, 4, 4]","[[2, 2, 3, 6], [1, 3, 3, 5], [2, 2, 2, 3], [0, 0, 1, 6]]",1.0,1,2,2,,CHP,"[[3, 1], [4], [4], [3, 1]]",6,13,96,0.8645833333333334,0.004812,20,0.005367322824895382,0.01641392707824707,0.02185661051949215,OPTIMAL,6.6875,0.0,np_gurobi_optimal,0.0,99.0,1.5,24,12.1875,195,6.6875,,,6.6875,6.6875,,False,,,False,
7744743163331046588,3,16,4,"[4, 4, 4, 4]","[[2, 2, 3, 6], [1, 3, 3, 5], [2, 2, 2, 3], [0, 0, 1, 6]]",1.0,1,2,2,2,PP,"[[2, 1, 1], [2, 2], [2, 2], [2, 1, 1]]",10,37,96,0.6145833333333333,0.004046,20,0.005566523410379887,0.09641790390014648,0.10205883938765144,OPTIMAL,6.6875,0.0,np_gurobi_optimal,0.0,1769.0,1.5,24,6.5,104,6.6875,6.6875,6.6875,6.6875,6.6875,6.6875,True,True,6.5,True,True
7744743163331046588,3,16,4,"[4, 4, 4, 4]","[[2, 2, 3, 6], [1, 3, 3, 5], [2, 2, 2, 3], [0, 0, 1, 6]]",1.0,1,2,2,3,PP,"[[3, 1], [3, 1], [3, 1], [3, 1]]",8,24,96,0.75,0.0015575,20,0.005025707185268402,0.029209136962890625,0.03430596865051508,OPTIMAL,6.6875,0.0,np_gurobi_optimal,0.0,229.0,0.8125,13,8.125,130,6.6875,6.6875,6.6875,6.6875,6.6875,6.6875,True,True,8.125,True,True
7744743163331046588,3,16,4,"[4, 4, 4, 4]","[[2, 2, 3, 6], [1, 3, 3, 5], [2, 2, 2, 3], [0, 0, 1, 6]]",1.0,1,2,2,4,PP,"[[3, 1], [4], [4], [3, 1]]",6,13,96,0.8645833333333334,0.002318,20,0.006452352739870548,0.02125716209411621,0.02781435468564558,OPTIMAL,6.6875,0.0,np_gurobi_optimal,0.0,99.0,1.5,24,9.75,156,6.6875,6.6875,6.6875,6.6875,6.6875,6.6875,True,True,9.75,True,True
7744743163331046588,3,16,4,"[4, 4, 4, 4]","[[2, 2, 3, 6], [1, 3, 3, 5], [2, 2, 2, 3], [0, 0, 1, 6]]",1.0,1,2,2,5,PP,"[[3, 1], [4], [4], [3, 1]]",6,13,96,0.8645833333333334,0.002844,20,0.006022913381457329,0.021570205688476562,0.02768483452661657,OPTIMAL,6.6875,0.0,np_gurobi_optimal,0.0,99.0,1.5,24,9.75,156,6.6875,6.6875,6.6875,6.6875,6.6875,6.6875,True,True,9.75,True,True
7744743163331046588,3,16,4,"[4, 4, 4, 4]","[[2, 2, 3, 6], [1, 3, 3, 5], [2, 2, 2, 3], [0, 0, 1, 6]]",1.0,1,2,3,,CHP,"[[4], [4], [4], [3, 1]]",5,9,96,0.90625,0.0029095,20,0.005663090385496616,0.008752822875976562,0.014491229366359234,OPTIMAL,6.6875,0.0,np_gurobi_optimal,0.0,1.0,3.0,48,26.25,420,6.6875,,,6.6875,6.6875,,False,,,False,
7744743163331046588,3,16,4,"[4, 4, 4, 4]","[[2, 2, 3, 6], [1, 3, 3, 5], [2, 2, 2, 3], [0, 0, 1, 6]]",1.0,1,2,3,2,PP,"[[2, 2], [2, 2], [2, 2], [2, 1, 1]]",9,30,96,0.6875,0.0028095,20,0.006661859340965748,0.05280113220214844,0.05954779095729303,OPTIMAL,6.6875,0.0,np_gurobi_optimal,0.0,944.0,3.0,48,14.0,224,6.6875,6.6875,6.6875,6.6875,6.6875,6.6875,True,True,14.0,True,True
7744743163331046588,3,16,4,"[4, 4, 4, 4]","[[2, 2, 3, 6], [1, 3, 3, 5], [2, 2, 2, 3], [0, 0, 1, 6]]",1.0,1,2,3,3,PP,"[[3, 1], [3, 1], [3, 1], [3, 1]]",8,24,96,0.75,0.002724,20,0.006725975312292576,0.029179096221923828,0.035990048081361296,OPTIMAL,6.6875,0.0,np_gurobi_optimal,0.0,229.0,0.8125,13,17.5,280,6.6875,6.6875,6.6875,6.6875,6.6875,6.6875,True,True,17.5,True,True
7744743163331046588,3,16,4,"[4, 4, 4, 4]","[[2, 2, 3, 6], [1, 3, 3, 5], [2, 2, 2, 3], [0, 0, 1, 6]]",1.0,1,2,3,4,PP,"[[4], [4], [4], [3, 1]]",5,9,96,0.90625,0.002795,20,0.005927580408751965,0.011175870895385742,0.01719637318365097,OPTIMAL,6.6875,0.0,np_gurobi_optimal,0.0,1.0,3.0,48,21.0,336,6.6875,6.6875,6.6875,6.6875,6.6875,6.6875,True,True,21.0,True,True
7744743163331046588,3,16,4,"[4, 4, 4, 4]","[[2, 2, 3, 6], [1, 3, 3, 5], [2, 2, 2, 3], [0, 0, 1, 6]]",1.0,1,2,3,5,PP,"[[4], [4], [4], [3, 1]]",5,9,96,0.90625,0.002659,20,0.005503218621015549,0.006185054779052734,0.011748362406631947,OPTIMAL,6.6875,0.0,np_gurobi_optimal,0.0,1.0,3.0,48,21.0,336,6.6875,6.6875,6.6875,6.6875,6.6875,6.6875,True,True,21.0,True,True
7744743163331046588,3,16,4,"[4, 4, 4, 4]","[[2, 2, 3, 6], [1, 3, 3, 5], [2, 2, 2, 3], [0, 0, 1, 6]]",1.0,1,2,4,,CHP,"[[4], [4], [4], [3, 1]]",5,9,96,0.90625,0.0015975,20,0.004330054856836796,0.005988121032714844,0.01037308415636778,OPTIMAL,6.6875,0.0,np_gurobi_optimal,0.0,1.0,3.0,48,40.3125,645,6.6875,,,6.6875,6.6875,,False,,,False,
7744743163331046588,3,16,4,"[4, 4, 4, 4]","[[2, 2, 3, 6], [1, 3, 3, 5], [2, 2, 2, 3], [0, 0, 1, 6]]",1.0,1,2,4,2,PP,"[[2, 2], [2, 2], [2, 2], [2, 1, 1]]",9,30,96,0.6875,0.004181,20,0.005047629587352276,0.04195594787597656,0.047066714907592296,OPTIMAL,6.6875,0.0,np_gurobi_optimal,0.0,944.0,3.0,48,21.5,344,6.6875,6.6875,6.6875,6.6875,6.6875,6.6875,True,True,21.5,True,True
7744743163331046588,3,16,4,"[4, 4, 4, 4]","[[2, 2, 3, 6], [1, 3, 3, 5], [2, 2, 2, 3], [0, 0, 1, 6]]",1.0,1,2,4,3,PP,"[[3, 1], [3, 1], [3, 1], [3, 1]]",8,24,96,0.75,0.004021,20,0.004745622165501118,0.02675795555114746,0.03156907997641182,OPTIMAL,6.6875,0.0,np_gurobi_optimal,0.0,229.0,0.8125,13,26.875,430,6.6875,6.6875,6.6875,6.6875,6.6875,6.6875,True,True,26.875,True,True
7744743163331046588,3,16,4,"[4, 4, 4, 4]","[[2, 2, 3, 6], [1, 3, 3, 5], [2, 2, 2, 3], [0, 0, 1, 6]]",1.0,1,2,4,4,PP,"[[4], [4], [4], [3, 1]]",5,9,96,0.90625,0.004056,20,0.004869670607149601,0.006618976593017578,0.011551190257853032,OPTIMAL,6.6875,0.0,np_gurobi_optimal,0.0,1.0,3.0,48,32.25,516,6.6875,6.6875,6.6875,6.6875,6.6875,6.6875,True,True,32.25,True,True
7744743163331046588,3,16,4,"[4, 4, 4, 4]","[[2, 2, 3, 6], [1, 3, 3, 5], [2, 2, 2, 3], [0, 0, 1, 6]]",1.0,1,2,4,5,PP,"[[4], [4], [4], [3, 1]]",5,9,96,0.90625,0.001602,20,0.004266990348696709,0.0060389041900634766,0.010360528840126514,OPTIMAL,6.6875,0.0,np_gurobi_optimal,0.0,1.0,3.0,48,32.25,516,6.6875,6.6875,6.6875,6.6875,6.6875,6.6875,True,True,32.25,True,True
16446410197074311991,4,16,4,"[4, 4, 4, 4]","[[0, 0, 1, 2], [1, 1, 1, 2], [1, 1, 2, 2], [2, 2, 2, 2]]",1.0,1,2,,1,NP,"[[1, 1, 1, 1], [1, 1, 1, 1], [1, 1, 1, 1], [1, 1, 1, 1]]",16,96,96,0.0,0.0028445,20,0.006141573190689087,0.7238421440124512,0.730051855797524,OPTIMAL,7.625,0.0,np_gurobi_optimal,0.0,22002.0,0.0,0,0.0,0,7.625,,,7.625,,,False,,,False,
16446410197074311991,4,16,4,"[4, 4, 4, 4]","[[0, 0, 1, 2], [1, 1, 1, 2], [1, 1, 2, 2], [2, 2, 2, 2]]",1.0,1,2,2,,CHP,"[[4], [4], [4], [4]]",4,6,96,0.9375,0.001627,20,0.004778972826898098,0.0026979446411132812,0.007538848536040306,OPTIMAL,7.625,0.0,np_gurobi_optimal,0.0,1.0,0.0,0,12.1875,195,7.625,,,7.625,7.625,,False,,,False,
16446410197074311991,4,16,4,"[4, 4, 4, 4]","[[0, 0, 1, 2], [1, 1, 1, 2], [1, 1, 2, 2], [2, 2, 2, 2]]",1.0,1,2,2,2,PP,"[[2, 2], [2, 2], [2, 2], [2, 2]]",8,24,96,0.75,0.004381,20,0.005007719621062279,0.049612998962402344,0.054686822055774686,OPTIMAL,7.625,0.0,np_gurobi_optimal,0.0,669.0,0.0,0,6.5,104,7.625,7.625,7.625,7.625,7.625,7.625,True,True,6.5,True,True
16446410197074311991,4,16,4,"[4, 4, 4, 4]","[[0, 0, 1, 2], [1, 1, 1, 2], [1, 1, 2, 2], [2, 2, 2, 2]]",1.0,1,2,2,3,PP,"[[3, 1], [3, 1], [3, 1], [3, 1]]",8,24,96,0.75,0.001648,20,0.0048559801653027534,0.027459144592285156,0.032377943886933803,OPTIMAL,7.625,0.0,np_gurobi_optimal,0.0,207.0,0.0,0,8.125,130,7.625,7.625,7.625,7.625,7.625,7.625,True,True,8.125,True,True
16446410197074311991,4,16,4,"[4, 4, 4, 4]","[[0, 0, 1, 2], [1, 1, 1, 2], [1, 1, 2, 2], [2, 2, 2, 2]]",1.0,1,2,2,4,PP,"[[4], [4], [4], [4]]",4,6,96,0.9375,0.001738,20,0.00444201473146677,0.0017919540405273438,0.0062894822687749865,OPTIMAL,7.625,0.0,np_gurobi_optimal,0.0,1.0,0.0,0,9.75,156,7.625,7.625,7.625,7.625,7.625,7.625,True,True,9.75,True,True
16446410197074311991,4,16,4,"[4, 4, 4, 4]","[[0, 0, 1, 2], [1, 1, 1, 2], [1, 1, 2, 2], [2, 2, 2, 2]]",1.0,1,2,2,5,PP,"[[4], [4], [4], [4]]",4,6,96,0.9375,0.003991,20,0.004460262134671211,0.002067089080810547,0.006582864842954636,OPTIMAL,7.625,0.0,np_gurobi_optimal,0.0,1.0,0.0,0,9.75,156,7.625,7.625,7.625,7.625,7.625,7.625,True,True,9.75,True,True
16446410197074311991,4,16,4,"[4, 4, 4, 4]","[[0, 0, 1, 2], [1, 1, 1, 2], [1, 1, 2, 2], [2, 2, 2, 2]]",1.0,1,2,3,,CHP,"[[4], [4], [4], [4]]",4,6,96,0.9375,0.0015375,20,0.004177954979240894,0.001750946044921875,0.005983338577723503,OPTIMAL,7.625,0.0,np_gurobi_optimal,0.0,1.0,0.0,0,26.25,420,7.625,,,7.625,7.625,,False,,,False,
16446410197074311991,4,16,4,"[4, 4, 4, 4]","[[0, 0, 1, 2], [1, 1, 1, 2], [1, 1, 2, 2], [2, 2, 2, 2]]",1.0,1,2,3,2,PP,"[[2, 2], [2, 2], [2, 2], [2, 2]]",8,24,96,0.75,0.0016425,20,0.004377876408398151,0.05404210090637207,0.05848185310228348,OPTIMAL,7.625,0.0,np_gurobi_optimal,0.0,669.0,0.0,0,14.0,224,7.625,7.625,7.625,7.625,7.625,7.625,True,True,14.0,True,True
16446410197074311991,4,16,4,"[4, 4, 4, 4]","[[0, 0, 1, 2], [1, 1, 1, 2], [1, 1, 2, 2], [2, 2, 2, 2]]",1.0,1,2,3,3,PP,"[[3, 1], [3, 1], [3, 1], [3, 1]]",8,24,96,0.75,0.0016225,20,0.004929400980472565,0.024634838104248047,0.029630877213654518,OPTIMAL,7.625,0.0,np_gurobi_optimal,0.0,207.0,0.0,0,17.5,280,7.625,7.625,7.625,7.625,7.625,7.625,True,True,17.5,True,True
16446410197074311991,4,16,4,"[4, 4, 4, 4]","[[0, 0, 1, 2], [1, 1, 1, 2], [1, 1, 2, 2], [2, 2, 2, 2]]",1.0,1,2,3,4,PP,"[[4], [4], [4], [4]]",4,6,96,0.9375,0.0016325,20,0.004392257891595364,0.0022459030151367188,0.006702029037780762,OPTIMAL,7.625,0.0,np_gurobi_optimal,0.0,1.0,0.0,0,21.0,336,7.625,7.625,7.625,7.625,7.625,7.625,True,True,21.0,True,True
16446410197074311991,4,16,4,"[4, 4, 4, 4]","[[0, 0, 1, 2], [1, 1, 1, 2], [1, 1, 2, 2], [2, 2, 2, 2]]",1.0,1,2,3,5,PP,"[[4], [4], [4], [4]]",4,6,96,0.9375,0.001603,20,0.004275331273674965,0.0021011829376220703,0.006432362094655514,OPTIMAL,7.625,0.0,np_gurobi_optimal,0.0,1.0,0.0,0,21.0,336,7.625,7.625,7.625,7.625,7.625,7.625,True,True,21.0,True,True
16446410197074311991,4,16,4,"[4, 4, 4, 4]","[[0, 0, 1, 2], [1, 1, 1, 2], [1, 1, 2, 2], [2, 2, 2, 2]]",1.0,1,2,4,,CHP,"[[4], [4], [4], [4]]",4,6,96,0.9375,0.001527,20,0.004023171029984951,0.002351999282836914,0.006428640898098469,OPTIMAL,7.625,0.0,np_gurobi_optimal,0.0,1.0,0.0,0,40.3125,645,7.625,,,7.625,7.625,,False,,,False,
16446410197074311991,4,16,4,"[4, 4, 4, 4]","[[0, 0, 1, 2], [1, 1, 1, 2], [1, 1, 2, 2], [2, 2, 2, 2]]",1.0,1,2,4,2,PP,"[[2, 2], [2, 2], [2, 2], [2, 2]]",8,24,96,0.75,0.0041915,20,0.004423055797815323,0.04800295829772949,0.05249139442001963,OPTIMAL,7.625,0.0,np_gurobi_optimal,0.0,669.0,0.0,0,21.5,344,7.625,7.625,7.625,7.625,7.625,7.625,True,True,21.5,True,True
16446410197074311991,4,16,4,"[4, 4, 4, 4]","[[0, 0, 1, 2], [1, 1, 1, 2], [1, 1, 2, 2], [2, 2, 2, 2]]",1.0,1,2,4,3,PP,"[[3, 1], [3, 1], [3, 1], [3, 1]]",8,24,96,0.75,0.0017525,20,0.004778923466801643,0.023223161697387695,0.02806238525784254,OPTIMAL,7.625,0.0,np_gurobi_optimal,0.0,207.0,0.0,0,26.875,430,7.625,7.625,7.625,7.625,7.625,7.625,True,True,26.875,True,True
16446410197074311991,4,16,4,"[4, 4, 4, 4]","[[0, 0, 1, 2], [1, 1, 1, 2], [1, 1, 2, 2], [2, 2, 2, 2]]",1.0,1,2,4,4,PP,"[[4], [4], [4], [4]]",4,6,96,0.9375,0.0015725,20,0.004049310460686684,0.0021851062774658203,0.006287483925948143,OPTIMAL,7.625,0.0,np_gurobi_optimal,0.0,1.0,0.0,0,32.25,516,7.625,7.625,7.625,7.625,7.625,7.625,True,True,32.25,True,True
16446410197074311991,4,16,4,"[4, 4, 4, 4]","[[0, 0, 1, 2], [1, 1, 1, 2], [1, 1, 2, 2], [2, 2, 2, 2]]",1.0,1,2,4,5,PP,"[[4], [4], [4], [4]]",4,6,96,0.9375,0.001717,20,0.003921177238225937,0.0017278194427490234,0.005701562962226391,OPTIMAL,7.625,0.0,np_gurobi_optimal,0.0,1.0,0.0,0,32.25,516,7.625,7.625,7.625,7.625,7.625,7.625,True,True,32.25,True,True
14543263246620177783,5,16,4,"[4, 4, 4, 4]","[[4, 4, 5, 6], [1, 2, 2, 2], [1, 1, 2, 3], [1, 3, 3, 3]]",1.0,1,2,,1,NP,"[[1, 1, 1, 1], [1, 1, 1, 1], [1, 1, 1, 1], [1, 1, 1, 1]]",16,96,96,0.0,0.001222,20,0.005581285804510117,2.183032989501953,2.188675856322524,OPTIMAL,7.3125,0.0,np_gurobi_optimal,0.0,32252.0,0.0,0,0.0,0,7.3125,,,7.3125,,,False,,,False,
14543263246620177783,5,16,4,"[4, 4, 4, 4]","[[4, 4, 5, 6], [1, 2, 2, 2], [1, 1, 2, 3], [1, 3, 3, 3]]",1.0,1,2,2,,CHP,"[[4], [4], [4], [4]]",4,6,96,0.9375,0.002123,20,0.00547411385923624,0.003985881805419922,0.009536534132335663,OPTIMAL,7.3125,0.0,np_gurobi_optimal,0.0,1.0,0.8125,13,12.1875,195,7.3125,,,7.3125,7.3125,,False,,,False,
14543263246620177783,5,16,4,"[4, 4, 4, 4]","[[4, 4, 5, 6], [1, 2, 2, 2], [1, 1, 2, 3], [1, 3, 3, 3]]",1.0,1,2,2,2,PP,"[[2, 2], [2, 2], [2, 2], [2, 2]]",8,24,96,0.75,0.0023135,20,0.005699113942682743,0.06358790397644043,0.06936685564155674,OPTIMAL,7.3125,0.0,np_gurobi_optimal,0.0,770.0,0.8125,13,6.5,104,7.3125,7.3125,7.3125,7.3125,7.3125,7.3125,True,True,6.5,True,True
14543263246620177783,5,16,4,"[4, 4, 4, 4]","[[4, 4, 5, 6], [1, 2, 2, 2], [1, 1, 2, 3], [1, 3, 3, 3]]",1.0,1,2,2,3,PP,"[[3, 1], [3, 1], [3, 1], [3, 1]]",8,24,96,0.75,0.0022185,20,0.005958205088973045,0.027529001235961914,0.033567431472462175,OPTIMAL,7.3125,0.0,np_gurobi_optimal,0.0,259.0,0.8125,13,8.125,130,7.3125,7.3125,7.3125,7.3125,7.3125,7.3125,True,True,8.125,True,True
14543263246620177783,5,16,4,"[4, 4, 4, 4]","[[4, 4, 5, 6], [1, 2, 2, 2], [1, 1, 2, 3], [1, 3, 3, 3]]",1.0,1,2,2,4,PP,"[[4], [4], [4], [4]]",4,6,96,0.9375,0.002303,20,0.005251607857644558,0.0032989978790283203,0.008619878280368328,OPTIMAL,7.3125,0.0,np_gurobi_optimal,0.0,1.0,0.8125,13,9.75,156,7.3125,7.3125,7.3125,7.3125,7.3125,7.3125,True,True,9.75,True,True
14543263246620177783,5,16,4,"[4, 4, 4, 4]","[[4, 4, 5, 6], [1, 2, 2, 2], [1, 1, 2, 3], [1, 3, 3, 3]]",1.0,1,2,2,5,PP,"[[4], [4], [4], [4]]",4,6,96,0.9375,0.001532,20,0.00395357608795166,0.0023870468139648438,0.0063929417845554354,OPTIMAL,7.3125,0.0,np_gurobi_optimal,0.0,1.0,0.8125,13,9.75,156,7.3125,7.3125,7.3125,7.3125,7.3125,7.3125,True,True,9.75,True,True
14543263246620177783,5,16,4,"[4, 4, 4, 4]","[[4, 4, 5, 6], [1, 2, 2, 2], [1, 1, 2, 3], [1, 3, 3, 3]]",1.0,1,2,3,,CHP,"[[4], [4], [4], [4]]",4,6,96,0.9375,0.0015425,20,0.0038403337821364403,0.0025839805603027344,0.006475106111507416,OPTIMAL,7.3125,0.0,np_gurobi_optimal,0.0,1.0,0.8125,13,26.25,420,7.3125,,,7.3125,7.3125,,False,,,False,
14543263246620177783,5,16,4,"[4, 4, 4, 4]","[[4, 4, 5, 6], [1, 2, 2, 2], [1, 1, 2, 3], [1, 3, 3, 3]]",1.0,1,2,3,2,PP,"[[2, 2], [2, 2], [2, 2], [2, 2]]",8,24,96,0.75,0.0016075,20,0.004333600401878357,0.05924487113952637,0.06364175774155378,OPTIMAL,7.3125,0.0,np_gurobi_optimal,0.0,770.0,0.8125,13,14.0,224,7.3125,7.3125,7.3125,7.3125,7.3125,7.3125,True,True,14.0,True,True
14543263246620177783,5,16,4,"[4, 4, 4, 4]","[[4, 4, 5, 6], [1, 2, 2, 2], [1, 1, 2, 3], [1, 3, 3, 3]]",1.0,1,2,3,3,PP,"[[3, 1], [3, 1], [3, 1], [3, 1]]",8,24,96,0.75,0.0015725,20,0.004862950183451176,0.02383589744567871,0.028758918362686636,OPTIMAL,7.3125,0.0,np_gurobi_optimal,0.0,259.0,0.8125,13,17.5,280,7.3125,7.3125,7.3125,7.3125,7.3125,7.3125,True,True,17.5,True,True
14543263246620177783,5,16,4,"[4, 4, 4, 4]","[[4, 4, 5, 6], [1, 2, 2, 2], [1, 1, 2, 3], [1, 3, 3, 3]]",1.0,1,2,3,4,PP,"[[4], [4], [4], [4]]",4,6,96,0.9375,0.001688,20,0.004598080180585384,0.0027930736541748047,0.0074496245721344945,OPTIMAL,7.3125,0.0,np_gurobi_optimal,0.0,1.0,0.8125,13,21.0,336,7.3125,7.3125,7.3125,7.3125,7.3125,7.3125,True,True,21.0,True,True
14543263246620177783,5,16,4,"[4, 4, 4, 4]","[[4, 4, 5, 6], [1, 2, 2, 2], [1, 1, 2, 3], [1, 3, 3, 3]]",1.0,1,2,3,5,PP,"[[4], [4], [4], [4]]",4,6,96,0.9375,0.001693,20,0.004205076023936272,0.0029048919677734375,0.007165931020777702,OPTIMAL,7.3125,0.0,np_gurobi_optimal,0.0,1.0,0.8125,13,21.0,336,7.3125,7.3125,7.3125,7.3125,7.3125,7.3125,True,True,21.0,True,True
14543263246620177783,5,16,4,"[4, 4, 4, 4]","[[4, 4, 5, 6], [1, 2, 2, 2], [1, 1, 2, 3], [1, 3, 3, 3]]",1.0,1,2,4,,CHP,"[[4], [4], [4], [4]]",4,6,96,0.9375,0.001572,20,0.004168971441686153,0.0024878978729248047,0.006712345333907127,OPTIMAL,7.3125,0.0,np_gurobi_optimal,0.0,1.0,0.8125,13,40.3125,645,7.3125,,,7.3125,7.3125,,False,,,False,
14543263246620177783,5,16,4,"[4, 4, 4, 4]","[[4, 4, 5, 6], [1, 2, 2, 2], [1, 1, 2, 3], [1, 3, 3, 3]]",1.0,1,2,4,2,PP,"[[2, 2], [2, 2], [2, 2], [2, 2]]",8,24,96,0.75,0.001733,20,0.004306239075958729,0.05449390411376953,0.05886368061842489,OPTIMAL,7.3125,0.0,np_gurobi_optimal,0.0,770.0,0.8125,13,21.5,344,7.3125,7.3125,7.3125,7.3125,7.3125,7.3125,True,True,21.5,True,True
14543263246620177783,5,16,4,"[4, 4, 4, 4]","[[4, 4, 5, 6], [1, 2, 2, 2], [1, 1, 2, 3], [1, 3, 3, 3]]",1.0,1,2,4,3,PP,"[[3, 1], [3, 1], [3, 1], [3, 1]]",8,24,96,0.75,0.0023135,20,0.005842330865561962,0.025015830993652344,0.03093005074347353,OPTIMAL,7.3125,0.0,np_gurobi_optimal,0.0,259.0,0.8125,13,26.875,430,7.3125,7.3125,7.3125,7.3125,7.3125,7.3125,True,True,26.875,True,True
14543263246620177783,5,16,4,"[4, 4, 4, 4]","[[4, 4, 5, 6], [1, 2, 2, 2], [1, 1, 2, 3], [1, 3, 3, 3]]",1.0,1,2,4,4,PP,"[[4], [4], [4], [4]]",4,6,96,0.9375,0.0017225,20,0.004685412161052227,0.002724170684814453,0.007469269000265598,OPTIMAL,7.3125,0.0,np_gurobi_optimal,0.0,1.0,0.8125,13,32.25,516,7.3125,7.3125,7.3125,7.3125,7.3125,7.3125,True,True,32.25,True,True
14543263246620177783,5,16,4,"[4, 4, 4, 4]","[[4, 4, 5, 6], [1, 2, 2, 2], [1, 1, 2, 3], [1, 3, 3, 3]]",1.0,1,2,4,5,PP,"[[4], [4], [4], [4]]",4,6,96,0.9375,0.001653,20,0.004539701156318188,0.002725839614868164,0.007319764136555672,OPTIMAL,7.3125,0.0,np_gurobi_optimal,0.0,1.0,0.8125,13,32.25,516,7.3125,7.3125,7.3125,7.3125,7.3125,7.3125,True,True,32.25,True,True
5231395417132726960,6,16,4,"[4, 4, 4, 4]","[[3, 3, 3, 5], [3, 3, 4, 5], [4, 7, 8, 10], [1, 2, 3, 3]]",1.0,1,2,,1,NP,"[[1, 1, 1, 1], [1, 1, 1, 1], [1, 1, 1, 1], [1, 1, 1, 1]]",16,96,96,0.0,0.0015625,20,0.009386777877807617,1.6471610069274902,1.6566411468401552,OPTIMAL,5.8125,0.0,np_gurobi_optimal,0.0,31159.0,0.0,0,0.0,0,5.8125,,,5.8125,,,False,,,False,
5231395417132726960,6,16,4,"[4, 4, 4, 4]","[[3, 3, 3, 5], [3, 3, 4, 5], [4, 7, 8, 10], [1, 2, 3, 3]]",1.0,1,2,2,,CHP,"[[4], [4], [1, 3], [4]]",5,9,96,0.90625,0.003861,20,0.005407462827861309,0.004150867462158203,0.009631913823245526,OPTIMAL,5.8125,0.0,np_gurobi_optimal,0.0,1.0,1.375,22,12.1875,195,5.8125,,,5.8125,5.8125,,False,,,False,
5231395417132726960,6,16,4,"[4, 4, 4, 4]","[[3, 3, 3, 5], [3, 3, 4, 5], [4, 7, 8, 10], [1, 2, 3, 3]]",1.0,1,2,2,2,PP,"[[2, 2], [2, 2], [1, 2, 1], [2, 2]]",9,30,96,0.6875,0.0017225,20,0.005132477730512619,0.05290412902832031,0.05810481358346701,OPTIMAL,5.8125,0.0,np_gurobi_optimal,0.0,491.0,0.6875,11,6.5,104,5.8125,5.8125,5.8125,5.8125,5.8125,5.8125,True,True,6.5,True,True
5231395417132726960,6,16,4,"[4, 4, 4, 4]","[[3, 3, 3, 5], [3, 3, 4, 5], [4, 7, 8, 10], [1, 2, 3, 3]]",1.0,1,2,2,3,PP,"[[3, 1], [3, 1], [1, 3], [3, 1]]",8,24,96,0.75,0.001662,20,0.004908178001642227,0.02554607391357422,0.03052565880018425,OPTIMAL,5.8125,0.0,np_gurobi_optimal,0.0,216.0,0.6875,11,8.125,130,5.8125,5.8125,5.8125,5.8125,5.8125,5.8125,True,True,8.125,True,True
5231395417132726960,6,16,4,"[4, 4, 4, 4]","[[3, 3, 3, 5], [3, 3, 4, 5], [4, 7, 8, 10], [1, 2, 3, 3]]",1.0,1,2,2,4,PP,"[[4], [4], [1, 3], [4]]",5,9,96,0.90625,0.0028795,20,0.005900348536670208,0.0037889480590820312,0.00977263677826357,OPTIMAL,5.8125,0.0,np_gurobi_optimal,0.0,1.0,1.375,22,9.75,156,5.8125,5.8125,5.8125,5.8125,5.8125,5.8125,True,True,9.75,True,True
5231395417132726960,6,16,4,"[4, 4, 4, 4]","[[3, 3, 3, 5], [3, 3, 4, 5], [4, 7, 8, 10], [1, 2, 3, 3]]",1.0,1,2,2,5,PP,"[[4], [4], [1, 3], [4]]",5,9,96,0.90625,0.0028895,20,0.0057997265830636024,0.00421905517578125,0.010098157987930298,OPTIMAL,5.8125,0.0,np_gurobi_optimal,0.0,1.0,1.375,22,9.75,156,5.8125,5.8125,5.8125,5.8125,5.8125,5.8125,True,True,9.75,True,True
5231395417132726960,6,16,4,"[4, 4, 4, 4]","[[3, 3, 3, 5], [3, 3, 4, 5], [4, 7, 8, 10], [1, 2, 3, 3]]",1.0,1,2,3,,CHP,"[[4], [4], [4], [4]]",4,6,96,0.9375,0.0021135,20,0.005712904967367649,0.002206087112426758,0.007992229753495216,OPTIMAL,5.8125,0.0,np_gurobi_optimal,0.0,1.0,3.125,50,26.25,420,5.8125,,,5.8125,5.8125,,False,,,False,
5231395417132726960,6,16,4,"[4, 4, 4, 4]","[[3, 3, 3, 5], [3, 3, 4, 5], [4, 7, 8, 10], [1, 2, 3, 3]]",1.0,1,2,3,2,PP,"[[2, 2], [2, 2], [2, 2], [2, 2]]",8,24,96,0.75,0.002313,20,0.006139438599348068,0.030517101287841797,0.03674393665496158,OPTIMAL,5.8125,0.0,np_gurobi_optimal,0.0,232.0,3.125,50,14.0,224,5.8125,5.8125,5.8125,5.8125,5.8125,5.8125,True,True,14.0,True,True
5231395417132726960,6,16,4,"[4, 4, 4, 4]","[[3, 3, 3, 5], [3, 3, 4, 5], [4, 7, 8, 10], [1, 2, 3, 3]]",1.0,1,2,3,3,PP,"[[3, 1], [3, 1], [3, 1], [3, 1]]",8,24,96,0.75,0.004402,20,0.005124574527144432,0.022738933563232422,0.02793480792223406,OPTIMAL,5.8125,0.0,np_gurobi_optimal,0.0,139.0,1.75,28,17.5,280,5.8125,5.8125,5.8125,5.8125,5.8125,5.8125,True,True,17.5,True,True
5231395417132726960,6,16,4,"[4, 4, 4, 4]","[[3, 3, 3, 5], [3, 3, 4, 5], [4, 7, 8, 10], [1, 2, 3, 3]]",1.0,1,2,3,4,PP,"[[4], [4], [4], [4]]",4,6,96,0.9375,0.001583,20,0.004309574142098427,0.0020110607147216797,0.006375086245413304,OPTIMAL,5.8125,0.0,np_gurobi_optimal,0.0,1.0,3.125,50,21.0,336,5.8125,5.8125,5.8125,5.8125,5.8125,5.8125,True,True,21.0,True,True
5231395417132726960,6,16,4,"[4, 4, 4, 4]","[[3, 3, 3, 5], [3, 3, 4, 5], [4, 7, 8, 10], [1, 2, 3, 3]]",1.0,1,2,3,5,PP,"[[4], [4], [4], [4]]",4,6,96,0.9375,0.0041215,20,0.004453251138329506,0.002521991729736328,0.007038844215616226,OPTIMAL,5.8125,0.0,np_gurobi_optimal,0.0,1.0,3.125,50,21.0,336,5.8125,5.8125,5.8125,5.8125,5.8125,5.8125,True,True,21.0,True,True
5231395417132726960,6,16,4,"[4, 4, 4, 4]","[[3, 3, 3, 5], [3, 3, 4, 5], [4, 7, 8, 10], [1, 2, 3, 3]]",1.0,1,2,4,,CHP,"[[4], [4], [4], [4]]",4,6,96,0.9375,0.003961,20,0.004348332062363625,0.002321004867553711,0.006730076942001343,OPTIMAL,5.8125,0.0,np_gurobi_optimal,0.0,1.0,3.125,50,40.3125,645,5.8125,,,5.8125,5.8125,,False,,,False,
5231395417132726960,6,16,4,"[4, 4, 4, 4]","[[3, 3, 3, 5], [3, 3, 4, 5], [4, 7, 8, 10], [1, 2, 3, 3]]",1.0,1,2,4,2,PP,"[[2, 2], [2, 2], [2, 2], [2, 2]]",8,24,96,0.75,0.0017425,20,0.0047310711815953255,0.0251009464263916,0.029894274654917716,OPTIMAL,5.8125,0.0,np_gurobi_optimal,0.0,232.0,3.125,50,21.5,344,5.8125,5.8125,5.8125,5.8125,5.8125,5.8125,True,True,21.5,True,True
5231395417132726960,6,16,4,"[4, 4, 4, 4]","[[3, 3, 3, 5], [3, 3, 4, 5], [4, 7, 8, 10], [1, 2, 3, 3]]",1.0,1,2,4,3,PP,"[[3, 1], [3, 1], [3, 1], [3, 1]]",8,24,96,0.75,0.0016375,20,0.004952144809067249,0.025702953338623047,0.030721489574980734,OPTIMAL,5.8125,0.0,np_gurobi_optimal,0.0,139.0,1.75,28,26.875,430,5.8125,5.8125,5.8125,5.8125,5.8125,5.8125,True,True,26.875,True,True
5231395417132726960,6,16,4,"[4, 4, 4, 4]","[[3, 3, 3, 5], [3, 3, 4, 5], [4, 7, 8, 10], [1, 2, 3, 3]]",1.0,1,2,4,4,PP,"[[4], [4], [4], [4]]",4,6,96,0.9375,0.001593,20,0.004504699259996414,0.0020279884338378906,0.006590111619537354,OPTIMAL,5.8125,0.0,np_gurobi_optimal,0.0,1.0,3.125,50,32.25,516,5.8125,5.8125,5.8125,5.8125,5.8125,5.8125,True,True,32.25,True,True
5231395417132726960,6,16,4,"[4, 4, 4, 4]","[[3, 3, 3, 5], [3, 3, 4, 5], [4, 7, 8, 10], [1, 2, 3, 3]]",1.0,1,2,4,5,PP,"[[4], [4], [4], [4]]",4,6,96,0.9375,0.0015975,20,0.004943542182445526,0.0021338462829589844,0.007133196389827728,OPTIMAL,5.8125,0.0,np_gurobi_optimal,0.0,1.0,3.125,50,32.25,516,5.8125,5.8125,5.8125,5.8125,5.8125,5.8125,True,True,32.25,True,True
13775358165929270357,7,16,4,"[4, 4, 4, 4]","[[0, 0, 1, 2], [1, 1, 2, 2], [3, 4, 4, 5], [2, 3, 3, 4]]",1.0,1,2,,1,NP,"[[1, 1, 1, 1], [1, 1, 1, 1], [1, 1, 1, 1], [1, 1, 1, 1]]",16,96,96,0.0,0.00317,20,0.006874441169202328,1.4242310523986816,1.4311842282876206,OPTIMAL,6.6875,0.0,np_gurobi_optimal,0.0,25685.0,0.0,0,0.0,0,6.6875,,,6.6875,,,False,,,False,
13775358165929270357,7,16,4,"[4, 4, 4, 4]","[[0, 0, 1, 2], [1, 1, 2, 2], [3, 4, 4, 5], [2, 3, 3, 4]]",1.0,1,2,2,,CHP,"[[4], [4], [4], [4]]",4,6,96,0.9375,0.002013,20,0.005315713584423065,0.0029230117797851562,0.008319343852150917,OPTIMAL,6.6875,0.0,np_gurobi_optimal,0.0,1.0,0.0,0,12.1875,195,6.6875,,,6.6875,6.6875,,False,,,False,
13775358165929270357,7,16,4,"[4, 4, 4, 4]","[[0, 0, 1, 2], [1, 1, 2, 2], [3, 4, 4, 5], [2, 3, 3, 4]]",1.0,1,2,2,2,PP,"[[2, 2], [2, 2], [2, 2], [2, 2]]",8,24,96,0.75,0.002754,20,0.00707609485834837,0.04473114013671875,0.05191785198169136,OPTIMAL,6.6875,0.0,np_gurobi_optimal,0.0,395.0,0.0,0,6.5,104,6.6875,6.6875,6.6875,6.6875,6.6875,6.6875,True,True,6.5,True,True
13775358165929270357,7,16,4,"[4, 4, 4, 4]","[[0, 0, 1, 2], [1, 1, 2, 2], [3, 4, 4, 5], [2, 3, 3, 4]]",1.0,1,2,2,3,PP,"[[3, 1], [3, 1], [3, 1], [3, 1]]",8,24,96,0.75,0.002794,20,0.0072921812534332275,0.03370499610900879,0.04111133798459196,OPTIMAL,6.6875,0.0,np_gurobi_optimal,0.0,162.0,0.0,0,8.125,130,6.6875,6.6875,6.6875,6.6875,6.6875,6.6875,True,True,8.125,True,True
13775358165929270357,7,16,4,"[4, 4, 4, 4]","[[0, 0, 1, 2], [1, 1, 2, 2], [3, 4, 4, 5], [2, 3, 3, 4]]",1.0,1,2,2,4,PP,"[[4], [4], [4], [4]]",4,6,96,0.9375,0.0029345,20,0.00655229389667511,0.0029299259185791016,0.009583335272392749,OPTIMAL,6.6875,0.0,np_gurobi_optimal,0.0,1.0,0.0,0,9.75,156,6.6875,6.6875,6.6875,6.6875,6.6875,6.6875,True,True,9.75,True,True
13775358165929270357,7,16,4,"[4, 4, 4, 4]","[[0, 0, 1, 2], [1, 1, 2, 2], [3, 4, 4, 5], [2, 3, 3, 4]]",1.0,1,2,2,5,PP,"[[4], [4], [4], [4]]",4,6,96,0.9375,0.002118,20,0.005417759530246258,0.002465963363647461,0.00796881987264681,OPTIMAL,6.6875,0.0,np_gurobi_optimal,0.0,1.0,0.0,0,9.75,156,6.6875,6.6875,6.6875,6.6875,6.6875,6.6875,True,True,9.75,True,True
13775358165929270357,7,16,4,"[4, 4, 4, 4]","[[0, 0, 1, 2], [1, 1, 2, 2], [3, 4, 4, 5], [2, 3, 3, 4]]",1.0,1,2,3,,CHP,"[[4], [4], [4], [4]]",4,6,96,0.9375,0.002018,20,0.005351358093321323,0.0023729801177978516,0.007801306257956505,OPTIMAL,6.6875,0.0,np_gurobi_optimal,0.0,1.0,0.0,0,26.25,420,6.6875,,,6.6875,6.6875,,False,,,False,
13775358165929270357,7,16,4,"[4, 4, 4, 4]","[[0, 0, 1, 2], [1, 1, 2, 2], [3, 4, 4, 5], [2, 3, 3, 4]]",1.0,1,2,3,2,PP,"[[2, 2], [2, 2], [2, 2], [2, 2]]",8,24,96,0.75,0.002789,20,0.0071318792179226875,0.04304695129394531,0.05028528875293875,OPTIMAL,6.6875,0.0,np_gurobi_optimal,0.0,395.0,0.0,0,14.0,224,6.6875,6.6875,6.6875,6.6875,6.6875,6.6875,True,True,14.0,True,True
13775358165929270357,7,16,4,"[4, 4, 4, 4]","[[0, 0, 1, 2], [1, 1, 2, 2], [3, 4, 4, 5], [2, 3, 3, 4]]",1.0,1,2,3,3,PP,"[[3, 1], [3, 1], [3, 1], [3, 1]]",8,24,96,0.75,0.0029145,20,0.007203578017652035,0.025880098342895508,0.03319116814112854,OPTIMAL,6.6875,0.0,np_gurobi_optimal,0.0,162.0,0.0,0,17.5,280,6.6875,6.6875,6.6875,6.6875,6.6875,6.6875,True,True,17.5,True,True
13775358165929270357,7,16,4,"[4, 4, 4, 4]","[[0, 0, 1, 2], [1, 1, 2, 2], [3, 4, 4, 5], [2, 3, 3, 4]]",1.0,1,2,3,4,PP,"[[4], [4], [4], [4]]",4,6,96,0.9375,0.002794,20,0.006333633325994015,0.0027740001678466797,0.009203870813042164,OPTIMAL,6.6875,0.0,np_gurobi_optimal,0.0,1.0,0.0,0,21.0,336,6.6875,6.6875,6.6875,6.6875,6.6875,6.6875,True,True,21.0,True,True
13775358165929270357,7,16,4,"[4, 4, 4, 4]","[[0, 0, 1, 2], [1, 1, 2, 2], [3, 4, 4, 5], [2, 3, 3, 4]]",1.0,1,2,3,5,PP,"[[4], [4], [4], [4]]",4,6,96,0.9375,0.002699,20,0.006445501931011677,0.002640962600708008,0.0091820732030859,OPTIMAL,6.6875,0.0,np_gurobi_optimal,0.0,1.0,0.0,0,21.0,336,6.6875,6.6875,6.6875,6.6875,6.6875,6.6875,True,True,21.0,True,True
13775358165929270357,7,16,4,"[4, 4, 4, 4]","[[0, 0, 1, 2], [1, 1, 2, 2], [3, 4, 4, 5], [2, 3, 3, 4]]",1.0,1,2,4,,CHP,"[[4], [4], [4], [4]]",4,6,96,0.9375,0.002754,20,0.0065641216933727264,0.003036022186279297,0.009698960077933312,OPTIMAL,6.6875,0.0,np_gurobi_optimal,0.0,1.0,0.0,0,40.3125,645,6.6875,,,6.6875,6.6875,,False,,,False,
13775358165929270357,7,16,4,"[4, 4, 4, 4]","[[0, 0, 1, 2], [1, 1, 2, 2], [3, 4, 4, 5], [2, 3, 3, 4]]",1.0,1,2,4,2,PP,"[[2, 2], [2, 2], [2, 2], [2, 2]]",8,24,96,0.75,0.0029545,20,0.00715912040323019,0.03952908515930176,0.046793336393515586,OPTIMAL,6.6875,0.0,np_gurobi_optimal,0.0,395.0,0.0,0,21.5,344,6.6875,6.6875,6.6875,6.6875,6.6875,6.6875,True,True,21.5,True,True
13775358165929270357,7,16,4,"[4, 4, 4, 4]","[[0, 0, 1, 2], [1, 1, 2, 2], [3, 4, 4, 5], [2, 3, 3, 4]]",1.0,1,2,4,3,PP,"[[3, 1], [3, 1], [3, 1], [3, 1]]",8,24,96,0.75,0.00315,20,0.00708646047860384,0.027467012405395508,0.034663246280276776,OPTIMAL,6.6875,0.0,np_gurobi_optimal,0.0,162.0,0.0,0,26.875,430,6.6875,6.6875,6.6875,6.6875,6.6875,6.6875,True,True,26.875,True,True
13775358165929270357,7,16,4,"[4, 4, 4, 4]","[[0, 0, 1, 2], [1, 1, 2, 2], [3, 4, 4, 5], [2, 3, 3, 4]]",1.0,1,2,4,4,PP,"[[4], [4], [4], [4]]",4,6,96,0.9375,0.0029095,20,0.006493384018540382,0.0027060508728027344,0.00929743708282423,OPTIMAL,6.6875,0.0,np_gurobi_optimal,0.0,1.0,0.0,0,32.25,516,6.6875,6.6875,6.6875,6.6875,6.6875,6.6875,True,True,32.25,True,True
13775358165929270357,7,16,4,"[4, 4, 4, 4]","[[0, 0, 1, 2], [1, 1, 2, 2], [3, 4, 4, 5], [2, 3, 3, 4]]",1.0,1,2,4,5,PP,"[[4], [4], [4], [4]]",4,6,96,0.9375,0.002765,20,0.00454464927315712,0.0022439956665039062,0.006849013172223568,OPTIMAL,6.6875,0.0,np_gurobi_optimal,0.0,1.0,0.0,0,32.25,516,6.6875,6.6875,6.6875,6.6875,6.6875,6.6875,True,True,32.25,True,True
6076098325496262243,8,16,4,"[4, 4, 4, 4]","[[1, 1, 2, 3], [1, 2, 2, 2], [5, 5, 5, 5], [2, 2, 3, 4]]",1.0,1,2,,1,NP,"[[1, 1, 1, 1], [1, 1, 1, 1], [1, 1, 1, 1], [1, 1, 1, 1]]",16,96,96,0.0,0.001202,20,0.006169315427541733,1.2803010940551758,1.2865429303028364,OPTIMAL,7.1875,0.0,np_gurobi_optimal,0.0,21628.0,0.0,0,0.0,0,7.1875,,,7.1875,,,False,,,False,
6076098325496262243,8,16,4,"[4, 4, 4, 4]","[[1, 1, 2, 3], [1, 2, 2, 2], [5, 5, 5, 5], [2, 2, 3, 4]]",1.0,1,2,2,,CHP,"[[4], [4], [4], [4]]",4,6,96,0.9375,0.0028295,20,0.005009922198951244,0.0032079219818115234,0.008287470929781915,OPTIMAL,7.1875,0.0,np_gurobi_optimal,0.0,1.0,0.0,0,12.1875,195,7.1875,,,7.1875,7.1875,,False,,,False,
6076098325496262243,8,16,4,"[4, 4, 4, 4]","[[1, 1, 2, 3], [1, 2, 2, 2], [5, 5, 5, 5], [2, 2, 3, 4]]",1.0,1,2,2,2,PP,"[[2, 2], [2, 2], [2, 2], [2, 2]]",8,24,96,0.75,0.0017225,20,0.00500883162021637,0.043530941009521484,0.04861697416779757,OPTIMAL,7.1875,0.0,np_gurobi_optimal,0.0,600.0,0.0,0,6.5,104,7.1875,7.1875,7.1875,7.1875,7.1875,7.1875,True,True,6.5,True,True
6076098325496262243,8,16,4,"[4, 4, 4, 4]","[[1, 1, 2, 3], [1, 2, 2, 2], [5, 5, 5, 5], [2, 2, 3, 4]]",1.0,1,2,2,3,PP,"[[3, 1], [3, 1], [3, 1], [3, 1]]",8,24,96,0.75,0.0017225,20,0.005215562880039215,0.030488014221191406,0.03579287000027657,OPTIMAL,7.1875,0.0,np_gurobi_optimal,0.0,268.0,0.0,0,8.125,130,7.1875,7.1875,7.1875,7.1875,7.1875,7.1875,True,True,8.125,True,True
6076098325496262243,8,16,4,"[4, 4, 4, 4]","[[1, 1, 2, 3], [1, 2, 2, 2], [5, 5, 5, 5], [2, 2, 3, 4]]",1.0,1,2,2,4,PP,"[[4], [4], [4], [4]]",4,6,96,0.9375,0.001582,20,0.004753083921968937,0.0026099681854248047,0.007426523286444664,OPTIMAL,7.1875,0.0,np_gurobi_optimal,0.0,1.0,0.0,0,9.75,156,7.1875,7.1875,7.1875,7.1875,7.1875,7.1875,True,True,9.75,True,True
6076098325496262243,8,16,4,"[4, 4, 4, 4]","[[1, 1, 2, 3], [1, 2, 2, 2], [5, 5, 5, 5], [2, 2, 3, 4]]",1.0,1,2,2,5,PP,"[[4], [4], [4], [4]]",4,6,96,0.9375,0.001568,20,0.004306399263441563,0.002170085906982422,0.006532579313199997,OPTIMAL,7.1875,0.0,np_gurobi_optimal,0.0,1.0,0.0,0,9.75,156,7.1875,7.1875,7.1875,7.1875,7.1875,7.1875,True,True,9.75,True,True
6076098325496262243,8,16,4,"[4, 4, 4, 4]","[[1, 1, 2, 3], [1, 2, 2, 2], [5, 5, 5, 5], [2, 2, 3, 4]]",1.0,1,2,3,,CHP,"[[4], [4], [4], [4]]",4,6,96,0.9375,0.0015375,20,0.004256644286215305,0.0025739669799804688,0.006888597158765793,OPTIMAL,7.1875,0.0,np_gurobi_optimal,0.0,1.0,0.0,0,26.25,420,7.1875,,,7.1875,7.1875,,False,,,False,
6076098325496262243,8,16,4,"[4, 4, 4, 4]","[[1, 1, 2, 3], [1, 2, 2, 2], [5, 5, 5, 5], [2, 2, 3, 4]]",1.0,1,2,3,2,PP,"[[2, 2], [2, 2], [2, 2], [2, 2]]",8,24,96,0.75,0.0016375,20,0.004976292140781879,0.0462949275970459,0.05134462216145992,OPTIMAL,7.1875,0.0,np_gurobi_optimal,0.0,600.0,0.0,0,14.0,224,7.1875,7.1875,7.1875,7.1875,7.1875,7.1875,True,True,14.0,True,True
6076098325496262243,8,16,4,"[4, 4, 4, 4]","[[1, 1, 2, 3], [1, 2, 2, 2], [5, 5, 5, 5], [2, 2, 3, 4]]",1.0,1,2,3,3,PP,"[[3, 1], [3, 1], [3, 1], [3, 1]]",8,24,96,0.75,0.0016075,20,0.004967067390680313,0.029036998748779297,0.034067086912674904,OPTIMAL,7.1875,0.0,np_gurobi_optimal,0.0,268.0,0.0,0,17.5,280,7.1875,7.1875,7.1875,7.1875,7.1875,7.1875,True,True,17.5,True,True
6076098325496262243,8,16,4,"[4, 4, 4, 4]","[[1, 1, 2, 3], [1, 2, 2, 2], [5, 5, 5, 5], [2, 2, 3, 4]]",1.0,1,2,3,4,PP,"[[4], [4], [4], [4]]",4,6,96,0.9375,0.0017075,20,0.004818872548639774,0.0021500587463378906,0.007040616510589123,OPTIMAL,7.1875,0.0,np_gurobi_optimal,0.0,1.0,0.0,0,21.0,336,7.1875,7.1875,7.1875,7.1875,7.1875,7.1875,True,True,21.0,True,True
6076098325496262243,8,16,4,"[4, 4, 4, 4]","[[1, 1, 2, 3], [1, 2, 2, 2], [5, 5, 5, 5], [2, 2, 3, 4]]",1.0,1,2,3,5,PP,"[[4], [4], [4], [4]]",4,6,96,0.9375,0.001713,20,0.0047659846022725105,0.002228975296020508,0.007058658934891701,OPTIMAL,7.1875,0.0,np_gurobi_optimal,0.0,1.0,0.0,0,21.0,336,7.1875,7.1875,7.1875,7.1875,7.1875,7.1875,True,True,21.0,True,True
6076098325496262243,8,16,4,"[4, 4, 4, 4]","[[1, 1, 2, 3], [1, 2, 2, 2], [5, 5, 5, 5], [2, 2, 3, 4]]",1.0,1,2,4,,CHP,"[[4], [4], [4], [4]]",4,6,96,0.9375,0.001562,20,0.0045841289684176445,0.002020120620727539,0.006664282814347267,OPTIMAL,7.1875,0.0,np_gurobi_optimal,0.0,1.0,0.0,0,40.3125,645,7.1875,,,7.1875,7.1875,,False,,,False,
6076098325496262243,8,16,4,"[4, 4, 4, 4]","[[1, 1, 2, 3], [1, 2, 2, 2], [5, 5, 5, 5], [2, 2, 3, 4]]",1.0,1,2,4,2,PP,"[[2, 2], [2, 2], [2, 2], [2, 2]]",8,24,96,0.75,0.0017225,20,0.004874097183346748,0.04443717002868652,0.04937922444221735,OPTIMAL,7.1875,0.0,np_gurobi_optimal,0.0,600.0,0.0,0,21.5,344,7.1875,7.1875,7.1875,7.1875,7.1875,7.1875,True,True,21.5,True,True
6076098325496262243,8,16,4,"[4, 4, 4, 4]","[[1, 1, 2, 3], [1, 2, 2, 2], [5, 5, 5, 5], [2, 2, 3, 4]]",1.0,1,2,4,3,PP,"[[3, 1], [3, 1], [3, 1], [3, 1]]",8,24,96,0.75,0.001693,20,0.005149764008820057,0.030573129653930664,0.03579226959953832,OPTIMAL,7.1875,0.0,np_gurobi_optimal,0.0,268.0,0.0,0,26.875,430,7.1875,7.1875,7.1875,7.1875,7.1875,7.1875,True,True,26.875,True,True
6076098325496262243,8,16,4,"[4, 4, 4, 4]","[[1, 1, 2, 3], [1, 2, 2, 2], [5, 5, 5, 5], [2, 2, 3, 4]]",1.0,1,2,4,4,PP,"[[4], [4], [4], [4]]",4,6,96,0.9375,0.001628,20,0.004565870389342308,0.0020639896392822266,0.006686711732008934,OPTIMAL,7.1875,0.0,np_gurobi_optimal,0.0,1.0,0.0,0,32.25,516,7.1875,7.1875,7.1875,7.1875,7.1875,7.1875,True,True,32.25,True,True
6076098325496262243,8,16,4,"[4, 4, 4, 4]","[[1, 1, 2, 3], [1, 2, 2, 2], [5, 5, 5, 5], [2, 2, 3, 4]]",1.0,1,2,4,5,PP,"[[4], [4], [4], [4]]",4,6,96,0.9375,0.001577,20,0.00412834994494915,0.001993894577026367,0.006175728785671711,OPTIMAL,7.1875,0.0,np_gurobi_optimal,0.0,1.0,0.0,0,32.25,516,7.1875,7.1875,7.1875,7.1875,7.1875,7.1875,True,True,32.25,True,True
2121942416145363022,9,16,4,"[4, 4, 4, 4]","[[3, 4, 7, 7], [2, 3, 4, 5], [1, 2, 2, 3], [2, 5, 6, 7]]",1.0,1,2,,1,NP,"[[1, 1, 1, 1], [1, 1, 1, 1], [1, 1, 1, 1], [1, 1, 1, 1]]",16,96,96,0.0,0.001242,20,0.006203225813806057,1.6501011848449707,1.6563743572564287,OPTIMAL,6.0625,0.0,np_gurobi_optimal,0.0,27115.0,0.0,0,0.0,0,6.0625,,,6.0625,,,False,,,False,
2121942416145363022,9,16,4,"[4, 4, 4, 4]","[[3, 4, 7, 7], [2, 3, 4, 5], [1, 2, 2, 3], [2, 5, 6, 7]]",1.0,1,2,2,,CHP,"[[2, 2], [4], [4], [1, 3]]",6,13,96,0.8645833333333334,0.001482,20,0.004606492817401886,0.006651878356933594,0.011317566302961827,OPTIMAL,6.0625,0.0,np_gurobi_optimal,0.0,1.0,0.0,0,12.1875,195,6.0625,,,6.0625,6.0625,,False,,,False,
2121942416145363022,9,16,4,"[4, 4, 4, 4]","[[3, 4, 7, 7], [2, 3, 4, 5], [1, 2, 2, 3], [2, 5, 6, 7]]",1.0,1,2,2,2,PP,"[[2, 2], [2, 2], [2, 2], [1, 2, 1]]",9,30,96,0.6875,0.0016525,20,0.0047575607895851135,0.05447506904602051,0.059297205282714364,OPTIMAL,6.0625,0.0,np_gurobi_optimal,0.0,673.0,0.0,0,6.5,104,6.0625,6.0625,6.0625,6.0625,6.0625,6.0625,True,True,6.5,True,True
2121942416145363022,9,16,4,"[4, 4, 4, 4]","[[3, 4, 7, 7], [2, 3, 4, 5], [1, 2, 2, 3], [2, 5, 6, 7]]",1.0,1,2,2,3,PP,"[[2, 2], [3, 1], [3, 1], [1, 3]]",8,24,96,0.75,0.001642,20,0.005001208744943142,0.03418898582458496,0.03926236283413601,OPTIMAL,6.0625,0.0,np_gurobi_optimal,0.0,415.0,0.0,0,8.125,130,6.0625,6.0625,6.0625,6.0625,6.0625,6.0625,True,True,8.125,True,True
2121942416145363022,9,16,4,"[4, 4, 4, 4]","[[3, 4, 7, 7], [2, 3, 4, 5], [1, 2, 2, 3], [2, 5, 6, 7]]",1.0,1,2,2,4,PP,"[[2, 2], [4], [4], [1, 3]]",6,13,96,0.8645833333333334,0.0016725,20,0.005134359933435917,0.0067119598388671875,0.01192127897702217,OPTIMAL,6.0625,0.0,np_gurobi_optimal,0.0,1.0,0.0,0,9.75,156,6.0625,6.0625,6.0625,6.0625,6.0625,6.0625,True,True,9.75,True,True
2121942416145363022,9,16,4,"[4, 4, 4, 4]","[[3, 4, 7, 7], [2, 3, 4, 5], [1, 2, 2, 3], [2, 5, 6, 7]]",1.0,1,2,2,5,PP,"[[2, 2], [4], [4], [1, 3]]",6,13,96,0.8645833333333334,0.001747,20,0.00495985709130764,0.006706953048706055,0.011733218866369247,OPTIMAL,6.0625,0.0,np_gurobi_optimal,0.0,1.0,0.0,0,9.75,156,6.0625,6.0625,6.0625,6.0625,6.0625,6.0625,True,True,9.75,True,True
2121942416145363022,9,16,4,"[4, 4, 4, 4]","[[3, 4, 7, 7], [2, 3, 4, 5], [1, 2, 2, 3], [2, 5, 6, 7]]",1.0,1,2,3,,CHP,"[[4], [4], [4], [4]]",4,6,96,0.9375,0.001582,20,0.004644790664315224,0.0021119117736816406,0.006817964519900799,OPTIMAL,6.0625,0.0,np_gurobi_optimal,0.0,1.0,3.375,54,26.25,420,6.0625,,,6.0625,6.0625,,False,,,False,
2121942416145363022,9,16,4,"[4, 4, 4, 4]","[[3, 4, 7, 7], [2, 3, 4, 5], [1, 2, 2, 3], [2, 5, 6, 7]]",1.0,1,2,3,2,PP,"[[2, 2], [2, 2], [2, 2], [2, 2]]",8,24,96,0.75,0.0016925,20,0.004921307787299156,0.03709101676940918,0.04207605617869377,OPTIMAL,6.0625,0.0,np_gurobi_optimal,0.0,441.0,1.75,28,14.0,224,6.0625,6.0625,6.0625,6.0625,6.0625,6.0625,True,True,14.0,True,True
2121942416145363022,9,16,4,"[4, 4, 4, 4]","[[3, 4, 7, 7], [2, 3, 4, 5], [1, 2, 2, 3], [2, 5, 6, 7]]",1.0,1,2,3,3,PP,"[[3, 1], [3, 1], [3, 1], [3, 1]]",8,24,96,0.75,0.0016975,20,0.005268082022666931,0.025556087493896484,0.030901981216619016,OPTIMAL,6.0625,0.0,np_gurobi_optimal,0.0,184.0,3.375,54,17.5,280,6.0625,6.0625,6.0625,6.0625,6.0625,6.0625,True,True,17.5,True,True
2121942416145363022,9,16,4,"[4, 4, 4, 4]","[[3, 4, 7, 7], [2, 3, 4, 5], [1, 2, 2, 3], [2, 5, 6, 7]]",1.0,1,2,3,4,PP,"[[4], [4], [4], [4]]",4,6,96,0.9375,0.001633,20,0.004806144163012505,0.0026640892028808594,0.007549100015683651,OPTIMAL,6.0625,0.0,np_gurobi_optimal,0.0,1.0,3.375,54,21.0,336,6.0625,6.0625,6.0625,6.0625,6.0625,6.0625,True,True,21.0,True,True
2121942416145363022,9,16,4,"[4, 4, 4, 4]","[[3, 4, 7, 7], [2, 3, 4, 5], [1, 2, 2, 3], [2, 5, 6, 7]]",1.0,1,2,3,5,PP,"[[4], [4], [4], [4]]",4,6,96,0.9375,0.0015925,20,0.004597138613462448,0.0021941661834716797,0.006858095465092659,OPTIMAL,6.0625,0.0,np_gurobi_optimal,0.0,1.0,3.375,54,21.0,336,6.0625,6.0625,6.0625,6.0625,6.0625,6.0625,True,True,21.0,True,True
2121942416145363022,9,16,4,"[4, 4, 4, 4]","[[3, 4, 7, 7], [2, 3, 4, 5], [1, 2, 2, 3], [2, 5, 6, 7]]",1.0,1,2,4,,CHP,"[[4], [4], [4], [4]]",4,6,96,0.9375,0.001548,20,0.004365518689155579,0.0021719932556152344,0.006592579327843666,OPTIMAL,6.0625,0.0,np_gurobi_optimal,0.0,1.0,3.375,54,40.3125,645,6.0625,,,6.0625,6.0625,,False,,,False,
2121942416145363022,9,16,4,"[4, 4, 4, 4]","[[3, 4, 7, 7], [2, 3, 4, 5], [1, 2, 2, 3], [2, 5, 6, 7]]",1.0,1,2,4,2,PP,"[[2, 2], [2, 2], [2, 2], [2, 2]]",8,24,96,0.75,0.001658,20,0.004671760834753513,0.037657976150512695,0.04240782210970688,OPTIMAL,6.0625,0.0,np_gurobi_optimal,0.0,441.0,1.75,28,21.5,344,6.0625,6.0625,6.0625,6.0625,6.0625,6.0625,True,True,21.5,True,True
2121942416145363022,9,16,4,"[4, 4, 4, 4]","[[3, 4, 7, 7], [2, 3, 4, 5], [1, 2, 2, 3], [2, 5, 6, 7]]",1.0,1,2,4,3,PP,"[[3, 1], [3, 1], [3, 1], [3, 1]]",8,24,96,0.75,0.0017325,20,0.005232479423284531,0.023736000061035156,0.02903974266509533,OPTIMAL,6.0625,0.0,np_gurobi_optimal,0.0,184.0,3.375,54,26.875,430,6.0625,6.0625,6.0625,6.0625,6.0625,6.0625,True,True,26.875,True,True
2121942416145363022,9,16,4,"[4, 4, 4, 4]","[[3, 4, 7, 7], [2, 3, 4, 5], [1, 2, 2, 3], [2, 5, 6, 7]]",1.0,1,2,4,4,PP,"[[4], [4], [4], [4]]",4,6,96,0.9375,0.0016025,20,0.004532811231911182,0.002341032028198242,0.006928321599283218,OPTIMAL,6.0625,0.0,np_gurobi_optimal,0.0,1.0,3.375,54,32.25,516,6.0625,6.0625,6.0625,6.0625,6.0625,6.0625,True,True,32.25,True,True
2121942416145363022,9,16,4,"[4, 4, 4, 4]","[[3, 4, 7, 7], [2, 3, 4, 5], [1, 2, 2, 3], [2, 5, 6, 7]]",1.0,1,2,4,5,PP,"[[4], [4], [4], [4]]",4,6,96,0.9375,0.001547,20,0.004514764063060284,0.002145051956176758,0.006721584199556828,OPTIMAL,6.0625,0.0,np_gurobi_optimal,0.0,1.0,3.375,54,32.25,516,6.0625,6.0625,6.0625,6.0625,6.0625,6.0625,True,True,32.25,True,True
10435780255686739837,10,16,4,"[4, 4, 4, 4]","[[3, 4, 4, 4], [1, 2, 2, 3], [3, 3, 4, 5], [2, 3, 7, 8]]",1.0,1,2,,1,NP,"[[1, 1, 1, 1], [1, 1, 1, 1], [1, 1, 1, 1], [1, 1, 1, 1]]",16,96,96,0.0,0.001692,20,0.008712819777429104,1.455183982849121,1.4639911332830473,OPTIMAL,6.375,0.0,np_gurobi_optimal,0.0,26348.0,0.0,0,0.0,0,6.375,,,6.375,,,False,,,False,
10435780255686739837,10,16,4,"[4, 4, 4, 4]","[[3, 4, 4, 4], [1, 2, 2, 3], [3, 3, 4, 5], [2, 3, 7, 8]]",1.0,1,2,2,,CHP,"[[4], [4], [4], [2, 2]]",5,9,96,0.90625,0.002744,20,0.006466935388743877,0.008102178573608398,0.014662141304058076,OPTIMAL,6.375,0.0,np_gurobi_optimal,0.0,1.0,0.0,0,12.1875,195,6.375,,,6.375,6.375,,False,,,False,
10435780255686739837,10,16,4,"[4, 4, 4, 4]","[[3, 4, 4, 4], [1, 2, 2, 3], [3, 3, 4, 5], [2, 3, 7, 8]]",1.0,1,2,2,2,PP,"[[2, 2], [2, 2], [2, 2], [2, 2]]",8,24,96,0.75,0.002248,20,0.006196705624461174,0.04430818557739258,0.05061713026056099,OPTIMAL,6.375,0.0,np_gurobi_optimal,0.0,452.0,0.0,0,6.5,104,6.375,6.375,6.375,6.375,6.375,6.375,True,True,6.5,True,True
10435780255686739837,10,16,4,"[4, 4, 4, 4]","[[3, 4, 4, 4], [1, 2, 2, 3], [3, 3, 4, 5], [2, 3, 7, 8]]",1.0,1,2,2,3,PP,"[[3, 1], [3, 1], [3, 1], [2, 2]]",8,24,96,0.75,0.0028945,20,0.0075513338670134544,0.03593897819519043,0.043602213212949756,OPTIMAL,6.375,0.0,np_gurobi_optimal,0.0,268.0,0.0,0,8.125,130,6.375,6.375,6.375,6.375,6.375,6.375,True,True,8.125,True,True
10435780255686739837,10,16,4,"[4, 4, 4, 4]","[[3, 4, 4, 4], [1, 2, 2, 3], [3, 3, 4, 5], [2, 3, 7, 8]]",1.0,1,2,2,4,PP,"[[4], [4], [4], [2, 2]]",5,9,96,0.90625,0.002268,20,0.006517712026834488,0.008309125900268555,0.014920326179318905,OPTIMAL,6.375,0.0,np_gurobi_optimal,0.0,1.0,0.0,0,9.75,156,6.375,6.375,6.375,6.375,6.375,6.375,True,True,9.75,True,True
10435780255686739837,10,16,4,"[4, 4, 4, 4]","[[3, 4, 4, 4], [1, 2, 2, 3], [3, 3, 4, 5], [2, 3, 7, 8]]",1.0,1,2,2,5,PP,"[[4], [4], [4], [2, 2]]",5,9,96,0.90625,0.0022185,20,0.005530058406293392,0.0074160099029541016,0.013026744216900825,OPTIMAL,6.375,0.0,np_gurobi_optimal,0.0,1.0,0.0,0,9.75,156,6.375,6.375,6.375,6.375,6.375,6.375,True,True,9.75,True,True
10435780255686739837,10,16,4,"[4, 4, 4, 4]","[[3, 4, 4, 4], [1, 2, 2, 3], [3, 3, 4, 5], [2, 3, 7, 8]]",1.0,1,2,3,,CHP,"[[4], [4], [4], [2, 2]]",5,9,96,0.90625,0.0027095,20,0.006636681035161018,0.007712125778198242,0.014442625738188743,OPTIMAL,6.375,0.0,np_gurobi_optimal,0.0,1.0,0.0,0,26.25,420,6.375,,,6.375,6.375,,False,,,False,
10435780255686739837,10,16,4,"[4, 4, 4, 4]","[[3, 4, 4, 4], [1, 2, 2, 3], [3, 3, 4, 5], [2, 3, 7, 8]]",1.0,1,2,3,2,PP,"[[2, 2], [2, 2], [2, 2], [2, 2]]",8,24,96,0.75,0.002889,20,0.007237548939883709,0.0464019775390625,0.053750687316180705,OPTIMAL,6.375,0.0,np_gurobi_optimal,0.0,452.0,0.0,0,14.0,224,6.375,6.375,6.375,6.375,6.375,6.375,True,True,14.0,True,True
10435780255686739837,10,16,4,"[4, 4, 4, 4]","[[3, 4, 4, 4], [1, 2, 2, 3], [3, 3, 4, 5], [2, 3, 7, 8]]",1.0,1,2,3,3,PP,"[[3, 1], [3, 1], [3, 1], [2, 2]]",8,24,96,0.75,0.0028995,20,0.0071558961644768715,0.03310894966125488,0.040357563006150246,OPTIMAL,6.375,0.0,np_gurobi_optimal,0.0,268.0,0.0,0,17.5,280,6.375,6.375,6.375,6.375,6.375,6.375,True,True,17.5,True,True
10435780255686739837,10,16,4,"[4, 4, 4, 4]","[[3, 4, 4, 4], [1, 2, 2, 3], [3, 3, 4, 5], [2, 3, 7, 8]]",1.0,1,2,3,4,PP,"[[4], [4], [4], [2, 2]]",5,9,96,0.90625,0.002874,20,0.005866718478500843,0.007135868072509766,0.013083345195280552,OPTIMAL,6.375,0.0,np_gurobi_optimal,0.0,1.0,0.0,0,21.0,336,6.375,6.375,6.375,6.375,6.375,6.375,True,True,21.0,True,True
10435780255686739837,10,16,4,"[4, 4, 4, 4]","[[3, 4, 4, 4], [1, 2, 2, 3], [3, 3, 4, 5], [2, 3, 7, 8]]",1.0,1,2,3,5,PP,"[[4], [4], [4], [2, 2]]",5,9,96,0.90625,0.002053,20,0.006276707164943218,0.00752711296081543,0.013890385061469555,OPTIMAL,6.375,0.0,np_gurobi_optimal,0.0,1.0,0.0,0,21.0,336,6.375,6.375,6.375,6.375,6.375,6.375,True,True,21.0,True,True
10435780255686739837,10,16,4,"[4, 4, 4, 4]","[[3, 4, 4, 4], [1, 2, 2, 3], [3, 3, 4, 5], [2, 3, 7, 8]]",1.0,1,2,4,,CHP,"[[4], [4], [4], [4]]",4,6,96,0.9375,0.002083,20,0.0051690032705664635,0.003657102584838867,0.008907683756406784,OPTIMAL,6.375,0.0,np_gurobi_optimal,0.0,1.0,2.5,40,40.3125,645,6.375,,,6.375,6.375,,False,,,False,
10435780255686739837,10,16,4,"[4, 4, 4, 4]","[[3, 4, 4, 4], [1, 2, 2, 3], [3, 3, 4, 5], [2, 3, 7, 8]]",1.0,1,2,4,2,PP,"[[2, 2], [2, 2], [2, 2], [2, 2]]",8,24,96,0.75,0.0022235,20,0.006441636011004448,0.047692060470581055,0.05424210565625286,OPTIMAL,6.375,0.0,np_gurobi_optimal,0.0,452.0,0.0,0,21.5,344,6.375,6.375,6.375,6.375,6.375,6.375,True,True,21.5,True,True
10435780255686739837,10,16,4,"[4, 4, 4, 4]","[[3, 4, 4, 4], [1, 2, 2, 3], [3, 3, 4, 5], [2, 3, 7, 8]]",1.0,1,2,4,3,PP,"[[3, 1], [3, 1], [3, 1], [3, 1]]",8,24,96,0.75,0.002123,20,0.0059783561155200005,0.023314952850341797,0.029384163724158287,OPTIMAL,6.375,0.0,np_gurobi_optimal,0.0,166.0,2.5,40,26.875,430,6.375,6.375,6.375,6.375,6.375,6.375,True,True,26.875,True,True
10435780255686739837,10,16,4,"[4, 4, 4, 4]","[[3, 4, 4, 4], [1, 2, 2, 3], [3, 3, 4, 5], [2, 3, 7, 8]]",1.0,1,2,4,4,PP,"[[4], [4], [4], [4]]",4,6,96,0.9375,0.0021885,20,0.006014411337673664,0.0037109851837158203,0.009831375334394932,OPTIMAL,6.375,0.0,np_gurobi_optimal,0.0,1.0,2.5,40,32.25,516,6.375,6.375,6.375,6.375,6.375,6.375,True,True,32.25,True,True
10435780255686739837,10,16,4,"[4, 4, 4, 4]","[[3, 4, 4, 4], [1, 2, 2, 3], [3, 3, 4, 5], [2, 3, 7, 8]]",1.0,1,2,4,5,PP,"[[4], [4], [4], [4]]",4,6,96,0.9375,0.0022485,20,0.005640686489641666,0.004289150238037109,0.010019439559887409,OPTIMAL,6.375,0.0,np_gurobi_optimal,0.0,1.0,2.5,40,32.25,516,6.375,6.375,6.375,6.375,6.375,6.375,True,True,32.25,True,True
107122461389812928,11,16,4,"[4, 4, 4, 4]","[[0, 0, 1, 3], [1, 4, 6, 7], [2, 3, 3, 5], [1, 1, 1, 2]]",1.0,1,2,,1,NP,"[[1, 1, 1, 1], [1, 1, 1, 1], [1, 1, 1, 1], [1, 1, 1, 1]]",16,96,96,0.0,0.0022335,20,0.00990546215325594,1.4729130268096924,1.4829218147344552,OPTIMAL,6.5,0.0,np_gurobi_optimal,0.0,25080.0,0.0,0,0.0,0,6.5,,,6.5,,,False,,,False,
107122461389812928,11,16,4,"[4, 4, 4, 4]","[[0, 0, 1, 3], [1, 4, 6, 7], [2, 3, 3, 5], [1, 1, 1, 2]]",1.0,1,2,2,,CHP,"[[4], [1, 3], [4], [4]]",5,9,96,0.90625,0.002779,20,0.0068321870639920235,0.0070171356201171875,0.013957330890492439,OPTIMAL,6.5,0.0,np_gurobi_optimal,0.0,1.0,2.125,34,12.1875,195,6.5,,,6.5,6.5,,False,,,False,
107122461389812928,11,16,4,"[4, 4, 4, 4]","[[0, 0, 1, 3], [1, 4, 6, 7], [2, 3, 3, 5], [1, 1, 1, 2]]",1.0,1,2,2,2,PP,"[[2, 2], [1, 2, 1], [2, 2], [2, 2]]",9,30,96,0.6875,0.002764,20,0.007350550033152103,0.0623011589050293,0.06975025480836773,OPTIMAL,6.5,0.0,np_gurobi_optimal,0.0,845.0,2.125,34,6.5,104,6.5,6.5,6.5,6.5,6.5,6.5,True,True,6.5,True,True
107122461389812928,11,16,4,"[4, 4, 4, 4]","[[0, 0, 1, 3], [1, 4, 6, 7], [2, 3, 3, 5], [1, 1, 1, 2]]",1.0,1,2,2,3,PP,"[[3, 1], [1, 3], [3, 1], [3, 1]]",8,24,96,0.75,0.0023435,20,0.00621645525097847,0.0259549617767334,0.032272007608753206,OPTIMAL,6.5,0.0,np_gurobi_optimal,0.0,200.0,0.75,12,8.125,130,6.5,6.5,6.5,6.5,6.5,6.5,True,True,8.125,True,True
107122461389812928,11,16,4,"[4, 4, 4, 4]","[[0, 0, 1, 3], [1, 4, 6, 7], [2, 3, 3, 5], [1, 1, 1, 2]]",1.0,1,2,2,4,PP,"[[4], [1, 3], [4], [4]]",5,9,96,0.90625,0.0029795,20,0.007002273574471474,0.007536172866821289,0.014654064750079632,OPTIMAL,6.5,0.0,np_gurobi_optimal,0.0,1.0,2.125,34,9.75,156,6.5,6.5,6.5,6.5,6.5,6.5,True,True,9.75,True,True
107122461389812928,11,16,4,"[4, 4, 4, 4]","[[0, 0, 1, 3], [1, 4, 6, 7], [2, 3, 3, 5], [1, 1, 1, 2]]",1.0,1,2,2,5,PP,"[[4], [1, 3], [4], [4]]",5,9,96,0.90625,0.0028745,20,0.006886458024382591,0.007205009460449219,0.014199822648310184,OPTIMAL,6.5,0.0,np_gurobi_optimal,0.0,1.0,2.125,34,9.75,156,6.5,6.5,6.5,6.5,6.5,6.5,True,True,9.75,True,True
107122461389812928,11,16,4,"[4, 4, 4, 4]","[[0, 0, 1, 3], [1, 4, 6, 7], [2, 3, 3, 5], [1, 1, 1, 2]]",1.0,1,2,3,,CHP,"[[4], [4], [4], [4]]",4,6,96,0.9375,0.0029145,20,0.006771925836801529,0.003535032272338867,0.010421411525966644,OPTIMAL,6.5,0.0,np_gurobi_optimal,0.0,1.0,3.875,62,26.25,420,6.5,,,6.5,6.5,,False,,,False,
107122461389812928,11,16,4,"[4, 4, 4, 4]","[[0, 0, 1, 3], [1, 4, 6, 7], [2, 3, 3, 5], [1, 1, 1, 2]]",1.0,1,2,3,2,PP,"[[2, 2], [2, 2], [2, 2], [2, 2]]",8,24,96,0.75,0.002374,20,0.00611462164670229,0.03342485427856445,0.03963523643379116,OPTIMAL,6.5,0.0,np_gurobi_optimal,0.0,440.0,3.125,50,14.0,224,6.5,6.5,6.5,6.5,6.5,6.5,True,True,14.0,True,True
107122461389812928,11,16,4,"[4, 4, 4, 4]","[[0, 0, 1, 3], [1, 4, 6, 7], [2, 3, 3, 5], [1, 1, 1, 2]]",1.0,1,2,3,3,PP,"[[3, 1], [3, 1], [3, 1], [3, 1]]",8,24,96,0.75,0.002949,20,0.0074839722365140915,0.03638005256652832,0.04398108130752945,OPTIMAL,6.5,0.0,np_gurobi_optimal,0.0,225.0,2.5,40,17.5,280,6.5,6.5,6.5,6.5,6.5,6.5,True,True,17.5,True,True
107122461389812928,11,16,4,"[4, 4, 4, 4]","[[0, 0, 1, 3], [1, 4, 6, 7], [2, 3, 3, 5], [1, 1, 1, 2]]",1.0,1,2,3,4,PP,"[[4], [4], [4], [4]]",4,6,96,0.9375,0.0022685,20,0.006141924299299717,0.003554821014404297,0.009796382657557487,OPTIMAL,6.5,0.0,np_gurobi_optimal,0.0,1.0,3.875,62,21.0,336,6.5,6.5,6.5,6.5,6.5,6.5,True,True,21.0,True,True
107122461389812928,11,16,4,"[4, 4, 4, 4]","[[0, 0, 1, 3], [1, 4, 6, 7], [2, 3, 3, 5], [1, 1, 1, 2]]",1.0,1,2,3,5,PP,"[[4], [4], [4], [4]]",4,6,96,0.9375,0.002764,20,0.0063616251572966576,0.003287076950073242,0.009740251882375718,OPTIMAL,6.5,0.0,np_gurobi_optimal,0.0,1.0,3.875,62,21.0,336,6.5,6.5,6.5,6.5,6.5,6.5,True,True,21.0,True,True
107122461389812928,11,16,4,"[4, 4, 4, 4]","[[0, 0, 1, 3], [1, 4, 6, 7], [2, 3, 3, 5], [1, 1, 1, 2]]",1.0,1,2,4,,CHP,"[[4], [4], [4], [4]]",4,6,96,0.9375,0.002659,20,0.006305030547082424,0.0034918785095214844,0.009897665194710732,OPTIMAL,6.5,0.0,np_gurobi_optimal,0.0,1.0,3.875,62,40.3125,645,6.5,,,6.5,6.5,,False,,,False,
107122461389812928,11,16,4,"[4, 4, 4, 4]","[[0, 0, 1, 3], [1, 4, 6, 7], [2, 3, 3, 5], [1, 1, 1, 2]]",1.0,1,2,4,2,PP,"[[2, 2], [2, 2], [2, 2], [2, 2]]",8,24,96,0.75,0.002914,20,0.0073207952082157135,0.03453993797302246,0.041972840096498966,OPTIMAL,6.5,0.0,np_gurobi_optimal,0.0,440.0,3.125,50,21.5,344,6.5,6.5,6.5,6.5,6.5,6.5,True,True,21.5,True,True
107122461389812928,11,16,4,"[4, 4, 4, 4]","[[0, 0, 1, 3], [1, 4, 6, 7], [2, 3, 3, 5], [1, 1, 1, 2]]",1.0,1,2,4,3,PP,"[[3, 1], [3, 1], [3, 1], [3, 1]]",8,24,96,0.75,0.002884,20,0.0072821760550141335,0.035672903060913086,0.04306903637146616,OPTIMAL,6.5,0.0,np_gurobi_optimal,0.0,225.0,2.5,40,26.875,430,6.5,6.5,6.5,6.5,6.5,6.5,True,True,26.875,True,True
107122461389812928,11,16,4,"[4, 4, 4, 4]","[[0, 0, 1, 3], [1, 4, 6, 7], [2, 3, 3, 5], [1, 1, 1, 2]]",1.0,1,2,4,4,PP,"[[4], [4], [4], [4]]",4,6,96,0.9375,0.0029045,20,0.006706537678837776,0.003777027130126953,0.010589746463231563,OPTIMAL,6.5,0.0,np_gurobi_optimal,0.0,1.0,3.875,62,32.25,516,6.5,6.5,6.5,6.5,6.5,6.5,True,True,32.25,True,True
107122461389812928,11,16,4,"[4, 4, 4, 4]","[[0, 0, 1, 3], [1, 4, 6, 7], [2, 3, 3, 5], [1, 1, 1, 2]]",1.0,1,2,4,5,PP,"[[4], [4], [4], [4]]",4,6,96,0.9375,0.002915,20,0.006612323224544525,0.0034570693969726562,0.010160667782106399,OPTIMAL,6.5,0.0,np_gurobi_optimal,0.0,1.0,3.875,62,32.25,516,6.5,6.5,6.5,6.5,6.5,6.5,True,True,32.25,True,True
9978419525768827135,12,16,4,"[4, 4, 4, 4]","[[7, 7, 8, 8], [0, 1, 1, 2], [2, 2, 5, 5], [2, 3, 3, 4]]",1.0,1,2,,1,NP,"[[1, 1, 1, 1], [1, 1, 1, 1], [1, 1, 1, 1], [1, 1, 1, 1]]",16,96,96,0.0,0.0016825,20,0.009369581937789917,0.563183069229126,0.572673003720696,OPTIMAL,5.25,0.0,np_gurobi_optimal,0.0,16007.0,0.0,0,0.0,0,5.25,,,5.25,,,False,,,False,
9978419525768827135,12,16,4,"[4, 4, 4, 4]","[[7, 7, 8, 8], [0, 1, 1, 2], [2, 2, 5, 5], [2, 3, 3, 4]]",1.0,1,2,2,,CHP,"[[4], [4], [2, 2], [4]]",5,9,96,0.90625,0.002934,20,0.0070257484912872314,0.0053369998931884766,0.012475495560571193,OPTIMAL,5.25,0.0,np_gurobi_optimal,0.0,1.0,0.0,0,12.1875,195,5.25,,,5.25,5.25,,False,,,False,
9978419525768827135,12,16,4,"[4, 4, 4, 4]","[[7, 7, 8, 8], [0, 1, 1, 2], [2, 2, 5, 5], [2, 3, 3, 4]]",1.0,1,2,2,2,PP,"[[2, 2], [2, 2], [2, 2], [2, 2]]",8,24,96,0.75,0.0030445,20,0.007307254709303379,0.03781485557556152,0.0452393665974803,OPTIMAL,5.25,0.0,np_gurobi_optimal,0.0,162.0,0.0,0,6.5,104,5.25,5.25,5.25,5.25,5.25,5.25,True,True,6.5,True,True
9978419525768827135,12,16,4,"[4, 4, 4, 4]","[[7, 7, 8, 8], [0, 1, 1, 2], [2, 2, 5, 5], [2, 3, 3, 4]]",1.0,1,2,2,3,PP,"[[3, 1], [3, 1], [2, 2], [3, 1]]",8,24,96,0.75,0.0030445,20,0.007540668360888958,0.026839017868041992,0.03449371644014788,OPTIMAL,5.25,0.0,np_gurobi_optimal,0.0,150.0,0.0,0,8.125,130,5.25,5.25,5.25,5.25,5.25,5.25,True,True,8.125,True,True
9978419525768827135,12,16,4,"[4, 4, 4, 4]","[[7, 7, 8, 8], [0, 1, 1, 2], [2, 2, 5, 5], [2, 3, 3, 4]]",1.0,1,2,2,4,PP,"[[4], [4], [2, 2], [4]]",5,9,96,0.90625,0.002273,20,0.005671010352671146,0.0043048858642578125,0.010059193349597931,OPTIMAL,5.25,0.0,np_gurobi_optimal,0.0,1.0,0.0,0,9.75,156,5.25,5.25,5.25,5.25,5.25,5.25,True,True,9.75,True,True
9978419525768827135,12,16,4,"[4, 4, 4, 4]","[[7, 7, 8, 8], [0, 1, 1, 2], [2, 2, 5, 5], [2, 3, 3, 4]]",1.0,1,2,2,5,PP,"[[4], [4], [2, 2], [4]]",5,9,96,0.90625,0.0021485,20,0.005421784706413746,0.004667043685913086,0.010180242298458576,OPTIMAL,5.25,0.0,np_gurobi_optimal,0.0,1.0,0.0,0,9.75,156,5.25,5.25,5.25,5.25,5.25,5.25,True,True,9.75,True,True
9978419525768827135,12,16,4,"[4, 4, 4, 4]","[[7, 7, 8, 8], [0, 1, 1, 2], [2, 2, 5, 5], [2, 3, 3, 4]]",1.0,1,2,3,,CHP,"[[4], [4], [4], [4]]",4,6,96,0.9375,0.002454,20,0.0063342442736029625,0.0027680397033691406,0.009197511675242425,OPTIMAL,5.25,0.0,np_gurobi_optimal,0.0,1.0,1.625,26,26.25,420,5.25,,,5.25,5.25,,False,,,False,
9978419525768827135,12,16,4,"[4, 4, 4, 4]","[[7, 7, 8, 8], [0, 1, 1, 2], [2, 2, 5, 5], [2, 3, 3, 4]]",1.0,1,2,3,2,PP,"[[2, 2], [2, 2], [2, 2], [2, 2]]",8,24,96,0.75,0.002985,20,0.00778666976839304,0.038886070251464844,0.04679779346971273,OPTIMAL,5.25,0.0,np_gurobi_optimal,0.0,162.0,0.0,0,14.0,224,5.25,5.25,5.25,5.25,5.25,5.25,True,True,14.0,True,True
9978419525768827135,12,16,4,"[4, 4, 4, 4]","[[7, 7, 8, 8], [0, 1, 1, 2], [2, 2, 5, 5], [2, 3, 3, 4]]",1.0,1,2,3,3,PP,"[[3, 1], [3, 1], [3, 1], [3, 1]]",8,24,96,0.75,0.0027695,20,0.007115945219993591,0.02255082130432129,0.02976785854248476,OPTIMAL,5.25,0.0,np_gurobi_optimal,0.0,116.0,1.625,26,17.5,280,5.25,5.25,5.25,5.25,5.25,5.25,True,True,17.5,True,True
9978419525768827135,12,16,4,"[4, 4, 4, 4]","[[7, 7, 8, 8], [0, 1, 1, 2], [2, 2, 5, 5], [2, 3, 3, 4]]",1.0,1,2,3,4,PP,"[[4], [4], [4], [4]]",4,6,96,0.9375,0.0022185,20,0.005522106774151325,0.002374887466430664,0.007980336524766445,OPTIMAL,5.25,0.0,np_gurobi_optimal,0.0,1.0,1.625,26,21.0,336,5.25,5.25,5.25,5.25,5.25,5.25,True,True,21.0,True,True
9978419525768827135,12,16,4,"[4, 4, 4, 4]","[[7, 7, 8, 8], [0, 1, 1, 2], [2, 2, 5, 5], [2, 3, 3, 4]]",1.0,1,2,3,5,PP,"[[4], [4], [4], [4]]",4,6,96,0.9375,0.0028595,20,0.006914940662682056,0.0028870105743408203,0.00990622710878563,OPTIMAL,5.25,0.0,np_gurobi_optimal,0.0,1.0,1.625,26,21.0,336,5.25,5.25,5.25,5.25,5.25,5.25,True,True,21.0,True,True
9978419525768827135,12,16,4,"[4, 4, 4, 4]","[[7, 7, 8, 8], [0, 1, 1, 2], [2, 2, 5, 5], [2, 3, 3, 4]]",1.0,1,2,4,,CHP,"[[4], [4], [4], [4]]",4,6,96,0.9375,0.0029095,20,0.006902933120727539,0.0032727718353271484,0.01028038379907322,OPTIMAL,5.25,0.0,np_gurobi_optimal,0.0,1.0,1.625,26,40.3125,645,5.25,,,5.25,5.25,,False,,,False,
9978419525768827135,12,16,4,"[4, 4, 4, 4]","[[7, 7, 8, 8], [0, 1, 1, 2], [2, 2, 5, 5], [2, 3, 3, 4]]",1.0,1,2,4,2,PP,"[[2, 2], [2, 2], [2, 2], [2, 2]]",8,24,96,0.75,0.0028345,20,0.00728775467723608,0.03714489936828613,0.04453791726492357,OPTIMAL,5.25,0.0,np_gurobi_optimal,0.0,162.0,0.0,0,21.5,344,5.25,5.25,5.25,5.25,5.25,5.25,True,True,21.5,True,True
9978419525768827135,12,16,4,"[4, 4, 4, 4]","[[7, 7, 8, 8], [0, 1, 1, 2], [2, 2, 5, 5], [2, 3, 3, 4]]",1.0,1,2,4,3,PP,"[[3, 1], [3, 1], [3, 1], [3, 1]]",8,24,96,0.75,0.0027995,20,0.007322567515075207,0.021799087524414062,0.02922903461403799,OPTIMAL,5.25,0.0,np_gurobi_optimal,0.0,116.0,1.625,26,26.875,430,5.25,5.25,5.25,5.25,5.25,5.25,True,True,26.875,True,True
9978419525768827135,12,16,4,"[4, 4, 4, 4]","[[7, 7, 8, 8], [0, 1, 1, 2], [2, 2, 5, 5], [2, 3, 3, 4]]",1.0,1,2,4,4,PP,"[[4], [4], [4], [4]]",4,6,96,0.9375,0.0022385,20,0.005586112849414349,0.002413034439086914,0.008075912083567142,OPTIMAL,5.25,0.0,np_gurobi_optimal,0.0,1.0,1.625,26,32.25,516,5.25,5.25,5.25,5.25,5.25,5.25,True,True,32.25,True,True
9978419525768827135,12,16,4,"[4, 4, 4, 4]","[[7, 7, 8, 8], [0, 1, 1, 2], [2, 2, 5, 5], [2, 3, 3, 4]]",1.0,1,2,4,5,PP,"[[4], [4], [4], [4]]",4,6,96,0.9375,0.0029045,20,0.0065073855221271515,0.002580881118774414,0.009184792342714786,OPTIMAL,5.25,0.0,np_gurobi_optimal,0.0,1.0,1.625,26,32.25,516,5.25,5.25,5.25,5.25,5.25,5.25,True,True,32.25,True,True
10764163623635306175,13,16,4,"[4, 4, 4, 4]","[[2, 2, 3, 4], [3, 4, 4, 5], [0, 0, 1, 1], [1, 6, 6, 7]]",1.0,1,2,,1,NP,"[[1, 1, 1, 1], [1, 1, 1, 1], [1, 1, 1, 1], [1, 1, 1, 1]]",16,96,96,0.0,0.0022035,20,0.010164894163608551,0.7217748165130615,0.73206195513728,OPTIMAL,5.9375,0.0,np_gurobi_optimal,0.0,21755.0,0.0,0,0.0,0,5.9375,,,5.9375,,,False,,,False,
10764163623635306175,13,16,4,"[4, 4, 4, 4]","[[2, 2, 3, 4], [3, 4, 4, 5], [0, 0, 1, 1], [1, 6, 6, 7]]",1.0,1,2,2,,CHP,"[[4], [4], [4], [1, 3]]",5,9,96,0.90625,0.002664,20,0.007024207152426243,0.006477832794189453,0.013612805351819038,OPTIMAL,5.9375,0.0,np_gurobi_optimal,0.0,1.0,0.0,0,12.1875,195,5.9375,,,5.9375,5.9375,,False,,,False,
10764163623635306175,13,16,4,"[4, 4, 4, 4]","[[2, 2, 3, 4], [3, 4, 4, 5], [0, 0, 1, 1], [1, 6, 6, 7]]",1.0,1,2,2,2,PP,"[[2, 2], [2, 2], [2, 2], [1, 2, 1]]",9,30,96,0.6875,0.0028545,20,0.0075697703287005424,0.045625925064086914,0.05330712161589098,OPTIMAL,5.9375,0.0,np_gurobi_optimal,0.0,422.0,0.0,0,6.5,104,5.9375,5.9375,5.9375,5.9375,5.9375,5.9375,True,True,6.5,True,True
10764163623635306175,13,16,4,"[4, 4, 4, 4]","[[2, 2, 3, 4], [3, 4, 4, 5], [0, 0, 1, 1], [1, 6, 6, 7]]",1.0,1,2,2,3,PP,"[[3, 1], [3, 1], [3, 1], [1, 3]]",8,24,96,0.75,0.002324,20,0.006343066692352295,0.027359962463378906,0.03379862511157894,OPTIMAL,5.9375,0.0,np_gurobi_optimal,0.0,162.0,0.0,0,8.125,130,5.9375,5.9375,5.9375,5.9375,5.9375,5.9375,True,True,8.125,True,True
10764163623635306175,13,16,4,"[4, 4, 4, 4]","[[2, 2, 3, 4], [3, 4, 4, 5], [0, 0, 1, 1], [1, 6, 6, 7]]",1.0,1,2,2,4,PP,"[[4], [4], [4], [1, 3]]",5,9,96,0.90625,0.002945,20,0.006780026480555534,0.0045778751373291016,0.01144658044881344,OPTIMAL,5.9375,0.0,np_gurobi_optimal,0.0,1.0,0.0,0,9.75,156,5.9375,5.9375,5.9375,5.9375,5.9375,5.9375,True,True,9.75,True,True
10764163623635306175,13,16,4,"[4, 4, 4, 4]","[[2, 2, 3, 4], [3, 4, 4, 5], [0, 0, 1, 1], [1, 6, 6, 7]]",1.0,1,2,2,5,PP,"[[4], [4], [4], [1, 3]]",5,9,96,0.90625,0.002839,20,0.006191657856106758,0.004288911819458008,0.010565302663518428,OPTIMAL,5.9375,0.0,np_gurobi_optimal,0.0,1.0,0.0,0,9.75,156,5.9375,5.9375,5.9375,5.9375,5.9375,5.9375,True,True,9.75,True,True
10764163623635306175,13,16,4,"[4, 4, 4, 4]","[[2, 2, 3, 4], [3, 4, 4, 5], [0, 0, 1, 1], [1, 6, 6, 7]]",1.0,1,2,3,,CHP,"[[4], [4], [4], [1, 3]]",5,9,96,0.90625,0.0025135,20,0.006706345826387405,0.0048220157623291016,0.011634103814209462,OPTIMAL,5.9375,0.0,np_gurobi_optimal,0.0,1.0,0.0,0,26.25,420,5.9375,,,5.9375,5.9375,,False,,,False,
10764163623635306175,13,16,4,"[4, 4, 4, 4]","[[2, 2, 3, 4], [3, 4, 4, 5], [0, 0, 1, 1], [1, 6, 6, 7]]",1.0,1,2,3,2,PP,"[[2, 2], [2, 2], [2, 2], [1, 2, 1]]",9,30,96,0.6875,0.0027895,20,0.007704074494540691,0.04668307304382324,0.054502222875895026,OPTIMAL,5.9375,0.0,np_gurobi_optimal,0.0,422.0,0.0,0,14.0,224,5.9375,5.9375,5.9375,5.9375,5.9375,5.9375,True,True,14.0,True,True
10764163623635306175,13,16,4,"[4, 4, 4, 4]","[[2, 2, 3, 4], [3, 4, 4, 5], [0, 0, 1, 1], [1, 6, 6, 7]]",1.0,1,2,3,3,PP,"[[3, 1], [3, 1], [3, 1], [1, 3]]",8,24,96,0.75,0.0022435,20,0.005902109667658806,0.024856090545654297,0.03084366856122589,OPTIMAL,5.9375,0.0,np_gurobi_optimal,0.0,162.0,0.0,0,17.5,280,5.9375,5.9375,5.9375,5.9375,5.9375,5.9375,True,True,17.5,True,True
10764163623635306175,13,16,4,"[4, 4, 4, 4]","[[2, 2, 3, 4], [3, 4, 4, 5], [0, 0, 1, 1], [1, 6, 6, 7]]",1.0,1,2,3,4,PP,"[[4], [4], [4], [1, 3]]",5,9,96,0.90625,0.002955,20,0.007025938481092453,0.00510406494140625,0.01224181326766491,OPTIMAL,5.9375,0.0,np_gurobi_optimal,0.0,1.0,0.0,0,21.0,336,5.9375,5.9375,5.9375,5.9375,5.9375,5.9375,True,True,21.0,True,True
10764163623635306175,13,16,4,"[4, 4, 4, 4]","[[2, 2, 3, 4], [3, 4, 4, 5], [0, 0, 1, 1], [1, 6, 6, 7]]",1.0,1,2,3,5,PP,"[[4], [4], [4], [1, 3]]",5,9,96,0.90625,0.002955,20,0.006990986876189709,0.00486302375793457,0.011960037897424699,OPTIMAL,5.9375,0.0,np_gurobi_optimal,0.0,1.0,0.0,0,21.0,336,5.9375,5.9375,5.9375,5.9375,5.9375,5.9375,True,True,21.0,True,True
10764163623635306175,13,16,4,"[4, 4, 4, 4]","[[2, 2, 3, 4], [3, 4, 4, 5], [0, 0, 1, 1], [1, 6, 6, 7]]",1.0,1,2,4,,CHP,"[[4], [4], [4], [1, 3]]",5,9,96,0.90625,0.002509,20,0.00655993539839983,0.004588127136230469,0.011250520142015457,OPTIMAL,5.9375,0.0,np_gurobi_optimal,0.0,1.0,0.0,0,40.3125,645,5.9375,,,5.9375,5.9375,,False,,,False,
10764163623635306175,13,16,4,"[4, 4, 4, 4]","[[2, 2, 3, 4], [3, 4, 4, 5], [0, 0, 1, 1], [1, 6, 6, 7]]",1.0,1,2,4,2,PP,"[[2, 2], [2, 2], [2, 2], [1, 2, 1]]",9,30,96,0.6875,0.0028195,20,0.0069944411516189575,0.04659700393676758,0.05369690564933491,OPTIMAL,5.9375,0.0,np_gurobi_optimal,0.0,422.0,0.0,0,21.5,344,5.9375,5.9375,5.9375,5.9375,5.9375,5.9375,True,True,21.5,True,True
10764163623635306175,13,16,4,"[4, 4, 4, 4]","[[2, 2, 3, 4], [3, 4, 4, 5], [0, 0, 1, 1], [1, 6, 6, 7]]",1.0,1,2,4,3,PP,"[[3, 1], [3, 1], [3, 1], [1, 3]]",8,24,96,0.75,0.002895,20,0.00742790661752224,0.023339033126831055,0.03086236723007679,OPTIMAL,5.9375,0.0,np_gurobi_optimal,0.0,162.0,0.0,0,26.875,430,5.9375,5.9375,5.9375,5.9375,5.9375,5.9375,True,True,26.875,True,True
10764163623635306175,13,16,4,"[4, 4, 4, 4]","[[2, 2, 3, 4], [3, 4, 4, 5], [0, 0, 1, 1], [1, 6, 6, 7]]",1.0,1,2,4,4,PP,"[[4], [4], [4], [1, 3]]",5,9,96,0.90625,0.002759,20,0.006688740104436874,0.004948139190673828,0.011742623945411682,OPTIMAL,5.9375,0.0,np_gurobi_optimal,0.0,1.0,0.0,0,32.25,516,5.9375,5.9375,5.9375,5.9375,5.9375,5.9375,True,True,32.25,True,True
10764163623635306175,13,16,4,"[4, 4, 4, 4]","[[2, 2, 3, 4], [3, 4, 4, 5], [0, 0, 1, 1], [1, 6, 6, 7]]",1.0,1,2,4,5,PP,"[[4], [4], [4], [1, 3]]",5,9,96,0.90625,0.0028345,20,0.006875482387840748,0.004926919937133789,0.011918875874206543,OPTIMAL,5.9375,0.0,np_gurobi_optimal,0.0,1.0,0.0,0,32.25,516,5.9375,5.9375,5.9375,5.9375,5.9375,5.9375,True,True,32.25,True,True
9008023028563292343,14,16,4,"[4, 4, 4, 4]","[[1, 2, 2, 6], [1, 1, 1, 1], [1, 1, 2, 2], [2, 4, 4, 4]]",1.0,1,2,,1,NP,"[[1, 1, 1, 1], [1, 1, 1, 1], [1, 1, 1, 1], [1, 1, 1, 1]]",16,96,96,0.0,0.0021835,20,0.010383385233581066,3.297650098800659,3.3081472483605823,OPTIMAL,7.8125,0.0,np_gurobi_optimal,0.0,64585.0,0.0,0,0.0,0,7.8125,,,7.8125,,,False,,,False,
9008023028563292343,14,16,4,"[4, 4, 4, 4]","[[1, 2, 2, 6], [1, 1, 1, 1], [1, 1, 2, 2], [2, 4, 4, 4]]",1.0,1,2,2,,CHP,"[[3, 1], [4], [4], [4]]",5,9,96,0.90625,0.003921,20,0.004995210096240044,0.004971981048583984,0.010038708468612195,OPTIMAL,7.8125,0.0,np_gurobi_optimal,0.0,1.0,0.8125,13,12.1875,195,7.8125,,,7.8125,7.8125,,False,,,False,
9008023028563292343,14,16,4,"[4, 4, 4, 4]","[[1, 2, 2, 6], [1, 1, 1, 1], [1, 1, 2, 2], [2, 4, 4, 4]]",1.0,1,2,2,2,PP,"[[2, 1, 1], [2, 2], [2, 2], [2, 2]]",9,30,96,0.6875,0.00295,20,0.007204239256680012,0.0756828784942627,0.08298168940318823,OPTIMAL,7.8125,0.0,np_gurobi_optimal,0.0,1109.0,0.8125,13,6.5,104,7.8125,7.8125,7.8125,7.8125,7.8125,7.8125,True,True,6.5,True,True
9008023028563292343,14,16,4,"[4, 4, 4, 4]","[[1, 2, 2, 6], [1, 1, 1, 1], [1, 1, 2, 2], [2, 4, 4, 4]]",1.0,1,2,2,3,PP,"[[3, 1], [3, 1], [3, 1], [3, 1]]",8,24,96,0.75,0.0041365,20,0.005039647221565247,0.03266596794128418,0.03777726882421875,OPTIMAL,7.8125,0.0,np_gurobi_optimal,0.0,371.0,0.8125,13,8.125,130,7.8125,7.8125,7.8125,7.8125,7.8125,7.8125,True,True,8.125,True,True
9008023028563292343,14,16,4,"[4, 4, 4, 4]","[[1, 2, 2, 6], [1, 1, 1, 1], [1, 1, 2, 2], [2, 4, 4, 4]]",1.0,1,2,2,4,PP,"[[3, 1], [4], [4], [4]]",5,9,96,0.90625,0.0023585,20,0.006297809071838856,0.005548000335693359,0.011938759517010213,OPTIMAL,7.8125,0.0,np_gurobi_optimal,0.0,1.0,0.8125,13,9.75,156,7.8125,7.8125,7.8125,7.8125,7.8125,7.8125,True,True,9.75,True,True
9008023028563292343,14,16,4,"[4, 4, 4, 4]","[[1, 2, 2, 6], [1, 1, 1, 1], [1, 1, 2, 2], [2, 4, 4, 4]]",1.0,1,2,2,5,PP,"[[3, 1], [4], [4], [4]]",5,9,96,0.90625,0.002288,20,0.005992427468299866,0.0060138702392578125,0.012107574121368408,OPTIMAL,7.8125,0.0,np_gurobi_optimal,0.0,1.0,0.8125,13,9.75,156,7.8125,7.8125,7.8125,7.8125,7.8125,7.8125,True,True,9.75,True,True
9008023028563292343,14,16,4,"[4, 4, 4, 4]","[[1, 2, 2, 6], [1, 1, 1, 1], [1, 1, 2, 2], [2, 4, 4, 4]]",1.0,1,2,3,,CHP,"[[3, 1], [4], [4], [4]]",5,9,96,0.90625,0.002714,20,0.005856111645698547,0.005038022994995117,0.010977973356200694,OPTIMAL,7.8125,0.0,np_gurobi_optimal,0.0,1.0,0.8125,13,26.25,420,7.8125,,,7.8125,7.8125,,False,,,False,
9008023028563292343,14,16,4,"[4, 4, 4, 4]","[[1, 2, 2, 6], [1, 1, 1, 1], [1, 1, 2, 2], [2, 4, 4, 4]]",1.0,1,2,3,2,PP,"[[2, 1, 1], [2, 2], [2, 2], [2, 2]]",9,30,96,0.6875,0.002925,20,0.006293322890996933,0.07278895378112793,0.07917201583724022,OPTIMAL,7.8125,0.0,np_gurobi_optimal,0.0,1109.0,0.8125,13,14.0,224,7.8125,7.8125,7.8125,7.8125,7.8125,7.8125,True,True,14.0,True,True
9008023028563292343,14,16,4,"[4, 4, 4, 4]","[[1, 2, 2, 6], [1, 1, 1, 1], [1, 1, 2, 2], [2, 4, 4, 4]]",1.0,1,2,3,3,PP,"[[3, 1], [3, 1], [3, 1], [3, 1]]",8,24,96,0.75,0.0021885,20,0.006349517032504082,0.03818106651306152,0.044629240300489426,OPTIMAL,7.8125,0.0,np_gurobi_optimal,0.0,371.0,0.8125,13,17.5,280,7.8125,7.8125,7.8125,7.8125,7.8125,7.8125,True,True,17.5,True,True
9008023028563292343,14,16,4,"[4, 4, 4, 4]","[[1, 2, 2, 6], [1, 1, 1, 1], [1, 1, 2, 2], [2, 4, 4, 4]]",1.0,1,2,3,4,PP,"[[3, 1], [4], [4], [4]]",5,9,96,0.90625,0.002789,20,0.006999129429459572,0.006051063537597656,0.013151242086614608,OPTIMAL,7.8125,0.0,np_gurobi_optimal,0.0,1.0,0.8125,13,21.0,336,7.8125,7.8125,7.8125,7.8125,7.8125,7.8125,True,True,21.0,True,True
9008023028563292343,14,16,4,"[4, 4, 4, 4]","[[1, 2, 2, 6], [1, 1, 1, 1], [1, 1, 2, 2], [2, 4, 4, 4]]",1.0,1,2,3,5,PP,"[[3, 1], [4], [4], [4]]",5,9,96,0.90625,0.002944,20,0.006838877685368061,0.005960941314697266,0.012907889760965347,OPTIMAL,7.8125,0.0,np_gurobi_optimal,0.0,1.0,0.8125,13,21.0,336,7.8125,7.8125,7.8125,7.8125,7.8125,7.8125,True,True,21.0,True,True
9008023028563292343,14,16,4,"[4, 4, 4, 4]","[[1, 2, 2, 6], [1, 1, 1, 1], [1, 1, 2, 2], [2, 4, 4, 4]]",1.0,1,2,4,,CHP,"[[4], [4], [4], [4]]",4,6,96,0.9375,0.0025235,20,0.006468316540122032,0.00339508056640625,0.0099559171008811,OPTIMAL,7.8125,0.0,np_gurobi_optimal,0.0,1.0,3.125,50,40.3125,645,7.8125,,,7.8125,7.8125,,False,,,False,
9008023028563292343,14,16,4,"[4, 4, 4, 4]","[[1, 2, 2, 6], [1, 1, 1, 1], [1, 1, 2, 2], [2, 4, 4, 4]]",1.0,1,2,4,2,PP,"[[2, 2], [2, 2], [2, 2], [2, 2]]",8,24,96,0.75,0.0022035,20,0.005978195928037167,0.06088995933532715,0.0669524464664135,OPTIMAL,7.8125,0.0,np_gurobi_optimal,0.0,760.0,3.125,50,21.5,344,7.8125,7.8125,7.8125,7.8125,7.8125,7.8125,True,True,21.5,True,True
9008023028563292343,14,16,4,"[4, 4, 4, 4]","[[1, 2, 2, 6], [1, 1, 1, 1], [1, 1, 2, 2], [2, 4, 4, 4]]",1.0,1,2,4,3,PP,"[[3, 1], [3, 1], [3, 1], [3, 1]]",8,24,96,0.75,0.0022935,20,0.00616487767547369,0.03388404846191406,0.040130486364358425,OPTIMAL,7.8125,0.0,np_gurobi_optimal,0.0,371.0,0.8125,13,26.875,430,7.8125,7.8125,7.8125,7.8125,7.8125,7.8125,True,True,26.875,True,True
9008023028563292343,14,16,4,"[4, 4, 4, 4]","[[1, 2, 2, 6], [1, 1, 1, 1], [1, 1, 2, 2], [2, 4, 4, 4]]",1.0,1,2,4,4,PP,"[[4], [4], [4], [4]]",4,6,96,0.9375,0.002199,20,0.005327071063220501,0.0029048919677734375,0.008304506687699794,OPTIMAL,7.8125,0.0,np_gurobi_optimal,0.0,1.0,3.125,50,32.25,516,7.8125,7.8125,7.8125,7.8125,7.8125,7.8125,True,True,32.25,True,True
9008023028563292343,14,16,4,"[4, 4, 4, 4]","[[1, 2, 2, 6], [1, 1, 1, 1], [1, 1, 2, 2], [2, 4, 4, 4]]",1.0,1,2,4,5,PP,"[[4], [4], [4], [4]]",4,6,96,0.9375,0.0020285,20,0.004955110140144825,0.002608060836791992,0.007628736165622234,OPTIMAL,7.8125,0.0,np_gurobi_optimal,0.0,1.0,3.125,50,32.25,516,7.8125,7.8125,7.8125,7.8125,7.8125,7.8125,True,True,32.25,True,True
5137484084404644910,15,16,4,"[4, 4, 4, 4]","[[1, 3, 3, 4], [0, 1, 3, 4], [1, 2, 2, 3], [3, 3, 4, 4]]",1.0,1,2,,1,NP,"[[1, 1, 1, 1], [1, 1, 1, 1], [1, 1, 1, 1], [1, 1, 1, 1]]",16,96,96,0.0,0.001237,20,0.006443660706281662,4.438441038131714,4.444967448915016,OPTIMAL,6.9375,0.0,np_gurobi_optimal,0.0,85181.0,0.0,0,0.0,0,6.9375,,,6.9375,,,False,,,False,
5137484084404644910,15,16,4,"[4, 4, 4, 4]","[[1, 3, 3, 4], [0, 1, 3, 4], [1, 2, 2, 3], [3, 3, 4, 4]]",1.0,1,2,2,,CHP,"[[4], [4], [4], [4]]",4,6,96,0.9375,0.002754,20,0.00656994991004467,0.0049591064453125,0.011613903646341801,OPTIMAL,7.3125,0.375,np_gurobi_optimal,0.0,1.0,1.5625,25,12.1875,195,6.9375,,,6.9375,7.3125,,False,,,False,
5137484084404644910,15,16,4,"[4, 4, 4, 4]","[[1, 3, 3, 4], [0, 1, 3, 4], [1, 2, 2, 3], [3, 3, 4, 4]]",1.0,1,2,2,2,PP,"[[2, 2], [2, 2], [2, 2], [2, 2]]",8,24,96,0.75,0.0023135,20,0.005854098126292229,0.04375481605529785,0.049711115753007885,OPTIMAL,6.9375,0.0,np_gurobi_optimal,0.0,554.0,0.8125,13,6.5,104,6.9375,7.3125,6.9375,6.9375,7.3125,6.9375,True,True,6.5,True,True
5137484084404644910,15,16,4,"[4, 4, 4, 4]","[[1, 3, 3, 4], [0, 1, 3, 4], [1, 2, 2, 3], [3, 3, 4, 4]]",1.0,1,2,2,3,PP,"[[3, 1], [3, 1], [3, 1], [3, 1]]",8,24,96,0.75,0.002884,20,0.00745135173201561,0.03445792198181152,0.04201568353122139,OPTIMAL,7.3125,0.375,np_gurobi_optimal,0.0,302.0,1.5625,25,8.125,130,6.9375,7.3125,7.3125,6.9375,7.3125,7.3125,True,True,7.75,True,True
5137484084404644910,15,16,4,"[4, 4, 4, 4]","[[1, 3, 3, 4], [0, 1, 3, 4], [1, 2, 2, 3], [3, 3, 4, 4]]",1.0,1,2,2,4,PP,"[[4], [4], [4], [4]]",4,6,96,0.9375,0.0029795,20,0.00666622631251812,0.004648923873901367,0.011414228206281185,OPTIMAL,7.3125,0.375,np_gurobi_optimal,0.0,1.0,1.5625,25,9.75,156,6.9375,7.3125,7.3125,6.9375,7.3125,7.3125,True,True,9.375,True,True
5137484084404644910,15,16,4,"[4, 4, 4, 4]","[[1, 3, 3, 4], [0, 1, 3, 4], [1, 2, 2, 3], [3, 3, 4, 4]]",1.0,1,2,2,5,PP,"[[4], [4], [4], [4]]",4,6,96,0.9375,0.0029645,20,0.006310047581791878,0.0034461021423339844,0.009835035640408515,OPTIMAL,7.3125,0.375,np_gurobi_optimal,0.0,1.0,1.5625,25,9.75,156,6.9375,7.3125,7.3125,6.9375,7.3125,7.3125,True,True,9.375,True,True
5137484084404644910,15,16,4,"[4, 4, 4, 4]","[[1, 3, 3, 4], [0, 1, 3, 4], [1, 2, 2, 3], [3, 3, 4, 4]]",1.0,1,2,3,,CHP,"[[4], [4], [4], [4]]",4,6,96,0.9375,0.002689,20,0.0062772175297141075,0.003721952438354492,0.01008809291921997,OPTIMAL,7.3125,0.375,np_gurobi_optimal,0.0,1.0,1.5625,25,26.25,420,6.9375,,,6.9375,7.3125,,False,,,False,
5137484084404644910,15,16,4,"[4, 4, 4, 4]","[[1, 3, 3, 4], [0, 1, 3, 4], [1, 2, 2, 3], [3, 3, 4, 4]]",1.0,1,2,3,2,PP,"[[2, 2], [2, 2], [2, 2], [2, 2]]",8,24,96,0.75,0.0029345,20,0.007037365809082985,0.040400028228759766,0.04754099519493294,OPTIMAL,6.9375,0.0,np_gurobi_optimal,0.0,554.0,0.8125,13,14.0,224,6.9375,7.3125,6.9375,6.9375,7.3125,6.9375,True,True,14.0,True,True
5137484084404644910,15,16,4,"[4, 4, 4, 4]","[[1, 3, 3, 4], [0, 1, 3, 4], [1, 2, 2, 3], [3, 3, 4, 4]]",1.0,1,2,3,3,PP,"[[3, 1], [3, 1], [3, 1], [3, 1]]",8,24,96,0.75,0.002769,20,0.006581838242709637,0.03613090515136719,0.04280759691364193,OPTIMAL,7.3125,0.375,np_gurobi_optimal,0.0,302.0,1.5625,25,17.5,280,6.9375,7.3125,7.3125,6.9375,7.3125,7.3125,True,True,17.125,True,True
5137484084404644910,15,16,4,"[4, 4, 4, 4]","[[1, 3, 3, 4], [0, 1, 3, 4], [1, 2, 2, 3], [3, 3, 4, 4]]",1.0,1,2,3,4,PP,"[[4], [4], [4], [4]]",4,6,96,0.9375,0.00297,20,0.0066295200958848,0.003983974456787109,0.010722252552599907,OPTIMAL,7.3125,0.375,np_gurobi_optimal,0.0,1.0,1.5625,25,21.0,336,6.9375,7.3125,7.3125,6.9375,7.3125,7.3125,True,True,20.625,True,True
5137484084404644910,15,16,4,"[4, 4, 4, 4]","[[1, 3, 3, 4], [0, 1, 3, 4], [1, 2, 2, 3], [3, 3, 4, 4]]",1.0,1,2,3,5,PP,"[[4], [4], [4], [4]]",4,6,96,0.9375,0.002273,20,0.005866717547178268,0.0037801265716552734,0.009736015102980614,OPTIMAL,7.3125,0.375,np_gurobi_optimal,0.0,1.0,1.5625,25,21.0,336,6.9375,7.3125,7.3125,6.9375,7.3125,7.3125,True,True,20.625,True,True
5137484084404644910,15,16,4,"[4, 4, 4, 4]","[[1, 3, 3, 4], [0, 1, 3, 4], [1, 2, 2, 3], [3, 3, 4, 4]]",1.0,1,2,4,,CHP,"[[4], [4], [4], [4]]",4,6,96,0.9375,0.002694,20,0.00639893114566803,0.003776073455810547,0.010267337467962741,OPTIMAL,7.3125,0.375,np_gurobi_optimal,0.0,1.0,1.5625,25,40.3125,645,6.9375,,,6.9375,7.3125,,False,,,False,
5137484084404644910,15,16,4,"[4, 4, 4, 4]","[[1, 3, 3, 4], [0, 1, 3, 4], [1, 2, 2, 3], [3, 3, 4, 4]]",1.0,1,2,4,2,PP,"[[2, 2], [2, 2], [2, 2], [2, 2]]",8,24,96,0.75,0.002614,20,0.006035672500729561,0.042524099349975586,0.04864756926999235,OPTIMAL,6.9375,0.0,np_gurobi_optimal,0.0,554.0,0.8125,13,21.5,344,6.9375,7.3125,6.9375,6.9375,7.3125,6.9375,True,True,21.5,True,True
5137484084404644910,15,16,4,"[4, 4, 4, 4]","[[1, 3, 3, 4], [0, 1, 3, 4], [1, 2, 2, 3], [3, 3, 4, 4]]",1.0,1,2,4,3,PP,"[[3, 1], [3, 1], [3, 1], [3, 1]]",8,24,96,0.75,0.002314,20,0.006145508959889412,0.03610515594482422,0.042339745572377685,OPTIMAL,7.3125,0.375,np_gurobi_optimal,0.0,302.0,1.5625,25,26.875,430,6.9375,7.3125,7.3125,6.9375,7.3125,7.3125,True,True,26.5,True,True
5137484084404644910,15,16,4,"[4, 4, 4, 4]","[[1, 3, 3, 4], [0, 1, 3, 4], [1, 2, 2, 3], [3, 3, 4, 4]]",1.0,1,2,4,4,PP,"[[4], [4], [4], [4]]",4,6,96,0.9375,0.0028995,20,0.005673635751008987,0.0037899017333984375,0.00953819166349125,OPTIMAL,7.3125,0.375,np_gurobi_optimal,0.0,1.0,1.5625,25,32.25,516,6.9375,7.3125,7.3125,6.9375,7.3125,7.3125,True,True,31.875,True,True
5137484084404644910,15,16,4,"[4, 4, 4, 4]","[[1, 3, 3, 4], [0, 1, 3, 4], [1, 2, 2, 3], [3, 3, 4, 4]]",1.0,1,2,4,5,PP,"[[4], [4], [4], [4]]",4,6,96,0.9375,0.00298,20,0.006395736709237099,0.003979921340942383,0.010468578665177822,OPTIMAL,7.3125,0.375,np_gurobi_optimal,0.0,1.0,1.5625,25,32.25,516,6.9375,7.3125,7.3125,6.9375,7.3125,7.3125,True,True,31.875,True,True
14446807830833551600,16,16,4,"[4, 4, 4, 4]","[[1, 2, 3, 4], [1, 1, 1, 3], [3, 3, 4, 5], [3, 3, 3, 4]]",1.0,1,2,,1,NP,"[[1, 1, 1, 1], [1, 1, 1, 1], [1, 1, 1, 1], [1, 1, 1, 1]]",16,96,96,0.0,0.002203,20,0.009663404896855354,1.2951180934906006,1.3048760513339548,OPTIMAL,7.25,0.0,np_gurobi_optimal,0.0,14245.0,0.0,0,0.0,0,7.25,,,7.25,,,False,,,False,
14446807830833551600,16,16,4,"[4, 4, 4, 4]","[[1, 2, 3, 4], [1, 1, 1, 3], [3, 3, 4, 5], [3, 3, 3, 4]]",1.0,1,2,2,,CHP,"[[4], [4], [4], [4]]",4,6,96,0.9375,0.001918,20,0.0057170819491147995,0.0027980804443359375,0.008602949266152859,OPTIMAL,7.25,0.0,np_gurobi_optimal,0.0,1.0,0.6875,11,12.1875,195,7.25,,,7.25,7.25,,False,,,False,
14446807830833551600,16,16,4,"[4, 4, 4, 4]","[[1, 2, 3, 4], [1, 1, 1, 3], [3, 3, 4, 5], [3, 3, 3, 4]]",1.0,1,2,2,2,PP,"[[2, 2], [2, 2], [2, 2], [2, 2]]",8,24,96,0.75,0.002243,20,0.006151396781206131,0.042449951171875,0.04868716784092712,OPTIMAL,7.25,0.0,np_gurobi_optimal,0.0,524.0,0.6875,11,6.5,104,7.25,7.25,7.25,7.25,7.25,7.25,True,True,6.5,True,True
14446807830833551600,16,16,4,"[4, 4, 4, 4]","[[1, 2, 3, 4], [1, 1, 1, 3], [3, 3, 4, 5], [3, 3, 3, 4]]",1.0,1,2,2,3,PP,"[[3, 1], [3, 1], [3, 1], [3, 1]]",8,24,96,0.75,0.002769,20,0.0071700569242239,0.028725147247314453,0.035991084008580684,OPTIMAL,7.25,0.0,np_gurobi_optimal,0.0,329.0,0.0,0,8.125,130,7.25,7.25,7.25,7.25,7.25,7.25,True,True,8.125,True,True
14446807830833551600,16,16,4,"[4, 4, 4, 4]","[[1, 2, 3, 4], [1, 1, 1, 3], [3, 3, 4, 5], [3, 3, 3, 4]]",1.0,1,2,2,4,PP,"[[4], [4], [4], [4]]",4,6,96,0.9375,0.003911,20,0.004542555660009384,0.0019378662109375,0.00654196311186409,OPTIMAL,7.25,0.0,np_gurobi_optimal,0.0,1.0,0.6875,11,9.75,156,7.25,7.25,7.25,7.25,7.25,7.25,True,True,9.75,True,True
14446807830833551600,16,16,4,"[4, 4, 4, 4]","[[1, 2, 3, 4], [1, 1, 1, 3], [3, 3, 4, 5], [3, 3, 3, 4]]",1.0,1,2,2,5,PP,"[[4], [4], [4], [4]]",4,6,96,0.9375,0.003766,20,0.0046701086685061455,0.0016820430755615234,0.00641128114583826,OPTIMAL,7.25,0.0,np_gurobi_optimal,0.0,1.0,0.6875,11,9.75,156,7.25,7.25,7.25,7.25,7.25,7.25,True,True,9.75,True,True
14446807830833551600,16,16,4,"[4, 4, 4, 4]","[[1, 2, 3, 4], [1, 1, 1, 3], [3, 3, 4, 5], [3, 3, 3, 4]]",1.0,1,2,3,,CHP,"[[4], [4], [4], [4]]",4,6,96,0.9375,0.0015025,20,0.004210012964904308,0.001544952392578125,0.005808889211239815,OPTIMAL,7.25,0.0,np_gurobi_optimal,0.0,1.0,0.6875,11,26.25,420,7.25,,,7.25,7.25,,False,,,False,
14446807830833551600,16,16,4,"[4, 4, 4, 4]","[[1, 2, 3, 4], [1, 1, 1, 3], [3, 3, 4, 5], [3, 3, 3, 4]]",1.0,1,2,3,2,PP,"[[2, 2], [2, 2], [2, 2], [2, 2]]",8,24,96,0.75,0.0016025,20,0.004355192184448242,0.03678607940673828,0.04120275533876658,OPTIMAL,7.25,0.0,np_gurobi_optimal,0.0,524.0,0.6875,11,14.0,224,7.25,7.25,7.25,7.25,7.25,7.25,True,True,14.0,True,True
14446807830833551600,16,16,4,"[4, 4, 4, 4]","[[1, 2, 3, 4], [1, 1, 1, 3], [3, 3, 4, 5], [3, 3, 3, 4]]",1.0,1,2,3,3,PP,"[[3, 1], [3, 1], [3, 1], [3, 1]]",8,24,96,0.75,0.001652,20,0.0046983519569039345,0.025988101959228516,0.03074607143317652,OPTIMAL,7.25,0.0,np_gurobi_optimal,0.0,329.0,0.0,0,17.5,280,7.25,7.25,7.25,7.25,7.25,7.25,True,True,17.5,True,True
14446807830833551600,16,16,4,"[4, 4, 4, 4]","[[1, 2, 3, 4], [1, 1, 1, 3], [3, 3, 4, 5], [3, 3, 3, 4]]",1.0,1,2,3,4,PP,"[[4], [4], [4], [4]]",4,6,96,0.9375,0.0041265,20,0.004309053532779217,0.0024712085723876953,0.006840700093318462,OPTIMAL,7.25,0.0,np_gurobi_optimal,0.0,1.0,0.6875,11,21.0,336,7.25,7.25,7.25,7.25,7.25,7.25,True,True,21.0,True,True
14446807830833551600,16,16,4,"[4, 4, 4, 4]","[[1, 2, 3, 4], [1, 1, 1, 3], [3, 3, 4, 5], [3, 3, 3, 4]]",1.0,1,2,3,5,PP,"[[4], [4], [4], [4]]",4,6,96,0.9375,0.0022335,20,0.00550537183880806,0.002562999725341797,0.008147854546423913,OPTIMAL,7.25,0.0,np_gurobi_optimal,0.0,1.0,0.6875,11,21.0,336,7.25,7.25,7.25,7.25,7.25,7.25,True,True,21.0,True,True
14446807830833551600,16,16,4,"[4, 4, 4, 4]","[[1, 2, 3, 4], [1, 1, 1, 3], [3, 3, 4, 5], [3, 3, 3, 4]]",1.0,1,2,4,,CHP,"[[4], [4], [4], [4]]",4,6,96,0.9375,0.0015475,20,0.003754574805498123,0.001730203628540039,0.005535892784104347,OPTIMAL,7.25,0.0,np_gurobi_optimal,0.0,1.0,0.6875,11,40.3125,645,7.25,,,7.25,7.25,,False,,,False,
14446807830833551600,16,16,4,"[4, 4, 4, 4]","[[1, 2, 3, 4], [1, 1, 1, 3], [3, 3, 4, 5], [3, 3, 3, 4]]",1.0,1,2,4,2,PP,"[[2, 2], [2, 2], [2, 2], [2, 2]]",8,24,96,0.75,0.0015525,20,0.004232366569340229,0.036699771881103516,0.04099266881512642,OPTIMAL,7.25,0.0,np_gurobi_optimal,0.0,524.0,0.6875,11,21.5,344,7.25,7.25,7.25,7.25,7.25,7.25,True,True,21.5,True,True
14446807830833551600,16,16,4,"[4, 4, 4, 4]","[[1, 2, 3, 4], [1, 1, 1, 3], [3, 3, 4, 5], [3, 3, 3, 4]]",1.0,1,2,4,3,PP,"[[3, 1], [3, 1], [3, 1], [3, 1]]",8,24,96,0.75,0.0017175,20,0.004797481000423431,0.023456096649169922,0.02831406905463219,OPTIMAL,7.25,0.0,np_gurobi_optimal,0.0,329.0,0.0,0,26.875,430,7.25,7.25,7.25,7.25,7.25,7.25,True,True,26.875,True,True
14446807830833551600,16,16,4,"[4, 4, 4, 4]","[[1, 2, 3, 4], [1, 1, 1, 3], [3, 3, 4, 5], [3, 3, 3, 4]]",1.0,1,2,4,4,PP,"[[4], [4], [4], [4]]",4,6,96,0.9375,0.0016675,20,0.004853184334933758,0.001961946487426758,0.00687161131248951,OPTIMAL,7.25,0.0,np_gurobi_optimal,0.0,1.0,0.6875,11,32.25,516,7.25,7.25,7.25,7.25,7.25,7.25,True,True,32.25,True,True
14446807830833551600,16,16,4,"[4, 4, 4, 4]","[[1, 2, 3, 4], [1, 1, 1, 3], [3, 3, 4, 5], [3, 3, 3, 4]]",1.0,1,2,4,5,PP,"[[4], [4], [4], [4]]",4,6,96,0.9375,0.004006,20,0.00419255718588829,0.0018041133880615234,0.0060522979216156006,OPTIMAL,7.25,0.0,np_gurobi_optimal,0.0,1.0,0.6875,11,32.25,516,7.25,7.25,7.25,7.25,7.25,7.25,True,True,32.25,True,True
717026075319502437,17,16,4,"[4, 4, 4, 4]","[[1, 2, 2, 3], [2, 2, 3, 4], [2, 2, 5, 5], [3, 4, 4, 5]]",1.0,1,2,,1,NP,"[[1, 1, 1, 1], [1, 1, 1, 1], [1, 1, 1, 1], [1, 1, 1, 1]]",16,96,96,0.0,0.0029295,20,0.00573202408850193,1.5204498767852783,1.526250393620388,OPTIMAL,6.9375,0.0,np_gurobi_optimal,0.0,26473.0,0.0,0,0.0,0,6.9375,,,6.9375,,,False,,,False,
717026075319502437,17,16,4,"[4, 4, 4, 4]","[[1, 2, 2, 3], [2, 2, 3, 4], [2, 2, 5, 5], [3, 4, 4, 5]]",1.0,1,2,2,,CHP,"[[4], [4], [2, 2], [4]]",5,9,96,0.90625,0.002043,20,0.006174531765282154,0.005930185317993164,0.012176382964985848,OPTIMAL,6.9375,0.0,np_gurobi_optimal,0.0,1.0,0.0,0,12.1875,195,6.9375,,,6.9375,6.9375,,False,,,False,
717026075319502437,17,16,4,"[4, 4, 4, 4]","[[1, 2, 2, 3], [2, 2, 3, 4], [2, 2, 5, 5], [3, 4, 4, 5]]",1.0,1,2,2,2,PP,"[[2, 2], [2, 2], [2, 2], [2, 2]]",8,24,96,0.75,0.003956,20,0.004751460626721382,0.04417014122009277,0.048982974814861774,OPTIMAL,6.9375,0.0,np_gurobi_optimal,0.0,585.0,0.0,0,6.5,104,6.9375,6.9375,6.9375,6.9375,6.9375,6.9375,True,True,6.5,True,True
717026075319502437,17,16,4,"[4, 4, 4, 4]","[[1, 2, 2, 3], [2, 2, 3, 4], [2, 2, 5, 5], [3, 4, 4, 5]]",1.0,1,2,2,3,PP,"[[3, 1], [3, 1], [2, 2], [3, 1]]",8,24,96,0.75,0.001597,20,0.004791983403265476,0.024341106414794922,0.02919333965116453,OPTIMAL,6.9375,0.0,np_gurobi_optimal,0.0,185.0,0.0,0,8.125,130,6.9375,6.9375,6.9375,6.9375,6.9375,6.9375,True,True,8.125,True,True
717026075319502437,17,16,4,"[4, 4, 4, 4]","[[1, 2, 2, 3], [2, 2, 3, 4], [2, 2, 5, 5], [3, 4, 4, 5]]",1.0,1,2,2,4,PP,"[[4], [4], [2, 2], [4]]",5,9,96,0.90625,0.001643,20,0.0045855408534407616,0.00531005859375,0.009953344387763024,OPTIMAL,6.9375,0.0,np_gurobi_optimal,0.0,1.0,0.0,0,9.75,156,6.9375,6.9375,6.9375,6.9375,6.9375,6.9375,True,True,9.75,True,True
717026075319502437,17,16,4,"[4, 4, 4, 4]","[[1, 2, 2, 3], [2, 2, 3, 4], [2, 2, 5, 5], [3, 4, 4, 5]]",1.0,1,2,2,5,PP,"[[4], [4], [2, 2], [4]]",5,9,96,0.90625,0.001583,20,0.004406990483403206,0.004595041275024414,0.009055937391992092,OPTIMAL,6.9375,0.0,np_gurobi_optimal,0.0,1.0,0.0,0,9.75,156,6.9375,6.9375,6.9375,6.9375,6.9375,6.9375,True,True,9.75,True,True
717026075319502437,17,16,4,"[4, 4, 4, 4]","[[1, 2, 2, 3], [2, 2, 3, 4], [2, 2, 5, 5], [3, 4, 4, 5]]",1.0,1,2,3,,CHP,"[[4], [4], [4], [4]]",4,6,96,0.9375,0.001492,20,0.0042100632563233376,0.0030510425567626953,0.007318611278013706,OPTIMAL,6.9375,0.0,np_gurobi_optimal,0.0,1.0,1.625,26,26.25,420,6.9375,,,6.9375,6.9375,,False,,,False,
717026075319502437,17,16,4,"[4, 4, 4, 4]","[[1, 2, 2, 3], [2, 2, 3, 4], [2, 2, 5, 5], [3, 4, 4, 5]]",1.0,1,2,3,2,PP,"[[2, 2], [2, 2], [2, 2], [2, 2]]",8,24,96,0.75,0.0016175,20,0.004437786526978016,0.043313026428222656,0.04780927559118748,OPTIMAL,6.9375,0.0,np_gurobi_optimal,0.0,585.0,0.0,0,14.0,224,6.9375,6.9375,6.9375,6.9375,6.9375,6.9375,True,True,14.0,True,True
717026075319502437,17,16,4,"[4, 4, 4, 4]","[[1, 2, 2, 3], [2, 2, 3, 4], [2, 2, 5, 5], [3, 4, 4, 5]]",1.0,1,2,3,3,PP,"[[3, 1], [3, 1], [3, 1], [3, 1]]",8,24,96,0.75,0.0015725,20,0.004514483734965324,0.022825956344604492,0.027393673974106313,OPTIMAL,6.9375,0.0,np_gurobi_optimal,0.0,242.0,1.625,26,17.5,280,6.9375,6.9375,6.9375,6.9375,6.9375,6.9375,True,True,17.5,True,True
717026075319502437,17,16,4,"[4, 4, 4, 4]","[[1, 2, 2, 3], [2, 2, 3, 4], [2, 2, 5, 5], [3, 4, 4, 5]]",1.0,1,2,3,4,PP,"[[4], [4], [4], [4]]",4,6,96,0.9375,0.003891,20,0.003867184743285179,0.002229928970336914,0.006149619752017021,OPTIMAL,6.9375,0.0,np_gurobi_optimal,0.0,1.0,1.625,26,21.0,336,6.9375,6.9375,6.9375,6.9375,6.9375,6.9375,True,True,21.0,True,True
717026075319502437,17,16,4,"[4, 4, 4, 4]","[[1, 2, 2, 3], [2, 2, 3, 4], [2, 2, 5, 5], [3, 4, 4, 5]]",1.0,1,2,3,5,PP,"[[4], [4], [4], [4]]",4,6,96,0.9375,0.001553,20,0.0036808643490076065,0.002090930938720703,0.005821280666676044,OPTIMAL,6.9375,0.0,np_gurobi_optimal,0.0,1.0,1.625,26,21.0,336,6.9375,6.9375,6.9375,6.9375,6.9375,6.9375,True,True,21.0,True,True
717026075319502437,17,16,4,"[4, 4, 4, 4]","[[1, 2, 2, 3], [2, 2, 3, 4], [2, 2, 5, 5], [3, 4, 4, 5]]",1.0,1,2,4,,CHP,"[[4], [4], [4], [4]]",4,6,96,0.9375,0.003695,20,0.004084903746843338,0.0026009082794189453,0.006738284114785194,OPTIMAL,6.9375,0.0,np_gurobi_optimal,0.0,1.0,1.625,26,40.3125,645,6.9375,,,6.9375,6.9375,,False,,,False,
717026075319502437,17,16,4,"[4, 4, 4, 4]","[[1, 2, 2, 3], [2, 2, 3, 4], [2, 2, 5, 5], [3, 4, 4, 5]]",1.0,1,2,4,2,PP,"[[2, 2], [2, 2], [2, 2], [2, 2]]",8,24,96,0.75,0.0015575,20,0.00386603269726038,0.04549098014831543,0.04941224898480892,OPTIMAL,6.9375,0.0,np_gurobi_optimal,0.0,585.0,0.0,0,21.5,344,6.9375,6.9375,6.9375,6.9375,6.9375,6.9375,True,True,21.5,True,True
717026075319502437,17,16,4,"[4, 4, 4, 4]","[[1, 2, 2, 3], [2, 2, 3, 4], [2, 2, 5, 5], [3, 4, 4, 5]]",1.0,1,2,4,3,PP,"[[3, 1], [3, 1], [3, 1], [3, 1]]",8,24,96,0.75,0.0042565,20,0.00487834308296442,0.025403976440429688,0.030346577411586285,OPTIMAL,6.9375,0.0,np_gurobi_optimal,0.0,242.0,1.625,26,26.875,430,6.9375,6.9375,6.9375,6.9375,6.9375,6.9375,True,True,26.875,True,True
717026075319502437,17,16,4,"[4, 4, 4, 4]","[[1, 2, 2, 3], [2, 2, 3, 4], [2, 2, 5, 5], [3, 4, 4, 5]]",1.0,1,2,4,4,PP,"[[4], [4], [4], [4]]",4,6,96,0.9375,0.001697,20,0.004290273413062096,0.002580881118774414,0.00692750433448267,OPTIMAL,6.9375,0.0,np_gurobi_optimal,0.0,1.0,1.625,26,32.25,516,6.9375,6.9375,6.9375,6.9375,6.9375,6.9375,True,True,32.25,True,True
717026075319502437,17,16,4,"[4, 4, 4, 4]","[[1, 2, 2, 3], [2, 2, 3, 4], [2, 2, 5, 5], [3, 4, 4, 5]]",1.0,1,2,4,5,PP,"[[4], [4], [4], [4]]",4,6,96,0.9375,0.004076,20,0.004142330959439278,0.0024690628051757812,0.006668569121206761,OPTIMAL,6.9375,0.0,np_gurobi_optimal,0.0,1.0,1.625,26,32.25,516,6.9375,6.9375,6.9375,6.9375,6.9375,6.9375,True,True,32.25,True,True
4615030353342164225,18,16,4,"[4, 4, 4, 4]","[[0, 2, 4, 5], [2, 4, 4, 4], [2, 4, 4, 4], [2, 2, 3, 3]]",1.0,1,2,,1,NP,"[[1, 1, 1, 1], [1, 1, 1, 1], [1, 1, 1, 1], [1, 1, 1, 1]]",16,96,96,0.0,0.001157,20,0.005561346188187599,1.532020092010498,1.5376457658775993,OPTIMAL,6.6875,0.0,np_gurobi_optimal,0.0,22555.0,0.0,0,0.0,0,6.6875,,,6.6875,,,False,,,False,
4615030353342164225,18,16,4,"[4, 4, 4, 4]","[[0, 2, 4, 5], [2, 4, 4, 4], [2, 4, 4, 4], [2, 2, 3, 3]]",1.0,1,2,2,,CHP,"[[4], [4], [4], [4]]",4,6,96,0.9375,0.002118,20,0.005686825141310692,0.00484013557434082,0.010621848688631535,OPTIMAL,7.75,1.0625,np_gurobi_optimal,0.0,1.0,3.1875,51,12.1875,195,6.6875,,,6.6875,7.75,,False,,,False,
4615030353342164225,18,16,4,"[4, 4, 4, 4]","[[0, 2, 4, 5], [2, 4, 4, 4], [2, 4, 4, 4], [2, 2, 3, 3]]",1.0,1,2,2,2,PP,"[[2, 2], [2, 2], [2, 2], [2, 2]]",8,24,96,0.75,0.0028845,20,0.006217546761035919,0.04822397232055664,0.05450682454583359,OPTIMAL,7.375,0.6875,np_gurobi_optimal,0.0,674.0,2.4375,39,6.5,104,6.6875,7.75,7.375,6.6875,7.75,7.375,True,True,5.8125,True,True
4615030353342164225,18,16,4,"[4, 4, 4, 4]","[[0, 2, 4, 5], [2, 4, 4, 4], [2, 4, 4, 4], [2, 2, 3, 3]]",1.0,1,2,2,3,PP,"[[3, 1], [3, 1], [3, 1], [3, 1]]",8,24,96,0.75,0.0015925,20,0.00414629653096199,0.023628950119018555,0.02783191663572073,OPTIMAL,7.75,1.0625,np_gurobi_optimal,0.0,322.0,3.1875,51,8.125,130,6.6875,7.75,7.75,6.6875,7.75,7.75,True,True,7.0625,True,True
4615030353342164225,18,16,4,"[4, 4, 4, 4]","[[0, 2, 4, 5], [2, 4, 4, 4], [2, 4, 4, 4], [2, 2, 3, 3]]",1.0,1,2,2,4,PP,"[[4], [4], [4], [4]]",4,6,96,0.9375,0.0022735,20,0.005865495651960373,0.003535032272338867,0.009488220468197823,OPTIMAL,7.75,1.0625,np_gurobi_optimal,0.0,1.0,3.1875,51,9.75,156,6.6875,7.75,7.75,6.6875,7.75,7.75,True,True,8.6875,True,True
4615030353342164225,18,16,4,"[4, 4, 4, 4]","[[0, 2, 4, 5], [2, 4, 4, 4], [2, 4, 4, 4], [2, 2, 3, 3]]",1.0,1,2,2,5,PP,"[[4], [4], [4], [4]]",4,6,96,0.9375,0.002134,20,0.005416968837380409,0.0035390853881835938,0.009042668496307374,OPTIMAL,7.75,1.0625,np_gurobi_optimal,0.0,1.0,3.1875,51,9.75,156,6.6875,7.75,7.75,6.6875,7.75,7.75,True,True,8.6875,True,True
4615030353342164225,18,16,4,"[4, 4, 4, 4]","[[0, 2, 4, 5], [2, 4, 4, 4], [2, 4, 4, 4], [2, 2, 3, 3]]",1.0,1,2,3,,CHP,"[[4], [4], [4], [4]]",4,6,96,0.9375,0.002093,20,0.004651269875466824,0.002557992935180664,0.007275707406585693,OPTIMAL,7.75,1.0625,np_gurobi_optimal,0.0,1.0,3.1875,51,26.25,420,6.6875,,,6.6875,7.75,,False,,,False,
4615030353342164225,18,16,4,"[4, 4, 4, 4]","[[0, 2, 4, 5], [2, 4, 4, 4], [2, 4, 4, 4], [2, 2, 3, 3]]",1.0,1,2,3,2,PP,"[[2, 2], [2, 2], [2, 2], [2, 2]]",8,24,96,0.75,0.0040815,20,0.00472626369446516,0.05747199058532715,0.062262190950340274,OPTIMAL,7.375,0.6875,np_gurobi_optimal,0.0,674.0,2.4375,39,14.0,224,6.6875,7.75,7.375,6.6875,7.75,7.375,True,True,13.3125,True,True
4615030353342164225,18,16,4,"[4, 4, 4, 4]","[[0, 2, 4, 5], [2, 4, 4, 4], [2, 4, 4, 4], [2, 2, 3, 3]]",1.0,1,2,3,3,PP,"[[3, 1], [3, 1], [3, 1], [3, 1]]",8,24,96,0.75,0.002289,20,0.005526143126189709,0.02358698844909668,0.029179579387451648,OPTIMAL,7.75,1.0625,np_gurobi_optimal,0.0,322.0,3.1875,51,17.5,280,6.6875,7.75,7.75,6.6875,7.75,7.75,True,True,16.4375,True,True
4615030353342164225,18,16,4,"[4, 4, 4, 4]","[[0, 2, 4, 5], [2, 4, 4, 4], [2, 4, 4, 4], [2, 2, 3, 3]]",1.0,1,2,3,4,PP,"[[4], [4], [4], [4]]",4,6,96,0.9375,0.002524,20,0.00465910229831934,0.0022017955780029297,0.006915252771567345,OPTIMAL,7.75,1.0625,np_gurobi_optimal,0.0,1.0,3.1875,51,21.0,336,6.6875,7.75,7.75,6.6875,7.75,7.75,True,True,19.9375,True,True
4615030353342164225,18,16,4,"[4, 4, 4, 4]","[[0, 2, 4, 5], [2, 4, 4, 4], [2, 4, 4, 4], [2, 2, 3, 3]]",1.0,1,2,3,5,PP,"[[4], [4], [4], [4]]",4,6,96,0.9375,0.003971,20,0.003735085017979145,0.002373218536376953,0.006169300366922379,OPTIMAL,7.75,1.0625,np_gurobi_optimal,0.0,1.0,3.1875,51,21.0,336,6.6875,7.75,7.75,6.6875,7.75,7.75,True,True,19.9375,True,True
4615030353342164225,18,16,4,"[4, 4, 4, 4]","[[0, 2, 4, 5], [2, 4, 4, 4], [2, 4, 4, 4], [2, 2, 3, 3]]",1.0,1,2,4,,CHP,"[[4], [4], [4], [4]]",4,6,96,0.9375,0.002704,20,0.005139998160302639,0.0027658939361572266,0.007977418040756225,OPTIMAL,7.75,1.0625,np_gurobi_optimal,0.0,1.0,3.1875,51,40.3125,645,6.6875,,,6.6875,7.75,,False,,,False,
4615030353342164225,18,16,4,"[4, 4, 4, 4]","[[0, 2, 4, 5], [2, 4, 4, 4], [2, 4, 4, 4], [2, 2, 3, 3]]",1.0,1,2,4,2,PP,"[[2, 2], [2, 2], [2, 2], [2, 2]]",8,24,96,0.75,0.0022985,20,0.00593272689729929,0.0563809871673584,0.06240670010036087,OPTIMAL,7.375,0.6875,np_gurobi_optimal,0.0,674.0,2.4375,39,21.5,344,6.6875,7.75,7.375,6.6875,7.75,7.375,True,True,20.8125,True,True
4615030353342164225,18,16,4,"[4, 4, 4, 4]","[[0, 2, 4, 5], [2, 4, 4, 4], [2, 4, 4, 4], [2, 2, 3, 3]]",1.0,1,2,4,3,PP,"[[3, 1], [3, 1], [3, 1], [3, 1]]",8,24,96,0.75,0.004111,20,0.004790781065821648,0.02225017547607422,0.027104231671093465,OPTIMAL,7.75,1.0625,np_gurobi_optimal,0.0,322.0,3.1875,51,26.875,430,6.6875,7.75,7.75,6.6875,7.75,7.75,True,True,25.8125,True,True
4615030353342164225,18,16,4,"[4, 4, 4, 4]","[[0, 2, 4, 5], [2, 4, 4, 4], [2, 4, 4, 4], [2, 2, 3, 3]]",1.0,1,2,4,4,PP,"[[4], [4], [4], [4]]",4,6,96,0.9375,0.001647,20,0.003916678950190544,0.00267791748046875,0.006654942829892158,OPTIMAL,7.75,1.0625,np_gurobi_optimal,0.0,1.0,3.1875,51,32.25,516,6.6875,7.75,7.75,6.6875,7.75,7.75,True,True,31.1875,True,True
4615030353342164225,18,16,4,"[4, 4, 4, 4]","[[0, 2, 4, 5], [2, 4, 4, 4], [2, 4, 4, 4], [2, 2, 3, 3]]",1.0,1,2,4,5,PP,"[[4], [4], [4], [4]]",4,6,96,0.9375,0.0016175,20,0.0038404036313295364,0.002395153045654297,0.006292034664564133,OPTIMAL,7.75,1.0625,np_gurobi_optimal,0.0,1.0,3.1875,51,32.25,516,6.6875,7.75,7.75,6.6875,7.75,7.75,True,True,31.1875,True,True
1876473088082424527,19,16,4,"[4, 4, 4, 4]","[[1, 2, 2, 3], [3, 3, 4, 4], [2, 4, 5, 8], [3, 3, 3, 3]]",1.0,1,2,,1,NP,"[[1, 1, 1, 1], [1, 1, 1, 1], [1, 1, 1, 1], [1, 1, 1, 1]]",16,96,96,0.0,0.003035,20,0.005955971777439117,1.2235760688781738,1.229595425358448,OPTIMAL,6.6875,0.0,np_gurobi_optimal,0.0,14855.0,0.0,0,0.0,0,6.6875,,,6.6875,,,False,,,False,
1876473088082424527,19,16,4,"[4, 4, 4, 4]","[[1, 2, 2, 3], [3, 3, 4, 4], [2, 4, 5, 8], [3, 3, 3, 3]]",1.0,1,2,2,,CHP,"[[4], [4], [3, 1], [4]]",5,9,96,0.90625,0.0037355,20,0.004792363382875919,0.004500865936279297,0.009358274715564727,OPTIMAL,6.6875,0.0,np_gurobi_optimal,0.0,1.0,0.8125,13,12.1875,195,6.6875,,,6.6875,6.6875,,False,,,False,
1876473088082424527,19,16,4,"[4, 4, 4, 4]","[[1, 2, 2, 3], [3, 3, 4, 4], [2, 4, 5, 8], [3, 3, 3, 3]]",1.0,1,2,2,2,PP,"[[2, 2], [2, 2], [2, 1, 1], [2, 2]]",9,30,96,0.6875,0.0017125,20,0.004817492328584194,0.05806612968444824,0.06294738294824362,OPTIMAL,6.6875,0.0,np_gurobi_optimal,0.0,534.0,0.8125,13,6.5,104,6.6875,6.6875,6.6875,6.6875,6.6875,6.6875,True,True,6.5,True,True
1876473088082424527,19,16,4,"[4, 4, 4, 4]","[[1, 2, 2, 3], [3, 3, 4, 4], [2, 4, 5, 8], [3, 3, 3, 3]]",1.0,1,2,2,3,PP,"[[3, 1], [3, 1], [3, 1], [3, 1]]",8,24,96,0.75,0.001583,20,0.004994157701730728,0.03001117706298828,0.03507878047722149,OPTIMAL,6.6875,0.0,np_gurobi_optimal,0.0,192.0,0.8125,13,8.125,130,6.6875,6.6875,6.6875,6.6875,6.6875,6.6875,True,True,8.125,True,True
1876473088082424527,19,16,4,"[4, 4, 4, 4]","[[1, 2, 2, 3], [3, 3, 4, 4], [2, 4, 5, 8], [3, 3, 3, 3]]",1.0,1,2,2,4,PP,"[[4], [4], [3, 1], [4]]",5,9,96,0.90625,0.002729,20,0.006347895599901676,0.004425048828125,0.010835392625478744,OPTIMAL,6.6875,0.0,np_gurobi_optimal,0.0,1.0,0.8125,13,9.75,156,6.6875,6.6875,6.6875,6.6875,6.6875,6.6875,True,True,9.75,True,True
1876473088082424527,19,16,4,"[4, 4, 4, 4]","[[1, 2, 2, 3], [3, 3, 4, 4], [2, 4, 5, 8], [3, 3, 3, 3]]",1.0,1,2,2,5,PP,"[[4], [4], [3, 1], [4]]",5,9,96,0.90625,0.004036,20,0.004711830988526344,0.004367828369140625,0.009142318388448716,OPTIMAL,6.6875,0.0,np_gurobi_optimal,0.0,1.0,0.8125,13,9.75,156,6.6875,6.6875,6.6875,6.6875,6.6875,6.6875,True,True,9.75,True,True
1876473088082424527,19,16,4,"[4, 4, 4, 4]","[[1, 2, 2, 3], [3, 3, 4, 4], [2, 4, 5, 8], [3, 3, 3, 3]]",1.0,1,2,3,,CHP,"[[4], [4], [4], [4]]",4,6,96,0.9375,0.001557,20,0.0042462581768631935,0.00214385986328125,0.006446027956921578,OPTIMAL,6.6875,0.0,np_gurobi_optimal,0.0,1.0,2.3125,37,26.25,420,6.6875,,,6.6875,6.6875,,False,,,False,
1876473088082424527,19,16,4,"[4, 4, 4, 4]","[[1, 2, 2, 3], [3, 3, 4, 4], [2, 4, 5, 8], [3, 3, 3, 3]]",1.0,1,2,3,2,PP,"[[2, 2], [2, 2], [2, 2], [2, 2]]",8,24,96,0.75,0.0016575,20,0.004527373239398003,0.0381779670715332,0.04276715566131592,OPTIMAL,6.6875,0.0,np_gurobi_optimal,0.0,473.0,2.3125,37,14.0,224,6.6875,6.6875,6.6875,6.6875,6.6875,6.6875,True,True,14.0,True,True
1876473088082424527,19,16,4,"[4, 4, 4, 4]","[[1, 2, 2, 3], [3, 3, 4, 4], [2, 4, 5, 8], [3, 3, 3, 3]]",1.0,1,2,3,3,PP,"[[3, 1], [3, 1], [3, 1], [3, 1]]",8,24,96,0.75,0.0017025,20,0.0048975227400660515,0.02825188636779785,0.03321204897524357,OPTIMAL,6.6875,0.0,np_gurobi_optimal,0.0,192.0,0.8125,13,17.5,280,6.6875,6.6875,6.6875,6.6875,6.6875,6.6875,True,True,17.5,True,True
1876473088082424527,19,16,4,"[4, 4, 4, 4]","[[1, 2, 2, 3], [3, 3, 4, 4], [2, 4, 5, 8], [3, 3, 3, 3]]",1.0,1,2,3,4,PP,"[[4], [4], [4], [4]]",4,6,96,0.9375,0.001753,20,0.004648896865546703,0.002432107925415039,0.007149015804210186,OPTIMAL,6.6875,0.0,np_gurobi_optimal,0.0,1.0,2.3125,37,21.0,336,6.6875,6.6875,6.6875,6.6875,6.6875,6.6875,True,True,21.0,True,True
1876473088082424527,19,16,4,"[4, 4, 4, 4]","[[1, 2, 2, 3], [3, 3, 4, 4], [2, 4, 5, 8], [3, 3, 3, 3]]",1.0,1,2,3,5,PP,"[[4], [4], [4], [4]]",4,6,96,0.9375,0.002729,20,0.005156915634870529,0.002905130386352539,0.008135151342896461,OPTIMAL,6.6875,0.0,np_gurobi_optimal,0.0,1.0,2.3125,37,21.0,336,6.6875,6.6875,6.6875,6.6875,6.6875,6.6875,True,True,21.0,True,True
1876473088082424527,19,16,4,"[4, 4, 4, 4]","[[1, 2, 2, 3], [3, 3, 4, 4], [2, 4, 5, 8], [3, 3, 3, 3]]",1.0,1,2,4,,CHP,"[[4], [4], [4], [4]]",4,6,96,0.9375,0.0026285,20,0.005194120109081268,0.003098011016845703,0.008377936976388455,OPTIMAL,6.6875,0.0,np_gurobi_optimal,0.0,1.0,2.3125,37,40.3125,645,6.6875,,,6.6875,6.6875,,False,,,False,
1876473088082424527,19,16,4,"[4, 4, 4, 4]","[[1, 2, 2, 3], [3, 3, 4, 4], [2, 4, 5, 8], [3, 3, 3, 3]]",1.0,1,2,4,2,PP,"[[2, 2], [2, 2], [2, 2], [2, 2]]",8,24,96,0.75,0.0029945,20,0.00663224421441555,0.041822195053100586,0.04854322068383169,OPTIMAL,6.6875,0.0,np_gurobi_optimal,0.0,473.0,2.3125,37,21.5,344,6.6875,6.6875,6.6875,6.6875,6.6875,6.6875,True,True,21.5,True,True
1876473088082424527,19,16,4,"[4, 4, 4, 4]","[[1, 2, 2, 3], [3, 3, 4, 4], [2, 4, 5, 8], [3, 3, 3, 3]]",1.0,1,2,4,3,PP,"[[3, 1], [3, 1], [3, 1], [3, 1]]",8,24,96,0.75,0.0028695,20,0.0063597820699214935,0.02793288230895996,0.03438174175300074,OPTIMAL,6.6875,0.0,np_gurobi_optimal,0.0,192.0,0.8125,13,26.875,430,6.6875,6.6875,6.6875,6.6875,6.6875,6.6875,True,True,26.875,True,True
1876473088082424527,19,16,4,"[4, 4, 4, 4]","[[1, 2, 2, 3], [3, 3, 4, 4], [2, 4, 5, 8], [3, 3, 3, 3]]",1.0,1,2,4,4,PP,"[[4], [4], [4], [4]]",4,6,96,0.9375,0.0028295,20,0.006445692852139473,0.0032341480255126953,0.009777633615295411,OPTIMAL,6.6875,0.0,np_gurobi_optimal,0.0,1.0,2.3125,37,32.25,516,6.6875,6.6875,6.6875,6.6875,6.6875,6.6875,True,True,32.25,True,True
1876473088082424527,19,16,4,"[4, 4, 4, 4]","[[1, 2, 2, 3], [3, 3, 4, 4], [2, 4, 5, 8], [3, 3, 3, 3]]",1.0,1,2,4,5,PP,"[[4], [4], [4], [4]]",4,6,96,0.9375,0.0029245,20,0.006199910305440426,0.0031881332397460938,0.009469092039358138,OPTIMAL,6.6875,0.0,np_gurobi_optimal,0.0,1.0,2.3125,37,32.25,516,6.6875,6.6875,6.6875,6.6875,6.6875,6.6875,True,True,32.25,True,True
