scenario,replication,target_dimension_reduction,raw_target_ordering_budget,target_ordering_budget,method_family,method_detail,N,L,counts,demand_pattern,arrival_mode,hF,hS,max_platoon_size,partition,total_platoons,platoons_by_approach,ordering_variables,vehicle_level_ordering_variables,dimension_reduction_fraction,scaled_indexed_bound,indexed_bound,actual_average_gap,actual_gap_le_indexed_bound,vehicle_level_average_delay,vehicle_level_status,vehicle_level_mip_gap,vehicle_level_nodes,vehicle_level_time_to_first_feasible,vehicle_level_model_construction_seconds,vehicle_level_downstream_optimization_seconds,vehicle_level_wall_time_seconds,objective_average_delay,status,mip_gap,nodes,time_to_first_feasible,partition_time_seconds,partition_model_construction_seconds,partition_optimization_seconds,model_construction_seconds,downstream_optimization_seconds,end_to_end_seconds
N40_L4_balanced_poisson_hS2,0,0.25,450,450,proposed_bound_aware,min_Bidx_under_C_budget,40,4,"[10, 10, 10, 10]",balanced,poisson,1,2,4,"[[1, 1, 3, 1, 1, 1, 2], [2, 2, 1, 2, 1, 1, 1], [3, 3, 2, 1, 1], [1, 1, 3, 1, 3, 1]]",25,"[7, 7, 5, 6]",233,600,0.6116666666666667,0,0.0,,,,TIME_LIMIT,0.826702788389506,10609.0,0.007447957992553711,0.02533941250294447,30.000136852264404,30.025551470927894,13.325,TIME_LIMIT,0.5914978702613666,47359.0,0.002227783203125,0.017245113849639893,0.01129813864827156,0.005672931671142578,0.008124125190079212,30.00059199333191,30.026016601361334
N40_L4_balanced_poisson_hS2,0,0.25,450,450,fixed_size_closest_dimension,fixed_size_2,40,4,"[10, 10, 10, 10]",balanced,poisson,1,2,4,"[[2, 2, 2, 2, 2], [2, 2, 2, 2, 2], [2, 2, 2, 2, 2], [2, 2, 2, 2, 2]]",20,"[5, 5, 5, 5]",150,600,0.75,837,20.925,,,,TIME_LIMIT,0.826702788389506,10609.0,0.007447957992553711,0.02533941250294447,30.000136852264404,30.025551470927894,13.475,TIME_LIMIT,0.5735983611149297,37376.0,0.0015499591827392578,2.238340675830841e-05,2.238340675830841e-05,0.0,0.006670578382909298,30.000244140625,30.00699249934405
N40_L4_balanced_poisson_hS2,0,0.25,450,450,threshold_closest_dimension,release_gap_threshold_0,40,4,"[10, 10, 10, 10]",balanced,poisson,1,2,4,"[[1, 1, 2, 1, 1, 1, 1, 1, 1], [2, 1, 1, 1, 1, 1, 1, 1, 1], [1, 1, 1, 1, 2, 2, 1, 1], [1, 1, 2, 1, 1, 3, 1]]",33,"[9, 9, 8, 7]",407,600,0.32166666666666666,0,0.0,,,,TIME_LIMIT,0.826702788389506,10609.0,0.007447957992553711,0.02533941250294447,30.000136852264404,30.025551470927894,13.85,TIME_LIMIT,0.7627118771928333,16354.0,0.0039789676666259766,0.00011337082833051682,0.00011337082833051682,0.0,0.011921482160687447,30.00039505958557,30.012487534433603
N40_L4_balanced_poisson_hS2,0,0.5,300,300,proposed_bound_aware,min_Bidx_under_C_budget,40,4,"[10, 10, 10, 10]",balanced,poisson,1,2,4,"[[1, 1, 3, 1, 1, 1, 2], [2, 2, 1, 2, 1, 1, 1], [3, 3, 2, 1, 1], [1, 1, 3, 1, 3, 1]]",25,"[7, 7, 5, 6]",233,600,0.6116666666666667,0,0.0,,,,TIME_LIMIT,0.826702788389506,10609.0,0.007447957992553711,0.02533941250294447,30.000136852264404,30.025551470927894,13.325,TIME_LIMIT,0.5916656278030377,47267.0,0.0023000240325927734,0.01691111084073782,0.01144043356180191,0.005192995071411133,0.008136824704706669,30.000135898590088,30.025240811519325
N40_L4_balanced_poisson_hS2,0,0.5,300,300,fixed_size_closest_dimension,fixed_size_2,40,4,"[10, 10, 10, 10]",balanced,poisson,1,2,4,"[[2, 2, 2, 2, 2], [2, 2, 2, 2, 2], [2, 2, 2, 2, 2], [2, 2, 2, 2, 2]]",20,"[5, 5, 5, 5]",150,600,0.75,837,20.925,,,,TIME_LIMIT,0.826702788389506,10609.0,0.007447957992553711,0.02533941250294447,30.000136852264404,30.025551470927894,13.475,TIME_LIMIT,0.5714268606051249,38197.0,0.0015530586242675781,6.190408021211624e-05,6.190408021211624e-05,0.0,0.007401912473142147,30.00025200843811,30.007771778851748
N40_L4_balanced_poisson_hS2,0,0.5,300,300,threshold_closest_dimension,release_gap_threshold_1,40,4,"[10, 10, 10, 10]",balanced,poisson,1,2,4,"[[1, 1, 3, 1, 1, 1, 2], [2, 2, 1, 2, 1, 1, 1], [3, 4, 1, 1, 1], [1, 1, 3, 1, 3, 1]]",25,"[7, 7, 5, 6]",233,600,0.6116666666666667,0,0.0,,,,TIME_LIMIT,0.826702788389506,10609.0,0.007447957992553711,0.02533941250294447,30.000136852264404,30.025551470927894,13.325,TIME_LIMIT,0.6181605792060413,55131.0,0.0025141239166259766,4.1632913053035736e-05,4.1632913053035736e-05,0.0,0.008276013657450676,30.00030207633972,30.008678493089974
N40_L4_balanced_poisson_hS2,0,0.75,150,150,proposed_bound_aware,min_Bidx_under_C_budget,40,4,"[10, 10, 10, 10]",balanced,poisson,1,2,4,"[[1, 4, 2, 3], [2, 2, 1, 2, 1, 1, 1], [3, 1, 4, 1, 1], [1, 1, 4, 4]]",20,"[4, 7, 5, 4]",147,600,0.755,192,4.8,,,,TIME_LIMIT,0.826702788389506,10609.0,0.007447957992553711,0.02533941250294447,30.000136852264404,30.025551470927894,13.175,TIME_LIMIT,0.44323369783199174,71358.0,0.0019299983978271484,0.0540653457865119,0.011097106151282787,0.04269599914550781,0.007006865926086903,30.000142097473145,30.06127441767603
N40_L4_balanced_poisson_hS2,0,0.75,150,150,fixed_size_closest_dimension,fixed_size_2,40,4,"[10, 10, 10, 10]",balanced,poisson,1,2,4,"[[2, 2, 2, 2, 2], [2, 2, 2, 2, 2], [2, 2, 2, 2, 2], [2, 2, 2, 2, 2]]",20,"[5, 5, 5, 5]",150,600,0.75,837,20.925,,,,TIME_LIMIT,0.826702788389506,10609.0,0.007447957992553711,0.02533941250294447,30.000136852264404,30.025551470927894,13.475,TIME_LIMIT,0.5711066760671989,38509.0,0.0016169548034667969,6.451737135648727e-05,6.451737135648727e-05,0.0,0.007311265915632248,30.000865936279297,30.0083020478487
N40_L4_balanced_poisson_hS2,0,0.75,150,150,threshold_closest_dimension,release_gap_threshold_3,40,4,"[10, 10, 10, 10]",balanced,poisson,1,2,4,"[[1, 4, 2, 3], [4, 1, 2, 2, 1], [4, 4, 1, 1], [4, 2, 4]]",16,"[4, 5, 4, 3]",95,600,0.8416666666666667,550,13.75,,,,TIME_LIMIT,0.826702788389506,10609.0,0.007447957992553711,0.02533941250294447,30.000136852264404,30.025551470927894,13.425,OPTIMAL,9.31972420668384e-05,102600.0,0.001255035400390625,4.311557859182358e-05,4.311557859182358e-05,0.0,0.00637176726013422,24.00563097000122,24.01210319902748
N40_L4_balanced_poisson_hS2,0,0.9,60,60,proposed_bound_aware,min_Bidx_under_C_budget,40,4,"[10, 10, 10, 10]",balanced,poisson,1,2,4,"[[4, 3, 3], [4, 3, 3], [3, 4, 3], [2, 4, 4]]",12,"[3, 3, 3, 3]",54,600,0.91,899,22.475,,,,TIME_LIMIT,0.826702788389506,10609.0,0.007447957992553711,0.02533941250294447,30.000136852264404,30.025551470927894,12.925,OPTIMAL,0.0,31243.0,0.0010590553283691406,0.1475797714665532,0.01099790632724762,0.13629698753356934,0.005686541087925434,7.34039306640625,7.493727829307318
N40_L4_balanced_poisson_hS2,0,0.9,60,60,fixed_size_closest_dimension,fixed_size_4,40,4,"[10, 10, 10, 10]",balanced,poisson,1,2,4,"[[4, 4, 2], [4, 4, 2], [4, 4, 2], [4, 4, 2]]",12,"[3, 3, 3, 3]",54,600,0.91,1221,30.525,,,,TIME_LIMIT,0.826702788389506,10609.0,0.007447957992553711,0.02533941250294447,30.000136852264404,30.025551470927894,13.525,OPTIMAL,0.0,9931.0,0.0009028911590576172,4.7322362661361694e-05,4.7322362661361694e-05,0.0,0.005587822757661343,1.1403300762176514,1.1460155826061964
N40_L4_balanced_poisson_hS2,0,0.9,60,60,threshold_closest_dimension,release_gap_threshold_4,40,4,"[10, 10, 10, 10]",balanced,poisson,1,2,4,"[[4, 4, 2], [4, 4, 2], [4, 4, 2], [4, 2, 4]]",12,"[3, 3, 3, 3]",54,600,0.91,1053,26.325,,,,TIME_LIMIT,0.826702788389506,10609.0,0.007447957992553711,0.02533941250294447,30.000136852264404,30.025551470927894,13.525,OPTIMAL,0.0,11900.0,0.0009100437164306641,0.00010043196380138397,0.00010043196380138397,0.0,0.005107887089252472,1.2027990818023682,1.2080581299960613
N40_L4_balanced_poisson_hS2,1,0.25,450,450,proposed_bound_aware,min_Bidx_under_C_budget,40,4,"[10, 10, 10, 10]",balanced,poisson,1,2,4,"[[4, 1, 2, 2, 1], [4, 3, 2, 1], [1, 2, 3, 2, 1, 1], [1, 4, 3, 1, 1]]",20,"[5, 4, 6, 5]",149,600,0.7516666666666667,0,0.0,,,,TIME_LIMIT,0.7892457138326608,10363.0,0.005802154541015625,0.015007084235548973,30.00057601928711,30.015641422010958,13.7,TIME_LIMIT,0.27347484838481023,85474.0,0.0018031597137451172,0.016276451759040356,0.011037826538085938,0.0049588680267333984,0.006688945926725864,30.000218152999878,30.02324226591736
N40_L4_balanced_poisson_hS2,1,0.25,450,450,fixed_size_closest_dimension,fixed_size_2,40,4,"[10, 10, 10, 10]",balanced,poisson,1,2,4,"[[2, 2, 2, 2, 2], [2, 2, 2, 2, 2], [2, 2, 2, 2, 2], [2, 2, 2, 2, 2]]",20,"[5, 5, 5, 5]",150,600,0.75,1044,26.1,,,,TIME_LIMIT,0.7892457138326608,10363.0,0.005802154541015625,0.015007084235548973,30.00057601928711,30.015641422010958,14.3,TIME_LIMIT,0.5532032044704602,43878.0,0.001661062240600586,4.752166569232941e-05,4.752166569232941e-05,0.0,0.006744330748915672,30.000313997268677,30.00716225709766
N40_L4_balanced_poisson_hS2,1,0.25,450,450,threshold_closest_dimension,release_gap_threshold_0,40,4,"[10, 10, 10, 10]",balanced,poisson,1,2,4,"[[3, 1, 1, 2, 1, 1, 1], [1, 2, 1, 1, 2, 1, 1, 1], [1, 2, 1, 1, 1, 2, 1, 1], [1, 2, 1, 1, 2, 1, 1, 1]]",31,"[7, 8, 8, 8]",360,600,0.4,0,0.0,,,,TIME_LIMIT,0.7892457138326608,10363.0,0.005802154541015625,0.015007084235548973,30.00057601928711,30.015641422010958,14.0,TIME_LIMIT,0.6921466382127107,20076.0,0.003654956817626953,0.00011841859668493271,0.00011841859668493271,0.0,0.010570771060883999,30.000404119491577,30.011151617392898
N40_L4_balanced_poisson_hS2,1,0.5,300,300,proposed_bound_aware,min_Bidx_under_C_budget,40,4,"[10, 10, 10, 10]",balanced,poisson,1,2,4,"[[4, 1, 2, 2, 1], [4, 3, 2, 1], [1, 2, 3, 2, 1, 1], [1, 4, 3, 1, 1]]",20,"[5, 4, 6, 5]",149,600,0.7516666666666667,0,0.0,,,,TIME_LIMIT,0.7892457138326608,10363.0,0.005802154541015625,0.015007084235548973,30.00057601928711,30.015641422010958,13.7,TIME_LIMIT,0.27356356187083286,85370.0,0.0018210411071777344,0.01679389365017414,0.01161336712539196,0.004902839660644531,0.006629996933043003,30.00020694732666,30.023686283268034
N40_L4_balanced_poisson_hS2,1,0.5,300,300,fixed_size_closest_dimension,fixed_size_2,40,4,"[10, 10, 10, 10]",balanced,poisson,1,2,4,"[[2, 2, 2, 2, 2], [2, 2, 2, 2, 2], [2, 2, 2, 2, 2], [2, 2, 2, 2, 2]]",20,"[5, 5, 5, 5]",150,600,0.75,1044,26.1,,,,TIME_LIMIT,0.7892457138326608,10363.0,0.005802154541015625,0.015007084235548973,30.00057601928711,30.015641422010958,14.3,TIME_LIMIT,0.5538472201795821,43360.0,0.0016560554504394531,1.8416903913021088e-05,1.8416903913021088e-05,0.0,0.006642155349254608,30.00024700164795,30.00696360319853
N40_L4_balanced_poisson_hS2,1,0.5,300,300,threshold_closest_dimension,release_gap_threshold_1,40,4,"[10, 10, 10, 10]",balanced,poisson,1,2,4,"[[4, 1, 2, 2, 1], [4, 3, 2, 1], [1, 2, 3, 2, 1, 1], [4, 1, 3, 1, 1]]",20,"[5, 4, 6, 5]",149,600,0.7516666666666667,0,0.0,,,,TIME_LIMIT,0.7892457138326608,10363.0,0.005802154541015625,0.015007084235548973,30.00057601928711,30.015641422010958,13.7,TIME_LIMIT,0.34707838625771054,70279.0,0.0018188953399658203,0.00011817831546068192,0.00011817831546068192,0.0,0.00736356433480978,30.00014090538025,30.007682661525905
N40_L4_balanced_poisson_hS2,1,0.75,150,150,proposed_bound_aware,min_Bidx_under_C_budget,40,4,"[10, 10, 10, 10]",balanced,poisson,1,2,4,"[[4, 1, 2, 2, 1], [4, 3, 2, 1], [1, 2, 3, 2, 1, 1], [1, 4, 3, 1, 1]]",20,"[5, 4, 6, 5]",149,600,0.7516666666666667,0,0.0,,,,TIME_LIMIT,0.7892457138326608,10363.0,0.005802154541015625,0.015007084235548973,30.00057601928711,30.015641422010958,13.7,TIME_LIMIT,0.27493334248665974,84648.0,0.0017650127410888672,0.016745079308748245,0.011405453085899353,0.005048036575317383,0.006870570592582226,30.000163078308105,30.023833292536438
N40_L4_balanced_poisson_hS2,1,0.75,150,150,fixed_size_closest_dimension,fixed_size_2,40,4,"[10, 10, 10, 10]",balanced,poisson,1,2,4,"[[2, 2, 2, 2, 2], [2, 2, 2, 2, 2], [2, 2, 2, 2, 2], [2, 2, 2, 2, 2]]",20,"[5, 5, 5, 5]",150,600,0.75,1044,26.1,,,,TIME_LIMIT,0.7892457138326608,10363.0,0.005802154541015625,0.015007084235548973,30.00057601928711,30.015641422010958,14.3,TIME_LIMIT,0.553103655817886,43906.0,0.0016160011291503906,4.676077514886856e-05,4.676077514886856e-05,0.0,0.0072646960616111755,30.000142097473145,30.007509937509894
N40_L4_balanced_poisson_hS2,1,0.75,150,150,threshold_closest_dimension,release_gap_threshold_1,40,4,"[10, 10, 10, 10]",balanced,poisson,1,2,4,"[[4, 1, 2, 2, 1], [4, 3, 2, 1], [1, 2, 3, 2, 1, 1], [4, 1, 3, 1, 1]]",20,"[5, 4, 6, 5]",149,600,0.7516666666666667,0,0.0,,,,TIME_LIMIT,0.7892457138326608,10363.0,0.005802154541015625,0.015007084235548973,30.00057601928711,30.015641422010958,13.7,TIME_LIMIT,0.3466628157328124,70588.0,0.0018429756164550781,0.0001161554828286171,0.0001161554828286171,0.0,0.007181319408118725,30.000216007232666,30.00757398828864
N40_L4_balanced_poisson_hS2,1,0.9,60,60,proposed_bound_aware,min_Bidx_under_C_budget,40,4,"[10, 10, 10, 10]",balanced,poisson,1,2,4,"[[4, 3, 3], [4, 3, 3], [3, 3, 4], [4, 4, 2]]",12,"[3, 3, 3, 3]",54,600,0.91,746,18.65,,,,TIME_LIMIT,0.7892457138326608,10363.0,0.005802154541015625,0.015007084235548973,30.00057601928711,30.015641422010958,13.9,OPTIMAL,0.0,37700.0,0.0010590553283691406,0.11370466463267803,0.011459614150226116,0.10197091102600098,0.0052505433559417725,7.519241094589233,7.638261720538139
N40_L4_balanced_poisson_hS2,1,0.9,60,60,fixed_size_closest_dimension,fixed_size_4,40,4,"[10, 10, 10, 10]",balanced,poisson,1,2,4,"[[4, 4, 2], [4, 4, 2], [4, 4, 2], [4, 4, 2]]",12,"[3, 3, 3, 3]",54,600,0.91,1076,26.9,,,,TIME_LIMIT,0.7892457138326608,10363.0,0.005802154541015625,0.015007084235548973,30.00057601928711,30.015641422010958,13.9,OPTIMAL,0.0,10933.0,0.0009219646453857422,1.7605721950531006e-05,1.7605721950531006e-05,0.0,0.00499104056507349,1.235469102859497,1.240530714392662
N40_L4_balanced_poisson_hS2,1,0.9,60,60,threshold_closest_dimension,release_gap_threshold_6,40,4,"[10, 10, 10, 10]",balanced,poisson,1,2,4,"[[4, 3, 3], [4, 4, 2], [4, 4, 2], [4, 4, 2]]",12,"[3, 3, 3, 3]",54,600,0.91,814,20.35,,,,TIME_LIMIT,0.7892457138326608,10363.0,0.005802154541015625,0.015007084235548973,30.00057601928711,30.015641422010958,13.9,OPTIMAL,0.0,19378.0,0.0008819103240966797,0.00011928007006645203,0.00011928007006645203,0.0,0.0049728332087397575,2.516695022583008,2.5218404633924365
N40_L4_balanced_poisson_hS2,2,0.25,450,450,proposed_bound_aware,min_Bidx_under_C_budget,40,4,"[10, 10, 10, 10]",balanced,poisson,1,2,4,"[[2, 2, 1, 3, 2], [1, 1, 1, 1, 3, 3], [4, 1, 4, 1], [1, 1, 3, 2, 1, 2]]",21,"[5, 6, 4, 6]",164,600,0.7266666666666667,0,0.0,,,,TIME_LIMIT,0.7700172554298853,11742.0,0.005933046340942383,0.015710506588220596,30.00182795524597,30.01760007441044,11.7,TIME_LIMIT,0.49530146591555263,49822.0,0.001940011978149414,0.019632511772215366,0.011174102313816547,0.008188009262084961,0.007202931679785252,30.000162839889526,30.027055465616286
N40_L4_balanced_poisson_hS2,2,0.25,450,450,fixed_size_closest_dimension,fixed_size_2,40,4,"[10, 10, 10, 10]",balanced,poisson,1,2,4,"[[2, 2, 2, 2, 2], [2, 2, 2, 2, 2], [2, 2, 2, 2, 2], [2, 2, 2, 2, 2]]",20,"[5, 5, 5, 5]",150,600,0.75,562,14.05,,,,TIME_LIMIT,0.7700172554298853,11742.0,0.005933046340942383,0.015710506588220596,30.00182795524597,30.01760007441044,11.6,TIME_LIMIT,0.47723417966533666,59512.0,0.0017371177673339844,4.688091576099396e-05,4.688091576099396e-05,0.0,0.007662036456167698,30.00014901161194,30.007916166447103
N40_L4_balanced_poisson_hS2,2,0.25,450,450,threshold_closest_dimension,release_gap_threshold_0,40,4,"[10, 10, 10, 10]",balanced,poisson,1,2,4,"[[1, 1, 1, 1, 1, 1, 2, 1, 1], [1, 1, 1, 1, 2, 2, 1, 1], [2, 2, 3, 1, 1, 1], [1, 1, 1, 2, 1, 1, 1, 1, 1]]",32,"[9, 8, 6, 9]",381,600,0.365,0,0.0,,,,TIME_LIMIT,0.7700172554298853,11742.0,0.005933046340942383,0.015710506588220596,30.00182795524597,30.01760007441044,12.5,TIME_LIMIT,0.7045956173637082,13227.0,0.0037348270416259766,9.838957339525223e-05,9.838957339525223e-05,0.0,0.011433525010943413,30.0001118183136,30.011703102849424
N40_L4_balanced_poisson_hS2,2,0.5,300,300,proposed_bound_aware,min_Bidx_under_C_budget,40,4,"[10, 10, 10, 10]",balanced,poisson,1,2,4,"[[2, 2, 1, 3, 2], [1, 1, 1, 1, 3, 3], [4, 1, 4, 1], [1, 1, 3, 2, 1, 2]]",21,"[5, 6, 4, 6]",164,600,0.7266666666666667,0,0.0,,,,TIME_LIMIT,0.7700172554298853,11742.0,0.005933046340942383,0.015710506588220596,30.00182795524597,30.01760007441044,11.7,TIME_LIMIT,0.49548502125633853,49557.0,0.0019240379333496094,0.01809748262166977,0.010776721872389317,0.007054805755615234,0.0071458155289292336,30.000157117843628,30.025457023642957
N40_L4_balanced_poisson_hS2,2,0.5,300,300,fixed_size_closest_dimension,fixed_size_2,40,4,"[10, 10, 10, 10]",balanced,poisson,1,2,4,"[[2, 2, 2, 2, 2], [2, 2, 2, 2, 2], [2, 2, 2, 2, 2], [2, 2, 2, 2, 2]]",20,"[5, 5, 5, 5]",150,600,0.75,562,14.05,,,,TIME_LIMIT,0.7700172554298853,11742.0,0.005933046340942383,0.015710506588220596,30.00182795524597,30.01760007441044,11.6,TIME_LIMIT,0.4779252890840162,58950.0,0.0017049312591552734,4.682037979364395e-05,4.682037979364395e-05,0.0,0.0071768444031476974,30.000423908233643,30.007704803720117
N40_L4_balanced_poisson_hS2,2,0.5,300,300,threshold_closest_dimension,release_gap_threshold_1,40,4,"[10, 10, 10, 10]",balanced,poisson,1,2,4,"[[2, 2, 1, 3, 2], [1, 1, 1, 1, 4, 2], [4, 4, 1, 1], [1, 1, 3, 2, 1, 2]]",21,"[5, 6, 4, 6]",164,600,0.7266666666666667,0,0.0,,,,TIME_LIMIT,0.7700172554298853,11742.0,0.005933046340942383,0.015710506588220596,30.00182795524597,30.01760007441044,11.7,TIME_LIMIT,0.4785735337459524,81122.0,0.0019381046295166016,0.00010215397924184799,0.00010215397924184799,0.0,0.0077260928228497505,30.00018000602722,30.008068270981312
N40_L4_balanced_poisson_hS2,2,0.75,150,150,proposed_bound_aware,min_Bidx_under_C_budget,40,4,"[10, 10, 10, 10]",balanced,poisson,1,2,4,"[[2, 2, 1, 3, 2], [1, 1, 1, 1, 4, 2], [4, 2, 4], [1, 1, 3, 2, 1, 2]]",20,"[5, 6, 3, 6]",147,600,0.755,29,0.725,,,,TIME_LIMIT,0.7700172554298853,11742.0,0.005933046340942383,0.015710506588220596,30.00182795524597,30.01760007441044,11.6,TIME_LIMIT,0.4490741309268608,65731.0,0.0017790794372558594,0.02428170759230852,0.012584093026816845,0.011426925659179688,0.006776978261768818,30.000121116638184,30.0312379039824
N40_L4_balanced_poisson_hS2,2,0.75,150,150,fixed_size_closest_dimension,fixed_size_2,40,4,"[10, 10, 10, 10]",balanced,poisson,1,2,4,"[[2, 2, 2, 2, 2], [2, 2, 2, 2, 2], [2, 2, 2, 2, 2], [2, 2, 2, 2, 2]]",20,"[5, 5, 5, 5]",150,600,0.75,562,14.05,,,,TIME_LIMIT,0.7700172554298853,11742.0,0.005933046340942383,0.015710506588220596,30.00182795524597,30.01760007441044,11.6,TIME_LIMIT,0.47883113868717675,58364.0,0.0016601085662841797,1.8366612493991852e-05,1.8366612493991852e-05,0.0,0.006725050508975983,30.000128984451294,30.00692906975746
N40_L4_balanced_poisson_hS2,2,0.75,150,150,threshold_closest_dimension,release_gap_threshold_2,40,4,"[10, 10, 10, 10]",balanced,poisson,1,2,4,"[[2, 2, 1, 3, 2], [1, 1, 1, 4, 3], [4, 4, 2], [1, 4, 2, 1, 2]]",18,"[5, 5, 3, 5]",120,600,0.8,99,2.475,,,,TIME_LIMIT,0.7700172554298853,11742.0,0.005933046340942383,0.015710506588220596,30.00182795524597,30.01760007441044,12.0,TIME_LIMIT,0.3929340724525062,95515.0,0.0015759468078613281,9.393133223056793e-05,9.393133223056793e-05,0.0,0.007266118191182613,30.00010895729065,30.007530013099313
N40_L4_balanced_poisson_hS2,2,0.9,60,60,proposed_bound_aware,min_Bidx_under_C_budget,40,4,"[10, 10, 10, 10]",balanced,poisson,1,2,4,"[[4, 4, 2], [2, 4, 4], [4, 2, 4], [3, 4, 3]]",12,"[3, 3, 3, 3]",54,600,0.91,740,18.5,,,,TIME_LIMIT,0.7700172554298853,11742.0,0.005933046340942383,0.015710506588220596,30.00182795524597,30.01760007441044,11.6,OPTIMAL,0.0,10697.0,0.0010688304901123047,0.12682810332626104,0.011540956795215607,0.11501312255859375,0.005584717728197575,1.191648006439209,1.3241195110604167
N40_L4_balanced_poisson_hS2,2,0.9,60,60,fixed_size_closest_dimension,fixed_size_4,40,4,"[10, 10, 10, 10]",balanced,poisson,1,2,4,"[[4, 4, 2], [4, 4, 2], [4, 4, 2], [4, 4, 2]]",12,"[3, 3, 3, 3]",54,600,0.91,822,20.55,,,,TIME_LIMIT,0.7700172554298853,11742.0,0.005933046340942383,0.015710506588220596,30.00182795524597,30.01760007441044,11.6,OPTIMAL,0.0,5402.0,0.0009140968322753906,6.837304681539536e-05,6.837304681539536e-05,0.0,0.004949276335537434,0.6638710498809814,0.6689427299425006
N40_L4_balanced_poisson_hS2,2,0.9,60,60,threshold_closest_dimension,release_gap_threshold_5,40,4,"[10, 10, 10, 10]",balanced,poisson,1,2,4,"[[4, 4, 2], [4, 4, 2], [4, 4, 2], [4, 4, 2]]",12,"[3, 3, 3, 3]",54,600,0.91,822,20.55,,,,TIME_LIMIT,0.7700172554298853,11742.0,0.005933046340942383,0.015710506588220596,30.00182795524597,30.01760007441044,11.6,OPTIMAL,0.0,5402.0,0.00090789794921875,9.125843644142151e-05,9.125843644142151e-05,0.0,0.0051102712750434875,0.6717228889465332,0.6769741149619222
N40_L4_balanced_poisson_hS2,3,0.25,450,450,proposed_bound_aware,min_Bidx_under_C_budget,40,4,"[10, 10, 10, 10]",balanced,poisson,1,2,4,"[[1, 3, 1, 2, 1, 2], [4, 4, 2], [3, 3, 2, 2], [3, 2, 1, 4]]",17,"[6, 3, 4, 4]",106,600,0.8233333333333334,0,0.0,,,,TIME_LIMIT,0.7467298664962311,12407.0,0.006212949752807617,0.015701663680374622,30.000267028808594,30.016032023355365,11.9,OPTIMAL,0.0,81959.0,0.0014400482177734375,0.016860343515872955,0.011417199857532978,0.005172014236450195,0.006065423600375652,23.299377918243408,23.32235688343644
N40_L4_balanced_poisson_hS2,3,0.25,450,450,fixed_size_closest_dimension,fixed_size_2,40,4,"[10, 10, 10, 10]",balanced,poisson,1,2,4,"[[2, 2, 2, 2, 2], [2, 2, 2, 2, 2], [2, 2, 2, 2, 2], [2, 2, 2, 2, 2]]",20,"[5, 5, 5, 5]",150,600,0.75,430,10.75,,,,TIME_LIMIT,0.7467298664962311,12407.0,0.006212949752807617,0.015701663680374622,30.000267028808594,30.016032023355365,11.9,TIME_LIMIT,0.39866767113147156,66824.0,0.0017058849334716797,4.761200398206711e-05,4.761200398206711e-05,0.0,0.007359719835221767,30.000295877456665,30.007759521715343
N40_L4_balanced_poisson_hS2,3,0.25,450,450,threshold_closest_dimension,release_gap_threshold_0,40,4,"[10, 10, 10, 10]",balanced,poisson,1,2,4,"[[1, 1, 2, 1, 1, 1, 1, 1, 1], [1, 3, 2, 2, 2], [1, 1, 4, 1, 1, 1, 1], [2, 1, 1, 1, 1, 1, 1, 1, 1]]",30,"[9, 5, 7, 9]",332,600,0.44666666666666666,0,0.0,,,,TIME_LIMIT,0.7467298664962311,12407.0,0.006212949752807617,0.015701663680374622,30.000267028808594,30.016032023355365,12.0,TIME_LIMIT,0.5989834869061599,26141.0,0.003843069076538086,4.341546446084976e-05,4.341546446084976e-05,0.0,0.010195604525506496,30.000102996826172,30.01040062122047
N40_L4_balanced_poisson_hS2,3,0.5,300,300,proposed_bound_aware,min_Bidx_under_C_budget,40,4,"[10, 10, 10, 10]",balanced,poisson,1,2,4,"[[1, 3, 1, 2, 1, 2], [4, 4, 2], [3, 3, 2, 2], [3, 2, 1, 4]]",17,"[6, 3, 4, 4]",106,600,0.8233333333333334,0,0.0,,,,TIME_LIMIT,0.7467298664962311,12407.0,0.006212949752807617,0.015701663680374622,30.000267028808594,30.016032023355365,11.9,OPTIMAL,0.0,81959.0,0.0014650821685791016,0.017087677493691444,0.011014961637556553,0.0058040618896484375,0.005763348191976547,23.1636700630188,23.186577895656228
N40_L4_balanced_poisson_hS2,3,0.5,300,300,fixed_size_closest_dimension,fixed_size_2,40,4,"[10, 10, 10, 10]",balanced,poisson,1,2,4,"[[2, 2, 2, 2, 2], [2, 2, 2, 2, 2], [2, 2, 2, 2, 2], [2, 2, 2, 2, 2]]",20,"[5, 5, 5, 5]",150,600,0.75,430,10.75,,,,TIME_LIMIT,0.7467298664962311,12407.0,0.006212949752807617,0.015701663680374622,30.000267028808594,30.016032023355365,11.9,TIME_LIMIT,0.3968687474990033,68331.0,0.0015978813171386719,4.61796298623085e-05,4.61796298623085e-05,0.0,0.007223624736070633,30.000247955322266,30.00757053680718
N40_L4_balanced_poisson_hS2,3,0.5,300,300,threshold_closest_dimension,release_gap_threshold_1,40,4,"[10, 10, 10, 10]",balanced,poisson,1,2,4,"[[1, 3, 1, 2, 1, 2], [4, 4, 2], [4, 2, 2, 2], [3, 2, 1, 4]]",17,"[6, 3, 4, 4]",106,600,0.8233333333333334,0,0.0,,,,TIME_LIMIT,0.7467298664962311,12407.0,0.006212949752807617,0.015701663680374622,30.000267028808594,30.016032023355365,11.9,OPTIMAL,4.750407107248803e-05,81404.0,0.0014247894287109375,4.353560507297516e-05,4.353560507297516e-05,0.0,0.005898713134229183,22.70508098602295,22.71108178421855
N40_L4_balanced_poisson_hS2,3,0.75,150,150,proposed_bound_aware,min_Bidx_under_C_budget,40,4,"[10, 10, 10, 10]",balanced,poisson,1,2,4,"[[1, 3, 1, 2, 1, 2], [4, 4, 2], [3, 3, 2, 2], [3, 2, 1, 4]]",17,"[6, 3, 4, 4]",106,600,0.8233333333333334,0,0.0,,,,TIME_LIMIT,0.7467298664962311,12407.0,0.006212949752807617,0.015701663680374622,30.000267028808594,30.016032023355365,11.9,OPTIMAL,0.0,81959.0,0.0013790130615234375,0.01615597028285265,0.01113453321158886,0.004760026931762695,0.005765371024608612,22.861226081848145,22.883201259188354
N40_L4_balanced_poisson_hS2,3,0.75,150,150,fixed_size_closest_dimension,fixed_size_2,40,4,"[10, 10, 10, 10]",balanced,poisson,1,2,4,"[[2, 2, 2, 2, 2], [2, 2, 2, 2, 2], [2, 2, 2, 2, 2], [2, 2, 2, 2, 2]]",20,"[5, 5, 5, 5]",150,600,0.75,430,10.75,,,,TIME_LIMIT,0.7467298664962311,12407.0,0.006212949752807617,0.015701663680374622,30.000267028808594,30.016032023355365,11.9,TIME_LIMIT,0.39753063381674125,67838.0,0.001583099365234375,4.7752633690834045e-05,4.7752633690834045e-05,0.0,0.0070798275992274284,30.000131130218506,30.007312546484172
N40_L4_balanced_poisson_hS2,3,0.75,150,150,threshold_closest_dimension,release_gap_threshold_1,40,4,"[10, 10, 10, 10]",balanced,poisson,1,2,4,"[[1, 3, 1, 2, 1, 2], [4, 4, 2], [4, 2, 2, 2], [3, 2, 1, 4]]",17,"[6, 3, 4, 4]",106,600,0.8233333333333334,0,0.0,,,,TIME_LIMIT,0.7467298664962311,12407.0,0.006212949752807617,0.015701663680374622,30.000267028808594,30.016032023355365,11.9,OPTIMAL,4.750407107248803e-05,81404.0,0.0014009475708007812,0.0001074429601430893,0.0001074429601430893,0.0,0.006015309132635593,22.839025020599365,22.84520191513002
N40_L4_balanced_poisson_hS2,3,0.9,60,60,proposed_bound_aware,min_Bidx_under_C_budget,40,4,"[10, 10, 10, 10]",balanced,poisson,1,2,4,"[[4, 4, 2], [4, 4, 2], [4, 2, 4], [3, 3, 4]]",12,"[3, 3, 3, 3]",54,600,0.91,351,8.775,,,,TIME_LIMIT,0.7467298664962311,12407.0,0.006212949752807617,0.015701663680374622,30.000267028808594,30.016032023355365,11.9,OPTIMAL,0.0,6089.0,0.001026153564453125,0.07192715536803007,0.010509087704122066,0.06114816665649414,0.005478847771883011,0.6553421020507812,0.7328024003654718
N40_L4_balanced_poisson_hS2,3,0.9,60,60,fixed_size_closest_dimension,fixed_size_4,40,4,"[10, 10, 10, 10]",balanced,poisson,1,2,4,"[[4, 4, 2], [4, 4, 2], [4, 4, 2], [4, 4, 2]]",12,"[3, 3, 3, 3]",54,600,0.91,528,13.2,,,,TIME_LIMIT,0.7467298664962311,12407.0,0.006212949752807617,0.015701663680374622,30.000267028808594,30.016032023355365,11.9,OPTIMAL,0.0,3734.0,0.0009062290191650391,4.595983773469925e-05,4.595983773469925e-05,0.0,0.005363103002309799,0.33043909072875977,0.33589561376720667
N40_L4_balanced_poisson_hS2,3,0.9,60,60,threshold_closest_dimension,release_gap_threshold_10,40,4,"[10, 10, 10, 10]",balanced,poisson,1,2,4,"[[4, 4, 2], [4, 4, 2], [4, 4, 2], [4, 4, 2]]",12,"[3, 3, 3, 3]",54,600,0.91,528,13.2,,,,TIME_LIMIT,0.7467298664962311,12407.0,0.006212949752807617,0.015701663680374622,30.000267028808594,30.016032023355365,11.9,OPTIMAL,0.0,3734.0,0.0008928775787353516,3.773719072341919e-05,3.773719072341919e-05,0.0,0.004393909126520157,0.3318917751312256,0.33636976033449173
N40_L4_balanced_poisson_hS2,4,0.25,450,450,proposed_bound_aware,min_Bidx_under_C_budget,40,4,"[10, 10, 10, 10]",balanced,poisson,1,2,4,"[[3, 2, 2, 2, 1], [1, 1, 3, 2, 3], [4, 4, 1, 1], [4, 2, 1, 1, 1, 1]]",20,"[5, 5, 4, 6]",149,600,0.7516666666666667,0,0.0,,,,TIME_LIMIT,0.7258053085915014,15355.0,0.006339073181152344,0.01566590927541256,30.006086111068726,30.02180816140026,11.8,TIME_LIMIT,0.3556576381827117,77884.0,0.0017549991607666016,0.016438927501440048,0.011128184385597706,0.0050470829010009766,0.007044083438813686,30.000144004821777,30.023682315833867
N40_L4_balanced_poisson_hS2,4,0.25,450,450,fixed_size_closest_dimension,fixed_size_2,40,4,"[10, 10, 10, 10]",balanced,poisson,1,2,4,"[[2, 2, 2, 2, 2], [2, 2, 2, 2, 2], [2, 2, 2, 2, 2], [2, 2, 2, 2, 2]]",20,"[5, 5, 5, 5]",150,600,0.75,1217,30.425,,,,TIME_LIMIT,0.7258053085915014,15355.0,0.006339073181152344,0.01566590927541256,30.006086111068726,30.02180816140026,12.5,TIME_LIMIT,0.5141499417058151,55054.0,0.0016090869903564453,5.201809108257294e-05,5.201809108257294e-05,0.0,0.007446891628205776,30.00028705596924,30.00784334540367
N40_L4_balanced_poisson_hS2,4,0.25,450,450,threshold_closest_dimension,release_gap_threshold_0,40,4,"[10, 10, 10, 10]",balanced,poisson,1,2,4,"[[2, 1, 2, 2, 2, 1], [1, 1, 1, 2, 1, 1, 2, 1], [1, 2, 1, 2, 2, 1, 1], [1, 3, 1, 1, 1, 1, 1, 1]]",29,"[6, 8, 7, 8]",314,600,0.4766666666666667,0,0.0,,,,TIME_LIMIT,0.7258053085915014,15355.0,0.006339073181152344,0.01566590927541256,30.006086111068726,30.02180816140026,11.6,TIME_LIMIT,0.6193216471077572,27496.0,0.0032739639282226562,4.9736350774765015e-05,4.9736350774765015e-05,0.0,0.009700065478682518,30.000108003616333,30.009914278052747
N40_L4_balanced_poisson_hS2,4,0.5,300,300,proposed_bound_aware,min_Bidx_under_C_budget,40,4,"[10, 10, 10, 10]",balanced,poisson,1,2,4,"[[3, 2, 2, 2, 1], [1, 1, 3, 2, 3], [4, 4, 1, 1], [4, 2, 1, 1, 1, 1]]",20,"[5, 5, 4, 6]",149,600,0.7516666666666667,0,0.0,,,,TIME_LIMIT,0.7258053085915014,15355.0,0.006339073181152344,0.01566590927541256,30.006086111068726,30.02180816140026,11.8,TIME_LIMIT,0.35755485725633135,76322.0,0.0017690658569335938,0.01587869133800268,0.010775660164654255,0.004834175109863281,0.007119937799870968,30.0002019405365,30.023260571993887
N40_L4_balanced_poisson_hS2,4,0.5,300,300,fixed_size_closest_dimension,fixed_size_2,40,4,"[10, 10, 10, 10]",balanced,poisson,1,2,4,"[[2, 2, 2, 2, 2], [2, 2, 2, 2, 2], [2, 2, 2, 2, 2], [2, 2, 2, 2, 2]]",20,"[5, 5, 5, 5]",150,600,0.75,1217,30.425,,,,TIME_LIMIT,0.7258053085915014,15355.0,0.006339073181152344,0.01566590927541256,30.006086111068726,30.02180816140026,12.5,TIME_LIMIT,0.5139984215831916,55302.0,0.0016460418701171875,4.8383139073848724e-05,4.8383139073848724e-05,0.0,0.007281210273504257,30.00014090538025,30.007526920177042
N40_L4_balanced_poisson_hS2,4,0.5,300,300,threshold_closest_dimension,release_gap_threshold_1,40,4,"[10, 10, 10, 10]",balanced,poisson,1,2,4,"[[3, 2, 2, 2, 1], [1, 1, 3, 2, 3], [4, 4, 1, 1], [4, 2, 1, 1, 1, 1]]",20,"[5, 5, 4, 6]",149,600,0.7516666666666667,0,0.0,,,,TIME_LIMIT,0.7258053085915014,15355.0,0.006339073181152344,0.01566590927541256,30.006086111068726,30.02180816140026,11.8,TIME_LIMIT,0.3557125259757182,77855.0,0.0017499923706054688,0.00011933967471122742,0.00011933967471122742,0.0,0.006677679717540741,30.000155925750732,30.00700958725065
N40_L4_balanced_poisson_hS2,4,0.75,150,150,proposed_bound_aware,min_Bidx_under_C_budget,40,4,"[10, 10, 10, 10]",balanced,poisson,1,2,4,"[[3, 2, 2, 2, 1], [1, 1, 3, 2, 3], [4, 4, 1, 1], [4, 2, 1, 1, 1, 1]]",20,"[5, 5, 4, 6]",149,600,0.7516666666666667,0,0.0,,,,TIME_LIMIT,0.7258053085915014,15355.0,0.006339073181152344,0.01566590927541256,30.006086111068726,30.02180816140026,11.8,TIME_LIMIT,0.3557424477210522,77788.0,0.0017430782318115234,0.015323151834309101,0.010569038800895214,0.004491090774536133,0.0067464932799339294,30.00014090538025,30.022265527397394
N40_L4_balanced_poisson_hS2,4,0.75,150,150,fixed_size_closest_dimension,fixed_size_2,40,4,"[10, 10, 10, 10]",balanced,poisson,1,2,4,"[[2, 2, 2, 2, 2], [2, 2, 2, 2, 2], [2, 2, 2, 2, 2], [2, 2, 2, 2, 2]]",20,"[5, 5, 5, 5]",150,600,0.75,1217,30.425,,,,TIME_LIMIT,0.7258053085915014,15355.0,0.006339073181152344,0.01566590927541256,30.006086111068726,30.02180816140026,12.5,TIME_LIMIT,0.5134926702491928,55778.0,0.0016009807586669922,4.780292510986328e-05,4.780292510986328e-05,0.0,0.007380041293799877,30.000132083892822,30.00761615205556
N40_L4_balanced_poisson_hS2,4,0.75,150,150,threshold_closest_dimension,release_gap_threshold_1,40,4,"[10, 10, 10, 10]",balanced,poisson,1,2,4,"[[3, 2, 2, 2, 1], [1, 1, 3, 2, 3], [4, 4, 1, 1], [4, 2, 1, 1, 1, 1]]",20,"[5, 5, 4, 6]",149,600,0.7516666666666667,0,0.0,,,,TIME_LIMIT,0.7258053085915014,15355.0,0.006339073181152344,0.01566590927541256,30.006086111068726,30.02180816140026,11.8,TIME_LIMIT,0.3560046030971911,77360.0,0.0017359256744384766,0.00012831389904022217,0.00012831389904022217,0.0,0.006806382909417152,30.000258922576904,30.007248483598232
N40_L4_balanced_poisson_hS2,4,0.9,60,60,proposed_bound_aware,min_Bidx_under_C_budget,40,4,"[10, 10, 10, 10]",balanced,poisson,1,2,4,"[[3, 4, 3], [2, 4, 4], [4, 4, 2], [3, 4, 3]]",12,"[3, 3, 3, 3]",54,600,0.91,913,22.825,,,,TIME_LIMIT,0.7258053085915014,15355.0,0.006339073181152344,0.01566590927541256,30.006086111068726,30.02180816140026,11.6,OPTIMAL,0.0,17329.0,0.0010418891906738281,0.12195394933223724,0.010914330370724201,0.11077308654785156,0.005548213608562946,2.209635019302368,2.3371951896697283
N40_L4_balanced_poisson_hS2,4,0.9,60,60,fixed_size_closest_dimension,fixed_size_4,40,4,"[10, 10, 10, 10]",balanced,poisson,1,2,4,"[[4, 4, 2], [4, 4, 2], [4, 4, 2], [4, 4, 2]]",12,"[3, 3, 3, 3]",54,600,0.91,1691,42.275,,,,TIME_LIMIT,0.7258053085915014,15355.0,0.006339073181152344,0.01566590927541256,30.006086111068726,30.02180816140026,11.825,OPTIMAL,0.0,6506.0,0.0009109973907470703,4.632025957107544e-05,4.632025957107544e-05,0.0,0.005334279499948025,0.6987640857696533,0.7041943185031414
N40_L4_balanced_poisson_hS2,4,0.9,60,60,threshold_closest_dimension,release_gap_threshold_10,40,4,"[10, 10, 10, 10]",balanced,poisson,1,2,4,"[[4, 4, 2], [4, 4, 2], [4, 4, 2], [4, 4, 2]]",12,"[3, 3, 3, 3]",54,600,0.91,1691,42.275,,,,TIME_LIMIT,0.7258053085915014,15355.0,0.006339073181152344,0.01566590927541256,30.006086111068726,30.02180816140026,11.825,OPTIMAL,0.0,6506.0,0.0008819103240966797,0.0001233462244272232,0.0001233462244272232,0.0,0.0051423292607069016,0.6944658756256104,0.6997803384438157
N40_L4_balanced_poisson_hS2,5,0.25,450,450,proposed_bound_aware,min_Bidx_under_C_budget,40,4,"[10, 10, 10, 10]",balanced,poisson,1,2,4,"[[2, 1, 1, 1, 3, 2], [1, 1, 4, 1, 1, 2], [1, 1, 4, 3, 1], [3, 1, 2, 1, 3]]",22,"[6, 6, 5, 5]",181,600,0.6983333333333334,0,0.0,,,,TIME_LIMIT,0.7311148856349972,15326.0,0.007107973098754883,0.025063266046345234,30.000503063201904,30.025641817599535,10.025,TIME_LIMIT,0.4886010535007539,52356.0,0.002171039581298828,0.021364578045904636,0.010691353119909763,0.010398149490356445,0.008315964601933956,30.000142097473145,30.02987700421363
N40_L4_balanced_poisson_hS2,5,0.25,450,450,fixed_size_closest_dimension,fixed_size_2,40,4,"[10, 10, 10, 10]",balanced,poisson,1,2,4,"[[2, 2, 2, 2, 2], [2, 2, 2, 2, 2], [2, 2, 2, 2, 2], [2, 2, 2, 2, 2]]",20,"[5, 5, 5, 5]",150,600,0.75,704,17.6,,,,TIME_LIMIT,0.7311148856349972,15326.0,0.007107973098754883,0.025063266046345234,30.000503063201904,30.025641817599535,10.475,TIME_LIMIT,0.41662304375748116,68872.0,0.0016040802001953125,2.1321699023246765e-05,2.1321699023246765e-05,0.0,0.006816699169576168,30.000158071517944,30.007049966603518
N40_L4_balanced_poisson_hS2,5,0.25,450,450,threshold_closest_dimension,release_gap_threshold_0,40,4,"[10, 10, 10, 10]",balanced,poisson,1,2,4,"[[1, 1, 1, 1, 1, 1, 1, 1, 2], [1, 1, 2, 1, 1, 1, 1, 1, 1], [1, 1, 2, 2, 3, 1], [1, 1, 1, 1, 2, 1, 2, 1]]",32,"[9, 9, 6, 8]",381,600,0.365,0,0.0,,,,TIME_LIMIT,0.7311148856349972,15326.0,0.007107973098754883,0.025063266046345234,30.000503063201904,30.025641817599535,11.025,TIME_LIMIT,0.6876692237513905,18040.0,0.0038590431213378906,0.00010279566049575806,0.00010279566049575806,0.0,0.011307884939014912,30.000100135803223,30.011567145586014
N40_L4_balanced_poisson_hS2,5,0.5,300,300,proposed_bound_aware,min_Bidx_under_C_budget,40,4,"[10, 10, 10, 10]",balanced,poisson,1,2,4,"[[2, 1, 1, 1, 3, 2], [1, 1, 4, 1, 1, 2], [1, 1, 4, 3, 1], [3, 1, 2, 1, 3]]",22,"[6, 6, 5, 5]",181,600,0.6983333333333334,0,0.0,,,,TIME_LIMIT,0.7311148856349972,15326.0,0.007107973098754883,0.025063266046345234,30.000503063201904,30.025641817599535,10.025,TIME_LIMIT,0.48858392583365595,52378.0,0.0020258426666259766,0.02014685794711113,0.012162315659224987,0.0077059268951416016,0.007175261154770851,30.000289916992188,30.027666124515235
N40_L4_balanced_poisson_hS2,5,0.5,300,300,fixed_size_closest_dimension,fixed_size_2,40,4,"[10, 10, 10, 10]",balanced,poisson,1,2,4,"[[2, 2, 2, 2, 2], [2, 2, 2, 2, 2], [2, 2, 2, 2, 2], [2, 2, 2, 2, 2]]",20,"[5, 5, 5, 5]",150,600,0.75,704,17.6,,,,TIME_LIMIT,0.7311148856349972,15326.0,0.007107973098754883,0.025063266046345234,30.000503063201904,30.025641817599535,10.475,TIME_LIMIT,0.41692842866747254,68692.0,0.0016248226165771484,6.69313594698906e-05,6.69313594698906e-05,0.0,0.007328592240810394,30.000346899032593,30.007797146216035
N40_L4_balanced_poisson_hS2,5,0.5,300,300,threshold_closest_dimension,release_gap_threshold_1,40,4,"[10, 10, 10, 10]",balanced,poisson,1,2,4,"[[2, 1, 1, 1, 3, 2], [1, 1, 4, 1, 1, 2], [1, 1, 4, 3, 1], [3, 1, 2, 1, 3]]",22,"[6, 6, 5, 5]",181,600,0.6983333333333334,0,0.0,,,,TIME_LIMIT,0.7311148856349972,15326.0,0.007107973098754883,0.025063266046345234,30.000503063201904,30.025641817599535,10.025,TIME_LIMIT,0.488780743255106,52084.0,0.002048969268798828,4.514772444963455e-05,4.514772444963455e-05,0.0,0.007374021224677563,30.000200986862183,30.00767649896443
N40_L4_balanced_poisson_hS2,5,0.75,150,150,proposed_bound_aware,min_Bidx_under_C_budget,40,4,"[10, 10, 10, 10]",balanced,poisson,1,2,4,"[[2, 1, 1, 1, 3, 2], [1, 1, 4, 1, 1, 2], [1, 1, 4, 4], [3, 1, 3, 3]]",20,"[6, 6, 4, 4]",148,600,0.7533333333333333,61,1.525,,,,TIME_LIMIT,0.7311148856349972,15326.0,0.007107973098754883,0.025063266046345234,30.000503063201904,30.025641817599535,10.025,TIME_LIMIT,0.45624718841862966,65505.0,0.0017430782318115234,0.025705727748572826,0.012057507410645485,0.013355016708374023,0.007422043941915035,30.00013303756714,30.033315075561404
N40_L4_balanced_poisson_hS2,5,0.75,150,150,fixed_size_closest_dimension,fixed_size_2,40,4,"[10, 10, 10, 10]",balanced,poisson,1,2,4,"[[2, 2, 2, 2, 2], [2, 2, 2, 2, 2], [2, 2, 2, 2, 2], [2, 2, 2, 2, 2]]",20,"[5, 5, 5, 5]",150,600,0.75,704,17.6,,,,TIME_LIMIT,0.7311148856349972,15326.0,0.007107973098754883,0.025063266046345234,30.000503063201904,30.025641817599535,10.475,TIME_LIMIT,0.416845072844652,68780.0,0.001622915267944336,6.39772042632103e-05,6.39772042632103e-05,0.0,0.00757406372576952,30.00016188621521,30.007855935022235
N40_L4_balanced_poisson_hS2,5,0.75,150,150,threshold_closest_dimension,release_gap_threshold_2,40,4,"[10, 10, 10, 10]",balanced,poisson,1,2,4,"[[2, 1, 1, 1, 3, 2], [1, 4, 2, 1, 2], [1, 1, 4, 4], [4, 3, 3]]",18,"[6, 5, 4, 3]",119,600,0.8016666666666666,132,3.3,,,,TIME_LIMIT,0.7311148856349972,15326.0,0.007107973098754883,0.025063266046345234,30.000503063201904,30.025641817599535,10.175,TIME_LIMIT,0.2800134886068859,75642.0,0.0014960765838623047,0.00010905507951974869,0.00010905507951974869,0.0,0.006316463463008404,30.000240087509155,30.00672036781907
N40_L4_balanced_poisson_hS2,5,0.9,60,60,proposed_bound_aware,min_Bidx_under_C_budget,40,4,"[10, 10, 10, 10]",balanced,poisson,1,2,4,"[[4, 4, 2], [4, 3, 3], [2, 4, 4], [4, 3, 3]]",12,"[3, 3, 3, 3]",54,600,0.91,855,21.375,,,,TIME_LIMIT,0.7311148856349972,15326.0,0.007107973098754883,0.025063266046345234,30.000503063201904,30.025641817599535,10.175,OPTIMAL,0.0,6329.0,0.0010578632354736328,0.12006174679845572,0.010739675723016262,0.10904192924499512,0.0053105428814888,0.8365669250488281,0.9619965543970466
N40_L4_balanced_poisson_hS2,5,0.9,60,60,fixed_size_closest_dimension,fixed_size_4,40,4,"[10, 10, 10, 10]",balanced,poisson,1,2,4,"[[4, 4, 2], [4, 4, 2], [4, 4, 2], [4, 4, 2]]",12,"[3, 3, 3, 3]",54,600,0.91,996,24.9,,,,TIME_LIMIT,0.7311148856349972,15326.0,0.007107973098754883,0.025063266046345234,30.000503063201904,30.025641817599535,10.475,OPTIMAL,0.0,3520.0,0.0008969306945800781,4.6710483729839325e-05,4.6710483729839325e-05,0.0,0.005047435872256756,0.3548450469970703,0.35998592898249626
N40_L4_balanced_poisson_hS2,5,0.9,60,60,threshold_closest_dimension,release_gap_threshold_10,40,4,"[10, 10, 10, 10]",balanced,poisson,1,2,4,"[[4, 4, 2], [4, 4, 2], [4, 4, 2], [4, 4, 2]]",12,"[3, 3, 3, 3]",54,600,0.91,996,24.9,,,,TIME_LIMIT,0.7311148856349972,15326.0,0.007107973098754883,0.025063266046345234,30.000503063201904,30.025641817599535,10.475,OPTIMAL,0.0,3520.0,0.0008800029754638672,0.00010861363261938095,0.00010861363261938095,0.0,0.004592308774590492,0.35520291328430176,0.3599500050768256
N40_L4_balanced_poisson_hS2,6,0.25,450,450,proposed_bound_aware,min_Bidx_under_C_budget,40,4,"[10, 10, 10, 10]",balanced,poisson,1,2,4,"[[1, 4, 1, 3, 1], [3, 4, 1, 2], [2, 3, 2, 1, 1, 1], [1, 1, 1, 1, 1, 2, 1, 1, 1]]",24,"[5, 4, 6, 9]",209,600,0.6516666666666666,0,0.0,,,,TIME_LIMIT,0.7975062865581392,15398.0,0.0062329769134521484,0.015441039577126503,30.00130605697632,30.016803052276373,11.35,TIME_LIMIT,0.438517458191842,63342.0,0.0024170875549316406,0.020547264255583286,0.010756191797554493,0.009515047073364258,0.007911242544651031,30.00014305114746,30.028656891547143
N40_L4_balanced_poisson_hS2,6,0.25,450,450,fixed_size_closest_dimension,fixed_size_2,40,4,"[10, 10, 10, 10]",balanced,poisson,1,2,4,"[[2, 2, 2, 2, 2], [2, 2, 2, 2, 2], [2, 2, 2, 2, 2], [2, 2, 2, 2, 2]]",20,"[5, 5, 5, 5]",150,600,0.75,1162,29.05,,,,TIME_LIMIT,0.7975062865581392,15398.0,0.0062329769134521484,0.015441039577126503,30.00130605697632,30.016803052276373,12.4,TIME_LIMIT,0.4996467108202411,58568.0,0.0016410350799560547,4.621036350727081e-05,4.621036350727081e-05,0.0,0.007461142726242542,30.000137090682983,30.007701978087425
N40_L4_balanced_poisson_hS2,6,0.25,450,450,threshold_closest_dimension,release_gap_threshold_0,40,4,"[10, 10, 10, 10]",balanced,poisson,1,2,4,"[[1, 1, 1, 3, 2, 1, 1], [3, 1, 1, 2, 1, 1, 1], [2, 1, 1, 1, 2, 1, 1, 1], [1, 1, 1, 1, 1, 1, 1, 1, 1, 1]]",32,"[7, 7, 8, 10]",381,600,0.365,0,0.0,,,,TIME_LIMIT,0.7975062865581392,15398.0,0.0062329769134521484,0.015441039577126503,30.00130605697632,30.016803052276373,12.275,TIME_LIMIT,0.6777320157092394,27475.0,0.004477024078369141,0.00011844933032989502,0.00011844933032989502,0.0,0.011848400346934795,30.000120878219604,30.012152194045484
N40_L4_balanced_poisson_hS2,6,0.5,300,300,proposed_bound_aware,min_Bidx_under_C_budget,40,4,"[10, 10, 10, 10]",balanced,poisson,1,2,4,"[[1, 4, 1, 3, 1], [3, 4, 1, 2], [2, 3, 2, 1, 1, 1], [1, 1, 1, 1, 1, 2, 1, 1, 1]]",24,"[5, 4, 6, 9]",209,600,0.6516666666666666,0,0.0,,,,TIME_LIMIT,0.7975062865581392,15398.0,0.0062329769134521484,0.015441039577126503,30.00130605697632,30.016803052276373,11.35,TIME_LIMIT,0.43672041492846203,64481.0,0.0025339126586914062,0.01895966473966837,0.011040139943361282,0.007642030715942383,0.008101961575448513,30.00014901161194,30.027268571779132
N40_L4_balanced_poisson_hS2,6,0.5,300,300,fixed_size_closest_dimension,fixed_size_2,40,4,"[10, 10, 10, 10]",balanced,poisson,1,2,4,"[[2, 2, 2, 2, 2], [2, 2, 2, 2, 2], [2, 2, 2, 2, 2], [2, 2, 2, 2, 2]]",20,"[5, 5, 5, 5]",150,600,0.75,1162,29.05,,,,TIME_LIMIT,0.7975062865581392,15398.0,0.0062329769134521484,0.015441039577126503,30.00130605697632,30.016803052276373,12.4,TIME_LIMIT,0.4993606570687013,58817.0,0.0016062259674072266,1.789722591638565e-05,1.789722591638565e-05,0.0,0.0067916614934802055,30.000164031982422,30.00703087169677
N40_L4_balanced_poisson_hS2,6,0.5,300,300,threshold_closest_dimension,release_gap_threshold_1,40,4,"[10, 10, 10, 10]",balanced,poisson,1,2,4,"[[1, 4, 1, 3, 1], [3, 4, 1, 2], [2, 3, 2, 1, 1, 1], [1, 1, 1, 1, 1, 2, 1, 1, 1]]",24,"[5, 4, 6, 9]",209,600,0.6516666666666666,0,0.0,,,,TIME_LIMIT,0.7975062865581392,15398.0,0.0062329769134521484,0.015441039577126503,30.00130605697632,30.016803052276373,11.35,TIME_LIMIT,0.4366954439286849,64528.0,0.002318143844604492,4.7652050852775574e-05,4.7652050852775574e-05,0.0,0.007843981496989727,30.000248193740845,30.00819526333362
N40_L4_balanced_poisson_hS2,6,0.75,150,150,proposed_bound_aware,min_Bidx_under_C_budget,40,4,"[10, 10, 10, 10]",balanced,poisson,1,2,4,"[[1, 4, 1, 3, 1], [3, 3, 4], [2, 3, 2, 3], [1, 1, 1, 1, 1, 2, 2, 1]]",20,"[5, 3, 4, 8]",143,600,0.7616666666666667,119,2.975,,,,TIME_LIMIT,0.7975062865581392,15398.0,0.0062329769134521484,0.015441039577126503,30.00130605697632,30.016803052276373,11.75,TIME_LIMIT,0.3638297872340537,100985.0,0.0019948482513427734,0.07726951502263546,0.011343298479914665,0.06565499305725098,0.007236313074827194,30.000288009643555,30.084853474982083
N40_L4_balanced_poisson_hS2,6,0.75,150,150,fixed_size_closest_dimension,fixed_size_2,40,4,"[10, 10, 10, 10]",balanced,poisson,1,2,4,"[[2, 2, 2, 2, 2], [2, 2, 2, 2, 2], [2, 2, 2, 2, 2], [2, 2, 2, 2, 2]]",20,"[5, 5, 5, 5]",150,600,0.75,1162,29.05,,,,TIME_LIMIT,0.7975062865581392,15398.0,0.0062329769134521484,0.015441039577126503,30.00130605697632,30.016803052276373,12.4,TIME_LIMIT,0.4992066158901229,58994.0,0.001661062240600586,4.66909259557724e-05,4.66909259557724e-05,0.0,0.007566262036561966,30.000158071517944,30.007829337380826
N40_L4_balanced_poisson_hS2,6,0.75,150,150,threshold_closest_dimension,release_gap_threshold_2,40,4,"[10, 10, 10, 10]",balanced,poisson,1,2,4,"[[4, 4, 1, 1], [3, 4, 3], [4, 1, 2, 3], [1, 1, 1, 1, 3, 2, 1]]",18,"[4, 3, 4, 7]",117,600,0.805,257,6.425,,,,TIME_LIMIT,0.7975062865581392,15398.0,0.0062329769134521484,0.015441039577126503,30.00130605697632,30.016803052276373,11.25,OPTIMAL,0.0,171427.0,0.0014920234680175781,4.51384112238884e-05,4.51384112238884e-05,0.0,0.006144983693957329,21.8906729221344,21.896919740363955
N40_L4_balanced_poisson_hS2,6,0.9,60,60,proposed_bound_aware,min_Bidx_under_C_budget,40,4,"[10, 10, 10, 10]",balanced,poisson,1,2,4,"[[4, 2, 4], [3, 4, 3], [3, 4, 3], [3, 4, 3]]",12,"[3, 3, 3, 3]",54,600,0.91,807,20.175,,,,TIME_LIMIT,0.7975062865581392,15398.0,0.0062329769134521484,0.015441039577126503,30.00130605697632,30.016803052276373,12.375,OPTIMAL,0.0,16846.0,0.0010640621185302734,0.12110535427927971,0.010916563682258129,0.1099250316619873,0.005333868786692619,1.633498191833496,1.7599946716800332
N40_L4_balanced_poisson_hS2,6,0.9,60,60,fixed_size_closest_dimension,fixed_size_4,40,4,"[10, 10, 10, 10]",balanced,poisson,1,2,4,"[[4, 4, 2], [4, 4, 2], [4, 4, 2], [4, 4, 2]]",12,"[3, 3, 3, 3]",54,600,0.91,1380,34.5,,,,TIME_LIMIT,0.7975062865581392,15398.0,0.0062329769134521484,0.015441039577126503,30.00130605697632,30.016803052276373,12.375,OPTIMAL,0.0,4479.0,0.0008940696716308594,3.9099715650081635e-05,3.9099715650081635e-05,0.0,0.0057386597618460655,0.4577751159667969,0.46360686514526606
N40_L4_balanced_poisson_hS2,6,0.9,60,60,threshold_closest_dimension,release_gap_threshold_5,40,4,"[10, 10, 10, 10]",balanced,poisson,1,2,4,"[[4, 4, 2], [3, 4, 3], [4, 4, 2], [3, 4, 3]]",12,"[3, 3, 3, 3]",54,600,0.91,939,23.475,,,,TIME_LIMIT,0.7975062865581392,15398.0,0.0062329769134521484,0.015441039577126503,30.00130605697632,30.016803052276373,12.375,OPTIMAL,0.0,9779.0,0.0008740425109863281,0.00011660624295473099,0.00011660624295473099,0.0,0.004591858014464378,1.0456299781799316,1.0503872008994222
N40_L4_balanced_poisson_hS2,7,0.25,450,450,proposed_bound_aware,min_Bidx_under_C_budget,40,4,"[10, 10, 10, 10]",balanced,poisson,1,2,4,"[[2, 3, 2, 1, 1, 1], [1, 2, 1, 1, 1, 1, 3], [3, 3, 1, 2, 1], [1, 1, 1, 1, 1, 1, 1, 1, 2]]",27,"[6, 7, 5, 9]",269,600,0.5516666666666666,0,0.0,,,,TIME_LIMIT,0.8044327086381725,10634.0,0.006422996520996094,0.015628281980752945,30.000274181365967,30.01595882885158,11.0,TIME_LIMIT,0.6777619945505555,31172.0,0.002680063247680664,0.01621293555945158,0.011003385297954082,0.004945993423461914,0.009280231781303883,30.000182151794434,30.025729831308126
N40_L4_balanced_poisson_hS2,7,0.25,450,450,fixed_size_closest_dimension,fixed_size_2,40,4,"[10, 10, 10, 10]",balanced,poisson,1,2,4,"[[2, 2, 2, 2, 2], [2, 2, 2, 2, 2], [2, 2, 2, 2, 2], [2, 2, 2, 2, 2]]",20,"[5, 5, 5, 5]",150,600,0.75,1571,39.275,,,,TIME_LIMIT,0.8044327086381725,10634.0,0.006422996520996094,0.015628281980752945,30.000274181365967,30.01595882885158,10.9,TIME_LIMIT,0.5034455682844363,62342.0,0.0016100406646728516,1.829676330089569e-05,1.829676330089569e-05,0.0,0.0068155983462929726,30.00015616416931,30.007046340033412
N40_L4_balanced_poisson_hS2,7,0.25,450,450,threshold_closest_dimension,release_gap_threshold_1,40,4,"[10, 10, 10, 10]",balanced,poisson,1,2,4,"[[2, 4, 1, 1, 1, 1], [1, 2, 1, 1, 1, 1, 3], [3, 3, 1, 2, 1], [1, 1, 1, 1, 1, 1, 1, 1, 2]]",27,"[6, 7, 5, 9]",269,600,0.5516666666666666,0,0.0,,,,TIME_LIMIT,0.8044327086381725,10634.0,0.006422996520996094,0.015628281980752945,30.000274181365967,30.01595882885158,10.7,TIME_LIMIT,0.6698266172155755,37932.0,0.0029320716857910156,0.00015227030962705612,0.00015227030962705612,0.0,0.009584140963852406,30.00019907951355,30.009996603243053
N40_L4_balanced_poisson_hS2,7,0.5,300,300,proposed_bound_aware,min_Bidx_under_C_budget,40,4,"[10, 10, 10, 10]",balanced,poisson,1,2,4,"[[2, 3, 2, 1, 1, 1], [1, 2, 1, 1, 1, 1, 3], [3, 3, 1, 2, 1], [1, 1, 1, 1, 1, 1, 1, 1, 2]]",27,"[6, 7, 5, 9]",269,600,0.5516666666666666,0,0.0,,,,TIME_LIMIT,0.8044327086381725,10634.0,0.006422996520996094,0.015628281980752945,30.000274181365967,30.01595882885158,11.0,TIME_LIMIT,0.6777070918508814,31205.0,0.002710103988647461,0.01637845579534769,0.010624782182276249,0.00548100471496582,0.008906656876206398,30.0001699924469,30.025509763509035
N40_L4_balanced_poisson_hS2,7,0.5,300,300,fixed_size_closest_dimension,fixed_size_2,40,4,"[10, 10, 10, 10]",balanced,poisson,1,2,4,"[[2, 2, 2, 2, 2], [2, 2, 2, 2, 2], [2, 2, 2, 2, 2], [2, 2, 2, 2, 2]]",20,"[5, 5, 5, 5]",150,600,0.75,1571,39.275,,,,TIME_LIMIT,0.8044327086381725,10634.0,0.006422996520996094,0.015628281980752945,30.000274181365967,30.01595882885158,10.9,TIME_LIMIT,0.5034199138345686,62364.0,0.0016009807586669922,4.753191024065018e-05,4.753191024065018e-05,0.0,0.00699607003480196,30.000164031982422,30.007262595929205
N40_L4_balanced_poisson_hS2,7,0.5,300,300,threshold_closest_dimension,release_gap_threshold_1,40,4,"[10, 10, 10, 10]",balanced,poisson,1,2,4,"[[2, 4, 1, 1, 1, 1], [1, 2, 1, 1, 1, 1, 3], [3, 3, 1, 2, 1], [1, 1, 1, 1, 1, 1, 1, 1, 2]]",27,"[6, 7, 5, 9]",269,600,0.5516666666666666,0,0.0,,,,TIME_LIMIT,0.8044327086381725,10634.0,0.006422996520996094,0.015628281980752945,30.000274181365967,30.01595882885158,10.7,TIME_LIMIT,0.6697862297883618,37969.0,0.0029418468475341797,0.0001408727839589119,0.0001408727839589119,0.0,0.011011466383934021,30.000226974487305,30.01143556088209
N40_L4_balanced_poisson_hS2,7,0.75,150,150,proposed_bound_aware,min_Bidx_under_C_budget,40,4,"[10, 10, 10, 10]",balanced,poisson,1,2,4,"[[2, 2, 4, 1, 1], [1, 4, 1, 4], [3, 4, 2, 1], [1, 1, 3, 1, 1, 1, 2]]",20,"[5, 4, 4, 7]",147,600,0.755,338,8.45,,,,TIME_LIMIT,0.8044327086381725,10634.0,0.006422996520996094,0.015628281980752945,30.000274181365967,30.01595882885158,10.6,TIME_LIMIT,0.3679245283018948,93033.0,0.002000093460083008,0.09870532248169184,0.010960610583424568,0.0874791145324707,0.007490257732570171,30.000173091888428,30.106430927291512
N40_L4_balanced_poisson_hS2,7,0.75,150,150,fixed_size_closest_dimension,fixed_size_2,40,4,"[10, 10, 10, 10]",balanced,poisson,1,2,4,"[[2, 2, 2, 2, 2], [2, 2, 2, 2, 2], [2, 2, 2, 2, 2], [2, 2, 2, 2, 2]]",20,"[5, 5, 5, 5]",150,600,0.75,1571,39.275,,,,TIME_LIMIT,0.8044327086381725,10634.0,0.006422996520996094,0.015628281980752945,30.000274181365967,30.01595882885158,10.9,TIME_LIMIT,0.5037001562789191,62201.0,0.0016050338745117188,4.8372894525527954e-05,4.8372894525527954e-05,0.0,0.0072573451325297356,30.000165939331055,30.007529043592513
N40_L4_balanced_poisson_hS2,7,0.75,150,150,threshold_closest_dimension,release_gap_threshold_3,40,4,"[10, 10, 10, 10]",balanced,poisson,1,2,4,"[[4, 4, 1, 1], [1, 4, 4, 1], [3, 4, 2, 1], [2, 3, 1, 1, 1, 2]]",18,"[4, 4, 4, 6]",120,600,0.8,520,13.0,,,,TIME_LIMIT,0.8044327086381725,10634.0,0.006422996520996094,0.015628281980752945,30.000274181365967,30.01595882885158,10.85,TIME_LIMIT,0.15608794451567282,176352.0,0.0015041828155517578,0.00013905949890613556,0.00013905949890613556,0.0,0.0067067332565784454,30.000121116638184,30.007023523561656
N40_L4_balanced_poisson_hS2,7,0.9,60,60,proposed_bound_aware,min_Bidx_under_C_budget,40,4,"[10, 10, 10, 10]",balanced,poisson,1,2,4,"[[4, 4, 2], [3, 3, 4], [3, 4, 3], [3, 4, 3]]",12,"[3, 3, 3, 3]",54,600,0.91,1620,40.5,,,,TIME_LIMIT,0.8044327086381725,10634.0,0.006422996520996094,0.015628281980752945,30.000274181365967,30.01595882885158,10.875,OPTIMAL,0.0,8002.0,0.0010480880737304688,0.17084089200943708,0.010951487347483635,0.159621000289917,0.005872081965208054,0.9414329528808594,1.1182053769007325
N40_L4_balanced_poisson_hS2,7,0.9,60,60,fixed_size_closest_dimension,fixed_size_4,40,4,"[10, 10, 10, 10]",balanced,poisson,1,2,4,"[[4, 4, 2], [4, 4, 2], [4, 4, 2], [4, 4, 2]]",12,"[3, 3, 3, 3]",54,600,0.91,1997,49.925,,,,TIME_LIMIT,0.8044327086381725,10634.0,0.006422996520996094,0.015628281980752945,30.000274181365967,30.01595882885158,11.35,OPTIMAL,0.0,5187.0,0.000888824462890625,4.6129338443279266e-05,4.6129338443279266e-05,0.0,0.005565389059484005,0.6636989116668701,0.6693597501143813
N40_L4_balanced_poisson_hS2,7,0.9,60,60,threshold_closest_dimension,release_gap_threshold_10,40,4,"[10, 10, 10, 10]",balanced,poisson,1,2,4,"[[4, 4, 2], [4, 4, 2], [4, 4, 2], [4, 4, 2]]",12,"[3, 3, 3, 3]",54,600,0.91,1997,49.925,,,,TIME_LIMIT,0.8044327086381725,10634.0,0.006422996520996094,0.015628281980752945,30.000274181365967,30.01595882885158,11.35,OPTIMAL,0.0,5187.0,0.0008809566497802734,5.1247887313365936e-05,5.1247887313365936e-05,0.0,0.0046449583023786545,0.6658849716186523,0.6706292992457747
N40_L4_balanced_poisson_hS2,8,0.25,450,450,proposed_bound_aware,min_Bidx_under_C_budget,40,4,"[10, 10, 10, 10]",balanced,poisson,1,2,4,"[[1, 2, 2, 3, 1, 1], [1, 1, 1, 3, 2, 2], [3, 3, 4], [3, 1, 2, 3, 1]]",20,"[6, 6, 3, 5]",147,600,0.755,0,0.0,,,,TIME_LIMIT,0.7401208163395891,14785.0,0.00638890266418457,0.015370242297649384,30.00017786026001,30.015605865977705,12.8,TIME_LIMIT,0.39838129496403174,69555.0,0.0017409324645996094,0.016397925093770027,0.011014590971171856,0.005121946334838867,0.0066647399216890335,30.000636100769043,30.023752476088703
N40_L4_balanced_poisson_hS2,8,0.25,450,450,fixed_size_closest_dimension,fixed_size_2,40,4,"[10, 10, 10, 10]",balanced,poisson,1,2,4,"[[2, 2, 2, 2, 2], [2, 2, 2, 2, 2], [2, 2, 2, 2, 2], [2, 2, 2, 2, 2]]",20,"[5, 5, 5, 5]",150,600,0.75,492,12.3,,,,TIME_LIMIT,0.7401208163395891,14785.0,0.00638890266418457,0.015370242297649384,30.00017786026001,30.015605865977705,12.8,TIME_LIMIT,0.46813732272374,57737.0,0.0016269683837890625,4.9334950745105743e-05,4.9334950745105743e-05,0.0,0.007021918892860413,30.000132083892822,30.007257195189595
N40_L4_balanced_poisson_hS2,8,0.25,450,450,threshold_closest_dimension,release_gap_threshold_0,40,4,"[10, 10, 10, 10]",balanced,poisson,1,2,4,"[[1, 1, 1, 2, 1, 1, 1, 1, 1], [1, 1, 1, 2, 1, 2, 2], [2, 1, 3, 1, 1, 2], [1, 2, 1, 2, 1, 1, 1, 1]]",30,"[9, 7, 6, 8]",335,600,0.44166666666666665,0,0.0,,,,TIME_LIMIT,0.7401208163395891,14785.0,0.00638890266418457,0.015370242297649384,30.00017786026001,30.015605865977705,13.25,TIME_LIMIT,0.6711888576142829,22568.0,0.0034170150756835938,4.144292324781418e-05,4.144292324781418e-05,0.0,0.010117425583302975,30.000118017196655,30.010333662852645
N40_L4_balanced_poisson_hS2,8,0.5,300,300,proposed_bound_aware,min_Bidx_under_C_budget,40,4,"[10, 10, 10, 10]",balanced,poisson,1,2,4,"[[1, 2, 2, 3, 1, 1], [1, 1, 1, 3, 2, 2], [3, 3, 4], [3, 1, 2, 3, 1]]",20,"[6, 6, 3, 5]",147,600,0.755,0,0.0,,,,TIME_LIMIT,0.7401208163395891,14785.0,0.00638890266418457,0.015370242297649384,30.00017786026001,30.015605865977705,12.8,TIME_LIMIT,0.39838129496403174,69555.0,0.001756906509399414,0.016077570617198944,0.01099675428122282,0.004815101623535156,0.00654654111713171,30.000728845596313,30.023406740278006
N40_L4_balanced_poisson_hS2,8,0.5,300,300,fixed_size_closest_dimension,fixed_size_2,40,4,"[10, 10, 10, 10]",balanced,poisson,1,2,4,"[[2, 2, 2, 2, 2], [2, 2, 2, 2, 2], [2, 2, 2, 2, 2], [2, 2, 2, 2, 2]]",20,"[5, 5, 5, 5]",150,600,0.75,492,12.3,,,,TIME_LIMIT,0.7401208163395891,14785.0,0.00638890266418457,0.015370242297649384,30.00017786026001,30.015605865977705,12.8,TIME_LIMIT,0.4679626164228282,57912.0,0.001608133316040039,1.7426908016204834e-05,1.7426908016204834e-05,0.0,0.0067926133051514626,30.000132083892822,30.00700135435909
N40_L4_balanced_poisson_hS2,8,0.5,300,300,threshold_closest_dimension,release_gap_threshold_1,40,4,"[10, 10, 10, 10]",balanced,poisson,1,2,4,"[[1, 2, 2, 3, 1, 1], [1, 1, 1, 4, 1, 2], [3, 3, 4], [3, 1, 2, 3, 1]]",20,"[6, 6, 3, 5]",147,600,0.755,0,0.0,,,,TIME_LIMIT,0.7401208163395891,14785.0,0.00638890266418457,0.015370242297649384,30.00017786026001,30.015605865977705,12.8,TIME_LIMIT,0.3964038904069134,70255.0,0.0017118453979492188,9.841844439506531e-05,9.841844439506531e-05,0.0,0.0073458487167954445,30.00019884109497,30.007697401568294
N40_L4_balanced_poisson_hS2,8,0.75,150,150,proposed_bound_aware,min_Bidx_under_C_budget,40,4,"[10, 10, 10, 10]",balanced,poisson,1,2,4,"[[1, 2, 2, 3, 1, 1], [1, 1, 1, 3, 2, 2], [3, 3, 4], [3, 1, 2, 3, 1]]",20,"[6, 6, 3, 5]",147,600,0.755,0,0.0,,,,TIME_LIMIT,0.7401208163395891,14785.0,0.00638890266418457,0.015370242297649384,30.00017786026001,30.015605865977705,12.8,TIME_LIMIT,0.39838129496403174,69555.0,0.0016891956329345703,0.01568344607949257,0.010625634342432022,0.004795074462890625,0.006834637373685837,30.000603199005127,30.023178587667644
N40_L4_balanced_poisson_hS2,8,0.75,150,150,fixed_size_closest_dimension,fixed_size_2,40,4,"[10, 10, 10, 10]",balanced,poisson,1,2,4,"[[2, 2, 2, 2, 2], [2, 2, 2, 2, 2], [2, 2, 2, 2, 2], [2, 2, 2, 2, 2]]",20,"[5, 5, 5, 5]",150,600,0.75,492,12.3,,,,TIME_LIMIT,0.7401208163395891,14785.0,0.00638890266418457,0.015370242297649384,30.00017786026001,30.015605865977705,12.8,TIME_LIMIT,0.4685167910447837,57356.0,0.0016231536865234375,1.7366372048854828e-05,1.7366372048854828e-05,0.0,0.0073797497898340225,30.00012707710266,30.007580584846437
N40_L4_balanced_poisson_hS2,8,0.75,150,150,threshold_closest_dimension,release_gap_threshold_1,40,4,"[10, 10, 10, 10]",balanced,poisson,1,2,4,"[[1, 2, 2, 3, 1, 1], [1, 1, 1, 4, 1, 2], [3, 3, 4], [3, 1, 2, 3, 1]]",20,"[6, 6, 3, 5]",147,600,0.755,0,0.0,,,,TIME_LIMIT,0.7401208163395891,14785.0,0.00638890266418457,0.015370242297649384,30.00017786026001,30.015605865977705,12.8,TIME_LIMIT,0.3964038904069134,70238.0,0.0017518997192382812,9.921006858348846e-05,9.921006858348846e-05,0.0,0.007150133140385151,30.00031590461731,30.007619787938893
N40_L4_balanced_poisson_hS2,8,0.9,60,60,proposed_bound_aware,min_Bidx_under_C_budget,40,4,"[10, 10, 10, 10]",balanced,poisson,1,2,4,"[[4, 4, 2], [2, 4, 4], [3, 3, 4], [3, 3, 4]]",12,"[3, 3, 3, 3]",54,600,0.91,550,13.75,,,,TIME_LIMIT,0.7401208163395891,14785.0,0.00638890266418457,0.015370242297649384,30.00017786026001,30.015605865977705,12.8,OPTIMAL,0.0,22697.0,0.0009999275207519531,0.09624442644417286,0.011316168121993542,0.08466005325317383,0.005356212146580219,4.511680841445923,4.613339864648879
N40_L4_balanced_poisson_hS2,8,0.9,60,60,fixed_size_closest_dimension,fixed_size_4,40,4,"[10, 10, 10, 10]",balanced,poisson,1,2,4,"[[4, 4, 2], [4, 4, 2], [4, 4, 2], [4, 4, 2]]",12,"[3, 3, 3, 3]",54,600,0.91,812,20.3,,,,TIME_LIMIT,0.7401208163395891,14785.0,0.00638890266418457,0.015370242297649384,30.00017786026001,30.015605865977705,13.0,OPTIMAL,0.0,6168.0,0.0009338855743408203,3.8246624171733856e-05,3.8246624171733856e-05,0.0,0.005602724850177765,0.7392158508300781,0.7449061563238502
N40_L4_balanced_poisson_hS2,8,0.9,60,60,threshold_closest_dimension,release_gap_threshold_4,40,4,"[10, 10, 10, 10]",balanced,poisson,1,2,4,"[[4, 4, 2], [2, 4, 4], [4, 4, 2], [4, 4, 2]]",12,"[3, 3, 3, 3]",54,600,0.91,718,17.95,,,,TIME_LIMIT,0.7401208163395891,14785.0,0.00638890266418457,0.015370242297649384,30.00017786026001,30.015605865977705,13.0,OPTIMAL,0.0,11432.0,0.0008769035339355469,9.901914745569229e-05,9.901914745569229e-05,0.0,0.004957129247486591,1.3660359382629395,1.3711445881053805
N40_L4_balanced_poisson_hS2,9,0.25,450,450,proposed_bound_aware,min_Bidx_under_C_budget,40,4,"[10, 10, 10, 10]",balanced,poisson,1,2,4,"[[1, 2, 1, 2, 1, 2, 1], [1, 2, 2, 2, 3], [1, 1, 3, 1, 2, 2], [1, 1, 1, 2, 2, 1, 1, 1]]",26,"[7, 5, 6, 8]",251,600,0.5816666666666667,0,0.0,,,,TIME_LIMIT,0.7816950167421532,13378.0,0.006026029586791992,0.016421211883425713,30.00618600845337,30.022664225660264,10.1,TIME_LIMIT,0.5779630357244033,51297.0,0.0024988651275634766,0.015393387526273727,0.010649070143699646,0.004477977752685547,0.008599922992289066,30.000151872634888,30.024198944680393
N40_L4_balanced_poisson_hS2,9,0.25,450,450,fixed_size_closest_dimension,fixed_size_2,40,4,"[10, 10, 10, 10]",balanced,poisson,1,2,4,"[[2, 2, 2, 2, 2], [2, 2, 2, 2, 2], [2, 2, 2, 2, 2], [2, 2, 2, 2, 2]]",20,"[5, 5, 5, 5]",150,600,0.75,1462,36.55,,,,TIME_LIMIT,0.7816950167421532,13378.0,0.006026029586791992,0.016421211883425713,30.00618600845337,30.022664225660264,9.95,TIME_LIMIT,0.4189522867569446,64802.0,0.0015740394592285156,1.7627142369747162e-05,1.7627142369747162e-05,0.0,0.006869819015264511,30.00016212463379,30.007104268297553
N40_L4_balanced_poisson_hS2,9,0.25,450,450,threshold_closest_dimension,release_gap_threshold_0,40,4,"[10, 10, 10, 10]",balanced,poisson,1,2,4,"[[1, 1, 1, 1, 2, 1, 1, 1, 1], [1, 2, 2, 2, 2, 1], [1, 1, 1, 2, 1, 2, 1, 1], [1, 1, 1, 1, 1, 1, 1, 1, 1, 1]]",33,"[9, 6, 8, 10]",404,600,0.32666666666666666,0,0.0,,,,TIME_LIMIT,0.7816950167421532,13378.0,0.006026029586791992,0.016421211883425713,30.00618600845337,30.022664225660264,10.625,TIME_LIMIT,0.6988649153656274,20457.0,0.004182100296020508,0.00011610519140958786,0.00011610519140958786,0.0,0.011871255934238434,30.000142097473145,30.01218551583588
N40_L4_balanced_poisson_hS2,9,0.5,300,300,proposed_bound_aware,min_Bidx_under_C_budget,40,4,"[10, 10, 10, 10]",balanced,poisson,1,2,4,"[[1, 2, 1, 2, 1, 2, 1], [1, 2, 2, 2, 3], [1, 1, 3, 1, 2, 2], [1, 1, 1, 2, 2, 1, 1, 1]]",26,"[7, 5, 6, 8]",251,600,0.5816666666666667,0,0.0,,,,TIME_LIMIT,0.7816950167421532,13378.0,0.006026029586791992,0.016421211883425713,30.00618600845337,30.022664225660264,10.1,TIME_LIMIT,0.5779462734297389,51308.0,0.00267791748046875,0.015616505406796932,0.01076854020357132,0.004586935043334961,0.008798303082585335,30.000176906585693,30.024651071056724
N40_L4_balanced_poisson_hS2,9,0.5,300,300,fixed_size_closest_dimension,fixed_size_2,40,4,"[10, 10, 10, 10]",balanced,poisson,1,2,4,"[[2, 2, 2, 2, 2], [2, 2, 2, 2, 2], [2, 2, 2, 2, 2], [2, 2, 2, 2, 2]]",20,"[5, 5, 5, 5]",150,600,0.75,1462,36.55,,,,TIME_LIMIT,0.7816950167421532,13378.0,0.006026029586791992,0.016421211883425713,30.00618600845337,30.022664225660264,9.95,TIME_LIMIT,0.4188546634219095,64901.0,0.0015358924865722656,4.6391040086746216e-05,4.6391040086746216e-05,0.0,0.007304356433451176,30.000158071517944,30.00756488647312
N40_L4_balanced_poisson_hS2,9,0.5,300,300,threshold_closest_dimension,release_gap_threshold_1,40,4,"[10, 10, 10, 10]",balanced,poisson,1,2,4,"[[1, 2, 1, 2, 1, 2, 1], [1, 2, 2, 2, 3], [1, 1, 3, 1, 2, 2], [1, 1, 1, 2, 2, 1, 1, 1]]",26,"[7, 5, 6, 8]",251,600,0.5816666666666667,0,0.0,,,,TIME_LIMIT,0.7816950167421532,13378.0,0.006026029586791992,0.016421211883425713,30.00618600845337,30.022664225660264,10.1,TIME_LIMIT,0.5782237378564985,51108.0,0.0025551319122314453,0.00012261513620615005,0.00012261513620615005,0.0,0.008864153176546097,30.000138998031616,30.009181876666844
N40_L4_balanced_poisson_hS2,9,0.75,150,150,proposed_bound_aware,min_Bidx_under_C_budget,40,4,"[10, 10, 10, 10]",balanced,poisson,1,2,4,"[[1, 3, 2, 4], [1, 2, 4, 3], [1, 1, 3, 3, 2], [1, 1, 1, 2, 2, 2, 1]]",20,"[4, 4, 5, 7]",147,600,0.755,190,4.75,,,,TIME_LIMIT,0.7816950167421532,13378.0,0.006026029586791992,0.016421211883425713,30.00618600845337,30.022664225660264,10.1,TIME_LIMIT,0.3347010376713327,87890.0,0.0016751289367675781,0.022439162246882915,0.011148644611239433,0.011023998260498047,0.0066760266199707985,30.000128984451294,30.029298157431185
N40_L4_balanced_poisson_hS2,9,0.75,150,150,fixed_size_closest_dimension,fixed_size_2,40,4,"[10, 10, 10, 10]",balanced,poisson,1,2,4,"[[2, 2, 2, 2, 2], [2, 2, 2, 2, 2], [2, 2, 2, 2, 2], [2, 2, 2, 2, 2]]",20,"[5, 5, 5, 5]",150,600,0.75,1462,36.55,,,,TIME_LIMIT,0.7816950167421532,13378.0,0.006026029586791992,0.016421211883425713,30.00618600845337,30.022664225660264,9.95,TIME_LIMIT,0.41872769600268667,65001.0,0.0015339851379394531,1.8057413399219513e-05,1.8057413399219513e-05,0.0,0.006785491481423378,30.000184059143066,30.007043241523206
N40_L4_balanced_poisson_hS2,9,0.75,150,150,threshold_closest_dimension,release_gap_threshold_2,40,4,"[10, 10, 10, 10]",balanced,poisson,1,2,4,"[[4, 2, 4], [1, 2, 4, 3], [1, 1, 4, 2, 2], [1, 1, 1, 2, 2, 2, 1]]",19,"[3, 4, 5, 7]",131,600,0.7816666666666666,228,5.7,,,,TIME_LIMIT,0.7816950167421532,13378.0,0.006026029586791992,0.016421211883425713,30.00618600845337,30.022664225660264,9.85,TIME_LIMIT,0.16737257934176608,166880.0,0.0015971660614013672,0.00012056250125169754,0.00012056250125169754,0.0,0.0068146055564284325,30.0001699924469,30.007160455919802
N40_L4_balanced_poisson_hS2,9,0.9,60,60,proposed_bound_aware,min_Bidx_under_C_budget,40,4,"[10, 10, 10, 10]",balanced,poisson,1,2,4,"[[4, 2, 4], [3, 4, 3], [2, 4, 4], [3, 4, 3]]",12,"[3, 3, 3, 3]",54,600,0.91,1089,27.225,,,,TIME_LIMIT,0.7816950167421532,13378.0,0.006026029586791992,0.016421211883425713,30.00618600845337,30.022664225660264,9.85,OPTIMAL,0.0,5251.0,0.0010309219360351562,0.13381697330623865,0.010942934080958366,0.12261009216308594,0.005277433432638645,0.6847729682922363,0.8239230755716562
N40_L4_balanced_poisson_hS2,9,0.9,60,60,fixed_size_closest_dimension,fixed_size_4,40,4,"[10, 10, 10, 10]",balanced,poisson,1,2,4,"[[4, 4, 2], [4, 4, 2], [4, 4, 2], [4, 4, 2]]",12,"[3, 3, 3, 3]",54,600,0.91,1856,46.4,,,,TIME_LIMIT,0.7816950167421532,13378.0,0.006026029586791992,0.016421211883425713,30.00618600845337,30.022664225660264,11.9,OPTIMAL,0.0,5354.0,0.000804901123046875,4.764273762702942e-05,4.764273762702942e-05,0.0,0.005111852660775185,0.7443790435791016,0.7495867917314172
N40_L4_balanced_poisson_hS2,9,0.9,60,60,threshold_closest_dimension,release_gap_threshold_10,40,4,"[10, 10, 10, 10]",balanced,poisson,1,2,4,"[[4, 4, 2], [4, 4, 2], [4, 4, 2], [4, 4, 2]]",12,"[3, 3, 3, 3]",54,600,0.91,1856,46.4,,,,TIME_LIMIT,0.7816950167421532,13378.0,0.006026029586791992,0.016421211883425713,30.00618600845337,30.022664225660264,11.9,OPTIMAL,0.0,5354.0,0.0008058547973632812,4.379637539386749e-05,4.379637539386749e-05,0.0,0.004776626825332642,0.7470898628234863,0.751957313157618
N40_L4_balanced_poisson_hS2,10,0.25,450,450,proposed_bound_aware,min_Bidx_under_C_budget,40,4,"[10, 10, 10, 10]",balanced,poisson,1,2,4,"[[3, 3, 2, 2], [2, 1, 2, 4, 1], [2, 2, 1, 1, 1, 3], [4, 2, 3, 1]]",19,"[4, 5, 6, 4]",134,600,0.7766666666666666,0,0.0,,,,TIME_LIMIT,0.7780018493360137,13859.0,0.0065729618072509766,0.024794071912765503,30.000317096710205,30.02518138103187,15.925,TIME_LIMIT,0.40477742661340727,73624.0,0.0017218589782714844,0.021336477249860764,0.0110590485855937,0.009991884231567383,0.0069747380912303925,30.000473022460938,30.02884125430137
N40_L4_balanced_poisson_hS2,10,0.25,450,450,fixed_size_closest_dimension,fixed_size_2,40,4,"[10, 10, 10, 10]",balanced,poisson,1,2,4,"[[2, 2, 2, 2, 2], [2, 2, 2, 2, 2], [2, 2, 2, 2, 2], [2, 2, 2, 2, 2]]",20,"[5, 5, 5, 5]",150,600,0.75,326,8.15,,,,TIME_LIMIT,0.7780018493360137,13859.0,0.0065729618072509766,0.024794071912765503,30.000317096710205,30.02518138103187,15.925,TIME_LIMIT,0.5087680634384035,48453.0,0.0016529560089111328,5.616340786218643e-05,5.616340786218643e-05,0.0,0.0076737841591238976,30.000256061553955,30.008042971603572
N40_L4_balanced_poisson_hS2,10,0.25,450,450,threshold_closest_dimension,release_gap_threshold_0,40,4,"[10, 10, 10, 10]",balanced,poisson,1,2,4,"[[2, 1, 1, 1, 3, 1, 1], [2, 1, 2, 1, 1, 2, 1], [2, 2, 1, 1, 1, 3], [3, 2, 1, 1, 2, 1]]",26,"[7, 7, 6, 6]",253,600,0.5783333333333334,0,0.0,,,,TIME_LIMIT,0.7780018493360137,13859.0,0.0065729618072509766,0.024794071912765503,30.000317096710205,30.02518138103187,15.625,TIME_LIMIT,0.6230225280855665,20078.0,0.002485036849975586,4.612002521753311e-05,4.612002521753311e-05,0.0,0.008982361294329166,30.00009799003601,30.00918193627149
N40_L4_balanced_poisson_hS2,10,0.5,300,300,proposed_bound_aware,min_Bidx_under_C_budget,40,4,"[10, 10, 10, 10]",balanced,poisson,1,2,4,"[[3, 3, 2, 2], [2, 1, 2, 4, 1], [2, 2, 1, 1, 1, 3], [4, 2, 3, 1]]",19,"[4, 5, 6, 4]",134,600,0.7766666666666666,0,0.0,,,,TIME_LIMIT,0.7780018493360137,13859.0,0.0065729618072509766,0.024794071912765503,30.000317096710205,30.02518138103187,15.925,TIME_LIMIT,0.4055611960673422,72985.0,0.0016350746154785156,0.019200931303203106,0.010879557579755783,0.008044004440307617,0.006873405538499355,30.000133991241455,30.026263317093253
N40_L4_balanced_poisson_hS2,10,0.5,300,300,fixed_size_closest_dimension,fixed_size_2,40,4,"[10, 10, 10, 10]",balanced,poisson,1,2,4,"[[2, 2, 2, 2, 2], [2, 2, 2, 2, 2], [2, 2, 2, 2, 2], [2, 2, 2, 2, 2]]",20,"[5, 5, 5, 5]",150,600,0.75,326,8.15,,,,TIME_LIMIT,0.7780018493360137,13859.0,0.0065729618072509766,0.024794071912765503,30.000317096710205,30.02518138103187,15.925,TIME_LIMIT,0.5098648767994335,47763.0,0.0016021728515625,2.0040199160575867e-05,2.0040199160575867e-05,0.0,0.0068344371393322945,30.00020718574524,30.007119021378458
N40_L4_balanced_poisson_hS2,10,0.5,300,300,threshold_closest_dimension,release_gap_threshold_0,40,4,"[10, 10, 10, 10]",balanced,poisson,1,2,4,"[[2, 1, 1, 1, 3, 1, 1], [2, 1, 2, 1, 1, 2, 1], [2, 2, 1, 1, 1, 3], [3, 2, 1, 1, 2, 1]]",26,"[7, 7, 6, 6]",253,600,0.5783333333333334,0,0.0,,,,TIME_LIMIT,0.7780018493360137,13859.0,0.0065729618072509766,0.024794071912765503,30.000317096710205,30.02518138103187,15.625,TIME_LIMIT,0.6226339629952806,20248.0,0.002473115921020508,0.00010409858077764511,0.00010409858077764511,0.0,0.00909009575843811,30.000108003616333,30.009358706884086
N40_L4_balanced_poisson_hS2,10,0.75,150,150,proposed_bound_aware,min_Bidx_under_C_budget,40,4,"[10, 10, 10, 10]",balanced,poisson,1,2,4,"[[3, 2, 3, 2], [2, 1, 2, 4, 1], [2, 2, 1, 1, 1, 3], [2, 4, 3, 1]]",19,"[4, 5, 6, 4]",134,600,0.7766666666666666,0,0.0,,,,TIME_LIMIT,0.7780018493360137,13859.0,0.0065729618072509766,0.024794071912765503,30.000317096710205,30.02518138103187,15.925,TIME_LIMIT,0.4130117146474637,71494.0,0.0016100406646728516,0.018133156932890415,0.010672054253518581,0.007195949554443359,0.007212957367300987,30.001521110534668,30.026919716969132
N40_L4_balanced_poisson_hS2,10,0.75,150,150,fixed_size_closest_dimension,fixed_size_2,40,4,"[10, 10, 10, 10]",balanced,poisson,1,2,4,"[[2, 2, 2, 2, 2], [2, 2, 2, 2, 2], [2, 2, 2, 2, 2], [2, 2, 2, 2, 2]]",20,"[5, 5, 5, 5]",150,600,0.75,326,8.15,,,,TIME_LIMIT,0.7780018493360137,13859.0,0.0065729618072509766,0.024794071912765503,30.000317096710205,30.02518138103187,15.925,TIME_LIMIT,0.5076529653845271,49122.0,0.0015649795532226562,2.7651898562908173e-05,2.7651898562908173e-05,0.0,0.006754484958946705,30.00027298927307,30.007110175676644
N40_L4_balanced_poisson_hS2,10,0.75,150,150,threshold_closest_dimension,release_gap_threshold_1,40,4,"[10, 10, 10, 10]",balanced,poisson,1,2,4,"[[3, 4, 1, 2], [2, 1, 2, 4, 1], [2, 2, 1, 1, 1, 3], [4, 2, 3, 1]]",19,"[4, 5, 6, 4]",134,600,0.7766666666666666,0,0.0,,,,TIME_LIMIT,0.7780018493360137,13859.0,0.0065729618072509766,0.024794071912765503,30.000317096710205,30.02518138103187,15.7,TIME_LIMIT,0.37329572338486006,80499.0,0.0016582012176513672,9.894929826259613e-05,9.894929826259613e-05,0.0,0.006480441428720951,30.000144004821777,30.006778622977436
N40_L4_balanced_poisson_hS2,10,0.9,60,60,proposed_bound_aware,min_Bidx_under_C_budget,40,4,"[10, 10, 10, 10]",balanced,poisson,1,2,4,"[[4, 4, 2], [3, 3, 4], [2, 4, 4], [2, 4, 4]]",12,"[3, 3, 3, 3]",54,600,0.91,324,8.1,,,,TIME_LIMIT,0.7780018493360137,13859.0,0.0065729618072509766,0.024794071912765503,30.000317096710205,30.02518138103187,15.825,OPTIMAL,0.0,44323.0,0.0010669231414794922,0.12623262498527765,0.011162185110151768,0.11478805541992188,0.005370995029807091,7.016294002532959,7.1479568015784025
N40_L4_balanced_poisson_hS2,10,0.9,60,60,fixed_size_closest_dimension,fixed_size_4,40,4,"[10, 10, 10, 10]",balanced,poisson,1,2,4,"[[4, 4, 2], [4, 4, 2], [4, 4, 2], [4, 4, 2]]",12,"[3, 3, 3, 3]",54,600,0.91,598,14.95,,,,TIME_LIMIT,0.7780018493360137,13859.0,0.0065729618072509766,0.024794071912765503,30.000317096710205,30.02518138103187,15.725,OPTIMAL,0.0,11348.0,0.00092315673828125,1.749582588672638e-05,1.749582588672638e-05,0.0,0.005729637108743191,1.2283821105957031,1.2341797212138772
N40_L4_balanced_poisson_hS2,10,0.9,60,60,threshold_closest_dimension,release_gap_threshold_3,40,4,"[10, 10, 10, 10]",balanced,poisson,1,2,4,"[[4, 4, 2], [4, 4, 2], [4, 2, 4], [4, 4, 2]]",12,"[3, 3, 3, 3]",54,600,0.91,430,10.75,,,,TIME_LIMIT,0.7780018493360137,13859.0,0.0065729618072509766,0.024794071912765503,30.000317096710205,30.02518138103187,15.725,OPTIMAL,0.0,15777.0,0.0009050369262695312,0.00010933447629213333,0.00010933447629213333,0.0,0.005064042285084724,1.3932528495788574,1.398477510549128
N40_L4_balanced_poisson_hS2,11,0.25,450,450,proposed_bound_aware,min_Bidx_under_C_budget,40,4,"[10, 10, 10, 10]",balanced,poisson,1,2,4,"[[1, 2, 3, 2, 1, 1], [1, 3, 4, 2], [1, 1, 4, 1, 3], [1, 1, 2, 1, 1, 4]]",21,"[6, 4, 5, 6]",164,600,0.7266666666666667,0,0.0,,,,TIME_LIMIT,0.7652072698233462,10375.0,0.00610804557800293,0.015920273959636688,30.00147008895874,30.01744763366878,11.5,TIME_LIMIT,0.33895609764783535,68470.0,0.001867055892944336,0.016201389022171497,0.011124097742140293,0.004803895950317383,0.006716248579323292,30.00076699256897,30.023738185875118
N40_L4_balanced_poisson_hS2,11,0.25,450,450,fixed_size_closest_dimension,fixed_size_2,40,4,"[10, 10, 10, 10]",balanced,poisson,1,2,4,"[[2, 2, 2, 2, 2], [2, 2, 2, 2, 2], [2, 2, 2, 2, 2], [2, 2, 2, 2, 2]]",20,"[5, 5, 5, 5]",150,600,0.75,685,17.125,,,,TIME_LIMIT,0.7652072698233462,10375.0,0.00610804557800293,0.015920273959636688,30.00147008895874,30.01744763366878,12.5,TIME_LIMIT,0.49444682313945176,55149.0,0.0015711784362792969,5.9849582612514496e-05,5.9849582612514496e-05,0.0,0.007290314882993698,30.00011420249939,30.007519476115704
N40_L4_balanced_poisson_hS2,11,0.25,450,450,threshold_closest_dimension,release_gap_threshold_0,40,4,"[10, 10, 10, 10]",balanced,poisson,1,2,4,"[[1, 1, 1, 3, 1, 1, 1, 1], [1, 1, 1, 1, 3, 1, 2], [1, 1, 2, 2, 1, 1, 1, 1], [1, 1, 2, 1, 1, 1, 2, 1]]",31,"[8, 7, 8, 8]",360,600,0.4,0,0.0,,,,TIME_LIMIT,0.7652072698233462,10375.0,0.00610804557800293,0.015920273959636688,30.00147008895874,30.01744763366878,12.15,TIME_LIMIT,0.6706398066079872,24568.0,0.003645181655883789,5.5383890867233276e-05,5.5383890867233276e-05,0.0,0.010597781278192997,30.000176191329956,30.010883586481214
N40_L4_balanced_poisson_hS2,11,0.5,300,300,proposed_bound_aware,min_Bidx_under_C_budget,40,4,"[10, 10, 10, 10]",balanced,poisson,1,2,4,"[[1, 2, 3, 2, 1, 1], [1, 3, 4, 2], [1, 1, 4, 1, 3], [1, 1, 2, 1, 1, 4]]",21,"[6, 4, 5, 6]",164,600,0.7266666666666667,0,0.0,,,,TIME_LIMIT,0.7652072698233462,10375.0,0.00610804557800293,0.015920273959636688,30.00147008895874,30.01744763366878,11.5,TIME_LIMIT,0.33895609764783535,68470.0,0.0019350051879882812,0.016617116518318653,0.011493556201457977,0.004821062088012695,0.006901147775352001,30.000574111938477,30.024145991541445
N40_L4_balanced_poisson_hS2,11,0.5,300,300,fixed_size_closest_dimension,fixed_size_2,40,4,"[10, 10, 10, 10]",balanced,poisson,1,2,4,"[[2, 2, 2, 2, 2], [2, 2, 2, 2, 2], [2, 2, 2, 2, 2], [2, 2, 2, 2, 2]]",20,"[5, 5, 5, 5]",150,600,0.75,685,17.125,,,,TIME_LIMIT,0.7652072698233462,10375.0,0.00610804557800293,0.015920273959636688,30.00147008895874,30.01744763366878,12.5,TIME_LIMIT,0.4946745111270543,54952.0,0.0015840530395507812,1.8036924302577972e-05,1.8036924302577972e-05,0.0,0.0067929429933428764,30.000138998031616,30.00700423680246
N40_L4_balanced_poisson_hS2,11,0.5,300,300,threshold_closest_dimension,release_gap_threshold_1,40,4,"[10, 10, 10, 10]",balanced,poisson,1,2,4,"[[1, 2, 3, 2, 1, 1], [1, 3, 4, 2], [1, 1, 4, 1, 3], [1, 1, 2, 1, 1, 4]]",21,"[6, 4, 5, 6]",164,600,0.7266666666666667,0,0.0,,,,TIME_LIMIT,0.7652072698233462,10375.0,0.00610804557800293,0.015920273959636688,30.00147008895874,30.01744763366878,11.5,TIME_LIMIT,0.33895609764783535,68470.0,0.0019350051879882812,0.00010041147470474243,0.00010041147470474243,0.0,0.00744792353361845,30.000590085983276,30.008193609304726
N40_L4_balanced_poisson_hS2,11,0.75,150,150,proposed_bound_aware,min_Bidx_under_C_budget,40,4,"[10, 10, 10, 10]",balanced,poisson,1,2,4,"[[1, 2, 3, 2, 2], [1, 3, 4, 2], [1, 1, 3, 2, 3], [1, 1, 2, 1, 1, 4]]",20,"[5, 4, 5, 6]",149,600,0.7516666666666667,29,0.725,,,,TIME_LIMIT,0.7652072698233462,10375.0,0.00610804557800293,0.015920273959636688,30.00147008895874,30.01744763366878,11.475,TIME_LIMIT,0.36146136470343426,72598.0,0.0017809867858886719,0.021254613995552063,0.010622119531035423,0.010362863540649414,0.006261530332267284,30.00014901161194,30.027722601778805
N40_L4_balanced_poisson_hS2,11,0.75,150,150,fixed_size_closest_dimension,fixed_size_2,40,4,"[10, 10, 10, 10]",balanced,poisson,1,2,4,"[[2, 2, 2, 2, 2], [2, 2, 2, 2, 2], [2, 2, 2, 2, 2], [2, 2, 2, 2, 2]]",20,"[5, 5, 5, 5]",150,600,0.75,685,17.125,,,,TIME_LIMIT,0.7652072698233462,10375.0,0.00610804557800293,0.015920273959636688,30.00147008895874,30.01744763366878,12.5,TIME_LIMIT,0.4946983922265908,54925.0,0.0016238689422607422,2.228282392024994e-05,2.228282392024994e-05,0.0,0.006770179606974125,30.00014591217041,30.006992975249887
N40_L4_balanced_poisson_hS2,11,0.75,150,150,threshold_closest_dimension,release_gap_threshold_2,40,4,"[10, 10, 10, 10]",balanced,poisson,1,2,4,"[[1, 2, 3, 4], [4, 4, 2], [4, 3, 3], [1, 1, 3, 1, 4]]",15,"[4, 3, 3, 5]",83,600,0.8616666666666667,203,5.075,,,,TIME_LIMIT,0.7652072698233462,10375.0,0.00610804557800293,0.015920273959636688,30.00147008895874,30.01744763366878,11.475,OPTIMAL,0.0,39247.0,0.001226186752319336,4.586949944496155e-05,4.586949944496155e-05,0.0,0.005576975643634796,11.927738189697266,11.933415827341378
N40_L4_balanced_poisson_hS2,11,0.9,60,60,proposed_bound_aware,min_Bidx_under_C_budget,40,4,"[10, 10, 10, 10]",balanced,poisson,1,2,4,"[[3, 3, 4], [4, 4, 2], [3, 4, 3], [2, 4, 4]]",12,"[3, 3, 3, 3]",54,600,0.91,501,12.525,,,,TIME_LIMIT,0.7652072698233462,10375.0,0.00610804557800293,0.015920273959636688,30.00147008895874,30.01744763366878,12.5,OPTIMAL,0.0,17342.0,0.0010509490966796875,0.10849806945770979,0.011090396903455257,0.09713101387023926,0.00522967055439949,1.8226039409637451,1.9364141123369336
N40_L4_balanced_poisson_hS2,11,0.9,60,60,fixed_size_closest_dimension,fixed_size_4,40,4,"[10, 10, 10, 10]",balanced,poisson,1,2,4,"[[4, 4, 2], [4, 4, 2], [4, 4, 2], [4, 4, 2]]",12,"[3, 3, 3, 3]",54,600,0.91,1067,26.675,,,,TIME_LIMIT,0.7652072698233462,10375.0,0.00610804557800293,0.015920273959636688,30.00147008895874,30.01744763366878,12.5,OPTIMAL,0.0,4607.0,0.0008778572082519531,1.749582588672638e-05,1.749582588672638e-05,0.0,0.005007796920835972,0.6754457950592041,0.6805193079635501
N40_L4_balanced_poisson_hS2,11,0.9,60,60,threshold_closest_dimension,release_gap_threshold_5,40,4,"[10, 10, 10, 10]",balanced,poisson,1,2,4,"[[3, 4, 3], [4, 4, 2], [4, 4, 2], [4, 4, 2]]",12,"[3, 3, 3, 3]",54,600,0.91,877,21.925,,,,TIME_LIMIT,0.7652072698233462,10375.0,0.00610804557800293,0.015920273959636688,30.00147008895874,30.01744763366878,12.5,OPTIMAL,0.0,9101.0,0.0008771419525146484,0.0001279842108488083,0.0001279842108488083,0.0,0.005120887421071529,1.013381004333496,1.0186790963634849
N40_L4_balanced_poisson_hS2,12,0.25,450,450,proposed_bound_aware,min_Bidx_under_C_budget,40,4,"[10, 10, 10, 10]",balanced,poisson,1,2,4,"[[3, 1, 1, 2, 2, 1], [2, 4, 2, 1, 1], [1, 2, 2, 3, 1, 1], [2, 3, 1, 4]]",21,"[6, 5, 6, 4]",164,600,0.7266666666666667,0,0.0,,,,TIME_LIMIT,0.7694345108062064,12849.0,0.005659818649291992,0.015609154477715492,30.000292778015137,30.015961734578013,13.1,TIME_LIMIT,0.48471961752821097,66997.0,0.0019321441650390625,0.022115725092589855,0.011499335058033466,0.010349035263061523,0.006931892596185207,30.000150203704834,30.0292540313676
N40_L4_balanced_poisson_hS2,12,0.25,450,450,fixed_size_closest_dimension,fixed_size_2,40,4,"[10, 10, 10, 10]",balanced,poisson,1,2,4,"[[2, 2, 2, 2, 2], [2, 2, 2, 2, 2], [2, 2, 2, 2, 2], [2, 2, 2, 2, 2]]",20,"[5, 5, 5, 5]",150,600,0.75,517,12.925,,,,TIME_LIMIT,0.7694345108062064,12849.0,0.005659818649291992,0.015609154477715492,30.000292778015137,30.015961734578013,13.2,TIME_LIMIT,0.48708145547806514,85631.0,0.0016181468963623047,1.8007121980190277e-05,1.8007121980190277e-05,0.0,0.006770888343453407,30.000163078308105,30.00701034627855
N40_L4_balanced_poisson_hS2,12,0.25,450,450,threshold_closest_dimension,release_gap_threshold_0,40,4,"[10, 10, 10, 10]",balanced,poisson,1,2,4,"[[1, 1, 1, 1, 1, 2, 1, 1, 1], [1, 1, 1, 1, 2, 1, 1, 1, 1], [1, 1, 1, 3, 2, 1, 1], [1, 1, 1, 1, 1, 1, 2, 2]]",33,"[9, 9, 7, 8]",407,600,0.32166666666666666,0,0.0,,,,TIME_LIMIT,0.7694345108062064,12849.0,0.005659818649291992,0.015609154477715492,30.000292778015137,30.015961734578013,13.2,TIME_LIMIT,0.7040140405112859,18663.0,0.004246950149536133,0.00010951608419418335,0.00010951608419418335,0.0,0.012455586344003677,30.00066089630127,30.013283458538353
N40_L4_balanced_poisson_hS2,12,0.5,300,300,proposed_bound_aware,min_Bidx_under_C_budget,40,4,"[10, 10, 10, 10]",balanced,poisson,1,2,4,"[[3, 1, 1, 2, 2, 1], [2, 4, 2, 1, 1], [1, 2, 2, 3, 1, 1], [2, 3, 1, 4]]",21,"[6, 5, 6, 4]",164,600,0.7266666666666667,0,0.0,,,,TIME_LIMIT,0.7694345108062064,12849.0,0.005659818649291992,0.015609154477715492,30.000292778015137,30.015961734578013,13.1,TIME_LIMIT,0.48417704799529077,67550.0,0.0019099712371826172,0.0193288316950202,0.01115415059030056,0.00791311264038086,0.006912402808666229,30.0002121925354,30.026507179252803
N40_L4_balanced_poisson_hS2,12,0.5,300,300,fixed_size_closest_dimension,fixed_size_2,40,4,"[10, 10, 10, 10]",balanced,poisson,1,2,4,"[[2, 2, 2, 2, 2], [2, 2, 2, 2, 2], [2, 2, 2, 2, 2], [2, 2, 2, 2, 2]]",20,"[5, 5, 5, 5]",150,600,0.75,517,12.925,,,,TIME_LIMIT,0.7694345108062064,12849.0,0.005659818649291992,0.015609154477715492,30.000292778015137,30.015961734578013,13.2,TIME_LIMIT,0.4877765297314784,84968.0,0.001611948013305664,4.034116864204407e-05,4.034116864204407e-05,0.0,0.00690535269677639,30.000250816345215,30.007254023104906
N40_L4_balanced_poisson_hS2,12,0.5,300,300,threshold_closest_dimension,release_gap_threshold_1,40,4,"[10, 10, 10, 10]",balanced,poisson,1,2,4,"[[3, 1, 1, 2, 2, 1], [2, 4, 2, 1, 1], [1, 2, 4, 1, 1, 1], [2, 3, 4, 1]]",21,"[6, 5, 6, 4]",164,600,0.7266666666666667,0,0.0,,,,TIME_LIMIT,0.7694345108062064,12849.0,0.005659818649291992,0.015609154477715492,30.000292778015137,30.015961734578013,12.95,TIME_LIMIT,0.40809273610154956,78044.0,0.001985788345336914,9.50843095779419e-05,9.50843095779419e-05,0.0,0.0074940817430615425,30.000236988067627,30.007888151332736
N40_L4_balanced_poisson_hS2,12,0.75,150,150,proposed_bound_aware,min_Bidx_under_C_budget,40,4,"[10, 10, 10, 10]",balanced,poisson,1,2,4,"[[3, 1, 1, 2, 2, 1], [2, 4, 2, 2], [1, 2, 1, 4, 1, 1], [2, 3, 4, 1]]",20,"[6, 4, 6, 4]",148,600,0.7533333333333333,29,0.725,,,,TIME_LIMIT,0.7694345108062064,12849.0,0.005659818649291992,0.015609154477715492,30.000292778015137,30.015961734578013,12.65,TIME_LIMIT,0.3781530612335697,72559.0,0.001789093017578125,0.02818256802856922,0.013101363554596901,0.014815092086791992,0.006935068406164646,30.000191926956177,30.035365434363484
N40_L4_balanced_poisson_hS2,12,0.75,150,150,fixed_size_closest_dimension,fixed_size_2,40,4,"[10, 10, 10, 10]",balanced,poisson,1,2,4,"[[2, 2, 2, 2, 2], [2, 2, 2, 2, 2], [2, 2, 2, 2, 2], [2, 2, 2, 2, 2]]",20,"[5, 5, 5, 5]",150,600,0.75,517,12.925,,,,TIME_LIMIT,0.7694345108062064,12849.0,0.005659818649291992,0.015609154477715492,30.000292778015137,30.015961734578013,13.2,TIME_LIMIT,0.48670391235673355,86096.0,0.0015749931335449219,4.007015377283096e-05,4.007015377283096e-05,0.0,0.007239507511258125,30.00016498565674,30.007500655949116
N40_L4_balanced_poisson_hS2,12,0.75,150,150,threshold_closest_dimension,release_gap_threshold_2,40,4,"[10, 10, 10, 10]",balanced,poisson,1,2,4,"[[4, 3, 3], [2, 4, 4], [1, 2, 4, 1, 2], [4, 4, 2]]",14,"[3, 3, 5, 3]",72,600,0.88,254,6.35,,,,TIME_LIMIT,0.7694345108062064,12849.0,0.005659818649291992,0.015609154477715492,30.000292778015137,30.015961734578013,13.475,OPTIMAL,0.0,65401.0,0.0011479854583740234,0.00010712165385484695,0.00010712165385484695,0.0,0.0055669015273451805,9.853502035140991,9.859237106516957
N40_L4_balanced_poisson_hS2,12,0.9,60,60,proposed_bound_aware,min_Bidx_under_C_budget,40,4,"[10, 10, 10, 10]",balanced,poisson,1,2,4,"[[4, 3, 3], [2, 4, 4], [4, 4, 2], [2, 4, 4]]",12,"[3, 3, 3, 3]",54,600,0.91,483,12.075,,,,TIME_LIMIT,0.7694345108062064,12849.0,0.005659818649291992,0.015609154477715492,30.000292778015137,30.015961734578013,13.475,OPTIMAL,0.0,20591.0,0.0010640621185302734,0.08213689178228378,0.010927428491413593,0.07094812393188477,0.005509084090590477,2.190018892288208,2.2777234939858317
N40_L4_balanced_poisson_hS2,12,0.9,60,60,fixed_size_closest_dimension,fixed_size_4,40,4,"[10, 10, 10, 10]",balanced,poisson,1,2,4,"[[4, 4, 2], [4, 4, 2], [4, 4, 2], [4, 4, 2]]",12,"[3, 3, 3, 3]",54,600,0.91,693,17.325,,,,TIME_LIMIT,0.7694345108062064,12849.0,0.005659818649291992,0.015609154477715492,30.000292778015137,30.015961734578013,13.475,OPTIMAL,0.0,9721.0,0.000865936279296875,4.614982753992081e-05,4.614982753992081e-05,0.0,0.005054115317761898,1.0184659957885742,1.023618827573955
N40_L4_balanced_poisson_hS2,12,0.9,60,60,threshold_closest_dimension,release_gap_threshold_14,40,4,"[10, 10, 10, 10]",balanced,poisson,1,2,4,"[[4, 4, 2], [4, 4, 2], [4, 4, 2], [4, 4, 2]]",12,"[3, 3, 3, 3]",54,600,0.91,693,17.325,,,,TIME_LIMIT,0.7694345108062064,12849.0,0.005659818649291992,0.015609154477715492,30.000292778015137,30.015961734578013,13.475,OPTIMAL,0.0,9721.0,0.00086212158203125,4.097260534763336e-05,4.097260534763336e-05,0.0,0.004782014526426792,1.0230791568756104,1.0279525769874454
N40_L4_balanced_poisson_hS2,13,0.25,450,450,proposed_bound_aware,min_Bidx_under_C_budget,40,4,"[10, 10, 10, 10]",balanced,poisson,1,2,4,"[[1, 2, 2, 1, 1, 2, 1], [1, 1, 3, 2, 1, 2], [1, 1, 3, 4, 1], [2, 3, 2, 3]]",22,"[7, 6, 5, 4]",179,600,0.7016666666666667,0,0.0,,,,TIME_LIMIT,0.8199348998915759,10613.0,0.0061130523681640625,0.015109878033399582,30.000092029571533,30.015260850079358,11.825,TIME_LIMIT,0.5452110961624839,57343.0,0.002071857452392578,0.016271652653813362,0.011130495928227901,0.004873991012573242,0.007420762442052364,30.000221967697144,30.02396787237376
N40_L4_balanced_poisson_hS2,13,0.25,450,450,fixed_size_closest_dimension,fixed_size_2,40,4,"[10, 10, 10, 10]",balanced,poisson,1,2,4,"[[2, 2, 2, 2, 2], [2, 2, 2, 2, 2], [2, 2, 2, 2, 2], [2, 2, 2, 2, 2]]",20,"[5, 5, 5, 5]",150,600,0.75,620,15.5,,,,TIME_LIMIT,0.8199348998915759,10613.0,0.0061130523681640625,0.015109878033399582,30.000092029571533,30.015260850079358,11.175,TIME_LIMIT,0.46786482533136703,89391.0,0.0017371177673339844,4.689116030931473e-05,4.689116030931473e-05,0.0,0.007204814814031124,30.000124216079712,30.007432262413204
N40_L4_balanced_poisson_hS2,13,0.25,450,450,threshold_closest_dimension,release_gap_threshold_1,40,4,"[10, 10, 10, 10]",balanced,poisson,1,2,4,"[[1, 2, 2, 1, 1, 2, 1], [1, 1, 3, 2, 1, 2], [1, 1, 4, 3, 1], [2, 3, 2, 3]]",22,"[7, 6, 5, 4]",179,600,0.7016666666666667,0,0.0,,,,TIME_LIMIT,0.8199348998915759,10613.0,0.0061130523681640625,0.015109878033399582,30.000092029571533,30.015260850079358,11.175,TIME_LIMIT,0.5021905668459784,62529.0,0.0021209716796875,0.00010949559509754181,0.00010949559509754181,0.0,0.0075494758784770966,30.000248908996582,30.007965330034494
N40_L4_balanced_poisson_hS2,13,0.5,300,300,proposed_bound_aware,min_Bidx_under_C_budget,40,4,"[10, 10, 10, 10]",balanced,poisson,1,2,4,"[[1, 2, 2, 1, 1, 2, 1], [1, 1, 3, 2, 1, 2], [1, 1, 3, 4, 1], [2, 3, 2, 3]]",22,"[7, 6, 5, 4]",179,600,0.7016666666666667,0,0.0,,,,TIME_LIMIT,0.8199348998915759,10613.0,0.0061130523681640625,0.015109878033399582,30.000092029571533,30.015260850079358,11.825,TIME_LIMIT,0.5457419384112439,56944.0,0.0020699501037597656,0.01691116951406002,0.011158267967402935,0.005484819412231445,0.007134868763387203,30.00039005279541,30.02449006214738
N40_L4_balanced_poisson_hS2,13,0.5,300,300,fixed_size_closest_dimension,fixed_size_2,40,4,"[10, 10, 10, 10]",balanced,poisson,1,2,4,"[[2, 2, 2, 2, 2], [2, 2, 2, 2, 2], [2, 2, 2, 2, 2], [2, 2, 2, 2, 2]]",20,"[5, 5, 5, 5]",150,600,0.75,620,15.5,,,,TIME_LIMIT,0.8199348998915759,10613.0,0.0061130523681640625,0.015109878033399582,30.000092029571533,30.015260850079358,11.175,TIME_LIMIT,0.46825915223898723,88971.0,0.001589059829711914,4.042033106088638e-05,4.042033106088638e-05,0.0,0.00740091223269701,30.000159978866577,30.00765906367451
N40_L4_balanced_poisson_hS2,13,0.5,300,300,threshold_closest_dimension,release_gap_threshold_1,40,4,"[10, 10, 10, 10]",balanced,poisson,1,2,4,"[[1, 2, 2, 1, 1, 2, 1], [1, 1, 3, 2, 1, 2], [1, 1, 4, 3, 1], [2, 3, 2, 3]]",22,"[7, 6, 5, 4]",179,600,0.7016666666666667,0,0.0,,,,TIME_LIMIT,0.8199348998915759,10613.0,0.0061130523681640625,0.015109878033399582,30.000092029571533,30.015260850079358,11.175,TIME_LIMIT,0.5021921801018426,62521.0,0.002170085906982422,0.00011825747787952423,0.00011825747787952423,0.0,0.0075737228617072105,30.000203847885132,30.007954041473567
N40_L4_balanced_poisson_hS2,13,0.75,150,150,proposed_bound_aware,min_Bidx_under_C_budget,40,4,"[10, 10, 10, 10]",balanced,poisson,1,2,4,"[[1, 2, 2, 1, 1, 3], [1, 1, 3, 2, 1, 2], [1, 1, 4, 4], [2, 3, 2, 3]]",20,"[6, 6, 4, 4]",148,600,0.7533333333333333,58,1.45,,,,TIME_LIMIT,0.8199348998915759,10613.0,0.0061130523681640625,0.015109878033399582,30.000092029571533,30.015260850079358,11.225,TIME_LIMIT,0.4993550450581826,76353.0,0.0017590522766113281,0.030281049199402332,0.011111647821962833,0.01889801025390625,0.007013467140495777,30.000133991241455,30.03748296201229
N40_L4_balanced_poisson_hS2,13,0.75,150,150,fixed_size_closest_dimension,fixed_size_2,40,4,"[10, 10, 10, 10]",balanced,poisson,1,2,4,"[[2, 2, 2, 2, 2], [2, 2, 2, 2, 2], [2, 2, 2, 2, 2], [2, 2, 2, 2, 2]]",20,"[5, 5, 5, 5]",150,600,0.75,620,15.5,,,,TIME_LIMIT,0.8199348998915759,10613.0,0.0061130523681640625,0.015109878033399582,30.000092029571533,30.015260850079358,11.175,TIME_LIMIT,0.46945316890932537,87781.0,0.0016410350799560547,4.694052040576935e-05,4.694052040576935e-05,0.0,0.0073085324838757515,30.00013780593872,30.007550661452115
N40_L4_balanced_poisson_hS2,13,0.75,150,150,threshold_closest_dimension,release_gap_threshold_2,40,4,"[10, 10, 10, 10]",balanced,poisson,1,2,4,"[[3, 2, 1, 4], [4, 4, 2], [1, 1, 4, 4], [2, 4, 4]]",14,"[4, 3, 4, 3]",73,600,0.8783333333333333,327,8.175,,,,TIME_LIMIT,0.8199348998915759,10613.0,0.0061130523681640625,0.015109878033399582,30.000092029571533,30.015260850079358,11.125,OPTIMAL,0.0,31856.0,0.0011000633239746094,0.00011872965842485428,0.00011872965842485428,0.0,0.005470454692840576,8.5072500705719,8.51289669983089
N40_L4_balanced_poisson_hS2,13,0.9,60,60,proposed_bound_aware,min_Bidx_under_C_budget,40,4,"[10, 10, 10, 10]",balanced,poisson,1,2,4,"[[3, 3, 4], [2, 4, 4], [2, 4, 4], [2, 4, 4]]",12,"[3, 3, 3, 3]",54,600,0.91,504,12.6,,,,TIME_LIMIT,0.8199348998915759,10613.0,0.0061130523681640625,0.015109878033399582,30.000092029571533,30.015260850079358,11.425,OPTIMAL,0.0,13697.0,0.001043081283569336,0.09594823326915503,0.010681518353521824,0.08500194549560547,0.005554020404815674,1.3821561336517334,1.4837167086079717
N40_L4_balanced_poisson_hS2,13,0.9,60,60,fixed_size_closest_dimension,fixed_size_4,40,4,"[10, 10, 10, 10]",balanced,poisson,1,2,4,"[[4, 4, 2], [4, 4, 2], [4, 4, 2], [4, 4, 2]]",12,"[3, 3, 3, 3]",54,600,0.91,1188,29.7,,,,TIME_LIMIT,0.8199348998915759,10613.0,0.0061130523681640625,0.015109878033399582,30.000092029571533,30.015260850079358,12.625,OPTIMAL,0.0,9305.0,0.0008940696716308594,4.615914076566696e-05,4.615914076566696e-05,0.0,0.005117781460285187,0.9663269519805908,0.9715435160323977
N40_L4_balanced_poisson_hS2,13,0.9,60,60,threshold_closest_dimension,release_gap_threshold_4,40,4,"[10, 10, 10, 10]",balanced,poisson,1,2,4,"[[3, 3, 4], [4, 4, 2], [2, 4, 4], [4, 4, 2]]",12,"[3, 3, 3, 3]",54,600,0.91,584,14.6,,,,TIME_LIMIT,0.8199348998915759,10613.0,0.0061130523681640625,0.015109878033399582,30.000092029571533,30.015260850079358,12.625,OPTIMAL,0.0,28300.0,0.0008790493011474609,0.0001159152016043663,0.0001159152016043663,0.0,0.00529236625880003,7.363368988037109,7.368829905055463
N40_L4_balanced_poisson_hS2,14,0.25,450,450,proposed_bound_aware,min_Bidx_under_C_budget,40,4,"[10, 10, 10, 10]",balanced,poisson,1,2,4,"[[1, 3, 1, 4, 1], [2, 3, 2, 3], [1, 1, 1, 4, 3], [1, 3, 1, 2, 1, 2]]",20,"[5, 4, 5, 6]",149,600,0.7516666666666667,0,0.0,,,,TIME_LIMIT,0.7825244074033071,10284.0,0.00518488883972168,0.016460600309073925,30.002516984939575,30.019037273712456,13.0,TIME_LIMIT,0.34519230769231773,152873.0,0.0017390251159667969,0.015889457426965237,0.010858644731342793,0.004761934280395508,0.006547712720930576,30.000209093093872,30.022701159119606
N40_L4_balanced_poisson_hS2,14,0.25,450,450,fixed_size_closest_dimension,fixed_size_2,40,4,"[10, 10, 10, 10]",balanced,poisson,1,2,4,"[[2, 2, 2, 2, 2], [2, 2, 2, 2, 2], [2, 2, 2, 2, 2], [2, 2, 2, 2, 2]]",20,"[5, 5, 5, 5]",150,600,0.75,657,16.425,,,,TIME_LIMIT,0.7825244074033071,10284.0,0.00518488883972168,0.016460600309073925,30.002516984939575,30.019037273712456,12.9,TIME_LIMIT,0.4410681495808437,78305.0,0.0015439987182617188,4.118308424949646e-05,4.118308424949646e-05,0.0,0.007407371886074543,30.000200986862183,30.007712537422776
N40_L4_balanced_poisson_hS2,14,0.25,450,450,threshold_closest_dimension,release_gap_threshold_0,40,4,"[10, 10, 10, 10]",balanced,poisson,1,2,4,"[[1, 3, 1, 1, 1, 1, 1, 1], [2, 2, 1, 1, 1, 2, 1], [1, 1, 1, 3, 1, 1, 2], [1, 1, 1, 1, 1, 1, 1, 1, 2]]",31,"[8, 7, 7, 9]",359,600,0.40166666666666667,0,0.0,,,,TIME_LIMIT,0.7825244074033071,10284.0,0.00518488883972168,0.016460600309073925,30.002516984939575,30.019037273712456,14.2,TIME_LIMIT,0.6985255169547878,18190.0,0.0032541751861572266,8.371565490961075e-05,8.371565490961075e-05,0.0,0.010722880251705647,30.000092029571533,30.010956927202642
N40_L4_balanced_poisson_hS2,14,0.5,300,300,proposed_bound_aware,min_Bidx_under_C_budget,40,4,"[10, 10, 10, 10]",balanced,poisson,1,2,4,"[[1, 3, 1, 4, 1], [2, 3, 2, 3], [1, 1, 1, 4, 3], [1, 3, 1, 2, 1, 2]]",20,"[5, 4, 5, 6]",149,600,0.7516666666666667,0,0.0,,,,TIME_LIMIT,0.7825244074033071,10284.0,0.00518488883972168,0.016460600309073925,30.002516984939575,30.019037273712456,13.0,TIME_LIMIT,0.34519912711402945,152773.0,0.0017118453979492188,0.016641021706163883,0.011271259747445583,0.005095958709716797,0.007167248986661434,30.00016498565674,30.02402818389237
N40_L4_balanced_poisson_hS2,14,0.5,300,300,fixed_size_closest_dimension,fixed_size_2,40,4,"[10, 10, 10, 10]",balanced,poisson,1,2,4,"[[2, 2, 2, 2, 2], [2, 2, 2, 2, 2], [2, 2, 2, 2, 2], [2, 2, 2, 2, 2]]",20,"[5, 5, 5, 5]",150,600,0.75,657,16.425,,,,TIME_LIMIT,0.7825244074033071,10284.0,0.00518488883972168,0.016460600309073925,30.002516984939575,30.019037273712456,12.9,TIME_LIMIT,0.44121447028427885,78105.0,0.001569986343383789,4.8862770199775696e-05,4.8862770199775696e-05,0.0,0.0071726469323039055,30.000176906585693,30.007460623048246
N40_L4_balanced_poisson_hS2,14,0.5,300,300,threshold_closest_dimension,release_gap_threshold_1,40,4,"[10, 10, 10, 10]",balanced,poisson,1,2,4,"[[1, 3, 1, 4, 1], [2, 3, 2, 3], [1, 1, 4, 1, 3], [1, 3, 1, 2, 1, 2]]",20,"[5, 4, 5, 6]",149,600,0.7516666666666667,0,0.0,,,,TIME_LIMIT,0.7825244074033071,10284.0,0.00518488883972168,0.016460600309073925,30.002516984939575,30.019037273712456,13.3,TIME_LIMIT,0.3940937592377364,74036.0,0.0017039775848388672,9.837932884693146e-05,9.837932884693146e-05,0.0,0.007263232953846455,30.00014901161194,30.007568856701255
N40_L4_balanced_poisson_hS2,14,0.75,150,150,proposed_bound_aware,min_Bidx_under_C_budget,40,4,"[10, 10, 10, 10]",balanced,poisson,1,2,4,"[[1, 3, 1, 4, 1], [2, 3, 2, 3], [1, 1, 1, 4, 3], [1, 3, 1, 2, 1, 2]]",20,"[5, 4, 5, 6]",149,600,0.7516666666666667,0,0.0,,,,TIME_LIMIT,0.7825244074033071,10284.0,0.00518488883972168,0.016460600309073925,30.002516984939575,30.019037273712456,13.0,TIME_LIMIT,0.3479256180328445,148706.0,0.0017900466918945312,0.01666025072336197,0.010998987592756748,0.005393028259277344,0.007305457256734371,30.000126838684082,30.024147539399564
N40_L4_balanced_poisson_hS2,14,0.75,150,150,fixed_size_closest_dimension,fixed_size_2,40,4,"[10, 10, 10, 10]",balanced,poisson,1,2,4,"[[2, 2, 2, 2, 2], [2, 2, 2, 2, 2], [2, 2, 2, 2, 2], [2, 2, 2, 2, 2]]",20,"[5, 5, 5, 5]",150,600,0.75,657,16.425,,,,TIME_LIMIT,0.7825244074033071,10284.0,0.00518488883972168,0.016460600309073925,30.002516984939575,30.019037273712456,12.9,TIME_LIMIT,0.44073605787999137,78627.0,0.0015799999237060547,5.4142437875270844e-05,5.4142437875270844e-05,0.0,0.007252408191561699,30.00013303756714,30.007499231025577
N40_L4_balanced_poisson_hS2,14,0.75,150,150,threshold_closest_dimension,release_gap_threshold_1,40,4,"[10, 10, 10, 10]",balanced,poisson,1,2,4,"[[1, 3, 1, 4, 1], [2, 3, 2, 3], [1, 1, 4, 1, 3], [1, 3, 1, 2, 1, 2]]",20,"[5, 4, 5, 6]",149,600,0.7516666666666667,0,0.0,,,,TIME_LIMIT,0.7825244074033071,10284.0,0.00518488883972168,0.016460600309073925,30.002516984939575,30.019037273712456,13.3,TIME_LIMIT,0.39385500286986497,74219.0,0.0017170906066894531,0.00011352170258760452,0.00011352170258760452,0.0,0.006880966015160084,30.0002019405365,30.007255130447447
N40_L4_balanced_poisson_hS2,14,0.9,60,60,proposed_bound_aware,min_Bidx_under_C_budget,40,4,"[10, 10, 10, 10]",balanced,poisson,1,2,4,"[[4, 4, 2], [2, 4, 4], [2, 4, 4], [4, 3, 3]]",12,"[3, 3, 3, 3]",54,600,0.91,656,16.4,,,,TIME_LIMIT,0.7825244074033071,10284.0,0.00518488883972168,0.016460600309073925,30.002516984939575,30.019037273712456,12.9,OPTIMAL,0.0,19368.0,0.001004934310913086,0.11246276553720236,0.010880029760301113,0.10131597518920898,0.005158604122698307,1.9717228412628174,2.0894031384959817
N40_L4_balanced_poisson_hS2,14,0.9,60,60,fixed_size_closest_dimension,fixed_size_4,40,4,"[10, 10, 10, 10]",balanced,poisson,1,2,4,"[[4, 4, 2], [4, 4, 2], [4, 4, 2], [4, 4, 2]]",12,"[3, 3, 3, 3]",54,600,0.91,843,21.075,,,,TIME_LIMIT,0.7825244074033071,10284.0,0.00518488883972168,0.016460600309073925,30.002516984939575,30.019037273712456,12.9,OPTIMAL,0.0,6696.0,0.0008900165557861328,4.686135798692703e-05,4.686135798692703e-05,0.0,0.005161698907613754,0.720721960067749,0.7259795451536775
N40_L4_balanced_poisson_hS2,14,0.9,60,60,threshold_closest_dimension,release_gap_threshold_5,40,4,"[10, 10, 10, 10]",balanced,poisson,1,2,4,"[[4, 4, 2], [4, 4, 2], [4, 4, 2], [4, 4, 2]]",12,"[3, 3, 3, 3]",54,600,0.91,843,21.075,,,,TIME_LIMIT,0.7825244074033071,10284.0,0.00518488883972168,0.016460600309073925,30.002516984939575,30.019037273712456,12.9,OPTIMAL,0.0,6696.0,0.0008630752563476562,9.444355964660645e-05,9.444355964660645e-05,0.0,0.004862016066908836,0.7268080711364746,0.7318131597712636
N40_L4_balanced_poisson_hS2,15,0.25,450,450,proposed_bound_aware,min_Bidx_under_C_budget,40,4,"[10, 10, 10, 10]",balanced,poisson,1,2,4,"[[1, 1, 1, 1, 1, 2, 1, 1, 1], [1, 1, 2, 1, 2, 1, 2], [4, 1, 1, 2, 2], [1, 2, 1, 1, 2, 3]]",27,"[9, 7, 5, 6]",269,600,0.5516666666666666,0,0.0,,,,TIME_LIMIT,0.813540195483619,21927.0,0.006983041763305664,0.023562570102512836,30.000126123428345,30.023758290335536,9.475,TIME_LIMIT,0.6742004717598545,50145.0,0.003014087677001953,0.01702972035855055,0.011127031408250332,0.005624055862426758,0.009081371128559113,30.000165224075317,30.026332263834774
N40_L4_balanced_poisson_hS2,15,0.25,450,450,fixed_size_closest_dimension,fixed_size_2,40,4,"[10, 10, 10, 10]",balanced,poisson,1,2,4,"[[2, 2, 2, 2, 2], [2, 2, 2, 2, 2], [2, 2, 2, 2, 2], [2, 2, 2, 2, 2]]",20,"[5, 5, 5, 5]",150,600,0.75,1094,27.35,,,,TIME_LIMIT,0.813540195483619,21927.0,0.006983041763305664,0.023562570102512836,30.000126123428345,30.023758290335536,10.55,TIME_LIMIT,0.5388857245668134,48156.0,0.0015778541564941406,2.1913088858127594e-05,2.1913088858127594e-05,0.0,0.0067544253543019295,30.000146865844727,30.006978915072978
N40_L4_balanced_poisson_hS2,15,0.25,450,450,threshold_closest_dimension,release_gap_threshold_0,40,4,"[10, 10, 10, 10]",balanced,poisson,1,2,4,"[[1, 1, 1, 1, 1, 1, 1, 1, 1, 1], [1, 1, 1, 1, 1, 1, 1, 1, 2], [1, 2, 1, 1, 1, 2, 2], [1, 2, 1, 1, 2, 1, 1, 1]]",34,"[10, 9, 7, 8]",431,600,0.2816666666666667,0,0.0,,,,TIME_LIMIT,0.813540195483619,21927.0,0.006983041763305664,0.023562570102512836,30.000126123428345,30.023758290335536,10.1,TIME_LIMIT,0.7332891643979003,18341.0,0.004565000534057617,0.00014476850628852844,0.00014476850628852844,0.0,0.012451662681996822,30.00051188468933,30.013165303505957
N40_L4_balanced_poisson_hS2,15,0.5,300,300,proposed_bound_aware,min_Bidx_under_C_budget,40,4,"[10, 10, 10, 10]",balanced,poisson,1,2,4,"[[1, 1, 1, 1, 1, 2, 1, 1, 1], [1, 1, 2, 1, 2, 1, 2], [4, 1, 1, 2, 2], [1, 2, 1, 1, 2, 3]]",27,"[9, 7, 5, 6]",269,600,0.5516666666666666,0,0.0,,,,TIME_LIMIT,0.813540195483619,21927.0,0.006983041763305664,0.023562570102512836,30.000126123428345,30.023758290335536,9.475,TIME_LIMIT,0.6744432145807058,49851.0,0.002969980239868164,0.015511847101151943,0.01051167119294405,0.0047321319580078125,0.00934615172445774,30.000231981277466,30.0251436335966
N40_L4_balanced_poisson_hS2,15,0.5,300,300,fixed_size_closest_dimension,fixed_size_2,40,4,"[10, 10, 10, 10]",balanced,poisson,1,2,4,"[[2, 2, 2, 2, 2], [2, 2, 2, 2, 2], [2, 2, 2, 2, 2], [2, 2, 2, 2, 2]]",20,"[5, 5, 5, 5]",150,600,0.75,1094,27.35,,,,TIME_LIMIT,0.813540195483619,21927.0,0.006983041763305664,0.023562570102512836,30.000126123428345,30.023758290335536,10.55,TIME_LIMIT,0.5395733898403261,47641.0,0.0015711784362792969,6.506871432065964e-05,6.506871432065964e-05,0.0,0.007009180262684822,30.000152111053467,30.007280714809895
N40_L4_balanced_poisson_hS2,15,0.5,300,300,threshold_closest_dimension,release_gap_threshold_1,40,4,"[10, 10, 10, 10]",balanced,poisson,1,2,4,"[[1, 1, 1, 1, 1, 2, 1, 1, 1], [1, 1, 2, 1, 2, 1, 2], [4, 1, 1, 2, 2], [1, 2, 1, 1, 2, 3]]",27,"[9, 7, 5, 6]",269,600,0.5516666666666666,0,0.0,,,,TIME_LIMIT,0.813540195483619,21927.0,0.006983041763305664,0.023562570102512836,30.000126123428345,30.023758290335536,9.475,TIME_LIMIT,0.6741816790637812,50203.0,0.0029990673065185547,0.00013052672147750854,0.00013052672147750854,0.0,0.009160690940916538,30.00014901161194,30.009495561942458
N40_L4_balanced_poisson_hS2,15,0.75,150,150,proposed_bound_aware,min_Bidx_under_C_budget,40,4,"[10, 10, 10, 10]",balanced,poisson,1,2,4,"[[2, 1, 1, 1, 3, 1, 1], [2, 2, 1, 2, 1, 2], [2, 4, 4], [1, 4, 2, 3]]",20,"[7, 6, 3, 4]",145,600,0.7583333333333333,237,5.925,,,,TIME_LIMIT,0.813540195483619,21927.0,0.006983041763305664,0.023562570102512836,30.000126123428345,30.023758290335536,10.25,TIME_LIMIT,0.3853658536585621,139652.0,0.0018551349639892578,0.06858713831752539,0.010830444283783436,0.057492971420288086,0.007303674705326557,30.000177145004272,30.07612785510719
N40_L4_balanced_poisson_hS2,15,0.75,150,150,fixed_size_closest_dimension,fixed_size_2,40,4,"[10, 10, 10, 10]",balanced,poisson,1,2,4,"[[2, 2, 2, 2, 2], [2, 2, 2, 2, 2], [2, 2, 2, 2, 2], [2, 2, 2, 2, 2]]",20,"[5, 5, 5, 5]",150,600,0.75,1094,27.35,,,,TIME_LIMIT,0.813540195483619,21927.0,0.006983041763305664,0.023562570102512836,30.000126123428345,30.023758290335536,10.55,TIME_LIMIT,0.5389145119943932,48125.0,0.0015981197357177734,5.058571696281433e-05,5.058571696281433e-05,0.0,0.006792401894927025,30.000137090682983,30.00703840702772
N40_L4_balanced_poisson_hS2,15,0.75,150,150,threshold_closest_dimension,release_gap_threshold_2,40,4,"[10, 10, 10, 10]",balanced,poisson,1,2,4,"[[2, 1, 1, 1, 3, 1, 1], [2, 2, 1, 2, 1, 2], [4, 2, 4], [4, 1, 2, 3]]",20,"[7, 6, 3, 4]",145,600,0.7583333333333333,240,6.0,,,,TIME_LIMIT,0.813540195483619,21927.0,0.006983041763305664,0.023562570102512836,30.000126123428345,30.023758290335536,10.15,TIME_LIMIT,0.4436438351286181,115933.0,0.001708984375,0.00013139937072992325,0.00013139937072992325,0.0,0.007262802682816982,30.00017499923706,30.00762498192489
N40_L4_balanced_poisson_hS2,15,0.9,60,60,proposed_bound_aware,min_Bidx_under_C_budget,40,4,"[10, 10, 10, 10]",balanced,poisson,1,2,4,"[[4, 4, 2], [4, 4, 2], [3, 3, 4], [3, 4, 3]]",12,"[3, 3, 3, 3]",54,600,0.91,1217,30.425,,,,TIME_LIMIT,0.813540195483619,21927.0,0.006983041763305664,0.023562570102512836,30.000126123428345,30.023758290335536,10.175,OPTIMAL,0.0,7371.0,0.0010800361633300781,0.1329252365976572,0.01143482606858015,0.12121200561523438,0.005235901102423668,0.8509221076965332,0.9891405934467912
N40_L4_balanced_poisson_hS2,15,0.9,60,60,fixed_size_closest_dimension,fixed_size_4,40,4,"[10, 10, 10, 10]",balanced,poisson,1,2,4,"[[4, 4, 2], [4, 4, 2], [4, 4, 2], [4, 4, 2]]",12,"[3, 3, 3, 3]",54,600,0.91,1486,37.15,,,,TIME_LIMIT,0.813540195483619,21927.0,0.006983041763305664,0.023562570102512836,30.000126123428345,30.023758290335536,10.1,OPTIMAL,0.0,4540.0,0.0008740425109863281,4.600919783115387e-05,4.600919783115387e-05,0.0,0.005223271436989307,0.6177079677581787,0.6230244282633066
N40_L4_balanced_poisson_hS2,15,0.9,60,60,threshold_closest_dimension,release_gap_threshold_13,40,4,"[10, 10, 10, 10]",balanced,poisson,1,2,4,"[[4, 4, 2], [4, 4, 2], [4, 4, 2], [4, 4, 2]]",12,"[3, 3, 3, 3]",54,600,0.91,1486,37.15,,,,TIME_LIMIT,0.813540195483619,21927.0,0.006983041763305664,0.023562570102512836,30.000126123428345,30.023758290335536,10.1,OPTIMAL,0.0,4540.0,0.0008730888366699219,0.0001277923583984375,0.0001277923583984375,0.0,0.005008787848055363,0.6135289669036865,0.6187124419957399
N40_L4_balanced_poisson_hS2,16,0.25,450,450,proposed_bound_aware,min_Bidx_under_C_budget,40,4,"[10, 10, 10, 10]",balanced,poisson,1,2,4,"[[1, 3, 1, 1, 2, 2], [1, 2, 4, 1, 2], [4, 1, 4, 1], [1, 2, 4, 3]]",19,"[6, 5, 4, 4]",134,600,0.7766666666666666,0,0.0,,,,TIME_LIMIT,0.7847538420087038,10414.0,0.005917072296142578,0.015270632691681385,30.020177125930786,30.035507157444954,11.125,TIME_LIMIT,0.35842338270714424,75957.0,0.0016880035400390625,0.016112323850393295,0.010952658019959927,0.004891157150268555,0.0064007313922047615,30.000144958496094,30.02271717134863
N40_L4_balanced_poisson_hS2,16,0.25,450,450,fixed_size_closest_dimension,fixed_size_2,40,4,"[10, 10, 10, 10]",balanced,poisson,1,2,4,"[[2, 2, 2, 2, 2], [2, 2, 2, 2, 2], [2, 2, 2, 2, 2], [2, 2, 2, 2, 2]]",20,"[5, 5, 5, 5]",150,600,0.75,1144,28.6,,,,TIME_LIMIT,0.7847538420087038,10414.0,0.005917072296142578,0.015270632691681385,30.020177125930786,30.035507157444954,11.45,TIME_LIMIT,0.4312461128893114,69396.0,0.0015759468078613281,3.9750710129737854e-05,3.9750710129737854e-05,0.0,0.006956971250474453,30.000208139419556,30.007260985672474
N40_L4_balanced_poisson_hS2,16,0.25,450,450,threshold_closest_dimension,release_gap_threshold_0,40,4,"[10, 10, 10, 10]",balanced,poisson,1,2,4,"[[1, 1, 1, 1, 1, 1, 1, 1, 2], [1, 1, 1, 1, 2, 1, 1, 2], [1, 1, 2, 1, 2, 2, 1], [1, 1, 1, 1, 2, 1, 1, 2]]",32,"[9, 8, 7, 8]",383,600,0.3616666666666667,0,0.0,,,,TIME_LIMIT,0.7847538420087038,10414.0,0.005917072296142578,0.015270632691681385,30.020177125930786,30.035507157444954,11.225,TIME_LIMIT,0.703284976747883,17000.0,0.003741025924682617,4.586856812238693e-05,4.586856812238693e-05,0.0,0.01110066194087267,30.000091075897217,30.011294615454972
N40_L4_balanced_poisson_hS2,16,0.5,300,300,proposed_bound_aware,min_Bidx_under_C_budget,40,4,"[10, 10, 10, 10]",balanced,poisson,1,2,4,"[[1, 3, 1, 1, 2, 2], [1, 2, 4, 1, 2], [4, 1, 4, 1], [1, 2, 4, 3]]",19,"[6, 5, 4, 4]",134,600,0.7766666666666666,0,0.0,,,,TIME_LIMIT,0.7847538420087038,10414.0,0.005917072296142578,0.015270632691681385,30.020177125930786,30.035507157444954,11.125,TIME_LIMIT,0.35916457322431866,75283.0,0.0016350746154785156,0.016847504302859306,0.011077076196670532,0.005498170852661133,0.006128569133579731,30.000197887420654,30.023229815997183
N40_L4_balanced_poisson_hS2,16,0.5,300,300,fixed_size_closest_dimension,fixed_size_2,40,4,"[10, 10, 10, 10]",balanced,poisson,1,2,4,"[[2, 2, 2, 2, 2], [2, 2, 2, 2, 2], [2, 2, 2, 2, 2], [2, 2, 2, 2, 2]]",20,"[5, 5, 5, 5]",150,600,0.75,1144,28.6,,,,TIME_LIMIT,0.7847538420087038,10414.0,0.005917072296142578,0.015270632691681385,30.020177125930786,30.035507157444954,11.45,TIME_LIMIT,0.43154659592288275,69216.0,0.001628875732421875,4.9155205488204956e-05,4.9155205488204956e-05,0.0,0.007038994692265987,30.000155925750732,30.007300846278667
N40_L4_balanced_poisson_hS2,16,0.5,300,300,threshold_closest_dimension,release_gap_threshold_1,40,4,"[10, 10, 10, 10]",balanced,poisson,1,2,4,"[[1, 3, 1, 1, 2, 2], [1, 2, 4, 1, 2], [4, 1, 4, 1], [1, 2, 4, 3]]",19,"[6, 5, 4, 4]",134,600,0.7766666666666666,0,0.0,,,,TIME_LIMIT,0.7847538420087038,10414.0,0.005917072296142578,0.015270632691681385,30.020177125930786,30.035507157444954,11.125,TIME_LIMIT,0.35863607624025023,75807.0,0.0016520023345947266,0.00013151858001947403,0.00013151858001947403,0.0,0.006860786117613316,30.000149965286255,30.007199246436357
N40_L4_balanced_poisson_hS2,16,0.75,150,150,proposed_bound_aware,min_Bidx_under_C_budget,40,4,"[10, 10, 10, 10]",balanced,poisson,1,2,4,"[[1, 3, 1, 1, 2, 2], [1, 2, 4, 1, 2], [4, 1, 4, 1], [1, 2, 4, 3]]",19,"[6, 5, 4, 4]",134,600,0.7766666666666666,0,0.0,,,,TIME_LIMIT,0.7847538420087038,10414.0,0.005917072296142578,0.015270632691681385,30.020177125930786,30.035507157444954,11.125,TIME_LIMIT,0.3586388851828006,75778.0,0.0016758441925048828,0.016098293475806713,0.011323259212076664,0.004498004913330078,0.006451167166233063,30.0001380443573,30.022745120339096
N40_L4_balanced_poisson_hS2,16,0.75,150,150,fixed_size_closest_dimension,fixed_size_2,40,4,"[10, 10, 10, 10]",balanced,poisson,1,2,4,"[[2, 2, 2, 2, 2], [2, 2, 2, 2, 2], [2, 2, 2, 2, 2], [2, 2, 2, 2, 2]]",20,"[5, 5, 5, 5]",150,600,0.75,1144,28.6,,,,TIME_LIMIT,0.7847538420087038,10414.0,0.005917072296142578,0.015270632691681385,30.020177125930786,30.035507157444954,11.45,TIME_LIMIT,0.43176143737619965,69035.0,0.001645803451538086,4.7832727432250977e-05,4.7832727432250977e-05,0.0,0.007439910434186459,30.000154972076416,30.00769903231412
N40_L4_balanced_poisson_hS2,16,0.75,150,150,threshold_closest_dimension,release_gap_threshold_1,40,4,"[10, 10, 10, 10]",balanced,poisson,1,2,4,"[[1, 3, 1, 1, 2, 2], [1, 2, 4, 1, 2], [4, 1, 4, 1], [1, 2, 4, 3]]",19,"[6, 5, 4, 4]",134,600,0.7766666666666666,0,0.0,,,,TIME_LIMIT,0.7847538420087038,10414.0,0.005917072296142578,0.015270632691681385,30.020177125930786,30.035507157444954,11.125,TIME_LIMIT,0.35867669438478306,75743.0,0.001756906509399414,0.00011607632040977478,0.00011607632040977478,0.0,0.0072835348546504974,30.000366926193237,30.00782656017691
N40_L4_balanced_poisson_hS2,16,0.9,60,60,proposed_bound_aware,min_Bidx_under_C_budget,40,4,"[10, 10, 10, 10]",balanced,poisson,1,2,4,"[[4, 4, 2], [4, 4, 2], [4, 2, 4], [3, 4, 3]]",12,"[3, 3, 3, 3]",54,600,0.91,967,24.175,,,,TIME_LIMIT,0.7847538420087038,10414.0,0.005917072296142578,0.015270632691681385,30.020177125930786,30.035507157444954,11.5,OPTIMAL,0.0,7792.0,0.0010309219360351562,0.12683516461402178,0.010644251480698586,0.11591601371765137,0.005234329029917717,0.8899140357971191,1.0220421254634857
N40_L4_balanced_poisson_hS2,16,0.9,60,60,fixed_size_closest_dimension,fixed_size_4,40,4,"[10, 10, 10, 10]",balanced,poisson,1,2,4,"[[4, 4, 2], [4, 4, 2], [4, 4, 2], [4, 4, 2]]",12,"[3, 3, 3, 3]",54,600,0.91,1210,30.25,,,,TIME_LIMIT,0.7847538420087038,10414.0,0.005917072296142578,0.015270632691681385,30.020177125930786,30.035507157444954,11.5,OPTIMAL,0.0,5892.0,0.0008680820465087891,4.5919790863990784e-05,4.5919790863990784e-05,0.0,0.004996528849005699,0.6290760040283203,0.6341673452407122
N40_L4_balanced_poisson_hS2,16,0.9,60,60,threshold_closest_dimension,release_gap_threshold_7,40,4,"[10, 10, 10, 10]",balanced,poisson,1,2,4,"[[4, 4, 2], [4, 4, 2], [4, 4, 2], [4, 4, 2]]",12,"[3, 3, 3, 3]",54,600,0.91,1210,30.25,,,,TIME_LIMIT,0.7847538420087038,10414.0,0.005917072296142578,0.015270632691681385,30.020177125930786,30.035507157444954,11.5,OPTIMAL,0.0,5892.0,0.0008599758148193359,0.00011528376489877701,0.00011528376489877701,0.0,0.005135820247232914,0.6270899772644043,0.6323884380981326
N40_L4_balanced_poisson_hS2,17,0.25,450,450,proposed_bound_aware,min_Bidx_under_C_budget,40,4,"[10, 10, 10, 10]",balanced,poisson,1,2,4,"[[1, 2, 1, 3, 3], [3, 1, 3, 3], [1, 4, 1, 4], [1, 2, 1, 1, 1, 2, 2]]",20,"[5, 4, 4, 7]",147,600,0.755,0,0.0,,,,TIME_LIMIT,0.7899407091541835,14167.0,0.005685091018676758,0.01526421308517456,30.00137710571289,30.016700329259038,10.7,TIME_LIMIT,0.3828026773457517,79821.0,0.0017428398132324219,0.015851998701691628,0.010943103581666946,0.004643917083740234,0.006537747569382191,30.00013279914856,30.02257656864822
N40_L4_balanced_poisson_hS2,17,0.25,450,450,fixed_size_closest_dimension,fixed_size_2,40,4,"[10, 10, 10, 10]",balanced,poisson,1,2,4,"[[2, 2, 2, 2, 2], [2, 2, 2, 2, 2], [2, 2, 2, 2, 2], [2, 2, 2, 2, 2]]",20,"[5, 5, 5, 5]",150,600,0.75,922,23.05,,,,TIME_LIMIT,0.7899407091541835,14167.0,0.005685091018676758,0.01526421308517456,30.00137710571289,30.016700329259038,11.825,TIME_LIMIT,0.5363725175160853,64129.0,0.0016078948974609375,1.7696991562843323e-05,1.7696991562843323e-05,0.0,0.006704118102788925,30.000568866729736,30.007345330901444
N40_L4_balanced_poisson_hS2,17,0.25,450,450,threshold_closest_dimension,release_gap_threshold_1,40,4,"[10, 10, 10, 10]",balanced,poisson,1,2,4,"[[1, 2, 1, 3, 3], [3, 1, 3, 3], [1, 4, 1, 4], [1, 2, 1, 1, 1, 2, 2]]",20,"[5, 4, 4, 7]",147,600,0.755,0,0.0,,,,TIME_LIMIT,0.7899407091541835,14167.0,0.005685091018676758,0.01526421308517456,30.00137710571289,30.016700329259038,10.7,TIME_LIMIT,0.38303267953555964,79620.0,0.001795053482055664,4.655029624700546e-05,4.655029624700546e-05,0.0,0.006690507754683495,30.000139951705933,30.00693501252681
N40_L4_balanced_poisson_hS2,17,0.5,300,300,proposed_bound_aware,min_Bidx_under_C_budget,40,4,"[10, 10, 10, 10]",balanced,poisson,1,2,4,"[[1, 2, 1, 3, 3], [3, 1, 3, 3], [1, 4, 1, 4], [1, 2, 1, 1, 1, 2, 2]]",20,"[5, 4, 4, 7]",147,600,0.755,0,0.0,,,,TIME_LIMIT,0.7899407091541835,14167.0,0.005685091018676758,0.01526421308517456,30.00137710571289,30.016700329259038,10.7,TIME_LIMIT,0.3829329696361586,79685.0,0.0018079280853271484,0.016557784751057625,0.01065611932426691,0.00563812255859375,0.007095168344676495,30.000330924987793,30.024037949740887
N40_L4_balanced_poisson_hS2,17,0.5,300,300,fixed_size_closest_dimension,fixed_size_2,40,4,"[10, 10, 10, 10]",balanced,poisson,1,2,4,"[[2, 2, 2, 2, 2], [2, 2, 2, 2, 2], [2, 2, 2, 2, 2], [2, 2, 2, 2, 2]]",20,"[5, 5, 5, 5]",150,600,0.75,922,23.05,,,,TIME_LIMIT,0.7899407091541835,14167.0,0.005685091018676758,0.01526421308517456,30.00137710571289,30.016700329259038,11.825,TIME_LIMIT,0.5361243715919966,64294.0,0.0015950202941894531,1.744646579027176e-05,1.744646579027176e-05,0.0,0.0069094691425561905,30.000137090682983,30.007120608352125
N40_L4_balanced_poisson_hS2,17,0.5,300,300,threshold_closest_dimension,release_gap_threshold_1,40,4,"[10, 10, 10, 10]",balanced,poisson,1,2,4,"[[1, 2, 1, 3, 3], [3, 1, 3, 3], [1, 4, 1, 4], [1, 2, 1, 1, 1, 2, 2]]",20,"[5, 4, 4, 7]",147,600,0.755,0,0.0,,,,TIME_LIMIT,0.7899407091541835,14167.0,0.005685091018676758,0.01526421308517456,30.00137710571289,30.016700329259038,10.7,TIME_LIMIT,0.38277498349073397,79833.0,0.0019500255584716797,0.00011789798736572266,0.00011789798736572266,0.0,0.007364746183156967,30.00018310546875,30.007727070711553
N40_L4_balanced_poisson_hS2,17,0.75,150,150,proposed_bound_aware,min_Bidx_under_C_budget,40,4,"[10, 10, 10, 10]",balanced,poisson,1,2,4,"[[1, 2, 1, 3, 3], [3, 1, 3, 3], [1, 4, 1, 4], [1, 2, 1, 1, 1, 2, 2]]",20,"[5, 4, 4, 7]",147,600,0.755,0,0.0,,,,TIME_LIMIT,0.7899407091541835,14167.0,0.005685091018676758,0.01526421308517456,30.00137710571289,30.016700329259038,10.7,TIME_LIMIT,0.3829076183212721,79733.0,0.0018007755279541016,0.019131343811750412,0.013562259264290333,0.005280017852783203,0.007124412804841995,30.000146865844727,30.02645859774202
N40_L4_balanced_poisson_hS2,17,0.75,150,150,fixed_size_closest_dimension,fixed_size_2,40,4,"[10, 10, 10, 10]",balanced,poisson,1,2,4,"[[2, 2, 2, 2, 2], [2, 2, 2, 2, 2], [2, 2, 2, 2, 2], [2, 2, 2, 2, 2]]",20,"[5, 5, 5, 5]",150,600,0.75,922,23.05,,,,TIME_LIMIT,0.7899407091541835,14167.0,0.005685091018676758,0.01526421308517456,30.00137710571289,30.016700329259038,11.825,TIME_LIMIT,0.5365478190001044,63871.0,0.0016491413116455078,4.792306572198868e-05,4.792306572198868e-05,0.0,0.007006455212831497,30.000138998031616,30.00725095719099
N40_L4_balanced_poisson_hS2,17,0.75,150,150,threshold_closest_dimension,release_gap_threshold_1,40,4,"[10, 10, 10, 10]",balanced,poisson,1,2,4,"[[1, 2, 1, 3, 3], [3, 1, 3, 3], [1, 4, 1, 4], [1, 2, 1, 1, 1, 2, 2]]",20,"[5, 4, 4, 7]",147,600,0.755,0,0.0,,,,TIME_LIMIT,0.7899407091541835,14167.0,0.005685091018676758,0.01526421308517456,30.00137710571289,30.016700329259038,10.7,TIME_LIMIT,0.3829329696361586,79694.0,0.0017600059509277344,4.600919783115387e-05,4.600919783115387e-05,0.0,0.006684698164463043,30.000169038772583,30.00695570744574
N40_L4_balanced_poisson_hS2,17,0.9,60,60,proposed_bound_aware,min_Bidx_under_C_budget,40,4,"[10, 10, 10, 10]",balanced,poisson,1,2,4,"[[4, 3, 3], [3, 4, 3], [2, 4, 4], [4, 2, 4]]",12,"[3, 3, 3, 3]",54,600,0.91,820,20.5,,,,TIME_LIMIT,0.7899407091541835,14167.0,0.005685091018676758,0.01526421308517456,30.00137710571289,30.016700329259038,11.075,OPTIMAL,0.0,8649.0,0.0010461807250976562,0.10852763522416353,0.01075639110058546,0.0975041389465332,0.0057270219549536705,0.9156160354614258,1.0299285845831037
N40_L4_balanced_poisson_hS2,17,0.9,60,60,fixed_size_closest_dimension,fixed_size_4,40,4,"[10, 10, 10, 10]",balanced,poisson,1,2,4,"[[4, 4, 2], [4, 4, 2], [4, 4, 2], [4, 4, 2]]",12,"[3, 3, 3, 3]",54,600,0.91,1088,27.2,,,,TIME_LIMIT,0.7899407091541835,14167.0,0.005685091018676758,0.01526421308517456,30.00137710571289,30.016700329259038,11.525,OPTIMAL,0.0,6894.0,0.00080108642578125,1.88387930393219e-05,1.88387930393219e-05,0.0,0.005072693340480328,0.7560780048370361,0.7612198386341333
N40_L4_balanced_poisson_hS2,17,0.9,60,60,threshold_closest_dimension,release_gap_threshold_8,40,4,"[10, 10, 10, 10]",balanced,poisson,1,2,4,"[[4, 4, 2], [4, 4, 2], [4, 4, 2], [4, 4, 2]]",12,"[3, 3, 3, 3]",54,600,0.91,1088,27.2,,,,TIME_LIMIT,0.7899407091541835,14167.0,0.005685091018676758,0.01526421308517456,30.00137710571289,30.016700329259038,11.525,OPTIMAL,0.0,6894.0,0.0008080005645751953,0.00012971647083759308,0.00012971647083759308,0.0,0.005654813721776009,0.7603039741516113,0.7661368669942021
N40_L4_balanced_poisson_hS2,18,0.25,450,450,proposed_bound_aware,min_Bidx_under_C_budget,40,4,"[10, 10, 10, 10]",balanced,poisson,1,2,4,"[[4, 1, 3, 1, 1], [3, 3, 1, 1, 1, 1], [1, 2, 2, 1, 3, 1], [4, 4, 1, 1]]",21,"[5, 6, 6, 4]",164,600,0.7266666666666667,0,0.0,,,,TIME_LIMIT,0.8057639980847138,11147.0,0.005923032760620117,0.015093333087861538,30.000412940979004,30.01556413527578,12.125,TIME_LIMIT,0.34945965420311476,82003.0,0.0018281936645507812,0.015705518424510956,0.010666185058653355,0.0047609806060791016,0.00750481802970171,30.00019121170044,30.02345498930663
N40_L4_balanced_poisson_hS2,18,0.25,450,450,fixed_size_closest_dimension,fixed_size_2,40,4,"[10, 10, 10, 10]",balanced,poisson,1,2,4,"[[2, 2, 2, 2, 2], [2, 2, 2, 2, 2], [2, 2, 2, 2, 2], [2, 2, 2, 2, 2]]",20,"[5, 5, 5, 5]",150,600,0.75,582,14.55,,,,TIME_LIMIT,0.8057639980847138,11147.0,0.005923032760620117,0.015093333087861538,30.000412940979004,30.01556413527578,12.225,TIME_LIMIT,0.5381220103223124,62466.0,0.0016100406646728516,4.8784539103507996e-05,4.8784539103507996e-05,0.0,0.007513772696256638,30.000216960906982,30.007836257107556
N40_L4_balanced_poisson_hS2,18,0.25,450,450,threshold_closest_dimension,release_gap_threshold_1,40,4,"[10, 10, 10, 10]",balanced,poisson,1,2,4,"[[4, 1, 3, 1, 1], [3, 3, 1, 1, 1, 1], [1, 2, 2, 1, 3, 1], [4, 4, 1, 1]]",21,"[5, 6, 6, 4]",164,600,0.7266666666666667,0,0.0,,,,TIME_LIMIT,0.8057639980847138,11147.0,0.005923032760620117,0.015093333087861538,30.000412940979004,30.01556413527578,12.125,TIME_LIMIT,0.3501040794321616,81557.0,0.0018830299377441406,0.00011011678725481033,0.00011011678725481033,0.0,0.007265486754477024,30.000148057937622,30.007583270780742
N40_L4_balanced_poisson_hS2,18,0.5,300,300,proposed_bound_aware,min_Bidx_under_C_budget,40,4,"[10, 10, 10, 10]",balanced,poisson,1,2,4,"[[4, 1, 3, 1, 1], [3, 3, 1, 1, 1, 1], [1, 2, 2, 1, 3, 1], [4, 4, 1, 1]]",21,"[5, 6, 6, 4]",164,600,0.7266666666666667,0,0.0,,,,TIME_LIMIT,0.8057639980847138,11147.0,0.005923032760620117,0.015093333087861538,30.000412940979004,30.01556413527578,12.125,TIME_LIMIT,0.3492045999920551,82282.0,0.0018279552459716797,0.01577138714492321,0.010582348331809044,0.004929065704345703,0.007166227325797081,30.000165939331055,30.02315700892359
N40_L4_balanced_poisson_hS2,18,0.5,300,300,fixed_size_closest_dimension,fixed_size_2,40,4,"[10, 10, 10, 10]",balanced,poisson,1,2,4,"[[2, 2, 2, 2, 2], [2, 2, 2, 2, 2], [2, 2, 2, 2, 2], [2, 2, 2, 2, 2]]",20,"[5, 5, 5, 5]",150,600,0.75,582,14.55,,,,TIME_LIMIT,0.8057639980847138,11147.0,0.005923032760620117,0.015093333087861538,30.000412940979004,30.01556413527578,12.225,TIME_LIMIT,0.5378644983155251,62681.0,0.0015540122985839844,4.632025957107544e-05,4.632025957107544e-05,0.0,0.007363895885646343,30.000123023986816,30.007589143700898
N40_L4_balanced_poisson_hS2,18,0.5,300,300,threshold_closest_dimension,release_gap_threshold_1,40,4,"[10, 10, 10, 10]",balanced,poisson,1,2,4,"[[4, 1, 3, 1, 1], [3, 3, 1, 1, 1, 1], [1, 2, 2, 1, 3, 1], [4, 4, 1, 1]]",21,"[5, 6, 6, 4]",164,600,0.7266666666666667,0,0.0,,,,TIME_LIMIT,0.8057639980847138,11147.0,0.005923032760620117,0.015093333087861538,30.000412940979004,30.01556413527578,12.125,TIME_LIMIT,0.3492389660049468,82253.0,0.001889944076538086,0.00010983645915985107,0.00010983645915985107,0.0,0.007366260513663292,30.000139951705933,30.007673589512706
N40_L4_balanced_poisson_hS2,18,0.75,150,150,proposed_bound_aware,min_Bidx_under_C_budget,40,4,"[10, 10, 10, 10]",balanced,poisson,1,2,4,"[[4, 1, 3, 1, 1], [3, 3, 1, 1, 1, 1], [1, 2, 2, 1, 3, 1], [4, 4, 2]]",20,"[5, 6, 6, 3]",147,600,0.755,29,0.725,,,,TIME_LIMIT,0.8057639980847138,11147.0,0.005923032760620117,0.015093333087861538,30.000412940979004,30.01556413527578,11.825,TIME_LIMIT,0.3106756680006886,123883.0,0.0016431808471679688,0.017969387583434582,0.010625363327562809,0.007055997848510742,0.006457936950027943,30.000168085098267,30.02464915625751
N40_L4_balanced_poisson_hS2,18,0.75,150,150,fixed_size_closest_dimension,fixed_size_2,40,4,"[10, 10, 10, 10]",balanced,poisson,1,2,4,"[[2, 2, 2, 2, 2], [2, 2, 2, 2, 2], [2, 2, 2, 2, 2], [2, 2, 2, 2, 2]]",20,"[5, 5, 5, 5]",150,600,0.75,582,14.55,,,,TIME_LIMIT,0.8057639980847138,11147.0,0.005923032760620117,0.015093333087861538,30.000412940979004,30.01556413527578,12.225,TIME_LIMIT,0.5380102177622909,62518.0,0.0015690326690673828,3.9468519389629364e-05,3.9468519389629364e-05,0.0,0.006810138933360577,30.000289916992188,30.007195313461125
N40_L4_balanced_poisson_hS2,18,0.75,150,150,threshold_closest_dimension,release_gap_threshold_2,40,4,"[10, 10, 10, 10]",balanced,poisson,1,2,4,"[[4, 1, 3, 1, 1], [4, 2, 2, 2], [3, 2, 1, 3, 1], [4, 4, 2]]",17,"[5, 4, 5, 3]",107,600,0.8216666666666667,161,4.025,,,,TIME_LIMIT,0.8057639980847138,11147.0,0.005923032760620117,0.015093333087861538,30.000412940979004,30.01556413527578,12.025,OPTIMAL,0.0,137923.0,0.001352071762084961,0.00010896380990743637,0.00010896380990743637,0.0,0.006285836920142174,28.978284120559692,28.984739965759218
N40_L4_balanced_poisson_hS2,18,0.9,60,60,proposed_bound_aware,min_Bidx_under_C_budget,40,4,"[10, 10, 10, 10]",balanced,poisson,1,2,4,"[[4, 4, 2], [3, 3, 4], [3, 3, 4], [4, 4, 2]]",12,"[3, 3, 3, 3]",54,600,0.91,537,13.425,,,,TIME_LIMIT,0.8057639980847138,11147.0,0.005923032760620117,0.015093333087861538,30.000412940979004,30.01556413527578,12.025,OPTIMAL,0.0,16868.0,0.0010569095611572266,0.07306656148284674,0.011222805827856064,0.06158709526062012,0.005077941343188286,2.2529289722442627,2.331131105311215
N40_L4_balanced_poisson_hS2,18,0.9,60,60,fixed_size_closest_dimension,fixed_size_4,40,4,"[10, 10, 10, 10]",balanced,poisson,1,2,4,"[[4, 4, 2], [4, 4, 2], [4, 4, 2], [4, 4, 2]]",12,"[3, 3, 3, 3]",54,600,0.91,816,20.4,,,,TIME_LIMIT,0.8057639980847138,11147.0,0.005923032760620117,0.015093333087861538,30.000412940979004,30.01556413527578,12.025,OPTIMAL,0.0,10251.0,0.0008649826049804688,4.704110324382782e-05,4.704110324382782e-05,0.0,0.005000504665076733,1.032142162322998,1.0372401373460889
N40_L4_balanced_poisson_hS2,18,0.9,60,60,threshold_closest_dimension,release_gap_threshold_10,40,4,"[10, 10, 10, 10]",balanced,poisson,1,2,4,"[[4, 4, 2], [4, 4, 2], [4, 4, 2], [4, 4, 2]]",12,"[3, 3, 3, 3]",54,600,0.91,816,20.4,,,,TIME_LIMIT,0.8057639980847138,11147.0,0.005923032760620117,0.015093333087861538,30.000412940979004,30.01556413527578,12.025,OPTIMAL,0.0,10251.0,0.0008587837219238281,0.00010856334120035172,0.00010856334120035172,0.0,0.004983759485185146,1.0301148891448975,1.0352578228339553
N40_L4_balanced_poisson_hS2,19,0.25,450,450,proposed_bound_aware,min_Bidx_under_C_budget,40,4,"[10, 10, 10, 10]",balanced,poisson,1,2,4,"[[1, 4, 3, 2], [1, 1, 1, 2, 1, 1, 1, 1, 1], [3, 1, 4, 2], [1, 1, 1, 3, 1, 2, 1]]",24,"[4, 9, 4, 7]",207,600,0.655,0,0.0,,,,TIME_LIMIT,0.7312213160324106,11046.0,0.006092071533203125,0.01604928821325302,30.000153064727783,30.016260970383883,8.7,TIME_LIMIT,0.4556393176978576,45631.0,0.0022521018981933594,0.016708734445273876,0.011198829859495163,0.0052509307861328125,0.007678360678255558,30.000159978866577,30.024601734243333
N40_L4_balanced_poisson_hS2,19,0.25,450,450,fixed_size_closest_dimension,fixed_size_2,40,4,"[10, 10, 10, 10]",balanced,poisson,1,2,4,"[[2, 2, 2, 2, 2], [2, 2, 2, 2, 2], [2, 2, 2, 2, 2], [2, 2, 2, 2, 2]]",20,"[5, 5, 5, 5]",150,600,0.75,1288,32.2,,,,TIME_LIMIT,0.7312213160324106,11046.0,0.006092071533203125,0.01604928821325302,30.000153064727783,30.016260970383883,8.725,TIME_LIMIT,0.3191950630593614,60433.0,0.0017139911651611328,4.892423748970032e-05,4.892423748970032e-05,0.0,0.007432359270751476,30.000390768051147,30.007931426167488
N40_L4_balanced_poisson_hS2,19,0.25,450,450,threshold_closest_dimension,release_gap_threshold_1,40,4,"[10, 10, 10, 10]",balanced,poisson,1,2,4,"[[1, 4, 4, 1], [1, 1, 1, 2, 1, 1, 1, 1, 1], [3, 1, 4, 2], [1, 1, 1, 3, 1, 2, 1]]",24,"[4, 9, 4, 7]",207,600,0.655,0,0.0,,,,TIME_LIMIT,0.7312213160324106,11046.0,0.006092071533203125,0.01604928821325302,30.000153064727783,30.016260970383883,8.575,TIME_LIMIT,0.4062141956570385,52041.0,0.0022461414337158203,0.00012035202234983444,0.00012035202234983444,0.0,0.007707035169005394,30.000170946121216,30.008053544908762
N40_L4_balanced_poisson_hS2,19,0.5,300,300,proposed_bound_aware,min_Bidx_under_C_budget,40,4,"[10, 10, 10, 10]",balanced,poisson,1,2,4,"[[1, 4, 3, 2], [1, 1, 1, 2, 1, 1, 1, 1, 1], [3, 1, 4, 2], [1, 1, 1, 3, 1, 2, 1]]",24,"[4, 9, 4, 7]",207,600,0.655,0,0.0,,,,TIME_LIMIT,0.7312213160324106,11046.0,0.006092071533203125,0.01604928821325302,30.000153064727783,30.016260970383883,8.7,TIME_LIMIT,0.45594542023349033,45440.0,0.0023720264434814453,0.015826260671019554,0.010749180801212788,0.0048160552978515625,0.008165686391294003,30.00013494491577,30.024184466339648
N40_L4_balanced_poisson_hS2,19,0.5,300,300,fixed_size_closest_dimension,fixed_size_2,40,4,"[10, 10, 10, 10]",balanced,poisson,1,2,4,"[[2, 2, 2, 2, 2], [2, 2, 2, 2, 2], [2, 2, 2, 2, 2], [2, 2, 2, 2, 2]]",20,"[5, 5, 5, 5]",150,600,0.75,1288,32.2,,,,TIME_LIMIT,0.7312213160324106,11046.0,0.006092071533203125,0.01604928821325302,30.000153064727783,30.016260970383883,8.725,TIME_LIMIT,0.3191950630593614,60433.0,0.0015430450439453125,4.6990811824798584e-05,4.6990811824798584e-05,0.0,0.0070242732763290405,30.000432014465332,30.007558405399323
N40_L4_balanced_poisson_hS2,19,0.5,300,300,threshold_closest_dimension,release_gap_threshold_1,40,4,"[10, 10, 10, 10]",balanced,poisson,1,2,4,"[[1, 4, 4, 1], [1, 1, 1, 2, 1, 1, 1, 1, 1], [3, 1, 4, 2], [1, 1, 1, 3, 1, 2, 1]]",24,"[4, 9, 4, 7]",207,600,0.655,0,0.0,,,,TIME_LIMIT,0.7312213160324106,11046.0,0.006092071533203125,0.01604928821325302,30.000153064727783,30.016260970383883,8.575,TIME_LIMIT,0.4062121961767976,52048.0,0.0022249221801757812,4.303548485040665e-05,4.303548485040665e-05,0.0,0.007752072066068649,30.000180959701538,30.008032105863094
N40_L4_balanced_poisson_hS2,19,0.75,150,150,proposed_bound_aware,min_Bidx_under_C_budget,40,4,"[10, 10, 10, 10]",balanced,poisson,1,2,4,"[[1, 4, 3, 2], [1, 1, 1, 2, 1, 1, 2, 1], [4, 4, 2], [1, 1, 1, 4, 3]]",20,"[4, 8, 3, 5]",143,600,0.7616666666666667,126,3.15,,,,TIME_LIMIT,0.7312213160324106,11046.0,0.006092071533203125,0.01604928821325302,30.000153064727783,30.016260970383883,8.575,TIME_LIMIT,0.3058189338631987,63270.0,0.001947164535522461,0.07619722280651331,0.011747598648071289,0.06418681144714355,0.00705807376652956,30.00015902519226,30.083475069142878
N40_L4_balanced_poisson_hS2,19,0.75,150,150,fixed_size_closest_dimension,fixed_size_2,40,4,"[10, 10, 10, 10]",balanced,poisson,1,2,4,"[[2, 2, 2, 2, 2], [2, 2, 2, 2, 2], [2, 2, 2, 2, 2], [2, 2, 2, 2, 2]]",20,"[5, 5, 5, 5]",150,600,0.75,1288,32.2,,,,TIME_LIMIT,0.7312213160324106,11046.0,0.006092071533203125,0.01604928821325302,30.000153064727783,30.016260970383883,8.725,TIME_LIMIT,0.3193284258075653,60388.0,0.0015649795532226562,1.7977319657802582e-05,1.7977319657802582e-05,0.0,0.00669659860432148,30.00011897087097,30.006889718584716
N40_L4_balanced_poisson_hS2,19,0.75,150,150,threshold_closest_dimension,release_gap_threshold_2,40,4,"[10, 10, 10, 10]",balanced,poisson,1,2,4,"[[1, 4, 4, 1], [4, 1, 1, 1, 2, 1], [4, 4, 2], [1, 1, 1, 4, 3]]",18,"[4, 6, 3, 5]",119,600,0.8016666666666666,234,5.85,,,,TIME_LIMIT,0.7312213160324106,11046.0,0.006092071533203125,0.01604928821325302,30.000153064727783,30.016260970383883,8.575,TIME_LIMIT,0.02599441374951572,91728.0,0.0016450881958007812,0.00010837428271770477,0.00010837428271770477,0.0,0.00714468490332365,30.000240087509155,30.00755302608013
N40_L4_balanced_poisson_hS2,19,0.9,60,60,proposed_bound_aware,min_Bidx_under_C_budget,40,4,"[10, 10, 10, 10]",balanced,poisson,1,2,4,"[[3, 3, 4], [2, 4, 4], [4, 4, 2], [3, 4, 3]]",12,"[3, 3, 3, 3]",54,600,0.91,1156,28.9,,,,TIME_LIMIT,0.7312213160324106,11046.0,0.006092071533203125,0.01604928821325302,30.000153064727783,30.016260970383883,8.65,OPTIMAL,0.0,4032.0,0.0009109973907470703,0.1039566146209836,0.010500865057110786,0.09319186210632324,0.004741804674267769,0.5567967891693115,0.6655439464375377
N40_L4_balanced_poisson_hS2,19,0.9,60,60,fixed_size_closest_dimension,fixed_size_4,40,4,"[10, 10, 10, 10]",balanced,poisson,1,2,4,"[[4, 4, 2], [4, 4, 2], [4, 4, 2], [4, 4, 2]]",12,"[3, 3, 3, 3]",54,600,0.91,1564,39.1,,,,TIME_LIMIT,0.7312213160324106,11046.0,0.006092071533203125,0.01604928821325302,30.000153064727783,30.016260970383883,8.875,OPTIMAL,0.0,1599.0,0.0008778572082519531,4.614051431417465e-05,4.614051431417465e-05,0.0,0.005356582812964916,0.14601683616638184,0.15146528370678425
N40_L4_balanced_poisson_hS2,19,0.9,60,60,threshold_closest_dimension,release_gap_threshold_14,40,4,"[10, 10, 10, 10]",balanced,poisson,1,2,4,"[[4, 4, 2], [4, 4, 2], [4, 4, 2], [4, 4, 2]]",12,"[3, 3, 3, 3]",54,600,0.91,1564,39.1,,,,TIME_LIMIT,0.7312213160324106,11046.0,0.006092071533203125,0.01604928821325302,30.000153064727783,30.016260970383883,8.875,OPTIMAL,0.0,1599.0,0.0008690357208251953,0.00010458845645189285,0.00010458845645189285,0.0,0.004776677116751671,0.14650893211364746,0.1514347791671753
N40_L4_balanced_poisson_hS2,20,0.25,450,450,proposed_bound_aware,min_Bidx_under_C_budget,40,4,"[10, 10, 10, 10]",balanced,poisson,1,2,4,"[[1, 1, 2, 2, 3, 1], [1, 1, 2, 3, 3], [4, 3, 1, 2], [2, 1, 1, 1, 1, 3, 1]]",22,"[6, 5, 4, 7]",179,600,0.7016666666666667,0,0.0,,,,TIME_LIMIT,0.7264270461292598,13256.0,0.00753021240234375,0.025864968076348305,30.000123023986816,30.026060433126986,10.5,TIME_LIMIT,0.55891006593968,33503.0,0.002000093460083008,0.017570695839822292,0.012174943462014198,0.005092144012451172,0.008070542477071285,30.000171899795532,30.025869487784803
N40_L4_balanced_poisson_hS2,20,0.25,450,450,fixed_size_closest_dimension,fixed_size_2,40,4,"[10, 10, 10, 10]",balanced,poisson,1,2,4,"[[2, 2, 2, 2, 2], [2, 2, 2, 2, 2], [2, 2, 2, 2, 2], [2, 2, 2, 2, 2]]",20,"[5, 5, 5, 5]",150,600,0.75,737,18.425,,,,TIME_LIMIT,0.7264270461292598,13256.0,0.00753021240234375,0.025864968076348305,30.000123023986816,30.026060433126986,10.7,TIME_LIMIT,0.4850073771853975,61317.0,0.0016391277313232422,5.6055374443531036e-05,5.6055374443531036e-05,0.0,0.007514152675867081,30.00016212463379,30.007787778042257
N40_L4_balanced_poisson_hS2,20,0.25,450,450,threshold_closest_dimension,release_gap_threshold_0,40,4,"[10, 10, 10, 10]",balanced,poisson,1,2,4,"[[1, 1, 1, 1, 1, 1, 1, 2, 1], [1, 1, 1, 1, 2, 1, 1, 2], [1, 3, 2, 1, 1, 1, 1], [1, 1, 1, 1, 1, 1, 2, 1, 1]]",33,"[9, 8, 7, 9]",407,600,0.32166666666666666,0,0.0,,,,TIME_LIMIT,0.7264270461292598,13256.0,0.00753021240234375,0.025864968076348305,30.000123023986816,30.026060433126986,10.95,TIME_LIMIT,0.7234014904048381,13322.0,0.004014015197753906,0.0001231962814927101,0.0001231962814927101,0.0,0.012496549636125565,30.000104904174805,30.01278124190867
N40_L4_balanced_poisson_hS2,20,0.5,300,300,proposed_bound_aware,min_Bidx_under_C_budget,40,4,"[10, 10, 10, 10]",balanced,poisson,1,2,4,"[[1, 1, 2, 2, 3, 1], [1, 1, 2, 3, 3], [4, 3, 1, 2], [2, 1, 1, 1, 1, 3, 1]]",22,"[6, 5, 4, 7]",179,600,0.7016666666666667,0,0.0,,,,TIME_LIMIT,0.7264270461292598,13256.0,0.00753021240234375,0.025864968076348305,30.000123023986816,30.026060433126986,10.5,TIME_LIMIT,0.5592498456591887,33353.0,0.002048015594482422,0.017040515318512917,0.011135964654386044,0.005630016326904297,0.007671520113945007,30.000246047973633,30.02501221653074
N40_L4_balanced_poisson_hS2,20,0.5,300,300,fixed_size_closest_dimension,fixed_size_2,40,4,"[10, 10, 10, 10]",balanced,poisson,1,2,4,"[[2, 2, 2, 2, 2], [2, 2, 2, 2, 2], [2, 2, 2, 2, 2], [2, 2, 2, 2, 2]]",20,"[5, 5, 5, 5]",150,600,0.75,737,18.425,,,,TIME_LIMIT,0.7264270461292598,13256.0,0.00753021240234375,0.025864968076348305,30.000123023986816,30.026060433126986,10.7,TIME_LIMIT,0.4854543514844029,61086.0,0.0016031265258789062,4.878360778093338e-05,4.878360778093338e-05,0.0,0.007599742151796818,30.000186920166016,30.007889457046986
N40_L4_balanced_poisson_hS2,20,0.5,300,300,threshold_closest_dimension,release_gap_threshold_1,40,4,"[10, 10, 10, 10]",balanced,poisson,1,2,4,"[[1, 1, 2, 2, 3, 1], [1, 1, 2, 3, 3], [4, 3, 1, 2], [2, 1, 1, 1, 1, 3, 1]]",22,"[6, 5, 4, 7]",179,600,0.7016666666666667,0,0.0,,,,TIME_LIMIT,0.7264270461292598,13256.0,0.00753021240234375,0.025864968076348305,30.000123023986816,30.026060433126986,10.5,TIME_LIMIT,0.5592846815176845,33334.0,0.002032041549682617,4.5688822865486145e-05,4.5688822865486145e-05,0.0,0.008234892040491104,30.000139951705933,30.008474965579808
N40_L4_balanced_poisson_hS2,20,0.75,150,150,proposed_bound_aware,min_Bidx_under_C_budget,40,4,"[10, 10, 10, 10]",balanced,poisson,1,2,4,"[[1, 1, 2, 2, 3, 1], [1, 1, 2, 3, 3], [3, 4, 1, 2], [2, 1, 1, 2, 4]]",20,"[6, 5, 4, 5]",149,600,0.7516666666666667,62,1.55,,,,TIME_LIMIT,0.7264270461292598,13256.0,0.00753021240234375,0.025864968076348305,30.000123023986816,30.026060433126986,10.85,TIME_LIMIT,0.5240602217477743,52534.0,0.0018811225891113281,0.021886777132749557,0.011265079490840435,0.01034998893737793,0.006950400769710541,30.00017499923706,30.02906920015812
N40_L4_balanced_poisson_hS2,20,0.75,150,150,fixed_size_closest_dimension,fixed_size_2,40,4,"[10, 10, 10, 10]",balanced,poisson,1,2,4,"[[2, 2, 2, 2, 2], [2, 2, 2, 2, 2], [2, 2, 2, 2, 2], [2, 2, 2, 2, 2]]",20,"[5, 5, 5, 5]",150,600,0.75,737,18.425,,,,TIME_LIMIT,0.7264270461292598,13256.0,0.00753021240234375,0.025864968076348305,30.000123023986816,30.026060433126986,10.7,TIME_LIMIT,0.48328959345518324,62717.0,0.001600027084350586,4.959478974342346e-05,4.959478974342346e-05,0.0,0.007228289730846882,30.000189065933228,30.007520359009504
N40_L4_balanced_poisson_hS2,20,0.75,150,150,threshold_closest_dimension,release_gap_threshold_2,40,4,"[10, 10, 10, 10]",balanced,poisson,1,2,4,"[[1, 1, 4, 3, 1], [1, 3, 3, 3], [4, 3, 1, 2], [2, 1, 1, 2, 4]]",18,"[5, 4, 4, 5]",121,600,0.7983333333333333,132,3.3,,,,TIME_LIMIT,0.7264270461292598,13256.0,0.00753021240234375,0.025864968076348305,30.000123023986816,30.026060433126986,10.35,TIME_LIMIT,0.35840703337496693,65759.0,0.0014698505401611328,9.223911911249161e-05,9.223911911249161e-05,0.0,0.006510677747428417,30.000155925750732,30.006814744323492
N40_L4_balanced_poisson_hS2,20,0.9,60,60,proposed_bound_aware,min_Bidx_under_C_budget,40,4,"[10, 10, 10, 10]",balanced,poisson,1,2,4,"[[2, 4, 4], [4, 3, 3], [4, 4, 2], [2, 4, 4]]",12,"[3, 3, 3, 3]",54,600,0.91,849,21.225,,,,TIME_LIMIT,0.7264270461292598,13256.0,0.00753021240234375,0.025864968076348305,30.000123023986816,30.026060433126986,10.5,OPTIMAL,0.0,13593.0,0.0010480880737304688,0.13321109116077423,0.010893587954342365,0.1220400333404541,0.005412939004600048,1.3687999248504639,1.5074843522161245
N40_L4_balanced_poisson_hS2,20,0.9,60,60,fixed_size_closest_dimension,fixed_size_4,40,4,"[10, 10, 10, 10]",balanced,poisson,1,2,4,"[[4, 4, 2], [4, 4, 2], [4, 4, 2], [4, 4, 2]]",12,"[3, 3, 3, 3]",54,600,0.91,1299,32.475,,,,TIME_LIMIT,0.7264270461292598,13256.0,0.00753021240234375,0.025864968076348305,30.000123023986816,30.026060433126986,10.35,OPTIMAL,0.0,3581.0,0.000885009765625,1.676473766565323e-05,1.676473766565323e-05,0.0,0.004974505864083767,0.3514518737792969,0.3564912239089608
N40_L4_balanced_poisson_hS2,20,0.9,60,60,threshold_closest_dimension,release_gap_threshold_6,40,4,"[10, 10, 10, 10]",balanced,poisson,1,2,4,"[[4, 4, 2], [4, 4, 2], [4, 4, 2], [4, 4, 2]]",12,"[3, 3, 3, 3]",54,600,0.91,1299,32.475,,,,TIME_LIMIT,0.7264270461292598,13256.0,0.00753021240234375,0.025864968076348305,30.000123023986816,30.026060433126986,10.35,OPTIMAL,0.0,3581.0,0.0008699893951416016,0.00010938569903373718,0.00010938569903373718,0.0,0.004980403929948807,0.35241103172302246,0.35754625871777534
N40_L4_balanced_poisson_hS2,21,0.25,450,450,proposed_bound_aware,min_Bidx_under_C_budget,40,4,"[10, 10, 10, 10]",balanced,poisson,1,2,4,"[[3, 3, 1, 1, 1, 1], [3, 1, 2, 1, 2, 1], [4, 2, 2, 1, 1], [2, 1, 3, 2, 1, 1]]",23,"[6, 6, 5, 6]",198,600,0.67,0,0.0,,,,TIME_LIMIT,0.803847895125952,10435.0,0.006215095520019531,0.016000254079699516,30.00030016899109,30.01635735295713,14.675,TIME_LIMIT,0.46789110217917385,55482.0,0.0021610260009765625,0.016572467982769012,0.01127538550645113,0.005029916763305664,0.00745207816362381,30.000267028808594,30.024345143698156
N40_L4_balanced_poisson_hS2,21,0.25,450,450,fixed_size_closest_dimension,fixed_size_2,40,4,"[10, 10, 10, 10]",balanced,poisson,1,2,4,"[[2, 2, 2, 2, 2], [2, 2, 2, 2, 2], [2, 2, 2, 2, 2], [2, 2, 2, 2, 2]]",20,"[5, 5, 5, 5]",150,600,0.75,609,15.225,,,,TIME_LIMIT,0.803847895125952,10435.0,0.006215095520019531,0.016000254079699516,30.00030016899109,30.01635735295713,14.025,TIME_LIMIT,0.5640628138053531,42851.0,0.0016269683837890625,4.5559369027614594e-05,4.5559369027614594e-05,0.0,0.007359839044511318,30.000159978866577,30.007619003765285
N40_L4_balanced_poisson_hS2,21,0.25,450,450,threshold_closest_dimension,release_gap_threshold_0,40,4,"[10, 10, 10, 10]",balanced,poisson,1,2,4,"[[1, 2, 1, 2, 1, 1, 1, 1], [2, 1, 1, 2, 1, 1, 1, 1], [1, 2, 1, 2, 1, 1, 1, 1], [2, 1, 2, 1, 2, 1, 1]]",31,"[8, 8, 8, 7]",360,600,0.4,0,0.0,,,,TIME_LIMIT,0.803847895125952,10435.0,0.006215095520019531,0.016000254079699516,30.00030016899109,30.01635735295713,14.7,TIME_LIMIT,0.7365338329406383,15595.0,0.0037088394165039062,0.00010853353887796402,0.00010853353887796402,0.0,0.011144016869366169,30.000762939453125,30.012072977609932
N40_L4_balanced_poisson_hS2,21,0.5,300,300,proposed_bound_aware,min_Bidx_under_C_budget,40,4,"[10, 10, 10, 10]",balanced,poisson,1,2,4,"[[3, 3, 1, 1, 1, 1], [3, 1, 2, 1, 2, 1], [4, 2, 2, 1, 1], [2, 1, 3, 2, 1, 1]]",23,"[6, 6, 5, 6]",198,600,0.67,0,0.0,,,,TIME_LIMIT,0.803847895125952,10435.0,0.006215095520019531,0.016000254079699516,30.00030016899109,30.01635735295713,14.675,TIME_LIMIT,0.4678575007515816,55531.0,0.002170085906982422,0.01593275275081396,0.010813947767019272,0.004828214645385742,0.008057573810219765,30.000152111053467,30.024194735102355
N40_L4_balanced_poisson_hS2,21,0.5,300,300,fixed_size_closest_dimension,fixed_size_2,40,4,"[10, 10, 10, 10]",balanced,poisson,1,2,4,"[[2, 2, 2, 2, 2], [2, 2, 2, 2, 2], [2, 2, 2, 2, 2], [2, 2, 2, 2, 2]]",20,"[5, 5, 5, 5]",150,600,0.75,609,15.225,,,,TIME_LIMIT,0.803847895125952,10435.0,0.006215095520019531,0.016000254079699516,30.00030016899109,30.01635735295713,14.025,TIME_LIMIT,0.5640664753748321,42831.0,0.0016961097717285156,3.900937736034393e-05,3.900937736034393e-05,0.0,0.00734099093824625,30.00011897087097,30.00755415391177
N40_L4_balanced_poisson_hS2,21,0.5,300,300,threshold_closest_dimension,release_gap_threshold_1,40,4,"[10, 10, 10, 10]",balanced,poisson,1,2,4,"[[4, 2, 1, 1, 1, 1], [3, 1, 2, 1, 2, 1], [4, 2, 2, 1, 1], [2, 1, 3, 2, 1, 1]]",23,"[6, 6, 5, 6]",198,600,0.67,0,0.0,,,,TIME_LIMIT,0.803847895125952,10435.0,0.006215095520019531,0.016000254079699516,30.00030016899109,30.01635735295713,14.325,TIME_LIMIT,0.447266599735293,55216.0,0.002418994903564453,4.723109304904938e-05,4.723109304904938e-05,0.0,0.008557849563658237,30.00017809867859,30.00884408969432
N40_L4_balanced_poisson_hS2,21,0.75,150,150,proposed_bound_aware,min_Bidx_under_C_budget,40,4,"[10, 10, 10, 10]",balanced,poisson,1,2,4,"[[2, 4, 1, 1, 2], [3, 1, 2, 1, 2, 1], [4, 2, 2, 1, 1], [2, 1, 3, 4]]",20,"[5, 6, 5, 4]",149,600,0.7516666666666667,88,2.2,,,,TIME_LIMIT,0.803847895125952,10435.0,0.006215095520019531,0.016000254079699516,30.00030016899109,30.01635735295713,14.025,TIME_LIMIT,0.37662229236071354,77263.0,0.0017490386962890625,0.025651294738054276,0.011109314858913422,0.014271974563598633,0.00701766274869442,30.000128030776978,30.032850762829185
N40_L4_balanced_poisson_hS2,21,0.75,150,150,fixed_size_closest_dimension,fixed_size_2,40,4,"[10, 10, 10, 10]",balanced,poisson,1,2,4,"[[2, 2, 2, 2, 2], [2, 2, 2, 2, 2], [2, 2, 2, 2, 2], [2, 2, 2, 2, 2]]",20,"[5, 5, 5, 5]",150,600,0.75,609,15.225,,,,TIME_LIMIT,0.803847895125952,10435.0,0.006215095520019531,0.016000254079699516,30.00030016899109,30.01635735295713,14.025,TIME_LIMIT,0.5636926383340344,43022.0,0.0015900135040283203,4.6319328248500824e-05,4.6319328248500824e-05,0.0,0.007642317563295364,30.000121116638184,30.00786610879004
N40_L4_balanced_poisson_hS2,21,0.75,150,150,threshold_closest_dimension,release_gap_threshold_2,40,4,"[10, 10, 10, 10]",balanced,poisson,1,2,4,"[[4, 4, 2], [3, 3, 1, 2, 1], [4, 4, 1, 1], [2, 1, 3, 4]]",16,"[3, 5, 4, 4]",95,600,0.8416666666666667,217,5.425,,,,TIME_LIMIT,0.803847895125952,10435.0,0.006215095520019531,0.016000254079699516,30.00030016899109,30.01635735295713,14.025,OPTIMAL,0.0,127331.0,0.001310110092163086,0.00010807346552610397,0.00010807346552610397,0.0,0.006290232762694359,27.578392028808594,27.584847287274897
N40_L4_balanced_poisson_hS2,21,0.9,60,60,proposed_bound_aware,min_Bidx_under_C_budget,40,4,"[10, 10, 10, 10]",balanced,poisson,1,2,4,"[[4, 4, 2], [3, 3, 4], [4, 4, 2], [3, 3, 4]]",12,"[3, 3, 3, 3]",54,600,0.91,630,15.75,,,,TIME_LIMIT,0.803847895125952,10435.0,0.006215095520019531,0.016000254079699516,30.00030016899109,30.01635735295713,14.025,OPTIMAL,0.0,33960.0,0.0010881423950195312,0.10294236242771149,0.011869442649185658,0.09079694747924805,0.005591137334704399,7.42562198638916,7.534214226529002
N40_L4_balanced_poisson_hS2,21,0.9,60,60,fixed_size_closest_dimension,fixed_size_4,40,4,"[10, 10, 10, 10]",balanced,poisson,1,2,4,"[[4, 4, 2], [4, 4, 2], [4, 4, 2], [4, 4, 2]]",12,"[3, 3, 3, 3]",54,600,0.91,1015,25.375,,,,TIME_LIMIT,0.803847895125952,10435.0,0.006215095520019531,0.016000254079699516,30.00030016899109,30.01635735295713,14.025,OPTIMAL,0.0,11626.0,0.0009319782257080078,4.528835415840149e-05,4.528835415840149e-05,0.0,0.005829206667840481,1.1872799396514893,1.1932069975882769
N40_L4_balanced_poisson_hS2,21,0.9,60,60,threshold_closest_dimension,release_gap_threshold_7,40,4,"[10, 10, 10, 10]",balanced,poisson,1,2,4,"[[4, 4, 2], [4, 4, 2], [4, 4, 2], [4, 4, 2]]",12,"[3, 3, 3, 3]",54,600,0.91,1015,25.375,,,,TIME_LIMIT,0.803847895125952,10435.0,0.006215095520019531,0.016000254079699516,30.00030016899109,30.01635735295713,14.025,OPTIMAL,0.0,11626.0,0.0008869171142578125,4.1191466152668e-05,4.1191466152668e-05,0.0,0.004882056266069412,1.1909990310668945,1.1959732668474317
N40_L4_balanced_poisson_hS2,22,0.25,450,450,proposed_bound_aware,min_Bidx_under_C_budget,40,4,"[10, 10, 10, 10]",balanced,poisson,1,2,4,"[[2, 2, 2, 2, 1, 1], [2, 1, 1, 2, 2, 2], [1, 4, 2, 3], [2, 2, 4, 1, 1]]",21,"[6, 6, 4, 5]",164,600,0.7266666666666667,0,0.0,,,,TIME_LIMIT,0.7789945563816038,11223.0,0.0062389373779296875,0.015776275657117367,30.000174045562744,30.016008033417165,11.85,TIME_LIMIT,0.505548940341357,53977.0,0.002093791961669922,0.018075009807944298,0.012255676090717316,0.0055119991302490234,0.00763310119509697,30.000234842300415,30.02600414212793
N40_L4_balanced_poisson_hS2,22,0.25,450,450,fixed_size_closest_dimension,fixed_size_2,40,4,"[10, 10, 10, 10]",balanced,poisson,1,2,4,"[[2, 2, 2, 2, 2], [2, 2, 2, 2, 2], [2, 2, 2, 2, 2], [2, 2, 2, 2, 2]]",20,"[5, 5, 5, 5]",150,600,0.75,254,6.35,,,,TIME_LIMIT,0.7789945563816038,11223.0,0.0062389373779296875,0.015776275657117367,30.000174045562744,30.016008033417165,11.7,TIME_LIMIT,0.5206133735545507,43147.0,0.0018029212951660156,4.442688077688217e-05,4.442688077688217e-05,0.0,0.007921027950942516,30.00014090538025,30.008169108070433
N40_L4_balanced_poisson_hS2,22,0.25,450,450,threshold_closest_dimension,release_gap_threshold_0,40,4,"[10, 10, 10, 10]",balanced,poisson,1,2,4,"[[2, 1, 1, 2, 2, 1, 1], [1, 1, 1, 1, 1, 1, 2, 2], [1, 1, 2, 1, 1, 4], [2, 2, 2, 2, 1, 1]]",27,"[7, 8, 6, 6]",272,600,0.5466666666666666,0,0.0,,,,TIME_LIMIT,0.7789945563816038,11223.0,0.0062389373779296875,0.015776275657117367,30.000174045562744,30.016008033417165,11.6,TIME_LIMIT,0.6442074213104391,20088.0,0.0033388137817382812,5.098804831504822e-05,5.098804831504822e-05,0.0,0.010019898414611816,30.000207901000977,30.010339870117605
N40_L4_balanced_poisson_hS2,22,0.5,300,300,proposed_bound_aware,min_Bidx_under_C_budget,40,4,"[10, 10, 10, 10]",balanced,poisson,1,2,4,"[[2, 2, 2, 2, 1, 1], [2, 1, 1, 2, 2, 2], [1, 4, 2, 3], [2, 2, 4, 1, 1]]",21,"[6, 6, 4, 5]",164,600,0.7266666666666667,0,0.0,,,,TIME_LIMIT,0.7789945563816038,11223.0,0.0062389373779296875,0.015776275657117367,30.000174045562744,30.016008033417165,11.85,TIME_LIMIT,0.5059735220314032,53572.0,0.0021009445190429688,0.017135869711637497,0.011853059753775597,0.004992008209228516,0.00731957983225584,30.00023102760315,30.02474488131702
N40_L4_balanced_poisson_hS2,22,0.5,300,300,fixed_size_closest_dimension,fixed_size_2,40,4,"[10, 10, 10, 10]",balanced,poisson,1,2,4,"[[2, 2, 2, 2, 2], [2, 2, 2, 2, 2], [2, 2, 2, 2, 2], [2, 2, 2, 2, 2]]",20,"[5, 5, 5, 5]",150,600,0.75,254,6.35,,,,TIME_LIMIT,0.7789945563816038,11223.0,0.0062389373779296875,0.015776275657117367,30.000174045562744,30.016008033417165,11.7,TIME_LIMIT,0.5210826210826233,42889.0,0.0018041133880615234,4.271417856216431e-05,4.271417856216431e-05,0.0,0.007620232179760933,30.000416040420532,30.008142353966832
N40_L4_balanced_poisson_hS2,22,0.5,300,300,threshold_closest_dimension,release_gap_threshold_0,40,4,"[10, 10, 10, 10]",balanced,poisson,1,2,4,"[[2, 1, 1, 2, 2, 1, 1], [1, 1, 1, 1, 1, 1, 2, 2], [1, 1, 2, 1, 1, 4], [2, 2, 2, 2, 1, 1]]",27,"[7, 8, 6, 6]",272,600,0.5466666666666666,0,0.0,,,,TIME_LIMIT,0.7789945563816038,11223.0,0.0062389373779296875,0.015776275657117367,30.000174045562744,30.016008033417165,11.6,TIME_LIMIT,0.6324460857706908,23681.0,0.003304004669189453,0.0001155240461230278,0.0001155240461230278,0.0,0.010334444232285023,30.000098943710327,30.01061079930514
N40_L4_balanced_poisson_hS2,22,0.75,150,150,proposed_bound_aware,min_Bidx_under_C_budget,40,4,"[10, 10, 10, 10]",balanced,poisson,1,2,4,"[[2, 2, 2, 2, 2], [2, 1, 1, 2, 2, 2], [4, 1, 4, 1], [2, 2, 4, 1, 1]]",20,"[5, 6, 4, 5]",149,600,0.7516666666666667,29,0.725,,,,TIME_LIMIT,0.7789945563816038,11223.0,0.0062389373779296875,0.015776275657117367,30.000174045562744,30.016008033417165,11.85,TIME_LIMIT,0.44328582346580375,75078.0,0.0017690658569335938,0.02498872485011816,0.01318859588354826,0.011530876159667969,0.007488764822483063,30.00014090538025,30.032677283510566
N40_L4_balanced_poisson_hS2,22,0.75,150,150,fixed_size_closest_dimension,fixed_size_2,40,4,"[10, 10, 10, 10]",balanced,poisson,1,2,4,"[[2, 2, 2, 2, 2], [2, 2, 2, 2, 2], [2, 2, 2, 2, 2], [2, 2, 2, 2, 2]]",20,"[5, 5, 5, 5]",150,600,0.75,254,6.35,,,,TIME_LIMIT,0.7789945563816038,11223.0,0.0062389373779296875,0.015776275657117367,30.000174045562744,30.016008033417165,11.7,TIME_LIMIT,0.5144214223958634,48020.0,0.001672983169555664,4.860479384660721e-05,4.860479384660721e-05,0.0,0.007343444973230362,30.001991987228394,30.009441572241485
N40_L4_balanced_poisson_hS2,22,0.75,150,150,threshold_closest_dimension,release_gap_threshold_2,40,4,"[10, 10, 10, 10]",balanced,poisson,1,2,4,"[[2, 2, 4, 2], [4, 2, 4], [4, 1, 4, 1], [2, 2, 4, 1, 1]]",16,"[4, 3, 4, 5]",95,600,0.8416666666666667,162,4.05,,,,TIME_LIMIT,0.7789945563816038,11223.0,0.0062389373779296875,0.015776275657117367,30.000174045562744,30.016008033417165,11.6,OPTIMAL,0.0,75745.0,0.0013608932495117188,0.0001213541254401207,0.0001213541254401207,0.0,0.006375922821462154,19.60650897026062,19.613064620643854
N40_L4_balanced_poisson_hS2,22,0.9,60,60,proposed_bound_aware,min_Bidx_under_C_budget,40,4,"[10, 10, 10, 10]",balanced,poisson,1,2,4,"[[2, 4, 4], [4, 2, 4], [4, 3, 3], [4, 4, 2]]",12,"[3, 3, 3, 3]",54,600,0.91,532,13.3,,,,TIME_LIMIT,0.7789945563816038,11223.0,0.0062389373779296875,0.015776275657117367,30.000174045562744,30.016008033417165,11.925,OPTIMAL,0.0,26427.0,0.0010268688201904297,0.07392176706343889,0.011462768539786339,0.062185049057006836,0.005161629058420658,6.602248907089233,6.681389695033431
N40_L4_balanced_poisson_hS2,22,0.9,60,60,fixed_size_closest_dimension,fixed_size_4,40,4,"[10, 10, 10, 10]",balanced,poisson,1,2,4,"[[4, 4, 2], [4, 4, 2], [4, 4, 2], [4, 4, 2]]",12,"[3, 3, 3, 3]",54,600,0.91,874,21.85,,,,TIME_LIMIT,0.7789945563816038,11223.0,0.0062389373779296875,0.015776275657117367,30.000174045562744,30.016008033417165,11.925,OPTIMAL,0.0,8204.0,0.0009629726409912109,4.107225686311722e-05,4.107225686311722e-05,0.0,0.005163680762052536,0.7689869403839111,0.7742418237030506
N40_L4_balanced_poisson_hS2,22,0.9,60,60,threshold_closest_dimension,release_gap_threshold_10,40,4,"[10, 10, 10, 10]",balanced,poisson,1,2,4,"[[4, 4, 2], [4, 4, 2], [4, 4, 2], [4, 4, 2]]",12,"[3, 3, 3, 3]",54,600,0.91,874,21.85,,,,TIME_LIMIT,0.7789945563816038,11223.0,0.0062389373779296875,0.015776275657117367,30.000174045562744,30.016008033417165,11.925,OPTIMAL,0.0,8204.0,0.0009059906005859375,4.436727613210678e-05,4.436727613210678e-05,0.0,0.004860462620854378,0.7716920375823975,0.7766495114192367
N40_L4_balanced_poisson_hS2,23,0.25,450,450,proposed_bound_aware,min_Bidx_under_C_budget,40,4,"[10, 10, 10, 10]",balanced,poisson,1,2,4,"[[1, 1, 1, 3, 3, 1], [2, 1, 1, 1, 1, 2, 1, 1], [2, 2, 1, 3, 2], [2, 1, 1, 1, 1, 1, 2, 1]]",27,"[6, 8, 5, 8]",270,600,0.55,0,0.0,,,,TIME_LIMIT,0.779461329707414,10436.0,0.0060939788818359375,0.016000794246792793,30.00023603439331,30.016297187656164,9.95,TIME_LIMIT,0.6453064059050299,35069.0,0.0028378963470458984,0.017077792435884476,0.011743622832000256,0.00506591796875,0.009233269840478897,30.000181913375854,30.026549126021564
N40_L4_balanced_poisson_hS2,23,0.25,450,450,fixed_size_closest_dimension,fixed_size_2,40,4,"[10, 10, 10, 10]",balanced,poisson,1,2,4,"[[2, 2, 2, 2, 2], [2, 2, 2, 2, 2], [2, 2, 2, 2, 2], [2, 2, 2, 2, 2]]",20,"[5, 5, 5, 5]",150,600,0.75,680,17.0,,,,TIME_LIMIT,0.779461329707414,10436.0,0.0060939788818359375,0.016000794246792793,30.00023603439331,30.016297187656164,10.45,TIME_LIMIT,0.4729768902691367,60061.0,0.001644134521484375,1.7646700143814087e-05,1.7646700143814087e-05,0.0,0.0068687982857227325,30.000131130218506,30.00707728601992
N40_L4_balanced_poisson_hS2,23,0.25,450,450,threshold_closest_dimension,release_gap_threshold_1,40,4,"[10, 10, 10, 10]",balanced,poisson,1,2,4,"[[1, 1, 1, 3, 3, 1], [2, 1, 1, 1, 1, 2, 1, 1], [2, 2, 1, 3, 2], [2, 1, 1, 1, 1, 1, 2, 1]]",27,"[6, 8, 5, 8]",270,600,0.55,0,0.0,,,,TIME_LIMIT,0.779461329707414,10436.0,0.0060939788818359375,0.016000794246792793,30.00023603439331,30.016297187656164,9.95,TIME_LIMIT,0.6449599020102258,35332.0,0.002733945846557617,9.972043335437775e-05,9.972043335437775e-05,0.0,0.009570209309458733,30.00019407272339,30.00992337334901
N40_L4_balanced_poisson_hS2,23,0.5,300,300,proposed_bound_aware,min_Bidx_under_C_budget,40,4,"[10, 10, 10, 10]",balanced,poisson,1,2,4,"[[1, 1, 1, 3, 3, 1], [2, 1, 1, 1, 1, 2, 1, 1], [2, 2, 1, 3, 2], [2, 1, 1, 1, 1, 1, 2, 1]]",27,"[6, 8, 5, 8]",270,600,0.55,0,0.0,,,,TIME_LIMIT,0.779461329707414,10436.0,0.0060939788818359375,0.016000794246792793,30.00023603439331,30.016297187656164,9.95,TIME_LIMIT,0.6448934491617827,35419.0,0.002699136734008789,0.01571546494960785,0.010822691954672337,0.004628896713256836,0.008862209506332874,30.000190019607544,30.02482335176319
N40_L4_balanced_poisson_hS2,23,0.5,300,300,fixed_size_closest_dimension,fixed_size_2,40,4,"[10, 10, 10, 10]",balanced,poisson,1,2,4,"[[2, 2, 2, 2, 2], [2, 2, 2, 2, 2], [2, 2, 2, 2, 2], [2, 2, 2, 2, 2]]",20,"[5, 5, 5, 5]",150,600,0.75,680,17.0,,,,TIME_LIMIT,0.779461329707414,10436.0,0.0060939788818359375,0.016000794246792793,30.00023603439331,30.016297187656164,10.45,TIME_LIMIT,0.4731475836567376,59826.0,0.0016188621520996094,4.682131111621857e-05,4.682131111621857e-05,0.0,0.007397687062621117,30.000133991241455,30.00763374567032
N40_L4_balanced_poisson_hS2,23,0.5,300,300,threshold_closest_dimension,release_gap_threshold_1,40,4,"[10, 10, 10, 10]",balanced,poisson,1,2,4,"[[1, 1, 1, 3, 3, 1], [2, 1, 1, 1, 1, 2, 1, 1], [2, 2, 1, 3, 2], [2, 1, 1, 1, 1, 1, 2, 1]]",27,"[6, 8, 5, 8]",270,600,0.55,0,0.0,,,,TIME_LIMIT,0.779461329707414,10436.0,0.0060939788818359375,0.016000794246792793,30.00023603439331,30.016297187656164,9.95,TIME_LIMIT,0.6449189756548479,35363.0,0.0027260780334472656,4.528835415840149e-05,4.528835415840149e-05,0.0,0.00923799816519022,30.000170946121216,30.00951209757477
N40_L4_balanced_poisson_hS2,23,0.75,150,150,proposed_bound_aware,min_Bidx_under_C_budget,40,4,"[10, 10, 10, 10]",balanced,poisson,1,2,4,"[[1, 1, 1, 3, 4], [2, 1, 3, 4], [2, 2, 1, 3, 2], [2, 1, 1, 2, 3, 1]]",20,"[5, 4, 5, 6]",149,600,0.7516666666666667,219,5.475,,,,TIME_LIMIT,0.779461329707414,10436.0,0.0060939788818359375,0.016000794246792793,30.00023603439331,30.016297187656164,9.525,TIME_LIMIT,0.37799073655951687,61509.0,0.001981019973754883,0.10141247231513262,0.011135615408420563,0.09000778198242188,0.007761667482554913,30.000573873519897,30.109807425178587
N40_L4_balanced_poisson_hS2,23,0.75,150,150,fixed_size_closest_dimension,fixed_size_2,40,4,"[10, 10, 10, 10]",balanced,poisson,1,2,4,"[[2, 2, 2, 2, 2], [2, 2, 2, 2, 2], [2, 2, 2, 2, 2], [2, 2, 2, 2, 2]]",20,"[5, 5, 5, 5]",150,600,0.75,680,17.0,,,,TIME_LIMIT,0.779461329707414,10436.0,0.0060939788818359375,0.016000794246792793,30.00023603439331,30.016297187656164,10.45,TIME_LIMIT,0.47306123520684285,59969.0,0.0015721321105957031,4.552863538265228e-05,4.552863538265228e-05,0.0,0.007559310644865036,30.000195026397705,30.007856481708586
N40_L4_balanced_poisson_hS2,23,0.75,150,150,threshold_closest_dimension,release_gap_threshold_2,40,4,"[10, 10, 10, 10]",balanced,poisson,1,2,4,"[[1, 4, 1, 4], [4, 4, 2], [4, 1, 4, 1], [2, 1, 1, 2, 3, 1]]",17,"[4, 3, 4, 6]",106,600,0.8233333333333334,395,9.875,,,,TIME_LIMIT,0.779461329707414,10436.0,0.0060939788818359375,0.016000794246792793,30.00023603439331,30.016297187656164,10.25,TIME_LIMIT,0.18747277942769863,78207.0,0.0013530254364013672,3.988109529018402e-05,3.988109529018402e-05,0.0,0.006035579368472099,30.000225067138672,30.006357370875776
N40_L4_balanced_poisson_hS2,23,0.9,60,60,proposed_bound_aware,min_Bidx_under_C_budget,40,4,"[10, 10, 10, 10]",balanced,poisson,1,2,4,"[[2, 4, 4], [2, 4, 4], [4, 4, 2], [4, 2, 4]]",12,"[3, 3, 3, 3]",54,600,0.91,854,21.35,,,,TIME_LIMIT,0.779461329707414,10436.0,0.0060939788818359375,0.016000794246792793,30.00023603439331,30.016297187656164,10.425,OPTIMAL,0.0,6003.0,0.0010290145874023438,0.13846129924058914,0.011089053936302662,0.12710809707641602,0.005244162864983082,0.8164300918579102,0.9601906947791576
N40_L4_balanced_poisson_hS2,23,0.9,60,60,fixed_size_closest_dimension,fixed_size_4,40,4,"[10, 10, 10, 10]",balanced,poisson,1,2,4,"[[4, 4, 2], [4, 4, 2], [4, 4, 2], [4, 4, 2]]",12,"[3, 3, 3, 3]",54,600,0.91,1060,26.5,,,,TIME_LIMIT,0.779461329707414,10436.0,0.0060939788818359375,0.016000794246792793,30.00023603439331,30.016297187656164,10.35,OPTIMAL,4.929508038639392e-05,4405.0,0.0008060932159423828,4.7021545469760895e-05,4.7021545469760895e-05,0.0,0.005316021852195263,0.39841508865356445,0.4038244914263487
N40_L4_balanced_poisson_hS2,23,0.9,60,60,threshold_closest_dimension,release_gap_threshold_7,40,4,"[10, 10, 10, 10]",balanced,poisson,1,2,4,"[[4, 4, 2], [4, 4, 2], [4, 4, 2], [4, 4, 2]]",12,"[3, 3, 3, 3]",54,600,0.91,1060,26.5,,,,TIME_LIMIT,0.779461329707414,10436.0,0.0060939788818359375,0.016000794246792793,30.00023603439331,30.016297187656164,10.35,OPTIMAL,4.929508038639392e-05,4405.0,0.0007998943328857422,9.495485574007034e-05,9.495485574007034e-05,0.0,0.005140055902302265,0.39513492584228516,0.4004178661853075
N40_L4_balanced_poisson_hS2,24,0.25,450,450,proposed_bound_aware,min_Bidx_under_C_budget,40,4,"[10, 10, 10, 10]",balanced,poisson,1,2,4,"[[1, 3, 2, 1, 2, 1], [1, 2, 2, 1, 1, 1, 1, 1], [1, 1, 3, 4, 1], [1, 1, 1, 2, 3, 1, 1]]",26,"[6, 8, 5, 7]",251,600,0.5816666666666667,0,0.0,,,,TIME_LIMIT,0.7297408019835803,13188.0,0.005520820617675781,0.015406627207994461,30.000292778015137,30.01575722359121,11.275,TIME_LIMIT,0.48147425922227244,44622.0,0.0026369094848632812,0.016393299214541912,0.011296628043055534,0.00482487678527832,0.009099158458411694,30.000191926956177,30.025739236734807
N40_L4_balanced_poisson_hS2,24,0.25,450,450,fixed_size_closest_dimension,fixed_size_2,40,4,"[10, 10, 10, 10]",balanced,poisson,1,2,4,"[[2, 2, 2, 2, 2], [2, 2, 2, 2, 2], [2, 2, 2, 2, 2], [2, 2, 2, 2, 2]]",20,"[5, 5, 5, 5]",150,600,0.75,1042,26.05,,,,TIME_LIMIT,0.7297408019835803,13188.0,0.005520820617675781,0.015406627207994461,30.000292778015137,30.01575722359121,11.4,TIME_LIMIT,0.4495422698795246,57281.0,0.0016639232635498047,1.7537735402584076e-05,1.7537735402584076e-05,0.0,0.006872372701764107,30.00017499923706,30.007119824178517
N40_L4_balanced_poisson_hS2,24,0.25,450,450,threshold_closest_dimension,release_gap_threshold_0,40,4,"[10, 10, 10, 10]",balanced,poisson,1,2,4,"[[1, 1, 1, 1, 1, 1, 1, 2, 1], [1, 1, 1, 1, 1, 1, 1, 1, 1, 1], [1, 1, 4, 2, 1, 1], [1, 1, 1, 1, 1, 1, 2, 1, 1]]",34,"[9, 10, 6, 9]",429,600,0.285,0,0.0,,,,TIME_LIMIT,0.7297408019835803,13188.0,0.005520820617675781,0.015406627207994461,30.000292778015137,30.01575722359121,12.225,TIME_LIMIT,0.7177542777109825,15951.0,0.004831790924072266,4.32552769780159e-05,4.32552769780159e-05,0.0,0.012096086516976357,30.000159978866577,30.01235533412546
N40_L4_balanced_poisson_hS2,24,0.5,300,300,proposed_bound_aware,min_Bidx_under_C_budget,40,4,"[10, 10, 10, 10]",balanced,poisson,1,2,4,"[[1, 3, 2, 1, 2, 1], [1, 2, 2, 1, 1, 1, 1, 1], [1, 1, 3, 4, 1], [1, 1, 1, 2, 3, 1, 1]]",26,"[6, 8, 5, 7]",251,600,0.5816666666666667,0,0.0,,,,TIME_LIMIT,0.7297408019835803,13188.0,0.005520820617675781,0.015406627207994461,30.000292778015137,30.01575722359121,11.275,TIME_LIMIT,0.4821468975030887,44209.0,0.002680063247680664,0.01748279482126236,0.011998969130218029,0.00519108772277832,0.009336876682937145,30.000258922576904,30.027131969109178
N40_L4_balanced_poisson_hS2,24,0.5,300,300,fixed_size_closest_dimension,fixed_size_2,40,4,"[10, 10, 10, 10]",balanced,poisson,1,2,4,"[[2, 2, 2, 2, 2], [2, 2, 2, 2, 2], [2, 2, 2, 2, 2], [2, 2, 2, 2, 2]]",20,"[5, 5, 5, 5]",150,600,0.75,1042,26.05,,,,TIME_LIMIT,0.7297408019835803,13188.0,0.005520820617675781,0.015406627207994461,30.000292778015137,30.01575722359121,11.4,TIME_LIMIT,0.44865635538879506,57743.0,0.0015819072723388672,4.7011300921440125e-05,4.7011300921440125e-05,0.0,0.0070906030014157295,30.000192880630493,30.007386283949018
N40_L4_balanced_poisson_hS2,24,0.5,300,300,threshold_closest_dimension,release_gap_threshold_1,40,4,"[10, 10, 10, 10]",balanced,poisson,1,2,4,"[[1, 3, 2, 1, 2, 1], [1, 2, 2, 1, 1, 1, 1, 1], [1, 1, 4, 3, 1], [1, 1, 1, 2, 3, 1, 1]]",26,"[6, 8, 5, 7]",251,600,0.5816666666666667,0,0.0,,,,TIME_LIMIT,0.7297408019835803,13188.0,0.005520820617675781,0.015406627207994461,30.000292778015137,30.01575722359121,11.8,TIME_LIMIT,0.5296768017822523,44791.0,0.002650022506713867,4.277471452951431e-05,4.277471452951431e-05,0.0,0.008712874725461006,30.00046682357788,30.00928143505007
N40_L4_balanced_poisson_hS2,24,0.75,150,150,proposed_bound_aware,min_Bidx_under_C_budget,40,4,"[10, 10, 10, 10]",balanced,poisson,1,2,4,"[[1, 3, 2, 3, 1], [1, 2, 4, 2, 1], [1, 1, 4, 4], [1, 1, 1, 2, 3, 2]]",20,"[5, 5, 4, 6]",149,600,0.7516666666666667,184,4.6,,,,TIME_LIMIT,0.7297408019835803,13188.0,0.005520820617675781,0.015406627207994461,30.000292778015137,30.01575722359121,11.25,TIME_LIMIT,0.229866911022087,151350.0,0.0017390251159667969,0.025712077505886555,0.011074582114815712,0.014373064041137695,0.006766151636838913,30.000216960906982,30.032749768346548
N40_L4_balanced_poisson_hS2,24,0.75,150,150,fixed_size_closest_dimension,fixed_size_2,40,4,"[10, 10, 10, 10]",balanced,poisson,1,2,4,"[[2, 2, 2, 2, 2], [2, 2, 2, 2, 2], [2, 2, 2, 2, 2], [2, 2, 2, 2, 2]]",20,"[5, 5, 5, 5]",150,600,0.75,1042,26.05,,,,TIME_LIMIT,0.7297408019835803,13188.0,0.005520820617675781,0.015406627207994461,30.000292778015137,30.01575722359121,11.4,TIME_LIMIT,0.4478991994374867,58219.0,0.0015320777893066406,4.056282341480255e-05,4.056282341480255e-05,0.0,0.006881437264382839,30.00025510787964,30.007233086042106
N40_L4_balanced_poisson_hS2,24,0.75,150,150,threshold_closest_dimension,release_gap_threshold_2,40,4,"[10, 10, 10, 10]",balanced,poisson,1,2,4,"[[1, 3, 2, 3, 1], [1, 2, 4, 2, 1], [1, 1, 4, 4], [3, 2, 3, 2]]",18,"[5, 5, 4, 4]",121,600,0.7983333333333333,257,6.425,,,,TIME_LIMIT,0.7297408019835803,13188.0,0.005520820617675781,0.015406627207994461,30.000292778015137,30.01575722359121,11.25,OPTIMAL,0.0,61442.0,0.0015239715576171875,4.3536536395549774e-05,4.3536536395549774e-05,0.0,0.006254210136830807,16.57849907875061,16.584852154366672
N40_L4_balanced_poisson_hS2,24,0.9,60,60,proposed_bound_aware,min_Bidx_under_C_budget,40,4,"[10, 10, 10, 10]",balanced,poisson,1,2,4,"[[4, 2, 4], [3, 4, 3], [2, 4, 4], [4, 4, 2]]",12,"[3, 3, 3, 3]",54,600,0.91,856,21.4,,,,TIME_LIMIT,0.7297408019835803,13188.0,0.005520820617675781,0.015406627207994461,30.000292778015137,30.01575722359121,11.3,OPTIMAL,0.0,6490.0,0.0010478496551513672,0.14957597199827433,0.010793168097734451,0.1385180950164795,0.005317924544215202,0.7719049453735352,0.9268570141866803
N40_L4_balanced_poisson_hS2,24,0.9,60,60,fixed_size_closest_dimension,fixed_size_4,40,4,"[10, 10, 10, 10]",balanced,poisson,1,2,4,"[[4, 4, 2], [4, 4, 2], [4, 4, 2], [4, 4, 2]]",12,"[3, 3, 3, 3]",54,600,0.91,1356,33.9,,,,TIME_LIMIT,0.7297408019835803,13188.0,0.005520820617675781,0.015406627207994461,30.000292778015137,30.01575722359121,12.55,OPTIMAL,0.0,4799.0,0.0008559226989746094,5.9429556131362915e-05,5.9429556131362915e-05,0.0,0.005463064648211002,0.6803638935089111,0.6859346982091665
N40_L4_balanced_poisson_hS2,24,0.9,60,60,threshold_closest_dimension,release_gap_threshold_4,40,4,"[10, 10, 10, 10]",balanced,poisson,1,2,4,"[[4, 2, 4], [3, 4, 3], [4, 4, 2], [4, 4, 2]]",12,"[3, 3, 3, 3]",54,600,0.91,968,24.2,,,,TIME_LIMIT,0.7297408019835803,13188.0,0.005520820617675781,0.015406627207994461,30.000292778015137,30.01575722359121,12.55,OPTIMAL,0.0,11371.0,0.0008919239044189453,0.00010859407484531403,0.00010859407484531403,0.0,0.004885030910372734,1.406383991241455,1.4114294974133372
N40_L4_balanced_poisson_hS2,25,0.25,450,450,proposed_bound_aware,min_Bidx_under_C_budget,40,4,"[10, 10, 10, 10]",balanced,poisson,1,2,4,"[[2, 3, 2, 1, 1, 1], [4, 2, 3, 1], [1, 4, 3, 1, 1], [1, 1, 1, 1, 1, 1, 1, 3]]",23,"[6, 4, 5, 8]",194,600,0.6766666666666666,0,0.0,,,,TIME_LIMIT,0.727991225046201,17725.0,0.0077190399169921875,0.025420045480132103,30.000200033187866,30.02569317817688,11.175,TIME_LIMIT,0.4544191937205327,37179.0,0.0024728775024414062,0.02132419776171446,0.011418551206588745,0.009604930877685547,0.008371547795832157,30.000202894210815,30.029956984333694
N40_L4_balanced_poisson_hS2,25,0.25,450,450,fixed_size_closest_dimension,fixed_size_2,40,4,"[10, 10, 10, 10]",balanced,poisson,1,2,4,"[[2, 2, 2, 2, 2], [2, 2, 2, 2, 2], [2, 2, 2, 2, 2], [2, 2, 2, 2, 2]]",20,"[5, 5, 5, 5]",150,600,0.75,1028,25.7,,,,TIME_LIMIT,0.727991225046201,17725.0,0.0077190399169921875,0.025420045480132103,30.000200033187866,30.02569317817688,10.725,TIME_LIMIT,0.3911897012609172,82481.0,0.0016810894012451172,5.627516657114029e-05,5.627516657114029e-05,0.0,0.00716326292604208,30.000187158584595,30.007462356239557
N40_L4_balanced_poisson_hS2,25,0.25,450,450,threshold_closest_dimension,release_gap_threshold_0,40,4,"[10, 10, 10, 10]",balanced,poisson,1,2,4,"[[1, 1, 1, 2, 1, 1, 1, 1, 1], [1, 4, 1, 1, 2, 1], [1, 1, 1, 1, 1, 2, 1, 1, 1], [1, 1, 1, 1, 1, 1, 1, 1, 1, 1]]",34,"[9, 6, 9, 10]",429,600,0.285,0,0.0,,,,TIME_LIMIT,0.727991225046201,17725.0,0.0077190399169921875,0.025420045480132103,30.000200033187866,30.02569317817688,11.95,TIME_LIMIT,0.675436105878868,16331.0,0.005251884460449219,0.0001304270699620247,0.0001304270699620247,0.0,0.011770132929086685,30.00009799003601,30.012055035680532
N40_L4_balanced_poisson_hS2,25,0.5,300,300,proposed_bound_aware,min_Bidx_under_C_budget,40,4,"[10, 10, 10, 10]",balanced,poisson,1,2,4,"[[2, 3, 2, 1, 1, 1], [4, 2, 3, 1], [1, 4, 3, 1, 1], [1, 1, 1, 1, 1, 1, 1, 3]]",23,"[6, 4, 5, 8]",194,600,0.6766666666666666,0,0.0,,,,TIME_LIMIT,0.727991225046201,17725.0,0.0077190399169921875,0.025420045480132103,30.000200033187866,30.02569317817688,11.175,TIME_LIMIT,0.45427045301984825,37334.0,0.0022110939025878906,0.019120567478239536,0.01161603070795536,0.007230043411254883,0.007420720532536507,30.00019407272339,30.026788759976625
N40_L4_balanced_poisson_hS2,25,0.5,300,300,fixed_size_closest_dimension,fixed_size_2,40,4,"[10, 10, 10, 10]",balanced,poisson,1,2,4,"[[2, 2, 2, 2, 2], [2, 2, 2, 2, 2], [2, 2, 2, 2, 2], [2, 2, 2, 2, 2]]",20,"[5, 5, 5, 5]",150,600,0.75,1028,25.7,,,,TIME_LIMIT,0.727991225046201,17725.0,0.0077190399169921875,0.025420045480132103,30.000200033187866,30.02569317817688,10.725,TIME_LIMIT,0.39123223531905876,82427.0,0.0016748905181884766,1.9900500774383545e-05,1.9900500774383545e-05,0.0,0.007082571275532246,30.000120878219604,30.00727968569845
N40_L4_balanced_poisson_hS2,25,0.5,300,300,threshold_closest_dimension,release_gap_threshold_1,40,4,"[10, 10, 10, 10]",balanced,poisson,1,2,4,"[[2, 4, 1, 1, 1, 1], [4, 2, 3, 1], [1, 4, 3, 1, 1], [1, 1, 1, 1, 1, 1, 1, 3]]",23,"[6, 4, 5, 8]",194,600,0.6766666666666666,0,0.0,,,,TIME_LIMIT,0.727991225046201,17725.0,0.0077190399169921875,0.025420045480132103,30.000200033187866,30.02569317817688,10.875,TIME_LIMIT,0.44267467463219906,56966.0,0.0022420883178710938,0.0001225462183356285,0.0001225462183356285,0.0,0.007926756516098976,30.000291109085083,30.008399954997003
N40_L4_balanced_poisson_hS2,25,0.75,150,150,proposed_bound_aware,min_Bidx_under_C_budget,40,4,"[10, 10, 10, 10]",balanced,poisson,1,2,4,"[[2, 4, 2, 2], [2, 4, 3, 1], [1, 4, 4, 1], [1, 1, 1, 1, 1, 1, 1, 3]]",20,"[4, 4, 4, 8]",144,600,0.76,90,2.25,,,,TIME_LIMIT,0.727991225046201,17725.0,0.0077190399169921875,0.025420045480132103,30.000200033187866,30.02569317817688,10.69999999892699,TIME_LIMIT,0.31308411208065623,84709.0,0.0019099712371826172,0.07433563005179167,0.010823152028024197,0.06325197219848633,0.007630449719727039,30.00013494491577,30.082162007689476
N40_L4_balanced_poisson_hS2,25,0.75,150,150,fixed_size_closest_dimension,fixed_size_2,40,4,"[10, 10, 10, 10]",balanced,poisson,1,2,4,"[[2, 2, 2, 2, 2], [2, 2, 2, 2, 2], [2, 2, 2, 2, 2], [2, 2, 2, 2, 2]]",20,"[5, 5, 5, 5]",150,600,0.75,1028,25.7,,,,TIME_LIMIT,0.727991225046201,17725.0,0.0077190399169921875,0.025420045480132103,30.000200033187866,30.02569317817688,10.725,TIME_LIMIT,0.3912104960838668,82470.0,0.0016510486602783203,2.9323622584342957e-05,2.9323622584342957e-05,0.0,0.006815937347710133,30.000224113464355,30.007124059833586
N40_L4_balanced_poisson_hS2,25,0.75,150,150,threshold_closest_dimension,release_gap_threshold_2,40,4,"[10, 10, 10, 10]",balanced,poisson,1,2,4,"[[4, 4, 2], [4, 4, 1, 1], [1, 4, 4, 1], [2, 1, 1, 1, 1, 4]]",17,"[3, 4, 4, 6]",106,600,0.8233333333333334,226,5.65,,,,TIME_LIMIT,0.727991225046201,17725.0,0.0077190399169921875,0.025420045480132103,30.000200033187866,30.02569317817688,10.625,OPTIMAL,0.0,69297.0,0.0013649463653564453,0.00011992175132036209,0.00011992175132036209,0.0,0.006488152779638767,19.62397003173828,19.630638662725687
N40_L4_balanced_poisson_hS2,25,0.9,60,60,proposed_bound_aware,min_Bidx_under_C_budget,40,4,"[10, 10, 10, 10]",balanced,poisson,1,2,4,"[[4, 4, 2], [3, 3, 4], [4, 4, 2], [3, 3, 4]]",12,"[3, 3, 3, 3]",54,600,0.91,1099,27.475,,,,TIME_LIMIT,0.727991225046201,17725.0,0.0077190399169921875,0.025420045480132103,30.000200033187866,30.02569317817688,10.925,OPTIMAL,0.0,8577.0,0.0010459423065185547,0.12641986180096865,0.011241253465414047,0.11490607261657715,0.0051794759929180145,1.0298030376434326,1.1614613039419055
N40_L4_balanced_poisson_hS2,25,0.9,60,60,fixed_size_closest_dimension,fixed_size_4,40,4,"[10, 10, 10, 10]",balanced,poisson,1,2,4,"[[4, 4, 2], [4, 4, 2], [4, 4, 2], [4, 4, 2]]",12,"[3, 3, 3, 3]",54,600,0.91,1308,32.7,,,,TIME_LIMIT,0.727991225046201,17725.0,0.0077190399169921875,0.025420045480132103,30.000200033187866,30.02569317817688,10.725,OPTIMAL,0.0,3539.0,0.0008609294891357422,4.725158214569092e-05,4.725158214569092e-05,0.0,0.005175008438527584,0.3319389820098877,0.33721283730119467
N40_L4_balanced_poisson_hS2,25,0.9,60,60,threshold_closest_dimension,release_gap_threshold_8,40,4,"[10, 10, 10, 10]",balanced,poisson,1,2,4,"[[4, 4, 2], [4, 4, 2], [4, 4, 2], [4, 4, 2]]",12,"[3, 3, 3, 3]",54,600,0.91,1308,32.7,,,,TIME_LIMIT,0.727991225046201,17725.0,0.0077190399169921875,0.025420045480132103,30.000200033187866,30.02569317817688,10.725,OPTIMAL,0.0,3539.0,0.0008718967437744141,4.3975189328193665e-05,4.3975189328193665e-05,0.0,0.004467439837753773,0.3343069553375244,0.3388648824766278
N40_L4_balanced_poisson_hS2,26,0.25,450,450,proposed_bound_aware,min_Bidx_under_C_budget,40,4,"[10, 10, 10, 10]",balanced,poisson,1,2,4,"[[1, 2, 3, 2, 1, 1], [1, 2, 1, 1, 2, 3], [1, 1, 3, 3, 2], [1, 1, 3, 1, 1, 1, 1, 1]]",25,"[6, 6, 5, 8]",232,600,0.6133333333333333,0,0.0,,,,TIME_LIMIT,0.7859510990783055,10566.0,0.005669832229614258,0.015661493875086308,30.002938985824585,30.018658467568457,10.75,TIME_LIMIT,0.5246088423071453,57339.0,0.0022780895233154297,0.01570144295692444,0.010787378065288067,0.004641056060791016,0.00888171885162592,30.00033211708069,30.024970567785203
N40_L4_balanced_poisson_hS2,26,0.25,450,450,fixed_size_closest_dimension,fixed_size_2,40,4,"[10, 10, 10, 10]",balanced,poisson,1,2,4,"[[2, 2, 2, 2, 2], [2, 2, 2, 2, 2], [2, 2, 2, 2, 2], [2, 2, 2, 2, 2]]",20,"[5, 5, 5, 5]",150,600,0.75,1372,34.3,,,,TIME_LIMIT,0.7859510990783055,10566.0,0.005669832229614258,0.015661493875086308,30.002938985824585,30.018658467568457,11.525,TIME_LIMIT,0.45032814449438985,62085.0,0.0016179084777832031,4.696100950241089e-05,4.696100950241089e-05,0.0,0.00727302860468626,30.001811027526855,30.009188923984766
N40_L4_balanced_poisson_hS2,26,0.25,450,450,threshold_closest_dimension,release_gap_threshold_0,40,4,"[10, 10, 10, 10]",balanced,poisson,1,2,4,"[[1, 2, 3, 1, 1, 1, 1], [1, 1, 1, 1, 1, 2, 2, 1], [1, 1, 3, 3, 1, 1], [1, 1, 1, 1, 1, 1, 1, 1, 1, 1]]",31,"[7, 8, 6, 10]",356,600,0.4066666666666667,0,0.0,,,,TIME_LIMIT,0.7859510990783055,10566.0,0.005669832229614258,0.015661493875086308,30.002938985824585,30.018658467568457,11.75,TIME_LIMIT,0.6543821517332085,34067.0,0.0034148693084716797,0.00011690612882375717,0.00011690612882375717,0.0,0.011175904422998428,30.000273942947388,30.011624040082097
N40_L4_balanced_poisson_hS2,26,0.5,300,300,proposed_bound_aware,min_Bidx_under_C_budget,40,4,"[10, 10, 10, 10]",balanced,poisson,1,2,4,"[[1, 2, 3, 2, 1, 1], [1, 2, 1, 1, 2, 3], [1, 1, 3, 3, 2], [1, 1, 3, 1, 1, 1, 1, 1]]",25,"[6, 6, 5, 8]",232,600,0.6133333333333333,0,0.0,,,,TIME_LIMIT,0.7859510990783055,10566.0,0.005669832229614258,0.015661493875086308,30.002938985824585,30.018658467568457,10.75,TIME_LIMIT,0.5248635448024482,57120.0,0.002335071563720703,0.016101466491818428,0.011241274885833263,0.004585981369018555,0.008383937180042267,30.00015687942505,30.02470521815121
N40_L4_balanced_poisson_hS2,26,0.5,300,300,fixed_size_closest_dimension,fixed_size_2,40,4,"[10, 10, 10, 10]",balanced,poisson,1,2,4,"[[2, 2, 2, 2, 2], [2, 2, 2, 2, 2], [2, 2, 2, 2, 2], [2, 2, 2, 2, 2]]",20,"[5, 5, 5, 5]",150,600,0.75,1372,34.3,,,,TIME_LIMIT,0.7859510990783055,10566.0,0.005669832229614258,0.015661493875086308,30.002938985824585,30.018658467568457,11.525,TIME_LIMIT,0.45102618531881455,61429.0,0.001580953598022461,4.721060395240784e-05,4.721060395240784e-05,0.0,0.007372559048235416,30.0001220703125,30.007599283009768
N40_L4_balanced_poisson_hS2,26,0.5,300,300,threshold_closest_dimension,release_gap_threshold_1,40,4,"[10, 10, 10, 10]",balanced,poisson,1,2,4,"[[1, 2, 3, 2, 1, 1], [1, 2, 1, 1, 2, 3], [1, 1, 3, 3, 2], [1, 1, 3, 1, 1, 1, 1, 1]]",25,"[6, 6, 5, 8]",232,600,0.6133333333333333,0,0.0,,,,TIME_LIMIT,0.7859510990783055,10566.0,0.005669832229614258,0.015661493875086308,30.002938985824585,30.018658467568457,10.75,TIME_LIMIT,0.524914986095615,57061.0,0.0022830963134765625,0.00010380707681179047,0.00010380707681179047,0.0,0.008404867723584175,30.00019097328186,30.008757943287492
N40_L4_balanced_poisson_hS2,26,0.75,150,150,proposed_bound_aware,min_Bidx_under_C_budget,40,4,"[10, 10, 10, 10]",balanced,poisson,1,2,4,"[[1, 2, 3, 2, 2], [1, 2, 1, 3, 3], [2, 3, 3, 2], [1, 1, 4, 1, 2, 1]]",20,"[5, 5, 4, 6]",149,600,0.7516666666666667,162,4.05,,,,TIME_LIMIT,0.7859510990783055,10566.0,0.005669832229614258,0.015661493875086308,30.002938985824585,30.018658467568457,11.475,TIME_LIMIT,0.4126681402017571,102028.0,0.0016350746154785156,0.016415230929851532,0.010571791790425777,0.005570888519287109,0.006421833299100399,30.00014615058899,30.02303733304143
N40_L4_balanced_poisson_hS2,26,0.75,150,150,fixed_size_closest_dimension,fixed_size_2,40,4,"[10, 10, 10, 10]",balanced,poisson,1,2,4,"[[2, 2, 2, 2, 2], [2, 2, 2, 2, 2], [2, 2, 2, 2, 2], [2, 2, 2, 2, 2]]",20,"[5, 5, 5, 5]",150,600,0.75,1372,34.3,,,,TIME_LIMIT,0.7859510990783055,10566.0,0.005669832229614258,0.015661493875086308,30.002938985824585,30.018658467568457,11.525,TIME_LIMIT,0.45144231467134643,61112.0,0.0016829967498779297,4.723109304904938e-05,4.723109304904938e-05,0.0,0.007481984794139862,30.000152826309204,30.00774149503559
N40_L4_balanced_poisson_hS2,26,0.75,150,150,threshold_closest_dimension,release_gap_threshold_2,40,4,"[10, 10, 10, 10]",balanced,poisson,1,2,4,"[[1, 2, 4, 1, 2], [1, 2, 1, 3, 3], [2, 4, 2, 2], [1, 4, 1, 1, 2, 1]]",20,"[5, 5, 4, 6]",149,600,0.7516666666666667,230,5.75,,,,TIME_LIMIT,0.7859510990783055,10566.0,0.005669832229614258,0.015661493875086308,30.002938985824585,30.018658467568457,10.775,TIME_LIMIT,0.42041344590990176,88324.0,0.0018279552459716797,0.0001177983358502388,0.0001177983358502388,0.0,0.007049099542200565,30.000122785568237,30.007353619672358
N40_L4_balanced_poisson_hS2,26,0.9,60,60,proposed_bound_aware,min_Bidx_under_C_budget,40,4,"[10, 10, 10, 10]",balanced,poisson,1,2,4,"[[3, 3, 4], [3, 4, 3], [2, 4, 4], [2, 4, 4]]",12,"[3, 3, 3, 3]",54,600,0.91,1313,32.825,,,,TIME_LIMIT,0.7859510990783055,10566.0,0.005669832229614258,0.015661493875086308,30.002938985824585,30.018658467568457,11.425,OPTIMAL,0.0,7947.0,0.001013040542602539,0.15349297691136599,0.01148548349738121,0.1417369842529297,0.005204672925174236,0.9951739311218262,1.1539295334368944
N40_L4_balanced_poisson_hS2,26,0.9,60,60,fixed_size_closest_dimension,fixed_size_4,40,4,"[10, 10, 10, 10]",balanced,poisson,1,2,4,"[[4, 4, 2], [4, 4, 2], [4, 4, 2], [4, 4, 2]]",12,"[3, 3, 3, 3]",54,600,0.91,1728,43.2,,,,TIME_LIMIT,0.7859510990783055,10566.0,0.005669832229614258,0.015661493875086308,30.002938985824585,30.018658467568457,11.725,OPTIMAL,0.0,3125.0,0.0008940696716308594,1.8458813428878784e-05,1.8458813428878784e-05,0.0,0.0048742033541202545,0.32042908668518066,0.3253686297684908
N40_L4_balanced_poisson_hS2,26,0.9,60,60,threshold_closest_dimension,release_gap_threshold_14,40,4,"[10, 10, 10, 10]",balanced,poisson,1,2,4,"[[4, 4, 2], [4, 4, 2], [4, 4, 2], [4, 4, 2]]",12,"[3, 3, 3, 3]",54,600,0.91,1728,43.2,,,,TIME_LIMIT,0.7859510990783055,10566.0,0.005669832229614258,0.015661493875086308,30.002938985824585,30.018658467568457,11.725,OPTIMAL,0.0,3125.0,0.0008840560913085938,4.291534423828125e-05,4.291534423828125e-05,0.0,0.004522442817687988,0.32289600372314453,0.32750910334289074
N40_L4_balanced_poisson_hS2,27,0.25,450,450,proposed_bound_aware,min_Bidx_under_C_budget,40,4,"[10, 10, 10, 10]",balanced,poisson,1,2,4,"[[2, 1, 1, 2, 3, 1], [1, 1, 1, 1, 1, 4, 1], [2, 3, 1, 4], [4, 1, 4, 1]]",21,"[6, 7, 4, 4]",162,600,0.73,0,0.0,,,,TIME_LIMIT,0.7722554251905377,11206.0,0.005788087844848633,0.015000353567302227,30.0001380443573,30.015197340399027,13.925,TIME_LIMIT,0.46670175782399476,64450.0,0.0018298625946044922,0.020563578233122826,0.011065439321100712,0.009226083755493164,0.006621554493904114,30.0001540184021,30.02739305049181
N40_L4_balanced_poisson_hS2,27,0.25,450,450,fixed_size_closest_dimension,fixed_size_2,40,4,"[10, 10, 10, 10]",balanced,poisson,1,2,4,"[[2, 2, 2, 2, 2], [2, 2, 2, 2, 2], [2, 2, 2, 2, 2], [2, 2, 2, 2, 2]]",20,"[5, 5, 5, 5]",150,600,0.75,740,18.5,,,,TIME_LIMIT,0.7722554251905377,11206.0,0.005788087844848633,0.015000353567302227,30.0001380443573,30.015197340399027,14.175,TIME_LIMIT,0.5706683613700103,42093.0,0.001795053482055664,4.400685429573059e-05,4.400685429573059e-05,0.0,0.007671660743653774,30.00024700164795,30.00802551303059
N40_L4_balanced_poisson_hS2,27,0.25,450,450,threshold_closest_dimension,release_gap_threshold_0,40,4,"[10, 10, 10, 10]",balanced,poisson,1,2,4,"[[1, 1, 1, 1, 2, 1, 1, 1, 1], [1, 1, 1, 1, 1, 1, 2, 1, 1], [1, 1, 3, 1, 1, 1, 2], [2, 2, 1, 1, 2, 1, 1]]",32,"[9, 9, 7, 7]",382,600,0.36333333333333334,0,0.0,,,,TIME_LIMIT,0.7722554251905377,11206.0,0.005788087844848633,0.015000353567302227,30.0001380443573,30.015197340399027,13.875,TIME_LIMIT,0.7370911595578309,16247.0,0.004210948944091797,9.023677557706833e-05,9.023677557706833e-05,0.0,0.012240094132721424,30.000689029693604,30.013082215562463
N40_L4_balanced_poisson_hS2,27,0.5,300,300,proposed_bound_aware,min_Bidx_under_C_budget,40,4,"[10, 10, 10, 10]",balanced,poisson,1,2,4,"[[2, 1, 1, 2, 3, 1], [1, 1, 1, 1, 1, 4, 1], [2, 3, 1, 4], [4, 1, 4, 1]]",21,"[6, 7, 4, 4]",162,600,0.73,0,0.0,,,,TIME_LIMIT,0.7722554251905377,11206.0,0.005788087844848633,0.015000353567302227,30.0001380443573,30.015197340399027,13.925,TIME_LIMIT,0.4685816876122152,63181.0,0.002032041549682617,0.020009811967611313,0.011961692944169044,0.007750988006591797,0.007125715725123882,30.000203847885132,30.0273978440091
N40_L4_balanced_poisson_hS2,27,0.5,300,300,fixed_size_closest_dimension,fixed_size_2,40,4,"[10, 10, 10, 10]",balanced,poisson,1,2,4,"[[2, 2, 2, 2, 2], [2, 2, 2, 2, 2], [2, 2, 2, 2, 2], [2, 2, 2, 2, 2]]",20,"[5, 5, 5, 5]",150,600,0.75,740,18.5,,,,TIME_LIMIT,0.7722554251905377,11206.0,0.005788087844848633,0.015000353567302227,30.0001380443573,30.015197340399027,14.175,TIME_LIMIT,0.5709840443403194,41871.0,0.0018160343170166016,1.9429251551628113e-05,1.9429251551628113e-05,0.0,0.009149753488600254,30.000221014022827,30.00945334136486
N40_L4_balanced_poisson_hS2,27,0.5,300,300,threshold_closest_dimension,release_gap_threshold_1,40,4,"[10, 10, 10, 10]",balanced,poisson,1,2,4,"[[2, 1, 1, 4, 1, 1], [1, 1, 1, 1, 1, 4, 1], [2, 3, 4, 1], [4, 1, 4, 1]]",21,"[6, 7, 4, 4]",162,600,0.73,0,0.0,,,,TIME_LIMIT,0.7722554251905377,11206.0,0.005788087844848633,0.015000353567302227,30.0001380443573,30.015197340399027,13.775,TIME_LIMIT,0.4152986273959649,81954.0,0.0020630359649658203,7.255934178829193e-05,7.255934178829193e-05,0.0,0.007562445476651192,30.000191926956177,30.007888020947576
N40_L4_balanced_poisson_hS2,27,0.75,150,150,proposed_bound_aware,min_Bidx_under_C_budget,40,4,"[10, 10, 10, 10]",balanced,poisson,1,2,4,"[[2, 1, 1, 4, 2], [1, 1, 1, 1, 1, 4, 1], [2, 3, 4, 1], [4, 1, 4, 1]]",20,"[5, 7, 4, 4]",147,600,0.755,29,0.725,,,,TIME_LIMIT,0.7722554251905377,11206.0,0.005788087844848633,0.015000353567302227,30.0001380443573,30.015197340399027,13.925,TIME_LIMIT,0.3818671454219074,147533.0,0.0017750263214111328,0.02435097098350525,0.011093290522694588,0.012993097305297852,0.006485599093139172,30.000208854675293,30.031100236810744
N40_L4_balanced_poisson_hS2,27,0.75,150,150,fixed_size_closest_dimension,fixed_size_2,40,4,"[10, 10, 10, 10]",balanced,poisson,1,2,4,"[[2, 2, 2, 2, 2], [2, 2, 2, 2, 2], [2, 2, 2, 2, 2], [2, 2, 2, 2, 2]]",20,"[5, 5, 5, 5]",150,600,0.75,740,18.5,,,,TIME_LIMIT,0.7722554251905377,11206.0,0.005788087844848633,0.015000353567302227,30.0001380443573,30.015197340399027,14.175,TIME_LIMIT,0.5635371511547754,47259.0,0.0017049312591552734,4.9184076488018036e-05,4.9184076488018036e-05,0.0,0.00746158417314291,30.000250816345215,30.007821099832654
N40_L4_balanced_poisson_hS2,27,0.75,150,150,threshold_closest_dimension,release_gap_threshold_2,40,4,"[10, 10, 10, 10]",balanced,poisson,1,2,4,"[[2, 1, 1, 4, 2], [2, 1, 2, 4, 1], [4, 4, 2], [4, 1, 4, 1]]",17,"[5, 5, 3, 4]",107,600,0.8216666666666667,169,4.225,,,,TIME_LIMIT,0.7722554251905377,11206.0,0.005788087844848633,0.015000353567302227,30.0001380443573,30.015197340399027,13.775,TIME_LIMIT,0.16826302985284364,116114.0,0.001363992691040039,3.872811794281006e-05,3.872811794281006e-05,0.0,0.005925952456891537,30.000957012176514,30.006977155804634
N40_L4_balanced_poisson_hS2,27,0.9,60,60,proposed_bound_aware,min_Bidx_under_C_budget,40,4,"[10, 10, 10, 10]",balanced,poisson,1,2,4,"[[3, 4, 3], [3, 3, 4], [2, 4, 4], [4, 3, 3]]",12,"[3, 3, 3, 3]",54,600,0.91,774,19.35,,,,TIME_LIMIT,0.7722554251905377,11206.0,0.005788087844848633,0.015000353567302227,30.0001380443573,30.015197340399027,13.925,OPTIMAL,0.0,46111.0,0.0010380744934082031,0.1259512659162283,0.010988622903823853,0.1147010326385498,0.005261619575321674,7.06430196762085,7.195574011653662
N40_L4_balanced_poisson_hS2,27,0.9,60,60,fixed_size_closest_dimension,fixed_size_4,40,4,"[10, 10, 10, 10]",balanced,poisson,1,2,4,"[[4, 4, 2], [4, 4, 2], [4, 4, 2], [4, 4, 2]]",12,"[3, 3, 3, 3]",54,600,0.91,924,23.1,,,,TIME_LIMIT,0.7722554251905377,11206.0,0.005788087844848633,0.015000353567302227,30.0001380443573,30.015197340399027,13.925,OPTIMAL,0.0,6019.0,0.0009050369262695312,3.843754529953003e-05,3.843754529953003e-05,0.0,0.005179095081984997,0.7507140636444092,0.7559845382347703
N40_L4_balanced_poisson_hS2,27,0.9,60,60,threshold_closest_dimension,release_gap_threshold_6,40,4,"[10, 10, 10, 10]",balanced,poisson,1,2,4,"[[4, 4, 2], [4, 4, 2], [4, 4, 2], [4, 4, 2]]",12,"[3, 3, 3, 3]",54,600,0.91,924,23.1,,,,TIME_LIMIT,0.7722554251905377,11206.0,0.005788087844848633,0.015000353567302227,30.0001380443573,30.015197340399027,13.925,OPTIMAL,0.0,6019.0,0.0008740425109863281,9.703729301691055e-05,9.703729301691055e-05,0.0,0.00506624486297369,0.7489321231842041,0.754148225300014
N40_L4_balanced_poisson_hS2,28,0.25,450,450,proposed_bound_aware,min_Bidx_under_C_budget,40,4,"[10, 10, 10, 10]",balanced,poisson,1,2,4,"[[1, 1, 3, 1, 1, 2, 1], [4, 1, 2, 3], [2, 1, 4, 3], [2, 3, 2, 1, 1, 1]]",21,"[7, 4, 4, 6]",162,600,0.73,0,0.0,,,,TIME_LIMIT,0.7790643093988157,12704.0,0.0062220096588134766,0.015357432886958122,30.000119924545288,30.01553670503199,11.3,TIME_LIMIT,0.45089594205110645,89320.0,0.0018780231475830078,0.01648654881864786,0.010951346717774868,0.005272865295410156,0.006744010373950005,30.000141859054565,30.02342868875712
N40_L4_balanced_poisson_hS2,28,0.25,450,450,fixed_size_closest_dimension,fixed_size_2,40,4,"[10, 10, 10, 10]",balanced,poisson,1,2,4,"[[2, 2, 2, 2, 2], [2, 2, 2, 2, 2], [2, 2, 2, 2, 2], [2, 2, 2, 2, 2]]",20,"[5, 5, 5, 5]",150,600,0.75,972,24.3,,,,TIME_LIMIT,0.7790643093988157,12704.0,0.0062220096588134766,0.015357432886958122,30.000119924545288,30.01553670503199,11.65,TIME_LIMIT,0.5182523184558924,55304.0,0.0016679763793945312,4.173256456851959e-05,4.173256456851959e-05,0.0,0.007302824407815933,30.00020408630371,30.007608173415065
N40_L4_balanced_poisson_hS2,28,0.25,450,450,threshold_closest_dimension,release_gap_threshold_0,40,4,"[10, 10, 10, 10]",balanced,poisson,1,2,4,"[[1, 1, 1, 1, 1, 1, 1, 1, 1, 1], [1, 1, 2, 1, 2, 2, 1], [1, 1, 1, 1, 1, 2, 1, 2], [2, 1, 2, 2, 1, 1, 1]]",32,"[10, 7, 8, 7]",381,600,0.365,0,0.0,,,,TIME_LIMIT,0.7790643093988157,12704.0,0.0062220096588134766,0.015357432886958122,30.000119924545288,30.01553670503199,11.3,TIME_LIMIT,0.7223100570140494,15663.0,0.004032135009765625,0.00013195909559726715,0.00013195909559726715,0.0,0.011443299241364002,30.000213146209717,30.011844592168927
N40_L4_balanced_poisson_hS2,28,0.5,300,300,proposed_bound_aware,min_Bidx_under_C_budget,40,4,"[10, 10, 10, 10]",balanced,poisson,1,2,4,"[[1, 1, 3, 1, 1, 2, 1], [4, 1, 2, 3], [2, 1, 4, 3], [2, 3, 2, 1, 1, 1]]",21,"[7, 4, 4, 6]",162,600,0.73,0,0.0,,,,TIME_LIMIT,0.7790643093988157,12704.0,0.0062220096588134766,0.015357432886958122,30.000119924545288,30.01553670503199,11.3,TIME_LIMIT,0.4493929771117639,90824.0,0.0018661022186279297,0.016005773097276688,0.01056197751313448,0.0051839351654052734,0.00714908167719841,30.000128030776978,30.023336792364717
N40_L4_balanced_poisson_hS2,28,0.5,300,300,fixed_size_closest_dimension,fixed_size_2,40,4,"[10, 10, 10, 10]",balanced,poisson,1,2,4,"[[2, 2, 2, 2, 2], [2, 2, 2, 2, 2], [2, 2, 2, 2, 2], [2, 2, 2, 2, 2]]",20,"[5, 5, 5, 5]",150,600,0.75,972,24.3,,,,TIME_LIMIT,0.7790643093988157,12704.0,0.0062220096588134766,0.015357432886958122,30.000119924545288,30.01553670503199,11.65,TIME_LIMIT,0.516539461135097,56490.0,0.0016269683837890625,1.8627382814884186e-05,1.8627382814884186e-05,0.0,0.006828967481851578,30.000128030776978,30.007031470537186
N40_L4_balanced_poisson_hS2,28,0.5,300,300,threshold_closest_dimension,release_gap_threshold_1,40,4,"[10, 10, 10, 10]",balanced,poisson,1,2,4,"[[1, 1, 3, 1, 1, 2, 1], [4, 1, 2, 3], [2, 1, 4, 3], [2, 3, 2, 1, 1, 1]]",21,"[7, 4, 4, 6]",162,600,0.73,0,0.0,,,,TIME_LIMIT,0.7790643093988157,12704.0,0.0062220096588134766,0.015357432886958122,30.000119924545288,30.01553670503199,11.3,TIME_LIMIT,0.44919088275463787,91080.0,0.00185394287109375,4.559941589832306e-05,4.559941589832306e-05,0.0,0.006898041814565659,30.000133991241455,30.007134252227843
N40_L4_balanced_poisson_hS2,28,0.75,150,150,proposed_bound_aware,min_Bidx_under_C_budget,40,4,"[10, 10, 10, 10]",balanced,poisson,1,2,4,"[[1, 1, 3, 1, 1, 2, 1], [4, 1, 2, 3], [2, 1, 4, 3], [2, 3, 2, 1, 2]]",20,"[7, 4, 4, 5]",147,600,0.755,29,0.725,,,,TIME_LIMIT,0.7790643093988157,12704.0,0.0062220096588134766,0.015357432886958122,30.000119924545288,30.01553670503199,10.975,TIME_LIMIT,0.40970310678190724,77723.0,0.0017402172088623047,0.018531779758632183,0.010920229367911816,0.007341146469116211,0.006724500097334385,30.00018310546875,30.0254949266091
N40_L4_balanced_poisson_hS2,28,0.75,150,150,fixed_size_closest_dimension,fixed_size_2,40,4,"[10, 10, 10, 10]",balanced,poisson,1,2,4,"[[2, 2, 2, 2, 2], [2, 2, 2, 2, 2], [2, 2, 2, 2, 2], [2, 2, 2, 2, 2]]",20,"[5, 5, 5, 5]",150,600,0.75,972,24.3,,,,TIME_LIMIT,0.7790643093988157,12704.0,0.0062220096588134766,0.015357432886958122,30.000119924545288,30.01553670503199,11.65,TIME_LIMIT,0.5165324513827126,56499.0,0.0016400814056396484,4.647113382816315e-05,4.647113382816315e-05,0.0,0.0073210615664720535,30.00034999847412,30.00777346547693
N40_L4_balanced_poisson_hS2,28,0.75,150,150,threshold_closest_dimension,release_gap_threshold_2,40,4,"[10, 10, 10, 10]",balanced,poisson,1,2,4,"[[1, 1, 4, 1, 2, 1], [4, 1, 2, 3], [2, 4, 1, 3], [4, 3, 1, 2]]",18,"[6, 4, 4, 4]",120,600,0.8,166,4.15,,,,TIME_LIMIT,0.7790643093988157,12704.0,0.0062220096588134766,0.015357432886958122,30.000119924545288,30.01553670503199,11.15,TIME_LIMIT,0.2466367713004492,178730.0,0.0014941692352294922,0.00011972151696681976,0.00011972151696681976,0.0,0.0062986258417367935,30.000116109848022,30.00658968836069
N40_L4_balanced_poisson_hS2,28,0.9,60,60,proposed_bound_aware,min_Bidx_under_C_budget,40,4,"[10, 10, 10, 10]",balanced,poisson,1,2,4,"[[2, 4, 4], [4, 3, 3], [2, 4, 4], [4, 4, 2]]",12,"[3, 3, 3, 3]",54,600,0.91,944,23.6,,,,TIME_LIMIT,0.7790643093988157,12704.0,0.0062220096588134766,0.015357432886958122,30.000119924545288,30.01553670503199,11.325,OPTIMAL,0.0,18572.0,0.0010600090026855469,0.14438902493566275,0.010957975871860981,0.13315105438232422,0.0052529871463775635,2.325577974319458,2.475279034115374
N40_L4_balanced_poisson_hS2,28,0.9,60,60,fixed_size_closest_dimension,fixed_size_4,40,4,"[10, 10, 10, 10]",balanced,poisson,1,2,4,"[[4, 4, 2], [4, 4, 2], [4, 4, 2], [4, 4, 2]]",12,"[3, 3, 3, 3]",54,600,0.91,1590,39.75,,,,TIME_LIMIT,0.7790643093988157,12704.0,0.0062220096588134766,0.015357432886958122,30.000119924545288,30.01553670503199,11.325,OPTIMAL,0.0,4443.0,0.0009508132934570312,1.7726793885231018e-05,1.7726793885231018e-05,0.0,0.005418837070465088,0.4509739875793457,0.4564670780673623
N40_L4_balanced_poisson_hS2,28,0.9,60,60,threshold_closest_dimension,release_gap_threshold_13,40,4,"[10, 10, 10, 10]",balanced,poisson,1,2,4,"[[4, 4, 2], [4, 4, 2], [4, 4, 2], [4, 4, 2]]",12,"[3, 3, 3, 3]",54,600,0.91,1590,39.75,,,,TIME_LIMIT,0.7790643093988157,12704.0,0.0062220096588134766,0.015357432886958122,30.000119924545288,30.01553670503199,11.325,OPTIMAL,0.0,4443.0,0.0009889602661132812,4.6350061893463135e-05,4.6350061893463135e-05,0.0,0.0051912227645516396,0.4411778450012207,0.446468030102551
N40_L4_balanced_poisson_hS2,29,0.25,450,450,proposed_bound_aware,min_Bidx_under_C_budget,40,4,"[10, 10, 10, 10]",balanced,poisson,1,2,4,"[[2, 3, 2, 3], [1, 3, 4, 2], [4, 2, 1, 1, 2], [2, 2, 2, 2, 2]]",18,"[4, 4, 5, 5]",121,600,0.7983333333333333,0,0.0,,,,TIME_LIMIT,0.7843690960275223,15331.0,0.005650043487548828,0.015305564738810062,30.022380113601685,30.03774289879948,14.0,TIME_LIMIT,0.30638891184003986,85734.0,0.0014581680297851562,0.01808587647974491,0.010545953176915646,0.007279872894287109,0.005881777033209801,30.00013017654419,30.024152246303856
N40_L4_balanced_poisson_hS2,29,0.25,450,450,fixed_size_closest_dimension,fixed_size_2,40,4,"[10, 10, 10, 10]",balanced,poisson,1,2,4,"[[2, 2, 2, 2, 2], [2, 2, 2, 2, 2], [2, 2, 2, 2, 2], [2, 2, 2, 2, 2]]",20,"[5, 5, 5, 5]",150,600,0.75,167,4.175,,,,TIME_LIMIT,0.7843690960275223,15331.0,0.005650043487548828,0.015305564738810062,30.022380113601685,30.03774289879948,14.1,TIME_LIMIT,0.47573468824189225,55985.0,0.0015399456024169922,4.6741217374801636e-05,4.6741217374801636e-05,0.0,0.00726955384016037,30.000174045562744,30.007546097040176
N40_L4_balanced_poisson_hS2,29,0.25,450,450,threshold_closest_dimension,release_gap_threshold_0,40,4,"[10, 10, 10, 10]",balanced,poisson,1,2,4,"[[2, 1, 2, 1, 1, 1, 2], [1, 1, 1, 1, 2, 1, 1, 1, 1], [1, 1, 2, 2, 1, 1, 1, 1], [1, 1, 1, 1, 2, 2, 1, 1]]",32,"[7, 9, 8, 8]",383,600,0.3616666666666667,0,0.0,,,,TIME_LIMIT,0.7843690960275223,15331.0,0.005650043487548828,0.015305564738810062,30.022380113601685,30.03774289879948,14.85,TIME_LIMIT,0.7255878111048322,17147.0,0.0037429332733154297,4.048272967338562e-05,4.048272967338562e-05,0.0,0.010919547639787197,30.000113010406494,30.011131083592772
N40_L4_balanced_poisson_hS2,29,0.5,300,300,proposed_bound_aware,min_Bidx_under_C_budget,40,4,"[10, 10, 10, 10]",balanced,poisson,1,2,4,"[[2, 3, 2, 3], [1, 3, 4, 2], [4, 2, 1, 1, 2], [2, 2, 2, 2, 2]]",18,"[4, 4, 5, 5]",121,600,0.7983333333333333,0,0.0,,,,TIME_LIMIT,0.7843690960275223,15331.0,0.005650043487548828,0.015305564738810062,30.022380113601685,30.03774289879948,14.0,TIME_LIMIT,0.3059958726801356,85836.0,0.0014841556549072266,0.01784288790076971,0.01118999719619751,0.006395101547241211,0.0057594310492277145,30.00010919570923,30.023766230791807
N40_L4_balanced_poisson_hS2,29,0.5,300,300,fixed_size_closest_dimension,fixed_size_2,40,4,"[10, 10, 10, 10]",balanced,poisson,1,2,4,"[[2, 2, 2, 2, 2], [2, 2, 2, 2, 2], [2, 2, 2, 2, 2], [2, 2, 2, 2, 2]]",20,"[5, 5, 5, 5]",150,600,0.75,167,4.175,,,,TIME_LIMIT,0.7843690960275223,15331.0,0.005650043487548828,0.015305564738810062,30.022380113601685,30.03774289879948,14.1,TIME_LIMIT,0.47657589301073044,55443.0,0.0015590190887451172,3.902893513441086e-05,3.902893513441086e-05,0.0,0.0070159416645765305,30.000144004821777,30.00725466478616
N40_L4_balanced_poisson_hS2,29,0.5,300,300,threshold_closest_dimension,release_gap_threshold_1,40,4,"[10, 10, 10, 10]",balanced,poisson,1,2,4,"[[4, 1, 2, 3], [1, 4, 3, 2], [4, 2, 1, 1, 2], [2, 2, 2, 2, 2]]",18,"[4, 4, 5, 5]",121,600,0.7983333333333333,0,0.0,,,,TIME_LIMIT,0.7843690960275223,15331.0,0.005650043487548828,0.015305564738810062,30.022380113601685,30.03774289879948,14.05,TIME_LIMIT,0.2486199871721806,99447.0,0.0015718936920166016,0.00010011065751314163,0.00010011065751314163,0.0,0.006579740904271603,30.000139951705933,30.00687855295837
N40_L4_balanced_poisson_hS2,29,0.75,150,150,proposed_bound_aware,min_Bidx_under_C_budget,40,4,"[10, 10, 10, 10]",balanced,poisson,1,2,4,"[[2, 3, 2, 3], [1, 3, 4, 2], [4, 2, 1, 1, 2], [2, 2, 2, 2, 2]]",18,"[4, 4, 5, 5]",121,600,0.7983333333333333,0,0.0,,,,TIME_LIMIT,0.7843690960275223,15331.0,0.005650043487548828,0.015305564738810062,30.022380113601685,30.03774289879948,14.0,TIME_LIMIT,0.3071695994946096,84991.0,0.0016031265258789062,0.017928577959537506,0.010956925339996815,0.006700992584228516,0.006102831102907658,30.000153064727783,30.024243537336588
N40_L4_balanced_poisson_hS2,29,0.75,150,150,fixed_size_closest_dimension,fixed_size_2,40,4,"[10, 10, 10, 10]",balanced,poisson,1,2,4,"[[2, 2, 2, 2, 2], [2, 2, 2, 2, 2], [2, 2, 2, 2, 2], [2, 2, 2, 2, 2]]",20,"[5, 5, 5, 5]",150,600,0.75,167,4.175,,,,TIME_LIMIT,0.7843690960275223,15331.0,0.005650043487548828,0.015305564738810062,30.022380113601685,30.03774289879948,14.1,TIME_LIMIT,0.47665229065055775,55340.0,0.0016388893127441406,4.864297807216644e-05,4.864297807216644e-05,0.0,0.006851211190223694,30.00015687942505,30.00711432285607
N40_L4_balanced_poisson_hS2,29,0.75,150,150,threshold_closest_dimension,release_gap_threshold_1,40,4,"[10, 10, 10, 10]",balanced,poisson,1,2,4,"[[4, 1, 2, 3], [1, 4, 3, 2], [4, 2, 1, 1, 2], [2, 2, 2, 2, 2]]",18,"[4, 4, 5, 5]",121,600,0.7983333333333333,0,0.0,,,,TIME_LIMIT,0.7843690960275223,15331.0,0.005650043487548828,0.015305564738810062,30.022380113601685,30.03774289879948,14.05,TIME_LIMIT,0.2471185000265972,100612.0,0.0015609264373779297,9.930040687322617e-05,9.930040687322617e-05,0.0,0.006663988344371319,30.00021505355835,30.007036313414574
N40_L4_balanced_poisson_hS2,29,0.9,60,60,proposed_bound_aware,min_Bidx_under_C_budget,40,4,"[10, 10, 10, 10]",balanced,poisson,1,2,4,"[[3, 4, 3], [4, 4, 2], [4, 2, 4], [4, 4, 2]]",12,"[3, 3, 3, 3]",54,600,0.91,272,6.8,,,,TIME_LIMIT,0.7843690960275223,15331.0,0.005650043487548828,0.015305564738810062,30.022380113601685,30.03774289879948,15.1,OPTIMAL,0.0,16667.0,0.0010221004486083984,0.09313610754907131,0.011335926130414009,0.08152198791503906,0.005139605142176151,1.49869704246521,1.597031109035015
N40_L4_balanced_poisson_hS2,29,0.9,60,60,fixed_size_closest_dimension,fixed_size_4,40,4,"[10, 10, 10, 10]",balanced,poisson,1,2,4,"[[4, 4, 2], [4, 4, 2], [4, 4, 2], [4, 4, 2]]",12,"[3, 3, 3, 3]",54,600,0.91,373,9.325,,,,TIME_LIMIT,0.7843690960275223,15331.0,0.005650043487548828,0.015305564738810062,30.022380113601685,30.03774289879948,15.1,OPTIMAL,0.0,11498.0,0.000904083251953125,1.816730946302414e-05,1.816730946302414e-05,0.0,0.0057130418717861176,1.1855499744415283,1.1913335472345352
N40_L4_balanced_poisson_hS2,29,0.9,60,60,threshold_closest_dimension,release_gap_threshold_3,40,4,"[10, 10, 10, 10]",balanced,poisson,1,2,4,"[[4, 4, 2], [4, 4, 2], [4, 2, 4], [4, 4, 2]]",12,"[3, 3, 3, 3]",54,600,0.91,303,7.575,,,,TIME_LIMIT,0.7843690960275223,15331.0,0.005650043487548828,0.015305564738810062,30.022380113601685,30.03774289879948,15.1,OPTIMAL,0.0,18131.0,0.0008881092071533203,9.722728282213211e-05,9.722728282213211e-05,0.0,0.005619519390165806,1.8607051372528076,1.8664753874763846
