seed,replication,N,L,counts,releases,arrival_rate,h_F,h_S,threshold,max_platoon_size,method,partition,number_of_platoons,ordering_variable_count,vehicle_level_ordering_variable_count,dimension_reduction_ratio,formation_time_ms,formation_repetitions,model_build_time_s,solve_time_s,end_to_end_time_s,status,objective,actual_optimality_gap,actual_gap_reference,terminal_mip_gap,node_count,partition_specific_upper_bound,scaled_partition_specific_upper_bound,rule_level_upper_bound,scaled_rule_level_upper_bound,np_optimal_objective,matching_chp_objective,pp_optimal_objective,D_NP,D_CHP,D_PP,bound_check_available,bound_valid,bound_slack,delay_order_check_available,np_pp_chp_delay_order_holds
7995412539109851666,0,24,4,"[6, 6, 6, 6]","[[2, 4, 4, 6, 7, 9], [2, 5, 5, 6, 6, 6], [3, 6, 8, 9, 12, 14], [2, 3, 4, 5, 6, 8]]",0.7,1,2,,1,NP,"[[1, 1, 1, 1, 1, 1], [1, 1, 1, 1, 1, 1], [1, 1, 1, 1, 1, 1], [1, 1, 1, 1, 1, 1]]",24,216,216,0.0,0.001442,20,0.018395244143903255,30.01358699798584,30.032063734098998,TIME_LIMIT,9.416666666666666,,,0.42779251748414504,189386.0,0.0,0,0.0,0,,,,,,,False,,,False,
7995412539109851666,0,24,4,"[6, 6, 6, 6]","[[2, 4, 4, 6, 7, 9], [2, 5, 5, 6, 6, 6], [3, 6, 8, 9, 12, 14], [2, 3, 4, 5, 6, 8]]",0.7,1,2,2,,CHP,"[[6], [1, 5], [1, 3, 2], [6]]",7,17,216,0.9212962962962963,0.001963,20,0.00549789983779192,0.0225679874420166,0.028135846140981198,OPTIMAL,9.875,,,0.0,191.0,4.625,111,20.125,483,,,,,9.875,,False,,,False,
7995412539109851666,0,24,4,"[6, 6, 6, 6]","[[2, 4, 4, 6, 7, 9], [2, 5, 5, 6, 6, 6], [3, 6, 8, 9, 12, 14], [2, 3, 4, 5, 6, 8]]",0.7,1,2,2,2,PP,"[[2, 2, 2], [1, 2, 2, 1], [1, 2, 1, 2], [2, 2, 2]]",14,73,216,0.662037037037037,0.004927,20,0.0060293832793831825,1.7402708530426025,1.7463677724133868,OPTIMAL,9.416666666666666,,,0.0,55265.0,4.625,111,10.5,252,,9.875,9.416666666666666,,9.875,9.416666666666666,False,,,False,
7995412539109851666,0,24,4,"[6, 6, 6, 6]","[[2, 4, 4, 6, 7, 9], [2, 5, 5, 6, 6, 6], [3, 6, 8, 9, 12, 14], [2, 3, 4, 5, 6, 8]]",0.7,1,2,2,3,PP,"[[3, 3], [1, 3, 2], [1, 3, 2], [3, 3]]",10,37,216,0.8287037037037037,0.001878,20,0.005317928269505501,0.1605548858642578,0.16594465308556844,OPTIMAL,9.583333333333334,,,0.0,5198.0,3.8333333333333335,92,14.0,336,,9.875,9.583333333333334,,9.875,9.583333333333334,False,,,False,
7995412539109851666,0,24,4,"[6, 6, 6, 6]","[[2, 4, 4, 6, 7, 9], [2, 5, 5, 6, 6, 6], [3, 6, 8, 9, 12, 14], [2, 3, 4, 5, 6, 8]]",0.7,1,2,2,4,PP,"[[4, 2], [1, 4, 1], [1, 3, 2], [4, 2]]",10,37,216,0.8287037037037037,0.001873,20,0.005126127973198891,0.05367088317871094,0.05885915282968092,OPTIMAL,9.416666666666666,,,0.0,2395.0,4.625,111,15.75,378,,9.875,9.416666666666666,,9.875,9.416666666666666,False,,,False,
7995412539109851666,0,24,4,"[6, 6, 6, 6]","[[2, 4, 4, 6, 7, 9], [2, 5, 5, 6, 6, 6], [3, 6, 8, 9, 12, 14], [2, 3, 4, 5, 6, 8]]",0.7,1,2,2,5,PP,"[[5, 1], [1, 5], [1, 3, 2], [5, 1]]",9,30,216,0.8611111111111112,0.001913,20,0.004844581708312035,0.041906118392944336,0.046811102952909946,OPTIMAL,9.25,,,0.0,580.0,3.2083333333333335,77,16.625,399,,9.875,9.25,,9.875,9.25,False,,,False,
7995412539109851666,0,24,4,"[6, 6, 6, 6]","[[2, 4, 4, 6, 7, 9], [2, 5, 5, 6, 6, 6], [3, 6, 8, 9, 12, 14], [2, 3, 4, 5, 6, 8]]",0.7,1,2,3,,CHP,"[[6], [6], [6], [6]]",4,6,216,0.9722222222222222,0.0016025,20,0.004288410767912865,0.0024459362030029297,0.006795290551402568,OPTIMAL,9.875,,,0.0,1.0,9.875,237,42.166666666666664,1012,,,,,9.875,,False,,,False,
7995412539109851666,0,24,4,"[6, 6, 6, 6]","[[2, 4, 4, 6, 7, 9], [2, 5, 5, 6, 6, 6], [3, 6, 8, 9, 12, 14], [2, 3, 4, 5, 6, 8]]",0.7,1,2,3,2,PP,"[[2, 2, 2], [2, 2, 2], [2, 2, 2], [2, 2, 2]]",12,54,216,0.75,0.004702,20,0.005421234294772148,0.48780202865600586,0.4932954979446311,OPTIMAL,9.416666666666666,,,0.0,24527.0,7.458333333333333,179,22.0,528,,9.875,9.416666666666666,,9.875,9.416666666666666,False,,,False,
7995412539109851666,0,24,4,"[6, 6, 6, 6]","[[2, 4, 4, 6, 7, 9], [2, 5, 5, 6, 6, 6], [3, 6, 8, 9, 12, 14], [2, 3, 4, 5, 6, 8]]",0.7,1,2,3,3,PP,"[[3, 3], [3, 3], [3, 3], [3, 3]]",8,24,216,0.8888888888888888,0.001933,20,0.005082331597805023,0.04741191864013672,0.05255932038924265,OPTIMAL,9.583333333333334,,,0.0,923.0,9.083333333333334,218,29.333333333333332,704,,9.875,9.583333333333334,,9.875,9.583333333333334,False,,,False,
7995412539109851666,0,24,4,"[6, 6, 6, 6]","[[2, 4, 4, 6, 7, 9], [2, 5, 5, 6, 6, 6], [3, 6, 8, 9, 12, 14], [2, 3, 4, 5, 6, 8]]",0.7,1,2,3,4,PP,"[[4, 2], [4, 2], [4, 2], [4, 2]]",8,24,216,0.8888888888888888,0.001958,20,0.005029622465372086,0.026526927947998047,0.031616260657544616,OPTIMAL,9.416666666666666,,,0.0,496.0,8.291666666666666,199,33.0,792,,9.875,9.416666666666666,,9.875,9.416666666666666,False,,,False,
7995412539109851666,0,24,4,"[6, 6, 6, 6]","[[2, 4, 4, 6, 7, 9], [2, 5, 5, 6, 6, 6], [3, 6, 8, 9, 12, 14], [2, 3, 4, 5, 6, 8]]",0.7,1,2,3,5,PP,"[[5, 1], [5, 1], [5, 1], [5, 1]]",8,24,216,0.8888888888888888,0.0048675,20,0.005205206573009491,0.022997140884399414,0.02826530154638767,OPTIMAL,9.25,,,0.0,208.0,7.75,186,34.833333333333336,836,,9.875,9.25,,9.875,9.25,False,,,False,
7995412539109851666,0,24,4,"[6, 6, 6, 6]","[[2, 4, 4, 6, 7, 9], [2, 5, 5, 6, 6, 6], [3, 6, 8, 9, 12, 14], [2, 3, 4, 5, 6, 8]]",0.7,1,2,4,,CHP,"[[6], [6], [6], [6]]",4,6,216,0.9722222222222222,0.001698,20,0.004620053805410862,0.002727031707763672,0.007402264712021827,OPTIMAL,9.875,,,0.0,1.0,9.875,237,64.20833333333333,1541,,,,,9.875,,False,,,False,
7995412539109851666,0,24,4,"[6, 6, 6, 6]","[[2, 4, 4, 6, 7, 9], [2, 5, 5, 6, 6, 6], [3, 6, 8, 9, 12, 14], [2, 3, 4, 5, 6, 8]]",0.7,1,2,4,2,PP,"[[2, 2, 2], [2, 2, 2], [2, 2, 2], [2, 2, 2]]",12,54,216,0.75,0.001958,20,0.0050401873886585236,0.49547600746154785,0.5005835428708153,OPTIMAL,9.416666666666666,,,0.0,24527.0,7.458333333333333,179,33.5,804,,9.875,9.416666666666666,,9.875,9.416666666666666,False,,,False,
7995412539109851666,0,24,4,"[6, 6, 6, 6]","[[2, 4, 4, 6, 7, 9], [2, 5, 5, 6, 6, 6], [3, 6, 8, 9, 12, 14], [2, 3, 4, 5, 6, 8]]",0.7,1,2,4,3,PP,"[[3, 3], [3, 3], [3, 3], [3, 3]]",8,24,216,0.8888888888888888,0.004617,20,0.005280992016196251,0.04702496528625488,0.05237819763459396,OPTIMAL,9.583333333333334,,,0.0,923.0,9.083333333333334,218,44.666666666666664,1072,,9.875,9.583333333333334,,9.875,9.583333333333334,False,,,False,
7995412539109851666,0,24,4,"[6, 6, 6, 6]","[[2, 4, 4, 6, 7, 9], [2, 5, 5, 6, 6, 6], [3, 6, 8, 9, 12, 14], [2, 3, 4, 5, 6, 8]]",0.7,1,2,4,4,PP,"[[4, 2], [4, 2], [4, 2], [4, 2]]",8,24,216,0.8888888888888888,0.004742,20,0.0053710779175162315,0.02520585060119629,0.03063908376146984,OPTIMAL,9.416666666666666,,,0.0,496.0,8.291666666666666,199,50.25,1206,,9.875,9.416666666666666,,9.875,9.416666666666666,False,,,False,
7995412539109851666,0,24,4,"[6, 6, 6, 6]","[[2, 4, 4, 6, 7, 9], [2, 5, 5, 6, 6, 6], [3, 6, 8, 9, 12, 14], [2, 3, 4, 5, 6, 8]]",0.7,1,2,4,5,PP,"[[5, 1], [5, 1], [5, 1], [5, 1]]",8,24,216,0.8888888888888888,0.0017925,20,0.0047384221106767654,0.02296900749206543,0.027769101487677098,OPTIMAL,9.25,,,0.0,208.0,7.75,186,53.041666666666664,1273,,9.875,9.25,,9.875,9.25,False,,,False,
17779858637948729657,1,24,4,"[6, 6, 6, 6]","[[8, 8, 10, 11, 13, 15], [8, 10, 12, 20, 20, 21], [2, 2, 6, 7, 7, 7], [3, 3, 3, 5, 6, 7]]",0.7,1,2,,1,NP,"[[1, 1, 1, 1, 1, 1], [1, 1, 1, 1, 1, 1], [1, 1, 1, 1, 1, 1], [1, 1, 1, 1, 1, 1]]",24,216,216,0.0,0.001307,20,0.009229389019310474,30.015608072280884,30.024906378593823,TIME_LIMIT,6.75,,,0.2151790506090197,317970.0,0.0,0,0.0,0,,,,,,,False,,,False,
17779858637948729657,1,24,4,"[6, 6, 6, 6]","[[8, 8, 10, 11, 13, 15], [8, 10, 12, 20, 20, 21], [2, 2, 6, 7, 7, 7], [3, 3, 3, 5, 6, 7]]",0.7,1,2,2,,CHP,"[[6], [3, 3], [2, 4], [6]]",6,13,216,0.9398148148148148,0.001702,20,0.004711750894784927,0.008980035781860352,0.013759595815636634,OPTIMAL,6.75,,,0.0,1.0,4.791666666666667,115,20.125,483,,,,,6.75,,False,,,False,
17779858637948729657,1,24,4,"[6, 6, 6, 6]","[[8, 8, 10, 11, 13, 15], [8, 10, 12, 20, 20, 21], [2, 2, 6, 7, 7, 7], [3, 3, 3, 5, 6, 7]]",0.7,1,2,2,2,PP,"[[2, 2, 2], [2, 1, 2, 1], [2, 2, 2], [2, 2, 2]]",13,63,216,0.7083333333333333,0.001898,20,0.00553929153829813,0.14496397972106934,0.15056769732570457,OPTIMAL,6.75,,,0.0,5742.0,2.375,57,10.5,252,,6.75,6.75,,6.75,6.75,False,,,False,
17779858637948729657,1,24,4,"[6, 6, 6, 6]","[[8, 8, 10, 11, 13, 15], [8, 10, 12, 20, 20, 21], [2, 2, 6, 7, 7, 7], [3, 3, 3, 5, 6, 7]]",0.7,1,2,2,3,PP,"[[3, 3], [3, 3], [2, 3, 1], [3, 3]]",9,30,216,0.8611111111111112,0.001838,20,0.005002290941774845,0.025831937789916992,0.03089899712938118,OPTIMAL,6.75,,,0.0,446.0,4.0,96,14.0,336,,6.75,6.75,,6.75,6.75,False,,,False,
17779858637948729657,1,24,4,"[6, 6, 6, 6]","[[8, 8, 10, 11, 13, 15], [8, 10, 12, 20, 20, 21], [2, 2, 6, 7, 7, 7], [3, 3, 3, 5, 6, 7]]",0.7,1,2,2,4,PP,"[[4, 2], [3, 3], [2, 4], [4, 2]]",8,24,216,0.8888888888888888,0.0018275,20,0.004724311642348766,0.01909804344177246,0.023884846142663955,OPTIMAL,6.75,,,0.0,276.0,4.041666666666667,97,15.75,378,,6.75,6.75,,6.75,6.75,False,,,False,
17779858637948729657,1,24,4,"[6, 6, 6, 6]","[[8, 8, 10, 11, 13, 15], [8, 10, 12, 20, 20, 21], [2, 2, 6, 7, 7, 7], [3, 3, 3, 5, 6, 7]]",0.7,1,2,2,5,PP,"[[5, 1], [3, 3], [2, 4], [5, 1]]",8,24,216,0.8888888888888888,0.003059,20,0.0059729283675551414,0.02052593231201172,0.02655970824532175,OPTIMAL,6.75,,,0.0,206.0,4.083333333333333,98,16.625,399,,6.75,6.75,,6.75,6.75,False,,,False,
17779858637948729657,1,24,4,"[6, 6, 6, 6]","[[8, 8, 10, 11, 13, 15], [8, 10, 12, 20, 20, 21], [2, 2, 6, 7, 7, 7], [3, 3, 3, 5, 6, 7]]",0.7,1,2,3,,CHP,"[[6], [3, 3], [2, 4], [6]]",6,13,216,0.9398148148148148,0.0042415,20,0.004527022130787373,0.0051860809326171875,0.009770121682385445,OPTIMAL,6.75,,,0.0,1.0,4.791666666666667,115,42.166666666666664,1012,,,,,6.75,,False,,,False,
17779858637948729657,1,24,4,"[6, 6, 6, 6]","[[8, 8, 10, 11, 13, 15], [8, 10, 12, 20, 20, 21], [2, 2, 6, 7, 7, 7], [3, 3, 3, 5, 6, 7]]",0.7,1,2,3,2,PP,"[[2, 2, 2], [2, 1, 2, 1], [2, 2, 2], [2, 2, 2]]",13,63,216,0.7083333333333333,0.001888,20,0.005593194626271725,0.13675999641418457,0.14241409415804196,OPTIMAL,6.75,,,0.0,5742.0,2.375,57,22.0,528,,6.75,6.75,,6.75,6.75,False,,,False,
17779858637948729657,1,24,4,"[6, 6, 6, 6]","[[8, 8, 10, 11, 13, 15], [8, 10, 12, 20, 20, 21], [2, 2, 6, 7, 7, 7], [3, 3, 3, 5, 6, 7]]",0.7,1,2,3,3,PP,"[[3, 3], [3, 3], [2, 3, 1], [3, 3]]",9,30,216,0.8611111111111112,0.004602,20,0.005215613171458244,0.026011943817138672,0.03128964766848278,OPTIMAL,6.75,,,0.0,446.0,4.0,96,29.333333333333332,704,,6.75,6.75,,6.75,6.75,False,,,False,
17779858637948729657,1,24,4,"[6, 6, 6, 6]","[[8, 8, 10, 11, 13, 15], [8, 10, 12, 20, 20, 21], [2, 2, 6, 7, 7, 7], [3, 3, 3, 5, 6, 7]]",0.7,1,2,3,4,PP,"[[4, 2], [3, 3], [2, 4], [4, 2]]",8,24,216,0.8888888888888888,0.007081,20,0.006315665319561958,0.0200960636138916,0.026474204068869113,OPTIMAL,6.75,,,0.0,276.0,4.041666666666667,97,33.0,792,,6.75,6.75,,6.75,6.75,False,,,False,
17779858637948729657,1,24,4,"[6, 6, 6, 6]","[[8, 8, 10, 11, 13, 15], [8, 10, 12, 20, 20, 21], [2, 2, 6, 7, 7, 7], [3, 3, 3, 5, 6, 7]]",0.7,1,2,3,5,PP,"[[5, 1], [3, 3], [2, 4], [5, 1]]",8,24,216,0.8888888888888888,0.001843,20,0.004552130587399006,0.02045297622680664,0.025063261302357198,OPTIMAL,6.75,,,0.0,206.0,4.083333333333333,98,34.833333333333336,836,,6.75,6.75,,6.75,6.75,False,,,False,
17779858637948729657,1,24,4,"[6, 6, 6, 6]","[[8, 8, 10, 11, 13, 15], [8, 10, 12, 20, 20, 21], [2, 2, 6, 7, 7, 7], [3, 3, 3, 5, 6, 7]]",0.7,1,2,4,,CHP,"[[6], [3, 3], [6], [6]]",5,9,216,0.9583333333333334,0.004171,20,0.00426503736525774,0.002665996551513672,0.006985603437896728,OPTIMAL,7.083333333333333,,,0.0,1.0,7.458333333333333,179,64.20833333333333,1541,,,,,7.083333333333333,,False,,,False,
17779858637948729657,1,24,4,"[6, 6, 6, 6]","[[8, 8, 10, 11, 13, 15], [8, 10, 12, 20, 20, 21], [2, 2, 6, 7, 7, 7], [3, 3, 3, 5, 6, 7]]",0.7,1,2,4,2,PP,"[[2, 2, 2], [2, 1, 2, 1], [2, 2, 2], [2, 2, 2]]",13,63,216,0.7083333333333333,0.004622,20,0.005252177827060223,0.13344717025756836,0.13876475750907374,OPTIMAL,6.75,,,0.0,5742.0,2.375,57,33.5,804,,7.083333333333333,6.75,,7.083333333333333,6.75,False,,,False,
17779858637948729657,1,24,4,"[6, 6, 6, 6]","[[8, 8, 10, 11, 13, 15], [8, 10, 12, 20, 20, 21], [2, 2, 6, 7, 7, 7], [3, 3, 3, 5, 6, 7]]",0.7,1,2,4,3,PP,"[[3, 3], [3, 3], [3, 3], [3, 3]]",8,24,216,0.8888888888888888,0.001828,20,0.00464538112282753,0.02332615852355957,0.028026304952850817,OPTIMAL,7.083333333333333,,,0.0,357.0,6.666666666666667,160,44.666666666666664,1072,,7.083333333333333,7.083333333333333,,7.083333333333333,7.083333333333333,False,,,False,
17779858637948729657,1,24,4,"[6, 6, 6, 6]","[[8, 8, 10, 11, 13, 15], [8, 10, 12, 20, 20, 21], [2, 2, 6, 7, 7, 7], [3, 3, 3, 5, 6, 7]]",0.7,1,2,4,4,PP,"[[4, 2], [3, 3], [4, 2], [4, 2]]",8,24,216,0.8888888888888888,0.001863,20,0.0048423390835523605,0.021346092224121094,0.026241503079438688,OPTIMAL,7.083333333333333,,,0.0,248.0,6.708333333333333,161,50.25,1206,,7.083333333333333,7.083333333333333,,7.083333333333333,7.083333333333333,False,,,False,
17779858637948729657,1,24,4,"[6, 6, 6, 6]","[[8, 8, 10, 11, 13, 15], [8, 10, 12, 20, 20, 21], [2, 2, 6, 7, 7, 7], [3, 3, 3, 5, 6, 7]]",0.7,1,2,4,5,PP,"[[5, 1], [3, 3], [5, 1], [5, 1]]",8,24,216,0.8888888888888888,0.0047475,20,0.004500551149249077,0.016132116317749023,0.020688469139215945,OPTIMAL,7.083333333333333,,,0.0,223.0,6.75,162,53.041666666666664,1273,,7.083333333333333,7.083333333333333,,7.083333333333333,7.083333333333333,False,,,False,
999334000743073355,2,24,4,"[6, 6, 6, 6]","[[3, 3, 6, 7, 7, 8], [2, 4, 7, 8, 8, 8], [2, 2, 4, 4, 5, 8], [0, 1, 4, 5, 11, 11]]",0.7,1,2,,1,NP,"[[1, 1, 1, 1, 1, 1], [1, 1, 1, 1, 1, 1], [1, 1, 1, 1, 1, 1], [1, 1, 1, 1, 1, 1]]",24,216,216,0.0,0.003455,20,0.008248337544500828,30.008975982666016,30.01728617379256,TIME_LIMIT,8.333333333333334,,,0.36664213460872985,214940.0,0.0,0,0.0,0,,,,,,,False,,,False,
999334000743073355,2,24,4,"[6, 6, 6, 6]","[[3, 3, 6, 7, 7, 8], [2, 4, 7, 8, 8, 8], [2, 2, 4, 4, 5, 8], [0, 1, 4, 5, 11, 11]]",0.7,1,2,2,,CHP,"[[2, 4], [2, 4], [5, 1], [2, 2, 2]]",9,30,216,0.8611111111111112,0.001948,20,0.005201961845159531,0.04916191101074219,0.054438504063592436,OPTIMAL,8.333333333333334,,,0.0,641.0,1.7083333333333333,41,20.125,483,,,,,8.333333333333334,,False,,,False,
999334000743073355,2,24,4,"[6, 6, 6, 6]","[[3, 3, 6, 7, 7, 8], [2, 4, 7, 8, 8, 8], [2, 2, 4, 4, 5, 8], [0, 1, 4, 5, 11, 11]]",0.7,1,2,2,2,PP,"[[2, 2, 2], [2, 2, 2], [2, 2, 1, 1], [2, 2, 2]]",13,63,216,0.7083333333333333,0.002644,20,0.00713735818862915,0.2674269676208496,0.2746517117818656,OPTIMAL,8.333333333333334,,,0.0,8612.0,0.875,21,10.5,252,,8.333333333333334,8.333333333333334,,8.333333333333334,8.333333333333334,False,,,False,
999334000743073355,2,24,4,"[6, 6, 6, 6]","[[3, 3, 6, 7, 7, 8], [2, 4, 7, 8, 8, 8], [2, 2, 4, 4, 5, 8], [0, 1, 4, 5, 11, 11]]",0.7,1,2,2,3,PP,"[[2, 3, 1], [2, 3, 1], [3, 2, 1], [2, 2, 2]]",12,54,216,0.75,0.002469,20,0.006815049797296524,0.11668682098388672,0.12357907469250584,OPTIMAL,8.333333333333334,,,0.0,2861.0,1.7083333333333333,41,14.0,336,,8.333333333333334,8.333333333333334,,8.333333333333334,8.333333333333334,False,,,False,
999334000743073355,2,24,4,"[6, 6, 6, 6]","[[3, 3, 6, 7, 7, 8], [2, 4, 7, 8, 8, 8], [2, 2, 4, 4, 5, 8], [0, 1, 4, 5, 11, 11]]",0.7,1,2,2,4,PP,"[[2, 4], [2, 4], [4, 1, 1], [2, 2, 2]]",10,37,216,0.8287037037037037,0.001883,20,0.005134440027177334,0.06655502319335938,0.07174799112216997,OPTIMAL,8.333333333333334,,,0.0,1356.0,1.7083333333333333,41,15.75,378,,8.333333333333334,8.333333333333334,,8.333333333333334,8.333333333333334,False,,,False,
999334000743073355,2,24,4,"[6, 6, 6, 6]","[[3, 3, 6, 7, 7, 8], [2, 4, 7, 8, 8, 8], [2, 2, 4, 4, 5, 8], [0, 1, 4, 5, 11, 11]]",0.7,1,2,2,5,PP,"[[2, 4], [2, 4], [5, 1], [2, 2, 2]]",9,30,216,0.8611111111111112,0.004527,20,0.004916892386972904,0.035691022872924805,0.04066636397432279,OPTIMAL,8.333333333333334,,,0.0,641.0,1.7083333333333333,41,16.625,399,,8.333333333333334,8.333333333333334,,8.333333333333334,8.333333333333334,False,,,False,
999334000743073355,2,24,4,"[6, 6, 6, 6]","[[3, 3, 6, 7, 7, 8], [2, 4, 7, 8, 8, 8], [2, 2, 4, 4, 5, 8], [0, 1, 4, 5, 11, 11]]",0.7,1,2,3,,CHP,"[[6], [6], [6], [4, 2]]",5,9,216,0.9583333333333334,0.002193,20,0.00490195956081152,0.006167888641357422,0.01113533015904951,OPTIMAL,9.833333333333334,,,0.0,1.0,8.458333333333334,203,42.166666666666664,1012,,,,,9.833333333333334,,False,,,False,
999334000743073355,2,24,4,"[6, 6, 6, 6]","[[3, 3, 6, 7, 7, 8], [2, 4, 7, 8, 8, 8], [2, 2, 4, 4, 5, 8], [0, 1, 4, 5, 11, 11]]",0.7,1,2,3,2,PP,"[[2, 2, 2], [2, 2, 2], [2, 2, 2], [2, 2, 2]]",12,54,216,0.75,0.0025385,20,0.0060287220403552055,0.33325910568237305,0.3393595066793451,OPTIMAL,8.333333333333334,,,0.0,14086.0,2.375,57,22.0,528,,9.833333333333334,8.333333333333334,,9.833333333333334,8.333333333333334,False,,,False,
999334000743073355,2,24,4,"[6, 6, 6, 6]","[[3, 3, 6, 7, 7, 8], [2, 4, 7, 8, 8, 8], [2, 2, 4, 4, 5, 8], [0, 1, 4, 5, 11, 11]]",0.7,1,2,3,3,PP,"[[3, 3], [3, 3], [3, 3], [3, 1, 2]]",9,30,216,0.8611111111111112,0.001812,20,0.004786815494298935,0.07856202125549316,0.08341178914549303,OPTIMAL,9.833333333333334,,,0.0,2292.0,8.458333333333334,203,29.333333333333332,704,,9.833333333333334,9.833333333333334,,9.833333333333334,9.833333333333334,False,,,False,
999334000743073355,2,24,4,"[6, 6, 6, 6]","[[3, 3, 6, 7, 7, 8], [2, 4, 7, 8, 8, 8], [2, 2, 4, 4, 5, 8], [0, 1, 4, 5, 11, 11]]",0.7,1,2,3,4,PP,"[[4, 2], [4, 2], [4, 2], [4, 2]]",8,24,216,0.8888888888888888,0.001838,20,0.004610337316989899,0.045419931411743164,0.05008746733653593,OPTIMAL,9.833333333333334,,,0.0,653.0,8.458333333333334,203,33.0,792,,9.833333333333334,9.833333333333334,,9.833333333333334,9.833333333333334,False,,,False,
999334000743073355,2,24,4,"[6, 6, 6, 6]","[[3, 3, 6, 7, 7, 8], [2, 4, 7, 8, 8, 8], [2, 2, 4, 4, 5, 8], [0, 1, 4, 5, 11, 11]]",0.7,1,2,3,5,PP,"[[5, 1], [5, 1], [5, 1], [4, 2]]",8,24,216,0.8888888888888888,0.0047925,20,0.00501132570207119,0.02993297576904297,0.035002348858575824,OPTIMAL,9.833333333333334,,,0.0,479.0,6.958333333333333,167,34.833333333333336,836,,9.833333333333334,9.833333333333334,,9.833333333333334,9.833333333333334,False,,,False,
999334000743073355,2,24,4,"[6, 6, 6, 6]","[[3, 3, 6, 7, 7, 8], [2, 4, 7, 8, 8, 8], [2, 2, 4, 4, 5, 8], [0, 1, 4, 5, 11, 11]]",0.7,1,2,4,,CHP,"[[6], [6], [6], [4, 2]]",5,9,216,0.9583333333333334,0.0018525,20,0.004251305013895035,0.0055408477783203125,0.009846662270584106,OPTIMAL,9.833333333333334,,,0.0,1.0,8.458333333333334,203,64.20833333333333,1541,,,,,9.833333333333334,,False,,,False,
999334000743073355,2,24,4,"[6, 6, 6, 6]","[[3, 3, 6, 7, 7, 8], [2, 4, 7, 8, 8, 8], [2, 2, 4, 4, 5, 8], [0, 1, 4, 5, 11, 11]]",0.7,1,2,4,2,PP,"[[2, 2, 2], [2, 2, 2], [2, 2, 2], [2, 2, 2]]",12,54,216,0.75,0.001998,20,0.004918903112411499,0.3138589859008789,0.3188398027198057,OPTIMAL,8.333333333333334,,,0.0,14086.0,2.375,57,33.5,804,,9.833333333333334,8.333333333333334,,9.833333333333334,8.333333333333334,False,,,False,
999334000743073355,2,24,4,"[6, 6, 6, 6]","[[3, 3, 6, 7, 7, 8], [2, 4, 7, 8, 8, 8], [2, 2, 4, 4, 5, 8], [0, 1, 4, 5, 11, 11]]",0.7,1,2,4,3,PP,"[[3, 3], [3, 3], [3, 3], [3, 1, 2]]",9,30,216,0.8611111111111112,0.001943,20,0.0051338402554392815,0.08636593818664551,0.09156051583622027,OPTIMAL,9.833333333333334,,,0.0,2292.0,8.458333333333334,203,44.666666666666664,1072,,9.833333333333334,9.833333333333334,,9.833333333333334,9.833333333333334,False,,,False,
999334000743073355,2,24,4,"[6, 6, 6, 6]","[[3, 3, 6, 7, 7, 8], [2, 4, 7, 8, 8, 8], [2, 2, 4, 4, 5, 8], [0, 1, 4, 5, 11, 11]]",0.7,1,2,4,4,PP,"[[4, 2], [4, 2], [4, 2], [4, 2]]",8,24,216,0.8888888888888888,0.001968,20,0.004550558514893055,0.0511929988861084,0.055800592642193315,OPTIMAL,9.833333333333334,,,0.0,653.0,8.458333333333334,203,50.25,1206,,9.833333333333334,9.833333333333334,,9.833333333333334,9.833333333333334,False,,,False,
999334000743073355,2,24,4,"[6, 6, 6, 6]","[[3, 3, 6, 7, 7, 8], [2, 4, 7, 8, 8, 8], [2, 2, 4, 4, 5, 8], [0, 1, 4, 5, 11, 11]]",0.7,1,2,4,5,PP,"[[5, 1], [5, 1], [5, 1], [4, 2]]",8,24,216,0.8888888888888888,0.001988,20,0.004625511355698109,0.03136610984802246,0.03604849949362326,OPTIMAL,9.833333333333334,,,0.0,479.0,6.958333333333333,167,53.041666666666664,1273,,9.833333333333334,9.833333333333334,,9.833333333333334,9.833333333333334,False,,,False,
3769175265763079360,3,24,4,"[6, 6, 6, 6]","[[1, 6, 7, 11, 12, 16], [1, 2, 4, 8, 10, 11], [3, 5, 5, 6, 8, 9], [4, 5, 5, 6, 8, 10]]",0.7,1,2,,1,NP,"[[1, 1, 1, 1, 1, 1], [1, 1, 1, 1, 1, 1], [1, 1, 1, 1, 1, 1], [1, 1, 1, 1, 1, 1]]",24,216,216,0.0,0.001387,20,0.008710594847798347,30.007289171218872,30.016064681373454,TIME_LIMIT,7.875,,,0.3596044057955579,250495.0,0.0,0,0.0,0,,,,,,,False,,,False,
3769175265763079360,3,24,4,"[6, 6, 6, 6]","[[1, 6, 7, 11, 12, 16], [1, 2, 4, 8, 10, 11], [3, 5, 5, 6, 8, 9], [4, 5, 5, 6, 8, 10]]",0.7,1,2,2,,CHP,"[[1, 2, 2, 1], [3, 3], [6], [6]]",8,21,216,0.9027777777777778,0.0044015,20,0.005067349411547184,0.029857158660888672,0.035010750475002766,OPTIMAL,8.541666666666666,,,0.0,283.0,4.666666666666667,112,20.125,483,,,,,8.541666666666666,,False,,,False,
3769175265763079360,3,24,4,"[6, 6, 6, 6]","[[1, 6, 7, 11, 12, 16], [1, 2, 4, 8, 10, 11], [3, 5, 5, 6, 8, 9], [4, 5, 5, 6, 8, 10]]",0.7,1,2,2,2,PP,"[[1, 2, 2, 1], [2, 1, 2, 1], [2, 2, 2], [2, 2, 2]]",14,73,216,0.662037037037037,0.002309,20,0.006499684415757656,1.1700341701507568,1.1766078027615992,OPTIMAL,7.875,,,0.0,29481.0,2.3333333333333335,56,10.5,252,,8.541666666666666,7.875,,8.541666666666666,7.875,False,,,False,
3769175265763079360,3,24,4,"[6, 6, 6, 6]","[[1, 6, 7, 11, 12, 16], [1, 2, 4, 8, 10, 11], [3, 5, 5, 6, 8, 9], [4, 5, 5, 6, 8, 10]]",0.7,1,2,2,3,PP,"[[1, 2, 2, 1], [3, 3], [3, 3], [3, 3]]",10,36,216,0.8333333333333334,0.001868,20,0.005242163315415382,0.0886681079864502,0.09397727134612131,OPTIMAL,8.541666666666666,,,0.0,2498.0,4.666666666666667,112,14.0,336,,8.541666666666666,8.541666666666666,,8.541666666666666,8.541666666666666,False,,,False,
3769175265763079360,3,24,4,"[6, 6, 6, 6]","[[1, 6, 7, 11, 12, 16], [1, 2, 4, 8, 10, 11], [3, 5, 5, 6, 8, 9], [4, 5, 5, 6, 8, 10]]",0.7,1,2,2,4,PP,"[[1, 2, 2, 1], [3, 3], [4, 2], [4, 2]]",10,36,216,0.8333333333333334,0.0019875,20,0.0051419902592897415,0.07440686225891113,0.07961355155508518,OPTIMAL,8.541666666666666,,,0.0,2463.0,3.1666666666666665,76,15.75,378,,8.541666666666666,8.541666666666666,,8.541666666666666,8.541666666666666,False,,,False,
3769175265763079360,3,24,4,"[6, 6, 6, 6]","[[1, 6, 7, 11, 12, 16], [1, 2, 4, 8, 10, 11], [3, 5, 5, 6, 8, 9], [4, 5, 5, 6, 8, 10]]",0.7,1,2,2,5,PP,"[[1, 2, 2, 1], [3, 3], [5, 1], [5, 1]]",10,36,216,0.8333333333333334,0.0028345,20,0.005094690248370171,0.05243110656738281,0.05758654561005545,OPTIMAL,8.541666666666666,,,0.0,1357.0,3.9583333333333335,95,16.625,399,,8.541666666666666,8.541666666666666,,8.541666666666666,8.541666666666666,False,,,False,
3769175265763079360,3,24,4,"[6, 6, 6, 6]","[[1, 6, 7, 11, 12, 16], [1, 2, 4, 8, 10, 11], [3, 5, 5, 6, 8, 9], [4, 5, 5, 6, 8, 10]]",0.7,1,2,3,,CHP,"[[1, 2, 2, 1], [3, 3], [6], [6]]",8,21,216,0.9027777777777778,0.0030195,20,0.004927356727421284,0.021380901336669922,0.026370980929059505,OPTIMAL,8.541666666666666,,,0.0,283.0,4.666666666666667,112,42.166666666666664,1012,,,,,8.541666666666666,,False,,,False,
3769175265763079360,3,24,4,"[6, 6, 6, 6]","[[1, 6, 7, 11, 12, 16], [1, 2, 4, 8, 10, 11], [3, 5, 5, 6, 8, 9], [4, 5, 5, 6, 8, 10]]",0.7,1,2,3,2,PP,"[[1, 2, 2, 1], [2, 1, 2, 1], [2, 2, 2], [2, 2, 2]]",14,73,216,0.662037037037037,0.004717,20,0.00571864377707243,1.1159701347351074,1.1217703268306178,OPTIMAL,7.875,,,0.0,29481.0,2.3333333333333335,56,22.0,528,,8.541666666666666,7.875,,8.541666666666666,7.875,False,,,False,
3769175265763079360,3,24,4,"[6, 6, 6, 6]","[[1, 6, 7, 11, 12, 16], [1, 2, 4, 8, 10, 11], [3, 5, 5, 6, 8, 9], [4, 5, 5, 6, 8, 10]]",0.7,1,2,3,3,PP,"[[1, 2, 2, 1], [3, 3], [3, 3], [3, 3]]",10,36,216,0.8333333333333334,0.001953,20,0.005507884547114372,0.0833289623260498,0.08890403901951599,OPTIMAL,8.541666666666666,,,0.0,2498.0,4.666666666666667,112,29.333333333333332,704,,8.541666666666666,8.541666666666666,,8.541666666666666,8.541666666666666,False,,,False,
3769175265763079360,3,24,4,"[6, 6, 6, 6]","[[1, 6, 7, 11, 12, 16], [1, 2, 4, 8, 10, 11], [3, 5, 5, 6, 8, 9], [4, 5, 5, 6, 8, 10]]",0.7,1,2,3,4,PP,"[[1, 2, 2, 1], [3, 3], [4, 2], [4, 2]]",10,36,216,0.8333333333333334,0.001883,20,0.005121701397001743,0.07494282722473145,0.08014418078200387,OPTIMAL,8.541666666666666,,,0.0,2463.0,3.1666666666666665,76,33.0,792,,8.541666666666666,8.541666666666666,,8.541666666666666,8.541666666666666,False,,,False,
3769175265763079360,3,24,4,"[6, 6, 6, 6]","[[1, 6, 7, 11, 12, 16], [1, 2, 4, 8, 10, 11], [3, 5, 5, 6, 8, 9], [4, 5, 5, 6, 8, 10]]",0.7,1,2,3,5,PP,"[[1, 2, 2, 1], [3, 3], [5, 1], [5, 1]]",10,36,216,0.8333333333333334,0.001898,20,0.005111745558679104,0.052438974380493164,0.057609094271419525,OPTIMAL,8.541666666666666,,,0.0,1357.0,3.9583333333333335,95,34.833333333333336,836,,8.541666666666666,8.541666666666666,,8.541666666666666,8.541666666666666,False,,,False,
3769175265763079360,3,24,4,"[6, 6, 6, 6]","[[1, 6, 7, 11, 12, 16], [1, 2, 4, 8, 10, 11], [3, 5, 5, 6, 8, 9], [4, 5, 5, 6, 8, 10]]",0.7,1,2,4,,CHP,"[[1, 5], [6], [6], [6]]",5,9,216,0.9583333333333334,0.001733,20,0.004353669472038746,0.0033550262451171875,0.007761451224406243,OPTIMAL,8.958333333333334,,,0.0,1.0,12.041666666666666,289,64.20833333333333,1541,,,,,8.958333333333334,,False,,,False,
3769175265763079360,3,24,4,"[6, 6, 6, 6]","[[1, 6, 7, 11, 12, 16], [1, 2, 4, 8, 10, 11], [3, 5, 5, 6, 8, 9], [4, 5, 5, 6, 8, 10]]",0.7,1,2,4,2,PP,"[[1, 2, 2, 1], [2, 2, 2], [2, 2, 2], [2, 2, 2]]",13,63,216,0.7083333333333333,0.0020835,20,0.005552931688725948,0.498992919921875,0.5046182257505974,OPTIMAL,7.875,,,0.0,20473.0,4.125,99,33.5,804,,8.958333333333334,7.875,,8.958333333333334,7.875,False,,,False,
3769175265763079360,3,24,4,"[6, 6, 6, 6]","[[1, 6, 7, 11, 12, 16], [1, 2, 4, 8, 10, 11], [3, 5, 5, 6, 8, 9], [4, 5, 5, 6, 8, 10]]",0.7,1,2,4,3,PP,"[[1, 3, 2], [3, 3], [3, 3], [3, 3]]",9,30,216,0.8611111111111112,0.00317,20,0.0072106486186385155,0.07172799110412598,0.0790335161253643,OPTIMAL,8.541666666666666,,,0.0,1232.0,9.5,228,44.666666666666664,1072,,8.958333333333334,8.541666666666666,,8.958333333333334,8.541666666666666,False,,,False,
3769175265763079360,3,24,4,"[6, 6, 6, 6]","[[1, 6, 7, 11, 12, 16], [1, 2, 4, 8, 10, 11], [3, 5, 5, 6, 8, 9], [4, 5, 5, 6, 8, 10]]",0.7,1,2,4,4,PP,"[[1, 4, 1], [4, 2], [4, 2], [4, 2]]",9,30,216,0.8611111111111112,0.0032,20,0.0069724274799227715,0.03584694862365723,0.042911751171422007,OPTIMAL,8.958333333333334,,,0.0,438.0,7.5,180,50.25,1206,,8.958333333333334,8.958333333333334,,8.958333333333334,8.958333333333334,False,,,False,
3769175265763079360,3,24,4,"[6, 6, 6, 6]","[[1, 6, 7, 11, 12, 16], [1, 2, 4, 8, 10, 11], [3, 5, 5, 6, 8, 9], [4, 5, 5, 6, 8, 10]]",0.7,1,2,4,5,PP,"[[1, 5], [5, 1], [5, 1], [5, 1]]",8,24,216,0.8888888888888888,0.0030645,20,0.006592803634703159,0.028790950775146484,0.035463769437577244,OPTIMAL,8.958333333333334,,,0.0,150.0,11.333333333333334,272,53.041666666666664,1273,,8.958333333333334,8.958333333333334,,8.958333333333334,8.958333333333334,False,,,False,
16769016971705862006,4,24,4,"[6, 6, 6, 6]","[[3, 5, 7, 8, 8, 11], [2, 3, 3, 6, 6, 7], [1, 1, 4, 6, 6, 8], [2, 3, 5, 6, 7, 7]]",0.7,1,2,,1,NP,"[[1, 1, 1, 1, 1, 1], [1, 1, 1, 1, 1, 1], [1, 1, 1, 1, 1, 1], [1, 1, 1, 1, 1, 1]]",24,216,216,0.0,0.002444,20,0.013647837564349174,30.006489038467407,30.020225235470587,TIME_LIMIT,9.458333333333334,,,0.4400267662967683,137560.0,0.0,0,0.0,0,,,,,,,False,,,False,
16769016971705862006,4,24,4,"[6, 6, 6, 6]","[[3, 5, 7, 8, 8, 11], [2, 3, 3, 6, 6, 7], [1, 1, 4, 6, 6, 8], [2, 3, 5, 6, 7, 7]]",0.7,1,2,2,,CHP,"[[5, 1], [3, 3], [2, 4], [6]]",7,18,216,0.9166666666666666,0.001733,20,0.004670328460633755,0.02258896827697754,0.027328324312885285,OPTIMAL,9.458333333333334,,,0.0,199.0,4.041666666666667,97,20.125,483,,,,,9.458333333333334,,False,,,False,
16769016971705862006,4,24,4,"[6, 6, 6, 6]","[[3, 5, 7, 8, 8, 11], [2, 3, 3, 6, 6, 7], [1, 1, 4, 6, 6, 8], [2, 3, 5, 6, 7, 7]]",0.7,1,2,2,2,PP,"[[2, 2, 1, 1], [2, 1, 2, 1], [2, 2, 2], [2, 2, 2]]",14,73,216,0.662037037037037,0.005173,20,0.006306962110102177,1.2565219402313232,1.2629055003323177,OPTIMAL,9.458333333333334,,,0.0,33657.0,2.375,57,10.5,252,,9.458333333333334,9.458333333333334,,9.458333333333334,9.458333333333334,False,,,False,
16769016971705862006,4,24,4,"[6, 6, 6, 6]","[[3, 5, 7, 8, 8, 11], [2, 3, 3, 6, 6, 7], [1, 1, 4, 6, 6, 8], [2, 3, 5, 6, 7, 7]]",0.7,1,2,2,3,PP,"[[3, 2, 1], [3, 3], [2, 3, 1], [3, 3]]",10,37,216,0.8287037037037037,0.001968,20,0.005287632346153259,0.08268189430236816,0.08803857501960326,OPTIMAL,9.458333333333334,,,0.0,1499.0,3.3333333333333335,80,14.0,336,,9.458333333333334,9.458333333333334,,9.458333333333334,9.458333333333334,False,,,False,
16769016971705862006,4,24,4,"[6, 6, 6, 6]","[[3, 5, 7, 8, 8, 11], [2, 3, 3, 6, 6, 7], [1, 1, 4, 6, 6, 8], [2, 3, 5, 6, 7, 7]]",0.7,1,2,2,4,PP,"[[4, 1, 1], [3, 3], [2, 4], [4, 2]]",9,30,216,0.8611111111111112,0.004792,20,0.005293961614370346,0.052529096603393555,0.057894535708074096,OPTIMAL,9.458333333333334,,,0.0,701.0,4.041666666666667,97,15.75,378,,9.458333333333334,9.458333333333334,,9.458333333333334,9.458333333333334,False,,,False,
16769016971705862006,4,24,4,"[6, 6, 6, 6]","[[3, 5, 7, 8, 8, 11], [2, 3, 3, 6, 6, 7], [1, 1, 4, 6, 6, 8], [2, 3, 5, 6, 7, 7]]",0.7,1,2,2,5,PP,"[[5, 1], [3, 3], [2, 4], [5, 1]]",8,24,216,0.8888888888888888,0.004917,20,0.005491170100867748,0.029827117919921875,0.03539128004438114,OPTIMAL,9.458333333333334,,,0.0,403.0,4.041666666666667,97,16.625,399,,9.458333333333334,9.458333333333334,,9.458333333333334,9.458333333333334,False,,,False,
16769016971705862006,4,24,4,"[6, 6, 6, 6]","[[3, 5, 7, 8, 8, 11], [2, 3, 3, 6, 6, 7], [1, 1, 4, 6, 6, 8], [2, 3, 5, 6, 7, 7]]",0.7,1,2,3,,CHP,"[[6], [6], [6], [6]]",4,6,216,0.9722222222222222,0.001793,20,0.004663738422095776,0.003519773483276367,0.008243179152803898,OPTIMAL,10.583333333333334,,,0.0,1.0,8.958333333333334,215,42.166666666666664,1012,,,,,10.583333333333334,,False,,,False,
16769016971705862006,4,24,4,"[6, 6, 6, 6]","[[3, 5, 7, 8, 8, 11], [2, 3, 3, 6, 6, 7], [1, 1, 4, 6, 6, 8], [2, 3, 5, 6, 7, 7]]",0.7,1,2,3,2,PP,"[[2, 2, 2], [2, 2, 2], [2, 2, 2], [2, 2, 2]]",12,54,216,0.75,0.001857,20,0.005172457545995712,0.5069351196289062,0.5121713270792432,OPTIMAL,9.458333333333334,,,0.0,17725.0,5.541666666666667,133,22.0,528,,10.583333333333334,9.458333333333334,,10.583333333333334,9.458333333333334,False,,,False,
16769016971705862006,4,24,4,"[6, 6, 6, 6]","[[3, 5, 7, 8, 8, 11], [2, 3, 3, 6, 6, 7], [1, 1, 4, 6, 6, 8], [2, 3, 5, 6, 7, 7]]",0.7,1,2,3,3,PP,"[[3, 3], [3, 3], [3, 3], [3, 3]]",8,24,216,0.8888888888888888,0.0024585,20,0.005166679620742798,0.05920720100402832,0.06444339341882085,OPTIMAL,10.208333333333334,,,0.0,1331.0,6.5,156,29.333333333333332,704,,10.583333333333334,10.208333333333334,,10.583333333333334,10.208333333333334,False,,,False,
16769016971705862006,4,24,4,"[6, 6, 6, 6]","[[3, 5, 7, 8, 8, 11], [2, 3, 3, 6, 6, 7], [1, 1, 4, 6, 6, 8], [2, 3, 5, 6, 7, 7]]",0.7,1,2,3,4,PP,"[[4, 2], [4, 2], [4, 2], [4, 2]]",8,24,216,0.8888888888888888,0.0020285,20,0.005258187651634216,0.04486584663391113,0.05019968662903643,OPTIMAL,10.583333333333334,,,0.0,828.0,8.958333333333334,215,33.0,792,,10.583333333333334,10.583333333333334,,10.583333333333334,10.583333333333334,False,,,False,
16769016971705862006,4,24,4,"[6, 6, 6, 6]","[[3, 5, 7, 8, 8, 11], [2, 3, 3, 6, 6, 7], [1, 1, 4, 6, 6, 8], [2, 3, 5, 6, 7, 7]]",0.7,1,2,3,5,PP,"[[5, 1], [5, 1], [5, 1], [5, 1]]",8,24,216,0.8888888888888888,0.0051275,20,0.005696378648281097,0.03265118598937988,0.03842773717940092,OPTIMAL,10.583333333333334,,,0.0,506.0,6.75,162,34.833333333333336,836,,10.583333333333334,10.583333333333334,,10.583333333333334,10.583333333333334,False,,,False,
16769016971705862006,4,24,4,"[6, 6, 6, 6]","[[3, 5, 7, 8, 8, 11], [2, 3, 3, 6, 6, 7], [1, 1, 4, 6, 6, 8], [2, 3, 5, 6, 7, 7]]",0.7,1,2,4,,CHP,"[[6], [6], [6], [6]]",4,6,216,0.9722222222222222,0.0042065,20,0.004779773764312267,0.0031108856201171875,0.00795263954902315,OPTIMAL,10.583333333333334,,,0.0,1.0,8.958333333333334,215,64.20833333333333,1541,,,,,10.583333333333334,,False,,,False,
16769016971705862006,4,24,4,"[6, 6, 6, 6]","[[3, 5, 7, 8, 8, 11], [2, 3, 3, 6, 6, 7], [1, 1, 4, 6, 6, 8], [2, 3, 5, 6, 7, 7]]",0.7,1,2,4,2,PP,"[[2, 2, 2], [2, 2, 2], [2, 2, 2], [2, 2, 2]]",12,54,216,0.75,0.0018825,20,0.005221051163971424,0.4861581325531006,0.49144510768259286,OPTIMAL,9.458333333333334,,,0.0,17725.0,5.541666666666667,133,33.5,804,,10.583333333333334,9.458333333333334,,10.583333333333334,9.458333333333334,False,,,False,
16769016971705862006,4,24,4,"[6, 6, 6, 6]","[[3, 5, 7, 8, 8, 11], [2, 3, 3, 6, 6, 7], [1, 1, 4, 6, 6, 8], [2, 3, 5, 6, 7, 7]]",0.7,1,2,4,3,PP,"[[3, 3], [3, 3], [3, 3], [3, 3]]",8,24,216,0.8888888888888888,0.001973,20,0.005222694016993046,0.06131696701049805,0.06661707395000267,OPTIMAL,10.208333333333334,,,0.0,1331.0,6.5,156,44.666666666666664,1072,,10.583333333333334,10.208333333333334,,10.583333333333334,10.208333333333334,False,,,False,
16769016971705862006,4,24,4,"[6, 6, 6, 6]","[[3, 5, 7, 8, 8, 11], [2, 3, 3, 6, 6, 7], [1, 1, 4, 6, 6, 8], [2, 3, 5, 6, 7, 7]]",0.7,1,2,4,4,PP,"[[4, 2], [4, 2], [4, 2], [4, 2]]",8,24,216,0.8888888888888888,0.001938,20,0.0052831340581178665,0.04678487777709961,0.052144443533993244,OPTIMAL,10.583333333333334,,,0.0,828.0,8.958333333333334,215,50.25,1206,,10.583333333333334,10.583333333333334,,10.583333333333334,10.583333333333334,False,,,False,
16769016971705862006,4,24,4,"[6, 6, 6, 6]","[[3, 5, 7, 8, 8, 11], [2, 3, 3, 6, 6, 7], [1, 1, 4, 6, 6, 8], [2, 3, 5, 6, 7, 7]]",0.7,1,2,4,5,PP,"[[5, 1], [5, 1], [5, 1], [5, 1]]",8,24,216,0.8888888888888888,0.001993,20,0.005274221301078796,0.032325029373168945,0.03769220688143301,OPTIMAL,10.583333333333334,,,0.0,506.0,6.75,162,53.041666666666664,1273,,10.583333333333334,10.583333333333334,,10.583333333333334,10.583333333333334,False,,,False,
17872294680174461589,5,24,4,"[6, 6, 6, 6]","[[5, 5, 7, 7, 9, 10], [1, 3, 5, 7, 8, 8], [1, 4, 7, 9, 14, 14], [3, 4, 11, 11, 12, 17]]",0.7,1,2,,1,NP,"[[1, 1, 1, 1, 1, 1], [1, 1, 1, 1, 1, 1], [1, 1, 1, 1, 1, 1], [1, 1, 1, 1, 1, 1]]",24,216,216,0.0,0.003596,20,0.009742503985762596,30.00646686553955,30.016285898327453,TIME_LIMIT,7.75,,,0.45542114695341407,227625.0,0.0,0,0.0,0,,,,,,,False,,,False,
17872294680174461589,5,24,4,"[6, 6, 6, 6]","[[5, 5, 7, 7, 9, 10], [1, 3, 5, 7, 8, 8], [1, 4, 7, 9, 14, 14], [3, 4, 11, 11, 12, 17]]",0.7,1,2,2,,CHP,"[[6], [6], [1, 1, 2, 2], [2, 3, 1]]",9,27,216,0.875,0.001863,20,0.005359410308301449,0.029819965362548828,0.03524709155877876,OPTIMAL,7.916666666666667,,,0.0,304.0,4.875,117,20.125,483,,,,,7.916666666666667,,False,,,False,
17872294680174461589,5,24,4,"[6, 6, 6, 6]","[[5, 5, 7, 7, 9, 10], [1, 3, 5, 7, 8, 8], [1, 4, 7, 9, 14, 14], [3, 4, 11, 11, 12, 17]]",0.7,1,2,2,2,PP,"[[2, 2, 2], [2, 2, 2], [1, 1, 2, 2], [2, 2, 1, 1]]",14,73,216,0.662037037037037,0.001943,20,0.0055262017995119095,0.9410498142242432,0.9466527423638516,OPTIMAL,7.916666666666667,,,0.0,27565.0,2.4583333333333335,59,10.5,252,,7.916666666666667,7.916666666666667,,7.916666666666667,7.916666666666667,False,,,False,
17872294680174461589,5,24,4,"[6, 6, 6, 6]","[[5, 5, 7, 7, 9, 10], [1, 3, 5, 7, 8, 8], [1, 4, 7, 9, 14, 14], [3, 4, 11, 11, 12, 17]]",0.7,1,2,2,3,PP,"[[3, 3], [3, 3], [1, 1, 2, 2], [2, 3, 1]]",11,44,216,0.7962962962962963,0.001838,20,0.005263174884021282,0.12033390998840332,0.1256626765592699,OPTIMAL,7.75,,,0.0,3783.0,4.083333333333333,98,14.0,336,,7.916666666666667,7.75,,7.916666666666667,7.75,False,,,False,
17872294680174461589,5,24,4,"[6, 6, 6, 6]","[[5, 5, 7, 7, 9, 10], [1, 3, 5, 7, 8, 8], [1, 4, 7, 9, 14, 14], [3, 4, 11, 11, 12, 17]]",0.7,1,2,2,4,PP,"[[4, 2], [4, 2], [1, 1, 2, 2], [2, 3, 1]]",11,44,216,0.7962962962962963,0.001853,20,0.005090913735330105,0.09624719619750977,0.10139960017390537,OPTIMAL,7.916666666666667,,,0.0,2256.0,4.125,99,15.75,378,,7.916666666666667,7.916666666666667,,7.916666666666667,7.916666666666667,False,,,False,
17872294680174461589,5,24,4,"[6, 6, 6, 6]","[[5, 5, 7, 7, 9, 10], [1, 3, 5, 7, 8, 8], [1, 4, 7, 9, 14, 14], [3, 4, 11, 11, 12, 17]]",0.7,1,2,2,5,PP,"[[5, 1], [5, 1], [1, 1, 2, 2], [2, 3, 1]]",11,44,216,0.7962962962962963,0.001933,20,0.0050849346444010735,0.06412196159362793,0.06926289065084028,OPTIMAL,7.916666666666667,,,0.0,1522.0,4.875,117,16.625,399,,7.916666666666667,7.916666666666667,,7.916666666666667,7.916666666666667,False,,,False,
17872294680174461589,5,24,4,"[6, 6, 6, 6]","[[5, 5, 7, 7, 9, 10], [1, 3, 5, 7, 8, 8], [1, 4, 7, 9, 14, 14], [3, 4, 11, 11, 12, 17]]",0.7,1,2,3,,CHP,"[[6], [6], [4, 2], [2, 3, 1]]",7,17,216,0.9212962962962963,0.004186,20,0.0046318406239151955,0.015911102294921875,0.02060000382668829,OPTIMAL,9.083333333333334,,,0.0,176.0,8.458333333333334,203,42.166666666666664,1012,,,,,9.083333333333334,,False,,,False,
17872294680174461589,5,24,4,"[6, 6, 6, 6]","[[5, 5, 7, 7, 9, 10], [1, 3, 5, 7, 8, 8], [1, 4, 7, 9, 14, 14], [3, 4, 11, 11, 12, 17]]",0.7,1,2,3,2,PP,"[[2, 2, 2], [2, 2, 2], [2, 2, 2], [2, 2, 1, 1]]",13,63,216,0.7083333333333333,0.001938,20,0.005158767104148865,0.404263973236084,0.40948290928421066,OPTIMAL,8.041666666666666,,,0.0,20857.0,4.291666666666667,103,22.0,528,,9.083333333333334,8.041666666666666,,9.083333333333334,8.041666666666666,False,,,False,
17872294680174461589,5,24,4,"[6, 6, 6, 6]","[[5, 5, 7, 7, 9, 10], [1, 3, 5, 7, 8, 8], [1, 4, 7, 9, 14, 14], [3, 4, 11, 11, 12, 17]]",0.7,1,2,3,3,PP,"[[3, 3], [3, 3], [3, 1, 2], [2, 3, 1]]",10,37,216,0.8287037037037037,0.001813,20,0.005684171803295612,0.08466291427612305,0.09041042318002034,OPTIMAL,8.791666666666666,,,0.0,2214.0,6.875,165,29.333333333333332,704,,9.083333333333334,8.791666666666666,,9.083333333333334,8.791666666666666,False,,,False,
17872294680174461589,5,24,4,"[6, 6, 6, 6]","[[5, 5, 7, 7, 9, 10], [1, 3, 5, 7, 8, 8], [1, 4, 7, 9, 14, 14], [3, 4, 11, 11, 12, 17]]",0.7,1,2,3,4,PP,"[[4, 2], [4, 2], [4, 2], [2, 3, 1]]",9,30,216,0.8611111111111112,0.001838,20,0.004794236272573471,0.04424905776977539,0.04910248754310655,OPTIMAL,9.083333333333334,,,0.0,1091.0,7.708333333333333,185,33.0,792,,9.083333333333334,9.083333333333334,,9.083333333333334,9.083333333333334,False,,,False,
17872294680174461589,5,24,4,"[6, 6, 6, 6]","[[5, 5, 7, 7, 9, 10], [1, 3, 5, 7, 8, 8], [1, 4, 7, 9, 14, 14], [3, 4, 11, 11, 12, 17]]",0.7,1,2,3,5,PP,"[[5, 1], [5, 1], [4, 2], [2, 3, 1]]",9,30,216,0.8611111111111112,0.001973,20,0.005373370833694935,0.048621177673339844,0.05405713943077135,OPTIMAL,9.083333333333334,,,0.0,877.0,8.458333333333334,203,34.833333333333336,836,,9.083333333333334,9.083333333333334,,9.083333333333334,9.083333333333334,False,,,False,
17872294680174461589,5,24,4,"[6, 6, 6, 6]","[[5, 5, 7, 7, 9, 10], [1, 3, 5, 7, 8, 8], [1, 4, 7, 9, 14, 14], [3, 4, 11, 11, 12, 17]]",0.7,1,2,4,,CHP,"[[6], [6], [4, 2], [2, 3, 1]]",7,17,216,0.9212962962962963,0.001843,20,0.004720775410532951,0.01776409149169922,0.022542130114679815,OPTIMAL,9.083333333333334,,,0.0,176.0,8.458333333333334,203,64.20833333333333,1541,,,,,9.083333333333334,,False,,,False,
17872294680174461589,5,24,4,"[6, 6, 6, 6]","[[5, 5, 7, 7, 9, 10], [1, 3, 5, 7, 8, 8], [1, 4, 7, 9, 14, 14], [3, 4, 11, 11, 12, 17]]",0.7,1,2,4,2,PP,"[[2, 2, 2], [2, 2, 2], [2, 2, 2], [2, 2, 1, 1]]",13,63,216,0.7083333333333333,0.001983,20,0.005490527488291264,0.48908185958862305,0.4946339588892059,OPTIMAL,8.041666666666666,,,0.0,20857.0,4.291666666666667,103,33.5,804,,9.083333333333334,8.041666666666666,,9.083333333333334,8.041666666666666,False,,,False,
17872294680174461589,5,24,4,"[6, 6, 6, 6]","[[5, 5, 7, 7, 9, 10], [1, 3, 5, 7, 8, 8], [1, 4, 7, 9, 14, 14], [3, 4, 11, 11, 12, 17]]",0.7,1,2,4,3,PP,"[[3, 3], [3, 3], [3, 1, 2], [2, 3, 1]]",10,37,216,0.8287037037037037,0.001918,20,0.005176332779228687,0.08103299140930176,0.08627422567160654,OPTIMAL,8.791666666666666,,,0.0,2214.0,6.875,165,44.666666666666664,1072,,9.083333333333334,8.791666666666666,,9.083333333333334,8.791666666666666,False,,,False,
17872294680174461589,5,24,4,"[6, 6, 6, 6]","[[5, 5, 7, 7, 9, 10], [1, 3, 5, 7, 8, 8], [1, 4, 7, 9, 14, 14], [3, 4, 11, 11, 12, 17]]",0.7,1,2,4,4,PP,"[[4, 2], [4, 2], [4, 2], [2, 3, 1]]",9,30,216,0.8611111111111112,0.001943,20,0.004942711442708969,0.0451960563659668,0.0502016528326683,OPTIMAL,9.083333333333334,,,0.0,1091.0,7.708333333333333,185,50.25,1206,,9.083333333333334,9.083333333333334,,9.083333333333334,9.083333333333334,False,,,False,
17872294680174461589,5,24,4,"[6, 6, 6, 6]","[[5, 5, 7, 7, 9, 10], [1, 3, 5, 7, 8, 8], [1, 4, 7, 9, 14, 14], [3, 4, 11, 11, 12, 17]]",0.7,1,2,4,5,PP,"[[5, 1], [5, 1], [4, 2], [2, 3, 1]]",9,30,216,0.8611111111111112,0.001918,20,0.0048697395250201225,0.047228097915649414,0.05216207116545963,OPTIMAL,9.083333333333334,,,0.0,877.0,8.458333333333334,203,53.041666666666664,1273,,9.083333333333334,9.083333333333334,,9.083333333333334,9.083333333333334,False,,,False,
16762300158408171234,6,24,4,"[6, 6, 6, 6]","[[3, 4, 4, 5, 6, 10], [2, 3, 5, 5, 7, 8], [0, 1, 2, 3, 4, 4], [3, 3, 4, 5, 5, 9]]",0.7,1,2,,1,NP,"[[1, 1, 1, 1, 1, 1], [1, 1, 1, 1, 1, 1], [1, 1, 1, 1, 1, 1], [1, 1, 1, 1, 1, 1]]",24,216,216,0.0,0.001327,20,0.008762864395976067,30.011099815368652,30.019929854995944,TIME_LIMIT,8.625,,,0.27407352666547313,252387.0,0.0,0,0.0,0,,,,,,,False,,,False,
16762300158408171234,6,24,4,"[6, 6, 6, 6]","[[3, 4, 4, 5, 6, 10], [2, 3, 5, 5, 7, 8], [0, 1, 2, 3, 4, 4], [3, 3, 4, 5, 5, 9]]",0.7,1,2,2,,CHP,"[[5, 1], [6], [6], [5, 1]]",6,13,216,0.9398148148148148,0.004251,20,0.004949960857629776,0.009144067764282227,0.014161938313854695,OPTIMAL,8.625,,,0.0,1.0,1.5833333333333333,38,20.125,483,,,,,8.625,,False,,,False,
16762300158408171234,6,24,4,"[6, 6, 6, 6]","[[3, 4, 4, 5, 6, 10], [2, 3, 5, 5, 7, 8], [0, 1, 2, 3, 4, 4], [3, 3, 4, 5, 5, 9]]",0.7,1,2,2,2,PP,"[[2, 2, 1, 1], [2, 2, 2], [2, 2, 2], [2, 2, 1, 1]]",14,73,216,0.662037037037037,0.002053,20,0.006460213102400303,0.6065380573272705,0.6130702489912181,OPTIMAL,8.625,,,0.0,16230.0,0.0,0,10.5,252,,8.625,8.625,,8.625,8.625,False,,,False,
16762300158408171234,6,24,4,"[6, 6, 6, 6]","[[3, 4, 4, 5, 6, 10], [2, 3, 5, 5, 7, 8], [0, 1, 2, 3, 4, 4], [3, 3, 4, 5, 5, 9]]",0.7,1,2,2,3,PP,"[[3, 2, 1], [3, 3], [3, 3], [3, 2, 1]]",10,37,216,0.8287037037037037,0.001873,20,0.0051500629633665085,0.06524395942687988,0.07046097993705082,OPTIMAL,8.625,,,0.0,974.0,1.5833333333333333,38,14.0,336,,8.625,8.625,,8.625,8.625,False,,,False,
16762300158408171234,6,24,4,"[6, 6, 6, 6]","[[3, 4, 4, 5, 6, 10], [2, 3, 5, 5, 7, 8], [0, 1, 2, 3, 4, 4], [3, 3, 4, 5, 5, 9]]",0.7,1,2,2,4,PP,"[[4, 1, 1], [4, 2], [4, 2], [4, 1, 1]]",10,37,216,0.8287037037037037,0.004983,20,0.005341692827641964,0.048371076583862305,0.05377828185959625,OPTIMAL,8.625,,,0.0,740.0,0.8333333333333334,20,15.75,378,,8.625,8.625,,8.625,8.625,False,,,False,
16762300158408171234,6,24,4,"[6, 6, 6, 6]","[[3, 4, 4, 5, 6, 10], [2, 3, 5, 5, 7, 8], [0, 1, 2, 3, 4, 4], [3, 3, 4, 5, 5, 9]]",0.7,1,2,2,5,PP,"[[5, 1], [5, 1], [5, 1], [5, 1]]",8,24,216,0.8888888888888888,0.002063,20,0.005196514539420605,0.021577119827270508,0.02683568851033497,OPTIMAL,8.625,,,0.0,175.0,1.5833333333333333,38,16.625,399,,8.625,8.625,,8.625,8.625,False,,,False,
16762300158408171234,6,24,4,"[6, 6, 6, 6]","[[3, 4, 4, 5, 6, 10], [2, 3, 5, 5, 7, 8], [0, 1, 2, 3, 4, 4], [3, 3, 4, 5, 5, 9]]",0.7,1,2,3,,CHP,"[[5, 1], [6], [6], [5, 1]]",6,13,216,0.9398148148148148,0.0017675,20,0.0050984155386686325,0.007124900817871094,0.012280033751087188,OPTIMAL,8.625,,,0.0,1.0,1.5833333333333333,38,42.166666666666664,1012,,,,,8.625,,False,,,False,
16762300158408171234,6,24,4,"[6, 6, 6, 6]","[[3, 4, 4, 5, 6, 10], [2, 3, 5, 5, 7, 8], [0, 1, 2, 3, 4, 4], [3, 3, 4, 5, 5, 9]]",0.7,1,2,3,2,PP,"[[2, 2, 1, 1], [2, 2, 2], [2, 2, 2], [2, 2, 1, 1]]",14,73,216,0.662037037037037,0.002028,20,0.0059274183586239815,0.622730016708374,0.6287238323580652,OPTIMAL,8.625,,,0.0,16230.0,0.0,0,22.0,528,,8.625,8.625,,8.625,8.625,False,,,False,
16762300158408171234,6,24,4,"[6, 6, 6, 6]","[[3, 4, 4, 5, 6, 10], [2, 3, 5, 5, 7, 8], [0, 1, 2, 3, 4, 4], [3, 3, 4, 5, 5, 9]]",0.7,1,2,3,3,PP,"[[3, 2, 1], [3, 3], [3, 3], [3, 2, 1]]",10,37,216,0.8287037037037037,0.0018075,20,0.005172336474061012,0.06295013427734375,0.06818555648284674,OPTIMAL,8.625,,,0.0,974.0,1.5833333333333333,38,29.333333333333332,704,,8.625,8.625,,8.625,8.625,False,,,False,
16762300158408171234,6,24,4,"[6, 6, 6, 6]","[[3, 4, 4, 5, 6, 10], [2, 3, 5, 5, 7, 8], [0, 1, 2, 3, 4, 4], [3, 3, 4, 5, 5, 9]]",0.7,1,2,3,4,PP,"[[4, 1, 1], [4, 2], [4, 2], [4, 1, 1]]",10,37,216,0.8287037037037037,0.003245,20,0.005072716623544693,0.048638105392456055,0.05377638460343599,OPTIMAL,8.625,,,0.0,740.0,0.8333333333333334,20,33.0,792,,8.625,8.625,,8.625,8.625,False,,,False,
16762300158408171234,6,24,4,"[6, 6, 6, 6]","[[3, 4, 4, 5, 6, 10], [2, 3, 5, 5, 7, 8], [0, 1, 2, 3, 4, 4], [3, 3, 4, 5, 5, 9]]",0.7,1,2,3,5,PP,"[[5, 1], [5, 1], [5, 1], [5, 1]]",8,24,216,0.8888888888888888,0.001943,20,0.0049302224069833755,0.022535085678100586,0.027524049654942036,OPTIMAL,8.625,,,0.0,175.0,1.5833333333333333,38,34.833333333333336,836,,8.625,8.625,,8.625,8.625,False,,,False,
16762300158408171234,6,24,4,"[6, 6, 6, 6]","[[3, 4, 4, 5, 6, 10], [2, 3, 5, 5, 7, 8], [0, 1, 2, 3, 4, 4], [3, 3, 4, 5, 5, 9]]",0.7,1,2,4,,CHP,"[[6], [6], [6], [6]]",4,6,216,0.9722222222222222,0.0041965,20,0.004407101310789585,0.0024368762969970703,0.006902121899243832,OPTIMAL,8.625,,,0.0,1.0,6.166666666666667,148,64.20833333333333,1541,,,,,8.625,,False,,,False,
16762300158408171234,6,24,4,"[6, 6, 6, 6]","[[3, 4, 4, 5, 6, 10], [2, 3, 5, 5, 7, 8], [0, 1, 2, 3, 4, 4], [3, 3, 4, 5, 5, 9]]",0.7,1,2,4,2,PP,"[[2, 2, 2], [2, 2, 2], [2, 2, 2], [2, 2, 2]]",12,54,216,0.75,0.0048675,20,0.005111264996230602,0.29170989990234375,0.2968879495173025,OPTIMAL,8.625,,,0.0,11712.0,4.583333333333333,110,33.5,804,,8.625,8.625,,8.625,8.625,False,,,False,
16762300158408171234,6,24,4,"[6, 6, 6, 6]","[[3, 4, 4, 5, 6, 10], [2, 3, 5, 5, 7, 8], [0, 1, 2, 3, 4, 4], [3, 3, 4, 5, 5, 9]]",0.7,1,2,4,3,PP,"[[3, 3], [3, 3], [3, 3], [3, 3]]",8,24,216,0.8888888888888888,0.004762,20,0.00531414058059454,0.029965877532958984,0.035346314458703516,OPTIMAL,8.625,,,0.0,524.0,6.166666666666667,148,44.666666666666664,1072,,8.625,8.625,,8.625,8.625,False,,,False,
16762300158408171234,6,24,4,"[6, 6, 6, 6]","[[3, 4, 4, 5, 6, 10], [2, 3, 5, 5, 7, 8], [0, 1, 2, 3, 4, 4], [3, 3, 4, 5, 5, 9]]",0.7,1,2,4,4,PP,"[[4, 2], [4, 2], [4, 2], [4, 2]]",8,24,216,0.8888888888888888,0.001843,20,0.004719402641057968,0.025207042694091797,0.029985639179294588,OPTIMAL,8.625,,,0.0,336.0,5.416666666666667,130,50.25,1206,,8.625,8.625,,8.625,8.625,False,,,False,
16762300158408171234,6,24,4,"[6, 6, 6, 6]","[[3, 4, 4, 5, 6, 10], [2, 3, 5, 5, 7, 8], [0, 1, 2, 3, 4, 4], [3, 3, 4, 5, 5, 9]]",0.7,1,2,4,5,PP,"[[5, 1], [5, 1], [5, 1], [5, 1]]",8,24,216,0.8888888888888888,0.004747,20,0.005092986859381199,0.02129387855529785,0.026449022863468646,OPTIMAL,8.625,,,0.0,175.0,1.5833333333333333,38,53.041666666666664,1273,,8.625,8.625,,8.625,8.625,False,,,False,
10950342294097859854,7,24,4,"[6, 6, 6, 6]","[[2, 2, 3, 3, 4, 8], [4, 5, 6, 6, 7, 13], [0, 1, 2, 2, 4, 4], [0, 1, 1, 3, 8, 10]]",0.7,1,2,,1,NP,"[[1, 1, 1, 1, 1, 1], [1, 1, 1, 1, 1, 1], [1, 1, 1, 1, 1, 1], [1, 1, 1, 1, 1, 1]]",24,216,216,0.0,0.001332,20,0.008889605291187763,30.012136936187744,30.02109807750593,TIME_LIMIT,8.875,,,0.363985908355288,212625.0,0.0,0,0.0,0,,,,,,,False,,,False,
10950342294097859854,7,24,4,"[6, 6, 6, 6]","[[2, 2, 3, 3, 4, 8], [4, 5, 6, 6, 7, 13], [0, 1, 2, 2, 4, 4], [0, 1, 1, 3, 8, 10]]",0.7,1,2,2,,CHP,"[[5, 1], [5, 1], [6], [4, 2]]",7,18,216,0.9166666666666666,0.0030045,20,0.007200402207672596,0.03625893592834473,0.04357689810666275,OPTIMAL,8.875,,,0.0,124.0,2.25,54,20.125,483,,,,,8.875,,False,,,False,
10950342294097859854,7,24,4,"[6, 6, 6, 6]","[[2, 2, 3, 3, 4, 8], [4, 5, 6, 6, 7, 13], [0, 1, 2, 2, 4, 4], [0, 1, 1, 3, 8, 10]]",0.7,1,2,2,2,PP,"[[2, 2, 1, 1], [2, 2, 1, 1], [2, 2, 2], [2, 2, 2]]",14,73,216,0.662037037037037,0.0033755,20,0.008911268785595894,0.6626298427581787,0.6716494126389985,OPTIMAL,8.875,,,0.0,19227.0,1.5,36,10.5,252,,8.875,8.875,,8.875,8.875,False,,,False,
10950342294097859854,7,24,4,"[6, 6, 6, 6]","[[2, 2, 3, 3, 4, 8], [4, 5, 6, 6, 7, 13], [0, 1, 2, 2, 4, 4], [0, 1, 1, 3, 8, 10]]",0.7,1,2,2,3,PP,"[[3, 2, 1], [3, 2, 1], [3, 3], [3, 1, 2]]",11,45,216,0.7916666666666666,0.005413,20,0.005790000781416893,0.1040961742401123,0.10996681094588089,OPTIMAL,8.875,,,0.0,3779.0,1.4583333333333333,35,14.0,336,,8.875,8.875,,8.875,8.875,False,,,False,
10950342294097859854,7,24,4,"[6, 6, 6, 6]","[[2, 2, 3, 3, 4, 8], [4, 5, 6, 6, 7, 13], [0, 1, 2, 2, 4, 4], [0, 1, 1, 3, 8, 10]]",0.7,1,2,2,4,PP,"[[4, 1, 1], [4, 1, 1], [4, 2], [4, 2]]",10,37,216,0.8287037037037037,0.0020835,20,0.005983092822134495,0.05767703056335449,0.06373431453582859,OPTIMAL,8.875,,,0.0,1237.0,1.5,36,15.75,378,,8.875,8.875,,8.875,8.875,False,,,False,
10950342294097859854,7,24,4,"[6, 6, 6, 6]","[[2, 2, 3, 3, 4, 8], [4, 5, 6, 6, 7, 13], [0, 1, 2, 2, 4, 4], [0, 1, 1, 3, 8, 10]]",0.7,1,2,2,5,PP,"[[5, 1], [5, 1], [5, 1], [4, 2]]",8,24,216,0.8888888888888888,0.002088,20,0.005338698625564575,0.02942800521850586,0.034842642930269715,OPTIMAL,8.875,,,0.0,304.0,2.25,54,16.625,399,,8.875,8.875,,8.875,8.875,False,,,False,
10950342294097859854,7,24,4,"[6, 6, 6, 6]","[[2, 2, 3, 3, 4, 8], [4, 5, 6, 6, 7, 13], [0, 1, 2, 2, 4, 4], [0, 1, 1, 3, 8, 10]]",0.7,1,2,3,,CHP,"[[5, 1], [5, 1], [6], [4, 2]]",7,18,216,0.9166666666666666,0.0043465,20,0.0047787511721253395,0.02192997932434082,0.02677524464096689,OPTIMAL,8.875,,,0.0,124.0,2.25,54,42.166666666666664,1012,,,,,8.875,,False,,,False,
10950342294097859854,7,24,4,"[6, 6, 6, 6]","[[2, 2, 3, 3, 4, 8], [4, 5, 6, 6, 7, 13], [0, 1, 2, 2, 4, 4], [0, 1, 1, 3, 8, 10]]",0.7,1,2,3,2,PP,"[[2, 2, 1, 1], [2, 2, 1, 1], [2, 2, 2], [2, 2, 2]]",14,73,216,0.662037037037037,0.002089,20,0.006451941095292568,0.6199178695678711,0.6264505582364931,OPTIMAL,8.875,,,0.0,19227.0,1.5,36,22.0,528,,8.875,8.875,,8.875,8.875,False,,,False,
10950342294097859854,7,24,4,"[6, 6, 6, 6]","[[2, 2, 3, 3, 4, 8], [4, 5, 6, 6, 7, 13], [0, 1, 2, 2, 4, 4], [0, 1, 1, 3, 8, 10]]",0.7,1,2,3,3,PP,"[[3, 2, 1], [3, 2, 1], [3, 3], [3, 1, 2]]",11,45,216,0.7916666666666666,0.004897,20,0.005960176698863506,0.10843801498413086,0.1144773821474166,OPTIMAL,8.875,,,0.0,3779.0,1.4583333333333333,35,29.333333333333332,704,,8.875,8.875,,8.875,8.875,False,,,False,
10950342294097859854,7,24,4,"[6, 6, 6, 6]","[[2, 2, 3, 3, 4, 8], [4, 5, 6, 6, 7, 13], [0, 1, 2, 2, 4, 4], [0, 1, 1, 3, 8, 10]]",0.7,1,2,3,4,PP,"[[4, 1, 1], [4, 1, 1], [4, 2], [4, 2]]",10,37,216,0.8287037037037037,0.001903,20,0.0055206548422575,0.05784010887145996,0.06343834598613071,OPTIMAL,8.875,,,0.0,1237.0,1.5,36,33.0,792,,8.875,8.875,,8.875,8.875,False,,,False,
10950342294097859854,7,24,4,"[6, 6, 6, 6]","[[2, 2, 3, 3, 4, 8], [4, 5, 6, 6, 7, 13], [0, 1, 2, 2, 4, 4], [0, 1, 1, 3, 8, 10]]",0.7,1,2,3,5,PP,"[[5, 1], [5, 1], [5, 1], [4, 2]]",8,24,216,0.8888888888888888,0.001938,20,0.005103442817926407,0.028074026107788086,0.03325065775928545,OPTIMAL,8.875,,,0.0,304.0,2.25,54,34.833333333333336,836,,8.875,8.875,,8.875,8.875,False,,,False,
10950342294097859854,7,24,4,"[6, 6, 6, 6]","[[2, 2, 3, 3, 4, 8], [4, 5, 6, 6, 7, 13], [0, 1, 2, 2, 4, 4], [0, 1, 1, 3, 8, 10]]",0.7,1,2,4,,CHP,"[[6], [5, 1], [6], [4, 2]]",6,13,216,0.9398148148148148,0.001873,20,0.005039495415985584,0.0070688724517822266,0.012177644407783031,OPTIMAL,8.875,,,0.0,1.0,4.541666666666667,109,64.20833333333333,1541,,,,,8.875,,False,,,False,
10950342294097859854,7,24,4,"[6, 6, 6, 6]","[[2, 2, 3, 3, 4, 8], [4, 5, 6, 6, 7, 13], [0, 1, 2, 2, 4, 4], [0, 1, 1, 3, 8, 10]]",0.7,1,2,4,2,PP,"[[2, 2, 2], [2, 2, 1, 1], [2, 2, 2], [2, 2, 2]]",13,63,216,0.7083333333333333,0.002008,20,0.00543462298810482,0.9040460586547852,0.9095522361561494,OPTIMAL,8.875,,,0.0,25860.0,3.7916666666666665,91,33.5,804,,8.875,8.875,,8.875,8.875,False,,,False,
10950342294097859854,7,24,4,"[6, 6, 6, 6]","[[2, 2, 3, 3, 4, 8], [4, 5, 6, 6, 7, 13], [0, 1, 2, 2, 4, 4], [0, 1, 1, 3, 8, 10]]",0.7,1,2,4,3,PP,"[[3, 3], [3, 2, 1], [3, 3], [3, 1, 2]]",10,37,216,0.8287037037037037,0.002444,20,0.006297377869486809,0.09380912780761719,0.10017425681000376,OPTIMAL,8.875,,,0.0,2355.0,3.75,90,44.666666666666664,1072,,8.875,8.875,,8.875,8.875,False,,,False,
10950342294097859854,7,24,4,"[6, 6, 6, 6]","[[2, 2, 3, 3, 4, 8], [4, 5, 6, 6, 7, 13], [0, 1, 2, 2, 4, 4], [0, 1, 1, 3, 8, 10]]",0.7,1,2,4,4,PP,"[[4, 2], [4, 1, 1], [4, 2], [4, 2]]",9,30,216,0.8611111111111112,0.0049975,20,0.005826285108923912,0.043927907943725586,0.04984368944984436,OPTIMAL,8.875,,,0.0,630.0,3.7916666666666665,91,50.25,1206,,8.875,8.875,,8.875,8.875,False,,,False,
10950342294097859854,7,24,4,"[6, 6, 6, 6]","[[2, 2, 3, 3, 4, 8], [4, 5, 6, 6, 7, 13], [0, 1, 2, 2, 4, 4], [0, 1, 1, 3, 8, 10]]",0.7,1,2,4,5,PP,"[[5, 1], [5, 1], [5, 1], [4, 2]]",8,24,216,0.8888888888888888,0.001823,20,0.005117613822221756,0.02719593048095703,0.03238210960416603,OPTIMAL,8.875,,,0.0,304.0,2.25,54,53.041666666666664,1273,,8.875,8.875,,8.875,8.875,False,,,False,
8219269708312999513,8,24,4,"[6, 6, 6, 6]","[[9, 16, 16, 16, 20, 20], [0, 2, 3, 3, 5, 5], [1, 3, 3, 4, 5, 7], [2, 3, 4, 5, 5, 6]]",0.7,1,2,,1,NP,"[[1, 1, 1, 1, 1, 1], [1, 1, 1, 1, 1, 1], [1, 1, 1, 1, 1, 1], [1, 1, 1, 1, 1, 1]]",24,216,216,0.0,0.001412,20,0.009338133037090302,30.004837036132812,30.014265047501265,TIME_LIMIT,7.041666666666667,,,0.23212564634803912,352170.0,0.0,0,0.0,0,,,,,,,False,,,False,
8219269708312999513,8,24,4,"[6, 6, 6, 6]","[[9, 16, 16, 16, 20, 20], [0, 2, 3, 3, 5, 5], [1, 3, 3, 4, 5, 7], [2, 3, 4, 5, 5, 6]]",0.7,1,2,2,,CHP,"[[1, 3, 2], [6], [6], [6]]",6,12,216,0.9444444444444444,0.001723,20,0.004812602885067463,0.007501125335693359,0.012387330697069645,OPTIMAL,7.166666666666667,,,0.0,1.0,3.2083333333333335,77,20.125,483,,,,,7.166666666666667,,False,,,False,
8219269708312999513,8,24,4,"[6, 6, 6, 6]","[[9, 16, 16, 16, 20, 20], [0, 2, 3, 3, 5, 5], [1, 3, 3, 4, 5, 7], [2, 3, 4, 5, 5, 6]]",0.7,1,2,2,2,PP,"[[1, 2, 1, 2], [2, 2, 2], [2, 2, 2], [2, 2, 2]]",13,63,216,0.7083333333333333,0.002088,20,0.0058717746287584305,0.1407010555267334,0.14665837210875798,OPTIMAL,7.166666666666667,,,0.0,5136.0,2.4583333333333335,59,10.5,252,,7.166666666666667,7.166666666666667,,7.166666666666667,7.166666666666667,False,,,False,
8219269708312999513,8,24,4,"[6, 6, 6, 6]","[[9, 16, 16, 16, 20, 20], [0, 2, 3, 3, 5, 5], [1, 3, 3, 4, 5, 7], [2, 3, 4, 5, 5, 6]]",0.7,1,2,2,3,PP,"[[1, 3, 2], [3, 3], [3, 3], [3, 3]]",9,30,216,0.8611111111111112,0.004767,20,0.005220749415457249,0.04906892776489258,0.0543710510500474,OPTIMAL,7.166666666666667,,,0.0,475.0,3.2083333333333335,77,14.0,336,,7.166666666666667,7.166666666666667,,7.166666666666667,7.166666666666667,False,,,False,
8219269708312999513,8,24,4,"[6, 6, 6, 6]","[[9, 16, 16, 16, 20, 20], [0, 2, 3, 3, 5, 5], [1, 3, 3, 4, 5, 7], [2, 3, 4, 5, 5, 6]]",0.7,1,2,2,4,PP,"[[1, 3, 2], [4, 2], [4, 2], [4, 2]]",9,30,216,0.8611111111111112,0.0049975,20,0.005500142462551594,0.023350000381469727,0.02892784869742155,OPTIMAL,7.166666666666667,,,0.0,338.0,2.4583333333333335,59,15.75,378,,7.166666666666667,7.166666666666667,,7.166666666666667,7.166666666666667,False,,,False,
8219269708312999513,8,24,4,"[6, 6, 6, 6]","[[9, 16, 16, 16, 20, 20], [0, 2, 3, 3, 5, 5], [1, 3, 3, 4, 5, 7], [2, 3, 4, 5, 5, 6]]",0.7,1,2,2,5,PP,"[[1, 3, 2], [5, 1], [5, 1], [5, 1]]",9,30,216,0.8611111111111112,0.001823,20,0.0050196656957268715,0.018848896026611328,0.0239366259717803,OPTIMAL,7.166666666666667,,,0.0,164.0,2.5,60,16.625,399,,7.166666666666667,7.166666666666667,,7.166666666666667,7.166666666666667,False,,,False,
8219269708312999513,8,24,4,"[6, 6, 6, 6]","[[9, 16, 16, 16, 20, 20], [0, 2, 3, 3, 5, 5], [1, 3, 3, 4, 5, 7], [2, 3, 4, 5, 5, 6]]",0.7,1,2,3,,CHP,"[[1, 3, 2], [6], [6], [6]]",6,12,216,0.9444444444444444,0.004512,20,0.005082882009446621,0.003389120101928711,0.008546450848793507,OPTIMAL,7.166666666666667,,,0.0,1.0,3.2083333333333335,77,42.166666666666664,1012,,,,,7.166666666666667,,False,,,False,
8219269708312999513,8,24,4,"[6, 6, 6, 6]","[[9, 16, 16, 16, 20, 20], [0, 2, 3, 3, 5, 5], [1, 3, 3, 4, 5, 7], [2, 3, 4, 5, 5, 6]]",0.7,1,2,3,2,PP,"[[1, 2, 1, 2], [2, 2, 2], [2, 2, 2], [2, 2, 2]]",13,63,216,0.7083333333333333,0.001938,20,0.005711200647056103,0.13698482513427734,0.14277256923881818,OPTIMAL,7.166666666666667,,,0.0,5136.0,2.4583333333333335,59,22.0,528,,7.166666666666667,7.166666666666667,,7.166666666666667,7.166666666666667,False,,,False,
8219269708312999513,8,24,4,"[6, 6, 6, 6]","[[9, 16, 16, 16, 20, 20], [0, 2, 3, 3, 5, 5], [1, 3, 3, 4, 5, 7], [2, 3, 4, 5, 5, 6]]",0.7,1,2,3,3,PP,"[[1, 3, 2], [3, 3], [3, 3], [3, 3]]",9,30,216,0.8611111111111112,0.004752,20,0.005717761814594269,0.053575992584228516,0.05937122406544876,OPTIMAL,7.166666666666667,,,0.0,475.0,3.2083333333333335,77,29.333333333333332,704,,7.166666666666667,7.166666666666667,,7.166666666666667,7.166666666666667,False,,,False,
8219269708312999513,8,24,4,"[6, 6, 6, 6]","[[9, 16, 16, 16, 20, 20], [0, 2, 3, 3, 5, 5], [1, 3, 3, 4, 5, 7], [2, 3, 4, 5, 5, 6]]",0.7,1,2,3,4,PP,"[[1, 3, 2], [4, 2], [4, 2], [4, 2]]",9,30,216,0.8611111111111112,0.001918,20,0.0053269704803824425,0.02324199676513672,0.02864409558178711,OPTIMAL,7.166666666666667,,,0.0,338.0,2.4583333333333335,59,33.0,792,,7.166666666666667,7.166666666666667,,7.166666666666667,7.166666666666667,False,,,False,
8219269708312999513,8,24,4,"[6, 6, 6, 6]","[[9, 16, 16, 16, 20, 20], [0, 2, 3, 3, 5, 5], [1, 3, 3, 4, 5, 7], [2, 3, 4, 5, 5, 6]]",0.7,1,2,3,5,PP,"[[1, 3, 2], [5, 1], [5, 1], [5, 1]]",9,30,216,0.8611111111111112,0.0046925,20,0.005202221684157848,0.018055200576782227,0.02332705960935831,OPTIMAL,7.166666666666667,,,0.0,164.0,2.5,60,34.833333333333336,836,,7.166666666666667,7.166666666666667,,7.166666666666667,7.166666666666667,False,,,False,
8219269708312999513,8,24,4,"[6, 6, 6, 6]","[[9, 16, 16, 16, 20, 20], [0, 2, 3, 3, 5, 5], [1, 3, 3, 4, 5, 7], [2, 3, 4, 5, 5, 6]]",0.7,1,2,4,,CHP,"[[1, 5], [6], [6], [6]]",5,9,216,0.9583333333333334,0.0017875,20,0.004764631390571594,0.0031948089599609375,0.008024473035252094,OPTIMAL,7.166666666666667,,,0.0,1.0,5.625,135,64.20833333333333,1541,,,,,7.166666666666667,,False,,,False,
8219269708312999513,8,24,4,"[6, 6, 6, 6]","[[9, 16, 16, 16, 20, 20], [0, 2, 3, 3, 5, 5], [1, 3, 3, 4, 5, 7], [2, 3, 4, 5, 5, 6]]",0.7,1,2,4,2,PP,"[[1, 2, 2, 1], [2, 2, 2], [2, 2, 2], [2, 2, 2]]",13,63,216,0.7083333333333333,0.002013,20,0.005874208174645901,0.11412811279296875,0.12007246673320579,OPTIMAL,7.166666666666667,,,0.0,4271.0,4.875,117,33.5,804,,7.166666666666667,7.166666666666667,,7.166666666666667,7.166666666666667,False,,,False,
8219269708312999513,8,24,4,"[6, 6, 6, 6]","[[9, 16, 16, 16, 20, 20], [0, 2, 3, 3, 5, 5], [1, 3, 3, 4, 5, 7], [2, 3, 4, 5, 5, 6]]",0.7,1,2,4,3,PP,"[[1, 3, 2], [3, 3], [3, 3], [3, 3]]",9,30,216,0.8611111111111112,0.001868,20,0.00510869175195694,0.05009007453918457,0.05527299060460854,OPTIMAL,7.166666666666667,,,0.0,475.0,3.2083333333333335,77,44.666666666666664,1072,,7.166666666666667,7.166666666666667,,7.166666666666667,7.166666666666667,False,,,False,
8219269708312999513,8,24,4,"[6, 6, 6, 6]","[[9, 16, 16, 16, 20, 20], [0, 2, 3, 3, 5, 5], [1, 3, 3, 4, 5, 7], [2, 3, 4, 5, 5, 6]]",0.7,1,2,4,4,PP,"[[1, 4, 1], [4, 2], [4, 2], [4, 2]]",9,30,216,0.8611111111111112,0.0018125,20,0.00482171680778265,0.026429176330566406,0.03131507631117105,OPTIMAL,7.166666666666667,,,0.0,398.0,4.875,117,50.25,1206,,7.166666666666667,7.166666666666667,,7.166666666666667,7.166666666666667,False,,,False,
8219269708312999513,8,24,4,"[6, 6, 6, 6]","[[9, 16, 16, 16, 20, 20], [0, 2, 3, 3, 5, 5], [1, 3, 3, 4, 5, 7], [2, 3, 4, 5, 5, 6]]",0.7,1,2,4,5,PP,"[[1, 5], [5, 1], [5, 1], [5, 1]]",8,24,216,0.8888888888888888,0.001938,20,0.005515756085515022,0.02145981788635254,0.027041042141294956,OPTIMAL,7.166666666666667,,,0.0,147.0,4.916666666666667,118,53.041666666666664,1273,,7.166666666666667,7.166666666666667,,7.166666666666667,7.166666666666667,False,,,False,
7924804738633211134,9,24,4,"[6, 6, 6, 6]","[[2, 3, 5, 15, 22, 23], [3, 5, 6, 6, 7, 7], [1, 6, 7, 7, 7, 7], [2, 2, 6, 7, 9, 9]]",0.7,1,2,,1,NP,"[[1, 1, 1, 1, 1, 1], [1, 1, 1, 1, 1, 1], [1, 1, 1, 1, 1, 1], [1, 1, 1, 1, 1, 1]]",24,216,216,0.0,0.001287,20,0.008906110189855099,30.012146949768066,30.021134403446435,TIME_LIMIT,8.25,,,0.3990019440291443,230400.0,0.0,0,0.0,0,,,,,,,False,,,False,
7924804738633211134,9,24,4,"[6, 6, 6, 6]","[[2, 3, 5, 15, 22, 23], [3, 5, 6, 6, 7, 7], [1, 6, 7, 7, 7, 7], [2, 2, 6, 7, 9, 9]]",0.7,1,2,2,,CHP,"[[3, 1, 2], [6], [1, 5], [2, 4]]",8,23,216,0.8935185185185185,0.001718,20,0.005100678652524948,0.023743152618408203,0.028921434365635396,OPTIMAL,8.083333333333334,,,0.0,216.0,2.4583333333333335,59,20.125,483,,,,,8.083333333333334,,False,,,False,
7924804738633211134,9,24,4,"[6, 6, 6, 6]","[[2, 3, 5, 15, 22, 23], [3, 5, 6, 6, 7, 7], [1, 6, 7, 7, 7, 7], [2, 2, 6, 7, 9, 9]]",0.7,1,2,2,2,PP,"[[2, 1, 1, 2], [2, 2, 2], [1, 2, 2, 1], [2, 2, 2]]",14,73,216,0.662037037037037,0.001988,20,0.006095271557569504,1.1126511096954346,1.1188226738932971,OPTIMAL,8.083333333333334,,,0.0,40453.0,0.875,21,10.5,252,,8.083333333333334,8.083333333333334,,8.083333333333334,8.083333333333334,False,,,False,
7924804738633211134,9,24,4,"[6, 6, 6, 6]","[[2, 3, 5, 15, 22, 23], [3, 5, 6, 6, 7, 7], [1, 6, 7, 7, 7, 7], [2, 2, 6, 7, 9, 9]]",0.7,1,2,2,3,PP,"[[3, 1, 2], [3, 3], [1, 3, 2], [2, 3, 1]]",11,45,216,0.7916666666666666,0.00311,20,0.007660487666726112,0.07921004295349121,0.08697609262268305,OPTIMAL,8.083333333333334,,,0.0,2282.0,2.4583333333333335,59,14.0,336,,8.083333333333334,8.083333333333334,,8.083333333333334,8.083333333333334,False,,,False,
7924804738633211134,9,24,4,"[6, 6, 6, 6]","[[2, 3, 5, 15, 22, 23], [3, 5, 6, 6, 7, 7], [1, 6, 7, 7, 7, 7], [2, 2, 6, 7, 9, 9]]",0.7,1,2,2,4,PP,"[[3, 1, 2], [4, 2], [1, 4, 1], [2, 4]]",10,37,216,0.8287037037037037,0.003345,20,0.006690060719847679,0.06717801094055176,0.0739562201000762,OPTIMAL,8.083333333333334,,,0.0,1045.0,2.4583333333333335,59,15.75,378,,8.083333333333334,8.083333333333334,,8.083333333333334,8.083333333333334,False,,,False,
7924804738633211134,9,24,4,"[6, 6, 6, 6]","[[2, 3, 5, 15, 22, 23], [3, 5, 6, 6, 7, 7], [1, 6, 7, 7, 7, 7], [2, 2, 6, 7, 9, 9]]",0.7,1,2,2,5,PP,"[[3, 1, 2], [5, 1], [1, 5], [2, 4]]",9,30,216,0.8611111111111112,0.0032,20,0.00711175799369812,0.038716793060302734,0.04591822156108618,OPTIMAL,8.083333333333334,,,0.0,453.0,2.4583333333333335,59,16.625,399,,8.083333333333334,8.083333333333334,,8.083333333333334,8.083333333333334,False,,,False,
7924804738633211134,9,24,4,"[6, 6, 6, 6]","[[2, 3, 5, 15, 22, 23], [3, 5, 6, 6, 7, 7], [1, 6, 7, 7, 7, 7], [2, 2, 6, 7, 9, 9]]",0.7,1,2,3,,CHP,"[[3, 1, 2], [6], [1, 5], [2, 4]]",8,23,216,0.8935185185185185,0.0029245,20,0.007151848636567593,0.025628089904785156,0.03288397673327875,OPTIMAL,8.083333333333334,,,0.0,216.0,2.4583333333333335,59,42.166666666666664,1012,,,,,8.083333333333334,,False,,,False,
7924804738633211134,9,24,4,"[6, 6, 6, 6]","[[2, 3, 5, 15, 22, 23], [3, 5, 6, 6, 7, 7], [1, 6, 7, 7, 7, 7], [2, 2, 6, 7, 9, 9]]",0.7,1,2,3,2,PP,"[[2, 1, 1, 2], [2, 2, 2], [1, 2, 2, 1], [2, 2, 2]]",14,73,216,0.662037037037037,0.0030895,20,0.008431341499090195,1.0678131580352783,1.0763398989339967,OPTIMAL,8.083333333333334,,,0.0,40453.0,0.875,21,22.0,528,,8.083333333333334,8.083333333333334,,8.083333333333334,8.083333333333334,False,,,False,
7924804738633211134,9,24,4,"[6, 6, 6, 6]","[[2, 3, 5, 15, 22, 23], [3, 5, 6, 6, 7, 7], [1, 6, 7, 7, 7, 7], [2, 2, 6, 7, 9, 9]]",0.7,1,2,3,3,PP,"[[3, 1, 2], [3, 3], [1, 3, 2], [2, 3, 1]]",11,45,216,0.7916666666666666,0.0024385,20,0.00653589703142643,0.06809592247009277,0.07472160208917951,OPTIMAL,8.083333333333334,,,0.0,2282.0,2.4583333333333335,59,29.333333333333332,704,,8.083333333333334,8.083333333333334,,8.083333333333334,8.083333333333334,False,,,False,
7924804738633211134,9,24,4,"[6, 6, 6, 6]","[[2, 3, 5, 15, 22, 23], [3, 5, 6, 6, 7, 7], [1, 6, 7, 7, 7, 7], [2, 2, 6, 7, 9, 9]]",0.7,1,2,3,4,PP,"[[3, 1, 2], [4, 2], [1, 4, 1], [2, 4]]",10,37,216,0.8287037037037037,0.0018525,20,0.005179316736757755,0.05707812309265137,0.062323939154603485,OPTIMAL,8.083333333333334,,,0.0,1045.0,2.4583333333333335,59,33.0,792,,8.083333333333334,8.083333333333334,,8.083333333333334,8.083333333333334,False,,,False,
7924804738633211134,9,24,4,"[6, 6, 6, 6]","[[2, 3, 5, 15, 22, 23], [3, 5, 6, 6, 7, 7], [1, 6, 7, 7, 7, 7], [2, 2, 6, 7, 9, 9]]",0.7,1,2,3,5,PP,"[[3, 1, 2], [5, 1], [1, 5], [2, 4]]",9,30,216,0.8611111111111112,0.001858,20,0.005016670562326908,0.030406951904296875,0.035491582949002266,OPTIMAL,8.083333333333334,,,0.0,453.0,2.4583333333333335,59,34.833333333333336,836,,8.083333333333334,8.083333333333334,,8.083333333333334,8.083333333333334,False,,,False,
7924804738633211134,9,24,4,"[6, 6, 6, 6]","[[2, 3, 5, 15, 22, 23], [3, 5, 6, 6, 7, 7], [1, 6, 7, 7, 7, 7], [2, 2, 6, 7, 9, 9]]",0.7,1,2,4,,CHP,"[[3, 1, 2], [6], [1, 5], [6]]",7,17,216,0.9212962962962963,0.0017875,20,0.004804912023246288,0.007057905197143555,0.011923715764200687,OPTIMAL,8.083333333333334,,,0.0,1.0,5.125,123,64.20833333333333,1541,,,,,8.083333333333334,,False,,,False,
7924804738633211134,9,24,4,"[6, 6, 6, 6]","[[2, 3, 5, 15, 22, 23], [3, 5, 6, 6, 7, 7], [1, 6, 7, 7, 7, 7], [2, 2, 6, 7, 9, 9]]",0.7,1,2,4,2,PP,"[[2, 1, 1, 2], [2, 2, 2], [1, 2, 2, 1], [2, 2, 2]]",14,73,216,0.662037037037037,0.002018,20,0.0063080331310629845,0.9891772270202637,0.9955577522618704,OPTIMAL,8.083333333333334,,,0.0,40453.0,0.875,21,33.5,804,,8.083333333333334,8.083333333333334,,8.083333333333334,8.083333333333334,False,,,False,
7924804738633211134,9,24,4,"[6, 6, 6, 6]","[[2, 3, 5, 15, 22, 23], [3, 5, 6, 6, 7, 7], [1, 6, 7, 7, 7, 7], [2, 2, 6, 7, 9, 9]]",0.7,1,2,4,3,PP,"[[3, 1, 2], [3, 3], [1, 3, 2], [3, 3]]",10,37,216,0.8287037037037037,0.001928,20,0.005263125523924828,0.055876970291137695,0.06120888160004902,OPTIMAL,8.083333333333334,,,0.0,825.0,5.125,123,44.666666666666664,1072,,8.083333333333334,8.083333333333334,,8.083333333333334,8.083333333333334,False,,,False,
7924804738633211134,9,24,4,"[6, 6, 6, 6]","[[2, 3, 5, 15, 22, 23], [3, 5, 6, 6, 7, 7], [1, 6, 7, 7, 7, 7], [2, 2, 6, 7, 9, 9]]",0.7,1,2,4,4,PP,"[[3, 1, 2], [4, 2], [1, 4, 1], [4, 2]]",10,37,216,0.8287037037037037,0.001848,20,0.005110664293169975,0.04776883125305176,0.05294632285357523,OPTIMAL,8.083333333333334,,,0.0,489.0,4.375,105,50.25,1206,,8.083333333333334,8.083333333333334,,8.083333333333334,8.083333333333334,False,,,False,
7924804738633211134,9,24,4,"[6, 6, 6, 6]","[[2, 3, 5, 15, 22, 23], [3, 5, 6, 6, 7, 7], [1, 6, 7, 7, 7, 7], [2, 2, 6, 7, 9, 9]]",0.7,1,2,4,5,PP,"[[3, 1, 2], [5, 1], [1, 5], [5, 1]]",9,30,216,0.8611111111111112,0.001838,20,0.004874065518379211,0.02380084991455078,0.02873596412825632,OPTIMAL,8.083333333333334,,,0.0,208.0,5.125,123,53.041666666666664,1273,,8.083333333333334,8.083333333333334,,8.083333333333334,8.083333333333334,False,,,False,
6100381744556332491,10,24,4,"[6, 6, 6, 6]","[[4, 6, 7, 7, 7, 10], [1, 2, 2, 4, 6, 7], [0, 1, 2, 4, 5, 5], [3, 3, 5, 6, 7, 8]]",0.7,1,2,,1,NP,"[[1, 1, 1, 1, 1, 1], [1, 1, 1, 1, 1, 1], [1, 1, 1, 1, 1, 1], [1, 1, 1, 1, 1, 1]]",24,216,216,0.0,0.001267,20,0.008710773661732674,30.008459091186523,30.01723721197889,TIME_LIMIT,8.833333333333334,,,0.33380432298197993,243605.0,0.0,0,0.0,0,,,,,,,False,,,False,
6100381744556332491,10,24,4,"[6, 6, 6, 6]","[[4, 6, 7, 7, 7, 10], [1, 2, 2, 4, 6, 7], [0, 1, 2, 4, 5, 5], [3, 3, 5, 6, 7, 8]]",0.7,1,2,2,,CHP,"[[5, 1], [6], [6], [6]]",5,9,216,0.9583333333333334,0.001793,20,0.004673893563449383,0.005469799041748047,0.010212393681602955,OPTIMAL,9.208333333333334,,,0.0,1.0,4.041666666666667,97,20.125,483,,,,,9.208333333333334,,False,,,False,
6100381744556332491,10,24,4,"[6, 6, 6, 6]","[[4, 6, 7, 7, 7, 10], [1, 2, 2, 4, 6, 7], [0, 1, 2, 4, 5, 5], [3, 3, 5, 6, 7, 8]]",0.7,1,2,2,2,PP,"[[2, 2, 1, 1], [2, 2, 2], [2, 2, 2], [2, 2, 2]]",13,63,216,0.7083333333333333,0.0020785,20,0.005955340340733528,0.3383350372314453,0.34436207615992165,OPTIMAL,9.0,,,0.0,16163.0,2.4583333333333335,59,10.5,252,,9.208333333333334,9.0,,9.208333333333334,9.0,False,,,False,
6100381744556332491,10,24,4,"[6, 6, 6, 6]","[[4, 6, 7, 7, 7, 10], [1, 2, 2, 4, 6, 7], [0, 1, 2, 4, 5, 5], [3, 3, 5, 6, 7, 8]]",0.7,1,2,2,3,PP,"[[3, 2, 1], [3, 3], [3, 3], [3, 3]]",9,30,216,0.8611111111111112,0.002013,20,0.005430717021226883,0.06697916984558105,0.07248957310085344,OPTIMAL,8.833333333333334,,,0.0,909.0,2.4583333333333335,59,14.0,336,,9.208333333333334,8.833333333333334,,9.208333333333334,8.833333333333334,False,,,False,
6100381744556332491,10,24,4,"[6, 6, 6, 6]","[[4, 6, 7, 7, 7, 10], [1, 2, 2, 4, 6, 7], [0, 1, 2, 4, 5, 5], [3, 3, 5, 6, 7, 8]]",0.7,1,2,2,4,PP,"[[4, 1, 1], [4, 2], [4, 2], [4, 2]]",9,30,216,0.8611111111111112,0.002178,20,0.005348874256014824,0.04639005661010742,0.051822584690239905,OPTIMAL,9.208333333333334,,,0.0,626.0,3.2916666666666665,79,15.75,378,,9.208333333333334,9.208333333333334,,9.208333333333334,9.208333333333334,False,,,False,
6100381744556332491,10,24,4,"[6, 6, 6, 6]","[[4, 6, 7, 7, 7, 10], [1, 2, 2, 4, 6, 7], [0, 1, 2, 4, 5, 5], [3, 3, 5, 6, 7, 8]]",0.7,1,2,2,5,PP,"[[5, 1], [5, 1], [5, 1], [5, 1]]",8,24,216,0.8888888888888888,0.001968,20,0.005232238210737705,0.029165983200073242,0.034465742412870405,OPTIMAL,9.208333333333334,,,0.0,235.0,4.041666666666667,97,16.625,399,,9.208333333333334,9.208333333333334,,9.208333333333334,9.208333333333334,False,,,False,
6100381744556332491,10,24,4,"[6, 6, 6, 6]","[[4, 6, 7, 7, 7, 10], [1, 2, 2, 4, 6, 7], [0, 1, 2, 4, 5, 5], [3, 3, 5, 6, 7, 8]]",0.7,1,2,3,,CHP,"[[6], [6], [6], [6]]",4,6,216,0.9722222222222222,0.001803,20,0.004909680224955082,0.0032820701599121094,0.008258871693637848,OPTIMAL,9.208333333333334,,,0.0,1.0,5.541666666666667,133,42.166666666666664,1012,,,,,9.208333333333334,,False,,,False,
6100381744556332491,10,24,4,"[6, 6, 6, 6]","[[4, 6, 7, 7, 7, 10], [1, 2, 2, 4, 6, 7], [0, 1, 2, 4, 5, 5], [3, 3, 5, 6, 7, 8]]",0.7,1,2,3,2,PP,"[[2, 2, 2], [2, 2, 2], [2, 2, 2], [2, 2, 2]]",12,54,216,0.75,0.002063,20,0.005639734677970409,0.2979121208190918,0.30362286244461584,OPTIMAL,9.0,,,0.0,12477.0,3.9583333333333335,95,22.0,528,,9.208333333333334,9.0,,9.208333333333334,9.0,False,,,False,
6100381744556332491,10,24,4,"[6, 6, 6, 6]","[[4, 6, 7, 7, 7, 10], [1, 2, 2, 4, 6, 7], [0, 1, 2, 4, 5, 5], [3, 3, 5, 6, 7, 8]]",0.7,1,2,3,3,PP,"[[3, 3], [3, 3], [3, 3], [3, 3]]",8,24,216,0.8888888888888888,0.001862,20,0.005072236061096191,0.033863067626953125,0.03900516713715744,OPTIMAL,8.833333333333334,,,0.0,657.0,3.9583333333333335,95,29.333333333333332,704,,9.208333333333334,8.833333333333334,,9.208333333333334,8.833333333333334,False,,,False,
6100381744556332491,10,24,4,"[6, 6, 6, 6]","[[4, 6, 7, 7, 7, 10], [1, 2, 2, 4, 6, 7], [0, 1, 2, 4, 5, 5], [3, 3, 5, 6, 7, 8]]",0.7,1,2,3,4,PP,"[[4, 2], [4, 2], [4, 2], [4, 2]]",8,24,216,0.8888888888888888,0.001888,20,0.004982190206646919,0.02548384666442871,0.03053501362406063,OPTIMAL,9.208333333333334,,,0.0,451.0,4.791666666666667,115,33.0,792,,9.208333333333334,9.208333333333334,,9.208333333333334,9.208333333333334,False,,,False,
6100381744556332491,10,24,4,"[6, 6, 6, 6]","[[4, 6, 7, 7, 7, 10], [1, 2, 2, 4, 6, 7], [0, 1, 2, 4, 5, 5], [3, 3, 5, 6, 7, 8]]",0.7,1,2,3,5,PP,"[[5, 1], [5, 1], [5, 1], [5, 1]]",8,24,216,0.8888888888888888,0.001983,20,0.005217565223574638,0.028812885284423828,0.03409742119725513,OPTIMAL,9.208333333333334,,,0.0,235.0,4.041666666666667,97,34.833333333333336,836,,9.208333333333334,9.208333333333334,,9.208333333333334,9.208333333333334,False,,,False,
6100381744556332491,10,24,4,"[6, 6, 6, 6]","[[4, 6, 7, 7, 7, 10], [1, 2, 2, 4, 6, 7], [0, 1, 2, 4, 5, 5], [3, 3, 5, 6, 7, 8]]",0.7,1,2,4,,CHP,"[[6], [6], [6], [6]]",4,6,216,0.9722222222222222,0.0017075,20,0.004278697073459625,0.0024290084838867188,0.006760121708889007,OPTIMAL,9.208333333333334,,,0.0,1.0,5.541666666666667,133,64.20833333333333,1541,,,,,9.208333333333334,,False,,,False,
6100381744556332491,10,24,4,"[6, 6, 6, 6]","[[4, 6, 7, 7, 7, 10], [1, 2, 2, 4, 6, 7], [0, 1, 2, 4, 5, 5], [3, 3, 5, 6, 7, 8]]",0.7,1,2,4,2,PP,"[[2, 2, 2], [2, 2, 2], [2, 2, 2], [2, 2, 2]]",12,54,216,0.75,0.002043,20,0.005449776537716389,0.28105902671813965,0.2865782125429683,OPTIMAL,9.0,,,0.0,12477.0,3.9583333333333335,95,33.5,804,,9.208333333333334,9.0,,9.208333333333334,9.0,False,,,False,
6100381744556332491,10,24,4,"[6, 6, 6, 6]","[[4, 6, 7, 7, 7, 10], [1, 2, 2, 4, 6, 7], [0, 1, 2, 4, 5, 5], [3, 3, 5, 6, 7, 8]]",0.7,1,2,4,3,PP,"[[3, 3], [3, 3], [3, 3], [3, 3]]",8,24,216,0.8888888888888888,0.001913,20,0.004998324438929558,0.03323101997375488,0.0382979587354784,OPTIMAL,8.833333333333334,,,0.0,657.0,3.9583333333333335,95,44.666666666666664,1072,,9.208333333333334,8.833333333333334,,9.208333333333334,8.833333333333334,False,,,False,
6100381744556332491,10,24,4,"[6, 6, 6, 6]","[[4, 6, 7, 7, 7, 10], [1, 2, 2, 4, 6, 7], [0, 1, 2, 4, 5, 5], [3, 3, 5, 6, 7, 8]]",0.7,1,2,4,4,PP,"[[4, 2], [4, 2], [4, 2], [4, 2]]",8,24,216,0.8888888888888888,0.001928,20,0.0050267064943909645,0.024592876434326172,0.029680561436560633,OPTIMAL,9.208333333333334,,,0.0,451.0,4.791666666666667,115,50.25,1206,,9.208333333333334,9.208333333333334,,9.208333333333334,9.208333333333334,False,,,False,
6100381744556332491,10,24,4,"[6, 6, 6, 6]","[[4, 6, 7, 7, 7, 10], [1, 2, 2, 4, 6, 7], [0, 1, 2, 4, 5, 5], [3, 3, 5, 6, 7, 8]]",0.7,1,2,4,5,PP,"[[5, 1], [5, 1], [5, 1], [5, 1]]",8,24,216,0.8888888888888888,0.001803,20,0.00474413949996233,0.028710126876831055,0.03351416993561077,OPTIMAL,9.208333333333334,,,0.0,235.0,4.041666666666667,97,53.041666666666664,1273,,9.208333333333334,9.208333333333334,,9.208333333333334,9.208333333333334,False,,,False,
12353213773923001499,11,24,4,"[6, 6, 6, 6]","[[0, 2, 3, 5, 5, 7], [1, 2, 4, 5, 5, 6], [3, 3, 3, 6, 9, 10], [0, 1, 6, 6, 6, 8]]",0.7,1,2,,1,NP,"[[1, 1, 1, 1, 1, 1], [1, 1, 1, 1, 1, 1], [1, 1, 1, 1, 1, 1], [1, 1, 1, 1, 1, 1]]",24,216,216,0.0,0.001382,20,0.009352203458547592,30.008025884628296,30.01744790460095,TIME_LIMIT,9.25,,,0.42178526283332896,184864.0,0.0,0,0.0,0,,,,,,,False,,,False,
12353213773923001499,11,24,4,"[6, 6, 6, 6]","[[0, 2, 3, 5, 5, 7], [1, 2, 4, 5, 5, 6], [3, 3, 3, 6, 9, 10], [0, 1, 6, 6, 6, 8]]",0.7,1,2,2,,CHP,"[[6], [6], [3, 1, 2], [2, 4]]",7,17,216,0.9212962962962963,0.0040765,20,0.0048334235325455666,0.022096872329711914,0.0270015961570158,OPTIMAL,9.25,,,0.0,141.0,3.9166666666666665,94,20.125,483,,,,,9.25,,False,,,False,
12353213773923001499,11,24,4,"[6, 6, 6, 6]","[[0, 2, 3, 5, 5, 7], [1, 2, 4, 5, 5, 6], [3, 3, 3, 6, 9, 10], [0, 1, 6, 6, 6, 8]]",0.7,1,2,2,2,PP,"[[2, 2, 2], [2, 2, 2], [2, 1, 1, 2], [2, 2, 2]]",13,63,216,0.7083333333333333,0.002053,20,0.005918905138969421,0.5930299758911133,0.5990178625955849,OPTIMAL,9.25,,,0.0,26670.0,3.0833333333333335,74,10.5,252,,9.25,9.25,,9.25,9.25,False,,,False,
12353213773923001499,11,24,4,"[6, 6, 6, 6]","[[0, 2, 3, 5, 5, 7], [1, 2, 4, 5, 5, 6], [3, 3, 3, 6, 9, 10], [0, 1, 6, 6, 6, 8]]",0.7,1,2,2,3,PP,"[[3, 3], [3, 3], [3, 1, 2], [2, 3, 1]]",10,37,216,0.8287037037037037,0.001893,20,0.0053239259868860245,0.06167292594909668,0.06706474404155541,OPTIMAL,9.25,,,0.0,2063.0,2.4166666666666665,58,14.0,336,,9.25,9.25,,9.25,9.25,False,,,False,
12353213773923001499,11,24,4,"[6, 6, 6, 6]","[[0, 2, 3, 5, 5, 7], [1, 2, 4, 5, 5, 6], [3, 3, 3, 6, 9, 10], [0, 1, 6, 6, 6, 8]]",0.7,1,2,2,4,PP,"[[4, 2], [4, 2], [3, 1, 2], [2, 4]]",9,30,216,0.8611111111111112,0.004932,20,0.005546030588448048,0.036314964294433594,0.041930944374460696,OPTIMAL,9.25,,,0.0,905.0,3.9166666666666665,94,15.75,378,,9.25,9.25,,9.25,9.25,False,,,False,
12353213773923001499,11,24,4,"[6, 6, 6, 6]","[[0, 2, 3, 5, 5, 7], [1, 2, 4, 5, 5, 6], [3, 3, 3, 6, 9, 10], [0, 1, 6, 6, 6, 8]]",0.7,1,2,2,5,PP,"[[5, 1], [5, 1], [3, 1, 2], [2, 4]]",9,30,216,0.8611111111111112,0.001808,20,0.004917781800031662,0.029252052307128906,0.03422498826423454,OPTIMAL,9.25,,,0.0,573.0,3.2083333333333335,77,16.625,399,,9.25,9.25,,9.25,9.25,False,,,False,
12353213773923001499,11,24,4,"[6, 6, 6, 6]","[[0, 2, 3, 5, 5, 7], [1, 2, 4, 5, 5, 6], [3, 3, 3, 6, 9, 10], [0, 1, 6, 6, 6, 8]]",0.7,1,2,3,,CHP,"[[6], [6], [6], [2, 4]]",5,9,216,0.9583333333333334,0.0017825,20,0.004579980857670307,0.0043790340423583984,0.009015614115447998,OPTIMAL,9.25,,,0.0,1.0,7.166666666666667,172,42.166666666666664,1012,,,,,9.25,,False,,,False,
12353213773923001499,11,24,4,"[6, 6, 6, 6]","[[0, 2, 3, 5, 5, 7], [1, 2, 4, 5, 5, 6], [3, 3, 3, 6, 9, 10], [0, 1, 6, 6, 6, 8]]",0.7,1,2,3,2,PP,"[[2, 2, 2], [2, 2, 2], [2, 2, 2], [2, 2, 2]]",12,54,216,0.75,0.0048175,20,0.005210454575717449,0.7686569690704346,0.7739305438019681,OPTIMAL,9.25,,,0.0,29716.0,4.75,114,22.0,528,,9.25,9.25,,9.25,9.25,False,,,False,
12353213773923001499,11,24,4,"[6, 6, 6, 6]","[[0, 2, 3, 5, 5, 7], [1, 2, 4, 5, 5, 6], [3, 3, 3, 6, 9, 10], [0, 1, 6, 6, 6, 8]]",0.7,1,2,3,3,PP,"[[3, 3], [3, 3], [3, 3], [2, 3, 1]]",9,30,216,0.8611111111111112,0.001918,20,0.00504002720117569,0.04623889923095703,0.05134595412464666,OPTIMAL,9.25,,,0.0,1388.0,4.0,96,29.333333333333332,704,,9.25,9.25,,9.25,9.25,False,,,False,
12353213773923001499,11,24,4,"[6, 6, 6, 6]","[[0, 2, 3, 5, 5, 7], [1, 2, 4, 5, 5, 6], [3, 3, 3, 6, 9, 10], [0, 1, 6, 6, 6, 8]]",0.7,1,2,3,4,PP,"[[4, 2], [4, 2], [4, 2], [2, 4]]",8,24,216,0.8888888888888888,0.0048175,20,0.005053496919572353,0.02764296531677246,0.03276529698747873,OPTIMAL,9.25,,,0.0,558.0,5.583333333333333,134,33.0,792,,9.25,9.25,,9.25,9.25,False,,,False,
12353213773923001499,11,24,4,"[6, 6, 6, 6]","[[0, 2, 3, 5, 5, 7], [1, 2, 4, 5, 5, 6], [3, 3, 3, 6, 9, 10], [0, 1, 6, 6, 6, 8]]",0.7,1,2,3,5,PP,"[[5, 1], [5, 1], [5, 1], [2, 4]]",8,24,216,0.8888888888888888,0.0019125,20,0.005191255360841751,0.021214008331298828,0.02646259174797535,OPTIMAL,9.25,,,0.0,285.0,6.458333333333333,155,34.833333333333336,836,,9.25,9.25,,9.25,9.25,False,,,False,
12353213773923001499,11,24,4,"[6, 6, 6, 6]","[[0, 2, 3, 5, 5, 7], [1, 2, 4, 5, 5, 6], [3, 3, 3, 6, 9, 10], [0, 1, 6, 6, 6, 8]]",0.7,1,2,4,,CHP,"[[6], [6], [6], [2, 4]]",5,9,216,0.9583333333333334,0.0043315,20,0.004317114129662514,0.004601001739501953,0.008972695016032695,OPTIMAL,9.25,,,0.0,1.0,7.166666666666667,172,64.20833333333333,1541,,,,,9.25,,False,,,False,
12353213773923001499,11,24,4,"[6, 6, 6, 6]","[[0, 2, 3, 5, 5, 7], [1, 2, 4, 5, 5, 6], [3, 3, 3, 6, 9, 10], [0, 1, 6, 6, 6, 8]]",0.7,1,2,4,2,PP,"[[2, 2, 2], [2, 2, 2], [2, 2, 2], [2, 2, 2]]",12,54,216,0.75,0.0049075,20,0.00517034437507391,0.7490320205688477,0.7542749991528702,OPTIMAL,9.25,,,0.0,29716.0,4.75,114,33.5,804,,9.25,9.25,,9.25,9.25,False,,,False,
12353213773923001499,11,24,4,"[6, 6, 6, 6]","[[0, 2, 3, 5, 5, 7], [1, 2, 4, 5, 5, 6], [3, 3, 3, 6, 9, 10], [0, 1, 6, 6, 6, 8]]",0.7,1,2,4,3,PP,"[[3, 3], [3, 3], [3, 3], [2, 3, 1]]",9,30,216,0.8611111111111112,0.004637,20,0.004915378987789154,0.044863224029541016,0.049839241375064375,OPTIMAL,9.25,,,0.0,1388.0,4.0,96,44.666666666666664,1072,,9.25,9.25,,9.25,9.25,False,,,False,
12353213773923001499,11,24,4,"[6, 6, 6, 6]","[[0, 2, 3, 5, 5, 7], [1, 2, 4, 5, 5, 6], [3, 3, 3, 6, 9, 10], [0, 1, 6, 6, 6, 8]]",0.7,1,2,4,4,PP,"[[4, 2], [4, 2], [4, 2], [2, 4]]",8,24,216,0.8888888888888888,0.004642,20,0.00485778134316206,0.029036998748779297,0.03395167487631273,OPTIMAL,9.25,,,0.0,558.0,5.583333333333333,134,50.25,1206,,9.25,9.25,,9.25,9.25,False,,,False,
12353213773923001499,11,24,4,"[6, 6, 6, 6]","[[0, 2, 3, 5, 5, 7], [1, 2, 4, 5, 5, 6], [3, 3, 3, 6, 9, 10], [0, 1, 6, 6, 6, 8]]",0.7,1,2,4,5,PP,"[[5, 1], [5, 1], [5, 1], [2, 4]]",8,24,216,0.8888888888888888,0.004657,20,0.004550086334347725,0.0216219425201416,0.026227596603030683,OPTIMAL,9.25,,,0.0,285.0,6.458333333333333,155,53.041666666666664,1273,,9.25,9.25,,9.25,9.25,False,,,False,
439387968884454686,12,24,4,"[6, 6, 6, 6]","[[1, 8, 11, 12, 16, 22], [0, 2, 2, 4, 5, 6], [5, 5, 6, 7, 10, 10], [0, 1, 1, 1, 3, 5]]",0.7,1,2,,1,NP,"[[1, 1, 1, 1, 1, 1], [1, 1, 1, 1, 1, 1], [1, 1, 1, 1, 1, 1], [1, 1, 1, 1, 1, 1]]",24,216,216,0.0,0.001242,20,0.008325221948325634,30.00715708732605,30.01554569842978,TIME_LIMIT,7.041666666666667,,,0.26372961789366045,369713.0,0.0,0,0.0,0,,,,,,,False,,,False,
439387968884454686,12,24,4,"[6, 6, 6, 6]","[[1, 8, 11, 12, 16, 22], [0, 2, 2, 4, 5, 6], [5, 5, 6, 7, 10, 10], [0, 1, 1, 1, 3, 5]]",0.7,1,2,2,,CHP,"[[1, 1, 2, 1, 1], [6], [4, 2], [6]]",9,25,216,0.8842592592592593,0.0043965,20,0.004798742011189461,0.022155046463012695,0.02702825675339365,OPTIMAL,7.041666666666667,,,0.0,173.0,3.125,75,20.125,483,,,,,7.041666666666667,,False,,,False,
439387968884454686,12,24,4,"[6, 6, 6, 6]","[[1, 8, 11, 12, 16, 22], [0, 2, 2, 4, 5, 6], [5, 5, 6, 7, 10, 10], [0, 1, 1, 1, 3, 5]]",0.7,1,2,2,2,PP,"[[1, 1, 2, 1, 1], [2, 2, 2], [2, 2, 2], [2, 2, 2]]",14,72,216,0.6666666666666667,0.001953,20,0.005914048291742802,0.3896360397338867,0.3956225020976572,OPTIMAL,7.041666666666667,,,0.0,14661.0,2.375,57,10.5,252,,7.041666666666667,7.041666666666667,,7.041666666666667,7.041666666666667,False,,,False,
439387968884454686,12,24,4,"[6, 6, 6, 6]","[[1, 8, 11, 12, 16, 22], [0, 2, 2, 4, 5, 6], [5, 5, 6, 7, 10, 10], [0, 1, 1, 1, 3, 5]]",0.7,1,2,2,3,PP,"[[1, 1, 2, 1, 1], [3, 3], [3, 1, 2], [3, 3]]",12,51,216,0.7638888888888888,0.001888,20,0.005495424382388592,0.08003616333007812,0.08560345435940075,OPTIMAL,7.041666666666667,,,0.0,1809.0,2.3333333333333335,56,14.0,336,,7.041666666666667,7.041666666666667,,7.041666666666667,7.041666666666667,False,,,False,
439387968884454686,12,24,4,"[6, 6, 6, 6]","[[1, 8, 11, 12, 16, 22], [0, 2, 2, 4, 5, 6], [5, 5, 6, 7, 10, 10], [0, 1, 1, 1, 3, 5]]",0.7,1,2,2,4,PP,"[[1, 1, 2, 1, 1], [4, 2], [4, 2], [4, 2]]",11,42,216,0.8055555555555556,0.0049425,20,0.005707185715436935,0.051885128021240234,0.057671442599003316,OPTIMAL,7.041666666666667,,,0.0,1092.0,2.375,57,15.75,378,,7.041666666666667,7.041666666666667,,7.041666666666667,7.041666666666667,False,,,False,
439387968884454686,12,24,4,"[6, 6, 6, 6]","[[1, 8, 11, 12, 16, 22], [0, 2, 2, 4, 5, 6], [5, 5, 6, 7, 10, 10], [0, 1, 1, 1, 3, 5]]",0.7,1,2,2,5,PP,"[[1, 1, 2, 1, 1], [5, 1], [4, 2], [5, 1]]",11,42,216,0.8055555555555556,0.0048975,20,0.005641716532409191,0.04381299018859863,0.04953632378073693,OPTIMAL,7.041666666666667,,,0.0,640.0,2.4166666666666665,58,16.625,399,,7.041666666666667,7.041666666666667,,7.041666666666667,7.041666666666667,False,,,False,
439387968884454686,12,24,4,"[6, 6, 6, 6]","[[1, 8, 11, 12, 16, 22], [0, 2, 2, 4, 5, 6], [5, 5, 6, 7, 10, 10], [0, 1, 1, 1, 3, 5]]",0.7,1,2,3,,CHP,"[[1, 3, 1, 1], [6], [6], [6]]",7,15,216,0.9305555555555556,0.001818,20,0.00488921906799078,0.006688833236694336,0.0116396146478467,OPTIMAL,7.041666666666667,,,0.0,1.0,6.458333333333333,155,42.166666666666664,1012,,,,,7.041666666666667,,False,,,False,
439387968884454686,12,24,4,"[6, 6, 6, 6]","[[1, 8, 11, 12, 16, 22], [0, 2, 2, 4, 5, 6], [5, 5, 6, 7, 10, 10], [0, 1, 1, 1, 3, 5]]",0.7,1,2,3,2,PP,"[[1, 2, 1, 1, 1], [2, 2, 2], [2, 2, 2], [2, 2, 2]]",14,72,216,0.6666666666666667,0.005083,20,0.0059829214587807655,0.3439950942993164,0.3500473805048423,OPTIMAL,7.041666666666667,,,0.0,10336.0,4.125,99,22.0,528,,7.041666666666667,7.041666666666667,,7.041666666666667,7.041666666666667,False,,,False,
439387968884454686,12,24,4,"[6, 6, 6, 6]","[[1, 8, 11, 12, 16, 22], [0, 2, 2, 4, 5, 6], [5, 5, 6, 7, 10, 10], [0, 1, 1, 1, 3, 5]]",0.7,1,2,3,3,PP,"[[1, 3, 1, 1], [3, 3], [3, 3], [3, 3]]",10,36,216,0.8333333333333334,0.004632,20,0.005484228953719139,0.04657888412475586,0.05213628762599897,OPTIMAL,7.041666666666667,,,0.0,681.0,5.666666666666667,136,29.333333333333332,704,,7.041666666666667,7.041666666666667,,7.041666666666667,7.041666666666667,False,,,False,
439387968884454686,12,24,4,"[6, 6, 6, 6]","[[1, 8, 11, 12, 16, 22], [0, 2, 2, 4, 5, 6], [5, 5, 6, 7, 10, 10], [0, 1, 1, 1, 3, 5]]",0.7,1,2,3,4,PP,"[[1, 3, 1, 1], [4, 2], [4, 2], [4, 2]]",10,36,216,0.8333333333333334,0.0048625,20,0.00552025344222784,0.0534520149230957,0.05904504849539995,OPTIMAL,7.041666666666667,,,0.0,737.0,4.125,99,33.0,792,,7.041666666666667,7.041666666666667,,7.041666666666667,7.041666666666667,False,,,False,
439387968884454686,12,24,4,"[6, 6, 6, 6]","[[1, 8, 11, 12, 16, 22], [0, 2, 2, 4, 5, 6], [5, 5, 6, 7, 10, 10], [0, 1, 1, 1, 3, 5]]",0.7,1,2,3,5,PP,"[[1, 3, 1, 1], [5, 1], [5, 1], [5, 1]]",10,36,216,0.8333333333333334,0.001903,20,0.005091303959488869,0.030776023864746094,0.035938231582465646,OPTIMAL,7.041666666666667,,,0.0,346.0,5.75,138,34.833333333333336,836,,7.041666666666667,7.041666666666667,,7.041666666666667,7.041666666666667,False,,,False,
439387968884454686,12,24,4,"[6, 6, 6, 6]","[[1, 8, 11, 12, 16, 22], [0, 2, 2, 4, 5, 6], [5, 5, 6, 7, 10, 10], [0, 1, 1, 1, 3, 5]]",0.7,1,2,4,,CHP,"[[1, 4, 1], [6], [6], [6]]",6,12,216,0.9444444444444444,0.004306,20,0.004729648120701313,0.0035560131072998047,0.008347575117176534,OPTIMAL,7.041666666666667,,,0.0,1.0,8.875,213,64.20833333333333,1541,,,,,7.041666666666667,,False,,,False,
439387968884454686,12,24,4,"[6, 6, 6, 6]","[[1, 8, 11, 12, 16, 22], [0, 2, 2, 4, 5, 6], [5, 5, 6, 7, 10, 10], [0, 1, 1, 1, 3, 5]]",0.7,1,2,4,2,PP,"[[1, 2, 2, 1], [2, 2, 2], [2, 2, 2], [2, 2, 2]]",13,63,216,0.7083333333333333,0.001943,20,0.005681726150214672,0.18059706687927246,0.18635250840369988,OPTIMAL,7.041666666666667,,,0.0,8612.0,6.541666666666667,157,33.5,804,,7.041666666666667,7.041666666666667,,7.041666666666667,7.041666666666667,False,,,False,
439387968884454686,12,24,4,"[6, 6, 6, 6]","[[1, 8, 11, 12, 16, 22], [0, 2, 2, 4, 5, 6], [5, 5, 6, 7, 10, 10], [0, 1, 1, 1, 3, 5]]",0.7,1,2,4,3,PP,"[[1, 3, 1, 1], [3, 3], [3, 3], [3, 3]]",10,36,216,0.8333333333333334,0.001943,20,0.0052194371819496155,0.04533791542053223,0.05062696084414053,OPTIMAL,7.041666666666667,,,0.0,681.0,5.666666666666667,136,44.666666666666664,1072,,7.041666666666667,7.041666666666667,,7.041666666666667,7.041666666666667,False,,,False,
439387968884454686,12,24,4,"[6, 6, 6, 6]","[[1, 8, 11, 12, 16, 22], [0, 2, 2, 4, 5, 6], [5, 5, 6, 7, 10, 10], [0, 1, 1, 1, 3, 5]]",0.7,1,2,4,4,PP,"[[1, 4, 1], [4, 2], [4, 2], [4, 2]]",9,30,216,0.8611111111111112,0.001953,20,0.005051754415035248,0.025575876235961914,0.030694376693835734,OPTIMAL,7.041666666666667,,,0.0,405.0,6.541666666666667,157,50.25,1206,,7.041666666666667,7.041666666666667,,7.041666666666667,7.041666666666667,False,,,False,
439387968884454686,12,24,4,"[6, 6, 6, 6]","[[1, 8, 11, 12, 16, 22], [0, 2, 2, 4, 5, 6], [5, 5, 6, 7, 10, 10], [0, 1, 1, 1, 3, 5]]",0.7,1,2,4,5,PP,"[[1, 4, 1], [5, 1], [5, 1], [5, 1]]",9,30,216,0.8611111111111112,0.0018375,20,0.004901748150587082,0.02775883674621582,0.032721505500936506,OPTIMAL,7.041666666666667,,,0.0,248.0,8.166666666666666,196,53.041666666666664,1273,,7.041666666666667,7.041666666666667,,7.041666666666667,7.041666666666667,False,,,False,
10646967926503206575,13,24,4,"[6, 6, 6, 6]","[[1, 3, 4, 6, 8, 8], [3, 5, 5, 5, 7, 10], [2, 4, 4, 5, 5, 11], [5, 5, 7, 7, 8, 12]]",0.7,1,2,,1,NP,"[[1, 1, 1, 1, 1, 1], [1, 1, 1, 1, 1, 1], [1, 1, 1, 1, 1, 1], [1, 1, 1, 1, 1, 1]]",24,216,216,0.0,0.001317,20,0.008639656938612461,30.006345987319946,30.01505070283821,TIME_LIMIT,9.166666666666666,,,0.3558189003350352,261527.0,0.0,0,0.0,0,,,,,,,False,,,False,
10646967926503206575,13,24,4,"[6, 6, 6, 6]","[[1, 3, 4, 6, 8, 8], [3, 5, 5, 5, 7, 10], [2, 4, 4, 5, 5, 11], [5, 5, 7, 7, 8, 12]]",0.7,1,2,2,,CHP,"[[6], [5, 1], [5, 1], [5, 1]]",7,18,216,0.9166666666666666,0.001667,20,0.0046255700290203094,0.0193789005279541,0.02407028984988165,OPTIMAL,10.291666666666666,,,0.0,134.0,5.75,138,20.125,483,,,,,10.291666666666666,,False,,,False,
10646967926503206575,13,24,4,"[6, 6, 6, 6]","[[1, 3, 4, 6, 8, 8], [3, 5, 5, 5, 7, 10], [2, 4, 4, 5, 5, 11], [5, 5, 7, 7, 8, 12]]",0.7,1,2,2,2,PP,"[[2, 2, 2], [2, 2, 1, 1], [2, 2, 1, 1], [2, 2, 1, 1]]",15,84,216,0.6111111111111112,0.001898,20,0.00565079040825367,0.7932999134063721,0.7990116485971789,OPTIMAL,9.791666666666666,,,0.0,33130.0,3.4166666666666665,82,10.5,252,,10.291666666666666,9.791666666666666,,10.291666666666666,9.791666666666666,False,,,False,
10646967926503206575,13,24,4,"[6, 6, 6, 6]","[[1, 3, 4, 6, 8, 8], [3, 5, 5, 5, 7, 10], [2, 4, 4, 5, 5, 11], [5, 5, 7, 7, 8, 12]]",0.7,1,2,2,3,PP,"[[3, 3], [3, 2, 1], [3, 2, 1], [3, 2, 1]]",11,45,216,0.7916666666666666,0.001867,20,0.005127488635480404,0.09488105773925781,0.10006441704554987,OPTIMAL,9.625,,,0.0,3655.0,4.958333333333333,119,14.0,336,,10.291666666666666,9.625,,10.291666666666666,9.625,False,,,False,
10646967926503206575,13,24,4,"[6, 6, 6, 6]","[[1, 3, 4, 6, 8, 8], [3, 5, 5, 5, 7, 10], [2, 4, 4, 5, 5, 11], [5, 5, 7, 7, 8, 12]]",0.7,1,2,2,4,PP,"[[4, 2], [4, 1, 1], [4, 1, 1], [4, 1, 1]]",11,45,216,0.7916666666666666,0.001813,20,0.005035949870944023,0.08237719535827637,0.08747327485487509,OPTIMAL,10.291666666666666,,,0.0,3893.0,4.25,102,15.75,378,,10.291666666666666,10.291666666666666,,10.291666666666666,10.291666666666666,False,,,False,
10646967926503206575,13,24,4,"[6, 6, 6, 6]","[[1, 3, 4, 6, 8, 8], [3, 5, 5, 5, 7, 10], [2, 4, 4, 5, 5, 11], [5, 5, 7, 7, 8, 12]]",0.7,1,2,2,5,PP,"[[5, 1], [5, 1], [5, 1], [5, 1]]",8,24,216,0.8888888888888888,0.004367,20,0.004673522897064686,0.025577068328857422,0.030307122534648897,OPTIMAL,10.291666666666666,,,0.0,342.0,5.75,138,16.625,399,,10.291666666666666,10.291666666666666,,10.291666666666666,10.291666666666666,False,,,False,
10646967926503206575,13,24,4,"[6, 6, 6, 6]","[[1, 3, 4, 6, 8, 8], [3, 5, 5, 5, 7, 10], [2, 4, 4, 5, 5, 11], [5, 5, 7, 7, 8, 12]]",0.7,1,2,3,,CHP,"[[6], [6], [5, 1], [5, 1]]",6,13,216,0.9398148148148148,0.004111,20,0.004121779464185238,0.012015104293823242,0.01619103285729742,OPTIMAL,10.291666666666666,,,0.0,122.0,7.25,174,42.166666666666664,1012,,,,,10.291666666666666,,False,,,False,
10646967926503206575,13,24,4,"[6, 6, 6, 6]","[[1, 3, 4, 6, 8, 8], [3, 5, 5, 5, 7, 10], [2, 4, 4, 5, 5, 11], [5, 5, 7, 7, 8, 12]]",0.7,1,2,3,2,PP,"[[2, 2, 2], [2, 2, 2], [2, 2, 1, 1], [2, 2, 1, 1]]",14,73,216,0.662037037037037,0.0048125,20,0.005317325703799725,0.7710671424865723,0.7764517845423221,OPTIMAL,9.791666666666666,,,0.0,28634.0,4.916666666666667,118,22.0,528,,10.291666666666666,9.791666666666666,,10.291666666666666,9.791666666666666,False,,,False,
10646967926503206575,13,24,4,"[6, 6, 6, 6]","[[1, 3, 4, 6, 8, 8], [3, 5, 5, 5, 7, 10], [2, 4, 4, 5, 5, 11], [5, 5, 7, 7, 8, 12]]",0.7,1,2,3,3,PP,"[[3, 3], [3, 3], [3, 2, 1], [3, 2, 1]]",10,37,216,0.8287037037037037,0.001913,20,0.005014519207179546,0.08945393562316895,0.09453289403404046,OPTIMAL,9.625,,,0.0,2237.0,6.458333333333333,155,29.333333333333332,704,,10.291666666666666,9.625,,10.291666666666666,9.625,False,,,False,
10646967926503206575,13,24,4,"[6, 6, 6, 6]","[[1, 3, 4, 6, 8, 8], [3, 5, 5, 5, 7, 10], [2, 4, 4, 5, 5, 11], [5, 5, 7, 7, 8, 12]]",0.7,1,2,3,4,PP,"[[4, 2], [4, 2], [4, 1, 1], [4, 1, 1]]",10,37,216,0.8287037037037037,0.004792,20,0.005028068087995052,0.08158493041992188,0.08668435678893757,OPTIMAL,10.291666666666666,,,0.0,2617.0,5.75,138,33.0,792,,10.291666666666666,10.291666666666666,,10.291666666666666,10.291666666666666,False,,,False,
10646967926503206575,13,24,4,"[6, 6, 6, 6]","[[1, 3, 4, 6, 8, 8], [3, 5, 5, 5, 7, 10], [2, 4, 4, 5, 5, 11], [5, 5, 7, 7, 8, 12]]",0.7,1,2,3,5,PP,"[[5, 1], [5, 1], [5, 1], [5, 1]]",8,24,216,0.8888888888888888,0.0047575,20,0.004865552298724651,0.026352882385253906,0.03128311627239704,OPTIMAL,10.291666666666666,,,0.0,342.0,5.75,138,34.833333333333336,836,,10.291666666666666,10.291666666666666,,10.291666666666666,10.291666666666666,False,,,False,
10646967926503206575,13,24,4,"[6, 6, 6, 6]","[[1, 3, 4, 6, 8, 8], [3, 5, 5, 5, 7, 10], [2, 4, 4, 5, 5, 11], [5, 5, 7, 7, 8, 12]]",0.7,1,2,4,,CHP,"[[6], [6], [5, 1], [6]]",5,9,216,0.9583333333333334,0.001643,20,0.004295101389288902,0.00437617301940918,0.008723935259335519,OPTIMAL,10.291666666666666,,,0.0,1.0,9.541666666666666,229,64.20833333333333,1541,,,,,10.291666666666666,,False,,,False,
10646967926503206575,13,24,4,"[6, 6, 6, 6]","[[1, 3, 4, 6, 8, 8], [3, 5, 5, 5, 7, 10], [2, 4, 4, 5, 5, 11], [5, 5, 7, 7, 8, 12]]",0.7,1,2,4,2,PP,"[[2, 2, 2], [2, 2, 2], [2, 2, 1, 1], [2, 2, 2]]",13,63,216,0.7083333333333333,0.001903,20,0.005049020051956177,0.6646530628204346,0.6697613627935677,OPTIMAL,9.791666666666666,,,0.0,25440.0,7.208333333333333,173,33.5,804,,10.291666666666666,9.791666666666666,,10.291666666666666,9.791666666666666,False,,,False,
10646967926503206575,13,24,4,"[6, 6, 6, 6]","[[1, 3, 4, 6, 8, 8], [3, 5, 5, 5, 7, 10], [2, 4, 4, 5, 5, 11], [5, 5, 7, 7, 8, 12]]",0.7,1,2,4,3,PP,"[[3, 3], [3, 3], [3, 2, 1], [3, 3]]",9,30,216,0.8611111111111112,0.001818,20,0.004831391386687756,0.06687784194946289,0.07176871603600311,OPTIMAL,9.625,,,0.0,1249.0,8.75,210,44.666666666666664,1072,,10.291666666666666,9.625,,10.291666666666666,9.625,False,,,False,
10646967926503206575,13,24,4,"[6, 6, 6, 6]","[[1, 3, 4, 6, 8, 8], [3, 5, 5, 5, 7, 10], [2, 4, 4, 5, 5, 11], [5, 5, 7, 7, 8, 12]]",0.7,1,2,4,4,PP,"[[4, 2], [4, 2], [4, 1, 1], [4, 2]]",9,30,216,0.8611111111111112,0.004647,20,0.004941367544233799,0.044342041015625,0.04934479266242695,OPTIMAL,10.291666666666666,,,0.0,1384.0,8.041666666666666,193,50.25,1206,,10.291666666666666,10.291666666666666,,10.291666666666666,10.291666666666666,False,,,False,
10646967926503206575,13,24,4,"[6, 6, 6, 6]","[[1, 3, 4, 6, 8, 8], [3, 5, 5, 5, 7, 10], [2, 4, 4, 5, 5, 11], [5, 5, 7, 7, 8, 12]]",0.7,1,2,4,5,PP,"[[5, 1], [5, 1], [5, 1], [5, 1]]",8,24,216,0.8888888888888888,0.004542,20,0.004479018971323967,0.025660991668701172,0.030195598430339813,OPTIMAL,10.291666666666666,,,0.0,342.0,5.75,138,53.041666666666664,1273,,10.291666666666666,10.291666666666666,,10.291666666666666,10.291666666666666,False,,,False,
4405357790154548303,14,24,4,"[6, 6, 6, 6]","[[1, 3, 4, 7, 8, 11], [2, 3, 4, 4, 6, 6], [2, 3, 4, 5, 5, 6], [1, 2, 2, 3, 5, 9]]",0.7,1,2,,1,NP,"[[1, 1, 1, 1, 1, 1], [1, 1, 1, 1, 1, 1], [1, 1, 1, 1, 1, 1], [1, 1, 1, 1, 1, 1]]",24,216,216,0.0,0.001322,20,0.008357740938663483,30.002097845077515,30.010517059347304,TIME_LIMIT,9.75,,,0.30523312677954945,267865.0,0.0,0,0.0,0,,,,,,,False,,,False,
4405357790154548303,14,24,4,"[6, 6, 6, 6]","[[1, 3, 4, 7, 8, 11], [2, 3, 4, 4, 6, 6], [2, 3, 4, 5, 5, 6], [1, 2, 2, 3, 5, 9]]",0.7,1,2,2,,CHP,"[[3, 2, 1], [6], [6], [5, 1]]",7,17,216,0.9212962962962963,0.001753,20,0.00460653193295002,0.0198519229888916,0.024523481977560997,OPTIMAL,9.75,,,0.0,140.0,2.375,57,20.125,483,,,,,9.75,,False,,,False,
4405357790154548303,14,24,4,"[6, 6, 6, 6]","[[1, 3, 4, 7, 8, 11], [2, 3, 4, 4, 6, 6], [2, 3, 4, 5, 5, 6], [1, 2, 2, 3, 5, 9]]",0.7,1,2,2,2,PP,"[[2, 1, 2, 1], [2, 2, 2], [2, 2, 2], [2, 2, 1, 1]]",14,73,216,0.662037037037037,0.001948,20,0.005385369062423706,0.40418004989624023,0.40962417856703803,OPTIMAL,9.75,,,0.0,23960.0,0.875,21,10.5,252,,9.75,9.75,,9.75,9.75,False,,,False,
4405357790154548303,14,24,4,"[6, 6, 6, 6]","[[1, 3, 4, 7, 8, 11], [2, 3, 4, 4, 6, 6], [2, 3, 4, 5, 5, 6], [1, 2, 2, 3, 5, 9]]",0.7,1,2,2,3,PP,"[[3, 2, 1], [3, 3], [3, 3], [3, 2, 1]]",10,37,216,0.8287037037037037,0.001843,20,0.004947647452354431,0.0829308032989502,0.08793319939280081,OPTIMAL,9.75,,,0.0,2193.0,2.375,57,14.0,336,,9.75,9.75,,9.75,9.75,False,,,False,
4405357790154548303,14,24,4,"[6, 6, 6, 6]","[[1, 3, 4, 7, 8, 11], [2, 3, 4, 4, 6, 6], [2, 3, 4, 5, 5, 6], [1, 2, 2, 3, 5, 9]]",0.7,1,2,2,4,PP,"[[3, 2, 1], [4, 2], [4, 2], [4, 1, 1]]",10,37,216,0.8287037037037037,0.001858,20,0.004635525867342949,0.08056807518005371,0.0852567702646451,OPTIMAL,9.75,,,0.0,2485.0,0.875,21,15.75,378,,9.75,9.75,,9.75,9.75,False,,,False,
4405357790154548303,14,24,4,"[6, 6, 6, 6]","[[1, 3, 4, 7, 8, 11], [2, 3, 4, 4, 6, 6], [2, 3, 4, 5, 5, 6], [1, 2, 2, 3, 5, 9]]",0.7,1,2,2,5,PP,"[[3, 2, 1], [5, 1], [5, 1], [5, 1]]",9,30,216,0.8611111111111112,0.0045865,20,0.004790359176695347,0.040769100189208984,0.04561388373083973,OPTIMAL,9.75,,,0.0,534.0,2.375,57,16.625,399,,9.75,9.75,,9.75,9.75,False,,,False,
4405357790154548303,14,24,4,"[6, 6, 6, 6]","[[1, 3, 4, 7, 8, 11], [2, 3, 4, 4, 6, 6], [2, 3, 4, 5, 5, 6], [1, 2, 2, 3, 5, 9]]",0.7,1,2,3,,CHP,"[[6], [6], [6], [5, 1]]",5,9,216,0.9583333333333334,0.001667,20,0.0038065919652581215,0.005532026290893555,0.009389112636093617,OPTIMAL,9.75,,,0.0,1.0,5.541666666666667,133,42.166666666666664,1012,,,,,9.75,,False,,,False,
4405357790154548303,14,24,4,"[6, 6, 6, 6]","[[1, 3, 4, 7, 8, 11], [2, 3, 4, 4, 6, 6], [2, 3, 4, 5, 5, 6], [1, 2, 2, 3, 5, 9]]",0.7,1,2,3,2,PP,"[[2, 2, 2], [2, 2, 2], [2, 2, 2], [2, 2, 1, 1]]",13,63,216,0.7083333333333333,0.001893,20,0.005484879016876221,0.6647062301635742,0.6702487828147344,OPTIMAL,9.75,,,0.0,19093.0,4.041666666666667,97,22.0,528,,9.75,9.75,,9.75,9.75,False,,,False,
4405357790154548303,14,24,4,"[6, 6, 6, 6]","[[1, 3, 4, 7, 8, 11], [2, 3, 4, 4, 6, 6], [2, 3, 4, 5, 5, 6], [1, 2, 2, 3, 5, 9]]",0.7,1,2,3,3,PP,"[[3, 3], [3, 3], [3, 3], [3, 2, 1]]",9,30,216,0.8611111111111112,0.001893,20,0.004721836186945438,0.055747032165527344,0.060522203886204246,OPTIMAL,9.75,,,0.0,1773.0,3.875,93,29.333333333333332,704,,9.75,9.75,,9.75,9.75,False,,,False,
4405357790154548303,14,24,4,"[6, 6, 6, 6]","[[1, 3, 4, 7, 8, 11], [2, 3, 4, 4, 6, 6], [2, 3, 4, 5, 5, 6], [1, 2, 2, 3, 5, 9]]",0.7,1,2,3,4,PP,"[[4, 2], [4, 2], [4, 2], [4, 1, 1]]",9,30,216,0.8611111111111112,0.0047025,20,0.004859974607825279,0.04433298110961914,0.04924848235298634,OPTIMAL,9.75,,,0.0,1226.0,4.041666666666667,97,33.0,792,,9.75,9.75,,9.75,9.75,False,,,False,
4405357790154548303,14,24,4,"[6, 6, 6, 6]","[[1, 3, 4, 7, 8, 11], [2, 3, 4, 4, 6, 6], [2, 3, 4, 5, 5, 6], [1, 2, 2, 3, 5, 9]]",0.7,1,2,3,5,PP,"[[5, 1], [5, 1], [5, 1], [5, 1]]",8,24,216,0.8888888888888888,0.001823,20,0.00422942079603672,0.024786949157714844,0.029069070174680234,OPTIMAL,9.75,,,0.0,265.0,4.041666666666667,97,34.833333333333336,836,,9.75,9.75,,9.75,9.75,False,,,False,
4405357790154548303,14,24,4,"[6, 6, 6, 6]","[[1, 3, 4, 7, 8, 11], [2, 3, 4, 4, 6, 6], [2, 3, 4, 5, 5, 6], [1, 2, 2, 3, 5, 9]]",0.7,1,2,4,,CHP,"[[6], [6], [6], [6]]",4,6,216,0.9722222222222222,0.004206,20,0.004044781439006329,0.0027549266815185547,0.006853055356174469,OPTIMAL,10.583333333333334,,,0.0,1.0,7.833333333333333,188,64.20833333333333,1541,,,,,10.583333333333334,,False,,,False,
4405357790154548303,14,24,4,"[6, 6, 6, 6]","[[1, 3, 4, 7, 8, 11], [2, 3, 4, 4, 6, 6], [2, 3, 4, 5, 5, 6], [1, 2, 2, 3, 5, 9]]",0.7,1,2,4,2,PP,"[[2, 2, 2], [2, 2, 2], [2, 2, 2], [2, 2, 2]]",12,54,216,0.75,0.001918,20,0.004668915644288063,0.5985980033874512,0.6033257399097257,OPTIMAL,9.916666666666666,,,0.0,18663.0,6.333333333333333,152,33.5,804,,10.583333333333334,9.916666666666666,,10.583333333333334,9.916666666666666,False,,,False,
4405357790154548303,14,24,4,"[6, 6, 6, 6]","[[1, 3, 4, 7, 8, 11], [2, 3, 4, 4, 6, 6], [2, 3, 4, 5, 5, 6], [1, 2, 2, 3, 5, 9]]",0.7,1,2,4,3,PP,"[[3, 3], [3, 3], [3, 3], [3, 3]]",8,24,216,0.8888888888888888,0.001853,20,0.004712682217359543,0.05698394775390625,0.061751882213726524,OPTIMAL,10.083333333333334,,,0.0,1195.0,6.166666666666667,148,44.666666666666664,1072,,10.583333333333334,10.083333333333334,,10.583333333333334,10.083333333333334,False,,,False,
4405357790154548303,14,24,4,"[6, 6, 6, 6]","[[1, 3, 4, 7, 8, 11], [2, 3, 4, 4, 6, 6], [2, 3, 4, 5, 5, 6], [1, 2, 2, 3, 5, 9]]",0.7,1,2,4,4,PP,"[[4, 2], [4, 2], [4, 2], [4, 2]]",8,24,216,0.8888888888888888,0.004562,20,0.004584457725286484,0.035633087158203125,0.04027218596097183,OPTIMAL,9.916666666666666,,,0.0,681.0,6.333333333333333,152,50.25,1206,,10.583333333333334,9.916666666666666,,10.583333333333334,9.916666666666666,False,,,False,
4405357790154548303,14,24,4,"[6, 6, 6, 6]","[[1, 3, 4, 7, 8, 11], [2, 3, 4, 4, 6, 6], [2, 3, 4, 5, 5, 6], [1, 2, 2, 3, 5, 9]]",0.7,1,2,4,5,PP,"[[5, 1], [5, 1], [5, 1], [5, 1]]",8,24,216,0.8888888888888888,0.001843,20,0.004285747185349464,0.02445697784423828,0.028793925332074644,OPTIMAL,9.75,,,0.0,265.0,4.041666666666667,97,53.041666666666664,1273,,10.583333333333334,9.75,,10.583333333333334,9.75,False,,,False,
13941892382365492532,15,24,4,"[6, 6, 6, 6]","[[3, 8, 9, 10, 11, 12], [2, 4, 4, 5, 6, 6], [2, 2, 3, 3, 4, 5], [2, 2, 8, 8, 9, 13]]",0.7,1,2,,1,NP,"[[1, 1, 1, 1, 1, 1], [1, 1, 1, 1, 1, 1], [1, 1, 1, 1, 1, 1], [1, 1, 1, 1, 1, 1]]",24,216,216,0.0,0.001407,20,0.008227705024182796,30.00957489013672,30.01786341681587,TIME_LIMIT,9.125,,,0.3813964977027102,275640.0,0.0,0,0.0,0,,,,,,,False,,,False,
13941892382365492532,15,24,4,"[6, 6, 6, 6]","[[3, 8, 9, 10, 11, 12], [2, 4, 4, 5, 6, 6], [2, 2, 3, 3, 4, 5], [2, 2, 8, 8, 9, 13]]",0.7,1,2,2,,CHP,"[[1, 5], [6], [6], [2, 3, 1]]",7,17,216,0.9212962962962963,0.004266,20,0.004694994539022446,0.022968053817749023,0.027730457096007823,OPTIMAL,9.125,,,0.0,163.0,0.875,21,20.125,483,,,,,9.125,,False,,,False,
13941892382365492532,15,24,4,"[6, 6, 6, 6]","[[3, 8, 9, 10, 11, 12], [2, 4, 4, 5, 6, 6], [2, 2, 3, 3, 4, 5], [2, 2, 8, 8, 9, 13]]",0.7,1,2,2,2,PP,"[[1, 2, 2, 1], [2, 2, 2], [2, 2, 2], [2, 2, 1, 1]]",14,73,216,0.662037037037037,0.001953,20,0.00537886843085289,0.6824820041656494,0.6879211235957056,OPTIMAL,9.125,,,0.0,25871.0,0.875,21,10.5,252,,9.125,9.125,,9.125,9.125,False,,,False,
13941892382365492532,15,24,4,"[6, 6, 6, 6]","[[3, 8, 9, 10, 11, 12], [2, 4, 4, 5, 6, 6], [2, 2, 3, 3, 4, 5], [2, 2, 8, 8, 9, 13]]",0.7,1,2,2,3,PP,"[[1, 3, 2], [3, 3], [3, 3], [2, 3, 1]]",10,37,216,0.8287037037037037,0.004732,20,0.005324505269527435,0.06777381896972656,0.07316027669823837,OPTIMAL,9.125,,,0.0,2180.0,0.875,21,14.0,336,,9.125,9.125,,9.125,9.125,False,,,False,
13941892382365492532,15,24,4,"[6, 6, 6, 6]","[[3, 8, 9, 10, 11, 12], [2, 4, 4, 5, 6, 6], [2, 2, 3, 3, 4, 5], [2, 2, 8, 8, 9, 13]]",0.7,1,2,2,4,PP,"[[1, 4, 1], [4, 2], [4, 2], [2, 3, 1]]",10,37,216,0.8287037037037037,0.001893,20,0.004780263639986515,0.06636595726013184,0.07119988984733153,OPTIMAL,9.125,,,0.0,1214.0,0.875,21,15.75,378,,9.125,9.125,,9.125,9.125,False,,,False,
13941892382365492532,15,24,4,"[6, 6, 6, 6]","[[3, 8, 9, 10, 11, 12], [2, 4, 4, 5, 6, 6], [2, 2, 3, 3, 4, 5], [2, 2, 8, 8, 9, 13]]",0.7,1,2,2,5,PP,"[[1, 5], [5, 1], [5, 1], [2, 3, 1]]",9,30,216,0.8611111111111112,0.0047425,20,0.0048507703468203545,0.04446005821228027,0.04936812186669588,OPTIMAL,9.125,,,0.0,529.0,0.875,21,16.625,399,,9.125,9.125,,9.125,9.125,False,,,False,
13941892382365492532,15,24,4,"[6, 6, 6, 6]","[[3, 8, 9, 10, 11, 12], [2, 4, 4, 5, 6, 6], [2, 2, 3, 3, 4, 5], [2, 2, 8, 8, 9, 13]]",0.7,1,2,3,,CHP,"[[1, 5], [6], [6], [2, 3, 1]]",7,17,216,0.9212962962962963,0.004407,20,0.004204954020678997,0.017766952514648438,0.02202614674364996,OPTIMAL,9.125,,,0.0,163.0,0.875,21,42.166666666666664,1012,,,,,9.125,,False,,,False,
13941892382365492532,15,24,4,"[6, 6, 6, 6]","[[3, 8, 9, 10, 11, 12], [2, 4, 4, 5, 6, 6], [2, 2, 3, 3, 4, 5], [2, 2, 8, 8, 9, 13]]",0.7,1,2,3,2,PP,"[[1, 2, 2, 1], [2, 2, 2], [2, 2, 2], [2, 2, 1, 1]]",14,73,216,0.662037037037037,0.002024,20,0.005217104218900204,0.6768579483032227,0.6821437536305299,OPTIMAL,9.125,,,0.0,25871.0,0.875,21,22.0,528,,9.125,9.125,,9.125,9.125,False,,,False,
13941892382365492532,15,24,4,"[6, 6, 6, 6]","[[3, 8, 9, 10, 11, 12], [2, 4, 4, 5, 6, 6], [2, 2, 3, 3, 4, 5], [2, 2, 8, 8, 9, 13]]",0.7,1,2,3,3,PP,"[[1, 3, 2], [3, 3], [3, 3], [2, 3, 1]]",10,37,216,0.8287037037037037,0.004797,20,0.0050583453848958015,0.0636909008026123,0.06881202174306822,OPTIMAL,9.125,,,0.0,2180.0,0.875,21,29.333333333333332,704,,9.125,9.125,,9.125,9.125,False,,,False,
13941892382365492532,15,24,4,"[6, 6, 6, 6]","[[3, 8, 9, 10, 11, 12], [2, 4, 4, 5, 6, 6], [2, 2, 3, 3, 4, 5], [2, 2, 8, 8, 9, 13]]",0.7,1,2,3,4,PP,"[[1, 4, 1], [4, 2], [4, 2], [2, 3, 1]]",10,37,216,0.8287037037037037,0.001913,20,0.0048895785585045815,0.06959414482116699,0.07454102865244198,OPTIMAL,9.125,,,0.0,1214.0,0.875,21,33.0,792,,9.125,9.125,,9.125,9.125,False,,,False,
13941892382365492532,15,24,4,"[6, 6, 6, 6]","[[3, 8, 9, 10, 11, 12], [2, 4, 4, 5, 6, 6], [2, 2, 3, 3, 4, 5], [2, 2, 8, 8, 9, 13]]",0.7,1,2,3,5,PP,"[[1, 5], [5, 1], [5, 1], [2, 3, 1]]",9,30,216,0.8611111111111112,0.001873,20,0.004618610255420208,0.04394698143005371,0.048619416652653694,OPTIMAL,9.125,,,0.0,529.0,0.875,21,34.833333333333336,836,,9.125,9.125,,9.125,9.125,False,,,False,
13941892382365492532,15,24,4,"[6, 6, 6, 6]","[[3, 8, 9, 10, 11, 12], [2, 4, 4, 5, 6, 6], [2, 2, 3, 3, 4, 5], [2, 2, 8, 8, 9, 13]]",0.7,1,2,4,,CHP,"[[1, 5], [6], [6], [2, 4]]",6,13,216,0.9398148148148148,0.0041615,20,0.0042467275634408,0.013853073120117188,0.01815530227180624,OPTIMAL,9.125,,,0.0,101.0,3.1666666666666665,76,64.20833333333333,1541,,,,,9.125,,False,,,False,
13941892382365492532,15,24,4,"[6, 6, 6, 6]","[[3, 8, 9, 10, 11, 12], [2, 4, 4, 5, 6, 6], [2, 2, 3, 3, 4, 5], [2, 2, 8, 8, 9, 13]]",0.7,1,2,4,2,PP,"[[1, 2, 2, 1], [2, 2, 2], [2, 2, 2], [2, 2, 2]]",13,63,216,0.7083333333333333,0.0019175,20,0.005147318355739117,0.6366698741912842,0.6418756618163991,OPTIMAL,9.125,,,0.0,24718.0,3.1666666666666665,76,33.5,804,,9.125,9.125,,9.125,9.125,False,,,False,
13941892382365492532,15,24,4,"[6, 6, 6, 6]","[[3, 8, 9, 10, 11, 12], [2, 4, 4, 5, 6, 6], [2, 2, 3, 3, 4, 5], [2, 2, 8, 8, 9, 13]]",0.7,1,2,4,3,PP,"[[1, 3, 2], [3, 3], [3, 3], [2, 3, 1]]",10,37,216,0.8287037037037037,0.0048125,20,0.005173148587346077,0.06350398063659668,0.06873904669892789,OPTIMAL,9.125,,,0.0,2180.0,0.875,21,44.666666666666664,1072,,9.125,9.125,,9.125,9.125,False,,,False,
13941892382365492532,15,24,4,"[6, 6, 6, 6]","[[3, 8, 9, 10, 11, 12], [2, 4, 4, 5, 6, 6], [2, 2, 3, 3, 4, 5], [2, 2, 8, 8, 9, 13]]",0.7,1,2,4,4,PP,"[[1, 4, 1], [4, 2], [4, 2], [2, 4]]",9,30,216,0.8611111111111112,0.0018975,20,0.004720743745565414,0.04776310920715332,0.05253909288450241,OPTIMAL,9.125,,,0.0,966.0,3.1666666666666665,76,50.25,1206,,9.125,9.125,,9.125,9.125,False,,,False,
13941892382365492532,15,24,4,"[6, 6, 6, 6]","[[3, 8, 9, 10, 11, 12], [2, 4, 4, 5, 6, 6], [2, 2, 3, 3, 4, 5], [2, 2, 8, 8, 9, 13]]",0.7,1,2,4,5,PP,"[[1, 5], [5, 1], [5, 1], [2, 4]]",8,24,216,0.8888888888888888,0.001838,20,0.004504096694290638,0.02413797378540039,0.028695911669612408,OPTIMAL,9.125,,,0.0,340.0,3.1666666666666665,76,53.041666666666664,1273,,9.125,9.125,,9.125,9.125,False,,,False,
16187417527952045510,16,24,4,"[6, 6, 6, 6]","[[2, 2, 7, 7, 8, 8], [2, 4, 4, 6, 6, 7], [4, 4, 5, 9, 11, 11], [2, 3, 3, 6, 6, 9]]",0.7,1,2,,1,NP,"[[1, 1, 1, 1, 1, 1], [1, 1, 1, 1, 1, 1], [1, 1, 1, 1, 1, 1], [1, 1, 1, 1, 1, 1]]",24,216,216,0.0,0.001292,20,0.008398151956498623,30.004913091659546,30.01337271581817,TIME_LIMIT,10.166666666666666,,,0.40499327172724836,273291.0,0.0,0,0.0,0,,,,,,,False,,,False,
16187417527952045510,16,24,4,"[6, 6, 6, 6]","[[2, 2, 7, 7, 8, 8], [2, 4, 4, 6, 6, 7], [4, 4, 5, 9, 11, 11], [2, 3, 3, 6, 6, 9]]",0.7,1,2,2,,CHP,"[[2, 4], [6], [3, 3], [3, 2, 1]]",8,23,216,0.8935185185185185,0.004266,20,0.005081309005618095,0.04025602340698242,0.04541054608544445,OPTIMAL,9.833333333333334,,,0.0,653.0,2.4166666666666665,58,20.125,483,,,,,9.833333333333334,,False,,,False,
16187417527952045510,16,24,4,"[6, 6, 6, 6]","[[2, 2, 7, 7, 8, 8], [2, 4, 4, 6, 6, 7], [4, 4, 5, 9, 11, 11], [2, 3, 3, 6, 6, 9]]",0.7,1,2,2,2,PP,"[[2, 2, 2], [2, 2, 2], [2, 1, 2, 1], [2, 1, 2, 1]]",14,73,216,0.662037037037037,0.001958,20,0.005699163302779198,0.9051430225372314,0.9109044935428458,OPTIMAL,9.833333333333334,,,0.0,30520.0,2.4166666666666665,58,10.5,252,,9.833333333333334,9.833333333333334,,9.833333333333334,9.833333333333334,False,,,False,
16187417527952045510,16,24,4,"[6, 6, 6, 6]","[[2, 2, 7, 7, 8, 8], [2, 4, 4, 6, 6, 7], [4, 4, 5, 9, 11, 11], [2, 3, 3, 6, 6, 9]]",0.7,1,2,2,3,PP,"[[2, 3, 1], [3, 3], [3, 3], [3, 2, 1]]",10,37,216,0.8287037037037037,0.001863,20,0.005001339130103588,0.09119081497192383,0.09625162871649313,OPTIMAL,9.833333333333334,,,0.0,2824.0,1.625,39,14.0,336,,9.833333333333334,9.833333333333334,,9.833333333333334,9.833333333333334,False,,,False,
16187417527952045510,16,24,4,"[6, 6, 6, 6]","[[2, 2, 7, 7, 8, 8], [2, 4, 4, 6, 6, 7], [4, 4, 5, 9, 11, 11], [2, 3, 3, 6, 6, 9]]",0.7,1,2,2,4,PP,"[[2, 4], [4, 2], [3, 3], [3, 2, 1]]",9,30,216,0.8611111111111112,0.001848,20,0.004749396815896034,0.05804109573364258,0.06284441638262081,OPTIMAL,9.833333333333334,,,0.0,1683.0,2.4166666666666665,58,15.75,378,,9.833333333333334,9.833333333333334,,9.833333333333334,9.833333333333334,False,,,False,
16187417527952045510,16,24,4,"[6, 6, 6, 6]","[[2, 2, 7, 7, 8, 8], [2, 4, 4, 6, 6, 7], [4, 4, 5, 9, 11, 11], [2, 3, 3, 6, 6, 9]]",0.7,1,2,2,5,PP,"[[2, 4], [5, 1], [3, 3], [3, 2, 1]]",9,30,216,0.8611111111111112,0.0017875,20,0.004559089429676533,0.05092811584472656,0.05553975823662281,OPTIMAL,9.833333333333334,,,0.0,1329.0,2.4166666666666665,58,16.625,399,,9.833333333333334,9.833333333333334,,9.833333333333334,9.833333333333334,False,,,False,
16187417527952045510,16,24,4,"[6, 6, 6, 6]","[[2, 2, 7, 7, 8, 8], [2, 4, 4, 6, 6, 7], [4, 4, 5, 9, 11, 11], [2, 3, 3, 6, 6, 9]]",0.7,1,2,3,,CHP,"[[2, 4], [6], [3, 3], [6]]",6,13,216,0.9398148148148148,0.0042665,20,0.004246777854859829,0.012225866317749023,0.016527757159892558,OPTIMAL,10.0,,,0.0,134.0,5.583333333333333,134,42.166666666666664,1012,,,,,10.0,,False,,,False,
16187417527952045510,16,24,4,"[6, 6, 6, 6]","[[2, 2, 7, 7, 8, 8], [2, 4, 4, 6, 6, 7], [4, 4, 5, 9, 11, 11], [2, 3, 3, 6, 6, 9]]",0.7,1,2,3,2,PP,"[[2, 2, 2], [2, 2, 2], [2, 1, 2, 1], [2, 2, 2]]",13,63,216,0.7083333333333333,0.001883,20,0.0050308117642998695,0.7689228057861328,0.7740136523319917,OPTIMAL,10.0,,,0.0,34922.0,5.583333333333333,134,22.0,528,,10.0,10.0,,10.0,10.0,False,,,False,
16187417527952045510,16,24,4,"[6, 6, 6, 6]","[[2, 2, 7, 7, 8, 8], [2, 4, 4, 6, 6, 7], [4, 4, 5, 9, 11, 11], [2, 3, 3, 6, 6, 9]]",0.7,1,2,3,3,PP,"[[2, 3, 1], [3, 3], [3, 3], [3, 3]]",9,30,216,0.8611111111111112,0.004727,20,0.004863430745899677,0.057678937911987305,0.06260232774317455,OPTIMAL,9.833333333333334,,,0.0,1903.0,3.125,75,29.333333333333332,704,,10.0,9.833333333333334,,10.0,9.833333333333334,False,,,False,
16187417527952045510,16,24,4,"[6, 6, 6, 6]","[[2, 2, 7, 7, 8, 8], [2, 4, 4, 6, 6, 7], [4, 4, 5, 9, 11, 11], [2, 3, 3, 6, 6, 9]]",0.7,1,2,3,4,PP,"[[2, 4], [4, 2], [3, 3], [4, 2]]",8,24,216,0.8888888888888888,0.001823,20,0.004568834789097309,0.038079023361206055,0.04270106035409975,OPTIMAL,10.0,,,0.0,786.0,5.583333333333333,134,33.0,792,,10.0,10.0,,10.0,10.0,False,,,False,
16187417527952045510,16,24,4,"[6, 6, 6, 6]","[[2, 2, 7, 7, 8, 8], [2, 4, 4, 6, 6, 7], [4, 4, 5, 9, 11, 11], [2, 3, 3, 6, 6, 9]]",0.7,1,2,3,5,PP,"[[2, 4], [5, 1], [3, 3], [5, 1]]",8,24,216,0.8888888888888888,0.001843,20,0.0042974939569830894,0.028802156448364258,0.03315180065686035,OPTIMAL,10.0,,,0.0,425.0,4.083333333333333,98,34.833333333333336,836,,10.0,10.0,,10.0,10.0,False,,,False,
16187417527952045510,16,24,4,"[6, 6, 6, 6]","[[2, 2, 7, 7, 8, 8], [2, 4, 4, 6, 6, 7], [4, 4, 5, 9, 11, 11], [2, 3, 3, 6, 6, 9]]",0.7,1,2,4,,CHP,"[[2, 4], [6], [6], [6]]",5,9,216,0.9583333333333334,0.0017075,20,0.003914175555109978,0.0048639774322509766,0.008828997066397667,OPTIMAL,10.0,,,0.0,1.0,8.125,195,64.20833333333333,1541,,,,,10.0,,False,,,False,
16187417527952045510,16,24,4,"[6, 6, 6, 6]","[[2, 2, 7, 7, 8, 8], [2, 4, 4, 6, 6, 7], [4, 4, 5, 9, 11, 11], [2, 3, 3, 6, 6, 9]]",0.7,1,2,4,2,PP,"[[2, 2, 2], [2, 2, 2], [2, 2, 2], [2, 2, 2]]",12,54,216,0.75,0.005028,20,0.004914206452667713,0.6740109920501709,0.6789889985452323,OPTIMAL,10.0,,,0.0,31195.0,7.375,177,33.5,804,,10.0,10.0,,10.0,10.0,False,,,False,
16187417527952045510,16,24,4,"[6, 6, 6, 6]","[[2, 2, 7, 7, 8, 8], [2, 4, 4, 6, 6, 7], [4, 4, 5, 9, 11, 11], [2, 3, 3, 6, 6, 9]]",0.7,1,2,4,3,PP,"[[2, 3, 1], [3, 3], [3, 3], [3, 3]]",9,30,216,0.8611111111111112,0.001898,20,0.004932795651257038,0.058428049087524414,0.06342814020997095,OPTIMAL,9.833333333333334,,,0.0,1903.0,3.125,75,44.666666666666664,1072,,10.0,9.833333333333334,,10.0,9.833333333333334,False,,,False,
16187417527952045510,16,24,4,"[6, 6, 6, 6]","[[2, 2, 7, 7, 8, 8], [2, 4, 4, 6, 6, 7], [4, 4, 5, 9, 11, 11], [2, 3, 3, 6, 6, 9]]",0.7,1,2,4,4,PP,"[[2, 4], [4, 2], [4, 2], [4, 2]]",8,24,216,0.8888888888888888,0.0018525,20,0.004743647761642933,0.04335594177246094,0.04815925947085858,OPTIMAL,10.0,,,0.0,689.0,7.375,177,50.25,1206,,10.0,10.0,,10.0,10.0,False,,,False,
16187417527952045510,16,24,4,"[6, 6, 6, 6]","[[2, 2, 7, 7, 8, 8], [2, 4, 4, 6, 6, 7], [4, 4, 5, 9, 11, 11], [2, 3, 3, 6, 6, 9]]",0.7,1,2,4,5,PP,"[[2, 4], [5, 1], [5, 1], [5, 1]]",8,24,216,0.8888888888888888,0.001853,20,0.00473245233297348,0.02321791648864746,0.028009349148347854,OPTIMAL,10.0,,,0.0,378.0,6.625,159,53.041666666666664,1273,,10.0,10.0,,10.0,10.0,False,,,False,
9702162095022318061,17,24,4,"[6, 6, 6, 6]","[[0, 6, 6, 7, 9, 9], [2, 2, 3, 3, 3, 3], [1, 4, 5, 7, 7, 9], [1, 2, 3, 4, 4, 4]]",0.7,1,2,,1,NP,"[[1, 1, 1, 1, 1, 1], [1, 1, 1, 1, 1, 1], [1, 1, 1, 1, 1, 1], [1, 1, 1, 1, 1, 1]]",24,216,216,0.0,0.001347,20,0.008773057721555233,30.008219957351685,30.01705839608818,TIME_LIMIT,9.5,,,0.34991318946970285,261171.0,0.0,0,0.0,0,,,,,,,False,,,False,
9702162095022318061,17,24,4,"[6, 6, 6, 6]","[[0, 6, 6, 7, 9, 9], [2, 2, 3, 3, 3, 3], [1, 4, 5, 7, 7, 9], [1, 2, 3, 4, 4, 4]]",0.7,1,2,2,,CHP,"[[1, 5], [6], [1, 5], [6]]",6,13,216,0.9398148148148148,0.004351,20,0.004727713763713837,0.014141082763671875,0.018938675383735656,OPTIMAL,9.5,,,0.0,1.0,2.25,54,20.125,483,,,,,9.5,,False,,,False,
9702162095022318061,17,24,4,"[6, 6, 6, 6]","[[0, 6, 6, 7, 9, 9], [2, 2, 3, 3, 3, 3], [1, 4, 5, 7, 7, 9], [1, 2, 3, 4, 4, 4]]",0.7,1,2,2,2,PP,"[[1, 2, 2, 1], [2, 2, 2], [1, 2, 2, 1], [2, 2, 2]]",14,73,216,0.662037037037037,0.001958,20,0.005989772267639637,0.819101095199585,0.8251494815447288,OPTIMAL,9.5,,,0.0,31819.0,0.75,18,10.5,252,,9.5,9.5,,9.5,9.5,False,,,False,
9702162095022318061,17,24,4,"[6, 6, 6, 6]","[[0, 6, 6, 7, 9, 9], [2, 2, 3, 3, 3, 3], [1, 4, 5, 7, 7, 9], [1, 2, 3, 4, 4, 4]]",0.7,1,2,2,3,PP,"[[1, 3, 2], [3, 3], [1, 3, 2], [3, 3]]",10,37,216,0.8287037037037037,0.004667,20,0.0052489023655653,0.0901179313659668,0.09542940478128624,OPTIMAL,9.5,,,0.0,2772.0,1.5,36,14.0,336,,9.5,9.5,,9.5,9.5,False,,,False,
9702162095022318061,17,24,4,"[6, 6, 6, 6]","[[0, 6, 6, 7, 9, 9], [2, 2, 3, 3, 3, 3], [1, 4, 5, 7, 7, 9], [1, 2, 3, 4, 4, 4]]",0.7,1,2,2,4,PP,"[[1, 4, 1], [4, 2], [1, 4, 1], [4, 2]]",10,37,216,0.8287037037037037,0.001853,20,0.0049241408705711365,0.07375502586364746,0.07873474587090301,OPTIMAL,9.5,,,0.0,1386.0,1.5416666666666667,37,15.75,378,,9.5,9.5,,9.5,9.5,False,,,False,
9702162095022318061,17,24,4,"[6, 6, 6, 6]","[[0, 6, 6, 7, 9, 9], [2, 2, 3, 3, 3, 3], [1, 4, 5, 7, 7, 9], [1, 2, 3, 4, 4, 4]]",0.7,1,2,2,5,PP,"[[1, 5], [5, 1], [1, 5], [5, 1]]",8,24,216,0.8888888888888888,0.004647,20,0.0044626835733652115,0.028467178344726562,0.03298370603309584,OPTIMAL,9.5,,,0.0,433.0,2.25,54,16.625,399,,9.5,9.5,,9.5,9.5,False,,,False,
9702162095022318061,17,24,4,"[6, 6, 6, 6]","[[0, 6, 6, 7, 9, 9], [2, 2, 3, 3, 3, 3], [1, 4, 5, 7, 7, 9], [1, 2, 3, 4, 4, 4]]",0.7,1,2,3,,CHP,"[[1, 5], [6], [6], [6]]",5,9,216,0.9583333333333334,0.0016525,20,0.0037424759939312935,0.005510091781616211,0.009302418081429004,OPTIMAL,9.5,,,0.0,1.0,4.083333333333333,98,42.166666666666664,1012,,,,,9.5,,False,,,False,
9702162095022318061,17,24,4,"[6, 6, 6, 6]","[[0, 6, 6, 7, 9, 9], [2, 2, 3, 3, 3, 3], [1, 4, 5, 7, 7, 9], [1, 2, 3, 4, 4, 4]]",0.7,1,2,3,2,PP,"[[1, 2, 2, 1], [2, 2, 2], [2, 2, 2], [2, 2, 2]]",13,63,216,0.7083333333333333,0.0050125,20,0.005286619067192078,0.3610649108886719,0.366412866051209,OPTIMAL,9.5,,,0.0,16162.0,4.083333333333333,98,22.0,528,,9.5,9.5,,9.5,9.5,False,,,False,
9702162095022318061,17,24,4,"[6, 6, 6, 6]","[[0, 6, 6, 7, 9, 9], [2, 2, 3, 3, 3, 3], [1, 4, 5, 7, 7, 9], [1, 2, 3, 4, 4, 4]]",0.7,1,2,3,3,PP,"[[1, 3, 2], [3, 3], [3, 3], [3, 3]]",9,30,216,0.8611111111111112,0.001868,20,0.00483039952814579,0.05643105506896973,0.06131601682838726,OPTIMAL,9.5,,,0.0,1238.0,2.5416666666666665,61,29.333333333333332,704,,9.5,9.5,,9.5,9.5,False,,,False,
9702162095022318061,17,24,4,"[6, 6, 6, 6]","[[0, 6, 6, 7, 9, 9], [2, 2, 3, 3, 3, 3], [1, 4, 5, 7, 7, 9], [1, 2, 3, 4, 4, 4]]",0.7,1,2,3,4,PP,"[[1, 4, 1], [4, 2], [4, 2], [4, 2]]",9,30,216,0.8611111111111112,0.004722,20,0.004595925100147724,0.04301095008850098,0.04766303413444471,OPTIMAL,9.5,,,0.0,814.0,4.083333333333333,98,33.0,792,,9.5,9.5,,9.5,9.5,False,,,False,
9702162095022318061,17,24,4,"[6, 6, 6, 6]","[[0, 6, 6, 7, 9, 9], [2, 2, 3, 3, 3, 3], [1, 4, 5, 7, 7, 9], [1, 2, 3, 4, 4, 4]]",0.7,1,2,3,5,PP,"[[1, 5], [5, 1], [5, 1], [5, 1]]",8,24,216,0.8888888888888888,0.001868,20,0.004204464145004749,0.02540898323059082,0.029664835659533022,OPTIMAL,9.5,,,0.0,341.0,3.375,81,34.833333333333336,836,,9.5,9.5,,9.5,9.5,False,,,False,
9702162095022318061,17,24,4,"[6, 6, 6, 6]","[[0, 6, 6, 7, 9, 9], [2, 2, 3, 3, 3, 3], [1, 4, 5, 7, 7, 9], [1, 2, 3, 4, 4, 4]]",0.7,1,2,4,,CHP,"[[1, 5], [6], [6], [6]]",5,9,216,0.9583333333333334,0.004261,20,0.004040616564452648,0.005758047103881836,0.009850380210124016,OPTIMAL,9.5,,,0.0,1.0,4.083333333333333,98,64.20833333333333,1541,,,,,9.5,,False,,,False,
9702162095022318061,17,24,4,"[6, 6, 6, 6]","[[0, 6, 6, 7, 9, 9], [2, 2, 3, 3, 3, 3], [1, 4, 5, 7, 7, 9], [1, 2, 3, 4, 4, 4]]",0.7,1,2,4,2,PP,"[[1, 2, 2, 1], [2, 2, 2], [2, 2, 2], [2, 2, 2]]",13,63,216,0.7083333333333333,0.0047775,20,0.005207659676671028,0.4006791114807129,0.40594593510177374,OPTIMAL,9.5,,,0.0,16162.0,4.083333333333333,98,33.5,804,,9.5,9.5,,9.5,9.5,False,,,False,
9702162095022318061,17,24,4,"[6, 6, 6, 6]","[[0, 6, 6, 7, 9, 9], [2, 2, 3, 3, 3, 3], [1, 4, 5, 7, 7, 9], [1, 2, 3, 4, 4, 4]]",0.7,1,2,4,3,PP,"[[1, 3, 2], [3, 3], [3, 3], [3, 3]]",9,30,216,0.8611111111111112,0.001893,20,0.0052346112206578255,0.056993961334228516,0.06228456608324576,OPTIMAL,9.5,,,0.0,1238.0,2.5416666666666665,61,44.666666666666664,1072,,9.5,9.5,,9.5,9.5,False,,,False,
9702162095022318061,17,24,4,"[6, 6, 6, 6]","[[0, 6, 6, 7, 9, 9], [2, 2, 3, 3, 3, 3], [1, 4, 5, 7, 7, 9], [1, 2, 3, 4, 4, 4]]",0.7,1,2,4,4,PP,"[[1, 4, 1], [4, 2], [4, 2], [4, 2]]",9,30,216,0.8611111111111112,0.0018475,20,0.004524587653577328,0.04244589805603027,0.04702397784033775,OPTIMAL,9.5,,,0.0,814.0,4.083333333333333,98,50.25,1206,,9.5,9.5,,9.5,9.5,False,,,False,
9702162095022318061,17,24,4,"[6, 6, 6, 6]","[[0, 6, 6, 7, 9, 9], [2, 2, 3, 3, 3, 3], [1, 4, 5, 7, 7, 9], [1, 2, 3, 4, 4, 4]]",0.7,1,2,4,5,PP,"[[1, 5], [5, 1], [5, 1], [5, 1]]",8,24,216,0.8888888888888888,0.0018175,20,0.004346637986600399,0.02565908432006836,0.030057758582537175,OPTIMAL,9.5,,,0.0,341.0,3.375,81,53.041666666666664,1273,,9.5,9.5,,9.5,9.5,False,,,False,
1436703758646410847,18,24,4,"[6, 6, 6, 6]","[[1, 2, 4, 10, 13, 15], [1, 2, 2, 3, 3, 4], [1, 2, 3, 3, 4, 6], [3, 5, 5, 6, 6, 7]]",0.7,1,2,,1,NP,"[[1, 1, 1, 1, 1, 1], [1, 1, 1, 1, 1, 1], [1, 1, 1, 1, 1, 1], [1, 1, 1, 1, 1, 1]]",24,216,216,0.0,0.00329,20,0.008344931527972221,30.007056951522827,30.015463432865776,TIME_LIMIT,9.375,,,0.2908791349097904,267967.0,0.0,0,0.0,0,,,,,,,False,,,False,
1436703758646410847,18,24,4,"[6, 6, 6, 6]","[[1, 2, 4, 10, 13, 15], [1, 2, 2, 3, 3, 4], [1, 2, 3, 3, 4, 6], [3, 5, 5, 6, 6, 7]]",0.7,1,2,2,,CHP,"[[3, 1, 2], [6], [6], [6]]",6,12,216,0.9444444444444444,0.0016625,20,0.0044493842869997025,0.007200956344604492,0.011713371701335906,OPTIMAL,9.375,,,0.0,1.0,3.125,75,20.125,483,,,,,9.375,,False,,,False,
1436703758646410847,18,24,4,"[6, 6, 6, 6]","[[1, 2, 4, 10, 13, 15], [1, 2, 2, 3, 3, 4], [1, 2, 3, 3, 4, 6], [3, 5, 5, 6, 6, 7]]",0.7,1,2,2,2,PP,"[[2, 1, 1, 2], [2, 2, 2], [2, 2, 2], [2, 2, 2]]",13,63,216,0.7083333333333333,0.001913,20,0.005215561017394066,0.8660340309143066,0.8713100972288375,OPTIMAL,9.375,,,0.0,37836.0,2.2916666666666665,55,10.5,252,,9.375,9.375,,9.375,9.375,False,,,False,
1436703758646410847,18,24,4,"[6, 6, 6, 6]","[[1, 2, 4, 10, 13, 15], [1, 2, 2, 3, 3, 4], [1, 2, 3, 3, 4, 6], [3, 5, 5, 6, 6, 7]]",0.7,1,2,2,3,PP,"[[3, 1, 2], [3, 3], [3, 3], [3, 3]]",9,30,216,0.8611111111111112,0.004587,20,0.005277736112475395,0.056532859802246094,0.06187252351431799,OPTIMAL,9.375,,,0.0,1449.0,3.125,75,14.0,336,,9.375,9.375,,9.375,9.375,False,,,False,
1436703758646410847,18,24,4,"[6, 6, 6, 6]","[[1, 2, 4, 10, 13, 15], [1, 2, 2, 3, 3, 4], [1, 2, 3, 3, 4, 6], [3, 5, 5, 6, 6, 7]]",0.7,1,2,2,4,PP,"[[3, 1, 2], [4, 2], [4, 2], [4, 2]]",9,30,216,0.8611111111111112,0.0019575,20,0.004644258879125118,0.05265498161315918,0.057357023330051896,OPTIMAL,9.375,,,0.0,895.0,3.125,75,15.75,378,,9.375,9.375,,9.375,9.375,False,,,False,
1436703758646410847,18,24,4,"[6, 6, 6, 6]","[[1, 2, 4, 10, 13, 15], [1, 2, 2, 3, 3, 4], [1, 2, 3, 3, 4, 6], [3, 5, 5, 6, 6, 7]]",0.7,1,2,2,5,PP,"[[3, 1, 2], [5, 1], [5, 1], [5, 1]]",9,30,216,0.8611111111111112,0.0044715,20,0.005059245973825455,0.03338813781738281,0.03850623707898521,OPTIMAL,9.375,,,0.0,552.0,2.4166666666666665,58,16.625,399,,9.375,9.375,,9.375,9.375,False,,,False,
1436703758646410847,18,24,4,"[6, 6, 6, 6]","[[1, 2, 4, 10, 13, 15], [1, 2, 2, 3, 3, 4], [1, 2, 3, 3, 4, 6], [3, 5, 5, 6, 6, 7]]",0.7,1,2,3,,CHP,"[[3, 3], [6], [6], [6]]",5,9,216,0.9583333333333334,0.004096,20,0.004236542619764805,0.005095958709716797,0.00938752670447445,OPTIMAL,9.375,,,0.0,1.0,4.708333333333333,113,42.166666666666664,1012,,,,,9.375,,False,,,False,
1436703758646410847,18,24,4,"[6, 6, 6, 6]","[[1, 2, 4, 10, 13, 15], [1, 2, 2, 3, 3, 4], [1, 2, 3, 3, 4, 6], [3, 5, 5, 6, 6, 7]]",0.7,1,2,3,2,PP,"[[2, 1, 2, 1], [2, 2, 2], [2, 2, 2], [2, 2, 2]]",13,63,216,0.7083333333333333,0.001888,20,0.005031773820519447,0.62322998046875,0.6283216348146682,OPTIMAL,9.375,,,0.0,19103.0,3.1666666666666665,76,22.0,528,,9.375,9.375,,9.375,9.375,False,,,False,
1436703758646410847,18,24,4,"[6, 6, 6, 6]","[[1, 2, 4, 10, 13, 15], [1, 2, 2, 3, 3, 4], [1, 2, 3, 3, 4, 6], [3, 5, 5, 6, 6, 7]]",0.7,1,2,3,3,PP,"[[3, 3], [3, 3], [3, 3], [3, 3]]",8,24,216,0.8888888888888888,0.004542,20,0.004841706715524197,0.05176591873168945,0.05666843330055905,OPTIMAL,9.375,,,0.0,1197.0,4.708333333333333,113,29.333333333333332,704,,9.375,9.375,,9.375,9.375,False,,,False,
1436703758646410847,18,24,4,"[6, 6, 6, 6]","[[1, 2, 4, 10, 13, 15], [1, 2, 2, 3, 3, 4], [1, 2, 3, 3, 4, 6], [3, 5, 5, 6, 6, 7]]",0.7,1,2,3,4,PP,"[[3, 3], [4, 2], [4, 2], [4, 2]]",8,24,216,0.8888888888888888,0.001888,20,0.004579080268740654,0.03633999824523926,0.04097624889068651,OPTIMAL,9.375,,,0.0,674.0,4.708333333333333,113,33.0,792,,9.375,9.375,,9.375,9.375,False,,,False,
1436703758646410847,18,24,4,"[6, 6, 6, 6]","[[1, 2, 4, 10, 13, 15], [1, 2, 2, 3, 3, 4], [1, 2, 3, 3, 4, 6], [3, 5, 5, 6, 6, 7]]",0.7,1,2,3,5,PP,"[[3, 3], [5, 1], [5, 1], [5, 1]]",8,24,216,0.8888888888888888,0.0018275,20,0.004578359425067902,0.02830791473388672,0.03294088529719353,OPTIMAL,9.375,,,0.0,434.0,4.0,96,34.833333333333336,836,,9.375,9.375,,9.375,9.375,False,,,False,
1436703758646410847,18,24,4,"[6, 6, 6, 6]","[[1, 2, 4, 10, 13, 15], [1, 2, 2, 3, 3, 4], [1, 2, 3, 3, 4, 6], [3, 5, 5, 6, 6, 7]]",0.7,1,2,4,,CHP,"[[3, 3], [6], [6], [6]]",5,9,216,0.9583333333333334,0.001678,20,0.004126695916056633,0.005025148391723633,0.009202192294207096,OPTIMAL,9.375,,,0.0,1.0,4.708333333333333,113,64.20833333333333,1541,,,,,9.375,,False,,,False,
1436703758646410847,18,24,4,"[6, 6, 6, 6]","[[1, 2, 4, 10, 13, 15], [1, 2, 2, 3, 3, 4], [1, 2, 3, 3, 4, 6], [3, 5, 5, 6, 6, 7]]",0.7,1,2,4,2,PP,"[[2, 1, 2, 1], [2, 2, 2], [2, 2, 2], [2, 2, 2]]",13,63,216,0.7083333333333333,0.002669,20,0.004947977140545845,0.6077890396118164,0.6127961713978353,OPTIMAL,9.375,,,0.0,19103.0,3.1666666666666665,76,33.5,804,,9.375,9.375,,9.375,9.375,False,,,False,
1436703758646410847,18,24,4,"[6, 6, 6, 6]","[[1, 2, 4, 10, 13, 15], [1, 2, 2, 3, 3, 4], [1, 2, 3, 3, 4, 6], [3, 5, 5, 6, 6, 7]]",0.7,1,2,4,3,PP,"[[3, 3], [3, 3], [3, 3], [3, 3]]",8,24,216,0.8888888888888888,0.004627,20,0.005064583383500576,0.05185222625732422,0.056978246386553764,OPTIMAL,9.375,,,0.0,1197.0,4.708333333333333,113,44.666666666666664,1072,,9.375,9.375,,9.375,9.375,False,,,False,
1436703758646410847,18,24,4,"[6, 6, 6, 6]","[[1, 2, 4, 10, 13, 15], [1, 2, 2, 3, 3, 4], [1, 2, 3, 3, 4, 6], [3, 5, 5, 6, 6, 7]]",0.7,1,2,4,4,PP,"[[3, 3], [4, 2], [4, 2], [4, 2]]",8,24,216,0.8888888888888888,0.001838,20,0.004595344886183739,0.03610396385192871,0.040753542946160314,OPTIMAL,9.375,,,0.0,674.0,4.708333333333333,113,50.25,1206,,9.375,9.375,,9.375,9.375,False,,,False,
1436703758646410847,18,24,4,"[6, 6, 6, 6]","[[1, 2, 4, 10, 13, 15], [1, 2, 2, 3, 3, 4], [1, 2, 3, 3, 4, 6], [3, 5, 5, 6, 6, 7]]",0.7,1,2,4,5,PP,"[[3, 3], [5, 1], [5, 1], [5, 1]]",8,24,216,0.8888888888888888,0.001837,20,0.004532359540462494,0.02855205535888672,0.03313803343449783,OPTIMAL,9.375,,,0.0,434.0,4.0,96,53.041666666666664,1273,,9.375,9.375,,9.375,9.375,False,,,False,
4942869743672493358,19,24,4,"[6, 6, 6, 6]","[[2, 5, 7, 8, 9, 11], [3, 5, 8, 9, 9, 10], [2, 4, 4, 5, 6, 7], [11, 11, 13, 14, 14, 15]]",0.7,1,2,,1,NP,"[[1, 1, 1, 1, 1, 1], [1, 1, 1, 1, 1, 1], [1, 1, 1, 1, 1, 1], [1, 1, 1, 1, 1, 1]]",24,216,216,0.0,0.001307,20,0.008315356448292732,30.01266598701477,30.021041648816844,TIME_LIMIT,7.833333333333333,,,0.33599626203378696,282089.0,0.0,0,0.0,0,,,,,,,False,,,False,
4942869743672493358,19,24,4,"[6, 6, 6, 6]","[[2, 5, 7, 8, 9, 11], [3, 5, 8, 9, 9, 10], [2, 4, 4, 5, 6, 7], [11, 11, 13, 14, 14, 15]]",0.7,1,2,2,,CHP,"[[1, 5], [2, 4], [6], [6]]",6,13,216,0.9398148148148148,0.004206,20,0.004891371354460716,0.01347494125366211,0.018433706982165336,OPTIMAL,7.833333333333333,,,0.0,74.0,4.125,99,20.125,483,,,,,7.833333333333333,,False,,,False,
4942869743672493358,19,24,4,"[6, 6, 6, 6]","[[2, 5, 7, 8, 9, 11], [3, 5, 8, 9, 9, 10], [2, 4, 4, 5, 6, 7], [11, 11, 13, 14, 14, 15]]",0.7,1,2,2,2,PP,"[[1, 2, 2, 1], [2, 2, 2], [2, 2, 2], [2, 2, 2]]",13,63,216,0.7083333333333333,0.001863,20,0.005019686184823513,0.25810790061950684,0.26318304462453174,OPTIMAL,7.833333333333333,,,0.0,17451.0,2.5833333333333335,62,10.5,252,,7.833333333333333,7.833333333333333,,7.833333333333333,7.833333333333333,False,,,False,
4942869743672493358,19,24,4,"[6, 6, 6, 6]","[[2, 5, 7, 8, 9, 11], [3, 5, 8, 9, 9, 10], [2, 4, 4, 5, 6, 7], [11, 11, 13, 14, 14, 15]]",0.7,1,2,2,3,PP,"[[1, 3, 2], [2, 3, 1], [3, 3], [3, 3]]",10,37,216,0.8287037037037037,0.001858,20,0.004691270180046558,0.061370134353637695,0.06611756236507463,OPTIMAL,7.833333333333333,,,0.0,1145.0,4.125,99,14.0,336,,7.833333333333333,7.833333333333333,,7.833333333333333,7.833333333333333,False,,,False,
4942869743672493358,19,24,4,"[6, 6, 6, 6]","[[2, 5, 7, 8, 9, 11], [3, 5, 8, 9, 9, 10], [2, 4, 4, 5, 6, 7], [11, 11, 13, 14, 14, 15]]",0.7,1,2,2,4,PP,"[[1, 4, 1], [2, 4], [4, 2], [4, 2]]",9,30,216,0.8611111111111112,0.004662,20,0.004952132701873779,0.04818892478942871,0.05319863910263729,OPTIMAL,7.833333333333333,,,0.0,542.0,3.4166666666666665,82,15.75,378,,7.833333333333333,7.833333333333333,,7.833333333333333,7.833333333333333,False,,,False,
4942869743672493358,19,24,4,"[6, 6, 6, 6]","[[2, 5, 7, 8, 9, 11], [3, 5, 8, 9, 9, 10], [2, 4, 4, 5, 6, 7], [11, 11, 13, 14, 14, 15]]",0.7,1,2,2,5,PP,"[[1, 5], [2, 4], [5, 1], [5, 1]]",8,24,216,0.8888888888888888,0.001788,20,0.004353638738393784,0.018757104873657227,0.023162359232438087,OPTIMAL,7.833333333333333,,,0.0,244.0,4.125,99,16.625,399,,7.833333333333333,7.833333333333333,,7.833333333333333,7.833333333333333,False,,,False,
4942869743672493358,19,24,4,"[6, 6, 6, 6]","[[2, 5, 7, 8, 9, 11], [3, 5, 8, 9, 9, 10], [2, 4, 4, 5, 6, 7], [11, 11, 13, 14, 14, 15]]",0.7,1,2,3,,CHP,"[[6], [6], [6], [6]]",4,6,216,0.9722222222222222,0.0016425,20,0.0038148751482367516,0.0023708343505859375,0.00623690581037283,OPTIMAL,7.958333333333333,,,0.0,1.0,7.708333333333333,185,42.166666666666664,1012,,,,,7.958333333333333,,False,,,False,
4942869743672493358,19,24,4,"[6, 6, 6, 6]","[[2, 5, 7, 8, 9, 11], [3, 5, 8, 9, 9, 10], [2, 4, 4, 5, 6, 7], [11, 11, 13, 14, 14, 15]]",0.7,1,2,3,2,PP,"[[2, 2, 2], [2, 2, 2], [2, 2, 2], [2, 2, 2]]",12,54,216,0.75,0.0019525,20,0.004663768224418163,0.1617138385772705,0.16643176365728618,OPTIMAL,7.958333333333333,,,0.0,11010.0,4.291666666666667,103,22.0,528,,7.958333333333333,7.958333333333333,,7.958333333333333,7.958333333333333,False,,,False,
4942869743672493358,19,24,4,"[6, 6, 6, 6]","[[2, 5, 7, 8, 9, 11], [3, 5, 8, 9, 9, 10], [2, 4, 4, 5, 6, 7], [11, 11, 13, 14, 14, 15]]",0.7,1,2,3,3,PP,"[[3, 3], [3, 3], [3, 3], [3, 3]]",8,24,216,0.8888888888888888,0.004622,20,0.0045095449313521385,0.020305871963500977,0.02487076989813757,OPTIMAL,7.958333333333333,,,0.0,359.0,7.708333333333333,185,29.333333333333332,704,,7.958333333333333,7.958333333333333,,7.958333333333333,7.958333333333333,False,,,False,
4942869743672493358,19,24,4,"[6, 6, 6, 6]","[[2, 5, 7, 8, 9, 11], [3, 5, 8, 9, 9, 10], [2, 4, 4, 5, 6, 7], [11, 11, 13, 14, 14, 15]]",0.7,1,2,3,4,PP,"[[4, 2], [4, 2], [4, 2], [4, 2]]",8,24,216,0.8888888888888888,0.0049275,20,0.004192114807665348,0.01958012580871582,0.023826146370580198,OPTIMAL,7.958333333333333,,,0.0,238.0,7.708333333333333,185,33.0,792,,7.958333333333333,7.958333333333333,,7.958333333333333,7.958333333333333,False,,,False,
4942869743672493358,19,24,4,"[6, 6, 6, 6]","[[2, 5, 7, 8, 9, 11], [3, 5, 8, 9, 9, 10], [2, 4, 4, 5, 6, 7], [11, 11, 13, 14, 14, 15]]",0.7,1,2,3,5,PP,"[[5, 1], [5, 1], [5, 1], [5, 1]]",8,24,216,0.8888888888888888,0.0047225,20,0.004246887750923634,0.021453857421875,0.025754135796580313,OPTIMAL,7.958333333333333,,,0.0,121.0,7.0,168,34.833333333333336,836,,7.958333333333333,7.958333333333333,,7.958333333333333,7.958333333333333,False,,,False,
4942869743672493358,19,24,4,"[6, 6, 6, 6]","[[2, 5, 7, 8, 9, 11], [3, 5, 8, 9, 9, 10], [2, 4, 4, 5, 6, 7], [11, 11, 13, 14, 14, 15]]",0.7,1,2,4,,CHP,"[[6], [6], [6], [6]]",4,6,216,0.9722222222222222,0.0017075,20,0.0036135707050561905,0.00251007080078125,0.006173795474846363,OPTIMAL,7.958333333333333,,,0.0,1.0,7.708333333333333,185,64.20833333333333,1541,,,,,7.958333333333333,,False,,,False,
4942869743672493358,19,24,4,"[6, 6, 6, 6]","[[2, 5, 7, 8, 9, 11], [3, 5, 8, 9, 9, 10], [2, 4, 4, 5, 6, 7], [11, 11, 13, 14, 14, 15]]",0.7,1,2,4,2,PP,"[[2, 2, 2], [2, 2, 2], [2, 2, 2], [2, 2, 2]]",12,54,216,0.75,0.0048125,20,0.004724469967186451,0.1633749008178711,0.16815691570055485,OPTIMAL,7.958333333333333,,,0.0,11010.0,4.291666666666667,103,33.5,804,,7.958333333333333,7.958333333333333,,7.958333333333333,7.958333333333333,False,,,False,
4942869743672493358,19,24,4,"[6, 6, 6, 6]","[[2, 5, 7, 8, 9, 11], [3, 5, 8, 9, 9, 10], [2, 4, 4, 5, 6, 7], [11, 11, 13, 14, 14, 15]]",0.7,1,2,4,3,PP,"[[3, 3], [3, 3], [3, 3], [3, 3]]",8,24,216,0.8888888888888888,0.001867,20,0.0042302533984184265,0.021107912063598633,0.025389552745954513,OPTIMAL,7.958333333333333,,,0.0,359.0,7.708333333333333,185,44.666666666666664,1072,,7.958333333333333,7.958333333333333,,7.958333333333333,7.958333333333333,False,,,False,
4942869743672493358,19,24,4,"[6, 6, 6, 6]","[[2, 5, 7, 8, 9, 11], [3, 5, 8, 9, 9, 10], [2, 4, 4, 5, 6, 7], [11, 11, 13, 14, 14, 15]]",0.7,1,2,4,4,PP,"[[4, 2], [4, 2], [4, 2], [4, 2]]",8,24,216,0.8888888888888888,0.004642,20,0.004567173309624195,0.018949031829833984,0.023570795831779956,OPTIMAL,7.958333333333333,,,0.0,238.0,7.708333333333333,185,50.25,1206,,7.958333333333333,7.958333333333333,,7.958333333333333,7.958333333333333,False,,,False,
4942869743672493358,19,24,4,"[6, 6, 6, 6]","[[2, 5, 7, 8, 9, 11], [3, 5, 8, 9, 9, 10], [2, 4, 4, 5, 6, 7], [11, 11, 13, 14, 14, 15]]",0.7,1,2,4,5,PP,"[[5, 1], [5, 1], [5, 1], [5, 1]]",8,24,216,0.8888888888888888,0.001828,20,0.004025803878903389,0.02083277702331543,0.024909608811190604,OPTIMAL,7.958333333333333,,,0.0,121.0,7.0,168,53.041666666666664,1273,,7.958333333333333,7.958333333333333,,7.958333333333333,7.958333333333333,False,,,False,
