seed,replication,N,L,counts,releases,arrival_rate,h_F,h_S,threshold,max_platoon_size,method,partition,number_of_platoons,ordering_variable_count,formation_time_ms,formation_repetitions,status,objective,actual_optimality_gap,scaled_actual_optimality_gap,actual_gap_reference,solve_time_s,terminal_mip_gap,node_count,partition_specific_upper_bound,scaled_partition_specific_upper_bound,rule_level_upper_bound,scaled_rule_level_upper_bound,bound_chain_valid,np_status,np_solve_time_s,np_terminal_mip_gap,np_node_count
10090335541577908271,0,8,4,"[2, 2, 2, 2]","[[4, 13], [3, 5], [3, 10], [5, 5]]",0.4,1,2,1,2,PP,"[[1, 1], [1, 1], [1, 1], [2]]",7,18,0.001237,20,EXACT,2.625,0.0,0,exact_enumeration,,,,0.0,0,0.0,0,True,EXACT,,,
10090335541577908271,0,8,4,"[2, 2, 2, 2]","[[4, 13], [3, 5], [3, 10], [5, 5]]",0.4,1,2,1,3,PP,"[[1, 1], [1, 1], [1, 1], [2]]",7,18,0.001212,20,EXACT,2.625,0.0,0,exact_enumeration,,,,0.0,0,0.0,0,True,EXACT,,,
10090335541577908271,0,8,4,"[2, 2, 2, 2]","[[4, 13], [3, 5], [3, 10], [5, 5]]",0.4,1,2,1,4,PP,"[[1, 1], [1, 1], [1, 1], [2]]",7,18,0.001182,20,EXACT,2.625,0.0,0,exact_enumeration,,,,0.0,0,0.0,0,True,EXACT,,,
10090335541577908271,0,8,4,"[2, 2, 2, 2]","[[4, 13], [3, 5], [3, 10], [5, 5]]",0.4,1,2,1,5,PP,"[[1, 1], [1, 1], [1, 1], [2]]",7,18,0.001152,20,EXACT,2.625,0.0,0,exact_enumeration,,,,0.0,0,0.0,0,True,EXACT,,,
10090335541577908271,0,8,4,"[2, 2, 2, 2]","[[4, 13], [3, 5], [3, 10], [5, 5]]",0.4,1,2,2,2,PP,"[[1, 1], [2], [1, 1], [2]]",6,13,0.001132,20,EXACT,2.625,0.0,0,exact_enumeration,,,,0.625,5,2.5,20,True,EXACT,,,
10090335541577908271,0,8,4,"[2, 2, 2, 2]","[[4, 13], [3, 5], [3, 10], [5, 5]]",0.4,1,2,2,3,PP,"[[1, 1], [2], [1, 1], [2]]",6,13,0.0011515,20,EXACT,2.625,0.0,0,exact_enumeration,,,,0.625,5,3.125,25,True,EXACT,,,
10090335541577908271,0,8,4,"[2, 2, 2, 2]","[[4, 13], [3, 5], [3, 10], [5, 5]]",0.4,1,2,2,4,PP,"[[1, 1], [2], [1, 1], [2]]",6,13,0.001147,20,EXACT,2.625,0.0,0,exact_enumeration,,,,0.625,5,3.75,30,True,EXACT,,,
10090335541577908271,0,8,4,"[2, 2, 2, 2]","[[4, 13], [3, 5], [3, 10], [5, 5]]",0.4,1,2,2,5,PP,"[[1, 1], [2], [1, 1], [2]]",6,13,0.0011565,20,EXACT,2.625,0.0,0,exact_enumeration,,,,0.625,5,3.75,30,True,EXACT,,,
10090335541577908271,0,8,4,"[2, 2, 2, 2]","[[4, 13], [3, 5], [3, 10], [5, 5]]",0.4,1,2,3,2,PP,"[[1, 1], [2], [1, 1], [2]]",6,13,0.0011415,20,EXACT,2.625,0.0,0,exact_enumeration,,,,0.625,5,6.0,48,True,EXACT,,,
10090335541577908271,0,8,4,"[2, 2, 2, 2]","[[4, 13], [3, 5], [3, 10], [5, 5]]",0.4,1,2,3,3,PP,"[[1, 1], [2], [1, 1], [2]]",6,13,0.0011765,20,EXACT,2.625,0.0,0,exact_enumeration,,,,0.625,5,7.5,60,True,EXACT,,,
10090335541577908271,0,8,4,"[2, 2, 2, 2]","[[4, 13], [3, 5], [3, 10], [5, 5]]",0.4,1,2,3,4,PP,"[[1, 1], [2], [1, 1], [2]]",6,13,0.001152,20,EXACT,2.625,0.0,0,exact_enumeration,,,,0.625,5,9.0,72,True,EXACT,,,
10090335541577908271,0,8,4,"[2, 2, 2, 2]","[[4, 13], [3, 5], [3, 10], [5, 5]]",0.4,1,2,3,5,PP,"[[1, 1], [2], [1, 1], [2]]",6,13,0.001132,20,EXACT,2.625,0.0,0,exact_enumeration,,,,0.625,5,9.0,72,True,EXACT,,,
10090335541577908271,0,8,4,"[2, 2, 2, 2]","[[4, 13], [3, 5], [3, 10], [5, 5]]",0.4,1,2,4,2,PP,"[[1, 1], [2], [1, 1], [2]]",6,13,0.001127,20,EXACT,2.625,0.0,0,exact_enumeration,,,,0.625,5,9.5,76,True,EXACT,,,
10090335541577908271,0,8,4,"[2, 2, 2, 2]","[[4, 13], [3, 5], [3, 10], [5, 5]]",0.4,1,2,4,3,PP,"[[1, 1], [2], [1, 1], [2]]",6,13,0.001132,20,EXACT,2.625,0.0,0,exact_enumeration,,,,0.625,5,11.875,95,True,EXACT,,,
10090335541577908271,0,8,4,"[2, 2, 2, 2]","[[4, 13], [3, 5], [3, 10], [5, 5]]",0.4,1,2,4,4,PP,"[[1, 1], [2], [1, 1], [2]]",6,13,0.001242,20,EXACT,2.625,0.0,0,exact_enumeration,,,,0.625,5,14.25,114,True,EXACT,,,
10090335541577908271,0,8,4,"[2, 2, 2, 2]","[[4, 13], [3, 5], [3, 10], [5, 5]]",0.4,1,2,4,5,PP,"[[1, 1], [2], [1, 1], [2]]",6,13,0.001282,20,EXACT,2.625,0.0,0,exact_enumeration,,,,0.625,5,14.25,114,True,EXACT,,,
5614894019028137893,1,8,4,"[2, 2, 2, 2]","[[4, 7], [3, 10], [6, 7], [0, 1]]",0.4,1,2,1,2,PP,"[[1, 1], [1, 1], [2], [2]]",6,13,0.0011665,20,EXACT,1.0,0.0,0,exact_enumeration,,,,0.0,0,0.0,0,True,EXACT,,,
5614894019028137893,1,8,4,"[2, 2, 2, 2]","[[4, 7], [3, 10], [6, 7], [0, 1]]",0.4,1,2,1,3,PP,"[[1, 1], [1, 1], [2], [2]]",6,13,0.0011365,20,EXACT,1.0,0.0,0,exact_enumeration,,,,0.0,0,0.0,0,True,EXACT,,,
5614894019028137893,1,8,4,"[2, 2, 2, 2]","[[4, 7], [3, 10], [6, 7], [0, 1]]",0.4,1,2,1,4,PP,"[[1, 1], [1, 1], [2], [2]]",6,13,0.0011365,20,EXACT,1.0,0.0,0,exact_enumeration,,,,0.0,0,0.0,0,True,EXACT,,,
5614894019028137893,1,8,4,"[2, 2, 2, 2]","[[4, 7], [3, 10], [6, 7], [0, 1]]",0.4,1,2,1,5,PP,"[[1, 1], [1, 1], [2], [2]]",6,13,0.001142,20,EXACT,1.0,0.0,0,exact_enumeration,,,,0.0,0,0.0,0,True,EXACT,,,
5614894019028137893,1,8,4,"[2, 2, 2, 2]","[[4, 7], [3, 10], [6, 7], [0, 1]]",0.4,1,2,2,2,PP,"[[1, 1], [1, 1], [2], [2]]",6,13,0.001122,20,EXACT,1.0,0.0,0,exact_enumeration,,,,0.0,0,2.5,20,True,EXACT,,,
5614894019028137893,1,8,4,"[2, 2, 2, 2]","[[4, 7], [3, 10], [6, 7], [0, 1]]",0.4,1,2,2,3,PP,"[[1, 1], [1, 1], [2], [2]]",6,13,0.001127,20,EXACT,1.0,0.0,0,exact_enumeration,,,,0.0,0,3.125,25,True,EXACT,,,
5614894019028137893,1,8,4,"[2, 2, 2, 2]","[[4, 7], [3, 10], [6, 7], [0, 1]]",0.4,1,2,2,4,PP,"[[1, 1], [1, 1], [2], [2]]",6,13,0.001112,20,EXACT,1.0,0.0,0,exact_enumeration,,,,0.0,0,3.75,30,True,EXACT,,,
5614894019028137893,1,8,4,"[2, 2, 2, 2]","[[4, 7], [3, 10], [6, 7], [0, 1]]",0.4,1,2,2,5,PP,"[[1, 1], [1, 1], [2], [2]]",6,13,0.001112,20,EXACT,1.0,0.0,0,exact_enumeration,,,,0.0,0,3.75,30,True,EXACT,,,
5614894019028137893,1,8,4,"[2, 2, 2, 2]","[[4, 7], [3, 10], [6, 7], [0, 1]]",0.4,1,2,3,2,PP,"[[2], [1, 1], [2], [2]]",5,9,0.0011365,20,EXACT,1.125,0.125,1,exact_enumeration,,,,1.5,12,6.0,48,True,EXACT,,,
5614894019028137893,1,8,4,"[2, 2, 2, 2]","[[4, 7], [3, 10], [6, 7], [0, 1]]",0.4,1,2,3,3,PP,"[[2], [1, 1], [2], [2]]",5,9,0.001157,20,EXACT,1.125,0.125,1,exact_enumeration,,,,1.5,12,7.5,60,True,EXACT,,,
5614894019028137893,1,8,4,"[2, 2, 2, 2]","[[4, 7], [3, 10], [6, 7], [0, 1]]",0.4,1,2,3,4,PP,"[[2], [1, 1], [2], [2]]",5,9,0.001152,20,EXACT,1.125,0.125,1,exact_enumeration,,,,1.5,12,9.0,72,True,EXACT,,,
5614894019028137893,1,8,4,"[2, 2, 2, 2]","[[4, 7], [3, 10], [6, 7], [0, 1]]",0.4,1,2,3,5,PP,"[[2], [1, 1], [2], [2]]",5,9,0.001152,20,EXACT,1.125,0.125,1,exact_enumeration,,,,1.5,12,9.0,72,True,EXACT,,,
5614894019028137893,1,8,4,"[2, 2, 2, 2]","[[4, 7], [3, 10], [6, 7], [0, 1]]",0.4,1,2,4,2,PP,"[[2], [1, 1], [2], [2]]",5,9,0.001137,20,EXACT,1.125,0.125,1,exact_enumeration,,,,1.5,12,9.5,76,True,EXACT,,,
5614894019028137893,1,8,4,"[2, 2, 2, 2]","[[4, 7], [3, 10], [6, 7], [0, 1]]",0.4,1,2,4,3,PP,"[[2], [1, 1], [2], [2]]",5,9,0.001127,20,EXACT,1.125,0.125,1,exact_enumeration,,,,1.5,12,11.875,95,True,EXACT,,,
5614894019028137893,1,8,4,"[2, 2, 2, 2]","[[4, 7], [3, 10], [6, 7], [0, 1]]",0.4,1,2,4,4,PP,"[[2], [1, 1], [2], [2]]",5,9,0.0011215,20,EXACT,1.125,0.125,1,exact_enumeration,,,,1.5,12,14.25,114,True,EXACT,,,
5614894019028137893,1,8,4,"[2, 2, 2, 2]","[[4, 7], [3, 10], [6, 7], [0, 1]]",0.4,1,2,4,5,PP,"[[2], [1, 1], [2], [2]]",5,9,0.0011265,20,EXACT,1.125,0.125,1,exact_enumeration,,,,1.5,12,14.25,114,True,EXACT,,,
15633632879917000470,2,8,4,"[2, 2, 2, 2]","[[4, 4], [0, 4], [10, 11], [1, 2]]",0.4,1,2,1,2,PP,"[[2], [1, 1], [2], [2]]",5,9,0.001152,20,EXACT,1.125,0.0,0,exact_enumeration,,,,0.0,0,0.0,0,True,EXACT,,,
15633632879917000470,2,8,4,"[2, 2, 2, 2]","[[4, 4], [0, 4], [10, 11], [1, 2]]",0.4,1,2,1,3,PP,"[[2], [1, 1], [2], [2]]",5,9,0.0011465,20,EXACT,1.125,0.0,0,exact_enumeration,,,,0.0,0,0.0,0,True,EXACT,,,
15633632879917000470,2,8,4,"[2, 2, 2, 2]","[[4, 4], [0, 4], [10, 11], [1, 2]]",0.4,1,2,1,4,PP,"[[2], [1, 1], [2], [2]]",5,9,0.001132,20,EXACT,1.125,0.0,0,exact_enumeration,,,,0.0,0,0.0,0,True,EXACT,,,
15633632879917000470,2,8,4,"[2, 2, 2, 2]","[[4, 4], [0, 4], [10, 11], [1, 2]]",0.4,1,2,1,5,PP,"[[2], [1, 1], [2], [2]]",5,9,0.001142,20,EXACT,1.125,0.0,0,exact_enumeration,,,,0.0,0,0.0,0,True,EXACT,,,
15633632879917000470,2,8,4,"[2, 2, 2, 2]","[[4, 4], [0, 4], [10, 11], [1, 2]]",0.4,1,2,2,2,PP,"[[2], [1, 1], [2], [2]]",5,9,0.001132,20,EXACT,1.125,0.0,0,exact_enumeration,,,,0.0,0,2.5,20,True,EXACT,,,
15633632879917000470,2,8,4,"[2, 2, 2, 2]","[[4, 4], [0, 4], [10, 11], [1, 2]]",0.4,1,2,2,3,PP,"[[2], [1, 1], [2], [2]]",5,9,0.0011465,20,EXACT,1.125,0.0,0,exact_enumeration,,,,0.0,0,3.125,25,True,EXACT,,,
15633632879917000470,2,8,4,"[2, 2, 2, 2]","[[4, 4], [0, 4], [10, 11], [1, 2]]",0.4,1,2,2,4,PP,"[[2], [1, 1], [2], [2]]",5,9,0.001162,20,EXACT,1.125,0.0,0,exact_enumeration,,,,0.0,0,3.75,30,True,EXACT,,,
15633632879917000470,2,8,4,"[2, 2, 2, 2]","[[4, 4], [0, 4], [10, 11], [1, 2]]",0.4,1,2,2,5,PP,"[[2], [1, 1], [2], [2]]",5,9,0.001112,20,EXACT,1.125,0.0,0,exact_enumeration,,,,0.0,0,3.75,30,True,EXACT,,,
15633632879917000470,2,8,4,"[2, 2, 2, 2]","[[4, 4], [0, 4], [10, 11], [1, 2]]",0.4,1,2,3,2,PP,"[[2], [1, 1], [2], [2]]",5,9,0.0011365,20,EXACT,1.125,0.0,0,exact_enumeration,,,,0.0,0,6.0,48,True,EXACT,,,
15633632879917000470,2,8,4,"[2, 2, 2, 2]","[[4, 4], [0, 4], [10, 11], [1, 2]]",0.4,1,2,3,3,PP,"[[2], [1, 1], [2], [2]]",5,9,0.0011515,20,EXACT,1.125,0.0,0,exact_enumeration,,,,0.0,0,7.5,60,True,EXACT,,,
15633632879917000470,2,8,4,"[2, 2, 2, 2]","[[4, 4], [0, 4], [10, 11], [1, 2]]",0.4,1,2,3,4,PP,"[[2], [1, 1], [2], [2]]",5,9,0.0011365,20,EXACT,1.125,0.0,0,exact_enumeration,,,,0.0,0,9.0,72,True,EXACT,,,
15633632879917000470,2,8,4,"[2, 2, 2, 2]","[[4, 4], [0, 4], [10, 11], [1, 2]]",0.4,1,2,3,5,PP,"[[2], [1, 1], [2], [2]]",5,9,0.0011415,20,EXACT,1.125,0.0,0,exact_enumeration,,,,0.0,0,9.0,72,True,EXACT,,,
15633632879917000470,2,8,4,"[2, 2, 2, 2]","[[4, 4], [0, 4], [10, 11], [1, 2]]",0.4,1,2,4,2,PP,"[[2], [2], [2], [2]]",4,6,0.001187,20,EXACT,1.5,0.375,3,exact_enumeration,,,,2.375,19,9.5,76,True,EXACT,,,
15633632879917000470,2,8,4,"[2, 2, 2, 2]","[[4, 4], [0, 4], [10, 11], [1, 2]]",0.4,1,2,4,3,PP,"[[2], [2], [2], [2]]",4,6,0.0011765,20,EXACT,1.5,0.375,3,exact_enumeration,,,,2.375,19,11.875,95,True,EXACT,,,
15633632879917000470,2,8,4,"[2, 2, 2, 2]","[[4, 4], [0, 4], [10, 11], [1, 2]]",0.4,1,2,4,4,PP,"[[2], [2], [2], [2]]",4,6,0.001187,20,EXACT,1.5,0.375,3,exact_enumeration,,,,2.375,19,14.25,114,True,EXACT,,,
15633632879917000470,2,8,4,"[2, 2, 2, 2]","[[4, 4], [0, 4], [10, 11], [1, 2]]",0.4,1,2,4,5,PP,"[[2], [2], [2], [2]]",4,6,0.001182,20,EXACT,1.5,0.375,3,exact_enumeration,,,,2.375,19,14.25,114,True,EXACT,,,
4207984890178760656,0,8,4,"[2, 2, 2, 2]","[[2, 3], [1, 1], [3, 7], [3, 4]]",0.7,1,2,1,2,PP,"[[2], [2], [1, 1], [2]]",5,9,0.001132,20,EXACT,3.0,0.0,0,exact_enumeration,,,,0.0,0,0.0,0,True,EXACT,,,
4207984890178760656,0,8,4,"[2, 2, 2, 2]","[[2, 3], [1, 1], [3, 7], [3, 4]]",0.7,1,2,1,3,PP,"[[2], [2], [1, 1], [2]]",5,9,0.001132,20,EXACT,3.0,0.0,0,exact_enumeration,,,,0.0,0,0.0,0,True,EXACT,,,
4207984890178760656,0,8,4,"[2, 2, 2, 2]","[[2, 3], [1, 1], [3, 7], [3, 4]]",0.7,1,2,1,4,PP,"[[2], [2], [1, 1], [2]]",5,9,0.001127,20,EXACT,3.0,0.0,0,exact_enumeration,,,,0.0,0,0.0,0,True,EXACT,,,
4207984890178760656,0,8,4,"[2, 2, 2, 2]","[[2, 3], [1, 1], [3, 7], [3, 4]]",0.7,1,2,1,5,PP,"[[2], [2], [1, 1], [2]]",5,9,0.0011465,20,EXACT,3.0,0.0,0,exact_enumeration,,,,0.0,0,0.0,0,True,EXACT,,,
4207984890178760656,0,8,4,"[2, 2, 2, 2]","[[2, 3], [1, 1], [3, 7], [3, 4]]",0.7,1,2,2,2,PP,"[[2], [2], [1, 1], [2]]",5,9,0.001127,20,EXACT,3.0,0.0,0,exact_enumeration,,,,0.0,0,2.5,20,True,EXACT,,,
4207984890178760656,0,8,4,"[2, 2, 2, 2]","[[2, 3], [1, 1], [3, 7], [3, 4]]",0.7,1,2,2,3,PP,"[[2], [2], [1, 1], [2]]",5,9,0.0011665,20,EXACT,3.0,0.0,0,exact_enumeration,,,,0.0,0,3.125,25,True,EXACT,,,
4207984890178760656,0,8,4,"[2, 2, 2, 2]","[[2, 3], [1, 1], [3, 7], [3, 4]]",0.7,1,2,2,4,PP,"[[2], [2], [1, 1], [2]]",5,9,0.001167,20,EXACT,3.0,0.0,0,exact_enumeration,,,,0.0,0,3.75,30,True,EXACT,,,
4207984890178760656,0,8,4,"[2, 2, 2, 2]","[[2, 3], [1, 1], [3, 7], [3, 4]]",0.7,1,2,2,5,PP,"[[2], [2], [1, 1], [2]]",5,9,0.0011415,20,EXACT,3.0,0.0,0,exact_enumeration,,,,0.0,0,3.75,30,True,EXACT,,,
4207984890178760656,0,8,4,"[2, 2, 2, 2]","[[2, 3], [1, 1], [3, 7], [3, 4]]",0.7,1,2,3,2,PP,"[[2], [2], [1, 1], [2]]",5,9,0.0011365,20,EXACT,3.0,0.0,0,exact_enumeration,,,,0.0,0,6.0,48,True,EXACT,,,
4207984890178760656,0,8,4,"[2, 2, 2, 2]","[[2, 3], [1, 1], [3, 7], [3, 4]]",0.7,1,2,3,3,PP,"[[2], [2], [1, 1], [2]]",5,9,0.001137,20,EXACT,3.0,0.0,0,exact_enumeration,,,,0.0,0,7.5,60,True,EXACT,,,
4207984890178760656,0,8,4,"[2, 2, 2, 2]","[[2, 3], [1, 1], [3, 7], [3, 4]]",0.7,1,2,3,4,PP,"[[2], [2], [1, 1], [2]]",5,9,0.001141,20,EXACT,3.0,0.0,0,exact_enumeration,,,,0.0,0,9.0,72,True,EXACT,,,
4207984890178760656,0,8,4,"[2, 2, 2, 2]","[[2, 3], [1, 1], [3, 7], [3, 4]]",0.7,1,2,3,5,PP,"[[2], [2], [1, 1], [2]]",5,9,0.001182,20,EXACT,3.0,0.0,0,exact_enumeration,,,,0.0,0,9.0,72,True,EXACT,,,
4207984890178760656,0,8,4,"[2, 2, 2, 2]","[[2, 3], [1, 1], [3, 7], [3, 4]]",0.7,1,2,4,2,PP,"[[2], [2], [2], [2]]",4,6,0.0011915,20,EXACT,3.0,0.0,0,exact_enumeration,,,,2.375,19,9.5,76,True,EXACT,,,
4207984890178760656,0,8,4,"[2, 2, 2, 2]","[[2, 3], [1, 1], [3, 7], [3, 4]]",0.7,1,2,4,3,PP,"[[2], [2], [2], [2]]",4,6,0.001187,20,EXACT,3.0,0.0,0,exact_enumeration,,,,2.375,19,11.875,95,True,EXACT,,,
4207984890178760656,0,8,4,"[2, 2, 2, 2]","[[2, 3], [1, 1], [3, 7], [3, 4]]",0.7,1,2,4,4,PP,"[[2], [2], [2], [2]]",4,6,0.001181,20,EXACT,3.0,0.0,0,exact_enumeration,,,,2.375,19,14.25,114,True,EXACT,,,
4207984890178760656,0,8,4,"[2, 2, 2, 2]","[[2, 3], [1, 1], [3, 7], [3, 4]]",0.7,1,2,4,5,PP,"[[2], [2], [2], [2]]",4,6,0.0011515,20,EXACT,3.0,0.0,0,exact_enumeration,,,,2.375,19,14.25,114,True,EXACT,,,
16248851039218987387,1,8,4,"[2, 2, 2, 2]","[[2, 6], [1, 4], [2, 4], [4, 7]]",0.7,1,2,1,2,PP,"[[1, 1], [1, 1], [1, 1], [1, 1]]",8,24,0.001167,20,EXACT,2.75,0.0,0,exact_enumeration,,,,0.0,0,0.0,0,True,EXACT,,,
16248851039218987387,1,8,4,"[2, 2, 2, 2]","[[2, 6], [1, 4], [2, 4], [4, 7]]",0.7,1,2,1,3,PP,"[[1, 1], [1, 1], [1, 1], [1, 1]]",8,24,0.001152,20,EXACT,2.75,0.0,0,exact_enumeration,,,,0.0,0,0.0,0,True,EXACT,,,
16248851039218987387,1,8,4,"[2, 2, 2, 2]","[[2, 6], [1, 4], [2, 4], [4, 7]]",0.7,1,2,1,4,PP,"[[1, 1], [1, 1], [1, 1], [1, 1]]",8,24,0.001162,20,EXACT,2.75,0.0,0,exact_enumeration,,,,0.0,0,0.0,0,True,EXACT,,,
16248851039218987387,1,8,4,"[2, 2, 2, 2]","[[2, 6], [1, 4], [2, 4], [4, 7]]",0.7,1,2,1,5,PP,"[[1, 1], [1, 1], [1, 1], [1, 1]]",8,24,0.0011665,20,EXACT,2.75,0.0,0,exact_enumeration,,,,0.0,0,0.0,0,True,EXACT,,,
16248851039218987387,1,8,4,"[2, 2, 2, 2]","[[2, 6], [1, 4], [2, 4], [4, 7]]",0.7,1,2,2,2,PP,"[[1, 1], [1, 1], [2], [1, 1]]",7,18,0.001167,20,EXACT,2.75,0.0,0,exact_enumeration,,,,0.625,5,2.5,20,True,EXACT,,,
16248851039218987387,1,8,4,"[2, 2, 2, 2]","[[2, 6], [1, 4], [2, 4], [4, 7]]",0.7,1,2,2,3,PP,"[[1, 1], [1, 1], [2], [1, 1]]",7,18,0.0011215,20,EXACT,2.75,0.0,0,exact_enumeration,,,,0.625,5,3.125,25,True,EXACT,,,
16248851039218987387,1,8,4,"[2, 2, 2, 2]","[[2, 6], [1, 4], [2, 4], [4, 7]]",0.7,1,2,2,4,PP,"[[1, 1], [1, 1], [2], [1, 1]]",7,18,0.001102,20,EXACT,2.75,0.0,0,exact_enumeration,,,,0.625,5,3.75,30,True,EXACT,,,
16248851039218987387,1,8,4,"[2, 2, 2, 2]","[[2, 6], [1, 4], [2, 4], [4, 7]]",0.7,1,2,2,5,PP,"[[1, 1], [1, 1], [2], [1, 1]]",7,18,0.0012165,20,EXACT,2.75,0.0,0,exact_enumeration,,,,0.625,5,3.75,30,True,EXACT,,,
16248851039218987387,1,8,4,"[2, 2, 2, 2]","[[2, 6], [1, 4], [2, 4], [4, 7]]",0.7,1,2,3,2,PP,"[[1, 1], [2], [2], [2]]",5,9,0.001232,20,EXACT,3.75,1.0,8,exact_enumeration,,,,3.625,29,6.0,48,True,EXACT,,,
16248851039218987387,1,8,4,"[2, 2, 2, 2]","[[2, 6], [1, 4], [2, 4], [4, 7]]",0.7,1,2,3,3,PP,"[[1, 1], [2], [2], [2]]",5,9,0.001222,20,EXACT,3.75,1.0,8,exact_enumeration,,,,3.625,29,7.5,60,True,EXACT,,,
16248851039218987387,1,8,4,"[2, 2, 2, 2]","[[2, 6], [1, 4], [2, 4], [4, 7]]",0.7,1,2,3,4,PP,"[[1, 1], [2], [2], [2]]",5,9,0.001227,20,EXACT,3.75,1.0,8,exact_enumeration,,,,3.625,29,9.0,72,True,EXACT,,,
16248851039218987387,1,8,4,"[2, 2, 2, 2]","[[2, 6], [1, 4], [2, 4], [4, 7]]",0.7,1,2,3,5,PP,"[[1, 1], [2], [2], [2]]",5,9,0.001227,20,EXACT,3.75,1.0,8,exact_enumeration,,,,3.625,29,9.0,72,True,EXACT,,,
16248851039218987387,1,8,4,"[2, 2, 2, 2]","[[2, 6], [1, 4], [2, 4], [4, 7]]",0.7,1,2,4,2,PP,"[[2], [2], [2], [2]]",4,6,0.001217,20,EXACT,4.0,1.25,10,exact_enumeration,,,,6.0,48,9.5,76,True,EXACT,,,
16248851039218987387,1,8,4,"[2, 2, 2, 2]","[[2, 6], [1, 4], [2, 4], [4, 7]]",0.7,1,2,4,3,PP,"[[2], [2], [2], [2]]",4,6,0.001247,20,EXACT,4.0,1.25,10,exact_enumeration,,,,6.0,48,11.875,95,True,EXACT,,,
16248851039218987387,1,8,4,"[2, 2, 2, 2]","[[2, 6], [1, 4], [2, 4], [4, 7]]",0.7,1,2,4,4,PP,"[[2], [2], [2], [2]]",4,6,0.001222,20,EXACT,4.0,1.25,10,exact_enumeration,,,,6.0,48,14.25,114,True,EXACT,,,
16248851039218987387,1,8,4,"[2, 2, 2, 2]","[[2, 6], [1, 4], [2, 4], [4, 7]]",0.7,1,2,4,5,PP,"[[2], [2], [2], [2]]",4,6,0.0012365,20,EXACT,4.0,1.25,10,exact_enumeration,,,,6.0,48,14.25,114,True,EXACT,,,
14373591200640028097,2,8,4,"[2, 2, 2, 2]","[[2, 4], [2, 3], [3, 4], [2, 3]]",0.7,1,2,1,2,PP,"[[1, 1], [2], [2], [2]]",5,9,0.001162,20,EXACT,4.125,0.0,0,exact_enumeration,,,,0.0,0,0.0,0,True,EXACT,,,
14373591200640028097,2,8,4,"[2, 2, 2, 2]","[[2, 4], [2, 3], [3, 4], [2, 3]]",0.7,1,2,1,3,PP,"[[1, 1], [2], [2], [2]]",5,9,0.001121,20,EXACT,4.125,0.0,0,exact_enumeration,,,,0.0,0,0.0,0,True,EXACT,,,
14373591200640028097,2,8,4,"[2, 2, 2, 2]","[[2, 4], [2, 3], [3, 4], [2, 3]]",0.7,1,2,1,4,PP,"[[1, 1], [2], [2], [2]]",5,9,0.001102,20,EXACT,4.125,0.0,0,exact_enumeration,,,,0.0,0,0.0,0,True,EXACT,,,
14373591200640028097,2,8,4,"[2, 2, 2, 2]","[[2, 4], [2, 3], [3, 4], [2, 3]]",0.7,1,2,1,5,PP,"[[1, 1], [2], [2], [2]]",5,9,0.0011215,20,EXACT,4.125,0.0,0,exact_enumeration,,,,0.0,0,0.0,0,True,EXACT,,,
14373591200640028097,2,8,4,"[2, 2, 2, 2]","[[2, 4], [2, 3], [3, 4], [2, 3]]",0.7,1,2,2,2,PP,"[[2], [2], [2], [2]]",4,6,0.0011515,20,EXACT,4.125,0.0,0,exact_enumeration,,,,0.625,5,2.5,20,True,EXACT,,,
14373591200640028097,2,8,4,"[2, 2, 2, 2]","[[2, 4], [2, 3], [3, 4], [2, 3]]",0.7,1,2,2,3,PP,"[[2], [2], [2], [2]]",4,6,0.001132,20,EXACT,4.125,0.0,0,exact_enumeration,,,,0.625,5,3.125,25,True,EXACT,,,
14373591200640028097,2,8,4,"[2, 2, 2, 2]","[[2, 4], [2, 3], [3, 4], [2, 3]]",0.7,1,2,2,4,PP,"[[2], [2], [2], [2]]",4,6,0.0011465,20,EXACT,4.125,0.0,0,exact_enumeration,,,,0.625,5,3.75,30,True,EXACT,,,
14373591200640028097,2,8,4,"[2, 2, 2, 2]","[[2, 4], [2, 3], [3, 4], [2, 3]]",0.7,1,2,2,5,PP,"[[2], [2], [2], [2]]",4,6,0.001152,20,EXACT,4.125,0.0,0,exact_enumeration,,,,0.625,5,3.75,30,True,EXACT,,,
14373591200640028097,2,8,4,"[2, 2, 2, 2]","[[2, 4], [2, 3], [3, 4], [2, 3]]",0.7,1,2,3,2,PP,"[[2], [2], [2], [2]]",4,6,0.0011165,20,EXACT,4.125,0.0,0,exact_enumeration,,,,0.625,5,6.0,48,True,EXACT,,,
14373591200640028097,2,8,4,"[2, 2, 2, 2]","[[2, 4], [2, 3], [3, 4], [2, 3]]",0.7,1,2,3,3,PP,"[[2], [2], [2], [2]]",4,6,0.0011115,20,EXACT,4.125,0.0,0,exact_enumeration,,,,0.625,5,7.5,60,True,EXACT,,,
14373591200640028097,2,8,4,"[2, 2, 2, 2]","[[2, 4], [2, 3], [3, 4], [2, 3]]",0.7,1,2,3,4,PP,"[[2], [2], [2], [2]]",4,6,0.0011215,20,EXACT,4.125,0.0,0,exact_enumeration,,,,0.625,5,9.0,72,True,EXACT,,,
14373591200640028097,2,8,4,"[2, 2, 2, 2]","[[2, 4], [2, 3], [3, 4], [2, 3]]",0.7,1,2,3,5,PP,"[[2], [2], [2], [2]]",4,6,0.0011215,20,EXACT,4.125,0.0,0,exact_enumeration,,,,0.625,5,9.0,72,True,EXACT,,,
14373591200640028097,2,8,4,"[2, 2, 2, 2]","[[2, 4], [2, 3], [3, 4], [2, 3]]",0.7,1,2,4,2,PP,"[[2], [2], [2], [2]]",4,6,0.001132,20,EXACT,4.125,0.0,0,exact_enumeration,,,,0.625,5,9.5,76,True,EXACT,,,
14373591200640028097,2,8,4,"[2, 2, 2, 2]","[[2, 4], [2, 3], [3, 4], [2, 3]]",0.7,1,2,4,3,PP,"[[2], [2], [2], [2]]",4,6,0.001127,20,EXACT,4.125,0.0,0,exact_enumeration,,,,0.625,5,11.875,95,True,EXACT,,,
14373591200640028097,2,8,4,"[2, 2, 2, 2]","[[2, 4], [2, 3], [3, 4], [2, 3]]",0.7,1,2,4,4,PP,"[[2], [2], [2], [2]]",4,6,0.001112,20,EXACT,4.125,0.0,0,exact_enumeration,,,,0.625,5,14.25,114,True,EXACT,,,
14373591200640028097,2,8,4,"[2, 2, 2, 2]","[[2, 4], [2, 3], [3, 4], [2, 3]]",0.7,1,2,4,5,PP,"[[2], [2], [2], [2]]",4,6,0.001152,20,EXACT,4.125,0.0,0,exact_enumeration,,,,0.625,5,14.25,114,True,EXACT,,,
8767885486576300976,0,8,4,"[2, 2, 2, 2]","[[2, 3], [1, 2], [2, 4], [0, 1]]",1.0,1,2,1,2,PP,"[[2], [2], [1, 1], [2]]",5,9,0.0011015,20,EXACT,3.125,0.0,0,exact_enumeration,,,,0.0,0,0.0,0,True,EXACT,,,
8767885486576300976,0,8,4,"[2, 2, 2, 2]","[[2, 3], [1, 2], [2, 4], [0, 1]]",1.0,1,2,1,3,PP,"[[2], [2], [1, 1], [2]]",5,9,0.0011065,20,EXACT,3.125,0.0,0,exact_enumeration,,,,0.0,0,0.0,0,True,EXACT,,,
8767885486576300976,0,8,4,"[2, 2, 2, 2]","[[2, 3], [1, 2], [2, 4], [0, 1]]",1.0,1,2,1,4,PP,"[[2], [2], [1, 1], [2]]",5,9,0.001122,20,EXACT,3.125,0.0,0,exact_enumeration,,,,0.0,0,0.0,0,True,EXACT,,,
8767885486576300976,0,8,4,"[2, 2, 2, 2]","[[2, 3], [1, 2], [2, 4], [0, 1]]",1.0,1,2,1,5,PP,"[[2], [2], [1, 1], [2]]",5,9,0.001102,20,EXACT,3.125,0.0,0,exact_enumeration,,,,0.0,0,0.0,0,True,EXACT,,,
8767885486576300976,0,8,4,"[2, 2, 2, 2]","[[2, 3], [1, 2], [2, 4], [0, 1]]",1.0,1,2,2,2,PP,"[[2], [2], [2], [2]]",4,6,0.0011165,20,EXACT,3.125,0.0,0,exact_enumeration,,,,0.625,5,2.5,20,True,EXACT,,,
8767885486576300976,0,8,4,"[2, 2, 2, 2]","[[2, 3], [1, 2], [2, 4], [0, 1]]",1.0,1,2,2,3,PP,"[[2], [2], [2], [2]]",4,6,0.001137,20,EXACT,3.125,0.0,0,exact_enumeration,,,,0.625,5,3.125,25,True,EXACT,,,
8767885486576300976,0,8,4,"[2, 2, 2, 2]","[[2, 3], [1, 2], [2, 4], [0, 1]]",1.0,1,2,2,4,PP,"[[2], [2], [2], [2]]",4,6,0.001122,20,EXACT,3.125,0.0,0,exact_enumeration,,,,0.625,5,3.75,30,True,EXACT,,,
8767885486576300976,0,8,4,"[2, 2, 2, 2]","[[2, 3], [1, 2], [2, 4], [0, 1]]",1.0,1,2,2,5,PP,"[[2], [2], [2], [2]]",4,6,0.001332,20,EXACT,3.125,0.0,0,exact_enumeration,,,,0.625,5,3.75,30,True,EXACT,,,
8767885486576300976,0,8,4,"[2, 2, 2, 2]","[[2, 3], [1, 2], [2, 4], [0, 1]]",1.0,1,2,3,2,PP,"[[2], [2], [2], [2]]",4,6,0.001297,20,EXACT,3.125,0.0,0,exact_enumeration,,,,0.625,5,6.0,48,True,EXACT,,,
8767885486576300976,0,8,4,"[2, 2, 2, 2]","[[2, 3], [1, 2], [2, 4], [0, 1]]",1.0,1,2,3,3,PP,"[[2], [2], [2], [2]]",4,6,0.001142,20,EXACT,3.125,0.0,0,exact_enumeration,,,,0.625,5,7.5,60,True,EXACT,,,
8767885486576300976,0,8,4,"[2, 2, 2, 2]","[[2, 3], [1, 2], [2, 4], [0, 1]]",1.0,1,2,3,4,PP,"[[2], [2], [2], [2]]",4,6,0.001132,20,EXACT,3.125,0.0,0,exact_enumeration,,,,0.625,5,9.0,72,True,EXACT,,,
8767885486576300976,0,8,4,"[2, 2, 2, 2]","[[2, 3], [1, 2], [2, 4], [0, 1]]",1.0,1,2,3,5,PP,"[[2], [2], [2], [2]]",4,6,0.001132,20,EXACT,3.125,0.0,0,exact_enumeration,,,,0.625,5,9.0,72,True,EXACT,,,
8767885486576300976,0,8,4,"[2, 2, 2, 2]","[[2, 3], [1, 2], [2, 4], [0, 1]]",1.0,1,2,4,2,PP,"[[2], [2], [2], [2]]",4,6,0.0011065,20,EXACT,3.125,0.0,0,exact_enumeration,,,,0.625,5,9.5,76,True,EXACT,,,
8767885486576300976,0,8,4,"[2, 2, 2, 2]","[[2, 3], [1, 2], [2, 4], [0, 1]]",1.0,1,2,4,3,PP,"[[2], [2], [2], [2]]",4,6,0.001102,20,EXACT,3.125,0.0,0,exact_enumeration,,,,0.625,5,11.875,95,True,EXACT,,,
8767885486576300976,0,8,4,"[2, 2, 2, 2]","[[2, 3], [1, 2], [2, 4], [0, 1]]",1.0,1,2,4,4,PP,"[[2], [2], [2], [2]]",4,6,0.001097,20,EXACT,3.125,0.0,0,exact_enumeration,,,,0.625,5,14.25,114,True,EXACT,,,
8767885486576300976,0,8,4,"[2, 2, 2, 2]","[[2, 3], [1, 2], [2, 4], [0, 1]]",1.0,1,2,4,5,PP,"[[2], [2], [2], [2]]",4,6,0.001132,20,EXACT,3.125,0.0,0,exact_enumeration,,,,0.625,5,14.25,114,True,EXACT,,,
17927957233692357348,1,8,4,"[2, 2, 2, 2]","[[1, 2], [2, 2], [3, 3], [0, 2]]",1.0,1,2,1,2,PP,"[[2], [2], [2], [1, 1]]",5,9,0.001137,20,EXACT,3.625,0.0,0,exact_enumeration,,,,0.0,0,0.0,0,True,EXACT,,,
17927957233692357348,1,8,4,"[2, 2, 2, 2]","[[1, 2], [2, 2], [3, 3], [0, 2]]",1.0,1,2,1,3,PP,"[[2], [2], [2], [1, 1]]",5,9,0.001147,20,EXACT,3.625,0.0,0,exact_enumeration,,,,0.0,0,0.0,0,True,EXACT,,,
17927957233692357348,1,8,4,"[2, 2, 2, 2]","[[1, 2], [2, 2], [3, 3], [0, 2]]",1.0,1,2,1,4,PP,"[[2], [2], [2], [1, 1]]",5,9,0.0011665,20,EXACT,3.625,0.0,0,exact_enumeration,,,,0.0,0,0.0,0,True,EXACT,,,
17927957233692357348,1,8,4,"[2, 2, 2, 2]","[[1, 2], [2, 2], [3, 3], [0, 2]]",1.0,1,2,1,5,PP,"[[2], [2], [2], [1, 1]]",5,9,0.0011665,20,EXACT,3.625,0.0,0,exact_enumeration,,,,0.0,0,0.0,0,True,EXACT,,,
17927957233692357348,1,8,4,"[2, 2, 2, 2]","[[1, 2], [2, 2], [3, 3], [0, 2]]",1.0,1,2,2,2,PP,"[[2], [2], [2], [2]]",4,6,0.001152,20,EXACT,4.0,0.375,3,exact_enumeration,,,,0.625,5,2.5,20,True,EXACT,,,
17927957233692357348,1,8,4,"[2, 2, 2, 2]","[[1, 2], [2, 2], [3, 3], [0, 2]]",1.0,1,2,2,3,PP,"[[2], [2], [2], [2]]",4,6,0.0011265,20,EXACT,4.0,0.375,3,exact_enumeration,,,,0.625,5,3.125,25,True,EXACT,,,
17927957233692357348,1,8,4,"[2, 2, 2, 2]","[[1, 2], [2, 2], [3, 3], [0, 2]]",1.0,1,2,2,4,PP,"[[2], [2], [2], [2]]",4,6,0.001142,20,EXACT,4.0,0.375,3,exact_enumeration,,,,0.625,5,3.75,30,True,EXACT,,,
17927957233692357348,1,8,4,"[2, 2, 2, 2]","[[1, 2], [2, 2], [3, 3], [0, 2]]",1.0,1,2,2,5,PP,"[[2], [2], [2], [2]]",4,6,0.0011065,20,EXACT,4.0,0.375,3,exact_enumeration,,,,0.625,5,3.75,30,True,EXACT,,,
17927957233692357348,1,8,4,"[2, 2, 2, 2]","[[1, 2], [2, 2], [3, 3], [0, 2]]",1.0,1,2,3,2,PP,"[[2], [2], [2], [2]]",4,6,0.001137,20,EXACT,4.0,0.375,3,exact_enumeration,,,,0.625,5,6.0,48,True,EXACT,,,
17927957233692357348,1,8,4,"[2, 2, 2, 2]","[[1, 2], [2, 2], [3, 3], [0, 2]]",1.0,1,2,3,3,PP,"[[2], [2], [2], [2]]",4,6,0.001141,20,EXACT,4.0,0.375,3,exact_enumeration,,,,0.625,5,7.5,60,True,EXACT,,,
17927957233692357348,1,8,4,"[2, 2, 2, 2]","[[1, 2], [2, 2], [3, 3], [0, 2]]",1.0,1,2,3,4,PP,"[[2], [2], [2], [2]]",4,6,0.0011065,20,EXACT,4.0,0.375,3,exact_enumeration,,,,0.625,5,9.0,72,True,EXACT,,,
17927957233692357348,1,8,4,"[2, 2, 2, 2]","[[1, 2], [2, 2], [3, 3], [0, 2]]",1.0,1,2,3,5,PP,"[[2], [2], [2], [2]]",4,6,0.001117,20,EXACT,4.0,0.375,3,exact_enumeration,,,,0.625,5,9.0,72,True,EXACT,,,
17927957233692357348,1,8,4,"[2, 2, 2, 2]","[[1, 2], [2, 2], [3, 3], [0, 2]]",1.0,1,2,4,2,PP,"[[2], [2], [2], [2]]",4,6,0.001122,20,EXACT,4.0,0.375,3,exact_enumeration,,,,0.625,5,9.5,76,True,EXACT,,,
17927957233692357348,1,8,4,"[2, 2, 2, 2]","[[1, 2], [2, 2], [3, 3], [0, 2]]",1.0,1,2,4,3,PP,"[[2], [2], [2], [2]]",4,6,0.001127,20,EXACT,4.0,0.375,3,exact_enumeration,,,,0.625,5,11.875,95,True,EXACT,,,
17927957233692357348,1,8,4,"[2, 2, 2, 2]","[[1, 2], [2, 2], [3, 3], [0, 2]]",1.0,1,2,4,4,PP,"[[2], [2], [2], [2]]",4,6,0.0011315,20,EXACT,4.0,0.375,3,exact_enumeration,,,,0.625,5,14.25,114,True,EXACT,,,
17927957233692357348,1,8,4,"[2, 2, 2, 2]","[[1, 2], [2, 2], [3, 3], [0, 2]]",1.0,1,2,4,5,PP,"[[2], [2], [2], [2]]",4,6,0.0011465,20,EXACT,4.0,0.375,3,exact_enumeration,,,,0.625,5,14.25,114,True,EXACT,,,
3254255214991610470,2,8,4,"[2, 2, 2, 2]","[[0, 0], [0, 0], [2, 2], [1, 2]]",1.0,1,2,1,2,PP,"[[2], [2], [2], [2]]",4,6,0.0011665,20,EXACT,4.125,0.0,0,exact_enumeration,,,,0.0,0,0.0,0,True,EXACT,,,
3254255214991610470,2,8,4,"[2, 2, 2, 2]","[[0, 0], [0, 0], [2, 2], [1, 2]]",1.0,1,2,1,3,PP,"[[2], [2], [2], [2]]",4,6,0.0011265,20,EXACT,4.125,0.0,0,exact_enumeration,,,,0.0,0,0.0,0,True,EXACT,,,
3254255214991610470,2,8,4,"[2, 2, 2, 2]","[[0, 0], [0, 0], [2, 2], [1, 2]]",1.0,1,2,1,4,PP,"[[2], [2], [2], [2]]",4,6,0.001112,20,EXACT,4.125,0.0,0,exact_enumeration,,,,0.0,0,0.0,0,True,EXACT,,,
3254255214991610470,2,8,4,"[2, 2, 2, 2]","[[0, 0], [0, 0], [2, 2], [1, 2]]",1.0,1,2,1,5,PP,"[[2], [2], [2], [2]]",4,6,0.001137,20,EXACT,4.125,0.0,0,exact_enumeration,,,,0.0,0,0.0,0,True,EXACT,,,
3254255214991610470,2,8,4,"[2, 2, 2, 2]","[[0, 0], [0, 0], [2, 2], [1, 2]]",1.0,1,2,2,2,PP,"[[2], [2], [2], [2]]",4,6,0.001102,20,EXACT,4.125,0.0,0,exact_enumeration,,,,0.0,0,2.5,20,True,EXACT,,,
3254255214991610470,2,8,4,"[2, 2, 2, 2]","[[0, 0], [0, 0], [2, 2], [1, 2]]",1.0,1,2,2,3,PP,"[[2], [2], [2], [2]]",4,6,0.0011165,20,EXACT,4.125,0.0,0,exact_enumeration,,,,0.0,0,3.125,25,True,EXACT,,,
3254255214991610470,2,8,4,"[2, 2, 2, 2]","[[0, 0], [0, 0], [2, 2], [1, 2]]",1.0,1,2,2,4,PP,"[[2], [2], [2], [2]]",4,6,0.0011315,20,EXACT,4.125,0.0,0,exact_enumeration,,,,0.0,0,3.75,30,True,EXACT,,,
3254255214991610470,2,8,4,"[2, 2, 2, 2]","[[0, 0], [0, 0], [2, 2], [1, 2]]",1.0,1,2,2,5,PP,"[[2], [2], [2], [2]]",4,6,0.001107,20,EXACT,4.125,0.0,0,exact_enumeration,,,,0.0,0,3.75,30,True,EXACT,,,
3254255214991610470,2,8,4,"[2, 2, 2, 2]","[[0, 0], [0, 0], [2, 2], [1, 2]]",1.0,1,2,3,2,PP,"[[2], [2], [2], [2]]",4,6,0.001102,20,EXACT,4.125,0.0,0,exact_enumeration,,,,0.0,0,6.0,48,True,EXACT,,,
3254255214991610470,2,8,4,"[2, 2, 2, 2]","[[0, 0], [0, 0], [2, 2], [1, 2]]",1.0,1,2,3,3,PP,"[[2], [2], [2], [2]]",4,6,0.0011215,20,EXACT,4.125,0.0,0,exact_enumeration,,,,0.0,0,7.5,60,True,EXACT,,,
3254255214991610470,2,8,4,"[2, 2, 2, 2]","[[0, 0], [0, 0], [2, 2], [1, 2]]",1.0,1,2,3,4,PP,"[[2], [2], [2], [2]]",4,6,0.001122,20,EXACT,4.125,0.0,0,exact_enumeration,,,,0.0,0,9.0,72,True,EXACT,,,
3254255214991610470,2,8,4,"[2, 2, 2, 2]","[[0, 0], [0, 0], [2, 2], [1, 2]]",1.0,1,2,3,5,PP,"[[2], [2], [2], [2]]",4,6,0.0011165,20,EXACT,4.125,0.0,0,exact_enumeration,,,,0.0,0,9.0,72,True,EXACT,,,
3254255214991610470,2,8,4,"[2, 2, 2, 2]","[[0, 0], [0, 0], [2, 2], [1, 2]]",1.0,1,2,4,2,PP,"[[2], [2], [2], [2]]",4,6,0.001122,20,EXACT,4.125,0.0,0,exact_enumeration,,,,0.0,0,9.5,76,True,EXACT,,,
3254255214991610470,2,8,4,"[2, 2, 2, 2]","[[0, 0], [0, 0], [2, 2], [1, 2]]",1.0,1,2,4,3,PP,"[[2], [2], [2], [2]]",4,6,0.001127,20,EXACT,4.125,0.0,0,exact_enumeration,,,,0.0,0,11.875,95,True,EXACT,,,
3254255214991610470,2,8,4,"[2, 2, 2, 2]","[[0, 0], [0, 0], [2, 2], [1, 2]]",1.0,1,2,4,4,PP,"[[2], [2], [2], [2]]",4,6,0.001127,20,EXACT,4.125,0.0,0,exact_enumeration,,,,0.0,0,14.25,114,True,EXACT,,,
3254255214991610470,2,8,4,"[2, 2, 2, 2]","[[0, 0], [0, 0], [2, 2], [1, 2]]",1.0,1,2,4,5,PP,"[[2], [2], [2], [2]]",4,6,0.001132,20,EXACT,4.125,0.0,0,exact_enumeration,,,,0.0,0,14.25,114,True,EXACT,,,
13684777053113107035,0,12,4,"[3, 3, 3, 3]","[[6, 8, 8], [2, 2, 9], [3, 5, 10], [2, 3, 7]]",0.4,1,2,1,2,PP,"[[1, 2], [2, 1], [1, 1, 1], [2, 1]]",9,30,0.003836,20,OPTIMAL,3.9166666666666665,0.0,0,np_gurobi_optimal,0.07165288925170898,0.0,814.0,0.0,0,0.0,0,True,OPTIMAL,0.7981469631195068,0.0,4808.0
13684777053113107035,0,12,4,"[3, 3, 3, 3]","[[6, 8, 8], [2, 2, 9], [3, 5, 10], [2, 3, 7]]",0.4,1,2,1,3,PP,"[[1, 2], [2, 1], [1, 1, 1], [2, 1]]",9,30,0.0037455,20,OPTIMAL,3.9166666666666665,0.0,0,np_gurobi_optimal,0.07140207290649414,0.0,814.0,0.0,0,0.0,0,True,OPTIMAL,0.7981469631195068,0.0,4808.0
13684777053113107035,0,12,4,"[3, 3, 3, 3]","[[6, 8, 8], [2, 2, 9], [3, 5, 10], [2, 3, 7]]",0.4,1,2,1,4,PP,"[[1, 2], [2, 1], [1, 1, 1], [2, 1]]",9,30,0.004016,20,OPTIMAL,3.9166666666666665,0.0,0,np_gurobi_optimal,0.07194399833679199,0.0,814.0,0.0,0,0.0,0,True,OPTIMAL,0.7981469631195068,0.0,4808.0
13684777053113107035,0,12,4,"[3, 3, 3, 3]","[[6, 8, 8], [2, 2, 9], [3, 5, 10], [2, 3, 7]]",0.4,1,2,1,5,PP,"[[1, 2], [2, 1], [1, 1, 1], [2, 1]]",9,30,0.004416,20,OPTIMAL,3.9166666666666665,0.0,0,np_gurobi_optimal,0.0720670223236084,0.0,814.0,0.0,0,0.0,0,True,OPTIMAL,0.7981469631195068,0.0,4808.0
13684777053113107035,0,12,4,"[3, 3, 3, 3]","[[6, 8, 8], [2, 2, 9], [3, 5, 10], [2, 3, 7]]",0.4,1,2,2,2,PP,"[[2, 1], [2, 1], [2, 1], [2, 1]]",8,24,0.003856,20,OPTIMAL,3.9166666666666665,0.0,0,np_gurobi_optimal,0.04291510581970215,0.0,225.0,1.5,18,4.5,54,True,OPTIMAL,0.7981469631195068,0.0,4808.0
13684777053113107035,0,12,4,"[3, 3, 3, 3]","[[6, 8, 8], [2, 2, 9], [3, 5, 10], [2, 3, 7]]",0.4,1,2,2,3,PP,"[[3], [2, 1], [2, 1], [2, 1]]",7,18,0.003721,20,OPTIMAL,3.9166666666666665,0.0,0,np_gurobi_optimal,0.021003007888793945,0.0,145.0,1.5,18,6.0,72,True,OPTIMAL,0.7981469631195068,0.0,4808.0
13684777053113107035,0,12,4,"[3, 3, 3, 3]","[[6, 8, 8], [2, 2, 9], [3, 5, 10], [2, 3, 7]]",0.4,1,2,2,4,PP,"[[3], [2, 1], [2, 1], [2, 1]]",7,18,0.003736,20,OPTIMAL,3.9166666666666665,0.0,0,np_gurobi_optimal,0.021183013916015625,0.0,145.0,1.5,18,6.75,81,True,OPTIMAL,0.7981469631195068,0.0,4808.0
13684777053113107035,0,12,4,"[3, 3, 3, 3]","[[6, 8, 8], [2, 2, 9], [3, 5, 10], [2, 3, 7]]",0.4,1,2,2,5,PP,"[[3], [2, 1], [2, 1], [2, 1]]",7,18,0.003756,20,OPTIMAL,3.9166666666666665,0.0,0,np_gurobi_optimal,0.021028995513916016,0.0,145.0,1.5,18,6.75,81,True,OPTIMAL,0.7981469631195068,0.0,4808.0
13684777053113107035,0,12,4,"[3, 3, 3, 3]","[[6, 8, 8], [2, 2, 9], [3, 5, 10], [2, 3, 7]]",0.4,1,2,3,2,PP,"[[2, 1], [2, 1], [2, 1], [2, 1]]",8,24,0.003831,20,OPTIMAL,3.9166666666666665,0.0,0,np_gurobi_optimal,0.04212498664855957,0.0,225.0,1.5,18,10.0,120,True,OPTIMAL,0.7981469631195068,0.0,4808.0
13684777053113107035,0,12,4,"[3, 3, 3, 3]","[[6, 8, 8], [2, 2, 9], [3, 5, 10], [2, 3, 7]]",0.4,1,2,3,3,PP,"[[3], [2, 1], [2, 1], [2, 1]]",7,18,0.003861,20,OPTIMAL,3.9166666666666665,0.0,0,np_gurobi_optimal,0.021423816680908203,0.0,145.0,1.5,18,13.333333333333334,160,True,OPTIMAL,0.7981469631195068,0.0,4808.0
13684777053113107035,0,12,4,"[3, 3, 3, 3]","[[6, 8, 8], [2, 2, 9], [3, 5, 10], [2, 3, 7]]",0.4,1,2,3,4,PP,"[[3], [2, 1], [2, 1], [2, 1]]",7,18,0.004221,20,OPTIMAL,3.9166666666666665,0.0,0,np_gurobi_optimal,0.021325111389160156,0.0,145.0,1.5,18,15.0,180,True,OPTIMAL,0.7981469631195068,0.0,4808.0
13684777053113107035,0,12,4,"[3, 3, 3, 3]","[[6, 8, 8], [2, 2, 9], [3, 5, 10], [2, 3, 7]]",0.4,1,2,3,5,PP,"[[3], [2, 1], [2, 1], [2, 1]]",7,18,0.003971,20,OPTIMAL,3.9166666666666665,0.0,0,np_gurobi_optimal,0.02129507064819336,0.0,145.0,1.5,18,15.0,180,True,OPTIMAL,0.7981469631195068,0.0,4808.0
13684777053113107035,0,12,4,"[3, 3, 3, 3]","[[6, 8, 8], [2, 2, 9], [3, 5, 10], [2, 3, 7]]",0.4,1,2,4,2,PP,"[[2, 1], [2, 1], [2, 1], [2, 1]]",8,24,0.004297,20,OPTIMAL,3.9166666666666665,0.0,0,np_gurobi_optimal,0.04182004928588867,0.0,225.0,1.5,18,15.5,186,True,OPTIMAL,0.7981469631195068,0.0,4808.0
13684777053113107035,0,12,4,"[3, 3, 3, 3]","[[6, 8, 8], [2, 2, 9], [3, 5, 10], [2, 3, 7]]",0.4,1,2,4,3,PP,"[[3], [2, 1], [2, 1], [3]]",6,13,0.0038805,20,OPTIMAL,3.9166666666666665,0.0,0,np_gurobi_optimal,0.011461973190307617,0.0,43.0,3.8333333333333335,46,20.666666666666668,248,True,OPTIMAL,0.7981469631195068,0.0,4808.0
13684777053113107035,0,12,4,"[3, 3, 3, 3]","[[6, 8, 8], [2, 2, 9], [3, 5, 10], [2, 3, 7]]",0.4,1,2,4,4,PP,"[[3], [2, 1], [2, 1], [3]]",6,13,0.0043215,20,OPTIMAL,3.9166666666666665,0.0,0,np_gurobi_optimal,0.011123895645141602,0.0,43.0,3.8333333333333335,46,23.25,279,True,OPTIMAL,0.7981469631195068,0.0,4808.0
13684777053113107035,0,12,4,"[3, 3, 3, 3]","[[6, 8, 8], [2, 2, 9], [3, 5, 10], [2, 3, 7]]",0.4,1,2,4,5,PP,"[[3], [2, 1], [2, 1], [3]]",6,13,0.004106,20,OPTIMAL,3.9166666666666665,0.0,0,np_gurobi_optimal,0.011117935180664062,0.0,43.0,3.8333333333333335,46,23.25,279,True,OPTIMAL,0.7981469631195068,0.0,4808.0
9807421015536704312,1,12,4,"[3, 3, 3, 3]","[[4, 8, 11], [2, 3, 3], [3, 5, 9], [10, 15, 16]]",0.4,1,2,1,2,PP,"[[1, 1, 1], [2, 1], [1, 1, 1], [1, 2]]",10,37,0.003711,20,OPTIMAL,2.0,0.0,0,np_gurobi_optimal,0.029783964157104492,0.0,123.0,0.0,0,0.0,0,True,OPTIMAL,0.04738903045654297,0.0,188.0
9807421015536704312,1,12,4,"[3, 3, 3, 3]","[[4, 8, 11], [2, 3, 3], [3, 5, 9], [10, 15, 16]]",0.4,1,2,1,3,PP,"[[1, 1, 1], [3], [1, 1, 1], [1, 2]]",9,29,0.004532,20,OPTIMAL,2.0,0.0,0,np_gurobi_optimal,0.020931005477905273,0.0,82.0,0.0,0,0.0,0,True,OPTIMAL,0.04738903045654297,0.0,188.0
9807421015536704312,1,12,4,"[3, 3, 3, 3]","[[4, 8, 11], [2, 3, 3], [3, 5, 9], [10, 15, 16]]",0.4,1,2,1,4,PP,"[[1, 1, 1], [3], [1, 1, 1], [1, 2]]",9,29,0.0044165,20,OPTIMAL,2.0,0.0,0,np_gurobi_optimal,0.020907878875732422,0.0,82.0,0.0,0,0.0,0,True,OPTIMAL,0.04738903045654297,0.0,188.0
9807421015536704312,1,12,4,"[3, 3, 3, 3]","[[4, 8, 11], [2, 3, 3], [3, 5, 9], [10, 15, 16]]",0.4,1,2,1,5,PP,"[[1, 1, 1], [3], [1, 1, 1], [1, 2]]",9,29,0.0014775,20,OPTIMAL,2.0,0.0,0,np_gurobi_optimal,0.02097296714782715,0.0,82.0,0.0,0,0.0,0,True,OPTIMAL,0.04738903045654297,0.0,188.0
9807421015536704312,1,12,4,"[3, 3, 3, 3]","[[4, 8, 11], [2, 3, 3], [3, 5, 9], [10, 15, 16]]",0.4,1,2,2,2,PP,"[[1, 1, 1], [2, 1], [2, 1], [1, 2]]",9,30,0.00387,20,OPTIMAL,2.0,0.0,0,np_gurobi_optimal,0.018779993057250977,0.0,92.0,0.75,9,4.5,54,True,OPTIMAL,0.04738903045654297,0.0,188.0
9807421015536704312,1,12,4,"[3, 3, 3, 3]","[[4, 8, 11], [2, 3, 3], [3, 5, 9], [10, 15, 16]]",0.4,1,2,2,3,PP,"[[1, 1, 1], [3], [2, 1], [1, 2]]",8,23,0.001327,20,OPTIMAL,2.0,0.0,0,np_gurobi_optimal,0.010692834854125977,0.0,46.0,0.75,9,6.0,72,True,OPTIMAL,0.04738903045654297,0.0,188.0
9807421015536704312,1,12,4,"[3, 3, 3, 3]","[[4, 8, 11], [2, 3, 3], [3, 5, 9], [10, 15, 16]]",0.4,1,2,2,4,PP,"[[1, 1, 1], [3], [2, 1], [1, 2]]",8,23,0.004016,20,OPTIMAL,2.0,0.0,0,np_gurobi_optimal,0.010596990585327148,0.0,46.0,0.75,9,6.75,81,True,OPTIMAL,0.04738903045654297,0.0,188.0
9807421015536704312,1,12,4,"[3, 3, 3, 3]","[[4, 8, 11], [2, 3, 3], [3, 5, 9], [10, 15, 16]]",0.4,1,2,2,5,PP,"[[1, 1, 1], [3], [2, 1], [1, 2]]",8,23,0.004016,20,OPTIMAL,2.0,0.0,0,np_gurobi_optimal,0.010885953903198242,0.0,46.0,0.75,9,6.75,81,True,OPTIMAL,0.04738903045654297,0.0,188.0
9807421015536704312,1,12,4,"[3, 3, 3, 3]","[[4, 8, 11], [2, 3, 3], [3, 5, 9], [10, 15, 16]]",0.4,1,2,3,2,PP,"[[1, 2], [2, 1], [2, 1], [1, 2]]",8,24,0.003831,20,OPTIMAL,2.0,0.0,0,np_gurobi_optimal,0.010464906692504883,0.0,40.0,2.25,27,10.0,120,True,OPTIMAL,0.04738903045654297,0.0,188.0
9807421015536704312,1,12,4,"[3, 3, 3, 3]","[[4, 8, 11], [2, 3, 3], [3, 5, 9], [10, 15, 16]]",0.4,1,2,3,3,PP,"[[1, 2], [3], [2, 1], [1, 2]]",7,18,0.004006,20,OPTIMAL,2.0,0.0,0,np_gurobi_optimal,0.009226799011230469,0.0,14.0,2.25,27,13.333333333333334,160,True,OPTIMAL,0.04738903045654297,0.0,188.0
9807421015536704312,1,12,4,"[3, 3, 3, 3]","[[4, 8, 11], [2, 3, 3], [3, 5, 9], [10, 15, 16]]",0.4,1,2,3,4,PP,"[[1, 2], [3], [2, 1], [1, 2]]",7,18,0.001387,20,OPTIMAL,2.0,0.0,0,np_gurobi_optimal,0.008553028106689453,0.0,14.0,2.25,27,15.0,180,True,OPTIMAL,0.04738903045654297,0.0,188.0
9807421015536704312,1,12,4,"[3, 3, 3, 3]","[[4, 8, 11], [2, 3, 3], [3, 5, 9], [10, 15, 16]]",0.4,1,2,3,5,PP,"[[1, 2], [3], [2, 1], [1, 2]]",7,18,0.001267,20,OPTIMAL,2.0,0.0,0,np_gurobi_optimal,0.0087738037109375,0.0,14.0,2.25,27,15.0,180,True,OPTIMAL,0.04738903045654297,0.0,188.0
9807421015536704312,1,12,4,"[3, 3, 3, 3]","[[4, 8, 11], [2, 3, 3], [3, 5, 9], [10, 15, 16]]",0.4,1,2,4,2,PP,"[[2, 1], [2, 1], [2, 1], [1, 2]]",8,24,0.001297,20,OPTIMAL,2.0,0.0,0,np_gurobi_optimal,0.016159772872924805,0.0,28.0,3.3333333333333335,40,15.5,186,True,OPTIMAL,0.04738903045654297,0.0,188.0
9807421015536704312,1,12,4,"[3, 3, 3, 3]","[[4, 8, 11], [2, 3, 3], [3, 5, 9], [10, 15, 16]]",0.4,1,2,4,3,PP,"[[3], [3], [3], [1, 2]]",5,9,0.003711,20,OPTIMAL,2.1666666666666665,0.16666666666666652,2,np_gurobi_optimal,0.0008130073547363281,0.0,1.0,7.166666666666667,86,20.666666666666668,248,True,OPTIMAL,0.04738903045654297,0.0,188.0
9807421015536704312,1,12,4,"[3, 3, 3, 3]","[[4, 8, 11], [2, 3, 3], [3, 5, 9], [10, 15, 16]]",0.4,1,2,4,4,PP,"[[3], [3], [3], [1, 2]]",5,9,0.001242,20,OPTIMAL,2.1666666666666665,0.16666666666666652,2,np_gurobi_optimal,0.0008289813995361328,0.0,1.0,7.166666666666667,86,23.25,279,True,OPTIMAL,0.04738903045654297,0.0,188.0
9807421015536704312,1,12,4,"[3, 3, 3, 3]","[[4, 8, 11], [2, 3, 3], [3, 5, 9], [10, 15, 16]]",0.4,1,2,4,5,PP,"[[3], [3], [3], [1, 2]]",5,9,0.004482,20,OPTIMAL,2.1666666666666665,0.16666666666666652,2,np_gurobi_optimal,0.001046895980834961,0.0,1.0,7.166666666666667,86,23.25,279,True,OPTIMAL,0.04738903045654297,0.0,188.0
7561945095186169731,2,12,4,"[3, 3, 3, 3]","[[3, 6, 15], [5, 7, 14], [0, 0, 0], [6, 7, 13]]",0.4,1,2,1,2,PP,"[[1, 1, 1], [1, 1, 1], [2, 1], [2, 1]]",10,37,0.004707,20,OPTIMAL,1.75,0.0,0,np_gurobi_optimal,0.013015031814575195,0.0,21.0,0.0,0,0.0,0,True,OPTIMAL,0.02907395362854004,0.0,44.0
7561945095186169731,2,12,4,"[3, 3, 3, 3]","[[3, 6, 15], [5, 7, 14], [0, 0, 0], [6, 7, 13]]",0.4,1,2,1,3,PP,"[[1, 1, 1], [1, 1, 1], [3], [2, 1]]",9,29,0.00354,20,OPTIMAL,1.75,0.0,0,np_gurobi_optimal,0.00931406021118164,0.0,31.0,0.0,0,0.0,0,True,OPTIMAL,0.02907395362854004,0.0,44.0
7561945095186169731,2,12,4,"[3, 3, 3, 3]","[[3, 6, 15], [5, 7, 14], [0, 0, 0], [6, 7, 13]]",0.4,1,2,1,4,PP,"[[1, 1, 1], [1, 1, 1], [3], [2, 1]]",9,29,0.003921,20,OPTIMAL,1.75,0.0,0,np_gurobi_optimal,0.00988006591796875,0.0,31.0,0.0,0,0.0,0,True,OPTIMAL,0.02907395362854004,0.0,44.0
7561945095186169731,2,12,4,"[3, 3, 3, 3]","[[3, 6, 15], [5, 7, 14], [0, 0, 0], [6, 7, 13]]",0.4,1,2,1,5,PP,"[[1, 1, 1], [1, 1, 1], [3], [2, 1]]",9,29,0.0045215,20,OPTIMAL,1.75,0.0,0,np_gurobi_optimal,0.009586095809936523,0.0,31.0,0.0,0,0.0,0,True,OPTIMAL,0.02907395362854004,0.0,44.0
7561945095186169731,2,12,4,"[3, 3, 3, 3]","[[3, 6, 15], [5, 7, 14], [0, 0, 0], [6, 7, 13]]",0.4,1,2,2,2,PP,"[[1, 1, 1], [2, 1], [2, 1], [2, 1]]",9,30,0.0041765,20,OPTIMAL,1.75,0.0,0,np_gurobi_optimal,0.006972789764404297,0.0,12.0,0.75,9,4.5,54,True,OPTIMAL,0.02907395362854004,0.0,44.0
7561945095186169731,2,12,4,"[3, 3, 3, 3]","[[3, 6, 15], [5, 7, 14], [0, 0, 0], [6, 7, 13]]",0.4,1,2,2,3,PP,"[[1, 1, 1], [2, 1], [3], [2, 1]]",8,23,0.001287,20,OPTIMAL,1.75,0.0,0,np_gurobi_optimal,0.01036691665649414,0.0,14.0,0.75,9,6.0,72,True,OPTIMAL,0.02907395362854004,0.0,44.0
7561945095186169731,2,12,4,"[3, 3, 3, 3]","[[3, 6, 15], [5, 7, 14], [0, 0, 0], [6, 7, 13]]",0.4,1,2,2,4,PP,"[[1, 1, 1], [2, 1], [3], [2, 1]]",8,23,0.0043865,20,OPTIMAL,1.75,0.0,0,np_gurobi_optimal,0.01073598861694336,0.0,14.0,0.75,9,6.75,81,True,OPTIMAL,0.02907395362854004,0.0,44.0
7561945095186169731,2,12,4,"[3, 3, 3, 3]","[[3, 6, 15], [5, 7, 14], [0, 0, 0], [6, 7, 13]]",0.4,1,2,2,5,PP,"[[1, 1, 1], [2, 1], [3], [2, 1]]",8,23,0.001452,20,OPTIMAL,1.75,0.0,0,np_gurobi_optimal,0.01075601577758789,0.0,14.0,0.75,9,6.75,81,True,OPTIMAL,0.02907395362854004,0.0,44.0
7561945095186169731,2,12,4,"[3, 3, 3, 3]","[[3, 6, 15], [5, 7, 14], [0, 0, 0], [6, 7, 13]]",0.4,1,2,3,2,PP,"[[2, 1], [2, 1], [2, 1], [2, 1]]",8,24,0.003861,20,OPTIMAL,1.8333333333333333,0.08333333333333326,1,np_gurobi_optimal,0.0065081119537353516,0.0,1.0,2.4166666666666665,29,10.0,120,True,OPTIMAL,0.02907395362854004,0.0,44.0
7561945095186169731,2,12,4,"[3, 3, 3, 3]","[[3, 6, 15], [5, 7, 14], [0, 0, 0], [6, 7, 13]]",0.4,1,2,3,3,PP,"[[2, 1], [2, 1], [3], [2, 1]]",7,18,0.003811,20,OPTIMAL,1.8333333333333333,0.08333333333333326,1,np_gurobi_optimal,0.004021883010864258,0.0,5.0,2.4166666666666665,29,13.333333333333334,160,True,OPTIMAL,0.02907395362854004,0.0,44.0
7561945095186169731,2,12,4,"[3, 3, 3, 3]","[[3, 6, 15], [5, 7, 14], [0, 0, 0], [6, 7, 13]]",0.4,1,2,3,4,PP,"[[2, 1], [2, 1], [3], [2, 1]]",7,18,0.0038405,20,OPTIMAL,1.8333333333333333,0.08333333333333326,1,np_gurobi_optimal,0.004040956497192383,0.0,5.0,2.4166666666666665,29,15.0,180,True,OPTIMAL,0.02907395362854004,0.0,44.0
7561945095186169731,2,12,4,"[3, 3, 3, 3]","[[3, 6, 15], [5, 7, 14], [0, 0, 0], [6, 7, 13]]",0.4,1,2,3,5,PP,"[[2, 1], [2, 1], [3], [2, 1]]",7,18,0.004502,20,OPTIMAL,1.8333333333333333,0.08333333333333326,1,np_gurobi_optimal,0.004309892654418945,0.0,5.0,2.4166666666666665,29,15.0,180,True,OPTIMAL,0.02907395362854004,0.0,44.0
7561945095186169731,2,12,4,"[3, 3, 3, 3]","[[3, 6, 15], [5, 7, 14], [0, 0, 0], [6, 7, 13]]",0.4,1,2,4,2,PP,"[[2, 1], [2, 1], [2, 1], [2, 1]]",8,24,0.004522,20,OPTIMAL,1.8333333333333333,0.08333333333333326,1,np_gurobi_optimal,0.006453037261962891,0.0,1.0,2.4166666666666665,29,15.5,186,True,OPTIMAL,0.02907395362854004,0.0,44.0
7561945095186169731,2,12,4,"[3, 3, 3, 3]","[[3, 6, 15], [5, 7, 14], [0, 0, 0], [6, 7, 13]]",0.4,1,2,4,3,PP,"[[2, 1], [2, 1], [3], [2, 1]]",7,18,0.004066,20,OPTIMAL,1.8333333333333333,0.08333333333333326,1,np_gurobi_optimal,0.004288911819458008,0.0,5.0,2.4166666666666665,29,20.666666666666668,248,True,OPTIMAL,0.02907395362854004,0.0,44.0
7561945095186169731,2,12,4,"[3, 3, 3, 3]","[[3, 6, 15], [5, 7, 14], [0, 0, 0], [6, 7, 13]]",0.4,1,2,4,4,PP,"[[2, 1], [2, 1], [3], [2, 1]]",7,18,0.004411,20,OPTIMAL,1.8333333333333333,0.08333333333333326,1,np_gurobi_optimal,0.004311084747314453,0.0,5.0,2.4166666666666665,29,23.25,279,True,OPTIMAL,0.02907395362854004,0.0,44.0
7561945095186169731,2,12,4,"[3, 3, 3, 3]","[[3, 6, 15], [5, 7, 14], [0, 0, 0], [6, 7, 13]]",0.4,1,2,4,5,PP,"[[2, 1], [2, 1], [3], [2, 1]]",7,18,0.0042965,20,OPTIMAL,1.8333333333333333,0.08333333333333326,1,np_gurobi_optimal,0.004317045211791992,0.0,5.0,2.4166666666666665,29,23.25,279,True,OPTIMAL,0.02907395362854004,0.0,44.0
16777210500540875060,0,12,4,"[3, 3, 3, 3]","[[3, 4, 5], [6, 7, 8], [1, 5, 6], [3, 3, 6]]",0.7,1,2,1,2,PP,"[[2, 1], [2, 1], [1, 2], [2, 1]]",8,24,0.0037355,20,OPTIMAL,3.9166666666666665,0.0,0,np_gurobi_optimal,0.022237062454223633,0.0,110.0,0.0,0,0.0,0,True,OPTIMAL,0.16496801376342773,0.0,1327.0
16777210500540875060,0,12,4,"[3, 3, 3, 3]","[[3, 4, 5], [6, 7, 8], [1, 5, 6], [3, 3, 6]]",0.7,1,2,1,3,PP,"[[3], [3], [1, 2], [2, 1]]",6,13,0.0045015,20,OPTIMAL,3.9166666666666665,0.0,0,np_gurobi_optimal,0.011881828308105469,0.0,40.0,0.0,0,0.0,0,True,OPTIMAL,0.16496801376342773,0.0,1327.0
16777210500540875060,0,12,4,"[3, 3, 3, 3]","[[3, 4, 5], [6, 7, 8], [1, 5, 6], [3, 3, 6]]",0.7,1,2,1,4,PP,"[[3], [3], [1, 2], [2, 1]]",6,13,0.0043415,20,OPTIMAL,3.9166666666666665,0.0,0,np_gurobi_optimal,0.012399911880493164,0.0,40.0,0.0,0,0.0,0,True,OPTIMAL,0.16496801376342773,0.0,1327.0
16777210500540875060,0,12,4,"[3, 3, 3, 3]","[[3, 4, 5], [6, 7, 8], [1, 5, 6], [3, 3, 6]]",0.7,1,2,1,5,PP,"[[3], [3], [1, 2], [2, 1]]",6,13,0.0035205,20,OPTIMAL,3.9166666666666665,0.0,0,np_gurobi_optimal,0.01128387451171875,0.0,40.0,0.0,0,0.0,0,True,OPTIMAL,0.16496801376342773,0.0,1327.0
16777210500540875060,0,12,4,"[3, 3, 3, 3]","[[3, 4, 5], [6, 7, 8], [1, 5, 6], [3, 3, 6]]",0.7,1,2,2,2,PP,"[[2, 1], [2, 1], [1, 2], [2, 1]]",8,24,0.004677,20,OPTIMAL,3.9166666666666665,0.0,0,np_gurobi_optimal,0.022639989852905273,0.0,110.0,0.0,0,4.5,54,True,OPTIMAL,0.16496801376342773,0.0,1327.0
16777210500540875060,0,12,4,"[3, 3, 3, 3]","[[3, 4, 5], [6, 7, 8], [1, 5, 6], [3, 3, 6]]",0.7,1,2,2,3,PP,"[[3], [3], [1, 2], [2, 1]]",6,13,0.004046,20,OPTIMAL,3.9166666666666665,0.0,0,np_gurobi_optimal,0.011600971221923828,0.0,40.0,0.0,0,6.0,72,True,OPTIMAL,0.16496801376342773,0.0,1327.0
16777210500540875060,0,12,4,"[3, 3, 3, 3]","[[3, 4, 5], [6, 7, 8], [1, 5, 6], [3, 3, 6]]",0.7,1,2,2,4,PP,"[[3], [3], [1, 2], [2, 1]]",6,13,0.003771,20,OPTIMAL,3.9166666666666665,0.0,0,np_gurobi_optimal,0.011903047561645508,0.0,40.0,0.0,0,6.75,81,True,OPTIMAL,0.16496801376342773,0.0,1327.0
16777210500540875060,0,12,4,"[3, 3, 3, 3]","[[3, 4, 5], [6, 7, 8], [1, 5, 6], [3, 3, 6]]",0.7,1,2,2,5,PP,"[[3], [3], [1, 2], [2, 1]]",6,13,0.0043965,20,OPTIMAL,3.9166666666666665,0.0,0,np_gurobi_optimal,0.011628866195678711,0.0,40.0,0.0,0,6.75,81,True,OPTIMAL,0.16496801376342773,0.0,1327.0
16777210500540875060,0,12,4,"[3, 3, 3, 3]","[[3, 4, 5], [6, 7, 8], [1, 5, 6], [3, 3, 6]]",0.7,1,2,3,2,PP,"[[2, 1], [2, 1], [1, 2], [2, 1]]",8,24,0.004522,20,OPTIMAL,3.9166666666666665,0.0,0,np_gurobi_optimal,0.022449016571044922,0.0,110.0,0.0,0,10.0,120,True,OPTIMAL,0.16496801376342773,0.0,1327.0
16777210500540875060,0,12,4,"[3, 3, 3, 3]","[[3, 4, 5], [6, 7, 8], [1, 5, 6], [3, 3, 6]]",0.7,1,2,3,3,PP,"[[3], [3], [1, 2], [3]]",5,9,0.0043615,20,OPTIMAL,3.9166666666666665,0.0,0,np_gurobi_optimal,0.006965160369873047,0.0,17.0,1.5,18,13.333333333333334,160,True,OPTIMAL,0.16496801376342773,0.0,1327.0
16777210500540875060,0,12,4,"[3, 3, 3, 3]","[[3, 4, 5], [6, 7, 8], [1, 5, 6], [3, 3, 6]]",0.7,1,2,3,4,PP,"[[3], [3], [1, 2], [3]]",5,9,0.0037605,20,OPTIMAL,3.9166666666666665,0.0,0,np_gurobi_optimal,0.006989955902099609,0.0,17.0,1.5,18,15.0,180,True,OPTIMAL,0.16496801376342773,0.0,1327.0
16777210500540875060,0,12,4,"[3, 3, 3, 3]","[[3, 4, 5], [6, 7, 8], [1, 5, 6], [3, 3, 6]]",0.7,1,2,3,5,PP,"[[3], [3], [1, 2], [3]]",5,9,0.00341,20,OPTIMAL,3.9166666666666665,0.0,0,np_gurobi_optimal,0.0066890716552734375,0.0,17.0,1.5,18,15.0,180,True,OPTIMAL,0.16496801376342773,0.0,1327.0
16777210500540875060,0,12,4,"[3, 3, 3, 3]","[[3, 4, 5], [6, 7, 8], [1, 5, 6], [3, 3, 6]]",0.7,1,2,4,2,PP,"[[2, 1], [2, 1], [2, 1], [2, 1]]",8,24,0.003791,20,OPTIMAL,5.25,1.3333333333333335,16,np_gurobi_optimal,0.03473997116088867,0.0,252.0,2.5833333333333335,31,15.5,186,True,OPTIMAL,0.16496801376342773,0.0,1327.0
16777210500540875060,0,12,4,"[3, 3, 3, 3]","[[3, 4, 5], [6, 7, 8], [1, 5, 6], [3, 3, 6]]",0.7,1,2,4,3,PP,"[[3], [3], [3], [3]]",4,6,0.0037255,20,OPTIMAL,5.25,1.3333333333333335,16,np_gurobi_optimal,0.0064618587493896484,0.0,27.0,4.083333333333333,49,20.666666666666668,248,True,OPTIMAL,0.16496801376342773,0.0,1327.0
16777210500540875060,0,12,4,"[3, 3, 3, 3]","[[3, 4, 5], [6, 7, 8], [1, 5, 6], [3, 3, 6]]",0.7,1,2,4,4,PP,"[[3], [3], [3], [3]]",4,6,0.0036305,20,OPTIMAL,5.25,1.3333333333333335,16,np_gurobi_optimal,0.00709986686706543,0.0,27.0,4.083333333333333,49,23.25,279,True,OPTIMAL,0.16496801376342773,0.0,1327.0
16777210500540875060,0,12,4,"[3, 3, 3, 3]","[[3, 4, 5], [6, 7, 8], [1, 5, 6], [3, 3, 6]]",0.7,1,2,4,5,PP,"[[3], [3], [3], [3]]",4,6,0.001287,20,OPTIMAL,5.25,1.3333333333333335,16,np_gurobi_optimal,0.006393909454345703,0.0,27.0,4.083333333333333,49,23.25,279,True,OPTIMAL,0.16496801376342773,0.0,1327.0
1203434733780121643,1,12,4,"[3, 3, 3, 3]","[[5, 6, 7], [4, 8, 9], [2, 3, 4], [0, 3, 5]]",0.7,1,2,1,2,PP,"[[2, 1], [1, 2], [2, 1], [1, 1, 1]]",9,30,0.001297,20,OPTIMAL,3.0,0.0,0,np_gurobi_optimal,0.044281005859375,0.0,240.0,0.0,0,0.0,0,True,OPTIMAL,0.13900208473205566,0.0,1145.0
1203434733780121643,1,12,4,"[3, 3, 3, 3]","[[5, 6, 7], [4, 8, 9], [2, 3, 4], [0, 3, 5]]",0.7,1,2,1,3,PP,"[[3], [1, 2], [3], [1, 1, 1]]",7,17,0.0036805,20,OPTIMAL,3.0,0.0,0,np_gurobi_optimal,0.010601997375488281,0.0,36.0,0.0,0,0.0,0,True,OPTIMAL,0.13900208473205566,0.0,1145.0
1203434733780121643,1,12,4,"[3, 3, 3, 3]","[[5, 6, 7], [4, 8, 9], [2, 3, 4], [0, 3, 5]]",0.7,1,2,1,4,PP,"[[3], [1, 2], [3], [1, 1, 1]]",7,17,0.004512,20,OPTIMAL,3.0,0.0,0,np_gurobi_optimal,0.010561943054199219,0.0,36.0,0.0,0,0.0,0,True,OPTIMAL,0.13900208473205566,0.0,1145.0
1203434733780121643,1,12,4,"[3, 3, 3, 3]","[[5, 6, 7], [4, 8, 9], [2, 3, 4], [0, 3, 5]]",0.7,1,2,1,5,PP,"[[3], [1, 2], [3], [1, 1, 1]]",7,17,0.003976,20,OPTIMAL,3.0,0.0,0,np_gurobi_optimal,0.01180410385131836,0.0,36.0,0.0,0,0.0,0,True,OPTIMAL,0.13900208473205566,0.0,1145.0
1203434733780121643,1,12,4,"[3, 3, 3, 3]","[[5, 6, 7], [4, 8, 9], [2, 3, 4], [0, 3, 5]]",0.7,1,2,2,2,PP,"[[2, 1], [1, 2], [2, 1], [1, 2]]",8,24,0.0039,20,OPTIMAL,3.0,0.0,0,np_gurobi_optimal,0.019768953323364258,0.0,68.0,0.6666666666666666,8,4.5,54,True,OPTIMAL,0.13900208473205566,0.0,1145.0
1203434733780121643,1,12,4,"[3, 3, 3, 3]","[[5, 6, 7], [4, 8, 9], [2, 3, 4], [0, 3, 5]]",0.7,1,2,2,3,PP,"[[3], [1, 2], [3], [1, 2]]",6,13,0.00316,20,OPTIMAL,3.0,0.0,0,np_gurobi_optimal,0.011190176010131836,0.0,26.0,0.6666666666666666,8,6.0,72,True,OPTIMAL,0.13900208473205566,0.0,1145.0
1203434733780121643,1,12,4,"[3, 3, 3, 3]","[[5, 6, 7], [4, 8, 9], [2, 3, 4], [0, 3, 5]]",0.7,1,2,2,4,PP,"[[3], [1, 2], [3], [1, 2]]",6,13,0.003961,20,OPTIMAL,3.0,0.0,0,np_gurobi_optimal,0.011199951171875,0.0,26.0,0.6666666666666666,8,6.75,81,True,OPTIMAL,0.13900208473205566,0.0,1145.0
1203434733780121643,1,12,4,"[3, 3, 3, 3]","[[5, 6, 7], [4, 8, 9], [2, 3, 4], [0, 3, 5]]",0.7,1,2,2,5,PP,"[[3], [1, 2], [3], [1, 2]]",6,13,0.003966,20,OPTIMAL,3.0,0.0,0,np_gurobi_optimal,0.011184930801391602,0.0,26.0,0.6666666666666666,8,6.75,81,True,OPTIMAL,0.13900208473205566,0.0,1145.0
1203434733780121643,1,12,4,"[3, 3, 3, 3]","[[5, 6, 7], [4, 8, 9], [2, 3, 4], [0, 3, 5]]",0.7,1,2,3,2,PP,"[[2, 1], [1, 2], [2, 1], [2, 1]]",8,24,0.0042015,20,OPTIMAL,4.333333333333333,1.333333333333333,16,np_gurobi_optimal,0.0403289794921875,0.0,347.0,1.6666666666666667,20,10.0,120,True,OPTIMAL,0.13900208473205566,0.0,1145.0
1203434733780121643,1,12,4,"[3, 3, 3, 3]","[[5, 6, 7], [4, 8, 9], [2, 3, 4], [0, 3, 5]]",0.7,1,2,3,3,PP,"[[3], [1, 2], [3], [3]]",5,9,0.0038455,20,OPTIMAL,4.333333333333333,1.333333333333333,16,np_gurobi_optimal,0.013145923614501953,0.0,36.0,2.3333333333333335,28,13.333333333333334,160,True,OPTIMAL,0.13900208473205566,0.0,1145.0
1203434733780121643,1,12,4,"[3, 3, 3, 3]","[[5, 6, 7], [4, 8, 9], [2, 3, 4], [0, 3, 5]]",0.7,1,2,3,4,PP,"[[3], [1, 2], [3], [3]]",5,9,0.004602,20,OPTIMAL,4.333333333333333,1.333333333333333,16,np_gurobi_optimal,0.013411998748779297,0.0,36.0,2.3333333333333335,28,15.0,180,True,OPTIMAL,0.13900208473205566,0.0,1145.0
1203434733780121643,1,12,4,"[3, 3, 3, 3]","[[5, 6, 7], [4, 8, 9], [2, 3, 4], [0, 3, 5]]",0.7,1,2,3,5,PP,"[[3], [1, 2], [3], [3]]",5,9,0.0041265,20,OPTIMAL,4.333333333333333,1.333333333333333,16,np_gurobi_optimal,0.01382303237915039,0.0,36.0,2.3333333333333335,28,15.0,180,True,OPTIMAL,0.13900208473205566,0.0,1145.0
1203434733780121643,1,12,4,"[3, 3, 3, 3]","[[5, 6, 7], [4, 8, 9], [2, 3, 4], [0, 3, 5]]",0.7,1,2,4,2,PP,"[[2, 1], [2, 1], [2, 1], [2, 1]]",8,24,0.003836,20,OPTIMAL,4.333333333333333,1.333333333333333,16,np_gurobi_optimal,0.03853201866149902,0.0,201.0,4.25,51,15.5,186,True,OPTIMAL,0.13900208473205566,0.0,1145.0
1203434733780121643,1,12,4,"[3, 3, 3, 3]","[[5, 6, 7], [4, 8, 9], [2, 3, 4], [0, 3, 5]]",0.7,1,2,4,3,PP,"[[3], [3], [3], [3]]",4,6,0.001242,20,OPTIMAL,4.333333333333333,1.333333333333333,16,np_gurobi_optimal,0.006020069122314453,0.0,18.0,4.916666666666667,59,20.666666666666668,248,True,OPTIMAL,0.13900208473205566,0.0,1145.0
1203434733780121643,1,12,4,"[3, 3, 3, 3]","[[5, 6, 7], [4, 8, 9], [2, 3, 4], [0, 3, 5]]",0.7,1,2,4,4,PP,"[[3], [3], [3], [3]]",4,6,0.001257,20,OPTIMAL,4.333333333333333,1.333333333333333,16,np_gurobi_optimal,0.005992889404296875,0.0,18.0,4.916666666666667,59,23.25,279,True,OPTIMAL,0.13900208473205566,0.0,1145.0
1203434733780121643,1,12,4,"[3, 3, 3, 3]","[[5, 6, 7], [4, 8, 9], [2, 3, 4], [0, 3, 5]]",0.7,1,2,4,5,PP,"[[3], [3], [3], [3]]",4,6,0.003405,20,OPTIMAL,4.333333333333333,1.333333333333333,16,np_gurobi_optimal,0.0060389041900634766,0.0,18.0,4.916666666666667,59,23.25,279,True,OPTIMAL,0.13900208473205566,0.0,1145.0
9224701139066889931,2,12,4,"[3, 3, 3, 3]","[[1, 5, 6], [2, 6, 6], [2, 2, 2], [0, 1, 1]]",0.7,1,2,1,2,PP,"[[1, 2], [1, 2], [2, 1], [2, 1]]",8,24,0.003846,20,OPTIMAL,4.166666666666667,0.0,0,np_gurobi_optimal,0.037493228912353516,0.0,270.0,0.0,0,0.0,0,True,OPTIMAL,0.2922048568725586,0.0,2457.0
9224701139066889931,2,12,4,"[3, 3, 3, 3]","[[1, 5, 6], [2, 6, 6], [2, 2, 2], [0, 1, 1]]",0.7,1,2,1,3,PP,"[[1, 2], [1, 2], [3], [3]]",6,13,0.003896,20,OPTIMAL,4.166666666666667,0.0,0,np_gurobi_optimal,0.016276121139526367,0.0,58.0,0.0,0,0.0,0,True,OPTIMAL,0.2922048568725586,0.0,2457.0
9224701139066889931,2,12,4,"[3, 3, 3, 3]","[[1, 5, 6], [2, 6, 6], [2, 2, 2], [0, 1, 1]]",0.7,1,2,1,4,PP,"[[1, 2], [1, 2], [3], [3]]",6,13,0.003795,20,OPTIMAL,4.166666666666667,0.0,0,np_gurobi_optimal,0.01626896858215332,0.0,58.0,0.0,0,0.0,0,True,OPTIMAL,0.2922048568725586,0.0,2457.0
9224701139066889931,2,12,4,"[3, 3, 3, 3]","[[1, 5, 6], [2, 6, 6], [2, 2, 2], [0, 1, 1]]",0.7,1,2,1,5,PP,"[[1, 2], [1, 2], [3], [3]]",6,13,0.0044665,20,OPTIMAL,4.166666666666667,0.0,0,np_gurobi_optimal,0.01729607582092285,0.0,58.0,0.0,0,0.0,0,True,OPTIMAL,0.2922048568725586,0.0,2457.0
9224701139066889931,2,12,4,"[3, 3, 3, 3]","[[1, 5, 6], [2, 6, 6], [2, 2, 2], [0, 1, 1]]",0.7,1,2,2,2,PP,"[[1, 2], [1, 2], [2, 1], [2, 1]]",8,24,0.0036855,20,OPTIMAL,4.166666666666667,0.0,0,np_gurobi_optimal,0.03714108467102051,0.0,270.0,0.0,0,4.5,54,True,OPTIMAL,0.2922048568725586,0.0,2457.0
9224701139066889931,2,12,4,"[3, 3, 3, 3]","[[1, 5, 6], [2, 6, 6], [2, 2, 2], [0, 1, 1]]",0.7,1,2,2,3,PP,"[[1, 2], [1, 2], [3], [3]]",6,13,0.0043965,20,OPTIMAL,4.166666666666667,0.0,0,np_gurobi_optimal,0.016737937927246094,0.0,58.0,0.0,0,6.0,72,True,OPTIMAL,0.2922048568725586,0.0,2457.0
9224701139066889931,2,12,4,"[3, 3, 3, 3]","[[1, 5, 6], [2, 6, 6], [2, 2, 2], [0, 1, 1]]",0.7,1,2,2,4,PP,"[[1, 2], [1, 2], [3], [3]]",6,13,0.003731,20,OPTIMAL,4.166666666666667,0.0,0,np_gurobi_optimal,0.0173490047454834,0.0,58.0,0.0,0,6.75,81,True,OPTIMAL,0.2922048568725586,0.0,2457.0
9224701139066889931,2,12,4,"[3, 3, 3, 3]","[[1, 5, 6], [2, 6, 6], [2, 2, 2], [0, 1, 1]]",0.7,1,2,2,5,PP,"[[1, 2], [1, 2], [3], [3]]",6,13,0.0037405,20,OPTIMAL,4.166666666666667,0.0,0,np_gurobi_optimal,0.01625680923461914,0.0,58.0,0.0,0,6.75,81,True,OPTIMAL,0.2922048568725586,0.0,2457.0
9224701139066889931,2,12,4,"[3, 3, 3, 3]","[[1, 5, 6], [2, 6, 6], [2, 2, 2], [0, 1, 1]]",0.7,1,2,3,2,PP,"[[1, 2], [1, 2], [2, 1], [2, 1]]",8,24,0.004081,20,OPTIMAL,4.166666666666667,0.0,0,np_gurobi_optimal,0.039041996002197266,0.0,270.0,0.0,0,10.0,120,True,OPTIMAL,0.2922048568725586,0.0,2457.0
9224701139066889931,2,12,4,"[3, 3, 3, 3]","[[1, 5, 6], [2, 6, 6], [2, 2, 2], [0, 1, 1]]",0.7,1,2,3,3,PP,"[[1, 2], [1, 2], [3], [3]]",6,13,0.003811,20,OPTIMAL,4.166666666666667,0.0,0,np_gurobi_optimal,0.016627073287963867,0.0,58.0,0.0,0,13.333333333333334,160,True,OPTIMAL,0.2922048568725586,0.0,2457.0
9224701139066889931,2,12,4,"[3, 3, 3, 3]","[[1, 5, 6], [2, 6, 6], [2, 2, 2], [0, 1, 1]]",0.7,1,2,3,4,PP,"[[1, 2], [1, 2], [3], [3]]",6,13,0.0038405,20,OPTIMAL,4.166666666666667,0.0,0,np_gurobi_optimal,0.01624608039855957,0.0,58.0,0.0,0,15.0,180,True,OPTIMAL,0.2922048568725586,0.0,2457.0
9224701139066889931,2,12,4,"[3, 3, 3, 3]","[[1, 5, 6], [2, 6, 6], [2, 2, 2], [0, 1, 1]]",0.7,1,2,3,5,PP,"[[1, 2], [1, 2], [3], [3]]",6,13,0.0037855,20,OPTIMAL,4.166666666666667,0.0,0,np_gurobi_optimal,0.01626110076904297,0.0,58.0,0.0,0,15.0,180,True,OPTIMAL,0.2922048568725586,0.0,2457.0
9224701139066889931,2,12,4,"[3, 3, 3, 3]","[[1, 5, 6], [2, 6, 6], [2, 2, 2], [0, 1, 1]]",0.7,1,2,4,2,PP,"[[2, 1], [2, 1], [2, 1], [2, 1]]",8,24,0.0041165,20,OPTIMAL,4.166666666666667,0.0,0,np_gurobi_optimal,0.01817488670349121,0.0,80.0,5.166666666666667,62,15.5,186,True,OPTIMAL,0.2922048568725586,0.0,2457.0
9224701139066889931,2,12,4,"[3, 3, 3, 3]","[[1, 5, 6], [2, 6, 6], [2, 2, 2], [0, 1, 1]]",0.7,1,2,4,3,PP,"[[3], [3], [3], [3]]",4,6,0.003936,20,OPTIMAL,4.166666666666667,0.0,0,np_gurobi_optimal,0.004769802093505859,0.0,12.0,5.166666666666667,62,20.666666666666668,248,True,OPTIMAL,0.2922048568725586,0.0,2457.0
9224701139066889931,2,12,4,"[3, 3, 3, 3]","[[1, 5, 6], [2, 6, 6], [2, 2, 2], [0, 1, 1]]",0.7,1,2,4,4,PP,"[[3], [3], [3], [3]]",4,6,0.0045715,20,OPTIMAL,4.166666666666667,0.0,0,np_gurobi_optimal,0.0049970149993896484,0.0,12.0,5.166666666666667,62,23.25,279,True,OPTIMAL,0.2922048568725586,0.0,2457.0
9224701139066889931,2,12,4,"[3, 3, 3, 3]","[[1, 5, 6], [2, 6, 6], [2, 2, 2], [0, 1, 1]]",0.7,1,2,4,5,PP,"[[3], [3], [3], [3]]",4,6,0.001312,20,OPTIMAL,4.166666666666667,0.0,0,np_gurobi_optimal,0.0047359466552734375,0.0,12.0,5.166666666666667,62,23.25,279,True,OPTIMAL,0.2922048568725586,0.0,2457.0
12083534766830397584,0,12,4,"[3, 3, 3, 3]","[[1, 2, 3], [0, 1, 1], [5, 7, 7], [1, 4, 4]]",1.0,1,2,1,2,PP,"[[2, 1], [2, 1], [1, 2], [1, 2]]",8,24,0.001212,20,OPTIMAL,4.0,0.0,0,np_gurobi_optimal,0.04634499549865723,0.0,259.0,0.0,0,0.0,0,True,OPTIMAL,0.25176405906677246,0.0,2156.0
12083534766830397584,0,12,4,"[3, 3, 3, 3]","[[1, 2, 3], [0, 1, 1], [5, 7, 7], [1, 4, 4]]",1.0,1,2,1,3,PP,"[[3], [3], [1, 2], [1, 2]]",6,13,0.003855,20,OPTIMAL,4.0,0.0,0,np_gurobi_optimal,0.012655973434448242,0.0,39.0,0.0,0,0.0,0,True,OPTIMAL,0.25176405906677246,0.0,2156.0
12083534766830397584,0,12,4,"[3, 3, 3, 3]","[[1, 2, 3], [0, 1, 1], [5, 7, 7], [1, 4, 4]]",1.0,1,2,1,4,PP,"[[3], [3], [1, 2], [1, 2]]",6,13,0.0036405,20,OPTIMAL,4.0,0.0,0,np_gurobi_optimal,0.012694120407104492,0.0,39.0,0.0,0,0.0,0,True,OPTIMAL,0.25176405906677246,0.0,2156.0
12083534766830397584,0,12,4,"[3, 3, 3, 3]","[[1, 2, 3], [0, 1, 1], [5, 7, 7], [1, 4, 4]]",1.0,1,2,1,5,PP,"[[3], [3], [1, 2], [1, 2]]",6,13,0.0037155,20,OPTIMAL,4.0,0.0,0,np_gurobi_optimal,0.013882875442504883,0.0,39.0,0.0,0,0.0,0,True,OPTIMAL,0.25176405906677246,0.0,2156.0
12083534766830397584,0,12,4,"[3, 3, 3, 3]","[[1, 2, 3], [0, 1, 1], [5, 7, 7], [1, 4, 4]]",1.0,1,2,2,2,PP,"[[2, 1], [2, 1], [2, 1], [1, 2]]",8,24,0.004412,20,OPTIMAL,4.0,0.0,0,np_gurobi_optimal,0.033419132232666016,0.0,266.0,0.75,9,4.5,54,True,OPTIMAL,0.25176405906677246,0.0,2156.0
12083534766830397584,0,12,4,"[3, 3, 3, 3]","[[1, 2, 3], [0, 1, 1], [5, 7, 7], [1, 4, 4]]",1.0,1,2,2,3,PP,"[[3], [3], [3], [1, 2]]",5,9,0.0042415,20,OPTIMAL,4.0,0.0,0,np_gurobi_optimal,0.010896921157836914,0.0,37.0,0.75,9,6.0,72,True,OPTIMAL,0.25176405906677246,0.0,2156.0
12083534766830397584,0,12,4,"[3, 3, 3, 3]","[[1, 2, 3], [0, 1, 1], [5, 7, 7], [1, 4, 4]]",1.0,1,2,2,4,PP,"[[3], [3], [3], [1, 2]]",5,9,0.003786,20,OPTIMAL,4.0,0.0,0,np_gurobi_optimal,0.010946989059448242,0.0,37.0,0.75,9,6.75,81,True,OPTIMAL,0.25176405906677246,0.0,2156.0
12083534766830397584,0,12,4,"[3, 3, 3, 3]","[[1, 2, 3], [0, 1, 1], [5, 7, 7], [1, 4, 4]]",1.0,1,2,2,5,PP,"[[3], [3], [3], [1, 2]]",5,9,0.003991,20,OPTIMAL,4.0,0.0,0,np_gurobi_optimal,0.010921955108642578,0.0,37.0,0.75,9,6.75,81,True,OPTIMAL,0.25176405906677246,0.0,2156.0
12083534766830397584,0,12,4,"[3, 3, 3, 3]","[[1, 2, 3], [0, 1, 1], [5, 7, 7], [1, 4, 4]]",1.0,1,2,3,2,PP,"[[2, 1], [2, 1], [2, 1], [2, 1]]",8,24,0.004162,20,OPTIMAL,4.0,0.0,0,np_gurobi_optimal,0.025206804275512695,0.0,135.0,2.4166666666666665,29,10.0,120,True,OPTIMAL,0.25176405906677246,0.0,2156.0
12083534766830397584,0,12,4,"[3, 3, 3, 3]","[[1, 2, 3], [0, 1, 1], [5, 7, 7], [1, 4, 4]]",1.0,1,2,3,3,PP,"[[3], [3], [3], [3]]",4,6,0.003616,20,OPTIMAL,4.0,0.0,0,np_gurobi_optimal,0.005552053451538086,0.0,13.0,2.4166666666666665,29,13.333333333333334,160,True,OPTIMAL,0.25176405906677246,0.0,2156.0
12083534766830397584,0,12,4,"[3, 3, 3, 3]","[[1, 2, 3], [0, 1, 1], [5, 7, 7], [1, 4, 4]]",1.0,1,2,3,4,PP,"[[3], [3], [3], [3]]",4,6,0.001242,20,OPTIMAL,4.0,0.0,0,np_gurobi_optimal,0.005199909210205078,0.0,13.0,2.4166666666666665,29,15.0,180,True,OPTIMAL,0.25176405906677246,0.0,2156.0
12083534766830397584,0,12,4,"[3, 3, 3, 3]","[[1, 2, 3], [0, 1, 1], [5, 7, 7], [1, 4, 4]]",1.0,1,2,3,5,PP,"[[3], [3], [3], [3]]",4,6,0.004121,20,OPTIMAL,4.0,0.0,0,np_gurobi_optimal,0.0058290958404541016,0.0,13.0,2.4166666666666665,29,15.0,180,True,OPTIMAL,0.25176405906677246,0.0,2156.0
12083534766830397584,0,12,4,"[3, 3, 3, 3]","[[1, 2, 3], [0, 1, 1], [5, 7, 7], [1, 4, 4]]",1.0,1,2,4,2,PP,"[[2, 1], [2, 1], [2, 1], [2, 1]]",8,24,0.001267,20,OPTIMAL,4.0,0.0,0,np_gurobi_optimal,0.025029897689819336,0.0,135.0,2.4166666666666665,29,15.5,186,True,OPTIMAL,0.25176405906677246,0.0,2156.0
12083534766830397584,0,12,4,"[3, 3, 3, 3]","[[1, 2, 3], [0, 1, 1], [5, 7, 7], [1, 4, 4]]",1.0,1,2,4,3,PP,"[[3], [3], [3], [3]]",4,6,0.003816,20,OPTIMAL,4.0,0.0,0,np_gurobi_optimal,0.005488872528076172,0.0,13.0,2.4166666666666665,29,20.666666666666668,248,True,OPTIMAL,0.25176405906677246,0.0,2156.0
12083534766830397584,0,12,4,"[3, 3, 3, 3]","[[1, 2, 3], [0, 1, 1], [5, 7, 7], [1, 4, 4]]",1.0,1,2,4,4,PP,"[[3], [3], [3], [3]]",4,6,0.003656,20,OPTIMAL,4.0,0.0,0,np_gurobi_optimal,0.005209922790527344,0.0,13.0,2.4166666666666665,29,23.25,279,True,OPTIMAL,0.25176405906677246,0.0,2156.0
12083534766830397584,0,12,4,"[3, 3, 3, 3]","[[1, 2, 3], [0, 1, 1], [5, 7, 7], [1, 4, 4]]",1.0,1,2,4,5,PP,"[[3], [3], [3], [3]]",4,6,0.0012715,20,OPTIMAL,4.0,0.0,0,np_gurobi_optimal,0.005202054977416992,0.0,13.0,2.4166666666666665,29,23.25,279,True,OPTIMAL,0.25176405906677246,0.0,2156.0
9869143176115900355,1,12,4,"[3, 3, 3, 3]","[[3, 6, 6], [1, 2, 2], [1, 1, 2], [3, 4, 4]]",1.0,1,2,1,2,PP,"[[1, 2], [2, 1], [2, 1], [2, 1]]",8,24,0.0037005,20,OPTIMAL,5.083333333333333,0.0,0,np_gurobi_optimal,0.041938066482543945,0.0,319.0,0.0,0,0.0,0,True,OPTIMAL,0.3931150436401367,0.0,4812.0
9869143176115900355,1,12,4,"[3, 3, 3, 3]","[[3, 6, 6], [1, 2, 2], [1, 1, 2], [3, 4, 4]]",1.0,1,2,1,3,PP,"[[1, 2], [3], [3], [3]]",5,9,0.0043065,20,OPTIMAL,5.083333333333333,0.0,0,np_gurobi_optimal,0.01122903823852539,0.0,30.0,0.0,0,0.0,0,True,OPTIMAL,0.3931150436401367,0.0,4812.0
9869143176115900355,1,12,4,"[3, 3, 3, 3]","[[3, 6, 6], [1, 2, 2], [1, 1, 2], [3, 4, 4]]",1.0,1,2,1,4,PP,"[[1, 2], [3], [3], [3]]",5,9,0.0044165,20,OPTIMAL,5.083333333333333,0.0,0,np_gurobi_optimal,0.011214017868041992,0.0,30.0,0.0,0,0.0,0,True,OPTIMAL,0.3931150436401367,0.0,4812.0
9869143176115900355,1,12,4,"[3, 3, 3, 3]","[[3, 6, 6], [1, 2, 2], [1, 1, 2], [3, 4, 4]]",1.0,1,2,1,5,PP,"[[1, 2], [3], [3], [3]]",5,9,0.004206,20,OPTIMAL,5.083333333333333,0.0,0,np_gurobi_optimal,0.011320114135742188,0.0,30.0,0.0,0,0.0,0,True,OPTIMAL,0.3931150436401367,0.0,4812.0
9869143176115900355,1,12,4,"[3, 3, 3, 3]","[[3, 6, 6], [1, 2, 2], [1, 1, 2], [3, 4, 4]]",1.0,1,2,2,2,PP,"[[1, 2], [2, 1], [2, 1], [2, 1]]",8,24,0.0038105,20,OPTIMAL,5.083333333333333,0.0,0,np_gurobi_optimal,0.041851043701171875,0.0,319.0,0.0,0,4.5,54,True,OPTIMAL,0.3931150436401367,0.0,4812.0
9869143176115900355,1,12,4,"[3, 3, 3, 3]","[[3, 6, 6], [1, 2, 2], [1, 1, 2], [3, 4, 4]]",1.0,1,2,2,3,PP,"[[1, 2], [3], [3], [3]]",5,9,0.003771,20,OPTIMAL,5.083333333333333,0.0,0,np_gurobi_optimal,0.011182069778442383,0.0,30.0,0.0,0,6.0,72,True,OPTIMAL,0.3931150436401367,0.0,4812.0
9869143176115900355,1,12,4,"[3, 3, 3, 3]","[[3, 6, 6], [1, 2, 2], [1, 1, 2], [3, 4, 4]]",1.0,1,2,2,4,PP,"[[1, 2], [3], [3], [3]]",5,9,0.001477,20,OPTIMAL,5.083333333333333,0.0,0,np_gurobi_optimal,0.011192083358764648,0.0,30.0,0.0,0,6.75,81,True,OPTIMAL,0.3931150436401367,0.0,4812.0
9869143176115900355,1,12,4,"[3, 3, 3, 3]","[[3, 6, 6], [1, 2, 2], [1, 1, 2], [3, 4, 4]]",1.0,1,2,2,5,PP,"[[1, 2], [3], [3], [3]]",5,9,0.004416,20,OPTIMAL,5.083333333333333,0.0,0,np_gurobi_optimal,0.011221885681152344,0.0,30.0,0.0,0,6.75,81,True,OPTIMAL,0.3931150436401367,0.0,4812.0
9869143176115900355,1,12,4,"[3, 3, 3, 3]","[[3, 6, 6], [1, 2, 2], [1, 1, 2], [3, 4, 4]]",1.0,1,2,3,2,PP,"[[2, 1], [2, 1], [2, 1], [2, 1]]",8,24,0.004552,20,OPTIMAL,5.083333333333333,0.0,0,np_gurobi_optimal,0.02676701545715332,0.0,193.0,1.6666666666666667,20,10.0,120,True,OPTIMAL,0.3931150436401367,0.0,4812.0
9869143176115900355,1,12,4,"[3, 3, 3, 3]","[[3, 6, 6], [1, 2, 2], [1, 1, 2], [3, 4, 4]]",1.0,1,2,3,3,PP,"[[3], [3], [3], [3]]",4,6,0.003921,20,OPTIMAL,5.083333333333333,0.0,0,np_gurobi_optimal,0.00608515739440918,0.0,26.0,1.6666666666666667,20,13.333333333333334,160,True,OPTIMAL,0.3931150436401367,0.0,4812.0
9869143176115900355,1,12,4,"[3, 3, 3, 3]","[[3, 6, 6], [1, 2, 2], [1, 1, 2], [3, 4, 4]]",1.0,1,2,3,4,PP,"[[3], [3], [3], [3]]",4,6,0.001422,20,OPTIMAL,5.083333333333333,0.0,0,np_gurobi_optimal,0.00574803352355957,0.0,26.0,1.6666666666666667,20,15.0,180,True,OPTIMAL,0.3931150436401367,0.0,4812.0
9869143176115900355,1,12,4,"[3, 3, 3, 3]","[[3, 6, 6], [1, 2, 2], [1, 1, 2], [3, 4, 4]]",1.0,1,2,3,5,PP,"[[3], [3], [3], [3]]",4,6,0.003856,20,OPTIMAL,5.083333333333333,0.0,0,np_gurobi_optimal,0.00568389892578125,0.0,26.0,1.6666666666666667,20,15.0,180,True,OPTIMAL,0.3931150436401367,0.0,4812.0
9869143176115900355,1,12,4,"[3, 3, 3, 3]","[[3, 6, 6], [1, 2, 2], [1, 1, 2], [3, 4, 4]]",1.0,1,2,4,2,PP,"[[2, 1], [2, 1], [2, 1], [2, 1]]",8,24,0.0045715,20,OPTIMAL,5.083333333333333,0.0,0,np_gurobi_optimal,0.026766061782836914,0.0,193.0,1.6666666666666667,20,15.5,186,True,OPTIMAL,0.3931150436401367,0.0,4812.0
9869143176115900355,1,12,4,"[3, 3, 3, 3]","[[3, 6, 6], [1, 2, 2], [1, 1, 2], [3, 4, 4]]",1.0,1,2,4,3,PP,"[[3], [3], [3], [3]]",4,6,0.0041765,20,OPTIMAL,5.083333333333333,0.0,0,np_gurobi_optimal,0.006036996841430664,0.0,26.0,1.6666666666666667,20,20.666666666666668,248,True,OPTIMAL,0.3931150436401367,0.0,4812.0
9869143176115900355,1,12,4,"[3, 3, 3, 3]","[[3, 6, 6], [1, 2, 2], [1, 1, 2], [3, 4, 4]]",1.0,1,2,4,4,PP,"[[3], [3], [3], [3]]",4,6,0.004272,20,OPTIMAL,5.083333333333333,0.0,0,np_gurobi_optimal,0.005998849868774414,0.0,26.0,1.6666666666666667,20,23.25,279,True,OPTIMAL,0.3931150436401367,0.0,4812.0
9869143176115900355,1,12,4,"[3, 3, 3, 3]","[[3, 6, 6], [1, 2, 2], [1, 1, 2], [3, 4, 4]]",1.0,1,2,4,5,PP,"[[3], [3], [3], [3]]",4,6,0.003825,20,OPTIMAL,5.083333333333333,0.0,0,np_gurobi_optimal,0.0062558650970458984,0.0,26.0,1.6666666666666667,20,23.25,279,True,OPTIMAL,0.3931150436401367,0.0,4812.0
7451244375658006969,2,12,4,"[3, 3, 3, 3]","[[2, 2, 2], [4, 4, 5], [2, 3, 3], [6, 6, 7]]",1.0,1,2,1,2,PP,"[[2, 1], [2, 1], [2, 1], [2, 1]]",8,24,0.0038055,20,OPTIMAL,5.166666666666667,0.0,0,np_gurobi_optimal,0.04409193992614746,0.0,198.0,0.0,0,0.0,0,True,OPTIMAL,0.38484787940979004,0.0,3853.0
7451244375658006969,2,12,4,"[3, 3, 3, 3]","[[2, 2, 2], [4, 4, 5], [2, 3, 3], [6, 6, 7]]",1.0,1,2,1,3,PP,"[[3], [3], [3], [3]]",4,6,0.004176,20,OPTIMAL,5.166666666666667,0.0,0,np_gurobi_optimal,0.0009920597076416016,0.0,1.0,0.0,0,0.0,0,True,OPTIMAL,0.38484787940979004,0.0,3853.0
7451244375658006969,2,12,4,"[3, 3, 3, 3]","[[2, 2, 2], [4, 4, 5], [2, 3, 3], [6, 6, 7]]",1.0,1,2,1,4,PP,"[[3], [3], [3], [3]]",4,6,0.003856,20,OPTIMAL,5.166666666666667,0.0,0,np_gurobi_optimal,0.0009949207305908203,0.0,1.0,0.0,0,0.0,0,True,OPTIMAL,0.38484787940979004,0.0,3853.0
7451244375658006969,2,12,4,"[3, 3, 3, 3]","[[2, 2, 2], [4, 4, 5], [2, 3, 3], [6, 6, 7]]",1.0,1,2,1,5,PP,"[[3], [3], [3], [3]]",4,6,0.001312,20,OPTIMAL,5.166666666666667,0.0,0,np_gurobi_optimal,0.0009889602661132812,0.0,1.0,0.0,0,0.0,0,True,OPTIMAL,0.38484787940979004,0.0,3853.0
7451244375658006969,2,12,4,"[3, 3, 3, 3]","[[2, 2, 2], [4, 4, 5], [2, 3, 3], [6, 6, 7]]",1.0,1,2,2,2,PP,"[[2, 1], [2, 1], [2, 1], [2, 1]]",8,24,0.001347,20,OPTIMAL,5.166666666666667,0.0,0,np_gurobi_optimal,0.04412198066711426,0.0,198.0,0.0,0,4.5,54,True,OPTIMAL,0.38484787940979004,0.0,3853.0
7451244375658006969,2,12,4,"[3, 3, 3, 3]","[[2, 2, 2], [4, 4, 5], [2, 3, 3], [6, 6, 7]]",1.0,1,2,2,3,PP,"[[3], [3], [3], [3]]",4,6,0.0043915,20,OPTIMAL,5.166666666666667,0.0,0,np_gurobi_optimal,0.0009989738464355469,0.0,1.0,0.0,0,6.0,72,True,OPTIMAL,0.38484787940979004,0.0,3853.0
7451244375658006969,2,12,4,"[3, 3, 3, 3]","[[2, 2, 2], [4, 4, 5], [2, 3, 3], [6, 6, 7]]",1.0,1,2,2,4,PP,"[[3], [3], [3], [3]]",4,6,0.003951,20,OPTIMAL,5.166666666666667,0.0,0,np_gurobi_optimal,0.000982046127319336,0.0,1.0,0.0,0,6.75,81,True,OPTIMAL,0.38484787940979004,0.0,3853.0
7451244375658006969,2,12,4,"[3, 3, 3, 3]","[[2, 2, 2], [4, 4, 5], [2, 3, 3], [6, 6, 7]]",1.0,1,2,2,5,PP,"[[3], [3], [3], [3]]",4,6,0.0037155,20,OPTIMAL,5.166666666666667,0.0,0,np_gurobi_optimal,0.0009908676147460938,0.0,1.0,0.0,0,6.75,81,True,OPTIMAL,0.38484787940979004,0.0,3853.0
7451244375658006969,2,12,4,"[3, 3, 3, 3]","[[2, 2, 2], [4, 4, 5], [2, 3, 3], [6, 6, 7]]",1.0,1,2,3,2,PP,"[[2, 1], [2, 1], [2, 1], [2, 1]]",8,24,0.0037805,20,OPTIMAL,5.166666666666667,0.0,0,np_gurobi_optimal,0.04431414604187012,0.0,198.0,0.0,0,10.0,120,True,OPTIMAL,0.38484787940979004,0.0,3853.0
7451244375658006969,2,12,4,"[3, 3, 3, 3]","[[2, 2, 2], [4, 4, 5], [2, 3, 3], [6, 6, 7]]",1.0,1,2,3,3,PP,"[[3], [3], [3], [3]]",4,6,0.004612,20,OPTIMAL,5.166666666666667,0.0,0,np_gurobi_optimal,0.0009870529174804688,0.0,1.0,0.0,0,13.333333333333334,160,True,OPTIMAL,0.38484787940979004,0.0,3853.0
7451244375658006969,2,12,4,"[3, 3, 3, 3]","[[2, 2, 2], [4, 4, 5], [2, 3, 3], [6, 6, 7]]",1.0,1,2,3,4,PP,"[[3], [3], [3], [3]]",4,6,0.001367,20,OPTIMAL,5.166666666666667,0.0,0,np_gurobi_optimal,0.0009980201721191406,0.0,1.0,0.0,0,15.0,180,True,OPTIMAL,0.38484787940979004,0.0,3853.0
7451244375658006969,2,12,4,"[3, 3, 3, 3]","[[2, 2, 2], [4, 4, 5], [2, 3, 3], [6, 6, 7]]",1.0,1,2,3,5,PP,"[[3], [3], [3], [3]]",4,6,0.003661,20,OPTIMAL,5.166666666666667,0.0,0,np_gurobi_optimal,0.0007648468017578125,0.0,1.0,0.0,0,15.0,180,True,OPTIMAL,0.38484787940979004,0.0,3853.0
7451244375658006969,2,12,4,"[3, 3, 3, 3]","[[2, 2, 2], [4, 4, 5], [2, 3, 3], [6, 6, 7]]",1.0,1,2,4,2,PP,"[[2, 1], [2, 1], [2, 1], [2, 1]]",8,24,0.003766,20,OPTIMAL,5.166666666666667,0.0,0,np_gurobi_optimal,0.044396162033081055,0.0,198.0,0.0,0,15.5,186,True,OPTIMAL,0.38484787940979004,0.0,3853.0
7451244375658006969,2,12,4,"[3, 3, 3, 3]","[[2, 2, 2], [4, 4, 5], [2, 3, 3], [6, 6, 7]]",1.0,1,2,4,3,PP,"[[3], [3], [3], [3]]",4,6,0.0043515,20,OPTIMAL,5.166666666666667,0.0,0,np_gurobi_optimal,0.0009860992431640625,0.0,1.0,0.0,0,20.666666666666668,248,True,OPTIMAL,0.38484787940979004,0.0,3853.0
7451244375658006969,2,12,4,"[3, 3, 3, 3]","[[2, 2, 2], [4, 4, 5], [2, 3, 3], [6, 6, 7]]",1.0,1,2,4,4,PP,"[[3], [3], [3], [3]]",4,6,0.0042765,20,OPTIMAL,5.166666666666667,0.0,0,np_gurobi_optimal,0.0009961128234863281,0.0,1.0,0.0,0,23.25,279,True,OPTIMAL,0.38484787940979004,0.0,3853.0
7451244375658006969,2,12,4,"[3, 3, 3, 3]","[[2, 2, 2], [4, 4, 5], [2, 3, 3], [6, 6, 7]]",1.0,1,2,4,5,PP,"[[3], [3], [3], [3]]",4,6,0.004367,20,OPTIMAL,5.166666666666667,0.0,0,np_gurobi_optimal,0.0009839534759521484,0.0,1.0,0.0,0,23.25,279,True,OPTIMAL,0.38484787940979004,0.0,3853.0
3627729236815471523,0,16,4,"[4, 4, 4, 4]","[[6, 12, 14, 16], [2, 6, 6, 10], [3, 10, 10, 11], [3, 4, 10, 15]]",0.4,1,2,1,2,PP,"[[1, 1, 1, 1], [1, 2, 1], [1, 2, 1], [2, 1, 1]]",13,63,0.001432,20,OPTIMAL,4.0,,,,0.5970518589019775,0.0,3614.0,0.0,0,0.0,0,,TIME_LIMIT,5.000050067901611,0.3366997974863636,13526.0
3627729236815471523,0,16,4,"[4, 4, 4, 4]","[[6, 12, 14, 16], [2, 6, 6, 10], [3, 10, 10, 11], [3, 4, 10, 15]]",0.4,1,2,1,3,PP,"[[1, 1, 1, 1], [1, 2, 1], [1, 3], [2, 1, 1]]",12,53,0.0042015,20,OPTIMAL,4.0,,,,0.2879788875579834,0.0,2742.0,0.0,0,0.0,0,,TIME_LIMIT,5.000050067901611,0.3366997974863636,13526.0
3627729236815471523,0,16,4,"[4, 4, 4, 4]","[[6, 12, 14, 16], [2, 6, 6, 10], [3, 10, 10, 11], [3, 4, 10, 15]]",0.4,1,2,1,4,PP,"[[1, 1, 1, 1], [1, 2, 1], [1, 3], [2, 1, 1]]",12,53,0.004467,20,OPTIMAL,4.0,,,,0.28954601287841797,0.0,2742.0,0.0,0,0.0,0,,TIME_LIMIT,5.000050067901611,0.3366997974863636,13526.0
3627729236815471523,0,16,4,"[4, 4, 4, 4]","[[6, 12, 14, 16], [2, 6, 6, 10], [3, 10, 10, 11], [3, 4, 10, 15]]",0.4,1,2,1,5,PP,"[[1, 1, 1, 1], [1, 2, 1], [1, 3], [2, 1, 1]]",12,53,0.001412,20,OPTIMAL,4.0,,,,0.2888929843902588,0.0,2742.0,0.0,0,0.0,0,,TIME_LIMIT,5.000050067901611,0.3366997974863636,13526.0
3627729236815471523,0,16,4,"[4, 4, 4, 4]","[[6, 12, 14, 16], [2, 6, 6, 10], [3, 10, 10, 11], [3, 4, 10, 15]]",0.4,1,2,2,2,PP,"[[1, 2, 1], [1, 2, 1], [1, 2, 1], [2, 1, 1]]",12,54,0.004271,20,OPTIMAL,4.0,,,,0.38433098793029785,0.0,4460.0,0.75,12,6.5,104,,TIME_LIMIT,5.000050067901611,0.3366997974863636,13526.0
3627729236815471523,0,16,4,"[4, 4, 4, 4]","[[6, 12, 14, 16], [2, 6, 6, 10], [3, 10, 10, 11], [3, 4, 10, 15]]",0.4,1,2,2,3,PP,"[[1, 3], [1, 2, 1], [1, 3], [2, 1, 1]]",10,37,0.0041815,20,OPTIMAL,4.0,,,,0.1056661605834961,0.0,1208.0,1.4375,23,8.125,130,,TIME_LIMIT,5.000050067901611,0.3366997974863636,13526.0
3627729236815471523,0,16,4,"[4, 4, 4, 4]","[[6, 12, 14, 16], [2, 6, 6, 10], [3, 10, 10, 11], [3, 4, 10, 15]]",0.4,1,2,2,4,PP,"[[1, 3], [1, 2, 1], [1, 3], [2, 1, 1]]",10,37,0.0042765,20,OPTIMAL,4.0,,,,0.10565495491027832,0.0,1208.0,1.4375,23,9.75,156,,TIME_LIMIT,5.000050067901611,0.3366997974863636,13526.0
3627729236815471523,0,16,4,"[4, 4, 4, 4]","[[6, 12, 14, 16], [2, 6, 6, 10], [3, 10, 10, 11], [3, 4, 10, 15]]",0.4,1,2,2,5,PP,"[[1, 3], [1, 2, 1], [1, 3], [2, 1, 1]]",10,37,0.0036005,20,OPTIMAL,4.0,,,,0.1056361198425293,0.0,1208.0,1.4375,23,9.75,156,,TIME_LIMIT,5.000050067901611,0.3366997974863636,13526.0
3627729236815471523,0,16,4,"[4, 4, 4, 4]","[[6, 12, 14, 16], [2, 6, 6, 10], [3, 10, 10, 11], [3, 4, 10, 15]]",0.4,1,2,3,2,PP,"[[1, 2, 1], [1, 2, 1], [1, 2, 1], [2, 1, 1]]",12,54,0.001452,20,OPTIMAL,4.0,,,,0.386214017868042,0.0,4460.0,0.75,12,14.0,224,,TIME_LIMIT,5.000050067901611,0.3366997974863636,13526.0
3627729236815471523,0,16,4,"[4, 4, 4, 4]","[[6, 12, 14, 16], [2, 6, 6, 10], [3, 10, 10, 11], [3, 4, 10, 15]]",0.4,1,2,3,3,PP,"[[1, 3], [1, 2, 1], [1, 3], [2, 1, 1]]",10,37,0.004031,20,OPTIMAL,4.0,,,,0.10525107383728027,0.0,1208.0,1.4375,23,17.5,280,,TIME_LIMIT,5.000050067901611,0.3366997974863636,13526.0
3627729236815471523,0,16,4,"[4, 4, 4, 4]","[[6, 12, 14, 16], [2, 6, 6, 10], [3, 10, 10, 11], [3, 4, 10, 15]]",0.4,1,2,3,4,PP,"[[1, 3], [1, 2, 1], [1, 3], [2, 1, 1]]",10,37,0.004212,20,OPTIMAL,4.0,,,,0.10508084297180176,0.0,1208.0,1.4375,23,21.0,336,,TIME_LIMIT,5.000050067901611,0.3366997974863636,13526.0
3627729236815471523,0,16,4,"[4, 4, 4, 4]","[[6, 12, 14, 16], [2, 6, 6, 10], [3, 10, 10, 11], [3, 4, 10, 15]]",0.4,1,2,3,5,PP,"[[1, 3], [1, 2, 1], [1, 3], [2, 1, 1]]",10,37,0.001452,20,OPTIMAL,4.0,,,,0.10537099838256836,0.0,1208.0,1.4375,23,21.0,336,,TIME_LIMIT,5.000050067901611,0.3366997974863636,13526.0
3627729236815471523,0,16,4,"[4, 4, 4, 4]","[[6, 12, 14, 16], [2, 6, 6, 10], [3, 10, 10, 11], [3, 4, 10, 15]]",0.4,1,2,4,2,PP,"[[1, 2, 1], [2, 2], [1, 2, 1], [2, 1, 1]]",11,45,0.004286,20,OPTIMAL,4.375,,,,0.15308094024658203,0.0,1752.0,5.75,92,21.5,344,,TIME_LIMIT,5.000050067901611,0.3366997974863636,13526.0
3627729236815471523,0,16,4,"[4, 4, 4, 4]","[[6, 12, 14, 16], [2, 6, 6, 10], [3, 10, 10, 11], [3, 4, 10, 15]]",0.4,1,2,4,3,PP,"[[1, 3], [3, 1], [1, 3], [2, 1, 1]]",9,30,0.004667,20,OPTIMAL,4.125,,,,0.05079793930053711,0.0,482.0,4.125,66,26.875,430,,TIME_LIMIT,5.000050067901611,0.3366997974863636,13526.0
3627729236815471523,0,16,4,"[4, 4, 4, 4]","[[6, 12, 14, 16], [2, 6, 6, 10], [3, 10, 10, 11], [3, 4, 10, 15]]",0.4,1,2,4,4,PP,"[[1, 3], [4], [1, 3], [2, 1, 1]]",8,23,0.004492,20,OPTIMAL,4.5625,,,,0.024157047271728516,0.0,200.0,6.4375,103,32.25,516,,TIME_LIMIT,5.000050067901611,0.3366997974863636,13526.0
3627729236815471523,0,16,4,"[4, 4, 4, 4]","[[6, 12, 14, 16], [2, 6, 6, 10], [3, 10, 10, 11], [3, 4, 10, 15]]",0.4,1,2,4,5,PP,"[[1, 3], [4], [1, 3], [2, 1, 1]]",8,23,0.004742,20,OPTIMAL,4.5625,,,,0.024572134017944336,0.0,200.0,6.4375,103,32.25,516,,TIME_LIMIT,5.000050067901611,0.3366997974863636,13526.0
889291899920662800,1,16,4,"[4, 4, 4, 4]","[[6, 10, 13, 19], [5, 6, 8, 10], [4, 6, 10, 12], [3, 4, 7, 7]]",0.4,1,2,1,2,PP,"[[1, 1, 1, 1], [2, 1, 1], [1, 1, 1, 1], [2, 2]]",13,62,0.004086,20,OPTIMAL,4.75,,,,0.7323019504547119,0.0,6047.0,0.0,0,0.0,0,,TIME_LIMIT,5.000098943710327,0.42051920368781326,12951.0
889291899920662800,1,16,4,"[4, 4, 4, 4]","[[6, 10, 13, 19], [5, 6, 8, 10], [4, 6, 10, 12], [3, 4, 7, 7]]",0.4,1,2,1,3,PP,"[[1, 1, 1, 1], [2, 1, 1], [1, 1, 1, 1], [2, 2]]",13,62,0.004056,20,OPTIMAL,4.75,,,,0.7357518672943115,0.0,6047.0,0.0,0,0.0,0,,TIME_LIMIT,5.000098943710327,0.42051920368781326,12951.0
889291899920662800,1,16,4,"[4, 4, 4, 4]","[[6, 10, 13, 19], [5, 6, 8, 10], [4, 6, 10, 12], [3, 4, 7, 7]]",0.4,1,2,1,4,PP,"[[1, 1, 1, 1], [2, 1, 1], [1, 1, 1, 1], [2, 2]]",13,62,0.004146,20,OPTIMAL,4.75,,,,0.7354190349578857,0.0,6047.0,0.0,0,0.0,0,,TIME_LIMIT,5.000098943710327,0.42051920368781326,12951.0
889291899920662800,1,16,4,"[4, 4, 4, 4]","[[6, 10, 13, 19], [5, 6, 8, 10], [4, 6, 10, 12], [3, 4, 7, 7]]",0.4,1,2,1,5,PP,"[[1, 1, 1, 1], [2, 1, 1], [1, 1, 1, 1], [2, 2]]",13,62,0.003951,20,OPTIMAL,4.75,,,,0.7318148612976074,0.0,6047.0,0.0,0,0.0,0,,TIME_LIMIT,5.000098943710327,0.42051920368781326,12951.0
889291899920662800,1,16,4,"[4, 4, 4, 4]","[[6, 10, 13, 19], [5, 6, 8, 10], [4, 6, 10, 12], [3, 4, 7, 7]]",0.4,1,2,2,2,PP,"[[1, 1, 1, 1], [2, 2], [2, 2], [2, 2]]",10,36,0.0042665,20,OPTIMAL,5.0,,,,0.1091761589050293,0.0,1211.0,2.1875,35,6.5,104,,TIME_LIMIT,5.000098943710327,0.42051920368781326,12951.0
889291899920662800,1,16,4,"[4, 4, 4, 4]","[[6, 10, 13, 19], [5, 6, 8, 10], [4, 6, 10, 12], [3, 4, 7, 7]]",0.4,1,2,2,3,PP,"[[1, 1, 1, 1], [3, 1], [2, 2], [2, 2]]",10,36,0.001397,20,OPTIMAL,4.75,,,,0.09971308708190918,0.0,762.0,2.25,36,8.125,130,,TIME_LIMIT,5.000098943710327,0.42051920368781326,12951.0
889291899920662800,1,16,4,"[4, 4, 4, 4]","[[6, 10, 13, 19], [5, 6, 8, 10], [4, 6, 10, 12], [3, 4, 7, 7]]",0.4,1,2,2,4,PP,"[[1, 1, 1, 1], [4], [2, 2], [2, 2]]",9,28,0.001422,20,OPTIMAL,5.0,,,,0.04255509376525879,0.0,349.0,2.9375,47,9.75,156,,TIME_LIMIT,5.000098943710327,0.42051920368781326,12951.0
889291899920662800,1,16,4,"[4, 4, 4, 4]","[[6, 10, 13, 19], [5, 6, 8, 10], [4, 6, 10, 12], [3, 4, 7, 7]]",0.4,1,2,2,5,PP,"[[1, 1, 1, 1], [4], [2, 2], [2, 2]]",9,28,0.004056,20,OPTIMAL,5.0,,,,0.0426790714263916,0.0,349.0,2.9375,47,9.75,156,,TIME_LIMIT,5.000098943710327,0.42051920368781326,12951.0
889291899920662800,1,16,4,"[4, 4, 4, 4]","[[6, 10, 13, 19], [5, 6, 8, 10], [4, 6, 10, 12], [3, 4, 7, 7]]",0.4,1,2,3,2,PP,"[[1, 2, 1], [2, 2], [2, 2], [2, 2]]",9,30,0.0042715,20,OPTIMAL,5.0,,,,0.07490801811218262,0.0,619.0,3.8125,61,14.0,224,,TIME_LIMIT,5.000098943710327,0.42051920368781326,12951.0
889291899920662800,1,16,4,"[4, 4, 4, 4]","[[6, 10, 13, 19], [5, 6, 8, 10], [4, 6, 10, 12], [3, 4, 7, 7]]",0.4,1,2,3,3,PP,"[[1, 2, 1], [3, 1], [2, 2], [3, 1]]",9,30,0.0045565,20,OPTIMAL,5.625,,,,0.060849905014038086,0.0,433.0,5.5,88,17.5,280,,TIME_LIMIT,5.000098943710327,0.42051920368781326,12951.0
889291899920662800,1,16,4,"[4, 4, 4, 4]","[[6, 10, 13, 19], [5, 6, 8, 10], [4, 6, 10, 12], [3, 4, 7, 7]]",0.4,1,2,3,4,PP,"[[1, 2, 1], [4], [2, 2], [4]]",7,17,0.004126,20,OPTIMAL,5.625,,,,0.01983189582824707,0.0,116.0,6.1875,99,21.0,336,,TIME_LIMIT,5.000098943710327,0.42051920368781326,12951.0
889291899920662800,1,16,4,"[4, 4, 4, 4]","[[6, 10, 13, 19], [5, 6, 8, 10], [4, 6, 10, 12], [3, 4, 7, 7]]",0.4,1,2,3,5,PP,"[[1, 2, 1], [4], [2, 2], [4]]",7,17,0.0042715,20,OPTIMAL,5.625,,,,0.01980304718017578,0.0,116.0,6.1875,99,21.0,336,,TIME_LIMIT,5.000098943710327,0.42051920368781326,12951.0
889291899920662800,1,16,4,"[4, 4, 4, 4]","[[6, 10, 13, 19], [5, 6, 8, 10], [4, 6, 10, 12], [3, 4, 7, 7]]",0.4,1,2,4,2,PP,"[[2, 1, 1], [2, 2], [2, 2], [2, 2]]",9,30,0.004672,20,OPTIMAL,5.0,,,,0.05997920036315918,0.0,419.0,4.875,78,21.5,344,,TIME_LIMIT,5.000098943710327,0.42051920368781326,12951.0
889291899920662800,1,16,4,"[4, 4, 4, 4]","[[6, 10, 13, 19], [5, 6, 8, 10], [4, 6, 10, 12], [3, 4, 7, 7]]",0.4,1,2,4,3,PP,"[[3, 1], [3, 1], [3, 1], [3, 1]]",8,24,0.004156,20,OPTIMAL,5.625,,,,0.02475905418395996,0.0,125.0,10.0,160,26.875,430,,TIME_LIMIT,5.000098943710327,0.42051920368781326,12951.0
889291899920662800,1,16,4,"[4, 4, 4, 4]","[[6, 10, 13, 19], [5, 6, 8, 10], [4, 6, 10, 12], [3, 4, 7, 7]]",0.4,1,2,4,4,PP,"[[3, 1], [4], [4], [4]]",5,9,0.0044115,20,OPTIMAL,5.625,,,,0.007597208023071289,0.0,17.0,11.375,182,32.25,516,,TIME_LIMIT,5.000098943710327,0.42051920368781326,12951.0
889291899920662800,1,16,4,"[4, 4, 4, 4]","[[6, 10, 13, 19], [5, 6, 8, 10], [4, 6, 10, 12], [3, 4, 7, 7]]",0.4,1,2,4,5,PP,"[[3, 1], [4], [4], [4]]",5,9,0.0048675,20,OPTIMAL,5.625,,,,0.007416963577270508,0.0,17.0,11.375,182,32.25,516,,TIME_LIMIT,5.000098943710327,0.42051920368781326,12951.0
6191148643381614957,2,16,4,"[4, 4, 4, 4]","[[2, 5, 18, 18], [1, 1, 2, 6], [6, 7, 7, 8], [2, 3, 3, 7]]",0.4,1,2,1,2,PP,"[[1, 1, 2], [2, 1, 1], [2, 2], [2, 1, 1]]",11,45,0.004226,20,OPTIMAL,4.4375,0.0,0,np_gurobi_optimal,0.14333510398864746,0.0,1524.0,0.0,0,0.0,0,True,OPTIMAL,1.7637991905212402,0.0,9703.0
6191148643381614957,2,16,4,"[4, 4, 4, 4]","[[2, 5, 18, 18], [1, 1, 2, 6], [6, 7, 7, 8], [2, 3, 3, 7]]",0.4,1,2,1,3,PP,"[[1, 1, 2], [3, 1], [3, 1], [3, 1]]",9,30,0.0041915,20,OPTIMAL,4.4375,0.0,0,np_gurobi_optimal,0.04304099082946777,0.0,275.0,0.0,0,0.0,0,True,OPTIMAL,1.7637991905212402,0.0,9703.0
6191148643381614957,2,16,4,"[4, 4, 4, 4]","[[2, 5, 18, 18], [1, 1, 2, 6], [6, 7, 7, 8], [2, 3, 3, 7]]",0.4,1,2,1,4,PP,"[[1, 1, 2], [3, 1], [4], [3, 1]]",8,23,0.004081,20,OPTIMAL,4.4375,0.0,0,np_gurobi_optimal,0.020299196243286133,0.0,150.0,0.0,0,0.0,0,True,OPTIMAL,1.7637991905212402,0.0,9703.0
6191148643381614957,2,16,4,"[4, 4, 4, 4]","[[2, 5, 18, 18], [1, 1, 2, 6], [6, 7, 7, 8], [2, 3, 3, 7]]",0.4,1,2,1,5,PP,"[[1, 1, 2], [3, 1], [4], [3, 1]]",8,23,0.00351,20,OPTIMAL,4.4375,0.0,0,np_gurobi_optimal,0.02028203010559082,0.0,150.0,0.0,0,0.0,0,True,OPTIMAL,1.7637991905212402,0.0,9703.0
6191148643381614957,2,16,4,"[4, 4, 4, 4]","[[2, 5, 18, 18], [1, 1, 2, 6], [6, 7, 7, 8], [2, 3, 3, 7]]",0.4,1,2,2,2,PP,"[[1, 1, 2], [2, 1, 1], [2, 2], [2, 1, 1]]",11,45,0.00353,20,OPTIMAL,4.4375,0.0,0,np_gurobi_optimal,0.1454911231994629,0.0,1524.0,0.0,0,6.5,104,True,OPTIMAL,1.7637991905212402,0.0,9703.0
6191148643381614957,2,16,4,"[4, 4, 4, 4]","[[2, 5, 18, 18], [1, 1, 2, 6], [6, 7, 7, 8], [2, 3, 3, 7]]",0.4,1,2,2,3,PP,"[[1, 1, 2], [3, 1], [3, 1], [3, 1]]",9,30,0.0035505,20,OPTIMAL,4.4375,0.0,0,np_gurobi_optimal,0.042404890060424805,0.0,275.0,0.0,0,8.125,130,True,OPTIMAL,1.7637991905212402,0.0,9703.0
6191148643381614957,2,16,4,"[4, 4, 4, 4]","[[2, 5, 18, 18], [1, 1, 2, 6], [6, 7, 7, 8], [2, 3, 3, 7]]",0.4,1,2,2,4,PP,"[[1, 1, 2], [3, 1], [4], [3, 1]]",8,23,0.004096,20,OPTIMAL,4.4375,0.0,0,np_gurobi_optimal,0.020513057708740234,0.0,150.0,0.0,0,9.75,156,True,OPTIMAL,1.7637991905212402,0.0,9703.0
6191148643381614957,2,16,4,"[4, 4, 4, 4]","[[2, 5, 18, 18], [1, 1, 2, 6], [6, 7, 7, 8], [2, 3, 3, 7]]",0.4,1,2,2,5,PP,"[[1, 1, 2], [3, 1], [4], [3, 1]]",8,23,0.004011,20,OPTIMAL,4.4375,0.0,0,np_gurobi_optimal,0.020313024520874023,0.0,150.0,0.0,0,9.75,156,True,OPTIMAL,1.7637991905212402,0.0,9703.0
6191148643381614957,2,16,4,"[4, 4, 4, 4]","[[2, 5, 18, 18], [1, 1, 2, 6], [6, 7, 7, 8], [2, 3, 3, 7]]",0.4,1,2,3,2,PP,"[[2, 2], [2, 1, 1], [2, 2], [2, 1, 1]]",10,37,0.004201,20,OPTIMAL,4.4375,0.0,0,np_gurobi_optimal,0.09042596817016602,0.0,743.0,1.75,28,14.0,224,True,OPTIMAL,1.7637991905212402,0.0,9703.0
6191148643381614957,2,16,4,"[4, 4, 4, 4]","[[2, 5, 18, 18], [1, 1, 2, 6], [6, 7, 7, 8], [2, 3, 3, 7]]",0.4,1,2,3,3,PP,"[[2, 2], [3, 1], [3, 1], [3, 1]]",8,24,0.0042415,20,OPTIMAL,4.4375,0.0,0,np_gurobi_optimal,0.02493000030517578,0.0,134.0,1.75,28,17.5,280,True,OPTIMAL,1.7637991905212402,0.0,9703.0
6191148643381614957,2,16,4,"[4, 4, 4, 4]","[[2, 5, 18, 18], [1, 1, 2, 6], [6, 7, 7, 8], [2, 3, 3, 7]]",0.4,1,2,3,4,PP,"[[2, 2], [3, 1], [4], [3, 1]]",7,18,0.004106,20,OPTIMAL,4.4375,0.0,0,np_gurobi_optimal,0.019676923751831055,0.0,78.0,1.75,28,21.0,336,True,OPTIMAL,1.7637991905212402,0.0,9703.0
6191148643381614957,2,16,4,"[4, 4, 4, 4]","[[2, 5, 18, 18], [1, 1, 2, 6], [6, 7, 7, 8], [2, 3, 3, 7]]",0.4,1,2,3,5,PP,"[[2, 2], [3, 1], [4], [3, 1]]",7,18,0.0042665,20,OPTIMAL,4.4375,0.0,0,np_gurobi_optimal,0.019801855087280273,0.0,78.0,1.75,28,21.0,336,True,OPTIMAL,1.7637991905212402,0.0,9703.0
6191148643381614957,2,16,4,"[4, 4, 4, 4]","[[2, 5, 18, 18], [1, 1, 2, 6], [6, 7, 7, 8], [2, 3, 3, 7]]",0.4,1,2,4,2,PP,"[[2, 2], [2, 2], [2, 2], [2, 2]]",8,24,0.004171,20,OPTIMAL,4.625,0.1875,3,np_gurobi_optimal,0.023844003677368164,0.0,169.0,6.375,102,21.5,344,True,OPTIMAL,1.7637991905212402,0.0,9703.0
6191148643381614957,2,16,4,"[4, 4, 4, 4]","[[2, 5, 18, 18], [1, 1, 2, 6], [6, 7, 7, 8], [2, 3, 3, 7]]",0.4,1,2,4,3,PP,"[[2, 2], [3, 1], [3, 1], [3, 1]]",8,24,0.004051,20,OPTIMAL,4.4375,0.0,0,np_gurobi_optimal,0.024904966354370117,0.0,134.0,1.75,28,26.875,430,True,OPTIMAL,1.7637991905212402,0.0,9703.0
6191148643381614957,2,16,4,"[4, 4, 4, 4]","[[2, 5, 18, 18], [1, 1, 2, 6], [6, 7, 7, 8], [2, 3, 3, 7]]",0.4,1,2,4,4,PP,"[[2, 2], [4], [4], [4]]",5,9,0.0040565,20,OPTIMAL,5.625,1.1875,19,np_gurobi_optimal,0.009705066680908203,0.0,27.0,6.375,102,32.25,516,True,OPTIMAL,1.7637991905212402,0.0,9703.0
6191148643381614957,2,16,4,"[4, 4, 4, 4]","[[2, 5, 18, 18], [1, 1, 2, 6], [6, 7, 7, 8], [2, 3, 3, 7]]",0.4,1,2,4,5,PP,"[[2, 2], [4], [4], [4]]",5,9,0.0040515,20,OPTIMAL,5.625,1.1875,19,np_gurobi_optimal,0.010174036026000977,0.0,27.0,6.375,102,32.25,516,True,OPTIMAL,1.7637991905212402,0.0,9703.0
2560400230500325425,0,16,4,"[4, 4, 4, 4]","[[5, 7, 8, 9], [5, 9, 9, 16], [1, 2, 2, 3], [6, 10, 11, 12]]",0.7,1,2,1,2,PP,"[[1, 2, 1], [1, 2, 1], [2, 2], [1, 2, 1]]",11,45,0.0041165,20,OPTIMAL,2.8125,0.0,0,np_gurobi_optimal,0.030994176864624023,0.0,139.0,0.0,0,0.0,0,True,OPTIMAL,0.17114686965942383,0.0,978.0
2560400230500325425,0,16,4,"[4, 4, 4, 4]","[[5, 7, 8, 9], [5, 9, 9, 16], [1, 2, 2, 3], [6, 10, 11, 12]]",0.7,1,2,1,3,PP,"[[1, 3], [1, 2, 1], [3, 1], [1, 3]]",9,30,0.004061,20,OPTIMAL,2.8125,0.0,0,np_gurobi_optimal,0.022732973098754883,0.0,102.0,0.0,0,0.0,0,True,OPTIMAL,0.17114686965942383,0.0,978.0
2560400230500325425,0,16,4,"[4, 4, 4, 4]","[[5, 7, 8, 9], [5, 9, 9, 16], [1, 2, 2, 3], [6, 10, 11, 12]]",0.7,1,2,1,4,PP,"[[1, 3], [1, 2, 1], [4], [1, 3]]",8,23,0.0041165,20,OPTIMAL,2.8125,0.0,0,np_gurobi_optimal,0.01855015754699707,0.0,36.0,0.0,0,0.0,0,True,OPTIMAL,0.17114686965942383,0.0,978.0
2560400230500325425,0,16,4,"[4, 4, 4, 4]","[[5, 7, 8, 9], [5, 9, 9, 16], [1, 2, 2, 3], [6, 10, 11, 12]]",0.7,1,2,1,5,PP,"[[1, 3], [1, 2, 1], [4], [1, 3]]",8,23,0.0013875,20,OPTIMAL,2.8125,0.0,0,np_gurobi_optimal,0.018030881881713867,0.0,36.0,0.0,0,0.0,0,True,OPTIMAL,0.17114686965942383,0.0,978.0
2560400230500325425,0,16,4,"[4, 4, 4, 4]","[[5, 7, 8, 9], [5, 9, 9, 16], [1, 2, 2, 3], [6, 10, 11, 12]]",0.7,1,2,2,2,PP,"[[2, 2], [1, 2, 1], [2, 2], [1, 2, 1]]",10,37,0.001377,20,OPTIMAL,2.8125,0.0,0,np_gurobi_optimal,0.02694106101989746,0.0,69.0,0.8125,13,6.5,104,True,OPTIMAL,0.17114686965942383,0.0,978.0
2560400230500325425,0,16,4,"[4, 4, 4, 4]","[[5, 7, 8, 9], [5, 9, 9, 16], [1, 2, 2, 3], [6, 10, 11, 12]]",0.7,1,2,2,3,PP,"[[3, 1], [1, 2, 1], [3, 1], [1, 3]]",9,30,0.004046,20,OPTIMAL,2.8125,0.0,0,np_gurobi_optimal,0.013707876205444336,0.0,65.0,0.8125,13,8.125,130,True,OPTIMAL,0.17114686965942383,0.0,978.0
2560400230500325425,0,16,4,"[4, 4, 4, 4]","[[5, 7, 8, 9], [5, 9, 9, 16], [1, 2, 2, 3], [6, 10, 11, 12]]",0.7,1,2,2,4,PP,"[[4], [1, 2, 1], [4], [1, 3]]",7,17,0.0042415,20,OPTIMAL,2.8125,0.0,0,np_gurobi_optimal,0.008284807205200195,0.0,24.0,0.8125,13,9.75,156,True,OPTIMAL,0.17114686965942383,0.0,978.0
2560400230500325425,0,16,4,"[4, 4, 4, 4]","[[5, 7, 8, 9], [5, 9, 9, 16], [1, 2, 2, 3], [6, 10, 11, 12]]",0.7,1,2,2,5,PP,"[[4], [1, 2, 1], [4], [1, 3]]",7,17,0.001412,20,OPTIMAL,2.8125,0.0,0,np_gurobi_optimal,0.008167028427124023,0.0,24.0,0.8125,13,9.75,156,True,OPTIMAL,0.17114686965942383,0.0,978.0
2560400230500325425,0,16,4,"[4, 4, 4, 4]","[[5, 7, 8, 9], [5, 9, 9, 16], [1, 2, 2, 3], [6, 10, 11, 12]]",0.7,1,2,3,2,PP,"[[2, 2], [1, 2, 1], [2, 2], [1, 2, 1]]",10,37,0.001407,20,OPTIMAL,2.8125,0.0,0,np_gurobi_optimal,0.02726006507873535,0.0,69.0,0.8125,13,14.0,224,True,OPTIMAL,0.17114686965942383,0.0,978.0
2560400230500325425,0,16,4,"[4, 4, 4, 4]","[[5, 7, 8, 9], [5, 9, 9, 16], [1, 2, 2, 3], [6, 10, 11, 12]]",0.7,1,2,3,3,PP,"[[3, 1], [1, 2, 1], [3, 1], [1, 3]]",9,30,0.0040465,20,OPTIMAL,2.8125,0.0,0,np_gurobi_optimal,0.014297008514404297,0.0,65.0,0.8125,13,17.5,280,True,OPTIMAL,0.17114686965942383,0.0,978.0
2560400230500325425,0,16,4,"[4, 4, 4, 4]","[[5, 7, 8, 9], [5, 9, 9, 16], [1, 2, 2, 3], [6, 10, 11, 12]]",0.7,1,2,3,4,PP,"[[4], [1, 2, 1], [4], [1, 3]]",7,17,0.004101,20,OPTIMAL,2.8125,0.0,0,np_gurobi_optimal,0.008413076400756836,0.0,24.0,0.8125,13,21.0,336,True,OPTIMAL,0.17114686965942383,0.0,978.0
2560400230500325425,0,16,4,"[4, 4, 4, 4]","[[5, 7, 8, 9], [5, 9, 9, 16], [1, 2, 2, 3], [6, 10, 11, 12]]",0.7,1,2,3,5,PP,"[[4], [1, 2, 1], [4], [1, 3]]",7,17,0.0015075,20,OPTIMAL,2.8125,0.0,0,np_gurobi_optimal,0.009109020233154297,0.0,24.0,0.8125,13,21.0,336,True,OPTIMAL,0.17114686965942383,0.0,978.0
2560400230500325425,0,16,4,"[4, 4, 4, 4]","[[5, 7, 8, 9], [5, 9, 9, 16], [1, 2, 2, 3], [6, 10, 11, 12]]",0.7,1,2,4,2,PP,"[[2, 2], [2, 1, 1], [2, 2], [2, 2]]",9,30,0.001523,20,OPTIMAL,2.8125,0.0,0,np_gurobi_optimal,0.024214982986450195,0.0,29.0,6.1875,99,21.5,344,True,OPTIMAL,0.17114686965942383,0.0,978.0
2560400230500325425,0,16,4,"[4, 4, 4, 4]","[[5, 7, 8, 9], [5, 9, 9, 16], [1, 2, 2, 3], [6, 10, 11, 12]]",0.7,1,2,4,3,PP,"[[3, 1], [3, 1], [3, 1], [3, 1]]",8,24,0.001402,20,OPTIMAL,2.8125,0.0,0,np_gurobi_optimal,0.01039576530456543,0.0,20.0,6.1875,99,26.875,430,True,OPTIMAL,0.17114686965942383,0.0,978.0
2560400230500325425,0,16,4,"[4, 4, 4, 4]","[[5, 7, 8, 9], [5, 9, 9, 16], [1, 2, 2, 3], [6, 10, 11, 12]]",0.7,1,2,4,4,PP,"[[4], [3, 1], [4], [4]]",5,9,0.004036,20,OPTIMAL,2.8125,0.0,0,np_gurobi_optimal,0.004961967468261719,0.0,1.0,6.1875,99,32.25,516,True,OPTIMAL,0.17114686965942383,0.0,978.0
2560400230500325425,0,16,4,"[4, 4, 4, 4]","[[5, 7, 8, 9], [5, 9, 9, 16], [1, 2, 2, 3], [6, 10, 11, 12]]",0.7,1,2,4,5,PP,"[[4], [3, 1], [4], [4]]",5,9,0.001372,20,OPTIMAL,2.8125,0.0,0,np_gurobi_optimal,0.004903078079223633,0.0,1.0,6.1875,99,32.25,516,True,OPTIMAL,0.17114686965942383,0.0,978.0
4093044367343088416,1,16,4,"[4, 4, 4, 4]","[[1, 3, 4, 7], [4, 6, 6, 8], [4, 5, 5, 6], [5, 5, 6, 9]]",0.7,1,2,1,2,PP,"[[1, 2, 1], [1, 2, 1], [2, 2], [2, 1, 1]]",11,45,0.003866,20,OPTIMAL,5.9375,,,,0.12035679817199707,0.0,1311.0,0.0,0,0.0,0,,TIME_LIMIT,5.000065088272095,0.16374269005848838,20827.0
4093044367343088416,1,16,4,"[4, 4, 4, 4]","[[1, 3, 4, 7], [4, 6, 6, 8], [4, 5, 5, 6], [5, 5, 6, 9]]",0.7,1,2,1,3,PP,"[[1, 2, 1], [1, 2, 1], [3, 1], [3, 1]]",10,37,0.004332,20,OPTIMAL,5.9375,,,,0.062365055084228516,0.0,607.0,0.0,0,0.0,0,,TIME_LIMIT,5.000065088272095,0.16374269005848838,20827.0
4093044367343088416,1,16,4,"[4, 4, 4, 4]","[[1, 3, 4, 7], [4, 6, 6, 8], [4, 5, 5, 6], [5, 5, 6, 9]]",0.7,1,2,1,4,PP,"[[1, 2, 1], [1, 2, 1], [4], [3, 1]]",9,29,0.001357,20,OPTIMAL,5.9375,,,,0.04229998588562012,0.0,326.0,0.0,0,0.0,0,,TIME_LIMIT,5.000065088272095,0.16374269005848838,20827.0
4093044367343088416,1,16,4,"[4, 4, 4, 4]","[[1, 3, 4, 7], [4, 6, 6, 8], [4, 5, 5, 6], [5, 5, 6, 9]]",0.7,1,2,1,5,PP,"[[1, 2, 1], [1, 2, 1], [4], [3, 1]]",9,29,0.004712,20,OPTIMAL,5.9375,,,,0.0428009033203125,0.0,326.0,0.0,0,0.0,0,,TIME_LIMIT,5.000065088272095,0.16374269005848838,20827.0
4093044367343088416,1,16,4,"[4, 4, 4, 4]","[[1, 3, 4, 7], [4, 6, 6, 8], [4, 5, 5, 6], [5, 5, 6, 9]]",0.7,1,2,2,2,PP,"[[2, 1, 1], [2, 2], [2, 2], [2, 1, 1]]",10,37,0.004712,20,OPTIMAL,5.9375,,,,0.11385989189147949,0.0,1287.0,2.3125,37,6.5,104,,TIME_LIMIT,5.000065088272095,0.16374269005848838,20827.0
4093044367343088416,1,16,4,"[4, 4, 4, 4]","[[1, 3, 4, 7], [4, 6, 6, 8], [4, 5, 5, 6], [5, 5, 6, 9]]",0.7,1,2,2,3,PP,"[[3, 1], [3, 1], [3, 1], [3, 1]]",8,24,0.001392,20,OPTIMAL,5.9375,,,,0.035151004791259766,0.0,220.0,1.625,26,8.125,130,,TIME_LIMIT,5.000065088272095,0.16374269005848838,20827.0
4093044367343088416,1,16,4,"[4, 4, 4, 4]","[[1, 3, 4, 7], [4, 6, 6, 8], [4, 5, 5, 6], [5, 5, 6, 9]]",0.7,1,2,2,4,PP,"[[3, 1], [4], [4], [3, 1]]",6,13,0.0041365,20,OPTIMAL,5.9375,,,,0.013489007949829102,0.0,63.0,2.3125,37,9.75,156,,TIME_LIMIT,5.000065088272095,0.16374269005848838,20827.0
4093044367343088416,1,16,4,"[4, 4, 4, 4]","[[1, 3, 4, 7], [4, 6, 6, 8], [4, 5, 5, 6], [5, 5, 6, 9]]",0.7,1,2,2,5,PP,"[[3, 1], [4], [4], [3, 1]]",6,13,0.004141,20,OPTIMAL,5.9375,,,,0.013278007507324219,0.0,63.0,2.3125,37,9.75,156,,TIME_LIMIT,5.000065088272095,0.16374269005848838,20827.0
4093044367343088416,1,16,4,"[4, 4, 4, 4]","[[1, 3, 4, 7], [4, 6, 6, 8], [4, 5, 5, 6], [5, 5, 6, 9]]",0.7,1,2,3,2,PP,"[[2, 2], [2, 2], [2, 2], [2, 2]]",8,24,0.004292,20,OPTIMAL,6.1875,,,,0.050573110580444336,0.0,396.0,5.3125,85,14.0,224,,TIME_LIMIT,5.000065088272095,0.16374269005848838,20827.0
4093044367343088416,1,16,4,"[4, 4, 4, 4]","[[1, 3, 4, 7], [4, 6, 6, 8], [4, 5, 5, 6], [5, 5, 6, 9]]",0.7,1,2,3,3,PP,"[[3, 1], [3, 1], [3, 1], [3, 1]]",8,24,0.0042365,20,OPTIMAL,5.9375,,,,0.03516507148742676,0.0,220.0,1.625,26,17.5,280,,TIME_LIMIT,5.000065088272095,0.16374269005848838,20827.0
4093044367343088416,1,16,4,"[4, 4, 4, 4]","[[1, 3, 4, 7], [4, 6, 6, 8], [4, 5, 5, 6], [5, 5, 6, 9]]",0.7,1,2,3,4,PP,"[[4], [4], [4], [4]]",4,6,0.004077,20,OPTIMAL,7.3125,,,,0.006825923919677734,0.0,28.0,5.3125,85,21.0,336,,TIME_LIMIT,5.000065088272095,0.16374269005848838,20827.0
4093044367343088416,1,16,4,"[4, 4, 4, 4]","[[1, 3, 4, 7], [4, 6, 6, 8], [4, 5, 5, 6], [5, 5, 6, 9]]",0.7,1,2,3,5,PP,"[[4], [4], [4], [4]]",4,6,0.0015225,20,OPTIMAL,7.3125,,,,0.0068171024322509766,0.0,28.0,5.3125,85,21.0,336,,TIME_LIMIT,5.000065088272095,0.16374269005848838,20827.0
4093044367343088416,1,16,4,"[4, 4, 4, 4]","[[1, 3, 4, 7], [4, 6, 6, 8], [4, 5, 5, 6], [5, 5, 6, 9]]",0.7,1,2,4,2,PP,"[[2, 2], [2, 2], [2, 2], [2, 2]]",8,24,0.0013825,20,OPTIMAL,6.1875,,,,0.050694942474365234,0.0,396.0,5.3125,85,21.5,344,,TIME_LIMIT,5.000065088272095,0.16374269005848838,20827.0
4093044367343088416,1,16,4,"[4, 4, 4, 4]","[[1, 3, 4, 7], [4, 6, 6, 8], [4, 5, 5, 6], [5, 5, 6, 9]]",0.7,1,2,4,3,PP,"[[3, 1], [3, 1], [3, 1], [3, 1]]",8,24,0.004267,20,OPTIMAL,5.9375,,,,0.03530097007751465,0.0,220.0,1.625,26,26.875,430,,TIME_LIMIT,5.000065088272095,0.16374269005848838,20827.0
4093044367343088416,1,16,4,"[4, 4, 4, 4]","[[1, 3, 4, 7], [4, 6, 6, 8], [4, 5, 5, 6], [5, 5, 6, 9]]",0.7,1,2,4,4,PP,"[[4], [4], [4], [4]]",4,6,0.003991,20,OPTIMAL,7.3125,,,,0.006866931915283203,0.0,28.0,5.3125,85,32.25,516,,TIME_LIMIT,5.000065088272095,0.16374269005848838,20827.0
4093044367343088416,1,16,4,"[4, 4, 4, 4]","[[1, 3, 4, 7], [4, 6, 6, 8], [4, 5, 5, 6], [5, 5, 6, 9]]",0.7,1,2,4,5,PP,"[[4], [4], [4], [4]]",4,6,0.001367,20,OPTIMAL,7.3125,,,,0.00681304931640625,0.0,28.0,5.3125,85,32.25,516,,TIME_LIMIT,5.000065088272095,0.16374269005848838,20827.0
8198348605161259877,2,16,4,"[4, 4, 4, 4]","[[0, 2, 3, 5], [1, 1, 2, 2], [1, 2, 2, 2], [3, 3, 3, 5]]",0.7,1,2,1,2,PP,"[[1, 2, 1], [2, 2], [2, 2], [2, 1, 1]]",10,37,0.004236,20,OPTIMAL,7.4375,,,,0.15390896797180176,0.0,1720.0,0.0,0,0.0,0,,TIME_LIMIT,5.000109910964966,0.2646201337679445,16828.0
8198348605161259877,2,16,4,"[4, 4, 4, 4]","[[0, 2, 3, 5], [1, 1, 2, 2], [1, 2, 2, 2], [3, 3, 3, 5]]",0.7,1,2,1,3,PP,"[[1, 2, 1], [3, 1], [3, 1], [3, 1]]",9,30,0.004241,20,OPTIMAL,7.4375,,,,0.06220602989196777,0.0,703.0,0.0,0,0.0,0,,TIME_LIMIT,5.000109910964966,0.2646201337679445,16828.0
8198348605161259877,2,16,4,"[4, 4, 4, 4]","[[0, 2, 3, 5], [1, 1, 2, 2], [1, 2, 2, 2], [3, 3, 3, 5]]",0.7,1,2,1,4,PP,"[[1, 2, 1], [4], [4], [3, 1]]",7,17,0.003986,20,OPTIMAL,7.4375,,,,0.021835803985595703,0.0,154.0,0.0,0,0.0,0,,TIME_LIMIT,5.000109910964966,0.2646201337679445,16828.0
8198348605161259877,2,16,4,"[4, 4, 4, 4]","[[0, 2, 3, 5], [1, 1, 2, 2], [1, 2, 2, 2], [3, 3, 3, 5]]",0.7,1,2,1,5,PP,"[[1, 2, 1], [4], [4], [3, 1]]",7,17,0.0041615,20,OPTIMAL,7.4375,,,,0.0218350887298584,0.0,154.0,0.0,0,0.0,0,,TIME_LIMIT,5.000109910964966,0.2646201337679445,16828.0
8198348605161259877,2,16,4,"[4, 4, 4, 4]","[[0, 2, 3, 5], [1, 1, 2, 2], [1, 2, 2, 2], [3, 3, 3, 5]]",0.7,1,2,2,2,PP,"[[2, 2], [2, 2], [2, 2], [2, 2]]",8,24,0.0036055,20,OPTIMAL,7.6875,,,,0.0760488510131836,0.0,734.0,2.1875,35,6.5,104,,TIME_LIMIT,5.000109910964966,0.2646201337679445,16828.0
8198348605161259877,2,16,4,"[4, 4, 4, 4]","[[0, 2, 3, 5], [1, 1, 2, 2], [1, 2, 2, 2], [3, 3, 3, 5]]",0.7,1,2,2,3,PP,"[[3, 1], [3, 1], [3, 1], [3, 1]]",8,24,0.004362,20,OPTIMAL,7.6875,,,,0.04204893112182617,0.0,428.0,0.8125,13,8.125,130,,TIME_LIMIT,5.000109910964966,0.2646201337679445,16828.0
8198348605161259877,2,16,4,"[4, 4, 4, 4]","[[0, 2, 3, 5], [1, 1, 2, 2], [1, 2, 2, 2], [3, 3, 3, 5]]",0.7,1,2,2,4,PP,"[[4], [4], [4], [4]]",4,6,0.004141,20,OPTIMAL,7.6875,,,,0.006304025650024414,0.0,28.0,2.1875,35,9.75,156,,TIME_LIMIT,5.000109910964966,0.2646201337679445,16828.0
8198348605161259877,2,16,4,"[4, 4, 4, 4]","[[0, 2, 3, 5], [1, 1, 2, 2], [1, 2, 2, 2], [3, 3, 3, 5]]",0.7,1,2,2,5,PP,"[[4], [4], [4], [4]]",4,6,0.0013725,20,OPTIMAL,7.6875,,,,0.006310939788818359,0.0,28.0,2.1875,35,9.75,156,,TIME_LIMIT,5.000109910964966,0.2646201337679445,16828.0
8198348605161259877,2,16,4,"[4, 4, 4, 4]","[[0, 2, 3, 5], [1, 1, 2, 2], [1, 2, 2, 2], [3, 3, 3, 5]]",0.7,1,2,3,2,PP,"[[2, 2], [2, 2], [2, 2], [2, 2]]",8,24,0.001417,20,OPTIMAL,7.6875,,,,0.07732009887695312,0.0,734.0,2.1875,35,14.0,224,,TIME_LIMIT,5.000109910964966,0.2646201337679445,16828.0
8198348605161259877,2,16,4,"[4, 4, 4, 4]","[[0, 2, 3, 5], [1, 1, 2, 2], [1, 2, 2, 2], [3, 3, 3, 5]]",0.7,1,2,3,3,PP,"[[3, 1], [3, 1], [3, 1], [3, 1]]",8,24,0.0041265,20,OPTIMAL,7.6875,,,,0.042305946350097656,0.0,428.0,0.8125,13,17.5,280,,TIME_LIMIT,5.000109910964966,0.2646201337679445,16828.0
8198348605161259877,2,16,4,"[4, 4, 4, 4]","[[0, 2, 3, 5], [1, 1, 2, 2], [1, 2, 2, 2], [3, 3, 3, 5]]",0.7,1,2,3,4,PP,"[[4], [4], [4], [4]]",4,6,0.004102,20,OPTIMAL,7.6875,,,,0.006078004837036133,0.0,28.0,2.1875,35,21.0,336,,TIME_LIMIT,5.000109910964966,0.2646201337679445,16828.0
8198348605161259877,2,16,4,"[4, 4, 4, 4]","[[0, 2, 3, 5], [1, 1, 2, 2], [1, 2, 2, 2], [3, 3, 3, 5]]",0.7,1,2,3,5,PP,"[[4], [4], [4], [4]]",4,6,0.004126,20,OPTIMAL,7.6875,,,,0.006017923355102539,0.0,28.0,2.1875,35,21.0,336,,TIME_LIMIT,5.000109910964966,0.2646201337679445,16828.0
8198348605161259877,2,16,4,"[4, 4, 4, 4]","[[0, 2, 3, 5], [1, 1, 2, 2], [1, 2, 2, 2], [3, 3, 3, 5]]",0.7,1,2,4,2,PP,"[[2, 2], [2, 2], [2, 2], [2, 2]]",8,24,0.0014325,20,OPTIMAL,7.6875,,,,0.0755620002746582,0.0,734.0,2.1875,35,21.5,344,,TIME_LIMIT,5.000109910964966,0.2646201337679445,16828.0
8198348605161259877,2,16,4,"[4, 4, 4, 4]","[[0, 2, 3, 5], [1, 1, 2, 2], [1, 2, 2, 2], [3, 3, 3, 5]]",0.7,1,2,4,3,PP,"[[3, 1], [3, 1], [3, 1], [3, 1]]",8,24,0.004101,20,OPTIMAL,7.6875,,,,0.04208493232727051,0.0,428.0,0.8125,13,26.875,430,,TIME_LIMIT,5.000109910964966,0.2646201337679445,16828.0
8198348605161259877,2,16,4,"[4, 4, 4, 4]","[[0, 2, 3, 5], [1, 1, 2, 2], [1, 2, 2, 2], [3, 3, 3, 5]]",0.7,1,2,4,4,PP,"[[4], [4], [4], [4]]",4,6,0.004076,20,OPTIMAL,7.6875,,,,0.006027936935424805,0.0,28.0,2.1875,35,32.25,516,,TIME_LIMIT,5.000109910964966,0.2646201337679445,16828.0
8198348605161259877,2,16,4,"[4, 4, 4, 4]","[[0, 2, 3, 5], [1, 1, 2, 2], [1, 2, 2, 2], [3, 3, 3, 5]]",0.7,1,2,4,5,PP,"[[4], [4], [4], [4]]",4,6,0.004016,20,OPTIMAL,7.6875,,,,0.005981922149658203,0.0,28.0,2.1875,35,32.25,516,,TIME_LIMIT,5.000109910964966,0.2646201337679445,16828.0
9988363950158873202,0,16,4,"[4, 4, 4, 4]","[[1, 2, 3, 4], [1, 3, 5, 5], [2, 3, 3, 4], [1, 3, 4, 7]]",1.0,1,2,1,2,PP,"[[2, 2], [1, 1, 2], [2, 2], [1, 2, 1]]",10,37,0.004202,20,OPTIMAL,6.8125,,,,0.1805720329284668,0.0,1935.0,0.0,0,0.0,0,,TIME_LIMIT,5.0001420974731445,0.4403669724770753,15034.0
9988363950158873202,0,16,4,"[4, 4, 4, 4]","[[1, 2, 3, 4], [1, 3, 5, 5], [2, 3, 3, 4], [1, 3, 4, 7]]",1.0,1,2,1,3,PP,"[[3, 1], [1, 1, 2], [3, 1], [1, 2, 1]]",10,37,0.0040465,20,OPTIMAL,6.8125,,,,0.10740900039672852,0.0,1239.0,0.0,0,0.0,0,,TIME_LIMIT,5.0001420974731445,0.4403669724770753,15034.0
9988363950158873202,0,16,4,"[4, 4, 4, 4]","[[1, 2, 3, 4], [1, 3, 5, 5], [2, 3, 3, 4], [1, 3, 4, 7]]",1.0,1,2,1,4,PP,"[[4], [1, 1, 2], [4], [1, 2, 1]]",8,22,0.004131,20,OPTIMAL,6.8125,,,,0.043189048767089844,0.0,342.0,0.0,0,0.0,0,,TIME_LIMIT,5.0001420974731445,0.4403669724770753,15034.0
9988363950158873202,0,16,4,"[4, 4, 4, 4]","[[1, 2, 3, 4], [1, 3, 5, 5], [2, 3, 3, 4], [1, 3, 4, 7]]",1.0,1,2,1,5,PP,"[[4], [1, 1, 2], [4], [1, 2, 1]]",8,22,0.001417,20,OPTIMAL,6.8125,,,,0.04271697998046875,0.0,342.0,0.0,0,0.0,0,,TIME_LIMIT,5.0001420974731445,0.4403669724770753,15034.0
9988363950158873202,0,16,4,"[4, 4, 4, 4]","[[1, 2, 3, 4], [1, 3, 5, 5], [2, 3, 3, 4], [1, 3, 4, 7]]",1.0,1,2,2,2,PP,"[[2, 2], [2, 2], [2, 2], [2, 1, 1]]",9,30,0.004687,20,OPTIMAL,6.8125,,,,0.10518097877502441,0.0,962.0,1.625,26,6.5,104,,TIME_LIMIT,5.0001420974731445,0.4403669724770753,15034.0
9988363950158873202,0,16,4,"[4, 4, 4, 4]","[[1, 2, 3, 4], [1, 3, 5, 5], [2, 3, 3, 4], [1, 3, 4, 7]]",1.0,1,2,2,3,PP,"[[3, 1], [3, 1], [3, 1], [3, 1]]",8,24,0.0048325,20,OPTIMAL,6.8125,,,,0.04366302490234375,0.0,250.0,2.375,38,8.125,130,,TIME_LIMIT,5.0001420974731445,0.4403669724770753,15034.0
9988363950158873202,0,16,4,"[4, 4, 4, 4]","[[1, 2, 3, 4], [1, 3, 5, 5], [2, 3, 3, 4], [1, 3, 4, 7]]",1.0,1,2,2,4,PP,"[[4], [4], [4], [3, 1]]",5,9,0.003981,20,OPTIMAL,6.8125,,,,0.01052999496459961,0.0,56.0,2.375,38,9.75,156,,TIME_LIMIT,5.0001420974731445,0.4403669724770753,15034.0
9988363950158873202,0,16,4,"[4, 4, 4, 4]","[[1, 2, 3, 4], [1, 3, 5, 5], [2, 3, 3, 4], [1, 3, 4, 7]]",1.0,1,2,2,5,PP,"[[4], [4], [4], [3, 1]]",5,9,0.004101,20,OPTIMAL,6.8125,,,,0.010477066040039062,0.0,56.0,2.375,38,9.75,156,,TIME_LIMIT,5.0001420974731445,0.4403669724770753,15034.0
9988363950158873202,0,16,4,"[4, 4, 4, 4]","[[1, 2, 3, 4], [1, 3, 5, 5], [2, 3, 3, 4], [1, 3, 4, 7]]",1.0,1,2,3,2,PP,"[[2, 2], [2, 2], [2, 2], [2, 2]]",8,24,0.004887,20,OPTIMAL,6.8125,,,,0.07619500160217285,0.0,662.0,3.125,50,14.0,224,,TIME_LIMIT,5.0001420974731445,0.4403669724770753,15034.0
9988363950158873202,0,16,4,"[4, 4, 4, 4]","[[1, 2, 3, 4], [1, 3, 5, 5], [2, 3, 3, 4], [1, 3, 4, 7]]",1.0,1,2,3,3,PP,"[[3, 1], [3, 1], [3, 1], [3, 1]]",8,24,0.004216,20,OPTIMAL,6.8125,,,,0.04392814636230469,0.0,250.0,2.375,38,17.5,280,,TIME_LIMIT,5.0001420974731445,0.4403669724770753,15034.0
9988363950158873202,0,16,4,"[4, 4, 4, 4]","[[1, 2, 3, 4], [1, 3, 5, 5], [2, 3, 3, 4], [1, 3, 4, 7]]",1.0,1,2,3,4,PP,"[[4], [4], [4], [4]]",4,6,0.004667,20,OPTIMAL,6.8125,,,,0.006639003753662109,0.0,24.0,3.875,62,21.0,336,,TIME_LIMIT,5.0001420974731445,0.4403669724770753,15034.0
9988363950158873202,0,16,4,"[4, 4, 4, 4]","[[1, 2, 3, 4], [1, 3, 5, 5], [2, 3, 3, 4], [1, 3, 4, 7]]",1.0,1,2,3,5,PP,"[[4], [4], [4], [4]]",4,6,0.004081,20,OPTIMAL,6.8125,,,,0.0063169002532958984,0.0,24.0,3.875,62,21.0,336,,TIME_LIMIT,5.0001420974731445,0.4403669724770753,15034.0
9988363950158873202,0,16,4,"[4, 4, 4, 4]","[[1, 2, 3, 4], [1, 3, 5, 5], [2, 3, 3, 4], [1, 3, 4, 7]]",1.0,1,2,4,2,PP,"[[2, 2], [2, 2], [2, 2], [2, 2]]",8,24,0.001422,20,OPTIMAL,6.8125,,,,0.07345080375671387,0.0,662.0,3.125,50,21.5,344,,TIME_LIMIT,5.0001420974731445,0.4403669724770753,15034.0
9988363950158873202,0,16,4,"[4, 4, 4, 4]","[[1, 2, 3, 4], [1, 3, 5, 5], [2, 3, 3, 4], [1, 3, 4, 7]]",1.0,1,2,4,3,PP,"[[3, 1], [3, 1], [3, 1], [3, 1]]",8,24,0.004392,20,OPTIMAL,6.8125,,,,0.043560028076171875,0.0,250.0,2.375,38,26.875,430,,TIME_LIMIT,5.0001420974731445,0.4403669724770753,15034.0
9988363950158873202,0,16,4,"[4, 4, 4, 4]","[[1, 2, 3, 4], [1, 3, 5, 5], [2, 3, 3, 4], [1, 3, 4, 7]]",1.0,1,2,4,4,PP,"[[4], [4], [4], [4]]",4,6,0.0044315,20,OPTIMAL,6.8125,,,,0.0068590641021728516,0.0,24.0,3.875,62,32.25,516,,TIME_LIMIT,5.0001420974731445,0.4403669724770753,15034.0
9988363950158873202,0,16,4,"[4, 4, 4, 4]","[[1, 2, 3, 4], [1, 3, 5, 5], [2, 3, 3, 4], [1, 3, 4, 7]]",1.0,1,2,4,5,PP,"[[4], [4], [4], [4]]",4,6,0.001382,20,OPTIMAL,6.8125,,,,0.0066318511962890625,0.0,24.0,3.875,62,32.25,516,,TIME_LIMIT,5.0001420974731445,0.4403669724770753,15034.0
5161306654850739048,1,16,4,"[4, 4, 4, 4]","[[3, 4, 5, 5], [0, 1, 4, 6], [1, 4, 6, 7], [1, 2, 2, 3]]",1.0,1,2,1,2,PP,"[[2, 2], [2, 1, 1], [1, 1, 2], [2, 2]]",10,37,0.0041265,20,OPTIMAL,6.125,,,,0.19013404846191406,0.0,2015.0,0.0,0,0.0,0,,TIME_LIMIT,5.000047206878662,0.42000000000001136,12199.0
5161306654850739048,1,16,4,"[4, 4, 4, 4]","[[3, 4, 5, 5], [0, 1, 4, 6], [1, 4, 6, 7], [1, 2, 2, 3]]",1.0,1,2,1,3,PP,"[[3, 1], [2, 1, 1], [1, 1, 2], [3, 1]]",10,37,0.001407,20,OPTIMAL,6.125,,,,0.09993290901184082,0.0,1122.0,0.0,0,0.0,0,,TIME_LIMIT,5.000047206878662,0.42000000000001136,12199.0
5161306654850739048,1,16,4,"[4, 4, 4, 4]","[[3, 4, 5, 5], [0, 1, 4, 6], [1, 4, 6, 7], [1, 2, 2, 3]]",1.0,1,2,1,4,PP,"[[4], [2, 1, 1], [1, 1, 2], [4]]",8,22,0.001327,20,OPTIMAL,6.125,,,,0.02999281883239746,0.0,223.0,0.0,0,0.0,0,,TIME_LIMIT,5.000047206878662,0.42000000000001136,12199.0
5161306654850739048,1,16,4,"[4, 4, 4, 4]","[[3, 4, 5, 5], [0, 1, 4, 6], [1, 4, 6, 7], [1, 2, 2, 3]]",1.0,1,2,1,5,PP,"[[4], [2, 1, 1], [1, 1, 2], [4]]",8,22,0.004692,20,OPTIMAL,6.125,,,,0.030580997467041016,0.0,223.0,0.0,0,0.0,0,,TIME_LIMIT,5.000047206878662,0.42000000000001136,12199.0
5161306654850739048,1,16,4,"[4, 4, 4, 4]","[[3, 4, 5, 5], [0, 1, 4, 6], [1, 4, 6, 7], [1, 2, 2, 3]]",1.0,1,2,2,2,PP,"[[2, 2], [2, 2], [1, 2, 1], [2, 2]]",9,30,0.004702,20,OPTIMAL,6.125,,,,0.10153603553771973,0.0,1077.0,1.4375,23,6.5,104,,TIME_LIMIT,5.000047206878662,0.42000000000001136,12199.0
5161306654850739048,1,16,4,"[4, 4, 4, 4]","[[3, 4, 5, 5], [0, 1, 4, 6], [1, 4, 6, 7], [1, 2, 2, 3]]",1.0,1,2,2,3,PP,"[[3, 1], [2, 2], [1, 3], [3, 1]]",8,24,0.004582,20,OPTIMAL,6.125,,,,0.043382883071899414,0.0,383.0,1.4375,23,8.125,130,,TIME_LIMIT,5.000047206878662,0.42000000000001136,12199.0
5161306654850739048,1,16,4,"[4, 4, 4, 4]","[[3, 4, 5, 5], [0, 1, 4, 6], [1, 4, 6, 7], [1, 2, 2, 3]]",1.0,1,2,2,4,PP,"[[4], [2, 2], [1, 3], [4]]",6,13,0.004321,20,OPTIMAL,6.125,,,,0.01813197135925293,0.0,105.0,1.4375,23,9.75,156,,TIME_LIMIT,5.000047206878662,0.42000000000001136,12199.0
5161306654850739048,1,16,4,"[4, 4, 4, 4]","[[3, 4, 5, 5], [0, 1, 4, 6], [1, 4, 6, 7], [1, 2, 2, 3]]",1.0,1,2,2,5,PP,"[[4], [2, 2], [1, 3], [4]]",6,13,0.001327,20,OPTIMAL,6.125,,,,0.01772594451904297,0.0,105.0,1.4375,23,9.75,156,,TIME_LIMIT,5.000047206878662,0.42000000000001136,12199.0
5161306654850739048,1,16,4,"[4, 4, 4, 4]","[[3, 4, 5, 5], [0, 1, 4, 6], [1, 4, 6, 7], [1, 2, 2, 3]]",1.0,1,2,3,2,PP,"[[2, 2], [2, 2], [2, 2], [2, 2]]",8,24,0.0014775,20,OPTIMAL,6.125,,,,0.05483603477478027,0.0,526.0,2.4375,39,14.0,224,,TIME_LIMIT,5.000047206878662,0.42000000000001136,12199.0
5161306654850739048,1,16,4,"[4, 4, 4, 4]","[[3, 4, 5, 5], [0, 1, 4, 6], [1, 4, 6, 7], [1, 2, 2, 3]]",1.0,1,2,3,3,PP,"[[3, 1], [3, 1], [3, 1], [3, 1]]",8,24,0.004006,20,OPTIMAL,6.625,,,,0.03062295913696289,0.0,196.0,4.125,66,17.5,280,,TIME_LIMIT,5.000047206878662,0.42000000000001136,12199.0
5161306654850739048,1,16,4,"[4, 4, 4, 4]","[[3, 4, 5, 5], [0, 1, 4, 6], [1, 4, 6, 7], [1, 2, 2, 3]]",1.0,1,2,3,4,PP,"[[4], [4], [4], [4]]",4,6,0.004727,20,OPTIMAL,6.625,,,,0.00732111930847168,0.0,22.0,4.8125,77,21.0,336,,TIME_LIMIT,5.000047206878662,0.42000000000001136,12199.0
5161306654850739048,1,16,4,"[4, 4, 4, 4]","[[3, 4, 5, 5], [0, 1, 4, 6], [1, 4, 6, 7], [1, 2, 2, 3]]",1.0,1,2,3,5,PP,"[[4], [4], [4], [4]]",4,6,0.004106,20,OPTIMAL,6.625,,,,0.007359981536865234,0.0,22.0,4.8125,77,21.0,336,,TIME_LIMIT,5.000047206878662,0.42000000000001136,12199.0
5161306654850739048,1,16,4,"[4, 4, 4, 4]","[[3, 4, 5, 5], [0, 1, 4, 6], [1, 4, 6, 7], [1, 2, 2, 3]]",1.0,1,2,4,2,PP,"[[2, 2], [2, 2], [2, 2], [2, 2]]",8,24,0.001382,20,OPTIMAL,6.125,,,,0.05443692207336426,0.0,526.0,2.4375,39,21.5,344,,TIME_LIMIT,5.000047206878662,0.42000000000001136,12199.0
5161306654850739048,1,16,4,"[4, 4, 4, 4]","[[3, 4, 5, 5], [0, 1, 4, 6], [1, 4, 6, 7], [1, 2, 2, 3]]",1.0,1,2,4,3,PP,"[[3, 1], [3, 1], [3, 1], [3, 1]]",8,24,0.0042715,20,OPTIMAL,6.625,,,,0.030421018600463867,0.0,196.0,4.125,66,26.875,430,,TIME_LIMIT,5.000047206878662,0.42000000000001136,12199.0
5161306654850739048,1,16,4,"[4, 4, 4, 4]","[[3, 4, 5, 5], [0, 1, 4, 6], [1, 4, 6, 7], [1, 2, 2, 3]]",1.0,1,2,4,4,PP,"[[4], [4], [4], [4]]",4,6,0.004056,20,OPTIMAL,6.625,,,,0.007194995880126953,0.0,22.0,4.8125,77,32.25,516,,TIME_LIMIT,5.000047206878662,0.42000000000001136,12199.0
5161306654850739048,1,16,4,"[4, 4, 4, 4]","[[3, 4, 5, 5], [0, 1, 4, 6], [1, 4, 6, 7], [1, 2, 2, 3]]",1.0,1,2,4,5,PP,"[[4], [4], [4], [4]]",4,6,0.0041115,20,OPTIMAL,6.625,,,,0.006990909576416016,0.0,22.0,4.8125,77,32.25,516,,TIME_LIMIT,5.000047206878662,0.42000000000001136,12199.0
10343107839725815555,2,16,4,"[4, 4, 4, 4]","[[2, 3, 4, 5], [3, 3, 6, 6], [4, 5, 5, 6], [2, 3, 3, 4]]",1.0,1,2,1,2,PP,"[[2, 2], [2, 2], [2, 2], [2, 2]]",8,24,0.0014375,20,OPTIMAL,7.0,0.0,0,np_gurobi_optimal,0.07509303092956543,0.0,715.0,0.0,0,0.0,0,True,OPTIMAL,4.6857709884643555,0.0,19156.0
10343107839725815555,2,16,4,"[4, 4, 4, 4]","[[2, 3, 4, 5], [3, 3, 6, 6], [4, 5, 5, 6], [2, 3, 3, 4]]",1.0,1,2,1,3,PP,"[[3, 1], [2, 2], [3, 1], [3, 1]]",8,24,0.0035755,20,OPTIMAL,7.0,0.0,0,np_gurobi_optimal,0.040760040283203125,0.0,367.0,0.0,0,0.0,0,True,OPTIMAL,4.6857709884643555,0.0,19156.0
10343107839725815555,2,16,4,"[4, 4, 4, 4]","[[2, 3, 4, 5], [3, 3, 6, 6], [4, 5, 5, 6], [2, 3, 3, 4]]",1.0,1,2,1,4,PP,"[[4], [2, 2], [4], [4]]",5,9,0.0040915,20,OPTIMAL,7.0,0.0,0,np_gurobi_optimal,0.015259981155395508,0.0,45.0,0.0,0,0.0,0,True,OPTIMAL,4.6857709884643555,0.0,19156.0
10343107839725815555,2,16,4,"[4, 4, 4, 4]","[[2, 3, 4, 5], [3, 3, 6, 6], [4, 5, 5, 6], [2, 3, 3, 4]]",1.0,1,2,1,5,PP,"[[4], [2, 2], [4], [4]]",5,9,0.001347,20,OPTIMAL,7.0,0.0,0,np_gurobi_optimal,0.015292882919311523,0.0,45.0,0.0,0,0.0,0,True,OPTIMAL,4.6857709884643555,0.0,19156.0
10343107839725815555,2,16,4,"[4, 4, 4, 4]","[[2, 3, 4, 5], [3, 3, 6, 6], [4, 5, 5, 6], [2, 3, 3, 4]]",1.0,1,2,2,2,PP,"[[2, 2], [2, 2], [2, 2], [2, 2]]",8,24,0.0040515,20,OPTIMAL,7.0,0.0,0,np_gurobi_optimal,0.07625794410705566,0.0,715.0,0.0,0,6.5,104,True,OPTIMAL,4.6857709884643555,0.0,19156.0
10343107839725815555,2,16,4,"[4, 4, 4, 4]","[[2, 3, 4, 5], [3, 3, 6, 6], [4, 5, 5, 6], [2, 3, 3, 4]]",1.0,1,2,2,3,PP,"[[3, 1], [2, 2], [3, 1], [3, 1]]",8,24,0.0040365,20,OPTIMAL,7.0,0.0,0,np_gurobi_optimal,0.04092001914978027,0.0,367.0,0.0,0,8.125,130,True,OPTIMAL,4.6857709884643555,0.0,19156.0
10343107839725815555,2,16,4,"[4, 4, 4, 4]","[[2, 3, 4, 5], [3, 3, 6, 6], [4, 5, 5, 6], [2, 3, 3, 4]]",1.0,1,2,2,4,PP,"[[4], [2, 2], [4], [4]]",5,9,0.003986,20,OPTIMAL,7.0,0.0,0,np_gurobi_optimal,0.01545405387878418,0.0,45.0,0.0,0,9.75,156,True,OPTIMAL,4.6857709884643555,0.0,19156.0
10343107839725815555,2,16,4,"[4, 4, 4, 4]","[[2, 3, 4, 5], [3, 3, 6, 6], [4, 5, 5, 6], [2, 3, 3, 4]]",1.0,1,2,2,5,PP,"[[4], [2, 2], [4], [4]]",5,9,0.004021,20,OPTIMAL,7.0,0.0,0,np_gurobi_optimal,0.015295982360839844,0.0,45.0,0.0,0,9.75,156,True,OPTIMAL,4.6857709884643555,0.0,19156.0
10343107839725815555,2,16,4,"[4, 4, 4, 4]","[[2, 3, 4, 5], [3, 3, 6, 6], [4, 5, 5, 6], [2, 3, 3, 4]]",1.0,1,2,3,2,PP,"[[2, 2], [2, 2], [2, 2], [2, 2]]",8,24,0.0041915,20,OPTIMAL,7.0,0.0,0,np_gurobi_optimal,0.0746450424194336,0.0,715.0,0.0,0,14.0,224,True,OPTIMAL,4.6857709884643555,0.0,19156.0
10343107839725815555,2,16,4,"[4, 4, 4, 4]","[[2, 3, 4, 5], [3, 3, 6, 6], [4, 5, 5, 6], [2, 3, 3, 4]]",1.0,1,2,3,3,PP,"[[3, 1], [3, 1], [3, 1], [3, 1]]",8,24,0.004056,20,OPTIMAL,7.0,0.0,0,np_gurobi_optimal,0.03661513328552246,0.0,313.0,1.625,26,17.5,280,True,OPTIMAL,4.6857709884643555,0.0,19156.0
10343107839725815555,2,16,4,"[4, 4, 4, 4]","[[2, 3, 4, 5], [3, 3, 6, 6], [4, 5, 5, 6], [2, 3, 3, 4]]",1.0,1,2,3,4,PP,"[[4], [4], [4], [4]]",4,6,0.0013925,20,OPTIMAL,7.0,0.0,0,np_gurobi_optimal,0.005986928939819336,0.0,29.0,1.625,26,21.0,336,True,OPTIMAL,4.6857709884643555,0.0,19156.0
10343107839725815555,2,16,4,"[4, 4, 4, 4]","[[2, 3, 4, 5], [3, 3, 6, 6], [4, 5, 5, 6], [2, 3, 3, 4]]",1.0,1,2,3,5,PP,"[[4], [4], [4], [4]]",4,6,0.0045665,20,OPTIMAL,7.0,0.0,0,np_gurobi_optimal,0.00651097297668457,0.0,29.0,1.625,26,21.0,336,True,OPTIMAL,4.6857709884643555,0.0,19156.0
10343107839725815555,2,16,4,"[4, 4, 4, 4]","[[2, 3, 4, 5], [3, 3, 6, 6], [4, 5, 5, 6], [2, 3, 3, 4]]",1.0,1,2,4,2,PP,"[[2, 2], [2, 2], [2, 2], [2, 2]]",8,24,0.0041515,20,OPTIMAL,7.0,0.0,0,np_gurobi_optimal,0.07514405250549316,0.0,715.0,0.0,0,21.5,344,True,OPTIMAL,4.6857709884643555,0.0,19156.0
10343107839725815555,2,16,4,"[4, 4, 4, 4]","[[2, 3, 4, 5], [3, 3, 6, 6], [4, 5, 5, 6], [2, 3, 3, 4]]",1.0,1,2,4,3,PP,"[[3, 1], [3, 1], [3, 1], [3, 1]]",8,24,0.004762,20,OPTIMAL,7.0,0.0,0,np_gurobi_optimal,0.03689217567443848,0.0,313.0,1.625,26,26.875,430,True,OPTIMAL,4.6857709884643555,0.0,19156.0
10343107839725815555,2,16,4,"[4, 4, 4, 4]","[[2, 3, 4, 5], [3, 3, 6, 6], [4, 5, 5, 6], [2, 3, 3, 4]]",1.0,1,2,4,4,PP,"[[4], [4], [4], [4]]",4,6,0.004477,20,OPTIMAL,7.0,0.0,0,np_gurobi_optimal,0.006402015686035156,0.0,29.0,1.625,26,32.25,516,True,OPTIMAL,4.6857709884643555,0.0,19156.0
10343107839725815555,2,16,4,"[4, 4, 4, 4]","[[2, 3, 4, 5], [3, 3, 6, 6], [4, 5, 5, 6], [2, 3, 3, 4]]",1.0,1,2,4,5,PP,"[[4], [4], [4], [4]]",4,6,0.001432,20,OPTIMAL,7.0,0.0,0,np_gurobi_optimal,0.006338834762573242,0.0,29.0,1.625,26,32.25,516,True,OPTIMAL,4.6857709884643555,0.0,19156.0
7978900739485728337,0,20,4,"[5, 5, 5, 5]","[[2, 5, 6, 8, 13], [2, 4, 5, 8, 9], [2, 9, 9, 11, 14], [2, 3, 4, 9, 15]]",0.4,1,2,1,2,PP,"[[1, 2, 1, 1], [1, 2, 2], [1, 2, 1, 1], [2, 1, 1, 1]]",15,84,0.004667,20,TIME_LIMIT,6.4,,,,5.000119924545288,0.3904138513513552,15434.0,0.0,0,0.0,0,,TIME_LIMIT,5.000080108642578,0.6242096435267472,10878.0
7978900739485728337,0,20,4,"[5, 5, 5, 5]","[[2, 5, 6, 8, 13], [2, 4, 5, 8, 9], [2, 9, 9, 11, 14], [2, 3, 4, 9, 15]]",0.4,1,2,1,3,PP,"[[1, 2, 1, 1], [1, 2, 2], [1, 2, 1, 1], [3, 1, 1]]",14,73,0.004612,20,OPTIMAL,6.4,,,,2.833163022994995,0.0,17034.0,0.0,0,0.0,0,,TIME_LIMIT,5.000080108642578,0.6242096435267472,10878.0
7978900739485728337,0,20,4,"[5, 5, 5, 5]","[[2, 5, 6, 8, 13], [2, 4, 5, 8, 9], [2, 9, 9, 11, 14], [2, 3, 4, 9, 15]]",0.4,1,2,1,4,PP,"[[1, 2, 1, 1], [1, 2, 2], [1, 2, 1, 1], [3, 1, 1]]",14,73,0.004382,20,OPTIMAL,6.4,,,,2.8265371322631836,0.0,17034.0,0.0,0,0.0,0,,TIME_LIMIT,5.000080108642578,0.6242096435267472,10878.0
7978900739485728337,0,20,4,"[5, 5, 5, 5]","[[2, 5, 6, 8, 13], [2, 4, 5, 8, 9], [2, 9, 9, 11, 14], [2, 3, 4, 9, 15]]",0.4,1,2,1,5,PP,"[[1, 2, 1, 1], [1, 2, 2], [1, 2, 1, 1], [3, 1, 1]]",14,73,0.004552,20,OPTIMAL,6.4,,,,2.8312339782714844,0.0,17034.0,0.0,0,0.0,0,,TIME_LIMIT,5.000080108642578,0.6242096435267472,10878.0
7978900739485728337,0,20,4,"[5, 5, 5, 5]","[[2, 5, 6, 8, 13], [2, 4, 5, 8, 9], [2, 9, 9, 11, 14], [2, 3, 4, 9, 15]]",0.4,1,2,2,2,PP,"[[1, 2, 1, 1], [2, 1, 2], [1, 2, 1, 1], [2, 1, 1, 1]]",15,84,0.001743,20,TIME_LIMIT,6.4,,,,5.00006103515625,0.42148996013436957,14341.0,0.85,17,8.5,170,,TIME_LIMIT,5.000080108642578,0.6242096435267472,10878.0
7978900739485728337,0,20,4,"[5, 5, 5, 5]","[[2, 5, 6, 8, 13], [2, 4, 5, 8, 9], [2, 9, 9, 11, 14], [2, 3, 4, 9, 15]]",0.4,1,2,2,3,PP,"[[1, 3, 1], [3, 2], [1, 3, 1], [3, 1, 1]]",11,45,0.004552,20,OPTIMAL,6.4,,,,0.24580001831054688,0.0,2789.0,2.35,47,11.05,221,,TIME_LIMIT,5.000080108642578,0.6242096435267472,10878.0
7978900739485728337,0,20,4,"[5, 5, 5, 5]","[[2, 5, 6, 8, 13], [2, 4, 5, 8, 9], [2, 9, 9, 11, 14], [2, 3, 4, 9, 15]]",0.4,1,2,2,4,PP,"[[1, 3, 1], [3, 2], [1, 3, 1], [3, 1, 1]]",11,45,0.004441,20,OPTIMAL,6.4,,,,0.2456190586090088,0.0,2789.0,2.35,47,12.75,255,,TIME_LIMIT,5.000080108642578,0.6242096435267472,10878.0
7978900739485728337,0,20,4,"[5, 5, 5, 5]","[[2, 5, 6, 8, 13], [2, 4, 5, 8, 9], [2, 9, 9, 11, 14], [2, 3, 4, 9, 15]]",0.4,1,2,2,5,PP,"[[1, 3, 1], [3, 2], [1, 3, 1], [3, 1, 1]]",11,45,0.0016575,20,OPTIMAL,6.4,,,,0.24605607986450195,0.0,2789.0,2.35,47,13.6,272,,TIME_LIMIT,5.000080108642578,0.6242096435267472,10878.0
7978900739485728337,0,20,4,"[5, 5, 5, 5]","[[2, 5, 6, 8, 13], [2, 4, 5, 8, 9], [2, 9, 9, 11, 14], [2, 3, 4, 9, 15]]",0.4,1,2,3,2,PP,"[[2, 2, 1], [2, 2, 1], [1, 2, 2], [2, 1, 1, 1]]",13,63,0.001558,20,OPTIMAL,6.4,,,,1.0927748680114746,0.0,7796.0,6.5,130,18.0,360,,TIME_LIMIT,5.000080108642578,0.6242096435267472,10878.0
7978900739485728337,0,20,4,"[5, 5, 5, 5]","[[2, 5, 6, 8, 13], [2, 4, 5, 8, 9], [2, 9, 9, 11, 14], [2, 3, 4, 9, 15]]",0.4,1,2,3,3,PP,"[[3, 1, 1], [3, 2], [1, 3, 1], [3, 1, 1]]",11,45,0.0049675,20,OPTIMAL,6.4,,,,0.16623377799987793,0.0,1490.0,3.4,68,23.4,468,,TIME_LIMIT,5.000080108642578,0.6242096435267472,10878.0
7978900739485728337,0,20,4,"[5, 5, 5, 5]","[[2, 5, 6, 8, 13], [2, 4, 5, 8, 9], [2, 9, 9, 11, 14], [2, 3, 4, 9, 15]]",0.4,1,2,3,4,PP,"[[4, 1], [4, 1], [1, 4], [3, 1, 1]]",9,30,0.004381,20,OPTIMAL,6.4,,,,0.052741050720214844,0.0,463.0,7.25,145,27.0,540,,TIME_LIMIT,5.000080108642578,0.6242096435267472,10878.0
7978900739485728337,0,20,4,"[5, 5, 5, 5]","[[2, 5, 6, 8, 13], [2, 4, 5, 8, 9], [2, 9, 9, 11, 14], [2, 3, 4, 9, 15]]",0.4,1,2,3,5,PP,"[[4, 1], [5], [1, 4], [3, 1, 1]]",8,23,0.0043415,20,OPTIMAL,6.4,,,,0.03381204605102539,0.0,222.0,7.25,145,28.8,576,,TIME_LIMIT,5.000080108642578,0.6242096435267472,10878.0
7978900739485728337,0,20,4,"[5, 5, 5, 5]","[[2, 5, 6, 8, 13], [2, 4, 5, 8, 9], [2, 9, 9, 11, 14], [2, 3, 4, 9, 15]]",0.4,1,2,4,2,PP,"[[2, 2, 1], [2, 2, 1], [1, 2, 2], [2, 1, 1, 1]]",13,63,0.005228,20,OPTIMAL,6.4,,,,1.0944039821624756,0.0,7796.0,6.5,130,27.5,550,,TIME_LIMIT,5.000080108642578,0.6242096435267472,10878.0
7978900739485728337,0,20,4,"[5, 5, 5, 5]","[[2, 5, 6, 8, 13], [2, 4, 5, 8, 9], [2, 9, 9, 11, 14], [2, 3, 4, 9, 15]]",0.4,1,2,4,3,PP,"[[3, 1, 1], [3, 2], [1, 3, 1], [3, 1, 1]]",11,45,0.004652,20,OPTIMAL,6.4,,,,0.16529297828674316,0.0,1490.0,3.4,68,35.75,715,,TIME_LIMIT,5.000080108642578,0.6242096435267472,10878.0
7978900739485728337,0,20,4,"[5, 5, 5, 5]","[[2, 5, 6, 8, 13], [2, 4, 5, 8, 9], [2, 9, 9, 11, 14], [2, 3, 4, 9, 15]]",0.4,1,2,4,4,PP,"[[4, 1], [4, 1], [1, 4], [3, 1, 1]]",9,30,0.004597,20,OPTIMAL,6.4,,,,0.052823781967163086,0.0,463.0,7.25,145,41.25,825,,TIME_LIMIT,5.000080108642578,0.6242096435267472,10878.0
7978900739485728337,0,20,4,"[5, 5, 5, 5]","[[2, 5, 6, 8, 13], [2, 4, 5, 8, 9], [2, 9, 9, 11, 14], [2, 3, 4, 9, 15]]",0.4,1,2,4,5,PP,"[[4, 1], [5], [1, 4], [3, 1, 1]]",8,23,0.004747,20,OPTIMAL,6.4,,,,0.03390908241271973,0.0,222.0,7.25,145,44.0,880,,TIME_LIMIT,5.000080108642578,0.6242096435267472,10878.0
13755877369751767079,1,20,4,"[5, 5, 5, 5]","[[0, 2, 7, 8, 10], [5, 9, 10, 12, 15], [4, 4, 7, 7, 9], [3, 9, 10, 13, 16]]",0.4,1,2,1,2,PP,"[[1, 1, 2, 1], [1, 2, 1, 1], [2, 2, 1], [1, 2, 1, 1]]",15,84,0.0045165,20,OPTIMAL,5.3,,,,1.6129801273345947,0.0,15423.0,0.0,0,0.0,0,,TIME_LIMIT,5.000047922134399,0.5226087176440726,13628.0
13755877369751767079,1,20,4,"[5, 5, 5, 5]","[[0, 2, 7, 8, 10], [5, 9, 10, 12, 15], [4, 4, 7, 7, 9], [3, 9, 10, 13, 16]]",0.4,1,2,1,3,PP,"[[1, 1, 2, 1], [1, 2, 1, 1], [2, 2, 1], [1, 2, 1, 1]]",15,84,0.004582,20,OPTIMAL,5.3,,,,1.6110150814056396,0.0,15423.0,0.0,0,0.0,0,,TIME_LIMIT,5.000047922134399,0.5226087176440726,13628.0
13755877369751767079,1,20,4,"[5, 5, 5, 5]","[[0, 2, 7, 8, 10], [5, 9, 10, 12, 15], [4, 4, 7, 7, 9], [3, 9, 10, 13, 16]]",0.4,1,2,1,4,PP,"[[1, 1, 2, 1], [1, 2, 1, 1], [2, 2, 1], [1, 2, 1, 1]]",15,84,0.001497,20,OPTIMAL,5.3,,,,1.6197869777679443,0.0,15423.0,0.0,0,0.0,0,,TIME_LIMIT,5.000047922134399,0.5226087176440726,13628.0
13755877369751767079,1,20,4,"[5, 5, 5, 5]","[[0, 2, 7, 8, 10], [5, 9, 10, 12, 15], [4, 4, 7, 7, 9], [3, 9, 10, 13, 16]]",0.4,1,2,1,5,PP,"[[1, 1, 2, 1], [1, 2, 1, 1], [2, 2, 1], [1, 2, 1, 1]]",15,84,0.0015625,20,OPTIMAL,5.3,,,,1.6079678535461426,0.0,15423.0,0.0,0,0.0,0,,TIME_LIMIT,5.000047922134399,0.5226087176440726,13628.0
13755877369751767079,1,20,4,"[5, 5, 5, 5]","[[0, 2, 7, 8, 10], [5, 9, 10, 12, 15], [4, 4, 7, 7, 9], [3, 9, 10, 13, 16]]",0.4,1,2,2,2,PP,"[[2, 2, 1], [1, 2, 1, 1], [2, 2, 1], [1, 2, 1, 1]]",14,73,0.0037755,20,OPTIMAL,5.3,,,,1.3737430572509766,0.0,12279.0,0.85,17,8.5,170,,TIME_LIMIT,5.000047922134399,0.5226087176440726,13628.0
13755877369751767079,1,20,4,"[5, 5, 5, 5]","[[0, 2, 7, 8, 10], [5, 9, 10, 12, 15], [4, 4, 7, 7, 9], [3, 9, 10, 13, 16]]",0.4,1,2,2,3,PP,"[[2, 3], [1, 3, 1], [2, 3], [1, 2, 1, 1]]",11,44,0.0045065,20,OPTIMAL,5.3,,,,0.07212305068969727,0.0,740.0,3.0,60,11.05,221,,TIME_LIMIT,5.000047922134399,0.5226087176440726,13628.0
13755877369751767079,1,20,4,"[5, 5, 5, 5]","[[0, 2, 7, 8, 10], [5, 9, 10, 12, 15], [4, 4, 7, 7, 9], [3, 9, 10, 13, 16]]",0.4,1,2,2,4,PP,"[[2, 3], [1, 3, 1], [2, 3], [1, 2, 1, 1]]",11,44,0.004722,20,OPTIMAL,5.3,,,,0.07525777816772461,0.0,740.0,3.0,60,12.75,255,,TIME_LIMIT,5.000047922134399,0.5226087176440726,13628.0
13755877369751767079,1,20,4,"[5, 5, 5, 5]","[[0, 2, 7, 8, 10], [5, 9, 10, 12, 15], [4, 4, 7, 7, 9], [3, 9, 10, 13, 16]]",0.4,1,2,2,5,PP,"[[2, 3], [1, 3, 1], [2, 3], [1, 2, 1, 1]]",11,44,0.004547,20,OPTIMAL,5.3,,,,0.07183408737182617,0.0,740.0,3.0,60,13.6,272,,TIME_LIMIT,5.000047922134399,0.5226087176440726,13628.0
13755877369751767079,1,20,4,"[5, 5, 5, 5]","[[0, 2, 7, 8, 10], [5, 9, 10, 12, 15], [4, 4, 7, 7, 9], [3, 9, 10, 13, 16]]",0.4,1,2,3,2,PP,"[[2, 2, 1], [1, 2, 2], [2, 2, 1], [1, 2, 2]]",12,54,0.004592,20,OPTIMAL,5.3,,,,0.5251879692077637,0.0,4698.0,3.85,77,18.0,360,,TIME_LIMIT,5.000047922134399,0.5226087176440726,13628.0
13755877369751767079,1,20,4,"[5, 5, 5, 5]","[[0, 2, 7, 8, 10], [5, 9, 10, 12, 15], [4, 4, 7, 7, 9], [3, 9, 10, 13, 16]]",0.4,1,2,3,3,PP,"[[2, 3], [1, 3, 1], [3, 2], [1, 3, 1]]",10,37,0.005303,20,OPTIMAL,5.3,,,,0.08253598213195801,0.0,893.0,6.3,126,23.4,468,,TIME_LIMIT,5.000047922134399,0.5226087176440726,13628.0
13755877369751767079,1,20,4,"[5, 5, 5, 5]","[[0, 2, 7, 8, 10], [5, 9, 10, 12, 15], [4, 4, 7, 7, 9], [3, 9, 10, 13, 16]]",0.4,1,2,3,4,PP,"[[2, 3], [1, 4], [4, 1], [1, 4]]",8,24,0.004517,20,OPTIMAL,5.3,,,,0.031931161880493164,0.0,229.0,8.6,172,27.0,540,,TIME_LIMIT,5.000047922134399,0.5226087176440726,13628.0
13755877369751767079,1,20,4,"[5, 5, 5, 5]","[[0, 2, 7, 8, 10], [5, 9, 10, 12, 15], [4, 4, 7, 7, 9], [3, 9, 10, 13, 16]]",0.4,1,2,3,5,PP,"[[2, 3], [1, 4], [5], [1, 4]]",7,18,0.004392,20,OPTIMAL,5.3,,,,0.015845060348510742,0.0,100.0,9.3,186,28.8,576,,TIME_LIMIT,5.000047922134399,0.5226087176440726,13628.0
13755877369751767079,1,20,4,"[5, 5, 5, 5]","[[0, 2, 7, 8, 10], [5, 9, 10, 12, 15], [4, 4, 7, 7, 9], [3, 9, 10, 13, 16]]",0.4,1,2,4,2,PP,"[[2, 2, 1], [2, 2, 1], [2, 2, 1], [1, 2, 2]]",12,54,0.004692,20,OPTIMAL,5.3,,,,0.20260381698608398,0.0,2026.0,5.85,117,27.5,550,,TIME_LIMIT,5.000047922134399,0.5226087176440726,13628.0
13755877369751767079,1,20,4,"[5, 5, 5, 5]","[[0, 2, 7, 8, 10], [5, 9, 10, 12, 15], [4, 4, 7, 7, 9], [3, 9, 10, 13, 16]]",0.4,1,2,4,3,PP,"[[2, 3], [3, 2], [3, 2], [1, 3, 1]]",9,30,0.004507,20,OPTIMAL,5.3,,,,0.03864121437072754,0.0,273.0,9.8,196,35.75,715,,TIME_LIMIT,5.000047922134399,0.5226087176440726,13628.0
13755877369751767079,1,20,4,"[5, 5, 5, 5]","[[0, 2, 7, 8, 10], [5, 9, 10, 12, 15], [4, 4, 7, 7, 9], [3, 9, 10, 13, 16]]",0.4,1,2,4,4,PP,"[[2, 3], [4, 1], [4, 1], [1, 4]]",8,24,0.001502,20,OPTIMAL,5.3,,,,0.02624201774597168,0.0,131.0,9.85,197,41.25,825,,TIME_LIMIT,5.000047922134399,0.5226087176440726,13628.0
13755877369751767079,1,20,4,"[5, 5, 5, 5]","[[0, 2, 7, 8, 10], [5, 9, 10, 12, 15], [4, 4, 7, 7, 9], [3, 9, 10, 13, 16]]",0.4,1,2,4,5,PP,"[[2, 3], [5], [5], [1, 4]]",6,13,0.004572,20,OPTIMAL,5.3,,,,0.00816798210144043,0.0,32.0,12.05,241,44.0,880,,TIME_LIMIT,5.000047922134399,0.5226087176440726,13628.0
15220466147636921654,2,20,4,"[5, 5, 5, 5]","[[3, 4, 7, 9, 9], [4, 6, 6, 9, 9], [2, 2, 2, 5, 6], [7, 10, 12, 13, 14]]",0.4,1,2,1,2,PP,"[[2, 1, 2], [1, 2, 2], [2, 1, 2], [1, 1, 2, 1]]",13,63,0.004492,20,OPTIMAL,6.05,,,,0.7726800441741943,0.0,4552.0,0.0,0,0.0,0,,TIME_LIMIT,5.000516891479492,0.46035786063312156,10273.0
15220466147636921654,2,20,4,"[5, 5, 5, 5]","[[3, 4, 7, 9, 9], [4, 6, 6, 9, 9], [2, 2, 2, 5, 6], [7, 10, 12, 13, 14]]",0.4,1,2,1,3,PP,"[[2, 1, 2], [1, 2, 2], [3, 2], [1, 1, 3]]",11,45,0.004496,20,OPTIMAL,6.05,,,,0.25543904304504395,0.0,2200.0,0.0,0,0.0,0,,TIME_LIMIT,5.000516891479492,0.46035786063312156,10273.0
15220466147636921654,2,20,4,"[5, 5, 5, 5]","[[3, 4, 7, 9, 9], [4, 6, 6, 9, 9], [2, 2, 2, 5, 6], [7, 10, 12, 13, 14]]",0.4,1,2,1,4,PP,"[[2, 1, 2], [1, 2, 2], [3, 2], [1, 1, 3]]",11,45,0.004672,20,OPTIMAL,6.05,,,,0.2571539878845215,0.0,2200.0,0.0,0,0.0,0,,TIME_LIMIT,5.000516891479492,0.46035786063312156,10273.0
15220466147636921654,2,20,4,"[5, 5, 5, 5]","[[3, 4, 7, 9, 9], [4, 6, 6, 9, 9], [2, 2, 2, 5, 6], [7, 10, 12, 13, 14]]",0.4,1,2,1,5,PP,"[[2, 1, 2], [1, 2, 2], [3, 2], [1, 1, 3]]",11,45,0.004832,20,OPTIMAL,6.05,,,,0.2558431625366211,0.0,2200.0,0.0,0,0.0,0,,TIME_LIMIT,5.000516891479492,0.46035786063312156,10273.0
15220466147636921654,2,20,4,"[5, 5, 5, 5]","[[3, 4, 7, 9, 9], [4, 6, 6, 9, 9], [2, 2, 2, 5, 6], [7, 10, 12, 13, 14]]",0.4,1,2,2,2,PP,"[[2, 2, 1], [2, 1, 2], [2, 1, 2], [1, 2, 2]]",12,54,0.0038,20,OPTIMAL,6.05,,,,0.24022388458251953,0.0,2147.0,2.4,48,8.5,170,,TIME_LIMIT,5.000516891479492,0.46035786063312156,10273.0
15220466147636921654,2,20,4,"[5, 5, 5, 5]","[[3, 4, 7, 9, 9], [4, 6, 6, 9, 9], [2, 2, 2, 5, 6], [7, 10, 12, 13, 14]]",0.4,1,2,2,3,PP,"[[2, 3], [3, 2], [3, 2], [1, 3, 1]]",9,30,0.001547,20,OPTIMAL,6.05,,,,0.055589914321899414,0.0,467.0,2.4,48,11.05,221,,TIME_LIMIT,5.000516891479492,0.46035786063312156,10273.0
15220466147636921654,2,20,4,"[5, 5, 5, 5]","[[3, 4, 7, 9, 9], [4, 6, 6, 9, 9], [2, 2, 2, 5, 6], [7, 10, 12, 13, 14]]",0.4,1,2,2,4,PP,"[[2, 3], [3, 2], [3, 2], [1, 4]]",8,24,0.0045015,20,OPTIMAL,6.05,,,,0.04139900207519531,0.0,297.0,2.4,48,12.75,255,,TIME_LIMIT,5.000516891479492,0.46035786063312156,10273.0
15220466147636921654,2,20,4,"[5, 5, 5, 5]","[[3, 4, 7, 9, 9], [4, 6, 6, 9, 9], [2, 2, 2, 5, 6], [7, 10, 12, 13, 14]]",0.4,1,2,2,5,PP,"[[2, 3], [3, 2], [3, 2], [1, 4]]",8,24,0.004787,20,OPTIMAL,6.05,,,,0.04199504852294922,0.0,297.0,2.4,48,13.6,272,,TIME_LIMIT,5.000516891479492,0.46035786063312156,10273.0
15220466147636921654,2,20,4,"[5, 5, 5, 5]","[[3, 4, 7, 9, 9], [4, 6, 6, 9, 9], [2, 2, 2, 5, 6], [7, 10, 12, 13, 14]]",0.4,1,2,3,2,PP,"[[2, 2, 1], [2, 2, 1], [2, 2, 1], [2, 2, 1]]",12,54,0.005027,20,OPTIMAL,6.05,,,,0.14879608154296875,0.0,1150.0,6.6,132,18.0,360,,TIME_LIMIT,5.000516891479492,0.46035786063312156,10273.0
15220466147636921654,2,20,4,"[5, 5, 5, 5]","[[3, 4, 7, 9, 9], [4, 6, 6, 9, 9], [2, 2, 2, 5, 6], [7, 10, 12, 13, 14]]",0.4,1,2,3,3,PP,"[[3, 2], [3, 2], [3, 2], [3, 2]]",8,24,0.004567,20,OPTIMAL,6.05,,,,0.02861499786376953,0.0,222.0,5.15,103,23.4,468,,TIME_LIMIT,5.000516891479492,0.46035786063312156,10273.0
15220466147636921654,2,20,4,"[5, 5, 5, 5]","[[3, 4, 7, 9, 9], [4, 6, 6, 9, 9], [2, 2, 2, 5, 6], [7, 10, 12, 13, 14]]",0.4,1,2,3,4,PP,"[[4, 1], [4, 1], [4, 1], [4, 1]]",8,24,0.0015575,20,OPTIMAL,6.05,,,,0.024199962615966797,0.0,122.0,9.1,182,27.0,540,,TIME_LIMIT,5.000516891479492,0.46035786063312156,10273.0
15220466147636921654,2,20,4,"[5, 5, 5, 5]","[[3, 4, 7, 9, 9], [4, 6, 6, 9, 9], [2, 2, 2, 5, 6], [7, 10, 12, 13, 14]]",0.4,1,2,3,5,PP,"[[5], [5], [5], [5]]",4,6,0.004867,20,OPTIMAL,6.05,,,,0.005120992660522461,0.0,13.0,9.1,182,28.8,576,,TIME_LIMIT,5.000516891479492,0.46035786063312156,10273.0
15220466147636921654,2,20,4,"[5, 5, 5, 5]","[[3, 4, 7, 9, 9], [4, 6, 6, 9, 9], [2, 2, 2, 5, 6], [7, 10, 12, 13, 14]]",0.4,1,2,4,2,PP,"[[2, 2, 1], [2, 2, 1], [2, 2, 1], [2, 2, 1]]",12,54,0.004672,20,OPTIMAL,6.05,,,,0.14707398414611816,0.0,1150.0,6.6,132,27.5,550,,TIME_LIMIT,5.000516891479492,0.46035786063312156,10273.0
15220466147636921654,2,20,4,"[5, 5, 5, 5]","[[3, 4, 7, 9, 9], [4, 6, 6, 9, 9], [2, 2, 2, 5, 6], [7, 10, 12, 13, 14]]",0.4,1,2,4,3,PP,"[[3, 2], [3, 2], [3, 2], [3, 2]]",8,24,0.005163,20,OPTIMAL,6.05,,,,0.028684139251708984,0.0,222.0,5.15,103,35.75,715,,TIME_LIMIT,5.000516891479492,0.46035786063312156,10273.0
15220466147636921654,2,20,4,"[5, 5, 5, 5]","[[3, 4, 7, 9, 9], [4, 6, 6, 9, 9], [2, 2, 2, 5, 6], [7, 10, 12, 13, 14]]",0.4,1,2,4,4,PP,"[[4, 1], [4, 1], [4, 1], [4, 1]]",8,24,0.0050675,20,OPTIMAL,6.05,,,,0.024585962295532227,0.0,122.0,9.1,182,41.25,825,,TIME_LIMIT,5.000516891479492,0.46035786063312156,10273.0
15220466147636921654,2,20,4,"[5, 5, 5, 5]","[[3, 4, 7, 9, 9], [4, 6, 6, 9, 9], [2, 2, 2, 5, 6], [7, 10, 12, 13, 14]]",0.4,1,2,4,5,PP,"[[5], [5], [5], [5]]",4,6,0.004422,20,OPTIMAL,6.05,,,,0.005124092102050781,0.0,13.0,9.1,182,44.0,880,,TIME_LIMIT,5.000516891479492,0.46035786063312156,10273.0
13608824610981170908,0,20,4,"[5, 5, 5, 5]","[[1, 1, 6, 6, 6], [2, 5, 7, 11, 13], [2, 3, 3, 3, 9], [4, 7, 8, 8, 11]]",0.7,1,2,1,2,PP,"[[2, 2, 1], [1, 1, 1, 1, 1], [2, 2, 1], [1, 2, 1, 1]]",15,83,0.0048825,20,OPTIMAL,7.0,,,,4.197342872619629,0.0,23982.0,0.0,0,0.0,0,,TIME_LIMIT,5.000083923339844,0.5897098422678468,8842.0
13608824610981170908,0,20,4,"[5, 5, 5, 5]","[[1, 1, 6, 6, 6], [2, 5, 7, 11, 13], [2, 3, 3, 3, 9], [4, 7, 8, 8, 11]]",0.7,1,2,1,3,PP,"[[2, 3], [1, 1, 1, 1, 1], [3, 1, 1], [1, 3, 1]]",13,61,0.0047525,20,OPTIMAL,7.0,,,,1.2759499549865723,0.0,9443.0,0.0,0,0.0,0,,TIME_LIMIT,5.000083923339844,0.5897098422678468,8842.0
13608824610981170908,0,20,4,"[5, 5, 5, 5]","[[1, 1, 6, 6, 6], [2, 5, 7, 11, 13], [2, 3, 3, 3, 9], [4, 7, 8, 8, 11]]",0.7,1,2,1,4,PP,"[[2, 3], [1, 1, 1, 1, 1], [4, 1], [1, 3, 1]]",12,51,0.0045165,20,OPTIMAL,7.0,,,,0.2980618476867676,0.0,3466.0,0.0,0,0.0,0,,TIME_LIMIT,5.000083923339844,0.5897098422678468,8842.0
13608824610981170908,0,20,4,"[5, 5, 5, 5]","[[1, 1, 6, 6, 6], [2, 5, 7, 11, 13], [2, 3, 3, 3, 9], [4, 7, 8, 8, 11]]",0.7,1,2,1,5,PP,"[[2, 3], [1, 1, 1, 1, 1], [4, 1], [1, 3, 1]]",12,51,0.004572,20,OPTIMAL,7.0,,,,0.2948150634765625,0.0,3466.0,0.0,0,0.0,0,,TIME_LIMIT,5.000083923339844,0.5897098422678468,8842.0
13608824610981170908,0,20,4,"[5, 5, 5, 5]","[[1, 1, 6, 6, 6], [2, 5, 7, 11, 13], [2, 3, 3, 3, 9], [4, 7, 8, 8, 11]]",0.7,1,2,2,2,PP,"[[2, 2, 1], [1, 2, 2], [2, 2, 1], [1, 2, 1, 1]]",13,63,0.0038855,20,OPTIMAL,7.0,,,,2.3523471355438232,0.0,14772.0,1.5,30,8.5,170,,TIME_LIMIT,5.000083923339844,0.5897098422678468,8842.0
13608824610981170908,0,20,4,"[5, 5, 5, 5]","[[1, 1, 6, 6, 6], [2, 5, 7, 11, 13], [2, 3, 3, 3, 9], [4, 7, 8, 8, 11]]",0.7,1,2,2,3,PP,"[[2, 3], [1, 2, 2], [3, 1, 1], [1, 3, 1]]",11,45,0.004652,20,OPTIMAL,7.0,,,,0.5035390853881836,0.0,4174.0,1.5,30,11.05,221,,TIME_LIMIT,5.000083923339844,0.5897098422678468,8842.0
13608824610981170908,0,20,4,"[5, 5, 5, 5]","[[1, 1, 6, 6, 6], [2, 5, 7, 11, 13], [2, 3, 3, 3, 9], [4, 7, 8, 8, 11]]",0.7,1,2,2,4,PP,"[[2, 3], [1, 2, 2], [4, 1], [1, 3, 1]]",10,37,0.0043515,20,OPTIMAL,7.0,,,,0.17613005638122559,0.0,2112.0,1.5,30,12.75,255,,TIME_LIMIT,5.000083923339844,0.5897098422678468,8842.0
13608824610981170908,0,20,4,"[5, 5, 5, 5]","[[1, 1, 6, 6, 6], [2, 5, 7, 11, 13], [2, 3, 3, 3, 9], [4, 7, 8, 8, 11]]",0.7,1,2,2,5,PP,"[[2, 3], [1, 2, 2], [4, 1], [1, 3, 1]]",10,37,0.0044515,20,OPTIMAL,7.0,,,,0.17600393295288086,0.0,2112.0,1.5,30,13.6,272,,TIME_LIMIT,5.000083923339844,0.5897098422678468,8842.0
13608824610981170908,0,20,4,"[5, 5, 5, 5]","[[1, 1, 6, 6, 6], [2, 5, 7, 11, 13], [2, 3, 3, 3, 9], [4, 7, 8, 8, 11]]",0.7,1,2,3,2,PP,"[[2, 2, 1], [2, 1, 2], [2, 2, 1], [2, 2, 1]]",12,54,0.0047725,20,OPTIMAL,7.0,,,,0.7763810157775879,0.0,5803.0,4.3,86,18.0,360,,TIME_LIMIT,5.000083923339844,0.5897098422678468,8842.0
13608824610981170908,0,20,4,"[5, 5, 5, 5]","[[1, 1, 6, 6, 6], [2, 5, 7, 11, 13], [2, 3, 3, 3, 9], [4, 7, 8, 8, 11]]",0.7,1,2,3,3,PP,"[[2, 3], [3, 2], [3, 1, 1], [3, 2]]",9,30,0.004542,20,OPTIMAL,7.0,,,,0.08035898208618164,0.0,758.0,6.6,132,23.4,468,,TIME_LIMIT,5.000083923339844,0.5897098422678468,8842.0
13608824610981170908,0,20,4,"[5, 5, 5, 5]","[[1, 1, 6, 6, 6], [2, 5, 7, 11, 13], [2, 3, 3, 3, 9], [4, 7, 8, 8, 11]]",0.7,1,2,3,4,PP,"[[2, 3], [3, 2], [4, 1], [4, 1]]",8,24,0.004632,20,OPTIMAL,7.0,,,,0.031880855560302734,0.0,302.0,5.1,102,27.0,540,,TIME_LIMIT,5.000083923339844,0.5897098422678468,8842.0
13608824610981170908,0,20,4,"[5, 5, 5, 5]","[[1, 1, 6, 6, 6], [2, 5, 7, 11, 13], [2, 3, 3, 3, 9], [4, 7, 8, 8, 11]]",0.7,1,2,3,5,PP,"[[2, 3], [3, 2], [4, 1], [5]]",7,18,0.0042865,20,OPTIMAL,7.0,,,,0.023211956024169922,0.0,129.0,6.6,132,28.8,576,,TIME_LIMIT,5.000083923339844,0.5897098422678468,8842.0
13608824610981170908,0,20,4,"[5, 5, 5, 5]","[[1, 1, 6, 6, 6], [2, 5, 7, 11, 13], [2, 3, 3, 3, 9], [4, 7, 8, 8, 11]]",0.7,1,2,4,2,PP,"[[2, 2, 1], [2, 2, 1], [2, 2, 1], [2, 2, 1]]",12,54,0.005183,20,OPTIMAL,7.0,,,,0.7273659706115723,0.0,5528.0,6.05,121,27.5,550,,TIME_LIMIT,5.000083923339844,0.5897098422678468,8842.0
13608824610981170908,0,20,4,"[5, 5, 5, 5]","[[1, 1, 6, 6, 6], [2, 5, 7, 11, 13], [2, 3, 3, 3, 9], [4, 7, 8, 8, 11]]",0.7,1,2,4,3,PP,"[[2, 3], [3, 2], [3, 1, 1], [3, 2]]",9,30,0.0048025,20,OPTIMAL,7.0,,,,0.08050894737243652,0.0,758.0,6.6,132,35.75,715,,TIME_LIMIT,5.000083923339844,0.5897098422678468,8842.0
13608824610981170908,0,20,4,"[5, 5, 5, 5]","[[1, 1, 6, 6, 6], [2, 5, 7, 11, 13], [2, 3, 3, 3, 9], [4, 7, 8, 8, 11]]",0.7,1,2,4,4,PP,"[[2, 3], [4, 1], [4, 1], [4, 1]]",8,24,0.004381,20,OPTIMAL,7.0,,,,0.03094196319580078,0.0,248.0,6.85,137,41.25,825,,TIME_LIMIT,5.000083923339844,0.5897098422678468,8842.0
13608824610981170908,0,20,4,"[5, 5, 5, 5]","[[1, 1, 6, 6, 6], [2, 5, 7, 11, 13], [2, 3, 3, 3, 9], [4, 7, 8, 8, 11]]",0.7,1,2,4,5,PP,"[[2, 3], [5], [4, 1], [5]]",6,13,0.004277,20,OPTIMAL,7.0,,,,0.01341700553894043,0.0,73.0,9.05,181,44.0,880,,TIME_LIMIT,5.000083923339844,0.5897098422678468,8842.0
10473035587848921997,1,20,4,"[5, 5, 5, 5]","[[3, 4, 5, 7, 12], [3, 3, 3, 3, 5], [4, 8, 10, 11, 14], [1, 1, 3, 4, 6]]",0.7,1,2,1,2,PP,"[[2, 1, 1, 1], [2, 2, 1], [1, 1, 2, 1], [2, 2, 1]]",14,73,0.004517,20,OPTIMAL,6.7,,,,1.3157458305358887,0.0,7503.0,0.0,0,0.0,0,,TIME_LIMIT,5.0000550746917725,0.5234281268676683,10436.0
10473035587848921997,1,20,4,"[5, 5, 5, 5]","[[3, 4, 5, 7, 12], [3, 3, 3, 3, 5], [4, 8, 10, 11, 14], [1, 1, 3, 4, 6]]",0.7,1,2,1,3,PP,"[[3, 1, 1], [3, 1, 1], [1, 1, 2, 1], [2, 2, 1]]",13,63,0.004512,20,OPTIMAL,6.7,,,,0.709709882736206,0.0,4488.0,0.0,0,0.0,0,,TIME_LIMIT,5.0000550746917725,0.5234281268676683,10436.0
10473035587848921997,1,20,4,"[5, 5, 5, 5]","[[3, 4, 5, 7, 12], [3, 3, 3, 3, 5], [4, 8, 10, 11, 14], [1, 1, 3, 4, 6]]",0.7,1,2,1,4,PP,"[[3, 1, 1], [4, 1], [1, 1, 2, 1], [2, 2, 1]]",12,53,0.0044565,20,OPTIMAL,6.7,,,,0.23137903213500977,0.0,2325.0,0.0,0,0.0,0,,TIME_LIMIT,5.0000550746917725,0.5234281268676683,10436.0
10473035587848921997,1,20,4,"[5, 5, 5, 5]","[[3, 4, 5, 7, 12], [3, 3, 3, 3, 5], [4, 8, 10, 11, 14], [1, 1, 3, 4, 6]]",0.7,1,2,1,5,PP,"[[3, 1, 1], [4, 1], [1, 1, 2, 1], [2, 2, 1]]",12,53,0.005088,20,OPTIMAL,6.7,,,,0.2322690486907959,0.0,2325.0,0.0,0,0.0,0,,TIME_LIMIT,5.0000550746917725,0.5234281268676683,10436.0
10473035587848921997,1,20,4,"[5, 5, 5, 5]","[[3, 4, 5, 7, 12], [3, 3, 3, 3, 5], [4, 8, 10, 11, 14], [1, 1, 3, 4, 6]]",0.7,1,2,2,2,PP,"[[2, 2, 1], [2, 2, 1], [1, 2, 1, 1], [2, 2, 1]]",13,63,0.004602,20,OPTIMAL,6.7,,,,0.9974331855773926,0.0,5660.0,1.55,31,8.5,170,,TIME_LIMIT,5.0000550746917725,0.5234281268676683,10436.0
10473035587848921997,1,20,4,"[5, 5, 5, 5]","[[3, 4, 5, 7, 12], [3, 3, 3, 3, 5], [4, 8, 10, 11, 14], [1, 1, 3, 4, 6]]",0.7,1,2,2,3,PP,"[[3, 1, 1], [3, 2], [1, 3, 1], [3, 2]]",10,37,0.004497,20,OPTIMAL,6.9,,,,0.11246299743652344,0.0,1070.0,3.0,60,11.05,221,,TIME_LIMIT,5.0000550746917725,0.5234281268676683,10436.0
10473035587848921997,1,20,4,"[5, 5, 5, 5]","[[3, 4, 5, 7, 12], [3, 3, 3, 3, 5], [4, 8, 10, 11, 14], [1, 1, 3, 4, 6]]",0.7,1,2,2,4,PP,"[[4, 1], [4, 1], [1, 3, 1], [4, 1]]",9,30,0.0044915,20,OPTIMAL,6.7,,,,0.04381299018859863,0.0,311.0,2.35,47,12.75,255,,TIME_LIMIT,5.0000550746917725,0.5234281268676683,10436.0
10473035587848921997,1,20,4,"[5, 5, 5, 5]","[[3, 4, 5, 7, 12], [3, 3, 3, 3, 5], [4, 8, 10, 11, 14], [1, 1, 3, 4, 6]]",0.7,1,2,2,5,PP,"[[4, 1], [5], [1, 3, 1], [5]]",7,17,0.004457,20,OPTIMAL,7.3,,,,0.01894402503967285,0.0,91.0,3.75,75,13.6,272,,TIME_LIMIT,5.0000550746917725,0.5234281268676683,10436.0
10473035587848921997,1,20,4,"[5, 5, 5, 5]","[[3, 4, 5, 7, 12], [3, 3, 3, 3, 5], [4, 8, 10, 11, 14], [1, 1, 3, 4, 6]]",0.7,1,2,3,2,PP,"[[2, 2, 1], [2, 2, 1], [1, 2, 2], [2, 2, 1]]",12,54,0.001523,20,OPTIMAL,6.7,,,,0.7135469913482666,0.0,4661.0,3.05,61,18.0,360,,TIME_LIMIT,5.0000550746917725,0.5234281268676683,10436.0
10473035587848921997,1,20,4,"[5, 5, 5, 5]","[[3, 4, 5, 7, 12], [3, 3, 3, 3, 5], [4, 8, 10, 11, 14], [1, 1, 3, 4, 6]]",0.7,1,2,3,3,PP,"[[3, 1, 1], [3, 2], [1, 3, 1], [3, 2]]",10,37,0.001482,20,OPTIMAL,6.9,,,,0.11205196380615234,0.0,1070.0,3.0,60,23.4,468,,TIME_LIMIT,5.0000550746917725,0.5234281268676683,10436.0
10473035587848921997,1,20,4,"[5, 5, 5, 5]","[[3, 4, 5, 7, 12], [3, 3, 3, 3, 5], [4, 8, 10, 11, 14], [1, 1, 3, 4, 6]]",0.7,1,2,3,4,PP,"[[4, 1], [4, 1], [1, 4], [4, 1]]",8,24,0.005047,20,OPTIMAL,6.7,,,,0.03143191337585449,0.0,257.0,3.85,77,27.0,540,,TIME_LIMIT,5.0000550746917725,0.5234281268676683,10436.0
10473035587848921997,1,20,4,"[5, 5, 5, 5]","[[3, 4, 5, 7, 12], [3, 3, 3, 3, 5], [4, 8, 10, 11, 14], [1, 1, 3, 4, 6]]",0.7,1,2,3,5,PP,"[[4, 1], [5], [1, 4], [5]]",6,13,0.004461,20,OPTIMAL,7.3,,,,0.011538982391357422,0.0,55.0,5.25,105,28.8,576,,TIME_LIMIT,5.0000550746917725,0.5234281268676683,10436.0
10473035587848921997,1,20,4,"[5, 5, 5, 5]","[[3, 4, 5, 7, 12], [3, 3, 3, 3, 5], [4, 8, 10, 11, 14], [1, 1, 3, 4, 6]]",0.7,1,2,4,2,PP,"[[2, 2, 1], [2, 2, 1], [2, 2, 1], [2, 2, 1]]",12,54,0.005073,20,OPTIMAL,6.7,,,,0.2741401195526123,0.0,2931.0,3.5,70,27.5,550,,TIME_LIMIT,5.0000550746917725,0.5234281268676683,10436.0
10473035587848921997,1,20,4,"[5, 5, 5, 5]","[[3, 4, 5, 7, 12], [3, 3, 3, 3, 5], [4, 8, 10, 11, 14], [1, 1, 3, 4, 6]]",0.7,1,2,4,3,PP,"[[3, 1, 1], [3, 2], [3, 2], [3, 2]]",9,30,0.004502,20,OPTIMAL,6.9,,,,0.05865907669067383,0.0,477.0,7.25,145,35.75,715,,TIME_LIMIT,5.0000550746917725,0.5234281268676683,10436.0
10473035587848921997,1,20,4,"[5, 5, 5, 5]","[[3, 4, 5, 7, 12], [3, 3, 3, 3, 5], [4, 8, 10, 11, 14], [1, 1, 3, 4, 6]]",0.7,1,2,4,4,PP,"[[4, 1], [4, 1], [4, 1], [4, 1]]",8,24,0.001507,20,OPTIMAL,6.7,,,,0.023811817169189453,0.0,179.0,5.1,102,41.25,825,,TIME_LIMIT,5.0000550746917725,0.5234281268676683,10436.0
10473035587848921997,1,20,4,"[5, 5, 5, 5]","[[3, 4, 5, 7, 12], [3, 3, 3, 3, 5], [4, 8, 10, 11, 14], [1, 1, 3, 4, 6]]",0.7,1,2,4,5,PP,"[[4, 1], [5], [5], [5]]",5,9,0.004587,20,OPTIMAL,7.3,,,,0.009109020233154297,0.0,29.0,8.0,160,44.0,880,,TIME_LIMIT,5.0000550746917725,0.5234281268676683,10436.0
16322304947374164068,2,20,4,"[5, 5, 5, 5]","[[4, 6, 8, 9, 11], [3, 4, 8, 12, 12], [2, 3, 5, 5, 5], [2, 3, 3, 3, 3]]",0.7,1,2,1,2,PP,"[[1, 1, 2, 1], [2, 1, 2], [2, 2, 1], [2, 2, 1]]",13,63,0.004642,20,OPTIMAL,7.45,,,,0.7693169116973877,0.0,5446.0,0.0,0,0.0,0,,TIME_LIMIT,5.000067949295044,0.532625789439727,8945.0
16322304947374164068,2,20,4,"[5, 5, 5, 5]","[[4, 6, 8, 9, 11], [3, 4, 8, 12, 12], [2, 3, 5, 5, 5], [2, 3, 3, 3, 3]]",0.7,1,2,1,3,PP,"[[1, 1, 2, 1], [2, 1, 2], [2, 3], [3, 2]]",11,44,0.004567,20,OPTIMAL,7.45,,,,0.32776808738708496,0.0,3661.0,0.0,0,0.0,0,,TIME_LIMIT,5.000067949295044,0.532625789439727,8945.0
16322304947374164068,2,20,4,"[5, 5, 5, 5]","[[4, 6, 8, 9, 11], [3, 4, 8, 12, 12], [2, 3, 5, 5, 5], [2, 3, 3, 3, 3]]",0.7,1,2,1,4,PP,"[[1, 1, 2, 1], [2, 1, 2], [2, 3], [4, 1]]",11,44,0.004637,20,OPTIMAL,7.45,,,,0.24111390113830566,0.0,2046.0,0.0,0,0.0,0,,TIME_LIMIT,5.000067949295044,0.532625789439727,8945.0
16322304947374164068,2,20,4,"[5, 5, 5, 5]","[[4, 6, 8, 9, 11], [3, 4, 8, 12, 12], [2, 3, 5, 5, 5], [2, 3, 3, 3, 3]]",0.7,1,2,1,5,PP,"[[1, 1, 2, 1], [2, 1, 2], [2, 3], [5]]",10,35,0.004687,20,OPTIMAL,7.45,,,,0.08307194709777832,0.0,691.0,0.0,0,0.0,0,,TIME_LIMIT,5.000067949295044,0.532625789439727,8945.0
16322304947374164068,2,20,4,"[5, 5, 5, 5]","[[4, 6, 8, 9, 11], [3, 4, 8, 12, 12], [2, 3, 5, 5, 5], [2, 3, 3, 3, 3]]",0.7,1,2,2,2,PP,"[[2, 2, 1], [2, 1, 2], [2, 2, 1], [2, 2, 1]]",12,54,0.0045415,20,OPTIMAL,7.45,,,,0.3039429187774658,0.0,2941.0,0.85,17,8.5,170,,TIME_LIMIT,5.000067949295044,0.532625789439727,8945.0
16322304947374164068,2,20,4,"[5, 5, 5, 5]","[[4, 6, 8, 9, 11], [3, 4, 8, 12, 12], [2, 3, 5, 5, 5], [2, 3, 3, 3, 3]]",0.7,1,2,2,3,PP,"[[3, 2], [2, 1, 2], [3, 2], [3, 2]]",9,30,0.004502,20,OPTIMAL,7.45,,,,0.09168410301208496,0.0,828.0,3.15,63,11.05,221,,TIME_LIMIT,5.000067949295044,0.532625789439727,8945.0
16322304947374164068,2,20,4,"[5, 5, 5, 5]","[[4, 6, 8, 9, 11], [3, 4, 8, 12, 12], [2, 3, 5, 5, 5], [2, 3, 3, 3, 3]]",0.7,1,2,2,4,PP,"[[4, 1], [2, 1, 2], [4, 1], [4, 1]]",9,30,0.0044415,20,OPTIMAL,7.45,,,,0.04839611053466797,0.0,368.0,2.45,49,12.75,255,,TIME_LIMIT,5.000067949295044,0.532625789439727,8945.0
16322304947374164068,2,20,4,"[5, 5, 5, 5]","[[4, 6, 8, 9, 11], [3, 4, 8, 12, 12], [2, 3, 5, 5, 5], [2, 3, 3, 3, 3]]",0.7,1,2,2,5,PP,"[[5], [2, 1, 2], [5], [5]]",6,12,0.001462,20,OPTIMAL,7.45,,,,0.014358043670654297,0.0,70.0,3.15,63,13.6,272,,TIME_LIMIT,5.000067949295044,0.532625789439727,8945.0
16322304947374164068,2,20,4,"[5, 5, 5, 5]","[[4, 6, 8, 9, 11], [3, 4, 8, 12, 12], [2, 3, 5, 5, 5], [2, 3, 3, 3, 3]]",0.7,1,2,3,2,PP,"[[2, 2, 1], [2, 1, 2], [2, 2, 1], [2, 2, 1]]",12,54,0.0044365,20,OPTIMAL,7.45,,,,0.3036971092224121,0.0,2941.0,0.85,17,18.0,360,,TIME_LIMIT,5.000067949295044,0.532625789439727,8945.0
16322304947374164068,2,20,4,"[5, 5, 5, 5]","[[4, 6, 8, 9, 11], [3, 4, 8, 12, 12], [2, 3, 5, 5, 5], [2, 3, 3, 3, 3]]",0.7,1,2,3,3,PP,"[[3, 2], [2, 1, 2], [3, 2], [3, 2]]",9,30,0.0045165,20,OPTIMAL,7.45,,,,0.09281182289123535,0.0,828.0,3.15,63,23.4,468,,TIME_LIMIT,5.000067949295044,0.532625789439727,8945.0
16322304947374164068,2,20,4,"[5, 5, 5, 5]","[[4, 6, 8, 9, 11], [3, 4, 8, 12, 12], [2, 3, 5, 5, 5], [2, 3, 3, 3, 3]]",0.7,1,2,3,4,PP,"[[4, 1], [2, 1, 2], [4, 1], [4, 1]]",9,30,0.0044315,20,OPTIMAL,7.45,,,,0.04817914962768555,0.0,368.0,2.45,49,27.0,540,,TIME_LIMIT,5.000067949295044,0.532625789439727,8945.0
16322304947374164068,2,20,4,"[5, 5, 5, 5]","[[4, 6, 8, 9, 11], [3, 4, 8, 12, 12], [2, 3, 5, 5, 5], [2, 3, 3, 3, 3]]",0.7,1,2,3,5,PP,"[[5], [2, 1, 2], [5], [5]]",6,12,0.0014625,20,OPTIMAL,7.45,,,,0.014416933059692383,0.0,70.0,3.15,63,28.8,576,,TIME_LIMIT,5.000067949295044,0.532625789439727,8945.0
16322304947374164068,2,20,4,"[5, 5, 5, 5]","[[4, 6, 8, 9, 11], [3, 4, 8, 12, 12], [2, 3, 5, 5, 5], [2, 3, 3, 3, 3]]",0.7,1,2,4,2,PP,"[[2, 2, 1], [2, 2, 1], [2, 2, 1], [2, 2, 1]]",12,54,0.004622,20,OPTIMAL,7.45,,,,0.4392280578613281,0.0,4822.0,3.3,66,27.5,550,,TIME_LIMIT,5.000067949295044,0.532625789439727,8945.0
16322304947374164068,2,20,4,"[5, 5, 5, 5]","[[4, 6, 8, 9, 11], [3, 4, 8, 12, 12], [2, 3, 5, 5, 5], [2, 3, 3, 3, 3]]",0.7,1,2,4,3,PP,"[[3, 2], [3, 2], [3, 2], [3, 2]]",8,24,0.0043765,20,OPTIMAL,7.45,,,,0.0400700569152832,0.0,312.0,5.75,115,35.75,715,,TIME_LIMIT,5.000067949295044,0.532625789439727,8945.0
16322304947374164068,2,20,4,"[5, 5, 5, 5]","[[4, 6, 8, 9, 11], [3, 4, 8, 12, 12], [2, 3, 5, 5, 5], [2, 3, 3, 3, 3]]",0.7,1,2,4,4,PP,"[[4, 1], [4, 1], [4, 1], [4, 1]]",8,24,0.004517,20,OPTIMAL,7.45,,,,0.029507160186767578,0.0,166.0,7.5,150,41.25,825,,TIME_LIMIT,5.000067949295044,0.532625789439727,8945.0
16322304947374164068,2,20,4,"[5, 5, 5, 5]","[[4, 6, 8, 9, 11], [3, 4, 8, 12, 12], [2, 3, 5, 5, 5], [2, 3, 3, 3, 3]]",0.7,1,2,4,5,PP,"[[5], [5], [5], [5]]",4,6,0.0044115,20,OPTIMAL,7.45,,,,0.007050991058349609,0.0,23.0,8.2,164,44.0,880,,TIME_LIMIT,5.000067949295044,0.532625789439727,8945.0
10107985014724230268,0,20,4,"[5, 5, 5, 5]","[[1, 1, 2, 4, 5], [3, 3, 4, 4, 6], [2, 3, 4, 4, 7], [1, 4, 4, 4, 4]]",1.0,1,2,1,2,PP,"[[2, 1, 2], [2, 2, 1], [2, 2, 1], [1, 2, 2]]",12,54,0.004727,20,OPTIMAL,8.5,,,,0.6586129665374756,0.0,5139.0,0.0,0,0.0,0,,TIME_LIMIT,5.000077962875366,0.5465686274509938,8815.0
10107985014724230268,0,20,4,"[5, 5, 5, 5]","[[1, 1, 2, 4, 5], [3, 3, 4, 4, 6], [2, 3, 4, 4, 7], [1, 4, 4, 4, 4]]",1.0,1,2,1,3,PP,"[[3, 2], [3, 1, 1], [3, 1, 1], [1, 3, 1]]",11,45,0.004522,20,OPTIMAL,8.5,,,,0.12430214881896973,0.0,1360.0,0.0,0,0.0,0,,TIME_LIMIT,5.000077962875366,0.5465686274509938,8815.0
10107985014724230268,0,20,4,"[5, 5, 5, 5]","[[1, 1, 2, 4, 5], [3, 3, 4, 4, 6], [2, 3, 4, 4, 7], [1, 4, 4, 4, 4]]",1.0,1,2,1,4,PP,"[[3, 2], [4, 1], [4, 1], [1, 4]]",8,24,0.004457,20,OPTIMAL,8.5,,,,0.03576302528381348,0.0,268.0,0.0,0,0.0,0,,TIME_LIMIT,5.000077962875366,0.5465686274509938,8815.0
10107985014724230268,0,20,4,"[5, 5, 5, 5]","[[1, 1, 2, 4, 5], [3, 3, 4, 4, 6], [2, 3, 4, 4, 7], [1, 4, 4, 4, 4]]",1.0,1,2,1,5,PP,"[[3, 2], [4, 1], [4, 1], [1, 4]]",8,24,0.0047725,20,OPTIMAL,8.5,,,,0.036134958267211914,0.0,268.0,0.0,0,0.0,0,,TIME_LIMIT,5.000077962875366,0.5465686274509938,8815.0
10107985014724230268,0,20,4,"[5, 5, 5, 5]","[[1, 1, 2, 4, 5], [3, 3, 4, 4, 6], [2, 3, 4, 4, 7], [1, 4, 4, 4, 4]]",1.0,1,2,2,2,PP,"[[2, 2, 1], [2, 2, 1], [2, 2, 1], [1, 2, 2]]",12,54,0.004647,20,OPTIMAL,8.5,,,,0.8756420612335205,0.0,5753.0,0.75,15,8.5,170,,TIME_LIMIT,5.000077962875366,0.5465686274509938,8815.0
10107985014724230268,0,20,4,"[5, 5, 5, 5]","[[1, 1, 2, 4, 5], [3, 3, 4, 4, 6], [2, 3, 4, 4, 7], [1, 4, 4, 4, 4]]",1.0,1,2,2,3,PP,"[[3, 2], [3, 2], [3, 1, 1], [1, 3, 1]]",10,37,0.001502,20,OPTIMAL,8.5,,,,0.07310605049133301,0.0,769.0,0.7,14,11.05,221,,TIME_LIMIT,5.000077962875366,0.5465686274509938,8815.0
10107985014724230268,0,20,4,"[5, 5, 5, 5]","[[1, 1, 2, 4, 5], [3, 3, 4, 4, 6], [2, 3, 4, 4, 7], [1, 4, 4, 4, 4]]",1.0,1,2,2,4,PP,"[[4, 1], [4, 1], [4, 1], [1, 4]]",8,24,0.004577,20,OPTIMAL,8.5,,,,0.03553009033203125,0.0,255.0,0.75,15,12.75,255,,TIME_LIMIT,5.000077962875366,0.5465686274509938,8815.0
10107985014724230268,0,20,4,"[5, 5, 5, 5]","[[1, 1, 2, 4, 5], [3, 3, 4, 4, 6], [2, 3, 4, 4, 7], [1, 4, 4, 4, 4]]",1.0,1,2,2,5,PP,"[[5], [5], [4, 1], [1, 4]]",6,13,0.0043515,20,OPTIMAL,8.5,,,,0.0178680419921875,0.0,91.0,1.45,29,13.6,272,,TIME_LIMIT,5.000077962875366,0.5465686274509938,8815.0
10107985014724230268,0,20,4,"[5, 5, 5, 5]","[[1, 1, 2, 4, 5], [3, 3, 4, 4, 6], [2, 3, 4, 4, 7], [1, 4, 4, 4, 4]]",1.0,1,2,3,2,PP,"[[2, 2, 1], [2, 2, 1], [2, 2, 1], [2, 2, 1]]",12,54,0.0017225,20,OPTIMAL,8.5,,,,0.28600215911865234,0.0,2816.0,2.55,51,18.0,360,,TIME_LIMIT,5.000077962875366,0.5465686274509938,8815.0
10107985014724230268,0,20,4,"[5, 5, 5, 5]","[[1, 1, 2, 4, 5], [3, 3, 4, 4, 6], [2, 3, 4, 4, 7], [1, 4, 4, 4, 4]]",1.0,1,2,3,3,PP,"[[3, 2], [3, 2], [3, 2], [3, 2]]",8,24,0.0044165,20,OPTIMAL,8.5,,,,0.04344797134399414,0.0,364.0,4.0,80,23.4,468,,TIME_LIMIT,5.000077962875366,0.5465686274509938,8815.0
10107985014724230268,0,20,4,"[5, 5, 5, 5]","[[1, 1, 2, 4, 5], [3, 3, 4, 4, 6], [2, 3, 4, 4, 7], [1, 4, 4, 4, 4]]",1.0,1,2,3,4,PP,"[[4, 1], [4, 1], [4, 1], [4, 1]]",8,24,0.004492,20,OPTIMAL,8.5,,,,0.03266096115112305,0.0,173.0,2.55,51,27.0,540,,TIME_LIMIT,5.000077962875366,0.5465686274509938,8815.0
10107985014724230268,0,20,4,"[5, 5, 5, 5]","[[1, 1, 2, 4, 5], [3, 3, 4, 4, 6], [2, 3, 4, 4, 7], [1, 4, 4, 4, 4]]",1.0,1,2,3,5,PP,"[[5], [5], [5], [5]]",4,6,0.004452,20,OPTIMAL,8.5,,,,0.005999088287353516,0.0,21.0,4.75,95,28.8,576,,TIME_LIMIT,5.000077962875366,0.5465686274509938,8815.0
10107985014724230268,0,20,4,"[5, 5, 5, 5]","[[1, 1, 2, 4, 5], [3, 3, 4, 4, 6], [2, 3, 4, 4, 7], [1, 4, 4, 4, 4]]",1.0,1,2,4,2,PP,"[[2, 2, 1], [2, 2, 1], [2, 2, 1], [2, 2, 1]]",12,54,0.004557,20,OPTIMAL,8.5,,,,0.2845461368560791,0.0,2816.0,2.55,51,27.5,550,,TIME_LIMIT,5.000077962875366,0.5465686274509938,8815.0
10107985014724230268,0,20,4,"[5, 5, 5, 5]","[[1, 1, 2, 4, 5], [3, 3, 4, 4, 6], [2, 3, 4, 4, 7], [1, 4, 4, 4, 4]]",1.0,1,2,4,3,PP,"[[3, 2], [3, 2], [3, 2], [3, 2]]",8,24,0.004472,20,OPTIMAL,8.5,,,,0.042027950286865234,0.0,364.0,4.0,80,35.75,715,,TIME_LIMIT,5.000077962875366,0.5465686274509938,8815.0
10107985014724230268,0,20,4,"[5, 5, 5, 5]","[[1, 1, 2, 4, 5], [3, 3, 4, 4, 6], [2, 3, 4, 4, 7], [1, 4, 4, 4, 4]]",1.0,1,2,4,4,PP,"[[4, 1], [4, 1], [4, 1], [4, 1]]",8,24,0.004457,20,OPTIMAL,8.5,,,,0.031026124954223633,0.0,173.0,2.55,51,41.25,825,,TIME_LIMIT,5.000077962875366,0.5465686274509938,8815.0
10107985014724230268,0,20,4,"[5, 5, 5, 5]","[[1, 1, 2, 4, 5], [3, 3, 4, 4, 6], [2, 3, 4, 4, 7], [1, 4, 4, 4, 4]]",1.0,1,2,4,5,PP,"[[5], [5], [5], [5]]",4,6,0.004382,20,OPTIMAL,8.5,,,,0.005505084991455078,0.0,21.0,4.75,95,44.0,880,,TIME_LIMIT,5.000077962875366,0.5465686274509938,8815.0
12835621316930140213,1,20,4,"[5, 5, 5, 5]","[[1, 2, 2, 2, 2], [2, 3, 7, 8, 10], [3, 5, 5, 6, 9], [1, 1, 1, 2, 4]]",1.0,1,2,1,2,PP,"[[2, 2, 1], [2, 2, 1], [1, 2, 1, 1], [2, 2, 1]]",13,63,0.004587,20,OPTIMAL,8.2,,,,1.4235711097717285,0.0,6304.0,0.0,0,0.0,0,,TIME_LIMIT,5.000131130218506,0.5548456760712462,7109.0
12835621316930140213,1,20,4,"[5, 5, 5, 5]","[[1, 2, 2, 2, 2], [2, 3, 7, 8, 10], [3, 5, 5, 6, 9], [1, 1, 1, 2, 4]]",1.0,1,2,1,3,PP,"[[3, 2], [2, 2, 1], [1, 3, 1], [3, 1, 1]]",11,45,0.004572,20,OPTIMAL,8.2,,,,0.2789590358734131,0.0,2879.0,0.0,0,0.0,0,,TIME_LIMIT,5.000131130218506,0.5548456760712462,7109.0
12835621316930140213,1,20,4,"[5, 5, 5, 5]","[[1, 2, 2, 2, 2], [2, 3, 7, 8, 10], [3, 5, 5, 6, 9], [1, 1, 1, 2, 4]]",1.0,1,2,1,4,PP,"[[4, 1], [2, 2, 1], [1, 3, 1], [4, 1]]",10,37,0.0015325,20,OPTIMAL,8.2,,,,0.09473586082458496,0.0,1064.0,0.0,0,0.0,0,,TIME_LIMIT,5.000131130218506,0.5548456760712462,7109.0
12835621316930140213,1,20,4,"[5, 5, 5, 5]","[[1, 2, 2, 2, 2], [2, 3, 7, 8, 10], [3, 5, 5, 6, 9], [1, 1, 1, 2, 4]]",1.0,1,2,1,5,PP,"[[5], [2, 2, 1], [1, 3, 1], [4, 1]]",9,29,0.004577,20,OPTIMAL,8.2,,,,0.04796195030212402,0.0,458.0,0.0,0,0.0,0,,TIME_LIMIT,5.000131130218506,0.5548456760712462,7109.0
12835621316930140213,1,20,4,"[5, 5, 5, 5]","[[1, 2, 2, 2, 2], [2, 3, 7, 8, 10], [3, 5, 5, 6, 9], [1, 1, 1, 2, 4]]",1.0,1,2,2,2,PP,"[[2, 2, 1], [2, 2, 1], [2, 2, 1], [2, 2, 1]]",12,54,0.0016175,20,OPTIMAL,8.2,,,,0.34608983993530273,0.0,3522.0,0.85,17,8.5,170,,TIME_LIMIT,5.000131130218506,0.5548456760712462,7109.0
12835621316930140213,1,20,4,"[5, 5, 5, 5]","[[1, 2, 2, 2, 2], [2, 3, 7, 8, 10], [3, 5, 5, 6, 9], [1, 1, 1, 2, 4]]",1.0,1,2,2,3,PP,"[[3, 2], [2, 3], [3, 1, 1], [3, 2]]",9,30,0.0050225,20,OPTIMAL,8.2,,,,0.08977603912353516,0.0,1012.0,2.25,45,11.05,221,,TIME_LIMIT,5.000131130218506,0.5548456760712462,7109.0
12835621316930140213,1,20,4,"[5, 5, 5, 5]","[[1, 2, 2, 2, 2], [2, 3, 7, 8, 10], [3, 5, 5, 6, 9], [1, 1, 1, 2, 4]]",1.0,1,2,2,4,PP,"[[4, 1], [2, 3], [4, 1], [4, 1]]",8,24,0.0015875,20,OPTIMAL,8.2,,,,0.04475212097167969,0.0,384.0,1.55,31,12.75,255,,TIME_LIMIT,5.000131130218506,0.5548456760712462,7109.0
12835621316930140213,1,20,4,"[5, 5, 5, 5]","[[1, 2, 2, 2, 2], [2, 3, 7, 8, 10], [3, 5, 5, 6, 9], [1, 1, 1, 2, 4]]",1.0,1,2,2,5,PP,"[[5], [2, 3], [4, 1], [5]]",6,13,0.0050075,20,OPTIMAL,8.2,,,,0.016756057739257812,0.0,95.0,2.25,45,13.6,272,,TIME_LIMIT,5.000131130218506,0.5548456760712462,7109.0
12835621316930140213,1,20,4,"[5, 5, 5, 5]","[[1, 2, 2, 2, 2], [2, 3, 7, 8, 10], [3, 5, 5, 6, 9], [1, 1, 1, 2, 4]]",1.0,1,2,3,2,PP,"[[2, 2, 1], [2, 2, 1], [2, 2, 1], [2, 2, 1]]",12,54,0.004582,20,OPTIMAL,8.2,,,,0.3464829921722412,0.0,3522.0,0.85,17,18.0,360,,TIME_LIMIT,5.000131130218506,0.5548456760712462,7109.0
12835621316930140213,1,20,4,"[5, 5, 5, 5]","[[1, 2, 2, 2, 2], [2, 3, 7, 8, 10], [3, 5, 5, 6, 9], [1, 1, 1, 2, 4]]",1.0,1,2,3,3,PP,"[[3, 2], [2, 3], [3, 2], [3, 2]]",8,24,0.0044165,20,OPTIMAL,8.2,,,,0.06115603446960449,0.0,710.0,3.75,75,23.4,468,,TIME_LIMIT,5.000131130218506,0.5548456760712462,7109.0
12835621316930140213,1,20,4,"[5, 5, 5, 5]","[[1, 2, 2, 2, 2], [2, 3, 7, 8, 10], [3, 5, 5, 6, 9], [1, 1, 1, 2, 4]]",1.0,1,2,3,4,PP,"[[4, 1], [2, 3], [4, 1], [4, 1]]",8,24,0.004652,20,OPTIMAL,8.2,,,,0.04487299919128418,0.0,384.0,1.55,31,27.0,540,,TIME_LIMIT,5.000131130218506,0.5548456760712462,7109.0
12835621316930140213,1,20,4,"[5, 5, 5, 5]","[[1, 2, 2, 2, 2], [2, 3, 7, 8, 10], [3, 5, 5, 6, 9], [1, 1, 1, 2, 4]]",1.0,1,2,3,5,PP,"[[5], [2, 3], [5], [5]]",5,9,0.004627,20,OPTIMAL,8.2,,,,0.013448953628540039,0.0,53.0,3.75,75,28.8,576,,TIME_LIMIT,5.000131130218506,0.5548456760712462,7109.0
12835621316930140213,1,20,4,"[5, 5, 5, 5]","[[1, 2, 2, 2, 2], [2, 3, 7, 8, 10], [3, 5, 5, 6, 9], [1, 1, 1, 2, 4]]",1.0,1,2,4,2,PP,"[[2, 2, 1], [2, 2, 1], [2, 2, 1], [2, 2, 1]]",12,54,0.005193,20,OPTIMAL,8.2,,,,0.3513679504394531,0.0,3522.0,0.85,17,27.5,550,,TIME_LIMIT,5.000131130218506,0.5548456760712462,7109.0
12835621316930140213,1,20,4,"[5, 5, 5, 5]","[[1, 2, 2, 2, 2], [2, 3, 7, 8, 10], [3, 5, 5, 6, 9], [1, 1, 1, 2, 4]]",1.0,1,2,4,3,PP,"[[3, 2], [3, 2], [3, 2], [3, 2]]",8,24,0.001517,20,OPTIMAL,8.2,,,,0.05038595199584961,0.0,485.0,6.35,127,35.75,715,,TIME_LIMIT,5.000131130218506,0.5548456760712462,7109.0
12835621316930140213,1,20,4,"[5, 5, 5, 5]","[[1, 2, 2, 2, 2], [2, 3, 7, 8, 10], [3, 5, 5, 6, 9], [1, 1, 1, 2, 4]]",1.0,1,2,4,4,PP,"[[4, 1], [4, 1], [4, 1], [4, 1]]",8,24,0.004607,20,OPTIMAL,8.2,,,,0.0329439640045166,0.0,318.0,3.45,69,41.25,825,,TIME_LIMIT,5.000131130218506,0.5548456760712462,7109.0
12835621316930140213,1,20,4,"[5, 5, 5, 5]","[[1, 2, 2, 2, 2], [2, 3, 7, 8, 10], [3, 5, 5, 6, 9], [1, 1, 1, 2, 4]]",1.0,1,2,4,5,PP,"[[5], [5], [5], [5]]",4,6,0.0037205,20,OPTIMAL,8.2,,,,0.007141828536987305,0.0,21.0,6.35,127,44.0,880,,TIME_LIMIT,5.000131130218506,0.5548456760712462,7109.0
14771961737711289545,2,20,4,"[5, 5, 5, 5]","[[5, 7, 8, 10, 10], [1, 1, 2, 3, 4], [1, 3, 4, 5, 5], [2, 2, 3, 3, 4]]",1.0,1,2,1,2,PP,"[[1, 2, 2], [2, 2, 1], [1, 2, 2], [2, 2, 1]]",12,54,0.004657,20,OPTIMAL,7.85,,,,1.1599349975585938,0.0,7447.0,0.0,0,0.0,0,,TIME_LIMIT,5.0001020431518555,0.5264620885580865,8787.0
14771961737711289545,2,20,4,"[5, 5, 5, 5]","[[5, 7, 8, 10, 10], [1, 1, 2, 3, 4], [1, 3, 4, 5, 5], [2, 2, 3, 3, 4]]",1.0,1,2,1,3,PP,"[[1, 2, 2], [3, 2], [1, 3, 1], [3, 2]]",10,37,0.001763,20,OPTIMAL,7.85,,,,0.14539003372192383,0.0,1465.0,0.0,0,0.0,0,,TIME_LIMIT,5.0001020431518555,0.5264620885580865,8787.0
14771961737711289545,2,20,4,"[5, 5, 5, 5]","[[5, 7, 8, 10, 10], [1, 1, 2, 3, 4], [1, 3, 4, 5, 5], [2, 2, 3, 3, 4]]",1.0,1,2,1,4,PP,"[[1, 2, 2], [4, 1], [1, 4], [4, 1]]",9,30,0.004662,20,OPTIMAL,7.85,,,,0.05662703514099121,0.0,571.0,0.0,0,0.0,0,,TIME_LIMIT,5.0001020431518555,0.5264620885580865,8787.0
14771961737711289545,2,20,4,"[5, 5, 5, 5]","[[5, 7, 8, 10, 10], [1, 1, 2, 3, 4], [1, 3, 4, 5, 5], [2, 2, 3, 3, 4]]",1.0,1,2,1,5,PP,"[[1, 2, 2], [5], [1, 4], [5]]",7,17,0.004427,20,OPTIMAL,7.85,,,,0.02268815040588379,0.0,152.0,0.0,0,0.0,0,,TIME_LIMIT,5.0001020431518555,0.5264620885580865,8787.0
14771961737711289545,2,20,4,"[5, 5, 5, 5]","[[5, 7, 8, 10, 10], [1, 1, 2, 3, 4], [1, 3, 4, 5, 5], [2, 2, 3, 3, 4]]",1.0,1,2,2,2,PP,"[[2, 2, 1], [2, 2, 1], [2, 2, 1], [2, 2, 1]]",12,54,0.005433,20,OPTIMAL,7.85,,,,0.293133020401001,0.0,2653.0,2.45,49,8.5,170,,TIME_LIMIT,5.0001020431518555,0.5264620885580865,8787.0
14771961737711289545,2,20,4,"[5, 5, 5, 5]","[[5, 7, 8, 10, 10], [1, 1, 2, 3, 4], [1, 3, 4, 5, 5], [2, 2, 3, 3, 4]]",1.0,1,2,2,3,PP,"[[3, 2], [3, 2], [3, 2], [3, 2]]",8,24,0.0048625,20,OPTIMAL,7.85,,,,0.056243896484375,0.0,392.0,1.7,34,11.05,221,,TIME_LIMIT,5.0001020431518555,0.5264620885580865,8787.0
14771961737711289545,2,20,4,"[5, 5, 5, 5]","[[5, 7, 8, 10, 10], [1, 1, 2, 3, 4], [1, 3, 4, 5, 5], [2, 2, 3, 3, 4]]",1.0,1,2,2,4,PP,"[[4, 1], [4, 1], [4, 1], [4, 1]]",8,24,0.004962,20,OPTIMAL,7.85,,,,0.027905941009521484,0.0,177.0,2.45,49,12.75,255,,TIME_LIMIT,5.0001020431518555,0.5264620885580865,8787.0
14771961737711289545,2,20,4,"[5, 5, 5, 5]","[[5, 7, 8, 10, 10], [1, 1, 2, 3, 4], [1, 3, 4, 5, 5], [2, 2, 3, 3, 4]]",1.0,1,2,2,5,PP,"[[5], [5], [5], [5]]",4,6,0.0043915,20,OPTIMAL,7.85,,,,0.007543087005615234,0.0,30.0,2.45,49,13.6,272,,TIME_LIMIT,5.0001020431518555,0.5264620885580865,8787.0
14771961737711289545,2,20,4,"[5, 5, 5, 5]","[[5, 7, 8, 10, 10], [1, 1, 2, 3, 4], [1, 3, 4, 5, 5], [2, 2, 3, 3, 4]]",1.0,1,2,3,2,PP,"[[2, 2, 1], [2, 2, 1], [2, 2, 1], [2, 2, 1]]",12,54,0.004582,20,OPTIMAL,7.85,,,,0.2940680980682373,0.0,2653.0,2.45,49,18.0,360,,TIME_LIMIT,5.0001020431518555,0.5264620885580865,8787.0
14771961737711289545,2,20,4,"[5, 5, 5, 5]","[[5, 7, 8, 10, 10], [1, 1, 2, 3, 4], [1, 3, 4, 5, 5], [2, 2, 3, 3, 4]]",1.0,1,2,3,3,PP,"[[3, 2], [3, 2], [3, 2], [3, 2]]",8,24,0.005233,20,OPTIMAL,7.85,,,,0.05559110641479492,0.0,392.0,1.7,34,23.4,468,,TIME_LIMIT,5.0001020431518555,0.5264620885580865,8787.0
14771961737711289545,2,20,4,"[5, 5, 5, 5]","[[5, 7, 8, 10, 10], [1, 1, 2, 3, 4], [1, 3, 4, 5, 5], [2, 2, 3, 3, 4]]",1.0,1,2,3,4,PP,"[[4, 1], [4, 1], [4, 1], [4, 1]]",8,24,0.004782,20,OPTIMAL,7.85,,,,0.028126001358032227,0.0,177.0,2.45,49,27.0,540,,TIME_LIMIT,5.0001020431518555,0.5264620885580865,8787.0
14771961737711289545,2,20,4,"[5, 5, 5, 5]","[[5, 7, 8, 10, 10], [1, 1, 2, 3, 4], [1, 3, 4, 5, 5], [2, 2, 3, 3, 4]]",1.0,1,2,3,5,PP,"[[5], [5], [5], [5]]",4,6,0.0047675,20,OPTIMAL,7.85,,,,0.007487058639526367,0.0,30.0,2.45,49,28.8,576,,TIME_LIMIT,5.0001020431518555,0.5264620885580865,8787.0
14771961737711289545,2,20,4,"[5, 5, 5, 5]","[[5, 7, 8, 10, 10], [1, 1, 2, 3, 4], [1, 3, 4, 5, 5], [2, 2, 3, 3, 4]]",1.0,1,2,4,2,PP,"[[2, 2, 1], [2, 2, 1], [2, 2, 1], [2, 2, 1]]",12,54,0.004527,20,OPTIMAL,7.85,,,,0.2929260730743408,0.0,2653.0,2.45,49,27.5,550,,TIME_LIMIT,5.0001020431518555,0.5264620885580865,8787.0
14771961737711289545,2,20,4,"[5, 5, 5, 5]","[[5, 7, 8, 10, 10], [1, 1, 2, 3, 4], [1, 3, 4, 5, 5], [2, 2, 3, 3, 4]]",1.0,1,2,4,3,PP,"[[3, 2], [3, 2], [3, 2], [3, 2]]",8,24,0.0044415,20,OPTIMAL,7.85,,,,0.05595707893371582,0.0,392.0,1.7,34,35.75,715,,TIME_LIMIT,5.0001020431518555,0.5264620885580865,8787.0
14771961737711289545,2,20,4,"[5, 5, 5, 5]","[[5, 7, 8, 10, 10], [1, 1, 2, 3, 4], [1, 3, 4, 5, 5], [2, 2, 3, 3, 4]]",1.0,1,2,4,4,PP,"[[4, 1], [4, 1], [4, 1], [4, 1]]",8,24,0.004427,20,OPTIMAL,7.85,,,,0.0276029109954834,0.0,177.0,2.45,49,41.25,825,,TIME_LIMIT,5.0001020431518555,0.5264620885580865,8787.0
14771961737711289545,2,20,4,"[5, 5, 5, 5]","[[5, 7, 8, 10, 10], [1, 1, 2, 3, 4], [1, 3, 4, 5, 5], [2, 2, 3, 3, 4]]",1.0,1,2,4,5,PP,"[[5], [5], [5], [5]]",4,6,0.0043965,20,OPTIMAL,7.85,,,,0.0073430538177490234,0.0,30.0,2.45,49,44.0,880,,TIME_LIMIT,5.0001020431518555,0.5264620885580865,8787.0
