instance_id,N,L,counts,releases,h_F,h_S,threshold,max_platoon_size,method,partition,number_of_platoons,ordering_variable_count,formation_time_ms,formation_repetitions,scaled_actual_optimality_gap,actual_optimality_gap,scaled_partition_specific_upper_bound,partition_specific_upper_bound,scaled_rule_level_upper_bound,rule_level_upper_bound,bound_chain_valid
0,5,2,"[3, 2]","[[0, 0, 0], [0, 0]]",1,2,0,1,PP,"[[1, 1, 1], [1, 1]]",5,6,0.0008465,20,0,0,0,0,0,0,True
0,5,2,"[3, 2]","[[0, 0, 0], [0, 0]]",1,2,0,2,PP,"[[2, 1], [2]]",3,2,0.000821,20,0,0,0,0,0,0,True
0,5,2,"[3, 2]","[[0, 0, 0], [0, 0]]",1,2,0,3,PP,"[[3], [2]]",2,1,0.000811,20,0,0,0,0,0,0,True
0,5,2,"[3, 2]","[[0, 0, 0], [0, 0]]",1,2,0,5,PP,"[[3], [2]]",2,1,0.000796,20,0,0,0,0,0,0,True
0,5,2,"[3, 2]","[[0, 0, 0], [0, 0]]",1,2,1,1,PP,"[[1, 1, 1], [1, 1]]",5,6,0.000806,20,0,0,0,0,0,0,True
0,5,2,"[3, 2]","[[0, 0, 0], [0, 0]]",1,2,1,2,PP,"[[2, 1], [2]]",3,2,0.000801,20,0,0,0,0,0,0,True
0,5,2,"[3, 2]","[[0, 0, 0], [0, 0]]",1,2,1,3,PP,"[[3], [2]]",2,1,0.0007915,20,0,0,0,0,0,0,True
0,5,2,"[3, 2]","[[0, 0, 0], [0, 0]]",1,2,1,5,PP,"[[3], [2]]",2,1,0.000786,20,0,0,0,0,0,0,True
0,5,2,"[3, 2]","[[0, 0, 0], [0, 0]]",1,2,2,1,PP,"[[1, 1, 1], [1, 1]]",5,6,0.000801,20,0,0,0,0,0,0,True
0,5,2,"[3, 2]","[[0, 0, 0], [0, 0]]",1,2,2,2,PP,"[[2, 1], [2]]",3,2,0.0007965,20,0,0,0,0,4,4/5,True
0,5,2,"[3, 2]","[[0, 0, 0], [0, 0]]",1,2,2,3,PP,"[[3], [2]]",2,1,0.000797,20,0,0,0,0,6,6/5,True
0,5,2,"[3, 2]","[[0, 0, 0], [0, 0]]",1,2,2,5,PP,"[[3], [2]]",2,1,0.0008015,20,0,0,0,0,8,8/5,True
0,5,2,"[3, 2]","[[0, 0, 0], [0, 0]]",1,2,3,1,PP,"[[1, 1, 1], [1, 1]]",5,6,0.000831,20,0,0,0,0,0,0,True
0,5,2,"[3, 2]","[[0, 0, 0], [0, 0]]",1,2,3,2,PP,"[[2, 1], [2]]",3,2,0.0008015,20,0,0,0,0,12,12/5,True
0,5,2,"[3, 2]","[[0, 0, 0], [0, 0]]",1,2,3,3,PP,"[[3], [2]]",2,1,0.000786,20,0,0,0,0,18,18/5,True
0,5,2,"[3, 2]","[[0, 0, 0], [0, 0]]",1,2,3,5,PP,"[[3], [2]]",2,1,0.000811,20,0,0,0,0,24,24/5,True
1,5,2,"[3, 2]","[[0, 0, 0], [0, 1]]",1,2,0,1,PP,"[[1, 1, 1], [1, 1]]",5,6,0.000831,20,0,0,0,0,0,0,True
1,5,2,"[3, 2]","[[0, 0, 0], [0, 1]]",1,2,0,2,PP,"[[2, 1], [1, 1]]",4,4,0.000811,20,0,0,0,0,0,0,True
1,5,2,"[3, 2]","[[0, 0, 0], [0, 1]]",1,2,0,3,PP,"[[3], [1, 1]]",3,2,0.000801,20,0,0,0,0,0,0,True
1,5,2,"[3, 2]","[[0, 0, 0], [0, 1]]",1,2,0,5,PP,"[[3], [1, 1]]",3,2,0.000801,20,0,0,0,0,0,0,True
1,5,2,"[3, 2]","[[0, 0, 0], [0, 1]]",1,2,1,1,PP,"[[1, 1, 1], [1, 1]]",5,6,0.000831,20,0,0,0,0,0,0,True
1,5,2,"[3, 2]","[[0, 0, 0], [0, 1]]",1,2,1,2,PP,"[[2, 1], [2]]",3,2,0.0008165,20,0,0,0,0,0,0,True
1,5,2,"[3, 2]","[[0, 0, 0], [0, 1]]",1,2,1,3,PP,"[[3], [2]]",2,1,0.000781,20,0,0,0,0,0,0,True
1,5,2,"[3, 2]","[[0, 0, 0], [0, 1]]",1,2,1,5,PP,"[[3], [2]]",2,1,0.000801,20,0,0,0,0,0,0,True
1,5,2,"[3, 2]","[[0, 0, 0], [0, 1]]",1,2,2,1,PP,"[[1, 1, 1], [1, 1]]",5,6,0.0008065,20,0,0,0,0,0,0,True
1,5,2,"[3, 2]","[[0, 0, 0], [0, 1]]",1,2,2,2,PP,"[[2, 1], [2]]",3,2,0.000801,20,0,0,0,0,4,4/5,True
1,5,2,"[3, 2]","[[0, 0, 0], [0, 1]]",1,2,2,3,PP,"[[3], [2]]",2,1,0.000801,20,0,0,0,0,6,6/5,True
1,5,2,"[3, 2]","[[0, 0, 0], [0, 1]]",1,2,2,5,PP,"[[3], [2]]",2,1,0.000801,20,0,0,0,0,8,8/5,True
1,5,2,"[3, 2]","[[0, 0, 0], [0, 1]]",1,2,3,1,PP,"[[1, 1, 1], [1, 1]]",5,6,0.0008065,20,0,0,0,0,0,0,True
1,5,2,"[3, 2]","[[0, 0, 0], [0, 1]]",1,2,3,2,PP,"[[2, 1], [2]]",3,2,0.0007965,20,0,0,0,0,12,12/5,True
1,5,2,"[3, 2]","[[0, 0, 0], [0, 1]]",1,2,3,3,PP,"[[3], [2]]",2,1,0.000801,20,0,0,0,0,18,18/5,True
1,5,2,"[3, 2]","[[0, 0, 0], [0, 1]]",1,2,3,5,PP,"[[3], [2]]",2,1,0.000791,20,0,0,0,0,24,24/5,True
2,5,2,"[3, 2]","[[0, 0, 0], [0, 2]]",1,2,0,1,PP,"[[1, 1, 1], [1, 1]]",5,6,0.000836,20,0,0,0,0,0,0,True
2,5,2,"[3, 2]","[[0, 0, 0], [0, 2]]",1,2,0,2,PP,"[[2, 1], [1, 1]]",4,4,0.0008115,20,0,0,0,0,0,0,True
2,5,2,"[3, 2]","[[0, 0, 0], [0, 2]]",1,2,0,3,PP,"[[3], [1, 1]]",3,2,0.000811,20,0,0,0,0,0,0,True
2,5,2,"[3, 2]","[[0, 0, 0], [0, 2]]",1,2,0,5,PP,"[[3], [1, 1]]",3,2,0.000811,20,0,0,0,0,0,0,True
2,5,2,"[3, 2]","[[0, 0, 0], [0, 2]]",1,2,1,1,PP,"[[1, 1, 1], [1, 1]]",5,6,0.000821,20,0,0,0,0,0,0,True
2,5,2,"[3, 2]","[[0, 0, 0], [0, 2]]",1,2,1,2,PP,"[[2, 1], [1, 1]]",4,4,0.000816,20,0,0,0,0,0,0,True
2,5,2,"[3, 2]","[[0, 0, 0], [0, 2]]",1,2,1,3,PP,"[[3], [1, 1]]",3,2,0.000811,20,0,0,0,0,0,0,True
2,5,2,"[3, 2]","[[0, 0, 0], [0, 2]]",1,2,1,5,PP,"[[3], [1, 1]]",3,2,0.000791,20,0,0,0,0,0,0,True
2,5,2,"[3, 2]","[[0, 0, 0], [0, 2]]",1,2,2,1,PP,"[[1, 1, 1], [1, 1]]",5,6,0.000826,20,0,0,0,0,0,0,True
2,5,2,"[3, 2]","[[0, 0, 0], [0, 2]]",1,2,2,2,PP,"[[2, 1], [2]]",3,2,0.000821,20,0,0,2,2/5,4,4/5,True
2,5,2,"[3, 2]","[[0, 0, 0], [0, 2]]",1,2,2,3,PP,"[[3], [2]]",2,1,0.000811,20,0,0,2,2/5,6,6/5,True
2,5,2,"[3, 2]","[[0, 0, 0], [0, 2]]",1,2,2,5,PP,"[[3], [2]]",2,1,0.0007915,20,0,0,2,2/5,8,8/5,True
2,5,2,"[3, 2]","[[0, 0, 0], [0, 2]]",1,2,3,1,PP,"[[1, 1, 1], [1, 1]]",5,6,0.0008265,20,0,0,0,0,0,0,True
2,5,2,"[3, 2]","[[0, 0, 0], [0, 2]]",1,2,3,2,PP,"[[2, 1], [2]]",3,2,0.0008065,20,0,0,2,2/5,12,12/5,True
2,5,2,"[3, 2]","[[0, 0, 0], [0, 2]]",1,2,3,3,PP,"[[3], [2]]",2,1,0.0008165,20,0,0,2,2/5,18,18/5,True
2,5,2,"[3, 2]","[[0, 0, 0], [0, 2]]",1,2,3,5,PP,"[[3], [2]]",2,1,0.000802,20,0,0,2,2/5,24,24/5,True
3,5,2,"[3, 2]","[[0, 0, 0], [0, 3]]",1,2,0,1,PP,"[[1, 1, 1], [1, 1]]",5,6,0.0008165,20,0,0,0,0,0,0,True
3,5,2,"[3, 2]","[[0, 0, 0], [0, 3]]",1,2,0,2,PP,"[[2, 1], [1, 1]]",4,4,0.000826,20,0,0,0,0,0,0,True
3,5,2,"[3, 2]","[[0, 0, 0], [0, 3]]",1,2,0,3,PP,"[[3], [1, 1]]",3,2,0.0008165,20,0,0,0,0,0,0,True
3,5,2,"[3, 2]","[[0, 0, 0], [0, 3]]",1,2,0,5,PP,"[[3], [1, 1]]",3,2,0.0008115,20,0,0,0,0,0,0,True
3,5,2,"[3, 2]","[[0, 0, 0], [0, 3]]",1,2,1,1,PP,"[[1, 1, 1], [1, 1]]",5,6,0.0008165,20,0,0,0,0,0,0,True
3,5,2,"[3, 2]","[[0, 0, 0], [0, 3]]",1,2,1,2,PP,"[[2, 1], [1, 1]]",4,4,0.0008015,20,0,0,0,0,0,0,True
3,5,2,"[3, 2]","[[0, 0, 0], [0, 3]]",1,2,1,3,PP,"[[3], [1, 1]]",3,2,0.000791,20,0,0,0,0,0,0,True
3,5,2,"[3, 2]","[[0, 0, 0], [0, 3]]",1,2,1,5,PP,"[[3], [1, 1]]",3,2,0.000806,20,0,0,0,0,0,0,True
3,5,2,"[3, 2]","[[0, 0, 0], [0, 3]]",1,2,2,1,PP,"[[1, 1, 1], [1, 1]]",5,6,0.000811,20,0,0,0,0,0,0,True
3,5,2,"[3, 2]","[[0, 0, 0], [0, 3]]",1,2,2,2,PP,"[[2, 1], [1, 1]]",4,4,0.0008215,20,0,0,0,0,4,4/5,True
3,5,2,"[3, 2]","[[0, 0, 0], [0, 3]]",1,2,2,3,PP,"[[3], [1, 1]]",3,2,0.000781,20,0,0,0,0,6,6/5,True
3,5,2,"[3, 2]","[[0, 0, 0], [0, 3]]",1,2,2,5,PP,"[[3], [1, 1]]",3,2,0.000801,20,0,0,0,0,8,8/5,True
3,5,2,"[3, 2]","[[0, 0, 0], [0, 3]]",1,2,3,1,PP,"[[1, 1, 1], [1, 1]]",5,6,0.000811,20,0,0,0,0,0,0,True
3,5,2,"[3, 2]","[[0, 0, 0], [0, 3]]",1,2,3,2,PP,"[[2, 1], [2]]",3,2,0.000796,20,0,0,6,6/5,12,12/5,True
3,5,2,"[3, 2]","[[0, 0, 0], [0, 3]]",1,2,3,3,PP,"[[3], [2]]",2,1,0.0008415,20,0,0,6,6/5,18,18/5,True
3,5,2,"[3, 2]","[[0, 0, 0], [0, 3]]",1,2,3,5,PP,"[[3], [2]]",2,1,0.000841,20,0,0,6,6/5,24,24/5,True
4,5,2,"[3, 2]","[[0, 0, 0], [1, 1]]",1,2,0,1,PP,"[[1, 1, 1], [1, 1]]",5,6,0.0008515,20,0,0,0,0,0,0,True
4,5,2,"[3, 2]","[[0, 0, 0], [1, 1]]",1,2,0,2,PP,"[[2, 1], [2]]",3,2,0.000871,20,0,0,0,0,0,0,True
4,5,2,"[3, 2]","[[0, 0, 0], [1, 1]]",1,2,0,3,PP,"[[3], [2]]",2,1,0.000851,20,0,0,0,0,0,0,True
4,5,2,"[3, 2]","[[0, 0, 0], [1, 1]]",1,2,0,5,PP,"[[3], [2]]",2,1,0.000842,20,0,0,0,0,0,0,True
4,5,2,"[3, 2]","[[0, 0, 0], [1, 1]]",1,2,1,1,PP,"[[1, 1, 1], [1, 1]]",5,6,0.000846,20,0,0,0,0,0,0,True
4,5,2,"[3, 2]","[[0, 0, 0], [1, 1]]",1,2,1,2,PP,"[[2, 1], [2]]",3,2,0.0008665,20,0,0,0,0,0,0,True
4,5,2,"[3, 2]","[[0, 0, 0], [1, 1]]",1,2,1,3,PP,"[[3], [2]]",2,1,0.0008415,20,0,0,0,0,0,0,True
4,5,2,"[3, 2]","[[0, 0, 0], [1, 1]]",1,2,1,5,PP,"[[3], [2]]",2,1,0.0008215,20,0,0,0,0,0,0,True
4,5,2,"[3, 2]","[[0, 0, 0], [1, 1]]",1,2,2,1,PP,"[[1, 1, 1], [1, 1]]",5,6,0.000851,20,0,0,0,0,0,0,True
4,5,2,"[3, 2]","[[0, 0, 0], [1, 1]]",1,2,2,2,PP,"[[2, 1], [2]]",3,2,0.000836,20,0,0,0,0,4,4/5,True
4,5,2,"[3, 2]","[[0, 0, 0], [1, 1]]",1,2,2,3,PP,"[[3], [2]]",2,1,0.0008365,20,0,0,0,0,6,6/5,True
4,5,2,"[3, 2]","[[0, 0, 0], [1, 1]]",1,2,2,5,PP,"[[3], [2]]",2,1,0.000796,20,0,0,0,0,8,8/5,True
4,5,2,"[3, 2]","[[0, 0, 0], [1, 1]]",1,2,3,1,PP,"[[1, 1, 1], [1, 1]]",5,6,0.000811,20,0,0,0,0,0,0,True
4,5,2,"[3, 2]","[[0, 0, 0], [1, 1]]",1,2,3,2,PP,"[[2, 1], [2]]",3,2,0.000811,20,0,0,0,0,12,12/5,True
4,5,2,"[3, 2]","[[0, 0, 0], [1, 1]]",1,2,3,3,PP,"[[3], [2]]",2,1,0.000801,20,0,0,0,0,18,18/5,True
4,5,2,"[3, 2]","[[0, 0, 0], [1, 1]]",1,2,3,5,PP,"[[3], [2]]",2,1,0.000811,20,0,0,0,0,24,24/5,True
5,5,2,"[3, 2]","[[0, 0, 0], [1, 2]]",1,2,0,1,PP,"[[1, 1, 1], [1, 1]]",5,6,0.000816,20,0,0,0,0,0,0,True
5,5,2,"[3, 2]","[[0, 0, 0], [1, 2]]",1,2,0,2,PP,"[[2, 1], [1, 1]]",4,4,0.000811,20,0,0,0,0,0,0,True
5,5,2,"[3, 2]","[[0, 0, 0], [1, 2]]",1,2,0,3,PP,"[[3], [1, 1]]",3,2,0.0008065,20,0,0,0,0,0,0,True
5,5,2,"[3, 2]","[[0, 0, 0], [1, 2]]",1,2,0,5,PP,"[[3], [1, 1]]",3,2,0.000806,20,0,0,0,0,0,0,True
5,5,2,"[3, 2]","[[0, 0, 0], [1, 2]]",1,2,1,1,PP,"[[1, 1, 1], [1, 1]]",5,6,0.000821,20,0,0,0,0,0,0,True
5,5,2,"[3, 2]","[[0, 0, 0], [1, 2]]",1,2,1,2,PP,"[[2, 1], [2]]",3,2,0.000816,20,0,0,0,0,0,0,True
5,5,2,"[3, 2]","[[0, 0, 0], [1, 2]]",1,2,1,3,PP,"[[3], [2]]",2,1,0.000846,20,0,0,0,0,0,0,True
5,5,2,"[3, 2]","[[0, 0, 0], [1, 2]]",1,2,1,5,PP,"[[3], [2]]",2,1,0.000856,20,0,0,0,0,0,0,True
5,5,2,"[3, 2]","[[0, 0, 0], [1, 2]]",1,2,2,1,PP,"[[1, 1, 1], [1, 1]]",5,6,0.000871,20,0,0,0,0,0,0,True
5,5,2,"[3, 2]","[[0, 0, 0], [1, 2]]",1,2,2,2,PP,"[[2, 1], [2]]",3,2,0.000856,20,0,0,0,0,4,4/5,True
5,5,2,"[3, 2]","[[0, 0, 0], [1, 2]]",1,2,2,3,PP,"[[3], [2]]",2,1,0.000866,20,0,0,0,0,6,6/5,True
5,5,2,"[3, 2]","[[0, 0, 0], [1, 2]]",1,2,2,5,PP,"[[3], [2]]",2,1,0.0008365,20,0,0,0,0,8,8/5,True
5,5,2,"[3, 2]","[[0, 0, 0], [1, 2]]",1,2,3,1,PP,"[[1, 1, 1], [1, 1]]",5,6,0.000846,20,0,0,0,0,0,0,True
5,5,2,"[3, 2]","[[0, 0, 0], [1, 2]]",1,2,3,2,PP,"[[2, 1], [2]]",3,2,0.000841,20,0,0,0,0,12,12/5,True
5,5,2,"[3, 2]","[[0, 0, 0], [1, 2]]",1,2,3,3,PP,"[[3], [2]]",2,1,0.000831,20,0,0,0,0,18,18/5,True
5,5,2,"[3, 2]","[[0, 0, 0], [1, 2]]",1,2,3,5,PP,"[[3], [2]]",2,1,0.000841,20,0,0,0,0,24,24/5,True
6,5,2,"[3, 2]","[[0, 0, 0], [1, 3]]",1,2,0,1,PP,"[[1, 1, 1], [1, 1]]",5,6,0.000851,20,0,0,0,0,0,0,True
6,5,2,"[3, 2]","[[0, 0, 0], [1, 3]]",1,2,0,2,PP,"[[2, 1], [1, 1]]",4,4,0.000861,20,0,0,0,0,0,0,True
6,5,2,"[3, 2]","[[0, 0, 0], [1, 3]]",1,2,0,3,PP,"[[3], [1, 1]]",3,2,0.0008115,20,0,0,0,0,0,0,True
6,5,2,"[3, 2]","[[0, 0, 0], [1, 3]]",1,2,0,5,PP,"[[3], [1, 1]]",3,2,0.000802,20,0,0,0,0,0,0,True
6,5,2,"[3, 2]","[[0, 0, 0], [1, 3]]",1,2,1,1,PP,"[[1, 1, 1], [1, 1]]",5,6,0.0008065,20,0,0,0,0,0,0,True
6,5,2,"[3, 2]","[[0, 0, 0], [1, 3]]",1,2,1,2,PP,"[[2, 1], [1, 1]]",4,4,0.000811,20,0,0,0,0,0,0,True
6,5,2,"[3, 2]","[[0, 0, 0], [1, 3]]",1,2,1,3,PP,"[[3], [1, 1]]",3,2,0.0008015,20,0,0,0,0,0,0,True
6,5,2,"[3, 2]","[[0, 0, 0], [1, 3]]",1,2,1,5,PP,"[[3], [1, 1]]",3,2,0.0007865,20,0,0,0,0,0,0,True
6,5,2,"[3, 2]","[[0, 0, 0], [1, 3]]",1,2,2,1,PP,"[[1, 1, 1], [1, 1]]",5,6,0.000811,20,0,0,0,0,0,0,True
6,5,2,"[3, 2]","[[0, 0, 0], [1, 3]]",1,2,2,2,PP,"[[2, 1], [2]]",3,2,0.0008115,20,0,0,2,2/5,4,4/5,True
6,5,2,"[3, 2]","[[0, 0, 0], [1, 3]]",1,2,2,3,PP,"[[3], [2]]",2,1,0.000786,20,0,0,2,2/5,6,6/5,True
6,5,2,"[3, 2]","[[0, 0, 0], [1, 3]]",1,2,2,5,PP,"[[3], [2]]",2,1,0.000796,20,0,0,2,2/5,8,8/5,True
6,5,2,"[3, 2]","[[0, 0, 0], [1, 3]]",1,2,3,1,PP,"[[1, 1, 1], [1, 1]]",5,6,0.000796,20,0,0,0,0,0,0,True
6,5,2,"[3, 2]","[[0, 0, 0], [1, 3]]",1,2,3,2,PP,"[[2, 1], [2]]",3,2,0.000806,20,0,0,2,2/5,12,12/5,True
6,5,2,"[3, 2]","[[0, 0, 0], [1, 3]]",1,2,3,3,PP,"[[3], [2]]",2,1,0.000801,20,0,0,2,2/5,18,18/5,True
6,5,2,"[3, 2]","[[0, 0, 0], [1, 3]]",1,2,3,5,PP,"[[3], [2]]",2,1,0.000811,20,0,0,2,2/5,24,24/5,True
7,5,2,"[3, 2]","[[0, 0, 0], [2, 2]]",1,2,0,1,PP,"[[1, 1, 1], [1, 1]]",5,6,0.000811,20,0,0,0,0,0,0,True
7,5,2,"[3, 2]","[[0, 0, 0], [2, 2]]",1,2,0,2,PP,"[[2, 1], [2]]",3,2,0.0008215,20,0,0,0,0,0,0,True
7,5,2,"[3, 2]","[[0, 0, 0], [2, 2]]",1,2,0,3,PP,"[[3], [2]]",2,1,0.000821,20,0,0,0,0,0,0,True
7,5,2,"[3, 2]","[[0, 0, 0], [2, 2]]",1,2,0,5,PP,"[[3], [2]]",2,1,0.0008415,20,0,0,0,0,0,0,True
7,5,2,"[3, 2]","[[0, 0, 0], [2, 2]]",1,2,1,1,PP,"[[1, 1, 1], [1, 1]]",5,6,0.0008465,20,0,0,0,0,0,0,True
7,5,2,"[3, 2]","[[0, 0, 0], [2, 2]]",1,2,1,2,PP,"[[2, 1], [2]]",3,2,0.0008165,20,0,0,0,0,0,0,True
7,5,2,"[3, 2]","[[0, 0, 0], [2, 2]]",1,2,1,3,PP,"[[3], [2]]",2,1,0.000821,20,0,0,0,0,0,0,True
7,5,2,"[3, 2]","[[0, 0, 0], [2, 2]]",1,2,1,5,PP,"[[3], [2]]",2,1,0.0008115,20,0,0,0,0,0,0,True
7,5,2,"[3, 2]","[[0, 0, 0], [2, 2]]",1,2,2,1,PP,"[[1, 1, 1], [1, 1]]",5,6,0.0008465,20,0,0,0,0,0,0,True
7,5,2,"[3, 2]","[[0, 0, 0], [2, 2]]",1,2,2,2,PP,"[[2, 1], [2]]",3,2,0.0008315,20,0,0,0,0,4,4/5,True
7,5,2,"[3, 2]","[[0, 0, 0], [2, 2]]",1,2,2,3,PP,"[[3], [2]]",2,1,0.000802,20,0,0,0,0,6,6/5,True
7,5,2,"[3, 2]","[[0, 0, 0], [2, 2]]",1,2,2,5,PP,"[[3], [2]]",2,1,0.000801,20,0,0,0,0,8,8/5,True
7,5,2,"[3, 2]","[[0, 0, 0], [2, 2]]",1,2,3,1,PP,"[[1, 1, 1], [1, 1]]",5,6,0.0007965,20,0,0,0,0,0,0,True
7,5,2,"[3, 2]","[[0, 0, 0], [2, 2]]",1,2,3,2,PP,"[[2, 1], [2]]",3,2,0.0007965,20,0,0,0,0,12,12/5,True
7,5,2,"[3, 2]","[[0, 0, 0], [2, 2]]",1,2,3,3,PP,"[[3], [2]]",2,1,0.000807,20,0,0,0,0,18,18/5,True
7,5,2,"[3, 2]","[[0, 0, 0], [2, 2]]",1,2,3,5,PP,"[[3], [2]]",2,1,0.000796,20,0,0,0,0,24,24/5,True
8,5,2,"[3, 2]","[[0, 0, 0], [2, 3]]",1,2,0,1,PP,"[[1, 1, 1], [1, 1]]",5,6,0.0008165,20,0,0,0,0,0,0,True
8,5,2,"[3, 2]","[[0, 0, 0], [2, 3]]",1,2,0,2,PP,"[[2, 1], [1, 1]]",4,4,0.000812,20,0,0,0,0,0,0,True
8,5,2,"[3, 2]","[[0, 0, 0], [2, 3]]",1,2,0,3,PP,"[[3], [1, 1]]",3,2,0.000781,20,0,0,0,0,0,0,True
8,5,2,"[3, 2]","[[0, 0, 0], [2, 3]]",1,2,0,5,PP,"[[3], [1, 1]]",3,2,0.000791,20,0,0,0,0,0,0,True
8,5,2,"[3, 2]","[[0, 0, 0], [2, 3]]",1,2,1,1,PP,"[[1, 1, 1], [1, 1]]",5,6,0.000811,20,0,0,0,0,0,0,True
8,5,2,"[3, 2]","[[0, 0, 0], [2, 3]]",1,2,1,2,PP,"[[2, 1], [2]]",3,2,0.000811,20,0,0,0,0,0,0,True
8,5,2,"[3, 2]","[[0, 0, 0], [2, 3]]",1,2,1,3,PP,"[[3], [2]]",2,1,0.0008165,20,0,0,0,0,0,0,True
8,5,2,"[3, 2]","[[0, 0, 0], [2, 3]]",1,2,1,5,PP,"[[3], [2]]",2,1,0.000801,20,0,0,0,0,0,0,True
8,5,2,"[3, 2]","[[0, 0, 0], [2, 3]]",1,2,2,1,PP,"[[1, 1, 1], [1, 1]]",5,6,0.000821,20,0,0,0,0,0,0,True
8,5,2,"[3, 2]","[[0, 0, 0], [2, 3]]",1,2,2,2,PP,"[[2, 1], [2]]",3,2,0.000811,20,0,0,0,0,4,4/5,True
8,5,2,"[3, 2]","[[0, 0, 0], [2, 3]]",1,2,2,3,PP,"[[3], [2]]",2,1,0.0008165,20,0,0,0,0,6,6/5,True
8,5,2,"[3, 2]","[[0, 0, 0], [2, 3]]",1,2,2,5,PP,"[[3], [2]]",2,1,0.000821,20,0,0,0,0,8,8/5,True
8,5,2,"[3, 2]","[[0, 0, 0], [2, 3]]",1,2,3,1,PP,"[[1, 1, 1], [1, 1]]",5,6,0.000862,20,0,0,0,0,0,0,True
8,5,2,"[3, 2]","[[0, 0, 0], [2, 3]]",1,2,3,2,PP,"[[2, 1], [2]]",3,2,0.0008465,20,0,0,0,0,12,12/5,True
8,5,2,"[3, 2]","[[0, 0, 0], [2, 3]]",1,2,3,3,PP,"[[3], [2]]",2,1,0.000801,20,0,0,0,0,18,18/5,True
8,5,2,"[3, 2]","[[0, 0, 0], [2, 3]]",1,2,3,5,PP,"[[3], [2]]",2,1,0.0008165,20,0,0,0,0,24,24/5,True
9,5,2,"[3, 2]","[[0, 0, 0], [3, 3]]",1,2,0,1,PP,"[[1, 1, 1], [1, 1]]",5,6,0.000831,20,0,0,0,0,0,0,True
9,5,2,"[3, 2]","[[0, 0, 0], [3, 3]]",1,2,0,2,PP,"[[2, 1], [2]]",3,2,0.0008465,20,0,0,0,0,0,0,True
9,5,2,"[3, 2]","[[0, 0, 0], [3, 3]]",1,2,0,3,PP,"[[3], [2]]",2,1,0.000811,20,0,0,0,0,0,0,True
9,5,2,"[3, 2]","[[0, 0, 0], [3, 3]]",1,2,0,5,PP,"[[3], [2]]",2,1,0.000811,20,0,0,0,0,0,0,True
9,5,2,"[3, 2]","[[0, 0, 0], [3, 3]]",1,2,1,1,PP,"[[1, 1, 1], [1, 1]]",5,6,0.000841,20,0,0,0,0,0,0,True
9,5,2,"[3, 2]","[[0, 0, 0], [3, 3]]",1,2,1,2,PP,"[[2, 1], [2]]",3,2,0.000821,20,0,0,0,0,0,0,True
9,5,2,"[3, 2]","[[0, 0, 0], [3, 3]]",1,2,1,3,PP,"[[3], [2]]",2,1,0.0008115,20,0,0,0,0,0,0,True
9,5,2,"[3, 2]","[[0, 0, 0], [3, 3]]",1,2,1,5,PP,"[[3], [2]]",2,1,0.0007915,20,0,0,0,0,0,0,True
9,5,2,"[3, 2]","[[0, 0, 0], [3, 3]]",1,2,2,1,PP,"[[1, 1, 1], [1, 1]]",5,6,0.0008315,20,0,0,0,0,0,0,True
9,5,2,"[3, 2]","[[0, 0, 0], [3, 3]]",1,2,2,2,PP,"[[2, 1], [2]]",3,2,0.000791,20,0,0,0,0,4,4/5,True
9,5,2,"[3, 2]","[[0, 0, 0], [3, 3]]",1,2,2,3,PP,"[[3], [2]]",2,1,0.000791,20,0,0,0,0,6,6/5,True
9,5,2,"[3, 2]","[[0, 0, 0], [3, 3]]",1,2,2,5,PP,"[[3], [2]]",2,1,0.000786,20,0,0,0,0,8,8/5,True
9,5,2,"[3, 2]","[[0, 0, 0], [3, 3]]",1,2,3,1,PP,"[[1, 1, 1], [1, 1]]",5,6,0.0008065,20,0,0,0,0,0,0,True
9,5,2,"[3, 2]","[[0, 0, 0], [3, 3]]",1,2,3,2,PP,"[[2, 1], [2]]",3,2,0.0008165,20,0,0,0,0,12,12/5,True
9,5,2,"[3, 2]","[[0, 0, 0], [3, 3]]",1,2,3,3,PP,"[[3], [2]]",2,1,0.0008065,20,0,0,0,0,18,18/5,True
9,5,2,"[3, 2]","[[0, 0, 0], [3, 3]]",1,2,3,5,PP,"[[3], [2]]",2,1,0.000811,20,0,0,0,0,24,24/5,True
10,5,2,"[3, 2]","[[0, 0, 1], [0, 0]]",1,2,0,1,PP,"[[1, 1, 1], [1, 1]]",5,6,0.000841,20,0,0,0,0,0,0,True
10,5,2,"[3, 2]","[[0, 0, 1], [0, 0]]",1,2,0,2,PP,"[[2, 1], [2]]",3,2,0.000811,20,0,0,0,0,0,0,True
10,5,2,"[3, 2]","[[0, 0, 1], [0, 0]]",1,2,0,3,PP,"[[2, 1], [2]]",3,2,0.000811,20,0,0,0,0,0,0,True
10,5,2,"[3, 2]","[[0, 0, 1], [0, 0]]",1,2,0,5,PP,"[[2, 1], [2]]",3,2,0.000846,20,0,0,0,0,0,0,True
10,5,2,"[3, 2]","[[0, 0, 1], [0, 0]]",1,2,1,1,PP,"[[1, 1, 1], [1, 1]]",5,6,0.000816,20,0,0,0,0,0,0,True
10,5,2,"[3, 2]","[[0, 0, 1], [0, 0]]",1,2,1,2,PP,"[[2, 1], [2]]",3,2,0.0008165,20,0,0,0,0,0,0,True
10,5,2,"[3, 2]","[[0, 0, 1], [0, 0]]",1,2,1,3,PP,"[[3], [2]]",2,1,0.0007865,20,0,0,0,0,0,0,True
10,5,2,"[3, 2]","[[0, 0, 1], [0, 0]]",1,2,1,5,PP,"[[3], [2]]",2,1,0.000801,20,0,0,0,0,0,0,True
10,5,2,"[3, 2]","[[0, 0, 1], [0, 0]]",1,2,2,1,PP,"[[1, 1, 1], [1, 1]]",5,6,0.000826,20,0,0,0,0,0,0,True
10,5,2,"[3, 2]","[[0, 0, 1], [0, 0]]",1,2,2,2,PP,"[[2, 1], [2]]",3,2,0.000831,20,0,0,0,0,4,4/5,True
10,5,2,"[3, 2]","[[0, 0, 1], [0, 0]]",1,2,2,3,PP,"[[3], [2]]",2,1,0.000821,20,0,0,0,0,6,6/5,True
10,5,2,"[3, 2]","[[0, 0, 1], [0, 0]]",1,2,2,5,PP,"[[3], [2]]",2,1,0.000801,20,0,0,0,0,8,8/5,True
10,5,2,"[3, 2]","[[0, 0, 1], [0, 0]]",1,2,3,1,PP,"[[1, 1, 1], [1, 1]]",5,6,0.0008015,20,0,0,0,0,0,0,True
10,5,2,"[3, 2]","[[0, 0, 1], [0, 0]]",1,2,3,2,PP,"[[2, 1], [2]]",3,2,0.000806,20,0,0,0,0,12,12/5,True
10,5,2,"[3, 2]","[[0, 0, 1], [0, 0]]",1,2,3,3,PP,"[[3], [2]]",2,1,0.000801,20,0,0,0,0,18,18/5,True
10,5,2,"[3, 2]","[[0, 0, 1], [0, 0]]",1,2,3,5,PP,"[[3], [2]]",2,1,0.0007815,20,0,0,0,0,24,24/5,True
11,5,2,"[3, 2]","[[0, 0, 1], [0, 1]]",1,2,0,1,PP,"[[1, 1, 1], [1, 1]]",5,6,0.000792,20,0,0,0,0,0,0,True
11,5,2,"[3, 2]","[[0, 0, 1], [0, 1]]",1,2,0,2,PP,"[[2, 1], [1, 1]]",4,4,0.0008015,20,0,0,0,0,0,0,True
11,5,2,"[3, 2]","[[0, 0, 1], [0, 1]]",1,2,0,3,PP,"[[2, 1], [1, 1]]",4,4,0.000801,20,0,0,0,0,0,0,True
11,5,2,"[3, 2]","[[0, 0, 1], [0, 1]]",1,2,0,5,PP,"[[2, 1], [1, 1]]",4,4,0.000811,20,0,0,0,0,0,0,True
11,5,2,"[3, 2]","[[0, 0, 1], [0, 1]]",1,2,1,1,PP,"[[1, 1, 1], [1, 1]]",5,6,0.0008165,20,0,0,0,0,0,0,True
11,5,2,"[3, 2]","[[0, 0, 1], [0, 1]]",1,2,1,2,PP,"[[2, 1], [2]]",3,2,0.000811,20,0,0,0,0,0,0,True
11,5,2,"[3, 2]","[[0, 0, 1], [0, 1]]",1,2,1,3,PP,"[[3], [2]]",2,1,0.0007815,20,0,0,0,0,0,0,True
11,5,2,"[3, 2]","[[0, 0, 1], [0, 1]]",1,2,1,5,PP,"[[3], [2]]",2,1,0.000781,20,0,0,0,0,0,0,True
11,5,2,"[3, 2]","[[0, 0, 1], [0, 1]]",1,2,2,1,PP,"[[1, 1, 1], [1, 1]]",5,6,0.000811,20,0,0,0,0,0,0,True
11,5,2,"[3, 2]","[[0, 0, 1], [0, 1]]",1,2,2,2,PP,"[[2, 1], [2]]",3,2,0.000821,20,0,0,0,0,4,4/5,True
11,5,2,"[3, 2]","[[0, 0, 1], [0, 1]]",1,2,2,3,PP,"[[3], [2]]",2,1,0.000791,20,0,0,0,0,6,6/5,True
11,5,2,"[3, 2]","[[0, 0, 1], [0, 1]]",1,2,2,5,PP,"[[3], [2]]",2,1,0.000791,20,0,0,0,0,8,8/5,True
11,5,2,"[3, 2]","[[0, 0, 1], [0, 1]]",1,2,3,1,PP,"[[1, 1, 1], [1, 1]]",5,6,0.000816,20,0,0,0,0,0,0,True
11,5,2,"[3, 2]","[[0, 0, 1], [0, 1]]",1,2,3,2,PP,"[[2, 1], [2]]",3,2,0.000826,20,0,0,0,0,12,12/5,True
11,5,2,"[3, 2]","[[0, 0, 1], [0, 1]]",1,2,3,3,PP,"[[3], [2]]",2,1,0.000811,20,0,0,0,0,18,18/5,True
11,5,2,"[3, 2]","[[0, 0, 1], [0, 1]]",1,2,3,5,PP,"[[3], [2]]",2,1,0.000831,20,0,0,0,0,24,24/5,True
12,5,2,"[3, 2]","[[0, 0, 1], [0, 2]]",1,2,0,1,PP,"[[1, 1, 1], [1, 1]]",5,6,0.0008265,20,0,0,0,0,0,0,True
12,5,2,"[3, 2]","[[0, 0, 1], [0, 2]]",1,2,0,2,PP,"[[2, 1], [1, 1]]",4,4,0.0008165,20,0,0,0,0,0,0,True
12,5,2,"[3, 2]","[[0, 0, 1], [0, 2]]",1,2,0,3,PP,"[[2, 1], [1, 1]]",4,4,0.000836,20,0,0,0,0,0,0,True
12,5,2,"[3, 2]","[[0, 0, 1], [0, 2]]",1,2,0,5,PP,"[[2, 1], [1, 1]]",4,4,0.000812,20,0,0,0,0,0,0,True
12,5,2,"[3, 2]","[[0, 0, 1], [0, 2]]",1,2,1,1,PP,"[[1, 1, 1], [1, 1]]",5,6,0.000811,20,0,0,0,0,0,0,True
12,5,2,"[3, 2]","[[0, 0, 1], [0, 2]]",1,2,1,2,PP,"[[2, 1], [1, 1]]",4,4,0.0008115,20,0,0,0,0,0,0,True
12,5,2,"[3, 2]","[[0, 0, 1], [0, 2]]",1,2,1,3,PP,"[[3], [1, 1]]",3,2,0.0008215,20,0,0,0,0,0,0,True
12,5,2,"[3, 2]","[[0, 0, 1], [0, 2]]",1,2,1,5,PP,"[[3], [1, 1]]",3,2,0.000786,20,0,0,0,0,0,0,True
12,5,2,"[3, 2]","[[0, 0, 1], [0, 2]]",1,2,2,1,PP,"[[1, 1, 1], [1, 1]]",5,6,0.0008165,20,0,0,0,0,0,0,True
12,5,2,"[3, 2]","[[0, 0, 1], [0, 2]]",1,2,2,2,PP,"[[2, 1], [2]]",3,2,0.000811,20,0,0,2,2/5,4,4/5,True
12,5,2,"[3, 2]","[[0, 0, 1], [0, 2]]",1,2,2,3,PP,"[[3], [2]]",2,1,0.000791,20,0,0,2,2/5,6,6/5,True
12,5,2,"[3, 2]","[[0, 0, 1], [0, 2]]",1,2,2,5,PP,"[[3], [2]]",2,1,0.0007915,20,0,0,2,2/5,8,8/5,True
12,5,2,"[3, 2]","[[0, 0, 1], [0, 2]]",1,2,3,1,PP,"[[1, 1, 1], [1, 1]]",5,6,0.0008265,20,0,0,0,0,0,0,True
12,5,2,"[3, 2]","[[0, 0, 1], [0, 2]]",1,2,3,2,PP,"[[2, 1], [2]]",3,2,0.0008115,20,0,0,2,2/5,12,12/5,True
12,5,2,"[3, 2]","[[0, 0, 1], [0, 2]]",1,2,3,3,PP,"[[3], [2]]",2,1,0.000806,20,0,0,2,2/5,18,18/5,True
12,5,2,"[3, 2]","[[0, 0, 1], [0, 2]]",1,2,3,5,PP,"[[3], [2]]",2,1,0.0008215,20,0,0,2,2/5,24,24/5,True
13,5,2,"[3, 2]","[[0, 0, 1], [0, 3]]",1,2,0,1,PP,"[[1, 1, 1], [1, 1]]",5,6,0.000866,20,0,0,0,0,0,0,True
13,5,2,"[3, 2]","[[0, 0, 1], [0, 3]]",1,2,0,2,PP,"[[2, 1], [1, 1]]",4,4,0.000821,20,0,0,0,0,0,0,True
13,5,2,"[3, 2]","[[0, 0, 1], [0, 3]]",1,2,0,3,PP,"[[2, 1], [1, 1]]",4,4,0.000842,20,0,0,0,0,0,0,True
13,5,2,"[3, 2]","[[0, 0, 1], [0, 3]]",1,2,0,5,PP,"[[2, 1], [1, 1]]",4,4,0.000821,20,0,0,0,0,0,0,True
13,5,2,"[3, 2]","[[0, 0, 1], [0, 3]]",1,2,1,1,PP,"[[1, 1, 1], [1, 1]]",5,6,0.000846,20,0,0,0,0,0,0,True
13,5,2,"[3, 2]","[[0, 0, 1], [0, 3]]",1,2,1,2,PP,"[[2, 1], [1, 1]]",4,4,0.0008315,20,0,0,0,0,0,0,True
13,5,2,"[3, 2]","[[0, 0, 1], [0, 3]]",1,2,1,3,PP,"[[3], [1, 1]]",3,2,0.000816,20,0,0,0,0,0,0,True
13,5,2,"[3, 2]","[[0, 0, 1], [0, 3]]",1,2,1,5,PP,"[[3], [1, 1]]",3,2,0.0008165,20,0,0,0,0,0,0,True
13,5,2,"[3, 2]","[[0, 0, 1], [0, 3]]",1,2,2,1,PP,"[[1, 1, 1], [1, 1]]",5,6,0.000826,20,0,0,0,0,0,0,True
13,5,2,"[3, 2]","[[0, 0, 1], [0, 3]]",1,2,2,2,PP,"[[2, 1], [1, 1]]",4,4,0.0007965,20,0,0,0,0,4,4/5,True
13,5,2,"[3, 2]","[[0, 0, 1], [0, 3]]",1,2,2,3,PP,"[[3], [1, 1]]",3,2,0.000816,20,0,0,0,0,6,6/5,True
13,5,2,"[3, 2]","[[0, 0, 1], [0, 3]]",1,2,2,5,PP,"[[3], [1, 1]]",3,2,0.000801,20,0,0,0,0,8,8/5,True
13,5,2,"[3, 2]","[[0, 0, 1], [0, 3]]",1,2,3,1,PP,"[[1, 1, 1], [1, 1]]",5,6,0.000811,20,0,0,0,0,0,0,True
13,5,2,"[3, 2]","[[0, 0, 1], [0, 3]]",1,2,3,2,PP,"[[2, 1], [2]]",3,2,0.0007965,20,0,0,6,6/5,12,12/5,True
13,5,2,"[3, 2]","[[0, 0, 1], [0, 3]]",1,2,3,3,PP,"[[3], [2]]",2,1,0.000796,20,0,0,6,6/5,18,18/5,True
13,5,2,"[3, 2]","[[0, 0, 1], [0, 3]]",1,2,3,5,PP,"[[3], [2]]",2,1,0.000801,20,0,0,6,6/5,24,24/5,True
14,5,2,"[3, 2]","[[0, 0, 1], [1, 1]]",1,2,0,1,PP,"[[1, 1, 1], [1, 1]]",5,6,0.0008115,20,0,0,0,0,0,0,True
14,5,2,"[3, 2]","[[0, 0, 1], [1, 1]]",1,2,0,2,PP,"[[2, 1], [2]]",3,2,0.0008215,20,0,0,0,0,0,0,True
14,5,2,"[3, 2]","[[0, 0, 1], [1, 1]]",1,2,0,3,PP,"[[2, 1], [2]]",3,2,0.0007915,20,0,0,0,0,0,0,True
14,5,2,"[3, 2]","[[0, 0, 1], [1, 1]]",1,2,0,5,PP,"[[2, 1], [2]]",3,2,0.000811,20,0,0,0,0,0,0,True
14,5,2,"[3, 2]","[[0, 0, 1], [1, 1]]",1,2,1,1,PP,"[[1, 1, 1], [1, 1]]",5,6,0.0008115,20,0,0,0,0,0,0,True
14,5,2,"[3, 2]","[[0, 0, 1], [1, 1]]",1,2,1,2,PP,"[[2, 1], [2]]",3,2,0.0007965,20,0,0,0,0,0,0,True
14,5,2,"[3, 2]","[[0, 0, 1], [1, 1]]",1,2,1,3,PP,"[[3], [2]]",2,1,0.000802,20,0,0,0,0,0,0,True
14,5,2,"[3, 2]","[[0, 0, 1], [1, 1]]",1,2,1,5,PP,"[[3], [2]]",2,1,0.000786,20,0,0,0,0,0,0,True
14,5,2,"[3, 2]","[[0, 0, 1], [1, 1]]",1,2,2,1,PP,"[[1, 1, 1], [1, 1]]",5,6,0.0008165,20,0,0,0,0,0,0,True
14,5,2,"[3, 2]","[[0, 0, 1], [1, 1]]",1,2,2,2,PP,"[[2, 1], [2]]",3,2,0.0008215,20,0,0,0,0,4,4/5,True
14,5,2,"[3, 2]","[[0, 0, 1], [1, 1]]",1,2,2,3,PP,"[[3], [2]]",2,1,0.000811,20,0,0,0,0,6,6/5,True
14,5,2,"[3, 2]","[[0, 0, 1], [1, 1]]",1,2,2,5,PP,"[[3], [2]]",2,1,0.0008215,20,0,0,0,0,8,8/5,True
14,5,2,"[3, 2]","[[0, 0, 1], [1, 1]]",1,2,3,1,PP,"[[1, 1, 1], [1, 1]]",5,6,0.000831,20,0,0,0,0,0,0,True
14,5,2,"[3, 2]","[[0, 0, 1], [1, 1]]",1,2,3,2,PP,"[[2, 1], [2]]",3,2,0.000831,20,0,0,0,0,12,12/5,True
14,5,2,"[3, 2]","[[0, 0, 1], [1, 1]]",1,2,3,3,PP,"[[3], [2]]",2,1,0.0008215,20,0,0,0,0,18,18/5,True
14,5,2,"[3, 2]","[[0, 0, 1], [1, 1]]",1,2,3,5,PP,"[[3], [2]]",2,1,0.000806,20,0,0,0,0,24,24/5,True
15,5,2,"[3, 2]","[[0, 0, 1], [1, 2]]",1,2,0,1,PP,"[[1, 1, 1], [1, 1]]",5,6,0.0008365,20,0,0,0,0,0,0,True
15,5,2,"[3, 2]","[[0, 0, 1], [1, 2]]",1,2,0,2,PP,"[[2, 1], [1, 1]]",4,4,0.000821,20,0,0,0,0,0,0,True
15,5,2,"[3, 2]","[[0, 0, 1], [1, 2]]",1,2,0,3,PP,"[[2, 1], [1, 1]]",4,4,0.000821,20,0,0,0,0,0,0,True
15,5,2,"[3, 2]","[[0, 0, 1], [1, 2]]",1,2,0,5,PP,"[[2, 1], [1, 1]]",4,4,0.0008065,20,0,0,0,0,0,0,True
15,5,2,"[3, 2]","[[0, 0, 1], [1, 2]]",1,2,1,1,PP,"[[1, 1, 1], [1, 1]]",5,6,0.000831,20,0,0,0,0,0,0,True
15,5,2,"[3, 2]","[[0, 0, 1], [1, 2]]",1,2,1,2,PP,"[[2, 1], [2]]",3,2,0.000881,20,0,0,0,0,0,0,True
15,5,2,"[3, 2]","[[0, 0, 1], [1, 2]]",1,2,1,3,PP,"[[3], [2]]",2,1,0.000887,20,0,0,0,0,0,0,True
15,5,2,"[3, 2]","[[0, 0, 1], [1, 2]]",1,2,1,5,PP,"[[3], [2]]",2,1,0.0008065,20,0,0,0,0,0,0,True
15,5,2,"[3, 2]","[[0, 0, 1], [1, 2]]",1,2,2,1,PP,"[[1, 1, 1], [1, 1]]",5,6,0.0009165,20,0,0,0,0,0,0,True
15,5,2,"[3, 2]","[[0, 0, 1], [1, 2]]",1,2,2,2,PP,"[[2, 1], [2]]",3,2,0.000887,20,0,0,0,0,4,4/5,True
15,5,2,"[3, 2]","[[0, 0, 1], [1, 2]]",1,2,2,3,PP,"[[3], [2]]",2,1,0.0008115,20,0,0,0,0,6,6/5,True
15,5,2,"[3, 2]","[[0, 0, 1], [1, 2]]",1,2,2,5,PP,"[[3], [2]]",2,1,0.000801,20,0,0,0,0,8,8/5,True
15,5,2,"[3, 2]","[[0, 0, 1], [1, 2]]",1,2,3,1,PP,"[[1, 1, 1], [1, 1]]",5,6,0.000816,20,0,0,0,0,0,0,True
15,5,2,"[3, 2]","[[0, 0, 1], [1, 2]]",1,2,3,2,PP,"[[2, 1], [2]]",3,2,0.0008015,20,0,0,0,0,12,12/5,True
15,5,2,"[3, 2]","[[0, 0, 1], [1, 2]]",1,2,3,3,PP,"[[3], [2]]",2,1,0.000801,20,0,0,0,0,18,18/5,True
15,5,2,"[3, 2]","[[0, 0, 1], [1, 2]]",1,2,3,5,PP,"[[3], [2]]",2,1,0.0008015,20,0,0,0,0,24,24/5,True
16,5,2,"[3, 2]","[[0, 0, 1], [1, 3]]",1,2,0,1,PP,"[[1, 1, 1], [1, 1]]",5,6,0.000911,20,0,0,0,0,0,0,True
16,5,2,"[3, 2]","[[0, 0, 1], [1, 3]]",1,2,0,2,PP,"[[2, 1], [1, 1]]",4,4,0.0008765,20,0,0,0,0,0,0,True
16,5,2,"[3, 2]","[[0, 0, 1], [1, 3]]",1,2,0,3,PP,"[[2, 1], [1, 1]]",4,4,0.0008265,20,0,0,0,0,0,0,True
16,5,2,"[3, 2]","[[0, 0, 1], [1, 3]]",1,2,0,5,PP,"[[2, 1], [1, 1]]",4,4,0.000806,20,0,0,0,0,0,0,True
16,5,2,"[3, 2]","[[0, 0, 1], [1, 3]]",1,2,1,1,PP,"[[1, 1, 1], [1, 1]]",5,6,0.0008365,20,0,0,0,0,0,0,True
16,5,2,"[3, 2]","[[0, 0, 1], [1, 3]]",1,2,1,2,PP,"[[2, 1], [1, 1]]",4,4,0.0008165,20,0,0,0,0,0,0,True
16,5,2,"[3, 2]","[[0, 0, 1], [1, 3]]",1,2,1,3,PP,"[[3], [1, 1]]",3,2,0.000821,20,0,0,0,0,0,0,True
16,5,2,"[3, 2]","[[0, 0, 1], [1, 3]]",1,2,1,5,PP,"[[3], [1, 1]]",3,2,0.000826,20,0,0,0,0,0,0,True
16,5,2,"[3, 2]","[[0, 0, 1], [1, 3]]",1,2,2,1,PP,"[[1, 1, 1], [1, 1]]",5,6,0.000826,20,0,0,0,0,0,0,True
16,5,2,"[3, 2]","[[0, 0, 1], [1, 3]]",1,2,2,2,PP,"[[2, 1], [2]]",3,2,0.0008365,20,0,0,2,2/5,4,4/5,True
16,5,2,"[3, 2]","[[0, 0, 1], [1, 3]]",1,2,2,3,PP,"[[3], [2]]",2,1,0.000831,20,0,0,2,2/5,6,6/5,True
16,5,2,"[3, 2]","[[0, 0, 1], [1, 3]]",1,2,2,5,PP,"[[3], [2]]",2,1,0.000831,20,0,0,2,2/5,8,8/5,True
16,5,2,"[3, 2]","[[0, 0, 1], [1, 3]]",1,2,3,1,PP,"[[1, 1, 1], [1, 1]]",5,6,0.000826,20,0,0,0,0,0,0,True
16,5,2,"[3, 2]","[[0, 0, 1], [1, 3]]",1,2,3,2,PP,"[[2, 1], [2]]",3,2,0.000826,20,0,0,2,2/5,12,12/5,True
16,5,2,"[3, 2]","[[0, 0, 1], [1, 3]]",1,2,3,3,PP,"[[3], [2]]",2,1,0.000816,20,0,0,2,2/5,18,18/5,True
16,5,2,"[3, 2]","[[0, 0, 1], [1, 3]]",1,2,3,5,PP,"[[3], [2]]",2,1,0.000756,20,0,0,2,2/5,24,24/5,True
17,5,2,"[3, 2]","[[0, 0, 1], [2, 2]]",1,2,0,1,PP,"[[1, 1, 1], [1, 1]]",5,6,0.0007015,20,0,0,0,0,0,0,True
17,5,2,"[3, 2]","[[0, 0, 1], [2, 2]]",1,2,0,2,PP,"[[2, 1], [2]]",3,2,0.000716,20,0,0,0,0,0,0,True
17,5,2,"[3, 2]","[[0, 0, 1], [2, 2]]",1,2,0,3,PP,"[[2, 1], [2]]",3,2,0.000721,20,0,0,0,0,0,0,True
17,5,2,"[3, 2]","[[0, 0, 1], [2, 2]]",1,2,0,5,PP,"[[2, 1], [2]]",3,2,0.000721,20,0,0,0,0,0,0,True
17,5,2,"[3, 2]","[[0, 0, 1], [2, 2]]",1,2,1,1,PP,"[[1, 1, 1], [1, 1]]",5,6,0.0007415,20,0,0,0,0,0,0,True
17,5,2,"[3, 2]","[[0, 0, 1], [2, 2]]",1,2,1,2,PP,"[[2, 1], [2]]",3,2,0.000736,20,0,0,0,0,0,0,True
17,5,2,"[3, 2]","[[0, 0, 1], [2, 2]]",1,2,1,3,PP,"[[3], [2]]",2,1,0.000721,20,0,0,0,0,0,0,True
17,5,2,"[3, 2]","[[0, 0, 1], [2, 2]]",1,2,1,5,PP,"[[3], [2]]",2,1,0.000726,20,0,0,0,0,0,0,True
17,5,2,"[3, 2]","[[0, 0, 1], [2, 2]]",1,2,2,1,PP,"[[1, 1, 1], [1, 1]]",5,6,0.000736,20,0,0,0,0,0,0,True
17,5,2,"[3, 2]","[[0, 0, 1], [2, 2]]",1,2,2,2,PP,"[[2, 1], [2]]",3,2,0.000746,20,0,0,0,0,4,4/5,True
17,5,2,"[3, 2]","[[0, 0, 1], [2, 2]]",1,2,2,3,PP,"[[3], [2]]",2,1,0.000736,20,0,0,0,0,6,6/5,True
17,5,2,"[3, 2]","[[0, 0, 1], [2, 2]]",1,2,2,5,PP,"[[3], [2]]",2,1,0.000721,20,0,0,0,0,8,8/5,True
17,5,2,"[3, 2]","[[0, 0, 1], [2, 2]]",1,2,3,1,PP,"[[1, 1, 1], [1, 1]]",5,6,0.000741,20,0,0,0,0,0,0,True
17,5,2,"[3, 2]","[[0, 0, 1], [2, 2]]",1,2,3,2,PP,"[[2, 1], [2]]",3,2,0.000746,20,0,0,0,0,12,12/5,True
17,5,2,"[3, 2]","[[0, 0, 1], [2, 2]]",1,2,3,3,PP,"[[3], [2]]",2,1,0.0007365,20,0,0,0,0,18,18/5,True
17,5,2,"[3, 2]","[[0, 0, 1], [2, 2]]",1,2,3,5,PP,"[[3], [2]]",2,1,0.000741,20,0,0,0,0,24,24/5,True
18,5,2,"[3, 2]","[[0, 0, 1], [2, 3]]",1,2,0,1,PP,"[[1, 1, 1], [1, 1]]",5,6,0.000746,20,0,0,0,0,0,0,True
18,5,2,"[3, 2]","[[0, 0, 1], [2, 3]]",1,2,0,2,PP,"[[2, 1], [1, 1]]",4,4,0.000741,20,0,0,0,0,0,0,True
18,5,2,"[3, 2]","[[0, 0, 1], [2, 3]]",1,2,0,3,PP,"[[2, 1], [1, 1]]",4,4,0.000721,20,0,0,0,0,0,0,True
18,5,2,"[3, 2]","[[0, 0, 1], [2, 3]]",1,2,0,5,PP,"[[2, 1], [1, 1]]",4,4,0.000726,20,0,0,0,0,0,0,True
18,5,2,"[3, 2]","[[0, 0, 1], [2, 3]]",1,2,1,1,PP,"[[1, 1, 1], [1, 1]]",5,6,0.000751,20,0,0,0,0,0,0,True
18,5,2,"[3, 2]","[[0, 0, 1], [2, 3]]",1,2,1,2,PP,"[[2, 1], [2]]",3,2,0.000731,20,0,0,0,0,0,0,True
18,5,2,"[3, 2]","[[0, 0, 1], [2, 3]]",1,2,1,3,PP,"[[3], [2]]",2,1,0.000721,20,0,0,0,0,0,0,True
18,5,2,"[3, 2]","[[0, 0, 1], [2, 3]]",1,2,1,5,PP,"[[3], [2]]",2,1,0.000721,20,0,0,0,0,0,0,True
18,5,2,"[3, 2]","[[0, 0, 1], [2, 3]]",1,2,2,1,PP,"[[1, 1, 1], [1, 1]]",5,6,0.000731,20,0,0,0,0,0,0,True
18,5,2,"[3, 2]","[[0, 0, 1], [2, 3]]",1,2,2,2,PP,"[[2, 1], [2]]",3,2,0.000731,20,0,0,0,0,4,4/5,True
18,5,2,"[3, 2]","[[0, 0, 1], [2, 3]]",1,2,2,3,PP,"[[3], [2]]",2,1,0.000706,20,0,0,0,0,6,6/5,True
18,5,2,"[3, 2]","[[0, 0, 1], [2, 3]]",1,2,2,5,PP,"[[3], [2]]",2,1,0.000731,20,0,0,0,0,8,8/5,True
18,5,2,"[3, 2]","[[0, 0, 1], [2, 3]]",1,2,3,1,PP,"[[1, 1, 1], [1, 1]]",5,6,0.000766,20,0,0,0,0,0,0,True
18,5,2,"[3, 2]","[[0, 0, 1], [2, 3]]",1,2,3,2,PP,"[[2, 1], [2]]",3,2,0.000751,20,0,0,0,0,12,12/5,True
18,5,2,"[3, 2]","[[0, 0, 1], [2, 3]]",1,2,3,3,PP,"[[3], [2]]",2,1,0.000731,20,0,0,0,0,18,18/5,True
18,5,2,"[3, 2]","[[0, 0, 1], [2, 3]]",1,2,3,5,PP,"[[3], [2]]",2,1,0.000736,20,0,0,0,0,24,24/5,True
19,5,2,"[3, 2]","[[0, 0, 1], [3, 3]]",1,2,0,1,PP,"[[1, 1, 1], [1, 1]]",5,6,0.0007715,20,0,0,0,0,0,0,True
19,5,2,"[3, 2]","[[0, 0, 1], [3, 3]]",1,2,0,2,PP,"[[2, 1], [2]]",3,2,0.0007515,20,0,0,0,0,0,0,True
19,5,2,"[3, 2]","[[0, 0, 1], [3, 3]]",1,2,0,3,PP,"[[2, 1], [2]]",3,2,0.000721,20,0,0,0,0,0,0,True
19,5,2,"[3, 2]","[[0, 0, 1], [3, 3]]",1,2,0,5,PP,"[[2, 1], [2]]",3,2,0.000741,20,0,0,0,0,0,0,True
19,5,2,"[3, 2]","[[0, 0, 1], [3, 3]]",1,2,1,1,PP,"[[1, 1, 1], [1, 1]]",5,6,0.000741,20,0,0,0,0,0,0,True
19,5,2,"[3, 2]","[[0, 0, 1], [3, 3]]",1,2,1,2,PP,"[[2, 1], [2]]",3,2,0.000751,20,0,0,0,0,0,0,True
19,5,2,"[3, 2]","[[0, 0, 1], [3, 3]]",1,2,1,3,PP,"[[3], [2]]",2,1,0.000741,20,0,0,0,0,0,0,True
19,5,2,"[3, 2]","[[0, 0, 1], [3, 3]]",1,2,1,5,PP,"[[3], [2]]",2,1,0.000721,20,0,0,0,0,0,0,True
19,5,2,"[3, 2]","[[0, 0, 1], [3, 3]]",1,2,2,1,PP,"[[1, 1, 1], [1, 1]]",5,6,0.000771,20,0,0,0,0,0,0,True
19,5,2,"[3, 2]","[[0, 0, 1], [3, 3]]",1,2,2,2,PP,"[[2, 1], [2]]",3,2,0.000756,20,0,0,0,0,4,4/5,True
19,5,2,"[3, 2]","[[0, 0, 1], [3, 3]]",1,2,2,3,PP,"[[3], [2]]",2,1,0.000731,20,0,0,0,0,6,6/5,True
19,5,2,"[3, 2]","[[0, 0, 1], [3, 3]]",1,2,2,5,PP,"[[3], [2]]",2,1,0.000721,20,0,0,0,0,8,8/5,True
19,5,2,"[3, 2]","[[0, 0, 1], [3, 3]]",1,2,3,1,PP,"[[1, 1, 1], [1, 1]]",5,6,0.000751,20,0,0,0,0,0,0,True
19,5,2,"[3, 2]","[[0, 0, 1], [3, 3]]",1,2,3,2,PP,"[[2, 1], [2]]",3,2,0.0007565,20,0,0,0,0,12,12/5,True
19,5,2,"[3, 2]","[[0, 0, 1], [3, 3]]",1,2,3,3,PP,"[[3], [2]]",2,1,0.0007365,20,0,0,0,0,18,18/5,True
19,5,2,"[3, 2]","[[0, 0, 1], [3, 3]]",1,2,3,5,PP,"[[3], [2]]",2,1,0.0007365,20,0,0,0,0,24,24/5,True
20,5,2,"[3, 2]","[[0, 0, 2], [0, 0]]",1,2,0,1,PP,"[[1, 1, 1], [1, 1]]",5,6,0.000731,20,0,0,0,0,0,0,True
20,5,2,"[3, 2]","[[0, 0, 2], [0, 0]]",1,2,0,2,PP,"[[2, 1], [2]]",3,2,0.0007465,20,0,0,0,0,0,0,True
20,5,2,"[3, 2]","[[0, 0, 2], [0, 0]]",1,2,0,3,PP,"[[2, 1], [2]]",3,2,0.000736,20,0,0,0,0,0,0,True
20,5,2,"[3, 2]","[[0, 0, 2], [0, 0]]",1,2,0,5,PP,"[[2, 1], [2]]",3,2,0.000731,20,0,0,0,0,0,0,True
20,5,2,"[3, 2]","[[0, 0, 2], [0, 0]]",1,2,1,1,PP,"[[1, 1, 1], [1, 1]]",5,6,0.000741,20,0,0,0,0,0,0,True
20,5,2,"[3, 2]","[[0, 0, 2], [0, 0]]",1,2,1,2,PP,"[[2, 1], [2]]",3,2,0.000741,20,0,0,0,0,0,0,True
20,5,2,"[3, 2]","[[0, 0, 2], [0, 0]]",1,2,1,3,PP,"[[2, 1], [2]]",3,2,0.000736,20,0,0,0,0,0,0,True
20,5,2,"[3, 2]","[[0, 0, 2], [0, 0]]",1,2,1,5,PP,"[[2, 1], [2]]",3,2,0.0007315,20,0,0,0,0,0,0,True
20,5,2,"[3, 2]","[[0, 0, 2], [0, 0]]",1,2,2,1,PP,"[[1, 1, 1], [1, 1]]",5,6,0.0007665,20,0,0,0,0,0,0,True
20,5,2,"[3, 2]","[[0, 0, 2], [0, 0]]",1,2,2,2,PP,"[[2, 1], [2]]",3,2,0.000741,20,0,0,0,0,4,4/5,True
20,5,2,"[3, 2]","[[0, 0, 2], [0, 0]]",1,2,2,3,PP,"[[3], [2]]",2,1,0.0007765,20,0,0,1,1/5,6,6/5,True
20,5,2,"[3, 2]","[[0, 0, 2], [0, 0]]",1,2,2,5,PP,"[[3], [2]]",2,1,0.000741,20,0,0,1,1/5,8,8/5,True
20,5,2,"[3, 2]","[[0, 0, 2], [0, 0]]",1,2,3,1,PP,"[[1, 1, 1], [1, 1]]",5,6,0.000771,20,0,0,0,0,0,0,True
20,5,2,"[3, 2]","[[0, 0, 2], [0, 0]]",1,2,3,2,PP,"[[2, 1], [2]]",3,2,0.000771,20,0,0,0,0,12,12/5,True
20,5,2,"[3, 2]","[[0, 0, 2], [0, 0]]",1,2,3,3,PP,"[[3], [2]]",2,1,0.000776,20,0,0,1,1/5,18,18/5,True
20,5,2,"[3, 2]","[[0, 0, 2], [0, 0]]",1,2,3,5,PP,"[[3], [2]]",2,1,0.000736,20,0,0,1,1/5,24,24/5,True
21,5,2,"[3, 2]","[[0, 0, 2], [0, 1]]",1,2,0,1,PP,"[[1, 1, 1], [1, 1]]",5,6,0.000761,20,0,0,0,0,0,0,True
21,5,2,"[3, 2]","[[0, 0, 2], [0, 1]]",1,2,0,2,PP,"[[2, 1], [1, 1]]",4,4,0.000771,20,0,0,0,0,0,0,True
21,5,2,"[3, 2]","[[0, 0, 2], [0, 1]]",1,2,0,3,PP,"[[2, 1], [1, 1]]",4,4,0.000731,20,0,0,0,0,0,0,True
21,5,2,"[3, 2]","[[0, 0, 2], [0, 1]]",1,2,0,5,PP,"[[2, 1], [1, 1]]",4,4,0.000741,20,0,0,0,0,0,0,True
21,5,2,"[3, 2]","[[0, 0, 2], [0, 1]]",1,2,1,1,PP,"[[1, 1, 1], [1, 1]]",5,6,0.000821,20,0,0,0,0,0,0,True
21,5,2,"[3, 2]","[[0, 0, 2], [0, 1]]",1,2,1,2,PP,"[[2, 1], [2]]",3,2,0.000751,20,0,0,0,0,0,0,True
21,5,2,"[3, 2]","[[0, 0, 2], [0, 1]]",1,2,1,3,PP,"[[2, 1], [2]]",3,2,0.000736,20,0,0,0,0,0,0,True
21,5,2,"[3, 2]","[[0, 0, 2], [0, 1]]",1,2,1,5,PP,"[[2, 1], [2]]",3,2,0.000741,20,0,0,0,0,0,0,True
21,5,2,"[3, 2]","[[0, 0, 2], [0, 1]]",1,2,2,1,PP,"[[1, 1, 1], [1, 1]]",5,6,0.000742,20,0,0,0,0,0,0,True
21,5,2,"[3, 2]","[[0, 0, 2], [0, 1]]",1,2,2,2,PP,"[[2, 1], [2]]",3,2,0.0007365,20,0,0,0,0,4,4/5,True
21,5,2,"[3, 2]","[[0, 0, 2], [0, 1]]",1,2,2,3,PP,"[[3], [2]]",2,1,0.000736,20,0,0,1,1/5,6,6/5,True
21,5,2,"[3, 2]","[[0, 0, 2], [0, 1]]",1,2,2,5,PP,"[[3], [2]]",2,1,0.000776,20,0,0,1,1/5,8,8/5,True
21,5,2,"[3, 2]","[[0, 0, 2], [0, 1]]",1,2,3,1,PP,"[[1, 1, 1], [1, 1]]",5,6,0.0007415,20,0,0,0,0,0,0,True
21,5,2,"[3, 2]","[[0, 0, 2], [0, 1]]",1,2,3,2,PP,"[[2, 1], [2]]",3,2,0.000756,20,0,0,0,0,12,12/5,True
21,5,2,"[3, 2]","[[0, 0, 2], [0, 1]]",1,2,3,3,PP,"[[3], [2]]",2,1,0.000736,20,0,0,1,1/5,18,18/5,True
21,5,2,"[3, 2]","[[0, 0, 2], [0, 1]]",1,2,3,5,PP,"[[3], [2]]",2,1,0.0007965,20,0,0,1,1/5,24,24/5,True
22,5,2,"[3, 2]","[[0, 0, 2], [0, 2]]",1,2,0,1,PP,"[[1, 1, 1], [1, 1]]",5,6,0.000806,20,0,0,0,0,0,0,True
22,5,2,"[3, 2]","[[0, 0, 2], [0, 2]]",1,2,0,2,PP,"[[2, 1], [1, 1]]",4,4,0.0008015,20,0,0,0,0,0,0,True
22,5,2,"[3, 2]","[[0, 0, 2], [0, 2]]",1,2,0,3,PP,"[[2, 1], [1, 1]]",4,4,0.0007915,20,0,0,0,0,0,0,True
22,5,2,"[3, 2]","[[0, 0, 2], [0, 2]]",1,2,0,5,PP,"[[2, 1], [1, 1]]",4,4,0.000791,20,0,0,0,0,0,0,True
22,5,2,"[3, 2]","[[0, 0, 2], [0, 2]]",1,2,1,1,PP,"[[1, 1, 1], [1, 1]]",5,6,0.0008265,20,0,0,0,0,0,0,True
22,5,2,"[3, 2]","[[0, 0, 2], [0, 2]]",1,2,1,2,PP,"[[2, 1], [1, 1]]",4,4,0.000812,20,0,0,0,0,0,0,True
22,5,2,"[3, 2]","[[0, 0, 2], [0, 2]]",1,2,1,3,PP,"[[2, 1], [1, 1]]",4,4,0.000806,20,0,0,0,0,0,0,True
22,5,2,"[3, 2]","[[0, 0, 2], [0, 2]]",1,2,1,5,PP,"[[2, 1], [1, 1]]",4,4,0.000811,20,0,0,0,0,0,0,True
22,5,2,"[3, 2]","[[0, 0, 2], [0, 2]]",1,2,2,1,PP,"[[1, 1, 1], [1, 1]]",5,6,0.000832,20,0,0,0,0,0,0,True
22,5,2,"[3, 2]","[[0, 0, 2], [0, 2]]",1,2,2,2,PP,"[[2, 1], [2]]",3,2,0.000811,20,0,0,2,2/5,4,4/5,True
22,5,2,"[3, 2]","[[0, 0, 2], [0, 2]]",1,2,2,3,PP,"[[3], [2]]",2,1,0.000801,20,0,0,3,3/5,6,6/5,True
22,5,2,"[3, 2]","[[0, 0, 2], [0, 2]]",1,2,2,5,PP,"[[3], [2]]",2,1,0.000811,20,0,0,3,3/5,8,8/5,True
22,5,2,"[3, 2]","[[0, 0, 2], [0, 2]]",1,2,3,1,PP,"[[1, 1, 1], [1, 1]]",5,6,0.000811,20,0,0,0,0,0,0,True
22,5,2,"[3, 2]","[[0, 0, 2], [0, 2]]",1,2,3,2,PP,"[[2, 1], [2]]",3,2,0.000826,20,0,0,2,2/5,12,12/5,True
22,5,2,"[3, 2]","[[0, 0, 2], [0, 2]]",1,2,3,3,PP,"[[3], [2]]",2,1,0.000811,20,0,0,3,3/5,18,18/5,True
22,5,2,"[3, 2]","[[0, 0, 2], [0, 2]]",1,2,3,5,PP,"[[3], [2]]",2,1,0.000811,20,0,0,3,3/5,24,24/5,True
23,5,2,"[3, 2]","[[0, 0, 2], [0, 3]]",1,2,0,1,PP,"[[1, 1, 1], [1, 1]]",5,6,0.0008265,20,0,0,0,0,0,0,True
23,5,2,"[3, 2]","[[0, 0, 2], [0, 3]]",1,2,0,2,PP,"[[2, 1], [1, 1]]",4,4,0.000811,20,0,0,0,0,0,0,True
23,5,2,"[3, 2]","[[0, 0, 2], [0, 3]]",1,2,0,3,PP,"[[2, 1], [1, 1]]",4,4,0.000831,20,0,0,0,0,0,0,True
23,5,2,"[3, 2]","[[0, 0, 2], [0, 3]]",1,2,0,5,PP,"[[2, 1], [1, 1]]",4,4,0.000791,20,0,0,0,0,0,0,True
23,5,2,"[3, 2]","[[0, 0, 2], [0, 3]]",1,2,1,1,PP,"[[1, 1, 1], [1, 1]]",5,6,0.0008065,20,0,0,0,0,0,0,True
23,5,2,"[3, 2]","[[0, 0, 2], [0, 3]]",1,2,1,2,PP,"[[2, 1], [1, 1]]",4,4,0.000781,20,0,0,0,0,0,0,True
23,5,2,"[3, 2]","[[0, 0, 2], [0, 3]]",1,2,1,3,PP,"[[2, 1], [1, 1]]",4,4,0.0008115,20,0,0,0,0,0,0,True
23,5,2,"[3, 2]","[[0, 0, 2], [0, 3]]",1,2,1,5,PP,"[[2, 1], [1, 1]]",4,4,0.0007915,20,0,0,0,0,0,0,True
23,5,2,"[3, 2]","[[0, 0, 2], [0, 3]]",1,2,2,1,PP,"[[1, 1, 1], [1, 1]]",5,6,0.000821,20,0,0,0,0,0,0,True
23,5,2,"[3, 2]","[[0, 0, 2], [0, 3]]",1,2,2,2,PP,"[[2, 1], [1, 1]]",4,4,0.000811,20,0,0,0,0,4,4/5,True
23,5,2,"[3, 2]","[[0, 0, 2], [0, 3]]",1,2,2,3,PP,"[[3], [1, 1]]",3,2,0.000786,20,0,0,1,1/5,6,6/5,True
23,5,2,"[3, 2]","[[0, 0, 2], [0, 3]]",1,2,2,5,PP,"[[3], [1, 1]]",3,2,0.000721,20,0,0,1,1/5,8,8/5,True
23,5,2,"[3, 2]","[[0, 0, 2], [0, 3]]",1,2,3,1,PP,"[[1, 1, 1], [1, 1]]",5,6,0.000741,20,0,0,0,0,0,0,True
23,5,2,"[3, 2]","[[0, 0, 2], [0, 3]]",1,2,3,2,PP,"[[2, 1], [2]]",3,2,0.000751,20,0,0,6,6/5,12,12/5,True
23,5,2,"[3, 2]","[[0, 0, 2], [0, 3]]",1,2,3,3,PP,"[[3], [2]]",2,1,0.000801,20,0,0,7,7/5,18,18/5,True
23,5,2,"[3, 2]","[[0, 0, 2], [0, 3]]",1,2,3,5,PP,"[[3], [2]]",2,1,0.000796,20,0,0,7,7/5,24,24/5,True
24,5,2,"[3, 2]","[[0, 0, 2], [1, 1]]",1,2,0,1,PP,"[[1, 1, 1], [1, 1]]",5,6,0.000821,20,0,0,0,0,0,0,True
24,5,2,"[3, 2]","[[0, 0, 2], [1, 1]]",1,2,0,2,PP,"[[2, 1], [2]]",3,2,0.000821,20,0,0,0,0,0,0,True
24,5,2,"[3, 2]","[[0, 0, 2], [1, 1]]",1,2,0,3,PP,"[[2, 1], [2]]",3,2,0.0008215,20,0,0,0,0,0,0,True
24,5,2,"[3, 2]","[[0, 0, 2], [1, 1]]",1,2,0,5,PP,"[[2, 1], [2]]",3,2,0.000816,20,0,0,0,0,0,0,True
24,5,2,"[3, 2]","[[0, 0, 2], [1, 1]]",1,2,1,1,PP,"[[1, 1, 1], [1, 1]]",5,6,0.000806,20,0,0,0,0,0,0,True
24,5,2,"[3, 2]","[[0, 0, 2], [1, 1]]",1,2,1,2,PP,"[[2, 1], [2]]",3,2,0.0007865,20,0,0,0,0,0,0,True
24,5,2,"[3, 2]","[[0, 0, 2], [1, 1]]",1,2,1,3,PP,"[[2, 1], [2]]",3,2,0.000806,20,0,0,0,0,0,0,True
24,5,2,"[3, 2]","[[0, 0, 2], [1, 1]]",1,2,1,5,PP,"[[2, 1], [2]]",3,2,0.000786,20,0,0,0,0,0,0,True
24,5,2,"[3, 2]","[[0, 0, 2], [1, 1]]",1,2,2,1,PP,"[[1, 1, 1], [1, 1]]",5,6,0.000791,20,0,0,0,0,0,0,True
24,5,2,"[3, 2]","[[0, 0, 2], [1, 1]]",1,2,2,2,PP,"[[2, 1], [2]]",3,2,0.0008165,20,0,0,0,0,4,4/5,True
24,5,2,"[3, 2]","[[0, 0, 2], [1, 1]]",1,2,2,3,PP,"[[3], [2]]",2,1,0.000831,20,0,0,1,1/5,6,6/5,True
24,5,2,"[3, 2]","[[0, 0, 2], [1, 1]]",1,2,2,5,PP,"[[3], [2]]",2,1,0.0008165,20,0,0,1,1/5,8,8/5,True
24,5,2,"[3, 2]","[[0, 0, 2], [1, 1]]",1,2,3,1,PP,"[[1, 1, 1], [1, 1]]",5,6,0.000821,20,0,0,0,0,0,0,True
24,5,2,"[3, 2]","[[0, 0, 2], [1, 1]]",1,2,3,2,PP,"[[2, 1], [2]]",3,2,0.000831,20,0,0,0,0,12,12/5,True
24,5,2,"[3, 2]","[[0, 0, 2], [1, 1]]",1,2,3,3,PP,"[[3], [2]]",2,1,0.0008115,20,0,0,1,1/5,18,18/5,True
24,5,2,"[3, 2]","[[0, 0, 2], [1, 1]]",1,2,3,5,PP,"[[3], [2]]",2,1,0.0007965,20,0,0,1,1/5,24,24/5,True
25,5,2,"[3, 2]","[[0, 0, 2], [1, 2]]",1,2,0,1,PP,"[[1, 1, 1], [1, 1]]",5,6,0.0008215,20,0,0,0,0,0,0,True
25,5,2,"[3, 2]","[[0, 0, 2], [1, 2]]",1,2,0,2,PP,"[[2, 1], [1, 1]]",4,4,0.0008065,20,0,0,0,0,0,0,True
25,5,2,"[3, 2]","[[0, 0, 2], [1, 2]]",1,2,0,3,PP,"[[2, 1], [1, 1]]",4,4,0.000806,20,0,0,0,0,0,0,True
25,5,2,"[3, 2]","[[0, 0, 2], [1, 2]]",1,2,0,5,PP,"[[2, 1], [1, 1]]",4,4,0.000811,20,0,0,0,0,0,0,True
25,5,2,"[3, 2]","[[0, 0, 2], [1, 2]]",1,2,1,1,PP,"[[1, 1, 1], [1, 1]]",5,6,0.000831,20,0,0,0,0,0,0,True
25,5,2,"[3, 2]","[[0, 0, 2], [1, 2]]",1,2,1,2,PP,"[[2, 1], [2]]",3,2,0.000811,20,0,0,0,0,0,0,True
25,5,2,"[3, 2]","[[0, 0, 2], [1, 2]]",1,2,1,3,PP,"[[2, 1], [2]]",3,2,0.000811,20,0,0,0,0,0,0,True
25,5,2,"[3, 2]","[[0, 0, 2], [1, 2]]",1,2,1,5,PP,"[[2, 1], [2]]",3,2,0.0008265,20,0,0,0,0,0,0,True
25,5,2,"[3, 2]","[[0, 0, 2], [1, 2]]",1,2,2,1,PP,"[[1, 1, 1], [1, 1]]",5,6,0.000831,20,0,0,0,0,0,0,True
25,5,2,"[3, 2]","[[0, 0, 2], [1, 2]]",1,2,2,2,PP,"[[2, 1], [2]]",3,2,0.000831,20,0,0,0,0,4,4/5,True
25,5,2,"[3, 2]","[[0, 0, 2], [1, 2]]",1,2,2,3,PP,"[[3], [2]]",2,1,0.000846,20,0,0,1,1/5,6,6/5,True
25,5,2,"[3, 2]","[[0, 0, 2], [1, 2]]",1,2,2,5,PP,"[[3], [2]]",2,1,0.000791,20,0,0,1,1/5,8,8/5,True
25,5,2,"[3, 2]","[[0, 0, 2], [1, 2]]",1,2,3,1,PP,"[[1, 1, 1], [1, 1]]",5,6,0.000811,20,0,0,0,0,0,0,True
25,5,2,"[3, 2]","[[0, 0, 2], [1, 2]]",1,2,3,2,PP,"[[2, 1], [2]]",3,2,0.000816,20,0,0,0,0,12,12/5,True
25,5,2,"[3, 2]","[[0, 0, 2], [1, 2]]",1,2,3,3,PP,"[[3], [2]]",2,1,0.000796,20,0,0,1,1/5,18,18/5,True
25,5,2,"[3, 2]","[[0, 0, 2], [1, 2]]",1,2,3,5,PP,"[[3], [2]]",2,1,0.000801,20,0,0,1,1/5,24,24/5,True
26,5,2,"[3, 2]","[[0, 0, 2], [1, 3]]",1,2,0,1,PP,"[[1, 1, 1], [1, 1]]",5,6,0.000811,20,0,0,0,0,0,0,True
26,5,2,"[3, 2]","[[0, 0, 2], [1, 3]]",1,2,0,2,PP,"[[2, 1], [1, 1]]",4,4,0.000801,20,0,0,0,0,0,0,True
26,5,2,"[3, 2]","[[0, 0, 2], [1, 3]]",1,2,0,3,PP,"[[2, 1], [1, 1]]",4,4,0.000801,20,0,0,0,0,0,0,True
26,5,2,"[3, 2]","[[0, 0, 2], [1, 3]]",1,2,0,5,PP,"[[2, 1], [1, 1]]",4,4,0.0008115,20,0,0,0,0,0,0,True
26,5,2,"[3, 2]","[[0, 0, 2], [1, 3]]",1,2,1,1,PP,"[[1, 1, 1], [1, 1]]",5,6,0.0008015,20,0,0,0,0,0,0,True
26,5,2,"[3, 2]","[[0, 0, 2], [1, 3]]",1,2,1,2,PP,"[[2, 1], [1, 1]]",4,4,0.000801,20,0,0,0,0,0,0,True
26,5,2,"[3, 2]","[[0, 0, 2], [1, 3]]",1,2,1,3,PP,"[[2, 1], [1, 1]]",4,4,0.000811,20,0,0,0,0,0,0,True
26,5,2,"[3, 2]","[[0, 0, 2], [1, 3]]",1,2,1,5,PP,"[[2, 1], [1, 1]]",4,4,0.0007915,20,0,0,0,0,0,0,True
26,5,2,"[3, 2]","[[0, 0, 2], [1, 3]]",1,2,2,1,PP,"[[1, 1, 1], [1, 1]]",5,6,0.0008415,20,0,0,0,0,0,0,True
26,5,2,"[3, 2]","[[0, 0, 2], [1, 3]]",1,2,2,2,PP,"[[2, 1], [2]]",3,2,0.000831,20,0,0,2,2/5,4,4/5,True
26,5,2,"[3, 2]","[[0, 0, 2], [1, 3]]",1,2,2,3,PP,"[[3], [2]]",2,1,0.000811,20,0,0,3,3/5,6,6/5,True
26,5,2,"[3, 2]","[[0, 0, 2], [1, 3]]",1,2,2,5,PP,"[[3], [2]]",2,1,0.000826,20,0,0,3,3/5,8,8/5,True
26,5,2,"[3, 2]","[[0, 0, 2], [1, 3]]",1,2,3,1,PP,"[[1, 1, 1], [1, 1]]",5,6,0.0008315,20,0,0,0,0,0,0,True
26,5,2,"[3, 2]","[[0, 0, 2], [1, 3]]",1,2,3,2,PP,"[[2, 1], [2]]",3,2,0.000826,20,0,0,2,2/5,12,12/5,True
26,5,2,"[3, 2]","[[0, 0, 2], [1, 3]]",1,2,3,3,PP,"[[3], [2]]",2,1,0.000821,20,0,0,3,3/5,18,18/5,True
26,5,2,"[3, 2]","[[0, 0, 2], [1, 3]]",1,2,3,5,PP,"[[3], [2]]",2,1,0.000826,20,0,0,3,3/5,24,24/5,True
27,5,2,"[3, 2]","[[0, 0, 2], [2, 2]]",1,2,0,1,PP,"[[1, 1, 1], [1, 1]]",5,6,0.000821,20,0,0,0,0,0,0,True
27,5,2,"[3, 2]","[[0, 0, 2], [2, 2]]",1,2,0,2,PP,"[[2, 1], [2]]",3,2,0.0008115,20,0,0,0,0,0,0,True
27,5,2,"[3, 2]","[[0, 0, 2], [2, 2]]",1,2,0,3,PP,"[[2, 1], [2]]",3,2,0.000796,20,0,0,0,0,0,0,True
27,5,2,"[3, 2]","[[0, 0, 2], [2, 2]]",1,2,0,5,PP,"[[2, 1], [2]]",3,2,0.0008065,20,0,0,0,0,0,0,True
27,5,2,"[3, 2]","[[0, 0, 2], [2, 2]]",1,2,1,1,PP,"[[1, 1, 1], [1, 1]]",5,6,0.000741,20,0,0,0,0,0,0,True
27,5,2,"[3, 2]","[[0, 0, 2], [2, 2]]",1,2,1,2,PP,"[[2, 1], [2]]",3,2,0.000731,20,0,0,0,0,0,0,True
27,5,2,"[3, 2]","[[0, 0, 2], [2, 2]]",1,2,1,3,PP,"[[2, 1], [2]]",3,2,0.000711,20,0,0,0,0,0,0,True
27,5,2,"[3, 2]","[[0, 0, 2], [2, 2]]",1,2,1,5,PP,"[[2, 1], [2]]",3,2,0.000721,20,0,0,0,0,0,0,True
27,5,2,"[3, 2]","[[0, 0, 2], [2, 2]]",1,2,2,1,PP,"[[1, 1, 1], [1, 1]]",5,6,0.0007265,20,0,0,0,0,0,0,True
27,5,2,"[3, 2]","[[0, 0, 2], [2, 2]]",1,2,2,2,PP,"[[2, 1], [2]]",3,2,0.0007215,20,0,0,0,0,4,4/5,True
27,5,2,"[3, 2]","[[0, 0, 2], [2, 2]]",1,2,2,3,PP,"[[3], [2]]",2,1,0.0007115,20,0,0,1,1/5,6,6/5,True
27,5,2,"[3, 2]","[[0, 0, 2], [2, 2]]",1,2,2,5,PP,"[[3], [2]]",2,1,0.000701,20,0,0,1,1/5,8,8/5,True
27,5,2,"[3, 2]","[[0, 0, 2], [2, 2]]",1,2,3,1,PP,"[[1, 1, 1], [1, 1]]",5,6,0.0007365,20,0,0,0,0,0,0,True
27,5,2,"[3, 2]","[[0, 0, 2], [2, 2]]",1,2,3,2,PP,"[[2, 1], [2]]",3,2,0.000741,20,0,0,0,0,12,12/5,True
27,5,2,"[3, 2]","[[0, 0, 2], [2, 2]]",1,2,3,3,PP,"[[3], [2]]",2,1,0.000711,20,0,0,1,1/5,18,18/5,True
27,5,2,"[3, 2]","[[0, 0, 2], [2, 2]]",1,2,3,5,PP,"[[3], [2]]",2,1,0.000726,20,0,0,1,1/5,24,24/5,True
28,5,2,"[3, 2]","[[0, 0, 2], [2, 3]]",1,2,0,1,PP,"[[1, 1, 1], [1, 1]]",5,6,0.000756,20,0,0,0,0,0,0,True
28,5,2,"[3, 2]","[[0, 0, 2], [2, 3]]",1,2,0,2,PP,"[[2, 1], [1, 1]]",4,4,0.000746,20,0,0,0,0,0,0,True
28,5,2,"[3, 2]","[[0, 0, 2], [2, 3]]",1,2,0,3,PP,"[[2, 1], [1, 1]]",4,4,0.000752,20,0,0,0,0,0,0,True
28,5,2,"[3, 2]","[[0, 0, 2], [2, 3]]",1,2,0,5,PP,"[[2, 1], [1, 1]]",4,4,0.000746,20,0,0,0,0,0,0,True
28,5,2,"[3, 2]","[[0, 0, 2], [2, 3]]",1,2,1,1,PP,"[[1, 1, 1], [1, 1]]",5,6,0.0007665,20,0,0,0,0,0,0,True
28,5,2,"[3, 2]","[[0, 0, 2], [2, 3]]",1,2,1,2,PP,"[[2, 1], [2]]",3,2,0.000741,20,0,0,0,0,0,0,True
28,5,2,"[3, 2]","[[0, 0, 2], [2, 3]]",1,2,1,3,PP,"[[2, 1], [2]]",3,2,0.000721,20,0,0,0,0,0,0,True
28,5,2,"[3, 2]","[[0, 0, 2], [2, 3]]",1,2,1,5,PP,"[[2, 1], [2]]",3,2,0.0007215,20,0,0,0,0,0,0,True
28,5,2,"[3, 2]","[[0, 0, 2], [2, 3]]",1,2,2,1,PP,"[[1, 1, 1], [1, 1]]",5,6,0.000741,20,0,0,0,0,0,0,True
28,5,2,"[3, 2]","[[0, 0, 2], [2, 3]]",1,2,2,2,PP,"[[2, 1], [2]]",3,2,0.0007215,20,0,0,0,0,4,4/5,True
28,5,2,"[3, 2]","[[0, 0, 2], [2, 3]]",1,2,2,3,PP,"[[3], [2]]",2,1,0.000721,20,0,0,1,1/5,6,6/5,True
28,5,2,"[3, 2]","[[0, 0, 2], [2, 3]]",1,2,2,5,PP,"[[3], [2]]",2,1,0.000716,20,0,0,1,1/5,8,8/5,True
28,5,2,"[3, 2]","[[0, 0, 2], [2, 3]]",1,2,3,1,PP,"[[1, 1, 1], [1, 1]]",5,6,0.0007165,20,0,0,0,0,0,0,True
28,5,2,"[3, 2]","[[0, 0, 2], [2, 3]]",1,2,3,2,PP,"[[2, 1], [2]]",3,2,0.000721,20,0,0,0,0,12,12/5,True
28,5,2,"[3, 2]","[[0, 0, 2], [2, 3]]",1,2,3,3,PP,"[[3], [2]]",2,1,0.000716,20,0,0,1,1/5,18,18/5,True
28,5,2,"[3, 2]","[[0, 0, 2], [2, 3]]",1,2,3,5,PP,"[[3], [2]]",2,1,0.000711,20,0,0,1,1/5,24,24/5,True
29,5,2,"[3, 2]","[[0, 0, 2], [3, 3]]",1,2,0,1,PP,"[[1, 1, 1], [1, 1]]",5,6,0.0007365,20,0,0,0,0,0,0,True
29,5,2,"[3, 2]","[[0, 0, 2], [3, 3]]",1,2,0,2,PP,"[[2, 1], [2]]",3,2,0.000726,20,0,0,0,0,0,0,True
29,5,2,"[3, 2]","[[0, 0, 2], [3, 3]]",1,2,0,3,PP,"[[2, 1], [2]]",3,2,0.000721,20,0,0,0,0,0,0,True
29,5,2,"[3, 2]","[[0, 0, 2], [3, 3]]",1,2,0,5,PP,"[[2, 1], [2]]",3,2,0.0007215,20,0,0,0,0,0,0,True
29,5,2,"[3, 2]","[[0, 0, 2], [3, 3]]",1,2,1,1,PP,"[[1, 1, 1], [1, 1]]",5,6,0.000731,20,0,0,0,0,0,0,True
29,5,2,"[3, 2]","[[0, 0, 2], [3, 3]]",1,2,1,2,PP,"[[2, 1], [2]]",3,2,0.000721,20,0,0,0,0,0,0,True
29,5,2,"[3, 2]","[[0, 0, 2], [3, 3]]",1,2,1,3,PP,"[[2, 1], [2]]",3,2,0.000731,20,0,0,0,0,0,0,True
29,5,2,"[3, 2]","[[0, 0, 2], [3, 3]]",1,2,1,5,PP,"[[2, 1], [2]]",3,2,0.000741,20,0,0,0,0,0,0,True
29,5,2,"[3, 2]","[[0, 0, 2], [3, 3]]",1,2,2,1,PP,"[[1, 1, 1], [1, 1]]",5,6,0.000771,20,0,0,0,0,0,0,True
29,5,2,"[3, 2]","[[0, 0, 2], [3, 3]]",1,2,2,2,PP,"[[2, 1], [2]]",3,2,0.000746,20,0,0,0,0,4,4/5,True
29,5,2,"[3, 2]","[[0, 0, 2], [3, 3]]",1,2,2,3,PP,"[[3], [2]]",2,1,0.000726,20,0,0,1,1/5,6,6/5,True
29,5,2,"[3, 2]","[[0, 0, 2], [3, 3]]",1,2,2,5,PP,"[[3], [2]]",2,1,0.000731,20,0,0,1,1/5,8,8/5,True
29,5,2,"[3, 2]","[[0, 0, 2], [3, 3]]",1,2,3,1,PP,"[[1, 1, 1], [1, 1]]",5,6,0.000741,20,0,0,0,0,0,0,True
29,5,2,"[3, 2]","[[0, 0, 2], [3, 3]]",1,2,3,2,PP,"[[2, 1], [2]]",3,2,0.0007615,20,0,0,0,0,12,12/5,True
29,5,2,"[3, 2]","[[0, 0, 2], [3, 3]]",1,2,3,3,PP,"[[3], [2]]",2,1,0.0007565,20,0,0,1,1/5,18,18/5,True
29,5,2,"[3, 2]","[[0, 0, 2], [3, 3]]",1,2,3,5,PP,"[[3], [2]]",2,1,0.0007365,20,0,0,1,1/5,24,24/5,True
30,5,2,"[3, 2]","[[0, 0, 3], [0, 0]]",1,2,0,1,PP,"[[1, 1, 1], [1, 1]]",5,6,0.000751,20,0,0,0,0,0,0,True
30,5,2,"[3, 2]","[[0, 0, 3], [0, 0]]",1,2,0,2,PP,"[[2, 1], [2]]",3,2,0.0007565,20,0,0,0,0,0,0,True
30,5,2,"[3, 2]","[[0, 0, 3], [0, 0]]",1,2,0,3,PP,"[[2, 1], [2]]",3,2,0.0007465,20,0,0,0,0,0,0,True
30,5,2,"[3, 2]","[[0, 0, 3], [0, 0]]",1,2,0,5,PP,"[[2, 1], [2]]",3,2,0.000751,20,0,0,0,0,0,0,True
30,5,2,"[3, 2]","[[0, 0, 3], [0, 0]]",1,2,1,1,PP,"[[1, 1, 1], [1, 1]]",5,6,0.0007465,20,0,0,0,0,0,0,True
30,5,2,"[3, 2]","[[0, 0, 3], [0, 0]]",1,2,1,2,PP,"[[2, 1], [2]]",3,2,0.000741,20,0,0,0,0,0,0,True
30,5,2,"[3, 2]","[[0, 0, 3], [0, 0]]",1,2,1,3,PP,"[[2, 1], [2]]",3,2,0.000731,20,0,0,0,0,0,0,True
30,5,2,"[3, 2]","[[0, 0, 3], [0, 0]]",1,2,1,5,PP,"[[2, 1], [2]]",3,2,0.000781,20,0,0,0,0,0,0,True
30,5,2,"[3, 2]","[[0, 0, 3], [0, 0]]",1,2,2,1,PP,"[[1, 1, 1], [1, 1]]",5,6,0.0007465,20,0,0,0,0,0,0,True
30,5,2,"[3, 2]","[[0, 0, 3], [0, 0]]",1,2,2,2,PP,"[[2, 1], [2]]",3,2,0.000731,20,0,0,0,0,4,4/5,True
30,5,2,"[3, 2]","[[0, 0, 3], [0, 0]]",1,2,2,3,PP,"[[2, 1], [2]]",3,2,0.000721,20,0,0,0,0,6,6/5,True
30,5,2,"[3, 2]","[[0, 0, 3], [0, 0]]",1,2,2,5,PP,"[[2, 1], [2]]",3,2,0.0007515,20,0,0,0,0,8,8/5,True
30,5,2,"[3, 2]","[[0, 0, 3], [0, 0]]",1,2,3,1,PP,"[[1, 1, 1], [1, 1]]",5,6,0.0007365,20,0,0,0,0,0,0,True
30,5,2,"[3, 2]","[[0, 0, 3], [0, 0]]",1,2,3,2,PP,"[[2, 1], [2]]",3,2,0.000751,20,0,0,0,0,12,12/5,True
30,5,2,"[3, 2]","[[0, 0, 3], [0, 0]]",1,2,3,3,PP,"[[3], [2]]",2,1,0.0007365,20,0,0,4,4/5,18,18/5,True
30,5,2,"[3, 2]","[[0, 0, 3], [0, 0]]",1,2,3,5,PP,"[[3], [2]]",2,1,0.0007315,20,0,0,4,4/5,24,24/5,True
31,5,2,"[3, 2]","[[0, 0, 3], [0, 1]]",1,2,0,1,PP,"[[1, 1, 1], [1, 1]]",5,6,0.000751,20,0,0,0,0,0,0,True
31,5,2,"[3, 2]","[[0, 0, 3], [0, 1]]",1,2,0,2,PP,"[[2, 1], [1, 1]]",4,4,0.000761,20,0,0,0,0,0,0,True
31,5,2,"[3, 2]","[[0, 0, 3], [0, 1]]",1,2,0,3,PP,"[[2, 1], [1, 1]]",4,4,0.000756,20,0,0,0,0,0,0,True
31,5,2,"[3, 2]","[[0, 0, 3], [0, 1]]",1,2,0,5,PP,"[[2, 1], [1, 1]]",4,4,0.000741,20,0,0,0,0,0,0,True
31,5,2,"[3, 2]","[[0, 0, 3], [0, 1]]",1,2,1,1,PP,"[[1, 1, 1], [1, 1]]",5,6,0.000781,20,0,0,0,0,0,0,True
31,5,2,"[3, 2]","[[0, 0, 3], [0, 1]]",1,2,1,2,PP,"[[2, 1], [2]]",3,2,0.000751,20,0,0,0,0,0,0,True
31,5,2,"[3, 2]","[[0, 0, 3], [0, 1]]",1,2,1,3,PP,"[[2, 1], [2]]",3,2,0.000741,20,0,0,0,0,0,0,True
31,5,2,"[3, 2]","[[0, 0, 3], [0, 1]]",1,2,1,5,PP,"[[2, 1], [2]]",3,2,0.000731,20,0,0,0,0,0,0,True
31,5,2,"[3, 2]","[[0, 0, 3], [0, 1]]",1,2,2,1,PP,"[[1, 1, 1], [1, 1]]",5,6,0.0007615,20,0,0,0,0,0,0,True
31,5,2,"[3, 2]","[[0, 0, 3], [0, 1]]",1,2,2,2,PP,"[[2, 1], [2]]",3,2,0.0007515,20,0,0,0,0,4,4/5,True
31,5,2,"[3, 2]","[[0, 0, 3], [0, 1]]",1,2,2,3,PP,"[[2, 1], [2]]",3,2,0.000721,20,0,0,0,0,6,6/5,True
31,5,2,"[3, 2]","[[0, 0, 3], [0, 1]]",1,2,2,5,PP,"[[2, 1], [2]]",3,2,0.000736,20,0,0,0,0,8,8/5,True
31,5,2,"[3, 2]","[[0, 0, 3], [0, 1]]",1,2,3,1,PP,"[[1, 1, 1], [1, 1]]",5,6,0.000731,20,0,0,0,0,0,0,True
31,5,2,"[3, 2]","[[0, 0, 3], [0, 1]]",1,2,3,2,PP,"[[2, 1], [2]]",3,2,0.0007565,20,0,0,0,0,12,12/5,True
31,5,2,"[3, 2]","[[0, 0, 3], [0, 1]]",1,2,3,3,PP,"[[3], [2]]",2,1,0.0007515,20,0,0,4,4/5,18,18/5,True
31,5,2,"[3, 2]","[[0, 0, 3], [0, 1]]",1,2,3,5,PP,"[[3], [2]]",2,1,0.0007315,20,0,0,4,4/5,24,24/5,True
32,5,2,"[3, 2]","[[0, 0, 3], [0, 2]]",1,2,0,1,PP,"[[1, 1, 1], [1, 1]]",5,6,0.000726,20,0,0,0,0,0,0,True
32,5,2,"[3, 2]","[[0, 0, 3], [0, 2]]",1,2,0,2,PP,"[[2, 1], [1, 1]]",4,4,0.000721,20,0,0,0,0,0,0,True
32,5,2,"[3, 2]","[[0, 0, 3], [0, 2]]",1,2,0,3,PP,"[[2, 1], [1, 1]]",4,4,0.000721,20,0,0,0,0,0,0,True
32,5,2,"[3, 2]","[[0, 0, 3], [0, 2]]",1,2,0,5,PP,"[[2, 1], [1, 1]]",4,4,0.000711,20,0,0,0,0,0,0,True
32,5,2,"[3, 2]","[[0, 0, 3], [0, 2]]",1,2,1,1,PP,"[[1, 1, 1], [1, 1]]",5,6,0.000751,20,0,0,0,0,0,0,True
32,5,2,"[3, 2]","[[0, 0, 3], [0, 2]]",1,2,1,2,PP,"[[2, 1], [1, 1]]",4,4,0.000731,20,0,0,0,0,0,0,True
32,5,2,"[3, 2]","[[0, 0, 3], [0, 2]]",1,2,1,3,PP,"[[2, 1], [1, 1]]",4,4,0.000721,20,0,0,0,0,0,0,True
32,5,2,"[3, 2]","[[0, 0, 3], [0, 2]]",1,2,1,5,PP,"[[2, 1], [1, 1]]",4,4,0.000731,20,0,0,0,0,0,0,True
32,5,2,"[3, 2]","[[0, 0, 3], [0, 2]]",1,2,2,1,PP,"[[1, 1, 1], [1, 1]]",5,6,0.000731,20,0,0,0,0,0,0,True
32,5,2,"[3, 2]","[[0, 0, 3], [0, 2]]",1,2,2,2,PP,"[[2, 1], [2]]",3,2,0.000746,20,0,0,2,2/5,4,4/5,True
32,5,2,"[3, 2]","[[0, 0, 3], [0, 2]]",1,2,2,3,PP,"[[2, 1], [2]]",3,2,0.000736,20,0,0,2,2/5,6,6/5,True
32,5,2,"[3, 2]","[[0, 0, 3], [0, 2]]",1,2,2,5,PP,"[[2, 1], [2]]",3,2,0.000731,20,0,0,2,2/5,8,8/5,True
32,5,2,"[3, 2]","[[0, 0, 3], [0, 2]]",1,2,3,1,PP,"[[1, 1, 1], [1, 1]]",5,6,0.000746,20,0,0,0,0,0,0,True
32,5,2,"[3, 2]","[[0, 0, 3], [0, 2]]",1,2,3,2,PP,"[[2, 1], [2]]",3,2,0.000731,20,0,0,2,2/5,12,12/5,True
32,5,2,"[3, 2]","[[0, 0, 3], [0, 2]]",1,2,3,3,PP,"[[3], [2]]",2,1,0.000721,20,1,1/5,6,6/5,18,18/5,True
32,5,2,"[3, 2]","[[0, 0, 3], [0, 2]]",1,2,3,5,PP,"[[3], [2]]",2,1,0.000736,20,1,1/5,6,6/5,24,24/5,True
33,5,2,"[3, 2]","[[0, 0, 3], [0, 3]]",1,2,0,1,PP,"[[1, 1, 1], [1, 1]]",5,6,0.000736,20,0,0,0,0,0,0,True
33,5,2,"[3, 2]","[[0, 0, 3], [0, 3]]",1,2,0,2,PP,"[[2, 1], [1, 1]]",4,4,0.000771,20,0,0,0,0,0,0,True
33,5,2,"[3, 2]","[[0, 0, 3], [0, 3]]",1,2,0,3,PP,"[[2, 1], [1, 1]]",4,4,0.000751,20,0,0,0,0,0,0,True
33,5,2,"[3, 2]","[[0, 0, 3], [0, 3]]",1,2,0,5,PP,"[[2, 1], [1, 1]]",4,4,0.0007415,20,0,0,0,0,0,0,True
33,5,2,"[3, 2]","[[0, 0, 3], [0, 3]]",1,2,1,1,PP,"[[1, 1, 1], [1, 1]]",5,6,0.000751,20,0,0,0,0,0,0,True
33,5,2,"[3, 2]","[[0, 0, 3], [0, 3]]",1,2,1,2,PP,"[[2, 1], [1, 1]]",4,4,0.000741,20,0,0,0,0,0,0,True
33,5,2,"[3, 2]","[[0, 0, 3], [0, 3]]",1,2,1,3,PP,"[[2, 1], [1, 1]]",4,4,0.000711,20,0,0,0,0,0,0,True
33,5,2,"[3, 2]","[[0, 0, 3], [0, 3]]",1,2,1,5,PP,"[[2, 1], [1, 1]]",4,4,0.000741,20,0,0,0,0,0,0,True
33,5,2,"[3, 2]","[[0, 0, 3], [0, 3]]",1,2,2,1,PP,"[[1, 1, 1], [1, 1]]",5,6,0.000726,20,0,0,0,0,0,0,True
33,5,2,"[3, 2]","[[0, 0, 3], [0, 3]]",1,2,2,2,PP,"[[2, 1], [1, 1]]",4,4,0.0007165,20,0,0,0,0,4,4/5,True
33,5,2,"[3, 2]","[[0, 0, 3], [0, 3]]",1,2,2,3,PP,"[[2, 1], [1, 1]]",4,4,0.000716,20,0,0,0,0,6,6/5,True
33,5,2,"[3, 2]","[[0, 0, 3], [0, 3]]",1,2,2,5,PP,"[[2, 1], [1, 1]]",4,4,0.000726,20,0,0,0,0,8,8/5,True
33,5,2,"[3, 2]","[[0, 0, 3], [0, 3]]",1,2,3,1,PP,"[[1, 1, 1], [1, 1]]",5,6,0.000741,20,0,0,0,0,0,0,True
33,5,2,"[3, 2]","[[0, 0, 3], [0, 3]]",1,2,3,2,PP,"[[2, 1], [2]]",3,2,0.000711,20,0,0,6,6/5,12,12/5,True
33,5,2,"[3, 2]","[[0, 0, 3], [0, 3]]",1,2,3,3,PP,"[[3], [2]]",2,1,0.000751,20,1,1/5,10,2,18,18/5,True
33,5,2,"[3, 2]","[[0, 0, 3], [0, 3]]",1,2,3,5,PP,"[[3], [2]]",2,1,0.0007065,20,1,1/5,10,2,24,24/5,True
34,5,2,"[3, 2]","[[0, 0, 3], [1, 1]]",1,2,0,1,PP,"[[1, 1, 1], [1, 1]]",5,6,0.000766,20,0,0,0,0,0,0,True
34,5,2,"[3, 2]","[[0, 0, 3], [1, 1]]",1,2,0,2,PP,"[[2, 1], [2]]",3,2,0.000746,20,0,0,0,0,0,0,True
34,5,2,"[3, 2]","[[0, 0, 3], [1, 1]]",1,2,0,3,PP,"[[2, 1], [2]]",3,2,0.000721,20,0,0,0,0,0,0,True
34,5,2,"[3, 2]","[[0, 0, 3], [1, 1]]",1,2,0,5,PP,"[[2, 1], [2]]",3,2,0.000721,20,0,0,0,0,0,0,True
34,5,2,"[3, 2]","[[0, 0, 3], [1, 1]]",1,2,1,1,PP,"[[1, 1, 1], [1, 1]]",5,6,0.0007315,20,0,0,0,0,0,0,True
34,5,2,"[3, 2]","[[0, 0, 3], [1, 1]]",1,2,1,2,PP,"[[2, 1], [2]]",3,2,0.000731,20,0,0,0,0,0,0,True
34,5,2,"[3, 2]","[[0, 0, 3], [1, 1]]",1,2,1,3,PP,"[[2, 1], [2]]",3,2,0.000731,20,0,0,0,0,0,0,True
34,5,2,"[3, 2]","[[0, 0, 3], [1, 1]]",1,2,1,5,PP,"[[2, 1], [2]]",3,2,0.0007565,20,0,0,0,0,0,0,True
34,5,2,"[3, 2]","[[0, 0, 3], [1, 1]]",1,2,2,1,PP,"[[1, 1, 1], [1, 1]]",5,6,0.000736,20,0,0,0,0,0,0,True
34,5,2,"[3, 2]","[[0, 0, 3], [1, 1]]",1,2,2,2,PP,"[[2, 1], [2]]",3,2,0.0007515,20,0,0,0,0,4,4/5,True
34,5,2,"[3, 2]","[[0, 0, 3], [1, 1]]",1,2,2,3,PP,"[[2, 1], [2]]",3,2,0.0007215,20,0,0,0,0,6,6/5,True
34,5,2,"[3, 2]","[[0, 0, 3], [1, 1]]",1,2,2,5,PP,"[[2, 1], [2]]",3,2,0.000731,20,0,0,0,0,8,8/5,True
34,5,2,"[3, 2]","[[0, 0, 3], [1, 1]]",1,2,3,1,PP,"[[1, 1, 1], [1, 1]]",5,6,0.0007415,20,0,0,0,0,0,0,True
34,5,2,"[3, 2]","[[0, 0, 3], [1, 1]]",1,2,3,2,PP,"[[2, 1], [2]]",3,2,0.000741,20,0,0,0,0,12,12/5,True
34,5,2,"[3, 2]","[[0, 0, 3], [1, 1]]",1,2,3,3,PP,"[[3], [2]]",2,1,0.000711,20,1,1/5,4,4/5,18,18/5,True
34,5,2,"[3, 2]","[[0, 0, 3], [1, 1]]",1,2,3,5,PP,"[[3], [2]]",2,1,0.000721,20,1,1/5,4,4/5,24,24/5,True
35,5,2,"[3, 2]","[[0, 0, 3], [1, 2]]",1,2,0,1,PP,"[[1, 1, 1], [1, 1]]",5,6,0.000721,20,0,0,0,0,0,0,True
35,5,2,"[3, 2]","[[0, 0, 3], [1, 2]]",1,2,0,2,PP,"[[2, 1], [1, 1]]",4,4,0.000741,20,0,0,0,0,0,0,True
35,5,2,"[3, 2]","[[0, 0, 3], [1, 2]]",1,2,0,3,PP,"[[2, 1], [1, 1]]",4,4,0.0007215,20,0,0,0,0,0,0,True
35,5,2,"[3, 2]","[[0, 0, 3], [1, 2]]",1,2,0,5,PP,"[[2, 1], [1, 1]]",4,4,0.000736,20,0,0,0,0,0,0,True
35,5,2,"[3, 2]","[[0, 0, 3], [1, 2]]",1,2,1,1,PP,"[[1, 1, 1], [1, 1]]",5,6,0.000721,20,0,0,0,0,0,0,True
35,5,2,"[3, 2]","[[0, 0, 3], [1, 2]]",1,2,1,2,PP,"[[2, 1], [2]]",3,2,0.0007415,20,0,0,0,0,0,0,True
35,5,2,"[3, 2]","[[0, 0, 3], [1, 2]]",1,2,1,3,PP,"[[2, 1], [2]]",3,2,0.0007465,20,0,0,0,0,0,0,True
35,5,2,"[3, 2]","[[0, 0, 3], [1, 2]]",1,2,1,5,PP,"[[2, 1], [2]]",3,2,0.000731,20,0,0,0,0,0,0,True
35,5,2,"[3, 2]","[[0, 0, 3], [1, 2]]",1,2,2,1,PP,"[[1, 1, 1], [1, 1]]",5,6,0.000791,20,0,0,0,0,0,0,True
35,5,2,"[3, 2]","[[0, 0, 3], [1, 2]]",1,2,2,2,PP,"[[2, 1], [2]]",3,2,0.000741,20,0,0,0,0,4,4/5,True
35,5,2,"[3, 2]","[[0, 0, 3], [1, 2]]",1,2,2,3,PP,"[[2, 1], [2]]",3,2,0.000731,20,0,0,0,0,6,6/5,True
35,5,2,"[3, 2]","[[0, 0, 3], [1, 2]]",1,2,2,5,PP,"[[2, 1], [2]]",3,2,0.000736,20,0,0,0,0,8,8/5,True
35,5,2,"[3, 2]","[[0, 0, 3], [1, 2]]",1,2,3,1,PP,"[[1, 1, 1], [1, 1]]",5,6,0.000746,20,0,0,0,0,0,0,True
35,5,2,"[3, 2]","[[0, 0, 3], [1, 2]]",1,2,3,2,PP,"[[2, 1], [2]]",3,2,0.000726,20,0,0,0,0,12,12/5,True
35,5,2,"[3, 2]","[[0, 0, 3], [1, 2]]",1,2,3,3,PP,"[[3], [2]]",2,1,0.000726,20,1,1/5,4,4/5,18,18/5,True
35,5,2,"[3, 2]","[[0, 0, 3], [1, 2]]",1,2,3,5,PP,"[[3], [2]]",2,1,0.000701,20,1,1/5,4,4/5,24,24/5,True
36,5,2,"[3, 2]","[[0, 0, 3], [1, 3]]",1,2,0,1,PP,"[[1, 1, 1], [1, 1]]",5,6,0.000741,20,0,0,0,0,0,0,True
36,5,2,"[3, 2]","[[0, 0, 3], [1, 3]]",1,2,0,2,PP,"[[2, 1], [1, 1]]",4,4,0.0007465,20,0,0,0,0,0,0,True
36,5,2,"[3, 2]","[[0, 0, 3], [1, 3]]",1,2,0,3,PP,"[[2, 1], [1, 1]]",4,4,0.0007665,20,0,0,0,0,0,0,True
36,5,2,"[3, 2]","[[0, 0, 3], [1, 3]]",1,2,0,5,PP,"[[2, 1], [1, 1]]",4,4,0.0007365,20,0,0,0,0,0,0,True
36,5,2,"[3, 2]","[[0, 0, 3], [1, 3]]",1,2,1,1,PP,"[[1, 1, 1], [1, 1]]",5,6,0.000751,20,0,0,0,0,0,0,True
36,5,2,"[3, 2]","[[0, 0, 3], [1, 3]]",1,2,1,2,PP,"[[2, 1], [1, 1]]",4,4,0.0007415,20,0,0,0,0,0,0,True
36,5,2,"[3, 2]","[[0, 0, 3], [1, 3]]",1,2,1,3,PP,"[[2, 1], [1, 1]]",4,4,0.0007265,20,0,0,0,0,0,0,True
36,5,2,"[3, 2]","[[0, 0, 3], [1, 3]]",1,2,1,5,PP,"[[2, 1], [1, 1]]",4,4,0.000721,20,0,0,0,0,0,0,True
36,5,2,"[3, 2]","[[0, 0, 3], [1, 3]]",1,2,2,1,PP,"[[1, 1, 1], [1, 1]]",5,6,0.000731,20,0,0,0,0,0,0,True
36,5,2,"[3, 2]","[[0, 0, 3], [1, 3]]",1,2,2,2,PP,"[[2, 1], [2]]",3,2,0.000731,20,0,0,2,2/5,4,4/5,True
36,5,2,"[3, 2]","[[0, 0, 3], [1, 3]]",1,2,2,3,PP,"[[2, 1], [2]]",3,2,0.000726,20,0,0,2,2/5,6,6/5,True
36,5,2,"[3, 2]","[[0, 0, 3], [1, 3]]",1,2,2,5,PP,"[[2, 1], [2]]",3,2,0.000716,20,0,0,2,2/5,8,8/5,True
36,5,2,"[3, 2]","[[0, 0, 3], [1, 3]]",1,2,3,1,PP,"[[1, 1, 1], [1, 1]]",5,6,0.000726,20,0,0,0,0,0,0,True
36,5,2,"[3, 2]","[[0, 0, 3], [1, 3]]",1,2,3,2,PP,"[[2, 1], [2]]",3,2,0.000731,20,0,0,2,2/5,12,12/5,True
36,5,2,"[3, 2]","[[0, 0, 3], [1, 3]]",1,2,3,3,PP,"[[3], [2]]",2,1,0.000731,20,1,1/5,6,6/5,18,18/5,True
36,5,2,"[3, 2]","[[0, 0, 3], [1, 3]]",1,2,3,5,PP,"[[3], [2]]",2,1,0.000741,20,1,1/5,6,6/5,24,24/5,True
37,5,2,"[3, 2]","[[0, 0, 3], [2, 2]]",1,2,0,1,PP,"[[1, 1, 1], [1, 1]]",5,6,0.000752,20,0,0,0,0,0,0,True
37,5,2,"[3, 2]","[[0, 0, 3], [2, 2]]",1,2,0,2,PP,"[[2, 1], [2]]",3,2,0.000731,20,0,0,0,0,0,0,True
37,5,2,"[3, 2]","[[0, 0, 3], [2, 2]]",1,2,0,3,PP,"[[2, 1], [2]]",3,2,0.000731,20,0,0,0,0,0,0,True
37,5,2,"[3, 2]","[[0, 0, 3], [2, 2]]",1,2,0,5,PP,"[[2, 1], [2]]",3,2,0.0007215,20,0,0,0,0,0,0,True
37,5,2,"[3, 2]","[[0, 0, 3], [2, 2]]",1,2,1,1,PP,"[[1, 1, 1], [1, 1]]",5,6,0.000721,20,0,0,0,0,0,0,True
37,5,2,"[3, 2]","[[0, 0, 3], [2, 2]]",1,2,1,2,PP,"[[2, 1], [2]]",3,2,0.000756,20,0,0,0,0,0,0,True
37,5,2,"[3, 2]","[[0, 0, 3], [2, 2]]",1,2,1,3,PP,"[[2, 1], [2]]",3,2,0.000746,20,0,0,0,0,0,0,True
37,5,2,"[3, 2]","[[0, 0, 3], [2, 2]]",1,2,1,5,PP,"[[2, 1], [2]]",3,2,0.000746,20,0,0,0,0,0,0,True
37,5,2,"[3, 2]","[[0, 0, 3], [2, 2]]",1,2,2,1,PP,"[[1, 1, 1], [1, 1]]",5,6,0.000751,20,0,0,0,0,0,0,True
37,5,2,"[3, 2]","[[0, 0, 3], [2, 2]]",1,2,2,2,PP,"[[2, 1], [2]]",3,2,0.000741,20,0,0,0,0,4,4/5,True
37,5,2,"[3, 2]","[[0, 0, 3], [2, 2]]",1,2,2,3,PP,"[[2, 1], [2]]",3,2,0.000746,20,0,0,0,0,6,6/5,True
37,5,2,"[3, 2]","[[0, 0, 3], [2, 2]]",1,2,2,5,PP,"[[2, 1], [2]]",3,2,0.000731,20,0,0,0,0,8,8/5,True
37,5,2,"[3, 2]","[[0, 0, 3], [2, 2]]",1,2,3,1,PP,"[[1, 1, 1], [1, 1]]",5,6,0.000741,20,0,0,0,0,0,0,True
37,5,2,"[3, 2]","[[0, 0, 3], [2, 2]]",1,2,3,2,PP,"[[2, 1], [2]]",3,2,0.000741,20,0,0,0,0,12,12/5,True
37,5,2,"[3, 2]","[[0, 0, 3], [2, 2]]",1,2,3,3,PP,"[[3], [2]]",2,1,0.000731,20,1,1/5,4,4/5,18,18/5,True
37,5,2,"[3, 2]","[[0, 0, 3], [2, 2]]",1,2,3,5,PP,"[[3], [2]]",2,1,0.000731,20,1,1/5,4,4/5,24,24/5,True
38,5,2,"[3, 2]","[[0, 0, 3], [2, 3]]",1,2,0,1,PP,"[[1, 1, 1], [1, 1]]",5,6,0.0007415,20,0,0,0,0,0,0,True
38,5,2,"[3, 2]","[[0, 0, 3], [2, 3]]",1,2,0,2,PP,"[[2, 1], [1, 1]]",4,4,0.000731,20,0,0,0,0,0,0,True
38,5,2,"[3, 2]","[[0, 0, 3], [2, 3]]",1,2,0,3,PP,"[[2, 1], [1, 1]]",4,4,0.000721,20,0,0,0,0,0,0,True
38,5,2,"[3, 2]","[[0, 0, 3], [2, 3]]",1,2,0,5,PP,"[[2, 1], [1, 1]]",4,4,0.000731,20,0,0,0,0,0,0,True
38,5,2,"[3, 2]","[[0, 0, 3], [2, 3]]",1,2,1,1,PP,"[[1, 1, 1], [1, 1]]",5,6,0.000736,20,0,0,0,0,0,0,True
38,5,2,"[3, 2]","[[0, 0, 3], [2, 3]]",1,2,1,2,PP,"[[2, 1], [2]]",3,2,0.0007415,20,0,0,0,0,0,0,True
38,5,2,"[3, 2]","[[0, 0, 3], [2, 3]]",1,2,1,3,PP,"[[2, 1], [2]]",3,2,0.000731,20,0,0,0,0,0,0,True
38,5,2,"[3, 2]","[[0, 0, 3], [2, 3]]",1,2,1,5,PP,"[[2, 1], [2]]",3,2,0.0007315,20,0,0,0,0,0,0,True
38,5,2,"[3, 2]","[[0, 0, 3], [2, 3]]",1,2,2,1,PP,"[[1, 1, 1], [1, 1]]",5,6,0.000746,20,0,0,0,0,0,0,True
38,5,2,"[3, 2]","[[0, 0, 3], [2, 3]]",1,2,2,2,PP,"[[2, 1], [2]]",3,2,0.000721,20,0,0,0,0,4,4/5,True
38,5,2,"[3, 2]","[[0, 0, 3], [2, 3]]",1,2,2,3,PP,"[[2, 1], [2]]",3,2,0.000731,20,0,0,0,0,6,6/5,True
38,5,2,"[3, 2]","[[0, 0, 3], [2, 3]]",1,2,2,5,PP,"[[2, 1], [2]]",3,2,0.000741,20,0,0,0,0,8,8/5,True
38,5,2,"[3, 2]","[[0, 0, 3], [2, 3]]",1,2,3,1,PP,"[[1, 1, 1], [1, 1]]",5,6,0.000741,20,0,0,0,0,0,0,True
38,5,2,"[3, 2]","[[0, 0, 3], [2, 3]]",1,2,3,2,PP,"[[2, 1], [2]]",3,2,0.000741,20,0,0,0,0,12,12/5,True
38,5,2,"[3, 2]","[[0, 0, 3], [2, 3]]",1,2,3,3,PP,"[[3], [2]]",2,1,0.0007265,20,1,1/5,4,4/5,18,18/5,True
38,5,2,"[3, 2]","[[0, 0, 3], [2, 3]]",1,2,3,5,PP,"[[3], [2]]",2,1,0.0007315,20,1,1/5,4,4/5,24,24/5,True
39,5,2,"[3, 2]","[[0, 0, 3], [3, 3]]",1,2,0,1,PP,"[[1, 1, 1], [1, 1]]",5,6,0.000776,20,0,0,0,0,0,0,True
39,5,2,"[3, 2]","[[0, 0, 3], [3, 3]]",1,2,0,2,PP,"[[2, 1], [2]]",3,2,0.0007415,20,0,0,0,0,0,0,True
39,5,2,"[3, 2]","[[0, 0, 3], [3, 3]]",1,2,0,3,PP,"[[2, 1], [2]]",3,2,0.000756,20,0,0,0,0,0,0,True
39,5,2,"[3, 2]","[[0, 0, 3], [3, 3]]",1,2,0,5,PP,"[[2, 1], [2]]",3,2,0.0007665,20,0,0,0,0,0,0,True
39,5,2,"[3, 2]","[[0, 0, 3], [3, 3]]",1,2,1,1,PP,"[[1, 1, 1], [1, 1]]",5,6,0.0007665,20,0,0,0,0,0,0,True
39,5,2,"[3, 2]","[[0, 0, 3], [3, 3]]",1,2,1,2,PP,"[[2, 1], [2]]",3,2,0.000741,20,0,0,0,0,0,0,True
39,5,2,"[3, 2]","[[0, 0, 3], [3, 3]]",1,2,1,3,PP,"[[2, 1], [2]]",3,2,0.000736,20,0,0,0,0,0,0,True
39,5,2,"[3, 2]","[[0, 0, 3], [3, 3]]",1,2,1,5,PP,"[[2, 1], [2]]",3,2,0.000741,20,0,0,0,0,0,0,True
39,5,2,"[3, 2]","[[0, 0, 3], [3, 3]]",1,2,2,1,PP,"[[1, 1, 1], [1, 1]]",5,6,0.0007565,20,0,0,0,0,0,0,True
39,5,2,"[3, 2]","[[0, 0, 3], [3, 3]]",1,2,2,2,PP,"[[2, 1], [2]]",3,2,0.000746,20,0,0,0,0,4,4/5,True
39,5,2,"[3, 2]","[[0, 0, 3], [3, 3]]",1,2,2,3,PP,"[[2, 1], [2]]",3,2,0.000741,20,0,0,0,0,6,6/5,True
39,5,2,"[3, 2]","[[0, 0, 3], [3, 3]]",1,2,2,5,PP,"[[2, 1], [2]]",3,2,0.000741,20,0,0,0,0,8,8/5,True
39,5,2,"[3, 2]","[[0, 0, 3], [3, 3]]",1,2,3,1,PP,"[[1, 1, 1], [1, 1]]",5,6,0.000761,20,0,0,0,0,0,0,True
39,5,2,"[3, 2]","[[0, 0, 3], [3, 3]]",1,2,3,2,PP,"[[2, 1], [2]]",3,2,0.0007315,20,0,0,0,0,12,12/5,True
39,5,2,"[3, 2]","[[0, 0, 3], [3, 3]]",1,2,3,3,PP,"[[3], [2]]",2,1,0.000721,20,1,1/5,4,4/5,18,18/5,True
39,5,2,"[3, 2]","[[0, 0, 3], [3, 3]]",1,2,3,5,PP,"[[3], [2]]",2,1,0.0007165,20,1,1/5,4,4/5,24,24/5,True
40,5,2,"[3, 2]","[[0, 1, 1], [0, 0]]",1,2,0,1,PP,"[[1, 1, 1], [1, 1]]",5,6,0.0007215,20,0,0,0,0,0,0,True
40,5,2,"[3, 2]","[[0, 1, 1], [0, 0]]",1,2,0,2,PP,"[[1, 2], [2]]",3,2,0.000731,20,0,0,0,0,0,0,True
40,5,2,"[3, 2]","[[0, 1, 1], [0, 0]]",1,2,0,3,PP,"[[1, 2], [2]]",3,2,0.000721,20,0,0,0,0,0,0,True
40,5,2,"[3, 2]","[[0, 1, 1], [0, 0]]",1,2,0,5,PP,"[[1, 2], [2]]",3,2,0.000711,20,0,0,0,0,0,0,True
40,5,2,"[3, 2]","[[0, 1, 1], [0, 0]]",1,2,1,1,PP,"[[1, 1, 1], [1, 1]]",5,6,0.0007315,20,0,0,0,0,0,0,True
40,5,2,"[3, 2]","[[0, 1, 1], [0, 0]]",1,2,1,2,PP,"[[2, 1], [2]]",3,2,0.000736,20,0,0,0,0,0,0,True
40,5,2,"[3, 2]","[[0, 1, 1], [0, 0]]",1,2,1,3,PP,"[[3], [2]]",2,1,0.000726,20,0,0,0,0,0,0,True
40,5,2,"[3, 2]","[[0, 1, 1], [0, 0]]",1,2,1,5,PP,"[[3], [2]]",2,1,0.000731,20,0,0,0,0,0,0,True
40,5,2,"[3, 2]","[[0, 1, 1], [0, 0]]",1,2,2,1,PP,"[[1, 1, 1], [1, 1]]",5,6,0.000751,20,0,0,0,0,0,0,True
40,5,2,"[3, 2]","[[0, 1, 1], [0, 0]]",1,2,2,2,PP,"[[2, 1], [2]]",3,2,0.000731,20,0,0,0,0,4,4/5,True
40,5,2,"[3, 2]","[[0, 1, 1], [0, 0]]",1,2,2,3,PP,"[[3], [2]]",2,1,0.000711,20,0,0,0,0,6,6/5,True
40,5,2,"[3, 2]","[[0, 1, 1], [0, 0]]",1,2,2,5,PP,"[[3], [2]]",2,1,0.000736,20,0,0,0,0,8,8/5,True
40,5,2,"[3, 2]","[[0, 1, 1], [0, 0]]",1,2,3,1,PP,"[[1, 1, 1], [1, 1]]",5,6,0.0007415,20,0,0,0,0,0,0,True
40,5,2,"[3, 2]","[[0, 1, 1], [0, 0]]",1,2,3,2,PP,"[[2, 1], [2]]",3,2,0.000746,20,0,0,0,0,12,12/5,True
40,5,2,"[3, 2]","[[0, 1, 1], [0, 0]]",1,2,3,3,PP,"[[3], [2]]",2,1,0.000736,20,0,0,0,0,18,18/5,True
40,5,2,"[3, 2]","[[0, 1, 1], [0, 0]]",1,2,3,5,PP,"[[3], [2]]",2,1,0.000711,20,0,0,0,0,24,24/5,True
41,5,2,"[3, 2]","[[0, 1, 1], [0, 1]]",1,2,0,1,PP,"[[1, 1, 1], [1, 1]]",5,6,0.0007415,20,0,0,0,0,0,0,True
41,5,2,"[3, 2]","[[0, 1, 1], [0, 1]]",1,2,0,2,PP,"[[1, 2], [1, 1]]",4,4,0.000736,20,0,0,0,0,0,0,True
41,5,2,"[3, 2]","[[0, 1, 1], [0, 1]]",1,2,0,3,PP,"[[1, 2], [1, 1]]",4,4,0.000736,20,0,0,0,0,0,0,True
41,5,2,"[3, 2]","[[0, 1, 1], [0, 1]]",1,2,0,5,PP,"[[1, 2], [1, 1]]",4,4,0.0007215,20,0,0,0,0,0,0,True
41,5,2,"[3, 2]","[[0, 1, 1], [0, 1]]",1,2,1,1,PP,"[[1, 1, 1], [1, 1]]",5,6,0.000751,20,0,0,0,0,0,0,True
41,5,2,"[3, 2]","[[0, 1, 1], [0, 1]]",1,2,1,2,PP,"[[2, 1], [2]]",3,2,0.000751,20,0,0,0,0,0,0,True
41,5,2,"[3, 2]","[[0, 1, 1], [0, 1]]",1,2,1,3,PP,"[[3], [2]]",2,1,0.000711,20,0,0,0,0,0,0,True
41,5,2,"[3, 2]","[[0, 1, 1], [0, 1]]",1,2,1,5,PP,"[[3], [2]]",2,1,0.000721,20,0,0,0,0,0,0,True
41,5,2,"[3, 2]","[[0, 1, 1], [0, 1]]",1,2,2,1,PP,"[[1, 1, 1], [1, 1]]",5,6,0.000751,20,0,0,0,0,0,0,True
41,5,2,"[3, 2]","[[0, 1, 1], [0, 1]]",1,2,2,2,PP,"[[2, 1], [2]]",3,2,0.000731,20,0,0,0,0,4,4/5,True
41,5,2,"[3, 2]","[[0, 1, 1], [0, 1]]",1,2,2,3,PP,"[[3], [2]]",2,1,0.000711,20,0,0,0,0,6,6/5,True
41,5,2,"[3, 2]","[[0, 1, 1], [0, 1]]",1,2,2,5,PP,"[[3], [2]]",2,1,0.000731,20,0,0,0,0,8,8/5,True
41,5,2,"[3, 2]","[[0, 1, 1], [0, 1]]",1,2,3,1,PP,"[[1, 1, 1], [1, 1]]",5,6,0.000761,20,0,0,0,0,0,0,True
41,5,2,"[3, 2]","[[0, 1, 1], [0, 1]]",1,2,3,2,PP,"[[2, 1], [2]]",3,2,0.000716,20,0,0,0,0,12,12/5,True
41,5,2,"[3, 2]","[[0, 1, 1], [0, 1]]",1,2,3,3,PP,"[[3], [2]]",2,1,0.000726,20,0,0,0,0,18,18/5,True
41,5,2,"[3, 2]","[[0, 1, 1], [0, 1]]",1,2,3,5,PP,"[[3], [2]]",2,1,0.000726,20,0,0,0,0,24,24/5,True
42,5,2,"[3, 2]","[[0, 1, 1], [0, 2]]",1,2,0,1,PP,"[[1, 1, 1], [1, 1]]",5,6,0.000756,20,0,0,0,0,0,0,True
42,5,2,"[3, 2]","[[0, 1, 1], [0, 2]]",1,2,0,2,PP,"[[1, 2], [1, 1]]",4,4,0.000726,20,0,0,0,0,0,0,True
42,5,2,"[3, 2]","[[0, 1, 1], [0, 2]]",1,2,0,3,PP,"[[1, 2], [1, 1]]",4,4,0.0007115,20,0,0,0,0,0,0,True
42,5,2,"[3, 2]","[[0, 1, 1], [0, 2]]",1,2,0,5,PP,"[[1, 2], [1, 1]]",4,4,0.000716,20,0,0,0,0,0,0,True
42,5,2,"[3, 2]","[[0, 1, 1], [0, 2]]",1,2,1,1,PP,"[[1, 1, 1], [1, 1]]",5,6,0.000756,20,0,0,0,0,0,0,True
42,5,2,"[3, 2]","[[0, 1, 1], [0, 2]]",1,2,1,2,PP,"[[2, 1], [1, 1]]",4,4,0.000746,20,0,0,0,0,0,0,True
42,5,2,"[3, 2]","[[0, 1, 1], [0, 2]]",1,2,1,3,PP,"[[3], [1, 1]]",3,2,0.000711,20,0,0,0,0,0,0,True
42,5,2,"[3, 2]","[[0, 1, 1], [0, 2]]",1,2,1,5,PP,"[[3], [1, 1]]",3,2,0.000726,20,0,0,0,0,0,0,True
42,5,2,"[3, 2]","[[0, 1, 1], [0, 2]]",1,2,2,1,PP,"[[1, 1, 1], [1, 1]]",5,6,0.000741,20,0,0,0,0,0,0,True
42,5,2,"[3, 2]","[[0, 1, 1], [0, 2]]",1,2,2,2,PP,"[[2, 1], [2]]",3,2,0.0007565,20,0,0,2,2/5,4,4/5,True
42,5,2,"[3, 2]","[[0, 1, 1], [0, 2]]",1,2,2,3,PP,"[[3], [2]]",2,1,0.0007215,20,0,0,2,2/5,6,6/5,True
42,5,2,"[3, 2]","[[0, 1, 1], [0, 2]]",1,2,2,5,PP,"[[3], [2]]",2,1,0.000736,20,0,0,2,2/5,8,8/5,True
42,5,2,"[3, 2]","[[0, 1, 1], [0, 2]]",1,2,3,1,PP,"[[1, 1, 1], [1, 1]]",5,6,0.000746,20,0,0,0,0,0,0,True
42,5,2,"[3, 2]","[[0, 1, 1], [0, 2]]",1,2,3,2,PP,"[[2, 1], [2]]",3,2,0.000736,20,0,0,2,2/5,12,12/5,True
42,5,2,"[3, 2]","[[0, 1, 1], [0, 2]]",1,2,3,3,PP,"[[3], [2]]",2,1,0.000741,20,0,0,2,2/5,18,18/5,True
42,5,2,"[3, 2]","[[0, 1, 1], [0, 2]]",1,2,3,5,PP,"[[3], [2]]",2,1,0.000721,20,0,0,2,2/5,24,24/5,True
43,5,2,"[3, 2]","[[0, 1, 1], [0, 3]]",1,2,0,1,PP,"[[1, 1, 1], [1, 1]]",5,6,0.000731,20,0,0,0,0,0,0,True
43,5,2,"[3, 2]","[[0, 1, 1], [0, 3]]",1,2,0,2,PP,"[[1, 2], [1, 1]]",4,4,0.000731,20,0,0,0,0,0,0,True
43,5,2,"[3, 2]","[[0, 1, 1], [0, 3]]",1,2,0,3,PP,"[[1, 2], [1, 1]]",4,4,0.000761,20,0,0,0,0,0,0,True
43,5,2,"[3, 2]","[[0, 1, 1], [0, 3]]",1,2,0,5,PP,"[[1, 2], [1, 1]]",4,4,0.000741,20,0,0,0,0,0,0,True
43,5,2,"[3, 2]","[[0, 1, 1], [0, 3]]",1,2,1,1,PP,"[[1, 1, 1], [1, 1]]",5,6,0.000766,20,0,0,0,0,0,0,True
43,5,2,"[3, 2]","[[0, 1, 1], [0, 3]]",1,2,1,2,PP,"[[2, 1], [1, 1]]",4,4,0.000731,20,0,0,0,0,0,0,True
43,5,2,"[3, 2]","[[0, 1, 1], [0, 3]]",1,2,1,3,PP,"[[3], [1, 1]]",3,2,0.000721,20,0,0,0,0,0,0,True
43,5,2,"[3, 2]","[[0, 1, 1], [0, 3]]",1,2,1,5,PP,"[[3], [1, 1]]",3,2,0.000701,20,0,0,0,0,0,0,True
43,5,2,"[3, 2]","[[0, 1, 1], [0, 3]]",1,2,2,1,PP,"[[1, 1, 1], [1, 1]]",5,6,0.0007265,20,0,0,0,0,0,0,True
43,5,2,"[3, 2]","[[0, 1, 1], [0, 3]]",1,2,2,2,PP,"[[2, 1], [1, 1]]",4,4,0.000721,20,0,0,0,0,4,4/5,True
43,5,2,"[3, 2]","[[0, 1, 1], [0, 3]]",1,2,2,3,PP,"[[3], [1, 1]]",3,2,0.000721,20,0,0,0,0,6,6/5,True
43,5,2,"[3, 2]","[[0, 1, 1], [0, 3]]",1,2,2,5,PP,"[[3], [1, 1]]",3,2,0.000716,20,0,0,0,0,8,8/5,True
43,5,2,"[3, 2]","[[0, 1, 1], [0, 3]]",1,2,3,1,PP,"[[1, 1, 1], [1, 1]]",5,6,0.000731,20,0,0,0,0,0,0,True
43,5,2,"[3, 2]","[[0, 1, 1], [0, 3]]",1,2,3,2,PP,"[[2, 1], [2]]",3,2,0.000736,20,0,0,6,6/5,12,12/5,True
43,5,2,"[3, 2]","[[0, 1, 1], [0, 3]]",1,2,3,3,PP,"[[3], [2]]",2,1,0.000721,20,0,0,6,6/5,18,18/5,True
43,5,2,"[3, 2]","[[0, 1, 1], [0, 3]]",1,2,3,5,PP,"[[3], [2]]",2,1,0.000726,20,0,0,6,6/5,24,24/5,True
44,5,2,"[3, 2]","[[0, 1, 1], [1, 1]]",1,2,0,1,PP,"[[1, 1, 1], [1, 1]]",5,6,0.000746,20,0,0,0,0,0,0,True
44,5,2,"[3, 2]","[[0, 1, 1], [1, 1]]",1,2,0,2,PP,"[[1, 2], [2]]",3,2,0.000741,20,0,0,0,0,0,0,True
44,5,2,"[3, 2]","[[0, 1, 1], [1, 1]]",1,2,0,3,PP,"[[1, 2], [2]]",3,2,0.0007315,20,0,0,0,0,0,0,True
44,5,2,"[3, 2]","[[0, 1, 1], [1, 1]]",1,2,0,5,PP,"[[1, 2], [2]]",3,2,0.000721,20,0,0,0,0,0,0,True
44,5,2,"[3, 2]","[[0, 1, 1], [1, 1]]",1,2,1,1,PP,"[[1, 1, 1], [1, 1]]",5,6,0.000741,20,0,0,0,0,0,0,True
44,5,2,"[3, 2]","[[0, 1, 1], [1, 1]]",1,2,1,2,PP,"[[2, 1], [2]]",3,2,0.000732,20,0,0,0,0,0,0,True
44,5,2,"[3, 2]","[[0, 1, 1], [1, 1]]",1,2,1,3,PP,"[[3], [2]]",2,1,0.000721,20,0,0,0,0,0,0,True
44,5,2,"[3, 2]","[[0, 1, 1], [1, 1]]",1,2,1,5,PP,"[[3], [2]]",2,1,0.000756,20,0,0,0,0,0,0,True
44,5,2,"[3, 2]","[[0, 1, 1], [1, 1]]",1,2,2,1,PP,"[[1, 1, 1], [1, 1]]",5,6,0.0007515,20,0,0,0,0,0,0,True
44,5,2,"[3, 2]","[[0, 1, 1], [1, 1]]",1,2,2,2,PP,"[[2, 1], [2]]",3,2,0.000746,20,0,0,0,0,4,4/5,True
44,5,2,"[3, 2]","[[0, 1, 1], [1, 1]]",1,2,2,3,PP,"[[3], [2]]",2,1,0.000746,20,0,0,0,0,6,6/5,True
44,5,2,"[3, 2]","[[0, 1, 1], [1, 1]]",1,2,2,5,PP,"[[3], [2]]",2,1,0.000741,20,0,0,0,0,8,8/5,True
44,5,2,"[3, 2]","[[0, 1, 1], [1, 1]]",1,2,3,1,PP,"[[1, 1, 1], [1, 1]]",5,6,0.000741,20,0,0,0,0,0,0,True
44,5,2,"[3, 2]","[[0, 1, 1], [1, 1]]",1,2,3,2,PP,"[[2, 1], [2]]",3,2,0.000751,20,0,0,0,0,12,12/5,True
44,5,2,"[3, 2]","[[0, 1, 1], [1, 1]]",1,2,3,3,PP,"[[3], [2]]",2,1,0.000726,20,0,0,0,0,18,18/5,True
44,5,2,"[3, 2]","[[0, 1, 1], [1, 1]]",1,2,3,5,PP,"[[3], [2]]",2,1,0.000741,20,0,0,0,0,24,24/5,True
45,5,2,"[3, 2]","[[0, 1, 1], [1, 2]]",1,2,0,1,PP,"[[1, 1, 1], [1, 1]]",5,6,0.000741,20,0,0,0,0,0,0,True
45,5,2,"[3, 2]","[[0, 1, 1], [1, 2]]",1,2,0,2,PP,"[[1, 2], [1, 1]]",4,4,0.000721,20,0,0,0,0,0,0,True
45,5,2,"[3, 2]","[[0, 1, 1], [1, 2]]",1,2,0,3,PP,"[[1, 2], [1, 1]]",4,4,0.000726,20,0,0,0,0,0,0,True
45,5,2,"[3, 2]","[[0, 1, 1], [1, 2]]",1,2,0,5,PP,"[[1, 2], [1, 1]]",4,4,0.000716,20,0,0,0,0,0,0,True
45,5,2,"[3, 2]","[[0, 1, 1], [1, 2]]",1,2,1,1,PP,"[[1, 1, 1], [1, 1]]",5,6,0.000731,20,0,0,0,0,0,0,True
45,5,2,"[3, 2]","[[0, 1, 1], [1, 2]]",1,2,1,2,PP,"[[2, 1], [2]]",3,2,0.000741,20,0,0,0,0,0,0,True
45,5,2,"[3, 2]","[[0, 1, 1], [1, 2]]",1,2,1,3,PP,"[[3], [2]]",2,1,0.000731,20,0,0,0,0,0,0,True
45,5,2,"[3, 2]","[[0, 1, 1], [1, 2]]",1,2,1,5,PP,"[[3], [2]]",2,1,0.0007265,20,0,0,0,0,0,0,True
45,5,2,"[3, 2]","[[0, 1, 1], [1, 2]]",1,2,2,1,PP,"[[1, 1, 1], [1, 1]]",5,6,0.000751,20,0,0,0,0,0,0,True
45,5,2,"[3, 2]","[[0, 1, 1], [1, 2]]",1,2,2,2,PP,"[[2, 1], [2]]",3,2,0.000731,20,0,0,0,0,4,4/5,True
45,5,2,"[3, 2]","[[0, 1, 1], [1, 2]]",1,2,2,3,PP,"[[3], [2]]",2,1,0.000736,20,0,0,0,0,6,6/5,True
45,5,2,"[3, 2]","[[0, 1, 1], [1, 2]]",1,2,2,5,PP,"[[3], [2]]",2,1,0.000716,20,0,0,0,0,8,8/5,True
45,5,2,"[3, 2]","[[0, 1, 1], [1, 2]]",1,2,3,1,PP,"[[1, 1, 1], [1, 1]]",5,6,0.0007365,20,0,0,0,0,0,0,True
45,5,2,"[3, 2]","[[0, 1, 1], [1, 2]]",1,2,3,2,PP,"[[2, 1], [2]]",3,2,0.000751,20,0,0,0,0,12,12/5,True
45,5,2,"[3, 2]","[[0, 1, 1], [1, 2]]",1,2,3,3,PP,"[[3], [2]]",2,1,0.000736,20,0,0,0,0,18,18/5,True
45,5,2,"[3, 2]","[[0, 1, 1], [1, 2]]",1,2,3,5,PP,"[[3], [2]]",2,1,0.000751,20,0,0,0,0,24,24/5,True
46,5,2,"[3, 2]","[[0, 1, 1], [1, 3]]",1,2,0,1,PP,"[[1, 1, 1], [1, 1]]",5,6,0.000736,20,0,0,0,0,0,0,True
46,5,2,"[3, 2]","[[0, 1, 1], [1, 3]]",1,2,0,2,PP,"[[1, 2], [1, 1]]",4,4,0.0007265,20,0,0,0,0,0,0,True
46,5,2,"[3, 2]","[[0, 1, 1], [1, 3]]",1,2,0,3,PP,"[[1, 2], [1, 1]]",4,4,0.000736,20,0,0,0,0,0,0,True
46,5,2,"[3, 2]","[[0, 1, 1], [1, 3]]",1,2,0,5,PP,"[[1, 2], [1, 1]]",4,4,0.000731,20,0,0,0,0,0,0,True
46,5,2,"[3, 2]","[[0, 1, 1], [1, 3]]",1,2,1,1,PP,"[[1, 1, 1], [1, 1]]",5,6,0.000741,20,0,0,0,0,0,0,True
46,5,2,"[3, 2]","[[0, 1, 1], [1, 3]]",1,2,1,2,PP,"[[2, 1], [1, 1]]",4,4,0.000746,20,0,0,0,0,0,0,True
46,5,2,"[3, 2]","[[0, 1, 1], [1, 3]]",1,2,1,3,PP,"[[3], [1, 1]]",3,2,0.000721,20,0,0,0,0,0,0,True
46,5,2,"[3, 2]","[[0, 1, 1], [1, 3]]",1,2,1,5,PP,"[[3], [1, 1]]",3,2,0.000731,20,0,0,0,0,0,0,True
46,5,2,"[3, 2]","[[0, 1, 1], [1, 3]]",1,2,2,1,PP,"[[1, 1, 1], [1, 1]]",5,6,0.000751,20,0,0,0,0,0,0,True
46,5,2,"[3, 2]","[[0, 1, 1], [1, 3]]",1,2,2,2,PP,"[[2, 1], [2]]",3,2,0.000746,20,0,0,2,2/5,4,4/5,True
46,5,2,"[3, 2]","[[0, 1, 1], [1, 3]]",1,2,2,3,PP,"[[3], [2]]",2,1,0.000741,20,0,0,2,2/5,6,6/5,True
46,5,2,"[3, 2]","[[0, 1, 1], [1, 3]]",1,2,2,5,PP,"[[3], [2]]",2,1,0.000771,20,0,0,2,2/5,8,8/5,True
46,5,2,"[3, 2]","[[0, 1, 1], [1, 3]]",1,2,3,1,PP,"[[1, 1, 1], [1, 1]]",5,6,0.000756,20,0,0,0,0,0,0,True
46,5,2,"[3, 2]","[[0, 1, 1], [1, 3]]",1,2,3,2,PP,"[[2, 1], [2]]",3,2,0.000736,20,0,0,2,2/5,12,12/5,True
46,5,2,"[3, 2]","[[0, 1, 1], [1, 3]]",1,2,3,3,PP,"[[3], [2]]",2,1,0.0007365,20,0,0,2,2/5,18,18/5,True
46,5,2,"[3, 2]","[[0, 1, 1], [1, 3]]",1,2,3,5,PP,"[[3], [2]]",2,1,0.000731,20,0,0,2,2/5,24,24/5,True
47,5,2,"[3, 2]","[[0, 1, 1], [2, 2]]",1,2,0,1,PP,"[[1, 1, 1], [1, 1]]",5,6,0.000721,20,0,0,0,0,0,0,True
47,5,2,"[3, 2]","[[0, 1, 1], [2, 2]]",1,2,0,2,PP,"[[1, 2], [2]]",3,2,0.000711,20,0,0,0,0,0,0,True
47,5,2,"[3, 2]","[[0, 1, 1], [2, 2]]",1,2,0,3,PP,"[[1, 2], [2]]",3,2,0.000711,20,0,0,0,0,0,0,True
47,5,2,"[3, 2]","[[0, 1, 1], [2, 2]]",1,2,0,5,PP,"[[1, 2], [2]]",3,2,0.000726,20,0,0,0,0,0,0,True
47,5,2,"[3, 2]","[[0, 1, 1], [2, 2]]",1,2,1,1,PP,"[[1, 1, 1], [1, 1]]",5,6,0.000746,20,0,0,0,0,0,0,True
47,5,2,"[3, 2]","[[0, 1, 1], [2, 2]]",1,2,1,2,PP,"[[2, 1], [2]]",3,2,0.000736,20,0,0,0,0,0,0,True
47,5,2,"[3, 2]","[[0, 1, 1], [2, 2]]",1,2,1,3,PP,"[[3], [2]]",2,1,0.000716,20,0,0,0,0,0,0,True
47,5,2,"[3, 2]","[[0, 1, 1], [2, 2]]",1,2,1,5,PP,"[[3], [2]]",2,1,0.000726,20,0,0,0,0,0,0,True
47,5,2,"[3, 2]","[[0, 1, 1], [2, 2]]",1,2,2,1,PP,"[[1, 1, 1], [1, 1]]",5,6,0.000741,20,0,0,0,0,0,0,True
47,5,2,"[3, 2]","[[0, 1, 1], [2, 2]]",1,2,2,2,PP,"[[2, 1], [2]]",3,2,0.000741,20,0,0,0,0,4,4/5,True
47,5,2,"[3, 2]","[[0, 1, 1], [2, 2]]",1,2,2,3,PP,"[[3], [2]]",2,1,0.000711,20,0,0,0,0,6,6/5,True
47,5,2,"[3, 2]","[[0, 1, 1], [2, 2]]",1,2,2,5,PP,"[[3], [2]]",2,1,0.000716,20,0,0,0,0,8,8/5,True
47,5,2,"[3, 2]","[[0, 1, 1], [2, 2]]",1,2,3,1,PP,"[[1, 1, 1], [1, 1]]",5,6,0.000736,20,0,0,0,0,0,0,True
47,5,2,"[3, 2]","[[0, 1, 1], [2, 2]]",1,2,3,2,PP,"[[2, 1], [2]]",3,2,0.000721,20,0,0,0,0,12,12/5,True
47,5,2,"[3, 2]","[[0, 1, 1], [2, 2]]",1,2,3,3,PP,"[[3], [2]]",2,1,0.000746,20,0,0,0,0,18,18/5,True
47,5,2,"[3, 2]","[[0, 1, 1], [2, 2]]",1,2,3,5,PP,"[[3], [2]]",2,1,0.000731,20,0,0,0,0,24,24/5,True
48,5,2,"[3, 2]","[[0, 1, 1], [2, 3]]",1,2,0,1,PP,"[[1, 1, 1], [1, 1]]",5,6,0.000741,20,0,0,0,0,0,0,True
48,5,2,"[3, 2]","[[0, 1, 1], [2, 3]]",1,2,0,2,PP,"[[1, 2], [1, 1]]",4,4,0.000716,20,0,0,0,0,0,0,True
48,5,2,"[3, 2]","[[0, 1, 1], [2, 3]]",1,2,0,3,PP,"[[1, 2], [1, 1]]",4,4,0.000741,20,0,0,0,0,0,0,True
48,5,2,"[3, 2]","[[0, 1, 1], [2, 3]]",1,2,0,5,PP,"[[1, 2], [1, 1]]",4,4,0.000732,20,0,0,0,0,0,0,True
48,5,2,"[3, 2]","[[0, 1, 1], [2, 3]]",1,2,1,1,PP,"[[1, 1, 1], [1, 1]]",5,6,0.000741,20,0,0,0,0,0,0,True
48,5,2,"[3, 2]","[[0, 1, 1], [2, 3]]",1,2,1,2,PP,"[[2, 1], [2]]",3,2,0.000736,20,0,0,0,0,0,0,True
48,5,2,"[3, 2]","[[0, 1, 1], [2, 3]]",1,2,1,3,PP,"[[3], [2]]",2,1,0.000711,20,0,0,0,0,0,0,True
48,5,2,"[3, 2]","[[0, 1, 1], [2, 3]]",1,2,1,5,PP,"[[3], [2]]",2,1,0.000741,20,0,0,0,0,0,0,True
48,5,2,"[3, 2]","[[0, 1, 1], [2, 3]]",1,2,2,1,PP,"[[1, 1, 1], [1, 1]]",5,6,0.000761,20,0,0,0,0,0,0,True
48,5,2,"[3, 2]","[[0, 1, 1], [2, 3]]",1,2,2,2,PP,"[[2, 1], [2]]",3,2,0.000751,20,0,0,0,0,4,4/5,True
48,5,2,"[3, 2]","[[0, 1, 1], [2, 3]]",1,2,2,3,PP,"[[3], [2]]",2,1,0.000721,20,0,0,0,0,6,6/5,True
48,5,2,"[3, 2]","[[0, 1, 1], [2, 3]]",1,2,2,5,PP,"[[3], [2]]",2,1,0.000731,20,0,0,0,0,8,8/5,True
48,5,2,"[3, 2]","[[0, 1, 1], [2, 3]]",1,2,3,1,PP,"[[1, 1, 1], [1, 1]]",5,6,0.000756,20,0,0,0,0,0,0,True
48,5,2,"[3, 2]","[[0, 1, 1], [2, 3]]",1,2,3,2,PP,"[[2, 1], [2]]",3,2,0.000741,20,0,0,0,0,12,12/5,True
48,5,2,"[3, 2]","[[0, 1, 1], [2, 3]]",1,2,3,3,PP,"[[3], [2]]",2,1,0.000721,20,0,0,0,0,18,18/5,True
48,5,2,"[3, 2]","[[0, 1, 1], [2, 3]]",1,2,3,5,PP,"[[3], [2]]",2,1,0.000726,20,0,0,0,0,24,24/5,True
49,5,2,"[3, 2]","[[0, 1, 1], [3, 3]]",1,2,0,1,PP,"[[1, 1, 1], [1, 1]]",5,6,0.000741,20,0,0,0,0,0,0,True
49,5,2,"[3, 2]","[[0, 1, 1], [3, 3]]",1,2,0,2,PP,"[[1, 2], [2]]",3,2,0.000741,20,0,0,0,0,0,0,True
49,5,2,"[3, 2]","[[0, 1, 1], [3, 3]]",1,2,0,3,PP,"[[1, 2], [2]]",3,2,0.0007265,20,0,0,0,0,0,0,True
49,5,2,"[3, 2]","[[0, 1, 1], [3, 3]]",1,2,0,5,PP,"[[1, 2], [2]]",3,2,0.000726,20,0,0,0,0,0,0,True
49,5,2,"[3, 2]","[[0, 1, 1], [3, 3]]",1,2,1,1,PP,"[[1, 1, 1], [1, 1]]",5,6,0.000756,20,0,0,0,0,0,0,True
49,5,2,"[3, 2]","[[0, 1, 1], [3, 3]]",1,2,1,2,PP,"[[2, 1], [2]]",3,2,0.000751,20,0,0,0,0,0,0,True
49,5,2,"[3, 2]","[[0, 1, 1], [3, 3]]",1,2,1,3,PP,"[[3], [2]]",2,1,0.000721,20,0,0,0,0,0,0,True
49,5,2,"[3, 2]","[[0, 1, 1], [3, 3]]",1,2,1,5,PP,"[[3], [2]]",2,1,0.000721,20,0,0,0,0,0,0,True
49,5,2,"[3, 2]","[[0, 1, 1], [3, 3]]",1,2,2,1,PP,"[[1, 1, 1], [1, 1]]",5,6,0.000736,20,0,0,0,0,0,0,True
49,5,2,"[3, 2]","[[0, 1, 1], [3, 3]]",1,2,2,2,PP,"[[2, 1], [2]]",3,2,0.0007365,20,0,0,0,0,4,4/5,True
49,5,2,"[3, 2]","[[0, 1, 1], [3, 3]]",1,2,2,3,PP,"[[3], [2]]",2,1,0.000711,20,0,0,0,0,6,6/5,True
49,5,2,"[3, 2]","[[0, 1, 1], [3, 3]]",1,2,2,5,PP,"[[3], [2]]",2,1,0.000736,20,0,0,0,0,8,8/5,True
49,5,2,"[3, 2]","[[0, 1, 1], [3, 3]]",1,2,3,1,PP,"[[1, 1, 1], [1, 1]]",5,6,0.0007465,20,0,0,0,0,0,0,True
49,5,2,"[3, 2]","[[0, 1, 1], [3, 3]]",1,2,3,2,PP,"[[2, 1], [2]]",3,2,0.0007315,20,0,0,0,0,12,12/5,True
49,5,2,"[3, 2]","[[0, 1, 1], [3, 3]]",1,2,3,3,PP,"[[3], [2]]",2,1,0.000721,20,0,0,0,0,18,18/5,True
49,5,2,"[3, 2]","[[0, 1, 1], [3, 3]]",1,2,3,5,PP,"[[3], [2]]",2,1,0.000711,20,0,0,0,0,24,24/5,True
50,5,2,"[3, 2]","[[0, 1, 2], [0, 0]]",1,2,0,1,PP,"[[1, 1, 1], [1, 1]]",5,6,0.0007565,20,0,0,0,0,0,0,True
50,5,2,"[3, 2]","[[0, 1, 2], [0, 0]]",1,2,0,2,PP,"[[1, 1, 1], [2]]",4,3,0.000741,20,0,0,0,0,0,0,True
50,5,2,"[3, 2]","[[0, 1, 2], [0, 0]]",1,2,0,3,PP,"[[1, 1, 1], [2]]",4,3,0.0007565,20,0,0,0,0,0,0,True
50,5,2,"[3, 2]","[[0, 1, 2], [0, 0]]",1,2,0,5,PP,"[[1, 1, 1], [2]]",4,3,0.000732,20,0,0,0,0,0,0,True
50,5,2,"[3, 2]","[[0, 1, 2], [0, 0]]",1,2,1,1,PP,"[[1, 1, 1], [1, 1]]",5,6,0.0007465,20,0,0,0,0,0,0,True
50,5,2,"[3, 2]","[[0, 1, 2], [0, 0]]",1,2,1,2,PP,"[[2, 1], [2]]",3,2,0.000736,20,0,0,0,0,0,0,True
50,5,2,"[3, 2]","[[0, 1, 2], [0, 0]]",1,2,1,3,PP,"[[3], [2]]",2,1,0.0007365,20,0,0,0,0,0,0,True
50,5,2,"[3, 2]","[[0, 1, 2], [0, 0]]",1,2,1,5,PP,"[[3], [2]]",2,1,0.000741,20,0,0,0,0,0,0,True
50,5,2,"[3, 2]","[[0, 1, 2], [0, 0]]",1,2,2,1,PP,"[[1, 1, 1], [1, 1]]",5,6,0.0007565,20,0,0,0,0,0,0,True
50,5,2,"[3, 2]","[[0, 1, 2], [0, 0]]",1,2,2,2,PP,"[[2, 1], [2]]",3,2,0.000776,20,0,0,0,0,4,4/5,True
50,5,2,"[3, 2]","[[0, 1, 2], [0, 0]]",1,2,2,3,PP,"[[3], [2]]",2,1,0.000741,20,0,0,0,0,6,6/5,True
50,5,2,"[3, 2]","[[0, 1, 2], [0, 0]]",1,2,2,5,PP,"[[3], [2]]",2,1,0.000731,20,0,0,0,0,8,8/5,True
50,5,2,"[3, 2]","[[0, 1, 2], [0, 0]]",1,2,3,1,PP,"[[1, 1, 1], [1, 1]]",5,6,0.0007815,20,0,0,0,0,0,0,True
50,5,2,"[3, 2]","[[0, 1, 2], [0, 0]]",1,2,3,2,PP,"[[2, 1], [2]]",3,2,0.000741,20,0,0,0,0,12,12/5,True
50,5,2,"[3, 2]","[[0, 1, 2], [0, 0]]",1,2,3,3,PP,"[[3], [2]]",2,1,0.000751,20,0,0,0,0,18,18/5,True
50,5,2,"[3, 2]","[[0, 1, 2], [0, 0]]",1,2,3,5,PP,"[[3], [2]]",2,1,0.000731,20,0,0,0,0,24,24/5,True
51,5,2,"[3, 2]","[[0, 1, 2], [0, 1]]",1,2,0,1,PP,"[[1, 1, 1], [1, 1]]",5,6,0.000752,20,0,0,0,0,0,0,True
51,5,2,"[3, 2]","[[0, 1, 2], [0, 1]]",1,2,0,2,PP,"[[1, 1, 1], [1, 1]]",5,6,0.000721,20,0,0,0,0,0,0,True
51,5,2,"[3, 2]","[[0, 1, 2], [0, 1]]",1,2,0,3,PP,"[[1, 1, 1], [1, 1]]",5,6,0.000751,20,0,0,0,0,0,0,True
51,5,2,"[3, 2]","[[0, 1, 2], [0, 1]]",1,2,0,5,PP,"[[1, 1, 1], [1, 1]]",5,6,0.000741,20,0,0,0,0,0,0,True
51,5,2,"[3, 2]","[[0, 1, 2], [0, 1]]",1,2,1,1,PP,"[[1, 1, 1], [1, 1]]",5,6,0.000771,20,0,0,0,0,0,0,True
51,5,2,"[3, 2]","[[0, 1, 2], [0, 1]]",1,2,1,2,PP,"[[2, 1], [2]]",3,2,0.000741,20,0,0,0,0,0,0,True
51,5,2,"[3, 2]","[[0, 1, 2], [0, 1]]",1,2,1,3,PP,"[[3], [2]]",2,1,0.0007265,20,0,0,0,0,0,0,True
51,5,2,"[3, 2]","[[0, 1, 2], [0, 1]]",1,2,1,5,PP,"[[3], [2]]",2,1,0.0007265,20,0,0,0,0,0,0,True
51,5,2,"[3, 2]","[[0, 1, 2], [0, 1]]",1,2,2,1,PP,"[[1, 1, 1], [1, 1]]",5,6,0.0007315,20,0,0,0,0,0,0,True
51,5,2,"[3, 2]","[[0, 1, 2], [0, 1]]",1,2,2,2,PP,"[[2, 1], [2]]",3,2,0.000721,20,0,0,0,0,4,4/5,True
51,5,2,"[3, 2]","[[0, 1, 2], [0, 1]]",1,2,2,3,PP,"[[3], [2]]",2,1,0.000721,20,0,0,0,0,6,6/5,True
51,5,2,"[3, 2]","[[0, 1, 2], [0, 1]]",1,2,2,5,PP,"[[3], [2]]",2,1,0.000716,20,0,0,0,0,8,8/5,True
51,5,2,"[3, 2]","[[0, 1, 2], [0, 1]]",1,2,3,1,PP,"[[1, 1, 1], [1, 1]]",5,6,0.000746,20,0,0,0,0,0,0,True
51,5,2,"[3, 2]","[[0, 1, 2], [0, 1]]",1,2,3,2,PP,"[[2, 1], [2]]",3,2,0.000736,20,0,0,0,0,12,12/5,True
51,5,2,"[3, 2]","[[0, 1, 2], [0, 1]]",1,2,3,3,PP,"[[3], [2]]",2,1,0.000711,20,0,0,0,0,18,18/5,True
51,5,2,"[3, 2]","[[0, 1, 2], [0, 1]]",1,2,3,5,PP,"[[3], [2]]",2,1,0.000711,20,0,0,0,0,24,24/5,True
52,5,2,"[3, 2]","[[0, 1, 2], [0, 2]]",1,2,0,1,PP,"[[1, 1, 1], [1, 1]]",5,6,0.000736,20,0,0,0,0,0,0,True
52,5,2,"[3, 2]","[[0, 1, 2], [0, 2]]",1,2,0,2,PP,"[[1, 1, 1], [1, 1]]",5,6,0.000721,20,0,0,0,0,0,0,True
52,5,2,"[3, 2]","[[0, 1, 2], [0, 2]]",1,2,0,3,PP,"[[1, 1, 1], [1, 1]]",5,6,0.000726,20,0,0,0,0,0,0,True
52,5,2,"[3, 2]","[[0, 1, 2], [0, 2]]",1,2,0,5,PP,"[[1, 1, 1], [1, 1]]",5,6,0.0007265,20,0,0,0,0,0,0,True
52,5,2,"[3, 2]","[[0, 1, 2], [0, 2]]",1,2,1,1,PP,"[[1, 1, 1], [1, 1]]",5,6,0.000721,20,0,0,0,0,0,0,True
52,5,2,"[3, 2]","[[0, 1, 2], [0, 2]]",1,2,1,2,PP,"[[2, 1], [1, 1]]",4,4,0.000741,20,0,0,0,0,0,0,True
52,5,2,"[3, 2]","[[0, 1, 2], [0, 2]]",1,2,1,3,PP,"[[3], [1, 1]]",3,2,0.000746,20,0,0,0,0,0,0,True
52,5,2,"[3, 2]","[[0, 1, 2], [0, 2]]",1,2,1,5,PP,"[[3], [1, 1]]",3,2,0.000731,20,0,0,0,0,0,0,True
52,5,2,"[3, 2]","[[0, 1, 2], [0, 2]]",1,2,2,1,PP,"[[1, 1, 1], [1, 1]]",5,6,0.0007415,20,0,0,0,0,0,0,True
52,5,2,"[3, 2]","[[0, 1, 2], [0, 2]]",1,2,2,2,PP,"[[2, 1], [2]]",3,2,0.000746,20,0,0,2,2/5,4,4/5,True
52,5,2,"[3, 2]","[[0, 1, 2], [0, 2]]",1,2,2,3,PP,"[[3], [2]]",2,1,0.000741,20,0,0,2,2/5,6,6/5,True
52,5,2,"[3, 2]","[[0, 1, 2], [0, 2]]",1,2,2,5,PP,"[[3], [2]]",2,1,0.000731,20,0,0,2,2/5,8,8/5,True
52,5,2,"[3, 2]","[[0, 1, 2], [0, 2]]",1,2,3,1,PP,"[[1, 1, 1], [1, 1]]",5,6,0.000741,20,0,0,0,0,0,0,True
52,5,2,"[3, 2]","[[0, 1, 2], [0, 2]]",1,2,3,2,PP,"[[2, 1], [2]]",3,2,0.000736,20,0,0,2,2/5,12,12/5,True
52,5,2,"[3, 2]","[[0, 1, 2], [0, 2]]",1,2,3,3,PP,"[[3], [2]]",2,1,0.000731,20,0,0,2,2/5,18,18/5,True
52,5,2,"[3, 2]","[[0, 1, 2], [0, 2]]",1,2,3,5,PP,"[[3], [2]]",2,1,0.0007165,20,0,0,2,2/5,24,24/5,True
53,5,2,"[3, 2]","[[0, 1, 2], [0, 3]]",1,2,0,1,PP,"[[1, 1, 1], [1, 1]]",5,6,0.000746,20,0,0,0,0,0,0,True
53,5,2,"[3, 2]","[[0, 1, 2], [0, 3]]",1,2,0,2,PP,"[[1, 1, 1], [1, 1]]",5,6,0.0007215,20,0,0,0,0,0,0,True
53,5,2,"[3, 2]","[[0, 1, 2], [0, 3]]",1,2,0,3,PP,"[[1, 1, 1], [1, 1]]",5,6,0.000741,20,0,0,0,0,0,0,True
53,5,2,"[3, 2]","[[0, 1, 2], [0, 3]]",1,2,0,5,PP,"[[1, 1, 1], [1, 1]]",5,6,0.000741,20,0,0,0,0,0,0,True
53,5,2,"[3, 2]","[[0, 1, 2], [0, 3]]",1,2,1,1,PP,"[[1, 1, 1], [1, 1]]",5,6,0.000736,20,0,0,0,0,0,0,True
53,5,2,"[3, 2]","[[0, 1, 2], [0, 3]]",1,2,1,2,PP,"[[2, 1], [1, 1]]",4,4,0.000756,20,0,0,0,0,0,0,True
53,5,2,"[3, 2]","[[0, 1, 2], [0, 3]]",1,2,1,3,PP,"[[3], [1, 1]]",3,2,0.000721,20,0,0,0,0,0,0,True
53,5,2,"[3, 2]","[[0, 1, 2], [0, 3]]",1,2,1,5,PP,"[[3], [1, 1]]",3,2,0.0007365,20,0,0,0,0,0,0,True
53,5,2,"[3, 2]","[[0, 1, 2], [0, 3]]",1,2,2,1,PP,"[[1, 1, 1], [1, 1]]",5,6,0.000756,20,0,0,0,0,0,0,True
53,5,2,"[3, 2]","[[0, 1, 2], [0, 3]]",1,2,2,2,PP,"[[2, 1], [1, 1]]",4,4,0.000751,20,0,0,0,0,4,4/5,True
53,5,2,"[3, 2]","[[0, 1, 2], [0, 3]]",1,2,2,3,PP,"[[3], [1, 1]]",3,2,0.000736,20,0,0,0,0,6,6/5,True
53,5,2,"[3, 2]","[[0, 1, 2], [0, 3]]",1,2,2,5,PP,"[[3], [1, 1]]",3,2,0.000736,20,0,0,0,0,8,8/5,True
53,5,2,"[3, 2]","[[0, 1, 2], [0, 3]]",1,2,3,1,PP,"[[1, 1, 1], [1, 1]]",5,6,0.000751,20,0,0,0,0,0,0,True
53,5,2,"[3, 2]","[[0, 1, 2], [0, 3]]",1,2,3,2,PP,"[[2, 1], [2]]",3,2,0.000731,20,0,0,6,6/5,12,12/5,True
53,5,2,"[3, 2]","[[0, 1, 2], [0, 3]]",1,2,3,3,PP,"[[3], [2]]",2,1,0.000721,20,0,0,6,6/5,18,18/5,True
53,5,2,"[3, 2]","[[0, 1, 2], [0, 3]]",1,2,3,5,PP,"[[3], [2]]",2,1,0.000791,20,0,0,6,6/5,24,24/5,True
54,5,2,"[3, 2]","[[0, 1, 2], [1, 1]]",1,2,0,1,PP,"[[1, 1, 1], [1, 1]]",5,6,0.000821,20,0,0,0,0,0,0,True
54,5,2,"[3, 2]","[[0, 1, 2], [1, 1]]",1,2,0,2,PP,"[[1, 1, 1], [2]]",4,3,0.000821,20,0,0,0,0,0,0,True
54,5,2,"[3, 2]","[[0, 1, 2], [1, 1]]",1,2,0,3,PP,"[[1, 1, 1], [2]]",4,3,0.0007915,20,0,0,0,0,0,0,True
54,5,2,"[3, 2]","[[0, 1, 2], [1, 1]]",1,2,0,5,PP,"[[1, 1, 1], [2]]",4,3,0.0007915,20,0,0,0,0,0,0,True
54,5,2,"[3, 2]","[[0, 1, 2], [1, 1]]",1,2,1,1,PP,"[[1, 1, 1], [1, 1]]",5,6,0.000831,20,0,0,0,0,0,0,True
54,5,2,"[3, 2]","[[0, 1, 2], [1, 1]]",1,2,1,2,PP,"[[2, 1], [2]]",3,2,0.0008265,20,0,0,0,0,0,0,True
54,5,2,"[3, 2]","[[0, 1, 2], [1, 1]]",1,2,1,3,PP,"[[3], [2]]",2,1,0.000822,20,0,0,0,0,0,0,True
54,5,2,"[3, 2]","[[0, 1, 2], [1, 1]]",1,2,1,5,PP,"[[3], [2]]",2,1,0.000801,20,0,0,0,0,0,0,True
54,5,2,"[3, 2]","[[0, 1, 2], [1, 1]]",1,2,2,1,PP,"[[1, 1, 1], [1, 1]]",5,6,0.000792,20,0,0,0,0,0,0,True
54,5,2,"[3, 2]","[[0, 1, 2], [1, 1]]",1,2,2,2,PP,"[[2, 1], [2]]",3,2,0.0007915,20,0,0,0,0,4,4/5,True
54,5,2,"[3, 2]","[[0, 1, 2], [1, 1]]",1,2,2,3,PP,"[[3], [2]]",2,1,0.000791,20,0,0,0,0,6,6/5,True
54,5,2,"[3, 2]","[[0, 1, 2], [1, 1]]",1,2,2,5,PP,"[[3], [2]]",2,1,0.000786,20,0,0,0,0,8,8/5,True
54,5,2,"[3, 2]","[[0, 1, 2], [1, 1]]",1,2,3,1,PP,"[[1, 1, 1], [1, 1]]",5,6,0.000801,20,0,0,0,0,0,0,True
54,5,2,"[3, 2]","[[0, 1, 2], [1, 1]]",1,2,3,2,PP,"[[2, 1], [2]]",3,2,0.000786,20,0,0,0,0,12,12/5,True
54,5,2,"[3, 2]","[[0, 1, 2], [1, 1]]",1,2,3,3,PP,"[[3], [2]]",2,1,0.0007765,20,0,0,0,0,18,18/5,True
54,5,2,"[3, 2]","[[0, 1, 2], [1, 1]]",1,2,3,5,PP,"[[3], [2]]",2,1,0.000791,20,0,0,0,0,24,24/5,True
55,5,2,"[3, 2]","[[0, 1, 2], [1, 2]]",1,2,0,1,PP,"[[1, 1, 1], [1, 1]]",5,6,0.000787,20,0,0,0,0,0,0,True
55,5,2,"[3, 2]","[[0, 1, 2], [1, 2]]",1,2,0,2,PP,"[[1, 1, 1], [1, 1]]",5,6,0.000796,20,0,0,0,0,0,0,True
55,5,2,"[3, 2]","[[0, 1, 2], [1, 2]]",1,2,0,3,PP,"[[1, 1, 1], [1, 1]]",5,6,0.000777,20,0,0,0,0,0,0,True
55,5,2,"[3, 2]","[[0, 1, 2], [1, 2]]",1,2,0,5,PP,"[[1, 1, 1], [1, 1]]",5,6,0.000801,20,0,0,0,0,0,0,True
55,5,2,"[3, 2]","[[0, 1, 2], [1, 2]]",1,2,1,1,PP,"[[1, 1, 1], [1, 1]]",5,6,0.0008065,20,0,0,0,0,0,0,True
55,5,2,"[3, 2]","[[0, 1, 2], [1, 2]]",1,2,1,2,PP,"[[2, 1], [2]]",3,2,0.000791,20,0,0,0,0,0,0,True
55,5,2,"[3, 2]","[[0, 1, 2], [1, 2]]",1,2,1,3,PP,"[[3], [2]]",2,1,0.000711,20,0,0,0,0,0,0,True
55,5,2,"[3, 2]","[[0, 1, 2], [1, 2]]",1,2,1,5,PP,"[[3], [2]]",2,1,0.000716,20,0,0,0,0,0,0,True
55,5,2,"[3, 2]","[[0, 1, 2], [1, 2]]",1,2,2,1,PP,"[[1, 1, 1], [1, 1]]",5,6,0.000746,20,0,0,0,0,0,0,True
55,5,2,"[3, 2]","[[0, 1, 2], [1, 2]]",1,2,2,2,PP,"[[2, 1], [2]]",3,2,0.000711,20,0,0,0,0,4,4/5,True
55,5,2,"[3, 2]","[[0, 1, 2], [1, 2]]",1,2,2,3,PP,"[[3], [2]]",2,1,0.000711,20,0,0,0,0,6,6/5,True
55,5,2,"[3, 2]","[[0, 1, 2], [1, 2]]",1,2,2,5,PP,"[[3], [2]]",2,1,0.000711,20,0,0,0,0,8,8/5,True
55,5,2,"[3, 2]","[[0, 1, 2], [1, 2]]",1,2,3,1,PP,"[[1, 1, 1], [1, 1]]",5,6,0.000726,20,0,0,0,0,0,0,True
55,5,2,"[3, 2]","[[0, 1, 2], [1, 2]]",1,2,3,2,PP,"[[2, 1], [2]]",3,2,0.000721,20,0,0,0,0,12,12/5,True
55,5,2,"[3, 2]","[[0, 1, 2], [1, 2]]",1,2,3,3,PP,"[[3], [2]]",2,1,0.000781,20,0,0,0,0,18,18/5,True
55,5,2,"[3, 2]","[[0, 1, 2], [1, 2]]",1,2,3,5,PP,"[[3], [2]]",2,1,0.0007965,20,0,0,0,0,24,24/5,True
56,5,2,"[3, 2]","[[0, 1, 2], [1, 3]]",1,2,0,1,PP,"[[1, 1, 1], [1, 1]]",5,6,0.0008115,20,0,0,0,0,0,0,True
56,5,2,"[3, 2]","[[0, 1, 2], [1, 3]]",1,2,0,2,PP,"[[1, 1, 1], [1, 1]]",5,6,0.0007815,20,0,0,0,0,0,0,True
56,5,2,"[3, 2]","[[0, 1, 2], [1, 3]]",1,2,0,3,PP,"[[1, 1, 1], [1, 1]]",5,6,0.0007965,20,0,0,0,0,0,0,True
56,5,2,"[3, 2]","[[0, 1, 2], [1, 3]]",1,2,0,5,PP,"[[1, 1, 1], [1, 1]]",5,6,0.0007965,20,0,0,0,0,0,0,True
56,5,2,"[3, 2]","[[0, 1, 2], [1, 3]]",1,2,1,1,PP,"[[1, 1, 1], [1, 1]]",5,6,0.0008115,20,0,0,0,0,0,0,True
56,5,2,"[3, 2]","[[0, 1, 2], [1, 3]]",1,2,1,2,PP,"[[2, 1], [1, 1]]",4,4,0.0008065,20,0,0,0,0,0,0,True
56,5,2,"[3, 2]","[[0, 1, 2], [1, 3]]",1,2,1,3,PP,"[[3], [1, 1]]",3,2,0.000781,20,0,0,0,0,0,0,True
56,5,2,"[3, 2]","[[0, 1, 2], [1, 3]]",1,2,1,5,PP,"[[3], [1, 1]]",3,2,0.0007915,20,0,0,0,0,0,0,True
56,5,2,"[3, 2]","[[0, 1, 2], [1, 3]]",1,2,2,1,PP,"[[1, 1, 1], [1, 1]]",5,6,0.0008065,20,0,0,0,0,0,0,True
56,5,2,"[3, 2]","[[0, 1, 2], [1, 3]]",1,2,2,2,PP,"[[2, 1], [2]]",3,2,0.0007865,20,0,0,2,2/5,4,4/5,True
56,5,2,"[3, 2]","[[0, 1, 2], [1, 3]]",1,2,2,3,PP,"[[3], [2]]",2,1,0.000781,20,0,0,2,2/5,6,6/5,True
56,5,2,"[3, 2]","[[0, 1, 2], [1, 3]]",1,2,2,5,PP,"[[3], [2]]",2,1,0.0007965,20,0,0,2,2/5,8,8/5,True
56,5,2,"[3, 2]","[[0, 1, 2], [1, 3]]",1,2,3,1,PP,"[[1, 1, 1], [1, 1]]",5,6,0.0008015,20,0,0,0,0,0,0,True
56,5,2,"[3, 2]","[[0, 1, 2], [1, 3]]",1,2,3,2,PP,"[[2, 1], [2]]",3,2,0.0008165,20,0,0,2,2/5,12,12/5,True
56,5,2,"[3, 2]","[[0, 1, 2], [1, 3]]",1,2,3,3,PP,"[[3], [2]]",2,1,0.0007815,20,0,0,2,2/5,18,18/5,True
56,5,2,"[3, 2]","[[0, 1, 2], [1, 3]]",1,2,3,5,PP,"[[3], [2]]",2,1,0.000796,20,0,0,2,2/5,24,24/5,True
57,5,2,"[3, 2]","[[0, 1, 2], [2, 2]]",1,2,0,1,PP,"[[1, 1, 1], [1, 1]]",5,6,0.000811,20,0,0,0,0,0,0,True
57,5,2,"[3, 2]","[[0, 1, 2], [2, 2]]",1,2,0,2,PP,"[[1, 1, 1], [2]]",4,3,0.000811,20,0,0,0,0,0,0,True
57,5,2,"[3, 2]","[[0, 1, 2], [2, 2]]",1,2,0,3,PP,"[[1, 1, 1], [2]]",4,3,0.000801,20,0,0,0,0,0,0,True
57,5,2,"[3, 2]","[[0, 1, 2], [2, 2]]",1,2,0,5,PP,"[[1, 1, 1], [2]]",4,3,0.000731,20,0,0,0,0,0,0,True
57,5,2,"[3, 2]","[[0, 1, 2], [2, 2]]",1,2,1,1,PP,"[[1, 1, 1], [1, 1]]",5,6,0.000746,20,0,0,0,0,0,0,True
57,5,2,"[3, 2]","[[0, 1, 2], [2, 2]]",1,2,1,2,PP,"[[2, 1], [2]]",3,2,0.000741,20,0,0,0,0,0,0,True
57,5,2,"[3, 2]","[[0, 1, 2], [2, 2]]",1,2,1,3,PP,"[[3], [2]]",2,1,0.000726,20,0,0,0,0,0,0,True
57,5,2,"[3, 2]","[[0, 1, 2], [2, 2]]",1,2,1,5,PP,"[[3], [2]]",2,1,0.000726,20,0,0,0,0,0,0,True
57,5,2,"[3, 2]","[[0, 1, 2], [2, 2]]",1,2,2,1,PP,"[[1, 1, 1], [1, 1]]",5,6,0.000726,20,0,0,0,0,0,0,True
57,5,2,"[3, 2]","[[0, 1, 2], [2, 2]]",1,2,2,2,PP,"[[2, 1], [2]]",3,2,0.000731,20,0,0,0,0,4,4/5,True
57,5,2,"[3, 2]","[[0, 1, 2], [2, 2]]",1,2,2,3,PP,"[[3], [2]]",2,1,0.0007365,20,0,0,0,0,6,6/5,True
57,5,2,"[3, 2]","[[0, 1, 2], [2, 2]]",1,2,2,5,PP,"[[3], [2]]",2,1,0.0007315,20,0,0,0,0,8,8/5,True
57,5,2,"[3, 2]","[[0, 1, 2], [2, 2]]",1,2,3,1,PP,"[[1, 1, 1], [1, 1]]",5,6,0.000771,20,0,0,0,0,0,0,True
57,5,2,"[3, 2]","[[0, 1, 2], [2, 2]]",1,2,3,2,PP,"[[2, 1], [2]]",3,2,0.0007415,20,0,0,0,0,12,12/5,True
57,5,2,"[3, 2]","[[0, 1, 2], [2, 2]]",1,2,3,3,PP,"[[3], [2]]",2,1,0.000711,20,0,0,0,0,18,18/5,True
57,5,2,"[3, 2]","[[0, 1, 2], [2, 2]]",1,2,3,5,PP,"[[3], [2]]",2,1,0.0007265,20,0,0,0,0,24,24/5,True
58,5,2,"[3, 2]","[[0, 1, 2], [2, 3]]",1,2,0,1,PP,"[[1, 1, 1], [1, 1]]",5,6,0.0007065,20,0,0,0,0,0,0,True
58,5,2,"[3, 2]","[[0, 1, 2], [2, 3]]",1,2,0,2,PP,"[[1, 1, 1], [1, 1]]",5,6,0.000711,20,0,0,0,0,0,0,True
58,5,2,"[3, 2]","[[0, 1, 2], [2, 3]]",1,2,0,3,PP,"[[1, 1, 1], [1, 1]]",5,6,0.000711,20,0,0,0,0,0,0,True
58,5,2,"[3, 2]","[[0, 1, 2], [2, 3]]",1,2,0,5,PP,"[[1, 1, 1], [1, 1]]",5,6,0.000696,20,0,0,0,0,0,0,True
58,5,2,"[3, 2]","[[0, 1, 2], [2, 3]]",1,2,1,1,PP,"[[1, 1, 1], [1, 1]]",5,6,0.0007215,20,0,0,0,0,0,0,True
58,5,2,"[3, 2]","[[0, 1, 2], [2, 3]]",1,2,1,2,PP,"[[2, 1], [2]]",3,2,0.000711,20,0,0,0,0,0,0,True
58,5,2,"[3, 2]","[[0, 1, 2], [2, 3]]",1,2,1,3,PP,"[[3], [2]]",2,1,0.000721,20,0,0,0,0,0,0,True
58,5,2,"[3, 2]","[[0, 1, 2], [2, 3]]",1,2,1,5,PP,"[[3], [2]]",2,1,0.000721,20,0,0,0,0,0,0,True
58,5,2,"[3, 2]","[[0, 1, 2], [2, 3]]",1,2,2,1,PP,"[[1, 1, 1], [1, 1]]",5,6,0.000721,20,0,0,0,0,0,0,True
58,5,2,"[3, 2]","[[0, 1, 2], [2, 3]]",1,2,2,2,PP,"[[2, 1], [2]]",3,2,0.0007215,20,0,0,0,0,4,4/5,True
58,5,2,"[3, 2]","[[0, 1, 2], [2, 3]]",1,2,2,3,PP,"[[3], [2]]",2,1,0.000721,20,0,0,0,0,6,6/5,True
58,5,2,"[3, 2]","[[0, 1, 2], [2, 3]]",1,2,2,5,PP,"[[3], [2]]",2,1,0.000721,20,0,0,0,0,8,8/5,True
58,5,2,"[3, 2]","[[0, 1, 2], [2, 3]]",1,2,3,1,PP,"[[1, 1, 1], [1, 1]]",5,6,0.000731,20,0,0,0,0,0,0,True
58,5,2,"[3, 2]","[[0, 1, 2], [2, 3]]",1,2,3,2,PP,"[[2, 1], [2]]",3,2,0.000726,20,0,0,0,0,12,12/5,True
58,5,2,"[3, 2]","[[0, 1, 2], [2, 3]]",1,2,3,3,PP,"[[3], [2]]",2,1,0.000731,20,0,0,0,0,18,18/5,True
58,5,2,"[3, 2]","[[0, 1, 2], [2, 3]]",1,2,3,5,PP,"[[3], [2]]",2,1,0.000721,20,0,0,0,0,24,24/5,True
59,5,2,"[3, 2]","[[0, 1, 2], [3, 3]]",1,2,0,1,PP,"[[1, 1, 1], [1, 1]]",5,6,0.000711,20,0,0,0,0,0,0,True
59,5,2,"[3, 2]","[[0, 1, 2], [3, 3]]",1,2,0,2,PP,"[[1, 1, 1], [2]]",4,3,0.000731,20,0,0,0,0,0,0,True
59,5,2,"[3, 2]","[[0, 1, 2], [3, 3]]",1,2,0,3,PP,"[[1, 1, 1], [2]]",4,3,0.000741,20,0,0,0,0,0,0,True
59,5,2,"[3, 2]","[[0, 1, 2], [3, 3]]",1,2,0,5,PP,"[[1, 1, 1], [2]]",4,3,0.0007365,20,0,0,0,0,0,0,True
59,5,2,"[3, 2]","[[0, 1, 2], [3, 3]]",1,2,1,1,PP,"[[1, 1, 1], [1, 1]]",5,6,0.000721,20,0,0,0,0,0,0,True
59,5,2,"[3, 2]","[[0, 1, 2], [3, 3]]",1,2,1,2,PP,"[[2, 1], [2]]",3,2,0.0007315,20,0,0,0,0,0,0,True
59,5,2,"[3, 2]","[[0, 1, 2], [3, 3]]",1,2,1,3,PP,"[[3], [2]]",2,1,0.000736,20,0,0,0,0,0,0,True
59,5,2,"[3, 2]","[[0, 1, 2], [3, 3]]",1,2,1,5,PP,"[[3], [2]]",2,1,0.000701,20,0,0,0,0,0,0,True
59,5,2,"[3, 2]","[[0, 1, 2], [3, 3]]",1,2,2,1,PP,"[[1, 1, 1], [1, 1]]",5,6,0.000726,20,0,0,0,0,0,0,True
59,5,2,"[3, 2]","[[0, 1, 2], [3, 3]]",1,2,2,2,PP,"[[2, 1], [2]]",3,2,0.0007115,20,0,0,0,0,4,4/5,True
59,5,2,"[3, 2]","[[0, 1, 2], [3, 3]]",1,2,2,3,PP,"[[3], [2]]",2,1,0.000711,20,0,0,0,0,6,6/5,True
59,5,2,"[3, 2]","[[0, 1, 2], [3, 3]]",1,2,2,5,PP,"[[3], [2]]",2,1,0.000716,20,0,0,0,0,8,8/5,True
59,5,2,"[3, 2]","[[0, 1, 2], [3, 3]]",1,2,3,1,PP,"[[1, 1, 1], [1, 1]]",5,6,0.000736,20,0,0,0,0,0,0,True
59,5,2,"[3, 2]","[[0, 1, 2], [3, 3]]",1,2,3,2,PP,"[[2, 1], [2]]",3,2,0.0007115,20,0,0,0,0,12,12/5,True
59,5,2,"[3, 2]","[[0, 1, 2], [3, 3]]",1,2,3,3,PP,"[[3], [2]]",2,1,0.000721,20,0,0,0,0,18,18/5,True
59,5,2,"[3, 2]","[[0, 1, 2], [3, 3]]",1,2,3,5,PP,"[[3], [2]]",2,1,0.0007665,20,0,0,0,0,24,24/5,True
60,5,2,"[3, 2]","[[0, 1, 3], [0, 0]]",1,2,0,1,PP,"[[1, 1, 1], [1, 1]]",5,6,0.000731,20,0,0,0,0,0,0,True
60,5,2,"[3, 2]","[[0, 1, 3], [0, 0]]",1,2,0,2,PP,"[[1, 1, 1], [2]]",4,3,0.000706,20,0,0,0,0,0,0,True
60,5,2,"[3, 2]","[[0, 1, 3], [0, 0]]",1,2,0,3,PP,"[[1, 1, 1], [2]]",4,3,0.000726,20,0,0,0,0,0,0,True
60,5,2,"[3, 2]","[[0, 1, 3], [0, 0]]",1,2,0,5,PP,"[[1, 1, 1], [2]]",4,3,0.000711,20,0,0,0,0,0,0,True
60,5,2,"[3, 2]","[[0, 1, 3], [0, 0]]",1,2,1,1,PP,"[[1, 1, 1], [1, 1]]",5,6,0.000726,20,0,0,0,0,0,0,True
60,5,2,"[3, 2]","[[0, 1, 3], [0, 0]]",1,2,1,2,PP,"[[2, 1], [2]]",3,2,0.000721,20,0,0,0,0,0,0,True
60,5,2,"[3, 2]","[[0, 1, 3], [0, 0]]",1,2,1,3,PP,"[[2, 1], [2]]",3,2,0.000721,20,0,0,0,0,0,0,True
60,5,2,"[3, 2]","[[0, 1, 3], [0, 0]]",1,2,1,5,PP,"[[2, 1], [2]]",3,2,0.000721,20,0,0,0,0,0,0,True
60,5,2,"[3, 2]","[[0, 1, 3], [0, 0]]",1,2,2,1,PP,"[[1, 1, 1], [1, 1]]",5,6,0.000731,20,0,0,0,0,0,0,True
60,5,2,"[3, 2]","[[0, 1, 3], [0, 0]]",1,2,2,2,PP,"[[2, 1], [2]]",3,2,0.000731,20,0,0,0,0,4,4/5,True
60,5,2,"[3, 2]","[[0, 1, 3], [0, 0]]",1,2,2,3,PP,"[[3], [2]]",2,1,0.000716,20,0,0,1,1/5,6,6/5,True
60,5,2,"[3, 2]","[[0, 1, 3], [0, 0]]",1,2,2,5,PP,"[[3], [2]]",2,1,0.0007265,20,0,0,1,1/5,8,8/5,True
60,5,2,"[3, 2]","[[0, 1, 3], [0, 0]]",1,2,3,1,PP,"[[1, 1, 1], [1, 1]]",5,6,0.000736,20,0,0,0,0,0,0,True
60,5,2,"[3, 2]","[[0, 1, 3], [0, 0]]",1,2,3,2,PP,"[[2, 1], [2]]",3,2,0.0007215,20,0,0,0,0,12,12/5,True
60,5,2,"[3, 2]","[[0, 1, 3], [0, 0]]",1,2,3,3,PP,"[[3], [2]]",2,1,0.0007165,20,0,0,1,1/5,18,18/5,True
60,5,2,"[3, 2]","[[0, 1, 3], [0, 0]]",1,2,3,5,PP,"[[3], [2]]",2,1,0.000736,20,0,0,1,1/5,24,24/5,True
61,5,2,"[3, 2]","[[0, 1, 3], [0, 1]]",1,2,0,1,PP,"[[1, 1, 1], [1, 1]]",5,6,0.0007515,20,0,0,0,0,0,0,True
61,5,2,"[3, 2]","[[0, 1, 3], [0, 1]]",1,2,0,2,PP,"[[1, 1, 1], [1, 1]]",5,6,0.000731,20,0,0,0,0,0,0,True
61,5,2,"[3, 2]","[[0, 1, 3], [0, 1]]",1,2,0,3,PP,"[[1, 1, 1], [1, 1]]",5,6,0.0007315,20,0,0,0,0,0,0,True
61,5,2,"[3, 2]","[[0, 1, 3], [0, 1]]",1,2,0,5,PP,"[[1, 1, 1], [1, 1]]",5,6,0.000741,20,0,0,0,0,0,0,True
61,5,2,"[3, 2]","[[0, 1, 3], [0, 1]]",1,2,1,1,PP,"[[1, 1, 1], [1, 1]]",5,6,0.0007315,20,0,0,0,0,0,0,True
61,5,2,"[3, 2]","[[0, 1, 3], [0, 1]]",1,2,1,2,PP,"[[2, 1], [2]]",3,2,0.000721,20,0,0,0,0,0,0,True
61,5,2,"[3, 2]","[[0, 1, 3], [0, 1]]",1,2,1,3,PP,"[[2, 1], [2]]",3,2,0.000711,20,0,0,0,0,0,0,True
61,5,2,"[3, 2]","[[0, 1, 3], [0, 1]]",1,2,1,5,PP,"[[2, 1], [2]]",3,2,0.000706,20,0,0,0,0,0,0,True
61,5,2,"[3, 2]","[[0, 1, 3], [0, 1]]",1,2,2,1,PP,"[[1, 1, 1], [1, 1]]",5,6,0.000721,20,0,0,0,0,0,0,True
61,5,2,"[3, 2]","[[0, 1, 3], [0, 1]]",1,2,2,2,PP,"[[2, 1], [2]]",3,2,0.0007165,20,0,0,0,0,4,4/5,True
61,5,2,"[3, 2]","[[0, 1, 3], [0, 1]]",1,2,2,3,PP,"[[3], [2]]",2,1,0.0007115,20,0,0,1,1/5,6,6/5,True
61,5,2,"[3, 2]","[[0, 1, 3], [0, 1]]",1,2,2,5,PP,"[[3], [2]]",2,1,0.000706,20,0,0,1,1/5,8,8/5,True
61,5,2,"[3, 2]","[[0, 1, 3], [0, 1]]",1,2,3,1,PP,"[[1, 1, 1], [1, 1]]",5,6,0.000726,20,0,0,0,0,0,0,True
61,5,2,"[3, 2]","[[0, 1, 3], [0, 1]]",1,2,3,2,PP,"[[2, 1], [2]]",3,2,0.000716,20,0,0,0,0,12,12/5,True
61,5,2,"[3, 2]","[[0, 1, 3], [0, 1]]",1,2,3,3,PP,"[[3], [2]]",2,1,0.0007215,20,0,0,1,1/5,18,18/5,True
61,5,2,"[3, 2]","[[0, 1, 3], [0, 1]]",1,2,3,5,PP,"[[3], [2]]",2,1,0.000716,20,0,0,1,1/5,24,24/5,True
62,5,2,"[3, 2]","[[0, 1, 3], [0, 2]]",1,2,0,1,PP,"[[1, 1, 1], [1, 1]]",5,6,0.000741,20,0,0,0,0,0,0,True
62,5,2,"[3, 2]","[[0, 1, 3], [0, 2]]",1,2,0,2,PP,"[[1, 1, 1], [1, 1]]",5,6,0.000711,20,0,0,0,0,0,0,True
62,5,2,"[3, 2]","[[0, 1, 3], [0, 2]]",1,2,0,3,PP,"[[1, 1, 1], [1, 1]]",5,6,0.000721,20,0,0,0,0,0,0,True
62,5,2,"[3, 2]","[[0, 1, 3], [0, 2]]",1,2,0,5,PP,"[[1, 1, 1], [1, 1]]",5,6,0.000716,20,0,0,0,0,0,0,True
62,5,2,"[3, 2]","[[0, 1, 3], [0, 2]]",1,2,1,1,PP,"[[1, 1, 1], [1, 1]]",5,6,0.000721,20,0,0,0,0,0,0,True
62,5,2,"[3, 2]","[[0, 1, 3], [0, 2]]",1,2,1,2,PP,"[[2, 1], [1, 1]]",4,4,0.000731,20,0,0,0,0,0,0,True
62,5,2,"[3, 2]","[[0, 1, 3], [0, 2]]",1,2,1,3,PP,"[[2, 1], [1, 1]]",4,4,0.000731,20,0,0,0,0,0,0,True
62,5,2,"[3, 2]","[[0, 1, 3], [0, 2]]",1,2,1,5,PP,"[[2, 1], [1, 1]]",4,4,0.0007465,20,0,0,0,0,0,0,True
62,5,2,"[3, 2]","[[0, 1, 3], [0, 2]]",1,2,2,1,PP,"[[1, 1, 1], [1, 1]]",5,6,0.000751,20,0,0,0,0,0,0,True
62,5,2,"[3, 2]","[[0, 1, 3], [0, 2]]",1,2,2,2,PP,"[[2, 1], [2]]",3,2,0.000726,20,0,0,2,2/5,4,4/5,True
62,5,2,"[3, 2]","[[0, 1, 3], [0, 2]]",1,2,2,3,PP,"[[3], [2]]",2,1,0.000721,20,1,1/5,3,3/5,6,6/5,True
62,5,2,"[3, 2]","[[0, 1, 3], [0, 2]]",1,2,2,5,PP,"[[3], [2]]",2,1,0.000716,20,1,1/5,3,3/5,8,8/5,True
62,5,2,"[3, 2]","[[0, 1, 3], [0, 2]]",1,2,3,1,PP,"[[1, 1, 1], [1, 1]]",5,6,0.000716,20,0,0,0,0,0,0,True
62,5,2,"[3, 2]","[[0, 1, 3], [0, 2]]",1,2,3,2,PP,"[[2, 1], [2]]",3,2,0.000761,20,0,0,2,2/5,12,12/5,True
62,5,2,"[3, 2]","[[0, 1, 3], [0, 2]]",1,2,3,3,PP,"[[3], [2]]",2,1,0.000726,20,1,1/5,3,3/5,18,18/5,True
62,5,2,"[3, 2]","[[0, 1, 3], [0, 2]]",1,2,3,5,PP,"[[3], [2]]",2,1,0.000722,20,1,1/5,3,3/5,24,24/5,True
63,5,2,"[3, 2]","[[0, 1, 3], [0, 3]]",1,2,0,1,PP,"[[1, 1, 1], [1, 1]]",5,6,0.000756,20,0,0,0,0,0,0,True
63,5,2,"[3, 2]","[[0, 1, 3], [0, 3]]",1,2,0,2,PP,"[[1, 1, 1], [1, 1]]",5,6,0.000731,20,0,0,0,0,0,0,True
63,5,2,"[3, 2]","[[0, 1, 3], [0, 3]]",1,2,0,3,PP,"[[1, 1, 1], [1, 1]]",5,6,0.000716,20,0,0,0,0,0,0,True
63,5,2,"[3, 2]","[[0, 1, 3], [0, 3]]",1,2,0,5,PP,"[[1, 1, 1], [1, 1]]",5,6,0.000721,20,0,0,0,0,0,0,True
63,5,2,"[3, 2]","[[0, 1, 3], [0, 3]]",1,2,1,1,PP,"[[1, 1, 1], [1, 1]]",5,6,0.000731,20,0,0,0,0,0,0,True
63,5,2,"[3, 2]","[[0, 1, 3], [0, 3]]",1,2,1,2,PP,"[[2, 1], [1, 1]]",4,4,0.000731,20,0,0,0,0,0,0,True
63,5,2,"[3, 2]","[[0, 1, 3], [0, 3]]",1,2,1,3,PP,"[[2, 1], [1, 1]]",4,4,0.000716,20,0,0,0,0,0,0,True
63,5,2,"[3, 2]","[[0, 1, 3], [0, 3]]",1,2,1,5,PP,"[[2, 1], [1, 1]]",4,4,0.000726,20,0,0,0,0,0,0,True
63,5,2,"[3, 2]","[[0, 1, 3], [0, 3]]",1,2,2,1,PP,"[[1, 1, 1], [1, 1]]",5,6,0.000731,20,0,0,0,0,0,0,True
63,5,2,"[3, 2]","[[0, 1, 3], [0, 3]]",1,2,2,2,PP,"[[2, 1], [1, 1]]",4,4,0.000711,20,0,0,0,0,4,4/5,True
63,5,2,"[3, 2]","[[0, 1, 3], [0, 3]]",1,2,2,3,PP,"[[3], [1, 1]]",3,2,0.000711,20,1,1/5,1,1/5,6,6/5,True
63,5,2,"[3, 2]","[[0, 1, 3], [0, 3]]",1,2,2,5,PP,"[[3], [1, 1]]",3,2,0.000751,20,1,1/5,1,1/5,8,8/5,True
63,5,2,"[3, 2]","[[0, 1, 3], [0, 3]]",1,2,3,1,PP,"[[1, 1, 1], [1, 1]]",5,6,0.000751,20,0,0,0,0,0,0,True
63,5,2,"[3, 2]","[[0, 1, 3], [0, 3]]",1,2,3,2,PP,"[[2, 1], [2]]",3,2,0.000726,20,0,0,6,6/5,12,12/5,True
63,5,2,"[3, 2]","[[0, 1, 3], [0, 3]]",1,2,3,3,PP,"[[3], [2]]",2,1,0.000701,20,1,1/5,7,7/5,18,18/5,True
63,5,2,"[3, 2]","[[0, 1, 3], [0, 3]]",1,2,3,5,PP,"[[3], [2]]",2,1,0.000721,20,1,1/5,7,7/5,24,24/5,True
64,5,2,"[3, 2]","[[0, 1, 3], [1, 1]]",1,2,0,1,PP,"[[1, 1, 1], [1, 1]]",5,6,0.000751,20,0,0,0,0,0,0,True
64,5,2,"[3, 2]","[[0, 1, 3], [1, 1]]",1,2,0,2,PP,"[[1, 1, 1], [2]]",4,3,0.000746,20,0,0,0,0,0,0,True
64,5,2,"[3, 2]","[[0, 1, 3], [1, 1]]",1,2,0,3,PP,"[[1, 1, 1], [2]]",4,3,0.000801,20,0,0,0,0,0,0,True
64,5,2,"[3, 2]","[[0, 1, 3], [1, 1]]",1,2,0,5,PP,"[[1, 1, 1], [2]]",4,3,0.000731,20,0,0,0,0,0,0,True
64,5,2,"[3, 2]","[[0, 1, 3], [1, 1]]",1,2,1,1,PP,"[[1, 1, 1], [1, 1]]",5,6,0.000736,20,0,0,0,0,0,0,True
64,5,2,"[3, 2]","[[0, 1, 3], [1, 1]]",1,2,1,2,PP,"[[2, 1], [2]]",3,2,0.0007415,20,0,0,0,0,0,0,True
64,5,2,"[3, 2]","[[0, 1, 3], [1, 1]]",1,2,1,3,PP,"[[2, 1], [2]]",3,2,0.000736,20,0,0,0,0,0,0,True
64,5,2,"[3, 2]","[[0, 1, 3], [1, 1]]",1,2,1,5,PP,"[[2, 1], [2]]",3,2,0.000736,20,0,0,0,0,0,0,True
64,5,2,"[3, 2]","[[0, 1, 3], [1, 1]]",1,2,2,1,PP,"[[1, 1, 1], [1, 1]]",5,6,0.0007415,20,0,0,0,0,0,0,True
64,5,2,"[3, 2]","[[0, 1, 3], [1, 1]]",1,2,2,2,PP,"[[2, 1], [2]]",3,2,0.000746,20,0,0,0,0,4,4/5,True
64,5,2,"[3, 2]","[[0, 1, 3], [1, 1]]",1,2,2,3,PP,"[[3], [2]]",2,1,0.000721,20,1,1/5,1,1/5,6,6/5,True
64,5,2,"[3, 2]","[[0, 1, 3], [1, 1]]",1,2,2,5,PP,"[[3], [2]]",2,1,0.0007115,20,1,1/5,1,1/5,8,8/5,True
64,5,2,"[3, 2]","[[0, 1, 3], [1, 1]]",1,2,3,1,PP,"[[1, 1, 1], [1, 1]]",5,6,0.000751,20,0,0,0,0,0,0,True
64,5,2,"[3, 2]","[[0, 1, 3], [1, 1]]",1,2,3,2,PP,"[[2, 1], [2]]",3,2,0.000731,20,0,0,0,0,12,12/5,True
64,5,2,"[3, 2]","[[0, 1, 3], [1, 1]]",1,2,3,3,PP,"[[3], [2]]",2,1,0.000746,20,1,1/5,1,1/5,18,18/5,True
64,5,2,"[3, 2]","[[0, 1, 3], [1, 1]]",1,2,3,5,PP,"[[3], [2]]",2,1,0.000741,20,1,1/5,1,1/5,24,24/5,True
65,5,2,"[3, 2]","[[0, 1, 3], [1, 2]]",1,2,0,1,PP,"[[1, 1, 1], [1, 1]]",5,6,0.000736,20,0,0,0,0,0,0,True
65,5,2,"[3, 2]","[[0, 1, 3], [1, 2]]",1,2,0,2,PP,"[[1, 1, 1], [1, 1]]",5,6,0.0007215,20,0,0,0,0,0,0,True
65,5,2,"[3, 2]","[[0, 1, 3], [1, 2]]",1,2,0,3,PP,"[[1, 1, 1], [1, 1]]",5,6,0.000742,20,0,0,0,0,0,0,True
65,5,2,"[3, 2]","[[0, 1, 3], [1, 2]]",1,2,0,5,PP,"[[1, 1, 1], [1, 1]]",5,6,0.000721,20,0,0,0,0,0,0,True
65,5,2,"[3, 2]","[[0, 1, 3], [1, 2]]",1,2,1,1,PP,"[[1, 1, 1], [1, 1]]",5,6,0.0007165,20,0,0,0,0,0,0,True
65,5,2,"[3, 2]","[[0, 1, 3], [1, 2]]",1,2,1,2,PP,"[[2, 1], [2]]",3,2,0.000716,20,0,0,0,0,0,0,True
65,5,2,"[3, 2]","[[0, 1, 3], [1, 2]]",1,2,1,3,PP,"[[2, 1], [2]]",3,2,0.000731,20,0,0,0,0,0,0,True
65,5,2,"[3, 2]","[[0, 1, 3], [1, 2]]",1,2,1,5,PP,"[[2, 1], [2]]",3,2,0.000721,20,0,0,0,0,0,0,True
65,5,2,"[3, 2]","[[0, 1, 3], [1, 2]]",1,2,2,1,PP,"[[1, 1, 1], [1, 1]]",5,6,0.000761,20,0,0,0,0,0,0,True
65,5,2,"[3, 2]","[[0, 1, 3], [1, 2]]",1,2,2,2,PP,"[[2, 1], [2]]",3,2,0.000711,20,0,0,0,0,4,4/5,True
65,5,2,"[3, 2]","[[0, 1, 3], [1, 2]]",1,2,2,3,PP,"[[3], [2]]",2,1,0.000752,20,1,1/5,1,1/5,6,6/5,True
65,5,2,"[3, 2]","[[0, 1, 3], [1, 2]]",1,2,2,5,PP,"[[3], [2]]",2,1,0.000721,20,1,1/5,1,1/5,8,8/5,True
65,5,2,"[3, 2]","[[0, 1, 3], [1, 2]]",1,2,3,1,PP,"[[1, 1, 1], [1, 1]]",5,6,0.000761,20,0,0,0,0,0,0,True
65,5,2,"[3, 2]","[[0, 1, 3], [1, 2]]",1,2,3,2,PP,"[[2, 1], [2]]",3,2,0.000741,20,0,0,0,0,12,12/5,True
65,5,2,"[3, 2]","[[0, 1, 3], [1, 2]]",1,2,3,3,PP,"[[3], [2]]",2,1,0.000716,20,1,1/5,1,1/5,18,18/5,True
65,5,2,"[3, 2]","[[0, 1, 3], [1, 2]]",1,2,3,5,PP,"[[3], [2]]",2,1,0.000741,20,1,1/5,1,1/5,24,24/5,True
66,5,2,"[3, 2]","[[0, 1, 3], [1, 3]]",1,2,0,1,PP,"[[1, 1, 1], [1, 1]]",5,6,0.000751,20,0,0,0,0,0,0,True
66,5,2,"[3, 2]","[[0, 1, 3], [1, 3]]",1,2,0,2,PP,"[[1, 1, 1], [1, 1]]",5,6,0.000736,20,0,0,0,0,0,0,True
66,5,2,"[3, 2]","[[0, 1, 3], [1, 3]]",1,2,0,3,PP,"[[1, 1, 1], [1, 1]]",5,6,0.000736,20,0,0,0,0,0,0,True
66,5,2,"[3, 2]","[[0, 1, 3], [1, 3]]",1,2,0,5,PP,"[[1, 1, 1], [1, 1]]",5,6,0.000741,20,0,0,0,0,0,0,True
66,5,2,"[3, 2]","[[0, 1, 3], [1, 3]]",1,2,1,1,PP,"[[1, 1, 1], [1, 1]]",5,6,0.000731,20,0,0,0,0,0,0,True
66,5,2,"[3, 2]","[[0, 1, 3], [1, 3]]",1,2,1,2,PP,"[[2, 1], [1, 1]]",4,4,0.000721,20,0,0,0,0,0,0,True
66,5,2,"[3, 2]","[[0, 1, 3], [1, 3]]",1,2,1,3,PP,"[[2, 1], [1, 1]]",4,4,0.000746,20,0,0,0,0,0,0,True
66,5,2,"[3, 2]","[[0, 1, 3], [1, 3]]",1,2,1,5,PP,"[[2, 1], [1, 1]]",4,4,0.000716,20,0,0,0,0,0,0,True
66,5,2,"[3, 2]","[[0, 1, 3], [1, 3]]",1,2,2,1,PP,"[[1, 1, 1], [1, 1]]",5,6,0.000746,20,0,0,0,0,0,0,True
66,5,2,"[3, 2]","[[0, 1, 3], [1, 3]]",1,2,2,2,PP,"[[2, 1], [2]]",3,2,0.000721,20,0,0,2,2/5,4,4/5,True
66,5,2,"[3, 2]","[[0, 1, 3], [1, 3]]",1,2,2,3,PP,"[[3], [2]]",2,1,0.0007165,20,1,1/5,3,3/5,6,6/5,True
66,5,2,"[3, 2]","[[0, 1, 3], [1, 3]]",1,2,2,5,PP,"[[3], [2]]",2,1,0.000741,20,1,1/5,3,3/5,8,8/5,True
66,5,2,"[3, 2]","[[0, 1, 3], [1, 3]]",1,2,3,1,PP,"[[1, 1, 1], [1, 1]]",5,6,0.0007365,20,0,0,0,0,0,0,True
66,5,2,"[3, 2]","[[0, 1, 3], [1, 3]]",1,2,3,2,PP,"[[2, 1], [2]]",3,2,0.0007365,20,0,0,2,2/5,12,12/5,True
66,5,2,"[3, 2]","[[0, 1, 3], [1, 3]]",1,2,3,3,PP,"[[3], [2]]",2,1,0.000736,20,1,1/5,3,3/5,18,18/5,True
66,5,2,"[3, 2]","[[0, 1, 3], [1, 3]]",1,2,3,5,PP,"[[3], [2]]",2,1,0.000711,20,1,1/5,3,3/5,24,24/5,True
67,5,2,"[3, 2]","[[0, 1, 3], [2, 2]]",1,2,0,1,PP,"[[1, 1, 1], [1, 1]]",5,6,0.000726,20,0,0,0,0,0,0,True
67,5,2,"[3, 2]","[[0, 1, 3], [2, 2]]",1,2,0,2,PP,"[[1, 1, 1], [2]]",4,3,0.000726,20,0,0,0,0,0,0,True
67,5,2,"[3, 2]","[[0, 1, 3], [2, 2]]",1,2,0,3,PP,"[[1, 1, 1], [2]]",4,3,0.000721,20,0,0,0,0,0,0,True
67,5,2,"[3, 2]","[[0, 1, 3], [2, 2]]",1,2,0,5,PP,"[[1, 1, 1], [2]]",4,3,0.000701,20,0,0,0,0,0,0,True
67,5,2,"[3, 2]","[[0, 1, 3], [2, 2]]",1,2,1,1,PP,"[[1, 1, 1], [1, 1]]",5,6,0.000736,20,0,0,0,0,0,0,True
67,5,2,"[3, 2]","[[0, 1, 3], [2, 2]]",1,2,1,2,PP,"[[2, 1], [2]]",3,2,0.000721,20,0,0,0,0,0,0,True
67,5,2,"[3, 2]","[[0, 1, 3], [2, 2]]",1,2,1,3,PP,"[[2, 1], [2]]",3,2,0.000731,20,0,0,0,0,0,0,True
67,5,2,"[3, 2]","[[0, 1, 3], [2, 2]]",1,2,1,5,PP,"[[2, 1], [2]]",3,2,0.0007015,20,0,0,0,0,0,0,True
67,5,2,"[3, 2]","[[0, 1, 3], [2, 2]]",1,2,2,1,PP,"[[1, 1, 1], [1, 1]]",5,6,0.0007215,20,0,0,0,0,0,0,True
67,5,2,"[3, 2]","[[0, 1, 3], [2, 2]]",1,2,2,2,PP,"[[2, 1], [2]]",3,2,0.0007065,20,0,0,0,0,4,4/5,True
67,5,2,"[3, 2]","[[0, 1, 3], [2, 2]]",1,2,2,3,PP,"[[3], [2]]",2,1,0.000701,20,1,1/5,1,1/5,6,6/5,True
67,5,2,"[3, 2]","[[0, 1, 3], [2, 2]]",1,2,2,5,PP,"[[3], [2]]",2,1,0.0007115,20,1,1/5,1,1/5,8,8/5,True
67,5,2,"[3, 2]","[[0, 1, 3], [2, 2]]",1,2,3,1,PP,"[[1, 1, 1], [1, 1]]",5,6,0.000726,20,0,0,0,0,0,0,True
67,5,2,"[3, 2]","[[0, 1, 3], [2, 2]]",1,2,3,2,PP,"[[2, 1], [2]]",3,2,0.000721,20,0,0,0,0,12,12/5,True
67,5,2,"[3, 2]","[[0, 1, 3], [2, 2]]",1,2,3,3,PP,"[[3], [2]]",2,1,0.000721,20,1,1/5,1,1/5,18,18/5,True
67,5,2,"[3, 2]","[[0, 1, 3], [2, 2]]",1,2,3,5,PP,"[[3], [2]]",2,1,0.0007315,20,1,1/5,1,1/5,24,24/5,True
68,5,2,"[3, 2]","[[0, 1, 3], [2, 3]]",1,2,0,1,PP,"[[1, 1, 1], [1, 1]]",5,6,0.000726,20,0,0,0,0,0,0,True
68,5,2,"[3, 2]","[[0, 1, 3], [2, 3]]",1,2,0,2,PP,"[[1, 1, 1], [1, 1]]",5,6,0.000711,20,0,0,0,0,0,0,True
68,5,2,"[3, 2]","[[0, 1, 3], [2, 3]]",1,2,0,3,PP,"[[1, 1, 1], [1, 1]]",5,6,0.000741,20,0,0,0,0,0,0,True
68,5,2,"[3, 2]","[[0, 1, 3], [2, 3]]",1,2,0,5,PP,"[[1, 1, 1], [1, 1]]",5,6,0.000721,20,0,0,0,0,0,0,True
68,5,2,"[3, 2]","[[0, 1, 3], [2, 3]]",1,2,1,1,PP,"[[1, 1, 1], [1, 1]]",5,6,0.000731,20,0,0,0,0,0,0,True
68,5,2,"[3, 2]","[[0, 1, 3], [2, 3]]",1,2,1,2,PP,"[[2, 1], [2]]",3,2,0.0007565,20,0,0,0,0,0,0,True
68,5,2,"[3, 2]","[[0, 1, 3], [2, 3]]",1,2,1,3,PP,"[[2, 1], [2]]",3,2,0.000731,20,0,0,0,0,0,0,True
68,5,2,"[3, 2]","[[0, 1, 3], [2, 3]]",1,2,1,5,PP,"[[2, 1], [2]]",3,2,0.000736,20,0,0,0,0,0,0,True
68,5,2,"[3, 2]","[[0, 1, 3], [2, 3]]",1,2,2,1,PP,"[[1, 1, 1], [1, 1]]",5,6,0.0007315,20,0,0,0,0,0,0,True
68,5,2,"[3, 2]","[[0, 1, 3], [2, 3]]",1,2,2,2,PP,"[[2, 1], [2]]",3,2,0.000721,20,0,0,0,0,4,4/5,True
68,5,2,"[3, 2]","[[0, 1, 3], [2, 3]]",1,2,2,3,PP,"[[3], [2]]",2,1,0.000721,20,1,1/5,1,1/5,6,6/5,True
68,5,2,"[3, 2]","[[0, 1, 3], [2, 3]]",1,2,2,5,PP,"[[3], [2]]",2,1,0.000721,20,1,1/5,1,1/5,8,8/5,True
68,5,2,"[3, 2]","[[0, 1, 3], [2, 3]]",1,2,3,1,PP,"[[1, 1, 1], [1, 1]]",5,6,0.000741,20,0,0,0,0,0,0,True
68,5,2,"[3, 2]","[[0, 1, 3], [2, 3]]",1,2,3,2,PP,"[[2, 1], [2]]",3,2,0.000721,20,0,0,0,0,12,12/5,True
68,5,2,"[3, 2]","[[0, 1, 3], [2, 3]]",1,2,3,3,PP,"[[3], [2]]",2,1,0.000726,20,1,1/5,1,1/5,18,18/5,True
68,5,2,"[3, 2]","[[0, 1, 3], [2, 3]]",1,2,3,5,PP,"[[3], [2]]",2,1,0.000721,20,1,1/5,1,1/5,24,24/5,True
69,5,2,"[3, 2]","[[0, 1, 3], [3, 3]]",1,2,0,1,PP,"[[1, 1, 1], [1, 1]]",5,6,0.000771,20,0,0,0,0,0,0,True
69,5,2,"[3, 2]","[[0, 1, 3], [3, 3]]",1,2,0,2,PP,"[[1, 1, 1], [2]]",4,3,0.000721,20,0,0,0,0,0,0,True
69,5,2,"[3, 2]","[[0, 1, 3], [3, 3]]",1,2,0,3,PP,"[[1, 1, 1], [2]]",4,3,0.000741,20,0,0,0,0,0,0,True
69,5,2,"[3, 2]","[[0, 1, 3], [3, 3]]",1,2,0,5,PP,"[[1, 1, 1], [2]]",4,3,0.000771,20,0,0,0,0,0,0,True
69,5,2,"[3, 2]","[[0, 1, 3], [3, 3]]",1,2,1,1,PP,"[[1, 1, 1], [1, 1]]",5,6,0.0007815,20,0,0,0,0,0,0,True
69,5,2,"[3, 2]","[[0, 1, 3], [3, 3]]",1,2,1,2,PP,"[[2, 1], [2]]",3,2,0.000786,20,0,0,0,0,0,0,True
69,5,2,"[3, 2]","[[0, 1, 3], [3, 3]]",1,2,1,3,PP,"[[2, 1], [2]]",3,2,0.000756,20,0,0,0,0,0,0,True
69,5,2,"[3, 2]","[[0, 1, 3], [3, 3]]",1,2,1,5,PP,"[[2, 1], [2]]",3,2,0.0007315,20,0,0,0,0,0,0,True
69,5,2,"[3, 2]","[[0, 1, 3], [3, 3]]",1,2,2,1,PP,"[[1, 1, 1], [1, 1]]",5,6,0.000771,20,0,0,0,0,0,0,True
69,5,2,"[3, 2]","[[0, 1, 3], [3, 3]]",1,2,2,2,PP,"[[2, 1], [2]]",3,2,0.000756,20,0,0,0,0,4,4/5,True
69,5,2,"[3, 2]","[[0, 1, 3], [3, 3]]",1,2,2,3,PP,"[[3], [2]]",2,1,0.000741,20,1,1/5,1,1/5,6,6/5,True
69,5,2,"[3, 2]","[[0, 1, 3], [3, 3]]",1,2,2,5,PP,"[[3], [2]]",2,1,0.000741,20,1,1/5,1,1/5,8,8/5,True
69,5,2,"[3, 2]","[[0, 1, 3], [3, 3]]",1,2,3,1,PP,"[[1, 1, 1], [1, 1]]",5,6,0.000761,20,0,0,0,0,0,0,True
69,5,2,"[3, 2]","[[0, 1, 3], [3, 3]]",1,2,3,2,PP,"[[2, 1], [2]]",3,2,0.000771,20,0,0,0,0,12,12/5,True
69,5,2,"[3, 2]","[[0, 1, 3], [3, 3]]",1,2,3,3,PP,"[[3], [2]]",2,1,0.000726,20,1,1/5,1,1/5,18,18/5,True
69,5,2,"[3, 2]","[[0, 1, 3], [3, 3]]",1,2,3,5,PP,"[[3], [2]]",2,1,0.0007515,20,1,1/5,1,1/5,24,24/5,True
70,5,2,"[3, 2]","[[0, 2, 2], [0, 0]]",1,2,0,1,PP,"[[1, 1, 1], [1, 1]]",5,6,0.000766,20,0,0,0,0,0,0,True
70,5,2,"[3, 2]","[[0, 2, 2], [0, 0]]",1,2,0,2,PP,"[[1, 2], [2]]",3,2,0.000746,20,0,0,0,0,0,0,True
70,5,2,"[3, 2]","[[0, 2, 2], [0, 0]]",1,2,0,3,PP,"[[1, 2], [2]]",3,2,0.000766,20,0,0,0,0,0,0,True
70,5,2,"[3, 2]","[[0, 2, 2], [0, 0]]",1,2,0,5,PP,"[[1, 2], [2]]",3,2,0.000761,20,0,0,0,0,0,0,True
70,5,2,"[3, 2]","[[0, 2, 2], [0, 0]]",1,2,1,1,PP,"[[1, 1, 1], [1, 1]]",5,6,0.000796,20,0,0,0,0,0,0,True
70,5,2,"[3, 2]","[[0, 2, 2], [0, 0]]",1,2,1,2,PP,"[[1, 2], [2]]",3,2,0.000756,20,0,0,0,0,0,0,True
70,5,2,"[3, 2]","[[0, 2, 2], [0, 0]]",1,2,1,3,PP,"[[1, 2], [2]]",3,2,0.000731,20,0,0,0,0,0,0,True
70,5,2,"[3, 2]","[[0, 2, 2], [0, 0]]",1,2,1,5,PP,"[[1, 2], [2]]",3,2,0.000736,20,0,0,0,0,0,0,True
70,5,2,"[3, 2]","[[0, 2, 2], [0, 0]]",1,2,2,1,PP,"[[1, 1, 1], [1, 1]]",5,6,0.000761,20,0,0,0,0,0,0,True
70,5,2,"[3, 2]","[[0, 2, 2], [0, 0]]",1,2,2,2,PP,"[[2, 1], [2]]",3,2,0.000746,20,0,0,2,2/5,4,4/5,True
70,5,2,"[3, 2]","[[0, 2, 2], [0, 0]]",1,2,2,3,PP,"[[3], [2]]",2,1,0.000731,20,0,0,2,2/5,6,6/5,True
70,5,2,"[3, 2]","[[0, 2, 2], [0, 0]]",1,2,2,5,PP,"[[3], [2]]",2,1,0.000746,20,0,0,2,2/5,8,8/5,True
70,5,2,"[3, 2]","[[0, 2, 2], [0, 0]]",1,2,3,1,PP,"[[1, 1, 1], [1, 1]]",5,6,0.000801,20,0,0,0,0,0,0,True
70,5,2,"[3, 2]","[[0, 2, 2], [0, 0]]",1,2,3,2,PP,"[[2, 1], [2]]",3,2,0.000751,20,0,0,2,2/5,12,12/5,True
70,5,2,"[3, 2]","[[0, 2, 2], [0, 0]]",1,2,3,3,PP,"[[3], [2]]",2,1,0.000736,20,0,0,2,2/5,18,18/5,True
70,5,2,"[3, 2]","[[0, 2, 2], [0, 0]]",1,2,3,5,PP,"[[3], [2]]",2,1,0.000751,20,0,0,2,2/5,24,24/5,True
71,5,2,"[3, 2]","[[0, 2, 2], [0, 1]]",1,2,0,1,PP,"[[1, 1, 1], [1, 1]]",5,6,0.0007515,20,0,0,0,0,0,0,True
71,5,2,"[3, 2]","[[0, 2, 2], [0, 1]]",1,2,0,2,PP,"[[1, 2], [1, 1]]",4,4,0.000751,20,0,0,0,0,0,0,True
71,5,2,"[3, 2]","[[0, 2, 2], [0, 1]]",1,2,0,3,PP,"[[1, 2], [1, 1]]",4,4,0.0007515,20,0,0,0,0,0,0,True
71,5,2,"[3, 2]","[[0, 2, 2], [0, 1]]",1,2,0,5,PP,"[[1, 2], [1, 1]]",4,4,0.0007565,20,0,0,0,0,0,0,True
71,5,2,"[3, 2]","[[0, 2, 2], [0, 1]]",1,2,1,1,PP,"[[1, 1, 1], [1, 1]]",5,6,0.000771,20,0,0,0,0,0,0,True
71,5,2,"[3, 2]","[[0, 2, 2], [0, 1]]",1,2,1,2,PP,"[[1, 2], [2]]",3,2,0.000751,20,0,0,0,0,0,0,True
71,5,2,"[3, 2]","[[0, 2, 2], [0, 1]]",1,2,1,3,PP,"[[1, 2], [2]]",3,2,0.000756,20,0,0,0,0,0,0,True
71,5,2,"[3, 2]","[[0, 2, 2], [0, 1]]",1,2,1,5,PP,"[[1, 2], [2]]",3,2,0.000776,20,0,0,0,0,0,0,True
71,5,2,"[3, 2]","[[0, 2, 2], [0, 1]]",1,2,2,1,PP,"[[1, 1, 1], [1, 1]]",5,6,0.0007615,20,0,0,0,0,0,0,True
71,5,2,"[3, 2]","[[0, 2, 2], [0, 1]]",1,2,2,2,PP,"[[2, 1], [2]]",3,2,0.0007715,20,0,0,2,2/5,4,4/5,True
71,5,2,"[3, 2]","[[0, 2, 2], [0, 1]]",1,2,2,3,PP,"[[3], [2]]",2,1,0.000751,20,0,0,2,2/5,6,6/5,True
71,5,2,"[3, 2]","[[0, 2, 2], [0, 1]]",1,2,2,5,PP,"[[3], [2]]",2,1,0.0007665,20,0,0,2,2/5,8,8/5,True
71,5,2,"[3, 2]","[[0, 2, 2], [0, 1]]",1,2,3,1,PP,"[[1, 1, 1], [1, 1]]",5,6,0.000761,20,0,0,0,0,0,0,True
71,5,2,"[3, 2]","[[0, 2, 2], [0, 1]]",1,2,3,2,PP,"[[2, 1], [2]]",3,2,0.000776,20,0,0,2,2/5,12,12/5,True
71,5,2,"[3, 2]","[[0, 2, 2], [0, 1]]",1,2,3,3,PP,"[[3], [2]]",2,1,0.000736,20,0,0,2,2/5,18,18/5,True
71,5,2,"[3, 2]","[[0, 2, 2], [0, 1]]",1,2,3,5,PP,"[[3], [2]]",2,1,0.0007865,20,0,0,2,2/5,24,24/5,True
72,5,2,"[3, 2]","[[0, 2, 2], [0, 2]]",1,2,0,1,PP,"[[1, 1, 1], [1, 1]]",5,6,0.000781,20,0,0,0,0,0,0,True
72,5,2,"[3, 2]","[[0, 2, 2], [0, 2]]",1,2,0,2,PP,"[[1, 2], [1, 1]]",4,4,0.000771,20,0,0,0,0,0,0,True
72,5,2,"[3, 2]","[[0, 2, 2], [0, 2]]",1,2,0,3,PP,"[[1, 2], [1, 1]]",4,4,0.0007665,20,0,0,0,0,0,0,True
72,5,2,"[3, 2]","[[0, 2, 2], [0, 2]]",1,2,0,5,PP,"[[1, 2], [1, 1]]",4,4,0.000751,20,0,0,0,0,0,0,True
72,5,2,"[3, 2]","[[0, 2, 2], [0, 2]]",1,2,1,1,PP,"[[1, 1, 1], [1, 1]]",5,6,0.000786,20,0,0,0,0,0,0,True
72,5,2,"[3, 2]","[[0, 2, 2], [0, 2]]",1,2,1,2,PP,"[[1, 2], [1, 1]]",4,4,0.000761,20,0,0,0,0,0,0,True
72,5,2,"[3, 2]","[[0, 2, 2], [0, 2]]",1,2,1,3,PP,"[[1, 2], [1, 1]]",4,4,0.000766,20,0,0,0,0,0,0,True
72,5,2,"[3, 2]","[[0, 2, 2], [0, 2]]",1,2,1,5,PP,"[[1, 2], [1, 1]]",4,4,0.000741,20,0,0,0,0,0,0,True
72,5,2,"[3, 2]","[[0, 2, 2], [0, 2]]",1,2,2,1,PP,"[[1, 1, 1], [1, 1]]",5,6,0.000761,20,0,0,0,0,0,0,True
72,5,2,"[3, 2]","[[0, 2, 2], [0, 2]]",1,2,2,2,PP,"[[2, 1], [2]]",3,2,0.000761,20,1,1/5,4,4/5,4,4/5,True
72,5,2,"[3, 2]","[[0, 2, 2], [0, 2]]",1,2,2,3,PP,"[[3], [2]]",2,1,0.000721,20,1,1/5,4,4/5,6,6/5,True
72,5,2,"[3, 2]","[[0, 2, 2], [0, 2]]",1,2,2,5,PP,"[[3], [2]]",2,1,0.000751,20,1,1/5,4,4/5,8,8/5,True
72,5,2,"[3, 2]","[[0, 2, 2], [0, 2]]",1,2,3,1,PP,"[[1, 1, 1], [1, 1]]",5,6,0.0007665,20,0,0,0,0,0,0,True
72,5,2,"[3, 2]","[[0, 2, 2], [0, 2]]",1,2,3,2,PP,"[[2, 1], [2]]",3,2,0.000751,20,1,1/5,4,4/5,12,12/5,True
72,5,2,"[3, 2]","[[0, 2, 2], [0, 2]]",1,2,3,3,PP,"[[3], [2]]",2,1,0.000736,20,1,1/5,4,4/5,18,18/5,True
72,5,2,"[3, 2]","[[0, 2, 2], [0, 2]]",1,2,3,5,PP,"[[3], [2]]",2,1,0.000761,20,1,1/5,4,4/5,24,24/5,True
73,5,2,"[3, 2]","[[0, 2, 2], [0, 3]]",1,2,0,1,PP,"[[1, 1, 1], [1, 1]]",5,6,0.000756,20,0,0,0,0,0,0,True
73,5,2,"[3, 2]","[[0, 2, 2], [0, 3]]",1,2,0,2,PP,"[[1, 2], [1, 1]]",4,4,0.000756,20,0,0,0,0,0,0,True
73,5,2,"[3, 2]","[[0, 2, 2], [0, 3]]",1,2,0,3,PP,"[[1, 2], [1, 1]]",4,4,0.000741,20,0,0,0,0,0,0,True
73,5,2,"[3, 2]","[[0, 2, 2], [0, 3]]",1,2,0,5,PP,"[[1, 2], [1, 1]]",4,4,0.0007465,20,0,0,0,0,0,0,True
73,5,2,"[3, 2]","[[0, 2, 2], [0, 3]]",1,2,1,1,PP,"[[1, 1, 1], [1, 1]]",5,6,0.0007765,20,0,0,0,0,0,0,True
73,5,2,"[3, 2]","[[0, 2, 2], [0, 3]]",1,2,1,2,PP,"[[1, 2], [1, 1]]",4,4,0.000766,20,0,0,0,0,0,0,True
73,5,2,"[3, 2]","[[0, 2, 2], [0, 3]]",1,2,1,3,PP,"[[1, 2], [1, 1]]",4,4,0.000756,20,0,0,0,0,0,0,True
73,5,2,"[3, 2]","[[0, 2, 2], [0, 3]]",1,2,1,5,PP,"[[1, 2], [1, 1]]",4,4,0.000756,20,0,0,0,0,0,0,True
73,5,2,"[3, 2]","[[0, 2, 2], [0, 3]]",1,2,2,1,PP,"[[1, 1, 1], [1, 1]]",5,6,0.000761,20,0,0,0,0,0,0,True
73,5,2,"[3, 2]","[[0, 2, 2], [0, 3]]",1,2,2,2,PP,"[[2, 1], [1, 1]]",4,4,0.0007615,20,0,0,2,2/5,4,4/5,True
73,5,2,"[3, 2]","[[0, 2, 2], [0, 3]]",1,2,2,3,PP,"[[3], [1, 1]]",3,2,0.000766,20,0,0,2,2/5,6,6/5,True
73,5,2,"[3, 2]","[[0, 2, 2], [0, 3]]",1,2,2,5,PP,"[[3], [1, 1]]",3,2,0.000741,20,0,0,2,2/5,8,8/5,True
73,5,2,"[3, 2]","[[0, 2, 2], [0, 3]]",1,2,3,1,PP,"[[1, 1, 1], [1, 1]]",5,6,0.000726,20,0,0,0,0,0,0,True
73,5,2,"[3, 2]","[[0, 2, 2], [0, 3]]",1,2,3,2,PP,"[[2, 1], [2]]",3,2,0.000741,20,1,1/5,8,8/5,12,12/5,True
73,5,2,"[3, 2]","[[0, 2, 2], [0, 3]]",1,2,3,3,PP,"[[3], [2]]",2,1,0.0007165,20,1,1/5,8,8/5,18,18/5,True
73,5,2,"[3, 2]","[[0, 2, 2], [0, 3]]",1,2,3,5,PP,"[[3], [2]]",2,1,0.000766,20,1,1/5,8,8/5,24,24/5,True
74,5,2,"[3, 2]","[[0, 2, 2], [1, 1]]",1,2,0,1,PP,"[[1, 1, 1], [1, 1]]",5,6,0.000726,20,0,0,0,0,0,0,True
74,5,2,"[3, 2]","[[0, 2, 2], [1, 1]]",1,2,0,2,PP,"[[1, 2], [2]]",3,2,0.000721,20,0,0,0,0,0,0,True
74,5,2,"[3, 2]","[[0, 2, 2], [1, 1]]",1,2,0,3,PP,"[[1, 2], [2]]",3,2,0.000716,20,0,0,0,0,0,0,True
74,5,2,"[3, 2]","[[0, 2, 2], [1, 1]]",1,2,0,5,PP,"[[1, 2], [2]]",3,2,0.000716,20,0,0,0,0,0,0,True
74,5,2,"[3, 2]","[[0, 2, 2], [1, 1]]",1,2,1,1,PP,"[[1, 1, 1], [1, 1]]",5,6,0.000731,20,0,0,0,0,0,0,True
74,5,2,"[3, 2]","[[0, 2, 2], [1, 1]]",1,2,1,2,PP,"[[1, 2], [2]]",3,2,0.000711,20,0,0,0,0,0,0,True
74,5,2,"[3, 2]","[[0, 2, 2], [1, 1]]",1,2,1,3,PP,"[[1, 2], [2]]",3,2,0.000711,20,0,0,0,0,0,0,True
74,5,2,"[3, 2]","[[0, 2, 2], [1, 1]]",1,2,1,5,PP,"[[1, 2], [2]]",3,2,0.000716,20,0,0,0,0,0,0,True
74,5,2,"[3, 2]","[[0, 2, 2], [1, 1]]",1,2,2,1,PP,"[[1, 1, 1], [1, 1]]",5,6,0.000731,20,0,0,0,0,0,0,True
74,5,2,"[3, 2]","[[0, 2, 2], [1, 1]]",1,2,2,2,PP,"[[2, 1], [2]]",3,2,0.000751,20,0,0,2,2/5,4,4/5,True
74,5,2,"[3, 2]","[[0, 2, 2], [1, 1]]",1,2,2,3,PP,"[[3], [2]]",2,1,0.000741,20,0,0,2,2/5,6,6/5,True
74,5,2,"[3, 2]","[[0, 2, 2], [1, 1]]",1,2,2,5,PP,"[[3], [2]]",2,1,0.000711,20,0,0,2,2/5,8,8/5,True
74,5,2,"[3, 2]","[[0, 2, 2], [1, 1]]",1,2,3,1,PP,"[[1, 1, 1], [1, 1]]",5,6,0.000741,20,0,0,0,0,0,0,True
74,5,2,"[3, 2]","[[0, 2, 2], [1, 1]]",1,2,3,2,PP,"[[2, 1], [2]]",3,2,0.000746,20,0,0,2,2/5,12,12/5,True
74,5,2,"[3, 2]","[[0, 2, 2], [1, 1]]",1,2,3,3,PP,"[[3], [2]]",2,1,0.0007165,20,0,0,2,2/5,18,18/5,True
74,5,2,"[3, 2]","[[0, 2, 2], [1, 1]]",1,2,3,5,PP,"[[3], [2]]",2,1,0.000706,20,0,0,2,2/5,24,24/5,True
75,5,2,"[3, 2]","[[0, 2, 2], [1, 2]]",1,2,0,1,PP,"[[1, 1, 1], [1, 1]]",5,6,0.000741,20,0,0,0,0,0,0,True
75,5,2,"[3, 2]","[[0, 2, 2], [1, 2]]",1,2,0,2,PP,"[[1, 2], [1, 1]]",4,4,0.000726,20,0,0,0,0,0,0,True
75,5,2,"[3, 2]","[[0, 2, 2], [1, 2]]",1,2,0,3,PP,"[[1, 2], [1, 1]]",4,4,0.000731,20,0,0,0,0,0,0,True
75,5,2,"[3, 2]","[[0, 2, 2], [1, 2]]",1,2,0,5,PP,"[[1, 2], [1, 1]]",4,4,0.000731,20,0,0,0,0,0,0,True
75,5,2,"[3, 2]","[[0, 2, 2], [1, 2]]",1,2,1,1,PP,"[[1, 1, 1], [1, 1]]",5,6,0.000746,20,0,0,0,0,0,0,True
75,5,2,"[3, 2]","[[0, 2, 2], [1, 2]]",1,2,1,2,PP,"[[1, 2], [2]]",3,2,0.000726,20,0,0,0,0,0,0,True
75,5,2,"[3, 2]","[[0, 2, 2], [1, 2]]",1,2,1,3,PP,"[[1, 2], [2]]",3,2,0.000711,20,0,0,0,0,0,0,True
75,5,2,"[3, 2]","[[0, 2, 2], [1, 2]]",1,2,1,5,PP,"[[1, 2], [2]]",3,2,0.0007165,20,0,0,0,0,0,0,True
75,5,2,"[3, 2]","[[0, 2, 2], [1, 2]]",1,2,2,1,PP,"[[1, 1, 1], [1, 1]]",5,6,0.0007515,20,0,0,0,0,0,0,True
75,5,2,"[3, 2]","[[0, 2, 2], [1, 2]]",1,2,2,2,PP,"[[2, 1], [2]]",3,2,0.000711,20,0,0,2,2/5,4,4/5,True
75,5,2,"[3, 2]","[[0, 2, 2], [1, 2]]",1,2,2,3,PP,"[[3], [2]]",2,1,0.000716,20,0,0,2,2/5,6,6/5,True
75,5,2,"[3, 2]","[[0, 2, 2], [1, 2]]",1,2,2,5,PP,"[[3], [2]]",2,1,0.000731,20,0,0,2,2/5,8,8/5,True
75,5,2,"[3, 2]","[[0, 2, 2], [1, 2]]",1,2,3,1,PP,"[[1, 1, 1], [1, 1]]",5,6,0.000721,20,0,0,0,0,0,0,True
75,5,2,"[3, 2]","[[0, 2, 2], [1, 2]]",1,2,3,2,PP,"[[2, 1], [2]]",3,2,0.000731,20,0,0,2,2/5,12,12/5,True
75,5,2,"[3, 2]","[[0, 2, 2], [1, 2]]",1,2,3,3,PP,"[[3], [2]]",2,1,0.000721,20,0,0,2,2/5,18,18/5,True
75,5,2,"[3, 2]","[[0, 2, 2], [1, 2]]",1,2,3,5,PP,"[[3], [2]]",2,1,0.0007165,20,0,0,2,2/5,24,24/5,True
76,5,2,"[3, 2]","[[0, 2, 2], [1, 3]]",1,2,0,1,PP,"[[1, 1, 1], [1, 1]]",5,6,0.0007165,20,0,0,0,0,0,0,True
76,5,2,"[3, 2]","[[0, 2, 2], [1, 3]]",1,2,0,2,PP,"[[1, 2], [1, 1]]",4,4,0.000716,20,0,0,0,0,0,0,True
76,5,2,"[3, 2]","[[0, 2, 2], [1, 3]]",1,2,0,3,PP,"[[1, 2], [1, 1]]",4,4,0.000731,20,0,0,0,0,0,0,True
76,5,2,"[3, 2]","[[0, 2, 2], [1, 3]]",1,2,0,5,PP,"[[1, 2], [1, 1]]",4,4,0.000716,20,0,0,0,0,0,0,True
76,5,2,"[3, 2]","[[0, 2, 2], [1, 3]]",1,2,1,1,PP,"[[1, 1, 1], [1, 1]]",5,6,0.000721,20,0,0,0,0,0,0,True
76,5,2,"[3, 2]","[[0, 2, 2], [1, 3]]",1,2,1,2,PP,"[[1, 2], [1, 1]]",4,4,0.000741,20,0,0,0,0,0,0,True
76,5,2,"[3, 2]","[[0, 2, 2], [1, 3]]",1,2,1,3,PP,"[[1, 2], [1, 1]]",4,4,0.000721,20,0,0,0,0,0,0,True
76,5,2,"[3, 2]","[[0, 2, 2], [1, 3]]",1,2,1,5,PP,"[[1, 2], [1, 1]]",4,4,0.000736,20,0,0,0,0,0,0,True
76,5,2,"[3, 2]","[[0, 2, 2], [1, 3]]",1,2,2,1,PP,"[[1, 1, 1], [1, 1]]",5,6,0.000736,20,0,0,0,0,0,0,True
76,5,2,"[3, 2]","[[0, 2, 2], [1, 3]]",1,2,2,2,PP,"[[2, 1], [2]]",3,2,0.000736,20,0,0,4,4/5,4,4/5,True
76,5,2,"[3, 2]","[[0, 2, 2], [1, 3]]",1,2,2,3,PP,"[[3], [2]]",2,1,0.000741,20,0,0,4,4/5,6,6/5,True
76,5,2,"[3, 2]","[[0, 2, 2], [1, 3]]",1,2,2,5,PP,"[[3], [2]]",2,1,0.000731,20,0,0,4,4/5,8,8/5,True
76,5,2,"[3, 2]","[[0, 2, 2], [1, 3]]",1,2,3,1,PP,"[[1, 1, 1], [1, 1]]",5,6,0.000751,20,0,0,0,0,0,0,True
76,5,2,"[3, 2]","[[0, 2, 2], [1, 3]]",1,2,3,2,PP,"[[2, 1], [2]]",3,2,0.000736,20,0,0,4,4/5,12,12/5,True
76,5,2,"[3, 2]","[[0, 2, 2], [1, 3]]",1,2,3,3,PP,"[[3], [2]]",2,1,0.000741,20,0,0,4,4/5,18,18/5,True
76,5,2,"[3, 2]","[[0, 2, 2], [1, 3]]",1,2,3,5,PP,"[[3], [2]]",2,1,0.000716,20,0,0,4,4/5,24,24/5,True
77,5,2,"[3, 2]","[[0, 2, 2], [2, 2]]",1,2,0,1,PP,"[[1, 1, 1], [1, 1]]",5,6,0.000741,20,0,0,0,0,0,0,True
77,5,2,"[3, 2]","[[0, 2, 2], [2, 2]]",1,2,0,2,PP,"[[1, 2], [2]]",3,2,0.000726,20,0,0,0,0,0,0,True
77,5,2,"[3, 2]","[[0, 2, 2], [2, 2]]",1,2,0,3,PP,"[[1, 2], [2]]",3,2,0.000711,20,0,0,0,0,0,0,True
77,5,2,"[3, 2]","[[0, 2, 2], [2, 2]]",1,2,0,5,PP,"[[1, 2], [2]]",3,2,0.000711,20,0,0,0,0,0,0,True
77,5,2,"[3, 2]","[[0, 2, 2], [2, 2]]",1,2,1,1,PP,"[[1, 1, 1], [1, 1]]",5,6,0.0007265,20,0,0,0,0,0,0,True
77,5,2,"[3, 2]","[[0, 2, 2], [2, 2]]",1,2,1,2,PP,"[[1, 2], [2]]",3,2,0.000721,20,0,0,0,0,0,0,True
77,5,2,"[3, 2]","[[0, 2, 2], [2, 2]]",1,2,1,3,PP,"[[1, 2], [2]]",3,2,0.000736,20,0,0,0,0,0,0,True
77,5,2,"[3, 2]","[[0, 2, 2], [2, 2]]",1,2,1,5,PP,"[[1, 2], [2]]",3,2,0.000751,20,0,0,0,0,0,0,True
77,5,2,"[3, 2]","[[0, 2, 2], [2, 2]]",1,2,2,1,PP,"[[1, 1, 1], [1, 1]]",5,6,0.000741,20,0,0,0,0,0,0,True
77,5,2,"[3, 2]","[[0, 2, 2], [2, 2]]",1,2,2,2,PP,"[[2, 1], [2]]",3,2,0.0007265,20,0,0,2,2/5,4,4/5,True
77,5,2,"[3, 2]","[[0, 2, 2], [2, 2]]",1,2,2,3,PP,"[[3], [2]]",2,1,0.0007315,20,0,0,2,2/5,6,6/5,True
77,5,2,"[3, 2]","[[0, 2, 2], [2, 2]]",1,2,2,5,PP,"[[3], [2]]",2,1,0.000721,20,0,0,2,2/5,8,8/5,True
77,5,2,"[3, 2]","[[0, 2, 2], [2, 2]]",1,2,3,1,PP,"[[1, 1, 1], [1, 1]]",5,6,0.0007215,20,0,0,0,0,0,0,True
77,5,2,"[3, 2]","[[0, 2, 2], [2, 2]]",1,2,3,2,PP,"[[2, 1], [2]]",3,2,0.000721,20,0,0,2,2/5,12,12/5,True
77,5,2,"[3, 2]","[[0, 2, 2], [2, 2]]",1,2,3,3,PP,"[[3], [2]]",2,1,0.000721,20,0,0,2,2/5,18,18/5,True
77,5,2,"[3, 2]","[[0, 2, 2], [2, 2]]",1,2,3,5,PP,"[[3], [2]]",2,1,0.0007215,20,0,0,2,2/5,24,24/5,True
78,5,2,"[3, 2]","[[0, 2, 2], [2, 3]]",1,2,0,1,PP,"[[1, 1, 1], [1, 1]]",5,6,0.000721,20,0,0,0,0,0,0,True
78,5,2,"[3, 2]","[[0, 2, 2], [2, 3]]",1,2,0,2,PP,"[[1, 2], [1, 1]]",4,4,0.000731,20,0,0,0,0,0,0,True
78,5,2,"[3, 2]","[[0, 2, 2], [2, 3]]",1,2,0,3,PP,"[[1, 2], [1, 1]]",4,4,0.000766,20,0,0,0,0,0,0,True
78,5,2,"[3, 2]","[[0, 2, 2], [2, 3]]",1,2,0,5,PP,"[[1, 2], [1, 1]]",4,4,0.000741,20,0,0,0,0,0,0,True
78,5,2,"[3, 2]","[[0, 2, 2], [2, 3]]",1,2,1,1,PP,"[[1, 1, 1], [1, 1]]",5,6,0.000741,20,0,0,0,0,0,0,True
78,5,2,"[3, 2]","[[0, 2, 2], [2, 3]]",1,2,1,2,PP,"[[1, 2], [2]]",3,2,0.000731,20,0,0,0,0,0,0,True
78,5,2,"[3, 2]","[[0, 2, 2], [2, 3]]",1,2,1,3,PP,"[[1, 2], [2]]",3,2,0.000721,20,0,0,0,0,0,0,True
78,5,2,"[3, 2]","[[0, 2, 2], [2, 3]]",1,2,1,5,PP,"[[1, 2], [2]]",3,2,0.0007165,20,0,0,0,0,0,0,True
78,5,2,"[3, 2]","[[0, 2, 2], [2, 3]]",1,2,2,1,PP,"[[1, 1, 1], [1, 1]]",5,6,0.000741,20,0,0,0,0,0,0,True
78,5,2,"[3, 2]","[[0, 2, 2], [2, 3]]",1,2,2,2,PP,"[[2, 1], [2]]",3,2,0.000711,20,0,0,2,2/5,4,4/5,True
78,5,2,"[3, 2]","[[0, 2, 2], [2, 3]]",1,2,2,3,PP,"[[3], [2]]",2,1,0.0007265,20,0,0,2,2/5,6,6/5,True
78,5,2,"[3, 2]","[[0, 2, 2], [2, 3]]",1,2,2,5,PP,"[[3], [2]]",2,1,0.000741,20,0,0,2,2/5,8,8/5,True
78,5,2,"[3, 2]","[[0, 2, 2], [2, 3]]",1,2,3,1,PP,"[[1, 1, 1], [1, 1]]",5,6,0.000761,20,0,0,0,0,0,0,True
78,5,2,"[3, 2]","[[0, 2, 2], [2, 3]]",1,2,3,2,PP,"[[2, 1], [2]]",3,2,0.0007515,20,0,0,2,2/5,12,12/5,True
78,5,2,"[3, 2]","[[0, 2, 2], [2, 3]]",1,2,3,3,PP,"[[3], [2]]",2,1,0.000741,20,0,0,2,2/5,18,18/5,True
78,5,2,"[3, 2]","[[0, 2, 2], [2, 3]]",1,2,3,5,PP,"[[3], [2]]",2,1,0.000711,20,0,0,2,2/5,24,24/5,True
79,5,2,"[3, 2]","[[0, 2, 2], [3, 3]]",1,2,0,1,PP,"[[1, 1, 1], [1, 1]]",5,6,0.0007115,20,0,0,0,0,0,0,True
79,5,2,"[3, 2]","[[0, 2, 2], [3, 3]]",1,2,0,2,PP,"[[1, 2], [2]]",3,2,0.0007165,20,0,0,0,0,0,0,True
79,5,2,"[3, 2]","[[0, 2, 2], [3, 3]]",1,2,0,3,PP,"[[1, 2], [2]]",3,2,0.000706,20,0,0,0,0,0,0,True
79,5,2,"[3, 2]","[[0, 2, 2], [3, 3]]",1,2,0,5,PP,"[[1, 2], [2]]",3,2,0.000731,20,0,0,0,0,0,0,True
79,5,2,"[3, 2]","[[0, 2, 2], [3, 3]]",1,2,1,1,PP,"[[1, 1, 1], [1, 1]]",5,6,0.000736,20,0,0,0,0,0,0,True
79,5,2,"[3, 2]","[[0, 2, 2], [3, 3]]",1,2,1,2,PP,"[[1, 2], [2]]",3,2,0.000711,20,0,0,0,0,0,0,True
79,5,2,"[3, 2]","[[0, 2, 2], [3, 3]]",1,2,1,3,PP,"[[1, 2], [2]]",3,2,0.0007215,20,0,0,0,0,0,0,True
79,5,2,"[3, 2]","[[0, 2, 2], [3, 3]]",1,2,1,5,PP,"[[1, 2], [2]]",3,2,0.0007165,20,0,0,0,0,0,0,True
79,5,2,"[3, 2]","[[0, 2, 2], [3, 3]]",1,2,2,1,PP,"[[1, 1, 1], [1, 1]]",5,6,0.000731,20,0,0,0,0,0,0,True
79,5,2,"[3, 2]","[[0, 2, 2], [3, 3]]",1,2,2,2,PP,"[[2, 1], [2]]",3,2,0.000731,20,0,0,2,2/5,4,4/5,True
79,5,2,"[3, 2]","[[0, 2, 2], [3, 3]]",1,2,2,3,PP,"[[3], [2]]",2,1,0.000731,20,0,0,2,2/5,6,6/5,True
79,5,2,"[3, 2]","[[0, 2, 2], [3, 3]]",1,2,2,5,PP,"[[3], [2]]",2,1,0.000731,20,0,0,2,2/5,8,8/5,True
79,5,2,"[3, 2]","[[0, 2, 2], [3, 3]]",1,2,3,1,PP,"[[1, 1, 1], [1, 1]]",5,6,0.000731,20,0,0,0,0,0,0,True
79,5,2,"[3, 2]","[[0, 2, 2], [3, 3]]",1,2,3,2,PP,"[[2, 1], [2]]",3,2,0.000731,20,0,0,2,2/5,12,12/5,True
79,5,2,"[3, 2]","[[0, 2, 2], [3, 3]]",1,2,3,3,PP,"[[3], [2]]",2,1,0.000751,20,0,0,2,2/5,18,18/5,True
79,5,2,"[3, 2]","[[0, 2, 2], [3, 3]]",1,2,3,5,PP,"[[3], [2]]",2,1,0.000721,20,0,0,2,2/5,24,24/5,True
80,5,2,"[3, 2]","[[0, 2, 3], [0, 0]]",1,2,0,1,PP,"[[1, 1, 1], [1, 1]]",5,6,0.000751,20,0,0,0,0,0,0,True
80,5,2,"[3, 2]","[[0, 2, 3], [0, 0]]",1,2,0,2,PP,"[[1, 1, 1], [2]]",4,3,0.000736,20,0,0,0,0,0,0,True
80,5,2,"[3, 2]","[[0, 2, 3], [0, 0]]",1,2,0,3,PP,"[[1, 1, 1], [2]]",4,3,0.000716,20,0,0,0,0,0,0,True
80,5,2,"[3, 2]","[[0, 2, 3], [0, 0]]",1,2,0,5,PP,"[[1, 1, 1], [2]]",4,3,0.000721,20,0,0,0,0,0,0,True
80,5,2,"[3, 2]","[[0, 2, 3], [0, 0]]",1,2,1,1,PP,"[[1, 1, 1], [1, 1]]",5,6,0.000761,20,0,0,0,0,0,0,True
80,5,2,"[3, 2]","[[0, 2, 3], [0, 0]]",1,2,1,2,PP,"[[1, 2], [2]]",3,2,0.000741,20,0,0,0,0,0,0,True
80,5,2,"[3, 2]","[[0, 2, 3], [0, 0]]",1,2,1,3,PP,"[[1, 2], [2]]",3,2,0.000721,20,0,0,0,0,0,0,True
80,5,2,"[3, 2]","[[0, 2, 3], [0, 0]]",1,2,1,5,PP,"[[1, 2], [2]]",3,2,0.000711,20,0,0,0,0,0,0,True
80,5,2,"[3, 2]","[[0, 2, 3], [0, 0]]",1,2,2,1,PP,"[[1, 1, 1], [1, 1]]",5,6,0.000751,20,0,0,0,0,0,0,True
80,5,2,"[3, 2]","[[0, 2, 3], [0, 0]]",1,2,2,2,PP,"[[2, 1], [2]]",3,2,0.000741,20,0,0,2,2/5,4,4/5,True
80,5,2,"[3, 2]","[[0, 2, 3], [0, 0]]",1,2,2,3,PP,"[[3], [2]]",2,1,0.000721,20,0,0,2,2/5,6,6/5,True
80,5,2,"[3, 2]","[[0, 2, 3], [0, 0]]",1,2,2,5,PP,"[[3], [2]]",2,1,0.0007365,20,0,0,2,2/5,8,8/5,True
80,5,2,"[3, 2]","[[0, 2, 3], [0, 0]]",1,2,3,1,PP,"[[1, 1, 1], [1, 1]]",5,6,0.000741,20,0,0,0,0,0,0,True
80,5,2,"[3, 2]","[[0, 2, 3], [0, 0]]",1,2,3,2,PP,"[[2, 1], [2]]",3,2,0.000731,20,0,0,2,2/5,12,12/5,True
80,5,2,"[3, 2]","[[0, 2, 3], [0, 0]]",1,2,3,3,PP,"[[3], [2]]",2,1,0.000716,20,0,0,2,2/5,18,18/5,True
80,5,2,"[3, 2]","[[0, 2, 3], [0, 0]]",1,2,3,5,PP,"[[3], [2]]",2,1,0.000731,20,0,0,2,2/5,24,24/5,True
81,5,2,"[3, 2]","[[0, 2, 3], [0, 1]]",1,2,0,1,PP,"[[1, 1, 1], [1, 1]]",5,6,0.000771,20,0,0,0,0,0,0,True
81,5,2,"[3, 2]","[[0, 2, 3], [0, 1]]",1,2,0,2,PP,"[[1, 1, 1], [1, 1]]",5,6,0.000741,20,0,0,0,0,0,0,True
81,5,2,"[3, 2]","[[0, 2, 3], [0, 1]]",1,2,0,3,PP,"[[1, 1, 1], [1, 1]]",5,6,0.000701,20,0,0,0,0,0,0,True
81,5,2,"[3, 2]","[[0, 2, 3], [0, 1]]",1,2,0,5,PP,"[[1, 1, 1], [1, 1]]",5,6,0.000741,20,0,0,0,0,0,0,True
81,5,2,"[3, 2]","[[0, 2, 3], [0, 1]]",1,2,1,1,PP,"[[1, 1, 1], [1, 1]]",5,6,0.000726,20,0,0,0,0,0,0,True
81,5,2,"[3, 2]","[[0, 2, 3], [0, 1]]",1,2,1,2,PP,"[[1, 2], [2]]",3,2,0.000721,20,0,0,0,0,0,0,True
81,5,2,"[3, 2]","[[0, 2, 3], [0, 1]]",1,2,1,3,PP,"[[1, 2], [2]]",3,2,0.000716,20,0,0,0,0,0,0,True
81,5,2,"[3, 2]","[[0, 2, 3], [0, 1]]",1,2,1,5,PP,"[[1, 2], [2]]",3,2,0.0007315,20,0,0,0,0,0,0,True
81,5,2,"[3, 2]","[[0, 2, 3], [0, 1]]",1,2,2,1,PP,"[[1, 1, 1], [1, 1]]",5,6,0.000731,20,0,0,0,0,0,0,True
81,5,2,"[3, 2]","[[0, 2, 3], [0, 1]]",1,2,2,2,PP,"[[2, 1], [2]]",3,2,0.000731,20,0,0,2,2/5,4,4/5,True
81,5,2,"[3, 2]","[[0, 2, 3], [0, 1]]",1,2,2,3,PP,"[[3], [2]]",2,1,0.000751,20,0,0,2,2/5,6,6/5,True
81,5,2,"[3, 2]","[[0, 2, 3], [0, 1]]",1,2,2,5,PP,"[[3], [2]]",2,1,0.000726,20,0,0,2,2/5,8,8/5,True
81,5,2,"[3, 2]","[[0, 2, 3], [0, 1]]",1,2,3,1,PP,"[[1, 1, 1], [1, 1]]",5,6,0.0007415,20,0,0,0,0,0,0,True
81,5,2,"[3, 2]","[[0, 2, 3], [0, 1]]",1,2,3,2,PP,"[[2, 1], [2]]",3,2,0.000751,20,0,0,2,2/5,12,12/5,True
81,5,2,"[3, 2]","[[0, 2, 3], [0, 1]]",1,2,3,3,PP,"[[3], [2]]",2,1,0.0007615,20,0,0,2,2/5,18,18/5,True
81,5,2,"[3, 2]","[[0, 2, 3], [0, 1]]",1,2,3,5,PP,"[[3], [2]]",2,1,0.000721,20,0,0,2,2/5,24,24/5,True
82,5,2,"[3, 2]","[[0, 2, 3], [0, 2]]",1,2,0,1,PP,"[[1, 1, 1], [1, 1]]",5,6,0.000741,20,0,0,0,0,0,0,True
82,5,2,"[3, 2]","[[0, 2, 3], [0, 2]]",1,2,0,2,PP,"[[1, 1, 1], [1, 1]]",5,6,0.000751,20,0,0,0,0,0,0,True
82,5,2,"[3, 2]","[[0, 2, 3], [0, 2]]",1,2,0,3,PP,"[[1, 1, 1], [1, 1]]",5,6,0.000736,20,0,0,0,0,0,0,True
82,5,2,"[3, 2]","[[0, 2, 3], [0, 2]]",1,2,0,5,PP,"[[1, 1, 1], [1, 1]]",5,6,0.000741,20,0,0,0,0,0,0,True
82,5,2,"[3, 2]","[[0, 2, 3], [0, 2]]",1,2,1,1,PP,"[[1, 1, 1], [1, 1]]",5,6,0.000756,20,0,0,0,0,0,0,True
82,5,2,"[3, 2]","[[0, 2, 3], [0, 2]]",1,2,1,2,PP,"[[1, 2], [1, 1]]",4,4,0.000741,20,0,0,0,0,0,0,True
82,5,2,"[3, 2]","[[0, 2, 3], [0, 2]]",1,2,1,3,PP,"[[1, 2], [1, 1]]",4,4,0.000731,20,0,0,0,0,0,0,True
82,5,2,"[3, 2]","[[0, 2, 3], [0, 2]]",1,2,1,5,PP,"[[1, 2], [1, 1]]",4,4,0.000711,20,0,0,0,0,0,0,True
82,5,2,"[3, 2]","[[0, 2, 3], [0, 2]]",1,2,2,1,PP,"[[1, 1, 1], [1, 1]]",5,6,0.000721,20,0,0,0,0,0,0,True
82,5,2,"[3, 2]","[[0, 2, 3], [0, 2]]",1,2,2,2,PP,"[[2, 1], [2]]",3,2,0.000722,20,1,1/5,4,4/5,4,4/5,True
82,5,2,"[3, 2]","[[0, 2, 3], [0, 2]]",1,2,2,3,PP,"[[3], [2]]",2,1,0.000736,20,1,1/5,4,4/5,6,6/5,True
82,5,2,"[3, 2]","[[0, 2, 3], [0, 2]]",1,2,2,5,PP,"[[3], [2]]",2,1,0.000726,20,1,1/5,4,4/5,8,8/5,True
82,5,2,"[3, 2]","[[0, 2, 3], [0, 2]]",1,2,3,1,PP,"[[1, 1, 1], [1, 1]]",5,6,0.000751,20,0,0,0,0,0,0,True
82,5,2,"[3, 2]","[[0, 2, 3], [0, 2]]",1,2,3,2,PP,"[[2, 1], [2]]",3,2,0.000721,20,1,1/5,4,4/5,12,12/5,True
82,5,2,"[3, 2]","[[0, 2, 3], [0, 2]]",1,2,3,3,PP,"[[3], [2]]",2,1,0.000721,20,1,1/5,4,4/5,18,18/5,True
82,5,2,"[3, 2]","[[0, 2, 3], [0, 2]]",1,2,3,5,PP,"[[3], [2]]",2,1,0.000741,20,1,1/5,4,4/5,24,24/5,True
83,5,2,"[3, 2]","[[0, 2, 3], [0, 3]]",1,2,0,1,PP,"[[1, 1, 1], [1, 1]]",5,6,0.000751,20,0,0,0,0,0,0,True
83,5,2,"[3, 2]","[[0, 2, 3], [0, 3]]",1,2,0,2,PP,"[[1, 1, 1], [1, 1]]",5,6,0.000741,20,0,0,0,0,0,0,True
83,5,2,"[3, 2]","[[0, 2, 3], [0, 3]]",1,2,0,3,PP,"[[1, 1, 1], [1, 1]]",5,6,0.000751,20,0,0,0,0,0,0,True
83,5,2,"[3, 2]","[[0, 2, 3], [0, 3]]",1,2,0,5,PP,"[[1, 1, 1], [1, 1]]",5,6,0.000721,20,0,0,0,0,0,0,True
83,5,2,"[3, 2]","[[0, 2, 3], [0, 3]]",1,2,1,1,PP,"[[1, 1, 1], [1, 1]]",5,6,0.000761,20,0,0,0,0,0,0,True
83,5,2,"[3, 2]","[[0, 2, 3], [0, 3]]",1,2,1,2,PP,"[[1, 2], [1, 1]]",4,4,0.0007365,20,0,0,0,0,0,0,True
83,5,2,"[3, 2]","[[0, 2, 3], [0, 3]]",1,2,1,3,PP,"[[1, 2], [1, 1]]",4,4,0.0007415,20,0,0,0,0,0,0,True
83,5,2,"[3, 2]","[[0, 2, 3], [0, 3]]",1,2,1,5,PP,"[[1, 2], [1, 1]]",4,4,0.000741,20,0,0,0,0,0,0,True
83,5,2,"[3, 2]","[[0, 2, 3], [0, 3]]",1,2,2,1,PP,"[[1, 1, 1], [1, 1]]",5,6,0.000721,20,0,0,0,0,0,0,True
83,5,2,"[3, 2]","[[0, 2, 3], [0, 3]]",1,2,2,2,PP,"[[2, 1], [1, 1]]",4,4,0.000731,20,0,0,2,2/5,4,4/5,True
83,5,2,"[3, 2]","[[0, 2, 3], [0, 3]]",1,2,2,3,PP,"[[3], [1, 1]]",3,2,0.0007215,20,0,0,2,2/5,6,6/5,True
83,5,2,"[3, 2]","[[0, 2, 3], [0, 3]]",1,2,2,5,PP,"[[3], [1, 1]]",3,2,0.0007615,20,0,0,2,2/5,8,8/5,True
83,5,2,"[3, 2]","[[0, 2, 3], [0, 3]]",1,2,3,1,PP,"[[1, 1, 1], [1, 1]]",5,6,0.0007315,20,0,0,0,0,0,0,True
83,5,2,"[3, 2]","[[0, 2, 3], [0, 3]]",1,2,3,2,PP,"[[2, 1], [2]]",3,2,0.000751,20,1,1/5,8,8/5,12,12/5,True
83,5,2,"[3, 2]","[[0, 2, 3], [0, 3]]",1,2,3,3,PP,"[[3], [2]]",2,1,0.000731,20,1,1/5,8,8/5,18,18/5,True
83,5,2,"[3, 2]","[[0, 2, 3], [0, 3]]",1,2,3,5,PP,"[[3], [2]]",2,1,0.000721,20,1,1/5,8,8/5,24,24/5,True
84,5,2,"[3, 2]","[[0, 2, 3], [1, 1]]",1,2,0,1,PP,"[[1, 1, 1], [1, 1]]",5,6,0.000741,20,0,0,0,0,0,0,True
84,5,2,"[3, 2]","[[0, 2, 3], [1, 1]]",1,2,0,2,PP,"[[1, 1, 1], [2]]",4,3,0.000741,20,0,0,0,0,0,0,True
84,5,2,"[3, 2]","[[0, 2, 3], [1, 1]]",1,2,0,3,PP,"[[1, 1, 1], [2]]",4,3,0.0007165,20,0,0,0,0,0,0,True
84,5,2,"[3, 2]","[[0, 2, 3], [1, 1]]",1,2,0,5,PP,"[[1, 1, 1], [2]]",4,3,0.0007365,20,0,0,0,0,0,0,True
84,5,2,"[3, 2]","[[0, 2, 3], [1, 1]]",1,2,1,1,PP,"[[1, 1, 1], [1, 1]]",5,6,0.000751,20,0,0,0,0,0,0,True
84,5,2,"[3, 2]","[[0, 2, 3], [1, 1]]",1,2,1,2,PP,"[[1, 2], [2]]",3,2,0.000706,20,0,0,0,0,0,0,True
84,5,2,"[3, 2]","[[0, 2, 3], [1, 1]]",1,2,1,3,PP,"[[1, 2], [2]]",3,2,0.000721,20,0,0,0,0,0,0,True
84,5,2,"[3, 2]","[[0, 2, 3], [1, 1]]",1,2,1,5,PP,"[[1, 2], [2]]",3,2,0.000711,20,0,0,0,0,0,0,True
84,5,2,"[3, 2]","[[0, 2, 3], [1, 1]]",1,2,2,1,PP,"[[1, 1, 1], [1, 1]]",5,6,0.000731,20,0,0,0,0,0,0,True
84,5,2,"[3, 2]","[[0, 2, 3], [1, 1]]",1,2,2,2,PP,"[[2, 1], [2]]",3,2,0.000741,20,0,0,2,2/5,4,4/5,True
84,5,2,"[3, 2]","[[0, 2, 3], [1, 1]]",1,2,2,3,PP,"[[3], [2]]",2,1,0.0007115,20,0,0,2,2/5,6,6/5,True
84,5,2,"[3, 2]","[[0, 2, 3], [1, 1]]",1,2,2,5,PP,"[[3], [2]]",2,1,0.000716,20,0,0,2,2/5,8,8/5,True
84,5,2,"[3, 2]","[[0, 2, 3], [1, 1]]",1,2,3,1,PP,"[[1, 1, 1], [1, 1]]",5,6,0.000751,20,0,0,0,0,0,0,True
84,5,2,"[3, 2]","[[0, 2, 3], [1, 1]]",1,2,3,2,PP,"[[2, 1], [2]]",3,2,0.000756,20,0,0,2,2/5,12,12/5,True
84,5,2,"[3, 2]","[[0, 2, 3], [1, 1]]",1,2,3,3,PP,"[[3], [2]]",2,1,0.0007465,20,0,0,2,2/5,18,18/5,True
84,5,2,"[3, 2]","[[0, 2, 3], [1, 1]]",1,2,3,5,PP,"[[3], [2]]",2,1,0.0007315,20,0,0,2,2/5,24,24/5,True
85,5,2,"[3, 2]","[[0, 2, 3], [1, 2]]",1,2,0,1,PP,"[[1, 1, 1], [1, 1]]",5,6,0.000731,20,0,0,0,0,0,0,True
85,5,2,"[3, 2]","[[0, 2, 3], [1, 2]]",1,2,0,2,PP,"[[1, 1, 1], [1, 1]]",5,6,0.000751,20,0,0,0,0,0,0,True
85,5,2,"[3, 2]","[[0, 2, 3], [1, 2]]",1,2,0,3,PP,"[[1, 1, 1], [1, 1]]",5,6,0.000731,20,0,0,0,0,0,0,True
85,5,2,"[3, 2]","[[0, 2, 3], [1, 2]]",1,2,0,5,PP,"[[1, 1, 1], [1, 1]]",5,6,0.000746,20,0,0,0,0,0,0,True
85,5,2,"[3, 2]","[[0, 2, 3], [1, 2]]",1,2,1,1,PP,"[[1, 1, 1], [1, 1]]",5,6,0.000726,20,0,0,0,0,0,0,True
85,5,2,"[3, 2]","[[0, 2, 3], [1, 2]]",1,2,1,2,PP,"[[1, 2], [2]]",3,2,0.000751,20,0,0,0,0,0,0,True
85,5,2,"[3, 2]","[[0, 2, 3], [1, 2]]",1,2,1,3,PP,"[[1, 2], [2]]",3,2,0.000741,20,0,0,0,0,0,0,True
85,5,2,"[3, 2]","[[0, 2, 3], [1, 2]]",1,2,1,5,PP,"[[1, 2], [2]]",3,2,0.000741,20,0,0,0,0,0,0,True
85,5,2,"[3, 2]","[[0, 2, 3], [1, 2]]",1,2,2,1,PP,"[[1, 1, 1], [1, 1]]",5,6,0.0007365,20,0,0,0,0,0,0,True
85,5,2,"[3, 2]","[[0, 2, 3], [1, 2]]",1,2,2,2,PP,"[[2, 1], [2]]",3,2,0.000731,20,0,0,2,2/5,4,4/5,True
85,5,2,"[3, 2]","[[0, 2, 3], [1, 2]]",1,2,2,3,PP,"[[3], [2]]",2,1,0.000801,20,0,0,2,2/5,6,6/5,True
85,5,2,"[3, 2]","[[0, 2, 3], [1, 2]]",1,2,2,5,PP,"[[3], [2]]",2,1,0.0008015,20,0,0,2,2/5,8,8/5,True
85,5,2,"[3, 2]","[[0, 2, 3], [1, 2]]",1,2,3,1,PP,"[[1, 1, 1], [1, 1]]",5,6,0.0008315,20,0,0,0,0,0,0,True
85,5,2,"[3, 2]","[[0, 2, 3], [1, 2]]",1,2,3,2,PP,"[[2, 1], [2]]",3,2,0.0008215,20,0,0,2,2/5,12,12/5,True
85,5,2,"[3, 2]","[[0, 2, 3], [1, 2]]",1,2,3,3,PP,"[[3], [2]]",2,1,0.000811,20,0,0,2,2/5,18,18/5,True
85,5,2,"[3, 2]","[[0, 2, 3], [1, 2]]",1,2,3,5,PP,"[[3], [2]]",2,1,0.0007965,20,0,0,2,2/5,24,24/5,True
86,5,2,"[3, 2]","[[0, 2, 3], [1, 3]]",1,2,0,1,PP,"[[1, 1, 1], [1, 1]]",5,6,0.000816,20,0,0,0,0,0,0,True
86,5,2,"[3, 2]","[[0, 2, 3], [1, 3]]",1,2,0,2,PP,"[[1, 1, 1], [1, 1]]",5,6,0.000796,20,0,0,0,0,0,0,True
86,5,2,"[3, 2]","[[0, 2, 3], [1, 3]]",1,2,0,3,PP,"[[1, 1, 1], [1, 1]]",5,6,0.0008015,20,0,0,0,0,0,0,True
86,5,2,"[3, 2]","[[0, 2, 3], [1, 3]]",1,2,0,5,PP,"[[1, 1, 1], [1, 1]]",5,6,0.000781,20,0,0,0,0,0,0,True
86,5,2,"[3, 2]","[[0, 2, 3], [1, 3]]",1,2,1,1,PP,"[[1, 1, 1], [1, 1]]",5,6,0.000821,20,0,0,0,0,0,0,True
86,5,2,"[3, 2]","[[0, 2, 3], [1, 3]]",1,2,1,2,PP,"[[1, 2], [1, 1]]",4,4,0.000771,20,0,0,0,0,0,0,True
86,5,2,"[3, 2]","[[0, 2, 3], [1, 3]]",1,2,1,3,PP,"[[1, 2], [1, 1]]",4,4,0.000806,20,0,0,0,0,0,0,True
86,5,2,"[3, 2]","[[0, 2, 3], [1, 3]]",1,2,1,5,PP,"[[1, 2], [1, 1]]",4,4,0.0007915,20,0,0,0,0,0,0,True
86,5,2,"[3, 2]","[[0, 2, 3], [1, 3]]",1,2,2,1,PP,"[[1, 1, 1], [1, 1]]",5,6,0.0008265,20,0,0,0,0,0,0,True
86,5,2,"[3, 2]","[[0, 2, 3], [1, 3]]",1,2,2,2,PP,"[[2, 1], [2]]",3,2,0.0008165,20,0,0,4,4/5,4,4/5,True
86,5,2,"[3, 2]","[[0, 2, 3], [1, 3]]",1,2,2,3,PP,"[[3], [2]]",2,1,0.000801,20,0,0,4,4/5,6,6/5,True
86,5,2,"[3, 2]","[[0, 2, 3], [1, 3]]",1,2,2,5,PP,"[[3], [2]]",2,1,0.000801,20,0,0,4,4/5,8,8/5,True
86,5,2,"[3, 2]","[[0, 2, 3], [1, 3]]",1,2,3,1,PP,"[[1, 1, 1], [1, 1]]",5,6,0.000831,20,0,0,0,0,0,0,True
86,5,2,"[3, 2]","[[0, 2, 3], [1, 3]]",1,2,3,2,PP,"[[2, 1], [2]]",3,2,0.000826,20,0,0,4,4/5,12,12/5,True
86,5,2,"[3, 2]","[[0, 2, 3], [1, 3]]",1,2,3,3,PP,"[[3], [2]]",2,1,0.000841,20,0,0,4,4/5,18,18/5,True
86,5,2,"[3, 2]","[[0, 2, 3], [1, 3]]",1,2,3,5,PP,"[[3], [2]]",2,1,0.000831,20,0,0,4,4/5,24,24/5,True
87,5,2,"[3, 2]","[[0, 2, 3], [2, 2]]",1,2,0,1,PP,"[[1, 1, 1], [1, 1]]",5,6,0.000841,20,0,0,0,0,0,0,True
87,5,2,"[3, 2]","[[0, 2, 3], [2, 2]]",1,2,0,2,PP,"[[1, 1, 1], [2]]",4,3,0.0008215,20,0,0,0,0,0,0,True
87,5,2,"[3, 2]","[[0, 2, 3], [2, 2]]",1,2,0,3,PP,"[[1, 1, 1], [2]]",4,3,0.000811,20,0,0,0,0,0,0,True
87,5,2,"[3, 2]","[[0, 2, 3], [2, 2]]",1,2,0,5,PP,"[[1, 1, 1], [2]]",4,3,0.000801,20,0,0,0,0,0,0,True
87,5,2,"[3, 2]","[[0, 2, 3], [2, 2]]",1,2,1,1,PP,"[[1, 1, 1], [1, 1]]",5,6,0.000826,20,0,0,0,0,0,0,True
87,5,2,"[3, 2]","[[0, 2, 3], [2, 2]]",1,2,1,2,PP,"[[1, 2], [2]]",3,2,0.000801,20,0,0,0,0,0,0,True
87,5,2,"[3, 2]","[[0, 2, 3], [2, 2]]",1,2,1,3,PP,"[[1, 2], [2]]",3,2,0.0007315,20,0,0,0,0,0,0,True
87,5,2,"[3, 2]","[[0, 2, 3], [2, 2]]",1,2,1,5,PP,"[[1, 2], [2]]",3,2,0.0007215,20,0,0,0,0,0,0,True
87,5,2,"[3, 2]","[[0, 2, 3], [2, 2]]",1,2,2,1,PP,"[[1, 1, 1], [1, 1]]",5,6,0.000726,20,0,0,0,0,0,0,True
87,5,2,"[3, 2]","[[0, 2, 3], [2, 2]]",1,2,2,2,PP,"[[2, 1], [2]]",3,2,0.000751,20,0,0,2,2/5,4,4/5,True
87,5,2,"[3, 2]","[[0, 2, 3], [2, 2]]",1,2,2,3,PP,"[[3], [2]]",2,1,0.000731,20,0,0,2,2/5,6,6/5,True
87,5,2,"[3, 2]","[[0, 2, 3], [2, 2]]",1,2,2,5,PP,"[[3], [2]]",2,1,0.000736,20,0,0,2,2/5,8,8/5,True
87,5,2,"[3, 2]","[[0, 2, 3], [2, 2]]",1,2,3,1,PP,"[[1, 1, 1], [1, 1]]",5,6,0.000721,20,0,0,0,0,0,0,True
87,5,2,"[3, 2]","[[0, 2, 3], [2, 2]]",1,2,3,2,PP,"[[2, 1], [2]]",3,2,0.000731,20,0,0,2,2/5,12,12/5,True
87,5,2,"[3, 2]","[[0, 2, 3], [2, 2]]",1,2,3,3,PP,"[[3], [2]]",2,1,0.000716,20,0,0,2,2/5,18,18/5,True
87,5,2,"[3, 2]","[[0, 2, 3], [2, 2]]",1,2,3,5,PP,"[[3], [2]]",2,1,0.000711,20,0,0,2,2/5,24,24/5,True
88,5,2,"[3, 2]","[[0, 2, 3], [2, 3]]",1,2,0,1,PP,"[[1, 1, 1], [1, 1]]",5,6,0.000726,20,0,0,0,0,0,0,True
88,5,2,"[3, 2]","[[0, 2, 3], [2, 3]]",1,2,0,2,PP,"[[1, 1, 1], [1, 1]]",5,6,0.000716,20,0,0,0,0,0,0,True
88,5,2,"[3, 2]","[[0, 2, 3], [2, 3]]",1,2,0,3,PP,"[[1, 1, 1], [1, 1]]",5,6,0.000726,20,0,0,0,0,0,0,True
88,5,2,"[3, 2]","[[0, 2, 3], [2, 3]]",1,2,0,5,PP,"[[1, 1, 1], [1, 1]]",5,6,0.000721,20,0,0,0,0,0,0,True
88,5,2,"[3, 2]","[[0, 2, 3], [2, 3]]",1,2,1,1,PP,"[[1, 1, 1], [1, 1]]",5,6,0.000721,20,0,0,0,0,0,0,True
88,5,2,"[3, 2]","[[0, 2, 3], [2, 3]]",1,2,1,2,PP,"[[1, 2], [2]]",3,2,0.000711,20,0,0,0,0,0,0,True
88,5,2,"[3, 2]","[[0, 2, 3], [2, 3]]",1,2,1,3,PP,"[[1, 2], [2]]",3,2,0.000721,20,0,0,0,0,0,0,True
88,5,2,"[3, 2]","[[0, 2, 3], [2, 3]]",1,2,1,5,PP,"[[1, 2], [2]]",3,2,0.0007265,20,0,0,0,0,0,0,True
88,5,2,"[3, 2]","[[0, 2, 3], [2, 3]]",1,2,2,1,PP,"[[1, 1, 1], [1, 1]]",5,6,0.000736,20,0,0,0,0,0,0,True
88,5,2,"[3, 2]","[[0, 2, 3], [2, 3]]",1,2,2,2,PP,"[[2, 1], [2]]",3,2,0.000726,20,0,0,2,2/5,4,4/5,True
88,5,2,"[3, 2]","[[0, 2, 3], [2, 3]]",1,2,2,3,PP,"[[3], [2]]",2,1,0.000731,20,0,0,2,2/5,6,6/5,True
88,5,2,"[3, 2]","[[0, 2, 3], [2, 3]]",1,2,2,5,PP,"[[3], [2]]",2,1,0.000741,20,0,0,2,2/5,8,8/5,True
88,5,2,"[3, 2]","[[0, 2, 3], [2, 3]]",1,2,3,1,PP,"[[1, 1, 1], [1, 1]]",5,6,0.000741,20,0,0,0,0,0,0,True
88,5,2,"[3, 2]","[[0, 2, 3], [2, 3]]",1,2,3,2,PP,"[[2, 1], [2]]",3,2,0.000741,20,0,0,2,2/5,12,12/5,True
88,5,2,"[3, 2]","[[0, 2, 3], [2, 3]]",1,2,3,3,PP,"[[3], [2]]",2,1,0.000716,20,0,0,2,2/5,18,18/5,True
88,5,2,"[3, 2]","[[0, 2, 3], [2, 3]]",1,2,3,5,PP,"[[3], [2]]",2,1,0.000746,20,0,0,2,2/5,24,24/5,True
89,5,2,"[3, 2]","[[0, 2, 3], [3, 3]]",1,2,0,1,PP,"[[1, 1, 1], [1, 1]]",5,6,0.000746,20,0,0,0,0,0,0,True
89,5,2,"[3, 2]","[[0, 2, 3], [3, 3]]",1,2,0,2,PP,"[[1, 1, 1], [2]]",4,3,0.000716,20,0,0,0,0,0,0,True
89,5,2,"[3, 2]","[[0, 2, 3], [3, 3]]",1,2,0,3,PP,"[[1, 1, 1], [2]]",4,3,0.000711,20,0,0,0,0,0,0,True
89,5,2,"[3, 2]","[[0, 2, 3], [3, 3]]",1,2,0,5,PP,"[[1, 1, 1], [2]]",4,3,0.000731,20,0,0,0,0,0,0,True
89,5,2,"[3, 2]","[[0, 2, 3], [3, 3]]",1,2,1,1,PP,"[[1, 1, 1], [1, 1]]",5,6,0.000721,20,0,0,0,0,0,0,True
89,5,2,"[3, 2]","[[0, 2, 3], [3, 3]]",1,2,1,2,PP,"[[1, 2], [2]]",3,2,0.000766,20,0,0,0,0,0,0,True
89,5,2,"[3, 2]","[[0, 2, 3], [3, 3]]",1,2,1,3,PP,"[[1, 2], [2]]",3,2,0.000751,20,0,0,0,0,0,0,True
89,5,2,"[3, 2]","[[0, 2, 3], [3, 3]]",1,2,1,5,PP,"[[1, 2], [2]]",3,2,0.000711,20,0,0,0,0,0,0,True
89,5,2,"[3, 2]","[[0, 2, 3], [3, 3]]",1,2,2,1,PP,"[[1, 1, 1], [1, 1]]",5,6,0.000721,20,0,0,0,0,0,0,True
89,5,2,"[3, 2]","[[0, 2, 3], [3, 3]]",1,2,2,2,PP,"[[2, 1], [2]]",3,2,0.0007265,20,0,0,2,2/5,4,4/5,True
89,5,2,"[3, 2]","[[0, 2, 3], [3, 3]]",1,2,2,3,PP,"[[3], [2]]",2,1,0.0007215,20,0,0,2,2/5,6,6/5,True
89,5,2,"[3, 2]","[[0, 2, 3], [3, 3]]",1,2,2,5,PP,"[[3], [2]]",2,1,0.000731,20,0,0,2,2/5,8,8/5,True
89,5,2,"[3, 2]","[[0, 2, 3], [3, 3]]",1,2,3,1,PP,"[[1, 1, 1], [1, 1]]",5,6,0.000711,20,0,0,0,0,0,0,True
89,5,2,"[3, 2]","[[0, 2, 3], [3, 3]]",1,2,3,2,PP,"[[2, 1], [2]]",3,2,0.000731,20,0,0,2,2/5,12,12/5,True
89,5,2,"[3, 2]","[[0, 2, 3], [3, 3]]",1,2,3,3,PP,"[[3], [2]]",2,1,0.000711,20,0,0,2,2/5,18,18/5,True
89,5,2,"[3, 2]","[[0, 2, 3], [3, 3]]",1,2,3,5,PP,"[[3], [2]]",2,1,0.000716,20,0,0,2,2/5,24,24/5,True
90,5,2,"[3, 2]","[[0, 3, 3], [0, 0]]",1,2,0,1,PP,"[[1, 1, 1], [1, 1]]",5,6,0.0007215,20,0,0,0,0,0,0,True
90,5,2,"[3, 2]","[[0, 3, 3], [0, 0]]",1,2,0,2,PP,"[[1, 2], [2]]",3,2,0.000736,20,0,0,0,0,0,0,True
90,5,2,"[3, 2]","[[0, 3, 3], [0, 0]]",1,2,0,3,PP,"[[1, 2], [2]]",3,2,0.000721,20,0,0,0,0,0,0,True
90,5,2,"[3, 2]","[[0, 3, 3], [0, 0]]",1,2,0,5,PP,"[[1, 2], [2]]",3,2,0.000716,20,0,0,0,0,0,0,True
90,5,2,"[3, 2]","[[0, 3, 3], [0, 0]]",1,2,1,1,PP,"[[1, 1, 1], [1, 1]]",5,6,0.000751,20,0,0,0,0,0,0,True
90,5,2,"[3, 2]","[[0, 3, 3], [0, 0]]",1,2,1,2,PP,"[[1, 2], [2]]",3,2,0.000731,20,0,0,0,0,0,0,True
90,5,2,"[3, 2]","[[0, 3, 3], [0, 0]]",1,2,1,3,PP,"[[1, 2], [2]]",3,2,0.000741,20,0,0,0,0,0,0,True
90,5,2,"[3, 2]","[[0, 3, 3], [0, 0]]",1,2,1,5,PP,"[[1, 2], [2]]",3,2,0.000731,20,0,0,0,0,0,0,True
90,5,2,"[3, 2]","[[0, 3, 3], [0, 0]]",1,2,2,1,PP,"[[1, 1, 1], [1, 1]]",5,6,0.000751,20,0,0,0,0,0,0,True
90,5,2,"[3, 2]","[[0, 3, 3], [0, 0]]",1,2,2,2,PP,"[[1, 2], [2]]",3,2,0.000721,20,0,0,0,0,4,4/5,True
90,5,2,"[3, 2]","[[0, 3, 3], [0, 0]]",1,2,2,3,PP,"[[1, 2], [2]]",3,2,0.000721,20,0,0,0,0,6,6/5,True
90,5,2,"[3, 2]","[[0, 3, 3], [0, 0]]",1,2,2,5,PP,"[[1, 2], [2]]",3,2,0.000731,20,0,0,0,0,8,8/5,True
90,5,2,"[3, 2]","[[0, 3, 3], [0, 0]]",1,2,3,1,PP,"[[1, 1, 1], [1, 1]]",5,6,0.000726,20,0,0,0,0,0,0,True
90,5,2,"[3, 2]","[[0, 3, 3], [0, 0]]",1,2,3,2,PP,"[[2, 1], [2]]",3,2,0.000721,20,0,0,6,6/5,12,12/5,True
90,5,2,"[3, 2]","[[0, 3, 3], [0, 0]]",1,2,3,3,PP,"[[3], [2]]",2,1,0.000746,20,0,0,6,6/5,18,18/5,True
90,5,2,"[3, 2]","[[0, 3, 3], [0, 0]]",1,2,3,5,PP,"[[3], [2]]",2,1,0.0007115,20,0,0,6,6/5,24,24/5,True
91,5,2,"[3, 2]","[[0, 3, 3], [0, 1]]",1,2,0,1,PP,"[[1, 1, 1], [1, 1]]",5,6,0.000731,20,0,0,0,0,0,0,True
91,5,2,"[3, 2]","[[0, 3, 3], [0, 1]]",1,2,0,2,PP,"[[1, 2], [1, 1]]",4,4,0.000721,20,0,0,0,0,0,0,True
91,5,2,"[3, 2]","[[0, 3, 3], [0, 1]]",1,2,0,3,PP,"[[1, 2], [1, 1]]",4,4,0.000721,20,0,0,0,0,0,0,True
91,5,2,"[3, 2]","[[0, 3, 3], [0, 1]]",1,2,0,5,PP,"[[1, 2], [1, 1]]",4,4,0.000706,20,0,0,0,0,0,0,True
91,5,2,"[3, 2]","[[0, 3, 3], [0, 1]]",1,2,1,1,PP,"[[1, 1, 1], [1, 1]]",5,6,0.000736,20,0,0,0,0,0,0,True
91,5,2,"[3, 2]","[[0, 3, 3], [0, 1]]",1,2,1,2,PP,"[[1, 2], [2]]",3,2,0.000716,20,0,0,0,0,0,0,True
91,5,2,"[3, 2]","[[0, 3, 3], [0, 1]]",1,2,1,3,PP,"[[1, 2], [2]]",3,2,0.000731,20,0,0,0,0,0,0,True
91,5,2,"[3, 2]","[[0, 3, 3], [0, 1]]",1,2,1,5,PP,"[[1, 2], [2]]",3,2,0.000721,20,0,0,0,0,0,0,True
91,5,2,"[3, 2]","[[0, 3, 3], [0, 1]]",1,2,2,1,PP,"[[1, 1, 1], [1, 1]]",5,6,0.000776,20,0,0,0,0,0,0,True
91,5,2,"[3, 2]","[[0, 3, 3], [0, 1]]",1,2,2,2,PP,"[[1, 2], [2]]",3,2,0.000706,20,0,0,0,0,4,4/5,True
91,5,2,"[3, 2]","[[0, 3, 3], [0, 1]]",1,2,2,3,PP,"[[1, 2], [2]]",3,2,0.000716,20,0,0,0,0,6,6/5,True
91,5,2,"[3, 2]","[[0, 3, 3], [0, 1]]",1,2,2,5,PP,"[[1, 2], [2]]",3,2,0.0007765,20,0,0,0,0,8,8/5,True
91,5,2,"[3, 2]","[[0, 3, 3], [0, 1]]",1,2,3,1,PP,"[[1, 1, 1], [1, 1]]",5,6,0.000791,20,0,0,0,0,0,0,True
91,5,2,"[3, 2]","[[0, 3, 3], [0, 1]]",1,2,3,2,PP,"[[2, 1], [2]]",3,2,0.000786,20,0,0,6,6/5,12,12/5,True
91,5,2,"[3, 2]","[[0, 3, 3], [0, 1]]",1,2,3,3,PP,"[[3], [2]]",2,1,0.0007765,20,0,0,6,6/5,18,18/5,True
91,5,2,"[3, 2]","[[0, 3, 3], [0, 1]]",1,2,3,5,PP,"[[3], [2]]",2,1,0.000791,20,0,0,6,6/5,24,24/5,True
92,5,2,"[3, 2]","[[0, 3, 3], [0, 2]]",1,2,0,1,PP,"[[1, 1, 1], [1, 1]]",5,6,0.000821,20,0,0,0,0,0,0,True
92,5,2,"[3, 2]","[[0, 3, 3], [0, 2]]",1,2,0,2,PP,"[[1, 2], [1, 1]]",4,4,0.000786,20,0,0,0,0,0,0,True
92,5,2,"[3, 2]","[[0, 3, 3], [0, 2]]",1,2,0,3,PP,"[[1, 2], [1, 1]]",4,4,0.0007915,20,0,0,0,0,0,0,True
92,5,2,"[3, 2]","[[0, 3, 3], [0, 2]]",1,2,0,5,PP,"[[1, 2], [1, 1]]",4,4,0.0007865,20,0,0,0,0,0,0,True
92,5,2,"[3, 2]","[[0, 3, 3], [0, 2]]",1,2,1,1,PP,"[[1, 1, 1], [1, 1]]",5,6,0.000811,20,0,0,0,0,0,0,True
92,5,2,"[3, 2]","[[0, 3, 3], [0, 2]]",1,2,1,2,PP,"[[1, 2], [1, 1]]",4,4,0.0008015,20,0,0,0,0,0,0,True
92,5,2,"[3, 2]","[[0, 3, 3], [0, 2]]",1,2,1,3,PP,"[[1, 2], [1, 1]]",4,4,0.000786,20,0,0,0,0,0,0,True
92,5,2,"[3, 2]","[[0, 3, 3], [0, 2]]",1,2,1,5,PP,"[[1, 2], [1, 1]]",4,4,0.000811,20,0,0,0,0,0,0,True
92,5,2,"[3, 2]","[[0, 3, 3], [0, 2]]",1,2,2,1,PP,"[[1, 1, 1], [1, 1]]",5,6,0.0008415,20,0,0,0,0,0,0,True
92,5,2,"[3, 2]","[[0, 3, 3], [0, 2]]",1,2,2,2,PP,"[[1, 2], [2]]",3,2,0.000851,20,1,1/5,2,2/5,4,4/5,True
92,5,2,"[3, 2]","[[0, 3, 3], [0, 2]]",1,2,2,3,PP,"[[1, 2], [2]]",3,2,0.000782,20,1,1/5,2,2/5,6,6/5,True
92,5,2,"[3, 2]","[[0, 3, 3], [0, 2]]",1,2,2,5,PP,"[[1, 2], [2]]",3,2,0.000796,20,1,1/5,2,2/5,8,8/5,True
92,5,2,"[3, 2]","[[0, 3, 3], [0, 2]]",1,2,3,1,PP,"[[1, 1, 1], [1, 1]]",5,6,0.000821,20,0,0,0,0,0,0,True
92,5,2,"[3, 2]","[[0, 3, 3], [0, 2]]",1,2,3,2,PP,"[[2, 1], [2]]",3,2,0.000821,20,2,2/5,8,8/5,12,12/5,True
92,5,2,"[3, 2]","[[0, 3, 3], [0, 2]]",1,2,3,3,PP,"[[3], [2]]",2,1,0.0008165,20,2,2/5,8,8/5,18,18/5,True
92,5,2,"[3, 2]","[[0, 3, 3], [0, 2]]",1,2,3,5,PP,"[[3], [2]]",2,1,0.000801,20,2,2/5,8,8/5,24,24/5,True
93,5,2,"[3, 2]","[[0, 3, 3], [0, 3]]",1,2,0,1,PP,"[[1, 1, 1], [1, 1]]",5,6,0.0007165,20,0,0,0,0,0,0,True
93,5,2,"[3, 2]","[[0, 3, 3], [0, 3]]",1,2,0,2,PP,"[[1, 2], [1, 1]]",4,4,0.000726,20,0,0,0,0,0,0,True
93,5,2,"[3, 2]","[[0, 3, 3], [0, 3]]",1,2,0,3,PP,"[[1, 2], [1, 1]]",4,4,0.000701,20,0,0,0,0,0,0,True
93,5,2,"[3, 2]","[[0, 3, 3], [0, 3]]",1,2,0,5,PP,"[[1, 2], [1, 1]]",4,4,0.000701,20,0,0,0,0,0,0,True
93,5,2,"[3, 2]","[[0, 3, 3], [0, 3]]",1,2,1,1,PP,"[[1, 1, 1], [1, 1]]",5,6,0.0007165,20,0,0,0,0,0,0,True
93,5,2,"[3, 2]","[[0, 3, 3], [0, 3]]",1,2,1,2,PP,"[[1, 2], [1, 1]]",4,4,0.000701,20,0,0,0,0,0,0,True
93,5,2,"[3, 2]","[[0, 3, 3], [0, 3]]",1,2,1,3,PP,"[[1, 2], [1, 1]]",4,4,0.000701,20,0,0,0,0,0,0,True
93,5,2,"[3, 2]","[[0, 3, 3], [0, 3]]",1,2,1,5,PP,"[[1, 2], [1, 1]]",4,4,0.000711,20,0,0,0,0,0,0,True
93,5,2,"[3, 2]","[[0, 3, 3], [0, 3]]",1,2,2,1,PP,"[[1, 1, 1], [1, 1]]",5,6,0.000726,20,0,0,0,0,0,0,True
93,5,2,"[3, 2]","[[0, 3, 3], [0, 3]]",1,2,2,2,PP,"[[1, 2], [1, 1]]",4,4,0.000706,20,0,0,0,0,4,4/5,True
93,5,2,"[3, 2]","[[0, 3, 3], [0, 3]]",1,2,2,3,PP,"[[1, 2], [1, 1]]",4,4,0.0007015,20,0,0,0,0,6,6/5,True
93,5,2,"[3, 2]","[[0, 3, 3], [0, 3]]",1,2,2,5,PP,"[[1, 2], [1, 1]]",4,4,0.000726,20,0,0,0,0,8,8/5,True
93,5,2,"[3, 2]","[[0, 3, 3], [0, 3]]",1,2,3,1,PP,"[[1, 1, 1], [1, 1]]",5,6,0.000721,20,0,0,0,0,0,0,True
93,5,2,"[3, 2]","[[0, 3, 3], [0, 3]]",1,2,3,2,PP,"[[2, 1], [2]]",3,2,0.000716,20,5,1,12,12/5,12,12/5,True
93,5,2,"[3, 2]","[[0, 3, 3], [0, 3]]",1,2,3,3,PP,"[[3], [2]]",2,1,0.000711,20,5,1,12,12/5,18,18/5,True
93,5,2,"[3, 2]","[[0, 3, 3], [0, 3]]",1,2,3,5,PP,"[[3], [2]]",2,1,0.000746,20,5,1,12,12/5,24,24/5,True
94,5,2,"[3, 2]","[[0, 3, 3], [1, 1]]",1,2,0,1,PP,"[[1, 1, 1], [1, 1]]",5,6,0.000741,20,0,0,0,0,0,0,True
94,5,2,"[3, 2]","[[0, 3, 3], [1, 1]]",1,2,0,2,PP,"[[1, 2], [2]]",3,2,0.000726,20,0,0,0,0,0,0,True
94,5,2,"[3, 2]","[[0, 3, 3], [1, 1]]",1,2,0,3,PP,"[[1, 2], [2]]",3,2,0.000761,20,0,0,0,0,0,0,True
94,5,2,"[3, 2]","[[0, 3, 3], [1, 1]]",1,2,0,5,PP,"[[1, 2], [2]]",3,2,0.000771,20,0,0,0,0,0,0,True
94,5,2,"[3, 2]","[[0, 3, 3], [1, 1]]",1,2,1,1,PP,"[[1, 1, 1], [1, 1]]",5,6,0.0007515,20,0,0,0,0,0,0,True
94,5,2,"[3, 2]","[[0, 3, 3], [1, 1]]",1,2,1,2,PP,"[[1, 2], [2]]",3,2,0.000736,20,0,0,0,0,0,0,True
94,5,2,"[3, 2]","[[0, 3, 3], [1, 1]]",1,2,1,3,PP,"[[1, 2], [2]]",3,2,0.000721,20,0,0,0,0,0,0,True
94,5,2,"[3, 2]","[[0, 3, 3], [1, 1]]",1,2,1,5,PP,"[[1, 2], [2]]",3,2,0.000756,20,0,0,0,0,0,0,True
94,5,2,"[3, 2]","[[0, 3, 3], [1, 1]]",1,2,2,1,PP,"[[1, 1, 1], [1, 1]]",5,6,0.000741,20,0,0,0,0,0,0,True
94,5,2,"[3, 2]","[[0, 3, 3], [1, 1]]",1,2,2,2,PP,"[[1, 2], [2]]",3,2,0.000741,20,0,0,0,0,4,4/5,True
94,5,2,"[3, 2]","[[0, 3, 3], [1, 1]]",1,2,2,3,PP,"[[1, 2], [2]]",3,2,0.000711,20,0,0,0,0,6,6/5,True
94,5,2,"[3, 2]","[[0, 3, 3], [1, 1]]",1,2,2,5,PP,"[[1, 2], [2]]",3,2,0.000711,20,0,0,0,0,8,8/5,True
94,5,2,"[3, 2]","[[0, 3, 3], [1, 1]]",1,2,3,1,PP,"[[1, 1, 1], [1, 1]]",5,6,0.000716,20,0,0,0,0,0,0,True
94,5,2,"[3, 2]","[[0, 3, 3], [1, 1]]",1,2,3,2,PP,"[[2, 1], [2]]",3,2,0.000706,20,2,2/5,6,6/5,12,12/5,True
94,5,2,"[3, 2]","[[0, 3, 3], [1, 1]]",1,2,3,3,PP,"[[3], [2]]",2,1,0.000711,20,2,2/5,6,6/5,18,18/5,True
94,5,2,"[3, 2]","[[0, 3, 3], [1, 1]]",1,2,3,5,PP,"[[3], [2]]",2,1,0.000706,20,2,2/5,6,6/5,24,24/5,True
95,5,2,"[3, 2]","[[0, 3, 3], [1, 2]]",1,2,0,1,PP,"[[1, 1, 1], [1, 1]]",5,6,0.000711,20,0,0,0,0,0,0,True
95,5,2,"[3, 2]","[[0, 3, 3], [1, 2]]",1,2,0,2,PP,"[[1, 2], [1, 1]]",4,4,0.000706,20,0,0,0,0,0,0,True
95,5,2,"[3, 2]","[[0, 3, 3], [1, 2]]",1,2,0,3,PP,"[[1, 2], [1, 1]]",4,4,0.000706,20,0,0,0,0,0,0,True
95,5,2,"[3, 2]","[[0, 3, 3], [1, 2]]",1,2,0,5,PP,"[[1, 2], [1, 1]]",4,4,0.000711,20,0,0,0,0,0,0,True
95,5,2,"[3, 2]","[[0, 3, 3], [1, 2]]",1,2,1,1,PP,"[[1, 1, 1], [1, 1]]",5,6,0.000741,20,0,0,0,0,0,0,True
95,5,2,"[3, 2]","[[0, 3, 3], [1, 2]]",1,2,1,2,PP,"[[1, 2], [2]]",3,2,0.000706,20,0,0,0,0,0,0,True
95,5,2,"[3, 2]","[[0, 3, 3], [1, 2]]",1,2,1,3,PP,"[[1, 2], [2]]",3,2,0.000701,20,0,0,0,0,0,0,True
95,5,2,"[3, 2]","[[0, 3, 3], [1, 2]]",1,2,1,5,PP,"[[1, 2], [2]]",3,2,0.000701,20,0,0,0,0,0,0,True
95,5,2,"[3, 2]","[[0, 3, 3], [1, 2]]",1,2,2,1,PP,"[[1, 1, 1], [1, 1]]",5,6,0.000716,20,0,0,0,0,0,0,True
95,5,2,"[3, 2]","[[0, 3, 3], [1, 2]]",1,2,2,2,PP,"[[1, 2], [2]]",3,2,0.000711,20,0,0,0,0,4,4/5,True
95,5,2,"[3, 2]","[[0, 3, 3], [1, 2]]",1,2,2,3,PP,"[[1, 2], [2]]",3,2,0.000721,20,0,0,0,0,6,6/5,True
95,5,2,"[3, 2]","[[0, 3, 3], [1, 2]]",1,2,2,5,PP,"[[1, 2], [2]]",3,2,0.000746,20,0,0,0,0,8,8/5,True
95,5,2,"[3, 2]","[[0, 3, 3], [1, 2]]",1,2,3,1,PP,"[[1, 1, 1], [1, 1]]",5,6,0.000746,20,0,0,0,0,0,0,True
95,5,2,"[3, 2]","[[0, 3, 3], [1, 2]]",1,2,3,2,PP,"[[2, 1], [2]]",3,2,0.000721,20,2,2/5,6,6/5,12,12/5,True
95,5,2,"[3, 2]","[[0, 3, 3], [1, 2]]",1,2,3,3,PP,"[[3], [2]]",2,1,0.000711,20,2,2/5,6,6/5,18,18/5,True
95,5,2,"[3, 2]","[[0, 3, 3], [1, 2]]",1,2,3,5,PP,"[[3], [2]]",2,1,0.000721,20,2,2/5,6,6/5,24,24/5,True
96,5,2,"[3, 2]","[[0, 3, 3], [1, 3]]",1,2,0,1,PP,"[[1, 1, 1], [1, 1]]",5,6,0.000736,20,0,0,0,0,0,0,True
96,5,2,"[3, 2]","[[0, 3, 3], [1, 3]]",1,2,0,2,PP,"[[1, 2], [1, 1]]",4,4,0.000701,20,0,0,0,0,0,0,True
96,5,2,"[3, 2]","[[0, 3, 3], [1, 3]]",1,2,0,3,PP,"[[1, 2], [1, 1]]",4,4,0.000726,20,0,0,0,0,0,0,True
96,5,2,"[3, 2]","[[0, 3, 3], [1, 3]]",1,2,0,5,PP,"[[1, 2], [1, 1]]",4,4,0.000721,20,0,0,0,0,0,0,True
96,5,2,"[3, 2]","[[0, 3, 3], [1, 3]]",1,2,1,1,PP,"[[1, 1, 1], [1, 1]]",5,6,0.0007265,20,0,0,0,0,0,0,True
96,5,2,"[3, 2]","[[0, 3, 3], [1, 3]]",1,2,1,2,PP,"[[1, 2], [1, 1]]",4,4,0.000716,20,0,0,0,0,0,0,True
96,5,2,"[3, 2]","[[0, 3, 3], [1, 3]]",1,2,1,3,PP,"[[1, 2], [1, 1]]",4,4,0.000726,20,0,0,0,0,0,0,True
96,5,2,"[3, 2]","[[0, 3, 3], [1, 3]]",1,2,1,5,PP,"[[1, 2], [1, 1]]",4,4,0.000706,20,0,0,0,0,0,0,True
96,5,2,"[3, 2]","[[0, 3, 3], [1, 3]]",1,2,2,1,PP,"[[1, 1, 1], [1, 1]]",5,6,0.0007165,20,0,0,0,0,0,0,True
96,5,2,"[3, 2]","[[0, 3, 3], [1, 3]]",1,2,2,2,PP,"[[1, 2], [2]]",3,2,0.000711,20,0,0,2,2/5,4,4/5,True
96,5,2,"[3, 2]","[[0, 3, 3], [1, 3]]",1,2,2,3,PP,"[[1, 2], [2]]",3,2,0.0007115,20,0,0,2,2/5,6,6/5,True
96,5,2,"[3, 2]","[[0, 3, 3], [1, 3]]",1,2,2,5,PP,"[[1, 2], [2]]",3,2,0.000731,20,0,0,2,2/5,8,8/5,True
96,5,2,"[3, 2]","[[0, 3, 3], [1, 3]]",1,2,3,1,PP,"[[1, 1, 1], [1, 1]]",5,6,0.000731,20,0,0,0,0,0,0,True
96,5,2,"[3, 2]","[[0, 3, 3], [1, 3]]",1,2,3,2,PP,"[[2, 1], [2]]",3,2,0.000742,20,4,4/5,8,8/5,12,12/5,True
96,5,2,"[3, 2]","[[0, 3, 3], [1, 3]]",1,2,3,3,PP,"[[3], [2]]",2,1,0.000701,20,4,4/5,8,8/5,18,18/5,True
96,5,2,"[3, 2]","[[0, 3, 3], [1, 3]]",1,2,3,5,PP,"[[3], [2]]",2,1,0.000726,20,4,4/5,8,8/5,24,24/5,True
97,5,2,"[3, 2]","[[0, 3, 3], [2, 2]]",1,2,0,1,PP,"[[1, 1, 1], [1, 1]]",5,6,0.000711,20,0,0,0,0,0,0,True
97,5,2,"[3, 2]","[[0, 3, 3], [2, 2]]",1,2,0,2,PP,"[[1, 2], [2]]",3,2,0.000696,20,0,0,0,0,0,0,True
97,5,2,"[3, 2]","[[0, 3, 3], [2, 2]]",1,2,0,3,PP,"[[1, 2], [2]]",3,2,0.000731,20,0,0,0,0,0,0,True
97,5,2,"[3, 2]","[[0, 3, 3], [2, 2]]",1,2,0,5,PP,"[[1, 2], [2]]",3,2,0.0007265,20,0,0,0,0,0,0,True
97,5,2,"[3, 2]","[[0, 3, 3], [2, 2]]",1,2,1,1,PP,"[[1, 1, 1], [1, 1]]",5,6,0.0007315,20,0,0,0,0,0,0,True
97,5,2,"[3, 2]","[[0, 3, 3], [2, 2]]",1,2,1,2,PP,"[[1, 2], [2]]",3,2,0.000711,20,0,0,0,0,0,0,True
97,5,2,"[3, 2]","[[0, 3, 3], [2, 2]]",1,2,1,3,PP,"[[1, 2], [2]]",3,2,0.000721,20,0,0,0,0,0,0,True
97,5,2,"[3, 2]","[[0, 3, 3], [2, 2]]",1,2,1,5,PP,"[[1, 2], [2]]",3,2,0.000716,20,0,0,0,0,0,0,True
97,5,2,"[3, 2]","[[0, 3, 3], [2, 2]]",1,2,2,1,PP,"[[1, 1, 1], [1, 1]]",5,6,0.000756,20,0,0,0,0,0,0,True
97,5,2,"[3, 2]","[[0, 3, 3], [2, 2]]",1,2,2,2,PP,"[[1, 2], [2]]",3,2,0.0007465,20,0,0,0,0,4,4/5,True
97,5,2,"[3, 2]","[[0, 3, 3], [2, 2]]",1,2,2,3,PP,"[[1, 2], [2]]",3,2,0.000741,20,0,0,0,0,6,6/5,True
97,5,2,"[3, 2]","[[0, 3, 3], [2, 2]]",1,2,2,5,PP,"[[1, 2], [2]]",3,2,0.0007165,20,0,0,0,0,8,8/5,True
97,5,2,"[3, 2]","[[0, 3, 3], [2, 2]]",1,2,3,1,PP,"[[1, 1, 1], [1, 1]]",5,6,0.000731,20,0,0,0,0,0,0,True
97,5,2,"[3, 2]","[[0, 3, 3], [2, 2]]",1,2,3,2,PP,"[[2, 1], [2]]",3,2,0.0007265,20,4,4/5,6,6/5,12,12/5,True
97,5,2,"[3, 2]","[[0, 3, 3], [2, 2]]",1,2,3,3,PP,"[[3], [2]]",2,1,0.000726,20,4,4/5,6,6/5,18,18/5,True
97,5,2,"[3, 2]","[[0, 3, 3], [2, 2]]",1,2,3,5,PP,"[[3], [2]]",2,1,0.000726,20,4,4/5,6,6/5,24,24/5,True
98,5,2,"[3, 2]","[[0, 3, 3], [2, 3]]",1,2,0,1,PP,"[[1, 1, 1], [1, 1]]",5,6,0.000751,20,0,0,0,0,0,0,True
98,5,2,"[3, 2]","[[0, 3, 3], [2, 3]]",1,2,0,2,PP,"[[1, 2], [1, 1]]",4,4,0.000726,20,0,0,0,0,0,0,True
98,5,2,"[3, 2]","[[0, 3, 3], [2, 3]]",1,2,0,3,PP,"[[1, 2], [1, 1]]",4,4,0.000721,20,0,0,0,0,0,0,True
98,5,2,"[3, 2]","[[0, 3, 3], [2, 3]]",1,2,0,5,PP,"[[1, 2], [1, 1]]",4,4,0.000731,20,0,0,0,0,0,0,True
98,5,2,"[3, 2]","[[0, 3, 3], [2, 3]]",1,2,1,1,PP,"[[1, 1, 1], [1, 1]]",5,6,0.000741,20,0,0,0,0,0,0,True
98,5,2,"[3, 2]","[[0, 3, 3], [2, 3]]",1,2,1,2,PP,"[[1, 2], [2]]",3,2,0.000716,20,0,0,0,0,0,0,True
98,5,2,"[3, 2]","[[0, 3, 3], [2, 3]]",1,2,1,3,PP,"[[1, 2], [2]]",3,2,0.000716,20,0,0,0,0,0,0,True
98,5,2,"[3, 2]","[[0, 3, 3], [2, 3]]",1,2,1,5,PP,"[[1, 2], [2]]",3,2,0.000721,20,0,0,0,0,0,0,True
98,5,2,"[3, 2]","[[0, 3, 3], [2, 3]]",1,2,2,1,PP,"[[1, 1, 1], [1, 1]]",5,6,0.0007265,20,0,0,0,0,0,0,True
98,5,2,"[3, 2]","[[0, 3, 3], [2, 3]]",1,2,2,2,PP,"[[1, 2], [2]]",3,2,0.000711,20,0,0,0,0,4,4/5,True
98,5,2,"[3, 2]","[[0, 3, 3], [2, 3]]",1,2,2,3,PP,"[[1, 2], [2]]",3,2,0.000716,20,0,0,0,0,6,6/5,True
98,5,2,"[3, 2]","[[0, 3, 3], [2, 3]]",1,2,2,5,PP,"[[1, 2], [2]]",3,2,0.000716,20,0,0,0,0,8,8/5,True
98,5,2,"[3, 2]","[[0, 3, 3], [2, 3]]",1,2,3,1,PP,"[[1, 1, 1], [1, 1]]",5,6,0.000741,20,0,0,0,0,0,0,True
98,5,2,"[3, 2]","[[0, 3, 3], [2, 3]]",1,2,3,2,PP,"[[2, 1], [2]]",3,2,0.000741,20,4,4/5,6,6/5,12,12/5,True
98,5,2,"[3, 2]","[[0, 3, 3], [2, 3]]",1,2,3,3,PP,"[[3], [2]]",2,1,0.000736,20,4,4/5,6,6/5,18,18/5,True
98,5,2,"[3, 2]","[[0, 3, 3], [2, 3]]",1,2,3,5,PP,"[[3], [2]]",2,1,0.000751,20,4,4/5,6,6/5,24,24/5,True
99,5,2,"[3, 2]","[[0, 3, 3], [3, 3]]",1,2,0,1,PP,"[[1, 1, 1], [1, 1]]",5,6,0.000736,20,0,0,0,0,0,0,True
99,5,2,"[3, 2]","[[0, 3, 3], [3, 3]]",1,2,0,2,PP,"[[1, 2], [2]]",3,2,0.000711,20,0,0,0,0,0,0,True
99,5,2,"[3, 2]","[[0, 3, 3], [3, 3]]",1,2,0,3,PP,"[[1, 2], [2]]",3,2,0.000716,20,0,0,0,0,0,0,True
99,5,2,"[3, 2]","[[0, 3, 3], [3, 3]]",1,2,0,5,PP,"[[1, 2], [2]]",3,2,0.0007365,20,0,0,0,0,0,0,True
99,5,2,"[3, 2]","[[0, 3, 3], [3, 3]]",1,2,1,1,PP,"[[1, 1, 1], [1, 1]]",5,6,0.000746,20,0,0,0,0,0,0,True
99,5,2,"[3, 2]","[[0, 3, 3], [3, 3]]",1,2,1,2,PP,"[[1, 2], [2]]",3,2,0.0007315,20,0,0,0,0,0,0,True
99,5,2,"[3, 2]","[[0, 3, 3], [3, 3]]",1,2,1,3,PP,"[[1, 2], [2]]",3,2,0.000736,20,0,0,0,0,0,0,True
99,5,2,"[3, 2]","[[0, 3, 3], [3, 3]]",1,2,1,5,PP,"[[1, 2], [2]]",3,2,0.000721,20,0,0,0,0,0,0,True
99,5,2,"[3, 2]","[[0, 3, 3], [3, 3]]",1,2,2,1,PP,"[[1, 1, 1], [1, 1]]",5,6,0.000721,20,0,0,0,0,0,0,True
99,5,2,"[3, 2]","[[0, 3, 3], [3, 3]]",1,2,2,2,PP,"[[1, 2], [2]]",3,2,0.000726,20,0,0,0,0,4,4/5,True
99,5,2,"[3, 2]","[[0, 3, 3], [3, 3]]",1,2,2,3,PP,"[[1, 2], [2]]",3,2,0.000721,20,0,0,0,0,6,6/5,True
99,5,2,"[3, 2]","[[0, 3, 3], [3, 3]]",1,2,2,5,PP,"[[1, 2], [2]]",3,2,0.000731,20,0,0,0,0,8,8/5,True
99,5,2,"[3, 2]","[[0, 3, 3], [3, 3]]",1,2,3,1,PP,"[[1, 1, 1], [1, 1]]",5,6,0.000741,20,0,0,0,0,0,0,True
99,5,2,"[3, 2]","[[0, 3, 3], [3, 3]]",1,2,3,2,PP,"[[2, 1], [2]]",3,2,0.0007415,20,0,0,6,6/5,12,12/5,True
99,5,2,"[3, 2]","[[0, 3, 3], [3, 3]]",1,2,3,3,PP,"[[3], [2]]",2,1,0.000731,20,0,0,6,6/5,18,18/5,True
99,5,2,"[3, 2]","[[0, 3, 3], [3, 3]]",1,2,3,5,PP,"[[3], [2]]",2,1,0.000736,20,0,0,6,6/5,24,24/5,True
100,5,2,"[3, 2]","[[1, 1, 1], [0, 0]]",1,2,0,1,PP,"[[1, 1, 1], [1, 1]]",5,6,0.000756,20,0,0,0,0,0,0,True
100,5,2,"[3, 2]","[[1, 1, 1], [0, 0]]",1,2,0,2,PP,"[[2, 1], [2]]",3,2,0.000746,20,0,0,0,0,0,0,True
100,5,2,"[3, 2]","[[1, 1, 1], [0, 0]]",1,2,0,3,PP,"[[3], [2]]",2,1,0.000711,20,0,0,0,0,0,0,True
100,5,2,"[3, 2]","[[1, 1, 1], [0, 0]]",1,2,0,5,PP,"[[3], [2]]",2,1,0.000731,20,0,0,0,0,0,0,True
100,5,2,"[3, 2]","[[1, 1, 1], [0, 0]]",1,2,1,1,PP,"[[1, 1, 1], [1, 1]]",5,6,0.000741,20,0,0,0,0,0,0,True
100,5,2,"[3, 2]","[[1, 1, 1], [0, 0]]",1,2,1,2,PP,"[[2, 1], [2]]",3,2,0.000736,20,0,0,0,0,0,0,True
100,5,2,"[3, 2]","[[1, 1, 1], [0, 0]]",1,2,1,3,PP,"[[3], [2]]",2,1,0.000731,20,0,0,0,0,0,0,True
100,5,2,"[3, 2]","[[1, 1, 1], [0, 0]]",1,2,1,5,PP,"[[3], [2]]",2,1,0.000751,20,0,0,0,0,0,0,True
100,5,2,"[3, 2]","[[1, 1, 1], [0, 0]]",1,2,2,1,PP,"[[1, 1, 1], [1, 1]]",5,6,0.000721,20,0,0,0,0,0,0,True
100,5,2,"[3, 2]","[[1, 1, 1], [0, 0]]",1,2,2,2,PP,"[[2, 1], [2]]",3,2,0.000746,20,0,0,0,0,4,4/5,True
100,5,2,"[3, 2]","[[1, 1, 1], [0, 0]]",1,2,2,3,PP,"[[3], [2]]",2,1,0.0007465,20,0,0,0,0,6,6/5,True
100,5,2,"[3, 2]","[[1, 1, 1], [0, 0]]",1,2,2,5,PP,"[[3], [2]]",2,1,0.000711,20,0,0,0,0,8,8/5,True
100,5,2,"[3, 2]","[[1, 1, 1], [0, 0]]",1,2,3,1,PP,"[[1, 1, 1], [1, 1]]",5,6,0.000741,20,0,0,0,0,0,0,True
100,5,2,"[3, 2]","[[1, 1, 1], [0, 0]]",1,2,3,2,PP,"[[2, 1], [2]]",3,2,0.000766,20,0,0,0,0,12,12/5,True
100,5,2,"[3, 2]","[[1, 1, 1], [0, 0]]",1,2,3,3,PP,"[[3], [2]]",2,1,0.000726,20,0,0,0,0,18,18/5,True
100,5,2,"[3, 2]","[[1, 1, 1], [0, 0]]",1,2,3,5,PP,"[[3], [2]]",2,1,0.000721,20,0,0,0,0,24,24/5,True
101,5,2,"[3, 2]","[[1, 1, 1], [0, 1]]",1,2,0,1,PP,"[[1, 1, 1], [1, 1]]",5,6,0.000741,20,0,0,0,0,0,0,True
101,5,2,"[3, 2]","[[1, 1, 1], [0, 1]]",1,2,0,2,PP,"[[2, 1], [1, 1]]",4,4,0.0007365,20,0,0,0,0,0,0,True
101,5,2,"[3, 2]","[[1, 1, 1], [0, 1]]",1,2,0,3,PP,"[[3], [1, 1]]",3,2,0.000726,20,0,0,0,0,0,0,True
101,5,2,"[3, 2]","[[1, 1, 1], [0, 1]]",1,2,0,5,PP,"[[3], [1, 1]]",3,2,0.000741,20,0,0,0,0,0,0,True
101,5,2,"[3, 2]","[[1, 1, 1], [0, 1]]",1,2,1,1,PP,"[[1, 1, 1], [1, 1]]",5,6,0.000751,20,0,0,0,0,0,0,True
101,5,2,"[3, 2]","[[1, 1, 1], [0, 1]]",1,2,1,2,PP,"[[2, 1], [2]]",3,2,0.000731,20,0,0,0,0,0,0,True
101,5,2,"[3, 2]","[[1, 1, 1], [0, 1]]",1,2,1,3,PP,"[[3], [2]]",2,1,0.000721,20,0,0,0,0,0,0,True
101,5,2,"[3, 2]","[[1, 1, 1], [0, 1]]",1,2,1,5,PP,"[[3], [2]]",2,1,0.000721,20,0,0,0,0,0,0,True
101,5,2,"[3, 2]","[[1, 1, 1], [0, 1]]",1,2,2,1,PP,"[[1, 1, 1], [1, 1]]",5,6,0.000741,20,0,0,0,0,0,0,True
101,5,2,"[3, 2]","[[1, 1, 1], [0, 1]]",1,2,2,2,PP,"[[2, 1], [2]]",3,2,0.000751,20,0,0,0,0,4,4/5,True
101,5,2,"[3, 2]","[[1, 1, 1], [0, 1]]",1,2,2,3,PP,"[[3], [2]]",2,1,0.000746,20,0,0,0,0,6,6/5,True
101,5,2,"[3, 2]","[[1, 1, 1], [0, 1]]",1,2,2,5,PP,"[[3], [2]]",2,1,0.0007315,20,0,0,0,0,8,8/5,True
101,5,2,"[3, 2]","[[1, 1, 1], [0, 1]]",1,2,3,1,PP,"[[1, 1, 1], [1, 1]]",5,6,0.0007315,20,0,0,0,0,0,0,True
101,5,2,"[3, 2]","[[1, 1, 1], [0, 1]]",1,2,3,2,PP,"[[2, 1], [2]]",3,2,0.000756,20,0,0,0,0,12,12/5,True
101,5,2,"[3, 2]","[[1, 1, 1], [0, 1]]",1,2,3,3,PP,"[[3], [2]]",2,1,0.000741,20,0,0,0,0,18,18/5,True
101,5,2,"[3, 2]","[[1, 1, 1], [0, 1]]",1,2,3,5,PP,"[[3], [2]]",2,1,0.000731,20,0,0,0,0,24,24/5,True
102,5,2,"[3, 2]","[[1, 1, 1], [0, 2]]",1,2,0,1,PP,"[[1, 1, 1], [1, 1]]",5,6,0.000731,20,0,0,0,0,0,0,True
102,5,2,"[3, 2]","[[1, 1, 1], [0, 2]]",1,2,0,2,PP,"[[2, 1], [1, 1]]",4,4,0.000736,20,0,0,0,0,0,0,True
102,5,2,"[3, 2]","[[1, 1, 1], [0, 2]]",1,2,0,3,PP,"[[3], [1, 1]]",3,2,0.000711,20,0,0,0,0,0,0,True
102,5,2,"[3, 2]","[[1, 1, 1], [0, 2]]",1,2,0,5,PP,"[[3], [1, 1]]",3,2,0.000711,20,0,0,0,0,0,0,True
102,5,2,"[3, 2]","[[1, 1, 1], [0, 2]]",1,2,1,1,PP,"[[1, 1, 1], [1, 1]]",5,6,0.0007365,20,0,0,0,0,0,0,True
102,5,2,"[3, 2]","[[1, 1, 1], [0, 2]]",1,2,1,2,PP,"[[2, 1], [1, 1]]",4,4,0.0007215,20,0,0,0,0,0,0,True
102,5,2,"[3, 2]","[[1, 1, 1], [0, 2]]",1,2,1,3,PP,"[[3], [1, 1]]",3,2,0.000721,20,0,0,0,0,0,0,True
102,5,2,"[3, 2]","[[1, 1, 1], [0, 2]]",1,2,1,5,PP,"[[3], [1, 1]]",3,2,0.000701,20,0,0,0,0,0,0,True
102,5,2,"[3, 2]","[[1, 1, 1], [0, 2]]",1,2,2,1,PP,"[[1, 1, 1], [1, 1]]",5,6,0.000736,20,0,0,0,0,0,0,True
102,5,2,"[3, 2]","[[1, 1, 1], [0, 2]]",1,2,2,2,PP,"[[2, 1], [2]]",3,2,0.000721,20,2,2/5,2,2/5,4,4/5,True
102,5,2,"[3, 2]","[[1, 1, 1], [0, 2]]",1,2,2,3,PP,"[[3], [2]]",2,1,0.000711,20,2,2/5,2,2/5,6,6/5,True
102,5,2,"[3, 2]","[[1, 1, 1], [0, 2]]",1,2,2,5,PP,"[[3], [2]]",2,1,0.0007065,20,2,2/5,2,2/5,8,8/5,True
102,5,2,"[3, 2]","[[1, 1, 1], [0, 2]]",1,2,3,1,PP,"[[1, 1, 1], [1, 1]]",5,6,0.000731,20,0,0,0,0,0,0,True
102,5,2,"[3, 2]","[[1, 1, 1], [0, 2]]",1,2,3,2,PP,"[[2, 1], [2]]",3,2,0.000731,20,2,2/5,2,2/5,12,12/5,True
102,5,2,"[3, 2]","[[1, 1, 1], [0, 2]]",1,2,3,3,PP,"[[3], [2]]",2,1,0.0007215,20,2,2/5,2,2/5,18,18/5,True
102,5,2,"[3, 2]","[[1, 1, 1], [0, 2]]",1,2,3,5,PP,"[[3], [2]]",2,1,0.000711,20,2,2/5,2,2/5,24,24/5,True
103,5,2,"[3, 2]","[[1, 1, 1], [0, 3]]",1,2,0,1,PP,"[[1, 1, 1], [1, 1]]",5,6,0.0007365,20,0,0,0,0,0,0,True
103,5,2,"[3, 2]","[[1, 1, 1], [0, 3]]",1,2,0,2,PP,"[[2, 1], [1, 1]]",4,4,0.000736,20,0,0,0,0,0,0,True
103,5,2,"[3, 2]","[[1, 1, 1], [0, 3]]",1,2,0,3,PP,"[[3], [1, 1]]",3,2,0.000726,20,0,0,0,0,0,0,True
103,5,2,"[3, 2]","[[1, 1, 1], [0, 3]]",1,2,0,5,PP,"[[3], [1, 1]]",3,2,0.0007115,20,0,0,0,0,0,0,True
103,5,2,"[3, 2]","[[1, 1, 1], [0, 3]]",1,2,1,1,PP,"[[1, 1, 1], [1, 1]]",5,6,0.000721,20,0,0,0,0,0,0,True
103,5,2,"[3, 2]","[[1, 1, 1], [0, 3]]",1,2,1,2,PP,"[[2, 1], [1, 1]]",4,4,0.000746,20,0,0,0,0,0,0,True
103,5,2,"[3, 2]","[[1, 1, 1], [0, 3]]",1,2,1,3,PP,"[[3], [1, 1]]",3,2,0.000721,20,0,0,0,0,0,0,True
103,5,2,"[3, 2]","[[1, 1, 1], [0, 3]]",1,2,1,5,PP,"[[3], [1, 1]]",3,2,0.000776,20,0,0,0,0,0,0,True
103,5,2,"[3, 2]","[[1, 1, 1], [0, 3]]",1,2,2,1,PP,"[[1, 1, 1], [1, 1]]",5,6,0.000741,20,0,0,0,0,0,0,True
103,5,2,"[3, 2]","[[1, 1, 1], [0, 3]]",1,2,2,2,PP,"[[2, 1], [1, 1]]",4,4,0.000751,20,0,0,0,0,4,4/5,True
103,5,2,"[3, 2]","[[1, 1, 1], [0, 3]]",1,2,2,3,PP,"[[3], [1, 1]]",3,2,0.000716,20,0,0,0,0,6,6/5,True
103,5,2,"[3, 2]","[[1, 1, 1], [0, 3]]",1,2,2,5,PP,"[[3], [1, 1]]",3,2,0.000711,20,0,0,0,0,8,8/5,True
103,5,2,"[3, 2]","[[1, 1, 1], [0, 3]]",1,2,3,1,PP,"[[1, 1, 1], [1, 1]]",5,6,0.000736,20,0,0,0,0,0,0,True
103,5,2,"[3, 2]","[[1, 1, 1], [0, 3]]",1,2,3,2,PP,"[[2, 1], [2]]",3,2,0.000721,20,2,2/5,6,6/5,12,12/5,True
103,5,2,"[3, 2]","[[1, 1, 1], [0, 3]]",1,2,3,3,PP,"[[3], [2]]",2,1,0.000711,20,2,2/5,6,6/5,18,18/5,True
103,5,2,"[3, 2]","[[1, 1, 1], [0, 3]]",1,2,3,5,PP,"[[3], [2]]",2,1,0.000721,20,2,2/5,6,6/5,24,24/5,True
104,5,2,"[3, 2]","[[1, 1, 1], [1, 1]]",1,2,0,1,PP,"[[1, 1, 1], [1, 1]]",5,6,0.000731,20,0,0,0,0,0,0,True
104,5,2,"[3, 2]","[[1, 1, 1], [1, 1]]",1,2,0,2,PP,"[[2, 1], [2]]",3,2,0.000726,20,0,0,0,0,0,0,True
104,5,2,"[3, 2]","[[1, 1, 1], [1, 1]]",1,2,0,3,PP,"[[3], [2]]",2,1,0.000726,20,0,0,0,0,0,0,True
104,5,2,"[3, 2]","[[1, 1, 1], [1, 1]]",1,2,0,5,PP,"[[3], [2]]",2,1,0.000721,20,0,0,0,0,0,0,True
104,5,2,"[3, 2]","[[1, 1, 1], [1, 1]]",1,2,1,1,PP,"[[1, 1, 1], [1, 1]]",5,6,0.000721,20,0,0,0,0,0,0,True
104,5,2,"[3, 2]","[[1, 1, 1], [1, 1]]",1,2,1,2,PP,"[[2, 1], [2]]",3,2,0.000721,20,0,0,0,0,0,0,True
104,5,2,"[3, 2]","[[1, 1, 1], [1, 1]]",1,2,1,3,PP,"[[3], [2]]",2,1,0.0007265,20,0,0,0,0,0,0,True
104,5,2,"[3, 2]","[[1, 1, 1], [1, 1]]",1,2,1,5,PP,"[[3], [2]]",2,1,0.000711,20,0,0,0,0,0,0,True
104,5,2,"[3, 2]","[[1, 1, 1], [1, 1]]",1,2,2,1,PP,"[[1, 1, 1], [1, 1]]",5,6,0.000736,20,0,0,0,0,0,0,True
104,5,2,"[3, 2]","[[1, 1, 1], [1, 1]]",1,2,2,2,PP,"[[2, 1], [2]]",3,2,0.000791,20,0,0,0,0,4,4/5,True
104,5,2,"[3, 2]","[[1, 1, 1], [1, 1]]",1,2,2,3,PP,"[[3], [2]]",2,1,0.000721,20,0,0,0,0,6,6/5,True
104,5,2,"[3, 2]","[[1, 1, 1], [1, 1]]",1,2,2,5,PP,"[[3], [2]]",2,1,0.000741,20,0,0,0,0,8,8/5,True
104,5,2,"[3, 2]","[[1, 1, 1], [1, 1]]",1,2,3,1,PP,"[[1, 1, 1], [1, 1]]",5,6,0.000751,20,0,0,0,0,0,0,True
104,5,2,"[3, 2]","[[1, 1, 1], [1, 1]]",1,2,3,2,PP,"[[2, 1], [2]]",3,2,0.000726,20,0,0,0,0,12,12/5,True
104,5,2,"[3, 2]","[[1, 1, 1], [1, 1]]",1,2,3,3,PP,"[[3], [2]]",2,1,0.000721,20,0,0,0,0,18,18/5,True
104,5,2,"[3, 2]","[[1, 1, 1], [1, 1]]",1,2,3,5,PP,"[[3], [2]]",2,1,0.000711,20,0,0,0,0,24,24/5,True
105,5,2,"[3, 2]","[[1, 1, 1], [1, 2]]",1,2,0,1,PP,"[[1, 1, 1], [1, 1]]",5,6,0.000741,20,0,0,0,0,0,0,True
105,5,2,"[3, 2]","[[1, 1, 1], [1, 2]]",1,2,0,2,PP,"[[2, 1], [1, 1]]",4,4,0.000741,20,0,0,0,0,0,0,True
105,5,2,"[3, 2]","[[1, 1, 1], [1, 2]]",1,2,0,3,PP,"[[3], [1, 1]]",3,2,0.000711,20,0,0,0,0,0,0,True
105,5,2,"[3, 2]","[[1, 1, 1], [1, 2]]",1,2,0,5,PP,"[[3], [1, 1]]",3,2,0.0007215,20,0,0,0,0,0,0,True
105,5,2,"[3, 2]","[[1, 1, 1], [1, 2]]",1,2,1,1,PP,"[[1, 1, 1], [1, 1]]",5,6,0.000741,20,0,0,0,0,0,0,True
105,5,2,"[3, 2]","[[1, 1, 1], [1, 2]]",1,2,1,2,PP,"[[2, 1], [2]]",3,2,0.000736,20,0,0,0,0,0,0,True
105,5,2,"[3, 2]","[[1, 1, 1], [1, 2]]",1,2,1,3,PP,"[[3], [2]]",2,1,0.000746,20,0,0,0,0,0,0,True
105,5,2,"[3, 2]","[[1, 1, 1], [1, 2]]",1,2,1,5,PP,"[[3], [2]]",2,1,0.000736,20,0,0,0,0,0,0,True
105,5,2,"[3, 2]","[[1, 1, 1], [1, 2]]",1,2,2,1,PP,"[[1, 1, 1], [1, 1]]",5,6,0.000746,20,0,0,0,0,0,0,True
105,5,2,"[3, 2]","[[1, 1, 1], [1, 2]]",1,2,2,2,PP,"[[2, 1], [2]]",3,2,0.0007265,20,0,0,0,0,4,4/5,True
105,5,2,"[3, 2]","[[1, 1, 1], [1, 2]]",1,2,2,3,PP,"[[3], [2]]",2,1,0.000731,20,0,0,0,0,6,6/5,True
105,5,2,"[3, 2]","[[1, 1, 1], [1, 2]]",1,2,2,5,PP,"[[3], [2]]",2,1,0.000721,20,0,0,0,0,8,8/5,True
105,5,2,"[3, 2]","[[1, 1, 1], [1, 2]]",1,2,3,1,PP,"[[1, 1, 1], [1, 1]]",5,6,0.000716,20,0,0,0,0,0,0,True
105,5,2,"[3, 2]","[[1, 1, 1], [1, 2]]",1,2,3,2,PP,"[[2, 1], [2]]",3,2,0.000721,20,0,0,0,0,12,12/5,True
105,5,2,"[3, 2]","[[1, 1, 1], [1, 2]]",1,2,3,3,PP,"[[3], [2]]",2,1,0.000701,20,0,0,0,0,18,18/5,True
105,5,2,"[3, 2]","[[1, 1, 1], [1, 2]]",1,2,3,5,PP,"[[3], [2]]",2,1,0.000726,20,0,0,0,0,24,24/5,True
106,5,2,"[3, 2]","[[1, 1, 1], [1, 3]]",1,2,0,1,PP,"[[1, 1, 1], [1, 1]]",5,6,0.000731,20,0,0,0,0,0,0,True
106,5,2,"[3, 2]","[[1, 1, 1], [1, 3]]",1,2,0,2,PP,"[[2, 1], [1, 1]]",4,4,0.0007115,20,0,0,0,0,0,0,True
106,5,2,"[3, 2]","[[1, 1, 1], [1, 3]]",1,2,0,3,PP,"[[3], [1, 1]]",3,2,0.000711,20,0,0,0,0,0,0,True
106,5,2,"[3, 2]","[[1, 1, 1], [1, 3]]",1,2,0,5,PP,"[[3], [1, 1]]",3,2,0.000731,20,0,0,0,0,0,0,True
106,5,2,"[3, 2]","[[1, 1, 1], [1, 3]]",1,2,1,1,PP,"[[1, 1, 1], [1, 1]]",5,6,0.000721,20,0,0,0,0,0,0,True
106,5,2,"[3, 2]","[[1, 1, 1], [1, 3]]",1,2,1,2,PP,"[[2, 1], [1, 1]]",4,4,0.000731,20,0,0,0,0,0,0,True
106,5,2,"[3, 2]","[[1, 1, 1], [1, 3]]",1,2,1,3,PP,"[[3], [1, 1]]",3,2,0.000731,20,0,0,0,0,0,0,True
106,5,2,"[3, 2]","[[1, 1, 1], [1, 3]]",1,2,1,5,PP,"[[3], [1, 1]]",3,2,0.000726,20,0,0,0,0,0,0,True
106,5,2,"[3, 2]","[[1, 1, 1], [1, 3]]",1,2,2,1,PP,"[[1, 1, 1], [1, 1]]",5,6,0.0007315,20,0,0,0,0,0,0,True
106,5,2,"[3, 2]","[[1, 1, 1], [1, 3]]",1,2,2,2,PP,"[[2, 1], [2]]",3,2,0.0007515,20,0,0,2,2/5,4,4/5,True
106,5,2,"[3, 2]","[[1, 1, 1], [1, 3]]",1,2,2,3,PP,"[[3], [2]]",2,1,0.0007265,20,0,0,2,2/5,6,6/5,True
106,5,2,"[3, 2]","[[1, 1, 1], [1, 3]]",1,2,2,5,PP,"[[3], [2]]",2,1,0.000721,20,0,0,2,2/5,8,8/5,True
106,5,2,"[3, 2]","[[1, 1, 1], [1, 3]]",1,2,3,1,PP,"[[1, 1, 1], [1, 1]]",5,6,0.000731,20,0,0,0,0,0,0,True
106,5,2,"[3, 2]","[[1, 1, 1], [1, 3]]",1,2,3,2,PP,"[[2, 1], [2]]",3,2,0.000741,20,0,0,2,2/5,12,12/5,True
106,5,2,"[3, 2]","[[1, 1, 1], [1, 3]]",1,2,3,3,PP,"[[3], [2]]",2,1,0.0007315,20,0,0,2,2/5,18,18/5,True
106,5,2,"[3, 2]","[[1, 1, 1], [1, 3]]",1,2,3,5,PP,"[[3], [2]]",2,1,0.000731,20,0,0,2,2/5,24,24/5,True
107,5,2,"[3, 2]","[[1, 1, 1], [2, 2]]",1,2,0,1,PP,"[[1, 1, 1], [1, 1]]",5,6,0.000741,20,0,0,0,0,0,0,True
107,5,2,"[3, 2]","[[1, 1, 1], [2, 2]]",1,2,0,2,PP,"[[2, 1], [2]]",3,2,0.000731,20,0,0,0,0,0,0,True
107,5,2,"[3, 2]","[[1, 1, 1], [2, 2]]",1,2,0,3,PP,"[[3], [2]]",2,1,0.000706,20,0,0,0,0,0,0,True
107,5,2,"[3, 2]","[[1, 1, 1], [2, 2]]",1,2,0,5,PP,"[[3], [2]]",2,1,0.000701,20,0,0,0,0,0,0,True
107,5,2,"[3, 2]","[[1, 1, 1], [2, 2]]",1,2,1,1,PP,"[[1, 1, 1], [1, 1]]",5,6,0.000736,20,0,0,0,0,0,0,True
107,5,2,"[3, 2]","[[1, 1, 1], [2, 2]]",1,2,1,2,PP,"[[2, 1], [2]]",3,2,0.000726,20,0,0,0,0,0,0,True
107,5,2,"[3, 2]","[[1, 1, 1], [2, 2]]",1,2,1,3,PP,"[[3], [2]]",2,1,0.000711,20,0,0,0,0,0,0,True
107,5,2,"[3, 2]","[[1, 1, 1], [2, 2]]",1,2,1,5,PP,"[[3], [2]]",2,1,0.0007215,20,0,0,0,0,0,0,True
107,5,2,"[3, 2]","[[1, 1, 1], [2, 2]]",1,2,2,1,PP,"[[1, 1, 1], [1, 1]]",5,6,0.000726,20,0,0,0,0,0,0,True
107,5,2,"[3, 2]","[[1, 1, 1], [2, 2]]",1,2,2,2,PP,"[[2, 1], [2]]",3,2,0.000731,20,0,0,0,0,4,4/5,True
107,5,2,"[3, 2]","[[1, 1, 1], [2, 2]]",1,2,2,3,PP,"[[3], [2]]",2,1,0.000731,20,0,0,0,0,6,6/5,True
107,5,2,"[3, 2]","[[1, 1, 1], [2, 2]]",1,2,2,5,PP,"[[3], [2]]",2,1,0.000736,20,0,0,0,0,8,8/5,True
107,5,2,"[3, 2]","[[1, 1, 1], [2, 2]]",1,2,3,1,PP,"[[1, 1, 1], [1, 1]]",5,6,0.000721,20,0,0,0,0,0,0,True
107,5,2,"[3, 2]","[[1, 1, 1], [2, 2]]",1,2,3,2,PP,"[[2, 1], [2]]",3,2,0.000721,20,0,0,0,0,12,12/5,True
107,5,2,"[3, 2]","[[1, 1, 1], [2, 2]]",1,2,3,3,PP,"[[3], [2]]",2,1,0.000721,20,0,0,0,0,18,18/5,True
107,5,2,"[3, 2]","[[1, 1, 1], [2, 2]]",1,2,3,5,PP,"[[3], [2]]",2,1,0.000721,20,0,0,0,0,24,24/5,True
108,5,2,"[3, 2]","[[1, 1, 1], [2, 3]]",1,2,0,1,PP,"[[1, 1, 1], [1, 1]]",5,6,0.000736,20,0,0,0,0,0,0,True
108,5,2,"[3, 2]","[[1, 1, 1], [2, 3]]",1,2,0,2,PP,"[[2, 1], [1, 1]]",4,4,0.0007665,20,0,0,0,0,0,0,True
108,5,2,"[3, 2]","[[1, 1, 1], [2, 3]]",1,2,0,3,PP,"[[3], [1, 1]]",3,2,0.000721,20,0,0,0,0,0,0,True
108,5,2,"[3, 2]","[[1, 1, 1], [2, 3]]",1,2,0,5,PP,"[[3], [1, 1]]",3,2,0.000711,20,0,0,0,0,0,0,True
108,5,2,"[3, 2]","[[1, 1, 1], [2, 3]]",1,2,1,1,PP,"[[1, 1, 1], [1, 1]]",5,6,0.000741,20,0,0,0,0,0,0,True
108,5,2,"[3, 2]","[[1, 1, 1], [2, 3]]",1,2,1,2,PP,"[[2, 1], [2]]",3,2,0.0007365,20,0,0,0,0,0,0,True
108,5,2,"[3, 2]","[[1, 1, 1], [2, 3]]",1,2,1,3,PP,"[[3], [2]]",2,1,0.000736,20,0,0,0,0,0,0,True
108,5,2,"[3, 2]","[[1, 1, 1], [2, 3]]",1,2,1,5,PP,"[[3], [2]]",2,1,0.000726,20,0,0,0,0,0,0,True
108,5,2,"[3, 2]","[[1, 1, 1], [2, 3]]",1,2,2,1,PP,"[[1, 1, 1], [1, 1]]",5,6,0.000741,20,0,0,0,0,0,0,True
108,5,2,"[3, 2]","[[1, 1, 1], [2, 3]]",1,2,2,2,PP,"[[2, 1], [2]]",3,2,0.000746,20,0,0,0,0,4,4/5,True
108,5,2,"[3, 2]","[[1, 1, 1], [2, 3]]",1,2,2,3,PP,"[[3], [2]]",2,1,0.000731,20,0,0,0,0,6,6/5,True
108,5,2,"[3, 2]","[[1, 1, 1], [2, 3]]",1,2,2,5,PP,"[[3], [2]]",2,1,0.0007415,20,0,0,0,0,8,8/5,True
108,5,2,"[3, 2]","[[1, 1, 1], [2, 3]]",1,2,3,1,PP,"[[1, 1, 1], [1, 1]]",5,6,0.000791,20,0,0,0,0,0,0,True
108,5,2,"[3, 2]","[[1, 1, 1], [2, 3]]",1,2,3,2,PP,"[[2, 1], [2]]",3,2,0.000731,20,0,0,0,0,12,12/5,True
108,5,2,"[3, 2]","[[1, 1, 1], [2, 3]]",1,2,3,3,PP,"[[3], [2]]",2,1,0.000741,20,0,0,0,0,18,18/5,True
108,5,2,"[3, 2]","[[1, 1, 1], [2, 3]]",1,2,3,5,PP,"[[3], [2]]",2,1,0.0007265,20,0,0,0,0,24,24/5,True
109,5,2,"[3, 2]","[[1, 1, 1], [3, 3]]",1,2,0,1,PP,"[[1, 1, 1], [1, 1]]",5,6,0.000731,20,0,0,0,0,0,0,True
109,5,2,"[3, 2]","[[1, 1, 1], [3, 3]]",1,2,0,2,PP,"[[2, 1], [2]]",3,2,0.000741,20,0,0,0,0,0,0,True
109,5,2,"[3, 2]","[[1, 1, 1], [3, 3]]",1,2,0,3,PP,"[[3], [2]]",2,1,0.000726,20,0,0,0,0,0,0,True
109,5,2,"[3, 2]","[[1, 1, 1], [3, 3]]",1,2,0,5,PP,"[[3], [2]]",2,1,0.0007365,20,0,0,0,0,0,0,True
109,5,2,"[3, 2]","[[1, 1, 1], [3, 3]]",1,2,1,1,PP,"[[1, 1, 1], [1, 1]]",5,6,0.000751,20,0,0,0,0,0,0,True
109,5,2,"[3, 2]","[[1, 1, 1], [3, 3]]",1,2,1,2,PP,"[[2, 1], [2]]",3,2,0.000731,20,0,0,0,0,0,0,True
109,5,2,"[3, 2]","[[1, 1, 1], [3, 3]]",1,2,1,3,PP,"[[3], [2]]",2,1,0.000721,20,0,0,0,0,0,0,True
109,5,2,"[3, 2]","[[1, 1, 1], [3, 3]]",1,2,1,5,PP,"[[3], [2]]",2,1,0.000726,20,0,0,0,0,0,0,True
109,5,2,"[3, 2]","[[1, 1, 1], [3, 3]]",1,2,2,1,PP,"[[1, 1, 1], [1, 1]]",5,6,0.000736,20,0,0,0,0,0,0,True
109,5,2,"[3, 2]","[[1, 1, 1], [3, 3]]",1,2,2,2,PP,"[[2, 1], [2]]",3,2,0.000701,20,0,0,0,0,4,4/5,True
109,5,2,"[3, 2]","[[1, 1, 1], [3, 3]]",1,2,2,3,PP,"[[3], [2]]",2,1,0.0007315,20,0,0,0,0,6,6/5,True
109,5,2,"[3, 2]","[[1, 1, 1], [3, 3]]",1,2,2,5,PP,"[[3], [2]]",2,1,0.000721,20,0,0,0,0,8,8/5,True
109,5,2,"[3, 2]","[[1, 1, 1], [3, 3]]",1,2,3,1,PP,"[[1, 1, 1], [1, 1]]",5,6,0.000741,20,0,0,0,0,0,0,True
109,5,2,"[3, 2]","[[1, 1, 1], [3, 3]]",1,2,3,2,PP,"[[2, 1], [2]]",3,2,0.000721,20,0,0,0,0,12,12/5,True
109,5,2,"[3, 2]","[[1, 1, 1], [3, 3]]",1,2,3,3,PP,"[[3], [2]]",2,1,0.0007415,20,0,0,0,0,18,18/5,True
109,5,2,"[3, 2]","[[1, 1, 1], [3, 3]]",1,2,3,5,PP,"[[3], [2]]",2,1,0.000731,20,0,0,0,0,24,24/5,True
110,5,2,"[3, 2]","[[1, 1, 2], [0, 0]]",1,2,0,1,PP,"[[1, 1, 1], [1, 1]]",5,6,0.000746,20,0,0,0,0,0,0,True
110,5,2,"[3, 2]","[[1, 1, 2], [0, 0]]",1,2,0,2,PP,"[[2, 1], [2]]",3,2,0.000776,20,0,0,0,0,0,0,True
110,5,2,"[3, 2]","[[1, 1, 2], [0, 0]]",1,2,0,3,PP,"[[2, 1], [2]]",3,2,0.000721,20,0,0,0,0,0,0,True
110,5,2,"[3, 2]","[[1, 1, 2], [0, 0]]",1,2,0,5,PP,"[[2, 1], [2]]",3,2,0.000741,20,0,0,0,0,0,0,True
110,5,2,"[3, 2]","[[1, 1, 2], [0, 0]]",1,2,1,1,PP,"[[1, 1, 1], [1, 1]]",5,6,0.000726,20,0,0,0,0,0,0,True
110,5,2,"[3, 2]","[[1, 1, 2], [0, 0]]",1,2,1,2,PP,"[[2, 1], [2]]",3,2,0.000731,20,0,0,0,0,0,0,True
110,5,2,"[3, 2]","[[1, 1, 2], [0, 0]]",1,2,1,3,PP,"[[3], [2]]",2,1,0.000736,20,0,0,0,0,0,0,True
110,5,2,"[3, 2]","[[1, 1, 2], [0, 0]]",1,2,1,5,PP,"[[3], [2]]",2,1,0.000726,20,0,0,0,0,0,0,True
110,5,2,"[3, 2]","[[1, 1, 2], [0, 0]]",1,2,2,1,PP,"[[1, 1, 1], [1, 1]]",5,6,0.000731,20,0,0,0,0,0,0,True
110,5,2,"[3, 2]","[[1, 1, 2], [0, 0]]",1,2,2,2,PP,"[[2, 1], [2]]",3,2,0.000716,20,0,0,0,0,4,4/5,True
110,5,2,"[3, 2]","[[1, 1, 2], [0, 0]]",1,2,2,3,PP,"[[3], [2]]",2,1,0.000711,20,0,0,0,0,6,6/5,True
110,5,2,"[3, 2]","[[1, 1, 2], [0, 0]]",1,2,2,5,PP,"[[3], [2]]",2,1,0.000701,20,0,0,0,0,8,8/5,True
110,5,2,"[3, 2]","[[1, 1, 2], [0, 0]]",1,2,3,1,PP,"[[1, 1, 1], [1, 1]]",5,6,0.0007315,20,0,0,0,0,0,0,True
110,5,2,"[3, 2]","[[1, 1, 2], [0, 0]]",1,2,3,2,PP,"[[2, 1], [2]]",3,2,0.000721,20,0,0,0,0,12,12/5,True
110,5,2,"[3, 2]","[[1, 1, 2], [0, 0]]",1,2,3,3,PP,"[[3], [2]]",2,1,0.000706,20,0,0,0,0,18,18/5,True
110,5,2,"[3, 2]","[[1, 1, 2], [0, 0]]",1,2,3,5,PP,"[[3], [2]]",2,1,0.0007165,20,0,0,0,0,24,24/5,True
111,5,2,"[3, 2]","[[1, 1, 2], [0, 1]]",1,2,0,1,PP,"[[1, 1, 1], [1, 1]]",5,6,0.000721,20,0,0,0,0,0,0,True
111,5,2,"[3, 2]","[[1, 1, 2], [0, 1]]",1,2,0,2,PP,"[[2, 1], [1, 1]]",4,4,0.0007015,20,0,0,0,0,0,0,True
111,5,2,"[3, 2]","[[1, 1, 2], [0, 1]]",1,2,0,3,PP,"[[2, 1], [1, 1]]",4,4,0.000721,20,0,0,0,0,0,0,True
111,5,2,"[3, 2]","[[1, 1, 2], [0, 1]]",1,2,0,5,PP,"[[2, 1], [1, 1]]",4,4,0.000721,20,0,0,0,0,0,0,True
111,5,2,"[3, 2]","[[1, 1, 2], [0, 1]]",1,2,1,1,PP,"[[1, 1, 1], [1, 1]]",5,6,0.000731,20,0,0,0,0,0,0,True
111,5,2,"[3, 2]","[[1, 1, 2], [0, 1]]",1,2,1,2,PP,"[[2, 1], [2]]",3,2,0.0007415,20,0,0,0,0,0,0,True
111,5,2,"[3, 2]","[[1, 1, 2], [0, 1]]",1,2,1,3,PP,"[[3], [2]]",2,1,0.000721,20,0,0,0,0,0,0,True
111,5,2,"[3, 2]","[[1, 1, 2], [0, 1]]",1,2,1,5,PP,"[[3], [2]]",2,1,0.000706,20,0,0,0,0,0,0,True
111,5,2,"[3, 2]","[[1, 1, 2], [0, 1]]",1,2,2,1,PP,"[[1, 1, 1], [1, 1]]",5,6,0.000741,20,0,0,0,0,0,0,True
111,5,2,"[3, 2]","[[1, 1, 2], [0, 1]]",1,2,2,2,PP,"[[2, 1], [2]]",3,2,0.000741,20,0,0,0,0,4,4/5,True
111,5,2,"[3, 2]","[[1, 1, 2], [0, 1]]",1,2,2,3,PP,"[[3], [2]]",2,1,0.000701,20,0,0,0,0,6,6/5,True
111,5,2,"[3, 2]","[[1, 1, 2], [0, 1]]",1,2,2,5,PP,"[[3], [2]]",2,1,0.000716,20,0,0,0,0,8,8/5,True
111,5,2,"[3, 2]","[[1, 1, 2], [0, 1]]",1,2,3,1,PP,"[[1, 1, 1], [1, 1]]",5,6,0.0007265,20,0,0,0,0,0,0,True
111,5,2,"[3, 2]","[[1, 1, 2], [0, 1]]",1,2,3,2,PP,"[[2, 1], [2]]",3,2,0.000721,20,0,0,0,0,12,12/5,True
111,5,2,"[3, 2]","[[1, 1, 2], [0, 1]]",1,2,3,3,PP,"[[3], [2]]",2,1,0.000721,20,0,0,0,0,18,18/5,True
111,5,2,"[3, 2]","[[1, 1, 2], [0, 1]]",1,2,3,5,PP,"[[3], [2]]",2,1,0.000716,20,0,0,0,0,24,24/5,True
112,5,2,"[3, 2]","[[1, 1, 2], [0, 2]]",1,2,0,1,PP,"[[1, 1, 1], [1, 1]]",5,6,0.000726,20,0,0,0,0,0,0,True
112,5,2,"[3, 2]","[[1, 1, 2], [0, 2]]",1,2,0,2,PP,"[[2, 1], [1, 1]]",4,4,0.000726,20,0,0,0,0,0,0,True
112,5,2,"[3, 2]","[[1, 1, 2], [0, 2]]",1,2,0,3,PP,"[[2, 1], [1, 1]]",4,4,0.000736,20,0,0,0,0,0,0,True
112,5,2,"[3, 2]","[[1, 1, 2], [0, 2]]",1,2,0,5,PP,"[[2, 1], [1, 1]]",4,4,0.000731,20,0,0,0,0,0,0,True
112,5,2,"[3, 2]","[[1, 1, 2], [0, 2]]",1,2,1,1,PP,"[[1, 1, 1], [1, 1]]",5,6,0.000741,20,0,0,0,0,0,0,True
112,5,2,"[3, 2]","[[1, 1, 2], [0, 2]]",1,2,1,2,PP,"[[2, 1], [1, 1]]",4,4,0.000731,20,0,0,0,0,0,0,True
112,5,2,"[3, 2]","[[1, 1, 2], [0, 2]]",1,2,1,3,PP,"[[3], [1, 1]]",3,2,0.000721,20,0,0,0,0,0,0,True
112,5,2,"[3, 2]","[[1, 1, 2], [0, 2]]",1,2,1,5,PP,"[[3], [1, 1]]",3,2,0.000701,20,0,0,0,0,0,0,True
112,5,2,"[3, 2]","[[1, 1, 2], [0, 2]]",1,2,2,1,PP,"[[1, 1, 1], [1, 1]]",5,6,0.000741,20,0,0,0,0,0,0,True
112,5,2,"[3, 2]","[[1, 1, 2], [0, 2]]",1,2,2,2,PP,"[[2, 1], [2]]",3,2,0.000726,20,2,2/5,2,2/5,4,4/5,True
112,5,2,"[3, 2]","[[1, 1, 2], [0, 2]]",1,2,2,3,PP,"[[3], [2]]",2,1,0.000711,20,2,2/5,2,2/5,6,6/5,True
112,5,2,"[3, 2]","[[1, 1, 2], [0, 2]]",1,2,2,5,PP,"[[3], [2]]",2,1,0.000711,20,2,2/5,2,2/5,8,8/5,True
112,5,2,"[3, 2]","[[1, 1, 2], [0, 2]]",1,2,3,1,PP,"[[1, 1, 1], [1, 1]]",5,6,0.0007215,20,0,0,0,0,0,0,True
112,5,2,"[3, 2]","[[1, 1, 2], [0, 2]]",1,2,3,2,PP,"[[2, 1], [2]]",3,2,0.000741,20,2,2/5,2,2/5,12,12/5,True
112,5,2,"[3, 2]","[[1, 1, 2], [0, 2]]",1,2,3,3,PP,"[[3], [2]]",2,1,0.000721,20,2,2/5,2,2/5,18,18/5,True
112,5,2,"[3, 2]","[[1, 1, 2], [0, 2]]",1,2,3,5,PP,"[[3], [2]]",2,1,0.000701,20,2,2/5,2,2/5,24,24/5,True
113,5,2,"[3, 2]","[[1, 1, 2], [0, 3]]",1,2,0,1,PP,"[[1, 1, 1], [1, 1]]",5,6,0.000736,20,0,0,0,0,0,0,True
113,5,2,"[3, 2]","[[1, 1, 2], [0, 3]]",1,2,0,2,PP,"[[2, 1], [1, 1]]",4,4,0.000716,20,0,0,0,0,0,0,True
113,5,2,"[3, 2]","[[1, 1, 2], [0, 3]]",1,2,0,3,PP,"[[2, 1], [1, 1]]",4,4,0.000751,20,0,0,0,0,0,0,True
113,5,2,"[3, 2]","[[1, 1, 2], [0, 3]]",1,2,0,5,PP,"[[2, 1], [1, 1]]",4,4,0.000751,20,0,0,0,0,0,0,True
113,5,2,"[3, 2]","[[1, 1, 2], [0, 3]]",1,2,1,1,PP,"[[1, 1, 1], [1, 1]]",5,6,0.000741,20,0,0,0,0,0,0,True
113,5,2,"[3, 2]","[[1, 1, 2], [0, 3]]",1,2,1,2,PP,"[[2, 1], [1, 1]]",4,4,0.0007315,20,0,0,0,0,0,0,True
113,5,2,"[3, 2]","[[1, 1, 2], [0, 3]]",1,2,1,3,PP,"[[3], [1, 1]]",3,2,0.000721,20,0,0,0,0,0,0,True
113,5,2,"[3, 2]","[[1, 1, 2], [0, 3]]",1,2,1,5,PP,"[[3], [1, 1]]",3,2,0.000721,20,0,0,0,0,0,0,True
113,5,2,"[3, 2]","[[1, 1, 2], [0, 3]]",1,2,2,1,PP,"[[1, 1, 1], [1, 1]]",5,6,0.000751,20,0,0,0,0,0,0,True
113,5,2,"[3, 2]","[[1, 1, 2], [0, 3]]",1,2,2,2,PP,"[[2, 1], [1, 1]]",4,4,0.000756,20,0,0,0,0,4,4/5,True
113,5,2,"[3, 2]","[[1, 1, 2], [0, 3]]",1,2,2,3,PP,"[[3], [1, 1]]",3,2,0.000781,20,0,0,0,0,6,6/5,True
113,5,2,"[3, 2]","[[1, 1, 2], [0, 3]]",1,2,2,5,PP,"[[3], [1, 1]]",3,2,0.0007265,20,0,0,0,0,8,8/5,True
113,5,2,"[3, 2]","[[1, 1, 2], [0, 3]]",1,2,3,1,PP,"[[1, 1, 1], [1, 1]]",5,6,0.000796,20,0,0,0,0,0,0,True
113,5,2,"[3, 2]","[[1, 1, 2], [0, 3]]",1,2,3,2,PP,"[[2, 1], [2]]",3,2,0.000736,20,2,2/5,6,6/5,12,12/5,True
113,5,2,"[3, 2]","[[1, 1, 2], [0, 3]]",1,2,3,3,PP,"[[3], [2]]",2,1,0.0007365,20,2,2/5,6,6/5,18,18/5,True
113,5,2,"[3, 2]","[[1, 1, 2], [0, 3]]",1,2,3,5,PP,"[[3], [2]]",2,1,0.0007265,20,2,2/5,6,6/5,24,24/5,True
114,5,2,"[3, 2]","[[1, 1, 2], [1, 1]]",1,2,0,1,PP,"[[1, 1, 1], [1, 1]]",5,6,0.000751,20,0,0,0,0,0,0,True
114,5,2,"[3, 2]","[[1, 1, 2], [1, 1]]",1,2,0,2,PP,"[[2, 1], [2]]",3,2,0.000731,20,0,0,0,0,0,0,True
114,5,2,"[3, 2]","[[1, 1, 2], [1, 1]]",1,2,0,3,PP,"[[2, 1], [2]]",3,2,0.000731,20,0,0,0,0,0,0,True
114,5,2,"[3, 2]","[[1, 1, 2], [1, 1]]",1,2,0,5,PP,"[[2, 1], [2]]",3,2,0.000726,20,0,0,0,0,0,0,True
114,5,2,"[3, 2]","[[1, 1, 2], [1, 1]]",1,2,1,1,PP,"[[1, 1, 1], [1, 1]]",5,6,0.000731,20,0,0,0,0,0,0,True
114,5,2,"[3, 2]","[[1, 1, 2], [1, 1]]",1,2,1,2,PP,"[[2, 1], [2]]",3,2,0.000741,20,0,0,0,0,0,0,True
114,5,2,"[3, 2]","[[1, 1, 2], [1, 1]]",1,2,1,3,PP,"[[3], [2]]",2,1,0.000721,20,0,0,0,0,0,0,True
114,5,2,"[3, 2]","[[1, 1, 2], [1, 1]]",1,2,1,5,PP,"[[3], [2]]",2,1,0.000731,20,0,0,0,0,0,0,True
114,5,2,"[3, 2]","[[1, 1, 2], [1, 1]]",1,2,2,1,PP,"[[1, 1, 1], [1, 1]]",5,6,0.000731,20,0,0,0,0,0,0,True
114,5,2,"[3, 2]","[[1, 1, 2], [1, 1]]",1,2,2,2,PP,"[[2, 1], [2]]",3,2,0.000721,20,0,0,0,0,4,4/5,True
114,5,2,"[3, 2]","[[1, 1, 2], [1, 1]]",1,2,2,3,PP,"[[3], [2]]",2,1,0.000726,20,0,0,0,0,6,6/5,True
114,5,2,"[3, 2]","[[1, 1, 2], [1, 1]]",1,2,2,5,PP,"[[3], [2]]",2,1,0.000721,20,0,0,0,0,8,8/5,True
114,5,2,"[3, 2]","[[1, 1, 2], [1, 1]]",1,2,3,1,PP,"[[1, 1, 1], [1, 1]]",5,6,0.000741,20,0,0,0,0,0,0,True
114,5,2,"[3, 2]","[[1, 1, 2], [1, 1]]",1,2,3,2,PP,"[[2, 1], [2]]",3,2,0.000726,20,0,0,0,0,12,12/5,True
114,5,2,"[3, 2]","[[1, 1, 2], [1, 1]]",1,2,3,3,PP,"[[3], [2]]",2,1,0.000721,20,0,0,0,0,18,18/5,True
114,5,2,"[3, 2]","[[1, 1, 2], [1, 1]]",1,2,3,5,PP,"[[3], [2]]",2,1,0.000716,20,0,0,0,0,24,24/5,True
115,5,2,"[3, 2]","[[1, 1, 2], [1, 2]]",1,2,0,1,PP,"[[1, 1, 1], [1, 1]]",5,6,0.000731,20,0,0,0,0,0,0,True
115,5,2,"[3, 2]","[[1, 1, 2], [1, 2]]",1,2,0,2,PP,"[[2, 1], [1, 1]]",4,4,0.0007465,20,0,0,0,0,0,0,True
115,5,2,"[3, 2]","[[1, 1, 2], [1, 2]]",1,2,0,3,PP,"[[2, 1], [1, 1]]",4,4,0.000736,20,0,0,0,0,0,0,True
115,5,2,"[3, 2]","[[1, 1, 2], [1, 2]]",1,2,0,5,PP,"[[2, 1], [1, 1]]",4,4,0.000736,20,0,0,0,0,0,0,True
115,5,2,"[3, 2]","[[1, 1, 2], [1, 2]]",1,2,1,1,PP,"[[1, 1, 1], [1, 1]]",5,6,0.0007865,20,0,0,0,0,0,0,True
115,5,2,"[3, 2]","[[1, 1, 2], [1, 2]]",1,2,1,2,PP,"[[2, 1], [2]]",3,2,0.000731,20,0,0,0,0,0,0,True
115,5,2,"[3, 2]","[[1, 1, 2], [1, 2]]",1,2,1,3,PP,"[[3], [2]]",2,1,0.000731,20,0,0,0,0,0,0,True
115,5,2,"[3, 2]","[[1, 1, 2], [1, 2]]",1,2,1,5,PP,"[[3], [2]]",2,1,0.000721,20,0,0,0,0,0,0,True
115,5,2,"[3, 2]","[[1, 1, 2], [1, 2]]",1,2,2,1,PP,"[[1, 1, 1], [1, 1]]",5,6,0.000741,20,0,0,0,0,0,0,True
115,5,2,"[3, 2]","[[1, 1, 2], [1, 2]]",1,2,2,2,PP,"[[2, 1], [2]]",3,2,0.000731,20,0,0,0,0,4,4/5,True
115,5,2,"[3, 2]","[[1, 1, 2], [1, 2]]",1,2,2,3,PP,"[[3], [2]]",2,1,0.000721,20,0,0,0,0,6,6/5,True
115,5,2,"[3, 2]","[[1, 1, 2], [1, 2]]",1,2,2,5,PP,"[[3], [2]]",2,1,0.000731,20,0,0,0,0,8,8/5,True
115,5,2,"[3, 2]","[[1, 1, 2], [1, 2]]",1,2,3,1,PP,"[[1, 1, 1], [1, 1]]",5,6,0.0007315,20,0,0,0,0,0,0,True
115,5,2,"[3, 2]","[[1, 1, 2], [1, 2]]",1,2,3,2,PP,"[[2, 1], [2]]",3,2,0.0007215,20,0,0,0,0,12,12/5,True
115,5,2,"[3, 2]","[[1, 1, 2], [1, 2]]",1,2,3,3,PP,"[[3], [2]]",2,1,0.000746,20,0,0,0,0,18,18/5,True
115,5,2,"[3, 2]","[[1, 1, 2], [1, 2]]",1,2,3,5,PP,"[[3], [2]]",2,1,0.000731,20,0,0,0,0,24,24/5,True
116,5,2,"[3, 2]","[[1, 1, 2], [1, 3]]",1,2,0,1,PP,"[[1, 1, 1], [1, 1]]",5,6,0.000746,20,0,0,0,0,0,0,True
116,5,2,"[3, 2]","[[1, 1, 2], [1, 3]]",1,2,0,2,PP,"[[2, 1], [1, 1]]",4,4,0.000721,20,0,0,0,0,0,0,True
116,5,2,"[3, 2]","[[1, 1, 2], [1, 3]]",1,2,0,3,PP,"[[2, 1], [1, 1]]",4,4,0.000726,20,0,0,0,0,0,0,True
116,5,2,"[3, 2]","[[1, 1, 2], [1, 3]]",1,2,0,5,PP,"[[2, 1], [1, 1]]",4,4,0.0007315,20,0,0,0,0,0,0,True
116,5,2,"[3, 2]","[[1, 1, 2], [1, 3]]",1,2,1,1,PP,"[[1, 1, 1], [1, 1]]",5,6,0.000721,20,0,0,0,0,0,0,True
116,5,2,"[3, 2]","[[1, 1, 2], [1, 3]]",1,2,1,2,PP,"[[2, 1], [1, 1]]",4,4,0.000736,20,0,0,0,0,0,0,True
116,5,2,"[3, 2]","[[1, 1, 2], [1, 3]]",1,2,1,3,PP,"[[3], [1, 1]]",3,2,0.000701,20,0,0,0,0,0,0,True
116,5,2,"[3, 2]","[[1, 1, 2], [1, 3]]",1,2,1,5,PP,"[[3], [1, 1]]",3,2,0.000731,20,0,0,0,0,0,0,True
116,5,2,"[3, 2]","[[1, 1, 2], [1, 3]]",1,2,2,1,PP,"[[1, 1, 1], [1, 1]]",5,6,0.000736,20,0,0,0,0,0,0,True
116,5,2,"[3, 2]","[[1, 1, 2], [1, 3]]",1,2,2,2,PP,"[[2, 1], [2]]",3,2,0.000731,20,0,0,2,2/5,4,4/5,True
116,5,2,"[3, 2]","[[1, 1, 2], [1, 3]]",1,2,2,3,PP,"[[3], [2]]",2,1,0.000731,20,0,0,2,2/5,6,6/5,True
116,5,2,"[3, 2]","[[1, 1, 2], [1, 3]]",1,2,2,5,PP,"[[3], [2]]",2,1,0.000711,20,0,0,2,2/5,8,8/5,True
116,5,2,"[3, 2]","[[1, 1, 2], [1, 3]]",1,2,3,1,PP,"[[1, 1, 1], [1, 1]]",5,6,0.000741,20,0,0,0,0,0,0,True
116,5,2,"[3, 2]","[[1, 1, 2], [1, 3]]",1,2,3,2,PP,"[[2, 1], [2]]",3,2,0.000736,20,0,0,2,2/5,12,12/5,True
116,5,2,"[3, 2]","[[1, 1, 2], [1, 3]]",1,2,3,3,PP,"[[3], [2]]",2,1,0.000761,20,0,0,2,2/5,18,18/5,True
116,5,2,"[3, 2]","[[1, 1, 2], [1, 3]]",1,2,3,5,PP,"[[3], [2]]",2,1,0.000756,20,0,0,2,2/5,24,24/5,True
117,5,2,"[3, 2]","[[1, 1, 2], [2, 2]]",1,2,0,1,PP,"[[1, 1, 1], [1, 1]]",5,6,0.000731,20,0,0,0,0,0,0,True
117,5,2,"[3, 2]","[[1, 1, 2], [2, 2]]",1,2,0,2,PP,"[[2, 1], [2]]",3,2,0.000731,20,0,0,0,0,0,0,True
117,5,2,"[3, 2]","[[1, 1, 2], [2, 2]]",1,2,0,3,PP,"[[2, 1], [2]]",3,2,0.000746,20,0,0,0,0,0,0,True
117,5,2,"[3, 2]","[[1, 1, 2], [2, 2]]",1,2,0,5,PP,"[[2, 1], [2]]",3,2,0.000711,20,0,0,0,0,0,0,True
117,5,2,"[3, 2]","[[1, 1, 2], [2, 2]]",1,2,1,1,PP,"[[1, 1, 1], [1, 1]]",5,6,0.000731,20,0,0,0,0,0,0,True
117,5,2,"[3, 2]","[[1, 1, 2], [2, 2]]",1,2,1,2,PP,"[[2, 1], [2]]",3,2,0.0007715,20,0,0,0,0,0,0,True
117,5,2,"[3, 2]","[[1, 1, 2], [2, 2]]",1,2,1,3,PP,"[[3], [2]]",2,1,0.000736,20,0,0,0,0,0,0,True
117,5,2,"[3, 2]","[[1, 1, 2], [2, 2]]",1,2,1,5,PP,"[[3], [2]]",2,1,0.000731,20,0,0,0,0,0,0,True
117,5,2,"[3, 2]","[[1, 1, 2], [2, 2]]",1,2,2,1,PP,"[[1, 1, 1], [1, 1]]",5,6,0.000746,20,0,0,0,0,0,0,True
117,5,2,"[3, 2]","[[1, 1, 2], [2, 2]]",1,2,2,2,PP,"[[2, 1], [2]]",3,2,0.000721,20,0,0,0,0,4,4/5,True
117,5,2,"[3, 2]","[[1, 1, 2], [2, 2]]",1,2,2,3,PP,"[[3], [2]]",2,1,0.000716,20,0,0,0,0,6,6/5,True
117,5,2,"[3, 2]","[[1, 1, 2], [2, 2]]",1,2,2,5,PP,"[[3], [2]]",2,1,0.000751,20,0,0,0,0,8,8/5,True
117,5,2,"[3, 2]","[[1, 1, 2], [2, 2]]",1,2,3,1,PP,"[[1, 1, 1], [1, 1]]",5,6,0.000761,20,0,0,0,0,0,0,True
117,5,2,"[3, 2]","[[1, 1, 2], [2, 2]]",1,2,3,2,PP,"[[2, 1], [2]]",3,2,0.000731,20,0,0,0,0,12,12/5,True
117,5,2,"[3, 2]","[[1, 1, 2], [2, 2]]",1,2,3,3,PP,"[[3], [2]]",2,1,0.0007165,20,0,0,0,0,18,18/5,True
117,5,2,"[3, 2]","[[1, 1, 2], [2, 2]]",1,2,3,5,PP,"[[3], [2]]",2,1,0.000706,20,0,0,0,0,24,24/5,True
118,5,2,"[3, 2]","[[1, 1, 2], [2, 3]]",1,2,0,1,PP,"[[1, 1, 1], [1, 1]]",5,6,0.000731,20,0,0,0,0,0,0,True
118,5,2,"[3, 2]","[[1, 1, 2], [2, 3]]",1,2,0,2,PP,"[[2, 1], [1, 1]]",4,4,0.000721,20,0,0,0,0,0,0,True
118,5,2,"[3, 2]","[[1, 1, 2], [2, 3]]",1,2,0,3,PP,"[[2, 1], [1, 1]]",4,4,0.000721,20,0,0,0,0,0,0,True
118,5,2,"[3, 2]","[[1, 1, 2], [2, 3]]",1,2,0,5,PP,"[[2, 1], [1, 1]]",4,4,0.000721,20,0,0,0,0,0,0,True
118,5,2,"[3, 2]","[[1, 1, 2], [2, 3]]",1,2,1,1,PP,"[[1, 1, 1], [1, 1]]",5,6,0.000726,20,0,0,0,0,0,0,True
118,5,2,"[3, 2]","[[1, 1, 2], [2, 3]]",1,2,1,2,PP,"[[2, 1], [2]]",3,2,0.0007165,20,0,0,0,0,0,0,True
118,5,2,"[3, 2]","[[1, 1, 2], [2, 3]]",1,2,1,3,PP,"[[3], [2]]",2,1,0.000701,20,0,0,0,0,0,0,True
118,5,2,"[3, 2]","[[1, 1, 2], [2, 3]]",1,2,1,5,PP,"[[3], [2]]",2,1,0.000721,20,0,0,0,0,0,0,True
118,5,2,"[3, 2]","[[1, 1, 2], [2, 3]]",1,2,2,1,PP,"[[1, 1, 1], [1, 1]]",5,6,0.000731,20,0,0,0,0,0,0,True
118,5,2,"[3, 2]","[[1, 1, 2], [2, 3]]",1,2,2,2,PP,"[[2, 1], [2]]",3,2,0.0007265,20,0,0,0,0,4,4/5,True
118,5,2,"[3, 2]","[[1, 1, 2], [2, 3]]",1,2,2,3,PP,"[[3], [2]]",2,1,0.000731,20,0,0,0,0,6,6/5,True
118,5,2,"[3, 2]","[[1, 1, 2], [2, 3]]",1,2,2,5,PP,"[[3], [2]]",2,1,0.000731,20,0,0,0,0,8,8/5,True
118,5,2,"[3, 2]","[[1, 1, 2], [2, 3]]",1,2,3,1,PP,"[[1, 1, 1], [1, 1]]",5,6,0.000731,20,0,0,0,0,0,0,True
118,5,2,"[3, 2]","[[1, 1, 2], [2, 3]]",1,2,3,2,PP,"[[2, 1], [2]]",3,2,0.000731,20,0,0,0,0,12,12/5,True
118,5,2,"[3, 2]","[[1, 1, 2], [2, 3]]",1,2,3,3,PP,"[[3], [2]]",2,1,0.000741,20,0,0,0,0,18,18/5,True
118,5,2,"[3, 2]","[[1, 1, 2], [2, 3]]",1,2,3,5,PP,"[[3], [2]]",2,1,0.000731,20,0,0,0,0,24,24/5,True
119,5,2,"[3, 2]","[[1, 1, 2], [3, 3]]",1,2,0,1,PP,"[[1, 1, 1], [1, 1]]",5,6,0.000751,20,0,0,0,0,0,0,True
119,5,2,"[3, 2]","[[1, 1, 2], [3, 3]]",1,2,0,2,PP,"[[2, 1], [2]]",3,2,0.000741,20,0,0,0,0,0,0,True
119,5,2,"[3, 2]","[[1, 1, 2], [3, 3]]",1,2,0,3,PP,"[[2, 1], [2]]",3,2,0.000736,20,0,0,0,0,0,0,True
119,5,2,"[3, 2]","[[1, 1, 2], [3, 3]]",1,2,0,5,PP,"[[2, 1], [2]]",3,2,0.000741,20,0,0,0,0,0,0,True
119,5,2,"[3, 2]","[[1, 1, 2], [3, 3]]",1,2,1,1,PP,"[[1, 1, 1], [1, 1]]",5,6,0.000736,20,0,0,0,0,0,0,True
119,5,2,"[3, 2]","[[1, 1, 2], [3, 3]]",1,2,1,2,PP,"[[2, 1], [2]]",3,2,0.0007565,20,0,0,0,0,0,0,True
119,5,2,"[3, 2]","[[1, 1, 2], [3, 3]]",1,2,1,3,PP,"[[3], [2]]",2,1,0.000721,20,0,0,0,0,0,0,True
119,5,2,"[3, 2]","[[1, 1, 2], [3, 3]]",1,2,1,5,PP,"[[3], [2]]",2,1,0.000721,20,0,0,0,0,0,0,True
119,5,2,"[3, 2]","[[1, 1, 2], [3, 3]]",1,2,2,1,PP,"[[1, 1, 1], [1, 1]]",5,6,0.0007365,20,0,0,0,0,0,0,True
119,5,2,"[3, 2]","[[1, 1, 2], [3, 3]]",1,2,2,2,PP,"[[2, 1], [2]]",3,2,0.000711,20,0,0,0,0,4,4/5,True
119,5,2,"[3, 2]","[[1, 1, 2], [3, 3]]",1,2,2,3,PP,"[[3], [2]]",2,1,0.000726,20,0,0,0,0,6,6/5,True
119,5,2,"[3, 2]","[[1, 1, 2], [3, 3]]",1,2,2,5,PP,"[[3], [2]]",2,1,0.000711,20,0,0,0,0,8,8/5,True
119,5,2,"[3, 2]","[[1, 1, 2], [3, 3]]",1,2,3,1,PP,"[[1, 1, 1], [1, 1]]",5,6,0.000721,20,0,0,0,0,0,0,True
119,5,2,"[3, 2]","[[1, 1, 2], [3, 3]]",1,2,3,2,PP,"[[2, 1], [2]]",3,2,0.000731,20,0,0,0,0,12,12/5,True
119,5,2,"[3, 2]","[[1, 1, 2], [3, 3]]",1,2,3,3,PP,"[[3], [2]]",2,1,0.000711,20,0,0,0,0,18,18/5,True
119,5,2,"[3, 2]","[[1, 1, 2], [3, 3]]",1,2,3,5,PP,"[[3], [2]]",2,1,0.000711,20,0,0,0,0,24,24/5,True
120,5,2,"[3, 2]","[[1, 1, 3], [0, 0]]",1,2,0,1,PP,"[[1, 1, 1], [1, 1]]",5,6,0.0007315,20,0,0,0,0,0,0,True
120,5,2,"[3, 2]","[[1, 1, 3], [0, 0]]",1,2,0,2,PP,"[[2, 1], [2]]",3,2,0.000736,20,0,0,0,0,0,0,True
120,5,2,"[3, 2]","[[1, 1, 3], [0, 0]]",1,2,0,3,PP,"[[2, 1], [2]]",3,2,0.0007265,20,0,0,0,0,0,0,True
120,5,2,"[3, 2]","[[1, 1, 3], [0, 0]]",1,2,0,5,PP,"[[2, 1], [2]]",3,2,0.000721,20,0,0,0,0,0,0,True
120,5,2,"[3, 2]","[[1, 1, 3], [0, 0]]",1,2,1,1,PP,"[[1, 1, 1], [1, 1]]",5,6,0.000731,20,0,0,0,0,0,0,True
120,5,2,"[3, 2]","[[1, 1, 3], [0, 0]]",1,2,1,2,PP,"[[2, 1], [2]]",3,2,0.000751,20,0,0,0,0,0,0,True
120,5,2,"[3, 2]","[[1, 1, 3], [0, 0]]",1,2,1,3,PP,"[[2, 1], [2]]",3,2,0.000736,20,0,0,0,0,0,0,True
120,5,2,"[3, 2]","[[1, 1, 3], [0, 0]]",1,2,1,5,PP,"[[2, 1], [2]]",3,2,0.0007215,20,0,0,0,0,0,0,True
120,5,2,"[3, 2]","[[1, 1, 3], [0, 0]]",1,2,2,1,PP,"[[1, 1, 1], [1, 1]]",5,6,0.000731,20,0,0,0,0,0,0,True
120,5,2,"[3, 2]","[[1, 1, 3], [0, 0]]",1,2,2,2,PP,"[[2, 1], [2]]",3,2,0.000751,20,0,0,0,0,4,4/5,True
120,5,2,"[3, 2]","[[1, 1, 3], [0, 0]]",1,2,2,3,PP,"[[3], [2]]",2,1,0.0007215,20,0,0,1,1/5,6,6/5,True
120,5,2,"[3, 2]","[[1, 1, 3], [0, 0]]",1,2,2,5,PP,"[[3], [2]]",2,1,0.000731,20,0,0,1,1/5,8,8/5,True
120,5,2,"[3, 2]","[[1, 1, 3], [0, 0]]",1,2,3,1,PP,"[[1, 1, 1], [1, 1]]",5,6,0.000736,20,0,0,0,0,0,0,True
120,5,2,"[3, 2]","[[1, 1, 3], [0, 0]]",1,2,3,2,PP,"[[2, 1], [2]]",3,2,0.000731,20,0,0,0,0,12,12/5,True
120,5,2,"[3, 2]","[[1, 1, 3], [0, 0]]",1,2,3,3,PP,"[[3], [2]]",2,1,0.0007315,20,0,0,1,1/5,18,18/5,True
120,5,2,"[3, 2]","[[1, 1, 3], [0, 0]]",1,2,3,5,PP,"[[3], [2]]",2,1,0.0007265,20,0,0,1,1/5,24,24/5,True
121,5,2,"[3, 2]","[[1, 1, 3], [0, 1]]",1,2,0,1,PP,"[[1, 1, 1], [1, 1]]",5,6,0.0007465,20,0,0,0,0,0,0,True
121,5,2,"[3, 2]","[[1, 1, 3], [0, 1]]",1,2,0,2,PP,"[[2, 1], [1, 1]]",4,4,0.0007265,20,0,0,0,0,0,0,True
121,5,2,"[3, 2]","[[1, 1, 3], [0, 1]]",1,2,0,3,PP,"[[2, 1], [1, 1]]",4,4,0.000731,20,0,0,0,0,0,0,True
121,5,2,"[3, 2]","[[1, 1, 3], [0, 1]]",1,2,0,5,PP,"[[2, 1], [1, 1]]",4,4,0.000731,20,0,0,0,0,0,0,True
121,5,2,"[3, 2]","[[1, 1, 3], [0, 1]]",1,2,1,1,PP,"[[1, 1, 1], [1, 1]]",5,6,0.000721,20,0,0,0,0,0,0,True
121,5,2,"[3, 2]","[[1, 1, 3], [0, 1]]",1,2,1,2,PP,"[[2, 1], [2]]",3,2,0.000726,20,0,0,0,0,0,0,True
121,5,2,"[3, 2]","[[1, 1, 3], [0, 1]]",1,2,1,3,PP,"[[2, 1], [2]]",3,2,0.0007265,20,0,0,0,0,0,0,True
121,5,2,"[3, 2]","[[1, 1, 3], [0, 1]]",1,2,1,5,PP,"[[2, 1], [2]]",3,2,0.000721,20,0,0,0,0,0,0,True
121,5,2,"[3, 2]","[[1, 1, 3], [0, 1]]",1,2,2,1,PP,"[[1, 1, 1], [1, 1]]",5,6,0.000731,20,0,0,0,0,0,0,True
121,5,2,"[3, 2]","[[1, 1, 3], [0, 1]]",1,2,2,2,PP,"[[2, 1], [2]]",3,2,0.000741,20,0,0,0,0,4,4/5,True
121,5,2,"[3, 2]","[[1, 1, 3], [0, 1]]",1,2,2,3,PP,"[[3], [2]]",2,1,0.000776,20,0,0,1,1/5,6,6/5,True
121,5,2,"[3, 2]","[[1, 1, 3], [0, 1]]",1,2,2,5,PP,"[[3], [2]]",2,1,0.000791,20,0,0,1,1/5,8,8/5,True
121,5,2,"[3, 2]","[[1, 1, 3], [0, 1]]",1,2,3,1,PP,"[[1, 1, 1], [1, 1]]",5,6,0.0007865,20,0,0,0,0,0,0,True
121,5,2,"[3, 2]","[[1, 1, 3], [0, 1]]",1,2,3,2,PP,"[[2, 1], [2]]",3,2,0.000801,20,0,0,0,0,12,12/5,True
121,5,2,"[3, 2]","[[1, 1, 3], [0, 1]]",1,2,3,3,PP,"[[3], [2]]",2,1,0.000781,20,0,0,1,1/5,18,18/5,True
121,5,2,"[3, 2]","[[1, 1, 3], [0, 1]]",1,2,3,5,PP,"[[3], [2]]",2,1,0.0007965,20,0,0,1,1/5,24,24/5,True
122,5,2,"[3, 2]","[[1, 1, 3], [0, 2]]",1,2,0,1,PP,"[[1, 1, 1], [1, 1]]",5,6,0.000811,20,0,0,0,0,0,0,True
122,5,2,"[3, 2]","[[1, 1, 3], [0, 2]]",1,2,0,2,PP,"[[2, 1], [1, 1]]",4,4,0.000791,20,0,0,0,0,0,0,True
122,5,2,"[3, 2]","[[1, 1, 3], [0, 2]]",1,2,0,3,PP,"[[2, 1], [1, 1]]",4,4,0.0007865,20,0,0,0,0,0,0,True
122,5,2,"[3, 2]","[[1, 1, 3], [0, 2]]",1,2,0,5,PP,"[[2, 1], [1, 1]]",4,4,0.000811,20,0,0,0,0,0,0,True
122,5,2,"[3, 2]","[[1, 1, 3], [0, 2]]",1,2,1,1,PP,"[[1, 1, 1], [1, 1]]",5,6,0.000811,20,0,0,0,0,0,0,True
122,5,2,"[3, 2]","[[1, 1, 3], [0, 2]]",1,2,1,2,PP,"[[2, 1], [1, 1]]",4,4,0.000801,20,0,0,0,0,0,0,True
122,5,2,"[3, 2]","[[1, 1, 3], [0, 2]]",1,2,1,3,PP,"[[2, 1], [1, 1]]",4,4,0.000816,20,0,0,0,0,0,0,True
122,5,2,"[3, 2]","[[1, 1, 3], [0, 2]]",1,2,1,5,PP,"[[2, 1], [1, 1]]",4,4,0.0007915,20,0,0,0,0,0,0,True
122,5,2,"[3, 2]","[[1, 1, 3], [0, 2]]",1,2,2,1,PP,"[[1, 1, 1], [1, 1]]",5,6,0.000811,20,0,0,0,0,0,0,True
122,5,2,"[3, 2]","[[1, 1, 3], [0, 2]]",1,2,2,2,PP,"[[2, 1], [2]]",3,2,0.000811,20,2,2/5,2,2/5,4,4/5,True
122,5,2,"[3, 2]","[[1, 1, 3], [0, 2]]",1,2,2,3,PP,"[[3], [2]]",2,1,0.000806,20,2,2/5,3,3/5,6,6/5,True
122,5,2,"[3, 2]","[[1, 1, 3], [0, 2]]",1,2,2,5,PP,"[[3], [2]]",2,1,0.000816,20,2,2/5,3,3/5,8,8/5,True
122,5,2,"[3, 2]","[[1, 1, 3], [0, 2]]",1,2,3,1,PP,"[[1, 1, 1], [1, 1]]",5,6,0.0007965,20,0,0,0,0,0,0,True
122,5,2,"[3, 2]","[[1, 1, 3], [0, 2]]",1,2,3,2,PP,"[[2, 1], [2]]",3,2,0.0008215,20,2,2/5,2,2/5,12,12/5,True
122,5,2,"[3, 2]","[[1, 1, 3], [0, 2]]",1,2,3,3,PP,"[[3], [2]]",2,1,0.0007815,20,2,2/5,3,3/5,18,18/5,True
122,5,2,"[3, 2]","[[1, 1, 3], [0, 2]]",1,2,3,5,PP,"[[3], [2]]",2,1,0.000801,20,2,2/5,3,3/5,24,24/5,True
123,5,2,"[3, 2]","[[1, 1, 3], [0, 3]]",1,2,0,1,PP,"[[1, 1, 1], [1, 1]]",5,6,0.000836,20,0,0,0,0,0,0,True
123,5,2,"[3, 2]","[[1, 1, 3], [0, 3]]",1,2,0,2,PP,"[[2, 1], [1, 1]]",4,4,0.000796,20,0,0,0,0,0,0,True
123,5,2,"[3, 2]","[[1, 1, 3], [0, 3]]",1,2,0,3,PP,"[[2, 1], [1, 1]]",4,4,0.000801,20,0,0,0,0,0,0,True
123,5,2,"[3, 2]","[[1, 1, 3], [0, 3]]",1,2,0,5,PP,"[[2, 1], [1, 1]]",4,4,0.0008065,20,0,0,0,0,0,0,True
123,5,2,"[3, 2]","[[1, 1, 3], [0, 3]]",1,2,1,1,PP,"[[1, 1, 1], [1, 1]]",5,6,0.000811,20,0,0,0,0,0,0,True
123,5,2,"[3, 2]","[[1, 1, 3], [0, 3]]",1,2,1,2,PP,"[[2, 1], [1, 1]]",4,4,0.0008415,20,0,0,0,0,0,0,True
123,5,2,"[3, 2]","[[1, 1, 3], [0, 3]]",1,2,1,3,PP,"[[2, 1], [1, 1]]",4,4,0.000796,20,0,0,0,0,0,0,True
123,5,2,"[3, 2]","[[1, 1, 3], [0, 3]]",1,2,1,5,PP,"[[2, 1], [1, 1]]",4,4,0.000811,20,0,0,0,0,0,0,True
123,5,2,"[3, 2]","[[1, 1, 3], [0, 3]]",1,2,2,1,PP,"[[1, 1, 1], [1, 1]]",5,6,0.0008115,20,0,0,0,0,0,0,True
123,5,2,"[3, 2]","[[1, 1, 3], [0, 3]]",1,2,2,2,PP,"[[2, 1], [1, 1]]",4,4,0.000801,20,0,0,0,0,4,4/5,True
123,5,2,"[3, 2]","[[1, 1, 3], [0, 3]]",1,2,2,3,PP,"[[3], [1, 1]]",3,2,0.000821,20,0,0,1,1/5,6,6/5,True
123,5,2,"[3, 2]","[[1, 1, 3], [0, 3]]",1,2,2,5,PP,"[[3], [1, 1]]",3,2,0.000791,20,0,0,1,1/5,8,8/5,True
123,5,2,"[3, 2]","[[1, 1, 3], [0, 3]]",1,2,3,1,PP,"[[1, 1, 1], [1, 1]]",5,6,0.0007915,20,0,0,0,0,0,0,True
123,5,2,"[3, 2]","[[1, 1, 3], [0, 3]]",1,2,3,2,PP,"[[2, 1], [2]]",3,2,0.000801,20,2,2/5,6,6/5,12,12/5,True
123,5,2,"[3, 2]","[[1, 1, 3], [0, 3]]",1,2,3,3,PP,"[[3], [2]]",2,1,0.000796,20,2,2/5,7,7/5,18,18/5,True
123,5,2,"[3, 2]","[[1, 1, 3], [0, 3]]",1,2,3,5,PP,"[[3], [2]]",2,1,0.0008015,20,2,2/5,7,7/5,24,24/5,True
124,5,2,"[3, 2]","[[1, 1, 3], [1, 1]]",1,2,0,1,PP,"[[1, 1, 1], [1, 1]]",5,6,0.000811,20,0,0,0,0,0,0,True
124,5,2,"[3, 2]","[[1, 1, 3], [1, 1]]",1,2,0,2,PP,"[[2, 1], [2]]",3,2,0.000816,20,0,0,0,0,0,0,True
124,5,2,"[3, 2]","[[1, 1, 3], [1, 1]]",1,2,0,3,PP,"[[2, 1], [2]]",3,2,0.0008215,20,0,0,0,0,0,0,True
124,5,2,"[3, 2]","[[1, 1, 3], [1, 1]]",1,2,0,5,PP,"[[2, 1], [2]]",3,2,0.0008165,20,0,0,0,0,0,0,True
124,5,2,"[3, 2]","[[1, 1, 3], [1, 1]]",1,2,1,1,PP,"[[1, 1, 1], [1, 1]]",5,6,0.000841,20,0,0,0,0,0,0,True
124,5,2,"[3, 2]","[[1, 1, 3], [1, 1]]",1,2,1,2,PP,"[[2, 1], [2]]",3,2,0.000811,20,0,0,0,0,0,0,True
124,5,2,"[3, 2]","[[1, 1, 3], [1, 1]]",1,2,1,3,PP,"[[2, 1], [2]]",3,2,0.000831,20,0,0,0,0,0,0,True
124,5,2,"[3, 2]","[[1, 1, 3], [1, 1]]",1,2,1,5,PP,"[[2, 1], [2]]",3,2,0.000801,20,0,0,0,0,0,0,True
124,5,2,"[3, 2]","[[1, 1, 3], [1, 1]]",1,2,2,1,PP,"[[1, 1, 1], [1, 1]]",5,6,0.000821,20,0,0,0,0,0,0,True
124,5,2,"[3, 2]","[[1, 1, 3], [1, 1]]",1,2,2,2,PP,"[[2, 1], [2]]",3,2,0.0008065,20,0,0,0,0,4,4/5,True
124,5,2,"[3, 2]","[[1, 1, 3], [1, 1]]",1,2,2,3,PP,"[[3], [2]]",2,1,0.000781,20,0,0,1,1/5,6,6/5,True
124,5,2,"[3, 2]","[[1, 1, 3], [1, 1]]",1,2,2,5,PP,"[[3], [2]]",2,1,0.000711,20,0,0,1,1/5,8,8/5,True
124,5,2,"[3, 2]","[[1, 1, 3], [1, 1]]",1,2,3,1,PP,"[[1, 1, 1], [1, 1]]",5,6,0.000726,20,0,0,0,0,0,0,True
124,5,2,"[3, 2]","[[1, 1, 3], [1, 1]]",1,2,3,2,PP,"[[2, 1], [2]]",3,2,0.000741,20,0,0,0,0,12,12/5,True
124,5,2,"[3, 2]","[[1, 1, 3], [1, 1]]",1,2,3,3,PP,"[[3], [2]]",2,1,0.000721,20,0,0,1,1/5,18,18/5,True
124,5,2,"[3, 2]","[[1, 1, 3], [1, 1]]",1,2,3,5,PP,"[[3], [2]]",2,1,0.000726,20,0,0,1,1/5,24,24/5,True
125,5,2,"[3, 2]","[[1, 1, 3], [1, 2]]",1,2,0,1,PP,"[[1, 1, 1], [1, 1]]",5,6,0.000716,20,0,0,0,0,0,0,True
125,5,2,"[3, 2]","[[1, 1, 3], [1, 2]]",1,2,0,2,PP,"[[2, 1], [1, 1]]",4,4,0.000721,20,0,0,0,0,0,0,True
125,5,2,"[3, 2]","[[1, 1, 3], [1, 2]]",1,2,0,3,PP,"[[2, 1], [1, 1]]",4,4,0.000726,20,0,0,0,0,0,0,True
125,5,2,"[3, 2]","[[1, 1, 3], [1, 2]]",1,2,0,5,PP,"[[2, 1], [1, 1]]",4,4,0.000711,20,0,0,0,0,0,0,True
125,5,2,"[3, 2]","[[1, 1, 3], [1, 2]]",1,2,1,1,PP,"[[1, 1, 1], [1, 1]]",5,6,0.000716,20,0,0,0,0,0,0,True
125,5,2,"[3, 2]","[[1, 1, 3], [1, 2]]",1,2,1,2,PP,"[[2, 1], [2]]",3,2,0.000711,20,0,0,0,0,0,0,True
125,5,2,"[3, 2]","[[1, 1, 3], [1, 2]]",1,2,1,3,PP,"[[2, 1], [2]]",3,2,0.000731,20,0,0,0,0,0,0,True
125,5,2,"[3, 2]","[[1, 1, 3], [1, 2]]",1,2,1,5,PP,"[[2, 1], [2]]",3,2,0.0007465,20,0,0,0,0,0,0,True
125,5,2,"[3, 2]","[[1, 1, 3], [1, 2]]",1,2,2,1,PP,"[[1, 1, 1], [1, 1]]",5,6,0.000726,20,0,0,0,0,0,0,True
125,5,2,"[3, 2]","[[1, 1, 3], [1, 2]]",1,2,2,2,PP,"[[2, 1], [2]]",3,2,0.000721,20,0,0,0,0,4,4/5,True
125,5,2,"[3, 2]","[[1, 1, 3], [1, 2]]",1,2,2,3,PP,"[[3], [2]]",2,1,0.000731,20,0,0,1,1/5,6,6/5,True
125,5,2,"[3, 2]","[[1, 1, 3], [1, 2]]",1,2,2,5,PP,"[[3], [2]]",2,1,0.000706,20,0,0,1,1/5,8,8/5,True
125,5,2,"[3, 2]","[[1, 1, 3], [1, 2]]",1,2,3,1,PP,"[[1, 1, 1], [1, 1]]",5,6,0.000741,20,0,0,0,0,0,0,True
125,5,2,"[3, 2]","[[1, 1, 3], [1, 2]]",1,2,3,2,PP,"[[2, 1], [2]]",3,2,0.000731,20,0,0,0,0,12,12/5,True
125,5,2,"[3, 2]","[[1, 1, 3], [1, 2]]",1,2,3,3,PP,"[[3], [2]]",2,1,0.0007265,20,0,0,1,1/5,18,18/5,True
125,5,2,"[3, 2]","[[1, 1, 3], [1, 2]]",1,2,3,5,PP,"[[3], [2]]",2,1,0.000716,20,0,0,1,1/5,24,24/5,True
126,5,2,"[3, 2]","[[1, 1, 3], [1, 3]]",1,2,0,1,PP,"[[1, 1, 1], [1, 1]]",5,6,0.000741,20,0,0,0,0,0,0,True
126,5,2,"[3, 2]","[[1, 1, 3], [1, 3]]",1,2,0,2,PP,"[[2, 1], [1, 1]]",4,4,0.000736,20,0,0,0,0,0,0,True
126,5,2,"[3, 2]","[[1, 1, 3], [1, 3]]",1,2,0,3,PP,"[[2, 1], [1, 1]]",4,4,0.000721,20,0,0,0,0,0,0,True
126,5,2,"[3, 2]","[[1, 1, 3], [1, 3]]",1,2,0,5,PP,"[[2, 1], [1, 1]]",4,4,0.000726,20,0,0,0,0,0,0,True
126,5,2,"[3, 2]","[[1, 1, 3], [1, 3]]",1,2,1,1,PP,"[[1, 1, 1], [1, 1]]",5,6,0.000736,20,0,0,0,0,0,0,True
126,5,2,"[3, 2]","[[1, 1, 3], [1, 3]]",1,2,1,2,PP,"[[2, 1], [1, 1]]",4,4,0.000721,20,0,0,0,0,0,0,True
126,5,2,"[3, 2]","[[1, 1, 3], [1, 3]]",1,2,1,3,PP,"[[2, 1], [1, 1]]",4,4,0.000706,20,0,0,0,0,0,0,True
126,5,2,"[3, 2]","[[1, 1, 3], [1, 3]]",1,2,1,5,PP,"[[2, 1], [1, 1]]",4,4,0.000711,20,0,0,0,0,0,0,True
126,5,2,"[3, 2]","[[1, 1, 3], [1, 3]]",1,2,2,1,PP,"[[1, 1, 1], [1, 1]]",5,6,0.000711,20,0,0,0,0,0,0,True
126,5,2,"[3, 2]","[[1, 1, 3], [1, 3]]",1,2,2,2,PP,"[[2, 1], [2]]",3,2,0.000731,20,0,0,2,2/5,4,4/5,True
126,5,2,"[3, 2]","[[1, 1, 3], [1, 3]]",1,2,2,3,PP,"[[3], [2]]",2,1,0.000711,20,0,0,3,3/5,6,6/5,True
126,5,2,"[3, 2]","[[1, 1, 3], [1, 3]]",1,2,2,5,PP,"[[3], [2]]",2,1,0.0007165,20,0,0,3,3/5,8,8/5,True
126,5,2,"[3, 2]","[[1, 1, 3], [1, 3]]",1,2,3,1,PP,"[[1, 1, 1], [1, 1]]",5,6,0.000721,20,0,0,0,0,0,0,True
126,5,2,"[3, 2]","[[1, 1, 3], [1, 3]]",1,2,3,2,PP,"[[2, 1], [2]]",3,2,0.000736,20,0,0,2,2/5,12,12/5,True
126,5,2,"[3, 2]","[[1, 1, 3], [1, 3]]",1,2,3,3,PP,"[[3], [2]]",2,1,0.000721,20,0,0,3,3/5,18,18/5,True
126,5,2,"[3, 2]","[[1, 1, 3], [1, 3]]",1,2,3,5,PP,"[[3], [2]]",2,1,0.000716,20,0,0,3,3/5,24,24/5,True
127,5,2,"[3, 2]","[[1, 1, 3], [2, 2]]",1,2,0,1,PP,"[[1, 1, 1], [1, 1]]",5,6,0.0007515,20,0,0,0,0,0,0,True
127,5,2,"[3, 2]","[[1, 1, 3], [2, 2]]",1,2,0,2,PP,"[[2, 1], [2]]",3,2,0.000721,20,0,0,0,0,0,0,True
127,5,2,"[3, 2]","[[1, 1, 3], [2, 2]]",1,2,0,3,PP,"[[2, 1], [2]]",3,2,0.000706,20,0,0,0,0,0,0,True
127,5,2,"[3, 2]","[[1, 1, 3], [2, 2]]",1,2,0,5,PP,"[[2, 1], [2]]",3,2,0.000706,20,0,0,0,0,0,0,True
127,5,2,"[3, 2]","[[1, 1, 3], [2, 2]]",1,2,1,1,PP,"[[1, 1, 1], [1, 1]]",5,6,0.0007165,20,0,0,0,0,0,0,True
127,5,2,"[3, 2]","[[1, 1, 3], [2, 2]]",1,2,1,2,PP,"[[2, 1], [2]]",3,2,0.000751,20,0,0,0,0,0,0,True
127,5,2,"[3, 2]","[[1, 1, 3], [2, 2]]",1,2,1,3,PP,"[[2, 1], [2]]",3,2,0.000731,20,0,0,0,0,0,0,True
127,5,2,"[3, 2]","[[1, 1, 3], [2, 2]]",1,2,1,5,PP,"[[2, 1], [2]]",3,2,0.000736,20,0,0,0,0,0,0,True
127,5,2,"[3, 2]","[[1, 1, 3], [2, 2]]",1,2,2,1,PP,"[[1, 1, 1], [1, 1]]",5,6,0.0007465,20,0,0,0,0,0,0,True
127,5,2,"[3, 2]","[[1, 1, 3], [2, 2]]",1,2,2,2,PP,"[[2, 1], [2]]",3,2,0.0007265,20,0,0,0,0,4,4/5,True
127,5,2,"[3, 2]","[[1, 1, 3], [2, 2]]",1,2,2,3,PP,"[[3], [2]]",2,1,0.000711,20,0,0,1,1/5,6,6/5,True
127,5,2,"[3, 2]","[[1, 1, 3], [2, 2]]",1,2,2,5,PP,"[[3], [2]]",2,1,0.000721,20,0,0,1,1/5,8,8/5,True
127,5,2,"[3, 2]","[[1, 1, 3], [2, 2]]",1,2,3,1,PP,"[[1, 1, 1], [1, 1]]",5,6,0.000741,20,0,0,0,0,0,0,True
127,5,2,"[3, 2]","[[1, 1, 3], [2, 2]]",1,2,3,2,PP,"[[2, 1], [2]]",3,2,0.000716,20,0,0,0,0,12,12/5,True
127,5,2,"[3, 2]","[[1, 1, 3], [2, 2]]",1,2,3,3,PP,"[[3], [2]]",2,1,0.000716,20,0,0,1,1/5,18,18/5,True
127,5,2,"[3, 2]","[[1, 1, 3], [2, 2]]",1,2,3,5,PP,"[[3], [2]]",2,1,0.000731,20,0,0,1,1/5,24,24/5,True
128,5,2,"[3, 2]","[[1, 1, 3], [2, 3]]",1,2,0,1,PP,"[[1, 1, 1], [1, 1]]",5,6,0.000736,20,0,0,0,0,0,0,True
128,5,2,"[3, 2]","[[1, 1, 3], [2, 3]]",1,2,0,2,PP,"[[2, 1], [1, 1]]",4,4,0.0007315,20,0,0,0,0,0,0,True
128,5,2,"[3, 2]","[[1, 1, 3], [2, 3]]",1,2,0,3,PP,"[[2, 1], [1, 1]]",4,4,0.000721,20,0,0,0,0,0,0,True
128,5,2,"[3, 2]","[[1, 1, 3], [2, 3]]",1,2,0,5,PP,"[[2, 1], [1, 1]]",4,4,0.000721,20,0,0,0,0,0,0,True
128,5,2,"[3, 2]","[[1, 1, 3], [2, 3]]",1,2,1,1,PP,"[[1, 1, 1], [1, 1]]",5,6,0.000731,20,0,0,0,0,0,0,True
128,5,2,"[3, 2]","[[1, 1, 3], [2, 3]]",1,2,1,2,PP,"[[2, 1], [2]]",3,2,0.000721,20,0,0,0,0,0,0,True
128,5,2,"[3, 2]","[[1, 1, 3], [2, 3]]",1,2,1,3,PP,"[[2, 1], [2]]",3,2,0.000726,20,0,0,0,0,0,0,True
128,5,2,"[3, 2]","[[1, 1, 3], [2, 3]]",1,2,1,5,PP,"[[2, 1], [2]]",3,2,0.000716,20,0,0,0,0,0,0,True
128,5,2,"[3, 2]","[[1, 1, 3], [2, 3]]",1,2,2,1,PP,"[[1, 1, 1], [1, 1]]",5,6,0.000726,20,0,0,0,0,0,0,True
128,5,2,"[3, 2]","[[1, 1, 3], [2, 3]]",1,2,2,2,PP,"[[2, 1], [2]]",3,2,0.000761,20,0,0,0,0,4,4/5,True
128,5,2,"[3, 2]","[[1, 1, 3], [2, 3]]",1,2,2,3,PP,"[[3], [2]]",2,1,0.000711,20,0,0,1,1/5,6,6/5,True
128,5,2,"[3, 2]","[[1, 1, 3], [2, 3]]",1,2,2,5,PP,"[[3], [2]]",2,1,0.000721,20,0,0,1,1/5,8,8/5,True
128,5,2,"[3, 2]","[[1, 1, 3], [2, 3]]",1,2,3,1,PP,"[[1, 1, 1], [1, 1]]",5,6,0.000741,20,0,0,0,0,0,0,True
128,5,2,"[3, 2]","[[1, 1, 3], [2, 3]]",1,2,3,2,PP,"[[2, 1], [2]]",3,2,0.000726,20,0,0,0,0,12,12/5,True
128,5,2,"[3, 2]","[[1, 1, 3], [2, 3]]",1,2,3,3,PP,"[[3], [2]]",2,1,0.000721,20,0,0,1,1/5,18,18/5,True
128,5,2,"[3, 2]","[[1, 1, 3], [2, 3]]",1,2,3,5,PP,"[[3], [2]]",2,1,0.000726,20,0,0,1,1/5,24,24/5,True
129,5,2,"[3, 2]","[[1, 1, 3], [3, 3]]",1,2,0,1,PP,"[[1, 1, 1], [1, 1]]",5,6,0.0007365,20,0,0,0,0,0,0,True
129,5,2,"[3, 2]","[[1, 1, 3], [3, 3]]",1,2,0,2,PP,"[[2, 1], [2]]",3,2,0.000736,20,0,0,0,0,0,0,True
129,5,2,"[3, 2]","[[1, 1, 3], [3, 3]]",1,2,0,3,PP,"[[2, 1], [2]]",3,2,0.000741,20,0,0,0,0,0,0,True
129,5,2,"[3, 2]","[[1, 1, 3], [3, 3]]",1,2,0,5,PP,"[[2, 1], [2]]",3,2,0.000726,20,0,0,0,0,0,0,True
129,5,2,"[3, 2]","[[1, 1, 3], [3, 3]]",1,2,1,1,PP,"[[1, 1, 1], [1, 1]]",5,6,0.000746,20,0,0,0,0,0,0,True
129,5,2,"[3, 2]","[[1, 1, 3], [3, 3]]",1,2,1,2,PP,"[[2, 1], [2]]",3,2,0.000736,20,0,0,0,0,0,0,True
129,5,2,"[3, 2]","[[1, 1, 3], [3, 3]]",1,2,1,3,PP,"[[2, 1], [2]]",3,2,0.000741,20,0,0,0,0,0,0,True
129,5,2,"[3, 2]","[[1, 1, 3], [3, 3]]",1,2,1,5,PP,"[[2, 1], [2]]",3,2,0.000751,20,0,0,0,0,0,0,True
129,5,2,"[3, 2]","[[1, 1, 3], [3, 3]]",1,2,2,1,PP,"[[1, 1, 1], [1, 1]]",5,6,0.000746,20,0,0,0,0,0,0,True
129,5,2,"[3, 2]","[[1, 1, 3], [3, 3]]",1,2,2,2,PP,"[[2, 1], [2]]",3,2,0.0007365,20,0,0,0,0,4,4/5,True
129,5,2,"[3, 2]","[[1, 1, 3], [3, 3]]",1,2,2,3,PP,"[[3], [2]]",2,1,0.0007365,20,0,0,1,1/5,6,6/5,True
129,5,2,"[3, 2]","[[1, 1, 3], [3, 3]]",1,2,2,5,PP,"[[3], [2]]",2,1,0.000731,20,0,0,1,1/5,8,8/5,True
129,5,2,"[3, 2]","[[1, 1, 3], [3, 3]]",1,2,3,1,PP,"[[1, 1, 1], [1, 1]]",5,6,0.000741,20,0,0,0,0,0,0,True
129,5,2,"[3, 2]","[[1, 1, 3], [3, 3]]",1,2,3,2,PP,"[[2, 1], [2]]",3,2,0.000726,20,0,0,0,0,12,12/5,True
129,5,2,"[3, 2]","[[1, 1, 3], [3, 3]]",1,2,3,3,PP,"[[3], [2]]",2,1,0.000721,20,0,0,1,1/5,18,18/5,True
129,5,2,"[3, 2]","[[1, 1, 3], [3, 3]]",1,2,3,5,PP,"[[3], [2]]",2,1,0.000721,20,0,0,1,1/5,24,24/5,True
130,5,2,"[3, 2]","[[1, 2, 2], [0, 0]]",1,2,0,1,PP,"[[1, 1, 1], [1, 1]]",5,6,0.0007315,20,0,0,0,0,0,0,True
130,5,2,"[3, 2]","[[1, 2, 2], [0, 0]]",1,2,0,2,PP,"[[1, 2], [2]]",3,2,0.000731,20,0,0,0,0,0,0,True
130,5,2,"[3, 2]","[[1, 2, 2], [0, 0]]",1,2,0,3,PP,"[[1, 2], [2]]",3,2,0.000711,20,0,0,0,0,0,0,True
130,5,2,"[3, 2]","[[1, 2, 2], [0, 0]]",1,2,0,5,PP,"[[1, 2], [2]]",3,2,0.0007165,20,0,0,0,0,0,0,True
130,5,2,"[3, 2]","[[1, 2, 2], [0, 0]]",1,2,1,1,PP,"[[1, 1, 1], [1, 1]]",5,6,0.000731,20,0,0,0,0,0,0,True
130,5,2,"[3, 2]","[[1, 2, 2], [0, 0]]",1,2,1,2,PP,"[[2, 1], [2]]",3,2,0.000721,20,0,0,0,0,0,0,True
130,5,2,"[3, 2]","[[1, 2, 2], [0, 0]]",1,2,1,3,PP,"[[3], [2]]",2,1,0.000716,20,0,0,0,0,0,0,True
130,5,2,"[3, 2]","[[1, 2, 2], [0, 0]]",1,2,1,5,PP,"[[3], [2]]",2,1,0.000726,20,0,0,0,0,0,0,True
130,5,2,"[3, 2]","[[1, 2, 2], [0, 0]]",1,2,2,1,PP,"[[1, 1, 1], [1, 1]]",5,6,0.000731,20,0,0,0,0,0,0,True
130,5,2,"[3, 2]","[[1, 2, 2], [0, 0]]",1,2,2,2,PP,"[[2, 1], [2]]",3,2,0.000731,20,0,0,0,0,4,4/5,True
130,5,2,"[3, 2]","[[1, 2, 2], [0, 0]]",1,2,2,3,PP,"[[3], [2]]",2,1,0.000711,20,0,0,0,0,6,6/5,True
130,5,2,"[3, 2]","[[1, 2, 2], [0, 0]]",1,2,2,5,PP,"[[3], [2]]",2,1,0.0007165,20,0,0,0,0,8,8/5,True
130,5,2,"[3, 2]","[[1, 2, 2], [0, 0]]",1,2,3,1,PP,"[[1, 1, 1], [1, 1]]",5,6,0.0007415,20,0,0,0,0,0,0,True
130,5,2,"[3, 2]","[[1, 2, 2], [0, 0]]",1,2,3,2,PP,"[[2, 1], [2]]",3,2,0.000741,20,0,0,0,0,12,12/5,True
130,5,2,"[3, 2]","[[1, 2, 2], [0, 0]]",1,2,3,3,PP,"[[3], [2]]",2,1,0.0007215,20,0,0,0,0,18,18/5,True
130,5,2,"[3, 2]","[[1, 2, 2], [0, 0]]",1,2,3,5,PP,"[[3], [2]]",2,1,0.000721,20,0,0,0,0,24,24/5,True
131,5,2,"[3, 2]","[[1, 2, 2], [0, 1]]",1,2,0,1,PP,"[[1, 1, 1], [1, 1]]",5,6,0.0007415,20,0,0,0,0,0,0,True
131,5,2,"[3, 2]","[[1, 2, 2], [0, 1]]",1,2,0,2,PP,"[[1, 2], [1, 1]]",4,4,0.0007515,20,0,0,0,0,0,0,True
131,5,2,"[3, 2]","[[1, 2, 2], [0, 1]]",1,2,0,3,PP,"[[1, 2], [1, 1]]",4,4,0.000721,20,0,0,0,0,0,0,True
131,5,2,"[3, 2]","[[1, 2, 2], [0, 1]]",1,2,0,5,PP,"[[1, 2], [1, 1]]",4,4,0.000721,20,0,0,0,0,0,0,True
131,5,2,"[3, 2]","[[1, 2, 2], [0, 1]]",1,2,1,1,PP,"[[1, 1, 1], [1, 1]]",5,6,0.000761,20,0,0,0,0,0,0,True
131,5,2,"[3, 2]","[[1, 2, 2], [0, 1]]",1,2,1,2,PP,"[[2, 1], [2]]",3,2,0.0007415,20,0,0,0,0,0,0,True
131,5,2,"[3, 2]","[[1, 2, 2], [0, 1]]",1,2,1,3,PP,"[[3], [2]]",2,1,0.000731,20,0,0,0,0,0,0,True
131,5,2,"[3, 2]","[[1, 2, 2], [0, 1]]",1,2,1,5,PP,"[[3], [2]]",2,1,0.000731,20,0,0,0,0,0,0,True
131,5,2,"[3, 2]","[[1, 2, 2], [0, 1]]",1,2,2,1,PP,"[[1, 1, 1], [1, 1]]",5,6,0.000761,20,0,0,0,0,0,0,True
131,5,2,"[3, 2]","[[1, 2, 2], [0, 1]]",1,2,2,2,PP,"[[2, 1], [2]]",3,2,0.000751,20,0,0,0,0,4,4/5,True
131,5,2,"[3, 2]","[[1, 2, 2], [0, 1]]",1,2,2,3,PP,"[[3], [2]]",2,1,0.000721,20,0,0,0,0,6,6/5,True
131,5,2,"[3, 2]","[[1, 2, 2], [0, 1]]",1,2,2,5,PP,"[[3], [2]]",2,1,0.000731,20,0,0,0,0,8,8/5,True
131,5,2,"[3, 2]","[[1, 2, 2], [0, 1]]",1,2,3,1,PP,"[[1, 1, 1], [1, 1]]",5,6,0.000756,20,0,0,0,0,0,0,True
131,5,2,"[3, 2]","[[1, 2, 2], [0, 1]]",1,2,3,2,PP,"[[2, 1], [2]]",3,2,0.000731,20,0,0,0,0,12,12/5,True
131,5,2,"[3, 2]","[[1, 2, 2], [0, 1]]",1,2,3,3,PP,"[[3], [2]]",2,1,0.0007315,20,0,0,0,0,18,18/5,True
131,5,2,"[3, 2]","[[1, 2, 2], [0, 1]]",1,2,3,5,PP,"[[3], [2]]",2,1,0.000721,20,0,0,0,0,24,24/5,True
132,5,2,"[3, 2]","[[1, 2, 2], [0, 2]]",1,2,0,1,PP,"[[1, 1, 1], [1, 1]]",5,6,0.000746,20,0,0,0,0,0,0,True
132,5,2,"[3, 2]","[[1, 2, 2], [0, 2]]",1,2,0,2,PP,"[[1, 2], [1, 1]]",4,4,0.000731,20,0,0,0,0,0,0,True
132,5,2,"[3, 2]","[[1, 2, 2], [0, 2]]",1,2,0,3,PP,"[[1, 2], [1, 1]]",4,4,0.000701,20,0,0,0,0,0,0,True
132,5,2,"[3, 2]","[[1, 2, 2], [0, 2]]",1,2,0,5,PP,"[[1, 2], [1, 1]]",4,4,0.000721,20,0,0,0,0,0,0,True
132,5,2,"[3, 2]","[[1, 2, 2], [0, 2]]",1,2,1,1,PP,"[[1, 1, 1], [1, 1]]",5,6,0.000741,20,0,0,0,0,0,0,True
132,5,2,"[3, 2]","[[1, 2, 2], [0, 2]]",1,2,1,2,PP,"[[2, 1], [1, 1]]",4,4,0.000716,20,0,0,0,0,0,0,True
132,5,2,"[3, 2]","[[1, 2, 2], [0, 2]]",1,2,1,3,PP,"[[3], [1, 1]]",3,2,0.000711,20,0,0,0,0,0,0,True
132,5,2,"[3, 2]","[[1, 2, 2], [0, 2]]",1,2,1,5,PP,"[[3], [1, 1]]",3,2,0.000731,20,0,0,0,0,0,0,True
132,5,2,"[3, 2]","[[1, 2, 2], [0, 2]]",1,2,2,1,PP,"[[1, 1, 1], [1, 1]]",5,6,0.0007265,20,0,0,0,0,0,0,True
132,5,2,"[3, 2]","[[1, 2, 2], [0, 2]]",1,2,2,2,PP,"[[2, 1], [2]]",3,2,0.000731,20,2,2/5,2,2/5,4,4/5,True
132,5,2,"[3, 2]","[[1, 2, 2], [0, 2]]",1,2,2,3,PP,"[[3], [2]]",2,1,0.0007215,20,2,2/5,2,2/5,6,6/5,True
132,5,2,"[3, 2]","[[1, 2, 2], [0, 2]]",1,2,2,5,PP,"[[3], [2]]",2,1,0.000736,20,2,2/5,2,2/5,8,8/5,True
132,5,2,"[3, 2]","[[1, 2, 2], [0, 2]]",1,2,3,1,PP,"[[1, 1, 1], [1, 1]]",5,6,0.000741,20,0,0,0,0,0,0,True
132,5,2,"[3, 2]","[[1, 2, 2], [0, 2]]",1,2,3,2,PP,"[[2, 1], [2]]",3,2,0.000746,20,2,2/5,2,2/5,12,12/5,True
132,5,2,"[3, 2]","[[1, 2, 2], [0, 2]]",1,2,3,3,PP,"[[3], [2]]",2,1,0.000741,20,2,2/5,2,2/5,18,18/5,True
132,5,2,"[3, 2]","[[1, 2, 2], [0, 2]]",1,2,3,5,PP,"[[3], [2]]",2,1,0.000721,20,2,2/5,2,2/5,24,24/5,True
133,5,2,"[3, 2]","[[1, 2, 2], [0, 3]]",1,2,0,1,PP,"[[1, 1, 1], [1, 1]]",5,6,0.000716,20,0,0,0,0,0,0,True
133,5,2,"[3, 2]","[[1, 2, 2], [0, 3]]",1,2,0,2,PP,"[[1, 2], [1, 1]]",4,4,0.000726,20,0,0,0,0,0,0,True
133,5,2,"[3, 2]","[[1, 2, 2], [0, 3]]",1,2,0,3,PP,"[[1, 2], [1, 1]]",4,4,0.000726,20,0,0,0,0,0,0,True
133,5,2,"[3, 2]","[[1, 2, 2], [0, 3]]",1,2,0,5,PP,"[[1, 2], [1, 1]]",4,4,0.000721,20,0,0,0,0,0,0,True
133,5,2,"[3, 2]","[[1, 2, 2], [0, 3]]",1,2,1,1,PP,"[[1, 1, 1], [1, 1]]",5,6,0.000756,20,0,0,0,0,0,0,True
133,5,2,"[3, 2]","[[1, 2, 2], [0, 3]]",1,2,1,2,PP,"[[2, 1], [1, 1]]",4,4,0.000721,20,0,0,0,0,0,0,True
133,5,2,"[3, 2]","[[1, 2, 2], [0, 3]]",1,2,1,3,PP,"[[3], [1, 1]]",3,2,0.000731,20,0,0,0,0,0,0,True
133,5,2,"[3, 2]","[[1, 2, 2], [0, 3]]",1,2,1,5,PP,"[[3], [1, 1]]",3,2,0.000701,20,0,0,0,0,0,0,True
133,5,2,"[3, 2]","[[1, 2, 2], [0, 3]]",1,2,2,1,PP,"[[1, 1, 1], [1, 1]]",5,6,0.000721,20,0,0,0,0,0,0,True
133,5,2,"[3, 2]","[[1, 2, 2], [0, 3]]",1,2,2,2,PP,"[[2, 1], [1, 1]]",4,4,0.000731,20,0,0,0,0,4,4/5,True
133,5,2,"[3, 2]","[[1, 2, 2], [0, 3]]",1,2,2,3,PP,"[[3], [1, 1]]",3,2,0.000711,20,0,0,0,0,6,6/5,True
133,5,2,"[3, 2]","[[1, 2, 2], [0, 3]]",1,2,2,5,PP,"[[3], [1, 1]]",3,2,0.000706,20,0,0,0,0,8,8/5,True
133,5,2,"[3, 2]","[[1, 2, 2], [0, 3]]",1,2,3,1,PP,"[[1, 1, 1], [1, 1]]",5,6,0.0007465,20,0,0,0,0,0,0,True
133,5,2,"[3, 2]","[[1, 2, 2], [0, 3]]",1,2,3,2,PP,"[[2, 1], [2]]",3,2,0.000731,20,2,2/5,6,6/5,12,12/5,True
133,5,2,"[3, 2]","[[1, 2, 2], [0, 3]]",1,2,3,3,PP,"[[3], [2]]",2,1,0.000726,20,2,2/5,6,6/5,18,18/5,True
133,5,2,"[3, 2]","[[1, 2, 2], [0, 3]]",1,2,3,5,PP,"[[3], [2]]",2,1,0.000721,20,2,2/5,6,6/5,24,24/5,True
134,5,2,"[3, 2]","[[1, 2, 2], [1, 1]]",1,2,0,1,PP,"[[1, 1, 1], [1, 1]]",5,6,0.000731,20,0,0,0,0,0,0,True
134,5,2,"[3, 2]","[[1, 2, 2], [1, 1]]",1,2,0,2,PP,"[[1, 2], [2]]",3,2,0.000711,20,0,0,0,0,0,0,True
134,5,2,"[3, 2]","[[1, 2, 2], [1, 1]]",1,2,0,3,PP,"[[1, 2], [2]]",3,2,0.0007065,20,0,0,0,0,0,0,True
134,5,2,"[3, 2]","[[1, 2, 2], [1, 1]]",1,2,0,5,PP,"[[1, 2], [2]]",3,2,0.000726,20,0,0,0,0,0,0,True
134,5,2,"[3, 2]","[[1, 2, 2], [1, 1]]",1,2,1,1,PP,"[[1, 1, 1], [1, 1]]",5,6,0.0007415,20,0,0,0,0,0,0,True
134,5,2,"[3, 2]","[[1, 2, 2], [1, 1]]",1,2,1,2,PP,"[[2, 1], [2]]",3,2,0.000731,20,0,0,0,0,0,0,True
134,5,2,"[3, 2]","[[1, 2, 2], [1, 1]]",1,2,1,3,PP,"[[3], [2]]",2,1,0.000721,20,0,0,0,0,0,0,True
134,5,2,"[3, 2]","[[1, 2, 2], [1, 1]]",1,2,1,5,PP,"[[3], [2]]",2,1,0.0007415,20,0,0,0,0,0,0,True
134,5,2,"[3, 2]","[[1, 2, 2], [1, 1]]",1,2,2,1,PP,"[[1, 1, 1], [1, 1]]",5,6,0.000746,20,0,0,0,0,0,0,True
134,5,2,"[3, 2]","[[1, 2, 2], [1, 1]]",1,2,2,2,PP,"[[2, 1], [2]]",3,2,0.000717,20,0,0,0,0,4,4/5,True
134,5,2,"[3, 2]","[[1, 2, 2], [1, 1]]",1,2,2,3,PP,"[[3], [2]]",2,1,0.000731,20,0,0,0,0,6,6/5,True
134,5,2,"[3, 2]","[[1, 2, 2], [1, 1]]",1,2,2,5,PP,"[[3], [2]]",2,1,0.000721,20,0,0,0,0,8,8/5,True
134,5,2,"[3, 2]","[[1, 2, 2], [1, 1]]",1,2,3,1,PP,"[[1, 1, 1], [1, 1]]",5,6,0.000731,20,0,0,0,0,0,0,True
134,5,2,"[3, 2]","[[1, 2, 2], [1, 1]]",1,2,3,2,PP,"[[2, 1], [2]]",3,2,0.000741,20,0,0,0,0,12,12/5,True
134,5,2,"[3, 2]","[[1, 2, 2], [1, 1]]",1,2,3,3,PP,"[[3], [2]]",2,1,0.000721,20,0,0,0,0,18,18/5,True
134,5,2,"[3, 2]","[[1, 2, 2], [1, 1]]",1,2,3,5,PP,"[[3], [2]]",2,1,0.000721,20,0,0,0,0,24,24/5,True
135,5,2,"[3, 2]","[[1, 2, 2], [1, 2]]",1,2,0,1,PP,"[[1, 1, 1], [1, 1]]",5,6,0.000742,20,0,0,0,0,0,0,True
135,5,2,"[3, 2]","[[1, 2, 2], [1, 2]]",1,2,0,2,PP,"[[1, 2], [1, 1]]",4,4,0.000721,20,0,0,0,0,0,0,True
135,5,2,"[3, 2]","[[1, 2, 2], [1, 2]]",1,2,0,3,PP,"[[1, 2], [1, 1]]",4,4,0.000721,20,0,0,0,0,0,0,True
135,5,2,"[3, 2]","[[1, 2, 2], [1, 2]]",1,2,0,5,PP,"[[1, 2], [1, 1]]",4,4,0.000731,20,0,0,0,0,0,0,True
135,5,2,"[3, 2]","[[1, 2, 2], [1, 2]]",1,2,1,1,PP,"[[1, 1, 1], [1, 1]]",5,6,0.000751,20,0,0,0,0,0,0,True
135,5,2,"[3, 2]","[[1, 2, 2], [1, 2]]",1,2,1,2,PP,"[[2, 1], [2]]",3,2,0.0007315,20,0,0,0,0,0,0,True
135,5,2,"[3, 2]","[[1, 2, 2], [1, 2]]",1,2,1,3,PP,"[[3], [2]]",2,1,0.000711,20,0,0,0,0,0,0,True
135,5,2,"[3, 2]","[[1, 2, 2], [1, 2]]",1,2,1,5,PP,"[[3], [2]]",2,1,0.000731,20,0,0,0,0,0,0,True
135,5,2,"[3, 2]","[[1, 2, 2], [1, 2]]",1,2,2,1,PP,"[[1, 1, 1], [1, 1]]",5,6,0.000736,20,0,0,0,0,0,0,True
135,5,2,"[3, 2]","[[1, 2, 2], [1, 2]]",1,2,2,2,PP,"[[2, 1], [2]]",3,2,0.000721,20,0,0,0,0,4,4/5,True
135,5,2,"[3, 2]","[[1, 2, 2], [1, 2]]",1,2,2,3,PP,"[[3], [2]]",2,1,0.000721,20,0,0,0,0,6,6/5,True
135,5,2,"[3, 2]","[[1, 2, 2], [1, 2]]",1,2,2,5,PP,"[[3], [2]]",2,1,0.0007165,20,0,0,0,0,8,8/5,True
135,5,2,"[3, 2]","[[1, 2, 2], [1, 2]]",1,2,3,1,PP,"[[1, 1, 1], [1, 1]]",5,6,0.000741,20,0,0,0,0,0,0,True
135,5,2,"[3, 2]","[[1, 2, 2], [1, 2]]",1,2,3,2,PP,"[[2, 1], [2]]",3,2,0.000726,20,0,0,0,0,12,12/5,True
135,5,2,"[3, 2]","[[1, 2, 2], [1, 2]]",1,2,3,3,PP,"[[3], [2]]",2,1,0.000711,20,0,0,0,0,18,18/5,True
135,5,2,"[3, 2]","[[1, 2, 2], [1, 2]]",1,2,3,5,PP,"[[3], [2]]",2,1,0.0007115,20,0,0,0,0,24,24/5,True
136,5,2,"[3, 2]","[[1, 2, 2], [1, 3]]",1,2,0,1,PP,"[[1, 1, 1], [1, 1]]",5,6,0.000731,20,0,0,0,0,0,0,True
136,5,2,"[3, 2]","[[1, 2, 2], [1, 3]]",1,2,0,2,PP,"[[1, 2], [1, 1]]",4,4,0.000726,20,0,0,0,0,0,0,True
136,5,2,"[3, 2]","[[1, 2, 2], [1, 3]]",1,2,0,3,PP,"[[1, 2], [1, 1]]",4,4,0.000721,20,0,0,0,0,0,0,True
136,5,2,"[3, 2]","[[1, 2, 2], [1, 3]]",1,2,0,5,PP,"[[1, 2], [1, 1]]",4,4,0.000726,20,0,0,0,0,0,0,True
136,5,2,"[3, 2]","[[1, 2, 2], [1, 3]]",1,2,1,1,PP,"[[1, 1, 1], [1, 1]]",5,6,0.000746,20,0,0,0,0,0,0,True
136,5,2,"[3, 2]","[[1, 2, 2], [1, 3]]",1,2,1,2,PP,"[[2, 1], [1, 1]]",4,4,0.000731,20,0,0,0,0,0,0,True
136,5,2,"[3, 2]","[[1, 2, 2], [1, 3]]",1,2,1,3,PP,"[[3], [1, 1]]",3,2,0.000721,20,0,0,0,0,0,0,True
136,5,2,"[3, 2]","[[1, 2, 2], [1, 3]]",1,2,1,5,PP,"[[3], [1, 1]]",3,2,0.000726,20,0,0,0,0,0,0,True
136,5,2,"[3, 2]","[[1, 2, 2], [1, 3]]",1,2,2,1,PP,"[[1, 1, 1], [1, 1]]",5,6,0.000756,20,0,0,0,0,0,0,True
136,5,2,"[3, 2]","[[1, 2, 2], [1, 3]]",1,2,2,2,PP,"[[2, 1], [2]]",3,2,0.000756,20,0,0,2,2/5,4,4/5,True
136,5,2,"[3, 2]","[[1, 2, 2], [1, 3]]",1,2,2,3,PP,"[[3], [2]]",2,1,0.000721,20,0,0,2,2/5,6,6/5,True
136,5,2,"[3, 2]","[[1, 2, 2], [1, 3]]",1,2,2,5,PP,"[[3], [2]]",2,1,0.0007165,20,0,0,2,2/5,8,8/5,True
136,5,2,"[3, 2]","[[1, 2, 2], [1, 3]]",1,2,3,1,PP,"[[1, 1, 1], [1, 1]]",5,6,0.000741,20,0,0,0,0,0,0,True
136,5,2,"[3, 2]","[[1, 2, 2], [1, 3]]",1,2,3,2,PP,"[[2, 1], [2]]",3,2,0.0007415,20,0,0,2,2/5,12,12/5,True
136,5,2,"[3, 2]","[[1, 2, 2], [1, 3]]",1,2,3,3,PP,"[[3], [2]]",2,1,0.000721,20,0,0,2,2/5,18,18/5,True
136,5,2,"[3, 2]","[[1, 2, 2], [1, 3]]",1,2,3,5,PP,"[[3], [2]]",2,1,0.000726,20,0,0,2,2/5,24,24/5,True
137,5,2,"[3, 2]","[[1, 2, 2], [2, 2]]",1,2,0,1,PP,"[[1, 1, 1], [1, 1]]",5,6,0.000751,20,0,0,0,0,0,0,True
137,5,2,"[3, 2]","[[1, 2, 2], [2, 2]]",1,2,0,2,PP,"[[1, 2], [2]]",3,2,0.000716,20,0,0,0,0,0,0,True
137,5,2,"[3, 2]","[[1, 2, 2], [2, 2]]",1,2,0,3,PP,"[[1, 2], [2]]",3,2,0.000732,20,0,0,0,0,0,0,True
137,5,2,"[3, 2]","[[1, 2, 2], [2, 2]]",1,2,0,5,PP,"[[1, 2], [2]]",3,2,0.000726,20,0,0,0,0,0,0,True
137,5,2,"[3, 2]","[[1, 2, 2], [2, 2]]",1,2,1,1,PP,"[[1, 1, 1], [1, 1]]",5,6,0.000731,20,0,0,0,0,0,0,True
137,5,2,"[3, 2]","[[1, 2, 2], [2, 2]]",1,2,1,2,PP,"[[2, 1], [2]]",3,2,0.000726,20,0,0,0,0,0,0,True
137,5,2,"[3, 2]","[[1, 2, 2], [2, 2]]",1,2,1,3,PP,"[[3], [2]]",2,1,0.0007115,20,0,0,0,0,0,0,True
137,5,2,"[3, 2]","[[1, 2, 2], [2, 2]]",1,2,1,5,PP,"[[3], [2]]",2,1,0.000711,20,0,0,0,0,0,0,True
137,5,2,"[3, 2]","[[1, 2, 2], [2, 2]]",1,2,2,1,PP,"[[1, 1, 1], [1, 1]]",5,6,0.000731,20,0,0,0,0,0,0,True
137,5,2,"[3, 2]","[[1, 2, 2], [2, 2]]",1,2,2,2,PP,"[[2, 1], [2]]",3,2,0.000731,20,0,0,0,0,4,4/5,True
137,5,2,"[3, 2]","[[1, 2, 2], [2, 2]]",1,2,2,3,PP,"[[3], [2]]",2,1,0.000711,20,0,0,0,0,6,6/5,True
137,5,2,"[3, 2]","[[1, 2, 2], [2, 2]]",1,2,2,5,PP,"[[3], [2]]",2,1,0.0007065,20,0,0,0,0,8,8/5,True
137,5,2,"[3, 2]","[[1, 2, 2], [2, 2]]",1,2,3,1,PP,"[[1, 1, 1], [1, 1]]",5,6,0.0007265,20,0,0,0,0,0,0,True
137,5,2,"[3, 2]","[[1, 2, 2], [2, 2]]",1,2,3,2,PP,"[[2, 1], [2]]",3,2,0.000751,20,0,0,0,0,12,12/5,True
137,5,2,"[3, 2]","[[1, 2, 2], [2, 2]]",1,2,3,3,PP,"[[3], [2]]",2,1,0.000726,20,0,0,0,0,18,18/5,True
137,5,2,"[3, 2]","[[1, 2, 2], [2, 2]]",1,2,3,5,PP,"[[3], [2]]",2,1,0.000716,20,0,0,0,0,24,24/5,True
138,5,2,"[3, 2]","[[1, 2, 2], [2, 3]]",1,2,0,1,PP,"[[1, 1, 1], [1, 1]]",5,6,0.000741,20,0,0,0,0,0,0,True
138,5,2,"[3, 2]","[[1, 2, 2], [2, 3]]",1,2,0,2,PP,"[[1, 2], [1, 1]]",4,4,0.000731,20,0,0,0,0,0,0,True
138,5,2,"[3, 2]","[[1, 2, 2], [2, 3]]",1,2,0,3,PP,"[[1, 2], [1, 1]]",4,4,0.000731,20,0,0,0,0,0,0,True
138,5,2,"[3, 2]","[[1, 2, 2], [2, 3]]",1,2,0,5,PP,"[[1, 2], [1, 1]]",4,4,0.000726,20,0,0,0,0,0,0,True
138,5,2,"[3, 2]","[[1, 2, 2], [2, 3]]",1,2,1,1,PP,"[[1, 1, 1], [1, 1]]",5,6,0.000726,20,0,0,0,0,0,0,True
138,5,2,"[3, 2]","[[1, 2, 2], [2, 3]]",1,2,1,2,PP,"[[2, 1], [2]]",3,2,0.000746,20,0,0,0,0,0,0,True
138,5,2,"[3, 2]","[[1, 2, 2], [2, 3]]",1,2,1,3,PP,"[[3], [2]]",2,1,0.000736,20,0,0,0,0,0,0,True
138,5,2,"[3, 2]","[[1, 2, 2], [2, 3]]",1,2,1,5,PP,"[[3], [2]]",2,1,0.000736,20,0,0,0,0,0,0,True
138,5,2,"[3, 2]","[[1, 2, 2], [2, 3]]",1,2,2,1,PP,"[[1, 1, 1], [1, 1]]",5,6,0.0007415,20,0,0,0,0,0,0,True
138,5,2,"[3, 2]","[[1, 2, 2], [2, 3]]",1,2,2,2,PP,"[[2, 1], [2]]",3,2,0.000716,20,0,0,0,0,4,4/5,True
138,5,2,"[3, 2]","[[1, 2, 2], [2, 3]]",1,2,2,3,PP,"[[3], [2]]",2,1,0.000716,20,0,0,0,0,6,6/5,True
138,5,2,"[3, 2]","[[1, 2, 2], [2, 3]]",1,2,2,5,PP,"[[3], [2]]",2,1,0.000711,20,0,0,0,0,8,8/5,True
138,5,2,"[3, 2]","[[1, 2, 2], [2, 3]]",1,2,3,1,PP,"[[1, 1, 1], [1, 1]]",5,6,0.000746,20,0,0,0,0,0,0,True
138,5,2,"[3, 2]","[[1, 2, 2], [2, 3]]",1,2,3,2,PP,"[[2, 1], [2]]",3,2,0.000726,20,0,0,0,0,12,12/5,True
138,5,2,"[3, 2]","[[1, 2, 2], [2, 3]]",1,2,3,3,PP,"[[3], [2]]",2,1,0.000726,20,0,0,0,0,18,18/5,True
138,5,2,"[3, 2]","[[1, 2, 2], [2, 3]]",1,2,3,5,PP,"[[3], [2]]",2,1,0.0007315,20,0,0,0,0,24,24/5,True
139,5,2,"[3, 2]","[[1, 2, 2], [3, 3]]",1,2,0,1,PP,"[[1, 1, 1], [1, 1]]",5,6,0.000731,20,0,0,0,0,0,0,True
139,5,2,"[3, 2]","[[1, 2, 2], [3, 3]]",1,2,0,2,PP,"[[1, 2], [2]]",3,2,0.0007065,20,0,0,0,0,0,0,True
139,5,2,"[3, 2]","[[1, 2, 2], [3, 3]]",1,2,0,3,PP,"[[1, 2], [2]]",3,2,0.000721,20,0,0,0,0,0,0,True
139,5,2,"[3, 2]","[[1, 2, 2], [3, 3]]",1,2,0,5,PP,"[[1, 2], [2]]",3,2,0.000726,20,0,0,0,0,0,0,True
139,5,2,"[3, 2]","[[1, 2, 2], [3, 3]]",1,2,1,1,PP,"[[1, 1, 1], [1, 1]]",5,6,0.000751,20,0,0,0,0,0,0,True
139,5,2,"[3, 2]","[[1, 2, 2], [3, 3]]",1,2,1,2,PP,"[[2, 1], [2]]",3,2,0.0008115,20,0,0,0,0,0,0,True
139,5,2,"[3, 2]","[[1, 2, 2], [3, 3]]",1,2,1,3,PP,"[[3], [2]]",2,1,0.000801,20,0,0,0,0,0,0,True
139,5,2,"[3, 2]","[[1, 2, 2], [3, 3]]",1,2,1,5,PP,"[[3], [2]]",2,1,0.0007915,20,0,0,0,0,0,0,True
139,5,2,"[3, 2]","[[1, 2, 2], [3, 3]]",1,2,2,1,PP,"[[1, 1, 1], [1, 1]]",5,6,0.0008015,20,0,0,0,0,0,0,True
139,5,2,"[3, 2]","[[1, 2, 2], [3, 3]]",1,2,2,2,PP,"[[2, 1], [2]]",3,2,0.000821,20,0,0,0,0,4,4/5,True
139,5,2,"[3, 2]","[[1, 2, 2], [3, 3]]",1,2,2,3,PP,"[[3], [2]]",2,1,0.000801,20,0,0,0,0,6,6/5,True
139,5,2,"[3, 2]","[[1, 2, 2], [3, 3]]",1,2,2,5,PP,"[[3], [2]]",2,1,0.000801,20,0,0,0,0,8,8/5,True
139,5,2,"[3, 2]","[[1, 2, 2], [3, 3]]",1,2,3,1,PP,"[[1, 1, 1], [1, 1]]",5,6,0.0008065,20,0,0,0,0,0,0,True
139,5,2,"[3, 2]","[[1, 2, 2], [3, 3]]",1,2,3,2,PP,"[[2, 1], [2]]",3,2,0.000811,20,0,0,0,0,12,12/5,True
139,5,2,"[3, 2]","[[1, 2, 2], [3, 3]]",1,2,3,3,PP,"[[3], [2]]",2,1,0.000811,20,0,0,0,0,18,18/5,True
139,5,2,"[3, 2]","[[1, 2, 2], [3, 3]]",1,2,3,5,PP,"[[3], [2]]",2,1,0.000801,20,0,0,0,0,24,24/5,True
140,5,2,"[3, 2]","[[1, 2, 3], [0, 0]]",1,2,0,1,PP,"[[1, 1, 1], [1, 1]]",5,6,0.000806,20,0,0,0,0,0,0,True
140,5,2,"[3, 2]","[[1, 2, 3], [0, 0]]",1,2,0,2,PP,"[[1, 1, 1], [2]]",4,3,0.0008215,20,0,0,0,0,0,0,True
140,5,2,"[3, 2]","[[1, 2, 3], [0, 0]]",1,2,0,3,PP,"[[1, 1, 1], [2]]",4,3,0.000811,20,0,0,0,0,0,0,True
140,5,2,"[3, 2]","[[1, 2, 3], [0, 0]]",1,2,0,5,PP,"[[1, 1, 1], [2]]",4,3,0.0008015,20,0,0,0,0,0,0,True
140,5,2,"[3, 2]","[[1, 2, 3], [0, 0]]",1,2,1,1,PP,"[[1, 1, 1], [1, 1]]",5,6,0.000816,20,0,0,0,0,0,0,True
140,5,2,"[3, 2]","[[1, 2, 3], [0, 0]]",1,2,1,2,PP,"[[2, 1], [2]]",3,2,0.000841,20,0,0,0,0,0,0,True
140,5,2,"[3, 2]","[[1, 2, 3], [0, 0]]",1,2,1,3,PP,"[[3], [2]]",2,1,0.000806,20,0,0,0,0,0,0,True
140,5,2,"[3, 2]","[[1, 2, 3], [0, 0]]",1,2,1,5,PP,"[[3], [2]]",2,1,0.0007915,20,0,0,0,0,0,0,True
140,5,2,"[3, 2]","[[1, 2, 3], [0, 0]]",1,2,2,1,PP,"[[1, 1, 1], [1, 1]]",5,6,0.0008015,20,0,0,0,0,0,0,True
140,5,2,"[3, 2]","[[1, 2, 3], [0, 0]]",1,2,2,2,PP,"[[2, 1], [2]]",3,2,0.000826,20,0,0,0,0,4,4/5,True
140,5,2,"[3, 2]","[[1, 2, 3], [0, 0]]",1,2,2,3,PP,"[[3], [2]]",2,1,0.000781,20,0,0,0,0,6,6/5,True
140,5,2,"[3, 2]","[[1, 2, 3], [0, 0]]",1,2,2,5,PP,"[[3], [2]]",2,1,0.000791,20,0,0,0,0,8,8/5,True
140,5,2,"[3, 2]","[[1, 2, 3], [0, 0]]",1,2,3,1,PP,"[[1, 1, 1], [1, 1]]",5,6,0.000801,20,0,0,0,0,0,0,True
140,5,2,"[3, 2]","[[1, 2, 3], [0, 0]]",1,2,3,2,PP,"[[2, 1], [2]]",3,2,0.0008065,20,0,0,0,0,12,12/5,True
140,5,2,"[3, 2]","[[1, 2, 3], [0, 0]]",1,2,3,3,PP,"[[3], [2]]",2,1,0.000791,20,0,0,0,0,18,18/5,True
140,5,2,"[3, 2]","[[1, 2, 3], [0, 0]]",1,2,3,5,PP,"[[3], [2]]",2,1,0.000801,20,0,0,0,0,24,24/5,True
141,5,2,"[3, 2]","[[1, 2, 3], [0, 1]]",1,2,0,1,PP,"[[1, 1, 1], [1, 1]]",5,6,0.000816,20,0,0,0,0,0,0,True
141,5,2,"[3, 2]","[[1, 2, 3], [0, 1]]",1,2,0,2,PP,"[[1, 1, 1], [1, 1]]",5,6,0.000811,20,0,0,0,0,0,0,True
141,5,2,"[3, 2]","[[1, 2, 3], [0, 1]]",1,2,0,3,PP,"[[1, 1, 1], [1, 1]]",5,6,0.0007915,20,0,0,0,0,0,0,True
141,5,2,"[3, 2]","[[1, 2, 3], [0, 1]]",1,2,0,5,PP,"[[1, 1, 1], [1, 1]]",5,6,0.000802,20,0,0,0,0,0,0,True
141,5,2,"[3, 2]","[[1, 2, 3], [0, 1]]",1,2,1,1,PP,"[[1, 1, 1], [1, 1]]",5,6,0.0008165,20,0,0,0,0,0,0,True
141,5,2,"[3, 2]","[[1, 2, 3], [0, 1]]",1,2,1,2,PP,"[[2, 1], [2]]",3,2,0.000801,20,0,0,0,0,0,0,True
141,5,2,"[3, 2]","[[1, 2, 3], [0, 1]]",1,2,1,3,PP,"[[3], [2]]",2,1,0.0007965,20,0,0,0,0,0,0,True
141,5,2,"[3, 2]","[[1, 2, 3], [0, 1]]",1,2,1,5,PP,"[[3], [2]]",2,1,0.0007915,20,0,0,0,0,0,0,True
141,5,2,"[3, 2]","[[1, 2, 3], [0, 1]]",1,2,2,1,PP,"[[1, 1, 1], [1, 1]]",5,6,0.0007965,20,0,0,0,0,0,0,True
141,5,2,"[3, 2]","[[1, 2, 3], [0, 1]]",1,2,2,2,PP,"[[2, 1], [2]]",3,2,0.000726,20,0,0,0,0,4,4/5,True
141,5,2,"[3, 2]","[[1, 2, 3], [0, 1]]",1,2,2,3,PP,"[[3], [2]]",2,1,0.000731,20,0,0,0,0,6,6/5,True
141,5,2,"[3, 2]","[[1, 2, 3], [0, 1]]",1,2,2,5,PP,"[[3], [2]]",2,1,0.000726,20,0,0,0,0,8,8/5,True
141,5,2,"[3, 2]","[[1, 2, 3], [0, 1]]",1,2,3,1,PP,"[[1, 1, 1], [1, 1]]",5,6,0.000746,20,0,0,0,0,0,0,True
141,5,2,"[3, 2]","[[1, 2, 3], [0, 1]]",1,2,3,2,PP,"[[2, 1], [2]]",3,2,0.000741,20,0,0,0,0,12,12/5,True
141,5,2,"[3, 2]","[[1, 2, 3], [0, 1]]",1,2,3,3,PP,"[[3], [2]]",2,1,0.000757,20,0,0,0,0,18,18/5,True
141,5,2,"[3, 2]","[[1, 2, 3], [0, 1]]",1,2,3,5,PP,"[[3], [2]]",2,1,0.0007465,20,0,0,0,0,24,24/5,True
142,5,2,"[3, 2]","[[1, 2, 3], [0, 2]]",1,2,0,1,PP,"[[1, 1, 1], [1, 1]]",5,6,0.000736,20,0,0,0,0,0,0,True
142,5,2,"[3, 2]","[[1, 2, 3], [0, 2]]",1,2,0,2,PP,"[[1, 1, 1], [1, 1]]",5,6,0.0007115,20,0,0,0,0,0,0,True
142,5,2,"[3, 2]","[[1, 2, 3], [0, 2]]",1,2,0,3,PP,"[[1, 1, 1], [1, 1]]",5,6,0.000716,20,0,0,0,0,0,0,True
142,5,2,"[3, 2]","[[1, 2, 3], [0, 2]]",1,2,0,5,PP,"[[1, 1, 1], [1, 1]]",5,6,0.000716,20,0,0,0,0,0,0,True
142,5,2,"[3, 2]","[[1, 2, 3], [0, 2]]",1,2,1,1,PP,"[[1, 1, 1], [1, 1]]",5,6,0.000731,20,0,0,0,0,0,0,True
142,5,2,"[3, 2]","[[1, 2, 3], [0, 2]]",1,2,1,2,PP,"[[2, 1], [1, 1]]",4,4,0.000741,20,0,0,0,0,0,0,True
142,5,2,"[3, 2]","[[1, 2, 3], [0, 2]]",1,2,1,3,PP,"[[3], [1, 1]]",3,2,0.000721,20,0,0,0,0,0,0,True
142,5,2,"[3, 2]","[[1, 2, 3], [0, 2]]",1,2,1,5,PP,"[[3], [1, 1]]",3,2,0.000726,20,0,0,0,0,0,0,True
142,5,2,"[3, 2]","[[1, 2, 3], [0, 2]]",1,2,2,1,PP,"[[1, 1, 1], [1, 1]]",5,6,0.000721,20,0,0,0,0,0,0,True
142,5,2,"[3, 2]","[[1, 2, 3], [0, 2]]",1,2,2,2,PP,"[[2, 1], [2]]",3,2,0.000721,20,2,2/5,2,2/5,4,4/5,True
142,5,2,"[3, 2]","[[1, 2, 3], [0, 2]]",1,2,2,3,PP,"[[3], [2]]",2,1,0.000711,20,2,2/5,2,2/5,6,6/5,True
142,5,2,"[3, 2]","[[1, 2, 3], [0, 2]]",1,2,2,5,PP,"[[3], [2]]",2,1,0.000731,20,2,2/5,2,2/5,8,8/5,True
142,5,2,"[3, 2]","[[1, 2, 3], [0, 2]]",1,2,3,1,PP,"[[1, 1, 1], [1, 1]]",5,6,0.000721,20,0,0,0,0,0,0,True
142,5,2,"[3, 2]","[[1, 2, 3], [0, 2]]",1,2,3,2,PP,"[[2, 1], [2]]",3,2,0.000731,20,2,2/5,2,2/5,12,12/5,True
142,5,2,"[3, 2]","[[1, 2, 3], [0, 2]]",1,2,3,3,PP,"[[3], [2]]",2,1,0.000711,20,2,2/5,2,2/5,18,18/5,True
142,5,2,"[3, 2]","[[1, 2, 3], [0, 2]]",1,2,3,5,PP,"[[3], [2]]",2,1,0.000721,20,2,2/5,2,2/5,24,24/5,True
143,5,2,"[3, 2]","[[1, 2, 3], [0, 3]]",1,2,0,1,PP,"[[1, 1, 1], [1, 1]]",5,6,0.000711,20,0,0,0,0,0,0,True
143,5,2,"[3, 2]","[[1, 2, 3], [0, 3]]",1,2,0,2,PP,"[[1, 1, 1], [1, 1]]",5,6,0.000741,20,0,0,0,0,0,0,True
143,5,2,"[3, 2]","[[1, 2, 3], [0, 3]]",1,2,0,3,PP,"[[1, 1, 1], [1, 1]]",5,6,0.0007215,20,0,0,0,0,0,0,True
143,5,2,"[3, 2]","[[1, 2, 3], [0, 3]]",1,2,0,5,PP,"[[1, 1, 1], [1, 1]]",5,6,0.000731,20,0,0,0,0,0,0,True
143,5,2,"[3, 2]","[[1, 2, 3], [0, 3]]",1,2,1,1,PP,"[[1, 1, 1], [1, 1]]",5,6,0.0007565,20,0,0,0,0,0,0,True
143,5,2,"[3, 2]","[[1, 2, 3], [0, 3]]",1,2,1,2,PP,"[[2, 1], [1, 1]]",4,4,0.000731,20,0,0,0,0,0,0,True
143,5,2,"[3, 2]","[[1, 2, 3], [0, 3]]",1,2,1,3,PP,"[[3], [1, 1]]",3,2,0.000726,20,0,0,0,0,0,0,True
143,5,2,"[3, 2]","[[1, 2, 3], [0, 3]]",1,2,1,5,PP,"[[3], [1, 1]]",3,2,0.000721,20,0,0,0,0,0,0,True
143,5,2,"[3, 2]","[[1, 2, 3], [0, 3]]",1,2,2,1,PP,"[[1, 1, 1], [1, 1]]",5,6,0.000751,20,0,0,0,0,0,0,True
143,5,2,"[3, 2]","[[1, 2, 3], [0, 3]]",1,2,2,2,PP,"[[2, 1], [1, 1]]",4,4,0.000761,20,0,0,0,0,4,4/5,True
143,5,2,"[3, 2]","[[1, 2, 3], [0, 3]]",1,2,2,3,PP,"[[3], [1, 1]]",3,2,0.000721,20,0,0,0,0,6,6/5,True
143,5,2,"[3, 2]","[[1, 2, 3], [0, 3]]",1,2,2,5,PP,"[[3], [1, 1]]",3,2,0.000726,20,0,0,0,0,8,8/5,True
143,5,2,"[3, 2]","[[1, 2, 3], [0, 3]]",1,2,3,1,PP,"[[1, 1, 1], [1, 1]]",5,6,0.000731,20,0,0,0,0,0,0,True
143,5,2,"[3, 2]","[[1, 2, 3], [0, 3]]",1,2,3,2,PP,"[[2, 1], [2]]",3,2,0.000746,20,2,2/5,6,6/5,12,12/5,True
143,5,2,"[3, 2]","[[1, 2, 3], [0, 3]]",1,2,3,3,PP,"[[3], [2]]",2,1,0.000711,20,2,2/5,6,6/5,18,18/5,True
143,5,2,"[3, 2]","[[1, 2, 3], [0, 3]]",1,2,3,5,PP,"[[3], [2]]",2,1,0.000711,20,2,2/5,6,6/5,24,24/5,True
144,5,2,"[3, 2]","[[1, 2, 3], [1, 1]]",1,2,0,1,PP,"[[1, 1, 1], [1, 1]]",5,6,0.000721,20,0,0,0,0,0,0,True
144,5,2,"[3, 2]","[[1, 2, 3], [1, 1]]",1,2,0,2,PP,"[[1, 1, 1], [2]]",4,3,0.000716,20,0,0,0,0,0,0,True
144,5,2,"[3, 2]","[[1, 2, 3], [1, 1]]",1,2,0,3,PP,"[[1, 1, 1], [2]]",4,3,0.000716,20,0,0,0,0,0,0,True
144,5,2,"[3, 2]","[[1, 2, 3], [1, 1]]",1,2,0,5,PP,"[[1, 1, 1], [2]]",4,3,0.000741,20,0,0,0,0,0,0,True
144,5,2,"[3, 2]","[[1, 2, 3], [1, 1]]",1,2,1,1,PP,"[[1, 1, 1], [1, 1]]",5,6,0.000736,20,0,0,0,0,0,0,True
144,5,2,"[3, 2]","[[1, 2, 3], [1, 1]]",1,2,1,2,PP,"[[2, 1], [2]]",3,2,0.000701,20,0,0,0,0,0,0,True
144,5,2,"[3, 2]","[[1, 2, 3], [1, 1]]",1,2,1,3,PP,"[[3], [2]]",2,1,0.000721,20,0,0,0,0,0,0,True
144,5,2,"[3, 2]","[[1, 2, 3], [1, 1]]",1,2,1,5,PP,"[[3], [2]]",2,1,0.000731,20,0,0,0,0,0,0,True
144,5,2,"[3, 2]","[[1, 2, 3], [1, 1]]",1,2,2,1,PP,"[[1, 1, 1], [1, 1]]",5,6,0.0007415,20,0,0,0,0,0,0,True
144,5,2,"[3, 2]","[[1, 2, 3], [1, 1]]",1,2,2,2,PP,"[[2, 1], [2]]",3,2,0.000721,20,0,0,0,0,4,4/5,True
144,5,2,"[3, 2]","[[1, 2, 3], [1, 1]]",1,2,2,3,PP,"[[3], [2]]",2,1,0.0007265,20,0,0,0,0,6,6/5,True
144,5,2,"[3, 2]","[[1, 2, 3], [1, 1]]",1,2,2,5,PP,"[[3], [2]]",2,1,0.000731,20,0,0,0,0,8,8/5,True
144,5,2,"[3, 2]","[[1, 2, 3], [1, 1]]",1,2,3,1,PP,"[[1, 1, 1], [1, 1]]",5,6,0.000731,20,0,0,0,0,0,0,True
144,5,2,"[3, 2]","[[1, 2, 3], [1, 1]]",1,2,3,2,PP,"[[2, 1], [2]]",3,2,0.000746,20,0,0,0,0,12,12/5,True
144,5,2,"[3, 2]","[[1, 2, 3], [1, 1]]",1,2,3,3,PP,"[[3], [2]]",2,1,0.000741,20,0,0,0,0,18,18/5,True
144,5,2,"[3, 2]","[[1, 2, 3], [1, 1]]",1,2,3,5,PP,"[[3], [2]]",2,1,0.000726,20,0,0,0,0,24,24/5,True
145,5,2,"[3, 2]","[[1, 2, 3], [1, 2]]",1,2,0,1,PP,"[[1, 1, 1], [1, 1]]",5,6,0.000741,20,0,0,0,0,0,0,True
145,5,2,"[3, 2]","[[1, 2, 3], [1, 2]]",1,2,0,2,PP,"[[1, 1, 1], [1, 1]]",5,6,0.000736,20,0,0,0,0,0,0,True
145,5,2,"[3, 2]","[[1, 2, 3], [1, 2]]",1,2,0,3,PP,"[[1, 1, 1], [1, 1]]",5,6,0.000726,20,0,0,0,0,0,0,True
145,5,2,"[3, 2]","[[1, 2, 3], [1, 2]]",1,2,0,5,PP,"[[1, 1, 1], [1, 1]]",5,6,0.000711,20,0,0,0,0,0,0,True
145,5,2,"[3, 2]","[[1, 2, 3], [1, 2]]",1,2,1,1,PP,"[[1, 1, 1], [1, 1]]",5,6,0.000731,20,0,0,0,0,0,0,True
145,5,2,"[3, 2]","[[1, 2, 3], [1, 2]]",1,2,1,2,PP,"[[2, 1], [2]]",3,2,0.000741,20,0,0,0,0,0,0,True
145,5,2,"[3, 2]","[[1, 2, 3], [1, 2]]",1,2,1,3,PP,"[[3], [2]]",2,1,0.000721,20,0,0,0,0,0,0,True
145,5,2,"[3, 2]","[[1, 2, 3], [1, 2]]",1,2,1,5,PP,"[[3], [2]]",2,1,0.000731,20,0,0,0,0,0,0,True
145,5,2,"[3, 2]","[[1, 2, 3], [1, 2]]",1,2,2,1,PP,"[[1, 1, 1], [1, 1]]",5,6,0.000741,20,0,0,0,0,0,0,True
145,5,2,"[3, 2]","[[1, 2, 3], [1, 2]]",1,2,2,2,PP,"[[2, 1], [2]]",3,2,0.0007365,20,0,0,0,0,4,4/5,True
145,5,2,"[3, 2]","[[1, 2, 3], [1, 2]]",1,2,2,3,PP,"[[3], [2]]",2,1,0.000731,20,0,0,0,0,6,6/5,True
145,5,2,"[3, 2]","[[1, 2, 3], [1, 2]]",1,2,2,5,PP,"[[3], [2]]",2,1,0.000721,20,0,0,0,0,8,8/5,True
145,5,2,"[3, 2]","[[1, 2, 3], [1, 2]]",1,2,3,1,PP,"[[1, 1, 1], [1, 1]]",5,6,0.000746,20,0,0,0,0,0,0,True
145,5,2,"[3, 2]","[[1, 2, 3], [1, 2]]",1,2,3,2,PP,"[[2, 1], [2]]",3,2,0.000721,20,0,0,0,0,12,12/5,True
145,5,2,"[3, 2]","[[1, 2, 3], [1, 2]]",1,2,3,3,PP,"[[3], [2]]",2,1,0.000721,20,0,0,0,0,18,18/5,True
145,5,2,"[3, 2]","[[1, 2, 3], [1, 2]]",1,2,3,5,PP,"[[3], [2]]",2,1,0.000741,20,0,0,0,0,24,24/5,True
146,5,2,"[3, 2]","[[1, 2, 3], [1, 3]]",1,2,0,1,PP,"[[1, 1, 1], [1, 1]]",5,6,0.000751,20,0,0,0,0,0,0,True
146,5,2,"[3, 2]","[[1, 2, 3], [1, 3]]",1,2,0,2,PP,"[[1, 1, 1], [1, 1]]",5,6,0.000711,20,0,0,0,0,0,0,True
146,5,2,"[3, 2]","[[1, 2, 3], [1, 3]]",1,2,0,3,PP,"[[1, 1, 1], [1, 1]]",5,6,0.000726,20,0,0,0,0,0,0,True
146,5,2,"[3, 2]","[[1, 2, 3], [1, 3]]",1,2,0,5,PP,"[[1, 1, 1], [1, 1]]",5,6,0.0007315,20,0,0,0,0,0,0,True
146,5,2,"[3, 2]","[[1, 2, 3], [1, 3]]",1,2,1,1,PP,"[[1, 1, 1], [1, 1]]",5,6,0.0007365,20,0,0,0,0,0,0,True
146,5,2,"[3, 2]","[[1, 2, 3], [1, 3]]",1,2,1,2,PP,"[[2, 1], [1, 1]]",4,4,0.000731,20,0,0,0,0,0,0,True
146,5,2,"[3, 2]","[[1, 2, 3], [1, 3]]",1,2,1,3,PP,"[[3], [1, 1]]",3,2,0.000736,20,0,0,0,0,0,0,True
146,5,2,"[3, 2]","[[1, 2, 3], [1, 3]]",1,2,1,5,PP,"[[3], [1, 1]]",3,2,0.000736,20,0,0,0,0,0,0,True
146,5,2,"[3, 2]","[[1, 2, 3], [1, 3]]",1,2,2,1,PP,"[[1, 1, 1], [1, 1]]",5,6,0.000766,20,0,0,0,0,0,0,True
146,5,2,"[3, 2]","[[1, 2, 3], [1, 3]]",1,2,2,2,PP,"[[2, 1], [2]]",3,2,0.000751,20,0,0,2,2/5,4,4/5,True
146,5,2,"[3, 2]","[[1, 2, 3], [1, 3]]",1,2,2,3,PP,"[[3], [2]]",2,1,0.000721,20,0,0,2,2/5,6,6/5,True
146,5,2,"[3, 2]","[[1, 2, 3], [1, 3]]",1,2,2,5,PP,"[[3], [2]]",2,1,0.000731,20,0,0,2,2/5,8,8/5,True
146,5,2,"[3, 2]","[[1, 2, 3], [1, 3]]",1,2,3,1,PP,"[[1, 1, 1], [1, 1]]",5,6,0.000756,20,0,0,0,0,0,0,True
146,5,2,"[3, 2]","[[1, 2, 3], [1, 3]]",1,2,3,2,PP,"[[2, 1], [2]]",3,2,0.000751,20,0,0,2,2/5,12,12/5,True
146,5,2,"[3, 2]","[[1, 2, 3], [1, 3]]",1,2,3,3,PP,"[[3], [2]]",2,1,0.0007315,20,0,0,2,2/5,18,18/5,True
146,5,2,"[3, 2]","[[1, 2, 3], [1, 3]]",1,2,3,5,PP,"[[3], [2]]",2,1,0.000726,20,0,0,2,2/5,24,24/5,True
147,5,2,"[3, 2]","[[1, 2, 3], [2, 2]]",1,2,0,1,PP,"[[1, 1, 1], [1, 1]]",5,6,0.000746,20,0,0,0,0,0,0,True
147,5,2,"[3, 2]","[[1, 2, 3], [2, 2]]",1,2,0,2,PP,"[[1, 1, 1], [2]]",4,3,0.000731,20,0,0,0,0,0,0,True
147,5,2,"[3, 2]","[[1, 2, 3], [2, 2]]",1,2,0,3,PP,"[[1, 1, 1], [2]]",4,3,0.000751,20,0,0,0,0,0,0,True
147,5,2,"[3, 2]","[[1, 2, 3], [2, 2]]",1,2,0,5,PP,"[[1, 1, 1], [2]]",4,3,0.0007315,20,0,0,0,0,0,0,True
147,5,2,"[3, 2]","[[1, 2, 3], [2, 2]]",1,2,1,1,PP,"[[1, 1, 1], [1, 1]]",5,6,0.0007365,20,0,0,0,0,0,0,True
147,5,2,"[3, 2]","[[1, 2, 3], [2, 2]]",1,2,1,2,PP,"[[2, 1], [2]]",3,2,0.000741,20,0,0,0,0,0,0,True
147,5,2,"[3, 2]","[[1, 2, 3], [2, 2]]",1,2,1,3,PP,"[[3], [2]]",2,1,0.000721,20,0,0,0,0,0,0,True
147,5,2,"[3, 2]","[[1, 2, 3], [2, 2]]",1,2,1,5,PP,"[[3], [2]]",2,1,0.000726,20,0,0,0,0,0,0,True
147,5,2,"[3, 2]","[[1, 2, 3], [2, 2]]",1,2,2,1,PP,"[[1, 1, 1], [1, 1]]",5,6,0.000742,20,0,0,0,0,0,0,True
147,5,2,"[3, 2]","[[1, 2, 3], [2, 2]]",1,2,2,2,PP,"[[2, 1], [2]]",3,2,0.000731,20,0,0,0,0,4,4/5,True
147,5,2,"[3, 2]","[[1, 2, 3], [2, 2]]",1,2,2,3,PP,"[[3], [2]]",2,1,0.000731,20,0,0,0,0,6,6/5,True
147,5,2,"[3, 2]","[[1, 2, 3], [2, 2]]",1,2,2,5,PP,"[[3], [2]]",2,1,0.0007065,20,0,0,0,0,8,8/5,True
147,5,2,"[3, 2]","[[1, 2, 3], [2, 2]]",1,2,3,1,PP,"[[1, 1, 1], [1, 1]]",5,6,0.000731,20,0,0,0,0,0,0,True
147,5,2,"[3, 2]","[[1, 2, 3], [2, 2]]",1,2,3,2,PP,"[[2, 1], [2]]",3,2,0.000741,20,0,0,0,0,12,12/5,True
147,5,2,"[3, 2]","[[1, 2, 3], [2, 2]]",1,2,3,3,PP,"[[3], [2]]",2,1,0.000731,20,0,0,0,0,18,18/5,True
147,5,2,"[3, 2]","[[1, 2, 3], [2, 2]]",1,2,3,5,PP,"[[3], [2]]",2,1,0.000736,20,0,0,0,0,24,24/5,True
148,5,2,"[3, 2]","[[1, 2, 3], [2, 3]]",1,2,0,1,PP,"[[1, 1, 1], [1, 1]]",5,6,0.0007515,20,0,0,0,0,0,0,True
148,5,2,"[3, 2]","[[1, 2, 3], [2, 3]]",1,2,0,2,PP,"[[1, 1, 1], [1, 1]]",5,6,0.000731,20,0,0,0,0,0,0,True
148,5,2,"[3, 2]","[[1, 2, 3], [2, 3]]",1,2,0,3,PP,"[[1, 1, 1], [1, 1]]",5,6,0.000731,20,0,0,0,0,0,0,True
148,5,2,"[3, 2]","[[1, 2, 3], [2, 3]]",1,2,0,5,PP,"[[1, 1, 1], [1, 1]]",5,6,0.000726,20,0,0,0,0,0,0,True
148,5,2,"[3, 2]","[[1, 2, 3], [2, 3]]",1,2,1,1,PP,"[[1, 1, 1], [1, 1]]",5,6,0.000771,20,0,0,0,0,0,0,True
148,5,2,"[3, 2]","[[1, 2, 3], [2, 3]]",1,2,1,2,PP,"[[2, 1], [2]]",3,2,0.0007415,20,0,0,0,0,0,0,True
148,5,2,"[3, 2]","[[1, 2, 3], [2, 3]]",1,2,1,3,PP,"[[3], [2]]",2,1,0.0007565,20,0,0,0,0,0,0,True
148,5,2,"[3, 2]","[[1, 2, 3], [2, 3]]",1,2,1,5,PP,"[[3], [2]]",2,1,0.000741,20,0,0,0,0,0,0,True
148,5,2,"[3, 2]","[[1, 2, 3], [2, 3]]",1,2,2,1,PP,"[[1, 1, 1], [1, 1]]",5,6,0.000751,20,0,0,0,0,0,0,True
148,5,2,"[3, 2]","[[1, 2, 3], [2, 3]]",1,2,2,2,PP,"[[2, 1], [2]]",3,2,0.000751,20,0,0,0,0,4,4/5,True
148,5,2,"[3, 2]","[[1, 2, 3], [2, 3]]",1,2,2,3,PP,"[[3], [2]]",2,1,0.0007165,20,0,0,0,0,6,6/5,True
148,5,2,"[3, 2]","[[1, 2, 3], [2, 3]]",1,2,2,5,PP,"[[3], [2]]",2,1,0.0007215,20,0,0,0,0,8,8/5,True
148,5,2,"[3, 2]","[[1, 2, 3], [2, 3]]",1,2,3,1,PP,"[[1, 1, 1], [1, 1]]",5,6,0.000741,20,0,0,0,0,0,0,True
148,5,2,"[3, 2]","[[1, 2, 3], [2, 3]]",1,2,3,2,PP,"[[2, 1], [2]]",3,2,0.000756,20,0,0,0,0,12,12/5,True
148,5,2,"[3, 2]","[[1, 2, 3], [2, 3]]",1,2,3,3,PP,"[[3], [2]]",2,1,0.000736,20,0,0,0,0,18,18/5,True
148,5,2,"[3, 2]","[[1, 2, 3], [2, 3]]",1,2,3,5,PP,"[[3], [2]]",2,1,0.0007865,20,0,0,0,0,24,24/5,True
149,5,2,"[3, 2]","[[1, 2, 3], [3, 3]]",1,2,0,1,PP,"[[1, 1, 1], [1, 1]]",5,6,0.000741,20,0,0,0,0,0,0,True
149,5,2,"[3, 2]","[[1, 2, 3], [3, 3]]",1,2,0,2,PP,"[[1, 1, 1], [2]]",4,3,0.0007315,20,0,0,0,0,0,0,True
149,5,2,"[3, 2]","[[1, 2, 3], [3, 3]]",1,2,0,3,PP,"[[1, 1, 1], [2]]",4,3,0.000711,20,0,0,0,0,0,0,True
149,5,2,"[3, 2]","[[1, 2, 3], [3, 3]]",1,2,0,5,PP,"[[1, 1, 1], [2]]",4,3,0.000721,20,0,0,0,0,0,0,True
149,5,2,"[3, 2]","[[1, 2, 3], [3, 3]]",1,2,1,1,PP,"[[1, 1, 1], [1, 1]]",5,6,0.000731,20,0,0,0,0,0,0,True
149,5,2,"[3, 2]","[[1, 2, 3], [3, 3]]",1,2,1,2,PP,"[[2, 1], [2]]",3,2,0.000736,20,0,0,0,0,0,0,True
149,5,2,"[3, 2]","[[1, 2, 3], [3, 3]]",1,2,1,3,PP,"[[3], [2]]",2,1,0.000741,20,0,0,0,0,0,0,True
149,5,2,"[3, 2]","[[1, 2, 3], [3, 3]]",1,2,1,5,PP,"[[3], [2]]",2,1,0.000721,20,0,0,0,0,0,0,True
149,5,2,"[3, 2]","[[1, 2, 3], [3, 3]]",1,2,2,1,PP,"[[1, 1, 1], [1, 1]]",5,6,0.000741,20,0,0,0,0,0,0,True
149,5,2,"[3, 2]","[[1, 2, 3], [3, 3]]",1,2,2,2,PP,"[[2, 1], [2]]",3,2,0.000731,20,0,0,0,0,4,4/5,True
149,5,2,"[3, 2]","[[1, 2, 3], [3, 3]]",1,2,2,3,PP,"[[3], [2]]",2,1,0.0007465,20,0,0,0,0,6,6/5,True
149,5,2,"[3, 2]","[[1, 2, 3], [3, 3]]",1,2,2,5,PP,"[[3], [2]]",2,1,0.000741,20,0,0,0,0,8,8/5,True
149,5,2,"[3, 2]","[[1, 2, 3], [3, 3]]",1,2,3,1,PP,"[[1, 1, 1], [1, 1]]",5,6,0.000746,20,0,0,0,0,0,0,True
149,5,2,"[3, 2]","[[1, 2, 3], [3, 3]]",1,2,3,2,PP,"[[2, 1], [2]]",3,2,0.000721,20,0,0,0,0,12,12/5,True
149,5,2,"[3, 2]","[[1, 2, 3], [3, 3]]",1,2,3,3,PP,"[[3], [2]]",2,1,0.000711,20,0,0,0,0,18,18/5,True
149,5,2,"[3, 2]","[[1, 2, 3], [3, 3]]",1,2,3,5,PP,"[[3], [2]]",2,1,0.000721,20,0,0,0,0,24,24/5,True
150,5,2,"[3, 2]","[[1, 3, 3], [0, 0]]",1,2,0,1,PP,"[[1, 1, 1], [1, 1]]",5,6,0.000731,20,0,0,0,0,0,0,True
150,5,2,"[3, 2]","[[1, 3, 3], [0, 0]]",1,2,0,2,PP,"[[1, 2], [2]]",3,2,0.000731,20,0,0,0,0,0,0,True
150,5,2,"[3, 2]","[[1, 3, 3], [0, 0]]",1,2,0,3,PP,"[[1, 2], [2]]",3,2,0.000716,20,0,0,0,0,0,0,True
150,5,2,"[3, 2]","[[1, 3, 3], [0, 0]]",1,2,0,5,PP,"[[1, 2], [2]]",3,2,0.000711,20,0,0,0,0,0,0,True
150,5,2,"[3, 2]","[[1, 3, 3], [0, 0]]",1,2,1,1,PP,"[[1, 1, 1], [1, 1]]",5,6,0.000721,20,0,0,0,0,0,0,True
150,5,2,"[3, 2]","[[1, 3, 3], [0, 0]]",1,2,1,2,PP,"[[1, 2], [2]]",3,2,0.000721,20,0,0,0,0,0,0,True
150,5,2,"[3, 2]","[[1, 3, 3], [0, 0]]",1,2,1,3,PP,"[[1, 2], [2]]",3,2,0.000741,20,0,0,0,0,0,0,True
150,5,2,"[3, 2]","[[1, 3, 3], [0, 0]]",1,2,1,5,PP,"[[1, 2], [2]]",3,2,0.000726,20,0,0,0,0,0,0,True
150,5,2,"[3, 2]","[[1, 3, 3], [0, 0]]",1,2,2,1,PP,"[[1, 1, 1], [1, 1]]",5,6,0.000761,20,0,0,0,0,0,0,True
150,5,2,"[3, 2]","[[1, 3, 3], [0, 0]]",1,2,2,2,PP,"[[2, 1], [2]]",3,2,0.0007415,20,0,0,2,2/5,4,4/5,True
150,5,2,"[3, 2]","[[1, 3, 3], [0, 0]]",1,2,2,3,PP,"[[3], [2]]",2,1,0.000726,20,0,0,2,2/5,6,6/5,True
150,5,2,"[3, 2]","[[1, 3, 3], [0, 0]]",1,2,2,5,PP,"[[3], [2]]",2,1,0.000721,20,0,0,2,2/5,8,8/5,True
150,5,2,"[3, 2]","[[1, 3, 3], [0, 0]]",1,2,3,1,PP,"[[1, 1, 1], [1, 1]]",5,6,0.0007565,20,0,0,0,0,0,0,True
150,5,2,"[3, 2]","[[1, 3, 3], [0, 0]]",1,2,3,2,PP,"[[2, 1], [2]]",3,2,0.000716,20,0,0,2,2/5,12,12/5,True
150,5,2,"[3, 2]","[[1, 3, 3], [0, 0]]",1,2,3,3,PP,"[[3], [2]]",2,1,0.000761,20,0,0,2,2/5,18,18/5,True
150,5,2,"[3, 2]","[[1, 3, 3], [0, 0]]",1,2,3,5,PP,"[[3], [2]]",2,1,0.000731,20,0,0,2,2/5,24,24/5,True
151,5,2,"[3, 2]","[[1, 3, 3], [0, 1]]",1,2,0,1,PP,"[[1, 1, 1], [1, 1]]",5,6,0.000726,20,0,0,0,0,0,0,True
151,5,2,"[3, 2]","[[1, 3, 3], [0, 1]]",1,2,0,2,PP,"[[1, 2], [1, 1]]",4,4,0.000721,20,0,0,0,0,0,0,True
151,5,2,"[3, 2]","[[1, 3, 3], [0, 1]]",1,2,0,3,PP,"[[1, 2], [1, 1]]",4,4,0.000736,20,0,0,0,0,0,0,True
151,5,2,"[3, 2]","[[1, 3, 3], [0, 1]]",1,2,0,5,PP,"[[1, 2], [1, 1]]",4,4,0.000731,20,0,0,0,0,0,0,True
151,5,2,"[3, 2]","[[1, 3, 3], [0, 1]]",1,2,1,1,PP,"[[1, 1, 1], [1, 1]]",5,6,0.000721,20,0,0,0,0,0,0,True
151,5,2,"[3, 2]","[[1, 3, 3], [0, 1]]",1,2,1,2,PP,"[[1, 2], [2]]",3,2,0.000711,20,0,0,0,0,0,0,True
151,5,2,"[3, 2]","[[1, 3, 3], [0, 1]]",1,2,1,3,PP,"[[1, 2], [2]]",3,2,0.001112,20,0,0,0,0,0,0,True
151,5,2,"[3, 2]","[[1, 3, 3], [0, 1]]",1,2,1,5,PP,"[[1, 2], [2]]",3,2,0.000716,20,0,0,0,0,0,0,True
151,5,2,"[3, 2]","[[1, 3, 3], [0, 1]]",1,2,2,1,PP,"[[1, 1, 1], [1, 1]]",5,6,0.0007415,20,0,0,0,0,0,0,True
151,5,2,"[3, 2]","[[1, 3, 3], [0, 1]]",1,2,2,2,PP,"[[2, 1], [2]]",3,2,0.000731,20,0,0,2,2/5,4,4/5,True
151,5,2,"[3, 2]","[[1, 3, 3], [0, 1]]",1,2,2,3,PP,"[[3], [2]]",2,1,0.000711,20,0,0,2,2/5,6,6/5,True
151,5,2,"[3, 2]","[[1, 3, 3], [0, 1]]",1,2,2,5,PP,"[[3], [2]]",2,1,0.000721,20,0,0,2,2/5,8,8/5,True
151,5,2,"[3, 2]","[[1, 3, 3], [0, 1]]",1,2,3,1,PP,"[[1, 1, 1], [1, 1]]",5,6,0.000721,20,0,0,0,0,0,0,True
151,5,2,"[3, 2]","[[1, 3, 3], [0, 1]]",1,2,3,2,PP,"[[2, 1], [2]]",3,2,0.000736,20,0,0,2,2/5,12,12/5,True
151,5,2,"[3, 2]","[[1, 3, 3], [0, 1]]",1,2,3,3,PP,"[[3], [2]]",2,1,0.000721,20,0,0,2,2/5,18,18/5,True
151,5,2,"[3, 2]","[[1, 3, 3], [0, 1]]",1,2,3,5,PP,"[[3], [2]]",2,1,0.000731,20,0,0,2,2/5,24,24/5,True
152,5,2,"[3, 2]","[[1, 3, 3], [0, 2]]",1,2,0,1,PP,"[[1, 1, 1], [1, 1]]",5,6,0.000751,20,0,0,0,0,0,0,True
152,5,2,"[3, 2]","[[1, 3, 3], [0, 2]]",1,2,0,2,PP,"[[1, 2], [1, 1]]",4,4,0.000711,20,0,0,0,0,0,0,True
152,5,2,"[3, 2]","[[1, 3, 3], [0, 2]]",1,2,0,3,PP,"[[1, 2], [1, 1]]",4,4,0.000741,20,0,0,0,0,0,0,True
152,5,2,"[3, 2]","[[1, 3, 3], [0, 2]]",1,2,0,5,PP,"[[1, 2], [1, 1]]",4,4,0.0007115,20,0,0,0,0,0,0,True
152,5,2,"[3, 2]","[[1, 3, 3], [0, 2]]",1,2,1,1,PP,"[[1, 1, 1], [1, 1]]",5,6,0.000731,20,0,0,0,0,0,0,True
152,5,2,"[3, 2]","[[1, 3, 3], [0, 2]]",1,2,1,2,PP,"[[1, 2], [1, 1]]",4,4,0.0007115,20,0,0,0,0,0,0,True
152,5,2,"[3, 2]","[[1, 3, 3], [0, 2]]",1,2,1,3,PP,"[[1, 2], [1, 1]]",4,4,0.000721,20,0,0,0,0,0,0,True
152,5,2,"[3, 2]","[[1, 3, 3], [0, 2]]",1,2,1,5,PP,"[[1, 2], [1, 1]]",4,4,0.000731,20,0,0,0,0,0,0,True
152,5,2,"[3, 2]","[[1, 3, 3], [0, 2]]",1,2,2,1,PP,"[[1, 1, 1], [1, 1]]",5,6,0.0007415,20,0,0,0,0,0,0,True
152,5,2,"[3, 2]","[[1, 3, 3], [0, 2]]",1,2,2,2,PP,"[[2, 1], [2]]",3,2,0.000741,20,2,2/5,4,4/5,4,4/5,True
152,5,2,"[3, 2]","[[1, 3, 3], [0, 2]]",1,2,2,3,PP,"[[3], [2]]",2,1,0.0007415,20,2,2/5,4,4/5,6,6/5,True
152,5,2,"[3, 2]","[[1, 3, 3], [0, 2]]",1,2,2,5,PP,"[[3], [2]]",2,1,0.000706,20,2,2/5,4,4/5,8,8/5,True
152,5,2,"[3, 2]","[[1, 3, 3], [0, 2]]",1,2,3,1,PP,"[[1, 1, 1], [1, 1]]",5,6,0.000741,20,0,0,0,0,0,0,True
152,5,2,"[3, 2]","[[1, 3, 3], [0, 2]]",1,2,3,2,PP,"[[2, 1], [2]]",3,2,0.0007215,20,2,2/5,4,4/5,12,12/5,True
152,5,2,"[3, 2]","[[1, 3, 3], [0, 2]]",1,2,3,3,PP,"[[3], [2]]",2,1,0.000721,20,2,2/5,4,4/5,18,18/5,True
152,5,2,"[3, 2]","[[1, 3, 3], [0, 2]]",1,2,3,5,PP,"[[3], [2]]",2,1,0.0007065,20,2,2/5,4,4/5,24,24/5,True
153,5,2,"[3, 2]","[[1, 3, 3], [0, 3]]",1,2,0,1,PP,"[[1, 1, 1], [1, 1]]",5,6,0.0007165,20,0,0,0,0,0,0,True
153,5,2,"[3, 2]","[[1, 3, 3], [0, 3]]",1,2,0,2,PP,"[[1, 2], [1, 1]]",4,4,0.000721,20,0,0,0,0,0,0,True
153,5,2,"[3, 2]","[[1, 3, 3], [0, 3]]",1,2,0,3,PP,"[[1, 2], [1, 1]]",4,4,0.000721,20,0,0,0,0,0,0,True
153,5,2,"[3, 2]","[[1, 3, 3], [0, 3]]",1,2,0,5,PP,"[[1, 2], [1, 1]]",4,4,0.000711,20,0,0,0,0,0,0,True
153,5,2,"[3, 2]","[[1, 3, 3], [0, 3]]",1,2,1,1,PP,"[[1, 1, 1], [1, 1]]",5,6,0.000746,20,0,0,0,0,0,0,True
153,5,2,"[3, 2]","[[1, 3, 3], [0, 3]]",1,2,1,2,PP,"[[1, 2], [1, 1]]",4,4,0.000731,20,0,0,0,0,0,0,True
153,5,2,"[3, 2]","[[1, 3, 3], [0, 3]]",1,2,1,3,PP,"[[1, 2], [1, 1]]",4,4,0.000726,20,0,0,0,0,0,0,True
153,5,2,"[3, 2]","[[1, 3, 3], [0, 3]]",1,2,1,5,PP,"[[1, 2], [1, 1]]",4,4,0.000716,20,0,0,0,0,0,0,True
153,5,2,"[3, 2]","[[1, 3, 3], [0, 3]]",1,2,2,1,PP,"[[1, 1, 1], [1, 1]]",5,6,0.000736,20,0,0,0,0,0,0,True
153,5,2,"[3, 2]","[[1, 3, 3], [0, 3]]",1,2,2,2,PP,"[[2, 1], [1, 1]]",4,4,0.0007215,20,0,0,2,2/5,4,4/5,True
153,5,2,"[3, 2]","[[1, 3, 3], [0, 3]]",1,2,2,3,PP,"[[3], [1, 1]]",3,2,0.0008015,20,0,0,2,2/5,6,6/5,True
153,5,2,"[3, 2]","[[1, 3, 3], [0, 3]]",1,2,2,5,PP,"[[3], [1, 1]]",3,2,0.000782,20,0,0,2,2/5,8,8/5,True
153,5,2,"[3, 2]","[[1, 3, 3], [0, 3]]",1,2,3,1,PP,"[[1, 1, 1], [1, 1]]",5,6,0.0008315,20,0,0,0,0,0,0,True
153,5,2,"[3, 2]","[[1, 3, 3], [0, 3]]",1,2,3,2,PP,"[[2, 1], [2]]",3,2,0.0008415,20,6,6/5,8,8/5,12,12/5,True
153,5,2,"[3, 2]","[[1, 3, 3], [0, 3]]",1,2,3,3,PP,"[[3], [2]]",2,1,0.000801,20,6,6/5,8,8/5,18,18/5,True
153,5,2,"[3, 2]","[[1, 3, 3], [0, 3]]",1,2,3,5,PP,"[[3], [2]]",2,1,0.0007965,20,6,6/5,8,8/5,24,24/5,True
154,5,2,"[3, 2]","[[1, 3, 3], [1, 1]]",1,2,0,1,PP,"[[1, 1, 1], [1, 1]]",5,6,0.0008565,20,0,0,0,0,0,0,True
154,5,2,"[3, 2]","[[1, 3, 3], [1, 1]]",1,2,0,2,PP,"[[1, 2], [2]]",3,2,0.000811,20,0,0,0,0,0,0,True
154,5,2,"[3, 2]","[[1, 3, 3], [1, 1]]",1,2,0,3,PP,"[[1, 2], [2]]",3,2,0.000811,20,0,0,0,0,0,0,True
154,5,2,"[3, 2]","[[1, 3, 3], [1, 1]]",1,2,0,5,PP,"[[1, 2], [2]]",3,2,0.000801,20,0,0,0,0,0,0,True
154,5,2,"[3, 2]","[[1, 3, 3], [1, 1]]",1,2,1,1,PP,"[[1, 1, 1], [1, 1]]",5,6,0.000821,20,0,0,0,0,0,0,True
154,5,2,"[3, 2]","[[1, 3, 3], [1, 1]]",1,2,1,2,PP,"[[1, 2], [2]]",3,2,0.0007965,20,0,0,0,0,0,0,True
154,5,2,"[3, 2]","[[1, 3, 3], [1, 1]]",1,2,1,3,PP,"[[1, 2], [2]]",3,2,0.0007965,20,0,0,0,0,0,0,True
154,5,2,"[3, 2]","[[1, 3, 3], [1, 1]]",1,2,1,5,PP,"[[1, 2], [2]]",3,2,0.000811,20,0,0,0,0,0,0,True
154,5,2,"[3, 2]","[[1, 3, 3], [1, 1]]",1,2,2,1,PP,"[[1, 1, 1], [1, 1]]",5,6,0.0008165,20,0,0,0,0,0,0,True
154,5,2,"[3, 2]","[[1, 3, 3], [1, 1]]",1,2,2,2,PP,"[[2, 1], [2]]",3,2,0.000831,20,0,0,2,2/5,4,4/5,True
154,5,2,"[3, 2]","[[1, 3, 3], [1, 1]]",1,2,2,3,PP,"[[3], [2]]",2,1,0.000801,20,0,0,2,2/5,6,6/5,True
154,5,2,"[3, 2]","[[1, 3, 3], [1, 1]]",1,2,2,5,PP,"[[3], [2]]",2,1,0.000791,20,0,0,2,2/5,8,8/5,True
154,5,2,"[3, 2]","[[1, 3, 3], [1, 1]]",1,2,3,1,PP,"[[1, 1, 1], [1, 1]]",5,6,0.0008415,20,0,0,0,0,0,0,True
154,5,2,"[3, 2]","[[1, 3, 3], [1, 1]]",1,2,3,2,PP,"[[2, 1], [2]]",3,2,0.000801,20,0,0,2,2/5,12,12/5,True
154,5,2,"[3, 2]","[[1, 3, 3], [1, 1]]",1,2,3,3,PP,"[[3], [2]]",2,1,0.0007915,20,0,0,2,2/5,18,18/5,True
154,5,2,"[3, 2]","[[1, 3, 3], [1, 1]]",1,2,3,5,PP,"[[3], [2]]",2,1,0.0007915,20,0,0,2,2/5,24,24/5,True
155,5,2,"[3, 2]","[[1, 3, 3], [1, 2]]",1,2,0,1,PP,"[[1, 1, 1], [1, 1]]",5,6,0.000731,20,0,0,0,0,0,0,True
155,5,2,"[3, 2]","[[1, 3, 3], [1, 2]]",1,2,0,2,PP,"[[1, 2], [1, 1]]",4,4,0.000731,20,0,0,0,0,0,0,True
155,5,2,"[3, 2]","[[1, 3, 3], [1, 2]]",1,2,0,3,PP,"[[1, 2], [1, 1]]",4,4,0.000736,20,0,0,0,0,0,0,True
155,5,2,"[3, 2]","[[1, 3, 3], [1, 2]]",1,2,0,5,PP,"[[1, 2], [1, 1]]",4,4,0.0007215,20,0,0,0,0,0,0,True
155,5,2,"[3, 2]","[[1, 3, 3], [1, 2]]",1,2,1,1,PP,"[[1, 1, 1], [1, 1]]",5,6,0.000741,20,0,0,0,0,0,0,True
155,5,2,"[3, 2]","[[1, 3, 3], [1, 2]]",1,2,1,2,PP,"[[1, 2], [2]]",3,2,0.000726,20,0,0,0,0,0,0,True
155,5,2,"[3, 2]","[[1, 3, 3], [1, 2]]",1,2,1,3,PP,"[[1, 2], [2]]",3,2,0.000741,20,0,0,0,0,0,0,True
155,5,2,"[3, 2]","[[1, 3, 3], [1, 2]]",1,2,1,5,PP,"[[1, 2], [2]]",3,2,0.0007365,20,0,0,0,0,0,0,True
155,5,2,"[3, 2]","[[1, 3, 3], [1, 2]]",1,2,2,1,PP,"[[1, 1, 1], [1, 1]]",5,6,0.000751,20,0,0,0,0,0,0,True
155,5,2,"[3, 2]","[[1, 3, 3], [1, 2]]",1,2,2,2,PP,"[[2, 1], [2]]",3,2,0.000736,20,0,0,2,2/5,4,4/5,True
155,5,2,"[3, 2]","[[1, 3, 3], [1, 2]]",1,2,2,3,PP,"[[3], [2]]",2,1,0.000731,20,0,0,2,2/5,6,6/5,True
155,5,2,"[3, 2]","[[1, 3, 3], [1, 2]]",1,2,2,5,PP,"[[3], [2]]",2,1,0.000741,20,0,0,2,2/5,8,8/5,True
155,5,2,"[3, 2]","[[1, 3, 3], [1, 2]]",1,2,3,1,PP,"[[1, 1, 1], [1, 1]]",5,6,0.0007315,20,0,0,0,0,0,0,True
155,5,2,"[3, 2]","[[1, 3, 3], [1, 2]]",1,2,3,2,PP,"[[2, 1], [2]]",3,2,0.0007365,20,0,0,2,2/5,12,12/5,True
155,5,2,"[3, 2]","[[1, 3, 3], [1, 2]]",1,2,3,3,PP,"[[3], [2]]",2,1,0.000732,20,0,0,2,2/5,18,18/5,True
155,5,2,"[3, 2]","[[1, 3, 3], [1, 2]]",1,2,3,5,PP,"[[3], [2]]",2,1,0.000731,20,0,0,2,2/5,24,24/5,True
156,5,2,"[3, 2]","[[1, 3, 3], [1, 3]]",1,2,0,1,PP,"[[1, 1, 1], [1, 1]]",5,6,0.000746,20,0,0,0,0,0,0,True
156,5,2,"[3, 2]","[[1, 3, 3], [1, 3]]",1,2,0,2,PP,"[[1, 2], [1, 1]]",4,4,0.000716,20,0,0,0,0,0,0,True
156,5,2,"[3, 2]","[[1, 3, 3], [1, 3]]",1,2,0,3,PP,"[[1, 2], [1, 1]]",4,4,0.000726,20,0,0,0,0,0,0,True
156,5,2,"[3, 2]","[[1, 3, 3], [1, 3]]",1,2,0,5,PP,"[[1, 2], [1, 1]]",4,4,0.000731,20,0,0,0,0,0,0,True
156,5,2,"[3, 2]","[[1, 3, 3], [1, 3]]",1,2,1,1,PP,"[[1, 1, 1], [1, 1]]",5,6,0.0007365,20,0,0,0,0,0,0,True
156,5,2,"[3, 2]","[[1, 3, 3], [1, 3]]",1,2,1,2,PP,"[[1, 2], [1, 1]]",4,4,0.000721,20,0,0,0,0,0,0,True
156,5,2,"[3, 2]","[[1, 3, 3], [1, 3]]",1,2,1,3,PP,"[[1, 2], [1, 1]]",4,4,0.000726,20,0,0,0,0,0,0,True
156,5,2,"[3, 2]","[[1, 3, 3], [1, 3]]",1,2,1,5,PP,"[[1, 2], [1, 1]]",4,4,0.0007015,20,0,0,0,0,0,0,True
156,5,2,"[3, 2]","[[1, 3, 3], [1, 3]]",1,2,2,1,PP,"[[1, 1, 1], [1, 1]]",5,6,0.0007415,20,0,0,0,0,0,0,True
156,5,2,"[3, 2]","[[1, 3, 3], [1, 3]]",1,2,2,2,PP,"[[2, 1], [2]]",3,2,0.000726,20,1,1/5,4,4/5,4,4/5,True
156,5,2,"[3, 2]","[[1, 3, 3], [1, 3]]",1,2,2,3,PP,"[[3], [2]]",2,1,0.000711,20,1,1/5,4,4/5,6,6/5,True
156,5,2,"[3, 2]","[[1, 3, 3], [1, 3]]",1,2,2,5,PP,"[[3], [2]]",2,1,0.000711,20,1,1/5,4,4/5,8,8/5,True
156,5,2,"[3, 2]","[[1, 3, 3], [1, 3]]",1,2,3,1,PP,"[[1, 1, 1], [1, 1]]",5,6,0.0007315,20,0,0,0,0,0,0,True
156,5,2,"[3, 2]","[[1, 3, 3], [1, 3]]",1,2,3,2,PP,"[[2, 1], [2]]",3,2,0.000731,20,1,1/5,4,4/5,12,12/5,True
156,5,2,"[3, 2]","[[1, 3, 3], [1, 3]]",1,2,3,3,PP,"[[3], [2]]",2,1,0.000736,20,1,1/5,4,4/5,18,18/5,True
156,5,2,"[3, 2]","[[1, 3, 3], [1, 3]]",1,2,3,5,PP,"[[3], [2]]",2,1,0.000706,20,1,1/5,4,4/5,24,24/5,True
157,5,2,"[3, 2]","[[1, 3, 3], [2, 2]]",1,2,0,1,PP,"[[1, 1, 1], [1, 1]]",5,6,0.000721,20,0,0,0,0,0,0,True
157,5,2,"[3, 2]","[[1, 3, 3], [2, 2]]",1,2,0,2,PP,"[[1, 2], [2]]",3,2,0.000741,20,0,0,0,0,0,0,True
157,5,2,"[3, 2]","[[1, 3, 3], [2, 2]]",1,2,0,3,PP,"[[1, 2], [2]]",3,2,0.000731,20,0,0,0,0,0,0,True
157,5,2,"[3, 2]","[[1, 3, 3], [2, 2]]",1,2,0,5,PP,"[[1, 2], [2]]",3,2,0.000726,20,0,0,0,0,0,0,True
157,5,2,"[3, 2]","[[1, 3, 3], [2, 2]]",1,2,1,1,PP,"[[1, 1, 1], [1, 1]]",5,6,0.000741,20,0,0,0,0,0,0,True
157,5,2,"[3, 2]","[[1, 3, 3], [2, 2]]",1,2,1,2,PP,"[[1, 2], [2]]",3,2,0.000736,20,0,0,0,0,0,0,True
157,5,2,"[3, 2]","[[1, 3, 3], [2, 2]]",1,2,1,3,PP,"[[1, 2], [2]]",3,2,0.000716,20,0,0,0,0,0,0,True
157,5,2,"[3, 2]","[[1, 3, 3], [2, 2]]",1,2,1,5,PP,"[[1, 2], [2]]",3,2,0.000736,20,0,0,0,0,0,0,True
157,5,2,"[3, 2]","[[1, 3, 3], [2, 2]]",1,2,2,1,PP,"[[1, 1, 1], [1, 1]]",5,6,0.000736,20,0,0,0,0,0,0,True
157,5,2,"[3, 2]","[[1, 3, 3], [2, 2]]",1,2,2,2,PP,"[[2, 1], [2]]",3,2,0.000746,20,0,0,2,2/5,4,4/5,True
157,5,2,"[3, 2]","[[1, 3, 3], [2, 2]]",1,2,2,3,PP,"[[3], [2]]",2,1,0.000721,20,0,0,2,2/5,6,6/5,True
157,5,2,"[3, 2]","[[1, 3, 3], [2, 2]]",1,2,2,5,PP,"[[3], [2]]",2,1,0.000721,20,0,0,2,2/5,8,8/5,True
157,5,2,"[3, 2]","[[1, 3, 3], [2, 2]]",1,2,3,1,PP,"[[1, 1, 1], [1, 1]]",5,6,0.000741,20,0,0,0,0,0,0,True
157,5,2,"[3, 2]","[[1, 3, 3], [2, 2]]",1,2,3,2,PP,"[[2, 1], [2]]",3,2,0.0007415,20,0,0,2,2/5,12,12/5,True
157,5,2,"[3, 2]","[[1, 3, 3], [2, 2]]",1,2,3,3,PP,"[[3], [2]]",2,1,0.000716,20,0,0,2,2/5,18,18/5,True
157,5,2,"[3, 2]","[[1, 3, 3], [2, 2]]",1,2,3,5,PP,"[[3], [2]]",2,1,0.000721,20,0,0,2,2/5,24,24/5,True
158,5,2,"[3, 2]","[[1, 3, 3], [2, 3]]",1,2,0,1,PP,"[[1, 1, 1], [1, 1]]",5,6,0.000741,20,0,0,0,0,0,0,True
158,5,2,"[3, 2]","[[1, 3, 3], [2, 3]]",1,2,0,2,PP,"[[1, 2], [1, 1]]",4,4,0.0007165,20,0,0,0,0,0,0,True
158,5,2,"[3, 2]","[[1, 3, 3], [2, 3]]",1,2,0,3,PP,"[[1, 2], [1, 1]]",4,4,0.000701,20,0,0,0,0,0,0,True
158,5,2,"[3, 2]","[[1, 3, 3], [2, 3]]",1,2,0,5,PP,"[[1, 2], [1, 1]]",4,4,0.000721,20,0,0,0,0,0,0,True
158,5,2,"[3, 2]","[[1, 3, 3], [2, 3]]",1,2,1,1,PP,"[[1, 1, 1], [1, 1]]",5,6,0.000726,20,0,0,0,0,0,0,True
158,5,2,"[3, 2]","[[1, 3, 3], [2, 3]]",1,2,1,2,PP,"[[1, 2], [2]]",3,2,0.000721,20,0,0,0,0,0,0,True
158,5,2,"[3, 2]","[[1, 3, 3], [2, 3]]",1,2,1,3,PP,"[[1, 2], [2]]",3,2,0.000711,20,0,0,0,0,0,0,True
158,5,2,"[3, 2]","[[1, 3, 3], [2, 3]]",1,2,1,5,PP,"[[1, 2], [2]]",3,2,0.000701,20,0,0,0,0,0,0,True
158,5,2,"[3, 2]","[[1, 3, 3], [2, 3]]",1,2,2,1,PP,"[[1, 1, 1], [1, 1]]",5,6,0.000731,20,0,0,0,0,0,0,True
158,5,2,"[3, 2]","[[1, 3, 3], [2, 3]]",1,2,2,2,PP,"[[2, 1], [2]]",3,2,0.000731,20,0,0,2,2/5,4,4/5,True
158,5,2,"[3, 2]","[[1, 3, 3], [2, 3]]",1,2,2,3,PP,"[[3], [2]]",2,1,0.000711,20,0,0,2,2/5,6,6/5,True
158,5,2,"[3, 2]","[[1, 3, 3], [2, 3]]",1,2,2,5,PP,"[[3], [2]]",2,1,0.000721,20,0,0,2,2/5,8,8/5,True
158,5,2,"[3, 2]","[[1, 3, 3], [2, 3]]",1,2,3,1,PP,"[[1, 1, 1], [1, 1]]",5,6,0.000721,20,0,0,0,0,0,0,True
158,5,2,"[3, 2]","[[1, 3, 3], [2, 3]]",1,2,3,2,PP,"[[2, 1], [2]]",3,2,0.0007515,20,0,0,2,2/5,12,12/5,True
158,5,2,"[3, 2]","[[1, 3, 3], [2, 3]]",1,2,3,3,PP,"[[3], [2]]",2,1,0.0007215,20,0,0,2,2/5,18,18/5,True
158,5,2,"[3, 2]","[[1, 3, 3], [2, 3]]",1,2,3,5,PP,"[[3], [2]]",2,1,0.000721,20,0,0,2,2/5,24,24/5,True
159,5,2,"[3, 2]","[[1, 3, 3], [3, 3]]",1,2,0,1,PP,"[[1, 1, 1], [1, 1]]",5,6,0.000736,20,0,0,0,0,0,0,True
159,5,2,"[3, 2]","[[1, 3, 3], [3, 3]]",1,2,0,2,PP,"[[1, 2], [2]]",3,2,0.000721,20,0,0,0,0,0,0,True
159,5,2,"[3, 2]","[[1, 3, 3], [3, 3]]",1,2,0,3,PP,"[[1, 2], [2]]",3,2,0.000746,20,0,0,0,0,0,0,True
159,5,2,"[3, 2]","[[1, 3, 3], [3, 3]]",1,2,0,5,PP,"[[1, 2], [2]]",3,2,0.000731,20,0,0,0,0,0,0,True
159,5,2,"[3, 2]","[[1, 3, 3], [3, 3]]",1,2,1,1,PP,"[[1, 1, 1], [1, 1]]",5,6,0.000741,20,0,0,0,0,0,0,True
159,5,2,"[3, 2]","[[1, 3, 3], [3, 3]]",1,2,1,2,PP,"[[1, 2], [2]]",3,2,0.000736,20,0,0,0,0,0,0,True
159,5,2,"[3, 2]","[[1, 3, 3], [3, 3]]",1,2,1,3,PP,"[[1, 2], [2]]",3,2,0.000731,20,0,0,0,0,0,0,True
159,5,2,"[3, 2]","[[1, 3, 3], [3, 3]]",1,2,1,5,PP,"[[1, 2], [2]]",3,2,0.0007215,20,0,0,0,0,0,0,True
159,5,2,"[3, 2]","[[1, 3, 3], [3, 3]]",1,2,2,1,PP,"[[1, 1, 1], [1, 1]]",5,6,0.000751,20,0,0,0,0,0,0,True
159,5,2,"[3, 2]","[[1, 3, 3], [3, 3]]",1,2,2,2,PP,"[[2, 1], [2]]",3,2,0.000741,20,0,0,2,2/5,4,4/5,True
159,5,2,"[3, 2]","[[1, 3, 3], [3, 3]]",1,2,2,3,PP,"[[3], [2]]",2,1,0.000721,20,0,0,2,2/5,6,6/5,True
159,5,2,"[3, 2]","[[1, 3, 3], [3, 3]]",1,2,2,5,PP,"[[3], [2]]",2,1,0.000711,20,0,0,2,2/5,8,8/5,True
159,5,2,"[3, 2]","[[1, 3, 3], [3, 3]]",1,2,3,1,PP,"[[1, 1, 1], [1, 1]]",5,6,0.0007415,20,0,0,0,0,0,0,True
159,5,2,"[3, 2]","[[1, 3, 3], [3, 3]]",1,2,3,2,PP,"[[2, 1], [2]]",3,2,0.000746,20,0,0,2,2/5,12,12/5,True
159,5,2,"[3, 2]","[[1, 3, 3], [3, 3]]",1,2,3,3,PP,"[[3], [2]]",2,1,0.000716,20,0,0,2,2/5,18,18/5,True
159,5,2,"[3, 2]","[[1, 3, 3], [3, 3]]",1,2,3,5,PP,"[[3], [2]]",2,1,0.000736,20,0,0,2,2/5,24,24/5,True
160,5,2,"[3, 2]","[[2, 2, 2], [0, 0]]",1,2,0,1,PP,"[[1, 1, 1], [1, 1]]",5,6,0.0007165,20,0,0,0,0,0,0,True
160,5,2,"[3, 2]","[[2, 2, 2], [0, 0]]",1,2,0,2,PP,"[[2, 1], [2]]",3,2,0.000731,20,0,0,0,0,0,0,True
160,5,2,"[3, 2]","[[2, 2, 2], [0, 0]]",1,2,0,3,PP,"[[3], [2]]",2,1,0.000711,20,0,0,0,0,0,0,True
160,5,2,"[3, 2]","[[2, 2, 2], [0, 0]]",1,2,0,5,PP,"[[3], [2]]",2,1,0.000711,20,0,0,0,0,0,0,True
160,5,2,"[3, 2]","[[2, 2, 2], [0, 0]]",1,2,1,1,PP,"[[1, 1, 1], [1, 1]]",5,6,0.000711,20,0,0,0,0,0,0,True
160,5,2,"[3, 2]","[[2, 2, 2], [0, 0]]",1,2,1,2,PP,"[[2, 1], [2]]",3,2,0.000731,20,0,0,0,0,0,0,True
160,5,2,"[3, 2]","[[2, 2, 2], [0, 0]]",1,2,1,3,PP,"[[3], [2]]",2,1,0.000736,20,0,0,0,0,0,0,True
160,5,2,"[3, 2]","[[2, 2, 2], [0, 0]]",1,2,1,5,PP,"[[3], [2]]",2,1,0.000711,20,0,0,0,0,0,0,True
160,5,2,"[3, 2]","[[2, 2, 2], [0, 0]]",1,2,2,1,PP,"[[1, 1, 1], [1, 1]]",5,6,0.0007265,20,0,0,0,0,0,0,True
160,5,2,"[3, 2]","[[2, 2, 2], [0, 0]]",1,2,2,2,PP,"[[2, 1], [2]]",3,2,0.000741,20,0,0,0,0,4,4/5,True
160,5,2,"[3, 2]","[[2, 2, 2], [0, 0]]",1,2,2,3,PP,"[[3], [2]]",2,1,0.0007365,20,0,0,0,0,6,6/5,True
160,5,2,"[3, 2]","[[2, 2, 2], [0, 0]]",1,2,2,5,PP,"[[3], [2]]",2,1,0.000711,20,0,0,0,0,8,8/5,True
160,5,2,"[3, 2]","[[2, 2, 2], [0, 0]]",1,2,3,1,PP,"[[1, 1, 1], [1, 1]]",5,6,0.000741,20,0,0,0,0,0,0,True
160,5,2,"[3, 2]","[[2, 2, 2], [0, 0]]",1,2,3,2,PP,"[[2, 1], [2]]",3,2,0.000741,20,0,0,0,0,12,12/5,True
160,5,2,"[3, 2]","[[2, 2, 2], [0, 0]]",1,2,3,3,PP,"[[3], [2]]",2,1,0.000731,20,0,0,0,0,18,18/5,True
160,5,2,"[3, 2]","[[2, 2, 2], [0, 0]]",1,2,3,5,PP,"[[3], [2]]",2,1,0.000731,20,0,0,0,0,24,24/5,True
161,5,2,"[3, 2]","[[2, 2, 2], [0, 1]]",1,2,0,1,PP,"[[1, 1, 1], [1, 1]]",5,6,0.000746,20,0,0,0,0,0,0,True
161,5,2,"[3, 2]","[[2, 2, 2], [0, 1]]",1,2,0,2,PP,"[[2, 1], [1, 1]]",4,4,0.000736,20,0,0,0,0,0,0,True
161,5,2,"[3, 2]","[[2, 2, 2], [0, 1]]",1,2,0,3,PP,"[[3], [1, 1]]",3,2,0.000731,20,0,0,0,0,0,0,True
161,5,2,"[3, 2]","[[2, 2, 2], [0, 1]]",1,2,0,5,PP,"[[3], [1, 1]]",3,2,0.000771,20,0,0,0,0,0,0,True
161,5,2,"[3, 2]","[[2, 2, 2], [0, 1]]",1,2,1,1,PP,"[[1, 1, 1], [1, 1]]",5,6,0.000756,20,0,0,0,0,0,0,True
161,5,2,"[3, 2]","[[2, 2, 2], [0, 1]]",1,2,1,2,PP,"[[2, 1], [2]]",3,2,0.000731,20,0,0,0,0,0,0,True
161,5,2,"[3, 2]","[[2, 2, 2], [0, 1]]",1,2,1,3,PP,"[[3], [2]]",2,1,0.0007265,20,0,0,0,0,0,0,True
161,5,2,"[3, 2]","[[2, 2, 2], [0, 1]]",1,2,1,5,PP,"[[3], [2]]",2,1,0.0007265,20,0,0,0,0,0,0,True
161,5,2,"[3, 2]","[[2, 2, 2], [0, 1]]",1,2,2,1,PP,"[[1, 1, 1], [1, 1]]",5,6,0.000741,20,0,0,0,0,0,0,True
161,5,2,"[3, 2]","[[2, 2, 2], [0, 1]]",1,2,2,2,PP,"[[2, 1], [2]]",3,2,0.000721,20,0,0,0,0,4,4/5,True
161,5,2,"[3, 2]","[[2, 2, 2], [0, 1]]",1,2,2,3,PP,"[[3], [2]]",2,1,0.000721,20,0,0,0,0,6,6/5,True
161,5,2,"[3, 2]","[[2, 2, 2], [0, 1]]",1,2,2,5,PP,"[[3], [2]]",2,1,0.000711,20,0,0,0,0,8,8/5,True
161,5,2,"[3, 2]","[[2, 2, 2], [0, 1]]",1,2,3,1,PP,"[[1, 1, 1], [1, 1]]",5,6,0.000731,20,0,0,0,0,0,0,True
161,5,2,"[3, 2]","[[2, 2, 2], [0, 1]]",1,2,3,2,PP,"[[2, 1], [2]]",3,2,0.000741,20,0,0,0,0,12,12/5,True
161,5,2,"[3, 2]","[[2, 2, 2], [0, 1]]",1,2,3,3,PP,"[[3], [2]]",2,1,0.000711,20,0,0,0,0,18,18/5,True
161,5,2,"[3, 2]","[[2, 2, 2], [0, 1]]",1,2,3,5,PP,"[[3], [2]]",2,1,0.000726,20,0,0,0,0,24,24/5,True
162,5,2,"[3, 2]","[[2, 2, 2], [0, 2]]",1,2,0,1,PP,"[[1, 1, 1], [1, 1]]",5,6,0.0007265,20,0,0,0,0,0,0,True
162,5,2,"[3, 2]","[[2, 2, 2], [0, 2]]",1,2,0,2,PP,"[[2, 1], [1, 1]]",4,4,0.000727,20,0,0,0,0,0,0,True
162,5,2,"[3, 2]","[[2, 2, 2], [0, 2]]",1,2,0,3,PP,"[[3], [1, 1]]",3,2,0.000721,20,0,0,0,0,0,0,True
162,5,2,"[3, 2]","[[2, 2, 2], [0, 2]]",1,2,0,5,PP,"[[3], [1, 1]]",3,2,0.000711,20,0,0,0,0,0,0,True
162,5,2,"[3, 2]","[[2, 2, 2], [0, 2]]",1,2,1,1,PP,"[[1, 1, 1], [1, 1]]",5,6,0.0007165,20,0,0,0,0,0,0,True
162,5,2,"[3, 2]","[[2, 2, 2], [0, 2]]",1,2,1,2,PP,"[[2, 1], [1, 1]]",4,4,0.000741,20,0,0,0,0,0,0,True
162,5,2,"[3, 2]","[[2, 2, 2], [0, 2]]",1,2,1,3,PP,"[[3], [1, 1]]",3,2,0.000726,20,0,0,0,0,0,0,True
162,5,2,"[3, 2]","[[2, 2, 2], [0, 2]]",1,2,1,5,PP,"[[3], [1, 1]]",3,2,0.0007265,20,0,0,0,0,0,0,True
162,5,2,"[3, 2]","[[2, 2, 2], [0, 2]]",1,2,2,1,PP,"[[1, 1, 1], [1, 1]]",5,6,0.000761,20,0,0,0,0,0,0,True
162,5,2,"[3, 2]","[[2, 2, 2], [0, 2]]",1,2,2,2,PP,"[[2, 1], [2]]",3,2,0.000731,20,2,2/5,2,2/5,4,4/5,True
162,5,2,"[3, 2]","[[2, 2, 2], [0, 2]]",1,2,2,3,PP,"[[3], [2]]",2,1,0.000741,20,2,2/5,2,2/5,6,6/5,True
162,5,2,"[3, 2]","[[2, 2, 2], [0, 2]]",1,2,2,5,PP,"[[3], [2]]",2,1,0.000716,20,2,2/5,2,2/5,8,8/5,True
162,5,2,"[3, 2]","[[2, 2, 2], [0, 2]]",1,2,3,1,PP,"[[1, 1, 1], [1, 1]]",5,6,0.000736,20,0,0,0,0,0,0,True
162,5,2,"[3, 2]","[[2, 2, 2], [0, 2]]",1,2,3,2,PP,"[[2, 1], [2]]",3,2,0.000726,20,2,2/5,2,2/5,12,12/5,True
162,5,2,"[3, 2]","[[2, 2, 2], [0, 2]]",1,2,3,3,PP,"[[3], [2]]",2,1,0.000731,20,2,2/5,2,2/5,18,18/5,True
162,5,2,"[3, 2]","[[2, 2, 2], [0, 2]]",1,2,3,5,PP,"[[3], [2]]",2,1,0.000736,20,2,2/5,2,2/5,24,24/5,True
163,5,2,"[3, 2]","[[2, 2, 2], [0, 3]]",1,2,0,1,PP,"[[1, 1, 1], [1, 1]]",5,6,0.0007315,20,0,0,0,0,0,0,True
163,5,2,"[3, 2]","[[2, 2, 2], [0, 3]]",1,2,0,2,PP,"[[2, 1], [1, 1]]",4,4,0.000741,20,0,0,0,0,0,0,True
163,5,2,"[3, 2]","[[2, 2, 2], [0, 3]]",1,2,0,3,PP,"[[3], [1, 1]]",3,2,0.000731,20,0,0,0,0,0,0,True
163,5,2,"[3, 2]","[[2, 2, 2], [0, 3]]",1,2,0,5,PP,"[[3], [1, 1]]",3,2,0.000726,20,0,0,0,0,0,0,True
163,5,2,"[3, 2]","[[2, 2, 2], [0, 3]]",1,2,1,1,PP,"[[1, 1, 1], [1, 1]]",5,6,0.000731,20,0,0,0,0,0,0,True
163,5,2,"[3, 2]","[[2, 2, 2], [0, 3]]",1,2,1,2,PP,"[[2, 1], [1, 1]]",4,4,0.0007365,20,0,0,0,0,0,0,True
163,5,2,"[3, 2]","[[2, 2, 2], [0, 3]]",1,2,1,3,PP,"[[3], [1, 1]]",3,2,0.000711,20,0,0,0,0,0,0,True
163,5,2,"[3, 2]","[[2, 2, 2], [0, 3]]",1,2,1,5,PP,"[[3], [1, 1]]",3,2,0.000701,20,0,0,0,0,0,0,True
163,5,2,"[3, 2]","[[2, 2, 2], [0, 3]]",1,2,2,1,PP,"[[1, 1, 1], [1, 1]]",5,6,0.000721,20,0,0,0,0,0,0,True
163,5,2,"[3, 2]","[[2, 2, 2], [0, 3]]",1,2,2,2,PP,"[[2, 1], [1, 1]]",4,4,0.000721,20,0,0,0,0,4,4/5,True
163,5,2,"[3, 2]","[[2, 2, 2], [0, 3]]",1,2,2,3,PP,"[[3], [1, 1]]",3,2,0.000706,20,0,0,0,0,6,6/5,True
163,5,2,"[3, 2]","[[2, 2, 2], [0, 3]]",1,2,2,5,PP,"[[3], [1, 1]]",3,2,0.000701,20,0,0,0,0,8,8/5,True
163,5,2,"[3, 2]","[[2, 2, 2], [0, 3]]",1,2,3,1,PP,"[[1, 1, 1], [1, 1]]",5,6,0.0007215,20,0,0,0,0,0,0,True
163,5,2,"[3, 2]","[[2, 2, 2], [0, 3]]",1,2,3,2,PP,"[[2, 1], [2]]",3,2,0.000741,20,6,6/5,6,6/5,12,12/5,True
163,5,2,"[3, 2]","[[2, 2, 2], [0, 3]]",1,2,3,3,PP,"[[3], [2]]",2,1,0.000706,20,6,6/5,6,6/5,18,18/5,True
163,5,2,"[3, 2]","[[2, 2, 2], [0, 3]]",1,2,3,5,PP,"[[3], [2]]",2,1,0.000716,20,6,6/5,6,6/5,24,24/5,True
164,5,2,"[3, 2]","[[2, 2, 2], [1, 1]]",1,2,0,1,PP,"[[1, 1, 1], [1, 1]]",5,6,0.000726,20,0,0,0,0,0,0,True
164,5,2,"[3, 2]","[[2, 2, 2], [1, 1]]",1,2,0,2,PP,"[[2, 1], [2]]",3,2,0.000731,20,0,0,0,0,0,0,True
164,5,2,"[3, 2]","[[2, 2, 2], [1, 1]]",1,2,0,3,PP,"[[3], [2]]",2,1,0.000741,20,0,0,0,0,0,0,True
164,5,2,"[3, 2]","[[2, 2, 2], [1, 1]]",1,2,0,5,PP,"[[3], [2]]",2,1,0.000736,20,0,0,0,0,0,0,True
164,5,2,"[3, 2]","[[2, 2, 2], [1, 1]]",1,2,1,1,PP,"[[1, 1, 1], [1, 1]]",5,6,0.000732,20,0,0,0,0,0,0,True
164,5,2,"[3, 2]","[[2, 2, 2], [1, 1]]",1,2,1,2,PP,"[[2, 1], [2]]",3,2,0.000761,20,0,0,0,0,0,0,True
164,5,2,"[3, 2]","[[2, 2, 2], [1, 1]]",1,2,1,3,PP,"[[3], [2]]",2,1,0.000726,20,0,0,0,0,0,0,True
164,5,2,"[3, 2]","[[2, 2, 2], [1, 1]]",1,2,1,5,PP,"[[3], [2]]",2,1,0.000726,20,0,0,0,0,0,0,True
164,5,2,"[3, 2]","[[2, 2, 2], [1, 1]]",1,2,2,1,PP,"[[1, 1, 1], [1, 1]]",5,6,0.000731,20,0,0,0,0,0,0,True
164,5,2,"[3, 2]","[[2, 2, 2], [1, 1]]",1,2,2,2,PP,"[[2, 1], [2]]",3,2,0.000756,20,0,0,0,0,4,4/5,True
164,5,2,"[3, 2]","[[2, 2, 2], [1, 1]]",1,2,2,3,PP,"[[3], [2]]",2,1,0.000716,20,0,0,0,0,6,6/5,True
164,5,2,"[3, 2]","[[2, 2, 2], [1, 1]]",1,2,2,5,PP,"[[3], [2]]",2,1,0.000731,20,0,0,0,0,8,8/5,True
164,5,2,"[3, 2]","[[2, 2, 2], [1, 1]]",1,2,3,1,PP,"[[1, 1, 1], [1, 1]]",5,6,0.000726,20,0,0,0,0,0,0,True
164,5,2,"[3, 2]","[[2, 2, 2], [1, 1]]",1,2,3,2,PP,"[[2, 1], [2]]",3,2,0.000736,20,0,0,0,0,12,12/5,True
164,5,2,"[3, 2]","[[2, 2, 2], [1, 1]]",1,2,3,3,PP,"[[3], [2]]",2,1,0.000716,20,0,0,0,0,18,18/5,True
164,5,2,"[3, 2]","[[2, 2, 2], [1, 1]]",1,2,3,5,PP,"[[3], [2]]",2,1,0.000711,20,0,0,0,0,24,24/5,True
165,5,2,"[3, 2]","[[2, 2, 2], [1, 2]]",1,2,0,1,PP,"[[1, 1, 1], [1, 1]]",5,6,0.000731,20,0,0,0,0,0,0,True
165,5,2,"[3, 2]","[[2, 2, 2], [1, 2]]",1,2,0,2,PP,"[[2, 1], [1, 1]]",4,4,0.000731,20,0,0,0,0,0,0,True
165,5,2,"[3, 2]","[[2, 2, 2], [1, 2]]",1,2,0,3,PP,"[[3], [1, 1]]",3,2,0.000711,20,0,0,0,0,0,0,True
165,5,2,"[3, 2]","[[2, 2, 2], [1, 2]]",1,2,0,5,PP,"[[3], [1, 1]]",3,2,0.0007015,20,0,0,0,0,0,0,True
165,5,2,"[3, 2]","[[2, 2, 2], [1, 2]]",1,2,1,1,PP,"[[1, 1, 1], [1, 1]]",5,6,0.000726,20,0,0,0,0,0,0,True
165,5,2,"[3, 2]","[[2, 2, 2], [1, 2]]",1,2,1,2,PP,"[[2, 1], [2]]",3,2,0.000721,20,0,0,0,0,0,0,True
165,5,2,"[3, 2]","[[2, 2, 2], [1, 2]]",1,2,1,3,PP,"[[3], [2]]",2,1,0.000721,20,0,0,0,0,0,0,True
165,5,2,"[3, 2]","[[2, 2, 2], [1, 2]]",1,2,1,5,PP,"[[3], [2]]",2,1,0.000711,20,0,0,0,0,0,0,True
165,5,2,"[3, 2]","[[2, 2, 2], [1, 2]]",1,2,2,1,PP,"[[1, 1, 1], [1, 1]]",5,6,0.000721,20,0,0,0,0,0,0,True
165,5,2,"[3, 2]","[[2, 2, 2], [1, 2]]",1,2,2,2,PP,"[[2, 1], [2]]",3,2,0.000741,20,0,0,0,0,4,4/5,True
165,5,2,"[3, 2]","[[2, 2, 2], [1, 2]]",1,2,2,3,PP,"[[3], [2]]",2,1,0.000701,20,0,0,0,0,6,6/5,True
165,5,2,"[3, 2]","[[2, 2, 2], [1, 2]]",1,2,2,5,PP,"[[3], [2]]",2,1,0.000721,20,0,0,0,0,8,8/5,True
165,5,2,"[3, 2]","[[2, 2, 2], [1, 2]]",1,2,3,1,PP,"[[1, 1, 1], [1, 1]]",5,6,0.000731,20,0,0,0,0,0,0,True
165,5,2,"[3, 2]","[[2, 2, 2], [1, 2]]",1,2,3,2,PP,"[[2, 1], [2]]",3,2,0.0007315,20,0,0,0,0,12,12/5,True
165,5,2,"[3, 2]","[[2, 2, 2], [1, 2]]",1,2,3,3,PP,"[[3], [2]]",2,1,0.000716,20,0,0,0,0,18,18/5,True
165,5,2,"[3, 2]","[[2, 2, 2], [1, 2]]",1,2,3,5,PP,"[[3], [2]]",2,1,0.000731,20,0,0,0,0,24,24/5,True
166,5,2,"[3, 2]","[[2, 2, 2], [1, 3]]",1,2,0,1,PP,"[[1, 1, 1], [1, 1]]",5,6,0.0007415,20,0,0,0,0,0,0,True
166,5,2,"[3, 2]","[[2, 2, 2], [1, 3]]",1,2,0,2,PP,"[[2, 1], [1, 1]]",4,4,0.000731,20,0,0,0,0,0,0,True
166,5,2,"[3, 2]","[[2, 2, 2], [1, 3]]",1,2,0,3,PP,"[[3], [1, 1]]",3,2,0.0007315,20,0,0,0,0,0,0,True
166,5,2,"[3, 2]","[[2, 2, 2], [1, 3]]",1,2,0,5,PP,"[[3], [1, 1]]",3,2,0.000721,20,0,0,0,0,0,0,True
166,5,2,"[3, 2]","[[2, 2, 2], [1, 3]]",1,2,1,1,PP,"[[1, 1, 1], [1, 1]]",5,6,0.000746,20,0,0,0,0,0,0,True
166,5,2,"[3, 2]","[[2, 2, 2], [1, 3]]",1,2,1,2,PP,"[[2, 1], [1, 1]]",4,4,0.000751,20,0,0,0,0,0,0,True
166,5,2,"[3, 2]","[[2, 2, 2], [1, 3]]",1,2,1,3,PP,"[[3], [1, 1]]",3,2,0.000701,20,0,0,0,0,0,0,True
166,5,2,"[3, 2]","[[2, 2, 2], [1, 3]]",1,2,1,5,PP,"[[3], [1, 1]]",3,2,0.000706,20,0,0,0,0,0,0,True
166,5,2,"[3, 2]","[[2, 2, 2], [1, 3]]",1,2,2,1,PP,"[[1, 1, 1], [1, 1]]",5,6,0.000726,20,0,0,0,0,0,0,True
166,5,2,"[3, 2]","[[2, 2, 2], [1, 3]]",1,2,2,2,PP,"[[2, 1], [2]]",3,2,0.000741,20,2,2/5,2,2/5,4,4/5,True
166,5,2,"[3, 2]","[[2, 2, 2], [1, 3]]",1,2,2,3,PP,"[[3], [2]]",2,1,0.000721,20,2,2/5,2,2/5,6,6/5,True
166,5,2,"[3, 2]","[[2, 2, 2], [1, 3]]",1,2,2,5,PP,"[[3], [2]]",2,1,0.000716,20,2,2/5,2,2/5,8,8/5,True
166,5,2,"[3, 2]","[[2, 2, 2], [1, 3]]",1,2,3,1,PP,"[[1, 1, 1], [1, 1]]",5,6,0.000721,20,0,0,0,0,0,0,True
166,5,2,"[3, 2]","[[2, 2, 2], [1, 3]]",1,2,3,2,PP,"[[2, 1], [2]]",3,2,0.000741,20,2,2/5,2,2/5,12,12/5,True
166,5,2,"[3, 2]","[[2, 2, 2], [1, 3]]",1,2,3,3,PP,"[[3], [2]]",2,1,0.000721,20,2,2/5,2,2/5,18,18/5,True
166,5,2,"[3, 2]","[[2, 2, 2], [1, 3]]",1,2,3,5,PP,"[[3], [2]]",2,1,0.0007115,20,2,2/5,2,2/5,24,24/5,True
167,5,2,"[3, 2]","[[2, 2, 2], [2, 2]]",1,2,0,1,PP,"[[1, 1, 1], [1, 1]]",5,6,0.0007515,20,0,0,0,0,0,0,True
167,5,2,"[3, 2]","[[2, 2, 2], [2, 2]]",1,2,0,2,PP,"[[2, 1], [2]]",3,2,0.000721,20,0,0,0,0,0,0,True
167,5,2,"[3, 2]","[[2, 2, 2], [2, 2]]",1,2,0,3,PP,"[[3], [2]]",2,1,0.000721,20,0,0,0,0,0,0,True
167,5,2,"[3, 2]","[[2, 2, 2], [2, 2]]",1,2,0,5,PP,"[[3], [2]]",2,1,0.0007215,20,0,0,0,0,0,0,True
167,5,2,"[3, 2]","[[2, 2, 2], [2, 2]]",1,2,1,1,PP,"[[1, 1, 1], [1, 1]]",5,6,0.000731,20,0,0,0,0,0,0,True
167,5,2,"[3, 2]","[[2, 2, 2], [2, 2]]",1,2,1,2,PP,"[[2, 1], [2]]",3,2,0.000726,20,0,0,0,0,0,0,True
167,5,2,"[3, 2]","[[2, 2, 2], [2, 2]]",1,2,1,3,PP,"[[3], [2]]",2,1,0.0007115,20,0,0,0,0,0,0,True
167,5,2,"[3, 2]","[[2, 2, 2], [2, 2]]",1,2,1,5,PP,"[[3], [2]]",2,1,0.000711,20,0,0,0,0,0,0,True
167,5,2,"[3, 2]","[[2, 2, 2], [2, 2]]",1,2,2,1,PP,"[[1, 1, 1], [1, 1]]",5,6,0.000721,20,0,0,0,0,0,0,True
167,5,2,"[3, 2]","[[2, 2, 2], [2, 2]]",1,2,2,2,PP,"[[2, 1], [2]]",3,2,0.000731,20,0,0,0,0,4,4/5,True
167,5,2,"[3, 2]","[[2, 2, 2], [2, 2]]",1,2,2,3,PP,"[[3], [2]]",2,1,0.0007115,20,0,0,0,0,6,6/5,True
167,5,2,"[3, 2]","[[2, 2, 2], [2, 2]]",1,2,2,5,PP,"[[3], [2]]",2,1,0.0007265,20,0,0,0,0,8,8/5,True
167,5,2,"[3, 2]","[[2, 2, 2], [2, 2]]",1,2,3,1,PP,"[[1, 1, 1], [1, 1]]",5,6,0.000741,20,0,0,0,0,0,0,True
167,5,2,"[3, 2]","[[2, 2, 2], [2, 2]]",1,2,3,2,PP,"[[2, 1], [2]]",3,2,0.000741,20,0,0,0,0,12,12/5,True
167,5,2,"[3, 2]","[[2, 2, 2], [2, 2]]",1,2,3,3,PP,"[[3], [2]]",2,1,0.000721,20,0,0,0,0,18,18/5,True
167,5,2,"[3, 2]","[[2, 2, 2], [2, 2]]",1,2,3,5,PP,"[[3], [2]]",2,1,0.000721,20,0,0,0,0,24,24/5,True
168,5,2,"[3, 2]","[[2, 2, 2], [2, 3]]",1,2,0,1,PP,"[[1, 1, 1], [1, 1]]",5,6,0.000736,20,0,0,0,0,0,0,True
168,5,2,"[3, 2]","[[2, 2, 2], [2, 3]]",1,2,0,2,PP,"[[2, 1], [1, 1]]",4,4,0.000746,20,0,0,0,0,0,0,True
168,5,2,"[3, 2]","[[2, 2, 2], [2, 3]]",1,2,0,3,PP,"[[3], [1, 1]]",3,2,0.000741,20,0,0,0,0,0,0,True
168,5,2,"[3, 2]","[[2, 2, 2], [2, 3]]",1,2,0,5,PP,"[[3], [1, 1]]",3,2,0.0007215,20,0,0,0,0,0,0,True
168,5,2,"[3, 2]","[[2, 2, 2], [2, 3]]",1,2,1,1,PP,"[[1, 1, 1], [1, 1]]",5,6,0.000746,20,0,0,0,0,0,0,True
168,5,2,"[3, 2]","[[2, 2, 2], [2, 3]]",1,2,1,2,PP,"[[2, 1], [2]]",3,2,0.000736,20,0,0,0,0,0,0,True
168,5,2,"[3, 2]","[[2, 2, 2], [2, 3]]",1,2,1,3,PP,"[[3], [2]]",2,1,0.000731,20,0,0,0,0,0,0,True
168,5,2,"[3, 2]","[[2, 2, 2], [2, 3]]",1,2,1,5,PP,"[[3], [2]]",2,1,0.000712,20,0,0,0,0,0,0,True
168,5,2,"[3, 2]","[[2, 2, 2], [2, 3]]",1,2,2,1,PP,"[[1, 1, 1], [1, 1]]",5,6,0.000726,20,0,0,0,0,0,0,True
168,5,2,"[3, 2]","[[2, 2, 2], [2, 3]]",1,2,2,2,PP,"[[2, 1], [2]]",3,2,0.000731,20,0,0,0,0,4,4/5,True
168,5,2,"[3, 2]","[[2, 2, 2], [2, 3]]",1,2,2,3,PP,"[[3], [2]]",2,1,0.000731,20,0,0,0,0,6,6/5,True
168,5,2,"[3, 2]","[[2, 2, 2], [2, 3]]",1,2,2,5,PP,"[[3], [2]]",2,1,0.000731,20,0,0,0,0,8,8/5,True
168,5,2,"[3, 2]","[[2, 2, 2], [2, 3]]",1,2,3,1,PP,"[[1, 1, 1], [1, 1]]",5,6,0.0007515,20,0,0,0,0,0,0,True
168,5,2,"[3, 2]","[[2, 2, 2], [2, 3]]",1,2,3,2,PP,"[[2, 1], [2]]",3,2,0.000731,20,0,0,0,0,12,12/5,True
168,5,2,"[3, 2]","[[2, 2, 2], [2, 3]]",1,2,3,3,PP,"[[3], [2]]",2,1,0.000751,20,0,0,0,0,18,18/5,True
168,5,2,"[3, 2]","[[2, 2, 2], [2, 3]]",1,2,3,5,PP,"[[3], [2]]",2,1,0.000731,20,0,0,0,0,24,24/5,True
169,5,2,"[3, 2]","[[2, 2, 2], [3, 3]]",1,2,0,1,PP,"[[1, 1, 1], [1, 1]]",5,6,0.000726,20,0,0,0,0,0,0,True
169,5,2,"[3, 2]","[[2, 2, 2], [3, 3]]",1,2,0,2,PP,"[[2, 1], [2]]",3,2,0.000716,20,0,0,0,0,0,0,True
169,5,2,"[3, 2]","[[2, 2, 2], [3, 3]]",1,2,0,3,PP,"[[3], [2]]",2,1,0.000721,20,0,0,0,0,0,0,True
169,5,2,"[3, 2]","[[2, 2, 2], [3, 3]]",1,2,0,5,PP,"[[3], [2]]",2,1,0.000716,20,0,0,0,0,0,0,True
169,5,2,"[3, 2]","[[2, 2, 2], [3, 3]]",1,2,1,1,PP,"[[1, 1, 1], [1, 1]]",5,6,0.000736,20,0,0,0,0,0,0,True
169,5,2,"[3, 2]","[[2, 2, 2], [3, 3]]",1,2,1,2,PP,"[[2, 1], [2]]",3,2,0.0007315,20,0,0,0,0,0,0,True
169,5,2,"[3, 2]","[[2, 2, 2], [3, 3]]",1,2,1,3,PP,"[[3], [2]]",2,1,0.000711,20,0,0,0,0,0,0,True
169,5,2,"[3, 2]","[[2, 2, 2], [3, 3]]",1,2,1,5,PP,"[[3], [2]]",2,1,0.000741,20,0,0,0,0,0,0,True
169,5,2,"[3, 2]","[[2, 2, 2], [3, 3]]",1,2,2,1,PP,"[[1, 1, 1], [1, 1]]",5,6,0.0007465,20,0,0,0,0,0,0,True
169,5,2,"[3, 2]","[[2, 2, 2], [3, 3]]",1,2,2,2,PP,"[[2, 1], [2]]",3,2,0.000716,20,0,0,0,0,4,4/5,True
169,5,2,"[3, 2]","[[2, 2, 2], [3, 3]]",1,2,2,3,PP,"[[3], [2]]",2,1,0.0007165,20,0,0,0,0,6,6/5,True
169,5,2,"[3, 2]","[[2, 2, 2], [3, 3]]",1,2,2,5,PP,"[[3], [2]]",2,1,0.000741,20,0,0,0,0,8,8/5,True
169,5,2,"[3, 2]","[[2, 2, 2], [3, 3]]",1,2,3,1,PP,"[[1, 1, 1], [1, 1]]",5,6,0.0007315,20,0,0,0,0,0,0,True
169,5,2,"[3, 2]","[[2, 2, 2], [3, 3]]",1,2,3,2,PP,"[[2, 1], [2]]",3,2,0.000726,20,0,0,0,0,12,12/5,True
169,5,2,"[3, 2]","[[2, 2, 2], [3, 3]]",1,2,3,3,PP,"[[3], [2]]",2,1,0.0007165,20,0,0,0,0,18,18/5,True
169,5,2,"[3, 2]","[[2, 2, 2], [3, 3]]",1,2,3,5,PP,"[[3], [2]]",2,1,0.000711,20,0,0,0,0,24,24/5,True
170,5,2,"[3, 2]","[[2, 2, 3], [0, 0]]",1,2,0,1,PP,"[[1, 1, 1], [1, 1]]",5,6,0.000721,20,0,0,0,0,0,0,True
170,5,2,"[3, 2]","[[2, 2, 3], [0, 0]]",1,2,0,2,PP,"[[2, 1], [2]]",3,2,0.0007315,20,0,0,0,0,0,0,True
170,5,2,"[3, 2]","[[2, 2, 3], [0, 0]]",1,2,0,3,PP,"[[2, 1], [2]]",3,2,0.000716,20,0,0,0,0,0,0,True
170,5,2,"[3, 2]","[[2, 2, 3], [0, 0]]",1,2,0,5,PP,"[[2, 1], [2]]",3,2,0.0007165,20,0,0,0,0,0,0,True
170,5,2,"[3, 2]","[[2, 2, 3], [0, 0]]",1,2,1,1,PP,"[[1, 1, 1], [1, 1]]",5,6,0.000726,20,0,0,0,0,0,0,True
170,5,2,"[3, 2]","[[2, 2, 3], [0, 0]]",1,2,1,2,PP,"[[2, 1], [2]]",3,2,0.0007165,20,0,0,0,0,0,0,True
170,5,2,"[3, 2]","[[2, 2, 3], [0, 0]]",1,2,1,3,PP,"[[3], [2]]",2,1,0.000716,20,0,0,0,0,0,0,True
170,5,2,"[3, 2]","[[2, 2, 3], [0, 0]]",1,2,1,5,PP,"[[3], [2]]",2,1,0.000711,20,0,0,0,0,0,0,True
170,5,2,"[3, 2]","[[2, 2, 3], [0, 0]]",1,2,2,1,PP,"[[1, 1, 1], [1, 1]]",5,6,0.000736,20,0,0,0,0,0,0,True
170,5,2,"[3, 2]","[[2, 2, 3], [0, 0]]",1,2,2,2,PP,"[[2, 1], [2]]",3,2,0.000751,20,0,0,0,0,4,4/5,True
170,5,2,"[3, 2]","[[2, 2, 3], [0, 0]]",1,2,2,3,PP,"[[3], [2]]",2,1,0.000721,20,0,0,0,0,6,6/5,True
170,5,2,"[3, 2]","[[2, 2, 3], [0, 0]]",1,2,2,5,PP,"[[3], [2]]",2,1,0.000721,20,0,0,0,0,8,8/5,True
170,5,2,"[3, 2]","[[2, 2, 3], [0, 0]]",1,2,3,1,PP,"[[1, 1, 1], [1, 1]]",5,6,0.000741,20,0,0,0,0,0,0,True
170,5,2,"[3, 2]","[[2, 2, 3], [0, 0]]",1,2,3,2,PP,"[[2, 1], [2]]",3,2,0.000726,20,0,0,0,0,12,12/5,True
170,5,2,"[3, 2]","[[2, 2, 3], [0, 0]]",1,2,3,3,PP,"[[3], [2]]",2,1,0.000721,20,0,0,0,0,18,18/5,True
170,5,2,"[3, 2]","[[2, 2, 3], [0, 0]]",1,2,3,5,PP,"[[3], [2]]",2,1,0.0007115,20,0,0,0,0,24,24/5,True
171,5,2,"[3, 2]","[[2, 2, 3], [0, 1]]",1,2,0,1,PP,"[[1, 1, 1], [1, 1]]",5,6,0.0007215,20,0,0,0,0,0,0,True
171,5,2,"[3, 2]","[[2, 2, 3], [0, 1]]",1,2,0,2,PP,"[[2, 1], [1, 1]]",4,4,0.000741,20,0,0,0,0,0,0,True
171,5,2,"[3, 2]","[[2, 2, 3], [0, 1]]",1,2,0,3,PP,"[[2, 1], [1, 1]]",4,4,0.000726,20,0,0,0,0,0,0,True
171,5,2,"[3, 2]","[[2, 2, 3], [0, 1]]",1,2,0,5,PP,"[[2, 1], [1, 1]]",4,4,0.000726,20,0,0,0,0,0,0,True
171,5,2,"[3, 2]","[[2, 2, 3], [0, 1]]",1,2,1,1,PP,"[[1, 1, 1], [1, 1]]",5,6,0.000731,20,0,0,0,0,0,0,True
171,5,2,"[3, 2]","[[2, 2, 3], [0, 1]]",1,2,1,2,PP,"[[2, 1], [2]]",3,2,0.000721,20,0,0,0,0,0,0,True
171,5,2,"[3, 2]","[[2, 2, 3], [0, 1]]",1,2,1,3,PP,"[[3], [2]]",2,1,0.000731,20,0,0,0,0,0,0,True
171,5,2,"[3, 2]","[[2, 2, 3], [0, 1]]",1,2,1,5,PP,"[[3], [2]]",2,1,0.000721,20,0,0,0,0,0,0,True
171,5,2,"[3, 2]","[[2, 2, 3], [0, 1]]",1,2,2,1,PP,"[[1, 1, 1], [1, 1]]",5,6,0.000736,20,0,0,0,0,0,0,True
171,5,2,"[3, 2]","[[2, 2, 3], [0, 1]]",1,2,2,2,PP,"[[2, 1], [2]]",3,2,0.000741,20,0,0,0,0,4,4/5,True
171,5,2,"[3, 2]","[[2, 2, 3], [0, 1]]",1,2,2,3,PP,"[[3], [2]]",2,1,0.000716,20,0,0,0,0,6,6/5,True
171,5,2,"[3, 2]","[[2, 2, 3], [0, 1]]",1,2,2,5,PP,"[[3], [2]]",2,1,0.000716,20,0,0,0,0,8,8/5,True
171,5,2,"[3, 2]","[[2, 2, 3], [0, 1]]",1,2,3,1,PP,"[[1, 1, 1], [1, 1]]",5,6,0.000726,20,0,0,0,0,0,0,True
171,5,2,"[3, 2]","[[2, 2, 3], [0, 1]]",1,2,3,2,PP,"[[2, 1], [2]]",3,2,0.000721,20,0,0,0,0,12,12/5,True
171,5,2,"[3, 2]","[[2, 2, 3], [0, 1]]",1,2,3,3,PP,"[[3], [2]]",2,1,0.000721,20,0,0,0,0,18,18/5,True
171,5,2,"[3, 2]","[[2, 2, 3], [0, 1]]",1,2,3,5,PP,"[[3], [2]]",2,1,0.0007665,20,0,0,0,0,24,24/5,True
172,5,2,"[3, 2]","[[2, 2, 3], [0, 2]]",1,2,0,1,PP,"[[1, 1, 1], [1, 1]]",5,6,0.0007165,20,0,0,0,0,0,0,True
172,5,2,"[3, 2]","[[2, 2, 3], [0, 2]]",1,2,0,2,PP,"[[2, 1], [1, 1]]",4,4,0.0007265,20,0,0,0,0,0,0,True
172,5,2,"[3, 2]","[[2, 2, 3], [0, 2]]",1,2,0,3,PP,"[[2, 1], [1, 1]]",4,4,0.000731,20,0,0,0,0,0,0,True
172,5,2,"[3, 2]","[[2, 2, 3], [0, 2]]",1,2,0,5,PP,"[[2, 1], [1, 1]]",4,4,0.000701,20,0,0,0,0,0,0,True
172,5,2,"[3, 2]","[[2, 2, 3], [0, 2]]",1,2,1,1,PP,"[[1, 1, 1], [1, 1]]",5,6,0.000751,20,0,0,0,0,0,0,True
172,5,2,"[3, 2]","[[2, 2, 3], [0, 2]]",1,2,1,2,PP,"[[2, 1], [1, 1]]",4,4,0.000721,20,0,0,0,0,0,0,True
172,5,2,"[3, 2]","[[2, 2, 3], [0, 2]]",1,2,1,3,PP,"[[3], [1, 1]]",3,2,0.000726,20,0,0,0,0,0,0,True
172,5,2,"[3, 2]","[[2, 2, 3], [0, 2]]",1,2,1,5,PP,"[[3], [1, 1]]",3,2,0.000721,20,0,0,0,0,0,0,True
172,5,2,"[3, 2]","[[2, 2, 3], [0, 2]]",1,2,2,1,PP,"[[1, 1, 1], [1, 1]]",5,6,0.000731,20,0,0,0,0,0,0,True
172,5,2,"[3, 2]","[[2, 2, 3], [0, 2]]",1,2,2,2,PP,"[[2, 1], [2]]",3,2,0.000721,20,2,2/5,2,2/5,4,4/5,True
172,5,2,"[3, 2]","[[2, 2, 3], [0, 2]]",1,2,2,3,PP,"[[3], [2]]",2,1,0.000701,20,2,2/5,2,2/5,6,6/5,True
172,5,2,"[3, 2]","[[2, 2, 3], [0, 2]]",1,2,2,5,PP,"[[3], [2]]",2,1,0.000751,20,2,2/5,2,2/5,8,8/5,True
172,5,2,"[3, 2]","[[2, 2, 3], [0, 2]]",1,2,3,1,PP,"[[1, 1, 1], [1, 1]]",5,6,0.000721,20,0,0,0,0,0,0,True
172,5,2,"[3, 2]","[[2, 2, 3], [0, 2]]",1,2,3,2,PP,"[[2, 1], [2]]",3,2,0.0007265,20,2,2/5,2,2/5,12,12/5,True
172,5,2,"[3, 2]","[[2, 2, 3], [0, 2]]",1,2,3,3,PP,"[[3], [2]]",2,1,0.000711,20,2,2/5,2,2/5,18,18/5,True
172,5,2,"[3, 2]","[[2, 2, 3], [0, 2]]",1,2,3,5,PP,"[[3], [2]]",2,1,0.000716,20,2,2/5,2,2/5,24,24/5,True
173,5,2,"[3, 2]","[[2, 2, 3], [0, 3]]",1,2,0,1,PP,"[[1, 1, 1], [1, 1]]",5,6,0.000726,20,0,0,0,0,0,0,True
173,5,2,"[3, 2]","[[2, 2, 3], [0, 3]]",1,2,0,2,PP,"[[2, 1], [1, 1]]",4,4,0.000741,20,0,0,0,0,0,0,True
173,5,2,"[3, 2]","[[2, 2, 3], [0, 3]]",1,2,0,3,PP,"[[2, 1], [1, 1]]",4,4,0.000731,20,0,0,0,0,0,0,True
173,5,2,"[3, 2]","[[2, 2, 3], [0, 3]]",1,2,0,5,PP,"[[2, 1], [1, 1]]",4,4,0.000731,20,0,0,0,0,0,0,True
173,5,2,"[3, 2]","[[2, 2, 3], [0, 3]]",1,2,1,1,PP,"[[1, 1, 1], [1, 1]]",5,6,0.000746,20,0,0,0,0,0,0,True
173,5,2,"[3, 2]","[[2, 2, 3], [0, 3]]",1,2,1,2,PP,"[[2, 1], [1, 1]]",4,4,0.000731,20,0,0,0,0,0,0,True
173,5,2,"[3, 2]","[[2, 2, 3], [0, 3]]",1,2,1,3,PP,"[[3], [1, 1]]",3,2,0.000706,20,0,0,0,0,0,0,True
173,5,2,"[3, 2]","[[2, 2, 3], [0, 3]]",1,2,1,5,PP,"[[3], [1, 1]]",3,2,0.000726,20,0,0,0,0,0,0,True
173,5,2,"[3, 2]","[[2, 2, 3], [0, 3]]",1,2,2,1,PP,"[[1, 1, 1], [1, 1]]",5,6,0.000746,20,0,0,0,0,0,0,True
173,5,2,"[3, 2]","[[2, 2, 3], [0, 3]]",1,2,2,2,PP,"[[2, 1], [1, 1]]",4,4,0.000741,20,0,0,0,0,4,4/5,True
173,5,2,"[3, 2]","[[2, 2, 3], [0, 3]]",1,2,2,3,PP,"[[3], [1, 1]]",3,2,0.000731,20,0,0,0,0,6,6/5,True
173,5,2,"[3, 2]","[[2, 2, 3], [0, 3]]",1,2,2,5,PP,"[[3], [1, 1]]",3,2,0.0007115,20,0,0,0,0,8,8/5,True
173,5,2,"[3, 2]","[[2, 2, 3], [0, 3]]",1,2,3,1,PP,"[[1, 1, 1], [1, 1]]",5,6,0.000726,20,0,0,0,0,0,0,True
173,5,2,"[3, 2]","[[2, 2, 3], [0, 3]]",1,2,3,2,PP,"[[2, 1], [2]]",3,2,0.0007315,20,6,6/5,6,6/5,12,12/5,True
173,5,2,"[3, 2]","[[2, 2, 3], [0, 3]]",1,2,3,3,PP,"[[3], [2]]",2,1,0.000711,20,6,6/5,6,6/5,18,18/5,True
173,5,2,"[3, 2]","[[2, 2, 3], [0, 3]]",1,2,3,5,PP,"[[3], [2]]",2,1,0.000711,20,6,6/5,6,6/5,24,24/5,True
174,5,2,"[3, 2]","[[2, 2, 3], [1, 1]]",1,2,0,1,PP,"[[1, 1, 1], [1, 1]]",5,6,0.000731,20,0,0,0,0,0,0,True
174,5,2,"[3, 2]","[[2, 2, 3], [1, 1]]",1,2,0,2,PP,"[[2, 1], [2]]",3,2,0.000721,20,0,0,0,0,0,0,True
174,5,2,"[3, 2]","[[2, 2, 3], [1, 1]]",1,2,0,3,PP,"[[2, 1], [2]]",3,2,0.000716,20,0,0,0,0,0,0,True
174,5,2,"[3, 2]","[[2, 2, 3], [1, 1]]",1,2,0,5,PP,"[[2, 1], [2]]",3,2,0.0007115,20,0,0,0,0,0,0,True
174,5,2,"[3, 2]","[[2, 2, 3], [1, 1]]",1,2,1,1,PP,"[[1, 1, 1], [1, 1]]",5,6,0.000746,20,0,0,0,0,0,0,True
174,5,2,"[3, 2]","[[2, 2, 3], [1, 1]]",1,2,1,2,PP,"[[2, 1], [2]]",3,2,0.000726,20,0,0,0,0,0,0,True
174,5,2,"[3, 2]","[[2, 2, 3], [1, 1]]",1,2,1,3,PP,"[[3], [2]]",2,1,0.0007165,20,0,0,0,0,0,0,True
174,5,2,"[3, 2]","[[2, 2, 3], [1, 1]]",1,2,1,5,PP,"[[3], [2]]",2,1,0.0007165,20,0,0,0,0,0,0,True
174,5,2,"[3, 2]","[[2, 2, 3], [1, 1]]",1,2,2,1,PP,"[[1, 1, 1], [1, 1]]",5,6,0.0007415,20,0,0,0,0,0,0,True
174,5,2,"[3, 2]","[[2, 2, 3], [1, 1]]",1,2,2,2,PP,"[[2, 1], [2]]",3,2,0.000741,20,0,0,0,0,4,4/5,True
174,5,2,"[3, 2]","[[2, 2, 3], [1, 1]]",1,2,2,3,PP,"[[3], [2]]",2,1,0.000721,20,0,0,0,0,6,6/5,True
174,5,2,"[3, 2]","[[2, 2, 3], [1, 1]]",1,2,2,5,PP,"[[3], [2]]",2,1,0.000721,20,0,0,0,0,8,8/5,True
174,5,2,"[3, 2]","[[2, 2, 3], [1, 1]]",1,2,3,1,PP,"[[1, 1, 1], [1, 1]]",5,6,0.0007365,20,0,0,0,0,0,0,True
174,5,2,"[3, 2]","[[2, 2, 3], [1, 1]]",1,2,3,2,PP,"[[2, 1], [2]]",3,2,0.000751,20,0,0,0,0,12,12/5,True
174,5,2,"[3, 2]","[[2, 2, 3], [1, 1]]",1,2,3,3,PP,"[[3], [2]]",2,1,0.0007265,20,0,0,0,0,18,18/5,True
174,5,2,"[3, 2]","[[2, 2, 3], [1, 1]]",1,2,3,5,PP,"[[3], [2]]",2,1,0.000716,20,0,0,0,0,24,24/5,True
175,5,2,"[3, 2]","[[2, 2, 3], [1, 2]]",1,2,0,1,PP,"[[1, 1, 1], [1, 1]]",5,6,0.000746,20,0,0,0,0,0,0,True
175,5,2,"[3, 2]","[[2, 2, 3], [1, 2]]",1,2,0,2,PP,"[[2, 1], [1, 1]]",4,4,0.0007565,20,0,0,0,0,0,0,True
175,5,2,"[3, 2]","[[2, 2, 3], [1, 2]]",1,2,0,3,PP,"[[2, 1], [1, 1]]",4,4,0.0007265,20,0,0,0,0,0,0,True
175,5,2,"[3, 2]","[[2, 2, 3], [1, 2]]",1,2,0,5,PP,"[[2, 1], [1, 1]]",4,4,0.000716,20,0,0,0,0,0,0,True
175,5,2,"[3, 2]","[[2, 2, 3], [1, 2]]",1,2,1,1,PP,"[[1, 1, 1], [1, 1]]",5,6,0.000752,20,0,0,0,0,0,0,True
175,5,2,"[3, 2]","[[2, 2, 3], [1, 2]]",1,2,1,2,PP,"[[2, 1], [2]]",3,2,0.000731,20,0,0,0,0,0,0,True
175,5,2,"[3, 2]","[[2, 2, 3], [1, 2]]",1,2,1,3,PP,"[[3], [2]]",2,1,0.0007365,20,0,0,0,0,0,0,True
175,5,2,"[3, 2]","[[2, 2, 3], [1, 2]]",1,2,1,5,PP,"[[3], [2]]",2,1,0.000726,20,0,0,0,0,0,0,True
175,5,2,"[3, 2]","[[2, 2, 3], [1, 2]]",1,2,2,1,PP,"[[1, 1, 1], [1, 1]]",5,6,0.000721,20,0,0,0,0,0,0,True
175,5,2,"[3, 2]","[[2, 2, 3], [1, 2]]",1,2,2,2,PP,"[[2, 1], [2]]",3,2,0.000731,20,0,0,0,0,4,4/5,True
175,5,2,"[3, 2]","[[2, 2, 3], [1, 2]]",1,2,2,3,PP,"[[3], [2]]",2,1,0.000721,20,0,0,0,0,6,6/5,True
175,5,2,"[3, 2]","[[2, 2, 3], [1, 2]]",1,2,2,5,PP,"[[3], [2]]",2,1,0.000706,20,0,0,0,0,8,8/5,True
175,5,2,"[3, 2]","[[2, 2, 3], [1, 2]]",1,2,3,1,PP,"[[1, 1, 1], [1, 1]]",5,6,0.000741,20,0,0,0,0,0,0,True
175,5,2,"[3, 2]","[[2, 2, 3], [1, 2]]",1,2,3,2,PP,"[[2, 1], [2]]",3,2,0.000731,20,0,0,0,0,12,12/5,True
175,5,2,"[3, 2]","[[2, 2, 3], [1, 2]]",1,2,3,3,PP,"[[3], [2]]",2,1,0.0007065,20,0,0,0,0,18,18/5,True
175,5,2,"[3, 2]","[[2, 2, 3], [1, 2]]",1,2,3,5,PP,"[[3], [2]]",2,1,0.000721,20,0,0,0,0,24,24/5,True
176,5,2,"[3, 2]","[[2, 2, 3], [1, 3]]",1,2,0,1,PP,"[[1, 1, 1], [1, 1]]",5,6,0.000731,20,0,0,0,0,0,0,True
176,5,2,"[3, 2]","[[2, 2, 3], [1, 3]]",1,2,0,2,PP,"[[2, 1], [1, 1]]",4,4,0.000731,20,0,0,0,0,0,0,True
176,5,2,"[3, 2]","[[2, 2, 3], [1, 3]]",1,2,0,3,PP,"[[2, 1], [1, 1]]",4,4,0.000751,20,0,0,0,0,0,0,True
176,5,2,"[3, 2]","[[2, 2, 3], [1, 3]]",1,2,0,5,PP,"[[2, 1], [1, 1]]",4,4,0.0007315,20,0,0,0,0,0,0,True
176,5,2,"[3, 2]","[[2, 2, 3], [1, 3]]",1,2,1,1,PP,"[[1, 1, 1], [1, 1]]",5,6,0.0007465,20,0,0,0,0,0,0,True
176,5,2,"[3, 2]","[[2, 2, 3], [1, 3]]",1,2,1,2,PP,"[[2, 1], [1, 1]]",4,4,0.000726,20,0,0,0,0,0,0,True
176,5,2,"[3, 2]","[[2, 2, 3], [1, 3]]",1,2,1,3,PP,"[[3], [1, 1]]",3,2,0.0007465,20,0,0,0,0,0,0,True
176,5,2,"[3, 2]","[[2, 2, 3], [1, 3]]",1,2,1,5,PP,"[[3], [1, 1]]",3,2,0.000741,20,0,0,0,0,0,0,True
176,5,2,"[3, 2]","[[2, 2, 3], [1, 3]]",1,2,2,1,PP,"[[1, 1, 1], [1, 1]]",5,6,0.000732,20,0,0,0,0,0,0,True
176,5,2,"[3, 2]","[[2, 2, 3], [1, 3]]",1,2,2,2,PP,"[[2, 1], [2]]",3,2,0.000741,20,2,2/5,2,2/5,4,4/5,True
176,5,2,"[3, 2]","[[2, 2, 3], [1, 3]]",1,2,2,3,PP,"[[3], [2]]",2,1,0.000721,20,2,2/5,2,2/5,6,6/5,True
176,5,2,"[3, 2]","[[2, 2, 3], [1, 3]]",1,2,2,5,PP,"[[3], [2]]",2,1,0.000731,20,2,2/5,2,2/5,8,8/5,True
176,5,2,"[3, 2]","[[2, 2, 3], [1, 3]]",1,2,3,1,PP,"[[1, 1, 1], [1, 1]]",5,6,0.000741,20,0,0,0,0,0,0,True
176,5,2,"[3, 2]","[[2, 2, 3], [1, 3]]",1,2,3,2,PP,"[[2, 1], [2]]",3,2,0.000736,20,2,2/5,2,2/5,12,12/5,True
176,5,2,"[3, 2]","[[2, 2, 3], [1, 3]]",1,2,3,3,PP,"[[3], [2]]",2,1,0.000771,20,2,2/5,2,2/5,18,18/5,True
176,5,2,"[3, 2]","[[2, 2, 3], [1, 3]]",1,2,3,5,PP,"[[3], [2]]",2,1,0.000741,20,2,2/5,2,2/5,24,24/5,True
177,5,2,"[3, 2]","[[2, 2, 3], [2, 2]]",1,2,0,1,PP,"[[1, 1, 1], [1, 1]]",5,6,0.000731,20,0,0,0,0,0,0,True
177,5,2,"[3, 2]","[[2, 2, 3], [2, 2]]",1,2,0,2,PP,"[[2, 1], [2]]",3,2,0.0007365,20,0,0,0,0,0,0,True
177,5,2,"[3, 2]","[[2, 2, 3], [2, 2]]",1,2,0,3,PP,"[[2, 1], [2]]",3,2,0.000736,20,0,0,0,0,0,0,True
177,5,2,"[3, 2]","[[2, 2, 3], [2, 2]]",1,2,0,5,PP,"[[2, 1], [2]]",3,2,0.000731,20,0,0,0,0,0,0,True
177,5,2,"[3, 2]","[[2, 2, 3], [2, 2]]",1,2,1,1,PP,"[[1, 1, 1], [1, 1]]",5,6,0.000741,20,0,0,0,0,0,0,True
177,5,2,"[3, 2]","[[2, 2, 3], [2, 2]]",1,2,1,2,PP,"[[2, 1], [2]]",3,2,0.000716,20,0,0,0,0,0,0,True
177,5,2,"[3, 2]","[[2, 2, 3], [2, 2]]",1,2,1,3,PP,"[[3], [2]]",2,1,0.000726,20,0,0,0,0,0,0,True
177,5,2,"[3, 2]","[[2, 2, 3], [2, 2]]",1,2,1,5,PP,"[[3], [2]]",2,1,0.000736,20,0,0,0,0,0,0,True
177,5,2,"[3, 2]","[[2, 2, 3], [2, 2]]",1,2,2,1,PP,"[[1, 1, 1], [1, 1]]",5,6,0.000721,20,0,0,0,0,0,0,True
177,5,2,"[3, 2]","[[2, 2, 3], [2, 2]]",1,2,2,2,PP,"[[2, 1], [2]]",3,2,0.000721,20,0,0,0,0,4,4/5,True
177,5,2,"[3, 2]","[[2, 2, 3], [2, 2]]",1,2,2,3,PP,"[[3], [2]]",2,1,0.000721,20,0,0,0,0,6,6/5,True
177,5,2,"[3, 2]","[[2, 2, 3], [2, 2]]",1,2,2,5,PP,"[[3], [2]]",2,1,0.000711,20,0,0,0,0,8,8/5,True
177,5,2,"[3, 2]","[[2, 2, 3], [2, 2]]",1,2,3,1,PP,"[[1, 1, 1], [1, 1]]",5,6,0.000741,20,0,0,0,0,0,0,True
177,5,2,"[3, 2]","[[2, 2, 3], [2, 2]]",1,2,3,2,PP,"[[2, 1], [2]]",3,2,0.000721,20,0,0,0,0,12,12/5,True
177,5,2,"[3, 2]","[[2, 2, 3], [2, 2]]",1,2,3,3,PP,"[[3], [2]]",2,1,0.000721,20,0,0,0,0,18,18/5,True
177,5,2,"[3, 2]","[[2, 2, 3], [2, 2]]",1,2,3,5,PP,"[[3], [2]]",2,1,0.000711,20,0,0,0,0,24,24/5,True
178,5,2,"[3, 2]","[[2, 2, 3], [2, 3]]",1,2,0,1,PP,"[[1, 1, 1], [1, 1]]",5,6,0.000741,20,0,0,0,0,0,0,True
178,5,2,"[3, 2]","[[2, 2, 3], [2, 3]]",1,2,0,2,PP,"[[2, 1], [1, 1]]",4,4,0.0007265,20,0,0,0,0,0,0,True
178,5,2,"[3, 2]","[[2, 2, 3], [2, 3]]",1,2,0,3,PP,"[[2, 1], [1, 1]]",4,4,0.000726,20,0,0,0,0,0,0,True
178,5,2,"[3, 2]","[[2, 2, 3], [2, 3]]",1,2,0,5,PP,"[[2, 1], [1, 1]]",4,4,0.000711,20,0,0,0,0,0,0,True
178,5,2,"[3, 2]","[[2, 2, 3], [2, 3]]",1,2,1,1,PP,"[[1, 1, 1], [1, 1]]",5,6,0.000731,20,0,0,0,0,0,0,True
178,5,2,"[3, 2]","[[2, 2, 3], [2, 3]]",1,2,1,2,PP,"[[2, 1], [2]]",3,2,0.000751,20,0,0,0,0,0,0,True
178,5,2,"[3, 2]","[[2, 2, 3], [2, 3]]",1,2,1,3,PP,"[[3], [2]]",2,1,0.000721,20,0,0,0,0,0,0,True
178,5,2,"[3, 2]","[[2, 2, 3], [2, 3]]",1,2,1,5,PP,"[[3], [2]]",2,1,0.000716,20,0,0,0,0,0,0,True
178,5,2,"[3, 2]","[[2, 2, 3], [2, 3]]",1,2,2,1,PP,"[[1, 1, 1], [1, 1]]",5,6,0.0007165,20,0,0,0,0,0,0,True
178,5,2,"[3, 2]","[[2, 2, 3], [2, 3]]",1,2,2,2,PP,"[[2, 1], [2]]",3,2,0.000741,20,0,0,0,0,4,4/5,True
178,5,2,"[3, 2]","[[2, 2, 3], [2, 3]]",1,2,2,3,PP,"[[3], [2]]",2,1,0.000716,20,0,0,0,0,6,6/5,True
178,5,2,"[3, 2]","[[2, 2, 3], [2, 3]]",1,2,2,5,PP,"[[3], [2]]",2,1,0.000721,20,0,0,0,0,8,8/5,True
178,5,2,"[3, 2]","[[2, 2, 3], [2, 3]]",1,2,3,1,PP,"[[1, 1, 1], [1, 1]]",5,6,0.0007415,20,0,0,0,0,0,0,True
178,5,2,"[3, 2]","[[2, 2, 3], [2, 3]]",1,2,3,2,PP,"[[2, 1], [2]]",3,2,0.000721,20,0,0,0,0,12,12/5,True
178,5,2,"[3, 2]","[[2, 2, 3], [2, 3]]",1,2,3,3,PP,"[[3], [2]]",2,1,0.0007415,20,0,0,0,0,18,18/5,True
178,5,2,"[3, 2]","[[2, 2, 3], [2, 3]]",1,2,3,5,PP,"[[3], [2]]",2,1,0.000716,20,0,0,0,0,24,24/5,True
179,5,2,"[3, 2]","[[2, 2, 3], [3, 3]]",1,2,0,1,PP,"[[1, 1, 1], [1, 1]]",5,6,0.000721,20,0,0,0,0,0,0,True
179,5,2,"[3, 2]","[[2, 2, 3], [3, 3]]",1,2,0,2,PP,"[[2, 1], [2]]",3,2,0.000726,20,0,0,0,0,0,0,True
179,5,2,"[3, 2]","[[2, 2, 3], [3, 3]]",1,2,0,3,PP,"[[2, 1], [2]]",3,2,0.000741,20,0,0,0,0,0,0,True
179,5,2,"[3, 2]","[[2, 2, 3], [3, 3]]",1,2,0,5,PP,"[[2, 1], [2]]",3,2,0.0007465,20,0,0,0,0,0,0,True
179,5,2,"[3, 2]","[[2, 2, 3], [3, 3]]",1,2,1,1,PP,"[[1, 1, 1], [1, 1]]",5,6,0.0007315,20,0,0,0,0,0,0,True
179,5,2,"[3, 2]","[[2, 2, 3], [3, 3]]",1,2,1,2,PP,"[[2, 1], [2]]",3,2,0.000721,20,0,0,0,0,0,0,True
179,5,2,"[3, 2]","[[2, 2, 3], [3, 3]]",1,2,1,3,PP,"[[3], [2]]",2,1,0.0007315,20,0,0,0,0,0,0,True
179,5,2,"[3, 2]","[[2, 2, 3], [3, 3]]",1,2,1,5,PP,"[[3], [2]]",2,1,0.000731,20,0,0,0,0,0,0,True
179,5,2,"[3, 2]","[[2, 2, 3], [3, 3]]",1,2,2,1,PP,"[[1, 1, 1], [1, 1]]",5,6,0.000741,20,0,0,0,0,0,0,True
179,5,2,"[3, 2]","[[2, 2, 3], [3, 3]]",1,2,2,2,PP,"[[2, 1], [2]]",3,2,0.000722,20,0,0,0,0,4,4/5,True
179,5,2,"[3, 2]","[[2, 2, 3], [3, 3]]",1,2,2,3,PP,"[[3], [2]]",2,1,0.000721,20,0,0,0,0,6,6/5,True
179,5,2,"[3, 2]","[[2, 2, 3], [3, 3]]",1,2,2,5,PP,"[[3], [2]]",2,1,0.0007265,20,0,0,0,0,8,8/5,True
179,5,2,"[3, 2]","[[2, 2, 3], [3, 3]]",1,2,3,1,PP,"[[1, 1, 1], [1, 1]]",5,6,0.000731,20,0,0,0,0,0,0,True
179,5,2,"[3, 2]","[[2, 2, 3], [3, 3]]",1,2,3,2,PP,"[[2, 1], [2]]",3,2,0.000736,20,0,0,0,0,12,12/5,True
179,5,2,"[3, 2]","[[2, 2, 3], [3, 3]]",1,2,3,3,PP,"[[3], [2]]",2,1,0.000726,20,0,0,0,0,18,18/5,True
179,5,2,"[3, 2]","[[2, 2, 3], [3, 3]]",1,2,3,5,PP,"[[3], [2]]",2,1,0.000746,20,0,0,0,0,24,24/5,True
180,5,2,"[3, 2]","[[2, 3, 3], [0, 0]]",1,2,0,1,PP,"[[1, 1, 1], [1, 1]]",5,6,0.0007315,20,0,0,0,0,0,0,True
180,5,2,"[3, 2]","[[2, 3, 3], [0, 0]]",1,2,0,2,PP,"[[1, 2], [2]]",3,2,0.000721,20,0,0,0,0,0,0,True
180,5,2,"[3, 2]","[[2, 3, 3], [0, 0]]",1,2,0,3,PP,"[[1, 2], [2]]",3,2,0.000721,20,0,0,0,0,0,0,True
180,5,2,"[3, 2]","[[2, 3, 3], [0, 0]]",1,2,0,5,PP,"[[1, 2], [2]]",3,2,0.000716,20,0,0,0,0,0,0,True
180,5,2,"[3, 2]","[[2, 3, 3], [0, 0]]",1,2,1,1,PP,"[[1, 1, 1], [1, 1]]",5,6,0.000731,20,0,0,0,0,0,0,True
180,5,2,"[3, 2]","[[2, 3, 3], [0, 0]]",1,2,1,2,PP,"[[2, 1], [2]]",3,2,0.000726,20,0,0,0,0,0,0,True
180,5,2,"[3, 2]","[[2, 3, 3], [0, 0]]",1,2,1,3,PP,"[[3], [2]]",2,1,0.000711,20,0,0,0,0,0,0,True
180,5,2,"[3, 2]","[[2, 3, 3], [0, 0]]",1,2,1,5,PP,"[[3], [2]]",2,1,0.000721,20,0,0,0,0,0,0,True
180,5,2,"[3, 2]","[[2, 3, 3], [0, 0]]",1,2,2,1,PP,"[[1, 1, 1], [1, 1]]",5,6,0.000741,20,0,0,0,0,0,0,True
180,5,2,"[3, 2]","[[2, 3, 3], [0, 0]]",1,2,2,2,PP,"[[2, 1], [2]]",3,2,0.0007165,20,0,0,0,0,4,4/5,True
180,5,2,"[3, 2]","[[2, 3, 3], [0, 0]]",1,2,2,3,PP,"[[3], [2]]",2,1,0.000721,20,0,0,0,0,6,6/5,True
180,5,2,"[3, 2]","[[2, 3, 3], [0, 0]]",1,2,2,5,PP,"[[3], [2]]",2,1,0.000721,20,0,0,0,0,8,8/5,True
180,5,2,"[3, 2]","[[2, 3, 3], [0, 0]]",1,2,3,1,PP,"[[1, 1, 1], [1, 1]]",5,6,0.000716,20,0,0,0,0,0,0,True
180,5,2,"[3, 2]","[[2, 3, 3], [0, 0]]",1,2,3,2,PP,"[[2, 1], [2]]",3,2,0.0007315,20,0,0,0,0,12,12/5,True
180,5,2,"[3, 2]","[[2, 3, 3], [0, 0]]",1,2,3,3,PP,"[[3], [2]]",2,1,0.000721,20,0,0,0,0,18,18/5,True
180,5,2,"[3, 2]","[[2, 3, 3], [0, 0]]",1,2,3,5,PP,"[[3], [2]]",2,1,0.000721,20,0,0,0,0,24,24/5,True
181,5,2,"[3, 2]","[[2, 3, 3], [0, 1]]",1,2,0,1,PP,"[[1, 1, 1], [1, 1]]",5,6,0.000741,20,0,0,0,0,0,0,True
181,5,2,"[3, 2]","[[2, 3, 3], [0, 1]]",1,2,0,2,PP,"[[1, 2], [1, 1]]",4,4,0.000711,20,0,0,0,0,0,0,True
181,5,2,"[3, 2]","[[2, 3, 3], [0, 1]]",1,2,0,3,PP,"[[1, 2], [1, 1]]",4,4,0.000721,20,0,0,0,0,0,0,True
181,5,2,"[3, 2]","[[2, 3, 3], [0, 1]]",1,2,0,5,PP,"[[1, 2], [1, 1]]",4,4,0.000731,20,0,0,0,0,0,0,True
181,5,2,"[3, 2]","[[2, 3, 3], [0, 1]]",1,2,1,1,PP,"[[1, 1, 1], [1, 1]]",5,6,0.000746,20,0,0,0,0,0,0,True
181,5,2,"[3, 2]","[[2, 3, 3], [0, 1]]",1,2,1,2,PP,"[[2, 1], [2]]",3,2,0.0007465,20,0,0,0,0,0,0,True
181,5,2,"[3, 2]","[[2, 3, 3], [0, 1]]",1,2,1,3,PP,"[[3], [2]]",2,1,0.0007215,20,0,0,0,0,0,0,True
181,5,2,"[3, 2]","[[2, 3, 3], [0, 1]]",1,2,1,5,PP,"[[3], [2]]",2,1,0.000731,20,0,0,0,0,0,0,True
181,5,2,"[3, 2]","[[2, 3, 3], [0, 1]]",1,2,2,1,PP,"[[1, 1, 1], [1, 1]]",5,6,0.000736,20,0,0,0,0,0,0,True
181,5,2,"[3, 2]","[[2, 3, 3], [0, 1]]",1,2,2,2,PP,"[[2, 1], [2]]",3,2,0.0007515,20,0,0,0,0,4,4/5,True
181,5,2,"[3, 2]","[[2, 3, 3], [0, 1]]",1,2,2,3,PP,"[[3], [2]]",2,1,0.000726,20,0,0,0,0,6,6/5,True
181,5,2,"[3, 2]","[[2, 3, 3], [0, 1]]",1,2,2,5,PP,"[[3], [2]]",2,1,0.000716,20,0,0,0,0,8,8/5,True
181,5,2,"[3, 2]","[[2, 3, 3], [0, 1]]",1,2,3,1,PP,"[[1, 1, 1], [1, 1]]",5,6,0.000731,20,0,0,0,0,0,0,True
181,5,2,"[3, 2]","[[2, 3, 3], [0, 1]]",1,2,3,2,PP,"[[2, 1], [2]]",3,2,0.0007415,20,0,0,0,0,12,12/5,True
181,5,2,"[3, 2]","[[2, 3, 3], [0, 1]]",1,2,3,3,PP,"[[3], [2]]",2,1,0.000711,20,0,0,0,0,18,18/5,True
181,5,2,"[3, 2]","[[2, 3, 3], [0, 1]]",1,2,3,5,PP,"[[3], [2]]",2,1,0.000711,20,0,0,0,0,24,24/5,True
182,5,2,"[3, 2]","[[2, 3, 3], [0, 2]]",1,2,0,1,PP,"[[1, 1, 1], [1, 1]]",5,6,0.0007215,20,0,0,0,0,0,0,True
182,5,2,"[3, 2]","[[2, 3, 3], [0, 2]]",1,2,0,2,PP,"[[1, 2], [1, 1]]",4,4,0.000716,20,0,0,0,0,0,0,True
182,5,2,"[3, 2]","[[2, 3, 3], [0, 2]]",1,2,0,3,PP,"[[1, 2], [1, 1]]",4,4,0.000721,20,0,0,0,0,0,0,True
182,5,2,"[3, 2]","[[2, 3, 3], [0, 2]]",1,2,0,5,PP,"[[1, 2], [1, 1]]",4,4,0.000726,20,0,0,0,0,0,0,True
182,5,2,"[3, 2]","[[2, 3, 3], [0, 2]]",1,2,1,1,PP,"[[1, 1, 1], [1, 1]]",5,6,0.000731,20,0,0,0,0,0,0,True
182,5,2,"[3, 2]","[[2, 3, 3], [0, 2]]",1,2,1,2,PP,"[[2, 1], [1, 1]]",4,4,0.000722,20,0,0,0,0,0,0,True
182,5,2,"[3, 2]","[[2, 3, 3], [0, 2]]",1,2,1,3,PP,"[[3], [1, 1]]",3,2,0.000726,20,0,0,0,0,0,0,True
182,5,2,"[3, 2]","[[2, 3, 3], [0, 2]]",1,2,1,5,PP,"[[3], [1, 1]]",3,2,0.000736,20,0,0,0,0,0,0,True
182,5,2,"[3, 2]","[[2, 3, 3], [0, 2]]",1,2,2,1,PP,"[[1, 1, 1], [1, 1]]",5,6,0.000741,20,0,0,0,0,0,0,True
182,5,2,"[3, 2]","[[2, 3, 3], [0, 2]]",1,2,2,2,PP,"[[2, 1], [2]]",3,2,0.000731,20,2,2/5,2,2/5,4,4/5,True
182,5,2,"[3, 2]","[[2, 3, 3], [0, 2]]",1,2,2,3,PP,"[[3], [2]]",2,1,0.000731,20,2,2/5,2,2/5,6,6/5,True
182,5,2,"[3, 2]","[[2, 3, 3], [0, 2]]",1,2,2,5,PP,"[[3], [2]]",2,1,0.000736,20,2,2/5,2,2/5,8,8/5,True
182,5,2,"[3, 2]","[[2, 3, 3], [0, 2]]",1,2,3,1,PP,"[[1, 1, 1], [1, 1]]",5,6,0.0007515,20,0,0,0,0,0,0,True
182,5,2,"[3, 2]","[[2, 3, 3], [0, 2]]",1,2,3,2,PP,"[[2, 1], [2]]",3,2,0.000741,20,2,2/5,2,2/5,12,12/5,True
182,5,2,"[3, 2]","[[2, 3, 3], [0, 2]]",1,2,3,3,PP,"[[3], [2]]",2,1,0.0007265,20,2,2/5,2,2/5,18,18/5,True
182,5,2,"[3, 2]","[[2, 3, 3], [0, 2]]",1,2,3,5,PP,"[[3], [2]]",2,1,0.000721,20,2,2/5,2,2/5,24,24/5,True
183,5,2,"[3, 2]","[[2, 3, 3], [0, 3]]",1,2,0,1,PP,"[[1, 1, 1], [1, 1]]",5,6,0.000741,20,0,0,0,0,0,0,True
183,5,2,"[3, 2]","[[2, 3, 3], [0, 3]]",1,2,0,2,PP,"[[1, 2], [1, 1]]",4,4,0.0008165,20,0,0,0,0,0,0,True
183,5,2,"[3, 2]","[[2, 3, 3], [0, 3]]",1,2,0,3,PP,"[[1, 2], [1, 1]]",4,4,0.000801,20,0,0,0,0,0,0,True
183,5,2,"[3, 2]","[[2, 3, 3], [0, 3]]",1,2,0,5,PP,"[[1, 2], [1, 1]]",4,4,0.000791,20,0,0,0,0,0,0,True
183,5,2,"[3, 2]","[[2, 3, 3], [0, 3]]",1,2,1,1,PP,"[[1, 1, 1], [1, 1]]",5,6,0.000801,20,0,0,0,0,0,0,True
183,5,2,"[3, 2]","[[2, 3, 3], [0, 3]]",1,2,1,2,PP,"[[2, 1], [1, 1]]",4,4,0.000801,20,0,0,0,0,0,0,True
183,5,2,"[3, 2]","[[2, 3, 3], [0, 3]]",1,2,1,3,PP,"[[3], [1, 1]]",3,2,0.000782,20,0,0,0,0,0,0,True
183,5,2,"[3, 2]","[[2, 3, 3], [0, 3]]",1,2,1,5,PP,"[[3], [1, 1]]",3,2,0.000791,20,0,0,0,0,0,0,True
183,5,2,"[3, 2]","[[2, 3, 3], [0, 3]]",1,2,2,1,PP,"[[1, 1, 1], [1, 1]]",5,6,0.000801,20,0,0,0,0,0,0,True
183,5,2,"[3, 2]","[[2, 3, 3], [0, 3]]",1,2,2,2,PP,"[[2, 1], [1, 1]]",4,4,0.000791,20,0,0,0,0,4,4/5,True
183,5,2,"[3, 2]","[[2, 3, 3], [0, 3]]",1,2,2,3,PP,"[[3], [1, 1]]",3,2,0.0007815,20,0,0,0,0,6,6/5,True
183,5,2,"[3, 2]","[[2, 3, 3], [0, 3]]",1,2,2,5,PP,"[[3], [1, 1]]",3,2,0.000791,20,0,0,0,0,8,8/5,True
183,5,2,"[3, 2]","[[2, 3, 3], [0, 3]]",1,2,3,1,PP,"[[1, 1, 1], [1, 1]]",5,6,0.000821,20,0,0,0,0,0,0,True
183,5,2,"[3, 2]","[[2, 3, 3], [0, 3]]",1,2,3,2,PP,"[[2, 1], [2]]",3,2,0.000831,20,6,6/5,6,6/5,12,12/5,True
183,5,2,"[3, 2]","[[2, 3, 3], [0, 3]]",1,2,3,3,PP,"[[3], [2]]",2,1,0.0007965,20,6,6/5,6,6/5,18,18/5,True
183,5,2,"[3, 2]","[[2, 3, 3], [0, 3]]",1,2,3,5,PP,"[[3], [2]]",2,1,0.0008215,20,6,6/5,6,6/5,24,24/5,True
184,5,2,"[3, 2]","[[2, 3, 3], [1, 1]]",1,2,0,1,PP,"[[1, 1, 1], [1, 1]]",5,6,0.0008465,20,0,0,0,0,0,0,True
184,5,2,"[3, 2]","[[2, 3, 3], [1, 1]]",1,2,0,2,PP,"[[1, 2], [2]]",3,2,0.000816,20,0,0,0,0,0,0,True
184,5,2,"[3, 2]","[[2, 3, 3], [1, 1]]",1,2,0,3,PP,"[[1, 2], [2]]",3,2,0.000811,20,0,0,0,0,0,0,True
184,5,2,"[3, 2]","[[2, 3, 3], [1, 1]]",1,2,0,5,PP,"[[1, 2], [2]]",3,2,0.000831,20,0,0,0,0,0,0,True
184,5,2,"[3, 2]","[[2, 3, 3], [1, 1]]",1,2,1,1,PP,"[[1, 1, 1], [1, 1]]",5,6,0.0008265,20,0,0,0,0,0,0,True
184,5,2,"[3, 2]","[[2, 3, 3], [1, 1]]",1,2,1,2,PP,"[[2, 1], [2]]",3,2,0.0008115,20,0,0,0,0,0,0,True
184,5,2,"[3, 2]","[[2, 3, 3], [1, 1]]",1,2,1,3,PP,"[[3], [2]]",2,1,0.0008465,20,0,0,0,0,0,0,True
184,5,2,"[3, 2]","[[2, 3, 3], [1, 1]]",1,2,1,5,PP,"[[3], [2]]",2,1,0.0007365,20,0,0,0,0,0,0,True
184,5,2,"[3, 2]","[[2, 3, 3], [1, 1]]",1,2,2,1,PP,"[[1, 1, 1], [1, 1]]",5,6,0.000746,20,0,0,0,0,0,0,True
184,5,2,"[3, 2]","[[2, 3, 3], [1, 1]]",1,2,2,2,PP,"[[2, 1], [2]]",3,2,0.0007365,20,0,0,0,0,4,4/5,True
184,5,2,"[3, 2]","[[2, 3, 3], [1, 1]]",1,2,2,3,PP,"[[3], [2]]",2,1,0.000726,20,0,0,0,0,6,6/5,True
184,5,2,"[3, 2]","[[2, 3, 3], [1, 1]]",1,2,2,5,PP,"[[3], [2]]",2,1,0.000711,20,0,0,0,0,8,8/5,True
184,5,2,"[3, 2]","[[2, 3, 3], [1, 1]]",1,2,3,1,PP,"[[1, 1, 1], [1, 1]]",5,6,0.000731,20,0,0,0,0,0,0,True
184,5,2,"[3, 2]","[[2, 3, 3], [1, 1]]",1,2,3,2,PP,"[[2, 1], [2]]",3,2,0.000716,20,0,0,0,0,12,12/5,True
184,5,2,"[3, 2]","[[2, 3, 3], [1, 1]]",1,2,3,3,PP,"[[3], [2]]",2,1,0.0007115,20,0,0,0,0,18,18/5,True
184,5,2,"[3, 2]","[[2, 3, 3], [1, 1]]",1,2,3,5,PP,"[[3], [2]]",2,1,0.000731,20,0,0,0,0,24,24/5,True
185,5,2,"[3, 2]","[[2, 3, 3], [1, 2]]",1,2,0,1,PP,"[[1, 1, 1], [1, 1]]",5,6,0.0007465,20,0,0,0,0,0,0,True
185,5,2,"[3, 2]","[[2, 3, 3], [1, 2]]",1,2,0,2,PP,"[[1, 2], [1, 1]]",4,4,0.000701,20,0,0,0,0,0,0,True
185,5,2,"[3, 2]","[[2, 3, 3], [1, 2]]",1,2,0,3,PP,"[[1, 2], [1, 1]]",4,4,0.000701,20,0,0,0,0,0,0,True
185,5,2,"[3, 2]","[[2, 3, 3], [1, 2]]",1,2,0,5,PP,"[[1, 2], [1, 1]]",4,4,0.000736,20,0,0,0,0,0,0,True
185,5,2,"[3, 2]","[[2, 3, 3], [1, 2]]",1,2,1,1,PP,"[[1, 1, 1], [1, 1]]",5,6,0.000731,20,0,0,0,0,0,0,True
185,5,2,"[3, 2]","[[2, 3, 3], [1, 2]]",1,2,1,2,PP,"[[2, 1], [2]]",3,2,0.000721,20,0,0,0,0,0,0,True
185,5,2,"[3, 2]","[[2, 3, 3], [1, 2]]",1,2,1,3,PP,"[[3], [2]]",2,1,0.000716,20,0,0,0,0,0,0,True
185,5,2,"[3, 2]","[[2, 3, 3], [1, 2]]",1,2,1,5,PP,"[[3], [2]]",2,1,0.000711,20,0,0,0,0,0,0,True
185,5,2,"[3, 2]","[[2, 3, 3], [1, 2]]",1,2,2,1,PP,"[[1, 1, 1], [1, 1]]",5,6,0.0007515,20,0,0,0,0,0,0,True
185,5,2,"[3, 2]","[[2, 3, 3], [1, 2]]",1,2,2,2,PP,"[[2, 1], [2]]",3,2,0.000731,20,0,0,0,0,4,4/5,True
185,5,2,"[3, 2]","[[2, 3, 3], [1, 2]]",1,2,2,3,PP,"[[3], [2]]",2,1,0.000726,20,0,0,0,0,6,6/5,True
185,5,2,"[3, 2]","[[2, 3, 3], [1, 2]]",1,2,2,5,PP,"[[3], [2]]",2,1,0.000751,20,0,0,0,0,8,8/5,True
185,5,2,"[3, 2]","[[2, 3, 3], [1, 2]]",1,2,3,1,PP,"[[1, 1, 1], [1, 1]]",5,6,0.000741,20,0,0,0,0,0,0,True
185,5,2,"[3, 2]","[[2, 3, 3], [1, 2]]",1,2,3,2,PP,"[[2, 1], [2]]",3,2,0.000741,20,0,0,0,0,12,12/5,True
185,5,2,"[3, 2]","[[2, 3, 3], [1, 2]]",1,2,3,3,PP,"[[3], [2]]",2,1,0.000756,20,0,0,0,0,18,18/5,True
185,5,2,"[3, 2]","[[2, 3, 3], [1, 2]]",1,2,3,5,PP,"[[3], [2]]",2,1,0.000731,20,0,0,0,0,24,24/5,True
186,5,2,"[3, 2]","[[2, 3, 3], [1, 3]]",1,2,0,1,PP,"[[1, 1, 1], [1, 1]]",5,6,0.000761,20,0,0,0,0,0,0,True
186,5,2,"[3, 2]","[[2, 3, 3], [1, 3]]",1,2,0,2,PP,"[[1, 2], [1, 1]]",4,4,0.000741,20,0,0,0,0,0,0,True
186,5,2,"[3, 2]","[[2, 3, 3], [1, 3]]",1,2,0,3,PP,"[[1, 2], [1, 1]]",4,4,0.0007265,20,0,0,0,0,0,0,True
186,5,2,"[3, 2]","[[2, 3, 3], [1, 3]]",1,2,0,5,PP,"[[1, 2], [1, 1]]",4,4,0.000721,20,0,0,0,0,0,0,True
186,5,2,"[3, 2]","[[2, 3, 3], [1, 3]]",1,2,1,1,PP,"[[1, 1, 1], [1, 1]]",5,6,0.000731,20,0,0,0,0,0,0,True
186,5,2,"[3, 2]","[[2, 3, 3], [1, 3]]",1,2,1,2,PP,"[[2, 1], [1, 1]]",4,4,0.000716,20,0,0,0,0,0,0,True
186,5,2,"[3, 2]","[[2, 3, 3], [1, 3]]",1,2,1,3,PP,"[[3], [1, 1]]",3,2,0.000721,20,0,0,0,0,0,0,True
186,5,2,"[3, 2]","[[2, 3, 3], [1, 3]]",1,2,1,5,PP,"[[3], [1, 1]]",3,2,0.000711,20,0,0,0,0,0,0,True
186,5,2,"[3, 2]","[[2, 3, 3], [1, 3]]",1,2,2,1,PP,"[[1, 1, 1], [1, 1]]",5,6,0.000721,20,0,0,0,0,0,0,True
186,5,2,"[3, 2]","[[2, 3, 3], [1, 3]]",1,2,2,2,PP,"[[2, 1], [2]]",3,2,0.0007165,20,2,2/5,2,2/5,4,4/5,True
186,5,2,"[3, 2]","[[2, 3, 3], [1, 3]]",1,2,2,3,PP,"[[3], [2]]",2,1,0.000716,20,2,2/5,2,2/5,6,6/5,True
186,5,2,"[3, 2]","[[2, 3, 3], [1, 3]]",1,2,2,5,PP,"[[3], [2]]",2,1,0.000716,20,2,2/5,2,2/5,8,8/5,True
186,5,2,"[3, 2]","[[2, 3, 3], [1, 3]]",1,2,3,1,PP,"[[1, 1, 1], [1, 1]]",5,6,0.000721,20,0,0,0,0,0,0,True
186,5,2,"[3, 2]","[[2, 3, 3], [1, 3]]",1,2,3,2,PP,"[[2, 1], [2]]",3,2,0.000716,20,2,2/5,2,2/5,12,12/5,True
186,5,2,"[3, 2]","[[2, 3, 3], [1, 3]]",1,2,3,3,PP,"[[3], [2]]",2,1,0.0007165,20,2,2/5,2,2/5,18,18/5,True
186,5,2,"[3, 2]","[[2, 3, 3], [1, 3]]",1,2,3,5,PP,"[[3], [2]]",2,1,0.000716,20,2,2/5,2,2/5,24,24/5,True
187,5,2,"[3, 2]","[[2, 3, 3], [2, 2]]",1,2,0,1,PP,"[[1, 1, 1], [1, 1]]",5,6,0.000721,20,0,0,0,0,0,0,True
187,5,2,"[3, 2]","[[2, 3, 3], [2, 2]]",1,2,0,2,PP,"[[1, 2], [2]]",3,2,0.000721,20,0,0,0,0,0,0,True
187,5,2,"[3, 2]","[[2, 3, 3], [2, 2]]",1,2,0,3,PP,"[[1, 2], [2]]",3,2,0.000721,20,0,0,0,0,0,0,True
187,5,2,"[3, 2]","[[2, 3, 3], [2, 2]]",1,2,0,5,PP,"[[1, 2], [2]]",3,2,0.0007365,20,0,0,0,0,0,0,True
187,5,2,"[3, 2]","[[2, 3, 3], [2, 2]]",1,2,1,1,PP,"[[1, 1, 1], [1, 1]]",5,6,0.000751,20,0,0,0,0,0,0,True
187,5,2,"[3, 2]","[[2, 3, 3], [2, 2]]",1,2,1,2,PP,"[[2, 1], [2]]",3,2,0.000741,20,0,0,0,0,0,0,True
187,5,2,"[3, 2]","[[2, 3, 3], [2, 2]]",1,2,1,3,PP,"[[3], [2]]",2,1,0.000736,20,0,0,0,0,0,0,True
187,5,2,"[3, 2]","[[2, 3, 3], [2, 2]]",1,2,1,5,PP,"[[3], [2]]",2,1,0.000736,20,0,0,0,0,0,0,True
187,5,2,"[3, 2]","[[2, 3, 3], [2, 2]]",1,2,2,1,PP,"[[1, 1, 1], [1, 1]]",5,6,0.0007515,20,0,0,0,0,0,0,True
187,5,2,"[3, 2]","[[2, 3, 3], [2, 2]]",1,2,2,2,PP,"[[2, 1], [2]]",3,2,0.0007415,20,0,0,0,0,4,4/5,True
187,5,2,"[3, 2]","[[2, 3, 3], [2, 2]]",1,2,2,3,PP,"[[3], [2]]",2,1,0.000711,20,0,0,0,0,6,6/5,True
187,5,2,"[3, 2]","[[2, 3, 3], [2, 2]]",1,2,2,5,PP,"[[3], [2]]",2,1,0.000731,20,0,0,0,0,8,8/5,True
187,5,2,"[3, 2]","[[2, 3, 3], [2, 2]]",1,2,3,1,PP,"[[1, 1, 1], [1, 1]]",5,6,0.000731,20,0,0,0,0,0,0,True
187,5,2,"[3, 2]","[[2, 3, 3], [2, 2]]",1,2,3,2,PP,"[[2, 1], [2]]",3,2,0.000716,20,0,0,0,0,12,12/5,True
187,5,2,"[3, 2]","[[2, 3, 3], [2, 2]]",1,2,3,3,PP,"[[3], [2]]",2,1,0.000721,20,0,0,0,0,18,18/5,True
187,5,2,"[3, 2]","[[2, 3, 3], [2, 2]]",1,2,3,5,PP,"[[3], [2]]",2,1,0.000701,20,0,0,0,0,24,24/5,True
188,5,2,"[3, 2]","[[2, 3, 3], [2, 3]]",1,2,0,1,PP,"[[1, 1, 1], [1, 1]]",5,6,0.000731,20,0,0,0,0,0,0,True
188,5,2,"[3, 2]","[[2, 3, 3], [2, 3]]",1,2,0,2,PP,"[[1, 2], [1, 1]]",4,4,0.000716,20,0,0,0,0,0,0,True
188,5,2,"[3, 2]","[[2, 3, 3], [2, 3]]",1,2,0,3,PP,"[[1, 2], [1, 1]]",4,4,0.0007115,20,0,0,0,0,0,0,True
188,5,2,"[3, 2]","[[2, 3, 3], [2, 3]]",1,2,0,5,PP,"[[1, 2], [1, 1]]",4,4,0.000716,20,0,0,0,0,0,0,True
188,5,2,"[3, 2]","[[2, 3, 3], [2, 3]]",1,2,1,1,PP,"[[1, 1, 1], [1, 1]]",5,6,0.000741,20,0,0,0,0,0,0,True
188,5,2,"[3, 2]","[[2, 3, 3], [2, 3]]",1,2,1,2,PP,"[[2, 1], [2]]",3,2,0.0007165,20,0,0,0,0,0,0,True
188,5,2,"[3, 2]","[[2, 3, 3], [2, 3]]",1,2,1,3,PP,"[[3], [2]]",2,1,0.000732,20,0,0,0,0,0,0,True
188,5,2,"[3, 2]","[[2, 3, 3], [2, 3]]",1,2,1,5,PP,"[[3], [2]]",2,1,0.0007265,20,0,0,0,0,0,0,True
188,5,2,"[3, 2]","[[2, 3, 3], [2, 3]]",1,2,2,1,PP,"[[1, 1, 1], [1, 1]]",5,6,0.000776,20,0,0,0,0,0,0,True
188,5,2,"[3, 2]","[[2, 3, 3], [2, 3]]",1,2,2,2,PP,"[[2, 1], [2]]",3,2,0.000741,20,0,0,0,0,4,4/5,True
188,5,2,"[3, 2]","[[2, 3, 3], [2, 3]]",1,2,2,3,PP,"[[3], [2]]",2,1,0.000731,20,0,0,0,0,6,6/5,True
188,5,2,"[3, 2]","[[2, 3, 3], [2, 3]]",1,2,2,5,PP,"[[3], [2]]",2,1,0.000716,20,0,0,0,0,8,8/5,True
188,5,2,"[3, 2]","[[2, 3, 3], [2, 3]]",1,2,3,1,PP,"[[1, 1, 1], [1, 1]]",5,6,0.000741,20,0,0,0,0,0,0,True
188,5,2,"[3, 2]","[[2, 3, 3], [2, 3]]",1,2,3,2,PP,"[[2, 1], [2]]",3,2,0.000736,20,0,0,0,0,12,12/5,True
188,5,2,"[3, 2]","[[2, 3, 3], [2, 3]]",1,2,3,3,PP,"[[3], [2]]",2,1,0.000716,20,0,0,0,0,18,18/5,True
188,5,2,"[3, 2]","[[2, 3, 3], [2, 3]]",1,2,3,5,PP,"[[3], [2]]",2,1,0.0007315,20,0,0,0,0,24,24/5,True
189,5,2,"[3, 2]","[[2, 3, 3], [3, 3]]",1,2,0,1,PP,"[[1, 1, 1], [1, 1]]",5,6,0.0007965,20,0,0,0,0,0,0,True
189,5,2,"[3, 2]","[[2, 3, 3], [3, 3]]",1,2,0,2,PP,"[[1, 2], [2]]",3,2,0.000812,20,0,0,0,0,0,0,True
189,5,2,"[3, 2]","[[2, 3, 3], [3, 3]]",1,2,0,3,PP,"[[1, 2], [2]]",3,2,0.000781,20,0,0,0,0,0,0,True
189,5,2,"[3, 2]","[[2, 3, 3], [3, 3]]",1,2,0,5,PP,"[[1, 2], [2]]",3,2,0.0007715,20,0,0,0,0,0,0,True
189,5,2,"[3, 2]","[[2, 3, 3], [3, 3]]",1,2,1,1,PP,"[[1, 1, 1], [1, 1]]",5,6,0.000811,20,0,0,0,0,0,0,True
189,5,2,"[3, 2]","[[2, 3, 3], [3, 3]]",1,2,1,2,PP,"[[2, 1], [2]]",3,2,0.000796,20,0,0,0,0,0,0,True
189,5,2,"[3, 2]","[[2, 3, 3], [3, 3]]",1,2,1,3,PP,"[[3], [2]]",2,1,0.000761,20,0,0,0,0,0,0,True
189,5,2,"[3, 2]","[[2, 3, 3], [3, 3]]",1,2,1,5,PP,"[[3], [2]]",2,1,0.0007765,20,0,0,0,0,0,0,True
189,5,2,"[3, 2]","[[2, 3, 3], [3, 3]]",1,2,2,1,PP,"[[1, 1, 1], [1, 1]]",5,6,0.0007715,20,0,0,0,0,0,0,True
189,5,2,"[3, 2]","[[2, 3, 3], [3, 3]]",1,2,2,2,PP,"[[2, 1], [2]]",3,2,0.0007815,20,0,0,0,0,4,4/5,True
189,5,2,"[3, 2]","[[2, 3, 3], [3, 3]]",1,2,2,3,PP,"[[3], [2]]",2,1,0.000771,20,0,0,0,0,6,6/5,True
189,5,2,"[3, 2]","[[2, 3, 3], [3, 3]]",1,2,2,5,PP,"[[3], [2]]",2,1,0.000791,20,0,0,0,0,8,8/5,True
189,5,2,"[3, 2]","[[2, 3, 3], [3, 3]]",1,2,3,1,PP,"[[1, 1, 1], [1, 1]]",5,6,0.000811,20,0,0,0,0,0,0,True
189,5,2,"[3, 2]","[[2, 3, 3], [3, 3]]",1,2,3,2,PP,"[[2, 1], [2]]",3,2,0.000791,20,0,0,0,0,12,12/5,True
189,5,2,"[3, 2]","[[2, 3, 3], [3, 3]]",1,2,3,3,PP,"[[3], [2]]",2,1,0.000781,20,0,0,0,0,18,18/5,True
189,5,2,"[3, 2]","[[2, 3, 3], [3, 3]]",1,2,3,5,PP,"[[3], [2]]",2,1,0.000801,20,0,0,0,0,24,24/5,True
190,5,2,"[3, 2]","[[3, 3, 3], [0, 0]]",1,2,0,1,PP,"[[1, 1, 1], [1, 1]]",5,6,0.000801,20,0,0,0,0,0,0,True
190,5,2,"[3, 2]","[[3, 3, 3], [0, 0]]",1,2,0,2,PP,"[[2, 1], [2]]",3,2,0.000801,20,0,0,0,0,0,0,True
190,5,2,"[3, 2]","[[3, 3, 3], [0, 0]]",1,2,0,3,PP,"[[3], [2]]",2,1,0.000801,20,0,0,0,0,0,0,True
190,5,2,"[3, 2]","[[3, 3, 3], [0, 0]]",1,2,0,5,PP,"[[3], [2]]",2,1,0.0007865,20,0,0,0,0,0,0,True
190,5,2,"[3, 2]","[[3, 3, 3], [0, 0]]",1,2,1,1,PP,"[[1, 1, 1], [1, 1]]",5,6,0.000811,20,0,0,0,0,0,0,True
190,5,2,"[3, 2]","[[3, 3, 3], [0, 0]]",1,2,1,2,PP,"[[2, 1], [2]]",3,2,0.000806,20,0,0,0,0,0,0,True
190,5,2,"[3, 2]","[[3, 3, 3], [0, 0]]",1,2,1,3,PP,"[[3], [2]]",2,1,0.000781,20,0,0,0,0,0,0,True
190,5,2,"[3, 2]","[[3, 3, 3], [0, 0]]",1,2,1,5,PP,"[[3], [2]]",2,1,0.000806,20,0,0,0,0,0,0,True
190,5,2,"[3, 2]","[[3, 3, 3], [0, 0]]",1,2,2,1,PP,"[[1, 1, 1], [1, 1]]",5,6,0.000791,20,0,0,0,0,0,0,True
190,5,2,"[3, 2]","[[3, 3, 3], [0, 0]]",1,2,2,2,PP,"[[2, 1], [2]]",3,2,0.000812,20,0,0,0,0,4,4/5,True
190,5,2,"[3, 2]","[[3, 3, 3], [0, 0]]",1,2,2,3,PP,"[[3], [2]]",2,1,0.000766,20,0,0,0,0,6,6/5,True
190,5,2,"[3, 2]","[[3, 3, 3], [0, 0]]",1,2,2,5,PP,"[[3], [2]]",2,1,0.0007915,20,0,0,0,0,8,8/5,True
190,5,2,"[3, 2]","[[3, 3, 3], [0, 0]]",1,2,3,1,PP,"[[1, 1, 1], [1, 1]]",5,6,0.000826,20,0,0,0,0,0,0,True
190,5,2,"[3, 2]","[[3, 3, 3], [0, 0]]",1,2,3,2,PP,"[[2, 1], [2]]",3,2,0.000806,20,0,0,0,0,12,12/5,True
190,5,2,"[3, 2]","[[3, 3, 3], [0, 0]]",1,2,3,3,PP,"[[3], [2]]",2,1,0.0008065,20,0,0,0,0,18,18/5,True
190,5,2,"[3, 2]","[[3, 3, 3], [0, 0]]",1,2,3,5,PP,"[[3], [2]]",2,1,0.000776,20,0,0,0,0,24,24/5,True
191,5,2,"[3, 2]","[[3, 3, 3], [0, 1]]",1,2,0,1,PP,"[[1, 1, 1], [1, 1]]",5,6,0.0008365,20,0,0,0,0,0,0,True
191,5,2,"[3, 2]","[[3, 3, 3], [0, 1]]",1,2,0,2,PP,"[[2, 1], [1, 1]]",4,4,0.0007915,20,0,0,0,0,0,0,True
191,5,2,"[3, 2]","[[3, 3, 3], [0, 1]]",1,2,0,3,PP,"[[3], [1, 1]]",3,2,0.0008565,20,0,0,0,0,0,0,True
191,5,2,"[3, 2]","[[3, 3, 3], [0, 1]]",1,2,0,5,PP,"[[3], [1, 1]]",3,2,0.000741,20,0,0,0,0,0,0,True
191,5,2,"[3, 2]","[[3, 3, 3], [0, 1]]",1,2,1,1,PP,"[[1, 1, 1], [1, 1]]",5,6,0.000741,20,0,0,0,0,0,0,True
191,5,2,"[3, 2]","[[3, 3, 3], [0, 1]]",1,2,1,2,PP,"[[2, 1], [2]]",3,2,0.000761,20,0,0,0,0,0,0,True
191,5,2,"[3, 2]","[[3, 3, 3], [0, 1]]",1,2,1,3,PP,"[[3], [2]]",2,1,0.000766,20,0,0,0,0,0,0,True
191,5,2,"[3, 2]","[[3, 3, 3], [0, 1]]",1,2,1,5,PP,"[[3], [2]]",2,1,0.000731,20,0,0,0,0,0,0,True
191,5,2,"[3, 2]","[[3, 3, 3], [0, 1]]",1,2,2,1,PP,"[[1, 1, 1], [1, 1]]",5,6,0.000766,20,0,0,0,0,0,0,True
191,5,2,"[3, 2]","[[3, 3, 3], [0, 1]]",1,2,2,2,PP,"[[2, 1], [2]]",3,2,0.000731,20,0,0,0,0,4,4/5,True
191,5,2,"[3, 2]","[[3, 3, 3], [0, 1]]",1,2,2,3,PP,"[[3], [2]]",2,1,0.000711,20,0,0,0,0,6,6/5,True
191,5,2,"[3, 2]","[[3, 3, 3], [0, 1]]",1,2,2,5,PP,"[[3], [2]]",2,1,0.000716,20,0,0,0,0,8,8/5,True
191,5,2,"[3, 2]","[[3, 3, 3], [0, 1]]",1,2,3,1,PP,"[[1, 1, 1], [1, 1]]",5,6,0.000741,20,0,0,0,0,0,0,True
191,5,2,"[3, 2]","[[3, 3, 3], [0, 1]]",1,2,3,2,PP,"[[2, 1], [2]]",3,2,0.000721,20,0,0,0,0,12,12/5,True
191,5,2,"[3, 2]","[[3, 3, 3], [0, 1]]",1,2,3,3,PP,"[[3], [2]]",2,1,0.000751,20,0,0,0,0,18,18/5,True
191,5,2,"[3, 2]","[[3, 3, 3], [0, 1]]",1,2,3,5,PP,"[[3], [2]]",2,1,0.000721,20,0,0,0,0,24,24/5,True
192,5,2,"[3, 2]","[[3, 3, 3], [0, 2]]",1,2,0,1,PP,"[[1, 1, 1], [1, 1]]",5,6,0.0007415,20,0,0,0,0,0,0,True
192,5,2,"[3, 2]","[[3, 3, 3], [0, 2]]",1,2,0,2,PP,"[[2, 1], [1, 1]]",4,4,0.000741,20,0,0,0,0,0,0,True
192,5,2,"[3, 2]","[[3, 3, 3], [0, 2]]",1,2,0,3,PP,"[[3], [1, 1]]",3,2,0.000711,20,0,0,0,0,0,0,True
192,5,2,"[3, 2]","[[3, 3, 3], [0, 2]]",1,2,0,5,PP,"[[3], [1, 1]]",3,2,0.000716,20,0,0,0,0,0,0,True
192,5,2,"[3, 2]","[[3, 3, 3], [0, 2]]",1,2,1,1,PP,"[[1, 1, 1], [1, 1]]",5,6,0.000746,20,0,0,0,0,0,0,True
192,5,2,"[3, 2]","[[3, 3, 3], [0, 2]]",1,2,1,2,PP,"[[2, 1], [1, 1]]",4,4,0.000706,20,0,0,0,0,0,0,True
192,5,2,"[3, 2]","[[3, 3, 3], [0, 2]]",1,2,1,3,PP,"[[3], [1, 1]]",3,2,0.000711,20,0,0,0,0,0,0,True
192,5,2,"[3, 2]","[[3, 3, 3], [0, 2]]",1,2,1,5,PP,"[[3], [1, 1]]",3,2,0.0007215,20,0,0,0,0,0,0,True
192,5,2,"[3, 2]","[[3, 3, 3], [0, 2]]",1,2,2,1,PP,"[[1, 1, 1], [1, 1]]",5,6,0.0007215,20,0,0,0,0,0,0,True
192,5,2,"[3, 2]","[[3, 3, 3], [0, 2]]",1,2,2,2,PP,"[[2, 1], [2]]",3,2,0.000721,20,0,0,2,2/5,4,4/5,True
192,5,2,"[3, 2]","[[3, 3, 3], [0, 2]]",1,2,2,3,PP,"[[3], [2]]",2,1,0.000691,20,0,0,2,2/5,6,6/5,True
192,5,2,"[3, 2]","[[3, 3, 3], [0, 2]]",1,2,2,5,PP,"[[3], [2]]",2,1,0.000701,20,0,0,2,2/5,8,8/5,True
192,5,2,"[3, 2]","[[3, 3, 3], [0, 2]]",1,2,3,1,PP,"[[1, 1, 1], [1, 1]]",5,6,0.0007115,20,0,0,0,0,0,0,True
192,5,2,"[3, 2]","[[3, 3, 3], [0, 2]]",1,2,3,2,PP,"[[2, 1], [2]]",3,2,0.000716,20,0,0,2,2/5,12,12/5,True
192,5,2,"[3, 2]","[[3, 3, 3], [0, 2]]",1,2,3,3,PP,"[[3], [2]]",2,1,0.000721,20,0,0,2,2/5,18,18/5,True
192,5,2,"[3, 2]","[[3, 3, 3], [0, 2]]",1,2,3,5,PP,"[[3], [2]]",2,1,0.000716,20,0,0,2,2/5,24,24/5,True
193,5,2,"[3, 2]","[[3, 3, 3], [0, 3]]",1,2,0,1,PP,"[[1, 1, 1], [1, 1]]",5,6,0.000741,20,0,0,0,0,0,0,True
193,5,2,"[3, 2]","[[3, 3, 3], [0, 3]]",1,2,0,2,PP,"[[2, 1], [1, 1]]",4,4,0.0007165,20,0,0,0,0,0,0,True
193,5,2,"[3, 2]","[[3, 3, 3], [0, 3]]",1,2,0,3,PP,"[[3], [1, 1]]",3,2,0.000721,20,0,0,0,0,0,0,True
193,5,2,"[3, 2]","[[3, 3, 3], [0, 3]]",1,2,0,5,PP,"[[3], [1, 1]]",3,2,0.000711,20,0,0,0,0,0,0,True
193,5,2,"[3, 2]","[[3, 3, 3], [0, 3]]",1,2,1,1,PP,"[[1, 1, 1], [1, 1]]",5,6,0.0007365,20,0,0,0,0,0,0,True
193,5,2,"[3, 2]","[[3, 3, 3], [0, 3]]",1,2,1,2,PP,"[[2, 1], [1, 1]]",4,4,0.000731,20,0,0,0,0,0,0,True
193,5,2,"[3, 2]","[[3, 3, 3], [0, 3]]",1,2,1,3,PP,"[[3], [1, 1]]",3,2,0.000721,20,0,0,0,0,0,0,True
193,5,2,"[3, 2]","[[3, 3, 3], [0, 3]]",1,2,1,5,PP,"[[3], [1, 1]]",3,2,0.000731,20,0,0,0,0,0,0,True
193,5,2,"[3, 2]","[[3, 3, 3], [0, 3]]",1,2,2,1,PP,"[[1, 1, 1], [1, 1]]",5,6,0.000731,20,0,0,0,0,0,0,True
193,5,2,"[3, 2]","[[3, 3, 3], [0, 3]]",1,2,2,2,PP,"[[2, 1], [1, 1]]",4,4,0.000721,20,0,0,0,0,4,4/5,True
193,5,2,"[3, 2]","[[3, 3, 3], [0, 3]]",1,2,2,3,PP,"[[3], [1, 1]]",3,2,0.000711,20,0,0,0,0,6,6/5,True
193,5,2,"[3, 2]","[[3, 3, 3], [0, 3]]",1,2,2,5,PP,"[[3], [1, 1]]",3,2,0.000721,20,0,0,0,0,8,8/5,True
193,5,2,"[3, 2]","[[3, 3, 3], [0, 3]]",1,2,3,1,PP,"[[1, 1, 1], [1, 1]]",5,6,0.000731,20,0,0,0,0,0,0,True
193,5,2,"[3, 2]","[[3, 3, 3], [0, 3]]",1,2,3,2,PP,"[[2, 1], [2]]",3,2,0.0007315,20,2,2/5,6,6/5,12,12/5,True
193,5,2,"[3, 2]","[[3, 3, 3], [0, 3]]",1,2,3,3,PP,"[[3], [2]]",2,1,0.000711,20,2,2/5,6,6/5,18,18/5,True
193,5,2,"[3, 2]","[[3, 3, 3], [0, 3]]",1,2,3,5,PP,"[[3], [2]]",2,1,0.000716,20,2,2/5,6,6/5,24,24/5,True
194,5,2,"[3, 2]","[[3, 3, 3], [1, 1]]",1,2,0,1,PP,"[[1, 1, 1], [1, 1]]",5,6,0.000731,20,0,0,0,0,0,0,True
194,5,2,"[3, 2]","[[3, 3, 3], [1, 1]]",1,2,0,2,PP,"[[2, 1], [2]]",3,2,0.000721,20,0,0,0,0,0,0,True
194,5,2,"[3, 2]","[[3, 3, 3], [1, 1]]",1,2,0,3,PP,"[[3], [2]]",2,1,0.000726,20,0,0,0,0,0,0,True
194,5,2,"[3, 2]","[[3, 3, 3], [1, 1]]",1,2,0,5,PP,"[[3], [2]]",2,1,0.000711,20,0,0,0,0,0,0,True
194,5,2,"[3, 2]","[[3, 3, 3], [1, 1]]",1,2,1,1,PP,"[[1, 1, 1], [1, 1]]",5,6,0.000746,20,0,0,0,0,0,0,True
194,5,2,"[3, 2]","[[3, 3, 3], [1, 1]]",1,2,1,2,PP,"[[2, 1], [2]]",3,2,0.000726,20,0,0,0,0,0,0,True
194,5,2,"[3, 2]","[[3, 3, 3], [1, 1]]",1,2,1,3,PP,"[[3], [2]]",2,1,0.000721,20,0,0,0,0,0,0,True
194,5,2,"[3, 2]","[[3, 3, 3], [1, 1]]",1,2,1,5,PP,"[[3], [2]]",2,1,0.000731,20,0,0,0,0,0,0,True
194,5,2,"[3, 2]","[[3, 3, 3], [1, 1]]",1,2,2,1,PP,"[[1, 1, 1], [1, 1]]",5,6,0.000726,20,0,0,0,0,0,0,True
194,5,2,"[3, 2]","[[3, 3, 3], [1, 1]]",1,2,2,2,PP,"[[2, 1], [2]]",3,2,0.0007315,20,0,0,0,0,4,4/5,True
194,5,2,"[3, 2]","[[3, 3, 3], [1, 1]]",1,2,2,3,PP,"[[3], [2]]",2,1,0.000721,20,0,0,0,0,6,6/5,True
194,5,2,"[3, 2]","[[3, 3, 3], [1, 1]]",1,2,2,5,PP,"[[3], [2]]",2,1,0.0007165,20,0,0,0,0,8,8/5,True
194,5,2,"[3, 2]","[[3, 3, 3], [1, 1]]",1,2,3,1,PP,"[[1, 1, 1], [1, 1]]",5,6,0.000731,20,0,0,0,0,0,0,True
194,5,2,"[3, 2]","[[3, 3, 3], [1, 1]]",1,2,3,2,PP,"[[2, 1], [2]]",3,2,0.000731,20,0,0,0,0,12,12/5,True
194,5,2,"[3, 2]","[[3, 3, 3], [1, 1]]",1,2,3,3,PP,"[[3], [2]]",2,1,0.000736,20,0,0,0,0,18,18/5,True
194,5,2,"[3, 2]","[[3, 3, 3], [1, 1]]",1,2,3,5,PP,"[[3], [2]]",2,1,0.0007215,20,0,0,0,0,24,24/5,True
195,5,2,"[3, 2]","[[3, 3, 3], [1, 2]]",1,2,0,1,PP,"[[1, 1, 1], [1, 1]]",5,6,0.000731,20,0,0,0,0,0,0,True
195,5,2,"[3, 2]","[[3, 3, 3], [1, 2]]",1,2,0,2,PP,"[[2, 1], [1, 1]]",4,4,0.0007265,20,0,0,0,0,0,0,True
195,5,2,"[3, 2]","[[3, 3, 3], [1, 2]]",1,2,0,3,PP,"[[3], [1, 1]]",3,2,0.000721,20,0,0,0,0,0,0,True
195,5,2,"[3, 2]","[[3, 3, 3], [1, 2]]",1,2,0,5,PP,"[[3], [1, 1]]",3,2,0.0007215,20,0,0,0,0,0,0,True
195,5,2,"[3, 2]","[[3, 3, 3], [1, 2]]",1,2,1,1,PP,"[[1, 1, 1], [1, 1]]",5,6,0.0007315,20,0,0,0,0,0,0,True
195,5,2,"[3, 2]","[[3, 3, 3], [1, 2]]",1,2,1,2,PP,"[[2, 1], [2]]",3,2,0.000701,20,0,0,0,0,0,0,True
195,5,2,"[3, 2]","[[3, 3, 3], [1, 2]]",1,2,1,3,PP,"[[3], [2]]",2,1,0.000701,20,0,0,0,0,0,0,True
195,5,2,"[3, 2]","[[3, 3, 3], [1, 2]]",1,2,1,5,PP,"[[3], [2]]",2,1,0.0007165,20,0,0,0,0,0,0,True
195,5,2,"[3, 2]","[[3, 3, 3], [1, 2]]",1,2,2,1,PP,"[[1, 1, 1], [1, 1]]",5,6,0.000741,20,0,0,0,0,0,0,True
195,5,2,"[3, 2]","[[3, 3, 3], [1, 2]]",1,2,2,2,PP,"[[2, 1], [2]]",3,2,0.0007365,20,0,0,0,0,4,4/5,True
195,5,2,"[3, 2]","[[3, 3, 3], [1, 2]]",1,2,2,3,PP,"[[3], [2]]",2,1,0.000711,20,0,0,0,0,6,6/5,True
195,5,2,"[3, 2]","[[3, 3, 3], [1, 2]]",1,2,2,5,PP,"[[3], [2]]",2,1,0.000736,20,0,0,0,0,8,8/5,True
195,5,2,"[3, 2]","[[3, 3, 3], [1, 2]]",1,2,3,1,PP,"[[1, 1, 1], [1, 1]]",5,6,0.000726,20,0,0,0,0,0,0,True
195,5,2,"[3, 2]","[[3, 3, 3], [1, 2]]",1,2,3,2,PP,"[[2, 1], [2]]",3,2,0.000721,20,0,0,0,0,12,12/5,True
195,5,2,"[3, 2]","[[3, 3, 3], [1, 2]]",1,2,3,3,PP,"[[3], [2]]",2,1,0.000731,20,0,0,0,0,18,18/5,True
195,5,2,"[3, 2]","[[3, 3, 3], [1, 2]]",1,2,3,5,PP,"[[3], [2]]",2,1,0.000731,20,0,0,0,0,24,24/5,True
196,5,2,"[3, 2]","[[3, 3, 3], [1, 3]]",1,2,0,1,PP,"[[1, 1, 1], [1, 1]]",5,6,0.000741,20,0,0,0,0,0,0,True
196,5,2,"[3, 2]","[[3, 3, 3], [1, 3]]",1,2,0,2,PP,"[[2, 1], [1, 1]]",4,4,0.000751,20,0,0,0,0,0,0,True
196,5,2,"[3, 2]","[[3, 3, 3], [1, 3]]",1,2,0,3,PP,"[[3], [1, 1]]",3,2,0.000726,20,0,0,0,0,0,0,True
196,5,2,"[3, 2]","[[3, 3, 3], [1, 3]]",1,2,0,5,PP,"[[3], [1, 1]]",3,2,0.000722,20,0,0,0,0,0,0,True
196,5,2,"[3, 2]","[[3, 3, 3], [1, 3]]",1,2,1,1,PP,"[[1, 1, 1], [1, 1]]",5,6,0.000741,20,0,0,0,0,0,0,True
196,5,2,"[3, 2]","[[3, 3, 3], [1, 3]]",1,2,1,2,PP,"[[2, 1], [1, 1]]",4,4,0.000726,20,0,0,0,0,0,0,True
196,5,2,"[3, 2]","[[3, 3, 3], [1, 3]]",1,2,1,3,PP,"[[3], [1, 1]]",3,2,0.000721,20,0,0,0,0,0,0,True
196,5,2,"[3, 2]","[[3, 3, 3], [1, 3]]",1,2,1,5,PP,"[[3], [1, 1]]",3,2,0.000722,20,0,0,0,0,0,0,True
196,5,2,"[3, 2]","[[3, 3, 3], [1, 3]]",1,2,2,1,PP,"[[1, 1, 1], [1, 1]]",5,6,0.0007365,20,0,0,0,0,0,0,True
196,5,2,"[3, 2]","[[3, 3, 3], [1, 3]]",1,2,2,2,PP,"[[2, 1], [2]]",3,2,0.0007315,20,2,2/5,2,2/5,4,4/5,True
196,5,2,"[3, 2]","[[3, 3, 3], [1, 3]]",1,2,2,3,PP,"[[3], [2]]",2,1,0.000721,20,2,2/5,2,2/5,6,6/5,True
196,5,2,"[3, 2]","[[3, 3, 3], [1, 3]]",1,2,2,5,PP,"[[3], [2]]",2,1,0.000721,20,2,2/5,2,2/5,8,8/5,True
196,5,2,"[3, 2]","[[3, 3, 3], [1, 3]]",1,2,3,1,PP,"[[1, 1, 1], [1, 1]]",5,6,0.000731,20,0,0,0,0,0,0,True
196,5,2,"[3, 2]","[[3, 3, 3], [1, 3]]",1,2,3,2,PP,"[[2, 1], [2]]",3,2,0.000746,20,2,2/5,2,2/5,12,12/5,True
196,5,2,"[3, 2]","[[3, 3, 3], [1, 3]]",1,2,3,3,PP,"[[3], [2]]",2,1,0.000716,20,2,2/5,2,2/5,18,18/5,True
196,5,2,"[3, 2]","[[3, 3, 3], [1, 3]]",1,2,3,5,PP,"[[3], [2]]",2,1,0.000721,20,2,2/5,2,2/5,24,24/5,True
197,5,2,"[3, 2]","[[3, 3, 3], [2, 2]]",1,2,0,1,PP,"[[1, 1, 1], [1, 1]]",5,6,0.000711,20,0,0,0,0,0,0,True
197,5,2,"[3, 2]","[[3, 3, 3], [2, 2]]",1,2,0,2,PP,"[[2, 1], [2]]",3,2,0.000701,20,0,0,0,0,0,0,True
197,5,2,"[3, 2]","[[3, 3, 3], [2, 2]]",1,2,0,3,PP,"[[3], [2]]",2,1,0.0007115,20,0,0,0,0,0,0,True
197,5,2,"[3, 2]","[[3, 3, 3], [2, 2]]",1,2,0,5,PP,"[[3], [2]]",2,1,0.000706,20,0,0,0,0,0,0,True
197,5,2,"[3, 2]","[[3, 3, 3], [2, 2]]",1,2,1,1,PP,"[[1, 1, 1], [1, 1]]",5,6,0.000741,20,0,0,0,0,0,0,True
197,5,2,"[3, 2]","[[3, 3, 3], [2, 2]]",1,2,1,2,PP,"[[2, 1], [2]]",3,2,0.000721,20,0,0,0,0,0,0,True
197,5,2,"[3, 2]","[[3, 3, 3], [2, 2]]",1,2,1,3,PP,"[[3], [2]]",2,1,0.0007165,20,0,0,0,0,0,0,True
197,5,2,"[3, 2]","[[3, 3, 3], [2, 2]]",1,2,1,5,PP,"[[3], [2]]",2,1,0.0007115,20,0,0,0,0,0,0,True
197,5,2,"[3, 2]","[[3, 3, 3], [2, 2]]",1,2,2,1,PP,"[[1, 1, 1], [1, 1]]",5,6,0.000721,20,0,0,0,0,0,0,True
197,5,2,"[3, 2]","[[3, 3, 3], [2, 2]]",1,2,2,2,PP,"[[2, 1], [2]]",3,2,0.0007415,20,0,0,0,0,4,4/5,True
197,5,2,"[3, 2]","[[3, 3, 3], [2, 2]]",1,2,2,3,PP,"[[3], [2]]",2,1,0.000731,20,0,0,0,0,6,6/5,True
197,5,2,"[3, 2]","[[3, 3, 3], [2, 2]]",1,2,2,5,PP,"[[3], [2]]",2,1,0.000726,20,0,0,0,0,8,8/5,True
197,5,2,"[3, 2]","[[3, 3, 3], [2, 2]]",1,2,3,1,PP,"[[1, 1, 1], [1, 1]]",5,6,0.000736,20,0,0,0,0,0,0,True
197,5,2,"[3, 2]","[[3, 3, 3], [2, 2]]",1,2,3,2,PP,"[[2, 1], [2]]",3,2,0.000726,20,0,0,0,0,12,12/5,True
197,5,2,"[3, 2]","[[3, 3, 3], [2, 2]]",1,2,3,3,PP,"[[3], [2]]",2,1,0.000721,20,0,0,0,0,18,18/5,True
197,5,2,"[3, 2]","[[3, 3, 3], [2, 2]]",1,2,3,5,PP,"[[3], [2]]",2,1,0.000721,20,0,0,0,0,24,24/5,True
198,5,2,"[3, 2]","[[3, 3, 3], [2, 3]]",1,2,0,1,PP,"[[1, 1, 1], [1, 1]]",5,6,0.000731,20,0,0,0,0,0,0,True
198,5,2,"[3, 2]","[[3, 3, 3], [2, 3]]",1,2,0,2,PP,"[[2, 1], [1, 1]]",4,4,0.0007215,20,0,0,0,0,0,0,True
198,5,2,"[3, 2]","[[3, 3, 3], [2, 3]]",1,2,0,3,PP,"[[3], [1, 1]]",3,2,0.000721,20,0,0,0,0,0,0,True
198,5,2,"[3, 2]","[[3, 3, 3], [2, 3]]",1,2,0,5,PP,"[[3], [1, 1]]",3,2,0.000716,20,0,0,0,0,0,0,True
198,5,2,"[3, 2]","[[3, 3, 3], [2, 3]]",1,2,1,1,PP,"[[1, 1, 1], [1, 1]]",5,6,0.000721,20,0,0,0,0,0,0,True
198,5,2,"[3, 2]","[[3, 3, 3], [2, 3]]",1,2,1,2,PP,"[[2, 1], [2]]",3,2,0.000731,20,0,0,0,0,0,0,True
198,5,2,"[3, 2]","[[3, 3, 3], [2, 3]]",1,2,1,3,PP,"[[3], [2]]",2,1,0.000721,20,0,0,0,0,0,0,True
198,5,2,"[3, 2]","[[3, 3, 3], [2, 3]]",1,2,1,5,PP,"[[3], [2]]",2,1,0.000701,20,0,0,0,0,0,0,True
198,5,2,"[3, 2]","[[3, 3, 3], [2, 3]]",1,2,2,1,PP,"[[1, 1, 1], [1, 1]]",5,6,0.000726,20,0,0,0,0,0,0,True
198,5,2,"[3, 2]","[[3, 3, 3], [2, 3]]",1,2,2,2,PP,"[[2, 1], [2]]",3,2,0.000731,20,0,0,0,0,4,4/5,True
198,5,2,"[3, 2]","[[3, 3, 3], [2, 3]]",1,2,2,3,PP,"[[3], [2]]",2,1,0.000711,20,0,0,0,0,6,6/5,True
198,5,2,"[3, 2]","[[3, 3, 3], [2, 3]]",1,2,2,5,PP,"[[3], [2]]",2,1,0.000726,20,0,0,0,0,8,8/5,True
198,5,2,"[3, 2]","[[3, 3, 3], [2, 3]]",1,2,3,1,PP,"[[1, 1, 1], [1, 1]]",5,6,0.000731,20,0,0,0,0,0,0,True
198,5,2,"[3, 2]","[[3, 3, 3], [2, 3]]",1,2,3,2,PP,"[[2, 1], [2]]",3,2,0.000731,20,0,0,0,0,12,12/5,True
198,5,2,"[3, 2]","[[3, 3, 3], [2, 3]]",1,2,3,3,PP,"[[3], [2]]",2,1,0.000706,20,0,0,0,0,18,18/5,True
198,5,2,"[3, 2]","[[3, 3, 3], [2, 3]]",1,2,3,5,PP,"[[3], [2]]",2,1,0.000726,20,0,0,0,0,24,24/5,True
199,5,2,"[3, 2]","[[3, 3, 3], [3, 3]]",1,2,0,1,PP,"[[1, 1, 1], [1, 1]]",5,6,0.000751,20,0,0,0,0,0,0,True
199,5,2,"[3, 2]","[[3, 3, 3], [3, 3]]",1,2,0,2,PP,"[[2, 1], [2]]",3,2,0.000736,20,0,0,0,0,0,0,True
199,5,2,"[3, 2]","[[3, 3, 3], [3, 3]]",1,2,0,3,PP,"[[3], [2]]",2,1,0.000726,20,0,0,0,0,0,0,True
199,5,2,"[3, 2]","[[3, 3, 3], [3, 3]]",1,2,0,5,PP,"[[3], [2]]",2,1,0.000746,20,0,0,0,0,0,0,True
199,5,2,"[3, 2]","[[3, 3, 3], [3, 3]]",1,2,1,1,PP,"[[1, 1, 1], [1, 1]]",5,6,0.000741,20,0,0,0,0,0,0,True
199,5,2,"[3, 2]","[[3, 3, 3], [3, 3]]",1,2,1,2,PP,"[[2, 1], [2]]",3,2,0.000731,20,0,0,0,0,0,0,True
199,5,2,"[3, 2]","[[3, 3, 3], [3, 3]]",1,2,1,3,PP,"[[3], [2]]",2,1,0.0007115,20,0,0,0,0,0,0,True
199,5,2,"[3, 2]","[[3, 3, 3], [3, 3]]",1,2,1,5,PP,"[[3], [2]]",2,1,0.000721,20,0,0,0,0,0,0,True
199,5,2,"[3, 2]","[[3, 3, 3], [3, 3]]",1,2,2,1,PP,"[[1, 1, 1], [1, 1]]",5,6,0.0007365,20,0,0,0,0,0,0,True
199,5,2,"[3, 2]","[[3, 3, 3], [3, 3]]",1,2,2,2,PP,"[[2, 1], [2]]",3,2,0.000731,20,0,0,0,0,4,4/5,True
199,5,2,"[3, 2]","[[3, 3, 3], [3, 3]]",1,2,2,3,PP,"[[3], [2]]",2,1,0.000716,20,0,0,0,0,6,6/5,True
199,5,2,"[3, 2]","[[3, 3, 3], [3, 3]]",1,2,2,5,PP,"[[3], [2]]",2,1,0.000721,20,0,0,0,0,8,8/5,True
199,5,2,"[3, 2]","[[3, 3, 3], [3, 3]]",1,2,3,1,PP,"[[1, 1, 1], [1, 1]]",5,6,0.000726,20,0,0,0,0,0,0,True
199,5,2,"[3, 2]","[[3, 3, 3], [3, 3]]",1,2,3,2,PP,"[[2, 1], [2]]",3,2,0.000721,20,0,0,0,0,12,12/5,True
199,5,2,"[3, 2]","[[3, 3, 3], [3, 3]]",1,2,3,3,PP,"[[3], [2]]",2,1,0.000736,20,0,0,0,0,18,18/5,True
199,5,2,"[3, 2]","[[3, 3, 3], [3, 3]]",1,2,3,5,PP,"[[3], [2]]",2,1,0.000701,20,0,0,0,0,24,24/5,True
200,5,2,"[3, 2]","[[0, 0, 0], [0, 0]]",1,3,0,1,PP,"[[1, 1, 1], [1, 1]]",5,6,0.000716,20,0,0,0,0,0,0,True
200,5,2,"[3, 2]","[[0, 0, 0], [0, 0]]",1,3,0,2,PP,"[[2, 1], [2]]",3,2,0.000731,20,0,0,0,0,0,0,True
200,5,2,"[3, 2]","[[0, 0, 0], [0, 0]]",1,3,0,3,PP,"[[3], [2]]",2,1,0.000716,20,0,0,0,0,0,0,True
200,5,2,"[3, 2]","[[0, 0, 0], [0, 0]]",1,3,0,5,PP,"[[3], [2]]",2,1,0.000706,20,0,0,0,0,0,0,True
200,5,2,"[3, 2]","[[0, 0, 0], [0, 0]]",1,3,1,1,PP,"[[1, 1, 1], [1, 1]]",5,6,0.000721,20,0,0,0,0,0,0,True
200,5,2,"[3, 2]","[[0, 0, 0], [0, 0]]",1,3,1,2,PP,"[[2, 1], [2]]",3,2,0.000731,20,0,0,0,0,0,0,True
200,5,2,"[3, 2]","[[0, 0, 0], [0, 0]]",1,3,1,3,PP,"[[3], [2]]",2,1,0.0007465,20,0,0,0,0,0,0,True
200,5,2,"[3, 2]","[[0, 0, 0], [0, 0]]",1,3,1,5,PP,"[[3], [2]]",2,1,0.000741,20,0,0,0,0,0,0,True
200,5,2,"[3, 2]","[[0, 0, 0], [0, 0]]",1,3,2,1,PP,"[[1, 1, 1], [1, 1]]",5,6,0.0007215,20,0,0,0,0,0,0,True
200,5,2,"[3, 2]","[[0, 0, 0], [0, 0]]",1,3,2,2,PP,"[[2, 1], [2]]",3,2,0.000736,20,0,0,0,0,0,0,True
200,5,2,"[3, 2]","[[0, 0, 0], [0, 0]]",1,3,2,3,PP,"[[3], [2]]",2,1,0.000741,20,0,0,0,0,0,0,True
200,5,2,"[3, 2]","[[0, 0, 0], [0, 0]]",1,3,2,5,PP,"[[3], [2]]",2,1,0.000751,20,0,0,0,0,0,0,True
200,5,2,"[3, 2]","[[0, 0, 0], [0, 0]]",1,3,3,1,PP,"[[1, 1, 1], [1, 1]]",5,6,0.000731,20,0,0,0,0,0,0,True
200,5,2,"[3, 2]","[[0, 0, 0], [0, 0]]",1,3,3,2,PP,"[[2, 1], [2]]",3,2,0.000726,20,0,0,0,0,8,8/5,True
200,5,2,"[3, 2]","[[0, 0, 0], [0, 0]]",1,3,3,3,PP,"[[3], [2]]",2,1,0.000711,20,0,0,0,0,12,12/5,True
200,5,2,"[3, 2]","[[0, 0, 0], [0, 0]]",1,3,3,5,PP,"[[3], [2]]",2,1,0.000721,20,0,0,0,0,16,16/5,True
201,5,2,"[3, 2]","[[0, 0, 0], [0, 1]]",1,3,0,1,PP,"[[1, 1, 1], [1, 1]]",5,6,0.000726,20,0,0,0,0,0,0,True
201,5,2,"[3, 2]","[[0, 0, 0], [0, 1]]",1,3,0,2,PP,"[[2, 1], [1, 1]]",4,4,0.000721,20,0,0,0,0,0,0,True
201,5,2,"[3, 2]","[[0, 0, 0], [0, 1]]",1,3,0,3,PP,"[[3], [1, 1]]",3,2,0.000716,20,0,0,0,0,0,0,True
201,5,2,"[3, 2]","[[0, 0, 0], [0, 1]]",1,3,0,5,PP,"[[3], [1, 1]]",3,2,0.000716,20,0,0,0,0,0,0,True
201,5,2,"[3, 2]","[[0, 0, 0], [0, 1]]",1,3,1,1,PP,"[[1, 1, 1], [1, 1]]",5,6,0.000726,20,0,0,0,0,0,0,True
201,5,2,"[3, 2]","[[0, 0, 0], [0, 1]]",1,3,1,2,PP,"[[2, 1], [2]]",3,2,0.000721,20,0,0,0,0,0,0,True
201,5,2,"[3, 2]","[[0, 0, 0], [0, 1]]",1,3,1,3,PP,"[[3], [2]]",2,1,0.000721,20,0,0,0,0,0,0,True
201,5,2,"[3, 2]","[[0, 0, 0], [0, 1]]",1,3,1,5,PP,"[[3], [2]]",2,1,0.000716,20,0,0,0,0,0,0,True
201,5,2,"[3, 2]","[[0, 0, 0], [0, 1]]",1,3,2,1,PP,"[[1, 1, 1], [1, 1]]",5,6,0.000716,20,0,0,0,0,0,0,True
201,5,2,"[3, 2]","[[0, 0, 0], [0, 1]]",1,3,2,2,PP,"[[2, 1], [2]]",3,2,0.0007215,20,0,0,0,0,0,0,True
201,5,2,"[3, 2]","[[0, 0, 0], [0, 1]]",1,3,2,3,PP,"[[3], [2]]",2,1,0.000726,20,0,0,0,0,0,0,True
201,5,2,"[3, 2]","[[0, 0, 0], [0, 1]]",1,3,2,5,PP,"[[3], [2]]",2,1,0.000706,20,0,0,0,0,0,0,True
201,5,2,"[3, 2]","[[0, 0, 0], [0, 1]]",1,3,3,1,PP,"[[1, 1, 1], [1, 1]]",5,6,0.000741,20,0,0,0,0,0,0,True
201,5,2,"[3, 2]","[[0, 0, 0], [0, 1]]",1,3,3,2,PP,"[[2, 1], [2]]",3,2,0.000741,20,0,0,0,0,8,8/5,True
201,5,2,"[3, 2]","[[0, 0, 0], [0, 1]]",1,3,3,3,PP,"[[3], [2]]",2,1,0.000711,20,0,0,0,0,12,12/5,True
201,5,2,"[3, 2]","[[0, 0, 0], [0, 1]]",1,3,3,5,PP,"[[3], [2]]",2,1,0.000701,20,0,0,0,0,16,16/5,True
202,5,2,"[3, 2]","[[0, 0, 0], [0, 2]]",1,3,0,1,PP,"[[1, 1, 1], [1, 1]]",5,6,0.000716,20,0,0,0,0,0,0,True
202,5,2,"[3, 2]","[[0, 0, 0], [0, 2]]",1,3,0,2,PP,"[[2, 1], [1, 1]]",4,4,0.0007315,20,0,0,0,0,0,0,True
202,5,2,"[3, 2]","[[0, 0, 0], [0, 2]]",1,3,0,3,PP,"[[3], [1, 1]]",3,2,0.000706,20,0,0,0,0,0,0,True
202,5,2,"[3, 2]","[[0, 0, 0], [0, 2]]",1,3,0,5,PP,"[[3], [1, 1]]",3,2,0.000721,20,0,0,0,0,0,0,True
202,5,2,"[3, 2]","[[0, 0, 0], [0, 2]]",1,3,1,1,PP,"[[1, 1, 1], [1, 1]]",5,6,0.000731,20,0,0,0,0,0,0,True
202,5,2,"[3, 2]","[[0, 0, 0], [0, 2]]",1,3,1,2,PP,"[[2, 1], [1, 1]]",4,4,0.000731,20,0,0,0,0,0,0,True
202,5,2,"[3, 2]","[[0, 0, 0], [0, 2]]",1,3,1,3,PP,"[[3], [1, 1]]",3,2,0.0007265,20,0,0,0,0,0,0,True
202,5,2,"[3, 2]","[[0, 0, 0], [0, 2]]",1,3,1,5,PP,"[[3], [1, 1]]",3,2,0.0007265,20,0,0,0,0,0,0,True
202,5,2,"[3, 2]","[[0, 0, 0], [0, 2]]",1,3,2,1,PP,"[[1, 1, 1], [1, 1]]",5,6,0.000751,20,0,0,0,0,0,0,True
202,5,2,"[3, 2]","[[0, 0, 0], [0, 2]]",1,3,2,2,PP,"[[2, 1], [2]]",3,2,0.000736,20,0,0,0,0,0,0,True
202,5,2,"[3, 2]","[[0, 0, 0], [0, 2]]",1,3,2,3,PP,"[[3], [2]]",2,1,0.000711,20,0,0,0,0,0,0,True
202,5,2,"[3, 2]","[[0, 0, 0], [0, 2]]",1,3,2,5,PP,"[[3], [2]]",2,1,0.000711,20,0,0,0,0,0,0,True
202,5,2,"[3, 2]","[[0, 0, 0], [0, 2]]",1,3,3,1,PP,"[[1, 1, 1], [1, 1]]",5,6,0.0007315,20,0,0,0,0,0,0,True
202,5,2,"[3, 2]","[[0, 0, 0], [0, 2]]",1,3,3,2,PP,"[[2, 1], [2]]",3,2,0.000741,20,0,0,0,0,8,8/5,True
202,5,2,"[3, 2]","[[0, 0, 0], [0, 2]]",1,3,3,3,PP,"[[3], [2]]",2,1,0.000721,20,0,0,0,0,12,12/5,True
202,5,2,"[3, 2]","[[0, 0, 0], [0, 2]]",1,3,3,5,PP,"[[3], [2]]",2,1,0.0007165,20,0,0,0,0,16,16/5,True
203,5,2,"[3, 2]","[[0, 0, 0], [0, 3]]",1,3,0,1,PP,"[[1, 1, 1], [1, 1]]",5,6,0.000736,20,0,0,0,0,0,0,True
203,5,2,"[3, 2]","[[0, 0, 0], [0, 3]]",1,3,0,2,PP,"[[2, 1], [1, 1]]",4,4,0.000716,20,0,0,0,0,0,0,True
203,5,2,"[3, 2]","[[0, 0, 0], [0, 3]]",1,3,0,3,PP,"[[3], [1, 1]]",3,2,0.000711,20,0,0,0,0,0,0,True
203,5,2,"[3, 2]","[[0, 0, 0], [0, 3]]",1,3,0,5,PP,"[[3], [1, 1]]",3,2,0.000701,20,0,0,0,0,0,0,True
203,5,2,"[3, 2]","[[0, 0, 0], [0, 3]]",1,3,1,1,PP,"[[1, 1, 1], [1, 1]]",5,6,0.000721,20,0,0,0,0,0,0,True
203,5,2,"[3, 2]","[[0, 0, 0], [0, 3]]",1,3,1,2,PP,"[[2, 1], [1, 1]]",4,4,0.000711,20,0,0,0,0,0,0,True
203,5,2,"[3, 2]","[[0, 0, 0], [0, 3]]",1,3,1,3,PP,"[[3], [1, 1]]",3,2,0.000711,20,0,0,0,0,0,0,True
203,5,2,"[3, 2]","[[0, 0, 0], [0, 3]]",1,3,1,5,PP,"[[3], [1, 1]]",3,2,0.000711,20,0,0,0,0,0,0,True
203,5,2,"[3, 2]","[[0, 0, 0], [0, 3]]",1,3,2,1,PP,"[[1, 1, 1], [1, 1]]",5,6,0.0007265,20,0,0,0,0,0,0,True
203,5,2,"[3, 2]","[[0, 0, 0], [0, 3]]",1,3,2,2,PP,"[[2, 1], [1, 1]]",4,4,0.0007115,20,0,0,0,0,0,0,True
203,5,2,"[3, 2]","[[0, 0, 0], [0, 3]]",1,3,2,3,PP,"[[3], [1, 1]]",3,2,0.000711,20,0,0,0,0,0,0,True
203,5,2,"[3, 2]","[[0, 0, 0], [0, 3]]",1,3,2,5,PP,"[[3], [1, 1]]",3,2,0.000711,20,0,0,0,0,0,0,True
203,5,2,"[3, 2]","[[0, 0, 0], [0, 3]]",1,3,3,1,PP,"[[1, 1, 1], [1, 1]]",5,6,0.000731,20,0,0,0,0,0,0,True
203,5,2,"[3, 2]","[[0, 0, 0], [0, 3]]",1,3,3,2,PP,"[[2, 1], [2]]",3,2,0.000731,20,0,0,4,4/5,8,8/5,True
203,5,2,"[3, 2]","[[0, 0, 0], [0, 3]]",1,3,3,3,PP,"[[3], [2]]",2,1,0.000721,20,0,0,4,4/5,12,12/5,True
203,5,2,"[3, 2]","[[0, 0, 0], [0, 3]]",1,3,3,5,PP,"[[3], [2]]",2,1,0.000726,20,0,0,4,4/5,16,16/5,True
204,5,2,"[3, 2]","[[0, 0, 0], [1, 1]]",1,3,0,1,PP,"[[1, 1, 1], [1, 1]]",5,6,0.0007365,20,0,0,0,0,0,0,True
204,5,2,"[3, 2]","[[0, 0, 0], [1, 1]]",1,3,0,2,PP,"[[2, 1], [2]]",3,2,0.0007465,20,0,0,0,0,0,0,True
204,5,2,"[3, 2]","[[0, 0, 0], [1, 1]]",1,3,0,3,PP,"[[3], [2]]",2,1,0.000701,20,0,0,0,0,0,0,True
204,5,2,"[3, 2]","[[0, 0, 0], [1, 1]]",1,3,0,5,PP,"[[3], [2]]",2,1,0.000721,20,0,0,0,0,0,0,True
204,5,2,"[3, 2]","[[0, 0, 0], [1, 1]]",1,3,1,1,PP,"[[1, 1, 1], [1, 1]]",5,6,0.000721,20,0,0,0,0,0,0,True
204,5,2,"[3, 2]","[[0, 0, 0], [1, 1]]",1,3,1,2,PP,"[[2, 1], [2]]",3,2,0.000731,20,0,0,0,0,0,0,True
204,5,2,"[3, 2]","[[0, 0, 0], [1, 1]]",1,3,1,3,PP,"[[3], [2]]",2,1,0.000741,20,0,0,0,0,0,0,True
204,5,2,"[3, 2]","[[0, 0, 0], [1, 1]]",1,3,1,5,PP,"[[3], [2]]",2,1,0.000731,20,0,0,0,0,0,0,True
204,5,2,"[3, 2]","[[0, 0, 0], [1, 1]]",1,3,2,1,PP,"[[1, 1, 1], [1, 1]]",5,6,0.000746,20,0,0,0,0,0,0,True
204,5,2,"[3, 2]","[[0, 0, 0], [1, 1]]",1,3,2,2,PP,"[[2, 1], [2]]",3,2,0.0007415,20,0,0,0,0,0,0,True
204,5,2,"[3, 2]","[[0, 0, 0], [1, 1]]",1,3,2,3,PP,"[[3], [2]]",2,1,0.000751,20,0,0,0,0,0,0,True
204,5,2,"[3, 2]","[[0, 0, 0], [1, 1]]",1,3,2,5,PP,"[[3], [2]]",2,1,0.000731,20,0,0,0,0,0,0,True
204,5,2,"[3, 2]","[[0, 0, 0], [1, 1]]",1,3,3,1,PP,"[[1, 1, 1], [1, 1]]",5,6,0.000711,20,0,0,0,0,0,0,True
204,5,2,"[3, 2]","[[0, 0, 0], [1, 1]]",1,3,3,2,PP,"[[2, 1], [2]]",3,2,0.000721,20,0,0,0,0,8,8/5,True
204,5,2,"[3, 2]","[[0, 0, 0], [1, 1]]",1,3,3,3,PP,"[[3], [2]]",2,1,0.000706,20,0,0,0,0,12,12/5,True
204,5,2,"[3, 2]","[[0, 0, 0], [1, 1]]",1,3,3,5,PP,"[[3], [2]]",2,1,0.000721,20,0,0,0,0,16,16/5,True
205,5,2,"[3, 2]","[[0, 0, 0], [1, 2]]",1,3,0,1,PP,"[[1, 1, 1], [1, 1]]",5,6,0.0007315,20,0,0,0,0,0,0,True
205,5,2,"[3, 2]","[[0, 0, 0], [1, 2]]",1,3,0,2,PP,"[[2, 1], [1, 1]]",4,4,0.000716,20,0,0,0,0,0,0,True
205,5,2,"[3, 2]","[[0, 0, 0], [1, 2]]",1,3,0,3,PP,"[[3], [1, 1]]",3,2,0.000726,20,0,0,0,0,0,0,True
205,5,2,"[3, 2]","[[0, 0, 0], [1, 2]]",1,3,0,5,PP,"[[3], [1, 1]]",3,2,0.000721,20,0,0,0,0,0,0,True
205,5,2,"[3, 2]","[[0, 0, 0], [1, 2]]",1,3,1,1,PP,"[[1, 1, 1], [1, 1]]",5,6,0.000731,20,0,0,0,0,0,0,True
205,5,2,"[3, 2]","[[0, 0, 0], [1, 2]]",1,3,1,2,PP,"[[2, 1], [2]]",3,2,0.000731,20,0,0,0,0,0,0,True
205,5,2,"[3, 2]","[[0, 0, 0], [1, 2]]",1,3,1,3,PP,"[[3], [2]]",2,1,0.000721,20,0,0,0,0,0,0,True
205,5,2,"[3, 2]","[[0, 0, 0], [1, 2]]",1,3,1,5,PP,"[[3], [2]]",2,1,0.000731,20,0,0,0,0,0,0,True
205,5,2,"[3, 2]","[[0, 0, 0], [1, 2]]",1,3,2,1,PP,"[[1, 1, 1], [1, 1]]",5,6,0.000741,20,0,0,0,0,0,0,True
205,5,2,"[3, 2]","[[0, 0, 0], [1, 2]]",1,3,2,2,PP,"[[2, 1], [2]]",3,2,0.0007215,20,0,0,0,0,0,0,True
205,5,2,"[3, 2]","[[0, 0, 0], [1, 2]]",1,3,2,3,PP,"[[3], [2]]",2,1,0.000721,20,0,0,0,0,0,0,True
205,5,2,"[3, 2]","[[0, 0, 0], [1, 2]]",1,3,2,5,PP,"[[3], [2]]",2,1,0.000716,20,0,0,0,0,0,0,True
205,5,2,"[3, 2]","[[0, 0, 0], [1, 2]]",1,3,3,1,PP,"[[1, 1, 1], [1, 1]]",5,6,0.000726,20,0,0,0,0,0,0,True
205,5,2,"[3, 2]","[[0, 0, 0], [1, 2]]",1,3,3,2,PP,"[[2, 1], [2]]",3,2,0.000721,20,0,0,0,0,8,8/5,True
205,5,2,"[3, 2]","[[0, 0, 0], [1, 2]]",1,3,3,3,PP,"[[3], [2]]",2,1,0.000711,20,0,0,0,0,12,12/5,True
205,5,2,"[3, 2]","[[0, 0, 0], [1, 2]]",1,3,3,5,PP,"[[3], [2]]",2,1,0.000701,20,0,0,0,0,16,16/5,True
206,5,2,"[3, 2]","[[0, 0, 0], [1, 3]]",1,3,0,1,PP,"[[1, 1, 1], [1, 1]]",5,6,0.000736,20,0,0,0,0,0,0,True
206,5,2,"[3, 2]","[[0, 0, 0], [1, 3]]",1,3,0,2,PP,"[[2, 1], [1, 1]]",4,4,0.000721,20,0,0,0,0,0,0,True
206,5,2,"[3, 2]","[[0, 0, 0], [1, 3]]",1,3,0,3,PP,"[[3], [1, 1]]",3,2,0.000716,20,0,0,0,0,0,0,True
206,5,2,"[3, 2]","[[0, 0, 0], [1, 3]]",1,3,0,5,PP,"[[3], [1, 1]]",3,2,0.000711,20,0,0,0,0,0,0,True
206,5,2,"[3, 2]","[[0, 0, 0], [1, 3]]",1,3,1,1,PP,"[[1, 1, 1], [1, 1]]",5,6,0.000731,20,0,0,0,0,0,0,True
206,5,2,"[3, 2]","[[0, 0, 0], [1, 3]]",1,3,1,2,PP,"[[2, 1], [1, 1]]",4,4,0.000751,20,0,0,0,0,0,0,True
206,5,2,"[3, 2]","[[0, 0, 0], [1, 3]]",1,3,1,3,PP,"[[3], [1, 1]]",3,2,0.000726,20,0,0,0,0,0,0,True
206,5,2,"[3, 2]","[[0, 0, 0], [1, 3]]",1,3,1,5,PP,"[[3], [1, 1]]",3,2,0.000741,20,0,0,0,0,0,0,True
206,5,2,"[3, 2]","[[0, 0, 0], [1, 3]]",1,3,2,1,PP,"[[1, 1, 1], [1, 1]]",5,6,0.000761,20,0,0,0,0,0,0,True
206,5,2,"[3, 2]","[[0, 0, 0], [1, 3]]",1,3,2,2,PP,"[[2, 1], [2]]",3,2,0.0007465,20,0,0,0,0,0,0,True
206,5,2,"[3, 2]","[[0, 0, 0], [1, 3]]",1,3,2,3,PP,"[[3], [2]]",2,1,0.000731,20,0,0,0,0,0,0,True
206,5,2,"[3, 2]","[[0, 0, 0], [1, 3]]",1,3,2,5,PP,"[[3], [2]]",2,1,0.000721,20,0,0,0,0,0,0,True
206,5,2,"[3, 2]","[[0, 0, 0], [1, 3]]",1,3,3,1,PP,"[[1, 1, 1], [1, 1]]",5,6,0.0007265,20,0,0,0,0,0,0,True
206,5,2,"[3, 2]","[[0, 0, 0], [1, 3]]",1,3,3,2,PP,"[[2, 1], [2]]",3,2,0.000731,20,0,0,0,0,8,8/5,True
206,5,2,"[3, 2]","[[0, 0, 0], [1, 3]]",1,3,3,3,PP,"[[3], [2]]",2,1,0.000716,20,0,0,0,0,12,12/5,True
206,5,2,"[3, 2]","[[0, 0, 0], [1, 3]]",1,3,3,5,PP,"[[3], [2]]",2,1,0.000731,20,0,0,0,0,16,16/5,True
207,5,2,"[3, 2]","[[0, 0, 0], [2, 2]]",1,3,0,1,PP,"[[1, 1, 1], [1, 1]]",5,6,0.000721,20,0,0,0,0,0,0,True
207,5,2,"[3, 2]","[[0, 0, 0], [2, 2]]",1,3,0,2,PP,"[[2, 1], [2]]",3,2,0.000716,20,0,0,0,0,0,0,True
207,5,2,"[3, 2]","[[0, 0, 0], [2, 2]]",1,3,0,3,PP,"[[3], [2]]",2,1,0.000711,20,0,0,0,0,0,0,True
207,5,2,"[3, 2]","[[0, 0, 0], [2, 2]]",1,3,0,5,PP,"[[3], [2]]",2,1,0.000726,20,0,0,0,0,0,0,True
207,5,2,"[3, 2]","[[0, 0, 0], [2, 2]]",1,3,1,1,PP,"[[1, 1, 1], [1, 1]]",5,6,0.000731,20,0,0,0,0,0,0,True
207,5,2,"[3, 2]","[[0, 0, 0], [2, 2]]",1,3,1,2,PP,"[[2, 1], [2]]",3,2,0.000736,20,0,0,0,0,0,0,True
207,5,2,"[3, 2]","[[0, 0, 0], [2, 2]]",1,3,1,3,PP,"[[3], [2]]",2,1,0.000711,20,0,0,0,0,0,0,True
207,5,2,"[3, 2]","[[0, 0, 0], [2, 2]]",1,3,1,5,PP,"[[3], [2]]",2,1,0.000721,20,0,0,0,0,0,0,True
207,5,2,"[3, 2]","[[0, 0, 0], [2, 2]]",1,3,2,1,PP,"[[1, 1, 1], [1, 1]]",5,6,0.000711,20,0,0,0,0,0,0,True
207,5,2,"[3, 2]","[[0, 0, 0], [2, 2]]",1,3,2,2,PP,"[[2, 1], [2]]",3,2,0.000731,20,0,0,0,0,0,0,True
207,5,2,"[3, 2]","[[0, 0, 0], [2, 2]]",1,3,2,3,PP,"[[3], [2]]",2,1,0.000711,20,0,0,0,0,0,0,True
207,5,2,"[3, 2]","[[0, 0, 0], [2, 2]]",1,3,2,5,PP,"[[3], [2]]",2,1,0.000741,20,0,0,0,0,0,0,True
207,5,2,"[3, 2]","[[0, 0, 0], [2, 2]]",1,3,3,1,PP,"[[1, 1, 1], [1, 1]]",5,6,0.000731,20,0,0,0,0,0,0,True
207,5,2,"[3, 2]","[[0, 0, 0], [2, 2]]",1,3,3,2,PP,"[[2, 1], [2]]",3,2,0.000711,20,0,0,0,0,8,8/5,True
207,5,2,"[3, 2]","[[0, 0, 0], [2, 2]]",1,3,3,3,PP,"[[3], [2]]",2,1,0.000701,20,0,0,0,0,12,12/5,True
207,5,2,"[3, 2]","[[0, 0, 0], [2, 2]]",1,3,3,5,PP,"[[3], [2]]",2,1,0.000721,20,0,0,0,0,16,16/5,True
208,5,2,"[3, 2]","[[0, 0, 0], [2, 3]]",1,3,0,1,PP,"[[1, 1, 1], [1, 1]]",5,6,0.000721,20,0,0,0,0,0,0,True
208,5,2,"[3, 2]","[[0, 0, 0], [2, 3]]",1,3,0,2,PP,"[[2, 1], [1, 1]]",4,4,0.000736,20,0,0,0,0,0,0,True
208,5,2,"[3, 2]","[[0, 0, 0], [2, 3]]",1,3,0,3,PP,"[[3], [1, 1]]",3,2,0.000721,20,0,0,0,0,0,0,True
208,5,2,"[3, 2]","[[0, 0, 0], [2, 3]]",1,3,0,5,PP,"[[3], [1, 1]]",3,2,0.000726,20,0,0,0,0,0,0,True
208,5,2,"[3, 2]","[[0, 0, 0], [2, 3]]",1,3,1,1,PP,"[[1, 1, 1], [1, 1]]",5,6,0.000731,20,0,0,0,0,0,0,True
208,5,2,"[3, 2]","[[0, 0, 0], [2, 3]]",1,3,1,2,PP,"[[2, 1], [2]]",3,2,0.000741,20,0,0,0,0,0,0,True
208,5,2,"[3, 2]","[[0, 0, 0], [2, 3]]",1,3,1,3,PP,"[[3], [2]]",2,1,0.000726,20,0,0,0,0,0,0,True
208,5,2,"[3, 2]","[[0, 0, 0], [2, 3]]",1,3,1,5,PP,"[[3], [2]]",2,1,0.000721,20,0,0,0,0,0,0,True
208,5,2,"[3, 2]","[[0, 0, 0], [2, 3]]",1,3,2,1,PP,"[[1, 1, 1], [1, 1]]",5,6,0.000731,20,0,0,0,0,0,0,True
208,5,2,"[3, 2]","[[0, 0, 0], [2, 3]]",1,3,2,2,PP,"[[2, 1], [2]]",3,2,0.000736,20,0,0,0,0,0,0,True
208,5,2,"[3, 2]","[[0, 0, 0], [2, 3]]",1,3,2,3,PP,"[[3], [2]]",2,1,0.000701,20,0,0,0,0,0,0,True
208,5,2,"[3, 2]","[[0, 0, 0], [2, 3]]",1,3,2,5,PP,"[[3], [2]]",2,1,0.000716,20,0,0,0,0,0,0,True
208,5,2,"[3, 2]","[[0, 0, 0], [2, 3]]",1,3,3,1,PP,"[[1, 1, 1], [1, 1]]",5,6,0.0007315,20,0,0,0,0,0,0,True
208,5,2,"[3, 2]","[[0, 0, 0], [2, 3]]",1,3,3,2,PP,"[[2, 1], [2]]",3,2,0.000706,20,0,0,0,0,8,8/5,True
208,5,2,"[3, 2]","[[0, 0, 0], [2, 3]]",1,3,3,3,PP,"[[3], [2]]",2,1,0.000726,20,0,0,0,0,12,12/5,True
208,5,2,"[3, 2]","[[0, 0, 0], [2, 3]]",1,3,3,5,PP,"[[3], [2]]",2,1,0.000706,20,0,0,0,0,16,16/5,True
209,5,2,"[3, 2]","[[0, 0, 0], [3, 3]]",1,3,0,1,PP,"[[1, 1, 1], [1, 1]]",5,6,0.000721,20,0,0,0,0,0,0,True
209,5,2,"[3, 2]","[[0, 0, 0], [3, 3]]",1,3,0,2,PP,"[[2, 1], [2]]",3,2,0.000731,20,0,0,0,0,0,0,True
209,5,2,"[3, 2]","[[0, 0, 0], [3, 3]]",1,3,0,3,PP,"[[3], [2]]",2,1,0.000716,20,0,0,0,0,0,0,True
209,5,2,"[3, 2]","[[0, 0, 0], [3, 3]]",1,3,0,5,PP,"[[3], [2]]",2,1,0.000721,20,0,0,0,0,0,0,True
209,5,2,"[3, 2]","[[0, 0, 0], [3, 3]]",1,3,1,1,PP,"[[1, 1, 1], [1, 1]]",5,6,0.000726,20,0,0,0,0,0,0,True
209,5,2,"[3, 2]","[[0, 0, 0], [3, 3]]",1,3,1,2,PP,"[[2, 1], [2]]",3,2,0.000746,20,0,0,0,0,0,0,True
209,5,2,"[3, 2]","[[0, 0, 0], [3, 3]]",1,3,1,3,PP,"[[3], [2]]",2,1,0.000731,20,0,0,0,0,0,0,True
209,5,2,"[3, 2]","[[0, 0, 0], [3, 3]]",1,3,1,5,PP,"[[3], [2]]",2,1,0.000726,20,0,0,0,0,0,0,True
209,5,2,"[3, 2]","[[0, 0, 0], [3, 3]]",1,3,2,1,PP,"[[1, 1, 1], [1, 1]]",5,6,0.000741,20,0,0,0,0,0,0,True
209,5,2,"[3, 2]","[[0, 0, 0], [3, 3]]",1,3,2,2,PP,"[[2, 1], [2]]",3,2,0.000741,20,0,0,0,0,0,0,True
209,5,2,"[3, 2]","[[0, 0, 0], [3, 3]]",1,3,2,3,PP,"[[3], [2]]",2,1,0.000731,20,0,0,0,0,0,0,True
209,5,2,"[3, 2]","[[0, 0, 0], [3, 3]]",1,3,2,5,PP,"[[3], [2]]",2,1,0.0007215,20,0,0,0,0,0,0,True
209,5,2,"[3, 2]","[[0, 0, 0], [3, 3]]",1,3,3,1,PP,"[[1, 1, 1], [1, 1]]",5,6,0.000741,20,0,0,0,0,0,0,True
209,5,2,"[3, 2]","[[0, 0, 0], [3, 3]]",1,3,3,2,PP,"[[2, 1], [2]]",3,2,0.000731,20,0,0,0,0,8,8/5,True
209,5,2,"[3, 2]","[[0, 0, 0], [3, 3]]",1,3,3,3,PP,"[[3], [2]]",2,1,0.0007565,20,0,0,0,0,12,12/5,True
209,5,2,"[3, 2]","[[0, 0, 0], [3, 3]]",1,3,3,5,PP,"[[3], [2]]",2,1,0.0007165,20,0,0,0,0,16,16/5,True
210,5,2,"[3, 2]","[[0, 0, 1], [0, 0]]",1,3,0,1,PP,"[[1, 1, 1], [1, 1]]",5,6,0.0007515,20,0,0,0,0,0,0,True
210,5,2,"[3, 2]","[[0, 0, 1], [0, 0]]",1,3,0,2,PP,"[[2, 1], [2]]",3,2,0.0007315,20,0,0,0,0,0,0,True
210,5,2,"[3, 2]","[[0, 0, 1], [0, 0]]",1,3,0,3,PP,"[[2, 1], [2]]",3,2,0.000721,20,0,0,0,0,0,0,True
210,5,2,"[3, 2]","[[0, 0, 1], [0, 0]]",1,3,0,5,PP,"[[2, 1], [2]]",3,2,0.000706,20,0,0,0,0,0,0,True
210,5,2,"[3, 2]","[[0, 0, 1], [0, 0]]",1,3,1,1,PP,"[[1, 1, 1], [1, 1]]",5,6,0.000721,20,0,0,0,0,0,0,True
210,5,2,"[3, 2]","[[0, 0, 1], [0, 0]]",1,3,1,2,PP,"[[2, 1], [2]]",3,2,0.000721,20,0,0,0,0,0,0,True
210,5,2,"[3, 2]","[[0, 0, 1], [0, 0]]",1,3,1,3,PP,"[[3], [2]]",2,1,0.000716,20,0,0,0,0,0,0,True
210,5,2,"[3, 2]","[[0, 0, 1], [0, 0]]",1,3,1,5,PP,"[[3], [2]]",2,1,0.000701,20,0,0,0,0,0,0,True
210,5,2,"[3, 2]","[[0, 0, 1], [0, 0]]",1,3,2,1,PP,"[[1, 1, 1], [1, 1]]",5,6,0.000721,20,0,0,0,0,0,0,True
210,5,2,"[3, 2]","[[0, 0, 1], [0, 0]]",1,3,2,2,PP,"[[2, 1], [2]]",3,2,0.000711,20,0,0,0,0,0,0,True
210,5,2,"[3, 2]","[[0, 0, 1], [0, 0]]",1,3,2,3,PP,"[[3], [2]]",2,1,0.000701,20,0,0,0,0,0,0,True
210,5,2,"[3, 2]","[[0, 0, 1], [0, 0]]",1,3,2,5,PP,"[[3], [2]]",2,1,0.000711,20,0,0,0,0,0,0,True
210,5,2,"[3, 2]","[[0, 0, 1], [0, 0]]",1,3,3,1,PP,"[[1, 1, 1], [1, 1]]",5,6,0.000721,20,0,0,0,0,0,0,True
210,5,2,"[3, 2]","[[0, 0, 1], [0, 0]]",1,3,3,2,PP,"[[2, 1], [2]]",3,2,0.000726,20,0,0,0,0,8,8/5,True
210,5,2,"[3, 2]","[[0, 0, 1], [0, 0]]",1,3,3,3,PP,"[[3], [2]]",2,1,0.000711,20,0,0,0,0,12,12/5,True
210,5,2,"[3, 2]","[[0, 0, 1], [0, 0]]",1,3,3,5,PP,"[[3], [2]]",2,1,0.0007115,20,0,0,0,0,16,16/5,True
211,5,2,"[3, 2]","[[0, 0, 1], [0, 1]]",1,3,0,1,PP,"[[1, 1, 1], [1, 1]]",5,6,0.000721,20,0,0,0,0,0,0,True
211,5,2,"[3, 2]","[[0, 0, 1], [0, 1]]",1,3,0,2,PP,"[[2, 1], [1, 1]]",4,4,0.0007565,20,0,0,0,0,0,0,True
211,5,2,"[3, 2]","[[0, 0, 1], [0, 1]]",1,3,0,3,PP,"[[2, 1], [1, 1]]",4,4,0.000721,20,0,0,0,0,0,0,True
211,5,2,"[3, 2]","[[0, 0, 1], [0, 1]]",1,3,0,5,PP,"[[2, 1], [1, 1]]",4,4,0.000696,20,0,0,0,0,0,0,True
211,5,2,"[3, 2]","[[0, 0, 1], [0, 1]]",1,3,1,1,PP,"[[1, 1, 1], [1, 1]]",5,6,0.000751,20,0,0,0,0,0,0,True
211,5,2,"[3, 2]","[[0, 0, 1], [0, 1]]",1,3,1,2,PP,"[[2, 1], [2]]",3,2,0.000736,20,0,0,0,0,0,0,True
211,5,2,"[3, 2]","[[0, 0, 1], [0, 1]]",1,3,1,3,PP,"[[3], [2]]",2,1,0.0007265,20,0,0,0,0,0,0,True
211,5,2,"[3, 2]","[[0, 0, 1], [0, 1]]",1,3,1,5,PP,"[[3], [2]]",2,1,0.000706,20,0,0,0,0,0,0,True
211,5,2,"[3, 2]","[[0, 0, 1], [0, 1]]",1,3,2,1,PP,"[[1, 1, 1], [1, 1]]",5,6,0.000721,20,0,0,0,0,0,0,True
211,5,2,"[3, 2]","[[0, 0, 1], [0, 1]]",1,3,2,2,PP,"[[2, 1], [2]]",3,2,0.000741,20,0,0,0,0,0,0,True
211,5,2,"[3, 2]","[[0, 0, 1], [0, 1]]",1,3,2,3,PP,"[[3], [2]]",2,1,0.000731,20,0,0,0,0,0,0,True
211,5,2,"[3, 2]","[[0, 0, 1], [0, 1]]",1,3,2,5,PP,"[[3], [2]]",2,1,0.000731,20,0,0,0,0,0,0,True
211,5,2,"[3, 2]","[[0, 0, 1], [0, 1]]",1,3,3,1,PP,"[[1, 1, 1], [1, 1]]",5,6,0.000731,20,0,0,0,0,0,0,True
211,5,2,"[3, 2]","[[0, 0, 1], [0, 1]]",1,3,3,2,PP,"[[2, 1], [2]]",3,2,0.000741,20,0,0,0,0,8,8/5,True
211,5,2,"[3, 2]","[[0, 0, 1], [0, 1]]",1,3,3,3,PP,"[[3], [2]]",2,1,0.000721,20,0,0,0,0,12,12/5,True
211,5,2,"[3, 2]","[[0, 0, 1], [0, 1]]",1,3,3,5,PP,"[[3], [2]]",2,1,0.000731,20,0,0,0,0,16,16/5,True
212,5,2,"[3, 2]","[[0, 0, 1], [0, 2]]",1,3,0,1,PP,"[[1, 1, 1], [1, 1]]",5,6,0.000731,20,0,0,0,0,0,0,True
212,5,2,"[3, 2]","[[0, 0, 1], [0, 2]]",1,3,0,2,PP,"[[2, 1], [1, 1]]",4,4,0.000706,20,0,0,0,0,0,0,True
212,5,2,"[3, 2]","[[0, 0, 1], [0, 2]]",1,3,0,3,PP,"[[2, 1], [1, 1]]",4,4,0.000711,20,0,0,0,0,0,0,True
212,5,2,"[3, 2]","[[0, 0, 1], [0, 2]]",1,3,0,5,PP,"[[2, 1], [1, 1]]",4,4,0.000721,20,0,0,0,0,0,0,True
212,5,2,"[3, 2]","[[0, 0, 1], [0, 2]]",1,3,1,1,PP,"[[1, 1, 1], [1, 1]]",5,6,0.000711,20,0,0,0,0,0,0,True
212,5,2,"[3, 2]","[[0, 0, 1], [0, 2]]",1,3,1,2,PP,"[[2, 1], [1, 1]]",4,4,0.000711,20,0,0,0,0,0,0,True
212,5,2,"[3, 2]","[[0, 0, 1], [0, 2]]",1,3,1,3,PP,"[[3], [1, 1]]",3,2,0.000691,20,0,0,0,0,0,0,True
212,5,2,"[3, 2]","[[0, 0, 1], [0, 2]]",1,3,1,5,PP,"[[3], [1, 1]]",3,2,0.000706,20,0,0,0,0,0,0,True
212,5,2,"[3, 2]","[[0, 0, 1], [0, 2]]",1,3,2,1,PP,"[[1, 1, 1], [1, 1]]",5,6,0.000731,20,0,0,0,0,0,0,True
212,5,2,"[3, 2]","[[0, 0, 1], [0, 2]]",1,3,2,2,PP,"[[2, 1], [2]]",3,2,0.0007315,20,0,0,0,0,0,0,True
212,5,2,"[3, 2]","[[0, 0, 1], [0, 2]]",1,3,2,3,PP,"[[3], [2]]",2,1,0.000716,20,0,0,0,0,0,0,True
212,5,2,"[3, 2]","[[0, 0, 1], [0, 2]]",1,3,2,5,PP,"[[3], [2]]",2,1,0.000721,20,0,0,0,0,0,0,True
212,5,2,"[3, 2]","[[0, 0, 1], [0, 2]]",1,3,3,1,PP,"[[1, 1, 1], [1, 1]]",5,6,0.000726,20,0,0,0,0,0,0,True
212,5,2,"[3, 2]","[[0, 0, 1], [0, 2]]",1,3,3,2,PP,"[[2, 1], [2]]",3,2,0.000731,20,0,0,0,0,8,8/5,True
212,5,2,"[3, 2]","[[0, 0, 1], [0, 2]]",1,3,3,3,PP,"[[3], [2]]",2,1,0.000721,20,0,0,0,0,12,12/5,True
212,5,2,"[3, 2]","[[0, 0, 1], [0, 2]]",1,3,3,5,PP,"[[3], [2]]",2,1,0.000726,20,0,0,0,0,16,16/5,True
213,5,2,"[3, 2]","[[0, 0, 1], [0, 3]]",1,3,0,1,PP,"[[1, 1, 1], [1, 1]]",5,6,0.000741,20,0,0,0,0,0,0,True
213,5,2,"[3, 2]","[[0, 0, 1], [0, 3]]",1,3,0,2,PP,"[[2, 1], [1, 1]]",4,4,0.000741,20,0,0,0,0,0,0,True
213,5,2,"[3, 2]","[[0, 0, 1], [0, 3]]",1,3,0,3,PP,"[[2, 1], [1, 1]]",4,4,0.000721,20,0,0,0,0,0,0,True
213,5,2,"[3, 2]","[[0, 0, 1], [0, 3]]",1,3,0,5,PP,"[[2, 1], [1, 1]]",4,4,0.000731,20,0,0,0,0,0,0,True
213,5,2,"[3, 2]","[[0, 0, 1], [0, 3]]",1,3,1,1,PP,"[[1, 1, 1], [1, 1]]",5,6,0.000746,20,0,0,0,0,0,0,True
213,5,2,"[3, 2]","[[0, 0, 1], [0, 3]]",1,3,1,2,PP,"[[2, 1], [1, 1]]",4,4,0.000711,20,0,0,0,0,0,0,True
213,5,2,"[3, 2]","[[0, 0, 1], [0, 3]]",1,3,1,3,PP,"[[3], [1, 1]]",3,2,0.000701,20,0,0,0,0,0,0,True
213,5,2,"[3, 2]","[[0, 0, 1], [0, 3]]",1,3,1,5,PP,"[[3], [1, 1]]",3,2,0.000711,20,0,0,0,0,0,0,True
213,5,2,"[3, 2]","[[0, 0, 1], [0, 3]]",1,3,2,1,PP,"[[1, 1, 1], [1, 1]]",5,6,0.000731,20,0,0,0,0,0,0,True
213,5,2,"[3, 2]","[[0, 0, 1], [0, 3]]",1,3,2,2,PP,"[[2, 1], [1, 1]]",4,4,0.000731,20,0,0,0,0,0,0,True
213,5,2,"[3, 2]","[[0, 0, 1], [0, 3]]",1,3,2,3,PP,"[[3], [1, 1]]",3,2,0.000726,20,0,0,0,0,0,0,True
213,5,2,"[3, 2]","[[0, 0, 1], [0, 3]]",1,3,2,5,PP,"[[3], [1, 1]]",3,2,0.000711,20,0,0,0,0,0,0,True
213,5,2,"[3, 2]","[[0, 0, 1], [0, 3]]",1,3,3,1,PP,"[[1, 1, 1], [1, 1]]",5,6,0.000726,20,0,0,0,0,0,0,True
213,5,2,"[3, 2]","[[0, 0, 1], [0, 3]]",1,3,3,2,PP,"[[2, 1], [2]]",3,2,0.000752,20,0,0,4,4/5,8,8/5,True
213,5,2,"[3, 2]","[[0, 0, 1], [0, 3]]",1,3,3,3,PP,"[[3], [2]]",2,1,0.000731,20,0,0,4,4/5,12,12/5,True
213,5,2,"[3, 2]","[[0, 0, 1], [0, 3]]",1,3,3,5,PP,"[[3], [2]]",2,1,0.000721,20,0,0,4,4/5,16,16/5,True
214,5,2,"[3, 2]","[[0, 0, 1], [1, 1]]",1,3,0,1,PP,"[[1, 1, 1], [1, 1]]",5,6,0.000726,20,0,0,0,0,0,0,True
214,5,2,"[3, 2]","[[0, 0, 1], [1, 1]]",1,3,0,2,PP,"[[2, 1], [2]]",3,2,0.000731,20,0,0,0,0,0,0,True
214,5,2,"[3, 2]","[[0, 0, 1], [1, 1]]",1,3,0,3,PP,"[[2, 1], [2]]",3,2,0.000741,20,0,0,0,0,0,0,True
214,5,2,"[3, 2]","[[0, 0, 1], [1, 1]]",1,3,0,5,PP,"[[2, 1], [2]]",3,2,0.000716,20,0,0,0,0,0,0,True
214,5,2,"[3, 2]","[[0, 0, 1], [1, 1]]",1,3,1,1,PP,"[[1, 1, 1], [1, 1]]",5,6,0.000731,20,0,0,0,0,0,0,True
214,5,2,"[3, 2]","[[0, 0, 1], [1, 1]]",1,3,1,2,PP,"[[2, 1], [2]]",3,2,0.0007365,20,0,0,0,0,0,0,True
214,5,2,"[3, 2]","[[0, 0, 1], [1, 1]]",1,3,1,3,PP,"[[3], [2]]",2,1,0.000716,20,0,0,0,0,0,0,True
214,5,2,"[3, 2]","[[0, 0, 1], [1, 1]]",1,3,1,5,PP,"[[3], [2]]",2,1,0.000721,20,0,0,0,0,0,0,True
214,5,2,"[3, 2]","[[0, 0, 1], [1, 1]]",1,3,2,1,PP,"[[1, 1, 1], [1, 1]]",5,6,0.000751,20,0,0,0,0,0,0,True
214,5,2,"[3, 2]","[[0, 0, 1], [1, 1]]",1,3,2,2,PP,"[[2, 1], [2]]",3,2,0.000731,20,0,0,0,0,0,0,True
214,5,2,"[3, 2]","[[0, 0, 1], [1, 1]]",1,3,2,3,PP,"[[3], [2]]",2,1,0.000711,20,0,0,0,0,0,0,True
214,5,2,"[3, 2]","[[0, 0, 1], [1, 1]]",1,3,2,5,PP,"[[3], [2]]",2,1,0.000716,20,0,0,0,0,0,0,True
214,5,2,"[3, 2]","[[0, 0, 1], [1, 1]]",1,3,3,1,PP,"[[1, 1, 1], [1, 1]]",5,6,0.000736,20,0,0,0,0,0,0,True
214,5,2,"[3, 2]","[[0, 0, 1], [1, 1]]",1,3,3,2,PP,"[[2, 1], [2]]",3,2,0.000721,20,0,0,0,0,8,8/5,True
214,5,2,"[3, 2]","[[0, 0, 1], [1, 1]]",1,3,3,3,PP,"[[3], [2]]",2,1,0.0007115,20,0,0,0,0,12,12/5,True
214,5,2,"[3, 2]","[[0, 0, 1], [1, 1]]",1,3,3,5,PP,"[[3], [2]]",2,1,0.000726,20,0,0,0,0,16,16/5,True
215,5,2,"[3, 2]","[[0, 0, 1], [1, 2]]",1,3,0,1,PP,"[[1, 1, 1], [1, 1]]",5,6,0.000711,20,0,0,0,0,0,0,True
215,5,2,"[3, 2]","[[0, 0, 1], [1, 2]]",1,3,0,2,PP,"[[2, 1], [1, 1]]",4,4,0.000737,20,0,0,0,0,0,0,True
215,5,2,"[3, 2]","[[0, 0, 1], [1, 2]]",1,3,0,3,PP,"[[2, 1], [1, 1]]",4,4,0.0007315,20,0,0,0,0,0,0,True
215,5,2,"[3, 2]","[[0, 0, 1], [1, 2]]",1,3,0,5,PP,"[[2, 1], [1, 1]]",4,4,0.000741,20,0,0,0,0,0,0,True
215,5,2,"[3, 2]","[[0, 0, 1], [1, 2]]",1,3,1,1,PP,"[[1, 1, 1], [1, 1]]",5,6,0.000751,20,0,0,0,0,0,0,True
215,5,2,"[3, 2]","[[0, 0, 1], [1, 2]]",1,3,1,2,PP,"[[2, 1], [2]]",3,2,0.000771,20,0,0,0,0,0,0,True
215,5,2,"[3, 2]","[[0, 0, 1], [1, 2]]",1,3,1,3,PP,"[[3], [2]]",2,1,0.000786,20,0,0,0,0,0,0,True
215,5,2,"[3, 2]","[[0, 0, 1], [1, 2]]",1,3,1,5,PP,"[[3], [2]]",2,1,0.000711,20,0,0,0,0,0,0,True
215,5,2,"[3, 2]","[[0, 0, 1], [1, 2]]",1,3,2,1,PP,"[[1, 1, 1], [1, 1]]",5,6,0.000731,20,0,0,0,0,0,0,True
215,5,2,"[3, 2]","[[0, 0, 1], [1, 2]]",1,3,2,2,PP,"[[2, 1], [2]]",3,2,0.000746,20,0,0,0,0,0,0,True
215,5,2,"[3, 2]","[[0, 0, 1], [1, 2]]",1,3,2,3,PP,"[[3], [2]]",2,1,0.000761,20,0,0,0,0,0,0,True
215,5,2,"[3, 2]","[[0, 0, 1], [1, 2]]",1,3,2,5,PP,"[[3], [2]]",2,1,0.0007415,20,0,0,0,0,0,0,True
215,5,2,"[3, 2]","[[0, 0, 1], [1, 2]]",1,3,3,1,PP,"[[1, 1, 1], [1, 1]]",5,6,0.000731,20,0,0,0,0,0,0,True
215,5,2,"[3, 2]","[[0, 0, 1], [1, 2]]",1,3,3,2,PP,"[[2, 1], [2]]",3,2,0.000736,20,0,0,0,0,8,8/5,True
215,5,2,"[3, 2]","[[0, 0, 1], [1, 2]]",1,3,3,3,PP,"[[3], [2]]",2,1,0.000741,20,0,0,0,0,12,12/5,True
215,5,2,"[3, 2]","[[0, 0, 1], [1, 2]]",1,3,3,5,PP,"[[3], [2]]",2,1,0.000716,20,0,0,0,0,16,16/5,True
216,5,2,"[3, 2]","[[0, 0, 1], [1, 3]]",1,3,0,1,PP,"[[1, 1, 1], [1, 1]]",5,6,0.000736,20,0,0,0,0,0,0,True
216,5,2,"[3, 2]","[[0, 0, 1], [1, 3]]",1,3,0,2,PP,"[[2, 1], [1, 1]]",4,4,0.0007315,20,0,0,0,0,0,0,True
216,5,2,"[3, 2]","[[0, 0, 1], [1, 3]]",1,3,0,3,PP,"[[2, 1], [1, 1]]",4,4,0.000711,20,0,0,0,0,0,0,True
216,5,2,"[3, 2]","[[0, 0, 1], [1, 3]]",1,3,0,5,PP,"[[2, 1], [1, 1]]",4,4,0.000721,20,0,0,0,0,0,0,True
216,5,2,"[3, 2]","[[0, 0, 1], [1, 3]]",1,3,1,1,PP,"[[1, 1, 1], [1, 1]]",5,6,0.000731,20,0,0,0,0,0,0,True
216,5,2,"[3, 2]","[[0, 0, 1], [1, 3]]",1,3,1,2,PP,"[[2, 1], [1, 1]]",4,4,0.000731,20,0,0,0,0,0,0,True
216,5,2,"[3, 2]","[[0, 0, 1], [1, 3]]",1,3,1,3,PP,"[[3], [1, 1]]",3,2,0.000721,20,0,0,0,0,0,0,True
216,5,2,"[3, 2]","[[0, 0, 1], [1, 3]]",1,3,1,5,PP,"[[3], [1, 1]]",3,2,0.000711,20,0,0,0,0,0,0,True
216,5,2,"[3, 2]","[[0, 0, 1], [1, 3]]",1,3,2,1,PP,"[[1, 1, 1], [1, 1]]",5,6,0.000731,20,0,0,0,0,0,0,True
216,5,2,"[3, 2]","[[0, 0, 1], [1, 3]]",1,3,2,2,PP,"[[2, 1], [2]]",3,2,0.000731,20,0,0,0,0,0,0,True
216,5,2,"[3, 2]","[[0, 0, 1], [1, 3]]",1,3,2,3,PP,"[[3], [2]]",2,1,0.000726,20,0,0,0,0,0,0,True
216,5,2,"[3, 2]","[[0, 0, 1], [1, 3]]",1,3,2,5,PP,"[[3], [2]]",2,1,0.000721,20,0,0,0,0,0,0,True
216,5,2,"[3, 2]","[[0, 0, 1], [1, 3]]",1,3,3,1,PP,"[[1, 1, 1], [1, 1]]",5,6,0.0007165,20,0,0,0,0,0,0,True
216,5,2,"[3, 2]","[[0, 0, 1], [1, 3]]",1,3,3,2,PP,"[[2, 1], [2]]",3,2,0.0007215,20,0,0,0,0,8,8/5,True
216,5,2,"[3, 2]","[[0, 0, 1], [1, 3]]",1,3,3,3,PP,"[[3], [2]]",2,1,0.0007115,20,0,0,0,0,12,12/5,True
216,5,2,"[3, 2]","[[0, 0, 1], [1, 3]]",1,3,3,5,PP,"[[3], [2]]",2,1,0.000701,20,0,0,0,0,16,16/5,True
217,5,2,"[3, 2]","[[0, 0, 1], [2, 2]]",1,3,0,1,PP,"[[1, 1, 1], [1, 1]]",5,6,0.000716,20,0,0,0,0,0,0,True
217,5,2,"[3, 2]","[[0, 0, 1], [2, 2]]",1,3,0,2,PP,"[[2, 1], [2]]",3,2,0.0007215,20,0,0,0,0,0,0,True
217,5,2,"[3, 2]","[[0, 0, 1], [2, 2]]",1,3,0,3,PP,"[[2, 1], [2]]",3,2,0.000711,20,0,0,0,0,0,0,True
217,5,2,"[3, 2]","[[0, 0, 1], [2, 2]]",1,3,0,5,PP,"[[2, 1], [2]]",3,2,0.000721,20,0,0,0,0,0,0,True
217,5,2,"[3, 2]","[[0, 0, 1], [2, 2]]",1,3,1,1,PP,"[[1, 1, 1], [1, 1]]",5,6,0.0007265,20,0,0,0,0,0,0,True
217,5,2,"[3, 2]","[[0, 0, 1], [2, 2]]",1,3,1,2,PP,"[[2, 1], [2]]",3,2,0.000751,20,0,0,0,0,0,0,True
217,5,2,"[3, 2]","[[0, 0, 1], [2, 2]]",1,3,1,3,PP,"[[3], [2]]",2,1,0.000716,20,0,0,0,0,0,0,True
217,5,2,"[3, 2]","[[0, 0, 1], [2, 2]]",1,3,1,5,PP,"[[3], [2]]",2,1,0.000701,20,0,0,0,0,0,0,True
217,5,2,"[3, 2]","[[0, 0, 1], [2, 2]]",1,3,2,1,PP,"[[1, 1, 1], [1, 1]]",5,6,0.0007415,20,0,0,0,0,0,0,True
217,5,2,"[3, 2]","[[0, 0, 1], [2, 2]]",1,3,2,2,PP,"[[2, 1], [2]]",3,2,0.000731,20,0,0,0,0,0,0,True
217,5,2,"[3, 2]","[[0, 0, 1], [2, 2]]",1,3,2,3,PP,"[[3], [2]]",2,1,0.000716,20,0,0,0,0,0,0,True
217,5,2,"[3, 2]","[[0, 0, 1], [2, 2]]",1,3,2,5,PP,"[[3], [2]]",2,1,0.000726,20,0,0,0,0,0,0,True
217,5,2,"[3, 2]","[[0, 0, 1], [2, 2]]",1,3,3,1,PP,"[[1, 1, 1], [1, 1]]",5,6,0.000731,20,0,0,0,0,0,0,True
217,5,2,"[3, 2]","[[0, 0, 1], [2, 2]]",1,3,3,2,PP,"[[2, 1], [2]]",3,2,0.0007465,20,0,0,0,0,8,8/5,True
217,5,2,"[3, 2]","[[0, 0, 1], [2, 2]]",1,3,3,3,PP,"[[3], [2]]",2,1,0.000726,20,0,0,0,0,12,12/5,True
217,5,2,"[3, 2]","[[0, 0, 1], [2, 2]]",1,3,3,5,PP,"[[3], [2]]",2,1,0.000731,20,0,0,0,0,16,16/5,True
218,5,2,"[3, 2]","[[0, 0, 1], [2, 3]]",1,3,0,1,PP,"[[1, 1, 1], [1, 1]]",5,6,0.000751,20,0,0,0,0,0,0,True
218,5,2,"[3, 2]","[[0, 0, 1], [2, 3]]",1,3,0,2,PP,"[[2, 1], [1, 1]]",4,4,0.000731,20,0,0,0,0,0,0,True
218,5,2,"[3, 2]","[[0, 0, 1], [2, 3]]",1,3,0,3,PP,"[[2, 1], [1, 1]]",4,4,0.000731,20,0,0,0,0,0,0,True
218,5,2,"[3, 2]","[[0, 0, 1], [2, 3]]",1,3,0,5,PP,"[[2, 1], [1, 1]]",4,4,0.000741,20,0,0,0,0,0,0,True
218,5,2,"[3, 2]","[[0, 0, 1], [2, 3]]",1,3,1,1,PP,"[[1, 1, 1], [1, 1]]",5,6,0.0007465,20,0,0,0,0,0,0,True
218,5,2,"[3, 2]","[[0, 0, 1], [2, 3]]",1,3,1,2,PP,"[[2, 1], [2]]",3,2,0.000731,20,0,0,0,0,0,0,True
218,5,2,"[3, 2]","[[0, 0, 1], [2, 3]]",1,3,1,3,PP,"[[3], [2]]",2,1,0.000711,20,0,0,0,0,0,0,True
218,5,2,"[3, 2]","[[0, 0, 1], [2, 3]]",1,3,1,5,PP,"[[3], [2]]",2,1,0.000726,20,0,0,0,0,0,0,True
218,5,2,"[3, 2]","[[0, 0, 1], [2, 3]]",1,3,2,1,PP,"[[1, 1, 1], [1, 1]]",5,6,0.000721,20,0,0,0,0,0,0,True
218,5,2,"[3, 2]","[[0, 0, 1], [2, 3]]",1,3,2,2,PP,"[[2, 1], [2]]",3,2,0.0007615,20,0,0,0,0,0,0,True
218,5,2,"[3, 2]","[[0, 0, 1], [2, 3]]",1,3,2,3,PP,"[[3], [2]]",2,1,0.000721,20,0,0,0,0,0,0,True
218,5,2,"[3, 2]","[[0, 0, 1], [2, 3]]",1,3,2,5,PP,"[[3], [2]]",2,1,0.000701,20,0,0,0,0,0,0,True
218,5,2,"[3, 2]","[[0, 0, 1], [2, 3]]",1,3,3,1,PP,"[[1, 1, 1], [1, 1]]",5,6,0.000736,20,0,0,0,0,0,0,True
218,5,2,"[3, 2]","[[0, 0, 1], [2, 3]]",1,3,3,2,PP,"[[2, 1], [2]]",3,2,0.000721,20,0,0,0,0,8,8/5,True
218,5,2,"[3, 2]","[[0, 0, 1], [2, 3]]",1,3,3,3,PP,"[[3], [2]]",2,1,0.000716,20,0,0,0,0,12,12/5,True
218,5,2,"[3, 2]","[[0, 0, 1], [2, 3]]",1,3,3,5,PP,"[[3], [2]]",2,1,0.000716,20,0,0,0,0,16,16/5,True
219,5,2,"[3, 2]","[[0, 0, 1], [3, 3]]",1,3,0,1,PP,"[[1, 1, 1], [1, 1]]",5,6,0.000721,20,0,0,0,0,0,0,True
219,5,2,"[3, 2]","[[0, 0, 1], [3, 3]]",1,3,0,2,PP,"[[2, 1], [2]]",3,2,0.000731,20,0,0,0,0,0,0,True
219,5,2,"[3, 2]","[[0, 0, 1], [3, 3]]",1,3,0,3,PP,"[[2, 1], [2]]",3,2,0.000761,20,0,0,0,0,0,0,True
219,5,2,"[3, 2]","[[0, 0, 1], [3, 3]]",1,3,0,5,PP,"[[2, 1], [2]]",3,2,0.0007265,20,0,0,0,0,0,0,True
219,5,2,"[3, 2]","[[0, 0, 1], [3, 3]]",1,3,1,1,PP,"[[1, 1, 1], [1, 1]]",5,6,0.0007365,20,0,0,0,0,0,0,True
219,5,2,"[3, 2]","[[0, 0, 1], [3, 3]]",1,3,1,2,PP,"[[2, 1], [2]]",3,2,0.0007365,20,0,0,0,0,0,0,True
219,5,2,"[3, 2]","[[0, 0, 1], [3, 3]]",1,3,1,3,PP,"[[3], [2]]",2,1,0.000731,20,0,0,0,0,0,0,True
219,5,2,"[3, 2]","[[0, 0, 1], [3, 3]]",1,3,1,5,PP,"[[3], [2]]",2,1,0.000731,20,0,0,0,0,0,0,True
219,5,2,"[3, 2]","[[0, 0, 1], [3, 3]]",1,3,2,1,PP,"[[1, 1, 1], [1, 1]]",5,6,0.000761,20,0,0,0,0,0,0,True
219,5,2,"[3, 2]","[[0, 0, 1], [3, 3]]",1,3,2,2,PP,"[[2, 1], [2]]",3,2,0.0007265,20,0,0,0,0,0,0,True
219,5,2,"[3, 2]","[[0, 0, 1], [3, 3]]",1,3,2,3,PP,"[[3], [2]]",2,1,0.0007165,20,0,0,0,0,0,0,True
219,5,2,"[3, 2]","[[0, 0, 1], [3, 3]]",1,3,2,5,PP,"[[3], [2]]",2,1,0.000706,20,0,0,0,0,0,0,True
219,5,2,"[3, 2]","[[0, 0, 1], [3, 3]]",1,3,3,1,PP,"[[1, 1, 1], [1, 1]]",5,6,0.000726,20,0,0,0,0,0,0,True
219,5,2,"[3, 2]","[[0, 0, 1], [3, 3]]",1,3,3,2,PP,"[[2, 1], [2]]",3,2,0.000791,20,0,0,0,0,8,8/5,True
219,5,2,"[3, 2]","[[0, 0, 1], [3, 3]]",1,3,3,3,PP,"[[3], [2]]",2,1,0.000816,20,0,0,0,0,12,12/5,True
219,5,2,"[3, 2]","[[0, 0, 1], [3, 3]]",1,3,3,5,PP,"[[3], [2]]",2,1,0.0007865,20,0,0,0,0,16,16/5,True
220,5,2,"[3, 2]","[[0, 0, 2], [0, 0]]",1,3,0,1,PP,"[[1, 1, 1], [1, 1]]",5,6,0.000806,20,0,0,0,0,0,0,True
220,5,2,"[3, 2]","[[0, 0, 2], [0, 0]]",1,3,0,2,PP,"[[2, 1], [2]]",3,2,0.0007965,20,0,0,0,0,0,0,True
220,5,2,"[3, 2]","[[0, 0, 2], [0, 0]]",1,3,0,3,PP,"[[2, 1], [2]]",3,2,0.0007815,20,0,0,0,0,0,0,True
220,5,2,"[3, 2]","[[0, 0, 2], [0, 0]]",1,3,0,5,PP,"[[2, 1], [2]]",3,2,0.0007815,20,0,0,0,0,0,0,True
220,5,2,"[3, 2]","[[0, 0, 2], [0, 0]]",1,3,1,1,PP,"[[1, 1, 1], [1, 1]]",5,6,0.000821,20,0,0,0,0,0,0,True
220,5,2,"[3, 2]","[[0, 0, 2], [0, 0]]",1,3,1,2,PP,"[[2, 1], [2]]",3,2,0.000801,20,0,0,0,0,0,0,True
220,5,2,"[3, 2]","[[0, 0, 2], [0, 0]]",1,3,1,3,PP,"[[2, 1], [2]]",3,2,0.0007865,20,0,0,0,0,0,0,True
220,5,2,"[3, 2]","[[0, 0, 2], [0, 0]]",1,3,1,5,PP,"[[2, 1], [2]]",3,2,0.000791,20,0,0,0,0,0,0,True
220,5,2,"[3, 2]","[[0, 0, 2], [0, 0]]",1,3,2,1,PP,"[[1, 1, 1], [1, 1]]",5,6,0.000781,20,0,0,0,0,0,0,True
220,5,2,"[3, 2]","[[0, 0, 2], [0, 0]]",1,3,2,2,PP,"[[2, 1], [2]]",3,2,0.000791,20,0,0,0,0,0,0,True
220,5,2,"[3, 2]","[[0, 0, 2], [0, 0]]",1,3,2,3,PP,"[[3], [2]]",2,1,0.000786,20,0,0,0,0,0,0,True
220,5,2,"[3, 2]","[[0, 0, 2], [0, 0]]",1,3,2,5,PP,"[[3], [2]]",2,1,0.000781,20,0,0,0,0,0,0,True
220,5,2,"[3, 2]","[[0, 0, 2], [0, 0]]",1,3,3,1,PP,"[[1, 1, 1], [1, 1]]",5,6,0.000796,20,0,0,0,0,0,0,True
220,5,2,"[3, 2]","[[0, 0, 2], [0, 0]]",1,3,3,2,PP,"[[2, 1], [2]]",3,2,0.0008115,20,0,0,0,0,8,8/5,True
220,5,2,"[3, 2]","[[0, 0, 2], [0, 0]]",1,3,3,3,PP,"[[3], [2]]",2,1,0.000786,20,0,0,0,0,12,12/5,True
220,5,2,"[3, 2]","[[0, 0, 2], [0, 0]]",1,3,3,5,PP,"[[3], [2]]",2,1,0.0007965,20,0,0,0,0,16,16/5,True
221,5,2,"[3, 2]","[[0, 0, 2], [0, 1]]",1,3,0,1,PP,"[[1, 1, 1], [1, 1]]",5,6,0.000796,20,0,0,0,0,0,0,True
221,5,2,"[3, 2]","[[0, 0, 2], [0, 1]]",1,3,0,2,PP,"[[2, 1], [1, 1]]",4,4,0.000811,20,0,0,0,0,0,0,True
221,5,2,"[3, 2]","[[0, 0, 2], [0, 1]]",1,3,0,3,PP,"[[2, 1], [1, 1]]",4,4,0.000806,20,0,0,0,0,0,0,True
221,5,2,"[3, 2]","[[0, 0, 2], [0, 1]]",1,3,0,5,PP,"[[2, 1], [1, 1]]",4,4,0.000811,20,0,0,0,0,0,0,True
221,5,2,"[3, 2]","[[0, 0, 2], [0, 1]]",1,3,1,1,PP,"[[1, 1, 1], [1, 1]]",5,6,0.0008265,20,0,0,0,0,0,0,True
221,5,2,"[3, 2]","[[0, 0, 2], [0, 1]]",1,3,1,2,PP,"[[2, 1], [2]]",3,2,0.0008615,20,0,0,0,0,0,0,True
221,5,2,"[3, 2]","[[0, 0, 2], [0, 1]]",1,3,1,3,PP,"[[2, 1], [2]]",3,2,0.000811,20,0,0,0,0,0,0,True
221,5,2,"[3, 2]","[[0, 0, 2], [0, 1]]",1,3,1,5,PP,"[[2, 1], [2]]",3,2,0.0008265,20,0,0,0,0,0,0,True
221,5,2,"[3, 2]","[[0, 0, 2], [0, 1]]",1,3,2,1,PP,"[[1, 1, 1], [1, 1]]",5,6,0.0008365,20,0,0,0,0,0,0,True
221,5,2,"[3, 2]","[[0, 0, 2], [0, 1]]",1,3,2,2,PP,"[[2, 1], [2]]",3,2,0.0008015,20,0,0,0,0,0,0,True
221,5,2,"[3, 2]","[[0, 0, 2], [0, 1]]",1,3,2,3,PP,"[[3], [2]]",2,1,0.000791,20,0,0,0,0,0,0,True
221,5,2,"[3, 2]","[[0, 0, 2], [0, 1]]",1,3,2,5,PP,"[[3], [2]]",2,1,0.0008015,20,0,0,0,0,0,0,True
221,5,2,"[3, 2]","[[0, 0, 2], [0, 1]]",1,3,3,1,PP,"[[1, 1, 1], [1, 1]]",5,6,0.000791,20,0,0,0,0,0,0,True
221,5,2,"[3, 2]","[[0, 0, 2], [0, 1]]",1,3,3,2,PP,"[[2, 1], [2]]",3,2,0.000796,20,0,0,0,0,8,8/5,True
221,5,2,"[3, 2]","[[0, 0, 2], [0, 1]]",1,3,3,3,PP,"[[3], [2]]",2,1,0.000791,20,0,0,0,0,12,12/5,True
221,5,2,"[3, 2]","[[0, 0, 2], [0, 1]]",1,3,3,5,PP,"[[3], [2]]",2,1,0.000796,20,0,0,0,0,16,16/5,True
222,5,2,"[3, 2]","[[0, 0, 2], [0, 2]]",1,3,0,1,PP,"[[1, 1, 1], [1, 1]]",5,6,0.000811,20,0,0,0,0,0,0,True
222,5,2,"[3, 2]","[[0, 0, 2], [0, 2]]",1,3,0,2,PP,"[[2, 1], [1, 1]]",4,4,0.000791,20,0,0,0,0,0,0,True
222,5,2,"[3, 2]","[[0, 0, 2], [0, 2]]",1,3,0,3,PP,"[[2, 1], [1, 1]]",4,4,0.0007915,20,0,0,0,0,0,0,True
222,5,2,"[3, 2]","[[0, 0, 2], [0, 2]]",1,3,0,5,PP,"[[2, 1], [1, 1]]",4,4,0.0007965,20,0,0,0,0,0,0,True
222,5,2,"[3, 2]","[[0, 0, 2], [0, 2]]",1,3,1,1,PP,"[[1, 1, 1], [1, 1]]",5,6,0.000711,20,0,0,0,0,0,0,True
222,5,2,"[3, 2]","[[0, 0, 2], [0, 2]]",1,3,1,2,PP,"[[2, 1], [1, 1]]",4,4,0.000721,20,0,0,0,0,0,0,True
222,5,2,"[3, 2]","[[0, 0, 2], [0, 2]]",1,3,1,3,PP,"[[2, 1], [1, 1]]",4,4,0.000711,20,0,0,0,0,0,0,True
222,5,2,"[3, 2]","[[0, 0, 2], [0, 2]]",1,3,1,5,PP,"[[2, 1], [1, 1]]",4,4,0.0007265,20,0,0,0,0,0,0,True
222,5,2,"[3, 2]","[[0, 0, 2], [0, 2]]",1,3,2,1,PP,"[[1, 1, 1], [1, 1]]",5,6,0.000736,20,0,0,0,0,0,0,True
222,5,2,"[3, 2]","[[0, 0, 2], [0, 2]]",1,3,2,2,PP,"[[2, 1], [2]]",3,2,0.000721,20,0,0,0,0,0,0,True
222,5,2,"[3, 2]","[[0, 0, 2], [0, 2]]",1,3,2,3,PP,"[[3], [2]]",2,1,0.000711,20,0,0,0,0,0,0,True
222,5,2,"[3, 2]","[[0, 0, 2], [0, 2]]",1,3,2,5,PP,"[[3], [2]]",2,1,0.000721,20,0,0,0,0,0,0,True
222,5,2,"[3, 2]","[[0, 0, 2], [0, 2]]",1,3,3,1,PP,"[[1, 1, 1], [1, 1]]",5,6,0.000721,20,0,0,0,0,0,0,True
222,5,2,"[3, 2]","[[0, 0, 2], [0, 2]]",1,3,3,2,PP,"[[2, 1], [2]]",3,2,0.0007065,20,0,0,0,0,8,8/5,True
222,5,2,"[3, 2]","[[0, 0, 2], [0, 2]]",1,3,3,3,PP,"[[3], [2]]",2,1,0.000711,20,0,0,0,0,12,12/5,True
222,5,2,"[3, 2]","[[0, 0, 2], [0, 2]]",1,3,3,5,PP,"[[3], [2]]",2,1,0.0007265,20,0,0,0,0,16,16/5,True
223,5,2,"[3, 2]","[[0, 0, 2], [0, 3]]",1,3,0,1,PP,"[[1, 1, 1], [1, 1]]",5,6,0.000736,20,0,0,0,0,0,0,True
223,5,2,"[3, 2]","[[0, 0, 2], [0, 3]]",1,3,0,2,PP,"[[2, 1], [1, 1]]",4,4,0.000726,20,0,0,0,0,0,0,True
223,5,2,"[3, 2]","[[0, 0, 2], [0, 3]]",1,3,0,3,PP,"[[2, 1], [1, 1]]",4,4,0.000721,20,0,0,0,0,0,0,True
223,5,2,"[3, 2]","[[0, 0, 2], [0, 3]]",1,3,0,5,PP,"[[2, 1], [1, 1]]",4,4,0.000731,20,0,0,0,0,0,0,True
223,5,2,"[3, 2]","[[0, 0, 2], [0, 3]]",1,3,1,1,PP,"[[1, 1, 1], [1, 1]]",5,6,0.000731,20,0,0,0,0,0,0,True
223,5,2,"[3, 2]","[[0, 0, 2], [0, 3]]",1,3,1,2,PP,"[[2, 1], [1, 1]]",4,4,0.000731,20,0,0,0,0,0,0,True
223,5,2,"[3, 2]","[[0, 0, 2], [0, 3]]",1,3,1,3,PP,"[[2, 1], [1, 1]]",4,4,0.000726,20,0,0,0,0,0,0,True
223,5,2,"[3, 2]","[[0, 0, 2], [0, 3]]",1,3,1,5,PP,"[[2, 1], [1, 1]]",4,4,0.000711,20,0,0,0,0,0,0,True
223,5,2,"[3, 2]","[[0, 0, 2], [0, 3]]",1,3,2,1,PP,"[[1, 1, 1], [1, 1]]",5,6,0.000736,20,0,0,0,0,0,0,True
223,5,2,"[3, 2]","[[0, 0, 2], [0, 3]]",1,3,2,2,PP,"[[2, 1], [1, 1]]",4,4,0.000712,20,0,0,0,0,0,0,True
223,5,2,"[3, 2]","[[0, 0, 2], [0, 3]]",1,3,2,3,PP,"[[3], [1, 1]]",3,2,0.000726,20,0,0,0,0,0,0,True
223,5,2,"[3, 2]","[[0, 0, 2], [0, 3]]",1,3,2,5,PP,"[[3], [1, 1]]",3,2,0.000716,20,0,0,0,0,0,0,True
223,5,2,"[3, 2]","[[0, 0, 2], [0, 3]]",1,3,3,1,PP,"[[1, 1, 1], [1, 1]]",5,6,0.0007965,20,0,0,0,0,0,0,True
223,5,2,"[3, 2]","[[0, 0, 2], [0, 3]]",1,3,3,2,PP,"[[2, 1], [2]]",3,2,0.000711,20,0,0,4,4/5,8,8/5,True
223,5,2,"[3, 2]","[[0, 0, 2], [0, 3]]",1,3,3,3,PP,"[[3], [2]]",2,1,0.000726,20,0,0,4,4/5,12,12/5,True
223,5,2,"[3, 2]","[[0, 0, 2], [0, 3]]",1,3,3,5,PP,"[[3], [2]]",2,1,0.000716,20,0,0,4,4/5,16,16/5,True
224,5,2,"[3, 2]","[[0, 0, 2], [1, 1]]",1,3,0,1,PP,"[[1, 1, 1], [1, 1]]",5,6,0.000731,20,0,0,0,0,0,0,True
224,5,2,"[3, 2]","[[0, 0, 2], [1, 1]]",1,3,0,2,PP,"[[2, 1], [2]]",3,2,0.000726,20,0,0,0,0,0,0,True
224,5,2,"[3, 2]","[[0, 0, 2], [1, 1]]",1,3,0,3,PP,"[[2, 1], [2]]",3,2,0.0007315,20,0,0,0,0,0,0,True
224,5,2,"[3, 2]","[[0, 0, 2], [1, 1]]",1,3,0,5,PP,"[[2, 1], [2]]",3,2,0.000751,20,0,0,0,0,0,0,True
224,5,2,"[3, 2]","[[0, 0, 2], [1, 1]]",1,3,1,1,PP,"[[1, 1, 1], [1, 1]]",5,6,0.000731,20,0,0,0,0,0,0,True
224,5,2,"[3, 2]","[[0, 0, 2], [1, 1]]",1,3,1,2,PP,"[[2, 1], [2]]",3,2,0.000721,20,0,0,0,0,0,0,True
224,5,2,"[3, 2]","[[0, 0, 2], [1, 1]]",1,3,1,3,PP,"[[2, 1], [2]]",3,2,0.000721,20,0,0,0,0,0,0,True
224,5,2,"[3, 2]","[[0, 0, 2], [1, 1]]",1,3,1,5,PP,"[[2, 1], [2]]",3,2,0.000741,20,0,0,0,0,0,0,True
224,5,2,"[3, 2]","[[0, 0, 2], [1, 1]]",1,3,2,1,PP,"[[1, 1, 1], [1, 1]]",5,6,0.0007315,20,0,0,0,0,0,0,True
224,5,2,"[3, 2]","[[0, 0, 2], [1, 1]]",1,3,2,2,PP,"[[2, 1], [2]]",3,2,0.000751,20,0,0,0,0,0,0,True
224,5,2,"[3, 2]","[[0, 0, 2], [1, 1]]",1,3,2,3,PP,"[[3], [2]]",2,1,0.000756,20,0,0,0,0,0,0,True
224,5,2,"[3, 2]","[[0, 0, 2], [1, 1]]",1,3,2,5,PP,"[[3], [2]]",2,1,0.000761,20,0,0,0,0,0,0,True
224,5,2,"[3, 2]","[[0, 0, 2], [1, 1]]",1,3,3,1,PP,"[[1, 1, 1], [1, 1]]",5,6,0.0007615,20,0,0,0,0,0,0,True
224,5,2,"[3, 2]","[[0, 0, 2], [1, 1]]",1,3,3,2,PP,"[[2, 1], [2]]",3,2,0.000756,20,0,0,0,0,8,8/5,True
224,5,2,"[3, 2]","[[0, 0, 2], [1, 1]]",1,3,3,3,PP,"[[3], [2]]",2,1,0.000731,20,0,0,0,0,12,12/5,True
224,5,2,"[3, 2]","[[0, 0, 2], [1, 1]]",1,3,3,5,PP,"[[3], [2]]",2,1,0.000706,20,0,0,0,0,16,16/5,True
225,5,2,"[3, 2]","[[0, 0, 2], [1, 2]]",1,3,0,1,PP,"[[1, 1, 1], [1, 1]]",5,6,0.000731,20,0,0,0,0,0,0,True
225,5,2,"[3, 2]","[[0, 0, 2], [1, 2]]",1,3,0,2,PP,"[[2, 1], [1, 1]]",4,4,0.000716,20,0,0,0,0,0,0,True
225,5,2,"[3, 2]","[[0, 0, 2], [1, 2]]",1,3,0,3,PP,"[[2, 1], [1, 1]]",4,4,0.0007165,20,0,0,0,0,0,0,True
225,5,2,"[3, 2]","[[0, 0, 2], [1, 2]]",1,3,0,5,PP,"[[2, 1], [1, 1]]",4,4,0.000741,20,0,0,0,0,0,0,True
225,5,2,"[3, 2]","[[0, 0, 2], [1, 2]]",1,3,1,1,PP,"[[1, 1, 1], [1, 1]]",5,6,0.000741,20,0,0,0,0,0,0,True
225,5,2,"[3, 2]","[[0, 0, 2], [1, 2]]",1,3,1,2,PP,"[[2, 1], [2]]",3,2,0.000726,20,0,0,0,0,0,0,True
225,5,2,"[3, 2]","[[0, 0, 2], [1, 2]]",1,3,1,3,PP,"[[2, 1], [2]]",3,2,0.000751,20,0,0,0,0,0,0,True
225,5,2,"[3, 2]","[[0, 0, 2], [1, 2]]",1,3,1,5,PP,"[[2, 1], [2]]",3,2,0.000721,20,0,0,0,0,0,0,True
225,5,2,"[3, 2]","[[0, 0, 2], [1, 2]]",1,3,2,1,PP,"[[1, 1, 1], [1, 1]]",5,6,0.0007515,20,0,0,0,0,0,0,True
225,5,2,"[3, 2]","[[0, 0, 2], [1, 2]]",1,3,2,2,PP,"[[2, 1], [2]]",3,2,0.000756,20,0,0,0,0,0,0,True
225,5,2,"[3, 2]","[[0, 0, 2], [1, 2]]",1,3,2,3,PP,"[[3], [2]]",2,1,0.000761,20,0,0,0,0,0,0,True
225,5,2,"[3, 2]","[[0, 0, 2], [1, 2]]",1,3,2,5,PP,"[[3], [2]]",2,1,0.000741,20,0,0,0,0,0,0,True
225,5,2,"[3, 2]","[[0, 0, 2], [1, 2]]",1,3,3,1,PP,"[[1, 1, 1], [1, 1]]",5,6,0.0007465,20,0,0,0,0,0,0,True
225,5,2,"[3, 2]","[[0, 0, 2], [1, 2]]",1,3,3,2,PP,"[[2, 1], [2]]",3,2,0.000741,20,0,0,0,0,8,8/5,True
225,5,2,"[3, 2]","[[0, 0, 2], [1, 2]]",1,3,3,3,PP,"[[3], [2]]",2,1,0.000716,20,0,0,0,0,12,12/5,True
225,5,2,"[3, 2]","[[0, 0, 2], [1, 2]]",1,3,3,5,PP,"[[3], [2]]",2,1,0.000721,20,0,0,0,0,16,16/5,True
226,5,2,"[3, 2]","[[0, 0, 2], [1, 3]]",1,3,0,1,PP,"[[1, 1, 1], [1, 1]]",5,6,0.000741,20,0,0,0,0,0,0,True
226,5,2,"[3, 2]","[[0, 0, 2], [1, 3]]",1,3,0,2,PP,"[[2, 1], [1, 1]]",4,4,0.000741,20,0,0,0,0,0,0,True
226,5,2,"[3, 2]","[[0, 0, 2], [1, 3]]",1,3,0,3,PP,"[[2, 1], [1, 1]]",4,4,0.000731,20,0,0,0,0,0,0,True
226,5,2,"[3, 2]","[[0, 0, 2], [1, 3]]",1,3,0,5,PP,"[[2, 1], [1, 1]]",4,4,0.0007415,20,0,0,0,0,0,0,True
226,5,2,"[3, 2]","[[0, 0, 2], [1, 3]]",1,3,1,1,PP,"[[1, 1, 1], [1, 1]]",5,6,0.000731,20,0,0,0,0,0,0,True
226,5,2,"[3, 2]","[[0, 0, 2], [1, 3]]",1,3,1,2,PP,"[[2, 1], [1, 1]]",4,4,0.000726,20,0,0,0,0,0,0,True
226,5,2,"[3, 2]","[[0, 0, 2], [1, 3]]",1,3,1,3,PP,"[[2, 1], [1, 1]]",4,4,0.000731,20,0,0,0,0,0,0,True
226,5,2,"[3, 2]","[[0, 0, 2], [1, 3]]",1,3,1,5,PP,"[[2, 1], [1, 1]]",4,4,0.000731,20,0,0,0,0,0,0,True
226,5,2,"[3, 2]","[[0, 0, 2], [1, 3]]",1,3,2,1,PP,"[[1, 1, 1], [1, 1]]",5,6,0.000736,20,0,0,0,0,0,0,True
226,5,2,"[3, 2]","[[0, 0, 2], [1, 3]]",1,3,2,2,PP,"[[2, 1], [2]]",3,2,0.000736,20,0,0,0,0,0,0,True
226,5,2,"[3, 2]","[[0, 0, 2], [1, 3]]",1,3,2,3,PP,"[[3], [2]]",2,1,0.000731,20,0,0,0,0,0,0,True
226,5,2,"[3, 2]","[[0, 0, 2], [1, 3]]",1,3,2,5,PP,"[[3], [2]]",2,1,0.000731,20,0,0,0,0,0,0,True
226,5,2,"[3, 2]","[[0, 0, 2], [1, 3]]",1,3,3,1,PP,"[[1, 1, 1], [1, 1]]",5,6,0.000731,20,0,0,0,0,0,0,True
226,5,2,"[3, 2]","[[0, 0, 2], [1, 3]]",1,3,3,2,PP,"[[2, 1], [2]]",3,2,0.000731,20,0,0,0,0,8,8/5,True
226,5,2,"[3, 2]","[[0, 0, 2], [1, 3]]",1,3,3,3,PP,"[[3], [2]]",2,1,0.000741,20,0,0,0,0,12,12/5,True
226,5,2,"[3, 2]","[[0, 0, 2], [1, 3]]",1,3,3,5,PP,"[[3], [2]]",2,1,0.0007265,20,0,0,0,0,16,16/5,True
227,5,2,"[3, 2]","[[0, 0, 2], [2, 2]]",1,3,0,1,PP,"[[1, 1, 1], [1, 1]]",5,6,0.0007465,20,0,0,0,0,0,0,True
227,5,2,"[3, 2]","[[0, 0, 2], [2, 2]]",1,3,0,2,PP,"[[2, 1], [2]]",3,2,0.000721,20,0,0,0,0,0,0,True
227,5,2,"[3, 2]","[[0, 0, 2], [2, 2]]",1,3,0,3,PP,"[[2, 1], [2]]",3,2,0.000756,20,0,0,0,0,0,0,True
227,5,2,"[3, 2]","[[0, 0, 2], [2, 2]]",1,3,0,5,PP,"[[2, 1], [2]]",3,2,0.000731,20,0,0,0,0,0,0,True
227,5,2,"[3, 2]","[[0, 0, 2], [2, 2]]",1,3,1,1,PP,"[[1, 1, 1], [1, 1]]",5,6,0.000751,20,0,0,0,0,0,0,True
227,5,2,"[3, 2]","[[0, 0, 2], [2, 2]]",1,3,1,2,PP,"[[2, 1], [2]]",3,2,0.000711,20,0,0,0,0,0,0,True
227,5,2,"[3, 2]","[[0, 0, 2], [2, 2]]",1,3,1,3,PP,"[[2, 1], [2]]",3,2,0.000721,20,0,0,0,0,0,0,True
227,5,2,"[3, 2]","[[0, 0, 2], [2, 2]]",1,3,1,5,PP,"[[2, 1], [2]]",3,2,0.000731,20,0,0,0,0,0,0,True
227,5,2,"[3, 2]","[[0, 0, 2], [2, 2]]",1,3,2,1,PP,"[[1, 1, 1], [1, 1]]",5,6,0.000751,20,0,0,0,0,0,0,True
227,5,2,"[3, 2]","[[0, 0, 2], [2, 2]]",1,3,2,2,PP,"[[2, 1], [2]]",3,2,0.000746,20,0,0,0,0,0,0,True
227,5,2,"[3, 2]","[[0, 0, 2], [2, 2]]",1,3,2,3,PP,"[[3], [2]]",2,1,0.000711,20,0,0,0,0,0,0,True
227,5,2,"[3, 2]","[[0, 0, 2], [2, 2]]",1,3,2,5,PP,"[[3], [2]]",2,1,0.000731,20,0,0,0,0,0,0,True
227,5,2,"[3, 2]","[[0, 0, 2], [2, 2]]",1,3,3,1,PP,"[[1, 1, 1], [1, 1]]",5,6,0.0007465,20,0,0,0,0,0,0,True
227,5,2,"[3, 2]","[[0, 0, 2], [2, 2]]",1,3,3,2,PP,"[[2, 1], [2]]",3,2,0.000781,20,0,0,0,0,8,8/5,True
227,5,2,"[3, 2]","[[0, 0, 2], [2, 2]]",1,3,3,3,PP,"[[3], [2]]",2,1,0.000711,20,0,0,0,0,12,12/5,True
227,5,2,"[3, 2]","[[0, 0, 2], [2, 2]]",1,3,3,5,PP,"[[3], [2]]",2,1,0.000716,20,0,0,0,0,16,16/5,True
228,5,2,"[3, 2]","[[0, 0, 2], [2, 3]]",1,3,0,1,PP,"[[1, 1, 1], [1, 1]]",5,6,0.000766,20,0,0,0,0,0,0,True
228,5,2,"[3, 2]","[[0, 0, 2], [2, 3]]",1,3,0,2,PP,"[[2, 1], [1, 1]]",4,4,0.000751,20,0,0,0,0,0,0,True
228,5,2,"[3, 2]","[[0, 0, 2], [2, 3]]",1,3,0,3,PP,"[[2, 1], [1, 1]]",4,4,0.000716,20,0,0,0,0,0,0,True
228,5,2,"[3, 2]","[[0, 0, 2], [2, 3]]",1,3,0,5,PP,"[[2, 1], [1, 1]]",4,4,0.000771,20,0,0,0,0,0,0,True
228,5,2,"[3, 2]","[[0, 0, 2], [2, 3]]",1,3,1,1,PP,"[[1, 1, 1], [1, 1]]",5,6,0.000761,20,0,0,0,0,0,0,True
228,5,2,"[3, 2]","[[0, 0, 2], [2, 3]]",1,3,1,2,PP,"[[2, 1], [2]]",3,2,0.000751,20,0,0,0,0,0,0,True
228,5,2,"[3, 2]","[[0, 0, 2], [2, 3]]",1,3,1,3,PP,"[[2, 1], [2]]",3,2,0.000721,20,0,0,0,0,0,0,True
228,5,2,"[3, 2]","[[0, 0, 2], [2, 3]]",1,3,1,5,PP,"[[2, 1], [2]]",3,2,0.000741,20,0,0,0,0,0,0,True
228,5,2,"[3, 2]","[[0, 0, 2], [2, 3]]",1,3,2,1,PP,"[[1, 1, 1], [1, 1]]",5,6,0.000751,20,0,0,0,0,0,0,True
228,5,2,"[3, 2]","[[0, 0, 2], [2, 3]]",1,3,2,2,PP,"[[2, 1], [2]]",3,2,0.000736,20,0,0,0,0,0,0,True
228,5,2,"[3, 2]","[[0, 0, 2], [2, 3]]",1,3,2,3,PP,"[[3], [2]]",2,1,0.0007115,20,0,0,0,0,0,0,True
228,5,2,"[3, 2]","[[0, 0, 2], [2, 3]]",1,3,2,5,PP,"[[3], [2]]",2,1,0.000731,20,0,0,0,0,0,0,True
228,5,2,"[3, 2]","[[0, 0, 2], [2, 3]]",1,3,3,1,PP,"[[1, 1, 1], [1, 1]]",5,6,0.000791,20,0,0,0,0,0,0,True
228,5,2,"[3, 2]","[[0, 0, 2], [2, 3]]",1,3,3,2,PP,"[[2, 1], [2]]",3,2,0.000826,20,0,0,0,0,8,8/5,True
228,5,2,"[3, 2]","[[0, 0, 2], [2, 3]]",1,3,3,3,PP,"[[3], [2]]",2,1,0.000821,20,0,0,0,0,12,12/5,True
228,5,2,"[3, 2]","[[0, 0, 2], [2, 3]]",1,3,3,5,PP,"[[3], [2]]",2,1,0.000806,20,0,0,0,0,16,16/5,True
229,5,2,"[3, 2]","[[0, 0, 2], [3, 3]]",1,3,0,1,PP,"[[1, 1, 1], [1, 1]]",5,6,0.000806,20,0,0,0,0,0,0,True
229,5,2,"[3, 2]","[[0, 0, 2], [3, 3]]",1,3,0,2,PP,"[[2, 1], [2]]",3,2,0.0007815,20,0,0,0,0,0,0,True
229,5,2,"[3, 2]","[[0, 0, 2], [3, 3]]",1,3,0,3,PP,"[[2, 1], [2]]",3,2,0.000786,20,0,0,0,0,0,0,True
229,5,2,"[3, 2]","[[0, 0, 2], [3, 3]]",1,3,0,5,PP,"[[2, 1], [2]]",3,2,0.000792,20,0,0,0,0,0,0,True
229,5,2,"[3, 2]","[[0, 0, 2], [3, 3]]",1,3,1,1,PP,"[[1, 1, 1], [1, 1]]",5,6,0.000856,20,0,0,0,0,0,0,True
229,5,2,"[3, 2]","[[0, 0, 2], [3, 3]]",1,3,1,2,PP,"[[2, 1], [2]]",3,2,0.000791,20,0,0,0,0,0,0,True
229,5,2,"[3, 2]","[[0, 0, 2], [3, 3]]",1,3,1,3,PP,"[[2, 1], [2]]",3,2,0.000801,20,0,0,0,0,0,0,True
229,5,2,"[3, 2]","[[0, 0, 2], [3, 3]]",1,3,1,5,PP,"[[2, 1], [2]]",3,2,0.0008115,20,0,0,0,0,0,0,True
229,5,2,"[3, 2]","[[0, 0, 2], [3, 3]]",1,3,2,1,PP,"[[1, 1, 1], [1, 1]]",5,6,0.000786,20,0,0,0,0,0,0,True
229,5,2,"[3, 2]","[[0, 0, 2], [3, 3]]",1,3,2,2,PP,"[[2, 1], [2]]",3,2,0.001247,20,0,0,0,0,0,0,True
229,5,2,"[3, 2]","[[0, 0, 2], [3, 3]]",1,3,2,3,PP,"[[3], [2]]",2,1,0.000781,20,0,0,0,0,0,0,True
229,5,2,"[3, 2]","[[0, 0, 2], [3, 3]]",1,3,2,5,PP,"[[3], [2]]",2,1,0.000781,20,0,0,0,0,0,0,True
229,5,2,"[3, 2]","[[0, 0, 2], [3, 3]]",1,3,3,1,PP,"[[1, 1, 1], [1, 1]]",5,6,0.000797,20,0,0,0,0,0,0,True
229,5,2,"[3, 2]","[[0, 0, 2], [3, 3]]",1,3,3,2,PP,"[[2, 1], [2]]",3,2,0.000791,20,0,0,0,0,8,8/5,True
229,5,2,"[3, 2]","[[0, 0, 2], [3, 3]]",1,3,3,3,PP,"[[3], [2]]",2,1,0.0008015,20,0,0,0,0,12,12/5,True
229,5,2,"[3, 2]","[[0, 0, 2], [3, 3]]",1,3,3,5,PP,"[[3], [2]]",2,1,0.0007715,20,0,0,0,0,16,16/5,True
230,5,2,"[3, 2]","[[0, 0, 3], [0, 0]]",1,3,0,1,PP,"[[1, 1, 1], [1, 1]]",5,6,0.000796,20,0,0,0,0,0,0,True
230,5,2,"[3, 2]","[[0, 0, 3], [0, 0]]",1,3,0,2,PP,"[[2, 1], [2]]",3,2,0.0008265,20,0,0,0,0,0,0,True
230,5,2,"[3, 2]","[[0, 0, 3], [0, 0]]",1,3,0,3,PP,"[[2, 1], [2]]",3,2,0.000796,20,0,0,0,0,0,0,True
230,5,2,"[3, 2]","[[0, 0, 3], [0, 0]]",1,3,0,5,PP,"[[2, 1], [2]]",3,2,0.0008115,20,0,0,0,0,0,0,True
230,5,2,"[3, 2]","[[0, 0, 3], [0, 0]]",1,3,1,1,PP,"[[1, 1, 1], [1, 1]]",5,6,0.000812,20,0,0,0,0,0,0,True
230,5,2,"[3, 2]","[[0, 0, 3], [0, 0]]",1,3,1,2,PP,"[[2, 1], [2]]",3,2,0.000791,20,0,0,0,0,0,0,True
230,5,2,"[3, 2]","[[0, 0, 3], [0, 0]]",1,3,1,3,PP,"[[2, 1], [2]]",3,2,0.0008065,20,0,0,0,0,0,0,True
230,5,2,"[3, 2]","[[0, 0, 3], [0, 0]]",1,3,1,5,PP,"[[2, 1], [2]]",3,2,0.000776,20,0,0,0,0,0,0,True
230,5,2,"[3, 2]","[[0, 0, 3], [0, 0]]",1,3,2,1,PP,"[[1, 1, 1], [1, 1]]",5,6,0.0008215,20,0,0,0,0,0,0,True
230,5,2,"[3, 2]","[[0, 0, 3], [0, 0]]",1,3,2,2,PP,"[[2, 1], [2]]",3,2,0.000871,20,0,0,0,0,0,0,True
230,5,2,"[3, 2]","[[0, 0, 3], [0, 0]]",1,3,2,3,PP,"[[2, 1], [2]]",3,2,0.0007915,20,0,0,0,0,0,0,True
230,5,2,"[3, 2]","[[0, 0, 3], [0, 0]]",1,3,2,5,PP,"[[2, 1], [2]]",3,2,0.0007765,20,0,0,0,0,0,0,True
230,5,2,"[3, 2]","[[0, 0, 3], [0, 0]]",1,3,3,1,PP,"[[1, 1, 1], [1, 1]]",5,6,0.000796,20,0,0,0,0,0,0,True
230,5,2,"[3, 2]","[[0, 0, 3], [0, 0]]",1,3,3,2,PP,"[[2, 1], [2]]",3,2,0.000781,20,0,0,0,0,8,8/5,True
230,5,2,"[3, 2]","[[0, 0, 3], [0, 0]]",1,3,3,3,PP,"[[3], [2]]",2,1,0.000796,20,0,0,2,2/5,12,12/5,True
230,5,2,"[3, 2]","[[0, 0, 3], [0, 0]]",1,3,3,5,PP,"[[3], [2]]",2,1,0.0007915,20,0,0,2,2/5,16,16/5,True
231,5,2,"[3, 2]","[[0, 0, 3], [0, 1]]",1,3,0,1,PP,"[[1, 1, 1], [1, 1]]",5,6,0.0008215,20,0,0,0,0,0,0,True
231,5,2,"[3, 2]","[[0, 0, 3], [0, 1]]",1,3,0,2,PP,"[[2, 1], [1, 1]]",4,4,0.0008115,20,0,0,0,0,0,0,True
231,5,2,"[3, 2]","[[0, 0, 3], [0, 1]]",1,3,0,3,PP,"[[2, 1], [1, 1]]",4,4,0.0008215,20,0,0,0,0,0,0,True
231,5,2,"[3, 2]","[[0, 0, 3], [0, 1]]",1,3,0,5,PP,"[[2, 1], [1, 1]]",4,4,0.000786,20,0,0,0,0,0,0,True
231,5,2,"[3, 2]","[[0, 0, 3], [0, 1]]",1,3,1,1,PP,"[[1, 1, 1], [1, 1]]",5,6,0.000822,20,0,0,0,0,0,0,True
231,5,2,"[3, 2]","[[0, 0, 3], [0, 1]]",1,3,1,2,PP,"[[2, 1], [2]]",3,2,0.000801,20,0,0,0,0,0,0,True
231,5,2,"[3, 2]","[[0, 0, 3], [0, 1]]",1,3,1,3,PP,"[[2, 1], [2]]",3,2,0.000816,20,0,0,0,0,0,0,True
231,5,2,"[3, 2]","[[0, 0, 3], [0, 1]]",1,3,1,5,PP,"[[2, 1], [2]]",3,2,0.000801,20,0,0,0,0,0,0,True
231,5,2,"[3, 2]","[[0, 0, 3], [0, 1]]",1,3,2,1,PP,"[[1, 1, 1], [1, 1]]",5,6,0.000821,20,0,0,0,0,0,0,True
231,5,2,"[3, 2]","[[0, 0, 3], [0, 1]]",1,3,2,2,PP,"[[2, 1], [2]]",3,2,0.000806,20,0,0,0,0,0,0,True
231,5,2,"[3, 2]","[[0, 0, 3], [0, 1]]",1,3,2,3,PP,"[[2, 1], [2]]",3,2,0.000821,20,0,0,0,0,0,0,True
231,5,2,"[3, 2]","[[0, 0, 3], [0, 1]]",1,3,2,5,PP,"[[2, 1], [2]]",3,2,0.000771,20,0,0,0,0,0,0,True
231,5,2,"[3, 2]","[[0, 0, 3], [0, 1]]",1,3,3,1,PP,"[[1, 1, 1], [1, 1]]",5,6,0.000791,20,0,0,0,0,0,0,True
231,5,2,"[3, 2]","[[0, 0, 3], [0, 1]]",1,3,3,2,PP,"[[2, 1], [2]]",3,2,0.000796,20,0,0,0,0,8,8/5,True
231,5,2,"[3, 2]","[[0, 0, 3], [0, 1]]",1,3,3,3,PP,"[[3], [2]]",2,1,0.0007815,20,0,0,2,2/5,12,12/5,True
231,5,2,"[3, 2]","[[0, 0, 3], [0, 1]]",1,3,3,5,PP,"[[3], [2]]",2,1,0.000786,20,0,0,2,2/5,16,16/5,True
232,5,2,"[3, 2]","[[0, 0, 3], [0, 2]]",1,3,0,1,PP,"[[1, 1, 1], [1, 1]]",5,6,0.000801,20,0,0,0,0,0,0,True
232,5,2,"[3, 2]","[[0, 0, 3], [0, 2]]",1,3,0,2,PP,"[[2, 1], [1, 1]]",4,4,0.0007915,20,0,0,0,0,0,0,True
232,5,2,"[3, 2]","[[0, 0, 3], [0, 2]]",1,3,0,3,PP,"[[2, 1], [1, 1]]",4,4,0.000796,20,0,0,0,0,0,0,True
232,5,2,"[3, 2]","[[0, 0, 3], [0, 2]]",1,3,0,5,PP,"[[2, 1], [1, 1]]",4,4,0.000796,20,0,0,0,0,0,0,True
232,5,2,"[3, 2]","[[0, 0, 3], [0, 2]]",1,3,1,1,PP,"[[1, 1, 1], [1, 1]]",5,6,0.0007865,20,0,0,0,0,0,0,True
232,5,2,"[3, 2]","[[0, 0, 3], [0, 2]]",1,3,1,2,PP,"[[2, 1], [1, 1]]",4,4,0.0007965,20,0,0,0,0,0,0,True
232,5,2,"[3, 2]","[[0, 0, 3], [0, 2]]",1,3,1,3,PP,"[[2, 1], [1, 1]]",4,4,0.000801,20,0,0,0,0,0,0,True
232,5,2,"[3, 2]","[[0, 0, 3], [0, 2]]",1,3,1,5,PP,"[[2, 1], [1, 1]]",4,4,0.000811,20,0,0,0,0,0,0,True
232,5,2,"[3, 2]","[[0, 0, 3], [0, 2]]",1,3,2,1,PP,"[[1, 1, 1], [1, 1]]",5,6,0.000831,20,0,0,0,0,0,0,True
232,5,2,"[3, 2]","[[0, 0, 3], [0, 2]]",1,3,2,2,PP,"[[2, 1], [2]]",3,2,0.000811,20,0,0,0,0,0,0,True
232,5,2,"[3, 2]","[[0, 0, 3], [0, 2]]",1,3,2,3,PP,"[[2, 1], [2]]",3,2,0.0007865,20,0,0,0,0,0,0,True
232,5,2,"[3, 2]","[[0, 0, 3], [0, 2]]",1,3,2,5,PP,"[[2, 1], [2]]",3,2,0.000801,20,0,0,0,0,0,0,True
232,5,2,"[3, 2]","[[0, 0, 3], [0, 2]]",1,3,3,1,PP,"[[1, 1, 1], [1, 1]]",5,6,0.0008065,20,0,0,0,0,0,0,True
232,5,2,"[3, 2]","[[0, 0, 3], [0, 2]]",1,3,3,2,PP,"[[2, 1], [2]]",3,2,0.000801,20,0,0,0,0,8,8/5,True
232,5,2,"[3, 2]","[[0, 0, 3], [0, 2]]",1,3,3,3,PP,"[[3], [2]]",2,1,0.000796,20,0,0,2,2/5,12,12/5,True
232,5,2,"[3, 2]","[[0, 0, 3], [0, 2]]",1,3,3,5,PP,"[[3], [2]]",2,1,0.000776,20,0,0,2,2/5,16,16/5,True
233,5,2,"[3, 2]","[[0, 0, 3], [0, 3]]",1,3,0,1,PP,"[[1, 1, 1], [1, 1]]",5,6,0.0008315,20,0,0,0,0,0,0,True
233,5,2,"[3, 2]","[[0, 0, 3], [0, 3]]",1,3,0,2,PP,"[[2, 1], [1, 1]]",4,4,0.000832,20,0,0,0,0,0,0,True
233,5,2,"[3, 2]","[[0, 0, 3], [0, 3]]",1,3,0,3,PP,"[[2, 1], [1, 1]]",4,4,0.000776,20,0,0,0,0,0,0,True
233,5,2,"[3, 2]","[[0, 0, 3], [0, 3]]",1,3,0,5,PP,"[[2, 1], [1, 1]]",4,4,0.000806,20,0,0,0,0,0,0,True
233,5,2,"[3, 2]","[[0, 0, 3], [0, 3]]",1,3,1,1,PP,"[[1, 1, 1], [1, 1]]",5,6,0.000816,20,0,0,0,0,0,0,True
233,5,2,"[3, 2]","[[0, 0, 3], [0, 3]]",1,3,1,2,PP,"[[2, 1], [1, 1]]",4,4,0.000816,20,0,0,0,0,0,0,True
233,5,2,"[3, 2]","[[0, 0, 3], [0, 3]]",1,3,1,3,PP,"[[2, 1], [1, 1]]",4,4,0.0008065,20,0,0,0,0,0,0,True
233,5,2,"[3, 2]","[[0, 0, 3], [0, 3]]",1,3,1,5,PP,"[[2, 1], [1, 1]]",4,4,0.000841,20,0,0,0,0,0,0,True
233,5,2,"[3, 2]","[[0, 0, 3], [0, 3]]",1,3,2,1,PP,"[[1, 1, 1], [1, 1]]",5,6,0.0008065,20,0,0,0,0,0,0,True
233,5,2,"[3, 2]","[[0, 0, 3], [0, 3]]",1,3,2,2,PP,"[[2, 1], [1, 1]]",4,4,0.0007915,20,0,0,0,0,0,0,True
233,5,2,"[3, 2]","[[0, 0, 3], [0, 3]]",1,3,2,3,PP,"[[2, 1], [1, 1]]",4,4,0.000781,20,0,0,0,0,0,0,True
233,5,2,"[3, 2]","[[0, 0, 3], [0, 3]]",1,3,2,5,PP,"[[2, 1], [1, 1]]",4,4,0.000801,20,0,0,0,0,0,0,True
233,5,2,"[3, 2]","[[0, 0, 3], [0, 3]]",1,3,3,1,PP,"[[1, 1, 1], [1, 1]]",5,6,0.000811,20,0,0,0,0,0,0,True
233,5,2,"[3, 2]","[[0, 0, 3], [0, 3]]",1,3,3,2,PP,"[[2, 1], [2]]",3,2,0.0008065,20,0,0,4,4/5,8,8/5,True
233,5,2,"[3, 2]","[[0, 0, 3], [0, 3]]",1,3,3,3,PP,"[[3], [2]]",2,1,0.0007965,20,0,0,6,6/5,12,12/5,True
233,5,2,"[3, 2]","[[0, 0, 3], [0, 3]]",1,3,3,5,PP,"[[3], [2]]",2,1,0.000791,20,0,0,6,6/5,16,16/5,True
234,5,2,"[3, 2]","[[0, 0, 3], [1, 1]]",1,3,0,1,PP,"[[1, 1, 1], [1, 1]]",5,6,0.000796,20,0,0,0,0,0,0,True
234,5,2,"[3, 2]","[[0, 0, 3], [1, 1]]",1,3,0,2,PP,"[[2, 1], [2]]",3,2,0.000821,20,0,0,0,0,0,0,True
234,5,2,"[3, 2]","[[0, 0, 3], [1, 1]]",1,3,0,3,PP,"[[2, 1], [2]]",3,2,0.000831,20,0,0,0,0,0,0,True
234,5,2,"[3, 2]","[[0, 0, 3], [1, 1]]",1,3,0,5,PP,"[[2, 1], [2]]",3,2,0.000811,20,0,0,0,0,0,0,True
234,5,2,"[3, 2]","[[0, 0, 3], [1, 1]]",1,3,1,1,PP,"[[1, 1, 1], [1, 1]]",5,6,0.000826,20,0,0,0,0,0,0,True
234,5,2,"[3, 2]","[[0, 0, 3], [1, 1]]",1,3,1,2,PP,"[[2, 1], [2]]",3,2,0.000801,20,0,0,0,0,0,0,True
234,5,2,"[3, 2]","[[0, 0, 3], [1, 1]]",1,3,1,3,PP,"[[2, 1], [2]]",3,2,0.000791,20,0,0,0,0,0,0,True
234,5,2,"[3, 2]","[[0, 0, 3], [1, 1]]",1,3,1,5,PP,"[[2, 1], [2]]",3,2,0.0008115,20,0,0,0,0,0,0,True
234,5,2,"[3, 2]","[[0, 0, 3], [1, 1]]",1,3,2,1,PP,"[[1, 1, 1], [1, 1]]",5,6,0.000811,20,0,0,0,0,0,0,True
234,5,2,"[3, 2]","[[0, 0, 3], [1, 1]]",1,3,2,2,PP,"[[2, 1], [2]]",3,2,0.000811,20,0,0,0,0,0,0,True
234,5,2,"[3, 2]","[[0, 0, 3], [1, 1]]",1,3,2,3,PP,"[[2, 1], [2]]",3,2,0.0008265,20,0,0,0,0,0,0,True
234,5,2,"[3, 2]","[[0, 0, 3], [1, 1]]",1,3,2,5,PP,"[[2, 1], [2]]",3,2,0.000831,20,0,0,0,0,0,0,True
234,5,2,"[3, 2]","[[0, 0, 3], [1, 1]]",1,3,3,1,PP,"[[1, 1, 1], [1, 1]]",5,6,0.000831,20,0,0,0,0,0,0,True
234,5,2,"[3, 2]","[[0, 0, 3], [1, 1]]",1,3,3,2,PP,"[[2, 1], [2]]",3,2,0.000786,20,0,0,0,0,8,8/5,True
234,5,2,"[3, 2]","[[0, 0, 3], [1, 1]]",1,3,3,3,PP,"[[3], [2]]",2,1,0.000796,20,0,0,2,2/5,12,12/5,True
234,5,2,"[3, 2]","[[0, 0, 3], [1, 1]]",1,3,3,5,PP,"[[3], [2]]",2,1,0.000801,20,0,0,2,2/5,16,16/5,True
235,5,2,"[3, 2]","[[0, 0, 3], [1, 2]]",1,3,0,1,PP,"[[1, 1, 1], [1, 1]]",5,6,0.0008415,20,0,0,0,0,0,0,True
235,5,2,"[3, 2]","[[0, 0, 3], [1, 2]]",1,3,0,2,PP,"[[2, 1], [1, 1]]",4,4,0.0008215,20,0,0,0,0,0,0,True
235,5,2,"[3, 2]","[[0, 0, 3], [1, 2]]",1,3,0,3,PP,"[[2, 1], [1, 1]]",4,4,0.0007915,20,0,0,0,0,0,0,True
235,5,2,"[3, 2]","[[0, 0, 3], [1, 2]]",1,3,0,5,PP,"[[2, 1], [1, 1]]",4,4,0.000791,20,0,0,0,0,0,0,True
235,5,2,"[3, 2]","[[0, 0, 3], [1, 2]]",1,3,1,1,PP,"[[1, 1, 1], [1, 1]]",5,6,0.000791,20,0,0,0,0,0,0,True
235,5,2,"[3, 2]","[[0, 0, 3], [1, 2]]",1,3,1,2,PP,"[[2, 1], [2]]",3,2,0.000801,20,0,0,0,0,0,0,True
235,5,2,"[3, 2]","[[0, 0, 3], [1, 2]]",1,3,1,3,PP,"[[2, 1], [2]]",3,2,0.0007915,20,0,0,0,0,0,0,True
235,5,2,"[3, 2]","[[0, 0, 3], [1, 2]]",1,3,1,5,PP,"[[2, 1], [2]]",3,2,0.000781,20,0,0,0,0,0,0,True
235,5,2,"[3, 2]","[[0, 0, 3], [1, 2]]",1,3,2,1,PP,"[[1, 1, 1], [1, 1]]",5,6,0.000801,20,0,0,0,0,0,0,True
235,5,2,"[3, 2]","[[0, 0, 3], [1, 2]]",1,3,2,2,PP,"[[2, 1], [2]]",3,2,0.000792,20,0,0,0,0,0,0,True
235,5,2,"[3, 2]","[[0, 0, 3], [1, 2]]",1,3,2,3,PP,"[[2, 1], [2]]",3,2,0.0008015,20,0,0,0,0,0,0,True
235,5,2,"[3, 2]","[[0, 0, 3], [1, 2]]",1,3,2,5,PP,"[[2, 1], [2]]",3,2,0.0008015,20,0,0,0,0,0,0,True
235,5,2,"[3, 2]","[[0, 0, 3], [1, 2]]",1,3,3,1,PP,"[[1, 1, 1], [1, 1]]",5,6,0.0008215,20,0,0,0,0,0,0,True
235,5,2,"[3, 2]","[[0, 0, 3], [1, 2]]",1,3,3,2,PP,"[[2, 1], [2]]",3,2,0.000802,20,0,0,0,0,8,8/5,True
235,5,2,"[3, 2]","[[0, 0, 3], [1, 2]]",1,3,3,3,PP,"[[3], [2]]",2,1,0.000786,20,0,0,2,2/5,12,12/5,True
235,5,2,"[3, 2]","[[0, 0, 3], [1, 2]]",1,3,3,5,PP,"[[3], [2]]",2,1,0.000796,20,0,0,2,2/5,16,16/5,True
236,5,2,"[3, 2]","[[0, 0, 3], [1, 3]]",1,3,0,1,PP,"[[1, 1, 1], [1, 1]]",5,6,0.0008165,20,0,0,0,0,0,0,True
236,5,2,"[3, 2]","[[0, 0, 3], [1, 3]]",1,3,0,2,PP,"[[2, 1], [1, 1]]",4,4,0.000802,20,0,0,0,0,0,0,True
236,5,2,"[3, 2]","[[0, 0, 3], [1, 3]]",1,3,0,3,PP,"[[2, 1], [1, 1]]",4,4,0.000811,20,0,0,0,0,0,0,True
236,5,2,"[3, 2]","[[0, 0, 3], [1, 3]]",1,3,0,5,PP,"[[2, 1], [1, 1]]",4,4,0.0008165,20,0,0,0,0,0,0,True
236,5,2,"[3, 2]","[[0, 0, 3], [1, 3]]",1,3,1,1,PP,"[[1, 1, 1], [1, 1]]",5,6,0.000851,20,0,0,0,0,0,0,True
236,5,2,"[3, 2]","[[0, 0, 3], [1, 3]]",1,3,1,2,PP,"[[2, 1], [1, 1]]",4,4,0.0008415,20,0,0,0,0,0,0,True
236,5,2,"[3, 2]","[[0, 0, 3], [1, 3]]",1,3,1,3,PP,"[[2, 1], [1, 1]]",4,4,0.0008165,20,0,0,0,0,0,0,True
236,5,2,"[3, 2]","[[0, 0, 3], [1, 3]]",1,3,1,5,PP,"[[2, 1], [1, 1]]",4,4,0.0008115,20,0,0,0,0,0,0,True
236,5,2,"[3, 2]","[[0, 0, 3], [1, 3]]",1,3,2,1,PP,"[[1, 1, 1], [1, 1]]",5,6,0.000826,20,0,0,0,0,0,0,True
236,5,2,"[3, 2]","[[0, 0, 3], [1, 3]]",1,3,2,2,PP,"[[2, 1], [2]]",3,2,0.0008015,20,0,0,0,0,0,0,True
236,5,2,"[3, 2]","[[0, 0, 3], [1, 3]]",1,3,2,3,PP,"[[2, 1], [2]]",3,2,0.000771,20,0,0,0,0,0,0,True
236,5,2,"[3, 2]","[[0, 0, 3], [1, 3]]",1,3,2,5,PP,"[[2, 1], [2]]",3,2,0.000781,20,0,0,0,0,0,0,True
236,5,2,"[3, 2]","[[0, 0, 3], [1, 3]]",1,3,3,1,PP,"[[1, 1, 1], [1, 1]]",5,6,0.0007965,20,0,0,0,0,0,0,True
236,5,2,"[3, 2]","[[0, 0, 3], [1, 3]]",1,3,3,2,PP,"[[2, 1], [2]]",3,2,0.000831,20,0,0,0,0,8,8/5,True
236,5,2,"[3, 2]","[[0, 0, 3], [1, 3]]",1,3,3,3,PP,"[[3], [2]]",2,1,0.000812,20,0,0,2,2/5,12,12/5,True
236,5,2,"[3, 2]","[[0, 0, 3], [1, 3]]",1,3,3,5,PP,"[[3], [2]]",2,1,0.000821,20,0,0,2,2/5,16,16/5,True
237,5,2,"[3, 2]","[[0, 0, 3], [2, 2]]",1,3,0,1,PP,"[[1, 1, 1], [1, 1]]",5,6,0.000881,20,0,0,0,0,0,0,True
237,5,2,"[3, 2]","[[0, 0, 3], [2, 2]]",1,3,0,2,PP,"[[2, 1], [2]]",3,2,0.0008015,20,0,0,0,0,0,0,True
237,5,2,"[3, 2]","[[0, 0, 3], [2, 2]]",1,3,0,3,PP,"[[2, 1], [2]]",3,2,0.0008365,20,0,0,0,0,0,0,True
237,5,2,"[3, 2]","[[0, 0, 3], [2, 2]]",1,3,0,5,PP,"[[2, 1], [2]]",3,2,0.000801,20,0,0,0,0,0,0,True
237,5,2,"[3, 2]","[[0, 0, 3], [2, 2]]",1,3,1,1,PP,"[[1, 1, 1], [1, 1]]",5,6,0.000791,20,0,0,0,0,0,0,True
237,5,2,"[3, 2]","[[0, 0, 3], [2, 2]]",1,3,1,2,PP,"[[2, 1], [2]]",3,2,0.000811,20,0,0,0,0,0,0,True
237,5,2,"[3, 2]","[[0, 0, 3], [2, 2]]",1,3,1,3,PP,"[[2, 1], [2]]",3,2,0.000831,20,0,0,0,0,0,0,True
237,5,2,"[3, 2]","[[0, 0, 3], [2, 2]]",1,3,1,5,PP,"[[2, 1], [2]]",3,2,0.0008315,20,0,0,0,0,0,0,True
237,5,2,"[3, 2]","[[0, 0, 3], [2, 2]]",1,3,2,1,PP,"[[1, 1, 1], [1, 1]]",5,6,0.0008065,20,0,0,0,0,0,0,True
237,5,2,"[3, 2]","[[0, 0, 3], [2, 2]]",1,3,2,2,PP,"[[2, 1], [2]]",3,2,0.000826,20,0,0,0,0,0,0,True
237,5,2,"[3, 2]","[[0, 0, 3], [2, 2]]",1,3,2,3,PP,"[[2, 1], [2]]",3,2,0.0007965,20,0,0,0,0,0,0,True
237,5,2,"[3, 2]","[[0, 0, 3], [2, 2]]",1,3,2,5,PP,"[[2, 1], [2]]",3,2,0.0008065,20,0,0,0,0,0,0,True
237,5,2,"[3, 2]","[[0, 0, 3], [2, 2]]",1,3,3,1,PP,"[[1, 1, 1], [1, 1]]",5,6,0.0008165,20,0,0,0,0,0,0,True
237,5,2,"[3, 2]","[[0, 0, 3], [2, 2]]",1,3,3,2,PP,"[[2, 1], [2]]",3,2,0.0008315,20,0,0,0,0,8,8/5,True
237,5,2,"[3, 2]","[[0, 0, 3], [2, 2]]",1,3,3,3,PP,"[[3], [2]]",2,1,0.0008015,20,0,0,2,2/5,12,12/5,True
237,5,2,"[3, 2]","[[0, 0, 3], [2, 2]]",1,3,3,5,PP,"[[3], [2]]",2,1,0.000796,20,0,0,2,2/5,16,16/5,True
238,5,2,"[3, 2]","[[0, 0, 3], [2, 3]]",1,3,0,1,PP,"[[1, 1, 1], [1, 1]]",5,6,0.000821,20,0,0,0,0,0,0,True
238,5,2,"[3, 2]","[[0, 0, 3], [2, 3]]",1,3,0,2,PP,"[[2, 1], [1, 1]]",4,4,0.000806,20,0,0,0,0,0,0,True
238,5,2,"[3, 2]","[[0, 0, 3], [2, 3]]",1,3,0,3,PP,"[[2, 1], [1, 1]]",4,4,0.0007915,20,0,0,0,0,0,0,True
238,5,2,"[3, 2]","[[0, 0, 3], [2, 3]]",1,3,0,5,PP,"[[2, 1], [1, 1]]",4,4,0.000771,20,0,0,0,0,0,0,True
238,5,2,"[3, 2]","[[0, 0, 3], [2, 3]]",1,3,1,1,PP,"[[1, 1, 1], [1, 1]]",5,6,0.000801,20,0,0,0,0,0,0,True
238,5,2,"[3, 2]","[[0, 0, 3], [2, 3]]",1,3,1,2,PP,"[[2, 1], [2]]",3,2,0.0008015,20,0,0,0,0,0,0,True
238,5,2,"[3, 2]","[[0, 0, 3], [2, 3]]",1,3,1,3,PP,"[[2, 1], [2]]",3,2,0.000791,20,0,0,0,0,0,0,True
238,5,2,"[3, 2]","[[0, 0, 3], [2, 3]]",1,3,1,5,PP,"[[2, 1], [2]]",3,2,0.000781,20,0,0,0,0,0,0,True
238,5,2,"[3, 2]","[[0, 0, 3], [2, 3]]",1,3,2,1,PP,"[[1, 1, 1], [1, 1]]",5,6,0.0008015,20,0,0,0,0,0,0,True
238,5,2,"[3, 2]","[[0, 0, 3], [2, 3]]",1,3,2,2,PP,"[[2, 1], [2]]",3,2,0.000791,20,0,0,0,0,0,0,True
238,5,2,"[3, 2]","[[0, 0, 3], [2, 3]]",1,3,2,3,PP,"[[2, 1], [2]]",3,2,0.000796,20,0,0,0,0,0,0,True
238,5,2,"[3, 2]","[[0, 0, 3], [2, 3]]",1,3,2,5,PP,"[[2, 1], [2]]",3,2,0.000781,20,0,0,0,0,0,0,True
238,5,2,"[3, 2]","[[0, 0, 3], [2, 3]]",1,3,3,1,PP,"[[1, 1, 1], [1, 1]]",5,6,0.000811,20,0,0,0,0,0,0,True
238,5,2,"[3, 2]","[[0, 0, 3], [2, 3]]",1,3,3,2,PP,"[[2, 1], [2]]",3,2,0.000791,20,0,0,0,0,8,8/5,True
238,5,2,"[3, 2]","[[0, 0, 3], [2, 3]]",1,3,3,3,PP,"[[3], [2]]",2,1,0.000791,20,0,0,2,2/5,12,12/5,True
238,5,2,"[3, 2]","[[0, 0, 3], [2, 3]]",1,3,3,5,PP,"[[3], [2]]",2,1,0.000786,20,0,0,2,2/5,16,16/5,True
239,5,2,"[3, 2]","[[0, 0, 3], [3, 3]]",1,3,0,1,PP,"[[1, 1, 1], [1, 1]]",5,6,0.000816,20,0,0,0,0,0,0,True
239,5,2,"[3, 2]","[[0, 0, 3], [3, 3]]",1,3,0,2,PP,"[[2, 1], [2]]",3,2,0.000806,20,0,0,0,0,0,0,True
239,5,2,"[3, 2]","[[0, 0, 3], [3, 3]]",1,3,0,3,PP,"[[2, 1], [2]]",3,2,0.000821,20,0,0,0,0,0,0,True
239,5,2,"[3, 2]","[[0, 0, 3], [3, 3]]",1,3,0,5,PP,"[[2, 1], [2]]",3,2,0.000801,20,0,0,0,0,0,0,True
239,5,2,"[3, 2]","[[0, 0, 3], [3, 3]]",1,3,1,1,PP,"[[1, 1, 1], [1, 1]]",5,6,0.000816,20,0,0,0,0,0,0,True
239,5,2,"[3, 2]","[[0, 0, 3], [3, 3]]",1,3,1,2,PP,"[[2, 1], [2]]",3,2,0.0008115,20,0,0,0,0,0,0,True
239,5,2,"[3, 2]","[[0, 0, 3], [3, 3]]",1,3,1,3,PP,"[[2, 1], [2]]",3,2,0.000811,20,0,0,0,0,0,0,True
239,5,2,"[3, 2]","[[0, 0, 3], [3, 3]]",1,3,1,5,PP,"[[2, 1], [2]]",3,2,0.000806,20,0,0,0,0,0,0,True
239,5,2,"[3, 2]","[[0, 0, 3], [3, 3]]",1,3,2,1,PP,"[[1, 1, 1], [1, 1]]",5,6,0.000801,20,0,0,0,0,0,0,True
239,5,2,"[3, 2]","[[0, 0, 3], [3, 3]]",1,3,2,2,PP,"[[2, 1], [2]]",3,2,0.000811,20,0,0,0,0,0,0,True
239,5,2,"[3, 2]","[[0, 0, 3], [3, 3]]",1,3,2,3,PP,"[[2, 1], [2]]",3,2,0.000871,20,0,0,0,0,0,0,True
239,5,2,"[3, 2]","[[0, 0, 3], [3, 3]]",1,3,2,5,PP,"[[2, 1], [2]]",3,2,0.000811,20,0,0,0,0,0,0,True
239,5,2,"[3, 2]","[[0, 0, 3], [3, 3]]",1,3,3,1,PP,"[[1, 1, 1], [1, 1]]",5,6,0.000801,20,0,0,0,0,0,0,True
239,5,2,"[3, 2]","[[0, 0, 3], [3, 3]]",1,3,3,2,PP,"[[2, 1], [2]]",3,2,0.0008165,20,0,0,0,0,8,8/5,True
239,5,2,"[3, 2]","[[0, 0, 3], [3, 3]]",1,3,3,3,PP,"[[3], [2]]",2,1,0.0008115,20,0,0,2,2/5,12,12/5,True
239,5,2,"[3, 2]","[[0, 0, 3], [3, 3]]",1,3,3,5,PP,"[[3], [2]]",2,1,0.0007715,20,0,0,2,2/5,16,16/5,True
240,5,2,"[3, 2]","[[0, 1, 1], [0, 0]]",1,3,0,1,PP,"[[1, 1, 1], [1, 1]]",5,6,0.000791,20,0,0,0,0,0,0,True
240,5,2,"[3, 2]","[[0, 1, 1], [0, 0]]",1,3,0,2,PP,"[[1, 2], [2]]",3,2,0.000801,20,0,0,0,0,0,0,True
240,5,2,"[3, 2]","[[0, 1, 1], [0, 0]]",1,3,0,3,PP,"[[1, 2], [2]]",3,2,0.000781,20,0,0,0,0,0,0,True
240,5,2,"[3, 2]","[[0, 1, 1], [0, 0]]",1,3,0,5,PP,"[[1, 2], [2]]",3,2,0.0007915,20,0,0,0,0,0,0,True
240,5,2,"[3, 2]","[[0, 1, 1], [0, 0]]",1,3,1,1,PP,"[[1, 1, 1], [1, 1]]",5,6,0.0008015,20,0,0,0,0,0,0,True
240,5,2,"[3, 2]","[[0, 1, 1], [0, 0]]",1,3,1,2,PP,"[[2, 1], [2]]",3,2,0.000791,20,0,0,0,0,0,0,True
240,5,2,"[3, 2]","[[0, 1, 1], [0, 0]]",1,3,1,3,PP,"[[3], [2]]",2,1,0.000786,20,0,0,0,0,0,0,True
240,5,2,"[3, 2]","[[0, 1, 1], [0, 0]]",1,3,1,5,PP,"[[3], [2]]",2,1,0.000776,20,0,0,0,0,0,0,True
240,5,2,"[3, 2]","[[0, 1, 1], [0, 0]]",1,3,2,1,PP,"[[1, 1, 1], [1, 1]]",5,6,0.0008215,20,0,0,0,0,0,0,True
240,5,2,"[3, 2]","[[0, 1, 1], [0, 0]]",1,3,2,2,PP,"[[2, 1], [2]]",3,2,0.000801,20,0,0,0,0,0,0,True
240,5,2,"[3, 2]","[[0, 1, 1], [0, 0]]",1,3,2,3,PP,"[[3], [2]]",2,1,0.000791,20,0,0,0,0,0,0,True
240,5,2,"[3, 2]","[[0, 1, 1], [0, 0]]",1,3,2,5,PP,"[[3], [2]]",2,1,0.0008415,20,0,0,0,0,0,0,True
240,5,2,"[3, 2]","[[0, 1, 1], [0, 0]]",1,3,3,1,PP,"[[1, 1, 1], [1, 1]]",5,6,0.000831,20,0,0,0,0,0,0,True
240,5,2,"[3, 2]","[[0, 1, 1], [0, 0]]",1,3,3,2,PP,"[[2, 1], [2]]",3,2,0.0007915,20,0,0,0,0,8,8/5,True
240,5,2,"[3, 2]","[[0, 1, 1], [0, 0]]",1,3,3,3,PP,"[[3], [2]]",2,1,0.0007965,20,0,0,0,0,12,12/5,True
240,5,2,"[3, 2]","[[0, 1, 1], [0, 0]]",1,3,3,5,PP,"[[3], [2]]",2,1,0.000796,20,0,0,0,0,16,16/5,True
241,5,2,"[3, 2]","[[0, 1, 1], [0, 1]]",1,3,0,1,PP,"[[1, 1, 1], [1, 1]]",5,6,0.000816,20,0,0,0,0,0,0,True
241,5,2,"[3, 2]","[[0, 1, 1], [0, 1]]",1,3,0,2,PP,"[[1, 2], [1, 1]]",4,4,0.000786,20,0,0,0,0,0,0,True
241,5,2,"[3, 2]","[[0, 1, 1], [0, 1]]",1,3,0,3,PP,"[[1, 2], [1, 1]]",4,4,0.0007865,20,0,0,0,0,0,0,True
241,5,2,"[3, 2]","[[0, 1, 1], [0, 1]]",1,3,0,5,PP,"[[1, 2], [1, 1]]",4,4,0.000781,20,0,0,0,0,0,0,True
241,5,2,"[3, 2]","[[0, 1, 1], [0, 1]]",1,3,1,1,PP,"[[1, 1, 1], [1, 1]]",5,6,0.000801,20,0,0,0,0,0,0,True
241,5,2,"[3, 2]","[[0, 1, 1], [0, 1]]",1,3,1,2,PP,"[[2, 1], [2]]",3,2,0.0008115,20,0,0,0,0,0,0,True
241,5,2,"[3, 2]","[[0, 1, 1], [0, 1]]",1,3,1,3,PP,"[[3], [2]]",2,1,0.0008015,20,0,0,0,0,0,0,True
241,5,2,"[3, 2]","[[0, 1, 1], [0, 1]]",1,3,1,5,PP,"[[3], [2]]",2,1,0.0007865,20,0,0,0,0,0,0,True
241,5,2,"[3, 2]","[[0, 1, 1], [0, 1]]",1,3,2,1,PP,"[[1, 1, 1], [1, 1]]",5,6,0.000821,20,0,0,0,0,0,0,True
241,5,2,"[3, 2]","[[0, 1, 1], [0, 1]]",1,3,2,2,PP,"[[2, 1], [2]]",3,2,0.000716,20,0,0,0,0,0,0,True
241,5,2,"[3, 2]","[[0, 1, 1], [0, 1]]",1,3,2,3,PP,"[[3], [2]]",2,1,0.000706,20,0,0,0,0,0,0,True
241,5,2,"[3, 2]","[[0, 1, 1], [0, 1]]",1,3,2,5,PP,"[[3], [2]]",2,1,0.000721,20,0,0,0,0,0,0,True
241,5,2,"[3, 2]","[[0, 1, 1], [0, 1]]",1,3,3,1,PP,"[[1, 1, 1], [1, 1]]",5,6,0.000716,20,0,0,0,0,0,0,True
241,5,2,"[3, 2]","[[0, 1, 1], [0, 1]]",1,3,3,2,PP,"[[2, 1], [2]]",3,2,0.000731,20,0,0,0,0,8,8/5,True
241,5,2,"[3, 2]","[[0, 1, 1], [0, 1]]",1,3,3,3,PP,"[[3], [2]]",2,1,0.000786,20,0,0,0,0,12,12/5,True
241,5,2,"[3, 2]","[[0, 1, 1], [0, 1]]",1,3,3,5,PP,"[[3], [2]]",2,1,0.000776,20,0,0,0,0,16,16/5,True
242,5,2,"[3, 2]","[[0, 1, 1], [0, 2]]",1,3,0,1,PP,"[[1, 1, 1], [1, 1]]",5,6,0.0007965,20,0,0,0,0,0,0,True
242,5,2,"[3, 2]","[[0, 1, 1], [0, 2]]",1,3,0,2,PP,"[[1, 2], [1, 1]]",4,4,0.000796,20,0,0,0,0,0,0,True
242,5,2,"[3, 2]","[[0, 1, 1], [0, 2]]",1,3,0,3,PP,"[[1, 2], [1, 1]]",4,4,0.000801,20,0,0,0,0,0,0,True
242,5,2,"[3, 2]","[[0, 1, 1], [0, 2]]",1,3,0,5,PP,"[[1, 2], [1, 1]]",4,4,0.000791,20,0,0,0,0,0,0,True
242,5,2,"[3, 2]","[[0, 1, 1], [0, 2]]",1,3,1,1,PP,"[[1, 1, 1], [1, 1]]",5,6,0.000801,20,0,0,0,0,0,0,True
242,5,2,"[3, 2]","[[0, 1, 1], [0, 2]]",1,3,1,2,PP,"[[2, 1], [1, 1]]",4,4,0.000806,20,0,0,0,0,0,0,True
242,5,2,"[3, 2]","[[0, 1, 1], [0, 2]]",1,3,1,3,PP,"[[3], [1, 1]]",3,2,0.0007765,20,0,0,0,0,0,0,True
242,5,2,"[3, 2]","[[0, 1, 1], [0, 2]]",1,3,1,5,PP,"[[3], [1, 1]]",3,2,0.0008015,20,0,0,0,0,0,0,True
242,5,2,"[3, 2]","[[0, 1, 1], [0, 2]]",1,3,2,1,PP,"[[1, 1, 1], [1, 1]]",5,6,0.000836,20,0,0,0,0,0,0,True
242,5,2,"[3, 2]","[[0, 1, 1], [0, 2]]",1,3,2,2,PP,"[[2, 1], [2]]",3,2,0.000812,20,0,0,0,0,0,0,True
242,5,2,"[3, 2]","[[0, 1, 1], [0, 2]]",1,3,2,3,PP,"[[3], [2]]",2,1,0.0008065,20,0,0,0,0,0,0,True
242,5,2,"[3, 2]","[[0, 1, 1], [0, 2]]",1,3,2,5,PP,"[[3], [2]]",2,1,0.0007915,20,0,0,0,0,0,0,True
242,5,2,"[3, 2]","[[0, 1, 1], [0, 2]]",1,3,3,1,PP,"[[1, 1, 1], [1, 1]]",5,6,0.0008065,20,0,0,0,0,0,0,True
242,5,2,"[3, 2]","[[0, 1, 1], [0, 2]]",1,3,3,2,PP,"[[2, 1], [2]]",3,2,0.0007965,20,0,0,0,0,8,8/5,True
242,5,2,"[3, 2]","[[0, 1, 1], [0, 2]]",1,3,3,3,PP,"[[3], [2]]",2,1,0.000806,20,0,0,0,0,12,12/5,True
242,5,2,"[3, 2]","[[0, 1, 1], [0, 2]]",1,3,3,5,PP,"[[3], [2]]",2,1,0.000801,20,0,0,0,0,16,16/5,True
243,5,2,"[3, 2]","[[0, 1, 1], [0, 3]]",1,3,0,1,PP,"[[1, 1, 1], [1, 1]]",5,6,0.0008015,20,0,0,0,0,0,0,True
243,5,2,"[3, 2]","[[0, 1, 1], [0, 3]]",1,3,0,2,PP,"[[1, 2], [1, 1]]",4,4,0.000821,20,0,0,0,0,0,0,True
243,5,2,"[3, 2]","[[0, 1, 1], [0, 3]]",1,3,0,3,PP,"[[1, 2], [1, 1]]",4,4,0.0007815,20,0,0,0,0,0,0,True
243,5,2,"[3, 2]","[[0, 1, 1], [0, 3]]",1,3,0,5,PP,"[[1, 2], [1, 1]]",4,4,0.0008215,20,0,0,0,0,0,0,True
243,5,2,"[3, 2]","[[0, 1, 1], [0, 3]]",1,3,1,1,PP,"[[1, 1, 1], [1, 1]]",5,6,0.0008215,20,0,0,0,0,0,0,True
243,5,2,"[3, 2]","[[0, 1, 1], [0, 3]]",1,3,1,2,PP,"[[2, 1], [1, 1]]",4,4,0.0008015,20,0,0,0,0,0,0,True
243,5,2,"[3, 2]","[[0, 1, 1], [0, 3]]",1,3,1,3,PP,"[[3], [1, 1]]",3,2,0.000826,20,0,0,0,0,0,0,True
243,5,2,"[3, 2]","[[0, 1, 1], [0, 3]]",1,3,1,5,PP,"[[3], [1, 1]]",3,2,0.000806,20,0,0,0,0,0,0,True
243,5,2,"[3, 2]","[[0, 1, 1], [0, 3]]",1,3,2,1,PP,"[[1, 1, 1], [1, 1]]",5,6,0.0007815,20,0,0,0,0,0,0,True
243,5,2,"[3, 2]","[[0, 1, 1], [0, 3]]",1,3,2,2,PP,"[[2, 1], [1, 1]]",4,4,0.000791,20,0,0,0,0,0,0,True
243,5,2,"[3, 2]","[[0, 1, 1], [0, 3]]",1,3,2,3,PP,"[[3], [1, 1]]",3,2,0.000771,20,0,0,0,0,0,0,True
243,5,2,"[3, 2]","[[0, 1, 1], [0, 3]]",1,3,2,5,PP,"[[3], [1, 1]]",3,2,0.000807,20,0,0,0,0,0,0,True
243,5,2,"[3, 2]","[[0, 1, 1], [0, 3]]",1,3,3,1,PP,"[[1, 1, 1], [1, 1]]",5,6,0.000846,20,0,0,0,0,0,0,True
243,5,2,"[3, 2]","[[0, 1, 1], [0, 3]]",1,3,3,2,PP,"[[2, 1], [2]]",3,2,0.0008265,20,0,0,4,4/5,8,8/5,True
243,5,2,"[3, 2]","[[0, 1, 1], [0, 3]]",1,3,3,3,PP,"[[3], [2]]",2,1,0.000801,20,0,0,4,4/5,12,12/5,True
243,5,2,"[3, 2]","[[0, 1, 1], [0, 3]]",1,3,3,5,PP,"[[3], [2]]",2,1,0.000811,20,0,0,4,4/5,16,16/5,True
244,5,2,"[3, 2]","[[0, 1, 1], [1, 1]]",1,3,0,1,PP,"[[1, 1, 1], [1, 1]]",5,6,0.000791,20,0,0,0,0,0,0,True
244,5,2,"[3, 2]","[[0, 1, 1], [1, 1]]",1,3,0,2,PP,"[[1, 2], [2]]",3,2,0.000771,20,0,0,0,0,0,0,True
244,5,2,"[3, 2]","[[0, 1, 1], [1, 1]]",1,3,0,3,PP,"[[1, 2], [2]]",3,2,0.000771,20,0,0,0,0,0,0,True
244,5,2,"[3, 2]","[[0, 1, 1], [1, 1]]",1,3,0,5,PP,"[[1, 2], [2]]",3,2,0.000806,20,0,0,0,0,0,0,True
244,5,2,"[3, 2]","[[0, 1, 1], [1, 1]]",1,3,1,1,PP,"[[1, 1, 1], [1, 1]]",5,6,0.0008115,20,0,0,0,0,0,0,True
244,5,2,"[3, 2]","[[0, 1, 1], [1, 1]]",1,3,1,2,PP,"[[2, 1], [2]]",3,2,0.000776,20,0,0,0,0,0,0,True
244,5,2,"[3, 2]","[[0, 1, 1], [1, 1]]",1,3,1,3,PP,"[[3], [2]]",2,1,0.000781,20,0,0,0,0,0,0,True
244,5,2,"[3, 2]","[[0, 1, 1], [1, 1]]",1,3,1,5,PP,"[[3], [2]]",2,1,0.000781,20,0,0,0,0,0,0,True
244,5,2,"[3, 2]","[[0, 1, 1], [1, 1]]",1,3,2,1,PP,"[[1, 1, 1], [1, 1]]",5,6,0.0008215,20,0,0,0,0,0,0,True
244,5,2,"[3, 2]","[[0, 1, 1], [1, 1]]",1,3,2,2,PP,"[[2, 1], [2]]",3,2,0.000806,20,0,0,0,0,0,0,True
244,5,2,"[3, 2]","[[0, 1, 1], [1, 1]]",1,3,2,3,PP,"[[3], [2]]",2,1,0.0008065,20,0,0,0,0,0,0,True
244,5,2,"[3, 2]","[[0, 1, 1], [1, 1]]",1,3,2,5,PP,"[[3], [2]]",2,1,0.000826,20,0,0,0,0,0,0,True
244,5,2,"[3, 2]","[[0, 1, 1], [1, 1]]",1,3,3,1,PP,"[[1, 1, 1], [1, 1]]",5,6,0.000821,20,0,0,0,0,0,0,True
244,5,2,"[3, 2]","[[0, 1, 1], [1, 1]]",1,3,3,2,PP,"[[2, 1], [2]]",3,2,0.000796,20,0,0,0,0,8,8/5,True
244,5,2,"[3, 2]","[[0, 1, 1], [1, 1]]",1,3,3,3,PP,"[[3], [2]]",2,1,0.000781,20,0,0,0,0,12,12/5,True
244,5,2,"[3, 2]","[[0, 1, 1], [1, 1]]",1,3,3,5,PP,"[[3], [2]]",2,1,0.000826,20,0,0,0,0,16,16/5,True
245,5,2,"[3, 2]","[[0, 1, 1], [1, 2]]",1,3,0,1,PP,"[[1, 1, 1], [1, 1]]",5,6,0.0008515,20,0,0,0,0,0,0,True
245,5,2,"[3, 2]","[[0, 1, 1], [1, 2]]",1,3,0,2,PP,"[[1, 2], [1, 1]]",4,4,0.0008265,20,0,0,0,0,0,0,True
245,5,2,"[3, 2]","[[0, 1, 1], [1, 2]]",1,3,0,3,PP,"[[1, 2], [1, 1]]",4,4,0.000791,20,0,0,0,0,0,0,True
245,5,2,"[3, 2]","[[0, 1, 1], [1, 2]]",1,3,0,5,PP,"[[1, 2], [1, 1]]",4,4,0.000761,20,0,0,0,0,0,0,True
245,5,2,"[3, 2]","[[0, 1, 1], [1, 2]]",1,3,1,1,PP,"[[1, 1, 1], [1, 1]]",5,6,0.0007865,20,0,0,0,0,0,0,True
245,5,2,"[3, 2]","[[0, 1, 1], [1, 2]]",1,3,1,2,PP,"[[2, 1], [2]]",3,2,0.000782,20,0,0,0,0,0,0,True
245,5,2,"[3, 2]","[[0, 1, 1], [1, 2]]",1,3,1,3,PP,"[[3], [2]]",2,1,0.000791,20,0,0,0,0,0,0,True
245,5,2,"[3, 2]","[[0, 1, 1], [1, 2]]",1,3,1,5,PP,"[[3], [2]]",2,1,0.000776,20,0,0,0,0,0,0,True
245,5,2,"[3, 2]","[[0, 1, 1], [1, 2]]",1,3,2,1,PP,"[[1, 1, 1], [1, 1]]",5,6,0.000791,20,0,0,0,0,0,0,True
245,5,2,"[3, 2]","[[0, 1, 1], [1, 2]]",1,3,2,2,PP,"[[2, 1], [2]]",3,2,0.000811,20,0,0,0,0,0,0,True
245,5,2,"[3, 2]","[[0, 1, 1], [1, 2]]",1,3,2,3,PP,"[[3], [2]]",2,1,0.000771,20,0,0,0,0,0,0,True
245,5,2,"[3, 2]","[[0, 1, 1], [1, 2]]",1,3,2,5,PP,"[[3], [2]]",2,1,0.000781,20,0,0,0,0,0,0,True
245,5,2,"[3, 2]","[[0, 1, 1], [1, 2]]",1,3,3,1,PP,"[[1, 1, 1], [1, 1]]",5,6,0.0007915,20,0,0,0,0,0,0,True
245,5,2,"[3, 2]","[[0, 1, 1], [1, 2]]",1,3,3,2,PP,"[[2, 1], [2]]",3,2,0.000801,20,0,0,0,0,8,8/5,True
245,5,2,"[3, 2]","[[0, 1, 1], [1, 2]]",1,3,3,3,PP,"[[3], [2]]",2,1,0.000791,20,0,0,0,0,12,12/5,True
245,5,2,"[3, 2]","[[0, 1, 1], [1, 2]]",1,3,3,5,PP,"[[3], [2]]",2,1,0.000836,20,0,0,0,0,16,16/5,True
246,5,2,"[3, 2]","[[0, 1, 1], [1, 3]]",1,3,0,1,PP,"[[1, 1, 1], [1, 1]]",5,6,0.0008565,20,0,0,0,0,0,0,True
246,5,2,"[3, 2]","[[0, 1, 1], [1, 3]]",1,3,0,2,PP,"[[1, 2], [1, 1]]",4,4,0.0008265,20,0,0,0,0,0,0,True
246,5,2,"[3, 2]","[[0, 1, 1], [1, 3]]",1,3,0,3,PP,"[[1, 2], [1, 1]]",4,4,0.000806,20,0,0,0,0,0,0,True
246,5,2,"[3, 2]","[[0, 1, 1], [1, 3]]",1,3,0,5,PP,"[[1, 2], [1, 1]]",4,4,0.000831,20,0,0,0,0,0,0,True
246,5,2,"[3, 2]","[[0, 1, 1], [1, 3]]",1,3,1,1,PP,"[[1, 1, 1], [1, 1]]",5,6,0.0008665,20,0,0,0,0,0,0,True
246,5,2,"[3, 2]","[[0, 1, 1], [1, 3]]",1,3,1,2,PP,"[[2, 1], [1, 1]]",4,4,0.000801,20,0,0,0,0,0,0,True
246,5,2,"[3, 2]","[[0, 1, 1], [1, 3]]",1,3,1,3,PP,"[[3], [1, 1]]",3,2,0.000796,20,0,0,0,0,0,0,True
246,5,2,"[3, 2]","[[0, 1, 1], [1, 3]]",1,3,1,5,PP,"[[3], [1, 1]]",3,2,0.0007915,20,0,0,0,0,0,0,True
246,5,2,"[3, 2]","[[0, 1, 1], [1, 3]]",1,3,2,1,PP,"[[1, 1, 1], [1, 1]]",5,6,0.0008465,20,0,0,0,0,0,0,True
246,5,2,"[3, 2]","[[0, 1, 1], [1, 3]]",1,3,2,2,PP,"[[2, 1], [2]]",3,2,0.0008015,20,0,0,0,0,0,0,True
246,5,2,"[3, 2]","[[0, 1, 1], [1, 3]]",1,3,2,3,PP,"[[3], [2]]",2,1,0.000791,20,0,0,0,0,0,0,True
246,5,2,"[3, 2]","[[0, 1, 1], [1, 3]]",1,3,2,5,PP,"[[3], [2]]",2,1,0.0007865,20,0,0,0,0,0,0,True
246,5,2,"[3, 2]","[[0, 1, 1], [1, 3]]",1,3,3,1,PP,"[[1, 1, 1], [1, 1]]",5,6,0.0008215,20,0,0,0,0,0,0,True
246,5,2,"[3, 2]","[[0, 1, 1], [1, 3]]",1,3,3,2,PP,"[[2, 1], [2]]",3,2,0.000821,20,0,0,0,0,8,8/5,True
246,5,2,"[3, 2]","[[0, 1, 1], [1, 3]]",1,3,3,3,PP,"[[3], [2]]",2,1,0.0008215,20,0,0,0,0,12,12/5,True
246,5,2,"[3, 2]","[[0, 1, 1], [1, 3]]",1,3,3,5,PP,"[[3], [2]]",2,1,0.000821,20,0,0,0,0,16,16/5,True
247,5,2,"[3, 2]","[[0, 1, 1], [2, 2]]",1,3,0,1,PP,"[[1, 1, 1], [1, 1]]",5,6,0.000847,20,0,0,0,0,0,0,True
247,5,2,"[3, 2]","[[0, 1, 1], [2, 2]]",1,3,0,2,PP,"[[1, 2], [2]]",3,2,0.000811,20,0,0,0,0,0,0,True
247,5,2,"[3, 2]","[[0, 1, 1], [2, 2]]",1,3,0,3,PP,"[[1, 2], [2]]",3,2,0.000806,20,0,0,0,0,0,0,True
247,5,2,"[3, 2]","[[0, 1, 1], [2, 2]]",1,3,0,5,PP,"[[1, 2], [2]]",3,2,0.0008015,20,0,0,0,0,0,0,True
247,5,2,"[3, 2]","[[0, 1, 1], [2, 2]]",1,3,1,1,PP,"[[1, 1, 1], [1, 1]]",5,6,0.000811,20,0,0,0,0,0,0,True
247,5,2,"[3, 2]","[[0, 1, 1], [2, 2]]",1,3,1,2,PP,"[[2, 1], [2]]",3,2,0.000791,20,0,0,0,0,0,0,True
247,5,2,"[3, 2]","[[0, 1, 1], [2, 2]]",1,3,1,3,PP,"[[3], [2]]",2,1,0.0007565,20,0,0,0,0,0,0,True
247,5,2,"[3, 2]","[[0, 1, 1], [2, 2]]",1,3,1,5,PP,"[[3], [2]]",2,1,0.0007915,20,0,0,0,0,0,0,True
247,5,2,"[3, 2]","[[0, 1, 1], [2, 2]]",1,3,2,1,PP,"[[1, 1, 1], [1, 1]]",5,6,0.000786,20,0,0,0,0,0,0,True
247,5,2,"[3, 2]","[[0, 1, 1], [2, 2]]",1,3,2,2,PP,"[[2, 1], [2]]",3,2,0.0008015,20,0,0,0,0,0,0,True
247,5,2,"[3, 2]","[[0, 1, 1], [2, 2]]",1,3,2,3,PP,"[[3], [2]]",2,1,0.000781,20,0,0,0,0,0,0,True
247,5,2,"[3, 2]","[[0, 1, 1], [2, 2]]",1,3,2,5,PP,"[[3], [2]]",2,1,0.0007765,20,0,0,0,0,0,0,True
247,5,2,"[3, 2]","[[0, 1, 1], [2, 2]]",1,3,3,1,PP,"[[1, 1, 1], [1, 1]]",5,6,0.0008415,20,0,0,0,0,0,0,True
247,5,2,"[3, 2]","[[0, 1, 1], [2, 2]]",1,3,3,2,PP,"[[2, 1], [2]]",3,2,0.0008265,20,0,0,0,0,8,8/5,True
247,5,2,"[3, 2]","[[0, 1, 1], [2, 2]]",1,3,3,3,PP,"[[3], [2]]",2,1,0.0008215,20,0,0,0,0,12,12/5,True
247,5,2,"[3, 2]","[[0, 1, 1], [2, 2]]",1,3,3,5,PP,"[[3], [2]]",2,1,0.0007865,20,0,0,0,0,16,16/5,True
248,5,2,"[3, 2]","[[0, 1, 1], [2, 3]]",1,3,0,1,PP,"[[1, 1, 1], [1, 1]]",5,6,0.000796,20,0,0,0,0,0,0,True
248,5,2,"[3, 2]","[[0, 1, 1], [2, 3]]",1,3,0,2,PP,"[[1, 2], [1, 1]]",4,4,0.000801,20,0,0,0,0,0,0,True
248,5,2,"[3, 2]","[[0, 1, 1], [2, 3]]",1,3,0,3,PP,"[[1, 2], [1, 1]]",4,4,0.000786,20,0,0,0,0,0,0,True
248,5,2,"[3, 2]","[[0, 1, 1], [2, 3]]",1,3,0,5,PP,"[[1, 2], [1, 1]]",4,4,0.0007815,20,0,0,0,0,0,0,True
248,5,2,"[3, 2]","[[0, 1, 1], [2, 3]]",1,3,1,1,PP,"[[1, 1, 1], [1, 1]]",5,6,0.000811,20,0,0,0,0,0,0,True
248,5,2,"[3, 2]","[[0, 1, 1], [2, 3]]",1,3,1,2,PP,"[[2, 1], [2]]",3,2,0.000791,20,0,0,0,0,0,0,True
248,5,2,"[3, 2]","[[0, 1, 1], [2, 3]]",1,3,1,3,PP,"[[3], [2]]",2,1,0.000821,20,0,0,0,0,0,0,True
248,5,2,"[3, 2]","[[0, 1, 1], [2, 3]]",1,3,1,5,PP,"[[3], [2]]",2,1,0.0008015,20,0,0,0,0,0,0,True
248,5,2,"[3, 2]","[[0, 1, 1], [2, 3]]",1,3,2,1,PP,"[[1, 1, 1], [1, 1]]",5,6,0.000811,20,0,0,0,0,0,0,True
248,5,2,"[3, 2]","[[0, 1, 1], [2, 3]]",1,3,2,2,PP,"[[2, 1], [2]]",3,2,0.0008365,20,0,0,0,0,0,0,True
248,5,2,"[3, 2]","[[0, 1, 1], [2, 3]]",1,3,2,3,PP,"[[3], [2]]",2,1,0.000791,20,0,0,0,0,0,0,True
248,5,2,"[3, 2]","[[0, 1, 1], [2, 3]]",1,3,2,5,PP,"[[3], [2]]",2,1,0.0007765,20,0,0,0,0,0,0,True
248,5,2,"[3, 2]","[[0, 1, 1], [2, 3]]",1,3,3,1,PP,"[[1, 1, 1], [1, 1]]",5,6,0.000811,20,0,0,0,0,0,0,True
248,5,2,"[3, 2]","[[0, 1, 1], [2, 3]]",1,3,3,2,PP,"[[2, 1], [2]]",3,2,0.000781,20,0,0,0,0,8,8/5,True
248,5,2,"[3, 2]","[[0, 1, 1], [2, 3]]",1,3,3,3,PP,"[[3], [2]]",2,1,0.000771,20,0,0,0,0,12,12/5,True
248,5,2,"[3, 2]","[[0, 1, 1], [2, 3]]",1,3,3,5,PP,"[[3], [2]]",2,1,0.000786,20,0,0,0,0,16,16/5,True
249,5,2,"[3, 2]","[[0, 1, 1], [3, 3]]",1,3,0,1,PP,"[[1, 1, 1], [1, 1]]",5,6,0.000801,20,0,0,0,0,0,0,True
249,5,2,"[3, 2]","[[0, 1, 1], [3, 3]]",1,3,0,2,PP,"[[1, 2], [2]]",3,2,0.000791,20,0,0,0,0,0,0,True
249,5,2,"[3, 2]","[[0, 1, 1], [3, 3]]",1,3,0,3,PP,"[[1, 2], [2]]",3,2,0.000791,20,0,0,0,0,0,0,True
249,5,2,"[3, 2]","[[0, 1, 1], [3, 3]]",1,3,0,5,PP,"[[1, 2], [2]]",3,2,0.000791,20,0,0,0,0,0,0,True
249,5,2,"[3, 2]","[[0, 1, 1], [3, 3]]",1,3,1,1,PP,"[[1, 1, 1], [1, 1]]",5,6,0.0007965,20,0,0,0,0,0,0,True
249,5,2,"[3, 2]","[[0, 1, 1], [3, 3]]",1,3,1,2,PP,"[[2, 1], [2]]",3,2,0.000812,20,0,0,0,0,0,0,True
249,5,2,"[3, 2]","[[0, 1, 1], [3, 3]]",1,3,1,3,PP,"[[3], [2]]",2,1,0.000791,20,0,0,0,0,0,0,True
249,5,2,"[3, 2]","[[0, 1, 1], [3, 3]]",1,3,1,5,PP,"[[3], [2]]",2,1,0.000796,20,0,0,0,0,0,0,True
249,5,2,"[3, 2]","[[0, 1, 1], [3, 3]]",1,3,2,1,PP,"[[1, 1, 1], [1, 1]]",5,6,0.000811,20,0,0,0,0,0,0,True
249,5,2,"[3, 2]","[[0, 1, 1], [3, 3]]",1,3,2,2,PP,"[[2, 1], [2]]",3,2,0.000801,20,0,0,0,0,0,0,True
249,5,2,"[3, 2]","[[0, 1, 1], [3, 3]]",1,3,2,3,PP,"[[3], [2]]",2,1,0.000801,20,0,0,0,0,0,0,True
249,5,2,"[3, 2]","[[0, 1, 1], [3, 3]]",1,3,2,5,PP,"[[3], [2]]",2,1,0.000781,20,0,0,0,0,0,0,True
249,5,2,"[3, 2]","[[0, 1, 1], [3, 3]]",1,3,3,1,PP,"[[1, 1, 1], [1, 1]]",5,6,0.000821,20,0,0,0,0,0,0,True
249,5,2,"[3, 2]","[[0, 1, 1], [3, 3]]",1,3,3,2,PP,"[[2, 1], [2]]",3,2,0.0007865,20,0,0,0,0,8,8/5,True
249,5,2,"[3, 2]","[[0, 1, 1], [3, 3]]",1,3,3,3,PP,"[[3], [2]]",2,1,0.000791,20,0,0,0,0,12,12/5,True
249,5,2,"[3, 2]","[[0, 1, 1], [3, 3]]",1,3,3,5,PP,"[[3], [2]]",2,1,0.000771,20,0,0,0,0,16,16/5,True
250,5,2,"[3, 2]","[[0, 1, 2], [0, 0]]",1,3,0,1,PP,"[[1, 1, 1], [1, 1]]",5,6,0.000811,20,0,0,0,0,0,0,True
250,5,2,"[3, 2]","[[0, 1, 2], [0, 0]]",1,3,0,2,PP,"[[1, 1, 1], [2]]",4,3,0.0008015,20,0,0,0,0,0,0,True
250,5,2,"[3, 2]","[[0, 1, 2], [0, 0]]",1,3,0,3,PP,"[[1, 1, 1], [2]]",4,3,0.000791,20,0,0,0,0,0,0,True
250,5,2,"[3, 2]","[[0, 1, 2], [0, 0]]",1,3,0,5,PP,"[[1, 1, 1], [2]]",4,3,0.000791,20,0,0,0,0,0,0,True
250,5,2,"[3, 2]","[[0, 1, 2], [0, 0]]",1,3,1,1,PP,"[[1, 1, 1], [1, 1]]",5,6,0.0007915,20,0,0,0,0,0,0,True
250,5,2,"[3, 2]","[[0, 1, 2], [0, 0]]",1,3,1,2,PP,"[[2, 1], [2]]",3,2,0.000801,20,0,0,0,0,0,0,True
250,5,2,"[3, 2]","[[0, 1, 2], [0, 0]]",1,3,1,3,PP,"[[3], [2]]",2,1,0.000781,20,0,0,0,0,0,0,True
250,5,2,"[3, 2]","[[0, 1, 2], [0, 0]]",1,3,1,5,PP,"[[3], [2]]",2,1,0.000801,20,0,0,0,0,0,0,True
250,5,2,"[3, 2]","[[0, 1, 2], [0, 0]]",1,3,2,1,PP,"[[1, 1, 1], [1, 1]]",5,6,0.0008115,20,0,0,0,0,0,0,True
250,5,2,"[3, 2]","[[0, 1, 2], [0, 0]]",1,3,2,2,PP,"[[2, 1], [2]]",3,2,0.000791,20,0,0,0,0,0,0,True
250,5,2,"[3, 2]","[[0, 1, 2], [0, 0]]",1,3,2,3,PP,"[[3], [2]]",2,1,0.000786,20,0,0,0,0,0,0,True
250,5,2,"[3, 2]","[[0, 1, 2], [0, 0]]",1,3,2,5,PP,"[[3], [2]]",2,1,0.000786,20,0,0,0,0,0,0,True
250,5,2,"[3, 2]","[[0, 1, 2], [0, 0]]",1,3,3,1,PP,"[[1, 1, 1], [1, 1]]",5,6,0.000816,20,0,0,0,0,0,0,True
250,5,2,"[3, 2]","[[0, 1, 2], [0, 0]]",1,3,3,2,PP,"[[2, 1], [2]]",3,2,0.000791,20,0,0,0,0,8,8/5,True
250,5,2,"[3, 2]","[[0, 1, 2], [0, 0]]",1,3,3,3,PP,"[[3], [2]]",2,1,0.0007765,20,0,0,0,0,12,12/5,True
250,5,2,"[3, 2]","[[0, 1, 2], [0, 0]]",1,3,3,5,PP,"[[3], [2]]",2,1,0.000781,20,0,0,0,0,16,16/5,True
251,5,2,"[3, 2]","[[0, 1, 2], [0, 1]]",1,3,0,1,PP,"[[1, 1, 1], [1, 1]]",5,6,0.000786,20,0,0,0,0,0,0,True
251,5,2,"[3, 2]","[[0, 1, 2], [0, 1]]",1,3,0,2,PP,"[[1, 1, 1], [1, 1]]",5,6,0.000791,20,0,0,0,0,0,0,True
251,5,2,"[3, 2]","[[0, 1, 2], [0, 1]]",1,3,0,3,PP,"[[1, 1, 1], [1, 1]]",5,6,0.0007765,20,0,0,0,0,0,0,True
251,5,2,"[3, 2]","[[0, 1, 2], [0, 1]]",1,3,0,5,PP,"[[1, 1, 1], [1, 1]]",5,6,0.000806,20,0,0,0,0,0,0,True
251,5,2,"[3, 2]","[[0, 1, 2], [0, 1]]",1,3,1,1,PP,"[[1, 1, 1], [1, 1]]",5,6,0.0008365,20,0,0,0,0,0,0,True
251,5,2,"[3, 2]","[[0, 1, 2], [0, 1]]",1,3,1,2,PP,"[[2, 1], [2]]",3,2,0.000836,20,0,0,0,0,0,0,True
251,5,2,"[3, 2]","[[0, 1, 2], [0, 1]]",1,3,1,3,PP,"[[3], [2]]",2,1,0.000812,20,0,0,0,0,0,0,True
251,5,2,"[3, 2]","[[0, 1, 2], [0, 1]]",1,3,1,5,PP,"[[3], [2]]",2,1,0.000811,20,0,0,0,0,0,0,True
251,5,2,"[3, 2]","[[0, 1, 2], [0, 1]]",1,3,2,1,PP,"[[1, 1, 1], [1, 1]]",5,6,0.000806,20,0,0,0,0,0,0,True
251,5,2,"[3, 2]","[[0, 1, 2], [0, 1]]",1,3,2,2,PP,"[[2, 1], [2]]",3,2,0.000726,20,0,0,0,0,0,0,True
251,5,2,"[3, 2]","[[0, 1, 2], [0, 1]]",1,3,2,3,PP,"[[3], [2]]",2,1,0.000721,20,0,0,0,0,0,0,True
251,5,2,"[3, 2]","[[0, 1, 2], [0, 1]]",1,3,2,5,PP,"[[3], [2]]",2,1,0.000721,20,0,0,0,0,0,0,True
251,5,2,"[3, 2]","[[0, 1, 2], [0, 1]]",1,3,3,1,PP,"[[1, 1, 1], [1, 1]]",5,6,0.000721,20,0,0,0,0,0,0,True
251,5,2,"[3, 2]","[[0, 1, 2], [0, 1]]",1,3,3,2,PP,"[[2, 1], [2]]",3,2,0.000726,20,0,0,0,0,8,8/5,True
251,5,2,"[3, 2]","[[0, 1, 2], [0, 1]]",1,3,3,3,PP,"[[3], [2]]",2,1,0.000721,20,0,0,0,0,12,12/5,True
251,5,2,"[3, 2]","[[0, 1, 2], [0, 1]]",1,3,3,5,PP,"[[3], [2]]",2,1,0.000711,20,0,0,0,0,16,16/5,True
252,5,2,"[3, 2]","[[0, 1, 2], [0, 2]]",1,3,0,1,PP,"[[1, 1, 1], [1, 1]]",5,6,0.000741,20,0,0,0,0,0,0,True
252,5,2,"[3, 2]","[[0, 1, 2], [0, 2]]",1,3,0,2,PP,"[[1, 1, 1], [1, 1]]",5,6,0.000721,20,0,0,0,0,0,0,True
252,5,2,"[3, 2]","[[0, 1, 2], [0, 2]]",1,3,0,3,PP,"[[1, 1, 1], [1, 1]]",5,6,0.000711,20,0,0,0,0,0,0,True
252,5,2,"[3, 2]","[[0, 1, 2], [0, 2]]",1,3,0,5,PP,"[[1, 1, 1], [1, 1]]",5,6,0.000711,20,0,0,0,0,0,0,True
252,5,2,"[3, 2]","[[0, 1, 2], [0, 2]]",1,3,1,1,PP,"[[1, 1, 1], [1, 1]]",5,6,0.0007215,20,0,0,0,0,0,0,True
252,5,2,"[3, 2]","[[0, 1, 2], [0, 2]]",1,3,1,2,PP,"[[2, 1], [1, 1]]",4,4,0.0007015,20,0,0,0,0,0,0,True
252,5,2,"[3, 2]","[[0, 1, 2], [0, 2]]",1,3,1,3,PP,"[[3], [1, 1]]",3,2,0.0006965,20,0,0,0,0,0,0,True
252,5,2,"[3, 2]","[[0, 1, 2], [0, 2]]",1,3,1,5,PP,"[[3], [1, 1]]",3,2,0.000701,20,0,0,0,0,0,0,True
252,5,2,"[3, 2]","[[0, 1, 2], [0, 2]]",1,3,2,1,PP,"[[1, 1, 1], [1, 1]]",5,6,0.0007265,20,0,0,0,0,0,0,True
252,5,2,"[3, 2]","[[0, 1, 2], [0, 2]]",1,3,2,2,PP,"[[2, 1], [2]]",3,2,0.000711,20,0,0,0,0,0,0,True
252,5,2,"[3, 2]","[[0, 1, 2], [0, 2]]",1,3,2,3,PP,"[[3], [2]]",2,1,0.000701,20,0,0,0,0,0,0,True
252,5,2,"[3, 2]","[[0, 1, 2], [0, 2]]",1,3,2,5,PP,"[[3], [2]]",2,1,0.0007415,20,0,0,0,0,0,0,True
252,5,2,"[3, 2]","[[0, 1, 2], [0, 2]]",1,3,3,1,PP,"[[1, 1, 1], [1, 1]]",5,6,0.000721,20,0,0,0,0,0,0,True
252,5,2,"[3, 2]","[[0, 1, 2], [0, 2]]",1,3,3,2,PP,"[[2, 1], [2]]",3,2,0.000726,20,0,0,0,0,8,8/5,True
252,5,2,"[3, 2]","[[0, 1, 2], [0, 2]]",1,3,3,3,PP,"[[3], [2]]",2,1,0.000691,20,0,0,0,0,12,12/5,True
252,5,2,"[3, 2]","[[0, 1, 2], [0, 2]]",1,3,3,5,PP,"[[3], [2]]",2,1,0.0007065,20,0,0,0,0,16,16/5,True
253,5,2,"[3, 2]","[[0, 1, 2], [0, 3]]",1,3,0,1,PP,"[[1, 1, 1], [1, 1]]",5,6,0.000716,20,0,0,0,0,0,0,True
253,5,2,"[3, 2]","[[0, 1, 2], [0, 3]]",1,3,0,2,PP,"[[1, 1, 1], [1, 1]]",5,6,0.000716,20,0,0,0,0,0,0,True
253,5,2,"[3, 2]","[[0, 1, 2], [0, 3]]",1,3,0,3,PP,"[[1, 1, 1], [1, 1]]",5,6,0.000711,20,0,0,0,0,0,0,True
253,5,2,"[3, 2]","[[0, 1, 2], [0, 3]]",1,3,0,5,PP,"[[1, 1, 1], [1, 1]]",5,6,0.000711,20,0,0,0,0,0,0,True
253,5,2,"[3, 2]","[[0, 1, 2], [0, 3]]",1,3,1,1,PP,"[[1, 1, 1], [1, 1]]",5,6,0.0007265,20,0,0,0,0,0,0,True
253,5,2,"[3, 2]","[[0, 1, 2], [0, 3]]",1,3,1,2,PP,"[[2, 1], [1, 1]]",4,4,0.000741,20,0,0,0,0,0,0,True
253,5,2,"[3, 2]","[[0, 1, 2], [0, 3]]",1,3,1,3,PP,"[[3], [1, 1]]",3,2,0.000726,20,0,0,0,0,0,0,True
253,5,2,"[3, 2]","[[0, 1, 2], [0, 3]]",1,3,1,5,PP,"[[3], [1, 1]]",3,2,0.000711,20,0,0,0,0,0,0,True
253,5,2,"[3, 2]","[[0, 1, 2], [0, 3]]",1,3,2,1,PP,"[[1, 1, 1], [1, 1]]",5,6,0.000736,20,0,0,0,0,0,0,True
253,5,2,"[3, 2]","[[0, 1, 2], [0, 3]]",1,3,2,2,PP,"[[2, 1], [1, 1]]",4,4,0.000726,20,0,0,0,0,0,0,True
253,5,2,"[3, 2]","[[0, 1, 2], [0, 3]]",1,3,2,3,PP,"[[3], [1, 1]]",3,2,0.000701,20,0,0,0,0,0,0,True
253,5,2,"[3, 2]","[[0, 1, 2], [0, 3]]",1,3,2,5,PP,"[[3], [1, 1]]",3,2,0.0007015,20,0,0,0,0,0,0,True
253,5,2,"[3, 2]","[[0, 1, 2], [0, 3]]",1,3,3,1,PP,"[[1, 1, 1], [1, 1]]",5,6,0.000731,20,0,0,0,0,0,0,True
253,5,2,"[3, 2]","[[0, 1, 2], [0, 3]]",1,3,3,2,PP,"[[2, 1], [2]]",3,2,0.000711,20,0,0,4,4/5,8,8/5,True
253,5,2,"[3, 2]","[[0, 1, 2], [0, 3]]",1,3,3,3,PP,"[[3], [2]]",2,1,0.000711,20,0,0,4,4/5,12,12/5,True
253,5,2,"[3, 2]","[[0, 1, 2], [0, 3]]",1,3,3,5,PP,"[[3], [2]]",2,1,0.000711,20,0,0,4,4/5,16,16/5,True
254,5,2,"[3, 2]","[[0, 1, 2], [1, 1]]",1,3,0,1,PP,"[[1, 1, 1], [1, 1]]",5,6,0.000731,20,0,0,0,0,0,0,True
254,5,2,"[3, 2]","[[0, 1, 2], [1, 1]]",1,3,0,2,PP,"[[1, 1, 1], [2]]",4,3,0.000701,20,0,0,0,0,0,0,True
254,5,2,"[3, 2]","[[0, 1, 2], [1, 1]]",1,3,0,3,PP,"[[1, 1, 1], [2]]",4,3,0.000716,20,0,0,0,0,0,0,True
254,5,2,"[3, 2]","[[0, 1, 2], [1, 1]]",1,3,0,5,PP,"[[1, 1, 1], [2]]",4,3,0.000721,20,0,0,0,0,0,0,True
254,5,2,"[3, 2]","[[0, 1, 2], [1, 1]]",1,3,1,1,PP,"[[1, 1, 1], [1, 1]]",5,6,0.000721,20,0,0,0,0,0,0,True
254,5,2,"[3, 2]","[[0, 1, 2], [1, 1]]",1,3,1,2,PP,"[[2, 1], [2]]",3,2,0.000721,20,0,0,0,0,0,0,True
254,5,2,"[3, 2]","[[0, 1, 2], [1, 1]]",1,3,1,3,PP,"[[3], [2]]",2,1,0.000716,20,0,0,0,0,0,0,True
254,5,2,"[3, 2]","[[0, 1, 2], [1, 1]]",1,3,1,5,PP,"[[3], [2]]",2,1,0.0007065,20,0,0,0,0,0,0,True
254,5,2,"[3, 2]","[[0, 1, 2], [1, 1]]",1,3,2,1,PP,"[[1, 1, 1], [1, 1]]",5,6,0.0007265,20,0,0,0,0,0,0,True
254,5,2,"[3, 2]","[[0, 1, 2], [1, 1]]",1,3,2,2,PP,"[[2, 1], [2]]",3,2,0.000726,20,0,0,0,0,0,0,True
254,5,2,"[3, 2]","[[0, 1, 2], [1, 1]]",1,3,2,3,PP,"[[3], [2]]",2,1,0.000721,20,0,0,0,0,0,0,True
254,5,2,"[3, 2]","[[0, 1, 2], [1, 1]]",1,3,2,5,PP,"[[3], [2]]",2,1,0.000721,20,0,0,0,0,0,0,True
254,5,2,"[3, 2]","[[0, 1, 2], [1, 1]]",1,3,3,1,PP,"[[1, 1, 1], [1, 1]]",5,6,0.000766,20,0,0,0,0,0,0,True
254,5,2,"[3, 2]","[[0, 1, 2], [1, 1]]",1,3,3,2,PP,"[[2, 1], [2]]",3,2,0.000742,20,0,0,0,0,8,8/5,True
254,5,2,"[3, 2]","[[0, 1, 2], [1, 1]]",1,3,3,3,PP,"[[3], [2]]",2,1,0.000721,20,0,0,0,0,12,12/5,True
254,5,2,"[3, 2]","[[0, 1, 2], [1, 1]]",1,3,3,5,PP,"[[3], [2]]",2,1,0.000732,20,0,0,0,0,16,16/5,True
255,5,2,"[3, 2]","[[0, 1, 2], [1, 2]]",1,3,0,1,PP,"[[1, 1, 1], [1, 1]]",5,6,0.000751,20,0,0,0,0,0,0,True
255,5,2,"[3, 2]","[[0, 1, 2], [1, 2]]",1,3,0,2,PP,"[[1, 1, 1], [1, 1]]",5,6,0.000756,20,0,0,0,0,0,0,True
255,5,2,"[3, 2]","[[0, 1, 2], [1, 2]]",1,3,0,3,PP,"[[1, 1, 1], [1, 1]]",5,6,0.000761,20,0,0,0,0,0,0,True
255,5,2,"[3, 2]","[[0, 1, 2], [1, 2]]",1,3,0,5,PP,"[[1, 1, 1], [1, 1]]",5,6,0.0007415,20,0,0,0,0,0,0,True
255,5,2,"[3, 2]","[[0, 1, 2], [1, 2]]",1,3,1,1,PP,"[[1, 1, 1], [1, 1]]",5,6,0.000751,20,0,0,0,0,0,0,True
255,5,2,"[3, 2]","[[0, 1, 2], [1, 2]]",1,3,1,2,PP,"[[2, 1], [2]]",3,2,0.000761,20,0,0,0,0,0,0,True
255,5,2,"[3, 2]","[[0, 1, 2], [1, 2]]",1,3,1,3,PP,"[[3], [2]]",2,1,0.000741,20,0,0,0,0,0,0,True
255,5,2,"[3, 2]","[[0, 1, 2], [1, 2]]",1,3,1,5,PP,"[[3], [2]]",2,1,0.000761,20,0,0,0,0,0,0,True
255,5,2,"[3, 2]","[[0, 1, 2], [1, 2]]",1,3,2,1,PP,"[[1, 1, 1], [1, 1]]",5,6,0.0007715,20,0,0,0,0,0,0,True
255,5,2,"[3, 2]","[[0, 1, 2], [1, 2]]",1,3,2,2,PP,"[[2, 1], [2]]",3,2,0.0007215,20,0,0,0,0,0,0,True
255,5,2,"[3, 2]","[[0, 1, 2], [1, 2]]",1,3,2,3,PP,"[[3], [2]]",2,1,0.000731,20,0,0,0,0,0,0,True
255,5,2,"[3, 2]","[[0, 1, 2], [1, 2]]",1,3,2,5,PP,"[[3], [2]]",2,1,0.000716,20,0,0,0,0,0,0,True
255,5,2,"[3, 2]","[[0, 1, 2], [1, 2]]",1,3,3,1,PP,"[[1, 1, 1], [1, 1]]",5,6,0.000726,20,0,0,0,0,0,0,True
255,5,2,"[3, 2]","[[0, 1, 2], [1, 2]]",1,3,3,2,PP,"[[2, 1], [2]]",3,2,0.0007465,20,0,0,0,0,8,8/5,True
255,5,2,"[3, 2]","[[0, 1, 2], [1, 2]]",1,3,3,3,PP,"[[3], [2]]",2,1,0.000731,20,0,0,0,0,12,12/5,True
255,5,2,"[3, 2]","[[0, 1, 2], [1, 2]]",1,3,3,5,PP,"[[3], [2]]",2,1,0.000726,20,0,0,0,0,16,16/5,True
256,5,2,"[3, 2]","[[0, 1, 2], [1, 3]]",1,3,0,1,PP,"[[1, 1, 1], [1, 1]]",5,6,0.0007715,20,0,0,0,0,0,0,True
256,5,2,"[3, 2]","[[0, 1, 2], [1, 3]]",1,3,0,2,PP,"[[1, 1, 1], [1, 1]]",5,6,0.000741,20,0,0,0,0,0,0,True
256,5,2,"[3, 2]","[[0, 1, 2], [1, 3]]",1,3,0,3,PP,"[[1, 1, 1], [1, 1]]",5,6,0.000741,20,0,0,0,0,0,0,True
256,5,2,"[3, 2]","[[0, 1, 2], [1, 3]]",1,3,0,5,PP,"[[1, 1, 1], [1, 1]]",5,6,0.000726,20,0,0,0,0,0,0,True
256,5,2,"[3, 2]","[[0, 1, 2], [1, 3]]",1,3,1,1,PP,"[[1, 1, 1], [1, 1]]",5,6,0.000751,20,0,0,0,0,0,0,True
256,5,2,"[3, 2]","[[0, 1, 2], [1, 3]]",1,3,1,2,PP,"[[2, 1], [1, 1]]",4,4,0.000741,20,0,0,0,0,0,0,True
256,5,2,"[3, 2]","[[0, 1, 2], [1, 3]]",1,3,1,3,PP,"[[3], [1, 1]]",3,2,0.000711,20,0,0,0,0,0,0,True
256,5,2,"[3, 2]","[[0, 1, 2], [1, 3]]",1,3,1,5,PP,"[[3], [1, 1]]",3,2,0.0007265,20,0,0,0,0,0,0,True
256,5,2,"[3, 2]","[[0, 1, 2], [1, 3]]",1,3,2,1,PP,"[[1, 1, 1], [1, 1]]",5,6,0.000756,20,0,0,0,0,0,0,True
256,5,2,"[3, 2]","[[0, 1, 2], [1, 3]]",1,3,2,2,PP,"[[2, 1], [2]]",3,2,0.0007415,20,0,0,0,0,0,0,True
256,5,2,"[3, 2]","[[0, 1, 2], [1, 3]]",1,3,2,3,PP,"[[3], [2]]",2,1,0.000726,20,0,0,0,0,0,0,True
256,5,2,"[3, 2]","[[0, 1, 2], [1, 3]]",1,3,2,5,PP,"[[3], [2]]",2,1,0.000741,20,0,0,0,0,0,0,True
256,5,2,"[3, 2]","[[0, 1, 2], [1, 3]]",1,3,3,1,PP,"[[1, 1, 1], [1, 1]]",5,6,0.000761,20,0,0,0,0,0,0,True
256,5,2,"[3, 2]","[[0, 1, 2], [1, 3]]",1,3,3,2,PP,"[[2, 1], [2]]",3,2,0.000761,20,0,0,0,0,8,8/5,True
256,5,2,"[3, 2]","[[0, 1, 2], [1, 3]]",1,3,3,3,PP,"[[3], [2]]",2,1,0.0007365,20,0,0,0,0,12,12/5,True
256,5,2,"[3, 2]","[[0, 1, 2], [1, 3]]",1,3,3,5,PP,"[[3], [2]]",2,1,0.0007515,20,0,0,0,0,16,16/5,True
257,5,2,"[3, 2]","[[0, 1, 2], [2, 2]]",1,3,0,1,PP,"[[1, 1, 1], [1, 1]]",5,6,0.000761,20,0,0,0,0,0,0,True
257,5,2,"[3, 2]","[[0, 1, 2], [2, 2]]",1,3,0,2,PP,"[[1, 1, 1], [2]]",4,3,0.0007565,20,0,0,0,0,0,0,True
257,5,2,"[3, 2]","[[0, 1, 2], [2, 2]]",1,3,0,3,PP,"[[1, 1, 1], [2]]",4,3,0.000756,20,0,0,0,0,0,0,True
257,5,2,"[3, 2]","[[0, 1, 2], [2, 2]]",1,3,0,5,PP,"[[1, 1, 1], [2]]",4,3,0.000741,20,0,0,0,0,0,0,True
257,5,2,"[3, 2]","[[0, 1, 2], [2, 2]]",1,3,1,1,PP,"[[1, 1, 1], [1, 1]]",5,6,0.0007515,20,0,0,0,0,0,0,True
257,5,2,"[3, 2]","[[0, 1, 2], [2, 2]]",1,3,1,2,PP,"[[2, 1], [2]]",3,2,0.000731,20,0,0,0,0,0,0,True
257,5,2,"[3, 2]","[[0, 1, 2], [2, 2]]",1,3,1,3,PP,"[[3], [2]]",2,1,0.000726,20,0,0,0,0,0,0,True
257,5,2,"[3, 2]","[[0, 1, 2], [2, 2]]",1,3,1,5,PP,"[[3], [2]]",2,1,0.000731,20,0,0,0,0,0,0,True
257,5,2,"[3, 2]","[[0, 1, 2], [2, 2]]",1,3,2,1,PP,"[[1, 1, 1], [1, 1]]",5,6,0.000736,20,0,0,0,0,0,0,True
257,5,2,"[3, 2]","[[0, 1, 2], [2, 2]]",1,3,2,2,PP,"[[2, 1], [2]]",3,2,0.000721,20,0,0,0,0,0,0,True
257,5,2,"[3, 2]","[[0, 1, 2], [2, 2]]",1,3,2,3,PP,"[[3], [2]]",2,1,0.000711,20,0,0,0,0,0,0,True
257,5,2,"[3, 2]","[[0, 1, 2], [2, 2]]",1,3,2,5,PP,"[[3], [2]]",2,1,0.000711,20,0,0,0,0,0,0,True
257,5,2,"[3, 2]","[[0, 1, 2], [2, 2]]",1,3,3,1,PP,"[[1, 1, 1], [1, 1]]",5,6,0.000731,20,0,0,0,0,0,0,True
257,5,2,"[3, 2]","[[0, 1, 2], [2, 2]]",1,3,3,2,PP,"[[2, 1], [2]]",3,2,0.000741,20,0,0,0,0,8,8/5,True
257,5,2,"[3, 2]","[[0, 1, 2], [2, 2]]",1,3,3,3,PP,"[[3], [2]]",2,1,0.000731,20,0,0,0,0,12,12/5,True
257,5,2,"[3, 2]","[[0, 1, 2], [2, 2]]",1,3,3,5,PP,"[[3], [2]]",2,1,0.0007215,20,0,0,0,0,16,16/5,True
258,5,2,"[3, 2]","[[0, 1, 2], [2, 3]]",1,3,0,1,PP,"[[1, 1, 1], [1, 1]]",5,6,0.000741,20,0,0,0,0,0,0,True
258,5,2,"[3, 2]","[[0, 1, 2], [2, 3]]",1,3,0,2,PP,"[[1, 1, 1], [1, 1]]",5,6,0.0007315,20,0,0,0,0,0,0,True
258,5,2,"[3, 2]","[[0, 1, 2], [2, 3]]",1,3,0,3,PP,"[[1, 1, 1], [1, 1]]",5,6,0.000721,20,0,0,0,0,0,0,True
258,5,2,"[3, 2]","[[0, 1, 2], [2, 3]]",1,3,0,5,PP,"[[1, 1, 1], [1, 1]]",5,6,0.000711,20,0,0,0,0,0,0,True
258,5,2,"[3, 2]","[[0, 1, 2], [2, 3]]",1,3,1,1,PP,"[[1, 1, 1], [1, 1]]",5,6,0.000736,20,0,0,0,0,0,0,True
258,5,2,"[3, 2]","[[0, 1, 2], [2, 3]]",1,3,1,2,PP,"[[2, 1], [2]]",3,2,0.000751,20,0,0,0,0,0,0,True
258,5,2,"[3, 2]","[[0, 1, 2], [2, 3]]",1,3,1,3,PP,"[[3], [2]]",2,1,0.000721,20,0,0,0,0,0,0,True
258,5,2,"[3, 2]","[[0, 1, 2], [2, 3]]",1,3,1,5,PP,"[[3], [2]]",2,1,0.000721,20,0,0,0,0,0,0,True
258,5,2,"[3, 2]","[[0, 1, 2], [2, 3]]",1,3,2,1,PP,"[[1, 1, 1], [1, 1]]",5,6,0.000751,20,0,0,0,0,0,0,True
258,5,2,"[3, 2]","[[0, 1, 2], [2, 3]]",1,3,2,2,PP,"[[2, 1], [2]]",3,2,0.000726,20,0,0,0,0,0,0,True
258,5,2,"[3, 2]","[[0, 1, 2], [2, 3]]",1,3,2,3,PP,"[[3], [2]]",2,1,0.000721,20,0,0,0,0,0,0,True
258,5,2,"[3, 2]","[[0, 1, 2], [2, 3]]",1,3,2,5,PP,"[[3], [2]]",2,1,0.000711,20,0,0,0,0,0,0,True
258,5,2,"[3, 2]","[[0, 1, 2], [2, 3]]",1,3,3,1,PP,"[[1, 1, 1], [1, 1]]",5,6,0.000726,20,0,0,0,0,0,0,True
258,5,2,"[3, 2]","[[0, 1, 2], [2, 3]]",1,3,3,2,PP,"[[2, 1], [2]]",3,2,0.000721,20,0,0,0,0,8,8/5,True
258,5,2,"[3, 2]","[[0, 1, 2], [2, 3]]",1,3,3,3,PP,"[[3], [2]]",2,1,0.000716,20,0,0,0,0,12,12/5,True
258,5,2,"[3, 2]","[[0, 1, 2], [2, 3]]",1,3,3,5,PP,"[[3], [2]]",2,1,0.000741,20,0,0,0,0,16,16/5,True
259,5,2,"[3, 2]","[[0, 1, 2], [3, 3]]",1,3,0,1,PP,"[[1, 1, 1], [1, 1]]",5,6,0.000751,20,0,0,0,0,0,0,True
259,5,2,"[3, 2]","[[0, 1, 2], [3, 3]]",1,3,0,2,PP,"[[1, 1, 1], [2]]",4,3,0.000721,20,0,0,0,0,0,0,True
259,5,2,"[3, 2]","[[0, 1, 2], [3, 3]]",1,3,0,3,PP,"[[1, 1, 1], [2]]",4,3,0.000711,20,0,0,0,0,0,0,True
259,5,2,"[3, 2]","[[0, 1, 2], [3, 3]]",1,3,0,5,PP,"[[1, 1, 1], [2]]",4,3,0.000721,20,0,0,0,0,0,0,True
259,5,2,"[3, 2]","[[0, 1, 2], [3, 3]]",1,3,1,1,PP,"[[1, 1, 1], [1, 1]]",5,6,0.000721,20,0,0,0,0,0,0,True
259,5,2,"[3, 2]","[[0, 1, 2], [3, 3]]",1,3,1,2,PP,"[[2, 1], [2]]",3,2,0.000731,20,0,0,0,0,0,0,True
259,5,2,"[3, 2]","[[0, 1, 2], [3, 3]]",1,3,1,3,PP,"[[3], [2]]",2,1,0.000716,20,0,0,0,0,0,0,True
259,5,2,"[3, 2]","[[0, 1, 2], [3, 3]]",1,3,1,5,PP,"[[3], [2]]",2,1,0.000722,20,0,0,0,0,0,0,True
259,5,2,"[3, 2]","[[0, 1, 2], [3, 3]]",1,3,2,1,PP,"[[1, 1, 1], [1, 1]]",5,6,0.000716,20,0,0,0,0,0,0,True
259,5,2,"[3, 2]","[[0, 1, 2], [3, 3]]",1,3,2,2,PP,"[[2, 1], [2]]",3,2,0.0007315,20,0,0,0,0,0,0,True
259,5,2,"[3, 2]","[[0, 1, 2], [3, 3]]",1,3,2,3,PP,"[[3], [2]]",2,1,0.0007165,20,0,0,0,0,0,0,True
259,5,2,"[3, 2]","[[0, 1, 2], [3, 3]]",1,3,2,5,PP,"[[3], [2]]",2,1,0.000726,20,0,0,0,0,0,0,True
259,5,2,"[3, 2]","[[0, 1, 2], [3, 3]]",1,3,3,1,PP,"[[1, 1, 1], [1, 1]]",5,6,0.000721,20,0,0,0,0,0,0,True
259,5,2,"[3, 2]","[[0, 1, 2], [3, 3]]",1,3,3,2,PP,"[[2, 1], [2]]",3,2,0.0007365,20,0,0,0,0,8,8/5,True
259,5,2,"[3, 2]","[[0, 1, 2], [3, 3]]",1,3,3,3,PP,"[[3], [2]]",2,1,0.000731,20,0,0,0,0,12,12/5,True
259,5,2,"[3, 2]","[[0, 1, 2], [3, 3]]",1,3,3,5,PP,"[[3], [2]]",2,1,0.000711,20,0,0,0,0,16,16/5,True
260,5,2,"[3, 2]","[[0, 1, 3], [0, 0]]",1,3,0,1,PP,"[[1, 1, 1], [1, 1]]",5,6,0.0007515,20,0,0,0,0,0,0,True
260,5,2,"[3, 2]","[[0, 1, 3], [0, 0]]",1,3,0,2,PP,"[[1, 1, 1], [2]]",4,3,0.000721,20,0,0,0,0,0,0,True
260,5,2,"[3, 2]","[[0, 1, 3], [0, 0]]",1,3,0,3,PP,"[[1, 1, 1], [2]]",4,3,0.000731,20,0,0,0,0,0,0,True
260,5,2,"[3, 2]","[[0, 1, 3], [0, 0]]",1,3,0,5,PP,"[[1, 1, 1], [2]]",4,3,0.000731,20,0,0,0,0,0,0,True
260,5,2,"[3, 2]","[[0, 1, 3], [0, 0]]",1,3,1,1,PP,"[[1, 1, 1], [1, 1]]",5,6,0.0007415,20,0,0,0,0,0,0,True
260,5,2,"[3, 2]","[[0, 1, 3], [0, 0]]",1,3,1,2,PP,"[[2, 1], [2]]",3,2,0.000731,20,0,0,0,0,0,0,True
260,5,2,"[3, 2]","[[0, 1, 3], [0, 0]]",1,3,1,3,PP,"[[2, 1], [2]]",3,2,0.000721,20,0,0,0,0,0,0,True
260,5,2,"[3, 2]","[[0, 1, 3], [0, 0]]",1,3,1,5,PP,"[[2, 1], [2]]",3,2,0.000731,20,0,0,0,0,0,0,True
260,5,2,"[3, 2]","[[0, 1, 3], [0, 0]]",1,3,2,1,PP,"[[1, 1, 1], [1, 1]]",5,6,0.000736,20,0,0,0,0,0,0,True
260,5,2,"[3, 2]","[[0, 1, 3], [0, 0]]",1,3,2,2,PP,"[[2, 1], [2]]",3,2,0.000731,20,0,0,0,0,0,0,True
260,5,2,"[3, 2]","[[0, 1, 3], [0, 0]]",1,3,2,3,PP,"[[3], [2]]",2,1,0.000731,20,0,0,0,0,0,0,True
260,5,2,"[3, 2]","[[0, 1, 3], [0, 0]]",1,3,2,5,PP,"[[3], [2]]",2,1,0.000701,20,0,0,0,0,0,0,True
260,5,2,"[3, 2]","[[0, 1, 3], [0, 0]]",1,3,3,1,PP,"[[1, 1, 1], [1, 1]]",5,6,0.000746,20,0,0,0,0,0,0,True
260,5,2,"[3, 2]","[[0, 1, 3], [0, 0]]",1,3,3,2,PP,"[[2, 1], [2]]",3,2,0.000731,20,0,0,0,0,8,8/5,True
260,5,2,"[3, 2]","[[0, 1, 3], [0, 0]]",1,3,3,3,PP,"[[3], [2]]",2,1,0.000736,20,0,0,0,0,12,12/5,True
260,5,2,"[3, 2]","[[0, 1, 3], [0, 0]]",1,3,3,5,PP,"[[3], [2]]",2,1,0.000716,20,0,0,0,0,16,16/5,True
261,5,2,"[3, 2]","[[0, 1, 3], [0, 1]]",1,3,0,1,PP,"[[1, 1, 1], [1, 1]]",5,6,0.000736,20,0,0,0,0,0,0,True
261,5,2,"[3, 2]","[[0, 1, 3], [0, 1]]",1,3,0,2,PP,"[[1, 1, 1], [1, 1]]",5,6,0.000711,20,0,0,0,0,0,0,True
261,5,2,"[3, 2]","[[0, 1, 3], [0, 1]]",1,3,0,3,PP,"[[1, 1, 1], [1, 1]]",5,6,0.000721,20,0,0,0,0,0,0,True
261,5,2,"[3, 2]","[[0, 1, 3], [0, 1]]",1,3,0,5,PP,"[[1, 1, 1], [1, 1]]",5,6,0.000711,20,0,0,0,0,0,0,True
261,5,2,"[3, 2]","[[0, 1, 3], [0, 1]]",1,3,1,1,PP,"[[1, 1, 1], [1, 1]]",5,6,0.0007215,20,0,0,0,0,0,0,True
261,5,2,"[3, 2]","[[0, 1, 3], [0, 1]]",1,3,1,2,PP,"[[2, 1], [2]]",3,2,0.000711,20,0,0,0,0,0,0,True
261,5,2,"[3, 2]","[[0, 1, 3], [0, 1]]",1,3,1,3,PP,"[[2, 1], [2]]",3,2,0.000711,20,0,0,0,0,0,0,True
261,5,2,"[3, 2]","[[0, 1, 3], [0, 1]]",1,3,1,5,PP,"[[2, 1], [2]]",3,2,0.000731,20,0,0,0,0,0,0,True
261,5,2,"[3, 2]","[[0, 1, 3], [0, 1]]",1,3,2,1,PP,"[[1, 1, 1], [1, 1]]",5,6,0.000736,20,0,0,0,0,0,0,True
261,5,2,"[3, 2]","[[0, 1, 3], [0, 1]]",1,3,2,2,PP,"[[2, 1], [2]]",3,2,0.000721,20,0,0,0,0,0,0,True
261,5,2,"[3, 2]","[[0, 1, 3], [0, 1]]",1,3,2,3,PP,"[[3], [2]]",2,1,0.000716,20,0,0,0,0,0,0,True
261,5,2,"[3, 2]","[[0, 1, 3], [0, 1]]",1,3,2,5,PP,"[[3], [2]]",2,1,0.000731,20,0,0,0,0,0,0,True
261,5,2,"[3, 2]","[[0, 1, 3], [0, 1]]",1,3,3,1,PP,"[[1, 1, 1], [1, 1]]",5,6,0.000746,20,0,0,0,0,0,0,True
261,5,2,"[3, 2]","[[0, 1, 3], [0, 1]]",1,3,3,2,PP,"[[2, 1], [2]]",3,2,0.000716,20,0,0,0,0,8,8/5,True
261,5,2,"[3, 2]","[[0, 1, 3], [0, 1]]",1,3,3,3,PP,"[[3], [2]]",2,1,0.000721,20,0,0,0,0,12,12/5,True
261,5,2,"[3, 2]","[[0, 1, 3], [0, 1]]",1,3,3,5,PP,"[[3], [2]]",2,1,0.0007165,20,0,0,0,0,16,16/5,True
262,5,2,"[3, 2]","[[0, 1, 3], [0, 2]]",1,3,0,1,PP,"[[1, 1, 1], [1, 1]]",5,6,0.000721,20,0,0,0,0,0,0,True
262,5,2,"[3, 2]","[[0, 1, 3], [0, 2]]",1,3,0,2,PP,"[[1, 1, 1], [1, 1]]",5,6,0.000731,20,0,0,0,0,0,0,True
262,5,2,"[3, 2]","[[0, 1, 3], [0, 2]]",1,3,0,3,PP,"[[1, 1, 1], [1, 1]]",5,6,0.000721,20,0,0,0,0,0,0,True
262,5,2,"[3, 2]","[[0, 1, 3], [0, 2]]",1,3,0,5,PP,"[[1, 1, 1], [1, 1]]",5,6,0.000711,20,0,0,0,0,0,0,True
262,5,2,"[3, 2]","[[0, 1, 3], [0, 2]]",1,3,1,1,PP,"[[1, 1, 1], [1, 1]]",5,6,0.000761,20,0,0,0,0,0,0,True
262,5,2,"[3, 2]","[[0, 1, 3], [0, 2]]",1,3,1,2,PP,"[[2, 1], [1, 1]]",4,4,0.000741,20,0,0,0,0,0,0,True
262,5,2,"[3, 2]","[[0, 1, 3], [0, 2]]",1,3,1,3,PP,"[[2, 1], [1, 1]]",4,4,0.000741,20,0,0,0,0,0,0,True
262,5,2,"[3, 2]","[[0, 1, 3], [0, 2]]",1,3,1,5,PP,"[[2, 1], [1, 1]]",4,4,0.000721,20,0,0,0,0,0,0,True
262,5,2,"[3, 2]","[[0, 1, 3], [0, 2]]",1,3,2,1,PP,"[[1, 1, 1], [1, 1]]",5,6,0.000751,20,0,0,0,0,0,0,True
262,5,2,"[3, 2]","[[0, 1, 3], [0, 2]]",1,3,2,2,PP,"[[2, 1], [2]]",3,2,0.000731,20,0,0,0,0,0,0,True
262,5,2,"[3, 2]","[[0, 1, 3], [0, 2]]",1,3,2,3,PP,"[[3], [2]]",2,1,0.000721,20,0,0,0,0,0,0,True
262,5,2,"[3, 2]","[[0, 1, 3], [0, 2]]",1,3,2,5,PP,"[[3], [2]]",2,1,0.000711,20,0,0,0,0,0,0,True
262,5,2,"[3, 2]","[[0, 1, 3], [0, 2]]",1,3,3,1,PP,"[[1, 1, 1], [1, 1]]",5,6,0.000721,20,0,0,0,0,0,0,True
262,5,2,"[3, 2]","[[0, 1, 3], [0, 2]]",1,3,3,2,PP,"[[2, 1], [2]]",3,2,0.0007215,20,0,0,0,0,8,8/5,True
262,5,2,"[3, 2]","[[0, 1, 3], [0, 2]]",1,3,3,3,PP,"[[3], [2]]",2,1,0.000706,20,0,0,0,0,12,12/5,True
262,5,2,"[3, 2]","[[0, 1, 3], [0, 2]]",1,3,3,5,PP,"[[3], [2]]",2,1,0.000721,20,0,0,0,0,16,16/5,True
263,5,2,"[3, 2]","[[0, 1, 3], [0, 3]]",1,3,0,1,PP,"[[1, 1, 1], [1, 1]]",5,6,0.000716,20,0,0,0,0,0,0,True
263,5,2,"[3, 2]","[[0, 1, 3], [0, 3]]",1,3,0,2,PP,"[[1, 1, 1], [1, 1]]",5,6,0.000706,20,0,0,0,0,0,0,True
263,5,2,"[3, 2]","[[0, 1, 3], [0, 3]]",1,3,0,3,PP,"[[1, 1, 1], [1, 1]]",5,6,0.000701,20,0,0,0,0,0,0,True
263,5,2,"[3, 2]","[[0, 1, 3], [0, 3]]",1,3,0,5,PP,"[[1, 1, 1], [1, 1]]",5,6,0.0007115,20,0,0,0,0,0,0,True
263,5,2,"[3, 2]","[[0, 1, 3], [0, 3]]",1,3,1,1,PP,"[[1, 1, 1], [1, 1]]",5,6,0.000721,20,0,0,0,0,0,0,True
263,5,2,"[3, 2]","[[0, 1, 3], [0, 3]]",1,3,1,2,PP,"[[2, 1], [1, 1]]",4,4,0.000721,20,0,0,0,0,0,0,True
263,5,2,"[3, 2]","[[0, 1, 3], [0, 3]]",1,3,1,3,PP,"[[2, 1], [1, 1]]",4,4,0.0006965,20,0,0,0,0,0,0,True
263,5,2,"[3, 2]","[[0, 1, 3], [0, 3]]",1,3,1,5,PP,"[[2, 1], [1, 1]]",4,4,0.000711,20,0,0,0,0,0,0,True
263,5,2,"[3, 2]","[[0, 1, 3], [0, 3]]",1,3,2,1,PP,"[[1, 1, 1], [1, 1]]",5,6,0.000716,20,0,0,0,0,0,0,True
263,5,2,"[3, 2]","[[0, 1, 3], [0, 3]]",1,3,2,2,PP,"[[2, 1], [1, 1]]",4,4,0.000746,20,0,0,0,0,0,0,True
263,5,2,"[3, 2]","[[0, 1, 3], [0, 3]]",1,3,2,3,PP,"[[3], [1, 1]]",3,2,0.0007115,20,0,0,0,0,0,0,True
263,5,2,"[3, 2]","[[0, 1, 3], [0, 3]]",1,3,2,5,PP,"[[3], [1, 1]]",3,2,0.000721,20,0,0,0,0,0,0,True
263,5,2,"[3, 2]","[[0, 1, 3], [0, 3]]",1,3,3,1,PP,"[[1, 1, 1], [1, 1]]",5,6,0.0007515,20,0,0,0,0,0,0,True
263,5,2,"[3, 2]","[[0, 1, 3], [0, 3]]",1,3,3,2,PP,"[[2, 1], [2]]",3,2,0.000736,20,0,0,4,4/5,8,8/5,True
263,5,2,"[3, 2]","[[0, 1, 3], [0, 3]]",1,3,3,3,PP,"[[3], [2]]",2,1,0.000721,20,0,0,4,4/5,12,12/5,True
263,5,2,"[3, 2]","[[0, 1, 3], [0, 3]]",1,3,3,5,PP,"[[3], [2]]",2,1,0.0007165,20,0,0,4,4/5,16,16/5,True
264,5,2,"[3, 2]","[[0, 1, 3], [1, 1]]",1,3,0,1,PP,"[[1, 1, 1], [1, 1]]",5,6,0.000731,20,0,0,0,0,0,0,True
264,5,2,"[3, 2]","[[0, 1, 3], [1, 1]]",1,3,0,2,PP,"[[1, 1, 1], [2]]",4,3,0.000781,20,0,0,0,0,0,0,True
264,5,2,"[3, 2]","[[0, 1, 3], [1, 1]]",1,3,0,3,PP,"[[1, 1, 1], [2]]",4,3,0.000721,20,0,0,0,0,0,0,True
264,5,2,"[3, 2]","[[0, 1, 3], [1, 1]]",1,3,0,5,PP,"[[1, 1, 1], [2]]",4,3,0.000711,20,0,0,0,0,0,0,True
264,5,2,"[3, 2]","[[0, 1, 3], [1, 1]]",1,3,1,1,PP,"[[1, 1, 1], [1, 1]]",5,6,0.0007265,20,0,0,0,0,0,0,True
264,5,2,"[3, 2]","[[0, 1, 3], [1, 1]]",1,3,1,2,PP,"[[2, 1], [2]]",3,2,0.000726,20,0,0,0,0,0,0,True
264,5,2,"[3, 2]","[[0, 1, 3], [1, 1]]",1,3,1,3,PP,"[[2, 1], [2]]",3,2,0.000731,20,0,0,0,0,0,0,True
264,5,2,"[3, 2]","[[0, 1, 3], [1, 1]]",1,3,1,5,PP,"[[2, 1], [2]]",3,2,0.000706,20,0,0,0,0,0,0,True
264,5,2,"[3, 2]","[[0, 1, 3], [1, 1]]",1,3,2,1,PP,"[[1, 1, 1], [1, 1]]",5,6,0.000711,20,0,0,0,0,0,0,True
264,5,2,"[3, 2]","[[0, 1, 3], [1, 1]]",1,3,2,2,PP,"[[2, 1], [2]]",3,2,0.000721,20,0,0,0,0,0,0,True
264,5,2,"[3, 2]","[[0, 1, 3], [1, 1]]",1,3,2,3,PP,"[[3], [2]]",2,1,0.0007065,20,0,0,0,0,0,0,True
264,5,2,"[3, 2]","[[0, 1, 3], [1, 1]]",1,3,2,5,PP,"[[3], [2]]",2,1,0.000716,20,0,0,0,0,0,0,True
264,5,2,"[3, 2]","[[0, 1, 3], [1, 1]]",1,3,3,1,PP,"[[1, 1, 1], [1, 1]]",5,6,0.000731,20,0,0,0,0,0,0,True
264,5,2,"[3, 2]","[[0, 1, 3], [1, 1]]",1,3,3,2,PP,"[[2, 1], [2]]",3,2,0.000726,20,0,0,0,0,8,8/5,True
264,5,2,"[3, 2]","[[0, 1, 3], [1, 1]]",1,3,3,3,PP,"[[3], [2]]",2,1,0.0007215,20,0,0,0,0,12,12/5,True
264,5,2,"[3, 2]","[[0, 1, 3], [1, 1]]",1,3,3,5,PP,"[[3], [2]]",2,1,0.000721,20,0,0,0,0,16,16/5,True
265,5,2,"[3, 2]","[[0, 1, 3], [1, 2]]",1,3,0,1,PP,"[[1, 1, 1], [1, 1]]",5,6,0.000736,20,0,0,0,0,0,0,True
265,5,2,"[3, 2]","[[0, 1, 3], [1, 2]]",1,3,0,2,PP,"[[1, 1, 1], [1, 1]]",5,6,0.000711,20,0,0,0,0,0,0,True
265,5,2,"[3, 2]","[[0, 1, 3], [1, 2]]",1,3,0,3,PP,"[[1, 1, 1], [1, 1]]",5,6,0.000706,20,0,0,0,0,0,0,True
265,5,2,"[3, 2]","[[0, 1, 3], [1, 2]]",1,3,0,5,PP,"[[1, 1, 1], [1, 1]]",5,6,0.000706,20,0,0,0,0,0,0,True
265,5,2,"[3, 2]","[[0, 1, 3], [1, 2]]",1,3,1,1,PP,"[[1, 1, 1], [1, 1]]",5,6,0.000726,20,0,0,0,0,0,0,True
265,5,2,"[3, 2]","[[0, 1, 3], [1, 2]]",1,3,1,2,PP,"[[2, 1], [2]]",3,2,0.000751,20,0,0,0,0,0,0,True
265,5,2,"[3, 2]","[[0, 1, 3], [1, 2]]",1,3,1,3,PP,"[[2, 1], [2]]",3,2,0.000736,20,0,0,0,0,0,0,True
265,5,2,"[3, 2]","[[0, 1, 3], [1, 2]]",1,3,1,5,PP,"[[2, 1], [2]]",3,2,0.0007315,20,0,0,0,0,0,0,True
265,5,2,"[3, 2]","[[0, 1, 3], [1, 2]]",1,3,2,1,PP,"[[1, 1, 1], [1, 1]]",5,6,0.000751,20,0,0,0,0,0,0,True
265,5,2,"[3, 2]","[[0, 1, 3], [1, 2]]",1,3,2,2,PP,"[[2, 1], [2]]",3,2,0.000741,20,0,0,0,0,0,0,True
265,5,2,"[3, 2]","[[0, 1, 3], [1, 2]]",1,3,2,3,PP,"[[3], [2]]",2,1,0.000711,20,0,0,0,0,0,0,True
265,5,2,"[3, 2]","[[0, 1, 3], [1, 2]]",1,3,2,5,PP,"[[3], [2]]",2,1,0.000721,20,0,0,0,0,0,0,True
265,5,2,"[3, 2]","[[0, 1, 3], [1, 2]]",1,3,3,1,PP,"[[1, 1, 1], [1, 1]]",5,6,0.000747,20,0,0,0,0,0,0,True
265,5,2,"[3, 2]","[[0, 1, 3], [1, 2]]",1,3,3,2,PP,"[[2, 1], [2]]",3,2,0.000731,20,0,0,0,0,8,8/5,True
265,5,2,"[3, 2]","[[0, 1, 3], [1, 2]]",1,3,3,3,PP,"[[3], [2]]",2,1,0.000746,20,0,0,0,0,12,12/5,True
265,5,2,"[3, 2]","[[0, 1, 3], [1, 2]]",1,3,3,5,PP,"[[3], [2]]",2,1,0.000742,20,0,0,0,0,16,16/5,True
266,5,2,"[3, 2]","[[0, 1, 3], [1, 3]]",1,3,0,1,PP,"[[1, 1, 1], [1, 1]]",5,6,0.000731,20,0,0,0,0,0,0,True
266,5,2,"[3, 2]","[[0, 1, 3], [1, 3]]",1,3,0,2,PP,"[[1, 1, 1], [1, 1]]",5,6,0.000731,20,0,0,0,0,0,0,True
266,5,2,"[3, 2]","[[0, 1, 3], [1, 3]]",1,3,0,3,PP,"[[1, 1, 1], [1, 1]]",5,6,0.000721,20,0,0,0,0,0,0,True
266,5,2,"[3, 2]","[[0, 1, 3], [1, 3]]",1,3,0,5,PP,"[[1, 1, 1], [1, 1]]",5,6,0.0007115,20,0,0,0,0,0,0,True
266,5,2,"[3, 2]","[[0, 1, 3], [1, 3]]",1,3,1,1,PP,"[[1, 1, 1], [1, 1]]",5,6,0.000721,20,0,0,0,0,0,0,True
266,5,2,"[3, 2]","[[0, 1, 3], [1, 3]]",1,3,1,2,PP,"[[2, 1], [1, 1]]",4,4,0.000731,20,0,0,0,0,0,0,True
266,5,2,"[3, 2]","[[0, 1, 3], [1, 3]]",1,3,1,3,PP,"[[2, 1], [1, 1]]",4,4,0.000726,20,0,0,0,0,0,0,True
266,5,2,"[3, 2]","[[0, 1, 3], [1, 3]]",1,3,1,5,PP,"[[2, 1], [1, 1]]",4,4,0.0007265,20,0,0,0,0,0,0,True
266,5,2,"[3, 2]","[[0, 1, 3], [1, 3]]",1,3,2,1,PP,"[[1, 1, 1], [1, 1]]",5,6,0.000756,20,0,0,0,0,0,0,True
266,5,2,"[3, 2]","[[0, 1, 3], [1, 3]]",1,3,2,2,PP,"[[2, 1], [2]]",3,2,0.0007215,20,0,0,0,0,0,0,True
266,5,2,"[3, 2]","[[0, 1, 3], [1, 3]]",1,3,2,3,PP,"[[3], [2]]",2,1,0.0007215,20,0,0,0,0,0,0,True
266,5,2,"[3, 2]","[[0, 1, 3], [1, 3]]",1,3,2,5,PP,"[[3], [2]]",2,1,0.0007015,20,0,0,0,0,0,0,True
266,5,2,"[3, 2]","[[0, 1, 3], [1, 3]]",1,3,3,1,PP,"[[1, 1, 1], [1, 1]]",5,6,0.000711,20,0,0,0,0,0,0,True
266,5,2,"[3, 2]","[[0, 1, 3], [1, 3]]",1,3,3,2,PP,"[[2, 1], [2]]",3,2,0.000711,20,0,0,0,0,8,8/5,True
266,5,2,"[3, 2]","[[0, 1, 3], [1, 3]]",1,3,3,3,PP,"[[3], [2]]",2,1,0.000716,20,0,0,0,0,12,12/5,True
266,5,2,"[3, 2]","[[0, 1, 3], [1, 3]]",1,3,3,5,PP,"[[3], [2]]",2,1,0.000721,20,0,0,0,0,16,16/5,True
267,5,2,"[3, 2]","[[0, 1, 3], [2, 2]]",1,3,0,1,PP,"[[1, 1, 1], [1, 1]]",5,6,0.000751,20,0,0,0,0,0,0,True
267,5,2,"[3, 2]","[[0, 1, 3], [2, 2]]",1,3,0,2,PP,"[[1, 1, 1], [2]]",4,3,0.000711,20,0,0,0,0,0,0,True
267,5,2,"[3, 2]","[[0, 1, 3], [2, 2]]",1,3,0,3,PP,"[[1, 1, 1], [2]]",4,3,0.000716,20,0,0,0,0,0,0,True
267,5,2,"[3, 2]","[[0, 1, 3], [2, 2]]",1,3,0,5,PP,"[[1, 1, 1], [2]]",4,3,0.000731,20,0,0,0,0,0,0,True
267,5,2,"[3, 2]","[[0, 1, 3], [2, 2]]",1,3,1,1,PP,"[[1, 1, 1], [1, 1]]",5,6,0.000731,20,0,0,0,0,0,0,True
267,5,2,"[3, 2]","[[0, 1, 3], [2, 2]]",1,3,1,2,PP,"[[2, 1], [2]]",3,2,0.000711,20,0,0,0,0,0,0,True
267,5,2,"[3, 2]","[[0, 1, 3], [2, 2]]",1,3,1,3,PP,"[[2, 1], [2]]",3,2,0.000786,20,0,0,0,0,0,0,True
267,5,2,"[3, 2]","[[0, 1, 3], [2, 2]]",1,3,1,5,PP,"[[2, 1], [2]]",3,2,0.000721,20,0,0,0,0,0,0,True
267,5,2,"[3, 2]","[[0, 1, 3], [2, 2]]",1,3,2,1,PP,"[[1, 1, 1], [1, 1]]",5,6,0.000741,20,0,0,0,0,0,0,True
267,5,2,"[3, 2]","[[0, 1, 3], [2, 2]]",1,3,2,2,PP,"[[2, 1], [2]]",3,2,0.000731,20,0,0,0,0,0,0,True
267,5,2,"[3, 2]","[[0, 1, 3], [2, 2]]",1,3,2,3,PP,"[[3], [2]]",2,1,0.000706,20,0,0,0,0,0,0,True
267,5,2,"[3, 2]","[[0, 1, 3], [2, 2]]",1,3,2,5,PP,"[[3], [2]]",2,1,0.000721,20,0,0,0,0,0,0,True
267,5,2,"[3, 2]","[[0, 1, 3], [2, 2]]",1,3,3,1,PP,"[[1, 1, 1], [1, 1]]",5,6,0.0007215,20,0,0,0,0,0,0,True
267,5,2,"[3, 2]","[[0, 1, 3], [2, 2]]",1,3,3,2,PP,"[[2, 1], [2]]",3,2,0.000731,20,0,0,0,0,8,8/5,True
267,5,2,"[3, 2]","[[0, 1, 3], [2, 2]]",1,3,3,3,PP,"[[3], [2]]",2,1,0.000731,20,0,0,0,0,12,12/5,True
267,5,2,"[3, 2]","[[0, 1, 3], [2, 2]]",1,3,3,5,PP,"[[3], [2]]",2,1,0.000746,20,0,0,0,0,16,16/5,True
268,5,2,"[3, 2]","[[0, 1, 3], [2, 3]]",1,3,0,1,PP,"[[1, 1, 1], [1, 1]]",5,6,0.000706,20,0,0,0,0,0,0,True
268,5,2,"[3, 2]","[[0, 1, 3], [2, 3]]",1,3,0,2,PP,"[[1, 1, 1], [1, 1]]",5,6,0.000711,20,0,0,0,0,0,0,True
268,5,2,"[3, 2]","[[0, 1, 3], [2, 3]]",1,3,0,3,PP,"[[1, 1, 1], [1, 1]]",5,6,0.000721,20,0,0,0,0,0,0,True
268,5,2,"[3, 2]","[[0, 1, 3], [2, 3]]",1,3,0,5,PP,"[[1, 1, 1], [1, 1]]",5,6,0.000701,20,0,0,0,0,0,0,True
268,5,2,"[3, 2]","[[0, 1, 3], [2, 3]]",1,3,1,1,PP,"[[1, 1, 1], [1, 1]]",5,6,0.000761,20,0,0,0,0,0,0,True
268,5,2,"[3, 2]","[[0, 1, 3], [2, 3]]",1,3,1,2,PP,"[[2, 1], [2]]",3,2,0.000726,20,0,0,0,0,0,0,True
268,5,2,"[3, 2]","[[0, 1, 3], [2, 3]]",1,3,1,3,PP,"[[2, 1], [2]]",3,2,0.000731,20,0,0,0,0,0,0,True
268,5,2,"[3, 2]","[[0, 1, 3], [2, 3]]",1,3,1,5,PP,"[[2, 1], [2]]",3,2,0.000731,20,0,0,0,0,0,0,True
268,5,2,"[3, 2]","[[0, 1, 3], [2, 3]]",1,3,2,1,PP,"[[1, 1, 1], [1, 1]]",5,6,0.000791,20,0,0,0,0,0,0,True
268,5,2,"[3, 2]","[[0, 1, 3], [2, 3]]",1,3,2,2,PP,"[[2, 1], [2]]",3,2,0.000736,20,0,0,0,0,0,0,True
268,5,2,"[3, 2]","[[0, 1, 3], [2, 3]]",1,3,2,3,PP,"[[3], [2]]",2,1,0.000711,20,0,0,0,0,0,0,True
268,5,2,"[3, 2]","[[0, 1, 3], [2, 3]]",1,3,2,5,PP,"[[3], [2]]",2,1,0.000721,20,0,0,0,0,0,0,True
268,5,2,"[3, 2]","[[0, 1, 3], [2, 3]]",1,3,3,1,PP,"[[1, 1, 1], [1, 1]]",5,6,0.000706,20,0,0,0,0,0,0,True
268,5,2,"[3, 2]","[[0, 1, 3], [2, 3]]",1,3,3,2,PP,"[[2, 1], [2]]",3,2,0.000751,20,0,0,0,0,8,8/5,True
268,5,2,"[3, 2]","[[0, 1, 3], [2, 3]]",1,3,3,3,PP,"[[3], [2]]",2,1,0.0007115,20,0,0,0,0,12,12/5,True
268,5,2,"[3, 2]","[[0, 1, 3], [2, 3]]",1,3,3,5,PP,"[[3], [2]]",2,1,0.000721,20,0,0,0,0,16,16/5,True
269,5,2,"[3, 2]","[[0, 1, 3], [3, 3]]",1,3,0,1,PP,"[[1, 1, 1], [1, 1]]",5,6,0.0007215,20,0,0,0,0,0,0,True
269,5,2,"[3, 2]","[[0, 1, 3], [3, 3]]",1,3,0,2,PP,"[[1, 1, 1], [2]]",4,3,0.000731,20,0,0,0,0,0,0,True
269,5,2,"[3, 2]","[[0, 1, 3], [3, 3]]",1,3,0,3,PP,"[[1, 1, 1], [2]]",4,3,0.000721,20,0,0,0,0,0,0,True
269,5,2,"[3, 2]","[[0, 1, 3], [3, 3]]",1,3,0,5,PP,"[[1, 1, 1], [2]]",4,3,0.0007315,20,0,0,0,0,0,0,True
269,5,2,"[3, 2]","[[0, 1, 3], [3, 3]]",1,3,1,1,PP,"[[1, 1, 1], [1, 1]]",5,6,0.0007415,20,0,0,0,0,0,0,True
269,5,2,"[3, 2]","[[0, 1, 3], [3, 3]]",1,3,1,2,PP,"[[2, 1], [2]]",3,2,0.000706,20,0,0,0,0,0,0,True
269,5,2,"[3, 2]","[[0, 1, 3], [3, 3]]",1,3,1,3,PP,"[[2, 1], [2]]",3,2,0.000741,20,0,0,0,0,0,0,True
269,5,2,"[3, 2]","[[0, 1, 3], [3, 3]]",1,3,1,5,PP,"[[2, 1], [2]]",3,2,0.0007365,20,0,0,0,0,0,0,True
269,5,2,"[3, 2]","[[0, 1, 3], [3, 3]]",1,3,2,1,PP,"[[1, 1, 1], [1, 1]]",5,6,0.000746,20,0,0,0,0,0,0,True
269,5,2,"[3, 2]","[[0, 1, 3], [3, 3]]",1,3,2,2,PP,"[[2, 1], [2]]",3,2,0.000746,20,0,0,0,0,0,0,True
269,5,2,"[3, 2]","[[0, 1, 3], [3, 3]]",1,3,2,3,PP,"[[3], [2]]",2,1,0.000701,20,0,0,0,0,0,0,True
269,5,2,"[3, 2]","[[0, 1, 3], [3, 3]]",1,3,2,5,PP,"[[3], [2]]",2,1,0.000721,20,0,0,0,0,0,0,True
269,5,2,"[3, 2]","[[0, 1, 3], [3, 3]]",1,3,3,1,PP,"[[1, 1, 1], [1, 1]]",5,6,0.000751,20,0,0,0,0,0,0,True
269,5,2,"[3, 2]","[[0, 1, 3], [3, 3]]",1,3,3,2,PP,"[[2, 1], [2]]",3,2,0.000736,20,0,0,0,0,8,8/5,True
269,5,2,"[3, 2]","[[0, 1, 3], [3, 3]]",1,3,3,3,PP,"[[3], [2]]",2,1,0.000721,20,0,0,0,0,12,12/5,True
269,5,2,"[3, 2]","[[0, 1, 3], [3, 3]]",1,3,3,5,PP,"[[3], [2]]",2,1,0.000731,20,0,0,0,0,16,16/5,True
270,5,2,"[3, 2]","[[0, 2, 2], [0, 0]]",1,3,0,1,PP,"[[1, 1, 1], [1, 1]]",5,6,0.000726,20,0,0,0,0,0,0,True
270,5,2,"[3, 2]","[[0, 2, 2], [0, 0]]",1,3,0,2,PP,"[[1, 2], [2]]",3,2,0.000721,20,0,0,0,0,0,0,True
270,5,2,"[3, 2]","[[0, 2, 2], [0, 0]]",1,3,0,3,PP,"[[1, 2], [2]]",3,2,0.000726,20,0,0,0,0,0,0,True
270,5,2,"[3, 2]","[[0, 2, 2], [0, 0]]",1,3,0,5,PP,"[[1, 2], [2]]",3,2,0.000731,20,0,0,0,0,0,0,True
270,5,2,"[3, 2]","[[0, 2, 2], [0, 0]]",1,3,1,1,PP,"[[1, 1, 1], [1, 1]]",5,6,0.000721,20,0,0,0,0,0,0,True
270,5,2,"[3, 2]","[[0, 2, 2], [0, 0]]",1,3,1,2,PP,"[[1, 2], [2]]",3,2,0.000711,20,0,0,0,0,0,0,True
270,5,2,"[3, 2]","[[0, 2, 2], [0, 0]]",1,3,1,3,PP,"[[1, 2], [2]]",3,2,0.0007165,20,0,0,0,0,0,0,True
270,5,2,"[3, 2]","[[0, 2, 2], [0, 0]]",1,3,1,5,PP,"[[1, 2], [2]]",3,2,0.000711,20,0,0,0,0,0,0,True
270,5,2,"[3, 2]","[[0, 2, 2], [0, 0]]",1,3,2,1,PP,"[[1, 1, 1], [1, 1]]",5,6,0.000726,20,0,0,0,0,0,0,True
270,5,2,"[3, 2]","[[0, 2, 2], [0, 0]]",1,3,2,2,PP,"[[2, 1], [2]]",3,2,0.000736,20,0,0,0,0,0,0,True
270,5,2,"[3, 2]","[[0, 2, 2], [0, 0]]",1,3,2,3,PP,"[[3], [2]]",2,1,0.000721,20,0,0,0,0,0,0,True
270,5,2,"[3, 2]","[[0, 2, 2], [0, 0]]",1,3,2,5,PP,"[[3], [2]]",2,1,0.0007265,20,0,0,0,0,0,0,True
270,5,2,"[3, 2]","[[0, 2, 2], [0, 0]]",1,3,3,1,PP,"[[1, 1, 1], [1, 1]]",5,6,0.0007665,20,0,0,0,0,0,0,True
270,5,2,"[3, 2]","[[0, 2, 2], [0, 0]]",1,3,3,2,PP,"[[2, 1], [2]]",3,2,0.000741,20,0,0,0,0,8,8/5,True
270,5,2,"[3, 2]","[[0, 2, 2], [0, 0]]",1,3,3,3,PP,"[[3], [2]]",2,1,0.000721,20,0,0,0,0,12,12/5,True
270,5,2,"[3, 2]","[[0, 2, 2], [0, 0]]",1,3,3,5,PP,"[[3], [2]]",2,1,0.000711,20,0,0,0,0,16,16/5,True
271,5,2,"[3, 2]","[[0, 2, 2], [0, 1]]",1,3,0,1,PP,"[[1, 1, 1], [1, 1]]",5,6,0.000741,20,0,0,0,0,0,0,True
271,5,2,"[3, 2]","[[0, 2, 2], [0, 1]]",1,3,0,2,PP,"[[1, 2], [1, 1]]",4,4,0.000741,20,0,0,0,0,0,0,True
271,5,2,"[3, 2]","[[0, 2, 2], [0, 1]]",1,3,0,3,PP,"[[1, 2], [1, 1]]",4,4,0.000731,20,0,0,0,0,0,0,True
271,5,2,"[3, 2]","[[0, 2, 2], [0, 1]]",1,3,0,5,PP,"[[1, 2], [1, 1]]",4,4,0.000716,20,0,0,0,0,0,0,True
271,5,2,"[3, 2]","[[0, 2, 2], [0, 1]]",1,3,1,1,PP,"[[1, 1, 1], [1, 1]]",5,6,0.000736,20,0,0,0,0,0,0,True
271,5,2,"[3, 2]","[[0, 2, 2], [0, 1]]",1,3,1,2,PP,"[[1, 2], [2]]",3,2,0.000736,20,0,0,0,0,0,0,True
271,5,2,"[3, 2]","[[0, 2, 2], [0, 1]]",1,3,1,3,PP,"[[1, 2], [2]]",3,2,0.000711,20,0,0,0,0,0,0,True
271,5,2,"[3, 2]","[[0, 2, 2], [0, 1]]",1,3,1,5,PP,"[[1, 2], [2]]",3,2,0.000731,20,0,0,0,0,0,0,True
271,5,2,"[3, 2]","[[0, 2, 2], [0, 1]]",1,3,2,1,PP,"[[1, 1, 1], [1, 1]]",5,6,0.000741,20,0,0,0,0,0,0,True
271,5,2,"[3, 2]","[[0, 2, 2], [0, 1]]",1,3,2,2,PP,"[[2, 1], [2]]",3,2,0.000721,20,0,0,0,0,0,0,True
271,5,2,"[3, 2]","[[0, 2, 2], [0, 1]]",1,3,2,3,PP,"[[3], [2]]",2,1,0.000731,20,0,0,0,0,0,0,True
271,5,2,"[3, 2]","[[0, 2, 2], [0, 1]]",1,3,2,5,PP,"[[3], [2]]",2,1,0.000721,20,0,0,0,0,0,0,True
271,5,2,"[3, 2]","[[0, 2, 2], [0, 1]]",1,3,3,1,PP,"[[1, 1, 1], [1, 1]]",5,6,0.000756,20,0,0,0,0,0,0,True
271,5,2,"[3, 2]","[[0, 2, 2], [0, 1]]",1,3,3,2,PP,"[[2, 1], [2]]",3,2,0.000711,20,0,0,0,0,8,8/5,True
271,5,2,"[3, 2]","[[0, 2, 2], [0, 1]]",1,3,3,3,PP,"[[3], [2]]",2,1,0.000731,20,0,0,0,0,12,12/5,True
271,5,2,"[3, 2]","[[0, 2, 2], [0, 1]]",1,3,3,5,PP,"[[3], [2]]",2,1,0.000711,20,0,0,0,0,16,16/5,True
272,5,2,"[3, 2]","[[0, 2, 2], [0, 2]]",1,3,0,1,PP,"[[1, 1, 1], [1, 1]]",5,6,0.000731,20,0,0,0,0,0,0,True
272,5,2,"[3, 2]","[[0, 2, 2], [0, 2]]",1,3,0,2,PP,"[[1, 2], [1, 1]]",4,4,0.000716,20,0,0,0,0,0,0,True
272,5,2,"[3, 2]","[[0, 2, 2], [0, 2]]",1,3,0,3,PP,"[[1, 2], [1, 1]]",4,4,0.000716,20,0,0,0,0,0,0,True
272,5,2,"[3, 2]","[[0, 2, 2], [0, 2]]",1,3,0,5,PP,"[[1, 2], [1, 1]]",4,4,0.000706,20,0,0,0,0,0,0,True
272,5,2,"[3, 2]","[[0, 2, 2], [0, 2]]",1,3,1,1,PP,"[[1, 1, 1], [1, 1]]",5,6,0.0007465,20,0,0,0,0,0,0,True
272,5,2,"[3, 2]","[[0, 2, 2], [0, 2]]",1,3,1,2,PP,"[[1, 2], [1, 1]]",4,4,0.000731,20,0,0,0,0,0,0,True
272,5,2,"[3, 2]","[[0, 2, 2], [0, 2]]",1,3,1,3,PP,"[[1, 2], [1, 1]]",4,4,0.000721,20,0,0,0,0,0,0,True
272,5,2,"[3, 2]","[[0, 2, 2], [0, 2]]",1,3,1,5,PP,"[[1, 2], [1, 1]]",4,4,0.000741,20,0,0,0,0,0,0,True
272,5,2,"[3, 2]","[[0, 2, 2], [0, 2]]",1,3,2,1,PP,"[[1, 1, 1], [1, 1]]",5,6,0.000726,20,0,0,0,0,0,0,True
272,5,2,"[3, 2]","[[0, 2, 2], [0, 2]]",1,3,2,2,PP,"[[2, 1], [2]]",3,2,0.000756,20,0,0,0,0,0,0,True
272,5,2,"[3, 2]","[[0, 2, 2], [0, 2]]",1,3,2,3,PP,"[[3], [2]]",2,1,0.000736,20,0,0,0,0,0,0,True
272,5,2,"[3, 2]","[[0, 2, 2], [0, 2]]",1,3,2,5,PP,"[[3], [2]]",2,1,0.000716,20,0,0,0,0,0,0,True
272,5,2,"[3, 2]","[[0, 2, 2], [0, 2]]",1,3,3,1,PP,"[[1, 1, 1], [1, 1]]",5,6,0.000756,20,0,0,0,0,0,0,True
272,5,2,"[3, 2]","[[0, 2, 2], [0, 2]]",1,3,3,2,PP,"[[2, 1], [2]]",3,2,0.000736,20,0,0,0,0,8,8/5,True
272,5,2,"[3, 2]","[[0, 2, 2], [0, 2]]",1,3,3,3,PP,"[[3], [2]]",2,1,0.000741,20,0,0,0,0,12,12/5,True
272,5,2,"[3, 2]","[[0, 2, 2], [0, 2]]",1,3,3,5,PP,"[[3], [2]]",2,1,0.000731,20,0,0,0,0,16,16/5,True
273,5,2,"[3, 2]","[[0, 2, 2], [0, 3]]",1,3,0,1,PP,"[[1, 1, 1], [1, 1]]",5,6,0.000756,20,0,0,0,0,0,0,True
273,5,2,"[3, 2]","[[0, 2, 2], [0, 3]]",1,3,0,2,PP,"[[1, 2], [1, 1]]",4,4,0.000716,20,0,0,0,0,0,0,True
273,5,2,"[3, 2]","[[0, 2, 2], [0, 3]]",1,3,0,3,PP,"[[1, 2], [1, 1]]",4,4,0.0007115,20,0,0,0,0,0,0,True
273,5,2,"[3, 2]","[[0, 2, 2], [0, 3]]",1,3,0,5,PP,"[[1, 2], [1, 1]]",4,4,0.000721,20,0,0,0,0,0,0,True
273,5,2,"[3, 2]","[[0, 2, 2], [0, 3]]",1,3,1,1,PP,"[[1, 1, 1], [1, 1]]",5,6,0.000731,20,0,0,0,0,0,0,True
273,5,2,"[3, 2]","[[0, 2, 2], [0, 3]]",1,3,1,2,PP,"[[1, 2], [1, 1]]",4,4,0.000716,20,0,0,0,0,0,0,True
273,5,2,"[3, 2]","[[0, 2, 2], [0, 3]]",1,3,1,3,PP,"[[1, 2], [1, 1]]",4,4,0.000711,20,0,0,0,0,0,0,True
273,5,2,"[3, 2]","[[0, 2, 2], [0, 3]]",1,3,1,5,PP,"[[1, 2], [1, 1]]",4,4,0.0007215,20,0,0,0,0,0,0,True
273,5,2,"[3, 2]","[[0, 2, 2], [0, 3]]",1,3,2,1,PP,"[[1, 1, 1], [1, 1]]",5,6,0.000731,20,0,0,0,0,0,0,True
273,5,2,"[3, 2]","[[0, 2, 2], [0, 3]]",1,3,2,2,PP,"[[2, 1], [1, 1]]",4,4,0.000721,20,0,0,0,0,0,0,True
273,5,2,"[3, 2]","[[0, 2, 2], [0, 3]]",1,3,2,3,PP,"[[3], [1, 1]]",3,2,0.000721,20,0,0,0,0,0,0,True
273,5,2,"[3, 2]","[[0, 2, 2], [0, 3]]",1,3,2,5,PP,"[[3], [1, 1]]",3,2,0.000711,20,0,0,0,0,0,0,True
273,5,2,"[3, 2]","[[0, 2, 2], [0, 3]]",1,3,3,1,PP,"[[1, 1, 1], [1, 1]]",5,6,0.000721,20,0,0,0,0,0,0,True
273,5,2,"[3, 2]","[[0, 2, 2], [0, 3]]",1,3,3,2,PP,"[[2, 1], [2]]",3,2,0.000731,20,0,0,4,4/5,8,8/5,True
273,5,2,"[3, 2]","[[0, 2, 2], [0, 3]]",1,3,3,3,PP,"[[3], [2]]",2,1,0.000731,20,0,0,4,4/5,12,12/5,True
273,5,2,"[3, 2]","[[0, 2, 2], [0, 3]]",1,3,3,5,PP,"[[3], [2]]",2,1,0.000711,20,0,0,4,4/5,16,16/5,True
274,5,2,"[3, 2]","[[0, 2, 2], [1, 1]]",1,3,0,1,PP,"[[1, 1, 1], [1, 1]]",5,6,0.000731,20,0,0,0,0,0,0,True
274,5,2,"[3, 2]","[[0, 2, 2], [1, 1]]",1,3,0,2,PP,"[[1, 2], [2]]",3,2,0.000736,20,0,0,0,0,0,0,True
274,5,2,"[3, 2]","[[0, 2, 2], [1, 1]]",1,3,0,3,PP,"[[1, 2], [2]]",3,2,0.000731,20,0,0,0,0,0,0,True
274,5,2,"[3, 2]","[[0, 2, 2], [1, 1]]",1,3,0,5,PP,"[[1, 2], [2]]",3,2,0.000721,20,0,0,0,0,0,0,True
274,5,2,"[3, 2]","[[0, 2, 2], [1, 1]]",1,3,1,1,PP,"[[1, 1, 1], [1, 1]]",5,6,0.000751,20,0,0,0,0,0,0,True
274,5,2,"[3, 2]","[[0, 2, 2], [1, 1]]",1,3,1,2,PP,"[[1, 2], [2]]",3,2,0.000731,20,0,0,0,0,0,0,True
274,5,2,"[3, 2]","[[0, 2, 2], [1, 1]]",1,3,1,3,PP,"[[1, 2], [2]]",3,2,0.0007465,20,0,0,0,0,0,0,True
274,5,2,"[3, 2]","[[0, 2, 2], [1, 1]]",1,3,1,5,PP,"[[1, 2], [2]]",3,2,0.000716,20,0,0,0,0,0,0,True
274,5,2,"[3, 2]","[[0, 2, 2], [1, 1]]",1,3,2,1,PP,"[[1, 1, 1], [1, 1]]",5,6,0.000726,20,0,0,0,0,0,0,True
274,5,2,"[3, 2]","[[0, 2, 2], [1, 1]]",1,3,2,2,PP,"[[2, 1], [2]]",3,2,0.000736,20,0,0,0,0,0,0,True
274,5,2,"[3, 2]","[[0, 2, 2], [1, 1]]",1,3,2,3,PP,"[[3], [2]]",2,1,0.000716,20,0,0,0,0,0,0,True
274,5,2,"[3, 2]","[[0, 2, 2], [1, 1]]",1,3,2,5,PP,"[[3], [2]]",2,1,0.000731,20,0,0,0,0,0,0,True
274,5,2,"[3, 2]","[[0, 2, 2], [1, 1]]",1,3,3,1,PP,"[[1, 1, 1], [1, 1]]",5,6,0.000741,20,0,0,0,0,0,0,True
274,5,2,"[3, 2]","[[0, 2, 2], [1, 1]]",1,3,3,2,PP,"[[2, 1], [2]]",3,2,0.000736,20,0,0,0,0,8,8/5,True
274,5,2,"[3, 2]","[[0, 2, 2], [1, 1]]",1,3,3,3,PP,"[[3], [2]]",2,1,0.000716,20,0,0,0,0,12,12/5,True
274,5,2,"[3, 2]","[[0, 2, 2], [1, 1]]",1,3,3,5,PP,"[[3], [2]]",2,1,0.000701,20,0,0,0,0,16,16/5,True
275,5,2,"[3, 2]","[[0, 2, 2], [1, 2]]",1,3,0,1,PP,"[[1, 1, 1], [1, 1]]",5,6,0.000711,20,0,0,0,0,0,0,True
275,5,2,"[3, 2]","[[0, 2, 2], [1, 2]]",1,3,0,2,PP,"[[1, 2], [1, 1]]",4,4,0.000721,20,0,0,0,0,0,0,True
275,5,2,"[3, 2]","[[0, 2, 2], [1, 2]]",1,3,0,3,PP,"[[1, 2], [1, 1]]",4,4,0.0007365,20,0,0,0,0,0,0,True
275,5,2,"[3, 2]","[[0, 2, 2], [1, 2]]",1,3,0,5,PP,"[[1, 2], [1, 1]]",4,4,0.000726,20,0,0,0,0,0,0,True
275,5,2,"[3, 2]","[[0, 2, 2], [1, 2]]",1,3,1,1,PP,"[[1, 1, 1], [1, 1]]",5,6,0.000726,20,0,0,0,0,0,0,True
275,5,2,"[3, 2]","[[0, 2, 2], [1, 2]]",1,3,1,2,PP,"[[1, 2], [2]]",3,2,0.0007265,20,0,0,0,0,0,0,True
275,5,2,"[3, 2]","[[0, 2, 2], [1, 2]]",1,3,1,3,PP,"[[1, 2], [2]]",3,2,0.000726,20,0,0,0,0,0,0,True
275,5,2,"[3, 2]","[[0, 2, 2], [1, 2]]",1,3,1,5,PP,"[[1, 2], [2]]",3,2,0.000761,20,0,0,0,0,0,0,True
275,5,2,"[3, 2]","[[0, 2, 2], [1, 2]]",1,3,2,1,PP,"[[1, 1, 1], [1, 1]]",5,6,0.000751,20,0,0,0,0,0,0,True
275,5,2,"[3, 2]","[[0, 2, 2], [1, 2]]",1,3,2,2,PP,"[[2, 1], [2]]",3,2,0.000751,20,0,0,0,0,0,0,True
275,5,2,"[3, 2]","[[0, 2, 2], [1, 2]]",1,3,2,3,PP,"[[3], [2]]",2,1,0.000726,20,0,0,0,0,0,0,True
275,5,2,"[3, 2]","[[0, 2, 2], [1, 2]]",1,3,2,5,PP,"[[3], [2]]",2,1,0.000716,20,0,0,0,0,0,0,True
275,5,2,"[3, 2]","[[0, 2, 2], [1, 2]]",1,3,3,1,PP,"[[1, 1, 1], [1, 1]]",5,6,0.000741,20,0,0,0,0,0,0,True
275,5,2,"[3, 2]","[[0, 2, 2], [1, 2]]",1,3,3,2,PP,"[[2, 1], [2]]",3,2,0.000731,20,0,0,0,0,8,8/5,True
275,5,2,"[3, 2]","[[0, 2, 2], [1, 2]]",1,3,3,3,PP,"[[3], [2]]",2,1,0.000731,20,0,0,0,0,12,12/5,True
275,5,2,"[3, 2]","[[0, 2, 2], [1, 2]]",1,3,3,5,PP,"[[3], [2]]",2,1,0.000731,20,0,0,0,0,16,16/5,True
276,5,2,"[3, 2]","[[0, 2, 2], [1, 3]]",1,3,0,1,PP,"[[1, 1, 1], [1, 1]]",5,6,0.000771,20,0,0,0,0,0,0,True
276,5,2,"[3, 2]","[[0, 2, 2], [1, 3]]",1,3,0,2,PP,"[[1, 2], [1, 1]]",4,4,0.000736,20,0,0,0,0,0,0,True
276,5,2,"[3, 2]","[[0, 2, 2], [1, 3]]",1,3,0,3,PP,"[[1, 2], [1, 1]]",4,4,0.0007265,20,0,0,0,0,0,0,True
276,5,2,"[3, 2]","[[0, 2, 2], [1, 3]]",1,3,0,5,PP,"[[1, 2], [1, 1]]",4,4,0.000751,20,0,0,0,0,0,0,True
276,5,2,"[3, 2]","[[0, 2, 2], [1, 3]]",1,3,1,1,PP,"[[1, 1, 1], [1, 1]]",5,6,0.000726,20,0,0,0,0,0,0,True
276,5,2,"[3, 2]","[[0, 2, 2], [1, 3]]",1,3,1,2,PP,"[[1, 2], [1, 1]]",4,4,0.000771,20,0,0,0,0,0,0,True
276,5,2,"[3, 2]","[[0, 2, 2], [1, 3]]",1,3,1,3,PP,"[[1, 2], [1, 1]]",4,4,0.000741,20,0,0,0,0,0,0,True
276,5,2,"[3, 2]","[[0, 2, 2], [1, 3]]",1,3,1,5,PP,"[[1, 2], [1, 1]]",4,4,0.000721,20,0,0,0,0,0,0,True
276,5,2,"[3, 2]","[[0, 2, 2], [1, 3]]",1,3,2,1,PP,"[[1, 1, 1], [1, 1]]",5,6,0.000746,20,0,0,0,0,0,0,True
276,5,2,"[3, 2]","[[0, 2, 2], [1, 3]]",1,3,2,2,PP,"[[2, 1], [2]]",3,2,0.000756,20,0,0,0,0,0,0,True
276,5,2,"[3, 2]","[[0, 2, 2], [1, 3]]",1,3,2,3,PP,"[[3], [2]]",2,1,0.000726,20,0,0,0,0,0,0,True
276,5,2,"[3, 2]","[[0, 2, 2], [1, 3]]",1,3,2,5,PP,"[[3], [2]]",2,1,0.000716,20,0,0,0,0,0,0,True
276,5,2,"[3, 2]","[[0, 2, 2], [1, 3]]",1,3,3,1,PP,"[[1, 1, 1], [1, 1]]",5,6,0.000731,20,0,0,0,0,0,0,True
276,5,2,"[3, 2]","[[0, 2, 2], [1, 3]]",1,3,3,2,PP,"[[2, 1], [2]]",3,2,0.0007215,20,0,0,0,0,8,8/5,True
276,5,2,"[3, 2]","[[0, 2, 2], [1, 3]]",1,3,3,3,PP,"[[3], [2]]",2,1,0.000716,20,0,0,0,0,12,12/5,True
276,5,2,"[3, 2]","[[0, 2, 2], [1, 3]]",1,3,3,5,PP,"[[3], [2]]",2,1,0.000711,20,0,0,0,0,16,16/5,True
277,5,2,"[3, 2]","[[0, 2, 2], [2, 2]]",1,3,0,1,PP,"[[1, 1, 1], [1, 1]]",5,6,0.000741,20,0,0,0,0,0,0,True
277,5,2,"[3, 2]","[[0, 2, 2], [2, 2]]",1,3,0,2,PP,"[[1, 2], [2]]",3,2,0.000731,20,0,0,0,0,0,0,True
277,5,2,"[3, 2]","[[0, 2, 2], [2, 2]]",1,3,0,3,PP,"[[1, 2], [2]]",3,2,0.000726,20,0,0,0,0,0,0,True
277,5,2,"[3, 2]","[[0, 2, 2], [2, 2]]",1,3,0,5,PP,"[[1, 2], [2]]",3,2,0.000751,20,0,0,0,0,0,0,True
277,5,2,"[3, 2]","[[0, 2, 2], [2, 2]]",1,3,1,1,PP,"[[1, 1, 1], [1, 1]]",5,6,0.000751,20,0,0,0,0,0,0,True
277,5,2,"[3, 2]","[[0, 2, 2], [2, 2]]",1,3,1,2,PP,"[[1, 2], [2]]",3,2,0.000721,20,0,0,0,0,0,0,True
277,5,2,"[3, 2]","[[0, 2, 2], [2, 2]]",1,3,1,3,PP,"[[1, 2], [2]]",3,2,0.0007315,20,0,0,0,0,0,0,True
277,5,2,"[3, 2]","[[0, 2, 2], [2, 2]]",1,3,1,5,PP,"[[1, 2], [2]]",3,2,0.000726,20,0,0,0,0,0,0,True
277,5,2,"[3, 2]","[[0, 2, 2], [2, 2]]",1,3,2,1,PP,"[[1, 1, 1], [1, 1]]",5,6,0.000731,20,0,0,0,0,0,0,True
277,5,2,"[3, 2]","[[0, 2, 2], [2, 2]]",1,3,2,2,PP,"[[2, 1], [2]]",3,2,0.000741,20,0,0,0,0,0,0,True
277,5,2,"[3, 2]","[[0, 2, 2], [2, 2]]",1,3,2,3,PP,"[[3], [2]]",2,1,0.0007215,20,0,0,0,0,0,0,True
277,5,2,"[3, 2]","[[0, 2, 2], [2, 2]]",1,3,2,5,PP,"[[3], [2]]",2,1,0.0007215,20,0,0,0,0,0,0,True
277,5,2,"[3, 2]","[[0, 2, 2], [2, 2]]",1,3,3,1,PP,"[[1, 1, 1], [1, 1]]",5,6,0.000771,20,0,0,0,0,0,0,True
277,5,2,"[3, 2]","[[0, 2, 2], [2, 2]]",1,3,3,2,PP,"[[2, 1], [2]]",3,2,0.000772,20,0,0,0,0,8,8/5,True
277,5,2,"[3, 2]","[[0, 2, 2], [2, 2]]",1,3,3,3,PP,"[[3], [2]]",2,1,0.000721,20,0,0,0,0,12,12/5,True
277,5,2,"[3, 2]","[[0, 2, 2], [2, 2]]",1,3,3,5,PP,"[[3], [2]]",2,1,0.000721,20,0,0,0,0,16,16/5,True
278,5,2,"[3, 2]","[[0, 2, 2], [2, 3]]",1,3,0,1,PP,"[[1, 1, 1], [1, 1]]",5,6,0.000736,20,0,0,0,0,0,0,True
278,5,2,"[3, 2]","[[0, 2, 2], [2, 3]]",1,3,0,2,PP,"[[1, 2], [1, 1]]",4,4,0.0007415,20,0,0,0,0,0,0,True
278,5,2,"[3, 2]","[[0, 2, 2], [2, 3]]",1,3,0,3,PP,"[[1, 2], [1, 1]]",4,4,0.000741,20,0,0,0,0,0,0,True
278,5,2,"[3, 2]","[[0, 2, 2], [2, 3]]",1,3,0,5,PP,"[[1, 2], [1, 1]]",4,4,0.000731,20,0,0,0,0,0,0,True
278,5,2,"[3, 2]","[[0, 2, 2], [2, 3]]",1,3,1,1,PP,"[[1, 1, 1], [1, 1]]",5,6,0.000741,20,0,0,0,0,0,0,True
278,5,2,"[3, 2]","[[0, 2, 2], [2, 3]]",1,3,1,2,PP,"[[1, 2], [2]]",3,2,0.000721,20,0,0,0,0,0,0,True
278,5,2,"[3, 2]","[[0, 2, 2], [2, 3]]",1,3,1,3,PP,"[[1, 2], [2]]",3,2,0.000711,20,0,0,0,0,0,0,True
278,5,2,"[3, 2]","[[0, 2, 2], [2, 3]]",1,3,1,5,PP,"[[1, 2], [2]]",3,2,0.000711,20,0,0,0,0,0,0,True
278,5,2,"[3, 2]","[[0, 2, 2], [2, 3]]",1,3,2,1,PP,"[[1, 1, 1], [1, 1]]",5,6,0.0007265,20,0,0,0,0,0,0,True
278,5,2,"[3, 2]","[[0, 2, 2], [2, 3]]",1,3,2,2,PP,"[[2, 1], [2]]",3,2,0.0007165,20,0,0,0,0,0,0,True
278,5,2,"[3, 2]","[[0, 2, 2], [2, 3]]",1,3,2,3,PP,"[[3], [2]]",2,1,0.0006915,20,0,0,0,0,0,0,True
278,5,2,"[3, 2]","[[0, 2, 2], [2, 3]]",1,3,2,5,PP,"[[3], [2]]",2,1,0.000716,20,0,0,0,0,0,0,True
278,5,2,"[3, 2]","[[0, 2, 2], [2, 3]]",1,3,3,1,PP,"[[1, 1, 1], [1, 1]]",5,6,0.000731,20,0,0,0,0,0,0,True
278,5,2,"[3, 2]","[[0, 2, 2], [2, 3]]",1,3,3,2,PP,"[[2, 1], [2]]",3,2,0.000721,20,0,0,0,0,8,8/5,True
278,5,2,"[3, 2]","[[0, 2, 2], [2, 3]]",1,3,3,3,PP,"[[3], [2]]",2,1,0.000721,20,0,0,0,0,12,12/5,True
278,5,2,"[3, 2]","[[0, 2, 2], [2, 3]]",1,3,3,5,PP,"[[3], [2]]",2,1,0.0007215,20,0,0,0,0,16,16/5,True
279,5,2,"[3, 2]","[[0, 2, 2], [3, 3]]",1,3,0,1,PP,"[[1, 1, 1], [1, 1]]",5,6,0.000741,20,0,0,0,0,0,0,True
279,5,2,"[3, 2]","[[0, 2, 2], [3, 3]]",1,3,0,2,PP,"[[1, 2], [2]]",3,2,0.000716,20,0,0,0,0,0,0,True
279,5,2,"[3, 2]","[[0, 2, 2], [3, 3]]",1,3,0,3,PP,"[[1, 2], [2]]",3,2,0.000721,20,0,0,0,0,0,0,True
279,5,2,"[3, 2]","[[0, 2, 2], [3, 3]]",1,3,0,5,PP,"[[1, 2], [2]]",3,2,0.000711,20,0,0,0,0,0,0,True
279,5,2,"[3, 2]","[[0, 2, 2], [3, 3]]",1,3,1,1,PP,"[[1, 1, 1], [1, 1]]",5,6,0.0007165,20,0,0,0,0,0,0,True
279,5,2,"[3, 2]","[[0, 2, 2], [3, 3]]",1,3,1,2,PP,"[[1, 2], [2]]",3,2,0.000731,20,0,0,0,0,0,0,True
279,5,2,"[3, 2]","[[0, 2, 2], [3, 3]]",1,3,1,3,PP,"[[1, 2], [2]]",3,2,0.000741,20,0,0,0,0,0,0,True
279,5,2,"[3, 2]","[[0, 2, 2], [3, 3]]",1,3,1,5,PP,"[[1, 2], [2]]",3,2,0.000751,20,0,0,0,0,0,0,True
279,5,2,"[3, 2]","[[0, 2, 2], [3, 3]]",1,3,2,1,PP,"[[1, 1, 1], [1, 1]]",5,6,0.0007365,20,0,0,0,0,0,0,True
279,5,2,"[3, 2]","[[0, 2, 2], [3, 3]]",1,3,2,2,PP,"[[2, 1], [2]]",3,2,0.000736,20,0,0,0,0,0,0,True
279,5,2,"[3, 2]","[[0, 2, 2], [3, 3]]",1,3,2,3,PP,"[[3], [2]]",2,1,0.000726,20,0,0,0,0,0,0,True
279,5,2,"[3, 2]","[[0, 2, 2], [3, 3]]",1,3,2,5,PP,"[[3], [2]]",2,1,0.000731,20,0,0,0,0,0,0,True
279,5,2,"[3, 2]","[[0, 2, 2], [3, 3]]",1,3,3,1,PP,"[[1, 1, 1], [1, 1]]",5,6,0.000741,20,0,0,0,0,0,0,True
279,5,2,"[3, 2]","[[0, 2, 2], [3, 3]]",1,3,3,2,PP,"[[2, 1], [2]]",3,2,0.000711,20,0,0,0,0,8,8/5,True
279,5,2,"[3, 2]","[[0, 2, 2], [3, 3]]",1,3,3,3,PP,"[[3], [2]]",2,1,0.000706,20,0,0,0,0,12,12/5,True
279,5,2,"[3, 2]","[[0, 2, 2], [3, 3]]",1,3,3,5,PP,"[[3], [2]]",2,1,0.0007265,20,0,0,0,0,16,16/5,True
280,5,2,"[3, 2]","[[0, 2, 3], [0, 0]]",1,3,0,1,PP,"[[1, 1, 1], [1, 1]]",5,6,0.0007515,20,0,0,0,0,0,0,True
280,5,2,"[3, 2]","[[0, 2, 3], [0, 0]]",1,3,0,2,PP,"[[1, 1, 1], [2]]",4,3,0.000741,20,0,0,0,0,0,0,True
280,5,2,"[3, 2]","[[0, 2, 3], [0, 0]]",1,3,0,3,PP,"[[1, 1, 1], [2]]",4,3,0.000736,20,0,0,0,0,0,0,True
280,5,2,"[3, 2]","[[0, 2, 3], [0, 0]]",1,3,0,5,PP,"[[1, 1, 1], [2]]",4,3,0.0007315,20,0,0,0,0,0,0,True
280,5,2,"[3, 2]","[[0, 2, 3], [0, 0]]",1,3,1,1,PP,"[[1, 1, 1], [1, 1]]",5,6,0.000746,20,0,0,0,0,0,0,True
280,5,2,"[3, 2]","[[0, 2, 3], [0, 0]]",1,3,1,2,PP,"[[1, 2], [2]]",3,2,0.000716,20,0,0,0,0,0,0,True
280,5,2,"[3, 2]","[[0, 2, 3], [0, 0]]",1,3,1,3,PP,"[[1, 2], [2]]",3,2,0.000726,20,0,0,0,0,0,0,True
280,5,2,"[3, 2]","[[0, 2, 3], [0, 0]]",1,3,1,5,PP,"[[1, 2], [2]]",3,2,0.000721,20,0,0,0,0,0,0,True
280,5,2,"[3, 2]","[[0, 2, 3], [0, 0]]",1,3,2,1,PP,"[[1, 1, 1], [1, 1]]",5,6,0.000741,20,0,0,0,0,0,0,True
280,5,2,"[3, 2]","[[0, 2, 3], [0, 0]]",1,3,2,2,PP,"[[2, 1], [2]]",3,2,0.0007115,20,0,0,0,0,0,0,True
280,5,2,"[3, 2]","[[0, 2, 3], [0, 0]]",1,3,2,3,PP,"[[3], [2]]",2,1,0.000721,20,0,0,0,0,0,0,True
280,5,2,"[3, 2]","[[0, 2, 3], [0, 0]]",1,3,2,5,PP,"[[3], [2]]",2,1,0.0007065,20,0,0,0,0,0,0,True
280,5,2,"[3, 2]","[[0, 2, 3], [0, 0]]",1,3,3,1,PP,"[[1, 1, 1], [1, 1]]",5,6,0.000741,20,0,0,0,0,0,0,True
280,5,2,"[3, 2]","[[0, 2, 3], [0, 0]]",1,3,3,2,PP,"[[2, 1], [2]]",3,2,0.000731,20,0,0,0,0,8,8/5,True
280,5,2,"[3, 2]","[[0, 2, 3], [0, 0]]",1,3,3,3,PP,"[[3], [2]]",2,1,0.000741,20,0,0,0,0,12,12/5,True
280,5,2,"[3, 2]","[[0, 2, 3], [0, 0]]",1,3,3,5,PP,"[[3], [2]]",2,1,0.000726,20,0,0,0,0,16,16/5,True
281,5,2,"[3, 2]","[[0, 2, 3], [0, 1]]",1,3,0,1,PP,"[[1, 1, 1], [1, 1]]",5,6,0.000746,20,0,0,0,0,0,0,True
281,5,2,"[3, 2]","[[0, 2, 3], [0, 1]]",1,3,0,2,PP,"[[1, 1, 1], [1, 1]]",5,6,0.000711,20,0,0,0,0,0,0,True
281,5,2,"[3, 2]","[[0, 2, 3], [0, 1]]",1,3,0,3,PP,"[[1, 1, 1], [1, 1]]",5,6,0.000731,20,0,0,0,0,0,0,True
281,5,2,"[3, 2]","[[0, 2, 3], [0, 1]]",1,3,0,5,PP,"[[1, 1, 1], [1, 1]]",5,6,0.000771,20,0,0,0,0,0,0,True
281,5,2,"[3, 2]","[[0, 2, 3], [0, 1]]",1,3,1,1,PP,"[[1, 1, 1], [1, 1]]",5,6,0.000761,20,0,0,0,0,0,0,True
281,5,2,"[3, 2]","[[0, 2, 3], [0, 1]]",1,3,1,2,PP,"[[1, 2], [2]]",3,2,0.000721,20,0,0,0,0,0,0,True
281,5,2,"[3, 2]","[[0, 2, 3], [0, 1]]",1,3,1,3,PP,"[[1, 2], [2]]",3,2,0.000746,20,0,0,0,0,0,0,True
281,5,2,"[3, 2]","[[0, 2, 3], [0, 1]]",1,3,1,5,PP,"[[1, 2], [2]]",3,2,0.000741,20,0,0,0,0,0,0,True
281,5,2,"[3, 2]","[[0, 2, 3], [0, 1]]",1,3,2,1,PP,"[[1, 1, 1], [1, 1]]",5,6,0.000751,20,0,0,0,0,0,0,True
281,5,2,"[3, 2]","[[0, 2, 3], [0, 1]]",1,3,2,2,PP,"[[2, 1], [2]]",3,2,0.000741,20,0,0,0,0,0,0,True
281,5,2,"[3, 2]","[[0, 2, 3], [0, 1]]",1,3,2,3,PP,"[[3], [2]]",2,1,0.000716,20,0,0,0,0,0,0,True
281,5,2,"[3, 2]","[[0, 2, 3], [0, 1]]",1,3,2,5,PP,"[[3], [2]]",2,1,0.000711,20,0,0,0,0,0,0,True
281,5,2,"[3, 2]","[[0, 2, 3], [0, 1]]",1,3,3,1,PP,"[[1, 1, 1], [1, 1]]",5,6,0.0007465,20,0,0,0,0,0,0,True
281,5,2,"[3, 2]","[[0, 2, 3], [0, 1]]",1,3,3,2,PP,"[[2, 1], [2]]",3,2,0.0007415,20,0,0,0,0,8,8/5,True
281,5,2,"[3, 2]","[[0, 2, 3], [0, 1]]",1,3,3,3,PP,"[[3], [2]]",2,1,0.000741,20,0,0,0,0,12,12/5,True
281,5,2,"[3, 2]","[[0, 2, 3], [0, 1]]",1,3,3,5,PP,"[[3], [2]]",2,1,0.000711,20,0,0,0,0,16,16/5,True
282,5,2,"[3, 2]","[[0, 2, 3], [0, 2]]",1,3,0,1,PP,"[[1, 1, 1], [1, 1]]",5,6,0.000721,20,0,0,0,0,0,0,True
282,5,2,"[3, 2]","[[0, 2, 3], [0, 2]]",1,3,0,2,PP,"[[1, 1, 1], [1, 1]]",5,6,0.0007015,20,0,0,0,0,0,0,True
282,5,2,"[3, 2]","[[0, 2, 3], [0, 2]]",1,3,0,3,PP,"[[1, 1, 1], [1, 1]]",5,6,0.000711,20,0,0,0,0,0,0,True
282,5,2,"[3, 2]","[[0, 2, 3], [0, 2]]",1,3,0,5,PP,"[[1, 1, 1], [1, 1]]",5,6,0.000726,20,0,0,0,0,0,0,True
282,5,2,"[3, 2]","[[0, 2, 3], [0, 2]]",1,3,1,1,PP,"[[1, 1, 1], [1, 1]]",5,6,0.000721,20,0,0,0,0,0,0,True
282,5,2,"[3, 2]","[[0, 2, 3], [0, 2]]",1,3,1,2,PP,"[[1, 2], [1, 1]]",4,4,0.000717,20,0,0,0,0,0,0,True
282,5,2,"[3, 2]","[[0, 2, 3], [0, 2]]",1,3,1,3,PP,"[[1, 2], [1, 1]]",4,4,0.000721,20,0,0,0,0,0,0,True
282,5,2,"[3, 2]","[[0, 2, 3], [0, 2]]",1,3,1,5,PP,"[[1, 2], [1, 1]]",4,4,0.000706,20,0,0,0,0,0,0,True
282,5,2,"[3, 2]","[[0, 2, 3], [0, 2]]",1,3,2,1,PP,"[[1, 1, 1], [1, 1]]",5,6,0.000741,20,0,0,0,0,0,0,True
282,5,2,"[3, 2]","[[0, 2, 3], [0, 2]]",1,3,2,2,PP,"[[2, 1], [2]]",3,2,0.000716,20,0,0,0,0,0,0,True
282,5,2,"[3, 2]","[[0, 2, 3], [0, 2]]",1,3,2,3,PP,"[[3], [2]]",2,1,0.000736,20,0,0,0,0,0,0,True
282,5,2,"[3, 2]","[[0, 2, 3], [0, 2]]",1,3,2,5,PP,"[[3], [2]]",2,1,0.0007415,20,0,0,0,0,0,0,True
282,5,2,"[3, 2]","[[0, 2, 3], [0, 2]]",1,3,3,1,PP,"[[1, 1, 1], [1, 1]]",5,6,0.000731,20,0,0,0,0,0,0,True
282,5,2,"[3, 2]","[[0, 2, 3], [0, 2]]",1,3,3,2,PP,"[[2, 1], [2]]",3,2,0.000716,20,0,0,0,0,8,8/5,True
282,5,2,"[3, 2]","[[0, 2, 3], [0, 2]]",1,3,3,3,PP,"[[3], [2]]",2,1,0.000701,20,0,0,0,0,12,12/5,True
282,5,2,"[3, 2]","[[0, 2, 3], [0, 2]]",1,3,3,5,PP,"[[3], [2]]",2,1,0.000711,20,0,0,0,0,16,16/5,True
283,5,2,"[3, 2]","[[0, 2, 3], [0, 3]]",1,3,0,1,PP,"[[1, 1, 1], [1, 1]]",5,6,0.000731,20,0,0,0,0,0,0,True
283,5,2,"[3, 2]","[[0, 2, 3], [0, 3]]",1,3,0,2,PP,"[[1, 1, 1], [1, 1]]",5,6,0.000741,20,0,0,0,0,0,0,True
283,5,2,"[3, 2]","[[0, 2, 3], [0, 3]]",1,3,0,3,PP,"[[1, 1, 1], [1, 1]]",5,6,0.0007215,20,0,0,0,0,0,0,True
283,5,2,"[3, 2]","[[0, 2, 3], [0, 3]]",1,3,0,5,PP,"[[1, 1, 1], [1, 1]]",5,6,0.000721,20,0,0,0,0,0,0,True
283,5,2,"[3, 2]","[[0, 2, 3], [0, 3]]",1,3,1,1,PP,"[[1, 1, 1], [1, 1]]",5,6,0.0007415,20,0,0,0,0,0,0,True
283,5,2,"[3, 2]","[[0, 2, 3], [0, 3]]",1,3,1,2,PP,"[[1, 2], [1, 1]]",4,4,0.000741,20,0,0,0,0,0,0,True
283,5,2,"[3, 2]","[[0, 2, 3], [0, 3]]",1,3,1,3,PP,"[[1, 2], [1, 1]]",4,4,0.000736,20,0,0,0,0,0,0,True
283,5,2,"[3, 2]","[[0, 2, 3], [0, 3]]",1,3,1,5,PP,"[[1, 2], [1, 1]]",4,4,0.000771,20,0,0,0,0,0,0,True
283,5,2,"[3, 2]","[[0, 2, 3], [0, 3]]",1,3,2,1,PP,"[[1, 1, 1], [1, 1]]",5,6,0.0007415,20,0,0,0,0,0,0,True
283,5,2,"[3, 2]","[[0, 2, 3], [0, 3]]",1,3,2,2,PP,"[[2, 1], [1, 1]]",4,4,0.000756,20,0,0,0,0,0,0,True
283,5,2,"[3, 2]","[[0, 2, 3], [0, 3]]",1,3,2,3,PP,"[[3], [1, 1]]",3,2,0.000726,20,0,0,0,0,0,0,True
283,5,2,"[3, 2]","[[0, 2, 3], [0, 3]]",1,3,2,5,PP,"[[3], [1, 1]]",3,2,0.000711,20,0,0,0,0,0,0,True
283,5,2,"[3, 2]","[[0, 2, 3], [0, 3]]",1,3,3,1,PP,"[[1, 1, 1], [1, 1]]",5,6,0.000771,20,0,0,0,0,0,0,True
283,5,2,"[3, 2]","[[0, 2, 3], [0, 3]]",1,3,3,2,PP,"[[2, 1], [2]]",3,2,0.000731,20,0,0,4,4/5,8,8/5,True
283,5,2,"[3, 2]","[[0, 2, 3], [0, 3]]",1,3,3,3,PP,"[[3], [2]]",2,1,0.000711,20,0,0,4,4/5,12,12/5,True
283,5,2,"[3, 2]","[[0, 2, 3], [0, 3]]",1,3,3,5,PP,"[[3], [2]]",2,1,0.000721,20,0,0,4,4/5,16,16/5,True
284,5,2,"[3, 2]","[[0, 2, 3], [1, 1]]",1,3,0,1,PP,"[[1, 1, 1], [1, 1]]",5,6,0.000721,20,0,0,0,0,0,0,True
284,5,2,"[3, 2]","[[0, 2, 3], [1, 1]]",1,3,0,2,PP,"[[1, 1, 1], [2]]",4,3,0.000736,20,0,0,0,0,0,0,True
284,5,2,"[3, 2]","[[0, 2, 3], [1, 1]]",1,3,0,3,PP,"[[1, 1, 1], [2]]",4,3,0.000706,20,0,0,0,0,0,0,True
284,5,2,"[3, 2]","[[0, 2, 3], [1, 1]]",1,3,0,5,PP,"[[1, 1, 1], [2]]",4,3,0.000711,20,0,0,0,0,0,0,True
284,5,2,"[3, 2]","[[0, 2, 3], [1, 1]]",1,3,1,1,PP,"[[1, 1, 1], [1, 1]]",5,6,0.000731,20,0,0,0,0,0,0,True
284,5,2,"[3, 2]","[[0, 2, 3], [1, 1]]",1,3,1,2,PP,"[[1, 2], [2]]",3,2,0.000711,20,0,0,0,0,0,0,True
284,5,2,"[3, 2]","[[0, 2, 3], [1, 1]]",1,3,1,3,PP,"[[1, 2], [2]]",3,2,0.000711,20,0,0,0,0,0,0,True
284,5,2,"[3, 2]","[[0, 2, 3], [1, 1]]",1,3,1,5,PP,"[[1, 2], [2]]",3,2,0.000731,20,0,0,0,0,0,0,True
284,5,2,"[3, 2]","[[0, 2, 3], [1, 1]]",1,3,2,1,PP,"[[1, 1, 1], [1, 1]]",5,6,0.0007365,20,0,0,0,0,0,0,True
284,5,2,"[3, 2]","[[0, 2, 3], [1, 1]]",1,3,2,2,PP,"[[2, 1], [2]]",3,2,0.000731,20,0,0,0,0,0,0,True
284,5,2,"[3, 2]","[[0, 2, 3], [1, 1]]",1,3,2,3,PP,"[[3], [2]]",2,1,0.000771,20,0,0,0,0,0,0,True
284,5,2,"[3, 2]","[[0, 2, 3], [1, 1]]",1,3,2,5,PP,"[[3], [2]]",2,1,0.000741,20,0,0,0,0,0,0,True
284,5,2,"[3, 2]","[[0, 2, 3], [1, 1]]",1,3,3,1,PP,"[[1, 1, 1], [1, 1]]",5,6,0.000731,20,0,0,0,0,0,0,True
284,5,2,"[3, 2]","[[0, 2, 3], [1, 1]]",1,3,3,2,PP,"[[2, 1], [2]]",3,2,0.000751,20,0,0,0,0,8,8/5,True
284,5,2,"[3, 2]","[[0, 2, 3], [1, 1]]",1,3,3,3,PP,"[[3], [2]]",2,1,0.000751,20,0,0,0,0,12,12/5,True
284,5,2,"[3, 2]","[[0, 2, 3], [1, 1]]",1,3,3,5,PP,"[[3], [2]]",2,1,0.001092,20,0,0,0,0,16,16/5,True
285,5,2,"[3, 2]","[[0, 2, 3], [1, 2]]",1,3,0,1,PP,"[[1, 1, 1], [1, 1]]",5,6,0.000741,20,0,0,0,0,0,0,True
285,5,2,"[3, 2]","[[0, 2, 3], [1, 2]]",1,3,0,2,PP,"[[1, 1, 1], [1, 1]]",5,6,0.000746,20,0,0,0,0,0,0,True
285,5,2,"[3, 2]","[[0, 2, 3], [1, 2]]",1,3,0,3,PP,"[[1, 1, 1], [1, 1]]",5,6,0.0007115,20,0,0,0,0,0,0,True
285,5,2,"[3, 2]","[[0, 2, 3], [1, 2]]",1,3,0,5,PP,"[[1, 1, 1], [1, 1]]",5,6,0.000731,20,0,0,0,0,0,0,True
285,5,2,"[3, 2]","[[0, 2, 3], [1, 2]]",1,3,1,1,PP,"[[1, 1, 1], [1, 1]]",5,6,0.000726,20,0,0,0,0,0,0,True
285,5,2,"[3, 2]","[[0, 2, 3], [1, 2]]",1,3,1,2,PP,"[[1, 2], [2]]",3,2,0.000741,20,0,0,0,0,0,0,True
285,5,2,"[3, 2]","[[0, 2, 3], [1, 2]]",1,3,1,3,PP,"[[1, 2], [2]]",3,2,0.000751,20,0,0,0,0,0,0,True
285,5,2,"[3, 2]","[[0, 2, 3], [1, 2]]",1,3,1,5,PP,"[[1, 2], [2]]",3,2,0.000711,20,0,0,0,0,0,0,True
285,5,2,"[3, 2]","[[0, 2, 3], [1, 2]]",1,3,2,1,PP,"[[1, 1, 1], [1, 1]]",5,6,0.0007765,20,0,0,0,0,0,0,True
285,5,2,"[3, 2]","[[0, 2, 3], [1, 2]]",1,3,2,2,PP,"[[2, 1], [2]]",3,2,0.000801,20,0,0,0,0,0,0,True
285,5,2,"[3, 2]","[[0, 2, 3], [1, 2]]",1,3,2,3,PP,"[[3], [2]]",2,1,0.0007865,20,0,0,0,0,0,0,True
285,5,2,"[3, 2]","[[0, 2, 3], [1, 2]]",1,3,2,5,PP,"[[3], [2]]",2,1,0.000796,20,0,0,0,0,0,0,True
285,5,2,"[3, 2]","[[0, 2, 3], [1, 2]]",1,3,3,1,PP,"[[1, 1, 1], [1, 1]]",5,6,0.000812,20,0,0,0,0,0,0,True
285,5,2,"[3, 2]","[[0, 2, 3], [1, 2]]",1,3,3,2,PP,"[[2, 1], [2]]",3,2,0.000791,20,0,0,0,0,8,8/5,True
285,5,2,"[3, 2]","[[0, 2, 3], [1, 2]]",1,3,3,3,PP,"[[3], [2]]",2,1,0.0007915,20,0,0,0,0,12,12/5,True
285,5,2,"[3, 2]","[[0, 2, 3], [1, 2]]",1,3,3,5,PP,"[[3], [2]]",2,1,0.000801,20,0,0,0,0,16,16/5,True
286,5,2,"[3, 2]","[[0, 2, 3], [1, 3]]",1,3,0,1,PP,"[[1, 1, 1], [1, 1]]",5,6,0.000801,20,0,0,0,0,0,0,True
286,5,2,"[3, 2]","[[0, 2, 3], [1, 3]]",1,3,0,2,PP,"[[1, 1, 1], [1, 1]]",5,6,0.000791,20,0,0,0,0,0,0,True
286,5,2,"[3, 2]","[[0, 2, 3], [1, 3]]",1,3,0,3,PP,"[[1, 1, 1], [1, 1]]",5,6,0.000791,20,0,0,0,0,0,0,True
286,5,2,"[3, 2]","[[0, 2, 3], [1, 3]]",1,3,0,5,PP,"[[1, 1, 1], [1, 1]]",5,6,0.000776,20,0,0,0,0,0,0,True
286,5,2,"[3, 2]","[[0, 2, 3], [1, 3]]",1,3,1,1,PP,"[[1, 1, 1], [1, 1]]",5,6,0.000811,20,0,0,0,0,0,0,True
286,5,2,"[3, 2]","[[0, 2, 3], [1, 3]]",1,3,1,2,PP,"[[1, 2], [1, 1]]",4,4,0.000791,20,0,0,0,0,0,0,True
286,5,2,"[3, 2]","[[0, 2, 3], [1, 3]]",1,3,1,3,PP,"[[1, 2], [1, 1]]",4,4,0.000796,20,0,0,0,0,0,0,True
286,5,2,"[3, 2]","[[0, 2, 3], [1, 3]]",1,3,1,5,PP,"[[1, 2], [1, 1]]",4,4,0.000791,20,0,0,0,0,0,0,True
286,5,2,"[3, 2]","[[0, 2, 3], [1, 3]]",1,3,2,1,PP,"[[1, 1, 1], [1, 1]]",5,6,0.0007965,20,0,0,0,0,0,0,True
286,5,2,"[3, 2]","[[0, 2, 3], [1, 3]]",1,3,2,2,PP,"[[2, 1], [2]]",3,2,0.000821,20,0,0,0,0,0,0,True
286,5,2,"[3, 2]","[[0, 2, 3], [1, 3]]",1,3,2,3,PP,"[[3], [2]]",2,1,0.0007865,20,0,0,0,0,0,0,True
286,5,2,"[3, 2]","[[0, 2, 3], [1, 3]]",1,3,2,5,PP,"[[3], [2]]",2,1,0.000791,20,0,0,0,0,0,0,True
286,5,2,"[3, 2]","[[0, 2, 3], [1, 3]]",1,3,3,1,PP,"[[1, 1, 1], [1, 1]]",5,6,0.000801,20,0,0,0,0,0,0,True
286,5,2,"[3, 2]","[[0, 2, 3], [1, 3]]",1,3,3,2,PP,"[[2, 1], [2]]",3,2,0.000796,20,0,0,0,0,8,8/5,True
286,5,2,"[3, 2]","[[0, 2, 3], [1, 3]]",1,3,3,3,PP,"[[3], [2]]",2,1,0.000816,20,0,0,0,0,12,12/5,True
286,5,2,"[3, 2]","[[0, 2, 3], [1, 3]]",1,3,3,5,PP,"[[3], [2]]",2,1,0.000796,20,0,0,0,0,16,16/5,True
287,5,2,"[3, 2]","[[0, 2, 3], [2, 2]]",1,3,0,1,PP,"[[1, 1, 1], [1, 1]]",5,6,0.000821,20,0,0,0,0,0,0,True
287,5,2,"[3, 2]","[[0, 2, 3], [2, 2]]",1,3,0,2,PP,"[[1, 1, 1], [2]]",4,3,0.000841,20,0,0,0,0,0,0,True
287,5,2,"[3, 2]","[[0, 2, 3], [2, 2]]",1,3,0,3,PP,"[[1, 1, 1], [2]]",4,3,0.000806,20,0,0,0,0,0,0,True
287,5,2,"[3, 2]","[[0, 2, 3], [2, 2]]",1,3,0,5,PP,"[[1, 1, 1], [2]]",4,3,0.0008115,20,0,0,0,0,0,0,True
287,5,2,"[3, 2]","[[0, 2, 3], [2, 2]]",1,3,1,1,PP,"[[1, 1, 1], [1, 1]]",5,6,0.000841,20,0,0,0,0,0,0,True
287,5,2,"[3, 2]","[[0, 2, 3], [2, 2]]",1,3,1,2,PP,"[[1, 2], [2]]",3,2,0.0007965,20,0,0,0,0,0,0,True
287,5,2,"[3, 2]","[[0, 2, 3], [2, 2]]",1,3,1,3,PP,"[[1, 2], [2]]",3,2,0.000832,20,0,0,0,0,0,0,True
287,5,2,"[3, 2]","[[0, 2, 3], [2, 2]]",1,3,1,5,PP,"[[1, 2], [2]]",3,2,0.000771,20,0,0,0,0,0,0,True
287,5,2,"[3, 2]","[[0, 2, 3], [2, 2]]",1,3,2,1,PP,"[[1, 1, 1], [1, 1]]",5,6,0.000792,20,0,0,0,0,0,0,True
287,5,2,"[3, 2]","[[0, 2, 3], [2, 2]]",1,3,2,2,PP,"[[2, 1], [2]]",3,2,0.000731,20,0,0,0,0,0,0,True
287,5,2,"[3, 2]","[[0, 2, 3], [2, 2]]",1,3,2,3,PP,"[[3], [2]]",2,1,0.0007115,20,0,0,0,0,0,0,True
287,5,2,"[3, 2]","[[0, 2, 3], [2, 2]]",1,3,2,5,PP,"[[3], [2]]",2,1,0.000721,20,0,0,0,0,0,0,True
287,5,2,"[3, 2]","[[0, 2, 3], [2, 2]]",1,3,3,1,PP,"[[1, 1, 1], [1, 1]]",5,6,0.0007215,20,0,0,0,0,0,0,True
287,5,2,"[3, 2]","[[0, 2, 3], [2, 2]]",1,3,3,2,PP,"[[2, 1], [2]]",3,2,0.000711,20,0,0,0,0,8,8/5,True
287,5,2,"[3, 2]","[[0, 2, 3], [2, 2]]",1,3,3,3,PP,"[[3], [2]]",2,1,0.000721,20,0,0,0,0,12,12/5,True
287,5,2,"[3, 2]","[[0, 2, 3], [2, 2]]",1,3,3,5,PP,"[[3], [2]]",2,1,0.000726,20,0,0,0,0,16,16/5,True
288,5,2,"[3, 2]","[[0, 2, 3], [2, 3]]",1,3,0,1,PP,"[[1, 1, 1], [1, 1]]",5,6,0.000731,20,0,0,0,0,0,0,True
288,5,2,"[3, 2]","[[0, 2, 3], [2, 3]]",1,3,0,2,PP,"[[1, 1, 1], [1, 1]]",5,6,0.000726,20,0,0,0,0,0,0,True
288,5,2,"[3, 2]","[[0, 2, 3], [2, 3]]",1,3,0,3,PP,"[[1, 1, 1], [1, 1]]",5,6,0.000741,20,0,0,0,0,0,0,True
288,5,2,"[3, 2]","[[0, 2, 3], [2, 3]]",1,3,0,5,PP,"[[1, 1, 1], [1, 1]]",5,6,0.000736,20,0,0,0,0,0,0,True
288,5,2,"[3, 2]","[[0, 2, 3], [2, 3]]",1,3,1,1,PP,"[[1, 1, 1], [1, 1]]",5,6,0.000721,20,0,0,0,0,0,0,True
288,5,2,"[3, 2]","[[0, 2, 3], [2, 3]]",1,3,1,2,PP,"[[1, 2], [2]]",3,2,0.000731,20,0,0,0,0,0,0,True
288,5,2,"[3, 2]","[[0, 2, 3], [2, 3]]",1,3,1,3,PP,"[[1, 2], [2]]",3,2,0.0007165,20,0,0,0,0,0,0,True
288,5,2,"[3, 2]","[[0, 2, 3], [2, 3]]",1,3,1,5,PP,"[[1, 2], [2]]",3,2,0.000706,20,0,0,0,0,0,0,True
288,5,2,"[3, 2]","[[0, 2, 3], [2, 3]]",1,3,2,1,PP,"[[1, 1, 1], [1, 1]]",5,6,0.000721,20,0,0,0,0,0,0,True
288,5,2,"[3, 2]","[[0, 2, 3], [2, 3]]",1,3,2,2,PP,"[[2, 1], [2]]",3,2,0.0007065,20,0,0,0,0,0,0,True
288,5,2,"[3, 2]","[[0, 2, 3], [2, 3]]",1,3,2,3,PP,"[[3], [2]]",2,1,0.000706,20,0,0,0,0,0,0,True
288,5,2,"[3, 2]","[[0, 2, 3], [2, 3]]",1,3,2,5,PP,"[[3], [2]]",2,1,0.000731,20,0,0,0,0,0,0,True
288,5,2,"[3, 2]","[[0, 2, 3], [2, 3]]",1,3,3,1,PP,"[[1, 1, 1], [1, 1]]",5,6,0.000751,20,0,0,0,0,0,0,True
288,5,2,"[3, 2]","[[0, 2, 3], [2, 3]]",1,3,3,2,PP,"[[2, 1], [2]]",3,2,0.000742,20,0,0,0,0,8,8/5,True
288,5,2,"[3, 2]","[[0, 2, 3], [2, 3]]",1,3,3,3,PP,"[[3], [2]]",2,1,0.000706,20,0,0,0,0,12,12/5,True
288,5,2,"[3, 2]","[[0, 2, 3], [2, 3]]",1,3,3,5,PP,"[[3], [2]]",2,1,0.000721,20,0,0,0,0,16,16/5,True
289,5,2,"[3, 2]","[[0, 2, 3], [3, 3]]",1,3,0,1,PP,"[[1, 1, 1], [1, 1]]",5,6,0.000731,20,0,0,0,0,0,0,True
289,5,2,"[3, 2]","[[0, 2, 3], [3, 3]]",1,3,0,2,PP,"[[1, 1, 1], [2]]",4,3,0.000721,20,0,0,0,0,0,0,True
289,5,2,"[3, 2]","[[0, 2, 3], [3, 3]]",1,3,0,3,PP,"[[1, 1, 1], [2]]",4,3,0.000711,20,0,0,0,0,0,0,True
289,5,2,"[3, 2]","[[0, 2, 3], [3, 3]]",1,3,0,5,PP,"[[1, 1, 1], [2]]",4,3,0.000711,20,0,0,0,0,0,0,True
289,5,2,"[3, 2]","[[0, 2, 3], [3, 3]]",1,3,1,1,PP,"[[1, 1, 1], [1, 1]]",5,6,0.000721,20,0,0,0,0,0,0,True
289,5,2,"[3, 2]","[[0, 2, 3], [3, 3]]",1,3,1,2,PP,"[[1, 2], [2]]",3,2,0.000706,20,0,0,0,0,0,0,True
289,5,2,"[3, 2]","[[0, 2, 3], [3, 3]]",1,3,1,3,PP,"[[1, 2], [2]]",3,2,0.000711,20,0,0,0,0,0,0,True
289,5,2,"[3, 2]","[[0, 2, 3], [3, 3]]",1,3,1,5,PP,"[[1, 2], [2]]",3,2,0.000706,20,0,0,0,0,0,0,True
289,5,2,"[3, 2]","[[0, 2, 3], [3, 3]]",1,3,2,1,PP,"[[1, 1, 1], [1, 1]]",5,6,0.000706,20,0,0,0,0,0,0,True
289,5,2,"[3, 2]","[[0, 2, 3], [3, 3]]",1,3,2,2,PP,"[[2, 1], [2]]",3,2,0.000731,20,0,0,0,0,0,0,True
289,5,2,"[3, 2]","[[0, 2, 3], [3, 3]]",1,3,2,3,PP,"[[3], [2]]",2,1,0.000721,20,0,0,0,0,0,0,True
289,5,2,"[3, 2]","[[0, 2, 3], [3, 3]]",1,3,2,5,PP,"[[3], [2]]",2,1,0.000726,20,0,0,0,0,0,0,True
289,5,2,"[3, 2]","[[0, 2, 3], [3, 3]]",1,3,3,1,PP,"[[1, 1, 1], [1, 1]]",5,6,0.000736,20,0,0,0,0,0,0,True
289,5,2,"[3, 2]","[[0, 2, 3], [3, 3]]",1,3,3,2,PP,"[[2, 1], [2]]",3,2,0.000726,20,0,0,0,0,8,8/5,True
289,5,2,"[3, 2]","[[0, 2, 3], [3, 3]]",1,3,3,3,PP,"[[3], [2]]",2,1,0.000731,20,0,0,0,0,12,12/5,True
289,5,2,"[3, 2]","[[0, 2, 3], [3, 3]]",1,3,3,5,PP,"[[3], [2]]",2,1,0.0007215,20,0,0,0,0,16,16/5,True
290,5,2,"[3, 2]","[[0, 3, 3], [0, 0]]",1,3,0,1,PP,"[[1, 1, 1], [1, 1]]",5,6,0.000741,20,0,0,0,0,0,0,True
290,5,2,"[3, 2]","[[0, 3, 3], [0, 0]]",1,3,0,2,PP,"[[1, 2], [2]]",3,2,0.000731,20,0,0,0,0,0,0,True
290,5,2,"[3, 2]","[[0, 3, 3], [0, 0]]",1,3,0,3,PP,"[[1, 2], [2]]",3,2,0.000721,20,0,0,0,0,0,0,True
290,5,2,"[3, 2]","[[0, 3, 3], [0, 0]]",1,3,0,5,PP,"[[1, 2], [2]]",3,2,0.000721,20,0,0,0,0,0,0,True
290,5,2,"[3, 2]","[[0, 3, 3], [0, 0]]",1,3,1,1,PP,"[[1, 1, 1], [1, 1]]",5,6,0.000736,20,0,0,0,0,0,0,True
290,5,2,"[3, 2]","[[0, 3, 3], [0, 0]]",1,3,1,2,PP,"[[1, 2], [2]]",3,2,0.0007365,20,0,0,0,0,0,0,True
290,5,2,"[3, 2]","[[0, 3, 3], [0, 0]]",1,3,1,3,PP,"[[1, 2], [2]]",3,2,0.000721,20,0,0,0,0,0,0,True
290,5,2,"[3, 2]","[[0, 3, 3], [0, 0]]",1,3,1,5,PP,"[[1, 2], [2]]",3,2,0.000706,20,0,0,0,0,0,0,True
290,5,2,"[3, 2]","[[0, 3, 3], [0, 0]]",1,3,2,1,PP,"[[1, 1, 1], [1, 1]]",5,6,0.000721,20,0,0,0,0,0,0,True
290,5,2,"[3, 2]","[[0, 3, 3], [0, 0]]",1,3,2,2,PP,"[[1, 2], [2]]",3,2,0.000742,20,0,0,0,0,0,0,True
290,5,2,"[3, 2]","[[0, 3, 3], [0, 0]]",1,3,2,3,PP,"[[1, 2], [2]]",3,2,0.000716,20,0,0,0,0,0,0,True
290,5,2,"[3, 2]","[[0, 3, 3], [0, 0]]",1,3,2,5,PP,"[[1, 2], [2]]",3,2,0.000716,20,0,0,0,0,0,0,True
290,5,2,"[3, 2]","[[0, 3, 3], [0, 0]]",1,3,3,1,PP,"[[1, 1, 1], [1, 1]]",5,6,0.000741,20,0,0,0,0,0,0,True
290,5,2,"[3, 2]","[[0, 3, 3], [0, 0]]",1,3,3,2,PP,"[[2, 1], [2]]",3,2,0.000706,20,0,0,4,4/5,8,8/5,True
290,5,2,"[3, 2]","[[0, 3, 3], [0, 0]]",1,3,3,3,PP,"[[3], [2]]",2,1,0.000721,20,0,0,4,4/5,12,12/5,True
290,5,2,"[3, 2]","[[0, 3, 3], [0, 0]]",1,3,3,5,PP,"[[3], [2]]",2,1,0.000711,20,0,0,4,4/5,16,16/5,True
291,5,2,"[3, 2]","[[0, 3, 3], [0, 1]]",1,3,0,1,PP,"[[1, 1, 1], [1, 1]]",5,6,0.000721,20,0,0,0,0,0,0,True
291,5,2,"[3, 2]","[[0, 3, 3], [0, 1]]",1,3,0,2,PP,"[[1, 2], [1, 1]]",4,4,0.000711,20,0,0,0,0,0,0,True
291,5,2,"[3, 2]","[[0, 3, 3], [0, 1]]",1,3,0,3,PP,"[[1, 2], [1, 1]]",4,4,0.000701,20,0,0,0,0,0,0,True
291,5,2,"[3, 2]","[[0, 3, 3], [0, 1]]",1,3,0,5,PP,"[[1, 2], [1, 1]]",4,4,0.000721,20,0,0,0,0,0,0,True
291,5,2,"[3, 2]","[[0, 3, 3], [0, 1]]",1,3,1,1,PP,"[[1, 1, 1], [1, 1]]",5,6,0.000721,20,0,0,0,0,0,0,True
291,5,2,"[3, 2]","[[0, 3, 3], [0, 1]]",1,3,1,2,PP,"[[1, 2], [2]]",3,2,0.000711,20,0,0,0,0,0,0,True
291,5,2,"[3, 2]","[[0, 3, 3], [0, 1]]",1,3,1,3,PP,"[[1, 2], [2]]",3,2,0.000716,20,0,0,0,0,0,0,True
291,5,2,"[3, 2]","[[0, 3, 3], [0, 1]]",1,3,1,5,PP,"[[1, 2], [2]]",3,2,0.000721,20,0,0,0,0,0,0,True
291,5,2,"[3, 2]","[[0, 3, 3], [0, 1]]",1,3,2,1,PP,"[[1, 1, 1], [1, 1]]",5,6,0.000721,20,0,0,0,0,0,0,True
291,5,2,"[3, 2]","[[0, 3, 3], [0, 1]]",1,3,2,2,PP,"[[1, 2], [2]]",3,2,0.000701,20,0,0,0,0,0,0,True
291,5,2,"[3, 2]","[[0, 3, 3], [0, 1]]",1,3,2,3,PP,"[[1, 2], [2]]",3,2,0.000716,20,0,0,0,0,0,0,True
291,5,2,"[3, 2]","[[0, 3, 3], [0, 1]]",1,3,2,5,PP,"[[1, 2], [2]]",3,2,0.000711,20,0,0,0,0,0,0,True
291,5,2,"[3, 2]","[[0, 3, 3], [0, 1]]",1,3,3,1,PP,"[[1, 1, 1], [1, 1]]",5,6,0.000741,20,0,0,0,0,0,0,True
291,5,2,"[3, 2]","[[0, 3, 3], [0, 1]]",1,3,3,2,PP,"[[2, 1], [2]]",3,2,0.000731,20,0,0,4,4/5,8,8/5,True
291,5,2,"[3, 2]","[[0, 3, 3], [0, 1]]",1,3,3,3,PP,"[[3], [2]]",2,1,0.000731,20,0,0,4,4/5,12,12/5,True
291,5,2,"[3, 2]","[[0, 3, 3], [0, 1]]",1,3,3,5,PP,"[[3], [2]]",2,1,0.000741,20,0,0,4,4/5,16,16/5,True
292,5,2,"[3, 2]","[[0, 3, 3], [0, 2]]",1,3,0,1,PP,"[[1, 1, 1], [1, 1]]",5,6,0.0007215,20,0,0,0,0,0,0,True
292,5,2,"[3, 2]","[[0, 3, 3], [0, 2]]",1,3,0,2,PP,"[[1, 2], [1, 1]]",4,4,0.0007315,20,0,0,0,0,0,0,True
292,5,2,"[3, 2]","[[0, 3, 3], [0, 2]]",1,3,0,3,PP,"[[1, 2], [1, 1]]",4,4,0.000731,20,0,0,0,0,0,0,True
292,5,2,"[3, 2]","[[0, 3, 3], [0, 2]]",1,3,0,5,PP,"[[1, 2], [1, 1]]",4,4,0.000721,20,0,0,0,0,0,0,True
292,5,2,"[3, 2]","[[0, 3, 3], [0, 2]]",1,3,1,1,PP,"[[1, 1, 1], [1, 1]]",5,6,0.000726,20,0,0,0,0,0,0,True
292,5,2,"[3, 2]","[[0, 3, 3], [0, 2]]",1,3,1,2,PP,"[[1, 2], [1, 1]]",4,4,0.000711,20,0,0,0,0,0,0,True
292,5,2,"[3, 2]","[[0, 3, 3], [0, 2]]",1,3,1,3,PP,"[[1, 2], [1, 1]]",4,4,0.000731,20,0,0,0,0,0,0,True
292,5,2,"[3, 2]","[[0, 3, 3], [0, 2]]",1,3,1,5,PP,"[[1, 2], [1, 1]]",4,4,0.000716,20,0,0,0,0,0,0,True
292,5,2,"[3, 2]","[[0, 3, 3], [0, 2]]",1,3,2,1,PP,"[[1, 1, 1], [1, 1]]",5,6,0.000726,20,0,0,0,0,0,0,True
292,5,2,"[3, 2]","[[0, 3, 3], [0, 2]]",1,3,2,2,PP,"[[1, 2], [2]]",3,2,0.0007065,20,0,0,0,0,0,0,True
292,5,2,"[3, 2]","[[0, 3, 3], [0, 2]]",1,3,2,3,PP,"[[1, 2], [2]]",3,2,0.0007215,20,0,0,0,0,0,0,True
292,5,2,"[3, 2]","[[0, 3, 3], [0, 2]]",1,3,2,5,PP,"[[1, 2], [2]]",3,2,0.000726,20,0,0,0,0,0,0,True
292,5,2,"[3, 2]","[[0, 3, 3], [0, 2]]",1,3,3,1,PP,"[[1, 1, 1], [1, 1]]",5,6,0.0007315,20,0,0,0,0,0,0,True
292,5,2,"[3, 2]","[[0, 3, 3], [0, 2]]",1,3,3,2,PP,"[[2, 1], [2]]",3,2,0.0007315,20,0,0,4,4/5,8,8/5,True
292,5,2,"[3, 2]","[[0, 3, 3], [0, 2]]",1,3,3,3,PP,"[[3], [2]]",2,1,0.000741,20,0,0,4,4/5,12,12/5,True
292,5,2,"[3, 2]","[[0, 3, 3], [0, 2]]",1,3,3,5,PP,"[[3], [2]]",2,1,0.000726,20,0,0,4,4/5,16,16/5,True
293,5,2,"[3, 2]","[[0, 3, 3], [0, 3]]",1,3,0,1,PP,"[[1, 1, 1], [1, 1]]",5,6,0.000741,20,0,0,0,0,0,0,True
293,5,2,"[3, 2]","[[0, 3, 3], [0, 3]]",1,3,0,2,PP,"[[1, 2], [1, 1]]",4,4,0.000721,20,0,0,0,0,0,0,True
293,5,2,"[3, 2]","[[0, 3, 3], [0, 3]]",1,3,0,3,PP,"[[1, 2], [1, 1]]",4,4,0.000711,20,0,0,0,0,0,0,True
293,5,2,"[3, 2]","[[0, 3, 3], [0, 3]]",1,3,0,5,PP,"[[1, 2], [1, 1]]",4,4,0.000716,20,0,0,0,0,0,0,True
293,5,2,"[3, 2]","[[0, 3, 3], [0, 3]]",1,3,1,1,PP,"[[1, 1, 1], [1, 1]]",5,6,0.000716,20,0,0,0,0,0,0,True
293,5,2,"[3, 2]","[[0, 3, 3], [0, 3]]",1,3,1,2,PP,"[[1, 2], [1, 1]]",4,4,0.000716,20,0,0,0,0,0,0,True
293,5,2,"[3, 2]","[[0, 3, 3], [0, 3]]",1,3,1,3,PP,"[[1, 2], [1, 1]]",4,4,0.000711,20,0,0,0,0,0,0,True
293,5,2,"[3, 2]","[[0, 3, 3], [0, 3]]",1,3,1,5,PP,"[[1, 2], [1, 1]]",4,4,0.000711,20,0,0,0,0,0,0,True
293,5,2,"[3, 2]","[[0, 3, 3], [0, 3]]",1,3,2,1,PP,"[[1, 1, 1], [1, 1]]",5,6,0.000731,20,0,0,0,0,0,0,True
293,5,2,"[3, 2]","[[0, 3, 3], [0, 3]]",1,3,2,2,PP,"[[1, 2], [1, 1]]",4,4,0.000726,20,0,0,0,0,0,0,True
293,5,2,"[3, 2]","[[0, 3, 3], [0, 3]]",1,3,2,3,PP,"[[1, 2], [1, 1]]",4,4,0.000721,20,0,0,0,0,0,0,True
293,5,2,"[3, 2]","[[0, 3, 3], [0, 3]]",1,3,2,5,PP,"[[1, 2], [1, 1]]",4,4,0.000736,20,0,0,0,0,0,0,True
293,5,2,"[3, 2]","[[0, 3, 3], [0, 3]]",1,3,3,1,PP,"[[1, 1, 1], [1, 1]]",5,6,0.000732,20,0,0,0,0,0,0,True
293,5,2,"[3, 2]","[[0, 3, 3], [0, 3]]",1,3,3,2,PP,"[[2, 1], [2]]",3,2,0.0007265,20,2,2/5,8,8/5,8,8/5,True
293,5,2,"[3, 2]","[[0, 3, 3], [0, 3]]",1,3,3,3,PP,"[[3], [2]]",2,1,0.000731,20,2,2/5,8,8/5,12,12/5,True
293,5,2,"[3, 2]","[[0, 3, 3], [0, 3]]",1,3,3,5,PP,"[[3], [2]]",2,1,0.000726,20,2,2/5,8,8/5,16,16/5,True
294,5,2,"[3, 2]","[[0, 3, 3], [1, 1]]",1,3,0,1,PP,"[[1, 1, 1], [1, 1]]",5,6,0.000741,20,0,0,0,0,0,0,True
294,5,2,"[3, 2]","[[0, 3, 3], [1, 1]]",1,3,0,2,PP,"[[1, 2], [2]]",3,2,0.000736,20,0,0,0,0,0,0,True
294,5,2,"[3, 2]","[[0, 3, 3], [1, 1]]",1,3,0,3,PP,"[[1, 2], [2]]",3,2,0.000726,20,0,0,0,0,0,0,True
294,5,2,"[3, 2]","[[0, 3, 3], [1, 1]]",1,3,0,5,PP,"[[1, 2], [2]]",3,2,0.000726,20,0,0,0,0,0,0,True
294,5,2,"[3, 2]","[[0, 3, 3], [1, 1]]",1,3,1,1,PP,"[[1, 1, 1], [1, 1]]",5,6,0.000721,20,0,0,0,0,0,0,True
294,5,2,"[3, 2]","[[0, 3, 3], [1, 1]]",1,3,1,2,PP,"[[1, 2], [2]]",3,2,0.000726,20,0,0,0,0,0,0,True
294,5,2,"[3, 2]","[[0, 3, 3], [1, 1]]",1,3,1,3,PP,"[[1, 2], [2]]",3,2,0.000731,20,0,0,0,0,0,0,True
294,5,2,"[3, 2]","[[0, 3, 3], [1, 1]]",1,3,1,5,PP,"[[1, 2], [2]]",3,2,0.000731,20,0,0,0,0,0,0,True
294,5,2,"[3, 2]","[[0, 3, 3], [1, 1]]",1,3,2,1,PP,"[[1, 1, 1], [1, 1]]",5,6,0.000761,20,0,0,0,0,0,0,True
294,5,2,"[3, 2]","[[0, 3, 3], [1, 1]]",1,3,2,2,PP,"[[1, 2], [2]]",3,2,0.000721,20,0,0,0,0,0,0,True
294,5,2,"[3, 2]","[[0, 3, 3], [1, 1]]",1,3,2,3,PP,"[[1, 2], [2]]",3,2,0.000731,20,0,0,0,0,0,0,True
294,5,2,"[3, 2]","[[0, 3, 3], [1, 1]]",1,3,2,5,PP,"[[1, 2], [2]]",3,2,0.000731,20,0,0,0,0,0,0,True
294,5,2,"[3, 2]","[[0, 3, 3], [1, 1]]",1,3,3,1,PP,"[[1, 1, 1], [1, 1]]",5,6,0.000736,20,0,0,0,0,0,0,True
294,5,2,"[3, 2]","[[0, 3, 3], [1, 1]]",1,3,3,2,PP,"[[2, 1], [2]]",3,2,0.000731,20,0,0,4,4/5,8,8/5,True
294,5,2,"[3, 2]","[[0, 3, 3], [1, 1]]",1,3,3,3,PP,"[[3], [2]]",2,1,0.000721,20,0,0,4,4/5,12,12/5,True
294,5,2,"[3, 2]","[[0, 3, 3], [1, 1]]",1,3,3,5,PP,"[[3], [2]]",2,1,0.000721,20,0,0,4,4/5,16,16/5,True
295,5,2,"[3, 2]","[[0, 3, 3], [1, 2]]",1,3,0,1,PP,"[[1, 1, 1], [1, 1]]",5,6,0.000721,20,0,0,0,0,0,0,True
295,5,2,"[3, 2]","[[0, 3, 3], [1, 2]]",1,3,0,2,PP,"[[1, 2], [1, 1]]",4,4,0.000721,20,0,0,0,0,0,0,True
295,5,2,"[3, 2]","[[0, 3, 3], [1, 2]]",1,3,0,3,PP,"[[1, 2], [1, 1]]",4,4,0.000721,20,0,0,0,0,0,0,True
295,5,2,"[3, 2]","[[0, 3, 3], [1, 2]]",1,3,0,5,PP,"[[1, 2], [1, 1]]",4,4,0.000731,20,0,0,0,0,0,0,True
295,5,2,"[3, 2]","[[0, 3, 3], [1, 2]]",1,3,1,1,PP,"[[1, 1, 1], [1, 1]]",5,6,0.000751,20,0,0,0,0,0,0,True
295,5,2,"[3, 2]","[[0, 3, 3], [1, 2]]",1,3,1,2,PP,"[[1, 2], [2]]",3,2,0.000721,20,0,0,0,0,0,0,True
295,5,2,"[3, 2]","[[0, 3, 3], [1, 2]]",1,3,1,3,PP,"[[1, 2], [2]]",3,2,0.000721,20,0,0,0,0,0,0,True
295,5,2,"[3, 2]","[[0, 3, 3], [1, 2]]",1,3,1,5,PP,"[[1, 2], [2]]",3,2,0.000726,20,0,0,0,0,0,0,True
295,5,2,"[3, 2]","[[0, 3, 3], [1, 2]]",1,3,2,1,PP,"[[1, 1, 1], [1, 1]]",5,6,0.000731,20,0,0,0,0,0,0,True
295,5,2,"[3, 2]","[[0, 3, 3], [1, 2]]",1,3,2,2,PP,"[[1, 2], [2]]",3,2,0.000731,20,0,0,0,0,0,0,True
295,5,2,"[3, 2]","[[0, 3, 3], [1, 2]]",1,3,2,3,PP,"[[1, 2], [2]]",3,2,0.000721,20,0,0,0,0,0,0,True
295,5,2,"[3, 2]","[[0, 3, 3], [1, 2]]",1,3,2,5,PP,"[[1, 2], [2]]",3,2,0.000711,20,0,0,0,0,0,0,True
295,5,2,"[3, 2]","[[0, 3, 3], [1, 2]]",1,3,3,1,PP,"[[1, 1, 1], [1, 1]]",5,6,0.000726,20,0,0,0,0,0,0,True
295,5,2,"[3, 2]","[[0, 3, 3], [1, 2]]",1,3,3,2,PP,"[[2, 1], [2]]",3,2,0.000751,20,0,0,4,4/5,8,8/5,True
295,5,2,"[3, 2]","[[0, 3, 3], [1, 2]]",1,3,3,3,PP,"[[3], [2]]",2,1,0.0007365,20,0,0,4,4/5,12,12/5,True
295,5,2,"[3, 2]","[[0, 3, 3], [1, 2]]",1,3,3,5,PP,"[[3], [2]]",2,1,0.000691,20,0,0,4,4/5,16,16/5,True
296,5,2,"[3, 2]","[[0, 3, 3], [1, 3]]",1,3,0,1,PP,"[[1, 1, 1], [1, 1]]",5,6,0.000731,20,0,0,0,0,0,0,True
296,5,2,"[3, 2]","[[0, 3, 3], [1, 3]]",1,3,0,2,PP,"[[1, 2], [1, 1]]",4,4,0.000706,20,0,0,0,0,0,0,True
296,5,2,"[3, 2]","[[0, 3, 3], [1, 3]]",1,3,0,3,PP,"[[1, 2], [1, 1]]",4,4,0.000726,20,0,0,0,0,0,0,True
296,5,2,"[3, 2]","[[0, 3, 3], [1, 3]]",1,3,0,5,PP,"[[1, 2], [1, 1]]",4,4,0.000701,20,0,0,0,0,0,0,True
296,5,2,"[3, 2]","[[0, 3, 3], [1, 3]]",1,3,1,1,PP,"[[1, 1, 1], [1, 1]]",5,6,0.0007215,20,0,0,0,0,0,0,True
296,5,2,"[3, 2]","[[0, 3, 3], [1, 3]]",1,3,1,2,PP,"[[1, 2], [1, 1]]",4,4,0.000711,20,0,0,0,0,0,0,True
296,5,2,"[3, 2]","[[0, 3, 3], [1, 3]]",1,3,1,3,PP,"[[1, 2], [1, 1]]",4,4,0.000721,20,0,0,0,0,0,0,True
296,5,2,"[3, 2]","[[0, 3, 3], [1, 3]]",1,3,1,5,PP,"[[1, 2], [1, 1]]",4,4,0.0007165,20,0,0,0,0,0,0,True
296,5,2,"[3, 2]","[[0, 3, 3], [1, 3]]",1,3,2,1,PP,"[[1, 1, 1], [1, 1]]",5,6,0.0007315,20,0,0,0,0,0,0,True
296,5,2,"[3, 2]","[[0, 3, 3], [1, 3]]",1,3,2,2,PP,"[[1, 2], [2]]",3,2,0.000731,20,0,0,0,0,0,0,True
296,5,2,"[3, 2]","[[0, 3, 3], [1, 3]]",1,3,2,3,PP,"[[1, 2], [2]]",3,2,0.000711,20,0,0,0,0,0,0,True
296,5,2,"[3, 2]","[[0, 3, 3], [1, 3]]",1,3,2,5,PP,"[[1, 2], [2]]",3,2,0.0007165,20,0,0,0,0,0,0,True
296,5,2,"[3, 2]","[[0, 3, 3], [1, 3]]",1,3,3,1,PP,"[[1, 1, 1], [1, 1]]",5,6,0.000736,20,0,0,0,0,0,0,True
296,5,2,"[3, 2]","[[0, 3, 3], [1, 3]]",1,3,3,2,PP,"[[2, 1], [2]]",3,2,0.000731,20,0,0,4,4/5,8,8/5,True
296,5,2,"[3, 2]","[[0, 3, 3], [1, 3]]",1,3,3,3,PP,"[[3], [2]]",2,1,0.000721,20,0,0,4,4/5,12,12/5,True
296,5,2,"[3, 2]","[[0, 3, 3], [1, 3]]",1,3,3,5,PP,"[[3], [2]]",2,1,0.000711,20,0,0,4,4/5,16,16/5,True
297,5,2,"[3, 2]","[[0, 3, 3], [2, 2]]",1,3,0,1,PP,"[[1, 1, 1], [1, 1]]",5,6,0.000731,20,0,0,0,0,0,0,True
297,5,2,"[3, 2]","[[0, 3, 3], [2, 2]]",1,3,0,2,PP,"[[1, 2], [2]]",3,2,0.000726,20,0,0,0,0,0,0,True
297,5,2,"[3, 2]","[[0, 3, 3], [2, 2]]",1,3,0,3,PP,"[[1, 2], [2]]",3,2,0.000721,20,0,0,0,0,0,0,True
297,5,2,"[3, 2]","[[0, 3, 3], [2, 2]]",1,3,0,5,PP,"[[1, 2], [2]]",3,2,0.000716,20,0,0,0,0,0,0,True
297,5,2,"[3, 2]","[[0, 3, 3], [2, 2]]",1,3,1,1,PP,"[[1, 1, 1], [1, 1]]",5,6,0.000751,20,0,0,0,0,0,0,True
297,5,2,"[3, 2]","[[0, 3, 3], [2, 2]]",1,3,1,2,PP,"[[1, 2], [2]]",3,2,0.000741,20,0,0,0,0,0,0,True
297,5,2,"[3, 2]","[[0, 3, 3], [2, 2]]",1,3,1,3,PP,"[[1, 2], [2]]",3,2,0.000731,20,0,0,0,0,0,0,True
297,5,2,"[3, 2]","[[0, 3, 3], [2, 2]]",1,3,1,5,PP,"[[1, 2], [2]]",3,2,0.0007065,20,0,0,0,0,0,0,True
297,5,2,"[3, 2]","[[0, 3, 3], [2, 2]]",1,3,2,1,PP,"[[1, 1, 1], [1, 1]]",5,6,0.000736,20,0,0,0,0,0,0,True
297,5,2,"[3, 2]","[[0, 3, 3], [2, 2]]",1,3,2,2,PP,"[[1, 2], [2]]",3,2,0.0007215,20,0,0,0,0,0,0,True
297,5,2,"[3, 2]","[[0, 3, 3], [2, 2]]",1,3,2,3,PP,"[[1, 2], [2]]",3,2,0.0007165,20,0,0,0,0,0,0,True
297,5,2,"[3, 2]","[[0, 3, 3], [2, 2]]",1,3,2,5,PP,"[[1, 2], [2]]",3,2,0.000726,20,0,0,0,0,0,0,True
297,5,2,"[3, 2]","[[0, 3, 3], [2, 2]]",1,3,3,1,PP,"[[1, 1, 1], [1, 1]]",5,6,0.000726,20,0,0,0,0,0,0,True
297,5,2,"[3, 2]","[[0, 3, 3], [2, 2]]",1,3,3,2,PP,"[[2, 1], [2]]",3,2,0.000716,20,0,0,4,4/5,8,8/5,True
297,5,2,"[3, 2]","[[0, 3, 3], [2, 2]]",1,3,3,3,PP,"[[3], [2]]",2,1,0.000716,20,0,0,4,4/5,12,12/5,True
297,5,2,"[3, 2]","[[0, 3, 3], [2, 2]]",1,3,3,5,PP,"[[3], [2]]",2,1,0.000706,20,0,0,4,4/5,16,16/5,True
298,5,2,"[3, 2]","[[0, 3, 3], [2, 3]]",1,3,0,1,PP,"[[1, 1, 1], [1, 1]]",5,6,0.000731,20,0,0,0,0,0,0,True
298,5,2,"[3, 2]","[[0, 3, 3], [2, 3]]",1,3,0,2,PP,"[[1, 2], [1, 1]]",4,4,0.000706,20,0,0,0,0,0,0,True
298,5,2,"[3, 2]","[[0, 3, 3], [2, 3]]",1,3,0,3,PP,"[[1, 2], [1, 1]]",4,4,0.000741,20,0,0,0,0,0,0,True
298,5,2,"[3, 2]","[[0, 3, 3], [2, 3]]",1,3,0,5,PP,"[[1, 2], [1, 1]]",4,4,0.000731,20,0,0,0,0,0,0,True
298,5,2,"[3, 2]","[[0, 3, 3], [2, 3]]",1,3,1,1,PP,"[[1, 1, 1], [1, 1]]",5,6,0.000741,20,0,0,0,0,0,0,True
298,5,2,"[3, 2]","[[0, 3, 3], [2, 3]]",1,3,1,2,PP,"[[1, 2], [2]]",3,2,0.0007215,20,0,0,0,0,0,0,True
298,5,2,"[3, 2]","[[0, 3, 3], [2, 3]]",1,3,1,3,PP,"[[1, 2], [2]]",3,2,0.000721,20,0,0,0,0,0,0,True
298,5,2,"[3, 2]","[[0, 3, 3], [2, 3]]",1,3,1,5,PP,"[[1, 2], [2]]",3,2,0.000731,20,0,0,0,0,0,0,True
298,5,2,"[3, 2]","[[0, 3, 3], [2, 3]]",1,3,2,1,PP,"[[1, 1, 1], [1, 1]]",5,6,0.000761,20,0,0,0,0,0,0,True
298,5,2,"[3, 2]","[[0, 3, 3], [2, 3]]",1,3,2,2,PP,"[[1, 2], [2]]",3,2,0.000721,20,0,0,0,0,0,0,True
298,5,2,"[3, 2]","[[0, 3, 3], [2, 3]]",1,3,2,3,PP,"[[1, 2], [2]]",3,2,0.000726,20,0,0,0,0,0,0,True
298,5,2,"[3, 2]","[[0, 3, 3], [2, 3]]",1,3,2,5,PP,"[[1, 2], [2]]",3,2,0.000731,20,0,0,0,0,0,0,True
298,5,2,"[3, 2]","[[0, 3, 3], [2, 3]]",1,3,3,1,PP,"[[1, 1, 1], [1, 1]]",5,6,0.0007415,20,0,0,0,0,0,0,True
298,5,2,"[3, 2]","[[0, 3, 3], [2, 3]]",1,3,3,2,PP,"[[2, 1], [2]]",3,2,0.0007315,20,0,0,4,4/5,8,8/5,True
298,5,2,"[3, 2]","[[0, 3, 3], [2, 3]]",1,3,3,3,PP,"[[3], [2]]",2,1,0.000726,20,0,0,4,4/5,12,12/5,True
298,5,2,"[3, 2]","[[0, 3, 3], [2, 3]]",1,3,3,5,PP,"[[3], [2]]",2,1,0.000731,20,0,0,4,4/5,16,16/5,True
299,5,2,"[3, 2]","[[0, 3, 3], [3, 3]]",1,3,0,1,PP,"[[1, 1, 1], [1, 1]]",5,6,0.000741,20,0,0,0,0,0,0,True
299,5,2,"[3, 2]","[[0, 3, 3], [3, 3]]",1,3,0,2,PP,"[[1, 2], [2]]",3,2,0.0007365,20,0,0,0,0,0,0,True
299,5,2,"[3, 2]","[[0, 3, 3], [3, 3]]",1,3,0,3,PP,"[[1, 2], [2]]",3,2,0.0007265,20,0,0,0,0,0,0,True
299,5,2,"[3, 2]","[[0, 3, 3], [3, 3]]",1,3,0,5,PP,"[[1, 2], [2]]",3,2,0.000731,20,0,0,0,0,0,0,True
299,5,2,"[3, 2]","[[0, 3, 3], [3, 3]]",1,3,1,1,PP,"[[1, 1, 1], [1, 1]]",5,6,0.000731,20,0,0,0,0,0,0,True
299,5,2,"[3, 2]","[[0, 3, 3], [3, 3]]",1,3,1,2,PP,"[[1, 2], [2]]",3,2,0.000721,20,0,0,0,0,0,0,True
299,5,2,"[3, 2]","[[0, 3, 3], [3, 3]]",1,3,1,3,PP,"[[1, 2], [2]]",3,2,0.000731,20,0,0,0,0,0,0,True
299,5,2,"[3, 2]","[[0, 3, 3], [3, 3]]",1,3,1,5,PP,"[[1, 2], [2]]",3,2,0.000721,20,0,0,0,0,0,0,True
299,5,2,"[3, 2]","[[0, 3, 3], [3, 3]]",1,3,2,1,PP,"[[1, 1, 1], [1, 1]]",5,6,0.000736,20,0,0,0,0,0,0,True
299,5,2,"[3, 2]","[[0, 3, 3], [3, 3]]",1,3,2,2,PP,"[[1, 2], [2]]",3,2,0.000711,20,0,0,0,0,0,0,True
299,5,2,"[3, 2]","[[0, 3, 3], [3, 3]]",1,3,2,3,PP,"[[1, 2], [2]]",3,2,0.0007215,20,0,0,0,0,0,0,True
299,5,2,"[3, 2]","[[0, 3, 3], [3, 3]]",1,3,2,5,PP,"[[1, 2], [2]]",3,2,0.000721,20,0,0,0,0,0,0,True
299,5,2,"[3, 2]","[[0, 3, 3], [3, 3]]",1,3,3,1,PP,"[[1, 1, 1], [1, 1]]",5,6,0.000731,20,0,0,0,0,0,0,True
299,5,2,"[3, 2]","[[0, 3, 3], [3, 3]]",1,3,3,2,PP,"[[2, 1], [2]]",3,2,0.000731,20,0,0,4,4/5,8,8/5,True
299,5,2,"[3, 2]","[[0, 3, 3], [3, 3]]",1,3,3,3,PP,"[[3], [2]]",2,1,0.000706,20,0,0,4,4/5,12,12/5,True
299,5,2,"[3, 2]","[[0, 3, 3], [3, 3]]",1,3,3,5,PP,"[[3], [2]]",2,1,0.000731,20,0,0,4,4/5,16,16/5,True
300,5,2,"[3, 2]","[[1, 1, 1], [0, 0]]",1,3,0,1,PP,"[[1, 1, 1], [1, 1]]",5,6,0.000741,20,0,0,0,0,0,0,True
300,5,2,"[3, 2]","[[1, 1, 1], [0, 0]]",1,3,0,2,PP,"[[2, 1], [2]]",3,2,0.0007465,20,0,0,0,0,0,0,True
300,5,2,"[3, 2]","[[1, 1, 1], [0, 0]]",1,3,0,3,PP,"[[3], [2]]",2,1,0.000726,20,0,0,0,0,0,0,True
300,5,2,"[3, 2]","[[1, 1, 1], [0, 0]]",1,3,0,5,PP,"[[3], [2]]",2,1,0.0007265,20,0,0,0,0,0,0,True
300,5,2,"[3, 2]","[[1, 1, 1], [0, 0]]",1,3,1,1,PP,"[[1, 1, 1], [1, 1]]",5,6,0.000761,20,0,0,0,0,0,0,True
300,5,2,"[3, 2]","[[1, 1, 1], [0, 0]]",1,3,1,2,PP,"[[2, 1], [2]]",3,2,0.000711,20,0,0,0,0,0,0,True
300,5,2,"[3, 2]","[[1, 1, 1], [0, 0]]",1,3,1,3,PP,"[[3], [2]]",2,1,0.000741,20,0,0,0,0,0,0,True
300,5,2,"[3, 2]","[[1, 1, 1], [0, 0]]",1,3,1,5,PP,"[[3], [2]]",2,1,0.000741,20,0,0,0,0,0,0,True
300,5,2,"[3, 2]","[[1, 1, 1], [0, 0]]",1,3,2,1,PP,"[[1, 1, 1], [1, 1]]",5,6,0.000731,20,0,0,0,0,0,0,True
300,5,2,"[3, 2]","[[1, 1, 1], [0, 0]]",1,3,2,2,PP,"[[2, 1], [2]]",3,2,0.000746,20,0,0,0,0,0,0,True
300,5,2,"[3, 2]","[[1, 1, 1], [0, 0]]",1,3,2,3,PP,"[[3], [2]]",2,1,0.000721,20,0,0,0,0,0,0,True
300,5,2,"[3, 2]","[[1, 1, 1], [0, 0]]",1,3,2,5,PP,"[[3], [2]]",2,1,0.000731,20,0,0,0,0,0,0,True
300,5,2,"[3, 2]","[[1, 1, 1], [0, 0]]",1,3,3,1,PP,"[[1, 1, 1], [1, 1]]",5,6,0.0007515,20,0,0,0,0,0,0,True
300,5,2,"[3, 2]","[[1, 1, 1], [0, 0]]",1,3,3,2,PP,"[[2, 1], [2]]",3,2,0.000756,20,0,0,0,0,8,8/5,True
300,5,2,"[3, 2]","[[1, 1, 1], [0, 0]]",1,3,3,3,PP,"[[3], [2]]",2,1,0.000721,20,0,0,0,0,12,12/5,True
300,5,2,"[3, 2]","[[1, 1, 1], [0, 0]]",1,3,3,5,PP,"[[3], [2]]",2,1,0.000721,20,0,0,0,0,16,16/5,True
301,5,2,"[3, 2]","[[1, 1, 1], [0, 1]]",1,3,0,1,PP,"[[1, 1, 1], [1, 1]]",5,6,0.000746,20,0,0,0,0,0,0,True
301,5,2,"[3, 2]","[[1, 1, 1], [0, 1]]",1,3,0,2,PP,"[[2, 1], [1, 1]]",4,4,0.0007415,20,0,0,0,0,0,0,True
301,5,2,"[3, 2]","[[1, 1, 1], [0, 1]]",1,3,0,3,PP,"[[3], [1, 1]]",3,2,0.000721,20,0,0,0,0,0,0,True
301,5,2,"[3, 2]","[[1, 1, 1], [0, 1]]",1,3,0,5,PP,"[[3], [1, 1]]",3,2,0.000726,20,0,0,0,0,0,0,True
301,5,2,"[3, 2]","[[1, 1, 1], [0, 1]]",1,3,1,1,PP,"[[1, 1, 1], [1, 1]]",5,6,0.0007515,20,0,0,0,0,0,0,True
301,5,2,"[3, 2]","[[1, 1, 1], [0, 1]]",1,3,1,2,PP,"[[2, 1], [2]]",3,2,0.000731,20,0,0,0,0,0,0,True
301,5,2,"[3, 2]","[[1, 1, 1], [0, 1]]",1,3,1,3,PP,"[[3], [2]]",2,1,0.000721,20,0,0,0,0,0,0,True
301,5,2,"[3, 2]","[[1, 1, 1], [0, 1]]",1,3,1,5,PP,"[[3], [2]]",2,1,0.000716,20,0,0,0,0,0,0,True
301,5,2,"[3, 2]","[[1, 1, 1], [0, 1]]",1,3,2,1,PP,"[[1, 1, 1], [1, 1]]",5,6,0.000726,20,0,0,0,0,0,0,True
301,5,2,"[3, 2]","[[1, 1, 1], [0, 1]]",1,3,2,2,PP,"[[2, 1], [2]]",3,2,0.0007365,20,0,0,0,0,0,0,True
301,5,2,"[3, 2]","[[1, 1, 1], [0, 1]]",1,3,2,3,PP,"[[3], [2]]",2,1,0.000711,20,0,0,0,0,0,0,True
301,5,2,"[3, 2]","[[1, 1, 1], [0, 1]]",1,3,2,5,PP,"[[3], [2]]",2,1,0.000751,20,0,0,0,0,0,0,True
301,5,2,"[3, 2]","[[1, 1, 1], [0, 1]]",1,3,3,1,PP,"[[1, 1, 1], [1, 1]]",5,6,0.000756,20,0,0,0,0,0,0,True
301,5,2,"[3, 2]","[[1, 1, 1], [0, 1]]",1,3,3,2,PP,"[[2, 1], [2]]",3,2,0.000761,20,0,0,0,0,8,8/5,True
301,5,2,"[3, 2]","[[1, 1, 1], [0, 1]]",1,3,3,3,PP,"[[3], [2]]",2,1,0.000721,20,0,0,0,0,12,12/5,True
301,5,2,"[3, 2]","[[1, 1, 1], [0, 1]]",1,3,3,5,PP,"[[3], [2]]",2,1,0.000711,20,0,0,0,0,16,16/5,True
302,5,2,"[3, 2]","[[1, 1, 1], [0, 2]]",1,3,0,1,PP,"[[1, 1, 1], [1, 1]]",5,6,0.0007265,20,0,0,0,0,0,0,True
302,5,2,"[3, 2]","[[1, 1, 1], [0, 2]]",1,3,0,2,PP,"[[2, 1], [1, 1]]",4,4,0.000721,20,0,0,0,0,0,0,True
302,5,2,"[3, 2]","[[1, 1, 1], [0, 2]]",1,3,0,3,PP,"[[3], [1, 1]]",3,2,0.000701,20,0,0,0,0,0,0,True
302,5,2,"[3, 2]","[[1, 1, 1], [0, 2]]",1,3,0,5,PP,"[[3], [1, 1]]",3,2,0.000731,20,0,0,0,0,0,0,True
302,5,2,"[3, 2]","[[1, 1, 1], [0, 2]]",1,3,1,1,PP,"[[1, 1, 1], [1, 1]]",5,6,0.000736,20,0,0,0,0,0,0,True
302,5,2,"[3, 2]","[[1, 1, 1], [0, 2]]",1,3,1,2,PP,"[[2, 1], [1, 1]]",4,4,0.000706,20,0,0,0,0,0,0,True
302,5,2,"[3, 2]","[[1, 1, 1], [0, 2]]",1,3,1,3,PP,"[[3], [1, 1]]",3,2,0.000731,20,0,0,0,0,0,0,True
302,5,2,"[3, 2]","[[1, 1, 1], [0, 2]]",1,3,1,5,PP,"[[3], [1, 1]]",3,2,0.000721,20,0,0,0,0,0,0,True
302,5,2,"[3, 2]","[[1, 1, 1], [0, 2]]",1,3,2,1,PP,"[[1, 1, 1], [1, 1]]",5,6,0.000726,20,0,0,0,0,0,0,True
302,5,2,"[3, 2]","[[1, 1, 1], [0, 2]]",1,3,2,2,PP,"[[2, 1], [2]]",3,2,0.000736,20,0,0,0,0,0,0,True
302,5,2,"[3, 2]","[[1, 1, 1], [0, 2]]",1,3,2,3,PP,"[[3], [2]]",2,1,0.000746,20,0,0,0,0,0,0,True
302,5,2,"[3, 2]","[[1, 1, 1], [0, 2]]",1,3,2,5,PP,"[[3], [2]]",2,1,0.0007115,20,0,0,0,0,0,0,True
302,5,2,"[3, 2]","[[1, 1, 1], [0, 2]]",1,3,3,1,PP,"[[1, 1, 1], [1, 1]]",5,6,0.000731,20,0,0,0,0,0,0,True
302,5,2,"[3, 2]","[[1, 1, 1], [0, 2]]",1,3,3,2,PP,"[[2, 1], [2]]",3,2,0.000731,20,0,0,0,0,8,8/5,True
302,5,2,"[3, 2]","[[1, 1, 1], [0, 2]]",1,3,3,3,PP,"[[3], [2]]",2,1,0.000731,20,0,0,0,0,12,12/5,True
302,5,2,"[3, 2]","[[1, 1, 1], [0, 2]]",1,3,3,5,PP,"[[3], [2]]",2,1,0.0007215,20,0,0,0,0,16,16/5,True
303,5,2,"[3, 2]","[[1, 1, 1], [0, 3]]",1,3,0,1,PP,"[[1, 1, 1], [1, 1]]",5,6,0.000751,20,0,0,0,0,0,0,True
303,5,2,"[3, 2]","[[1, 1, 1], [0, 3]]",1,3,0,2,PP,"[[2, 1], [1, 1]]",4,4,0.000736,20,0,0,0,0,0,0,True
303,5,2,"[3, 2]","[[1, 1, 1], [0, 3]]",1,3,0,3,PP,"[[3], [1, 1]]",3,2,0.000721,20,0,0,0,0,0,0,True
303,5,2,"[3, 2]","[[1, 1, 1], [0, 3]]",1,3,0,5,PP,"[[3], [1, 1]]",3,2,0.000721,20,0,0,0,0,0,0,True
303,5,2,"[3, 2]","[[1, 1, 1], [0, 3]]",1,3,1,1,PP,"[[1, 1, 1], [1, 1]]",5,6,0.000716,20,0,0,0,0,0,0,True
303,5,2,"[3, 2]","[[1, 1, 1], [0, 3]]",1,3,1,2,PP,"[[2, 1], [1, 1]]",4,4,0.000711,20,0,0,0,0,0,0,True
303,5,2,"[3, 2]","[[1, 1, 1], [0, 3]]",1,3,1,3,PP,"[[3], [1, 1]]",3,2,0.000716,20,0,0,0,0,0,0,True
303,5,2,"[3, 2]","[[1, 1, 1], [0, 3]]",1,3,1,5,PP,"[[3], [1, 1]]",3,2,0.000731,20,0,0,0,0,0,0,True
303,5,2,"[3, 2]","[[1, 1, 1], [0, 3]]",1,3,2,1,PP,"[[1, 1, 1], [1, 1]]",5,6,0.000741,20,0,0,0,0,0,0,True
303,5,2,"[3, 2]","[[1, 1, 1], [0, 3]]",1,3,2,2,PP,"[[2, 1], [1, 1]]",4,4,0.000721,20,0,0,0,0,0,0,True
303,5,2,"[3, 2]","[[1, 1, 1], [0, 3]]",1,3,2,3,PP,"[[3], [1, 1]]",3,2,0.000711,20,0,0,0,0,0,0,True
303,5,2,"[3, 2]","[[1, 1, 1], [0, 3]]",1,3,2,5,PP,"[[3], [1, 1]]",3,2,0.000701,20,0,0,0,0,0,0,True
303,5,2,"[3, 2]","[[1, 1, 1], [0, 3]]",1,3,3,1,PP,"[[1, 1, 1], [1, 1]]",5,6,0.000721,20,0,0,0,0,0,0,True
303,5,2,"[3, 2]","[[1, 1, 1], [0, 3]]",1,3,3,2,PP,"[[2, 1], [2]]",3,2,0.000736,20,0,0,4,4/5,8,8/5,True
303,5,2,"[3, 2]","[[1, 1, 1], [0, 3]]",1,3,3,3,PP,"[[3], [2]]",2,1,0.000726,20,0,0,4,4/5,12,12/5,True
303,5,2,"[3, 2]","[[1, 1, 1], [0, 3]]",1,3,3,5,PP,"[[3], [2]]",2,1,0.000731,20,0,0,4,4/5,16,16/5,True
304,5,2,"[3, 2]","[[1, 1, 1], [1, 1]]",1,3,0,1,PP,"[[1, 1, 1], [1, 1]]",5,6,0.0007365,20,0,0,0,0,0,0,True
304,5,2,"[3, 2]","[[1, 1, 1], [1, 1]]",1,3,0,2,PP,"[[2, 1], [2]]",3,2,0.000731,20,0,0,0,0,0,0,True
304,5,2,"[3, 2]","[[1, 1, 1], [1, 1]]",1,3,0,3,PP,"[[3], [2]]",2,1,0.000711,20,0,0,0,0,0,0,True
304,5,2,"[3, 2]","[[1, 1, 1], [1, 1]]",1,3,0,5,PP,"[[3], [2]]",2,1,0.000721,20,0,0,0,0,0,0,True
304,5,2,"[3, 2]","[[1, 1, 1], [1, 1]]",1,3,1,1,PP,"[[1, 1, 1], [1, 1]]",5,6,0.000731,20,0,0,0,0,0,0,True
304,5,2,"[3, 2]","[[1, 1, 1], [1, 1]]",1,3,1,2,PP,"[[2, 1], [2]]",3,2,0.000741,20,0,0,0,0,0,0,True
304,5,2,"[3, 2]","[[1, 1, 1], [1, 1]]",1,3,1,3,PP,"[[3], [2]]",2,1,0.000701,20,0,0,0,0,0,0,True
304,5,2,"[3, 2]","[[1, 1, 1], [1, 1]]",1,3,1,5,PP,"[[3], [2]]",2,1,0.0007165,20,0,0,0,0,0,0,True
304,5,2,"[3, 2]","[[1, 1, 1], [1, 1]]",1,3,2,1,PP,"[[1, 1, 1], [1, 1]]",5,6,0.000761,20,0,0,0,0,0,0,True
304,5,2,"[3, 2]","[[1, 1, 1], [1, 1]]",1,3,2,2,PP,"[[2, 1], [2]]",3,2,0.000731,20,0,0,0,0,0,0,True
304,5,2,"[3, 2]","[[1, 1, 1], [1, 1]]",1,3,2,3,PP,"[[3], [2]]",2,1,0.000731,20,0,0,0,0,0,0,True
304,5,2,"[3, 2]","[[1, 1, 1], [1, 1]]",1,3,2,5,PP,"[[3], [2]]",2,1,0.0007215,20,0,0,0,0,0,0,True
304,5,2,"[3, 2]","[[1, 1, 1], [1, 1]]",1,3,3,1,PP,"[[1, 1, 1], [1, 1]]",5,6,0.000731,20,0,0,0,0,0,0,True
304,5,2,"[3, 2]","[[1, 1, 1], [1, 1]]",1,3,3,2,PP,"[[2, 1], [2]]",3,2,0.000721,20,0,0,0,0,8,8/5,True
304,5,2,"[3, 2]","[[1, 1, 1], [1, 1]]",1,3,3,3,PP,"[[3], [2]]",2,1,0.000721,20,0,0,0,0,12,12/5,True
304,5,2,"[3, 2]","[[1, 1, 1], [1, 1]]",1,3,3,5,PP,"[[3], [2]]",2,1,0.000716,20,0,0,0,0,16,16/5,True
305,5,2,"[3, 2]","[[1, 1, 1], [1, 2]]",1,3,0,1,PP,"[[1, 1, 1], [1, 1]]",5,6,0.000726,20,0,0,0,0,0,0,True
305,5,2,"[3, 2]","[[1, 1, 1], [1, 2]]",1,3,0,2,PP,"[[2, 1], [1, 1]]",4,4,0.000706,20,0,0,0,0,0,0,True
305,5,2,"[3, 2]","[[1, 1, 1], [1, 2]]",1,3,0,3,PP,"[[3], [1, 1]]",3,2,0.000722,20,0,0,0,0,0,0,True
305,5,2,"[3, 2]","[[1, 1, 1], [1, 2]]",1,3,0,5,PP,"[[3], [1, 1]]",3,2,0.000721,20,0,0,0,0,0,0,True
305,5,2,"[3, 2]","[[1, 1, 1], [1, 2]]",1,3,1,1,PP,"[[1, 1, 1], [1, 1]]",5,6,0.0007365,20,0,0,0,0,0,0,True
305,5,2,"[3, 2]","[[1, 1, 1], [1, 2]]",1,3,1,2,PP,"[[2, 1], [2]]",3,2,0.000721,20,0,0,0,0,0,0,True
305,5,2,"[3, 2]","[[1, 1, 1], [1, 2]]",1,3,1,3,PP,"[[3], [2]]",2,1,0.000741,20,0,0,0,0,0,0,True
305,5,2,"[3, 2]","[[1, 1, 1], [1, 2]]",1,3,1,5,PP,"[[3], [2]]",2,1,0.000741,20,0,0,0,0,0,0,True
305,5,2,"[3, 2]","[[1, 1, 1], [1, 2]]",1,3,2,1,PP,"[[1, 1, 1], [1, 1]]",5,6,0.0007365,20,0,0,0,0,0,0,True
305,5,2,"[3, 2]","[[1, 1, 1], [1, 2]]",1,3,2,2,PP,"[[2, 1], [2]]",3,2,0.000736,20,0,0,0,0,0,0,True
305,5,2,"[3, 2]","[[1, 1, 1], [1, 2]]",1,3,2,3,PP,"[[3], [2]]",2,1,0.000741,20,0,0,0,0,0,0,True
305,5,2,"[3, 2]","[[1, 1, 1], [1, 2]]",1,3,2,5,PP,"[[3], [2]]",2,1,0.000751,20,0,0,0,0,0,0,True
305,5,2,"[3, 2]","[[1, 1, 1], [1, 2]]",1,3,3,1,PP,"[[1, 1, 1], [1, 1]]",5,6,0.000741,20,0,0,0,0,0,0,True
305,5,2,"[3, 2]","[[1, 1, 1], [1, 2]]",1,3,3,2,PP,"[[2, 1], [2]]",3,2,0.000736,20,0,0,0,0,8,8/5,True
305,5,2,"[3, 2]","[[1, 1, 1], [1, 2]]",1,3,3,3,PP,"[[3], [2]]",2,1,0.000751,20,0,0,0,0,12,12/5,True
305,5,2,"[3, 2]","[[1, 1, 1], [1, 2]]",1,3,3,5,PP,"[[3], [2]]",2,1,0.0007465,20,0,0,0,0,16,16/5,True
306,5,2,"[3, 2]","[[1, 1, 1], [1, 3]]",1,3,0,1,PP,"[[1, 1, 1], [1, 1]]",5,6,0.000751,20,0,0,0,0,0,0,True
306,5,2,"[3, 2]","[[1, 1, 1], [1, 3]]",1,3,0,2,PP,"[[2, 1], [1, 1]]",4,4,0.000741,20,0,0,0,0,0,0,True
306,5,2,"[3, 2]","[[1, 1, 1], [1, 3]]",1,3,0,3,PP,"[[3], [1, 1]]",3,2,0.000751,20,0,0,0,0,0,0,True
306,5,2,"[3, 2]","[[1, 1, 1], [1, 3]]",1,3,0,5,PP,"[[3], [1, 1]]",3,2,0.000721,20,0,0,0,0,0,0,True
306,5,2,"[3, 2]","[[1, 1, 1], [1, 3]]",1,3,1,1,PP,"[[1, 1, 1], [1, 1]]",5,6,0.000741,20,0,0,0,0,0,0,True
306,5,2,"[3, 2]","[[1, 1, 1], [1, 3]]",1,3,1,2,PP,"[[2, 1], [1, 1]]",4,4,0.000741,20,0,0,0,0,0,0,True
306,5,2,"[3, 2]","[[1, 1, 1], [1, 3]]",1,3,1,3,PP,"[[3], [1, 1]]",3,2,0.000721,20,0,0,0,0,0,0,True
306,5,2,"[3, 2]","[[1, 1, 1], [1, 3]]",1,3,1,5,PP,"[[3], [1, 1]]",3,2,0.000721,20,0,0,0,0,0,0,True
306,5,2,"[3, 2]","[[1, 1, 1], [1, 3]]",1,3,2,1,PP,"[[1, 1, 1], [1, 1]]",5,6,0.000751,20,0,0,0,0,0,0,True
306,5,2,"[3, 2]","[[1, 1, 1], [1, 3]]",1,3,2,2,PP,"[[2, 1], [2]]",3,2,0.0007415,20,0,0,0,0,0,0,True
306,5,2,"[3, 2]","[[1, 1, 1], [1, 3]]",1,3,2,3,PP,"[[3], [2]]",2,1,0.000731,20,0,0,0,0,0,0,True
306,5,2,"[3, 2]","[[1, 1, 1], [1, 3]]",1,3,2,5,PP,"[[3], [2]]",2,1,0.000741,20,0,0,0,0,0,0,True
306,5,2,"[3, 2]","[[1, 1, 1], [1, 3]]",1,3,3,1,PP,"[[1, 1, 1], [1, 1]]",5,6,0.000731,20,0,0,0,0,0,0,True
306,5,2,"[3, 2]","[[1, 1, 1], [1, 3]]",1,3,3,2,PP,"[[2, 1], [2]]",3,2,0.000752,20,0,0,0,0,8,8/5,True
306,5,2,"[3, 2]","[[1, 1, 1], [1, 3]]",1,3,3,3,PP,"[[3], [2]]",2,1,0.000731,20,0,0,0,0,12,12/5,True
306,5,2,"[3, 2]","[[1, 1, 1], [1, 3]]",1,3,3,5,PP,"[[3], [2]]",2,1,0.000711,20,0,0,0,0,16,16/5,True
307,5,2,"[3, 2]","[[1, 1, 1], [2, 2]]",1,3,0,1,PP,"[[1, 1, 1], [1, 1]]",5,6,0.000726,20,0,0,0,0,0,0,True
307,5,2,"[3, 2]","[[1, 1, 1], [2, 2]]",1,3,0,2,PP,"[[2, 1], [2]]",3,2,0.000731,20,0,0,0,0,0,0,True
307,5,2,"[3, 2]","[[1, 1, 1], [2, 2]]",1,3,0,3,PP,"[[3], [2]]",2,1,0.000716,20,0,0,0,0,0,0,True
307,5,2,"[3, 2]","[[1, 1, 1], [2, 2]]",1,3,0,5,PP,"[[3], [2]]",2,1,0.000711,20,0,0,0,0,0,0,True
307,5,2,"[3, 2]","[[1, 1, 1], [2, 2]]",1,3,1,1,PP,"[[1, 1, 1], [1, 1]]",5,6,0.000716,20,0,0,0,0,0,0,True
307,5,2,"[3, 2]","[[1, 1, 1], [2, 2]]",1,3,1,2,PP,"[[2, 1], [2]]",3,2,0.000701,20,0,0,0,0,0,0,True
307,5,2,"[3, 2]","[[1, 1, 1], [2, 2]]",1,3,1,3,PP,"[[3], [2]]",2,1,0.000711,20,0,0,0,0,0,0,True
307,5,2,"[3, 2]","[[1, 1, 1], [2, 2]]",1,3,1,5,PP,"[[3], [2]]",2,1,0.0007015,20,0,0,0,0,0,0,True
307,5,2,"[3, 2]","[[1, 1, 1], [2, 2]]",1,3,2,1,PP,"[[1, 1, 1], [1, 1]]",5,6,0.000741,20,0,0,0,0,0,0,True
307,5,2,"[3, 2]","[[1, 1, 1], [2, 2]]",1,3,2,2,PP,"[[2, 1], [2]]",3,2,0.000731,20,0,0,0,0,0,0,True
307,5,2,"[3, 2]","[[1, 1, 1], [2, 2]]",1,3,2,3,PP,"[[3], [2]]",2,1,0.000731,20,0,0,0,0,0,0,True
307,5,2,"[3, 2]","[[1, 1, 1], [2, 2]]",1,3,2,5,PP,"[[3], [2]]",2,1,0.0007265,20,0,0,0,0,0,0,True
307,5,2,"[3, 2]","[[1, 1, 1], [2, 2]]",1,3,3,1,PP,"[[1, 1, 1], [1, 1]]",5,6,0.000726,20,0,0,0,0,0,0,True
307,5,2,"[3, 2]","[[1, 1, 1], [2, 2]]",1,3,3,2,PP,"[[2, 1], [2]]",3,2,0.0007715,20,0,0,0,0,8,8/5,True
307,5,2,"[3, 2]","[[1, 1, 1], [2, 2]]",1,3,3,3,PP,"[[3], [2]]",2,1,0.000736,20,0,0,0,0,12,12/5,True
307,5,2,"[3, 2]","[[1, 1, 1], [2, 2]]",1,3,3,5,PP,"[[3], [2]]",2,1,0.0007265,20,0,0,0,0,16,16/5,True
308,5,2,"[3, 2]","[[1, 1, 1], [2, 3]]",1,3,0,1,PP,"[[1, 1, 1], [1, 1]]",5,6,0.000731,20,0,0,0,0,0,0,True
308,5,2,"[3, 2]","[[1, 1, 1], [2, 3]]",1,3,0,2,PP,"[[2, 1], [1, 1]]",4,4,0.000736,20,0,0,0,0,0,0,True
308,5,2,"[3, 2]","[[1, 1, 1], [2, 3]]",1,3,0,3,PP,"[[3], [1, 1]]",3,2,0.000741,20,0,0,0,0,0,0,True
308,5,2,"[3, 2]","[[1, 1, 1], [2, 3]]",1,3,0,5,PP,"[[3], [1, 1]]",3,2,0.000711,20,0,0,0,0,0,0,True
308,5,2,"[3, 2]","[[1, 1, 1], [2, 3]]",1,3,1,1,PP,"[[1, 1, 1], [1, 1]]",5,6,0.000731,20,0,0,0,0,0,0,True
308,5,2,"[3, 2]","[[1, 1, 1], [2, 3]]",1,3,1,2,PP,"[[2, 1], [2]]",3,2,0.0007265,20,0,0,0,0,0,0,True
308,5,2,"[3, 2]","[[1, 1, 1], [2, 3]]",1,3,1,3,PP,"[[3], [2]]",2,1,0.000726,20,0,0,0,0,0,0,True
308,5,2,"[3, 2]","[[1, 1, 1], [2, 3]]",1,3,1,5,PP,"[[3], [2]]",2,1,0.000721,20,0,0,0,0,0,0,True
308,5,2,"[3, 2]","[[1, 1, 1], [2, 3]]",1,3,2,1,PP,"[[1, 1, 1], [1, 1]]",5,6,0.000721,20,0,0,0,0,0,0,True
308,5,2,"[3, 2]","[[1, 1, 1], [2, 3]]",1,3,2,2,PP,"[[2, 1], [2]]",3,2,0.000731,20,0,0,0,0,0,0,True
308,5,2,"[3, 2]","[[1, 1, 1], [2, 3]]",1,3,2,3,PP,"[[3], [2]]",2,1,0.000721,20,0,0,0,0,0,0,True
308,5,2,"[3, 2]","[[1, 1, 1], [2, 3]]",1,3,2,5,PP,"[[3], [2]]",2,1,0.000726,20,0,0,0,0,0,0,True
308,5,2,"[3, 2]","[[1, 1, 1], [2, 3]]",1,3,3,1,PP,"[[1, 1, 1], [1, 1]]",5,6,0.0007265,20,0,0,0,0,0,0,True
308,5,2,"[3, 2]","[[1, 1, 1], [2, 3]]",1,3,3,2,PP,"[[2, 1], [2]]",3,2,0.000731,20,0,0,0,0,8,8/5,True
308,5,2,"[3, 2]","[[1, 1, 1], [2, 3]]",1,3,3,3,PP,"[[3], [2]]",2,1,0.000716,20,0,0,0,0,12,12/5,True
308,5,2,"[3, 2]","[[1, 1, 1], [2, 3]]",1,3,3,5,PP,"[[3], [2]]",2,1,0.000716,20,0,0,0,0,16,16/5,True
309,5,2,"[3, 2]","[[1, 1, 1], [3, 3]]",1,3,0,1,PP,"[[1, 1, 1], [1, 1]]",5,6,0.000731,20,0,0,0,0,0,0,True
309,5,2,"[3, 2]","[[1, 1, 1], [3, 3]]",1,3,0,2,PP,"[[2, 1], [2]]",3,2,0.000746,20,0,0,0,0,0,0,True
309,5,2,"[3, 2]","[[1, 1, 1], [3, 3]]",1,3,0,3,PP,"[[3], [2]]",2,1,0.000726,20,0,0,0,0,0,0,True
309,5,2,"[3, 2]","[[1, 1, 1], [3, 3]]",1,3,0,5,PP,"[[3], [2]]",2,1,0.000736,20,0,0,0,0,0,0,True
309,5,2,"[3, 2]","[[1, 1, 1], [3, 3]]",1,3,1,1,PP,"[[1, 1, 1], [1, 1]]",5,6,0.000736,20,0,0,0,0,0,0,True
309,5,2,"[3, 2]","[[1, 1, 1], [3, 3]]",1,3,1,2,PP,"[[2, 1], [2]]",3,2,0.000761,20,0,0,0,0,0,0,True
309,5,2,"[3, 2]","[[1, 1, 1], [3, 3]]",1,3,1,3,PP,"[[3], [2]]",2,1,0.000741,20,0,0,0,0,0,0,True
309,5,2,"[3, 2]","[[1, 1, 1], [3, 3]]",1,3,1,5,PP,"[[3], [2]]",2,1,0.0007215,20,0,0,0,0,0,0,True
309,5,2,"[3, 2]","[[1, 1, 1], [3, 3]]",1,3,2,1,PP,"[[1, 1, 1], [1, 1]]",5,6,0.0007465,20,0,0,0,0,0,0,True
309,5,2,"[3, 2]","[[1, 1, 1], [3, 3]]",1,3,2,2,PP,"[[2, 1], [2]]",3,2,0.000741,20,0,0,0,0,0,0,True
309,5,2,"[3, 2]","[[1, 1, 1], [3, 3]]",1,3,2,3,PP,"[[3], [2]]",2,1,0.000731,20,0,0,0,0,0,0,True
309,5,2,"[3, 2]","[[1, 1, 1], [3, 3]]",1,3,2,5,PP,"[[3], [2]]",2,1,0.000751,20,0,0,0,0,0,0,True
309,5,2,"[3, 2]","[[1, 1, 1], [3, 3]]",1,3,3,1,PP,"[[1, 1, 1], [1, 1]]",5,6,0.000752,20,0,0,0,0,0,0,True
309,5,2,"[3, 2]","[[1, 1, 1], [3, 3]]",1,3,3,2,PP,"[[2, 1], [2]]",3,2,0.000751,20,0,0,0,0,8,8/5,True
309,5,2,"[3, 2]","[[1, 1, 1], [3, 3]]",1,3,3,3,PP,"[[3], [2]]",2,1,0.0007365,20,0,0,0,0,12,12/5,True
309,5,2,"[3, 2]","[[1, 1, 1], [3, 3]]",1,3,3,5,PP,"[[3], [2]]",2,1,0.0007215,20,0,0,0,0,16,16/5,True
310,5,2,"[3, 2]","[[1, 1, 2], [0, 0]]",1,3,0,1,PP,"[[1, 1, 1], [1, 1]]",5,6,0.000751,20,0,0,0,0,0,0,True
310,5,2,"[3, 2]","[[1, 1, 2], [0, 0]]",1,3,0,2,PP,"[[2, 1], [2]]",3,2,0.000736,20,0,0,0,0,0,0,True
310,5,2,"[3, 2]","[[1, 1, 2], [0, 0]]",1,3,0,3,PP,"[[2, 1], [2]]",3,2,0.000721,20,0,0,0,0,0,0,True
310,5,2,"[3, 2]","[[1, 1, 2], [0, 0]]",1,3,0,5,PP,"[[2, 1], [2]]",3,2,0.000731,20,0,0,0,0,0,0,True
310,5,2,"[3, 2]","[[1, 1, 2], [0, 0]]",1,3,1,1,PP,"[[1, 1, 1], [1, 1]]",5,6,0.0007215,20,0,0,0,0,0,0,True
310,5,2,"[3, 2]","[[1, 1, 2], [0, 0]]",1,3,1,2,PP,"[[2, 1], [2]]",3,2,0.000721,20,0,0,0,0,0,0,True
310,5,2,"[3, 2]","[[1, 1, 2], [0, 0]]",1,3,1,3,PP,"[[3], [2]]",2,1,0.000726,20,0,0,0,0,0,0,True
310,5,2,"[3, 2]","[[1, 1, 2], [0, 0]]",1,3,1,5,PP,"[[3], [2]]",2,1,0.000721,20,0,0,0,0,0,0,True
310,5,2,"[3, 2]","[[1, 1, 2], [0, 0]]",1,3,2,1,PP,"[[1, 1, 1], [1, 1]]",5,6,0.000731,20,0,0,0,0,0,0,True
310,5,2,"[3, 2]","[[1, 1, 2], [0, 0]]",1,3,2,2,PP,"[[2, 1], [2]]",3,2,0.000717,20,0,0,0,0,0,0,True
310,5,2,"[3, 2]","[[1, 1, 2], [0, 0]]",1,3,2,3,PP,"[[3], [2]]",2,1,0.0007015,20,0,0,0,0,0,0,True
310,5,2,"[3, 2]","[[1, 1, 2], [0, 0]]",1,3,2,5,PP,"[[3], [2]]",2,1,0.000711,20,0,0,0,0,0,0,True
310,5,2,"[3, 2]","[[1, 1, 2], [0, 0]]",1,3,3,1,PP,"[[1, 1, 1], [1, 1]]",5,6,0.0007315,20,0,0,0,0,0,0,True
310,5,2,"[3, 2]","[[1, 1, 2], [0, 0]]",1,3,3,2,PP,"[[2, 1], [2]]",3,2,0.000716,20,0,0,0,0,8,8/5,True
310,5,2,"[3, 2]","[[1, 1, 2], [0, 0]]",1,3,3,3,PP,"[[3], [2]]",2,1,0.0007165,20,0,0,0,0,12,12/5,True
310,5,2,"[3, 2]","[[1, 1, 2], [0, 0]]",1,3,3,5,PP,"[[3], [2]]",2,1,0.0007165,20,0,0,0,0,16,16/5,True
311,5,2,"[3, 2]","[[1, 1, 2], [0, 1]]",1,3,0,1,PP,"[[1, 1, 1], [1, 1]]",5,6,0.000731,20,0,0,0,0,0,0,True
311,5,2,"[3, 2]","[[1, 1, 2], [0, 1]]",1,3,0,2,PP,"[[2, 1], [1, 1]]",4,4,0.0007215,20,0,0,0,0,0,0,True
311,5,2,"[3, 2]","[[1, 1, 2], [0, 1]]",1,3,0,3,PP,"[[2, 1], [1, 1]]",4,4,0.000746,20,0,0,0,0,0,0,True
311,5,2,"[3, 2]","[[1, 1, 2], [0, 1]]",1,3,0,5,PP,"[[2, 1], [1, 1]]",4,4,0.000736,20,0,0,0,0,0,0,True
311,5,2,"[3, 2]","[[1, 1, 2], [0, 1]]",1,3,1,1,PP,"[[1, 1, 1], [1, 1]]",5,6,0.000721,20,0,0,0,0,0,0,True
311,5,2,"[3, 2]","[[1, 1, 2], [0, 1]]",1,3,1,2,PP,"[[2, 1], [2]]",3,2,0.000731,20,0,0,0,0,0,0,True
311,5,2,"[3, 2]","[[1, 1, 2], [0, 1]]",1,3,1,3,PP,"[[3], [2]]",2,1,0.000736,20,0,0,0,0,0,0,True
311,5,2,"[3, 2]","[[1, 1, 2], [0, 1]]",1,3,1,5,PP,"[[3], [2]]",2,1,0.000721,20,0,0,0,0,0,0,True
311,5,2,"[3, 2]","[[1, 1, 2], [0, 1]]",1,3,2,1,PP,"[[1, 1, 1], [1, 1]]",5,6,0.000736,20,0,0,0,0,0,0,True
311,5,2,"[3, 2]","[[1, 1, 2], [0, 1]]",1,3,2,2,PP,"[[2, 1], [2]]",3,2,0.000736,20,0,0,0,0,0,0,True
311,5,2,"[3, 2]","[[1, 1, 2], [0, 1]]",1,3,2,3,PP,"[[3], [2]]",2,1,0.000731,20,0,0,0,0,0,0,True
311,5,2,"[3, 2]","[[1, 1, 2], [0, 1]]",1,3,2,5,PP,"[[3], [2]]",2,1,0.000711,20,0,0,0,0,0,0,True
311,5,2,"[3, 2]","[[1, 1, 2], [0, 1]]",1,3,3,1,PP,"[[1, 1, 1], [1, 1]]",5,6,0.000736,20,0,0,0,0,0,0,True
311,5,2,"[3, 2]","[[1, 1, 2], [0, 1]]",1,3,3,2,PP,"[[2, 1], [2]]",3,2,0.000751,20,0,0,0,0,8,8/5,True
311,5,2,"[3, 2]","[[1, 1, 2], [0, 1]]",1,3,3,3,PP,"[[3], [2]]",2,1,0.000721,20,0,0,0,0,12,12/5,True
311,5,2,"[3, 2]","[[1, 1, 2], [0, 1]]",1,3,3,5,PP,"[[3], [2]]",2,1,0.000721,20,0,0,0,0,16,16/5,True
312,5,2,"[3, 2]","[[1, 1, 2], [0, 2]]",1,3,0,1,PP,"[[1, 1, 1], [1, 1]]",5,6,0.0007565,20,0,0,0,0,0,0,True
312,5,2,"[3, 2]","[[1, 1, 2], [0, 2]]",1,3,0,2,PP,"[[2, 1], [1, 1]]",4,4,0.0007265,20,0,0,0,0,0,0,True
312,5,2,"[3, 2]","[[1, 1, 2], [0, 2]]",1,3,0,3,PP,"[[2, 1], [1, 1]]",4,4,0.000716,20,0,0,0,0,0,0,True
312,5,2,"[3, 2]","[[1, 1, 2], [0, 2]]",1,3,0,5,PP,"[[2, 1], [1, 1]]",4,4,0.000716,20,0,0,0,0,0,0,True
312,5,2,"[3, 2]","[[1, 1, 2], [0, 2]]",1,3,1,1,PP,"[[1, 1, 1], [1, 1]]",5,6,0.0007315,20,0,0,0,0,0,0,True
312,5,2,"[3, 2]","[[1, 1, 2], [0, 2]]",1,3,1,2,PP,"[[2, 1], [1, 1]]",4,4,0.000731,20,0,0,0,0,0,0,True
312,5,2,"[3, 2]","[[1, 1, 2], [0, 2]]",1,3,1,3,PP,"[[3], [1, 1]]",3,2,0.000726,20,0,0,0,0,0,0,True
312,5,2,"[3, 2]","[[1, 1, 2], [0, 2]]",1,3,1,5,PP,"[[3], [1, 1]]",3,2,0.000731,20,0,0,0,0,0,0,True
312,5,2,"[3, 2]","[[1, 1, 2], [0, 2]]",1,3,2,1,PP,"[[1, 1, 1], [1, 1]]",5,6,0.0007265,20,0,0,0,0,0,0,True
312,5,2,"[3, 2]","[[1, 1, 2], [0, 2]]",1,3,2,2,PP,"[[2, 1], [2]]",3,2,0.000726,20,0,0,0,0,0,0,True
312,5,2,"[3, 2]","[[1, 1, 2], [0, 2]]",1,3,2,3,PP,"[[3], [2]]",2,1,0.000716,20,0,0,0,0,0,0,True
312,5,2,"[3, 2]","[[1, 1, 2], [0, 2]]",1,3,2,5,PP,"[[3], [2]]",2,1,0.000721,20,0,0,0,0,0,0,True
312,5,2,"[3, 2]","[[1, 1, 2], [0, 2]]",1,3,3,1,PP,"[[1, 1, 1], [1, 1]]",5,6,0.0007615,20,0,0,0,0,0,0,True
312,5,2,"[3, 2]","[[1, 1, 2], [0, 2]]",1,3,3,2,PP,"[[2, 1], [2]]",3,2,0.000726,20,0,0,0,0,8,8/5,True
312,5,2,"[3, 2]","[[1, 1, 2], [0, 2]]",1,3,3,3,PP,"[[3], [2]]",2,1,0.0007215,20,0,0,0,0,12,12/5,True
312,5,2,"[3, 2]","[[1, 1, 2], [0, 2]]",1,3,3,5,PP,"[[3], [2]]",2,1,0.000711,20,0,0,0,0,16,16/5,True
313,5,2,"[3, 2]","[[1, 1, 2], [0, 3]]",1,3,0,1,PP,"[[1, 1, 1], [1, 1]]",5,6,0.000741,20,0,0,0,0,0,0,True
313,5,2,"[3, 2]","[[1, 1, 2], [0, 3]]",1,3,0,2,PP,"[[2, 1], [1, 1]]",4,4,0.000741,20,0,0,0,0,0,0,True
313,5,2,"[3, 2]","[[1, 1, 2], [0, 3]]",1,3,0,3,PP,"[[2, 1], [1, 1]]",4,4,0.000736,20,0,0,0,0,0,0,True
313,5,2,"[3, 2]","[[1, 1, 2], [0, 3]]",1,3,0,5,PP,"[[2, 1], [1, 1]]",4,4,0.000731,20,0,0,0,0,0,0,True
313,5,2,"[3, 2]","[[1, 1, 2], [0, 3]]",1,3,1,1,PP,"[[1, 1, 1], [1, 1]]",5,6,0.000741,20,0,0,0,0,0,0,True
313,5,2,"[3, 2]","[[1, 1, 2], [0, 3]]",1,3,1,2,PP,"[[2, 1], [1, 1]]",4,4,0.000721,20,0,0,0,0,0,0,True
313,5,2,"[3, 2]","[[1, 1, 2], [0, 3]]",1,3,1,3,PP,"[[3], [1, 1]]",3,2,0.000731,20,0,0,0,0,0,0,True
313,5,2,"[3, 2]","[[1, 1, 2], [0, 3]]",1,3,1,5,PP,"[[3], [1, 1]]",3,2,0.000731,20,0,0,0,0,0,0,True
313,5,2,"[3, 2]","[[1, 1, 2], [0, 3]]",1,3,2,1,PP,"[[1, 1, 1], [1, 1]]",5,6,0.000751,20,0,0,0,0,0,0,True
313,5,2,"[3, 2]","[[1, 1, 2], [0, 3]]",1,3,2,2,PP,"[[2, 1], [1, 1]]",4,4,0.000736,20,0,0,0,0,0,0,True
313,5,2,"[3, 2]","[[1, 1, 2], [0, 3]]",1,3,2,3,PP,"[[3], [1, 1]]",3,2,0.000726,20,0,0,0,0,0,0,True
313,5,2,"[3, 2]","[[1, 1, 2], [0, 3]]",1,3,2,5,PP,"[[3], [1, 1]]",3,2,0.000721,20,0,0,0,0,0,0,True
313,5,2,"[3, 2]","[[1, 1, 2], [0, 3]]",1,3,3,1,PP,"[[1, 1, 1], [1, 1]]",5,6,0.000751,20,0,0,0,0,0,0,True
313,5,2,"[3, 2]","[[1, 1, 2], [0, 3]]",1,3,3,2,PP,"[[2, 1], [2]]",3,2,0.0007365,20,0,0,4,4/5,8,8/5,True
313,5,2,"[3, 2]","[[1, 1, 2], [0, 3]]",1,3,3,3,PP,"[[3], [2]]",2,1,0.000716,20,0,0,4,4/5,12,12/5,True
313,5,2,"[3, 2]","[[1, 1, 2], [0, 3]]",1,3,3,5,PP,"[[3], [2]]",2,1,0.000711,20,0,0,4,4/5,16,16/5,True
314,5,2,"[3, 2]","[[1, 1, 2], [1, 1]]",1,3,0,1,PP,"[[1, 1, 1], [1, 1]]",5,6,0.000731,20,0,0,0,0,0,0,True
314,5,2,"[3, 2]","[[1, 1, 2], [1, 1]]",1,3,0,2,PP,"[[2, 1], [2]]",3,2,0.000726,20,0,0,0,0,0,0,True
314,5,2,"[3, 2]","[[1, 1, 2], [1, 1]]",1,3,0,3,PP,"[[2, 1], [2]]",3,2,0.000716,20,0,0,0,0,0,0,True
314,5,2,"[3, 2]","[[1, 1, 2], [1, 1]]",1,3,0,5,PP,"[[2, 1], [2]]",3,2,0.000721,20,0,0,0,0,0,0,True
314,5,2,"[3, 2]","[[1, 1, 2], [1, 1]]",1,3,1,1,PP,"[[1, 1, 1], [1, 1]]",5,6,0.000726,20,0,0,0,0,0,0,True
314,5,2,"[3, 2]","[[1, 1, 2], [1, 1]]",1,3,1,2,PP,"[[2, 1], [2]]",3,2,0.000736,20,0,0,0,0,0,0,True
314,5,2,"[3, 2]","[[1, 1, 2], [1, 1]]",1,3,1,3,PP,"[[3], [2]]",2,1,0.000731,20,0,0,0,0,0,0,True
314,5,2,"[3, 2]","[[1, 1, 2], [1, 1]]",1,3,1,5,PP,"[[3], [2]]",2,1,0.000721,20,0,0,0,0,0,0,True
314,5,2,"[3, 2]","[[1, 1, 2], [1, 1]]",1,3,2,1,PP,"[[1, 1, 1], [1, 1]]",5,6,0.000741,20,0,0,0,0,0,0,True
314,5,2,"[3, 2]","[[1, 1, 2], [1, 1]]",1,3,2,2,PP,"[[2, 1], [2]]",3,2,0.000746,20,0,0,0,0,0,0,True
314,5,2,"[3, 2]","[[1, 1, 2], [1, 1]]",1,3,2,3,PP,"[[3], [2]]",2,1,0.000746,20,0,0,0,0,0,0,True
314,5,2,"[3, 2]","[[1, 1, 2], [1, 1]]",1,3,2,5,PP,"[[3], [2]]",2,1,0.000731,20,0,0,0,0,0,0,True
314,5,2,"[3, 2]","[[1, 1, 2], [1, 1]]",1,3,3,1,PP,"[[1, 1, 1], [1, 1]]",5,6,0.000726,20,0,0,0,0,0,0,True
314,5,2,"[3, 2]","[[1, 1, 2], [1, 1]]",1,3,3,2,PP,"[[2, 1], [2]]",3,2,0.000731,20,0,0,0,0,8,8/5,True
314,5,2,"[3, 2]","[[1, 1, 2], [1, 1]]",1,3,3,3,PP,"[[3], [2]]",2,1,0.0007265,20,0,0,0,0,12,12/5,True
314,5,2,"[3, 2]","[[1, 1, 2], [1, 1]]",1,3,3,5,PP,"[[3], [2]]",2,1,0.000711,20,0,0,0,0,16,16/5,True
315,5,2,"[3, 2]","[[1, 1, 2], [1, 2]]",1,3,0,1,PP,"[[1, 1, 1], [1, 1]]",5,6,0.000731,20,0,0,0,0,0,0,True
315,5,2,"[3, 2]","[[1, 1, 2], [1, 2]]",1,3,0,2,PP,"[[2, 1], [1, 1]]",4,4,0.0007165,20,0,0,0,0,0,0,True
315,5,2,"[3, 2]","[[1, 1, 2], [1, 2]]",1,3,0,3,PP,"[[2, 1], [1, 1]]",4,4,0.000731,20,0,0,0,0,0,0,True
315,5,2,"[3, 2]","[[1, 1, 2], [1, 2]]",1,3,0,5,PP,"[[2, 1], [1, 1]]",4,4,0.000731,20,0,0,0,0,0,0,True
315,5,2,"[3, 2]","[[1, 1, 2], [1, 2]]",1,3,1,1,PP,"[[1, 1, 1], [1, 1]]",5,6,0.000746,20,0,0,0,0,0,0,True
315,5,2,"[3, 2]","[[1, 1, 2], [1, 2]]",1,3,1,2,PP,"[[2, 1], [2]]",3,2,0.000736,20,0,0,0,0,0,0,True
315,5,2,"[3, 2]","[[1, 1, 2], [1, 2]]",1,3,1,3,PP,"[[3], [2]]",2,1,0.000726,20,0,0,0,0,0,0,True
315,5,2,"[3, 2]","[[1, 1, 2], [1, 2]]",1,3,1,5,PP,"[[3], [2]]",2,1,0.000726,20,0,0,0,0,0,0,True
315,5,2,"[3, 2]","[[1, 1, 2], [1, 2]]",1,3,2,1,PP,"[[1, 1, 1], [1, 1]]",5,6,0.000731,20,0,0,0,0,0,0,True
315,5,2,"[3, 2]","[[1, 1, 2], [1, 2]]",1,3,2,2,PP,"[[2, 1], [2]]",3,2,0.000736,20,0,0,0,0,0,0,True
315,5,2,"[3, 2]","[[1, 1, 2], [1, 2]]",1,3,2,3,PP,"[[3], [2]]",2,1,0.000726,20,0,0,0,0,0,0,True
315,5,2,"[3, 2]","[[1, 1, 2], [1, 2]]",1,3,2,5,PP,"[[3], [2]]",2,1,0.0007265,20,0,0,0,0,0,0,True
315,5,2,"[3, 2]","[[1, 1, 2], [1, 2]]",1,3,3,1,PP,"[[1, 1, 1], [1, 1]]",5,6,0.000731,20,0,0,0,0,0,0,True
315,5,2,"[3, 2]","[[1, 1, 2], [1, 2]]",1,3,3,2,PP,"[[2, 1], [2]]",3,2,0.000721,20,0,0,0,0,8,8/5,True
315,5,2,"[3, 2]","[[1, 1, 2], [1, 2]]",1,3,3,3,PP,"[[3], [2]]",2,1,0.000716,20,0,0,0,0,12,12/5,True
315,5,2,"[3, 2]","[[1, 1, 2], [1, 2]]",1,3,3,5,PP,"[[3], [2]]",2,1,0.000731,20,0,0,0,0,16,16/5,True
316,5,2,"[3, 2]","[[1, 1, 2], [1, 3]]",1,3,0,1,PP,"[[1, 1, 1], [1, 1]]",5,6,0.0007315,20,0,0,0,0,0,0,True
316,5,2,"[3, 2]","[[1, 1, 2], [1, 3]]",1,3,0,2,PP,"[[2, 1], [1, 1]]",4,4,0.000801,20,0,0,0,0,0,0,True
316,5,2,"[3, 2]","[[1, 1, 2], [1, 3]]",1,3,0,3,PP,"[[2, 1], [1, 1]]",4,4,0.000811,20,0,0,0,0,0,0,True
316,5,2,"[3, 2]","[[1, 1, 2], [1, 3]]",1,3,0,5,PP,"[[2, 1], [1, 1]]",4,4,0.0007915,20,0,0,0,0,0,0,True
316,5,2,"[3, 2]","[[1, 1, 2], [1, 3]]",1,3,1,1,PP,"[[1, 1, 1], [1, 1]]",5,6,0.0008115,20,0,0,0,0,0,0,True
316,5,2,"[3, 2]","[[1, 1, 2], [1, 3]]",1,3,1,2,PP,"[[2, 1], [1, 1]]",4,4,0.000801,20,0,0,0,0,0,0,True
316,5,2,"[3, 2]","[[1, 1, 2], [1, 3]]",1,3,1,3,PP,"[[3], [1, 1]]",3,2,0.0007815,20,0,0,0,0,0,0,True
316,5,2,"[3, 2]","[[1, 1, 2], [1, 3]]",1,3,1,5,PP,"[[3], [1, 1]]",3,2,0.0008065,20,0,0,0,0,0,0,True
316,5,2,"[3, 2]","[[1, 1, 2], [1, 3]]",1,3,2,1,PP,"[[1, 1, 1], [1, 1]]",5,6,0.000826,20,0,0,0,0,0,0,True
316,5,2,"[3, 2]","[[1, 1, 2], [1, 3]]",1,3,2,2,PP,"[[2, 1], [2]]",3,2,0.000811,20,0,0,0,0,0,0,True
316,5,2,"[3, 2]","[[1, 1, 2], [1, 3]]",1,3,2,3,PP,"[[3], [2]]",2,1,0.000802,20,0,0,0,0,0,0,True
316,5,2,"[3, 2]","[[1, 1, 2], [1, 3]]",1,3,2,5,PP,"[[3], [2]]",2,1,0.000801,20,0,0,0,0,0,0,True
316,5,2,"[3, 2]","[[1, 1, 2], [1, 3]]",1,3,3,1,PP,"[[1, 1, 1], [1, 1]]",5,6,0.0008215,20,0,0,0,0,0,0,True
316,5,2,"[3, 2]","[[1, 1, 2], [1, 3]]",1,3,3,2,PP,"[[2, 1], [2]]",3,2,0.0008315,20,0,0,0,0,8,8/5,True
316,5,2,"[3, 2]","[[1, 1, 2], [1, 3]]",1,3,3,3,PP,"[[3], [2]]",2,1,0.0007865,20,0,0,0,0,12,12/5,True
316,5,2,"[3, 2]","[[1, 1, 2], [1, 3]]",1,3,3,5,PP,"[[3], [2]]",2,1,0.000791,20,0,0,0,0,16,16/5,True
317,5,2,"[3, 2]","[[1, 1, 2], [2, 2]]",1,3,0,1,PP,"[[1, 1, 1], [1, 1]]",5,6,0.0008115,20,0,0,0,0,0,0,True
317,5,2,"[3, 2]","[[1, 1, 2], [2, 2]]",1,3,0,2,PP,"[[2, 1], [2]]",3,2,0.0008365,20,0,0,0,0,0,0,True
317,5,2,"[3, 2]","[[1, 1, 2], [2, 2]]",1,3,0,3,PP,"[[2, 1], [2]]",3,2,0.000791,20,0,0,0,0,0,0,True
317,5,2,"[3, 2]","[[1, 1, 2], [2, 2]]",1,3,0,5,PP,"[[2, 1], [2]]",3,2,0.000791,20,0,0,0,0,0,0,True
317,5,2,"[3, 2]","[[1, 1, 2], [2, 2]]",1,3,1,1,PP,"[[1, 1, 1], [1, 1]]",5,6,0.000811,20,0,0,0,0,0,0,True
317,5,2,"[3, 2]","[[1, 1, 2], [2, 2]]",1,3,1,2,PP,"[[2, 1], [2]]",3,2,0.000801,20,0,0,0,0,0,0,True
317,5,2,"[3, 2]","[[1, 1, 2], [2, 2]]",1,3,1,3,PP,"[[3], [2]]",2,1,0.000796,20,0,0,0,0,0,0,True
317,5,2,"[3, 2]","[[1, 1, 2], [2, 2]]",1,3,1,5,PP,"[[3], [2]]",2,1,0.000796,20,0,0,0,0,0,0,True
317,5,2,"[3, 2]","[[1, 1, 2], [2, 2]]",1,3,2,1,PP,"[[1, 1, 1], [1, 1]]",5,6,0.000811,20,0,0,0,0,0,0,True
317,5,2,"[3, 2]","[[1, 1, 2], [2, 2]]",1,3,2,2,PP,"[[2, 1], [2]]",3,2,0.000786,20,0,0,0,0,0,0,True
317,5,2,"[3, 2]","[[1, 1, 2], [2, 2]]",1,3,2,3,PP,"[[3], [2]]",2,1,0.000781,20,0,0,0,0,0,0,True
317,5,2,"[3, 2]","[[1, 1, 2], [2, 2]]",1,3,2,5,PP,"[[3], [2]]",2,1,0.000781,20,0,0,0,0,0,0,True
317,5,2,"[3, 2]","[[1, 1, 2], [2, 2]]",1,3,3,1,PP,"[[1, 1, 1], [1, 1]]",5,6,0.000806,20,0,0,0,0,0,0,True
317,5,2,"[3, 2]","[[1, 1, 2], [2, 2]]",1,3,3,2,PP,"[[2, 1], [2]]",3,2,0.0007765,20,0,0,0,0,8,8/5,True
317,5,2,"[3, 2]","[[1, 1, 2], [2, 2]]",1,3,3,3,PP,"[[3], [2]]",2,1,0.000791,20,0,0,0,0,12,12/5,True
317,5,2,"[3, 2]","[[1, 1, 2], [2, 2]]",1,3,3,5,PP,"[[3], [2]]",2,1,0.0007815,20,0,0,0,0,16,16/5,True
318,5,2,"[3, 2]","[[1, 1, 2], [2, 3]]",1,3,0,1,PP,"[[1, 1, 1], [1, 1]]",5,6,0.0008215,20,0,0,0,0,0,0,True
318,5,2,"[3, 2]","[[1, 1, 2], [2, 3]]",1,3,0,2,PP,"[[2, 1], [1, 1]]",4,4,0.000781,20,0,0,0,0,0,0,True
318,5,2,"[3, 2]","[[1, 1, 2], [2, 3]]",1,3,0,3,PP,"[[2, 1], [1, 1]]",4,4,0.000801,20,0,0,0,0,0,0,True
318,5,2,"[3, 2]","[[1, 1, 2], [2, 3]]",1,3,0,5,PP,"[[2, 1], [1, 1]]",4,4,0.000791,20,0,0,0,0,0,0,True
318,5,2,"[3, 2]","[[1, 1, 2], [2, 3]]",1,3,1,1,PP,"[[1, 1, 1], [1, 1]]",5,6,0.000741,20,0,0,0,0,0,0,True
318,5,2,"[3, 2]","[[1, 1, 2], [2, 3]]",1,3,1,2,PP,"[[2, 1], [2]]",3,2,0.000736,20,0,0,0,0,0,0,True
318,5,2,"[3, 2]","[[1, 1, 2], [2, 3]]",1,3,1,3,PP,"[[3], [2]]",2,1,0.000716,20,0,0,0,0,0,0,True
318,5,2,"[3, 2]","[[1, 1, 2], [2, 3]]",1,3,1,5,PP,"[[3], [2]]",2,1,0.0007165,20,0,0,0,0,0,0,True
318,5,2,"[3, 2]","[[1, 1, 2], [2, 3]]",1,3,2,1,PP,"[[1, 1, 1], [1, 1]]",5,6,0.000751,20,0,0,0,0,0,0,True
318,5,2,"[3, 2]","[[1, 1, 2], [2, 3]]",1,3,2,2,PP,"[[2, 1], [2]]",3,2,0.000716,20,0,0,0,0,0,0,True
318,5,2,"[3, 2]","[[1, 1, 2], [2, 3]]",1,3,2,3,PP,"[[3], [2]]",2,1,0.000721,20,0,0,0,0,0,0,True
318,5,2,"[3, 2]","[[1, 1, 2], [2, 3]]",1,3,2,5,PP,"[[3], [2]]",2,1,0.000721,20,0,0,0,0,0,0,True
318,5,2,"[3, 2]","[[1, 1, 2], [2, 3]]",1,3,3,1,PP,"[[1, 1, 1], [1, 1]]",5,6,0.000731,20,0,0,0,0,0,0,True
318,5,2,"[3, 2]","[[1, 1, 2], [2, 3]]",1,3,3,2,PP,"[[2, 1], [2]]",3,2,0.0007215,20,0,0,0,0,8,8/5,True
318,5,2,"[3, 2]","[[1, 1, 2], [2, 3]]",1,3,3,3,PP,"[[3], [2]]",2,1,0.000711,20,0,0,0,0,12,12/5,True
318,5,2,"[3, 2]","[[1, 1, 2], [2, 3]]",1,3,3,5,PP,"[[3], [2]]",2,1,0.000711,20,0,0,0,0,16,16/5,True
319,5,2,"[3, 2]","[[1, 1, 2], [3, 3]]",1,3,0,1,PP,"[[1, 1, 1], [1, 1]]",5,6,0.000721,20,0,0,0,0,0,0,True
319,5,2,"[3, 2]","[[1, 1, 2], [3, 3]]",1,3,0,2,PP,"[[2, 1], [2]]",3,2,0.000716,20,0,0,0,0,0,0,True
319,5,2,"[3, 2]","[[1, 1, 2], [3, 3]]",1,3,0,3,PP,"[[2, 1], [2]]",3,2,0.000711,20,0,0,0,0,0,0,True
319,5,2,"[3, 2]","[[1, 1, 2], [3, 3]]",1,3,0,5,PP,"[[2, 1], [2]]",3,2,0.000726,20,0,0,0,0,0,0,True
319,5,2,"[3, 2]","[[1, 1, 2], [3, 3]]",1,3,1,1,PP,"[[1, 1, 1], [1, 1]]",5,6,0.000731,20,0,0,0,0,0,0,True
319,5,2,"[3, 2]","[[1, 1, 2], [3, 3]]",1,3,1,2,PP,"[[2, 1], [2]]",3,2,0.0007315,20,0,0,0,0,0,0,True
319,5,2,"[3, 2]","[[1, 1, 2], [3, 3]]",1,3,1,3,PP,"[[3], [2]]",2,1,0.000711,20,0,0,0,0,0,0,True
319,5,2,"[3, 2]","[[1, 1, 2], [3, 3]]",1,3,1,5,PP,"[[3], [2]]",2,1,0.000711,20,0,0,0,0,0,0,True
319,5,2,"[3, 2]","[[1, 1, 2], [3, 3]]",1,3,2,1,PP,"[[1, 1, 1], [1, 1]]",5,6,0.000726,20,0,0,0,0,0,0,True
319,5,2,"[3, 2]","[[1, 1, 2], [3, 3]]",1,3,2,2,PP,"[[2, 1], [2]]",3,2,0.000716,20,0,0,0,0,0,0,True
319,5,2,"[3, 2]","[[1, 1, 2], [3, 3]]",1,3,2,3,PP,"[[3], [2]]",2,1,0.000756,20,0,0,0,0,0,0,True
319,5,2,"[3, 2]","[[1, 1, 2], [3, 3]]",1,3,2,5,PP,"[[3], [2]]",2,1,0.000731,20,0,0,0,0,0,0,True
319,5,2,"[3, 2]","[[1, 1, 2], [3, 3]]",1,3,3,1,PP,"[[1, 1, 1], [1, 1]]",5,6,0.0007165,20,0,0,0,0,0,0,True
319,5,2,"[3, 2]","[[1, 1, 2], [3, 3]]",1,3,3,2,PP,"[[2, 1], [2]]",3,2,0.000731,20,0,0,0,0,8,8/5,True
319,5,2,"[3, 2]","[[1, 1, 2], [3, 3]]",1,3,3,3,PP,"[[3], [2]]",2,1,0.000741,20,0,0,0,0,12,12/5,True
319,5,2,"[3, 2]","[[1, 1, 2], [3, 3]]",1,3,3,5,PP,"[[3], [2]]",2,1,0.000726,20,0,0,0,0,16,16/5,True
320,5,2,"[3, 2]","[[1, 1, 3], [0, 0]]",1,3,0,1,PP,"[[1, 1, 1], [1, 1]]",5,6,0.0007315,20,0,0,0,0,0,0,True
320,5,2,"[3, 2]","[[1, 1, 3], [0, 0]]",1,3,0,2,PP,"[[2, 1], [2]]",3,2,0.0007365,20,0,0,0,0,0,0,True
320,5,2,"[3, 2]","[[1, 1, 3], [0, 0]]",1,3,0,3,PP,"[[2, 1], [2]]",3,2,0.000761,20,0,0,0,0,0,0,True
320,5,2,"[3, 2]","[[1, 1, 3], [0, 0]]",1,3,0,5,PP,"[[2, 1], [2]]",3,2,0.000751,20,0,0,0,0,0,0,True
320,5,2,"[3, 2]","[[1, 1, 3], [0, 0]]",1,3,1,1,PP,"[[1, 1, 1], [1, 1]]",5,6,0.000741,20,0,0,0,0,0,0,True
320,5,2,"[3, 2]","[[1, 1, 3], [0, 0]]",1,3,1,2,PP,"[[2, 1], [2]]",3,2,0.0007315,20,0,0,0,0,0,0,True
320,5,2,"[3, 2]","[[1, 1, 3], [0, 0]]",1,3,1,3,PP,"[[2, 1], [2]]",3,2,0.0007615,20,0,0,0,0,0,0,True
320,5,2,"[3, 2]","[[1, 1, 3], [0, 0]]",1,3,1,5,PP,"[[2, 1], [2]]",3,2,0.0007365,20,0,0,0,0,0,0,True
320,5,2,"[3, 2]","[[1, 1, 3], [0, 0]]",1,3,2,1,PP,"[[1, 1, 1], [1, 1]]",5,6,0.0007365,20,0,0,0,0,0,0,True
320,5,2,"[3, 2]","[[1, 1, 3], [0, 0]]",1,3,2,2,PP,"[[2, 1], [2]]",3,2,0.000746,20,0,0,0,0,0,0,True
320,5,2,"[3, 2]","[[1, 1, 3], [0, 0]]",1,3,2,3,PP,"[[3], [2]]",2,1,0.0007315,20,0,0,0,0,0,0,True
320,5,2,"[3, 2]","[[1, 1, 3], [0, 0]]",1,3,2,5,PP,"[[3], [2]]",2,1,0.0007215,20,0,0,0,0,0,0,True
320,5,2,"[3, 2]","[[1, 1, 3], [0, 0]]",1,3,3,1,PP,"[[1, 1, 1], [1, 1]]",5,6,0.000731,20,0,0,0,0,0,0,True
320,5,2,"[3, 2]","[[1, 1, 3], [0, 0]]",1,3,3,2,PP,"[[2, 1], [2]]",3,2,0.000721,20,0,0,0,0,8,8/5,True
320,5,2,"[3, 2]","[[1, 1, 3], [0, 0]]",1,3,3,3,PP,"[[3], [2]]",2,1,0.000701,20,0,0,0,0,12,12/5,True
320,5,2,"[3, 2]","[[1, 1, 3], [0, 0]]",1,3,3,5,PP,"[[3], [2]]",2,1,0.000711,20,0,0,0,0,16,16/5,True
321,5,2,"[3, 2]","[[1, 1, 3], [0, 1]]",1,3,0,1,PP,"[[1, 1, 1], [1, 1]]",5,6,0.000751,20,0,0,0,0,0,0,True
321,5,2,"[3, 2]","[[1, 1, 3], [0, 1]]",1,3,0,2,PP,"[[2, 1], [1, 1]]",4,4,0.000721,20,0,0,0,0,0,0,True
321,5,2,"[3, 2]","[[1, 1, 3], [0, 1]]",1,3,0,3,PP,"[[2, 1], [1, 1]]",4,4,0.000716,20,0,0,0,0,0,0,True
321,5,2,"[3, 2]","[[1, 1, 3], [0, 1]]",1,3,0,5,PP,"[[2, 1], [1, 1]]",4,4,0.000741,20,0,0,0,0,0,0,True
321,5,2,"[3, 2]","[[1, 1, 3], [0, 1]]",1,3,1,1,PP,"[[1, 1, 1], [1, 1]]",5,6,0.0007415,20,0,0,0,0,0,0,True
321,5,2,"[3, 2]","[[1, 1, 3], [0, 1]]",1,3,1,2,PP,"[[2, 1], [2]]",3,2,0.000716,20,0,0,0,0,0,0,True
321,5,2,"[3, 2]","[[1, 1, 3], [0, 1]]",1,3,1,3,PP,"[[2, 1], [2]]",3,2,0.0007315,20,0,0,0,0,0,0,True
321,5,2,"[3, 2]","[[1, 1, 3], [0, 1]]",1,3,1,5,PP,"[[2, 1], [2]]",3,2,0.000721,20,0,0,0,0,0,0,True
321,5,2,"[3, 2]","[[1, 1, 3], [0, 1]]",1,3,2,1,PP,"[[1, 1, 1], [1, 1]]",5,6,0.000721,20,0,0,0,0,0,0,True
321,5,2,"[3, 2]","[[1, 1, 3], [0, 1]]",1,3,2,2,PP,"[[2, 1], [2]]",3,2,0.000721,20,0,0,0,0,0,0,True
321,5,2,"[3, 2]","[[1, 1, 3], [0, 1]]",1,3,2,3,PP,"[[3], [2]]",2,1,0.000721,20,0,0,0,0,0,0,True
321,5,2,"[3, 2]","[[1, 1, 3], [0, 1]]",1,3,2,5,PP,"[[3], [2]]",2,1,0.000726,20,0,0,0,0,0,0,True
321,5,2,"[3, 2]","[[1, 1, 3], [0, 1]]",1,3,3,1,PP,"[[1, 1, 1], [1, 1]]",5,6,0.000761,20,0,0,0,0,0,0,True
321,5,2,"[3, 2]","[[1, 1, 3], [0, 1]]",1,3,3,2,PP,"[[2, 1], [2]]",3,2,0.000726,20,0,0,0,0,8,8/5,True
321,5,2,"[3, 2]","[[1, 1, 3], [0, 1]]",1,3,3,3,PP,"[[3], [2]]",2,1,0.000721,20,0,0,0,0,12,12/5,True
321,5,2,"[3, 2]","[[1, 1, 3], [0, 1]]",1,3,3,5,PP,"[[3], [2]]",2,1,0.000731,20,0,0,0,0,16,16/5,True
322,5,2,"[3, 2]","[[1, 1, 3], [0, 2]]",1,3,0,1,PP,"[[1, 1, 1], [1, 1]]",5,6,0.0007415,20,0,0,0,0,0,0,True
322,5,2,"[3, 2]","[[1, 1, 3], [0, 2]]",1,3,0,2,PP,"[[2, 1], [1, 1]]",4,4,0.0007315,20,0,0,0,0,0,0,True
322,5,2,"[3, 2]","[[1, 1, 3], [0, 2]]",1,3,0,3,PP,"[[2, 1], [1, 1]]",4,4,0.000721,20,0,0,0,0,0,0,True
322,5,2,"[3, 2]","[[1, 1, 3], [0, 2]]",1,3,0,5,PP,"[[2, 1], [1, 1]]",4,4,0.0007265,20,0,0,0,0,0,0,True
322,5,2,"[3, 2]","[[1, 1, 3], [0, 2]]",1,3,1,1,PP,"[[1, 1, 1], [1, 1]]",5,6,0.000726,20,0,0,0,0,0,0,True
322,5,2,"[3, 2]","[[1, 1, 3], [0, 2]]",1,3,1,2,PP,"[[2, 1], [1, 1]]",4,4,0.000721,20,0,0,0,0,0,0,True
322,5,2,"[3, 2]","[[1, 1, 3], [0, 2]]",1,3,1,3,PP,"[[2, 1], [1, 1]]",4,4,0.000731,20,0,0,0,0,0,0,True
322,5,2,"[3, 2]","[[1, 1, 3], [0, 2]]",1,3,1,5,PP,"[[2, 1], [1, 1]]",4,4,0.000721,20,0,0,0,0,0,0,True
322,5,2,"[3, 2]","[[1, 1, 3], [0, 2]]",1,3,2,1,PP,"[[1, 1, 1], [1, 1]]",5,6,0.000726,20,0,0,0,0,0,0,True
322,5,2,"[3, 2]","[[1, 1, 3], [0, 2]]",1,3,2,2,PP,"[[2, 1], [2]]",3,2,0.000736,20,0,0,0,0,0,0,True
322,5,2,"[3, 2]","[[1, 1, 3], [0, 2]]",1,3,2,3,PP,"[[3], [2]]",2,1,0.0007115,20,0,0,0,0,0,0,True
322,5,2,"[3, 2]","[[1, 1, 3], [0, 2]]",1,3,2,5,PP,"[[3], [2]]",2,1,0.000706,20,0,0,0,0,0,0,True
322,5,2,"[3, 2]","[[1, 1, 3], [0, 2]]",1,3,3,1,PP,"[[1, 1, 1], [1, 1]]",5,6,0.000726,20,0,0,0,0,0,0,True
322,5,2,"[3, 2]","[[1, 1, 3], [0, 2]]",1,3,3,2,PP,"[[2, 1], [2]]",3,2,0.000731,20,0,0,0,0,8,8/5,True
322,5,2,"[3, 2]","[[1, 1, 3], [0, 2]]",1,3,3,3,PP,"[[3], [2]]",2,1,0.0007165,20,0,0,0,0,12,12/5,True
322,5,2,"[3, 2]","[[1, 1, 3], [0, 2]]",1,3,3,5,PP,"[[3], [2]]",2,1,0.000706,20,0,0,0,0,16,16/5,True
323,5,2,"[3, 2]","[[1, 1, 3], [0, 3]]",1,3,0,1,PP,"[[1, 1, 1], [1, 1]]",5,6,0.000741,20,0,0,0,0,0,0,True
323,5,2,"[3, 2]","[[1, 1, 3], [0, 3]]",1,3,0,2,PP,"[[2, 1], [1, 1]]",4,4,0.0007265,20,0,0,0,0,0,0,True
323,5,2,"[3, 2]","[[1, 1, 3], [0, 3]]",1,3,0,3,PP,"[[2, 1], [1, 1]]",4,4,0.000721,20,0,0,0,0,0,0,True
323,5,2,"[3, 2]","[[1, 1, 3], [0, 3]]",1,3,0,5,PP,"[[2, 1], [1, 1]]",4,4,0.000716,20,0,0,0,0,0,0,True
323,5,2,"[3, 2]","[[1, 1, 3], [0, 3]]",1,3,1,1,PP,"[[1, 1, 1], [1, 1]]",5,6,0.000726,20,0,0,0,0,0,0,True
323,5,2,"[3, 2]","[[1, 1, 3], [0, 3]]",1,3,1,2,PP,"[[2, 1], [1, 1]]",4,4,0.000721,20,0,0,0,0,0,0,True
323,5,2,"[3, 2]","[[1, 1, 3], [0, 3]]",1,3,1,3,PP,"[[2, 1], [1, 1]]",4,4,0.0007215,20,0,0,0,0,0,0,True
323,5,2,"[3, 2]","[[1, 1, 3], [0, 3]]",1,3,1,5,PP,"[[2, 1], [1, 1]]",4,4,0.0007515,20,0,0,0,0,0,0,True
323,5,2,"[3, 2]","[[1, 1, 3], [0, 3]]",1,3,2,1,PP,"[[1, 1, 1], [1, 1]]",5,6,0.000731,20,0,0,0,0,0,0,True
323,5,2,"[3, 2]","[[1, 1, 3], [0, 3]]",1,3,2,2,PP,"[[2, 1], [1, 1]]",4,4,0.0007465,20,0,0,0,0,0,0,True
323,5,2,"[3, 2]","[[1, 1, 3], [0, 3]]",1,3,2,3,PP,"[[3], [1, 1]]",3,2,0.000751,20,0,0,0,0,0,0,True
323,5,2,"[3, 2]","[[1, 1, 3], [0, 3]]",1,3,2,5,PP,"[[3], [1, 1]]",3,2,0.000736,20,0,0,0,0,0,0,True
323,5,2,"[3, 2]","[[1, 1, 3], [0, 3]]",1,3,3,1,PP,"[[1, 1, 1], [1, 1]]",5,6,0.000756,20,0,0,0,0,0,0,True
323,5,2,"[3, 2]","[[1, 1, 3], [0, 3]]",1,3,3,2,PP,"[[2, 1], [2]]",3,2,0.0007465,20,0,0,4,4/5,8,8/5,True
323,5,2,"[3, 2]","[[1, 1, 3], [0, 3]]",1,3,3,3,PP,"[[3], [2]]",2,1,0.000721,20,0,0,4,4/5,12,12/5,True
323,5,2,"[3, 2]","[[1, 1, 3], [0, 3]]",1,3,3,5,PP,"[[3], [2]]",2,1,0.000756,20,0,0,4,4/5,16,16/5,True
324,5,2,"[3, 2]","[[1, 1, 3], [1, 1]]",1,3,0,1,PP,"[[1, 1, 1], [1, 1]]",5,6,0.000766,20,0,0,0,0,0,0,True
324,5,2,"[3, 2]","[[1, 1, 3], [1, 1]]",1,3,0,2,PP,"[[2, 1], [2]]",3,2,0.000761,20,0,0,0,0,0,0,True
324,5,2,"[3, 2]","[[1, 1, 3], [1, 1]]",1,3,0,3,PP,"[[2, 1], [2]]",3,2,0.000731,20,0,0,0,0,0,0,True
324,5,2,"[3, 2]","[[1, 1, 3], [1, 1]]",1,3,0,5,PP,"[[2, 1], [2]]",3,2,0.000736,20,0,0,0,0,0,0,True
324,5,2,"[3, 2]","[[1, 1, 3], [1, 1]]",1,3,1,1,PP,"[[1, 1, 1], [1, 1]]",5,6,0.000741,20,0,0,0,0,0,0,True
324,5,2,"[3, 2]","[[1, 1, 3], [1, 1]]",1,3,1,2,PP,"[[2, 1], [2]]",3,2,0.000721,20,0,0,0,0,0,0,True
324,5,2,"[3, 2]","[[1, 1, 3], [1, 1]]",1,3,1,3,PP,"[[2, 1], [2]]",3,2,0.0007215,20,0,0,0,0,0,0,True
324,5,2,"[3, 2]","[[1, 1, 3], [1, 1]]",1,3,1,5,PP,"[[2, 1], [2]]",3,2,0.000706,20,0,0,0,0,0,0,True
324,5,2,"[3, 2]","[[1, 1, 3], [1, 1]]",1,3,2,1,PP,"[[1, 1, 1], [1, 1]]",5,6,0.0007265,20,0,0,0,0,0,0,True
324,5,2,"[3, 2]","[[1, 1, 3], [1, 1]]",1,3,2,2,PP,"[[2, 1], [2]]",3,2,0.0007315,20,0,0,0,0,0,0,True
324,5,2,"[3, 2]","[[1, 1, 3], [1, 1]]",1,3,2,3,PP,"[[3], [2]]",2,1,0.000711,20,0,0,0,0,0,0,True
324,5,2,"[3, 2]","[[1, 1, 3], [1, 1]]",1,3,2,5,PP,"[[3], [2]]",2,1,0.000721,20,0,0,0,0,0,0,True
324,5,2,"[3, 2]","[[1, 1, 3], [1, 1]]",1,3,3,1,PP,"[[1, 1, 1], [1, 1]]",5,6,0.0007315,20,0,0,0,0,0,0,True
324,5,2,"[3, 2]","[[1, 1, 3], [1, 1]]",1,3,3,2,PP,"[[2, 1], [2]]",3,2,0.000721,20,0,0,0,0,8,8/5,True
324,5,2,"[3, 2]","[[1, 1, 3], [1, 1]]",1,3,3,3,PP,"[[3], [2]]",2,1,0.000706,20,0,0,0,0,12,12/5,True
324,5,2,"[3, 2]","[[1, 1, 3], [1, 1]]",1,3,3,5,PP,"[[3], [2]]",2,1,0.000726,20,0,0,0,0,16,16/5,True
325,5,2,"[3, 2]","[[1, 1, 3], [1, 2]]",1,3,0,1,PP,"[[1, 1, 1], [1, 1]]",5,6,0.000731,20,0,0,0,0,0,0,True
325,5,2,"[3, 2]","[[1, 1, 3], [1, 2]]",1,3,0,2,PP,"[[2, 1], [1, 1]]",4,4,0.000741,20,0,0,0,0,0,0,True
325,5,2,"[3, 2]","[[1, 1, 3], [1, 2]]",1,3,0,3,PP,"[[2, 1], [1, 1]]",4,4,0.000741,20,0,0,0,0,0,0,True
325,5,2,"[3, 2]","[[1, 1, 3], [1, 2]]",1,3,0,5,PP,"[[2, 1], [1, 1]]",4,4,0.0007315,20,0,0,0,0,0,0,True
325,5,2,"[3, 2]","[[1, 1, 3], [1, 2]]",1,3,1,1,PP,"[[1, 1, 1], [1, 1]]",5,6,0.000746,20,0,0,0,0,0,0,True
325,5,2,"[3, 2]","[[1, 1, 3], [1, 2]]",1,3,1,2,PP,"[[2, 1], [2]]",3,2,0.0007515,20,0,0,0,0,0,0,True
325,5,2,"[3, 2]","[[1, 1, 3], [1, 2]]",1,3,1,3,PP,"[[2, 1], [2]]",3,2,0.000731,20,0,0,0,0,0,0,True
325,5,2,"[3, 2]","[[1, 1, 3], [1, 2]]",1,3,1,5,PP,"[[2, 1], [2]]",3,2,0.000741,20,0,0,0,0,0,0,True
325,5,2,"[3, 2]","[[1, 1, 3], [1, 2]]",1,3,2,1,PP,"[[1, 1, 1], [1, 1]]",5,6,0.000746,20,0,0,0,0,0,0,True
325,5,2,"[3, 2]","[[1, 1, 3], [1, 2]]",1,3,2,2,PP,"[[2, 1], [2]]",3,2,0.000746,20,0,0,0,0,0,0,True
325,5,2,"[3, 2]","[[1, 1, 3], [1, 2]]",1,3,2,3,PP,"[[3], [2]]",2,1,0.000726,20,0,0,0,0,0,0,True
325,5,2,"[3, 2]","[[1, 1, 3], [1, 2]]",1,3,2,5,PP,"[[3], [2]]",2,1,0.000731,20,0,0,0,0,0,0,True
325,5,2,"[3, 2]","[[1, 1, 3], [1, 2]]",1,3,3,1,PP,"[[1, 1, 1], [1, 1]]",5,6,0.000736,20,0,0,0,0,0,0,True
325,5,2,"[3, 2]","[[1, 1, 3], [1, 2]]",1,3,3,2,PP,"[[2, 1], [2]]",3,2,0.000731,20,0,0,0,0,8,8/5,True
325,5,2,"[3, 2]","[[1, 1, 3], [1, 2]]",1,3,3,3,PP,"[[3], [2]]",2,1,0.000726,20,0,0,0,0,12,12/5,True
325,5,2,"[3, 2]","[[1, 1, 3], [1, 2]]",1,3,3,5,PP,"[[3], [2]]",2,1,0.000721,20,0,0,0,0,16,16/5,True
326,5,2,"[3, 2]","[[1, 1, 3], [1, 3]]",1,3,0,1,PP,"[[1, 1, 1], [1, 1]]",5,6,0.000721,20,0,0,0,0,0,0,True
326,5,2,"[3, 2]","[[1, 1, 3], [1, 3]]",1,3,0,2,PP,"[[2, 1], [1, 1]]",4,4,0.000731,20,0,0,0,0,0,0,True
326,5,2,"[3, 2]","[[1, 1, 3], [1, 3]]",1,3,0,3,PP,"[[2, 1], [1, 1]]",4,4,0.000726,20,0,0,0,0,0,0,True
326,5,2,"[3, 2]","[[1, 1, 3], [1, 3]]",1,3,0,5,PP,"[[2, 1], [1, 1]]",4,4,0.000741,20,0,0,0,0,0,0,True
326,5,2,"[3, 2]","[[1, 1, 3], [1, 3]]",1,3,1,1,PP,"[[1, 1, 1], [1, 1]]",5,6,0.0007265,20,0,0,0,0,0,0,True
326,5,2,"[3, 2]","[[1, 1, 3], [1, 3]]",1,3,1,2,PP,"[[2, 1], [1, 1]]",4,4,0.000762,20,0,0,0,0,0,0,True
326,5,2,"[3, 2]","[[1, 1, 3], [1, 3]]",1,3,1,3,PP,"[[2, 1], [1, 1]]",4,4,0.0007365,20,0,0,0,0,0,0,True
326,5,2,"[3, 2]","[[1, 1, 3], [1, 3]]",1,3,1,5,PP,"[[2, 1], [1, 1]]",4,4,0.000751,20,0,0,0,0,0,0,True
326,5,2,"[3, 2]","[[1, 1, 3], [1, 3]]",1,3,2,1,PP,"[[1, 1, 1], [1, 1]]",5,6,0.0007665,20,0,0,0,0,0,0,True
326,5,2,"[3, 2]","[[1, 1, 3], [1, 3]]",1,3,2,2,PP,"[[2, 1], [2]]",3,2,0.000731,20,0,0,0,0,0,0,True
326,5,2,"[3, 2]","[[1, 1, 3], [1, 3]]",1,3,2,3,PP,"[[3], [2]]",2,1,0.000726,20,0,0,0,0,0,0,True
326,5,2,"[3, 2]","[[1, 1, 3], [1, 3]]",1,3,2,5,PP,"[[3], [2]]",2,1,0.0007215,20,0,0,0,0,0,0,True
326,5,2,"[3, 2]","[[1, 1, 3], [1, 3]]",1,3,3,1,PP,"[[1, 1, 1], [1, 1]]",5,6,0.0007615,20,0,0,0,0,0,0,True
326,5,2,"[3, 2]","[[1, 1, 3], [1, 3]]",1,3,3,2,PP,"[[2, 1], [2]]",3,2,0.000751,20,0,0,0,0,8,8/5,True
326,5,2,"[3, 2]","[[1, 1, 3], [1, 3]]",1,3,3,3,PP,"[[3], [2]]",2,1,0.000706,20,0,0,0,0,12,12/5,True
326,5,2,"[3, 2]","[[1, 1, 3], [1, 3]]",1,3,3,5,PP,"[[3], [2]]",2,1,0.0007165,20,0,0,0,0,16,16/5,True
327,5,2,"[3, 2]","[[1, 1, 3], [2, 2]]",1,3,0,1,PP,"[[1, 1, 1], [1, 1]]",5,6,0.000736,20,0,0,0,0,0,0,True
327,5,2,"[3, 2]","[[1, 1, 3], [2, 2]]",1,3,0,2,PP,"[[2, 1], [2]]",3,2,0.000721,20,0,0,0,0,0,0,True
327,5,2,"[3, 2]","[[1, 1, 3], [2, 2]]",1,3,0,3,PP,"[[2, 1], [2]]",3,2,0.0007465,20,0,0,0,0,0,0,True
327,5,2,"[3, 2]","[[1, 1, 3], [2, 2]]",1,3,0,5,PP,"[[2, 1], [2]]",3,2,0.000731,20,0,0,0,0,0,0,True
327,5,2,"[3, 2]","[[1, 1, 3], [2, 2]]",1,3,1,1,PP,"[[1, 1, 1], [1, 1]]",5,6,0.0007515,20,0,0,0,0,0,0,True
327,5,2,"[3, 2]","[[1, 1, 3], [2, 2]]",1,3,1,2,PP,"[[2, 1], [2]]",3,2,0.0007415,20,0,0,0,0,0,0,True
327,5,2,"[3, 2]","[[1, 1, 3], [2, 2]]",1,3,1,3,PP,"[[2, 1], [2]]",3,2,0.000746,20,0,0,0,0,0,0,True
327,5,2,"[3, 2]","[[1, 1, 3], [2, 2]]",1,3,1,5,PP,"[[2, 1], [2]]",3,2,0.000731,20,0,0,0,0,0,0,True
327,5,2,"[3, 2]","[[1, 1, 3], [2, 2]]",1,3,2,1,PP,"[[1, 1, 1], [1, 1]]",5,6,0.000731,20,0,0,0,0,0,0,True
327,5,2,"[3, 2]","[[1, 1, 3], [2, 2]]",1,3,2,2,PP,"[[2, 1], [2]]",3,2,0.000756,20,0,0,0,0,0,0,True
327,5,2,"[3, 2]","[[1, 1, 3], [2, 2]]",1,3,2,3,PP,"[[3], [2]]",2,1,0.000726,20,0,0,0,0,0,0,True
327,5,2,"[3, 2]","[[1, 1, 3], [2, 2]]",1,3,2,5,PP,"[[3], [2]]",2,1,0.000731,20,0,0,0,0,0,0,True
327,5,2,"[3, 2]","[[1, 1, 3], [2, 2]]",1,3,3,1,PP,"[[1, 1, 1], [1, 1]]",5,6,0.000751,20,0,0,0,0,0,0,True
327,5,2,"[3, 2]","[[1, 1, 3], [2, 2]]",1,3,3,2,PP,"[[2, 1], [2]]",3,2,0.000731,20,0,0,0,0,8,8/5,True
327,5,2,"[3, 2]","[[1, 1, 3], [2, 2]]",1,3,3,3,PP,"[[3], [2]]",2,1,0.000726,20,0,0,0,0,12,12/5,True
327,5,2,"[3, 2]","[[1, 1, 3], [2, 2]]",1,3,3,5,PP,"[[3], [2]]",2,1,0.000711,20,0,0,0,0,16,16/5,True
328,5,2,"[3, 2]","[[1, 1, 3], [2, 3]]",1,3,0,1,PP,"[[1, 1, 1], [1, 1]]",5,6,0.000741,20,0,0,0,0,0,0,True
328,5,2,"[3, 2]","[[1, 1, 3], [2, 3]]",1,3,0,2,PP,"[[2, 1], [1, 1]]",4,4,0.000736,20,0,0,0,0,0,0,True
328,5,2,"[3, 2]","[[1, 1, 3], [2, 3]]",1,3,0,3,PP,"[[2, 1], [1, 1]]",4,4,0.000726,20,0,0,0,0,0,0,True
328,5,2,"[3, 2]","[[1, 1, 3], [2, 3]]",1,3,0,5,PP,"[[2, 1], [1, 1]]",4,4,0.0007265,20,0,0,0,0,0,0,True
328,5,2,"[3, 2]","[[1, 1, 3], [2, 3]]",1,3,1,1,PP,"[[1, 1, 1], [1, 1]]",5,6,0.000726,20,0,0,0,0,0,0,True
328,5,2,"[3, 2]","[[1, 1, 3], [2, 3]]",1,3,1,2,PP,"[[2, 1], [2]]",3,2,0.000731,20,0,0,0,0,0,0,True
328,5,2,"[3, 2]","[[1, 1, 3], [2, 3]]",1,3,1,3,PP,"[[2, 1], [2]]",3,2,0.0007165,20,0,0,0,0,0,0,True
328,5,2,"[3, 2]","[[1, 1, 3], [2, 3]]",1,3,1,5,PP,"[[2, 1], [2]]",3,2,0.000731,20,0,0,0,0,0,0,True
328,5,2,"[3, 2]","[[1, 1, 3], [2, 3]]",1,3,2,1,PP,"[[1, 1, 1], [1, 1]]",5,6,0.0007415,20,0,0,0,0,0,0,True
328,5,2,"[3, 2]","[[1, 1, 3], [2, 3]]",1,3,2,2,PP,"[[2, 1], [2]]",3,2,0.000736,20,0,0,0,0,0,0,True
328,5,2,"[3, 2]","[[1, 1, 3], [2, 3]]",1,3,2,3,PP,"[[3], [2]]",2,1,0.000716,20,0,0,0,0,0,0,True
328,5,2,"[3, 2]","[[1, 1, 3], [2, 3]]",1,3,2,5,PP,"[[3], [2]]",2,1,0.000721,20,0,0,0,0,0,0,True
328,5,2,"[3, 2]","[[1, 1, 3], [2, 3]]",1,3,3,1,PP,"[[1, 1, 1], [1, 1]]",5,6,0.000721,20,0,0,0,0,0,0,True
328,5,2,"[3, 2]","[[1, 1, 3], [2, 3]]",1,3,3,2,PP,"[[2, 1], [2]]",3,2,0.000731,20,0,0,0,0,8,8/5,True
328,5,2,"[3, 2]","[[1, 1, 3], [2, 3]]",1,3,3,3,PP,"[[3], [2]]",2,1,0.000731,20,0,0,0,0,12,12/5,True
328,5,2,"[3, 2]","[[1, 1, 3], [2, 3]]",1,3,3,5,PP,"[[3], [2]]",2,1,0.0007215,20,0,0,0,0,16,16/5,True
329,5,2,"[3, 2]","[[1, 1, 3], [3, 3]]",1,3,0,1,PP,"[[1, 1, 1], [1, 1]]",5,6,0.000746,20,0,0,0,0,0,0,True
329,5,2,"[3, 2]","[[1, 1, 3], [3, 3]]",1,3,0,2,PP,"[[2, 1], [2]]",3,2,0.000751,20,0,0,0,0,0,0,True
329,5,2,"[3, 2]","[[1, 1, 3], [3, 3]]",1,3,0,3,PP,"[[2, 1], [2]]",3,2,0.000766,20,0,0,0,0,0,0,True
329,5,2,"[3, 2]","[[1, 1, 3], [3, 3]]",1,3,0,5,PP,"[[2, 1], [2]]",3,2,0.000736,20,0,0,0,0,0,0,True
329,5,2,"[3, 2]","[[1, 1, 3], [3, 3]]",1,3,1,1,PP,"[[1, 1, 1], [1, 1]]",5,6,0.000751,20,0,0,0,0,0,0,True
329,5,2,"[3, 2]","[[1, 1, 3], [3, 3]]",1,3,1,2,PP,"[[2, 1], [2]]",3,2,0.000751,20,0,0,0,0,0,0,True
329,5,2,"[3, 2]","[[1, 1, 3], [3, 3]]",1,3,1,3,PP,"[[2, 1], [2]]",3,2,0.000731,20,0,0,0,0,0,0,True
329,5,2,"[3, 2]","[[1, 1, 3], [3, 3]]",1,3,1,5,PP,"[[2, 1], [2]]",3,2,0.000721,20,0,0,0,0,0,0,True
329,5,2,"[3, 2]","[[1, 1, 3], [3, 3]]",1,3,2,1,PP,"[[1, 1, 1], [1, 1]]",5,6,0.000741,20,0,0,0,0,0,0,True
329,5,2,"[3, 2]","[[1, 1, 3], [3, 3]]",1,3,2,2,PP,"[[2, 1], [2]]",3,2,0.000721,20,0,0,0,0,0,0,True
329,5,2,"[3, 2]","[[1, 1, 3], [3, 3]]",1,3,2,3,PP,"[[3], [2]]",2,1,0.0007415,20,0,0,0,0,0,0,True
329,5,2,"[3, 2]","[[1, 1, 3], [3, 3]]",1,3,2,5,PP,"[[3], [2]]",2,1,0.000731,20,0,0,0,0,0,0,True
329,5,2,"[3, 2]","[[1, 1, 3], [3, 3]]",1,3,3,1,PP,"[[1, 1, 1], [1, 1]]",5,6,0.000751,20,0,0,0,0,0,0,True
329,5,2,"[3, 2]","[[1, 1, 3], [3, 3]]",1,3,3,2,PP,"[[2, 1], [2]]",3,2,0.000721,20,0,0,0,0,8,8/5,True
329,5,2,"[3, 2]","[[1, 1, 3], [3, 3]]",1,3,3,3,PP,"[[3], [2]]",2,1,0.000716,20,0,0,0,0,12,12/5,True
329,5,2,"[3, 2]","[[1, 1, 3], [3, 3]]",1,3,3,5,PP,"[[3], [2]]",2,1,0.000721,20,0,0,0,0,16,16/5,True
330,5,2,"[3, 2]","[[1, 2, 2], [0, 0]]",1,3,0,1,PP,"[[1, 1, 1], [1, 1]]",5,6,0.000736,20,0,0,0,0,0,0,True
330,5,2,"[3, 2]","[[1, 2, 2], [0, 0]]",1,3,0,2,PP,"[[1, 2], [2]]",3,2,0.000731,20,0,0,0,0,0,0,True
330,5,2,"[3, 2]","[[1, 2, 2], [0, 0]]",1,3,0,3,PP,"[[1, 2], [2]]",3,2,0.000711,20,0,0,0,0,0,0,True
330,5,2,"[3, 2]","[[1, 2, 2], [0, 0]]",1,3,0,5,PP,"[[1, 2], [2]]",3,2,0.000721,20,0,0,0,0,0,0,True
330,5,2,"[3, 2]","[[1, 2, 2], [0, 0]]",1,3,1,1,PP,"[[1, 1, 1], [1, 1]]",5,6,0.000721,20,0,0,0,0,0,0,True
330,5,2,"[3, 2]","[[1, 2, 2], [0, 0]]",1,3,1,2,PP,"[[2, 1], [2]]",3,2,0.000746,20,0,0,0,0,0,0,True
330,5,2,"[3, 2]","[[1, 2, 2], [0, 0]]",1,3,1,3,PP,"[[3], [2]]",2,1,0.000701,20,0,0,0,0,0,0,True
330,5,2,"[3, 2]","[[1, 2, 2], [0, 0]]",1,3,1,5,PP,"[[3], [2]]",2,1,0.000726,20,0,0,0,0,0,0,True
330,5,2,"[3, 2]","[[1, 2, 2], [0, 0]]",1,3,2,1,PP,"[[1, 1, 1], [1, 1]]",5,6,0.000731,20,0,0,0,0,0,0,True
330,5,2,"[3, 2]","[[1, 2, 2], [0, 0]]",1,3,2,2,PP,"[[2, 1], [2]]",3,2,0.0007465,20,0,0,0,0,0,0,True
330,5,2,"[3, 2]","[[1, 2, 2], [0, 0]]",1,3,2,3,PP,"[[3], [2]]",2,1,0.000756,20,0,0,0,0,0,0,True
330,5,2,"[3, 2]","[[1, 2, 2], [0, 0]]",1,3,2,5,PP,"[[3], [2]]",2,1,0.000746,20,0,0,0,0,0,0,True
330,5,2,"[3, 2]","[[1, 2, 2], [0, 0]]",1,3,3,1,PP,"[[1, 1, 1], [1, 1]]",5,6,0.000736,20,0,0,0,0,0,0,True
330,5,2,"[3, 2]","[[1, 2, 2], [0, 0]]",1,3,3,2,PP,"[[2, 1], [2]]",3,2,0.000726,20,0,0,0,0,8,8/5,True
330,5,2,"[3, 2]","[[1, 2, 2], [0, 0]]",1,3,3,3,PP,"[[3], [2]]",2,1,0.000741,20,0,0,0,0,12,12/5,True
330,5,2,"[3, 2]","[[1, 2, 2], [0, 0]]",1,3,3,5,PP,"[[3], [2]]",2,1,0.000741,20,0,0,0,0,16,16/5,True
331,5,2,"[3, 2]","[[1, 2, 2], [0, 1]]",1,3,0,1,PP,"[[1, 1, 1], [1, 1]]",5,6,0.0007215,20,0,0,0,0,0,0,True
331,5,2,"[3, 2]","[[1, 2, 2], [0, 1]]",1,3,0,2,PP,"[[1, 2], [1, 1]]",4,4,0.000741,20,0,0,0,0,0,0,True
331,5,2,"[3, 2]","[[1, 2, 2], [0, 1]]",1,3,0,3,PP,"[[1, 2], [1, 1]]",4,4,0.000731,20,0,0,0,0,0,0,True
331,5,2,"[3, 2]","[[1, 2, 2], [0, 1]]",1,3,0,5,PP,"[[1, 2], [1, 1]]",4,4,0.000721,20,0,0,0,0,0,0,True
331,5,2,"[3, 2]","[[1, 2, 2], [0, 1]]",1,3,1,1,PP,"[[1, 1, 1], [1, 1]]",5,6,0.000786,20,0,0,0,0,0,0,True
331,5,2,"[3, 2]","[[1, 2, 2], [0, 1]]",1,3,1,2,PP,"[[2, 1], [2]]",3,2,0.000731,20,0,0,0,0,0,0,True
331,5,2,"[3, 2]","[[1, 2, 2], [0, 1]]",1,3,1,3,PP,"[[3], [2]]",2,1,0.000741,20,0,0,0,0,0,0,True
331,5,2,"[3, 2]","[[1, 2, 2], [0, 1]]",1,3,1,5,PP,"[[3], [2]]",2,1,0.000731,20,0,0,0,0,0,0,True
331,5,2,"[3, 2]","[[1, 2, 2], [0, 1]]",1,3,2,1,PP,"[[1, 1, 1], [1, 1]]",5,6,0.000736,20,0,0,0,0,0,0,True
331,5,2,"[3, 2]","[[1, 2, 2], [0, 1]]",1,3,2,2,PP,"[[2, 1], [2]]",3,2,0.000746,20,0,0,0,0,0,0,True
331,5,2,"[3, 2]","[[1, 2, 2], [0, 1]]",1,3,2,3,PP,"[[3], [2]]",2,1,0.0007165,20,0,0,0,0,0,0,True
331,5,2,"[3, 2]","[[1, 2, 2], [0, 1]]",1,3,2,5,PP,"[[3], [2]]",2,1,0.000721,20,0,0,0,0,0,0,True
331,5,2,"[3, 2]","[[1, 2, 2], [0, 1]]",1,3,3,1,PP,"[[1, 1, 1], [1, 1]]",5,6,0.000731,20,0,0,0,0,0,0,True
331,5,2,"[3, 2]","[[1, 2, 2], [0, 1]]",1,3,3,2,PP,"[[2, 1], [2]]",3,2,0.000711,20,0,0,0,0,8,8/5,True
331,5,2,"[3, 2]","[[1, 2, 2], [0, 1]]",1,3,3,3,PP,"[[3], [2]]",2,1,0.0007215,20,0,0,0,0,12,12/5,True
331,5,2,"[3, 2]","[[1, 2, 2], [0, 1]]",1,3,3,5,PP,"[[3], [2]]",2,1,0.000701,20,0,0,0,0,16,16/5,True
332,5,2,"[3, 2]","[[1, 2, 2], [0, 2]]",1,3,0,1,PP,"[[1, 1, 1], [1, 1]]",5,6,0.000731,20,0,0,0,0,0,0,True
332,5,2,"[3, 2]","[[1, 2, 2], [0, 2]]",1,3,0,2,PP,"[[1, 2], [1, 1]]",4,4,0.000751,20,0,0,0,0,0,0,True
332,5,2,"[3, 2]","[[1, 2, 2], [0, 2]]",1,3,0,3,PP,"[[1, 2], [1, 1]]",4,4,0.000722,20,0,0,0,0,0,0,True
332,5,2,"[3, 2]","[[1, 2, 2], [0, 2]]",1,3,0,5,PP,"[[1, 2], [1, 1]]",4,4,0.000716,20,0,0,0,0,0,0,True
332,5,2,"[3, 2]","[[1, 2, 2], [0, 2]]",1,3,1,1,PP,"[[1, 1, 1], [1, 1]]",5,6,0.000726,20,0,0,0,0,0,0,True
332,5,2,"[3, 2]","[[1, 2, 2], [0, 2]]",1,3,1,2,PP,"[[2, 1], [1, 1]]",4,4,0.000751,20,0,0,0,0,0,0,True
332,5,2,"[3, 2]","[[1, 2, 2], [0, 2]]",1,3,1,3,PP,"[[3], [1, 1]]",3,2,0.000731,20,0,0,0,0,0,0,True
332,5,2,"[3, 2]","[[1, 2, 2], [0, 2]]",1,3,1,5,PP,"[[3], [1, 1]]",3,2,0.000726,20,0,0,0,0,0,0,True
332,5,2,"[3, 2]","[[1, 2, 2], [0, 2]]",1,3,2,1,PP,"[[1, 1, 1], [1, 1]]",5,6,0.000741,20,0,0,0,0,0,0,True
332,5,2,"[3, 2]","[[1, 2, 2], [0, 2]]",1,3,2,2,PP,"[[2, 1], [2]]",3,2,0.000741,20,0,0,0,0,0,0,True
332,5,2,"[3, 2]","[[1, 2, 2], [0, 2]]",1,3,2,3,PP,"[[3], [2]]",2,1,0.000721,20,0,0,0,0,0,0,True
332,5,2,"[3, 2]","[[1, 2, 2], [0, 2]]",1,3,2,5,PP,"[[3], [2]]",2,1,0.000741,20,0,0,0,0,0,0,True
332,5,2,"[3, 2]","[[1, 2, 2], [0, 2]]",1,3,3,1,PP,"[[1, 1, 1], [1, 1]]",5,6,0.000756,20,0,0,0,0,0,0,True
332,5,2,"[3, 2]","[[1, 2, 2], [0, 2]]",1,3,3,2,PP,"[[2, 1], [2]]",3,2,0.000751,20,0,0,0,0,8,8/5,True
332,5,2,"[3, 2]","[[1, 2, 2], [0, 2]]",1,3,3,3,PP,"[[3], [2]]",2,1,0.000711,20,0,0,0,0,12,12/5,True
332,5,2,"[3, 2]","[[1, 2, 2], [0, 2]]",1,3,3,5,PP,"[[3], [2]]",2,1,0.000721,20,0,0,0,0,16,16/5,True
333,5,2,"[3, 2]","[[1, 2, 2], [0, 3]]",1,3,0,1,PP,"[[1, 1, 1], [1, 1]]",5,6,0.000751,20,0,0,0,0,0,0,True
333,5,2,"[3, 2]","[[1, 2, 2], [0, 3]]",1,3,0,2,PP,"[[1, 2], [1, 1]]",4,4,0.000711,20,0,0,0,0,0,0,True
333,5,2,"[3, 2]","[[1, 2, 2], [0, 3]]",1,3,0,3,PP,"[[1, 2], [1, 1]]",4,4,0.000706,20,0,0,0,0,0,0,True
333,5,2,"[3, 2]","[[1, 2, 2], [0, 3]]",1,3,0,5,PP,"[[1, 2], [1, 1]]",4,4,0.000711,20,0,0,0,0,0,0,True
333,5,2,"[3, 2]","[[1, 2, 2], [0, 3]]",1,3,1,1,PP,"[[1, 1, 1], [1, 1]]",5,6,0.000761,20,0,0,0,0,0,0,True
333,5,2,"[3, 2]","[[1, 2, 2], [0, 3]]",1,3,1,2,PP,"[[2, 1], [1, 1]]",4,4,0.000751,20,0,0,0,0,0,0,True
333,5,2,"[3, 2]","[[1, 2, 2], [0, 3]]",1,3,1,3,PP,"[[3], [1, 1]]",3,2,0.000781,20,0,0,0,0,0,0,True
333,5,2,"[3, 2]","[[1, 2, 2], [0, 3]]",1,3,1,5,PP,"[[3], [1, 1]]",3,2,0.0007315,20,0,0,0,0,0,0,True
333,5,2,"[3, 2]","[[1, 2, 2], [0, 3]]",1,3,2,1,PP,"[[1, 1, 1], [1, 1]]",5,6,0.000751,20,0,0,0,0,0,0,True
333,5,2,"[3, 2]","[[1, 2, 2], [0, 3]]",1,3,2,2,PP,"[[2, 1], [1, 1]]",4,4,0.000751,20,0,0,0,0,0,0,True
333,5,2,"[3, 2]","[[1, 2, 2], [0, 3]]",1,3,2,3,PP,"[[3], [1, 1]]",3,2,0.000741,20,0,0,0,0,0,0,True
333,5,2,"[3, 2]","[[1, 2, 2], [0, 3]]",1,3,2,5,PP,"[[3], [1, 1]]",3,2,0.000711,20,0,0,0,0,0,0,True
333,5,2,"[3, 2]","[[1, 2, 2], [0, 3]]",1,3,3,1,PP,"[[1, 1, 1], [1, 1]]",5,6,0.000731,20,0,0,0,0,0,0,True
333,5,2,"[3, 2]","[[1, 2, 2], [0, 3]]",1,3,3,2,PP,"[[2, 1], [2]]",3,2,0.0007415,20,0,0,4,4/5,8,8/5,True
333,5,2,"[3, 2]","[[1, 2, 2], [0, 3]]",1,3,3,3,PP,"[[3], [2]]",2,1,0.0007315,20,0,0,4,4/5,12,12/5,True
333,5,2,"[3, 2]","[[1, 2, 2], [0, 3]]",1,3,3,5,PP,"[[3], [2]]",2,1,0.0007315,20,0,0,4,4/5,16,16/5,True
334,5,2,"[3, 2]","[[1, 2, 2], [1, 1]]",1,3,0,1,PP,"[[1, 1, 1], [1, 1]]",5,6,0.000711,20,0,0,0,0,0,0,True
334,5,2,"[3, 2]","[[1, 2, 2], [1, 1]]",1,3,0,2,PP,"[[1, 2], [2]]",3,2,0.0007415,20,0,0,0,0,0,0,True
334,5,2,"[3, 2]","[[1, 2, 2], [1, 1]]",1,3,0,3,PP,"[[1, 2], [2]]",3,2,0.000731,20,0,0,0,0,0,0,True
334,5,2,"[3, 2]","[[1, 2, 2], [1, 1]]",1,3,0,5,PP,"[[1, 2], [2]]",3,2,0.000726,20,0,0,0,0,0,0,True
334,5,2,"[3, 2]","[[1, 2, 2], [1, 1]]",1,3,1,1,PP,"[[1, 1, 1], [1, 1]]",5,6,0.000761,20,0,0,0,0,0,0,True
334,5,2,"[3, 2]","[[1, 2, 2], [1, 1]]",1,3,1,2,PP,"[[2, 1], [2]]",3,2,0.0007265,20,0,0,0,0,0,0,True
334,5,2,"[3, 2]","[[1, 2, 2], [1, 1]]",1,3,1,3,PP,"[[3], [2]]",2,1,0.000731,20,0,0,0,0,0,0,True
334,5,2,"[3, 2]","[[1, 2, 2], [1, 1]]",1,3,1,5,PP,"[[3], [2]]",2,1,0.000711,20,0,0,0,0,0,0,True
334,5,2,"[3, 2]","[[1, 2, 2], [1, 1]]",1,3,2,1,PP,"[[1, 1, 1], [1, 1]]",5,6,0.000726,20,0,0,0,0,0,0,True
334,5,2,"[3, 2]","[[1, 2, 2], [1, 1]]",1,3,2,2,PP,"[[2, 1], [2]]",3,2,0.000741,20,0,0,0,0,0,0,True
334,5,2,"[3, 2]","[[1, 2, 2], [1, 1]]",1,3,2,3,PP,"[[3], [2]]",2,1,0.0007965,20,0,0,0,0,0,0,True
334,5,2,"[3, 2]","[[1, 2, 2], [1, 1]]",1,3,2,5,PP,"[[3], [2]]",2,1,0.000726,20,0,0,0,0,0,0,True
334,5,2,"[3, 2]","[[1, 2, 2], [1, 1]]",1,3,3,1,PP,"[[1, 1, 1], [1, 1]]",5,6,0.0007415,20,0,0,0,0,0,0,True
334,5,2,"[3, 2]","[[1, 2, 2], [1, 1]]",1,3,3,2,PP,"[[2, 1], [2]]",3,2,0.000721,20,0,0,0,0,8,8/5,True
334,5,2,"[3, 2]","[[1, 2, 2], [1, 1]]",1,3,3,3,PP,"[[3], [2]]",2,1,0.0007065,20,0,0,0,0,12,12/5,True
334,5,2,"[3, 2]","[[1, 2, 2], [1, 1]]",1,3,3,5,PP,"[[3], [2]]",2,1,0.000721,20,0,0,0,0,16,16/5,True
335,5,2,"[3, 2]","[[1, 2, 2], [1, 2]]",1,3,0,1,PP,"[[1, 1, 1], [1, 1]]",5,6,0.0007315,20,0,0,0,0,0,0,True
335,5,2,"[3, 2]","[[1, 2, 2], [1, 2]]",1,3,0,2,PP,"[[1, 2], [1, 1]]",4,4,0.000726,20,0,0,0,0,0,0,True
335,5,2,"[3, 2]","[[1, 2, 2], [1, 2]]",1,3,0,3,PP,"[[1, 2], [1, 1]]",4,4,0.000721,20,0,0,0,0,0,0,True
335,5,2,"[3, 2]","[[1, 2, 2], [1, 2]]",1,3,0,5,PP,"[[1, 2], [1, 1]]",4,4,0.0007165,20,0,0,0,0,0,0,True
335,5,2,"[3, 2]","[[1, 2, 2], [1, 2]]",1,3,1,1,PP,"[[1, 1, 1], [1, 1]]",5,6,0.000741,20,0,0,0,0,0,0,True
335,5,2,"[3, 2]","[[1, 2, 2], [1, 2]]",1,3,1,2,PP,"[[2, 1], [2]]",3,2,0.000741,20,0,0,0,0,0,0,True
335,5,2,"[3, 2]","[[1, 2, 2], [1, 2]]",1,3,1,3,PP,"[[3], [2]]",2,1,0.0007115,20,0,0,0,0,0,0,True
335,5,2,"[3, 2]","[[1, 2, 2], [1, 2]]",1,3,1,5,PP,"[[3], [2]]",2,1,0.000731,20,0,0,0,0,0,0,True
335,5,2,"[3, 2]","[[1, 2, 2], [1, 2]]",1,3,2,1,PP,"[[1, 1, 1], [1, 1]]",5,6,0.000721,20,0,0,0,0,0,0,True
335,5,2,"[3, 2]","[[1, 2, 2], [1, 2]]",1,3,2,2,PP,"[[2, 1], [2]]",3,2,0.000731,20,0,0,0,0,0,0,True
335,5,2,"[3, 2]","[[1, 2, 2], [1, 2]]",1,3,2,3,PP,"[[3], [2]]",2,1,0.000731,20,0,0,0,0,0,0,True
335,5,2,"[3, 2]","[[1, 2, 2], [1, 2]]",1,3,2,5,PP,"[[3], [2]]",2,1,0.000721,20,0,0,0,0,0,0,True
335,5,2,"[3, 2]","[[1, 2, 2], [1, 2]]",1,3,3,1,PP,"[[1, 1, 1], [1, 1]]",5,6,0.000741,20,0,0,0,0,0,0,True
335,5,2,"[3, 2]","[[1, 2, 2], [1, 2]]",1,3,3,2,PP,"[[2, 1], [2]]",3,2,0.000741,20,0,0,0,0,8,8/5,True
335,5,2,"[3, 2]","[[1, 2, 2], [1, 2]]",1,3,3,3,PP,"[[3], [2]]",2,1,0.000731,20,0,0,0,0,12,12/5,True
335,5,2,"[3, 2]","[[1, 2, 2], [1, 2]]",1,3,3,5,PP,"[[3], [2]]",2,1,0.000706,20,0,0,0,0,16,16/5,True
336,5,2,"[3, 2]","[[1, 2, 2], [1, 3]]",1,3,0,1,PP,"[[1, 1, 1], [1, 1]]",5,6,0.000781,20,0,0,0,0,0,0,True
336,5,2,"[3, 2]","[[1, 2, 2], [1, 3]]",1,3,0,2,PP,"[[1, 2], [1, 1]]",4,4,0.000726,20,0,0,0,0,0,0,True
336,5,2,"[3, 2]","[[1, 2, 2], [1, 3]]",1,3,0,3,PP,"[[1, 2], [1, 1]]",4,4,0.000731,20,0,0,0,0,0,0,True
336,5,2,"[3, 2]","[[1, 2, 2], [1, 3]]",1,3,0,5,PP,"[[1, 2], [1, 1]]",4,4,0.000726,20,0,0,0,0,0,0,True
336,5,2,"[3, 2]","[[1, 2, 2], [1, 3]]",1,3,1,1,PP,"[[1, 1, 1], [1, 1]]",5,6,0.000746,20,0,0,0,0,0,0,True
336,5,2,"[3, 2]","[[1, 2, 2], [1, 3]]",1,3,1,2,PP,"[[2, 1], [1, 1]]",4,4,0.0007865,20,0,0,0,0,0,0,True
336,5,2,"[3, 2]","[[1, 2, 2], [1, 3]]",1,3,1,3,PP,"[[3], [1, 1]]",3,2,0.000726,20,0,0,0,0,0,0,True
336,5,2,"[3, 2]","[[1, 2, 2], [1, 3]]",1,3,1,5,PP,"[[3], [1, 1]]",3,2,0.000711,20,0,0,0,0,0,0,True
336,5,2,"[3, 2]","[[1, 2, 2], [1, 3]]",1,3,2,1,PP,"[[1, 1, 1], [1, 1]]",5,6,0.000721,20,0,0,0,0,0,0,True
336,5,2,"[3, 2]","[[1, 2, 2], [1, 3]]",1,3,2,2,PP,"[[2, 1], [2]]",3,2,0.0007215,20,0,0,0,0,0,0,True
336,5,2,"[3, 2]","[[1, 2, 2], [1, 3]]",1,3,2,3,PP,"[[3], [2]]",2,1,0.000731,20,0,0,0,0,0,0,True
336,5,2,"[3, 2]","[[1, 2, 2], [1, 3]]",1,3,2,5,PP,"[[3], [2]]",2,1,0.0007265,20,0,0,0,0,0,0,True
336,5,2,"[3, 2]","[[1, 2, 2], [1, 3]]",1,3,3,1,PP,"[[1, 1, 1], [1, 1]]",5,6,0.0007165,20,0,0,0,0,0,0,True
336,5,2,"[3, 2]","[[1, 2, 2], [1, 3]]",1,3,3,2,PP,"[[2, 1], [2]]",3,2,0.000731,20,0,0,0,0,8,8/5,True
336,5,2,"[3, 2]","[[1, 2, 2], [1, 3]]",1,3,3,3,PP,"[[3], [2]]",2,1,0.000721,20,0,0,0,0,12,12/5,True
336,5,2,"[3, 2]","[[1, 2, 2], [1, 3]]",1,3,3,5,PP,"[[3], [2]]",2,1,0.000726,20,0,0,0,0,16,16/5,True
337,5,2,"[3, 2]","[[1, 2, 2], [2, 2]]",1,3,0,1,PP,"[[1, 1, 1], [1, 1]]",5,6,0.000741,20,0,0,0,0,0,0,True
337,5,2,"[3, 2]","[[1, 2, 2], [2, 2]]",1,3,0,2,PP,"[[1, 2], [2]]",3,2,0.000742,20,0,0,0,0,0,0,True
337,5,2,"[3, 2]","[[1, 2, 2], [2, 2]]",1,3,0,3,PP,"[[1, 2], [2]]",3,2,0.000761,20,0,0,0,0,0,0,True
337,5,2,"[3, 2]","[[1, 2, 2], [2, 2]]",1,3,0,5,PP,"[[1, 2], [2]]",3,2,0.0007265,20,0,0,0,0,0,0,True
337,5,2,"[3, 2]","[[1, 2, 2], [2, 2]]",1,3,1,1,PP,"[[1, 1, 1], [1, 1]]",5,6,0.000756,20,0,0,0,0,0,0,True
337,5,2,"[3, 2]","[[1, 2, 2], [2, 2]]",1,3,1,2,PP,"[[2, 1], [2]]",3,2,0.000731,20,0,0,0,0,0,0,True
337,5,2,"[3, 2]","[[1, 2, 2], [2, 2]]",1,3,1,3,PP,"[[3], [2]]",2,1,0.000751,20,0,0,0,0,0,0,True
337,5,2,"[3, 2]","[[1, 2, 2], [2, 2]]",1,3,1,5,PP,"[[3], [2]]",2,1,0.000726,20,0,0,0,0,0,0,True
337,5,2,"[3, 2]","[[1, 2, 2], [2, 2]]",1,3,2,1,PP,"[[1, 1, 1], [1, 1]]",5,6,0.000721,20,0,0,0,0,0,0,True
337,5,2,"[3, 2]","[[1, 2, 2], [2, 2]]",1,3,2,2,PP,"[[2, 1], [2]]",3,2,0.000736,20,0,0,0,0,0,0,True
337,5,2,"[3, 2]","[[1, 2, 2], [2, 2]]",1,3,2,3,PP,"[[3], [2]]",2,1,0.000766,20,0,0,0,0,0,0,True
337,5,2,"[3, 2]","[[1, 2, 2], [2, 2]]",1,3,2,5,PP,"[[3], [2]]",2,1,0.000776,20,0,0,0,0,0,0,True
337,5,2,"[3, 2]","[[1, 2, 2], [2, 2]]",1,3,3,1,PP,"[[1, 1, 1], [1, 1]]",5,6,0.000761,20,0,0,0,0,0,0,True
337,5,2,"[3, 2]","[[1, 2, 2], [2, 2]]",1,3,3,2,PP,"[[2, 1], [2]]",3,2,0.000746,20,0,0,0,0,8,8/5,True
337,5,2,"[3, 2]","[[1, 2, 2], [2, 2]]",1,3,3,3,PP,"[[3], [2]]",2,1,0.000741,20,0,0,0,0,12,12/5,True
337,5,2,"[3, 2]","[[1, 2, 2], [2, 2]]",1,3,3,5,PP,"[[3], [2]]",2,1,0.000731,20,0,0,0,0,16,16/5,True
338,5,2,"[3, 2]","[[1, 2, 2], [2, 3]]",1,3,0,1,PP,"[[1, 1, 1], [1, 1]]",5,6,0.000746,20,0,0,0,0,0,0,True
338,5,2,"[3, 2]","[[1, 2, 2], [2, 3]]",1,3,0,2,PP,"[[1, 2], [1, 1]]",4,4,0.000741,20,0,0,0,0,0,0,True
338,5,2,"[3, 2]","[[1, 2, 2], [2, 3]]",1,3,0,3,PP,"[[1, 2], [1, 1]]",4,4,0.000716,20,0,0,0,0,0,0,True
338,5,2,"[3, 2]","[[1, 2, 2], [2, 3]]",1,3,0,5,PP,"[[1, 2], [1, 1]]",4,4,0.000731,20,0,0,0,0,0,0,True
338,5,2,"[3, 2]","[[1, 2, 2], [2, 3]]",1,3,1,1,PP,"[[1, 1, 1], [1, 1]]",5,6,0.000731,20,0,0,0,0,0,0,True
338,5,2,"[3, 2]","[[1, 2, 2], [2, 3]]",1,3,1,2,PP,"[[2, 1], [2]]",3,2,0.0007365,20,0,0,0,0,0,0,True
338,5,2,"[3, 2]","[[1, 2, 2], [2, 3]]",1,3,1,3,PP,"[[3], [2]]",2,1,0.000741,20,0,0,0,0,0,0,True
338,5,2,"[3, 2]","[[1, 2, 2], [2, 3]]",1,3,1,5,PP,"[[3], [2]]",2,1,0.000741,20,0,0,0,0,0,0,True
338,5,2,"[3, 2]","[[1, 2, 2], [2, 3]]",1,3,2,1,PP,"[[1, 1, 1], [1, 1]]",5,6,0.000746,20,0,0,0,0,0,0,True
338,5,2,"[3, 2]","[[1, 2, 2], [2, 3]]",1,3,2,2,PP,"[[2, 1], [2]]",3,2,0.000716,20,0,0,0,0,0,0,True
338,5,2,"[3, 2]","[[1, 2, 2], [2, 3]]",1,3,2,3,PP,"[[3], [2]]",2,1,0.000711,20,0,0,0,0,0,0,True
338,5,2,"[3, 2]","[[1, 2, 2], [2, 3]]",1,3,2,5,PP,"[[3], [2]]",2,1,0.0007165,20,0,0,0,0,0,0,True
338,5,2,"[3, 2]","[[1, 2, 2], [2, 3]]",1,3,3,1,PP,"[[1, 1, 1], [1, 1]]",5,6,0.000726,20,0,0,0,0,0,0,True
338,5,2,"[3, 2]","[[1, 2, 2], [2, 3]]",1,3,3,2,PP,"[[2, 1], [2]]",3,2,0.000746,20,0,0,0,0,8,8/5,True
338,5,2,"[3, 2]","[[1, 2, 2], [2, 3]]",1,3,3,3,PP,"[[3], [2]]",2,1,0.000716,20,0,0,0,0,12,12/5,True
338,5,2,"[3, 2]","[[1, 2, 2], [2, 3]]",1,3,3,5,PP,"[[3], [2]]",2,1,0.0007465,20,0,0,0,0,16,16/5,True
339,5,2,"[3, 2]","[[1, 2, 2], [3, 3]]",1,3,0,1,PP,"[[1, 1, 1], [1, 1]]",5,6,0.000716,20,0,0,0,0,0,0,True
339,5,2,"[3, 2]","[[1, 2, 2], [3, 3]]",1,3,0,2,PP,"[[1, 2], [2]]",3,2,0.000741,20,0,0,0,0,0,0,True
339,5,2,"[3, 2]","[[1, 2, 2], [3, 3]]",1,3,0,3,PP,"[[1, 2], [2]]",3,2,0.000741,20,0,0,0,0,0,0,True
339,5,2,"[3, 2]","[[1, 2, 2], [3, 3]]",1,3,0,5,PP,"[[1, 2], [2]]",3,2,0.000731,20,0,0,0,0,0,0,True
339,5,2,"[3, 2]","[[1, 2, 2], [3, 3]]",1,3,1,1,PP,"[[1, 1, 1], [1, 1]]",5,6,0.000771,20,0,0,0,0,0,0,True
339,5,2,"[3, 2]","[[1, 2, 2], [3, 3]]",1,3,1,2,PP,"[[2, 1], [2]]",3,2,0.000731,20,0,0,0,0,0,0,True
339,5,2,"[3, 2]","[[1, 2, 2], [3, 3]]",1,3,1,3,PP,"[[3], [2]]",2,1,0.000731,20,0,0,0,0,0,0,True
339,5,2,"[3, 2]","[[1, 2, 2], [3, 3]]",1,3,1,5,PP,"[[3], [2]]",2,1,0.000711,20,0,0,0,0,0,0,True
339,5,2,"[3, 2]","[[1, 2, 2], [3, 3]]",1,3,2,1,PP,"[[1, 1, 1], [1, 1]]",5,6,0.0007265,20,0,0,0,0,0,0,True
339,5,2,"[3, 2]","[[1, 2, 2], [3, 3]]",1,3,2,2,PP,"[[2, 1], [2]]",3,2,0.000741,20,0,0,0,0,0,0,True
339,5,2,"[3, 2]","[[1, 2, 2], [3, 3]]",1,3,2,3,PP,"[[3], [2]]",2,1,0.000711,20,0,0,0,0,0,0,True
339,5,2,"[3, 2]","[[1, 2, 2], [3, 3]]",1,3,2,5,PP,"[[3], [2]]",2,1,0.0007215,20,0,0,0,0,0,0,True
339,5,2,"[3, 2]","[[1, 2, 2], [3, 3]]",1,3,3,1,PP,"[[1, 1, 1], [1, 1]]",5,6,0.000726,20,0,0,0,0,0,0,True
339,5,2,"[3, 2]","[[1, 2, 2], [3, 3]]",1,3,3,2,PP,"[[2, 1], [2]]",3,2,0.000741,20,0,0,0,0,8,8/5,True
339,5,2,"[3, 2]","[[1, 2, 2], [3, 3]]",1,3,3,3,PP,"[[3], [2]]",2,1,0.000721,20,0,0,0,0,12,12/5,True
339,5,2,"[3, 2]","[[1, 2, 2], [3, 3]]",1,3,3,5,PP,"[[3], [2]]",2,1,0.000711,20,0,0,0,0,16,16/5,True
340,5,2,"[3, 2]","[[1, 2, 3], [0, 0]]",1,3,0,1,PP,"[[1, 1, 1], [1, 1]]",5,6,0.000791,20,0,0,0,0,0,0,True
340,5,2,"[3, 2]","[[1, 2, 3], [0, 0]]",1,3,0,2,PP,"[[1, 1, 1], [2]]",4,3,0.000701,20,0,0,0,0,0,0,True
340,5,2,"[3, 2]","[[1, 2, 3], [0, 0]]",1,3,0,3,PP,"[[1, 1, 1], [2]]",4,3,0.000701,20,0,0,0,0,0,0,True
340,5,2,"[3, 2]","[[1, 2, 3], [0, 0]]",1,3,0,5,PP,"[[1, 1, 1], [2]]",4,3,0.000721,20,0,0,0,0,0,0,True
340,5,2,"[3, 2]","[[1, 2, 3], [0, 0]]",1,3,1,1,PP,"[[1, 1, 1], [1, 1]]",5,6,0.000721,20,0,0,0,0,0,0,True
340,5,2,"[3, 2]","[[1, 2, 3], [0, 0]]",1,3,1,2,PP,"[[2, 1], [2]]",3,2,0.000726,20,0,0,0,0,0,0,True
340,5,2,"[3, 2]","[[1, 2, 3], [0, 0]]",1,3,1,3,PP,"[[3], [2]]",2,1,0.0007165,20,0,0,0,0,0,0,True
340,5,2,"[3, 2]","[[1, 2, 3], [0, 0]]",1,3,1,5,PP,"[[3], [2]]",2,1,0.000746,20,0,0,0,0,0,0,True
340,5,2,"[3, 2]","[[1, 2, 3], [0, 0]]",1,3,2,1,PP,"[[1, 1, 1], [1, 1]]",5,6,0.000741,20,0,0,0,0,0,0,True
340,5,2,"[3, 2]","[[1, 2, 3], [0, 0]]",1,3,2,2,PP,"[[2, 1], [2]]",3,2,0.000741,20,0,0,0,0,0,0,True
340,5,2,"[3, 2]","[[1, 2, 3], [0, 0]]",1,3,2,3,PP,"[[3], [2]]",2,1,0.000746,20,0,0,0,0,0,0,True
340,5,2,"[3, 2]","[[1, 2, 3], [0, 0]]",1,3,2,5,PP,"[[3], [2]]",2,1,0.000731,20,0,0,0,0,0,0,True
340,5,2,"[3, 2]","[[1, 2, 3], [0, 0]]",1,3,3,1,PP,"[[1, 1, 1], [1, 1]]",5,6,0.000721,20,0,0,0,0,0,0,True
340,5,2,"[3, 2]","[[1, 2, 3], [0, 0]]",1,3,3,2,PP,"[[2, 1], [2]]",3,2,0.0007265,20,0,0,0,0,8,8/5,True
340,5,2,"[3, 2]","[[1, 2, 3], [0, 0]]",1,3,3,3,PP,"[[3], [2]]",2,1,0.000741,20,0,0,0,0,12,12/5,True
340,5,2,"[3, 2]","[[1, 2, 3], [0, 0]]",1,3,3,5,PP,"[[3], [2]]",2,1,0.0007465,20,0,0,0,0,16,16/5,True
341,5,2,"[3, 2]","[[1, 2, 3], [0, 1]]",1,3,0,1,PP,"[[1, 1, 1], [1, 1]]",5,6,0.000741,20,0,0,0,0,0,0,True
341,5,2,"[3, 2]","[[1, 2, 3], [0, 1]]",1,3,0,2,PP,"[[1, 1, 1], [1, 1]]",5,6,0.0007315,20,0,0,0,0,0,0,True
341,5,2,"[3, 2]","[[1, 2, 3], [0, 1]]",1,3,0,3,PP,"[[1, 1, 1], [1, 1]]",5,6,0.000736,20,0,0,0,0,0,0,True
341,5,2,"[3, 2]","[[1, 2, 3], [0, 1]]",1,3,0,5,PP,"[[1, 1, 1], [1, 1]]",5,6,0.0007365,20,0,0,0,0,0,0,True
341,5,2,"[3, 2]","[[1, 2, 3], [0, 1]]",1,3,1,1,PP,"[[1, 1, 1], [1, 1]]",5,6,0.000771,20,0,0,0,0,0,0,True
341,5,2,"[3, 2]","[[1, 2, 3], [0, 1]]",1,3,1,2,PP,"[[2, 1], [2]]",3,2,0.000741,20,0,0,0,0,0,0,True
341,5,2,"[3, 2]","[[1, 2, 3], [0, 1]]",1,3,1,3,PP,"[[3], [2]]",2,1,0.000731,20,0,0,0,0,0,0,True
341,5,2,"[3, 2]","[[1, 2, 3], [0, 1]]",1,3,1,5,PP,"[[3], [2]]",2,1,0.000731,20,0,0,0,0,0,0,True
341,5,2,"[3, 2]","[[1, 2, 3], [0, 1]]",1,3,2,1,PP,"[[1, 1, 1], [1, 1]]",5,6,0.000761,20,0,0,0,0,0,0,True
341,5,2,"[3, 2]","[[1, 2, 3], [0, 1]]",1,3,2,2,PP,"[[2, 1], [2]]",3,2,0.000736,20,0,0,0,0,0,0,True
341,5,2,"[3, 2]","[[1, 2, 3], [0, 1]]",1,3,2,3,PP,"[[3], [2]]",2,1,0.000731,20,0,0,0,0,0,0,True
341,5,2,"[3, 2]","[[1, 2, 3], [0, 1]]",1,3,2,5,PP,"[[3], [2]]",2,1,0.0007665,20,0,0,0,0,0,0,True
341,5,2,"[3, 2]","[[1, 2, 3], [0, 1]]",1,3,3,1,PP,"[[1, 1, 1], [1, 1]]",5,6,0.000721,20,0,0,0,0,0,0,True
341,5,2,"[3, 2]","[[1, 2, 3], [0, 1]]",1,3,3,2,PP,"[[2, 1], [2]]",3,2,0.000731,20,0,0,0,0,8,8/5,True
341,5,2,"[3, 2]","[[1, 2, 3], [0, 1]]",1,3,3,3,PP,"[[3], [2]]",2,1,0.000701,20,0,0,0,0,12,12/5,True
341,5,2,"[3, 2]","[[1, 2, 3], [0, 1]]",1,3,3,5,PP,"[[3], [2]]",2,1,0.000706,20,0,0,0,0,16,16/5,True
342,5,2,"[3, 2]","[[1, 2, 3], [0, 2]]",1,3,0,1,PP,"[[1, 1, 1], [1, 1]]",5,6,0.000721,20,0,0,0,0,0,0,True
342,5,2,"[3, 2]","[[1, 2, 3], [0, 2]]",1,3,0,2,PP,"[[1, 1, 1], [1, 1]]",5,6,0.000711,20,0,0,0,0,0,0,True
342,5,2,"[3, 2]","[[1, 2, 3], [0, 2]]",1,3,0,3,PP,"[[1, 1, 1], [1, 1]]",5,6,0.000731,20,0,0,0,0,0,0,True
342,5,2,"[3, 2]","[[1, 2, 3], [0, 2]]",1,3,0,5,PP,"[[1, 1, 1], [1, 1]]",5,6,0.0007265,20,0,0,0,0,0,0,True
342,5,2,"[3, 2]","[[1, 2, 3], [0, 2]]",1,3,1,1,PP,"[[1, 1, 1], [1, 1]]",5,6,0.000726,20,0,0,0,0,0,0,True
342,5,2,"[3, 2]","[[1, 2, 3], [0, 2]]",1,3,1,2,PP,"[[2, 1], [1, 1]]",4,4,0.000731,20,0,0,0,0,0,0,True
342,5,2,"[3, 2]","[[1, 2, 3], [0, 2]]",1,3,1,3,PP,"[[3], [1, 1]]",3,2,0.0007365,20,0,0,0,0,0,0,True
342,5,2,"[3, 2]","[[1, 2, 3], [0, 2]]",1,3,1,5,PP,"[[3], [1, 1]]",3,2,0.000736,20,0,0,0,0,0,0,True
342,5,2,"[3, 2]","[[1, 2, 3], [0, 2]]",1,3,2,1,PP,"[[1, 1, 1], [1, 1]]",5,6,0.000721,20,0,0,0,0,0,0,True
342,5,2,"[3, 2]","[[1, 2, 3], [0, 2]]",1,3,2,2,PP,"[[2, 1], [2]]",3,2,0.000731,20,0,0,0,0,0,0,True
342,5,2,"[3, 2]","[[1, 2, 3], [0, 2]]",1,3,2,3,PP,"[[3], [2]]",2,1,0.000731,20,0,0,0,0,0,0,True
342,5,2,"[3, 2]","[[1, 2, 3], [0, 2]]",1,3,2,5,PP,"[[3], [2]]",2,1,0.0007215,20,0,0,0,0,0,0,True
342,5,2,"[3, 2]","[[1, 2, 3], [0, 2]]",1,3,3,1,PP,"[[1, 1, 1], [1, 1]]",5,6,0.000761,20,0,0,0,0,0,0,True
342,5,2,"[3, 2]","[[1, 2, 3], [0, 2]]",1,3,3,2,PP,"[[2, 1], [2]]",3,2,0.000741,20,0,0,0,0,8,8/5,True
342,5,2,"[3, 2]","[[1, 2, 3], [0, 2]]",1,3,3,3,PP,"[[3], [2]]",2,1,0.000711,20,0,0,0,0,12,12/5,True
342,5,2,"[3, 2]","[[1, 2, 3], [0, 2]]",1,3,3,5,PP,"[[3], [2]]",2,1,0.000731,20,0,0,0,0,16,16/5,True
343,5,2,"[3, 2]","[[1, 2, 3], [0, 3]]",1,3,0,1,PP,"[[1, 1, 1], [1, 1]]",5,6,0.000741,20,0,0,0,0,0,0,True
343,5,2,"[3, 2]","[[1, 2, 3], [0, 3]]",1,3,0,2,PP,"[[1, 1, 1], [1, 1]]",5,6,0.000716,20,0,0,0,0,0,0,True
343,5,2,"[3, 2]","[[1, 2, 3], [0, 3]]",1,3,0,3,PP,"[[1, 1, 1], [1, 1]]",5,6,0.000721,20,0,0,0,0,0,0,True
343,5,2,"[3, 2]","[[1, 2, 3], [0, 3]]",1,3,0,5,PP,"[[1, 1, 1], [1, 1]]",5,6,0.000801,20,0,0,0,0,0,0,True
343,5,2,"[3, 2]","[[1, 2, 3], [0, 3]]",1,3,1,1,PP,"[[1, 1, 1], [1, 1]]",5,6,0.000741,20,0,0,0,0,0,0,True
343,5,2,"[3, 2]","[[1, 2, 3], [0, 3]]",1,3,1,2,PP,"[[2, 1], [1, 1]]",4,4,0.000741,20,0,0,0,0,0,0,True
343,5,2,"[3, 2]","[[1, 2, 3], [0, 3]]",1,3,1,3,PP,"[[3], [1, 1]]",3,2,0.000731,20,0,0,0,0,0,0,True
343,5,2,"[3, 2]","[[1, 2, 3], [0, 3]]",1,3,1,5,PP,"[[3], [1, 1]]",3,2,0.000731,20,0,0,0,0,0,0,True
343,5,2,"[3, 2]","[[1, 2, 3], [0, 3]]",1,3,2,1,PP,"[[1, 1, 1], [1, 1]]",5,6,0.0007315,20,0,0,0,0,0,0,True
343,5,2,"[3, 2]","[[1, 2, 3], [0, 3]]",1,3,2,2,PP,"[[2, 1], [1, 1]]",4,4,0.000736,20,0,0,0,0,0,0,True
343,5,2,"[3, 2]","[[1, 2, 3], [0, 3]]",1,3,2,3,PP,"[[3], [1, 1]]",3,2,0.000711,20,0,0,0,0,0,0,True
343,5,2,"[3, 2]","[[1, 2, 3], [0, 3]]",1,3,2,5,PP,"[[3], [1, 1]]",3,2,0.000716,20,0,0,0,0,0,0,True
343,5,2,"[3, 2]","[[1, 2, 3], [0, 3]]",1,3,3,1,PP,"[[1, 1, 1], [1, 1]]",5,6,0.0007465,20,0,0,0,0,0,0,True
343,5,2,"[3, 2]","[[1, 2, 3], [0, 3]]",1,3,3,2,PP,"[[2, 1], [2]]",3,2,0.000736,20,0,0,4,4/5,8,8/5,True
343,5,2,"[3, 2]","[[1, 2, 3], [0, 3]]",1,3,3,3,PP,"[[3], [2]]",2,1,0.000711,20,0,0,4,4/5,12,12/5,True
343,5,2,"[3, 2]","[[1, 2, 3], [0, 3]]",1,3,3,5,PP,"[[3], [2]]",2,1,0.000711,20,0,0,4,4/5,16,16/5,True
344,5,2,"[3, 2]","[[1, 2, 3], [1, 1]]",1,3,0,1,PP,"[[1, 1, 1], [1, 1]]",5,6,0.000726,20,0,0,0,0,0,0,True
344,5,2,"[3, 2]","[[1, 2, 3], [1, 1]]",1,3,0,2,PP,"[[1, 1, 1], [2]]",4,3,0.000721,20,0,0,0,0,0,0,True
344,5,2,"[3, 2]","[[1, 2, 3], [1, 1]]",1,3,0,3,PP,"[[1, 1, 1], [2]]",4,3,0.000726,20,0,0,0,0,0,0,True
344,5,2,"[3, 2]","[[1, 2, 3], [1, 1]]",1,3,0,5,PP,"[[1, 1, 1], [2]]",4,3,0.000716,20,0,0,0,0,0,0,True
344,5,2,"[3, 2]","[[1, 2, 3], [1, 1]]",1,3,1,1,PP,"[[1, 1, 1], [1, 1]]",5,6,0.000731,20,0,0,0,0,0,0,True
344,5,2,"[3, 2]","[[1, 2, 3], [1, 1]]",1,3,1,2,PP,"[[2, 1], [2]]",3,2,0.000731,20,0,0,0,0,0,0,True
344,5,2,"[3, 2]","[[1, 2, 3], [1, 1]]",1,3,1,3,PP,"[[3], [2]]",2,1,0.000731,20,0,0,0,0,0,0,True
344,5,2,"[3, 2]","[[1, 2, 3], [1, 1]]",1,3,1,5,PP,"[[3], [2]]",2,1,0.000726,20,0,0,0,0,0,0,True
344,5,2,"[3, 2]","[[1, 2, 3], [1, 1]]",1,3,2,1,PP,"[[1, 1, 1], [1, 1]]",5,6,0.000736,20,0,0,0,0,0,0,True
344,5,2,"[3, 2]","[[1, 2, 3], [1, 1]]",1,3,2,2,PP,"[[2, 1], [2]]",3,2,0.000721,20,0,0,0,0,0,0,True
344,5,2,"[3, 2]","[[1, 2, 3], [1, 1]]",1,3,2,3,PP,"[[3], [2]]",2,1,0.000711,20,0,0,0,0,0,0,True
344,5,2,"[3, 2]","[[1, 2, 3], [1, 1]]",1,3,2,5,PP,"[[3], [2]]",2,1,0.0007265,20,0,0,0,0,0,0,True
344,5,2,"[3, 2]","[[1, 2, 3], [1, 1]]",1,3,3,1,PP,"[[1, 1, 1], [1, 1]]",5,6,0.000791,20,0,0,0,0,0,0,True
344,5,2,"[3, 2]","[[1, 2, 3], [1, 1]]",1,3,3,2,PP,"[[2, 1], [2]]",3,2,0.000731,20,0,0,0,0,8,8/5,True
344,5,2,"[3, 2]","[[1, 2, 3], [1, 1]]",1,3,3,3,PP,"[[3], [2]]",2,1,0.000741,20,0,0,0,0,12,12/5,True
344,5,2,"[3, 2]","[[1, 2, 3], [1, 1]]",1,3,3,5,PP,"[[3], [2]]",2,1,0.000721,20,0,0,0,0,16,16/5,True
345,5,2,"[3, 2]","[[1, 2, 3], [1, 2]]",1,3,0,1,PP,"[[1, 1, 1], [1, 1]]",5,6,0.000766,20,0,0,0,0,0,0,True
345,5,2,"[3, 2]","[[1, 2, 3], [1, 2]]",1,3,0,2,PP,"[[1, 1, 1], [1, 1]]",5,6,0.000716,20,0,0,0,0,0,0,True
345,5,2,"[3, 2]","[[1, 2, 3], [1, 2]]",1,3,0,3,PP,"[[1, 1, 1], [1, 1]]",5,6,0.000716,20,0,0,0,0,0,0,True
345,5,2,"[3, 2]","[[1, 2, 3], [1, 2]]",1,3,0,5,PP,"[[1, 1, 1], [1, 1]]",5,6,0.000721,20,0,0,0,0,0,0,True
345,5,2,"[3, 2]","[[1, 2, 3], [1, 2]]",1,3,1,1,PP,"[[1, 1, 1], [1, 1]]",5,6,0.000716,20,0,0,0,0,0,0,True
345,5,2,"[3, 2]","[[1, 2, 3], [1, 2]]",1,3,1,2,PP,"[[2, 1], [2]]",3,2,0.000721,20,0,0,0,0,0,0,True
345,5,2,"[3, 2]","[[1, 2, 3], [1, 2]]",1,3,1,3,PP,"[[3], [2]]",2,1,0.000711,20,0,0,0,0,0,0,True
345,5,2,"[3, 2]","[[1, 2, 3], [1, 2]]",1,3,1,5,PP,"[[3], [2]]",2,1,0.000736,20,0,0,0,0,0,0,True
345,5,2,"[3, 2]","[[1, 2, 3], [1, 2]]",1,3,2,1,PP,"[[1, 1, 1], [1, 1]]",5,6,0.000731,20,0,0,0,0,0,0,True
345,5,2,"[3, 2]","[[1, 2, 3], [1, 2]]",1,3,2,2,PP,"[[2, 1], [2]]",3,2,0.000722,20,0,0,0,0,0,0,True
345,5,2,"[3, 2]","[[1, 2, 3], [1, 2]]",1,3,2,3,PP,"[[3], [2]]",2,1,0.000706,20,0,0,0,0,0,0,True
345,5,2,"[3, 2]","[[1, 2, 3], [1, 2]]",1,3,2,5,PP,"[[3], [2]]",2,1,0.000711,20,0,0,0,0,0,0,True
345,5,2,"[3, 2]","[[1, 2, 3], [1, 2]]",1,3,3,1,PP,"[[1, 1, 1], [1, 1]]",5,6,0.000721,20,0,0,0,0,0,0,True
345,5,2,"[3, 2]","[[1, 2, 3], [1, 2]]",1,3,3,2,PP,"[[2, 1], [2]]",3,2,0.000721,20,0,0,0,0,8,8/5,True
345,5,2,"[3, 2]","[[1, 2, 3], [1, 2]]",1,3,3,3,PP,"[[3], [2]]",2,1,0.000736,20,0,0,0,0,12,12/5,True
345,5,2,"[3, 2]","[[1, 2, 3], [1, 2]]",1,3,3,5,PP,"[[3], [2]]",2,1,0.000736,20,0,0,0,0,16,16/5,True
346,5,2,"[3, 2]","[[1, 2, 3], [1, 3]]",1,3,0,1,PP,"[[1, 1, 1], [1, 1]]",5,6,0.0007465,20,0,0,0,0,0,0,True
346,5,2,"[3, 2]","[[1, 2, 3], [1, 3]]",1,3,0,2,PP,"[[1, 1, 1], [1, 1]]",5,6,0.000731,20,0,0,0,0,0,0,True
346,5,2,"[3, 2]","[[1, 2, 3], [1, 3]]",1,3,0,3,PP,"[[1, 1, 1], [1, 1]]",5,6,0.000741,20,0,0,0,0,0,0,True
346,5,2,"[3, 2]","[[1, 2, 3], [1, 3]]",1,3,0,5,PP,"[[1, 1, 1], [1, 1]]",5,6,0.000741,20,0,0,0,0,0,0,True
346,5,2,"[3, 2]","[[1, 2, 3], [1, 3]]",1,3,1,1,PP,"[[1, 1, 1], [1, 1]]",5,6,0.000746,20,0,0,0,0,0,0,True
346,5,2,"[3, 2]","[[1, 2, 3], [1, 3]]",1,3,1,2,PP,"[[2, 1], [1, 1]]",4,4,0.000721,20,0,0,0,0,0,0,True
346,5,2,"[3, 2]","[[1, 2, 3], [1, 3]]",1,3,1,3,PP,"[[3], [1, 1]]",3,2,0.0007165,20,0,0,0,0,0,0,True
346,5,2,"[3, 2]","[[1, 2, 3], [1, 3]]",1,3,1,5,PP,"[[3], [1, 1]]",3,2,0.000721,20,0,0,0,0,0,0,True
346,5,2,"[3, 2]","[[1, 2, 3], [1, 3]]",1,3,2,1,PP,"[[1, 1, 1], [1, 1]]",5,6,0.000741,20,0,0,0,0,0,0,True
346,5,2,"[3, 2]","[[1, 2, 3], [1, 3]]",1,3,2,2,PP,"[[2, 1], [2]]",3,2,0.000736,20,0,0,0,0,0,0,True
346,5,2,"[3, 2]","[[1, 2, 3], [1, 3]]",1,3,2,3,PP,"[[3], [2]]",2,1,0.000731,20,0,0,0,0,0,0,True
346,5,2,"[3, 2]","[[1, 2, 3], [1, 3]]",1,3,2,5,PP,"[[3], [2]]",2,1,0.0007315,20,0,0,0,0,0,0,True
346,5,2,"[3, 2]","[[1, 2, 3], [1, 3]]",1,3,3,1,PP,"[[1, 1, 1], [1, 1]]",5,6,0.000741,20,0,0,0,0,0,0,True
346,5,2,"[3, 2]","[[1, 2, 3], [1, 3]]",1,3,3,2,PP,"[[2, 1], [2]]",3,2,0.000741,20,0,0,0,0,8,8/5,True
346,5,2,"[3, 2]","[[1, 2, 3], [1, 3]]",1,3,3,3,PP,"[[3], [2]]",2,1,0.000721,20,0,0,0,0,12,12/5,True
346,5,2,"[3, 2]","[[1, 2, 3], [1, 3]]",1,3,3,5,PP,"[[3], [2]]",2,1,0.000711,20,0,0,0,0,16,16/5,True
347,5,2,"[3, 2]","[[1, 2, 3], [2, 2]]",1,3,0,1,PP,"[[1, 1, 1], [1, 1]]",5,6,0.000721,20,0,0,0,0,0,0,True
347,5,2,"[3, 2]","[[1, 2, 3], [2, 2]]",1,3,0,2,PP,"[[1, 1, 1], [2]]",4,3,0.000706,20,0,0,0,0,0,0,True
347,5,2,"[3, 2]","[[1, 2, 3], [2, 2]]",1,3,0,3,PP,"[[1, 1, 1], [2]]",4,3,0.0007265,20,0,0,0,0,0,0,True
347,5,2,"[3, 2]","[[1, 2, 3], [2, 2]]",1,3,0,5,PP,"[[1, 1, 1], [2]]",4,3,0.000701,20,0,0,0,0,0,0,True
347,5,2,"[3, 2]","[[1, 2, 3], [2, 2]]",1,3,1,1,PP,"[[1, 1, 1], [1, 1]]",5,6,0.000731,20,0,0,0,0,0,0,True
347,5,2,"[3, 2]","[[1, 2, 3], [2, 2]]",1,3,1,2,PP,"[[2, 1], [2]]",3,2,0.000701,20,0,0,0,0,0,0,True
347,5,2,"[3, 2]","[[1, 2, 3], [2, 2]]",1,3,1,3,PP,"[[3], [2]]",2,1,0.000711,20,0,0,0,0,0,0,True
347,5,2,"[3, 2]","[[1, 2, 3], [2, 2]]",1,3,1,5,PP,"[[3], [2]]",2,1,0.000706,20,0,0,0,0,0,0,True
347,5,2,"[3, 2]","[[1, 2, 3], [2, 2]]",1,3,2,1,PP,"[[1, 1, 1], [1, 1]]",5,6,0.000731,20,0,0,0,0,0,0,True
347,5,2,"[3, 2]","[[1, 2, 3], [2, 2]]",1,3,2,2,PP,"[[2, 1], [2]]",3,2,0.000736,20,0,0,0,0,0,0,True
347,5,2,"[3, 2]","[[1, 2, 3], [2, 2]]",1,3,2,3,PP,"[[3], [2]]",2,1,0.000711,20,0,0,0,0,0,0,True
347,5,2,"[3, 2]","[[1, 2, 3], [2, 2]]",1,3,2,5,PP,"[[3], [2]]",2,1,0.000711,20,0,0,0,0,0,0,True
347,5,2,"[3, 2]","[[1, 2, 3], [2, 2]]",1,3,3,1,PP,"[[1, 1, 1], [1, 1]]",5,6,0.000731,20,0,0,0,0,0,0,True
347,5,2,"[3, 2]","[[1, 2, 3], [2, 2]]",1,3,3,2,PP,"[[2, 1], [2]]",3,2,0.000716,20,0,0,0,0,8,8/5,True
347,5,2,"[3, 2]","[[1, 2, 3], [2, 2]]",1,3,3,3,PP,"[[3], [2]]",2,1,0.000716,20,0,0,0,0,12,12/5,True
347,5,2,"[3, 2]","[[1, 2, 3], [2, 2]]",1,3,3,5,PP,"[[3], [2]]",2,1,0.0007015,20,0,0,0,0,16,16/5,True
348,5,2,"[3, 2]","[[1, 2, 3], [2, 3]]",1,3,0,1,PP,"[[1, 1, 1], [1, 1]]",5,6,0.000731,20,0,0,0,0,0,0,True
348,5,2,"[3, 2]","[[1, 2, 3], [2, 3]]",1,3,0,2,PP,"[[1, 1, 1], [1, 1]]",5,6,0.000736,20,0,0,0,0,0,0,True
348,5,2,"[3, 2]","[[1, 2, 3], [2, 3]]",1,3,0,3,PP,"[[1, 1, 1], [1, 1]]",5,6,0.000716,20,0,0,0,0,0,0,True
348,5,2,"[3, 2]","[[1, 2, 3], [2, 3]]",1,3,0,5,PP,"[[1, 1, 1], [1, 1]]",5,6,0.000726,20,0,0,0,0,0,0,True
348,5,2,"[3, 2]","[[1, 2, 3], [2, 3]]",1,3,1,1,PP,"[[1, 1, 1], [1, 1]]",5,6,0.000731,20,0,0,0,0,0,0,True
348,5,2,"[3, 2]","[[1, 2, 3], [2, 3]]",1,3,1,2,PP,"[[2, 1], [2]]",3,2,0.000731,20,0,0,0,0,0,0,True
348,5,2,"[3, 2]","[[1, 2, 3], [2, 3]]",1,3,1,3,PP,"[[3], [2]]",2,1,0.000706,20,0,0,0,0,0,0,True
348,5,2,"[3, 2]","[[1, 2, 3], [2, 3]]",1,3,1,5,PP,"[[3], [2]]",2,1,0.000701,20,0,0,0,0,0,0,True
348,5,2,"[3, 2]","[[1, 2, 3], [2, 3]]",1,3,2,1,PP,"[[1, 1, 1], [1, 1]]",5,6,0.000721,20,0,0,0,0,0,0,True
348,5,2,"[3, 2]","[[1, 2, 3], [2, 3]]",1,3,2,2,PP,"[[2, 1], [2]]",3,2,0.0007265,20,0,0,0,0,0,0,True
348,5,2,"[3, 2]","[[1, 2, 3], [2, 3]]",1,3,2,3,PP,"[[3], [2]]",2,1,0.000711,20,0,0,0,0,0,0,True
348,5,2,"[3, 2]","[[1, 2, 3], [2, 3]]",1,3,2,5,PP,"[[3], [2]]",2,1,0.000731,20,0,0,0,0,0,0,True
348,5,2,"[3, 2]","[[1, 2, 3], [2, 3]]",1,3,3,1,PP,"[[1, 1, 1], [1, 1]]",5,6,0.000721,20,0,0,0,0,0,0,True
348,5,2,"[3, 2]","[[1, 2, 3], [2, 3]]",1,3,3,2,PP,"[[2, 1], [2]]",3,2,0.000701,20,0,0,0,0,8,8/5,True
348,5,2,"[3, 2]","[[1, 2, 3], [2, 3]]",1,3,3,3,PP,"[[3], [2]]",2,1,0.000711,20,0,0,0,0,12,12/5,True
348,5,2,"[3, 2]","[[1, 2, 3], [2, 3]]",1,3,3,5,PP,"[[3], [2]]",2,1,0.000711,20,0,0,0,0,16,16/5,True
349,5,2,"[3, 2]","[[1, 2, 3], [3, 3]]",1,3,0,1,PP,"[[1, 1, 1], [1, 1]]",5,6,0.000716,20,0,0,0,0,0,0,True
349,5,2,"[3, 2]","[[1, 2, 3], [3, 3]]",1,3,0,2,PP,"[[1, 1, 1], [2]]",4,3,0.000721,20,0,0,0,0,0,0,True
349,5,2,"[3, 2]","[[1, 2, 3], [3, 3]]",1,3,0,3,PP,"[[1, 1, 1], [2]]",4,3,0.000706,20,0,0,0,0,0,0,True
349,5,2,"[3, 2]","[[1, 2, 3], [3, 3]]",1,3,0,5,PP,"[[1, 1, 1], [2]]",4,3,0.000726,20,0,0,0,0,0,0,True
349,5,2,"[3, 2]","[[1, 2, 3], [3, 3]]",1,3,1,1,PP,"[[1, 1, 1], [1, 1]]",5,6,0.0007265,20,0,0,0,0,0,0,True
349,5,2,"[3, 2]","[[1, 2, 3], [3, 3]]",1,3,1,2,PP,"[[2, 1], [2]]",3,2,0.000711,20,0,0,0,0,0,0,True
349,5,2,"[3, 2]","[[1, 2, 3], [3, 3]]",1,3,1,3,PP,"[[3], [2]]",2,1,0.000711,20,0,0,0,0,0,0,True
349,5,2,"[3, 2]","[[1, 2, 3], [3, 3]]",1,3,1,5,PP,"[[3], [2]]",2,1,0.000711,20,0,0,0,0,0,0,True
349,5,2,"[3, 2]","[[1, 2, 3], [3, 3]]",1,3,2,1,PP,"[[1, 1, 1], [1, 1]]",5,6,0.000741,20,0,0,0,0,0,0,True
349,5,2,"[3, 2]","[[1, 2, 3], [3, 3]]",1,3,2,2,PP,"[[2, 1], [2]]",3,2,0.000711,20,0,0,0,0,0,0,True
349,5,2,"[3, 2]","[[1, 2, 3], [3, 3]]",1,3,2,3,PP,"[[3], [2]]",2,1,0.000741,20,0,0,0,0,0,0,True
349,5,2,"[3, 2]","[[1, 2, 3], [3, 3]]",1,3,2,5,PP,"[[3], [2]]",2,1,0.000721,20,0,0,0,0,0,0,True
349,5,2,"[3, 2]","[[1, 2, 3], [3, 3]]",1,3,3,1,PP,"[[1, 1, 1], [1, 1]]",5,6,0.0007365,20,0,0,0,0,0,0,True
349,5,2,"[3, 2]","[[1, 2, 3], [3, 3]]",1,3,3,2,PP,"[[2, 1], [2]]",3,2,0.000741,20,0,0,0,0,8,8/5,True
349,5,2,"[3, 2]","[[1, 2, 3], [3, 3]]",1,3,3,3,PP,"[[3], [2]]",2,1,0.000721,20,0,0,0,0,12,12/5,True
349,5,2,"[3, 2]","[[1, 2, 3], [3, 3]]",1,3,3,5,PP,"[[3], [2]]",2,1,0.000711,20,0,0,0,0,16,16/5,True
350,5,2,"[3, 2]","[[1, 3, 3], [0, 0]]",1,3,0,1,PP,"[[1, 1, 1], [1, 1]]",5,6,0.000741,20,0,0,0,0,0,0,True
350,5,2,"[3, 2]","[[1, 3, 3], [0, 0]]",1,3,0,2,PP,"[[1, 2], [2]]",3,2,0.000721,20,0,0,0,0,0,0,True
350,5,2,"[3, 2]","[[1, 3, 3], [0, 0]]",1,3,0,3,PP,"[[1, 2], [2]]",3,2,0.000706,20,0,0,0,0,0,0,True
350,5,2,"[3, 2]","[[1, 3, 3], [0, 0]]",1,3,0,5,PP,"[[1, 2], [2]]",3,2,0.000721,20,0,0,0,0,0,0,True
350,5,2,"[3, 2]","[[1, 3, 3], [0, 0]]",1,3,1,1,PP,"[[1, 1, 1], [1, 1]]",5,6,0.000721,20,0,0,0,0,0,0,True
350,5,2,"[3, 2]","[[1, 3, 3], [0, 0]]",1,3,1,2,PP,"[[1, 2], [2]]",3,2,0.000711,20,0,0,0,0,0,0,True
350,5,2,"[3, 2]","[[1, 3, 3], [0, 0]]",1,3,1,3,PP,"[[1, 2], [2]]",3,2,0.0007215,20,0,0,0,0,0,0,True
350,5,2,"[3, 2]","[[1, 3, 3], [0, 0]]",1,3,1,5,PP,"[[1, 2], [2]]",3,2,0.000722,20,0,0,0,0,0,0,True
350,5,2,"[3, 2]","[[1, 3, 3], [0, 0]]",1,3,2,1,PP,"[[1, 1, 1], [1, 1]]",5,6,0.0007415,20,0,0,0,0,0,0,True
350,5,2,"[3, 2]","[[1, 3, 3], [0, 0]]",1,3,2,2,PP,"[[2, 1], [2]]",3,2,0.0007365,20,0,0,0,0,0,0,True
350,5,2,"[3, 2]","[[1, 3, 3], [0, 0]]",1,3,2,3,PP,"[[3], [2]]",2,1,0.000721,20,0,0,0,0,0,0,True
350,5,2,"[3, 2]","[[1, 3, 3], [0, 0]]",1,3,2,5,PP,"[[3], [2]]",2,1,0.000741,20,0,0,0,0,0,0,True
350,5,2,"[3, 2]","[[1, 3, 3], [0, 0]]",1,3,3,1,PP,"[[1, 1, 1], [1, 1]]",5,6,0.000731,20,0,0,0,0,0,0,True
350,5,2,"[3, 2]","[[1, 3, 3], [0, 0]]",1,3,3,2,PP,"[[2, 1], [2]]",3,2,0.000711,20,0,0,0,0,8,8/5,True
350,5,2,"[3, 2]","[[1, 3, 3], [0, 0]]",1,3,3,3,PP,"[[3], [2]]",2,1,0.000711,20,0,0,0,0,12,12/5,True
350,5,2,"[3, 2]","[[1, 3, 3], [0, 0]]",1,3,3,5,PP,"[[3], [2]]",2,1,0.0007065,20,0,0,0,0,16,16/5,True
351,5,2,"[3, 2]","[[1, 3, 3], [0, 1]]",1,3,0,1,PP,"[[1, 1, 1], [1, 1]]",5,6,0.000711,20,0,0,0,0,0,0,True
351,5,2,"[3, 2]","[[1, 3, 3], [0, 1]]",1,3,0,2,PP,"[[1, 2], [1, 1]]",4,4,0.000716,20,0,0,0,0,0,0,True
351,5,2,"[3, 2]","[[1, 3, 3], [0, 1]]",1,3,0,3,PP,"[[1, 2], [1, 1]]",4,4,0.000721,20,0,0,0,0,0,0,True
351,5,2,"[3, 2]","[[1, 3, 3], [0, 1]]",1,3,0,5,PP,"[[1, 2], [1, 1]]",4,4,0.000701,20,0,0,0,0,0,0,True
351,5,2,"[3, 2]","[[1, 3, 3], [0, 1]]",1,3,1,1,PP,"[[1, 1, 1], [1, 1]]",5,6,0.0007265,20,0,0,0,0,0,0,True
351,5,2,"[3, 2]","[[1, 3, 3], [0, 1]]",1,3,1,2,PP,"[[1, 2], [2]]",3,2,0.000731,20,0,0,0,0,0,0,True
351,5,2,"[3, 2]","[[1, 3, 3], [0, 1]]",1,3,1,3,PP,"[[1, 2], [2]]",3,2,0.000731,20,0,0,0,0,0,0,True
351,5,2,"[3, 2]","[[1, 3, 3], [0, 1]]",1,3,1,5,PP,"[[1, 2], [2]]",3,2,0.000696,20,0,0,0,0,0,0,True
351,5,2,"[3, 2]","[[1, 3, 3], [0, 1]]",1,3,2,1,PP,"[[1, 1, 1], [1, 1]]",5,6,0.0007265,20,0,0,0,0,0,0,True
351,5,2,"[3, 2]","[[1, 3, 3], [0, 1]]",1,3,2,2,PP,"[[2, 1], [2]]",3,2,0.000741,20,0,0,0,0,0,0,True
351,5,2,"[3, 2]","[[1, 3, 3], [0, 1]]",1,3,2,3,PP,"[[3], [2]]",2,1,0.000726,20,0,0,0,0,0,0,True
351,5,2,"[3, 2]","[[1, 3, 3], [0, 1]]",1,3,2,5,PP,"[[3], [2]]",2,1,0.000726,20,0,0,0,0,0,0,True
351,5,2,"[3, 2]","[[1, 3, 3], [0, 1]]",1,3,3,1,PP,"[[1, 1, 1], [1, 1]]",5,6,0.000751,20,0,0,0,0,0,0,True
351,5,2,"[3, 2]","[[1, 3, 3], [0, 1]]",1,3,3,2,PP,"[[2, 1], [2]]",3,2,0.0007315,20,0,0,0,0,8,8/5,True
351,5,2,"[3, 2]","[[1, 3, 3], [0, 1]]",1,3,3,3,PP,"[[3], [2]]",2,1,0.000726,20,0,0,0,0,12,12/5,True
351,5,2,"[3, 2]","[[1, 3, 3], [0, 1]]",1,3,3,5,PP,"[[3], [2]]",2,1,0.000726,20,0,0,0,0,16,16/5,True
352,5,2,"[3, 2]","[[1, 3, 3], [0, 2]]",1,3,0,1,PP,"[[1, 1, 1], [1, 1]]",5,6,0.000741,20,0,0,0,0,0,0,True
352,5,2,"[3, 2]","[[1, 3, 3], [0, 2]]",1,3,0,2,PP,"[[1, 2], [1, 1]]",4,4,0.000731,20,0,0,0,0,0,0,True
352,5,2,"[3, 2]","[[1, 3, 3], [0, 2]]",1,3,0,3,PP,"[[1, 2], [1, 1]]",4,4,0.0007165,20,0,0,0,0,0,0,True
352,5,2,"[3, 2]","[[1, 3, 3], [0, 2]]",1,3,0,5,PP,"[[1, 2], [1, 1]]",4,4,0.000731,20,0,0,0,0,0,0,True
352,5,2,"[3, 2]","[[1, 3, 3], [0, 2]]",1,3,1,1,PP,"[[1, 1, 1], [1, 1]]",5,6,0.000731,20,0,0,0,0,0,0,True
352,5,2,"[3, 2]","[[1, 3, 3], [0, 2]]",1,3,1,2,PP,"[[1, 2], [1, 1]]",4,4,0.000721,20,0,0,0,0,0,0,True
352,5,2,"[3, 2]","[[1, 3, 3], [0, 2]]",1,3,1,3,PP,"[[1, 2], [1, 1]]",4,4,0.000706,20,0,0,0,0,0,0,True
352,5,2,"[3, 2]","[[1, 3, 3], [0, 2]]",1,3,1,5,PP,"[[1, 2], [1, 1]]",4,4,0.000721,20,0,0,0,0,0,0,True
352,5,2,"[3, 2]","[[1, 3, 3], [0, 2]]",1,3,2,1,PP,"[[1, 1, 1], [1, 1]]",5,6,0.000731,20,0,0,0,0,0,0,True
352,5,2,"[3, 2]","[[1, 3, 3], [0, 2]]",1,3,2,2,PP,"[[2, 1], [2]]",3,2,0.0007215,20,0,0,0,0,0,0,True
352,5,2,"[3, 2]","[[1, 3, 3], [0, 2]]",1,3,2,3,PP,"[[3], [2]]",2,1,0.000716,20,0,0,0,0,0,0,True
352,5,2,"[3, 2]","[[1, 3, 3], [0, 2]]",1,3,2,5,PP,"[[3], [2]]",2,1,0.000721,20,0,0,0,0,0,0,True
352,5,2,"[3, 2]","[[1, 3, 3], [0, 2]]",1,3,3,1,PP,"[[1, 1, 1], [1, 1]]",5,6,0.000731,20,0,0,0,0,0,0,True
352,5,2,"[3, 2]","[[1, 3, 3], [0, 2]]",1,3,3,2,PP,"[[2, 1], [2]]",3,2,0.000711,20,0,0,0,0,8,8/5,True
352,5,2,"[3, 2]","[[1, 3, 3], [0, 2]]",1,3,3,3,PP,"[[3], [2]]",2,1,0.0007215,20,0,0,0,0,12,12/5,True
352,5,2,"[3, 2]","[[1, 3, 3], [0, 2]]",1,3,3,5,PP,"[[3], [2]]",2,1,0.000706,20,0,0,0,0,16,16/5,True
353,5,2,"[3, 2]","[[1, 3, 3], [0, 3]]",1,3,0,1,PP,"[[1, 1, 1], [1, 1]]",5,6,0.000771,20,0,0,0,0,0,0,True
353,5,2,"[3, 2]","[[1, 3, 3], [0, 3]]",1,3,0,2,PP,"[[1, 2], [1, 1]]",4,4,0.000746,20,0,0,0,0,0,0,True
353,5,2,"[3, 2]","[[1, 3, 3], [0, 3]]",1,3,0,3,PP,"[[1, 2], [1, 1]]",4,4,0.000751,20,0,0,0,0,0,0,True
353,5,2,"[3, 2]","[[1, 3, 3], [0, 3]]",1,3,0,5,PP,"[[1, 2], [1, 1]]",4,4,0.000741,20,0,0,0,0,0,0,True
353,5,2,"[3, 2]","[[1, 3, 3], [0, 3]]",1,3,1,1,PP,"[[1, 1, 1], [1, 1]]",5,6,0.000781,20,0,0,0,0,0,0,True
353,5,2,"[3, 2]","[[1, 3, 3], [0, 3]]",1,3,1,2,PP,"[[1, 2], [1, 1]]",4,4,0.000721,20,0,0,0,0,0,0,True
353,5,2,"[3, 2]","[[1, 3, 3], [0, 3]]",1,3,1,3,PP,"[[1, 2], [1, 1]]",4,4,0.000726,20,0,0,0,0,0,0,True
353,5,2,"[3, 2]","[[1, 3, 3], [0, 3]]",1,3,1,5,PP,"[[1, 2], [1, 1]]",4,4,0.000721,20,0,0,0,0,0,0,True
353,5,2,"[3, 2]","[[1, 3, 3], [0, 3]]",1,3,2,1,PP,"[[1, 1, 1], [1, 1]]",5,6,0.000771,20,0,0,0,0,0,0,True
353,5,2,"[3, 2]","[[1, 3, 3], [0, 3]]",1,3,2,2,PP,"[[2, 1], [1, 1]]",4,4,0.0007465,20,0,0,0,0,0,0,True
353,5,2,"[3, 2]","[[1, 3, 3], [0, 3]]",1,3,2,3,PP,"[[3], [1, 1]]",3,2,0.0007215,20,0,0,0,0,0,0,True
353,5,2,"[3, 2]","[[1, 3, 3], [0, 3]]",1,3,2,5,PP,"[[3], [1, 1]]",3,2,0.000731,20,0,0,0,0,0,0,True
353,5,2,"[3, 2]","[[1, 3, 3], [0, 3]]",1,3,3,1,PP,"[[1, 1, 1], [1, 1]]",5,6,0.000761,20,0,0,0,0,0,0,True
353,5,2,"[3, 2]","[[1, 3, 3], [0, 3]]",1,3,3,2,PP,"[[2, 1], [2]]",3,2,0.000711,20,3,3/5,4,4/5,8,8/5,True
353,5,2,"[3, 2]","[[1, 3, 3], [0, 3]]",1,3,3,3,PP,"[[3], [2]]",2,1,0.000731,20,3,3/5,4,4/5,12,12/5,True
353,5,2,"[3, 2]","[[1, 3, 3], [0, 3]]",1,3,3,5,PP,"[[3], [2]]",2,1,0.000716,20,3,3/5,4,4/5,16,16/5,True
354,5,2,"[3, 2]","[[1, 3, 3], [1, 1]]",1,3,0,1,PP,"[[1, 1, 1], [1, 1]]",5,6,0.000751,20,0,0,0,0,0,0,True
354,5,2,"[3, 2]","[[1, 3, 3], [1, 1]]",1,3,0,2,PP,"[[1, 2], [2]]",3,2,0.0007165,20,0,0,0,0,0,0,True
354,5,2,"[3, 2]","[[1, 3, 3], [1, 1]]",1,3,0,3,PP,"[[1, 2], [2]]",3,2,0.0007215,20,0,0,0,0,0,0,True
354,5,2,"[3, 2]","[[1, 3, 3], [1, 1]]",1,3,0,5,PP,"[[1, 2], [2]]",3,2,0.000721,20,0,0,0,0,0,0,True
354,5,2,"[3, 2]","[[1, 3, 3], [1, 1]]",1,3,1,1,PP,"[[1, 1, 1], [1, 1]]",5,6,0.000716,20,0,0,0,0,0,0,True
354,5,2,"[3, 2]","[[1, 3, 3], [1, 1]]",1,3,1,2,PP,"[[1, 2], [2]]",3,2,0.0007115,20,0,0,0,0,0,0,True
354,5,2,"[3, 2]","[[1, 3, 3], [1, 1]]",1,3,1,3,PP,"[[1, 2], [2]]",3,2,0.000701,20,0,0,0,0,0,0,True
354,5,2,"[3, 2]","[[1, 3, 3], [1, 1]]",1,3,1,5,PP,"[[1, 2], [2]]",3,2,0.000771,20,0,0,0,0,0,0,True
354,5,2,"[3, 2]","[[1, 3, 3], [1, 1]]",1,3,2,1,PP,"[[1, 1, 1], [1, 1]]",5,6,0.000721,20,0,0,0,0,0,0,True
354,5,2,"[3, 2]","[[1, 3, 3], [1, 1]]",1,3,2,2,PP,"[[2, 1], [2]]",3,2,0.000731,20,0,0,0,0,0,0,True
354,5,2,"[3, 2]","[[1, 3, 3], [1, 1]]",1,3,2,3,PP,"[[3], [2]]",2,1,0.000726,20,0,0,0,0,0,0,True
354,5,2,"[3, 2]","[[1, 3, 3], [1, 1]]",1,3,2,5,PP,"[[3], [2]]",2,1,0.000721,20,0,0,0,0,0,0,True
354,5,2,"[3, 2]","[[1, 3, 3], [1, 1]]",1,3,3,1,PP,"[[1, 1, 1], [1, 1]]",5,6,0.000741,20,0,0,0,0,0,0,True
354,5,2,"[3, 2]","[[1, 3, 3], [1, 1]]",1,3,3,2,PP,"[[2, 1], [2]]",3,2,0.0007615,20,0,0,0,0,8,8/5,True
354,5,2,"[3, 2]","[[1, 3, 3], [1, 1]]",1,3,3,3,PP,"[[3], [2]]",2,1,0.000711,20,0,0,0,0,12,12/5,True
354,5,2,"[3, 2]","[[1, 3, 3], [1, 1]]",1,3,3,5,PP,"[[3], [2]]",2,1,0.000721,20,0,0,0,0,16,16/5,True
355,5,2,"[3, 2]","[[1, 3, 3], [1, 2]]",1,3,0,1,PP,"[[1, 1, 1], [1, 1]]",5,6,0.000731,20,0,0,0,0,0,0,True
355,5,2,"[3, 2]","[[1, 3, 3], [1, 2]]",1,3,0,2,PP,"[[1, 2], [1, 1]]",4,4,0.000731,20,0,0,0,0,0,0,True
355,5,2,"[3, 2]","[[1, 3, 3], [1, 2]]",1,3,0,3,PP,"[[1, 2], [1, 1]]",4,4,0.000736,20,0,0,0,0,0,0,True
355,5,2,"[3, 2]","[[1, 3, 3], [1, 2]]",1,3,0,5,PP,"[[1, 2], [1, 1]]",4,4,0.000721,20,0,0,0,0,0,0,True
355,5,2,"[3, 2]","[[1, 3, 3], [1, 2]]",1,3,1,1,PP,"[[1, 1, 1], [1, 1]]",5,6,0.000741,20,0,0,0,0,0,0,True
355,5,2,"[3, 2]","[[1, 3, 3], [1, 2]]",1,3,1,2,PP,"[[1, 2], [2]]",3,2,0.000721,20,0,0,0,0,0,0,True
355,5,2,"[3, 2]","[[1, 3, 3], [1, 2]]",1,3,1,3,PP,"[[1, 2], [2]]",3,2,0.000721,20,0,0,0,0,0,0,True
355,5,2,"[3, 2]","[[1, 3, 3], [1, 2]]",1,3,1,5,PP,"[[1, 2], [2]]",3,2,0.000731,20,0,0,0,0,0,0,True
355,5,2,"[3, 2]","[[1, 3, 3], [1, 2]]",1,3,2,1,PP,"[[1, 1, 1], [1, 1]]",5,6,0.0007315,20,0,0,0,0,0,0,True
355,5,2,"[3, 2]","[[1, 3, 3], [1, 2]]",1,3,2,2,PP,"[[2, 1], [2]]",3,2,0.0007365,20,0,0,0,0,0,0,True
355,5,2,"[3, 2]","[[1, 3, 3], [1, 2]]",1,3,2,3,PP,"[[3], [2]]",2,1,0.000731,20,0,0,0,0,0,0,True
355,5,2,"[3, 2]","[[1, 3, 3], [1, 2]]",1,3,2,5,PP,"[[3], [2]]",2,1,0.000711,20,0,0,0,0,0,0,True
355,5,2,"[3, 2]","[[1, 3, 3], [1, 2]]",1,3,3,1,PP,"[[1, 1, 1], [1, 1]]",5,6,0.000731,20,0,0,0,0,0,0,True
355,5,2,"[3, 2]","[[1, 3, 3], [1, 2]]",1,3,3,2,PP,"[[2, 1], [2]]",3,2,0.0007165,20,0,0,0,0,8,8/5,True
355,5,2,"[3, 2]","[[1, 3, 3], [1, 2]]",1,3,3,3,PP,"[[3], [2]]",2,1,0.000721,20,0,0,0,0,12,12/5,True
355,5,2,"[3, 2]","[[1, 3, 3], [1, 2]]",1,3,3,5,PP,"[[3], [2]]",2,1,0.000721,20,0,0,0,0,16,16/5,True
356,5,2,"[3, 2]","[[1, 3, 3], [1, 3]]",1,3,0,1,PP,"[[1, 1, 1], [1, 1]]",5,6,0.0007315,20,0,0,0,0,0,0,True
356,5,2,"[3, 2]","[[1, 3, 3], [1, 3]]",1,3,0,2,PP,"[[1, 2], [1, 1]]",4,4,0.000721,20,0,0,0,0,0,0,True
356,5,2,"[3, 2]","[[1, 3, 3], [1, 3]]",1,3,0,3,PP,"[[1, 2], [1, 1]]",4,4,0.000716,20,0,0,0,0,0,0,True
356,5,2,"[3, 2]","[[1, 3, 3], [1, 3]]",1,3,0,5,PP,"[[1, 2], [1, 1]]",4,4,0.000716,20,0,0,0,0,0,0,True
356,5,2,"[3, 2]","[[1, 3, 3], [1, 3]]",1,3,1,1,PP,"[[1, 1, 1], [1, 1]]",5,6,0.000736,20,0,0,0,0,0,0,True
356,5,2,"[3, 2]","[[1, 3, 3], [1, 3]]",1,3,1,2,PP,"[[1, 2], [1, 1]]",4,4,0.000721,20,0,0,0,0,0,0,True
356,5,2,"[3, 2]","[[1, 3, 3], [1, 3]]",1,3,1,3,PP,"[[1, 2], [1, 1]]",4,4,0.000701,20,0,0,0,0,0,0,True
356,5,2,"[3, 2]","[[1, 3, 3], [1, 3]]",1,3,1,5,PP,"[[1, 2], [1, 1]]",4,4,0.000706,20,0,0,0,0,0,0,True
356,5,2,"[3, 2]","[[1, 3, 3], [1, 3]]",1,3,2,1,PP,"[[1, 1, 1], [1, 1]]",5,6,0.000721,20,0,0,0,0,0,0,True
356,5,2,"[3, 2]","[[1, 3, 3], [1, 3]]",1,3,2,2,PP,"[[2, 1], [2]]",3,2,0.0007315,20,0,0,0,0,0,0,True
356,5,2,"[3, 2]","[[1, 3, 3], [1, 3]]",1,3,2,3,PP,"[[3], [2]]",2,1,0.000731,20,0,0,0,0,0,0,True
356,5,2,"[3, 2]","[[1, 3, 3], [1, 3]]",1,3,2,5,PP,"[[3], [2]]",2,1,0.0007065,20,0,0,0,0,0,0,True
356,5,2,"[3, 2]","[[1, 3, 3], [1, 3]]",1,3,3,1,PP,"[[1, 1, 1], [1, 1]]",5,6,0.000721,20,0,0,0,0,0,0,True
356,5,2,"[3, 2]","[[1, 3, 3], [1, 3]]",1,3,3,2,PP,"[[2, 1], [2]]",3,2,0.000731,20,0,0,0,0,8,8/5,True
356,5,2,"[3, 2]","[[1, 3, 3], [1, 3]]",1,3,3,3,PP,"[[3], [2]]",2,1,0.000726,20,0,0,0,0,12,12/5,True
356,5,2,"[3, 2]","[[1, 3, 3], [1, 3]]",1,3,3,5,PP,"[[3], [2]]",2,1,0.000721,20,0,0,0,0,16,16/5,True
357,5,2,"[3, 2]","[[1, 3, 3], [2, 2]]",1,3,0,1,PP,"[[1, 1, 1], [1, 1]]",5,6,0.0007115,20,0,0,0,0,0,0,True
357,5,2,"[3, 2]","[[1, 3, 3], [2, 2]]",1,3,0,2,PP,"[[1, 2], [2]]",3,2,0.000731,20,0,0,0,0,0,0,True
357,5,2,"[3, 2]","[[1, 3, 3], [2, 2]]",1,3,0,3,PP,"[[1, 2], [2]]",3,2,0.000736,20,0,0,0,0,0,0,True
357,5,2,"[3, 2]","[[1, 3, 3], [2, 2]]",1,3,0,5,PP,"[[1, 2], [2]]",3,2,0.000721,20,0,0,0,0,0,0,True
357,5,2,"[3, 2]","[[1, 3, 3], [2, 2]]",1,3,1,1,PP,"[[1, 1, 1], [1, 1]]",5,6,0.0007315,20,0,0,0,0,0,0,True
357,5,2,"[3, 2]","[[1, 3, 3], [2, 2]]",1,3,1,2,PP,"[[1, 2], [2]]",3,2,0.000731,20,0,0,0,0,0,0,True
357,5,2,"[3, 2]","[[1, 3, 3], [2, 2]]",1,3,1,3,PP,"[[1, 2], [2]]",3,2,0.000731,20,0,0,0,0,0,0,True
357,5,2,"[3, 2]","[[1, 3, 3], [2, 2]]",1,3,1,5,PP,"[[1, 2], [2]]",3,2,0.0007265,20,0,0,0,0,0,0,True
357,5,2,"[3, 2]","[[1, 3, 3], [2, 2]]",1,3,2,1,PP,"[[1, 1, 1], [1, 1]]",5,6,0.000716,20,0,0,0,0,0,0,True
357,5,2,"[3, 2]","[[1, 3, 3], [2, 2]]",1,3,2,2,PP,"[[2, 1], [2]]",3,2,0.000706,20,0,0,0,0,0,0,True
357,5,2,"[3, 2]","[[1, 3, 3], [2, 2]]",1,3,2,3,PP,"[[3], [2]]",2,1,0.000741,20,0,0,0,0,0,0,True
357,5,2,"[3, 2]","[[1, 3, 3], [2, 2]]",1,3,2,5,PP,"[[3], [2]]",2,1,0.000716,20,0,0,0,0,0,0,True
357,5,2,"[3, 2]","[[1, 3, 3], [2, 2]]",1,3,3,1,PP,"[[1, 1, 1], [1, 1]]",5,6,0.000721,20,0,0,0,0,0,0,True
357,5,2,"[3, 2]","[[1, 3, 3], [2, 2]]",1,3,3,2,PP,"[[2, 1], [2]]",3,2,0.000721,20,0,0,0,0,8,8/5,True
357,5,2,"[3, 2]","[[1, 3, 3], [2, 2]]",1,3,3,3,PP,"[[3], [2]]",2,1,0.000711,20,0,0,0,0,12,12/5,True
357,5,2,"[3, 2]","[[1, 3, 3], [2, 2]]",1,3,3,5,PP,"[[3], [2]]",2,1,0.000716,20,0,0,0,0,16,16/5,True
358,5,2,"[3, 2]","[[1, 3, 3], [2, 3]]",1,3,0,1,PP,"[[1, 1, 1], [1, 1]]",5,6,0.000731,20,0,0,0,0,0,0,True
358,5,2,"[3, 2]","[[1, 3, 3], [2, 3]]",1,3,0,2,PP,"[[1, 2], [1, 1]]",4,4,0.000711,20,0,0,0,0,0,0,True
358,5,2,"[3, 2]","[[1, 3, 3], [2, 3]]",1,3,0,3,PP,"[[1, 2], [1, 1]]",4,4,0.000711,20,0,0,0,0,0,0,True
358,5,2,"[3, 2]","[[1, 3, 3], [2, 3]]",1,3,0,5,PP,"[[1, 2], [1, 1]]",4,4,0.000711,20,0,0,0,0,0,0,True
358,5,2,"[3, 2]","[[1, 3, 3], [2, 3]]",1,3,1,1,PP,"[[1, 1, 1], [1, 1]]",5,6,0.000726,20,0,0,0,0,0,0,True
358,5,2,"[3, 2]","[[1, 3, 3], [2, 3]]",1,3,1,2,PP,"[[1, 2], [2]]",3,2,0.000716,20,0,0,0,0,0,0,True
358,5,2,"[3, 2]","[[1, 3, 3], [2, 3]]",1,3,1,3,PP,"[[1, 2], [2]]",3,2,0.0007365,20,0,0,0,0,0,0,True
358,5,2,"[3, 2]","[[1, 3, 3], [2, 3]]",1,3,1,5,PP,"[[1, 2], [2]]",3,2,0.000731,20,0,0,0,0,0,0,True
358,5,2,"[3, 2]","[[1, 3, 3], [2, 3]]",1,3,2,1,PP,"[[1, 1, 1], [1, 1]]",5,6,0.000751,20,0,0,0,0,0,0,True
358,5,2,"[3, 2]","[[1, 3, 3], [2, 3]]",1,3,2,2,PP,"[[2, 1], [2]]",3,2,0.0007215,20,0,0,0,0,0,0,True
358,5,2,"[3, 2]","[[1, 3, 3], [2, 3]]",1,3,2,3,PP,"[[3], [2]]",2,1,0.000731,20,0,0,0,0,0,0,True
358,5,2,"[3, 2]","[[1, 3, 3], [2, 3]]",1,3,2,5,PP,"[[3], [2]]",2,1,0.000721,20,0,0,0,0,0,0,True
358,5,2,"[3, 2]","[[1, 3, 3], [2, 3]]",1,3,3,1,PP,"[[1, 1, 1], [1, 1]]",5,6,0.0007865,20,0,0,0,0,0,0,True
358,5,2,"[3, 2]","[[1, 3, 3], [2, 3]]",1,3,3,2,PP,"[[2, 1], [2]]",3,2,0.000791,20,0,0,0,0,8,8/5,True
358,5,2,"[3, 2]","[[1, 3, 3], [2, 3]]",1,3,3,3,PP,"[[3], [2]]",2,1,0.000721,20,0,0,0,0,12,12/5,True
358,5,2,"[3, 2]","[[1, 3, 3], [2, 3]]",1,3,3,5,PP,"[[3], [2]]",2,1,0.000721,20,0,0,0,0,16,16/5,True
359,5,2,"[3, 2]","[[1, 3, 3], [3, 3]]",1,3,0,1,PP,"[[1, 1, 1], [1, 1]]",5,6,0.000736,20,0,0,0,0,0,0,True
359,5,2,"[3, 2]","[[1, 3, 3], [3, 3]]",1,3,0,2,PP,"[[1, 2], [2]]",3,2,0.000736,20,0,0,0,0,0,0,True
359,5,2,"[3, 2]","[[1, 3, 3], [3, 3]]",1,3,0,3,PP,"[[1, 2], [2]]",3,2,0.000711,20,0,0,0,0,0,0,True
359,5,2,"[3, 2]","[[1, 3, 3], [3, 3]]",1,3,0,5,PP,"[[1, 2], [2]]",3,2,0.000726,20,0,0,0,0,0,0,True
359,5,2,"[3, 2]","[[1, 3, 3], [3, 3]]",1,3,1,1,PP,"[[1, 1, 1], [1, 1]]",5,6,0.000711,20,0,0,0,0,0,0,True
359,5,2,"[3, 2]","[[1, 3, 3], [3, 3]]",1,3,1,2,PP,"[[1, 2], [2]]",3,2,0.000691,20,0,0,0,0,0,0,True
359,5,2,"[3, 2]","[[1, 3, 3], [3, 3]]",1,3,1,3,PP,"[[1, 2], [2]]",3,2,0.000721,20,0,0,0,0,0,0,True
359,5,2,"[3, 2]","[[1, 3, 3], [3, 3]]",1,3,1,5,PP,"[[1, 2], [2]]",3,2,0.000721,20,0,0,0,0,0,0,True
359,5,2,"[3, 2]","[[1, 3, 3], [3, 3]]",1,3,2,1,PP,"[[1, 1, 1], [1, 1]]",5,6,0.000741,20,0,0,0,0,0,0,True
359,5,2,"[3, 2]","[[1, 3, 3], [3, 3]]",1,3,2,2,PP,"[[2, 1], [2]]",3,2,0.000716,20,0,0,0,0,0,0,True
359,5,2,"[3, 2]","[[1, 3, 3], [3, 3]]",1,3,2,3,PP,"[[3], [2]]",2,1,0.0007265,20,0,0,0,0,0,0,True
359,5,2,"[3, 2]","[[1, 3, 3], [3, 3]]",1,3,2,5,PP,"[[3], [2]]",2,1,0.000731,20,0,0,0,0,0,0,True
359,5,2,"[3, 2]","[[1, 3, 3], [3, 3]]",1,3,3,1,PP,"[[1, 1, 1], [1, 1]]",5,6,0.000731,20,0,0,0,0,0,0,True
359,5,2,"[3, 2]","[[1, 3, 3], [3, 3]]",1,3,3,2,PP,"[[2, 1], [2]]",3,2,0.000736,20,0,0,0,0,8,8/5,True
359,5,2,"[3, 2]","[[1, 3, 3], [3, 3]]",1,3,3,3,PP,"[[3], [2]]",2,1,0.000721,20,0,0,0,0,12,12/5,True
359,5,2,"[3, 2]","[[1, 3, 3], [3, 3]]",1,3,3,5,PP,"[[3], [2]]",2,1,0.000711,20,0,0,0,0,16,16/5,True
360,5,2,"[3, 2]","[[2, 2, 2], [0, 0]]",1,3,0,1,PP,"[[1, 1, 1], [1, 1]]",5,6,0.000721,20,0,0,0,0,0,0,True
360,5,2,"[3, 2]","[[2, 2, 2], [0, 0]]",1,3,0,2,PP,"[[2, 1], [2]]",3,2,0.0007915,20,0,0,0,0,0,0,True
360,5,2,"[3, 2]","[[2, 2, 2], [0, 0]]",1,3,0,3,PP,"[[3], [2]]",2,1,0.000736,20,0,0,0,0,0,0,True
360,5,2,"[3, 2]","[[2, 2, 2], [0, 0]]",1,3,0,5,PP,"[[3], [2]]",2,1,0.000731,20,0,0,0,0,0,0,True
360,5,2,"[3, 2]","[[2, 2, 2], [0, 0]]",1,3,1,1,PP,"[[1, 1, 1], [1, 1]]",5,6,0.0007365,20,0,0,0,0,0,0,True
360,5,2,"[3, 2]","[[2, 2, 2], [0, 0]]",1,3,1,2,PP,"[[2, 1], [2]]",3,2,0.000741,20,0,0,0,0,0,0,True
360,5,2,"[3, 2]","[[2, 2, 2], [0, 0]]",1,3,1,3,PP,"[[3], [2]]",2,1,0.000731,20,0,0,0,0,0,0,True
360,5,2,"[3, 2]","[[2, 2, 2], [0, 0]]",1,3,1,5,PP,"[[3], [2]]",2,1,0.000741,20,0,0,0,0,0,0,True
360,5,2,"[3, 2]","[[2, 2, 2], [0, 0]]",1,3,2,1,PP,"[[1, 1, 1], [1, 1]]",5,6,0.000741,20,0,0,0,0,0,0,True
360,5,2,"[3, 2]","[[2, 2, 2], [0, 0]]",1,3,2,2,PP,"[[2, 1], [2]]",3,2,0.000751,20,0,0,0,0,0,0,True
360,5,2,"[3, 2]","[[2, 2, 2], [0, 0]]",1,3,2,3,PP,"[[3], [2]]",2,1,0.0007315,20,0,0,0,0,0,0,True
360,5,2,"[3, 2]","[[2, 2, 2], [0, 0]]",1,3,2,5,PP,"[[3], [2]]",2,1,0.000726,20,0,0,0,0,0,0,True
360,5,2,"[3, 2]","[[2, 2, 2], [0, 0]]",1,3,3,1,PP,"[[1, 1, 1], [1, 1]]",5,6,0.000736,20,0,0,0,0,0,0,True
360,5,2,"[3, 2]","[[2, 2, 2], [0, 0]]",1,3,3,2,PP,"[[2, 1], [2]]",3,2,0.000741,20,0,0,0,0,8,8/5,True
360,5,2,"[3, 2]","[[2, 2, 2], [0, 0]]",1,3,3,3,PP,"[[3], [2]]",2,1,0.000711,20,0,0,0,0,12,12/5,True
360,5,2,"[3, 2]","[[2, 2, 2], [0, 0]]",1,3,3,5,PP,"[[3], [2]]",2,1,0.000701,20,0,0,0,0,16,16/5,True
361,5,2,"[3, 2]","[[2, 2, 2], [0, 1]]",1,3,0,1,PP,"[[1, 1, 1], [1, 1]]",5,6,0.0007265,20,0,0,0,0,0,0,True
361,5,2,"[3, 2]","[[2, 2, 2], [0, 1]]",1,3,0,2,PP,"[[2, 1], [1, 1]]",4,4,0.000731,20,0,0,0,0,0,0,True
361,5,2,"[3, 2]","[[2, 2, 2], [0, 1]]",1,3,0,3,PP,"[[3], [1, 1]]",3,2,0.000711,20,0,0,0,0,0,0,True
361,5,2,"[3, 2]","[[2, 2, 2], [0, 1]]",1,3,0,5,PP,"[[3], [1, 1]]",3,2,0.000721,20,0,0,0,0,0,0,True
361,5,2,"[3, 2]","[[2, 2, 2], [0, 1]]",1,3,1,1,PP,"[[1, 1, 1], [1, 1]]",5,6,0.000721,20,0,0,0,0,0,0,True
361,5,2,"[3, 2]","[[2, 2, 2], [0, 1]]",1,3,1,2,PP,"[[2, 1], [2]]",3,2,0.000736,20,0,0,0,0,0,0,True
361,5,2,"[3, 2]","[[2, 2, 2], [0, 1]]",1,3,1,3,PP,"[[3], [2]]",2,1,0.000721,20,0,0,0,0,0,0,True
361,5,2,"[3, 2]","[[2, 2, 2], [0, 1]]",1,3,1,5,PP,"[[3], [2]]",2,1,0.000711,20,0,0,0,0,0,0,True
361,5,2,"[3, 2]","[[2, 2, 2], [0, 1]]",1,3,2,1,PP,"[[1, 1, 1], [1, 1]]",5,6,0.000726,20,0,0,0,0,0,0,True
361,5,2,"[3, 2]","[[2, 2, 2], [0, 1]]",1,3,2,2,PP,"[[2, 1], [2]]",3,2,0.000741,20,0,0,0,0,0,0,True
361,5,2,"[3, 2]","[[2, 2, 2], [0, 1]]",1,3,2,3,PP,"[[3], [2]]",2,1,0.0007015,20,0,0,0,0,0,0,True
361,5,2,"[3, 2]","[[2, 2, 2], [0, 1]]",1,3,2,5,PP,"[[3], [2]]",2,1,0.000701,20,0,0,0,0,0,0,True
361,5,2,"[3, 2]","[[2, 2, 2], [0, 1]]",1,3,3,1,PP,"[[1, 1, 1], [1, 1]]",5,6,0.000721,20,0,0,0,0,0,0,True
361,5,2,"[3, 2]","[[2, 2, 2], [0, 1]]",1,3,3,2,PP,"[[2, 1], [2]]",3,2,0.000721,20,0,0,0,0,8,8/5,True
361,5,2,"[3, 2]","[[2, 2, 2], [0, 1]]",1,3,3,3,PP,"[[3], [2]]",2,1,0.0007265,20,0,0,0,0,12,12/5,True
361,5,2,"[3, 2]","[[2, 2, 2], [0, 1]]",1,3,3,5,PP,"[[3], [2]]",2,1,0.000721,20,0,0,0,0,16,16/5,True
362,5,2,"[3, 2]","[[2, 2, 2], [0, 2]]",1,3,0,1,PP,"[[1, 1, 1], [1, 1]]",5,6,0.000756,20,0,0,0,0,0,0,True
362,5,2,"[3, 2]","[[2, 2, 2], [0, 2]]",1,3,0,2,PP,"[[2, 1], [1, 1]]",4,4,0.000731,20,0,0,0,0,0,0,True
362,5,2,"[3, 2]","[[2, 2, 2], [0, 2]]",1,3,0,3,PP,"[[3], [1, 1]]",3,2,0.000721,20,0,0,0,0,0,0,True
362,5,2,"[3, 2]","[[2, 2, 2], [0, 2]]",1,3,0,5,PP,"[[3], [1, 1]]",3,2,0.000731,20,0,0,0,0,0,0,True
362,5,2,"[3, 2]","[[2, 2, 2], [0, 2]]",1,3,1,1,PP,"[[1, 1, 1], [1, 1]]",5,6,0.000776,20,0,0,0,0,0,0,True
362,5,2,"[3, 2]","[[2, 2, 2], [0, 2]]",1,3,1,2,PP,"[[2, 1], [1, 1]]",4,4,0.000751,20,0,0,0,0,0,0,True
362,5,2,"[3, 2]","[[2, 2, 2], [0, 2]]",1,3,1,3,PP,"[[3], [1, 1]]",3,2,0.000706,20,0,0,0,0,0,0,True
362,5,2,"[3, 2]","[[2, 2, 2], [0, 2]]",1,3,1,5,PP,"[[3], [1, 1]]",3,2,0.000726,20,0,0,0,0,0,0,True
362,5,2,"[3, 2]","[[2, 2, 2], [0, 2]]",1,3,2,1,PP,"[[1, 1, 1], [1, 1]]",5,6,0.000731,20,0,0,0,0,0,0,True
362,5,2,"[3, 2]","[[2, 2, 2], [0, 2]]",1,3,2,2,PP,"[[2, 1], [2]]",3,2,0.000731,20,0,0,0,0,0,0,True
362,5,2,"[3, 2]","[[2, 2, 2], [0, 2]]",1,3,2,3,PP,"[[3], [2]]",2,1,0.000721,20,0,0,0,0,0,0,True
362,5,2,"[3, 2]","[[2, 2, 2], [0, 2]]",1,3,2,5,PP,"[[3], [2]]",2,1,0.0007315,20,0,0,0,0,0,0,True
362,5,2,"[3, 2]","[[2, 2, 2], [0, 2]]",1,3,3,1,PP,"[[1, 1, 1], [1, 1]]",5,6,0.0007365,20,0,0,0,0,0,0,True
362,5,2,"[3, 2]","[[2, 2, 2], [0, 2]]",1,3,3,2,PP,"[[2, 1], [2]]",3,2,0.000726,20,0,0,0,0,8,8/5,True
362,5,2,"[3, 2]","[[2, 2, 2], [0, 2]]",1,3,3,3,PP,"[[3], [2]]",2,1,0.0007115,20,0,0,0,0,12,12/5,True
362,5,2,"[3, 2]","[[2, 2, 2], [0, 2]]",1,3,3,5,PP,"[[3], [2]]",2,1,0.000721,20,0,0,0,0,16,16/5,True
363,5,2,"[3, 2]","[[2, 2, 2], [0, 3]]",1,3,0,1,PP,"[[1, 1, 1], [1, 1]]",5,6,0.000711,20,0,0,0,0,0,0,True
363,5,2,"[3, 2]","[[2, 2, 2], [0, 3]]",1,3,0,2,PP,"[[2, 1], [1, 1]]",4,4,0.000726,20,0,0,0,0,0,0,True
363,5,2,"[3, 2]","[[2, 2, 2], [0, 3]]",1,3,0,3,PP,"[[3], [1, 1]]",3,2,0.000721,20,0,0,0,0,0,0,True
363,5,2,"[3, 2]","[[2, 2, 2], [0, 3]]",1,3,0,5,PP,"[[3], [1, 1]]",3,2,0.000721,20,0,0,0,0,0,0,True
363,5,2,"[3, 2]","[[2, 2, 2], [0, 3]]",1,3,1,1,PP,"[[1, 1, 1], [1, 1]]",5,6,0.0007365,20,0,0,0,0,0,0,True
363,5,2,"[3, 2]","[[2, 2, 2], [0, 3]]",1,3,1,2,PP,"[[2, 1], [1, 1]]",4,4,0.000741,20,0,0,0,0,0,0,True
363,5,2,"[3, 2]","[[2, 2, 2], [0, 3]]",1,3,1,3,PP,"[[3], [1, 1]]",3,2,0.000746,20,0,0,0,0,0,0,True
363,5,2,"[3, 2]","[[2, 2, 2], [0, 3]]",1,3,1,5,PP,"[[3], [1, 1]]",3,2,0.000701,20,0,0,0,0,0,0,True
363,5,2,"[3, 2]","[[2, 2, 2], [0, 3]]",1,3,2,1,PP,"[[1, 1, 1], [1, 1]]",5,6,0.000706,20,0,0,0,0,0,0,True
363,5,2,"[3, 2]","[[2, 2, 2], [0, 3]]",1,3,2,2,PP,"[[2, 1], [1, 1]]",4,4,0.000786,20,0,0,0,0,0,0,True
363,5,2,"[3, 2]","[[2, 2, 2], [0, 3]]",1,3,2,3,PP,"[[3], [1, 1]]",3,2,0.000711,20,0,0,0,0,0,0,True
363,5,2,"[3, 2]","[[2, 2, 2], [0, 3]]",1,3,2,5,PP,"[[3], [1, 1]]",3,2,0.000731,20,0,0,0,0,0,0,True
363,5,2,"[3, 2]","[[2, 2, 2], [0, 3]]",1,3,3,1,PP,"[[1, 1, 1], [1, 1]]",5,6,0.000726,20,0,0,0,0,0,0,True
363,5,2,"[3, 2]","[[2, 2, 2], [0, 3]]",1,3,3,2,PP,"[[2, 1], [2]]",3,2,0.000731,20,4,4/5,4,4/5,8,8/5,True
363,5,2,"[3, 2]","[[2, 2, 2], [0, 3]]",1,3,3,3,PP,"[[3], [2]]",2,1,0.000741,20,4,4/5,4,4/5,12,12/5,True
363,5,2,"[3, 2]","[[2, 2, 2], [0, 3]]",1,3,3,5,PP,"[[3], [2]]",2,1,0.000726,20,4,4/5,4,4/5,16,16/5,True
364,5,2,"[3, 2]","[[2, 2, 2], [1, 1]]",1,3,0,1,PP,"[[1, 1, 1], [1, 1]]",5,6,0.000791,20,0,0,0,0,0,0,True
364,5,2,"[3, 2]","[[2, 2, 2], [1, 1]]",1,3,0,2,PP,"[[2, 1], [2]]",3,2,0.000771,20,0,0,0,0,0,0,True
364,5,2,"[3, 2]","[[2, 2, 2], [1, 1]]",1,3,0,3,PP,"[[3], [2]]",2,1,0.000746,20,0,0,0,0,0,0,True
364,5,2,"[3, 2]","[[2, 2, 2], [1, 1]]",1,3,0,5,PP,"[[3], [2]]",2,1,0.000751,20,0,0,0,0,0,0,True
364,5,2,"[3, 2]","[[2, 2, 2], [1, 1]]",1,3,1,1,PP,"[[1, 1, 1], [1, 1]]",5,6,0.000766,20,0,0,0,0,0,0,True
364,5,2,"[3, 2]","[[2, 2, 2], [1, 1]]",1,3,1,2,PP,"[[2, 1], [2]]",3,2,0.000761,20,0,0,0,0,0,0,True
364,5,2,"[3, 2]","[[2, 2, 2], [1, 1]]",1,3,1,3,PP,"[[3], [2]]",2,1,0.000751,20,0,0,0,0,0,0,True
364,5,2,"[3, 2]","[[2, 2, 2], [1, 1]]",1,3,1,5,PP,"[[3], [2]]",2,1,0.000741,20,0,0,0,0,0,0,True
364,5,2,"[3, 2]","[[2, 2, 2], [1, 1]]",1,3,2,1,PP,"[[1, 1, 1], [1, 1]]",5,6,0.000741,20,0,0,0,0,0,0,True
364,5,2,"[3, 2]","[[2, 2, 2], [1, 1]]",1,3,2,2,PP,"[[2, 1], [2]]",3,2,0.000746,20,0,0,0,0,0,0,True
364,5,2,"[3, 2]","[[2, 2, 2], [1, 1]]",1,3,2,3,PP,"[[3], [2]]",2,1,0.000741,20,0,0,0,0,0,0,True
364,5,2,"[3, 2]","[[2, 2, 2], [1, 1]]",1,3,2,5,PP,"[[3], [2]]",2,1,0.000746,20,0,0,0,0,0,0,True
364,5,2,"[3, 2]","[[2, 2, 2], [1, 1]]",1,3,3,1,PP,"[[1, 1, 1], [1, 1]]",5,6,0.000771,20,0,0,0,0,0,0,True
364,5,2,"[3, 2]","[[2, 2, 2], [1, 1]]",1,3,3,2,PP,"[[2, 1], [2]]",3,2,0.000766,20,0,0,0,0,8,8/5,True
364,5,2,"[3, 2]","[[2, 2, 2], [1, 1]]",1,3,3,3,PP,"[[3], [2]]",2,1,0.000736,20,0,0,0,0,12,12/5,True
364,5,2,"[3, 2]","[[2, 2, 2], [1, 1]]",1,3,3,5,PP,"[[3], [2]]",2,1,0.000751,20,0,0,0,0,16,16/5,True
365,5,2,"[3, 2]","[[2, 2, 2], [1, 2]]",1,3,0,1,PP,"[[1, 1, 1], [1, 1]]",5,6,0.0007865,20,0,0,0,0,0,0,True
365,5,2,"[3, 2]","[[2, 2, 2], [1, 2]]",1,3,0,2,PP,"[[2, 1], [1, 1]]",4,4,0.000731,20,0,0,0,0,0,0,True
365,5,2,"[3, 2]","[[2, 2, 2], [1, 2]]",1,3,0,3,PP,"[[3], [1, 1]]",3,2,0.0007165,20,0,0,0,0,0,0,True
365,5,2,"[3, 2]","[[2, 2, 2], [1, 2]]",1,3,0,5,PP,"[[3], [1, 1]]",3,2,0.000716,20,0,0,0,0,0,0,True
365,5,2,"[3, 2]","[[2, 2, 2], [1, 2]]",1,3,1,1,PP,"[[1, 1, 1], [1, 1]]",5,6,0.000721,20,0,0,0,0,0,0,True
365,5,2,"[3, 2]","[[2, 2, 2], [1, 2]]",1,3,1,2,PP,"[[2, 1], [2]]",3,2,0.000721,20,0,0,0,0,0,0,True
365,5,2,"[3, 2]","[[2, 2, 2], [1, 2]]",1,3,1,3,PP,"[[3], [2]]",2,1,0.000721,20,0,0,0,0,0,0,True
365,5,2,"[3, 2]","[[2, 2, 2], [1, 2]]",1,3,1,5,PP,"[[3], [2]]",2,1,0.000726,20,0,0,0,0,0,0,True
365,5,2,"[3, 2]","[[2, 2, 2], [1, 2]]",1,3,2,1,PP,"[[1, 1, 1], [1, 1]]",5,6,0.000741,20,0,0,0,0,0,0,True
365,5,2,"[3, 2]","[[2, 2, 2], [1, 2]]",1,3,2,2,PP,"[[2, 1], [2]]",3,2,0.000751,20,0,0,0,0,0,0,True
365,5,2,"[3, 2]","[[2, 2, 2], [1, 2]]",1,3,2,3,PP,"[[3], [2]]",2,1,0.000721,20,0,0,0,0,0,0,True
365,5,2,"[3, 2]","[[2, 2, 2], [1, 2]]",1,3,2,5,PP,"[[3], [2]]",2,1,0.000691,20,0,0,0,0,0,0,True
365,5,2,"[3, 2]","[[2, 2, 2], [1, 2]]",1,3,3,1,PP,"[[1, 1, 1], [1, 1]]",5,6,0.0007315,20,0,0,0,0,0,0,True
365,5,2,"[3, 2]","[[2, 2, 2], [1, 2]]",1,3,3,2,PP,"[[2, 1], [2]]",3,2,0.000736,20,0,0,0,0,8,8/5,True
365,5,2,"[3, 2]","[[2, 2, 2], [1, 2]]",1,3,3,3,PP,"[[3], [2]]",2,1,0.0007215,20,0,0,0,0,12,12/5,True
365,5,2,"[3, 2]","[[2, 2, 2], [1, 2]]",1,3,3,5,PP,"[[3], [2]]",2,1,0.0007365,20,0,0,0,0,16,16/5,True
366,5,2,"[3, 2]","[[2, 2, 2], [1, 3]]",1,3,0,1,PP,"[[1, 1, 1], [1, 1]]",5,6,0.0007215,20,0,0,0,0,0,0,True
366,5,2,"[3, 2]","[[2, 2, 2], [1, 3]]",1,3,0,2,PP,"[[2, 1], [1, 1]]",4,4,0.000736,20,0,0,0,0,0,0,True
366,5,2,"[3, 2]","[[2, 2, 2], [1, 3]]",1,3,0,3,PP,"[[3], [1, 1]]",3,2,0.000726,20,0,0,0,0,0,0,True
366,5,2,"[3, 2]","[[2, 2, 2], [1, 3]]",1,3,0,5,PP,"[[3], [1, 1]]",3,2,0.000721,20,0,0,0,0,0,0,True
366,5,2,"[3, 2]","[[2, 2, 2], [1, 3]]",1,3,1,1,PP,"[[1, 1, 1], [1, 1]]",5,6,0.0007115,20,0,0,0,0,0,0,True
366,5,2,"[3, 2]","[[2, 2, 2], [1, 3]]",1,3,1,2,PP,"[[2, 1], [1, 1]]",4,4,0.0007165,20,0,0,0,0,0,0,True
366,5,2,"[3, 2]","[[2, 2, 2], [1, 3]]",1,3,1,3,PP,"[[3], [1, 1]]",3,2,0.0007265,20,0,0,0,0,0,0,True
366,5,2,"[3, 2]","[[2, 2, 2], [1, 3]]",1,3,1,5,PP,"[[3], [1, 1]]",3,2,0.000726,20,0,0,0,0,0,0,True
366,5,2,"[3, 2]","[[2, 2, 2], [1, 3]]",1,3,2,1,PP,"[[1, 1, 1], [1, 1]]",5,6,0.000736,20,0,0,0,0,0,0,True
366,5,2,"[3, 2]","[[2, 2, 2], [1, 3]]",1,3,2,2,PP,"[[2, 1], [2]]",3,2,0.0007215,20,0,0,0,0,0,0,True
366,5,2,"[3, 2]","[[2, 2, 2], [1, 3]]",1,3,2,3,PP,"[[3], [2]]",2,1,0.000706,20,0,0,0,0,0,0,True
366,5,2,"[3, 2]","[[2, 2, 2], [1, 3]]",1,3,2,5,PP,"[[3], [2]]",2,1,0.000706,20,0,0,0,0,0,0,True
366,5,2,"[3, 2]","[[2, 2, 2], [1, 3]]",1,3,3,1,PP,"[[1, 1, 1], [1, 1]]",5,6,0.0007215,20,0,0,0,0,0,0,True
366,5,2,"[3, 2]","[[2, 2, 2], [1, 3]]",1,3,3,2,PP,"[[2, 1], [2]]",3,2,0.000731,20,0,0,0,0,8,8/5,True
366,5,2,"[3, 2]","[[2, 2, 2], [1, 3]]",1,3,3,3,PP,"[[3], [2]]",2,1,0.000731,20,0,0,0,0,12,12/5,True
366,5,2,"[3, 2]","[[2, 2, 2], [1, 3]]",1,3,3,5,PP,"[[3], [2]]",2,1,0.000721,20,0,0,0,0,16,16/5,True
367,5,2,"[3, 2]","[[2, 2, 2], [2, 2]]",1,3,0,1,PP,"[[1, 1, 1], [1, 1]]",5,6,0.0007315,20,0,0,0,0,0,0,True
367,5,2,"[3, 2]","[[2, 2, 2], [2, 2]]",1,3,0,2,PP,"[[2, 1], [2]]",3,2,0.0007615,20,0,0,0,0,0,0,True
367,5,2,"[3, 2]","[[2, 2, 2], [2, 2]]",1,3,0,3,PP,"[[3], [2]]",2,1,0.000721,20,0,0,0,0,0,0,True
367,5,2,"[3, 2]","[[2, 2, 2], [2, 2]]",1,3,0,5,PP,"[[3], [2]]",2,1,0.000721,20,0,0,0,0,0,0,True
367,5,2,"[3, 2]","[[2, 2, 2], [2, 2]]",1,3,1,1,PP,"[[1, 1, 1], [1, 1]]",5,6,0.0007365,20,0,0,0,0,0,0,True
367,5,2,"[3, 2]","[[2, 2, 2], [2, 2]]",1,3,1,2,PP,"[[2, 1], [2]]",3,2,0.0007415,20,0,0,0,0,0,0,True
367,5,2,"[3, 2]","[[2, 2, 2], [2, 2]]",1,3,1,3,PP,"[[3], [2]]",2,1,0.000736,20,0,0,0,0,0,0,True
367,5,2,"[3, 2]","[[2, 2, 2], [2, 2]]",1,3,1,5,PP,"[[3], [2]]",2,1,0.000716,20,0,0,0,0,0,0,True
367,5,2,"[3, 2]","[[2, 2, 2], [2, 2]]",1,3,2,1,PP,"[[1, 1, 1], [1, 1]]",5,6,0.000741,20,0,0,0,0,0,0,True
367,5,2,"[3, 2]","[[2, 2, 2], [2, 2]]",1,3,2,2,PP,"[[2, 1], [2]]",3,2,0.000731,20,0,0,0,0,0,0,True
367,5,2,"[3, 2]","[[2, 2, 2], [2, 2]]",1,3,2,3,PP,"[[3], [2]]",2,1,0.000731,20,0,0,0,0,0,0,True
367,5,2,"[3, 2]","[[2, 2, 2], [2, 2]]",1,3,2,5,PP,"[[3], [2]]",2,1,0.000731,20,0,0,0,0,0,0,True
367,5,2,"[3, 2]","[[2, 2, 2], [2, 2]]",1,3,3,1,PP,"[[1, 1, 1], [1, 1]]",5,6,0.000741,20,0,0,0,0,0,0,True
367,5,2,"[3, 2]","[[2, 2, 2], [2, 2]]",1,3,3,2,PP,"[[2, 1], [2]]",3,2,0.000736,20,0,0,0,0,8,8/5,True
367,5,2,"[3, 2]","[[2, 2, 2], [2, 2]]",1,3,3,3,PP,"[[3], [2]]",2,1,0.000731,20,0,0,0,0,12,12/5,True
367,5,2,"[3, 2]","[[2, 2, 2], [2, 2]]",1,3,3,5,PP,"[[3], [2]]",2,1,0.000731,20,0,0,0,0,16,16/5,True
368,5,2,"[3, 2]","[[2, 2, 2], [2, 3]]",1,3,0,1,PP,"[[1, 1, 1], [1, 1]]",5,6,0.0007315,20,0,0,0,0,0,0,True
368,5,2,"[3, 2]","[[2, 2, 2], [2, 3]]",1,3,0,2,PP,"[[2, 1], [1, 1]]",4,4,0.0007215,20,0,0,0,0,0,0,True
368,5,2,"[3, 2]","[[2, 2, 2], [2, 3]]",1,3,0,3,PP,"[[3], [1, 1]]",3,2,0.000711,20,0,0,0,0,0,0,True
368,5,2,"[3, 2]","[[2, 2, 2], [2, 3]]",1,3,0,5,PP,"[[3], [1, 1]]",3,2,0.000711,20,0,0,0,0,0,0,True
368,5,2,"[3, 2]","[[2, 2, 2], [2, 3]]",1,3,1,1,PP,"[[1, 1, 1], [1, 1]]",5,6,0.0007165,20,0,0,0,0,0,0,True
368,5,2,"[3, 2]","[[2, 2, 2], [2, 3]]",1,3,1,2,PP,"[[2, 1], [2]]",3,2,0.000716,20,0,0,0,0,0,0,True
368,5,2,"[3, 2]","[[2, 2, 2], [2, 3]]",1,3,1,3,PP,"[[3], [2]]",2,1,0.000711,20,0,0,0,0,0,0,True
368,5,2,"[3, 2]","[[2, 2, 2], [2, 3]]",1,3,1,5,PP,"[[3], [2]]",2,1,0.000711,20,0,0,0,0,0,0,True
368,5,2,"[3, 2]","[[2, 2, 2], [2, 3]]",1,3,2,1,PP,"[[1, 1, 1], [1, 1]]",5,6,0.000711,20,0,0,0,0,0,0,True
368,5,2,"[3, 2]","[[2, 2, 2], [2, 3]]",1,3,2,2,PP,"[[2, 1], [2]]",3,2,0.000736,20,0,0,0,0,0,0,True
368,5,2,"[3, 2]","[[2, 2, 2], [2, 3]]",1,3,2,3,PP,"[[3], [2]]",2,1,0.0007265,20,0,0,0,0,0,0,True
368,5,2,"[3, 2]","[[2, 2, 2], [2, 3]]",1,3,2,5,PP,"[[3], [2]]",2,1,0.0007315,20,0,0,0,0,0,0,True
368,5,2,"[3, 2]","[[2, 2, 2], [2, 3]]",1,3,3,1,PP,"[[1, 1, 1], [1, 1]]",5,6,0.000736,20,0,0,0,0,0,0,True
368,5,2,"[3, 2]","[[2, 2, 2], [2, 3]]",1,3,3,2,PP,"[[2, 1], [2]]",3,2,0.000711,20,0,0,0,0,8,8/5,True
368,5,2,"[3, 2]","[[2, 2, 2], [2, 3]]",1,3,3,3,PP,"[[3], [2]]",2,1,0.000731,20,0,0,0,0,12,12/5,True
368,5,2,"[3, 2]","[[2, 2, 2], [2, 3]]",1,3,3,5,PP,"[[3], [2]]",2,1,0.000722,20,0,0,0,0,16,16/5,True
369,5,2,"[3, 2]","[[2, 2, 2], [3, 3]]",1,3,0,1,PP,"[[1, 1, 1], [1, 1]]",5,6,0.0007415,20,0,0,0,0,0,0,True
369,5,2,"[3, 2]","[[2, 2, 2], [3, 3]]",1,3,0,2,PP,"[[2, 1], [2]]",3,2,0.000746,20,0,0,0,0,0,0,True
369,5,2,"[3, 2]","[[2, 2, 2], [3, 3]]",1,3,0,3,PP,"[[3], [2]]",2,1,0.000721,20,0,0,0,0,0,0,True
369,5,2,"[3, 2]","[[2, 2, 2], [3, 3]]",1,3,0,5,PP,"[[3], [2]]",2,1,0.000731,20,0,0,0,0,0,0,True
369,5,2,"[3, 2]","[[2, 2, 2], [3, 3]]",1,3,1,1,PP,"[[1, 1, 1], [1, 1]]",5,6,0.000751,20,0,0,0,0,0,0,True
369,5,2,"[3, 2]","[[2, 2, 2], [3, 3]]",1,3,1,2,PP,"[[2, 1], [2]]",3,2,0.000751,20,0,0,0,0,0,0,True
369,5,2,"[3, 2]","[[2, 2, 2], [3, 3]]",1,3,1,3,PP,"[[3], [2]]",2,1,0.000711,20,0,0,0,0,0,0,True
369,5,2,"[3, 2]","[[2, 2, 2], [3, 3]]",1,3,1,5,PP,"[[3], [2]]",2,1,0.000726,20,0,0,0,0,0,0,True
369,5,2,"[3, 2]","[[2, 2, 2], [3, 3]]",1,3,2,1,PP,"[[1, 1, 1], [1, 1]]",5,6,0.000731,20,0,0,0,0,0,0,True
369,5,2,"[3, 2]","[[2, 2, 2], [3, 3]]",1,3,2,2,PP,"[[2, 1], [2]]",3,2,0.0007315,20,0,0,0,0,0,0,True
369,5,2,"[3, 2]","[[2, 2, 2], [3, 3]]",1,3,2,3,PP,"[[3], [2]]",2,1,0.000726,20,0,0,0,0,0,0,True
369,5,2,"[3, 2]","[[2, 2, 2], [3, 3]]",1,3,2,5,PP,"[[3], [2]]",2,1,0.000741,20,0,0,0,0,0,0,True
369,5,2,"[3, 2]","[[2, 2, 2], [3, 3]]",1,3,3,1,PP,"[[1, 1, 1], [1, 1]]",5,6,0.0007315,20,0,0,0,0,0,0,True
369,5,2,"[3, 2]","[[2, 2, 2], [3, 3]]",1,3,3,2,PP,"[[2, 1], [2]]",3,2,0.000731,20,0,0,0,0,8,8/5,True
369,5,2,"[3, 2]","[[2, 2, 2], [3, 3]]",1,3,3,3,PP,"[[3], [2]]",2,1,0.0007065,20,0,0,0,0,12,12/5,True
369,5,2,"[3, 2]","[[2, 2, 2], [3, 3]]",1,3,3,5,PP,"[[3], [2]]",2,1,0.000716,20,0,0,0,0,16,16/5,True
370,5,2,"[3, 2]","[[2, 2, 3], [0, 0]]",1,3,0,1,PP,"[[1, 1, 1], [1, 1]]",5,6,0.000721,20,0,0,0,0,0,0,True
370,5,2,"[3, 2]","[[2, 2, 3], [0, 0]]",1,3,0,2,PP,"[[2, 1], [2]]",3,2,0.000706,20,0,0,0,0,0,0,True
370,5,2,"[3, 2]","[[2, 2, 3], [0, 0]]",1,3,0,3,PP,"[[2, 1], [2]]",3,2,0.000711,20,0,0,0,0,0,0,True
370,5,2,"[3, 2]","[[2, 2, 3], [0, 0]]",1,3,0,5,PP,"[[2, 1], [2]]",3,2,0.000721,20,0,0,0,0,0,0,True
370,5,2,"[3, 2]","[[2, 2, 3], [0, 0]]",1,3,1,1,PP,"[[1, 1, 1], [1, 1]]",5,6,0.0007315,20,0,0,0,0,0,0,True
370,5,2,"[3, 2]","[[2, 2, 3], [0, 0]]",1,3,1,2,PP,"[[2, 1], [2]]",3,2,0.000721,20,0,0,0,0,0,0,True
370,5,2,"[3, 2]","[[2, 2, 3], [0, 0]]",1,3,1,3,PP,"[[3], [2]]",2,1,0.000731,20,0,0,0,0,0,0,True
370,5,2,"[3, 2]","[[2, 2, 3], [0, 0]]",1,3,1,5,PP,"[[3], [2]]",2,1,0.000716,20,0,0,0,0,0,0,True
370,5,2,"[3, 2]","[[2, 2, 3], [0, 0]]",1,3,2,1,PP,"[[1, 1, 1], [1, 1]]",5,6,0.0007765,20,0,0,0,0,0,0,True
370,5,2,"[3, 2]","[[2, 2, 3], [0, 0]]",1,3,2,2,PP,"[[2, 1], [2]]",3,2,0.000761,20,0,0,0,0,0,0,True
370,5,2,"[3, 2]","[[2, 2, 3], [0, 0]]",1,3,2,3,PP,"[[3], [2]]",2,1,0.000726,20,0,0,0,0,0,0,True
370,5,2,"[3, 2]","[[2, 2, 3], [0, 0]]",1,3,2,5,PP,"[[3], [2]]",2,1,0.0007215,20,0,0,0,0,0,0,True
370,5,2,"[3, 2]","[[2, 2, 3], [0, 0]]",1,3,3,1,PP,"[[1, 1, 1], [1, 1]]",5,6,0.000731,20,0,0,0,0,0,0,True
370,5,2,"[3, 2]","[[2, 2, 3], [0, 0]]",1,3,3,2,PP,"[[2, 1], [2]]",3,2,0.000731,20,0,0,0,0,8,8/5,True
370,5,2,"[3, 2]","[[2, 2, 3], [0, 0]]",1,3,3,3,PP,"[[3], [2]]",2,1,0.000731,20,0,0,0,0,12,12/5,True
370,5,2,"[3, 2]","[[2, 2, 3], [0, 0]]",1,3,3,5,PP,"[[3], [2]]",2,1,0.000731,20,0,0,0,0,16,16/5,True
371,5,2,"[3, 2]","[[2, 2, 3], [0, 1]]",1,3,0,1,PP,"[[1, 1, 1], [1, 1]]",5,6,0.000741,20,0,0,0,0,0,0,True
371,5,2,"[3, 2]","[[2, 2, 3], [0, 1]]",1,3,0,2,PP,"[[2, 1], [1, 1]]",4,4,0.000716,20,0,0,0,0,0,0,True
371,5,2,"[3, 2]","[[2, 2, 3], [0, 1]]",1,3,0,3,PP,"[[2, 1], [1, 1]]",4,4,0.000721,20,0,0,0,0,0,0,True
371,5,2,"[3, 2]","[[2, 2, 3], [0, 1]]",1,3,0,5,PP,"[[2, 1], [1, 1]]",4,4,0.000721,20,0,0,0,0,0,0,True
371,5,2,"[3, 2]","[[2, 2, 3], [0, 1]]",1,3,1,1,PP,"[[1, 1, 1], [1, 1]]",5,6,0.000751,20,0,0,0,0,0,0,True
371,5,2,"[3, 2]","[[2, 2, 3], [0, 1]]",1,3,1,2,PP,"[[2, 1], [2]]",3,2,0.000726,20,0,0,0,0,0,0,True
371,5,2,"[3, 2]","[[2, 2, 3], [0, 1]]",1,3,1,3,PP,"[[3], [2]]",2,1,0.000726,20,0,0,0,0,0,0,True
371,5,2,"[3, 2]","[[2, 2, 3], [0, 1]]",1,3,1,5,PP,"[[3], [2]]",2,1,0.000761,20,0,0,0,0,0,0,True
371,5,2,"[3, 2]","[[2, 2, 3], [0, 1]]",1,3,2,1,PP,"[[1, 1, 1], [1, 1]]",5,6,0.000731,20,0,0,0,0,0,0,True
371,5,2,"[3, 2]","[[2, 2, 3], [0, 1]]",1,3,2,2,PP,"[[2, 1], [2]]",3,2,0.000721,20,0,0,0,0,0,0,True
371,5,2,"[3, 2]","[[2, 2, 3], [0, 1]]",1,3,2,3,PP,"[[3], [2]]",2,1,0.000701,20,0,0,0,0,0,0,True
371,5,2,"[3, 2]","[[2, 2, 3], [0, 1]]",1,3,2,5,PP,"[[3], [2]]",2,1,0.000721,20,0,0,0,0,0,0,True
371,5,2,"[3, 2]","[[2, 2, 3], [0, 1]]",1,3,3,1,PP,"[[1, 1, 1], [1, 1]]",5,6,0.000721,20,0,0,0,0,0,0,True
371,5,2,"[3, 2]","[[2, 2, 3], [0, 1]]",1,3,3,2,PP,"[[2, 1], [2]]",3,2,0.000731,20,0,0,0,0,8,8/5,True
371,5,2,"[3, 2]","[[2, 2, 3], [0, 1]]",1,3,3,3,PP,"[[3], [2]]",2,1,0.000706,20,0,0,0,0,12,12/5,True
371,5,2,"[3, 2]","[[2, 2, 3], [0, 1]]",1,3,3,5,PP,"[[3], [2]]",2,1,0.000711,20,0,0,0,0,16,16/5,True
372,5,2,"[3, 2]","[[2, 2, 3], [0, 2]]",1,3,0,1,PP,"[[1, 1, 1], [1, 1]]",5,6,0.000726,20,0,0,0,0,0,0,True
372,5,2,"[3, 2]","[[2, 2, 3], [0, 2]]",1,3,0,2,PP,"[[2, 1], [1, 1]]",4,4,0.0007215,20,0,0,0,0,0,0,True
372,5,2,"[3, 2]","[[2, 2, 3], [0, 2]]",1,3,0,3,PP,"[[2, 1], [1, 1]]",4,4,0.000706,20,0,0,0,0,0,0,True
372,5,2,"[3, 2]","[[2, 2, 3], [0, 2]]",1,3,0,5,PP,"[[2, 1], [1, 1]]",4,4,0.000716,20,0,0,0,0,0,0,True
372,5,2,"[3, 2]","[[2, 2, 3], [0, 2]]",1,3,1,1,PP,"[[1, 1, 1], [1, 1]]",5,6,0.000731,20,0,0,0,0,0,0,True
372,5,2,"[3, 2]","[[2, 2, 3], [0, 2]]",1,3,1,2,PP,"[[2, 1], [1, 1]]",4,4,0.000731,20,0,0,0,0,0,0,True
372,5,2,"[3, 2]","[[2, 2, 3], [0, 2]]",1,3,1,3,PP,"[[3], [1, 1]]",3,2,0.000721,20,0,0,0,0,0,0,True
372,5,2,"[3, 2]","[[2, 2, 3], [0, 2]]",1,3,1,5,PP,"[[3], [1, 1]]",3,2,0.000731,20,0,0,0,0,0,0,True
372,5,2,"[3, 2]","[[2, 2, 3], [0, 2]]",1,3,2,1,PP,"[[1, 1, 1], [1, 1]]",5,6,0.0007315,20,0,0,0,0,0,0,True
372,5,2,"[3, 2]","[[2, 2, 3], [0, 2]]",1,3,2,2,PP,"[[2, 1], [2]]",3,2,0.0007315,20,0,0,0,0,0,0,True
372,5,2,"[3, 2]","[[2, 2, 3], [0, 2]]",1,3,2,3,PP,"[[3], [2]]",2,1,0.000726,20,0,0,0,0,0,0,True
372,5,2,"[3, 2]","[[2, 2, 3], [0, 2]]",1,3,2,5,PP,"[[3], [2]]",2,1,0.000711,20,0,0,0,0,0,0,True
372,5,2,"[3, 2]","[[2, 2, 3], [0, 2]]",1,3,3,1,PP,"[[1, 1, 1], [1, 1]]",5,6,0.000731,20,0,0,0,0,0,0,True
372,5,2,"[3, 2]","[[2, 2, 3], [0, 2]]",1,3,3,2,PP,"[[2, 1], [2]]",3,2,0.000746,20,0,0,0,0,8,8/5,True
372,5,2,"[3, 2]","[[2, 2, 3], [0, 2]]",1,3,3,3,PP,"[[3], [2]]",2,1,0.000721,20,0,0,0,0,12,12/5,True
372,5,2,"[3, 2]","[[2, 2, 3], [0, 2]]",1,3,3,5,PP,"[[3], [2]]",2,1,0.000731,20,0,0,0,0,16,16/5,True
373,5,2,"[3, 2]","[[2, 2, 3], [0, 3]]",1,3,0,1,PP,"[[1, 1, 1], [1, 1]]",5,6,0.000746,20,0,0,0,0,0,0,True
373,5,2,"[3, 2]","[[2, 2, 3], [0, 3]]",1,3,0,2,PP,"[[2, 1], [1, 1]]",4,4,0.0007265,20,0,0,0,0,0,0,True
373,5,2,"[3, 2]","[[2, 2, 3], [0, 3]]",1,3,0,3,PP,"[[2, 1], [1, 1]]",4,4,0.000721,20,0,0,0,0,0,0,True
373,5,2,"[3, 2]","[[2, 2, 3], [0, 3]]",1,3,0,5,PP,"[[2, 1], [1, 1]]",4,4,0.0007265,20,0,0,0,0,0,0,True
373,5,2,"[3, 2]","[[2, 2, 3], [0, 3]]",1,3,1,1,PP,"[[1, 1, 1], [1, 1]]",5,6,0.000721,20,0,0,0,0,0,0,True
373,5,2,"[3, 2]","[[2, 2, 3], [0, 3]]",1,3,1,2,PP,"[[2, 1], [1, 1]]",4,4,0.0007165,20,0,0,0,0,0,0,True
373,5,2,"[3, 2]","[[2, 2, 3], [0, 3]]",1,3,1,3,PP,"[[3], [1, 1]]",3,2,0.000716,20,0,0,0,0,0,0,True
373,5,2,"[3, 2]","[[2, 2, 3], [0, 3]]",1,3,1,5,PP,"[[3], [1, 1]]",3,2,0.0007215,20,0,0,0,0,0,0,True
373,5,2,"[3, 2]","[[2, 2, 3], [0, 3]]",1,3,2,1,PP,"[[1, 1, 1], [1, 1]]",5,6,0.000731,20,0,0,0,0,0,0,True
373,5,2,"[3, 2]","[[2, 2, 3], [0, 3]]",1,3,2,2,PP,"[[2, 1], [1, 1]]",4,4,0.000721,20,0,0,0,0,0,0,True
373,5,2,"[3, 2]","[[2, 2, 3], [0, 3]]",1,3,2,3,PP,"[[3], [1, 1]]",3,2,0.000721,20,0,0,0,0,0,0,True
373,5,2,"[3, 2]","[[2, 2, 3], [0, 3]]",1,3,2,5,PP,"[[3], [1, 1]]",3,2,0.0007015,20,0,0,0,0,0,0,True
373,5,2,"[3, 2]","[[2, 2, 3], [0, 3]]",1,3,3,1,PP,"[[1, 1, 1], [1, 1]]",5,6,0.000731,20,0,0,0,0,0,0,True
373,5,2,"[3, 2]","[[2, 2, 3], [0, 3]]",1,3,3,2,PP,"[[2, 1], [2]]",3,2,0.000731,20,4,4/5,4,4/5,8,8/5,True
373,5,2,"[3, 2]","[[2, 2, 3], [0, 3]]",1,3,3,3,PP,"[[3], [2]]",2,1,0.000721,20,4,4/5,4,4/5,12,12/5,True
373,5,2,"[3, 2]","[[2, 2, 3], [0, 3]]",1,3,3,5,PP,"[[3], [2]]",2,1,0.000731,20,4,4/5,4,4/5,16,16/5,True
374,5,2,"[3, 2]","[[2, 2, 3], [1, 1]]",1,3,0,1,PP,"[[1, 1, 1], [1, 1]]",5,6,0.000721,20,0,0,0,0,0,0,True
374,5,2,"[3, 2]","[[2, 2, 3], [1, 1]]",1,3,0,2,PP,"[[2, 1], [2]]",3,2,0.000761,20,0,0,0,0,0,0,True
374,5,2,"[3, 2]","[[2, 2, 3], [1, 1]]",1,3,0,3,PP,"[[2, 1], [2]]",3,2,0.0007265,20,0,0,0,0,0,0,True
374,5,2,"[3, 2]","[[2, 2, 3], [1, 1]]",1,3,0,5,PP,"[[2, 1], [2]]",3,2,0.000731,20,0,0,0,0,0,0,True
374,5,2,"[3, 2]","[[2, 2, 3], [1, 1]]",1,3,1,1,PP,"[[1, 1, 1], [1, 1]]",5,6,0.000731,20,0,0,0,0,0,0,True
374,5,2,"[3, 2]","[[2, 2, 3], [1, 1]]",1,3,1,2,PP,"[[2, 1], [2]]",3,2,0.000741,20,0,0,0,0,0,0,True
374,5,2,"[3, 2]","[[2, 2, 3], [1, 1]]",1,3,1,3,PP,"[[3], [2]]",2,1,0.000751,20,0,0,0,0,0,0,True
374,5,2,"[3, 2]","[[2, 2, 3], [1, 1]]",1,3,1,5,PP,"[[3], [2]]",2,1,0.000731,20,0,0,0,0,0,0,True
374,5,2,"[3, 2]","[[2, 2, 3], [1, 1]]",1,3,2,1,PP,"[[1, 1, 1], [1, 1]]",5,6,0.000726,20,0,0,0,0,0,0,True
374,5,2,"[3, 2]","[[2, 2, 3], [1, 1]]",1,3,2,2,PP,"[[2, 1], [2]]",3,2,0.000731,20,0,0,0,0,0,0,True
374,5,2,"[3, 2]","[[2, 2, 3], [1, 1]]",1,3,2,3,PP,"[[3], [2]]",2,1,0.000731,20,0,0,0,0,0,0,True
374,5,2,"[3, 2]","[[2, 2, 3], [1, 1]]",1,3,2,5,PP,"[[3], [2]]",2,1,0.000721,20,0,0,0,0,0,0,True
374,5,2,"[3, 2]","[[2, 2, 3], [1, 1]]",1,3,3,1,PP,"[[1, 1, 1], [1, 1]]",5,6,0.0007315,20,0,0,0,0,0,0,True
374,5,2,"[3, 2]","[[2, 2, 3], [1, 1]]",1,3,3,2,PP,"[[2, 1], [2]]",3,2,0.000716,20,0,0,0,0,8,8/5,True
374,5,2,"[3, 2]","[[2, 2, 3], [1, 1]]",1,3,3,3,PP,"[[3], [2]]",2,1,0.000731,20,0,0,0,0,12,12/5,True
374,5,2,"[3, 2]","[[2, 2, 3], [1, 1]]",1,3,3,5,PP,"[[3], [2]]",2,1,0.000731,20,0,0,0,0,16,16/5,True
375,5,2,"[3, 2]","[[2, 2, 3], [1, 2]]",1,3,0,1,PP,"[[1, 1, 1], [1, 1]]",5,6,0.000726,20,0,0,0,0,0,0,True
375,5,2,"[3, 2]","[[2, 2, 3], [1, 2]]",1,3,0,2,PP,"[[2, 1], [1, 1]]",4,4,0.000731,20,0,0,0,0,0,0,True
375,5,2,"[3, 2]","[[2, 2, 3], [1, 2]]",1,3,0,3,PP,"[[2, 1], [1, 1]]",4,4,0.000706,20,0,0,0,0,0,0,True
375,5,2,"[3, 2]","[[2, 2, 3], [1, 2]]",1,3,0,5,PP,"[[2, 1], [1, 1]]",4,4,0.000721,20,0,0,0,0,0,0,True
375,5,2,"[3, 2]","[[2, 2, 3], [1, 2]]",1,3,1,1,PP,"[[1, 1, 1], [1, 1]]",5,6,0.000731,20,0,0,0,0,0,0,True
375,5,2,"[3, 2]","[[2, 2, 3], [1, 2]]",1,3,1,2,PP,"[[2, 1], [2]]",3,2,0.000761,20,0,0,0,0,0,0,True
375,5,2,"[3, 2]","[[2, 2, 3], [1, 2]]",1,3,1,3,PP,"[[3], [2]]",2,1,0.000711,20,0,0,0,0,0,0,True
375,5,2,"[3, 2]","[[2, 2, 3], [1, 2]]",1,3,1,5,PP,"[[3], [2]]",2,1,0.000731,20,0,0,0,0,0,0,True
375,5,2,"[3, 2]","[[2, 2, 3], [1, 2]]",1,3,2,1,PP,"[[1, 1, 1], [1, 1]]",5,6,0.0007315,20,0,0,0,0,0,0,True
375,5,2,"[3, 2]","[[2, 2, 3], [1, 2]]",1,3,2,2,PP,"[[2, 1], [2]]",3,2,0.000731,20,0,0,0,0,0,0,True
375,5,2,"[3, 2]","[[2, 2, 3], [1, 2]]",1,3,2,3,PP,"[[3], [2]]",2,1,0.000721,20,0,0,0,0,0,0,True
375,5,2,"[3, 2]","[[2, 2, 3], [1, 2]]",1,3,2,5,PP,"[[3], [2]]",2,1,0.000721,20,0,0,0,0,0,0,True
375,5,2,"[3, 2]","[[2, 2, 3], [1, 2]]",1,3,3,1,PP,"[[1, 1, 1], [1, 1]]",5,6,0.0007465,20,0,0,0,0,0,0,True
375,5,2,"[3, 2]","[[2, 2, 3], [1, 2]]",1,3,3,2,PP,"[[2, 1], [2]]",3,2,0.000756,20,0,0,0,0,8,8/5,True
375,5,2,"[3, 2]","[[2, 2, 3], [1, 2]]",1,3,3,3,PP,"[[3], [2]]",2,1,0.0007315,20,0,0,0,0,12,12/5,True
375,5,2,"[3, 2]","[[2, 2, 3], [1, 2]]",1,3,3,5,PP,"[[3], [2]]",2,1,0.000736,20,0,0,0,0,16,16/5,True
376,5,2,"[3, 2]","[[2, 2, 3], [1, 3]]",1,3,0,1,PP,"[[1, 1, 1], [1, 1]]",5,6,0.000731,20,0,0,0,0,0,0,True
376,5,2,"[3, 2]","[[2, 2, 3], [1, 3]]",1,3,0,2,PP,"[[2, 1], [1, 1]]",4,4,0.0007315,20,0,0,0,0,0,0,True
376,5,2,"[3, 2]","[[2, 2, 3], [1, 3]]",1,3,0,3,PP,"[[2, 1], [1, 1]]",4,4,0.000726,20,0,0,0,0,0,0,True
376,5,2,"[3, 2]","[[2, 2, 3], [1, 3]]",1,3,0,5,PP,"[[2, 1], [1, 1]]",4,4,0.000737,20,0,0,0,0,0,0,True
376,5,2,"[3, 2]","[[2, 2, 3], [1, 3]]",1,3,1,1,PP,"[[1, 1, 1], [1, 1]]",5,6,0.000746,20,0,0,0,0,0,0,True
376,5,2,"[3, 2]","[[2, 2, 3], [1, 3]]",1,3,1,2,PP,"[[2, 1], [1, 1]]",4,4,0.000741,20,0,0,0,0,0,0,True
376,5,2,"[3, 2]","[[2, 2, 3], [1, 3]]",1,3,1,3,PP,"[[3], [1, 1]]",3,2,0.000721,20,0,0,0,0,0,0,True
376,5,2,"[3, 2]","[[2, 2, 3], [1, 3]]",1,3,1,5,PP,"[[3], [1, 1]]",3,2,0.000711,20,0,0,0,0,0,0,True
376,5,2,"[3, 2]","[[2, 2, 3], [1, 3]]",1,3,2,1,PP,"[[1, 1, 1], [1, 1]]",5,6,0.0007615,20,0,0,0,0,0,0,True
376,5,2,"[3, 2]","[[2, 2, 3], [1, 3]]",1,3,2,2,PP,"[[2, 1], [2]]",3,2,0.000746,20,0,0,0,0,0,0,True
376,5,2,"[3, 2]","[[2, 2, 3], [1, 3]]",1,3,2,3,PP,"[[3], [2]]",2,1,0.000711,20,0,0,0,0,0,0,True
376,5,2,"[3, 2]","[[2, 2, 3], [1, 3]]",1,3,2,5,PP,"[[3], [2]]",2,1,0.000736,20,0,0,0,0,0,0,True
376,5,2,"[3, 2]","[[2, 2, 3], [1, 3]]",1,3,3,1,PP,"[[1, 1, 1], [1, 1]]",5,6,0.000731,20,0,0,0,0,0,0,True
376,5,2,"[3, 2]","[[2, 2, 3], [1, 3]]",1,3,3,2,PP,"[[2, 1], [2]]",3,2,0.000726,20,0,0,0,0,8,8/5,True
376,5,2,"[3, 2]","[[2, 2, 3], [1, 3]]",1,3,3,3,PP,"[[3], [2]]",2,1,0.000701,20,0,0,0,0,12,12/5,True
376,5,2,"[3, 2]","[[2, 2, 3], [1, 3]]",1,3,3,5,PP,"[[3], [2]]",2,1,0.000731,20,0,0,0,0,16,16/5,True
377,5,2,"[3, 2]","[[2, 2, 3], [2, 2]]",1,3,0,1,PP,"[[1, 1, 1], [1, 1]]",5,6,0.000751,20,0,0,0,0,0,0,True
377,5,2,"[3, 2]","[[2, 2, 3], [2, 2]]",1,3,0,2,PP,"[[2, 1], [2]]",3,2,0.000711,20,0,0,0,0,0,0,True
377,5,2,"[3, 2]","[[2, 2, 3], [2, 2]]",1,3,0,3,PP,"[[2, 1], [2]]",3,2,0.000721,20,0,0,0,0,0,0,True
377,5,2,"[3, 2]","[[2, 2, 3], [2, 2]]",1,3,0,5,PP,"[[2, 1], [2]]",3,2,0.000731,20,0,0,0,0,0,0,True
377,5,2,"[3, 2]","[[2, 2, 3], [2, 2]]",1,3,1,1,PP,"[[1, 1, 1], [1, 1]]",5,6,0.000731,20,0,0,0,0,0,0,True
377,5,2,"[3, 2]","[[2, 2, 3], [2, 2]]",1,3,1,2,PP,"[[2, 1], [2]]",3,2,0.000696,20,0,0,0,0,0,0,True
377,5,2,"[3, 2]","[[2, 2, 3], [2, 2]]",1,3,1,3,PP,"[[3], [2]]",2,1,0.000711,20,0,0,0,0,0,0,True
377,5,2,"[3, 2]","[[2, 2, 3], [2, 2]]",1,3,1,5,PP,"[[3], [2]]",2,1,0.000706,20,0,0,0,0,0,0,True
377,5,2,"[3, 2]","[[2, 2, 3], [2, 2]]",1,3,2,1,PP,"[[1, 1, 1], [1, 1]]",5,6,0.000716,20,0,0,0,0,0,0,True
377,5,2,"[3, 2]","[[2, 2, 3], [2, 2]]",1,3,2,2,PP,"[[2, 1], [2]]",3,2,0.000791,20,0,0,0,0,0,0,True
377,5,2,"[3, 2]","[[2, 2, 3], [2, 2]]",1,3,2,3,PP,"[[3], [2]]",2,1,0.0007315,20,0,0,0,0,0,0,True
377,5,2,"[3, 2]","[[2, 2, 3], [2, 2]]",1,3,2,5,PP,"[[3], [2]]",2,1,0.000711,20,0,0,0,0,0,0,True
377,5,2,"[3, 2]","[[2, 2, 3], [2, 2]]",1,3,3,1,PP,"[[1, 1, 1], [1, 1]]",5,6,0.0007315,20,0,0,0,0,0,0,True
377,5,2,"[3, 2]","[[2, 2, 3], [2, 2]]",1,3,3,2,PP,"[[2, 1], [2]]",3,2,0.0007265,20,0,0,0,0,8,8/5,True
377,5,2,"[3, 2]","[[2, 2, 3], [2, 2]]",1,3,3,3,PP,"[[3], [2]]",2,1,0.0007165,20,0,0,0,0,12,12/5,True
377,5,2,"[3, 2]","[[2, 2, 3], [2, 2]]",1,3,3,5,PP,"[[3], [2]]",2,1,0.000731,20,0,0,0,0,16,16/5,True
378,5,2,"[3, 2]","[[2, 2, 3], [2, 3]]",1,3,0,1,PP,"[[1, 1, 1], [1, 1]]",5,6,0.000726,20,0,0,0,0,0,0,True
378,5,2,"[3, 2]","[[2, 2, 3], [2, 3]]",1,3,0,2,PP,"[[2, 1], [1, 1]]",4,4,0.000736,20,0,0,0,0,0,0,True
378,5,2,"[3, 2]","[[2, 2, 3], [2, 3]]",1,3,0,3,PP,"[[2, 1], [1, 1]]",4,4,0.000736,20,0,0,0,0,0,0,True
378,5,2,"[3, 2]","[[2, 2, 3], [2, 3]]",1,3,0,5,PP,"[[2, 1], [1, 1]]",4,4,0.000801,20,0,0,0,0,0,0,True
378,5,2,"[3, 2]","[[2, 2, 3], [2, 3]]",1,3,1,1,PP,"[[1, 1, 1], [1, 1]]",5,6,0.000821,20,0,0,0,0,0,0,True
378,5,2,"[3, 2]","[[2, 2, 3], [2, 3]]",1,3,1,2,PP,"[[2, 1], [2]]",3,2,0.0008165,20,0,0,0,0,0,0,True
378,5,2,"[3, 2]","[[2, 2, 3], [2, 3]]",1,3,1,3,PP,"[[3], [2]]",2,1,0.000801,20,0,0,0,0,0,0,True
378,5,2,"[3, 2]","[[2, 2, 3], [2, 3]]",1,3,1,5,PP,"[[3], [2]]",2,1,0.0008065,20,0,0,0,0,0,0,True
378,5,2,"[3, 2]","[[2, 2, 3], [2, 3]]",1,3,2,1,PP,"[[1, 1, 1], [1, 1]]",5,6,0.000806,20,0,0,0,0,0,0,True
378,5,2,"[3, 2]","[[2, 2, 3], [2, 3]]",1,3,2,2,PP,"[[2, 1], [2]]",3,2,0.000801,20,0,0,0,0,0,0,True
378,5,2,"[3, 2]","[[2, 2, 3], [2, 3]]",1,3,2,3,PP,"[[3], [2]]",2,1,0.000801,20,0,0,0,0,0,0,True
378,5,2,"[3, 2]","[[2, 2, 3], [2, 3]]",1,3,2,5,PP,"[[3], [2]]",2,1,0.000791,20,0,0,0,0,0,0,True
378,5,2,"[3, 2]","[[2, 2, 3], [2, 3]]",1,3,3,1,PP,"[[1, 1, 1], [1, 1]]",5,6,0.000811,20,0,0,0,0,0,0,True
378,5,2,"[3, 2]","[[2, 2, 3], [2, 3]]",1,3,3,2,PP,"[[2, 1], [2]]",3,2,0.000791,20,0,0,0,0,8,8/5,True
378,5,2,"[3, 2]","[[2, 2, 3], [2, 3]]",1,3,3,3,PP,"[[3], [2]]",2,1,0.0007865,20,0,0,0,0,12,12/5,True
378,5,2,"[3, 2]","[[2, 2, 3], [2, 3]]",1,3,3,5,PP,"[[3], [2]]",2,1,0.0007915,20,0,0,0,0,16,16/5,True
379,5,2,"[3, 2]","[[2, 2, 3], [3, 3]]",1,3,0,1,PP,"[[1, 1, 1], [1, 1]]",5,6,0.000802,20,0,0,0,0,0,0,True
379,5,2,"[3, 2]","[[2, 2, 3], [3, 3]]",1,3,0,2,PP,"[[2, 1], [2]]",3,2,0.0008065,20,0,0,0,0,0,0,True
379,5,2,"[3, 2]","[[2, 2, 3], [3, 3]]",1,3,0,3,PP,"[[2, 1], [2]]",3,2,0.0007965,20,0,0,0,0,0,0,True
379,5,2,"[3, 2]","[[2, 2, 3], [3, 3]]",1,3,0,5,PP,"[[2, 1], [2]]",3,2,0.000786,20,0,0,0,0,0,0,True
379,5,2,"[3, 2]","[[2, 2, 3], [3, 3]]",1,3,1,1,PP,"[[1, 1, 1], [1, 1]]",5,6,0.000821,20,0,0,0,0,0,0,True
379,5,2,"[3, 2]","[[2, 2, 3], [3, 3]]",1,3,1,2,PP,"[[2, 1], [2]]",3,2,0.0008015,20,0,0,0,0,0,0,True
379,5,2,"[3, 2]","[[2, 2, 3], [3, 3]]",1,3,1,3,PP,"[[3], [2]]",2,1,0.000801,20,0,0,0,0,0,0,True
379,5,2,"[3, 2]","[[2, 2, 3], [3, 3]]",1,3,1,5,PP,"[[3], [2]]",2,1,0.0008065,20,0,0,0,0,0,0,True
379,5,2,"[3, 2]","[[2, 2, 3], [3, 3]]",1,3,2,1,PP,"[[1, 1, 1], [1, 1]]",5,6,0.0008115,20,0,0,0,0,0,0,True
379,5,2,"[3, 2]","[[2, 2, 3], [3, 3]]",1,3,2,2,PP,"[[2, 1], [2]]",3,2,0.000816,20,0,0,0,0,0,0,True
379,5,2,"[3, 2]","[[2, 2, 3], [3, 3]]",1,3,2,3,PP,"[[3], [2]]",2,1,0.0008265,20,0,0,0,0,0,0,True
379,5,2,"[3, 2]","[[2, 2, 3], [3, 3]]",1,3,2,5,PP,"[[3], [2]]",2,1,0.0008015,20,0,0,0,0,0,0,True
379,5,2,"[3, 2]","[[2, 2, 3], [3, 3]]",1,3,3,1,PP,"[[1, 1, 1], [1, 1]]",5,6,0.000801,20,0,0,0,0,0,0,True
379,5,2,"[3, 2]","[[2, 2, 3], [3, 3]]",1,3,3,2,PP,"[[2, 1], [2]]",3,2,0.000801,20,0,0,0,0,8,8/5,True
379,5,2,"[3, 2]","[[2, 2, 3], [3, 3]]",1,3,3,3,PP,"[[3], [2]]",2,1,0.000781,20,0,0,0,0,12,12/5,True
379,5,2,"[3, 2]","[[2, 2, 3], [3, 3]]",1,3,3,5,PP,"[[3], [2]]",2,1,0.000811,20,0,0,0,0,16,16/5,True
380,5,2,"[3, 2]","[[2, 3, 3], [0, 0]]",1,3,0,1,PP,"[[1, 1, 1], [1, 1]]",5,6,0.000746,20,0,0,0,0,0,0,True
380,5,2,"[3, 2]","[[2, 3, 3], [0, 0]]",1,3,0,2,PP,"[[1, 2], [2]]",3,2,0.000741,20,0,0,0,0,0,0,True
380,5,2,"[3, 2]","[[2, 3, 3], [0, 0]]",1,3,0,3,PP,"[[1, 2], [2]]",3,2,0.000716,20,0,0,0,0,0,0,True
380,5,2,"[3, 2]","[[2, 3, 3], [0, 0]]",1,3,0,5,PP,"[[1, 2], [2]]",3,2,0.0007215,20,0,0,0,0,0,0,True
380,5,2,"[3, 2]","[[2, 3, 3], [0, 0]]",1,3,1,1,PP,"[[1, 1, 1], [1, 1]]",5,6,0.000721,20,0,0,0,0,0,0,True
380,5,2,"[3, 2]","[[2, 3, 3], [0, 0]]",1,3,1,2,PP,"[[2, 1], [2]]",3,2,0.000716,20,0,0,0,0,0,0,True
380,5,2,"[3, 2]","[[2, 3, 3], [0, 0]]",1,3,1,3,PP,"[[3], [2]]",2,1,0.000701,20,0,0,0,0,0,0,True
380,5,2,"[3, 2]","[[2, 3, 3], [0, 0]]",1,3,1,5,PP,"[[3], [2]]",2,1,0.000726,20,0,0,0,0,0,0,True
380,5,2,"[3, 2]","[[2, 3, 3], [0, 0]]",1,3,2,1,PP,"[[1, 1, 1], [1, 1]]",5,6,0.0007165,20,0,0,0,0,0,0,True
380,5,2,"[3, 2]","[[2, 3, 3], [0, 0]]",1,3,2,2,PP,"[[2, 1], [2]]",3,2,0.000731,20,0,0,0,0,0,0,True
380,5,2,"[3, 2]","[[2, 3, 3], [0, 0]]",1,3,2,3,PP,"[[3], [2]]",2,1,0.000726,20,0,0,0,0,0,0,True
380,5,2,"[3, 2]","[[2, 3, 3], [0, 0]]",1,3,2,5,PP,"[[3], [2]]",2,1,0.000731,20,0,0,0,0,0,0,True
380,5,2,"[3, 2]","[[2, 3, 3], [0, 0]]",1,3,3,1,PP,"[[1, 1, 1], [1, 1]]",5,6,0.000741,20,0,0,0,0,0,0,True
380,5,2,"[3, 2]","[[2, 3, 3], [0, 0]]",1,3,3,2,PP,"[[2, 1], [2]]",3,2,0.000766,20,0,0,0,0,8,8/5,True
380,5,2,"[3, 2]","[[2, 3, 3], [0, 0]]",1,3,3,3,PP,"[[3], [2]]",2,1,0.0007165,20,0,0,0,0,12,12/5,True
380,5,2,"[3, 2]","[[2, 3, 3], [0, 0]]",1,3,3,5,PP,"[[3], [2]]",2,1,0.000711,20,0,0,0,0,16,16/5,True
381,5,2,"[3, 2]","[[2, 3, 3], [0, 1]]",1,3,0,1,PP,"[[1, 1, 1], [1, 1]]",5,6,0.000726,20,0,0,0,0,0,0,True
381,5,2,"[3, 2]","[[2, 3, 3], [0, 1]]",1,3,0,2,PP,"[[1, 2], [1, 1]]",4,4,0.000721,20,0,0,0,0,0,0,True
381,5,2,"[3, 2]","[[2, 3, 3], [0, 1]]",1,3,0,3,PP,"[[1, 2], [1, 1]]",4,4,0.000731,20,0,0,0,0,0,0,True
381,5,2,"[3, 2]","[[2, 3, 3], [0, 1]]",1,3,0,5,PP,"[[1, 2], [1, 1]]",4,4,0.000721,20,0,0,0,0,0,0,True
381,5,2,"[3, 2]","[[2, 3, 3], [0, 1]]",1,3,1,1,PP,"[[1, 1, 1], [1, 1]]",5,6,0.000742,20,0,0,0,0,0,0,True
381,5,2,"[3, 2]","[[2, 3, 3], [0, 1]]",1,3,1,2,PP,"[[2, 1], [2]]",3,2,0.000731,20,0,0,0,0,0,0,True
381,5,2,"[3, 2]","[[2, 3, 3], [0, 1]]",1,3,1,3,PP,"[[3], [2]]",2,1,0.0007265,20,0,0,0,0,0,0,True
381,5,2,"[3, 2]","[[2, 3, 3], [0, 1]]",1,3,1,5,PP,"[[3], [2]]",2,1,0.000741,20,0,0,0,0,0,0,True
381,5,2,"[3, 2]","[[2, 3, 3], [0, 1]]",1,3,2,1,PP,"[[1, 1, 1], [1, 1]]",5,6,0.000726,20,0,0,0,0,0,0,True
381,5,2,"[3, 2]","[[2, 3, 3], [0, 1]]",1,3,2,2,PP,"[[2, 1], [2]]",3,2,0.000741,20,0,0,0,0,0,0,True
381,5,2,"[3, 2]","[[2, 3, 3], [0, 1]]",1,3,2,3,PP,"[[3], [2]]",2,1,0.000732,20,0,0,0,0,0,0,True
381,5,2,"[3, 2]","[[2, 3, 3], [0, 1]]",1,3,2,5,PP,"[[3], [2]]",2,1,0.0007515,20,0,0,0,0,0,0,True
381,5,2,"[3, 2]","[[2, 3, 3], [0, 1]]",1,3,3,1,PP,"[[1, 1, 1], [1, 1]]",5,6,0.000731,20,0,0,0,0,0,0,True
381,5,2,"[3, 2]","[[2, 3, 3], [0, 1]]",1,3,3,2,PP,"[[2, 1], [2]]",3,2,0.000751,20,0,0,0,0,8,8/5,True
381,5,2,"[3, 2]","[[2, 3, 3], [0, 1]]",1,3,3,3,PP,"[[3], [2]]",2,1,0.000731,20,0,0,0,0,12,12/5,True
381,5,2,"[3, 2]","[[2, 3, 3], [0, 1]]",1,3,3,5,PP,"[[3], [2]]",2,1,0.0006915,20,0,0,0,0,16,16/5,True
382,5,2,"[3, 2]","[[2, 3, 3], [0, 2]]",1,3,0,1,PP,"[[1, 1, 1], [1, 1]]",5,6,0.000731,20,0,0,0,0,0,0,True
382,5,2,"[3, 2]","[[2, 3, 3], [0, 2]]",1,3,0,2,PP,"[[1, 2], [1, 1]]",4,4,0.000716,20,0,0,0,0,0,0,True
382,5,2,"[3, 2]","[[2, 3, 3], [0, 2]]",1,3,0,3,PP,"[[1, 2], [1, 1]]",4,4,0.0007115,20,0,0,0,0,0,0,True
382,5,2,"[3, 2]","[[2, 3, 3], [0, 2]]",1,3,0,5,PP,"[[1, 2], [1, 1]]",4,4,0.000701,20,0,0,0,0,0,0,True
382,5,2,"[3, 2]","[[2, 3, 3], [0, 2]]",1,3,1,1,PP,"[[1, 1, 1], [1, 1]]",5,6,0.000736,20,0,0,0,0,0,0,True
382,5,2,"[3, 2]","[[2, 3, 3], [0, 2]]",1,3,1,2,PP,"[[2, 1], [1, 1]]",4,4,0.000726,20,0,0,0,0,0,0,True
382,5,2,"[3, 2]","[[2, 3, 3], [0, 2]]",1,3,1,3,PP,"[[3], [1, 1]]",3,2,0.000706,20,0,0,0,0,0,0,True
382,5,2,"[3, 2]","[[2, 3, 3], [0, 2]]",1,3,1,5,PP,"[[3], [1, 1]]",3,2,0.000741,20,0,0,0,0,0,0,True
382,5,2,"[3, 2]","[[2, 3, 3], [0, 2]]",1,3,2,1,PP,"[[1, 1, 1], [1, 1]]",5,6,0.000731,20,0,0,0,0,0,0,True
382,5,2,"[3, 2]","[[2, 3, 3], [0, 2]]",1,3,2,2,PP,"[[2, 1], [2]]",3,2,0.000741,20,0,0,0,0,0,0,True
382,5,2,"[3, 2]","[[2, 3, 3], [0, 2]]",1,3,2,3,PP,"[[3], [2]]",2,1,0.0007215,20,0,0,0,0,0,0,True
382,5,2,"[3, 2]","[[2, 3, 3], [0, 2]]",1,3,2,5,PP,"[[3], [2]]",2,1,0.0007165,20,0,0,0,0,0,0,True
382,5,2,"[3, 2]","[[2, 3, 3], [0, 2]]",1,3,3,1,PP,"[[1, 1, 1], [1, 1]]",5,6,0.000766,20,0,0,0,0,0,0,True
382,5,2,"[3, 2]","[[2, 3, 3], [0, 2]]",1,3,3,2,PP,"[[2, 1], [2]]",3,2,0.000771,20,0,0,0,0,8,8/5,True
382,5,2,"[3, 2]","[[2, 3, 3], [0, 2]]",1,3,3,3,PP,"[[3], [2]]",2,1,0.0007465,20,0,0,0,0,12,12/5,True
382,5,2,"[3, 2]","[[2, 3, 3], [0, 2]]",1,3,3,5,PP,"[[3], [2]]",2,1,0.000741,20,0,0,0,0,16,16/5,True
383,5,2,"[3, 2]","[[2, 3, 3], [0, 3]]",1,3,0,1,PP,"[[1, 1, 1], [1, 1]]",5,6,0.000746,20,0,0,0,0,0,0,True
383,5,2,"[3, 2]","[[2, 3, 3], [0, 3]]",1,3,0,2,PP,"[[1, 2], [1, 1]]",4,4,0.000721,20,0,0,0,0,0,0,True
383,5,2,"[3, 2]","[[2, 3, 3], [0, 3]]",1,3,0,3,PP,"[[1, 2], [1, 1]]",4,4,0.0007165,20,0,0,0,0,0,0,True
383,5,2,"[3, 2]","[[2, 3, 3], [0, 3]]",1,3,0,5,PP,"[[1, 2], [1, 1]]",4,4,0.000716,20,0,0,0,0,0,0,True
383,5,2,"[3, 2]","[[2, 3, 3], [0, 3]]",1,3,1,1,PP,"[[1, 1, 1], [1, 1]]",5,6,0.000751,20,0,0,0,0,0,0,True
383,5,2,"[3, 2]","[[2, 3, 3], [0, 3]]",1,3,1,2,PP,"[[2, 1], [1, 1]]",4,4,0.0007365,20,0,0,0,0,0,0,True
383,5,2,"[3, 2]","[[2, 3, 3], [0, 3]]",1,3,1,3,PP,"[[3], [1, 1]]",3,2,0.000721,20,0,0,0,0,0,0,True
383,5,2,"[3, 2]","[[2, 3, 3], [0, 3]]",1,3,1,5,PP,"[[3], [1, 1]]",3,2,0.000731,20,0,0,0,0,0,0,True
383,5,2,"[3, 2]","[[2, 3, 3], [0, 3]]",1,3,2,1,PP,"[[1, 1, 1], [1, 1]]",5,6,0.000751,20,0,0,0,0,0,0,True
383,5,2,"[3, 2]","[[2, 3, 3], [0, 3]]",1,3,2,2,PP,"[[2, 1], [1, 1]]",4,4,0.000736,20,0,0,0,0,0,0,True
383,5,2,"[3, 2]","[[2, 3, 3], [0, 3]]",1,3,2,3,PP,"[[3], [1, 1]]",3,2,0.000731,20,0,0,0,0,0,0,True
383,5,2,"[3, 2]","[[2, 3, 3], [0, 3]]",1,3,2,5,PP,"[[3], [1, 1]]",3,2,0.000741,20,0,0,0,0,0,0,True
383,5,2,"[3, 2]","[[2, 3, 3], [0, 3]]",1,3,3,1,PP,"[[1, 1, 1], [1, 1]]",5,6,0.000736,20,0,0,0,0,0,0,True
383,5,2,"[3, 2]","[[2, 3, 3], [0, 3]]",1,3,3,2,PP,"[[2, 1], [2]]",3,2,0.0010015,20,4,4/5,4,4/5,8,8/5,True
383,5,2,"[3, 2]","[[2, 3, 3], [0, 3]]",1,3,3,3,PP,"[[3], [2]]",2,1,0.000731,20,4,4/5,4,4/5,12,12/5,True
383,5,2,"[3, 2]","[[2, 3, 3], [0, 3]]",1,3,3,5,PP,"[[3], [2]]",2,1,0.000781,20,4,4/5,4,4/5,16,16/5,True
384,5,2,"[3, 2]","[[2, 3, 3], [1, 1]]",1,3,0,1,PP,"[[1, 1, 1], [1, 1]]",5,6,0.000811,20,0,0,0,0,0,0,True
384,5,2,"[3, 2]","[[2, 3, 3], [1, 1]]",1,3,0,2,PP,"[[1, 2], [2]]",3,2,0.0007765,20,0,0,0,0,0,0,True
384,5,2,"[3, 2]","[[2, 3, 3], [1, 1]]",1,3,0,3,PP,"[[1, 2], [2]]",3,2,0.000816,20,0,0,0,0,0,0,True
384,5,2,"[3, 2]","[[2, 3, 3], [1, 1]]",1,3,0,5,PP,"[[1, 2], [2]]",3,2,0.0007865,20,0,0,0,0,0,0,True
384,5,2,"[3, 2]","[[2, 3, 3], [1, 1]]",1,3,1,1,PP,"[[1, 1, 1], [1, 1]]",5,6,0.000811,20,0,0,0,0,0,0,True
384,5,2,"[3, 2]","[[2, 3, 3], [1, 1]]",1,3,1,2,PP,"[[2, 1], [2]]",3,2,0.000796,20,0,0,0,0,0,0,True
384,5,2,"[3, 2]","[[2, 3, 3], [1, 1]]",1,3,1,3,PP,"[[3], [2]]",2,1,0.000796,20,0,0,0,0,0,0,True
384,5,2,"[3, 2]","[[2, 3, 3], [1, 1]]",1,3,1,5,PP,"[[3], [2]]",2,1,0.000811,20,0,0,0,0,0,0,True
384,5,2,"[3, 2]","[[2, 3, 3], [1, 1]]",1,3,2,1,PP,"[[1, 1, 1], [1, 1]]",5,6,0.000811,20,0,0,0,0,0,0,True
384,5,2,"[3, 2]","[[2, 3, 3], [1, 1]]",1,3,2,2,PP,"[[2, 1], [2]]",3,2,0.0007915,20,0,0,0,0,0,0,True
384,5,2,"[3, 2]","[[2, 3, 3], [1, 1]]",1,3,2,3,PP,"[[3], [2]]",2,1,0.0008265,20,0,0,0,0,0,0,True
384,5,2,"[3, 2]","[[2, 3, 3], [1, 1]]",1,3,2,5,PP,"[[3], [2]]",2,1,0.000796,20,0,0,0,0,0,0,True
384,5,2,"[3, 2]","[[2, 3, 3], [1, 1]]",1,3,3,1,PP,"[[1, 1, 1], [1, 1]]",5,6,0.000816,20,0,0,0,0,0,0,True
384,5,2,"[3, 2]","[[2, 3, 3], [1, 1]]",1,3,3,2,PP,"[[2, 1], [2]]",3,2,0.0007965,20,0,0,0,0,8,8/5,True
384,5,2,"[3, 2]","[[2, 3, 3], [1, 1]]",1,3,3,3,PP,"[[3], [2]]",2,1,0.000801,20,0,0,0,0,12,12/5,True
384,5,2,"[3, 2]","[[2, 3, 3], [1, 1]]",1,3,3,5,PP,"[[3], [2]]",2,1,0.000806,20,0,0,0,0,16,16/5,True
385,5,2,"[3, 2]","[[2, 3, 3], [1, 2]]",1,3,0,1,PP,"[[1, 1, 1], [1, 1]]",5,6,0.000811,20,0,0,0,0,0,0,True
385,5,2,"[3, 2]","[[2, 3, 3], [1, 2]]",1,3,0,2,PP,"[[1, 2], [1, 1]]",4,4,0.000791,20,0,0,0,0,0,0,True
385,5,2,"[3, 2]","[[2, 3, 3], [1, 2]]",1,3,0,3,PP,"[[1, 2], [1, 1]]",4,4,0.0007765,20,0,0,0,0,0,0,True
385,5,2,"[3, 2]","[[2, 3, 3], [1, 2]]",1,3,0,5,PP,"[[1, 2], [1, 1]]",4,4,0.000811,20,0,0,0,0,0,0,True
385,5,2,"[3, 2]","[[2, 3, 3], [1, 2]]",1,3,1,1,PP,"[[1, 1, 1], [1, 1]]",5,6,0.0008065,20,0,0,0,0,0,0,True
385,5,2,"[3, 2]","[[2, 3, 3], [1, 2]]",1,3,1,2,PP,"[[2, 1], [2]]",3,2,0.000811,20,0,0,0,0,0,0,True
385,5,2,"[3, 2]","[[2, 3, 3], [1, 2]]",1,3,1,3,PP,"[[3], [2]]",2,1,0.000791,20,0,0,0,0,0,0,True
385,5,2,"[3, 2]","[[2, 3, 3], [1, 2]]",1,3,1,5,PP,"[[3], [2]]",2,1,0.000811,20,0,0,0,0,0,0,True
385,5,2,"[3, 2]","[[2, 3, 3], [1, 2]]",1,3,2,1,PP,"[[1, 1, 1], [1, 1]]",5,6,0.000821,20,0,0,0,0,0,0,True
385,5,2,"[3, 2]","[[2, 3, 3], [1, 2]]",1,3,2,2,PP,"[[2, 1], [2]]",3,2,0.000806,20,0,0,0,0,0,0,True
385,5,2,"[3, 2]","[[2, 3, 3], [1, 2]]",1,3,2,3,PP,"[[3], [2]]",2,1,0.000771,20,0,0,0,0,0,0,True
385,5,2,"[3, 2]","[[2, 3, 3], [1, 2]]",1,3,2,5,PP,"[[3], [2]]",2,1,0.000781,20,0,0,0,0,0,0,True
385,5,2,"[3, 2]","[[2, 3, 3], [1, 2]]",1,3,3,1,PP,"[[1, 1, 1], [1, 1]]",5,6,0.0008215,20,0,0,0,0,0,0,True
385,5,2,"[3, 2]","[[2, 3, 3], [1, 2]]",1,3,3,2,PP,"[[2, 1], [2]]",3,2,0.000796,20,0,0,0,0,8,8/5,True
385,5,2,"[3, 2]","[[2, 3, 3], [1, 2]]",1,3,3,3,PP,"[[3], [2]]",2,1,0.0007815,20,0,0,0,0,12,12/5,True
385,5,2,"[3, 2]","[[2, 3, 3], [1, 2]]",1,3,3,5,PP,"[[3], [2]]",2,1,0.000796,20,0,0,0,0,16,16/5,True
386,5,2,"[3, 2]","[[2, 3, 3], [1, 3]]",1,3,0,1,PP,"[[1, 1, 1], [1, 1]]",5,6,0.000811,20,0,0,0,0,0,0,True
386,5,2,"[3, 2]","[[2, 3, 3], [1, 3]]",1,3,0,2,PP,"[[1, 2], [1, 1]]",4,4,0.000792,20,0,0,0,0,0,0,True
386,5,2,"[3, 2]","[[2, 3, 3], [1, 3]]",1,3,0,3,PP,"[[1, 2], [1, 1]]",4,4,0.000771,20,0,0,0,0,0,0,True
386,5,2,"[3, 2]","[[2, 3, 3], [1, 3]]",1,3,0,5,PP,"[[1, 2], [1, 1]]",4,4,0.000801,20,0,0,0,0,0,0,True
386,5,2,"[3, 2]","[[2, 3, 3], [1, 3]]",1,3,1,1,PP,"[[1, 1, 1], [1, 1]]",5,6,0.000781,20,0,0,0,0,0,0,True
386,5,2,"[3, 2]","[[2, 3, 3], [1, 3]]",1,3,1,2,PP,"[[2, 1], [1, 1]]",4,4,0.0007665,20,0,0,0,0,0,0,True
386,5,2,"[3, 2]","[[2, 3, 3], [1, 3]]",1,3,1,3,PP,"[[3], [1, 1]]",3,2,0.000801,20,0,0,0,0,0,0,True
386,5,2,"[3, 2]","[[2, 3, 3], [1, 3]]",1,3,1,5,PP,"[[3], [1, 1]]",3,2,0.000801,20,0,0,0,0,0,0,True
386,5,2,"[3, 2]","[[2, 3, 3], [1, 3]]",1,3,2,1,PP,"[[1, 1, 1], [1, 1]]",5,6,0.0007365,20,0,0,0,0,0,0,True
386,5,2,"[3, 2]","[[2, 3, 3], [1, 3]]",1,3,2,2,PP,"[[2, 1], [2]]",3,2,0.000721,20,0,0,0,0,0,0,True
386,5,2,"[3, 2]","[[2, 3, 3], [1, 3]]",1,3,2,3,PP,"[[3], [2]]",2,1,0.000721,20,0,0,0,0,0,0,True
386,5,2,"[3, 2]","[[2, 3, 3], [1, 3]]",1,3,2,5,PP,"[[3], [2]]",2,1,0.000711,20,0,0,0,0,0,0,True
386,5,2,"[3, 2]","[[2, 3, 3], [1, 3]]",1,3,3,1,PP,"[[1, 1, 1], [1, 1]]",5,6,0.000711,20,0,0,0,0,0,0,True
386,5,2,"[3, 2]","[[2, 3, 3], [1, 3]]",1,3,3,2,PP,"[[2, 1], [2]]",3,2,0.000736,20,0,0,0,0,8,8/5,True
386,5,2,"[3, 2]","[[2, 3, 3], [1, 3]]",1,3,3,3,PP,"[[3], [2]]",2,1,0.000701,20,0,0,0,0,12,12/5,True
386,5,2,"[3, 2]","[[2, 3, 3], [1, 3]]",1,3,3,5,PP,"[[3], [2]]",2,1,0.0007165,20,0,0,0,0,16,16/5,True
387,5,2,"[3, 2]","[[2, 3, 3], [2, 2]]",1,3,0,1,PP,"[[1, 1, 1], [1, 1]]",5,6,0.000736,20,0,0,0,0,0,0,True
387,5,2,"[3, 2]","[[2, 3, 3], [2, 2]]",1,3,0,2,PP,"[[1, 2], [2]]",3,2,0.0007315,20,0,0,0,0,0,0,True
387,5,2,"[3, 2]","[[2, 3, 3], [2, 2]]",1,3,0,3,PP,"[[1, 2], [2]]",3,2,0.000721,20,0,0,0,0,0,0,True
387,5,2,"[3, 2]","[[2, 3, 3], [2, 2]]",1,3,0,5,PP,"[[1, 2], [2]]",3,2,0.000731,20,0,0,0,0,0,0,True
387,5,2,"[3, 2]","[[2, 3, 3], [2, 2]]",1,3,1,1,PP,"[[1, 1, 1], [1, 1]]",5,6,0.000726,20,0,0,0,0,0,0,True
387,5,2,"[3, 2]","[[2, 3, 3], [2, 2]]",1,3,1,2,PP,"[[2, 1], [2]]",3,2,0.000721,20,0,0,0,0,0,0,True
387,5,2,"[3, 2]","[[2, 3, 3], [2, 2]]",1,3,1,3,PP,"[[3], [2]]",2,1,0.0007165,20,0,0,0,0,0,0,True
387,5,2,"[3, 2]","[[2, 3, 3], [2, 2]]",1,3,1,5,PP,"[[3], [2]]",2,1,0.0007165,20,0,0,0,0,0,0,True
387,5,2,"[3, 2]","[[2, 3, 3], [2, 2]]",1,3,2,1,PP,"[[1, 1, 1], [1, 1]]",5,6,0.000721,20,0,0,0,0,0,0,True
387,5,2,"[3, 2]","[[2, 3, 3], [2, 2]]",1,3,2,2,PP,"[[2, 1], [2]]",3,2,0.000711,20,0,0,0,0,0,0,True
387,5,2,"[3, 2]","[[2, 3, 3], [2, 2]]",1,3,2,3,PP,"[[3], [2]]",2,1,0.000701,20,0,0,0,0,0,0,True
387,5,2,"[3, 2]","[[2, 3, 3], [2, 2]]",1,3,2,5,PP,"[[3], [2]]",2,1,0.000721,20,0,0,0,0,0,0,True
387,5,2,"[3, 2]","[[2, 3, 3], [2, 2]]",1,3,3,1,PP,"[[1, 1, 1], [1, 1]]",5,6,0.000736,20,0,0,0,0,0,0,True
387,5,2,"[3, 2]","[[2, 3, 3], [2, 2]]",1,3,3,2,PP,"[[2, 1], [2]]",3,2,0.000741,20,0,0,0,0,8,8/5,True
387,5,2,"[3, 2]","[[2, 3, 3], [2, 2]]",1,3,3,3,PP,"[[3], [2]]",2,1,0.0007115,20,0,0,0,0,12,12/5,True
387,5,2,"[3, 2]","[[2, 3, 3], [2, 2]]",1,3,3,5,PP,"[[3], [2]]",2,1,0.000711,20,0,0,0,0,16,16/5,True
388,5,2,"[3, 2]","[[2, 3, 3], [2, 3]]",1,3,0,1,PP,"[[1, 1, 1], [1, 1]]",5,6,0.000716,20,0,0,0,0,0,0,True
388,5,2,"[3, 2]","[[2, 3, 3], [2, 3]]",1,3,0,2,PP,"[[1, 2], [1, 1]]",4,4,0.000711,20,0,0,0,0,0,0,True
388,5,2,"[3, 2]","[[2, 3, 3], [2, 3]]",1,3,0,3,PP,"[[1, 2], [1, 1]]",4,4,0.000711,20,0,0,0,0,0,0,True
388,5,2,"[3, 2]","[[2, 3, 3], [2, 3]]",1,3,0,5,PP,"[[1, 2], [1, 1]]",4,4,0.000711,20,0,0,0,0,0,0,True
388,5,2,"[3, 2]","[[2, 3, 3], [2, 3]]",1,3,1,1,PP,"[[1, 1, 1], [1, 1]]",5,6,0.000746,20,0,0,0,0,0,0,True
388,5,2,"[3, 2]","[[2, 3, 3], [2, 3]]",1,3,1,2,PP,"[[2, 1], [2]]",3,2,0.000741,20,0,0,0,0,0,0,True
388,5,2,"[3, 2]","[[2, 3, 3], [2, 3]]",1,3,1,3,PP,"[[3], [2]]",2,1,0.000736,20,0,0,0,0,0,0,True
388,5,2,"[3, 2]","[[2, 3, 3], [2, 3]]",1,3,1,5,PP,"[[3], [2]]",2,1,0.000721,20,0,0,0,0,0,0,True
388,5,2,"[3, 2]","[[2, 3, 3], [2, 3]]",1,3,2,1,PP,"[[1, 1, 1], [1, 1]]",5,6,0.000741,20,0,0,0,0,0,0,True
388,5,2,"[3, 2]","[[2, 3, 3], [2, 3]]",1,3,2,2,PP,"[[2, 1], [2]]",3,2,0.000716,20,0,0,0,0,0,0,True
388,5,2,"[3, 2]","[[2, 3, 3], [2, 3]]",1,3,2,3,PP,"[[3], [2]]",2,1,0.000702,20,0,0,0,0,0,0,True
388,5,2,"[3, 2]","[[2, 3, 3], [2, 3]]",1,3,2,5,PP,"[[3], [2]]",2,1,0.000726,20,0,0,0,0,0,0,True
388,5,2,"[3, 2]","[[2, 3, 3], [2, 3]]",1,3,3,1,PP,"[[1, 1, 1], [1, 1]]",5,6,0.000731,20,0,0,0,0,0,0,True
388,5,2,"[3, 2]","[[2, 3, 3], [2, 3]]",1,3,3,2,PP,"[[2, 1], [2]]",3,2,0.000721,20,0,0,0,0,8,8/5,True
388,5,2,"[3, 2]","[[2, 3, 3], [2, 3]]",1,3,3,3,PP,"[[3], [2]]",2,1,0.0007265,20,0,0,0,0,12,12/5,True
388,5,2,"[3, 2]","[[2, 3, 3], [2, 3]]",1,3,3,5,PP,"[[3], [2]]",2,1,0.000711,20,0,0,0,0,16,16/5,True
389,5,2,"[3, 2]","[[2, 3, 3], [3, 3]]",1,3,0,1,PP,"[[1, 1, 1], [1, 1]]",5,6,0.000731,20,0,0,0,0,0,0,True
389,5,2,"[3, 2]","[[2, 3, 3], [3, 3]]",1,3,0,2,PP,"[[1, 2], [2]]",3,2,0.000721,20,0,0,0,0,0,0,True
389,5,2,"[3, 2]","[[2, 3, 3], [3, 3]]",1,3,0,3,PP,"[[1, 2], [2]]",3,2,0.0007165,20,0,0,0,0,0,0,True
389,5,2,"[3, 2]","[[2, 3, 3], [3, 3]]",1,3,0,5,PP,"[[1, 2], [2]]",3,2,0.000716,20,0,0,0,0,0,0,True
389,5,2,"[3, 2]","[[2, 3, 3], [3, 3]]",1,3,1,1,PP,"[[1, 1, 1], [1, 1]]",5,6,0.000721,20,0,0,0,0,0,0,True
389,5,2,"[3, 2]","[[2, 3, 3], [3, 3]]",1,3,1,2,PP,"[[2, 1], [2]]",3,2,0.000721,20,0,0,0,0,0,0,True
389,5,2,"[3, 2]","[[2, 3, 3], [3, 3]]",1,3,1,3,PP,"[[3], [2]]",2,1,0.000711,20,0,0,0,0,0,0,True
389,5,2,"[3, 2]","[[2, 3, 3], [3, 3]]",1,3,1,5,PP,"[[3], [2]]",2,1,0.000711,20,0,0,0,0,0,0,True
389,5,2,"[3, 2]","[[2, 3, 3], [3, 3]]",1,3,2,1,PP,"[[1, 1, 1], [1, 1]]",5,6,0.000731,20,0,0,0,0,0,0,True
389,5,2,"[3, 2]","[[2, 3, 3], [3, 3]]",1,3,2,2,PP,"[[2, 1], [2]]",3,2,0.0007515,20,0,0,0,0,0,0,True
389,5,2,"[3, 2]","[[2, 3, 3], [3, 3]]",1,3,2,3,PP,"[[3], [2]]",2,1,0.0007265,20,0,0,0,0,0,0,True
389,5,2,"[3, 2]","[[2, 3, 3], [3, 3]]",1,3,2,5,PP,"[[3], [2]]",2,1,0.000741,20,0,0,0,0,0,0,True
389,5,2,"[3, 2]","[[2, 3, 3], [3, 3]]",1,3,3,1,PP,"[[1, 1, 1], [1, 1]]",5,6,0.000746,20,0,0,0,0,0,0,True
389,5,2,"[3, 2]","[[2, 3, 3], [3, 3]]",1,3,3,2,PP,"[[2, 1], [2]]",3,2,0.000726,20,0,0,0,0,8,8/5,True
389,5,2,"[3, 2]","[[2, 3, 3], [3, 3]]",1,3,3,3,PP,"[[3], [2]]",2,1,0.0007215,20,0,0,0,0,12,12/5,True
389,5,2,"[3, 2]","[[2, 3, 3], [3, 3]]",1,3,3,5,PP,"[[3], [2]]",2,1,0.000746,20,0,0,0,0,16,16/5,True
390,5,2,"[3, 2]","[[3, 3, 3], [0, 0]]",1,3,0,1,PP,"[[1, 1, 1], [1, 1]]",5,6,0.0007615,20,0,0,0,0,0,0,True
390,5,2,"[3, 2]","[[3, 3, 3], [0, 0]]",1,3,0,2,PP,"[[2, 1], [2]]",3,2,0.000751,20,0,0,0,0,0,0,True
390,5,2,"[3, 2]","[[3, 3, 3], [0, 0]]",1,3,0,3,PP,"[[3], [2]]",2,1,0.000741,20,0,0,0,0,0,0,True
390,5,2,"[3, 2]","[[3, 3, 3], [0, 0]]",1,3,0,5,PP,"[[3], [2]]",2,1,0.000751,20,0,0,0,0,0,0,True
390,5,2,"[3, 2]","[[3, 3, 3], [0, 0]]",1,3,1,1,PP,"[[1, 1, 1], [1, 1]]",5,6,0.000736,20,0,0,0,0,0,0,True
390,5,2,"[3, 2]","[[3, 3, 3], [0, 0]]",1,3,1,2,PP,"[[2, 1], [2]]",3,2,0.0007365,20,0,0,0,0,0,0,True
390,5,2,"[3, 2]","[[3, 3, 3], [0, 0]]",1,3,1,3,PP,"[[3], [2]]",2,1,0.000721,20,0,0,0,0,0,0,True
390,5,2,"[3, 2]","[[3, 3, 3], [0, 0]]",1,3,1,5,PP,"[[3], [2]]",2,1,0.000721,20,0,0,0,0,0,0,True
390,5,2,"[3, 2]","[[3, 3, 3], [0, 0]]",1,3,2,1,PP,"[[1, 1, 1], [1, 1]]",5,6,0.000726,20,0,0,0,0,0,0,True
390,5,2,"[3, 2]","[[3, 3, 3], [0, 0]]",1,3,2,2,PP,"[[2, 1], [2]]",3,2,0.000732,20,0,0,0,0,0,0,True
390,5,2,"[3, 2]","[[3, 3, 3], [0, 0]]",1,3,2,3,PP,"[[3], [2]]",2,1,0.000721,20,0,0,0,0,0,0,True
390,5,2,"[3, 2]","[[3, 3, 3], [0, 0]]",1,3,2,5,PP,"[[3], [2]]",2,1,0.000716,20,0,0,0,0,0,0,True
390,5,2,"[3, 2]","[[3, 3, 3], [0, 0]]",1,3,3,1,PP,"[[1, 1, 1], [1, 1]]",5,6,0.000731,20,0,0,0,0,0,0,True
390,5,2,"[3, 2]","[[3, 3, 3], [0, 0]]",1,3,3,2,PP,"[[2, 1], [2]]",3,2,0.000731,20,0,0,0,0,8,8/5,True
390,5,2,"[3, 2]","[[3, 3, 3], [0, 0]]",1,3,3,3,PP,"[[3], [2]]",2,1,0.000711,20,0,0,0,0,12,12/5,True
390,5,2,"[3, 2]","[[3, 3, 3], [0, 0]]",1,3,3,5,PP,"[[3], [2]]",2,1,0.000701,20,0,0,0,0,16,16/5,True
391,5,2,"[3, 2]","[[3, 3, 3], [0, 1]]",1,3,0,1,PP,"[[1, 1, 1], [1, 1]]",5,6,0.000741,20,0,0,0,0,0,0,True
391,5,2,"[3, 2]","[[3, 3, 3], [0, 1]]",1,3,0,2,PP,"[[2, 1], [1, 1]]",4,4,0.000726,20,0,0,0,0,0,0,True
391,5,2,"[3, 2]","[[3, 3, 3], [0, 1]]",1,3,0,3,PP,"[[3], [1, 1]]",3,2,0.000711,20,0,0,0,0,0,0,True
391,5,2,"[3, 2]","[[3, 3, 3], [0, 1]]",1,3,0,5,PP,"[[3], [1, 1]]",3,2,0.000716,20,0,0,0,0,0,0,True
391,5,2,"[3, 2]","[[3, 3, 3], [0, 1]]",1,3,1,1,PP,"[[1, 1, 1], [1, 1]]",5,6,0.000721,20,0,0,0,0,0,0,True
391,5,2,"[3, 2]","[[3, 3, 3], [0, 1]]",1,3,1,2,PP,"[[2, 1], [2]]",3,2,0.000721,20,0,0,0,0,0,0,True
391,5,2,"[3, 2]","[[3, 3, 3], [0, 1]]",1,3,1,3,PP,"[[3], [2]]",2,1,0.000701,20,0,0,0,0,0,0,True
391,5,2,"[3, 2]","[[3, 3, 3], [0, 1]]",1,3,1,5,PP,"[[3], [2]]",2,1,0.000726,20,0,0,0,0,0,0,True
391,5,2,"[3, 2]","[[3, 3, 3], [0, 1]]",1,3,2,1,PP,"[[1, 1, 1], [1, 1]]",5,6,0.000741,20,0,0,0,0,0,0,True
391,5,2,"[3, 2]","[[3, 3, 3], [0, 1]]",1,3,2,2,PP,"[[2, 1], [2]]",3,2,0.000731,20,0,0,0,0,0,0,True
391,5,2,"[3, 2]","[[3, 3, 3], [0, 1]]",1,3,2,3,PP,"[[3], [2]]",2,1,0.000711,20,0,0,0,0,0,0,True
391,5,2,"[3, 2]","[[3, 3, 3], [0, 1]]",1,3,2,5,PP,"[[3], [2]]",2,1,0.000701,20,0,0,0,0,0,0,True
391,5,2,"[3, 2]","[[3, 3, 3], [0, 1]]",1,3,3,1,PP,"[[1, 1, 1], [1, 1]]",5,6,0.000741,20,0,0,0,0,0,0,True
391,5,2,"[3, 2]","[[3, 3, 3], [0, 1]]",1,3,3,2,PP,"[[2, 1], [2]]",3,2,0.000761,20,0,0,0,0,8,8/5,True
391,5,2,"[3, 2]","[[3, 3, 3], [0, 1]]",1,3,3,3,PP,"[[3], [2]]",2,1,0.0007215,20,0,0,0,0,12,12/5,True
391,5,2,"[3, 2]","[[3, 3, 3], [0, 1]]",1,3,3,5,PP,"[[3], [2]]",2,1,0.0007315,20,0,0,0,0,16,16/5,True
392,5,2,"[3, 2]","[[3, 3, 3], [0, 2]]",1,3,0,1,PP,"[[1, 1, 1], [1, 1]]",5,6,0.000746,20,0,0,0,0,0,0,True
392,5,2,"[3, 2]","[[3, 3, 3], [0, 2]]",1,3,0,2,PP,"[[2, 1], [1, 1]]",4,4,0.000731,20,0,0,0,0,0,0,True
392,5,2,"[3, 2]","[[3, 3, 3], [0, 2]]",1,3,0,3,PP,"[[3], [1, 1]]",3,2,0.000711,20,0,0,0,0,0,0,True
392,5,2,"[3, 2]","[[3, 3, 3], [0, 2]]",1,3,0,5,PP,"[[3], [1, 1]]",3,2,0.000776,20,0,0,0,0,0,0,True
392,5,2,"[3, 2]","[[3, 3, 3], [0, 2]]",1,3,1,1,PP,"[[1, 1, 1], [1, 1]]",5,6,0.000736,20,0,0,0,0,0,0,True
392,5,2,"[3, 2]","[[3, 3, 3], [0, 2]]",1,3,1,2,PP,"[[2, 1], [1, 1]]",4,4,0.000711,20,0,0,0,0,0,0,True
392,5,2,"[3, 2]","[[3, 3, 3], [0, 2]]",1,3,1,3,PP,"[[3], [1, 1]]",3,2,0.000736,20,0,0,0,0,0,0,True
392,5,2,"[3, 2]","[[3, 3, 3], [0, 2]]",1,3,1,5,PP,"[[3], [1, 1]]",3,2,0.0007115,20,0,0,0,0,0,0,True
392,5,2,"[3, 2]","[[3, 3, 3], [0, 2]]",1,3,2,1,PP,"[[1, 1, 1], [1, 1]]",5,6,0.0007115,20,0,0,0,0,0,0,True
392,5,2,"[3, 2]","[[3, 3, 3], [0, 2]]",1,3,2,2,PP,"[[2, 1], [2]]",3,2,0.000721,20,0,0,0,0,0,0,True
392,5,2,"[3, 2]","[[3, 3, 3], [0, 2]]",1,3,2,3,PP,"[[3], [2]]",2,1,0.000721,20,0,0,0,0,0,0,True
392,5,2,"[3, 2]","[[3, 3, 3], [0, 2]]",1,3,2,5,PP,"[[3], [2]]",2,1,0.000721,20,0,0,0,0,0,0,True
392,5,2,"[3, 2]","[[3, 3, 3], [0, 2]]",1,3,3,1,PP,"[[1, 1, 1], [1, 1]]",5,6,0.000721,20,0,0,0,0,0,0,True
392,5,2,"[3, 2]","[[3, 3, 3], [0, 2]]",1,3,3,2,PP,"[[2, 1], [2]]",3,2,0.0007265,20,0,0,0,0,8,8/5,True
392,5,2,"[3, 2]","[[3, 3, 3], [0, 2]]",1,3,3,3,PP,"[[3], [2]]",2,1,0.000731,20,0,0,0,0,12,12/5,True
392,5,2,"[3, 2]","[[3, 3, 3], [0, 2]]",1,3,3,5,PP,"[[3], [2]]",2,1,0.000736,20,0,0,0,0,16,16/5,True
393,5,2,"[3, 2]","[[3, 3, 3], [0, 3]]",1,3,0,1,PP,"[[1, 1, 1], [1, 1]]",5,6,0.000741,20,0,0,0,0,0,0,True
393,5,2,"[3, 2]","[[3, 3, 3], [0, 3]]",1,3,0,2,PP,"[[2, 1], [1, 1]]",4,4,0.000726,20,0,0,0,0,0,0,True
393,5,2,"[3, 2]","[[3, 3, 3], [0, 3]]",1,3,0,3,PP,"[[3], [1, 1]]",3,2,0.000721,20,0,0,0,0,0,0,True
393,5,2,"[3, 2]","[[3, 3, 3], [0, 3]]",1,3,0,5,PP,"[[3], [1, 1]]",3,2,0.000721,20,0,0,0,0,0,0,True
393,5,2,"[3, 2]","[[3, 3, 3], [0, 3]]",1,3,1,1,PP,"[[1, 1, 1], [1, 1]]",5,6,0.000741,20,0,0,0,0,0,0,True
393,5,2,"[3, 2]","[[3, 3, 3], [0, 3]]",1,3,1,2,PP,"[[2, 1], [1, 1]]",4,4,0.0007215,20,0,0,0,0,0,0,True
393,5,2,"[3, 2]","[[3, 3, 3], [0, 3]]",1,3,1,3,PP,"[[3], [1, 1]]",3,2,0.000731,20,0,0,0,0,0,0,True
393,5,2,"[3, 2]","[[3, 3, 3], [0, 3]]",1,3,1,5,PP,"[[3], [1, 1]]",3,2,0.000731,20,0,0,0,0,0,0,True
393,5,2,"[3, 2]","[[3, 3, 3], [0, 3]]",1,3,2,1,PP,"[[1, 1, 1], [1, 1]]",5,6,0.000736,20,0,0,0,0,0,0,True
393,5,2,"[3, 2]","[[3, 3, 3], [0, 3]]",1,3,2,2,PP,"[[2, 1], [1, 1]]",4,4,0.000731,20,0,0,0,0,0,0,True
393,5,2,"[3, 2]","[[3, 3, 3], [0, 3]]",1,3,2,3,PP,"[[3], [1, 1]]",3,2,0.0007115,20,0,0,0,0,0,0,True
393,5,2,"[3, 2]","[[3, 3, 3], [0, 3]]",1,3,2,5,PP,"[[3], [1, 1]]",3,2,0.000721,20,0,0,0,0,0,0,True
393,5,2,"[3, 2]","[[3, 3, 3], [0, 3]]",1,3,3,1,PP,"[[1, 1, 1], [1, 1]]",5,6,0.000726,20,0,0,0,0,0,0,True
393,5,2,"[3, 2]","[[3, 3, 3], [0, 3]]",1,3,3,2,PP,"[[2, 1], [2]]",3,2,0.000726,20,4,4/5,4,4/5,8,8/5,True
393,5,2,"[3, 2]","[[3, 3, 3], [0, 3]]",1,3,3,3,PP,"[[3], [2]]",2,1,0.000716,20,4,4/5,4,4/5,12,12/5,True
393,5,2,"[3, 2]","[[3, 3, 3], [0, 3]]",1,3,3,5,PP,"[[3], [2]]",2,1,0.000711,20,4,4/5,4,4/5,16,16/5,True
394,5,2,"[3, 2]","[[3, 3, 3], [1, 1]]",1,3,0,1,PP,"[[1, 1, 1], [1, 1]]",5,6,0.000741,20,0,0,0,0,0,0,True
394,5,2,"[3, 2]","[[3, 3, 3], [1, 1]]",1,3,0,2,PP,"[[2, 1], [2]]",3,2,0.000721,20,0,0,0,0,0,0,True
394,5,2,"[3, 2]","[[3, 3, 3], [1, 1]]",1,3,0,3,PP,"[[3], [2]]",2,1,0.0007265,20,0,0,0,0,0,0,True
394,5,2,"[3, 2]","[[3, 3, 3], [1, 1]]",1,3,0,5,PP,"[[3], [2]]",2,1,0.000721,20,0,0,0,0,0,0,True
394,5,2,"[3, 2]","[[3, 3, 3], [1, 1]]",1,3,1,1,PP,"[[1, 1, 1], [1, 1]]",5,6,0.000731,20,0,0,0,0,0,0,True
394,5,2,"[3, 2]","[[3, 3, 3], [1, 1]]",1,3,1,2,PP,"[[2, 1], [2]]",3,2,0.000721,20,0,0,0,0,0,0,True
394,5,2,"[3, 2]","[[3, 3, 3], [1, 1]]",1,3,1,3,PP,"[[3], [2]]",2,1,0.000716,20,0,0,0,0,0,0,True
394,5,2,"[3, 2]","[[3, 3, 3], [1, 1]]",1,3,1,5,PP,"[[3], [2]]",2,1,0.000721,20,0,0,0,0,0,0,True
394,5,2,"[3, 2]","[[3, 3, 3], [1, 1]]",1,3,2,1,PP,"[[1, 1, 1], [1, 1]]",5,6,0.000732,20,0,0,0,0,0,0,True
394,5,2,"[3, 2]","[[3, 3, 3], [1, 1]]",1,3,2,2,PP,"[[2, 1], [2]]",3,2,0.000716,20,0,0,0,0,0,0,True
394,5,2,"[3, 2]","[[3, 3, 3], [1, 1]]",1,3,2,3,PP,"[[3], [2]]",2,1,0.000716,20,0,0,0,0,0,0,True
394,5,2,"[3, 2]","[[3, 3, 3], [1, 1]]",1,3,2,5,PP,"[[3], [2]]",2,1,0.000711,20,0,0,0,0,0,0,True
394,5,2,"[3, 2]","[[3, 3, 3], [1, 1]]",1,3,3,1,PP,"[[1, 1, 1], [1, 1]]",5,6,0.0007165,20,0,0,0,0,0,0,True
394,5,2,"[3, 2]","[[3, 3, 3], [1, 1]]",1,3,3,2,PP,"[[2, 1], [2]]",3,2,0.000736,20,0,0,0,0,8,8/5,True
394,5,2,"[3, 2]","[[3, 3, 3], [1, 1]]",1,3,3,3,PP,"[[3], [2]]",2,1,0.000726,20,0,0,0,0,12,12/5,True
394,5,2,"[3, 2]","[[3, 3, 3], [1, 1]]",1,3,3,5,PP,"[[3], [2]]",2,1,0.000731,20,0,0,0,0,16,16/5,True
395,5,2,"[3, 2]","[[3, 3, 3], [1, 2]]",1,3,0,1,PP,"[[1, 1, 1], [1, 1]]",5,6,0.000731,20,0,0,0,0,0,0,True
395,5,2,"[3, 2]","[[3, 3, 3], [1, 2]]",1,3,0,2,PP,"[[2, 1], [1, 1]]",4,4,0.000711,20,0,0,0,0,0,0,True
395,5,2,"[3, 2]","[[3, 3, 3], [1, 2]]",1,3,0,3,PP,"[[3], [1, 1]]",3,2,0.000716,20,0,0,0,0,0,0,True
395,5,2,"[3, 2]","[[3, 3, 3], [1, 2]]",1,3,0,5,PP,"[[3], [1, 1]]",3,2,0.000731,20,0,0,0,0,0,0,True
395,5,2,"[3, 2]","[[3, 3, 3], [1, 2]]",1,3,1,1,PP,"[[1, 1, 1], [1, 1]]",5,6,0.000731,20,0,0,0,0,0,0,True
395,5,2,"[3, 2]","[[3, 3, 3], [1, 2]]",1,3,1,2,PP,"[[2, 1], [2]]",3,2,0.000731,20,0,0,0,0,0,0,True
395,5,2,"[3, 2]","[[3, 3, 3], [1, 2]]",1,3,1,3,PP,"[[3], [2]]",2,1,0.000721,20,0,0,0,0,0,0,True
395,5,2,"[3, 2]","[[3, 3, 3], [1, 2]]",1,3,1,5,PP,"[[3], [2]]",2,1,0.000721,20,0,0,0,0,0,0,True
395,5,2,"[3, 2]","[[3, 3, 3], [1, 2]]",1,3,2,1,PP,"[[1, 1, 1], [1, 1]]",5,6,0.0007465,20,0,0,0,0,0,0,True
395,5,2,"[3, 2]","[[3, 3, 3], [1, 2]]",1,3,2,2,PP,"[[2, 1], [2]]",3,2,0.000731,20,0,0,0,0,0,0,True
395,5,2,"[3, 2]","[[3, 3, 3], [1, 2]]",1,3,2,3,PP,"[[3], [2]]",2,1,0.000721,20,0,0,0,0,0,0,True
395,5,2,"[3, 2]","[[3, 3, 3], [1, 2]]",1,3,2,5,PP,"[[3], [2]]",2,1,0.000716,20,0,0,0,0,0,0,True
395,5,2,"[3, 2]","[[3, 3, 3], [1, 2]]",1,3,3,1,PP,"[[1, 1, 1], [1, 1]]",5,6,0.000726,20,0,0,0,0,0,0,True
395,5,2,"[3, 2]","[[3, 3, 3], [1, 2]]",1,3,3,2,PP,"[[2, 1], [2]]",3,2,0.000721,20,0,0,0,0,8,8/5,True
395,5,2,"[3, 2]","[[3, 3, 3], [1, 2]]",1,3,3,3,PP,"[[3], [2]]",2,1,0.000731,20,0,0,0,0,12,12/5,True
395,5,2,"[3, 2]","[[3, 3, 3], [1, 2]]",1,3,3,5,PP,"[[3], [2]]",2,1,0.000731,20,0,0,0,0,16,16/5,True
396,5,2,"[3, 2]","[[3, 3, 3], [1, 3]]",1,3,0,1,PP,"[[1, 1, 1], [1, 1]]",5,6,0.000731,20,0,0,0,0,0,0,True
396,5,2,"[3, 2]","[[3, 3, 3], [1, 3]]",1,3,0,2,PP,"[[2, 1], [1, 1]]",4,4,0.000721,20,0,0,0,0,0,0,True
396,5,2,"[3, 2]","[[3, 3, 3], [1, 3]]",1,3,0,3,PP,"[[3], [1, 1]]",3,2,0.000731,20,0,0,0,0,0,0,True
396,5,2,"[3, 2]","[[3, 3, 3], [1, 3]]",1,3,0,5,PP,"[[3], [1, 1]]",3,2,0.000711,20,0,0,0,0,0,0,True
396,5,2,"[3, 2]","[[3, 3, 3], [1, 3]]",1,3,1,1,PP,"[[1, 1, 1], [1, 1]]",5,6,0.000716,20,0,0,0,0,0,0,True
396,5,2,"[3, 2]","[[3, 3, 3], [1, 3]]",1,3,1,2,PP,"[[2, 1], [1, 1]]",4,4,0.000706,20,0,0,0,0,0,0,True
396,5,2,"[3, 2]","[[3, 3, 3], [1, 3]]",1,3,1,3,PP,"[[3], [1, 1]]",3,2,0.000721,20,0,0,0,0,0,0,True
396,5,2,"[3, 2]","[[3, 3, 3], [1, 3]]",1,3,1,5,PP,"[[3], [1, 1]]",3,2,0.000721,20,0,0,0,0,0,0,True
396,5,2,"[3, 2]","[[3, 3, 3], [1, 3]]",1,3,2,1,PP,"[[1, 1, 1], [1, 1]]",5,6,0.000721,20,0,0,0,0,0,0,True
396,5,2,"[3, 2]","[[3, 3, 3], [1, 3]]",1,3,2,2,PP,"[[2, 1], [2]]",3,2,0.000721,20,0,0,0,0,0,0,True
396,5,2,"[3, 2]","[[3, 3, 3], [1, 3]]",1,3,2,3,PP,"[[3], [2]]",2,1,0.000726,20,0,0,0,0,0,0,True
396,5,2,"[3, 2]","[[3, 3, 3], [1, 3]]",1,3,2,5,PP,"[[3], [2]]",2,1,0.000711,20,0,0,0,0,0,0,True
396,5,2,"[3, 2]","[[3, 3, 3], [1, 3]]",1,3,3,1,PP,"[[1, 1, 1], [1, 1]]",5,6,0.000731,20,0,0,0,0,0,0,True
396,5,2,"[3, 2]","[[3, 3, 3], [1, 3]]",1,3,3,2,PP,"[[2, 1], [2]]",3,2,0.000746,20,0,0,0,0,8,8/5,True
396,5,2,"[3, 2]","[[3, 3, 3], [1, 3]]",1,3,3,3,PP,"[[3], [2]]",2,1,0.000731,20,0,0,0,0,12,12/5,True
396,5,2,"[3, 2]","[[3, 3, 3], [1, 3]]",1,3,3,5,PP,"[[3], [2]]",2,1,0.000711,20,0,0,0,0,16,16/5,True
397,5,2,"[3, 2]","[[3, 3, 3], [2, 2]]",1,3,0,1,PP,"[[1, 1, 1], [1, 1]]",5,6,0.000736,20,0,0,0,0,0,0,True
397,5,2,"[3, 2]","[[3, 3, 3], [2, 2]]",1,3,0,2,PP,"[[2, 1], [2]]",3,2,0.000796,20,0,0,0,0,0,0,True
397,5,2,"[3, 2]","[[3, 3, 3], [2, 2]]",1,3,0,3,PP,"[[3], [2]]",2,1,0.0007265,20,0,0,0,0,0,0,True
397,5,2,"[3, 2]","[[3, 3, 3], [2, 2]]",1,3,0,5,PP,"[[3], [2]]",2,1,0.000721,20,0,0,0,0,0,0,True
397,5,2,"[3, 2]","[[3, 3, 3], [2, 2]]",1,3,1,1,PP,"[[1, 1, 1], [1, 1]]",5,6,0.000736,20,0,0,0,0,0,0,True
397,5,2,"[3, 2]","[[3, 3, 3], [2, 2]]",1,3,1,2,PP,"[[2, 1], [2]]",3,2,0.000741,20,0,0,0,0,0,0,True
397,5,2,"[3, 2]","[[3, 3, 3], [2, 2]]",1,3,1,3,PP,"[[3], [2]]",2,1,0.000751,20,0,0,0,0,0,0,True
397,5,2,"[3, 2]","[[3, 3, 3], [2, 2]]",1,3,1,5,PP,"[[3], [2]]",2,1,0.000751,20,0,0,0,0,0,0,True
397,5,2,"[3, 2]","[[3, 3, 3], [2, 2]]",1,3,2,1,PP,"[[1, 1, 1], [1, 1]]",5,6,0.000781,20,0,0,0,0,0,0,True
397,5,2,"[3, 2]","[[3, 3, 3], [2, 2]]",1,3,2,2,PP,"[[2, 1], [2]]",3,2,0.000741,20,0,0,0,0,0,0,True
397,5,2,"[3, 2]","[[3, 3, 3], [2, 2]]",1,3,2,3,PP,"[[3], [2]]",2,1,0.000751,20,0,0,0,0,0,0,True
397,5,2,"[3, 2]","[[3, 3, 3], [2, 2]]",1,3,2,5,PP,"[[3], [2]]",2,1,0.000741,20,0,0,0,0,0,0,True
397,5,2,"[3, 2]","[[3, 3, 3], [2, 2]]",1,3,3,1,PP,"[[1, 1, 1], [1, 1]]",5,6,0.000711,20,0,0,0,0,0,0,True
397,5,2,"[3, 2]","[[3, 3, 3], [2, 2]]",1,3,3,2,PP,"[[2, 1], [2]]",3,2,0.000736,20,0,0,0,0,8,8/5,True
397,5,2,"[3, 2]","[[3, 3, 3], [2, 2]]",1,3,3,3,PP,"[[3], [2]]",2,1,0.000736,20,0,0,0,0,12,12/5,True
397,5,2,"[3, 2]","[[3, 3, 3], [2, 2]]",1,3,3,5,PP,"[[3], [2]]",2,1,0.000716,20,0,0,0,0,16,16/5,True
398,5,2,"[3, 2]","[[3, 3, 3], [2, 3]]",1,3,0,1,PP,"[[1, 1, 1], [1, 1]]",5,6,0.000736,20,0,0,0,0,0,0,True
398,5,2,"[3, 2]","[[3, 3, 3], [2, 3]]",1,3,0,2,PP,"[[2, 1], [1, 1]]",4,4,0.000721,20,0,0,0,0,0,0,True
398,5,2,"[3, 2]","[[3, 3, 3], [2, 3]]",1,3,0,3,PP,"[[3], [1, 1]]",3,2,0.000731,20,0,0,0,0,0,0,True
398,5,2,"[3, 2]","[[3, 3, 3], [2, 3]]",1,3,0,5,PP,"[[3], [1, 1]]",3,2,0.000716,20,0,0,0,0,0,0,True
398,5,2,"[3, 2]","[[3, 3, 3], [2, 3]]",1,3,1,1,PP,"[[1, 1, 1], [1, 1]]",5,6,0.0007365,20,0,0,0,0,0,0,True
398,5,2,"[3, 2]","[[3, 3, 3], [2, 3]]",1,3,1,2,PP,"[[2, 1], [2]]",3,2,0.000731,20,0,0,0,0,0,0,True
398,5,2,"[3, 2]","[[3, 3, 3], [2, 3]]",1,3,1,3,PP,"[[3], [2]]",2,1,0.000711,20,0,0,0,0,0,0,True
398,5,2,"[3, 2]","[[3, 3, 3], [2, 3]]",1,3,1,5,PP,"[[3], [2]]",2,1,0.000711,20,0,0,0,0,0,0,True
398,5,2,"[3, 2]","[[3, 3, 3], [2, 3]]",1,3,2,1,PP,"[[1, 1, 1], [1, 1]]",5,6,0.000726,20,0,0,0,0,0,0,True
398,5,2,"[3, 2]","[[3, 3, 3], [2, 3]]",1,3,2,2,PP,"[[2, 1], [2]]",3,2,0.000721,20,0,0,0,0,0,0,True
398,5,2,"[3, 2]","[[3, 3, 3], [2, 3]]",1,3,2,3,PP,"[[3], [2]]",2,1,0.0007315,20,0,0,0,0,0,0,True
398,5,2,"[3, 2]","[[3, 3, 3], [2, 3]]",1,3,2,5,PP,"[[3], [2]]",2,1,0.000721,20,0,0,0,0,0,0,True
398,5,2,"[3, 2]","[[3, 3, 3], [2, 3]]",1,3,3,1,PP,"[[1, 1, 1], [1, 1]]",5,6,0.000746,20,0,0,0,0,0,0,True
398,5,2,"[3, 2]","[[3, 3, 3], [2, 3]]",1,3,3,2,PP,"[[2, 1], [2]]",3,2,0.000741,20,0,0,0,0,8,8/5,True
398,5,2,"[3, 2]","[[3, 3, 3], [2, 3]]",1,3,3,3,PP,"[[3], [2]]",2,1,0.000751,20,0,0,0,0,12,12/5,True
398,5,2,"[3, 2]","[[3, 3, 3], [2, 3]]",1,3,3,5,PP,"[[3], [2]]",2,1,0.000741,20,0,0,0,0,16,16/5,True
399,5,2,"[3, 2]","[[3, 3, 3], [3, 3]]",1,3,0,1,PP,"[[1, 1, 1], [1, 1]]",5,6,0.000741,20,0,0,0,0,0,0,True
399,5,2,"[3, 2]","[[3, 3, 3], [3, 3]]",1,3,0,2,PP,"[[2, 1], [2]]",3,2,0.000726,20,0,0,0,0,0,0,True
399,5,2,"[3, 2]","[[3, 3, 3], [3, 3]]",1,3,0,3,PP,"[[3], [2]]",2,1,0.000722,20,0,0,0,0,0,0,True
399,5,2,"[3, 2]","[[3, 3, 3], [3, 3]]",1,3,0,5,PP,"[[3], [2]]",2,1,0.0007265,20,0,0,0,0,0,0,True
399,5,2,"[3, 2]","[[3, 3, 3], [3, 3]]",1,3,1,1,PP,"[[1, 1, 1], [1, 1]]",5,6,0.000752,20,0,0,0,0,0,0,True
399,5,2,"[3, 2]","[[3, 3, 3], [3, 3]]",1,3,1,2,PP,"[[2, 1], [2]]",3,2,0.000711,20,0,0,0,0,0,0,True
399,5,2,"[3, 2]","[[3, 3, 3], [3, 3]]",1,3,1,3,PP,"[[3], [2]]",2,1,0.0007215,20,0,0,0,0,0,0,True
399,5,2,"[3, 2]","[[3, 3, 3], [3, 3]]",1,3,1,5,PP,"[[3], [2]]",2,1,0.0007215,20,0,0,0,0,0,0,True
399,5,2,"[3, 2]","[[3, 3, 3], [3, 3]]",1,3,2,1,PP,"[[1, 1, 1], [1, 1]]",5,6,0.000731,20,0,0,0,0,0,0,True
399,5,2,"[3, 2]","[[3, 3, 3], [3, 3]]",1,3,2,2,PP,"[[2, 1], [2]]",3,2,0.000721,20,0,0,0,0,0,0,True
399,5,2,"[3, 2]","[[3, 3, 3], [3, 3]]",1,3,2,3,PP,"[[3], [2]]",2,1,0.000731,20,0,0,0,0,0,0,True
399,5,2,"[3, 2]","[[3, 3, 3], [3, 3]]",1,3,2,5,PP,"[[3], [2]]",2,1,0.000726,20,0,0,0,0,0,0,True
399,5,2,"[3, 2]","[[3, 3, 3], [3, 3]]",1,3,3,1,PP,"[[1, 1, 1], [1, 1]]",5,6,0.0007265,20,0,0,0,0,0,0,True
399,5,2,"[3, 2]","[[3, 3, 3], [3, 3]]",1,3,3,2,PP,"[[2, 1], [2]]",3,2,0.000761,20,0,0,0,0,8,8/5,True
399,5,2,"[3, 2]","[[3, 3, 3], [3, 3]]",1,3,3,3,PP,"[[3], [2]]",2,1,0.0007165,20,0,0,0,0,12,12/5,True
399,5,2,"[3, 2]","[[3, 3, 3], [3, 3]]",1,3,3,5,PP,"[[3], [2]]",2,1,0.0007115,20,0,0,0,0,16,16/5,True
