seed,replication,N,L,counts,releases,arrival_rate,h_F,h_S,threshold,max_platoon_size,method,partition,number_of_platoons,ordering_variable_count,vehicle_level_ordering_variable_count,dimension_reduction_ratio,formation_time_ms,formation_repetitions,model_build_time_s,solve_time_s,end_to_end_time_s,status,objective,actual_optimality_gap,actual_gap_reference,terminal_mip_gap,node_count,partition_specific_upper_bound,scaled_partition_specific_upper_bound,rule_level_upper_bound,scaled_rule_level_upper_bound,np_optimal_objective,matching_chp_objective,pp_optimal_objective,D_NP,D_CHP,D_PP,bound_check_available,bound_valid,bound_slack,delay_order_check_available,np_pp_chp_delay_order_holds
13608824610981170908,0,20,4,"[5, 5, 5, 5]","[[1, 1, 6, 6, 6], [2, 5, 7, 11, 13], [2, 3, 3, 3, 9], [4, 7, 8, 8, 11]]",0.7,1,2,,1,NP,"[[1, 1, 1, 1, 1], [1, 1, 1, 1, 1], [1, 1, 1, 1, 1], [1, 1, 1, 1, 1]]",20,150,150,0.0,0.001312,20,0.01508786529302597,30.00903606414795,30.024200732586227,TIME_LIMIT,7.0,,,0.251267730180847,331396.0,0.0,0,0.0,0,,,,,,,False,,,False,
13608824610981170908,0,20,4,"[5, 5, 5, 5]","[[1, 1, 6, 6, 6], [2, 5, 7, 11, 13], [2, 3, 3, 3, 9], [4, 7, 8, 8, 11]]",0.7,1,2,2,,CHP,"[[2, 3], [1, 2, 2], [4, 1], [1, 3, 1]]",10,37,150,0.7533333333333333,0.0042315,20,0.005623028613626957,0.07769393920898438,0.08339988024768256,OPTIMAL,7.0,,,0.0,1760.0,1.5,30,16.15,323,,,,,7.0,,False,,,False,
13608824610981170908,0,20,4,"[5, 5, 5, 5]","[[1, 1, 6, 6, 6], [2, 5, 7, 11, 13], [2, 3, 3, 3, 9], [4, 7, 8, 8, 11]]",0.7,1,2,2,2,PP,"[[2, 2, 1], [1, 2, 2], [2, 2, 1], [1, 2, 1, 1]]",13,63,150,0.5800000000000001,0.001868,20,0.00573132187128067,0.4832730293273926,0.4890722983979874,OPTIMAL,7.0,,,0.0,17074.0,1.5,30,8.5,170,,7.0,7.0,,7.0,7.0,False,,,False,
13608824610981170908,0,20,4,"[5, 5, 5, 5]","[[1, 1, 6, 6, 6], [2, 5, 7, 11, 13], [2, 3, 3, 3, 9], [4, 7, 8, 8, 11]]",0.7,1,2,2,3,PP,"[[2, 3], [1, 2, 2], [3, 1, 1], [1, 3, 1]]",11,45,150,0.7,0.0016925,20,0.005424990318715572,0.1641831398010254,0.16968785627562286,OPTIMAL,7.0,,,0.0,5338.0,1.5,30,11.05,221,,7.0,7.0,,7.0,7.0,False,,,False,
13608824610981170908,0,20,4,"[5, 5, 5, 5]","[[1, 1, 6, 6, 6], [2, 5, 7, 11, 13], [2, 3, 3, 3, 9], [4, 7, 8, 8, 11]]",0.7,1,2,2,4,PP,"[[2, 3], [1, 2, 2], [4, 1], [1, 3, 1]]",10,37,150,0.7533333333333333,0.004667,20,0.005435536615550518,0.07363009452819824,0.07913665208322239,OPTIMAL,7.0,,,0.0,1760.0,1.5,30,12.75,255,,7.0,7.0,,7.0,7.0,False,,,False,
13608824610981170908,0,20,4,"[5, 5, 5, 5]","[[1, 1, 6, 6, 6], [2, 5, 7, 11, 13], [2, 3, 3, 3, 9], [4, 7, 8, 8, 11]]",0.7,1,2,2,5,PP,"[[2, 3], [1, 2, 2], [4, 1], [1, 3, 1]]",10,37,150,0.7533333333333333,0.001748,20,0.005071456544101238,0.07855010032653809,0.08369766166499662,OPTIMAL,7.0,,,0.0,1760.0,1.5,30,13.6,272,,7.0,7.0,,7.0,7.0,False,,,False,
13608824610981170908,0,20,4,"[5, 5, 5, 5]","[[1, 1, 6, 6, 6], [2, 5, 7, 11, 13], [2, 3, 3, 3, 9], [4, 7, 8, 8, 11]]",0.7,1,2,3,,CHP,"[[2, 3], [3, 2], [4, 1], [5]]",7,18,150,0.88,0.0017325,20,0.005030684173107147,0.018573999404907227,0.02366933529983282,OPTIMAL,7.0,,,0.0,151.0,6.6,132,34.2,684,,,,,7.0,,False,,,False,
13608824610981170908,0,20,4,"[5, 5, 5, 5]","[[1, 1, 6, 6, 6], [2, 5, 7, 11, 13], [2, 3, 3, 3, 9], [4, 7, 8, 8, 11]]",0.7,1,2,3,2,PP,"[[2, 2, 1], [2, 1, 2], [2, 2, 1], [2, 2, 1]]",12,54,150,0.64,0.0017875,20,0.005473613739013672,0.20797109603881836,0.21351414389303922,OPTIMAL,7.0,,,0.0,5626.0,4.3,86,18.0,360,,7.0,7.0,,7.0,7.0,False,,,False,
13608824610981170908,0,20,4,"[5, 5, 5, 5]","[[1, 1, 6, 6, 6], [2, 5, 7, 11, 13], [2, 3, 3, 3, 9], [4, 7, 8, 8, 11]]",0.7,1,2,3,3,PP,"[[2, 3], [3, 2], [3, 1, 1], [3, 2]]",9,30,150,0.8,0.0023635,20,0.007497231476008892,0.08057904243469238,0.08818730226606226,OPTIMAL,7.0,,,0.0,1007.0,6.6,132,23.4,468,,7.0,7.0,,7.0,7.0,False,,,False,
13608824610981170908,0,20,4,"[5, 5, 5, 5]","[[1, 1, 6, 6, 6], [2, 5, 7, 11, 13], [2, 3, 3, 3, 9], [4, 7, 8, 8, 11]]",0.7,1,2,3,4,PP,"[[2, 3], [3, 2], [4, 1], [4, 1]]",8,24,150,0.84,0.003255,20,0.007364972494542599,0.03969407081604004,0.047169115421955586,OPTIMAL,7.0,,,0.0,269.0,5.1,102,27.0,540,,7.0,7.0,,7.0,7.0,False,,,False,
13608824610981170908,0,20,4,"[5, 5, 5, 5]","[[1, 1, 6, 6, 6], [2, 5, 7, 11, 13], [2, 3, 3, 3, 9], [4, 7, 8, 8, 11]]",0.7,1,2,3,5,PP,"[[2, 3], [3, 2], [4, 1], [5]]",7,18,150,0.88,0.0024735,20,0.006208744831383228,0.027006864547729492,0.033328304905818465,OPTIMAL,7.0,,,0.0,151.0,6.6,132,28.8,576,,7.0,7.0,,7.0,7.0,False,,,False,
13608824610981170908,0,20,4,"[5, 5, 5, 5]","[[1, 1, 6, 6, 6], [2, 5, 7, 11, 13], [2, 3, 3, 3, 9], [4, 7, 8, 8, 11]]",0.7,1,2,4,,CHP,"[[2, 3], [5], [4, 1], [5]]",6,13,150,0.9133333333333333,0.0027745,20,0.006742851808667183,0.009575128555297852,0.016402081676470757,OPTIMAL,7.0,,,0.0,1.0,9.05,181,52.25,1045,,,,,7.0,,False,,,False,
13608824610981170908,0,20,4,"[5, 5, 5, 5]","[[1, 1, 6, 6, 6], [2, 5, 7, 11, 13], [2, 3, 3, 3, 9], [4, 7, 8, 8, 11]]",0.7,1,2,4,2,PP,"[[2, 2, 1], [2, 2, 1], [2, 2, 1], [2, 2, 1]]",12,54,150,0.64,0.0025285,20,0.008191211149096489,0.19785690307617188,0.20617015283201073,OPTIMAL,7.0,,,0.0,5258.0,6.05,121,27.5,550,,7.0,7.0,,7.0,7.0,False,,,False,
13608824610981170908,0,20,4,"[5, 5, 5, 5]","[[1, 1, 6, 6, 6], [2, 5, 7, 11, 13], [2, 3, 3, 3, 9], [4, 7, 8, 8, 11]]",0.7,1,2,4,3,PP,"[[2, 3], [3, 2], [3, 1, 1], [3, 2]]",9,30,150,0.8,0.0031495,20,0.006782941520214081,0.07450413703918457,0.08139088354061794,OPTIMAL,7.0,,,0.0,1007.0,6.6,132,35.75,715,,7.0,7.0,,7.0,7.0,False,,,False,
13608824610981170908,0,20,4,"[5, 5, 5, 5]","[[1, 1, 6, 6, 6], [2, 5, 7, 11, 13], [2, 3, 3, 3, 9], [4, 7, 8, 8, 11]]",0.7,1,2,4,4,PP,"[[2, 3], [4, 1], [4, 1], [4, 1]]",8,24,150,0.84,0.0031495,20,0.006707297638058662,0.028198957443237305,0.03500040690402937,OPTIMAL,7.0,,,0.0,182.0,6.85,137,41.25,825,,7.0,7.0,,7.0,7.0,False,,,False,
13608824610981170908,0,20,4,"[5, 5, 5, 5]","[[1, 1, 6, 6, 6], [2, 5, 7, 11, 13], [2, 3, 3, 3, 9], [4, 7, 8, 8, 11]]",0.7,1,2,4,5,PP,"[[2, 3], [5], [4, 1], [5]]",6,13,150,0.9133333333333333,0.00341,20,0.007305673323571682,0.009675979614257812,0.017095755282435416,OPTIMAL,7.0,,,0.0,1.0,9.05,181,44.0,880,,7.0,7.0,,7.0,7.0,False,,,False,
10473035587848921997,1,20,4,"[5, 5, 5, 5]","[[3, 4, 5, 7, 12], [3, 3, 3, 3, 5], [4, 8, 10, 11, 14], [1, 1, 3, 4, 6]]",0.7,1,2,,1,NP,"[[1, 1, 1, 1, 1], [1, 1, 1, 1, 1], [1, 1, 1, 1, 1], [1, 1, 1, 1, 1]]",20,150,150,0.0,0.0021985,20,0.011916792020201683,23.893714904785156,23.905744718966446,OPTIMAL,6.7,0.0,np_gurobi_optimal,0.0,279155.0,0.0,0,0.0,0,6.7,,,6.7,,,False,,,False,
10473035587848921997,1,20,4,"[5, 5, 5, 5]","[[3, 4, 5, 7, 12], [3, 3, 3, 3, 5], [4, 8, 10, 11, 14], [1, 1, 3, 4, 6]]",0.7,1,2,2,,CHP,"[[4, 1], [5], [1, 3, 1], [5]]",7,17,150,0.8866666666666667,0.004031,20,0.0052052875980734825,0.009039163589477539,0.014307820474070072,OPTIMAL,7.3,0.5999999999999996,np_gurobi_optimal,0.0,1.0,3.75,75,16.15,323,6.7,,,6.7,7.3,,False,,,False,
10473035587848921997,1,20,4,"[5, 5, 5, 5]","[[3, 4, 5, 7, 12], [3, 3, 3, 3, 5], [4, 8, 10, 11, 14], [1, 1, 3, 4, 6]]",0.7,1,2,2,2,PP,"[[2, 2, 1], [2, 2, 1], [1, 2, 1, 1], [2, 2, 1]]",13,63,150,0.5800000000000001,0.001787,20,0.005683200433850288,0.2304060459136963,0.23617046212464524,OPTIMAL,6.7,0.0,np_gurobi_optimal,0.0,5739.0,1.55,31,8.5,170,6.7,7.3,6.7,6.7,7.3,6.7,True,True,8.5,True,True
10473035587848921997,1,20,4,"[5, 5, 5, 5]","[[3, 4, 5, 7, 12], [3, 3, 3, 3, 5], [4, 8, 10, 11, 14], [1, 1, 3, 4, 6]]",0.7,1,2,2,3,PP,"[[3, 1, 1], [3, 2], [1, 3, 1], [3, 2]]",10,37,150,0.7533333333333333,0.0028695,20,0.006266421638429165,0.0659480094909668,0.07230340792067719,OPTIMAL,6.9,0.20000000000000018,np_gurobi_optimal,0.0,1014.0,3.0,60,11.05,221,6.7,7.3,6.9,6.7,7.3,6.9,True,True,10.850000000000001,True,True
10473035587848921997,1,20,4,"[5, 5, 5, 5]","[[3, 4, 5, 7, 12], [3, 3, 3, 3, 5], [4, 8, 10, 11, 14], [1, 1, 3, 4, 6]]",0.7,1,2,2,4,PP,"[[4, 1], [4, 1], [1, 3, 1], [4, 1]]",9,30,150,0.8,0.002914,20,0.007068132981657982,0.04787111282348633,0.05504452612593317,OPTIMAL,6.7,0.0,np_gurobi_optimal,0.0,385.0,2.35,47,12.75,255,6.7,7.3,6.7,6.7,7.3,6.7,True,True,12.75,True,True
10473035587848921997,1,20,4,"[5, 5, 5, 5]","[[3, 4, 5, 7, 12], [3, 3, 3, 3, 5], [4, 8, 10, 11, 14], [1, 1, 3, 4, 6]]",0.7,1,2,2,5,PP,"[[4, 1], [5], [1, 3, 1], [5]]",7,17,150,0.8866666666666667,0.002704,20,0.006720138713717461,0.011363029479980469,0.018179397469285964,OPTIMAL,7.3,0.5999999999999996,np_gurobi_optimal,0.0,1.0,3.75,75,13.6,272,6.7,7.3,7.3,6.7,7.3,7.3,True,True,13.0,True,True
10473035587848921997,1,20,4,"[5, 5, 5, 5]","[[3, 4, 5, 7, 12], [3, 3, 3, 3, 5], [4, 8, 10, 11, 14], [1, 1, 3, 4, 6]]",0.7,1,2,3,,CHP,"[[4, 1], [5], [1, 4], [5]]",6,13,150,0.9133333333333333,0.0027345,20,0.006628558970987797,0.008686065673828125,0.015411804567107678,OPTIMAL,7.3,0.5999999999999996,np_gurobi_optimal,0.0,1.0,5.25,105,34.2,684,6.7,,,6.7,7.3,,False,,,False,
10473035587848921997,1,20,4,"[5, 5, 5, 5]","[[3, 4, 5, 7, 12], [3, 3, 3, 3, 5], [4, 8, 10, 11, 14], [1, 1, 3, 4, 6]]",0.7,1,2,3,2,PP,"[[2, 2, 1], [2, 2, 1], [1, 2, 2], [2, 2, 1]]",12,54,150,0.64,0.002924,20,0.007583252154290676,0.25551295280456543,0.26319226959822084,OPTIMAL,6.7,0.0,np_gurobi_optimal,0.0,5204.0,3.05,61,18.0,360,6.7,7.3,6.7,6.7,7.3,6.7,True,True,18.0,True,True
10473035587848921997,1,20,4,"[5, 5, 5, 5]","[[3, 4, 5, 7, 12], [3, 3, 3, 3, 5], [4, 8, 10, 11, 14], [1, 1, 3, 4, 6]]",0.7,1,2,3,3,PP,"[[3, 1, 1], [3, 2], [1, 3, 1], [3, 2]]",10,37,150,0.7533333333333333,0.002809,20,0.007761310786008835,0.056960105895996094,0.06482813892959023,OPTIMAL,6.9,0.20000000000000018,np_gurobi_optimal,0.0,1014.0,3.0,60,23.4,468,6.7,7.3,6.9,6.7,7.3,6.9,True,True,23.2,True,True
10473035587848921997,1,20,4,"[5, 5, 5, 5]","[[3, 4, 5, 7, 12], [3, 3, 3, 3, 5], [4, 8, 10, 11, 14], [1, 1, 3, 4, 6]]",0.7,1,2,3,4,PP,"[[4, 1], [4, 1], [1, 4], [4, 1]]",8,24,150,0.84,0.0016425,20,0.005063032731413841,0.025448083877563477,0.030587851648168563,OPTIMAL,6.7,0.0,np_gurobi_optimal,0.0,175.0,3.85,77,27.0,540,6.7,7.3,6.7,6.7,7.3,6.7,True,True,27.0,True,True
10473035587848921997,1,20,4,"[5, 5, 5, 5]","[[3, 4, 5, 7, 12], [3, 3, 3, 3, 5], [4, 8, 10, 11, 14], [1, 1, 3, 4, 6]]",0.7,1,2,3,5,PP,"[[4, 1], [5], [1, 4], [5]]",6,13,150,0.9133333333333333,0.0017075,20,0.004928629845380783,0.007061004638671875,0.012059592096288204,OPTIMAL,7.3,0.5999999999999996,np_gurobi_optimal,0.0,1.0,5.25,105,28.8,576,6.7,7.3,7.3,6.7,7.3,7.3,True,True,28.200000000000003,True,True
10473035587848921997,1,20,4,"[5, 5, 5, 5]","[[3, 4, 5, 7, 12], [3, 3, 3, 3, 5], [4, 8, 10, 11, 14], [1, 1, 3, 4, 6]]",0.7,1,2,4,,CHP,"[[4, 1], [5], [5], [5]]",5,9,150,0.94,0.0015625,20,0.004620654508471489,0.0031011104583740234,0.007779869922995567,OPTIMAL,7.3,0.5999999999999996,np_gurobi_optimal,0.0,1.0,8.0,160,52.25,1045,6.7,,,6.7,7.3,,False,,,False,
10473035587848921997,1,20,4,"[5, 5, 5, 5]","[[3, 4, 5, 7, 12], [3, 3, 3, 3, 5], [4, 8, 10, 11, 14], [1, 1, 3, 4, 6]]",0.7,1,2,4,2,PP,"[[2, 2, 1], [2, 2, 1], [2, 2, 1], [2, 2, 1]]",12,54,150,0.64,0.0017725,20,0.004943191073834896,0.10561895370483398,0.11062366069050789,OPTIMAL,6.7,0.0,np_gurobi_optimal,0.0,2236.0,3.5,70,27.5,550,6.7,7.3,6.7,6.7,7.3,6.7,True,True,27.5,True,True
10473035587848921997,1,20,4,"[5, 5, 5, 5]","[[3, 4, 5, 7, 12], [3, 3, 3, 3, 5], [4, 8, 10, 11, 14], [1, 1, 3, 4, 6]]",0.7,1,2,4,3,PP,"[[3, 1, 1], [3, 2], [3, 2], [3, 2]]",9,30,150,0.8,0.0043615,20,0.005130253732204437,0.03651595115661621,0.04171735898122692,OPTIMAL,6.9,0.20000000000000018,np_gurobi_optimal,0.0,425.0,7.25,145,35.75,715,6.7,7.3,6.9,6.7,7.3,6.9,True,True,35.55,True,True
10473035587848921997,1,20,4,"[5, 5, 5, 5]","[[3, 4, 5, 7, 12], [3, 3, 3, 3, 5], [4, 8, 10, 11, 14], [1, 1, 3, 4, 6]]",0.7,1,2,4,4,PP,"[[4, 1], [4, 1], [4, 1], [4, 1]]",8,24,150,0.84,0.001728,20,0.005496497265994549,0.017582178115844727,0.023148361990108966,OPTIMAL,6.7,0.0,np_gurobi_optimal,0.0,217.0,5.1,102,41.25,825,6.7,7.3,6.7,6.7,7.3,6.7,True,True,41.25,True,True
10473035587848921997,1,20,4,"[5, 5, 5, 5]","[[3, 4, 5, 7, 12], [3, 3, 3, 3, 5], [4, 8, 10, 11, 14], [1, 1, 3, 4, 6]]",0.7,1,2,4,5,PP,"[[4, 1], [5], [5], [5]]",5,9,150,0.94,0.001778,20,0.004789249040186405,0.002827882766723633,0.007676587545278549,OPTIMAL,7.3,0.5999999999999996,np_gurobi_optimal,0.0,1.0,8.0,160,44.0,880,6.7,7.3,7.3,6.7,7.3,7.3,True,True,43.4,True,True
16322304947374164068,2,20,4,"[5, 5, 5, 5]","[[4, 6, 8, 9, 11], [3, 4, 8, 12, 12], [2, 3, 5, 5, 5], [2, 3, 3, 3, 3]]",0.7,1,2,,1,NP,"[[1, 1, 1, 1, 1], [1, 1, 1, 1, 1], [1, 1, 1, 1, 1], [1, 1, 1, 1, 1]]",20,150,150,0.0,0.003165,20,0.007250619120895863,26.654210805892944,26.661529605642773,OPTIMAL,7.45,0.0,np_gurobi_optimal,0.0,328573.0,0.0,0,0.0,0,7.45,,,7.45,,,False,,,False,
16322304947374164068,2,20,4,"[5, 5, 5, 5]","[[4, 6, 8, 9, 11], [3, 4, 8, 12, 12], [2, 3, 5, 5, 5], [2, 3, 3, 3, 3]]",0.7,1,2,2,,CHP,"[[5], [2, 1, 2], [5], [5]]",6,12,150,0.92,0.001653,20,0.004771682433784008,0.018830060958862305,0.023667191989007474,OPTIMAL,7.45,0.0,np_gurobi_optimal,0.0,1.0,3.15,63,16.15,323,7.45,,,7.45,7.45,,False,,,False,
16322304947374164068,2,20,4,"[5, 5, 5, 5]","[[4, 6, 8, 9, 11], [3, 4, 8, 12, 12], [2, 3, 5, 5, 5], [2, 3, 3, 3, 3]]",0.7,1,2,2,2,PP,"[[2, 2, 1], [2, 1, 2], [2, 2, 1], [2, 2, 1]]",12,54,150,0.64,0.004362,20,0.005725163035094738,0.14848709106445312,0.15427937699652863,OPTIMAL,7.45,0.0,np_gurobi_optimal,0.0,4304.0,0.85,17,8.5,170,7.45,7.45,7.45,7.45,7.45,7.45,True,True,8.5,True,True
16322304947374164068,2,20,4,"[5, 5, 5, 5]","[[4, 6, 8, 9, 11], [3, 4, 8, 12, 12], [2, 3, 5, 5, 5], [2, 3, 3, 3, 3]]",0.7,1,2,2,3,PP,"[[3, 2], [2, 1, 2], [3, 2], [3, 2]]",9,30,150,0.8,0.0016575,20,0.00494364183396101,0.05243992805480957,0.05744647022995472,OPTIMAL,7.45,0.0,np_gurobi_optimal,0.0,805.0,3.15,63,11.05,221,7.45,7.45,7.45,7.45,7.45,7.45,True,True,11.05,True,True
16322304947374164068,2,20,4,"[5, 5, 5, 5]","[[4, 6, 8, 9, 11], [3, 4, 8, 12, 12], [2, 3, 5, 5, 5], [2, 3, 3, 3, 3]]",0.7,1,2,2,4,PP,"[[4, 1], [2, 1, 2], [4, 1], [4, 1]]",9,30,150,0.8,0.004116,20,0.0049907127395272255,0.031217098236083984,0.03627018027133083,OPTIMAL,7.45,0.0,np_gurobi_optimal,0.0,342.0,2.45,49,12.75,255,7.45,7.45,7.45,7.45,7.45,7.45,True,True,12.75,True,True
16322304947374164068,2,20,4,"[5, 5, 5, 5]","[[4, 6, 8, 9, 11], [3, 4, 8, 12, 12], [2, 3, 5, 5, 5], [2, 3, 3, 3, 3]]",0.7,1,2,2,5,PP,"[[5], [2, 1, 2], [5], [5]]",6,12,150,0.92,0.001593,20,0.0044047171249985695,0.0059871673583984375,0.010453749886458396,OPTIMAL,7.45,0.0,np_gurobi_optimal,0.0,1.0,3.15,63,13.6,272,7.45,7.45,7.45,7.45,7.45,7.45,True,True,13.6,True,True
16322304947374164068,2,20,4,"[5, 5, 5, 5]","[[4, 6, 8, 9, 11], [3, 4, 8, 12, 12], [2, 3, 5, 5, 5], [2, 3, 3, 3, 3]]",0.7,1,2,3,,CHP,"[[5], [2, 1, 2], [5], [5]]",6,12,150,0.92,0.001638,20,0.005740205757319927,0.006175041198730469,0.011997277652013779,OPTIMAL,7.45,0.0,np_gurobi_optimal,0.0,1.0,3.15,63,34.2,684,7.45,,,7.45,7.45,,False,,,False,
16322304947374164068,2,20,4,"[5, 5, 5, 5]","[[4, 6, 8, 9, 11], [3, 4, 8, 12, 12], [2, 3, 5, 5, 5], [2, 3, 3, 3, 3]]",0.7,1,2,3,2,PP,"[[2, 2, 1], [2, 1, 2], [2, 2, 1], [2, 2, 1]]",12,54,150,0.64,0.0016775,20,0.004979056306183338,0.14731812477111816,0.1523575123417282,OPTIMAL,7.45,0.0,np_gurobi_optimal,0.0,4304.0,0.85,17,18.0,360,7.45,7.45,7.45,7.45,7.45,7.45,True,True,18.0,True,True
16322304947374164068,2,20,4,"[5, 5, 5, 5]","[[4, 6, 8, 9, 11], [3, 4, 8, 12, 12], [2, 3, 5, 5, 5], [2, 3, 3, 3, 3]]",0.7,1,2,3,3,PP,"[[3, 2], [2, 1, 2], [3, 2], [3, 2]]",9,30,150,0.8,0.001698,20,0.005082542076706886,0.05506396293640137,0.06021208242850113,OPTIMAL,7.45,0.0,np_gurobi_optimal,0.0,805.0,3.15,63,23.4,468,7.45,7.45,7.45,7.45,7.45,7.45,True,True,23.4,True,True
16322304947374164068,2,20,4,"[5, 5, 5, 5]","[[4, 6, 8, 9, 11], [3, 4, 8, 12, 12], [2, 3, 5, 5, 5], [2, 3, 3, 3, 3]]",0.7,1,2,3,4,PP,"[[4, 1], [2, 1, 2], [4, 1], [4, 1]]",9,30,150,0.8,0.001908,20,0.005183174274861813,0.03289389610290527,0.03814456770140696,OPTIMAL,7.45,0.0,np_gurobi_optimal,0.0,342.0,2.45,49,27.0,540,7.45,7.45,7.45,7.45,7.45,7.45,True,True,27.0,True,True
16322304947374164068,2,20,4,"[5, 5, 5, 5]","[[4, 6, 8, 9, 11], [3, 4, 8, 12, 12], [2, 3, 5, 5, 5], [2, 3, 3, 3, 3]]",0.7,1,2,3,5,PP,"[[5], [2, 1, 2], [5], [5]]",6,12,150,0.92,0.001823,20,0.004766003228724003,0.006392955780029297,0.011223733826861858,OPTIMAL,7.45,0.0,np_gurobi_optimal,0.0,1.0,3.15,63,28.8,576,7.45,7.45,7.45,7.45,7.45,7.45,True,True,28.8,True,True
16322304947374164068,2,20,4,"[5, 5, 5, 5]","[[4, 6, 8, 9, 11], [3, 4, 8, 12, 12], [2, 3, 5, 5, 5], [2, 3, 3, 3, 3]]",0.7,1,2,4,,CHP,"[[5], [5], [5], [5]]",4,6,150,0.96,0.001803,20,0.004561843350529671,0.0026030540466308594,0.007225710858133316,OPTIMAL,7.45,0.0,np_gurobi_optimal,0.0,1.0,8.2,164,52.25,1045,7.45,,,7.45,7.45,,False,,,False,
16322304947374164068,2,20,4,"[5, 5, 5, 5]","[[4, 6, 8, 9, 11], [3, 4, 8, 12, 12], [2, 3, 5, 5, 5], [2, 3, 3, 3, 3]]",0.7,1,2,4,2,PP,"[[2, 2, 1], [2, 2, 1], [2, 2, 1], [2, 2, 1]]",12,54,150,0.64,0.001853,20,0.00534900464117527,0.1135718822479248,0.1189875310692935,OPTIMAL,7.45,0.0,np_gurobi_optimal,0.0,3501.0,3.3,66,27.5,550,7.45,7.45,7.45,7.45,7.45,7.45,True,True,27.5,True,True
16322304947374164068,2,20,4,"[5, 5, 5, 5]","[[4, 6, 8, 9, 11], [3, 4, 8, 12, 12], [2, 3, 5, 5, 5], [2, 3, 3, 3, 3]]",0.7,1,2,4,3,PP,"[[3, 2], [3, 2], [3, 2], [3, 2]]",8,24,150,0.84,0.001837,20,0.005406522192060947,0.021394014358520508,0.026871689095842363,OPTIMAL,7.45,0.0,np_gurobi_optimal,0.0,354.0,5.75,115,35.75,715,7.45,7.45,7.45,7.45,7.45,7.45,True,True,35.75,True,True
16322304947374164068,2,20,4,"[5, 5, 5, 5]","[[4, 6, 8, 9, 11], [3, 4, 8, 12, 12], [2, 3, 5, 5, 5], [2, 3, 3, 3, 3]]",0.7,1,2,4,4,PP,"[[4, 1], [4, 1], [4, 1], [4, 1]]",8,24,150,0.84,0.002885,20,0.0051516760140657425,0.02205204963684082,0.027277488955447675,OPTIMAL,7.45,0.0,np_gurobi_optimal,0.0,156.0,7.5,150,41.25,825,7.45,7.45,7.45,7.45,7.45,7.45,True,True,41.25,True,True
16322304947374164068,2,20,4,"[5, 5, 5, 5]","[[4, 6, 8, 9, 11], [3, 4, 8, 12, 12], [2, 3, 5, 5, 5], [2, 3, 3, 3, 3]]",0.7,1,2,4,5,PP,"[[5], [5], [5], [5]]",4,6,150,0.96,0.001748,20,0.005030564032495022,0.0022051334381103516,0.007299717423234463,OPTIMAL,7.45,0.0,np_gurobi_optimal,0.0,1.0,8.2,164,44.0,880,7.45,7.45,7.45,7.45,7.45,7.45,True,True,44.0,True,True
8936617204358862004,3,20,4,"[5, 5, 5, 5]","[[2, 4, 8, 10, 11], [4, 4, 6, 6, 10], [1, 2, 2, 3, 4], [2, 3, 5, 6, 7]]",0.7,1,2,,1,NP,"[[1, 1, 1, 1, 1], [1, 1, 1, 1, 1], [1, 1, 1, 1, 1], [1, 1, 1, 1, 1]]",20,150,150,0.0,0.0034605,20,0.00795525312423706,16.0853431224823,16.093372977044044,OPTIMAL,7.0,0.0,np_gurobi_optimal,0.0,275901.0,0.0,0,0.0,0,7.0,,,7.0,,,False,,,False,
8936617204358862004,3,20,4,"[5, 5, 5, 5]","[[2, 4, 8, 10, 11], [4, 4, 6, 6, 10], [1, 2, 2, 3, 4], [2, 3, 5, 6, 7]]",0.7,1,2,2,,CHP,"[[2, 3], [4, 1], [5], [5]]",6,13,150,0.9133333333333333,0.004081,20,0.004923642612993717,0.007342100143432617,0.01232997043094015,OPTIMAL,7.0,0.0,np_gurobi_optimal,0.0,1.0,3.2,64,16.15,323,7.0,,,7.0,7.0,,False,,,False,
8936617204358862004,3,20,4,"[5, 5, 5, 5]","[[2, 4, 8, 10, 11], [4, 4, 6, 6, 10], [1, 2, 2, 3, 4], [2, 3, 5, 6, 7]]",0.7,1,2,2,2,PP,"[[2, 2, 1], [2, 2, 1], [2, 2, 1], [2, 2, 1]]",12,54,150,0.64,0.004532,20,0.005698642693459988,0.13207411766052246,0.13784002903657627,OPTIMAL,7.0,0.0,np_gurobi_optimal,0.0,3497.0,1.6,32,8.5,170,7.0,7.0,7.0,7.0,7.0,7.0,True,True,8.5,True,True
8936617204358862004,3,20,4,"[5, 5, 5, 5]","[[2, 4, 8, 10, 11], [4, 4, 6, 6, 10], [1, 2, 2, 3, 4], [2, 3, 5, 6, 7]]",0.7,1,2,2,3,PP,"[[2, 3], [3, 1, 1], [3, 2], [3, 2]]",9,30,150,0.8,0.001853,20,0.005094920285046101,0.039385080337524414,0.044541190977766994,OPTIMAL,7.0,0.0,np_gurobi_optimal,0.0,520.0,3.2,64,11.05,221,7.0,7.0,7.0,7.0,7.0,7.0,True,True,11.05,True,True
8936617204358862004,3,20,4,"[5, 5, 5, 5]","[[2, 4, 8, 10, 11], [4, 4, 6, 6, 10], [1, 2, 2, 3, 4], [2, 3, 5, 6, 7]]",0.7,1,2,2,4,PP,"[[2, 3], [4, 1], [4, 1], [4, 1]]",8,24,150,0.84,0.001793,20,0.0047929054126143456,0.018624067306518555,0.023475161026316166,OPTIMAL,7.0,0.0,np_gurobi_optimal,0.0,197.0,3.2,64,12.75,255,7.0,7.0,7.0,7.0,7.0,7.0,True,True,12.75,True,True
8936617204358862004,3,20,4,"[5, 5, 5, 5]","[[2, 4, 8, 10, 11], [4, 4, 6, 6, 10], [1, 2, 2, 3, 4], [2, 3, 5, 6, 7]]",0.7,1,2,2,5,PP,"[[2, 3], [4, 1], [5], [5]]",6,13,150,0.9133333333333333,0.0017525,20,0.004322642460465431,0.006043910980224609,0.010419787589969635,OPTIMAL,7.0,0.0,np_gurobi_optimal,0.0,1.0,3.2,64,13.6,272,7.0,7.0,7.0,7.0,7.0,7.0,True,True,13.6,True,True
8936617204358862004,3,20,4,"[5, 5, 5, 5]","[[2, 4, 8, 10, 11], [4, 4, 6, 6, 10], [1, 2, 2, 3, 4], [2, 3, 5, 6, 7]]",0.7,1,2,3,,CHP,"[[2, 3], [4, 1], [5], [5]]",6,13,150,0.9133333333333333,0.001533,20,0.004069901071488857,0.005815029144287109,0.00993790016157198,OPTIMAL,7.0,0.0,np_gurobi_optimal,0.0,1.0,3.2,64,34.2,684,7.0,,,7.0,7.0,,False,,,False,
8936617204358862004,3,20,4,"[5, 5, 5, 5]","[[2, 4, 8, 10, 11], [4, 4, 6, 6, 10], [1, 2, 2, 3, 4], [2, 3, 5, 6, 7]]",0.7,1,2,3,2,PP,"[[2, 2, 1], [2, 2, 1], [2, 2, 1], [2, 2, 1]]",12,54,150,0.64,0.001803,20,0.005007588304579258,0.1281909942626953,0.13325844887318897,OPTIMAL,7.0,0.0,np_gurobi_optimal,0.0,3497.0,1.6,32,18.0,360,7.0,7.0,7.0,7.0,7.0,7.0,True,True,18.0,True,True
8936617204358862004,3,20,4,"[5, 5, 5, 5]","[[2, 4, 8, 10, 11], [4, 4, 6, 6, 10], [1, 2, 2, 3, 4], [2, 3, 5, 6, 7]]",0.7,1,2,3,3,PP,"[[2, 3], [3, 1, 1], [3, 2], [3, 2]]",9,30,150,0.8,0.0017975,20,0.004721015691757202,0.03841710090637207,0.043195671449348924,OPTIMAL,7.0,0.0,np_gurobi_optimal,0.0,520.0,3.2,64,23.4,468,7.0,7.0,7.0,7.0,7.0,7.0,True,True,23.4,True,True
8936617204358862004,3,20,4,"[5, 5, 5, 5]","[[2, 4, 8, 10, 11], [4, 4, 6, 6, 10], [1, 2, 2, 3, 4], [2, 3, 5, 6, 7]]",0.7,1,2,3,4,PP,"[[2, 3], [4, 1], [4, 1], [4, 1]]",8,24,150,0.84,0.001623,20,0.004319608211517334,0.020329952239990234,0.02470470842251587,OPTIMAL,7.0,0.0,np_gurobi_optimal,0.0,197.0,3.2,64,27.0,540,7.0,7.0,7.0,7.0,7.0,7.0,True,True,27.0,True,True
8936617204358862004,3,20,4,"[5, 5, 5, 5]","[[2, 4, 8, 10, 11], [4, 4, 6, 6, 10], [1, 2, 2, 3, 4], [2, 3, 5, 6, 7]]",0.7,1,2,3,5,PP,"[[2, 3], [4, 1], [5], [5]]",6,13,150,0.9133333333333333,0.001738,20,0.004199376329779625,0.0061190128326416016,0.010379122722232818,OPTIMAL,7.0,0.0,np_gurobi_optimal,0.0,1.0,3.2,64,28.8,576,7.0,7.0,7.0,7.0,7.0,7.0,True,True,28.8,True,True
8936617204358862004,3,20,4,"[5, 5, 5, 5]","[[2, 4, 8, 10, 11], [4, 4, 6, 6, 10], [1, 2, 2, 3, 4], [2, 3, 5, 6, 7]]",0.7,1,2,4,,CHP,"[[5], [5], [5], [5]]",4,6,150,0.96,0.0015725,20,0.0039147259667515755,0.002465963363647461,0.006434615197608471,OPTIMAL,7.0,0.0,np_gurobi_optimal,0.0,1.0,8.1,162,52.25,1045,7.0,,,7.0,7.0,,False,,,False,
8936617204358862004,3,20,4,"[5, 5, 5, 5]","[[2, 4, 8, 10, 11], [4, 4, 6, 6, 10], [1, 2, 2, 3, 4], [2, 3, 5, 6, 7]]",0.7,1,2,4,2,PP,"[[2, 2, 1], [2, 2, 1], [2, 2, 1], [2, 2, 1]]",12,54,150,0.64,0.001698,20,0.0046919407323002815,0.1385059356689453,0.14326016997324037,OPTIMAL,7.0,0.0,np_gurobi_optimal,0.0,3497.0,1.6,32,27.5,550,7.0,7.0,7.0,7.0,7.0,7.0,True,True,27.5,True,True
8936617204358862004,3,20,4,"[5, 5, 5, 5]","[[2, 4, 8, 10, 11], [4, 4, 6, 6, 10], [1, 2, 2, 3, 4], [2, 3, 5, 6, 7]]",0.7,1,2,4,3,PP,"[[3, 2], [3, 2], [3, 2], [3, 2]]",8,24,150,0.84,0.001918,20,0.005309294909238815,0.020478010177612305,0.025861322355287552,OPTIMAL,7.0,0.0,np_gurobi_optimal,0.0,282.0,7.35,147,35.75,715,7.0,7.0,7.0,7.0,7.0,7.0,True,True,35.75,True,True
8936617204358862004,3,20,4,"[5, 5, 5, 5]","[[2, 4, 8, 10, 11], [4, 4, 6, 6, 10], [1, 2, 2, 3, 4], [2, 3, 5, 6, 7]]",0.7,1,2,4,4,PP,"[[4, 1], [4, 1], [4, 1], [4, 1]]",8,24,150,0.84,0.001778,20,0.004784391261637211,0.017911911010742188,0.02275809283644247,OPTIMAL,7.0,0.0,np_gurobi_optimal,0.0,184.0,5.8,116,41.25,825,7.0,7.0,7.0,7.0,7.0,7.0,True,True,41.25,True,True
8936617204358862004,3,20,4,"[5, 5, 5, 5]","[[2, 4, 8, 10, 11], [4, 4, 6, 6, 10], [1, 2, 2, 3, 4], [2, 3, 5, 6, 7]]",0.7,1,2,4,5,PP,"[[5], [5], [5], [5]]",4,6,150,0.96,0.001798,20,0.004477867856621742,0.002151012420654297,0.006686591159365654,OPTIMAL,7.0,0.0,np_gurobi_optimal,0.0,1.0,8.1,162,44.0,880,7.0,7.0,7.0,7.0,7.0,7.0,True,True,44.0,True,True
9523531870617748466,4,20,4,"[5, 5, 5, 5]","[[3, 5, 6, 9, 9], [1, 2, 5, 9, 12], [1, 7, 8, 10, 11], [2, 3, 3, 4, 4]]",0.7,1,2,,1,NP,"[[1, 1, 1, 1, 1], [1, 1, 1, 1, 1], [1, 1, 1, 1, 1], [1, 1, 1, 1, 1]]",20,150,150,0.0,0.001362,20,0.0074685681611299515,30.00459599494934,30.012137539159845,TIME_LIMIT,6.9,,,0.22092281379417067,367029.0,0.0,0,0.0,0,,,,,,,False,,,False,
9523531870617748466,4,20,4,"[5, 5, 5, 5]","[[3, 5, 6, 9, 9], [1, 2, 5, 9, 12], [1, 7, 8, 10, 11], [2, 3, 3, 4, 4]]",0.7,1,2,2,,CHP,"[[3, 2], [2, 1, 1, 1], [1, 4], [5]]",9,28,150,0.8133333333333334,0.003971,20,0.00545163918286562,0.0449068546295166,0.05044546800552225,OPTIMAL,6.9,,,0.0,510.0,1.6,32,16.15,323,,,,,6.9,,False,,,False,
9523531870617748466,4,20,4,"[5, 5, 5, 5]","[[3, 5, 6, 9, 9], [1, 2, 5, 9, 12], [1, 7, 8, 10, 11], [2, 3, 3, 4, 4]]",0.7,1,2,2,2,PP,"[[2, 1, 2], [2, 1, 1, 1], [1, 2, 2], [2, 2, 1]]",13,63,150,0.5800000000000001,0.001863,20,0.006011105142533779,0.48424601554870605,0.49033765437176274,OPTIMAL,6.9,,,0.0,18950.0,0.85,17,8.5,170,,6.9,6.9,,6.9,6.9,False,,,False,
9523531870617748466,4,20,4,"[5, 5, 5, 5]","[[3, 5, 6, 9, 9], [1, 2, 5, 9, 12], [1, 7, 8, 10, 11], [2, 3, 3, 4, 4]]",0.7,1,2,2,3,PP,"[[3, 2], [2, 1, 1, 1], [1, 3, 1], [3, 2]]",11,44,150,0.7066666666666667,0.004371,20,0.005388063378632069,0.09547090530395508,0.10093915306545115,OPTIMAL,6.9,,,0.0,2756.0,1.6,32,11.05,221,,6.9,6.9,,6.9,6.9,False,,,False,
9523531870617748466,4,20,4,"[5, 5, 5, 5]","[[3, 5, 6, 9, 9], [1, 2, 5, 9, 12], [1, 7, 8, 10, 11], [2, 3, 3, 4, 4]]",0.7,1,2,2,4,PP,"[[3, 2], [2, 1, 1, 1], [1, 4], [4, 1]]",10,36,150,0.76,0.0029495,20,0.00570081640034914,0.05789995193481445,0.06368053145847273,OPTIMAL,6.9,,,0.0,1527.0,1.6,32,12.75,255,,6.9,6.9,,6.9,6.9,False,,,False,
9523531870617748466,4,20,4,"[5, 5, 5, 5]","[[3, 5, 6, 9, 9], [1, 2, 5, 9, 12], [1, 7, 8, 10, 11], [2, 3, 3, 4, 4]]",0.7,1,2,2,5,PP,"[[3, 2], [2, 1, 1, 1], [1, 4], [5]]",9,28,150,0.8133333333333334,0.002779,20,0.006671654060482979,0.03490114212036133,0.04163939964820528,OPTIMAL,6.9,,,0.0,510.0,1.6,32,13.6,272,,6.9,6.9,,6.9,6.9,False,,,False,
9523531870617748466,4,20,4,"[5, 5, 5, 5]","[[3, 5, 6, 9, 9], [1, 2, 5, 9, 12], [1, 7, 8, 10, 11], [2, 3, 3, 4, 4]]",0.7,1,2,3,,CHP,"[[5], [3, 2], [1, 4], [5]]",6,13,150,0.9133333333333333,0.0016825,20,0.004758160561323166,0.006933927536010742,0.011759032095427514,OPTIMAL,7.1,,,0.0,1.0,6.4,128,34.2,684,,,,,7.1,,False,,,False,
9523531870617748466,4,20,4,"[5, 5, 5, 5]","[[3, 5, 6, 9, 9], [1, 2, 5, 9, 12], [1, 7, 8, 10, 11], [2, 3, 3, 4, 4]]",0.7,1,2,3,2,PP,"[[2, 2, 1], [2, 1, 2], [1, 2, 2], [2, 2, 1]]",12,54,150,0.64,0.001817,20,0.0055906400084495544,0.21747493743896484,0.22314257080563735,OPTIMAL,6.9,,,0.0,8945.0,3.95,79,18.0,360,,7.1,6.9,,7.1,6.9,False,,,False,
9523531870617748466,4,20,4,"[5, 5, 5, 5]","[[3, 5, 6, 9, 9], [1, 2, 5, 9, 12], [1, 7, 8, 10, 11], [2, 3, 3, 4, 4]]",0.7,1,2,3,3,PP,"[[3, 2], [3, 2], [1, 3, 1], [3, 2]]",9,30,150,0.8,0.001848,20,0.005104575306177139,0.040762901306152344,0.045941942627439974,OPTIMAL,7.1,,,0.0,531.0,4.8,96,23.4,468,,7.1,7.1,,7.1,7.1,False,,,False,
9523531870617748466,4,20,4,"[5, 5, 5, 5]","[[3, 5, 6, 9, 9], [1, 2, 5, 9, 12], [1, 7, 8, 10, 11], [2, 3, 3, 4, 4]]",0.7,1,2,3,4,PP,"[[4, 1], [3, 2], [1, 4], [4, 1]]",8,24,150,0.84,0.004507,20,0.005266329273581505,0.02936720848083496,0.034701357925683976,OPTIMAL,7.1,,,0.0,241.0,6.4,128,27.0,540,,7.1,7.1,,7.1,7.1,False,,,False,
9523531870617748466,4,20,4,"[5, 5, 5, 5]","[[3, 5, 6, 9, 9], [1, 2, 5, 9, 12], [1, 7, 8, 10, 11], [2, 3, 3, 4, 4]]",0.7,1,2,3,5,PP,"[[5], [3, 2], [1, 4], [5]]",6,13,150,0.9133333333333333,0.0018225,20,0.004645872861146927,0.006658792495727539,0.011373789882729054,OPTIMAL,7.1,,,0.0,1.0,6.4,128,28.8,576,,7.1,7.1,,7.1,7.1,False,,,False,
9523531870617748466,4,20,4,"[5, 5, 5, 5]","[[3, 5, 6, 9, 9], [1, 2, 5, 9, 12], [1, 7, 8, 10, 11], [2, 3, 3, 4, 4]]",0.7,1,2,4,,CHP,"[[5], [5], [1, 4], [5]]",5,9,150,0.94,0.0041465,20,0.004700644873082638,0.0037479400634765625,0.008507619863816738,OPTIMAL,7.1,,,0.0,1.0,8.85,177,52.25,1045,,,,,7.1,,False,,,False,
9523531870617748466,4,20,4,"[5, 5, 5, 5]","[[3, 5, 6, 9, 9], [1, 2, 5, 9, 12], [1, 7, 8, 10, 11], [2, 3, 3, 4, 4]]",0.7,1,2,4,2,PP,"[[2, 2, 1], [2, 2, 1], [1, 2, 2], [2, 2, 1]]",12,54,150,0.64,0.0018625,20,0.0051133278757333755,0.2312009334564209,0.23638039347170592,OPTIMAL,6.9,,,0.0,8879.0,4.9,98,27.5,550,,7.1,6.9,,7.1,6.9,False,,,False,
9523531870617748466,4,20,4,"[5, 5, 5, 5]","[[3, 5, 6, 9, 9], [1, 2, 5, 9, 12], [1, 7, 8, 10, 11], [2, 3, 3, 4, 4]]",0.7,1,2,4,3,PP,"[[3, 2], [3, 2], [1, 3, 1], [3, 2]]",9,30,150,0.8,0.0017025,20,0.005095792002975941,0.04583907127380371,0.051008001943542956,OPTIMAL,7.1,,,0.0,531.0,4.8,96,35.75,715,,7.1,7.1,,7.1,7.1,False,,,False,
9523531870617748466,4,20,4,"[5, 5, 5, 5]","[[3, 5, 6, 9, 9], [1, 2, 5, 9, 12], [1, 7, 8, 10, 11], [2, 3, 3, 4, 4]]",0.7,1,2,4,4,PP,"[[4, 1], [4, 1], [1, 4], [4, 1]]",8,24,150,0.84,0.001798,20,0.005141270346939564,0.01836109161376953,0.023583839263580323,OPTIMAL,7.1,,,0.0,239.0,7.35,147,41.25,825,,7.1,7.1,,7.1,7.1,False,,,False,
9523531870617748466,4,20,4,"[5, 5, 5, 5]","[[3, 5, 6, 9, 9], [1, 2, 5, 9, 12], [1, 7, 8, 10, 11], [2, 3, 3, 4, 4]]",0.7,1,2,4,5,PP,"[[5], [5], [1, 4], [5]]",5,9,150,0.94,0.001718,20,0.0046136826276779175,0.0036618709564208984,0.008334441751664161,OPTIMAL,7.1,,,0.0,1.0,8.85,177,44.0,880,,7.1,7.1,,7.1,7.1,False,,,False,
8700922221262118902,5,20,4,"[5, 5, 5, 5]","[[2, 3, 4, 7, 9], [0, 1, 3, 5, 6], [1, 4, 4, 4, 6], [2, 4, 8, 9, 9]]",0.7,1,2,,1,NP,"[[1, 1, 1, 1, 1], [1, 1, 1, 1, 1], [1, 1, 1, 1, 1], [1, 1, 1, 1, 1]]",20,150,150,0.0,0.001247,20,0.007123245857656002,30.002802848815918,30.00999067999055,TIME_LIMIT,7.05,,,0.15907906396100707,381767.0,0.0,0,0.0,0,,,,,,,False,,,False,
8700922221262118902,5,20,4,"[5, 5, 5, 5]","[[2, 3, 4, 7, 9], [0, 1, 3, 5, 6], [1, 4, 4, 4, 6], [2, 4, 8, 9, 9]]",0.7,1,2,2,,CHP,"[[3, 2], [5], [1, 4], [2, 3]]",7,18,150,0.88,0.004016,20,0.004862850531935692,0.021773099899291992,0.02670494201329088,OPTIMAL,8.2,,,0.0,303.0,3.8,76,16.15,323,,,,,8.2,,False,,,False,
8700922221262118902,5,20,4,"[5, 5, 5, 5]","[[2, 3, 4, 7, 9], [0, 1, 3, 5, 6], [1, 4, 4, 4, 6], [2, 4, 8, 9, 9]]",0.7,1,2,2,2,PP,"[[2, 1, 2], [2, 2, 1], [1, 2, 2], [2, 2, 1]]",12,54,150,0.64,0.001838,20,0.005445148795843124,0.15220093727111816,0.15771632412213135,OPTIMAL,7.05,,,0.0,5374.0,3.0,60,8.5,170,,8.2,7.05,,8.2,7.05,False,,,False,
8700922221262118902,5,20,4,"[5, 5, 5, 5]","[[2, 3, 4, 7, 9], [0, 1, 3, 5, 6], [1, 4, 4, 4, 6], [2, 4, 8, 9, 9]]",0.7,1,2,2,3,PP,"[[3, 2], [3, 2], [1, 3, 1], [2, 3]]",9,30,150,0.8,0.001803,20,0.004987508058547974,0.05436897277832031,0.05942192017706919,OPTIMAL,7.75,,,0.0,967.0,2.35,47,11.05,221,,8.2,7.75,,8.2,7.75,False,,,False,
8700922221262118902,5,20,4,"[5, 5, 5, 5]","[[2, 3, 4, 7, 9], [0, 1, 3, 5, 6], [1, 4, 4, 4, 6], [2, 4, 8, 9, 9]]",0.7,1,2,2,4,PP,"[[3, 2], [4, 1], [1, 4], [2, 3]]",8,24,150,0.84,0.0016875,20,0.005322493612766266,0.03154897689819336,0.03693440644007921,OPTIMAL,8.2,,,0.0,511.0,3.8,76,12.75,255,,8.2,8.2,,8.2,8.2,False,,,False,
8700922221262118902,5,20,4,"[5, 5, 5, 5]","[[2, 3, 4, 7, 9], [0, 1, 3, 5, 6], [1, 4, 4, 4, 6], [2, 4, 8, 9, 9]]",0.7,1,2,2,5,PP,"[[3, 2], [5], [1, 4], [2, 3]]",7,18,150,0.88,0.001647,20,0.003919202834367752,0.01829218864440918,0.02227065288721037,OPTIMAL,8.2,,,0.0,303.0,3.8,76,13.6,272,,8.2,8.2,,8.2,8.2,False,,,False,
8700922221262118902,5,20,4,"[5, 5, 5, 5]","[[2, 3, 4, 7, 9], [0, 1, 3, 5, 6], [1, 4, 4, 4, 6], [2, 4, 8, 9, 9]]",0.7,1,2,3,,CHP,"[[5], [5], [5], [2, 3]]",5,9,150,0.94,0.001547,20,0.0037301871925592422,0.00545191764831543,0.009235752819666385,OPTIMAL,8.2,,,0.0,1.0,7.2,144,34.2,684,,,,,8.2,,False,,,False,
8700922221262118902,5,20,4,"[5, 5, 5, 5]","[[2, 3, 4, 7, 9], [0, 1, 3, 5, 6], [1, 4, 4, 4, 6], [2, 4, 8, 9, 9]]",0.7,1,2,3,2,PP,"[[2, 2, 1], [2, 2, 1], [2, 2, 1], [2, 2, 1]]",12,54,150,0.64,0.0044415,20,0.0051364535465836525,0.12280893325805664,0.1280131014290371,OPTIMAL,7.05,,,0.0,3149.0,5.0,100,18.0,360,,8.2,7.05,,8.2,7.05,False,,,False,
8700922221262118902,5,20,4,"[5, 5, 5, 5]","[[2, 3, 4, 7, 9], [0, 1, 3, 5, 6], [1, 4, 4, 4, 6], [2, 4, 8, 9, 9]]",0.7,1,2,3,3,PP,"[[3, 2], [3, 2], [3, 2], [2, 3]]",8,24,150,0.84,0.0044465,20,0.00526251457631588,0.053360939025878906,0.058697685034033296,OPTIMAL,7.75,,,0.0,725.0,4.85,97,23.4,468,,8.2,7.75,,8.2,7.75,False,,,False,
8700922221262118902,5,20,4,"[5, 5, 5, 5]","[[2, 3, 4, 7, 9], [0, 1, 3, 5, 6], [1, 4, 4, 4, 6], [2, 4, 8, 9, 9]]",0.7,1,2,3,4,PP,"[[4, 1], [4, 1], [4, 1], [2, 3]]",8,24,150,0.84,0.0017625,20,0.004793304949998856,0.02227497100830078,0.027137625468862055,OPTIMAL,8.2,,,0.0,261.0,5.8,116,27.0,540,,8.2,8.2,,8.2,8.2,False,,,False,
8700922221262118902,5,20,4,"[5, 5, 5, 5]","[[2, 3, 4, 7, 9], [0, 1, 3, 5, 6], [1, 4, 4, 4, 6], [2, 4, 8, 9, 9]]",0.7,1,2,3,5,PP,"[[5], [5], [5], [2, 3]]",5,9,150,0.94,0.0044765,20,0.004577619023621082,0.005789995193481445,0.010431616199459075,OPTIMAL,8.2,,,0.0,1.0,7.2,144,28.8,576,,8.2,8.2,,8.2,8.2,False,,,False,
8700922221262118902,5,20,4,"[5, 5, 5, 5]","[[2, 3, 4, 7, 9], [0, 1, 3, 5, 6], [1, 4, 4, 4, 6], [2, 4, 8, 9, 9]]",0.7,1,2,4,,CHP,"[[5], [5], [5], [5]]",4,6,150,0.96,0.0016275,20,0.00424251239746809,0.0034279823303222656,0.007734304773452282,OPTIMAL,8.2,,,0.0,1.0,9.8,196,52.25,1045,,,,,8.2,,False,,,False,
8700922221262118902,5,20,4,"[5, 5, 5, 5]","[[2, 3, 4, 7, 9], [0, 1, 3, 5, 6], [1, 4, 4, 4, 6], [2, 4, 8, 9, 9]]",0.7,1,2,4,2,PP,"[[2, 2, 1], [2, 2, 1], [2, 2, 1], [2, 2, 1]]",12,54,150,0.64,0.004382,20,0.005213028751313686,0.1207740306854248,0.12606712070915174,OPTIMAL,7.05,,,0.0,3149.0,5.0,100,27.5,550,,8.2,7.05,,8.2,7.05,False,,,False,
8700922221262118902,5,20,4,"[5, 5, 5, 5]","[[2, 3, 4, 7, 9], [0, 1, 3, 5, 6], [1, 4, 4, 4, 6], [2, 4, 8, 9, 9]]",0.7,1,2,4,3,PP,"[[3, 2], [3, 2], [3, 2], [3, 2]]",8,24,150,0.84,0.00295,20,0.005268683657050133,0.02589893341064453,0.03123845955206156,OPTIMAL,7.75,,,0.0,406.0,7.45,149,35.75,715,,8.2,7.75,,8.2,7.75,False,,,False,
8700922221262118902,5,20,4,"[5, 5, 5, 5]","[[2, 3, 4, 7, 9], [0, 1, 3, 5, 6], [1, 4, 4, 4, 6], [2, 4, 8, 9, 9]]",0.7,1,2,4,4,PP,"[[4, 1], [4, 1], [4, 1], [4, 1]]",8,24,150,0.84,0.004422,20,0.0050769224762916565,0.021138906478881836,0.02628061555916977,OPTIMAL,8.2,,,0.0,213.0,8.4,168,41.25,825,,8.2,8.2,,8.2,8.2,False,,,False,
8700922221262118902,5,20,4,"[5, 5, 5, 5]","[[2, 3, 4, 7, 9], [0, 1, 3, 5, 6], [1, 4, 4, 4, 6], [2, 4, 8, 9, 9]]",0.7,1,2,4,5,PP,"[[5], [5], [5], [5]]",4,6,150,0.96,0.0016625,20,0.004503236152231693,0.003972053527832031,0.008535570554232597,OPTIMAL,8.2,,,0.0,1.0,9.8,196,44.0,880,,8.2,8.2,,8.2,8.2,False,,,False,
10473355509154336998,6,20,4,"[5, 5, 5, 5]","[[2, 3, 4, 5, 5], [1, 2, 2, 2, 2], [1, 1, 2, 2, 3], [5, 5, 6, 9, 11]]",0.7,1,2,,1,NP,"[[1, 1, 1, 1, 1], [1, 1, 1, 1, 1], [1, 1, 1, 1, 1], [1, 1, 1, 1, 1]]",20,150,150,0.0,0.001227,20,0.007310008630156517,13.403171062469482,13.410549749137106,OPTIMAL,8.35,0.0,np_gurobi_optimal,0.0,141142.0,0.0,0,0.0,0,8.35,,,8.35,,,False,,,False,
10473355509154336998,6,20,4,"[5, 5, 5, 5]","[[2, 3, 4, 5, 5], [1, 2, 2, 2, 2], [1, 1, 2, 2, 3], [5, 5, 6, 9, 11]]",0.7,1,2,2,,CHP,"[[5], [5], [5], [3, 2]]",5,9,150,0.94,0.0016025,20,0.0047295475378632545,0.005514860153198242,0.010320247776129245,OPTIMAL,8.35,0.0,np_gurobi_optimal,0.0,1.0,0.7,14,16.15,323,8.35,,,8.35,8.35,,False,,,False,
10473355509154336998,6,20,4,"[5, 5, 5, 5]","[[2, 3, 4, 5, 5], [1, 2, 2, 2, 2], [1, 1, 2, 2, 3], [5, 5, 6, 9, 11]]",0.7,1,2,2,2,PP,"[[2, 2, 1], [2, 2, 1], [2, 2, 1], [2, 1, 2]]",12,54,150,0.64,0.0018975,20,0.0054141925647854805,0.11756515502929688,0.12305369453980684,OPTIMAL,8.35,0.0,np_gurobi_optimal,0.0,3418.0,0.7,14,8.5,170,8.35,8.35,8.35,8.35,8.35,8.35,True,True,8.5,True,True
10473355509154336998,6,20,4,"[5, 5, 5, 5]","[[2, 3, 4, 5, 5], [1, 2, 2, 2, 2], [1, 1, 2, 2, 3], [5, 5, 6, 9, 11]]",0.7,1,2,2,3,PP,"[[3, 2], [3, 2], [3, 2], [3, 2]]",8,24,150,0.84,0.001728,20,0.004938032478094101,0.051522016525268555,0.05652812069828796,OPTIMAL,8.35,0.0,np_gurobi_optimal,0.0,604.0,0.7,14,11.05,221,8.35,8.35,8.35,8.35,8.35,8.35,True,True,11.05,True,True
10473355509154336998,6,20,4,"[5, 5, 5, 5]","[[2, 3, 4, 5, 5], [1, 2, 2, 2, 2], [1, 1, 2, 2, 3], [5, 5, 6, 9, 11]]",0.7,1,2,2,4,PP,"[[4, 1], [4, 1], [4, 1], [3, 2]]",8,24,150,0.84,0.001708,20,0.005362574942409992,0.030035972595214844,0.03546112119316626,OPTIMAL,8.35,0.0,np_gurobi_optimal,0.0,382.0,0.7,14,12.75,255,8.35,8.35,8.35,8.35,8.35,8.35,True,True,12.75,True,True
10473355509154336998,6,20,4,"[5, 5, 5, 5]","[[2, 3, 4, 5, 5], [1, 2, 2, 2, 2], [1, 1, 2, 2, 3], [5, 5, 6, 9, 11]]",0.7,1,2,2,5,PP,"[[5], [5], [5], [3, 2]]",5,9,150,0.94,0.004432,20,0.004854266531765461,0.005233049392700195,0.010150857105631352,OPTIMAL,8.35,0.0,np_gurobi_optimal,0.0,1.0,0.7,14,13.6,272,8.35,8.35,8.35,8.35,8.35,8.35,True,True,13.6,True,True
10473355509154336998,6,20,4,"[5, 5, 5, 5]","[[2, 3, 4, 5, 5], [1, 2, 2, 2, 2], [1, 1, 2, 2, 3], [5, 5, 6, 9, 11]]",0.7,1,2,3,,CHP,"[[5], [5], [5], [5]]",4,6,150,0.96,0.0016025,20,0.004361782222986221,0.002401113510131836,0.006816602005877494,OPTIMAL,8.35,0.0,np_gurobi_optimal,0.0,1.0,2.3,46,34.2,684,8.35,,,8.35,8.35,,False,,,False,
10473355509154336998,6,20,4,"[5, 5, 5, 5]","[[2, 3, 4, 5, 5], [1, 2, 2, 2, 2], [1, 1, 2, 2, 3], [5, 5, 6, 9, 11]]",0.7,1,2,3,2,PP,"[[2, 2, 1], [2, 2, 1], [2, 2, 1], [2, 2, 1]]",12,54,150,0.64,0.0017475,20,0.004962189123034477,0.14964699745178223,0.1546759869566536,OPTIMAL,8.35,0.0,np_gurobi_optimal,0.0,4577.0,1.6,32,18.0,360,8.35,8.35,8.35,8.35,8.35,8.35,True,True,18.0,True,True
10473355509154336998,6,20,4,"[5, 5, 5, 5]","[[2, 3, 4, 5, 5], [1, 2, 2, 2, 2], [1, 1, 2, 2, 3], [5, 5, 6, 9, 11]]",0.7,1,2,3,3,PP,"[[3, 2], [3, 2], [3, 2], [3, 2]]",8,24,150,0.84,0.0043115,20,0.005061148665845394,0.05106401443481445,0.05619903228979015,OPTIMAL,8.35,0.0,np_gurobi_optimal,0.0,604.0,0.7,14,23.4,468,8.35,8.35,8.35,8.35,8.35,8.35,True,True,23.4,True,True
10473355509154336998,6,20,4,"[5, 5, 5, 5]","[[2, 3, 4, 5, 5], [1, 2, 2, 2, 2], [1, 1, 2, 2, 3], [5, 5, 6, 9, 11]]",0.7,1,2,3,4,PP,"[[4, 1], [4, 1], [4, 1], [4, 1]]",8,24,150,0.84,0.004197,20,0.005075110122561455,0.026922941207885742,0.032063309563729284,OPTIMAL,8.35,0.0,np_gurobi_optimal,0.0,290.0,1.6,32,27.0,540,8.35,8.35,8.35,8.35,8.35,8.35,True,True,27.0,True,True
10473355509154336998,6,20,4,"[5, 5, 5, 5]","[[2, 3, 4, 5, 5], [1, 2, 2, 2, 2], [1, 1, 2, 2, 3], [5, 5, 6, 9, 11]]",0.7,1,2,3,5,PP,"[[5], [5], [5], [5]]",4,6,150,0.96,0.001788,20,0.004525449126958847,0.0028150081634521484,0.00739889671130228,OPTIMAL,8.35,0.0,np_gurobi_optimal,0.0,1.0,2.3,46,28.8,576,8.35,8.35,8.35,8.35,8.35,8.35,True,True,28.8,True,True
10473355509154336998,6,20,4,"[5, 5, 5, 5]","[[2, 3, 4, 5, 5], [1, 2, 2, 2, 2], [1, 1, 2, 2, 3], [5, 5, 6, 9, 11]]",0.7,1,2,4,,CHP,"[[5], [5], [5], [5]]",4,6,150,0.96,0.0016425,20,0.004082240164279938,0.002839803695678711,0.006975442749397755,OPTIMAL,8.35,0.0,np_gurobi_optimal,0.0,1.0,2.3,46,52.25,1045,8.35,,,8.35,8.35,,False,,,False,
10473355509154336998,6,20,4,"[5, 5, 5, 5]","[[2, 3, 4, 5, 5], [1, 2, 2, 2, 2], [1, 1, 2, 2, 3], [5, 5, 6, 9, 11]]",0.7,1,2,4,2,PP,"[[2, 2, 1], [2, 2, 1], [2, 2, 1], [2, 2, 1]]",12,54,150,0.64,0.0017275,20,0.004676868207752705,0.15171384811401367,0.15646010440681218,OPTIMAL,8.35,0.0,np_gurobi_optimal,0.0,4577.0,1.6,32,27.5,550,8.35,8.35,8.35,8.35,8.35,8.35,True,True,27.5,True,True
10473355509154336998,6,20,4,"[5, 5, 5, 5]","[[2, 3, 4, 5, 5], [1, 2, 2, 2, 2], [1, 1, 2, 2, 3], [5, 5, 6, 9, 11]]",0.7,1,2,4,3,PP,"[[3, 2], [3, 2], [3, 2], [3, 2]]",8,24,150,0.84,0.004647,20,0.00530448742210865,0.04950904846191406,0.05488653357909632,OPTIMAL,8.35,0.0,np_gurobi_optimal,0.0,604.0,0.7,14,35.75,715,8.35,8.35,8.35,8.35,8.35,8.35,True,True,35.75,True,True
10473355509154336998,6,20,4,"[5, 5, 5, 5]","[[2, 3, 4, 5, 5], [1, 2, 2, 2, 2], [1, 1, 2, 2, 3], [5, 5, 6, 9, 11]]",0.7,1,2,4,4,PP,"[[4, 1], [4, 1], [4, 1], [4, 1]]",8,24,150,0.84,0.0017725,20,0.005330085754394531,0.027843952178955078,0.03324435484351873,OPTIMAL,8.35,0.0,np_gurobi_optimal,0.0,290.0,1.6,32,41.25,825,8.35,8.35,8.35,8.35,8.35,8.35,True,True,41.25,True,True
10473355509154336998,6,20,4,"[5, 5, 5, 5]","[[2, 3, 4, 5, 5], [1, 2, 2, 2, 2], [1, 1, 2, 2, 3], [5, 5, 6, 9, 11]]",0.7,1,2,4,5,PP,"[[5], [5], [5], [5]]",4,6,150,0.96,0.001813,20,0.004699523560702801,0.0032091140747070312,0.007967743737555027,OPTIMAL,8.35,0.0,np_gurobi_optimal,0.0,1.0,2.3,46,44.0,880,8.35,8.35,8.35,8.35,8.35,8.35,True,True,44.0,True,True
1831013699055432350,7,20,4,"[5, 5, 5, 5]","[[5, 5, 6, 7, 7], [10, 14, 14, 16, 17], [1, 6, 7, 9, 10], [3, 3, 4, 5, 5]]",0.7,1,2,,1,NP,"[[1, 1, 1, 1, 1], [1, 1, 1, 1, 1], [1, 1, 1, 1, 1], [1, 1, 1, 1, 1]]",20,150,150,0.0,0.00303,20,0.007575829513370991,2.354461908340454,2.362104911764829,OPTIMAL,5.1,0.0,np_gurobi_optimal,0.0,56359.0,0.0,0,0.0,0,5.1,,,5.1,,,False,,,False,
1831013699055432350,7,20,4,"[5, 5, 5, 5]","[[5, 5, 6, 7, 7], [10, 14, 14, 16, 17], [1, 6, 7, 9, 10], [3, 3, 4, 5, 5]]",0.7,1,2,2,,CHP,"[[5], [1, 4], [1, 4], [5]]",6,13,150,0.9133333333333333,0.0015925,20,0.004681635648012161,0.0035860538482666016,0.008331833345680236,OPTIMAL,5.1,0.0,np_gurobi_optimal,0.0,1.0,1.5,30,16.15,323,5.1,,,5.1,5.1,,False,,,False,
1831013699055432350,7,20,4,"[5, 5, 5, 5]","[[5, 5, 6, 7, 7], [10, 14, 14, 16, 17], [1, 6, 7, 9, 10], [3, 3, 4, 5, 5]]",0.7,1,2,2,2,PP,"[[2, 2, 1], [1, 2, 2], [1, 2, 2], [2, 2, 1]]",12,54,150,0.64,0.0018675,20,0.0055867526680231094,0.0672919750213623,0.07295813151901245,OPTIMAL,5.1,0.0,np_gurobi_optimal,0.0,1014.0,0.0,0,8.5,170,5.1,5.1,5.1,5.1,5.1,5.1,True,True,8.5,True,True
1831013699055432350,7,20,4,"[5, 5, 5, 5]","[[5, 5, 6, 7, 7], [10, 14, 14, 16, 17], [1, 6, 7, 9, 10], [3, 3, 4, 5, 5]]",0.7,1,2,2,3,PP,"[[3, 2], [1, 3, 1], [1, 3, 1], [3, 2]]",10,37,150,0.7533333333333333,0.001853,20,0.0054135313257575035,0.02879500389099121,0.0342826141450553,OPTIMAL,5.1,0.0,np_gurobi_optimal,0.0,196.0,1.5,30,11.05,221,5.1,5.1,5.1,5.1,5.1,5.1,True,True,11.05,True,True
1831013699055432350,7,20,4,"[5, 5, 5, 5]","[[5, 5, 6, 7, 7], [10, 14, 14, 16, 17], [1, 6, 7, 9, 10], [3, 3, 4, 5, 5]]",0.7,1,2,2,4,PP,"[[4, 1], [1, 4], [1, 4], [4, 1]]",8,24,150,0.84,0.0017025,20,0.0048161884769797325,0.008114814758300781,0.01299100373448372,OPTIMAL,5.1,0.0,np_gurobi_optimal,0.0,1.0,1.5,30,12.75,255,5.1,5.1,5.1,5.1,5.1,5.1,True,True,12.75,True,True
1831013699055432350,7,20,4,"[5, 5, 5, 5]","[[5, 5, 6, 7, 7], [10, 14, 14, 16, 17], [1, 6, 7, 9, 10], [3, 3, 4, 5, 5]]",0.7,1,2,2,5,PP,"[[5], [1, 4], [1, 4], [5]]",6,13,150,0.9133333333333333,0.001622,20,0.004226877354085445,0.002732992172241211,0.007011405759713173,OPTIMAL,5.1,0.0,np_gurobi_optimal,0.0,1.0,1.5,30,13.6,272,5.1,5.1,5.1,5.1,5.1,5.1,True,True,13.6,True,True
1831013699055432350,7,20,4,"[5, 5, 5, 5]","[[5, 5, 6, 7, 7], [10, 14, 14, 16, 17], [1, 6, 7, 9, 10], [3, 3, 4, 5, 5]]",0.7,1,2,3,,CHP,"[[5], [1, 4], [1, 4], [5]]",6,13,150,0.9133333333333333,0.003936,20,0.004409163258969784,0.0033638477325439453,0.007834230780433177,OPTIMAL,5.1,0.0,np_gurobi_optimal,0.0,1.0,1.5,30,34.2,684,5.1,,,5.1,5.1,,False,,,False,
1831013699055432350,7,20,4,"[5, 5, 5, 5]","[[5, 5, 6, 7, 7], [10, 14, 14, 16, 17], [1, 6, 7, 9, 10], [3, 3, 4, 5, 5]]",0.7,1,2,3,2,PP,"[[2, 2, 1], [1, 2, 2], [1, 2, 2], [2, 2, 1]]",12,54,150,0.64,0.004742,20,0.005502836778759956,0.06818604469299316,0.0737608742748661,OPTIMAL,5.1,0.0,np_gurobi_optimal,0.0,1014.0,0.0,0,18.0,360,5.1,5.1,5.1,5.1,5.1,5.1,True,True,18.0,True,True
1831013699055432350,7,20,4,"[5, 5, 5, 5]","[[5, 5, 6, 7, 7], [10, 14, 14, 16, 17], [1, 6, 7, 9, 10], [3, 3, 4, 5, 5]]",0.7,1,2,3,3,PP,"[[3, 2], [1, 3, 1], [1, 3, 1], [3, 2]]",10,37,150,0.7533333333333333,0.0017425,20,0.0051332078874111176,0.02821207046508789,0.03341243695014,OPTIMAL,5.1,0.0,np_gurobi_optimal,0.0,196.0,1.5,30,23.4,468,5.1,5.1,5.1,5.1,5.1,5.1,True,True,23.4,True,True
1831013699055432350,7,20,4,"[5, 5, 5, 5]","[[5, 5, 6, 7, 7], [10, 14, 14, 16, 17], [1, 6, 7, 9, 10], [3, 3, 4, 5, 5]]",0.7,1,2,3,4,PP,"[[4, 1], [1, 4], [1, 4], [4, 1]]",8,24,150,0.84,0.0017625,20,0.00495244562625885,0.008304119110107422,0.013317036880147457,OPTIMAL,5.1,0.0,np_gurobi_optimal,0.0,1.0,1.5,30,27.0,540,5.1,5.1,5.1,5.1,5.1,5.1,True,True,27.0,True,True
1831013699055432350,7,20,4,"[5, 5, 5, 5]","[[5, 5, 6, 7, 7], [10, 14, 14, 16, 17], [1, 6, 7, 9, 10], [3, 3, 4, 5, 5]]",0.7,1,2,3,5,PP,"[[5], [1, 4], [1, 4], [5]]",6,13,150,0.9133333333333333,0.0018175,20,0.004546580836176872,0.002978086471557617,0.0075805518084812165,OPTIMAL,5.1,0.0,np_gurobi_optimal,0.0,1.0,1.5,30,28.8,576,5.1,5.1,5.1,5.1,5.1,5.1,True,True,28.8,True,True
1831013699055432350,7,20,4,"[5, 5, 5, 5]","[[5, 5, 6, 7, 7], [10, 14, 14, 16, 17], [1, 6, 7, 9, 10], [3, 3, 4, 5, 5]]",0.7,1,2,4,,CHP,"[[5], [5], [1, 4], [5]]",5,9,150,0.94,0.001663,20,0.004615976475179195,0.002635955810546875,0.007304810576749325,OPTIMAL,5.1,0.0,np_gurobi_optimal,0.0,1.0,4.25,85,52.25,1045,5.1,,,5.1,5.1,,False,,,False,
1831013699055432350,7,20,4,"[5, 5, 5, 5]","[[5, 5, 6, 7, 7], [10, 14, 14, 16, 17], [1, 6, 7, 9, 10], [3, 3, 4, 5, 5]]",0.7,1,2,4,2,PP,"[[2, 2, 1], [2, 2, 1], [1, 2, 2], [2, 2, 1]]",12,54,150,0.64,0.0017675,20,0.00472868699580431,0.06858110427856445,0.07337512154008627,OPTIMAL,5.1,0.0,np_gurobi_optimal,0.0,954.0,3.5,70,27.5,550,5.1,5.1,5.1,5.1,5.1,5.1,True,True,27.5,True,True
1831013699055432350,7,20,4,"[5, 5, 5, 5]","[[5, 5, 6, 7, 7], [10, 14, 14, 16, 17], [1, 6, 7, 9, 10], [3, 3, 4, 5, 5]]",0.7,1,2,4,3,PP,"[[3, 2], [3, 2], [1, 3, 1], [3, 2]]",9,30,150,0.8,0.004492,20,0.005416105501353741,0.02074289321899414,0.026230158515529154,OPTIMAL,5.1,0.0,np_gurobi_optimal,0.0,106.0,3.5,70,35.75,715,5.1,5.1,5.1,5.1,5.1,5.1,True,True,35.75,True,True
1831013699055432350,7,20,4,"[5, 5, 5, 5]","[[5, 5, 6, 7, 7], [10, 14, 14, 16, 17], [1, 6, 7, 9, 10], [3, 3, 4, 5, 5]]",0.7,1,2,4,4,PP,"[[4, 1], [4, 1], [1, 4], [4, 1]]",8,24,150,0.84,0.0017675,20,0.005041378550231457,0.007728099822998047,0.012831917813675403,OPTIMAL,5.1,0.0,np_gurobi_optimal,0.0,1.0,4.25,85,41.25,825,5.1,5.1,5.1,5.1,5.1,5.1,True,True,41.25,True,True
1831013699055432350,7,20,4,"[5, 5, 5, 5]","[[5, 5, 6, 7, 7], [10, 14, 14, 16, 17], [1, 6, 7, 9, 10], [3, 3, 4, 5, 5]]",0.7,1,2,4,5,PP,"[[5], [5], [1, 4], [5]]",5,9,150,0.94,0.0017475,20,0.004464157857000828,0.003156900405883789,0.007680573839542865,OPTIMAL,5.1,0.0,np_gurobi_optimal,0.0,1.0,4.25,85,44.0,880,5.1,5.1,5.1,5.1,5.1,5.1,True,True,44.0,True,True
13347595186315110599,8,20,4,"[5, 5, 5, 5]","[[2, 3, 6, 6, 11], [0, 2, 4, 6, 8], [3, 3, 6, 6, 7], [2, 3, 3, 3, 5]]",0.7,1,2,,1,NP,"[[1, 1, 1, 1, 1], [1, 1, 1, 1, 1], [1, 1, 1, 1, 1], [1, 1, 1, 1, 1]]",20,150,150,0.0,0.003175,20,0.007185350172221661,15.033643960952759,15.040895909192312,OPTIMAL,7.35,0.0,np_gurobi_optimal,0.0,165169.0,0.0,0,0.0,0,7.35,,,7.35,,,False,,,False,
13347595186315110599,8,20,4,"[5, 5, 5, 5]","[[2, 3, 6, 6, 11], [0, 2, 4, 6, 8], [3, 3, 6, 6, 7], [2, 3, 3, 3, 5]]",0.7,1,2,2,,CHP,"[[2, 2, 1], [5], [2, 3], [5]]",7,17,150,0.8866666666666667,0.0042265,20,0.005165296606719494,0.02053999900817871,0.0257786215933218,OPTIMAL,8.55,1.200000000000001,np_gurobi_optimal,0.0,231.0,3.8,76,16.15,323,7.35,,,7.35,8.55,,False,,,False,
13347595186315110599,8,20,4,"[5, 5, 5, 5]","[[2, 3, 6, 6, 11], [0, 2, 4, 6, 8], [3, 3, 6, 6, 7], [2, 3, 3, 3, 5]]",0.7,1,2,2,2,PP,"[[2, 2, 1], [2, 2, 1], [2, 2, 1], [2, 2, 1]]",12,54,150,0.64,0.0044415,20,0.005573133006691933,0.17720293998718262,0.1828588610741415,OPTIMAL,8.1,0.75,np_gurobi_optimal,0.0,5461.0,1.6,32,8.5,170,7.35,8.55,8.1,7.35,8.55,8.1,True,True,7.75,True,True
13347595186315110599,8,20,4,"[5, 5, 5, 5]","[[2, 3, 6, 6, 11], [0, 2, 4, 6, 8], [3, 3, 6, 6, 7], [2, 3, 3, 3, 5]]",0.7,1,2,2,3,PP,"[[2, 2, 1], [3, 2], [2, 3], [3, 2]]",9,30,150,0.8,0.002259,20,0.005953227169811726,0.06601119041442871,0.07204772586261893,OPTIMAL,8.55,1.200000000000001,np_gurobi_optimal,0.0,1646.0,3.05,61,11.05,221,7.35,8.55,8.55,7.35,8.55,8.55,True,True,9.85,True,True
13347595186315110599,8,20,4,"[5, 5, 5, 5]","[[2, 3, 6, 6, 11], [0, 2, 4, 6, 8], [3, 3, 6, 6, 7], [2, 3, 3, 3, 5]]",0.7,1,2,2,4,PP,"[[2, 2, 1], [4, 1], [2, 3], [4, 1]]",9,30,150,0.8,0.002294,20,0.006347242742776871,0.04227709770202637,0.04872381981810951,OPTIMAL,8.55,1.200000000000001,np_gurobi_optimal,0.0,624.0,2.4,48,12.75,255,7.35,8.55,8.55,7.35,8.55,8.55,True,True,11.549999999999999,True,True
13347595186315110599,8,20,4,"[5, 5, 5, 5]","[[2, 3, 6, 6, 11], [0, 2, 4, 6, 8], [3, 3, 6, 6, 7], [2, 3, 3, 3, 5]]",0.7,1,2,2,5,PP,"[[2, 2, 1], [5], [2, 3], [5]]",7,17,150,0.8866666666666667,0.002879,20,0.006543729454278946,0.021340131759643555,0.02798035303383255,OPTIMAL,8.55,1.200000000000001,np_gurobi_optimal,0.0,231.0,3.8,76,13.6,272,7.35,8.55,8.55,7.35,8.55,8.55,True,True,12.399999999999999,True,True
13347595186315110599,8,20,4,"[5, 5, 5, 5]","[[2, 3, 6, 6, 11], [0, 2, 4, 6, 8], [3, 3, 6, 6, 7], [2, 3, 3, 3, 5]]",0.7,1,2,3,,CHP,"[[4, 1], [5], [5], [5]]",5,9,150,0.94,0.002879,20,0.005641176365315914,0.004672050476074219,0.010411058834485055,OPTIMAL,8.55,1.200000000000001,np_gurobi_optimal,0.0,1.0,7.2,144,34.2,684,7.35,,,7.35,8.55,,False,,,False,
13347595186315110599,8,20,4,"[5, 5, 5, 5]","[[2, 3, 6, 6, 11], [0, 2, 4, 6, 8], [3, 3, 6, 6, 7], [2, 3, 3, 3, 5]]",0.7,1,2,3,2,PP,"[[2, 2, 1], [2, 2, 1], [2, 2, 1], [2, 2, 1]]",12,54,150,0.64,0.003175,20,0.007047290913760662,0.18422508239746094,0.19137102098231315,OPTIMAL,8.1,0.75,np_gurobi_optimal,0.0,5461.0,1.6,32,18.0,360,7.35,8.55,8.1,7.35,8.55,8.1,True,True,17.25,True,True
13347595186315110599,8,20,4,"[5, 5, 5, 5]","[[2, 3, 6, 6, 11], [0, 2, 4, 6, 8], [3, 3, 6, 6, 7], [2, 3, 3, 3, 5]]",0.7,1,2,3,3,PP,"[[3, 1, 1], [3, 2], [3, 2], [3, 2]]",9,30,150,0.8,0.001798,20,0.005053256638348103,0.059689998626708984,0.06481151710059452,OPTIMAL,8.55,1.200000000000001,np_gurobi_optimal,0.0,904.0,6.45,129,23.4,468,7.35,8.55,8.55,7.35,8.55,8.55,True,True,22.199999999999996,True,True
13347595186315110599,8,20,4,"[5, 5, 5, 5]","[[2, 3, 6, 6, 11], [0, 2, 4, 6, 8], [3, 3, 6, 6, 7], [2, 3, 3, 3, 5]]",0.7,1,2,3,4,PP,"[[4, 1], [4, 1], [4, 1], [4, 1]]",8,24,150,0.84,0.0017275,20,0.00484621524810791,0.022705793380737305,0.027618917533197403,OPTIMAL,8.55,1.200000000000001,np_gurobi_optimal,0.0,281.0,5.8,116,27.0,540,7.35,8.55,8.55,7.35,8.55,8.55,True,True,25.799999999999997,True,True
13347595186315110599,8,20,4,"[5, 5, 5, 5]","[[2, 3, 6, 6, 11], [0, 2, 4, 6, 8], [3, 3, 6, 6, 7], [2, 3, 3, 3, 5]]",0.7,1,2,3,5,PP,"[[4, 1], [5], [5], [5]]",5,9,150,0.94,0.0043565,20,0.004504768177866936,0.0034759044647216797,0.008038178790599346,OPTIMAL,8.55,1.200000000000001,np_gurobi_optimal,0.0,1.0,7.2,144,28.8,576,7.35,8.55,8.55,7.35,8.55,8.55,True,True,27.6,True,True
13347595186315110599,8,20,4,"[5, 5, 5, 5]","[[2, 3, 6, 6, 11], [0, 2, 4, 6, 8], [3, 3, 6, 6, 7], [2, 3, 3, 3, 5]]",0.7,1,2,4,,CHP,"[[4, 1], [5], [5], [5]]",5,9,150,0.94,0.001713,20,0.004204876720905304,0.003368854522705078,0.007626908197761059,OPTIMAL,8.55,1.200000000000001,np_gurobi_optimal,0.0,1.0,7.2,144,52.25,1045,7.35,,,7.35,8.55,,False,,,False,
13347595186315110599,8,20,4,"[5, 5, 5, 5]","[[2, 3, 6, 6, 11], [0, 2, 4, 6, 8], [3, 3, 6, 6, 7], [2, 3, 3, 3, 5]]",0.7,1,2,4,2,PP,"[[2, 2, 1], [2, 2, 1], [2, 2, 1], [2, 2, 1]]",12,54,150,0.64,0.001773,20,0.004910150542855263,0.1571028232574463,0.1620750247912984,OPTIMAL,8.1,0.75,np_gurobi_optimal,0.0,5461.0,1.6,32,27.5,550,7.35,8.55,8.1,7.35,8.55,8.1,True,True,26.75,True,True
13347595186315110599,8,20,4,"[5, 5, 5, 5]","[[2, 3, 6, 6, 11], [0, 2, 4, 6, 8], [3, 3, 6, 6, 7], [2, 3, 3, 3, 5]]",0.7,1,2,4,3,PP,"[[3, 1, 1], [3, 2], [3, 2], [3, 2]]",9,30,150,0.8,0.004301,20,0.005284576676785946,0.0669851303100586,0.07233872466123199,OPTIMAL,8.55,1.200000000000001,np_gurobi_optimal,0.0,904.0,6.45,129,35.75,715,7.35,8.55,8.55,7.35,8.55,8.55,True,True,34.55,True,True
13347595186315110599,8,20,4,"[5, 5, 5, 5]","[[2, 3, 6, 6, 11], [0, 2, 4, 6, 8], [3, 3, 6, 6, 7], [2, 3, 3, 3, 5]]",0.7,1,2,4,4,PP,"[[4, 1], [4, 1], [4, 1], [4, 1]]",8,24,150,0.84,0.004347,20,0.005228863097727299,0.022357940673828125,0.02765540830391359,OPTIMAL,8.55,1.200000000000001,np_gurobi_optimal,0.0,281.0,5.8,116,41.25,825,7.35,8.55,8.55,7.35,8.55,8.55,True,True,40.05,True,True
13347595186315110599,8,20,4,"[5, 5, 5, 5]","[[2, 3, 6, 6, 11], [0, 2, 4, 6, 8], [3, 3, 6, 6, 7], [2, 3, 3, 3, 5]]",0.7,1,2,4,5,PP,"[[4, 1], [5], [5], [5]]",5,9,150,0.94,0.004101,20,0.004864422604441643,0.0036020278930664062,0.00852460918502903,OPTIMAL,8.55,1.200000000000001,np_gurobi_optimal,0.0,1.0,7.2,144,44.0,880,7.35,8.55,8.55,7.35,8.55,8.55,True,True,42.8,True,True
5814516335918752717,9,20,4,"[5, 5, 5, 5]","[[1, 4, 4, 6, 8], [1, 4, 4, 7, 12], [4, 5, 6, 6, 9], [3, 5, 6, 7, 9]]",0.7,1,2,,1,NP,"[[1, 1, 1, 1, 1], [1, 1, 1, 1, 1], [1, 1, 1, 1, 1], [1, 1, 1, 1, 1]]",20,150,150,0.0,0.001172,20,0.007231058552861214,30.005467891693115,30.012789566466044,TIME_LIMIT,7.45,,,0.1375193213366573,367610.0,0.0,0,0.0,0,,,,,,,False,,,False,
5814516335918752717,9,20,4,"[5, 5, 5, 5]","[[1, 4, 4, 6, 8], [1, 4, 4, 7, 12], [4, 5, 6, 6, 9], [3, 5, 6, 7, 9]]",0.7,1,2,2,,CHP,"[[1, 4], [1, 2, 1, 1], [4, 1], [5]]",9,28,150,0.8133333333333334,0.004096,20,0.005433010868728161,0.035598039627075195,0.04111064229766941,OPTIMAL,7.65,,,0.0,311.0,3.0,60,16.15,323,,,,,7.65,,False,,,False,
5814516335918752717,9,20,4,"[5, 5, 5, 5]","[[1, 4, 4, 6, 8], [1, 4, 4, 7, 12], [4, 5, 6, 6, 9], [3, 5, 6, 7, 9]]",0.7,1,2,2,2,PP,"[[1, 2, 2], [1, 2, 1, 1], [2, 2, 1], [2, 2, 1]]",13,63,150,0.5800000000000001,0.001783,20,0.0057052625343203545,0.2792999744415283,0.28507270336306856,OPTIMAL,7.65,,,0.0,7629.0,1.55,31,8.5,170,,7.65,7.65,,7.65,7.65,False,,,False,
5814516335918752717,9,20,4,"[5, 5, 5, 5]","[[1, 4, 4, 6, 8], [1, 4, 4, 7, 12], [4, 5, 6, 6, 9], [3, 5, 6, 7, 9]]",0.7,1,2,2,3,PP,"[[1, 3, 1], [1, 2, 1, 1], [3, 1, 1], [3, 2]]",12,53,150,0.6466666666666667,0.004357,20,0.005703610368072987,0.09467601776123047,0.10045265061140728,OPTIMAL,7.45,,,0.0,2711.0,2.3,46,11.05,221,,7.65,7.45,,7.65,7.45,False,,,False,
5814516335918752717,9,20,4,"[5, 5, 5, 5]","[[1, 4, 4, 6, 8], [1, 4, 4, 7, 12], [4, 5, 6, 6, 9], [3, 5, 6, 7, 9]]",0.7,1,2,2,4,PP,"[[1, 4], [1, 2, 1, 1], [4, 1], [4, 1]]",10,36,150,0.76,0.0018425,20,0.0051378048956394196,0.06273198127746582,0.06792775203409672,OPTIMAL,7.65,,,0.0,897.0,2.3,46,12.75,255,,7.65,7.65,,7.65,7.65,False,,,False,
5814516335918752717,9,20,4,"[5, 5, 5, 5]","[[1, 4, 4, 6, 8], [1, 4, 4, 7, 12], [4, 5, 6, 6, 9], [3, 5, 6, 7, 9]]",0.7,1,2,2,5,PP,"[[1, 4], [1, 2, 1, 1], [4, 1], [5]]",9,28,150,0.8133333333333334,0.001697,20,0.004630218259990215,0.02689385414123535,0.03157986341032696,OPTIMAL,7.65,,,0.0,311.0,3.0,60,13.6,272,,7.65,7.65,,7.65,7.65,False,,,False,
5814516335918752717,9,20,4,"[5, 5, 5, 5]","[[1, 4, 4, 6, 8], [1, 4, 4, 7, 12], [4, 5, 6, 6, 9], [3, 5, 6, 7, 9]]",0.7,1,2,3,,CHP,"[[5], [4, 1], [5], [5]]",5,9,150,0.94,0.003941,20,0.004285086877644062,0.005353212356567383,0.009694677420452595,OPTIMAL,9.15,,,0.0,1.0,9.7,194,34.2,684,,,,,9.15,,False,,,False,
5814516335918752717,9,20,4,"[5, 5, 5, 5]","[[1, 4, 4, 6, 8], [1, 4, 4, 7, 12], [4, 5, 6, 6, 9], [3, 5, 6, 7, 9]]",0.7,1,2,3,2,PP,"[[2, 2, 1], [2, 2, 1], [2, 2, 1], [2, 2, 1]]",12,54,150,0.64,0.001843,20,0.005567274056375027,0.16303801536560059,0.168667404825037,OPTIMAL,8.55,,,0.0,6220.0,6.8,136,18.0,360,,9.15,8.55,,9.15,8.55,False,,,False,
5814516335918752717,9,20,4,"[5, 5, 5, 5]","[[1, 4, 4, 6, 8], [1, 4, 4, 7, 12], [4, 5, 6, 6, 9], [3, 5, 6, 7, 9]]",0.7,1,2,3,3,PP,"[[3, 2], [3, 1, 1], [3, 2], [3, 2]]",9,30,150,0.8,0.001813,20,0.004906144924461842,0.055982112884521484,0.06095098768726635,OPTIMAL,8.75,,,0.0,1835.0,7.35,147,23.4,468,,9.15,8.75,,9.15,8.75,False,,,False,
5814516335918752717,9,20,4,"[5, 5, 5, 5]","[[1, 4, 4, 6, 8], [1, 4, 4, 7, 12], [4, 5, 6, 6, 9], [3, 5, 6, 7, 9]]",0.7,1,2,3,4,PP,"[[4, 1], [4, 1], [4, 1], [4, 1]]",8,24,150,0.84,0.0042865,20,0.005058735609054565,0.025809049606323242,0.030929324770652293,OPTIMAL,8.55,,,0.0,317.0,6.8,136,27.0,540,,9.15,8.55,,9.15,8.55,False,,,False,
5814516335918752717,9,20,4,"[5, 5, 5, 5]","[[1, 4, 4, 6, 8], [1, 4, 4, 7, 12], [4, 5, 6, 6, 9], [3, 5, 6, 7, 9]]",0.7,1,2,3,5,PP,"[[5], [4, 1], [5], [5]]",5,9,150,0.94,0.004387,20,0.004204734228551388,0.0054819583892822266,0.00974322530010891,OPTIMAL,9.15,,,0.0,1.0,9.7,194,28.8,576,,9.15,9.15,,9.15,9.15,False,,,False,
5814516335918752717,9,20,4,"[5, 5, 5, 5]","[[1, 4, 4, 6, 8], [1, 4, 4, 7, 12], [4, 5, 6, 6, 9], [3, 5, 6, 7, 9]]",0.7,1,2,4,,CHP,"[[5], [4, 1], [5], [5]]",5,9,150,0.94,0.0040915,20,0.004628836177289486,0.005097150802612305,0.009781388765827655,OPTIMAL,9.15,,,0.0,1.0,9.7,194,52.25,1045,,,,,9.15,,False,,,False,
5814516335918752717,9,20,4,"[5, 5, 5, 5]","[[1, 4, 4, 6, 8], [1, 4, 4, 7, 12], [4, 5, 6, 6, 9], [3, 5, 6, 7, 9]]",0.7,1,2,4,2,PP,"[[2, 2, 1], [2, 2, 1], [2, 2, 1], [2, 2, 1]]",12,54,150,0.64,0.0017325,20,0.004880537278950214,0.16161394119262695,0.1665556740553212,OPTIMAL,8.55,,,0.0,6220.0,6.8,136,27.5,550,,9.15,8.55,,9.15,8.55,False,,,False,
5814516335918752717,9,20,4,"[5, 5, 5, 5]","[[1, 4, 4, 6, 8], [1, 4, 4, 7, 12], [4, 5, 6, 6, 9], [3, 5, 6, 7, 9]]",0.7,1,2,4,3,PP,"[[3, 2], [3, 1, 1], [3, 2], [3, 2]]",9,30,150,0.8,0.0018175,20,0.005130213685333729,0.06042194366455078,0.06561563212961435,OPTIMAL,8.75,,,0.0,1835.0,7.35,147,35.75,715,,9.15,8.75,,9.15,8.75,False,,,False,
5814516335918752717,9,20,4,"[5, 5, 5, 5]","[[1, 4, 4, 6, 8], [1, 4, 4, 7, 12], [4, 5, 6, 6, 9], [3, 5, 6, 7, 9]]",0.7,1,2,4,4,PP,"[[4, 1], [4, 1], [4, 1], [4, 1]]",8,24,150,0.84,0.001703,20,0.004699572920799255,0.028701066970825195,0.03346363602422762,OPTIMAL,8.55,,,0.0,317.0,6.8,136,41.25,825,,9.15,8.55,,9.15,8.55,False,,,False,
5814516335918752717,9,20,4,"[5, 5, 5, 5]","[[1, 4, 4, 6, 8], [1, 4, 4, 7, 12], [4, 5, 6, 6, 9], [3, 5, 6, 7, 9]]",0.7,1,2,4,5,PP,"[[5], [4, 1], [5], [5]]",5,9,150,0.94,0.001672,20,0.004330495372414589,0.005607128143310547,0.009994124338337898,OPTIMAL,9.15,,,0.0,1.0,9.7,194,44.0,880,,9.15,9.15,,9.15,9.15,False,,,False,
6111161658702999993,10,20,4,"[5, 5, 5, 5]","[[0, 6, 7, 8, 8], [2, 2, 3, 4, 4], [2, 2, 4, 5, 6], [3, 5, 6, 7, 11]]",0.7,1,2,,1,NP,"[[1, 1, 1, 1, 1], [1, 1, 1, 1, 1], [1, 1, 1, 1, 1], [1, 1, 1, 1, 1]]",20,150,150,0.0,0.00317,20,0.007557722739875317,11.682774066925049,11.690397684240324,OPTIMAL,7.05,0.0,np_gurobi_optimal,0.0,219162.0,0.0,0,0.0,0,7.05,,,7.05,,,False,,,False,
6111161658702999993,10,20,4,"[5, 5, 5, 5]","[[0, 6, 7, 8, 8], [2, 2, 3, 4, 4], [2, 2, 4, 5, 6], [3, 5, 6, 7, 11]]",0.7,1,2,2,,CHP,"[[1, 4], [5], [5], [4, 1]]",6,13,150,0.9133333333333333,0.0016275,20,0.004547622986137867,0.0057260990142822266,0.01033716883027792,OPTIMAL,7.05,0.0,np_gurobi_optimal,0.0,1.0,1.65,33,16.15,323,7.05,,,7.05,7.05,,False,,,False,
6111161658702999993,10,20,4,"[5, 5, 5, 5]","[[0, 6, 7, 8, 8], [2, 2, 3, 4, 4], [2, 2, 4, 5, 6], [3, 5, 6, 7, 11]]",0.7,1,2,2,2,PP,"[[1, 2, 2], [2, 2, 1], [2, 2, 1], [2, 2, 1]]",12,54,150,0.64,0.001773,20,0.0052843354642391205,0.10608601570129395,0.11143533675396251,OPTIMAL,7.05,0.0,np_gurobi_optimal,0.0,2622.0,0.85,17,8.5,170,7.05,7.05,7.05,7.05,7.05,7.05,True,True,8.5,True,True
6111161658702999993,10,20,4,"[5, 5, 5, 5]","[[0, 6, 7, 8, 8], [2, 2, 3, 4, 4], [2, 2, 4, 5, 6], [3, 5, 6, 7, 11]]",0.7,1,2,2,3,PP,"[[1, 3, 1], [3, 2], [3, 2], [3, 1, 1]]",10,37,150,0.7533333333333333,0.004356,20,0.0049729058519005775,0.035778045654296875,0.04081195054518556,OPTIMAL,7.05,0.0,np_gurobi_optimal,0.0,492.0,1.65,33,11.05,221,7.05,7.05,7.05,7.05,7.05,7.05,True,True,11.05,True,True
6111161658702999993,10,20,4,"[5, 5, 5, 5]","[[0, 6, 7, 8, 8], [2, 2, 3, 4, 4], [2, 2, 4, 5, 6], [3, 5, 6, 7, 11]]",0.7,1,2,2,4,PP,"[[1, 4], [4, 1], [4, 1], [4, 1]]",8,24,150,0.84,0.001813,20,0.00466129370033741,0.018583059310913086,0.023301145708120346,OPTIMAL,7.05,0.0,np_gurobi_optimal,0.0,177.0,1.65,33,12.75,255,7.05,7.05,7.05,7.05,7.05,7.05,True,True,12.75,True,True
6111161658702999993,10,20,4,"[5, 5, 5, 5]","[[0, 6, 7, 8, 8], [2, 2, 3, 4, 4], [2, 2, 4, 5, 6], [3, 5, 6, 7, 11]]",0.7,1,2,2,5,PP,"[[1, 4], [5], [5], [4, 1]]",6,13,150,0.9133333333333333,0.001757,20,0.00441353116184473,0.00421905517578125,0.008688316274792671,OPTIMAL,7.05,0.0,np_gurobi_optimal,0.0,1.0,1.65,33,13.6,272,7.05,7.05,7.05,7.05,7.05,7.05,True,True,13.6,True,True
6111161658702999993,10,20,4,"[5, 5, 5, 5]","[[0, 6, 7, 8, 8], [2, 2, 3, 4, 4], [2, 2, 4, 5, 6], [3, 5, 6, 7, 11]]",0.7,1,2,3,,CHP,"[[1, 4], [5], [5], [4, 1]]",6,13,150,0.9133333333333333,0.001572,20,0.004132496193051338,0.004408121109008789,0.008593887949499607,OPTIMAL,7.05,0.0,np_gurobi_optimal,0.0,1.0,1.65,33,34.2,684,7.05,,,7.05,7.05,,False,,,False,
6111161658702999993,10,20,4,"[5, 5, 5, 5]","[[0, 6, 7, 8, 8], [2, 2, 3, 4, 4], [2, 2, 4, 5, 6], [3, 5, 6, 7, 11]]",0.7,1,2,3,2,PP,"[[1, 2, 2], [2, 2, 1], [2, 2, 1], [2, 2, 1]]",12,54,150,0.64,0.0042315,20,0.004828167147934437,0.10555791854858398,0.11044806012746715,OPTIMAL,7.05,0.0,np_gurobi_optimal,0.0,2622.0,0.85,17,18.0,360,7.05,7.05,7.05,7.05,7.05,7.05,True,True,18.0,True,True
6111161658702999993,10,20,4,"[5, 5, 5, 5]","[[0, 6, 7, 8, 8], [2, 2, 3, 4, 4], [2, 2, 4, 5, 6], [3, 5, 6, 7, 11]]",0.7,1,2,3,3,PP,"[[1, 3, 1], [3, 2], [3, 2], [3, 1, 1]]",10,37,150,0.7533333333333333,0.0043615,20,0.005407252348959446,0.03723883628845215,0.04270994395480061,OPTIMAL,7.05,0.0,np_gurobi_optimal,0.0,492.0,1.65,33,23.4,468,7.05,7.05,7.05,7.05,7.05,7.05,True,True,23.4,True,True
6111161658702999993,10,20,4,"[5, 5, 5, 5]","[[0, 6, 7, 8, 8], [2, 2, 3, 4, 4], [2, 2, 4, 5, 6], [3, 5, 6, 7, 11]]",0.7,1,2,3,4,PP,"[[1, 4], [4, 1], [4, 1], [4, 1]]",8,24,150,0.84,0.0017075,20,0.0046147750690579414,0.02003312110900879,0.024707376411337852,OPTIMAL,7.05,0.0,np_gurobi_optimal,0.0,177.0,1.65,33,27.0,540,7.05,7.05,7.05,7.05,7.05,7.05,True,True,27.0,True,True
6111161658702999993,10,20,4,"[5, 5, 5, 5]","[[0, 6, 7, 8, 8], [2, 2, 3, 4, 4], [2, 2, 4, 5, 6], [3, 5, 6, 7, 11]]",0.7,1,2,3,5,PP,"[[1, 4], [5], [5], [4, 1]]",6,13,150,0.9133333333333333,0.001803,20,0.004292125813663006,0.004006147384643555,0.008350109640982628,OPTIMAL,7.05,0.0,np_gurobi_optimal,0.0,1.0,1.65,33,28.8,576,7.05,7.05,7.05,7.05,7.05,7.05,True,True,28.8,True,True
6111161658702999993,10,20,4,"[5, 5, 5, 5]","[[0, 6, 7, 8, 8], [2, 2, 3, 4, 4], [2, 2, 4, 5, 6], [3, 5, 6, 7, 11]]",0.7,1,2,4,,CHP,"[[1, 4], [5], [5], [5]]",5,9,150,0.94,0.001543,20,0.00407740194350481,0.002727031707763672,0.0068651454370789525,OPTIMAL,7.05,0.0,np_gurobi_optimal,0.0,1.0,3.95,79,52.25,1045,7.05,,,7.05,7.05,,False,,,False,
6111161658702999993,10,20,4,"[5, 5, 5, 5]","[[0, 6, 7, 8, 8], [2, 2, 3, 4, 4], [2, 2, 4, 5, 6], [3, 5, 6, 7, 11]]",0.7,1,2,4,2,PP,"[[1, 2, 2], [2, 2, 1], [2, 2, 1], [2, 2, 1]]",12,54,150,0.64,0.0019175,20,0.005159228108823299,0.11148500442504883,0.11670433534304381,OPTIMAL,7.05,0.0,np_gurobi_optimal,0.0,2622.0,0.85,17,27.5,550,7.05,7.05,7.05,7.05,7.05,7.05,True,True,27.5,True,True
6111161658702999993,10,20,4,"[5, 5, 5, 5]","[[0, 6, 7, 8, 8], [2, 2, 3, 4, 4], [2, 2, 4, 5, 6], [3, 5, 6, 7, 11]]",0.7,1,2,4,3,PP,"[[1, 3, 1], [3, 2], [3, 2], [3, 2]]",9,30,150,0.8,0.0044515,20,0.004734695889055729,0.03048396110534668,0.03527996480626011,OPTIMAL,7.05,0.0,np_gurobi_optimal,0.0,320.0,3.95,79,35.75,715,7.05,7.05,7.05,7.05,7.05,7.05,True,True,35.75,True,True
6111161658702999993,10,20,4,"[5, 5, 5, 5]","[[0, 6, 7, 8, 8], [2, 2, 3, 4, 4], [2, 2, 4, 5, 6], [3, 5, 6, 7, 11]]",0.7,1,2,4,4,PP,"[[1, 4], [4, 1], [4, 1], [4, 1]]",8,24,150,0.84,0.0017875,20,0.0046353647485375404,0.019474029541015625,0.024165926793134212,OPTIMAL,7.05,0.0,np_gurobi_optimal,0.0,177.0,1.65,33,41.25,825,7.05,7.05,7.05,7.05,7.05,7.05,True,True,41.25,True,True
6111161658702999993,10,20,4,"[5, 5, 5, 5]","[[0, 6, 7, 8, 8], [2, 2, 3, 4, 4], [2, 2, 4, 5, 6], [3, 5, 6, 7, 11]]",0.7,1,2,4,5,PP,"[[1, 4], [5], [5], [5]]",5,9,150,0.94,0.0042815,20,0.004627343267202377,0.0026199817657470703,0.007305184589344501,OPTIMAL,7.05,0.0,np_gurobi_optimal,0.0,1.0,3.95,79,44.0,880,7.05,7.05,7.05,7.05,7.05,7.05,True,True,44.0,True,True
13038865764151224535,11,20,4,"[5, 5, 5, 5]","[[3, 6, 7, 9, 9], [2, 3, 4, 6, 7], [3, 5, 5, 8, 9], [3, 3, 5, 5, 6]]",0.7,1,2,,1,NP,"[[1, 1, 1, 1, 1], [1, 1, 1, 1, 1], [1, 1, 1, 1, 1], [1, 1, 1, 1, 1]]",20,150,150,0.0,0.0031145,20,0.007010514847934246,30.013885021209717,30.02096225709553,TIME_LIMIT,8.0,,,0.16788010817309526,341359.0,0.0,0,0.0,0,,,,,,,False,,,False,
13038865764151224535,11,20,4,"[5, 5, 5, 5]","[[3, 6, 7, 9, 9], [2, 3, 4, 6, 7], [3, 5, 5, 8, 9], [3, 3, 5, 5, 6]]",0.7,1,2,2,,CHP,"[[1, 4], [5], [3, 2], [5]]",6,13,150,0.9133333333333333,0.0015725,20,0.004578098654747009,0.014178037643432617,0.01883149096650839,OPTIMAL,8.45,,,0.0,99.0,3.15,63,16.15,323,,,,,8.45,,False,,,False,
13038865764151224535,11,20,4,"[5, 5, 5, 5]","[[3, 6, 7, 9, 9], [2, 3, 4, 6, 7], [3, 5, 5, 8, 9], [3, 3, 5, 5, 6]]",0.7,1,2,2,2,PP,"[[1, 2, 2], [2, 2, 1], [2, 1, 2], [2, 2, 1]]",12,54,150,0.64,0.001833,20,0.005245487205684185,0.3176999092102051,0.3230080512992697,OPTIMAL,8.2,,,0.0,10012.0,1.6,32,8.5,170,,8.45,8.2,,8.45,8.2,False,,,False,
13038865764151224535,11,20,4,"[5, 5, 5, 5]","[[3, 6, 7, 9, 9], [2, 3, 4, 6, 7], [3, 5, 5, 8, 9], [3, 3, 5, 5, 6]]",0.7,1,2,2,3,PP,"[[1, 3, 1], [3, 2], [3, 2], [3, 2]]",9,30,150,0.8,0.001948,20,0.0048587741330266,0.046920061111450195,0.051842356705174925,OPTIMAL,8.0,,,0.0,1062.0,2.4,48,11.05,221,,8.45,8.0,,8.45,8.0,False,,,False,
13038865764151224535,11,20,4,"[5, 5, 5, 5]","[[3, 6, 7, 9, 9], [2, 3, 4, 6, 7], [3, 5, 5, 8, 9], [3, 3, 5, 5, 6]]",0.7,1,2,2,4,PP,"[[1, 4], [4, 1], [3, 2], [4, 1]]",8,24,150,0.84,0.001742,20,0.004524577409029007,0.02639484405517578,0.030974762941019057,OPTIMAL,8.45,,,0.0,507.0,3.15,63,12.75,255,,8.45,8.45,,8.45,8.45,False,,,False,
13038865764151224535,11,20,4,"[5, 5, 5, 5]","[[3, 6, 7, 9, 9], [2, 3, 4, 6, 7], [3, 5, 5, 8, 9], [3, 3, 5, 5, 6]]",0.7,1,2,2,5,PP,"[[1, 4], [5], [3, 2], [5]]",6,13,150,0.9133333333333333,0.0044315,20,0.004088709130883217,0.013182878494262695,0.01733277019755268,OPTIMAL,8.45,,,0.0,99.0,3.15,63,13.6,272,,8.45,8.45,,8.45,8.45,False,,,False,
13038865764151224535,11,20,4,"[5, 5, 5, 5]","[[3, 6, 7, 9, 9], [2, 3, 4, 6, 7], [3, 5, 5, 8, 9], [3, 3, 5, 5, 6]]",0.7,1,2,3,,CHP,"[[5], [5], [5], [5]]",4,6,150,0.96,0.0016075,20,0.0038700392469763756,0.0028219223022460938,0.006744007617218495,OPTIMAL,8.45,,,0.0,1.0,6.55,131,34.2,684,,,,,8.45,,False,,,False,
13038865764151224535,11,20,4,"[5, 5, 5, 5]","[[3, 6, 7, 9, 9], [2, 3, 4, 6, 7], [3, 5, 5, 8, 9], [3, 3, 5, 5, 6]]",0.7,1,2,3,2,PP,"[[2, 2, 1], [2, 2, 1], [2, 2, 1], [2, 2, 1]]",12,54,150,0.64,0.004517,20,0.005288663320243359,0.1775059700012207,0.1828574771916671,OPTIMAL,8.2,,,0.0,4863.0,5.75,115,18.0,360,,8.45,8.2,,8.45,8.2,False,,,False,
13038865764151224535,11,20,4,"[5, 5, 5, 5]","[[3, 6, 7, 9, 9], [2, 3, 4, 6, 7], [3, 5, 5, 8, 9], [3, 3, 5, 5, 6]]",0.7,1,2,3,3,PP,"[[3, 2], [3, 2], [3, 2], [3, 2]]",8,24,150,0.84,0.0017375,20,0.004625170491635799,0.03358578681945801,0.03827091551052332,OPTIMAL,8.0,,,0.0,549.0,3.45,69,23.4,468,,8.45,8.0,,8.45,8.0,False,,,False,
13038865764151224535,11,20,4,"[5, 5, 5, 5]","[[3, 6, 7, 9, 9], [2, 3, 4, 6, 7], [3, 5, 5, 8, 9], [3, 3, 5, 5, 6]]",0.7,1,2,3,4,PP,"[[4, 1], [4, 1], [4, 1], [4, 1]]",8,24,150,0.84,0.001812,20,0.005204666405916214,0.024842023849487305,0.030104677770459175,OPTIMAL,8.45,,,0.0,344.0,6.55,131,27.0,540,,8.45,8.45,,8.45,8.45,False,,,False,
13038865764151224535,11,20,4,"[5, 5, 5, 5]","[[3, 6, 7, 9, 9], [2, 3, 4, 6, 7], [3, 5, 5, 8, 9], [3, 3, 5, 5, 6]]",0.7,1,2,3,5,PP,"[[5], [5], [5], [5]]",4,6,150,0.96,0.004592,20,0.004303574562072754,0.0029358863830566406,0.007297634726814747,OPTIMAL,8.45,,,0.0,1.0,6.55,131,28.8,576,,8.45,8.45,,8.45,8.45,False,,,False,
13038865764151224535,11,20,4,"[5, 5, 5, 5]","[[3, 6, 7, 9, 9], [2, 3, 4, 6, 7], [3, 5, 5, 8, 9], [3, 3, 5, 5, 6]]",0.7,1,2,4,,CHP,"[[5], [5], [5], [5]]",4,6,150,0.96,0.001638,20,0.003911580890417099,0.0026149749755859375,0.006580509980309486,OPTIMAL,8.45,,,0.0,1.0,6.55,131,52.25,1045,,,,,8.45,,False,,,False,
13038865764151224535,11,20,4,"[5, 5, 5, 5]","[[3, 6, 7, 9, 9], [2, 3, 4, 6, 7], [3, 5, 5, 8, 9], [3, 3, 5, 5, 6]]",0.7,1,2,4,2,PP,"[[2, 2, 1], [2, 2, 1], [2, 2, 1], [2, 2, 1]]",12,54,150,0.64,0.004301,20,0.004910780116915703,0.17365312576293945,0.17862354234194852,OPTIMAL,8.2,,,0.0,4863.0,5.75,115,27.5,550,,8.45,8.2,,8.45,8.2,False,,,False,
13038865764151224535,11,20,4,"[5, 5, 5, 5]","[[3, 6, 7, 9, 9], [2, 3, 4, 6, 7], [3, 5, 5, 8, 9], [3, 3, 5, 5, 6]]",0.7,1,2,4,3,PP,"[[3, 2], [3, 2], [3, 2], [3, 2]]",8,24,150,0.84,0.001893,20,0.004777579568326473,0.035507917404174805,0.04034348166852522,OPTIMAL,8.0,,,0.0,549.0,3.45,69,35.75,715,,8.45,8.0,,8.45,8.0,False,,,False,
13038865764151224535,11,20,4,"[5, 5, 5, 5]","[[3, 6, 7, 9, 9], [2, 3, 4, 6, 7], [3, 5, 5, 8, 9], [3, 3, 5, 5, 6]]",0.7,1,2,4,4,PP,"[[4, 1], [4, 1], [4, 1], [4, 1]]",8,24,150,0.84,0.0017475,20,0.004438146948814392,0.024187088012695312,0.02868169114351034,OPTIMAL,8.45,,,0.0,344.0,6.55,131,41.25,825,,8.45,8.45,,8.45,8.45,False,,,False,
13038865764151224535,11,20,4,"[5, 5, 5, 5]","[[3, 6, 7, 9, 9], [2, 3, 4, 6, 7], [3, 5, 5, 8, 9], [3, 3, 5, 5, 6]]",0.7,1,2,4,5,PP,"[[5], [5], [5], [5]]",4,6,150,0.96,0.001772,20,0.004072003997862339,0.0029888153076171875,0.007121502114936828,OPTIMAL,8.45,,,0.0,1.0,6.55,131,44.0,880,,8.45,8.45,,8.45,8.45,False,,,False,
8612609404765308048,12,20,4,"[5, 5, 5, 5]","[[3, 3, 4, 4, 4], [5, 5, 6, 6, 8], [1, 2, 3, 5, 5], [3, 3, 4, 5, 7]]",0.7,1,2,,1,NP,"[[1, 1, 1, 1, 1], [1, 1, 1, 1, 1], [1, 1, 1, 1, 1], [1, 1, 1, 1, 1]]",20,150,150,0.0,0.003185,20,0.00665527768433094,13.732394933700562,13.739121571991323,OPTIMAL,8.1,0.0,np_gurobi_optimal,0.0,160670.0,0.0,0,0.0,0,8.1,,,8.1,,,False,,,False,
8612609404765308048,12,20,4,"[5, 5, 5, 5]","[[3, 3, 4, 4, 4], [5, 5, 6, 6, 8], [1, 2, 3, 5, 5], [3, 3, 4, 5, 7]]",0.7,1,2,2,,CHP,"[[5], [5], [5], [5]]",4,6,150,0.96,0.002604,20,0.005913526751101017,0.003879070281982422,0.009857538178292751,OPTIMAL,8.55,0.45000000000000107,np_gurobi_optimal,0.0,1.0,2.15,43,16.15,323,8.1,,,8.1,8.55,,False,,,False,
8612609404765308048,12,20,4,"[5, 5, 5, 5]","[[3, 3, 4, 4, 4], [5, 5, 6, 6, 8], [1, 2, 3, 5, 5], [3, 3, 4, 5, 7]]",0.7,1,2,2,2,PP,"[[2, 2, 1], [2, 2, 1], [2, 2, 1], [2, 2, 1]]",12,54,150,0.64,0.0017525,20,0.005414612591266632,0.13618183135986328,0.14166279671019555,OPTIMAL,8.3,0.20000000000000107,np_gurobi_optimal,0.0,4715.0,0.75,15,8.5,170,8.1,8.55,8.3,8.1,8.55,8.3,True,True,8.299999999999999,True,True
8612609404765308048,12,20,4,"[5, 5, 5, 5]","[[3, 3, 4, 4, 4], [5, 5, 6, 6, 8], [1, 2, 3, 5, 5], [3, 3, 4, 5, 7]]",0.7,1,2,2,3,PP,"[[3, 2], [3, 2], [3, 2], [3, 2]]",8,24,150,0.84,0.004667,20,0.005315763875842094,0.03138589859008789,0.03676601513576937,OPTIMAL,8.1,0.0,np_gurobi_optimal,0.0,488.0,1.4,28,11.05,221,8.1,8.55,8.1,8.1,8.55,8.1,True,True,11.05,True,True
8612609404765308048,12,20,4,"[5, 5, 5, 5]","[[3, 3, 4, 4, 4], [5, 5, 6, 6, 8], [1, 2, 3, 5, 5], [3, 3, 4, 5, 7]]",0.7,1,2,2,4,PP,"[[4, 1], [4, 1], [4, 1], [4, 1]]",8,24,150,0.84,0.004542,20,0.005360651761293411,0.025049209594726562,0.030478037833575725,OPTIMAL,8.55,0.45000000000000107,np_gurobi_optimal,0.0,256.0,0.75,15,12.75,255,8.1,8.55,8.55,8.1,8.55,8.55,True,True,12.299999999999999,True,True
8612609404765308048,12,20,4,"[5, 5, 5, 5]","[[3, 3, 4, 4, 4], [5, 5, 6, 6, 8], [1, 2, 3, 5, 5], [3, 3, 4, 5, 7]]",0.7,1,2,2,5,PP,"[[5], [5], [5], [5]]",4,6,150,0.96,0.004602,20,0.0050321342423558235,0.0025870800018310547,0.007682084441067696,OPTIMAL,8.55,0.45000000000000107,np_gurobi_optimal,0.0,1.0,2.15,43,13.6,272,8.1,8.55,8.55,8.1,8.55,8.55,True,True,13.149999999999999,True,True
8612609404765308048,12,20,4,"[5, 5, 5, 5]","[[3, 3, 4, 4, 4], [5, 5, 6, 6, 8], [1, 2, 3, 5, 5], [3, 3, 4, 5, 7]]",0.7,1,2,3,,CHP,"[[5], [5], [5], [5]]",4,6,150,0.96,0.001618,20,0.00470732431858778,0.0022280216217041016,0.0069882872647337915,OPTIMAL,8.55,0.45000000000000107,np_gurobi_optimal,0.0,1.0,2.15,43,34.2,684,8.1,,,8.1,8.55,,False,,,False,
8612609404765308048,12,20,4,"[5, 5, 5, 5]","[[3, 3, 4, 4, 4], [5, 5, 6, 6, 8], [1, 2, 3, 5, 5], [3, 3, 4, 5, 7]]",0.7,1,2,3,2,PP,"[[2, 2, 1], [2, 2, 1], [2, 2, 1], [2, 2, 1]]",12,54,150,0.64,0.0043815,20,0.005143012851476669,0.13938403129577637,0.1445964468641224,OPTIMAL,8.3,0.20000000000000107,np_gurobi_optimal,0.0,4715.0,0.75,15,18.0,360,8.1,8.55,8.3,8.1,8.55,8.3,True,True,17.799999999999997,True,True
8612609404765308048,12,20,4,"[5, 5, 5, 5]","[[3, 3, 4, 4, 4], [5, 5, 6, 6, 8], [1, 2, 3, 5, 5], [3, 3, 4, 5, 7]]",0.7,1,2,3,3,PP,"[[3, 2], [3, 2], [3, 2], [3, 2]]",8,24,150,0.84,0.004282,20,0.00508281122893095,0.0345609188079834,0.03971767124020529,OPTIMAL,8.1,0.0,np_gurobi_optimal,0.0,488.0,1.4,28,23.4,468,8.1,8.55,8.1,8.1,8.55,8.1,True,True,23.4,True,True
8612609404765308048,12,20,4,"[5, 5, 5, 5]","[[3, 3, 4, 4, 4], [5, 5, 6, 6, 8], [1, 2, 3, 5, 5], [3, 3, 4, 5, 7]]",0.7,1,2,3,4,PP,"[[4, 1], [4, 1], [4, 1], [4, 1]]",8,24,150,0.84,0.004602,20,0.004993706941604614,0.024120092391967773,0.029177492819609165,OPTIMAL,8.55,0.45000000000000107,np_gurobi_optimal,0.0,256.0,0.75,15,27.0,540,8.1,8.55,8.55,8.1,8.55,8.55,True,True,26.549999999999997,True,True
8612609404765308048,12,20,4,"[5, 5, 5, 5]","[[3, 3, 4, 4, 4], [5, 5, 6, 6, 8], [1, 2, 3, 5, 5], [3, 3, 4, 5, 7]]",0.7,1,2,3,5,PP,"[[5], [5], [5], [5]]",4,6,150,0.96,0.0045365,20,0.0048162490129470825,0.002079010009765625,0.006956403171442986,OPTIMAL,8.55,0.45000000000000107,np_gurobi_optimal,0.0,1.0,2.15,43,28.8,576,8.1,8.55,8.55,8.1,8.55,8.55,True,True,28.35,True,True
8612609404765308048,12,20,4,"[5, 5, 5, 5]","[[3, 3, 4, 4, 4], [5, 5, 6, 6, 8], [1, 2, 3, 5, 5], [3, 3, 4, 5, 7]]",0.7,1,2,4,,CHP,"[[5], [5], [5], [5]]",4,6,150,0.96,0.0016125,20,0.004229783080518246,0.0025789737701416016,0.00686321259354353,OPTIMAL,8.55,0.45000000000000107,np_gurobi_optimal,0.0,1.0,2.15,43,52.25,1045,8.1,,,8.1,8.55,,False,,,False,
8612609404765308048,12,20,4,"[5, 5, 5, 5]","[[3, 3, 4, 4, 4], [5, 5, 6, 6, 8], [1, 2, 3, 5, 5], [3, 3, 4, 5, 7]]",0.7,1,2,4,2,PP,"[[2, 2, 1], [2, 2, 1], [2, 2, 1], [2, 2, 1]]",12,54,150,0.64,0.004727,20,0.005401412956416607,0.14561820030212402,0.15109831800461007,OPTIMAL,8.3,0.20000000000000107,np_gurobi_optimal,0.0,4715.0,0.75,15,27.5,550,8.1,8.55,8.3,8.1,8.55,8.3,True,True,27.299999999999997,True,True
8612609404765308048,12,20,4,"[5, 5, 5, 5]","[[3, 3, 4, 4, 4], [5, 5, 6, 6, 8], [1, 2, 3, 5, 5], [3, 3, 4, 5, 7]]",0.7,1,2,4,3,PP,"[[3, 2], [3, 2], [3, 2], [3, 2]]",8,24,150,0.84,0.0017675,20,0.004649215377867222,0.03330802917480469,0.03801989447201967,OPTIMAL,8.1,0.0,np_gurobi_optimal,0.0,488.0,1.4,28,35.75,715,8.1,8.55,8.1,8.1,8.55,8.1,True,True,35.75,True,True
8612609404765308048,12,20,4,"[5, 5, 5, 5]","[[3, 3, 4, 4, 4], [5, 5, 6, 6, 8], [1, 2, 3, 5, 5], [3, 3, 4, 5, 7]]",0.7,1,2,4,4,PP,"[[4, 1], [4, 1], [4, 1], [4, 1]]",8,24,150,0.84,0.0047325,20,0.005127778276801109,0.026293039321899414,0.031498197916133404,OPTIMAL,8.55,0.45000000000000107,np_gurobi_optimal,0.0,256.0,0.75,15,41.25,825,8.1,8.55,8.55,8.1,8.55,8.55,True,True,40.8,True,True
8612609404765308048,12,20,4,"[5, 5, 5, 5]","[[3, 3, 4, 4, 4], [5, 5, 6, 6, 8], [1, 2, 3, 5, 5], [3, 3, 4, 5, 7]]",0.7,1,2,4,5,PP,"[[5], [5], [5], [5]]",4,6,150,0.96,0.0016775,20,0.0045629264786839485,0.0027780532836914062,0.007409243101170063,OPTIMAL,8.55,0.45000000000000107,np_gurobi_optimal,0.0,1.0,2.15,43,44.0,880,8.1,8.55,8.55,8.1,8.55,8.55,True,True,43.55,True,True
15070997241072136868,13,20,4,"[5, 5, 5, 5]","[[1, 2, 2, 2, 2], [3, 3, 3, 4, 4], [2, 3, 3, 4, 4], [3, 4, 4, 5, 6]]",0.7,1,2,,1,NP,"[[1, 1, 1, 1, 1], [1, 1, 1, 1, 1], [1, 1, 1, 1, 1], [1, 1, 1, 1, 1]]",20,150,150,0.0,0.001297,20,0.007844256237149239,15.532290935516357,15.540218076336334,OPTIMAL,8.8,0.0,np_gurobi_optimal,0.0,167551.0,0.0,0,0.0,0,8.8,,,8.8,,,False,,,False,
15070997241072136868,13,20,4,"[5, 5, 5, 5]","[[1, 2, 2, 2, 2], [3, 3, 3, 4, 4], [2, 3, 3, 4, 4], [3, 4, 4, 5, 6]]",0.7,1,2,2,,CHP,"[[5], [5], [5], [5]]",4,6,150,0.96,0.0016025,20,0.004529816098511219,0.002454996109008789,0.007048833809115886,OPTIMAL,8.8,0.0,np_gurobi_optimal,0.0,1.0,0.0,0,16.15,323,8.8,,,8.8,8.8,,False,,,False,
15070997241072136868,13,20,4,"[5, 5, 5, 5]","[[1, 2, 2, 2, 2], [3, 3, 3, 4, 4], [2, 3, 3, 4, 4], [3, 4, 4, 5, 6]]",0.7,1,2,2,2,PP,"[[2, 2, 1], [2, 2, 1], [2, 2, 1], [2, 2, 1]]",12,54,150,0.64,0.0044715,20,0.005548625253140926,0.16545391082763672,0.1710727691990938,OPTIMAL,8.8,0.0,np_gurobi_optimal,0.0,5575.0,0.0,0,8.5,170,8.8,8.8,8.8,8.8,8.8,8.8,True,True,8.5,True,True
15070997241072136868,13,20,4,"[5, 5, 5, 5]","[[1, 2, 2, 2, 2], [3, 3, 3, 4, 4], [2, 3, 3, 4, 4], [3, 4, 4, 5, 6]]",0.7,1,2,2,3,PP,"[[3, 2], [3, 2], [3, 2], [3, 2]]",8,24,150,0.84,0.0018025,20,0.004962919279932976,0.03281593322753906,0.03784658705781937,OPTIMAL,8.8,0.0,np_gurobi_optimal,0.0,384.0,0.0,0,11.05,221,8.8,8.8,8.8,8.8,8.8,8.8,True,True,11.05,True,True
15070997241072136868,13,20,4,"[5, 5, 5, 5]","[[1, 2, 2, 2, 2], [3, 3, 3, 4, 4], [2, 3, 3, 4, 4], [3, 4, 4, 5, 6]]",0.7,1,2,2,4,PP,"[[4, 1], [4, 1], [4, 1], [4, 1]]",8,24,150,0.84,0.0042365,20,0.004854947328567505,0.02132415771484375,0.02624273105267191,OPTIMAL,8.8,0.0,np_gurobi_optimal,0.0,221.0,0.0,0,12.75,255,8.8,8.8,8.8,8.8,8.8,8.8,True,True,12.75,True,True
15070997241072136868,13,20,4,"[5, 5, 5, 5]","[[1, 2, 2, 2, 2], [3, 3, 3, 4, 4], [2, 3, 3, 4, 4], [3, 4, 4, 5, 6]]",0.7,1,2,2,5,PP,"[[5], [5], [5], [5]]",4,6,150,0.96,0.0028945,20,0.006027699448168278,0.0028619766235351562,0.008970537172359943,OPTIMAL,8.8,0.0,np_gurobi_optimal,0.0,1.0,0.0,0,13.6,272,8.8,8.8,8.8,8.8,8.8,8.8,True,True,13.6,True,True
15070997241072136868,13,20,4,"[5, 5, 5, 5]","[[1, 2, 2, 2, 2], [3, 3, 3, 4, 4], [2, 3, 3, 4, 4], [3, 4, 4, 5, 6]]",0.7,1,2,3,,CHP,"[[5], [5], [5], [5]]",4,6,150,0.96,0.002629,20,0.004446079954504967,0.002134084701538086,0.006634471814385891,OPTIMAL,8.8,0.0,np_gurobi_optimal,0.0,1.0,0.0,0,34.2,684,8.8,,,8.8,8.8,,False,,,False,
15070997241072136868,13,20,4,"[5, 5, 5, 5]","[[1, 2, 2, 2, 2], [3, 3, 3, 4, 4], [2, 3, 3, 4, 4], [3, 4, 4, 5, 6]]",0.7,1,2,3,2,PP,"[[2, 2, 1], [2, 2, 1], [2, 2, 1], [2, 2, 1]]",12,54,150,0.64,0.0018125,20,0.005464187823235989,0.17615604400634766,0.1817010772945881,OPTIMAL,8.8,0.0,np_gurobi_optimal,0.0,5575.0,0.0,0,18.0,360,8.8,8.8,8.8,8.8,8.8,8.8,True,True,18.0,True,True
15070997241072136868,13,20,4,"[5, 5, 5, 5]","[[1, 2, 2, 2, 2], [3, 3, 3, 4, 4], [2, 3, 3, 4, 4], [3, 4, 4, 5, 6]]",0.7,1,2,3,3,PP,"[[3, 2], [3, 2], [3, 2], [3, 2]]",8,24,150,0.84,0.0043115,20,0.005059677176177502,0.03350090980529785,0.038640863669919014,OPTIMAL,8.8,0.0,np_gurobi_optimal,0.0,384.0,0.0,0,23.4,468,8.8,8.8,8.8,8.8,8.8,8.8,True,True,23.4,True,True
15070997241072136868,13,20,4,"[5, 5, 5, 5]","[[1, 2, 2, 2, 2], [3, 3, 3, 4, 4], [2, 3, 3, 4, 4], [3, 4, 4, 5, 6]]",0.7,1,2,3,4,PP,"[[4, 1], [4, 1], [4, 1], [4, 1]]",8,24,150,0.84,0.003069,20,0.006479722447693348,0.0235750675201416,0.03014775674199486,OPTIMAL,8.8,0.0,np_gurobi_optimal,0.0,221.0,0.0,0,27.0,540,8.8,8.8,8.8,8.8,8.8,8.8,True,True,27.0,True,True
15070997241072136868,13,20,4,"[5, 5, 5, 5]","[[1, 2, 2, 2, 2], [3, 3, 3, 4, 4], [2, 3, 3, 4, 4], [3, 4, 4, 5, 6]]",0.7,1,2,3,5,PP,"[[5], [5], [5], [5]]",4,6,150,0.96,0.0017025,20,0.00430318433791399,0.0021810531616210938,0.00653847124935627,OPTIMAL,8.8,0.0,np_gurobi_optimal,0.0,1.0,0.0,0,28.8,576,8.8,8.8,8.8,8.8,8.8,8.8,True,True,28.8,True,True
15070997241072136868,13,20,4,"[5, 5, 5, 5]","[[1, 2, 2, 2, 2], [3, 3, 3, 4, 4], [2, 3, 3, 4, 4], [3, 4, 4, 5, 6]]",0.7,1,2,4,,CHP,"[[5], [5], [5], [5]]",4,6,150,0.96,0.0015675,20,0.004279056563973427,0.002232074737548828,0.006568622859482765,OPTIMAL,8.8,0.0,np_gurobi_optimal,0.0,1.0,0.0,0,52.25,1045,8.8,,,8.8,8.8,,False,,,False,
15070997241072136868,13,20,4,"[5, 5, 5, 5]","[[1, 2, 2, 2, 2], [3, 3, 3, 4, 4], [2, 3, 3, 4, 4], [3, 4, 4, 5, 6]]",0.7,1,2,4,2,PP,"[[2, 2, 1], [2, 2, 1], [2, 2, 1], [2, 2, 1]]",12,54,150,0.64,0.0017425,20,0.005086206831037998,0.17430591583251953,0.17945670429163457,OPTIMAL,8.8,0.0,np_gurobi_optimal,0.0,5575.0,0.0,0,27.5,550,8.8,8.8,8.8,8.8,8.8,8.8,True,True,27.5,True,True
15070997241072136868,13,20,4,"[5, 5, 5, 5]","[[1, 2, 2, 2, 2], [3, 3, 3, 4, 4], [2, 3, 3, 4, 4], [3, 4, 4, 5, 6]]",0.7,1,2,4,3,PP,"[[3, 2], [3, 2], [3, 2], [3, 2]]",8,24,150,0.84,0.004582,20,0.005297766998410225,0.033937931060791016,0.039306870554608825,OPTIMAL,8.8,0.0,np_gurobi_optimal,0.0,384.0,0.0,0,35.75,715,8.8,8.8,8.8,8.8,8.8,8.8,True,True,35.75,True,True
15070997241072136868,13,20,4,"[5, 5, 5, 5]","[[1, 2, 2, 2, 2], [3, 3, 3, 4, 4], [2, 3, 3, 4, 4], [3, 4, 4, 5, 6]]",0.7,1,2,4,4,PP,"[[4, 1], [4, 1], [4, 1], [4, 1]]",8,24,150,0.84,0.0017525,20,0.004753413610160351,0.022662878036499023,0.027481702838602066,OPTIMAL,8.8,0.0,np_gurobi_optimal,0.0,221.0,0.0,0,41.25,825,8.8,8.8,8.8,8.8,8.8,8.8,True,True,41.25,True,True
15070997241072136868,13,20,4,"[5, 5, 5, 5]","[[1, 2, 2, 2, 2], [3, 3, 3, 4, 4], [2, 3, 3, 4, 4], [3, 4, 4, 5, 6]]",0.7,1,2,4,5,PP,"[[5], [5], [5], [5]]",4,6,150,0.96,0.0017375,20,0.0043428028002381325,0.0021429061889648438,0.006545367302763462,OPTIMAL,8.8,0.0,np_gurobi_optimal,0.0,1.0,0.0,0,44.0,880,8.8,8.8,8.8,8.8,8.8,8.8,True,True,44.0,True,True
4314433910035312419,14,20,4,"[5, 5, 5, 5]","[[2, 3, 3, 4, 5], [2, 4, 5, 6, 6], [2, 2, 2, 4, 6], [1, 2, 2, 2, 3]]",0.7,1,2,,1,NP,"[[1, 1, 1, 1, 1], [1, 1, 1, 1, 1], [1, 1, 1, 1, 1], [1, 1, 1, 1, 1]]",20,150,150,0.0,0.001322,20,0.007360763847827911,24.10708713531494,24.114524616381797,OPTIMAL,8.7,0.0,np_gurobi_optimal,0.0,285211.0,0.0,0,0.0,0,8.7,,,8.7,,,False,,,False,
4314433910035312419,14,20,4,"[5, 5, 5, 5]","[[2, 3, 3, 4, 5], [2, 4, 5, 6, 6], [2, 2, 2, 4, 6], [1, 2, 2, 2, 3]]",0.7,1,2,2,,CHP,"[[5], [5], [5], [5]]",4,6,150,0.96,0.0028845,20,0.006437979638576508,0.0069119930267333984,0.013455305442485332,OPTIMAL,8.7,0.0,np_gurobi_optimal,0.0,1.0,2.3,46,16.15,323,8.7,,,8.7,8.7,,False,,,False,
4314433910035312419,14,20,4,"[5, 5, 5, 5]","[[2, 3, 3, 4, 5], [2, 4, 5, 6, 6], [2, 2, 2, 4, 6], [1, 2, 2, 2, 3]]",0.7,1,2,2,2,PP,"[[2, 2, 1], [2, 2, 1], [2, 2, 1], [2, 2, 1]]",12,54,150,0.64,0.001968,20,0.005890252068638802,0.11514496803283691,0.12111633934444714,OPTIMAL,8.7,0.0,np_gurobi_optimal,0.0,2601.0,1.6,32,8.5,170,8.7,8.7,8.7,8.7,8.7,8.7,True,True,8.5,True,True
4314433910035312419,14,20,4,"[5, 5, 5, 5]","[[2, 3, 3, 4, 5], [2, 4, 5, 6, 6], [2, 2, 2, 4, 6], [1, 2, 2, 2, 3]]",0.7,1,2,2,3,PP,"[[3, 2], [3, 2], [3, 2], [3, 2]]",8,24,150,0.84,0.004687,20,0.005170083604753017,0.03441810607910156,0.039663664650105956,OPTIMAL,8.7,0.0,np_gurobi_optimal,0.0,446.0,1.55,31,11.05,221,8.7,8.7,8.7,8.7,8.7,8.7,True,True,11.05,True,True
4314433910035312419,14,20,4,"[5, 5, 5, 5]","[[2, 3, 3, 4, 5], [2, 4, 5, 6, 6], [2, 2, 2, 4, 6], [1, 2, 2, 2, 3]]",0.7,1,2,2,4,PP,"[[4, 1], [4, 1], [4, 1], [4, 1]]",8,24,150,0.84,0.001973,20,0.005497628822922707,0.030350923538208008,0.03592954156232882,OPTIMAL,8.7,0.0,np_gurobi_optimal,0.0,250.0,1.6,32,12.75,255,8.7,8.7,8.7,8.7,8.7,8.7,True,True,12.75,True,True
4314433910035312419,14,20,4,"[5, 5, 5, 5]","[[2, 3, 3, 4, 5], [2, 4, 5, 6, 6], [2, 2, 2, 4, 6], [1, 2, 2, 2, 3]]",0.7,1,2,2,5,PP,"[[5], [5], [5], [5]]",4,6,150,0.96,0.0016925,20,0.004605120047926903,0.0028848648071289062,0.007562959853594303,OPTIMAL,8.7,0.0,np_gurobi_optimal,0.0,1.0,2.3,46,13.6,272,8.7,8.7,8.7,8.7,8.7,8.7,True,True,13.6,True,True
4314433910035312419,14,20,4,"[5, 5, 5, 5]","[[2, 3, 3, 4, 5], [2, 4, 5, 6, 6], [2, 2, 2, 4, 6], [1, 2, 2, 2, 3]]",0.7,1,2,3,,CHP,"[[5], [5], [5], [5]]",4,6,150,0.96,0.0015725,20,0.00434307474642992,0.0023801326751708984,0.006787418815324306,OPTIMAL,8.7,0.0,np_gurobi_optimal,0.0,1.0,2.3,46,34.2,684,8.7,,,8.7,8.7,,False,,,False,
4314433910035312419,14,20,4,"[5, 5, 5, 5]","[[2, 3, 3, 4, 5], [2, 4, 5, 6, 6], [2, 2, 2, 4, 6], [1, 2, 2, 2, 3]]",0.7,1,2,3,2,PP,"[[2, 2, 1], [2, 2, 1], [2, 2, 1], [2, 2, 1]]",12,54,150,0.64,0.004712,20,0.00535205751657486,0.11769914627075195,0.12312861948411417,OPTIMAL,8.7,0.0,np_gurobi_optimal,0.0,2601.0,1.6,32,18.0,360,8.7,8.7,8.7,8.7,8.7,8.7,True,True,18.0,True,True
4314433910035312419,14,20,4,"[5, 5, 5, 5]","[[2, 3, 3, 4, 5], [2, 4, 5, 6, 6], [2, 2, 2, 4, 6], [1, 2, 2, 2, 3]]",0.7,1,2,3,3,PP,"[[3, 2], [3, 2], [3, 2], [3, 2]]",8,24,150,0.84,0.001702,20,0.0048606256023049355,0.03384804725646973,0.038794910077549934,OPTIMAL,8.7,0.0,np_gurobi_optimal,0.0,446.0,1.55,31,23.4,468,8.7,8.7,8.7,8.7,8.7,8.7,True,True,23.4,True,True
4314433910035312419,14,20,4,"[5, 5, 5, 5]","[[2, 3, 3, 4, 5], [2, 4, 5, 6, 6], [2, 2, 2, 4, 6], [1, 2, 2, 2, 3]]",0.7,1,2,3,4,PP,"[[4, 1], [4, 1], [4, 1], [4, 1]]",8,24,150,0.84,0.004677,20,0.005417306907474995,0.029955148696899414,0.03544869449968529,OPTIMAL,8.7,0.0,np_gurobi_optimal,0.0,250.0,1.6,32,27.0,540,8.7,8.7,8.7,8.7,8.7,8.7,True,True,27.0,True,True
4314433910035312419,14,20,4,"[5, 5, 5, 5]","[[2, 3, 3, 4, 5], [2, 4, 5, 6, 6], [2, 2, 2, 4, 6], [1, 2, 2, 2, 3]]",0.7,1,2,3,5,PP,"[[5], [5], [5], [5]]",4,6,150,0.96,0.0016975,20,0.004403475672006607,0.002122163772583008,0.006583565545032024,OPTIMAL,8.7,0.0,np_gurobi_optimal,0.0,1.0,2.3,46,28.8,576,8.7,8.7,8.7,8.7,8.7,8.7,True,True,28.8,True,True
4314433910035312419,14,20,4,"[5, 5, 5, 5]","[[2, 3, 3, 4, 5], [2, 4, 5, 6, 6], [2, 2, 2, 4, 6], [1, 2, 2, 2, 3]]",0.7,1,2,4,,CHP,"[[5], [5], [5], [5]]",4,6,150,0.96,0.004186,20,0.004677228629589081,0.0020728111267089844,0.006810412447224617,OPTIMAL,8.7,0.0,np_gurobi_optimal,0.0,1.0,2.3,46,52.25,1045,8.7,,,8.7,8.7,,False,,,False,
4314433910035312419,14,20,4,"[5, 5, 5, 5]","[[2, 3, 3, 4, 5], [2, 4, 5, 6, 6], [2, 2, 2, 4, 6], [1, 2, 2, 2, 3]]",0.7,1,2,4,2,PP,"[[2, 2, 1], [2, 2, 1], [2, 2, 1], [2, 2, 1]]",12,54,150,0.64,0.0019275,20,0.005476526916027069,0.11661601066589355,0.12216187886648416,OPTIMAL,8.7,0.0,np_gurobi_optimal,0.0,2601.0,1.6,32,27.5,550,8.7,8.7,8.7,8.7,8.7,8.7,True,True,27.5,True,True
4314433910035312419,14,20,4,"[5, 5, 5, 5]","[[2, 3, 3, 4, 5], [2, 4, 5, 6, 6], [2, 2, 2, 4, 6], [1, 2, 2, 2, 3]]",0.7,1,2,4,3,PP,"[[3, 2], [3, 2], [3, 2], [3, 2]]",8,24,150,0.84,0.001878,20,0.004861157387495041,0.030948877334594727,0.03587659586886453,OPTIMAL,8.7,0.0,np_gurobi_optimal,0.0,446.0,1.55,31,35.75,715,8.7,8.7,8.7,8.7,8.7,8.7,True,True,35.75,True,True
4314433910035312419,14,20,4,"[5, 5, 5, 5]","[[2, 3, 3, 4, 5], [2, 4, 5, 6, 6], [2, 2, 2, 4, 6], [1, 2, 2, 2, 3]]",0.7,1,2,4,4,PP,"[[4, 1], [4, 1], [4, 1], [4, 1]]",8,24,150,0.84,0.001963,20,0.005273900926113129,0.028455018997192383,0.03380345809757757,OPTIMAL,8.7,0.0,np_gurobi_optimal,0.0,250.0,1.6,32,41.25,825,8.7,8.7,8.7,8.7,8.7,8.7,True,True,41.25,True,True
4314433910035312419,14,20,4,"[5, 5, 5, 5]","[[2, 3, 3, 4, 5], [2, 4, 5, 6, 6], [2, 2, 2, 4, 6], [1, 2, 2, 2, 3]]",0.7,1,2,4,5,PP,"[[5], [5], [5], [5]]",4,6,150,0.96,0.0017875,20,0.004730238579213619,0.0027451515197753906,0.007541491942024231,OPTIMAL,8.7,0.0,np_gurobi_optimal,0.0,1.0,2.3,46,44.0,880,8.7,8.7,8.7,8.7,8.7,8.7,True,True,44.0,True,True
3511848129738431024,15,20,4,"[5, 5, 5, 5]","[[2, 3, 7, 11, 11], [1, 2, 3, 5, 5], [3, 3, 3, 5, 5], [1, 2, 3, 4, 4]]",0.7,1,2,,1,NP,"[[1, 1, 1, 1, 1], [1, 1, 1, 1, 1], [1, 1, 1, 1, 1], [1, 1, 1, 1, 1]]",20,150,150,0.0,0.001362,20,0.007861490361392498,30.012375831604004,30.02031303237785,TIME_LIMIT,7.85,,,0.19585327587157658,362068.0,0.0,0,0.0,0,,,,,,,False,,,False,
3511848129738431024,15,20,4,"[5, 5, 5, 5]","[[2, 3, 7, 11, 11], [1, 2, 3, 5, 5], [3, 3, 3, 5, 5], [1, 2, 3, 4, 4]]",0.7,1,2,2,,CHP,"[[2, 1, 2], [5], [5], [5]]",6,12,150,0.92,0.0029795,20,0.006887269206345081,0.013271808624267578,0.020269588766400337,OPTIMAL,7.85,,,0.0,1.0,1.5,30,16.15,323,,,,,7.85,,False,,,False,
3511848129738431024,15,20,4,"[5, 5, 5, 5]","[[2, 3, 7, 11, 11], [1, 2, 3, 5, 5], [3, 3, 3, 5, 5], [1, 2, 3, 4, 4]]",0.7,1,2,2,2,PP,"[[2, 1, 2], [2, 2, 1], [2, 2, 1], [2, 2, 1]]",12,54,150,0.64,0.0030295,20,0.008087171241641045,0.16339111328125,0.17158437883561087,OPTIMAL,7.85,,,0.0,3496.0,1.5,30,8.5,170,,7.85,7.85,,7.85,7.85,False,,,False,
3511848129738431024,15,20,4,"[5, 5, 5, 5]","[[2, 3, 7, 11, 11], [1, 2, 3, 5, 5], [3, 3, 3, 5, 5], [1, 2, 3, 4, 4]]",0.7,1,2,2,3,PP,"[[2, 1, 2], [3, 2], [3, 2], [3, 2]]",9,30,150,0.8,0.0029795,20,0.007202714681625366,0.06046891212463379,0.06777791698813868,OPTIMAL,7.85,,,0.0,1203.0,0.0,0,11.05,221,,7.85,7.85,,7.85,7.85,False,,,False,
3511848129738431024,15,20,4,"[5, 5, 5, 5]","[[2, 3, 7, 11, 11], [1, 2, 3, 5, 5], [3, 3, 3, 5, 5], [1, 2, 3, 4, 4]]",0.7,1,2,2,4,PP,"[[2, 1, 2], [4, 1], [4, 1], [4, 1]]",9,30,150,0.8,0.0030345,20,0.00719975121319294,0.04512786865234375,0.05243210053962183,OPTIMAL,7.85,,,0.0,339.0,1.5,30,12.75,255,,7.85,7.85,,7.85,7.85,False,,,False,
3511848129738431024,15,20,4,"[5, 5, 5, 5]","[[2, 3, 7, 11, 11], [1, 2, 3, 5, 5], [3, 3, 3, 5, 5], [1, 2, 3, 4, 4]]",0.7,1,2,2,5,PP,"[[2, 1, 2], [5], [5], [5]]",6,12,150,0.92,0.002844,20,0.006690611131489277,0.009277105331420898,0.016063145102697848,OPTIMAL,7.85,,,0.0,1.0,1.5,30,13.6,272,,7.85,7.85,,7.85,7.85,False,,,False,
3511848129738431024,15,20,4,"[5, 5, 5, 5]","[[2, 3, 7, 11, 11], [1, 2, 3, 5, 5], [3, 3, 3, 5, 5], [1, 2, 3, 4, 4]]",0.7,1,2,3,,CHP,"[[2, 1, 2], [5], [5], [5]]",6,12,150,0.92,0.002719,20,0.006485030986368656,0.008516073226928711,0.015097951985913753,OPTIMAL,7.85,,,0.0,1.0,1.5,30,34.2,684,,,,,7.85,,False,,,False,
3511848129738431024,15,20,4,"[5, 5, 5, 5]","[[2, 3, 7, 11, 11], [1, 2, 3, 5, 5], [3, 3, 3, 5, 5], [1, 2, 3, 4, 4]]",0.7,1,2,3,2,PP,"[[2, 1, 2], [2, 2, 1], [2, 2, 1], [2, 2, 1]]",12,54,150,0.64,0.002875,20,0.007491130381822586,0.16866683959960938,0.17625206895893814,OPTIMAL,7.85,,,0.0,3496.0,1.5,30,18.0,360,,7.85,7.85,,7.85,7.85,False,,,False,
3511848129738431024,15,20,4,"[5, 5, 5, 5]","[[2, 3, 7, 11, 11], [1, 2, 3, 5, 5], [3, 3, 3, 5, 5], [1, 2, 3, 4, 4]]",0.7,1,2,3,3,PP,"[[2, 1, 2], [3, 2], [3, 2], [3, 2]]",9,30,150,0.8,0.0022235,20,0.006454635411500931,0.05483293533325195,0.061365290977941515,OPTIMAL,7.85,,,0.0,1203.0,0.0,0,23.4,468,,7.85,7.85,,7.85,7.85,False,,,False,
3511848129738431024,15,20,4,"[5, 5, 5, 5]","[[2, 3, 7, 11, 11], [1, 2, 3, 5, 5], [3, 3, 3, 5, 5], [1, 2, 3, 4, 4]]",0.7,1,2,3,4,PP,"[[2, 1, 2], [4, 1], [4, 1], [4, 1]]",9,30,150,0.8,0.001688,20,0.005036862567067146,0.03650307655334473,0.04160669583473253,OPTIMAL,7.85,,,0.0,339.0,1.5,30,27.0,540,,7.85,7.85,,7.85,7.85,False,,,False,
3511848129738431024,15,20,4,"[5, 5, 5, 5]","[[2, 3, 7, 11, 11], [1, 2, 3, 5, 5], [3, 3, 3, 5, 5], [1, 2, 3, 4, 4]]",0.7,1,2,3,5,PP,"[[2, 1, 2], [5], [5], [5]]",6,12,150,0.92,0.0044865,20,0.004889229312539101,0.006918191909790039,0.011871991998230457,OPTIMAL,7.85,,,0.0,1.0,1.5,30,28.8,576,,7.85,7.85,,7.85,7.85,False,,,False,
3511848129738431024,15,20,4,"[5, 5, 5, 5]","[[2, 3, 7, 11, 11], [1, 2, 3, 5, 5], [3, 3, 3, 5, 5], [1, 2, 3, 4, 4]]",0.7,1,2,4,,CHP,"[[5], [5], [5], [5]]",4,6,150,0.96,0.0015375,20,0.004277253523468971,0.002591848373413086,0.006928444726443291,OPTIMAL,7.85,,,0.0,1.0,6.55,131,52.25,1045,,,,,7.85,,False,,,False,
3511848129738431024,15,20,4,"[5, 5, 5, 5]","[[2, 3, 7, 11, 11], [1, 2, 3, 5, 5], [3, 3, 3, 5, 5], [1, 2, 3, 4, 4]]",0.7,1,2,4,2,PP,"[[2, 2, 1], [2, 2, 1], [2, 2, 1], [2, 2, 1]]",12,54,150,0.64,0.001903,20,0.005533072166144848,0.14208292961120605,0.14769166459393787,OPTIMAL,7.85,,,0.0,3023.0,3.95,79,27.5,550,,7.85,7.85,,7.85,7.85,False,,,False,
3511848129738431024,15,20,4,"[5, 5, 5, 5]","[[2, 3, 7, 11, 11], [1, 2, 3, 5, 5], [3, 3, 3, 5, 5], [1, 2, 3, 4, 4]]",0.7,1,2,4,3,PP,"[[3, 2], [3, 2], [3, 2], [3, 2]]",8,24,150,0.84,0.001808,20,0.005125136114656925,0.030369043350219727,0.035569741693528174,OPTIMAL,7.85,,,0.0,471.0,2.6,52,35.75,715,,7.85,7.85,,7.85,7.85,False,,,False,
3511848129738431024,15,20,4,"[5, 5, 5, 5]","[[2, 3, 7, 11, 11], [1, 2, 3, 5, 5], [3, 3, 3, 5, 5], [1, 2, 3, 4, 4]]",0.7,1,2,4,4,PP,"[[4, 1], [4, 1], [4, 1], [4, 1]]",8,24,150,0.84,0.001858,20,0.005013126879930496,0.02141094207763672,0.02648510226263571,OPTIMAL,7.85,,,0.0,132.0,6.55,131,41.25,825,,7.85,7.85,,7.85,7.85,False,,,False,
3511848129738431024,15,20,4,"[5, 5, 5, 5]","[[2, 3, 7, 11, 11], [1, 2, 3, 5, 5], [3, 3, 3, 5, 5], [1, 2, 3, 4, 4]]",0.7,1,2,4,5,PP,"[[5], [5], [5], [5]]",4,6,150,0.96,0.001648,20,0.003998933359980583,0.0023920536041259766,0.006447589515266895,OPTIMAL,7.85,,,0.0,1.0,6.55,131,44.0,880,,7.85,7.85,,7.85,7.85,False,,,False,
13641174851589121864,16,20,4,"[5, 5, 5, 5]","[[0, 2, 5, 8, 9], [4, 6, 8, 8, 10], [2, 5, 8, 9, 9], [3, 4, 10, 12, 12]]",0.7,1,2,,1,NP,"[[1, 1, 1, 1, 1], [1, 1, 1, 1, 1], [1, 1, 1, 1, 1], [1, 1, 1, 1, 1]]",20,150,150,0.0,0.001237,20,0.0068365419283509254,30.00694704055786,30.01385532805569,TIME_LIMIT,6.45,,,0.3017746315940394,361339.0,0.0,0,0.0,0,,,,,,,False,,,False,
13641174851589121864,16,20,4,"[5, 5, 5, 5]","[[0, 2, 5, 8, 9], [4, 6, 8, 8, 10], [2, 5, 8, 9, 9], [3, 4, 10, 12, 12]]",0.7,1,2,2,,CHP,"[[2, 1, 2], [5], [1, 1, 3], [2, 3]]",9,29,150,0.8066666666666666,0.001713,20,0.005129140801727772,0.05760598182678223,0.06281467091268349,OPTIMAL,6.45,,,0.0,925.0,3.95,79,16.15,323,,,,,6.45,,False,,,False,
13641174851589121864,16,20,4,"[5, 5, 5, 5]","[[0, 2, 5, 8, 9], [4, 6, 8, 8, 10], [2, 5, 8, 9, 9], [3, 4, 10, 12, 12]]",0.7,1,2,2,2,PP,"[[2, 1, 2], [2, 2, 1], [1, 1, 2, 1], [2, 2, 1]]",13,63,150,0.5800000000000001,0.001863,20,0.006095651537179947,0.3284261226654053,0.3346056839274411,OPTIMAL,6.45,,,0.0,15447.0,2.45,49,8.5,170,,6.45,6.45,,6.45,6.45,False,,,False,
13641174851589121864,16,20,4,"[5, 5, 5, 5]","[[0, 2, 5, 8, 9], [4, 6, 8, 8, 10], [2, 5, 8, 9, 9], [3, 4, 10, 12, 12]]",0.7,1,2,2,3,PP,"[[2, 1, 2], [3, 2], [1, 1, 3], [2, 3]]",10,37,150,0.7533333333333333,0.004577,20,0.005567063577473164,0.0835409164428711,0.08918801836327506,OPTIMAL,6.45,,,0.0,2652.0,3.95,79,11.05,221,,6.45,6.45,,6.45,6.45,False,,,False,
13641174851589121864,16,20,4,"[5, 5, 5, 5]","[[0, 2, 5, 8, 9], [4, 6, 8, 8, 10], [2, 5, 8, 9, 9], [3, 4, 10, 12, 12]]",0.7,1,2,2,4,PP,"[[2, 1, 2], [4, 1], [1, 1, 3], [2, 3]]",10,37,150,0.7533333333333333,0.001728,20,0.005306640639901161,0.0821831226348877,0.08756925764109183,OPTIMAL,6.45,,,0.0,1747.0,3.25,65,12.75,255,,6.45,6.45,,6.45,6.45,False,,,False,
13641174851589121864,16,20,4,"[5, 5, 5, 5]","[[0, 2, 5, 8, 9], [4, 6, 8, 8, 10], [2, 5, 8, 9, 9], [3, 4, 10, 12, 12]]",0.7,1,2,2,5,PP,"[[2, 1, 2], [5], [1, 1, 3], [2, 3]]",9,29,150,0.8066666666666666,0.004101,20,0.005269444547593594,0.04530692100524902,0.05064755809979534,OPTIMAL,6.45,,,0.0,925.0,3.95,79,13.6,272,,6.45,6.45,,6.45,6.45,False,,,False,
13641174851589121864,16,20,4,"[5, 5, 5, 5]","[[0, 2, 5, 8, 9], [4, 6, 8, 8, 10], [2, 5, 8, 9, 9], [3, 4, 10, 12, 12]]",0.7,1,2,3,,CHP,"[[5], [5], [5], [2, 3]]",5,9,150,0.94,0.004331,20,0.005060407333076,0.00519108772277832,0.01031914947167015,OPTIMAL,7.9,,,0.0,1.0,10.75,215,34.2,684,,,,,7.9,,False,,,False,
13641174851589121864,16,20,4,"[5, 5, 5, 5]","[[0, 2, 5, 8, 9], [4, 6, 8, 8, 10], [2, 5, 8, 9, 9], [3, 4, 10, 12, 12]]",0.7,1,2,3,2,PP,"[[2, 2, 1], [2, 2, 1], [2, 2, 1], [2, 2, 1]]",12,54,150,0.64,0.001747,20,0.005612961947917938,0.15427899360656738,0.15996426420935106,OPTIMAL,6.45,,,0.0,2840.0,5.85,117,18.0,360,,7.9,6.45,,7.9,6.45,False,,,False,
13641174851589121864,16,20,4,"[5, 5, 5, 5]","[[0, 2, 5, 8, 9], [4, 6, 8, 8, 10], [2, 5, 8, 9, 9], [3, 4, 10, 12, 12]]",0.7,1,2,3,3,PP,"[[3, 2], [3, 2], [3, 2], [2, 3]]",8,24,150,0.84,0.0018825,20,0.005129693076014519,0.050270795822143555,0.05547723203802824,OPTIMAL,7.45,,,0.0,588.0,9.15,183,23.4,468,,7.9,7.45,,7.9,7.45,False,,,False,
13641174851589121864,16,20,4,"[5, 5, 5, 5]","[[0, 2, 5, 8, 9], [4, 6, 8, 8, 10], [2, 5, 8, 9, 9], [3, 4, 10, 12, 12]]",0.7,1,2,3,4,PP,"[[4, 1], [4, 1], [4, 1], [2, 3]]",8,24,150,0.84,0.001848,20,0.0051662977784872055,0.022646188735961914,0.027885979297469138,OPTIMAL,7.9,,,0.0,330.0,10.05,201,27.0,540,,7.9,7.9,,7.9,7.9,False,,,False,
13641174851589121864,16,20,4,"[5, 5, 5, 5]","[[0, 2, 5, 8, 9], [4, 6, 8, 8, 10], [2, 5, 8, 9, 9], [3, 4, 10, 12, 12]]",0.7,1,2,3,5,PP,"[[5], [5], [5], [2, 3]]",5,9,150,0.94,0.001718,20,0.004542294889688492,0.005506038665771484,0.010109884374266147,OPTIMAL,7.9,,,0.0,1.0,10.75,215,28.8,576,,7.9,7.9,,7.9,7.9,False,,,False,
13641174851589121864,16,20,4,"[5, 5, 5, 5]","[[0, 2, 5, 8, 9], [4, 6, 8, 8, 10], [2, 5, 8, 9, 9], [3, 4, 10, 12, 12]]",0.7,1,2,4,,CHP,"[[5], [5], [5], [2, 3]]",5,9,150,0.94,0.0016125,20,0.004208379425108433,0.005320072174072266,0.00958513506566286,OPTIMAL,7.9,,,0.0,1.0,10.75,215,52.25,1045,,,,,7.9,,False,,,False,
13641174851589121864,16,20,4,"[5, 5, 5, 5]","[[0, 2, 5, 8, 9], [4, 6, 8, 8, 10], [2, 5, 8, 9, 9], [3, 4, 10, 12, 12]]",0.7,1,2,4,2,PP,"[[2, 2, 1], [2, 2, 1], [2, 2, 1], [2, 2, 1]]",12,54,150,0.64,0.0018875,20,0.005934258922934532,0.15693902969360352,0.16294182528526782,OPTIMAL,6.45,,,0.0,2840.0,5.85,117,27.5,550,,7.9,6.45,,7.9,6.45,False,,,False,
13641174851589121864,16,20,4,"[5, 5, 5, 5]","[[0, 2, 5, 8, 9], [4, 6, 8, 8, 10], [2, 5, 8, 9, 9], [3, 4, 10, 12, 12]]",0.7,1,2,4,3,PP,"[[3, 2], [3, 2], [3, 2], [2, 3]]",8,24,150,0.84,0.004532,20,0.005231005139648914,0.04758191108703613,0.05288848392474127,OPTIMAL,7.45,,,0.0,588.0,9.15,183,35.75,715,,7.9,7.45,,7.9,7.45,False,,,False,
13641174851589121864,16,20,4,"[5, 5, 5, 5]","[[0, 2, 5, 8, 9], [4, 6, 8, 8, 10], [2, 5, 8, 9, 9], [3, 4, 10, 12, 12]]",0.7,1,2,4,4,PP,"[[4, 1], [4, 1], [4, 1], [2, 3]]",8,24,150,0.84,0.001798,20,0.004705460742115974,0.021903038024902344,0.02667095287498045,OPTIMAL,7.9,,,0.0,330.0,10.05,201,41.25,825,,7.9,7.9,,7.9,7.9,False,,,False,
13641174851589121864,16,20,4,"[5, 5, 5, 5]","[[0, 2, 5, 8, 9], [4, 6, 8, 8, 10], [2, 5, 8, 9, 9], [3, 4, 10, 12, 12]]",0.7,1,2,4,5,PP,"[[5], [5], [5], [2, 3]]",5,9,150,0.94,0.001783,20,0.004676546901464462,0.00493311882019043,0.009673829639025211,OPTIMAL,7.9,,,0.0,1.0,10.75,215,44.0,880,,7.9,7.9,,7.9,7.9,False,,,False,
5365207977730420258,17,20,4,"[5, 5, 5, 5]","[[1, 2, 2, 7, 8], [3, 5, 5, 8, 8], [4, 6, 8, 8, 9], [4, 5, 6, 8, 12]]",0.7,1,2,,1,NP,"[[1, 1, 1, 1, 1], [1, 1, 1, 1, 1], [1, 1, 1, 1, 1], [1, 1, 1, 1, 1]]",20,150,150,0.0,0.00341,20,0.008120612241327763,9.780472993850708,9.78866475211421,OPTIMAL,6.45,0.0,np_gurobi_optimal,0.0,149278.0,0.0,0,0.0,0,6.45,,,6.45,,,False,,,False,
5365207977730420258,17,20,4,"[5, 5, 5, 5]","[[1, 2, 2, 7, 8], [3, 5, 5, 8, 8], [4, 6, 8, 8, 9], [4, 5, 6, 8, 12]]",0.7,1,2,2,,CHP,"[[3, 2], [3, 2], [5], [4, 1]]",7,18,150,0.88,0.0016525,20,0.004586461931467056,0.020054101943969727,0.02469998817738533,OPTIMAL,6.45,0.0,np_gurobi_optimal,0.0,117.0,3.25,65,16.15,323,6.45,,,6.45,6.45,,False,,,False,
5365207977730420258,17,20,4,"[5, 5, 5, 5]","[[1, 2, 2, 7, 8], [3, 5, 5, 8, 8], [4, 6, 8, 8, 9], [4, 5, 6, 8, 12]]",0.7,1,2,2,2,PP,"[[2, 1, 2], [2, 1, 2], [2, 2, 1], [2, 2, 1]]",12,54,150,0.64,0.004367,20,0.005423055030405521,0.11820483207702637,0.12369035000963641,OPTIMAL,6.45,0.0,np_gurobi_optimal,0.0,4350.0,2.45,49,8.5,170,6.45,6.45,6.45,6.45,6.45,6.45,True,True,8.5,True,True
5365207977730420258,17,20,4,"[5, 5, 5, 5]","[[1, 2, 2, 7, 8], [3, 5, 5, 8, 8], [4, 6, 8, 8, 9], [4, 5, 6, 8, 12]]",0.7,1,2,2,3,PP,"[[3, 2], [3, 2], [3, 2], [3, 1, 1]]",9,30,150,0.8,0.0017575,20,0.004633611999452114,0.03613710403442383,0.04082928886754036,OPTIMAL,6.45,0.0,np_gurobi_optimal,0.0,596.0,2.5,50,11.05,221,6.45,6.45,6.45,6.45,6.45,6.45,True,True,11.05,True,True
5365207977730420258,17,20,4,"[5, 5, 5, 5]","[[1, 2, 2, 7, 8], [3, 5, 5, 8, 8], [4, 6, 8, 8, 9], [4, 5, 6, 8, 12]]",0.7,1,2,2,4,PP,"[[3, 2], [3, 2], [4, 1], [4, 1]]",8,24,150,0.84,0.001748,20,0.004399068653583527,0.021266937255859375,0.02572050588271427,OPTIMAL,6.45,0.0,np_gurobi_optimal,0.0,238.0,3.25,65,12.75,255,6.45,6.45,6.45,6.45,6.45,6.45,True,True,12.75,True,True
5365207977730420258,17,20,4,"[5, 5, 5, 5]","[[1, 2, 2, 7, 8], [3, 5, 5, 8, 8], [4, 6, 8, 8, 9], [4, 5, 6, 8, 12]]",0.7,1,2,2,5,PP,"[[3, 2], [3, 2], [5], [4, 1]]",7,18,150,0.88,0.001733,20,0.0046942345798015594,0.016972064971923828,0.02171873282136488,OPTIMAL,6.45,0.0,np_gurobi_optimal,0.0,117.0,3.25,65,13.6,272,6.45,6.45,6.45,6.45,6.45,6.45,True,True,13.6,True,True
5365207977730420258,17,20,4,"[5, 5, 5, 5]","[[1, 2, 2, 7, 8], [3, 5, 5, 8, 8], [4, 6, 8, 8, 9], [4, 5, 6, 8, 12]]",0.7,1,2,3,,CHP,"[[3, 2], [5], [5], [4, 1]]",6,13,150,0.9133333333333333,0.003956,20,0.004323014058172703,0.005326032638549805,0.009701821694761276,OPTIMAL,6.45,0.0,np_gurobi_optimal,0.0,1.0,4.85,97,34.2,684,6.45,,,6.45,6.45,,False,,,False,
5365207977730420258,17,20,4,"[5, 5, 5, 5]","[[1, 2, 2, 7, 8], [3, 5, 5, 8, 8], [4, 6, 8, 8, 9], [4, 5, 6, 8, 12]]",0.7,1,2,3,2,PP,"[[2, 1, 2], [2, 2, 1], [2, 2, 1], [2, 2, 1]]",12,54,150,0.64,0.001888,20,0.004640502855181694,0.13369512557983398,0.13839215340517808,OPTIMAL,6.45,0.0,np_gurobi_optimal,0.0,3248.0,4.05,81,18.0,360,6.45,6.45,6.45,6.45,6.45,6.45,True,True,18.0,True,True
5365207977730420258,17,20,4,"[5, 5, 5, 5]","[[1, 2, 2, 7, 8], [3, 5, 5, 8, 8], [4, 6, 8, 8, 9], [4, 5, 6, 8, 12]]",0.7,1,2,3,3,PP,"[[3, 2], [3, 2], [3, 2], [3, 1, 1]]",9,30,150,0.8,0.001748,20,0.004560492001473904,0.03597402572631836,0.04059650832853127,OPTIMAL,6.45,0.0,np_gurobi_optimal,0.0,596.0,2.5,50,23.4,468,6.45,6.45,6.45,6.45,6.45,6.45,True,True,23.4,True,True
5365207977730420258,17,20,4,"[5, 5, 5, 5]","[[1, 2, 2, 7, 8], [3, 5, 5, 8, 8], [4, 6, 8, 8, 9], [4, 5, 6, 8, 12]]",0.7,1,2,3,4,PP,"[[3, 2], [4, 1], [4, 1], [4, 1]]",8,24,150,0.84,0.004247,20,0.004678801633417606,0.022589921951293945,0.027325327677211284,OPTIMAL,6.45,0.0,np_gurobi_optimal,0.0,197.0,4.85,97,27.0,540,6.45,6.45,6.45,6.45,6.45,6.45,True,True,27.0,True,True
5365207977730420258,17,20,4,"[5, 5, 5, 5]","[[1, 2, 2, 7, 8], [3, 5, 5, 8, 8], [4, 6, 8, 8, 9], [4, 5, 6, 8, 12]]",0.7,1,2,3,5,PP,"[[3, 2], [5], [5], [4, 1]]",6,13,150,0.9133333333333333,0.004577,20,0.0041581736877560616,0.005177021026611328,0.00938956953243208,OPTIMAL,6.45,0.0,np_gurobi_optimal,0.0,1.0,4.85,97,28.8,576,6.45,6.45,6.45,6.45,6.45,6.45,True,True,28.8,True,True
5365207977730420258,17,20,4,"[5, 5, 5, 5]","[[1, 2, 2, 7, 8], [3, 5, 5, 8, 8], [4, 6, 8, 8, 9], [4, 5, 6, 8, 12]]",0.7,1,2,4,,CHP,"[[3, 2], [5], [5], [5]]",5,9,150,0.94,0.004201,20,0.00400242954492569,0.003162860870361328,0.007218413790131569,OPTIMAL,6.45,0.0,np_gurobi_optimal,0.0,1.0,7.15,143,52.25,1045,6.45,,,6.45,6.45,,False,,,False,
5365207977730420258,17,20,4,"[5, 5, 5, 5]","[[1, 2, 2, 7, 8], [3, 5, 5, 8, 8], [4, 6, 8, 8, 9], [4, 5, 6, 8, 12]]",0.7,1,2,4,2,PP,"[[2, 1, 2], [2, 2, 1], [2, 2, 1], [2, 2, 1]]",12,54,150,0.64,0.001823,20,0.0046374984085559845,0.11710882186889648,0.12180174647955704,OPTIMAL,6.45,0.0,np_gurobi_optimal,0.0,3248.0,4.05,81,27.5,550,6.45,6.45,6.45,6.45,6.45,6.45,True,True,27.5,True,True
5365207977730420258,17,20,4,"[5, 5, 5, 5]","[[1, 2, 2, 7, 8], [3, 5, 5, 8, 8], [4, 6, 8, 8, 9], [4, 5, 6, 8, 12]]",0.7,1,2,4,3,PP,"[[3, 2], [3, 2], [3, 2], [3, 2]]",8,24,150,0.84,0.004382,20,0.004505740478634834,0.024204015731811523,0.028766129293174268,OPTIMAL,6.45,0.0,np_gurobi_optimal,0.0,367.0,4.8,96,35.75,715,6.45,6.45,6.45,6.45,6.45,6.45,True,True,35.75,True,True
5365207977730420258,17,20,4,"[5, 5, 5, 5]","[[1, 2, 2, 7, 8], [3, 5, 5, 8, 8], [4, 6, 8, 8, 9], [4, 5, 6, 8, 12]]",0.7,1,2,4,4,PP,"[[3, 2], [4, 1], [4, 1], [4, 1]]",8,24,150,0.84,0.0017075,20,0.004214148037135601,0.021284103393554688,0.025551069913585186,OPTIMAL,6.45,0.0,np_gurobi_optimal,0.0,197.0,4.85,97,41.25,825,6.45,6.45,6.45,6.45,6.45,6.45,True,True,41.25,True,True
5365207977730420258,17,20,4,"[5, 5, 5, 5]","[[1, 2, 2, 7, 8], [3, 5, 5, 8, 8], [4, 6, 8, 8, 9], [4, 5, 6, 8, 12]]",0.7,1,2,4,5,PP,"[[3, 2], [5], [5], [5]]",5,9,150,0.94,0.004557,20,0.004111182875931263,0.003381967544555664,0.007548237258095264,OPTIMAL,6.45,0.0,np_gurobi_optimal,0.0,1.0,7.15,143,44.0,880,6.45,6.45,6.45,6.45,6.45,6.45,True,True,44.0,True,True
17352611604535070303,18,20,4,"[5, 5, 5, 5]","[[2, 2, 4, 7, 8], [2, 2, 2, 6, 6], [2, 7, 8, 10, 11], [0, 1, 4, 5, 6]]",0.7,1,2,,1,NP,"[[1, 1, 1, 1, 1], [1, 1, 1, 1, 1], [1, 1, 1, 1, 1], [1, 1, 1, 1, 1]]",20,150,150,0.0,0.003205,20,0.006882591173052788,20.489511013031006,20.496459257176653,OPTIMAL,6.85,0.0,np_gurobi_optimal,0.0,314227.0,0.0,0,0.0,0,6.85,,,6.85,,,False,,,False,
17352611604535070303,18,20,4,"[5, 5, 5, 5]","[[2, 2, 4, 7, 8], [2, 2, 2, 6, 6], [2, 7, 8, 10, 11], [0, 1, 4, 5, 6]]",0.7,1,2,2,,CHP,"[[3, 2], [3, 2], [1, 4], [2, 3]]",8,24,150,0.84,0.0016175,20,0.00475652888417244,0.032109975814819336,0.03692902417611361,OPTIMAL,6.85,0.0,np_gurobi_optimal,0.0,427.0,1.55,31,16.15,323,6.85,,,6.85,6.85,,False,,,False,
17352611604535070303,18,20,4,"[5, 5, 5, 5]","[[2, 2, 4, 7, 8], [2, 2, 2, 6, 6], [2, 7, 8, 10, 11], [0, 1, 4, 5, 6]]",0.7,1,2,2,2,PP,"[[2, 1, 2], [2, 1, 2], [1, 2, 2], [2, 2, 1]]",12,54,150,0.64,0.0018075,20,0.005190465599298477,0.13672995567321777,0.14198330118166924,OPTIMAL,6.85,0.0,np_gurobi_optimal,0.0,4704.0,0.0,0,8.5,170,6.85,6.85,6.85,6.85,6.85,6.85,True,True,8.5,True,True
17352611604535070303,18,20,4,"[5, 5, 5, 5]","[[2, 2, 4, 7, 8], [2, 2, 2, 6, 6], [2, 7, 8, 10, 11], [0, 1, 4, 5, 6]]",0.7,1,2,2,3,PP,"[[3, 2], [3, 2], [1, 3, 1], [2, 3]]",9,30,150,0.8,0.0017075,20,0.004968168213963509,0.046720027923583984,0.05175289736517191,OPTIMAL,6.85,0.0,np_gurobi_optimal,0.0,590.0,1.55,31,11.05,221,6.85,6.85,6.85,6.85,6.85,6.85,True,True,11.05,True,True
17352611604535070303,18,20,4,"[5, 5, 5, 5]","[[2, 2, 4, 7, 8], [2, 2, 2, 6, 6], [2, 7, 8, 10, 11], [0, 1, 4, 5, 6]]",0.7,1,2,2,4,PP,"[[3, 2], [3, 2], [1, 4], [2, 3]]",8,24,150,0.84,0.002268,20,0.005422825925052166,0.02909994125366211,0.03459249273543882,OPTIMAL,6.85,0.0,np_gurobi_optimal,0.0,427.0,1.55,31,12.75,255,6.85,6.85,6.85,6.85,6.85,6.85,True,True,12.75,True,True
17352611604535070303,18,20,4,"[5, 5, 5, 5]","[[2, 2, 4, 7, 8], [2, 2, 2, 6, 6], [2, 7, 8, 10, 11], [0, 1, 4, 5, 6]]",0.7,1,2,2,5,PP,"[[3, 2], [3, 2], [1, 4], [2, 3]]",8,24,150,0.84,0.004242,20,0.0046185702085494995,0.027403831481933594,0.032081369136290075,OPTIMAL,6.85,0.0,np_gurobi_optimal,0.0,427.0,1.55,31,13.6,272,6.85,6.85,6.85,6.85,6.85,6.85,True,True,13.6,True,True
17352611604535070303,18,20,4,"[5, 5, 5, 5]","[[2, 2, 4, 7, 8], [2, 2, 2, 6, 6], [2, 7, 8, 10, 11], [0, 1, 4, 5, 6]]",0.7,1,2,3,,CHP,"[[5], [3, 2], [1, 4], [5]]",6,13,150,0.9133333333333333,0.001522,20,0.003964612260460854,0.006670951843261719,0.010688944007322312,OPTIMAL,8.05,1.200000000000001,np_gurobi_optimal,0.0,1.0,4.85,97,34.2,684,6.85,,,6.85,8.05,,False,,,False,
17352611604535070303,18,20,4,"[5, 5, 5, 5]","[[2, 2, 4, 7, 8], [2, 2, 2, 6, 6], [2, 7, 8, 10, 11], [0, 1, 4, 5, 6]]",0.7,1,2,3,2,PP,"[[2, 2, 1], [2, 1, 2], [1, 2, 2], [2, 2, 1]]",12,54,150,0.64,0.0017025,20,0.004542676731944084,0.19748687744140625,0.2021217104470873,OPTIMAL,6.85,0.0,np_gurobi_optimal,0.0,6375.0,1.6,32,18.0,360,6.85,8.05,6.85,6.85,8.05,6.85,True,True,18.0,True,True
17352611604535070303,18,20,4,"[5, 5, 5, 5]","[[2, 2, 4, 7, 8], [2, 2, 2, 6, 6], [2, 7, 8, 10, 11], [0, 1, 4, 5, 6]]",0.7,1,2,3,3,PP,"[[3, 2], [3, 2], [1, 3, 1], [3, 2]]",9,30,150,0.8,0.0017875,20,0.004862288013100624,0.04944896697998047,0.054372647137856486,OPTIMAL,8.05,1.200000000000001,np_gurobi_optimal,0.0,1105.0,3.25,65,23.4,468,6.85,8.05,8.05,6.85,8.05,8.05,True,True,22.199999999999996,True,True
17352611604535070303,18,20,4,"[5, 5, 5, 5]","[[2, 2, 4, 7, 8], [2, 2, 2, 6, 6], [2, 7, 8, 10, 11], [0, 1, 4, 5, 6]]",0.7,1,2,3,4,PP,"[[4, 1], [3, 2], [1, 4], [4, 1]]",8,24,150,0.84,0.001783,20,0.004597418010234833,0.0222628116607666,0.026920815447040083,OPTIMAL,8.05,1.200000000000001,np_gurobi_optimal,0.0,310.0,4.85,97,27.0,540,6.85,8.05,8.05,6.85,8.05,8.05,True,True,25.799999999999997,True,True
17352611604535070303,18,20,4,"[5, 5, 5, 5]","[[2, 2, 4, 7, 8], [2, 2, 2, 6, 6], [2, 7, 8, 10, 11], [0, 1, 4, 5, 6]]",0.7,1,2,3,5,PP,"[[5], [3, 2], [1, 4], [5]]",6,13,150,0.9133333333333333,0.0042165,20,0.00441635400056839,0.007730960845947266,0.012211104326323509,OPTIMAL,8.05,1.200000000000001,np_gurobi_optimal,0.0,1.0,4.85,97,28.8,576,6.85,8.05,8.05,6.85,8.05,8.05,True,True,27.6,True,True
17352611604535070303,18,20,4,"[5, 5, 5, 5]","[[2, 2, 4, 7, 8], [2, 2, 2, 6, 6], [2, 7, 8, 10, 11], [0, 1, 4, 5, 6]]",0.7,1,2,4,,CHP,"[[5], [5], [1, 4], [5]]",5,9,150,0.94,0.001677,20,0.0040921540930867195,0.0038340091705322266,0.007986874938978672,OPTIMAL,8.05,1.200000000000001,np_gurobi_optimal,0.0,1.0,7.3,146,52.25,1045,6.85,,,6.85,8.05,,False,,,False,
17352611604535070303,18,20,4,"[5, 5, 5, 5]","[[2, 2, 4, 7, 8], [2, 2, 2, 6, 6], [2, 7, 8, 10, 11], [0, 1, 4, 5, 6]]",0.7,1,2,4,2,PP,"[[2, 2, 1], [2, 2, 1], [1, 2, 2], [2, 2, 1]]",12,54,150,0.64,0.002314,20,0.006734087131917477,0.21008896827697754,0.21691287368403817,OPTIMAL,6.85,0.0,np_gurobi_optimal,0.0,4251.0,4.05,81,27.5,550,6.85,8.05,6.85,6.85,8.05,6.85,True,True,27.5,True,True
17352611604535070303,18,20,4,"[5, 5, 5, 5]","[[2, 2, 4, 7, 8], [2, 2, 2, 6, 6], [2, 7, 8, 10, 11], [0, 1, 4, 5, 6]]",0.7,1,2,4,3,PP,"[[3, 2], [3, 2], [1, 3, 1], [3, 2]]",9,30,150,0.8,0.001808,20,0.0050661759451031685,0.05116987228393555,0.05630018964895773,OPTIMAL,8.05,1.200000000000001,np_gurobi_optimal,0.0,1105.0,3.25,65,35.75,715,6.85,8.05,8.05,6.85,8.05,8.05,True,True,34.55,True,True
17352611604535070303,18,20,4,"[5, 5, 5, 5]","[[2, 2, 4, 7, 8], [2, 2, 2, 6, 6], [2, 7, 8, 10, 11], [0, 1, 4, 5, 6]]",0.7,1,2,4,4,PP,"[[4, 1], [4, 1], [1, 4], [4, 1]]",8,24,150,0.84,0.001813,20,0.004932694137096405,0.025357961654663086,0.030351780069923878,OPTIMAL,8.05,1.200000000000001,np_gurobi_optimal,0.0,242.0,7.3,146,41.25,825,6.85,8.05,8.05,6.85,8.05,8.05,True,True,40.05,True,True
17352611604535070303,18,20,4,"[5, 5, 5, 5]","[[2, 2, 4, 7, 8], [2, 2, 2, 6, 6], [2, 7, 8, 10, 11], [0, 1, 4, 5, 6]]",0.7,1,2,4,5,PP,"[[5], [5], [1, 4], [5]]",5,9,150,0.94,0.004241,20,0.00477263331413269,0.0037469863891601562,0.008576587530854702,OPTIMAL,8.05,1.200000000000001,np_gurobi_optimal,0.0,1.0,7.3,146,44.0,880,6.85,8.05,8.05,6.85,8.05,8.05,True,True,42.8,True,True
9580707061983879031,19,20,4,"[5, 5, 5, 5]","[[0, 1, 3, 3, 3], [1, 2, 4, 4, 6], [3, 5, 6, 7, 8], [2, 5, 10, 11, 12]]",0.7,1,2,,1,NP,"[[1, 1, 1, 1, 1], [1, 1, 1, 1, 1], [1, 1, 1, 1, 1], [1, 1, 1, 1, 1]]",20,150,150,0.0,0.001247,20,0.007080641575157642,19.213168144226074,19.220311223488352,OPTIMAL,6.8,0.0,np_gurobi_optimal,0.0,293733.0,0.0,0,0.0,0,6.8,,,6.8,,,False,,,False,
9580707061983879031,19,20,4,"[5, 5, 5, 5]","[[0, 1, 3, 3, 3], [1, 2, 4, 4, 6], [3, 5, 6, 7, 8], [2, 5, 10, 11, 12]]",0.7,1,2,2,,CHP,"[[5], [5], [5], [1, 1, 3]]",6,12,150,0.92,0.001632,20,0.0045935725793242455,0.008383035659790039,0.013042220237345218,OPTIMAL,7.1,0.2999999999999998,np_gurobi_optimal,0.0,1.0,3.15,63,16.15,323,6.8,,,6.8,7.1,,False,,,False,
9580707061983879031,19,20,4,"[5, 5, 5, 5]","[[0, 1, 3, 3, 3], [1, 2, 4, 4, 6], [3, 5, 6, 7, 8], [2, 5, 10, 11, 12]]",0.7,1,2,2,2,PP,"[[2, 2, 1], [2, 2, 1], [2, 2, 1], [1, 1, 2, 1]]",13,63,150,0.5800000000000001,0.001868,20,0.005557549186050892,0.1804959774017334,0.18612107238706874,OPTIMAL,6.8,0.0,np_gurobi_optimal,0.0,6979.0,0.85,17,8.5,170,6.8,7.1,6.8,6.8,7.1,6.8,True,True,8.5,True,True
9580707061983879031,19,20,4,"[5, 5, 5, 5]","[[0, 1, 3, 3, 3], [1, 2, 4, 4, 6], [3, 5, 6, 7, 8], [2, 5, 10, 11, 12]]",0.7,1,2,2,3,PP,"[[3, 2], [3, 2], [3, 2], [1, 1, 3]]",9,30,150,0.8,0.004266,20,0.004989460110664368,0.04918193817138672,0.054241672700849536,OPTIMAL,7.1,0.2999999999999998,np_gurobi_optimal,0.0,777.0,3.15,63,11.05,221,6.8,7.1,7.1,6.8,7.1,7.1,True,True,10.75,True,True
9580707061983879031,19,20,4,"[5, 5, 5, 5]","[[0, 1, 3, 3, 3], [1, 2, 4, 4, 6], [3, 5, 6, 7, 8], [2, 5, 10, 11, 12]]",0.7,1,2,2,4,PP,"[[4, 1], [4, 1], [4, 1], [1, 1, 3]]",9,30,150,0.8,0.0023285,20,0.005810681730508804,0.02732992172241211,0.033203924268332484,OPTIMAL,7.1,0.2999999999999998,np_gurobi_optimal,0.0,392.0,2.45,49,12.75,255,6.8,7.1,7.1,6.8,7.1,7.1,True,True,12.45,True,True
9580707061983879031,19,20,4,"[5, 5, 5, 5]","[[0, 1, 3, 3, 3], [1, 2, 4, 4, 6], [3, 5, 6, 7, 8], [2, 5, 10, 11, 12]]",0.7,1,2,2,5,PP,"[[5], [5], [5], [1, 1, 3]]",6,12,150,0.92,0.0016075,20,0.004332216456532478,0.007551908493041992,0.011939599215967656,OPTIMAL,7.1,0.2999999999999998,np_gurobi_optimal,0.0,1.0,3.15,63,13.6,272,6.8,7.1,7.1,6.8,7.1,7.1,True,True,13.3,True,True
9580707061983879031,19,20,4,"[5, 5, 5, 5]","[[0, 1, 3, 3, 3], [1, 2, 4, 4, 6], [3, 5, 6, 7, 8], [2, 5, 10, 11, 12]]",0.7,1,2,3,,CHP,"[[5], [5], [5], [2, 3]]",5,9,150,0.94,0.0015725,20,0.003966604359447956,0.0035560131072998047,0.00757467789484024,OPTIMAL,7.1,0.2999999999999998,np_gurobi_optimal,0.0,1.0,4.95,99,34.2,684,6.8,,,6.8,7.1,,False,,,False,
9580707061983879031,19,20,4,"[5, 5, 5, 5]","[[0, 1, 3, 3, 3], [1, 2, 4, 4, 6], [3, 5, 6, 7, 8], [2, 5, 10, 11, 12]]",0.7,1,2,3,2,PP,"[[2, 2, 1], [2, 2, 1], [2, 2, 1], [2, 2, 1]]",12,54,150,0.64,0.0043015,20,0.005039156414568424,0.09898781776428223,0.10408950289753818,OPTIMAL,6.8,0.0,np_gurobi_optimal,0.0,3429.0,2.65,53,18.0,360,6.8,7.1,6.8,6.8,7.1,6.8,True,True,18.0,True,True
9580707061983879031,19,20,4,"[5, 5, 5, 5]","[[0, 1, 3, 3, 3], [1, 2, 4, 4, 6], [3, 5, 6, 7, 8], [2, 5, 10, 11, 12]]",0.7,1,2,3,3,PP,"[[3, 2], [3, 2], [3, 2], [2, 3]]",8,24,150,0.84,0.0017575,20,0.004741646349430084,0.023852825164794922,0.028656654154188634,OPTIMAL,7.1,0.2999999999999998,np_gurobi_optimal,0.0,377.0,4.95,99,23.4,468,6.8,7.1,7.1,6.8,7.1,7.1,True,True,23.099999999999998,True,True
9580707061983879031,19,20,4,"[5, 5, 5, 5]","[[0, 1, 3, 3, 3], [1, 2, 4, 4, 6], [3, 5, 6, 7, 8], [2, 5, 10, 11, 12]]",0.7,1,2,3,4,PP,"[[4, 1], [4, 1], [4, 1], [2, 3]]",8,24,150,0.84,0.001673,20,0.005030853673815727,0.021797895431518555,0.026886904025516987,OPTIMAL,7.1,0.2999999999999998,np_gurobi_optimal,0.0,211.0,4.25,85,27.0,540,6.8,7.1,7.1,6.8,7.1,7.1,True,True,26.7,True,True
9580707061983879031,19,20,4,"[5, 5, 5, 5]","[[0, 1, 3, 3, 3], [1, 2, 4, 4, 6], [3, 5, 6, 7, 8], [2, 5, 10, 11, 12]]",0.7,1,2,3,5,PP,"[[5], [5], [5], [2, 3]]",5,9,150,0.94,0.004261,20,0.004540370777249336,0.0033571720123291016,0.007954536205075741,OPTIMAL,7.1,0.2999999999999998,np_gurobi_optimal,0.0,1.0,4.95,99,28.8,576,6.8,7.1,7.1,6.8,7.1,7.1,True,True,28.5,True,True
9580707061983879031,19,20,4,"[5, 5, 5, 5]","[[0, 1, 3, 3, 3], [1, 2, 4, 4, 6], [3, 5, 6, 7, 8], [2, 5, 10, 11, 12]]",0.7,1,2,4,,CHP,"[[5], [5], [5], [2, 3]]",5,9,150,0.94,0.001582,20,0.0040172310546040535,0.0031549930572509766,0.007224937583846569,OPTIMAL,7.1,0.2999999999999998,np_gurobi_optimal,0.0,1.0,4.95,99,52.25,1045,6.8,,,6.8,7.1,,False,,,False,
9580707061983879031,19,20,4,"[5, 5, 5, 5]","[[0, 1, 3, 3, 3], [1, 2, 4, 4, 6], [3, 5, 6, 7, 8], [2, 5, 10, 11, 12]]",0.7,1,2,4,2,PP,"[[2, 2, 1], [2, 2, 1], [2, 2, 1], [2, 2, 1]]",12,54,150,0.64,0.001808,20,0.004913715645670891,0.10712814331054688,0.11210172001758385,OPTIMAL,6.8,0.0,np_gurobi_optimal,0.0,3429.0,2.65,53,27.5,550,6.8,7.1,6.8,6.8,7.1,6.8,True,True,27.5,True,True
9580707061983879031,19,20,4,"[5, 5, 5, 5]","[[0, 1, 3, 3, 3], [1, 2, 4, 4, 6], [3, 5, 6, 7, 8], [2, 5, 10, 11, 12]]",0.7,1,2,4,3,PP,"[[3, 2], [3, 2], [3, 2], [2, 3]]",8,24,150,0.84,0.001693,20,0.004673833958804607,0.024264097213745117,0.02899712309698391,OPTIMAL,7.1,0.2999999999999998,np_gurobi_optimal,0.0,377.0,4.95,99,35.75,715,6.8,7.1,7.1,6.8,7.1,7.1,True,True,35.45,True,True
9580707061983879031,19,20,4,"[5, 5, 5, 5]","[[0, 1, 3, 3, 3], [1, 2, 4, 4, 6], [3, 5, 6, 7, 8], [2, 5, 10, 11, 12]]",0.7,1,2,4,4,PP,"[[4, 1], [4, 1], [4, 1], [2, 3]]",8,24,150,0.84,0.001758,20,0.004712061025202274,0.022355079650878906,0.02712681017641592,OPTIMAL,7.1,0.2999999999999998,np_gurobi_optimal,0.0,211.0,4.25,85,41.25,825,6.8,7.1,7.1,6.8,7.1,7.1,True,True,40.95,True,True
9580707061983879031,19,20,4,"[5, 5, 5, 5]","[[0, 1, 3, 3, 3], [1, 2, 4, 4, 6], [3, 5, 6, 7, 8], [2, 5, 10, 11, 12]]",0.7,1,2,4,5,PP,"[[5], [5], [5], [2, 3]]",5,9,150,0.94,0.001758,20,0.004369714297354221,0.0037801265716552734,0.00820304233406353,OPTIMAL,7.1,0.2999999999999998,np_gurobi_optimal,0.0,1.0,4.95,99,44.0,880,6.8,7.1,7.1,6.8,7.1,7.1,True,True,43.7,True,True
