scenario,replication,target_dimension_reduction,raw_target_ordering_budget,target_ordering_budget,method_family,method_detail,N,L,counts,demand_pattern,arrival_mode,hF,hS,max_platoon_size,partition,total_platoons,platoons_by_approach,ordering_variables,vehicle_level_ordering_variables,dimension_reduction_fraction,scaled_indexed_bound,indexed_bound,actual_average_gap,actual_gap_le_indexed_bound,vehicle_level_average_delay,vehicle_level_status,vehicle_level_mip_gap,vehicle_level_nodes,vehicle_level_time_to_first_feasible,vehicle_level_model_construction_seconds,vehicle_level_downstream_optimization_seconds,vehicle_level_wall_time_seconds,objective_average_delay,status,mip_gap,nodes,time_to_first_feasible,partition_time_seconds,partition_model_construction_seconds,partition_optimization_seconds,model_construction_seconds,downstream_optimization_seconds,end_to_end_seconds
N30_L4_balanced_poisson_hS2,0,0.25,253,253,proposed_bound_aware,min_Bidx_under_C_budget,30,4,"[8, 8, 7, 7]",balanced,poisson,1,2,4,"[[1, 1, 2, 1, 1, 1, 1], [3, 2, 3], [1, 2, 3, 1], [2, 2, 2, 1]]",18,"[7, 3, 4, 4]",117,337,0.6528189910979229,0,0.0,,,,TIME_LIMIT,0.6116286270433615,28040.0,0.004755973815917969,0.019823099486529827,30.00015902519226,30.020056076347828,6.533333333333333,OPTIMAL,9.784059124455654e-05,51736.0,0.001302957534790039,0.011371009051799774,0.007960055954754353,0.0032417774200439453,0.005679079331457615,16.080214977264404,16.097320050932467
N30_L4_balanced_poisson_hS2,0,0.25,253,253,fixed_size_closest_dimension,fixed_size_2,30,4,"[8, 8, 7, 7]",balanced,poisson,1,2,4,"[[2, 2, 2, 2], [2, 2, 2, 2], [2, 2, 2, 1], [2, 2, 2, 1]]",16,"[4, 4, 4, 4]",96,337,0.7151335311572701,478,15.933333333333334,,,,TIME_LIMIT,0.6116286270433615,28040.0,0.004755973815917969,0.019823099486529827,30.00015902519226,30.020056076347828,6.533333333333333,OPTIMAL,0.0,13860.0,0.0011589527130126953,5.434267222881317e-05,5.434267222881317e-05,0.0,0.006278605200350285,1.9604229927062988,1.9668101342394948
N30_L4_balanced_poisson_hS2,0,0.25,253,253,threshold_closest_dimension,release_gap_threshold_1,30,4,"[8, 8, 7, 7]",balanced,poisson,1,2,4,"[[1, 1, 2, 1, 1, 1, 1], [3, 2, 3], [1, 2, 3, 1], [2, 2, 2, 1]]",18,"[7, 3, 4, 4]",117,337,0.6528189910979229,0,0.0,,,,TIME_LIMIT,0.6116286270433615,28040.0,0.004755973815917969,0.019823099486529827,30.00015902519226,30.020056076347828,6.533333333333333,OPTIMAL,9.784059124455654e-05,51736.0,0.0012750625610351562,0.00014053191989660263,0.00014053191989660263,0.0,0.006006364710628986,16.174157857894897,16.180358534678817
N30_L4_balanced_poisson_hS2,0,0.5,168,168,proposed_bound_aware,min_Bidx_under_C_budget,30,4,"[8, 8, 7, 7]",balanced,poisson,1,2,4,"[[1, 1, 2, 1, 1, 1, 1], [3, 2, 3], [1, 2, 3, 1], [2, 2, 2, 1]]",18,"[7, 3, 4, 4]",117,337,0.6528189910979229,0,0.0,,,,TIME_LIMIT,0.6116286270433615,28040.0,0.004755973815917969,0.019823099486529827,30.00015902519226,30.020056076347828,6.533333333333333,OPTIMAL,9.784059124455654e-05,51736.0,0.002034902572631836,0.010905505158007145,0.0077294884249567986,0.0030031204223632812,0.005584406666457653,16.423678874969482,16.440223716199398
N30_L4_balanced_poisson_hS2,0,0.5,168,168,fixed_size_closest_dimension,fixed_size_2,30,4,"[8, 8, 7, 7]",balanced,poisson,1,2,4,"[[2, 2, 2, 2], [2, 2, 2, 2], [2, 2, 2, 1], [2, 2, 2, 1]]",16,"[4, 4, 4, 4]",96,337,0.7151335311572701,478,15.933333333333334,,,,TIME_LIMIT,0.6116286270433615,28040.0,0.004755973815917969,0.019823099486529827,30.00015902519226,30.020056076347828,6.533333333333333,OPTIMAL,0.0,13860.0,0.0011360645294189453,1.723598688840866e-05,1.723598688840866e-05,0.0,0.0056657688692212105,2.0160131454467773,2.0217489497736096
N30_L4_balanced_poisson_hS2,0,0.5,168,168,threshold_closest_dimension,release_gap_threshold_1,30,4,"[8, 8, 7, 7]",balanced,poisson,1,2,4,"[[1, 1, 2, 1, 1, 1, 1], [3, 2, 3], [1, 2, 3, 1], [2, 2, 2, 1]]",18,"[7, 3, 4, 4]",117,337,0.6528189910979229,0,0.0,,,,TIME_LIMIT,0.6116286270433615,28040.0,0.004755973815917969,0.019823099486529827,30.00015902519226,30.020056076347828,6.533333333333333,OPTIMAL,9.784059124455654e-05,51736.0,0.0013570785522460938,9.313039481639862e-05,9.313039481639862e-05,0.0,0.006350424140691757,16.322154998779297,16.32865392882377
N30_L4_balanced_poisson_hS2,0,0.75,84,84,proposed_bound_aware,min_Bidx_under_C_budget,30,4,"[8, 8, 7, 7]",balanced,poisson,1,2,4,"[[1, 1, 2, 2, 2], [3, 2, 3], [1, 2, 3, 1], [2, 2, 3]]",15,"[5, 3, 4, 3]",83,337,0.7537091988130564,66,2.2,,,,TIME_LIMIT,0.6116286270433615,28040.0,0.004755973815917969,0.019823099486529827,30.00015902519226,30.020056076347828,6.533333333333333,OPTIMAL,0.0,19005.0,0.0010230541229248047,0.012872426770627499,0.007741926237940788,0.004956960678100586,0.005063129588961601,6.089466094970703,6.10745479632169
N30_L4_balanced_poisson_hS2,0,0.75,84,84,fixed_size_closest_dimension,fixed_size_3,30,4,"[8, 8, 7, 7]",balanced,poisson,1,2,4,"[[3, 3, 2], [3, 3, 2], [3, 3, 1], [3, 3, 1]]",12,"[3, 3, 3, 3]",54,337,0.8397626112759644,728,24.266666666666666,,,,TIME_LIMIT,0.6116286270433615,28040.0,0.004755973815917969,0.019823099486529827,30.00015902519226,30.020056076347828,8.433333333333334,OPTIMAL,0.0,3238.0,0.0008530616760253906,4.25754114985466e-05,4.25754114985466e-05,0.0,0.005650687031447887,0.31045007705688477,0.3161912290379405
N30_L4_balanced_poisson_hS2,0,0.75,84,84,threshold_closest_dimension,release_gap_threshold_2,30,4,"[8, 8, 7, 7]",balanced,poisson,1,2,4,"[[1, 1, 4, 2], [3, 4, 1], [3, 3, 1], [2, 2, 3]]",13,"[4, 3, 3, 3]",63,337,0.8130563798219584,140,4.666666666666667,,,,TIME_LIMIT,0.6116286270433615,28040.0,0.004755973815917969,0.019823099486529827,30.00015902519226,30.020056076347828,6.533333333333333,OPTIMAL,0.0,4806.0,0.0008540153503417969,3.886781632900238e-05,3.886781632900238e-05,0.0,0.004519978538155556,0.6316590309143066,0.636265242472291
N30_L4_balanced_poisson_hS2,0,0.9,34,34,proposed_bound_aware,min_Bidx_under_C_budget,30,4,"[8, 8, 7, 7]",balanced,poisson,1,2,4,"[[4, 4], [4, 4], [3, 4], [2, 2, 3]]",9,"[2, 2, 2, 3]",30,337,0.9109792284866469,618,20.6,,,,TIME_LIMIT,0.6116286270433615,28040.0,0.004755973815917969,0.019823099486529827,30.00015902519226,30.020056076347828,6.533333333333333,OPTIMAL,0.0,249.0,0.0007169246673583984,0.04035400692373514,0.007561453618109226,0.032628774642944336,0.004780142568051815,0.03889799118041992,0.08408133033663034
N30_L4_balanced_poisson_hS2,0,0.9,34,34,fixed_size_closest_dimension,fixed_size_4,30,4,"[8, 8, 7, 7]",balanced,poisson,1,2,4,"[[4, 4], [4, 4], [4, 3], [4, 3]]",8,"[2, 2, 2, 2]",24,337,0.9287833827893175,1028,34.266666666666666,,,,TIME_LIMIT,0.6116286270433615,28040.0,0.004755973815917969,0.019823099486529827,30.00015902519226,30.020056076347828,8.766666666666667,OPTIMAL,0.0,255.0,0.0005550384521484375,1.481175422668457e-05,1.481175422668457e-05,0.0,0.0036750314757227898,0.033560991287231445,0.03729521483182907
N30_L4_balanced_poisson_hS2,0,0.9,34,34,threshold_closest_dimension,release_gap_threshold_7,30,4,"[8, 8, 7, 7]",balanced,poisson,1,2,4,"[[4, 4], [4, 4], [4, 3], [2, 4, 1]]",9,"[2, 2, 2, 3]",30,337,0.9109792284866469,806,26.866666666666667,,,,TIME_LIMIT,0.6116286270433615,28040.0,0.004755973815917969,0.019823099486529827,30.00015902519226,30.020056076347828,6.533333333333333,OPTIMAL,0.0,102.0,0.0006089210510253906,0.00010345596820116043,0.00010345596820116043,0.0,0.004198403097689152,0.03136897087097168,0.03571402560919523
N30_L4_balanced_poisson_hS2,1,0.25,253,253,proposed_bound_aware,min_Bidx_under_C_budget,30,4,"[8, 8, 7, 7]",balanced,poisson,1,2,4,"[[1, 3, 3, 1], [1, 2, 2, 1, 2], [2, 1, 1, 1, 1, 1], [1, 1, 1, 1, 2, 1]]",21,"[4, 5, 6, 6]",164,337,0.5133531157270029,0,0.0,,,,TIME_LIMIT,0.5666152333211865,17577.0,0.0026640892028808594,0.009623358026146889,30.000180959701538,30.009857077151537,7.566666666666666,TIME_LIMIT,0.19187800533340793,84467.0,0.0016889572143554688,0.010597270913422108,0.00733334943652153,0.003094911575317383,0.00730676855891943,30.00011897087097,30.01808080729097
N30_L4_balanced_poisson_hS2,1,0.25,253,253,fixed_size_closest_dimension,fixed_size_2,30,4,"[8, 8, 7, 7]",balanced,poisson,1,2,4,"[[2, 2, 2, 2], [2, 2, 2, 2], [2, 2, 2, 1], [2, 2, 2, 1]]",16,"[4, 4, 4, 4]",96,337,0.7151335311572701,435,14.5,,,,TIME_LIMIT,0.5666152333211865,17577.0,0.0026640892028808594,0.009623358026146889,30.000180959701538,30.009857077151537,7.566666666666666,OPTIMAL,0.0,13671.0,0.0010750293731689453,4.3596141040325165e-05,4.3596141040325165e-05,0.0,0.005935557186603546,2.1302099227905273,2.1362434467300773
N30_L4_balanced_poisson_hS2,1,0.25,253,253,threshold_closest_dimension,release_gap_threshold_0,30,4,"[8, 8, 7, 7]",balanced,poisson,1,2,4,"[[1, 1, 1, 2, 2, 1], [1, 2, 2, 1, 2], [2, 1, 1, 1, 1, 1], [1, 1, 1, 1, 2, 1]]",23,"[6, 5, 6, 6]",198,337,0.4124629080118694,0,0.0,,,,TIME_LIMIT,0.5666152333211865,17577.0,0.0026640892028808594,0.009623358026146889,30.000180959701538,30.009857077151537,7.666666666666667,TIME_LIMIT,0.4027254819192698,44085.0,0.0018239021301269531,0.00011899881064891815,0.00011899881064891815,0.0,0.00794924981892109,30.000155925750732,30.008276369422674
N30_L4_balanced_poisson_hS2,1,0.5,168,168,proposed_bound_aware,min_Bidx_under_C_budget,30,4,"[8, 8, 7, 7]",balanced,poisson,1,2,4,"[[1, 3, 3, 1], [1, 2, 2, 1, 2], [2, 1, 1, 1, 1, 1], [1, 1, 1, 1, 2, 1]]",21,"[4, 5, 6, 6]",164,337,0.5133531157270029,0,0.0,,,,TIME_LIMIT,0.5666152333211865,17577.0,0.0026640892028808594,0.009623358026146889,30.000180959701538,30.009857077151537,7.566666666666666,TIME_LIMIT,0.19110043162913487,84902.0,0.0016410350799560547,0.011095362715423107,0.007377525791525841,0.0035479068756103516,0.00627392902970314,30.000150203704834,30.017573211342096
N30_L4_balanced_poisson_hS2,1,0.5,168,168,fixed_size_closest_dimension,fixed_size_2,30,4,"[8, 8, 7, 7]",balanced,poisson,1,2,4,"[[2, 2, 2, 2], [2, 2, 2, 2], [2, 2, 2, 1], [2, 2, 2, 1]]",16,"[4, 4, 4, 4]",96,337,0.7151335311572701,435,14.5,,,,TIME_LIMIT,0.5666152333211865,17577.0,0.0026640892028808594,0.009623358026146889,30.000180959701538,30.009857077151537,7.566666666666666,OPTIMAL,0.0,13671.0,0.0010900497436523438,3.693439066410065e-05,3.693439066410065e-05,0.0,0.005785009823739529,2.127117872238159,2.132993308827281
N30_L4_balanced_poisson_hS2,1,0.5,168,168,threshold_closest_dimension,release_gap_threshold_1,30,4,"[8, 8, 7, 7]",balanced,poisson,1,2,4,"[[1, 4, 2, 1], [1, 2, 2, 1, 2], [2, 1, 1, 1, 1, 1], [1, 1, 1, 1, 2, 1]]",21,"[4, 5, 6, 6]",164,337,0.5133531157270029,0,0.0,,,,TIME_LIMIT,0.5666152333211865,17577.0,0.0026640892028808594,0.009623358026146889,30.000180959701538,30.009857077151537,7.566666666666666,TIME_LIMIT,0.26660568488103653,63995.0,0.001786947250366211,0.00010121241211891174,0.00010121241211891174,0.0,0.007143031805753708,30.000131845474243,30.007431192323565
N30_L4_balanced_poisson_hS2,1,0.75,84,84,proposed_bound_aware,min_Bidx_under_C_budget,30,4,"[8, 8, 7, 7]",balanced,poisson,1,2,4,"[[1, 3, 3, 1], [1, 4, 3], [2, 1, 4], [1, 1, 1, 1, 3]]",15,"[4, 3, 3, 5]",83,337,0.7537091988130564,138,4.6,,,,TIME_LIMIT,0.5666152333211865,17577.0,0.0026640892028808594,0.009623358026146889,30.000180959701538,30.009857077151537,7.566666666666666,OPTIMAL,9.950606608207844e-05,6187.0,0.0010859966278076172,0.01541014201939106,0.007719293236732483,0.0075261592864990234,0.005605609156191349,1.0100460052490234,1.0311126168817282
N30_L4_balanced_poisson_hS2,1,0.75,84,84,fixed_size_closest_dimension,fixed_size_3,30,4,"[8, 8, 7, 7]",balanced,poisson,1,2,4,"[[3, 3, 2], [3, 3, 2], [3, 3, 1], [3, 3, 1]]",12,"[3, 3, 3, 3]",54,337,0.8397626112759644,767,25.566666666666666,,,,TIME_LIMIT,0.5666152333211865,17577.0,0.0026640892028808594,0.009623358026146889,30.000180959701538,30.009857077151537,11.266666666666667,OPTIMAL,0.0,5875.0,0.0007739067077636719,4.199240356683731e-05,4.199240356683731e-05,0.0,0.004695282317698002,0.7650859355926514,0.7698724372312427
N30_L4_balanced_poisson_hS2,1,0.75,84,84,threshold_closest_dimension,release_gap_threshold_2,30,4,"[8, 8, 7, 7]",balanced,poisson,1,2,4,"[[1, 4, 2, 1], [1, 4, 3], [2, 1, 4], [1, 1, 2, 3]]",14,"[4, 3, 3, 4]",73,337,0.7833827893175074,163,5.433333333333334,,,,TIME_LIMIT,0.5666152333211865,17577.0,0.0026640892028808594,0.009623358026146889,30.000180959701538,30.009857077151537,7.566666666666666,OPTIMAL,0.0,3706.0,0.0009949207305908203,9.73166897892952e-05,9.73166897892952e-05,0.0,0.005398507229983807,0.6441969871520996,0.6497412631288171
N30_L4_balanced_poisson_hS2,1,0.9,34,34,proposed_bound_aware,min_Bidx_under_C_budget,30,4,"[8, 8, 7, 7]",balanced,poisson,1,2,4,"[[4, 4], [4, 4], [2, 1, 4], [4, 3]]",9,"[2, 2, 3, 2]",30,337,0.9109792284866469,555,18.5,,,,TIME_LIMIT,0.5666152333211865,17577.0,0.0026640892028808594,0.009623358026146889,30.000180959701538,30.009857077151537,9.166666666666666,OPTIMAL,0.0,573.0,0.0006358623504638672,0.03459984343498945,0.007091563194990158,0.0273439884185791,0.004982828162610531,0.06815695762634277,0.10778404120355844
N30_L4_balanced_poisson_hS2,1,0.9,34,34,fixed_size_closest_dimension,fixed_size_4,30,4,"[8, 8, 7, 7]",balanced,poisson,1,2,4,"[[4, 4], [4, 4], [4, 3], [4, 3]]",8,"[2, 2, 2, 2]",24,337,0.9287833827893175,861,28.7,,,,TIME_LIMIT,0.5666152333211865,17577.0,0.0026640892028808594,0.009623358026146889,30.000180959701538,30.009857077151537,11.533333333333333,OPTIMAL,0.0,993.0,0.00055694580078125,1.5183351933956146e-05,1.5183351933956146e-05,0.0,0.0037061693146824837,0.08797597885131836,0.09174078423529863
N30_L4_balanced_poisson_hS2,1,0.9,34,34,threshold_closest_dimension,release_gap_threshold_5,30,4,"[8, 8, 7, 7]",balanced,poisson,1,2,4,"[[4, 4], [4, 4], [2, 4, 1], [4, 3]]",9,"[2, 2, 3, 2]",30,337,0.9109792284866469,585,19.5,,,,TIME_LIMIT,0.5666152333211865,17577.0,0.0026640892028808594,0.009623358026146889,30.000180959701538,30.009857077151537,9.166666666666666,OPTIMAL,0.0,393.0,0.0006070137023925781,7.885880768299103e-05,7.885880768299103e-05,0.0,0.0041332244873046875,0.05358600616455078,0.057840727269649506
N30_L4_balanced_poisson_hS2,2,0.25,253,253,proposed_bound_aware,min_Bidx_under_C_budget,30,4,"[8, 8, 7, 7]",balanced,poisson,1,2,4,"[[1, 1, 2, 2, 2], [1, 1, 2, 2, 1, 1], [4, 1, 1, 1], [4, 1, 1, 1]]",19,"[5, 6, 4, 4]",134,337,0.6023738872403561,0,0.0,,,,TIME_LIMIT,0.6506797033697815,20092.0,0.0033731460571289062,0.00949119869619608,30.0000901222229,30.009634379297495,9.166666666666666,TIME_LIMIT,0.30434130784593766,74510.0,0.0016078948974609375,0.010476487688720226,0.007236002013087273,0.0030770301818847656,0.00647331029176712,30.000125885009766,30.01712864730507
N30_L4_balanced_poisson_hS2,2,0.25,253,253,fixed_size_closest_dimension,fixed_size_2,30,4,"[8, 8, 7, 7]",balanced,poisson,1,2,4,"[[2, 2, 2, 2], [2, 2, 2, 2], [2, 2, 2, 1], [2, 2, 2, 1]]",16,"[4, 4, 4, 4]",96,337,0.7151335311572701,281,9.366666666666667,,,,TIME_LIMIT,0.6506797033697815,20092.0,0.0033731460571289062,0.00949119869619608,30.0000901222229,30.009634379297495,9.3,OPTIMAL,8.611357149474018e-05,88616.0,0.0011708736419677734,4.411675035953522e-05,4.411675035953522e-05,0.0,0.006006133742630482,25.206990003585815,25.213094187900424
N30_L4_balanced_poisson_hS2,2,0.25,253,253,threshold_closest_dimension,release_gap_threshold_0,30,4,"[8, 8, 7, 7]",balanced,poisson,1,2,4,"[[1, 1, 1, 1, 1, 1, 2], [1, 1, 2, 1, 1, 1, 1], [1, 1, 2, 1, 1, 1], [1, 1, 1, 2, 1, 1]]",26,"[7, 7, 6, 6]",253,337,0.24925816023738873,0,0.0,,,,TIME_LIMIT,0.6506797033697815,20092.0,0.0033731460571289062,0.00949119869619608,30.0000901222229,30.009634379297495,9.433333333333334,TIME_LIMIT,0.5955010069011907,33461.0,0.0027849674224853516,3.396160900592804e-05,3.396160900592804e-05,0.0,0.00859261117875576,30.00065302848816,30.009334022179246
N30_L4_balanced_poisson_hS2,2,0.5,168,168,proposed_bound_aware,min_Bidx_under_C_budget,30,4,"[8, 8, 7, 7]",balanced,poisson,1,2,4,"[[1, 1, 2, 2, 2], [1, 1, 2, 2, 1, 1], [4, 1, 1, 1], [4, 1, 1, 1]]",19,"[5, 6, 4, 4]",134,337,0.6023738872403561,0,0.0,,,,TIME_LIMIT,0.6506797033697815,20092.0,0.0033731460571289062,0.00949119869619608,30.0000901222229,30.009634379297495,9.166666666666666,TIME_LIMIT,0.3051446718419236,73945.0,0.0016469955444335938,0.010934660211205482,0.007719683460891247,0.0030379295349121094,0.0062475986778736115,30.00012993812561,30.017365660518408
N30_L4_balanced_poisson_hS2,2,0.5,168,168,fixed_size_closest_dimension,fixed_size_2,30,4,"[8, 8, 7, 7]",balanced,poisson,1,2,4,"[[2, 2, 2, 2], [2, 2, 2, 2], [2, 2, 2, 1], [2, 2, 2, 1]]",16,"[4, 4, 4, 4]",96,337,0.7151335311572701,281,9.366666666666667,,,,TIME_LIMIT,0.6506797033697815,20092.0,0.0033731460571289062,0.00949119869619608,30.0000901222229,30.009634379297495,9.3,OPTIMAL,8.611357149474018e-05,88616.0,0.001168966293334961,4.353467375040054e-05,4.353467375040054e-05,0.0,0.00630889181047678,24.96890091896057,24.975308002904058
N30_L4_balanced_poisson_hS2,2,0.5,168,168,threshold_closest_dimension,release_gap_threshold_1,30,4,"[8, 8, 7, 7]",balanced,poisson,1,2,4,"[[1, 1, 2, 2, 2], [1, 1, 2, 2, 1, 1], [4, 1, 1, 1], [4, 1, 1, 1]]",19,"[5, 6, 4, 4]",134,337,0.6023738872403561,0,0.0,,,,TIME_LIMIT,0.6506797033697815,20092.0,0.0033731460571289062,0.00949119869619608,30.0000901222229,30.009634379297495,9.166666666666666,TIME_LIMIT,0.3037954902240678,74731.0,0.001631021499633789,8.357595652341843e-05,8.357595652341843e-05,0.0,0.006956800818443298,30.000126123428345,30.0072259362787
N30_L4_balanced_poisson_hS2,2,0.75,84,84,proposed_bound_aware,min_Bidx_under_C_budget,30,4,"[8, 8, 7, 7]",balanced,poisson,1,2,4,"[[1, 1, 2, 2, 2], [2, 2, 3, 1], [4, 1, 2], [4, 1, 2]]",15,"[5, 4, 3, 3]",83,337,0.7537091988130564,93,3.1,,,,TIME_LIMIT,0.6506797033697815,20092.0,0.0033731460571289062,0.00949119869619608,30.0000901222229,30.009634379297495,9.1,OPTIMAL,0.0,45822.0,0.0011749267578125,0.013726158067584038,0.0074284132570028305,0.0061299800872802734,0.005185022950172424,11.86733603477478,11.886300886049867
N30_L4_balanced_poisson_hS2,2,0.75,84,84,fixed_size_closest_dimension,fixed_size_3,30,4,"[8, 8, 7, 7]",balanced,poisson,1,2,4,"[[3, 3, 2], [3, 3, 2], [3, 3, 1], [3, 3, 1]]",12,"[3, 3, 3, 3]",54,337,0.8397626112759644,569,18.966666666666665,,,,TIME_LIMIT,0.6506797033697815,20092.0,0.0033731460571289062,0.00949119869619608,30.0000901222229,30.009634379297495,9.566666666666666,OPTIMAL,0.0,4736.0,0.0008141994476318359,4.262477159500122e-05,4.262477159500122e-05,0.0,0.005256100557744503,0.5928971767425537,0.598244677297771
N30_L4_balanced_poisson_hS2,2,0.75,84,84,threshold_closest_dimension,release_gap_threshold_2,30,4,"[8, 8, 7, 7]",balanced,poisson,1,2,4,"[[1, 1, 2, 2, 2], [2, 4, 1, 1], [4, 1, 2], [4, 1, 2]]",15,"[5, 4, 3, 3]",83,337,0.7537091988130564,95,3.1666666666666665,,,,TIME_LIMIT,0.6506797033697815,20092.0,0.0033731460571289062,0.00949119869619608,30.0000901222229,30.009634379297495,9.1,OPTIMAL,3.7293919485785746e-05,31769.0,0.0010991096496582031,3.073643893003464e-05,3.073643893003464e-05,0.0,0.005053293891251087,8.861963033676147,8.867098630405962
N30_L4_balanced_poisson_hS2,2,0.9,34,34,proposed_bound_aware,min_Bidx_under_C_budget,30,4,"[8, 8, 7, 7]",balanced,poisson,1,2,4,"[[1, 3, 4], [4, 4], [4, 3], [4, 3]]",9,"[3, 2, 2, 2]",30,337,0.9109792284866469,443,14.766666666666667,,,,TIME_LIMIT,0.6506797033697815,20092.0,0.0033731460571289062,0.00949119869619608,30.0000901222229,30.009634379297495,9.3,OPTIMAL,0.0,1729.0,0.0007879734039306641,0.04529567435383797,0.008015349507331848,0.03710818290710449,0.004453378729522228,0.1456289291381836,0.1954298745840788
N30_L4_balanced_poisson_hS2,2,0.9,34,34,fixed_size_closest_dimension,fixed_size_4,30,4,"[8, 8, 7, 7]",balanced,poisson,1,2,4,"[[4, 4], [4, 4], [4, 3], [4, 3]]",8,"[2, 2, 2, 2]",24,337,0.9287833827893175,557,18.566666666666666,,,,TIME_LIMIT,0.6506797033697815,20092.0,0.0033731460571289062,0.00949119869619608,30.0000901222229,30.009634379297495,9.3,OPTIMAL,0.0,661.0,0.0006201267242431641,4.22745943069458e-05,4.22745943069458e-05,0.0,0.0042909737676382065,0.063446044921875,0.06782345194369555
N30_L4_balanced_poisson_hS2,2,0.9,34,34,threshold_closest_dimension,release_gap_threshold_5,30,4,"[8, 8, 7, 7]",balanced,poisson,1,2,4,"[[4, 4], [4, 4], [4, 3], [4, 3]]",8,"[2, 2, 2, 2]",24,337,0.9287833827893175,557,18.566666666666666,,,,TIME_LIMIT,0.6506797033697815,20092.0,0.0033731460571289062,0.00949119869619608,30.0000901222229,30.009634379297495,9.3,OPTIMAL,0.0,661.0,0.0006299018859863281,7.690675556659698e-05,7.690675556659698e-05,0.0,0.00384651031345129,0.0634469985961914,0.06741387210786343
N30_L4_balanced_poisson_hS2,3,0.25,253,253,proposed_bound_aware,min_Bidx_under_C_budget,30,4,"[8, 8, 7, 7]",balanced,poisson,1,2,4,"[[2, 1, 2, 2, 1], [1, 2, 3, 2], [1, 1, 1, 1, 2, 1], [1, 2, 2, 1, 1]]",20,"[5, 4, 6, 5]",149,337,0.5578635014836796,0,0.0,,,,TIME_LIMIT,0.6843397684004269,18533.0,0.0026869773864746094,0.00970373023301363,30.000144004821777,30.00989906862378,8.6,TIME_LIMIT,0.4291764919068362,61212.0,0.0015621185302734375,0.010655518621206284,0.007530557923018932,0.002959012985229492,0.006389974616467953,30.000126123428345,30.017225997522473
N30_L4_balanced_poisson_hS2,3,0.25,253,253,fixed_size_closest_dimension,fixed_size_2,30,4,"[8, 8, 7, 7]",balanced,poisson,1,2,4,"[[2, 2, 2, 2], [2, 2, 2, 2], [2, 2, 2, 1], [2, 2, 2, 1]]",16,"[4, 4, 4, 4]",96,337,0.7151335311572701,705,23.5,,,,TIME_LIMIT,0.6843397684004269,18533.0,0.0026869773864746094,0.00970373023301363,30.000144004821777,30.00989906862378,10.033333333333333,TIME_LIMIT,0.23873692054524875,103075.0,0.0011310577392578125,4.245433956384659e-05,4.245433956384659e-05,0.0,0.0058472249656915665,30.000159978866577,30.006111939437687
N30_L4_balanced_poisson_hS2,3,0.25,253,253,threshold_closest_dimension,release_gap_threshold_0,30,4,"[8, 8, 7, 7]",balanced,poisson,1,2,4,"[[2, 1, 2, 2, 1], [1, 1, 1, 2, 1, 2], [1, 1, 1, 1, 2, 1], [1, 1, 1, 2, 1, 1]]",23,"[5, 6, 6, 6]",198,337,0.4124629080118694,0,0.0,,,,TIME_LIMIT,0.6843397684004269,18533.0,0.0026869773864746094,0.00970373023301363,30.000144004821777,30.00989906862378,8.933333333333334,TIME_LIMIT,0.583927622635797,39969.0,0.001987934112548828,0.00010181404650211334,0.00010181404650211334,0.0,0.008327672258019447,30.00064492225647,30.009130378253758
N30_L4_balanced_poisson_hS2,3,0.5,168,168,proposed_bound_aware,min_Bidx_under_C_budget,30,4,"[8, 8, 7, 7]",balanced,poisson,1,2,4,"[[2, 1, 2, 2, 1], [1, 2, 3, 2], [1, 1, 1, 1, 2, 1], [1, 2, 2, 1, 1]]",20,"[5, 4, 6, 5]",149,337,0.5578635014836796,0,0.0,,,,TIME_LIMIT,0.6843397684004269,18533.0,0.0026869773864746094,0.00970373023301363,30.000144004821777,30.00989906862378,8.6,TIME_LIMIT,0.4286440462574795,61550.0,0.0015671253204345703,0.011289207264780998,0.007682797499001026,0.003445863723754883,0.0066028861328959465,30.000150203704834,30.01809675898403
N30_L4_balanced_poisson_hS2,3,0.5,168,168,fixed_size_closest_dimension,fixed_size_2,30,4,"[8, 8, 7, 7]",balanced,poisson,1,2,4,"[[2, 2, 2, 2], [2, 2, 2, 2], [2, 2, 2, 1], [2, 2, 2, 1]]",16,"[4, 4, 4, 4]",96,337,0.7151335311572701,705,23.5,,,,TIME_LIMIT,0.6843397684004269,18533.0,0.0026869773864746094,0.00970373023301363,30.000144004821777,30.00989906862378,10.033333333333333,TIME_LIMIT,0.23501447235420614,104762.0,0.0011000633239746094,1.6393139958381653e-05,1.6393139958381653e-05,0.0,0.005634162575006485,30.0003719329834,30.00607749633491
N30_L4_balanced_poisson_hS2,3,0.5,168,168,threshold_closest_dimension,release_gap_threshold_1,30,4,"[8, 8, 7, 7]",balanced,poisson,1,2,4,"[[2, 1, 2, 2, 1], [1, 2, 3, 2], [1, 1, 1, 1, 2, 1], [1, 2, 2, 1, 1]]",20,"[5, 4, 6, 5]",149,337,0.5578635014836796,0,0.0,,,,TIME_LIMIT,0.6843397684004269,18533.0,0.0026869773864746094,0.00970373023301363,30.000144004821777,30.00989906862378,8.6,TIME_LIMIT,0.4280905766851015,61970.0,0.001561880111694336,0.00010069180279970169,0.00010069180279970169,0.0,0.006849208846688271,30.00019598007202,30.007199636660516
N30_L4_balanced_poisson_hS2,3,0.75,84,84,proposed_bound_aware,min_Bidx_under_C_budget,30,4,"[8, 8, 7, 7]",balanced,poisson,1,2,4,"[[3, 2, 3], [1, 2, 3, 2], [1, 2, 1, 2, 1], [1, 4, 2]]",15,"[3, 4, 5, 3]",83,337,0.7537091988130564,199,6.633333333333334,,,,TIME_LIMIT,0.6843397684004269,18533.0,0.0026869773864746094,0.00970373023301363,30.000144004821777,30.00989906862378,8.6,OPTIMAL,0.0,19799.0,0.0010421276092529297,0.017125438898801804,0.00717982929199934,0.009783029556274414,0.0054405005648732185,2.7543931007385254,2.7770173056051135
N30_L4_balanced_poisson_hS2,3,0.75,84,84,fixed_size_closest_dimension,fixed_size_3,30,4,"[8, 8, 7, 7]",balanced,poisson,1,2,4,"[[3, 3, 2], [3, 3, 2], [3, 3, 1], [3, 3, 1]]",12,"[3, 3, 3, 3]",54,337,0.8397626112759644,600,20.0,,,,TIME_LIMIT,0.6843397684004269,18533.0,0.0026869773864746094,0.00970373023301363,30.000144004821777,30.00989906862378,10.266666666666667,OPTIMAL,0.0,9294.0,0.0008931159973144531,3.973115235567093e-05,3.973115235567093e-05,0.0,0.005865332670509815,0.9792921543121338,0.9852512944489717
N30_L4_balanced_poisson_hS2,3,0.75,84,84,threshold_closest_dimension,release_gap_threshold_3,30,4,"[8, 8, 7, 7]",balanced,poisson,1,2,4,"[[3, 2, 3], [1, 4, 1, 2], [1, 2, 1, 2, 1], [4, 1, 2]]",15,"[3, 4, 5, 3]",83,337,0.7537091988130564,280,9.333333333333334,,,,TIME_LIMIT,0.6843397684004269,18533.0,0.0026869773864746094,0.00970373023301363,30.000144004821777,30.00989906862378,8.6,OPTIMAL,0.0,10347.0,0.000982046127319336,6.459839642047882e-05,6.459839642047882e-05,0.0,0.0052264174446463585,1.346407175064087,1.3517493791878223
N30_L4_balanced_poisson_hS2,3,0.9,34,34,proposed_bound_aware,min_Bidx_under_C_budget,30,4,"[8, 8, 7, 7]",balanced,poisson,1,2,4,"[[3, 2, 3], [4, 4], [3, 4], [3, 4]]",9,"[3, 2, 2, 2]",30,337,0.9109792284866469,714,23.8,,,,TIME_LIMIT,0.6843397684004269,18533.0,0.0026869773864746094,0.00970373023301363,30.000144004821777,30.00989906862378,10.766666666666667,OPTIMAL,0.0,3300.0,0.0007219314575195312,0.05326095409691334,0.007699334062635899,0.04539895057678223,0.0041948286816477776,0.23583698272705078,0.29334438126534224
N30_L4_balanced_poisson_hS2,3,0.9,34,34,fixed_size_closest_dimension,fixed_size_4,30,4,"[8, 8, 7, 7]",balanced,poisson,1,2,4,"[[4, 4], [4, 4], [4, 3], [4, 3]]",8,"[2, 2, 2, 2]",24,337,0.9287833827893175,975,32.5,,,,TIME_LIMIT,0.6843397684004269,18533.0,0.0026869773864746094,0.00970373023301363,30.000144004821777,30.00989906862378,10.933333333333334,OPTIMAL,0.0,679.0,0.0005691051483154297,4.2203813791275024e-05,4.2203813791275024e-05,0.0,0.004417224787175655,0.07108187675476074,0.07558530941605568
N30_L4_balanced_poisson_hS2,3,0.9,34,34,threshold_closest_dimension,release_gap_threshold_4,30,4,"[8, 8, 7, 7]",balanced,poisson,1,2,4,"[[3, 4, 1], [4, 4], [3, 4], [4, 3]]",9,"[3, 2, 2, 2]",30,337,0.9109792284866469,768,25.6,,,,TIME_LIMIT,0.6843397684004269,18533.0,0.0026869773864746094,0.00970373023301363,30.000144004821777,30.00989906862378,10.766666666666667,OPTIMAL,0.0,1785.0,0.0006060600280761719,9.899958968162537e-05,9.899958968162537e-05,0.0,0.004134216345846653,0.13998913764953613,0.14426670502871275
N30_L4_balanced_poisson_hS2,4,0.25,253,253,proposed_bound_aware,min_Bidx_under_C_budget,30,4,"[8, 8, 7, 7]",balanced,poisson,1,2,4,"[[2, 1, 1, 1, 3], [1, 2, 4, 1], [1, 1, 4, 1], [1, 1, 2, 1, 2]]",18,"[5, 4, 4, 5]",121,337,0.6409495548961425,0,0.0,,,,TIME_LIMIT,0.6507570491601057,18416.0,0.0029299259185791016,0.010089024901390076,30.000272035598755,30.01041213516146,9.1,OPTIMAL,0.0,74425.0,0.0016050338745117188,0.010900362394750118,0.007347622886300087,0.0033788681030273438,0.005738861858844757,27.66808009147644,27.684772793203592
N30_L4_balanced_poisson_hS2,4,0.25,253,253,fixed_size_closest_dimension,fixed_size_2,30,4,"[8, 8, 7, 7]",balanced,poisson,1,2,4,"[[2, 2, 2, 2], [2, 2, 2, 2], [2, 2, 2, 1], [2, 2, 2, 1]]",16,"[4, 4, 4, 4]",96,337,0.7151335311572701,410,13.666666666666666,,,,TIME_LIMIT,0.6507570491601057,18416.0,0.0029299259185791016,0.010089024901390076,30.000272035598755,30.01041213516146,9.1,OPTIMAL,0.0,88157.0,0.0012438297271728516,4.2945146560668945e-05,4.2945146560668945e-05,0.0,0.006407982669770718,12.500125885009766,12.506632644683123
N30_L4_balanced_poisson_hS2,4,0.25,253,253,threshold_closest_dimension,release_gap_threshold_0,30,4,"[8, 8, 7, 7]",balanced,poisson,1,2,4,"[[2, 1, 1, 1, 3], [1, 1, 1, 1, 2, 1, 1], [1, 1, 1, 2, 1, 1], [1, 1, 2, 1, 1, 1]]",24,"[5, 7, 6, 6]",215,337,0.3620178041543027,0,0.0,,,,TIME_LIMIT,0.6507570491601057,18416.0,0.0029299259185791016,0.010089024901390076,30.000272035598755,30.01041213516146,9.366666666666667,TIME_LIMIT,0.5547262058532597,56860.0,0.002209901809692383,8.704140782356262e-05,8.704140782356262e-05,0.0,0.008775921538472176,30.000205993652344,30.00912496447563
N30_L4_balanced_poisson_hS2,4,0.5,168,168,proposed_bound_aware,min_Bidx_under_C_budget,30,4,"[8, 8, 7, 7]",balanced,poisson,1,2,4,"[[2, 1, 1, 1, 3], [1, 2, 4, 1], [1, 1, 4, 1], [1, 1, 2, 1, 2]]",18,"[5, 4, 4, 5]",121,337,0.6409495548961425,0,0.0,,,,TIME_LIMIT,0.6507570491601057,18416.0,0.0029299259185791016,0.010089024901390076,30.000272035598755,30.01041213516146,9.1,OPTIMAL,0.0,74425.0,0.0014901161193847656,0.011495360173285007,0.00788020808249712,0.003439188003540039,0.005917551927268505,27.30545711517334,27.322925959713757
N30_L4_balanced_poisson_hS2,4,0.5,168,168,fixed_size_closest_dimension,fixed_size_2,30,4,"[8, 8, 7, 7]",balanced,poisson,1,2,4,"[[2, 2, 2, 2], [2, 2, 2, 2], [2, 2, 2, 1], [2, 2, 2, 1]]",16,"[4, 4, 4, 4]",96,337,0.7151335311572701,410,13.666666666666666,,,,TIME_LIMIT,0.6507570491601057,18416.0,0.0029299259185791016,0.010089024901390076,30.000272035598755,30.01041213516146,9.1,OPTIMAL,0.0,88157.0,0.0011630058288574219,4.3946318328380585e-05,4.3946318328380585e-05,0.0,0.005825121887028217,12.359261989593506,12.365184682421386
N30_L4_balanced_poisson_hS2,4,0.5,168,168,threshold_closest_dimension,release_gap_threshold_1,30,4,"[8, 8, 7, 7]",balanced,poisson,1,2,4,"[[2, 1, 1, 1, 3], [1, 2, 4, 1], [1, 4, 1, 1], [1, 1, 2, 1, 2]]",18,"[5, 4, 4, 5]",121,337,0.6409495548961425,0,0.0,,,,TIME_LIMIT,0.6507570491601057,18416.0,0.0029299259185791016,0.010089024901390076,30.000272035598755,30.01041213516146,9.1,TIME_LIMIT,0.2258363499362412,87187.0,0.0014331340789794922,3.599468618631363e-05,3.599468618631363e-05,0.0,0.006086067296564579,30.000263214111328,30.006437816657126
N30_L4_balanced_poisson_hS2,4,0.75,84,84,proposed_bound_aware,min_Bidx_under_C_budget,30,4,"[8, 8, 7, 7]",balanced,poisson,1,2,4,"[[2, 1, 1, 4], [1, 2, 4, 1], [1, 2, 4], [1, 1, 3, 2]]",15,"[4, 4, 3, 4]",84,337,0.7507418397626113,69,2.3,,,,TIME_LIMIT,0.6507570491601057,18416.0,0.0029299259185791016,0.010089024901390076,30.000272035598755,30.01041213516146,9.1,OPTIMAL,0.0,32534.0,0.0012340545654296875,0.022056879475712776,0.007305700331926346,0.014583826065063477,0.0054071806371212006,9.998656034469604,10.026182887144387
N30_L4_balanced_poisson_hS2,4,0.75,84,84,fixed_size_closest_dimension,fixed_size_3,30,4,"[8, 8, 7, 7]",balanced,poisson,1,2,4,"[[3, 3, 2], [3, 3, 2], [3, 3, 1], [3, 3, 1]]",12,"[3, 3, 3, 3]",54,337,0.8397626112759644,514,17.133333333333333,,,,TIME_LIMIT,0.6507570491601057,18416.0,0.0029299259185791016,0.010089024901390076,30.000272035598755,30.01041213516146,9.1,OPTIMAL,0.0,3432.0,0.0008721351623535156,1.723598688840866e-05,1.723598688840866e-05,0.0,0.005015477538108826,0.5197451114654541,0.5248263282701373
N30_L4_balanced_poisson_hS2,4,0.75,84,84,threshold_closest_dimension,release_gap_threshold_2,30,4,"[8, 8, 7, 7]",balanced,poisson,1,2,4,"[[4, 4], [3, 4, 1], [4, 3], [1, 1, 3, 2]]",11,"[2, 3, 2, 4]",44,337,0.8694362017804155,174,5.8,,,,TIME_LIMIT,0.6507570491601057,18416.0,0.0029299259185791016,0.010089024901390076,30.000272035598755,30.01041213516146,9.1,OPTIMAL,0.0,3248.0,0.0007741451263427734,9.094644337892532e-05,9.094644337892532e-05,0.0,0.005080597475171089,0.3051891326904297,0.31040630489587784
N30_L4_balanced_poisson_hS2,4,0.9,34,34,proposed_bound_aware,min_Bidx_under_C_budget,30,4,"[8, 8, 7, 7]",balanced,poisson,1,2,4,"[[4, 4], [3, 4, 1], [4, 3], [4, 3]]",9,"[2, 3, 2, 2]",30,337,0.9109792284866469,394,13.133333333333333,,,,TIME_LIMIT,0.6507570491601057,18416.0,0.0029299259185791016,0.010089024901390076,30.000272035598755,30.01041213516146,9.1,OPTIMAL,0.0,726.0,0.0007929801940917969,0.03943948447704315,0.007399740628898144,0.03186607360839844,0.004314027726650238,0.08455896377563477,0.12836190219968557
N30_L4_balanced_poisson_hS2,4,0.9,34,34,fixed_size_closest_dimension,fixed_size_4,30,4,"[8, 8, 7, 7]",balanced,poisson,1,2,4,"[[4, 4], [4, 4], [4, 3], [4, 3]]",8,"[2, 2, 2, 2]",24,337,0.9287833827893175,540,18.0,,,,TIME_LIMIT,0.6507570491601057,18416.0,0.0029299259185791016,0.010089024901390076,30.000272035598755,30.01041213516146,9.1,OPTIMAL,0.0,419.0,0.0005750656127929688,3.5443343222141266e-05,3.5443343222141266e-05,0.0,0.0040977718308568,0.04847311973571777,0.05264982767403126
N30_L4_balanced_poisson_hS2,4,0.9,34,34,threshold_closest_dimension,release_gap_threshold_4,30,4,"[8, 8, 7, 7]",balanced,poisson,1,2,4,"[[4, 4], [4, 4], [4, 3], [1, 4, 2]]",9,"[2, 2, 2, 3]",30,337,0.9109792284866469,402,13.4,,,,TIME_LIMIT,0.6507570491601057,18416.0,0.0029299259185791016,0.010089024901390076,30.000272035598755,30.01041213516146,9.1,OPTIMAL,0.0,880.0,0.0006129741668701172,3.0375085771083832e-05,3.0375085771083832e-05,0.0,0.003723165951669216,0.09608912467956543,0.09988703485578299
N30_L4_balanced_poisson_hS2,5,0.25,253,253,proposed_bound_aware,min_Bidx_under_C_budget,30,4,"[8, 8, 7, 7]",balanced,poisson,1,2,4,"[[1, 2, 1, 2, 2], [1, 4, 1, 1, 1], [2, 3, 2], [1, 4, 1, 1]]",17,"[5, 5, 3, 4]",107,337,0.6824925816023739,0,0.0,,,,TIME_LIMIT,0.7256232315489289,17203.0,0.004302978515625,0.019948838278651237,30.000102043151855,30.020126562565565,10.4,TIME_LIMIT,0.13034548644763425,131512.0,0.001322031021118164,0.010872315615415573,0.007253878749907017,0.0034520626068115234,0.005647392012178898,30.00016498565674,30.016739272512496
N30_L4_balanced_poisson_hS2,5,0.25,253,253,fixed_size_closest_dimension,fixed_size_2,30,4,"[8, 8, 7, 7]",balanced,poisson,1,2,4,"[[2, 2, 2, 2], [2, 2, 2, 2], [2, 2, 2, 1], [2, 2, 2, 1]]",16,"[4, 4, 4, 4]",96,337,0.7151335311572701,402,13.4,,,,TIME_LIMIT,0.7256232315489289,17203.0,0.004302978515625,0.019948838278651237,30.000102043151855,30.020126562565565,11.233333333333333,TIME_LIMIT,0.2662793514652776,113381.0,0.001116037368774414,5.1206909120082855e-05,5.1206909120082855e-05,0.0,0.0056937625631690025,30.000109910964966,30.005910077132285
N30_L4_balanced_poisson_hS2,5,0.25,253,253,threshold_closest_dimension,release_gap_threshold_0,30,4,"[8, 8, 7, 7]",balanced,poisson,1,2,4,"[[1, 2, 1, 1, 1, 1, 1], [1, 1, 1, 1, 1, 1, 1, 1], [1, 1, 1, 2, 2], [1, 2, 1, 2, 1]]",25,"[7, 8, 5, 5]",231,337,0.314540059347181,0,0.0,,,,TIME_LIMIT,0.7256232315489289,17203.0,0.004302978515625,0.019948838278651237,30.000102043151855,30.020126562565565,11.133333333333333,TIME_LIMIT,0.6090283771387917,32242.0,0.002248048782348633,0.00010227411985397339,0.00010227411985397339,0.0,0.008294460363686085,30.000505924224854,30.0089572314173
N30_L4_balanced_poisson_hS2,5,0.5,168,168,proposed_bound_aware,min_Bidx_under_C_budget,30,4,"[8, 8, 7, 7]",balanced,poisson,1,2,4,"[[1, 2, 1, 2, 2], [1, 4, 1, 1, 1], [2, 3, 2], [1, 4, 1, 1]]",17,"[5, 5, 3, 4]",107,337,0.6824925816023739,0,0.0,,,,TIME_LIMIT,0.7256232315489289,17203.0,0.004302978515625,0.019948838278651237,30.000102043151855,30.020126562565565,10.4,TIME_LIMIT,0.13108037875572365,130858.0,0.001344919204711914,0.010785754770040512,0.0072261868044734,0.0033931732177734375,0.006066435016691685,30.000852823257446,30.017758851870894
N30_L4_balanced_poisson_hS2,5,0.5,168,168,fixed_size_closest_dimension,fixed_size_2,30,4,"[8, 8, 7, 7]",balanced,poisson,1,2,4,"[[2, 2, 2, 2], [2, 2, 2, 2], [2, 2, 2, 1], [2, 2, 2, 1]]",16,"[4, 4, 4, 4]",96,337,0.7151335311572701,402,13.4,,,,TIME_LIMIT,0.7256232315489289,17203.0,0.004302978515625,0.019948838278651237,30.000102043151855,30.020126562565565,11.233333333333333,TIME_LIMIT,0.265722341111325,113849.0,0.0011031627655029297,4.396587610244751e-05,4.396587610244751e-05,0.0,0.005882858298718929,30.0001220703125,30.00610265135765
N30_L4_balanced_poisson_hS2,5,0.5,168,168,threshold_closest_dimension,release_gap_threshold_1,30,4,"[8, 8, 7, 7]",balanced,poisson,1,2,4,"[[1, 2, 1, 2, 2], [1, 4, 1, 1, 1], [2, 3, 2], [1, 4, 1, 1]]",17,"[5, 5, 3, 4]",107,337,0.6824925816023739,0,0.0,,,,TIME_LIMIT,0.7256232315489289,17203.0,0.004302978515625,0.019948838278651237,30.000102043151855,30.020126562565565,10.4,TIME_LIMIT,0.13090046073344916,131209.0,0.0013270378112792969,3.845803439617157e-05,3.845803439617157e-05,0.0,0.0058243293315172195,30.000148057937622,30.006065364927053
N30_L4_balanced_poisson_hS2,5,0.75,84,84,proposed_bound_aware,min_Bidx_under_C_budget,30,4,"[8, 8, 7, 7]",balanced,poisson,1,2,4,"[[3, 1, 2, 2], [1, 4, 1, 1, 1], [2, 3, 2], [4, 2, 1]]",15,"[4, 5, 3, 3]",83,337,0.7537091988130564,54,1.8,,,,TIME_LIMIT,0.7256232315489289,17203.0,0.004302978515625,0.019948838278651237,30.000102043151855,30.020126562565565,10.4,OPTIMAL,0.0,26330.0,0.0011289119720458984,0.015781141817569733,0.0076437583193182945,0.007970094680786133,0.005690125748515129,4.196610927581787,4.218135491013527
N30_L4_balanced_poisson_hS2,5,0.75,84,84,fixed_size_closest_dimension,fixed_size_3,30,4,"[8, 8, 7, 7]",balanced,poisson,1,2,4,"[[3, 3, 2], [3, 3, 2], [3, 3, 1], [3, 3, 1]]",12,"[3, 3, 3, 3]",54,337,0.8397626112759644,398,13.266666666666667,,,,TIME_LIMIT,0.7256232315489289,17203.0,0.004302978515625,0.019948838278651237,30.000102043151855,30.020126562565565,11.1,OPTIMAL,0.0,7618.0,0.0008490085601806641,1.622457057237625e-05,1.622457057237625e-05,0.0,0.0047937119379639626,0.8653769493103027,0.870236374437809
N30_L4_balanced_poisson_hS2,5,0.75,84,84,threshold_closest_dimension,release_gap_threshold_2,30,4,"[8, 8, 7, 7]",balanced,poisson,1,2,4,"[[3, 1, 2, 2], [1, 4, 1, 1, 1], [4, 3], [4, 2, 1]]",14,"[4, 5, 2, 3]",71,337,0.7893175074183977,103,3.433333333333333,,,,TIME_LIMIT,0.7256232315489289,17203.0,0.004302978515625,0.019948838278651237,30.000102043151855,30.020126562565565,10.4,OPTIMAL,0.0,10827.0,0.0011088848114013672,3.557465970516205e-05,3.557465970516205e-05,0.0,0.0049990322440862656,1.2412009239196777,1.2462905924767256
N30_L4_balanced_poisson_hS2,5,0.9,34,34,proposed_bound_aware,min_Bidx_under_C_budget,30,4,"[8, 8, 7, 7]",balanced,poisson,1,2,4,"[[4, 4], [1, 4, 3], [4, 3], [4, 3]]",9,"[2, 3, 2, 2]",30,337,0.9109792284866469,509,16.966666666666665,,,,TIME_LIMIT,0.7256232315489289,17203.0,0.004302978515625,0.019948838278651237,30.000102043151855,30.020126562565565,10.4,OPTIMAL,0.0,829.0,0.00080108642578125,0.06230795569717884,0.0075433263555169106,0.054602861404418945,0.00429974589496851,0.08586716651916504,0.15252514649182558
N30_L4_balanced_poisson_hS2,5,0.9,34,34,fixed_size_closest_dimension,fixed_size_4,30,4,"[8, 8, 7, 7]",balanced,poisson,1,2,4,"[[4, 4], [4, 4], [4, 3], [4, 3]]",8,"[2, 2, 2, 2]",24,337,0.9287833827893175,638,21.266666666666666,,,,TIME_LIMIT,0.7256232315489289,17203.0,0.004302978515625,0.019948838278651237,30.000102043151855,30.020126562565565,11.433333333333334,OPTIMAL,0.0,1108.0,0.0005719661712646484,3.505311906337738e-05,3.505311906337738e-05,0.0,0.003995115868747234,0.09697294235229492,0.10104691330343485
N30_L4_balanced_poisson_hS2,5,0.9,34,34,threshold_closest_dimension,release_gap_threshold_5,30,4,"[8, 8, 7, 7]",balanced,poisson,1,2,4,"[[4, 4], [4, 4], [4, 3], [4, 3]]",8,"[2, 2, 2, 2]",24,337,0.9287833827893175,638,21.266666666666666,,,,TIME_LIMIT,0.7256232315489289,17203.0,0.004302978515625,0.019948838278651237,30.000102043151855,30.020126562565565,11.433333333333334,OPTIMAL,0.0,1108.0,0.0006270408630371094,8.628051728010178e-05,8.628051728010178e-05,0.0,0.004516893997788429,0.09863996505737305,0.1032906323671341
N30_L4_balanced_poisson_hS2,6,0.25,253,253,proposed_bound_aware,min_Bidx_under_C_budget,30,4,"[8, 8, 7, 7]",balanced,poisson,1,2,4,"[[1, 1, 2, 3, 1], [3, 3, 1, 1], [2, 2, 1, 2], [1, 4, 1, 1]]",17,"[5, 4, 4, 4]",108,337,0.6795252225519288,0,0.0,,,,TIME_LIMIT,0.5802377185161689,19676.0,0.0028998851776123047,0.009545381180942059,30.00036382675171,30.009964410215616,7.533333333333333,OPTIMAL,0.0,40490.0,0.001283884048461914,0.010448817163705826,0.007245276123285294,0.0030388832092285156,0.005855276249349117,15.07920789718628,15.095569243654609
N30_L4_balanced_poisson_hS2,6,0.25,253,253,fixed_size_closest_dimension,fixed_size_2,30,4,"[8, 8, 7, 7]",balanced,poisson,1,2,4,"[[2, 2, 2, 2], [2, 2, 2, 2], [2, 2, 2, 1], [2, 2, 2, 1]]",16,"[4, 4, 4, 4]",96,337,0.7151335311572701,242,8.066666666666666,,,,TIME_LIMIT,0.5802377185161689,19676.0,0.0028998851776123047,0.009545381180942059,30.00036382675171,30.009964410215616,7.8,OPTIMAL,0.0,36856.0,0.0010881423950195312,4.2875297367572784e-05,4.2875297367572784e-05,0.0,0.0066439080983400345,11.953521013259888,11.960268805734813
N30_L4_balanced_poisson_hS2,6,0.25,253,253,threshold_closest_dimension,release_gap_threshold_0,30,4,"[8, 8, 7, 7]",balanced,poisson,1,2,4,"[[1, 1, 1, 1, 1, 1, 1, 1], [2, 1, 2, 1, 1, 1], [1, 1, 2, 1, 2], [1, 2, 1, 1, 1, 1]]",25,"[8, 6, 5, 6]",232,337,0.3115727002967359,0,0.0,,,,TIME_LIMIT,0.5802377185161689,19676.0,0.0028998851776123047,0.009545381180942059,30.00036382675171,30.009964410215616,7.566666666666666,TIME_LIMIT,0.48855205193569534,50494.0,0.0021228790283203125,0.0001076115295290947,0.0001076115295290947,0.0,0.008345688693225384,30.000178813934326,30.00868556369096
N30_L4_balanced_poisson_hS2,6,0.5,168,168,proposed_bound_aware,min_Bidx_under_C_budget,30,4,"[8, 8, 7, 7]",balanced,poisson,1,2,4,"[[1, 1, 2, 3, 1], [3, 3, 1, 1], [2, 2, 1, 2], [1, 4, 1, 1]]",17,"[5, 4, 4, 4]",108,337,0.6795252225519288,0,0.0,,,,TIME_LIMIT,0.5802377185161689,19676.0,0.0028998851776123047,0.009545381180942059,30.00036382675171,30.009964410215616,7.533333333333333,OPTIMAL,0.0,40490.0,0.0012769699096679688,0.01042141579091549,0.007453670725226402,0.0028028488159179688,0.005526919849216938,15.10442590713501,15.1204306865111
N30_L4_balanced_poisson_hS2,6,0.5,168,168,fixed_size_closest_dimension,fixed_size_2,30,4,"[8, 8, 7, 7]",balanced,poisson,1,2,4,"[[2, 2, 2, 2], [2, 2, 2, 2], [2, 2, 2, 1], [2, 2, 2, 1]]",16,"[4, 4, 4, 4]",96,337,0.7151335311572701,242,8.066666666666666,,,,TIME_LIMIT,0.5802377185161689,19676.0,0.0028998851776123047,0.009545381180942059,30.00036382675171,30.009964410215616,7.8,OPTIMAL,0.0,36856.0,0.0010509490966796875,4.289485514163971e-05,4.289485514163971e-05,0.0,0.005842316895723343,11.952018022537231,11.957955452613533
N30_L4_balanced_poisson_hS2,6,0.5,168,168,threshold_closest_dimension,release_gap_threshold_1,30,4,"[8, 8, 7, 7]",balanced,poisson,1,2,4,"[[1, 1, 2, 3, 1], [3, 3, 1, 1], [2, 2, 1, 2], [1, 4, 1, 1]]",17,"[5, 4, 4, 4]",108,337,0.6795252225519288,0,0.0,,,,TIME_LIMIT,0.5802377185161689,19676.0,0.0028998851776123047,0.009545381180942059,30.00036382675171,30.009964410215616,7.533333333333333,OPTIMAL,0.0,40490.0,0.0013098716735839844,3.591366112232208e-05,3.591366112232208e-05,0.0,0.005863679572939873,15.106563806533813,15.112516176886857
N30_L4_balanced_poisson_hS2,6,0.75,84,84,proposed_bound_aware,min_Bidx_under_C_budget,30,4,"[8, 8, 7, 7]",balanced,poisson,1,2,4,"[[1, 1, 2, 3, 1], [3, 3, 2], [2, 2, 1, 2], [1, 4, 2]]",15,"[5, 3, 4, 3]",83,337,0.7537091988130564,43,1.4333333333333333,,,,TIME_LIMIT,0.5802377185161689,19676.0,0.0028998851776123047,0.009545381180942059,30.00036382675171,30.009964410215616,7.666666666666667,OPTIMAL,0.0,16704.0,0.0010840892791748047,0.012204268015921116,0.007440710440278053,0.004597902297973633,0.0046593984588980675,2.473536968231201,2.490452687256038
N30_L4_balanced_poisson_hS2,6,0.75,84,84,fixed_size_closest_dimension,fixed_size_3,30,4,"[8, 8, 7, 7]",balanced,poisson,1,2,4,"[[3, 3, 2], [3, 3, 2], [3, 3, 1], [3, 3, 1]]",12,"[3, 3, 3, 3]",54,337,0.8397626112759644,528,17.6,,,,TIME_LIMIT,0.5802377185161689,19676.0,0.0028998851776123047,0.009545381180942059,30.00036382675171,30.009964410215616,9.0,OPTIMAL,0.0,3835.0,0.0008120536804199219,4.332512617111206e-05,4.332512617111206e-05,0.0,0.0050466544926166534,0.37362003326416016,0.37875815015286207
N30_L4_balanced_poisson_hS2,6,0.75,84,84,threshold_closest_dimension,release_gap_threshold_2,30,4,"[8, 8, 7, 7]",balanced,poisson,1,2,4,"[[2, 2, 3, 1], [3, 4, 1], [2, 2, 1, 2], [4, 3]]",13,"[4, 3, 4, 2]",62,337,0.8160237388724035,121,4.033333333333333,,,,TIME_LIMIT,0.5802377185161689,19676.0,0.0028998851776123047,0.009545381180942059,30.00036382675171,30.009964410215616,7.533333333333333,OPTIMAL,0.0,4747.0,0.0008990764617919922,8.992571383714676e-05,8.992571383714676e-05,0.0,0.005258284509181976,0.5870010852813721,0.5923956306651235
N30_L4_balanced_poisson_hS2,6,0.9,34,34,proposed_bound_aware,min_Bidx_under_C_budget,30,4,"[8, 8, 7, 7]",balanced,poisson,1,2,4,"[[4, 4], [3, 3, 2], [4, 3], [3, 4]]",9,"[2, 3, 2, 2]",30,337,0.9109792284866469,320,10.666666666666666,,,,TIME_LIMIT,0.5802377185161689,19676.0,0.0028998851776123047,0.009545381180942059,30.00036382675171,30.009964410215616,8.866666666666667,OPTIMAL,0.0,862.0,0.0009999275207519531,0.04425649531185627,0.007636448368430138,0.036459922790527344,0.00455823726952076,0.08684802055358887,0.13571239076554775
N30_L4_balanced_poisson_hS2,6,0.9,34,34,fixed_size_closest_dimension,fixed_size_4,30,4,"[8, 8, 7, 7]",balanced,poisson,1,2,4,"[[4, 4], [4, 4], [4, 3], [4, 3]]",8,"[2, 2, 2, 2]",24,337,0.9287833827893175,394,13.133333333333333,,,,TIME_LIMIT,0.5802377185161689,19676.0,0.0028998851776123047,0.009545381180942059,30.00036382675171,30.009964410215616,8.866666666666667,OPTIMAL,0.0,493.0,0.0005669593811035156,4.095211625099182e-05,4.095211625099182e-05,0.0,0.0040145451202988625,0.05356192588806152,0.05766044557094574
N30_L4_balanced_poisson_hS2,6,0.9,34,34,threshold_closest_dimension,release_gap_threshold_3,30,4,"[8, 8, 7, 7]",balanced,poisson,1,2,4,"[[4, 4], [4, 4], [4, 3], [4, 3]]",8,"[2, 2, 2, 2]",24,337,0.9287833827893175,394,13.133333333333333,,,,TIME_LIMIT,0.5802377185161689,19676.0,0.0028998851776123047,0.009545381180942059,30.00036382675171,30.009964410215616,8.866666666666667,OPTIMAL,0.0,493.0,0.0005540847778320312,8.6209736764431e-05,8.6209736764431e-05,0.0,0.0037991004064679146,0.053533077239990234,0.057461644522845745
N30_L4_balanced_poisson_hS2,7,0.25,253,253,proposed_bound_aware,min_Bidx_under_C_budget,30,4,"[8, 8, 7, 7]",balanced,poisson,1,2,4,"[[1, 1, 4, 1, 1], [4, 2, 2], [2, 3, 2], [1, 2, 4]]",14,"[5, 3, 3, 3]",72,337,0.7863501483679525,0,0.0,,,,TIME_LIMIT,0.6467042722197565,16707.0,0.003053903579711914,0.009635377675294876,30.000216007232666,30.009903797879815,9.633333333333333,OPTIMAL,0.0,9696.0,0.001046895980834961,0.01051243208348751,0.00772874616086483,0.0026149749755859375,0.005693771876394749,1.4239940643310547,1.4402518263086677
N30_L4_balanced_poisson_hS2,7,0.25,253,253,fixed_size_closest_dimension,fixed_size_2,30,4,"[8, 8, 7, 7]",balanced,poisson,1,2,4,"[[2, 2, 2, 2], [2, 2, 2, 2], [2, 2, 2, 1], [2, 2, 2, 1]]",16,"[4, 4, 4, 4]",96,337,0.7151335311572701,204,6.8,,,,TIME_LIMIT,0.6467042722197565,16707.0,0.003053903579711914,0.009635377675294876,30.000216007232666,30.009903797879815,10.4,OPTIMAL,0.0,75912.0,0.0011022090911865234,4.1122548282146454e-05,4.1122548282146454e-05,0.0,0.005694052204489708,19.510680198669434,19.51646733377129
N30_L4_balanced_poisson_hS2,7,0.25,253,253,threshold_closest_dimension,release_gap_threshold_0,30,4,"[8, 8, 7, 7]",balanced,poisson,1,2,4,"[[1, 1, 1, 3, 1, 1], [2, 1, 1, 2, 2], [2, 1, 2, 1, 1], [1, 1, 1, 2, 1, 1]]",22,"[6, 5, 5, 6]",181,337,0.4629080118694362,0,0.0,,,,TIME_LIMIT,0.6467042722197565,16707.0,0.003053903579711914,0.009635377675294876,30.000216007232666,30.009903797879815,9.766666666666667,TIME_LIMIT,0.3867648073766584,62287.0,0.0019121170043945312,7.450301200151443e-05,7.450301200151443e-05,0.0,0.007430986501276493,30.000191926956177,30.00775585323572
N30_L4_balanced_poisson_hS2,7,0.5,168,168,proposed_bound_aware,min_Bidx_under_C_budget,30,4,"[8, 8, 7, 7]",balanced,poisson,1,2,4,"[[1, 1, 4, 1, 1], [4, 2, 2], [2, 3, 2], [1, 2, 4]]",14,"[5, 3, 3, 3]",72,337,0.7863501483679525,0,0.0,,,,TIME_LIMIT,0.6467042722197565,16707.0,0.003053903579711914,0.009635377675294876,30.000216007232666,30.009903797879815,9.633333333333333,OPTIMAL,0.0,9696.0,0.0010521411895751953,0.010521015152335167,0.0072351908311247826,0.003122091293334961,0.005151383578777313,1.423975944519043,1.4397016940638423
N30_L4_balanced_poisson_hS2,7,0.5,168,168,fixed_size_closest_dimension,fixed_size_2,30,4,"[8, 8, 7, 7]",balanced,poisson,1,2,4,"[[2, 2, 2, 2], [2, 2, 2, 2], [2, 2, 2, 1], [2, 2, 2, 1]]",16,"[4, 4, 4, 4]",96,337,0.7151335311572701,204,6.8,,,,TIME_LIMIT,0.6467042722197565,16707.0,0.003053903579711914,0.009635377675294876,30.000216007232666,30.009903797879815,10.4,OPTIMAL,0.0,75912.0,0.0010938644409179688,4.200264811515808e-05,4.200264811515808e-05,0.0,0.006437154486775398,19.53450584411621,19.54103944450617
N30_L4_balanced_poisson_hS2,7,0.5,168,168,threshold_closest_dimension,release_gap_threshold_1,30,4,"[8, 8, 7, 7]",balanced,poisson,1,2,4,"[[1, 1, 4, 1, 1], [4, 2, 2], [2, 3, 2], [1, 2, 4]]",14,"[5, 3, 3, 3]",72,337,0.7863501483679525,0,0.0,,,,TIME_LIMIT,0.6467042722197565,16707.0,0.003053903579711914,0.009635377675294876,30.000216007232666,30.009903797879815,9.633333333333333,OPTIMAL,0.0,9696.0,0.001071929931640625,6.085168570280075e-05,6.085168570280075e-05,0.0,0.005474741570651531,1.4245970249176025,1.4301866525784135
N30_L4_balanced_poisson_hS2,7,0.75,84,84,proposed_bound_aware,min_Bidx_under_C_budget,30,4,"[8, 8, 7, 7]",balanced,poisson,1,2,4,"[[1, 1, 4, 1, 1], [4, 2, 2], [2, 3, 2], [1, 2, 4]]",14,"[5, 3, 3, 3]",72,337,0.7863501483679525,0,0.0,,,,TIME_LIMIT,0.6467042722197565,16707.0,0.003053903579711914,0.009635377675294876,30.000216007232666,30.009903797879815,9.633333333333333,OPTIMAL,0.0,9696.0,0.0010290145874023438,0.011089273728430271,0.007850470952689648,0.0030760765075683594,0.005016199313104153,1.4221949577331543,1.4383518090471625
N30_L4_balanced_poisson_hS2,7,0.75,84,84,fixed_size_closest_dimension,fixed_size_3,30,4,"[8, 8, 7, 7]",balanced,poisson,1,2,4,"[[3, 3, 2], [3, 3, 2], [3, 3, 1], [3, 3, 1]]",12,"[3, 3, 3, 3]",54,337,0.8397626112759644,283,9.433333333333334,,,,TIME_LIMIT,0.6467042722197565,16707.0,0.003053903579711914,0.009635377675294876,30.000216007232666,30.009903797879815,10.266666666666667,OPTIMAL,0.0,3996.0,0.000804901123046875,4.32552769780159e-05,4.32552769780159e-05,0.0,0.005395391955971718,0.36765193939208984,0.3731380747631192
N30_L4_balanced_poisson_hS2,7,0.75,84,84,threshold_closest_dimension,release_gap_threshold_1,30,4,"[8, 8, 7, 7]",balanced,poisson,1,2,4,"[[1, 1, 4, 1, 1], [4, 2, 2], [2, 3, 2], [1, 2, 4]]",14,"[5, 3, 3, 3]",72,337,0.7863501483679525,0,0.0,,,,TIME_LIMIT,0.6467042722197565,16707.0,0.003053903579711914,0.009635377675294876,30.000216007232666,30.009903797879815,9.633333333333333,OPTIMAL,0.0,9696.0,0.0010039806365966797,7.288996130228043e-05,7.288996130228043e-05,0.0,0.004844979383051395,1.4220199584960938,1.4269887311384082
N30_L4_balanced_poisson_hS2,7,0.9,34,34,proposed_bound_aware,min_Bidx_under_C_budget,30,4,"[8, 8, 7, 7]",balanced,poisson,1,2,4,"[[2, 4, 2], [4, 4], [3, 4], [3, 4]]",9,"[3, 2, 2, 2]",30,337,0.9109792284866469,251,8.366666666666667,,,,TIME_LIMIT,0.6467042722197565,16707.0,0.003053903579711914,0.009635377675294876,30.000216007232666,30.009903797879815,10.266666666666667,OPTIMAL,0.0,1261.0,0.0007889270782470703,0.04052111133933067,0.007180909626185894,0.0331728458404541,0.004658087156713009,0.11100983619689941,0.1562401344999671
N30_L4_balanced_poisson_hS2,7,0.9,34,34,fixed_size_closest_dimension,fixed_size_4,30,4,"[8, 8, 7, 7]",balanced,poisson,1,2,4,"[[4, 4], [4, 4], [4, 3], [4, 3]]",8,"[2, 2, 2, 2]",24,337,0.9287833827893175,352,11.733333333333333,,,,TIME_LIMIT,0.6467042722197565,16707.0,0.003053903579711914,0.009635377675294876,30.000216007232666,30.009903797879815,10.633333333333333,OPTIMAL,0.0,846.0,0.0006279945373535156,4.5758672058582306e-05,4.5758672058582306e-05,0.0,0.0042285192757844925,0.0746450424194336,0.07896343152970076
N30_L4_balanced_poisson_hS2,7,0.9,34,34,threshold_closest_dimension,release_gap_threshold_3,30,4,"[8, 8, 7, 7]",balanced,poisson,1,2,4,"[[4, 4], [4, 4], [4, 3], [4, 3]]",8,"[2, 2, 2, 2]",24,337,0.9287833827893175,352,11.733333333333333,,,,TIME_LIMIT,0.6467042722197565,16707.0,0.003053903579711914,0.009635377675294876,30.000216007232666,30.009903797879815,10.633333333333333,OPTIMAL,0.0,846.0,0.00061798095703125,6.840378046035767e-05,6.840378046035767e-05,0.0,0.00433761440217495,0.07439303398132324,0.07884346134960651
N30_L4_balanced_poisson_hS2,8,0.25,253,253,proposed_bound_aware,min_Bidx_under_C_budget,30,4,"[8, 8, 7, 7]",balanced,poisson,1,2,4,"[[1, 1, 2, 4], [1, 3, 2, 1, 1], [1, 3, 1, 2], [1, 1, 2, 1, 2]]",18,"[4, 5, 4, 5]",121,337,0.6409495548961425,0,0.0,,,,TIME_LIMIT,0.6822183350392244,20491.0,0.0034711360931396484,0.009622148238122463,30.00011897087097,30.009797447361052,7.833333333333333,TIME_LIMIT,0.2688899261717104,102020.0,0.0014488697052001953,0.01069142296910286,0.007755637168884277,0.0027718544006347656,0.006242452189326286,30.00015687942505,30.01714305859059
N30_L4_balanced_poisson_hS2,8,0.25,253,253,fixed_size_closest_dimension,fixed_size_2,30,4,"[8, 8, 7, 7]",balanced,poisson,1,2,4,"[[2, 2, 2, 2], [2, 2, 2, 2], [2, 2, 2, 1], [2, 2, 2, 1]]",16,"[4, 4, 4, 4]",96,337,0.7151335311572701,545,18.166666666666668,,,,TIME_LIMIT,0.6822183350392244,20491.0,0.0034711360931396484,0.009622148238122463,30.00011897087097,30.009797447361052,8.1,OPTIMAL,0.0,47300.0,0.0011169910430908203,5.7476572692394257e-05,5.7476572692394257e-05,0.0,0.0061043016612529755,14.232967853546143,14.239184425212443
N30_L4_balanced_poisson_hS2,8,0.25,253,253,threshold_closest_dimension,release_gap_threshold_0,30,4,"[8, 8, 7, 7]",balanced,poisson,1,2,4,"[[1, 1, 1, 1, 1, 3], [1, 1, 2, 1, 1, 1, 1], [1, 2, 1, 1, 2], [1, 1, 1, 1, 1, 1, 1]]",25,"[6, 7, 5, 7]",233,337,0.3086053412462908,0,0.0,,,,TIME_LIMIT,0.6822183350392244,20491.0,0.0034711360931396484,0.009622148238122463,30.00011897087097,30.009797447361052,7.966666666666667,TIME_LIMIT,0.6038700101775751,34598.0,0.0023250579833984375,9.170826524496078e-05,9.170826524496078e-05,0.0,0.008372139185667038,30.000205039978027,30.0087207313627
N30_L4_balanced_poisson_hS2,8,0.5,168,168,proposed_bound_aware,min_Bidx_under_C_budget,30,4,"[8, 8, 7, 7]",balanced,poisson,1,2,4,"[[1, 1, 2, 4], [1, 3, 2, 1, 1], [1, 3, 1, 2], [1, 1, 2, 1, 2]]",18,"[4, 5, 4, 5]",121,337,0.6409495548961425,0,0.0,,,,TIME_LIMIT,0.6822183350392244,20491.0,0.0034711360931396484,0.009622148238122463,30.00011897087097,30.009797447361052,7.833333333333333,TIME_LIMIT,0.26818045565727483,102393.0,0.0014688968658447266,0.010716692544519901,0.007791932672262192,0.0027599334716796875,0.005695735104382038,30.00012993812561,30.016595490276814
N30_L4_balanced_poisson_hS2,8,0.5,168,168,fixed_size_closest_dimension,fixed_size_2,30,4,"[8, 8, 7, 7]",balanced,poisson,1,2,4,"[[2, 2, 2, 2], [2, 2, 2, 2], [2, 2, 2, 1], [2, 2, 2, 1]]",16,"[4, 4, 4, 4]",96,337,0.7151335311572701,545,18.166666666666668,,,,TIME_LIMIT,0.6822183350392244,20491.0,0.0034711360931396484,0.009622148238122463,30.00011897087097,30.009797447361052,8.1,OPTIMAL,0.0,47300.0,0.0011060237884521484,1.61733478307724e-05,1.61733478307724e-05,0.0,0.005597206763923168,14.215049982070923,14.220715946517885
N30_L4_balanced_poisson_hS2,8,0.5,168,168,threshold_closest_dimension,release_gap_threshold_1,30,4,"[8, 8, 7, 7]",balanced,poisson,1,2,4,"[[1, 1, 2, 4], [1, 3, 2, 1, 1], [1, 3, 1, 2], [1, 1, 2, 1, 2]]",18,"[4, 5, 4, 5]",121,337,0.6409495548961425,0,0.0,,,,TIME_LIMIT,0.6822183350392244,20491.0,0.0034711360931396484,0.009622148238122463,30.00011897087097,30.009797447361052,7.833333333333333,TIME_LIMIT,0.26992202499888596,101604.0,0.0014410018920898438,3.778655081987381e-05,3.778655081987381e-05,0.0,0.006050370633602142,30.0001380443573,30.006278191693127
N30_L4_balanced_poisson_hS2,8,0.75,84,84,proposed_bound_aware,min_Bidx_under_C_budget,30,4,"[8, 8, 7, 7]",balanced,poisson,1,2,4,"[[1, 1, 2, 4], [1, 3, 4], [1, 4, 2], [1, 1, 2, 1, 2]]",15,"[4, 3, 3, 5]",83,337,0.7537091988130564,67,2.2333333333333334,,,,TIME_LIMIT,0.6822183350392244,20491.0,0.0034711360931396484,0.009622148238122463,30.00011897087097,30.009797447361052,7.833333333333333,OPTIMAL,0.0,22281.0,0.0011990070343017578,0.010125759057700634,0.007224595174193382,0.0027399063110351562,0.00542204175144434,6.386285066604614,6.40188536606729
N30_L4_balanced_poisson_hS2,8,0.75,84,84,fixed_size_closest_dimension,fixed_size_3,30,4,"[8, 8, 7, 7]",balanced,poisson,1,2,4,"[[3, 3, 2], [3, 3, 2], [3, 3, 1], [3, 3, 1]]",12,"[3, 3, 3, 3]",54,337,0.8397626112759644,853,28.433333333333334,,,,TIME_LIMIT,0.6822183350392244,20491.0,0.0034711360931396484,0.009622148238122463,30.00011897087097,30.009797447361052,8.933333333333334,OPTIMAL,0.0,3063.0,0.0008041858673095703,4.2484141886234283e-05,4.2484141886234283e-05,0.0,0.005378855392336845,0.331104040145874,0.3365718340501189
N30_L4_balanced_poisson_hS2,8,0.75,84,84,threshold_closest_dimension,release_gap_threshold_2,30,4,"[8, 8, 7, 7]",balanced,poisson,1,2,4,"[[1, 1, 2, 4], [4, 4], [4, 1, 2], [1, 4, 2]]",12,"[4, 2, 3, 3]",53,337,0.8427299703264095,147,4.9,,,,TIME_LIMIT,0.6822183350392244,20491.0,0.0034711360931396484,0.009622148238122463,30.00011897087097,30.009797447361052,8.1,OPTIMAL,0.0,6191.0,0.0008358955383300781,3.248918801546097e-05,3.248918801546097e-05,0.0,0.004321699030697346,0.8143548965454102,0.8187565188854933
N30_L4_balanced_poisson_hS2,8,0.9,34,34,proposed_bound_aware,min_Bidx_under_C_budget,30,4,"[8, 8, 7, 7]",balanced,poisson,1,2,4,"[[4, 4], [4, 4], [4, 3], [1, 4, 2]]",9,"[2, 2, 2, 3]",30,337,0.9109792284866469,441,14.7,,,,TIME_LIMIT,0.6822183350392244,20491.0,0.0034711360931396484,0.009622148238122463,30.00011897087097,30.009797447361052,8.1,OPTIMAL,0.0,739.0,0.000682830810546875,0.02018801122903824,0.0069690607488155365,0.01306009292602539,0.004012772813439369,0.07670903205871582,0.10095411818474531
N30_L4_balanced_poisson_hS2,8,0.9,34,34,fixed_size_closest_dimension,fixed_size_4,30,4,"[8, 8, 7, 7]",balanced,poisson,1,2,4,"[[4, 4], [4, 4], [4, 3], [4, 3]]",8,"[2, 2, 2, 2]",24,337,0.9287833827893175,675,22.5,,,,TIME_LIMIT,0.6822183350392244,20491.0,0.0034711360931396484,0.009622148238122463,30.00011897087097,30.009797447361052,8.1,OPTIMAL,0.0,360.0,0.0006611347198486328,4.654936492443085e-05,4.654936492443085e-05,0.0,0.004579419270157814,0.039772987365722656,0.044446553103625774
N30_L4_balanced_poisson_hS2,8,0.9,34,34,threshold_closest_dimension,release_gap_threshold_5,30,4,"[8, 8, 7, 7]",balanced,poisson,1,2,4,"[[4, 4], [4, 4], [4, 3], [4, 1, 2]]",9,"[2, 2, 2, 3]",30,337,0.9109792284866469,502,16.733333333333334,,,,TIME_LIMIT,0.6822183350392244,20491.0,0.0034711360931396484,0.009622148238122463,30.00011897087097,30.009797447361052,8.1,OPTIMAL,0.0,532.0,0.00015997886657714844,8.668098598718643e-05,8.668098598718643e-05,0.0,0.004114425741136074,0.05833697319030762,0.06258269399404526
N30_L4_balanced_poisson_hS2,9,0.25,253,253,proposed_bound_aware,min_Bidx_under_C_budget,30,4,"[8, 8, 7, 7]",balanced,poisson,1,2,4,"[[3, 1, 1, 1, 1, 1], [1, 2, 2, 1, 1, 1], [1, 2, 1, 2, 1], [1, 1, 1, 1, 1, 2]]",23,"[6, 6, 5, 6]",198,337,0.4124629080118694,0,0.0,,,,TIME_LIMIT,0.6213534162157763,23430.0,0.002875089645385742,0.009267701767385006,30.0001060962677,30.00942502822727,7.4,TIME_LIMIT,0.4151806323800557,61352.0,0.0019168853759765625,0.010280936025083065,0.007239670492708683,0.002878904342651367,0.007006138563156128,30.000190019607544,30.017530630342662
N30_L4_balanced_poisson_hS2,9,0.25,253,253,fixed_size_closest_dimension,fixed_size_2,30,4,"[8, 8, 7, 7]",balanced,poisson,1,2,4,"[[2, 2, 2, 2], [2, 2, 2, 2], [2, 2, 2, 1], [2, 2, 2, 1]]",16,"[4, 4, 4, 4]",96,337,0.7151335311572701,840,28.0,,,,TIME_LIMIT,0.6213534162157763,23430.0,0.002875089645385742,0.009267701767385006,30.0001060962677,30.00942502822727,8.466666666666667,OPTIMAL,0.0,69834.0,0.0011131763458251953,4.241336137056351e-05,4.241336137056351e-05,0.0,0.006329975090920925,13.080095052719116,13.08652241062373
N30_L4_balanced_poisson_hS2,9,0.25,253,253,threshold_closest_dimension,release_gap_threshold_0,30,4,"[8, 8, 7, 7]",balanced,poisson,1,2,4,"[[3, 1, 1, 1, 1, 1], [1, 2, 1, 1, 1, 1, 1], [1, 2, 1, 1, 1, 1], [1, 1, 1, 1, 1, 1, 1]]",26,"[6, 7, 6, 7]",253,337,0.24925816023738873,0,0.0,,,,TIME_LIMIT,0.6213534162157763,23430.0,0.002875089645385742,0.009267701767385006,30.0001060962677,30.00942502822727,8.1,TIME_LIMIT,0.5663765798742928,43647.0,0.0024640560150146484,0.00011064670979976654,0.00011064670979976654,0.0,0.008761269971728325,30.000181913375854,30.00910721346736
N30_L4_balanced_poisson_hS2,9,0.5,168,168,proposed_bound_aware,min_Bidx_under_C_budget,30,4,"[8, 8, 7, 7]",balanced,poisson,1,2,4,"[[3, 1, 1, 1, 2], [1, 2, 2, 1, 2], [1, 2, 1, 2, 1], [1, 1, 1, 1, 1, 2]]",21,"[5, 5, 5, 6]",165,337,0.5103857566765578,42,1.4,,,,TIME_LIMIT,0.6213534162157763,23430.0,0.002875089645385742,0.009267701767385006,30.0001060962677,30.00942502822727,7.333333333333333,TIME_LIMIT,0.40938051527119174,78053.0,0.0024781227111816406,0.020031739957630634,0.007286290638148785,0.012578964233398438,0.007247420959174633,30.000123023986816,30.02746429014951
N30_L4_balanced_poisson_hS2,9,0.5,168,168,fixed_size_closest_dimension,fixed_size_2,30,4,"[8, 8, 7, 7]",balanced,poisson,1,2,4,"[[2, 2, 2, 2], [2, 2, 2, 2], [2, 2, 2, 1], [2, 2, 2, 1]]",16,"[4, 4, 4, 4]",96,337,0.7151335311572701,840,28.0,,,,TIME_LIMIT,0.6213534162157763,23430.0,0.002875089645385742,0.009267701767385006,30.0001060962677,30.00942502822727,8.466666666666667,OPTIMAL,0.0,69834.0,0.0011069774627685547,1.6104429960250854e-05,1.6104429960250854e-05,0.0,0.005630508065223694,13.1110098361969,13.11671313084662
N30_L4_balanced_poisson_hS2,9,0.5,168,168,threshold_closest_dimension,release_gap_threshold_2,30,4,"[8, 8, 7, 7]",balanced,poisson,1,2,4,"[[3, 1, 1, 3], [1, 2, 3, 2], [1, 4, 2], [2, 1, 1, 1, 2]]",16,"[4, 4, 3, 5]",95,337,0.7181008902077152,185,6.166666666666667,,,,TIME_LIMIT,0.6213534162157763,23430.0,0.002875089645385742,0.009267701767385006,30.0001060962677,30.00942502822727,7.333333333333333,OPTIMAL,1.87440096014639e-05,23923.0,0.001104116439819336,0.00010810233652591705,0.00010810233652591705,0.0,0.006159849464893341,3.7773098945617676,3.7836310723796487
N30_L4_balanced_poisson_hS2,9,0.75,84,84,proposed_bound_aware,min_Bidx_under_C_budget,30,4,"[8, 8, 7, 7]",balanced,poisson,1,2,4,"[[3, 1, 4], [1, 2, 3, 2], [1, 2, 4], [2, 1, 1, 1, 2]]",15,"[3, 4, 3, 5]",83,337,0.7537091988130564,208,6.933333333333334,,,,TIME_LIMIT,0.6213534162157763,23430.0,0.002875089645385742,0.009267701767385006,30.0001060962677,30.00942502822727,7.333333333333333,OPTIMAL,0.0,9625.0,0.0010251998901367188,0.013049017637968063,0.007325488142669201,0.005558967590332031,0.005100947804749012,1.4731941223144531,1.4914006600156426
N30_L4_balanced_poisson_hS2,9,0.75,84,84,fixed_size_closest_dimension,fixed_size_3,30,4,"[8, 8, 7, 7]",balanced,poisson,1,2,4,"[[3, 3, 2], [3, 3, 2], [3, 3, 1], [3, 3, 1]]",12,"[3, 3, 3, 3]",54,337,0.8397626112759644,726,24.2,,,,TIME_LIMIT,0.6213534162157763,23430.0,0.002875089645385742,0.009267701767385006,30.0001060962677,30.00942502822727,8.8,OPTIMAL,0.0,7584.0,0.0007870197296142578,3.511272370815277e-05,3.511272370815277e-05,0.0,0.0051453253254294395,0.8927290439605713,0.8979593515396118
N30_L4_balanced_poisson_hS2,9,0.75,84,84,threshold_closest_dimension,release_gap_threshold_3,30,4,"[8, 8, 7, 7]",balanced,poisson,1,2,4,"[[3, 1, 4], [1, 2, 4, 1], [1, 4, 2], [2, 1, 1, 3]]",14,"[3, 4, 3, 4]",73,337,0.7833827893175074,306,10.2,,,,TIME_LIMIT,0.6213534162157763,23430.0,0.002875089645385742,0.009267701767385006,30.0001060962677,30.00942502822727,7.333333333333333,OPTIMAL,0.0,6069.0,0.0009222030639648438,9.094737470149994e-05,9.094737470149994e-05,0.0,0.005197654478251934,0.9538571834564209,0.9591948548331857
N30_L4_balanced_poisson_hS2,9,0.9,34,34,proposed_bound_aware,min_Bidx_under_C_budget,30,4,"[8, 8, 7, 7]",balanced,poisson,1,2,4,"[[4, 4], [1, 4, 3], [3, 4], [3, 4]]",9,"[2, 3, 2, 2]",30,337,0.9109792284866469,707,23.566666666666666,,,,TIME_LIMIT,0.6213534162157763,23430.0,0.002875089645385742,0.009267701767385006,30.0001060962677,30.00942502822727,7.9,OPTIMAL,0.0,491.0,0.0007131099700927734,0.049165464006364346,0.00783869531005621,0.04116106033325195,0.0042931875213980675,0.057978153228759766,0.1114872982725501
N30_L4_balanced_poisson_hS2,9,0.9,34,34,fixed_size_closest_dimension,fixed_size_4,30,4,"[8, 8, 7, 7]",balanced,poisson,1,2,4,"[[4, 4], [4, 4], [4, 3], [4, 3]]",8,"[2, 2, 2, 2]",24,337,0.9287833827893175,1012,33.733333333333334,,,,TIME_LIMIT,0.6213534162157763,23430.0,0.002875089645385742,0.009267701767385006,30.0001060962677,30.00942502822727,8.7,OPTIMAL,0.0,340.0,0.00015997886657714844,1.4893710613250732e-05,1.4893710613250732e-05,0.0,0.003683815710246563,0.04215192794799805,0.04589413106441498
N30_L4_balanced_poisson_hS2,9,0.9,34,34,threshold_closest_dimension,release_gap_threshold_5,30,4,"[8, 8, 7, 7]",balanced,poisson,1,2,4,"[[4, 4], [1, 4, 3], [4, 3], [3, 4]]",9,"[2, 3, 2, 2]",30,337,0.9109792284866469,708,23.6,,,,TIME_LIMIT,0.6213534162157763,23430.0,0.002875089645385742,0.009267701767385006,30.0001060962677,30.00942502822727,7.633333333333334,OPTIMAL,0.0,621.0,0.0006477832794189453,0.00010510813444852829,0.00010510813444852829,0.0,0.004490024410188198,0.06609487533569336,0.07073790114372969
N30_L4_balanced_poisson_hS2,10,0.25,253,253,proposed_bound_aware,min_Bidx_under_C_budget,30,4,"[8, 8, 7, 7]",balanced,poisson,1,2,4,"[[3, 1, 3, 1], [3, 2, 3], [1, 1, 3, 1, 1], [1, 1, 1, 2, 1, 1]]",18,"[4, 3, 5, 6]",119,337,0.6468842729970327,0,0.0,,,,TIME_LIMIT,0.6564372112825765,20755.0,0.003910064697265625,0.018022784031927586,30.00011706352234,30.01820657774806,8.233333333333333,OPTIMAL,0.0,68365.0,0.0013060569763183594,0.011079813353717327,0.007786004804074764,0.0031299591064453125,0.006084923632442951,16.17473006248474,16.191951568238437
N30_L4_balanced_poisson_hS2,10,0.25,253,253,fixed_size_closest_dimension,fixed_size_2,30,4,"[8, 8, 7, 7]",balanced,poisson,1,2,4,"[[2, 2, 2, 2], [2, 2, 2, 2], [2, 2, 2, 1], [2, 2, 2, 1]]",16,"[4, 4, 4, 4]",96,337,0.7151335311572701,610,20.333333333333332,,,,TIME_LIMIT,0.6564372112825765,20755.0,0.003910064697265625,0.018022784031927586,30.00011706352234,30.01820657774806,9.666666666666666,TIME_LIMIT,0.16724137931035032,118088.0,0.0012509822845458984,4.8102810978889465e-05,4.8102810978889465e-05,0.0,0.0061952220275998116,30.000164031982422,30.006466136313975
N30_L4_balanced_poisson_hS2,10,0.25,253,253,threshold_closest_dimension,release_gap_threshold_0,30,4,"[8, 8, 7, 7]",balanced,poisson,1,2,4,"[[1, 2, 1, 1, 1, 1, 1], [1, 2, 1, 1, 3], [1, 1, 2, 1, 1, 1], [1, 1, 1, 1, 1, 1, 1]]",25,"[7, 5, 6, 7]",233,337,0.3086053412462908,0,0.0,,,,TIME_LIMIT,0.6564372112825765,20755.0,0.003910064697265625,0.018022784031927586,30.00011706352234,30.01820657774806,8.9,TIME_LIMIT,0.5873922019929365,38327.0,0.002270221710205078,0.00010280497372150421,0.00010280497372150421,0.0,0.008568618446588516,30.000211000442505,30.008936281315982
N30_L4_balanced_poisson_hS2,10,0.5,168,168,proposed_bound_aware,min_Bidx_under_C_budget,30,4,"[8, 8, 7, 7]",balanced,poisson,1,2,4,"[[3, 1, 3, 1], [3, 2, 3], [1, 1, 3, 1, 1], [1, 1, 1, 2, 1, 1]]",18,"[4, 3, 5, 6]",119,337,0.6468842729970327,0,0.0,,,,TIME_LIMIT,0.6564372112825765,20755.0,0.003910064697265625,0.018022784031927586,30.00011706352234,30.01820657774806,8.233333333333333,OPTIMAL,0.0,68365.0,0.0013051033020019531,0.01128442119807005,0.008214641362428665,0.0029010772705078125,0.005825922824442387,16.19241499900818,16.209578653797507
N30_L4_balanced_poisson_hS2,10,0.5,168,168,fixed_size_closest_dimension,fixed_size_2,30,4,"[8, 8, 7, 7]",balanced,poisson,1,2,4,"[[2, 2, 2, 2], [2, 2, 2, 2], [2, 2, 2, 1], [2, 2, 2, 1]]",16,"[4, 4, 4, 4]",96,337,0.7151335311572701,610,20.333333333333332,,,,TIME_LIMIT,0.6564372112825765,20755.0,0.003910064697265625,0.018022784031927586,30.00011706352234,30.01820657774806,9.666666666666666,TIME_LIMIT,0.16568249284818976,118673.0,0.0011310577392578125,4.483666270971298e-05,4.483666270971298e-05,0.0,0.006089681759476662,30.00022792816162,30.006415266543627
N30_L4_balanced_poisson_hS2,10,0.5,168,168,threshold_closest_dimension,release_gap_threshold_1,30,4,"[8, 8, 7, 7]",balanced,poisson,1,2,4,"[[3, 1, 3, 1], [3, 2, 3], [1, 1, 3, 1, 1], [1, 1, 1, 2, 1, 1]]",18,"[4, 3, 5, 6]",119,337,0.6468842729970327,0,0.0,,,,TIME_LIMIT,0.6564372112825765,20755.0,0.003910064697265625,0.018022784031927586,30.00011706352234,30.01820657774806,8.233333333333333,OPTIMAL,0.0,68365.0,0.0012989044189453125,9.520445019006729e-05,9.520445019006729e-05,0.0,0.00670215766876936,16.147386074066162,16.15423665754497
N30_L4_balanced_poisson_hS2,10,0.75,84,84,proposed_bound_aware,min_Bidx_under_C_budget,30,4,"[8, 8, 7, 7]",balanced,poisson,1,2,4,"[[3, 1, 3, 1], [3, 2, 3], [1, 4, 1, 1], [2, 1, 2, 2]]",15,"[4, 3, 4, 4]",84,337,0.7507418397626113,75,2.5,,,,TIME_LIMIT,0.6564372112825765,20755.0,0.003910064697265625,0.018022784031927586,30.00011706352234,30.01820657774806,8.233333333333333,OPTIMAL,0.0,11809.0,0.0010330677032470703,0.011166573502123356,0.007755749858915806,0.0032329559326171875,0.005486389622092247,1.8551280498504639,1.8718332070857286
N30_L4_balanced_poisson_hS2,10,0.75,84,84,fixed_size_closest_dimension,fixed_size_3,30,4,"[8, 8, 7, 7]",balanced,poisson,1,2,4,"[[3, 3, 2], [3, 3, 2], [3, 3, 1], [3, 3, 1]]",12,"[3, 3, 3, 3]",54,337,0.8397626112759644,531,17.7,,,,TIME_LIMIT,0.6564372112825765,20755.0,0.003910064697265625,0.018022784031927586,30.00011706352234,30.01820657774806,9.333333333333334,OPTIMAL,0.0,5489.0,0.0007979869842529297,4.214327782392502e-05,4.214327782392502e-05,0.0,0.005498257465660572,0.7674140930175781,0.7730040242895484
N30_L4_balanced_poisson_hS2,10,0.75,84,84,threshold_closest_dimension,release_gap_threshold_2,30,4,"[8, 8, 7, 7]",balanced,poisson,1,2,4,"[[3, 1, 3, 1], [3, 4, 1], [1, 4, 1, 1], [2, 1, 2, 2]]",15,"[4, 3, 4, 4]",84,337,0.7507418397626113,98,3.2666666666666666,,,,TIME_LIMIT,0.6564372112825765,20755.0,0.003910064697265625,0.018022784031927586,30.00011706352234,30.01820657774806,8.233333333333333,OPTIMAL,0.0,13013.0,0.0011370182037353516,0.00010918546468019485,0.00010918546468019485,0.0,0.006227218545973301,1.7822721004486084,1.7886755811050534
N30_L4_balanced_poisson_hS2,10,0.9,34,34,proposed_bound_aware,min_Bidx_under_C_budget,30,4,"[8, 8, 7, 7]",balanced,poisson,1,2,4,"[[4, 4], [4, 4], [1, 4, 2], [3, 4]]",9,"[2, 2, 3, 2]",30,337,0.9109792284866469,574,19.133333333333333,,,,TIME_LIMIT,0.6564372112825765,20755.0,0.003910064697265625,0.018022784031927586,30.00011706352234,30.01820657774806,9.833333333333334,OPTIMAL,0.0,714.0,0.0007379055023193359,0.06295932363718748,0.007182582281529903,0.0556180477142334,0.0042466064915061,0.077239990234375,0.14449668023735285
N30_L4_balanced_poisson_hS2,10,0.9,34,34,fixed_size_closest_dimension,fixed_size_4,30,4,"[8, 8, 7, 7]",balanced,poisson,1,2,4,"[[4, 4], [4, 4], [4, 3], [4, 3]]",8,"[2, 2, 2, 2]",24,337,0.9287833827893175,786,26.2,,,,TIME_LIMIT,0.6564372112825765,20755.0,0.003910064697265625,0.018022784031927586,30.00011706352234,30.01820657774806,10.966666666666667,OPTIMAL,0.0,701.0,0.0005559921264648438,4.382617771625519e-05,4.382617771625519e-05,0.0,0.004686882719397545,0.06707286834716797,0.0718470448628068
N30_L4_balanced_poisson_hS2,10,0.9,34,34,threshold_closest_dimension,release_gap_threshold_4,30,4,"[8, 8, 7, 7]",balanced,poisson,1,2,4,"[[4, 4], [4, 4], [4, 3], [4, 1, 2]]",9,"[2, 2, 2, 3]",30,337,0.9109792284866469,663,22.1,,,,TIME_LIMIT,0.6564372112825765,20755.0,0.003910064697265625,0.018022784031927586,30.00011706352234,30.01820657774806,10.966666666666667,OPTIMAL,0.0,887.0,0.0006041526794433594,9.900890290737152e-05,9.900890290737152e-05,0.0,0.0038664620369672775,0.08609604835510254,0.09010395966470242
N30_L4_balanced_poisson_hS2,11,0.25,253,253,proposed_bound_aware,min_Bidx_under_C_budget,30,4,"[8, 8, 7, 7]",balanced,poisson,1,2,4,"[[1, 1, 1, 1, 2, 1, 1], [2, 3, 3], [3, 1, 3], [1, 2, 3, 1]]",17,"[7, 3, 3, 4]",103,337,0.6943620178041543,0,0.0,,,,TIME_LIMIT,0.6724026247941548,21855.0,0.0029659271240234375,0.009574217721819878,30.000126838684082,30.009756412357092,8.666666666666666,OPTIMAL,0.0,36524.0,0.0011620521545410156,0.01047469861805439,0.007232727482914925,0.003077983856201172,0.005564347840845585,10.55981993675232,10.575911413878202
N30_L4_balanced_poisson_hS2,11,0.25,253,253,fixed_size_closest_dimension,fixed_size_2,30,4,"[8, 8, 7, 7]",balanced,poisson,1,2,4,"[[2, 2, 2, 2], [2, 2, 2, 2], [2, 2, 2, 1], [2, 2, 2, 1]]",16,"[4, 4, 4, 4]",96,337,0.7151335311572701,405,13.5,,,,TIME_LIMIT,0.6724026247941548,21855.0,0.0029659271240234375,0.009574217721819878,30.000126838684082,30.009756412357092,9.2,OPTIMAL,0.0,60350.0,0.0010879039764404297,5.691591650247574e-05,5.691591650247574e-05,0.0,0.005742847919464111,17.164834022521973,17.170686188153923
N30_L4_balanced_poisson_hS2,11,0.25,253,253,threshold_closest_dimension,release_gap_threshold_0,30,4,"[8, 8, 7, 7]",balanced,poisson,1,2,4,"[[1, 1, 1, 1, 2, 1, 1], [1, 1, 1, 1, 2, 1, 1], [1, 2, 1, 1, 1, 1], [1, 2, 1, 1, 1, 1]]",26,"[7, 7, 6, 6]",253,337,0.24925816023738873,0,0.0,,,,TIME_LIMIT,0.6724026247941548,21855.0,0.0029659271240234375,0.009574217721819878,30.000126838684082,30.009756412357092,8.933333333333334,TIME_LIMIT,0.5860007003734974,30590.0,0.0023407936096191406,9.240023791790009e-05,9.240023791790009e-05,0.0,0.00869480799883604,30.000576972961426,30.00941768847406
N30_L4_balanced_poisson_hS2,11,0.5,168,168,proposed_bound_aware,min_Bidx_under_C_budget,30,4,"[8, 8, 7, 7]",balanced,poisson,1,2,4,"[[1, 1, 1, 1, 2, 1, 1], [2, 3, 3], [3, 1, 3], [1, 2, 3, 1]]",17,"[7, 3, 3, 4]",103,337,0.6943620178041543,0,0.0,,,,TIME_LIMIT,0.6724026247941548,21855.0,0.0029659271240234375,0.009574217721819878,30.000126838684082,30.009756412357092,8.666666666666666,OPTIMAL,0.0,36524.0,0.001155853271484375,0.011120764538645744,0.007759694941341877,0.003197193145751953,0.005447421222925186,10.59303092956543,10.609656991437078
N30_L4_balanced_poisson_hS2,11,0.5,168,168,fixed_size_closest_dimension,fixed_size_2,30,4,"[8, 8, 7, 7]",balanced,poisson,1,2,4,"[[2, 2, 2, 2], [2, 2, 2, 2], [2, 2, 2, 1], [2, 2, 2, 1]]",16,"[4, 4, 4, 4]",96,337,0.7151335311572701,405,13.5,,,,TIME_LIMIT,0.6724026247941548,21855.0,0.0029659271240234375,0.009574217721819878,30.000126838684082,30.009756412357092,9.2,OPTIMAL,0.0,60350.0,0.0010809898376464844,1.6065314412117004e-05,1.6065314412117004e-05,0.0,0.006107679568231106,17.225906133651733,17.232085711322725
N30_L4_balanced_poisson_hS2,11,0.5,168,168,threshold_closest_dimension,release_gap_threshold_1,30,4,"[8, 8, 7, 7]",balanced,poisson,1,2,4,"[[1, 1, 1, 1, 2, 1, 1], [2, 4, 2], [3, 1, 3], [1, 2, 3, 1]]",17,"[7, 3, 3, 4]",103,337,0.6943620178041543,0,0.0,,,,TIME_LIMIT,0.6724026247941548,21855.0,0.0029659271240234375,0.009574217721819878,30.000126838684082,30.009756412357092,8.666666666666666,OPTIMAL,0.0,36243.0,0.0014100074768066406,9.132828563451767e-05,9.132828563451767e-05,0.0,0.0066010234877467155,11.488099813461304,11.494849350303411
N30_L4_balanced_poisson_hS2,11,0.75,84,84,proposed_bound_aware,min_Bidx_under_C_budget,30,4,"[8, 8, 7, 7]",balanced,poisson,1,2,4,"[[1, 1, 1, 1, 2, 2], [2, 3, 3], [3, 1, 3], [1, 2, 4]]",15,"[6, 3, 3, 3]",81,337,0.7596439169139466,43,1.4333333333333333,,,,TIME_LIMIT,0.6724026247941548,21855.0,0.0029659271240234375,0.009574217721819878,30.000126838684082,30.009756412357092,8.666666666666666,OPTIMAL,0.0,21870.0,0.0009920597076416016,0.01559546496719122,0.007352078333497047,0.00807809829711914,0.004922477528452873,5.877121925354004,5.8976925779134035
N30_L4_balanced_poisson_hS2,11,0.75,84,84,fixed_size_closest_dimension,fixed_size_3,30,4,"[8, 8, 7, 7]",balanced,poisson,1,2,4,"[[3, 3, 2], [3, 3, 2], [3, 3, 1], [3, 3, 1]]",12,"[3, 3, 3, 3]",54,337,0.8397626112759644,433,14.433333333333334,,,,TIME_LIMIT,0.6724026247941548,21855.0,0.0029659271240234375,0.009574217721819878,30.000126838684082,30.009756412357092,8.666666666666666,OPTIMAL,0.0,3351.0,0.0008358955383300781,4.341546446084976e-05,4.341546446084976e-05,0.0,0.005630087107419968,0.38322997093200684,0.38895191345363855
N30_L4_balanced_poisson_hS2,11,0.75,84,84,threshold_closest_dimension,release_gap_threshold_2,30,4,"[8, 8, 7, 7]",balanced,poisson,1,2,4,"[[1, 1, 4, 2], [2, 4, 2], [3, 4], [1, 2, 4]]",12,"[4, 3, 2, 3]",53,337,0.8427299703264095,116,3.8666666666666667,,,,TIME_LIMIT,0.6724026247941548,21855.0,0.0029659271240234375,0.009574217721819878,30.000126838684082,30.009756412357092,8.666666666666666,OPTIMAL,0.0,4260.0,0.0008440017700195312,8.561927825212479e-05,8.561927825212479e-05,0.0,0.005269411951303482,0.4848940372467041,0.4903012039139867
N30_L4_balanced_poisson_hS2,11,0.9,34,34,proposed_bound_aware,min_Bidx_under_C_budget,30,4,"[8, 8, 7, 7]",balanced,poisson,1,2,4,"[[1, 3, 4], [4, 4], [3, 4], [3, 4]]",9,"[3, 2, 2, 2]",30,337,0.9109792284866469,330,11.0,,,,TIME_LIMIT,0.6724026247941548,21855.0,0.0029659271240234375,0.009574217721819878,30.000126838684082,30.009756412357092,8.666666666666666,OPTIMAL,0.0,886.0,0.0007710456848144531,0.03862396068871021,0.007053948938846588,0.03140902519226074,0.004182259552180767,0.0808708667755127,0.12372640240937471
N30_L4_balanced_poisson_hS2,11,0.9,34,34,fixed_size_closest_dimension,fixed_size_4,30,4,"[8, 8, 7, 7]",balanced,poisson,1,2,4,"[[4, 4], [4, 4], [4, 3], [4, 3]]",8,"[2, 2, 2, 2]",24,337,0.9287833827893175,609,20.3,,,,TIME_LIMIT,0.6724026247941548,21855.0,0.0029659271240234375,0.009574217721819878,30.000126838684082,30.009756412357092,10.266666666666667,OPTIMAL,0.0,675.0,0.0006170272827148438,4.111137241125107e-05,4.111137241125107e-05,0.0,0.00404723547399044,0.061018943786621094,0.06515075266361237
N30_L4_balanced_poisson_hS2,11,0.9,34,34,threshold_closest_dimension,release_gap_threshold_4,30,4,"[8, 8, 7, 7]",balanced,poisson,1,2,4,"[[1, 4, 3], [4, 4], [4, 3], [4, 3]]",9,"[3, 2, 2, 2]",30,337,0.9109792284866469,461,15.366666666666667,,,,TIME_LIMIT,0.6724026247941548,21855.0,0.0029659271240234375,0.009574217721819878,30.000126838684082,30.009756412357092,10.033333333333333,OPTIMAL,0.0,1402.0,0.0006649494171142578,8.252356201410294e-05,8.252356201410294e-05,0.0,0.004309883341193199,0.10963296890258789,0.11407077312469482
N30_L4_balanced_poisson_hS2,12,0.25,253,253,proposed_bound_aware,min_Bidx_under_C_budget,30,4,"[8, 8, 7, 7]",balanced,poisson,1,2,4,"[[1, 1, 1, 3, 1, 1], [2, 1, 1, 3, 1], [3, 1, 1, 2], [1, 2, 1, 1, 2]]",20,"[6, 5, 4, 5]",149,337,0.5578635014836796,0,0.0,,,,TIME_LIMIT,0.672364207615912,29981.0,0.0030069351196289062,0.009262805804610252,30.0001118183136,30.009426050819457,6.733333333333333,TIME_LIMIT,0.36633663366336916,155602.0,0.0015070438385009766,0.010860701091587543,0.007811803370714188,0.0028870105743408203,0.006463927216827869,30.000149965286255,30.01752793416381
N30_L4_balanced_poisson_hS2,12,0.25,253,253,fixed_size_closest_dimension,fixed_size_2,30,4,"[8, 8, 7, 7]",balanced,poisson,1,2,4,"[[2, 2, 2, 2], [2, 2, 2, 2], [2, 2, 2, 1], [2, 2, 2, 1]]",16,"[4, 4, 4, 4]",96,337,0.7151335311572701,733,24.433333333333334,,,,TIME_LIMIT,0.672364207615912,29981.0,0.0030069351196289062,0.009262805804610252,30.0001118183136,30.009426050819457,6.9,OPTIMAL,1.0235837383587738e-05,32409.0,0.0011410713195800781,4.488695412874222e-05,4.488695412874222e-05,0.0,0.006176702678203583,9.160594940185547,9.166876003146172
N30_L4_balanced_poisson_hS2,12,0.25,253,253,threshold_closest_dimension,release_gap_threshold_0,30,4,"[8, 8, 7, 7]",balanced,poisson,1,2,4,"[[1, 1, 1, 1, 2, 1, 1], [2, 1, 1, 1, 1, 1, 1], [2, 1, 1, 1, 2], [1, 1, 1, 1, 1, 2]]",25,"[7, 7, 5, 6]",233,337,0.3086053412462908,0,0.0,,,,TIME_LIMIT,0.672364207615912,29981.0,0.0030069351196289062,0.009262805804610252,30.0001118183136,30.009426050819457,7.133333333333334,TIME_LIMIT,0.613065026629562,50428.0,0.002250194549560547,0.00011864956468343735,0.00011864956468343735,0.0,0.008825554512441158,30.000154972076416,30.009151946753263
N30_L4_balanced_poisson_hS2,12,0.5,168,168,proposed_bound_aware,min_Bidx_under_C_budget,30,4,"[8, 8, 7, 7]",balanced,poisson,1,2,4,"[[1, 1, 1, 3, 1, 1], [2, 1, 1, 3, 1], [3, 1, 1, 2], [1, 2, 1, 1, 2]]",20,"[6, 5, 4, 5]",149,337,0.5578635014836796,0,0.0,,,,TIME_LIMIT,0.672364207615912,29981.0,0.0030069351196289062,0.009262805804610252,30.0001118183136,30.009426050819457,6.733333333333333,TIME_LIMIT,0.36564664763037286,158050.0,0.0015609264373779297,0.011086352169513702,0.007963842712342739,0.0029571056365966797,0.00689441803842783,30.00012993812561,30.01816573832184
N30_L4_balanced_poisson_hS2,12,0.5,168,168,fixed_size_closest_dimension,fixed_size_2,30,4,"[8, 8, 7, 7]",balanced,poisson,1,2,4,"[[2, 2, 2, 2], [2, 2, 2, 2], [2, 2, 2, 1], [2, 2, 2, 1]]",16,"[4, 4, 4, 4]",96,337,0.7151335311572701,733,24.433333333333334,,,,TIME_LIMIT,0.672364207615912,29981.0,0.0030069351196289062,0.009262805804610252,30.0001118183136,30.009426050819457,6.9,OPTIMAL,1.0235837383587738e-05,32409.0,0.0011150836944580078,3.5463832318782806e-05,3.5463832318782806e-05,0.0,0.005923540331423283,9.082508087158203,9.08852347265929
N30_L4_balanced_poisson_hS2,12,0.5,168,168,threshold_closest_dimension,release_gap_threshold_1,30,4,"[8, 8, 7, 7]",balanced,poisson,1,2,4,"[[1, 1, 1, 3, 1, 1], [2, 1, 1, 3, 1], [3, 1, 1, 2], [1, 2, 1, 1, 2]]",20,"[6, 5, 4, 5]",149,337,0.5578635014836796,0,0.0,,,,TIME_LIMIT,0.672364207615912,29981.0,0.0030069351196289062,0.009262805804610252,30.0001118183136,30.009426050819457,6.733333333333333,TIME_LIMIT,0.36563829231790695,158091.0,0.0015230178833007812,4.736240953207016e-05,4.736240953207016e-05,0.0,0.006595726124942303,30.00015616416931,30.00685211457312
N30_L4_balanced_poisson_hS2,12,0.75,84,84,proposed_bound_aware,min_Bidx_under_C_budget,30,4,"[8, 8, 7, 7]",balanced,poisson,1,2,4,"[[2, 1, 4, 1], [2, 1, 1, 4], [3, 4], [1, 2, 1, 1, 2]]",15,"[4, 4, 2, 5]",82,337,0.7566765578635015,143,4.766666666666667,,,,TIME_LIMIT,0.672364207615912,29981.0,0.0030069351196289062,0.009262805804610252,30.0001118183136,30.009426050819457,6.866666666666666,OPTIMAL,0.0,26589.0,0.001107931137084961,0.012769203633069992,0.007521725259721279,0.005079984664916992,0.005310664884746075,6.909840822219849,6.9279756443575025
N30_L4_balanced_poisson_hS2,12,0.75,84,84,fixed_size_closest_dimension,fixed_size_3,30,4,"[8, 8, 7, 7]",balanced,poisson,1,2,4,"[[3, 3, 2], [3, 3, 2], [3, 3, 1], [3, 3, 1]]",12,"[3, 3, 3, 3]",54,337,0.8397626112759644,1029,34.3,,,,TIME_LIMIT,0.672364207615912,29981.0,0.0030069351196289062,0.009262805804610252,30.0001118183136,30.009426050819457,6.933333333333334,OPTIMAL,0.0,1054.0,0.0001709461212158203,5.5062584578990936e-05,5.5062584578990936e-05,0.0,0.005381071008741856,0.1266789436340332,0.13216282706707716
N30_L4_balanced_poisson_hS2,12,0.75,84,84,threshold_closest_dimension,release_gap_threshold_3,30,4,"[8, 8, 7, 7]",balanced,poisson,1,2,4,"[[2, 1, 4, 1], [2, 4, 2], [3, 4], [1, 2, 1, 1, 2]]",14,"[4, 3, 2, 5]",71,337,0.7893175074183977,219,7.3,,,,TIME_LIMIT,0.672364207615912,29981.0,0.0030069351196289062,0.009262805804610252,30.0001118183136,30.009426050819457,6.7,OPTIMAL,0.0,10318.0,0.0009539127349853516,0.00011407304555177689,0.00011407304555177689,0.0,0.00458117201924324,1.3625030517578125,1.3672488536685705
N30_L4_balanced_poisson_hS2,12,0.9,34,34,proposed_bound_aware,min_Bidx_under_C_budget,30,4,"[8, 8, 7, 7]",balanced,poisson,1,2,4,"[[2, 4, 2], [4, 4], [3, 4], [4, 3]]",9,"[3, 2, 2, 2]",30,337,0.9109792284866469,759,25.3,,,,TIME_LIMIT,0.672364207615912,29981.0,0.0030069351196289062,0.009262805804610252,30.0001118183136,30.009426050819457,7.1,OPTIMAL,0.0,412.0,0.0006909370422363281,0.03798213042318821,0.0077417464926838875,0.03006291389465332,0.0047605037689208984,0.056860923767089844,0.09965246357023716
N30_L4_balanced_poisson_hS2,12,0.9,34,34,fixed_size_closest_dimension,fixed_size_4,30,4,"[8, 8, 7, 7]",balanced,poisson,1,2,4,"[[4, 4], [4, 4], [4, 3], [4, 3]]",8,"[2, 2, 2, 2]",24,337,0.9287833827893175,1087,36.233333333333334,,,,TIME_LIMIT,0.672364207615912,29981.0,0.0030069351196289062,0.009262805804610252,30.0001118183136,30.009426050819457,9.1,OPTIMAL,0.0,325.0,0.0005559921264648438,4.231370985507965e-05,4.231370985507965e-05,0.0,0.004262962378561497,0.03498101234436035,0.03933110926300287
N30_L4_balanced_poisson_hS2,12,0.9,34,34,threshold_closest_dimension,release_gap_threshold_8,30,4,"[8, 8, 7, 7]",balanced,poisson,1,2,4,"[[2, 4, 2], [4, 4], [4, 3], [4, 3]]",9,"[3, 2, 2, 2]",30,337,0.9109792284866469,815,27.166666666666668,,,,TIME_LIMIT,0.672364207615912,29981.0,0.0030069351196289062,0.009262805804610252,30.0001118183136,30.009426050819457,8.4,OPTIMAL,0.0,731.0,0.0005710124969482422,0.00012588128447532654,0.00012588128447532654,0.0,0.0042672473937273026,0.06694197654724121,0.07137820217758417
N30_L4_balanced_poisson_hS2,13,0.25,253,253,proposed_bound_aware,min_Bidx_under_C_budget,30,4,"[8, 8, 7, 7]",balanced,poisson,1,2,4,"[[3, 2, 1, 2], [1, 2, 4, 1], [2, 3, 1, 1], [1, 1, 2, 2, 1]]",17,"[4, 4, 4, 5]",108,337,0.6795252225519288,0,0.0,,,,TIME_LIMIT,0.6177949498249508,25608.0,0.003242969512939453,0.009622969664633274,30.00008487701416,30.009758450090885,6.7,OPTIMAL,0.0,34489.0,0.0013339519500732422,0.01109748799353838,0.007950772531330585,0.0029850006103515625,0.005647633224725723,11.77901291847229,11.795812184922397
N30_L4_balanced_poisson_hS2,13,0.25,253,253,fixed_size_closest_dimension,fixed_size_2,30,4,"[8, 8, 7, 7]",balanced,poisson,1,2,4,"[[2, 2, 2, 2], [2, 2, 2, 2], [2, 2, 2, 1], [2, 2, 2, 1]]",16,"[4, 4, 4, 4]",96,337,0.7151335311572701,376,12.533333333333333,,,,TIME_LIMIT,0.6177949498249508,25608.0,0.003242969512939453,0.009622969664633274,30.00008487701416,30.009758450090885,6.833333333333333,OPTIMAL,0.0,18553.0,0.0011620521545410156,4.287436604499817e-05,4.287436604499817e-05,0.0,0.006169612519443035,2.9021220207214355,2.9083860851824284
N30_L4_balanced_poisson_hS2,13,0.25,253,253,threshold_closest_dimension,release_gap_threshold_0,30,4,"[8, 8, 7, 7]",balanced,poisson,1,2,4,"[[1, 2, 2, 1, 2], [1, 1, 1, 1, 1, 2, 1], [1, 1, 1, 1, 1, 1, 1], [1, 1, 1, 1, 1, 1, 1]]",26,"[5, 7, 7, 7]",252,337,0.2522255192878338,0,0.0,,,,TIME_LIMIT,0.6177949498249508,25608.0,0.003242969512939453,0.009622969664633274,30.00008487701416,30.009758450090885,6.7,TIME_LIMIT,0.46510583542608064,45537.0,0.0026471614837646484,7.815845310688019e-05,7.815845310688019e-05,0.0,0.008687055669724941,30.000241994857788,30.009060772135854
N30_L4_balanced_poisson_hS2,13,0.5,168,168,proposed_bound_aware,min_Bidx_under_C_budget,30,4,"[8, 8, 7, 7]",balanced,poisson,1,2,4,"[[3, 2, 1, 2], [1, 2, 4, 1], [2, 3, 1, 1], [1, 1, 2, 2, 1]]",17,"[4, 4, 4, 5]",108,337,0.6795252225519288,0,0.0,,,,TIME_LIMIT,0.6177949498249508,25608.0,0.003242969512939453,0.009622969664633274,30.00008487701416,30.009758450090885,6.7,OPTIMAL,0.0,34489.0,0.001344919204711914,0.011410570703446865,0.007986977696418762,0.0032579898834228516,0.006028629839420319,11.789345979690552,11.806839347817004
N30_L4_balanced_poisson_hS2,13,0.5,168,168,fixed_size_closest_dimension,fixed_size_2,30,4,"[8, 8, 7, 7]",balanced,poisson,1,2,4,"[[2, 2, 2, 2], [2, 2, 2, 2], [2, 2, 2, 1], [2, 2, 2, 1]]",16,"[4, 4, 4, 4]",96,337,0.7151335311572701,376,12.533333333333333,,,,TIME_LIMIT,0.6177949498249508,25608.0,0.003242969512939453,0.009622969664633274,30.00008487701416,30.009758450090885,6.833333333333333,OPTIMAL,0.0,18553.0,0.0011501312255859375,4.309508949518204e-05,4.309508949518204e-05,0.0,0.006413991563022137,2.883178949356079,2.8896892108023167
N30_L4_balanced_poisson_hS2,13,0.5,168,168,threshold_closest_dimension,release_gap_threshold_1,30,4,"[8, 8, 7, 7]",balanced,poisson,1,2,4,"[[3, 2, 1, 2], [1, 2, 4, 1], [2, 3, 1, 1], [1, 1, 2, 2, 1]]",17,"[4, 4, 4, 5]",108,337,0.6795252225519288,0,0.0,,,,TIME_LIMIT,0.6177949498249508,25608.0,0.003242969512939453,0.009622969664633274,30.00008487701416,30.009758450090885,6.7,OPTIMAL,0.0,34489.0,0.0013349056243896484,9.179767221212387e-05,9.179767221212387e-05,0.0,0.0065200719982385635,11.787009954452515,11.793674788437784
N30_L4_balanced_poisson_hS2,13,0.75,84,84,proposed_bound_aware,min_Bidx_under_C_budget,30,4,"[8, 8, 7, 7]",balanced,poisson,1,2,4,"[[3, 2, 1, 2], [1, 2, 1, 4], [2, 4, 1], [1, 1, 2, 3]]",15,"[4, 4, 3, 4]",84,337,0.7507418397626113,45,1.5,,,,TIME_LIMIT,0.6177949498249508,25608.0,0.003242969512939453,0.009622969664633274,30.00008487701416,30.009758450090885,7.0,OPTIMAL,0.0,11427.0,0.0012450218200683594,0.014623857103288174,0.007866374216973782,0.00659489631652832,0.0048865629360079765,1.5292279720306396,1.548797033727169
N30_L4_balanced_poisson_hS2,13,0.75,84,84,fixed_size_closest_dimension,fixed_size_3,30,4,"[8, 8, 7, 7]",balanced,poisson,1,2,4,"[[3, 3, 2], [3, 3, 2], [3, 3, 1], [3, 3, 1]]",12,"[3, 3, 3, 3]",54,337,0.8397626112759644,375,12.5,,,,TIME_LIMIT,0.6177949498249508,25608.0,0.003242969512939453,0.009622969664633274,30.00008487701416,30.009758450090885,7.333333333333333,OPTIMAL,0.0,2548.0,0.0007889270782470703,1.6555190086364746e-05,1.6555190086364746e-05,0.0,0.005467099137604237,0.24304795265197754,0.24857810605317354
N30_L4_balanced_poisson_hS2,13,0.75,84,84,threshold_closest_dimension,release_gap_threshold_2,30,4,"[8, 8, 7, 7]",balanced,poisson,1,2,4,"[[4, 2, 2], [3, 4, 1], [4, 2, 1], [1, 1, 2, 3]]",13,"[3, 3, 3, 4]",63,337,0.8130563798219584,146,4.866666666666666,,,,TIME_LIMIT,0.6177949498249508,25608.0,0.003242969512939453,0.009622969664633274,30.00008487701416,30.009758450090885,6.833333333333333,OPTIMAL,0.0,4710.0,0.0009219646453857422,8.774269372224808e-05,8.774269372224808e-05,0.0,0.005332557484507561,0.5986790657043457,0.6041465941816568
N30_L4_balanced_poisson_hS2,13,0.9,34,34,proposed_bound_aware,min_Bidx_under_C_budget,30,4,"[8, 8, 7, 7]",balanced,poisson,1,2,4,"[[4, 4], [4, 4], [3, 4], [1, 3, 3]]",9,"[2, 2, 2, 3]",30,337,0.9109792284866469,446,14.866666666666667,,,,TIME_LIMIT,0.6177949498249508,25608.0,0.003242969512939453,0.009622969664633274,30.00008487701416,30.009758450090885,7.6,OPTIMAL,0.0,357.0,0.0007548332214355469,0.04848529025912285,0.00765743013471365,0.04066896438598633,0.004196931608021259,0.05237603187561035,0.1051071248948574
N30_L4_balanced_poisson_hS2,13,0.9,34,34,fixed_size_closest_dimension,fixed_size_4,30,4,"[8, 8, 7, 7]",balanced,poisson,1,2,4,"[[4, 4], [4, 4], [4, 3], [4, 3]]",8,"[2, 2, 2, 2]",24,337,0.9287833827893175,618,20.6,,,,TIME_LIMIT,0.6177949498249508,25608.0,0.003242969512939453,0.009622969664633274,30.00008487701416,30.009758450090885,6.833333333333333,OPTIMAL,0.0,151.0,0.0006029605865478516,4.246458411216736e-05,4.246458411216736e-05,0.0,0.004273436963558197,0.027971982955932617,0.03233137261122465
N30_L4_balanced_poisson_hS2,13,0.9,34,34,threshold_closest_dimension,release_gap_threshold_5,30,4,"[8, 8, 7, 7]",balanced,poisson,1,2,4,"[[4, 4], [4, 4], [4, 3], [1, 4, 2]]",9,"[2, 2, 2, 3]",30,337,0.9109792284866469,496,16.533333333333335,,,,TIME_LIMIT,0.6177949498249508,25608.0,0.003242969512939453,0.009622969664633274,30.00008487701416,30.009758450090885,6.833333333333333,OPTIMAL,0.0,244.0,0.0006618499755859375,2.9695220291614532e-05,2.9695220291614532e-05,0.0,0.003707742318511009,0.04500293731689453,0.04878372140228748
N30_L4_balanced_poisson_hS2,14,0.25,253,253,proposed_bound_aware,min_Bidx_under_C_budget,30,4,"[8, 8, 7, 7]",balanced,poisson,1,2,4,"[[2, 1, 2, 2, 1], [1, 3, 3, 1], [2, 3, 1, 1], [4, 1, 1, 1]]",17,"[5, 4, 4, 4]",108,337,0.6795252225519288,0,0.0,,,,TIME_LIMIT,0.6181115078979946,20547.0,0.002892017364501953,0.009302044287323952,30.0001699924469,30.00952280499041,8.1,OPTIMAL,0.0,34737.0,0.001294851303100586,0.010746068321168423,0.007243874482810497,0.003340005874633789,0.006222272291779518,10.391408920288086,10.408430757001042
N30_L4_balanced_poisson_hS2,14,0.25,253,253,fixed_size_closest_dimension,fixed_size_2,30,4,"[8, 8, 7, 7]",balanced,poisson,1,2,4,"[[2, 2, 2, 2], [2, 2, 2, 2], [2, 2, 2, 1], [2, 2, 2, 1]]",16,"[4, 4, 4, 4]",96,337,0.7151335311572701,329,10.966666666666667,,,,TIME_LIMIT,0.6181115078979946,20547.0,0.002892017364501953,0.009302044287323952,30.0001699924469,30.00952280499041,8.8,OPTIMAL,0.0,85354.0,0.0011088848114013672,1.5993602573871613e-05,1.5993602573871613e-05,0.0,0.005628424696624279,22.636627912521362,22.642327926121652
N30_L4_balanced_poisson_hS2,14,0.25,253,253,threshold_closest_dimension,release_gap_threshold_0,30,4,"[8, 8, 7, 7]",balanced,poisson,1,2,4,"[[2, 1, 2, 1, 1, 1], [1, 1, 1, 1, 1, 2, 1], [1, 1, 1, 2, 1, 1], [1, 1, 2, 1, 1, 1]]",25,"[6, 7, 6, 6]",234,337,0.3056379821958457,0,0.0,,,,TIME_LIMIT,0.6181115078979946,20547.0,0.002892017364501953,0.009302044287323952,30.0001699924469,30.00952280499041,8.233333333333333,TIME_LIMIT,0.4709791020994174,43847.0,0.0023000240325927734,9.968038648366928e-05,9.968038648366928e-05,0.0,0.008555065840482712,30.000160932540894,30.008869564160705
N30_L4_balanced_poisson_hS2,14,0.5,168,168,proposed_bound_aware,min_Bidx_under_C_budget,30,4,"[8, 8, 7, 7]",balanced,poisson,1,2,4,"[[2, 1, 2, 2, 1], [1, 3, 3, 1], [2, 3, 1, 1], [4, 1, 1, 1]]",17,"[5, 4, 4, 4]",108,337,0.6795252225519288,0,0.0,,,,TIME_LIMIT,0.6181115078979946,20547.0,0.002892017364501953,0.009302044287323952,30.0001699924469,30.00952280499041,8.1,OPTIMAL,0.0,34737.0,0.0012989044189453125,0.010558443143963814,0.0075393421575427055,0.002847909927368164,0.005578890442848206,10.376719951629639,10.392910507507622
N30_L4_balanced_poisson_hS2,14,0.5,168,168,fixed_size_closest_dimension,fixed_size_2,30,4,"[8, 8, 7, 7]",balanced,poisson,1,2,4,"[[2, 2, 2, 2], [2, 2, 2, 2], [2, 2, 2, 1], [2, 2, 2, 1]]",16,"[4, 4, 4, 4]",96,337,0.7151335311572701,329,10.966666666666667,,,,TIME_LIMIT,0.6181115078979946,20547.0,0.002892017364501953,0.009302044287323952,30.0001699924469,30.00952280499041,8.8,OPTIMAL,0.0,85354.0,0.0011107921600341797,4.249345511198044e-05,4.249345511198044e-05,0.0,0.006101218983530998,22.756319999694824,22.762515872716904
N30_L4_balanced_poisson_hS2,14,0.5,168,168,threshold_closest_dimension,release_gap_threshold_1,30,4,"[8, 8, 7, 7]",balanced,poisson,1,2,4,"[[2, 1, 2, 2, 1], [1, 3, 3, 1], [2, 3, 1, 1], [4, 1, 1, 1]]",17,"[5, 4, 4, 4]",108,337,0.6795252225519288,0,0.0,,,,TIME_LIMIT,0.6181115078979946,20547.0,0.002892017364501953,0.009302044287323952,30.0001699924469,30.00952280499041,8.1,OPTIMAL,0.0,34737.0,0.0013279914855957031,0.00011388212442398071,0.00011388212442398071,0.0,0.005848857574164867,10.381478071212769,10.387497470714152
N30_L4_balanced_poisson_hS2,14,0.75,84,84,proposed_bound_aware,min_Bidx_under_C_budget,30,4,"[8, 8, 7, 7]",balanced,poisson,1,2,4,"[[2, 1, 2, 3], [1, 3, 4], [2, 3, 1, 1], [4, 1, 1, 1]]",15,"[4, 3, 4, 4]",84,337,0.7507418397626113,42,1.4,,,,TIME_LIMIT,0.6181115078979946,20547.0,0.002892017364501953,0.009302044287323952,30.0001699924469,30.00952280499041,8.1,OPTIMAL,0.0,19739.0,0.0011210441589355469,0.010618834756314754,0.0074864719063043594,0.0029659271240234375,0.005069981329143047,3.3514010906219482,3.367141135968268
N30_L4_balanced_poisson_hS2,14,0.75,84,84,fixed_size_closest_dimension,fixed_size_3,30,4,"[8, 8, 7, 7]",balanced,poisson,1,2,4,"[[3, 3, 2], [3, 3, 2], [3, 3, 1], [3, 3, 1]]",12,"[3, 3, 3, 3]",54,337,0.8397626112759644,712,23.733333333333334,,,,TIME_LIMIT,0.6181115078979946,20547.0,0.002892017364501953,0.009302044287323952,30.0001699924469,30.00952280499041,9.1,OPTIMAL,0.0,2788.0,0.0008020401000976562,4.3014995753765106e-05,4.3014995753765106e-05,0.0,0.005159375257790089,0.2644979953765869,0.26974775921553373
N30_L4_balanced_poisson_hS2,14,0.75,84,84,threshold_closest_dimension,release_gap_threshold_2,30,4,"[8, 8, 7, 7]",balanced,poisson,1,2,4,"[[2, 4, 2], [1, 4, 3], [4, 2, 1], [4, 1, 1, 1]]",13,"[3, 3, 3, 4]",63,337,0.8130563798219584,163,5.433333333333334,,,,TIME_LIMIT,0.6181115078979946,20547.0,0.002892017364501953,0.009302044287323952,30.0001699924469,30.00952280499041,8.1,OPTIMAL,0.0,5640.0,0.0008971691131591797,9.652599692344666e-05,9.652599692344666e-05,0.0,0.004819121211767197,0.8358409404754639,0.84080521017313
N30_L4_balanced_poisson_hS2,14,0.9,34,34,proposed_bound_aware,min_Bidx_under_C_budget,30,4,"[8, 8, 7, 7]",balanced,poisson,1,2,4,"[[2, 3, 3], [4, 4], [3, 4], [4, 3]]",9,"[3, 2, 2, 2]",30,337,0.9109792284866469,424,14.133333333333333,,,,TIME_LIMIT,0.6181115078979946,20547.0,0.002892017364501953,0.009302044287323952,30.0001699924469,30.00952280499041,8.8,OPTIMAL,0.0,1063.0,0.0007719993591308594,0.04252163786441088,0.0072877611964941025,0.035070180892944336,0.004289151169359684,0.0914912223815918,0.13835296593606472
N30_L4_balanced_poisson_hS2,14,0.9,34,34,fixed_size_closest_dimension,fixed_size_4,30,4,"[8, 8, 7, 7]",balanced,poisson,1,2,4,"[[4, 4], [4, 4], [4, 3], [4, 3]]",8,"[2, 2, 2, 2]",24,337,0.9287833827893175,781,26.033333333333335,,,,TIME_LIMIT,0.6181115078979946,20547.0,0.002892017364501953,0.009302044287323952,30.0001699924469,30.00952280499041,9.366666666666667,OPTIMAL,0.0,397.0,0.0006189346313476562,4.115235060453415e-05,4.115235060453415e-05,0.0,0.00432528555393219,0.04883599281311035,0.053246243856847286
N30_L4_balanced_poisson_hS2,14,0.9,34,34,threshold_closest_dimension,release_gap_threshold_6,30,4,"[8, 8, 7, 7]",balanced,poisson,1,2,4,"[[2, 4, 2], [4, 4], [4, 3], [4, 3]]",9,"[3, 2, 2, 2]",30,337,0.9109792284866469,447,14.9,,,,TIME_LIMIT,0.6181115078979946,20547.0,0.002892017364501953,0.009302044287323952,30.0001699924469,30.00952280499041,8.8,OPTIMAL,0.0,836.0,0.0006377696990966797,3.3049844205379486e-05,3.3049844205379486e-05,0.0,0.0037331106141209602,0.08410382270812988,0.08791440539062023
N30_L4_balanced_poisson_hS2,15,0.25,253,253,proposed_bound_aware,min_Bidx_under_C_budget,30,4,"[8, 8, 7, 7]",balanced,poisson,1,2,4,"[[1, 1, 2, 3, 1], [1, 1, 3, 2, 1], [3, 4], [4, 1, 1, 1]]",16,"[5, 5, 2, 4]",93,337,0.7240356083086054,0,0.0,,,,TIME_LIMIT,0.6665723786632566,19476.0,0.003883838653564453,0.018164477311074734,30.000147819519043,30.01837967708707,9.366666666666667,OPTIMAL,0.0,28614.0,0.001232147216796875,0.011685687117278576,0.008082613348960876,0.0034329891204833984,0.005751039832830429,9.011595010757446,9.029087293893099
N30_L4_balanced_poisson_hS2,15,0.25,253,253,fixed_size_closest_dimension,fixed_size_2,30,4,"[8, 8, 7, 7]",balanced,poisson,1,2,4,"[[2, 2, 2, 2], [2, 2, 2, 2], [2, 2, 2, 1], [2, 2, 2, 1]]",16,"[4, 4, 4, 4]",96,337,0.7151335311572701,483,16.1,,,,TIME_LIMIT,0.6665723786632566,19476.0,0.003883838653564453,0.018164477311074734,30.000147819519043,30.01837967708707,10.133333333333333,TIME_LIMIT,0.23303788681945375,101394.0,0.0011370182037353516,2.0180828869342804e-05,2.0180828869342804e-05,0.0,0.005644368939101696,30.000190019607544,30.0059087658301
N30_L4_balanced_poisson_hS2,15,0.25,253,253,threshold_closest_dimension,release_gap_threshold_0,30,4,"[8, 8, 7, 7]",balanced,poisson,1,2,4,"[[1, 1, 1, 1, 1, 2, 1], [1, 1, 3, 1, 1, 1], [1, 2, 1, 2, 1], [1, 2, 1, 1, 1, 1]]",24,"[7, 6, 5, 6]",215,337,0.3620178041543027,0,0.0,,,,TIME_LIMIT,0.6665723786632566,19476.0,0.003883838653564453,0.018164477311074734,30.000147819519043,30.01837967708707,9.6,TIME_LIMIT,0.5685960923141941,47341.0,0.0021309852600097656,4.499778151512146e-05,4.499778151512146e-05,0.0,0.007949401624500751,30.000513076782227,30.008562135510147
N30_L4_balanced_poisson_hS2,15,0.5,168,168,proposed_bound_aware,min_Bidx_under_C_budget,30,4,"[8, 8, 7, 7]",balanced,poisson,1,2,4,"[[1, 1, 2, 3, 1], [1, 1, 3, 2, 1], [3, 4], [4, 1, 1, 1]]",16,"[5, 5, 2, 4]",93,337,0.7240356083086054,0,0.0,,,,TIME_LIMIT,0.6665723786632566,19476.0,0.003883838653564453,0.018164477311074734,30.000147819519043,30.01837967708707,9.366666666666667,OPTIMAL,0.0,28614.0,0.0012090206146240234,0.010524092242121696,0.0074188802391290665,0.0029380321502685547,0.005745702423155308,9.259030103683472,9.275353751145303
N30_L4_balanced_poisson_hS2,15,0.5,168,168,fixed_size_closest_dimension,fixed_size_2,30,4,"[8, 8, 7, 7]",balanced,poisson,1,2,4,"[[2, 2, 2, 2], [2, 2, 2, 2], [2, 2, 2, 1], [2, 2, 2, 1]]",16,"[4, 4, 4, 4]",96,337,0.7151335311572701,483,16.1,,,,TIME_LIMIT,0.6665723786632566,19476.0,0.003883838653564453,0.018164477311074734,30.000147819519043,30.01837967708707,10.133333333333333,TIME_LIMIT,0.23282163742690934,101460.0,0.001155853271484375,4.5037828385829926e-05,4.5037828385829926e-05,0.0,0.00605474878102541,30.000123023986816,30.006278490647674
N30_L4_balanced_poisson_hS2,15,0.5,168,168,threshold_closest_dimension,release_gap_threshold_1,30,4,"[8, 8, 7, 7]",balanced,poisson,1,2,4,"[[1, 1, 2, 3, 1], [1, 1, 3, 2, 1], [3, 4], [4, 1, 1, 1]]",16,"[5, 5, 2, 4]",93,337,0.7240356083086054,0,0.0,,,,TIME_LIMIT,0.6665723786632566,19476.0,0.003883838653564453,0.018164477311074734,30.000147819519043,30.01837967708707,9.366666666666667,OPTIMAL,0.0,28614.0,0.0012469291687011719,4.15826216340065e-05,4.15826216340065e-05,0.0,0.0056349141523242,9.056267976760864,9.062000568956137
N30_L4_balanced_poisson_hS2,15,0.75,84,84,proposed_bound_aware,min_Bidx_under_C_budget,30,4,"[8, 8, 7, 7]",balanced,poisson,1,2,4,"[[1, 1, 2, 4], [1, 1, 3, 2, 1], [3, 4], [4, 1, 1, 1]]",15,"[4, 5, 2, 4]",82,337,0.7566765578635015,21,0.7,,,,TIME_LIMIT,0.6665723786632566,19476.0,0.003883838653564453,0.018164477311074734,30.000147819519043,30.01837967708707,9.366666666666667,OPTIMAL,0.0,25938.0,0.0011708736419677734,0.011073322035372257,0.007779994979500771,0.0031299591064453125,0.004947575740516186,7.9466729164123535,7.9627474853768945
N30_L4_balanced_poisson_hS2,15,0.75,84,84,fixed_size_closest_dimension,fixed_size_3,30,4,"[8, 8, 7, 7]",balanced,poisson,1,2,4,"[[3, 3, 2], [3, 3, 2], [3, 3, 1], [3, 3, 1]]",12,"[3, 3, 3, 3]",54,337,0.8397626112759644,555,18.5,,,,TIME_LIMIT,0.6665723786632566,19476.0,0.003883838653564453,0.018164477311074734,30.000147819519043,30.01837967708707,10.033333333333333,OPTIMAL,0.0,5181.0,0.0008649826049804688,3.6003999412059784e-05,3.6003999412059784e-05,0.0,0.005200328305363655,0.6245980262756348,0.6298845363780856
N30_L4_balanced_poisson_hS2,15,0.75,84,84,threshold_closest_dimension,release_gap_threshold_2,30,4,"[8, 8, 7, 7]",balanced,poisson,1,2,4,"[[1, 1, 2, 4], [4, 3, 1], [3, 4], [4, 1, 1, 1]]",13,"[4, 3, 2, 4]",62,337,0.8160237388724035,97,3.2333333333333334,,,,TIME_LIMIT,0.6665723786632566,19476.0,0.003883838653564453,0.018164477311074734,30.000147819519043,30.01837967708707,9.9,OPTIMAL,0.0,9493.0,0.0009348392486572266,0.0001003015786409378,0.0001003015786409378,0.0,0.005163202062249184,1.248370885848999,1.2536855600774288
N30_L4_balanced_poisson_hS2,15,0.9,34,34,proposed_bound_aware,min_Bidx_under_C_budget,30,4,"[8, 8, 7, 7]",balanced,poisson,1,2,4,"[[4, 4], [4, 4], [3, 4], [4, 1, 2]]",9,"[2, 2, 2, 3]",30,337,0.9109792284866469,326,10.866666666666667,,,,TIME_LIMIT,0.6665723786632566,19476.0,0.003883838653564453,0.018164477311074734,30.000147819519043,30.01837967708707,10.3,OPTIMAL,0.0,1821.0,0.0007710456848144531,0.022526968270540237,0.0072841765359044075,0.01508188247680664,0.003955666907131672,0.14750099182128906,0.1740353973582387
N30_L4_balanced_poisson_hS2,15,0.9,34,34,fixed_size_closest_dimension,fixed_size_4,30,4,"[8, 8, 7, 7]",balanced,poisson,1,2,4,"[[4, 4], [4, 4], [4, 3], [4, 3]]",8,"[2, 2, 2, 2]",24,337,0.9287833827893175,609,20.3,,,,TIME_LIMIT,0.6665723786632566,19476.0,0.003883838653564453,0.018164477311074734,30.000147819519043,30.01837967708707,10.3,OPTIMAL,0.0,689.0,0.0006299018859863281,4.1311606764793396e-05,4.1311606764793396e-05,0.0,0.004184503108263016,0.06254386901855469,0.06681342422962189
N30_L4_balanced_poisson_hS2,15,0.9,34,34,threshold_closest_dimension,release_gap_threshold_4,30,4,"[8, 8, 7, 7]",balanced,poisson,1,2,4,"[[4, 4], [4, 4], [3, 4], [4, 1, 2]]",9,"[2, 2, 2, 3]",30,337,0.9109792284866469,326,10.866666666666667,,,,TIME_LIMIT,0.6665723786632566,19476.0,0.003883838653564453,0.018164477311074734,30.000147819519043,30.01837967708707,10.3,OPTIMAL,0.0,1821.0,0.0006730556488037109,9.583495557308197e-05,9.583495557308197e-05,0.0,0.004141287878155708,0.14713788032531738,0.15141946636140347
N30_L4_balanced_poisson_hS2,16,0.25,253,253,proposed_bound_aware,min_Bidx_under_C_budget,30,4,"[8, 8, 7, 7]",balanced,poisson,1,2,4,"[[1, 2, 2, 2, 1], [1, 2, 1, 2, 1, 1], [1, 4, 2], [4, 3]]",16,"[5, 6, 3, 2]",91,337,0.7299703264094956,0,0.0,,,,TIME_LIMIT,0.5648522609261852,20539.0,0.003108978271484375,0.00978085957467556,30.000077962875366,30.009916397742927,7.366666666666666,OPTIMAL,0.0,14150.0,0.0011441707611083984,0.01107080839574337,0.007910521700978279,0.0029888153076171875,0.005695515312254429,1.981821060180664,1.9986420013010502
N30_L4_balanced_poisson_hS2,16,0.25,253,253,fixed_size_closest_dimension,fixed_size_2,30,4,"[8, 8, 7, 7]",balanced,poisson,1,2,4,"[[2, 2, 2, 2], [2, 2, 2, 2], [2, 2, 2, 1], [2, 2, 2, 1]]",16,"[4, 4, 4, 4]",96,337,0.7151335311572701,657,21.9,,,,TIME_LIMIT,0.5648522609261852,20539.0,0.003108978271484375,0.00978085957467556,30.000077962875366,30.009916397742927,7.366666666666666,OPTIMAL,0.0,10440.0,0.0010581016540527344,1.6856007277965546e-05,1.6856007277965546e-05,0.0,0.005676968023180962,1.5513122081756592,1.557063927873969
N30_L4_balanced_poisson_hS2,16,0.25,253,253,threshold_closest_dimension,release_gap_threshold_0,30,4,"[8, 8, 7, 7]",balanced,poisson,1,2,4,"[[1, 2, 2, 1, 1, 1], [1, 1, 1, 1, 1, 1, 1, 1], [1, 1, 1, 2, 2], [1, 1, 2, 2, 1]]",24,"[6, 8, 5, 5]",213,337,0.36795252225519287,0,0.0,,,,TIME_LIMIT,0.5648522609261852,20539.0,0.003108978271484375,0.00978085957467556,30.000077962875366,30.009916397742927,7.366666666666666,TIME_LIMIT,0.3872155663968281,48442.0,0.0020890235900878906,0.0001154756173491478,0.0001154756173491478,0.0,0.008493123576045036,30.000135898590088,30.008802372962236
N30_L4_balanced_poisson_hS2,16,0.5,168,168,proposed_bound_aware,min_Bidx_under_C_budget,30,4,"[8, 8, 7, 7]",balanced,poisson,1,2,4,"[[1, 2, 2, 2, 1], [1, 2, 1, 2, 1, 1], [1, 4, 2], [4, 3]]",16,"[5, 6, 3, 2]",91,337,0.7299703264094956,0,0.0,,,,TIME_LIMIT,0.5648522609261852,20539.0,0.003108978271484375,0.00978085957467556,30.000077962875366,30.009916397742927,7.366666666666666,OPTIMAL,0.0,14150.0,0.0011799335479736328,0.010434125550091267,0.007274762727320194,0.0029680728912353516,0.006170093081891537,1.979551076889038,1.9962108386680484
N30_L4_balanced_poisson_hS2,16,0.5,168,168,fixed_size_closest_dimension,fixed_size_2,30,4,"[8, 8, 7, 7]",balanced,poisson,1,2,4,"[[2, 2, 2, 2], [2, 2, 2, 2], [2, 2, 2, 1], [2, 2, 2, 1]]",16,"[4, 4, 4, 4]",96,337,0.7151335311572701,657,21.9,,,,TIME_LIMIT,0.5648522609261852,20539.0,0.003108978271484375,0.00978085957467556,30.000077962875366,30.009916397742927,7.366666666666666,OPTIMAL,0.0,10440.0,0.0010690689086914062,1.6344711184501648e-05,1.6344711184501648e-05,0.0,0.005643677897751331,1.5477170944213867,1.5534310825169086
N30_L4_balanced_poisson_hS2,16,0.5,168,168,threshold_closest_dimension,release_gap_threshold_1,30,4,"[8, 8, 7, 7]",balanced,poisson,1,2,4,"[[1, 2, 2, 2, 1], [1, 2, 1, 2, 1, 1], [1, 4, 2], [4, 3]]",16,"[5, 6, 3, 2]",91,337,0.7299703264094956,0,0.0,,,,TIME_LIMIT,0.5648522609261852,20539.0,0.003108978271484375,0.00978085957467556,30.000077962875366,30.009916397742927,7.366666666666666,OPTIMAL,0.0,14150.0,0.0011379718780517578,0.00010336562991142273,0.00010336562991142273,0.0,0.005689235404133797,1.9814238548278809,1.9872719701379538
N30_L4_balanced_poisson_hS2,16,0.75,84,84,proposed_bound_aware,min_Bidx_under_C_budget,30,4,"[8, 8, 7, 7]",balanced,poisson,1,2,4,"[[1, 2, 2, 2, 1], [1, 2, 1, 2, 2], [1, 4, 2], [4, 3]]",15,"[5, 5, 3, 2]",81,337,0.7596439169139466,21,0.7,,,,TIME_LIMIT,0.5648522609261852,20539.0,0.003108978271484375,0.00978085957467556,30.000077962875366,30.009916397742927,7.366666666666666,OPTIMAL,0.0,17003.0,0.0010619163513183594,0.010884956456720829,0.007836470380425453,0.0028829574584960938,0.0053898636251688,5.889628887176514,5.905957440845668
N30_L4_balanced_poisson_hS2,16,0.75,84,84,fixed_size_closest_dimension,fixed_size_3,30,4,"[8, 8, 7, 7]",balanced,poisson,1,2,4,"[[3, 3, 2], [3, 3, 2], [3, 3, 1], [3, 3, 1]]",12,"[3, 3, 3, 3]",54,337,0.8397626112759644,547,18.233333333333334,,,,TIME_LIMIT,0.5648522609261852,20539.0,0.003108978271484375,0.00978085957467556,30.000077962875366,30.009916397742927,7.366666666666666,OPTIMAL,0.0,1076.0,0.0007898807525634766,1.6343779861927032e-05,1.6343779861927032e-05,0.0,0.005525519140064716,0.11633491516113281,0.12192354537546635
N30_L4_balanced_poisson_hS2,16,0.75,84,84,threshold_closest_dimension,release_gap_threshold_2,30,4,"[8, 8, 7, 7]",balanced,poisson,1,2,4,"[[1, 2, 2, 2, 1], [1, 2, 3, 2], [1, 4, 2], [4, 3]]",14,"[5, 4, 3, 2]",71,337,0.7893175074183977,45,1.5,,,,TIME_LIMIT,0.5648522609261852,20539.0,0.003108978271484375,0.00978085957467556,30.000077962875366,30.009916397742927,7.366666666666666,OPTIMAL,0.0,6211.0,0.00096893310546875,0.0001050485298037529,0.0001050485298037529,0.0,0.0047345347702503204,0.9403219223022461,0.9452105248346925
N30_L4_balanced_poisson_hS2,16,0.9,34,34,proposed_bound_aware,min_Bidx_under_C_budget,30,4,"[8, 8, 7, 7]",balanced,poisson,1,2,4,"[[4, 4], [4, 4], [1, 4, 2], [4, 3]]",9,"[2, 2, 3, 2]",30,337,0.9109792284866469,487,16.233333333333334,,,,TIME_LIMIT,0.5648522609261852,20539.0,0.003108978271484375,0.00978085957467556,30.000077962875366,30.009916397742927,7.366666666666666,OPTIMAL,0.0,228.0,0.0006680488586425781,0.03467855881899595,0.007261971943080425,0.027252197265625,0.004297262988984585,0.04107308387756348,0.08009490184485912
N30_L4_balanced_poisson_hS2,16,0.9,34,34,fixed_size_closest_dimension,fixed_size_4,30,4,"[8, 8, 7, 7]",balanced,poisson,1,2,4,"[[4, 4], [4, 4], [4, 3], [4, 3]]",8,"[2, 2, 2, 2]",24,337,0.9287833827893175,703,23.433333333333334,,,,TIME_LIMIT,0.5648522609261852,20539.0,0.003108978271484375,0.00978085957467556,30.000077962875366,30.009916397742927,7.366666666666666,OPTIMAL,0.0,162.0,0.00015616416931152344,4.1522085666656494e-05,4.1522085666656494e-05,0.0,0.004131182096898556,0.027851104736328125,0.03206709213554859
N30_L4_balanced_poisson_hS2,16,0.9,34,34,threshold_closest_dimension,release_gap_threshold_5,30,4,"[8, 8, 7, 7]",balanced,poisson,1,2,4,"[[4, 4], [4, 4], [1, 4, 2], [4, 3]]",9,"[2, 2, 3, 2]",30,337,0.9109792284866469,487,16.233333333333334,,,,TIME_LIMIT,0.5648522609261852,20539.0,0.003108978271484375,0.00978085957467556,30.000077962875366,30.009916397742927,7.366666666666666,OPTIMAL,0.0,228.0,0.000659942626953125,3.2998621463775635e-05,3.2998621463775635e-05,0.0,0.004408841021358967,0.041192054748535156,0.045676556415855885
N30_L4_balanced_poisson_hS2,17,0.25,253,253,proposed_bound_aware,min_Bidx_under_C_budget,30,4,"[8, 8, 7, 7]",balanced,poisson,1,2,4,"[[1, 1, 1, 2, 3], [2, 1, 1, 4], [2, 2, 1, 2], [2, 1, 1, 1, 1, 1]]",19,"[5, 4, 4, 6]",134,337,0.6023738872403561,0,0.0,,,,TIME_LIMIT,0.700732924819199,21791.0,0.002907991409301758,0.009809843264520168,30.000096082687378,30.009958372451365,8.866666666666667,TIME_LIMIT,0.445153582964281,99293.0,0.0016019344329833984,0.010458823293447495,0.007400332018733025,0.0028939247131347656,0.006667193956673145,30.000162839889526,30.017343007959425
N30_L4_balanced_poisson_hS2,17,0.25,253,253,fixed_size_closest_dimension,fixed_size_2,30,4,"[8, 8, 7, 7]",balanced,poisson,1,2,4,"[[2, 2, 2, 2], [2, 2, 2, 2], [2, 2, 2, 1], [2, 2, 2, 1]]",16,"[4, 4, 4, 4]",96,337,0.7151335311572701,452,15.066666666666666,,,,TIME_LIMIT,0.700732924819199,21791.0,0.002907991409301758,0.009809843264520168,30.000096082687378,30.009958372451365,8.9,TIME_LIMIT,0.29588014981274524,108858.0,0.0011668205261230469,4.2603351175785065e-05,4.2603351175785065e-05,0.0,0.006237374618649483,30.000126838684082,30.00646424293518
N30_L4_balanced_poisson_hS2,17,0.25,253,253,threshold_closest_dimension,release_gap_threshold_0,30,4,"[8, 8, 7, 7]",balanced,poisson,1,2,4,"[[1, 1, 1, 1, 1, 3], [1, 1, 1, 1, 3, 1], [1, 1, 1, 1, 1, 1, 1], [2, 1, 1, 1, 1, 1]]",25,"[6, 6, 7, 6]",234,337,0.3056379821958457,0,0.0,,,,TIME_LIMIT,0.700732924819199,21791.0,0.002907991409301758,0.009809843264520168,30.000096082687378,30.009958372451365,8.833333333333334,TIME_LIMIT,0.6079911001545669,31730.0,0.0023810863494873047,4.2854808270931244e-05,4.2854808270931244e-05,0.0,0.008587675169110298,30.00016498565674,30.008850849233568
N30_L4_balanced_poisson_hS2,17,0.5,168,168,proposed_bound_aware,min_Bidx_under_C_budget,30,4,"[8, 8, 7, 7]",balanced,poisson,1,2,4,"[[1, 1, 1, 2, 3], [2, 1, 1, 4], [2, 2, 1, 2], [2, 1, 1, 1, 1, 1]]",19,"[5, 4, 4, 6]",134,337,0.6023738872403561,0,0.0,,,,TIME_LIMIT,0.700732924819199,21791.0,0.002907991409301758,0.009809843264520168,30.000096082687378,30.009958372451365,8.866666666666667,TIME_LIMIT,0.4441215191412279,100242.0,0.001603841781616211,0.010823523625731468,0.007688838057219982,0.0029659271240234375,0.0061882492154836655,30.00014591217041,30.017213579267263
N30_L4_balanced_poisson_hS2,17,0.5,168,168,fixed_size_closest_dimension,fixed_size_2,30,4,"[8, 8, 7, 7]",balanced,poisson,1,2,4,"[[2, 2, 2, 2], [2, 2, 2, 2], [2, 2, 2, 1], [2, 2, 2, 1]]",16,"[4, 4, 4, 4]",96,337,0.7151335311572701,452,15.066666666666666,,,,TIME_LIMIT,0.700732924819199,21791.0,0.002907991409301758,0.009809843264520168,30.000096082687378,30.009958372451365,8.9,TIME_LIMIT,0.2958798709769247,109176.0,0.001191854476928711,4.4337473809719086e-05,4.4337473809719086e-05,0.0,0.006523427553474903,30.00012493133545,30.00675002951175
N30_L4_balanced_poisson_hS2,17,0.5,168,168,threshold_closest_dimension,release_gap_threshold_1,30,4,"[8, 8, 7, 7]",balanced,poisson,1,2,4,"[[1, 1, 1, 2, 3], [2, 1, 1, 4], [2, 2, 1, 2], [2, 1, 1, 1, 1, 1]]",19,"[5, 4, 4, 6]",134,337,0.6023738872403561,0,0.0,,,,TIME_LIMIT,0.700732924819199,21791.0,0.002907991409301758,0.009809843264520168,30.000096082687378,30.009958372451365,8.866666666666667,TIME_LIMIT,0.4445408473485033,99902.0,0.0016040802001953125,4.344619810581207e-05,4.344619810581207e-05,0.0,0.007190253585577011,30.000142097473145,30.007431062869728
N30_L4_balanced_poisson_hS2,17,0.75,84,84,proposed_bound_aware,min_Bidx_under_C_budget,30,4,"[8, 8, 7, 7]",balanced,poisson,1,2,4,"[[1, 4, 3], [2, 1, 1, 4], [2, 3, 2], [2, 1, 1, 1, 2]]",15,"[3, 4, 3, 5]",83,337,0.7537091988130564,121,4.033333333333333,,,,TIME_LIMIT,0.700732924819199,21791.0,0.002907991409301758,0.009809843264520168,30.000096082687378,30.009958372451365,8.4,OPTIMAL,0.0,45028.0,0.0010988712310791016,0.02373236883431673,0.007802899926900864,0.015752077102661133,0.005004270933568478,10.036468982696533,10.065263158641756
N30_L4_balanced_poisson_hS2,17,0.75,84,84,fixed_size_closest_dimension,fixed_size_3,30,4,"[8, 8, 7, 7]",balanced,poisson,1,2,4,"[[3, 3, 2], [3, 3, 2], [3, 3, 1], [3, 3, 1]]",12,"[3, 3, 3, 3]",54,337,0.8397626112759644,798,26.6,,,,TIME_LIMIT,0.700732924819199,21791.0,0.002907991409301758,0.009809843264520168,30.000096082687378,30.009958372451365,9.0,OPTIMAL,0.0,4453.0,0.0008289813995361328,4.208367317914963e-05,4.208367317914963e-05,0.0,0.005307449027895927,0.6685020923614502,0.6739031970500946
N30_L4_balanced_poisson_hS2,17,0.75,84,84,threshold_closest_dimension,release_gap_threshold_3,30,4,"[8, 8, 7, 7]",balanced,poisson,1,2,4,"[[4, 1, 3], [2, 4, 2], [4, 3], [2, 1, 1, 3]]",12,"[3, 3, 2, 4]",53,337,0.8427299703264095,348,11.6,,,,TIME_LIMIT,0.700732924819199,21791.0,0.002907991409301758,0.009809843264520168,30.000096082687378,30.009958372451365,9.6,OPTIMAL,0.0,15802.0,0.000823974609375,0.00012026261538267136,0.00012026261538267136,0.0,0.005133425816893578,1.8516027927398682,1.8569100545719266
N30_L4_balanced_poisson_hS2,17,0.9,34,34,proposed_bound_aware,min_Bidx_under_C_budget,30,4,"[8, 8, 7, 7]",balanced,poisson,1,2,4,"[[1, 4, 3], [4, 4], [4, 3], [4, 3]]",9,"[3, 2, 2, 2]",30,337,0.9109792284866469,598,19.933333333333334,,,,TIME_LIMIT,0.700732924819199,21791.0,0.002907991409301758,0.009809843264520168,30.000096082687378,30.009958372451365,9.1,OPTIMAL,0.0,616.0,0.0008060932159423828,0.0425115842372179,0.00751849077641964,0.03483104705810547,0.004245555028319359,0.06700515747070312,0.11381375975906849
N30_L4_balanced_poisson_hS2,17,0.9,34,34,fixed_size_closest_dimension,fixed_size_4,30,4,"[8, 8, 7, 7]",balanced,poisson,1,2,4,"[[4, 4], [4, 4], [4, 3], [4, 3]]",8,"[2, 2, 2, 2]",24,337,0.9287833827893175,798,26.6,,,,TIME_LIMIT,0.700732924819199,21791.0,0.002907991409301758,0.009809843264520168,30.000096082687378,30.009958372451365,9.766666666666667,OPTIMAL,0.0,529.0,0.0006129741668701172,4.212278872728348e-05,4.212278872728348e-05,0.0,0.004034627228975296,0.06520581245422363,0.06932546850293875
N30_L4_balanced_poisson_hS2,17,0.9,34,34,threshold_closest_dimension,release_gap_threshold_6,30,4,"[8, 8, 7, 7]",balanced,poisson,1,2,4,"[[4, 1, 3], [4, 4], [4, 3], [4, 3]]",9,"[3, 2, 2, 2]",30,337,0.9109792284866469,625,20.833333333333332,,,,TIME_LIMIT,0.700732924819199,21791.0,0.002907991409301758,0.009809843264520168,30.000096082687378,30.009958372451365,9.633333333333333,OPTIMAL,0.0,1187.0,0.0006630420684814453,0.00010315608233213425,0.00010315608233213425,0.0,0.004421359859406948,0.10121703147888184,0.10578564926981926
N30_L4_balanced_poisson_hS2,18,0.25,253,253,proposed_bound_aware,min_Bidx_under_C_budget,30,4,"[8, 8, 7, 7]",balanced,poisson,1,2,4,"[[1, 1, 1, 2, 3], [1, 1, 2, 1, 1, 1, 1], [2, 1, 1, 1, 1, 1], [3, 2, 2]]",21,"[5, 7, 6, 3]",161,337,0.5222551928783383,0,0.0,,,,TIME_LIMIT,0.60316654560663,27929.0,0.0030879974365234375,0.009990345686674118,30.00014019012451,30.01018341910094,6.4,TIME_LIMIT,0.39386892291285963,69680.0,0.0016999244689941406,0.011113671585917473,0.00760387908667326,0.0033431053161621094,0.0062909554690122604,30.000154972076416,30.01761427987367
N30_L4_balanced_poisson_hS2,18,0.25,253,253,fixed_size_closest_dimension,fixed_size_2,30,4,"[8, 8, 7, 7]",balanced,poisson,1,2,4,"[[2, 2, 2, 2], [2, 2, 2, 2], [2, 2, 2, 1], [2, 2, 2, 1]]",16,"[4, 4, 4, 4]",96,337,0.7151335311572701,647,21.566666666666666,,,,TIME_LIMIT,0.60316654560663,27929.0,0.0030879974365234375,0.009990345686674118,30.00014019012451,30.01018341910094,6.4,OPTIMAL,0.0,25692.0,0.0011589527130126953,4.377774894237518e-05,4.377774894237518e-05,0.0,0.006501392461359501,8.271805047988892,8.278406329452991
N30_L4_balanced_poisson_hS2,18,0.25,253,253,threshold_closest_dimension,release_gap_threshold_1,30,4,"[8, 8, 7, 7]",balanced,poisson,1,2,4,"[[1, 1, 1, 2, 3], [1, 1, 2, 1, 1, 1, 1], [2, 1, 1, 1, 1, 1], [4, 1, 2]]",21,"[5, 7, 6, 3]",161,337,0.5222551928783383,0,0.0,,,,TIME_LIMIT,0.60316654560663,27929.0,0.0030879974365234375,0.009990345686674118,30.00014019012451,30.01018341910094,6.4,TIME_LIMIT,0.3976003190055121,64219.0,0.0018188953399658203,0.00011959020048379898,0.00011959020048379898,0.0,0.007271056063473225,30.00049090385437,30.007936528883874
N30_L4_balanced_poisson_hS2,18,0.5,168,168,proposed_bound_aware,min_Bidx_under_C_budget,30,4,"[8, 8, 7, 7]",balanced,poisson,1,2,4,"[[1, 1, 1, 2, 3], [1, 1, 2, 1, 1, 1, 1], [2, 1, 1, 1, 1, 1], [3, 2, 2]]",21,"[5, 7, 6, 3]",161,337,0.5222551928783383,0,0.0,,,,TIME_LIMIT,0.60316654560663,27929.0,0.0030879974365234375,0.009990345686674118,30.00014019012451,30.01018341910094,6.4,TIME_LIMIT,0.3939613526570009,69647.0,0.0018467903137207031,0.011461307294666767,0.007743540219962597,0.0035550594329833984,0.007080177776515484,30.000161170959473,30.018761397339404
N30_L4_balanced_poisson_hS2,18,0.5,168,168,fixed_size_closest_dimension,fixed_size_2,30,4,"[8, 8, 7, 7]",balanced,poisson,1,2,4,"[[2, 2, 2, 2], [2, 2, 2, 2], [2, 2, 2, 1], [2, 2, 2, 1]]",16,"[4, 4, 4, 4]",96,337,0.7151335311572701,647,21.566666666666666,,,,TIME_LIMIT,0.60316654560663,27929.0,0.0030879974365234375,0.009990345686674118,30.00014019012451,30.01018341910094,6.4,OPTIMAL,0.0,25692.0,0.0011470317840576172,1.6655772924423218e-05,1.6655772924423218e-05,0.0,0.0057463012635707855,8.404469013214111,8.410290303640068
N30_L4_balanced_poisson_hS2,18,0.5,168,168,threshold_closest_dimension,release_gap_threshold_1,30,4,"[8, 8, 7, 7]",balanced,poisson,1,2,4,"[[1, 1, 1, 2, 3], [1, 1, 2, 1, 1, 1, 1], [2, 1, 1, 1, 1, 1], [4, 1, 2]]",21,"[5, 7, 6, 3]",161,337,0.5222551928783383,0,0.0,,,,TIME_LIMIT,0.60316654560663,27929.0,0.0030879974365234375,0.009990345686674118,30.00014019012451,30.01018341910094,6.4,TIME_LIMIT,0.39878211445987444,63374.0,0.001964092254638672,5.0086528062820435e-05,5.0086528062820435e-05,0.0,0.0076345158740878105,30.000141143798828,30.00788468401879
N30_L4_balanced_poisson_hS2,18,0.75,84,84,proposed_bound_aware,min_Bidx_under_C_budget,30,4,"[8, 8, 7, 7]",balanced,poisson,1,2,4,"[[1, 1, 1, 2, 3], [2, 2, 2, 2], [3, 1, 3], [2, 3, 2]]",15,"[5, 4, 3, 3]",83,337,0.7537091988130564,165,5.5,,,,TIME_LIMIT,0.60316654560663,27929.0,0.0030879974365234375,0.009990345686674118,30.00014019012451,30.01018341910094,6.8,OPTIMAL,0.0,34926.0,0.001007080078125,0.01817732583731413,0.007490477524697781,0.010519981384277344,0.005442203022539616,10.094290018081665,10.117963966913521
N30_L4_balanced_poisson_hS2,18,0.75,84,84,fixed_size_closest_dimension,fixed_size_3,30,4,"[8, 8, 7, 7]",balanced,poisson,1,2,4,"[[3, 3, 2], [3, 3, 2], [3, 3, 1], [3, 3, 1]]",12,"[3, 3, 3, 3]",54,337,0.8397626112759644,807,26.9,,,,TIME_LIMIT,0.60316654560663,27929.0,0.0030879974365234375,0.009990345686674118,30.00014019012451,30.01018341910094,7.266666666666667,OPTIMAL,0.0,1565.0,0.0008440017700195312,4.284363240003586e-05,4.284363240003586e-05,0.0,0.005066915415227413,0.1574549674987793,0.16261315997689962
N30_L4_balanced_poisson_hS2,18,0.75,84,84,threshold_closest_dimension,release_gap_threshold_3,30,4,"[8, 8, 7, 7]",balanced,poisson,1,2,4,"[[1, 1, 1, 4, 1], [2, 2, 4], [4, 3], [4, 1, 2]]",13,"[5, 3, 2, 3]",61,337,0.8189910979228486,311,10.366666666666667,,,,TIME_LIMIT,0.60316654560663,27929.0,0.0030879974365234375,0.009990345686674118,30.00014019012451,30.01018341910094,6.8,OPTIMAL,0.0,7590.0,0.0008981227874755859,0.00011258013546466827,0.00011258013546466827,0.0,0.004666079767048359,1.1234869956970215,1.1283163474872708
N30_L4_balanced_poisson_hS2,18,0.9,34,34,proposed_bound_aware,min_Bidx_under_C_budget,30,4,"[8, 8, 7, 7]",balanced,poisson,1,2,4,"[[3, 2, 3], [4, 4], [3, 4], [4, 3]]",9,"[3, 2, 2, 2]",30,337,0.9109792284866469,725,24.166666666666668,,,,TIME_LIMIT,0.60316654560663,27929.0,0.0030879974365234375,0.009990345686674118,30.00014019012451,30.01018341910094,7.266666666666667,OPTIMAL,0.0,398.0,0.0007808208465576172,0.052472133189439774,0.007548005320131779,0.044754981994628906,0.004512728191912174,0.05042886734008789,0.10746580641716719
N30_L4_balanced_poisson_hS2,18,0.9,34,34,fixed_size_closest_dimension,fixed_size_4,30,4,"[8, 8, 7, 7]",balanced,poisson,1,2,4,"[[4, 4], [4, 4], [4, 3], [4, 3]]",8,"[2, 2, 2, 2]",24,337,0.9287833827893175,989,32.96666666666667,,,,TIME_LIMIT,0.60316654560663,27929.0,0.0030879974365234375,0.009990345686674118,30.00014019012451,30.01018341910094,7.533333333333333,OPTIMAL,0.0,192.0,0.00016617774963378906,4.130322486162186e-05,4.130322486162186e-05,0.0,0.004026873968541622,0.0361630916595459,0.040275915525853634
N30_L4_balanced_poisson_hS2,18,0.9,34,34,threshold_closest_dimension,release_gap_threshold_7,30,4,"[8, 8, 7, 7]",balanced,poisson,1,2,4,"[[3, 4, 1], [4, 4], [4, 3], [4, 3]]",9,"[3, 2, 2, 2]",30,337,0.9109792284866469,775,25.833333333333332,,,,TIME_LIMIT,0.60316654560663,27929.0,0.0030879974365234375,0.009990345686674118,30.00014019012451,30.01018341910094,7.533333333333333,OPTIMAL,0.0,484.0,0.0007219314575195312,0.00011177826672792435,0.00011177826672792435,0.0,0.004623735323548317,0.05633997917175293,0.061124665662646294
N30_L4_balanced_poisson_hS2,19,0.25,253,253,proposed_bound_aware,min_Bidx_under_C_budget,30,4,"[8, 8, 7, 7]",balanced,poisson,1,2,4,"[[4, 1, 3], [1, 4, 3], [1, 2, 3, 1], [1, 1, 1, 1, 2, 1]]",16,"[3, 3, 4, 6]",93,337,0.7240356083086054,0,0.0,,,,TIME_LIMIT,0.6633832547885862,19015.0,0.0031321048736572266,0.01025382336229086,30.000198125839233,30.010509630665183,9.166666666666666,OPTIMAL,0.0,22899.0,0.0012238025665283203,0.011604152619838715,0.008190886117517948,0.0032439231872558594,0.00565500371158123,3.6042280197143555,3.6215428607538342
N30_L4_balanced_poisson_hS2,19,0.25,253,253,fixed_size_closest_dimension,fixed_size_2,30,4,"[8, 8, 7, 7]",balanced,poisson,1,2,4,"[[2, 2, 2, 2], [2, 2, 2, 2], [2, 2, 2, 1], [2, 2, 2, 1]]",16,"[4, 4, 4, 4]",96,337,0.7151335311572701,453,15.1,,,,TIME_LIMIT,0.6633832547885862,19015.0,0.0031321048736572266,0.01025382336229086,30.000198125839233,30.010509630665183,10.266666666666667,OPTIMAL,1.802549631820098e-05,73229.0,0.0011382102966308594,4.318542778491974e-05,4.318542778491974e-05,0.0,0.0061075882986187935,22.12572407722473,22.131928762421012
N30_L4_balanced_poisson_hS2,19,0.25,253,253,threshold_closest_dimension,release_gap_threshold_0,30,4,"[8, 8, 7, 7]",balanced,poisson,1,2,4,"[[1, 1, 2, 1, 2, 1], [1, 1, 1, 1, 1, 2, 1], [1, 2, 1, 2, 1], [1, 1, 1, 1, 1, 1, 1]]",25,"[6, 7, 5, 7]",233,337,0.3086053412462908,0,0.0,,,,TIME_LIMIT,0.6633832547885862,19015.0,0.0031321048736572266,0.01025382336229086,30.000198125839233,30.010509630665183,9.9,TIME_LIMIT,0.5351170612530661,40024.0,0.002312183380126953,9.999237954616547e-05,9.999237954616547e-05,0.0,0.008650491014122963,30.0002281665802,30.009033306501806
N30_L4_balanced_poisson_hS2,19,0.5,168,168,proposed_bound_aware,min_Bidx_under_C_budget,30,4,"[8, 8, 7, 7]",balanced,poisson,1,2,4,"[[4, 1, 3], [1, 4, 3], [1, 2, 3, 1], [1, 1, 1, 1, 2, 1]]",16,"[3, 3, 4, 6]",93,337,0.7240356083086054,0,0.0,,,,TIME_LIMIT,0.6633832547885862,19015.0,0.0031321048736572266,0.01025382336229086,30.000198125839233,30.010509630665183,9.166666666666666,OPTIMAL,0.0,22899.0,0.0012238025665283203,0.011088293977081776,0.007797181606292725,0.003123044967651367,0.005636567249894142,3.551104784011841,3.5678863590583205
N30_L4_balanced_poisson_hS2,19,0.5,168,168,fixed_size_closest_dimension,fixed_size_2,30,4,"[8, 8, 7, 7]",balanced,poisson,1,2,4,"[[2, 2, 2, 2], [2, 2, 2, 2], [2, 2, 2, 1], [2, 2, 2, 1]]",16,"[4, 4, 4, 4]",96,337,0.7151335311572701,453,15.1,,,,TIME_LIMIT,0.6633832547885862,19015.0,0.0031321048736572266,0.01025382336229086,30.000198125839233,30.010509630665183,10.266666666666667,OPTIMAL,1.802549631820098e-05,73229.0,0.0011630058288574219,4.230346530675888e-05,4.230346530675888e-05,0.0,0.00637836754322052,21.43824601173401,21.444721205160022
N30_L4_balanced_poisson_hS2,19,0.5,168,168,threshold_closest_dimension,release_gap_threshold_1,30,4,"[8, 8, 7, 7]",balanced,poisson,1,2,4,"[[4, 1, 3], [1, 4, 3], [1, 4, 1, 1], [1, 1, 1, 1, 2, 1]]",16,"[3, 3, 4, 6]",93,337,0.7240356083086054,0,0.0,,,,TIME_LIMIT,0.6633832547885862,19015.0,0.0031321048736572266,0.01025382336229086,30.000198125839233,30.010509630665183,9.166666666666666,OPTIMAL,0.0,20605.0,0.0012280941009521484,3.9429403841495514e-05,3.9429403841495514e-05,0.0,0.005578229203820229,3.204360008239746,3.2100385846570134
N30_L4_balanced_poisson_hS2,19,0.75,84,84,proposed_bound_aware,min_Bidx_under_C_budget,30,4,"[8, 8, 7, 7]",balanced,poisson,1,2,4,"[[4, 1, 3], [1, 4, 3], [1, 4, 2], [1, 1, 1, 1, 2, 1]]",15,"[3, 3, 3, 6]",81,337,0.7596439169139466,22,0.7333333333333333,,,,TIME_LIMIT,0.6633832547885862,19015.0,0.0031321048736572266,0.01025382336229086,30.000198125839233,30.010509630665183,9.166666666666666,OPTIMAL,0.0,19959.0,0.0010879039764404297,0.012422800064086914,0.007469956763088703,0.004786968231201172,0.004787133075296879,3.2408339977264404,3.2580975787714124
N30_L4_balanced_poisson_hS2,19,0.75,84,84,fixed_size_closest_dimension,fixed_size_3,30,4,"[8, 8, 7, 7]",balanced,poisson,1,2,4,"[[3, 3, 2], [3, 3, 2], [3, 3, 1], [3, 3, 1]]",12,"[3, 3, 3, 3]",54,337,0.8397626112759644,553,18.433333333333334,,,,TIME_LIMIT,0.6633832547885862,19015.0,0.0031321048736572266,0.01025382336229086,30.000198125839233,30.010509630665183,10.266666666666667,OPTIMAL,0.0,3491.0,0.0008120536804199219,3.620516508817673e-05,3.620516508817673e-05,0.0,0.0054789381101727486,0.3484010696411133,0.3539650347083807
N30_L4_balanced_poisson_hS2,19,0.75,84,84,threshold_closest_dimension,release_gap_threshold_2,30,4,"[8, 8, 7, 7]",balanced,poisson,1,2,4,"[[4, 1, 3], [1, 4, 3], [1, 4, 2], [1, 2, 1, 2, 1]]",14,"[3, 3, 3, 5]",72,337,0.7863501483679525,48,1.6,,,,TIME_LIMIT,0.6633832547885862,19015.0,0.0031321048736572266,0.01025382336229086,30.000198125839233,30.010509630665183,9.166666666666666,OPTIMAL,0.0,7695.0,0.0010111331939697266,9.75271686911583e-05,9.75271686911583e-05,0.0,0.0054995594546198845,0.8791279792785645,0.8847748013213277
N30_L4_balanced_poisson_hS2,19,0.9,34,34,proposed_bound_aware,min_Bidx_under_C_budget,30,4,"[8, 8, 7, 7]",balanced,poisson,1,2,4,"[[4, 1, 3], [4, 4], [4, 3], [4, 3]]",9,"[3, 2, 2, 2]",30,337,0.9109792284866469,424,14.133333333333333,,,,TIME_LIMIT,0.6633832547885862,19015.0,0.0031321048736572266,0.01025382336229086,30.000198125839233,30.010509630665183,10.266666666666667,OPTIMAL,0.0,888.0,0.0008080005645751953,0.049036270938813686,0.00768470112234354,0.041192054748535156,0.004623706452548504,0.08211088180541992,0.13582167960703373
N30_L4_balanced_poisson_hS2,19,0.9,34,34,fixed_size_closest_dimension,fixed_size_4,30,4,"[8, 8, 7, 7]",balanced,poisson,1,2,4,"[[4, 4], [4, 4], [4, 3], [4, 3]]",8,"[2, 2, 2, 2]",24,337,0.9287833827893175,547,18.233333333333334,,,,TIME_LIMIT,0.6633832547885862,19015.0,0.0031321048736572266,0.01025382336229086,30.000198125839233,30.010509630665183,10.266666666666667,OPTIMAL,0.0,580.0,0.0006229877471923828,4.0782615542411804e-05,4.0782615542411804e-05,0.0,0.003822474740445614,0.06436491012573242,0.06827253755182028
N30_L4_balanced_poisson_hS2,19,0.9,34,34,threshold_closest_dimension,release_gap_threshold_4,30,4,"[8, 8, 7, 7]",balanced,poisson,1,2,4,"[[4, 1, 3], [4, 4], [4, 3], [4, 3]]",9,"[3, 2, 2, 2]",30,337,0.9109792284866469,424,14.133333333333333,,,,TIME_LIMIT,0.6633832547885862,19015.0,0.0031321048736572266,0.01025382336229086,30.000198125839233,30.010509630665183,10.266666666666667,OPTIMAL,0.0,888.0,0.0006628036499023438,3.3389776945114136e-05,3.3389776945114136e-05,0.0,0.0037549939006567,0.08068585395812988,0.08452354092150927
N30_L4_balanced_poisson_hS2,20,0.25,253,253,proposed_bound_aware,min_Bidx_under_C_budget,30,4,"[8, 8, 7, 7]",balanced,poisson,1,2,4,"[[3, 2, 2, 1], [1, 1, 1, 1, 1, 1, 2], [3, 4], [1, 2, 1, 1, 1, 1]]",19,"[4, 7, 2, 6]",128,337,0.6201780415430267,0,0.0,,,,TIME_LIMIT,0.6711037814129336,20283.0,0.003810882568359375,0.017963793128728867,30.000085830688477,30.01811886858195,9.466666666666667,TIME_LIMIT,0.2568309859155355,82272.0,0.001641988754272461,0.011413144879043102,0.007602225989103317,0.0036330223083496094,0.006205776706337929,30.000138998031616,30.017818743363023
N30_L4_balanced_poisson_hS2,20,0.25,253,253,fixed_size_closest_dimension,fixed_size_2,30,4,"[8, 8, 7, 7]",balanced,poisson,1,2,4,"[[2, 2, 2, 2], [2, 2, 2, 2], [2, 2, 2, 1], [2, 2, 2, 1]]",16,"[4, 4, 4, 4]",96,337,0.7151335311572701,483,16.1,,,,TIME_LIMIT,0.6711037814129336,20283.0,0.003810882568359375,0.017963793128728867,30.000085830688477,30.01811886858195,9.4,OPTIMAL,0.0,67285.0,0.0011088848114013672,4.9795955419540405e-05,4.9795955419540405e-05,0.0,0.006112336181104183,20.799909830093384,20.806126267649233
N30_L4_balanced_poisson_hS2,20,0.25,253,253,threshold_closest_dimension,release_gap_threshold_0,30,4,"[8, 8, 7, 7]",balanced,poisson,1,2,4,"[[1, 1, 1, 1, 1, 1, 1, 1], [1, 1, 1, 1, 1, 1, 1, 1], [2, 1, 3, 1], [1, 2, 1, 1, 1, 1]]",26,"[8, 8, 4, 6]",248,337,0.26409495548961426,0,0.0,,,,TIME_LIMIT,0.6711037814129336,20283.0,0.003810882568359375,0.017963793128728867,30.000085830688477,30.01811886858195,9.433333333333334,TIME_LIMIT,0.5723248637228114,32504.0,0.0023140907287597656,9.316951036453247e-05,9.316951036453247e-05,0.0,0.008474474772810936,30.000432014465332,30.009053573943675
N30_L4_balanced_poisson_hS2,20,0.5,168,168,proposed_bound_aware,min_Bidx_under_C_budget,30,4,"[8, 8, 7, 7]",balanced,poisson,1,2,4,"[[3, 2, 2, 1], [1, 1, 1, 1, 1, 1, 2], [3, 4], [1, 2, 1, 1, 1, 1]]",19,"[4, 7, 2, 6]",128,337,0.6201780415430267,0,0.0,,,,TIME_LIMIT,0.6711037814129336,20283.0,0.003810882568359375,0.017963793128728867,30.000085830688477,30.01811886858195,9.466666666666667,TIME_LIMIT,0.2541115456083387,83291.0,0.001455068588256836,0.011479626409709454,0.007634935900568962,0.003679990768432617,0.006119357421994209,30.000205993652344,30.017858861014247
N30_L4_balanced_poisson_hS2,20,0.5,168,168,fixed_size_closest_dimension,fixed_size_2,30,4,"[8, 8, 7, 7]",balanced,poisson,1,2,4,"[[2, 2, 2, 2], [2, 2, 2, 2], [2, 2, 2, 1], [2, 2, 2, 1]]",16,"[4, 4, 4, 4]",96,337,0.7151335311572701,483,16.1,,,,TIME_LIMIT,0.6711037814129336,20283.0,0.003810882568359375,0.017963793128728867,30.000085830688477,30.01811886858195,9.4,OPTIMAL,0.0,67285.0,0.0011179447174072266,6.235390901565552e-05,6.235390901565552e-05,0.0,0.0061093708500266075,20.73902201652527,20.745248606428504
N30_L4_balanced_poisson_hS2,20,0.5,168,168,threshold_closest_dimension,release_gap_threshold_1,30,4,"[8, 8, 7, 7]",balanced,poisson,1,2,4,"[[3, 2, 2, 1], [1, 1, 1, 1, 1, 1, 2], [4, 3], [1, 2, 1, 1, 1, 1]]",19,"[4, 7, 2, 6]",128,337,0.6201780415430267,0,0.0,,,,TIME_LIMIT,0.6711037814129336,20283.0,0.003810882568359375,0.017963793128728867,30.000085830688477,30.01811886858195,9.433333333333334,TIME_LIMIT,0.2783309072752735,74463.0,0.0014760494232177734,3.966968506574631e-05,3.966968506574631e-05,0.0,0.006180638447403908,30.000534057617188,30.006808381527662
N30_L4_balanced_poisson_hS2,20,0.75,84,84,proposed_bound_aware,min_Bidx_under_C_budget,30,4,"[8, 8, 7, 7]",balanced,poisson,1,2,4,"[[3, 2, 3], [1, 1, 1, 1, 1, 3], [3, 4], [1, 2, 1, 3]]",15,"[3, 6, 2, 4]",80,337,0.7626112759643917,88,2.933333333333333,,,,TIME_LIMIT,0.6711037814129336,20283.0,0.003810882568359375,0.017963793128728867,30.000085830688477,30.01811886858195,9.533333333333333,OPTIMAL,0.0,57370.0,0.001233816146850586,0.050294182263314724,0.007187290117144585,0.04294705390930176,0.005568123422563076,15.79628300666809,15.852203681133687
N30_L4_balanced_poisson_hS2,20,0.75,84,84,fixed_size_closest_dimension,fixed_size_3,30,4,"[8, 8, 7, 7]",balanced,poisson,1,2,4,"[[3, 3, 2], [3, 3, 2], [3, 3, 1], [3, 3, 1]]",12,"[3, 3, 3, 3]",54,337,0.8397626112759644,481,16.033333333333335,,,,TIME_LIMIT,0.6711037814129336,20283.0,0.003810882568359375,0.017963793128728867,30.000085830688477,30.01811886858195,9.4,OPTIMAL,0.0,3684.0,0.0008170604705810547,4.224386066198349e-05,4.224386066198349e-05,0.0,0.005044972524046898,0.5190989971160889,0.5242350548505783
N30_L4_balanced_poisson_hS2,20,0.75,84,84,threshold_closest_dimension,release_gap_threshold_2,30,4,"[8, 8, 7, 7]",balanced,poisson,1,2,4,"[[4, 1, 3], [2, 2, 4], [4, 3], [1, 2, 4]]",11,"[3, 3, 2, 3]",45,337,0.8664688427299704,212,7.066666666666666,,,,TIME_LIMIT,0.6711037814129336,20283.0,0.003810882568359375,0.017963793128728867,30.000085830688477,30.01811886858195,9.533333333333333,OPTIMAL,0.0,7487.0,0.000782012939453125,9.775813668966293e-05,9.775813668966293e-05,0.0,0.004689767025411129,0.8178889751434326,0.8227258706465364
N30_L4_balanced_poisson_hS2,20,0.9,34,34,proposed_bound_aware,min_Bidx_under_C_budget,30,4,"[8, 8, 7, 7]",balanced,poisson,1,2,4,"[[3, 2, 3], [4, 4], [4, 3], [3, 4]]",9,"[3, 2, 2, 2]",30,337,0.9109792284866469,326,10.866666666666667,,,,TIME_LIMIT,0.6711037814129336,20283.0,0.003810882568359375,0.017963793128728867,30.000085830688477,30.01811886858195,9.533333333333333,OPTIMAL,0.0,1621.0,0.0007729530334472656,0.038760325871407986,0.007328103296458721,0.03127312660217285,0.004211102612316608,0.13554000854492188,0.17856211960315704
N30_L4_balanced_poisson_hS2,20,0.9,34,34,fixed_size_closest_dimension,fixed_size_4,30,4,"[8, 8, 7, 7]",balanced,poisson,1,2,4,"[[4, 4], [4, 4], [4, 3], [4, 3]]",8,"[2, 2, 2, 2]",24,337,0.9287833827893175,581,19.366666666666667,,,,TIME_LIMIT,0.6711037814129336,20283.0,0.003810882568359375,0.017963793128728867,30.000085830688477,30.01811886858195,9.6,OPTIMAL,0.0,583.0,0.0006229877471923828,4.18834388256073e-05,4.18834388256073e-05,0.0,0.004149860702455044,0.05908799171447754,0.06332387961447239
N30_L4_balanced_poisson_hS2,20,0.9,34,34,threshold_closest_dimension,release_gap_threshold_4,30,4,"[8, 8, 7, 7]",balanced,poisson,1,2,4,"[[4, 1, 3], [4, 4], [4, 3], [3, 4]]",9,"[3, 2, 2, 2]",30,337,0.9109792284866469,351,11.7,,,,TIME_LIMIT,0.6711037814129336,20283.0,0.003810882568359375,0.017963793128728867,30.000085830688477,30.01811886858195,9.533333333333333,OPTIMAL,0.0,1034.0,0.0007390975952148438,3.657583147287369e-05,3.657583147287369e-05,0.0,0.004093085415661335,0.09604310989379883,0.10022000875324011
N30_L4_balanced_poisson_hS2,21,0.25,253,253,proposed_bound_aware,min_Bidx_under_C_budget,30,4,"[8, 8, 7, 7]",balanced,poisson,1,2,4,"[[1, 2, 2, 1, 1, 1], [3, 1, 4], [3, 1, 3], [4, 1, 1, 1]]",16,"[6, 3, 3, 4]",93,337,0.7240356083086054,0,0.0,,,,TIME_LIMIT,0.6673447423336559,27762.0,0.0030770301818847656,0.009523388929665089,30.000164031982422,30.009743386879563,8.933333333333334,OPTIMAL,0.0,39550.0,0.0011951923370361328,0.010901181027293205,0.007699764333665371,0.0030388832092285156,0.005183872766792774,3.691859006881714,3.7079963451251388
N30_L4_balanced_poisson_hS2,21,0.25,253,253,fixed_size_closest_dimension,fixed_size_2,30,4,"[8, 8, 7, 7]",balanced,poisson,1,2,4,"[[2, 2, 2, 2], [2, 2, 2, 2], [2, 2, 2, 1], [2, 2, 2, 1]]",16,"[4, 4, 4, 4]",96,337,0.7151335311572701,745,24.833333333333332,,,,TIME_LIMIT,0.6673447423336559,27762.0,0.0030770301818847656,0.009523388929665089,30.000164031982422,30.009743386879563,9.066666666666666,OPTIMAL,0.0,52641.0,0.001096963882446289,1.5994533896446228e-05,1.5994533896446228e-05,0.0,0.006273659877479076,14.295183897018433,14.30152565613389
N30_L4_balanced_poisson_hS2,21,0.25,253,253,threshold_closest_dimension,release_gap_threshold_0,30,4,"[8, 8, 7, 7]",balanced,poisson,1,2,4,"[[1, 1, 1, 2, 1, 1, 1], [1, 1, 1, 1, 1, 1, 2], [3, 1, 1, 2], [1, 2, 1, 1, 1, 1]]",24,"[7, 7, 4, 6]",213,337,0.36795252225519287,0,0.0,,,,TIME_LIMIT,0.6673447423336559,27762.0,0.0030770301818847656,0.009523388929665089,30.000164031982422,30.009743386879563,9.4,TIME_LIMIT,0.5471202539027287,45049.0,0.0022110939025878906,4.253443330526352e-05,4.253443330526352e-05,0.0,0.008304017595946789,30.000146865844727,30.00855803489685
N30_L4_balanced_poisson_hS2,21,0.5,168,168,proposed_bound_aware,min_Bidx_under_C_budget,30,4,"[8, 8, 7, 7]",balanced,poisson,1,2,4,"[[1, 2, 2, 1, 1, 1], [3, 1, 4], [3, 1, 3], [4, 1, 1, 1]]",16,"[6, 3, 3, 4]",93,337,0.7240356083086054,0,0.0,,,,TIME_LIMIT,0.6673447423336559,27762.0,0.0030770301818847656,0.009523388929665089,30.000164031982422,30.009743386879563,8.933333333333334,OPTIMAL,0.0,39550.0,0.0012040138244628906,0.010714038275182247,0.007234600372612476,0.0033130645751953125,0.005498829297721386,3.6902029514312744,3.7064700312912464
N30_L4_balanced_poisson_hS2,21,0.5,168,168,fixed_size_closest_dimension,fixed_size_2,30,4,"[8, 8, 7, 7]",balanced,poisson,1,2,4,"[[2, 2, 2, 2], [2, 2, 2, 2], [2, 2, 2, 1], [2, 2, 2, 1]]",16,"[4, 4, 4, 4]",96,337,0.7151335311572701,745,24.833333333333332,,,,TIME_LIMIT,0.6673447423336559,27762.0,0.0030770301818847656,0.009523388929665089,30.000164031982422,30.009743386879563,9.066666666666666,OPTIMAL,0.0,52641.0,0.0011048316955566406,3.627501428127289e-05,3.627501428127289e-05,0.0,0.005871501751244068,14.271161794662476,14.27712770178914
N30_L4_balanced_poisson_hS2,21,0.5,168,168,threshold_closest_dimension,release_gap_threshold_1,30,4,"[8, 8, 7, 7]",balanced,poisson,1,2,4,"[[1, 2, 2, 1, 1, 1], [3, 1, 4], [3, 1, 3], [4, 1, 1, 1]]",16,"[6, 3, 3, 4]",93,337,0.7240356083086054,0,0.0,,,,TIME_LIMIT,0.6673447423336559,27762.0,0.0030770301818847656,0.009523388929665089,30.000164031982422,30.009743386879563,8.933333333333334,OPTIMAL,0.0,39550.0,0.0012240409851074219,0.00010055210441350937,0.00010055210441350937,0.0,0.005636085756123066,3.7282330989837646,3.734023170545697
N30_L4_balanced_poisson_hS2,21,0.75,84,84,proposed_bound_aware,min_Bidx_under_C_budget,30,4,"[8, 8, 7, 7]",balanced,poisson,1,2,4,"[[1, 2, 2, 1, 1, 1], [3, 1, 4], [3, 1, 3], [4, 1, 2]]",15,"[6, 3, 3, 3]",81,337,0.7596439169139466,22,0.7333333333333333,,,,TIME_LIMIT,0.6673447423336559,27762.0,0.0030770301818847656,0.009523388929665089,30.000164031982422,30.009743386879563,8.933333333333334,OPTIMAL,0.0,15215.0,0.0010840892791748047,0.01041650865226984,0.007214290089905262,0.003041982650756836,0.005203000269830227,1.3418171405792236,1.3574919514358044
N30_L4_balanced_poisson_hS2,21,0.75,84,84,fixed_size_closest_dimension,fixed_size_3,30,4,"[8, 8, 7, 7]",balanced,poisson,1,2,4,"[[3, 3, 2], [3, 3, 2], [3, 3, 1], [3, 3, 1]]",12,"[3, 3, 3, 3]",54,337,0.8397626112759644,578,19.266666666666666,,,,TIME_LIMIT,0.6673447423336559,27762.0,0.0030770301818847656,0.009523388929665089,30.000164031982422,30.009743386879563,9.2,OPTIMAL,0.0,3387.0,0.0008001327514648438,4.3285079300403595e-05,4.3285079300403595e-05,0.0,0.0052665481343865395,0.4688570499420166,0.4742134725674987
N30_L4_balanced_poisson_hS2,21,0.75,84,84,threshold_closest_dimension,release_gap_threshold_2,30,4,"[8, 8, 7, 7]",balanced,poisson,1,2,4,"[[1, 2, 2, 1, 1, 1], [4, 4], [3, 1, 3], [4, 3]]",13,"[6, 2, 3, 2]",58,337,0.827893175074184,70,2.3333333333333335,,,,TIME_LIMIT,0.6673447423336559,27762.0,0.0030770301818847656,0.009523388929665089,30.000164031982422,30.009743386879563,8.933333333333334,OPTIMAL,0.0,4501.0,0.0008950233459472656,9.807851165533066e-05,9.807851165533066e-05,0.0,0.005134807899594307,0.3852579593658447,0.39053621981292963
N30_L4_balanced_poisson_hS2,21,0.9,34,34,proposed_bound_aware,min_Bidx_under_C_budget,30,4,"[8, 8, 7, 7]",balanced,poisson,1,2,4,"[[3, 2, 3], [4, 4], [3, 4], [4, 3]]",9,"[3, 2, 2, 2]",30,337,0.9109792284866469,372,12.4,,,,TIME_LIMIT,0.6673447423336559,27762.0,0.0030770301818847656,0.009523388929665089,30.000164031982422,30.009743386879563,9.233333333333333,OPTIMAL,0.0,897.0,0.0007839202880859375,0.029910513199865818,0.007485910318791866,0.022258996963500977,0.004774434491991997,0.08875703811645508,0.12349081877619028
N30_L4_balanced_poisson_hS2,21,0.9,34,34,fixed_size_closest_dimension,fixed_size_4,30,4,"[8, 8, 7, 7]",balanced,poisson,1,2,4,"[[4, 4], [4, 4], [4, 3], [4, 3]]",8,"[2, 2, 2, 2]",24,337,0.9287833827893175,861,28.7,,,,TIME_LIMIT,0.6673447423336559,27762.0,0.0030770301818847656,0.009523388929665089,30.000164031982422,30.009743386879563,9.133333333333333,OPTIMAL,0.0,455.0,0.0006058216094970703,1.4932826161384583e-05,1.4932826161384583e-05,0.0,0.003598097711801529,0.05913686752319336,0.06279382947832346
N30_L4_balanced_poisson_hS2,21,0.9,34,34,threshold_closest_dimension,release_gap_threshold_5,30,4,"[8, 8, 7, 7]",balanced,poisson,1,2,4,"[[3, 2, 3], [4, 4], [4, 3], [4, 3]]",9,"[3, 2, 2, 2]",30,337,0.9109792284866469,374,12.466666666666667,,,,TIME_LIMIT,0.6673447423336559,27762.0,0.0030770301818847656,0.009523388929665089,30.000164031982422,30.009743386879563,9.133333333333333,OPTIMAL,0.0,984.0,0.0006539821624755859,3.2218173146247864e-05,3.2218173146247864e-05,0.0,0.003677036613225937,0.0899500846862793,0.0937020881101489
N30_L4_balanced_poisson_hS2,22,0.25,253,253,proposed_bound_aware,min_Bidx_under_C_budget,30,4,"[8, 8, 7, 7]",balanced,poisson,1,2,4,"[[1, 1, 3, 2, 1], [4, 3, 1], [1, 1, 3, 2], [2, 1, 4]]",15,"[5, 3, 4, 3]",83,337,0.7537091988130564,0,0.0,,,,TIME_LIMIT,0.5311366978406179,25123.0,0.002722024917602539,0.009760928340256214,30.000107049942017,30.0099193463102,8.633333333333333,OPTIMAL,0.0,8279.0,0.0010998249053955078,0.010348696261644363,0.007401914335787296,0.0027840137481689453,0.0052030207589268684,1.097775936126709,1.113379909656942
N30_L4_balanced_poisson_hS2,22,0.25,253,253,fixed_size_closest_dimension,fixed_size_2,30,4,"[8, 8, 7, 7]",balanced,poisson,1,2,4,"[[2, 2, 2, 2], [2, 2, 2, 2], [2, 2, 2, 1], [2, 2, 2, 1]]",16,"[4, 4, 4, 4]",96,337,0.7151335311572701,416,13.866666666666667,,,,TIME_LIMIT,0.5311366978406179,25123.0,0.002722024917602539,0.009760928340256214,30.000107049942017,30.0099193463102,8.633333333333333,OPTIMAL,0.0,23199.0,0.0011038780212402344,4.3276697397232056e-05,4.3276697397232056e-05,0.0,0.005879633128643036,4.485724925994873,4.491701417602599
N30_L4_balanced_poisson_hS2,22,0.25,253,253,threshold_closest_dimension,release_gap_threshold_0,30,4,"[8, 8, 7, 7]",balanced,poisson,1,2,4,"[[1, 1, 2, 1, 2, 1], [1, 3, 2, 1, 1], [1, 1, 3, 2], [1, 1, 1, 1, 2, 1]]",21,"[6, 5, 4, 6]",164,337,0.5133531157270029,0,0.0,,,,TIME_LIMIT,0.5311366978406179,25123.0,0.002722024917602539,0.009760928340256214,30.000107049942017,30.0099193463102,8.633333333333333,TIME_LIMIT,0.1617668987688119,75102.0,0.0016808509826660156,0.00011338107287883759,0.00011338107287883759,0.0,0.00713923666626215,30.00049591064453,30.007801878266037
N30_L4_balanced_poisson_hS2,22,0.5,168,168,proposed_bound_aware,min_Bidx_under_C_budget,30,4,"[8, 8, 7, 7]",balanced,poisson,1,2,4,"[[1, 1, 3, 2, 1], [4, 3, 1], [1, 1, 3, 2], [2, 1, 4]]",15,"[5, 3, 4, 3]",83,337,0.7537091988130564,0,0.0,,,,TIME_LIMIT,0.5311366978406179,25123.0,0.002722024917602539,0.009760928340256214,30.000107049942017,30.0099193463102,8.633333333333333,OPTIMAL,0.0,8279.0,0.0011119842529296875,0.010815631598234177,0.007199608720839024,0.003450155258178711,0.0053685512393713,1.0933101177215576,1.1095480574294925
N30_L4_balanced_poisson_hS2,22,0.5,168,168,fixed_size_closest_dimension,fixed_size_2,30,4,"[8, 8, 7, 7]",balanced,poisson,1,2,4,"[[2, 2, 2, 2], [2, 2, 2, 2], [2, 2, 2, 1], [2, 2, 2, 1]]",16,"[4, 4, 4, 4]",96,337,0.7151335311572701,416,13.866666666666667,,,,TIME_LIMIT,0.5311366978406179,25123.0,0.002722024917602539,0.009760928340256214,30.000107049942017,30.0099193463102,8.633333333333333,OPTIMAL,0.0,23199.0,0.0010769367218017578,4.281476140022278e-05,4.281476140022278e-05,0.0,0.006167017854750156,4.469685077667236,4.4759463565424085
N30_L4_balanced_poisson_hS2,22,0.5,168,168,threshold_closest_dimension,release_gap_threshold_0,30,4,"[8, 8, 7, 7]",balanced,poisson,1,2,4,"[[1, 1, 2, 1, 2, 1], [1, 3, 2, 1, 1], [1, 1, 3, 2], [1, 1, 1, 1, 2, 1]]",21,"[6, 5, 4, 6]",164,337,0.5133531157270029,0,0.0,,,,TIME_LIMIT,0.5311366978406179,25123.0,0.002722024917602539,0.009760928340256214,30.000107049942017,30.0099193463102,8.633333333333333,TIME_LIMIT,0.1617668987688119,75102.0,0.001672983169555664,8.589960634708405e-05,8.589960634708405e-05,0.0,0.0073354244232177734,30.00053095817566,30.00800360646099
N30_L4_balanced_poisson_hS2,22,0.75,84,84,proposed_bound_aware,min_Bidx_under_C_budget,30,4,"[8, 8, 7, 7]",balanced,poisson,1,2,4,"[[1, 1, 3, 2, 1], [4, 3, 1], [1, 1, 3, 2], [2, 1, 4]]",15,"[5, 3, 4, 3]",83,337,0.7537091988130564,0,0.0,,,,TIME_LIMIT,0.5311366978406179,25123.0,0.002722024917602539,0.009760928340256214,30.000107049942017,30.0099193463102,8.633333333333333,OPTIMAL,0.0,8279.0,0.0011239051818847656,0.010498933494091034,0.0074772583320736885,0.002841949462890625,0.005524827167391777,1.0966179370880127,1.112693989649415
N30_L4_balanced_poisson_hS2,22,0.75,84,84,fixed_size_closest_dimension,fixed_size_3,30,4,"[8, 8, 7, 7]",balanced,poisson,1,2,4,"[[3, 3, 2], [3, 3, 2], [3, 3, 1], [3, 3, 1]]",12,"[3, 3, 3, 3]",54,337,0.8397626112759644,634,21.133333333333333,,,,TIME_LIMIT,0.5311366978406179,25123.0,0.002722024917602539,0.009760928340256214,30.000107049942017,30.0099193463102,9.766666666666667,OPTIMAL,0.0,1946.0,0.0008029937744140625,1.5484169125556946e-05,1.5484169125556946e-05,0.0,0.004733001813292503,0.21837711334228516,0.22317155078053474
N30_L4_balanced_poisson_hS2,22,0.75,84,84,threshold_closest_dimension,release_gap_threshold_1,30,4,"[8, 8, 7, 7]",balanced,poisson,1,2,4,"[[1, 1, 3, 2, 1], [4, 3, 1], [1, 1, 3, 2], [2, 1, 4]]",15,"[5, 3, 4, 3]",83,337,0.7537091988130564,0,0.0,,,,TIME_LIMIT,0.5311366978406179,25123.0,0.002722024917602539,0.009760928340256214,30.000107049942017,30.0099193463102,8.633333333333333,OPTIMAL,0.0,8279.0,0.0010628700256347656,3.468245267868042e-05,3.468245267868042e-05,0.0,0.005502864718437195,1.0930099487304688,1.0985975209623575
N30_L4_balanced_poisson_hS2,22,0.9,34,34,proposed_bound_aware,min_Bidx_under_C_budget,30,4,"[8, 8, 7, 7]",balanced,poisson,1,2,4,"[[4, 4], [4, 4], [2, 3, 2], [3, 4]]",9,"[2, 2, 3, 2]",30,337,0.9109792284866469,396,13.2,,,,TIME_LIMIT,0.5311366978406179,25123.0,0.002722024917602539,0.009760928340256214,30.000107049942017,30.0099193463102,9.2,OPTIMAL,0.0,357.0,0.0007851123809814453,0.039494424127042294,0.007825924083590508,0.031507015228271484,0.004213427193462849,0.05423116683959961,0.09798871632665396
N30_L4_balanced_poisson_hS2,22,0.9,34,34,fixed_size_closest_dimension,fixed_size_4,30,4,"[8, 8, 7, 7]",balanced,poisson,1,2,4,"[[4, 4], [4, 4], [4, 3], [4, 3]]",8,"[2, 2, 2, 2]",24,337,0.9287833827893175,662,22.066666666666666,,,,TIME_LIMIT,0.5311366978406179,25123.0,0.002722024917602539,0.009760928340256214,30.000107049942017,30.0099193463102,9.766666666666667,OPTIMAL,0.0,264.0,0.0006949901580810547,6.976444274187088e-05,6.976444274187088e-05,0.0,0.004420889541506767,0.039565086364746094,0.04410410765558481
N30_L4_balanced_poisson_hS2,22,0.9,34,34,threshold_closest_dimension,release_gap_threshold_6,30,4,"[8, 8, 7, 7]",balanced,poisson,1,2,4,"[[4, 4], [4, 4], [2, 4, 1], [4, 3]]",9,"[2, 2, 3, 2]",30,337,0.9109792284866469,496,16.533333333333335,,,,TIME_LIMIT,0.5311366978406179,25123.0,0.002722024917602539,0.009760928340256214,30.000107049942017,30.0099193463102,9.766666666666667,OPTIMAL,0.0,596.0,0.00067901611328125,3.3049844205379486e-05,3.3049844205379486e-05,0.0,0.0037299757823348045,0.06226611137390137,0.0660726623609662
N30_L4_balanced_poisson_hS2,23,0.25,253,253,proposed_bound_aware,min_Bidx_under_C_budget,30,4,"[8, 8, 7, 7]",balanced,poisson,1,2,4,"[[2, 1, 1, 2, 1, 1], [2, 1, 1, 1, 2, 1], [1, 1, 2, 1, 1, 1], [4, 1, 1, 1]]",22,"[6, 6, 6, 4]",180,337,0.4658753709198813,0,0.0,,,,TIME_LIMIT,0.6377420176648214,33148.0,0.003214120864868164,0.010114984586834908,30.000185012817383,30.010355570353568,5.8,TIME_LIMIT,0.3012603483748316,88271.0,0.0019500255584716797,0.0109099755063653,0.007609287276864052,0.0031349658966064453,0.006778291426599026,30.000128030776978,30.01787137053907
N30_L4_balanced_poisson_hS2,23,0.25,253,253,fixed_size_closest_dimension,fixed_size_2,30,4,"[8, 8, 7, 7]",balanced,poisson,1,2,4,"[[2, 2, 2, 2], [2, 2, 2, 2], [2, 2, 2, 1], [2, 2, 2, 1]]",16,"[4, 4, 4, 4]",96,337,0.7151335311572701,698,23.266666666666666,,,,TIME_LIMIT,0.6377420176648214,33148.0,0.003214120864868164,0.010114984586834908,30.000185012817383,30.010355570353568,5.666666666666667,OPTIMAL,0.0,26452.0,0.0011138916015625,4.2625702917575836e-05,4.2625702917575836e-05,0.0,0.006112965755164623,7.592885971069336,7.599099512211978
N30_L4_balanced_poisson_hS2,23,0.25,253,253,threshold_closest_dimension,release_gap_threshold_1,30,4,"[8, 8, 7, 7]",balanced,poisson,1,2,4,"[[2, 1, 1, 2, 1, 1], [2, 1, 1, 1, 2, 1], [1, 1, 2, 1, 1, 1], [4, 1, 1, 1]]",22,"[6, 6, 6, 4]",180,337,0.4658753709198813,0,0.0,,,,TIME_LIMIT,0.6377420176648214,33148.0,0.003214120864868164,0.010114984586834908,30.000185012817383,30.010355570353568,5.8,TIME_LIMIT,0.3014385111261497,88059.0,0.0019719600677490234,0.00012365728616714478,0.00012365728616714478,0.0,0.007357868365943432,30.000144004821777,30.007679088041186
N30_L4_balanced_poisson_hS2,23,0.5,168,168,proposed_bound_aware,min_Bidx_under_C_budget,30,4,"[8, 8, 7, 7]",balanced,poisson,1,2,4,"[[2, 1, 1, 3, 1], [2, 1, 1, 1, 2, 1], [1, 1, 2, 1, 1, 1], [4, 1, 1, 1]]",21,"[5, 6, 6, 4]",164,337,0.5133531157270029,22,0.7333333333333333,,,,TIME_LIMIT,0.6377420176648214,33148.0,0.003214120864868164,0.010114984586834908,30.000185012817383,30.010355570353568,5.6,TIME_LIMIT,0.24356976657148105,102655.0,0.0017809867858886719,0.010635118931531906,0.007276975549757481,0.0031921863555908203,0.007071944884955883,30.00012493133545,30.017892325296998
N30_L4_balanced_poisson_hS2,23,0.5,168,168,fixed_size_closest_dimension,fixed_size_2,30,4,"[8, 8, 7, 7]",balanced,poisson,1,2,4,"[[2, 2, 2, 2], [2, 2, 2, 2], [2, 2, 2, 1], [2, 2, 2, 1]]",16,"[4, 4, 4, 4]",96,337,0.7151335311572701,698,23.266666666666666,,,,TIME_LIMIT,0.6377420176648214,33148.0,0.003214120864868164,0.010114984586834908,30.000185012817383,30.010355570353568,5.666666666666667,OPTIMAL,0.0,26452.0,0.001071929931640625,4.3245963752269745e-05,4.3245963752269745e-05,0.0,0.005836428143084049,7.5952911376953125,7.601224830374122
N30_L4_balanced_poisson_hS2,23,0.5,168,168,threshold_closest_dimension,release_gap_threshold_2,30,4,"[8, 8, 7, 7]",balanced,poisson,1,2,4,"[[3, 4, 1], [2, 1, 1, 3, 1], [2, 3, 1, 1], [4, 1, 1, 1]]",16,"[3, 5, 4, 4]",95,337,0.7181008902077152,146,4.866666666666666,,,,TIME_LIMIT,0.6377420176648214,33148.0,0.003214120864868164,0.010114984586834908,30.000185012817383,30.010355570353568,6.0,OPTIMAL,0.0,22628.0,0.0011839866638183594,0.0001431060954928398,0.0001431060954928398,0.0,0.006179257296025753,3.1250760555267334,3.1314518824219704
N30_L4_balanced_poisson_hS2,23,0.75,84,84,proposed_bound_aware,min_Bidx_under_C_budget,30,4,"[8, 8, 7, 7]",balanced,poisson,1,2,4,"[[3, 4, 1], [2, 1, 1, 4], [2, 3, 1, 1], [4, 1, 1, 1]]",15,"[3, 4, 4, 4]",84,337,0.7507418397626113,190,6.333333333333333,,,,TIME_LIMIT,0.6377420176648214,33148.0,0.003214120864868164,0.010114984586834908,30.000185012817383,30.010355570353568,6.033333333333333,OPTIMAL,0.0,22464.0,0.0010709762573242188,0.011048242449760437,0.007656799629330635,0.0032248497009277344,0.004914134740829468,2.963291883468628,2.979306067340076
N30_L4_balanced_poisson_hS2,23,0.75,84,84,fixed_size_closest_dimension,fixed_size_3,30,4,"[8, 8, 7, 7]",balanced,poisson,1,2,4,"[[3, 3, 2], [3, 3, 2], [3, 3, 1], [3, 3, 1]]",12,"[3, 3, 3, 3]",54,337,0.8397626112759644,903,30.1,,,,TIME_LIMIT,0.6377420176648214,33148.0,0.003214120864868164,0.010114984586834908,30.000185012817383,30.010355570353568,5.833333333333333,OPTIMAL,0.0,1828.0,0.0007758140563964844,4.340615123510361e-05,4.340615123510361e-05,0.0,0.005234639160335064,0.17254900932312012,0.17787427734583616
N30_L4_balanced_poisson_hS2,23,0.75,84,84,threshold_closest_dimension,release_gap_threshold_3,30,4,"[8, 8, 7, 7]",balanced,poisson,1,2,4,"[[3, 4, 1], [2, 1, 1, 4], [4, 3], [4, 1, 1, 1]]",13,"[3, 4, 2, 4]",62,337,0.8160237388724035,314,10.466666666666667,,,,TIME_LIMIT,0.6377420176648214,33148.0,0.003214120864868164,0.010114984586834908,30.000185012817383,30.010355570353568,5.566666666666666,OPTIMAL,0.0,3711.0,0.0008649826049804688,0.00011857878416776657,0.00011857878416776657,0.0,0.004523846320807934,0.34429502487182617,0.34898367431014776
N30_L4_balanced_poisson_hS2,23,0.9,34,34,proposed_bound_aware,min_Bidx_under_C_budget,30,4,"[8, 8, 7, 7]",balanced,poisson,1,2,4,"[[3, 4, 1], [4, 4], [4, 3], [4, 3]]",9,"[3, 2, 2, 2]",30,337,0.9109792284866469,865,28.833333333333332,,,,TIME_LIMIT,0.6377420176648214,33148.0,0.003214120864868164,0.010114984586834908,30.000185012817383,30.010355570353568,5.566666666666666,OPTIMAL,0.0,163.0,0.0007891654968261719,0.05162595398724079,0.007292568683624268,0.04416799545288086,0.004462972283363342,0.03324317932128906,0.08938128966838121
N30_L4_balanced_poisson_hS2,23,0.9,34,34,fixed_size_closest_dimension,fixed_size_4,30,4,"[8, 8, 7, 7]",balanced,poisson,1,2,4,"[[4, 4], [4, 4], [4, 3], [4, 3]]",8,"[2, 2, 2, 2]",24,337,0.9287833827893175,1110,37.0,,,,TIME_LIMIT,0.6377420176648214,33148.0,0.003214120864868164,0.010114984586834908,30.000185012817383,30.010355570353568,5.966666666666667,OPTIMAL,0.0,44.0,0.00014591217041015625,3.8467347621917725e-05,3.8467347621917725e-05,0.0,0.004146005026996136,0.019104957580566406,0.023338292725384235
N30_L4_balanced_poisson_hS2,23,0.9,34,34,threshold_closest_dimension,release_gap_threshold_8,30,4,"[8, 8, 7, 7]",balanced,poisson,1,2,4,"[[4, 4], [3, 4, 1], [4, 3], [4, 3]]",9,"[2, 3, 2, 2]",30,337,0.9109792284866469,980,32.666666666666664,,,,TIME_LIMIT,0.6377420176648214,33148.0,0.003214120864868164,0.010114984586834908,30.000185012817383,30.010355570353568,5.8,OPTIMAL,0.0,105.0,0.0006458759307861328,4.0842220187187195e-05,4.0842220187187195e-05,0.0,0.003683796152472496,0.020679950714111328,0.024447639472782612
N30_L4_balanced_poisson_hS2,24,0.25,253,253,proposed_bound_aware,min_Bidx_under_C_budget,30,4,"[8, 8, 7, 7]",balanced,poisson,1,2,4,"[[1, 1, 1, 2, 1, 2], [1, 4, 1, 1, 1], [1, 3, 1, 2], [1, 2, 1, 2, 1]]",20,"[6, 5, 4, 5]",149,337,0.5578635014836796,0,0.0,,,,TIME_LIMIT,0.6723155199001581,18860.0,0.002811908721923828,0.009510018862783909,30.00041699409485,30.00997866690159,7.633333333333334,TIME_LIMIT,0.39984931020942727,72086.0,0.001650094985961914,0.010665124282240868,0.007572712376713753,0.0029239654541015625,0.00595980416983366,30.00018000602722,30.016857628710568
N30_L4_balanced_poisson_hS2,24,0.25,253,253,fixed_size_closest_dimension,fixed_size_2,30,4,"[8, 8, 7, 7]",balanced,poisson,1,2,4,"[[2, 2, 2, 2], [2, 2, 2, 2], [2, 2, 2, 1], [2, 2, 2, 1]]",16,"[4, 4, 4, 4]",96,337,0.7151335311572701,792,26.4,,,,TIME_LIMIT,0.6723155199001581,18860.0,0.002811908721923828,0.009510018862783909,30.00041699409485,30.00997866690159,7.8,OPTIMAL,0.0,95100.0,0.001107931137084961,1.6184523701667786e-05,1.6184523701667786e-05,0.0,0.0056489454582333565,25.247175931930542,25.252898165024817
N30_L4_balanced_poisson_hS2,24,0.25,253,253,threshold_closest_dimension,release_gap_threshold_0,30,4,"[8, 8, 7, 7]",balanced,poisson,1,2,4,"[[1, 1, 1, 1, 1, 1, 2], [1, 2, 1, 1, 1, 1, 1], [1, 2, 1, 1, 1, 1], [1, 2, 1, 2, 1]]",25,"[7, 7, 6, 5]",233,337,0.3086053412462908,0,0.0,,,,TIME_LIMIT,0.6723155199001581,18860.0,0.002811908721923828,0.009510018862783909,30.00041699409485,30.00997866690159,7.766666666666667,TIME_LIMIT,0.5901482612446595,31829.0,0.002257108688354492,4.219450056552887e-05,4.219450056552887e-05,0.0,0.008318337611854076,30.000200986862183,30.00861570239067
N30_L4_balanced_poisson_hS2,24,0.5,168,168,proposed_bound_aware,min_Bidx_under_C_budget,30,4,"[8, 8, 7, 7]",balanced,poisson,1,2,4,"[[1, 1, 1, 2, 1, 2], [1, 4, 1, 1, 1], [1, 3, 1, 2], [1, 2, 1, 2, 1]]",20,"[6, 5, 4, 5]",149,337,0.5578635014836796,0,0.0,,,,TIME_LIMIT,0.6723155199001581,18860.0,0.002811908721923828,0.009510018862783909,30.00041699409485,30.00997866690159,7.633333333333334,TIME_LIMIT,0.40033123400017423,71791.0,0.0016589164733886719,0.011685837060213089,0.008063393644988537,0.0034580230712890625,0.006532811559736729,30.000482082366943,30.018754625692964
N30_L4_balanced_poisson_hS2,24,0.5,168,168,fixed_size_closest_dimension,fixed_size_2,30,4,"[8, 8, 7, 7]",balanced,poisson,1,2,4,"[[2, 2, 2, 2], [2, 2, 2, 2], [2, 2, 2, 1], [2, 2, 2, 1]]",16,"[4, 4, 4, 4]",96,337,0.7151335311572701,792,26.4,,,,TIME_LIMIT,0.6723155199001581,18860.0,0.002811908721923828,0.009510018862783909,30.00041699409485,30.00997866690159,7.8,OPTIMAL,0.0,95100.0,0.0011019706726074219,1.6796402633190155e-05,1.6796402633190155e-05,0.0,0.005632399581372738,25.23892116546631,25.244625916704535
N30_L4_balanced_poisson_hS2,24,0.5,168,168,threshold_closest_dimension,release_gap_threshold_1,30,4,"[8, 8, 7, 7]",balanced,poisson,1,2,4,"[[1, 1, 1, 2, 1, 2], [1, 4, 1, 1, 1], [1, 3, 1, 2], [1, 2, 1, 2, 1]]",20,"[6, 5, 4, 5]",149,337,0.5578635014836796,0,0.0,,,,TIME_LIMIT,0.6723155199001581,18860.0,0.002811908721923828,0.009510018862783909,30.00041699409485,30.00997866690159,7.633333333333334,TIME_LIMIT,0.3998104283578915,72112.0,0.0018091201782226562,0.00010178331285715103,0.00010178331285715103,0.0,0.006998004391789436,30.000109910964966,30.007263182662427
N30_L4_balanced_poisson_hS2,24,0.75,84,84,proposed_bound_aware,min_Bidx_under_C_budget,30,4,"[8, 8, 7, 7]",balanced,poisson,1,2,4,"[[2, 1, 2, 3], [1, 4, 1, 2], [4, 3], [1, 2, 1, 2, 1]]",15,"[4, 4, 2, 5]",82,337,0.7566765578635015,143,4.766666666666667,,,,TIME_LIMIT,0.6723155199001581,18860.0,0.002811908721923828,0.009510018862783909,30.00041699409485,30.00997866690159,7.633333333333334,OPTIMAL,0.0,67408.0,0.0010821819305419922,0.011048042215406895,0.007744050584733486,0.0031311511993408203,0.00496806763112545,17.92997717857361,17.946047687903047
N30_L4_balanced_poisson_hS2,24,0.75,84,84,fixed_size_closest_dimension,fixed_size_3,30,4,"[8, 8, 7, 7]",balanced,poisson,1,2,4,"[[3, 3, 2], [3, 3, 2], [3, 3, 1], [3, 3, 1]]",12,"[3, 3, 3, 3]",54,337,0.8397626112759644,759,25.3,,,,TIME_LIMIT,0.6723155199001581,18860.0,0.002811908721923828,0.009510018862783909,30.00041699409485,30.00997866690159,7.866666666666666,OPTIMAL,0.0,2846.0,0.23500299453735352,4.1513703763484955e-05,4.1513703763484955e-05,0.0,0.005231855437159538,0.5084569454193115,0.5137791493907571
N30_L4_balanced_poisson_hS2,24,0.75,84,84,threshold_closest_dimension,release_gap_threshold_3,30,4,"[8, 8, 7, 7]",balanced,poisson,1,2,4,"[[3, 2, 3], [1, 4, 1, 2], [4, 3], [1, 2, 4]]",12,"[3, 4, 2, 3]",53,337,0.8427299703264095,293,9.766666666666667,,,,TIME_LIMIT,0.6723155199001581,18860.0,0.002811908721923828,0.009510018862783909,30.00041699409485,30.00997866690159,7.633333333333334,OPTIMAL,0.0,7220.0,0.000843048095703125,3.6034733057022095e-05,3.6034733057022095e-05,0.0,0.00458829291164875,0.8296449184417725,0.8343199156224728
N30_L4_balanced_poisson_hS2,24,0.9,34,34,proposed_bound_aware,min_Bidx_under_C_budget,30,4,"[8, 8, 7, 7]",balanced,poisson,1,2,4,"[[3, 2, 3], [4, 4], [4, 3], [3, 4]]",9,"[3, 2, 2, 2]",30,337,0.9109792284866469,793,26.433333333333334,,,,TIME_LIMIT,0.6723155199001581,18860.0,0.002811908721923828,0.009510018862783909,30.00041699409485,30.00997866690159,7.866666666666666,OPTIMAL,0.0,918.0,0.0007131099700927734,0.057091351598501205,0.007356173358857632,0.04956793785095215,0.004477345384657383,0.08722400665283203,0.14885014295578003
N30_L4_balanced_poisson_hS2,24,0.9,34,34,fixed_size_closest_dimension,fixed_size_4,30,4,"[8, 8, 7, 7]",balanced,poisson,1,2,4,"[[4, 4], [4, 4], [4, 3], [4, 3]]",8,"[2, 2, 2, 2]",24,337,0.9287833827893175,1080,36.0,,,,TIME_LIMIT,0.6723155199001581,18860.0,0.002811908721923828,0.009510018862783909,30.00041699409485,30.00997866690159,9.066666666666666,OPTIMAL,0.0,417.0,0.0005691051483154297,1.4843419194221497e-05,1.4843419194221497e-05,0.0,0.0036001503467559814,0.0422670841217041,0.04592627286911011
N30_L4_balanced_poisson_hS2,24,0.9,34,34,threshold_closest_dimension,release_gap_threshold_6,30,4,"[8, 8, 7, 7]",balanced,poisson,1,2,4,"[[4, 4], [4, 2, 2], [4, 3], [4, 3]]",9,"[2, 3, 2, 2]",30,337,0.9109792284866469,914,30.466666666666665,,,,TIME_LIMIT,0.6723155199001581,18860.0,0.002811908721923828,0.009510018862783909,30.00041699409485,30.00997866690159,9.066666666666666,OPTIMAL,0.0,783.0,0.0006029605865478516,9.44528728723526e-05,9.44528728723526e-05,0.0,0.004523023962974548,0.0744631290435791,0.07912346068769693
N30_L4_balanced_poisson_hS2,25,0.25,253,253,proposed_bound_aware,min_Bidx_under_C_budget,30,4,"[8, 8, 7, 7]",balanced,poisson,1,2,4,"[[2, 1, 1, 1, 1, 1, 1], [1, 1, 1, 2, 2, 1], [3, 4], [1, 1, 1, 1, 1, 2]]",21,"[7, 6, 2, 6]",158,337,0.5311572700296736,0,0.0,,,,TIME_LIMIT,0.5382170852076806,34634.0,0.003968954086303711,0.0180637426674366,30.000957012176514,30.01908844523132,4.966666666666667,TIME_LIMIT,0.3262545831885676,69417.0,0.0018570423126220703,0.010947901755571365,0.007277376018464565,0.0035059452056884766,0.0069595156237483025,30.000171184539795,30.01813772600144
N30_L4_balanced_poisson_hS2,25,0.25,253,253,fixed_size_closest_dimension,fixed_size_2,30,4,"[8, 8, 7, 7]",balanced,poisson,1,2,4,"[[2, 2, 2, 2], [2, 2, 2, 2], [2, 2, 2, 1], [2, 2, 2, 1]]",16,"[4, 4, 4, 4]",96,337,0.7151335311572701,909,30.3,,,,TIME_LIMIT,0.5382170852076806,34634.0,0.003968954086303711,0.0180637426674366,30.000957012176514,30.01908844523132,5.166666666666667,OPTIMAL,0.0,5359.0,0.0011451244354248047,6.139278411865234e-05,6.139278411865234e-05,0.0,0.00603245384991169,0.9830920696258545,0.9892405839636922
N30_L4_balanced_poisson_hS2,25,0.25,253,253,threshold_closest_dimension,release_gap_threshold_1,30,4,"[8, 8, 7, 7]",balanced,poisson,1,2,4,"[[2, 1, 1, 1, 1, 1, 1], [1, 1, 1, 2, 2, 1], [4, 3], [1, 1, 1, 1, 1, 2]]",21,"[7, 6, 2, 6]",158,337,0.5311572700296736,0,0.0,,,,TIME_LIMIT,0.5382170852076806,34634.0,0.003968954086303711,0.0180637426674366,30.000957012176514,30.01908844523132,4.7,TIME_LIMIT,0.23655821044415518,78947.0,0.0016369819641113281,0.0001319199800491333,0.0001319199800491333,0.0,0.007096933200955391,30.0001380443573,30.00742025114596
N30_L4_balanced_poisson_hS2,25,0.5,168,168,proposed_bound_aware,min_Bidx_under_C_budget,30,4,"[8, 8, 7, 7]",balanced,poisson,1,2,4,"[[2, 1, 1, 1, 1, 1, 1], [1, 1, 1, 2, 2, 1], [3, 4], [1, 1, 1, 1, 1, 2]]",21,"[7, 6, 2, 6]",158,337,0.5311572700296736,0,0.0,,,,TIME_LIMIT,0.5382170852076806,34634.0,0.003968954086303711,0.0180637426674366,30.000957012176514,30.01908844523132,4.966666666666667,TIME_LIMIT,0.3274515634103911,68778.0,0.00168609619140625,0.01124001294374466,0.007725954055786133,0.003349781036376953,0.006716908887028694,30.001131057739258,30.019142380915582
N30_L4_balanced_poisson_hS2,25,0.5,168,168,fixed_size_closest_dimension,fixed_size_2,30,4,"[8, 8, 7, 7]",balanced,poisson,1,2,4,"[[2, 2, 2, 2], [2, 2, 2, 2], [2, 2, 2, 1], [2, 2, 2, 1]]",16,"[4, 4, 4, 4]",96,337,0.7151335311572701,909,30.3,,,,TIME_LIMIT,0.5382170852076806,34634.0,0.003968954086303711,0.0180637426674366,30.000957012176514,30.01908844523132,5.166666666666667,OPTIMAL,0.0,5359.0,0.0011458396911621094,4.175305366516113e-05,4.175305366516113e-05,0.0,0.006237815134227276,0.9752748012542725,0.9816072806715965
N30_L4_balanced_poisson_hS2,25,0.5,168,168,threshold_closest_dimension,release_gap_threshold_1,30,4,"[8, 8, 7, 7]",balanced,poisson,1,2,4,"[[2, 1, 1, 1, 1, 1, 1], [1, 1, 1, 2, 2, 1], [4, 3], [1, 1, 1, 1, 1, 2]]",21,"[7, 6, 2, 6]",158,337,0.5311572700296736,0,0.0,,,,TIME_LIMIT,0.5382170852076806,34634.0,0.003968954086303711,0.0180637426674366,30.000957012176514,30.01908844523132,4.7,TIME_LIMIT,0.23575371582746682,79179.0,0.001661062240600586,4.655029624700546e-05,4.655029624700546e-05,0.0,0.006643848493695259,30.000138998031616,30.006882988847792
N30_L4_balanced_poisson_hS2,25,0.75,84,84,proposed_bound_aware,min_Bidx_under_C_budget,30,4,"[8, 8, 7, 7]",balanced,poisson,1,2,4,"[[3, 1, 3, 1], [1, 2, 4, 1], [3, 4], [1, 1, 1, 1, 3]]",15,"[4, 4, 2, 5]",82,337,0.7566765578635015,167,5.566666666666666,,,,TIME_LIMIT,0.5382170852076806,34634.0,0.003968954086303711,0.0180637426674366,30.000957012176514,30.01908844523132,4.7,OPTIMAL,0.0,4471.0,0.0011830329895019531,0.01423818338662386,0.007929902523756027,0.006129026412963867,0.0058777108788490295,0.8683791160583496,0.8885505460202694
N30_L4_balanced_poisson_hS2,25,0.75,84,84,fixed_size_closest_dimension,fixed_size_3,30,4,"[8, 8, 7, 7]",balanced,poisson,1,2,4,"[[3, 3, 2], [3, 3, 2], [3, 3, 1], [3, 3, 1]]",12,"[3, 3, 3, 3]",54,337,0.8397626112759644,983,32.766666666666666,,,,TIME_LIMIT,0.5382170852076806,34634.0,0.003968954086303711,0.0180637426674366,30.000957012176514,30.01908844523132,4.8,OPTIMAL,0.0,288.0,0.0008740425109863281,3.9489008486270905e-05,3.9489008486270905e-05,0.0,0.005436004139482975,0.07433891296386719,0.0798655217513442
N30_L4_balanced_poisson_hS2,25,0.75,84,84,threshold_closest_dimension,release_gap_threshold_3,30,4,"[8, 8, 7, 7]",balanced,poisson,1,2,4,"[[3, 1, 3, 1], [1, 2, 4, 1], [4, 3], [1, 1, 2, 3]]",14,"[4, 4, 2, 4]",72,337,0.7863501483679525,219,7.3,,,,TIME_LIMIT,0.5382170852076806,34634.0,0.003968954086303711,0.0180637426674366,30.000957012176514,30.01908844523132,4.7,OPTIMAL,0.0,2810.0,0.0009610652923583984,0.0001094648614525795,0.0001094648614525795,0.0,0.005056730471551418,0.5872399806976318,0.5924541018903255
N30_L4_balanced_poisson_hS2,25,0.9,34,34,proposed_bound_aware,min_Bidx_under_C_budget,30,4,"[8, 8, 7, 7]",balanced,poisson,1,2,4,"[[4, 4], [4, 4], [4, 3], [1, 3, 3]]",9,"[2, 2, 2, 3]",30,337,0.9109792284866469,888,29.6,,,,TIME_LIMIT,0.5382170852076806,34634.0,0.003968954086303711,0.0180637426674366,30.000957012176514,30.01908844523132,7.766666666666667,OPTIMAL,0.0,590.0,0.0001888275146484375,0.04977428540587425,0.007196864113211632,0.04241490364074707,0.004648223519325256,0.07006382942199707,0.12453602626919746
N30_L4_balanced_poisson_hS2,25,0.9,34,34,fixed_size_closest_dimension,fixed_size_4,30,4,"[8, 8, 7, 7]",balanced,poisson,1,2,4,"[[4, 4], [4, 4], [4, 3], [4, 3]]",8,"[2, 2, 2, 2]",24,337,0.9287833827893175,1089,36.3,,,,TIME_LIMIT,0.5382170852076806,34634.0,0.003968954086303711,0.0180637426674366,30.000957012176514,30.01908844523132,7.766666666666667,OPTIMAL,0.0,186.0,0.0006089210510253906,4.2584724724292755e-05,4.2584724724292755e-05,0.0,0.0038044797256588936,0.02965688705444336,0.033551464788615704
N30_L4_balanced_poisson_hS2,25,0.9,34,34,threshold_closest_dimension,release_gap_threshold_7,30,4,"[8, 8, 7, 7]",balanced,poisson,1,2,4,"[[4, 4], [4, 4], [4, 3], [1, 4, 2]]",9,"[2, 2, 2, 3]",30,337,0.9109792284866469,993,33.1,,,,TIME_LIMIT,0.5382170852076806,34634.0,0.003968954086303711,0.0180637426674366,30.000957012176514,30.01908844523132,7.766666666666667,OPTIMAL,0.0,342.0,0.0006630420684814453,0.0001102769747376442,0.0001102769747376442,0.0,0.004077271558344364,0.042910099029541016,0.047141628339886665
N30_L4_balanced_poisson_hS2,26,0.25,253,253,proposed_bound_aware,min_Bidx_under_C_budget,30,4,"[8, 8, 7, 7]",balanced,poisson,1,2,4,"[[3, 1, 1, 1, 2], [1, 4, 1, 2], [1, 1, 1, 2, 2], [3, 1, 1, 2]]",18,"[5, 4, 5, 4]",121,337,0.6409495548961425,0,0.0,,,,TIME_LIMIT,0.6462050700920986,21717.0,0.003309011459350586,0.009505782276391983,30.000705003738403,30.01026281621307,8.4,TIME_LIMIT,0.12498855582273317,99725.0,0.0015730857849121094,0.010630462318658829,0.007305458188056946,0.003161907196044922,0.00651464331895113,30.000184059143066,30.01738246716559
N30_L4_balanced_poisson_hS2,26,0.25,253,253,fixed_size_closest_dimension,fixed_size_2,30,4,"[8, 8, 7, 7]",balanced,poisson,1,2,4,"[[2, 2, 2, 2], [2, 2, 2, 2], [2, 2, 2, 1], [2, 2, 2, 1]]",16,"[4, 4, 4, 4]",96,337,0.7151335311572701,502,16.733333333333334,,,,TIME_LIMIT,0.6462050700920986,21717.0,0.003309011459350586,0.009505782276391983,30.000705003738403,30.01026281621307,8.4,OPTIMAL,0.0,49610.0,0.0011560916900634766,1.6325153410434723e-05,1.6325153410434723e-05,0.0,0.0056304773315787315,8.537333965301514,8.543036342598498
N30_L4_balanced_poisson_hS2,26,0.25,253,253,threshold_closest_dimension,release_gap_threshold_0,30,4,"[8, 8, 7, 7]",balanced,poisson,1,2,4,"[[2, 1, 1, 1, 1, 1, 1], [2, 3, 1, 2], [1, 1, 1, 1, 1, 1, 1], [1, 2, 1, 1, 2]]",23,"[7, 4, 7, 5]",195,337,0.42136498516320475,0,0.0,,,,TIME_LIMIT,0.6462050700920986,21717.0,0.003309011459350586,0.009505782276391983,30.000705003738403,30.01026281621307,8.5,TIME_LIMIT,0.3921568627450842,103156.0,0.002025127410888672,9.187869727611542e-05,9.187869727611542e-05,0.0,0.007842699065804482,30.00013017654419,30.00811890978366
N30_L4_balanced_poisson_hS2,26,0.5,168,168,proposed_bound_aware,min_Bidx_under_C_budget,30,4,"[8, 8, 7, 7]",balanced,poisson,1,2,4,"[[3, 1, 1, 1, 2], [1, 4, 1, 2], [1, 1, 1, 2, 2], [3, 1, 1, 2]]",18,"[5, 4, 5, 4]",121,337,0.6409495548961425,0,0.0,,,,TIME_LIMIT,0.6462050700920986,21717.0,0.003309011459350586,0.009505782276391983,30.000705003738403,30.01026281621307,8.4,TIME_LIMIT,0.1270611273993321,98467.0,0.0014760494232177734,0.011521859094500542,0.008070212788879871,0.003280162811279297,0.006084613502025604,30.000190019607544,30.017851260490716
N30_L4_balanced_poisson_hS2,26,0.5,168,168,fixed_size_closest_dimension,fixed_size_2,30,4,"[8, 8, 7, 7]",balanced,poisson,1,2,4,"[[2, 2, 2, 2], [2, 2, 2, 2], [2, 2, 2, 1], [2, 2, 2, 1]]",16,"[4, 4, 4, 4]",96,337,0.7151335311572701,502,16.733333333333334,,,,TIME_LIMIT,0.6462050700920986,21717.0,0.003309011459350586,0.009505782276391983,30.000705003738403,30.01026281621307,8.4,OPTIMAL,0.0,49610.0,0.001199960708618164,1.5944242477416992e-05,1.5944242477416992e-05,0.0,0.005615074187517166,8.559237957000732,8.564924544654787
N30_L4_balanced_poisson_hS2,26,0.5,168,168,threshold_closest_dimension,release_gap_threshold_1,30,4,"[8, 8, 7, 7]",balanced,poisson,1,2,4,"[[3, 1, 1, 1, 2], [4, 1, 1, 2], [1, 1, 1, 2, 2], [3, 1, 1, 2]]",18,"[5, 4, 5, 4]",121,337,0.6409495548961425,0,0.0,,,,TIME_LIMIT,0.6462050700920986,21717.0,0.003309011459350586,0.009505782276391983,30.000705003738403,30.01026281621307,8.4,OPTIMAL,0.0,128268.0,0.0014917850494384766,0.00010948535054922104,0.00010948535054922104,0.0,0.0063056861981749535,29.737666845321655,29.744135946035385
N30_L4_balanced_poisson_hS2,26,0.75,84,84,proposed_bound_aware,min_Bidx_under_C_budget,30,4,"[8, 8, 7, 7]",balanced,poisson,1,2,4,"[[3, 1, 1, 3], [2, 4, 2], [1, 1, 1, 4], [3, 1, 1, 2]]",15,"[4, 3, 4, 4]",84,337,0.7507418397626113,68,2.2666666666666666,,,,TIME_LIMIT,0.6462050700920986,21717.0,0.003309011459350586,0.009505782276391983,30.000705003738403,30.01026281621307,8.4,OPTIMAL,0.0,20656.0,0.0011320114135742188,0.02027480397373438,0.007914277724921703,0.012189865112304688,0.005450304597616196,3.0362658500671387,3.062044524587691
N30_L4_balanced_poisson_hS2,26,0.75,84,84,fixed_size_closest_dimension,fixed_size_3,30,4,"[8, 8, 7, 7]",balanced,poisson,1,2,4,"[[3, 3, 2], [3, 3, 2], [3, 3, 1], [3, 3, 1]]",12,"[3, 3, 3, 3]",54,337,0.8397626112759644,601,20.033333333333335,,,,TIME_LIMIT,0.6462050700920986,21717.0,0.003309011459350586,0.009505782276391983,30.000705003738403,30.01026281621307,8.5,OPTIMAL,0.0,3294.0,0.00084686279296875,4.315469413995743e-05,4.315469413995743e-05,0.0,0.005139846354722977,0.32460904121398926,0.3298379238694906
N30_L4_balanced_poisson_hS2,26,0.75,84,84,threshold_closest_dimension,release_gap_threshold_2,30,4,"[8, 8, 7, 7]",balanced,poisson,1,2,4,"[[4, 1, 3], [4, 2, 2], [4, 3], [3, 1, 1, 2]]",12,"[3, 3, 2, 4]",53,337,0.8427299703264095,171,5.7,,,,TIME_LIMIT,0.6462050700920986,21717.0,0.003309011459350586,0.009505782276391983,30.000705003738403,30.01026281621307,8.4,OPTIMAL,0.0,2870.0,0.0008509159088134766,0.00010594073683023453,0.00010594073683023453,0.0,0.005168449133634567,0.27818799018859863,0.28350828401744366
N30_L4_balanced_poisson_hS2,26,0.9,34,34,proposed_bound_aware,min_Bidx_under_C_budget,30,4,"[8, 8, 7, 7]",balanced,poisson,1,2,4,"[[4, 4], [4, 4], [3, 4], [4, 1, 2]]",9,"[2, 2, 2, 3]",30,337,0.9109792284866469,373,12.433333333333334,,,,TIME_LIMIT,0.6462050700920986,21717.0,0.003309011459350586,0.009505782276391983,30.000705003738403,30.01026281621307,8.4,OPTIMAL,0.0,358.0,0.0007319450378417969,0.02209429442882538,0.007785052992403507,0.014139890670776367,0.004281208850443363,0.04798698425292969,0.07441163249313831
N30_L4_balanced_poisson_hS2,26,0.9,34,34,fixed_size_closest_dimension,fixed_size_4,30,4,"[8, 8, 7, 7]",balanced,poisson,1,2,4,"[[4, 4], [4, 4], [4, 3], [4, 3]]",8,"[2, 2, 2, 2]",24,337,0.9287833827893175,596,19.866666666666667,,,,TIME_LIMIT,0.6462050700920986,21717.0,0.003309011459350586,0.009505782276391983,30.000705003738403,30.01026281621307,8.4,OPTIMAL,0.0,266.0,0.0001621246337890625,1.4641322195529938e-05,1.4641322195529938e-05,0.0,0.0043136365711688995,0.03046703338623047,0.034839157946407795
N30_L4_balanced_poisson_hS2,26,0.9,34,34,threshold_closest_dimension,release_gap_threshold_6,30,4,"[8, 8, 7, 7]",balanced,poisson,1,2,4,"[[4, 4], [4, 4], [4, 3], [4, 1, 2]]",9,"[2, 2, 2, 3]",30,337,0.9109792284866469,398,13.266666666666667,,,,TIME_LIMIT,0.6462050700920986,21717.0,0.003309011459350586,0.009505782276391983,30.000705003738403,30.01026281621307,8.4,OPTIMAL,0.0,324.0,0.0006709098815917969,0.00010324642062187195,0.00010324642062187195,0.0,0.004555783234536648,0.0364229679107666,0.04112481791526079
N30_L4_balanced_poisson_hS2,27,0.25,253,253,proposed_bound_aware,min_Bidx_under_C_budget,30,4,"[8, 8, 7, 7]",balanced,poisson,1,2,4,"[[1, 1, 4, 2], [1, 3, 1, 3], [1, 3, 2, 1], [1, 2, 4]]",15,"[4, 4, 4, 3]",84,337,0.7507418397626113,0,0.0,,,,TIME_LIMIT,0.6173168251678032,19905.0,0.002856016159057617,0.00956735573709011,30.000142097473145,30.009762005880475,9.2,OPTIMAL,6.772314780212984e-05,21574.0,0.001138925552368164,0.011678225360810757,0.008388464339077473,0.0031108856201171875,0.005043400451540947,3.699260950088501,3.7160395393148065
N30_L4_balanced_poisson_hS2,27,0.25,253,253,fixed_size_closest_dimension,fixed_size_2,30,4,"[8, 8, 7, 7]",balanced,poisson,1,2,4,"[[2, 2, 2, 2], [2, 2, 2, 2], [2, 2, 2, 1], [2, 2, 2, 1]]",16,"[4, 4, 4, 4]",96,337,0.7151335311572701,459,15.3,,,,TIME_LIMIT,0.6173168251678032,19905.0,0.002856016159057617,0.00956735573709011,30.000142097473145,30.009762005880475,10.233333333333333,OPTIMAL,6.771711058757464e-05,65540.0,0.0011320114135742188,4.363618791103363e-05,4.363618791103363e-05,0.0,0.006344566121697426,16.996236085891724,17.00267821084708
N30_L4_balanced_poisson_hS2,27,0.25,253,253,threshold_closest_dimension,release_gap_threshold_0,30,4,"[8, 8, 7, 7]",balanced,poisson,1,2,4,"[[1, 1, 1, 2, 1, 1, 1], [1, 2, 1, 1, 1, 2], [1, 1, 2, 1, 1, 1], [1, 2, 1, 1, 1, 1]]",25,"[7, 6, 6, 6]",234,337,0.3056379821958457,0,0.0,,,,TIME_LIMIT,0.6173168251678032,19905.0,0.002856016159057617,0.00956735573709011,30.000142097473145,30.009762005880475,9.4,TIME_LIMIT,0.5480754712167749,42304.0,0.0022258758544921875,3.833789378404617e-05,3.833789378404617e-05,0.0,0.008185327984392643,30.000155925750732,30.008433217182755
N30_L4_balanced_poisson_hS2,27,0.5,168,168,proposed_bound_aware,min_Bidx_under_C_budget,30,4,"[8, 8, 7, 7]",balanced,poisson,1,2,4,"[[1, 1, 4, 2], [1, 3, 1, 3], [1, 3, 2, 1], [1, 2, 4]]",15,"[4, 4, 4, 3]",84,337,0.7507418397626113,0,0.0,,,,TIME_LIMIT,0.6173168251678032,19905.0,0.002856016159057617,0.00956735573709011,30.000142097473145,30.009762005880475,9.2,OPTIMAL,6.772314780212984e-05,21574.0,0.0011639595031738281,0.011429719626903534,0.007958845235407352,0.0032889842987060547,0.005526800639927387,3.7481489181518555,3.7651583924889565
N30_L4_balanced_poisson_hS2,27,0.5,168,168,fixed_size_closest_dimension,fixed_size_2,30,4,"[8, 8, 7, 7]",balanced,poisson,1,2,4,"[[2, 2, 2, 2], [2, 2, 2, 2], [2, 2, 2, 1], [2, 2, 2, 1]]",16,"[4, 4, 4, 4]",96,337,0.7151335311572701,459,15.3,,,,TIME_LIMIT,0.6173168251678032,19905.0,0.002856016159057617,0.00956735573709011,30.000142097473145,30.009762005880475,10.233333333333333,OPTIMAL,6.771711058757464e-05,65540.0,0.0011031627655029297,1.58846378326416e-05,1.58846378326416e-05,0.0,0.005672920495271683,17.125837087631226,17.131579090841115
N30_L4_balanced_poisson_hS2,27,0.5,168,168,threshold_closest_dimension,release_gap_threshold_1,30,4,"[8, 8, 7, 7]",balanced,poisson,1,2,4,"[[1, 1, 4, 2], [1, 3, 1, 3], [1, 3, 2, 1], [1, 2, 4]]",15,"[4, 4, 4, 3]",84,337,0.7507418397626113,0,0.0,,,,TIME_LIMIT,0.6173168251678032,19905.0,0.002856016159057617,0.00956735573709011,30.000142097473145,30.009762005880475,9.2,OPTIMAL,6.772314780212984e-05,21574.0,0.0011241436004638672,0.00010038167238235474,0.00010038167238235474,0.0,0.0057741738855838776,3.7170979976654053,3.7230246691033244
N30_L4_balanced_poisson_hS2,27,0.75,84,84,proposed_bound_aware,min_Bidx_under_C_budget,30,4,"[8, 8, 7, 7]",balanced,poisson,1,2,4,"[[1, 1, 4, 2], [1, 3, 1, 3], [1, 3, 2, 1], [1, 2, 4]]",15,"[4, 4, 4, 3]",84,337,0.7507418397626113,0,0.0,,,,TIME_LIMIT,0.6173168251678032,19905.0,0.002856016159057617,0.00956735573709011,30.000142097473145,30.009762005880475,9.2,OPTIMAL,6.772314780212984e-05,21574.0,0.0011620521545410156,0.010504372417926788,0.0073249684646725655,0.0030150413513183594,0.0053274789825081825,3.741338014602661,3.757227278314531
N30_L4_balanced_poisson_hS2,27,0.75,84,84,fixed_size_closest_dimension,fixed_size_3,30,4,"[8, 8, 7, 7]",balanced,poisson,1,2,4,"[[3, 3, 2], [3, 3, 2], [3, 3, 1], [3, 3, 1]]",12,"[3, 3, 3, 3]",54,337,0.8397626112759644,616,20.533333333333335,,,,TIME_LIMIT,0.6173168251678032,19905.0,0.002856016159057617,0.00956735573709011,30.000142097473145,30.009762005880475,10.233333333333333,OPTIMAL,0.0,3737.0,0.0008370876312255859,4.3235719203948975e-05,4.3235719203948975e-05,0.0,0.005592609755694866,0.3766651153564453,0.38234861474484205
N30_L4_balanced_poisson_hS2,27,0.75,84,84,threshold_closest_dimension,release_gap_threshold_1,30,4,"[8, 8, 7, 7]",balanced,poisson,1,2,4,"[[1, 1, 4, 2], [1, 3, 1, 3], [1, 3, 2, 1], [1, 2, 4]]",15,"[4, 4, 4, 3]",84,337,0.7507418397626113,0,0.0,,,,TIME_LIMIT,0.6173168251678032,19905.0,0.002856016159057617,0.00956735573709011,30.000142097473145,30.009762005880475,9.2,OPTIMAL,6.772314780212984e-05,21574.0,0.0011031627655029297,9.936001151800156e-05,9.936001151800156e-05,0.0,0.005611719563603401,3.7120070457458496,3.7177695594727993
N30_L4_balanced_poisson_hS2,27,0.9,34,34,proposed_bound_aware,min_Bidx_under_C_budget,30,4,"[8, 8, 7, 7]",balanced,poisson,1,2,4,"[[4, 4], [1, 4, 3], [4, 3], [3, 4]]",9,"[2, 3, 2, 2]",30,337,0.9109792284866469,377,12.566666666666666,,,,TIME_LIMIT,0.6173168251678032,19905.0,0.002856016159057617,0.00956735573709011,30.000142097473145,30.009762005880475,9.5,OPTIMAL,0.0,585.0,0.0008091926574707031,0.04145400505512953,0.008048830553889275,0.033226966857910156,0.0044007496908307076,0.0770730972290039,0.12297931592911482
N30_L4_balanced_poisson_hS2,27,0.9,34,34,fixed_size_closest_dimension,fixed_size_4,30,4,"[8, 8, 7, 7]",balanced,poisson,1,2,4,"[[4, 4], [4, 4], [4, 3], [4, 3]]",8,"[2, 2, 2, 2]",24,337,0.9287833827893175,563,18.766666666666666,,,,TIME_LIMIT,0.6173168251678032,19905.0,0.002856016159057617,0.00956735573709011,30.000142097473145,30.009762005880475,10.566666666666666,OPTIMAL,0.0,990.0,0.0006241798400878906,4.2865052819252014e-05,4.2865052819252014e-05,0.0,0.003966622985899448,0.08916020393371582,0.09321317914873362
N30_L4_balanced_poisson_hS2,27,0.9,34,34,threshold_closest_dimension,release_gap_threshold_4,30,4,"[8, 8, 7, 7]",balanced,poisson,1,2,4,"[[4, 4], [1, 4, 3], [4, 3], [4, 3]]",9,"[2, 3, 2, 2]",30,337,0.9109792284866469,402,13.4,,,,TIME_LIMIT,0.6173168251678032,19905.0,0.002856016159057617,0.00956735573709011,30.000142097473145,30.009762005880475,9.5,OPTIMAL,0.0,713.0,0.0006661415100097656,3.381073474884033e-05,3.381073474884033e-05,0.0,0.003750516101717949,0.07426214218139648,0.07808984816074371
N30_L4_balanced_poisson_hS2,28,0.25,253,253,proposed_bound_aware,min_Bidx_under_C_budget,30,4,"[8, 8, 7, 7]",balanced,poisson,1,2,4,"[[2, 2, 1, 1, 2], [2, 2, 1, 2, 1], [1, 1, 2, 3], [1, 2, 1, 1, 2]]",19,"[5, 5, 4, 5]",135,337,0.599406528189911,0,0.0,,,,TIME_LIMIT,0.7288069745980299,21691.0,0.0030050277709960938,0.009477479383349419,30.000141143798828,30.009670845232904,8.4,TIME_LIMIT,0.4250311386935796,83418.0,0.0014698505401611328,0.011827871203422546,0.008567473851144314,0.003086090087890625,0.006048929877579212,30.000123023986816,30.018054883927107
N30_L4_balanced_poisson_hS2,28,0.25,253,253,fixed_size_closest_dimension,fixed_size_2,30,4,"[8, 8, 7, 7]",balanced,poisson,1,2,4,"[[2, 2, 2, 2], [2, 2, 2, 2], [2, 2, 2, 1], [2, 2, 2, 1]]",16,"[4, 4, 4, 4]",96,337,0.7151335311572701,460,15.333333333333334,,,,TIME_LIMIT,0.7288069745980299,21691.0,0.0030050277709960938,0.009477479383349419,30.000141143798828,30.009670845232904,8.266666666666667,OPTIMAL,0.0,98096.0,0.0011599063873291016,4.3334439396858215e-05,4.3334439396858215e-05,0.0,0.006015269085764885,28.770829916000366,28.77694543916732
N30_L4_balanced_poisson_hS2,28,0.25,253,253,threshold_closest_dimension,release_gap_threshold_0,30,4,"[8, 8, 7, 7]",balanced,poisson,1,2,4,"[[2, 1, 1, 1, 1, 2], [1, 1, 1, 1, 1, 2, 1], [1, 1, 1, 1, 2, 1], [1, 1, 1, 1, 1, 2]]",25,"[6, 7, 6, 6]",234,337,0.3056379821958457,0,0.0,,,,TIME_LIMIT,0.7288069745980299,21691.0,0.0030050277709960938,0.009477479383349419,30.000141143798828,30.009670845232904,8.466666666666667,TIME_LIMIT,0.6736611530171103,33948.0,0.002162933349609375,3.865920007228851e-05,3.865920007228851e-05,0.0,0.00807581190019846,30.00013303756714,30.0083020105958
N30_L4_balanced_poisson_hS2,28,0.5,168,168,proposed_bound_aware,min_Bidx_under_C_budget,30,4,"[8, 8, 7, 7]",balanced,poisson,1,2,4,"[[2, 2, 1, 1, 2], [2, 2, 1, 2, 1], [1, 1, 2, 3], [1, 2, 1, 1, 2]]",19,"[5, 5, 4, 5]",135,337,0.599406528189911,0,0.0,,,,TIME_LIMIT,0.7288069745980299,21691.0,0.0030050277709960938,0.009477479383349419,30.000141143798828,30.009670845232904,8.4,TIME_LIMIT,0.4248195418949639,83654.0,0.0014641284942626953,0.010679535567760468,0.007317947223782539,0.0031938552856445312,0.006067837588489056,30.00011706352234,30.016916687600315
N30_L4_balanced_poisson_hS2,28,0.5,168,168,fixed_size_closest_dimension,fixed_size_2,30,4,"[8, 8, 7, 7]",balanced,poisson,1,2,4,"[[2, 2, 2, 2], [2, 2, 2, 2], [2, 2, 2, 1], [2, 2, 2, 1]]",16,"[4, 4, 4, 4]",96,337,0.7151335311572701,460,15.333333333333334,,,,TIME_LIMIT,0.7288069745980299,21691.0,0.0030050277709960938,0.009477479383349419,30.000141143798828,30.009670845232904,8.266666666666667,OPTIMAL,0.0,98096.0,0.001132965087890625,4.425644874572754e-05,4.425644874572754e-05,0.0,0.006188619881868362,28.606012105941772,28.612300988286734
N30_L4_balanced_poisson_hS2,28,0.5,168,168,threshold_closest_dimension,release_gap_threshold_1,30,4,"[8, 8, 7, 7]",balanced,poisson,1,2,4,"[[2, 2, 1, 1, 2], [2, 2, 1, 2, 1], [1, 1, 2, 3], [1, 2, 1, 1, 2]]",19,"[5, 5, 4, 5]",135,337,0.599406528189911,0,0.0,,,,TIME_LIMIT,0.7288069745980299,21691.0,0.0030050277709960938,0.009477479383349419,30.000141143798828,30.009670845232904,8.4,TIME_LIMIT,0.4251956577169772,83134.0,0.001438140869140625,0.00010059215128421783,0.00010059215128421783,0.0,0.006972034461796284,30.00011920928955,30.007246213033795
N30_L4_balanced_poisson_hS2,28,0.75,84,84,proposed_bound_aware,min_Bidx_under_C_budget,30,4,"[8, 8, 7, 7]",balanced,poisson,1,2,4,"[[2, 3, 3], [2, 3, 2, 1], [1, 1, 2, 3], [1, 2, 1, 3]]",15,"[3, 4, 4, 4]",84,337,0.7507418397626113,93,3.1,,,,TIME_LIMIT,0.7288069745980299,21691.0,0.0030050277709960938,0.009477479383349419,30.000141143798828,30.009670845232904,8.133333333333333,OPTIMAL,0.0,45220.0,0.0010421276092529297,0.0110351936891675,0.0076269544661045074,0.0032329559326171875,0.005542985163629055,12.97354006767273,12.990172488614917
N30_L4_balanced_poisson_hS2,28,0.75,84,84,fixed_size_closest_dimension,fixed_size_3,30,4,"[8, 8, 7, 7]",balanced,poisson,1,2,4,"[[3, 3, 2], [3, 3, 2], [3, 3, 1], [3, 3, 1]]",12,"[3, 3, 3, 3]",54,337,0.8397626112759644,666,22.2,,,,TIME_LIMIT,0.7288069745980299,21691.0,0.0030050277709960938,0.009477479383349419,30.000141143798828,30.009670845232904,9.933333333333334,OPTIMAL,0.0,7173.0,0.000827789306640625,4.219450056552887e-05,4.219450056552887e-05,0.0,0.005257273092865944,0.9139149188995361,0.9192652562633157
N30_L4_balanced_poisson_hS2,28,0.75,84,84,threshold_closest_dimension,release_gap_threshold_2,30,4,"[8, 8, 7, 7]",balanced,poisson,1,2,4,"[[2, 3, 3], [2, 3, 2, 1], [1, 1, 2, 3], [3, 1, 3]]",14,"[3, 4, 4, 3]",73,337,0.7833827893175074,120,4.0,,,,TIME_LIMIT,0.7288069745980299,21691.0,0.0030050277709960938,0.009477479383349419,30.000141143798828,30.009670845232904,8.133333333333333,OPTIMAL,0.0,19370.0,0.0009200572967529297,0.00011503417044878006,0.00011503417044878006,0.0,0.005729997530579567,2.926114082336426,2.9320113100111485
N30_L4_balanced_poisson_hS2,28,0.9,34,34,proposed_bound_aware,min_Bidx_under_C_budget,30,4,"[8, 8, 7, 7]",balanced,poisson,1,2,4,"[[2, 3, 3], [4, 4], [4, 3], [3, 4]]",9,"[3, 2, 2, 2]",30,337,0.9109792284866469,456,15.2,,,,TIME_LIMIT,0.7288069745980299,21691.0,0.0030050277709960938,0.009477479383349419,30.000141143798828,30.009670845232904,8.433333333333334,OPTIMAL,0.0,1002.0,0.0007197856903076172,0.03301617968827486,0.0079592140391469,0.024888038635253906,0.0042689088732004166,0.09595799446105957,0.1332933958619833
N30_L4_balanced_poisson_hS2,28,0.9,34,34,fixed_size_closest_dimension,fixed_size_4,30,4,"[8, 8, 7, 7]",balanced,poisson,1,2,4,"[[4, 4], [4, 4], [4, 3], [4, 3]]",8,"[2, 2, 2, 2]",24,337,0.9287833827893175,728,24.266666666666666,,,,TIME_LIMIT,0.7288069745980299,21691.0,0.0030050277709960938,0.009477479383349419,30.000141143798828,30.009670845232904,9.533333333333333,OPTIMAL,0.0,433.0,0.0005669593811035156,4.2164698243141174e-05,4.2164698243141174e-05,0.0,0.004294979386031628,0.04599499702453613,0.05037578847259283
N30_L4_balanced_poisson_hS2,28,0.9,34,34,threshold_closest_dimension,release_gap_threshold_4,30,4,"[8, 8, 7, 7]",balanced,poisson,1,2,4,"[[2, 4, 2], [4, 4], [4, 3], [3, 4]]",9,"[3, 2, 2, 2]",30,337,0.9109792284866469,482,16.066666666666666,,,,TIME_LIMIT,0.7288069745980299,21691.0,0.0030050277709960938,0.009477479383349419,30.000141143798828,30.009670845232904,8.433333333333334,OPTIMAL,0.0,631.0,0.0005970001220703125,9.553413838148117e-05,9.553413838148117e-05,0.0,0.004115758463740349,0.07461905479431152,0.07887442130595446
N30_L4_balanced_poisson_hS2,29,0.25,253,253,proposed_bound_aware,min_Bidx_under_C_budget,30,4,"[8, 8, 7, 7]",balanced,poisson,1,2,4,"[[4, 1, 1, 2], [2, 1, 1, 4], [4, 1, 2], [1, 4, 1, 1]]",15,"[4, 4, 3, 4]",84,337,0.7507418397626113,0,0.0,,,,TIME_LIMIT,0.6199040767386458,47108.0,0.003268003463745117,0.009550509043037891,30.000327110290527,30.009929325431585,8.733333333333333,OPTIMAL,0.0,39125.0,0.0011551380157470703,0.010792765766382217,0.007522455416619778,0.003100872039794922,0.005611877888441086,10.12701416015625,10.143473656848073
N30_L4_balanced_poisson_hS2,29,0.25,253,253,fixed_size_closest_dimension,fixed_size_2,30,4,"[8, 8, 7, 7]",balanced,poisson,1,2,4,"[[2, 2, 2, 2], [2, 2, 2, 2], [2, 2, 2, 1], [2, 2, 2, 1]]",16,"[4, 4, 4, 4]",96,337,0.7151335311572701,454,15.133333333333333,,,,TIME_LIMIT,0.6199040767386458,47108.0,0.003268003463745117,0.009550509043037891,30.000327110290527,30.009929325431585,8.733333333333333,OPTIMAL,0.0,44492.0,0.0011610984802246094,4.348624497652054e-05,4.348624497652054e-05,0.0,0.006006304174661636,14.39604115486145,14.40214460156858
N30_L4_balanced_poisson_hS2,29,0.25,253,253,threshold_closest_dimension,release_gap_threshold_0,30,4,"[8, 8, 7, 7]",balanced,poisson,1,2,4,"[[1, 1, 2, 1, 1, 2], [2, 1, 1, 2, 2], [4, 1, 2], [1, 2, 1, 1, 1, 1]]",20,"[6, 5, 3, 6]",147,337,0.5637982195845698,0,0.0,,,,TIME_LIMIT,0.6199040767386458,47108.0,0.003268003463745117,0.009550509043037891,30.000327110290527,30.009929325431585,8.833333333333334,TIME_LIMIT,0.3274780922918469,76347.0,0.0017368793487548828,3.6765821278095245e-05,3.6765821278095245e-05,0.0,0.006564447656273842,30.000396966934204,30.007057349197567
N30_L4_balanced_poisson_hS2,29,0.5,168,168,proposed_bound_aware,min_Bidx_under_C_budget,30,4,"[8, 8, 7, 7]",balanced,poisson,1,2,4,"[[4, 1, 1, 2], [2, 1, 1, 4], [4, 1, 2], [1, 4, 1, 1]]",15,"[4, 4, 3, 4]",84,337,0.7507418397626113,0,0.0,,,,TIME_LIMIT,0.6199040767386458,47108.0,0.003268003463745117,0.009550509043037891,30.000327110290527,30.009929325431585,8.733333333333333,OPTIMAL,0.0,39125.0,0.0011539459228515625,0.011405380442738533,0.008222992531955242,0.0030231475830078125,0.005063580349087715,9.972797870635986,9.989320072345436
N30_L4_balanced_poisson_hS2,29,0.5,168,168,fixed_size_closest_dimension,fixed_size_2,30,4,"[8, 8, 7, 7]",balanced,poisson,1,2,4,"[[2, 2, 2, 2], [2, 2, 2, 2], [2, 2, 2, 1], [2, 2, 2, 1]]",16,"[4, 4, 4, 4]",96,337,0.7151335311572701,454,15.133333333333333,,,,TIME_LIMIT,0.6199040767386458,47108.0,0.003268003463745117,0.009550509043037891,30.000327110290527,30.009929325431585,8.733333333333333,OPTIMAL,0.0,44492.0,0.001130819320678711,1.5984289348125458e-05,1.5984289348125458e-05,0.0,0.005588573403656483,14.165150880813599,14.170809458009899
N30_L4_balanced_poisson_hS2,29,0.5,168,168,threshold_closest_dimension,release_gap_threshold_0,30,4,"[8, 8, 7, 7]",balanced,poisson,1,2,4,"[[1, 1, 2, 1, 1, 2], [2, 1, 1, 2, 2], [4, 1, 2], [1, 2, 1, 1, 1, 1]]",20,"[6, 5, 3, 6]",147,337,0.5637982195845698,0,0.0,,,,TIME_LIMIT,0.6199040767386458,47108.0,0.003268003463745117,0.009550509043037891,30.000327110290527,30.009929325431585,8.833333333333334,TIME_LIMIT,0.3271392750520189,76689.0,0.0017769336700439453,9.410269558429718e-05,9.410269558429718e-05,0.0,0.007304895669221878,30.00014901161194,30.007607413455844
N30_L4_balanced_poisson_hS2,29,0.75,84,84,proposed_bound_aware,min_Bidx_under_C_budget,30,4,"[8, 8, 7, 7]",balanced,poisson,1,2,4,"[[4, 1, 1, 2], [2, 1, 1, 4], [4, 1, 2], [1, 4, 1, 1]]",15,"[4, 4, 3, 4]",84,337,0.7507418397626113,0,0.0,,,,TIME_LIMIT,0.6199040767386458,47108.0,0.003268003463745117,0.009550509043037891,30.000327110290527,30.009929325431585,8.733333333333333,OPTIMAL,0.0,39125.0,0.0011510848999023438,0.010023794136941433,0.007287300191819668,0.0025739669799804688,0.005472096614539623,10.040470123291016,10.056019740179181
N30_L4_balanced_poisson_hS2,29,0.75,84,84,fixed_size_closest_dimension,fixed_size_3,30,4,"[8, 8, 7, 7]",balanced,poisson,1,2,4,"[[3, 3, 2], [3, 3, 2], [3, 3, 1], [3, 3, 1]]",12,"[3, 3, 3, 3]",54,337,0.8397626112759644,607,20.233333333333334,,,,TIME_LIMIT,0.6199040767386458,47108.0,0.003268003463745117,0.009550509043037891,30.000327110290527,30.009929325431585,8.866666666666667,OPTIMAL,0.0,2427.0,0.0008349418640136719,4.18834388256073e-05,4.18834388256073e-05,0.0,0.005659511312842369,0.2716028690338135,0.2773520378395915
N30_L4_balanced_poisson_hS2,29,0.75,84,84,threshold_closest_dimension,release_gap_threshold_1,30,4,"[8, 8, 7, 7]",balanced,poisson,1,2,4,"[[4, 1, 1, 2], [2, 1, 1, 4], [4, 1, 2], [1, 4, 1, 1]]",15,"[4, 4, 3, 4]",84,337,0.7507418397626113,0,0.0,,,,TIME_LIMIT,0.6199040767386458,47108.0,0.003268003463745117,0.009550509043037891,30.000327110290527,30.009929325431585,8.733333333333333,OPTIMAL,0.0,39125.0,0.0010840892791748047,3.26596200466156e-05,3.26596200466156e-05,0.0,0.00494148675352335,9.995237112045288,10.000263333320618
N30_L4_balanced_poisson_hS2,29,0.9,34,34,proposed_bound_aware,min_Bidx_under_C_budget,30,4,"[8, 8, 7, 7]",balanced,poisson,1,2,4,"[[4, 4], [4, 4], [4, 3], [1, 4, 2]]",9,"[2, 2, 2, 3]",30,337,0.9109792284866469,276,9.2,,,,TIME_LIMIT,0.6199040767386458,47108.0,0.003268003463745117,0.009550509043037891,30.000327110290527,30.009929325431585,8.733333333333333,OPTIMAL,0.0,743.0,0.0006918907165527344,0.018095599487423897,0.007667673751711845,0.010263919830322266,0.004538716748356819,0.07251095771789551,0.09519044496119022
N30_L4_balanced_poisson_hS2,29,0.9,34,34,fixed_size_closest_dimension,fixed_size_4,30,4,"[8, 8, 7, 7]",balanced,poisson,1,2,4,"[[4, 4], [4, 4], [4, 3], [4, 3]]",8,"[2, 2, 2, 2]",24,337,0.9287833827893175,580,19.333333333333332,,,,TIME_LIMIT,0.6199040767386458,47108.0,0.003268003463745117,0.009550509043037891,30.000327110290527,30.009929325431585,8.733333333333333,OPTIMAL,0.0,354.0,0.0006170272827148438,4.211347550153732e-05,4.211347550153732e-05,0.0,0.004163290373980999,0.04306292533874512,0.04731321148574352
N30_L4_balanced_poisson_hS2,29,0.9,34,34,threshold_closest_dimension,release_gap_threshold_4,30,4,"[8, 8, 7, 7]",balanced,poisson,1,2,4,"[[4, 4], [4, 4], [4, 3], [4, 1, 2]]",9,"[2, 2, 2, 3]",30,337,0.9109792284866469,332,11.066666666666666,,,,TIME_LIMIT,0.6199040767386458,47108.0,0.003268003463745117,0.009550509043037891,30.000327110290527,30.009929325431585,8.733333333333333,OPTIMAL,0.0,530.0,0.0006539821624755859,3.1287781894207e-05,3.1287781894207e-05,0.0,0.0036900751292705536,0.05982184410095215,0.0635878099128604
