seed,replication,N,L,counts,releases,arrival_rate,h_F,h_S,threshold,max_platoon_size,method,partition,number_of_platoons,ordering_variable_count,vehicle_level_ordering_variable_count,dimension_reduction_ratio,formation_time_ms,formation_repetitions,model_build_time_s,solve_time_s,end_to_end_time_s,status,objective,actual_optimality_gap,actual_gap_reference,terminal_mip_gap,node_count,partition_specific_upper_bound,scaled_partition_specific_upper_bound,rule_level_upper_bound,scaled_rule_level_upper_bound,np_optimal_objective,matching_chp_objective,pp_optimal_objective,D_NP,D_CHP,D_PP,bound_check_available,bound_valid,bound_slack,delay_order_check_available,np_pp_chp_delay_order_holds
6078376952289553649,0,24,4,"[6, 6, 6, 6]","[[3, 6, 7, 11, 14, 15], [2, 2, 5, 7, 7, 11], [4, 5, 11, 12, 14, 16], [1, 1, 2, 6, 6, 7]]",0.4,1,2,,1,NP,"[[1, 1, 1, 1, 1, 1], [1, 1, 1, 1, 1, 1], [1, 1, 1, 1, 1, 1], [1, 1, 1, 1, 1, 1]]",24,216,216,0.0,0.0014575,20,0.019185608252882957,30.00749111175537,30.02676672393336,TIME_LIMIT,7.833333333333333,,,0.4712435465229646,189662.0,0.0,0,0.0,0,,,,,,,False,,,False,
6078376952289553649,0,24,4,"[6, 6, 6, 6]","[[3, 6, 7, 11, 14, 15], [2, 2, 5, 7, 7, 11], [4, 5, 11, 12, 14, 16], [1, 1, 2, 6, 6, 7]]",0.4,1,2,2,,CHP,"[[1, 2, 1, 2], [2, 3, 1], [2, 4], [3, 3]]",11,44,216,0.7962962962962963,0.0023035,20,0.00631510466337204,0.16438603401184082,0.17078425210368967,OPTIMAL,7.375,,,0.0,3498.0,2.25,54,20.125,483,,,,,7.375,,False,,,False,
6078376952289553649,0,24,4,"[6, 6, 6, 6]","[[3, 6, 7, 11, 14, 15], [2, 2, 5, 7, 7, 11], [4, 5, 11, 12, 14, 16], [1, 1, 2, 6, 6, 7]]",0.4,1,2,2,2,PP,"[[1, 2, 1, 2], [2, 2, 1, 1], [2, 2, 2], [2, 1, 2, 1]]",15,84,216,0.6111111111111112,0.002664,20,0.007904797792434692,1.5230810642242432,1.5310717639031066,OPTIMAL,7.375,,,0.0,40276.0,1.5,36,10.5,252,,7.375,7.375,,7.375,7.375,False,,,False,
6078376952289553649,0,24,4,"[6, 6, 6, 6]","[[3, 6, 7, 11, 14, 15], [2, 2, 5, 7, 7, 11], [4, 5, 11, 12, 14, 16], [1, 1, 2, 6, 6, 7]]",0.4,1,2,2,3,PP,"[[1, 2, 1, 2], [2, 3, 1], [2, 3, 1], [3, 3]]",12,53,216,0.7546296296296297,0.00329,20,0.008725888095796108,0.16690301895141602,0.17574491501841782,OPTIMAL,7.375,,,0.0,3391.0,1.5416666666666667,37,14.0,336,,7.375,7.375,,7.375,7.375,False,,,False,
6078376952289553649,0,24,4,"[6, 6, 6, 6]","[[3, 6, 7, 11, 14, 15], [2, 2, 5, 7, 7, 11], [4, 5, 11, 12, 14, 16], [1, 1, 2, 6, 6, 7]]",0.4,1,2,2,4,PP,"[[1, 2, 1, 2], [2, 3, 1], [2, 4], [3, 3]]",11,44,216,0.7962962962962963,0.0030795,20,0.007210578769445419,0.160783052444458,0.16809209770331812,OPTIMAL,7.375,,,0.0,3498.0,2.25,54,15.75,378,,7.375,7.375,,7.375,7.375,False,,,False,
6078376952289553649,0,24,4,"[6, 6, 6, 6]","[[3, 6, 7, 11, 14, 15], [2, 2, 5, 7, 7, 11], [4, 5, 11, 12, 14, 16], [1, 1, 2, 6, 6, 7]]",0.4,1,2,2,5,PP,"[[1, 2, 1, 2], [2, 3, 1], [2, 4], [3, 3]]",11,44,216,0.7962962962962963,0.002704,20,0.007098318077623844,0.16448712348937988,0.17168461289060497,OPTIMAL,7.375,,,0.0,3498.0,2.25,54,16.625,399,,7.375,7.375,,7.375,7.375,False,,,False,
6078376952289553649,0,24,4,"[6, 6, 6, 6]","[[3, 6, 7, 11, 14, 15], [2, 2, 5, 7, 7, 11], [4, 5, 11, 12, 14, 16], [1, 1, 2, 6, 6, 7]]",0.4,1,2,3,,CHP,"[[3, 3], [5, 1], [2, 4], [3, 3]]",8,24,216,0.8888888888888888,0.0023235,20,0.006166310049593449,0.03140401840209961,0.03765421159484243,OPTIMAL,7.375,,,0.0,316.0,7.416666666666667,178,42.166666666666664,1012,,,,,7.375,,False,,,False,
6078376952289553649,0,24,4,"[6, 6, 6, 6]","[[3, 6, 7, 11, 14, 15], [2, 2, 5, 7, 7, 11], [4, 5, 11, 12, 14, 16], [1, 1, 2, 6, 6, 7]]",0.4,1,2,3,2,PP,"[[2, 1, 2, 1], [2, 2, 1, 1], [2, 2, 2], [2, 1, 2, 1]]",15,84,216,0.6111111111111112,0.002649,20,0.00824437104165554,1.388213872909546,1.3965493723210802,OPTIMAL,7.375,,,0.0,36992.0,4.916666666666667,118,22.0,528,,7.375,7.375,,7.375,7.375,False,,,False,
6078376952289553649,0,24,4,"[6, 6, 6, 6]","[[3, 6, 7, 11, 14, 15], [2, 2, 5, 7, 7, 11], [4, 5, 11, 12, 14, 16], [1, 1, 2, 6, 6, 7]]",0.4,1,2,3,3,PP,"[[3, 3], [3, 2, 1], [2, 3, 1], [3, 3]]",10,37,216,0.8287037037037037,0.004642,20,0.005598763003945351,0.0868690013885498,0.09254888846496773,OPTIMAL,7.375,,,0.0,2134.0,5.916666666666667,142,29.333333333333332,704,,7.375,7.375,,7.375,7.375,False,,,False,
6078376952289553649,0,24,4,"[6, 6, 6, 6]","[[3, 6, 7, 11, 14, 15], [2, 2, 5, 7, 7, 11], [4, 5, 11, 12, 14, 16], [1, 1, 2, 6, 6, 7]]",0.4,1,2,3,4,PP,"[[3, 3], [4, 1, 1], [2, 4], [3, 3]]",9,30,216,0.8611111111111112,0.001898,20,0.005405480042099953,0.06252408027648926,0.06800385002231407,OPTIMAL,7.375,,,0.0,851.0,7.416666666666667,178,33.0,792,,7.375,7.375,,7.375,7.375,False,,,False,
6078376952289553649,0,24,4,"[6, 6, 6, 6]","[[3, 6, 7, 11, 14, 15], [2, 2, 5, 7, 7, 11], [4, 5, 11, 12, 14, 16], [1, 1, 2, 6, 6, 7]]",0.4,1,2,3,5,PP,"[[3, 3], [5, 1], [2, 4], [3, 3]]",8,24,216,0.8888888888888888,0.001893,20,0.005344627425074577,0.027649879455566406,0.03306929263591099,OPTIMAL,7.375,,,0.0,316.0,7.416666666666667,178,34.833333333333336,836,,7.375,7.375,,7.375,7.375,False,,,False,
6078376952289553649,0,24,4,"[6, 6, 6, 6]","[[3, 6, 7, 11, 14, 15], [2, 2, 5, 7, 7, 11], [4, 5, 11, 12, 14, 16], [1, 1, 2, 6, 6, 7]]",0.4,1,2,4,,CHP,"[[6], [6], [2, 4], [6]]",5,9,216,0.9583333333333334,0.004127,20,0.005292809568345547,0.004303932189941406,0.009666720714892864,OPTIMAL,8.458333333333334,,,0.0,1.0,14.791666666666666,355,64.20833333333333,1541,,,,,8.458333333333334,,False,,,False,
6078376952289553649,0,24,4,"[6, 6, 6, 6]","[[3, 6, 7, 11, 14, 15], [2, 2, 5, 7, 7, 11], [4, 5, 11, 12, 14, 16], [1, 1, 2, 6, 6, 7]]",0.4,1,2,4,2,PP,"[[2, 2, 2], [2, 2, 2], [2, 2, 2], [2, 2, 2]]",12,54,216,0.75,0.001983,20,0.005339009687304497,0.45725107192993164,0.46265546160753535,OPTIMAL,7.875,,,0.0,17050.0,10.708333333333334,257,33.5,804,,8.458333333333334,7.875,,8.458333333333334,7.875,False,,,False,
6078376952289553649,0,24,4,"[6, 6, 6, 6]","[[3, 6, 7, 11, 14, 15], [2, 2, 5, 7, 7, 11], [4, 5, 11, 12, 14, 16], [1, 1, 2, 6, 6, 7]]",0.4,1,2,4,3,PP,"[[3, 3], [3, 3], [2, 3, 1], [3, 3]]",9,30,216,0.8611111111111112,0.001923,20,0.005207261070609093,0.045355796813964844,0.05062467679896164,OPTIMAL,7.708333333333333,,,0.0,1077.0,8.208333333333334,197,44.666666666666664,1072,,8.458333333333334,7.708333333333333,,8.458333333333334,7.708333333333333,False,,,False,
6078376952289553649,0,24,4,"[6, 6, 6, 6]","[[3, 6, 7, 11, 14, 15], [2, 2, 5, 7, 7, 11], [4, 5, 11, 12, 14, 16], [1, 1, 2, 6, 6, 7]]",0.4,1,2,4,4,PP,"[[4, 2], [4, 2], [2, 4], [4, 2]]",8,24,216,0.8888888888888888,0.004477,20,0.004911184310913086,0.027888059616088867,0.03286078771776152,OPTIMAL,8.458333333333334,,,0.0,452.0,13.208333333333334,317,50.25,1206,,8.458333333333334,8.458333333333334,,8.458333333333334,8.458333333333334,False,,,False,
6078376952289553649,0,24,4,"[6, 6, 6, 6]","[[3, 6, 7, 11, 14, 15], [2, 2, 5, 7, 7, 11], [4, 5, 11, 12, 14, 16], [1, 1, 2, 6, 6, 7]]",0.4,1,2,4,5,PP,"[[5, 1], [5, 1], [2, 4], [5, 1]]",8,24,216,0.8888888888888888,0.001973,20,0.005037393420934677,0.022063016891479492,0.027160992373357295,OPTIMAL,8.458333333333334,,,0.0,173.0,12.5,300,53.041666666666664,1273,,8.458333333333334,8.458333333333334,,8.458333333333334,8.458333333333334,False,,,False,
12162190215760325770,1,24,4,"[6, 6, 6, 6]","[[3, 4, 5, 5, 7, 8], [3, 3, 4, 6, 7, 10], [7, 9, 11, 12, 12, 14], [4, 5, 7, 11, 13, 14]]",0.4,1,2,,1,NP,"[[1, 1, 1, 1, 1, 1], [1, 1, 1, 1, 1, 1], [1, 1, 1, 1, 1, 1], [1, 1, 1, 1, 1, 1]]",24,216,216,0.0,0.001312,20,0.009384914301335812,30.01161289215088,30.021066607673905,TIME_LIMIT,8.333333333333334,,,0.3907045286877371,194167.0,0.0,0,0.0,0,,,,,,,False,,,False,
12162190215760325770,1,24,4,"[6, 6, 6, 6]","[[3, 4, 5, 5, 7, 8], [3, 3, 4, 6, 7, 10], [7, 9, 11, 12, 12, 14], [4, 5, 7, 11, 13, 14]]",0.4,1,2,2,,CHP,"[[6], [5, 1], [6], [3, 3]]",6,13,216,0.9398148148148148,0.0016925,20,0.005154299549758434,0.014322996139526367,0.01954936730492592,OPTIMAL,8.333333333333334,,,0.0,77.0,5.541666666666667,133,20.125,483,,,,,8.333333333333334,,False,,,False,
12162190215760325770,1,24,4,"[6, 6, 6, 6]","[[3, 4, 5, 5, 7, 8], [3, 3, 4, 6, 7, 10], [7, 9, 11, 12, 12, 14], [4, 5, 7, 11, 13, 14]]",0.4,1,2,2,2,PP,"[[2, 2, 2], [2, 2, 1, 1], [2, 2, 2], [2, 1, 2, 1]]",14,73,216,0.662037037037037,0.002033,20,0.005821469239890575,0.7997751235961914,0.8056642561379151,OPTIMAL,8.333333333333334,,,0.0,24493.0,3.125,75,10.5,252,,8.333333333333334,8.333333333333334,,8.333333333333334,8.333333333333334,False,,,False,
12162190215760325770,1,24,4,"[6, 6, 6, 6]","[[3, 4, 5, 5, 7, 8], [3, 3, 4, 6, 7, 10], [7, 9, 11, 12, 12, 14], [4, 5, 7, 11, 13, 14]]",0.4,1,2,2,3,PP,"[[3, 3], [3, 2, 1], [3, 3], [3, 3]]",9,30,216,0.8611111111111112,0.0018775,20,0.005502306856215,0.048246145248413086,0.05381472311008215,OPTIMAL,8.333333333333334,,,0.0,893.0,4.75,114,14.0,336,,8.333333333333334,8.333333333333334,,8.333333333333334,8.333333333333334,False,,,False,
12162190215760325770,1,24,4,"[6, 6, 6, 6]","[[3, 4, 5, 5, 7, 8], [3, 3, 4, 6, 7, 10], [7, 9, 11, 12, 12, 14], [4, 5, 7, 11, 13, 14]]",0.4,1,2,2,4,PP,"[[4, 2], [4, 1, 1], [4, 2], [3, 3]]",9,30,216,0.8611111111111112,0.0018625,20,0.004994748160243034,0.04539203643798828,0.05045049250512123,OPTIMAL,8.333333333333334,,,0.0,658.0,4.791666666666667,115,15.75,378,,8.333333333333334,8.333333333333334,,8.333333333333334,8.333333333333334,False,,,False,
12162190215760325770,1,24,4,"[6, 6, 6, 6]","[[3, 4, 5, 5, 7, 8], [3, 3, 4, 6, 7, 10], [7, 9, 11, 12, 12, 14], [4, 5, 7, 11, 13, 14]]",0.4,1,2,2,5,PP,"[[5, 1], [5, 1], [5, 1], [3, 3]]",8,24,216,0.8888888888888888,0.001838,20,0.004704471677541733,0.02509617805480957,0.029860427172363282,OPTIMAL,8.333333333333334,,,0.0,365.0,4.833333333333333,116,16.625,399,,8.333333333333334,8.333333333333334,,8.333333333333334,8.333333333333334,False,,,False,
12162190215760325770,1,24,4,"[6, 6, 6, 6]","[[3, 4, 5, 5, 7, 8], [3, 3, 4, 6, 7, 10], [7, 9, 11, 12, 12, 14], [4, 5, 7, 11, 13, 14]]",0.4,1,2,3,,CHP,"[[6], [6], [6], [3, 3]]",5,9,216,0.9583333333333334,0.0017575,20,0.004420401528477669,0.003409862518310547,0.007885283884830474,OPTIMAL,8.333333333333334,,,0.0,1.0,7.041666666666667,169,42.166666666666664,1012,,,,,8.333333333333334,,False,,,False,
12162190215760325770,1,24,4,"[6, 6, 6, 6]","[[3, 4, 5, 5, 7, 8], [3, 3, 4, 6, 7, 10], [7, 9, 11, 12, 12, 14], [4, 5, 7, 11, 13, 14]]",0.4,1,2,3,2,PP,"[[2, 2, 2], [2, 2, 2], [2, 2, 2], [2, 1, 2, 1]]",13,63,216,0.7083333333333333,0.001948,20,0.005580895580351353,0.5658080577850342,0.5714544697190385,OPTIMAL,8.333333333333334,,,0.0,24257.0,4.625,111,22.0,528,,8.333333333333334,8.333333333333334,,8.333333333333334,8.333333333333334,False,,,False,
12162190215760325770,1,24,4,"[6, 6, 6, 6]","[[3, 4, 5, 5, 7, 8], [3, 3, 4, 6, 7, 10], [7, 9, 11, 12, 12, 14], [4, 5, 7, 11, 13, 14]]",0.4,1,2,3,3,PP,"[[3, 3], [3, 3], [3, 3], [3, 3]]",8,24,216,0.8888888888888888,0.004838,20,0.0050498731434345245,0.033154964447021484,0.03827760439640331,OPTIMAL,8.333333333333334,,,0.0,685.0,6.25,150,29.333333333333332,704,,8.333333333333334,8.333333333333334,,8.333333333333334,8.333333333333334,False,,,False,
12162190215760325770,1,24,4,"[6, 6, 6, 6]","[[3, 4, 5, 5, 7, 8], [3, 3, 4, 6, 7, 10], [7, 9, 11, 12, 12, 14], [4, 5, 7, 11, 13, 14]]",0.4,1,2,3,4,PP,"[[4, 2], [4, 2], [4, 2], [3, 3]]",8,24,216,0.8888888888888888,0.001978,20,0.00511476956307888,0.0352778434753418,0.04045947628219414,OPTIMAL,8.333333333333334,,,0.0,462.0,6.291666666666667,151,33.0,792,,8.333333333333334,8.333333333333334,,8.333333333333334,8.333333333333334,False,,,False,
12162190215760325770,1,24,4,"[6, 6, 6, 6]","[[3, 4, 5, 5, 7, 8], [3, 3, 4, 6, 7, 10], [7, 9, 11, 12, 12, 14], [4, 5, 7, 11, 13, 14]]",0.4,1,2,3,5,PP,"[[5, 1], [5, 1], [5, 1], [3, 3]]",8,24,216,0.8888888888888888,0.0018425,20,0.005293169990181923,0.026074886322021484,0.03143129532161236,OPTIMAL,8.333333333333334,,,0.0,365.0,4.833333333333333,116,34.833333333333336,836,,8.333333333333334,8.333333333333334,,8.333333333333334,8.333333333333334,False,,,False,
12162190215760325770,1,24,4,"[6, 6, 6, 6]","[[3, 4, 5, 5, 7, 8], [3, 3, 4, 6, 7, 10], [7, 9, 11, 12, 12, 14], [4, 5, 7, 11, 13, 14]]",0.4,1,2,4,,CHP,"[[6], [6], [6], [6]]",4,6,216,0.9722222222222222,0.0016975,20,0.004585841670632362,0.0027709007263183594,0.00741982988710165,OPTIMAL,8.333333333333334,,,0.0,1.0,9.583333333333334,230,64.20833333333333,1541,,,,,8.333333333333334,,False,,,False,
12162190215760325770,1,24,4,"[6, 6, 6, 6]","[[3, 4, 5, 5, 7, 8], [3, 3, 4, 6, 7, 10], [7, 9, 11, 12, 12, 14], [4, 5, 7, 11, 13, 14]]",0.4,1,2,4,2,PP,"[[2, 2, 2], [2, 2, 2], [2, 2, 2], [2, 2, 2]]",12,54,216,0.75,0.0018575,20,0.005880667828023434,0.3031899929046631,0.30913759439758776,OPTIMAL,8.333333333333334,,,0.0,13817.0,6.416666666666667,154,33.5,804,,8.333333333333334,8.333333333333334,,8.333333333333334,8.333333333333334,False,,,False,
12162190215760325770,1,24,4,"[6, 6, 6, 6]","[[3, 4, 5, 5, 7, 8], [3, 3, 4, 6, 7, 10], [7, 9, 11, 12, 12, 14], [4, 5, 7, 11, 13, 14]]",0.4,1,2,4,3,PP,"[[3, 3], [3, 3], [3, 3], [3, 3]]",8,24,216,0.8888888888888888,0.0048225,20,0.005092337727546692,0.03338217735290527,0.038546585589597226,OPTIMAL,8.333333333333334,,,0.0,685.0,6.25,150,44.666666666666664,1072,,8.333333333333334,8.333333333333334,,8.333333333333334,8.333333333333334,False,,,False,
12162190215760325770,1,24,4,"[6, 6, 6, 6]","[[3, 4, 5, 5, 7, 8], [3, 3, 4, 6, 7, 10], [7, 9, 11, 12, 12, 14], [4, 5, 7, 11, 13, 14]]",0.4,1,2,4,4,PP,"[[4, 2], [4, 2], [4, 2], [4, 2]]",8,24,216,0.8888888888888888,0.001913,20,0.004901288077235222,0.028479814529418945,0.03344167495901632,OPTIMAL,8.333333333333334,,,0.0,320.0,8.083333333333334,194,50.25,1206,,8.333333333333334,8.333333333333334,,8.333333333333334,8.333333333333334,False,,,False,
12162190215760325770,1,24,4,"[6, 6, 6, 6]","[[3, 4, 5, 5, 7, 8], [3, 3, 4, 6, 7, 10], [7, 9, 11, 12, 12, 14], [4, 5, 7, 11, 13, 14]]",0.4,1,2,4,5,PP,"[[5, 1], [5, 1], [5, 1], [5, 1]]",8,24,216,0.8888888888888888,0.0018975,20,0.0048327455297112465,0.024469852447509766,0.029367763013682366,OPTIMAL,8.333333333333334,,,0.0,263.0,7.375,177,53.041666666666664,1273,,8.333333333333334,8.333333333333334,,8.333333333333334,8.333333333333334,False,,,False,
5081856424649597587,2,24,4,"[6, 6, 6, 6]","[[7, 7, 12, 15, 18, 19], [4, 4, 5, 6, 7, 8], [1, 3, 3, 3, 5, 7], [7, 11, 12, 15, 25, 26]]",0.4,1,2,,1,NP,"[[1, 1, 1, 1, 1, 1], [1, 1, 1, 1, 1, 1], [1, 1, 1, 1, 1, 1], [1, 1, 1, 1, 1, 1]]",24,216,216,0.0,0.001432,20,0.009031349793076515,18.17197895050049,18.18108553495099,OPTIMAL,5.375,0.0,np_gurobi_optimal,0.0,175257.0,0.0,0,0.0,0,5.375,,,5.375,,,False,,,False,
5081856424649597587,2,24,4,"[6, 6, 6, 6]","[[7, 7, 12, 15, 18, 19], [4, 4, 5, 6, 7, 8], [1, 3, 3, 3, 5, 7], [7, 11, 12, 15, 25, 26]]",0.4,1,2,2,,CHP,"[[2, 1, 1, 2], [6], [6], [1, 2, 1, 2]]",10,33,216,0.8472222222222222,0.0017375,20,0.00506683811545372,0.024934053421020508,0.030072427006828786,OPTIMAL,5.375,0.0,np_gurobi_optimal,0.0,151.0,2.3333333333333335,56,20.125,483,5.375,,,5.375,5.375,,False,,,False,
5081856424649597587,2,24,4,"[6, 6, 6, 6]","[[7, 7, 12, 15, 18, 19], [4, 4, 5, 6, 7, 8], [1, 3, 3, 3, 5, 7], [7, 11, 12, 15, 25, 26]]",0.4,1,2,2,2,PP,"[[2, 1, 1, 2], [2, 2, 2], [2, 2, 2], [1, 2, 1, 2]]",14,73,216,0.662037037037037,0.002038,20,0.006117815151810646,0.18703103065490723,0.1932197802568202,OPTIMAL,5.375,0.0,np_gurobi_optimal,0.0,3393.0,1.5833333333333333,38,10.5,252,5.375,5.375,5.375,5.375,5.375,5.375,True,True,10.5,True,True
5081856424649597587,2,24,4,"[6, 6, 6, 6]","[[7, 7, 12, 15, 18, 19], [4, 4, 5, 6, 7, 8], [1, 3, 3, 3, 5, 7], [7, 11, 12, 15, 25, 26]]",0.4,1,2,2,3,PP,"[[2, 1, 1, 2], [3, 3], [3, 3], [1, 2, 1, 2]]",12,52,216,0.7592592592592593,0.002103,20,0.005792785435914993,0.0631721019744873,0.06903535135002423,OPTIMAL,5.375,0.0,np_gurobi_optimal,0.0,1126.0,2.3333333333333335,56,14.0,336,5.375,5.375,5.375,5.375,5.375,5.375,True,True,14.0,True,True
5081856424649597587,2,24,4,"[6, 6, 6, 6]","[[7, 7, 12, 15, 18, 19], [4, 4, 5, 6, 7, 8], [1, 3, 3, 3, 5, 7], [7, 11, 12, 15, 25, 26]]",0.4,1,2,2,4,PP,"[[2, 1, 1, 2], [4, 2], [4, 2], [1, 2, 1, 2]]",12,52,216,0.7592592592592593,0.004863,20,0.005473922938108444,0.08031201362609863,0.08585277535625743,OPTIMAL,5.375,0.0,np_gurobi_optimal,0.0,1003.0,1.5833333333333333,38,15.75,378,5.375,5.375,5.375,5.375,5.375,5.375,True,True,15.75,True,True
5081856424649597587,2,24,4,"[6, 6, 6, 6]","[[7, 7, 12, 15, 18, 19], [4, 4, 5, 6, 7, 8], [1, 3, 3, 3, 5, 7], [7, 11, 12, 15, 25, 26]]",0.4,1,2,2,5,PP,"[[2, 1, 1, 2], [5, 1], [5, 1], [1, 2, 1, 2]]",12,52,216,0.7592592592592593,0.001843,20,0.005473842844367027,0.07530713081359863,0.08084530095214176,OPTIMAL,5.375,0.0,np_gurobi_optimal,0.0,858.0,1.625,39,16.625,399,5.375,5.375,5.375,5.375,5.375,5.375,True,True,16.625,True,True
5081856424649597587,2,24,4,"[6, 6, 6, 6]","[[7, 7, 12, 15, 18, 19], [4, 4, 5, 6, 7, 8], [1, 3, 3, 3, 5, 7], [7, 11, 12, 15, 25, 26]]",0.4,1,2,3,,CHP,"[[2, 4], [6], [6], [1, 3, 2]]",7,17,216,0.9212962962962963,0.0018325,20,0.005422375164926052,0.005720853805541992,0.011203882872958183,OPTIMAL,5.375,0.0,np_gurobi_optimal,0.0,1.0,7.25,174,42.166666666666664,1012,5.375,,,5.375,5.375,,False,,,False,
5081856424649597587,2,24,4,"[6, 6, 6, 6]","[[7, 7, 12, 15, 18, 19], [4, 4, 5, 6, 7, 8], [1, 3, 3, 3, 5, 7], [7, 11, 12, 15, 25, 26]]",0.4,1,2,3,2,PP,"[[2, 2, 2], [2, 2, 2], [2, 2, 2], [1, 2, 1, 2]]",13,63,216,0.7083333333333333,0.0050375,20,0.006124146282672882,0.16706490516662598,0.17326347341243029,OPTIMAL,5.375,0.0,np_gurobi_optimal,0.0,3027.0,3.25,78,22.0,528,5.375,5.375,5.375,5.375,5.375,5.375,True,True,22.0,True,True
5081856424649597587,2,24,4,"[6, 6, 6, 6]","[[7, 7, 12, 15, 18, 19], [4, 4, 5, 6, 7, 8], [1, 3, 3, 3, 5, 7], [7, 11, 12, 15, 25, 26]]",0.4,1,2,3,3,PP,"[[2, 3, 1], [3, 3], [3, 3], [1, 3, 2]]",10,37,216,0.8287037037037037,0.002008,20,0.005343777127563953,0.03085017204284668,0.036258286865039346,OPTIMAL,5.375,0.0,np_gurobi_optimal,0.0,374.0,7.25,174,29.333333333333332,704,5.375,5.375,5.375,5.375,5.375,5.375,True,True,29.333333333333332,True,True
5081856424649597587,2,24,4,"[6, 6, 6, 6]","[[7, 7, 12, 15, 18, 19], [4, 4, 5, 6, 7, 8], [1, 3, 3, 3, 5, 7], [7, 11, 12, 15, 25, 26]]",0.4,1,2,3,4,PP,"[[2, 4], [4, 2], [4, 2], [1, 3, 2]]",9,30,216,0.8611111111111112,0.0049175,20,0.004975480958819389,0.029317140579223633,0.03436033346263647,OPTIMAL,5.375,0.0,np_gurobi_optimal,0.0,265.0,6.5,156,33.0,792,5.375,5.375,5.375,5.375,5.375,5.375,True,True,33.0,True,True
5081856424649597587,2,24,4,"[6, 6, 6, 6]","[[7, 7, 12, 15, 18, 19], [4, 4, 5, 6, 7, 8], [1, 3, 3, 3, 5, 7], [7, 11, 12, 15, 25, 26]]",0.4,1,2,3,5,PP,"[[2, 4], [5, 1], [5, 1], [1, 3, 2]]",9,30,216,0.8611111111111112,0.0023235,20,0.005134140141308308,0.02591395378112793,0.031114687993310453,OPTIMAL,5.375,0.0,np_gurobi_optimal,0.0,170.0,6.541666666666667,157,34.833333333333336,836,5.375,5.375,5.375,5.375,5.375,5.375,True,True,34.833333333333336,True,True
5081856424649597587,2,24,4,"[6, 6, 6, 6]","[[7, 7, 12, 15, 18, 19], [4, 4, 5, 6, 7, 8], [1, 3, 3, 3, 5, 7], [7, 11, 12, 15, 25, 26]]",0.4,1,2,4,,CHP,"[[2, 4], [6], [6], [4, 2]]",6,13,216,0.9398148148148148,0.004692,20,0.004970702342689037,0.0027129650115966797,0.007774105292407989,OPTIMAL,5.375,0.0,np_gurobi_optimal,0.0,1.0,10.041666666666666,241,64.20833333333333,1541,5.375,,,5.375,5.375,,False,,,False,
5081856424649597587,2,24,4,"[6, 6, 6, 6]","[[7, 7, 12, 15, 18, 19], [4, 4, 5, 6, 7, 8], [1, 3, 3, 3, 5, 7], [7, 11, 12, 15, 25, 26]]",0.4,1,2,4,2,PP,"[[2, 2, 2], [2, 2, 2], [2, 2, 2], [2, 2, 2]]",12,54,216,0.75,0.0055685,20,0.006307083182036877,0.10425305366516113,0.11063980416520214,OPTIMAL,5.375,0.0,np_gurobi_optimal,0.0,1735.0,7.708333333333333,185,33.5,804,5.375,5.375,5.375,5.375,5.375,5.375,True,True,33.5,True,True
5081856424649597587,2,24,4,"[6, 6, 6, 6]","[[7, 7, 12, 15, 18, 19], [4, 4, 5, 6, 7, 8], [1, 3, 3, 3, 5, 7], [7, 11, 12, 15, 25, 26]]",0.4,1,2,4,3,PP,"[[2, 3, 1], [3, 3], [3, 3], [3, 1, 2]]",10,37,216,0.8287037037037037,0.0020785,20,0.005632864311337471,0.027714014053344727,0.033430613365379336,OPTIMAL,5.375,0.0,np_gurobi_optimal,0.0,175.0,8.375,201,44.666666666666664,1072,5.375,5.375,5.375,5.375,5.375,5.375,True,True,44.666666666666664,True,True
5081856424649597587,2,24,4,"[6, 6, 6, 6]","[[7, 7, 12, 15, 18, 19], [4, 4, 5, 6, 7, 8], [1, 3, 3, 3, 5, 7], [7, 11, 12, 15, 25, 26]]",0.4,1,2,4,4,PP,"[[2, 4], [4, 2], [4, 2], [4, 2]]",8,24,216,0.8888888888888888,0.002098,20,0.005068180151283741,0.023109912872314453,0.028245405024240493,OPTIMAL,5.375,0.0,np_gurobi_optimal,0.0,110.0,9.291666666666666,223,50.25,1206,5.375,5.375,5.375,5.375,5.375,5.375,True,True,50.25,True,True
5081856424649597587,2,24,4,"[6, 6, 6, 6]","[[7, 7, 12, 15, 18, 19], [4, 4, 5, 6, 7, 8], [1, 3, 3, 3, 5, 7], [7, 11, 12, 15, 25, 26]]",0.4,1,2,4,5,PP,"[[2, 4], [5, 1], [5, 1], [4, 2]]",8,24,216,0.8888888888888888,0.004767,20,0.005046246573328972,0.01749706268310547,0.02262198135934305,OPTIMAL,5.375,0.0,np_gurobi_optimal,0.0,71.0,9.333333333333334,224,53.041666666666664,1273,5.375,5.375,5.375,5.375,5.375,5.375,True,True,53.041666666666664,True,True
4998746557633931630,3,24,4,"[6, 6, 6, 6]","[[2, 6, 8, 8, 9, 12], [3, 3, 3, 7, 7, 8], [2, 3, 3, 4, 5, 7], [1, 1, 3, 5, 5, 10]]",0.4,1,2,,1,NP,"[[1, 1, 1, 1, 1, 1], [1, 1, 1, 1, 1, 1], [1, 1, 1, 1, 1, 1], [1, 1, 1, 1, 1, 1]]",24,216,216,0.0,0.001347,20,0.00936214067041874,30.006375074386597,30.015809472026525,TIME_LIMIT,9.291666666666666,,,0.3940118798298256,188610.0,0.0,0,0.0,0,,,,,,,False,,,False,
4998746557633931630,3,24,4,"[6, 6, 6, 6]","[[2, 6, 8, 8, 9, 12], [3, 3, 3, 7, 7, 8], [2, 3, 3, 4, 5, 7], [1, 1, 3, 5, 5, 10]]",0.4,1,2,2,,CHP,"[[1, 4, 1], [3, 3], [6], [5, 1]]",8,23,216,0.8935185185185185,0.004617,20,0.005544860847294331,0.03997206687927246,0.045600039387123106,OPTIMAL,9.791666666666666,,,0.0,335.0,3.1666666666666665,76,20.125,483,,,,,9.791666666666666,,False,,,False,
4998746557633931630,3,24,4,"[6, 6, 6, 6]","[[2, 6, 8, 8, 9, 12], [3, 3, 3, 7, 7, 8], [2, 3, 3, 4, 5, 7], [1, 1, 3, 5, 5, 10]]",0.4,1,2,2,2,PP,"[[1, 2, 2, 1], [2, 1, 2, 1], [2, 2, 2], [2, 2, 1, 1]]",15,84,216,0.6111111111111112,0.005133,20,0.006500374525785446,1.3645188808441162,1.3711000359773473,OPTIMAL,9.458333333333334,,,0.0,41368.0,2.3333333333333335,56,10.5,252,,9.791666666666666,9.458333333333334,,9.791666666666666,9.458333333333334,False,,,False,
4998746557633931630,3,24,4,"[6, 6, 6, 6]","[[2, 6, 8, 8, 9, 12], [3, 3, 3, 7, 7, 8], [2, 3, 3, 4, 5, 7], [1, 1, 3, 5, 5, 10]]",0.4,1,2,2,3,PP,"[[1, 3, 1, 1], [3, 3], [3, 3], [3, 2, 1]]",11,44,216,0.7962962962962963,0.001993,20,0.005693013779819012,0.12477588653564453,0.13054674767652083,OPTIMAL,9.291666666666666,,,0.0,3532.0,2.375,57,14.0,336,,9.791666666666666,9.291666666666666,,9.791666666666666,9.291666666666666,False,,,False,
4998746557633931630,3,24,4,"[6, 6, 6, 6]","[[2, 6, 8, 8, 9, 12], [3, 3, 3, 7, 7, 8], [2, 3, 3, 4, 5, 7], [1, 1, 3, 5, 5, 10]]",0.4,1,2,2,4,PP,"[[1, 4, 1], [3, 3], [4, 2], [4, 1, 1]]",10,37,216,0.8287037037037037,0.0049725,20,0.005506522953510284,0.09482002258300781,0.10039636416474343,OPTIMAL,9.791666666666666,,,0.0,2170.0,3.1666666666666665,76,15.75,378,,9.791666666666666,9.791666666666666,,9.791666666666666,9.791666666666666,False,,,False,
4998746557633931630,3,24,4,"[6, 6, 6, 6]","[[2, 6, 8, 8, 9, 12], [3, 3, 3, 7, 7, 8], [2, 3, 3, 4, 5, 7], [1, 1, 3, 5, 5, 10]]",0.4,1,2,2,5,PP,"[[1, 4, 1], [3, 3], [5, 1], [5, 1]]",9,30,216,0.8611111111111112,0.001888,20,0.005283525213599205,0.0502619743347168,0.05561735501937914,OPTIMAL,9.791666666666666,,,0.0,877.0,2.4583333333333335,59,16.625,399,,9.791666666666666,9.791666666666666,,9.791666666666666,9.791666666666666,False,,,False,
4998746557633931630,3,24,4,"[6, 6, 6, 6]","[[2, 6, 8, 8, 9, 12], [3, 3, 3, 7, 7, 8], [2, 3, 3, 4, 5, 7], [1, 1, 3, 5, 5, 10]]",0.4,1,2,3,,CHP,"[[1, 5], [3, 3], [6], [5, 1]]",7,18,216,0.9166666666666666,0.001782,20,0.005080829374492168,0.0212860107421875,0.026436454996401786,OPTIMAL,9.791666666666666,,,0.0,222.0,4.666666666666667,112,42.166666666666664,1012,,,,,9.791666666666666,,False,,,False,
4998746557633931630,3,24,4,"[6, 6, 6, 6]","[[2, 6, 8, 8, 9, 12], [3, 3, 3, 7, 7, 8], [2, 3, 3, 4, 5, 7], [1, 1, 3, 5, 5, 10]]",0.4,1,2,3,2,PP,"[[1, 2, 2, 1], [2, 1, 2, 1], [2, 2, 2], [2, 2, 1, 1]]",15,84,216,0.6111111111111112,0.002153,20,0.006671682931482792,1.3158848285675049,1.322633656455341,OPTIMAL,9.458333333333334,,,0.0,41368.0,2.3333333333333335,56,22.0,528,,9.791666666666666,9.458333333333334,,9.791666666666666,9.458333333333334,False,,,False,
4998746557633931630,3,24,4,"[6, 6, 6, 6]","[[2, 6, 8, 8, 9, 12], [3, 3, 3, 7, 7, 8], [2, 3, 3, 4, 5, 7], [1, 1, 3, 5, 5, 10]]",0.4,1,2,3,3,PP,"[[1, 3, 2], [3, 3], [3, 3], [3, 2, 1]]",10,37,216,0.8287037037037037,0.0018225,20,0.00524410605430603,0.10913395881652832,0.1144538939879036,OPTIMAL,9.291666666666666,,,0.0,2289.0,3.875,93,29.333333333333332,704,,9.791666666666666,9.291666666666666,,9.791666666666666,9.291666666666666,False,,,False,
4998746557633931630,3,24,4,"[6, 6, 6, 6]","[[2, 6, 8, 8, 9, 12], [3, 3, 3, 7, 7, 8], [2, 3, 3, 4, 5, 7], [1, 1, 3, 5, 5, 10]]",0.4,1,2,3,4,PP,"[[1, 4, 1], [3, 3], [4, 2], [4, 1, 1]]",10,37,216,0.8287037037037037,0.0018175,20,0.005164786241948605,0.09614801406860352,0.10138661090821505,OPTIMAL,9.791666666666666,,,0.0,2170.0,3.1666666666666665,76,33.0,792,,9.791666666666666,9.791666666666666,,9.791666666666666,9.791666666666666,False,,,False,
4998746557633931630,3,24,4,"[6, 6, 6, 6]","[[2, 6, 8, 8, 9, 12], [3, 3, 3, 7, 7, 8], [2, 3, 3, 4, 5, 7], [1, 1, 3, 5, 5, 10]]",0.4,1,2,3,5,PP,"[[1, 5], [3, 3], [5, 1], [5, 1]]",8,24,216,0.8888888888888888,0.001983,20,0.005171936005353928,0.033702850341796875,0.03894950750287342,OPTIMAL,9.791666666666666,,,0.0,438.0,3.9583333333333335,95,34.833333333333336,836,,9.791666666666666,9.791666666666666,,9.791666666666666,9.791666666666666,False,,,False,
4998746557633931630,3,24,4,"[6, 6, 6, 6]","[[2, 6, 8, 8, 9, 12], [3, 3, 3, 7, 7, 8], [2, 3, 3, 4, 5, 7], [1, 1, 3, 5, 5, 10]]",0.4,1,2,4,,CHP,"[[6], [6], [6], [5, 1]]",5,9,216,0.9583333333333334,0.004412,20,0.004849850200116634,0.005814075469970703,0.010735321183621407,OPTIMAL,9.791666666666666,,,0.0,1.0,10.0,240,64.20833333333333,1541,,,,,9.791666666666666,,False,,,False,
4998746557633931630,3,24,4,"[6, 6, 6, 6]","[[2, 6, 8, 8, 9, 12], [3, 3, 3, 7, 7, 8], [2, 3, 3, 4, 5, 7], [1, 1, 3, 5, 5, 10]]",0.4,1,2,4,2,PP,"[[2, 2, 2], [2, 2, 2], [2, 2, 2], [2, 2, 1, 1]]",13,63,216,0.7083333333333333,0.001908,20,0.005606594495475292,0.507918119430542,0.5135948515491562,OPTIMAL,9.458333333333334,,,0.0,20555.0,8.333333333333334,200,33.5,804,,9.791666666666666,9.458333333333334,,9.791666666666666,9.458333333333334,False,,,False,
4998746557633931630,3,24,4,"[6, 6, 6, 6]","[[2, 6, 8, 8, 9, 12], [3, 3, 3, 7, 7, 8], [2, 3, 3, 4, 5, 7], [1, 1, 3, 5, 5, 10]]",0.4,1,2,4,3,PP,"[[3, 3], [3, 3], [3, 3], [3, 2, 1]]",9,30,216,0.8611111111111112,0.002063,20,0.005488044582307339,0.06581306457519531,0.07138328918198394,OPTIMAL,9.291666666666666,,,0.0,1243.0,6.666666666666667,160,44.666666666666664,1072,,9.791666666666666,9.291666666666666,,9.791666666666666,9.291666666666666,False,,,False,
4998746557633931630,3,24,4,"[6, 6, 6, 6]","[[2, 6, 8, 8, 9, 12], [3, 3, 3, 7, 7, 8], [2, 3, 3, 4, 5, 7], [1, 1, 3, 5, 5, 10]]",0.4,1,2,4,4,PP,"[[4, 2], [4, 2], [4, 2], [4, 1, 1]]",9,30,216,0.8611111111111112,0.0051975,20,0.005303726531565189,0.05514216423034668,0.060520970982620714,OPTIMAL,9.791666666666666,,,0.0,1096.0,10.0,240,50.25,1206,,9.791666666666666,9.791666666666666,,9.791666666666666,9.791666666666666,False,,,False,
4998746557633931630,3,24,4,"[6, 6, 6, 6]","[[2, 6, 8, 8, 9, 12], [3, 3, 3, 7, 7, 8], [2, 3, 3, 4, 5, 7], [1, 1, 3, 5, 5, 10]]",0.4,1,2,4,5,PP,"[[5, 1], [5, 1], [5, 1], [5, 1]]",8,24,216,0.8888888888888888,0.0049075,20,0.005357597954571247,0.03254389762878418,0.03797662853077173,OPTIMAL,9.791666666666666,,,0.0,340.0,7.791666666666667,187,53.041666666666664,1273,,9.791666666666666,9.791666666666666,,9.791666666666666,9.791666666666666,False,,,False,
15460422806984223804,4,24,4,"[6, 6, 6, 6]","[[3, 3, 8, 9, 9, 9], [1, 3, 9, 11, 13, 14], [1, 2, 4, 7, 7, 9], [3, 4, 5, 6, 7, 15]]",0.4,1,2,,1,NP,"[[1, 1, 1, 1, 1, 1], [1, 1, 1, 1, 1, 1], [1, 1, 1, 1, 1, 1], [1, 1, 1, 1, 1, 1]]",24,216,216,0.0,0.001322,20,0.009111170656979084,30.01260495185852,30.021805629587444,TIME_LIMIT,8.25,,,0.45275181498145745,254598.0,0.0,0,0.0,0,,,,,,,False,,,False,
15460422806984223804,4,24,4,"[6, 6, 6, 6]","[[3, 3, 8, 9, 9, 9], [1, 3, 9, 11, 13, 14], [1, 2, 4, 7, 7, 9], [3, 4, 5, 6, 7, 15]]",0.4,1,2,2,,CHP,"[[2, 4], [2, 4], [3, 3], [5, 1]]",8,24,216,0.8888888888888888,0.001738,20,0.004990984685719013,0.057479143142700195,0.06255732398786593,OPTIMAL,8.666666666666666,,,0.0,909.0,3.9583333333333335,95,20.125,483,,,,,8.666666666666666,,False,,,False,
15460422806984223804,4,24,4,"[6, 6, 6, 6]","[[3, 3, 8, 9, 9, 9], [1, 3, 9, 11, 13, 14], [1, 2, 4, 7, 7, 9], [3, 4, 5, 6, 7, 15]]",0.4,1,2,2,2,PP,"[[2, 2, 2], [2, 2, 2], [2, 1, 2, 1], [2, 2, 1, 1]]",14,73,216,0.662037037037037,0.002003,20,0.006217066198587418,1.43597412109375,1.4423007953026086,OPTIMAL,8.083333333333334,,,0.0,39405.0,1.6666666666666667,40,10.5,252,,8.666666666666666,8.083333333333334,,8.666666666666666,8.083333333333334,False,,,False,
15460422806984223804,4,24,4,"[6, 6, 6, 6]","[[3, 3, 8, 9, 9, 9], [1, 3, 9, 11, 13, 14], [1, 2, 4, 7, 7, 9], [3, 4, 5, 6, 7, 15]]",0.4,1,2,2,3,PP,"[[2, 3, 1], [2, 3, 1], [3, 3], [3, 2, 1]]",11,45,216,0.7916666666666666,0.001983,20,0.005707976408302784,0.14453482627868652,0.15032256416048576,OPTIMAL,8.666666666666666,,,0.0,4757.0,3.9583333333333335,95,14.0,336,,8.666666666666666,8.666666666666666,,8.666666666666666,8.666666666666666,False,,,False,
15460422806984223804,4,24,4,"[6, 6, 6, 6]","[[3, 3, 8, 9, 9, 9], [1, 3, 9, 11, 13, 14], [1, 2, 4, 7, 7, 9], [3, 4, 5, 6, 7, 15]]",0.4,1,2,2,4,PP,"[[2, 4], [2, 4], [3, 3], [4, 1, 1]]",9,30,216,0.8611111111111112,0.002048,20,0.005544709973037243,0.06932878494262695,0.07495238540997315,OPTIMAL,8.666666666666666,,,0.0,2070.0,3.9583333333333335,95,15.75,378,,8.666666666666666,8.666666666666666,,8.666666666666666,8.666666666666666,False,,,False,
15460422806984223804,4,24,4,"[6, 6, 6, 6]","[[3, 3, 8, 9, 9, 9], [1, 3, 9, 11, 13, 14], [1, 2, 4, 7, 7, 9], [3, 4, 5, 6, 7, 15]]",0.4,1,2,2,5,PP,"[[2, 4], [2, 4], [3, 3], [5, 1]]",8,24,216,0.8888888888888888,0.001973,20,0.005333120934665203,0.05194997787475586,0.057371139985154154,OPTIMAL,8.666666666666666,,,0.0,909.0,3.9583333333333335,95,16.625,399,,8.666666666666666,8.666666666666666,,8.666666666666666,8.666666666666666,False,,,False,
15460422806984223804,4,24,4,"[6, 6, 6, 6]","[[3, 3, 8, 9, 9, 9], [1, 3, 9, 11, 13, 14], [1, 2, 4, 7, 7, 9], [3, 4, 5, 6, 7, 15]]",0.4,1,2,3,,CHP,"[[2, 4], [2, 4], [6], [5, 1]]",7,18,216,0.9166666666666666,0.0023635,20,0.00599756371229887,0.02558588981628418,0.031678477105499266,OPTIMAL,8.875,,,0.0,313.0,5.625,135,42.166666666666664,1012,,,,,8.875,,False,,,False,
15460422806984223804,4,24,4,"[6, 6, 6, 6]","[[3, 3, 8, 9, 9, 9], [1, 3, 9, 11, 13, 14], [1, 2, 4, 7, 7, 9], [3, 4, 5, 6, 7, 15]]",0.4,1,2,3,2,PP,"[[2, 2, 2], [2, 2, 2], [2, 2, 2], [2, 2, 1, 1]]",13,63,216,0.7083333333333333,0.005288,20,0.006344259716570377,0.5612330436706543,0.5676584988336687,OPTIMAL,8.083333333333334,,,0.0,24235.0,4.041666666666667,97,22.0,528,,8.875,8.083333333333334,,8.875,8.083333333333334,False,,,False,
15460422806984223804,4,24,4,"[6, 6, 6, 6]","[[3, 3, 8, 9, 9, 9], [1, 3, 9, 11, 13, 14], [1, 2, 4, 7, 7, 9], [3, 4, 5, 6, 7, 15]]",0.4,1,2,3,3,PP,"[[2, 3, 1], [2, 3, 1], [3, 3], [3, 2, 1]]",11,45,216,0.7916666666666666,0.002003,20,0.005596809089183807,0.13126707077026367,0.1369342186533599,OPTIMAL,8.666666666666666,,,0.0,4757.0,3.9583333333333335,95,29.333333333333332,704,,8.875,8.666666666666666,,8.875,8.666666666666666,False,,,False,
15460422806984223804,4,24,4,"[6, 6, 6, 6]","[[3, 3, 8, 9, 9, 9], [1, 3, 9, 11, 13, 14], [1, 2, 4, 7, 7, 9], [3, 4, 5, 6, 7, 15]]",0.4,1,2,3,4,PP,"[[2, 4], [2, 4], [4, 2], [4, 1, 1]]",9,30,216,0.8611111111111112,0.0049325,20,0.00548921711742878,0.07279205322265625,0.07835364735829353,OPTIMAL,8.875,,,0.0,1298.0,5.625,135,33.0,792,,8.875,8.875,,8.875,8.875,False,,,False,
15460422806984223804,4,24,4,"[6, 6, 6, 6]","[[3, 3, 8, 9, 9, 9], [1, 3, 9, 11, 13, 14], [1, 2, 4, 7, 7, 9], [3, 4, 5, 6, 7, 15]]",0.4,1,2,3,5,PP,"[[2, 4], [2, 4], [5, 1], [5, 1]]",8,24,216,0.8888888888888888,0.001878,20,0.004971874877810478,0.02847003936767578,0.033501388958790776,OPTIMAL,8.875,,,0.0,420.0,4.916666666666667,118,34.833333333333336,836,,8.875,8.875,,8.875,8.875,False,,,False,
15460422806984223804,4,24,4,"[6, 6, 6, 6]","[[3, 3, 8, 9, 9, 9], [1, 3, 9, 11, 13, 14], [1, 2, 4, 7, 7, 9], [3, 4, 5, 6, 7, 15]]",0.4,1,2,4,,CHP,"[[2, 4], [2, 4], [6], [5, 1]]",7,18,216,0.9166666666666666,0.001973,20,0.00491741206496954,0.023714065551757812,0.028699125622044085,OPTIMAL,8.875,,,0.0,313.0,5.625,135,64.20833333333333,1541,,,,,8.875,,False,,,False,
15460422806984223804,4,24,4,"[6, 6, 6, 6]","[[3, 3, 8, 9, 9, 9], [1, 3, 9, 11, 13, 14], [1, 2, 4, 7, 7, 9], [3, 4, 5, 6, 7, 15]]",0.4,1,2,4,2,PP,"[[2, 2, 2], [2, 2, 2], [2, 2, 2], [2, 2, 1, 1]]",13,63,216,0.7083333333333333,0.005168,20,0.006430097855627537,0.5406157970428467,0.5471190149874859,OPTIMAL,8.083333333333334,,,0.0,24235.0,4.041666666666667,97,33.5,804,,8.875,8.083333333333334,,8.875,8.083333333333334,False,,,False,
15460422806984223804,4,24,4,"[6, 6, 6, 6]","[[3, 3, 8, 9, 9, 9], [1, 3, 9, 11, 13, 14], [1, 2, 4, 7, 7, 9], [3, 4, 5, 6, 7, 15]]",0.4,1,2,4,3,PP,"[[2, 3, 1], [2, 3, 1], [3, 3], [3, 2, 1]]",11,45,216,0.7916666666666666,0.001998,20,0.005343165248632431,0.13663196563720703,0.14204532870665598,OPTIMAL,8.666666666666666,,,0.0,4757.0,3.9583333333333335,95,44.666666666666664,1072,,8.875,8.666666666666666,,8.875,8.666666666666666,False,,,False,
15460422806984223804,4,24,4,"[6, 6, 6, 6]","[[3, 3, 8, 9, 9, 9], [1, 3, 9, 11, 13, 14], [1, 2, 4, 7, 7, 9], [3, 4, 5, 6, 7, 15]]",0.4,1,2,4,4,PP,"[[2, 4], [2, 4], [4, 2], [4, 1, 1]]",9,30,216,0.8611111111111112,0.004802,20,0.00568297877907753,0.0697021484375,0.07545561726041031,OPTIMAL,8.875,,,0.0,1298.0,5.625,135,50.25,1206,,8.875,8.875,,8.875,8.875,False,,,False,
15460422806984223804,4,24,4,"[6, 6, 6, 6]","[[3, 3, 8, 9, 9, 9], [1, 3, 9, 11, 13, 14], [1, 2, 4, 7, 7, 9], [3, 4, 5, 6, 7, 15]]",0.4,1,2,4,5,PP,"[[2, 4], [2, 4], [5, 1], [5, 1]]",8,24,216,0.8888888888888888,0.002925,20,0.0068265777081251144,0.041877031326293945,0.048806735961544515,OPTIMAL,8.875,,,0.0,420.0,4.916666666666667,118,53.041666666666664,1273,,8.875,8.875,,8.875,8.875,False,,,False,
12356284672994625002,5,24,4,"[6, 6, 6, 6]","[[3, 13, 14, 16, 16, 16], [2, 5, 7, 8, 8, 9], [0, 5, 6, 7, 10, 13], [4, 7, 7, 20, 22, 23]]",0.4,1,2,,1,NP,"[[1, 1, 1, 1, 1, 1], [1, 1, 1, 1, 1, 1], [1, 1, 1, 1, 1, 1], [1, 1, 1, 1, 1, 1]]",24,216,216,0.0,0.002334,20,0.01104824896901846,30.007596969604492,30.018723317527602,TIME_LIMIT,5.541666666666667,,,0.2527747941281776,341995.0,0.0,0,0.0,0,,,,,,,False,,,False,
12356284672994625002,5,24,4,"[6, 6, 6, 6]","[[3, 13, 14, 16, 16, 16], [2, 5, 7, 8, 8, 9], [0, 5, 6, 7, 10, 13], [4, 7, 7, 20, 22, 23]]",0.4,1,2,2,,CHP,"[[1, 5], [1, 5], [1, 3, 1, 1], [1, 2, 3]]",11,44,216,0.7962962962962963,0.004667,20,0.006044765934348106,0.061280012130737305,0.06741021215272379,OPTIMAL,5.541666666666667,,,0.0,740.0,2.375,57,20.125,483,,,,,5.541666666666667,,False,,,False,
12356284672994625002,5,24,4,"[6, 6, 6, 6]","[[3, 13, 14, 16, 16, 16], [2, 5, 7, 8, 8, 9], [0, 5, 6, 7, 10, 13], [4, 7, 7, 20, 22, 23]]",0.4,1,2,2,2,PP,"[[1, 2, 2, 1], [1, 2, 2, 1], [1, 2, 1, 1, 1], [1, 2, 2, 1]]",17,108,216,0.5,0.002053,20,0.006978257559239864,1.0616741180419922,1.0687298489659696,OPTIMAL,5.541666666666667,,,0.0,26935.0,1.5833333333333333,38,10.5,252,,5.541666666666667,5.541666666666667,,5.541666666666667,5.541666666666667,False,,,False,
12356284672994625002,5,24,4,"[6, 6, 6, 6]","[[3, 13, 14, 16, 16, 16], [2, 5, 7, 8, 8, 9], [0, 5, 6, 7, 10, 13], [4, 7, 7, 20, 22, 23]]",0.4,1,2,2,3,PP,"[[1, 3, 2], [1, 3, 2], [1, 3, 1, 1], [1, 2, 3]]",13,63,216,0.7083333333333333,0.001898,20,0.005947569385170937,0.1425919532775879,0.14860610287821102,OPTIMAL,5.541666666666667,,,0.0,6247.0,2.375,57,14.0,336,,5.541666666666667,5.541666666666667,,5.541666666666667,5.541666666666667,False,,,False,
12356284672994625002,5,24,4,"[6, 6, 6, 6]","[[3, 13, 14, 16, 16, 16], [2, 5, 7, 8, 8, 9], [0, 5, 6, 7, 10, 13], [4, 7, 7, 20, 22, 23]]",0.4,1,2,2,4,PP,"[[1, 4, 1], [1, 4, 1], [1, 3, 1, 1], [1, 2, 3]]",13,63,216,0.7083333333333333,0.004677,20,0.006185739301145077,0.10060906410217285,0.10686328903819513,OPTIMAL,5.541666666666667,,,0.0,3279.0,2.375,57,15.75,378,,5.541666666666667,5.541666666666667,,5.541666666666667,5.541666666666667,False,,,False,
12356284672994625002,5,24,4,"[6, 6, 6, 6]","[[3, 13, 14, 16, 16, 16], [2, 5, 7, 8, 8, 9], [0, 5, 6, 7, 10, 13], [4, 7, 7, 20, 22, 23]]",0.4,1,2,2,5,PP,"[[1, 5], [1, 5], [1, 3, 1, 1], [1, 2, 3]]",11,44,216,0.7962962962962963,0.004527,20,0.005699724890291691,0.04904007911682129,0.054802746352960584,OPTIMAL,5.541666666666667,,,0.0,740.0,2.375,57,16.625,399,,5.541666666666667,5.541666666666667,,5.541666666666667,5.541666666666667,False,,,False,
12356284672994625002,5,24,4,"[6, 6, 6, 6]","[[3, 13, 14, 16, 16, 16], [2, 5, 7, 8, 8, 9], [0, 5, 6, 7, 10, 13], [4, 7, 7, 20, 22, 23]]",0.4,1,2,3,,CHP,"[[1, 5], [6], [1, 5], [3, 3]]",7,18,216,0.9166666666666666,0.0017775,20,0.004669958725571632,0.0043718814849853516,0.009098075866785049,OPTIMAL,5.625,,,0.0,1.0,9.125,219,42.166666666666664,1012,,,,,5.625,,False,,,False,
12356284672994625002,5,24,4,"[6, 6, 6, 6]","[[3, 13, 14, 16, 16, 16], [2, 5, 7, 8, 8, 9], [0, 5, 6, 7, 10, 13], [4, 7, 7, 20, 22, 23]]",0.4,1,2,3,2,PP,"[[1, 2, 2, 1], [2, 2, 2], [1, 2, 2, 1], [2, 1, 2, 1]]",15,84,216,0.6111111111111112,0.005198,20,0.006097645498812199,0.16868185997009277,0.1748494909238081,OPTIMAL,5.625,,,0.0,6645.0,6.0,144,22.0,528,,5.625,5.625,,5.625,5.625,False,,,False,
12356284672994625002,5,24,4,"[6, 6, 6, 6]","[[3, 13, 14, 16, 16, 16], [2, 5, 7, 8, 8, 9], [0, 5, 6, 7, 10, 13], [4, 7, 7, 20, 22, 23]]",0.4,1,2,3,3,PP,"[[1, 3, 2], [3, 3], [1, 3, 2], [3, 3]]",10,37,216,0.8287037037037037,0.001993,20,0.005360972136259079,0.02902388572692871,0.03445718713799047,OPTIMAL,5.625,,,0.0,350.0,7.541666666666667,181,29.333333333333332,704,,5.625,5.625,,5.625,5.625,False,,,False,
12356284672994625002,5,24,4,"[6, 6, 6, 6]","[[3, 13, 14, 16, 16, 16], [2, 5, 7, 8, 8, 9], [0, 5, 6, 7, 10, 13], [4, 7, 7, 20, 22, 23]]",0.4,1,2,3,4,PP,"[[1, 4, 1], [4, 2], [1, 4, 1], [3, 3]]",10,37,216,0.8287037037037037,0.001938,20,0.0048842718824744225,0.025590896606445312,0.03052952691135454,OPTIMAL,5.625,,,0.0,271.0,7.625,183,33.0,792,,5.625,5.625,,5.625,5.625,False,,,False,
12356284672994625002,5,24,4,"[6, 6, 6, 6]","[[3, 13, 14, 16, 16, 16], [2, 5, 7, 8, 8, 9], [0, 5, 6, 7, 10, 13], [4, 7, 7, 20, 22, 23]]",0.4,1,2,3,5,PP,"[[1, 5], [5, 1], [1, 5], [3, 3]]",8,24,216,0.8888888888888888,0.0049525,20,0.004980366677045822,0.015642166137695312,0.02067924822343826,OPTIMAL,5.625,,,0.0,43.0,9.125,219,34.833333333333336,836,,5.625,5.625,,5.625,5.625,False,,,False,
12356284672994625002,5,24,4,"[6, 6, 6, 6]","[[3, 13, 14, 16, 16, 16], [2, 5, 7, 8, 8, 9], [0, 5, 6, 7, 10, 13], [4, 7, 7, 20, 22, 23]]",0.4,1,2,4,,CHP,"[[1, 5], [6], [1, 5], [3, 3]]",7,18,216,0.9166666666666666,0.004537,20,0.004609886556863785,0.0039119720458984375,0.008583542487263203,OPTIMAL,5.625,,,0.0,1.0,9.125,219,64.20833333333333,1541,,,,,5.625,,False,,,False,
12356284672994625002,5,24,4,"[6, 6, 6, 6]","[[3, 13, 14, 16, 16, 16], [2, 5, 7, 8, 8, 9], [0, 5, 6, 7, 10, 13], [4, 7, 7, 20, 22, 23]]",0.4,1,2,4,2,PP,"[[1, 2, 2, 1], [2, 2, 2], [1, 2, 2, 1], [2, 1, 2, 1]]",15,84,216,0.6111111111111112,0.002043,20,0.005439820699393749,0.18174505233764648,0.1872508839280777,OPTIMAL,5.625,,,0.0,6645.0,6.0,144,33.5,804,,5.625,5.625,,5.625,5.625,False,,,False,
12356284672994625002,5,24,4,"[6, 6, 6, 6]","[[3, 13, 14, 16, 16, 16], [2, 5, 7, 8, 8, 9], [0, 5, 6, 7, 10, 13], [4, 7, 7, 20, 22, 23]]",0.4,1,2,4,3,PP,"[[1, 3, 2], [3, 3], [1, 3, 2], [3, 3]]",10,37,216,0.8287037037037037,0.004922,20,0.005546643398702145,0.03353404998779297,0.03916020035488319,OPTIMAL,5.625,,,0.0,350.0,7.541666666666667,181,44.666666666666664,1072,,5.625,5.625,,5.625,5.625,False,,,False,
12356284672994625002,5,24,4,"[6, 6, 6, 6]","[[3, 13, 14, 16, 16, 16], [2, 5, 7, 8, 8, 9], [0, 5, 6, 7, 10, 13], [4, 7, 7, 20, 22, 23]]",0.4,1,2,4,4,PP,"[[1, 4, 1], [4, 2], [1, 4, 1], [3, 3]]",10,37,216,0.8287037037037037,0.001883,20,0.005320572294294834,0.029507160186767578,0.034897412970526696,OPTIMAL,5.625,,,0.0,271.0,7.625,183,50.25,1206,,5.625,5.625,,5.625,5.625,False,,,False,
12356284672994625002,5,24,4,"[6, 6, 6, 6]","[[3, 13, 14, 16, 16, 16], [2, 5, 7, 8, 8, 9], [0, 5, 6, 7, 10, 13], [4, 7, 7, 20, 22, 23]]",0.4,1,2,4,5,PP,"[[1, 5], [5, 1], [1, 5], [3, 3]]",8,24,216,0.8888888888888888,0.001932,20,0.005337095819413662,0.018513917922973633,0.023929564719278335,OPTIMAL,5.625,,,0.0,43.0,9.125,219,53.041666666666664,1273,,5.625,5.625,,5.625,5.625,False,,,False,
970735433106331127,6,24,4,"[6, 6, 6, 6]","[[1, 2, 3, 5, 10, 11], [2, 5, 5, 11, 11, 15], [2, 7, 11, 13, 14, 17], [1, 2, 8, 17, 20, 23]]",0.4,1,2,,1,NP,"[[1, 1, 1, 1, 1, 1], [1, 1, 1, 1, 1, 1], [1, 1, 1, 1, 1, 1], [1, 1, 1, 1, 1, 1]]",24,216,216,0.0,0.001417,20,0.00919720996171236,30.017637968063354,30.02690438878924,TIME_LIMIT,6.166666666666667,,,0.50842522025469,192743.0,0.0,0,0.0,0,,,,,,,False,,,False,
970735433106331127,6,24,4,"[6, 6, 6, 6]","[[1, 2, 3, 5, 10, 11], [2, 5, 5, 11, 11, 15], [2, 7, 11, 13, 14, 17], [1, 2, 8, 17, 20, 23]]",0.4,1,2,2,,CHP,"[[4, 2], [1, 2, 2, 1], [1, 1, 3, 1], [2, 1, 1, 1, 1]]",15,82,216,0.6203703703703703,0.0018775,20,0.006271617487072945,1.1116299629211426,1.1179981780706667,OPTIMAL,6.166666666666667,,,0.0,23013.0,1.5833333333333333,38,20.125,483,,,,,6.166666666666667,,False,,,False,
970735433106331127,6,24,4,"[6, 6, 6, 6]","[[1, 2, 3, 5, 10, 11], [2, 5, 5, 11, 11, 15], [2, 7, 11, 13, 14, 17], [1, 2, 8, 17, 20, 23]]",0.4,1,2,2,2,PP,"[[2, 2, 2], [1, 2, 2, 1], [1, 1, 2, 1, 1], [2, 1, 1, 1, 1]]",17,107,216,0.5046296296296297,0.001983,20,0.006756461225450039,10.518248081207275,10.52507847196426,OPTIMAL,6.166666666666667,,,0.0,135069.0,1.5833333333333333,38,10.5,252,,6.166666666666667,6.166666666666667,,6.166666666666667,6.166666666666667,False,,,False,
970735433106331127,6,24,4,"[6, 6, 6, 6]","[[1, 2, 3, 5, 10, 11], [2, 5, 5, 11, 11, 15], [2, 7, 11, 13, 14, 17], [1, 2, 8, 17, 20, 23]]",0.4,1,2,2,3,PP,"[[3, 1, 2], [1, 2, 2, 1], [1, 1, 3, 1], [2, 1, 1, 1, 1]]",16,95,216,0.5601851851851851,0.001923,20,0.006462818011641502,2.75726580619812,2.763808288430355,OPTIMAL,6.166666666666667,,,0.0,60353.0,0.7916666666666666,19,14.0,336,,6.166666666666667,6.166666666666667,,6.166666666666667,6.166666666666667,False,,,False,
970735433106331127,6,24,4,"[6, 6, 6, 6]","[[1, 2, 3, 5, 10, 11], [2, 5, 5, 11, 11, 15], [2, 7, 11, 13, 14, 17], [1, 2, 8, 17, 20, 23]]",0.4,1,2,2,4,PP,"[[4, 2], [1, 2, 2, 1], [1, 1, 3, 1], [2, 1, 1, 1, 1]]",15,82,216,0.6203703703703703,0.002008,20,0.006161392666399479,0.9430251121520996,0.9492590092807847,OPTIMAL,6.166666666666667,,,0.0,23013.0,1.5833333333333333,38,15.75,378,,6.166666666666667,6.166666666666667,,6.166666666666667,6.166666666666667,False,,,False,
970735433106331127,6,24,4,"[6, 6, 6, 6]","[[1, 2, 3, 5, 10, 11], [2, 5, 5, 11, 11, 15], [2, 7, 11, 13, 14, 17], [1, 2, 8, 17, 20, 23]]",0.4,1,2,2,5,PP,"[[4, 2], [1, 2, 2, 1], [1, 1, 3, 1], [2, 1, 1, 1, 1]]",15,82,216,0.6203703703703703,0.0049175,20,0.006294612772762775,1.0212829113006592,1.027651570854168,OPTIMAL,6.166666666666667,,,0.0,23013.0,1.5833333333333333,38,16.625,399,,6.166666666666667,6.166666666666667,,6.166666666666667,6.166666666666667,False,,,False,
970735433106331127,6,24,4,"[6, 6, 6, 6]","[[1, 2, 3, 5, 10, 11], [2, 5, 5, 11, 11, 15], [2, 7, 11, 13, 14, 17], [1, 2, 8, 17, 20, 23]]",0.4,1,2,3,,CHP,"[[4, 2], [3, 2, 1], [1, 1, 4], [2, 1, 3]]",11,45,216,0.7916666666666666,0.0043915,20,0.005367091856896877,0.11834502220153809,0.12378007950002337,OPTIMAL,6.166666666666667,,,0.0,3840.0,8.0,192,42.166666666666664,1012,,,,,6.166666666666667,,False,,,False,
970735433106331127,6,24,4,"[6, 6, 6, 6]","[[1, 2, 3, 5, 10, 11], [2, 5, 5, 11, 11, 15], [2, 7, 11, 13, 14, 17], [1, 2, 8, 17, 20, 23]]",0.4,1,2,3,2,PP,"[[2, 2, 2], [2, 1, 2, 1], [1, 1, 2, 2], [2, 1, 2, 1]]",15,84,216,0.6111111111111112,0.001933,20,0.006266690790653229,2.4479289054870605,2.45426503805718,OPTIMAL,6.166666666666667,,,0.0,60606.0,6.5,156,22.0,528,,6.166666666666667,6.166666666666667,,6.166666666666667,6.166666666666667,False,,,False,
970735433106331127,6,24,4,"[6, 6, 6, 6]","[[1, 2, 3, 5, 10, 11], [2, 5, 5, 11, 11, 15], [2, 7, 11, 13, 14, 17], [1, 2, 8, 17, 20, 23]]",0.4,1,2,3,3,PP,"[[3, 1, 2], [3, 2, 1], [1, 1, 3, 1], [2, 1, 3]]",13,63,216,0.7083333333333333,0.0018625,20,0.005570689216256142,0.5795629024505615,0.5852026593351245,OPTIMAL,6.166666666666667,,,0.0,15991.0,5.708333333333333,137,29.333333333333332,704,,6.166666666666667,6.166666666666667,,6.166666666666667,6.166666666666667,False,,,False,
970735433106331127,6,24,4,"[6, 6, 6, 6]","[[1, 2, 3, 5, 10, 11], [2, 5, 5, 11, 11, 15], [2, 7, 11, 13, 14, 17], [1, 2, 8, 17, 20, 23]]",0.4,1,2,3,4,PP,"[[4, 2], [3, 2, 1], [1, 1, 4], [2, 1, 3]]",11,45,216,0.7916666666666666,0.002113,20,0.0061884429305791855,0.12464284896850586,0.13090629392906475,OPTIMAL,6.166666666666667,,,0.0,3840.0,8.0,192,33.0,792,,6.166666666666667,6.166666666666667,,6.166666666666667,6.166666666666667,False,,,False,
970735433106331127,6,24,4,"[6, 6, 6, 6]","[[1, 2, 3, 5, 10, 11], [2, 5, 5, 11, 11, 15], [2, 7, 11, 13, 14, 17], [1, 2, 8, 17, 20, 23]]",0.4,1,2,3,5,PP,"[[4, 2], [3, 2, 1], [1, 1, 4], [2, 1, 3]]",11,45,216,0.7916666666666666,0.001958,20,0.005708727985620499,0.12476587295532227,0.1305472155907111,OPTIMAL,6.166666666666667,,,0.0,3840.0,8.0,192,34.833333333333336,836,,6.166666666666667,6.166666666666667,,6.166666666666667,6.166666666666667,False,,,False,
970735433106331127,6,24,4,"[6, 6, 6, 6]","[[1, 2, 3, 5, 10, 11], [2, 5, 5, 11, 11, 15], [2, 7, 11, 13, 14, 17], [1, 2, 8, 17, 20, 23]]",0.4,1,2,4,,CHP,"[[4, 2], [3, 3], [1, 5], [2, 1, 3]]",9,30,216,0.8611111111111112,0.001803,20,0.005411118268966675,0.0455780029296875,0.05106285396638203,OPTIMAL,6.166666666666667,,,0.0,895.0,12.958333333333334,311,64.20833333333333,1541,,,,,6.166666666666667,,False,,,False,
970735433106331127,6,24,4,"[6, 6, 6, 6]","[[1, 2, 3, 5, 10, 11], [2, 5, 5, 11, 11, 15], [2, 7, 11, 13, 14, 17], [1, 2, 8, 17, 20, 23]]",0.4,1,2,4,2,PP,"[[2, 2, 2], [2, 1, 2, 1], [1, 2, 2, 1], [2, 1, 2, 1]]",15,84,216,0.6111111111111112,0.002058,20,0.006637120619416237,1.4349849224090576,1.4416999209305958,OPTIMAL,6.166666666666667,,,0.0,45587.0,6.875,165,33.5,804,,6.166666666666667,6.166666666666667,,6.166666666666667,6.166666666666667,False,,,False,
970735433106331127,6,24,4,"[6, 6, 6, 6]","[[1, 2, 3, 5, 10, 11], [2, 5, 5, 11, 11, 15], [2, 7, 11, 13, 14, 17], [1, 2, 8, 17, 20, 23]]",0.4,1,2,4,3,PP,"[[3, 1, 2], [3, 3], [1, 3, 2], [2, 1, 3]]",11,45,216,0.7916666666666666,0.0035405,20,0.008239593356847763,0.16741490364074707,0.17577385956694175,OPTIMAL,6.166666666666667,,,0.0,6313.0,12.166666666666666,292,44.666666666666664,1072,,6.166666666666667,6.166666666666667,,6.166666666666667,6.166666666666667,False,,,False,
970735433106331127,6,24,4,"[6, 6, 6, 6]","[[1, 2, 3, 5, 10, 11], [2, 5, 5, 11, 11, 15], [2, 7, 11, 13, 14, 17], [1, 2, 8, 17, 20, 23]]",0.4,1,2,4,4,PP,"[[4, 2], [3, 3], [1, 4, 1], [2, 1, 3]]",10,37,216,0.8287037037037037,0.00322,20,0.00700309406965971,0.09481596946716309,0.10191483278635263,OPTIMAL,6.166666666666667,,,0.0,1763.0,11.458333333333334,275,50.25,1206,,6.166666666666667,6.166666666666667,,6.166666666666667,6.166666666666667,False,,,False,
970735433106331127,6,24,4,"[6, 6, 6, 6]","[[1, 2, 3, 5, 10, 11], [2, 5, 5, 11, 11, 15], [2, 7, 11, 13, 14, 17], [1, 2, 8, 17, 20, 23]]",0.4,1,2,4,5,PP,"[[4, 2], [3, 3], [1, 5], [2, 1, 3]]",9,30,216,0.8611111111111112,0.003225,20,0.007491261698305607,0.053967952728271484,0.06157913693914414,OPTIMAL,6.166666666666667,,,0.0,895.0,12.958333333333334,311,53.041666666666664,1273,,6.166666666666667,6.166666666666667,,6.166666666666667,6.166666666666667,False,,,False,
12584311513504212348,7,24,4,"[6, 6, 6, 6]","[[2, 7, 9, 15, 15, 15], [6, 7, 11, 22, 23, 28], [2, 2, 3, 5, 8, 11], [6, 8, 13, 14, 15, 15]]",0.4,1,2,,1,NP,"[[1, 1, 1, 1, 1, 1], [1, 1, 1, 1, 1, 1], [1, 1, 1, 1, 1, 1], [1, 1, 1, 1, 1, 1]]",24,216,216,0.0,0.0022235,20,0.01429345179349184,30.003867149353027,30.018275369391727,TIME_LIMIT,5.083333333333333,,,0.2811292663460288,338807.0,0.0,0,0.0,0,,,,,,,False,,,False,
12584311513504212348,7,24,4,"[6, 6, 6, 6]","[[2, 7, 9, 15, 15, 15], [6, 7, 11, 22, 23, 28], [2, 2, 3, 5, 8, 11], [6, 8, 13, 14, 15, 15]]",0.4,1,2,2,,CHP,"[[1, 2, 3], [2, 1, 2, 1], [4, 1, 1], [2, 4]]",12,53,216,0.7546296296296297,0.0046525,20,0.006067449226975441,0.18358206748962402,0.18973735029235125,OPTIMAL,5.083333333333333,,,0.0,4107.0,2.5,60,20.125,483,,,,,5.083333333333333,,False,,,False,
12584311513504212348,7,24,4,"[6, 6, 6, 6]","[[2, 7, 9, 15, 15, 15], [6, 7, 11, 22, 23, 28], [2, 2, 3, 5, 8, 11], [6, 8, 13, 14, 15, 15]]",0.4,1,2,2,2,PP,"[[1, 2, 2, 1], [2, 1, 2, 1], [2, 2, 1, 1], [2, 2, 2]]",15,84,216,0.6111111111111112,0.0048975,20,0.006476888433098793,0.4380490779876709,0.4446082475134945,OPTIMAL,5.083333333333333,,,0.0,21030.0,2.5,60,10.5,252,,5.083333333333333,5.083333333333333,,5.083333333333333,5.083333333333333,False,,,False,
12584311513504212348,7,24,4,"[6, 6, 6, 6]","[[2, 7, 9, 15, 15, 15], [6, 7, 11, 22, 23, 28], [2, 2, 3, 5, 8, 11], [6, 8, 13, 14, 15, 15]]",0.4,1,2,2,3,PP,"[[1, 2, 3], [2, 1, 2, 1], [3, 1, 1, 1], [2, 3, 1]]",14,73,216,0.662037037037037,0.0046725,20,0.0062585677951574326,0.33899402618408203,0.34532389143358233,OPTIMAL,5.083333333333333,,,0.0,12271.0,1.7083333333333333,41,14.0,336,,5.083333333333333,5.083333333333333,,5.083333333333333,5.083333333333333,False,,,False,
12584311513504212348,7,24,4,"[6, 6, 6, 6]","[[2, 7, 9, 15, 15, 15], [6, 7, 11, 22, 23, 28], [2, 2, 3, 5, 8, 11], [6, 8, 13, 14, 15, 15]]",0.4,1,2,2,4,PP,"[[1, 2, 3], [2, 1, 2, 1], [4, 1, 1], [2, 4]]",12,53,216,0.7546296296296297,0.001948,20,0.005584179423749447,0.17836713790893555,0.18402508613567162,OPTIMAL,5.083333333333333,,,0.0,4107.0,2.5,60,15.75,378,,5.083333333333333,5.083333333333333,,5.083333333333333,5.083333333333333,False,,,False,
12584311513504212348,7,24,4,"[6, 6, 6, 6]","[[2, 7, 9, 15, 15, 15], [6, 7, 11, 22, 23, 28], [2, 2, 3, 5, 8, 11], [6, 8, 13, 14, 15, 15]]",0.4,1,2,2,5,PP,"[[1, 2, 3], [2, 1, 2, 1], [4, 1, 1], [2, 4]]",12,53,216,0.7546296296296297,0.00329,20,0.006316916085779667,0.16907382011413574,0.17546522953603505,OPTIMAL,5.083333333333333,,,0.0,4107.0,2.5,60,16.625,399,,5.083333333333333,5.083333333333333,,5.083333333333333,5.083333333333333,False,,,False,
12584311513504212348,7,24,4,"[6, 6, 6, 6]","[[2, 7, 9, 15, 15, 15], [6, 7, 11, 22, 23, 28], [2, 2, 3, 5, 8, 11], [6, 8, 13, 14, 15, 15]]",0.4,1,2,3,,CHP,"[[1, 2, 3], [2, 1, 2, 1], [6], [2, 4]]",10,35,216,0.837962962962963,0.0016775,20,0.0057128239423036575,0.029528141021728516,0.035302227551033495,OPTIMAL,6.458333333333333,,,0.0,284.0,5.583333333333333,134,42.166666666666664,1012,,,,,6.458333333333333,,False,,,False,
12584311513504212348,7,24,4,"[6, 6, 6, 6]","[[2, 7, 9, 15, 15, 15], [6, 7, 11, 22, 23, 28], [2, 2, 3, 5, 8, 11], [6, 8, 13, 14, 15, 15]]",0.4,1,2,3,2,PP,"[[1, 2, 2, 1], [2, 1, 2, 1], [2, 2, 2], [2, 2, 2]]",14,73,216,0.662037037037037,0.0018975,20,0.006448005326092243,0.22932887077331543,0.23585947456314324,OPTIMAL,5.083333333333333,,,0.0,9465.0,4.0,96,22.0,528,,6.458333333333333,5.083333333333333,,6.458333333333333,5.083333333333333,False,,,False,
12584311513504212348,7,24,4,"[6, 6, 6, 6]","[[2, 7, 9, 15, 15, 15], [6, 7, 11, 22, 23, 28], [2, 2, 3, 5, 8, 11], [6, 8, 13, 14, 15, 15]]",0.4,1,2,3,3,PP,"[[1, 2, 3], [2, 1, 2, 1], [3, 3], [2, 3, 1]]",12,53,216,0.7546296296296297,0.001923,20,0.005828388966619968,0.09608697891235352,0.10199124161668825,OPTIMAL,5.5,,,0.0,2175.0,4.791666666666667,115,29.333333333333332,704,,6.458333333333333,5.5,,6.458333333333333,5.5,False,,,False,
12584311513504212348,7,24,4,"[6, 6, 6, 6]","[[2, 7, 9, 15, 15, 15], [6, 7, 11, 22, 23, 28], [2, 2, 3, 5, 8, 11], [6, 8, 13, 14, 15, 15]]",0.4,1,2,3,4,PP,"[[1, 2, 3], [2, 1, 2, 1], [4, 2], [2, 4]]",11,44,216,0.7962962962962963,0.001943,20,0.005495306104421616,0.07957887649536133,0.08514547281001139,OPTIMAL,5.083333333333333,,,0.0,1838.0,4.0,96,33.0,792,,6.458333333333333,5.083333333333333,,6.458333333333333,5.083333333333333,False,,,False,
12584311513504212348,7,24,4,"[6, 6, 6, 6]","[[2, 7, 9, 15, 15, 15], [6, 7, 11, 22, 23, 28], [2, 2, 3, 5, 8, 11], [6, 8, 13, 14, 15, 15]]",0.4,1,2,3,5,PP,"[[1, 2, 3], [2, 1, 2, 1], [5, 1], [2, 4]]",11,44,216,0.7962962962962963,0.001878,20,0.0053136106580495834,0.057199954986572266,0.06258171655903148,OPTIMAL,5.5,,,0.0,859.0,4.083333333333333,98,34.833333333333336,836,,6.458333333333333,5.5,,6.458333333333333,5.5,False,,,False,
12584311513504212348,7,24,4,"[6, 6, 6, 6]","[[2, 7, 9, 15, 15, 15], [6, 7, 11, 22, 23, 28], [2, 2, 3, 5, 8, 11], [6, 8, 13, 14, 15, 15]]",0.4,1,2,4,,CHP,"[[1, 2, 3], [3, 2, 1], [6], [2, 4]]",9,29,216,0.8657407407407407,0.001843,20,0.005052446387708187,0.015297174453735352,0.02041013623232174,OPTIMAL,6.458333333333333,,,0.0,124.0,8.25,198,64.20833333333333,1541,,,,,6.458333333333333,,False,,,False,
12584311513504212348,7,24,4,"[6, 6, 6, 6]","[[2, 7, 9, 15, 15, 15], [6, 7, 11, 22, 23, 28], [2, 2, 3, 5, 8, 11], [6, 8, 13, 14, 15, 15]]",0.4,1,2,4,2,PP,"[[1, 2, 2, 1], [2, 1, 2, 1], [2, 2, 2], [2, 2, 2]]",14,73,216,0.662037037037037,0.0020635,20,0.005998195149004459,0.24071097373962402,0.246777590984715,OPTIMAL,5.083333333333333,,,0.0,9465.0,4.0,96,33.5,804,,6.458333333333333,5.083333333333333,,6.458333333333333,5.083333333333333,False,,,False,
12584311513504212348,7,24,4,"[6, 6, 6, 6]","[[2, 7, 9, 15, 15, 15], [6, 7, 11, 22, 23, 28], [2, 2, 3, 5, 8, 11], [6, 8, 13, 14, 15, 15]]",0.4,1,2,4,3,PP,"[[1, 2, 3], [3, 2, 1], [3, 3], [2, 3, 1]]",11,45,216,0.7916666666666666,0.002158,20,0.005761388689279556,0.06439399719238281,0.07023122732979822,OPTIMAL,6.083333333333333,,,0.0,996.0,7.458333333333333,179,44.666666666666664,1072,,6.458333333333333,6.083333333333333,,6.458333333333333,6.083333333333333,False,,,False,
12584311513504212348,7,24,4,"[6, 6, 6, 6]","[[2, 7, 9, 15, 15, 15], [6, 7, 11, 22, 23, 28], [2, 2, 3, 5, 8, 11], [6, 8, 13, 14, 15, 15]]",0.4,1,2,4,4,PP,"[[1, 2, 3], [3, 2, 1], [4, 2], [2, 4]]",10,37,216,0.8287037037037037,0.001908,20,0.005453531630337238,0.03404402732849121,0.03956841556299496,OPTIMAL,5.083333333333333,,,0.0,362.0,6.666666666666667,160,50.25,1206,,6.458333333333333,5.083333333333333,,6.458333333333333,5.083333333333333,False,,,False,
12584311513504212348,7,24,4,"[6, 6, 6, 6]","[[2, 7, 9, 15, 15, 15], [6, 7, 11, 22, 23, 28], [2, 2, 3, 5, 8, 11], [6, 8, 13, 14, 15, 15]]",0.4,1,2,4,5,PP,"[[1, 2, 3], [3, 2, 1], [5, 1], [2, 4]]",10,37,216,0.8287037037037037,0.002169,20,0.005452410317957401,0.03268909454345703,0.038215451823562625,OPTIMAL,5.5,,,0.0,326.0,6.75,162,53.041666666666664,1273,,6.458333333333333,5.5,,6.458333333333333,5.5,False,,,False,
13668754175970163766,8,24,4,"[6, 6, 6, 6]","[[6, 7, 10, 11, 11, 19], [2, 8, 9, 11, 17, 20], [1, 1, 2, 2, 11, 12], [11, 12, 13, 15, 17, 25]]",0.4,1,2,,1,NP,"[[1, 1, 1, 1, 1, 1], [1, 1, 1, 1, 1, 1], [1, 1, 1, 1, 1, 1], [1, 1, 1, 1, 1, 1]]",24,216,216,0.0,0.001322,20,0.009302809834480286,23.617852926254272,23.627227394363555,OPTIMAL,4.833333333333333,0.0,np_gurobi_optimal,0.0,235822.0,0.0,0,0.0,0,4.833333333333333,,,4.833333333333333,,,False,,,False,
13668754175970163766,8,24,4,"[6, 6, 6, 6]","[[6, 7, 10, 11, 11, 19], [2, 8, 9, 11, 17, 20], [1, 1, 2, 2, 11, 12], [11, 12, 13, 15, 17, 25]]",0.4,1,2,2,,CHP,"[[2, 3, 1], [1, 3, 1, 1], [4, 2], [5, 1]]",11,44,216,0.7962962962962963,0.001913,20,0.005494153127074242,0.05008816719055176,0.05565711489702511,OPTIMAL,4.833333333333333,0.0,np_gurobi_optimal,0.0,505.0,2.3333333333333335,56,20.125,483,4.833333333333333,,,4.833333333333333,4.833333333333333,,False,,,False,
13668754175970163766,8,24,4,"[6, 6, 6, 6]","[[6, 7, 10, 11, 11, 19], [2, 8, 9, 11, 17, 20], [1, 1, 2, 2, 11, 12], [11, 12, 13, 15, 17, 25]]",0.4,1,2,2,2,PP,"[[2, 2, 1, 1], [1, 2, 1, 1, 1], [2, 2, 2], [2, 2, 1, 1]]",16,95,216,0.5601851851851851,0.001888,20,0.00628626998513937,0.4066798686981201,0.41303264743142176,OPTIMAL,4.833333333333333,0.0,np_gurobi_optimal,0.0,17670.0,0.7916666666666666,19,10.5,252,4.833333333333333,4.833333333333333,4.833333333333333,4.833333333333333,4.833333333333333,4.833333333333333,True,True,10.5,True,True
13668754175970163766,8,24,4,"[6, 6, 6, 6]","[[6, 7, 10, 11, 11, 19], [2, 8, 9, 11, 17, 20], [1, 1, 2, 2, 11, 12], [11, 12, 13, 15, 17, 25]]",0.4,1,2,2,3,PP,"[[2, 3, 1], [1, 3, 1, 1], [3, 1, 2], [3, 2, 1]]",13,63,216,0.7083333333333333,0.001983,20,0.0058610085397958755,0.08441495895385742,0.09034344854768085,OPTIMAL,4.833333333333333,0.0,np_gurobi_optimal,0.0,1830.0,1.5416666666666667,37,14.0,336,4.833333333333333,4.833333333333333,4.833333333333333,4.833333333333333,4.833333333333333,4.833333333333333,True,True,14.0,True,True
13668754175970163766,8,24,4,"[6, 6, 6, 6]","[[6, 7, 10, 11, 11, 19], [2, 8, 9, 11, 17, 20], [1, 1, 2, 2, 11, 12], [11, 12, 13, 15, 17, 25]]",0.4,1,2,2,4,PP,"[[2, 3, 1], [1, 3, 1, 1], [4, 2], [4, 1, 1]]",12,53,216,0.7546296296296297,0.001873,20,0.00557298306375742,0.0555729866027832,0.061211691348288536,OPTIMAL,4.833333333333333,0.0,np_gurobi_optimal,0.0,962.0,1.5833333333333333,38,15.75,378,4.833333333333333,4.833333333333333,4.833333333333333,4.833333333333333,4.833333333333333,4.833333333333333,True,True,15.75,True,True
13668754175970163766,8,24,4,"[6, 6, 6, 6]","[[6, 7, 10, 11, 11, 19], [2, 8, 9, 11, 17, 20], [1, 1, 2, 2, 11, 12], [11, 12, 13, 15, 17, 25]]",0.4,1,2,2,5,PP,"[[2, 3, 1], [1, 3, 1, 1], [4, 2], [5, 1]]",11,44,216,0.7962962962962963,0.001963,20,0.00534848403185606,0.04865717887878418,0.05407091952413368,OPTIMAL,4.833333333333333,0.0,np_gurobi_optimal,0.0,505.0,2.3333333333333335,56,16.625,399,4.833333333333333,4.833333333333333,4.833333333333333,4.833333333333333,4.833333333333333,4.833333333333333,True,True,16.625,True,True
13668754175970163766,8,24,4,"[6, 6, 6, 6]","[[6, 7, 10, 11, 11, 19], [2, 8, 9, 11, 17, 20], [1, 1, 2, 2, 11, 12], [11, 12, 13, 15, 17, 25]]",0.4,1,2,3,,CHP,"[[5, 1], [1, 3, 2], [4, 2], [5, 1]]",9,30,216,0.8611111111111112,0.001712,20,0.004963471554219723,0.016303062438964844,0.021332268832253934,OPTIMAL,4.833333333333333,0.0,np_gurobi_optimal,0.0,98.0,5.583333333333333,134,42.166666666666664,1012,4.833333333333333,,,4.833333333333333,4.833333333333333,,False,,,False,
13668754175970163766,8,24,4,"[6, 6, 6, 6]","[[6, 7, 10, 11, 11, 19], [2, 8, 9, 11, 17, 20], [1, 1, 2, 2, 11, 12], [11, 12, 13, 15, 17, 25]]",0.4,1,2,3,2,PP,"[[2, 2, 1, 1], [1, 2, 1, 2], [2, 2, 2], [2, 2, 1, 1]]",15,84,216,0.6111111111111112,0.002008,20,0.006160740740597248,0.2681159973144531,0.2743471991956072,OPTIMAL,4.833333333333333,0.0,np_gurobi_optimal,0.0,8844.0,2.2916666666666665,55,22.0,528,4.833333333333333,4.833333333333333,4.833333333333333,4.833333333333333,4.833333333333333,4.833333333333333,True,True,22.0,True,True
13668754175970163766,8,24,4,"[6, 6, 6, 6]","[[6, 7, 10, 11, 11, 19], [2, 8, 9, 11, 17, 20], [1, 1, 2, 2, 11, 12], [11, 12, 13, 15, 17, 25]]",0.4,1,2,3,3,PP,"[[3, 2, 1], [1, 3, 2], [3, 1, 2], [3, 2, 1]]",12,54,216,0.75,0.0018925,20,0.005685191601514816,0.04667091369628906,0.05242150468416691,OPTIMAL,4.833333333333333,0.0,np_gurobi_optimal,0.0,411.0,4.791666666666667,115,29.333333333333332,704,4.833333333333333,4.833333333333333,4.833333333333333,4.833333333333333,4.833333333333333,4.833333333333333,True,True,29.333333333333332,True,True
13668754175970163766,8,24,4,"[6, 6, 6, 6]","[[6, 7, 10, 11, 11, 19], [2, 8, 9, 11, 17, 20], [1, 1, 2, 2, 11, 12], [11, 12, 13, 15, 17, 25]]",0.4,1,2,3,4,PP,"[[4, 1, 1], [1, 3, 2], [4, 2], [4, 1, 1]]",11,45,216,0.7916666666666666,0.001918,20,0.005300200544297695,0.04048585891723633,0.04584906756581592,OPTIMAL,4.833333333333333,0.0,np_gurobi_optimal,0.0,386.0,4.833333333333333,116,33.0,792,4.833333333333333,4.833333333333333,4.833333333333333,4.833333333333333,4.833333333333333,4.833333333333333,True,True,33.0,True,True
13668754175970163766,8,24,4,"[6, 6, 6, 6]","[[6, 7, 10, 11, 11, 19], [2, 8, 9, 11, 17, 20], [1, 1, 2, 2, 11, 12], [11, 12, 13, 15, 17, 25]]",0.4,1,2,3,5,PP,"[[5, 1], [1, 3, 2], [4, 2], [5, 1]]",9,30,216,0.8611111111111112,0.004687,20,0.005098034627735615,0.016335010528564453,0.021496557284080505,OPTIMAL,4.833333333333333,0.0,np_gurobi_optimal,0.0,98.0,5.583333333333333,134,34.833333333333336,836,4.833333333333333,4.833333333333333,4.833333333333333,4.833333333333333,4.833333333333333,4.833333333333333,True,True,34.833333333333336,True,True
13668754175970163766,8,24,4,"[6, 6, 6, 6]","[[6, 7, 10, 11, 11, 19], [2, 8, 9, 11, 17, 20], [1, 1, 2, 2, 11, 12], [11, 12, 13, 15, 17, 25]]",0.4,1,2,4,,CHP,"[[5, 1], [1, 3, 2], [4, 2], [5, 1]]",9,30,216,0.8611111111111112,0.0044815,20,0.005094478838145733,0.01595902442932129,0.021112111372858525,OPTIMAL,4.833333333333333,0.0,np_gurobi_optimal,0.0,98.0,5.583333333333333,134,64.20833333333333,1541,4.833333333333333,,,4.833333333333333,4.833333333333333,,False,,,False,
13668754175970163766,8,24,4,"[6, 6, 6, 6]","[[6, 7, 10, 11, 11, 19], [2, 8, 9, 11, 17, 20], [1, 1, 2, 2, 11, 12], [11, 12, 13, 15, 17, 25]]",0.4,1,2,4,2,PP,"[[2, 2, 1, 1], [1, 2, 1, 2], [2, 2, 2], [2, 2, 1, 1]]",15,84,216,0.6111111111111112,0.004988,20,0.0059560611844062805,0.24711894989013672,0.2531469742061739,OPTIMAL,4.833333333333333,0.0,np_gurobi_optimal,0.0,8844.0,2.2916666666666665,55,33.5,804,4.833333333333333,4.833333333333333,4.833333333333333,4.833333333333333,4.833333333333333,4.833333333333333,True,True,33.5,True,True
13668754175970163766,8,24,4,"[6, 6, 6, 6]","[[6, 7, 10, 11, 11, 19], [2, 8, 9, 11, 17, 20], [1, 1, 2, 2, 11, 12], [11, 12, 13, 15, 17, 25]]",0.4,1,2,4,3,PP,"[[3, 2, 1], [1, 3, 2], [3, 1, 2], [3, 2, 1]]",12,54,216,0.75,0.001968,20,0.005698392167687416,0.04450702667236328,0.05027257290101576,OPTIMAL,4.833333333333333,0.0,np_gurobi_optimal,0.0,411.0,4.791666666666667,115,44.666666666666664,1072,4.833333333333333,4.833333333333333,4.833333333333333,4.833333333333333,4.833333333333333,4.833333333333333,True,True,44.666666666666664,True,True
13668754175970163766,8,24,4,"[6, 6, 6, 6]","[[6, 7, 10, 11, 11, 19], [2, 8, 9, 11, 17, 20], [1, 1, 2, 2, 11, 12], [11, 12, 13, 15, 17, 25]]",0.4,1,2,4,4,PP,"[[4, 1, 1], [1, 3, 2], [4, 2], [4, 1, 1]]",11,45,216,0.7916666666666666,0.001923,20,0.00524495542049408,0.041094064712524414,0.046406253991208554,OPTIMAL,4.833333333333333,0.0,np_gurobi_optimal,0.0,386.0,4.833333333333333,116,50.25,1206,4.833333333333333,4.833333333333333,4.833333333333333,4.833333333333333,4.833333333333333,4.833333333333333,True,True,50.25,True,True
13668754175970163766,8,24,4,"[6, 6, 6, 6]","[[6, 7, 10, 11, 11, 19], [2, 8, 9, 11, 17, 20], [1, 1, 2, 2, 11, 12], [11, 12, 13, 15, 17, 25]]",0.4,1,2,4,5,PP,"[[5, 1], [1, 3, 2], [4, 2], [5, 1]]",9,30,216,0.8611111111111112,0.001853,20,0.005015891045331955,0.015345096588134766,0.020422494638338565,OPTIMAL,4.833333333333333,0.0,np_gurobi_optimal,0.0,98.0,5.583333333333333,134,53.041666666666664,1273,4.833333333333333,4.833333333333333,4.833333333333333,4.833333333333333,4.833333333333333,4.833333333333333,True,True,53.041666666666664,True,True
15331399904316999507,9,24,4,"[6, 6, 6, 6]","[[3, 5, 7, 8, 8, 9], [6, 10, 10, 13, 13, 14], [4, 6, 10, 10, 10, 11], [1, 2, 5, 6, 7, 8]]",0.4,1,2,,1,NP,"[[1, 1, 1, 1, 1, 1], [1, 1, 1, 1, 1, 1], [1, 1, 1, 1, 1, 1], [1, 1, 1, 1, 1, 1]]",24,216,216,0.0,0.001482,20,0.009166823700070381,30.007777214050293,30.01701234866435,TIME_LIMIT,7.75,,,0.389763658329957,252576.0,0.0,0,0.0,0,,,,,,,False,,,False,
15331399904316999507,9,24,4,"[6, 6, 6, 6]","[[3, 5, 7, 8, 8, 9], [6, 10, 10, 13, 13, 14], [4, 6, 10, 10, 10, 11], [1, 2, 5, 6, 7, 8]]",0.4,1,2,2,,CHP,"[[6], [1, 2, 3], [2, 4], [2, 4]]",8,23,216,0.8935185185185185,0.0044915,20,0.005229102447628975,0.019697904586791992,0.024996462009290694,OPTIMAL,7.75,,,0.0,197.0,2.5833333333333335,62,20.125,483,,,,,7.75,,False,,,False,
15331399904316999507,9,24,4,"[6, 6, 6, 6]","[[3, 5, 7, 8, 8, 9], [6, 10, 10, 13, 13, 14], [4, 6, 10, 10, 10, 11], [1, 2, 5, 6, 7, 8]]",0.4,1,2,2,2,PP,"[[2, 2, 2], [1, 2, 2, 1], [2, 2, 2], [2, 2, 2]]",13,63,216,0.7083333333333333,0.0018675,20,0.0066984230652451515,0.32088613510131836,0.3276508033395338,OPTIMAL,7.75,,,0.0,14287.0,1.75,42,10.5,252,,7.75,7.75,,7.75,7.75,False,,,False,
15331399904316999507,9,24,4,"[6, 6, 6, 6]","[[3, 5, 7, 8, 8, 9], [6, 10, 10, 13, 13, 14], [4, 6, 10, 10, 10, 11], [1, 2, 5, 6, 7, 8]]",0.4,1,2,2,3,PP,"[[3, 3], [1, 2, 3], [2, 3, 1], [2, 3, 1]]",11,45,216,0.7916666666666666,0.0019025,20,0.005194811150431633,0.07170701026916504,0.07696294299682617,OPTIMAL,7.75,,,0.0,1385.0,2.5833333333333335,62,14.0,336,,7.75,7.75,,7.75,7.75,False,,,False,
15331399904316999507,9,24,4,"[6, 6, 6, 6]","[[3, 5, 7, 8, 8, 9], [6, 10, 10, 13, 13, 14], [4, 6, 10, 10, 10, 11], [1, 2, 5, 6, 7, 8]]",0.4,1,2,2,4,PP,"[[4, 2], [1, 2, 3], [2, 4], [2, 4]]",9,30,216,0.8611111111111112,0.001843,20,0.004768497310578823,0.03340005874633789,0.03822587142342854,OPTIMAL,7.75,,,0.0,664.0,2.5833333333333335,62,15.75,378,,7.75,7.75,,7.75,7.75,False,,,False,
15331399904316999507,9,24,4,"[6, 6, 6, 6]","[[3, 5, 7, 8, 8, 9], [6, 10, 10, 13, 13, 14], [4, 6, 10, 10, 10, 11], [1, 2, 5, 6, 7, 8]]",0.4,1,2,2,5,PP,"[[5, 1], [1, 2, 3], [2, 4], [2, 4]]",9,30,216,0.8611111111111112,0.001838,20,0.0047691985964775085,0.028506040573120117,0.03333184079963016,OPTIMAL,7.75,,,0.0,365.0,2.5833333333333335,62,16.625,399,,7.75,7.75,,7.75,7.75,False,,,False,
15331399904316999507,9,24,4,"[6, 6, 6, 6]","[[3, 5, 7, 8, 8, 9], [6, 10, 10, 13, 13, 14], [4, 6, 10, 10, 10, 11], [1, 2, 5, 6, 7, 8]]",0.4,1,2,3,,CHP,"[[6], [1, 5], [2, 4], [6]]",6,13,216,0.9398148148148148,0.0017375,20,0.004301741719245911,0.006110191345214844,0.010463628570008278,OPTIMAL,8.083333333333334,,,0.0,1.0,6.0,144,42.166666666666664,1012,,,,,8.083333333333334,,False,,,False,
15331399904316999507,9,24,4,"[6, 6, 6, 6]","[[3, 5, 7, 8, 8, 9], [6, 10, 10, 13, 13, 14], [4, 6, 10, 10, 10, 11], [1, 2, 5, 6, 7, 8]]",0.4,1,2,3,2,PP,"[[2, 2, 2], [1, 2, 2, 1], [2, 2, 2], [2, 2, 2]]",13,63,216,0.7083333333333333,0.001933,20,0.005026446655392647,0.2784860134124756,0.28357342494926024,OPTIMAL,7.75,,,0.0,14287.0,1.75,42,22.0,528,,8.083333333333334,7.75,,8.083333333333334,7.75,False,,,False,
15331399904316999507,9,24,4,"[6, 6, 6, 6]","[[3, 5, 7, 8, 8, 9], [6, 10, 10, 13, 13, 14], [4, 6, 10, 10, 10, 11], [1, 2, 5, 6, 7, 8]]",0.4,1,2,3,3,PP,"[[3, 3], [1, 3, 2], [2, 3, 1], [3, 3]]",10,37,216,0.8287037037037037,0.002424,20,0.0060861678794026375,0.06317806243896484,0.0693415056450119,OPTIMAL,8.083333333333334,,,0.0,1421.0,6.0,144,29.333333333333332,704,,8.083333333333334,8.083333333333334,,8.083333333333334,8.083333333333334,False,,,False,
15331399904316999507,9,24,4,"[6, 6, 6, 6]","[[3, 5, 7, 8, 8, 9], [6, 10, 10, 13, 13, 14], [4, 6, 10, 10, 10, 11], [1, 2, 5, 6, 7, 8]]",0.4,1,2,3,4,PP,"[[4, 2], [1, 4, 1], [2, 4], [4, 2]]",9,30,216,0.8611111111111112,0.001823,20,0.0046842098236083984,0.04292702674865723,0.04766416589854765,OPTIMAL,8.083333333333334,,,0.0,542.0,6.0,144,33.0,792,,8.083333333333334,8.083333333333334,,8.083333333333334,8.083333333333334,False,,,False,
15331399904316999507,9,24,4,"[6, 6, 6, 6]","[[3, 5, 7, 8, 8, 9], [6, 10, 10, 13, 13, 14], [4, 6, 10, 10, 10, 11], [1, 2, 5, 6, 7, 8]]",0.4,1,2,3,5,PP,"[[5, 1], [1, 5], [2, 4], [5, 1]]",8,24,216,0.8888888888888888,0.001833,20,0.004363063722848892,0.02519512176513672,0.029609919682856083,OPTIMAL,8.083333333333334,,,0.0,275.0,6.0,144,34.833333333333336,836,,8.083333333333334,8.083333333333334,,8.083333333333334,8.083333333333334,False,,,False,
15331399904316999507,9,24,4,"[6, 6, 6, 6]","[[3, 5, 7, 8, 8, 9], [6, 10, 10, 13, 13, 14], [4, 6, 10, 10, 10, 11], [1, 2, 5, 6, 7, 8]]",0.4,1,2,4,,CHP,"[[6], [6], [6], [6]]",4,6,216,0.9722222222222222,0.0017025,20,0.003874845802783966,0.001971006393432617,0.005897433539345264,OPTIMAL,8.083333333333334,,,0.0,1.0,11.458333333333334,275,64.20833333333333,1541,,,,,8.083333333333334,,False,,,False,
15331399904316999507,9,24,4,"[6, 6, 6, 6]","[[3, 5, 7, 8, 8, 9], [6, 10, 10, 13, 13, 14], [4, 6, 10, 10, 10, 11], [1, 2, 5, 6, 7, 8]]",0.4,1,2,4,2,PP,"[[2, 2, 2], [2, 2, 2], [2, 2, 2], [2, 2, 2]]",12,54,216,0.75,0.0047625,20,0.005090543068945408,0.2166609764099121,0.22181624611414671,OPTIMAL,7.75,,,0.0,8955.0,6.208333333333333,149,33.5,804,,8.083333333333334,7.75,,8.083333333333334,7.75,False,,,False,
15331399904316999507,9,24,4,"[6, 6, 6, 6]","[[3, 5, 7, 8, 8, 9], [6, 10, 10, 13, 13, 14], [4, 6, 10, 10, 10, 11], [1, 2, 5, 6, 7, 8]]",0.4,1,2,4,3,PP,"[[3, 3], [3, 3], [3, 3], [3, 3]]",8,24,216,0.8888888888888888,0.003115,20,0.006499132141470909,0.027631044387817383,0.03421328655051231,OPTIMAL,8.083333333333334,,,0.0,350.0,9.791666666666666,235,44.666666666666664,1072,,8.083333333333334,8.083333333333334,,8.083333333333334,8.083333333333334,False,,,False,
15331399904316999507,9,24,4,"[6, 6, 6, 6]","[[3, 5, 7, 8, 8, 9], [6, 10, 10, 13, 13, 14], [4, 6, 10, 10, 10, 11], [1, 2, 5, 6, 7, 8]]",0.4,1,2,4,4,PP,"[[4, 2], [4, 2], [4, 2], [4, 2]]",8,24,216,0.8888888888888888,0.001918,20,0.004685411229729652,0.022768020629882812,0.027512274158018112,OPTIMAL,8.083333333333334,,,0.0,215.0,11.458333333333334,275,50.25,1206,,8.083333333333334,8.083333333333334,,8.083333333333334,8.083333333333334,False,,,False,
15331399904316999507,9,24,4,"[6, 6, 6, 6]","[[3, 5, 7, 8, 8, 9], [6, 10, 10, 13, 13, 14], [4, 6, 10, 10, 10, 11], [1, 2, 5, 6, 7, 8]]",0.4,1,2,4,5,PP,"[[5, 1], [5, 1], [5, 1], [5, 1]]",8,24,216,0.8888888888888888,0.0044765,20,0.004609996452927589,0.022874116897583008,0.027545169559563636,OPTIMAL,8.083333333333334,,,0.0,160.0,11.458333333333334,275,53.041666666666664,1273,,8.083333333333334,8.083333333333334,,8.083333333333334,8.083333333333334,False,,,False,
6541004963954287982,10,24,4,"[6, 6, 6, 6]","[[3, 3, 9, 10, 14, 23], [0, 2, 8, 9, 15, 17], [2, 5, 12, 14, 15, 15], [1, 4, 4, 6, 7, 8]]",0.4,1,2,,1,NP,"[[1, 1, 1, 1, 1, 1], [1, 1, 1, 1, 1, 1], [1, 1, 1, 1, 1, 1], [1, 1, 1, 1, 1, 1]]",24,216,216,0.0,0.0016875,20,0.00831544678658247,30.004913806915283,30.013292440156757,TIME_LIMIT,6.166666666666667,,,0.4171575421575562,266323.0,0.0,0,0.0,0,,,,,,,False,,,False,
6541004963954287982,10,24,4,"[6, 6, 6, 6]","[[3, 3, 9, 10, 14, 23], [0, 2, 8, 9, 15, 17], [2, 5, 12, 14, 15, 15], [1, 4, 4, 6, 7, 8]]",0.4,1,2,2,,CHP,"[[2, 2, 1, 1], [2, 2, 2], [1, 1, 4], [1, 5]]",12,53,216,0.7546296296296297,0.0017725,20,0.005479601211845875,0.10831999778747559,0.11387216319086313,OPTIMAL,6.041666666666667,,,0.0,2397.0,3.1666666666666665,76,20.125,483,,,,,6.041666666666667,,False,,,False,
6541004963954287982,10,24,4,"[6, 6, 6, 6]","[[3, 3, 9, 10, 14, 23], [0, 2, 8, 9, 15, 17], [2, 5, 12, 14, 15, 15], [1, 4, 4, 6, 7, 8]]",0.4,1,2,2,2,PP,"[[2, 2, 1, 1], [2, 2, 2], [1, 1, 2, 2], [1, 2, 2, 1]]",15,84,216,0.6111111111111112,0.0048125,20,0.006142263300716877,1.0726168155670166,1.0788311710418463,OPTIMAL,6.041666666666667,,,0.0,28853.0,2.375,57,10.5,252,,6.041666666666667,6.041666666666667,,6.041666666666667,6.041666666666667,False,,,False,
6541004963954287982,10,24,4,"[6, 6, 6, 6]","[[3, 3, 9, 10, 14, 23], [0, 2, 8, 9, 15, 17], [2, 5, 12, 14, 15, 15], [1, 4, 4, 6, 7, 8]]",0.4,1,2,2,3,PP,"[[2, 2, 1, 1], [2, 2, 2], [1, 1, 3, 1], [1, 3, 2]]",14,73,216,0.662037037037037,0.001948,20,0.005948360078036785,0.26245689392089844,0.26847289469938085,OPTIMAL,6.041666666666667,,,0.0,10495.0,3.1666666666666665,76,14.0,336,,6.041666666666667,6.041666666666667,,6.041666666666667,6.041666666666667,False,,,False,
6541004963954287982,10,24,4,"[6, 6, 6, 6]","[[3, 3, 9, 10, 14, 23], [0, 2, 8, 9, 15, 17], [2, 5, 12, 14, 15, 15], [1, 4, 4, 6, 7, 8]]",0.4,1,2,2,4,PP,"[[2, 2, 1, 1], [2, 2, 2], [1, 1, 4], [1, 4, 1]]",13,63,216,0.7083333333333333,0.0022585,20,0.005945654585957527,0.18648791313171387,0.192511154381474,OPTIMAL,6.041666666666667,,,0.0,6379.0,3.1666666666666665,76,15.75,378,,6.041666666666667,6.041666666666667,,6.041666666666667,6.041666666666667,False,,,False,
6541004963954287982,10,24,4,"[6, 6, 6, 6]","[[3, 3, 9, 10, 14, 23], [0, 2, 8, 9, 15, 17], [2, 5, 12, 14, 15, 15], [1, 4, 4, 6, 7, 8]]",0.4,1,2,2,5,PP,"[[2, 2, 1, 1], [2, 2, 2], [1, 1, 4], [1, 5]]",12,53,216,0.7546296296296297,0.005053,20,0.005847617983818054,0.11121606826782227,0.11713376978173543,OPTIMAL,6.041666666666667,,,0.0,2397.0,3.1666666666666665,76,16.625,399,,6.041666666666667,6.041666666666667,,6.041666666666667,6.041666666666667,False,,,False,
6541004963954287982,10,24,4,"[6, 6, 6, 6]","[[3, 3, 9, 10, 14, 23], [0, 2, 8, 9, 15, 17], [2, 5, 12, 14, 15, 15], [1, 4, 4, 6, 7, 8]]",0.4,1,2,3,,CHP,"[[2, 2, 1, 1], [2, 2, 2], [2, 4], [6]]",10,35,216,0.837962962962963,0.0018575,20,0.0053585972636938095,0.05818605422973633,0.06361812956206321,OPTIMAL,6.041666666666667,,,0.0,695.0,6.833333333333333,164,42.166666666666664,1012,,,,,6.041666666666667,,False,,,False,
6541004963954287982,10,24,4,"[6, 6, 6, 6]","[[3, 3, 9, 10, 14, 23], [0, 2, 8, 9, 15, 17], [2, 5, 12, 14, 15, 15], [1, 4, 4, 6, 7, 8]]",0.4,1,2,3,2,PP,"[[2, 2, 1, 1], [2, 2, 2], [2, 2, 2], [2, 2, 2]]",13,63,216,0.7083333333333333,0.001958,20,0.006049462594091892,0.17532992362976074,0.18144973775976467,OPTIMAL,6.041666666666667,,,0.0,5845.0,6.833333333333333,164,22.0,528,,6.041666666666667,6.041666666666667,,6.041666666666667,6.041666666666667,False,,,False,
6541004963954287982,10,24,4,"[6, 6, 6, 6]","[[3, 3, 9, 10, 14, 23], [0, 2, 8, 9, 15, 17], [2, 5, 12, 14, 15, 15], [1, 4, 4, 6, 7, 8]]",0.4,1,2,3,3,PP,"[[2, 2, 1, 1], [2, 2, 2], [2, 3, 1], [3, 3]]",12,53,216,0.7546296296296297,0.004988,20,0.006187170743942261,0.10182905197143555,0.10809238890578794,OPTIMAL,6.041666666666667,,,0.0,2408.0,6.041666666666667,145,29.333333333333332,704,,6.041666666666667,6.041666666666667,,6.041666666666667,6.041666666666667,False,,,False,
6541004963954287982,10,24,4,"[6, 6, 6, 6]","[[3, 3, 9, 10, 14, 23], [0, 2, 8, 9, 15, 17], [2, 5, 12, 14, 15, 15], [1, 4, 4, 6, 7, 8]]",0.4,1,2,3,4,PP,"[[2, 2, 1, 1], [2, 2, 2], [2, 4], [4, 2]]",11,44,216,0.7962962962962963,0.005032,20,0.005581675097346306,0.08621692657470703,0.09187233920102787,OPTIMAL,6.041666666666667,,,0.0,1928.0,6.833333333333333,164,33.0,792,,6.041666666666667,6.041666666666667,,6.041666666666667,6.041666666666667,False,,,False,
6541004963954287982,10,24,4,"[6, 6, 6, 6]","[[3, 3, 9, 10, 14, 23], [0, 2, 8, 9, 15, 17], [2, 5, 12, 14, 15, 15], [1, 4, 4, 6, 7, 8]]",0.4,1,2,3,5,PP,"[[2, 2, 1, 1], [2, 2, 2], [2, 4], [5, 1]]",11,44,216,0.7962962962962963,0.0050525,20,0.005460032261908054,0.07271385192871094,0.07825517009996415,OPTIMAL,6.041666666666667,,,0.0,1440.0,6.833333333333333,164,34.833333333333336,836,,6.041666666666667,6.041666666666667,,6.041666666666667,6.041666666666667,False,,,False,
6541004963954287982,10,24,4,"[6, 6, 6, 6]","[[3, 3, 9, 10, 14, 23], [0, 2, 8, 9, 15, 17], [2, 5, 12, 14, 15, 15], [1, 4, 4, 6, 7, 8]]",0.4,1,2,4,,CHP,"[[2, 3, 1], [2, 2, 2], [2, 4], [6]]",9,29,216,0.8657407407407407,0.0022635,20,0.006138628348708153,0.0342710018157959,0.04048970287164545,OPTIMAL,6.041666666666667,,,0.0,364.0,9.25,222,64.20833333333333,1541,,,,,6.041666666666667,,False,,,False,
6541004963954287982,10,24,4,"[6, 6, 6, 6]","[[3, 3, 9, 10, 14, 23], [0, 2, 8, 9, 15, 17], [2, 5, 12, 14, 15, 15], [1, 4, 4, 6, 7, 8]]",0.4,1,2,4,2,PP,"[[2, 2, 1, 1], [2, 2, 2], [2, 2, 2], [2, 2, 2]]",13,63,216,0.7083333333333333,0.002018,20,0.006094411015510559,0.17816615104675293,0.184336290518754,OPTIMAL,6.041666666666667,,,0.0,5845.0,6.833333333333333,164,33.5,804,,6.041666666666667,6.041666666666667,,6.041666666666667,6.041666666666667,False,,,False,
6541004963954287982,10,24,4,"[6, 6, 6, 6]","[[3, 3, 9, 10, 14, 23], [0, 2, 8, 9, 15, 17], [2, 5, 12, 14, 15, 15], [1, 4, 4, 6, 7, 8]]",0.4,1,2,4,3,PP,"[[2, 3, 1], [2, 2, 2], [2, 3, 1], [3, 3]]",11,45,216,0.7916666666666666,0.002003,20,0.0057218968868255615,0.11705398559570312,0.12284758752665806,OPTIMAL,6.041666666666667,,,0.0,1666.0,8.458333333333334,203,44.666666666666664,1072,,6.041666666666667,6.041666666666667,,6.041666666666667,6.041666666666667,False,,,False,
6541004963954287982,10,24,4,"[6, 6, 6, 6]","[[3, 3, 9, 10, 14, 23], [0, 2, 8, 9, 15, 17], [2, 5, 12, 14, 15, 15], [1, 4, 4, 6, 7, 8]]",0.4,1,2,4,4,PP,"[[2, 3, 1], [2, 2, 2], [2, 4], [4, 2]]",10,37,216,0.8287037037037037,0.001923,20,0.005279898643493652,0.08192205429077148,0.08727390580394077,OPTIMAL,6.041666666666667,,,0.0,1178.0,9.25,222,50.25,1206,,6.041666666666667,6.041666666666667,,6.041666666666667,6.041666666666667,False,,,False,
6541004963954287982,10,24,4,"[6, 6, 6, 6]","[[3, 3, 9, 10, 14, 23], [0, 2, 8, 9, 15, 17], [2, 5, 12, 14, 15, 15], [1, 4, 4, 6, 7, 8]]",0.4,1,2,4,5,PP,"[[2, 3, 1], [2, 2, 2], [2, 4], [5, 1]]",10,37,216,0.8287037037037037,0.004737,20,0.005397345870733261,0.06916403770446777,0.07463208987845135,OPTIMAL,6.041666666666667,,,0.0,925.0,9.25,222,53.041666666666664,1273,,6.041666666666667,6.041666666666667,,6.041666666666667,6.041666666666667,False,,,False,
10056995714961131907,11,24,4,"[6, 6, 6, 6]","[[1, 2, 3, 6, 7, 11], [5, 6, 7, 8, 8, 11], [1, 2, 2, 3, 5, 7], [2, 4, 5, 8, 13, 14]]",0.4,1,2,,1,NP,"[[1, 1, 1, 1, 1, 1], [1, 1, 1, 1, 1, 1], [1, 1, 1, 1, 1, 1], [1, 1, 1, 1, 1, 1]]",24,216,216,0.0,0.001337,20,0.009300455451011658,30.008432865142822,30.01780853941368,TIME_LIMIT,8.291666666666666,,,0.3878788313878486,251084.0,0.0,0,0.0,0,,,,,,,False,,,False,
10056995714961131907,11,24,4,"[6, 6, 6, 6]","[[1, 2, 3, 6, 7, 11], [5, 6, 7, 8, 8, 11], [1, 2, 2, 3, 5, 7], [2, 4, 5, 8, 13, 14]]",0.4,1,2,2,,CHP,"[[3, 2, 1], [5, 1], [6], [3, 1, 2]]",9,29,216,0.8657407407407407,0.004417,20,0.005166658200323582,0.036221981048583984,0.041457434853200435,OPTIMAL,8.625,,,0.0,395.0,2.3333333333333335,56,20.125,483,,,,,8.625,,False,,,False,
10056995714961131907,11,24,4,"[6, 6, 6, 6]","[[1, 2, 3, 6, 7, 11], [5, 6, 7, 8, 8, 11], [1, 2, 2, 3, 5, 7], [2, 4, 5, 8, 13, 14]]",0.4,1,2,2,2,PP,"[[2, 1, 2, 1], [2, 2, 1, 1], [2, 2, 2], [2, 1, 1, 2]]",15,84,216,0.6111111111111112,0.001898,20,0.00583245512098074,1.1689679622650146,1.1748622189853173,OPTIMAL,8.458333333333334,,,0.0,53232.0,1.5833333333333333,38,10.5,252,,8.625,8.458333333333334,,8.625,8.458333333333334,False,,,False,
10056995714961131907,11,24,4,"[6, 6, 6, 6]","[[1, 2, 3, 6, 7, 11], [5, 6, 7, 8, 8, 11], [1, 2, 2, 3, 5, 7], [2, 4, 5, 8, 13, 14]]",0.4,1,2,2,3,PP,"[[3, 2, 1], [3, 2, 1], [3, 3], [3, 1, 2]]",11,45,216,0.7916666666666666,0.0019175,20,0.005122020840644836,0.10436511039733887,0.10954323494801999,OPTIMAL,8.625,,,0.0,3378.0,2.3333333333333335,56,14.0,336,,8.625,8.625,,8.625,8.625,False,,,False,
10056995714961131907,11,24,4,"[6, 6, 6, 6]","[[1, 2, 3, 6, 7, 11], [5, 6, 7, 8, 8, 11], [1, 2, 2, 3, 5, 7], [2, 4, 5, 8, 13, 14]]",0.4,1,2,2,4,PP,"[[3, 2, 1], [4, 1, 1], [4, 2], [3, 1, 2]]",11,45,216,0.7916666666666666,0.001868,20,0.005412619560956955,0.09096598625183105,0.09643538552310991,OPTIMAL,8.458333333333334,,,0.0,3172.0,1.5833333333333333,38,15.75,378,,8.625,8.458333333333334,,8.625,8.458333333333334,False,,,False,
10056995714961131907,11,24,4,"[6, 6, 6, 6]","[[1, 2, 3, 6, 7, 11], [5, 6, 7, 8, 8, 11], [1, 2, 2, 3, 5, 7], [2, 4, 5, 8, 13, 14]]",0.4,1,2,2,5,PP,"[[3, 2, 1], [5, 1], [5, 1], [3, 1, 2]]",10,37,216,0.8287037037037037,0.001813,20,0.004556666128337383,0.05030488967895508,0.05492185213968802,OPTIMAL,8.291666666666666,,,0.0,1266.0,1.625,39,16.625,399,,8.625,8.291666666666666,,8.625,8.291666666666666,False,,,False,
10056995714961131907,11,24,4,"[6, 6, 6, 6]","[[1, 2, 3, 6, 7, 11], [5, 6, 7, 8, 8, 11], [1, 2, 2, 3, 5, 7], [2, 4, 5, 8, 13, 14]]",0.4,1,2,3,,CHP,"[[5, 1], [6], [6], [4, 2]]",6,13,216,0.9398148148148148,0.0017125,20,0.004513520747423172,0.0058591365814208984,0.010426657072150708,OPTIMAL,8.916666666666666,,,0.0,1.0,7.166666666666667,172,42.166666666666664,1012,,,,,8.916666666666666,,False,,,False,
10056995714961131907,11,24,4,"[6, 6, 6, 6]","[[1, 2, 3, 6, 7, 11], [5, 6, 7, 8, 8, 11], [1, 2, 2, 3, 5, 7], [2, 4, 5, 8, 13, 14]]",0.4,1,2,3,2,PP,"[[2, 2, 1, 1], [2, 2, 2], [2, 2, 2], [2, 2, 2]]",13,63,216,0.7083333333333333,0.0049325,20,0.005271106027066708,0.6843600273132324,0.6896929621990275,OPTIMAL,8.458333333333334,,,0.0,22254.0,6.416666666666667,154,22.0,528,,8.916666666666666,8.458333333333334,,8.916666666666666,8.458333333333334,False,,,False,
10056995714961131907,11,24,4,"[6, 6, 6, 6]","[[1, 2, 3, 6, 7, 11], [5, 6, 7, 8, 8, 11], [1, 2, 2, 3, 5, 7], [2, 4, 5, 8, 13, 14]]",0.4,1,2,3,3,PP,"[[3, 2, 1], [3, 3], [3, 3], [3, 1, 2]]",10,37,216,0.8287037037037037,0.002008,20,0.0051749395206570625,0.09985208511352539,0.10509152717290687,OPTIMAL,8.625,,,0.0,2757.0,3.8333333333333335,92,29.333333333333332,704,,8.916666666666666,8.625,,8.916666666666666,8.625,False,,,False,
10056995714961131907,11,24,4,"[6, 6, 6, 6]","[[1, 2, 3, 6, 7, 11], [5, 6, 7, 8, 8, 11], [1, 2, 2, 3, 5, 7], [2, 4, 5, 8, 13, 14]]",0.4,1,2,3,4,PP,"[[4, 1, 1], [4, 2], [4, 2], [4, 2]]",9,30,216,0.8611111111111112,0.001883,20,0.0049310531467199326,0.0397181510925293,0.0447118336855011,OPTIMAL,8.458333333333334,,,0.0,871.0,6.416666666666667,154,33.0,792,,8.916666666666666,8.458333333333334,,8.916666666666666,8.458333333333334,False,,,False,
10056995714961131907,11,24,4,"[6, 6, 6, 6]","[[1, 2, 3, 6, 7, 11], [5, 6, 7, 8, 8, 11], [1, 2, 2, 3, 5, 7], [2, 4, 5, 8, 13, 14]]",0.4,1,2,3,5,PP,"[[5, 1], [5, 1], [5, 1], [4, 2]]",8,24,216,0.8888888888888888,0.001888,20,0.004806013777852058,0.024281978607177734,0.029151532076824187,OPTIMAL,8.291666666666666,,,0.0,355.0,4.958333333333333,119,34.833333333333336,836,,8.916666666666666,8.291666666666666,,8.916666666666666,8.291666666666666,False,,,False,
10056995714961131907,11,24,4,"[6, 6, 6, 6]","[[1, 2, 3, 6, 7, 11], [5, 6, 7, 8, 8, 11], [1, 2, 2, 3, 5, 7], [2, 4, 5, 8, 13, 14]]",0.4,1,2,4,,CHP,"[[6], [6], [6], [4, 2]]",5,9,216,0.9583333333333334,0.001748,20,0.004415392875671387,0.0034301280975341797,0.007901647035692214,OPTIMAL,8.916666666666666,,,0.0,1.0,9.458333333333334,227,64.20833333333333,1541,,,,,8.916666666666666,,False,,,False,
10056995714961131907,11,24,4,"[6, 6, 6, 6]","[[1, 2, 3, 6, 7, 11], [5, 6, 7, 8, 8, 11], [1, 2, 2, 3, 5, 7], [2, 4, 5, 8, 13, 14]]",0.4,1,2,4,2,PP,"[[2, 2, 2], [2, 2, 2], [2, 2, 2], [2, 2, 2]]",12,54,216,0.75,0.0046775,20,0.00550483912229538,0.4033360481262207,0.40890675171034574,OPTIMAL,8.458333333333334,,,0.0,18785.0,8.708333333333334,209,33.5,804,,8.916666666666666,8.458333333333334,,8.916666666666666,8.458333333333334,False,,,False,
10056995714961131907,11,24,4,"[6, 6, 6, 6]","[[1, 2, 3, 6, 7, 11], [5, 6, 7, 8, 8, 11], [1, 2, 2, 3, 5, 7], [2, 4, 5, 8, 13, 14]]",0.4,1,2,4,3,PP,"[[3, 3], [3, 3], [3, 3], [3, 1, 2]]",9,30,216,0.8611111111111112,0.001868,20,0.004868938587605953,0.06975388526916504,0.07468728790965605,OPTIMAL,8.625,,,0.0,1509.0,6.125,147,44.666666666666664,1072,,8.916666666666666,8.625,,8.916666666666666,8.625,False,,,False,
10056995714961131907,11,24,4,"[6, 6, 6, 6]","[[1, 2, 3, 6, 7, 11], [5, 6, 7, 8, 8, 11], [1, 2, 2, 3, 5, 7], [2, 4, 5, 8, 13, 14]]",0.4,1,2,4,4,PP,"[[4, 2], [4, 2], [4, 2], [4, 2]]",8,24,216,0.8888888888888888,0.002484,20,0.005711821839213371,0.031265974044799805,0.0370534175771203,OPTIMAL,8.458333333333334,,,0.0,438.0,8.708333333333334,209,50.25,1206,,8.916666666666666,8.458333333333334,,8.916666666666666,8.458333333333334,False,,,False,
10056995714961131907,11,24,4,"[6, 6, 6, 6]","[[1, 2, 3, 6, 7, 11], [5, 6, 7, 8, 8, 11], [1, 2, 2, 3, 5, 7], [2, 4, 5, 8, 13, 14]]",0.4,1,2,4,5,PP,"[[5, 1], [5, 1], [5, 1], [4, 2]]",8,24,216,0.8888888888888888,0.004562,20,0.004736557602882385,0.02452707290649414,0.029325503306650638,OPTIMAL,8.291666666666666,,,0.0,355.0,4.958333333333333,119,53.041666666666664,1273,,8.916666666666666,8.291666666666666,,8.916666666666666,8.291666666666666,False,,,False,
6548104927138535895,12,24,4,"[6, 6, 6, 6]","[[3, 10, 10, 20, 21, 21], [5, 9, 9, 10, 11, 13], [2, 4, 8, 11, 14, 14], [4, 5, 7, 7, 7, 13]]",0.4,1,2,,1,NP,"[[1, 1, 1, 1, 1, 1], [1, 1, 1, 1, 1, 1], [1, 1, 1, 1, 1, 1], [1, 1, 1, 1, 1, 1]]",24,216,216,0.0,0.001357,20,0.00877569243311882,30.012626886367798,30.02146953816307,TIME_LIMIT,6.958333333333333,,,0.36797324431461764,385365.0,0.0,0,0.0,0,,,,,,,False,,,False,
6548104927138535895,12,24,4,"[6, 6, 6, 6]","[[3, 10, 10, 20, 21, 21], [5, 9, 9, 10, 11, 13], [2, 4, 8, 11, 14, 14], [4, 5, 7, 7, 7, 13]]",0.4,1,2,2,,CHP,"[[1, 2, 3], [1, 5], [2, 1, 1, 2], [5, 1]]",11,44,216,0.7962962962962963,0.0046475,20,0.005380851216614246,0.08148598670959473,0.08693810665526151,OPTIMAL,6.875,,,0.0,2551.0,2.4166666666666665,58,20.125,483,,,,,6.875,,False,,,False,
6548104927138535895,12,24,4,"[6, 6, 6, 6]","[[3, 10, 10, 20, 21, 21], [5, 9, 9, 10, 11, 13], [2, 4, 8, 11, 14, 14], [4, 5, 7, 7, 7, 13]]",0.4,1,2,2,2,PP,"[[1, 2, 2, 1], [1, 2, 2, 1], [2, 1, 1, 2], [2, 2, 1, 1]]",16,96,216,0.5555555555555556,0.0047725,20,0.006431300193071365,2.419999122619629,2.426501507342658,OPTIMAL,6.875,,,0.0,76028.0,0.875,21,10.5,252,,6.875,6.875,,6.875,6.875,False,,,False,
6548104927138535895,12,24,4,"[6, 6, 6, 6]","[[3, 10, 10, 20, 21, 21], [5, 9, 9, 10, 11, 13], [2, 4, 8, 11, 14, 14], [4, 5, 7, 7, 7, 13]]",0.4,1,2,2,3,PP,"[[1, 2, 3], [1, 3, 2], [2, 1, 1, 2], [3, 2, 1]]",13,63,216,0.7083333333333333,0.003205,20,0.006954840384423733,0.5798590183258057,0.5868897366733717,OPTIMAL,6.875,,,0.0,16892.0,2.4166666666666665,58,14.0,336,,6.875,6.875,,6.875,6.875,False,,,False,
6548104927138535895,12,24,4,"[6, 6, 6, 6]","[[3, 10, 10, 20, 21, 21], [5, 9, 9, 10, 11, 13], [2, 4, 8, 11, 14, 14], [4, 5, 7, 7, 7, 13]]",0.4,1,2,2,4,PP,"[[1, 2, 3], [1, 4, 1], [2, 1, 1, 2], [4, 1, 1]]",13,63,216,0.7083333333333333,0.0019325,20,0.005742478184401989,0.2266831398010254,0.23249216750829935,OPTIMAL,6.875,,,0.0,13811.0,1.7083333333333333,41,15.75,378,,6.875,6.875,,6.875,6.875,False,,,False,
6548104927138535895,12,24,4,"[6, 6, 6, 6]","[[3, 10, 10, 20, 21, 21], [5, 9, 9, 10, 11, 13], [2, 4, 8, 11, 14, 14], [4, 5, 7, 7, 7, 13]]",0.4,1,2,2,5,PP,"[[1, 2, 3], [1, 5], [2, 1, 1, 2], [5, 1]]",11,44,216,0.7962962962962963,0.004817,20,0.0053091347217559814,0.07363009452819824,0.07901015525159073,OPTIMAL,6.875,,,0.0,2551.0,2.4166666666666665,58,16.625,399,,6.875,6.875,,6.875,6.875,False,,,False,
6548104927138535895,12,24,4,"[6, 6, 6, 6]","[[3, 10, 10, 20, 21, 21], [5, 9, 9, 10, 11, 13], [2, 4, 8, 11, 14, 14], [4, 5, 7, 7, 7, 13]]",0.4,1,2,3,,CHP,"[[1, 2, 3], [1, 5], [2, 4], [5, 1]]",9,30,216,0.8611111111111112,0.0041965,20,0.005023461766541004,0.04387998580932617,0.0489680142677989,OPTIMAL,6.875,,,0.0,759.0,5.666666666666667,136,42.166666666666664,1012,,,,,6.875,,False,,,False,
6548104927138535895,12,24,4,"[6, 6, 6, 6]","[[3, 10, 10, 20, 21, 21], [5, 9, 9, 10, 11, 13], [2, 4, 8, 11, 14, 14], [4, 5, 7, 7, 7, 13]]",0.4,1,2,3,2,PP,"[[1, 2, 2, 1], [1, 2, 2, 1], [2, 2, 2], [2, 2, 1, 1]]",15,84,216,0.6111111111111112,0.001943,20,0.006530739367008209,1.067676067352295,1.0742700968686156,OPTIMAL,6.875,,,0.0,42047.0,2.5416666666666665,61,22.0,528,,6.875,6.875,,6.875,6.875,False,,,False,
6548104927138535895,12,24,4,"[6, 6, 6, 6]","[[3, 10, 10, 20, 21, 21], [5, 9, 9, 10, 11, 13], [2, 4, 8, 11, 14, 14], [4, 5, 7, 7, 7, 13]]",0.4,1,2,3,3,PP,"[[1, 2, 3], [1, 3, 2], [2, 3, 1], [3, 2, 1]]",12,54,216,0.75,0.004637,20,0.005376535467803478,0.13266801834106445,0.1381074273407812,OPTIMAL,6.875,,,0.0,9103.0,5.666666666666667,136,29.333333333333332,704,,6.875,6.875,,6.875,6.875,False,,,False,
6548104927138535895,12,24,4,"[6, 6, 6, 6]","[[3, 10, 10, 20, 21, 21], [5, 9, 9, 10, 11, 13], [2, 4, 8, 11, 14, 14], [4, 5, 7, 7, 7, 13]]",0.4,1,2,3,4,PP,"[[1, 2, 3], [1, 4, 1], [2, 4], [4, 1, 1]]",11,45,216,0.7916666666666666,0.0045665,20,0.005150794051587582,0.09181618690490723,0.09702992741208458,OPTIMAL,6.875,,,0.0,3253.0,4.958333333333333,119,33.0,792,,6.875,6.875,,6.875,6.875,False,,,False,
6548104927138535895,12,24,4,"[6, 6, 6, 6]","[[3, 10, 10, 20, 21, 21], [5, 9, 9, 10, 11, 13], [2, 4, 8, 11, 14, 14], [4, 5, 7, 7, 7, 13]]",0.4,1,2,3,5,PP,"[[1, 2, 3], [1, 5], [2, 4], [5, 1]]",9,30,216,0.8611111111111112,0.004722,20,0.0049760909751057625,0.03857088088989258,0.04360805936985922,OPTIMAL,6.875,,,0.0,759.0,5.666666666666667,136,34.833333333333336,836,,6.875,6.875,,6.875,6.875,False,,,False,
6548104927138535895,12,24,4,"[6, 6, 6, 6]","[[3, 10, 10, 20, 21, 21], [5, 9, 9, 10, 11, 13], [2, 4, 8, 11, 14, 14], [4, 5, 7, 7, 7, 13]]",0.4,1,2,4,,CHP,"[[1, 2, 3], [6], [6], [5, 1]]",7,17,216,0.9212962962962963,0.001788,20,0.004378587007522583,0.006740093231201172,0.011172570148838044,OPTIMAL,7.083333333333333,,,0.0,1.0,11.125,267,64.20833333333333,1541,,,,,7.083333333333333,,False,,,False,
6548104927138535895,12,24,4,"[6, 6, 6, 6]","[[3, 10, 10, 20, 21, 21], [5, 9, 9, 10, 11, 13], [2, 4, 8, 11, 14, 14], [4, 5, 7, 7, 7, 13]]",0.4,1,2,4,2,PP,"[[1, 2, 2, 1], [2, 2, 2], [2, 2, 2], [2, 2, 1, 1]]",14,73,216,0.662037037037037,0.0048875,20,0.005372258834540844,0.47265100479125977,0.4780856239732027,OPTIMAL,6.875,,,0.0,17605.0,6.041666666666667,145,33.5,804,,7.083333333333333,6.875,,7.083333333333333,6.875,False,,,False,
6548104927138535895,12,24,4,"[6, 6, 6, 6]","[[3, 10, 10, 20, 21, 21], [5, 9, 9, 10, 11, 13], [2, 4, 8, 11, 14, 14], [4, 5, 7, 7, 7, 13]]",0.4,1,2,4,3,PP,"[[1, 2, 3], [3, 3], [3, 3], [3, 2, 1]]",10,37,216,0.8287037037037037,0.001832,20,0.005000636912882328,0.06659793853759766,0.0716599264135785,OPTIMAL,7.083333333333333,,,0.0,752.0,9.458333333333334,227,44.666666666666664,1072,,7.083333333333333,7.083333333333333,,7.083333333333333,7.083333333333333,False,,,False,
6548104927138535895,12,24,4,"[6, 6, 6, 6]","[[3, 10, 10, 20, 21, 21], [5, 9, 9, 10, 11, 13], [2, 4, 8, 11, 14, 14], [4, 5, 7, 7, 7, 13]]",0.4,1,2,4,4,PP,"[[1, 2, 3], [4, 2], [4, 2], [4, 1, 1]]",10,37,216,0.8287037037037037,0.0018675,20,0.004924481734633446,0.04983687400817871,0.05481762831365347,OPTIMAL,7.083333333333333,,,0.0,633.0,9.541666666666666,229,50.25,1206,,7.083333333333333,7.083333333333333,,7.083333333333333,7.083333333333333,False,,,False,
6548104927138535895,12,24,4,"[6, 6, 6, 6]","[[3, 10, 10, 20, 21, 21], [5, 9, 9, 10, 11, 13], [2, 4, 8, 11, 14, 14], [4, 5, 7, 7, 7, 13]]",0.4,1,2,4,5,PP,"[[1, 2, 3], [5, 1], [5, 1], [5, 1]]",9,30,216,0.8611111111111112,0.001828,20,0.0046094860881567,0.025536060333251953,0.030200617201676844,OPTIMAL,7.083333333333333,,,0.0,284.0,10.416666666666666,250,53.041666666666664,1273,,7.083333333333333,7.083333333333333,,7.083333333333333,7.083333333333333,False,,,False,
2516707527487494530,13,24,4,"[6, 6, 6, 6]","[[11, 11, 17, 19, 21, 27], [4, 5, 10, 11, 12, 13], [0, 1, 3, 3, 3, 7], [2, 3, 4, 6, 6, 6]]",0.4,1,2,,1,NP,"[[1, 1, 1, 1, 1, 1], [1, 1, 1, 1, 1, 1], [1, 1, 1, 1, 1, 1], [1, 1, 1, 1, 1, 1]]",24,216,216,0.0,0.003145,20,0.008717594668269157,16.001791954040527,16.010579323319753,OPTIMAL,5.208333333333333,0.0,np_gurobi_optimal,0.0,194971.0,0.0,0,0.0,0,5.208333333333333,,,5.208333333333333,,,False,,,False,
2516707527487494530,13,24,4,"[6, 6, 6, 6]","[[11, 11, 17, 19, 21, 27], [4, 5, 10, 11, 12, 13], [0, 1, 3, 3, 3, 7], [2, 3, 4, 6, 6, 6]]",0.4,1,2,2,,CHP,"[[2, 3, 1], [2, 4], [5, 1], [6]]",8,23,216,0.8935185185185185,0.0028895,20,0.005566532723605633,0.013362884521484375,0.018989634306170462,OPTIMAL,5.625,0.41666666666666696,np_gurobi_optimal,0.0,1.0,3.1666666666666665,76,20.125,483,5.208333333333333,,,5.208333333333333,5.625,,False,,,False,
2516707527487494530,13,24,4,"[6, 6, 6, 6]","[[11, 11, 17, 19, 21, 27], [4, 5, 10, 11, 12, 13], [0, 1, 3, 3, 3, 7], [2, 3, 4, 6, 6, 6]]",0.4,1,2,2,2,PP,"[[2, 2, 1, 1], [2, 2, 2], [2, 2, 1, 1], [2, 2, 2]]",14,73,216,0.662037037037037,0.0045565,20,0.005849270150065422,0.09923696517944336,0.1051479852801385,OPTIMAL,5.208333333333333,0.0,np_gurobi_optimal,0.0,3133.0,1.5833333333333333,38,10.5,252,5.208333333333333,5.625,5.208333333333333,5.208333333333333,5.625,5.208333333333333,True,True,10.5,True,True
2516707527487494530,13,24,4,"[6, 6, 6, 6]","[[11, 11, 17, 19, 21, 27], [4, 5, 10, 11, 12, 13], [0, 1, 3, 3, 3, 7], [2, 3, 4, 6, 6, 6]]",0.4,1,2,2,3,PP,"[[2, 3, 1], [2, 3, 1], [3, 2, 1], [3, 3]]",11,45,216,0.7916666666666666,0.005023,20,0.005542386323213577,0.06323385238647461,0.06884283517038632,OPTIMAL,5.625,0.41666666666666696,np_gurobi_optimal,0.0,928.0,2.375,57,14.0,336,5.208333333333333,5.625,5.625,5.208333333333333,5.625,5.625,True,True,13.583333333333332,True,True
2516707527487494530,13,24,4,"[6, 6, 6, 6]","[[11, 11, 17, 19, 21, 27], [4, 5, 10, 11, 12, 13], [0, 1, 3, 3, 3, 7], [2, 3, 4, 6, 6, 6]]",0.4,1,2,2,4,PP,"[[2, 3, 1], [2, 4], [4, 1, 1], [4, 2]]",10,37,216,0.8287037037037037,0.001853,20,0.005336695350706577,0.02633500099182129,0.03172596603967238,OPTIMAL,5.625,0.41666666666666696,np_gurobi_optimal,0.0,365.0,3.1666666666666665,76,15.75,378,5.208333333333333,5.625,5.625,5.208333333333333,5.625,5.625,True,True,15.333333333333332,True,True
2516707527487494530,13,24,4,"[6, 6, 6, 6]","[[11, 11, 17, 19, 21, 27], [4, 5, 10, 11, 12, 13], [0, 1, 3, 3, 3, 7], [2, 3, 4, 6, 6, 6]]",0.4,1,2,2,5,PP,"[[2, 3, 1], [2, 4], [5, 1], [5, 1]]",9,30,216,0.8611111111111112,0.004442,20,0.004715126007795334,0.02226710319519043,0.027037807331590176,OPTIMAL,5.625,0.41666666666666696,np_gurobi_optimal,0.0,145.0,3.1666666666666665,76,16.625,399,5.208333333333333,5.625,5.625,5.208333333333333,5.625,5.625,True,True,16.208333333333332,True,True
2516707527487494530,13,24,4,"[6, 6, 6, 6]","[[11, 11, 17, 19, 21, 27], [4, 5, 10, 11, 12, 13], [0, 1, 3, 3, 3, 7], [2, 3, 4, 6, 6, 6]]",0.4,1,2,3,,CHP,"[[2, 3, 1], [2, 4], [5, 1], [6]]",8,23,216,0.8935185185185185,0.004262,20,0.004412008449435234,0.01120901107788086,0.015676016255890848,OPTIMAL,5.625,0.41666666666666696,np_gurobi_optimal,0.0,1.0,3.1666666666666665,76,42.166666666666664,1012,5.208333333333333,,,5.208333333333333,5.625,,False,,,False,
2516707527487494530,13,24,4,"[6, 6, 6, 6]","[[11, 11, 17, 19, 21, 27], [4, 5, 10, 11, 12, 13], [0, 1, 3, 3, 3, 7], [2, 3, 4, 6, 6, 6]]",0.4,1,2,3,2,PP,"[[2, 2, 1, 1], [2, 2, 2], [2, 2, 1, 1], [2, 2, 2]]",14,73,216,0.662037037037037,0.001823,20,0.005592571571469307,0.0977320671081543,0.10338050539730596,OPTIMAL,5.208333333333333,0.0,np_gurobi_optimal,0.0,3133.0,1.5833333333333333,38,22.0,528,5.208333333333333,5.625,5.208333333333333,5.208333333333333,5.625,5.208333333333333,True,True,22.0,True,True
2516707527487494530,13,24,4,"[6, 6, 6, 6]","[[11, 11, 17, 19, 21, 27], [4, 5, 10, 11, 12, 13], [0, 1, 3, 3, 3, 7], [2, 3, 4, 6, 6, 6]]",0.4,1,2,3,3,PP,"[[2, 3, 1], [2, 3, 1], [3, 2, 1], [3, 3]]",11,45,216,0.7916666666666666,0.0018125,20,0.0048972610384225845,0.06446599960327148,0.06942519932711125,OPTIMAL,5.625,0.41666666666666696,np_gurobi_optimal,0.0,928.0,2.375,57,29.333333333333332,704,5.208333333333333,5.625,5.625,5.208333333333333,5.625,5.625,True,True,28.916666666666664,True,True
2516707527487494530,13,24,4,"[6, 6, 6, 6]","[[11, 11, 17, 19, 21, 27], [4, 5, 10, 11, 12, 13], [0, 1, 3, 3, 3, 7], [2, 3, 4, 6, 6, 6]]",0.4,1,2,3,4,PP,"[[2, 3, 1], [2, 4], [4, 1, 1], [4, 2]]",10,37,216,0.8287037037037037,0.001883,20,0.004945773631334305,0.025332927703857422,0.030337006650729657,OPTIMAL,5.625,0.41666666666666696,np_gurobi_optimal,0.0,365.0,3.1666666666666665,76,33.0,792,5.208333333333333,5.625,5.625,5.208333333333333,5.625,5.625,True,True,32.583333333333336,True,True
2516707527487494530,13,24,4,"[6, 6, 6, 6]","[[11, 11, 17, 19, 21, 27], [4, 5, 10, 11, 12, 13], [0, 1, 3, 3, 3, 7], [2, 3, 4, 6, 6, 6]]",0.4,1,2,3,5,PP,"[[2, 3, 1], [2, 4], [5, 1], [5, 1]]",9,30,216,0.8611111111111112,0.0047725,20,0.004822188057005405,0.023129940032958984,0.028010054894587993,OPTIMAL,5.625,0.41666666666666696,np_gurobi_optimal,0.0,145.0,3.1666666666666665,76,34.833333333333336,836,5.208333333333333,5.625,5.625,5.208333333333333,5.625,5.625,True,True,34.41666666666667,True,True
2516707527487494530,13,24,4,"[6, 6, 6, 6]","[[11, 11, 17, 19, 21, 27], [4, 5, 10, 11, 12, 13], [0, 1, 3, 3, 3, 7], [2, 3, 4, 6, 6, 6]]",0.4,1,2,4,,CHP,"[[2, 3, 1], [2, 4], [6], [6]]",7,17,216,0.9212962962962963,0.002239,20,0.005263062193989754,0.004284858703613281,0.009611670959688663,OPTIMAL,6.166666666666667,0.9583333333333339,np_gurobi_optimal,0.0,1.0,5.458333333333333,131,64.20833333333333,1541,5.208333333333333,,,5.208333333333333,6.166666666666667,,False,,,False,
2516707527487494530,13,24,4,"[6, 6, 6, 6]","[[11, 11, 17, 19, 21, 27], [4, 5, 10, 11, 12, 13], [0, 1, 3, 3, 3, 7], [2, 3, 4, 6, 6, 6]]",0.4,1,2,4,2,PP,"[[2, 2, 1, 1], [2, 2, 2], [2, 2, 2], [2, 2, 2]]",13,63,216,0.7083333333333333,0.0018775,20,0.004990171641111374,0.11575698852539062,0.12080246857393026,OPTIMAL,5.208333333333333,0.0,np_gurobi_optimal,0.0,1719.0,3.875,93,33.5,804,5.208333333333333,6.166666666666667,5.208333333333333,5.208333333333333,6.166666666666667,5.208333333333333,True,True,33.5,True,True
2516707527487494530,13,24,4,"[6, 6, 6, 6]","[[11, 11, 17, 19, 21, 27], [4, 5, 10, 11, 12, 13], [0, 1, 3, 3, 3, 7], [2, 3, 4, 6, 6, 6]]",0.4,1,2,4,3,PP,"[[2, 3, 1], [2, 3, 1], [3, 3], [3, 3]]",10,37,216,0.8287037037037037,0.0048125,20,0.005043121054768562,0.04778289794921875,0.05288664007794857,OPTIMAL,5.958333333333333,0.75,np_gurobi_optimal,0.0,605.0,4.666666666666667,112,44.666666666666664,1072,5.208333333333333,6.166666666666667,5.958333333333333,5.208333333333333,6.166666666666667,5.958333333333333,True,True,43.916666666666664,True,True
2516707527487494530,13,24,4,"[6, 6, 6, 6]","[[11, 11, 17, 19, 21, 27], [4, 5, 10, 11, 12, 13], [0, 1, 3, 3, 3, 7], [2, 3, 4, 6, 6, 6]]",0.4,1,2,4,4,PP,"[[2, 3, 1], [2, 4], [4, 2], [4, 2]]",9,30,216,0.8611111111111112,0.001817,20,0.00441282894462347,0.02392292022705078,0.028389058065502168,OPTIMAL,5.791666666666667,0.5833333333333339,np_gurobi_optimal,0.0,332.0,5.458333333333333,131,50.25,1206,5.208333333333333,6.166666666666667,5.791666666666667,5.208333333333333,6.166666666666667,5.791666666666667,True,True,49.666666666666664,True,True
2516707527487494530,13,24,4,"[6, 6, 6, 6]","[[11, 11, 17, 19, 21, 27], [4, 5, 10, 11, 12, 13], [0, 1, 3, 3, 3, 7], [2, 3, 4, 6, 6, 6]]",0.4,1,2,4,5,PP,"[[2, 3, 1], [2, 4], [5, 1], [5, 1]]",9,30,216,0.8611111111111112,0.001838,20,0.004369653761386871,0.022668838500976562,0.02709741754221964,OPTIMAL,5.625,0.41666666666666696,np_gurobi_optimal,0.0,145.0,3.1666666666666665,76,53.041666666666664,1273,5.208333333333333,6.166666666666667,5.625,5.208333333333333,6.166666666666667,5.625,True,True,52.625,True,True
14764637838891338042,14,24,4,"[6, 6, 6, 6]","[[3, 7, 8, 8, 8, 9], [5, 13, 14, 14, 17, 18], [1, 2, 4, 6, 9, 9], [2, 8, 14, 16, 16, 18]]",0.4,1,2,,1,NP,"[[1, 1, 1, 1, 1, 1], [1, 1, 1, 1, 1, 1], [1, 1, 1, 1, 1, 1], [1, 1, 1, 1, 1, 1]]",24,216,216,0.0,0.00316,20,0.008565034717321396,30.00318217277527,30.01180850996092,TIME_LIMIT,5.875,,,0.2848702465037352,377845.0,0.0,0,0.0,0,,,,,,,False,,,False,
14764637838891338042,14,24,4,"[6, 6, 6, 6]","[[3, 7, 8, 8, 8, 9], [5, 13, 14, 14, 17, 18], [1, 2, 4, 6, 9, 9], [2, 8, 14, 16, 16, 18]]",0.4,1,2,2,,CHP,"[[1, 5], [1, 3, 2], [4, 2], [1, 1, 4]]",10,37,216,0.8287037037037037,0.004251,20,0.005296013318002224,0.07271981239318848,0.07809058900595998,OPTIMAL,6.583333333333333,,,0.0,1439.0,3.125,75,20.125,483,,,,,6.583333333333333,,False,,,False,
14764637838891338042,14,24,4,"[6, 6, 6, 6]","[[3, 7, 8, 8, 8, 9], [5, 13, 14, 14, 17, 18], [1, 2, 4, 6, 9, 9], [2, 8, 14, 16, 16, 18]]",0.4,1,2,2,2,PP,"[[1, 2, 2, 1], [1, 2, 1, 2], [2, 2, 2], [1, 1, 2, 2]]",15,84,216,0.6111111111111112,0.001893,20,0.006002291105687618,0.8109371662139893,0.8170018555533819,OPTIMAL,5.916666666666667,,,0.0,21438.0,2.2916666666666665,55,10.5,252,,6.583333333333333,5.916666666666667,,6.583333333333333,5.916666666666667,False,,,False,
14764637838891338042,14,24,4,"[6, 6, 6, 6]","[[3, 7, 8, 8, 8, 9], [5, 13, 14, 14, 17, 18], [1, 2, 4, 6, 9, 9], [2, 8, 14, 16, 16, 18]]",0.4,1,2,2,3,PP,"[[1, 3, 2], [1, 3, 2], [3, 1, 2], [1, 1, 3, 1]]",13,63,216,0.7083333333333333,0.0045315,20,0.006050704047083855,0.18011903762817383,0.18623543312873267,OPTIMAL,5.875,,,0.0,6977.0,1.625,39,14.0,336,,6.583333333333333,5.875,,6.583333333333333,5.875,False,,,False,
14764637838891338042,14,24,4,"[6, 6, 6, 6]","[[3, 7, 8, 8, 8, 9], [5, 13, 14, 14, 17, 18], [1, 2, 4, 6, 9, 9], [2, 8, 14, 16, 16, 18]]",0.4,1,2,2,4,PP,"[[1, 4, 1], [1, 3, 2], [4, 2], [1, 1, 4]]",11,45,216,0.7916666666666666,0.004622,20,0.0052106548100709915,0.0810999870300293,0.08637162375702571,OPTIMAL,6.583333333333333,,,0.0,2824.0,3.125,75,15.75,378,,6.583333333333333,6.583333333333333,,6.583333333333333,6.583333333333333,False,,,False,
14764637838891338042,14,24,4,"[6, 6, 6, 6]","[[3, 7, 8, 8, 8, 9], [5, 13, 14, 14, 17, 18], [1, 2, 4, 6, 9, 9], [2, 8, 14, 16, 16, 18]]",0.4,1,2,2,5,PP,"[[1, 5], [1, 3, 2], [4, 2], [1, 1, 4]]",10,37,216,0.8287037037037037,0.004412,20,0.005021499469876289,0.06542515754699707,0.07050549737077903,OPTIMAL,6.583333333333333,,,0.0,1439.0,3.125,75,16.625,399,,6.583333333333333,6.583333333333333,,6.583333333333333,6.583333333333333,False,,,False,
14764637838891338042,14,24,4,"[6, 6, 6, 6]","[[3, 7, 8, 8, 8, 9], [5, 13, 14, 14, 17, 18], [1, 2, 4, 6, 9, 9], [2, 8, 14, 16, 16, 18]]",0.4,1,2,3,,CHP,"[[1, 5], [1, 5], [6], [1, 1, 4]]",8,23,216,0.8935185185185185,0.0017175,20,0.004453219473361969,0.01917886734008789,0.023685199349730016,OPTIMAL,7.083333333333333,,,0.0,224.0,6.291666666666667,151,42.166666666666664,1012,,,,,7.083333333333333,,False,,,False,
14764637838891338042,14,24,4,"[6, 6, 6, 6]","[[3, 7, 8, 8, 8, 9], [5, 13, 14, 14, 17, 18], [1, 2, 4, 6, 9, 9], [2, 8, 14, 16, 16, 18]]",0.4,1,2,3,2,PP,"[[1, 2, 2, 1], [1, 2, 2, 1], [2, 2, 2], [1, 1, 2, 2]]",15,84,216,0.6111111111111112,0.001868,20,0.005606973543763161,0.6111559867858887,0.6168225582220845,OPTIMAL,5.916666666666667,,,0.0,21423.0,3.875,93,22.0,528,,7.083333333333333,5.916666666666667,,7.083333333333333,5.916666666666667,False,,,False,
14764637838891338042,14,24,4,"[6, 6, 6, 6]","[[3, 7, 8, 8, 8, 9], [5, 13, 14, 14, 17, 18], [1, 2, 4, 6, 9, 9], [2, 8, 14, 16, 16, 18]]",0.4,1,2,3,3,PP,"[[1, 3, 2], [1, 3, 2], [3, 3], [1, 1, 3, 1]]",12,53,216,0.7546296296296297,0.001833,20,0.0053251879289746284,0.08912491798400879,0.09451079011779595,OPTIMAL,5.875,,,0.0,3019.0,3.2083333333333335,77,29.333333333333332,704,,7.083333333333333,5.875,,7.083333333333333,5.875,False,,,False,
14764637838891338042,14,24,4,"[6, 6, 6, 6]","[[3, 7, 8, 8, 8, 9], [5, 13, 14, 14, 17, 18], [1, 2, 4, 6, 9, 9], [2, 8, 14, 16, 16, 18]]",0.4,1,2,3,4,PP,"[[1, 4, 1], [1, 4, 1], [4, 2], [1, 1, 4]]",11,45,216,0.7916666666666666,0.0020535,20,0.005102360621094704,0.08937406539916992,0.09453566738295889,OPTIMAL,6.583333333333333,,,0.0,2773.0,4.708333333333333,113,33.0,792,,7.083333333333333,6.583333333333333,,7.083333333333333,6.583333333333333,False,,,False,
14764637838891338042,14,24,4,"[6, 6, 6, 6]","[[3, 7, 8, 8, 8, 9], [5, 13, 14, 14, 17, 18], [1, 2, 4, 6, 9, 9], [2, 8, 14, 16, 16, 18]]",0.4,1,2,3,5,PP,"[[1, 5], [1, 5], [5, 1], [1, 1, 4]]",9,30,216,0.8611111111111112,0.004672,20,0.004708835855126381,0.037058115005493164,0.041830161141047,OPTIMAL,7.083333333333333,,,0.0,559.0,6.291666666666667,151,34.833333333333336,836,,7.083333333333333,7.083333333333333,,7.083333333333333,7.083333333333333,False,,,False,
14764637838891338042,14,24,4,"[6, 6, 6, 6]","[[3, 7, 8, 8, 8, 9], [5, 13, 14, 14, 17, 18], [1, 2, 4, 6, 9, 9], [2, 8, 14, 16, 16, 18]]",0.4,1,2,4,,CHP,"[[6], [1, 5], [6], [1, 1, 4]]",7,17,216,0.9212962962962963,0.001752,20,0.0048596737906336784,0.012253999710083008,0.017165880832519055,OPTIMAL,7.083333333333333,,,0.0,84.0,9.083333333333334,218,64.20833333333333,1541,,,,,7.083333333333333,,False,,,False,
14764637838891338042,14,24,4,"[6, 6, 6, 6]","[[3, 7, 8, 8, 8, 9], [5, 13, 14, 14, 17, 18], [1, 2, 4, 6, 9, 9], [2, 8, 14, 16, 16, 18]]",0.4,1,2,4,2,PP,"[[2, 2, 2], [1, 2, 2, 1], [2, 2, 2], [1, 1, 2, 2]]",14,73,216,0.662037037037037,0.001968,20,0.0052579063922166824,0.22086286544799805,0.22617981966949033,OPTIMAL,5.916666666666667,,,0.0,9754.0,6.666666666666667,160,33.5,804,,7.083333333333333,5.916666666666667,,7.083333333333333,5.916666666666667,False,,,False,
14764637838891338042,14,24,4,"[6, 6, 6, 6]","[[3, 7, 8, 8, 8, 9], [5, 13, 14, 14, 17, 18], [1, 2, 4, 6, 9, 9], [2, 8, 14, 16, 16, 18]]",0.4,1,2,4,3,PP,"[[3, 3], [1, 3, 2], [3, 3], [1, 1, 3, 1]]",11,44,216,0.7962962962962963,0.0018375,20,0.00514052901417017,0.07006192207336426,0.07526204455699921,OPTIMAL,5.875,,,0.0,1590.0,6.0,144,44.666666666666664,1072,,7.083333333333333,5.875,,7.083333333333333,5.875,False,,,False,
14764637838891338042,14,24,4,"[6, 6, 6, 6]","[[3, 7, 8, 8, 8, 9], [5, 13, 14, 14, 17, 18], [1, 2, 4, 6, 9, 9], [2, 8, 14, 16, 16, 18]]",0.4,1,2,4,4,PP,"[[4, 2], [1, 4, 1], [4, 2], [1, 1, 4]]",10,37,216,0.8287037037037037,0.004572,20,0.00503423810005188,0.0552678108215332,0.060368977624568464,OPTIMAL,6.583333333333333,,,0.0,1126.0,7.5,180,50.25,1206,,7.083333333333333,6.583333333333333,,7.083333333333333,6.583333333333333,False,,,False,
14764637838891338042,14,24,4,"[6, 6, 6, 6]","[[3, 7, 8, 8, 8, 9], [5, 13, 14, 14, 17, 18], [1, 2, 4, 6, 9, 9], [2, 8, 14, 16, 16, 18]]",0.4,1,2,4,5,PP,"[[5, 1], [1, 5], [5, 1], [1, 1, 4]]",9,30,216,0.8611111111111112,0.004497,20,0.005106317810714245,0.03205299377441406,0.03721858711632204,OPTIMAL,7.083333333333333,,,0.0,447.0,9.083333333333334,218,53.041666666666664,1273,,7.083333333333333,7.083333333333333,,7.083333333333333,7.083333333333333,False,,,False,
15048657558363767300,15,24,4,"[6, 6, 6, 6]","[[4, 7, 10, 10, 11, 13], [4, 11, 13, 14, 16, 19], [3, 8, 9, 11, 15, 15], [1, 2, 4, 4, 5, 5]]",0.4,1,2,,1,NP,"[[1, 1, 1, 1, 1, 1], [1, 1, 1, 1, 1, 1], [1, 1, 1, 1, 1, 1], [1, 1, 1, 1, 1, 1]]",24,216,216,0.0,0.003105,20,0.008580117486417294,30.00532102584839,30.013964764744383,TIME_LIMIT,6.0,,,0.3047836835867087,379632.0,0.0,0,0.0,0,,,,,,,False,,,False,
15048657558363767300,15,24,4,"[6, 6, 6, 6]","[[4, 7, 10, 10, 11, 13], [4, 11, 13, 14, 16, 19], [3, 8, 9, 11, 15, 15], [1, 2, 4, 4, 5, 5]]",0.4,1,2,2,,CHP,"[[1, 1, 4], [1, 4, 1], [1, 3, 2], [6]]",10,36,216,0.8333333333333334,0.004567,20,0.005391037091612816,0.035414934158325195,0.04087523350390625,OPTIMAL,6.0,,,0.0,453.0,3.9166666666666665,94,20.125,483,,,,,6.0,,False,,,False,
15048657558363767300,15,24,4,"[6, 6, 6, 6]","[[4, 7, 10, 10, 11, 13], [4, 11, 13, 14, 16, 19], [3, 8, 9, 11, 15, 15], [1, 2, 4, 4, 5, 5]]",0.4,1,2,2,2,PP,"[[1, 1, 2, 2], [1, 2, 2, 1], [1, 2, 1, 2], [2, 2, 2]]",15,84,216,0.6111111111111112,0.0018675,20,0.005770440213382244,0.648292064666748,0.6541247155637073,OPTIMAL,6.0,,,0.0,22798.0,2.2916666666666665,55,10.5,252,,6.0,6.0,,6.0,6.0,False,,,False,
15048657558363767300,15,24,4,"[6, 6, 6, 6]","[[4, 7, 10, 10, 11, 13], [4, 11, 13, 14, 16, 19], [3, 8, 9, 11, 15, 15], [1, 2, 4, 4, 5, 5]]",0.4,1,2,2,3,PP,"[[1, 1, 3, 1], [1, 3, 1, 1], [1, 3, 2], [3, 3]]",13,62,216,0.712962962962963,0.001853,20,0.005524368025362492,0.11659908294677734,0.12218400057740497,OPTIMAL,6.0,,,0.0,4201.0,2.4583333333333335,59,14.0,336,,6.0,6.0,,6.0,6.0,False,,,False,
15048657558363767300,15,24,4,"[6, 6, 6, 6]","[[4, 7, 10, 10, 11, 13], [4, 11, 13, 14, 16, 19], [3, 8, 9, 11, 15, 15], [1, 2, 4, 4, 5, 5]]",0.4,1,2,2,4,PP,"[[1, 1, 4], [1, 4, 1], [1, 3, 2], [4, 2]]",11,45,216,0.7916666666666666,0.004977,20,0.0053269993513822556,0.07665395736694336,0.08204538935148907,OPTIMAL,6.0,,,0.0,1492.0,3.9166666666666665,94,15.75,378,,6.0,6.0,,6.0,6.0,False,,,False,
15048657558363767300,15,24,4,"[6, 6, 6, 6]","[[4, 7, 10, 10, 11, 13], [4, 11, 13, 14, 16, 19], [3, 8, 9, 11, 15, 15], [1, 2, 4, 4, 5, 5]]",0.4,1,2,2,5,PP,"[[1, 1, 4], [1, 4, 1], [1, 3, 2], [5, 1]]",11,45,216,0.7916666666666666,0.002449,20,0.005501013249158859,0.06324291229248047,0.06880131046634817,OPTIMAL,6.0,,,0.0,1323.0,3.9166666666666665,94,16.625,399,,6.0,6.0,,6.0,6.0,False,,,False,
15048657558363767300,15,24,4,"[6, 6, 6, 6]","[[4, 7, 10, 10, 11, 13], [4, 11, 13, 14, 16, 19], [3, 8, 9, 11, 15, 15], [1, 2, 4, 4, 5, 5]]",0.4,1,2,3,,CHP,"[[6], [1, 5], [1, 3, 2], [6]]",7,17,216,0.9212962962962963,0.004156,20,0.004431377165019512,0.006354093551635742,0.010841584271770477,OPTIMAL,6.0,,,0.0,1.0,9.0,216,42.166666666666664,1012,,,,,6.0,,False,,,False,
15048657558363767300,15,24,4,"[6, 6, 6, 6]","[[4, 7, 10, 10, 11, 13], [4, 11, 13, 14, 16, 19], [3, 8, 9, 11, 15, 15], [1, 2, 4, 4, 5, 5]]",0.4,1,2,3,2,PP,"[[2, 2, 2], [1, 2, 2, 1], [1, 2, 1, 2], [2, 2, 2]]",14,73,216,0.662037037037037,0.004587,20,0.00524861179292202,0.3502159118652344,0.3555249136441822,OPTIMAL,6.0,,,0.0,14760.0,4.125,99,22.0,528,,6.0,6.0,,6.0,6.0,False,,,False,
15048657558363767300,15,24,4,"[6, 6, 6, 6]","[[4, 7, 10, 10, 11, 13], [4, 11, 13, 14, 16, 19], [3, 8, 9, 11, 15, 15], [1, 2, 4, 4, 5, 5]]",0.4,1,2,3,3,PP,"[[3, 3], [1, 3, 2], [1, 3, 2], [3, 3]]",10,37,216,0.8287037037037037,0.001893,20,0.004836910404264927,0.035820960998535156,0.040712978312068465,OPTIMAL,6.0,,,0.0,816.0,8.25,198,29.333333333333332,704,,6.0,6.0,,6.0,6.0,False,,,False,
15048657558363767300,15,24,4,"[6, 6, 6, 6]","[[4, 7, 10, 10, 11, 13], [4, 11, 13, 14, 16, 19], [3, 8, 9, 11, 15, 15], [1, 2, 4, 4, 5, 5]]",0.4,1,2,3,4,PP,"[[4, 2], [1, 4, 1], [1, 3, 2], [4, 2]]",10,37,216,0.8287037037037037,0.004873,20,0.005027106963098049,0.03713488578796387,0.04221653504661131,OPTIMAL,6.0,,,0.0,644.0,7.5,180,33.0,792,,6.0,6.0,,6.0,6.0,False,,,False,
15048657558363767300,15,24,4,"[6, 6, 6, 6]","[[4, 7, 10, 10, 11, 13], [4, 11, 13, 14, 16, 19], [3, 8, 9, 11, 15, 15], [1, 2, 4, 4, 5, 5]]",0.4,1,2,3,5,PP,"[[5, 1], [1, 5], [1, 3, 2], [5, 1]]",9,30,216,0.8611111111111112,0.0017975,20,0.0043061282485723495,0.027679920196533203,0.03203674969349861,OPTIMAL,6.0,,,0.0,318.0,8.291666666666666,199,34.833333333333336,836,,6.0,6.0,,6.0,6.0,False,,,False,
15048657558363767300,15,24,4,"[6, 6, 6, 6]","[[4, 7, 10, 10, 11, 13], [4, 11, 13, 14, 16, 19], [3, 8, 9, 11, 15, 15], [1, 2, 4, 4, 5, 5]]",0.4,1,2,4,,CHP,"[[6], [1, 5], [1, 5], [6]]",6,13,216,0.9398148148148148,0.001638,20,0.0038815755397081375,0.005125999450683594,0.009057893221366882,OPTIMAL,6.0,,,0.0,1.0,11.416666666666666,274,64.20833333333333,1541,,,,,6.0,,False,,,False,
15048657558363767300,15,24,4,"[6, 6, 6, 6]","[[4, 7, 10, 10, 11, 13], [4, 11, 13, 14, 16, 19], [3, 8, 9, 11, 15, 15], [1, 2, 4, 4, 5, 5]]",0.4,1,2,4,2,PP,"[[2, 2, 2], [1, 2, 2, 1], [1, 2, 2, 1], [2, 2, 2]]",14,73,216,0.662037037037037,0.001888,20,0.005028298124670982,0.2245500087738037,0.2296356495698576,OPTIMAL,6.0,,,0.0,10114.0,6.541666666666667,157,33.5,804,,6.0,6.0,,6.0,6.0,False,,,False,
15048657558363767300,15,24,4,"[6, 6, 6, 6]","[[4, 7, 10, 10, 11, 13], [4, 11, 13, 14, 16, 19], [3, 8, 9, 11, 15, 15], [1, 2, 4, 4, 5, 5]]",0.4,1,2,4,3,PP,"[[3, 3], [1, 3, 2], [1, 3, 2], [3, 3]]",10,37,216,0.8287037037037037,0.004627,20,0.005262994207441807,0.037405967712402344,0.04272686150243473,OPTIMAL,6.0,,,0.0,816.0,8.25,198,44.666666666666664,1072,,6.0,6.0,,6.0,6.0,False,,,False,
15048657558363767300,15,24,4,"[6, 6, 6, 6]","[[4, 7, 10, 10, 11, 13], [4, 11, 13, 14, 16, 19], [3, 8, 9, 11, 15, 15], [1, 2, 4, 4, 5, 5]]",0.4,1,2,4,4,PP,"[[4, 2], [1, 4, 1], [1, 4, 1], [4, 2]]",10,37,216,0.8287037037037037,0.001848,20,0.004726523533463478,0.026072978973388672,0.03085262167722988,OPTIMAL,6.0,,,0.0,375.0,9.916666666666666,238,50.25,1206,,6.0,6.0,,6.0,6.0,False,,,False,
15048657558363767300,15,24,4,"[6, 6, 6, 6]","[[4, 7, 10, 10, 11, 13], [4, 11, 13, 14, 16, 19], [3, 8, 9, 11, 15, 15], [1, 2, 4, 4, 5, 5]]",0.4,1,2,4,5,PP,"[[5, 1], [1, 5], [1, 5], [5, 1]]",8,24,216,0.8888888888888888,0.0018525,20,0.004322712309658527,0.020216941833496094,0.02459136313454151,OPTIMAL,6.0,,,0.0,155.0,10.708333333333334,257,53.041666666666664,1273,,6.0,6.0,,6.0,6.0,False,,,False,
2030436015291949678,16,24,4,"[6, 6, 6, 6]","[[0, 4, 8, 11, 12, 13], [7, 8, 13, 13, 18, 22], [3, 5, 7, 7, 13, 13], [1, 3, 4, 12, 18, 20]]",0.4,1,2,,1,NP,"[[1, 1, 1, 1, 1, 1], [1, 1, 1, 1, 1, 1], [1, 1, 1, 1, 1, 1], [1, 1, 1, 1, 1, 1]]",24,216,216,0.0,0.001247,20,0.008168895728886127,30.0090229511261,30.01725355252256,TIME_LIMIT,4.916666666666667,,,0.28916484349705085,383796.0,0.0,0,0.0,0,,,,,,,False,,,False,
2030436015291949678,16,24,4,"[6, 6, 6, 6]","[[0, 4, 8, 11, 12, 13], [7, 8, 13, 13, 18, 22], [3, 5, 7, 7, 13, 13], [1, 3, 4, 12, 18, 20]]",0.4,1,2,2,,CHP,"[[1, 1, 1, 3], [2, 2, 1, 1], [4, 2], [3, 1, 2]]",13,62,216,0.712962962962963,0.0043465,20,0.0054938215762376785,0.12014603614807129,0.1257208530035224,OPTIMAL,4.916666666666667,,,0.0,3411.0,3.2916666666666665,79,20.125,483,,,,,4.916666666666667,,False,,,False,
2030436015291949678,16,24,4,"[6, 6, 6, 6]","[[0, 4, 8, 11, 12, 13], [7, 8, 13, 13, 18, 22], [3, 5, 7, 7, 13, 13], [1, 3, 4, 12, 18, 20]]",0.4,1,2,2,2,PP,"[[1, 1, 1, 2, 1], [2, 2, 1, 1], [2, 2, 2], [2, 1, 1, 2]]",16,95,216,0.5601851851851851,0.001908,20,0.006262615323066711,0.6840250492095947,0.6903551739634948,OPTIMAL,4.916666666666667,,,0.0,17947.0,2.4583333333333335,59,10.5,252,,4.916666666666667,4.916666666666667,,4.916666666666667,4.916666666666667,False,,,False,
2030436015291949678,16,24,4,"[6, 6, 6, 6]","[[0, 4, 8, 11, 12, 13], [7, 8, 13, 13, 18, 22], [3, 5, 7, 7, 13, 13], [1, 3, 4, 12, 18, 20]]",0.4,1,2,2,3,PP,"[[1, 1, 1, 3], [2, 2, 1, 1], [3, 1, 2], [3, 1, 2]]",14,73,216,0.662037037037037,0.0018675,20,0.005826545879244804,0.23922204971313477,0.24511759561752558,OPTIMAL,4.916666666666667,,,0.0,7601.0,3.2916666666666665,79,14.0,336,,4.916666666666667,4.916666666666667,,4.916666666666667,4.916666666666667,False,,,False,
2030436015291949678,16,24,4,"[6, 6, 6, 6]","[[0, 4, 8, 11, 12, 13], [7, 8, 13, 13, 18, 22], [3, 5, 7, 7, 13, 13], [1, 3, 4, 12, 18, 20]]",0.4,1,2,2,4,PP,"[[1, 1, 1, 3], [2, 2, 1, 1], [4, 2], [3, 1, 2]]",13,62,216,0.712962962962963,0.0018875,20,0.005529265850782394,0.1174619197845459,0.12305453856260777,OPTIMAL,4.916666666666667,,,0.0,3411.0,3.2916666666666665,79,15.75,378,,4.916666666666667,4.916666666666667,,4.916666666666667,4.916666666666667,False,,,False,
2030436015291949678,16,24,4,"[6, 6, 6, 6]","[[0, 4, 8, 11, 12, 13], [7, 8, 13, 13, 18, 22], [3, 5, 7, 7, 13, 13], [1, 3, 4, 12, 18, 20]]",0.4,1,2,2,5,PP,"[[1, 1, 1, 3], [2, 2, 1, 1], [4, 2], [3, 1, 2]]",13,62,216,0.712962962962963,0.0017725,20,0.005566341802477837,0.11664700508117676,0.12228253596218586,OPTIMAL,4.916666666666667,,,0.0,3411.0,3.2916666666666665,79,16.625,399,,4.916666666666667,4.916666666666667,,4.916666666666667,4.916666666666667,False,,,False,
2030436015291949678,16,24,4,"[6, 6, 6, 6]","[[0, 4, 8, 11, 12, 13], [7, 8, 13, 13, 18, 22], [3, 5, 7, 7, 13, 13], [1, 3, 4, 12, 18, 20]]",0.4,1,2,3,,CHP,"[[1, 1, 4], [2, 2, 1, 1], [4, 2], [3, 1, 2]]",12,53,216,0.7546296296296297,0.0042765,20,0.005386299453675747,0.055055856704711914,0.060509543732656476,OPTIMAL,4.916666666666667,,,0.0,1067.0,4.958333333333333,119,42.166666666666664,1012,,,,,4.916666666666667,,False,,,False,
2030436015291949678,16,24,4,"[6, 6, 6, 6]","[[0, 4, 8, 11, 12, 13], [7, 8, 13, 13, 18, 22], [3, 5, 7, 7, 13, 13], [1, 3, 4, 12, 18, 20]]",0.4,1,2,3,2,PP,"[[1, 1, 2, 2], [2, 2, 1, 1], [2, 2, 2], [2, 1, 1, 2]]",15,84,216,0.6111111111111112,0.001933,20,0.0060061560943722725,0.2879970073699951,0.2940745153864341,OPTIMAL,4.916666666666667,,,0.0,15559.0,4.125,99,22.0,528,,4.916666666666667,4.916666666666667,,4.916666666666667,4.916666666666667,False,,,False,
2030436015291949678,16,24,4,"[6, 6, 6, 6]","[[0, 4, 8, 11, 12, 13], [7, 8, 13, 13, 18, 22], [3, 5, 7, 7, 13, 13], [1, 3, 4, 12, 18, 20]]",0.4,1,2,3,3,PP,"[[1, 1, 3, 1], [2, 2, 1, 1], [3, 1, 2], [3, 1, 2]]",14,73,216,0.662037037037037,0.001858,20,0.005766695365309715,0.13156890869140625,0.1374007705713706,OPTIMAL,4.916666666666667,,,0.0,5186.0,4.958333333333333,119,29.333333333333332,704,,4.916666666666667,4.916666666666667,,4.916666666666667,4.916666666666667,False,,,False,
2030436015291949678,16,24,4,"[6, 6, 6, 6]","[[0, 4, 8, 11, 12, 13], [7, 8, 13, 13, 18, 22], [3, 5, 7, 7, 13, 13], [1, 3, 4, 12, 18, 20]]",0.4,1,2,3,4,PP,"[[1, 1, 4], [2, 2, 1, 1], [4, 2], [3, 1, 2]]",12,53,216,0.7546296296296297,0.004642,20,0.005445458926260471,0.05595993995666504,0.06147207348565292,OPTIMAL,4.916666666666667,,,0.0,1067.0,4.958333333333333,119,33.0,792,,4.916666666666667,4.916666666666667,,4.916666666666667,4.916666666666667,False,,,False,
2030436015291949678,16,24,4,"[6, 6, 6, 6]","[[0, 4, 8, 11, 12, 13], [7, 8, 13, 13, 18, 22], [3, 5, 7, 7, 13, 13], [1, 3, 4, 12, 18, 20]]",0.4,1,2,3,5,PP,"[[1, 1, 4], [2, 2, 1, 1], [4, 2], [3, 1, 2]]",12,53,216,0.7546296296296297,0.004657,20,0.005634305067360401,0.054292917251586914,0.05999376477270794,OPTIMAL,4.916666666666667,,,0.0,1067.0,4.958333333333333,119,34.833333333333336,836,,4.916666666666667,4.916666666666667,,4.916666666666667,4.916666666666667,False,,,False,
2030436015291949678,16,24,4,"[6, 6, 6, 6]","[[0, 4, 8, 11, 12, 13], [7, 8, 13, 13, 18, 22], [3, 5, 7, 7, 13, 13], [1, 3, 4, 12, 18, 20]]",0.4,1,2,4,,CHP,"[[6], [2, 2, 2], [4, 2], [3, 1, 2]]",9,29,216,0.8657407407407407,0.004297,20,0.0051889605820178986,0.02352595329284668,0.028779242065379143,OPTIMAL,6.0,,,0.0,273.0,12.708333333333334,305,64.20833333333333,1541,,,,,6.0,,False,,,False,
2030436015291949678,16,24,4,"[6, 6, 6, 6]","[[0, 4, 8, 11, 12, 13], [7, 8, 13, 13, 18, 22], [3, 5, 7, 7, 13, 13], [1, 3, 4, 12, 18, 20]]",0.4,1,2,4,2,PP,"[[2, 2, 2], [2, 2, 2], [2, 2, 2], [2, 1, 1, 2]]",13,63,216,0.7083333333333333,0.004707,20,0.005497598089277744,0.3727569580078125,0.3783333200055785,OPTIMAL,6.0,,,0.0,19945.0,9.208333333333334,221,33.5,804,,6.0,6.0,,6.0,6.0,False,,,False,
2030436015291949678,16,24,4,"[6, 6, 6, 6]","[[0, 4, 8, 11, 12, 13], [7, 8, 13, 13, 18, 22], [3, 5, 7, 7, 13, 13], [1, 3, 4, 12, 18, 20]]",0.4,1,2,4,3,PP,"[[3, 3], [2, 2, 2], [3, 1, 2], [3, 1, 2]]",11,45,216,0.7916666666666666,0.001868,20,0.005130263045430183,0.09372496604919434,0.09892150922653008,OPTIMAL,6.0,,,0.0,2882.0,11.041666666666666,265,44.666666666666664,1072,,6.0,6.0,,6.0,6.0,False,,,False,
2030436015291949678,16,24,4,"[6, 6, 6, 6]","[[0, 4, 8, 11, 12, 13], [7, 8, 13, 13, 18, 22], [3, 5, 7, 7, 13, 13], [1, 3, 4, 12, 18, 20]]",0.4,1,2,4,4,PP,"[[4, 2], [2, 2, 2], [4, 2], [3, 1, 2]]",10,37,216,0.8287037037037037,0.001878,20,0.005038664676249027,0.04938912391662598,0.05449999634841966,OPTIMAL,6.0,,,0.0,919.0,12.708333333333334,305,50.25,1206,,6.0,6.0,,6.0,6.0,False,,,False,
2030436015291949678,16,24,4,"[6, 6, 6, 6]","[[0, 4, 8, 11, 12, 13], [7, 8, 13, 13, 18, 22], [3, 5, 7, 7, 13, 13], [1, 3, 4, 12, 18, 20]]",0.4,1,2,4,5,PP,"[[5, 1], [2, 2, 2], [4, 2], [3, 1, 2]]",10,37,216,0.8287037037037037,0.004662,20,0.005001437850296497,0.04480409622192383,0.04986132661288929,OPTIMAL,6.0,,,0.0,690.0,12.708333333333334,305,53.041666666666664,1273,,6.0,6.0,,6.0,6.0,False,,,False,
13963468098654524100,17,24,4,"[6, 6, 6, 6]","[[4, 4, 5, 6, 6, 7], [5, 11, 13, 16, 16, 18], [4, 4, 10, 13, 13, 14], [2, 6, 6, 8, 10, 11]]",0.4,1,2,,1,NP,"[[1, 1, 1, 1, 1, 1], [1, 1, 1, 1, 1, 1], [1, 1, 1, 1, 1, 1], [1, 1, 1, 1, 1, 1]]",24,216,216,0.0,0.001272,20,0.008199500851333141,30.007028818130493,30.015288669429346,TIME_LIMIT,7.083333333333333,,,0.26399436023098233,637025.0,0.0,0,0.0,0,,,,,,,False,,,False,
13963468098654524100,17,24,4,"[6, 6, 6, 6]","[[4, 4, 5, 6, 6, 7], [5, 11, 13, 16, 16, 18], [4, 4, 10, 13, 13, 14], [2, 6, 6, 8, 10, 11]]",0.4,1,2,2,,CHP,"[[6], [1, 2, 3], [2, 1, 3], [1, 5]]",9,29,216,0.8657407407407407,0.004262,20,0.004977541975677013,0.032254934310913086,0.0373021869805212,OPTIMAL,7.0,,,0.0,214.0,3.0833333333333335,74,20.125,483,,,,,7.0,,False,,,False,
13963468098654524100,17,24,4,"[6, 6, 6, 6]","[[4, 4, 5, 6, 6, 7], [5, 11, 13, 16, 16, 18], [4, 4, 10, 13, 13, 14], [2, 6, 6, 8, 10, 11]]",0.4,1,2,2,2,PP,"[[2, 2, 2], [1, 2, 2, 1], [2, 1, 2, 1], [1, 2, 2, 1]]",15,84,216,0.6111111111111112,0.001978,20,0.005857652053236961,0.717073917388916,0.7229960457061677,OPTIMAL,7.0,,,0.0,21858.0,1.5833333333333333,38,10.5,252,,7.0,7.0,,7.0,7.0,False,,,False,
13963468098654524100,17,24,4,"[6, 6, 6, 6]","[[4, 4, 5, 6, 6, 7], [5, 11, 13, 16, 16, 18], [4, 4, 10, 13, 13, 14], [2, 6, 6, 8, 10, 11]]",0.4,1,2,2,3,PP,"[[3, 3], [1, 2, 3], [2, 1, 3], [1, 3, 2]]",11,45,216,0.7916666666666666,0.0018425,20,0.005186107940971851,0.0838630199432373,0.08911396131786585,OPTIMAL,7.0,,,0.0,2282.0,2.3333333333333335,56,14.0,336,,7.0,7.0,,7.0,7.0,False,,,False,
13963468098654524100,17,24,4,"[6, 6, 6, 6]","[[4, 4, 5, 6, 6, 7], [5, 11, 13, 16, 16, 18], [4, 4, 10, 13, 13, 14], [2, 6, 6, 8, 10, 11]]",0.4,1,2,2,4,PP,"[[4, 2], [1, 2, 3], [2, 1, 3], [1, 4, 1]]",11,45,216,0.7916666666666666,0.004602,20,0.005490146577358246,0.061492919921875,0.06705277632910205,OPTIMAL,7.0,,,0.0,1341.0,3.0833333333333335,74,15.75,378,,7.0,7.0,,7.0,7.0,False,,,False,
13963468098654524100,17,24,4,"[6, 6, 6, 6]","[[4, 4, 5, 6, 6, 7], [5, 11, 13, 16, 16, 18], [4, 4, 10, 13, 13, 14], [2, 6, 6, 8, 10, 11]]",0.4,1,2,2,5,PP,"[[5, 1], [1, 2, 3], [2, 1, 3], [1, 5]]",10,37,216,0.8287037037037037,0.004597,20,0.005244486033916473,0.03323101997375488,0.038535275488314154,OPTIMAL,7.0,,,0.0,440.0,3.0833333333333335,74,16.625,399,,7.0,7.0,,7.0,7.0,False,,,False,
13963468098654524100,17,24,4,"[6, 6, 6, 6]","[[4, 4, 5, 6, 6, 7], [5, 11, 13, 16, 16, 18], [4, 4, 10, 13, 13, 14], [2, 6, 6, 8, 10, 11]]",0.4,1,2,3,,CHP,"[[6], [1, 5], [2, 4], [1, 5]]",7,18,216,0.9166666666666666,0.004141,20,0.004408883862197399,0.011749982833862305,0.016215050001529216,OPTIMAL,7.0,,,0.0,72.0,6.416666666666667,154,42.166666666666664,1012,,,,,7.0,,False,,,False,
13963468098654524100,17,24,4,"[6, 6, 6, 6]","[[4, 4, 5, 6, 6, 7], [5, 11, 13, 16, 16, 18], [4, 4, 10, 13, 13, 14], [2, 6, 6, 8, 10, 11]]",0.4,1,2,3,2,PP,"[[2, 2, 2], [1, 2, 2, 1], [2, 2, 2], [1, 2, 2, 1]]",14,73,216,0.662037037037037,0.0018125,20,0.0059147486463189125,0.22485804557800293,0.23083303976529837,OPTIMAL,7.0,,,0.0,11208.0,3.25,78,22.0,528,,7.0,7.0,,7.0,7.0,False,,,False,
13963468098654524100,17,24,4,"[6, 6, 6, 6]","[[4, 4, 5, 6, 6, 7], [5, 11, 13, 16, 16, 18], [4, 4, 10, 13, 13, 14], [2, 6, 6, 8, 10, 11]]",0.4,1,2,3,3,PP,"[[3, 3], [1, 3, 2], [2, 3, 1], [1, 3, 2]]",11,45,216,0.7916666666666666,0.001848,20,0.0051647452637553215,0.06360101699829102,0.06882451407135534,OPTIMAL,7.0,,,0.0,1415.0,5.666666666666667,136,29.333333333333332,704,,7.0,7.0,,7.0,7.0,False,,,False,
13963468098654524100,17,24,4,"[6, 6, 6, 6]","[[4, 4, 5, 6, 6, 7], [5, 11, 13, 16, 16, 18], [4, 4, 10, 13, 13, 14], [2, 6, 6, 8, 10, 11]]",0.4,1,2,3,4,PP,"[[4, 2], [1, 4, 1], [2, 4], [1, 4, 1]]",10,37,216,0.8287037037037037,0.001873,20,0.004711720161139965,0.03404998779296875,0.038817031419311046,OPTIMAL,7.0,,,0.0,464.0,5.708333333333333,137,33.0,792,,7.0,7.0,,7.0,7.0,False,,,False,
13963468098654524100,17,24,4,"[6, 6, 6, 6]","[[4, 4, 5, 6, 6, 7], [5, 11, 13, 16, 16, 18], [4, 4, 10, 13, 13, 14], [2, 6, 6, 8, 10, 11]]",0.4,1,2,3,5,PP,"[[5, 1], [1, 5], [2, 4], [1, 5]]",8,24,216,0.8888888888888888,0.0018125,20,0.004289601929485798,0.019129037857055664,0.023471119028568268,OPTIMAL,7.0,,,0.0,192.0,6.416666666666667,154,34.833333333333336,836,,7.0,7.0,,7.0,7.0,False,,,False,
13963468098654524100,17,24,4,"[6, 6, 6, 6]","[[4, 4, 5, 6, 6, 7], [5, 11, 13, 16, 16, 18], [4, 4, 10, 13, 13, 14], [2, 6, 6, 8, 10, 11]]",0.4,1,2,4,,CHP,"[[6], [1, 5], [2, 4], [6]]",6,13,216,0.9398148148148148,0.0042465,20,0.004100367426872253,0.008517026901245117,0.012670850050314902,OPTIMAL,8.166666666666666,,,0.0,1.0,9.208333333333334,221,64.20833333333333,1541,,,,,8.166666666666666,,False,,,False,
13963468098654524100,17,24,4,"[6, 6, 6, 6]","[[4, 4, 5, 6, 6, 7], [5, 11, 13, 16, 16, 18], [4, 4, 10, 13, 13, 14], [2, 6, 6, 8, 10, 11]]",0.4,1,2,4,2,PP,"[[2, 2, 2], [1, 2, 2, 1], [2, 2, 2], [2, 2, 2]]",13,63,216,0.7083333333333333,0.001903,20,0.0048135751858353615,0.36716794967651367,0.3720551490138202,OPTIMAL,8.166666666666666,,,0.0,20433.0,6.083333333333333,146,33.5,804,,8.166666666666666,8.166666666666666,,8.166666666666666,8.166666666666666,False,,,False,
13963468098654524100,17,24,4,"[6, 6, 6, 6]","[[4, 4, 5, 6, 6, 7], [5, 11, 13, 16, 16, 18], [4, 4, 10, 13, 13, 14], [2, 6, 6, 8, 10, 11]]",0.4,1,2,4,3,PP,"[[3, 3], [1, 3, 2], [2, 3, 1], [3, 3]]",10,37,216,0.8287037037037037,0.0047325,20,0.005719592794775963,0.05618596076965332,0.061967602449638844,OPTIMAL,8.166666666666666,,,0.0,1671.0,8.416666666666666,202,44.666666666666664,1072,,8.166666666666666,8.166666666666666,,8.166666666666666,8.166666666666666,False,,,False,
13963468098654524100,17,24,4,"[6, 6, 6, 6]","[[4, 4, 5, 6, 6, 7], [5, 11, 13, 16, 16, 18], [4, 4, 10, 13, 13, 14], [2, 6, 6, 8, 10, 11]]",0.4,1,2,4,4,PP,"[[4, 2], [1, 4, 1], [2, 4], [4, 2]]",9,30,216,0.8611111111111112,0.004592,20,0.004757328890264034,0.03950095176696777,0.04431578668063116,OPTIMAL,8.166666666666666,,,0.0,1155.0,7.75,186,50.25,1206,,8.166666666666666,8.166666666666666,,8.166666666666666,8.166666666666666,False,,,False,
13963468098654524100,17,24,4,"[6, 6, 6, 6]","[[4, 4, 5, 6, 6, 7], [5, 11, 13, 16, 16, 18], [4, 4, 10, 13, 13, 14], [2, 6, 6, 8, 10, 11]]",0.4,1,2,4,5,PP,"[[5, 1], [1, 5], [2, 4], [5, 1]]",8,24,216,0.8888888888888888,0.004597,20,0.004366888664662838,0.02418994903564453,0.02861431240212631,OPTIMAL,8.166666666666666,,,0.0,262.0,9.208333333333334,221,53.041666666666664,1273,,8.166666666666666,8.166666666666666,,8.166666666666666,8.166666666666666,False,,,False,
8711662493601979446,18,24,4,"[6, 6, 6, 6]","[[2, 5, 6, 7, 9, 11], [1, 1, 4, 7, 8, 8], [3, 4, 4, 6, 7, 9], [1, 2, 5, 7, 14, 19]]",0.4,1,2,,1,NP,"[[1, 1, 1, 1, 1, 1], [1, 1, 1, 1, 1, 1], [1, 1, 1, 1, 1, 1], [1, 1, 1, 1, 1, 1]]",24,216,216,0.0,0.003195,20,0.008734549395740032,30.007886171340942,30.016683612582394,TIME_LIMIT,8.416666666666666,,,0.45248293245271776,279639.0,0.0,0,0.0,0,,,,,,,False,,,False,
8711662493601979446,18,24,4,"[6, 6, 6, 6]","[[2, 5, 6, 7, 9, 11], [1, 1, 4, 7, 8, 8], [3, 4, 4, 6, 7, 9], [1, 2, 5, 7, 14, 19]]",0.4,1,2,2,,CHP,"[[1, 5], [2, 1, 3], [6], [2, 2, 1, 1]]",10,35,216,0.837962962962963,0.001663,20,0.005017122253775597,0.07267212867736816,0.07776033285321045,OPTIMAL,8.416666666666666,,,0.0,1730.0,3.75,90,20.125,483,,,,,8.416666666666666,,False,,,False,
8711662493601979446,18,24,4,"[6, 6, 6, 6]","[[2, 5, 6, 7, 9, 11], [1, 1, 4, 7, 8, 8], [3, 4, 4, 6, 7, 9], [1, 2, 5, 7, 14, 19]]",0.4,1,2,2,2,PP,"[[1, 2, 2, 1], [2, 1, 2, 1], [2, 2, 2], [2, 2, 1, 1]]",15,84,216,0.6111111111111112,0.001943,20,0.005933116190135479,1.0638508796691895,1.0698480841520839,OPTIMAL,8.416666666666666,,,0.0,45175.0,3.0416666666666665,73,10.5,252,,8.416666666666666,8.416666666666666,,8.416666666666666,8.416666666666666,False,,,False,
8711662493601979446,18,24,4,"[6, 6, 6, 6]","[[2, 5, 6, 7, 9, 11], [1, 1, 4, 7, 8, 8], [3, 4, 4, 6, 7, 9], [1, 2, 5, 7, 14, 19]]",0.4,1,2,2,3,PP,"[[1, 3, 2], [2, 1, 3], [3, 3], [2, 2, 1, 1]]",12,53,216,0.7546296296296297,0.001853,20,0.005312028340995312,0.20932984352111816,0.21470614862032222,OPTIMAL,8.416666666666666,,,0.0,12775.0,2.2083333333333335,53,14.0,336,,8.416666666666666,8.416666666666666,,8.416666666666666,8.416666666666666,False,,,False,
8711662493601979446,18,24,4,"[6, 6, 6, 6]","[[2, 5, 6, 7, 9, 11], [1, 1, 4, 7, 8, 8], [3, 4, 4, 6, 7, 9], [1, 2, 5, 7, 14, 19]]",0.4,1,2,2,4,PP,"[[1, 4, 1], [2, 1, 3], [4, 2], [2, 2, 1, 1]]",12,53,216,0.7546296296296297,0.001918,20,0.005336063914000988,0.23308801651000977,0.23848668154032754,OPTIMAL,8.416666666666666,,,0.0,13043.0,3.0416666666666665,73,15.75,378,,8.416666666666666,8.416666666666666,,8.416666666666666,8.416666666666666,False,,,False,
8711662493601979446,18,24,4,"[6, 6, 6, 6]","[[2, 5, 6, 7, 9, 11], [1, 1, 4, 7, 8, 8], [3, 4, 4, 6, 7, 9], [1, 2, 5, 7, 14, 19]]",0.4,1,2,2,5,PP,"[[1, 5], [2, 1, 3], [5, 1], [2, 2, 1, 1]]",11,44,216,0.7962962962962963,0.004497,20,0.005467482842504978,0.10327005386352539,0.1088001109817834,OPTIMAL,8.416666666666666,,,0.0,4102.0,3.0416666666666665,73,16.625,399,,8.416666666666666,8.416666666666666,,8.416666666666666,8.416666666666666,False,,,False,
8711662493601979446,18,24,4,"[6, 6, 6, 6]","[[2, 5, 6, 7, 9, 11], [1, 1, 4, 7, 8, 8], [3, 4, 4, 6, 7, 9], [1, 2, 5, 7, 14, 19]]",0.4,1,2,3,,CHP,"[[6], [6], [6], [4, 1, 1]]",6,12,216,0.9444444444444444,0.0041565,20,0.004712431691586971,0.010895013809204102,0.015663871548968793,OPTIMAL,10.416666666666666,,,0.0,93.0,10.75,258,42.166666666666664,1012,,,,,10.416666666666666,,False,,,False,
8711662493601979446,18,24,4,"[6, 6, 6, 6]","[[2, 5, 6, 7, 9, 11], [1, 1, 4, 7, 8, 8], [3, 4, 4, 6, 7, 9], [1, 2, 5, 7, 14, 19]]",0.4,1,2,3,2,PP,"[[2, 2, 2], [2, 2, 2], [2, 2, 2], [2, 2, 1, 1]]",13,63,216,0.7083333333333333,0.004742,20,0.005362164229154587,0.8210740089416504,0.8265007880364819,OPTIMAL,8.416666666666666,,,0.0,27587.0,6.5,156,22.0,528,,10.416666666666666,8.416666666666666,,10.416666666666666,8.416666666666666,False,,,False,
8711662493601979446,18,24,4,"[6, 6, 6, 6]","[[2, 5, 6, 7, 9, 11], [1, 1, 4, 7, 8, 8], [3, 4, 4, 6, 7, 9], [1, 2, 5, 7, 14, 19]]",0.4,1,2,3,3,PP,"[[3, 3], [3, 3], [3, 3], [3, 1, 1, 1]]",10,36,216,0.8333333333333334,0.004742,20,0.005022530443966389,0.06635403633117676,0.07144583545972538,OPTIMAL,9.166666666666666,,,0.0,1930.0,7.5,180,29.333333333333332,704,,10.416666666666666,9.166666666666666,,10.416666666666666,9.166666666666666,False,,,False,
8711662493601979446,18,24,4,"[6, 6, 6, 6]","[[2, 5, 6, 7, 9, 11], [1, 1, 4, 7, 8, 8], [3, 4, 4, 6, 7, 9], [1, 2, 5, 7, 14, 19]]",0.4,1,2,3,4,PP,"[[4, 2], [4, 2], [4, 2], [4, 1, 1]]",9,30,216,0.8611111111111112,0.0048725,20,0.005116633139550686,0.05158495903015137,0.05676651169270039,OPTIMAL,10.083333333333334,,,0.0,1192.0,10.0,240,33.0,792,,10.416666666666666,10.083333333333334,,10.416666666666666,10.083333333333334,False,,,False,
8711662493601979446,18,24,4,"[6, 6, 6, 6]","[[2, 5, 6, 7, 9, 11], [1, 1, 4, 7, 8, 8], [3, 4, 4, 6, 7, 9], [1, 2, 5, 7, 14, 19]]",0.4,1,2,3,5,PP,"[[5, 1], [5, 1], [5, 1], [4, 1, 1]]",9,30,216,0.8611111111111112,0.004647,20,0.0051652248948812485,0.03263998031616211,0.037866945078835014,OPTIMAL,9.916666666666666,,,0.0,388.0,9.333333333333334,224,34.833333333333336,836,,10.416666666666666,9.916666666666666,,10.416666666666666,9.916666666666666,False,,,False,
8711662493601979446,18,24,4,"[6, 6, 6, 6]","[[2, 5, 6, 7, 9, 11], [1, 1, 4, 7, 8, 8], [3, 4, 4, 6, 7, 9], [1, 2, 5, 7, 14, 19]]",0.4,1,2,4,,CHP,"[[6], [6], [6], [4, 1, 1]]",6,12,216,0.9444444444444444,0.001738,20,0.004372026771306992,0.011790037155151367,0.016216281022215367,OPTIMAL,10.416666666666666,,,0.0,93.0,10.75,258,64.20833333333333,1541,,,,,10.416666666666666,,False,,,False,
8711662493601979446,18,24,4,"[6, 6, 6, 6]","[[2, 5, 6, 7, 9, 11], [1, 1, 4, 7, 8, 8], [3, 4, 4, 6, 7, 9], [1, 2, 5, 7, 14, 19]]",0.4,1,2,4,2,PP,"[[2, 2, 2], [2, 2, 2], [2, 2, 2], [2, 2, 1, 1]]",13,63,216,0.7083333333333333,0.001968,20,0.005803229287266731,0.7755661010742188,0.7814354534483604,OPTIMAL,8.416666666666666,,,0.0,27587.0,6.5,156,33.5,804,,10.416666666666666,8.416666666666666,,10.416666666666666,8.416666666666666,False,,,False,
8711662493601979446,18,24,4,"[6, 6, 6, 6]","[[2, 5, 6, 7, 9, 11], [1, 1, 4, 7, 8, 8], [3, 4, 4, 6, 7, 9], [1, 2, 5, 7, 14, 19]]",0.4,1,2,4,3,PP,"[[3, 3], [3, 3], [3, 3], [3, 1, 1, 1]]",10,36,216,0.8333333333333334,0.001878,20,0.005061758682131767,0.27286720275878906,0.2779951556466012,OPTIMAL,9.166666666666666,,,0.0,1930.0,7.5,180,44.666666666666664,1072,,10.416666666666666,9.166666666666666,,10.416666666666666,9.166666666666666,False,,,False,
8711662493601979446,18,24,4,"[6, 6, 6, 6]","[[2, 5, 6, 7, 9, 11], [1, 1, 4, 7, 8, 8], [3, 4, 4, 6, 7, 9], [1, 2, 5, 7, 14, 19]]",0.4,1,2,4,4,PP,"[[4, 2], [4, 2], [4, 2], [4, 1, 1]]",9,30,216,0.8611111111111112,0.001933,20,0.0048477062955498695,0.0517420768737793,0.056653014889867785,OPTIMAL,10.083333333333334,,,0.0,1192.0,10.0,240,50.25,1206,,10.416666666666666,10.083333333333334,,10.416666666666666,10.083333333333334,False,,,False,
8711662493601979446,18,24,4,"[6, 6, 6, 6]","[[2, 5, 6, 7, 9, 11], [1, 1, 4, 7, 8, 8], [3, 4, 4, 6, 7, 9], [1, 2, 5, 7, 14, 19]]",0.4,1,2,4,5,PP,"[[5, 1], [5, 1], [5, 1], [4, 1, 1]]",9,30,216,0.8611111111111112,0.001833,20,0.004843669943511486,0.032414913177490234,0.037323934183235645,OPTIMAL,9.916666666666666,,,0.0,388.0,9.333333333333334,224,53.041666666666664,1273,,10.416666666666666,9.916666666666666,,10.416666666666666,9.916666666666666,False,,,False,
18337287082771444123,19,24,4,"[6, 6, 6, 6]","[[2, 2, 4, 13, 30, 30], [2, 5, 8, 15, 16, 17], [5, 7, 8, 8, 9, 13], [3, 6, 7, 13, 16, 22]]",0.4,1,2,,1,NP,"[[1, 1, 1, 1, 1, 1], [1, 1, 1, 1, 1, 1], [1, 1, 1, 1, 1, 1], [1, 1, 1, 1, 1, 1]]",24,216,216,0.0,0.003155,20,0.00898456759750843,30.003039121627808,30.01208785144189,TIME_LIMIT,5.125,,,0.1571830079671241,816074.0,0.0,0,0.0,0,,,,,,,False,,,False,
18337287082771444123,19,24,4,"[6, 6, 6, 6]","[[2, 2, 4, 13, 30, 30], [2, 5, 8, 15, 16, 17], [5, 7, 8, 8, 9, 13], [3, 6, 7, 13, 16, 22]]",0.4,1,2,2,,CHP,"[[3, 1, 2], [1, 1, 1, 3], [5, 1], [1, 2, 1, 1, 1]]",14,71,216,0.6712962962962963,0.0044165,20,0.005750480107963085,0.1314849853515625,0.13730664940622234,OPTIMAL,4.958333333333333,,,0.0,3934.0,1.7083333333333333,41,20.125,483,,,,,4.958333333333333,,False,,,False,
18337287082771444123,19,24,4,"[6, 6, 6, 6]","[[2, 2, 4, 13, 30, 30], [2, 5, 8, 15, 16, 17], [5, 7, 8, 8, 9, 13], [3, 6, 7, 13, 16, 22]]",0.4,1,2,2,2,PP,"[[2, 1, 1, 2], [1, 1, 1, 2, 1], [2, 2, 1, 1], [1, 2, 1, 1, 1]]",18,121,216,0.43981481481481477,0.004898,20,0.006807808764278889,2.364912986755371,2.371789876546202,OPTIMAL,4.958333333333333,,,0.0,67083.0,0.875,21,10.5,252,,4.958333333333333,4.958333333333333,,4.958333333333333,4.958333333333333,False,,,False,
18337287082771444123,19,24,4,"[6, 6, 6, 6]","[[2, 2, 4, 13, 30, 30], [2, 5, 8, 15, 16, 17], [5, 7, 8, 8, 9, 13], [3, 6, 7, 13, 16, 22]]",0.4,1,2,2,3,PP,"[[3, 1, 2], [1, 1, 1, 3], [3, 2, 1], [1, 2, 1, 1, 1]]",15,83,216,0.6157407407407407,0.001918,20,0.006077214144170284,0.2976069450378418,0.3037506159737878,OPTIMAL,4.958333333333333,,,0.0,14271.0,1.7083333333333333,41,14.0,336,,4.958333333333333,4.958333333333333,,4.958333333333333,4.958333333333333,False,,,False,
18337287082771444123,19,24,4,"[6, 6, 6, 6]","[[2, 2, 4, 13, 30, 30], [2, 5, 8, 15, 16, 17], [5, 7, 8, 8, 9, 13], [3, 6, 7, 13, 16, 22]]",0.4,1,2,2,4,PP,"[[3, 1, 2], [1, 1, 1, 3], [4, 1, 1], [1, 2, 1, 1, 1]]",15,83,216,0.6157407407407407,0.001873,20,0.005927428603172302,0.31824302673339844,0.3242326957345347,OPTIMAL,4.958333333333333,,,0.0,18629.0,1.7083333333333333,41,15.75,378,,4.958333333333333,4.958333333333333,,4.958333333333333,4.958333333333333,False,,,False,
18337287082771444123,19,24,4,"[6, 6, 6, 6]","[[2, 2, 4, 13, 30, 30], [2, 5, 8, 15, 16, 17], [5, 7, 8, 8, 9, 13], [3, 6, 7, 13, 16, 22]]",0.4,1,2,2,5,PP,"[[3, 1, 2], [1, 1, 1, 3], [5, 1], [1, 2, 1, 1, 1]]",14,71,216,0.6712962962962963,0.004562,20,0.005953527055680752,0.11538290977478027,0.12141159308161688,OPTIMAL,4.958333333333333,,,0.0,3934.0,1.7083333333333333,41,16.625,399,,4.958333333333333,4.958333333333333,,4.958333333333333,4.958333333333333,False,,,False,
18337287082771444123,19,24,4,"[6, 6, 6, 6]","[[2, 2, 4, 13, 30, 30], [2, 5, 8, 15, 16, 17], [5, 7, 8, 8, 9, 13], [3, 6, 7, 13, 16, 22]]",0.4,1,2,3,,CHP,"[[3, 1, 2], [3, 3], [5, 1], [3, 2, 1]]",10,37,216,0.8287037037037037,0.001692,20,0.005003571510314941,0.027083158493041992,0.032144556540219305,OPTIMAL,4.958333333333333,,,0.0,364.0,8.708333333333334,209,42.166666666666664,1012,,,,,4.958333333333333,,False,,,False,
18337287082771444123,19,24,4,"[6, 6, 6, 6]","[[2, 2, 4, 13, 30, 30], [2, 5, 8, 15, 16, 17], [5, 7, 8, 8, 9, 13], [3, 6, 7, 13, 16, 22]]",0.4,1,2,3,2,PP,"[[2, 1, 1, 2], [2, 1, 2, 1], [2, 2, 1, 1], [2, 1, 2, 1]]",16,96,216,0.5555555555555556,0.004707,20,0.006223605014383793,0.4144618511199951,0.4207507223847933,OPTIMAL,4.958333333333333,,,0.0,19938.0,6.125,147,22.0,528,,4.958333333333333,4.958333333333333,,4.958333333333333,4.958333333333333,False,,,False,
18337287082771444123,19,24,4,"[6, 6, 6, 6]","[[2, 2, 4, 13, 30, 30], [2, 5, 8, 15, 16, 17], [5, 7, 8, 8, 9, 13], [3, 6, 7, 13, 16, 22]]",0.4,1,2,3,3,PP,"[[3, 1, 2], [3, 3], [3, 2, 1], [3, 2, 1]]",11,45,216,0.7916666666666666,0.004617,20,0.005388513207435608,0.04906511306762695,0.05451424183882904,OPTIMAL,4.958333333333333,,,0.0,648.0,8.708333333333334,209,29.333333333333332,704,,4.958333333333333,4.958333333333333,,4.958333333333333,4.958333333333333,False,,,False,
18337287082771444123,19,24,4,"[6, 6, 6, 6]","[[2, 2, 4, 13, 30, 30], [2, 5, 8, 15, 16, 17], [5, 7, 8, 8, 9, 13], [3, 6, 7, 13, 16, 22]]",0.4,1,2,3,4,PP,"[[3, 1, 2], [3, 3], [4, 1, 1], [3, 2, 1]]",11,45,216,0.7916666666666666,0.0021035,20,0.005411868914961815,0.055557966232299805,0.06102905852340794,OPTIMAL,4.958333333333333,,,0.0,794.0,8.708333333333334,209,33.0,792,,4.958333333333333,4.958333333333333,,4.958333333333333,4.958333333333333,False,,,False,
18337287082771444123,19,24,4,"[6, 6, 6, 6]","[[2, 2, 4, 13, 30, 30], [2, 5, 8, 15, 16, 17], [5, 7, 8, 8, 9, 13], [3, 6, 7, 13, 16, 22]]",0.4,1,2,3,5,PP,"[[3, 1, 2], [3, 3], [5, 1], [3, 2, 1]]",10,37,216,0.8287037037037037,0.001853,20,0.004565590061247349,0.027054786682128906,0.03167520802803326,OPTIMAL,4.958333333333333,,,0.0,364.0,8.708333333333334,209,34.833333333333336,836,,4.958333333333333,4.958333333333333,,4.958333333333333,4.958333333333333,False,,,False,
18337287082771444123,19,24,4,"[6, 6, 6, 6]","[[2, 2, 4, 13, 30, 30], [2, 5, 8, 15, 16, 17], [5, 7, 8, 8, 9, 13], [3, 6, 7, 13, 16, 22]]",0.4,1,2,4,,CHP,"[[3, 1, 2], [3, 3], [6], [3, 2, 1]]",9,29,216,0.8657407407407407,0.0042115,20,0.00461029727011919,0.019345998764038086,0.02401135122747326,OPTIMAL,5.208333333333333,,,0.0,101.0,11.0,264,64.20833333333333,1541,,,,,5.208333333333333,,False,,,False,
18337287082771444123,19,24,4,"[6, 6, 6, 6]","[[2, 2, 4, 13, 30, 30], [2, 5, 8, 15, 16, 17], [5, 7, 8, 8, 9, 13], [3, 6, 7, 13, 16, 22]]",0.4,1,2,4,2,PP,"[[2, 1, 1, 2], [2, 1, 2, 1], [2, 2, 2], [2, 1, 2, 1]]",15,84,216,0.6111111111111112,0.004772,20,0.005591028369963169,0.29236888885498047,0.2980236605703683,OPTIMAL,5.208333333333333,,,0.0,15830.0,8.416666666666666,202,33.5,804,,5.208333333333333,5.208333333333333,,5.208333333333333,5.208333333333333,False,,,False,
18337287082771444123,19,24,4,"[6, 6, 6, 6]","[[2, 2, 4, 13, 30, 30], [2, 5, 8, 15, 16, 17], [5, 7, 8, 8, 9, 13], [3, 6, 7, 13, 16, 22]]",0.4,1,2,4,3,PP,"[[3, 1, 2], [3, 3], [3, 3], [3, 2, 1]]",10,37,216,0.8287037037037037,0.004697,20,0.005271566100418568,0.029552221298217773,0.034890757282588,OPTIMAL,5.208333333333333,,,0.0,457.0,11.0,264,44.666666666666664,1072,,5.208333333333333,5.208333333333333,,5.208333333333333,5.208333333333333,False,,,False,
18337287082771444123,19,24,4,"[6, 6, 6, 6]","[[2, 2, 4, 13, 30, 30], [2, 5, 8, 15, 16, 17], [5, 7, 8, 8, 9, 13], [3, 6, 7, 13, 16, 22]]",0.4,1,2,4,4,PP,"[[3, 1, 2], [3, 3], [4, 2], [3, 2, 1]]",10,37,216,0.8287037037037037,0.001918,20,0.005198256112635136,0.04152989387512207,0.046783694472926136,OPTIMAL,5.208333333333333,,,0.0,506.0,11.0,264,50.25,1206,,5.208333333333333,5.208333333333333,,5.208333333333333,5.208333333333333,False,,,False,
18337287082771444123,19,24,4,"[6, 6, 6, 6]","[[2, 2, 4, 13, 30, 30], [2, 5, 8, 15, 16, 17], [5, 7, 8, 8, 9, 13], [3, 6, 7, 13, 16, 22]]",0.4,1,2,4,5,PP,"[[3, 1, 2], [3, 3], [5, 1], [3, 2, 1]]",10,37,216,0.8287037037037037,0.004642,20,0.004932804964482784,0.02680492401123047,0.03179556439588499,OPTIMAL,4.958333333333333,,,0.0,364.0,8.708333333333334,209,53.041666666666664,1273,,5.208333333333333,4.958333333333333,,5.208333333333333,4.958333333333333,False,,,False,
