seed,replication,N,L,counts,releases,arrival_rate,h_F,h_S,threshold,max_platoon_size,method,partition,number_of_platoons,ordering_variable_count,vehicle_level_ordering_variable_count,dimension_reduction_ratio,formation_time_ms,formation_repetitions,model_build_time_s,solve_time_s,end_to_end_time_s,status,objective,actual_optimality_gap,actual_gap_reference,terminal_mip_gap,node_count,partition_specific_upper_bound,scaled_partition_specific_upper_bound,rule_level_upper_bound,scaled_rule_level_upper_bound,np_optimal_objective,matching_chp_objective,pp_optimal_objective,D_NP,D_CHP,D_PP,bound_check_available,bound_valid,bound_slack,delay_order_check_available,np_pp_chp_delay_order_holds
16777210500540875060,0,12,4,"[3, 3, 3, 3]","[[3, 4, 5], [6, 7, 8], [1, 5, 6], [3, 3, 6]]",0.7,1,2,,1,NP,"[[1, 1, 1], [1, 1, 1], [1, 1, 1], [1, 1, 1]]",12,54,54,0.0,0.0011165,20,0.014269539155066013,0.09358596801757812,0.10793557747522974,OPTIMAL,3.9166666666666665,0.0,np_gurobi_optimal,0.0,1431.0,0.0,0,0.0,0,3.9166666666666665,,,3.9166666666666665,,,False,,,False,
16777210500540875060,0,12,4,"[3, 3, 3, 3]","[[3, 4, 5], [6, 7, 8], [1, 5, 6], [3, 3, 6]]",0.7,1,2,2,,CHP,"[[3], [3], [1, 2], [2, 1]]",6,13,54,0.7592592592592593,0.001442,20,0.004434451460838318,0.0038759708404541016,0.008366134330360413,OPTIMAL,3.9166666666666665,0.0,np_gurobi_optimal,0.0,1.0,0.0,0,8.25,99,3.9166666666666665,,,3.9166666666666665,3.9166666666666665,,False,,,False,
16777210500540875060,0,12,4,"[3, 3, 3, 3]","[[3, 4, 5], [6, 7, 8], [1, 5, 6], [3, 3, 6]]",0.7,1,2,2,2,PP,"[[2, 1], [2, 1], [1, 2], [2, 1]]",8,24,54,0.5555555555555556,0.0015675,20,0.004294790327548981,0.022068023681640625,0.026417014273171426,OPTIMAL,3.9166666666666665,0.0,np_gurobi_optimal,0.0,144.0,0.0,0,4.5,54,3.9166666666666665,3.9166666666666665,3.9166666666666665,3.9166666666666665,3.9166666666666665,3.9166666666666665,True,True,4.5,True,True
16777210500540875060,0,12,4,"[3, 3, 3, 3]","[[3, 4, 5], [6, 7, 8], [1, 5, 6], [3, 3, 6]]",0.7,1,2,2,3,PP,"[[3], [3], [1, 2], [2, 1]]",6,13,54,0.7592592592592593,0.001437,20,0.0042992280796170235,0.0035860538482666016,0.007940175912343979,OPTIMAL,3.9166666666666665,0.0,np_gurobi_optimal,0.0,1.0,0.0,0,6.0,72,3.9166666666666665,3.9166666666666665,3.9166666666666665,3.9166666666666665,3.9166666666666665,3.9166666666666665,True,True,6.0,True,True
16777210500540875060,0,12,4,"[3, 3, 3, 3]","[[3, 4, 5], [6, 7, 8], [1, 5, 6], [3, 3, 6]]",0.7,1,2,2,4,PP,"[[3], [3], [1, 2], [2, 1]]",6,13,54,0.7592592592592593,0.001492,20,0.004203754477202892,0.003910064697265625,0.008172472028808117,OPTIMAL,3.9166666666666665,0.0,np_gurobi_optimal,0.0,1.0,0.0,0,6.75,81,3.9166666666666665,3.9166666666666665,3.9166666666666665,3.9166666666666665,3.9166666666666665,3.9166666666666665,True,True,6.75,True,True
16777210500540875060,0,12,4,"[3, 3, 3, 3]","[[3, 4, 5], [6, 7, 8], [1, 5, 6], [3, 3, 6]]",0.7,1,2,2,5,PP,"[[3], [3], [1, 2], [2, 1]]",6,13,54,0.7592592592592593,0.001467,20,0.00400787778198719,0.0034019947052001953,0.0074614725813789366,OPTIMAL,3.9166666666666665,0.0,np_gurobi_optimal,0.0,1.0,0.0,0,6.75,81,3.9166666666666665,3.9166666666666665,3.9166666666666665,3.9166666666666665,3.9166666666666665,3.9166666666666665,True,True,6.75,True,True
16777210500540875060,0,12,4,"[3, 3, 3, 3]","[[3, 4, 5], [6, 7, 8], [1, 5, 6], [3, 3, 6]]",0.7,1,2,3,,CHP,"[[3], [3], [1, 2], [3]]",5,9,54,0.8333333333333334,0.0013375,20,0.0037543652579188347,0.002910137176513672,0.006713863582992554,OPTIMAL,3.9166666666666665,0.0,np_gurobi_optimal,0.0,1.0,1.5,18,18.333333333333332,220,3.9166666666666665,,,3.9166666666666665,3.9166666666666665,,False,,,False,
16777210500540875060,0,12,4,"[3, 3, 3, 3]","[[3, 4, 5], [6, 7, 8], [1, 5, 6], [3, 3, 6]]",0.7,1,2,3,2,PP,"[[2, 1], [2, 1], [1, 2], [2, 1]]",8,24,54,0.5555555555555556,0.001402,20,0.004528344608843327,0.0215299129486084,0.02610996494631958,OPTIMAL,3.9166666666666665,0.0,np_gurobi_optimal,0.0,144.0,0.0,0,10.0,120,3.9166666666666665,3.9166666666666665,3.9166666666666665,3.9166666666666665,3.9166666666666665,3.9166666666666665,True,True,10.0,True,True
16777210500540875060,0,12,4,"[3, 3, 3, 3]","[[3, 4, 5], [6, 7, 8], [1, 5, 6], [3, 3, 6]]",0.7,1,2,3,3,PP,"[[3], [3], [1, 2], [3]]",5,9,54,0.8333333333333334,0.001387,20,0.0035985996946692467,0.002900838851928711,0.006549905314957619,OPTIMAL,3.9166666666666665,0.0,np_gurobi_optimal,0.0,1.0,1.5,18,13.333333333333334,160,3.9166666666666665,3.9166666666666665,3.9166666666666665,3.9166666666666665,3.9166666666666665,3.9166666666666665,True,True,13.333333333333334,True,True
16777210500540875060,0,12,4,"[3, 3, 3, 3]","[[3, 4, 5], [6, 7, 8], [1, 5, 6], [3, 3, 6]]",0.7,1,2,3,4,PP,"[[3], [3], [1, 2], [3]]",5,9,54,0.8333333333333334,0.001417,20,0.0036107972264289856,0.0024030208587646484,0.006063990753297329,OPTIMAL,3.9166666666666665,0.0,np_gurobi_optimal,0.0,1.0,1.5,18,15.0,180,3.9166666666666665,3.9166666666666665,3.9166666666666665,3.9166666666666665,3.9166666666666665,3.9166666666666665,True,True,15.0,True,True
16777210500540875060,0,12,4,"[3, 3, 3, 3]","[[3, 4, 5], [6, 7, 8], [1, 5, 6], [3, 3, 6]]",0.7,1,2,3,5,PP,"[[3], [3], [1, 2], [3]]",5,9,54,0.8333333333333334,0.001377,20,0.003575955517590046,0.002435922622680664,0.006060765630092144,OPTIMAL,3.9166666666666665,0.0,np_gurobi_optimal,0.0,1.0,1.5,18,15.0,180,3.9166666666666665,3.9166666666666665,3.9166666666666665,3.9166666666666665,3.9166666666666665,3.9166666666666665,True,True,15.0,True,True
16777210500540875060,0,12,4,"[3, 3, 3, 3]","[[3, 4, 5], [6, 7, 8], [1, 5, 6], [3, 3, 6]]",0.7,1,2,4,,CHP,"[[3], [3], [3], [3]]",4,6,54,0.8888888888888888,0.001332,20,0.00351706612855196,0.0026280879974365234,0.00619429184506607,OPTIMAL,5.25,1.3333333333333335,np_gurobi_optimal,0.0,1.0,4.083333333333333,49,28.416666666666668,341,3.9166666666666665,,,3.9166666666666665,5.25,,False,,,False,
16777210500540875060,0,12,4,"[3, 3, 3, 3]","[[3, 4, 5], [6, 7, 8], [1, 5, 6], [3, 3, 6]]",0.7,1,2,4,2,PP,"[[2, 1], [2, 1], [2, 1], [2, 1]]",8,24,54,0.5555555555555556,0.00352,20,0.004212056286633015,0.024192094802856445,0.028459891277570724,OPTIMAL,5.25,1.3333333333333335,np_gurobi_optimal,0.0,308.0,2.5833333333333335,31,15.5,186,3.9166666666666665,5.25,5.25,3.9166666666666665,5.25,5.25,True,True,14.166666666666666,True,True
16777210500540875060,0,12,4,"[3, 3, 3, 3]","[[3, 4, 5], [6, 7, 8], [1, 5, 6], [3, 3, 6]]",0.7,1,2,4,3,PP,"[[3], [3], [3], [3]]",4,6,54,0.8888888888888888,0.001427,20,0.0038672061637043953,0.0025250911712646484,0.006443655332161903,OPTIMAL,5.25,1.3333333333333335,np_gurobi_optimal,0.0,1.0,4.083333333333333,49,20.666666666666668,248,3.9166666666666665,5.25,5.25,3.9166666666666665,5.25,5.25,True,True,19.333333333333336,True,True
16777210500540875060,0,12,4,"[3, 3, 3, 3]","[[3, 4, 5], [6, 7, 8], [1, 5, 6], [3, 3, 6]]",0.7,1,2,4,4,PP,"[[3], [3], [3], [3]]",4,6,54,0.8888888888888888,0.001382,20,0.003811902366578579,0.002271890640258789,0.0061336708359427455,OPTIMAL,5.25,1.3333333333333335,np_gurobi_optimal,0.0,1.0,4.083333333333333,49,23.25,279,3.9166666666666665,5.25,5.25,3.9166666666666665,5.25,5.25,True,True,21.916666666666668,True,True
16777210500540875060,0,12,4,"[3, 3, 3, 3]","[[3, 4, 5], [6, 7, 8], [1, 5, 6], [3, 3, 6]]",0.7,1,2,4,5,PP,"[[3], [3], [3], [3]]",4,6,54,0.8888888888888888,0.001402,20,0.0037096068263053894,0.0022962093353271484,0.006055632965673924,OPTIMAL,5.25,1.3333333333333335,np_gurobi_optimal,0.0,1.0,4.083333333333333,49,23.25,279,3.9166666666666665,5.25,5.25,3.9166666666666665,5.25,5.25,True,True,21.916666666666668,True,True
1203434733780121643,1,12,4,"[3, 3, 3, 3]","[[5, 6, 7], [4, 8, 9], [2, 3, 4], [0, 3, 5]]",0.7,1,2,,1,NP,"[[1, 1, 1], [1, 1, 1], [1, 1, 1], [1, 1, 1]]",12,54,54,0.0,0.001067,20,0.00473557785153389,0.08059501647949219,0.08539332606133651,OPTIMAL,3.0,0.0,np_gurobi_optimal,0.0,970.0,0.0,0,0.0,0,3.0,,,3.0,,,False,,,False,
1203434733780121643,1,12,4,"[3, 3, 3, 3]","[[5, 6, 7], [4, 8, 9], [2, 3, 4], [0, 3, 5]]",0.7,1,2,2,,CHP,"[[3], [1, 2], [3], [1, 2]]",6,13,54,0.7592592592592593,0.002343,20,0.0055938949808478355,0.004706144332885742,0.010383845099335194,OPTIMAL,3.0,0.0,np_gurobi_optimal,0.0,1.0,0.6666666666666666,8,8.25,99,3.0,,,3.0,3.0,,False,,,False,
1203434733780121643,1,12,4,"[3, 3, 3, 3]","[[5, 6, 7], [4, 8, 9], [2, 3, 4], [0, 3, 5]]",0.7,1,2,2,2,PP,"[[2, 1], [1, 2], [2, 1], [1, 2]]",8,24,54,0.5555555555555556,0.0023735,20,0.005538862198591232,0.018278121948242188,0.02390111566169119,OPTIMAL,3.0,0.0,np_gurobi_optimal,0.0,74.0,0.6666666666666666,8,4.5,54,3.0,3.0,3.0,3.0,3.0,3.0,True,True,4.5,True,True
1203434733780121643,1,12,4,"[3, 3, 3, 3]","[[5, 6, 7], [4, 8, 9], [2, 3, 4], [0, 3, 5]]",0.7,1,2,2,3,PP,"[[3], [1, 2], [3], [1, 2]]",6,13,54,0.7592592592592593,0.001998,20,0.004913996905088425,0.004232883453369141,0.009216265134666442,OPTIMAL,3.0,0.0,np_gurobi_optimal,0.0,1.0,0.6666666666666666,8,6.0,72,3.0,3.0,3.0,3.0,3.0,3.0,True,True,6.0,True,True
1203434733780121643,1,12,4,"[3, 3, 3, 3]","[[5, 6, 7], [4, 8, 9], [2, 3, 4], [0, 3, 5]]",0.7,1,2,2,4,PP,"[[3], [1, 2], [3], [1, 2]]",6,13,54,0.7592592592592593,0.001923,20,0.004761476069688797,0.0029268264770507812,0.007741630827568054,OPTIMAL,3.0,0.0,np_gurobi_optimal,0.0,1.0,0.6666666666666666,8,6.75,81,3.0,3.0,3.0,3.0,3.0,3.0,True,True,6.75,True,True
1203434733780121643,1,12,4,"[3, 3, 3, 3]","[[5, 6, 7], [4, 8, 9], [2, 3, 4], [0, 3, 5]]",0.7,1,2,2,5,PP,"[[3], [1, 2], [3], [1, 2]]",6,13,54,0.7592592592592593,0.0014275,20,0.0038565993309020996,0.003225088119506836,0.007130983999421596,OPTIMAL,3.0,0.0,np_gurobi_optimal,0.0,1.0,0.6666666666666666,8,6.75,81,3.0,3.0,3.0,3.0,3.0,3.0,True,True,6.75,True,True
1203434733780121643,1,12,4,"[3, 3, 3, 3]","[[5, 6, 7], [4, 8, 9], [2, 3, 4], [0, 3, 5]]",0.7,1,2,3,,CHP,"[[3], [1, 2], [3], [3]]",5,9,54,0.8333333333333334,0.001362,20,0.003773733973503113,0.003326892852783203,0.0071516497399325375,OPTIMAL,4.333333333333333,1.333333333333333,np_gurobi_optimal,0.0,1.0,2.3333333333333335,28,18.333333333333332,220,3.0,,,3.0,4.333333333333333,,False,,,False,
1203434733780121643,1,12,4,"[3, 3, 3, 3]","[[5, 6, 7], [4, 8, 9], [2, 3, 4], [0, 3, 5]]",0.7,1,2,3,2,PP,"[[2, 1], [1, 2], [2, 1], [2, 1]]",8,24,54,0.5555555555555556,0.001392,20,0.0040979934856295586,0.02992391586303711,0.034081312500516894,OPTIMAL,4.333333333333333,1.333333333333333,np_gurobi_optimal,0.0,308.0,1.6666666666666667,20,10.0,120,3.0,4.333333333333333,4.333333333333333,3.0,4.333333333333333,4.333333333333333,True,True,8.666666666666668,True,True
1203434733780121643,1,12,4,"[3, 3, 3, 3]","[[5, 6, 7], [4, 8, 9], [2, 3, 4], [0, 3, 5]]",0.7,1,2,3,3,PP,"[[3], [1, 2], [3], [3]]",5,9,54,0.8333333333333334,0.001883,20,0.004503898322582245,0.003237009048461914,0.007799819908900738,OPTIMAL,4.333333333333333,1.333333333333333,np_gurobi_optimal,0.0,1.0,2.3333333333333335,28,13.333333333333334,160,3.0,4.333333333333333,4.333333333333333,3.0,4.333333333333333,4.333333333333333,True,True,12.0,True,True
1203434733780121643,1,12,4,"[3, 3, 3, 3]","[[5, 6, 7], [4, 8, 9], [2, 3, 4], [0, 3, 5]]",0.7,1,2,3,4,PP,"[[3], [1, 2], [3], [3]]",5,9,54,0.8333333333333334,0.001422,20,0.00346559751778841,0.0034520626068115234,0.006968502757021904,OPTIMAL,4.333333333333333,1.333333333333333,np_gurobi_optimal,0.0,1.0,2.3333333333333335,28,15.0,180,3.0,4.333333333333333,4.333333333333333,3.0,4.333333333333333,4.333333333333333,True,True,13.666666666666668,True,True
1203434733780121643,1,12,4,"[3, 3, 3, 3]","[[5, 6, 7], [4, 8, 9], [2, 3, 4], [0, 3, 5]]",0.7,1,2,3,5,PP,"[[3], [1, 2], [3], [3]]",5,9,54,0.8333333333333334,0.0034605,20,0.003864891827106476,0.0037801265716552734,0.00769756052976656,OPTIMAL,4.333333333333333,1.333333333333333,np_gurobi_optimal,0.0,1.0,2.3333333333333335,28,15.0,180,3.0,4.333333333333333,4.333333333333333,3.0,4.333333333333333,4.333333333333333,True,True,13.666666666666668,True,True
1203434733780121643,1,12,4,"[3, 3, 3, 3]","[[5, 6, 7], [4, 8, 9], [2, 3, 4], [0, 3, 5]]",0.7,1,2,4,,CHP,"[[3], [3], [3], [3]]",4,6,54,0.8888888888888888,0.00353,20,0.004110583104193211,0.002907991409301758,0.007071413387207985,OPTIMAL,4.333333333333333,1.333333333333333,np_gurobi_optimal,0.0,1.0,4.916666666666667,59,28.416666666666668,341,3.0,,,3.0,4.333333333333333,,False,,,False,
1203434733780121643,1,12,4,"[3, 3, 3, 3]","[[5, 6, 7], [4, 8, 9], [2, 3, 4], [0, 3, 5]]",0.7,1,2,4,2,PP,"[[2, 1], [2, 1], [2, 1], [2, 1]]",8,24,54,0.5555555555555556,0.001432,20,0.004579871892929077,0.01931285858154297,0.02394715566029024,OPTIMAL,4.333333333333333,1.333333333333333,np_gurobi_optimal,0.0,182.0,4.25,51,15.5,186,3.0,4.333333333333333,4.333333333333333,3.0,4.333333333333333,4.333333333333333,True,True,14.166666666666668,True,True
1203434733780121643,1,12,4,"[3, 3, 3, 3]","[[5, 6, 7], [4, 8, 9], [2, 3, 4], [0, 3, 5]]",0.7,1,2,4,3,PP,"[[3], [3], [3], [3]]",4,6,54,0.8888888888888888,0.001407,20,0.003522714599967003,0.0023810863494873047,0.005955326142484665,OPTIMAL,4.333333333333333,1.333333333333333,np_gurobi_optimal,0.0,1.0,4.916666666666667,59,20.666666666666668,248,3.0,4.333333333333333,4.333333333333333,3.0,4.333333333333333,4.333333333333333,True,True,19.333333333333336,True,True
1203434733780121643,1,12,4,"[3, 3, 3, 3]","[[5, 6, 7], [4, 8, 9], [2, 3, 4], [0, 3, 5]]",0.7,1,2,4,4,PP,"[[3], [3], [3], [3]]",4,6,54,0.8888888888888888,0.001377,20,0.0035514580085873604,0.0029561519622802734,0.0065581580088396076,OPTIMAL,4.333333333333333,1.333333333333333,np_gurobi_optimal,0.0,1.0,4.916666666666667,59,23.25,279,3.0,4.333333333333333,4.333333333333333,3.0,4.333333333333333,4.333333333333333,True,True,21.916666666666668,True,True
1203434733780121643,1,12,4,"[3, 3, 3, 3]","[[5, 6, 7], [4, 8, 9], [2, 3, 4], [0, 3, 5]]",0.7,1,2,4,5,PP,"[[3], [3], [3], [3]]",4,6,54,0.8888888888888888,0.0014425,20,0.0041145989671349525,0.0022008419036865234,0.006365411796216964,OPTIMAL,4.333333333333333,1.333333333333333,np_gurobi_optimal,0.0,1.0,4.916666666666667,59,23.25,279,3.0,4.333333333333333,4.333333333333333,3.0,4.333333333333333,4.333333333333333,True,True,21.916666666666668,True,True
9224701139066889931,2,12,4,"[3, 3, 3, 3]","[[1, 5, 6], [2, 6, 6], [2, 2, 2], [0, 1, 1]]",0.7,1,2,,1,NP,"[[1, 1, 1], [1, 1, 1], [1, 1, 1], [1, 1, 1]]",12,54,54,0.0,0.002764,20,0.005217546597123146,0.12321305274963379,0.12849984487742327,OPTIMAL,4.166666666666667,0.0,np_gurobi_optimal,0.0,2878.0,0.0,0,0.0,0,4.166666666666667,,,4.166666666666667,,,False,,,False,
9224701139066889931,2,12,4,"[3, 3, 3, 3]","[[1, 5, 6], [2, 6, 6], [2, 2, 2], [0, 1, 1]]",0.7,1,2,2,,CHP,"[[1, 2], [1, 2], [3], [3]]",6,13,54,0.7592592592592593,0.002624,20,0.006349015980958939,0.00867605209350586,0.015124920288609504,OPTIMAL,4.166666666666667,0.0,np_gurobi_optimal,0.0,1.0,0.0,0,8.25,99,4.166666666666667,,,4.166666666666667,4.166666666666667,,False,,,False,
9224701139066889931,2,12,4,"[3, 3, 3, 3]","[[1, 5, 6], [2, 6, 6], [2, 2, 2], [0, 1, 1]]",0.7,1,2,2,2,PP,"[[1, 2], [1, 2], [2, 1], [2, 1]]",8,24,54,0.5555555555555556,0.0020435,20,0.006577321328222752,0.02314019203186035,0.029797358616643906,OPTIMAL,4.166666666666667,0.0,np_gurobi_optimal,0.0,188.0,0.0,0,4.5,54,4.166666666666667,4.166666666666667,4.166666666666667,4.166666666666667,4.166666666666667,4.166666666666667,True,True,4.5,True,True
9224701139066889931,2,12,4,"[3, 3, 3, 3]","[[1, 5, 6], [2, 6, 6], [2, 2, 2], [0, 1, 1]]",0.7,1,2,2,3,PP,"[[1, 2], [1, 2], [3], [3]]",6,13,54,0.7592592592592593,0.001582,20,0.00449984148144722,0.00680088996887207,0.011358668710631847,OPTIMAL,4.166666666666667,0.0,np_gurobi_optimal,0.0,1.0,0.0,0,6.0,72,4.166666666666667,4.166666666666667,4.166666666666667,4.166666666666667,4.166666666666667,4.166666666666667,True,True,6.0,True,True
9224701139066889931,2,12,4,"[3, 3, 3, 3]","[[1, 5, 6], [2, 6, 6], [2, 2, 2], [0, 1, 1]]",0.7,1,2,2,4,PP,"[[1, 2], [1, 2], [3], [3]]",6,13,54,0.7592592592592593,0.0021785,20,0.005480123683810234,0.0063550472259521484,0.011902837219241619,OPTIMAL,4.166666666666667,0.0,np_gurobi_optimal,0.0,1.0,0.0,0,6.75,81,4.166666666666667,4.166666666666667,4.166666666666667,4.166666666666667,4.166666666666667,4.166666666666667,True,True,6.75,True,True
9224701139066889931,2,12,4,"[3, 3, 3, 3]","[[1, 5, 6], [2, 6, 6], [2, 2, 2], [0, 1, 1]]",0.7,1,2,2,5,PP,"[[1, 2], [1, 2], [3], [3]]",6,13,54,0.7592592592592593,0.001437,20,0.004123492166399956,0.006379127502441406,0.010558513893746853,OPTIMAL,4.166666666666667,0.0,np_gurobi_optimal,0.0,1.0,0.0,0,6.75,81,4.166666666666667,4.166666666666667,4.166666666666667,4.166666666666667,4.166666666666667,4.166666666666667,True,True,6.75,True,True
9224701139066889931,2,12,4,"[3, 3, 3, 3]","[[1, 5, 6], [2, 6, 6], [2, 2, 2], [0, 1, 1]]",0.7,1,2,3,,CHP,"[[1, 2], [1, 2], [3], [3]]",6,13,54,0.7592592592592593,0.001352,20,0.003955689258873463,0.0060961246490478516,0.010107377263667106,OPTIMAL,4.166666666666667,0.0,np_gurobi_optimal,0.0,1.0,0.0,0,18.333333333333332,220,4.166666666666667,,,4.166666666666667,4.166666666666667,,False,,,False,
9224701139066889931,2,12,4,"[3, 3, 3, 3]","[[1, 5, 6], [2, 6, 6], [2, 2, 2], [0, 1, 1]]",0.7,1,2,3,2,PP,"[[1, 2], [1, 2], [2, 1], [2, 1]]",8,24,54,0.5555555555555556,0.001447,20,0.004026045091450214,0.02200603485107422,0.026086553655955316,OPTIMAL,4.166666666666667,0.0,np_gurobi_optimal,0.0,188.0,0.0,0,10.0,120,4.166666666666667,4.166666666666667,4.166666666666667,4.166666666666667,4.166666666666667,4.166666666666667,True,True,10.0,True,True
9224701139066889931,2,12,4,"[3, 3, 3, 3]","[[1, 5, 6], [2, 6, 6], [2, 2, 2], [0, 1, 1]]",0.7,1,2,3,3,PP,"[[1, 2], [1, 2], [3], [3]]",6,13,54,0.7592592592592593,0.001517,20,0.004107587970793247,0.006947040557861328,0.011151369536618709,OPTIMAL,4.166666666666667,0.0,np_gurobi_optimal,0.0,1.0,0.0,0,13.333333333333334,160,4.166666666666667,4.166666666666667,4.166666666666667,4.166666666666667,4.166666666666667,4.166666666666667,True,True,13.333333333333334,True,True
9224701139066889931,2,12,4,"[3, 3, 3, 3]","[[1, 5, 6], [2, 6, 6], [2, 2, 2], [0, 1, 1]]",0.7,1,2,3,4,PP,"[[1, 2], [1, 2], [3], [3]]",6,13,54,0.7592592592592593,0.0015775,20,0.005167069844901562,0.006360054016113281,0.011585146028294564,OPTIMAL,4.166666666666667,0.0,np_gurobi_optimal,0.0,1.0,0.0,0,15.0,180,4.166666666666667,4.166666666666667,4.166666666666667,4.166666666666667,4.166666666666667,4.166666666666667,True,True,15.0,True,True
9224701139066889931,2,12,4,"[3, 3, 3, 3]","[[1, 5, 6], [2, 6, 6], [2, 2, 2], [0, 1, 1]]",0.7,1,2,3,5,PP,"[[1, 2], [1, 2], [3], [3]]",6,13,54,0.7592592592592593,0.003696,20,0.0041114939376711845,0.0062389373779296875,0.010408531455119609,OPTIMAL,4.166666666666667,0.0,np_gurobi_optimal,0.0,1.0,0.0,0,15.0,180,4.166666666666667,4.166666666666667,4.166666666666667,4.166666666666667,4.166666666666667,4.166666666666667,True,True,15.0,True,True
9224701139066889931,2,12,4,"[3, 3, 3, 3]","[[1, 5, 6], [2, 6, 6], [2, 2, 2], [0, 1, 1]]",0.7,1,2,4,,CHP,"[[3], [3], [3], [3]]",4,6,54,0.8888888888888888,0.003655,20,0.003921116702258587,0.0017459392547607422,0.005721377699046135,OPTIMAL,4.166666666666667,0.0,np_gurobi_optimal,0.0,1.0,5.166666666666667,62,28.416666666666668,341,4.166666666666667,,,4.166666666666667,4.166666666666667,,False,,,False,
9224701139066889931,2,12,4,"[3, 3, 3, 3]","[[1, 5, 6], [2, 6, 6], [2, 2, 2], [0, 1, 1]]",0.7,1,2,4,2,PP,"[[2, 1], [2, 1], [2, 1], [2, 1]]",8,24,54,0.5555555555555556,0.001562,20,0.004358217120170593,0.014722824096679688,0.019139327280902386,OPTIMAL,4.166666666666667,0.0,np_gurobi_optimal,0.0,71.0,5.166666666666667,62,15.5,186,4.166666666666667,4.166666666666667,4.166666666666667,4.166666666666667,4.166666666666667,4.166666666666667,True,True,15.5,True,True
9224701139066889931,2,12,4,"[3, 3, 3, 3]","[[1, 5, 6], [2, 6, 6], [2, 2, 2], [0, 1, 1]]",0.7,1,2,4,3,PP,"[[3], [3], [3], [3]]",4,6,54,0.8888888888888888,0.001532,20,0.004624390043318272,0.0018877983093261719,0.006571112174982548,OPTIMAL,4.166666666666667,0.0,np_gurobi_optimal,0.0,1.0,5.166666666666667,62,20.666666666666668,248,4.166666666666667,4.166666666666667,4.166666666666667,4.166666666666667,4.166666666666667,4.166666666666667,True,True,20.666666666666668,True,True
9224701139066889931,2,12,4,"[3, 3, 3, 3]","[[1, 5, 6], [2, 6, 6], [2, 2, 2], [0, 1, 1]]",0.7,1,2,4,4,PP,"[[3], [3], [3], [3]]",4,6,54,0.8888888888888888,0.0014825,20,0.003949129022657871,0.0017600059509277344,0.0057647533922028545,OPTIMAL,4.166666666666667,0.0,np_gurobi_optimal,0.0,1.0,5.166666666666667,62,23.25,279,4.166666666666667,4.166666666666667,4.166666666666667,4.166666666666667,4.166666666666667,4.166666666666667,True,True,23.25,True,True
9224701139066889931,2,12,4,"[3, 3, 3, 3]","[[1, 5, 6], [2, 6, 6], [2, 2, 2], [0, 1, 1]]",0.7,1,2,4,5,PP,"[[3], [3], [3], [3]]",4,6,54,0.8888888888888888,0.00365,20,0.004670188762247562,0.0021080970764160156,0.0068431274571061134,OPTIMAL,4.166666666666667,0.0,np_gurobi_optimal,0.0,1.0,5.166666666666667,62,23.25,279,4.166666666666667,4.166666666666667,4.166666666666667,4.166666666666667,4.166666666666667,4.166666666666667,True,True,23.25,True,True
10691639425577479394,3,12,4,"[3, 3, 3, 3]","[[0, 2, 2], [1, 1, 1], [0, 2, 5], [5, 6, 9]]",0.7,1,2,,1,NP,"[[1, 1, 1], [1, 1, 1], [1, 1, 1], [1, 1, 1]]",12,54,54,0.0,0.0028945,20,0.006098608486354351,0.1858987808227539,0.19206828898350667,OPTIMAL,4.833333333333333,0.0,np_gurobi_optimal,0.0,5438.0,0.0,0,0.0,0,4.833333333333333,,,4.833333333333333,,,False,,,False,
10691639425577479394,3,12,4,"[3, 3, 3, 3]","[[0, 2, 2], [1, 1, 1], [0, 2, 5], [5, 6, 9]]",0.7,1,2,2,,CHP,"[[3], [3], [2, 1], [2, 1]]",6,13,54,0.7592592592592593,0.0017925,20,0.005575566552579403,0.013074874877929688,0.018740996422450543,OPTIMAL,5.083333333333333,0.25,np_gurobi_optimal,0.0,94.0,1.5,18,8.25,99,4.833333333333333,,,4.833333333333333,5.083333333333333,,False,,,False,
10691639425577479394,3,12,4,"[3, 3, 3, 3]","[[0, 2, 2], [1, 1, 1], [0, 2, 5], [5, 6, 9]]",0.7,1,2,2,2,PP,"[[2, 1], [2, 1], [2, 1], [2, 1]]",8,24,54,0.5555555555555556,0.002023,20,0.004886435344815254,0.02363896369934082,0.028609152119336605,OPTIMAL,5.083333333333333,0.25,np_gurobi_optimal,0.0,279.0,1.5,18,4.5,54,4.833333333333333,5.083333333333333,5.083333333333333,4.833333333333333,5.083333333333333,5.083333333333333,True,True,4.25,True,True
10691639425577479394,3,12,4,"[3, 3, 3, 3]","[[0, 2, 2], [1, 1, 1], [0, 2, 5], [5, 6, 9]]",0.7,1,2,2,3,PP,"[[3], [3], [2, 1], [2, 1]]",6,13,54,0.7592592592592593,0.002874,20,0.006732475943863392,0.01703190803527832,0.023857709890233517,OPTIMAL,5.083333333333333,0.25,np_gurobi_optimal,0.0,94.0,1.5,18,6.0,72,4.833333333333333,5.083333333333333,5.083333333333333,4.833333333333333,5.083333333333333,5.083333333333333,True,True,5.75,True,True
10691639425577479394,3,12,4,"[3, 3, 3, 3]","[[0, 2, 2], [1, 1, 1], [0, 2, 5], [5, 6, 9]]",0.7,1,2,2,4,PP,"[[3], [3], [2, 1], [2, 1]]",6,13,54,0.7592592592592593,0.0026185,20,0.005097545683383942,0.012616157531738281,0.01777870822042799,OPTIMAL,5.083333333333333,0.25,np_gurobi_optimal,0.0,94.0,1.5,18,6.75,81,4.833333333333333,5.083333333333333,5.083333333333333,4.833333333333333,5.083333333333333,5.083333333333333,True,True,6.5,True,True
10691639425577479394,3,12,4,"[3, 3, 3, 3]","[[0, 2, 2], [1, 1, 1], [0, 2, 5], [5, 6, 9]]",0.7,1,2,2,5,PP,"[[3], [3], [2, 1], [2, 1]]",6,13,54,0.7592592592592593,0.002714,20,0.006251209415495396,0.011282920837402344,0.017606270625545026,OPTIMAL,5.083333333333333,0.25,np_gurobi_optimal,0.0,94.0,1.5,18,6.75,81,4.833333333333333,5.083333333333333,5.083333333333333,4.833333333333333,5.083333333333333,5.083333333333333,True,True,6.5,True,True
10691639425577479394,3,12,4,"[3, 3, 3, 3]","[[0, 2, 2], [1, 1, 1], [0, 2, 5], [5, 6, 9]]",0.7,1,2,3,,CHP,"[[3], [3], [3], [3]]",4,6,54,0.8888888888888888,0.003581,20,0.0046652015298604965,0.0024771690368652344,0.007199787599473953,OPTIMAL,5.083333333333333,0.25,np_gurobi_optimal,0.0,1.0,4.5,54,18.333333333333332,220,4.833333333333333,,,4.833333333333333,5.083333333333333,,False,,,False,
10691639425577479394,3,12,4,"[3, 3, 3, 3]","[[0, 2, 2], [1, 1, 1], [0, 2, 5], [5, 6, 9]]",0.7,1,2,3,2,PP,"[[2, 1], [2, 1], [2, 1], [2, 1]]",8,24,54,0.5555555555555556,0.003831,20,0.0046376995742321014,0.024859905242919922,0.02956027491477108,OPTIMAL,5.083333333333333,0.25,np_gurobi_optimal,0.0,279.0,1.5,18,10.0,120,4.833333333333333,5.083333333333333,5.083333333333333,4.833333333333333,5.083333333333333,5.083333333333333,True,True,9.75,True,True
10691639425577479394,3,12,4,"[3, 3, 3, 3]","[[0, 2, 2], [1, 1, 1], [0, 2, 5], [5, 6, 9]]",0.7,1,2,3,3,PP,"[[3], [3], [3], [3]]",4,6,54,0.8888888888888888,0.001432,20,0.004237445071339607,0.0025589466094970703,0.006848271562058449,OPTIMAL,5.083333333333333,0.25,np_gurobi_optimal,0.0,1.0,4.5,54,13.333333333333334,160,4.833333333333333,5.083333333333333,5.083333333333333,4.833333333333333,5.083333333333333,5.083333333333333,True,True,13.083333333333334,True,True
10691639425577479394,3,12,4,"[3, 3, 3, 3]","[[0, 2, 2], [1, 1, 1], [0, 2, 5], [5, 6, 9]]",0.7,1,2,3,4,PP,"[[3], [3], [3], [3]]",4,6,54,0.8888888888888888,0.0014875,20,0.0041503626853227615,0.002849102020263672,0.007053987300920487,OPTIMAL,5.083333333333333,0.25,np_gurobi_optimal,0.0,1.0,4.5,54,15.0,180,4.833333333333333,5.083333333333333,5.083333333333333,4.833333333333333,5.083333333333333,5.083333333333333,True,True,14.75,True,True
10691639425577479394,3,12,4,"[3, 3, 3, 3]","[[0, 2, 2], [1, 1, 1], [0, 2, 5], [5, 6, 9]]",0.7,1,2,3,5,PP,"[[3], [3], [3], [3]]",4,6,54,0.8888888888888888,0.0014625,20,0.0036924509331583977,0.002207040786743164,0.005950183931195736,OPTIMAL,5.083333333333333,0.25,np_gurobi_optimal,0.0,1.0,4.5,54,15.0,180,4.833333333333333,5.083333333333333,5.083333333333333,4.833333333333333,5.083333333333333,5.083333333333333,True,True,14.75,True,True
10691639425577479394,3,12,4,"[3, 3, 3, 3]","[[0, 2, 2], [1, 1, 1], [0, 2, 5], [5, 6, 9]]",0.7,1,2,4,,CHP,"[[3], [3], [3], [3]]",4,6,54,0.8888888888888888,0.00338,20,0.004166337661445141,0.0023970603942871094,0.006621402918701172,OPTIMAL,5.083333333333333,0.25,np_gurobi_optimal,0.0,1.0,4.5,54,28.416666666666668,341,4.833333333333333,,,4.833333333333333,5.083333333333333,,False,,,False,
10691639425577479394,3,12,4,"[3, 3, 3, 3]","[[0, 2, 2], [1, 1, 1], [0, 2, 5], [5, 6, 9]]",0.7,1,2,4,2,PP,"[[2, 1], [2, 1], [2, 1], [2, 1]]",8,24,54,0.5555555555555556,0.002784,20,0.0059613194316625595,0.024363994598388672,0.03039573160674238,OPTIMAL,5.083333333333333,0.25,np_gurobi_optimal,0.0,279.0,1.5,18,15.5,186,4.833333333333333,5.083333333333333,5.083333333333333,4.833333333333333,5.083333333333333,5.083333333333333,True,True,15.25,True,True
10691639425577479394,3,12,4,"[3, 3, 3, 3]","[[0, 2, 2], [1, 1, 1], [0, 2, 5], [5, 6, 9]]",0.7,1,2,4,3,PP,"[[3], [3], [3], [3]]",4,6,54,0.8888888888888888,0.001522,20,0.0044896164909005165,0.0025131702423095703,0.007068002815410614,OPTIMAL,5.083333333333333,0.25,np_gurobi_optimal,0.0,1.0,4.5,54,20.666666666666668,248,4.833333333333333,5.083333333333333,5.083333333333333,4.833333333333333,5.083333333333333,5.083333333333333,True,True,20.416666666666668,True,True
10691639425577479394,3,12,4,"[3, 3, 3, 3]","[[0, 2, 2], [1, 1, 1], [0, 2, 5], [5, 6, 9]]",0.7,1,2,4,4,PP,"[[3], [3], [3], [3]]",4,6,54,0.8888888888888888,0.001397,20,0.004041548818349838,0.002007007598876953,0.006099494190260887,OPTIMAL,5.083333333333333,0.25,np_gurobi_optimal,0.0,1.0,4.5,54,23.25,279,4.833333333333333,5.083333333333333,5.083333333333333,4.833333333333333,5.083333333333333,5.083333333333333,True,True,23.0,True,True
10691639425577479394,3,12,4,"[3, 3, 3, 3]","[[0, 2, 2], [1, 1, 1], [0, 2, 5], [5, 6, 9]]",0.7,1,2,4,5,PP,"[[3], [3], [3], [3]]",4,6,54,0.8888888888888888,0.001993,20,0.00532156229019165,0.0030159950256347656,0.008414247974246026,OPTIMAL,5.083333333333333,0.25,np_gurobi_optimal,0.0,1.0,4.5,54,23.25,279,4.833333333333333,5.083333333333333,5.083333333333333,4.833333333333333,5.083333333333333,5.083333333333333,True,True,23.0,True,True
14722428357471763887,4,12,4,"[3, 3, 3, 3]","[[2, 5, 7], [4, 4, 6], [2, 2, 3], [5, 8, 9]]",0.7,1,2,,1,NP,"[[1, 1, 1], [1, 1, 1], [1, 1, 1], [1, 1, 1]]",12,54,54,0.0,0.0015725,20,0.005596528761088848,0.1352548599243164,0.14090910131020307,OPTIMAL,4.25,0.0,np_gurobi_optimal,0.0,3510.0,0.0,0,0.0,0,4.25,,,4.25,,,False,,,False,
14722428357471763887,4,12,4,"[3, 3, 3, 3]","[[2, 5, 7], [4, 4, 6], [2, 2, 3], [5, 8, 9]]",0.7,1,2,2,,CHP,"[[1, 2], [3], [3], [1, 2]]",6,13,54,0.7592592592592593,0.001412,20,0.00432229321449995,0.007588863372802734,0.011964263509451865,OPTIMAL,4.25,0.0,np_gurobi_optimal,0.0,1.0,1.3333333333333333,16,8.25,99,4.25,,,4.25,4.25,,False,,,False,
14722428357471763887,4,12,4,"[3, 3, 3, 3]","[[2, 5, 7], [4, 4, 6], [2, 2, 3], [5, 8, 9]]",0.7,1,2,2,2,PP,"[[1, 2], [2, 1], [2, 1], [1, 2]]",8,24,54,0.5555555555555556,0.001458,20,0.0042707659304142,0.02434396743774414,0.0286704809550004,OPTIMAL,4.25,0.0,np_gurobi_optimal,0.0,278.0,0.6666666666666666,8,4.5,54,4.25,4.25,4.25,4.25,4.25,4.25,True,True,4.5,True,True
14722428357471763887,4,12,4,"[3, 3, 3, 3]","[[2, 5, 7], [4, 4, 6], [2, 2, 3], [5, 8, 9]]",0.7,1,2,2,3,PP,"[[1, 2], [3], [3], [1, 2]]",6,13,54,0.7592592592592593,0.001428,20,0.003919574432075024,0.006410121917724609,0.010379733800259113,OPTIMAL,4.25,0.0,np_gurobi_optimal,0.0,1.0,1.3333333333333333,16,6.0,72,4.25,4.25,4.25,4.25,4.25,4.25,True,True,6.0,True,True
14722428357471763887,4,12,4,"[3, 3, 3, 3]","[[2, 5, 7], [4, 4, 6], [2, 2, 3], [5, 8, 9]]",0.7,1,2,2,4,PP,"[[1, 2], [3], [3], [1, 2]]",6,13,54,0.7592592592592593,0.0034955,20,0.004190703853964806,0.00683283805847168,0.011075580738993169,OPTIMAL,4.25,0.0,np_gurobi_optimal,0.0,1.0,1.3333333333333333,16,6.75,81,4.25,4.25,4.25,4.25,4.25,4.25,True,True,6.75,True,True
14722428357471763887,4,12,4,"[3, 3, 3, 3]","[[2, 5, 7], [4, 4, 6], [2, 2, 3], [5, 8, 9]]",0.7,1,2,2,5,PP,"[[1, 2], [3], [3], [1, 2]]",6,13,54,0.7592592592592593,0.0034455,20,0.004108990542590618,0.007067203521728516,0.011230264396830081,OPTIMAL,4.25,0.0,np_gurobi_optimal,0.0,1.0,1.3333333333333333,16,6.75,81,4.25,4.25,4.25,4.25,4.25,4.25,True,True,6.75,True,True
14722428357471763887,4,12,4,"[3, 3, 3, 3]","[[2, 5, 7], [4, 4, 6], [2, 2, 3], [5, 8, 9]]",0.7,1,2,3,,CHP,"[[3], [3], [3], [3]]",4,6,54,0.8888888888888888,0.002224,20,0.0037539834156632423,0.001947164535522461,0.005751052873038292,OPTIMAL,4.25,0.0,np_gurobi_optimal,0.0,1.0,4.666666666666667,56,18.333333333333332,220,4.25,,,4.25,4.25,,False,,,False,
14722428357471763887,4,12,4,"[3, 3, 3, 3]","[[2, 5, 7], [4, 4, 6], [2, 2, 3], [5, 8, 9]]",0.7,1,2,3,2,PP,"[[2, 1], [2, 1], [2, 1], [2, 1]]",8,24,54,0.5555555555555556,0.001422,20,0.003972604870796204,0.015043973922729492,0.01906722026027155,OPTIMAL,4.25,0.0,np_gurobi_optimal,0.0,133.0,3.3333333333333335,40,10.0,120,4.25,4.25,4.25,4.25,4.25,4.25,True,True,10.0,True,True
14722428357471763887,4,12,4,"[3, 3, 3, 3]","[[2, 5, 7], [4, 4, 6], [2, 2, 3], [5, 8, 9]]",0.7,1,2,3,3,PP,"[[3], [3], [3], [3]]",4,6,54,0.8888888888888888,0.001362,20,0.0035829953849315643,0.0017361640930175781,0.0053686941381211285,OPTIMAL,4.25,0.0,np_gurobi_optimal,0.0,1.0,4.666666666666667,56,13.333333333333334,160,4.25,4.25,4.25,4.25,4.25,4.25,True,True,13.333333333333334,True,True
14722428357471763887,4,12,4,"[3, 3, 3, 3]","[[2, 5, 7], [4, 4, 6], [2, 2, 3], [5, 8, 9]]",0.7,1,2,3,4,PP,"[[3], [3], [3], [3]]",4,6,54,0.8888888888888888,0.0024735,20,0.005005215294659138,0.002138853073120117,0.007219912391530037,OPTIMAL,4.25,0.0,np_gurobi_optimal,0.0,1.0,4.666666666666667,56,15.0,180,4.25,4.25,4.25,4.25,4.25,4.25,True,True,15.0,True,True
14722428357471763887,4,12,4,"[3, 3, 3, 3]","[[2, 5, 7], [4, 4, 6], [2, 2, 3], [5, 8, 9]]",0.7,1,2,3,5,PP,"[[3], [3], [3], [3]]",4,6,54,0.8888888888888888,0.001382,20,0.0036176173016428947,0.0016429424285888672,0.005309404722601891,OPTIMAL,4.25,0.0,np_gurobi_optimal,0.0,1.0,4.666666666666667,56,15.0,180,4.25,4.25,4.25,4.25,4.25,4.25,True,True,15.0,True,True
14722428357471763887,4,12,4,"[3, 3, 3, 3]","[[2, 5, 7], [4, 4, 6], [2, 2, 3], [5, 8, 9]]",0.7,1,2,4,,CHP,"[[3], [3], [3], [3]]",4,6,54,0.8888888888888888,0.003395,20,0.003588302992284298,0.0016911029815673828,0.005331558504600525,OPTIMAL,4.25,0.0,np_gurobi_optimal,0.0,1.0,4.666666666666667,56,28.416666666666668,341,4.25,,,4.25,4.25,,False,,,False,
14722428357471763887,4,12,4,"[3, 3, 3, 3]","[[2, 5, 7], [4, 4, 6], [2, 2, 3], [5, 8, 9]]",0.7,1,2,4,2,PP,"[[2, 1], [2, 1], [2, 1], [2, 1]]",8,24,54,0.5555555555555556,0.001412,20,0.0040804482996463776,0.01442408561706543,0.018556308116256713,OPTIMAL,4.25,0.0,np_gurobi_optimal,0.0,133.0,3.3333333333333335,40,15.5,186,4.25,4.25,4.25,4.25,4.25,4.25,True,True,15.5,True,True
14722428357471763887,4,12,4,"[3, 3, 3, 3]","[[2, 5, 7], [4, 4, 6], [2, 2, 3], [5, 8, 9]]",0.7,1,2,4,3,PP,"[[3], [3], [3], [3]]",4,6,54,0.8888888888888888,0.0024735,20,0.00542796403169632,0.002360105514526367,0.007857646700368882,OPTIMAL,4.25,0.0,np_gurobi_optimal,0.0,1.0,4.666666666666667,56,20.666666666666668,248,4.25,4.25,4.25,4.25,4.25,4.25,True,True,20.666666666666668,True,True
14722428357471763887,4,12,4,"[3, 3, 3, 3]","[[2, 5, 7], [4, 4, 6], [2, 2, 3], [5, 8, 9]]",0.7,1,2,4,4,PP,"[[3], [3], [3], [3]]",4,6,54,0.8888888888888888,0.001387,20,0.004037903621792793,0.0018520355224609375,0.005940173081969738,OPTIMAL,4.25,0.0,np_gurobi_optimal,0.0,1.0,4.666666666666667,56,23.25,279,4.25,4.25,4.25,4.25,4.25,4.25,True,True,23.25,True,True
14722428357471763887,4,12,4,"[3, 3, 3, 3]","[[2, 5, 7], [4, 4, 6], [2, 2, 3], [5, 8, 9]]",0.7,1,2,4,5,PP,"[[3], [3], [3], [3]]",4,6,54,0.8888888888888888,0.001422,20,0.003630848601460457,0.002043008804321289,0.005724252072045326,OPTIMAL,4.25,0.0,np_gurobi_optimal,0.0,1.0,4.666666666666667,56,23.25,279,4.25,4.25,4.25,4.25,4.25,4.25,True,True,23.25,True,True
18269030267280939600,5,12,4,"[3, 3, 3, 3]","[[2, 4, 6], [5, 6, 7], [1, 2, 3], [4, 6, 6]]",0.7,1,2,,1,NP,"[[1, 1, 1], [1, 1, 1], [1, 1, 1], [1, 1, 1]]",12,54,54,0.0,0.0028045,20,0.005438350141048431,0.08792304992675781,0.09342800482078027,OPTIMAL,3.6666666666666665,0.0,np_gurobi_optimal,0.0,1300.0,0.0,0,0.0,0,3.6666666666666665,,,3.6666666666666665,,,False,,,False,
18269030267280939600,5,12,4,"[3, 3, 3, 3]","[[2, 4, 6], [5, 6, 7], [1, 2, 3], [4, 6, 6]]",0.7,1,2,2,,CHP,"[[3], [3], [3], [3]]",4,6,54,0.8888888888888888,0.001372,20,0.004044803790748119,0.001394033432006836,0.005490107623657704,OPTIMAL,3.6666666666666665,0.0,np_gurobi_optimal,0.0,1.0,2.1666666666666665,26,8.25,99,3.6666666666666665,,,3.6666666666666665,3.6666666666666665,,False,,,False,
18269030267280939600,5,12,4,"[3, 3, 3, 3]","[[2, 4, 6], [5, 6, 7], [1, 2, 3], [4, 6, 6]]",0.7,1,2,2,2,PP,"[[2, 1], [2, 1], [2, 1], [2, 1]]",8,24,54,0.5555555555555556,0.0024785,20,0.004629346542060375,0.01758599281311035,0.022266679694047928,OPTIMAL,3.6666666666666665,0.0,np_gurobi_optimal,0.0,98.0,1.5,18,4.5,54,3.6666666666666665,3.6666666666666665,3.6666666666666665,3.6666666666666665,3.6666666666666665,3.6666666666666665,True,True,4.5,True,True
18269030267280939600,5,12,4,"[3, 3, 3, 3]","[[2, 4, 6], [5, 6, 7], [1, 2, 3], [4, 6, 6]]",0.7,1,2,2,3,PP,"[[3], [3], [3], [3]]",4,6,54,0.8888888888888888,0.0014225,20,0.003948848694562912,0.002343893051147461,0.006352852469072342,OPTIMAL,3.6666666666666665,0.0,np_gurobi_optimal,0.0,1.0,2.1666666666666665,26,6.0,72,3.6666666666666665,3.6666666666666665,3.6666666666666665,3.6666666666666665,3.6666666666666665,3.6666666666666665,True,True,6.0,True,True
18269030267280939600,5,12,4,"[3, 3, 3, 3]","[[2, 4, 6], [5, 6, 7], [1, 2, 3], [4, 6, 6]]",0.7,1,2,2,4,PP,"[[3], [3], [3], [3]]",4,6,54,0.8888888888888888,0.001402,20,0.003693613223731518,0.0017659664154052734,0.005510488884558201,OPTIMAL,3.6666666666666665,0.0,np_gurobi_optimal,0.0,1.0,2.1666666666666665,26,6.75,81,3.6666666666666665,3.6666666666666665,3.6666666666666665,3.6666666666666665,3.6666666666666665,3.6666666666666665,True,True,6.75,True,True
18269030267280939600,5,12,4,"[3, 3, 3, 3]","[[2, 4, 6], [5, 6, 7], [1, 2, 3], [4, 6, 6]]",0.7,1,2,2,5,PP,"[[3], [3], [3], [3]]",4,6,54,0.8888888888888888,0.0022135,20,0.00385978352278471,0.0021119117736816406,0.006023084491051197,OPTIMAL,3.6666666666666665,0.0,np_gurobi_optimal,0.0,1.0,2.1666666666666665,26,6.75,81,3.6666666666666665,3.6666666666666665,3.6666666666666665,3.6666666666666665,3.6666666666666665,3.6666666666666665,True,True,6.75,True,True
18269030267280939600,5,12,4,"[3, 3, 3, 3]","[[2, 4, 6], [5, 6, 7], [1, 2, 3], [4, 6, 6]]",0.7,1,2,3,,CHP,"[[3], [3], [3], [3]]",4,6,54,0.8888888888888888,0.001758,20,0.004195431247353554,0.002171039581298828,0.006431926636143208,OPTIMAL,3.6666666666666665,0.0,np_gurobi_optimal,0.0,1.0,2.1666666666666665,26,18.333333333333332,220,3.6666666666666665,,,3.6666666666666665,3.6666666666666665,,False,,,False,
18269030267280939600,5,12,4,"[3, 3, 3, 3]","[[2, 4, 6], [5, 6, 7], [1, 2, 3], [4, 6, 6]]",0.7,1,2,3,2,PP,"[[2, 1], [2, 1], [2, 1], [2, 1]]",8,24,54,0.5555555555555556,0.001417,20,0.003980196081101894,0.018185138702392578,0.02221890771031809,OPTIMAL,3.6666666666666665,0.0,np_gurobi_optimal,0.0,98.0,1.5,18,10.0,120,3.6666666666666665,3.6666666666666665,3.6666666666666665,3.6666666666666665,3.6666666666666665,3.6666666666666665,True,True,10.0,True,True
18269030267280939600,5,12,4,"[3, 3, 3, 3]","[[2, 4, 6], [5, 6, 7], [1, 2, 3], [4, 6, 6]]",0.7,1,2,3,3,PP,"[[3], [3], [3], [3]]",4,6,54,0.8888888888888888,0.001362,20,0.0038883863016963005,0.0020630359649658203,0.006002972308885575,OPTIMAL,3.6666666666666665,0.0,np_gurobi_optimal,0.0,1.0,2.1666666666666665,26,13.333333333333334,160,3.6666666666666665,3.6666666666666665,3.6666666666666665,3.6666666666666665,3.6666666666666665,3.6666666666666665,True,True,13.333333333333334,True,True
18269030267280939600,5,12,4,"[3, 3, 3, 3]","[[2, 4, 6], [5, 6, 7], [1, 2, 3], [4, 6, 6]]",0.7,1,2,3,4,PP,"[[3], [3], [3], [3]]",4,6,54,0.8888888888888888,0.001472,20,0.0037826383486390114,0.0017900466918945312,0.005623860795018196,OPTIMAL,3.6666666666666665,0.0,np_gurobi_optimal,0.0,1.0,2.1666666666666665,26,15.0,180,3.6666666666666665,3.6666666666666665,3.6666666666666665,3.6666666666666665,3.6666666666666665,3.6666666666666665,True,True,15.0,True,True
18269030267280939600,5,12,4,"[3, 3, 3, 3]","[[2, 4, 6], [5, 6, 7], [1, 2, 3], [4, 6, 6]]",0.7,1,2,3,5,PP,"[[3], [3], [3], [3]]",4,6,54,0.8888888888888888,0.001417,20,0.0037483246996998787,0.0015859603881835938,0.005384453099374294,OPTIMAL,3.6666666666666665,0.0,np_gurobi_optimal,0.0,1.0,2.1666666666666665,26,15.0,180,3.6666666666666665,3.6666666666666665,3.6666666666666665,3.6666666666666665,3.6666666666666665,3.6666666666666665,True,True,15.0,True,True
18269030267280939600,5,12,4,"[3, 3, 3, 3]","[[2, 4, 6], [5, 6, 7], [1, 2, 3], [4, 6, 6]]",0.7,1,2,4,,CHP,"[[3], [3], [3], [3]]",4,6,54,0.8888888888888888,0.001377,20,0.003731619566679001,0.0021758079528808594,0.0059584207297225,OPTIMAL,3.6666666666666665,0.0,np_gurobi_optimal,0.0,1.0,2.1666666666666665,26,28.416666666666668,341,3.6666666666666665,,,3.6666666666666665,3.6666666666666665,,False,,,False,
18269030267280939600,5,12,4,"[3, 3, 3, 3]","[[2, 4, 6], [5, 6, 7], [1, 2, 3], [4, 6, 6]]",0.7,1,2,4,2,PP,"[[2, 1], [2, 1], [2, 1], [2, 1]]",8,24,54,0.5555555555555556,0.001503,20,0.004211184568703175,0.020154953002929688,0.024421232597866535,OPTIMAL,3.6666666666666665,0.0,np_gurobi_optimal,0.0,98.0,1.5,18,15.5,186,3.6666666666666665,3.6666666666666665,3.6666666666666665,3.6666666666666665,3.6666666666666665,3.6666666666666665,True,True,15.5,True,True
18269030267280939600,5,12,4,"[3, 3, 3, 3]","[[2, 4, 6], [5, 6, 7], [1, 2, 3], [4, 6, 6]]",0.7,1,2,4,3,PP,"[[3], [3], [3], [3]]",4,6,54,0.8888888888888888,0.003795,20,0.0037936242297291756,0.0023300647735595703,0.006182053918225765,OPTIMAL,3.6666666666666665,0.0,np_gurobi_optimal,0.0,1.0,2.1666666666666665,26,20.666666666666668,248,3.6666666666666665,3.6666666666666665,3.6666666666666665,3.6666666666666665,3.6666666666666665,3.6666666666666665,True,True,20.666666666666668,True,True
18269030267280939600,5,12,4,"[3, 3, 3, 3]","[[2, 4, 6], [5, 6, 7], [1, 2, 3], [4, 6, 6]]",0.7,1,2,4,4,PP,"[[3], [3], [3], [3]]",4,6,54,0.8888888888888888,0.001482,20,0.00373225100338459,0.0024759769439697266,0.0062605722671217915,OPTIMAL,3.6666666666666665,0.0,np_gurobi_optimal,0.0,1.0,2.1666666666666665,26,23.25,279,3.6666666666666665,3.6666666666666665,3.6666666666666665,3.6666666666666665,3.6666666666666665,3.6666666666666665,True,True,23.25,True,True
18269030267280939600,5,12,4,"[3, 3, 3, 3]","[[2, 4, 6], [5, 6, 7], [1, 2, 3], [4, 6, 6]]",0.7,1,2,4,5,PP,"[[3], [3], [3], [3]]",4,6,54,0.8888888888888888,0.001547,20,0.004407992586493492,0.0018439292907714844,0.006313297039458275,OPTIMAL,3.6666666666666665,0.0,np_gurobi_optimal,0.0,1.0,2.1666666666666665,26,23.25,279,3.6666666666666665,3.6666666666666665,3.6666666666666665,3.6666666666666665,3.6666666666666665,3.6666666666666665,True,True,23.25,True,True
18074962302840130721,6,12,4,"[3, 3, 3, 3]","[[0, 1, 3], [4, 5, 5], [3, 4, 4], [0, 1, 1]]",0.7,1,2,,1,NP,"[[1, 1, 1], [1, 1, 1], [1, 1, 1], [1, 1, 1]]",12,54,54,0.0,0.002749,20,0.005405048839747906,0.13172698020935059,0.13720899328242445,OPTIMAL,4.416666666666667,0.0,np_gurobi_optimal,0.0,2890.0,0.0,0,0.0,0,4.416666666666667,,,4.416666666666667,,,False,,,False,
18074962302840130721,6,12,4,"[3, 3, 3, 3]","[[0, 1, 3], [4, 5, 5], [3, 4, 4], [0, 1, 1]]",0.7,1,2,2,,CHP,"[[3], [3], [3], [3]]",4,6,54,0.8888888888888888,0.00347,20,0.0045785000547766685,0.0024518966674804688,0.007087917890520096,OPTIMAL,4.416666666666667,0.0,np_gurobi_optimal,0.0,1.0,0.6666666666666666,8,8.25,99,4.416666666666667,,,4.416666666666667,4.416666666666667,,False,,,False,
18074962302840130721,6,12,4,"[3, 3, 3, 3]","[[0, 1, 3], [4, 5, 5], [3, 4, 4], [0, 1, 1]]",0.7,1,2,2,2,PP,"[[2, 1], [2, 1], [2, 1], [2, 1]]",8,24,54,0.5555555555555556,0.001397,20,0.004396606236696243,0.02483201026916504,0.029287862607583523,OPTIMAL,4.416666652852765,-1.3813902022263846e-08,np_gurobi_optimal,0.0,182.0,0.0,0,4.5,54,4.416666666666667,4.416666666666667,4.416666652852765,4.416666666666667,4.416666666666667,4.416666652852765,True,True,4.500000013813902,True,True
18074962302840130721,6,12,4,"[3, 3, 3, 3]","[[0, 1, 3], [4, 5, 5], [3, 4, 4], [0, 1, 1]]",0.7,1,2,2,3,PP,"[[3], [3], [3], [3]]",4,6,54,0.8888888888888888,0.001517,20,0.0041774846613407135,0.0024640560150146484,0.006694674367408276,OPTIMAL,4.416666666666667,0.0,np_gurobi_optimal,0.0,1.0,0.6666666666666666,8,6.0,72,4.416666666666667,4.416666666666667,4.416666666666667,4.416666666666667,4.416666666666667,4.416666666666667,True,True,6.0,True,True
18074962302840130721,6,12,4,"[3, 3, 3, 3]","[[0, 1, 3], [4, 5, 5], [3, 4, 4], [0, 1, 1]]",0.7,1,2,2,4,PP,"[[3], [3], [3], [3]]",4,6,54,0.8888888888888888,0.003455,20,0.003990831784904003,0.002140045166015625,0.0061845768038201335,OPTIMAL,4.416666666666667,0.0,np_gurobi_optimal,0.0,1.0,0.6666666666666666,8,6.75,81,4.416666666666667,4.416666666666667,4.416666666666667,4.416666666666667,4.416666666666667,4.416666666666667,True,True,6.75,True,True
18074962302840130721,6,12,4,"[3, 3, 3, 3]","[[0, 1, 3], [4, 5, 5], [3, 4, 4], [0, 1, 1]]",0.7,1,2,2,5,PP,"[[3], [3], [3], [3]]",4,6,54,0.8888888888888888,0.001472,20,0.003786684013903141,0.0023040771484375,0.006143775347587585,OPTIMAL,4.416666666666667,0.0,np_gurobi_optimal,0.0,1.0,0.6666666666666666,8,6.75,81,4.416666666666667,4.416666666666667,4.416666666666667,4.416666666666667,4.416666666666667,4.416666666666667,True,True,6.75,True,True
18074962302840130721,6,12,4,"[3, 3, 3, 3]","[[0, 1, 3], [4, 5, 5], [3, 4, 4], [0, 1, 1]]",0.7,1,2,3,,CHP,"[[3], [3], [3], [3]]",4,6,54,0.8888888888888888,0.00336,20,0.0041908640414476395,0.0017468929290771484,0.005991159726426601,OPTIMAL,4.416666666666667,0.0,np_gurobi_optimal,0.0,1.0,0.6666666666666666,8,18.333333333333332,220,4.416666666666667,,,4.416666666666667,4.416666666666667,,False,,,False,
18074962302840130721,6,12,4,"[3, 3, 3, 3]","[[0, 1, 3], [4, 5, 5], [3, 4, 4], [0, 1, 1]]",0.7,1,2,3,2,PP,"[[2, 1], [2, 1], [2, 1], [2, 1]]",8,24,54,0.5555555555555556,0.0036255,20,0.004475433379411697,0.025314807891845703,0.02984854565093565,OPTIMAL,4.416666652852765,-1.3813902022263846e-08,np_gurobi_optimal,0.0,182.0,0.0,0,10.0,120,4.416666666666667,4.416666666666667,4.416666652852765,4.416666666666667,4.416666666666667,4.416666652852765,True,True,10.000000013813903,True,True
18074962302840130721,6,12,4,"[3, 3, 3, 3]","[[0, 1, 3], [4, 5, 5], [3, 4, 4], [0, 1, 1]]",0.7,1,2,3,3,PP,"[[3], [3], [3], [3]]",4,6,54,0.8888888888888888,0.0036555,20,0.004336715675890446,0.002056121826171875,0.0064473553218297956,OPTIMAL,4.416666666666667,0.0,np_gurobi_optimal,0.0,1.0,0.6666666666666666,8,13.333333333333334,160,4.416666666666667,4.416666666666667,4.416666666666667,4.416666666666667,4.416666666666667,4.416666666666667,True,True,13.333333333333334,True,True
18074962302840130721,6,12,4,"[3, 3, 3, 3]","[[0, 1, 3], [4, 5, 5], [3, 4, 4], [0, 1, 1]]",0.7,1,2,3,4,PP,"[[3], [3], [3], [3]]",4,6,54,0.8888888888888888,0.001467,20,0.004121309146285057,0.0022170543670654297,0.006412977519683361,OPTIMAL,4.416666666666667,0.0,np_gurobi_optimal,0.0,1.0,0.6666666666666666,8,15.0,180,4.416666666666667,4.416666666666667,4.416666666666667,4.416666666666667,4.416666666666667,4.416666666666667,True,True,15.0,True,True
18074962302840130721,6,12,4,"[3, 3, 3, 3]","[[0, 1, 3], [4, 5, 5], [3, 4, 4], [0, 1, 1]]",0.7,1,2,3,5,PP,"[[3], [3], [3], [3]]",4,6,54,0.8888888888888888,0.0036705,20,0.004098033532500267,0.0019559860229492188,0.006122970179994583,OPTIMAL,4.416666666666667,0.0,np_gurobi_optimal,0.0,1.0,0.6666666666666666,8,15.0,180,4.416666666666667,4.416666666666667,4.416666666666667,4.416666666666667,4.416666666666667,4.416666666666667,True,True,15.0,True,True
18074962302840130721,6,12,4,"[3, 3, 3, 3]","[[0, 1, 3], [4, 5, 5], [3, 4, 4], [0, 1, 1]]",0.7,1,2,4,,CHP,"[[3], [3], [3], [3]]",4,6,54,0.8888888888888888,0.0036955,20,0.0040227798745036125,0.0021109580993652344,0.006191208039327145,OPTIMAL,4.416666666666667,0.0,np_gurobi_optimal,0.0,1.0,0.6666666666666666,8,28.416666666666668,341,4.416666666666667,,,4.416666666666667,4.416666666666667,,False,,,False,
18074962302840130721,6,12,4,"[3, 3, 3, 3]","[[0, 1, 3], [4, 5, 5], [3, 4, 4], [0, 1, 1]]",0.7,1,2,4,2,PP,"[[2, 1], [2, 1], [2, 1], [2, 1]]",8,24,54,0.5555555555555556,0.0015475,20,0.004391998052597046,0.03197598457336426,0.036433693594739434,OPTIMAL,4.416666652852765,-1.3813902022263846e-08,np_gurobi_optimal,0.0,182.0,0.0,0,15.5,186,4.416666666666667,4.416666666666667,4.416666652852765,4.416666666666667,4.416666666666667,4.416666652852765,True,True,15.500000013813903,True,True
18074962302840130721,6,12,4,"[3, 3, 3, 3]","[[0, 1, 3], [4, 5, 5], [3, 4, 4], [0, 1, 1]]",0.7,1,2,4,3,PP,"[[3], [3], [3], [3]]",4,6,54,0.8888888888888888,0.001562,20,0.004445108585059643,0.0020411014556884766,0.006544522181832314,OPTIMAL,4.416666666666667,0.0,np_gurobi_optimal,0.0,1.0,0.6666666666666666,8,20.666666666666668,248,4.416666666666667,4.416666666666667,4.416666666666667,4.416666666666667,4.416666666666667,4.416666666666667,True,True,20.666666666666668,True,True
18074962302840130721,6,12,4,"[3, 3, 3, 3]","[[0, 1, 3], [4, 5, 5], [3, 4, 4], [0, 1, 1]]",0.7,1,2,4,4,PP,"[[3], [3], [3], [3]]",4,6,54,0.8888888888888888,0.001592,20,0.0048577627167105675,0.0021979808807373047,0.0071190301300807,OPTIMAL,4.416666666666667,0.0,np_gurobi_optimal,0.0,1.0,0.6666666666666666,8,23.25,279,4.416666666666667,4.416666666666667,4.416666666666667,4.416666666666667,4.416666666666667,4.416666666666667,True,True,23.25,True,True
18074962302840130721,6,12,4,"[3, 3, 3, 3]","[[0, 1, 3], [4, 5, 5], [3, 4, 4], [0, 1, 1]]",0.7,1,2,4,5,PP,"[[3], [3], [3], [3]]",4,6,54,0.8888888888888888,0.0015725,20,0.0042738402262330055,0.0022330284118652344,0.006562400105426311,OPTIMAL,4.416666666666667,0.0,np_gurobi_optimal,0.0,1.0,0.6666666666666666,8,23.25,279,4.416666666666667,4.416666666666667,4.416666666666667,4.416666666666667,4.416666666666667,4.416666666666667,True,True,23.25,True,True
15078129944782481825,7,12,4,"[3, 3, 3, 3]","[[2, 5, 6], [11, 14, 15], [2, 5, 5], [0, 3, 5]]",0.7,1,2,,1,NP,"[[1, 1, 1], [1, 1, 1], [1, 1, 1], [1, 1, 1]]",12,54,54,0.0,0.001172,20,0.005386141128838062,0.0456700325012207,0.051120778010615826,OPTIMAL,2.4166666666666665,0.0,np_gurobi_optimal,0.0,346.0,0.0,0,0.0,0,2.4166666666666665,,,2.4166666666666665,,,False,,,False,
15078129944782481825,7,12,4,"[3, 3, 3, 3]","[[2, 5, 6], [11, 14, 15], [2, 5, 5], [0, 3, 5]]",0.7,1,2,2,,CHP,"[[1, 2], [1, 2], [1, 2], [1, 2]]",8,24,54,0.5555555555555556,0.0035555,20,0.004738021641969681,0.0049130916595458984,0.009709024512260437,OPTIMAL,2.4166666666666665,0.0,np_gurobi_optimal,0.0,1.0,0.6666666666666666,8,8.25,99,2.4166666666666665,,,2.4166666666666665,2.4166666666666665,,False,,,False,
15078129944782481825,7,12,4,"[3, 3, 3, 3]","[[2, 5, 6], [11, 14, 15], [2, 5, 5], [0, 3, 5]]",0.7,1,2,2,2,PP,"[[1, 2], [1, 2], [1, 2], [1, 2]]",8,24,54,0.5555555555555556,0.0035855,20,0.004917101934552193,0.00423884391784668,0.009216179979322434,OPTIMAL,2.4166666666666665,0.0,np_gurobi_optimal,0.0,1.0,0.6666666666666666,8,4.5,54,2.4166666666666665,2.4166666666666665,2.4166666666666665,2.4166666666666665,2.4166666666666665,2.4166666666666665,True,True,4.5,True,True
15078129944782481825,7,12,4,"[3, 3, 3, 3]","[[2, 5, 6], [11, 14, 15], [2, 5, 5], [0, 3, 5]]",0.7,1,2,2,3,PP,"[[1, 2], [1, 2], [1, 2], [1, 2]]",8,24,54,0.5555555555555556,0.003535,20,0.004836921580135822,0.004527091979980469,0.009421440472218991,OPTIMAL,2.4166666666666665,0.0,np_gurobi_optimal,0.0,1.0,0.6666666666666666,8,6.0,72,2.4166666666666665,2.4166666666666665,2.4166666666666665,2.4166666666666665,2.4166666666666665,2.4166666666666665,True,True,6.0,True,True
15078129944782481825,7,12,4,"[3, 3, 3, 3]","[[2, 5, 6], [11, 14, 15], [2, 5, 5], [0, 3, 5]]",0.7,1,2,2,4,PP,"[[1, 2], [1, 2], [1, 2], [1, 2]]",8,24,54,0.5555555555555556,0.005398,20,0.004582837224006653,0.004645109176635742,0.00928644655120182,OPTIMAL,2.4166666666666665,0.0,np_gurobi_optimal,0.0,1.0,0.6666666666666666,8,6.75,81,2.4166666666666665,2.4166666666666665,2.4166666666666665,2.4166666666666665,2.4166666666666665,2.4166666666666665,True,True,6.75,True,True
15078129944782481825,7,12,4,"[3, 3, 3, 3]","[[2, 5, 6], [11, 14, 15], [2, 5, 5], [0, 3, 5]]",0.7,1,2,2,5,PP,"[[1, 2], [1, 2], [1, 2], [1, 2]]",8,24,54,0.5555555555555556,0.0036355,20,0.004428914748132229,0.004724979400634766,0.009210151236877918,OPTIMAL,2.4166666666666665,0.0,np_gurobi_optimal,0.0,1.0,0.6666666666666666,8,6.75,81,2.4166666666666665,2.4166666666666665,2.4166666666666665,2.4166666666666665,2.4166666666666665,2.4166666666666665,True,True,6.75,True,True
15078129944782481825,7,12,4,"[3, 3, 3, 3]","[[2, 5, 6], [11, 14, 15], [2, 5, 5], [0, 3, 5]]",0.7,1,2,3,,CHP,"[[3], [3], [3], [3]]",4,6,54,0.8888888888888888,0.0034205,20,0.004062931053340435,0.0019731521606445312,0.006088798617859364,OPTIMAL,3.5833333333333335,1.166666666666667,np_gurobi_optimal,0.0,1.0,7.333333333333333,88,18.333333333333332,220,2.4166666666666665,,,2.4166666666666665,3.5833333333333335,,False,,,False,
15078129944782481825,7,12,4,"[3, 3, 3, 3]","[[2, 5, 6], [11, 14, 15], [2, 5, 5], [0, 3, 5]]",0.7,1,2,3,2,PP,"[[2, 1], [2, 1], [2, 1], [2, 1]]",8,24,54,0.5555555555555556,0.004046,20,0.004620042629539967,0.006640195846557617,0.011316804550047875,OPTIMAL,3.0833333333333335,0.666666666666667,np_gurobi_optimal,0.0,1.0,6.666666666666667,80,10.0,120,2.4166666666666665,3.5833333333333335,3.0833333333333335,2.4166666666666665,3.5833333333333335,3.0833333333333335,True,True,9.333333333333332,True,True
15078129944782481825,7,12,4,"[3, 3, 3, 3]","[[2, 5, 6], [11, 14, 15], [2, 5, 5], [0, 3, 5]]",0.7,1,2,3,3,PP,"[[3], [3], [3], [3]]",4,6,54,0.8888888888888888,0.003876,20,0.00431377999484539,0.00177001953125,0.006141813307357788,OPTIMAL,3.5833333333333335,1.166666666666667,np_gurobi_optimal,0.0,1.0,7.333333333333333,88,13.333333333333334,160,2.4166666666666665,3.5833333333333335,3.5833333333333335,2.4166666666666665,3.5833333333333335,3.5833333333333335,True,True,12.166666666666668,True,True
15078129944782481825,7,12,4,"[3, 3, 3, 3]","[[2, 5, 6], [11, 14, 15], [2, 5, 5], [0, 3, 5]]",0.7,1,2,3,4,PP,"[[3], [3], [3], [3]]",4,6,54,0.8888888888888888,0.0037605,20,0.004053276032209396,0.002226114273071289,0.006337254127607822,OPTIMAL,3.5833333333333335,1.166666666666667,np_gurobi_optimal,0.0,1.0,7.333333333333333,88,15.0,180,2.4166666666666665,3.5833333333333335,3.5833333333333335,2.4166666666666665,3.5833333333333335,3.5833333333333335,True,True,13.833333333333332,True,True
15078129944782481825,7,12,4,"[3, 3, 3, 3]","[[2, 5, 6], [11, 14, 15], [2, 5, 5], [0, 3, 5]]",0.7,1,2,3,5,PP,"[[3], [3], [3], [3]]",4,6,54,0.8888888888888888,0.0035255,20,0.003943430259823799,0.0016498565673828125,0.005652794127166748,OPTIMAL,3.5833333333333335,1.166666666666667,np_gurobi_optimal,0.0,1.0,7.333333333333333,88,15.0,180,2.4166666666666665,3.5833333333333335,3.5833333333333335,2.4166666666666665,3.5833333333333335,3.5833333333333335,True,True,13.833333333333332,True,True
15078129944782481825,7,12,4,"[3, 3, 3, 3]","[[2, 5, 6], [11, 14, 15], [2, 5, 5], [0, 3, 5]]",0.7,1,2,4,,CHP,"[[3], [3], [3], [3]]",4,6,54,0.8888888888888888,0.0013875,20,0.0039031803607940674,0.0019719600677490234,0.005926783025991917,OPTIMAL,3.5833333333333335,1.166666666666667,np_gurobi_optimal,0.0,1.0,7.333333333333333,88,28.416666666666668,341,2.4166666666666665,,,2.4166666666666665,3.5833333333333335,,False,,,False,
15078129944782481825,7,12,4,"[3, 3, 3, 3]","[[2, 5, 6], [11, 14, 15], [2, 5, 5], [0, 3, 5]]",0.7,1,2,4,2,PP,"[[2, 1], [2, 1], [2, 1], [2, 1]]",8,24,54,0.5555555555555556,0.0015125,20,0.004411427304148674,0.006968021392822266,0.011433111535859108,OPTIMAL,3.0833333333333335,0.666666666666667,np_gurobi_optimal,0.0,1.0,6.666666666666667,80,15.5,186,2.4166666666666665,3.5833333333333335,3.0833333333333335,2.4166666666666665,3.5833333333333335,3.0833333333333335,True,True,14.833333333333332,True,True
15078129944782481825,7,12,4,"[3, 3, 3, 3]","[[2, 5, 6], [11, 14, 15], [2, 5, 5], [0, 3, 5]]",0.7,1,2,4,3,PP,"[[3], [3], [3], [3]]",4,6,54,0.8888888888888888,0.003806,20,0.004273288883268833,0.0016520023345947266,0.0059855875199494365,OPTIMAL,3.5833333333333335,1.166666666666667,np_gurobi_optimal,0.0,1.0,7.333333333333333,88,20.666666666666668,248,2.4166666666666665,3.5833333333333335,3.5833333333333335,2.4166666666666665,3.5833333333333335,3.5833333333333335,True,True,19.5,True,True
15078129944782481825,7,12,4,"[3, 3, 3, 3]","[[2, 5, 6], [11, 14, 15], [2, 5, 5], [0, 3, 5]]",0.7,1,2,4,4,PP,"[[3], [3], [3], [3]]",4,6,54,0.8888888888888888,0.0015375,20,0.00403276551514864,0.0015380382537841797,0.005622162370061874,OPTIMAL,3.5833333333333335,1.166666666666667,np_gurobi_optimal,0.0,1.0,7.333333333333333,88,23.25,279,2.4166666666666665,3.5833333333333335,3.5833333333333335,2.4166666666666665,3.5833333333333335,3.5833333333333335,True,True,22.083333333333332,True,True
15078129944782481825,7,12,4,"[3, 3, 3, 3]","[[2, 5, 6], [11, 14, 15], [2, 5, 5], [0, 3, 5]]",0.7,1,2,4,5,PP,"[[3], [3], [3], [3]]",4,6,54,0.8888888888888888,0.003906,20,0.004334450699388981,0.0018591880798339844,0.006251117247682571,OPTIMAL,3.5833333333333335,1.166666666666667,np_gurobi_optimal,0.0,1.0,7.333333333333333,88,23.25,279,2.4166666666666665,3.5833333333333335,3.5833333333333335,2.4166666666666665,3.5833333333333335,3.5833333333333335,True,True,22.083333333333332,True,True
8445078367975336896,8,12,4,"[3, 3, 3, 3]","[[3, 4, 6], [2, 3, 4], [2, 5, 9], [2, 2, 4]]",0.7,1,2,,1,NP,"[[1, 1, 1], [1, 1, 1], [1, 1, 1], [1, 1, 1]]",12,54,54,0.0,0.0029045,20,0.005048841238021851,0.24832701683044434,0.253440369556777,OPTIMAL,5.166666666666667,0.0,np_gurobi_optimal,0.0,8819.0,0.0,0,0.0,0,5.166666666666667,,,5.166666666666667,,,False,,,False,
8445078367975336896,8,12,4,"[3, 3, 3, 3]","[[3, 4, 6], [2, 3, 4], [2, 5, 9], [2, 2, 4]]",0.7,1,2,2,,CHP,"[[3], [3], [1, 1, 1], [3]]",6,12,54,0.7777777777777778,0.0014525,20,0.004690349102020264,0.013623952865600586,0.018376906039192675,OPTIMAL,5.166666666666667,0.0,np_gurobi_optimal,0.0,88.0,1.3333333333333333,16,8.25,99,5.166666666666667,,,5.166666666666667,5.166666666666667,,False,,,False,
8445078367975336896,8,12,4,"[3, 3, 3, 3]","[[3, 4, 6], [2, 3, 4], [2, 5, 9], [2, 2, 4]]",0.7,1,2,2,2,PP,"[[2, 1], [2, 1], [1, 1, 1], [2, 1]]",9,30,54,0.4444444444444444,0.0015525,20,0.005016443319618702,0.04702305793762207,0.05211233811842442,OPTIMAL,5.166666666666667,0.0,np_gurobi_optimal,0.0,614.0,0.0,0,4.5,54,5.166666666666667,5.166666666666667,5.166666666666667,5.166666666666667,5.166666666666667,5.166666666666667,True,True,4.5,True,True
8445078367975336896,8,12,4,"[3, 3, 3, 3]","[[3, 4, 6], [2, 3, 4], [2, 5, 9], [2, 2, 4]]",0.7,1,2,2,3,PP,"[[3], [3], [1, 1, 1], [3]]",6,12,54,0.7777777777777778,0.0026285,20,0.00482872873544693,0.013290882110595703,0.018181475187078477,OPTIMAL,5.166666666666667,0.0,np_gurobi_optimal,0.0,88.0,1.3333333333333333,16,6.0,72,5.166666666666667,5.166666666666667,5.166666666666667,5.166666666666667,5.166666666666667,5.166666666666667,True,True,6.0,True,True
8445078367975336896,8,12,4,"[3, 3, 3, 3]","[[3, 4, 6], [2, 3, 4], [2, 5, 9], [2, 2, 4]]",0.7,1,2,2,4,PP,"[[3], [3], [1, 1, 1], [3]]",6,12,54,0.7777777777777778,0.001557,20,0.0044928304851055145,0.013642072677612305,0.01819655747713518,OPTIMAL,5.166666666666667,0.0,np_gurobi_optimal,0.0,88.0,1.3333333333333333,16,6.75,81,5.166666666666667,5.166666666666667,5.166666666666667,5.166666666666667,5.166666666666667,5.166666666666667,True,True,6.75,True,True
8445078367975336896,8,12,4,"[3, 3, 3, 3]","[[3, 4, 6], [2, 3, 4], [2, 5, 9], [2, 2, 4]]",0.7,1,2,2,5,PP,"[[3], [3], [1, 1, 1], [3]]",6,12,54,0.7777777777777778,0.0036955,20,0.004751271568238735,0.013131856918334961,0.01794315037588644,OPTIMAL,5.166666666666667,0.0,np_gurobi_optimal,0.0,88.0,1.3333333333333333,16,6.75,81,5.166666666666667,5.166666666666667,5.166666666666667,5.166666666666667,5.166666666666667,5.166666666666667,True,True,6.75,True,True
8445078367975336896,8,12,4,"[3, 3, 3, 3]","[[3, 4, 6], [2, 3, 4], [2, 5, 9], [2, 2, 4]]",0.7,1,2,3,,CHP,"[[3], [3], [2, 1], [3]]",5,9,54,0.8333333333333334,0.001327,20,0.005265578627586365,0.004405021667480469,0.009725806168653489,OPTIMAL,5.166666666666667,0.0,np_gurobi_optimal,0.0,1.0,3.0,36,18.333333333333332,220,5.166666666666667,,,5.166666666666667,5.166666666666667,,False,,,False,
8445078367975336896,8,12,4,"[3, 3, 3, 3]","[[3, 4, 6], [2, 3, 4], [2, 5, 9], [2, 2, 4]]",0.7,1,2,3,2,PP,"[[2, 1], [2, 1], [2, 1], [2, 1]]",8,24,54,0.5555555555555556,0.0014825,20,0.004331227391958237,0.024309158325195312,0.02869631519751072,OPTIMAL,5.166666666666667,0.0,np_gurobi_optimal,0.0,308.0,1.6666666666666667,20,10.0,120,5.166666666666667,5.166666666666667,5.166666666666667,5.166666666666667,5.166666666666667,5.166666666666667,True,True,10.0,True,True
8445078367975336896,8,12,4,"[3, 3, 3, 3]","[[3, 4, 6], [2, 3, 4], [2, 5, 9], [2, 2, 4]]",0.7,1,2,3,3,PP,"[[3], [3], [2, 1], [3]]",5,9,54,0.8333333333333334,0.0014875,20,0.0041914647445082664,0.004488945007324219,0.008734806618618965,OPTIMAL,5.166666666666667,0.0,np_gurobi_optimal,0.0,1.0,3.0,36,13.333333333333334,160,5.166666666666667,5.166666666666667,5.166666666666667,5.166666666666667,5.166666666666667,5.166666666666667,True,True,13.333333333333334,True,True
8445078367975336896,8,12,4,"[3, 3, 3, 3]","[[3, 4, 6], [2, 3, 4], [2, 5, 9], [2, 2, 4]]",0.7,1,2,3,4,PP,"[[3], [3], [2, 1], [3]]",5,9,54,0.8333333333333334,0.001522,20,0.004392359405755997,0.0037429332733154297,0.008185412022337437,OPTIMAL,5.166666666666667,0.0,np_gurobi_optimal,0.0,1.0,3.0,36,15.0,180,5.166666666666667,5.166666666666667,5.166666666666667,5.166666666666667,5.166666666666667,5.166666666666667,True,True,15.0,True,True
8445078367975336896,8,12,4,"[3, 3, 3, 3]","[[3, 4, 6], [2, 3, 4], [2, 5, 9], [2, 2, 4]]",0.7,1,2,3,5,PP,"[[3], [3], [2, 1], [3]]",5,9,54,0.8333333333333334,0.001442,20,0.00403624027967453,0.0048160552978515625,0.008904188252715588,OPTIMAL,5.166666666666667,0.0,np_gurobi_optimal,0.0,1.0,3.0,36,15.0,180,5.166666666666667,5.166666666666667,5.166666666666667,5.166666666666667,5.166666666666667,5.166666666666667,True,True,15.0,True,True
8445078367975336896,8,12,4,"[3, 3, 3, 3]","[[3, 4, 6], [2, 3, 4], [2, 5, 9], [2, 2, 4]]",0.7,1,2,4,,CHP,"[[3], [3], [3], [3]]",4,6,54,0.8888888888888888,0.0036055,20,0.003960886970162392,0.002332925796508789,0.006347194664316654,OPTIMAL,5.166666666666667,0.0,np_gurobi_optimal,0.0,1.0,5.333333333333333,64,28.416666666666668,341,5.166666666666667,,,5.166666666666667,5.166666666666667,,False,,,False,
8445078367975336896,8,12,4,"[3, 3, 3, 3]","[[3, 4, 6], [2, 3, 4], [2, 5, 9], [2, 2, 4]]",0.7,1,2,4,2,PP,"[[2, 1], [2, 1], [2, 1], [2, 1]]",8,24,54,0.5555555555555556,0.003765,20,0.004133187234401703,0.026696205139160156,0.030886493286087512,OPTIMAL,5.166666666666667,0.0,np_gurobi_optimal,0.0,308.0,1.6666666666666667,20,15.5,186,5.166666666666667,5.166666666666667,5.166666666666667,5.166666666666667,5.166666666666667,5.166666666666667,True,True,15.5,True,True
8445078367975336896,8,12,4,"[3, 3, 3, 3]","[[3, 4, 6], [2, 3, 4], [2, 5, 9], [2, 2, 4]]",0.7,1,2,4,3,PP,"[[3], [3], [3], [3]]",4,6,54,0.8888888888888888,0.0035305,20,0.00425021443516016,0.0024750232696533203,0.006781466161375522,OPTIMAL,5.166666666666667,0.0,np_gurobi_optimal,0.0,1.0,5.333333333333333,64,20.666666666666668,248,5.166666666666667,5.166666666666667,5.166666666666667,5.166666666666667,5.166666666666667,5.166666666666667,True,True,20.666666666666668,True,True
8445078367975336896,8,12,4,"[3, 3, 3, 3]","[[3, 4, 6], [2, 3, 4], [2, 5, 9], [2, 2, 4]]",0.7,1,2,4,4,PP,"[[3], [3], [3], [3]]",4,6,54,0.8888888888888888,0.0015725,20,0.004244205541908741,0.0027751922607421875,0.007073652426729202,OPTIMAL,5.166666666666667,0.0,np_gurobi_optimal,0.0,1.0,5.333333333333333,64,23.25,279,5.166666666666667,5.166666666666667,5.166666666666667,5.166666666666667,5.166666666666667,5.166666666666667,True,True,23.25,True,True
8445078367975336896,8,12,4,"[3, 3, 3, 3]","[[3, 4, 6], [2, 3, 4], [2, 5, 9], [2, 2, 4]]",0.7,1,2,4,5,PP,"[[3], [3], [3], [3]]",4,6,54,0.8888888888888888,0.001518,20,0.004039715975522995,0.0022208690643310547,0.00631332764410305,OPTIMAL,5.166666666666667,0.0,np_gurobi_optimal,0.0,1.0,5.333333333333333,64,23.25,279,5.166666666666667,5.166666666666667,5.166666666666667,5.166666666666667,5.166666666666667,5.166666666666667,True,True,23.25,True,True
7196299197341004836,9,12,4,"[3, 3, 3, 3]","[[2, 3, 3], [2, 4, 5], [2, 2, 3], [1, 2, 2]]",0.7,1,2,,1,NP,"[[1, 1, 1], [1, 1, 1], [1, 1, 1], [1, 1, 1]]",12,54,54,0.0,0.0011415,20,0.005091396160423756,0.1385951042175293,0.1437489834393301,OPTIMAL,5.416666666666667,0.0,np_gurobi_optimal,0.0,3366.0,0.0,0,0.0,0,5.416666666666667,,,5.416666666666667,,,False,,,False,
7196299197341004836,9,12,4,"[3, 3, 3, 3]","[[2, 3, 3], [2, 4, 5], [2, 2, 3], [1, 2, 2]]",0.7,1,2,2,,CHP,"[[3], [3], [3], [3]]",4,6,54,0.8888888888888888,0.00333,20,0.004831181839108467,0.0027151107788085938,0.0076066819580960275,OPTIMAL,5.416666666666667,0.0,np_gurobi_optimal,0.0,1.0,0.75,9,8.25,99,5.416666666666667,,,5.416666666666667,5.416666666666667,,False,,,False,
7196299197341004836,9,12,4,"[3, 3, 3, 3]","[[2, 3, 3], [2, 4, 5], [2, 2, 3], [1, 2, 2]]",0.7,1,2,2,2,PP,"[[2, 1], [2, 1], [2, 1], [2, 1]]",8,24,54,0.5555555555555556,0.003575,20,0.004760464653372765,0.024975061416625977,0.029799219804835318,OPTIMAL,5.416666666666667,0.0,np_gurobi_optimal,0.0,206.0,0.75,9,4.5,54,5.416666666666667,5.416666666666667,5.416666666666667,5.416666666666667,5.416666666666667,5.416666666666667,True,True,4.5,True,True
7196299197341004836,9,12,4,"[3, 3, 3, 3]","[[2, 3, 3], [2, 4, 5], [2, 2, 3], [1, 2, 2]]",0.7,1,2,2,3,PP,"[[3], [3], [3], [3]]",4,6,54,0.8888888888888888,0.001452,20,0.004428894259035587,0.0025339126586914062,0.007016524740614414,OPTIMAL,5.416666666666667,0.0,np_gurobi_optimal,0.0,1.0,0.75,9,6.0,72,5.416666666666667,5.416666666666667,5.416666666666667,5.416666666666667,5.416666666666667,5.416666666666667,True,True,6.0,True,True
7196299197341004836,9,12,4,"[3, 3, 3, 3]","[[2, 3, 3], [2, 4, 5], [2, 2, 3], [1, 2, 2]]",0.7,1,2,2,4,PP,"[[3], [3], [3], [3]]",4,6,54,0.8888888888888888,0.001432,20,0.004091775044798851,0.0024220943450927734,0.006564912943441391,OPTIMAL,5.416666666666667,0.0,np_gurobi_optimal,0.0,1.0,0.75,9,6.75,81,5.416666666666667,5.416666666666667,5.416666666666667,5.416666666666667,5.416666666666667,5.416666666666667,True,True,6.75,True,True
7196299197341004836,9,12,4,"[3, 3, 3, 3]","[[2, 3, 3], [2, 4, 5], [2, 2, 3], [1, 2, 2]]",0.7,1,2,2,5,PP,"[[3], [3], [3], [3]]",4,6,54,0.8888888888888888,0.001412,20,0.003906655125319958,0.0026199817657470703,0.006578933562576294,OPTIMAL,5.416666666666667,0.0,np_gurobi_optimal,0.0,1.0,0.75,9,6.75,81,5.416666666666667,5.416666666666667,5.416666666666667,5.416666666666667,5.416666666666667,5.416666666666667,True,True,6.75,True,True
7196299197341004836,9,12,4,"[3, 3, 3, 3]","[[2, 3, 3], [2, 4, 5], [2, 2, 3], [1, 2, 2]]",0.7,1,2,3,,CHP,"[[3], [3], [3], [3]]",4,6,54,0.8888888888888888,0.001963,20,0.004743579775094986,0.002691030502319336,0.007502139317989826,OPTIMAL,5.416666666666667,0.0,np_gurobi_optimal,0.0,1.0,0.75,9,18.333333333333332,220,5.416666666666667,,,5.416666666666667,5.416666666666667,,False,,,False,
7196299197341004836,9,12,4,"[3, 3, 3, 3]","[[2, 3, 3], [2, 4, 5], [2, 2, 3], [1, 2, 2]]",0.7,1,2,3,2,PP,"[[2, 1], [2, 1], [2, 1], [2, 1]]",8,24,54,0.5555555555555556,0.001948,20,0.005215623416006565,0.02829909324645996,0.033584527344511034,OPTIMAL,5.416666666666667,0.0,np_gurobi_optimal,0.0,206.0,0.75,9,10.0,120,5.416666666666667,5.416666666666667,5.416666666666667,5.416666666666667,5.416666666666667,5.416666666666667,True,True,10.0,True,True
7196299197341004836,9,12,4,"[3, 3, 3, 3]","[[2, 3, 3], [2, 4, 5], [2, 2, 3], [1, 2, 2]]",0.7,1,2,3,3,PP,"[[3], [3], [3], [3]]",4,6,54,0.8888888888888888,0.00352,20,0.00436784140765667,0.002547025680541992,0.006969088289160728,OPTIMAL,5.416666666666667,0.0,np_gurobi_optimal,0.0,1.0,0.75,9,13.333333333333334,160,5.416666666666667,5.416666666666667,5.416666666666667,5.416666666666667,5.416666666666667,5.416666666666667,True,True,13.333333333333334,True,True
7196299197341004836,9,12,4,"[3, 3, 3, 3]","[[2, 3, 3], [2, 4, 5], [2, 2, 3], [1, 2, 2]]",0.7,1,2,3,4,PP,"[[3], [3], [3], [3]]",4,6,54,0.8888888888888888,0.003635,20,0.003926615230739117,0.002396106719970703,0.0063755251947140695,OPTIMAL,5.416666666666667,0.0,np_gurobi_optimal,0.0,1.0,0.75,9,15.0,180,5.416666666666667,5.416666666666667,5.416666666666667,5.416666666666667,5.416666666666667,5.416666666666667,True,True,15.0,True,True
7196299197341004836,9,12,4,"[3, 3, 3, 3]","[[2, 3, 3], [2, 4, 5], [2, 2, 3], [1, 2, 2]]",0.7,1,2,3,5,PP,"[[3], [3], [3], [3]]",4,6,54,0.8888888888888888,0.0036255,20,0.004138154909014702,0.002310037612915039,0.006504271971977234,OPTIMAL,5.416666666666667,0.0,np_gurobi_optimal,0.0,1.0,0.75,9,15.0,180,5.416666666666667,5.416666666666667,5.416666666666667,5.416666666666667,5.416666666666667,5.416666666666667,True,True,15.0,True,True
7196299197341004836,9,12,4,"[3, 3, 3, 3]","[[2, 3, 3], [2, 4, 5], [2, 2, 3], [1, 2, 2]]",0.7,1,2,4,,CHP,"[[3], [3], [3], [3]]",4,6,54,0.8888888888888888,0.003385,20,0.0038580717518925667,0.002393007278442383,0.006302676737377643,OPTIMAL,5.416666666666667,0.0,np_gurobi_optimal,0.0,1.0,0.75,9,28.416666666666668,341,5.416666666666667,,,5.416666666666667,5.416666666666667,,False,,,False,
7196299197341004836,9,12,4,"[3, 3, 3, 3]","[[2, 3, 3], [2, 4, 5], [2, 2, 3], [1, 2, 2]]",0.7,1,2,4,2,PP,"[[2, 1], [2, 1], [2, 1], [2, 1]]",8,24,54,0.5555555555555556,0.003715,20,0.004288662225008011,0.025828123092651367,0.03017115215852499,OPTIMAL,5.416666666666667,0.0,np_gurobi_optimal,0.0,206.0,0.75,9,15.5,186,5.416666666666667,5.416666666666667,5.416666666666667,5.416666666666667,5.416666666666667,5.416666666666667,True,True,15.5,True,True
7196299197341004836,9,12,4,"[3, 3, 3, 3]","[[2, 3, 3], [2, 4, 5], [2, 2, 3], [1, 2, 2]]",0.7,1,2,4,3,PP,"[[3], [3], [3], [3]]",4,6,54,0.8888888888888888,0.001472,20,0.0037105996161699295,0.0026748180389404297,0.006436929617044449,OPTIMAL,5.416666666666667,0.0,np_gurobi_optimal,0.0,1.0,0.75,9,20.666666666666668,248,5.416666666666667,5.416666666666667,5.416666666666667,5.416666666666667,5.416666666666667,5.416666666666667,True,True,20.666666666666668,True,True
7196299197341004836,9,12,4,"[3, 3, 3, 3]","[[2, 3, 3], [2, 4, 5], [2, 2, 3], [1, 2, 2]]",0.7,1,2,4,4,PP,"[[3], [3], [3], [3]]",4,6,54,0.8888888888888888,0.001422,20,0.004270974546670914,0.0028769969940185547,0.00719984142191124,OPTIMAL,5.416666666666667,0.0,np_gurobi_optimal,0.0,1.0,0.75,9,23.25,279,5.416666666666667,5.416666666666667,5.416666666666667,5.416666666666667,5.416666666666667,5.416666666666667,True,True,23.25,True,True
7196299197341004836,9,12,4,"[3, 3, 3, 3]","[[2, 3, 3], [2, 4, 5], [2, 2, 3], [1, 2, 2]]",0.7,1,2,4,5,PP,"[[3], [3], [3], [3]]",4,6,54,0.8888888888888888,0.0015475,20,0.00427667424082756,0.0024428367614746094,0.006771670296297073,OPTIMAL,5.416666666666667,0.0,np_gurobi_optimal,0.0,1.0,0.75,9,23.25,279,5.416666666666667,5.416666666666667,5.416666666666667,5.416666666666667,5.416666666666667,5.416666666666667,True,True,23.25,True,True
4171786345876620248,10,12,4,"[3, 3, 3, 3]","[[2, 6, 7], [2, 2, 4], [3, 6, 6], [3, 3, 4]]",0.7,1,2,,1,NP,"[[1, 1, 1], [1, 1, 1], [1, 1, 1], [1, 1, 1]]",12,54,54,0.0,0.0028695,20,0.005004514008760452,0.18938803672790527,0.1944541485068984,OPTIMAL,5.0,0.0,np_gurobi_optimal,0.0,6527.0,0.0,0,0.0,0,5.0,,,5.0,,,False,,,False,
4171786345876620248,10,12,4,"[3, 3, 3, 3]","[[2, 6, 7], [2, 2, 4], [3, 6, 6], [3, 3, 4]]",0.7,1,2,2,,CHP,"[[1, 2], [3], [1, 2], [3]]",6,13,54,0.7592592592592593,0.001407,20,0.004525730386376381,0.00781702995300293,0.012401229473526001,OPTIMAL,5.0,0.0,np_gurobi_optimal,0.0,1.0,0.6666666666666666,8,8.25,99,5.0,,,5.0,5.0,,False,,,False,
4171786345876620248,10,12,4,"[3, 3, 3, 3]","[[2, 6, 7], [2, 2, 4], [3, 6, 6], [3, 3, 4]]",0.7,1,2,2,2,PP,"[[1, 2], [2, 1], [1, 2], [2, 1]]",8,24,54,0.5555555555555556,0.001538,20,0.004654334858059883,0.02771592140197754,0.032429582825792315,OPTIMAL,5.0,0.0,np_gurobi_optimal,0.0,350.0,0.0,0,4.5,54,5.0,5.0,5.0,5.0,5.0,5.0,True,True,4.5,True,True
4171786345876620248,10,12,4,"[3, 3, 3, 3]","[[2, 6, 7], [2, 2, 4], [3, 6, 6], [3, 3, 4]]",0.7,1,2,2,3,PP,"[[1, 2], [3], [1, 2], [3]]",6,13,54,0.7592592592592593,0.001457,20,0.004281341098248959,0.009080886840820312,0.013417054379207611,OPTIMAL,5.0,0.0,np_gurobi_optimal,0.0,1.0,0.6666666666666666,8,6.0,72,5.0,5.0,5.0,5.0,5.0,5.0,True,True,6.0,True,True
4171786345876620248,10,12,4,"[3, 3, 3, 3]","[[2, 6, 7], [2, 2, 4], [3, 6, 6], [3, 3, 4]]",0.7,1,2,2,4,PP,"[[1, 2], [3], [1, 2], [3]]",6,13,54,0.7592592592592593,0.0015025,20,0.004083301872014999,0.008621931076049805,0.012757974022152424,OPTIMAL,5.0,0.0,np_gurobi_optimal,0.0,1.0,0.6666666666666666,8,6.75,81,5.0,5.0,5.0,5.0,5.0,5.0,True,True,6.75,True,True
4171786345876620248,10,12,4,"[3, 3, 3, 3]","[[2, 6, 7], [2, 2, 4], [3, 6, 6], [3, 3, 4]]",0.7,1,2,2,5,PP,"[[1, 2], [3], [1, 2], [3]]",6,13,54,0.7592592592592593,0.001412,20,0.004004252143204212,0.008469104766845703,0.012523749026894092,OPTIMAL,5.0,0.0,np_gurobi_optimal,0.0,1.0,0.6666666666666666,8,6.75,81,5.0,5.0,5.0,5.0,5.0,5.0,True,True,6.75,True,True
4171786345876620248,10,12,4,"[3, 3, 3, 3]","[[2, 6, 7], [2, 2, 4], [3, 6, 6], [3, 3, 4]]",0.7,1,2,3,,CHP,"[[1, 2], [3], [3], [3]]",5,9,54,0.8333333333333334,0.001307,20,0.0038861632347106934,0.00468897819519043,0.008625201304037095,OPTIMAL,5.0,0.0,np_gurobi_optimal,0.0,1.0,2.3333333333333335,28,18.333333333333332,220,5.0,,,5.0,5.0,,False,,,False,
4171786345876620248,10,12,4,"[3, 3, 3, 3]","[[2, 6, 7], [2, 2, 4], [3, 6, 6], [3, 3, 4]]",0.7,1,2,3,2,PP,"[[1, 2], [2, 1], [2, 1], [2, 1]]",8,24,54,0.5555555555555556,0.00361,20,0.0044357143342494965,0.025312185287475586,0.029802680209264756,OPTIMAL,5.0,0.0,np_gurobi_optimal,0.0,275.0,1.6666666666666667,20,10.0,120,5.0,5.0,5.0,5.0,5.0,5.0,True,True,10.0,True,True
4171786345876620248,10,12,4,"[3, 3, 3, 3]","[[2, 6, 7], [2, 2, 4], [3, 6, 6], [3, 3, 4]]",0.7,1,2,3,3,PP,"[[1, 2], [3], [3], [3]]",5,9,54,0.8333333333333334,0.001362,20,0.0038526328280568123,0.004019021987915039,0.007922434654426097,OPTIMAL,5.0,0.0,np_gurobi_optimal,0.0,1.0,2.3333333333333335,28,13.333333333333334,160,5.0,5.0,5.0,5.0,5.0,5.0,True,True,13.333333333333334,True,True
4171786345876620248,10,12,4,"[3, 3, 3, 3]","[[2, 6, 7], [2, 2, 4], [3, 6, 6], [3, 3, 4]]",0.7,1,2,3,4,PP,"[[1, 2], [3], [3], [3]]",5,9,54,0.8333333333333334,0.001412,20,0.0038304803892970085,0.003667116165161133,0.0075473376768226625,OPTIMAL,5.0,0.0,np_gurobi_optimal,0.0,1.0,2.3333333333333335,28,15.0,180,5.0,5.0,5.0,5.0,5.0,5.0,True,True,15.0,True,True
4171786345876620248,10,12,4,"[3, 3, 3, 3]","[[2, 6, 7], [2, 2, 4], [3, 6, 6], [3, 3, 4]]",0.7,1,2,3,5,PP,"[[1, 2], [3], [3], [3]]",5,9,54,0.8333333333333334,0.001442,20,0.0037864232435822487,0.003818035125732422,0.007653828091649532,OPTIMAL,5.0,0.0,np_gurobi_optimal,0.0,1.0,2.3333333333333335,28,15.0,180,5.0,5.0,5.0,5.0,5.0,5.0,True,True,15.0,True,True
4171786345876620248,10,12,4,"[3, 3, 3, 3]","[[2, 6, 7], [2, 2, 4], [3, 6, 6], [3, 3, 4]]",0.7,1,2,4,,CHP,"[[3], [3], [3], [3]]",4,6,54,0.8888888888888888,0.0034,20,0.00404278002679348,0.002126932144165039,0.00622339055147171,OPTIMAL,5.0,0.0,np_gurobi_optimal,0.0,1.0,4.916666666666667,59,28.416666666666668,341,5.0,,,5.0,5.0,,False,,,False,
4171786345876620248,10,12,4,"[3, 3, 3, 3]","[[2, 6, 7], [2, 2, 4], [3, 6, 6], [3, 3, 4]]",0.7,1,2,4,2,PP,"[[2, 1], [2, 1], [2, 1], [2, 1]]",8,24,54,0.5555555555555556,0.001467,20,0.004007717594504356,0.01678609848022461,0.020848978477768423,OPTIMAL,5.0,0.0,np_gurobi_optimal,0.0,155.0,4.25,51,15.5,186,5.0,5.0,5.0,5.0,5.0,5.0,True,True,15.5,True,True
4171786345876620248,10,12,4,"[3, 3, 3, 3]","[[2, 6, 7], [2, 2, 4], [3, 6, 6], [3, 3, 4]]",0.7,1,2,4,3,PP,"[[3], [3], [3], [3]]",4,6,54,0.8888888888888888,0.0013925,20,0.003948547877371311,0.003175020217895508,0.007174574942784309,OPTIMAL,5.0,0.0,np_gurobi_optimal,0.0,1.0,4.916666666666667,59,20.666666666666668,248,5.0,5.0,5.0,5.0,5.0,5.0,True,True,20.666666666666668,True,True
4171786345876620248,10,12,4,"[3, 3, 3, 3]","[[2, 6, 7], [2, 2, 4], [3, 6, 6], [3, 3, 4]]",0.7,1,2,4,4,PP,"[[3], [3], [3], [3]]",4,6,54,0.8888888888888888,0.0035655,20,0.0038830386474728584,0.0017180442810058594,0.005652594777265072,OPTIMAL,5.0,0.0,np_gurobi_optimal,0.0,1.0,4.916666666666667,59,23.25,279,5.0,5.0,5.0,5.0,5.0,5.0,True,True,23.25,True,True
4171786345876620248,10,12,4,"[3, 3, 3, 3]","[[2, 6, 7], [2, 2, 4], [3, 6, 6], [3, 3, 4]]",0.7,1,2,4,5,PP,"[[3], [3], [3], [3]]",4,6,54,0.8888888888888888,0.001487,20,0.0037055006250739098,0.002460956573486328,0.006222218884241104,OPTIMAL,5.0,0.0,np_gurobi_optimal,0.0,1.0,4.916666666666667,59,23.25,279,5.0,5.0,5.0,5.0,5.0,5.0,True,True,23.25,True,True
4006079036416785741,11,12,4,"[3, 3, 3, 3]","[[1, 2, 3], [0, 0, 2], [3, 3, 5], [2, 4, 6]]",0.7,1,2,,1,NP,"[[1, 1, 1], [1, 1, 1], [1, 1, 1], [1, 1, 1]]",12,54,54,0.0,0.001277,20,0.0048015182837843895,0.1211249828338623,0.12598502931027603,OPTIMAL,4.416666666666667,0.0,np_gurobi_optimal,0.0,2061.0,0.0,0,0.0,0,4.416666666666667,,,4.416666666666667,,,False,,,False,
4006079036416785741,11,12,4,"[3, 3, 3, 3]","[[1, 2, 3], [0, 0, 2], [3, 3, 5], [2, 4, 6]]",0.7,1,2,2,,CHP,"[[3], [3], [3], [3]]",4,6,54,0.8888888888888888,0.003771,20,0.004577798768877983,0.0028600692749023438,0.007505028583498954,OPTIMAL,4.416666666666667,0.0,np_gurobi_optimal,0.0,1.0,2.75,33,8.25,99,4.416666666666667,,,4.416666666666667,4.416666666666667,,False,,,False,
4006079036416785741,11,12,4,"[3, 3, 3, 3]","[[1, 2, 3], [0, 0, 2], [3, 3, 5], [2, 4, 6]]",0.7,1,2,2,2,PP,"[[2, 1], [2, 1], [2, 1], [2, 1]]",8,24,54,0.5555555555555556,0.0023685,20,0.006783302873373032,0.025026798248291016,0.031900001836484435,OPTIMAL,4.416666666666667,0.0,np_gurobi_optimal,0.0,207.0,0.75,9,4.5,54,4.416666666666667,4.416666666666667,4.416666666666667,4.416666666666667,4.416666666666667,4.416666666666667,True,True,4.5,True,True
4006079036416785741,11,12,4,"[3, 3, 3, 3]","[[1, 2, 3], [0, 0, 2], [3, 3, 5], [2, 4, 6]]",0.7,1,2,2,3,PP,"[[3], [3], [3], [3]]",4,6,54,0.8888888888888888,0.003545,20,0.004352378658950329,0.002252817153930664,0.006657663187725544,OPTIMAL,4.416666666666667,0.0,np_gurobi_optimal,0.0,1.0,2.75,33,6.0,72,4.416666666666667,4.416666666666667,4.416666666666667,4.416666666666667,4.416666666666667,4.416666666666667,True,True,6.0,True,True
4006079036416785741,11,12,4,"[3, 3, 3, 3]","[[1, 2, 3], [0, 0, 2], [3, 3, 5], [2, 4, 6]]",0.7,1,2,2,4,PP,"[[3], [3], [3], [3]]",4,6,54,0.8888888888888888,0.0014025,20,0.003875887952744961,0.0020279884338378906,0.005953729080882072,OPTIMAL,4.416666666666667,0.0,np_gurobi_optimal,0.0,1.0,2.75,33,6.75,81,4.416666666666667,4.416666666666667,4.416666666666667,4.416666666666667,4.416666666666667,4.416666666666667,True,True,6.75,True,True
4006079036416785741,11,12,4,"[3, 3, 3, 3]","[[1, 2, 3], [0, 0, 2], [3, 3, 5], [2, 4, 6]]",0.7,1,2,2,5,PP,"[[3], [3], [3], [3]]",4,6,54,0.8888888888888888,0.00343,20,0.004000157117843628,0.002126932144165039,0.006181008121423721,OPTIMAL,4.416666666666667,0.0,np_gurobi_optimal,0.0,1.0,2.75,33,6.75,81,4.416666666666667,4.416666666666667,4.416666666666667,4.416666666666667,4.416666666666667,4.416666666666667,True,True,6.75,True,True
4006079036416785741,11,12,4,"[3, 3, 3, 3]","[[1, 2, 3], [0, 0, 2], [3, 3, 5], [2, 4, 6]]",0.7,1,2,3,,CHP,"[[3], [3], [3], [3]]",4,6,54,0.8888888888888888,0.003315,20,0.0038642510771751404,0.001631021499633789,0.005547805180909634,OPTIMAL,4.416666666666667,0.0,np_gurobi_optimal,0.0,1.0,2.75,33,18.333333333333332,220,4.416666666666667,,,4.416666666666667,4.416666666666667,,False,,,False,
4006079036416785741,11,12,4,"[3, 3, 3, 3]","[[1, 2, 3], [0, 0, 2], [3, 3, 5], [2, 4, 6]]",0.7,1,2,3,2,PP,"[[2, 1], [2, 1], [2, 1], [2, 1]]",8,24,54,0.5555555555555556,0.00354,20,0.004399840719997883,0.02263808250427246,0.02709238421736002,OPTIMAL,4.416666666666667,0.0,np_gurobi_optimal,0.0,207.0,0.75,9,10.0,120,4.416666666666667,4.416666666666667,4.416666666666667,4.416666666666667,4.416666666666667,4.416666666666667,True,True,10.0,True,True
4006079036416785741,11,12,4,"[3, 3, 3, 3]","[[1, 2, 3], [0, 0, 2], [3, 3, 5], [2, 4, 6]]",0.7,1,2,3,3,PP,"[[3], [3], [3], [3]]",4,6,54,0.8888888888888888,0.003505,20,0.004206218756735325,0.002156972885131836,0.0064221569011855125,OPTIMAL,4.416666666666667,0.0,np_gurobi_optimal,0.0,1.0,2.75,33,13.333333333333334,160,4.416666666666667,4.416666666666667,4.416666666666667,4.416666666666667,4.416666666666667,4.416666666666667,True,True,13.333333333333334,True,True
4006079036416785741,11,12,4,"[3, 3, 3, 3]","[[1, 2, 3], [0, 0, 2], [3, 3, 5], [2, 4, 6]]",0.7,1,2,3,4,PP,"[[3], [3], [3], [3]]",4,6,54,0.8888888888888888,0.0014025,20,0.0038877762854099274,0.002552032470703125,0.006516109148886204,OPTIMAL,4.416666666666667,0.0,np_gurobi_optimal,0.0,1.0,2.75,33,15.0,180,4.416666666666667,4.416666666666667,4.416666666666667,4.416666666666667,4.416666666666667,4.416666666666667,True,True,15.0,True,True
4006079036416785741,11,12,4,"[3, 3, 3, 3]","[[1, 2, 3], [0, 0, 2], [3, 3, 5], [2, 4, 6]]",0.7,1,2,3,5,PP,"[[3], [3], [3], [3]]",4,6,54,0.8888888888888888,0.0015725,20,0.004136602394282818,0.002474069595336914,0.006669200452992916,OPTIMAL,4.416666666666667,0.0,np_gurobi_optimal,0.0,1.0,2.75,33,15.0,180,4.416666666666667,4.416666666666667,4.416666666666667,4.416666666666667,4.416666666666667,4.416666666666667,True,True,15.0,True,True
4006079036416785741,11,12,4,"[3, 3, 3, 3]","[[1, 2, 3], [0, 0, 2], [3, 3, 5], [2, 4, 6]]",0.7,1,2,4,,CHP,"[[3], [3], [3], [3]]",4,6,54,0.8888888888888888,0.001447,20,0.003852272406220436,0.0022029876708984375,0.0061107303057045936,OPTIMAL,4.416666666666667,0.0,np_gurobi_optimal,0.0,1.0,2.75,33,28.416666666666668,341,4.416666666666667,,,4.416666666666667,4.416666666666667,,False,,,False,
4006079036416785741,11,12,4,"[3, 3, 3, 3]","[[1, 2, 3], [0, 0, 2], [3, 3, 5], [2, 4, 6]]",0.7,1,2,4,2,PP,"[[2, 1], [2, 1], [2, 1], [2, 1]]",8,24,54,0.5555555555555556,0.002133,20,0.0049680788069963455,0.024080991744995117,0.029106663811309816,OPTIMAL,4.416666666666667,0.0,np_gurobi_optimal,0.0,207.0,0.75,9,15.5,186,4.416666666666667,4.416666666666667,4.416666666666667,4.416666666666667,4.416666666666667,4.416666666666667,True,True,15.5,True,True
4006079036416785741,11,12,4,"[3, 3, 3, 3]","[[1, 2, 3], [0, 0, 2], [3, 3, 5], [2, 4, 6]]",0.7,1,2,4,3,PP,"[[3], [3], [3], [3]]",4,6,54,0.8888888888888888,0.001397,20,0.0038361288607120514,0.001708984375,0.00559574274097395,OPTIMAL,4.416666666666667,0.0,np_gurobi_optimal,0.0,1.0,2.75,33,20.666666666666668,248,4.416666666666667,4.416666666666667,4.416666666666667,4.416666666666667,4.416666666666667,4.416666666666667,True,True,20.666666666666668,True,True
4006079036416785741,11,12,4,"[3, 3, 3, 3]","[[1, 2, 3], [0, 0, 2], [3, 3, 5], [2, 4, 6]]",0.7,1,2,4,4,PP,"[[3], [3], [3], [3]]",4,6,54,0.8888888888888888,0.0015175,20,0.003712301142513752,0.0017311573028564453,0.005494659210758209,OPTIMAL,4.416666666666667,0.0,np_gurobi_optimal,0.0,1.0,2.75,33,23.25,279,4.416666666666667,4.416666666666667,4.416666666666667,4.416666666666667,4.416666666666667,4.416666666666667,True,True,23.25,True,True
4006079036416785741,11,12,4,"[3, 3, 3, 3]","[[1, 2, 3], [0, 0, 2], [3, 3, 5], [2, 4, 6]]",0.7,1,2,4,5,PP,"[[3], [3], [3], [3]]",4,6,54,0.8888888888888888,0.002739,20,0.005586013197898865,0.0029070377349853516,0.00858479084340477,OPTIMAL,4.416666666666667,0.0,np_gurobi_optimal,0.0,1.0,2.75,33,23.25,279,4.416666666666667,4.416666666666667,4.416666666666667,4.416666666666667,4.416666666666667,4.416666666666667,True,True,23.25,True,True
13262817260201394561,12,12,4,"[3, 3, 3, 3]","[[4, 6, 6], [2, 3, 5], [5, 6, 7], [1, 3, 5]]",0.7,1,2,,1,NP,"[[1, 1, 1], [1, 1, 1], [1, 1, 1], [1, 1, 1]]",12,54,54,0.0,0.002213,20,0.006944556720554829,0.12267303466796875,0.12969918753081608,OPTIMAL,4.25,0.0,np_gurobi_optimal,0.0,1788.0,0.0,0,0.0,0,4.25,,,4.25,,,False,,,False,
13262817260201394561,12,12,4,"[3, 3, 3, 3]","[[4, 6, 6], [2, 3, 5], [5, 6, 7], [1, 3, 5]]",0.7,1,2,2,,CHP,"[[3], [3], [3], [3]]",4,6,54,0.8888888888888888,0.002614,20,0.004735778085887432,0.003145933151245117,0.007947723158754348,OPTIMAL,5.333333333333333,1.083333333333333,np_gurobi_optimal,0.0,1.0,2.8333333333333335,34,8.25,99,4.25,,,4.25,5.333333333333333,,False,,,False,
13262817260201394561,12,12,4,"[3, 3, 3, 3]","[[4, 6, 6], [2, 3, 5], [5, 6, 7], [1, 3, 5]]",0.7,1,2,2,2,PP,"[[2, 1], [2, 1], [2, 1], [2, 1]]",8,24,54,0.5555555555555556,0.001512,20,0.004650658927857876,0.02720785140991211,0.03191668120924187,OPTIMAL,4.833333333333333,0.583333333333333,np_gurobi_optimal,0.0,335.0,1.5,18,4.5,54,4.25,5.333333333333333,4.833333333333333,4.25,5.333333333333333,4.833333333333333,True,True,3.916666666666667,True,True
13262817260201394561,12,12,4,"[3, 3, 3, 3]","[[4, 6, 6], [2, 3, 5], [5, 6, 7], [1, 3, 5]]",0.7,1,2,2,3,PP,"[[3], [3], [3], [3]]",4,6,54,0.8888888888888888,0.003521,20,0.004755127243697643,0.0037529468536376953,0.00857828245029068,OPTIMAL,5.333333333333333,1.083333333333333,np_gurobi_optimal,0.0,1.0,2.8333333333333335,34,6.0,72,4.25,5.333333333333333,5.333333333333333,4.25,5.333333333333333,5.333333333333333,True,True,4.916666666666667,True,True
13262817260201394561,12,12,4,"[3, 3, 3, 3]","[[4, 6, 6], [2, 3, 5], [5, 6, 7], [1, 3, 5]]",0.7,1,2,2,4,PP,"[[3], [3], [3], [3]]",4,6,54,0.8888888888888888,0.0035555,20,0.004160027951002121,0.0030601024627685547,0.007277830214291096,OPTIMAL,5.333333333333333,1.083333333333333,np_gurobi_optimal,0.0,1.0,2.8333333333333335,34,6.75,81,4.25,5.333333333333333,5.333333333333333,4.25,5.333333333333333,5.333333333333333,True,True,5.666666666666667,True,True
13262817260201394561,12,12,4,"[3, 3, 3, 3]","[[4, 6, 6], [2, 3, 5], [5, 6, 7], [1, 3, 5]]",0.7,1,2,2,5,PP,"[[3], [3], [3], [3]]",4,6,54,0.8888888888888888,0.0014275,20,0.003973865881562233,0.002438068389892578,0.006463193117132187,OPTIMAL,5.333333333333333,1.083333333333333,np_gurobi_optimal,0.0,1.0,2.8333333333333335,34,6.75,81,4.25,5.333333333333333,5.333333333333333,4.25,5.333333333333333,5.333333333333333,True,True,5.666666666666667,True,True
13262817260201394561,12,12,4,"[3, 3, 3, 3]","[[4, 6, 6], [2, 3, 5], [5, 6, 7], [1, 3, 5]]",0.7,1,2,3,,CHP,"[[3], [3], [3], [3]]",4,6,54,0.8888888888888888,0.003415,20,0.0039951978251338005,0.002593994140625,0.00664271957085371,OPTIMAL,5.333333333333333,1.083333333333333,np_gurobi_optimal,0.0,1.0,2.8333333333333335,34,18.333333333333332,220,4.25,,,4.25,5.333333333333333,,False,,,False,
13262817260201394561,12,12,4,"[3, 3, 3, 3]","[[4, 6, 6], [2, 3, 5], [5, 6, 7], [1, 3, 5]]",0.7,1,2,3,2,PP,"[[2, 1], [2, 1], [2, 1], [2, 1]]",8,24,54,0.5555555555555556,0.003891,20,0.0042776865884661674,0.025315046310424805,0.02965234399720764,OPTIMAL,4.833333333333333,0.583333333333333,np_gurobi_optimal,0.0,335.0,1.5,18,10.0,120,4.25,5.333333333333333,4.833333333333333,4.25,5.333333333333333,4.833333333333333,True,True,9.416666666666668,True,True
13262817260201394561,12,12,4,"[3, 3, 3, 3]","[[4, 6, 6], [2, 3, 5], [5, 6, 7], [1, 3, 5]]",0.7,1,2,3,3,PP,"[[3], [3], [3], [3]]",4,6,54,0.8888888888888888,0.001998,20,0.005625213496387005,0.003688812255859375,0.009401184819791793,OPTIMAL,5.333333333333333,1.083333333333333,np_gurobi_optimal,0.0,1.0,2.8333333333333335,34,13.333333333333334,160,4.25,5.333333333333333,5.333333333333333,4.25,5.333333333333333,5.333333333333333,True,True,12.25,True,True
13262817260201394561,12,12,4,"[3, 3, 3, 3]","[[4, 6, 6], [2, 3, 5], [5, 6, 7], [1, 3, 5]]",0.7,1,2,3,4,PP,"[[3], [3], [3], [3]]",4,6,54,0.8888888888888888,0.002574,20,0.005622588098049164,0.003353118896484375,0.009043708268045425,OPTIMAL,5.333333333333333,1.083333333333333,np_gurobi_optimal,0.0,1.0,2.8333333333333335,34,15.0,180,4.25,5.333333333333333,5.333333333333333,4.25,5.333333333333333,5.333333333333333,True,True,13.916666666666668,True,True
13262817260201394561,12,12,4,"[3, 3, 3, 3]","[[4, 6, 6], [2, 3, 5], [5, 6, 7], [1, 3, 5]]",0.7,1,2,3,5,PP,"[[3], [3], [3], [3]]",4,6,54,0.8888888888888888,0.001392,20,0.0038360273465514183,0.0026810169219970703,0.0065677665626807215,OPTIMAL,5.333333333333333,1.083333333333333,np_gurobi_optimal,0.0,1.0,2.8333333333333335,34,15.0,180,4.25,5.333333333333333,5.333333333333333,4.25,5.333333333333333,5.333333333333333,True,True,13.916666666666668,True,True
13262817260201394561,12,12,4,"[3, 3, 3, 3]","[[4, 6, 6], [2, 3, 5], [5, 6, 7], [1, 3, 5]]",0.7,1,2,4,,CHP,"[[3], [3], [3], [3]]",4,6,54,0.8888888888888888,0.001337,20,0.004324076697230339,0.0028100013732910156,0.007187709764408588,OPTIMAL,5.333333333333333,1.083333333333333,np_gurobi_optimal,0.0,1.0,2.8333333333333335,34,28.416666666666668,341,4.25,,,4.25,5.333333333333333,,False,,,False,
13262817260201394561,12,12,4,"[3, 3, 3, 3]","[[4, 6, 6], [2, 3, 5], [5, 6, 7], [1, 3, 5]]",0.7,1,2,4,2,PP,"[[2, 1], [2, 1], [2, 1], [2, 1]]",8,24,54,0.5555555555555556,0.001922,20,0.004476645961403847,0.024870872497558594,0.02940458313728285,OPTIMAL,4.833333333333333,0.583333333333333,np_gurobi_optimal,0.0,335.0,1.5,18,15.5,186,4.25,5.333333333333333,4.833333333333333,4.25,5.333333333333333,4.833333333333333,True,True,14.916666666666668,True,True
13262817260201394561,12,12,4,"[3, 3, 3, 3]","[[4, 6, 6], [2, 3, 5], [5, 6, 7], [1, 3, 5]]",0.7,1,2,4,3,PP,"[[3], [3], [3], [3]]",4,6,54,0.8888888888888888,0.001497,20,0.004387252032756805,0.0031969547271728516,0.007647384322723865,OPTIMAL,5.333333333333333,1.083333333333333,np_gurobi_optimal,0.0,1.0,2.8333333333333335,34,20.666666666666668,248,4.25,5.333333333333333,5.333333333333333,4.25,5.333333333333333,5.333333333333333,True,True,19.583333333333336,True,True
13262817260201394561,12,12,4,"[3, 3, 3, 3]","[[4, 6, 6], [2, 3, 5], [5, 6, 7], [1, 3, 5]]",0.7,1,2,4,4,PP,"[[3], [3], [3], [3]]",4,6,54,0.8888888888888888,0.001407,20,0.0038869641721248627,0.0032629966735839844,0.007201999197477818,OPTIMAL,5.333333333333333,1.083333333333333,np_gurobi_optimal,0.0,1.0,2.8333333333333335,34,23.25,279,4.25,5.333333333333333,5.333333333333333,4.25,5.333333333333333,5.333333333333333,True,True,22.166666666666668,True,True
13262817260201394561,12,12,4,"[3, 3, 3, 3]","[[4, 6, 6], [2, 3, 5], [5, 6, 7], [1, 3, 5]]",0.7,1,2,4,5,PP,"[[3], [3], [3], [3]]",4,6,54,0.8888888888888888,0.001367,20,0.0037963083013892174,0.002630949020385742,0.006478566494838715,OPTIMAL,5.333333333333333,1.083333333333333,np_gurobi_optimal,0.0,1.0,2.8333333333333335,34,23.25,279,4.25,5.333333333333333,5.333333333333333,4.25,5.333333333333333,5.333333333333333,True,True,22.166666666666668,True,True
7817612490874039646,13,12,4,"[3, 3, 3, 3]","[[4, 6, 12], [3, 4, 4], [2, 3, 6], [3, 4, 5]]",0.7,1,2,,1,NP,"[[1, 1, 1], [1, 1, 1], [1, 1, 1], [1, 1, 1]]",12,54,54,0.0,0.002804,20,0.00493993703275919,0.17900705337524414,0.18402048272273921,OPTIMAL,4.666666666666667,0.0,np_gurobi_optimal,0.0,6605.0,0.0,0,0.0,0,4.666666666666667,,,4.666666666666667,,,False,,,False,
7817612490874039646,13,12,4,"[3, 3, 3, 3]","[[4, 6, 12], [3, 4, 4], [2, 3, 6], [3, 4, 5]]",0.7,1,2,2,,CHP,"[[2, 1], [3], [2, 1], [3]]",6,13,54,0.7592592592592593,0.00333,20,0.004112326540052891,0.007486820220947266,0.011659238077955245,OPTIMAL,4.666666666666667,0.0,np_gurobi_optimal,0.0,1.0,0.75,9,8.25,99,4.666666666666667,,,4.666666666666667,4.666666666666667,,False,,,False,
7817612490874039646,13,12,4,"[3, 3, 3, 3]","[[4, 6, 12], [3, 4, 4], [2, 3, 6], [3, 4, 5]]",0.7,1,2,2,2,PP,"[[2, 1], [2, 1], [2, 1], [2, 1]]",8,24,54,0.5555555555555556,0.003701,20,0.004446450620889664,0.02797412872314453,0.032482421881044866,OPTIMAL,4.666666666666667,0.0,np_gurobi_optimal,0.0,269.0,0.75,9,4.5,54,4.666666666666667,4.666666666666667,4.666666666666667,4.666666666666667,4.666666666666667,4.666666666666667,True,True,4.5,True,True
7817612490874039646,13,12,4,"[3, 3, 3, 3]","[[4, 6, 12], [3, 4, 4], [2, 3, 6], [3, 4, 5]]",0.7,1,2,2,3,PP,"[[2, 1], [3], [2, 1], [3]]",6,13,54,0.7592592592592593,0.0014925,20,0.003929289057850838,0.006908893585205078,0.010890481583468914,OPTIMAL,4.666666666666667,0.0,np_gurobi_optimal,0.0,1.0,0.75,9,6.0,72,4.666666666666667,4.666666666666667,4.666666666666667,4.666666666666667,4.666666666666667,4.666666666666667,True,True,6.0,True,True
7817612490874039646,13,12,4,"[3, 3, 3, 3]","[[4, 6, 12], [3, 4, 4], [2, 3, 6], [3, 4, 5]]",0.7,1,2,2,4,PP,"[[2, 1], [3], [2, 1], [3]]",6,13,54,0.7592592592592593,0.003696,20,0.0037265829741954803,0.006385087966918945,0.010164503520151138,OPTIMAL,4.666666666666667,0.0,np_gurobi_optimal,0.0,1.0,0.75,9,6.75,81,4.666666666666667,4.666666666666667,4.666666666666667,4.666666666666667,4.666666666666667,4.666666666666667,True,True,6.75,True,True
7817612490874039646,13,12,4,"[3, 3, 3, 3]","[[4, 6, 12], [3, 4, 4], [2, 3, 6], [3, 4, 5]]",0.7,1,2,2,5,PP,"[[2, 1], [3], [2, 1], [3]]",6,13,54,0.7592592592592593,0.0014675,20,0.0039687380194664,0.0075490474700927734,0.011570032421617507,OPTIMAL,4.666666666666667,0.0,np_gurobi_optimal,0.0,1.0,0.75,9,6.75,81,4.666666666666667,4.666666666666667,4.666666666666667,4.666666666666667,4.666666666666667,4.666666666666667,True,True,6.75,True,True
7817612490874039646,13,12,4,"[3, 3, 3, 3]","[[4, 6, 12], [3, 4, 4], [2, 3, 6], [3, 4, 5]]",0.7,1,2,3,,CHP,"[[2, 1], [3], [3], [3]]",5,9,54,0.8333333333333334,0.001432,20,0.004385258071124554,0.004361867904663086,0.008805228954452992,OPTIMAL,5.333333333333333,0.6666666666666661,np_gurobi_optimal,0.0,1.0,2.25,27,18.333333333333332,220,4.666666666666667,,,4.666666666666667,5.333333333333333,,False,,,False,
7817612490874039646,13,12,4,"[3, 3, 3, 3]","[[4, 6, 12], [3, 4, 4], [2, 3, 6], [3, 4, 5]]",0.7,1,2,3,2,PP,"[[2, 1], [2, 1], [2, 1], [2, 1]]",8,24,54,0.5555555555555556,0.002729,20,0.004436986520886421,0.02474689483642578,0.029240560942737102,OPTIMAL,4.666666666666667,0.0,np_gurobi_optimal,0.0,269.0,0.75,9,10.0,120,4.666666666666667,5.333333333333333,4.666666666666667,4.666666666666667,5.333333333333333,4.666666666666667,True,True,10.0,True,True
7817612490874039646,13,12,4,"[3, 3, 3, 3]","[[4, 6, 12], [3, 4, 4], [2, 3, 6], [3, 4, 5]]",0.7,1,2,3,3,PP,"[[2, 1], [3], [3], [3]]",5,9,54,0.8333333333333334,0.001452,20,0.004536988213658333,0.004807949066162109,0.009413999573447228,OPTIMAL,5.333333333333333,0.6666666666666661,np_gurobi_optimal,0.0,1.0,2.25,27,13.333333333333334,160,4.666666666666667,5.333333333333333,5.333333333333333,4.666666666666667,5.333333333333333,5.333333333333333,True,True,12.666666666666668,True,True
7817612490874039646,13,12,4,"[3, 3, 3, 3]","[[4, 6, 12], [3, 4, 4], [2, 3, 6], [3, 4, 5]]",0.7,1,2,3,4,PP,"[[2, 1], [3], [3], [3]]",5,9,54,0.8333333333333334,0.001497,20,0.004266037605702877,0.0037720203399658203,0.00809315721645069,OPTIMAL,5.333333333333333,0.6666666666666661,np_gurobi_optimal,0.0,1.0,2.25,27,15.0,180,4.666666666666667,5.333333333333333,5.333333333333333,4.666666666666667,5.333333333333333,5.333333333333333,True,True,14.333333333333334,True,True
7817612490874039646,13,12,4,"[3, 3, 3, 3]","[[4, 6, 12], [3, 4, 4], [2, 3, 6], [3, 4, 5]]",0.7,1,2,3,5,PP,"[[2, 1], [3], [3], [3]]",5,9,54,0.8333333333333334,0.0035505,20,0.004433522000908852,0.004148006439208984,0.008662578016841888,OPTIMAL,5.333333333333333,0.6666666666666661,np_gurobi_optimal,0.0,1.0,2.25,27,15.0,180,4.666666666666667,5.333333333333333,5.333333333333333,4.666666666666667,5.333333333333333,5.333333333333333,True,True,14.333333333333334,True,True
7817612490874039646,13,12,4,"[3, 3, 3, 3]","[[4, 6, 12], [3, 4, 4], [2, 3, 6], [3, 4, 5]]",0.7,1,2,4,,CHP,"[[2, 1], [3], [3], [3]]",5,9,54,0.8333333333333334,0.0013875,20,0.004062130115926266,0.003960847854614258,0.008076112546753883,OPTIMAL,5.333333333333333,0.6666666666666661,np_gurobi_optimal,0.0,1.0,2.25,27,28.416666666666668,341,4.666666666666667,,,4.666666666666667,5.333333333333333,,False,,,False,
7817612490874039646,13,12,4,"[3, 3, 3, 3]","[[4, 6, 12], [3, 4, 4], [2, 3, 6], [3, 4, 5]]",0.7,1,2,4,2,PP,"[[2, 1], [2, 1], [2, 1], [2, 1]]",8,24,54,0.5555555555555556,0.001458,20,0.004207940772175789,0.024089813232421875,0.02835612605845499,OPTIMAL,4.666666666666667,0.0,np_gurobi_optimal,0.0,269.0,0.75,9,15.5,186,4.666666666666667,5.333333333333333,4.666666666666667,4.666666666666667,5.333333333333333,4.666666666666667,True,True,15.5,True,True
7817612490874039646,13,12,4,"[3, 3, 3, 3]","[[4, 6, 12], [3, 4, 4], [2, 3, 6], [3, 4, 5]]",0.7,1,2,4,3,PP,"[[2, 1], [3], [3], [3]]",5,9,54,0.8333333333333334,0.0014325,20,0.004043951630592346,0.004427909851074219,0.008523763283307553,OPTIMAL,5.333333333333333,0.6666666666666661,np_gurobi_optimal,0.0,1.0,2.25,27,20.666666666666668,248,4.666666666666667,5.333333333333333,5.333333333333333,4.666666666666667,5.333333333333333,5.333333333333333,True,True,20.0,True,True
7817612490874039646,13,12,4,"[3, 3, 3, 3]","[[4, 6, 12], [3, 4, 4], [2, 3, 6], [3, 4, 5]]",0.7,1,2,4,4,PP,"[[2, 1], [3], [3], [3]]",5,9,54,0.8333333333333334,0.0015075,20,0.0038868244737386703,0.0037679672241210938,0.007705731937475205,OPTIMAL,5.333333333333333,0.6666666666666661,np_gurobi_optimal,0.0,1.0,2.25,27,23.25,279,4.666666666666667,5.333333333333333,5.333333333333333,4.666666666666667,5.333333333333333,5.333333333333333,True,True,22.583333333333336,True,True
7817612490874039646,13,12,4,"[3, 3, 3, 3]","[[4, 6, 12], [3, 4, 4], [2, 3, 6], [3, 4, 5]]",0.7,1,2,4,5,PP,"[[2, 1], [3], [3], [3]]",5,9,54,0.8333333333333334,0.001442,20,0.0038310904055833817,0.003777027130126953,0.0076596572396440505,OPTIMAL,5.333333333333333,0.6666666666666661,np_gurobi_optimal,0.0,1.0,2.25,27,23.25,279,4.666666666666667,5.333333333333333,5.333333333333333,4.666666666666667,5.333333333333333,5.333333333333333,True,True,22.583333333333336,True,True
18160083340264393509,14,12,4,"[3, 3, 3, 3]","[[1, 1, 4], [1, 2, 5], [3, 4, 4], [1, 4, 7]]",0.7,1,2,,1,NP,"[[1, 1, 1], [1, 1, 1], [1, 1, 1], [1, 1, 1]]",12,54,54,0.0,0.0011115,20,0.004581194370985031,0.6094410419464111,0.6140813394114724,OPTIMAL,5.25,0.0,np_gurobi_optimal,0.0,20097.0,0.0,0,0.0,0,5.25,,,5.25,,,False,,,False,
18160083340264393509,14,12,4,"[3, 3, 3, 3]","[[1, 1, 4], [1, 2, 5], [3, 4, 4], [1, 4, 7]]",0.7,1,2,2,,CHP,"[[2, 1], [2, 1], [3], [1, 1, 1]]",8,23,54,0.5740740740740741,0.00338,20,0.0043955035507678986,0.028973102569580078,0.033445586680774686,OPTIMAL,5.25,0.0,np_gurobi_optimal,0.0,449.0,0.0,0,8.25,99,5.25,,,5.25,5.25,,False,,,False,
18160083340264393509,14,12,4,"[3, 3, 3, 3]","[[1, 1, 4], [1, 2, 5], [3, 4, 4], [1, 4, 7]]",0.7,1,2,2,2,PP,"[[2, 1], [2, 1], [2, 1], [1, 1, 1]]",9,30,54,0.4444444444444444,0.0014925,20,0.004474612884223461,0.059477806091308594,0.06401305418431044,OPTIMAL,5.25,0.0,np_gurobi_optimal,0.0,1128.0,0.0,0,4.5,54,5.25,5.25,5.25,5.25,5.25,5.25,True,True,4.5,True,True
18160083340264393509,14,12,4,"[3, 3, 3, 3]","[[1, 1, 4], [1, 2, 5], [3, 4, 4], [1, 4, 7]]",0.7,1,2,2,3,PP,"[[2, 1], [2, 1], [3], [1, 1, 1]]",8,23,54,0.5740740740740741,0.001517,20,0.004620973952114582,0.03416585922241211,0.03885223890314531,OPTIMAL,5.25,0.0,np_gurobi_optimal,0.0,449.0,0.0,0,6.0,72,5.25,5.25,5.25,5.25,5.25,5.25,True,True,6.0,True,True
18160083340264393509,14,12,4,"[3, 3, 3, 3]","[[1, 1, 4], [1, 2, 5], [3, 4, 4], [1, 4, 7]]",0.7,1,2,2,4,PP,"[[2, 1], [2, 1], [3], [1, 1, 1]]",8,23,54,0.5740740740740741,0.001517,20,0.004708987660706043,0.03502702713012695,0.039799099663595676,OPTIMAL,5.25,0.0,np_gurobi_optimal,0.0,449.0,0.0,0,6.75,81,5.25,5.25,5.25,5.25,5.25,5.25,True,True,6.75,True,True
18160083340264393509,14,12,4,"[3, 3, 3, 3]","[[1, 1, 4], [1, 2, 5], [3, 4, 4], [1, 4, 7]]",0.7,1,2,2,5,PP,"[[2, 1], [2, 1], [3], [1, 1, 1]]",8,23,54,0.5740740740740741,0.001432,20,0.004408984445035458,0.02692890167236328,0.0313976766525693,OPTIMAL,5.25,0.0,np_gurobi_optimal,0.0,449.0,0.0,0,6.75,81,5.25,5.25,5.25,5.25,5.25,5.25,True,True,6.75,True,True
18160083340264393509,14,12,4,"[3, 3, 3, 3]","[[1, 1, 4], [1, 2, 5], [3, 4, 4], [1, 4, 7]]",0.7,1,2,3,,CHP,"[[3], [3], [3], [3]]",4,6,54,0.8888888888888888,0.001377,20,0.004081037826836109,0.0031118392944335938,0.0072468477697033885,OPTIMAL,5.75,0.5,np_gurobi_optimal,0.0,1.0,6.166666666666667,74,18.333333333333332,220,5.25,,,5.25,5.75,,False,,,False,
18160083340264393509,14,12,4,"[3, 3, 3, 3]","[[1, 1, 4], [1, 2, 5], [3, 4, 4], [1, 4, 7]]",0.7,1,2,3,2,PP,"[[2, 1], [2, 1], [2, 1], [2, 1]]",8,24,54,0.5555555555555556,0.00361,20,0.00434492714703083,0.03181099891662598,0.03621469178049326,OPTIMAL,5.25,0.0,np_gurobi_optimal,0.0,429.0,1.6666666666666667,20,10.0,120,5.25,5.75,5.25,5.25,5.75,5.25,True,True,10.0,True,True
18160083340264393509,14,12,4,"[3, 3, 3, 3]","[[1, 1, 4], [1, 2, 5], [3, 4, 4], [1, 4, 7]]",0.7,1,2,3,3,PP,"[[3], [3], [3], [3]]",4,6,54,0.8888888888888888,0.001382,20,0.003594363108277321,0.003206968307495117,0.006853618576378346,OPTIMAL,5.75,0.5,np_gurobi_optimal,0.0,1.0,6.166666666666667,74,13.333333333333334,160,5.25,5.75,5.75,5.25,5.75,5.75,True,True,12.833333333333334,True,True
18160083340264393509,14,12,4,"[3, 3, 3, 3]","[[1, 1, 4], [1, 2, 5], [3, 4, 4], [1, 4, 7]]",0.7,1,2,3,4,PP,"[[3], [3], [3], [3]]",4,6,54,0.8888888888888888,0.001387,20,0.003453820012509823,0.0027740001678466797,0.006277422681366921,OPTIMAL,5.75,0.5,np_gurobi_optimal,0.0,1.0,6.166666666666667,74,15.0,180,5.25,5.75,5.75,5.25,5.75,5.75,True,True,14.5,True,True
18160083340264393509,14,12,4,"[3, 3, 3, 3]","[[1, 1, 4], [1, 2, 5], [3, 4, 4], [1, 4, 7]]",0.7,1,2,3,5,PP,"[[3], [3], [3], [3]]",4,6,54,0.8888888888888888,0.002614,20,0.004438838921487331,0.0022308826446533203,0.006722010449625492,OPTIMAL,5.75,0.5,np_gurobi_optimal,0.0,1.0,6.166666666666667,74,15.0,180,5.25,5.75,5.75,5.25,5.75,5.75,True,True,14.5,True,True
18160083340264393509,14,12,4,"[3, 3, 3, 3]","[[1, 1, 4], [1, 2, 5], [3, 4, 4], [1, 4, 7]]",0.7,1,2,4,,CHP,"[[3], [3], [3], [3]]",4,6,54,0.8888888888888888,0.001477,20,0.0037397826090455055,0.002370119094848633,0.006162870597722053,OPTIMAL,5.75,0.5,np_gurobi_optimal,0.0,1.0,6.166666666666667,74,28.416666666666668,341,5.25,,,5.25,5.75,,False,,,False,
18160083340264393509,14,12,4,"[3, 3, 3, 3]","[[1, 1, 4], [1, 2, 5], [3, 4, 4], [1, 4, 7]]",0.7,1,2,4,2,PP,"[[2, 1], [2, 1], [2, 1], [2, 1]]",8,24,54,0.5555555555555556,0.0038605,20,0.004340159706771374,0.030714988708496094,0.03511403890355635,OPTIMAL,5.25,0.0,np_gurobi_optimal,0.0,429.0,1.6666666666666667,20,15.5,186,5.25,5.75,5.25,5.25,5.75,5.25,True,True,15.5,True,True
18160083340264393509,14,12,4,"[3, 3, 3, 3]","[[1, 1, 4], [1, 2, 5], [3, 4, 4], [1, 4, 7]]",0.7,1,2,4,3,PP,"[[3], [3], [3], [3]]",4,6,54,0.8888888888888888,0.003656,20,0.004161910153925419,0.002516031265258789,0.006737724505465985,OPTIMAL,5.75,0.5,np_gurobi_optimal,0.0,1.0,6.166666666666667,74,20.666666666666668,248,5.25,5.75,5.75,5.25,5.75,5.75,True,True,20.166666666666668,True,True
18160083340264393509,14,12,4,"[3, 3, 3, 3]","[[1, 1, 4], [1, 2, 5], [3, 4, 4], [1, 4, 7]]",0.7,1,2,4,4,PP,"[[3], [3], [3], [3]]",4,6,54,0.8888888888888888,0.0015325,20,0.003788156434893608,0.002714872360229492,0.006554297645897865,OPTIMAL,5.75,0.5,np_gurobi_optimal,0.0,1.0,6.166666666666667,74,23.25,279,5.25,5.75,5.75,5.25,5.75,5.75,True,True,22.75,True,True
18160083340264393509,14,12,4,"[3, 3, 3, 3]","[[1, 1, 4], [1, 2, 5], [3, 4, 4], [1, 4, 7]]",0.7,1,2,4,5,PP,"[[3], [3], [3], [3]]",4,6,54,0.8888888888888888,0.001432,20,0.003570297732949257,0.0025060176849365234,0.00612654033889246,OPTIMAL,5.75,0.5,np_gurobi_optimal,0.0,1.0,6.166666666666667,74,23.25,279,5.25,5.75,5.75,5.25,5.75,5.75,True,True,22.75,True,True
9277860277044042583,15,12,4,"[3, 3, 3, 3]","[[5, 7, 7], [2, 4, 9], [1, 6, 8], [1, 1, 3]]",0.7,1,2,,1,NP,"[[1, 1, 1], [1, 1, 1], [1, 1, 1], [1, 1, 1]]",12,54,54,0.0,0.001938,20,0.005424599163234234,0.11263108253479004,0.118127631872571,OPTIMAL,3.75,0.0,np_gurobi_optimal,0.0,3063.0,0.0,0,0.0,0,3.75,,,3.75,,,False,,,False,
9277860277044042583,15,12,4,"[3, 3, 3, 3]","[[5, 7, 7], [2, 4, 9], [1, 6, 8], [1, 1, 3]]",0.7,1,2,2,,CHP,"[[3], [2, 1], [1, 2], [3]]",6,13,54,0.7592592592592593,0.001958,20,0.005031876266002655,0.005348920822143555,0.010446274081702709,OPTIMAL,3.75,0.0,np_gurobi_optimal,0.0,1.0,2.8333333333333335,34,8.25,99,3.75,,,3.75,3.75,,False,,,False,
9277860277044042583,15,12,4,"[3, 3, 3, 3]","[[5, 7, 7], [2, 4, 9], [1, 6, 8], [1, 1, 3]]",0.7,1,2,2,2,PP,"[[2, 1], [2, 1], [1, 2], [2, 1]]",8,24,54,0.5555555555555556,0.001482,20,0.004345167428255081,0.026475906372070312,0.030877029789037228,OPTIMAL,3.75,0.0,np_gurobi_optimal,0.0,248.0,2.1666666666666665,26,4.5,54,3.75,3.75,3.75,3.75,3.75,3.75,True,True,4.5,True,True
9277860277044042583,15,12,4,"[3, 3, 3, 3]","[[5, 7, 7], [2, 4, 9], [1, 6, 8], [1, 1, 3]]",0.7,1,2,2,3,PP,"[[3], [2, 1], [1, 2], [3]]",6,13,54,0.7592592592592593,0.003601,20,0.004239427857100964,0.0046770572662353516,0.008969792671788693,OPTIMAL,3.75,0.0,np_gurobi_optimal,0.0,1.0,2.8333333333333335,34,6.0,72,3.75,3.75,3.75,3.75,3.75,3.75,True,True,6.0,True,True
9277860277044042583,15,12,4,"[3, 3, 3, 3]","[[5, 7, 7], [2, 4, 9], [1, 6, 8], [1, 1, 3]]",0.7,1,2,2,4,PP,"[[3], [2, 1], [1, 2], [3]]",6,13,54,0.7592592592592593,0.0037555,20,0.004135660827159882,0.004209041595458984,0.008402279054205895,OPTIMAL,3.75,0.0,np_gurobi_optimal,0.0,1.0,2.8333333333333335,34,6.75,81,3.75,3.75,3.75,3.75,3.75,3.75,True,True,6.75,True,True
9277860277044042583,15,12,4,"[3, 3, 3, 3]","[[5, 7, 7], [2, 4, 9], [1, 6, 8], [1, 1, 3]]",0.7,1,2,2,5,PP,"[[3], [2, 1], [1, 2], [3]]",6,13,54,0.7592592592592593,0.001433,20,0.003871532157063484,0.005192995071411133,0.009118163652749539,OPTIMAL,3.75,0.0,np_gurobi_optimal,0.0,1.0,2.8333333333333335,34,6.75,81,3.75,3.75,3.75,3.75,3.75,3.75,True,True,6.75,True,True
9277860277044042583,15,12,4,"[3, 3, 3, 3]","[[5, 7, 7], [2, 4, 9], [1, 6, 8], [1, 1, 3]]",0.7,1,2,3,,CHP,"[[3], [2, 1], [1, 2], [3]]",6,13,54,0.7592592592592593,0.0034705,20,0.004178165458142757,0.005131959915161133,0.00936284700501728,OPTIMAL,3.75,0.0,np_gurobi_optimal,0.0,1.0,2.8333333333333335,34,18.333333333333332,220,3.75,,,3.75,3.75,,False,,,False,
9277860277044042583,15,12,4,"[3, 3, 3, 3]","[[5, 7, 7], [2, 4, 9], [1, 6, 8], [1, 1, 3]]",0.7,1,2,3,2,PP,"[[2, 1], [2, 1], [1, 2], [2, 1]]",8,24,54,0.5555555555555556,0.003696,20,0.004475284367799759,0.02450394630432129,0.02903931266607857,OPTIMAL,3.75,0.0,np_gurobi_optimal,0.0,248.0,2.1666666666666665,26,10.0,120,3.75,3.75,3.75,3.75,3.75,3.75,True,True,10.0,True,True
9277860277044042583,15,12,4,"[3, 3, 3, 3]","[[5, 7, 7], [2, 4, 9], [1, 6, 8], [1, 1, 3]]",0.7,1,2,3,3,PP,"[[3], [2, 1], [1, 2], [3]]",6,13,54,0.7592592592592593,0.001382,20,0.004058674909174442,0.005771160125732422,0.009883910334856033,OPTIMAL,3.75,0.0,np_gurobi_optimal,0.0,1.0,2.8333333333333335,34,13.333333333333334,160,3.75,3.75,3.75,3.75,3.75,3.75,True,True,13.333333333333334,True,True
9277860277044042583,15,12,4,"[3, 3, 3, 3]","[[5, 7, 7], [2, 4, 9], [1, 6, 8], [1, 1, 3]]",0.7,1,2,3,4,PP,"[[3], [2, 1], [1, 2], [3]]",6,13,54,0.7592592592592593,0.001512,20,0.004090473055839539,0.004458904266357422,0.008601020553743363,OPTIMAL,3.75,0.0,np_gurobi_optimal,0.0,1.0,2.8333333333333335,34,15.0,180,3.75,3.75,3.75,3.75,3.75,3.75,True,True,15.0,True,True
9277860277044042583,15,12,4,"[3, 3, 3, 3]","[[5, 7, 7], [2, 4, 9], [1, 6, 8], [1, 1, 3]]",0.7,1,2,3,5,PP,"[[3], [2, 1], [1, 2], [3]]",6,13,54,0.7592592592592593,0.0027995,20,0.004930022172629833,0.0041501522064208984,0.00913466228194189,OPTIMAL,3.75,0.0,np_gurobi_optimal,0.0,1.0,2.8333333333333335,34,15.0,180,3.75,3.75,3.75,3.75,3.75,3.75,True,True,15.0,True,True
9277860277044042583,15,12,4,"[3, 3, 3, 3]","[[5, 7, 7], [2, 4, 9], [1, 6, 8], [1, 1, 3]]",0.7,1,2,4,,CHP,"[[3], [2, 1], [1, 2], [3]]",6,13,54,0.7592592592592593,0.001362,20,0.003703146241605282,0.004338979721069336,0.008092240836810588,OPTIMAL,3.75,0.0,np_gurobi_optimal,0.0,1.0,2.8333333333333335,34,28.416666666666668,341,3.75,,,3.75,3.75,,False,,,False,
9277860277044042583,15,12,4,"[3, 3, 3, 3]","[[5, 7, 7], [2, 4, 9], [1, 6, 8], [1, 1, 3]]",0.7,1,2,4,2,PP,"[[2, 1], [2, 1], [1, 2], [2, 1]]",8,24,54,0.5555555555555556,0.003946,20,0.004710650071501732,0.023426055908203125,0.02819151150550461,OPTIMAL,3.75,0.0,np_gurobi_optimal,0.0,248.0,2.1666666666666665,26,15.5,186,3.75,3.75,3.75,3.75,3.75,3.75,True,True,15.5,True,True
9277860277044042583,15,12,4,"[3, 3, 3, 3]","[[5, 7, 7], [2, 4, 9], [1, 6, 8], [1, 1, 3]]",0.7,1,2,4,3,PP,"[[3], [2, 1], [1, 2], [3]]",6,13,54,0.7592592592592593,0.00373,20,0.0043760547414422035,0.005229949951171875,0.009661527403633595,OPTIMAL,3.75,0.0,np_gurobi_optimal,0.0,1.0,2.8333333333333335,34,20.666666666666668,248,3.75,3.75,3.75,3.75,3.75,3.75,True,True,20.666666666666668,True,True
9277860277044042583,15,12,4,"[3, 3, 3, 3]","[[5, 7, 7], [2, 4, 9], [1, 6, 8], [1, 1, 3]]",0.7,1,2,4,4,PP,"[[3], [2, 1], [1, 2], [3]]",6,13,54,0.7592592592592593,0.001432,20,0.003802558407187462,0.00513911247253418,0.008993723986942292,OPTIMAL,3.75,0.0,np_gurobi_optimal,0.0,1.0,2.8333333333333335,34,23.25,279,3.75,3.75,3.75,3.75,3.75,3.75,True,True,23.25,True,True
9277860277044042583,15,12,4,"[3, 3, 3, 3]","[[5, 7, 7], [2, 4, 9], [1, 6, 8], [1, 1, 3]]",0.7,1,2,4,5,PP,"[[3], [2, 1], [1, 2], [3]]",6,13,54,0.7592592592592593,0.003751,20,0.003987628035247326,0.0050449371337890625,0.009087842521799564,OPTIMAL,3.75,0.0,np_gurobi_optimal,0.0,1.0,2.8333333333333335,34,23.25,279,3.75,3.75,3.75,3.75,3.75,3.75,True,True,23.25,True,True
15444033652512736421,16,12,4,"[3, 3, 3, 3]","[[1, 2, 3], [1, 2, 2], [4, 5, 6], [4, 4, 5]]",0.7,1,2,,1,NP,"[[1, 1, 1], [1, 1, 1], [1, 1, 1], [1, 1, 1]]",12,54,54,0.0,0.002744,20,0.0046579595655202866,0.08107399940490723,0.08578997882787609,OPTIMAL,4.75,0.0,np_gurobi_optimal,0.0,2907.0,0.0,0,0.0,0,4.75,,,4.75,,,False,,,False,
15444033652512736421,16,12,4,"[3, 3, 3, 3]","[[1, 2, 3], [1, 2, 2], [4, 5, 6], [4, 4, 5]]",0.7,1,2,2,,CHP,"[[3], [3], [3], [3]]",4,6,54,0.8888888888888888,0.002043,20,0.004278646782040596,0.0017430782318115234,0.00607758542014885,OPTIMAL,4.75,0.0,np_gurobi_optimal,0.0,1.0,0.0,0,8.25,99,4.75,,,4.75,4.75,,False,,,False,
15444033652512736421,16,12,4,"[3, 3, 3, 3]","[[1, 2, 3], [1, 2, 2], [4, 5, 6], [4, 4, 5]]",0.7,1,2,2,2,PP,"[[2, 1], [2, 1], [2, 1], [2, 1]]",8,24,54,0.5555555555555556,0.001482,20,0.004372097551822662,0.025485992431640625,0.02992013309652281,OPTIMAL,4.75,0.0,np_gurobi_optimal,0.0,318.0,0.0,0,4.5,54,4.75,4.75,4.75,4.75,4.75,4.75,True,True,4.5,True,True
15444033652512736421,16,12,4,"[3, 3, 3, 3]","[[1, 2, 3], [1, 2, 2], [4, 5, 6], [4, 4, 5]]",0.7,1,2,2,3,PP,"[[3], [3], [3], [3]]",4,6,54,0.8888888888888888,0.0015575,20,0.004106886684894562,0.001744985580444336,0.005907413878376484,OPTIMAL,4.75,0.0,np_gurobi_optimal,0.0,1.0,0.0,0,6.0,72,4.75,4.75,4.75,4.75,4.75,4.75,True,True,6.0,True,True
15444033652512736421,16,12,4,"[3, 3, 3, 3]","[[1, 2, 3], [1, 2, 2], [4, 5, 6], [4, 4, 5]]",0.7,1,2,2,4,PP,"[[3], [3], [3], [3]]",4,6,54,0.8888888888888888,0.006565,20,0.004231004975736141,0.0019369125366210938,0.0062262351765060425,OPTIMAL,4.75,0.0,np_gurobi_optimal,0.0,1.0,0.0,0,6.75,81,4.75,4.75,4.75,4.75,4.75,4.75,True,True,6.75,True,True
15444033652512736421,16,12,4,"[3, 3, 3, 3]","[[1, 2, 3], [1, 2, 2], [4, 5, 6], [4, 4, 5]]",0.7,1,2,2,5,PP,"[[3], [3], [3], [3]]",4,6,54,0.8888888888888888,0.0015325,20,0.003922337666153908,0.0017130374908447266,0.0056870658968997,OPTIMAL,4.75,0.0,np_gurobi_optimal,0.0,1.0,0.0,0,6.75,81,4.75,4.75,4.75,4.75,4.75,4.75,True,True,6.75,True,True
15444033652512736421,16,12,4,"[3, 3, 3, 3]","[[1, 2, 3], [1, 2, 2], [4, 5, 6], [4, 4, 5]]",0.7,1,2,3,,CHP,"[[3], [3], [3], [3]]",4,6,54,0.8888888888888888,0.0038455,20,0.004168190062046051,0.0021309852600097656,0.0063580796813445094,OPTIMAL,4.75,0.0,np_gurobi_optimal,0.0,1.0,0.0,0,18.333333333333332,220,4.75,,,4.75,4.75,,False,,,False,
15444033652512736421,16,12,4,"[3, 3, 3, 3]","[[1, 2, 3], [1, 2, 2], [4, 5, 6], [4, 4, 5]]",0.7,1,2,3,2,PP,"[[2, 1], [2, 1], [2, 1], [2, 1]]",8,24,54,0.5555555555555556,0.0015775,20,0.004284395836293697,0.032570838928222656,0.03691527138252497,OPTIMAL,4.75,0.0,np_gurobi_optimal,0.0,318.0,0.0,0,10.0,120,4.75,4.75,4.75,4.75,4.75,4.75,True,True,10.0,True,True
15444033652512736421,16,12,4,"[3, 3, 3, 3]","[[1, 2, 3], [1, 2, 2], [4, 5, 6], [4, 4, 5]]",0.7,1,2,3,3,PP,"[[3], [3], [3], [3]]",4,6,54,0.8888888888888888,0.00366,20,0.004178035072982311,0.001725912094116211,0.005958351208899021,OPTIMAL,4.75,0.0,np_gurobi_optimal,0.0,1.0,0.0,0,13.333333333333334,160,4.75,4.75,4.75,4.75,4.75,4.75,True,True,13.333333333333334,True,True
15444033652512736421,16,12,4,"[3, 3, 3, 3]","[[1, 2, 3], [1, 2, 2], [4, 5, 6], [4, 4, 5]]",0.7,1,2,3,4,PP,"[[3], [3], [3], [3]]",4,6,54,0.8888888888888888,0.0015475,20,0.0039025191217660904,0.0018367767333984375,0.005794523857042789,OPTIMAL,4.75,0.0,np_gurobi_optimal,0.0,1.0,0.0,0,15.0,180,4.75,4.75,4.75,4.75,4.75,4.75,True,True,15.0,True,True
15444033652512736421,16,12,4,"[3, 3, 3, 3]","[[1, 2, 3], [1, 2, 2], [4, 5, 6], [4, 4, 5]]",0.7,1,2,3,5,PP,"[[3], [3], [3], [3]]",4,6,54,0.8888888888888888,0.003926,20,0.004085855558514595,0.0017859935760498047,0.005925826272369384,OPTIMAL,4.75,0.0,np_gurobi_optimal,0.0,1.0,0.0,0,15.0,180,4.75,4.75,4.75,4.75,4.75,4.75,True,True,15.0,True,True
15444033652512736421,16,12,4,"[3, 3, 3, 3]","[[1, 2, 3], [1, 2, 2], [4, 5, 6], [4, 4, 5]]",0.7,1,2,4,,CHP,"[[3], [3], [3], [3]]",4,6,54,0.8888888888888888,0.00347,20,0.003859412856400013,0.0019299983978271484,0.005853292424352169,OPTIMAL,4.75,0.0,np_gurobi_optimal,0.0,1.0,0.0,0,28.416666666666668,341,4.75,,,4.75,4.75,,False,,,False,
15444033652512736421,16,12,4,"[3, 3, 3, 3]","[[1, 2, 3], [1, 2, 2], [4, 5, 6], [4, 4, 5]]",0.7,1,2,4,2,PP,"[[2, 1], [2, 1], [2, 1], [2, 1]]",8,24,54,0.5555555555555556,0.0015725,20,0.004066355526447296,0.025388002395629883,0.02951185634268284,OPTIMAL,4.75,0.0,np_gurobi_optimal,0.0,318.0,0.0,0,15.5,186,4.75,4.75,4.75,4.75,4.75,4.75,True,True,15.5,True,True
15444033652512736421,16,12,4,"[3, 3, 3, 3]","[[1, 2, 3], [1, 2, 2], [4, 5, 6], [4, 4, 5]]",0.7,1,2,4,3,PP,"[[3], [3], [3], [3]]",4,6,54,0.8888888888888888,0.001407,20,0.004001498222351074,0.0017209053039550781,0.005776004637355328,OPTIMAL,4.75,0.0,np_gurobi_optimal,0.0,1.0,0.0,0,20.666666666666668,248,4.75,4.75,4.75,4.75,4.75,4.75,True,True,20.666666666666668,True,True
15444033652512736421,16,12,4,"[3, 3, 3, 3]","[[1, 2, 3], [1, 2, 2], [4, 5, 6], [4, 4, 5]]",0.7,1,2,4,4,PP,"[[3], [3], [3], [3]]",4,6,54,0.8888888888888888,0.001467,20,0.0038155270740389824,0.0019428730010986328,0.005811749193124294,OPTIMAL,4.75,0.0,np_gurobi_optimal,0.0,1.0,0.0,0,23.25,279,4.75,4.75,4.75,4.75,4.75,4.75,True,True,23.25,True,True
15444033652512736421,16,12,4,"[3, 3, 3, 3]","[[1, 2, 3], [1, 2, 2], [4, 5, 6], [4, 4, 5]]",0.7,1,2,4,5,PP,"[[3], [3], [3], [3]]",4,6,54,0.8888888888888888,0.0015275,20,0.003795546479523182,0.0024251937866210938,0.006277051885273457,OPTIMAL,4.75,0.0,np_gurobi_optimal,0.0,1.0,0.0,0,23.25,279,4.75,4.75,4.75,4.75,4.75,4.75,True,True,23.25,True,True
10723919958728013893,17,12,4,"[3, 3, 3, 3]","[[0, 0, 2], [0, 1, 1], [1, 1, 1], [4, 5, 8]]",0.7,1,2,,1,NP,"[[1, 1, 1], [1, 1, 1], [1, 1, 1], [1, 1, 1]]",12,54,54,0.0,0.0011415,20,0.004972415044903755,0.165632963180542,0.1706678789819517,OPTIMAL,5.0,0.0,np_gurobi_optimal,0.0,4253.0,0.0,0,0.0,0,5.0,,,5.0,,,False,,,False,
10723919958728013893,17,12,4,"[3, 3, 3, 3]","[[0, 0, 2], [0, 1, 1], [1, 1, 1], [4, 5, 8]]",0.7,1,2,2,,CHP,"[[3], [3], [3], [2, 1]]",5,9,54,0.8333333333333334,0.0024285,20,0.0057340357452631,0.0034019947052001953,0.009193660302105904,OPTIMAL,5.0,0.0,np_gurobi_optimal,0.0,1.0,0.6666666666666666,8,8.25,99,5.0,,,5.0,5.0,,False,,,False,
10723919958728013893,17,12,4,"[3, 3, 3, 3]","[[0, 0, 2], [0, 1, 1], [1, 1, 1], [4, 5, 8]]",0.7,1,2,2,2,PP,"[[2, 1], [2, 1], [2, 1], [2, 1]]",8,24,54,0.5555555555555556,0.001518,20,0.00507610198110342,0.029404163360595703,0.03454660153024721,OPTIMAL,5.0,0.0,np_gurobi_optimal,0.0,285.0,0.0,0,4.5,54,5.0,5.0,5.0,5.0,5.0,5.0,True,True,4.5,True,True
10723919958728013893,17,12,4,"[3, 3, 3, 3]","[[0, 0, 2], [0, 1, 1], [1, 1, 1], [4, 5, 8]]",0.7,1,2,2,3,PP,"[[3], [3], [3], [2, 1]]",5,9,54,0.8333333333333334,0.001437,20,0.004225506447255611,0.0027611255645751953,0.007039153917693615,OPTIMAL,5.0,0.0,np_gurobi_optimal,0.0,1.0,0.6666666666666666,8,6.0,72,5.0,5.0,5.0,5.0,5.0,5.0,True,True,6.0,True,True
10723919958728013893,17,12,4,"[3, 3, 3, 3]","[[0, 0, 2], [0, 1, 1], [1, 1, 1], [4, 5, 8]]",0.7,1,2,2,4,PP,"[[3], [3], [3], [2, 1]]",5,9,54,0.8333333333333334,0.0035455,20,0.004161580465734005,0.0024161338806152344,0.006639195561070919,OPTIMAL,5.0,0.0,np_gurobi_optimal,0.0,1.0,0.6666666666666666,8,6.75,81,5.0,5.0,5.0,5.0,5.0,5.0,True,True,6.75,True,True
10723919958728013893,17,12,4,"[3, 3, 3, 3]","[[0, 0, 2], [0, 1, 1], [1, 1, 1], [4, 5, 8]]",0.7,1,2,2,5,PP,"[[3], [3], [3], [2, 1]]",5,9,54,0.8333333333333334,0.002083,20,0.004553551785647869,0.002949953079223633,0.007559024360235214,OPTIMAL,5.0,0.0,np_gurobi_optimal,0.0,1.0,0.6666666666666666,8,6.75,81,5.0,5.0,5.0,5.0,5.0,5.0,True,True,6.75,True,True
10723919958728013893,17,12,4,"[3, 3, 3, 3]","[[0, 0, 2], [0, 1, 1], [1, 1, 1], [4, 5, 8]]",0.7,1,2,3,,CHP,"[[3], [3], [3], [3]]",4,6,54,0.8888888888888888,0.0019125,20,0.0039702607318758965,0.0017859935760498047,0.005813105526602269,OPTIMAL,5.0,0.0,np_gurobi_optimal,0.0,1.0,2.1666666666666665,26,18.333333333333332,220,5.0,,,5.0,5.0,,False,,,False,
10723919958728013893,17,12,4,"[3, 3, 3, 3]","[[0, 0, 2], [0, 1, 1], [1, 1, 1], [4, 5, 8]]",0.7,1,2,3,2,PP,"[[2, 1], [2, 1], [2, 1], [2, 1]]",8,24,54,0.5555555555555556,0.001437,20,0.004720315337181091,0.02879810333251953,0.03357408192660761,OPTIMAL,5.0,0.0,np_gurobi_optimal,0.0,285.0,0.0,0,10.0,120,5.0,5.0,5.0,5.0,5.0,5.0,True,True,10.0,True,True
10723919958728013893,17,12,4,"[3, 3, 3, 3]","[[0, 0, 2], [0, 1, 1], [1, 1, 1], [4, 5, 8]]",0.7,1,2,3,3,PP,"[[3], [3], [3], [3]]",4,6,54,0.8888888888888888,0.001482,20,0.004124403931200504,0.001911163330078125,0.006088091326303005,OPTIMAL,5.0,0.0,np_gurobi_optimal,0.0,1.0,2.1666666666666665,26,13.333333333333334,160,5.0,5.0,5.0,5.0,5.0,5.0,True,True,13.333333333333334,True,True
10723919958728013893,17,12,4,"[3, 3, 3, 3]","[[0, 0, 2], [0, 1, 1], [1, 1, 1], [4, 5, 8]]",0.7,1,2,3,4,PP,"[[3], [3], [3], [3]]",4,6,54,0.8888888888888888,0.0015275,20,0.003872772678732872,0.0016360282897949219,0.005560399164106846,OPTIMAL,5.0,0.0,np_gurobi_optimal,0.0,1.0,2.1666666666666665,26,15.0,180,5.0,5.0,5.0,5.0,5.0,5.0,True,True,15.0,True,True
10723919958728013893,17,12,4,"[3, 3, 3, 3]","[[0, 0, 2], [0, 1, 1], [1, 1, 1], [4, 5, 8]]",0.7,1,2,3,5,PP,"[[3], [3], [3], [3]]",4,6,54,0.8888888888888888,0.0034955,20,0.0038827089592814445,0.0015950202941894531,0.005531190209599018,OPTIMAL,5.0,0.0,np_gurobi_optimal,0.0,1.0,2.1666666666666665,26,15.0,180,5.0,5.0,5.0,5.0,5.0,5.0,True,True,15.0,True,True
10723919958728013893,17,12,4,"[3, 3, 3, 3]","[[0, 0, 2], [0, 1, 1], [1, 1, 1], [4, 5, 8]]",0.7,1,2,4,,CHP,"[[3], [3], [3], [3]]",4,6,54,0.8888888888888888,0.001398,20,0.003639812581241131,0.0019130706787109375,0.005603155206022739,OPTIMAL,5.0,0.0,np_gurobi_optimal,0.0,1.0,2.1666666666666665,26,28.416666666666668,341,5.0,,,5.0,5.0,,False,,,False,
10723919958728013893,17,12,4,"[3, 3, 3, 3]","[[0, 0, 2], [0, 1, 1], [1, 1, 1], [4, 5, 8]]",0.7,1,2,4,2,PP,"[[2, 1], [2, 1], [2, 1], [2, 1]]",8,24,54,0.5555555555555556,0.0035305,20,0.004599612206220627,0.030179977416992188,0.03483407557523775,OPTIMAL,5.0,0.0,np_gurobi_optimal,0.0,285.0,0.0,0,15.5,186,5.0,5.0,5.0,5.0,5.0,5.0,True,True,15.5,True,True
10723919958728013893,17,12,4,"[3, 3, 3, 3]","[[0, 0, 2], [0, 1, 1], [1, 1, 1], [4, 5, 8]]",0.7,1,2,4,3,PP,"[[3], [3], [3], [3]]",4,6,54,0.8888888888888888,0.0037955,20,0.004662476480007172,0.002357006072998047,0.007090426410634994,OPTIMAL,5.0,0.0,np_gurobi_optimal,0.0,1.0,2.1666666666666665,26,20.666666666666668,248,5.0,5.0,5.0,5.0,5.0,5.0,True,True,20.666666666666668,True,True
10723919958728013893,17,12,4,"[3, 3, 3, 3]","[[0, 0, 2], [0, 1, 1], [1, 1, 1], [4, 5, 8]]",0.7,1,2,4,4,PP,"[[3], [3], [3], [3]]",4,6,54,0.8888888888888888,0.001968,20,0.0041935378685593605,0.002288818359375,0.006536974687045097,OPTIMAL,5.0,0.0,np_gurobi_optimal,0.0,1.0,2.1666666666666665,26,23.25,279,5.0,5.0,5.0,5.0,5.0,5.0,True,True,23.25,True,True
10723919958728013893,17,12,4,"[3, 3, 3, 3]","[[0, 0, 2], [0, 1, 1], [1, 1, 1], [4, 5, 8]]",0.7,1,2,4,5,PP,"[[3], [3], [3], [3]]",4,6,54,0.8888888888888888,0.001407,20,0.0037889163941144943,0.002012014389038086,0.005854785213942051,OPTIMAL,5.0,0.0,np_gurobi_optimal,0.0,1.0,2.1666666666666665,26,23.25,279,5.0,5.0,5.0,5.0,5.0,5.0,True,True,23.25,True,True
14472850475663855420,18,12,4,"[3, 3, 3, 3]","[[2, 4, 7], [2, 6, 8], [4, 5, 5], [5, 6, 6]]",0.7,1,2,,1,NP,"[[1, 1, 1], [1, 1, 1], [1, 1, 1], [1, 1, 1]]",12,54,54,0.0,0.0012015,20,0.004836730659008026,0.17592215538024902,0.1808231893003001,OPTIMAL,4.666666666666667,0.0,np_gurobi_optimal,0.0,7056.0,0.0,0,0.0,0,4.666666666666667,,,4.666666666666667,,,False,,,False,
14472850475663855420,18,12,4,"[3, 3, 3, 3]","[[2, 4, 7], [2, 6, 8], [4, 5, 5], [5, 6, 6]]",0.7,1,2,2,,CHP,"[[2, 1], [1, 2], [3], [3]]",6,13,54,0.7592592592592593,0.0024235,20,0.0049356501549482346,0.005732059478759766,0.010727034149049281,OPTIMAL,4.666666666666667,0.0,np_gurobi_optimal,0.0,1.0,1.4166666666666667,17,8.25,99,4.666666666666667,,,4.666666666666667,4.666666666666667,,False,,,False,
14472850475663855420,18,12,4,"[3, 3, 3, 3]","[[2, 4, 7], [2, 6, 8], [4, 5, 5], [5, 6, 6]]",0.7,1,2,2,2,PP,"[[2, 1], [1, 2], [2, 1], [2, 1]]",8,24,54,0.5555555555555556,0.001492,20,0.004399680532515049,0.02045416831970215,0.024907385951654433,OPTIMAL,4.666666666666667,0.0,np_gurobi_optimal,0.0,209.0,1.4166666666666667,17,4.5,54,4.666666666666667,4.666666666666667,4.666666666666667,4.666666666666667,4.666666666666667,4.666666666666667,True,True,4.5,True,True
14472850475663855420,18,12,4,"[3, 3, 3, 3]","[[2, 4, 7], [2, 6, 8], [4, 5, 5], [5, 6, 6]]",0.7,1,2,2,3,PP,"[[2, 1], [1, 2], [3], [3]]",6,13,54,0.7592592592592593,0.0015425,20,0.004446601495146751,0.005686044692993164,0.010188058248500824,OPTIMAL,4.666666666666667,0.0,np_gurobi_optimal,0.0,1.0,1.4166666666666667,17,6.0,72,4.666666666666667,4.666666666666667,4.666666666666667,4.666666666666667,4.666666666666667,4.666666666666667,True,True,6.0,True,True
14472850475663855420,18,12,4,"[3, 3, 3, 3]","[[2, 4, 7], [2, 6, 8], [4, 5, 5], [5, 6, 6]]",0.7,1,2,2,4,PP,"[[2, 1], [1, 2], [3], [3]]",6,13,54,0.7592592592592593,0.0014125,20,0.004083181731402874,0.0058078765869140625,0.009942998793280125,OPTIMAL,4.666666666666667,0.0,np_gurobi_optimal,0.0,1.0,1.4166666666666667,17,6.75,81,4.666666666666667,4.666666666666667,4.666666666666667,4.666666666666667,4.666666666666667,4.666666666666667,True,True,6.75,True,True
14472850475663855420,18,12,4,"[3, 3, 3, 3]","[[2, 4, 7], [2, 6, 8], [4, 5, 5], [5, 6, 6]]",0.7,1,2,2,5,PP,"[[2, 1], [1, 2], [3], [3]]",6,13,54,0.7592592592592593,0.0035305,20,0.004561224021017551,0.005928993225097656,0.010543180485730648,OPTIMAL,4.666666666666667,0.0,np_gurobi_optimal,0.0,1.0,1.4166666666666667,17,6.75,81,4.666666666666667,4.666666666666667,4.666666666666667,4.666666666666667,4.666666666666667,4.666666666666667,True,True,6.75,True,True
14472850475663855420,18,12,4,"[3, 3, 3, 3]","[[2, 4, 7], [2, 6, 8], [4, 5, 5], [5, 6, 6]]",0.7,1,2,3,,CHP,"[[3], [1, 2], [3], [3]]",5,9,54,0.8333333333333334,0.003355,20,0.004201601259410381,0.003820180892944336,0.008075366172771454,OPTIMAL,4.666666666666667,0.0,np_gurobi_optimal,0.0,1.0,2.9166666666666665,35,18.333333333333332,220,4.666666666666667,,,4.666666666666667,4.666666666666667,,False,,,False,
14472850475663855420,18,12,4,"[3, 3, 3, 3]","[[2, 4, 7], [2, 6, 8], [4, 5, 5], [5, 6, 6]]",0.7,1,2,3,2,PP,"[[2, 1], [1, 2], [2, 1], [2, 1]]",8,24,54,0.5555555555555556,0.0015525,20,0.004407932050526142,0.02091383934020996,0.025381122701039316,OPTIMAL,4.666666666666667,0.0,np_gurobi_optimal,0.0,209.0,1.4166666666666667,17,10.0,120,4.666666666666667,4.666666666666667,4.666666666666667,4.666666666666667,4.666666666666667,4.666666666666667,True,True,10.0,True,True
14472850475663855420,18,12,4,"[3, 3, 3, 3]","[[2, 4, 7], [2, 6, 8], [4, 5, 5], [5, 6, 6]]",0.7,1,2,3,3,PP,"[[3], [1, 2], [3], [3]]",5,9,54,0.8333333333333334,0.0037455,20,0.004511117935180664,0.0036749839782714844,0.008248707000167846,OPTIMAL,4.666666666666667,0.0,np_gurobi_optimal,0.0,1.0,2.9166666666666665,35,13.333333333333334,160,4.666666666666667,4.666666666666667,4.666666666666667,4.666666666666667,4.666666666666667,4.666666666666667,True,True,13.333333333333334,True,True
14472850475663855420,18,12,4,"[3, 3, 3, 3]","[[2, 4, 7], [2, 6, 8], [4, 5, 5], [5, 6, 6]]",0.7,1,2,3,4,PP,"[[3], [1, 2], [3], [3]]",5,9,54,0.8333333333333334,0.001507,20,0.004238867200911045,0.004586935043334961,0.008881049350769043,OPTIMAL,4.666666666666667,0.0,np_gurobi_optimal,0.0,1.0,2.9166666666666665,35,15.0,180,4.666666666666667,4.666666666666667,4.666666666666667,4.666666666666667,4.666666666666667,4.666666666666667,True,True,15.0,True,True
14472850475663855420,18,12,4,"[3, 3, 3, 3]","[[2, 4, 7], [2, 6, 8], [4, 5, 5], [5, 6, 6]]",0.7,1,2,3,5,PP,"[[3], [1, 2], [3], [3]]",5,9,54,0.8333333333333334,0.001502,20,0.0042267488315701485,0.004739046096801758,0.009020974636282444,OPTIMAL,4.666666666666667,0.0,np_gurobi_optimal,0.0,1.0,2.9166666666666665,35,15.0,180,4.666666666666667,4.666666666666667,4.666666666666667,4.666666666666667,4.666666666666667,4.666666666666667,True,True,15.0,True,True
14472850475663855420,18,12,4,"[3, 3, 3, 3]","[[2, 4, 7], [2, 6, 8], [4, 5, 5], [5, 6, 6]]",0.7,1,2,4,,CHP,"[[3], [3], [3], [3]]",4,6,54,0.8888888888888888,0.00348,20,0.003967686556279659,0.003459930419921875,0.007482723911802769,OPTIMAL,6.0,1.333333333333333,np_gurobi_optimal,0.0,1.0,5.5,66,28.416666666666668,341,4.666666666666667,,,4.666666666666667,6.0,,False,,,False,
14472850475663855420,18,12,4,"[3, 3, 3, 3]","[[2, 4, 7], [2, 6, 8], [4, 5, 5], [5, 6, 6]]",0.7,1,2,4,2,PP,"[[2, 1], [2, 1], [2, 1], [2, 1]]",8,24,54,0.5555555555555556,0.001523,20,0.004206568002700806,0.0269320011138916,0.03118966269194889,OPTIMAL,5.25,0.583333333333333,np_gurobi_optimal,0.0,294.0,3.3333333333333335,40,15.5,186,4.666666666666667,6.0,5.25,4.666666666666667,6.0,5.25,True,True,14.916666666666668,True,True
14472850475663855420,18,12,4,"[3, 3, 3, 3]","[[2, 4, 7], [2, 6, 8], [4, 5, 5], [5, 6, 6]]",0.7,1,2,4,3,PP,"[[3], [3], [3], [3]]",4,6,54,0.8888888888888888,0.001377,20,0.0038673467934131622,0.0032231807708740234,0.007141910067286015,OPTIMAL,6.0,1.333333333333333,np_gurobi_optimal,0.0,1.0,5.5,66,20.666666666666668,248,4.666666666666667,6.0,6.0,4.666666666666667,6.0,6.0,True,True,19.333333333333336,True,True
14472850475663855420,18,12,4,"[3, 3, 3, 3]","[[2, 4, 7], [2, 6, 8], [4, 5, 5], [5, 6, 6]]",0.7,1,2,4,4,PP,"[[3], [3], [3], [3]]",4,6,54,0.8888888888888888,0.001452,20,0.0038151564076542854,0.002953052520751953,0.006822511621870518,OPTIMAL,6.0,1.333333333333333,np_gurobi_optimal,0.0,1.0,5.5,66,23.25,279,4.666666666666667,6.0,6.0,4.666666666666667,6.0,6.0,True,True,21.916666666666668,True,True
14472850475663855420,18,12,4,"[3, 3, 3, 3]","[[2, 4, 7], [2, 6, 8], [4, 5, 5], [5, 6, 6]]",0.7,1,2,4,5,PP,"[[3], [3], [3], [3]]",4,6,54,0.8888888888888888,0.0015025,20,0.0037999125197529793,0.002866983413696289,0.006716802061619759,OPTIMAL,6.0,1.333333333333333,np_gurobi_optimal,0.0,1.0,5.5,66,23.25,279,4.666666666666667,6.0,6.0,4.666666666666667,6.0,6.0,True,True,21.916666666666668,True,True
8043643523164548848,19,12,4,"[3, 3, 3, 3]","[[9, 9, 9], [7, 8, 11], [3, 3, 3], [7, 7, 7]]",0.7,1,2,,1,NP,"[[1, 1, 1], [1, 1, 1], [1, 1, 1], [1, 1, 1]]",12,54,54,0.0,0.001202,20,0.004861628636717796,0.06014299392700195,0.06505737233690215,OPTIMAL,3.0833333333333335,0.0,np_gurobi_optimal,0.0,230.0,0.0,0,0.0,0,3.0833333333333335,,,3.0833333333333335,,,False,,,False,
8043643523164548848,19,12,4,"[3, 3, 3, 3]","[[9, 9, 9], [7, 8, 11], [3, 3, 3], [7, 7, 7]]",0.7,1,2,2,,CHP,"[[3], [2, 1], [3], [3]]",5,9,54,0.8333333333333334,0.001437,20,0.003925652243196964,0.0027458667755126953,0.006724257922732353,OPTIMAL,3.0833333333333335,0.0,np_gurobi_optimal,0.0,1.0,0.0,0,8.25,99,3.0833333333333335,,,3.0833333333333335,3.0833333333333335,,False,,,False,
8043643523164548848,19,12,4,"[3, 3, 3, 3]","[[9, 9, 9], [7, 8, 11], [3, 3, 3], [7, 7, 7]]",0.7,1,2,2,2,PP,"[[2, 1], [2, 1], [2, 1], [2, 1]]",8,24,54,0.5555555555555556,0.0014675,20,0.004195241257548332,0.009071111679077148,0.013321440402536392,OPTIMAL,3.0833333333333335,0.0,np_gurobi_optimal,0.0,1.0,0.0,0,4.5,54,3.0833333333333335,3.0833333333333335,3.0833333333333335,3.0833333333333335,3.0833333333333335,3.0833333333333335,True,True,4.5,True,True
8043643523164548848,19,12,4,"[3, 3, 3, 3]","[[9, 9, 9], [7, 8, 11], [3, 3, 3], [7, 7, 7]]",0.7,1,2,2,3,PP,"[[3], [2, 1], [3], [3]]",5,9,54,0.8333333333333334,0.001407,20,0.0038939062505960464,0.002665996551513672,0.006615805211240769,OPTIMAL,3.0833333333333335,0.0,np_gurobi_optimal,0.0,1.0,0.0,0,6.0,72,3.0833333333333335,3.0833333333333335,3.0833333333333335,3.0833333333333335,3.0833333333333335,3.0833333333333335,True,True,6.0,True,True
8043643523164548848,19,12,4,"[3, 3, 3, 3]","[[9, 9, 9], [7, 8, 11], [3, 3, 3], [7, 7, 7]]",0.7,1,2,2,4,PP,"[[3], [2, 1], [3], [3]]",5,9,54,0.8333333333333334,0.001392,20,0.003919023089110851,0.002521991729736328,0.006493894987384796,OPTIMAL,3.0833333333333335,0.0,np_gurobi_optimal,0.0,1.0,0.0,0,6.75,81,3.0833333333333335,3.0833333333333335,3.0833333333333335,3.0833333333333335,3.0833333333333335,3.0833333333333335,True,True,6.75,True,True
8043643523164548848,19,12,4,"[3, 3, 3, 3]","[[9, 9, 9], [7, 8, 11], [3, 3, 3], [7, 7, 7]]",0.7,1,2,2,5,PP,"[[3], [2, 1], [3], [3]]",5,9,54,0.8333333333333334,0.002038,20,0.005569307133555412,0.003281116485595703,0.008939256226492404,OPTIMAL,3.0833333333333335,0.0,np_gurobi_optimal,0.0,1.0,0.0,0,6.75,81,3.0833333333333335,3.0833333333333335,3.0833333333333335,3.0833333333333335,3.0833333333333335,3.0833333333333335,True,True,6.75,True,True
8043643523164548848,19,12,4,"[3, 3, 3, 3]","[[9, 9, 9], [7, 8, 11], [3, 3, 3], [7, 7, 7]]",0.7,1,2,3,,CHP,"[[3], [3], [3], [3]]",4,6,54,0.8888888888888888,0.0018725,20,0.005140138790011406,0.002434968948364258,0.0076462259344434735,OPTIMAL,3.0833333333333335,0.0,np_gurobi_optimal,0.0,1.0,1.5,18,18.333333333333332,220,3.0833333333333335,,,3.0833333333333335,3.0833333333333335,,False,,,False,
8043643523164548848,19,12,4,"[3, 3, 3, 3]","[[9, 9, 9], [7, 8, 11], [3, 3, 3], [7, 7, 7]]",0.7,1,2,3,2,PP,"[[2, 1], [2, 1], [2, 1], [2, 1]]",8,24,54,0.5555555555555556,0.0023785,20,0.00612602848559618,0.008053779602050781,0.01425640368361807,OPTIMAL,3.0833333333333335,0.0,np_gurobi_optimal,0.0,1.0,0.0,0,10.0,120,3.0833333333333335,3.0833333333333335,3.0833333333333335,3.0833333333333335,3.0833333333333335,3.0833333333333335,True,True,10.0,True,True
8043643523164548848,19,12,4,"[3, 3, 3, 3]","[[9, 9, 9], [7, 8, 11], [3, 3, 3], [7, 7, 7]]",0.7,1,2,3,3,PP,"[[3], [3], [3], [3]]",4,6,54,0.8888888888888888,0.001412,20,0.004113327711820602,0.0015308856964111328,0.005698142688214302,OPTIMAL,3.0833333333333335,0.0,np_gurobi_optimal,0.0,1.0,1.5,18,13.333333333333334,160,3.0833333333333335,3.0833333333333335,3.0833333333333335,3.0833333333333335,3.0833333333333335,3.0833333333333335,True,True,13.333333333333334,True,True
8043643523164548848,19,12,4,"[3, 3, 3, 3]","[[9, 9, 9], [7, 8, 11], [3, 3, 3], [7, 7, 7]]",0.7,1,2,3,4,PP,"[[3], [3], [3], [3]]",4,6,54,0.8888888888888888,0.001477,20,0.004481113515794277,0.0015990734100341797,0.006135919053735256,OPTIMAL,3.0833333333333335,0.0,np_gurobi_optimal,0.0,1.0,1.5,18,15.0,180,3.0833333333333335,3.0833333333333335,3.0833333333333335,3.0833333333333335,3.0833333333333335,3.0833333333333335,True,True,15.0,True,True
8043643523164548848,19,12,4,"[3, 3, 3, 3]","[[9, 9, 9], [7, 8, 11], [3, 3, 3], [7, 7, 7]]",0.7,1,2,3,5,PP,"[[3], [3], [3], [3]]",4,6,54,0.8888888888888888,0.003816,20,0.0042943209409713745,0.0016090869903564453,0.0059606092039499285,OPTIMAL,3.0833333333333335,0.0,np_gurobi_optimal,0.0,1.0,1.5,18,15.0,180,3.0833333333333335,3.0833333333333335,3.0833333333333335,3.0833333333333335,3.0833333333333335,3.0833333333333335,True,True,15.0,True,True
8043643523164548848,19,12,4,"[3, 3, 3, 3]","[[9, 9, 9], [7, 8, 11], [3, 3, 3], [7, 7, 7]]",0.7,1,2,4,,CHP,"[[3], [3], [3], [3]]",4,6,54,0.8888888888888888,0.003891,20,0.004172716289758682,0.0015270709991455078,0.005754792997089386,OPTIMAL,3.0833333333333335,0.0,np_gurobi_optimal,0.0,1.0,1.5,18,28.416666666666668,341,3.0833333333333335,,,3.0833333333333335,3.0833333333333335,,False,,,False,
8043643523164548848,19,12,4,"[3, 3, 3, 3]","[[9, 9, 9], [7, 8, 11], [3, 3, 3], [7, 7, 7]]",0.7,1,2,4,2,PP,"[[2, 1], [2, 1], [2, 1], [2, 1]]",8,24,54,0.5555555555555556,0.004021,20,0.004433962516486645,0.009168148040771484,0.013658890049787521,OPTIMAL,3.0833333333333335,0.0,np_gurobi_optimal,0.0,1.0,0.0,0,15.5,186,3.0833333333333335,3.0833333333333335,3.0833333333333335,3.0833333333333335,3.0833333333333335,3.0833333333333335,True,True,15.5,True,True
8043643523164548848,19,12,4,"[3, 3, 3, 3]","[[9, 9, 9], [7, 8, 11], [3, 3, 3], [7, 7, 7]]",0.7,1,2,4,3,PP,"[[3], [3], [3], [3]]",4,6,54,0.8888888888888888,0.0014575,20,0.00419961754232645,0.001817941665649414,0.0060746278415513034,OPTIMAL,3.0833333333333335,0.0,np_gurobi_optimal,0.0,1.0,1.5,18,20.666666666666668,248,3.0833333333333335,3.0833333333333335,3.0833333333333335,3.0833333333333335,3.0833333333333335,3.0833333333333335,True,True,20.666666666666668,True,True
8043643523164548848,19,12,4,"[3, 3, 3, 3]","[[9, 9, 9], [7, 8, 11], [3, 3, 3], [7, 7, 7]]",0.7,1,2,4,4,PP,"[[3], [3], [3], [3]]",4,6,54,0.8888888888888888,0.002063,20,0.005105717107653618,0.0020029544830322266,0.007187503510511398,OPTIMAL,3.0833333333333335,0.0,np_gurobi_optimal,0.0,1.0,1.5,18,23.25,279,3.0833333333333335,3.0833333333333335,3.0833333333333335,3.0833333333333335,3.0833333333333335,3.0833333333333335,True,True,23.25,True,True
8043643523164548848,19,12,4,"[3, 3, 3, 3]","[[9, 9, 9], [7, 8, 11], [3, 3, 3], [7, 7, 7]]",0.7,1,2,4,5,PP,"[[3], [3], [3], [3]]",4,6,54,0.8888888888888888,0.002714,20,0.00595461018383503,0.002084016799926758,0.008122085719658374,OPTIMAL,3.0833333333333335,0.0,np_gurobi_optimal,0.0,1.0,1.5,18,23.25,279,3.0833333333333335,3.0833333333333335,3.0833333333333335,3.0833333333333335,3.0833333333333335,3.0833333333333335,True,True,23.25,True,True
