instance_id,seed,replication,N,L,counts,releases,lambda,arrival_rate,total_arrival_rate,per_approach_arrival_rate,h_F,h_S,method,run_role,threshold,delta,max_platoon_size,Pmax,partition,number_of_platoons,ordering_variable_count,vehicle_level_ordering_variable_count,dimension_reduction_ratio,formation_time_ms,formation_repetitions,partition_specific_upper_bound,scaled_partition_specific_upper_bound,rule_level_upper_bound,scaled_rule_level_upper_bound,time_limit_s,threads,status,objective,objective_total_delay,best_bound,terminal_mip_gap,solve_time_s,model_construction_time_s,end_to_end_time_s,node_count,time_to_first_feasible_s,sol_count,np_status,np_objective,np_terminal_mip_gap,np_solve_time_s,np_optimal_objective,np_optimal_source,matching_chp_objective,pp_optimal_objective,actual_optimality_gap,bound_check_available,bound_slack,bound_valid,delay_order_check_available,np_pp_chp_delay_order_holds
N20_lambda0p5_rep000_seed810262021606489046,810262021606489046,0,20,4,"[5, 5, 5, 5]","[[5, 9, 10, 23, 25], [14, 17, 30, 45, 52], [4, 5, 6, 6, 11], [4, 12, 20, 27, 34]]",0.5,0.5,0.5,0.125,1,3,PP,uniform_600s,2,2,2,2,"[[1, 2, 2], [1, 1, 1, 1, 1], [2, 2, 1], [1, 1, 1, 1, 1]]",16,94,150,0.3733333333333333,0.001968,20,0.6,12,7.5,150,600.0,12,OPTIMAL,3.35,67.0,67.0,0.0,0.1579570770263672,0.006212770007550716,0.16423760738587903,1660.0,0.0012099742889404297,10,OPTIMAL,3.35,0.0,0.43045997619628906,3.35,uniform_600s,3.35,3.35,0.0,True,7.5,True,True,True
N20_lambda0p5_rep000_seed810262021606489046,810262021606489046,0,20,4,"[5, 5, 5, 5]","[[5, 9, 10, 23, 25], [14, 17, 30, 45, 52], [4, 5, 6, 6, 11], [4, 12, 20, 27, 34]]",0.5,0.5,0.5,0.125,1,3,PP,uniform_600s,2,2,4,4,"[[1, 2, 2], [1, 1, 1, 1, 1], [4, 1], [1, 1, 1, 1, 1]]",15,81,150,0.45999999999999996,0.0018675,20,0.6,12,11.25,225,600.0,12,OPTIMAL,3.35,67.0,66.99999999999937,0.0,0.07497906684875488,0.006062704138457775,0.08111291584824801,980.0,0.0001881122589111328,10,OPTIMAL,3.35,0.0,0.43045997619628906,3.35,uniform_600s,3.35,3.35,0.0,True,11.25,True,True,True
N20_lambda0p5_rep000_seed810262021606489046,810262021606489046,0,20,4,"[5, 5, 5, 5]","[[5, 9, 10, 23, 25], [14, 17, 30, 45, 52], [4, 5, 6, 6, 11], [4, 12, 20, 27, 34]]",0.5,0.5,0.5,0.125,1,3,PP,uniform_600s,2,2,6,6,"[[1, 2, 2], [1, 1, 1, 1, 1], [4, 1], [1, 1, 1, 1, 1]]",15,81,150,0.45999999999999996,0.0029595,20,0.6,12,12.0,240,600.0,12,OPTIMAL,3.35,67.0,66.99999999999937,0.0,0.08673214912414551,0.008642083033919334,0.09547149924461555,980.0,0.00028896331787109375,10,OPTIMAL,3.35,0.0,0.43045997619628906,3.35,uniform_600s,3.35,3.35,0.0,True,12.0,True,True,True
N20_lambda0p5_rep000_seed810262021606489046,810262021606489046,0,20,4,"[5, 5, 5, 5]","[[5, 9, 10, 23, 25], [14, 17, 30, 45, 52], [4, 5, 6, 6, 11], [4, 12, 20, 27, 34]]",0.5,0.5,0.5,0.125,1,3,PP,uniform_600s,2,2,8,8,"[[1, 2, 2], [1, 1, 1, 1, 1], [4, 1], [1, 1, 1, 1, 1]]",15,81,150,0.45999999999999996,0.002534,20,0.6,12,12.75,255,600.0,12,OPTIMAL,3.35,67.0,66.99999999999937,0.0,0.08477091789245605,0.008851779624819756,0.09372183947058582,980.0,0.0002849102020263672,10,OPTIMAL,3.35,0.0,0.43045997619628906,3.35,uniform_600s,3.35,3.35,0.0,True,12.75,True,True,True
N20_lambda0p5_rep000_seed810262021606489046,810262021606489046,0,20,4,"[5, 5, 5, 5]","[[5, 9, 10, 23, 25], [14, 17, 30, 45, 52], [4, 5, 6, 6, 11], [4, 12, 20, 27, 34]]",0.5,0.5,0.5,0.125,1,3,PP,uniform_600s,4,4,2,2,"[[2, 1, 2], [2, 1, 1, 1], [2, 2, 1], [1, 1, 1, 1, 1]]",15,83,150,0.44666666666666666,0.001848,20,4.95,99,26.5,530,600.0,12,OPTIMAL,3.35,67.0,67.0,0.0,0.13424181938171387,0.0061350734904408455,0.14045145667613554,639.0,0.0001919269561767578,7,OPTIMAL,3.35,0.0,0.43045997619628906,3.35,uniform_600s,3.35,3.35,0.0,True,26.5,True,True,True
N20_lambda0p5_rep000_seed810262021606489046,810262021606489046,0,20,4,"[5, 5, 5, 5]","[[5, 9, 10, 23, 25], [14, 17, 30, 45, 52], [4, 5, 6, 6, 11], [4, 12, 20, 27, 34]]",0.5,0.5,0.5,0.125,1,3,PP,uniform_600s,4,4,4,4,"[[3, 2], [2, 1, 1, 1], [4, 1], [1, 1, 1, 1, 1]]",13,60,150,0.6,0.0017725,20,4.95,99,39.75,795,600.0,12,OPTIMAL,3.35,67.0,67.0,0.0,0.02653217315673828,0.005435395985841751,0.03203715310188293,232.0,0.00017213821411132812,5,OPTIMAL,3.35,0.0,0.43045997619628906,3.35,uniform_600s,3.35,3.35,0.0,True,39.75,True,True,True
N20_lambda0p5_rep000_seed810262021606489046,810262021606489046,0,20,4,"[5, 5, 5, 5]","[[5, 9, 10, 23, 25], [14, 17, 30, 45, 52], [4, 5, 6, 6, 11], [4, 12, 20, 27, 34]]",0.5,0.5,0.5,0.125,1,3,PP,uniform_600s,4,4,6,6,"[[3, 2], [2, 1, 1, 1], [4, 1], [1, 1, 1, 1, 1]]",13,60,150,0.6,0.0018075,20,4.95,99,42.4,848,600.0,12,OPTIMAL,3.35,67.0,67.0,0.0,0.024766921997070312,0.0055549778044223785,0.030384812306935786,232.0,0.00017404556274414062,5,OPTIMAL,3.35,0.0,0.43045997619628906,3.35,uniform_600s,3.35,3.35,0.0,True,42.4,True,True,True
N20_lambda0p5_rep000_seed810262021606489046,810262021606489046,0,20,4,"[5, 5, 5, 5]","[[5, 9, 10, 23, 25], [14, 17, 30, 45, 52], [4, 5, 6, 6, 11], [4, 12, 20, 27, 34]]",0.5,0.5,0.5,0.125,1,3,PP,uniform_600s,4,4,8,8,"[[3, 2], [2, 1, 1, 1], [4, 1], [1, 1, 1, 1, 1]]",13,60,150,0.6,0.001883,20,4.95,99,45.05,901,600.0,12,OPTIMAL,3.35,67.0,67.0,0.0,0.025101900100708008,0.00534634105861187,0.03050484774248171,232.0,0.00016808509826660156,5,OPTIMAL,3.35,0.0,0.43045997619628906,3.35,uniform_600s,3.35,3.35,0.0,True,45.05,True,True,True
N20_lambda0p5_rep000_seed810262021606489046,810262021606489046,0,20,4,"[5, 5, 5, 5]","[[5, 9, 10, 23, 25], [14, 17, 30, 45, 52], [4, 5, 6, 6, 11], [4, 12, 20, 27, 34]]",0.5,0.5,0.5,0.125,1,3,PP,uniform_600s,6,6,2,2,"[[2, 1, 2], [2, 1, 1, 1], [2, 2, 1], [1, 1, 1, 1, 1]]",15,83,150,0.44666666666666666,0.0019225,20,4.95,99,45.5,910,600.0,12,OPTIMAL,3.35,67.0,67.0,0.0,0.13185787200927734,0.005888018757104874,0.13783057710962057,639.0,0.0002028942108154297,7,OPTIMAL,3.35,0.0,0.43045997619628906,3.35,uniform_600s,3.65,3.35,0.0,True,45.5,True,True,True
N20_lambda0p5_rep000_seed810262021606489046,810262021606489046,0,20,4,"[5, 5, 5, 5]","[[5, 9, 10, 23, 25], [14, 17, 30, 45, 52], [4, 5, 6, 6, 11], [4, 12, 20, 27, 34]]",0.5,0.5,0.5,0.125,1,3,PP,uniform_600s,6,6,4,4,"[[3, 2], [2, 1, 1, 1], [4, 1], [1, 1, 1, 1, 1]]",13,60,150,0.6,0.0018575,20,4.95,99,68.25,1365,600.0,12,OPTIMAL,3.35,67.0,67.0,0.0,0.025964975357055664,0.00561038963496685,0.031642121705634595,232.0,0.00018095970153808594,5,OPTIMAL,3.35,0.0,0.43045997619628906,3.35,uniform_600s,3.65,3.35,0.0,True,68.25,True,True,True
N20_lambda0p5_rep000_seed810262021606489046,810262021606489046,0,20,4,"[5, 5, 5, 5]","[[5, 9, 10, 23, 25], [14, 17, 30, 45, 52], [4, 5, 6, 6, 11], [4, 12, 20, 27, 34]]",0.5,0.5,0.5,0.125,1,3,PP,uniform_600s,6,6,6,6,"[[3, 2], [2, 1, 1, 1], [5], [1, 1, 1, 1, 1]]",12,49,150,0.6733333333333333,0.0042965,20,7.95,159,72.8,1456,600.0,12,OPTIMAL,3.65,73.0,72.99999999999739,0.0,0.011928081512451172,0.005495215766131878,0.017481012578817845,1.0,0.00018596649169921875,3,OPTIMAL,3.35,0.0,0.43045997619628906,3.35,uniform_600s,3.65,3.65,0.2999999999999998,True,72.5,True,True,True
N20_lambda0p5_rep000_seed810262021606489046,810262021606489046,0,20,4,"[5, 5, 5, 5]","[[5, 9, 10, 23, 25], [14, 17, 30, 45, 52], [4, 5, 6, 6, 11], [4, 12, 20, 27, 34]]",0.5,0.5,0.5,0.125,1,3,PP,uniform_600s,6,6,8,8,"[[3, 2], [2, 1, 1, 1], [5], [1, 1, 1, 1, 1]]",12,49,150,0.6733333333333333,0.001723,20,7.95,159,77.35,1547,600.0,12,OPTIMAL,3.65,73.0,72.99999999999739,0.0,0.015036821365356445,0.005056972615420818,0.020151599363575457,1.0,0.00018787384033203125,3,OPTIMAL,3.35,0.0,0.43045997619628906,3.35,uniform_600s,3.65,3.65,0.2999999999999998,True,77.05,True,True,True
N20_lambda0p5_rep000_seed810262021606489046,810262021606489046,0,20,4,"[5, 5, 5, 5]","[[5, 9, 10, 23, 25], [14, 17, 30, 45, 52], [4, 5, 6, 6, 11], [4, 12, 20, 27, 34]]",0.5,0.5,0.5,0.125,1,3,PP,uniform_600s,8,8,2,2,"[[2, 1, 2], [2, 1, 2], [2, 2, 1], [2, 2, 1]]",12,54,150,0.64,0.001938,20,20.9,418,64.5,1290,600.0,12,OPTIMAL,3.55,71.0,71.0,0.0,0.03479599952697754,0.0049326252192258835,0.03978691241858053,162.0,0.00016307830810546875,2,OPTIMAL,3.35,0.0,0.43045997619628906,3.35,uniform_600s,4.6,3.55,0.19999999999999973,True,64.3,True,True,True
N20_lambda0p5_rep000_seed810262021606489046,810262021606489046,0,20,4,"[5, 5, 5, 5]","[[5, 9, 10, 23, 25], [14, 17, 30, 45, 52], [4, 5, 6, 6, 11], [4, 12, 20, 27, 34]]",0.5,0.5,0.5,0.125,1,3,PP,uniform_600s,8,8,4,4,"[[3, 2], [2, 1, 2], [4, 1], [4, 1]]",9,30,150,0.8,0.004261,20,27.0,540,96.75,1935,600.0,12,OPTIMAL,3.65,73.0,72.99999999999773,0.0,0.006192207336425781,0.005152287892997265,0.011405294028960228,1.0,0.00015020370483398438,2,OPTIMAL,3.35,0.0,0.43045997619628906,3.35,uniform_600s,4.6,3.65,0.2999999999999998,True,96.45,True,True,True
N20_lambda0p5_rep000_seed810262021606489046,810262021606489046,0,20,4,"[5, 5, 5, 5]","[[5, 9, 10, 23, 25], [14, 17, 30, 45, 52], [4, 5, 6, 6, 11], [4, 12, 20, 27, 34]]",0.5,0.5,0.5,0.125,1,3,PP,uniform_600s,8,8,6,6,"[[3, 2], [2, 1, 2], [5], [5]]",7,17,150,0.8866666666666667,0.0017025,20,34.6,692,103.2,2064,600.0,12,OPTIMAL,4.6,92.0,92.0,0.0,0.0024471282958984375,0.004389875568449497,0.006894450677051544,1.0,0.0001480579376220703,3,OPTIMAL,3.35,0.0,0.43045997619628906,3.35,uniform_600s,4.6,4.6,1.2499999999999996,True,101.95,True,True,True
N20_lambda0p5_rep000_seed810262021606489046,810262021606489046,0,20,4,"[5, 5, 5, 5]","[[5, 9, 10, 23, 25], [14, 17, 30, 45, 52], [4, 5, 6, 6, 11], [4, 12, 20, 27, 34]]",0.5,0.5,0.5,0.125,1,3,PP,uniform_600s,8,8,8,8,"[[3, 2], [2, 1, 2], [5], [5]]",7,17,150,0.8866666666666667,0.0017925,20,34.6,692,109.65,2193,600.0,12,OPTIMAL,4.6,92.0,92.0,0.0,0.002413034439086914,0.004329904913902283,0.006799036340992451,1.0,0.00014400482177734375,3,OPTIMAL,3.35,0.0,0.43045997619628906,3.35,uniform_600s,4.6,4.6,1.2499999999999996,True,108.4,True,True,True
N20_lambda0p5_rep001_seed17455957085392093784,17455957085392093784,1,20,4,"[5, 5, 5, 5]","[[2, 5, 16, 24, 27], [3, 27, 31, 33, 33], [7, 12, 38, 47, 50], [1, 2, 6, 7, 7]]",0.5,0.5,0.5,0.125,1,3,PP,uniform_600s,2,2,2,2,"[[1, 1, 1, 1, 1], [1, 1, 2, 1], [1, 1, 1, 1, 1], [2, 2, 1]]",17,107,150,0.2866666666666666,0.002048,20,0.65,13,7.5,150,600.0,12,OPTIMAL,2.4,48.0,48.0,0.0,0.06822395324707031,0.006471181288361549,0.0747577101208787,201.0,0.00020694732666015625,5,OPTIMAL,2.4,0.0,0.1956038475036621,2.4,uniform_600s,2.4,2.4,0.0,True,7.5,True,True,True
N20_lambda0p5_rep001_seed17455957085392093784,17455957085392093784,1,20,4,"[5, 5, 5, 5]","[[2, 5, 16, 24, 27], [3, 27, 31, 33, 33], [7, 12, 38, 47, 50], [1, 2, 6, 7, 7]]",0.5,0.5,0.5,0.125,1,3,PP,uniform_600s,2,2,4,4,"[[1, 1, 1, 1, 1], [1, 1, 3], [1, 1, 1, 1, 1], [2, 3]]",15,81,150,0.45999999999999996,0.001928,20,0.65,13,11.25,225,600.0,12,OPTIMAL,2.4,48.0,48.0,0.0,0.053526878356933594,0.006234433501958847,0.05983431374117422,115.0,0.0002110004425048828,7,OPTIMAL,2.4,0.0,0.1956038475036621,2.4,uniform_600s,2.4,2.4,0.0,True,11.25,True,True,True
N20_lambda0p5_rep001_seed17455957085392093784,17455957085392093784,1,20,4,"[5, 5, 5, 5]","[[2, 5, 16, 24, 27], [3, 27, 31, 33, 33], [7, 12, 38, 47, 50], [1, 2, 6, 7, 7]]",0.5,0.5,0.5,0.125,1,3,PP,uniform_600s,2,2,6,6,"[[1, 1, 1, 1, 1], [1, 1, 3], [1, 1, 1, 1, 1], [2, 3]]",15,81,150,0.45999999999999996,0.004602,20,0.65,13,12.0,240,600.0,12,OPTIMAL,2.4,48.0,48.0,0.0,0.053739070892333984,0.006050324998795986,0.059855786487342834,115.0,0.00020813941955566406,7,OPTIMAL,2.4,0.0,0.1956038475036621,2.4,uniform_600s,2.4,2.4,0.0,True,12.0,True,True,True
N20_lambda0p5_rep001_seed17455957085392093784,17455957085392093784,1,20,4,"[5, 5, 5, 5]","[[2, 5, 16, 24, 27], [3, 27, 31, 33, 33], [7, 12, 38, 47, 50], [1, 2, 6, 7, 7]]",0.5,0.5,0.5,0.125,1,3,PP,uniform_600s,2,2,8,8,"[[1, 1, 1, 1, 1], [1, 1, 3], [1, 1, 1, 1, 1], [2, 3]]",15,81,150,0.45999999999999996,0.001873,20,0.65,13,12.75,255,600.0,12,OPTIMAL,2.4,48.0,48.0,0.0,0.04939103126525879,0.0059530483558773994,0.055406555643711566,115.0,0.00019788742065429688,7,OPTIMAL,2.4,0.0,0.1956038475036621,2.4,uniform_600s,2.4,2.4,0.0,True,12.75,True,True,True
N20_lambda0p5_rep001_seed17455957085392093784,17455957085392093784,1,20,4,"[5, 5, 5, 5]","[[2, 5, 16, 24, 27], [3, 27, 31, 33, 33], [7, 12, 38, 47, 50], [1, 2, 6, 7, 7]]",0.5,0.5,0.5,0.125,1,3,PP,uniform_600s,4,4,2,2,"[[2, 1, 2], [1, 2, 2], [1, 1, 1, 2], [2, 2, 1]]",13,63,150,0.5800000000000001,0.002439,20,7.0,140,26.5,530,600.0,12,OPTIMAL,2.4,48.0,47.999999999994714,0.0,0.042562007904052734,0.004865463823080063,0.047489944711615086,99.0,0.0009639263153076172,5,OPTIMAL,2.4,0.0,0.1956038475036621,2.4,uniform_600s,2.55,2.4,0.0,True,26.5,True,True,True
N20_lambda0p5_rep001_seed17455957085392093784,17455957085392093784,1,20,4,"[5, 5, 5, 5]","[[2, 5, 16, 24, 27], [3, 27, 31, 33, 33], [7, 12, 38, 47, 50], [1, 2, 6, 7, 7]]",0.5,0.5,0.5,0.125,1,3,PP,uniform_600s,4,4,4,4,"[[2, 1, 2], [1, 4], [1, 1, 1, 2], [4, 1]]",11,44,150,0.7066666666666667,0.004537,20,10.15,203,39.75,795,600.0,12,OPTIMAL,2.55,51.0,51.0,0.0,0.023617029190063477,0.005465551279485226,0.029156309148907184,1.0,0.0001819133758544922,7,OPTIMAL,2.4,0.0,0.1956038475036621,2.4,uniform_600s,2.55,2.55,0.1499999999999999,True,39.6,True,True,True
N20_lambda0p5_rep001_seed17455957085392093784,17455957085392093784,1,20,4,"[5, 5, 5, 5]","[[2, 5, 16, 24, 27], [3, 27, 31, 33, 33], [7, 12, 38, 47, 50], [1, 2, 6, 7, 7]]",0.5,0.5,0.5,0.125,1,3,PP,uniform_600s,4,4,6,6,"[[2, 1, 2], [1, 4], [1, 1, 1, 2], [5]]",10,35,150,0.7666666666666666,0.0017575,20,10.15,203,42.4,848,600.0,12,OPTIMAL,2.55,51.0,51.0,0.0,0.013555049896240234,0.005015081726014614,0.018632838596827985,1.0,0.0001621246337890625,8,OPTIMAL,2.4,0.0,0.1956038475036621,2.4,uniform_600s,2.55,2.55,0.1499999999999999,True,42.25,True,True,True
N20_lambda0p5_rep001_seed17455957085392093784,17455957085392093784,1,20,4,"[5, 5, 5, 5]","[[2, 5, 16, 24, 27], [3, 27, 31, 33, 33], [7, 12, 38, 47, 50], [1, 2, 6, 7, 7]]",0.5,0.5,0.5,0.125,1,3,PP,uniform_600s,4,4,8,8,"[[2, 1, 2], [1, 4], [1, 1, 1, 2], [5]]",10,35,150,0.7666666666666666,0.0031145,20,10.15,203,45.05,901,600.0,12,OPTIMAL,2.55,51.0,51.0,0.0,0.013603925704956055,0.007188214920461178,0.02087391090477896,1.0,0.00018978118896484375,8,OPTIMAL,2.4,0.0,0.1956038475036621,2.4,uniform_600s,2.55,2.55,0.1499999999999999,True,44.9,True,True,True
N20_lambda0p5_rep001_seed17455957085392093784,17455957085392093784,1,20,4,"[5, 5, 5, 5]","[[2, 5, 16, 24, 27], [3, 27, 31, 33, 33], [7, 12, 38, 47, 50], [1, 2, 6, 7, 7]]",0.5,0.5,0.5,0.125,1,3,PP,uniform_600s,6,6,2,2,"[[2, 1, 2], [1, 2, 2], [2, 1, 2], [2, 2, 1]]",12,54,150,0.64,0.0031945,20,10.6,212,45.5,910,600.0,12,OPTIMAL,2.4,48.0,48.0,0.0,0.013503789901733398,0.00791334081441164,0.02150786860683632,1.0,0.00028586387634277344,6,OPTIMAL,2.4,0.0,0.1956038475036621,2.4,uniform_600s,2.55,2.4,0.0,True,45.5,True,True,True
N20_lambda0p5_rep001_seed17455957085392093784,17455957085392093784,1,20,4,"[5, 5, 5, 5]","[[2, 5, 16, 24, 27], [3, 27, 31, 33, 33], [7, 12, 38, 47, 50], [1, 2, 6, 7, 7]]",0.5,0.5,0.5,0.125,1,3,PP,uniform_600s,6,6,4,4,"[[2, 1, 2], [1, 4], [2, 1, 2], [4, 1]]",10,37,150,0.7533333333333333,0.003125,20,13.75,275,68.25,1365,600.0,12,OPTIMAL,2.55,51.0,50.99999999999949,0.0,0.01026606559753418,0.007330169901251793,0.017682828421890735,1.0,0.0002338886260986328,8,OPTIMAL,2.4,0.0,0.1956038475036621,2.4,uniform_600s,2.55,2.55,0.1499999999999999,True,68.1,True,True,True
N20_lambda0p5_rep001_seed17455957085392093784,17455957085392093784,1,20,4,"[5, 5, 5, 5]","[[2, 5, 16, 24, 27], [3, 27, 31, 33, 33], [7, 12, 38, 47, 50], [1, 2, 6, 7, 7]]",0.5,0.5,0.5,0.125,1,3,PP,uniform_600s,6,6,6,6,"[[2, 1, 2], [1, 4], [2, 1, 2], [5]]",9,29,150,0.8066666666666666,0.002369,20,13.75,275,72.8,1456,600.0,12,OPTIMAL,2.55,51.0,51.0,0.0,0.006452083587646484,0.006928321905434132,0.013468693657201767,1.0,0.00022602081298828125,5,OPTIMAL,2.4,0.0,0.1956038475036621,2.4,uniform_600s,2.55,2.55,0.1499999999999999,True,72.64999999999999,True,True,True
N20_lambda0p5_rep001_seed17455957085392093784,17455957085392093784,1,20,4,"[5, 5, 5, 5]","[[2, 5, 16, 24, 27], [3, 27, 31, 33, 33], [7, 12, 38, 47, 50], [1, 2, 6, 7, 7]]",0.5,0.5,0.5,0.125,1,3,PP,uniform_600s,6,6,8,8,"[[2, 1, 2], [1, 4], [2, 1, 2], [5]]",9,29,150,0.8066666666666666,0.002524,20,13.75,275,77.35,1547,600.0,12,OPTIMAL,2.55,51.0,51.0,0.0,0.00728607177734375,0.006143215112388134,0.013515679281543732,1.0,0.00022292137145996094,5,OPTIMAL,2.4,0.0,0.1956038475036621,2.4,uniform_600s,2.55,2.55,0.1499999999999999,True,77.19999999999999,True,True,True
N20_lambda0p5_rep001_seed17455957085392093784,17455957085392093784,1,20,4,"[5, 5, 5, 5]","[[2, 5, 16, 24, 27], [3, 27, 31, 33, 33], [7, 12, 38, 47, 50], [1, 2, 6, 7, 7]]",0.5,0.5,0.5,0.125,1,3,PP,uniform_600s,8,8,2,2,"[[2, 2, 1], [1, 2, 2], [2, 1, 2], [2, 2, 1]]",12,54,150,0.64,0.002454,20,14.95,299,64.5,1290,600.0,12,OPTIMAL,2.4,48.0,47.99999999999898,0.0,0.015053033828735352,0.006560906767845154,0.021690515766326426,1.0,0.0002598762512207031,4,OPTIMAL,2.4,0.0,0.1956038475036621,2.4,uniform_600s,2.75,2.4,0.0,True,64.5,True,True,True
N20_lambda0p5_rep001_seed17455957085392093784,17455957085392093784,1,20,4,"[5, 5, 5, 5]","[[2, 5, 16, 24, 27], [3, 27, 31, 33, 33], [7, 12, 38, 47, 50], [1, 2, 6, 7, 7]]",0.5,0.5,0.5,0.125,1,3,PP,uniform_600s,8,8,4,4,"[[2, 3], [1, 4], [2, 1, 2], [4, 1]]",9,30,150,0.8,0.002464,20,19.5,390,96.75,1935,600.0,12,OPTIMAL,2.75,55.0,55.0,0.0,0.008116960525512695,0.005822750739753246,0.014017447549714089,1.0,0.00019502639770507812,4,OPTIMAL,2.4,0.0,0.1956038475036621,2.4,uniform_600s,2.75,2.75,0.3500000000000001,True,96.4,True,True,True
N20_lambda0p5_rep001_seed17455957085392093784,17455957085392093784,1,20,4,"[5, 5, 5, 5]","[[2, 5, 16, 24, 27], [3, 27, 31, 33, 33], [7, 12, 38, 47, 50], [1, 2, 6, 7, 7]]",0.5,0.5,0.5,0.125,1,3,PP,uniform_600s,8,8,6,6,"[[2, 3], [1, 4], [2, 1, 2], [5]]",8,23,150,0.8466666666666667,0.0031845,20,19.5,390,103.2,2064,600.0,12,OPTIMAL,2.75,55.0,55.0,0.0,0.004194974899291992,0.0063560763373970985,0.010638479451498508,1.0,0.00021600723266601562,4,OPTIMAL,2.4,0.0,0.1956038475036621,2.4,uniform_600s,2.75,2.75,0.3500000000000001,True,102.85000000000001,True,True,True
N20_lambda0p5_rep001_seed17455957085392093784,17455957085392093784,1,20,4,"[5, 5, 5, 5]","[[2, 5, 16, 24, 27], [3, 27, 31, 33, 33], [7, 12, 38, 47, 50], [1, 2, 6, 7, 7]]",0.5,0.5,0.5,0.125,1,3,PP,uniform_600s,8,8,8,8,"[[2, 3], [1, 4], [2, 1, 2], [5]]",8,23,150,0.8466666666666667,0.002328,20,19.5,390,109.65,2193,600.0,12,OPTIMAL,2.75,55.0,55.0,0.0,0.00412297248840332,0.006353782489895821,0.010558162509432315,1.0,0.0001819133758544922,4,OPTIMAL,2.4,0.0,0.1956038475036621,2.4,uniform_600s,2.75,2.75,0.3500000000000001,True,109.30000000000001,True,True,True
N20_lambda0p5_rep002_seed1402257203488382018,1402257203488382018,2,20,4,"[5, 5, 5, 5]","[[9, 21, 25, 29, 29], [8, 21, 22, 27, 34], [10, 28, 30, 32, 35], [1, 9, 13, 22, 27]]",0.5,0.5,0.5,0.125,1,3,PP,uniform_600s,2,2,2,2,"[[1, 1, 1, 2], [1, 2, 1, 1], [1, 2, 1, 1], [1, 1, 1, 1, 1]]",17,108,150,0.28,0.004447,20,0.7,14,7.5,150,600.0,12,OPTIMAL,4.4,88.0,88.0,0.0,0.43382906913757324,0.0065478067845106125,0.4404510445239873,14476.0,0.0013420581817626953,8,OPTIMAL,4.4,0.0,1.1786270141601562,4.4,uniform_600s,4.4,4.4,0.0,True,7.5,True,True,True
N20_lambda0p5_rep002_seed1402257203488382018,1402257203488382018,2,20,4,"[5, 5, 5, 5]","[[9, 21, 25, 29, 29], [8, 21, 22, 27, 34], [10, 28, 30, 32, 35], [1, 9, 13, 22, 27]]",0.5,0.5,0.5,0.125,1,3,PP,uniform_600s,2,2,4,4,"[[1, 1, 1, 2], [1, 2, 1, 1], [1, 3, 1], [1, 1, 1, 1, 1]]",16,95,150,0.3666666666666667,0.0024285,20,1.35,27,11.25,225,600.0,12,OPTIMAL,4.4,88.0,88.0,0.0,0.21708083152770996,0.007999931462109089,0.22516181187892295,6538.0,0.00025582313537597656,10,OPTIMAL,4.4,0.0,1.1786270141601562,4.4,uniform_600s,4.4,4.4,0.0,True,11.25,True,True,True
N20_lambda0p5_rep002_seed1402257203488382018,1402257203488382018,2,20,4,"[5, 5, 5, 5]","[[9, 21, 25, 29, 29], [8, 21, 22, 27, 34], [10, 28, 30, 32, 35], [1, 9, 13, 22, 27]]",0.5,0.5,0.5,0.125,1,3,PP,uniform_600s,2,2,6,6,"[[1, 1, 1, 2], [1, 2, 1, 1], [1, 3, 1], [1, 1, 1, 1, 1]]",16,95,150,0.3666666666666667,0.001808,20,1.35,27,12.0,240,600.0,12,OPTIMAL,4.4,88.0,88.0,0.0,0.20792317390441895,0.006287663243710995,0.21427724168190526,6538.0,0.00020813941955566406,10,OPTIMAL,4.4,0.0,1.1786270141601562,4.4,uniform_600s,4.4,4.4,0.0,True,12.0,True,True,True
N20_lambda0p5_rep002_seed1402257203488382018,1402257203488382018,2,20,4,"[5, 5, 5, 5]","[[9, 21, 25, 29, 29], [8, 21, 22, 27, 34], [10, 28, 30, 32, 35], [1, 9, 13, 22, 27]]",0.5,0.5,0.5,0.125,1,3,PP,uniform_600s,2,2,8,8,"[[1, 1, 1, 2], [1, 2, 1, 1], [1, 3, 1], [1, 1, 1, 1, 1]]",16,95,150,0.3666666666666667,0.001813,20,1.35,27,12.75,255,600.0,12,OPTIMAL,4.4,88.0,88.0,0.0,0.21017217636108398,0.00619747769087553,0.21643840306804227,6538.0,0.00021505355834960938,10,OPTIMAL,4.4,0.0,1.1786270141601562,4.4,uniform_600s,4.4,4.4,0.0,True,12.75,True,True,True
N20_lambda0p5_rep002_seed1402257203488382018,1402257203488382018,2,20,4,"[5, 5, 5, 5]","[[9, 21, 25, 29, 29], [8, 21, 22, 27, 34], [10, 28, 30, 32, 35], [1, 9, 13, 22, 27]]",0.5,0.5,0.5,0.125,1,3,PP,uniform_600s,4,4,2,2,"[[1, 2, 2], [1, 2, 1, 1], [1, 2, 2], [1, 2, 1, 1]]",14,73,150,0.5133333333333333,0.002484,20,7.1,142,26.5,530,600.0,12,OPTIMAL,4.4,88.0,88.0,0.0,0.18975090980529785,0.007794691249728203,0.1976415805282917,3482.0,0.0002789497375488281,10,OPTIMAL,4.4,0.0,1.1786270141601562,4.4,uniform_600s,4.4,4.4,0.0,True,26.5,True,True,True
N20_lambda0p5_rep002_seed1402257203488382018,1402257203488382018,2,20,4,"[5, 5, 5, 5]","[[9, 21, 25, 29, 29], [8, 21, 22, 27, 34], [10, 28, 30, 32, 35], [1, 9, 13, 22, 27]]",0.5,0.5,0.5,0.125,1,3,PP,uniform_600s,4,4,4,4,"[[1, 4], [1, 2, 1, 1], [1, 4], [1, 2, 1, 1]]",12,52,150,0.6533333333333333,0.0029,20,10.1,202,39.75,795,600.0,12,OPTIMAL,4.4,88.0,88.0,0.0,0.0731039047241211,0.007724435068666935,0.08092012521930933,178.0,0.00022101402282714844,5,OPTIMAL,4.4,0.0,1.1786270141601562,4.4,uniform_600s,4.4,4.4,0.0,True,39.75,True,True,True
N20_lambda0p5_rep002_seed1402257203488382018,1402257203488382018,2,20,4,"[5, 5, 5, 5]","[[9, 21, 25, 29, 29], [8, 21, 22, 27, 34], [10, 28, 30, 32, 35], [1, 9, 13, 22, 27]]",0.5,0.5,0.5,0.125,1,3,PP,uniform_600s,4,4,6,6,"[[1, 4], [1, 2, 1, 1], [1, 4], [1, 2, 1, 1]]",12,52,150,0.6533333333333333,0.0030895,20,10.1,202,42.4,848,600.0,12,OPTIMAL,4.4,88.0,88.0,0.0,0.07340097427368164,0.007379263639450073,0.08086487029247474,178.0,0.00021386146545410156,5,OPTIMAL,4.4,0.0,1.1786270141601562,4.4,uniform_600s,4.4,4.4,0.0,True,42.4,True,True,True
N20_lambda0p5_rep002_seed1402257203488382018,1402257203488382018,2,20,4,"[5, 5, 5, 5]","[[9, 21, 25, 29, 29], [8, 21, 22, 27, 34], [10, 28, 30, 32, 35], [1, 9, 13, 22, 27]]",0.5,0.5,0.5,0.125,1,3,PP,uniform_600s,4,4,8,8,"[[1, 4], [1, 2, 1, 1], [1, 4], [1, 2, 1, 1]]",12,52,150,0.6533333333333333,0.0023335,20,10.1,202,45.05,901,600.0,12,OPTIMAL,4.4,88.0,88.0,0.0,0.05604910850524902,0.006315696053206921,0.062434168138118744,178.0,0.00018906593322753906,5,OPTIMAL,4.4,0.0,1.1786270141601562,4.4,uniform_600s,4.4,4.4,0.0,True,45.05,True,True,True
N20_lambda0p5_rep002_seed1402257203488382018,1402257203488382018,2,20,4,"[5, 5, 5, 5]","[[9, 21, 25, 29, 29], [8, 21, 22, 27, 34], [10, 28, 30, 32, 35], [1, 9, 13, 22, 27]]",0.5,0.5,0.5,0.125,1,3,PP,uniform_600s,6,6,2,2,"[[1, 2, 2], [1, 2, 1, 1], [1, 2, 2], [1, 2, 2]]",13,63,150,0.5800000000000001,0.001978,20,10.1,202,45.5,910,600.0,12,OPTIMAL,4.55,91.0,91.0,0.0,0.09540700912475586,0.0052101947367191315,0.10067611454178381,942.0,0.00018787384033203125,4,OPTIMAL,4.4,0.0,1.1786270141601562,4.4,uniform_600s,5.6,4.55,0.14999999999999947,True,45.35,True,True,True
N20_lambda0p5_rep002_seed1402257203488382018,1402257203488382018,2,20,4,"[5, 5, 5, 5]","[[9, 21, 25, 29, 29], [8, 21, 22, 27, 34], [10, 28, 30, 32, 35], [1, 9, 13, 22, 27]]",0.5,0.5,0.5,0.125,1,3,PP,uniform_600s,6,6,4,4,"[[1, 4], [1, 3, 1], [1, 4], [1, 2, 2]]",10,37,150,0.7533333333333333,0.001783,20,16.3,326,68.25,1365,600.0,12,OPTIMAL,5.6,112.0,112.0,0.0,0.024228811264038086,0.005006987601518631,0.02929981563396025,188.0,0.00020599365234375,5,OPTIMAL,4.4,0.0,1.1786270141601562,4.4,uniform_600s,5.6,5.6,1.1999999999999993,True,67.05,True,True,True
N20_lambda0p5_rep002_seed1402257203488382018,1402257203488382018,2,20,4,"[5, 5, 5, 5]","[[9, 21, 25, 29, 29], [8, 21, 22, 27, 34], [10, 28, 30, 32, 35], [1, 9, 13, 22, 27]]",0.5,0.5,0.5,0.125,1,3,PP,uniform_600s,6,6,6,6,"[[1, 4], [1, 3, 1], [1, 4], [1, 2, 2]]",10,37,150,0.7533333333333333,0.004577,20,16.3,326,72.8,1456,600.0,12,OPTIMAL,5.6,112.0,112.0,0.0,0.02294301986694336,0.004877622239291668,0.02787770565257263,188.0,0.00018095970153808594,5,OPTIMAL,4.4,0.0,1.1786270141601562,4.4,uniform_600s,5.6,5.6,1.1999999999999993,True,71.6,True,True,True
N20_lambda0p5_rep002_seed1402257203488382018,1402257203488382018,2,20,4,"[5, 5, 5, 5]","[[9, 21, 25, 29, 29], [8, 21, 22, 27, 34], [10, 28, 30, 32, 35], [1, 9, 13, 22, 27]]",0.5,0.5,0.5,0.125,1,3,PP,uniform_600s,6,6,8,8,"[[1, 4], [1, 3, 1], [1, 4], [1, 2, 2]]",10,37,150,0.7533333333333333,0.0017925,20,16.3,326,77.35,1547,600.0,12,OPTIMAL,5.6,112.0,112.0,0.0,0.024791955947875977,0.0047255028039216995,0.029579989316146374,188.0,0.000186920166015625,5,OPTIMAL,4.4,0.0,1.1786270141601562,4.4,uniform_600s,5.6,5.6,1.1999999999999993,True,76.14999999999999,True,True,True
N20_lambda0p5_rep002_seed1402257203488382018,1402257203488382018,2,20,4,"[5, 5, 5, 5]","[[9, 21, 25, 29, 29], [8, 21, 22, 27, 34], [10, 28, 30, 32, 35], [1, 9, 13, 22, 27]]",0.5,0.5,0.5,0.125,1,3,PP,uniform_600s,8,8,2,2,"[[1, 2, 2], [1, 2, 2], [1, 2, 2], [2, 1, 2]]",12,54,150,0.64,0.001802,20,18.65,373,64.5,1290,600.0,12,OPTIMAL,5.149994863478094,102.99989726956187,102.99989726956187,0.0,0.08079791069030762,0.005035300739109516,0.0858923037375946,1045.0,0.0008518695831298828,10,OPTIMAL,4.4,0.0,1.1786270141601562,4.4,uniform_600s,7.15,5.15,0.75,True,63.75,True,True,True
N20_lambda0p5_rep002_seed1402257203488382018,1402257203488382018,2,20,4,"[5, 5, 5, 5]","[[9, 21, 25, 29, 29], [8, 21, 22, 27, 34], [10, 28, 30, 32, 35], [1, 9, 13, 22, 27]]",0.5,0.5,0.5,0.125,1,3,PP,uniform_600s,8,8,4,4,"[[1, 4], [1, 4], [1, 4], [3, 2]]",8,24,150,0.84,0.004567,20,27.35,547,96.75,1935,600.0,12,OPTIMAL,7.15,143.0,143.0,0.0,0.016570091247558594,0.005125436931848526,0.02176103161546421,156.0,0.00015807151794433594,7,OPTIMAL,4.4,0.0,1.1786270141601562,4.4,uniform_600s,7.15,7.15,2.75,True,94.0,True,True,True
N20_lambda0p5_rep002_seed1402257203488382018,1402257203488382018,2,20,4,"[5, 5, 5, 5]","[[9, 21, 25, 29, 29], [8, 21, 22, 27, 34], [10, 28, 30, 32, 35], [1, 9, 13, 22, 27]]",0.5,0.5,0.5,0.125,1,3,PP,uniform_600s,8,8,6,6,"[[1, 4], [1, 4], [1, 4], [3, 2]]",8,24,150,0.84,0.0042865,20,27.35,547,103.2,2064,600.0,12,OPTIMAL,7.15,143.0,143.0,0.0,0.0159609317779541,0.004601594991981983,0.020620116586171626,156.0,0.0001499652862548828,7,OPTIMAL,4.4,0.0,1.1786270141601562,4.4,uniform_600s,7.15,7.15,2.75,True,100.45,True,True,True
N20_lambda0p5_rep002_seed1402257203488382018,1402257203488382018,2,20,4,"[5, 5, 5, 5]","[[9, 21, 25, 29, 29], [8, 21, 22, 27, 34], [10, 28, 30, 32, 35], [1, 9, 13, 22, 27]]",0.5,0.5,0.5,0.125,1,3,PP,uniform_600s,8,8,8,8,"[[1, 4], [1, 4], [1, 4], [3, 2]]",8,24,150,0.84,0.004557,20,27.35,547,109.65,2193,600.0,12,OPTIMAL,7.15,143.0,143.0,0.0,0.015650033950805664,0.00443789828568697,0.02015114858885479,156.0,0.00015687942504882812,7,OPTIMAL,4.4,0.0,1.1786270141601562,4.4,uniform_600s,7.15,7.15,2.75,True,106.9,True,True,True
N20_lambda0p5_rep003_seed2077489077888113066,2077489077888113066,3,20,4,"[5, 5, 5, 5]","[[47, 49, 61, 74, 74], [7, 13, 33, 42, 53], [3, 9, 12, 13, 19], [19, 30, 55, 55, 57]]",0.5,0.5,0.5,0.125,1,3,PP,uniform_600s,2,2,2,2,"[[2, 1, 2], [1, 1, 1, 1, 1], [1, 1, 2, 1], [1, 1, 2, 1]]",16,95,150,0.3666666666666667,0.001928,20,0.75,15,7.5,150,600.0,12,OPTIMAL,0.6,12.0,12.0,0.0,0.003108978271484375,0.006134972907602787,0.009297648607042313,1.0,0.00015783309936523438,2,OPTIMAL,0.6,0.0,0.004575014114379883,0.6,uniform_600s,0.6,0.6,0.0,True,7.5,True,True,True
N20_lambda0p5_rep003_seed2077489077888113066,2077489077888113066,3,20,4,"[5, 5, 5, 5]","[[47, 49, 61, 74, 74], [7, 13, 33, 42, 53], [3, 9, 12, 13, 19], [19, 30, 55, 55, 57]]",0.5,0.5,0.5,0.125,1,3,PP,uniform_600s,2,2,4,4,"[[2, 1, 2], [1, 1, 1, 1, 1], [1, 1, 2, 1], [1, 1, 3]]",15,83,150,0.44666666666666666,0.001888,20,1.35,27,11.25,225,600.0,12,OPTIMAL,0.6,12.0,12.0,0.0,0.003162860870361328,0.005566463805735111,0.008781728543866158,1.0,0.00014400482177734375,2,OPTIMAL,0.6,0.0,0.004575014114379883,0.6,uniform_600s,0.6,0.6,0.0,True,11.25,True,True,True
N20_lambda0p5_rep003_seed2077489077888113066,2077489077888113066,3,20,4,"[5, 5, 5, 5]","[[47, 49, 61, 74, 74], [7, 13, 33, 42, 53], [3, 9, 12, 13, 19], [19, 30, 55, 55, 57]]",0.5,0.5,0.5,0.125,1,3,PP,uniform_600s,2,2,6,6,"[[2, 1, 2], [1, 1, 1, 1, 1], [1, 1, 2, 1], [1, 1, 3]]",15,83,150,0.44666666666666666,0.001823,20,1.35,27,12.0,240,600.0,12,OPTIMAL,0.6,12.0,12.0,0.0,0.003381013870239258,0.005568627268075943,0.009005252673612118,1.0,0.00015115737915039062,2,OPTIMAL,0.6,0.0,0.004575014114379883,0.6,uniform_600s,0.6,0.6,0.0,True,12.0,True,True,True
N20_lambda0p5_rep003_seed2077489077888113066,2077489077888113066,3,20,4,"[5, 5, 5, 5]","[[47, 49, 61, 74, 74], [7, 13, 33, 42, 53], [3, 9, 12, 13, 19], [19, 30, 55, 55, 57]]",0.5,0.5,0.5,0.125,1,3,PP,uniform_600s,2,2,8,8,"[[2, 1, 2], [1, 1, 1, 1, 1], [1, 1, 2, 1], [1, 1, 3]]",15,83,150,0.44666666666666666,0.004522,20,1.35,27,12.75,255,600.0,12,OPTIMAL,0.6,12.0,12.0,0.0,0.0027358531951904297,0.005480383522808552,0.008275784049674988,1.0,0.00014495849609375,2,OPTIMAL,0.6,0.0,0.004575014114379883,0.6,uniform_600s,0.6,0.6,0.0,True,12.75,True,True,True
N20_lambda0p5_rep003_seed2077489077888113066,2077489077888113066,3,20,4,"[5, 5, 5, 5]","[[47, 49, 61, 74, 74], [7, 13, 33, 42, 53], [3, 9, 12, 13, 19], [19, 30, 55, 55, 57]]",0.5,0.5,0.5,0.125,1,3,PP,uniform_600s,4,4,2,2,"[[2, 1, 2], [1, 1, 1, 1, 1], [1, 2, 1, 1], [1, 1, 2, 1]]",16,95,150,0.3666666666666667,0.001878,20,2.35,47,26.5,530,600.0,12,OPTIMAL,0.6,12.0,12.0,0.0,0.0029730796813964844,0.005948902107775211,0.008974209881523133,1.0,0.0001800060272216797,2,OPTIMAL,0.6,0.0,0.004575014114379883,0.6,uniform_600s,0.6,0.6,0.0,True,26.5,True,True,True
N20_lambda0p5_rep003_seed2077489077888113066,2077489077888113066,3,20,4,"[5, 5, 5, 5]","[[47, 49, 61, 74, 74], [7, 13, 33, 42, 53], [3, 9, 12, 13, 19], [19, 30, 55, 55, 57]]",0.5,0.5,0.5,0.125,1,3,PP,uniform_600s,4,4,4,4,"[[2, 1, 2], [1, 1, 1, 1, 1], [1, 3, 1], [1, 1, 3]]",14,72,150,0.52,0.002443,20,2.95,59,39.75,795,600.0,12,OPTIMAL,0.6,12.0,12.0,0.0,0.0031599998474121094,0.006529788486659527,0.009759479343216896,1.0,0.0001800060272216797,4,OPTIMAL,0.6,0.0,0.004575014114379883,0.6,uniform_600s,0.6,0.6,0.0,True,39.75,True,True,True
N20_lambda0p5_rep003_seed2077489077888113066,2077489077888113066,3,20,4,"[5, 5, 5, 5]","[[47, 49, 61, 74, 74], [7, 13, 33, 42, 53], [3, 9, 12, 13, 19], [19, 30, 55, 55, 57]]",0.5,0.5,0.5,0.125,1,3,PP,uniform_600s,4,4,6,6,"[[2, 1, 2], [1, 1, 1, 1, 1], [1, 3, 1], [1, 1, 3]]",14,72,150,0.52,0.002369,20,2.95,59,42.4,848,600.0,12,OPTIMAL,0.6,12.0,12.0,0.0,0.0031359195709228516,0.0063574789091944695,0.00956157845852995,1.0,0.0001780986785888672,4,OPTIMAL,0.6,0.0,0.004575014114379883,0.6,uniform_600s,0.6,0.6,0.0,True,42.4,True,True,True
N20_lambda0p5_rep003_seed2077489077888113066,2077489077888113066,3,20,4,"[5, 5, 5, 5]","[[47, 49, 61, 74, 74], [7, 13, 33, 42, 53], [3, 9, 12, 13, 19], [19, 30, 55, 55, 57]]",0.5,0.5,0.5,0.125,1,3,PP,uniform_600s,4,4,8,8,"[[2, 1, 2], [1, 1, 1, 1, 1], [1, 3, 1], [1, 1, 3]]",14,72,150,0.52,0.002539,20,2.95,59,45.05,901,600.0,12,OPTIMAL,0.6,12.0,12.0,0.0,0.003587961196899414,0.007113621570169926,0.010785197122479915,1.0,0.00021195411682128906,4,OPTIMAL,0.6,0.0,0.004575014114379883,0.6,uniform_600s,0.6,0.6,0.0,True,45.05,True,True,True
N20_lambda0p5_rep003_seed2077489077888113066,2077489077888113066,3,20,4,"[5, 5, 5, 5]","[[47, 49, 61, 74, 74], [7, 13, 33, 42, 53], [3, 9, 12, 13, 19], [19, 30, 55, 55, 57]]",0.5,0.5,0.5,0.125,1,3,PP,uniform_600s,6,6,2,2,"[[2, 1, 2], [2, 1, 1, 1], [2, 2, 1], [1, 1, 2, 1]]",14,73,150,0.5133333333333333,0.0048525,20,9.85,197,45.5,910,600.0,12,OPTIMAL,1.05,21.0,20.99999999999926,0.0,0.00447392463684082,0.005449866876006126,0.009981272120215892,1.0,0.0001609325408935547,4,OPTIMAL,0.6,0.0,0.004575014114379883,0.6,uniform_600s,1.85,1.05,0.45000000000000007,True,45.05,True,True,True
N20_lambda0p5_rep003_seed2077489077888113066,2077489077888113066,3,20,4,"[5, 5, 5, 5]","[[47, 49, 61, 74, 74], [7, 13, 33, 42, 53], [3, 9, 12, 13, 19], [19, 30, 55, 55, 57]]",0.5,0.5,0.5,0.125,1,3,PP,uniform_600s,6,6,4,4,"[[2, 1, 2], [2, 1, 1, 1], [4, 1], [1, 1, 3]]",12,53,150,0.6466666666666667,0.004682,20,12.05,241,68.25,1365,600.0,12,OPTIMAL,1.15,23.0,22.999999999998465,0.0,0.0034551620483398438,0.005115661770105362,0.008626163247246266,1.0,0.0001461505889892578,3,OPTIMAL,0.6,0.0,0.004575014114379883,0.6,uniform_600s,1.85,1.15,0.5499999999999999,True,67.7,True,True,True
N20_lambda0p5_rep003_seed2077489077888113066,2077489077888113066,3,20,4,"[5, 5, 5, 5]","[[47, 49, 61, 74, 74], [7, 13, 33, 42, 53], [3, 9, 12, 13, 19], [19, 30, 55, 55, 57]]",0.5,0.5,0.5,0.125,1,3,PP,uniform_600s,6,6,6,6,"[[2, 1, 2], [2, 1, 1, 1], [5], [1, 1, 3]]",11,43,150,0.7133333333333334,0.004657,20,15.85,317,72.8,1456,600.0,12,OPTIMAL,1.85,37.0,37.0,0.0,0.002541065216064453,0.004861697554588318,0.007461276292497635,1.0,0.0001430511474609375,4,OPTIMAL,0.6,0.0,0.004575014114379883,0.6,uniform_600s,1.85,1.85,1.25,True,71.55,True,True,True
N20_lambda0p5_rep003_seed2077489077888113066,2077489077888113066,3,20,4,"[5, 5, 5, 5]","[[47, 49, 61, 74, 74], [7, 13, 33, 42, 53], [3, 9, 12, 13, 19], [19, 30, 55, 55, 57]]",0.5,0.5,0.5,0.125,1,3,PP,uniform_600s,6,6,8,8,"[[2, 1, 2], [2, 1, 1, 1], [5], [1, 1, 3]]",11,43,150,0.7133333333333334,0.0046475,20,15.85,317,77.35,1547,600.0,12,OPTIMAL,1.85,37.0,37.0,0.0,0.0021991729736328125,0.004943672567605972,0.007199843614480495,1.0,0.00014400482177734375,4,OPTIMAL,0.6,0.0,0.004575014114379883,0.6,uniform_600s,1.85,1.85,1.25,True,76.1,True,True,True
N20_lambda0p5_rep003_seed2077489077888113066,2077489077888113066,3,20,4,"[5, 5, 5, 5]","[[47, 49, 61, 74, 74], [7, 13, 33, 42, 53], [3, 9, 12, 13, 19], [19, 30, 55, 55, 57]]",0.5,0.5,0.5,0.125,1,3,PP,uniform_600s,8,8,2,2,"[[2, 1, 2], [2, 1, 1, 1], [2, 2, 1], [1, 1, 2, 1]]",14,73,150,0.5133333333333333,0.004517,20,9.85,197,64.5,1290,600.0,12,OPTIMAL,1.05,21.0,20.99999999999926,0.0,0.004719972610473633,0.005619725212454796,0.010396654803137303,1.0,0.00016498565673828125,4,OPTIMAL,0.6,0.0,0.004575014114379883,0.6,uniform_600s,1.85,1.05,0.45000000000000007,True,64.05,True,True,True
N20_lambda0p5_rep003_seed2077489077888113066,2077489077888113066,3,20,4,"[5, 5, 5, 5]","[[47, 49, 61, 74, 74], [7, 13, 33, 42, 53], [3, 9, 12, 13, 19], [19, 30, 55, 55, 57]]",0.5,0.5,0.5,0.125,1,3,PP,uniform_600s,8,8,4,4,"[[2, 1, 2], [2, 1, 1, 1], [4, 1], [1, 1, 3]]",12,53,150,0.6466666666666667,0.004542,20,12.05,241,96.75,1935,600.0,12,OPTIMAL,1.15,23.0,22.999999999998465,0.0,0.003422975540161133,0.005111214704811573,0.008590830429796695,1.0,0.0001499652862548828,3,OPTIMAL,0.6,0.0,0.004575014114379883,0.6,uniform_600s,1.85,1.15,0.5499999999999999,True,96.2,True,True,True
N20_lambda0p5_rep003_seed2077489077888113066,2077489077888113066,3,20,4,"[5, 5, 5, 5]","[[47, 49, 61, 74, 74], [7, 13, 33, 42, 53], [3, 9, 12, 13, 19], [19, 30, 55, 55, 57]]",0.5,0.5,0.5,0.125,1,3,PP,uniform_600s,8,8,6,6,"[[2, 1, 2], [2, 1, 1, 1], [5], [1, 1, 3]]",11,43,150,0.7133333333333334,0.001888,20,15.85,317,103.2,2064,600.0,12,OPTIMAL,1.85,37.0,37.0,0.0,0.002310037612915039,0.004793235100805759,0.00715689195745039,1.0,0.00014591217041015625,4,OPTIMAL,0.6,0.0,0.004575014114379883,0.6,uniform_600s,1.85,1.85,1.25,True,101.95,True,True,True
N20_lambda0p5_rep003_seed2077489077888113066,2077489077888113066,3,20,4,"[5, 5, 5, 5]","[[47, 49, 61, 74, 74], [7, 13, 33, 42, 53], [3, 9, 12, 13, 19], [19, 30, 55, 55, 57]]",0.5,0.5,0.5,0.125,1,3,PP,uniform_600s,8,8,8,8,"[[2, 1, 2], [2, 1, 1, 1], [5], [1, 1, 3]]",11,43,150,0.7133333333333334,0.001813,20,15.85,317,109.65,2193,600.0,12,OPTIMAL,1.85,37.0,37.0,0.0,0.0026199817657470703,0.005175342783331871,0.007847562147236347,1.0,0.00013899803161621094,4,OPTIMAL,0.6,0.0,0.004575014114379883,0.6,uniform_600s,1.85,1.85,1.25,True,108.4,True,True,True
N20_lambda0p5_rep004_seed13559981837109448618,13559981837109448618,4,20,4,"[5, 5, 5, 5]","[[3, 8, 28, 31, 42], [15, 24, 32, 40, 42], [26, 43, 47, 63, 72], [9, 13, 13, 16, 48]]",0.5,0.5,0.5,0.125,1,3,PP,uniform_600s,2,2,2,2,"[[1, 1, 1, 1, 1], [1, 1, 1, 2], [1, 1, 1, 1, 1], [1, 2, 1, 1]]",18,121,150,0.19333333333333336,0.002399,20,0.6,12,7.5,150,600.0,12,OPTIMAL,1.3,26.0,26.0,0.0,0.010539054870605469,0.006498142145574093,0.01709606676049137,1.0,0.0002110004425048828,4,OPTIMAL,1.3,0.0,0.016611099243164062,1.3,uniform_600s,1.3,1.3,0.0,True,7.5,True,True,True
N20_lambda0p5_rep004_seed13559981837109448618,13559981837109448618,4,20,4,"[5, 5, 5, 5]","[[3, 8, 28, 31, 42], [15, 24, 32, 40, 42], [26, 43, 47, 63, 72], [9, 13, 13, 16, 48]]",0.5,0.5,0.5,0.125,1,3,PP,uniform_600s,2,2,4,4,"[[1, 1, 1, 1, 1], [1, 1, 1, 2], [1, 1, 1, 1, 1], [1, 2, 1, 1]]",18,121,150,0.19333333333333336,0.002369,20,0.6,12,11.25,225,600.0,12,OPTIMAL,1.3,26.0,26.0,0.0,0.013905048370361328,0.007699928246438503,0.021671021072548865,1.0,0.0002551078796386719,4,OPTIMAL,1.3,0.0,0.016611099243164062,1.3,uniform_600s,1.3,1.3,0.0,True,11.25,True,True,True
N20_lambda0p5_rep004_seed13559981837109448618,13559981837109448618,4,20,4,"[5, 5, 5, 5]","[[3, 8, 28, 31, 42], [15, 24, 32, 40, 42], [26, 43, 47, 63, 72], [9, 13, 13, 16, 48]]",0.5,0.5,0.5,0.125,1,3,PP,uniform_600s,2,2,6,6,"[[1, 1, 1, 1, 1], [1, 1, 1, 2], [1, 1, 1, 1, 1], [1, 2, 1, 1]]",18,121,150,0.19333333333333336,0.0023485,20,0.6,12,12.0,240,600.0,12,OPTIMAL,1.3,26.0,26.0,0.0,0.012656211853027344,0.00773491058498621,0.020458067471788882,1.0,0.0002560615539550781,4,OPTIMAL,1.3,0.0,0.016611099243164062,1.3,uniform_600s,1.3,1.3,0.0,True,12.0,True,True,True
N20_lambda0p5_rep004_seed13559981837109448618,13559981837109448618,4,20,4,"[5, 5, 5, 5]","[[3, 8, 28, 31, 42], [15, 24, 32, 40, 42], [26, 43, 47, 63, 72], [9, 13, 13, 16, 48]]",0.5,0.5,0.5,0.125,1,3,PP,uniform_600s,2,2,8,8,"[[1, 1, 1, 1, 1], [1, 1, 1, 2], [1, 1, 1, 1, 1], [1, 2, 1, 1]]",18,121,150,0.19333333333333336,0.002439,20,0.6,12,12.75,255,600.0,12,OPTIMAL,1.3,26.0,26.0,0.0,0.013493061065673828,0.009366117417812347,0.022944366425563335,1.0,0.00032591819763183594,4,OPTIMAL,1.3,0.0,0.016611099243164062,1.3,uniform_600s,1.3,1.3,0.0,True,12.75,True,True,True
N20_lambda0p5_rep004_seed13559981837109448618,13559981837109448618,4,20,4,"[5, 5, 5, 5]","[[3, 8, 28, 31, 42], [15, 24, 32, 40, 42], [26, 43, 47, 63, 72], [9, 13, 13, 16, 48]]",0.5,0.5,0.5,0.125,1,3,PP,uniform_600s,4,4,2,2,"[[1, 1, 2, 1], [1, 1, 1, 2], [1, 2, 1, 1], [2, 2, 1]]",15,84,150,0.43999999999999995,0.0029845,20,8.75,175,26.5,530,600.0,12,OPTIMAL,1.3,26.0,26.0,0.0,0.00698089599609375,0.008662503212690353,0.01573692688948822,1.0,0.00026607513427734375,4,OPTIMAL,1.3,0.0,0.016611099243164062,1.3,uniform_600s,1.3,1.3,0.0,True,26.5,True,True,True
N20_lambda0p5_rep004_seed13559981837109448618,13559981837109448618,4,20,4,"[5, 5, 5, 5]","[[3, 8, 28, 31, 42], [15, 24, 32, 40, 42], [26, 43, 47, 63, 72], [9, 13, 13, 16, 48]]",0.5,0.5,0.5,0.125,1,3,PP,uniform_600s,4,4,4,4,"[[1, 1, 2, 1], [1, 1, 1, 2], [1, 2, 1, 1], [4, 1]]",14,72,150,0.52,0.0017375,20,8.75,175,39.75,795,600.0,12,OPTIMAL,1.3,26.0,25.99999999999966,0.0,0.0067670345306396484,0.005042381584644318,0.011868223200011253,1.0,0.00015401840209960938,6,OPTIMAL,1.3,0.0,0.016611099243164062,1.3,uniform_600s,1.3,1.3,0.0,True,39.75,True,True,True
N20_lambda0p5_rep004_seed13559981837109448618,13559981837109448618,4,20,4,"[5, 5, 5, 5]","[[3, 8, 28, 31, 42], [15, 24, 32, 40, 42], [26, 43, 47, 63, 72], [9, 13, 13, 16, 48]]",0.5,0.5,0.5,0.125,1,3,PP,uniform_600s,4,4,6,6,"[[1, 1, 2, 1], [1, 1, 1, 2], [1, 2, 1, 1], [4, 1]]",14,72,150,0.52,0.0023585,20,8.75,175,42.4,848,600.0,12,OPTIMAL,1.3,26.0,25.99999999999966,0.0,0.00805211067199707,0.006431931629776955,0.014553161729212762,1.0,0.00018310546875,6,OPTIMAL,1.3,0.0,0.016611099243164062,1.3,uniform_600s,1.3,1.3,0.0,True,42.4,True,True,True
N20_lambda0p5_rep004_seed13559981837109448618,13559981837109448618,4,20,4,"[5, 5, 5, 5]","[[3, 8, 28, 31, 42], [15, 24, 32, 40, 42], [26, 43, 47, 63, 72], [9, 13, 13, 16, 48]]",0.5,0.5,0.5,0.125,1,3,PP,uniform_600s,4,4,8,8,"[[1, 1, 2, 1], [1, 1, 1, 2], [1, 2, 1, 1], [4, 1]]",14,72,150,0.52,0.0023185,20,8.75,175,45.05,901,600.0,12,OPTIMAL,1.3,26.0,25.99999999999966,0.0,0.007658958435058594,0.006689650937914848,0.014419700457173347,1.0,0.0001919269561767578,6,OPTIMAL,1.3,0.0,0.016611099243164062,1.3,uniform_600s,1.3,1.3,0.0,True,45.05,True,True,True
N20_lambda0p5_rep004_seed13559981837109448618,13559981837109448618,4,20,4,"[5, 5, 5, 5]","[[3, 8, 28, 31, 42], [15, 24, 32, 40, 42], [26, 43, 47, 63, 72], [9, 13, 13, 16, 48]]",0.5,0.5,0.5,0.125,1,3,PP,uniform_600s,6,6,2,2,"[[2, 2, 1], [1, 1, 1, 2], [1, 2, 1, 1], [2, 2, 1]]",14,73,150,0.5133333333333333,0.002504,20,12.35,247,45.5,910,600.0,12,OPTIMAL,1.3,26.0,25.999999999999773,0.0,0.005919933319091797,0.005689969286322594,0.011663658218018055,1.0,0.00020194053649902344,5,OPTIMAL,1.3,0.0,0.016611099243164062,1.3,uniform_600s,1.3,1.3,0.0,True,45.5,True,True,True
N20_lambda0p5_rep004_seed13559981837109448618,13559981837109448618,4,20,4,"[5, 5, 5, 5]","[[3, 8, 28, 31, 42], [15, 24, 32, 40, 42], [26, 43, 47, 63, 72], [9, 13, 13, 16, 48]]",0.5,0.5,0.5,0.125,1,3,PP,uniform_600s,6,6,4,4,"[[2, 2, 1], [1, 1, 1, 2], [1, 2, 1, 1], [4, 1]]",13,62,150,0.5866666666666667,0.0017175,20,12.35,247,68.25,1365,600.0,12,OPTIMAL,1.3,26.0,25.999999999999545,0.0,0.0060040950775146484,0.004759334027767181,0.010821521423368454,1.0,0.00016498565673828125,8,OPTIMAL,1.3,0.0,0.016611099243164062,1.3,uniform_600s,1.3,1.3,0.0,True,68.25,True,True,True
N20_lambda0p5_rep004_seed13559981837109448618,13559981837109448618,4,20,4,"[5, 5, 5, 5]","[[3, 8, 28, 31, 42], [15, 24, 32, 40, 42], [26, 43, 47, 63, 72], [9, 13, 13, 16, 48]]",0.5,0.5,0.5,0.125,1,3,PP,uniform_600s,6,6,6,6,"[[2, 2, 1], [1, 1, 1, 2], [1, 2, 1, 1], [4, 1]]",13,62,150,0.5866666666666667,0.002939,20,12.35,247,72.8,1456,600.0,12,OPTIMAL,1.3,26.0,25.999999999999545,0.0,0.005707979202270508,0.005576589144766331,0.01134349007831955,1.0,0.0001621246337890625,8,OPTIMAL,1.3,0.0,0.016611099243164062,1.3,uniform_600s,1.3,1.3,0.0,True,72.8,True,True,True
N20_lambda0p5_rep004_seed13559981837109448618,13559981837109448618,4,20,4,"[5, 5, 5, 5]","[[3, 8, 28, 31, 42], [15, 24, 32, 40, 42], [26, 43, 47, 63, 72], [9, 13, 13, 16, 48]]",0.5,0.5,0.5,0.125,1,3,PP,uniform_600s,6,6,8,8,"[[2, 2, 1], [1, 1, 1, 2], [1, 2, 1, 1], [4, 1]]",13,62,150,0.5866666666666667,0.001748,20,12.35,247,77.35,1547,600.0,12,OPTIMAL,1.3,26.0,25.999999999999545,0.0,0.005300045013427734,0.0059839533641934395,0.011336489488099098,1.0,0.0001609325408935547,8,OPTIMAL,1.3,0.0,0.016611099243164062,1.3,uniform_600s,1.3,1.3,0.0,True,77.35,True,True,True
N20_lambda0p5_rep004_seed13559981837109448618,13559981837109448618,4,20,4,"[5, 5, 5, 5]","[[3, 8, 28, 31, 42], [15, 24, 32, 40, 42], [26, 43, 47, 63, 72], [9, 13, 13, 16, 48]]",0.5,0.5,0.5,0.125,1,3,PP,uniform_600s,8,8,2,2,"[[2, 2, 1], [1, 2, 2], [1, 2, 1, 1], [2, 2, 1]]",13,63,150,0.5800000000000001,0.0017575,20,18.45,369,64.5,1290,600.0,12,OPTIMAL,1.75,35.0,35.0,0.0,0.00677490234375,0.004855439066886902,0.011686517951316833,1.0,0.0001609325408935547,6,OPTIMAL,1.3,0.0,0.016611099243164062,1.3,uniform_600s,1.75,1.75,0.44999999999999996,True,64.05,True,True,True
N20_lambda0p5_rep004_seed13559981837109448618,13559981837109448618,4,20,4,"[5, 5, 5, 5]","[[3, 8, 28, 31, 42], [15, 24, 32, 40, 42], [26, 43, 47, 63, 72], [9, 13, 13, 16, 48]]",0.5,0.5,0.5,0.125,1,3,PP,uniform_600s,8,8,4,4,"[[2, 2, 1], [1, 4], [1, 2, 1, 1], [4, 1]]",11,44,150,0.7066666666666667,0.0017425,20,24.2,484,96.75,1935,600.0,12,OPTIMAL,1.75,35.0,34.99999999999761,0.0,0.0032148361206054688,0.004333610646426678,0.007599746803872585,1.0,0.00014090538024902344,7,OPTIMAL,1.3,0.0,0.016611099243164062,1.3,uniform_600s,1.75,1.75,0.44999999999999996,True,96.3,True,True,True
N20_lambda0p5_rep004_seed13559981837109448618,13559981837109448618,4,20,4,"[5, 5, 5, 5]","[[3, 8, 28, 31, 42], [15, 24, 32, 40, 42], [26, 43, 47, 63, 72], [9, 13, 13, 16, 48]]",0.5,0.5,0.5,0.125,1,3,PP,uniform_600s,8,8,6,6,"[[2, 2, 1], [1, 4], [1, 2, 1, 1], [4, 1]]",11,44,150,0.7066666666666667,0.002248,20,24.2,484,103.2,2064,600.0,12,OPTIMAL,1.75,35.0,34.99999999999761,0.0,0.002947092056274414,0.004516205750405788,0.007515233728681087,1.0,0.00014209747314453125,7,OPTIMAL,1.3,0.0,0.016611099243164062,1.3,uniform_600s,1.75,1.75,0.44999999999999996,True,102.75,True,True,True
N20_lambda0p5_rep004_seed13559981837109448618,13559981837109448618,4,20,4,"[5, 5, 5, 5]","[[3, 8, 28, 31, 42], [15, 24, 32, 40, 42], [26, 43, 47, 63, 72], [9, 13, 13, 16, 48]]",0.5,0.5,0.5,0.125,1,3,PP,uniform_600s,8,8,8,8,"[[2, 2, 1], [1, 4], [1, 2, 1, 1], [4, 1]]",11,44,150,0.7066666666666667,0.004267,20,24.2,484,109.65,2193,600.0,12,OPTIMAL,1.75,35.0,34.99999999999761,0.0,0.003226041793823242,0.004810109734535217,0.008089217037300587,1.0,0.0001418590545654297,7,OPTIMAL,1.3,0.0,0.016611099243164062,1.3,uniform_600s,1.75,1.75,0.44999999999999996,True,109.2,True,True,True
N20_lambda0p5_rep005_seed18293299646245598810,18293299646245598810,5,20,4,"[5, 5, 5, 5]","[[17, 24, 29, 39, 43], [6, 14, 21, 36, 39], [5, 7, 25, 30, 32], [2, 9, 19, 29, 33]]",0.5,0.5,0.5,0.125,1,3,PP,uniform_600s,2,2,2,2,"[[1, 1, 1, 1, 1], [1, 1, 1, 1, 1], [2, 1, 2], [1, 1, 1, 1, 1]]",18,120,150,0.19999999999999996,0.001828,20,1.35,27,7.5,150,600.0,12,OPTIMAL,2.55,51.0,51.0,0.0,0.10511398315429688,0.006632134318351746,0.11180630866443204,636.0,0.0012259483337402344,7,OPTIMAL,2.55,0.0,0.17424297332763672,2.55,uniform_600s,2.55,2.55,0.0,True,7.5,True,True,True
N20_lambda0p5_rep005_seed18293299646245598810,18293299646245598810,5,20,4,"[5, 5, 5, 5]","[[17, 24, 29, 39, 43], [6, 14, 21, 36, 39], [5, 7, 25, 30, 32], [2, 9, 19, 29, 33]]",0.5,0.5,0.5,0.125,1,3,PP,uniform_600s,2,2,4,4,"[[1, 1, 1, 1, 1], [1, 1, 1, 1, 1], [2, 1, 2], [1, 1, 1, 1, 1]]",18,120,150,0.19999999999999996,0.0018075,20,1.35,27,11.25,225,600.0,12,OPTIMAL,2.55,51.0,51.0,0.0,0.10362911224365234,0.006246602162718773,0.10993862598049164,636.0,0.0014071464538574219,7,OPTIMAL,2.55,0.0,0.17424297332763672,2.55,uniform_600s,2.55,2.55,0.0,True,11.25,True,True,True
N20_lambda0p5_rep005_seed18293299646245598810,18293299646245598810,5,20,4,"[5, 5, 5, 5]","[[17, 24, 29, 39, 43], [6, 14, 21, 36, 39], [5, 7, 25, 30, 32], [2, 9, 19, 29, 33]]",0.5,0.5,0.5,0.125,1,3,PP,uniform_600s,2,2,6,6,"[[1, 1, 1, 1, 1], [1, 1, 1, 1, 1], [2, 1, 2], [1, 1, 1, 1, 1]]",18,120,150,0.19999999999999996,0.0017925,20,1.35,27,12.0,240,600.0,12,OPTIMAL,2.55,51.0,51.0,0.0,0.11369991302490234,0.006441746838390827,0.12020248424468517,636.0,0.0012350082397460938,7,OPTIMAL,2.55,0.0,0.17424297332763672,2.55,uniform_600s,2.55,2.55,0.0,True,12.0,True,True,True
N20_lambda0p5_rep005_seed18293299646245598810,18293299646245598810,5,20,4,"[5, 5, 5, 5]","[[17, 24, 29, 39, 43], [6, 14, 21, 36, 39], [5, 7, 25, 30, 32], [2, 9, 19, 29, 33]]",0.5,0.5,0.5,0.125,1,3,PP,uniform_600s,2,2,8,8,"[[1, 1, 1, 1, 1], [1, 1, 1, 1, 1], [2, 1, 2], [1, 1, 1, 1, 1]]",18,120,150,0.19999999999999996,0.004562,20,1.35,27,12.75,255,600.0,12,OPTIMAL,2.55,51.0,51.0,0.0,0.11985301971435547,0.007129876874387264,0.12705483605172588,636.0,0.0013089179992675781,7,OPTIMAL,2.55,0.0,0.17424297332763672,2.55,uniform_600s,2.55,2.55,0.0,True,12.75,True,True,True
N20_lambda0p5_rep005_seed18293299646245598810,18293299646245598810,5,20,4,"[5, 5, 5, 5]","[[17, 24, 29, 39, 43], [6, 14, 21, 36, 39], [5, 7, 25, 30, 32], [2, 9, 19, 29, 33]]",0.5,0.5,0.5,0.125,1,3,PP,uniform_600s,4,4,2,2,"[[1, 1, 1, 2], [1, 1, 1, 2], [2, 1, 2], [1, 1, 1, 2]]",15,84,150,0.43999999999999995,0.0030795,20,7.15,143,26.5,530,600.0,12,OPTIMAL,2.55,51.0,51.0,0.0,0.05446481704711914,0.008923588320612907,0.0634728032983346,37.0,0.00021886825561523438,7,OPTIMAL,2.55,0.0,0.17424297332763672,2.55,uniform_600s,2.55,2.55,0.0,True,26.5,True,True,True
N20_lambda0p5_rep005_seed18293299646245598810,18293299646245598810,5,20,4,"[5, 5, 5, 5]","[[17, 24, 29, 39, 43], [6, 14, 21, 36, 39], [5, 7, 25, 30, 32], [2, 9, 19, 29, 33]]",0.5,0.5,0.5,0.125,1,3,PP,uniform_600s,4,4,4,4,"[[1, 1, 1, 2], [1, 1, 1, 2], [2, 1, 2], [1, 1, 1, 2]]",15,84,150,0.43999999999999995,0.0029645,20,7.15,143,39.75,795,600.0,12,OPTIMAL,2.55,51.0,51.0,0.0,0.05081892013549805,0.008720571175217628,0.05962080518495035,37.0,0.00023508071899414062,7,OPTIMAL,2.55,0.0,0.17424297332763672,2.55,uniform_600s,2.55,2.55,0.0,True,39.75,True,True,True
N20_lambda0p5_rep005_seed18293299646245598810,18293299646245598810,5,20,4,"[5, 5, 5, 5]","[[17, 24, 29, 39, 43], [6, 14, 21, 36, 39], [5, 7, 25, 30, 32], [2, 9, 19, 29, 33]]",0.5,0.5,0.5,0.125,1,3,PP,uniform_600s,4,4,6,6,"[[1, 1, 1, 2], [1, 1, 1, 2], [2, 1, 2], [1, 1, 1, 2]]",15,84,150,0.43999999999999995,0.001768,20,7.15,143,42.4,848,600.0,12,OPTIMAL,2.55,51.0,51.0,0.0,0.0473179817199707,0.006254464387893677,0.053635564982467174,37.0,0.00018286705017089844,7,OPTIMAL,2.55,0.0,0.17424297332763672,2.55,uniform_600s,2.55,2.55,0.0,True,42.4,True,True,True
N20_lambda0p5_rep005_seed18293299646245598810,18293299646245598810,5,20,4,"[5, 5, 5, 5]","[[17, 24, 29, 39, 43], [6, 14, 21, 36, 39], [5, 7, 25, 30, 32], [2, 9, 19, 29, 33]]",0.5,0.5,0.5,0.125,1,3,PP,uniform_600s,4,4,8,8,"[[1, 1, 1, 2], [1, 1, 1, 2], [2, 1, 2], [1, 1, 1, 2]]",15,84,150,0.43999999999999995,0.002374,20,7.15,143,45.05,901,600.0,12,OPTIMAL,2.55,51.0,51.0,0.0,0.051850080490112305,0.007439133711159229,0.059384059219705104,37.0,0.00026607513427734375,7,OPTIMAL,2.55,0.0,0.17424297332763672,2.55,uniform_600s,2.55,2.55,0.0,True,45.05,True,True,True
N20_lambda0p5_rep005_seed18293299646245598810,18293299646245598810,5,20,4,"[5, 5, 5, 5]","[[17, 24, 29, 39, 43], [6, 14, 21, 36, 39], [5, 7, 25, 30, 32], [2, 9, 19, 29, 33]]",0.5,0.5,0.5,0.125,1,3,PP,uniform_600s,6,6,2,2,"[[1, 2, 2], [1, 1, 1, 2], [2, 2, 1], [1, 1, 1, 2]]",14,73,150,0.5133333333333333,0.0025035,20,13.15,263,45.5,910,600.0,12,OPTIMAL,2.75,55.0,55.0,0.0,0.03638100624084473,0.0072212545201182365,0.043677987635746957,1.0,0.00021386146545410156,5,OPTIMAL,2.55,0.0,0.17424297332763672,2.55,uniform_600s,2.75,2.75,0.20000000000000018,True,45.3,True,True,True
N20_lambda0p5_rep005_seed18293299646245598810,18293299646245598810,5,20,4,"[5, 5, 5, 5]","[[17, 24, 29, 39, 43], [6, 14, 21, 36, 39], [5, 7, 25, 30, 32], [2, 9, 19, 29, 33]]",0.5,0.5,0.5,0.125,1,3,PP,uniform_600s,6,6,4,4,"[[1, 2, 2], [1, 1, 1, 2], [2, 3], [1, 1, 1, 2]]",13,62,150,0.5866666666666667,0.001733,20,13.75,275,68.25,1365,600.0,12,OPTIMAL,2.75,55.0,55.0,0.0,0.016470909118652344,0.005228963680565357,0.02175924907865095,1.0,0.0007879734039306641,3,OPTIMAL,2.55,0.0,0.17424297332763672,2.55,uniform_600s,2.75,2.75,0.20000000000000018,True,68.05,True,True,True
N20_lambda0p5_rep005_seed18293299646245598810,18293299646245598810,5,20,4,"[5, 5, 5, 5]","[[17, 24, 29, 39, 43], [6, 14, 21, 36, 39], [5, 7, 25, 30, 32], [2, 9, 19, 29, 33]]",0.5,0.5,0.5,0.125,1,3,PP,uniform_600s,6,6,6,6,"[[1, 2, 2], [1, 1, 1, 2], [2, 3], [1, 1, 1, 2]]",13,62,150,0.5866666666666667,0.0018125,20,13.75,275,72.8,1456,600.0,12,OPTIMAL,2.75,55.0,55.0,0.0,0.01633000373840332,0.005754867568612099,0.02214082438224554,1.0,0.0008280277252197266,3,OPTIMAL,2.55,0.0,0.17424297332763672,2.55,uniform_600s,2.75,2.75,0.20000000000000018,True,72.6,True,True,True
N20_lambda0p5_rep005_seed18293299646245598810,18293299646245598810,5,20,4,"[5, 5, 5, 5]","[[17, 24, 29, 39, 43], [6, 14, 21, 36, 39], [5, 7, 25, 30, 32], [2, 9, 19, 29, 33]]",0.5,0.5,0.5,0.125,1,3,PP,uniform_600s,6,6,8,8,"[[1, 2, 2], [1, 1, 1, 2], [2, 3], [1, 1, 1, 2]]",13,62,150,0.5866666666666667,0.004371,20,13.75,275,77.35,1547,600.0,12,OPTIMAL,2.75,55.0,55.0,0.0,0.017103910446166992,0.00536700151860714,0.02252887592233038,1.0,0.00084686279296875,3,OPTIMAL,2.55,0.0,0.17424297332763672,2.55,uniform_600s,2.75,2.75,0.20000000000000018,True,77.14999999999999,True,True,True
N20_lambda0p5_rep005_seed18293299646245598810,18293299646245598810,5,20,4,"[5, 5, 5, 5]","[[17, 24, 29, 39, 43], [6, 14, 21, 36, 39], [5, 7, 25, 30, 32], [2, 9, 19, 29, 33]]",0.5,0.5,0.5,0.125,1,3,PP,uniform_600s,8,8,2,2,"[[2, 1, 2], [2, 1, 2], [2, 2, 1], [2, 1, 2]]",12,54,150,0.64,0.001863,20,27.2,544,64.5,1290,600.0,12,OPTIMAL,3.4,68.0,68.0,0.0,0.04639101028442383,0.005139048211276531,0.05158586090525436,33.0,0.0007379055023193359,5,OPTIMAL,2.55,0.0,0.17424297332763672,2.55,uniform_600s,4.0,3.4,0.8500000000000001,True,63.65,True,True,True
N20_lambda0p5_rep005_seed18293299646245598810,18293299646245598810,5,20,4,"[5, 5, 5, 5]","[[17, 24, 29, 39, 43], [6, 14, 21, 36, 39], [5, 7, 25, 30, 32], [2, 9, 19, 29, 33]]",0.5,0.5,0.5,0.125,1,3,PP,uniform_600s,8,8,4,4,"[[3, 2], [3, 2], [2, 3], [2, 1, 2]]",9,30,150,0.8,0.001883,20,36.4,728,96.75,1935,600.0,12,OPTIMAL,4.0,80.0,80.0,0.0,0.00861811637878418,0.004835108295083046,0.013509689695997714,1.0,0.00014710426330566406,3,OPTIMAL,2.55,0.0,0.17424297332763672,2.55,uniform_600s,4.0,4.0,1.4500000000000002,True,95.3,True,True,True
N20_lambda0p5_rep005_seed18293299646245598810,18293299646245598810,5,20,4,"[5, 5, 5, 5]","[[17, 24, 29, 39, 43], [6, 14, 21, 36, 39], [5, 7, 25, 30, 32], [2, 9, 19, 29, 33]]",0.5,0.5,0.5,0.125,1,3,PP,uniform_600s,8,8,6,6,"[[3, 2], [3, 2], [2, 3], [2, 1, 2]]",9,30,150,0.8,0.001878,20,36.4,728,103.2,2064,600.0,12,OPTIMAL,4.0,80.0,80.0,0.0,0.008471012115478516,0.004588555544614792,0.013117141544023037,1.0,0.000141143798828125,3,OPTIMAL,2.55,0.0,0.17424297332763672,2.55,uniform_600s,4.0,4.0,1.4500000000000002,True,101.75,True,True,True
N20_lambda0p5_rep005_seed18293299646245598810,18293299646245598810,5,20,4,"[5, 5, 5, 5]","[[17, 24, 29, 39, 43], [6, 14, 21, 36, 39], [5, 7, 25, 30, 32], [2, 9, 19, 29, 33]]",0.5,0.5,0.5,0.125,1,3,PP,uniform_600s,8,8,8,8,"[[3, 2], [3, 2], [2, 3], [2, 1, 2]]",9,30,150,0.8,0.0018125,20,36.4,728,109.65,2193,600.0,12,OPTIMAL,4.0,80.0,80.0,0.0,0.009301900863647461,0.004603407345712185,0.013966218714654446,1.0,0.00015497207641601562,3,OPTIMAL,2.55,0.0,0.17424297332763672,2.55,uniform_600s,4.0,4.0,1.4500000000000002,True,108.2,True,True,True
N20_lambda0p5_rep006_seed13045314652017274494,13045314652017274494,6,20,4,"[5, 5, 5, 5]","[[4, 9, 24, 35, 43], [16, 33, 52, 58, 77], [6, 8, 19, 23, 26], [9, 15, 24, 27, 31]]",0.5,0.5,0.5,0.125,1,3,PP,uniform_600s,2,2,2,2,"[[1, 1, 1, 1, 1], [1, 1, 1, 1, 1], [2, 1, 1, 1], [1, 1, 1, 1, 1]]",19,135,150,0.09999999999999998,0.0017825,20,0.75,15,7.5,150,600.0,12,OPTIMAL,1.75,35.0,35.0,0.0,0.031072139739990234,0.006624011322855949,0.03775678849294901,1.0,0.0012669563293457031,6,OPTIMAL,1.75,0.0,0.0705881118774414,1.75,uniform_600s,1.75,1.75,0.0,True,7.5,True,True,True
N20_lambda0p5_rep006_seed13045314652017274494,13045314652017274494,6,20,4,"[5, 5, 5, 5]","[[4, 9, 24, 35, 43], [16, 33, 52, 58, 77], [6, 8, 19, 23, 26], [9, 15, 24, 27, 31]]",0.5,0.5,0.5,0.125,1,3,PP,uniform_600s,2,2,4,4,"[[1, 1, 1, 1, 1], [1, 1, 1, 1, 1], [2, 1, 1, 1], [1, 1, 1, 1, 1]]",19,135,150,0.09999999999999998,0.001823,20,0.75,15,11.25,225,600.0,12,OPTIMAL,1.75,35.0,35.0,0.0,0.03009796142578125,0.006612884812057018,0.0367715604895215,1.0,0.001294851303100586,6,OPTIMAL,1.75,0.0,0.0705881118774414,1.75,uniform_600s,1.75,1.75,0.0,True,11.25,True,True,True
N20_lambda0p5_rep006_seed13045314652017274494,13045314652017274494,6,20,4,"[5, 5, 5, 5]","[[4, 9, 24, 35, 43], [16, 33, 52, 58, 77], [6, 8, 19, 23, 26], [9, 15, 24, 27, 31]]",0.5,0.5,0.5,0.125,1,3,PP,uniform_600s,2,2,6,6,"[[1, 1, 1, 1, 1], [1, 1, 1, 1, 1], [2, 1, 1, 1], [1, 1, 1, 1, 1]]",19,135,150,0.09999999999999998,0.001763,20,0.75,15,12.0,240,600.0,12,OPTIMAL,1.75,35.0,35.0,0.0,0.029174089431762695,0.006322366185486317,0.03555300739299107,1.0,0.0012850761413574219,6,OPTIMAL,1.75,0.0,0.0705881118774414,1.75,uniform_600s,1.75,1.75,0.0,True,12.0,True,True,True
N20_lambda0p5_rep006_seed13045314652017274494,13045314652017274494,6,20,4,"[5, 5, 5, 5]","[[4, 9, 24, 35, 43], [16, 33, 52, 58, 77], [6, 8, 19, 23, 26], [9, 15, 24, 27, 31]]",0.5,0.5,0.5,0.125,1,3,PP,uniform_600s,2,2,8,8,"[[1, 1, 1, 1, 1], [1, 1, 1, 1, 1], [2, 1, 1, 1], [1, 1, 1, 1, 1]]",19,135,150,0.09999999999999998,0.0029495,20,0.75,15,12.75,255,600.0,12,OPTIMAL,1.75,35.0,35.0,0.0,0.034425973892211914,0.009915987960994244,0.0444023385658021,1.0,0.0013849735260009766,6,OPTIMAL,1.75,0.0,0.0705881118774414,1.75,uniform_600s,1.75,1.75,0.0,True,12.75,True,True,True
N20_lambda0p5_rep006_seed13045314652017274494,13045314652017274494,6,20,4,"[5, 5, 5, 5]","[[4, 9, 24, 35, 43], [16, 33, 52, 58, 77], [6, 8, 19, 23, 26], [9, 15, 24, 27, 31]]",0.5,0.5,0.5,0.125,1,3,PP,uniform_600s,4,4,2,2,"[[1, 1, 1, 1, 1], [1, 1, 1, 1, 1], [2, 2, 1], [1, 1, 2, 1]]",17,107,150,0.2866666666666666,0.004372,20,4.6,92,26.5,530,600.0,12,OPTIMAL,1.75,35.0,35.0,0.0,0.01837611198425293,0.006570430472493172,0.025001936032673835,1.0,0.0014309883117675781,4,OPTIMAL,1.75,0.0,0.0705881118774414,1.75,uniform_600s,1.75,1.75,0.0,True,26.5,True,True,True
N20_lambda0p5_rep006_seed13045314652017274494,13045314652017274494,6,20,4,"[5, 5, 5, 5]","[[4, 9, 24, 35, 43], [16, 33, 52, 58, 77], [6, 8, 19, 23, 26], [9, 15, 24, 27, 31]]",0.5,0.5,0.5,0.125,1,3,PP,uniform_600s,4,4,4,4,"[[1, 1, 1, 1, 1], [1, 1, 1, 1, 1], [2, 3], [1, 1, 3]]",15,81,150,0.45999999999999996,0.005969,20,8.2,164,39.75,795,600.0,12,OPTIMAL,1.75,35.0,34.99999999999875,0.0,0.008563041687011719,0.007439874112606049,0.016062647257882597,1.0,0.00016689300537109375,3,OPTIMAL,1.75,0.0,0.0705881118774414,1.75,uniform_600s,1.75,1.75,0.0,True,39.75,True,True,True
N20_lambda0p5_rep006_seed13045314652017274494,13045314652017274494,6,20,4,"[5, 5, 5, 5]","[[4, 9, 24, 35, 43], [16, 33, 52, 58, 77], [6, 8, 19, 23, 26], [9, 15, 24, 27, 31]]",0.5,0.5,0.5,0.125,1,3,PP,uniform_600s,4,4,6,6,"[[1, 1, 1, 1, 1], [1, 1, 1, 1, 1], [2, 3], [1, 1, 3]]",15,81,150,0.45999999999999996,0.002349,20,8.2,164,42.4,848,600.0,12,OPTIMAL,1.75,35.0,34.99999999999875,0.0,0.008087158203125,0.005753195844590664,0.013910921494983674,1.0,0.0002391338348388672,3,OPTIMAL,1.75,0.0,0.0705881118774414,1.75,uniform_600s,1.75,1.75,0.0,True,42.4,True,True,True
N20_lambda0p5_rep006_seed13045314652017274494,13045314652017274494,6,20,4,"[5, 5, 5, 5]","[[4, 9, 24, 35, 43], [16, 33, 52, 58, 77], [6, 8, 19, 23, 26], [9, 15, 24, 27, 31]]",0.5,0.5,0.5,0.125,1,3,PP,uniform_600s,4,4,8,8,"[[1, 1, 1, 1, 1], [1, 1, 1, 1, 1], [2, 3], [1, 1, 3]]",15,81,150,0.45999999999999996,0.0017875,20,8.2,164,45.05,901,600.0,12,OPTIMAL,1.75,35.0,34.99999999999875,0.0,0.007976770401000977,0.005705473944544792,0.013743728691256046,1.0,0.0001938343048095703,3,OPTIMAL,1.75,0.0,0.0705881118774414,1.75,uniform_600s,1.75,1.75,0.0,True,45.05,True,True,True
N20_lambda0p5_rep006_seed13045314652017274494,13045314652017274494,6,20,4,"[5, 5, 5, 5]","[[4, 9, 24, 35, 43], [16, 33, 52, 58, 77], [6, 8, 19, 23, 26], [9, 15, 24, 27, 31]]",0.5,0.5,0.5,0.125,1,3,PP,uniform_600s,6,6,2,2,"[[2, 1, 1, 1], [1, 1, 2, 1], [2, 2, 1], [2, 2, 1]]",14,73,150,0.5133333333333333,0.002343,20,16.8,336,45.5,910,600.0,12,OPTIMAL,2.3,46.0,46.0,0.0,0.023286819458007812,0.006717703305184841,0.030078151987021445,1.0,0.0002319812774658203,3,OPTIMAL,1.75,0.0,0.0705881118774414,1.75,uniform_600s,2.3,2.3,0.5499999999999998,True,44.95,True,True,True
N20_lambda0p5_rep006_seed13045314652017274494,13045314652017274494,6,20,4,"[5, 5, 5, 5]","[[4, 9, 24, 35, 43], [16, 33, 52, 58, 77], [6, 8, 19, 23, 26], [9, 15, 24, 27, 31]]",0.5,0.5,0.5,0.125,1,3,PP,uniform_600s,6,6,4,4,"[[2, 1, 1, 1], [1, 1, 2, 1], [2, 3], [2, 3]]",12,52,150,0.6533333333333333,0.0029695,20,20.4,408,68.25,1365,600.0,12,OPTIMAL,2.3,46.0,46.0,0.0,0.007024049758911133,0.007113042287528515,0.014228341613287449,1.0,0.0002129077911376953,3,OPTIMAL,1.75,0.0,0.0705881118774414,1.75,uniform_600s,2.3,2.3,0.5499999999999998,True,67.7,True,True,True
N20_lambda0p5_rep006_seed13045314652017274494,13045314652017274494,6,20,4,"[5, 5, 5, 5]","[[4, 9, 24, 35, 43], [16, 33, 52, 58, 77], [6, 8, 19, 23, 26], [9, 15, 24, 27, 31]]",0.5,0.5,0.5,0.125,1,3,PP,uniform_600s,6,6,6,6,"[[2, 1, 1, 1], [1, 1, 2, 1], [2, 3], [2, 3]]",12,52,150,0.6533333333333333,0.002889,20,20.4,408,72.8,1456,600.0,12,OPTIMAL,2.3,46.0,46.0,0.0,0.006999969482421875,0.006802381947636604,0.01388217791927004,1.0,0.0002071857452392578,3,OPTIMAL,1.75,0.0,0.0705881118774414,1.75,uniform_600s,2.3,2.3,0.5499999999999998,True,72.25,True,True,True
N20_lambda0p5_rep006_seed13045314652017274494,13045314652017274494,6,20,4,"[5, 5, 5, 5]","[[4, 9, 24, 35, 43], [16, 33, 52, 58, 77], [6, 8, 19, 23, 26], [9, 15, 24, 27, 31]]",0.5,0.5,0.5,0.125,1,3,PP,uniform_600s,6,6,8,8,"[[2, 1, 1, 1], [1, 1, 2, 1], [2, 3], [2, 3]]",12,52,150,0.6533333333333333,0.0022735,20,20.4,408,77.35,1547,600.0,12,OPTIMAL,2.3,46.0,46.0,0.0,0.00637507438659668,0.005554475821554661,0.011995291478966236,1.0,0.0001678466796875,3,OPTIMAL,1.75,0.0,0.0705881118774414,1.75,uniform_600s,2.3,2.3,0.5499999999999998,True,76.8,True,True,True
N20_lambda0p5_rep006_seed13045314652017274494,13045314652017274494,6,20,4,"[5, 5, 5, 5]","[[4, 9, 24, 35, 43], [16, 33, 52, 58, 77], [6, 8, 19, 23, 26], [9, 15, 24, 27, 31]]",0.5,0.5,0.5,0.125,1,3,PP,uniform_600s,8,8,2,2,"[[2, 1, 2], [1, 1, 2, 1], [2, 2, 1], [2, 2, 1]]",13,63,150,0.5800000000000001,0.0017875,20,22.2,444,64.5,1290,600.0,12,OPTIMAL,2.4,48.0,48.0,0.0,0.031016826629638672,0.005040057934820652,0.03611447132519484,29.0,0.00016498565673828125,7,OPTIMAL,1.75,0.0,0.0705881118774414,1.75,uniform_600s,2.4,2.4,0.6499999999999999,True,63.85,True,True,True
N20_lambda0p5_rep006_seed13045314652017274494,13045314652017274494,6,20,4,"[5, 5, 5, 5]","[[4, 9, 24, 35, 43], [16, 33, 52, 58, 77], [6, 8, 19, 23, 26], [9, 15, 24, 27, 31]]",0.5,0.5,0.5,0.125,1,3,PP,uniform_600s,8,8,4,4,"[[2, 1, 2], [1, 1, 2, 1], [2, 3], [2, 3]]",11,44,150,0.7066666666666667,0.0042615,20,25.8,516,96.75,1935,600.0,12,OPTIMAL,2.4,48.0,47.99999999999886,0.0,0.00566411018371582,0.005036060698330402,0.010755381314813137,1.0,0.00015306472778320312,2,OPTIMAL,1.75,0.0,0.0705881118774414,1.75,uniform_600s,2.4,2.4,0.6499999999999999,True,96.1,True,True,True
N20_lambda0p5_rep006_seed13045314652017274494,13045314652017274494,6,20,4,"[5, 5, 5, 5]","[[4, 9, 24, 35, 43], [16, 33, 52, 58, 77], [6, 8, 19, 23, 26], [9, 15, 24, 27, 31]]",0.5,0.5,0.5,0.125,1,3,PP,uniform_600s,8,8,6,6,"[[2, 1, 2], [1, 1, 2, 1], [2, 3], [2, 3]]",11,44,150,0.7066666666666667,0.0043415,20,25.8,516,103.2,2064,600.0,12,OPTIMAL,2.4,48.0,47.99999999999886,0.0,0.005461215972900391,0.004923922009766102,0.010440365085498332,1.0,0.00015807151794433594,2,OPTIMAL,1.75,0.0,0.0705881118774414,1.75,uniform_600s,2.4,2.4,0.6499999999999999,True,102.55,True,True,True
N20_lambda0p5_rep006_seed13045314652017274494,13045314652017274494,6,20,4,"[5, 5, 5, 5]","[[4, 9, 24, 35, 43], [16, 33, 52, 58, 77], [6, 8, 19, 23, 26], [9, 15, 24, 27, 31]]",0.5,0.5,0.5,0.125,1,3,PP,uniform_600s,8,8,8,8,"[[2, 1, 2], [1, 1, 2, 1], [2, 3], [2, 3]]",11,44,150,0.7066666666666667,0.001883,20,25.8,516,109.65,2193,600.0,12,OPTIMAL,2.4,48.0,47.99999999999886,0.0,0.0058710575103759766,0.004913857206702232,0.010840154118700504,1.0,0.00016021728515625,2,OPTIMAL,1.75,0.0,0.0705881118774414,1.75,uniform_600s,2.4,2.4,0.6499999999999999,True,109.0,True,True,True
N20_lambda0p5_rep007_seed18075811805005086350,18075811805005086350,7,20,4,"[5, 5, 5, 5]","[[8, 31, 36, 44, 48], [40, 49, 83, 85, 99], [2, 10, 10, 12, 22], [8, 27, 35, 41, 46]]",0.5,0.5,0.5,0.125,1,3,PP,uniform_600s,2,2,2,2,"[[1, 1, 1, 1, 1], [1, 1, 2, 1], [1, 2, 1, 1], [1, 1, 1, 1, 1]]",18,121,150,0.19333333333333336,0.001868,20,0.65,13,7.5,150,600.0,12,OPTIMAL,1.45,29.0,28.999999999999716,0.0,0.032903194427490234,0.0064438702538609505,0.039400729117661,21.0,0.0013680458068847656,6,OPTIMAL,1.45,0.0,0.04261898994445801,1.45,uniform_600s,1.45,1.45,0.0,True,7.5,True,True,True
N20_lambda0p5_rep007_seed18075811805005086350,18075811805005086350,7,20,4,"[5, 5, 5, 5]","[[8, 31, 36, 44, 48], [40, 49, 83, 85, 99], [2, 10, 10, 12, 22], [8, 27, 35, 41, 46]]",0.5,0.5,0.5,0.125,1,3,PP,uniform_600s,2,2,4,4,"[[1, 1, 1, 1, 1], [1, 1, 2, 1], [1, 3, 1], [1, 1, 1, 1, 1]]",17,107,150,0.2866666666666666,0.004577,20,1.3,26,11.25,225,600.0,12,OPTIMAL,1.45,29.0,29.0,0.0,0.021104812622070312,0.006127672269940376,0.02728953819379997,1.0,0.001233816146850586,5,OPTIMAL,1.45,0.0,0.04261898994445801,1.45,uniform_600s,1.45,1.45,0.0,True,11.25,True,True,True
N20_lambda0p5_rep007_seed18075811805005086350,18075811805005086350,7,20,4,"[5, 5, 5, 5]","[[8, 31, 36, 44, 48], [40, 49, 83, 85, 99], [2, 10, 10, 12, 22], [8, 27, 35, 41, 46]]",0.5,0.5,0.5,0.125,1,3,PP,uniform_600s,2,2,6,6,"[[1, 1, 1, 1, 1], [1, 1, 2, 1], [1, 3, 1], [1, 1, 1, 1, 1]]",17,107,150,0.2866666666666666,0.001838,20,1.3,26,12.0,240,600.0,12,OPTIMAL,1.45,29.0,29.0,0.0,0.01865100860595703,0.006037075072526932,0.02474165199089098,1.0,0.0012099742889404297,5,OPTIMAL,1.45,0.0,0.04261898994445801,1.45,uniform_600s,1.45,1.45,0.0,True,12.0,True,True,True
N20_lambda0p5_rep007_seed18075811805005086350,18075811805005086350,7,20,4,"[5, 5, 5, 5]","[[8, 31, 36, 44, 48], [40, 49, 83, 85, 99], [2, 10, 10, 12, 22], [8, 27, 35, 41, 46]]",0.5,0.5,0.5,0.125,1,3,PP,uniform_600s,2,2,8,8,"[[1, 1, 1, 1, 1], [1, 1, 2, 1], [1, 3, 1], [1, 1, 1, 1, 1]]",17,107,150,0.2866666666666666,0.002473,20,1.3,26,12.75,255,600.0,12,OPTIMAL,1.45,29.0,29.0,0.0,0.020643949508666992,0.006713768467307091,0.027420044283876895,1.0,0.0014908313751220703,5,OPTIMAL,1.45,0.0,0.04261898994445801,1.45,uniform_600s,1.45,1.45,0.0,True,12.75,True,True,True
N20_lambda0p5_rep007_seed18075811805005086350,18075811805005086350,7,20,4,"[5, 5, 5, 5]","[[8, 31, 36, 44, 48], [40, 49, 83, 85, 99], [2, 10, 10, 12, 22], [8, 27, 35, 41, 46]]",0.5,0.5,0.5,0.125,1,3,PP,uniform_600s,4,4,2,2,"[[1, 1, 1, 2], [1, 1, 2, 1], [1, 2, 1, 1], [1, 1, 1, 1, 1]]",17,108,150,0.28,0.002403,20,2.85,57,26.5,530,600.0,12,OPTIMAL,1.45,29.0,28.999999999999545,0.0,0.014954090118408203,0.006625243462622166,0.02163454909026909,1.0,0.00019407272338867188,3,OPTIMAL,1.45,0.0,0.04261898994445801,1.45,uniform_600s,1.45,1.45,0.0,True,26.5,True,True,True
N20_lambda0p5_rep007_seed18075811805005086350,18075811805005086350,7,20,4,"[5, 5, 5, 5]","[[8, 31, 36, 44, 48], [40, 49, 83, 85, 99], [2, 10, 10, 12, 22], [8, 27, 35, 41, 46]]",0.5,0.5,0.5,0.125,1,3,PP,uniform_600s,4,4,4,4,"[[1, 1, 1, 2], [1, 1, 2, 1], [1, 3, 1], [1, 1, 1, 1, 1]]",16,95,150,0.3666666666666667,0.001828,20,3.5,70,39.75,795,600.0,12,OPTIMAL,1.45,29.0,29.0,0.0,0.010184049606323242,0.006471913307905197,0.016709462553313254,1.0,0.00016498565673828125,4,OPTIMAL,1.45,0.0,0.04261898994445801,1.45,uniform_600s,1.45,1.45,0.0,True,39.75,True,True,True
N20_lambda0p5_rep007_seed18075811805005086350,18075811805005086350,7,20,4,"[5, 5, 5, 5]","[[8, 31, 36, 44, 48], [40, 49, 83, 85, 99], [2, 10, 10, 12, 22], [8, 27, 35, 41, 46]]",0.5,0.5,0.5,0.125,1,3,PP,uniform_600s,4,4,6,6,"[[1, 1, 1, 2], [1, 1, 2, 1], [1, 3, 1], [1, 1, 1, 1, 1]]",16,95,150,0.3666666666666667,0.0018475,20,3.5,70,42.4,848,600.0,12,OPTIMAL,1.45,29.0,29.0,0.0,0.01076507568359375,0.0064443014562129974,0.017264529818687438,1.0,0.00016498565673828125,4,OPTIMAL,1.45,0.0,0.04261898994445801,1.45,uniform_600s,1.45,1.45,0.0,True,42.4,True,True,True
N20_lambda0p5_rep007_seed18075811805005086350,18075811805005086350,7,20,4,"[5, 5, 5, 5]","[[8, 31, 36, 44, 48], [40, 49, 83, 85, 99], [2, 10, 10, 12, 22], [8, 27, 35, 41, 46]]",0.5,0.5,0.5,0.125,1,3,PP,uniform_600s,4,4,8,8,"[[1, 1, 1, 2], [1, 1, 2, 1], [1, 3, 1], [1, 1, 1, 1, 1]]",16,95,150,0.3666666666666667,0.002414,20,3.5,70,45.05,901,600.0,12,OPTIMAL,1.45,29.0,29.0,0.0,0.010103940963745117,0.00628441758453846,0.01644120087173128,1.0,0.00016498565673828125,4,OPTIMAL,1.45,0.0,0.04261898994445801,1.45,uniform_600s,1.45,1.45,0.0,True,45.05,True,True,True
N20_lambda0p5_rep007_seed18075811805005086350,18075811805005086350,7,20,4,"[5, 5, 5, 5]","[[8, 31, 36, 44, 48], [40, 49, 83, 85, 99], [2, 10, 10, 12, 22], [8, 27, 35, 41, 46]]",0.5,0.5,0.5,0.125,1,3,PP,uniform_600s,6,6,2,2,"[[1, 2, 2], [1, 1, 2, 1], [1, 2, 1, 1], [1, 1, 2, 1]]",15,84,150,0.43999999999999995,0.0018125,20,10.3,206,45.5,910,600.0,12,OPTIMAL,1.65,33.0,32.999999999999204,0.0,0.010416030883789062,0.005281201563775539,0.01577811702811718,1.0,0.0001590251922607422,4,OPTIMAL,1.45,0.0,0.04261898994445801,1.45,uniform_600s,1.7,1.65,0.19999999999999996,True,45.3,True,True,True
N20_lambda0p5_rep007_seed18075811805005086350,18075811805005086350,7,20,4,"[5, 5, 5, 5]","[[8, 31, 36, 44, 48], [40, 49, 83, 85, 99], [2, 10, 10, 12, 22], [8, 27, 35, 41, 46]]",0.5,0.5,0.5,0.125,1,3,PP,uniform_600s,6,6,4,4,"[[1, 2, 2], [1, 1, 2, 1], [1, 3, 1], [1, 1, 3]]",13,63,150,0.5800000000000001,0.0044765,20,13.95,279,68.25,1365,600.0,12,OPTIMAL,1.7,34.0,34.0,0.0,0.00548100471496582,0.005572672933340073,0.011110502858902454,1.0,0.0001800060272216797,3,OPTIMAL,1.45,0.0,0.04261898994445801,1.45,uniform_600s,1.7,1.7,0.25,True,68.0,True,True,True
N20_lambda0p5_rep007_seed18075811805005086350,18075811805005086350,7,20,4,"[5, 5, 5, 5]","[[8, 31, 36, 44, 48], [40, 49, 83, 85, 99], [2, 10, 10, 12, 22], [8, 27, 35, 41, 46]]",0.5,0.5,0.5,0.125,1,3,PP,uniform_600s,6,6,6,6,"[[1, 2, 2], [1, 1, 2, 1], [1, 3, 1], [1, 1, 3]]",13,63,150,0.5800000000000001,0.002133,20,13.95,279,72.8,1456,600.0,12,OPTIMAL,1.7,34.0,34.0,0.0,0.005716800689697266,0.004968320019543171,0.010738101127846717,1.0,0.0001499652862548828,3,OPTIMAL,1.45,0.0,0.04261898994445801,1.45,uniform_600s,1.7,1.7,0.25,True,72.55,True,True,True
N20_lambda0p5_rep007_seed18075811805005086350,18075811805005086350,7,20,4,"[5, 5, 5, 5]","[[8, 31, 36, 44, 48], [40, 49, 83, 85, 99], [2, 10, 10, 12, 22], [8, 27, 35, 41, 46]]",0.5,0.5,0.5,0.125,1,3,PP,uniform_600s,6,6,8,8,"[[1, 2, 2], [1, 1, 2, 1], [1, 3, 1], [1, 1, 3]]",13,63,150,0.5800000000000001,0.0018975,20,13.95,279,77.35,1547,600.0,12,OPTIMAL,1.7,34.0,34.0,0.0,0.005569934844970703,0.004873465746641159,0.010496098944089413,1.0,0.00015592575073242188,3,OPTIMAL,1.45,0.0,0.04261898994445801,1.45,uniform_600s,1.7,1.7,0.25,True,77.1,True,True,True
N20_lambda0p5_rep007_seed18075811805005086350,18075811805005086350,7,20,4,"[5, 5, 5, 5]","[[8, 31, 36, 44, 48], [40, 49, 83, 85, 99], [2, 10, 10, 12, 22], [8, 27, 35, 41, 46]]",0.5,0.5,0.5,0.125,1,3,PP,uniform_600s,8,8,2,2,"[[1, 2, 2], [1, 1, 2, 1], [2, 2, 1], [1, 2, 2]]",13,63,150,0.5800000000000001,0.001843,20,22.45,449,64.5,1290,600.0,12,OPTIMAL,2.25,45.0,45.0,0.0,0.008157014846801758,0.005023723468184471,0.01323427437449026,1.0,0.00014710426330566406,3,OPTIMAL,1.45,0.0,0.04261898994445801,1.45,uniform_600s,4.15,2.25,0.8,True,63.7,True,True,True
N20_lambda0p5_rep007_seed18075811805005086350,18075811805005086350,7,20,4,"[5, 5, 5, 5]","[[8, 31, 36, 44, 48], [40, 49, 83, 85, 99], [2, 10, 10, 12, 22], [8, 27, 35, 41, 46]]",0.5,0.5,0.5,0.125,1,3,PP,uniform_600s,8,8,4,4,"[[1, 4], [1, 1, 2, 1], [4, 1], [1, 4]]",10,36,150,0.76,0.0018375,20,32.25,645,96.75,1935,600.0,12,OPTIMAL,4.15,83.0,83.0,0.0,0.005063056945800781,0.004420681856572628,0.00953354407157898,1.0,0.00013709068298339844,3,OPTIMAL,1.45,0.0,0.04261898994445801,1.45,uniform_600s,4.15,4.15,2.7,True,94.05,True,True,True
N20_lambda0p5_rep007_seed18075811805005086350,18075811805005086350,7,20,4,"[5, 5, 5, 5]","[[8, 31, 36, 44, 48], [40, 49, 83, 85, 99], [2, 10, 10, 12, 22], [8, 27, 35, 41, 46]]",0.5,0.5,0.5,0.125,1,3,PP,uniform_600s,8,8,6,6,"[[1, 4], [1, 1, 2, 1], [4, 1], [1, 4]]",10,36,150,0.76,0.0017475,20,32.25,645,103.2,2064,600.0,12,OPTIMAL,4.15,83.0,83.0,0.0,0.005338907241821289,0.004360560327768326,0.009750062007305622,1.0,0.00013399124145507812,3,OPTIMAL,1.45,0.0,0.04261898994445801,1.45,uniform_600s,4.15,4.15,2.7,True,100.5,True,True,True
N20_lambda0p5_rep007_seed18075811805005086350,18075811805005086350,7,20,4,"[5, 5, 5, 5]","[[8, 31, 36, 44, 48], [40, 49, 83, 85, 99], [2, 10, 10, 12, 22], [8, 27, 35, 41, 46]]",0.5,0.5,0.5,0.125,1,3,PP,uniform_600s,8,8,8,8,"[[1, 4], [1, 1, 2, 1], [4, 1], [1, 4]]",10,36,150,0.76,0.004547,20,32.25,645,109.65,2193,600.0,12,OPTIMAL,4.15,83.0,83.0,0.0,0.005563974380493164,0.004751160740852356,0.010368582144448281,1.0,0.00013399124145507812,3,OPTIMAL,1.45,0.0,0.04261898994445801,1.45,uniform_600s,4.15,4.15,2.7,True,106.95,True,True,True
N20_lambda0p5_rep008_seed4409157220798332944,4409157220798332944,8,20,4,"[5, 5, 5, 5]","[[2, 13, 44, 55, 70], [9, 10, 14, 14, 34], [8, 16, 18, 23, 28], [18, 24, 26, 39, 39]]",0.5,0.5,0.5,0.125,1,3,PP,uniform_600s,2,2,2,2,"[[1, 1, 1, 1, 1], [2, 2, 1], [1, 2, 1, 1], [1, 2, 2]]",15,83,150,0.44666666666666666,0.001848,20,1.4,28,7.5,150,600.0,12,OPTIMAL,1.8,36.0,36.0,0.0,0.01969599723815918,0.005957946181297302,0.025714902463267325,1.0,0.0013399124145507812,6,OPTIMAL,1.8,0.0,0.08315896987915039,1.8,uniform_600s,1.8,1.8,0.0,True,7.5,True,True,True
N20_lambda0p5_rep008_seed4409157220798332944,4409157220798332944,8,20,4,"[5, 5, 5, 5]","[[2, 13, 44, 55, 70], [9, 10, 14, 14, 34], [8, 16, 18, 23, 28], [18, 24, 26, 39, 39]]",0.5,0.5,0.5,0.125,1,3,PP,uniform_600s,2,2,4,4,"[[1, 1, 1, 1, 1], [2, 2, 1], [1, 2, 1, 1], [1, 2, 2]]",15,83,150,0.44666666666666666,0.001853,20,1.4,28,11.25,225,600.0,12,OPTIMAL,1.8,36.0,36.0,0.0,0.01588892936706543,0.005336225964128971,0.0212808965180068,1.0,0.0010991096496582031,6,OPTIMAL,1.8,0.0,0.08315896987915039,1.8,uniform_600s,1.8,1.8,0.0,True,11.25,True,True,True
N20_lambda0p5_rep008_seed4409157220798332944,4409157220798332944,8,20,4,"[5, 5, 5, 5]","[[2, 13, 44, 55, 70], [9, 10, 14, 14, 34], [8, 16, 18, 23, 28], [18, 24, 26, 39, 39]]",0.5,0.5,0.5,0.125,1,3,PP,uniform_600s,2,2,6,6,"[[1, 1, 1, 1, 1], [2, 2, 1], [1, 2, 1, 1], [1, 2, 2]]",15,83,150,0.44666666666666666,0.001903,20,1.4,28,12.0,240,600.0,12,OPTIMAL,1.8,36.0,36.0,0.0,0.016228199005126953,0.005233190022408962,0.021514879847589017,1.0,0.0011031627655029297,6,OPTIMAL,1.8,0.0,0.08315896987915039,1.8,uniform_600s,1.8,1.8,0.0,True,12.0,True,True,True
N20_lambda0p5_rep008_seed4409157220798332944,4409157220798332944,8,20,4,"[5, 5, 5, 5]","[[2, 13, 44, 55, 70], [9, 10, 14, 14, 34], [8, 16, 18, 23, 28], [18, 24, 26, 39, 39]]",0.5,0.5,0.5,0.125,1,3,PP,uniform_600s,2,2,8,8,"[[1, 1, 1, 1, 1], [2, 2, 1], [1, 2, 1, 1], [1, 2, 2]]",15,83,150,0.44666666666666666,0.001848,20,1.4,28,12.75,255,600.0,12,OPTIMAL,1.8,36.0,36.0,0.0,0.019665002822875977,0.006227643229067326,0.025959763000617503,1.0,0.0013859272003173828,6,OPTIMAL,1.8,0.0,0.08315896987915039,1.8,uniform_600s,1.8,1.8,0.0,True,12.75,True,True,True
N20_lambda0p5_rep008_seed4409157220798332944,4409157220798332944,8,20,4,"[5, 5, 5, 5]","[[2, 13, 44, 55, 70], [9, 10, 14, 14, 34], [8, 16, 18, 23, 28], [18, 24, 26, 39, 39]]",0.5,0.5,0.5,0.125,1,3,PP,uniform_600s,4,4,2,2,"[[1, 1, 1, 1, 1], [2, 2, 1], [1, 2, 1, 1], [1, 2, 2]]",15,83,150,0.44666666666666666,0.002489,20,1.4,28,26.5,530,600.0,12,OPTIMAL,1.8,36.0,36.0,0.0,0.01919412612915039,0.007542841136455536,0.026814183726347925,1.0,0.001583099365234375,6,OPTIMAL,1.8,0.0,0.08315896987915039,1.8,uniform_600s,1.8,1.8,0.0,True,26.5,True,True,True
N20_lambda0p5_rep008_seed4409157220798332944,4409157220798332944,8,20,4,"[5, 5, 5, 5]","[[2, 13, 44, 55, 70], [9, 10, 14, 14, 34], [8, 16, 18, 23, 28], [18, 24, 26, 39, 39]]",0.5,0.5,0.5,0.125,1,3,PP,uniform_600s,4,4,4,4,"[[1, 1, 1, 1, 1], [4, 1], [1, 2, 1, 1], [1, 2, 2]]",14,71,150,0.5266666666666666,0.001818,20,3.9,78,39.75,795,600.0,12,OPTIMAL,1.8,36.0,36.0,0.0,0.009881019592285156,0.005507154390215874,0.015445731638591767,1.0,0.00096893310546875,6,OPTIMAL,1.8,0.0,0.08315896987915039,1.8,uniform_600s,1.8,1.8,0.0,True,39.75,True,True,True
N20_lambda0p5_rep008_seed4409157220798332944,4409157220798332944,8,20,4,"[5, 5, 5, 5]","[[2, 13, 44, 55, 70], [9, 10, 14, 14, 34], [8, 16, 18, 23, 28], [18, 24, 26, 39, 39]]",0.5,0.5,0.5,0.125,1,3,PP,uniform_600s,4,4,6,6,"[[1, 1, 1, 1, 1], [4, 1], [1, 2, 1, 1], [1, 2, 2]]",14,71,150,0.5266666666666666,0.001818,20,3.9,78,42.4,848,600.0,12,OPTIMAL,1.8,36.0,36.0,0.0,0.009879112243652344,0.005214792676270008,0.015150605759244443,1.0,0.0009419918060302734,6,OPTIMAL,1.8,0.0,0.08315896987915039,1.8,uniform_600s,1.8,1.8,0.0,True,42.4,True,True,True
N20_lambda0p5_rep008_seed4409157220798332944,4409157220798332944,8,20,4,"[5, 5, 5, 5]","[[2, 13, 44, 55, 70], [9, 10, 14, 14, 34], [8, 16, 18, 23, 28], [18, 24, 26, 39, 39]]",0.5,0.5,0.5,0.125,1,3,PP,uniform_600s,4,4,8,8,"[[1, 1, 1, 1, 1], [4, 1], [1, 2, 1, 1], [1, 2, 2]]",14,71,150,0.5266666666666666,0.001818,20,3.9,78,45.05,901,600.0,12,OPTIMAL,1.8,36.0,36.0,0.0,0.009652853012084961,0.005066258832812309,0.014775979390960217,1.0,0.0009448528289794922,6,OPTIMAL,1.8,0.0,0.08315896987915039,1.8,uniform_600s,1.8,1.8,0.0,True,45.05,True,True,True
N20_lambda0p5_rep008_seed4409157220798332944,4409157220798332944,8,20,4,"[5, 5, 5, 5]","[[2, 13, 44, 55, 70], [9, 10, 14, 14, 34], [8, 16, 18, 23, 28], [18, 24, 26, 39, 39]]",0.5,0.5,0.5,0.125,1,3,PP,uniform_600s,6,6,2,2,"[[1, 1, 1, 1, 1], [2, 2, 1], [1, 2, 2], [2, 1, 2]]",14,72,150,0.52,0.001853,20,8.25,165,45.5,910,600.0,12,OPTIMAL,1.9,38.0,38.0,0.0,0.007740020751953125,0.005059468559920788,0.012855631898715972,1.0,0.00015592575073242188,4,OPTIMAL,1.8,0.0,0.08315896987915039,1.8,uniform_600s,2.5,1.9,0.09999999999999987,True,45.4,True,True,True
N20_lambda0p5_rep008_seed4409157220798332944,4409157220798332944,8,20,4,"[5, 5, 5, 5]","[[2, 13, 44, 55, 70], [9, 10, 14, 14, 34], [8, 16, 18, 23, 28], [18, 24, 26, 39, 39]]",0.5,0.5,0.5,0.125,1,3,PP,uniform_600s,6,6,4,4,"[[1, 1, 1, 1, 1], [4, 1], [1, 4], [3, 2]]",11,42,150,0.72,0.0018225,20,14.65,293,68.25,1365,600.0,12,OPTIMAL,2.5,50.0,50.0,0.0,0.0028569698333740234,0.004471157677471638,0.007378952479431629,1.0,0.00013518333435058594,4,OPTIMAL,1.8,0.0,0.08315896987915039,1.8,uniform_600s,2.5,2.5,0.7,True,67.55,True,True,True
N20_lambda0p5_rep008_seed4409157220798332944,4409157220798332944,8,20,4,"[5, 5, 5, 5]","[[2, 13, 44, 55, 70], [9, 10, 14, 14, 34], [8, 16, 18, 23, 28], [18, 24, 26, 39, 39]]",0.5,0.5,0.5,0.125,1,3,PP,uniform_600s,6,6,6,6,"[[1, 1, 1, 1, 1], [4, 1], [1, 4], [3, 2]]",11,42,150,0.72,0.0018175,20,14.65,293,72.8,1456,600.0,12,OPTIMAL,2.5,50.0,50.0,0.0,0.003309965133666992,0.004377406090497971,0.007739673858289719,1.0,0.00022983551025390625,4,OPTIMAL,1.8,0.0,0.08315896987915039,1.8,uniform_600s,2.5,2.5,0.7,True,72.1,True,True,True
N20_lambda0p5_rep008_seed4409157220798332944,4409157220798332944,8,20,4,"[5, 5, 5, 5]","[[2, 13, 44, 55, 70], [9, 10, 14, 14, 34], [8, 16, 18, 23, 28], [18, 24, 26, 39, 39]]",0.5,0.5,0.5,0.125,1,3,PP,uniform_600s,6,6,8,8,"[[1, 1, 1, 1, 1], [4, 1], [1, 4], [3, 2]]",11,42,150,0.72,0.001782,20,14.65,293,77.35,1547,600.0,12,OPTIMAL,2.5,50.0,50.0,0.0,0.0026710033416748047,0.0043601710349321365,0.0070837255641169545,1.0,0.00013518333435058594,4,OPTIMAL,1.8,0.0,0.08315896987915039,1.8,uniform_600s,2.5,2.5,0.7,True,76.64999999999999,True,True,True
N20_lambda0p5_rep008_seed4409157220798332944,4409157220798332944,8,20,4,"[5, 5, 5, 5]","[[2, 13, 44, 55, 70], [9, 10, 14, 14, 34], [8, 16, 18, 23, 28], [18, 24, 26, 39, 39]]",0.5,0.5,0.5,0.125,1,3,PP,uniform_600s,8,8,2,2,"[[1, 1, 1, 1, 1], [2, 2, 1], [2, 2, 1], [2, 1, 2]]",14,72,150,0.52,0.0029545,20,14.2,284,64.5,1290,600.0,12,OPTIMAL,2.15,43.0,43.0,0.0,0.010760068893432617,0.008056547492742538,0.018897833647410392,1.0,0.0002288818359375,3,OPTIMAL,1.8,0.0,0.08315896987915039,1.8,uniform_600s,3.1,2.15,0.34999999999999987,True,64.15,True,True,True
N20_lambda0p5_rep008_seed4409157220798332944,4409157220798332944,8,20,4,"[5, 5, 5, 5]","[[2, 13, 44, 55, 70], [9, 10, 14, 14, 34], [8, 16, 18, 23, 28], [18, 24, 26, 39, 39]]",0.5,0.5,0.5,0.125,1,3,PP,uniform_600s,8,8,4,4,"[[1, 1, 1, 1, 1], [4, 1], [4, 1], [3, 2]]",11,42,150,0.72,0.0023635,20,18.1,362,96.75,1935,600.0,12,OPTIMAL,2.65,53.0,53.0,0.0,0.003668069839477539,0.005814347416162491,0.009548691836000442,1.0,0.00016808509826660156,2,OPTIMAL,1.8,0.0,0.08315896987915039,1.8,uniform_600s,3.1,2.65,0.8499999999999999,True,95.9,True,True,True
N20_lambda0p5_rep008_seed4409157220798332944,4409157220798332944,8,20,4,"[5, 5, 5, 5]","[[2, 13, 44, 55, 70], [9, 10, 14, 14, 34], [8, 16, 18, 23, 28], [18, 24, 26, 39, 39]]",0.5,0.5,0.5,0.125,1,3,PP,uniform_600s,8,8,6,6,"[[1, 1, 1, 1, 1], [4, 1], [5], [3, 2]]",10,33,150,0.78,0.0023585,20,21.1,422,103.2,2064,600.0,12,OPTIMAL,3.1,62.0,62.0,0.0,0.001956939697265625,0.004658942110836506,0.006673602778550148,1.0,0.00013208389282226562,2,OPTIMAL,1.8,0.0,0.08315896987915039,1.8,uniform_600s,3.1,3.1,1.3,True,101.9,True,True,True
N20_lambda0p5_rep008_seed4409157220798332944,4409157220798332944,8,20,4,"[5, 5, 5, 5]","[[2, 13, 44, 55, 70], [9, 10, 14, 14, 34], [8, 16, 18, 23, 28], [18, 24, 26, 39, 39]]",0.5,0.5,0.5,0.125,1,3,PP,uniform_600s,8,8,8,8,"[[1, 1, 1, 1, 1], [4, 1], [5], [3, 2]]",10,33,150,0.78,0.002328,20,21.1,422,109.65,2193,600.0,12,OPTIMAL,3.1,62.0,62.0,0.0,0.0023260116577148438,0.0046803150326013565,0.007059043898215771,1.0,0.00013303756713867188,2,OPTIMAL,1.8,0.0,0.08315896987915039,1.8,uniform_600s,3.1,3.1,1.3,True,108.35000000000001,True,True,True
N20_lambda0p5_rep009_seed4061156344585402477,4061156344585402477,9,20,4,"[5, 5, 5, 5]","[[6, 14, 23, 33, 49], [6, 18, 25, 27, 34], [13, 34, 42, 50, 50], [0, 6, 19, 26, 40]]",0.5,0.5,0.5,0.125,1,3,PP,uniform_600s,2,2,2,2,"[[1, 1, 1, 1, 1], [1, 1, 2, 1], [1, 1, 1, 2], [1, 1, 1, 1, 1]]",18,121,150,0.19333333333333336,0.001823,20,0.65,13,7.5,150,600.0,12,OPTIMAL,2.5,50.0,50.0,0.0,0.09742617607116699,0.006609230302274227,0.10410839825062561,1782.0,0.0014040470123291016,8,OPTIMAL,2.5,0.0,0.17102789878845215,2.5,uniform_600s,2.5,2.5,0.0,True,7.5,True,True,True
N20_lambda0p5_rep009_seed4061156344585402477,4061156344585402477,9,20,4,"[5, 5, 5, 5]","[[6, 14, 23, 33, 49], [6, 18, 25, 27, 34], [13, 34, 42, 50, 50], [0, 6, 19, 26, 40]]",0.5,0.5,0.5,0.125,1,3,PP,uniform_600s,2,2,4,4,"[[1, 1, 1, 1, 1], [1, 1, 2, 1], [1, 1, 1, 2], [1, 1, 1, 1, 1]]",18,121,150,0.19333333333333336,0.001773,20,0.65,13,11.25,225,600.0,12,OPTIMAL,2.5,50.0,50.0,0.0,0.10289216041564941,0.0065517732873559,0.1095072484987359,1782.0,0.0013849735260009766,8,OPTIMAL,2.5,0.0,0.17102789878845215,2.5,uniform_600s,2.5,2.5,0.0,True,11.25,True,True,True
N20_lambda0p5_rep009_seed4061156344585402477,4061156344585402477,9,20,4,"[5, 5, 5, 5]","[[6, 14, 23, 33, 49], [6, 18, 25, 27, 34], [13, 34, 42, 50, 50], [0, 6, 19, 26, 40]]",0.5,0.5,0.5,0.125,1,3,PP,uniform_600s,2,2,6,6,"[[1, 1, 1, 1, 1], [1, 1, 2, 1], [1, 1, 1, 2], [1, 1, 1, 1, 1]]",18,121,150,0.19333333333333336,0.002449,20,0.65,13,12.0,240,600.0,12,OPTIMAL,2.5,50.0,50.0,0.0,0.11964297294616699,0.009455721825361252,0.12919726464313172,1782.0,0.002103090286254883,8,OPTIMAL,2.5,0.0,0.17102789878845215,2.5,uniform_600s,2.5,2.5,0.0,True,12.0,True,True,True
N20_lambda0p5_rep009_seed4061156344585402477,4061156344585402477,9,20,4,"[5, 5, 5, 5]","[[6, 14, 23, 33, 49], [6, 18, 25, 27, 34], [13, 34, 42, 50, 50], [0, 6, 19, 26, 40]]",0.5,0.5,0.5,0.125,1,3,PP,uniform_600s,2,2,8,8,"[[1, 1, 1, 1, 1], [1, 1, 2, 1], [1, 1, 1, 2], [1, 1, 1, 1, 1]]",18,121,150,0.19333333333333336,0.001833,20,0.65,13,12.75,255,600.0,12,OPTIMAL,2.5,50.0,50.0,0.0,0.11918091773986816,0.006579594686627388,0.12583078180324603,1782.0,0.0014538764953613281,8,OPTIMAL,2.5,0.0,0.17102789878845215,2.5,uniform_600s,2.5,2.5,0.0,True,12.75,True,True,True
N20_lambda0p5_rep009_seed4061156344585402477,4061156344585402477,9,20,4,"[5, 5, 5, 5]","[[6, 14, 23, 33, 49], [6, 18, 25, 27, 34], [13, 34, 42, 50, 50], [0, 6, 19, 26, 40]]",0.5,0.5,0.5,0.125,1,3,PP,uniform_600s,4,4,2,2,"[[1, 1, 1, 1, 1], [1, 1, 2, 1], [1, 1, 1, 2], [1, 1, 1, 1, 1]]",18,121,150,0.19333333333333336,0.0029395,20,0.65,13,26.5,530,600.0,12,OPTIMAL,2.5,50.0,50.0,0.0,0.11475110054016113,0.007166451774537563,0.12198163779833507,1782.0,0.0014560222625732422,8,OPTIMAL,2.5,0.0,0.17102789878845215,2.5,uniform_600s,2.5,2.5,0.0,True,26.5,True,True,True
N20_lambda0p5_rep009_seed4061156344585402477,4061156344585402477,9,20,4,"[5, 5, 5, 5]","[[6, 14, 23, 33, 49], [6, 18, 25, 27, 34], [13, 34, 42, 50, 50], [0, 6, 19, 26, 40]]",0.5,0.5,0.5,0.125,1,3,PP,uniform_600s,4,4,4,4,"[[1, 1, 1, 1, 1], [1, 1, 2, 1], [1, 1, 1, 2], [1, 1, 1, 1, 1]]",18,121,150,0.19333333333333336,0.0043715,20,0.65,13,39.75,795,600.0,12,OPTIMAL,2.5,50.0,50.0,0.0,0.10428285598754883,0.006583872251212597,0.1109320371061411,1782.0,0.001399993896484375,8,OPTIMAL,2.5,0.0,0.17102789878845215,2.5,uniform_600s,2.5,2.5,0.0,True,39.75,True,True,True
N20_lambda0p5_rep009_seed4061156344585402477,4061156344585402477,9,20,4,"[5, 5, 5, 5]","[[6, 14, 23, 33, 49], [6, 18, 25, 27, 34], [13, 34, 42, 50, 50], [0, 6, 19, 26, 40]]",0.5,0.5,0.5,0.125,1,3,PP,uniform_600s,4,4,6,6,"[[1, 1, 1, 1, 1], [1, 1, 2, 1], [1, 1, 1, 2], [1, 1, 1, 1, 1]]",18,121,150,0.19333333333333336,0.001733,20,0.65,13,42.4,848,600.0,12,OPTIMAL,2.5,50.0,50.0,0.0,0.11418581008911133,0.006691302172839642,0.12094726953150797,1782.0,0.0014028549194335938,8,OPTIMAL,2.5,0.0,0.17102789878845215,2.5,uniform_600s,2.5,2.5,0.0,True,42.4,True,True,True
N20_lambda0p5_rep009_seed4061156344585402477,4061156344585402477,9,20,4,"[5, 5, 5, 5]","[[6, 14, 23, 33, 49], [6, 18, 25, 27, 34], [13, 34, 42, 50, 50], [0, 6, 19, 26, 40]]",0.5,0.5,0.5,0.125,1,3,PP,uniform_600s,4,4,8,8,"[[1, 1, 1, 1, 1], [1, 1, 2, 1], [1, 1, 1, 2], [1, 1, 1, 1, 1]]",18,121,150,0.19333333333333336,0.0025485,20,0.65,13,45.05,901,600.0,12,OPTIMAL,2.5,50.0,50.0,0.0,0.11720800399780273,0.00952824205160141,0.12682221404373503,1782.0,0.0022079944610595703,8,OPTIMAL,2.5,0.0,0.17102789878845215,2.5,uniform_600s,2.5,2.5,0.0,True,45.05,True,True,True
N20_lambda0p5_rep009_seed4061156344585402477,4061156344585402477,9,20,4,"[5, 5, 5, 5]","[[6, 14, 23, 33, 49], [6, 18, 25, 27, 34], [13, 34, 42, 50, 50], [0, 6, 19, 26, 40]]",0.5,0.5,0.5,0.125,1,3,PP,uniform_600s,6,6,2,2,"[[1, 1, 1, 1, 1], [1, 1, 2, 1], [1, 1, 1, 2], [2, 1, 1, 1]]",17,108,150,0.28,0.0025485,20,5.2,104,45.5,910,600.0,12,OPTIMAL,2.5,50.0,50.0,0.0,0.12896203994750977,0.00867068488150835,0.13774516473620987,386.0,0.000308990478515625,9,OPTIMAL,2.5,0.0,0.17102789878845215,2.5,uniform_600s,2.5,2.5,0.0,True,45.5,True,True,True
N20_lambda0p5_rep009_seed4061156344585402477,4061156344585402477,9,20,4,"[5, 5, 5, 5]","[[6, 14, 23, 33, 49], [6, 18, 25, 27, 34], [13, 34, 42, 50, 50], [0, 6, 19, 26, 40]]",0.5,0.5,0.5,0.125,1,3,PP,uniform_600s,6,6,4,4,"[[1, 1, 1, 1, 1], [1, 1, 2, 1], [1, 1, 1, 2], [2, 1, 1, 1]]",17,108,150,0.28,0.002369,20,5.2,104,68.25,1365,600.0,12,OPTIMAL,2.5,50.0,50.0,0.0,0.12616300582885742,0.010046315379440784,0.13633300987480307,386.0,0.00032711029052734375,9,OPTIMAL,2.5,0.0,0.17102789878845215,2.5,uniform_600s,2.5,2.5,0.0,True,68.25,True,True,True
N20_lambda0p5_rep009_seed4061156344585402477,4061156344585402477,9,20,4,"[5, 5, 5, 5]","[[6, 14, 23, 33, 49], [6, 18, 25, 27, 34], [13, 34, 42, 50, 50], [0, 6, 19, 26, 40]]",0.5,0.5,0.5,0.125,1,3,PP,uniform_600s,6,6,6,6,"[[1, 1, 1, 1, 1], [1, 1, 2, 1], [1, 1, 1, 2], [2, 1, 1, 1]]",17,108,150,0.28,0.001832,20,5.2,104,72.8,1456,600.0,12,OPTIMAL,2.5,50.0,50.0,0.0,0.10757780075073242,0.00670379213988781,0.11435993210880231,386.0,0.0002148151397705078,9,OPTIMAL,2.5,0.0,0.17102789878845215,2.5,uniform_600s,2.5,2.5,0.0,True,72.8,True,True,True
N20_lambda0p5_rep009_seed4061156344585402477,4061156344585402477,9,20,4,"[5, 5, 5, 5]","[[6, 14, 23, 33, 49], [6, 18, 25, 27, 34], [13, 34, 42, 50, 50], [0, 6, 19, 26, 40]]",0.5,0.5,0.5,0.125,1,3,PP,uniform_600s,6,6,8,8,"[[1, 1, 1, 1, 1], [1, 1, 2, 1], [1, 1, 1, 2], [2, 1, 1, 1]]",17,108,150,0.28,0.0019075,20,5.2,104,77.35,1547,600.0,12,OPTIMAL,2.5,50.0,50.0,0.0,0.11272192001342773,0.006809092126786709,0.11961057331648588,386.0,0.00021600723266601562,9,OPTIMAL,2.5,0.0,0.17102789878845215,2.5,uniform_600s,2.5,2.5,0.0,True,77.35,True,True,True
N20_lambda0p5_rep009_seed4061156344585402477,4061156344585402477,9,20,4,"[5, 5, 5, 5]","[[6, 14, 23, 33, 49], [6, 18, 25, 27, 34], [13, 34, 42, 50, 50], [0, 6, 19, 26, 40]]",0.5,0.5,0.5,0.125,1,3,PP,uniform_600s,8,8,2,2,"[[2, 1, 1, 1], [1, 2, 2], [1, 2, 2], [2, 2, 1]]",13,63,150,0.5800000000000001,0.001798,20,31.8,636,64.5,1290,600.0,12,OPTIMAL,3.2,64.0,64.0,0.0,0.017509937286376953,0.0052132802084088326,0.022787198040447713,1.0,0.00014781951904296875,3,OPTIMAL,2.5,0.0,0.17102789878845215,2.5,uniform_600s,3.25,3.2,0.7000000000000002,True,63.8,True,True,True
N20_lambda0p5_rep009_seed4061156344585402477,4061156344585402477,9,20,4,"[5, 5, 5, 5]","[[6, 14, 23, 33, 49], [6, 18, 25, 27, 34], [13, 34, 42, 50, 50], [0, 6, 19, 26, 40]]",0.5,0.5,0.5,0.125,1,3,PP,uniform_600s,8,8,4,4,"[[2, 1, 1, 1], [1, 4], [1, 4], [2, 2, 1]]",11,44,150,0.7066666666666667,0.002904,20,38.2,764,96.75,1935,600.0,12,OPTIMAL,3.25,65.0,65.0,0.0,0.005137920379638672,0.006599745713174343,0.011805573614553451,1.0,0.0001609325408935547,4,OPTIMAL,2.5,0.0,0.17102789878845215,2.5,uniform_600s,3.25,3.25,0.75,True,96.0,True,True,True
N20_lambda0p5_rep009_seed4061156344585402477,4061156344585402477,9,20,4,"[5, 5, 5, 5]","[[6, 14, 23, 33, 49], [6, 18, 25, 27, 34], [13, 34, 42, 50, 50], [0, 6, 19, 26, 40]]",0.5,0.5,0.5,0.125,1,3,PP,uniform_600s,8,8,6,6,"[[2, 1, 1, 1], [1, 4], [1, 4], [2, 2, 1]]",11,44,150,0.7066666666666667,0.001718,20,38.2,764,103.2,2064,600.0,12,OPTIMAL,3.25,65.0,65.0,0.0,0.006378173828125,0.0043627433478832245,0.010865147866731166,1.0,0.0003681182861328125,4,OPTIMAL,2.5,0.0,0.17102789878845215,2.5,uniform_600s,3.25,3.25,0.75,True,102.45,True,True,True
N20_lambda0p5_rep009_seed4061156344585402477,4061156344585402477,9,20,4,"[5, 5, 5, 5]","[[6, 14, 23, 33, 49], [6, 18, 25, 27, 34], [13, 34, 42, 50, 50], [0, 6, 19, 26, 40]]",0.5,0.5,0.5,0.125,1,3,PP,uniform_600s,8,8,8,8,"[[2, 1, 1, 1], [1, 4], [1, 4], [2, 2, 1]]",11,44,150,0.7066666666666667,0.0024735,20,38.2,764,109.65,2193,600.0,12,OPTIMAL,3.25,65.0,65.0,0.0,0.005173921585083008,0.005049753002822399,0.010279567819462777,1.0,0.00015592575073242188,4,OPTIMAL,2.5,0.0,0.17102789878845215,2.5,uniform_600s,3.25,3.25,0.75,True,108.9,True,True,True
N20_lambda1_rep000_seed15464601493164438671,15464601493164438671,0,20,4,"[5, 5, 5, 5]","[[5, 12, 22, 28, 39], [8, 12, 12, 13, 16], [8, 19, 22, 25, 29], [0, 9, 16, 18, 19]]",1.0,1.0,1.0,0.25,1,3,PP,uniform_600s,2,2,2,2,"[[1, 1, 1, 1, 1], [1, 2, 1, 1], [1, 1, 1, 1, 1], [1, 1, 2, 1]]",18,121,150,0.19333333333333336,0.0031,20,0.65,13,7.5,150,600.0,12,OPTIMAL,3.6,72.0,72.0,0.0,0.18799495697021484,0.010588083416223526,0.19868212994155884,3129.0,0.002010822296142578,5,OPTIMAL,3.6,0.0,0.46469807624816895,3.6,uniform_600s,3.6,3.6,0.0,True,7.5,True,True,True
N20_lambda1_rep000_seed15464601493164438671,15464601493164438671,0,20,4,"[5, 5, 5, 5]","[[5, 12, 22, 28, 39], [8, 12, 12, 13, 16], [8, 19, 22, 25, 29], [0, 9, 16, 18, 19]]",1.0,1.0,1.0,0.25,1,3,PP,uniform_600s,2,2,4,4,"[[1, 1, 1, 1, 1], [1, 3, 1], [1, 1, 1, 1, 1], [1, 1, 3]]",16,94,150,0.3733333333333333,0.0027645,20,0.65,13,11.25,225,600.0,12,OPTIMAL,3.6,72.0,72.0,0.0,0.09594583511352539,0.006624363362789154,0.10263677440515948,586.0,0.0014848709106445312,4,OPTIMAL,3.6,0.0,0.46469807624816895,3.6,uniform_600s,3.6,3.6,0.0,True,11.25,True,True,True
N20_lambda1_rep000_seed15464601493164438671,15464601493164438671,0,20,4,"[5, 5, 5, 5]","[[5, 12, 22, 28, 39], [8, 12, 12, 13, 16], [8, 19, 22, 25, 29], [0, 9, 16, 18, 19]]",1.0,1.0,1.0,0.25,1,3,PP,uniform_600s,2,2,6,6,"[[1, 1, 1, 1, 1], [1, 3, 1], [1, 1, 1, 1, 1], [1, 1, 3]]",16,94,150,0.3733333333333333,0.004687,20,0.65,13,12.0,240,600.0,12,OPTIMAL,3.6,72.0,72.0,0.0,0.09168291091918945,0.006618764251470566,0.09838260396190834,586.0,0.0012738704681396484,4,OPTIMAL,3.6,0.0,0.46469807624816895,3.6,uniform_600s,3.6,3.6,0.0,True,12.0,True,True,True
N20_lambda1_rep000_seed15464601493164438671,15464601493164438671,0,20,4,"[5, 5, 5, 5]","[[5, 12, 22, 28, 39], [8, 12, 12, 13, 16], [8, 19, 22, 25, 29], [0, 9, 16, 18, 19]]",1.0,1.0,1.0,0.25,1,3,PP,uniform_600s,2,2,8,8,"[[1, 1, 1, 1, 1], [1, 3, 1], [1, 1, 1, 1, 1], [1, 1, 3]]",16,94,150,0.3733333333333333,0.001848,20,0.65,13,12.75,255,600.0,12,OPTIMAL,3.6,72.0,72.0,0.0,0.09226512908935547,0.005831965245306492,0.09816330696911621,586.0,0.0013530254364013672,4,OPTIMAL,3.6,0.0,0.46469807624816895,3.6,uniform_600s,3.6,3.6,0.0,True,12.75,True,True,True
N20_lambda1_rep000_seed15464601493164438671,15464601493164438671,0,20,4,"[5, 5, 5, 5]","[[5, 12, 22, 28, 39], [8, 12, 12, 13, 16], [8, 19, 22, 25, 29], [0, 9, 16, 18, 19]]",1.0,1.0,1.0,0.25,1,3,PP,uniform_600s,4,4,2,2,"[[1, 1, 1, 1, 1], [2, 2, 1], [1, 2, 2], [1, 1, 2, 1]]",15,83,150,0.44666666666666666,0.001913,20,7.1,142,26.5,530,600.0,12,OPTIMAL,3.7,74.0,73.99999999998806,0.0,0.12252688407897949,0.005583659745752811,0.1281709084921603,776.0,0.0011098384857177734,8,OPTIMAL,3.6,0.0,0.46469807624816895,3.6,uniform_600s,3.7,3.7,0.10000000000000009,True,26.4,True,True,True
N20_lambda1_rep000_seed15464601493164438671,15464601493164438671,0,20,4,"[5, 5, 5, 5]","[[5, 12, 22, 28, 39], [8, 12, 12, 13, 16], [8, 19, 22, 25, 29], [0, 9, 16, 18, 19]]",1.0,1.0,1.0,0.25,1,3,PP,uniform_600s,4,4,4,4,"[[1, 1, 1, 1, 1], [4, 1], [1, 4], [1, 1, 3]]",12,51,150,0.6599999999999999,0.004697,20,8.6,172,39.75,795,600.0,12,OPTIMAL,3.7,74.0,74.0,0.0,0.026103973388671875,0.0050670187920331955,0.03123268798491669,133.0,0.00021600723266601562,4,OPTIMAL,3.6,0.0,0.46469807624816895,3.6,uniform_600s,3.7,3.7,0.10000000000000009,True,39.65,True,True,True
N20_lambda1_rep000_seed15464601493164438671,15464601493164438671,0,20,4,"[5, 5, 5, 5]","[[5, 12, 22, 28, 39], [8, 12, 12, 13, 16], [8, 19, 22, 25, 29], [0, 9, 16, 18, 19]]",1.0,1.0,1.0,0.25,1,3,PP,uniform_600s,4,4,6,6,"[[1, 1, 1, 1, 1], [5], [1, 4], [1, 1, 3]]",11,41,150,0.7266666666666667,0.001803,20,10.0,200,42.4,848,600.0,12,OPTIMAL,3.7,74.0,73.99999999999926,0.0,0.008975028991699219,0.004704982042312622,0.013735571835663795,1.0,0.0001571178436279297,4,OPTIMAL,3.6,0.0,0.46469807624816895,3.6,uniform_600s,3.7,3.7,0.10000000000000009,True,42.3,True,True,True
N20_lambda1_rep000_seed15464601493164438671,15464601493164438671,0,20,4,"[5, 5, 5, 5]","[[5, 12, 22, 28, 39], [8, 12, 12, 13, 16], [8, 19, 22, 25, 29], [0, 9, 16, 18, 19]]",1.0,1.0,1.0,0.25,1,3,PP,uniform_600s,4,4,8,8,"[[1, 1, 1, 1, 1], [5], [1, 4], [1, 1, 3]]",11,41,150,0.7266666666666667,0.001823,20,10.0,200,45.05,901,600.0,12,OPTIMAL,3.7,74.0,73.99999999999926,0.0,0.009013175964355469,0.005097103305160999,0.014173031254992962,1.0,0.00015997886657714844,4,OPTIMAL,3.6,0.0,0.46469807624816895,3.6,uniform_600s,3.7,3.7,0.10000000000000009,True,44.949999999999996,True,True,True
N20_lambda1_rep000_seed15464601493164438671,15464601493164438671,0,20,4,"[5, 5, 5, 5]","[[5, 12, 22, 28, 39], [8, 12, 12, 13, 16], [8, 19, 22, 25, 29], [0, 9, 16, 18, 19]]",1.0,1.0,1.0,0.25,1,3,PP,uniform_600s,6,6,2,2,"[[1, 1, 2, 1], [2, 2, 1], [1, 2, 2], [1, 1, 2, 1]]",14,73,150,0.5133333333333333,0.001883,20,11.15,223,45.5,910,600.0,12,OPTIMAL,3.7,74.0,74.0,0.0,0.07512998580932617,0.004972635768353939,0.08016373576210307,417.0,0.0010230541229248047,5,OPTIMAL,3.6,0.0,0.46469807624816895,3.6,uniform_600s,3.7,3.7,0.10000000000000009,True,45.4,True,True,True
N20_lambda1_rep000_seed15464601493164438671,15464601493164438671,0,20,4,"[5, 5, 5, 5]","[[5, 12, 22, 28, 39], [8, 12, 12, 13, 16], [8, 19, 22, 25, 29], [0, 9, 16, 18, 19]]",1.0,1.0,1.0,0.25,1,3,PP,uniform_600s,6,6,4,4,"[[1, 1, 2, 1], [4, 1], [1, 4], [1, 1, 3]]",11,44,150,0.7066666666666667,0.0024635,20,12.65,253,68.25,1365,600.0,12,OPTIMAL,3.7,74.0,74.0,0.0,0.01761794090270996,0.006781400181353092,0.024472168798542977,55.0,0.00021696090698242188,5,OPTIMAL,3.6,0.0,0.46469807624816895,3.6,uniform_600s,3.7,3.7,0.10000000000000009,True,68.15,True,True,True
N20_lambda1_rep000_seed15464601493164438671,15464601493164438671,0,20,4,"[5, 5, 5, 5]","[[5, 12, 22, 28, 39], [8, 12, 12, 13, 16], [8, 19, 22, 25, 29], [0, 9, 16, 18, 19]]",1.0,1.0,1.0,0.25,1,3,PP,uniform_600s,6,6,6,6,"[[1, 1, 2, 1], [5], [1, 4], [1, 1, 3]]",10,35,150,0.7666666666666666,0.001868,20,14.05,281,72.8,1456,600.0,12,OPTIMAL,3.7,74.0,74.0,0.0,0.005858898162841797,0.005354694090783596,0.011269808513789654,1.0,0.00015592575073242188,2,OPTIMAL,3.6,0.0,0.46469807624816895,3.6,uniform_600s,3.7,3.7,0.10000000000000009,True,72.7,True,True,True
N20_lambda1_rep000_seed15464601493164438671,15464601493164438671,0,20,4,"[5, 5, 5, 5]","[[5, 12, 22, 28, 39], [8, 12, 12, 13, 16], [8, 19, 22, 25, 29], [0, 9, 16, 18, 19]]",1.0,1.0,1.0,0.25,1,3,PP,uniform_600s,6,6,8,8,"[[1, 1, 2, 1], [5], [1, 4], [1, 1, 3]]",10,35,150,0.7666666666666666,0.0018725,20,14.05,281,77.35,1547,600.0,12,OPTIMAL,3.7,74.0,74.0,0.0,0.005618095397949219,0.0048303017392754555,0.01050333546620369,1.0,0.000164031982421875,2,OPTIMAL,3.6,0.0,0.46469807624816895,3.6,uniform_600s,3.7,3.7,0.10000000000000009,True,77.25,True,True,True
N20_lambda1_rep000_seed15464601493164438671,15464601493164438671,0,20,4,"[5, 5, 5, 5]","[[5, 12, 22, 28, 39], [8, 12, 12, 13, 16], [8, 19, 22, 25, 29], [0, 9, 16, 18, 19]]",1.0,1.0,1.0,0.25,1,3,PP,uniform_600s,8,8,2,2,"[[2, 2, 1], [2, 2, 1], [1, 2, 2], [1, 2, 2]]",12,54,150,0.64,0.0017625,20,21.2,424,64.5,1290,600.0,12,OPTIMAL,4.95,99.0,99.0,0.0,0.029247045516967773,0.00523403100669384,0.03454203016121388,191.0,0.00021696090698242188,8,OPTIMAL,3.6,0.0,0.46469807624816895,3.6,uniform_600s,4.95,4.95,1.35,True,63.15,True,True,True
N20_lambda1_rep000_seed15464601493164438671,15464601493164438671,0,20,4,"[5, 5, 5, 5]","[[5, 12, 22, 28, 39], [8, 12, 12, 13, 16], [8, 19, 22, 25, 29], [0, 9, 16, 18, 19]]",1.0,1.0,1.0,0.25,1,3,PP,uniform_600s,8,8,4,4,"[[2, 2, 1], [4, 1], [1, 4], [1, 4]]",9,30,150,0.8,0.003135,20,23.35,467,96.75,1935,600.0,12,OPTIMAL,4.95,99.0,98.99999999999869,0.0,0.007120847702026367,0.006784074008464813,0.013992480170557499,1.0,0.00018095970153808594,2,OPTIMAL,3.6,0.0,0.46469807624816895,3.6,uniform_600s,4.95,4.95,1.35,True,95.4,True,True,True
N20_lambda1_rep000_seed15464601493164438671,15464601493164438671,0,20,4,"[5, 5, 5, 5]","[[5, 12, 22, 28, 39], [8, 12, 12, 13, 16], [8, 19, 22, 25, 29], [0, 9, 16, 18, 19]]",1.0,1.0,1.0,0.25,1,3,PP,uniform_600s,8,8,6,6,"[[2, 2, 1], [5], [1, 4], [1, 4]]",8,23,150,0.8466666666666667,0.00295,20,24.75,495,103.2,2064,600.0,12,OPTIMAL,4.95,99.0,99.0,0.0,0.004205942153930664,0.006392211653292179,0.010687360110116005,1.0,0.00019097328186035156,2,OPTIMAL,3.6,0.0,0.46469807624816895,3.6,uniform_600s,4.95,4.95,1.35,True,101.85000000000001,True,True,True
N20_lambda1_rep000_seed15464601493164438671,15464601493164438671,0,20,4,"[5, 5, 5, 5]","[[5, 12, 22, 28, 39], [8, 12, 12, 13, 16], [8, 19, 22, 25, 29], [0, 9, 16, 18, 19]]",1.0,1.0,1.0,0.25,1,3,PP,uniform_600s,8,8,8,8,"[[2, 2, 1], [5], [1, 4], [1, 4]]",8,23,150,0.8466666666666667,0.004277,20,24.75,495,109.65,2193,600.0,12,OPTIMAL,4.95,99.0,99.0,0.0,0.0035598278045654297,0.004258977249264717,0.007872669392992974,1.0,0.00012993812561035156,2,OPTIMAL,3.6,0.0,0.46469807624816895,3.6,uniform_600s,4.95,4.95,1.35,True,108.30000000000001,True,True,True
N20_lambda1_rep001_seed194818580614061567,194818580614061567,1,20,4,"[5, 5, 5, 5]","[[4, 12, 15, 21, 22], [2, 4, 7, 9, 10], [10, 21, 23, 25, 30], [4, 7, 8, 16, 26]]",1.0,1.0,1.0,0.25,1,3,PP,uniform_600s,2,2,2,2,"[[1, 1, 1, 2], [2, 2, 1], [1, 2, 1, 1], [1, 2, 1, 1]]",15,84,150,0.43999999999999995,0.003115,20,2.1,42,7.5,150,600.0,12,OPTIMAL,4.6,92.0,91.99999999999523,0.0,0.2365870475769043,0.009459187276661396,0.24615429780053139,3501.0,0.0019521713256835938,8,OPTIMAL,4.5,0.0,1.2679438591003418,4.5,uniform_600s,4.6,4.6,0.09999999999999964,True,7.4,True,True,True
N20_lambda1_rep001_seed194818580614061567,194818580614061567,1,20,4,"[5, 5, 5, 5]","[[4, 12, 15, 21, 22], [2, 4, 7, 9, 10], [10, 21, 23, 25, 30], [4, 7, 8, 16, 26]]",1.0,1.0,1.0,0.25,1,3,PP,uniform_600s,2,2,4,4,"[[1, 1, 1, 2], [2, 3], [1, 3, 1], [1, 2, 1, 1]]",13,62,150,0.5866666666666667,0.00308,20,2.75,55,11.25,225,600.0,12,OPTIMAL,4.6,92.0,92.0,0.0,0.16057109832763672,0.0088445283472538,0.16953338135482549,1742.0,0.0017039775848388672,10,OPTIMAL,4.5,0.0,1.2679438591003418,4.5,uniform_600s,4.6,4.6,0.09999999999999964,True,11.15,True,True,True
N20_lambda1_rep001_seed194818580614061567,194818580614061567,1,20,4,"[5, 5, 5, 5]","[[4, 12, 15, 21, 22], [2, 4, 7, 9, 10], [10, 21, 23, 25, 30], [4, 7, 8, 16, 26]]",1.0,1.0,1.0,0.25,1,3,PP,uniform_600s,2,2,6,6,"[[1, 1, 1, 2], [2, 3], [1, 3, 1], [1, 2, 1, 1]]",13,62,150,0.5866666666666667,0.00313,20,2.75,55,12.0,240,600.0,12,OPTIMAL,4.6,92.0,92.0,0.0,0.15972495079040527,0.008762643672525883,0.16859746706849812,1742.0,0.002215147018432617,10,OPTIMAL,4.5,0.0,1.2679438591003418,4.5,uniform_600s,4.6,4.6,0.09999999999999964,True,11.9,True,True,True
N20_lambda1_rep001_seed194818580614061567,194818580614061567,1,20,4,"[5, 5, 5, 5]","[[4, 12, 15, 21, 22], [2, 4, 7, 9, 10], [10, 21, 23, 25, 30], [4, 7, 8, 16, 26]]",1.0,1.0,1.0,0.25,1,3,PP,uniform_600s,2,2,8,8,"[[1, 1, 1, 2], [2, 3], [1, 3, 1], [1, 2, 1, 1]]",13,62,150,0.5866666666666667,0.002284,20,2.75,55,12.75,255,600.0,12,OPTIMAL,4.6,92.0,92.0,0.0,0.15859198570251465,0.008576243184506893,0.16729066653766297,1742.0,0.001689910888671875,10,OPTIMAL,4.5,0.0,1.2679438591003418,4.5,uniform_600s,4.6,4.6,0.09999999999999964,True,12.65,True,True,True
N20_lambda1_rep001_seed194818580614061567,194818580614061567,1,20,4,"[5, 5, 5, 5]","[[4, 12, 15, 21, 22], [2, 4, 7, 9, 10], [10, 21, 23, 25, 30], [4, 7, 8, 16, 26]]",1.0,1.0,1.0,0.25,1,3,PP,uniform_600s,4,4,2,2,"[[1, 2, 2], [2, 2, 1], [1, 2, 1, 1], [2, 1, 1, 1]]",14,73,150,0.5133333333333333,0.002413,20,5.4,108,26.5,530,600.0,12,OPTIMAL,4.6,92.0,92.0,0.0,0.16020917892456055,0.007574227638542652,0.1678697009934311,2688.0,0.0017549991607666016,6,OPTIMAL,4.5,0.0,1.2679438591003418,4.5,uniform_600s,4.6,4.6,0.09999999999999964,True,26.4,True,True,True
N20_lambda1_rep001_seed194818580614061567,194818580614061567,1,20,4,"[5, 5, 5, 5]","[[4, 12, 15, 21, 22], [2, 4, 7, 9, 10], [10, 21, 23, 25, 30], [4, 7, 8, 16, 26]]",1.0,1.0,1.0,0.25,1,3,PP,uniform_600s,4,4,4,4,"[[1, 2, 2], [4, 1], [1, 3, 1], [3, 1, 1]]",11,45,150,0.7,0.002333,20,7.65,153,39.75,795,600.0,12,OPTIMAL,4.6,92.0,92.0,0.0,0.0422060489654541,0.006522389128804207,0.048804467580910206,245.0,0.0011548995971679688,7,OPTIMAL,4.5,0.0,1.2679438591003418,4.5,uniform_600s,4.6,4.6,0.09999999999999964,True,39.65,True,True,True
N20_lambda1_rep001_seed194818580614061567,194818580614061567,1,20,4,"[5, 5, 5, 5]","[[4, 12, 15, 21, 22], [2, 4, 7, 9, 10], [10, 21, 23, 25, 30], [4, 7, 8, 16, 26]]",1.0,1.0,1.0,0.25,1,3,PP,uniform_600s,4,4,6,6,"[[1, 2, 2], [5], [1, 3, 1], [3, 1, 1]]",10,36,150,0.76,0.0022985,20,7.65,153,42.4,848,600.0,12,OPTIMAL,4.6,92.0,92.0,0.0,0.034288883209228516,0.0061234962195158005,0.040489164176939485,160.0,0.0002269744873046875,10,OPTIMAL,4.5,0.0,1.2679438591003418,4.5,uniform_600s,4.6,4.6,0.09999999999999964,True,42.3,True,True,True
N20_lambda1_rep001_seed194818580614061567,194818580614061567,1,20,4,"[5, 5, 5, 5]","[[4, 12, 15, 21, 22], [2, 4, 7, 9, 10], [10, 21, 23, 25, 30], [4, 7, 8, 16, 26]]",1.0,1.0,1.0,0.25,1,3,PP,uniform_600s,4,4,8,8,"[[1, 2, 2], [5], [1, 3, 1], [3, 1, 1]]",10,36,150,0.76,0.002379,20,7.65,153,45.05,901,600.0,12,OPTIMAL,4.6,92.0,92.0,0.0,0.030167818069458008,0.005904103629291058,0.03614366560410642,160.0,0.0002238750457763672,10,OPTIMAL,4.5,0.0,1.2679438591003418,4.5,uniform_600s,4.6,4.6,0.09999999999999964,True,44.949999999999996,True,True,True
N20_lambda1_rep001_seed194818580614061567,194818580614061567,1,20,4,"[5, 5, 5, 5]","[[4, 12, 15, 21, 22], [2, 4, 7, 9, 10], [10, 21, 23, 25, 30], [4, 7, 8, 16, 26]]",1.0,1.0,1.0,0.25,1,3,PP,uniform_600s,6,6,2,2,"[[1, 2, 2], [2, 2, 1], [1, 2, 2], [2, 1, 1, 1]]",13,63,150,0.5800000000000001,0.002589,20,8.4,168,45.5,910,600.0,12,OPTIMAL,4.6,92.0,91.99999999999488,0.0,0.11160111427307129,0.00692575890570879,0.11860284108443403,1482.0,0.0012710094451904297,9,OPTIMAL,4.5,0.0,1.2679438591003418,4.5,uniform_600s,4.6,4.6,0.09999999999999964,True,45.4,True,True,True
N20_lambda1_rep001_seed194818580614061567,194818580614061567,1,20,4,"[5, 5, 5, 5]","[[4, 12, 15, 21, 22], [2, 4, 7, 9, 10], [10, 21, 23, 25, 30], [4, 7, 8, 16, 26]]",1.0,1.0,1.0,0.25,1,3,PP,uniform_600s,6,6,4,4,"[[1, 4], [4, 1], [1, 4], [3, 1, 1]]",9,30,150,0.8,0.001798,20,14.7,294,68.25,1365,600.0,12,OPTIMAL,4.6,92.0,91.99999999999721,0.0,0.021944046020507812,0.004985694773495197,0.02699412553366232,73.0,0.0001850128173828125,4,OPTIMAL,4.5,0.0,1.2679438591003418,4.5,uniform_600s,4.6,4.6,0.09999999999999964,True,68.15,True,True,True
N20_lambda1_rep001_seed194818580614061567,194818580614061567,1,20,4,"[5, 5, 5, 5]","[[4, 12, 15, 21, 22], [2, 4, 7, 9, 10], [10, 21, 23, 25, 30], [4, 7, 8, 16, 26]]",1.0,1.0,1.0,0.25,1,3,PP,uniform_600s,6,6,6,6,"[[1, 4], [5], [1, 4], [3, 1, 1]]",8,23,150,0.8466666666666667,0.001817,20,14.7,294,72.8,1456,600.0,12,OPTIMAL,4.6,92.0,92.0,0.0,0.014658927917480469,0.004919054917991161,0.0196383669868989,23.0,0.00015997886657714844,7,OPTIMAL,4.5,0.0,1.2679438591003418,4.5,uniform_600s,4.6,4.6,0.09999999999999964,True,72.7,True,True,True
N20_lambda1_rep001_seed194818580614061567,194818580614061567,1,20,4,"[5, 5, 5, 5]","[[4, 12, 15, 21, 22], [2, 4, 7, 9, 10], [10, 21, 23, 25, 30], [4, 7, 8, 16, 26]]",1.0,1.0,1.0,0.25,1,3,PP,uniform_600s,6,6,8,8,"[[1, 4], [5], [1, 4], [3, 1, 1]]",8,23,150,0.8466666666666667,0.001838,20,14.7,294,77.35,1547,600.0,12,OPTIMAL,4.6,92.0,92.0,0.0,0.013185977935791016,0.004668937064707279,0.0179108172072773,23.0,0.00015211105346679688,7,OPTIMAL,4.5,0.0,1.2679438591003418,4.5,uniform_600s,4.6,4.6,0.09999999999999964,True,77.25,True,True,True
N20_lambda1_rep001_seed194818580614061567,194818580614061567,1,20,4,"[5, 5, 5, 5]","[[4, 12, 15, 21, 22], [2, 4, 7, 9, 10], [10, 21, 23, 25, 30], [4, 7, 8, 16, 26]]",1.0,1.0,1.0,0.25,1,3,PP,uniform_600s,8,8,2,2,"[[2, 2, 1], [2, 2, 1], [1, 2, 2], [2, 2, 1]]",12,54,150,0.64,0.001898,20,23.05,461,64.5,1290,600.0,12,OPTIMAL,4.6,92.0,92.0,0.0,0.04858088493347168,0.005340372212231159,0.05398358959889221,599.0,0.0008490085601806641,9,OPTIMAL,4.5,0.0,1.2679438591003418,4.5,uniform_600s,4.6,4.6,0.09999999999999964,True,64.4,True,True,True
N20_lambda1_rep001_seed194818580614061567,194818580614061567,1,20,4,"[5, 5, 5, 5]","[[4, 12, 15, 21, 22], [2, 4, 7, 9, 10], [10, 21, 23, 25, 30], [4, 7, 8, 16, 26]]",1.0,1.0,1.0,0.25,1,3,PP,uniform_600s,8,8,4,4,"[[4, 1], [4, 1], [1, 4], [4, 1]]",8,24,150,0.84,0.002323,20,26.9,538,96.75,1935,600.0,12,OPTIMAL,4.6,92.0,92.0,0.0,0.009678840637207031,0.0063027273863554,0.01606714474247503,1.0,0.0001900196075439453,3,OPTIMAL,4.5,0.0,1.2679438591003418,4.5,uniform_600s,4.6,4.6,0.09999999999999964,True,96.65,True,True,True
N20_lambda1_rep001_seed194818580614061567,194818580614061567,1,20,4,"[5, 5, 5, 5]","[[4, 12, 15, 21, 22], [2, 4, 7, 9, 10], [10, 21, 23, 25, 30], [4, 7, 8, 16, 26]]",1.0,1.0,1.0,0.25,1,3,PP,uniform_600s,8,8,6,6,"[[5], [5], [1, 4], [4, 1]]",6,13,150,0.9133333333333333,0.00291,20,26.9,538,103.2,2064,600.0,12,OPTIMAL,4.6,92.0,92.0,0.0,0.0024628639221191406,0.0063286758959293365,0.008883933153662682,1.0,0.000225067138671875,2,OPTIMAL,4.5,0.0,1.2679438591003418,4.5,uniform_600s,4.6,4.6,0.09999999999999964,True,103.10000000000001,True,True,True
N20_lambda1_rep001_seed194818580614061567,194818580614061567,1,20,4,"[5, 5, 5, 5]","[[4, 12, 15, 21, 22], [2, 4, 7, 9, 10], [10, 21, 23, 25, 30], [4, 7, 8, 16, 26]]",1.0,1.0,1.0,0.25,1,3,PP,uniform_600s,8,8,8,8,"[[5], [5], [1, 4], [4, 1]]",6,13,150,0.9133333333333333,0.00323,20,26.9,538,109.65,2193,600.0,12,OPTIMAL,4.6,92.0,92.0,0.0,0.002079010009765625,0.006193540990352631,0.008357446814041138,1.0,0.0002079010009765625,2,OPTIMAL,4.5,0.0,1.2679438591003418,4.5,uniform_600s,4.6,4.6,0.09999999999999964,True,109.55000000000001,True,True,True
N20_lambda1_rep002_seed16371888357974878214,16371888357974878214,2,20,4,"[5, 5, 5, 5]","[[0, 2, 3, 3, 4], [10, 10, 15, 17, 22], [3, 4, 5, 7, 10], [1, 9, 17, 18, 21]]",1.0,1.0,1.0,0.25,1,3,PP,uniform_600s,2,2,2,2,"[[2, 2, 1], [2, 2, 1], [2, 2, 1], [1, 1, 2, 1]]",13,63,150,0.5800000000000001,0.0046975,20,2.05,41,7.5,150,600.0,12,OPTIMAL,4.6,92.0,92.0,0.0,0.09684610366821289,0.0059764934703707695,0.10288601080162287,707.0,0.00121307373046875,8,OPTIMAL,4.6,0.0,0.4176030158996582,4.6,uniform_600s,4.6,4.6,0.0,True,7.5,True,True,True
N20_lambda1_rep002_seed16371888357974878214,16371888357974878214,2,20,4,"[5, 5, 5, 5]","[[0, 2, 3, 3, 4], [10, 10, 15, 17, 22], [3, 4, 5, 7, 10], [1, 9, 17, 18, 21]]",1.0,1.0,1.0,0.25,1,3,PP,uniform_600s,2,2,4,4,"[[4, 1], [2, 2, 1], [4, 1], [1, 1, 2, 1]]",11,44,150,0.7066666666666667,0.0018025,20,2.05,41,11.25,225,600.0,12,OPTIMAL,4.6,92.0,92.0,0.0,0.03581094741821289,0.005317486822605133,0.04118980599533558,233.0,0.0008518695831298828,4,OPTIMAL,4.6,0.0,0.4176030158996582,4.6,uniform_600s,4.6,4.6,0.0,True,11.25,True,True,True
N20_lambda1_rep002_seed16371888357974878214,16371888357974878214,2,20,4,"[5, 5, 5, 5]","[[0, 2, 3, 3, 4], [10, 10, 15, 17, 22], [3, 4, 5, 7, 10], [1, 9, 17, 18, 21]]",1.0,1.0,1.0,0.25,1,3,PP,uniform_600s,2,2,6,6,"[[5], [2, 2, 1], [4, 1], [1, 1, 2, 1]]",10,35,150,0.7666666666666666,0.001968,20,2.05,41,12.0,240,600.0,12,OPTIMAL,4.6,92.0,92.0,0.0,0.024496078491210938,0.0050036730244755745,0.029556970227425577,113.0,0.00017309188842773438,3,OPTIMAL,4.6,0.0,0.4176030158996582,4.6,uniform_600s,4.6,4.6,0.0,True,12.0,True,True,True
N20_lambda1_rep002_seed16371888357974878214,16371888357974878214,2,20,4,"[5, 5, 5, 5]","[[0, 2, 3, 3, 4], [10, 10, 15, 17, 22], [3, 4, 5, 7, 10], [1, 9, 17, 18, 21]]",1.0,1.0,1.0,0.25,1,3,PP,uniform_600s,2,2,8,8,"[[5], [2, 2, 1], [4, 1], [1, 1, 2, 1]]",10,35,150,0.7666666666666666,0.0018375,20,2.05,41,12.75,255,600.0,12,OPTIMAL,4.6,92.0,92.0,0.0,0.02486896514892578,0.004864562302827835,0.029793556780183316,113.0,0.00017786026000976562,3,OPTIMAL,4.6,0.0,0.4176030158996582,4.6,uniform_600s,4.6,4.6,0.0,True,12.75,True,True,True
N20_lambda1_rep002_seed16371888357974878214,16371888357974878214,2,20,4,"[5, 5, 5, 5]","[[0, 2, 3, 3, 4], [10, 10, 15, 17, 22], [3, 4, 5, 7, 10], [1, 9, 17, 18, 21]]",1.0,1.0,1.0,0.25,1,3,PP,uniform_600s,4,4,2,2,"[[2, 2, 1], [2, 2, 1], [2, 2, 1], [1, 1, 2, 1]]",13,63,150,0.5800000000000001,0.0019375,20,2.05,41,26.5,530,600.0,12,OPTIMAL,4.6,92.0,92.0,0.0,0.09399294853210449,0.0050711557269096375,0.09912893676644563,707.0,0.0009601116180419922,8,OPTIMAL,4.6,0.0,0.4176030158996582,4.6,uniform_600s,4.6,4.6,0.0,True,26.5,True,True,True
N20_lambda1_rep002_seed16371888357974878214,16371888357974878214,2,20,4,"[5, 5, 5, 5]","[[0, 2, 3, 3, 4], [10, 10, 15, 17, 22], [3, 4, 5, 7, 10], [1, 9, 17, 18, 21]]",1.0,1.0,1.0,0.25,1,3,PP,uniform_600s,4,4,4,4,"[[4, 1], [2, 2, 1], [4, 1], [1, 1, 3]]",10,37,150,0.7533333333333333,0.0018325,20,3.45,69,39.75,795,600.0,12,OPTIMAL,4.6,92.0,92.0,0.0,0.020374059677124023,0.005041639320552349,0.02547224017967701,1.0,0.00019693374633789062,2,OPTIMAL,4.6,0.0,0.4176030158996582,4.6,uniform_600s,4.6,4.6,0.0,True,39.75,True,True,True
N20_lambda1_rep002_seed16371888357974878214,16371888357974878214,2,20,4,"[5, 5, 5, 5]","[[0, 2, 3, 3, 4], [10, 10, 15, 17, 22], [3, 4, 5, 7, 10], [1, 9, 17, 18, 21]]",1.0,1.0,1.0,0.25,1,3,PP,uniform_600s,4,4,6,6,"[[5], [2, 2, 1], [5], [1, 1, 3]]",8,22,150,0.8533333333333333,0.004677,20,4.85,97,42.4,848,600.0,12,OPTIMAL,4.6,92.0,91.99999999999704,0.0,0.00603795051574707,0.004931163042783737,0.011033366332306385,1.0,0.00016999244689941406,6,OPTIMAL,4.6,0.0,0.4176030158996582,4.6,uniform_600s,4.6,4.6,0.0,True,42.4,True,True,True
N20_lambda1_rep002_seed16371888357974878214,16371888357974878214,2,20,4,"[5, 5, 5, 5]","[[0, 2, 3, 3, 4], [10, 10, 15, 17, 22], [3, 4, 5, 7, 10], [1, 9, 17, 18, 21]]",1.0,1.0,1.0,0.25,1,3,PP,uniform_600s,4,4,8,8,"[[5], [2, 2, 1], [5], [1, 1, 3]]",8,22,150,0.8533333333333333,0.0017175,20,4.85,97,45.05,901,600.0,12,OPTIMAL,4.6,92.0,91.99999999999704,0.0,0.005521059036254883,0.004143092781305313,0.009716521158425808,1.0,0.00016307830810546875,6,OPTIMAL,4.6,0.0,0.4176030158996582,4.6,uniform_600s,4.6,4.6,0.0,True,45.05,True,True,True
N20_lambda1_rep002_seed16371888357974878214,16371888357974878214,2,20,4,"[5, 5, 5, 5]","[[0, 2, 3, 3, 4], [10, 10, 15, 17, 22], [3, 4, 5, 7, 10], [1, 9, 17, 18, 21]]",1.0,1.0,1.0,0.25,1,3,PP,uniform_600s,6,6,2,2,"[[2, 2, 1], [2, 2, 1], [2, 2, 1], [1, 1, 2, 1]]",13,63,150,0.5800000000000001,0.001843,20,2.05,41,45.5,910,600.0,12,OPTIMAL,4.6,92.0,92.0,0.0,0.09646415710449219,0.005011684261262417,0.10153677026385594,707.0,0.0009889602661132812,8,OPTIMAL,4.6,0.0,0.4176030158996582,4.6,uniform_600s,5.0,4.6,0.0,True,45.5,True,True,True
N20_lambda1_rep002_seed16371888357974878214,16371888357974878214,2,20,4,"[5, 5, 5, 5]","[[0, 2, 3, 3, 4], [10, 10, 15, 17, 22], [3, 4, 5, 7, 10], [1, 9, 17, 18, 21]]",1.0,1.0,1.0,0.25,1,3,PP,uniform_600s,6,6,4,4,"[[4, 1], [4, 1], [4, 1], [1, 1, 3]]",9,30,150,0.8,0.001843,20,6.85,137,68.25,1365,600.0,12,OPTIMAL,4.6,92.0,92.0,0.0,0.018011093139648438,0.0049436017870903015,0.02301305337453413,68.0,0.0002040863037109375,5,OPTIMAL,4.6,0.0,0.4176030158996582,4.6,uniform_600s,5.0,4.6,0.0,True,68.25,True,True,True
N20_lambda1_rep002_seed16371888357974878214,16371888357974878214,2,20,4,"[5, 5, 5, 5]","[[0, 2, 3, 3, 4], [10, 10, 15, 17, 22], [3, 4, 5, 7, 10], [1, 9, 17, 18, 21]]",1.0,1.0,1.0,0.25,1,3,PP,uniform_600s,6,6,6,6,"[[5], [5], [5], [1, 1, 3]]",6,12,150,0.92,0.001778,20,11.25,225,72.8,1456,600.0,12,OPTIMAL,5.0,100.0,100.0,0.0,0.002877950668334961,0.004264785908162594,0.007196692855062962,1.0,0.00017189979553222656,1,OPTIMAL,4.6,0.0,0.4176030158996582,4.6,uniform_600s,5.0,5.0,0.40000000000000036,True,72.39999999999999,True,True,True
N20_lambda1_rep002_seed16371888357974878214,16371888357974878214,2,20,4,"[5, 5, 5, 5]","[[0, 2, 3, 3, 4], [10, 10, 15, 17, 22], [3, 4, 5, 7, 10], [1, 9, 17, 18, 21]]",1.0,1.0,1.0,0.25,1,3,PP,uniform_600s,6,6,8,8,"[[5], [5], [5], [1, 1, 3]]",6,12,150,0.92,0.004501,20,11.25,225,77.35,1547,600.0,12,OPTIMAL,5.0,100.0,100.0,0.0,0.00251007080078125,0.004549767822027206,0.00711615002895689,1.0,0.00016117095947265625,1,OPTIMAL,4.6,0.0,0.4176030158996582,4.6,uniform_600s,5.0,5.0,0.40000000000000036,True,76.94999999999999,True,True,True
N20_lambda1_rep002_seed16371888357974878214,16371888357974878214,2,20,4,"[5, 5, 5, 5]","[[0, 2, 3, 3, 4], [10, 10, 15, 17, 22], [3, 4, 5, 7, 10], [1, 9, 17, 18, 21]]",1.0,1.0,1.0,0.25,1,3,PP,uniform_600s,8,8,2,2,"[[2, 2, 1], [2, 2, 1], [2, 2, 1], [2, 2, 1]]",12,54,150,0.64,0.001853,20,8.5,170,64.5,1290,600.0,12,OPTIMAL,4.6,92.0,92.0,0.0,0.04149293899536133,0.004573642276227474,0.04612563889808941,193.0,0.00021505355834960938,5,OPTIMAL,4.6,0.0,0.4176030158996582,4.6,uniform_600s,5.0,4.6,0.0,True,64.5,True,True,True
N20_lambda1_rep002_seed16371888357974878214,16371888357974878214,2,20,4,"[5, 5, 5, 5]","[[0, 2, 3, 3, 4], [10, 10, 15, 17, 22], [3, 4, 5, 7, 10], [1, 9, 17, 18, 21]]",1.0,1.0,1.0,0.25,1,3,PP,uniform_600s,8,8,4,4,"[[4, 1], [4, 1], [4, 1], [4, 1]]",8,24,150,0.84,0.0017475,20,18.0,360,96.75,1935,600.0,12,OPTIMAL,4.6,92.0,92.0,0.0,0.003846883773803711,0.004537418484687805,0.008441264148650169,1.0,0.00015783309936523438,4,OPTIMAL,4.6,0.0,0.4176030158996582,4.6,uniform_600s,5.0,4.6,0.0,True,96.75,True,True,True
N20_lambda1_rep002_seed16371888357974878214,16371888357974878214,2,20,4,"[5, 5, 5, 5]","[[0, 2, 3, 3, 4], [10, 10, 15, 17, 22], [3, 4, 5, 7, 10], [1, 9, 17, 18, 21]]",1.0,1.0,1.0,0.25,1,3,PP,uniform_600s,8,8,6,6,"[[5], [5], [5], [5]]",4,6,150,0.96,0.0017825,20,23.8,476,103.2,2064,600.0,12,OPTIMAL,5.0,100.0,100.0,0.0,0.0012929439544677734,0.003982920199632645,0.0053298258639884,1.0,0.00047397613525390625,3,OPTIMAL,4.6,0.0,0.4176030158996582,4.6,uniform_600s,5.0,5.0,0.40000000000000036,True,102.8,True,True,True
N20_lambda1_rep002_seed16371888357974878214,16371888357974878214,2,20,4,"[5, 5, 5, 5]","[[0, 2, 3, 3, 4], [10, 10, 15, 17, 22], [3, 4, 5, 7, 10], [1, 9, 17, 18, 21]]",1.0,1.0,1.0,0.25,1,3,PP,uniform_600s,8,8,8,8,"[[5], [5], [5], [5]]",4,6,150,0.96,0.004367,20,23.8,476,109.65,2193,600.0,12,OPTIMAL,5.0,100.0,100.0,0.0,0.0016980171203613281,0.004126197658479214,0.005880799172954082,1.0,0.0004780292510986328,3,OPTIMAL,4.6,0.0,0.4176030158996582,4.6,uniform_600s,5.0,5.0,0.40000000000000036,True,109.25,True,True,True
N20_lambda1_rep003_seed16425582730607423629,16425582730607423629,3,20,4,"[5, 5, 5, 5]","[[1, 6, 11, 19, 22], [1, 3, 12, 14, 15], [2, 6, 7, 8, 15], [6, 6, 8, 26, 26]]",1.0,1.0,1.0,0.25,1,3,PP,uniform_600s,2,2,2,2,"[[1, 1, 1, 1, 1], [2, 2, 1], [1, 2, 1, 1], [2, 1, 2]]",15,83,150,0.44666666666666666,0.0020385,20,1.4,28,7.5,150,600.0,12,OPTIMAL,5.75,115.0,115.0,0.0,0.5990779399871826,0.006599404849112034,0.60575783422469,9982.0,0.0013918876647949219,10,OPTIMAL,5.75,0.0,4.225154876708984,5.75,uniform_600s,5.75,5.75,0.0,True,7.5,True,True,True
N20_lambda1_rep003_seed16425582730607423629,16425582730607423629,3,20,4,"[5, 5, 5, 5]","[[1, 6, 11, 19, 22], [1, 3, 12, 14, 15], [2, 6, 7, 8, 15], [6, 6, 8, 26, 26]]",1.0,1.0,1.0,0.25,1,3,PP,uniform_600s,2,2,4,4,"[[1, 1, 1, 1, 1], [2, 3], [1, 3, 1], [3, 2]]",12,51,150,0.6599999999999999,0.0049675,20,2.1,42,11.25,225,600.0,12,OPTIMAL,5.75,115.0,115.0,0.0,0.09981012344360352,0.006076243706047535,0.1059578124550271,2604.0,0.0010180473327636719,9,OPTIMAL,5.75,0.0,4.225154876708984,5.75,uniform_600s,5.75,5.75,0.0,True,11.25,True,True,True
N20_lambda1_rep003_seed16425582730607423629,16425582730607423629,3,20,4,"[5, 5, 5, 5]","[[1, 6, 11, 19, 22], [1, 3, 12, 14, 15], [2, 6, 7, 8, 15], [6, 6, 8, 26, 26]]",1.0,1.0,1.0,0.25,1,3,PP,uniform_600s,2,2,6,6,"[[1, 1, 1, 1, 1], [2, 3], [1, 3, 1], [3, 2]]",12,51,150,0.6599999999999999,0.001928,20,2.1,42,12.0,240,600.0,12,OPTIMAL,5.75,115.0,115.0,0.0,0.10282301902770996,0.005706104449927807,0.10859829948678303,2604.0,0.0009949207305908203,9,OPTIMAL,5.75,0.0,4.225154876708984,5.75,uniform_600s,5.75,5.75,0.0,True,12.0,True,True,True
N20_lambda1_rep003_seed16425582730607423629,16425582730607423629,3,20,4,"[5, 5, 5, 5]","[[1, 6, 11, 19, 22], [1, 3, 12, 14, 15], [2, 6, 7, 8, 15], [6, 6, 8, 26, 26]]",1.0,1.0,1.0,0.25,1,3,PP,uniform_600s,2,2,8,8,"[[1, 1, 1, 1, 1], [2, 3], [1, 3, 1], [3, 2]]",12,51,150,0.6599999999999999,0.001913,20,2.1,42,12.75,255,600.0,12,OPTIMAL,5.75,115.0,115.0,0.0,0.10185909271240234,0.005825495347380638,0.10775313625867415,2604.0,0.0009529590606689453,9,OPTIMAL,5.75,0.0,4.225154876708984,5.75,uniform_600s,5.75,5.75,0.0,True,12.75,True,True,True
N20_lambda1_rep003_seed16425582730607423629,16425582730607423629,3,20,4,"[5, 5, 5, 5]","[[1, 6, 11, 19, 22], [1, 3, 12, 14, 15], [2, 6, 7, 8, 15], [6, 6, 8, 26, 26]]",1.0,1.0,1.0,0.25,1,3,PP,uniform_600s,4,4,2,2,"[[1, 1, 1, 2], [2, 2, 1], [2, 2, 1], [2, 1, 2]]",13,63,150,0.5800000000000001,0.002013,20,5.45,109,26.5,530,600.0,12,OPTIMAL,5.75,115.0,115.0,0.0,0.17824888229370117,0.005720426328480244,0.18404141389046955,4053.0,0.0010209083557128906,10,OPTIMAL,5.75,0.0,4.225154876708984,5.75,uniform_600s,5.75,5.75,0.0,True,26.5,True,True,True
N20_lambda1_rep003_seed16425582730607423629,16425582730607423629,3,20,4,"[5, 5, 5, 5]","[[1, 6, 11, 19, 22], [1, 3, 12, 14, 15], [2, 6, 7, 8, 15], [6, 6, 8, 26, 26]]",1.0,1.0,1.0,0.25,1,3,PP,uniform_600s,4,4,4,4,"[[1, 1, 1, 2], [2, 3], [4, 1], [3, 2]]",10,36,150,0.76,0.001748,20,6.15,123,39.75,795,600.0,12,OPTIMAL,5.75,115.0,115.0,0.0,0.05158400535583496,0.005055271089076996,0.05670190872690487,516.0,0.00019502639770507812,3,OPTIMAL,5.75,0.0,4.225154876708984,5.75,uniform_600s,5.75,5.75,0.0,True,39.75,True,True,True
N20_lambda1_rep003_seed16425582730607423629,16425582730607423629,3,20,4,"[5, 5, 5, 5]","[[1, 6, 11, 19, 22], [1, 3, 12, 14, 15], [2, 6, 7, 8, 15], [6, 6, 8, 26, 26]]",1.0,1.0,1.0,0.25,1,3,PP,uniform_600s,4,4,6,6,"[[1, 1, 1, 2], [2, 3], [4, 1], [3, 2]]",10,36,150,0.76,0.004652,20,6.15,123,42.4,848,600.0,12,OPTIMAL,5.75,115.0,115.0,0.0,0.05237579345703125,0.005266088992357254,0.057720187163879395,516.0,0.0002028942108154297,3,OPTIMAL,5.75,0.0,4.225154876708984,5.75,uniform_600s,5.75,5.75,0.0,True,42.4,True,True,True
N20_lambda1_rep003_seed16425582730607423629,16425582730607423629,3,20,4,"[5, 5, 5, 5]","[[1, 6, 11, 19, 22], [1, 3, 12, 14, 15], [2, 6, 7, 8, 15], [6, 6, 8, 26, 26]]",1.0,1.0,1.0,0.25,1,3,PP,uniform_600s,4,4,8,8,"[[1, 1, 1, 2], [2, 3], [4, 1], [3, 2]]",10,36,150,0.76,0.001883,20,6.15,123,45.05,901,600.0,12,OPTIMAL,5.75,115.0,115.0,0.0,0.051421165466308594,0.005402235314249992,0.056889316864176274,516.0,0.00021409988403320312,3,OPTIMAL,5.75,0.0,4.225154876708984,5.75,uniform_600s,5.75,5.75,0.0,True,45.05,True,True,True
N20_lambda1_rep003_seed16425582730607423629,16425582730607423629,3,20,4,"[5, 5, 5, 5]","[[1, 6, 11, 19, 22], [1, 3, 12, 14, 15], [2, 6, 7, 8, 15], [6, 6, 8, 26, 26]]",1.0,1.0,1.0,0.25,1,3,PP,uniform_600s,6,6,2,2,"[[2, 1, 2], [2, 2, 1], [2, 2, 1], [2, 1, 2]]",12,54,150,0.64,0.0045165,20,9.05,181,45.5,910,600.0,12,OPTIMAL,5.75,115.0,115.0,0.0,0.10856795310974121,0.00501503050327301,0.11364667355543756,1803.0,0.0008900165557861328,10,OPTIMAL,5.75,0.0,4.225154876708984,5.75,uniform_600s,5.75,5.75,0.0,True,45.5,True,True,True
N20_lambda1_rep003_seed16425582730607423629,16425582730607423629,3,20,4,"[5, 5, 5, 5]","[[1, 6, 11, 19, 22], [1, 3, 12, 14, 15], [2, 6, 7, 8, 15], [6, 6, 8, 26, 26]]",1.0,1.0,1.0,0.25,1,3,PP,uniform_600s,6,6,4,4,"[[3, 2], [2, 3], [4, 1], [3, 2]]",8,24,150,0.84,0.0029395,20,13.15,263,68.25,1365,600.0,12,OPTIMAL,5.75,115.0,114.9999999999958,0.0,0.017184019088745117,0.006268063560128212,0.02351237299301815,96.0,0.00017118453979492188,3,OPTIMAL,5.75,0.0,4.225154876708984,5.75,uniform_600s,5.75,5.75,0.0,True,68.25,True,True,True
N20_lambda1_rep003_seed16425582730607423629,16425582730607423629,3,20,4,"[5, 5, 5, 5]","[[1, 6, 11, 19, 22], [1, 3, 12, 14, 15], [2, 6, 7, 8, 15], [6, 6, 8, 26, 26]]",1.0,1.0,1.0,0.25,1,3,PP,uniform_600s,6,6,6,6,"[[3, 2], [2, 3], [4, 1], [3, 2]]",8,24,150,0.84,0.0018875,20,13.15,263,72.8,1456,600.0,12,OPTIMAL,5.75,115.0,114.9999999999958,0.0,0.016167163848876953,0.004500341601669788,0.020723897672903537,96.0,0.00016307830810546875,3,OPTIMAL,5.75,0.0,4.225154876708984,5.75,uniform_600s,5.75,5.75,0.0,True,72.8,True,True,True
N20_lambda1_rep003_seed16425582730607423629,16425582730607423629,3,20,4,"[5, 5, 5, 5]","[[1, 6, 11, 19, 22], [1, 3, 12, 14, 15], [2, 6, 7, 8, 15], [6, 6, 8, 26, 26]]",1.0,1.0,1.0,0.25,1,3,PP,uniform_600s,6,6,8,8,"[[3, 2], [2, 3], [4, 1], [3, 2]]",8,24,150,0.84,0.004362,20,13.15,263,77.35,1547,600.0,12,OPTIMAL,5.75,115.0,114.9999999999958,0.0,0.016929149627685547,0.004731381312012672,0.021721937378715993,96.0,0.0001652240753173828,3,OPTIMAL,5.75,0.0,4.225154876708984,5.75,uniform_600s,5.75,5.75,0.0,True,77.35,True,True,True
N20_lambda1_rep003_seed16425582730607423629,16425582730607423629,3,20,4,"[5, 5, 5, 5]","[[1, 6, 11, 19, 22], [1, 3, 12, 14, 15], [2, 6, 7, 8, 15], [6, 6, 8, 26, 26]]",1.0,1.0,1.0,0.25,1,3,PP,uniform_600s,8,8,2,2,"[[2, 2, 1], [2, 2, 1], [2, 2, 1], [2, 1, 2]]",12,54,150,0.64,0.004862,20,13.4,268,64.5,1290,600.0,12,OPTIMAL,5.75,115.0,115.0,0.0,0.07617402076721191,0.005099006928503513,0.08133527034218263,976.0,0.0009629726409912109,6,OPTIMAL,5.75,0.0,4.225154876708984,5.75,uniform_600s,5.75,5.75,0.0,True,64.5,True,True,True
N20_lambda1_rep003_seed16425582730607423629,16425582730607423629,3,20,4,"[5, 5, 5, 5]","[[1, 6, 11, 19, 22], [1, 3, 12, 14, 15], [2, 6, 7, 8, 15], [6, 6, 8, 26, 26]]",1.0,1.0,1.0,0.25,1,3,PP,uniform_600s,8,8,4,4,"[[4, 1], [2, 3], [4, 1], [3, 2]]",8,24,150,0.84,0.004587,20,17.5,350,96.75,1935,600.0,12,OPTIMAL,5.75,115.0,115.0,0.0,0.005908966064453125,0.004901549778878689,0.01086909906356287,1.0,0.00019884109497070312,4,OPTIMAL,5.75,0.0,4.225154876708984,5.75,uniform_600s,5.75,5.75,0.0,True,96.75,True,True,True
N20_lambda1_rep003_seed16425582730607423629,16425582730607423629,3,20,4,"[5, 5, 5, 5]","[[1, 6, 11, 19, 22], [1, 3, 12, 14, 15], [2, 6, 7, 8, 15], [6, 6, 8, 26, 26]]",1.0,1.0,1.0,0.25,1,3,PP,uniform_600s,8,8,6,6,"[[5], [2, 3], [5], [3, 2]]",6,13,150,0.9133333333333333,0.0043165,20,23.5,470,103.2,2064,600.0,12,OPTIMAL,5.75,115.0,115.0,0.0,0.0021648406982421875,0.004206689074635506,0.006427654816380977,1.0,0.0001609325408935547,2,OPTIMAL,5.75,0.0,4.225154876708984,5.75,uniform_600s,5.75,5.75,0.0,True,103.2,True,True,True
N20_lambda1_rep003_seed16425582730607423629,16425582730607423629,3,20,4,"[5, 5, 5, 5]","[[1, 6, 11, 19, 22], [1, 3, 12, 14, 15], [2, 6, 7, 8, 15], [6, 6, 8, 26, 26]]",1.0,1.0,1.0,0.25,1,3,PP,uniform_600s,8,8,8,8,"[[5], [2, 3], [5], [3, 2]]",6,13,150,0.9133333333333333,0.001873,20,23.5,470,109.65,2193,600.0,12,OPTIMAL,5.75,115.0,115.0,0.0,0.002248048782348633,0.004152266308665276,0.006455727963183403,1.0,0.00016498565673828125,2,OPTIMAL,5.75,0.0,4.225154876708984,5.75,uniform_600s,5.75,5.75,0.0,True,109.65,True,True,True
N20_lambda1_rep004_seed3116753086711776273,3116753086711776273,4,20,4,"[5, 5, 5, 5]","[[8, 12, 29, 30, 32], [5, 5, 8, 9, 15], [2, 5, 16, 17, 18], [0, 1, 3, 10, 13]]",1.0,1.0,1.0,0.25,1,3,PP,uniform_600s,2,2,2,2,"[[1, 1, 2, 1], [2, 2, 1], [1, 1, 2, 1], [2, 1, 1, 1]]",15,84,150,0.43999999999999995,0.0024035,20,0.0,0,7.5,150,600.0,12,OPTIMAL,3.9,78.0,78.0,0.0,0.197829008102417,0.007142755202949047,0.20504064554206466,2673.0,0.00022792816162109375,6,OPTIMAL,3.9,0.0,0.6623029708862305,3.9,uniform_600s,3.9,3.9,0.0,True,7.5,True,True,True
N20_lambda1_rep004_seed3116753086711776273,3116753086711776273,4,20,4,"[5, 5, 5, 5]","[[8, 12, 29, 30, 32], [5, 5, 8, 9, 15], [2, 5, 16, 17, 18], [0, 1, 3, 10, 13]]",1.0,1.0,1.0,0.25,1,3,PP,uniform_600s,2,2,4,4,"[[1, 1, 3], [2, 2, 1], [1, 1, 3], [3, 1, 1]]",12,54,150,0.64,0.001863,20,1.3,26,11.25,225,600.0,12,OPTIMAL,3.9,78.0,78.0,0.0,0.071929931640625,0.005808900110423565,0.07780620304962445,912.0,0.0009949207305908203,8,OPTIMAL,3.9,0.0,0.6623029708862305,3.9,uniform_600s,3.9,3.9,0.0,True,11.25,True,True,True
N20_lambda1_rep004_seed3116753086711776273,3116753086711776273,4,20,4,"[5, 5, 5, 5]","[[8, 12, 29, 30, 32], [5, 5, 8, 9, 15], [2, 5, 16, 17, 18], [0, 1, 3, 10, 13]]",1.0,1.0,1.0,0.25,1,3,PP,uniform_600s,2,2,6,6,"[[1, 1, 3], [2, 2, 1], [1, 1, 3], [3, 1, 1]]",12,54,150,0.64,0.001853,20,1.3,26,12.0,240,600.0,12,OPTIMAL,3.9,78.0,78.0,0.0,0.0779879093170166,0.005368715152144432,0.08342285327948618,912.0,0.0009219646453857422,8,OPTIMAL,3.9,0.0,0.6623029708862305,3.9,uniform_600s,3.9,3.9,0.0,True,12.0,True,True,True
N20_lambda1_rep004_seed3116753086711776273,3116753086711776273,4,20,4,"[5, 5, 5, 5]","[[8, 12, 29, 30, 32], [5, 5, 8, 9, 15], [2, 5, 16, 17, 18], [0, 1, 3, 10, 13]]",1.0,1.0,1.0,0.25,1,3,PP,uniform_600s,2,2,8,8,"[[1, 1, 3], [2, 2, 1], [1, 1, 3], [3, 1, 1]]",12,54,150,0.64,0.001888,20,1.3,26,12.75,255,600.0,12,OPTIMAL,3.9,78.0,78.0,0.0,0.07548999786376953,0.005639944225549698,0.0812051354204898,912.0,0.0010738372802734375,8,OPTIMAL,3.9,0.0,0.6623029708862305,3.9,uniform_600s,3.9,3.9,0.0,True,12.75,True,True,True
N20_lambda1_rep004_seed3116753086711776273,3116753086711776273,4,20,4,"[5, 5, 5, 5]","[[8, 12, 29, 30, 32], [5, 5, 8, 9, 15], [2, 5, 16, 17, 18], [0, 1, 3, 10, 13]]",1.0,1.0,1.0,0.25,1,3,PP,uniform_600s,4,4,2,2,"[[2, 2, 1], [2, 2, 1], [2, 2, 1], [2, 1, 2]]",12,54,150,0.64,0.002539,20,5.75,115,26.5,530,600.0,12,OPTIMAL,3.9,78.0,78.0,0.0,0.05684208869934082,0.006774459034204483,0.06369284468748712,326.0,0.0013971328735351562,10,OPTIMAL,3.9,0.0,0.6623029708862305,3.9,uniform_600s,3.9,3.9,0.0,True,26.5,True,True,True
N20_lambda1_rep004_seed3116753086711776273,3116753086711776273,4,20,4,"[5, 5, 5, 5]","[[8, 12, 29, 30, 32], [5, 5, 8, 9, 15], [2, 5, 16, 17, 18], [0, 1, 3, 10, 13]]",1.0,1.0,1.0,0.25,1,3,PP,uniform_600s,4,4,4,4,"[[2, 3], [4, 1], [2, 3], [3, 2]]",8,24,150,0.84,0.002388,20,8.65,173,39.75,795,600.0,12,OPTIMAL,3.9,78.0,78.0,0.0,0.014902114868164062,0.006083955988287926,0.02106414185415554,1.0,0.0009729862213134766,9,OPTIMAL,3.9,0.0,0.6623029708862305,3.9,uniform_600s,3.9,3.9,0.0,True,39.75,True,True,True
N20_lambda1_rep004_seed3116753086711776273,3116753086711776273,4,20,4,"[5, 5, 5, 5]","[[8, 12, 29, 30, 32], [5, 5, 8, 9, 15], [2, 5, 16, 17, 18], [0, 1, 3, 10, 13]]",1.0,1.0,1.0,0.25,1,3,PP,uniform_600s,4,4,6,6,"[[2, 3], [4, 1], [2, 3], [3, 2]]",8,24,150,0.84,0.0024185,20,8.65,173,42.4,848,600.0,12,OPTIMAL,3.9,78.0,78.0,0.0,0.015433073043823242,0.006032238714396954,0.021547653567605973,1.0,0.0008389949798583984,9,OPTIMAL,3.9,0.0,0.6623029708862305,3.9,uniform_600s,3.9,3.9,0.0,True,42.4,True,True,True
N20_lambda1_rep004_seed3116753086711776273,3116753086711776273,4,20,4,"[5, 5, 5, 5]","[[8, 12, 29, 30, 32], [5, 5, 8, 9, 15], [2, 5, 16, 17, 18], [0, 1, 3, 10, 13]]",1.0,1.0,1.0,0.25,1,3,PP,uniform_600s,4,4,8,8,"[[2, 3], [4, 1], [2, 3], [3, 2]]",8,24,150,0.84,0.0024385,20,8.65,173,45.05,901,600.0,12,OPTIMAL,3.9,78.0,78.0,0.0,0.015978097915649414,0.0069446563720703125,0.023015861696971417,1.0,0.001062154769897461,9,OPTIMAL,3.9,0.0,0.6623029708862305,3.9,uniform_600s,3.9,3.9,0.0,True,45.05,True,True,True
N20_lambda1_rep004_seed3116753086711776273,3116753086711776273,4,20,4,"[5, 5, 5, 5]","[[8, 12, 29, 30, 32], [5, 5, 8, 9, 15], [2, 5, 16, 17, 18], [0, 1, 3, 10, 13]]",1.0,1.0,1.0,0.25,1,3,PP,uniform_600s,6,6,2,2,"[[2, 2, 1], [2, 2, 1], [2, 2, 1], [2, 1, 2]]",12,54,150,0.64,0.002399,20,5.75,115,45.5,910,600.0,12,OPTIMAL,3.9,78.0,78.0,0.0,0.05464601516723633,0.007502799853682518,0.06224818146474266,326.0,0.0014750957489013672,10,OPTIMAL,3.9,0.0,0.6623029708862305,3.9,uniform_600s,4.5,3.9,0.0,True,45.5,True,True,True
N20_lambda1_rep004_seed3116753086711776273,3116753086711776273,4,20,4,"[5, 5, 5, 5]","[[8, 12, 29, 30, 32], [5, 5, 8, 9, 15], [2, 5, 16, 17, 18], [0, 1, 3, 10, 13]]",1.0,1.0,1.0,0.25,1,3,PP,uniform_600s,6,6,4,4,"[[2, 3], [4, 1], [2, 3], [3, 2]]",8,24,150,0.84,0.0023385,20,8.65,173,68.25,1365,600.0,12,OPTIMAL,3.9,78.0,78.0,0.0,0.014418840408325195,0.005866937339305878,0.020357474633730412,1.0,0.0008759498596191406,9,OPTIMAL,3.9,0.0,0.6623029708862305,3.9,uniform_600s,4.5,3.9,0.0,True,68.25,True,True,True
N20_lambda1_rep004_seed3116753086711776273,3116753086711776273,4,20,4,"[5, 5, 5, 5]","[[8, 12, 29, 30, 32], [5, 5, 8, 9, 15], [2, 5, 16, 17, 18], [0, 1, 3, 10, 13]]",1.0,1.0,1.0,0.25,1,3,PP,uniform_600s,6,6,6,6,"[[2, 3], [5], [2, 3], [3, 2]]",7,18,150,0.88,0.0024435,20,12.45,249,72.8,1456,600.0,12,OPTIMAL,4.5,90.0,89.999999999995,0.0,0.005359172821044922,0.005305379629135132,0.010732452094691753,1.0,0.0002040863037109375,6,OPTIMAL,3.9,0.0,0.6623029708862305,3.9,uniform_600s,4.5,4.5,0.6000000000000001,True,72.2,True,True,True
N20_lambda1_rep004_seed3116753086711776273,3116753086711776273,4,20,4,"[5, 5, 5, 5]","[[8, 12, 29, 30, 32], [5, 5, 8, 9, 15], [2, 5, 16, 17, 18], [0, 1, 3, 10, 13]]",1.0,1.0,1.0,0.25,1,3,PP,uniform_600s,6,6,8,8,"[[2, 3], [5], [2, 3], [3, 2]]",7,18,150,0.88,0.002368,20,12.45,249,77.35,1547,600.0,12,OPTIMAL,4.5,90.0,89.999999999995,0.0,0.005175113677978516,0.004897702485322952,0.010138217937796594,1.0,0.00019598007202148438,6,OPTIMAL,3.9,0.0,0.6623029708862305,3.9,uniform_600s,4.5,4.5,0.6000000000000001,True,76.75,True,True,True
N20_lambda1_rep004_seed3116753086711776273,3116753086711776273,4,20,4,"[5, 5, 5, 5]","[[8, 12, 29, 30, 32], [5, 5, 8, 9, 15], [2, 5, 16, 17, 18], [0, 1, 3, 10, 13]]",1.0,1.0,1.0,0.25,1,3,PP,uniform_600s,8,8,2,2,"[[2, 2, 1], [2, 2, 1], [2, 2, 1], [2, 2, 1]]",12,54,150,0.64,0.002484,20,9.25,185,64.5,1290,600.0,12,OPTIMAL,4.25,85.0,85.0,0.0,0.0711369514465332,0.006377969868481159,0.07759792839613819,334.0,0.0012798309326171875,9,OPTIMAL,3.9,0.0,0.6623029708862305,3.9,uniform_600s,6.6,4.25,0.3500000000000001,True,64.15,True,True,True
N20_lambda1_rep004_seed3116753086711776273,3116753086711776273,4,20,4,"[5, 5, 5, 5]","[[8, 12, 29, 30, 32], [5, 5, 8, 9, 15], [2, 5, 16, 17, 18], [0, 1, 3, 10, 13]]",1.0,1.0,1.0,0.25,1,3,PP,uniform_600s,8,8,4,4,"[[2, 3], [4, 1], [2, 3], [4, 1]]",8,24,150,0.84,0.003035,20,12.15,243,96.75,1935,600.0,12,OPTIMAL,6.6,132.0,132.0,0.0,0.03866910934448242,0.006625804118812084,0.04538205434236288,220.0,0.0002551078796386719,3,OPTIMAL,3.9,0.0,0.6623029708862305,3.9,uniform_600s,6.6,6.6,2.6999999999999997,True,94.05,True,True,True
N20_lambda1_rep004_seed3116753086711776273,3116753086711776273,4,20,4,"[5, 5, 5, 5]","[[8, 12, 29, 30, 32], [5, 5, 8, 9, 15], [2, 5, 16, 17, 18], [0, 1, 3, 10, 13]]",1.0,1.0,1.0,0.25,1,3,PP,uniform_600s,8,8,6,6,"[[2, 3], [5], [2, 3], [5]]",6,13,150,0.9133333333333333,0.002874,20,17.35,347,103.2,2064,600.0,12,OPTIMAL,6.6,132.0,131.9999999999971,0.0,0.004462003707885742,0.005987209267914295,0.010529464049266815,1.0,0.00019502639770507812,4,OPTIMAL,3.9,0.0,0.6623029708862305,3.9,uniform_600s,6.6,6.6,2.6999999999999997,True,100.5,True,True,True
N20_lambda1_rep004_seed3116753086711776273,3116753086711776273,4,20,4,"[5, 5, 5, 5]","[[8, 12, 29, 30, 32], [5, 5, 8, 9, 15], [2, 5, 16, 17, 18], [0, 1, 3, 10, 13]]",1.0,1.0,1.0,0.25,1,3,PP,uniform_600s,8,8,8,8,"[[2, 3], [5], [2, 3], [5]]",6,13,150,0.9133333333333333,0.0029695,20,17.35,347,109.65,2193,600.0,12,OPTIMAL,6.6,132.0,131.9999999999971,0.0,0.004806995391845703,0.0060350121930241585,0.01092091153966856,1.0,0.00021386146545410156,4,OPTIMAL,3.9,0.0,0.6623029708862305,3.9,uniform_600s,6.6,6.6,2.6999999999999997,True,106.95,True,True,True
N20_lambda1_rep005_seed15951605630762508437,15951605630762508437,5,20,4,"[5, 5, 5, 5]","[[3, 4, 10, 16, 28], [2, 4, 5, 6, 14], [6, 9, 10, 16, 19], [17, 19, 23, 25, 26]]",1.0,1.0,1.0,0.25,1,3,PP,uniform_600s,2,2,2,2,"[[2, 1, 1, 1], [2, 2, 1], [1, 2, 1, 1], [2, 2, 1]]",14,73,150,0.5133333333333333,0.004672,20,2.15,43,7.5,150,600.0,12,OPTIMAL,3.9,78.0,78.0,0.0,0.14624691009521484,0.00670414324849844,0.15303051799703551,1467.0,0.0012450218200683594,10,OPTIMAL,3.9,0.0,0.9836199283599854,3.9,uniform_600s,3.9,3.9,0.0,True,7.5,True,True,True
N20_lambda1_rep005_seed15951605630762508437,15951605630762508437,5,20,4,"[5, 5, 5, 5]","[[3, 4, 10, 16, 28], [2, 4, 5, 6, 14], [6, 9, 10, 16, 19], [17, 19, 23, 25, 26]]",1.0,1.0,1.0,0.25,1,3,PP,uniform_600s,2,2,4,4,"[[2, 1, 1, 1], [4, 1], [1, 2, 1, 1], [2, 3]]",12,52,150,0.6533333333333333,0.001833,20,2.15,43,11.25,225,600.0,12,OPTIMAL,3.9,78.0,78.0,0.0,0.07418203353881836,0.0058411480858922005,0.08009346031468678,830.0,0.0002391338348388672,6,OPTIMAL,3.9,0.0,0.9836199283599854,3.9,uniform_600s,3.9,3.9,0.0,True,11.25,True,True,True
N20_lambda1_rep005_seed15951605630762508437,15951605630762508437,5,20,4,"[5, 5, 5, 5]","[[3, 4, 10, 16, 28], [2, 4, 5, 6, 14], [6, 9, 10, 16, 19], [17, 19, 23, 25, 26]]",1.0,1.0,1.0,0.25,1,3,PP,uniform_600s,2,2,6,6,"[[2, 1, 1, 1], [4, 1], [1, 2, 1, 1], [2, 3]]",12,52,150,0.6533333333333333,0.001803,20,2.15,43,12.0,240,600.0,12,OPTIMAL,3.9,78.0,78.0,0.0,0.07537293434143066,0.005929142236709595,0.08138868767442989,830.0,0.00023698806762695312,6,OPTIMAL,3.9,0.0,0.9836199283599854,3.9,uniform_600s,3.9,3.9,0.0,True,12.0,True,True,True
N20_lambda1_rep005_seed15951605630762508437,15951605630762508437,5,20,4,"[5, 5, 5, 5]","[[3, 4, 10, 16, 28], [2, 4, 5, 6, 14], [6, 9, 10, 16, 19], [17, 19, 23, 25, 26]]",1.0,1.0,1.0,0.25,1,3,PP,uniform_600s,2,2,8,8,"[[2, 1, 1, 1], [4, 1], [1, 2, 1, 1], [2, 3]]",12,52,150,0.6533333333333333,0.003155,20,2.15,43,12.75,255,600.0,12,OPTIMAL,3.9,78.0,78.0,0.0,0.07294797897338867,0.0081074433401227,0.08115141899832964,830.0,0.00030303001403808594,6,OPTIMAL,3.9,0.0,0.9836199283599854,3.9,uniform_600s,3.9,3.9,0.0,True,12.75,True,True,True
N20_lambda1_rep005_seed15951605630762508437,15951605630762508437,5,20,4,"[5, 5, 5, 5]","[[3, 4, 10, 16, 28], [2, 4, 5, 6, 14], [6, 9, 10, 16, 19], [17, 19, 23, 25, 26]]",1.0,1.0,1.0,0.25,1,3,PP,uniform_600s,4,4,2,2,"[[2, 1, 1, 1], [2, 2, 1], [2, 1, 2], [2, 2, 1]]",13,63,150,0.5800000000000001,0.0048425,20,5.25,105,26.5,530,600.0,12,OPTIMAL,3.9,78.0,78.0,0.0,0.10055208206176758,0.006131097674369812,0.1067600712131548,708.0,0.00115203857421875,8,OPTIMAL,3.9,0.0,0.9836199283599854,3.9,uniform_600s,3.9,3.9,0.0,True,26.5,True,True,True
N20_lambda1_rep005_seed15951605630762508437,15951605630762508437,5,20,4,"[5, 5, 5, 5]","[[3, 4, 10, 16, 28], [2, 4, 5, 6, 14], [6, 9, 10, 16, 19], [17, 19, 23, 25, 26]]",1.0,1.0,1.0,0.25,1,3,PP,uniform_600s,4,4,4,4,"[[2, 1, 1, 1], [4, 1], [3, 2], [4, 1]]",10,36,150,0.76,0.004632,20,7.75,155,39.75,795,600.0,12,OPTIMAL,3.9,78.0,77.9999999999992,0.0,0.030488014221191406,0.005376536399126053,0.03592997283873033,133.0,0.00020599365234375,6,OPTIMAL,3.9,0.0,0.9836199283599854,3.9,uniform_600s,3.9,3.9,0.0,True,39.75,True,True,True
N20_lambda1_rep005_seed15951605630762508437,15951605630762508437,5,20,4,"[5, 5, 5, 5]","[[3, 4, 10, 16, 28], [2, 4, 5, 6, 14], [6, 9, 10, 16, 19], [17, 19, 23, 25, 26]]",1.0,1.0,1.0,0.25,1,3,PP,uniform_600s,4,4,6,6,"[[2, 1, 1, 1], [4, 1], [3, 2], [5]]",9,28,150,0.8133333333333334,0.001833,20,7.75,155,42.4,848,600.0,12,OPTIMAL,3.9,78.0,78.0,0.0,0.021039962768554688,0.005005445331335068,0.02611003459316063,119.0,0.00019788742065429688,7,OPTIMAL,3.9,0.0,0.9836199283599854,3.9,uniform_600s,3.9,3.9,0.0,True,42.4,True,True,True
N20_lambda1_rep005_seed15951605630762508437,15951605630762508437,5,20,4,"[5, 5, 5, 5]","[[3, 4, 10, 16, 28], [2, 4, 5, 6, 14], [6, 9, 10, 16, 19], [17, 19, 23, 25, 26]]",1.0,1.0,1.0,0.25,1,3,PP,uniform_600s,4,4,8,8,"[[2, 1, 1, 1], [4, 1], [3, 2], [5]]",9,28,150,0.8133333333333334,0.00299,20,7.75,155,45.05,901,600.0,12,OPTIMAL,3.9,78.0,78.0,0.0,0.02178502082824707,0.0067452359944581985,0.028612542420675756,119.0,0.0002751350402832031,7,OPTIMAL,3.9,0.0,0.9836199283599854,3.9,uniform_600s,3.9,3.9,0.0,True,45.05,True,True,True
N20_lambda1_rep005_seed15951605630762508437,15951605630762508437,5,20,4,"[5, 5, 5, 5]","[[3, 4, 10, 16, 28], [2, 4, 5, 6, 14], [6, 9, 10, 16, 19], [17, 19, 23, 25, 26]]",1.0,1.0,1.0,0.25,1,3,PP,uniform_600s,6,6,2,2,"[[2, 2, 1], [2, 2, 1], [2, 2, 1], [2, 2, 1]]",12,54,150,0.64,0.001898,20,11.95,239,45.5,910,600.0,12,OPTIMAL,4.35,87.0,87.0,0.0,0.0442500114440918,0.005133017897605896,0.04944396853631544,573.0,0.00018787384033203125,2,OPTIMAL,3.9,0.0,0.9836199283599854,3.9,uniform_600s,5.75,4.35,0.44999999999999973,True,45.05,True,True,True
N20_lambda1_rep005_seed15951605630762508437,15951605630762508437,5,20,4,"[5, 5, 5, 5]","[[3, 4, 10, 16, 28], [2, 4, 5, 6, 14], [6, 9, 10, 16, 19], [17, 19, 23, 25, 26]]",1.0,1.0,1.0,0.25,1,3,PP,uniform_600s,6,6,4,4,"[[4, 1], [4, 1], [4, 1], [4, 1]]",8,24,150,0.84,0.001733,20,18.75,375,68.25,1365,600.0,12,OPTIMAL,5.75,115.0,115.0,0.0,0.009840965270996094,0.0043019019067287445,0.014194565633852959,1.0,0.00017690658569335938,5,OPTIMAL,3.9,0.0,0.9836199283599854,3.9,uniform_600s,5.75,5.75,1.85,True,66.4,True,True,True
N20_lambda1_rep005_seed15951605630762508437,15951605630762508437,5,20,4,"[5, 5, 5, 5]","[[3, 4, 10, 16, 28], [2, 4, 5, 6, 14], [6, 9, 10, 16, 19], [17, 19, 23, 25, 26]]",1.0,1.0,1.0,0.25,1,3,PP,uniform_600s,6,6,6,6,"[[4, 1], [4, 1], [5], [5]]",6,13,150,0.9133333333333333,0.0043765,20,20.15,403,72.8,1456,600.0,12,OPTIMAL,5.75,115.0,114.99999999999699,0.0,0.003667116165161133,0.004155291244387627,0.00787685646777296,1.0,0.00015401840209960938,3,OPTIMAL,3.9,0.0,0.9836199283599854,3.9,uniform_600s,5.75,5.75,1.85,True,70.95,True,True,True
N20_lambda1_rep005_seed15951605630762508437,15951605630762508437,5,20,4,"[5, 5, 5, 5]","[[3, 4, 10, 16, 28], [2, 4, 5, 6, 14], [6, 9, 10, 16, 19], [17, 19, 23, 25, 26]]",1.0,1.0,1.0,0.25,1,3,PP,uniform_600s,6,6,8,8,"[[4, 1], [4, 1], [5], [5]]",6,13,150,0.9133333333333333,0.001848,20,20.15,403,77.35,1547,600.0,12,OPTIMAL,5.75,115.0,114.99999999999699,0.0,0.003305196762084961,0.003972773440182209,0.007329933601329803,1.0,0.00015306472778320312,3,OPTIMAL,3.9,0.0,0.9836199283599854,3.9,uniform_600s,5.75,5.75,1.85,True,75.5,True,True,True
N20_lambda1_rep005_seed15951605630762508437,15951605630762508437,5,20,4,"[5, 5, 5, 5]","[[3, 4, 10, 16, 28], [2, 4, 5, 6, 14], [6, 9, 10, 16, 19], [17, 19, 23, 25, 26]]",1.0,1.0,1.0,0.25,1,3,PP,uniform_600s,8,8,2,2,"[[2, 2, 1], [2, 2, 1], [2, 2, 1], [2, 2, 1]]",12,54,150,0.64,0.0044065,20,11.95,239,64.5,1290,600.0,12,OPTIMAL,4.35,87.0,87.0,0.0,0.04587888717651367,0.0049400776624679565,0.05087652936889553,573.0,0.0001800060272216797,2,OPTIMAL,3.9,0.0,0.9836199283599854,3.9,uniform_600s,7.95,4.35,0.44999999999999973,True,64.05,True,True,True
N20_lambda1_rep005_seed15951605630762508437,15951605630762508437,5,20,4,"[5, 5, 5, 5]","[[3, 4, 10, 16, 28], [2, 4, 5, 6, 14], [6, 9, 10, 16, 19], [17, 19, 23, 25, 26]]",1.0,1.0,1.0,0.25,1,3,PP,uniform_600s,8,8,4,4,"[[4, 1], [4, 1], [4, 1], [4, 1]]",8,24,150,0.84,0.004497,20,18.75,375,96.75,1935,600.0,12,OPTIMAL,5.75,115.0,115.0,0.0,0.010361909866333008,0.0044810231775045395,0.014897537992319583,1.0,0.00018310546875,5,OPTIMAL,3.9,0.0,0.9836199283599854,3.9,uniform_600s,7.95,5.75,1.85,True,94.9,True,True,True
N20_lambda1_rep005_seed15951605630762508437,15951605630762508437,5,20,4,"[5, 5, 5, 5]","[[3, 4, 10, 16, 28], [2, 4, 5, 6, 14], [6, 9, 10, 16, 19], [17, 19, 23, 25, 26]]",1.0,1.0,1.0,0.25,1,3,PP,uniform_600s,8,8,6,6,"[[4, 1], [5], [5], [5]]",5,9,150,0.94,0.001728,20,25.55,511,103.2,2064,600.0,12,OPTIMAL,7.95,159.0,159.0,0.0,0.003407001495361328,0.0038916319608688354,0.007353770011916638,1.0,0.0004870891571044922,4,OPTIMAL,3.9,0.0,0.9836199283599854,3.9,uniform_600s,7.95,7.95,4.050000000000001,True,99.15,True,True,True
N20_lambda1_rep005_seed15951605630762508437,15951605630762508437,5,20,4,"[5, 5, 5, 5]","[[3, 4, 10, 16, 28], [2, 4, 5, 6, 14], [6, 9, 10, 16, 19], [17, 19, 23, 25, 26]]",1.0,1.0,1.0,0.25,1,3,PP,uniform_600s,8,8,8,8,"[[4, 1], [5], [5], [5]]",5,9,150,0.94,0.004516,20,25.55,511,109.65,2193,600.0,12,OPTIMAL,7.95,159.0,159.0,0.0,0.0025949478149414062,0.004639262333512306,0.0072926124726209645,1.0,0.0005078315734863281,4,OPTIMAL,3.9,0.0,0.9836199283599854,3.9,uniform_600s,7.95,7.95,4.050000000000001,True,105.60000000000001,True,True,True
N20_lambda1_rep006_seed8948835412789504895,8948835412789504895,6,20,4,"[5, 5, 5, 5]","[[4, 6, 12, 14, 17], [8, 11, 15, 16, 19], [2, 9, 10, 12, 12], [3, 8, 8, 16, 20]]",1.0,1.0,1.0,0.25,1,3,PP,uniform_600s,2,2,2,2,"[[2, 2, 1], [1, 1, 2, 1], [1, 2, 2], [1, 2, 1, 1]]",14,73,150,0.5133333333333333,0.0018125,20,1.4,28,7.5,150,600.0,12,OPTIMAL,7.1,142.0,142.0,0.0,0.3058187961578369,0.005800868384540081,0.3116831706436872,10089.0,0.0011098384857177734,10,OPTIMAL,7.1,0.0,11.189949035644531,7.1,uniform_600s,7.1,7.1,0.0,True,7.5,True,True,True
N20_lambda1_rep006_seed8948835412789504895,8948835412789504895,6,20,4,"[5, 5, 5, 5]","[[4, 6, 12, 14, 17], [8, 11, 15, 16, 19], [2, 9, 10, 12, 12], [3, 8, 8, 16, 20]]",1.0,1.0,1.0,0.25,1,3,PP,uniform_600s,2,2,4,4,"[[2, 2, 1], [1, 1, 2, 1], [1, 4], [1, 2, 1, 1]]",13,62,150,0.5866666666666667,0.004472,20,2.05,41,11.25,225,600.0,12,OPTIMAL,7.1,142.0,141.9999999999925,0.0,0.1760871410369873,0.005822350271046162,0.18198141527682257,2657.0,0.0010330677032470703,9,OPTIMAL,7.1,0.0,11.189949035644531,7.1,uniform_600s,7.1,7.1,0.0,True,11.25,True,True,True
N20_lambda1_rep006_seed8948835412789504895,8948835412789504895,6,20,4,"[5, 5, 5, 5]","[[4, 6, 12, 14, 17], [8, 11, 15, 16, 19], [2, 9, 10, 12, 12], [3, 8, 8, 16, 20]]",1.0,1.0,1.0,0.25,1,3,PP,uniform_600s,2,2,6,6,"[[2, 2, 1], [1, 1, 2, 1], [1, 4], [1, 2, 1, 1]]",13,62,150,0.5866666666666667,0.004617,20,2.05,41,12.0,240,600.0,12,OPTIMAL,7.1,142.0,141.9999999999925,0.0,0.17189311981201172,0.005634556524455547,0.17759432873316242,2657.0,0.0009760856628417969,9,OPTIMAL,7.1,0.0,11.189949035644531,7.1,uniform_600s,7.1,7.1,0.0,True,12.0,True,True,True
N20_lambda1_rep006_seed8948835412789504895,8948835412789504895,6,20,4,"[5, 5, 5, 5]","[[4, 6, 12, 14, 17], [8, 11, 15, 16, 19], [2, 9, 10, 12, 12], [3, 8, 8, 16, 20]]",1.0,1.0,1.0,0.25,1,3,PP,uniform_600s,2,2,8,8,"[[2, 2, 1], [1, 1, 2, 1], [1, 4], [1, 2, 1, 1]]",13,62,150,0.5866666666666667,0.001818,20,2.05,41,12.75,255,600.0,12,OPTIMAL,7.1,142.0,141.9999999999925,0.0,0.17618680000305176,0.005824684165418148,0.18208387127391623,2657.0,0.0010898113250732422,9,OPTIMAL,7.1,0.0,11.189949035644531,7.1,uniform_600s,7.1,7.1,0.0,True,12.75,True,True,True
N20_lambda1_rep006_seed8948835412789504895,8948835412789504895,6,20,4,"[5, 5, 5, 5]","[[4, 6, 12, 14, 17], [8, 11, 15, 16, 19], [2, 9, 10, 12, 12], [3, 8, 8, 16, 20]]",1.0,1.0,1.0,0.25,1,3,PP,uniform_600s,4,4,2,2,"[[2, 2, 1], [2, 2, 1], [1, 2, 2], [1, 2, 2]]",12,54,150,0.64,0.001888,20,5.3,106,26.5,530,600.0,12,OPTIMAL,7.1,142.0,142.0,0.0,0.16011404991149902,0.005560754798352718,0.1657406680514698,2613.0,0.0009350776672363281,10,OPTIMAL,7.1,0.0,11.189949035644531,7.1,uniform_600s,7.1,7.1,0.0,True,26.5,True,True,True
N20_lambda1_rep006_seed8948835412789504895,8948835412789504895,6,20,4,"[5, 5, 5, 5]","[[4, 6, 12, 14, 17], [8, 11, 15, 16, 19], [2, 9, 10, 12, 12], [3, 8, 8, 16, 20]]",1.0,1.0,1.0,0.25,1,3,PP,uniform_600s,4,4,4,4,"[[2, 3], [4, 1], [1, 4], [1, 2, 2]]",9,30,150,0.8,0.0048475,20,9.85,197,39.75,795,600.0,12,OPTIMAL,7.1,142.0,142.0,0.0,0.032903194427490234,0.005344838835299015,0.038316644694182875,237.0,0.0002110004425048828,4,OPTIMAL,7.1,0.0,11.189949035644531,7.1,uniform_600s,7.1,7.1,0.0,True,39.75,True,True,True
N20_lambda1_rep006_seed8948835412789504895,8948835412789504895,6,20,4,"[5, 5, 5, 5]","[[4, 6, 12, 14, 17], [8, 11, 15, 16, 19], [2, 9, 10, 12, 12], [3, 8, 8, 16, 20]]",1.0,1.0,1.0,0.25,1,3,PP,uniform_600s,4,4,6,6,"[[2, 3], [5], [1, 4], [1, 2, 2]]",8,23,150,0.8466666666666667,0.004597,20,11.25,225,42.4,848,600.0,12,OPTIMAL,7.1,142.0,142.0,0.0,0.01896190643310547,0.005112256854772568,0.024136181912538527,143.0,0.0006859302520751953,4,OPTIMAL,7.1,0.0,11.189949035644531,7.1,uniform_600s,7.1,7.1,0.0,True,42.4,True,True,True
N20_lambda1_rep006_seed8948835412789504895,8948835412789504895,6,20,4,"[5, 5, 5, 5]","[[4, 6, 12, 14, 17], [8, 11, 15, 16, 19], [2, 9, 10, 12, 12], [3, 8, 8, 16, 20]]",1.0,1.0,1.0,0.25,1,3,PP,uniform_600s,4,4,8,8,"[[2, 3], [5], [1, 4], [1, 2, 2]]",8,23,150,0.8466666666666667,0.001858,20,11.25,225,45.05,901,600.0,12,OPTIMAL,7.1,142.0,142.0,0.0,0.018776893615722656,0.004691421054303646,0.0235254624973135,143.0,0.0006690025329589844,4,OPTIMAL,7.1,0.0,11.189949035644531,7.1,uniform_600s,7.1,7.1,0.0,True,45.05,True,True,True
N20_lambda1_rep006_seed8948835412789504895,8948835412789504895,6,20,4,"[5, 5, 5, 5]","[[4, 6, 12, 14, 17], [8, 11, 15, 16, 19], [2, 9, 10, 12, 12], [3, 8, 8, 16, 20]]",1.0,1.0,1.0,0.25,1,3,PP,uniform_600s,6,6,2,2,"[[2, 2, 1], [2, 2, 1], [1, 2, 2], [2, 1, 2]]",12,54,150,0.64,0.001798,20,8.9,178,45.5,910,600.0,12,OPTIMAL,7.1,142.0,142.0,0.0,0.10378408432006836,0.005017233081161976,0.10886270793881225,1948.0,0.0009419918060302734,5,OPTIMAL,7.1,0.0,11.189949035644531,7.1,uniform_600s,7.8,7.1,0.0,True,45.5,True,True,True
N20_lambda1_rep006_seed8948835412789504895,8948835412789504895,6,20,4,"[5, 5, 5, 5]","[[4, 6, 12, 14, 17], [8, 11, 15, 16, 19], [2, 9, 10, 12, 12], [3, 8, 8, 16, 20]]",1.0,1.0,1.0,0.25,1,3,PP,uniform_600s,6,6,4,4,"[[4, 1], [4, 1], [1, 4], [3, 2]]",8,24,150,0.84,0.001817,20,16.35,327,68.25,1365,600.0,12,OPTIMAL,7.8,156.0,156.0,0.0,0.014974117279052734,0.004837721586227417,0.019873662841407777,86.0,0.0001800060272216797,5,OPTIMAL,7.1,0.0,11.189949035644531,7.1,uniform_600s,7.8,7.8,0.7000000000000002,True,67.55,True,True,True
N20_lambda1_rep006_seed8948835412789504895,8948835412789504895,6,20,4,"[5, 5, 5, 5]","[[4, 6, 12, 14, 17], [8, 11, 15, 16, 19], [2, 9, 10, 12, 12], [3, 8, 8, 16, 20]]",1.0,1.0,1.0,0.25,1,3,PP,uniform_600s,6,6,6,6,"[[5], [5], [1, 4], [3, 2]]",6,13,150,0.9133333333333333,0.004717,20,19.15,383,72.8,1456,600.0,12,OPTIMAL,7.8,156.0,156.0,0.0,0.005083799362182617,0.004824291914701462,0.009967977032236576,1.0,0.00015497207641601562,3,OPTIMAL,7.1,0.0,11.189949035644531,7.1,uniform_600s,7.8,7.8,0.7000000000000002,True,72.1,True,True,True
N20_lambda1_rep006_seed8948835412789504895,8948835412789504895,6,20,4,"[5, 5, 5, 5]","[[4, 6, 12, 14, 17], [8, 11, 15, 16, 19], [2, 9, 10, 12, 12], [3, 8, 8, 16, 20]]",1.0,1.0,1.0,0.25,1,3,PP,uniform_600s,6,6,8,8,"[[5], [5], [1, 4], [3, 2]]",6,13,150,0.9133333333333333,0.0018325,20,19.15,383,77.35,1547,600.0,12,OPTIMAL,7.8,156.0,156.0,0.0,0.005278110504150391,0.004365918226540089,0.009698679327864647,1.0,0.00015497207641601562,3,OPTIMAL,7.1,0.0,11.189949035644531,7.1,uniform_600s,7.8,7.8,0.7000000000000002,True,76.64999999999999,True,True,True
N20_lambda1_rep006_seed8948835412789504895,8948835412789504895,6,20,4,"[5, 5, 5, 5]","[[4, 6, 12, 14, 17], [8, 11, 15, 16, 19], [2, 9, 10, 12, 12], [3, 8, 8, 16, 20]]",1.0,1.0,1.0,0.25,1,3,PP,uniform_600s,8,8,2,2,"[[2, 2, 1], [2, 2, 1], [2, 2, 1], [2, 2, 1]]",12,54,150,0.64,0.001873,20,18.6,372,64.5,1290,600.0,12,OPTIMAL,7.55,151.0,151.0,0.0,0.10076785087585449,0.0051475511863827705,0.10597600053850222,1525.0,0.0008819103240966797,10,OPTIMAL,7.1,0.0,11.189949035644531,7.1,uniform_600s,9.95,7.55,0.4500000000000002,True,64.05,True,True,True
N20_lambda1_rep006_seed8948835412789504895,8948835412789504895,6,20,4,"[5, 5, 5, 5]","[[4, 6, 12, 14, 17], [8, 11, 15, 16, 19], [2, 9, 10, 12, 12], [3, 8, 8, 16, 20]]",1.0,1.0,1.0,0.25,1,3,PP,uniform_600s,8,8,4,4,"[[4, 1], [4, 1], [4, 1], [4, 1]]",8,24,150,0.84,0.004627,20,25.4,508,96.75,1935,600.0,12,OPTIMAL,9.95,199.0,199.0,0.0,0.020660877227783203,0.005436296574771404,0.02616362572034788,184.0,0.0007460117340087891,6,OPTIMAL,7.1,0.0,11.189949035644531,7.1,uniform_600s,9.95,9.95,2.8499999999999996,True,93.9,True,True,True
N20_lambda1_rep006_seed8948835412789504895,8948835412789504895,6,20,4,"[5, 5, 5, 5]","[[4, 6, 12, 14, 17], [8, 11, 15, 16, 19], [2, 9, 10, 12, 12], [3, 8, 8, 16, 20]]",1.0,1.0,1.0,0.25,1,3,PP,uniform_600s,8,8,6,6,"[[5], [5], [5], [5]]",4,6,150,0.96,0.0016825,20,30.4,608,103.2,2064,600.0,12,OPTIMAL,9.95,199.0,199.0,0.0,0.0027408599853515625,0.004638360813260078,0.0074349470162940025,1.0,0.0004730224609375,2,OPTIMAL,7.1,0.0,11.189949035644531,7.1,uniform_600s,9.95,9.95,2.8499999999999996,True,100.35000000000001,True,True,True
N20_lambda1_rep006_seed8948835412789504895,8948835412789504895,6,20,4,"[5, 5, 5, 5]","[[4, 6, 12, 14, 17], [8, 11, 15, 16, 19], [2, 9, 10, 12, 12], [3, 8, 8, 16, 20]]",1.0,1.0,1.0,0.25,1,3,PP,uniform_600s,8,8,8,8,"[[5], [5], [5], [5]]",4,6,150,0.96,0.001783,20,30.4,608,109.65,2193,600.0,12,OPTIMAL,9.95,199.0,199.0,0.0,0.0027921199798583984,0.003994046710431576,0.006838065089352608,1.0,0.00043320655822753906,2,OPTIMAL,7.1,0.0,11.189949035644531,7.1,uniform_600s,9.95,9.95,2.8499999999999996,True,106.80000000000001,True,True,True
N20_lambda1_rep007_seed11310922086590633895,11310922086590633895,7,20,4,"[5, 5, 5, 5]","[[7, 11, 15, 15, 17], [8, 9, 12, 16, 16], [1, 8, 12, 14, 22], [4, 8, 9, 12, 19]]",1.0,1.0,1.0,0.25,1,3,PP,uniform_600s,2,2,2,2,"[[1, 1, 2, 1], [2, 1, 2], [1, 1, 2, 1], [1, 2, 1, 1]]",15,84,150,0.43999999999999995,0.001948,20,0.65,13,7.5,150,600.0,12,OPTIMAL,7.05,141.0,141.0,0.0,0.4837942123413086,0.005920447409152985,0.48977792230348394,15198.0,0.0012760162353515625,7,OPTIMAL,7.05,0.0,9.007565021514893,7.05,uniform_600s,7.05,7.05,0.0,True,7.5,True,True,True
N20_lambda1_rep007_seed11310922086590633895,11310922086590633895,7,20,4,"[5, 5, 5, 5]","[[7, 11, 15, 15, 17], [8, 9, 12, 16, 16], [1, 8, 12, 14, 22], [4, 8, 9, 12, 19]]",1.0,1.0,1.0,0.25,1,3,PP,uniform_600s,2,2,4,4,"[[1, 1, 3], [2, 1, 2], [1, 1, 2, 1], [1, 2, 1, 1]]",14,73,150,0.5133333333333333,0.003455,20,1.25,25,11.25,225,600.0,12,OPTIMAL,7.05,141.0,140.99999999998892,0.0,0.27370691299438477,0.007719648070633411,0.2815092436764407,10604.0,0.0015659332275390625,10,OPTIMAL,7.05,0.0,9.007565021514893,7.05,uniform_600s,7.05,7.05,0.0,True,11.25,True,True,True
N20_lambda1_rep007_seed11310922086590633895,11310922086590633895,7,20,4,"[5, 5, 5, 5]","[[7, 11, 15, 15, 17], [8, 9, 12, 16, 16], [1, 8, 12, 14, 22], [4, 8, 9, 12, 19]]",1.0,1.0,1.0,0.25,1,3,PP,uniform_600s,2,2,6,6,"[[1, 1, 3], [2, 1, 2], [1, 1, 2, 1], [1, 2, 1, 1]]",14,73,150,0.5133333333333333,0.0018475,20,1.25,25,12.0,240,600.0,12,OPTIMAL,7.05,141.0,140.99999999998892,0.0,0.2557411193847656,0.005892787128686905,0.26169336842188595,10604.0,0.0011391639709472656,10,OPTIMAL,7.05,0.0,9.007565021514893,7.05,uniform_600s,7.05,7.05,0.0,True,12.0,True,True,True
N20_lambda1_rep007_seed11310922086590633895,11310922086590633895,7,20,4,"[5, 5, 5, 5]","[[7, 11, 15, 15, 17], [8, 9, 12, 16, 16], [1, 8, 12, 14, 22], [4, 8, 9, 12, 19]]",1.0,1.0,1.0,0.25,1,3,PP,uniform_600s,2,2,8,8,"[[1, 1, 3], [2, 1, 2], [1, 1, 2, 1], [1, 2, 1, 1]]",14,73,150,0.5133333333333333,0.001863,20,1.25,25,12.75,255,600.0,12,OPTIMAL,7.05,141.0,140.99999999998892,0.0,0.23956799507141113,0.005533082410693169,0.24516955798586654,10604.0,0.0012018680572509766,10,OPTIMAL,7.05,0.0,9.007565021514893,7.05,uniform_600s,7.05,7.05,0.0,True,12.75,True,True,True
N20_lambda1_rep007_seed11310922086590633895,11310922086590633895,7,20,4,"[5, 5, 5, 5]","[[7, 11, 15, 15, 17], [8, 9, 12, 16, 16], [1, 8, 12, 14, 22], [4, 8, 9, 12, 19]]",1.0,1.0,1.0,0.25,1,3,PP,uniform_600s,4,4,2,2,"[[2, 2, 1], [2, 2, 1], [1, 2, 1, 1], [2, 2, 1]]",13,63,150,0.5800000000000001,0.002008,20,11.65,233,26.5,530,600.0,12,OPTIMAL,8.05,161.0,160.99999999998852,0.0,0.11676692962646484,0.005384599789977074,0.12220979209391641,3625.0,0.000946044921875,10,OPTIMAL,7.05,0.0,9.007565021514893,7.05,uniform_600s,8.05,8.05,1.0000000000000009,True,25.5,True,True,True
N20_lambda1_rep007_seed11310922086590633895,11310922086590633895,7,20,4,"[5, 5, 5, 5]","[[7, 11, 15, 15, 17], [8, 9, 12, 16, 16], [1, 8, 12, 14, 22], [4, 8, 9, 12, 19]]",1.0,1.0,1.0,0.25,1,3,PP,uniform_600s,4,4,4,4,"[[4, 1], [4, 1], [1, 3, 1], [4, 1]]",9,30,150,0.8,0.0018975,20,16.4,328,39.75,795,600.0,12,OPTIMAL,8.05,161.0,161.0,0.0,0.027858972549438477,0.00483186449855566,0.03274929469927311,179.0,0.00021600723266601562,10,OPTIMAL,7.05,0.0,9.007565021514893,7.05,uniform_600s,8.05,8.05,1.0000000000000009,True,38.75,True,True,True
N20_lambda1_rep007_seed11310922086590633895,11310922086590633895,7,20,4,"[5, 5, 5, 5]","[[7, 11, 15, 15, 17], [8, 9, 12, 16, 16], [1, 8, 12, 14, 22], [4, 8, 9, 12, 19]]",1.0,1.0,1.0,0.25,1,3,PP,uniform_600s,4,4,6,6,"[[5], [5], [1, 3, 1], [4, 1]]",7,17,150,0.8866666666666667,0.001908,20,17.0,340,42.4,848,600.0,12,OPTIMAL,8.05,161.0,160.9999999999983,0.0,0.008383989334106445,0.004429103806614876,0.012866942863352776,1.0,0.00015497207641601562,2,OPTIMAL,7.05,0.0,9.007565021514893,7.05,uniform_600s,8.05,8.05,1.0000000000000009,True,41.4,True,True,True
N20_lambda1_rep007_seed11310922086590633895,11310922086590633895,7,20,4,"[5, 5, 5, 5]","[[7, 11, 15, 15, 17], [8, 9, 12, 16, 16], [1, 8, 12, 14, 22], [4, 8, 9, 12, 19]]",1.0,1.0,1.0,0.25,1,3,PP,uniform_600s,4,4,8,8,"[[5], [5], [1, 3, 1], [4, 1]]",7,17,150,0.8866666666666667,0.001903,20,17.0,340,45.05,901,600.0,12,OPTIMAL,8.05,161.0,160.9999999999983,0.0,0.008365869522094727,0.00447501428425312,0.012899477342787265,1.0,0.0001690387725830078,2,OPTIMAL,7.05,0.0,9.007565021514893,7.05,uniform_600s,8.05,8.05,1.0000000000000009,True,44.05,True,True,True
N20_lambda1_rep007_seed11310922086590633895,11310922086590633895,7,20,4,"[5, 5, 5, 5]","[[7, 11, 15, 15, 17], [8, 9, 12, 16, 16], [1, 8, 12, 14, 22], [4, 8, 9, 12, 19]]",1.0,1.0,1.0,0.25,1,3,PP,uniform_600s,6,6,2,2,"[[2, 2, 1], [2, 2, 1], [1, 2, 1, 1], [2, 2, 1]]",13,63,150,0.5800000000000001,0.0020885,20,11.65,233,45.5,910,600.0,12,OPTIMAL,8.05,161.0,160.99999999998852,0.0,0.12474679946899414,0.005922321230173111,0.1307393745610485,3625.0,0.0010478496551513672,10,OPTIMAL,7.05,0.0,9.007565021514893,7.05,uniform_600s,8.05,8.05,1.0000000000000009,True,44.5,True,True,True
N20_lambda1_rep007_seed11310922086590633895,11310922086590633895,7,20,4,"[5, 5, 5, 5]","[[7, 11, 15, 15, 17], [8, 9, 12, 16, 16], [1, 8, 12, 14, 22], [4, 8, 9, 12, 19]]",1.0,1.0,1.0,0.25,1,3,PP,uniform_600s,6,6,4,4,"[[4, 1], [4, 1], [1, 3, 1], [4, 1]]",9,30,150,0.8,0.001833,20,16.4,328,68.25,1365,600.0,12,OPTIMAL,8.05,161.0,161.0,0.0,0.026005983352661133,0.005038104951381683,0.031100979232008934,179.0,0.00022292137145996094,10,OPTIMAL,7.05,0.0,9.007565021514893,7.05,uniform_600s,8.05,8.05,1.0000000000000009,True,67.25,True,True,True
N20_lambda1_rep007_seed11310922086590633895,11310922086590633895,7,20,4,"[5, 5, 5, 5]","[[7, 11, 15, 15, 17], [8, 9, 12, 16, 16], [1, 8, 12, 14, 22], [4, 8, 9, 12, 19]]",1.0,1.0,1.0,0.25,1,3,PP,uniform_600s,6,6,6,6,"[[5], [5], [1, 3, 1], [4, 1]]",7,17,150,0.8866666666666667,0.004557,20,17.0,340,72.8,1456,600.0,12,OPTIMAL,8.05,161.0,160.9999999999983,0.0,0.007808208465576172,0.004557809792459011,0.012420884372193337,1.0,0.000164031982421875,2,OPTIMAL,7.05,0.0,9.007565021514893,7.05,uniform_600s,8.05,8.05,1.0000000000000009,True,71.8,True,True,True
N20_lambda1_rep007_seed11310922086590633895,11310922086590633895,7,20,4,"[5, 5, 5, 5]","[[7, 11, 15, 15, 17], [8, 9, 12, 16, 16], [1, 8, 12, 14, 22], [4, 8, 9, 12, 19]]",1.0,1.0,1.0,0.25,1,3,PP,uniform_600s,6,6,8,8,"[[5], [5], [1, 3, 1], [4, 1]]",7,17,150,0.8866666666666667,0.001803,20,17.0,340,77.35,1547,600.0,12,OPTIMAL,8.05,161.0,160.9999999999983,0.0,0.0076940059661865234,0.004614485427737236,0.012360081967440128,1.0,0.0001659393310546875,2,OPTIMAL,7.05,0.0,9.007565021514893,7.05,uniform_600s,8.05,8.05,1.0000000000000009,True,76.35,True,True,True
N20_lambda1_rep007_seed11310922086590633895,11310922086590633895,7,20,4,"[5, 5, 5, 5]","[[7, 11, 15, 15, 17], [8, 9, 12, 16, 16], [1, 8, 12, 14, 22], [4, 8, 9, 12, 19]]",1.0,1.0,1.0,0.25,1,3,PP,uniform_600s,8,8,2,2,"[[2, 2, 1], [2, 2, 1], [2, 2, 1], [2, 2, 1]]",12,54,150,0.64,0.004738,20,15.3,306,64.5,1290,600.0,12,OPTIMAL,9.05,181.0,181.0,0.0,0.18041181564331055,0.005074480548501015,0.1855481829389577,5845.0,0.0008628368377685547,10,OPTIMAL,7.05,0.0,9.007565021514893,7.05,uniform_600s,13.1,9.05,2.000000000000001,True,62.5,True,True,True
N20_lambda1_rep007_seed11310922086590633895,11310922086590633895,7,20,4,"[5, 5, 5, 5]","[[7, 11, 15, 15, 17], [8, 9, 12, 16, 16], [1, 8, 12, 14, 22], [4, 8, 9, 12, 19]]",1.0,1.0,1.0,0.25,1,3,PP,uniform_600s,8,8,4,4,"[[4, 1], [4, 1], [4, 1], [4, 1]]",8,24,150,0.84,0.001753,20,21.9,438,96.75,1935,600.0,12,OPTIMAL,9.7,194.0,194.0,0.0,0.023289918899536133,0.0052840569987893105,0.02863348021117735,175.0,0.0007610321044921875,9,OPTIMAL,7.05,0.0,9.007565021514893,7.05,uniform_600s,13.1,9.7,2.6499999999999995,True,94.1,True,True,True
N20_lambda1_rep007_seed11310922086590633895,11310922086590633895,7,20,4,"[5, 5, 5, 5]","[[7, 11, 15, 15, 17], [8, 9, 12, 16, 16], [1, 8, 12, 14, 22], [4, 8, 9, 12, 19]]",1.0,1.0,1.0,0.25,1,3,PP,uniform_600s,8,8,6,6,"[[5], [5], [5], [5]]",4,6,150,0.96,0.004502,20,32.5,650,103.2,2064,600.0,12,OPTIMAL,13.1,262.0,262.0,0.0,0.0034830570220947266,0.0043469201773405075,0.00789144168206644,1.0,0.0004730224609375,2,OPTIMAL,7.05,0.0,9.007565021514893,7.05,uniform_600s,13.1,13.1,6.05,True,97.15,True,True,True
N20_lambda1_rep007_seed11310922086590633895,11310922086590633895,7,20,4,"[5, 5, 5, 5]","[[7, 11, 15, 15, 17], [8, 9, 12, 16, 16], [1, 8, 12, 14, 22], [4, 8, 9, 12, 19]]",1.0,1.0,1.0,0.25,1,3,PP,uniform_600s,8,8,8,8,"[[5], [5], [5], [5]]",4,6,150,0.96,0.001828,20,32.5,650,109.65,2193,600.0,12,OPTIMAL,13.1,262.0,262.0,0.0,0.0033769607543945312,0.004524427466094494,0.007955169118991376,1.0,0.0004439353942871094,2,OPTIMAL,7.05,0.0,9.007565021514893,7.05,uniform_600s,13.1,13.1,6.05,True,103.60000000000001,True,True,True
N20_lambda1_rep008_seed10120808185930139006,10120808185930139006,8,20,4,"[5, 5, 5, 5]","[[5, 5, 9, 12, 13], [16, 19, 20, 23, 24], [2, 2, 8, 12, 13], [11, 21, 26, 27, 35]]",1.0,1.0,1.0,0.25,1,3,PP,uniform_600s,2,2,2,2,"[[2, 1, 2], [1, 2, 2], [2, 1, 2], [1, 1, 2, 1]]",13,63,150,0.5800000000000001,0.0029845,20,0.0,0,7.5,150,600.0,12,OPTIMAL,3.3,66.0,66.0,0.0,0.08112788200378418,0.007585675455629826,0.08880946373797369,254.0,0.00026702880859375,7,OPTIMAL,3.3,0.0,0.26178503036499023,3.3,uniform_600s,3.3,3.3,0.0,True,7.5,True,True,True
N20_lambda1_rep008_seed10120808185930139006,10120808185930139006,8,20,4,"[5, 5, 5, 5]","[[5, 5, 9, 12, 13], [16, 19, 20, 23, 24], [2, 2, 8, 12, 13], [11, 21, 26, 27, 35]]",1.0,1.0,1.0,0.25,1,3,PP,uniform_600s,2,2,4,4,"[[2, 1, 2], [1, 2, 2], [2, 1, 2], [1, 1, 2, 1]]",13,63,150,0.5800000000000001,0.004512,20,0.0,0,11.25,225,600.0,12,OPTIMAL,3.3,66.0,66.0,0.0,0.06885790824890137,0.00578903965651989,0.07471365362695408,254.0,0.00018405914306640625,7,OPTIMAL,3.3,0.0,0.26178503036499023,3.3,uniform_600s,3.3,3.3,0.0,True,11.25,True,True,True
N20_lambda1_rep008_seed10120808185930139006,10120808185930139006,8,20,4,"[5, 5, 5, 5]","[[5, 5, 9, 12, 13], [16, 19, 20, 23, 24], [2, 2, 8, 12, 13], [11, 21, 26, 27, 35]]",1.0,1.0,1.0,0.25,1,3,PP,uniform_600s,2,2,6,6,"[[2, 1, 2], [1, 2, 2], [2, 1, 2], [1, 1, 2, 1]]",13,63,150,0.5800000000000001,0.001858,20,0.0,0,12.0,240,600.0,12,OPTIMAL,3.3,66.0,66.0,0.0,0.06412410736083984,0.005579222925007343,0.06976782811089324,254.0,0.00017714500427246094,7,OPTIMAL,3.3,0.0,0.26178503036499023,3.3,uniform_600s,3.3,3.3,0.0,True,12.0,True,True,True
N20_lambda1_rep008_seed10120808185930139006,10120808185930139006,8,20,4,"[5, 5, 5, 5]","[[5, 5, 9, 12, 13], [16, 19, 20, 23, 24], [2, 2, 8, 12, 13], [11, 21, 26, 27, 35]]",1.0,1.0,1.0,0.25,1,3,PP,uniform_600s,2,2,8,8,"[[2, 1, 2], [1, 2, 2], [2, 1, 2], [1, 1, 2, 1]]",13,63,150,0.5800000000000001,0.002003,20,0.0,0,12.75,255,600.0,12,OPTIMAL,3.3,66.0,66.0,0.0,0.06681299209594727,0.00588335283100605,0.072768808998981,254.0,0.0001888275146484375,7,OPTIMAL,3.3,0.0,0.26178503036499023,3.3,uniform_600s,3.3,3.3,0.0,True,12.75,True,True,True
N20_lambda1_rep008_seed10120808185930139006,10120808185930139006,8,20,4,"[5, 5, 5, 5]","[[5, 5, 9, 12, 13], [16, 19, 20, 23, 24], [2, 2, 8, 12, 13], [11, 21, 26, 27, 35]]",1.0,1.0,1.0,0.25,1,3,PP,uniform_600s,4,4,2,2,"[[2, 2, 1], [2, 2, 1], [2, 2, 1], [1, 1, 2, 1]]",13,63,150,0.5800000000000001,0.0020385,20,7.05,141,26.5,530,600.0,12,OPTIMAL,3.4,68.0,68.0,0.0,0.04461383819580078,0.005518650636076927,0.050191348253477576,164.0,0.0002307891845703125,5,OPTIMAL,3.3,0.0,0.26178503036499023,3.3,uniform_600s,3.4,3.4,0.10000000000000009,True,26.4,True,True,True
N20_lambda1_rep008_seed10120808185930139006,10120808185930139006,8,20,4,"[5, 5, 5, 5]","[[5, 5, 9, 12, 13], [16, 19, 20, 23, 24], [2, 2, 8, 12, 13], [11, 21, 26, 27, 35]]",1.0,1.0,1.0,0.25,1,3,PP,uniform_600s,4,4,4,4,"[[4, 1], [4, 1], [2, 3], [1, 1, 2, 1]]",10,36,150,0.76,0.0048525,20,9.55,191,39.75,795,600.0,12,OPTIMAL,3.4,68.0,68.0,0.0,0.009203910827636719,0.00495024211704731,0.01421268594656229,1.0,0.00018095970153808594,2,OPTIMAL,3.3,0.0,0.26178503036499023,3.3,uniform_600s,3.4,3.4,0.10000000000000009,True,39.65,True,True,True
N20_lambda1_rep008_seed10120808185930139006,10120808185930139006,8,20,4,"[5, 5, 5, 5]","[[5, 5, 9, 12, 13], [16, 19, 20, 23, 24], [2, 2, 8, 12, 13], [11, 21, 26, 27, 35]]",1.0,1.0,1.0,0.25,1,3,PP,uniform_600s,4,4,6,6,"[[5], [5], [2, 3], [1, 1, 2, 1]]",8,21,150,0.86,0.002329,20,9.55,191,42.4,848,600.0,12,OPTIMAL,3.4,68.0,67.99999999999773,0.0,0.0032958984375,0.005063313990831375,0.008420984022978783,1.0,0.0001709461212158203,3,OPTIMAL,3.3,0.0,0.26178503036499023,3.3,uniform_600s,3.4,3.4,0.10000000000000009,True,42.3,True,True,True
N20_lambda1_rep008_seed10120808185930139006,10120808185930139006,8,20,4,"[5, 5, 5, 5]","[[5, 5, 9, 12, 13], [16, 19, 20, 23, 24], [2, 2, 8, 12, 13], [11, 21, 26, 27, 35]]",1.0,1.0,1.0,0.25,1,3,PP,uniform_600s,4,4,8,8,"[[5], [5], [2, 3], [1, 1, 2, 1]]",8,21,150,0.86,0.002954,20,9.55,191,45.05,901,600.0,12,OPTIMAL,3.4,68.0,67.99999999999773,0.0,0.0030210018157958984,0.006395425647497177,0.009486117245022296,1.0,0.00018095970153808594,3,OPTIMAL,3.3,0.0,0.26178503036499023,3.3,uniform_600s,3.4,3.4,0.10000000000000009,True,44.949999999999996,True,True,True
N20_lambda1_rep008_seed10120808185930139006,10120808185930139006,8,20,4,"[5, 5, 5, 5]","[[5, 5, 9, 12, 13], [16, 19, 20, 23, 24], [2, 2, 8, 12, 13], [11, 21, 26, 27, 35]]",1.0,1.0,1.0,0.25,1,3,PP,uniform_600s,6,6,2,2,"[[2, 2, 1], [2, 2, 1], [2, 2, 1], [1, 2, 1, 1]]",13,63,150,0.5800000000000001,0.002654,20,10.45,209,45.5,910,600.0,12,OPTIMAL,3.4,68.0,68.0,0.0,0.03335690498352051,0.00678560696542263,0.04021438370533371,127.0,0.00021982192993164062,3,OPTIMAL,3.3,0.0,0.26178503036499023,3.3,uniform_600s,5.55,3.4,0.10000000000000009,True,45.4,True,True,True
N20_lambda1_rep008_seed10120808185930139006,10120808185930139006,8,20,4,"[5, 5, 5, 5]","[[5, 5, 9, 12, 13], [16, 19, 20, 23, 24], [2, 2, 8, 12, 13], [11, 21, 26, 27, 35]]",1.0,1.0,1.0,0.25,1,3,PP,uniform_600s,6,6,4,4,"[[4, 1], [4, 1], [4, 1], [1, 3, 1]]",9,30,150,0.8,0.0031995,20,17.25,345,68.25,1365,600.0,12,OPTIMAL,5.55,111.0,110.99999999999483,0.0,0.011498212814331055,0.005358309485018253,0.016914881241476058,1.0,0.0001552104949951172,3,OPTIMAL,3.3,0.0,0.26178503036499023,3.3,uniform_600s,5.55,5.55,2.25,True,66.0,True,True,True
N20_lambda1_rep008_seed10120808185930139006,10120808185930139006,8,20,4,"[5, 5, 5, 5]","[[5, 5, 9, 12, 13], [16, 19, 20, 23, 24], [2, 2, 8, 12, 13], [11, 21, 26, 27, 35]]",1.0,1.0,1.0,0.25,1,3,PP,uniform_600s,6,6,6,6,"[[5], [5], [5], [1, 3, 1]]",6,12,150,0.92,0.001843,20,17.25,345,72.8,1456,600.0,12,OPTIMAL,5.55,111.0,111.0,0.0,0.002131938934326172,0.004249974153935909,0.006437741132622242,1.0,0.0001709461212158203,1,OPTIMAL,3.3,0.0,0.26178503036499023,3.3,uniform_600s,5.55,5.55,2.25,True,70.55,True,True,True
N20_lambda1_rep008_seed10120808185930139006,10120808185930139006,8,20,4,"[5, 5, 5, 5]","[[5, 5, 9, 12, 13], [16, 19, 20, 23, 24], [2, 2, 8, 12, 13], [11, 21, 26, 27, 35]]",1.0,1.0,1.0,0.25,1,3,PP,uniform_600s,6,6,8,8,"[[5], [5], [5], [1, 3, 1]]",6,12,150,0.92,0.001928,20,17.25,345,77.35,1547,600.0,12,OPTIMAL,5.55,111.0,111.0,0.0,0.0024569034576416016,0.00459055881947279,0.007109631015208244,1.0,0.00016689300537109375,1,OPTIMAL,3.3,0.0,0.26178503036499023,3.3,uniform_600s,5.55,5.55,2.25,True,75.1,True,True,True
N20_lambda1_rep008_seed10120808185930139006,10120808185930139006,8,20,4,"[5, 5, 5, 5]","[[5, 5, 9, 12, 13], [16, 19, 20, 23, 24], [2, 2, 8, 12, 13], [11, 21, 26, 27, 35]]",1.0,1.0,1.0,0.25,1,3,PP,uniform_600s,8,8,2,2,"[[2, 2, 1], [2, 2, 1], [2, 2, 1], [1, 2, 2]]",12,54,150,0.64,0.0029745,20,15.85,317,64.5,1290,600.0,12,OPTIMAL,3.4,68.0,68.0,0.0,0.03763699531555176,0.004731290973722935,0.042424954329669,149.0,0.0001709461212158203,2,OPTIMAL,3.3,0.0,0.26178503036499023,3.3,uniform_600s,5.55,3.4,0.10000000000000009,True,64.4,True,True,True
N20_lambda1_rep008_seed10120808185930139006,10120808185930139006,8,20,4,"[5, 5, 5, 5]","[[5, 5, 9, 12, 13], [16, 19, 20, 23, 24], [2, 2, 8, 12, 13], [11, 21, 26, 27, 35]]",1.0,1.0,1.0,0.25,1,3,PP,uniform_600s,8,8,4,4,"[[4, 1], [4, 1], [4, 1], [1, 4]]",8,24,150,0.84,0.0018675,20,22.65,453,96.75,1935,600.0,12,OPTIMAL,5.55,111.0,110.99999999999659,0.0,0.014935016632080078,0.004425078630447388,0.019418074947648047,1.0,0.00020694732666015625,4,OPTIMAL,3.3,0.0,0.26178503036499023,3.3,uniform_600s,5.55,5.55,2.25,True,94.5,True,True,True
N20_lambda1_rep008_seed10120808185930139006,10120808185930139006,8,20,4,"[5, 5, 5, 5]","[[5, 5, 9, 12, 13], [16, 19, 20, 23, 24], [2, 2, 8, 12, 13], [11, 21, 26, 27, 35]]",1.0,1.0,1.0,0.25,1,3,PP,uniform_600s,8,8,6,6,"[[5], [5], [5], [1, 4]]",5,9,150,0.94,0.003225,20,22.65,453,103.2,2064,600.0,12,OPTIMAL,5.55,111.0,110.99999999999568,0.0,0.003679990768432617,0.005043892189860344,0.008794431404566766,1.0,0.0006070137023925781,4,OPTIMAL,3.3,0.0,0.26178503036499023,3.3,uniform_600s,5.55,5.55,2.25,True,100.95,True,True,True
N20_lambda1_rep008_seed10120808185930139006,10120808185930139006,8,20,4,"[5, 5, 5, 5]","[[5, 5, 9, 12, 13], [16, 19, 20, 23, 24], [2, 2, 8, 12, 13], [11, 21, 26, 27, 35]]",1.0,1.0,1.0,0.25,1,3,PP,uniform_600s,8,8,8,8,"[[5], [5], [5], [1, 4]]",5,9,150,0.94,0.001943,20,22.65,453,109.65,2193,600.0,12,OPTIMAL,5.55,111.0,110.99999999999568,0.0,0.0030908584594726562,0.004092004150152206,0.007238950841467857,1.0,0.00047898292541503906,4,OPTIMAL,3.3,0.0,0.26178503036499023,3.3,uniform_600s,5.55,5.55,2.25,True,107.4,True,True,True
N20_lambda1_rep009_seed4589433162379639785,4589433162379639785,9,20,4,"[5, 5, 5, 5]","[[8, 12, 15, 20, 24], [1, 5, 5, 7, 7], [6, 7, 8, 10, 12], [1, 1, 4, 4, 5]]",1.0,1.0,1.0,0.25,1,3,PP,uniform_600s,2,2,2,2,"[[1, 1, 1, 1, 1], [1, 2, 2], [2, 2, 1], [2, 2, 1]]",14,72,150,0.52,0.004507,20,0.65,13,7.5,150,600.0,12,OPTIMAL,6.3,126.0,126.0,0.0,0.14218616485595703,0.005775961093604565,0.14802778265848826,2238.0,0.0011332035064697266,1,OPTIMAL,6.3,0.0,1.1356258392333984,6.3,uniform_600s,6.3,6.3,0.0,True,7.5,True,True,True
N20_lambda1_rep009_seed4589433162379639785,4589433162379639785,9,20,4,"[5, 5, 5, 5]","[[8, 12, 15, 20, 24], [1, 5, 5, 7, 7], [6, 7, 8, 10, 12], [1, 1, 4, 4, 5]]",1.0,1.0,1.0,0.25,1,3,PP,uniform_600s,2,2,4,4,"[[1, 1, 1, 1, 1], [1, 4], [4, 1], [2, 3]]",11,42,150,0.72,0.001843,20,1.3,26,11.25,225,600.0,12,OPTIMAL,6.3,126.0,126.0,0.0,0.029507160186767578,0.005288172513246536,0.03486110168153572,156.0,0.0009479522705078125,1,OPTIMAL,6.3,0.0,1.1356258392333984,6.3,uniform_600s,6.3,6.3,0.0,True,11.25,True,True,True
N20_lambda1_rep009_seed4589433162379639785,4589433162379639785,9,20,4,"[5, 5, 5, 5]","[[8, 12, 15, 20, 24], [1, 5, 5, 7, 7], [6, 7, 8, 10, 12], [1, 1, 4, 4, 5]]",1.0,1.0,1.0,0.25,1,3,PP,uniform_600s,2,2,6,6,"[[1, 1, 1, 1, 1], [1, 4], [5], [2, 3]]",10,33,150,0.78,0.001933,20,1.9,38,12.0,240,600.0,12,OPTIMAL,6.3,126.0,126.0,0.0,0.01773214340209961,0.005016442388296127,0.022804017684371947,113.0,0.001024007797241211,1,OPTIMAL,6.3,0.0,1.1356258392333984,6.3,uniform_600s,6.3,6.3,0.0,True,12.0,True,True,True
N20_lambda1_rep009_seed4589433162379639785,4589433162379639785,9,20,4,"[5, 5, 5, 5]","[[8, 12, 15, 20, 24], [1, 5, 5, 7, 7], [6, 7, 8, 10, 12], [1, 1, 4, 4, 5]]",1.0,1.0,1.0,0.25,1,3,PP,uniform_600s,2,2,8,8,"[[1, 1, 1, 1, 1], [1, 4], [5], [2, 3]]",10,33,150,0.78,0.001748,20,1.9,38,12.75,255,600.0,12,OPTIMAL,6.3,126.0,126.0,0.0,0.017390966415405273,0.004588034003973007,0.022032936942492008,113.0,0.0007760524749755859,1,OPTIMAL,6.3,0.0,1.1356258392333984,6.3,uniform_600s,6.3,6.3,0.0,True,12.75,True,True,True
N20_lambda1_rep009_seed4589433162379639785,4589433162379639785,9,20,4,"[5, 5, 5, 5]","[[8, 12, 15, 20, 24], [1, 5, 5, 7, 7], [6, 7, 8, 10, 12], [1, 1, 4, 4, 5]]",1.0,1.0,1.0,0.25,1,3,PP,uniform_600s,4,4,2,2,"[[2, 1, 2], [2, 2, 1], [2, 2, 1], [2, 2, 1]]",12,54,150,0.64,0.004532,20,8.8,176,26.5,530,600.0,12,OPTIMAL,6.3,126.0,126.0,0.0,0.0531768798828125,0.005391358397901058,0.058635461328501226,720.0,0.0009210109710693359,1,OPTIMAL,6.3,0.0,1.1356258392333984,6.3,uniform_600s,6.3,6.3,0.0,True,26.5,True,True,True
N20_lambda1_rep009_seed4589433162379639785,4589433162379639785,9,20,4,"[5, 5, 5, 5]","[[8, 12, 15, 20, 24], [1, 5, 5, 7, 7], [6, 7, 8, 10, 12], [1, 1, 4, 4, 5]]",1.0,1.0,1.0,0.25,1,3,PP,uniform_600s,4,4,4,4,"[[3, 2], [4, 1], [4, 1], [4, 1]]",8,24,150,0.84,0.0017625,20,12.0,240,39.75,795,600.0,12,OPTIMAL,6.3,126.0,126.0,0.0,0.012272119522094727,0.005962853319942951,0.01831091704775095,1.0,0.0002460479736328125,2,OPTIMAL,6.3,0.0,1.1356258392333984,6.3,uniform_600s,6.3,6.3,0.0,True,39.75,True,True,True
N20_lambda1_rep009_seed4589433162379639785,4589433162379639785,9,20,4,"[5, 5, 5, 5]","[[8, 12, 15, 20, 24], [1, 5, 5, 7, 7], [6, 7, 8, 10, 12], [1, 1, 4, 4, 5]]",1.0,1.0,1.0,0.25,1,3,PP,uniform_600s,4,4,6,6,"[[3, 2], [5], [5], [5]]",5,9,150,0.94,0.00323,20,12.6,252,42.4,848,600.0,12,OPTIMAL,6.3,126.0,126.0,0.0,0.002772092819213867,0.00624419841915369,0.00909929833010912,1.0,0.0007431507110595703,1,OPTIMAL,6.3,0.0,1.1356258392333984,6.3,uniform_600s,6.3,6.3,0.0,True,42.4,True,True,True
N20_lambda1_rep009_seed4589433162379639785,4589433162379639785,9,20,4,"[5, 5, 5, 5]","[[8, 12, 15, 20, 24], [1, 5, 5, 7, 7], [6, 7, 8, 10, 12], [1, 1, 4, 4, 5]]",1.0,1.0,1.0,0.25,1,3,PP,uniform_600s,4,4,8,8,"[[3, 2], [5], [5], [5]]",5,9,150,0.94,0.00322,20,12.6,252,45.05,901,600.0,12,OPTIMAL,6.3,126.0,126.0,0.0,0.0030570030212402344,0.006349056027829647,0.009493004017205238,1.0,0.0007619857788085938,1,OPTIMAL,6.3,0.0,1.1356258392333984,6.3,uniform_600s,6.3,6.3,0.0,True,45.05,True,True,True
N20_lambda1_rep009_seed4589433162379639785,4589433162379639785,9,20,4,"[5, 5, 5, 5]","[[8, 12, 15, 20, 24], [1, 5, 5, 7, 7], [6, 7, 8, 10, 12], [1, 1, 4, 4, 5]]",1.0,1.0,1.0,0.25,1,3,PP,uniform_600s,6,6,2,2,"[[2, 2, 1], [2, 2, 1], [2, 2, 1], [2, 2, 1]]",12,54,150,0.64,0.002503,20,9.8,196,45.5,910,600.0,12,OPTIMAL,6.3,126.0,126.0,0.0,0.07738399505615234,0.006796251982450485,0.08425905515978623,696.0,0.0011601448059082031,1,OPTIMAL,6.3,0.0,1.1356258392333984,6.3,uniform_600s,6.3,6.3,0.0,True,45.5,True,True,True
N20_lambda1_rep009_seed4589433162379639785,4589433162379639785,9,20,4,"[5, 5, 5, 5]","[[8, 12, 15, 20, 24], [1, 5, 5, 7, 7], [6, 7, 8, 10, 12], [1, 1, 4, 4, 5]]",1.0,1.0,1.0,0.25,1,3,PP,uniform_600s,6,6,4,4,"[[4, 1], [4, 1], [4, 1], [4, 1]]",8,24,150,0.84,0.001798,20,13.0,260,68.25,1365,600.0,12,OPTIMAL,6.3,126.0,126.0,0.0,0.00894784927368164,0.004749579355120659,0.01375534626450348,1.0,0.00019788742065429688,6,OPTIMAL,6.3,0.0,1.1356258392333984,6.3,uniform_600s,6.3,6.3,0.0,True,68.25,True,True,True
N20_lambda1_rep009_seed4589433162379639785,4589433162379639785,9,20,4,"[5, 5, 5, 5]","[[8, 12, 15, 20, 24], [1, 5, 5, 7, 7], [6, 7, 8, 10, 12], [1, 1, 4, 4, 5]]",1.0,1.0,1.0,0.25,1,3,PP,uniform_600s,6,6,6,6,"[[5], [5], [5], [5]]",4,6,150,0.96,0.0017775,20,15.8,316,72.8,1456,600.0,12,OPTIMAL,6.3,126.0,126.0,0.0,0.001767873764038086,0.0039300499483942986,0.005751267612066269,1.0,0.00047588348388671875,1,OPTIMAL,6.3,0.0,1.1356258392333984,6.3,uniform_600s,6.3,6.3,0.0,True,72.8,True,True,True
N20_lambda1_rep009_seed4589433162379639785,4589433162379639785,9,20,4,"[5, 5, 5, 5]","[[8, 12, 15, 20, 24], [1, 5, 5, 7, 7], [6, 7, 8, 10, 12], [1, 1, 4, 4, 5]]",1.0,1.0,1.0,0.25,1,3,PP,uniform_600s,6,6,8,8,"[[5], [5], [5], [5]]",4,6,150,0.96,0.0043265,20,15.8,316,77.35,1547,600.0,12,OPTIMAL,6.3,126.0,126.0,0.0,0.0018768310546875,0.003593612462282181,0.005526092410089016,1.0,0.0004649162292480469,1,OPTIMAL,6.3,0.0,1.1356258392333984,6.3,uniform_600s,6.3,6.3,0.0,True,77.35,True,True,True
N20_lambda1_rep009_seed4589433162379639785,4589433162379639785,9,20,4,"[5, 5, 5, 5]","[[8, 12, 15, 20, 24], [1, 5, 5, 7, 7], [6, 7, 8, 10, 12], [1, 1, 4, 4, 5]]",1.0,1.0,1.0,0.25,1,3,PP,uniform_600s,8,8,2,2,"[[2, 2, 1], [2, 2, 1], [2, 2, 1], [2, 2, 1]]",12,54,150,0.64,0.002554,20,9.8,196,64.5,1290,600.0,12,OPTIMAL,6.3,126.0,126.0,0.0,0.08019185066223145,0.005558881908655167,0.08581229423789168,696.0,0.0009160041809082031,1,OPTIMAL,6.3,0.0,1.1356258392333984,6.3,uniform_600s,6.3,6.3,0.0,True,64.5,True,True,True
N20_lambda1_rep009_seed4589433162379639785,4589433162379639785,9,20,4,"[5, 5, 5, 5]","[[8, 12, 15, 20, 24], [1, 5, 5, 7, 7], [6, 7, 8, 10, 12], [1, 1, 4, 4, 5]]",1.0,1.0,1.0,0.25,1,3,PP,uniform_600s,8,8,4,4,"[[4, 1], [4, 1], [4, 1], [4, 1]]",8,24,150,0.84,0.001813,20,13.0,260,96.75,1935,600.0,12,OPTIMAL,6.3,126.0,126.0,0.0,0.008339881896972656,0.004122281447052956,0.012522488547420978,1.0,0.00020384788513183594,6,OPTIMAL,6.3,0.0,1.1356258392333984,6.3,uniform_600s,6.3,6.3,0.0,True,96.75,True,True,True
N20_lambda1_rep009_seed4589433162379639785,4589433162379639785,9,20,4,"[5, 5, 5, 5]","[[8, 12, 15, 20, 24], [1, 5, 5, 7, 7], [6, 7, 8, 10, 12], [1, 1, 4, 4, 5]]",1.0,1.0,1.0,0.25,1,3,PP,uniform_600s,8,8,6,6,"[[5], [5], [5], [5]]",4,6,150,0.96,0.001723,20,15.8,316,103.2,2064,600.0,12,OPTIMAL,6.3,126.0,126.0,0.0,0.0014851093292236328,0.003641643561422825,0.005182032526622296,1.0,0.0004899501800537109,1,OPTIMAL,6.3,0.0,1.1356258392333984,6.3,uniform_600s,6.3,6.3,0.0,True,103.2,True,True,True
N20_lambda1_rep009_seed4589433162379639785,4589433162379639785,9,20,4,"[5, 5, 5, 5]","[[8, 12, 15, 20, 24], [1, 5, 5, 7, 7], [6, 7, 8, 10, 12], [1, 1, 4, 4, 5]]",1.0,1.0,1.0,0.25,1,3,PP,uniform_600s,8,8,8,8,"[[5], [5], [5], [5]]",4,6,150,0.96,0.0043765,20,15.8,316,109.65,2193,600.0,12,OPTIMAL,6.3,126.0,126.0,0.0,0.0016851425170898438,0.0037904391065239906,0.005529467231680393,1.0,0.0004851818084716797,1,OPTIMAL,6.3,0.0,1.1356258392333984,6.3,uniform_600s,6.3,6.3,0.0,True,109.65,True,True,True
N20_lambda1p5_rep000_seed2254167912808199683,2254167912808199683,0,20,4,"[5, 5, 5, 5]","[[1, 5, 6, 7, 8], [1, 3, 4, 6, 8], [4, 4, 6, 7, 8], [7, 9, 13, 14, 16]]",1.5,1.5,1.5,0.375,1,3,PP,uniform_600s,2,2,2,2,"[[1, 2, 2], [2, 2, 1], [2, 2, 1], [2, 2, 1]]",12,54,150,0.64,0.0041265,20,2.15,43,7.5,150,600.0,12,OPTIMAL,8.25,165.0,165.0,0.0,0.0801241397857666,0.004546131007373333,0.08472059275548602,1965.0,0.001377105712890625,8,OPTIMAL,8.25,0.0,5.070898056030273,8.25,uniform_600s,8.25,8.25,0.0,True,7.5,True,True,True
N20_lambda1p5_rep000_seed2254167912808199683,2254167912808199683,0,20,4,"[5, 5, 5, 5]","[[1, 5, 6, 7, 8], [1, 3, 4, 6, 8], [4, 4, 6, 7, 8], [7, 9, 13, 14, 16]]",1.5,1.5,1.5,0.375,1,3,PP,uniform_600s,2,2,4,4,"[[1, 4], [4, 1], [4, 1], [2, 3]]",8,24,150,0.84,0.0017775,20,3.45,69,11.25,225,600.0,12,OPTIMAL,8.25,165.0,165.0,0.0,0.01964402198791504,0.004018503241240978,0.023714695662345887,214.0,0.0001709461212158203,3,OPTIMAL,8.25,0.0,5.070898056030273,8.25,uniform_600s,8.25,8.25,0.0,True,11.25,True,True,True
N20_lambda1p5_rep000_seed2254167912808199683,2254167912808199683,0,20,4,"[5, 5, 5, 5]","[[1, 5, 6, 7, 8], [1, 3, 4, 6, 8], [4, 4, 6, 7, 8], [7, 9, 13, 14, 16]]",1.5,1.5,1.5,0.375,1,3,PP,uniform_600s,2,2,6,6,"[[1, 4], [5], [5], [2, 3]]",6,13,150,0.9133333333333333,0.004271,20,4.05,81,12.0,240,600.0,12,OPTIMAL,8.25,165.0,164.99999999999636,0.0,0.005664825439453125,0.004047537222504616,0.00976023445961094,1.0,0.00013399124145507812,2,OPTIMAL,8.25,0.0,5.070898056030273,8.25,uniform_600s,8.25,8.25,0.0,True,12.0,True,True,True
N20_lambda1p5_rep000_seed2254167912808199683,2254167912808199683,0,20,4,"[5, 5, 5, 5]","[[1, 5, 6, 7, 8], [1, 3, 4, 6, 8], [4, 4, 6, 7, 8], [7, 9, 13, 14, 16]]",1.5,1.5,1.5,0.375,1,3,PP,uniform_600s,2,2,8,8,"[[1, 4], [5], [5], [2, 3]]",6,13,150,0.9133333333333333,0.004717,20,4.05,81,12.75,255,600.0,12,OPTIMAL,8.25,165.0,164.99999999999636,0.0,0.005788087844848633,0.004097082652151585,0.009933363497428417,1.0,0.00013208389282226562,2,OPTIMAL,8.25,0.0,5.070898056030273,8.25,uniform_600s,8.25,8.25,0.0,True,12.75,True,True,True
N20_lambda1p5_rep000_seed2254167912808199683,2254167912808199683,0,20,4,"[5, 5, 5, 5]","[[1, 5, 6, 7, 8], [1, 3, 4, 6, 8], [4, 4, 6, 7, 8], [7, 9, 13, 14, 16]]",1.5,1.5,1.5,0.375,1,3,PP,uniform_600s,4,4,2,2,"[[2, 2, 1], [2, 2, 1], [2, 2, 1], [2, 2, 1]]",12,54,150,0.64,0.004572,20,4.8,96,26.5,530,600.0,12,OPTIMAL,8.8,176.0,176.0,0.0,0.11054086685180664,0.004203583113849163,0.11479495852032613,3184.0,0.0008218288421630859,10,OPTIMAL,8.25,0.0,5.070898056030273,8.25,uniform_600s,9.25,8.8,0.5500000000000007,True,25.95,True,True,True
N20_lambda1p5_rep000_seed2254167912808199683,2254167912808199683,0,20,4,"[5, 5, 5, 5]","[[1, 5, 6, 7, 8], [1, 3, 4, 6, 8], [4, 4, 6, 7, 8], [7, 9, 13, 14, 16]]",1.5,1.5,1.5,0.375,1,3,PP,uniform_600s,4,4,4,4,"[[4, 1], [4, 1], [4, 1], [4, 1]]",8,24,150,0.84,0.004667,20,8.0,160,39.75,795,600.0,12,OPTIMAL,8.85,177.0,177.0,0.0,0.020470142364501953,0.004201019182801247,0.024725377702240467,216.0,0.0001900196075439453,5,OPTIMAL,8.25,0.0,5.070898056030273,8.25,uniform_600s,9.25,8.85,0.5999999999999996,True,39.15,True,True,True
N20_lambda1p5_rep000_seed2254167912808199683,2254167912808199683,0,20,4,"[5, 5, 5, 5]","[[1, 5, 6, 7, 8], [1, 3, 4, 6, 8], [4, 4, 6, 7, 8], [7, 9, 13, 14, 16]]",1.5,1.5,1.5,0.375,1,3,PP,uniform_600s,4,4,6,6,"[[5], [5], [5], [5]]",4,6,150,0.96,0.004387,20,9.2,184,42.4,848,600.0,12,OPTIMAL,9.25,185.0,184.99999999999716,0.0,0.003061056137084961,0.0036304863169789314,0.006744472780620575,1.0,0.0004858970642089844,3,OPTIMAL,8.25,0.0,5.070898056030273,8.25,uniform_600s,9.25,9.25,1.0,True,41.4,True,True,True
N20_lambda1p5_rep000_seed2254167912808199683,2254167912808199683,0,20,4,"[5, 5, 5, 5]","[[1, 5, 6, 7, 8], [1, 3, 4, 6, 8], [4, 4, 6, 7, 8], [7, 9, 13, 14, 16]]",1.5,1.5,1.5,0.375,1,3,PP,uniform_600s,4,4,8,8,"[[5], [5], [5], [5]]",4,6,150,0.96,0.004457,20,9.2,184,45.05,901,600.0,12,OPTIMAL,9.25,185.0,184.99999999999716,0.0,0.0025129318237304688,0.003535814583301544,0.00609736486087513,1.0,0.0004088878631591797,3,OPTIMAL,8.25,0.0,5.070898056030273,8.25,uniform_600s,9.25,9.25,1.0,True,44.05,True,True,True
N20_lambda1p5_rep000_seed2254167912808199683,2254167912808199683,0,20,4,"[5, 5, 5, 5]","[[1, 5, 6, 7, 8], [1, 3, 4, 6, 8], [4, 4, 6, 7, 8], [7, 9, 13, 14, 16]]",1.5,1.5,1.5,0.375,1,3,PP,uniform_600s,6,6,2,2,"[[2, 2, 1], [2, 2, 1], [2, 2, 1], [2, 2, 1]]",12,54,150,0.64,0.0017425,20,4.8,96,45.5,910,600.0,12,OPTIMAL,8.8,176.0,176.0,0.0,0.10973095893859863,0.004668715409934521,0.1144465971692729,3184.0,0.0008099079132080078,10,OPTIMAL,8.25,0.0,5.070898056030273,8.25,uniform_600s,9.25,8.8,0.5500000000000007,True,44.95,True,True,True
N20_lambda1p5_rep000_seed2254167912808199683,2254167912808199683,0,20,4,"[5, 5, 5, 5]","[[1, 5, 6, 7, 8], [1, 3, 4, 6, 8], [4, 4, 6, 7, 8], [7, 9, 13, 14, 16]]",1.5,1.5,1.5,0.375,1,3,PP,uniform_600s,6,6,4,4,"[[4, 1], [4, 1], [4, 1], [4, 1]]",8,24,150,0.84,0.0016825,20,8.0,160,68.25,1365,600.0,12,OPTIMAL,8.85,177.0,177.0,0.0,0.02000117301940918,0.003989940509200096,0.024042105833644866,216.0,0.00019121170043945312,5,OPTIMAL,8.25,0.0,5.070898056030273,8.25,uniform_600s,9.25,8.85,0.5999999999999996,True,67.65,True,True,True
N20_lambda1p5_rep000_seed2254167912808199683,2254167912808199683,0,20,4,"[5, 5, 5, 5]","[[1, 5, 6, 7, 8], [1, 3, 4, 6, 8], [4, 4, 6, 7, 8], [7, 9, 13, 14, 16]]",1.5,1.5,1.5,0.375,1,3,PP,uniform_600s,6,6,6,6,"[[5], [5], [5], [5]]",4,6,150,0.96,0.0016625,20,9.2,184,72.8,1456,600.0,12,OPTIMAL,9.25,185.0,184.99999999999716,0.0,0.002980947494506836,0.003538808785378933,0.006569759078121185,1.0,0.0004811286926269531,3,OPTIMAL,8.25,0.0,5.070898056030273,8.25,uniform_600s,9.25,9.25,1.0,True,71.8,True,True,True
N20_lambda1p5_rep000_seed2254167912808199683,2254167912808199683,0,20,4,"[5, 5, 5, 5]","[[1, 5, 6, 7, 8], [1, 3, 4, 6, 8], [4, 4, 6, 7, 8], [7, 9, 13, 14, 16]]",1.5,1.5,1.5,0.375,1,3,PP,uniform_600s,6,6,8,8,"[[5], [5], [5], [5]]",4,6,150,0.96,0.004462,20,9.2,184,77.35,1547,600.0,12,OPTIMAL,9.25,185.0,184.99999999999716,0.0,0.0033540725708007812,0.003780773840844631,0.007184844497608662,1.0,0.00042891502380371094,3,OPTIMAL,8.25,0.0,5.070898056030273,8.25,uniform_600s,9.25,9.25,1.0,True,76.35,True,True,True
N20_lambda1p5_rep000_seed2254167912808199683,2254167912808199683,0,20,4,"[5, 5, 5, 5]","[[1, 5, 6, 7, 8], [1, 3, 4, 6, 8], [4, 4, 6, 7, 8], [7, 9, 13, 14, 16]]",1.5,1.5,1.5,0.375,1,3,PP,uniform_600s,8,8,2,2,"[[2, 2, 1], [2, 2, 1], [2, 2, 1], [2, 2, 1]]",12,54,150,0.64,0.001803,20,4.8,96,64.5,1290,600.0,12,OPTIMAL,8.8,176.0,176.0,0.0,0.10954713821411133,0.005309955216944218,0.11490357756289529,3184.0,0.0007948875427246094,10,OPTIMAL,8.25,0.0,5.070898056030273,8.25,uniform_600s,9.25,8.8,0.5500000000000007,True,63.95,True,True,True
N20_lambda1p5_rep000_seed2254167912808199683,2254167912808199683,0,20,4,"[5, 5, 5, 5]","[[1, 5, 6, 7, 8], [1, 3, 4, 6, 8], [4, 4, 6, 7, 8], [7, 9, 13, 14, 16]]",1.5,1.5,1.5,0.375,1,3,PP,uniform_600s,8,8,4,4,"[[4, 1], [4, 1], [4, 1], [4, 1]]",8,24,150,0.84,0.001727,20,8.0,160,96.75,1935,600.0,12,OPTIMAL,8.85,177.0,177.0,0.0,0.020472049713134766,0.003981326706707478,0.024504999958099842,216.0,0.00018906593322753906,5,OPTIMAL,8.25,0.0,5.070898056030273,8.25,uniform_600s,9.25,8.85,0.5999999999999996,True,96.15,True,True,True
N20_lambda1p5_rep000_seed2254167912808199683,2254167912808199683,0,20,4,"[5, 5, 5, 5]","[[1, 5, 6, 7, 8], [1, 3, 4, 6, 8], [4, 4, 6, 7, 8], [7, 9, 13, 14, 16]]",1.5,1.5,1.5,0.375,1,3,PP,uniform_600s,8,8,6,6,"[[5], [5], [5], [5]]",4,6,150,0.96,0.004081,20,9.2,184,103.2,2064,600.0,12,OPTIMAL,9.25,185.0,184.99999999999716,0.0,0.002959012985229492,0.0035339202731847763,0.006546538267642022,1.0,0.0004878044128417969,3,OPTIMAL,8.25,0.0,5.070898056030273,8.25,uniform_600s,9.25,9.25,1.0,True,102.2,True,True,True
N20_lambda1p5_rep000_seed2254167912808199683,2254167912808199683,0,20,4,"[5, 5, 5, 5]","[[1, 5, 6, 7, 8], [1, 3, 4, 6, 8], [4, 4, 6, 7, 8], [7, 9, 13, 14, 16]]",1.5,1.5,1.5,0.375,1,3,PP,uniform_600s,8,8,8,8,"[[5], [5], [5], [5]]",4,6,150,0.96,0.004727,20,9.2,184,109.65,2193,600.0,12,OPTIMAL,9.25,185.0,184.99999999999716,0.0,0.003047943115234375,0.003727964125573635,0.006824973577262879,1.0,0.0004031658172607422,3,OPTIMAL,8.25,0.0,5.070898056030273,8.25,uniform_600s,9.25,9.25,1.0,True,108.65,True,True,True
N20_lambda1p5_rep001_seed16722075741403979326,16722075741403979326,1,20,4,"[5, 5, 5, 5]","[[4, 4, 4, 7, 7], [2, 3, 5, 8, 11], [1, 4, 4, 7, 7], [1, 2, 5, 8, 9]]",1.5,1.5,1.5,0.375,1,3,PP,uniform_600s,2,2,2,2,"[[2, 1, 2], [2, 1, 1, 1], [1, 2, 2], [2, 1, 2]]",13,63,150,0.5800000000000001,0.004883,20,0.0,0,7.5,150,600.0,12,OPTIMAL,9.55,191.0,191.0,0.0,0.2295691967010498,0.005396504886448383,0.23502105109517146,7921.0,0.0011200904846191406,9,OPTIMAL,9.55,0.0,10.313179969787598,9.55,uniform_600s,9.55,9.55,0.0,True,7.5,True,True,True
N20_lambda1p5_rep001_seed16722075741403979326,16722075741403979326,1,20,4,"[5, 5, 5, 5]","[[4, 4, 4, 7, 7], [2, 3, 5, 8, 11], [1, 4, 4, 7, 7], [1, 2, 5, 8, 9]]",1.5,1.5,1.5,0.375,1,3,PP,uniform_600s,2,2,4,4,"[[3, 2], [3, 1, 1], [1, 2, 2], [2, 1, 2]]",11,45,150,0.7,0.001778,20,0.7,14,11.25,225,600.0,12,OPTIMAL,9.55,191.0,191.0,0.0,0.09001493453979492,0.004726462997496128,0.09479529141724395,2764.0,0.0009181499481201172,9,OPTIMAL,9.55,0.0,10.313179969787598,9.55,uniform_600s,9.55,9.55,0.0,True,11.25,True,True,True
N20_lambda1p5_rep001_seed16722075741403979326,16722075741403979326,1,20,4,"[5, 5, 5, 5]","[[4, 4, 4, 7, 7], [2, 3, 5, 8, 11], [1, 4, 4, 7, 7], [1, 2, 5, 8, 9]]",1.5,1.5,1.5,0.375,1,3,PP,uniform_600s,2,2,6,6,"[[3, 2], [3, 1, 1], [1, 2, 2], [2, 1, 2]]",11,45,150,0.7,0.001848,20,0.7,14,12.0,240,600.0,12,OPTIMAL,9.55,191.0,191.0,0.0,0.09056520462036133,0.0045730313286185265,0.09519068084181356,2764.0,0.0008950233459472656,9,OPTIMAL,9.55,0.0,10.313179969787598,9.55,uniform_600s,9.55,9.55,0.0,True,12.0,True,True,True
N20_lambda1p5_rep001_seed16722075741403979326,16722075741403979326,1,20,4,"[5, 5, 5, 5]","[[4, 4, 4, 7, 7], [2, 3, 5, 8, 11], [1, 4, 4, 7, 7], [1, 2, 5, 8, 9]]",1.5,1.5,1.5,0.375,1,3,PP,uniform_600s,2,2,8,8,"[[3, 2], [3, 1, 1], [1, 2, 2], [2, 1, 2]]",11,45,150,0.7,0.0049825,20,0.7,14,12.75,255,600.0,12,OPTIMAL,9.55,191.0,191.0,0.0,0.0896921157836914,0.004653913900256157,0.09440073642752886,2764.0,0.0009119510650634766,9,OPTIMAL,9.55,0.0,10.313179969787598,9.55,uniform_600s,9.55,9.55,0.0,True,12.75,True,True,True
N20_lambda1p5_rep001_seed16722075741403979326,16722075741403979326,1,20,4,"[5, 5, 5, 5]","[[4, 4, 4, 7, 7], [2, 3, 5, 8, 11], [1, 4, 4, 7, 7], [1, 2, 5, 8, 9]]",1.5,1.5,1.5,0.375,1,3,PP,uniform_600s,4,4,2,2,"[[2, 2, 1], [2, 2, 1], [2, 2, 1], [2, 2, 1]]",12,54,150,0.64,0.004597,20,7.7,154,26.5,530,600.0,12,OPTIMAL,9.55,191.0,191.0,0.0,0.11477899551391602,0.004302583634853363,0.11913550458025646,3098.0,0.0008299350738525391,7,OPTIMAL,9.55,0.0,10.313179969787598,9.55,uniform_600s,11.1,9.55,0.0,True,26.5,True,True,True
N20_lambda1p5_rep001_seed16722075741403979326,16722075741403979326,1,20,4,"[5, 5, 5, 5]","[[4, 4, 4, 7, 7], [2, 3, 5, 8, 11], [1, 4, 4, 7, 7], [1, 2, 5, 8, 9]]",1.5,1.5,1.5,0.375,1,3,PP,uniform_600s,4,4,4,4,"[[4, 1], [4, 1], [4, 1], [4, 1]]",8,24,150,0.84,0.0017525,20,10.0,200,39.75,795,600.0,12,OPTIMAL,11.1,222.0,222.0,0.0,0.021336078643798828,0.003985092043876648,0.02537279644286871,221.0,0.0007510185241699219,3,OPTIMAL,9.55,0.0,10.313179969787598,9.55,uniform_600s,11.1,11.1,1.549999999999999,True,38.2,True,True,True
N20_lambda1p5_rep001_seed16722075741403979326,16722075741403979326,1,20,4,"[5, 5, 5, 5]","[[4, 4, 4, 7, 7], [2, 3, 5, 8, 11], [1, 4, 4, 7, 7], [1, 2, 5, 8, 9]]",1.5,1.5,1.5,0.375,1,3,PP,uniform_600s,4,4,6,6,"[[5], [5], [5], [5]]",4,6,150,0.96,0.0045915,20,11.4,228,42.4,848,600.0,12,OPTIMAL,11.1,222.0,222.0,0.0,0.0029158592224121094,0.00409395806491375,0.007063880642489433,1.0,0.000514984130859375,2,OPTIMAL,9.55,0.0,10.313179969787598,9.55,uniform_600s,11.1,11.1,1.549999999999999,True,40.85,True,True,True
N20_lambda1p5_rep001_seed16722075741403979326,16722075741403979326,1,20,4,"[5, 5, 5, 5]","[[4, 4, 4, 7, 7], [2, 3, 5, 8, 11], [1, 4, 4, 7, 7], [1, 2, 5, 8, 9]]",1.5,1.5,1.5,0.375,1,3,PP,uniform_600s,4,4,8,8,"[[5], [5], [5], [5]]",4,6,150,0.96,0.004567,20,11.4,228,45.05,901,600.0,12,OPTIMAL,11.1,222.0,222.0,0.0,0.002643108367919922,0.0044671520590782166,0.007157508077947616,1.0,0.0004050731658935547,2,OPTIMAL,9.55,0.0,10.313179969787598,9.55,uniform_600s,11.1,11.1,1.549999999999999,True,43.5,True,True,True
N20_lambda1p5_rep001_seed16722075741403979326,16722075741403979326,1,20,4,"[5, 5, 5, 5]","[[4, 4, 4, 7, 7], [2, 3, 5, 8, 11], [1, 4, 4, 7, 7], [1, 2, 5, 8, 9]]",1.5,1.5,1.5,0.375,1,3,PP,uniform_600s,6,6,2,2,"[[2, 2, 1], [2, 2, 1], [2, 2, 1], [2, 2, 1]]",12,54,150,0.64,0.001622,20,7.7,154,45.5,910,600.0,12,OPTIMAL,9.55,191.0,191.0,0.0,0.11603903770446777,0.004099234938621521,0.12018444818373633,3098.0,0.0008130073547363281,7,OPTIMAL,9.55,0.0,10.313179969787598,9.55,uniform_600s,11.1,9.55,0.0,True,45.5,True,True,True
N20_lambda1p5_rep001_seed16722075741403979326,16722075741403979326,1,20,4,"[5, 5, 5, 5]","[[4, 4, 4, 7, 7], [2, 3, 5, 8, 11], [1, 4, 4, 7, 7], [1, 2, 5, 8, 9]]",1.5,1.5,1.5,0.375,1,3,PP,uniform_600s,6,6,4,4,"[[4, 1], [4, 1], [4, 1], [4, 1]]",8,24,150,0.84,0.0017325,20,10.0,200,68.25,1365,600.0,12,OPTIMAL,11.1,222.0,222.0,0.0,0.0208280086517334,0.003986595198512077,0.024865980500085354,221.0,0.000762939453125,3,OPTIMAL,9.55,0.0,10.313179969787598,9.55,uniform_600s,11.1,11.1,1.549999999999999,True,66.7,True,True,True
N20_lambda1p5_rep001_seed16722075741403979326,16722075741403979326,1,20,4,"[5, 5, 5, 5]","[[4, 4, 4, 7, 7], [2, 3, 5, 8, 11], [1, 4, 4, 7, 7], [1, 2, 5, 8, 9]]",1.5,1.5,1.5,0.375,1,3,PP,uniform_600s,6,6,6,6,"[[5], [5], [5], [5]]",4,6,150,0.96,0.004491,20,11.4,228,72.8,1456,600.0,12,OPTIMAL,11.1,222.0,222.0,0.0,0.0028820037841796875,0.003773663192987442,0.006708253337565422,1.0,0.0004949569702148438,2,OPTIMAL,9.55,0.0,10.313179969787598,9.55,uniform_600s,11.1,11.1,1.549999999999999,True,71.25,True,True,True
N20_lambda1p5_rep001_seed16722075741403979326,16722075741403979326,1,20,4,"[5, 5, 5, 5]","[[4, 4, 4, 7, 7], [2, 3, 5, 8, 11], [1, 4, 4, 7, 7], [1, 2, 5, 8, 9]]",1.5,1.5,1.5,0.375,1,3,PP,uniform_600s,6,6,8,8,"[[5], [5], [5], [5]]",4,6,150,0.96,0.003826,20,11.4,228,77.35,1547,600.0,12,OPTIMAL,11.1,222.0,222.0,0.0,0.0023860931396484375,0.003383142873644829,0.005820667498017311,1.0,0.0004069805145263672,2,OPTIMAL,9.55,0.0,10.313179969787598,9.55,uniform_600s,11.1,11.1,1.549999999999999,True,75.8,True,True,True
N20_lambda1p5_rep001_seed16722075741403979326,16722075741403979326,1,20,4,"[5, 5, 5, 5]","[[4, 4, 4, 7, 7], [2, 3, 5, 8, 11], [1, 4, 4, 7, 7], [1, 2, 5, 8, 9]]",1.5,1.5,1.5,0.375,1,3,PP,uniform_600s,8,8,2,2,"[[2, 2, 1], [2, 2, 1], [2, 2, 1], [2, 2, 1]]",12,54,150,0.64,0.004657,20,7.7,154,64.5,1290,600.0,12,OPTIMAL,9.55,191.0,191.0,0.0,0.11478304862976074,0.00417373888194561,0.11900765021860076,3098.0,0.0008130073547363281,7,OPTIMAL,9.55,0.0,10.313179969787598,9.55,uniform_600s,11.1,9.55,0.0,True,64.5,True,True,True
N20_lambda1p5_rep001_seed16722075741403979326,16722075741403979326,1,20,4,"[5, 5, 5, 5]","[[4, 4, 4, 7, 7], [2, 3, 5, 8, 11], [1, 4, 4, 7, 7], [1, 2, 5, 8, 9]]",1.5,1.5,1.5,0.375,1,3,PP,uniform_600s,8,8,4,4,"[[4, 1], [4, 1], [4, 1], [4, 1]]",8,24,150,0.84,0.0043465,20,10.0,200,96.75,1935,600.0,12,OPTIMAL,11.1,222.0,222.0,0.0,0.021028995513916016,0.004051794297993183,0.025135258230229853,221.0,0.0007350444793701172,3,OPTIMAL,9.55,0.0,10.313179969787598,9.55,uniform_600s,11.1,11.1,1.549999999999999,True,95.2,True,True,True
N20_lambda1p5_rep001_seed16722075741403979326,16722075741403979326,1,20,4,"[5, 5, 5, 5]","[[4, 4, 4, 7, 7], [2, 3, 5, 8, 11], [1, 4, 4, 7, 7], [1, 2, 5, 8, 9]]",1.5,1.5,1.5,0.375,1,3,PP,uniform_600s,8,8,6,6,"[[5], [5], [5], [5]]",4,6,150,0.96,0.004462,20,11.4,228,103.2,2064,600.0,12,OPTIMAL,11.1,222.0,222.0,0.0,0.002927064895629883,0.003725609742105007,0.006704687174427033,1.0,0.0004971027374267578,2,OPTIMAL,9.55,0.0,10.313179969787598,9.55,uniform_600s,11.1,11.1,1.549999999999999,True,101.65,True,True,True
N20_lambda1p5_rep001_seed16722075741403979326,16722075741403979326,1,20,4,"[5, 5, 5, 5]","[[4, 4, 4, 7, 7], [2, 3, 5, 8, 11], [1, 4, 4, 7, 7], [1, 2, 5, 8, 9]]",1.5,1.5,1.5,0.375,1,3,PP,uniform_600s,8,8,8,8,"[[5], [5], [5], [5]]",4,6,150,0.96,0.004492,20,11.4,228,109.65,2193,600.0,12,OPTIMAL,11.1,222.0,222.0,0.0,0.002454996109008789,0.003935857675969601,0.006442722164349079,1.0,0.0004482269287109375,2,OPTIMAL,9.55,0.0,10.313179969787598,9.55,uniform_600s,11.1,11.1,1.549999999999999,True,108.10000000000001,True,True,True
N20_lambda1p5_rep002_seed3766478710138732603,3766478710138732603,2,20,4,"[5, 5, 5, 5]","[[2, 4, 5, 6, 7], [2, 5, 6, 8, 9], [0, 2, 6, 7, 9], [2, 4, 5, 5, 8]]",1.5,1.5,1.5,0.375,1,3,PP,uniform_600s,2,2,2,2,"[[2, 2, 1], [1, 2, 2], [2, 2, 1], [2, 2, 1]]",12,54,150,0.64,0.004802,20,2.25,45,7.5,150,600.0,12,OPTIMAL,9.55,191.0,191.0,0.0,0.14698004722595215,0.004865983501076698,0.15190137746579838,4780.0,0.0009951591491699219,3,OPTIMAL,9.0,0.0,6.559530973434448,9.0,uniform_600s,9.55,9.55,0.5500000000000007,True,6.949999999999999,True,True,True
N20_lambda1p5_rep002_seed3766478710138732603,3766478710138732603,2,20,4,"[5, 5, 5, 5]","[[2, 4, 5, 6, 7], [2, 5, 6, 8, 9], [0, 2, 6, 7, 9], [2, 4, 5, 5, 8]]",1.5,1.5,1.5,0.375,1,3,PP,uniform_600s,2,2,4,4,"[[4, 1], [1, 4], [2, 3], [4, 1]]",8,24,150,0.84,0.001773,20,3.5,70,11.25,225,600.0,12,OPTIMAL,9.55,191.0,191.0,0.0,0.02533102035522461,0.004229290410876274,0.02961266389512825,298.0,0.0007228851318359375,5,OPTIMAL,9.0,0.0,6.559530973434448,9.0,uniform_600s,9.55,9.55,0.5500000000000007,True,10.7,True,True,True
N20_lambda1p5_rep002_seed3766478710138732603,3766478710138732603,2,20,4,"[5, 5, 5, 5]","[[2, 4, 5, 6, 7], [2, 5, 6, 8, 9], [0, 2, 6, 7, 9], [2, 4, 5, 5, 8]]",1.5,1.5,1.5,0.375,1,3,PP,uniform_600s,2,2,6,6,"[[5], [1, 4], [2, 3], [4, 1]]",7,18,150,0.88,0.0046575,20,3.5,70,12.0,240,600.0,12,OPTIMAL,9.55,191.0,190.99999999999108,0.0,0.0177919864654541,0.004389755427837372,0.02223636764338732,180.0,0.00020003318786621094,5,OPTIMAL,9.0,0.0,6.559530973434448,9.0,uniform_600s,9.55,9.55,0.5500000000000007,True,11.45,True,True,True
N20_lambda1p5_rep002_seed3766478710138732603,3766478710138732603,2,20,4,"[5, 5, 5, 5]","[[2, 4, 5, 6, 7], [2, 5, 6, 8, 9], [0, 2, 6, 7, 9], [2, 4, 5, 5, 8]]",1.5,1.5,1.5,0.375,1,3,PP,uniform_600s,2,2,8,8,"[[5], [1, 4], [2, 3], [4, 1]]",7,18,150,0.88,0.001903,20,3.5,70,12.75,255,600.0,12,OPTIMAL,9.55,191.0,190.99999999999108,0.0,0.016746997833251953,0.0038915611803531647,0.020689508254352094,180.0,0.00019502639770507812,5,OPTIMAL,9.0,0.0,6.559530973434448,9.0,uniform_600s,9.55,9.55,0.5500000000000007,True,12.2,True,True,True
N20_lambda1p5_rep002_seed3766478710138732603,3766478710138732603,2,20,4,"[5, 5, 5, 5]","[[2, 4, 5, 6, 7], [2, 5, 6, 8, 9], [0, 2, 6, 7, 9], [2, 4, 5, 5, 8]]",1.5,1.5,1.5,0.375,1,3,PP,uniform_600s,4,4,2,2,"[[2, 2, 1], [2, 2, 1], [2, 2, 1], [2, 2, 1]]",12,54,150,0.64,0.004822,20,4.6,92,26.5,530,600.0,12,OPTIMAL,9.55,191.0,191.0,0.0,0.11079192161560059,0.005024532787501812,0.11587110402348948,2827.0,0.0008800029754638672,3,OPTIMAL,9.0,0.0,6.559530973434448,9.0,uniform_600s,10.35,9.55,0.5500000000000007,True,25.95,True,True,True
N20_lambda1p5_rep002_seed3766478710138732603,3766478710138732603,2,20,4,"[5, 5, 5, 5]","[[2, 4, 5, 6, 7], [2, 5, 6, 8, 9], [0, 2, 6, 7, 9], [2, 4, 5, 5, 8]]",1.5,1.5,1.5,0.375,1,3,PP,uniform_600s,4,4,4,4,"[[4, 1], [4, 1], [4, 1], [4, 1]]",8,24,150,0.84,0.0017375,20,7.1,142,39.75,795,600.0,12,OPTIMAL,10.35,207.0,207.0,0.0,0.02296900749206543,0.0040213568136096,0.027042343864607812,258.0,0.0006859302520751953,3,OPTIMAL,9.0,0.0,6.559530973434448,9.0,uniform_600s,10.35,10.35,1.3499999999999996,True,38.4,True,True,True
N20_lambda1p5_rep002_seed3766478710138732603,3766478710138732603,2,20,4,"[5, 5, 5, 5]","[[2, 4, 5, 6, 7], [2, 5, 6, 8, 9], [0, 2, 6, 7, 9], [2, 4, 5, 5, 8]]",1.5,1.5,1.5,0.375,1,3,PP,uniform_600s,4,4,6,6,"[[5], [5], [5], [5]]",4,6,150,0.96,0.001653,20,9.1,182,42.4,848,600.0,12,OPTIMAL,10.35,207.0,207.0,0.0,0.0035469532012939453,0.003587842918932438,0.007184780105236053,1.0,0.0005049705505371094,2,OPTIMAL,9.0,0.0,6.559530973434448,9.0,uniform_600s,10.35,10.35,1.3499999999999996,True,41.05,True,True,True
N20_lambda1p5_rep002_seed3766478710138732603,3766478710138732603,2,20,4,"[5, 5, 5, 5]","[[2, 4, 5, 6, 7], [2, 5, 6, 8, 9], [0, 2, 6, 7, 9], [2, 4, 5, 5, 8]]",1.5,1.5,1.5,0.375,1,3,PP,uniform_600s,4,4,8,8,"[[5], [5], [5], [5]]",4,6,150,0.96,0.0016575,20,9.1,182,45.05,901,600.0,12,OPTIMAL,10.35,207.0,207.0,0.0,0.003216981887817383,0.003562222234904766,0.006828885271282196,1.0,0.0004439353942871094,2,OPTIMAL,9.0,0.0,6.559530973434448,9.0,uniform_600s,10.35,10.35,1.3499999999999996,True,43.699999999999996,True,True,True
N20_lambda1p5_rep002_seed3766478710138732603,3766478710138732603,2,20,4,"[5, 5, 5, 5]","[[2, 4, 5, 6, 7], [2, 5, 6, 8, 9], [0, 2, 6, 7, 9], [2, 4, 5, 5, 8]]",1.5,1.5,1.5,0.375,1,3,PP,uniform_600s,6,6,2,2,"[[2, 2, 1], [2, 2, 1], [2, 2, 1], [2, 2, 1]]",12,54,150,0.64,0.004797,20,4.6,92,45.5,910,600.0,12,OPTIMAL,9.55,191.0,191.0,0.0,0.10942602157592773,0.004473060369491577,0.11394776379645777,2827.0,0.0008120536804199219,3,OPTIMAL,9.0,0.0,6.559530973434448,9.0,uniform_600s,10.35,9.55,0.5500000000000007,True,44.95,True,True,True
N20_lambda1p5_rep002_seed3766478710138732603,3766478710138732603,2,20,4,"[5, 5, 5, 5]","[[2, 4, 5, 6, 7], [2, 5, 6, 8, 9], [0, 2, 6, 7, 9], [2, 4, 5, 5, 8]]",1.5,1.5,1.5,0.375,1,3,PP,uniform_600s,6,6,4,4,"[[4, 1], [4, 1], [4, 1], [4, 1]]",8,24,150,0.84,0.001758,20,7.1,142,68.25,1365,600.0,12,OPTIMAL,10.35,207.0,207.0,0.0,0.02284407615661621,0.004001417197287083,0.02689697559748459,258.0,0.0006821155548095703,3,OPTIMAL,9.0,0.0,6.559530973434448,9.0,uniform_600s,10.35,10.35,1.3499999999999996,True,66.9,True,True,True
N20_lambda1p5_rep002_seed3766478710138732603,3766478710138732603,2,20,4,"[5, 5, 5, 5]","[[2, 4, 5, 6, 7], [2, 5, 6, 8, 9], [0, 2, 6, 7, 9], [2, 4, 5, 5, 8]]",1.5,1.5,1.5,0.375,1,3,PP,uniform_600s,6,6,6,6,"[[5], [5], [5], [5]]",4,6,150,0.96,0.0017375,20,9.1,182,72.8,1456,600.0,12,OPTIMAL,10.35,207.0,207.0,0.0,0.0036809444427490234,0.0035633957013487816,0.00729458930568695,1.0,0.0004889965057373047,2,OPTIMAL,9.0,0.0,6.559530973434448,9.0,uniform_600s,10.35,10.35,1.3499999999999996,True,71.45,True,True,True
N20_lambda1p5_rep002_seed3766478710138732603,3766478710138732603,2,20,4,"[5, 5, 5, 5]","[[2, 4, 5, 6, 7], [2, 5, 6, 8, 9], [0, 2, 6, 7, 9], [2, 4, 5, 5, 8]]",1.5,1.5,1.5,0.375,1,3,PP,uniform_600s,6,6,8,8,"[[5], [5], [5], [5]]",4,6,150,0.96,0.0017025,20,9.1,182,77.35,1547,600.0,12,OPTIMAL,10.35,207.0,207.0,0.0,0.0032720565795898438,0.003520500846207142,0.006842050743713379,1.0,0.0004410743713378906,2,OPTIMAL,9.0,0.0,6.559530973434448,9.0,uniform_600s,10.35,10.35,1.3499999999999996,True,76.0,True,True,True
N20_lambda1p5_rep002_seed3766478710138732603,3766478710138732603,2,20,4,"[5, 5, 5, 5]","[[2, 4, 5, 6, 7], [2, 5, 6, 8, 9], [0, 2, 6, 7, 9], [2, 4, 5, 5, 8]]",1.5,1.5,1.5,0.375,1,3,PP,uniform_600s,8,8,2,2,"[[2, 2, 1], [2, 2, 1], [2, 2, 1], [2, 2, 1]]",12,54,150,0.64,0.004802,20,4.6,92,64.5,1290,600.0,12,OPTIMAL,9.55,191.0,191.0,0.0,0.10910511016845703,0.004485639743506908,0.11364137577660274,2827.0,0.000823974609375,3,OPTIMAL,9.0,0.0,6.559530973434448,9.0,uniform_600s,10.35,9.55,0.5500000000000007,True,63.95,True,True,True
N20_lambda1p5_rep002_seed3766478710138732603,3766478710138732603,2,20,4,"[5, 5, 5, 5]","[[2, 4, 5, 6, 7], [2, 5, 6, 8, 9], [0, 2, 6, 7, 9], [2, 4, 5, 5, 8]]",1.5,1.5,1.5,0.375,1,3,PP,uniform_600s,8,8,4,4,"[[4, 1], [4, 1], [4, 1], [4, 1]]",8,24,150,0.84,0.001713,20,7.1,142,96.75,1935,600.0,12,OPTIMAL,10.35,207.0,207.0,0.0,0.02257084846496582,0.003948618657886982,0.02657140914326954,258.0,0.0006959438323974609,3,OPTIMAL,9.0,0.0,6.559530973434448,9.0,uniform_600s,10.35,10.35,1.3499999999999996,True,95.4,True,True,True
N20_lambda1p5_rep002_seed3766478710138732603,3766478710138732603,2,20,4,"[5, 5, 5, 5]","[[2, 4, 5, 6, 7], [2, 5, 6, 8, 9], [0, 2, 6, 7, 9], [2, 4, 5, 5, 8]]",1.5,1.5,1.5,0.375,1,3,PP,uniform_600s,8,8,6,6,"[[5], [5], [5], [5]]",4,6,150,0.96,0.0017275,20,9.1,182,103.2,2064,600.0,12,OPTIMAL,10.35,207.0,207.0,0.0,0.003667116165161133,0.004167127422988415,0.00788485155347824,1.0,0.0004899501800537109,2,OPTIMAL,9.0,0.0,6.559530973434448,9.0,uniform_600s,10.35,10.35,1.3499999999999996,True,101.85000000000001,True,True,True
N20_lambda1p5_rep002_seed3766478710138732603,3766478710138732603,2,20,4,"[5, 5, 5, 5]","[[2, 4, 5, 6, 7], [2, 5, 6, 8, 9], [0, 2, 6, 7, 9], [2, 4, 5, 5, 8]]",1.5,1.5,1.5,0.375,1,3,PP,uniform_600s,8,8,8,8,"[[5], [5], [5], [5]]",4,6,150,0.96,0.0038,20,9.1,182,109.65,2193,600.0,12,OPTIMAL,10.35,207.0,207.0,0.0,0.003117799758911133,0.0038007041439414024,0.006965821812796593,1.0,0.00041794776916503906,2,OPTIMAL,9.0,0.0,6.559530973434448,9.0,uniform_600s,10.35,10.35,1.3499999999999996,True,108.30000000000001,True,True,True
N20_lambda1p5_rep003_seed17980781499676391437,17980781499676391437,3,20,4,"[5, 5, 5, 5]","[[5, 7, 8, 8, 9], [2, 5, 11, 17, 17], [3, 3, 8, 9, 11], [2, 4, 6, 8, 10]]",1.5,1.5,1.5,0.375,1,3,PP,uniform_600s,2,2,2,2,"[[2, 2, 1], [1, 1, 1, 2], [2, 2, 1], [2, 2, 1]]",13,63,150,0.5800000000000001,0.004416,20,2.15,43,7.5,150,600.0,12,OPTIMAL,8.85,177.0,177.0,0.0,0.2600240707397461,0.0053094541653990746,0.26539077297215796,8867.0,0.0009989738464355469,5,OPTIMAL,8.85,0.0,7.618654012680054,8.85,uniform_600s,9.05,8.85,0.0,True,7.5,True,True,True
N20_lambda1p5_rep003_seed17980781499676391437,17980781499676391437,3,20,4,"[5, 5, 5, 5]","[[5, 7, 8, 8, 9], [2, 5, 11, 17, 17], [3, 3, 8, 9, 11], [2, 4, 6, 8, 10]]",1.5,1.5,1.5,0.375,1,3,PP,uniform_600s,2,2,4,4,"[[4, 1], [1, 1, 1, 2], [2, 3], [4, 1]]",10,36,150,0.76,0.004642,20,3.45,69,11.25,225,600.0,12,OPTIMAL,8.85,177.0,177.0,0.0,0.048738956451416016,0.005032164976000786,0.05382576241115761,707.0,0.0008440017700195312,5,OPTIMAL,8.85,0.0,7.618654012680054,8.85,uniform_600s,9.05,8.85,0.0,True,11.25,True,True,True
N20_lambda1p5_rep003_seed17980781499676391437,17980781499676391437,3,20,4,"[5, 5, 5, 5]","[[5, 7, 8, 8, 9], [2, 5, 11, 17, 17], [3, 3, 8, 9, 11], [2, 4, 6, 8, 10]]",1.5,1.5,1.5,0.375,1,3,PP,uniform_600s,2,2,6,6,"[[5], [1, 1, 1, 2], [2, 3], [5]]",8,21,150,0.86,0.001692,20,4.05,81,12.0,240,600.0,12,OPTIMAL,9.05,181.0,181.0,0.0,0.026047945022583008,0.003905041143298149,0.03000334442701769,280.0,0.000202178955078125,6,OPTIMAL,8.85,0.0,7.618654012680054,8.85,uniform_600s,9.05,9.05,0.20000000000000107,True,11.799999999999999,True,True,True
N20_lambda1p5_rep003_seed17980781499676391437,17980781499676391437,3,20,4,"[5, 5, 5, 5]","[[5, 7, 8, 8, 9], [2, 5, 11, 17, 17], [3, 3, 8, 9, 11], [2, 4, 6, 8, 10]]",1.5,1.5,1.5,0.375,1,3,PP,uniform_600s,2,2,8,8,"[[5], [1, 1, 1, 2], [2, 3], [5]]",8,21,150,0.86,0.004191,20,4.05,81,12.75,255,600.0,12,OPTIMAL,9.05,181.0,181.0,0.0,0.026144027709960938,0.004143301397562027,0.030346809003487588,280.0,0.00020313262939453125,6,OPTIMAL,8.85,0.0,7.618654012680054,8.85,uniform_600s,9.05,9.05,0.20000000000000107,True,12.549999999999999,True,True,True
N20_lambda1p5_rep003_seed17980781499676391437,17980781499676391437,3,20,4,"[5, 5, 5, 5]","[[5, 7, 8, 8, 9], [2, 5, 11, 17, 17], [3, 3, 8, 9, 11], [2, 4, 6, 8, 10]]",1.5,1.5,1.5,0.375,1,3,PP,uniform_600s,4,4,2,2,"[[2, 2, 1], [2, 1, 2], [2, 2, 1], [2, 2, 1]]",12,54,150,0.64,0.001883,20,3.85,77,26.5,530,600.0,12,OPTIMAL,9.0,180.0,179.99999999999517,0.0,0.14619207382202148,0.004530978389084339,0.15077346922443677,4801.0,0.0009429454803466797,4,OPTIMAL,8.85,0.0,7.618654012680054,8.85,uniform_600s,9.05,9.0,0.15000000000000036,True,26.35,True,True,True
N20_lambda1p5_rep003_seed17980781499676391437,17980781499676391437,3,20,4,"[5, 5, 5, 5]","[[5, 7, 8, 8, 9], [2, 5, 11, 17, 17], [3, 3, 8, 9, 11], [2, 4, 6, 8, 10]]",1.5,1.5,1.5,0.375,1,3,PP,uniform_600s,4,4,4,4,"[[4, 1], [2, 1, 2], [2, 3], [4, 1]]",9,30,150,0.8,0.001778,20,5.15,103,39.75,795,600.0,12,OPTIMAL,9.05,181.0,181.0,0.0,0.03717517852783203,0.004145095124840736,0.04137077006787348,385.0,0.00018215179443359375,3,OPTIMAL,8.85,0.0,7.618654012680054,8.85,uniform_600s,9.05,9.05,0.20000000000000107,True,39.55,True,True,True
N20_lambda1p5_rep003_seed17980781499676391437,17980781499676391437,3,20,4,"[5, 5, 5, 5]","[[5, 7, 8, 8, 9], [2, 5, 11, 17, 17], [3, 3, 8, 9, 11], [2, 4, 6, 8, 10]]",1.5,1.5,1.5,0.375,1,3,PP,uniform_600s,4,4,6,6,"[[5], [2, 1, 2], [2, 3], [5]]",7,17,150,0.8866666666666667,0.001728,20,5.75,115,42.4,848,600.0,12,OPTIMAL,9.05,181.0,180.99999999997164,0.0,0.017948150634765625,0.0038279052823781967,0.021826923290148258,139.0,0.0006949901580810547,4,OPTIMAL,8.85,0.0,7.618654012680054,8.85,uniform_600s,9.05,9.05,0.20000000000000107,True,42.199999999999996,True,True,True
N20_lambda1p5_rep003_seed17980781499676391437,17980781499676391437,3,20,4,"[5, 5, 5, 5]","[[5, 7, 8, 8, 9], [2, 5, 11, 17, 17], [3, 3, 8, 9, 11], [2, 4, 6, 8, 10]]",1.5,1.5,1.5,0.375,1,3,PP,uniform_600s,4,4,8,8,"[[5], [2, 1, 2], [2, 3], [5]]",7,17,150,0.8866666666666667,0.0042915,20,5.75,115,45.05,901,600.0,12,OPTIMAL,9.05,181.0,180.99999999997164,0.0,0.01675891876220703,0.004301892593502998,0.021114055964199543,139.0,0.0006639957427978516,4,OPTIMAL,8.85,0.0,7.618654012680054,8.85,uniform_600s,9.05,9.05,0.20000000000000107,True,44.849999999999994,True,True,True
N20_lambda1p5_rep003_seed17980781499676391437,17980781499676391437,3,20,4,"[5, 5, 5, 5]","[[5, 7, 8, 8, 9], [2, 5, 11, 17, 17], [3, 3, 8, 9, 11], [2, 4, 6, 8, 10]]",1.5,1.5,1.5,0.375,1,3,PP,uniform_600s,6,6,2,2,"[[2, 2, 1], [2, 2, 1], [2, 2, 1], [2, 2, 1]]",12,54,150,0.64,0.001788,20,7.9,158,45.5,910,600.0,12,OPTIMAL,9.0,180.0,180.0,0.0,0.17804694175720215,0.004474292509257793,0.18257340402377892,3800.0,0.0009150505065917969,3,OPTIMAL,8.85,0.0,7.618654012680054,8.85,uniform_600s,10.35,9.0,0.15000000000000036,True,45.35,True,True,True
N20_lambda1p5_rep003_seed17980781499676391437,17980781499676391437,3,20,4,"[5, 5, 5, 5]","[[5, 7, 8, 8, 9], [2, 5, 11, 17, 17], [3, 3, 8, 9, 11], [2, 4, 6, 8, 10]]",1.5,1.5,1.5,0.375,1,3,PP,uniform_600s,6,6,4,4,"[[4, 1], [4, 1], [4, 1], [4, 1]]",8,24,150,0.84,0.0017325,20,16.3,326,68.25,1365,600.0,12,OPTIMAL,9.95,199.0,199.0,0.0,0.027740001678466797,0.003974796272814274,0.03176546679596424,140.0,0.000698089599609375,3,OPTIMAL,8.85,0.0,7.618654012680054,8.85,uniform_600s,10.35,9.95,1.0999999999999996,True,67.15,True,True,True
N20_lambda1p5_rep003_seed17980781499676391437,17980781499676391437,3,20,4,"[5, 5, 5, 5]","[[5, 7, 8, 8, 9], [2, 5, 11, 17, 17], [3, 3, 8, 9, 11], [2, 4, 6, 8, 10]]",1.5,1.5,1.5,0.375,1,3,PP,uniform_600s,6,6,6,6,"[[5], [5], [5], [5]]",4,6,150,0.96,0.0016825,20,17.5,350,72.8,1456,600.0,12,OPTIMAL,10.35,207.0,207.0,0.0,0.0027930736541748047,0.0036262301728129387,0.006469658176059723,1.0,0.0004730224609375,1,OPTIMAL,8.85,0.0,7.618654012680054,8.85,uniform_600s,10.35,10.35,1.5,True,71.3,True,True,True
N20_lambda1p5_rep003_seed17980781499676391437,17980781499676391437,3,20,4,"[5, 5, 5, 5]","[[5, 7, 8, 8, 9], [2, 5, 11, 17, 17], [3, 3, 8, 9, 11], [2, 4, 6, 8, 10]]",1.5,1.5,1.5,0.375,1,3,PP,uniform_600s,6,6,8,8,"[[5], [5], [5], [5]]",4,6,150,0.96,0.004216,20,17.5,350,77.35,1547,600.0,12,OPTIMAL,10.35,207.0,207.0,0.0,0.0031969547271728516,0.003689836710691452,0.006939547970453262,1.0,0.0004570484161376953,1,OPTIMAL,8.85,0.0,7.618654012680054,8.85,uniform_600s,10.35,10.35,1.5,True,75.85,True,True,True
N20_lambda1p5_rep003_seed17980781499676391437,17980781499676391437,3,20,4,"[5, 5, 5, 5]","[[5, 7, 8, 8, 9], [2, 5, 11, 17, 17], [3, 3, 8, 9, 11], [2, 4, 6, 8, 10]]",1.5,1.5,1.5,0.375,1,3,PP,uniform_600s,8,8,2,2,"[[2, 2, 1], [2, 2, 1], [2, 2, 1], [2, 2, 1]]",12,54,150,0.64,0.0016275,20,7.9,158,64.5,1290,600.0,12,OPTIMAL,9.0,180.0,180.0,0.0,0.1797342300415039,0.005047778598964214,0.18482855289691924,3800.0,0.0008330345153808594,3,OPTIMAL,8.85,0.0,7.618654012680054,8.85,uniform_600s,10.35,9.0,0.15000000000000036,True,64.35,True,True,True
N20_lambda1p5_rep003_seed17980781499676391437,17980781499676391437,3,20,4,"[5, 5, 5, 5]","[[5, 7, 8, 8, 9], [2, 5, 11, 17, 17], [3, 3, 8, 9, 11], [2, 4, 6, 8, 10]]",1.5,1.5,1.5,0.375,1,3,PP,uniform_600s,8,8,4,4,"[[4, 1], [4, 1], [4, 1], [4, 1]]",8,24,150,0.84,0.004707,20,16.3,326,96.75,1935,600.0,12,OPTIMAL,9.95,199.0,199.0,0.0,0.027727127075195312,0.004636196419596672,0.032419687232715606,140.0,0.0007061958312988281,3,OPTIMAL,8.85,0.0,7.618654012680054,8.85,uniform_600s,10.35,9.95,1.0999999999999996,True,95.65,True,True,True
N20_lambda1p5_rep003_seed17980781499676391437,17980781499676391437,3,20,4,"[5, 5, 5, 5]","[[5, 7, 8, 8, 9], [2, 5, 11, 17, 17], [3, 3, 8, 9, 11], [2, 4, 6, 8, 10]]",1.5,1.5,1.5,0.375,1,3,PP,uniform_600s,8,8,6,6,"[[5], [5], [5], [5]]",4,6,150,0.96,0.0016825,20,17.5,350,103.2,2064,600.0,12,OPTIMAL,10.35,207.0,207.0,0.0,0.0027811527252197266,0.0035747019574046135,0.006405790867860317,1.0,0.0004930496215820312,1,OPTIMAL,8.85,0.0,7.618654012680054,8.85,uniform_600s,10.35,10.35,1.5,True,101.7,True,True,True
N20_lambda1p5_rep003_seed17980781499676391437,17980781499676391437,3,20,4,"[5, 5, 5, 5]","[[5, 7, 8, 8, 9], [2, 5, 11, 17, 17], [3, 3, 8, 9, 11], [2, 4, 6, 8, 10]]",1.5,1.5,1.5,0.375,1,3,PP,uniform_600s,8,8,8,8,"[[5], [5], [5], [5]]",4,6,150,0.96,0.0016725,20,17.5,350,109.65,2193,600.0,12,OPTIMAL,10.35,207.0,207.0,0.0,0.003158092498779297,0.0033764326944947243,0.0065807260882115364,1.0,0.00041413307189941406,1,OPTIMAL,8.85,0.0,7.618654012680054,8.85,uniform_600s,10.35,10.35,1.5,True,108.15,True,True,True
N20_lambda1p5_rep004_seed14221937961906111073,14221937961906111073,4,20,4,"[5, 5, 5, 5]","[[3, 5, 8, 10, 11], [6, 6, 7, 8, 8], [7, 7, 8, 11, 17], [6, 10, 11, 18, 18]]",1.5,1.5,1.5,0.375,1,3,PP,uniform_600s,2,2,2,2,"[[2, 2, 1], [2, 2, 1], [2, 1, 1, 1], [1, 2, 2]]",13,63,150,0.5800000000000001,0.001838,20,1.4,28,7.5,150,600.0,12,OPTIMAL,8.4,168.0,167.9999999999917,0.0,0.14809203147888184,0.004893185570836067,0.15303770595926094,3047.0,0.0010268688201904297,10,OPTIMAL,7.85,0.0,2.4114010334014893,7.85,uniform_600s,8.4,8.4,0.5500000000000007,True,6.949999999999999,True,True,True
N20_lambda1p5_rep004_seed14221937961906111073,14221937961906111073,4,20,4,"[5, 5, 5, 5]","[[3, 5, 8, 10, 11], [6, 6, 7, 8, 8], [7, 7, 8, 11, 17], [6, 10, 11, 18, 18]]",1.5,1.5,1.5,0.375,1,3,PP,uniform_600s,2,2,4,4,"[[2, 3], [4, 1], [3, 1, 1], [1, 2, 2]]",10,37,150,0.7533333333333333,0.0017325,20,1.4,28,11.25,225,600.0,12,OPTIMAL,8.4,168.0,168.0,0.0,0.03598499298095703,0.004383955150842667,0.0404217105896306,541.0,0.0008618831634521484,10,OPTIMAL,7.85,0.0,2.4114010334014893,7.85,uniform_600s,8.4,8.4,0.5500000000000007,True,10.7,True,True,True
N20_lambda1p5_rep004_seed14221937961906111073,14221937961906111073,4,20,4,"[5, 5, 5, 5]","[[3, 5, 8, 10, 11], [6, 6, 7, 8, 8], [7, 7, 8, 11, 17], [6, 10, 11, 18, 18]]",1.5,1.5,1.5,0.375,1,3,PP,uniform_600s,2,2,6,6,"[[2, 3], [5], [3, 1, 1], [1, 2, 2]]",9,29,150,0.8066666666666666,0.004712,20,1.4,28,12.0,240,600.0,12,OPTIMAL,8.4,168.0,168.0,0.0,0.03043508529663086,0.004217172972857952,0.03470640766571712,362.0,0.000782012939453125,9,OPTIMAL,7.85,0.0,2.4114010334014893,7.85,uniform_600s,8.4,8.4,0.5500000000000007,True,11.45,True,True,True
N20_lambda1p5_rep004_seed14221937961906111073,14221937961906111073,4,20,4,"[5, 5, 5, 5]","[[3, 5, 8, 10, 11], [6, 6, 7, 8, 8], [7, 7, 8, 11, 17], [6, 10, 11, 18, 18]]",1.5,1.5,1.5,0.375,1,3,PP,uniform_600s,2,2,8,8,"[[2, 3], [5], [3, 1, 1], [1, 2, 2]]",9,29,150,0.8066666666666666,0.0043615,20,1.4,28,12.75,255,600.0,12,OPTIMAL,8.4,168.0,168.0,0.0,0.028934001922607422,0.004198886454105377,0.033185870503043176,362.0,0.0008108615875244141,9,OPTIMAL,7.85,0.0,2.4114010334014893,7.85,uniform_600s,8.4,8.4,0.5500000000000007,True,12.2,True,True,True
N20_lambda1p5_rep004_seed14221937961906111073,14221937961906111073,4,20,4,"[5, 5, 5, 5]","[[3, 5, 8, 10, 11], [6, 6, 7, 8, 8], [7, 7, 8, 11, 17], [6, 10, 11, 18, 18]]",1.5,1.5,1.5,0.375,1,3,PP,uniform_600s,4,4,2,2,"[[2, 2, 1], [2, 2, 1], [2, 2, 1], [2, 1, 2]]",12,54,150,0.64,0.0017825,20,5.55,111,26.5,530,600.0,12,OPTIMAL,8.4,168.0,167.99999999999773,0.0,0.05851292610168457,0.005342002958059311,0.0639065233476472,1184.0,0.0009188652038574219,10,OPTIMAL,7.85,0.0,2.4114010334014893,7.85,uniform_600s,9.25,8.4,0.5500000000000007,True,25.95,True,True,True
N20_lambda1p5_rep004_seed14221937961906111073,14221937961906111073,4,20,4,"[5, 5, 5, 5]","[[3, 5, 8, 10, 11], [6, 6, 7, 8, 8], [7, 7, 8, 11, 17], [6, 10, 11, 18, 18]]",1.5,1.5,1.5,0.375,1,3,PP,uniform_600s,4,4,4,4,"[[4, 1], [4, 1], [4, 1], [3, 2]]",8,24,150,0.84,0.001733,20,7.15,143,39.75,795,600.0,12,OPTIMAL,9.25,185.0,185.0,0.0,0.01882481575012207,0.004015800543129444,0.022892217891831875,144.0,0.00018596649169921875,6,OPTIMAL,7.85,0.0,2.4114010334014893,7.85,uniform_600s,9.25,9.25,1.4000000000000004,True,38.35,True,True,True
N20_lambda1p5_rep004_seed14221937961906111073,14221937961906111073,4,20,4,"[5, 5, 5, 5]","[[3, 5, 8, 10, 11], [6, 6, 7, 8, 8], [7, 7, 8, 11, 17], [6, 10, 11, 18, 18]]",1.5,1.5,1.5,0.375,1,3,PP,uniform_600s,4,4,6,6,"[[5], [5], [4, 1], [3, 2]]",6,13,150,0.9133333333333333,0.0017125,20,7.15,143,42.4,848,600.0,12,OPTIMAL,9.25,185.0,185.0,0.0,0.011689901351928711,0.003688954748213291,0.015429777822339535,78.0,0.0006089210510253906,8,OPTIMAL,7.85,0.0,2.4114010334014893,7.85,uniform_600s,9.25,9.25,1.4000000000000004,True,41.0,True,True,True
N20_lambda1p5_rep004_seed14221937961906111073,14221937961906111073,4,20,4,"[5, 5, 5, 5]","[[3, 5, 8, 10, 11], [6, 6, 7, 8, 8], [7, 7, 8, 11, 17], [6, 10, 11, 18, 18]]",1.5,1.5,1.5,0.375,1,3,PP,uniform_600s,4,4,8,8,"[[5], [5], [4, 1], [3, 2]]",6,13,150,0.9133333333333333,0.0017175,20,7.15,143,45.05,901,600.0,12,OPTIMAL,9.25,185.0,185.0,0.0,0.011554956436157227,0.0036668218672275543,0.015279728129117489,78.0,0.0006070137023925781,8,OPTIMAL,7.85,0.0,2.4114010334014893,7.85,uniform_600s,9.25,9.25,1.4000000000000004,True,43.65,True,True,True
N20_lambda1p5_rep004_seed14221937961906111073,14221937961906111073,4,20,4,"[5, 5, 5, 5]","[[3, 5, 8, 10, 11], [6, 6, 7, 8, 8], [7, 7, 8, 11, 17], [6, 10, 11, 18, 18]]",1.5,1.5,1.5,0.375,1,3,PP,uniform_600s,6,6,2,2,"[[2, 2, 1], [2, 2, 1], [2, 2, 1], [2, 1, 2]]",12,54,150,0.64,0.001808,20,5.55,111,45.5,910,600.0,12,OPTIMAL,8.4,168.0,167.99999999999773,0.0,0.05720710754394531,0.004525299184024334,0.061783780646713256,1184.0,0.0008959770202636719,10,OPTIMAL,7.85,0.0,2.4114010334014893,7.85,uniform_600s,9.25,8.4,0.5500000000000007,True,44.95,True,True,True
N20_lambda1p5_rep004_seed14221937961906111073,14221937961906111073,4,20,4,"[5, 5, 5, 5]","[[3, 5, 8, 10, 11], [6, 6, 7, 8, 8], [7, 7, 8, 11, 17], [6, 10, 11, 18, 18]]",1.5,1.5,1.5,0.375,1,3,PP,uniform_600s,6,6,4,4,"[[4, 1], [4, 1], [4, 1], [3, 2]]",8,24,150,0.84,0.001737,20,7.15,143,68.25,1365,600.0,12,OPTIMAL,9.25,185.0,185.0,0.0,0.01872706413269043,0.003903348930180073,0.02268100258852196,144.0,0.00018596649169921875,6,OPTIMAL,7.85,0.0,2.4114010334014893,7.85,uniform_600s,9.25,9.25,1.4000000000000004,True,66.85,True,True,True
N20_lambda1p5_rep004_seed14221937961906111073,14221937961906111073,4,20,4,"[5, 5, 5, 5]","[[3, 5, 8, 10, 11], [6, 6, 7, 8, 8], [7, 7, 8, 11, 17], [6, 10, 11, 18, 18]]",1.5,1.5,1.5,0.375,1,3,PP,uniform_600s,6,6,6,6,"[[5], [5], [5], [3, 2]]",5,9,150,0.94,0.0017775,20,10.95,219,72.8,1456,600.0,12,OPTIMAL,9.25,185.0,184.99999999999102,0.0,0.0039980411529541016,0.003595273941755295,0.0076435772479438785,1.0,0.0005109310150146484,5,OPTIMAL,7.85,0.0,2.4114010334014893,7.85,uniform_600s,9.25,9.25,1.4000000000000004,True,71.39999999999999,True,True,True
N20_lambda1p5_rep004_seed14221937961906111073,14221937961906111073,4,20,4,"[5, 5, 5, 5]","[[3, 5, 8, 10, 11], [6, 6, 7, 8, 8], [7, 7, 8, 11, 17], [6, 10, 11, 18, 18]]",1.5,1.5,1.5,0.375,1,3,PP,uniform_600s,6,6,8,8,"[[5], [5], [5], [3, 2]]",5,9,150,0.94,0.0017375,20,10.95,219,77.35,1547,600.0,12,OPTIMAL,9.25,185.0,184.99999999999102,0.0,0.004169940948486328,0.003549935296177864,0.007770017372834682,1.0,0.0005049705505371094,5,OPTIMAL,7.85,0.0,2.4114010334014893,7.85,uniform_600s,9.25,9.25,1.4000000000000004,True,75.94999999999999,True,True,True
N20_lambda1p5_rep004_seed14221937961906111073,14221937961906111073,4,20,4,"[5, 5, 5, 5]","[[3, 5, 8, 10, 11], [6, 6, 7, 8, 8], [7, 7, 8, 11, 17], [6, 10, 11, 18, 18]]",1.5,1.5,1.5,0.375,1,3,PP,uniform_600s,8,8,2,2,"[[2, 2, 1], [2, 2, 1], [2, 2, 1], [2, 2, 1]]",12,54,150,0.64,0.001783,20,10.45,209,64.5,1290,600.0,12,OPTIMAL,8.4,168.0,168.0,0.0,0.08737993240356445,0.004920637235045433,0.0923562221989708,1722.0,0.0008869171142578125,10,OPTIMAL,7.85,0.0,2.4114010334014893,7.85,uniform_600s,9.25,8.4,0.5500000000000007,True,63.95,True,True,True
N20_lambda1p5_rep004_seed14221937961906111073,14221937961906111073,4,20,4,"[5, 5, 5, 5]","[[3, 5, 8, 10, 11], [6, 6, 7, 8, 8], [7, 7, 8, 11, 17], [6, 10, 11, 18, 18]]",1.5,1.5,1.5,0.375,1,3,PP,uniform_600s,8,8,4,4,"[[4, 1], [4, 1], [4, 1], [4, 1]]",8,24,150,0.84,0.0017125,20,12.05,241,96.75,1935,600.0,12,OPTIMAL,9.25,185.0,185.0,0.0,0.016698122024536133,0.003954687155783176,0.020703069663488866,133.0,0.00019097328186035156,4,OPTIMAL,7.85,0.0,2.4114010334014893,7.85,uniform_600s,9.25,9.25,1.4000000000000004,True,95.35,True,True,True
N20_lambda1p5_rep004_seed14221937961906111073,14221937961906111073,4,20,4,"[5, 5, 5, 5]","[[3, 5, 8, 10, 11], [6, 6, 7, 8, 8], [7, 7, 8, 11, 17], [6, 10, 11, 18, 18]]",1.5,1.5,1.5,0.375,1,3,PP,uniform_600s,8,8,6,6,"[[5], [5], [5], [5]]",4,6,150,0.96,0.0016925,20,15.85,317,103.2,2064,600.0,12,OPTIMAL,9.25,185.0,184.99999999998397,0.0,0.002537965774536133,0.0035382378846406937,0.006126229006831646,1.0,0.0004680156707763672,3,OPTIMAL,7.85,0.0,2.4114010334014893,7.85,uniform_600s,9.25,9.25,1.4000000000000004,True,101.8,True,True,True
N20_lambda1p5_rep004_seed14221937961906111073,14221937961906111073,4,20,4,"[5, 5, 5, 5]","[[3, 5, 8, 10, 11], [6, 6, 7, 8, 8], [7, 7, 8, 11, 17], [6, 10, 11, 18, 18]]",1.5,1.5,1.5,0.375,1,3,PP,uniform_600s,8,8,8,8,"[[5], [5], [5], [5]]",4,6,150,0.96,0.0041915,20,15.85,317,109.65,2193,600.0,12,OPTIMAL,9.25,185.0,184.99999999998397,0.0,0.0029888153076171875,0.0038072634488344193,0.006848835003427506,1.0,0.00045800209045410156,3,OPTIMAL,7.85,0.0,2.4114010334014893,7.85,uniform_600s,9.25,9.25,1.4000000000000004,True,108.25,True,True,True
N20_lambda1p5_rep005_seed11306353820368453643,11306353820368453643,5,20,4,"[5, 5, 5, 5]","[[6, 7, 7, 9, 12], [11, 15, 16, 16, 23], [6, 6, 6, 8, 10], [2, 4, 8, 10, 10]]",1.5,1.5,1.5,0.375,1,3,PP,uniform_600s,2,2,2,2,"[[2, 2, 1], [1, 2, 1, 1], [2, 2, 1], [2, 2, 1]]",13,63,150,0.5800000000000001,0.0018525,20,2.7,54,7.5,150,600.0,12,OPTIMAL,7.05,141.0,141.0,0.0,0.09599590301513672,0.005626454018056393,0.10168102393553495,1154.0,0.00019407272338867188,8,OPTIMAL,7.05,0.0,1.8116199970245361,7.05,uniform_600s,7.05,7.05,0.0,True,7.5,True,True,True
N20_lambda1p5_rep005_seed11306353820368453643,11306353820368453643,5,20,4,"[5, 5, 5, 5]","[[6, 7, 7, 9, 12], [11, 15, 16, 16, 23], [6, 6, 6, 8, 10], [2, 4, 8, 10, 10]]",1.5,1.5,1.5,0.375,1,3,PP,uniform_600s,2,2,4,4,"[[4, 1], [1, 3, 1], [4, 1], [2, 3]]",9,30,150,0.8,0.005052,20,2.7,54,11.25,225,600.0,12,OPTIMAL,7.05,141.0,140.99999999999585,0.0,0.022086143493652344,0.0042389556765556335,0.026378830469860552,161.0,0.0008220672607421875,5,OPTIMAL,7.05,0.0,1.8116199970245361,7.05,uniform_600s,7.05,7.05,0.0,True,11.25,True,True,True
N20_lambda1p5_rep005_seed11306353820368453643,11306353820368453643,5,20,4,"[5, 5, 5, 5]","[[6, 7, 7, 9, 12], [11, 15, 16, 16, 23], [6, 6, 6, 8, 10], [2, 4, 8, 10, 10]]",1.5,1.5,1.5,0.375,1,3,PP,uniform_600s,2,2,6,6,"[[4, 1], [1, 3, 1], [5], [2, 3]]",8,23,150,0.8466666666666667,0.001688,20,3.3,66,12.0,240,600.0,12,OPTIMAL,7.05,141.0,141.0,0.0,0.020481109619140625,0.003930850885808468,0.024462816748953342,95.0,0.0007441043853759766,4,OPTIMAL,7.05,0.0,1.8116199970245361,7.05,uniform_600s,7.05,7.05,0.0,True,12.0,True,True,True
N20_lambda1p5_rep005_seed11306353820368453643,11306353820368453643,5,20,4,"[5, 5, 5, 5]","[[6, 7, 7, 9, 12], [11, 15, 16, 16, 23], [6, 6, 6, 8, 10], [2, 4, 8, 10, 10]]",1.5,1.5,1.5,0.375,1,3,PP,uniform_600s,2,2,8,8,"[[4, 1], [1, 3, 1], [5], [2, 3]]",8,23,150,0.8466666666666667,0.004472,20,3.3,66,12.75,255,600.0,12,OPTIMAL,7.05,141.0,141.0,0.0,0.020048141479492188,0.004512188956141472,0.02461314366519165,95.0,0.0007171630859375,4,OPTIMAL,7.05,0.0,1.8116199970245361,7.05,uniform_600s,7.05,7.05,0.0,True,12.75,True,True,True
N20_lambda1p5_rep005_seed11306353820368453643,11306353820368453643,5,20,4,"[5, 5, 5, 5]","[[6, 7, 7, 9, 12], [11, 15, 16, 16, 23], [6, 6, 6, 8, 10], [2, 4, 8, 10, 10]]",1.5,1.5,1.5,0.375,1,3,PP,uniform_600s,4,4,2,2,"[[2, 2, 1], [2, 2, 1], [2, 2, 1], [2, 2, 1]]",12,54,150,0.64,0.001788,20,5.35,107,26.5,530,600.0,12,OPTIMAL,7.05,141.0,141.0,0.0,0.05009293556213379,0.004599772393703461,0.05474367258174467,929.0,0.0008790493011474609,9,OPTIMAL,7.05,0.0,1.8116199970245361,7.05,uniform_600s,8.9,7.05,0.0,True,26.5,True,True,True
N20_lambda1p5_rep005_seed11306353820368453643,11306353820368453643,5,20,4,"[5, 5, 5, 5]","[[6, 7, 7, 9, 12], [11, 15, 16, 16, 23], [6, 6, 6, 8, 10], [2, 4, 8, 10, 10]]",1.5,1.5,1.5,0.375,1,3,PP,uniform_600s,4,4,4,4,"[[4, 1], [4, 1], [4, 1], [4, 1]]",8,24,150,0.84,0.004512,20,7.85,157,39.75,795,600.0,12,OPTIMAL,8.9,178.0,178.0,0.0,0.02553391456604004,0.004416876472532749,0.0300041425257082,157.0,0.0001819133758544922,4,OPTIMAL,7.05,0.0,1.8116199970245361,7.05,uniform_600s,8.9,8.9,1.8500000000000005,True,37.9,True,True,True
N20_lambda1p5_rep005_seed11306353820368453643,11306353820368453643,5,20,4,"[5, 5, 5, 5]","[[6, 7, 7, 9, 12], [11, 15, 16, 16, 23], [6, 6, 6, 8, 10], [2, 4, 8, 10, 10]]",1.5,1.5,1.5,0.375,1,3,PP,uniform_600s,4,4,6,6,"[[5], [4, 1], [5], [5]]",5,9,150,0.94,0.001668,20,9.85,197,42.4,848,600.0,12,OPTIMAL,8.9,178.0,178.0,0.0,0.002894878387451172,0.0035956241190433502,0.006541651674883842,1.0,0.0004978179931640625,2,OPTIMAL,7.05,0.0,1.8116199970245361,7.05,uniform_600s,8.9,8.9,1.8500000000000005,True,40.55,True,True,True
N20_lambda1p5_rep005_seed11306353820368453643,11306353820368453643,5,20,4,"[5, 5, 5, 5]","[[6, 7, 7, 9, 12], [11, 15, 16, 16, 23], [6, 6, 6, 8, 10], [2, 4, 8, 10, 10]]",1.5,1.5,1.5,0.375,1,3,PP,uniform_600s,4,4,8,8,"[[5], [4, 1], [5], [5]]",5,9,150,0.94,0.0017125,20,9.85,197,45.05,901,600.0,12,OPTIMAL,8.9,178.0,178.0,0.0,0.0034041404724121094,0.004226106218993664,0.007680126263642311,1.0,0.0004830360412597656,2,OPTIMAL,7.05,0.0,1.8116199970245361,7.05,uniform_600s,8.9,8.9,1.8500000000000005,True,43.199999999999996,True,True,True
N20_lambda1p5_rep005_seed11306353820368453643,11306353820368453643,5,20,4,"[5, 5, 5, 5]","[[6, 7, 7, 9, 12], [11, 15, 16, 16, 23], [6, 6, 6, 8, 10], [2, 4, 8, 10, 10]]",1.5,1.5,1.5,0.375,1,3,PP,uniform_600s,6,6,2,2,"[[2, 2, 1], [2, 2, 1], [2, 2, 1], [2, 2, 1]]",12,54,150,0.64,0.004707,20,5.35,107,45.5,910,600.0,12,OPTIMAL,7.05,141.0,141.0,0.0,0.05022311210632324,0.004514973610639572,0.054791729061645984,929.0,0.0008561611175537109,9,OPTIMAL,7.05,0.0,1.8116199970245361,7.05,uniform_600s,8.9,7.05,0.0,True,45.5,True,True,True
N20_lambda1p5_rep005_seed11306353820368453643,11306353820368453643,5,20,4,"[5, 5, 5, 5]","[[6, 7, 7, 9, 12], [11, 15, 16, 16, 23], [6, 6, 6, 8, 10], [2, 4, 8, 10, 10]]",1.5,1.5,1.5,0.375,1,3,PP,uniform_600s,6,6,4,4,"[[4, 1], [4, 1], [4, 1], [4, 1]]",8,24,150,0.84,0.004682,20,7.85,157,68.25,1365,600.0,12,OPTIMAL,8.9,178.0,178.0,0.0,0.024714946746826172,0.004109391011297703,0.028877839687485217,157.0,0.00018095970153808594,4,OPTIMAL,7.05,0.0,1.8116199970245361,7.05,uniform_600s,8.9,8.9,1.8500000000000005,True,66.4,True,True,True
N20_lambda1p5_rep005_seed11306353820368453643,11306353820368453643,5,20,4,"[5, 5, 5, 5]","[[6, 7, 7, 9, 12], [11, 15, 16, 16, 23], [6, 6, 6, 8, 10], [2, 4, 8, 10, 10]]",1.5,1.5,1.5,0.375,1,3,PP,uniform_600s,6,6,6,6,"[[5], [4, 1], [5], [5]]",5,9,150,0.94,0.0044065,20,9.85,197,72.8,1456,600.0,12,OPTIMAL,8.9,178.0,178.0,0.0,0.0037851333618164062,0.0037153447046875954,0.0075528439538064,1.0,0.0005130767822265625,2,OPTIMAL,7.05,0.0,1.8116199970245361,7.05,uniform_600s,8.9,8.9,1.8500000000000005,True,70.95,True,True,True
N20_lambda1p5_rep005_seed11306353820368453643,11306353820368453643,5,20,4,"[5, 5, 5, 5]","[[6, 7, 7, 9, 12], [11, 15, 16, 16, 23], [6, 6, 6, 8, 10], [2, 4, 8, 10, 10]]",1.5,1.5,1.5,0.375,1,3,PP,uniform_600s,6,6,8,8,"[[5], [4, 1], [5], [5]]",5,9,150,0.94,0.004452,20,9.85,197,77.35,1547,600.0,12,OPTIMAL,8.9,178.0,178.0,0.0,0.0032341480255126953,0.004090421833097935,0.007375913018919945,1.0,0.00048422813415527344,2,OPTIMAL,7.05,0.0,1.8116199970245361,7.05,uniform_600s,8.9,8.9,1.8500000000000005,True,75.5,True,True,True
N20_lambda1p5_rep005_seed11306353820368453643,11306353820368453643,5,20,4,"[5, 5, 5, 5]","[[6, 7, 7, 9, 12], [11, 15, 16, 16, 23], [6, 6, 6, 8, 10], [2, 4, 8, 10, 10]]",1.5,1.5,1.5,0.375,1,3,PP,uniform_600s,8,8,2,2,"[[2, 2, 1], [2, 2, 1], [2, 2, 1], [2, 2, 1]]",12,54,150,0.64,0.0017525,20,5.35,107,64.5,1290,600.0,12,OPTIMAL,7.05,141.0,141.0,0.0,0.04873991012573242,0.004371697083115578,0.05316261642849684,929.0,0.000865936279296875,9,OPTIMAL,7.05,0.0,1.8116199970245361,7.05,uniform_600s,8.9,7.05,0.0,True,64.5,True,True,True
N20_lambda1p5_rep005_seed11306353820368453643,11306353820368453643,5,20,4,"[5, 5, 5, 5]","[[6, 7, 7, 9, 12], [11, 15, 16, 16, 23], [6, 6, 6, 8, 10], [2, 4, 8, 10, 10]]",1.5,1.5,1.5,0.375,1,3,PP,uniform_600s,8,8,4,4,"[[4, 1], [4, 1], [4, 1], [4, 1]]",8,24,150,0.84,0.004607,20,7.85,157,96.75,1935,600.0,12,OPTIMAL,8.9,178.0,178.0,0.0,0.024058103561401367,0.0048747071996331215,0.028986789033360005,157.0,0.00018310546875,4,OPTIMAL,7.05,0.0,1.8116199970245361,7.05,uniform_600s,8.9,8.9,1.8500000000000005,True,94.9,True,True,True
N20_lambda1p5_rep005_seed11306353820368453643,11306353820368453643,5,20,4,"[5, 5, 5, 5]","[[6, 7, 7, 9, 12], [11, 15, 16, 16, 23], [6, 6, 6, 8, 10], [2, 4, 8, 10, 10]]",1.5,1.5,1.5,0.375,1,3,PP,uniform_600s,8,8,6,6,"[[5], [5], [5], [5]]",4,6,150,0.96,0.001638,20,14.45,289,103.2,2064,600.0,12,OPTIMAL,8.9,178.0,177.99999999998533,0.0,0.0026221275329589844,0.003563585691154003,0.006235679415154934,1.0,0.00046706199645996094,2,OPTIMAL,7.05,0.0,1.8116199970245361,7.05,uniform_600s,8.9,8.9,1.8500000000000005,True,101.35000000000001,True,True,True
N20_lambda1p5_rep005_seed11306353820368453643,11306353820368453643,5,20,4,"[5, 5, 5, 5]","[[6, 7, 7, 9, 12], [11, 15, 16, 16, 23], [6, 6, 6, 8, 10], [2, 4, 8, 10, 10]]",1.5,1.5,1.5,0.375,1,3,PP,uniform_600s,8,8,8,8,"[[5], [5], [5], [5]]",4,6,150,0.96,0.0016825,20,14.45,289,109.65,2193,600.0,12,OPTIMAL,8.9,178.0,177.99999999998533,0.0,0.0026268959045410156,0.004297545179724693,0.006973449672217369,1.0,0.0004730224609375,2,OPTIMAL,7.05,0.0,1.8116199970245361,7.05,uniform_600s,8.9,8.9,1.8500000000000005,True,107.80000000000001,True,True,True
N20_lambda1p5_rep006_seed4984636862325327806,4984636862325327806,6,20,4,"[5, 5, 5, 5]","[[1, 8, 10, 12, 13], [9, 11, 13, 14, 15], [2, 2, 2, 5, 5], [2, 4, 4, 5, 7]]",1.5,1.5,1.5,0.375,1,3,PP,uniform_600s,2,2,2,2,"[[1, 2, 2], [2, 2, 1], [2, 1, 2], [2, 2, 1]]",12,54,150,0.64,0.001537,20,2.2,44,7.5,150,600.0,12,OPTIMAL,7.3,146.0,146.0,0.0,0.08182311058044434,0.004382873885333538,0.0862577691126461,2009.0,0.0008640289306640625,5,OPTIMAL,7.3,0.0,1.44992995262146,7.3,uniform_600s,7.3,7.3,0.0,True,7.5,True,True,True
N20_lambda1p5_rep006_seed4984636862325327806,4984636862325327806,6,20,4,"[5, 5, 5, 5]","[[1, 8, 10, 12, 13], [9, 11, 13, 14, 15], [2, 2, 2, 5, 5], [2, 4, 4, 5, 7]]",1.5,1.5,1.5,0.375,1,3,PP,uniform_600s,2,2,4,4,"[[1, 4], [4, 1], [3, 2], [4, 1]]",8,24,150,0.84,0.0047125,20,3.55,71,11.25,225,600.0,12,OPTIMAL,7.3,146.0,145.99999999999739,0.0,0.021583080291748047,0.004037221893668175,0.02567402739855051,184.0,0.00018906593322753906,4,OPTIMAL,7.3,0.0,1.44992995262146,7.3,uniform_600s,7.3,7.3,0.0,True,11.25,True,True,True
N20_lambda1p5_rep006_seed4984636862325327806,4984636862325327806,6,20,4,"[5, 5, 5, 5]","[[1, 8, 10, 12, 13], [9, 11, 13, 14, 15], [2, 2, 2, 5, 5], [2, 4, 4, 5, 7]]",1.5,1.5,1.5,0.375,1,3,PP,uniform_600s,2,2,6,6,"[[1, 4], [5], [3, 2], [5]]",6,13,150,0.9133333333333333,0.004216,20,4.15,83,12.0,240,600.0,12,OPTIMAL,7.3,146.0,146.0,0.0,0.006084918975830078,0.004136792384088039,0.010277211568811893,1.0,0.000164031982421875,3,OPTIMAL,7.3,0.0,1.44992995262146,7.3,uniform_600s,7.3,7.3,0.0,True,12.0,True,True,True
N20_lambda1p5_rep006_seed4984636862325327806,4984636862325327806,6,20,4,"[5, 5, 5, 5]","[[1, 8, 10, 12, 13], [9, 11, 13, 14, 15], [2, 2, 2, 5, 5], [2, 4, 4, 5, 7]]",1.5,1.5,1.5,0.375,1,3,PP,uniform_600s,2,2,8,8,"[[1, 4], [5], [3, 2], [5]]",6,13,150,0.9133333333333333,0.001737,20,4.15,83,12.75,255,600.0,12,OPTIMAL,7.3,146.0,146.0,0.0,0.0055658817291259766,0.003705550916492939,0.009320301087152481,1.0,0.0001590251922607422,3,OPTIMAL,7.3,0.0,1.44992995262146,7.3,uniform_600s,7.3,7.3,0.0,True,12.75,True,True,True
N20_lambda1p5_rep006_seed4984636862325327806,4984636862325327806,6,20,4,"[5, 5, 5, 5]","[[1, 8, 10, 12, 13], [9, 11, 13, 14, 15], [2, 2, 2, 5, 5], [2, 4, 4, 5, 7]]",1.5,1.5,1.5,0.375,1,3,PP,uniform_600s,4,4,2,2,"[[1, 2, 2], [2, 2, 1], [2, 2, 1], [2, 2, 1]]",12,54,150,0.64,0.004607,20,3.7,74,26.5,530,600.0,12,OPTIMAL,7.3,146.0,146.0,0.0,0.07690787315368652,0.004563165828585625,0.08152161606455517,1465.0,0.0008130073547363281,5,OPTIMAL,7.3,0.0,1.44992995262146,7.3,uniform_600s,7.3,7.3,0.0,True,26.5,True,True,True
N20_lambda1p5_rep006_seed4984636862325327806,4984636862325327806,6,20,4,"[5, 5, 5, 5]","[[1, 8, 10, 12, 13], [9, 11, 13, 14, 15], [2, 2, 2, 5, 5], [2, 4, 4, 5, 7]]",1.5,1.5,1.5,0.375,1,3,PP,uniform_600s,4,4,4,4,"[[1, 4], [4, 1], [4, 1], [4, 1]]",8,24,150,0.84,0.001758,20,5.05,101,39.75,795,600.0,12,OPTIMAL,7.3,146.0,145.99999999999818,0.0,0.023441791534423828,0.003968627192080021,0.027461307717605115,187.0,0.00018596649169921875,4,OPTIMAL,7.3,0.0,1.44992995262146,7.3,uniform_600s,7.3,7.3,0.0,True,39.75,True,True,True
N20_lambda1p5_rep006_seed4984636862325327806,4984636862325327806,6,20,4,"[5, 5, 5, 5]","[[1, 8, 10, 12, 13], [9, 11, 13, 14, 15], [2, 2, 2, 5, 5], [2, 4, 4, 5, 7]]",1.5,1.5,1.5,0.375,1,3,PP,uniform_600s,4,4,6,6,"[[1, 4], [5], [5], [5]]",5,9,150,0.94,0.001678,20,5.65,113,42.4,848,600.0,12,OPTIMAL,7.3,146.0,146.0,0.0,0.0037682056427001953,0.003620460629463196,0.007438877354171753,1.0,0.000514984130859375,2,OPTIMAL,7.3,0.0,1.44992995262146,7.3,uniform_600s,7.3,7.3,0.0,True,42.4,True,True,True
N20_lambda1p5_rep006_seed4984636862325327806,4984636862325327806,6,20,4,"[5, 5, 5, 5]","[[1, 8, 10, 12, 13], [9, 11, 13, 14, 15], [2, 2, 2, 5, 5], [2, 4, 4, 5, 7]]",1.5,1.5,1.5,0.375,1,3,PP,uniform_600s,4,4,8,8,"[[1, 4], [5], [5], [5]]",5,9,150,0.94,0.0016825,20,5.65,113,45.05,901,600.0,12,OPTIMAL,7.3,146.0,146.0,0.0,0.004096031188964844,0.0035995393991470337,0.007746386873180866,1.0,0.0004851818084716797,2,OPTIMAL,7.3,0.0,1.44992995262146,7.3,uniform_600s,7.3,7.3,0.0,True,45.05,True,True,True
N20_lambda1p5_rep006_seed4984636862325327806,4984636862325327806,6,20,4,"[5, 5, 5, 5]","[[1, 8, 10, 12, 13], [9, 11, 13, 14, 15], [2, 2, 2, 5, 5], [2, 4, 4, 5, 7]]",1.5,1.5,1.5,0.375,1,3,PP,uniform_600s,6,6,2,2,"[[1, 2, 2], [2, 2, 1], [2, 2, 1], [2, 2, 1]]",12,54,150,0.64,0.001602,20,3.7,74,45.5,910,600.0,12,OPTIMAL,7.3,146.0,146.0,0.0,0.07667899131774902,0.004079725593328476,0.08080763661712599,1465.0,0.0008549690246582031,5,OPTIMAL,7.3,0.0,1.44992995262146,7.3,uniform_600s,7.3,7.3,0.0,True,45.5,True,True,True
N20_lambda1p5_rep006_seed4984636862325327806,4984636862325327806,6,20,4,"[5, 5, 5, 5]","[[1, 8, 10, 12, 13], [9, 11, 13, 14, 15], [2, 2, 2, 5, 5], [2, 4, 4, 5, 7]]",1.5,1.5,1.5,0.375,1,3,PP,uniform_600s,6,6,4,4,"[[1, 4], [4, 1], [4, 1], [4, 1]]",8,24,150,0.84,0.004307,20,5.05,101,68.25,1365,600.0,12,OPTIMAL,7.3,146.0,145.99999999999818,0.0,0.02271413803100586,0.004055678844451904,0.026822376629371165,187.0,0.00018596649169921875,4,OPTIMAL,7.3,0.0,1.44992995262146,7.3,uniform_600s,7.3,7.3,0.0,True,68.25,True,True,True
N20_lambda1p5_rep006_seed4984636862325327806,4984636862325327806,6,20,4,"[5, 5, 5, 5]","[[1, 8, 10, 12, 13], [9, 11, 13, 14, 15], [2, 2, 2, 5, 5], [2, 4, 4, 5, 7]]",1.5,1.5,1.5,0.375,1,3,PP,uniform_600s,6,6,6,6,"[[1, 4], [5], [5], [5]]",5,9,150,0.94,0.004492,20,5.65,113,72.8,1456,600.0,12,OPTIMAL,7.3,146.0,146.0,0.0,0.003717184066772461,0.00391686987131834,0.007686471797780514,1.0,0.000514984130859375,2,OPTIMAL,7.3,0.0,1.44992995262146,7.3,uniform_600s,7.3,7.3,0.0,True,72.8,True,True,True
N20_lambda1p5_rep006_seed4984636862325327806,4984636862325327806,6,20,4,"[5, 5, 5, 5]","[[1, 8, 10, 12, 13], [9, 11, 13, 14, 15], [2, 2, 2, 5, 5], [2, 4, 4, 5, 7]]",1.5,1.5,1.5,0.375,1,3,PP,uniform_600s,6,6,8,8,"[[1, 4], [5], [5], [5]]",5,9,150,0.94,0.0041715,20,5.65,113,77.35,1547,600.0,12,OPTIMAL,7.3,146.0,146.0,0.0,0.0037488937377929688,0.00401262566447258,0.007813344815763474,1.0,0.0004980564117431641,2,OPTIMAL,7.3,0.0,1.44992995262146,7.3,uniform_600s,7.3,7.3,0.0,True,77.35,True,True,True
N20_lambda1p5_rep006_seed4984636862325327806,4984636862325327806,6,20,4,"[5, 5, 5, 5]","[[1, 8, 10, 12, 13], [9, 11, 13, 14, 15], [2, 2, 2, 5, 5], [2, 4, 4, 5, 7]]",1.5,1.5,1.5,0.375,1,3,PP,uniform_600s,8,8,2,2,"[[2, 2, 1], [2, 2, 1], [2, 2, 1], [2, 2, 1]]",12,54,150,0.64,0.004787,20,9.15,183,64.5,1290,600.0,12,OPTIMAL,7.3,146.0,146.0,0.0,0.05680584907531738,0.004750609397888184,0.061607158744811534,710.0,0.0008368492126464844,4,OPTIMAL,7.3,0.0,1.44992995262146,7.3,uniform_600s,7.3,7.3,0.0,True,64.5,True,True,True
N20_lambda1p5_rep006_seed4984636862325327806,4984636862325327806,6,20,4,"[5, 5, 5, 5]","[[1, 8, 10, 12, 13], [9, 11, 13, 14, 15], [2, 2, 2, 5, 5], [2, 4, 4, 5, 7]]",1.5,1.5,1.5,0.375,1,3,PP,uniform_600s,8,8,4,4,"[[4, 1], [4, 1], [4, 1], [4, 1]]",8,24,150,0.84,0.004592,20,10.55,211,96.75,1935,600.0,12,OPTIMAL,7.3,146.0,145.99999999998448,0.0,0.01977086067199707,0.004187108017504215,0.0240119943604393,97.0,0.0001900196075439453,8,OPTIMAL,7.3,0.0,1.44992995262146,7.3,uniform_600s,7.3,7.3,0.0,True,96.75,True,True,True
N20_lambda1p5_rep006_seed4984636862325327806,4984636862325327806,6,20,4,"[5, 5, 5, 5]","[[1, 8, 10, 12, 13], [9, 11, 13, 14, 15], [2, 2, 2, 5, 5], [2, 4, 4, 5, 7]]",1.5,1.5,1.5,0.375,1,3,PP,uniform_600s,8,8,6,6,"[[5], [5], [5], [5]]",4,6,150,0.96,0.004522,20,11.15,223,103.2,2064,600.0,12,OPTIMAL,7.3,146.0,146.0,0.0,0.002377033233642578,0.0038160383701324463,0.006245274525627613,1.0,0.0004718303680419922,2,OPTIMAL,7.3,0.0,1.44992995262146,7.3,uniform_600s,7.3,7.3,0.0,True,103.2,True,True,True
N20_lambda1p5_rep006_seed4984636862325327806,4984636862325327806,6,20,4,"[5, 5, 5, 5]","[[1, 8, 10, 12, 13], [9, 11, 13, 14, 15], [2, 2, 2, 5, 5], [2, 4, 4, 5, 7]]",1.5,1.5,1.5,0.375,1,3,PP,uniform_600s,8,8,8,8,"[[5], [5], [5], [5]]",4,6,150,0.96,0.004131,20,11.15,223,109.65,2193,600.0,12,OPTIMAL,7.3,146.0,146.0,0.0,0.002613067626953125,0.004035238176584244,0.006700611326354504,1.0,0.0004520416259765625,2,OPTIMAL,7.3,0.0,1.44992995262146,7.3,uniform_600s,7.3,7.3,0.0,True,109.65,True,True,True
N20_lambda1p5_rep007_seed18365786641166893659,18365786641166893659,7,20,4,"[5, 5, 5, 5]","[[2, 3, 6, 10, 10], [1, 2, 6, 8, 11], [7, 20, 26, 27, 31], [7, 10, 11, 26, 28]]",1.5,1.5,1.5,0.375,1,3,PP,uniform_600s,2,2,2,2,"[[2, 1, 2], [2, 2, 1], [1, 1, 2, 1], [1, 2, 2]]",13,63,150,0.5800000000000001,0.004322,20,1.25,25,7.5,150,600.0,12,OPTIMAL,4.4,88.0,88.0,0.0,0.05617380142211914,0.0050223711878061295,0.06125116600856495,537.0,0.0009999275207519531,10,OPTIMAL,4.4,0.0,0.304426908493042,4.4,uniform_600s,4.4,4.4,0.0,True,7.5,True,True,True
N20_lambda1p5_rep007_seed18365786641166893659,18365786641166893659,7,20,4,"[5, 5, 5, 5]","[[2, 3, 6, 10, 10], [1, 2, 6, 8, 11], [7, 20, 26, 27, 31], [7, 10, 11, 26, 28]]",1.5,1.5,1.5,0.375,1,3,PP,uniform_600s,2,2,4,4,"[[2, 1, 2], [2, 2, 1], [1, 1, 2, 1], [1, 2, 2]]",13,63,150,0.5800000000000001,0.004267,20,1.25,25,11.25,225,600.0,12,OPTIMAL,4.4,88.0,88.0,0.0,0.05689406394958496,0.00488649494946003,0.061837257497350695,537.0,0.0010161399841308594,10,OPTIMAL,4.4,0.0,0.304426908493042,4.4,uniform_600s,4.4,4.4,0.0,True,11.25,True,True,True
N20_lambda1p5_rep007_seed18365786641166893659,18365786641166893659,7,20,4,"[5, 5, 5, 5]","[[2, 3, 6, 10, 10], [1, 2, 6, 8, 11], [7, 20, 26, 27, 31], [7, 10, 11, 26, 28]]",1.5,1.5,1.5,0.375,1,3,PP,uniform_600s,2,2,6,6,"[[2, 1, 2], [2, 2, 1], [1, 1, 2, 1], [1, 2, 2]]",13,63,150,0.5800000000000001,0.0042965,20,1.25,25,12.0,240,600.0,12,OPTIMAL,4.4,88.0,88.0,0.0,0.05748486518859863,0.005112806335091591,0.0626516270746913,537.0,0.0010228157043457031,10,OPTIMAL,4.4,0.0,0.304426908493042,4.4,uniform_600s,4.4,4.4,0.0,True,12.0,True,True,True
N20_lambda1p5_rep007_seed18365786641166893659,18365786641166893659,7,20,4,"[5, 5, 5, 5]","[[2, 3, 6, 10, 10], [1, 2, 6, 8, 11], [7, 20, 26, 27, 31], [7, 10, 11, 26, 28]]",1.5,1.5,1.5,0.375,1,3,PP,uniform_600s,2,2,8,8,"[[2, 1, 2], [2, 2, 1], [1, 1, 2, 1], [1, 2, 2]]",13,63,150,0.5800000000000001,0.0017375,20,1.25,25,12.75,255,600.0,12,OPTIMAL,4.4,88.0,88.0,0.0,0.05679488182067871,0.005424028262495995,0.062270656811463834,537.0,0.0010159015655517578,10,OPTIMAL,4.4,0.0,0.304426908493042,4.4,uniform_600s,4.4,4.4,0.0,True,12.75,True,True,True
N20_lambda1p5_rep007_seed18365786641166893659,18365786641166893659,7,20,4,"[5, 5, 5, 5]","[[2, 3, 6, 10, 10], [1, 2, 6, 8, 11], [7, 20, 26, 27, 31], [7, 10, 11, 26, 28]]",1.5,1.5,1.5,0.375,1,3,PP,uniform_600s,4,4,2,2,"[[2, 2, 1], [2, 2, 1], [1, 1, 2, 1], [2, 1, 2]]",13,63,150,0.5800000000000001,0.004632,20,5.3,106,26.5,530,600.0,12,OPTIMAL,4.6,92.0,92.0,0.0,0.05414009094238281,0.0046757664531469345,0.05886607111629915,409.0,0.00016307830810546875,5,OPTIMAL,4.4,0.0,0.304426908493042,4.4,uniform_600s,6.6,4.6,0.1999999999999993,True,26.3,True,True,True
N20_lambda1p5_rep007_seed18365786641166893659,18365786641166893659,7,20,4,"[5, 5, 5, 5]","[[2, 3, 6, 10, 10], [1, 2, 6, 8, 11], [7, 20, 26, 27, 31], [7, 10, 11, 26, 28]]",1.5,1.5,1.5,0.375,1,3,PP,uniform_600s,4,4,4,4,"[[4, 1], [4, 1], [1, 1, 3], [3, 2]]",9,30,150,0.8,0.0042965,20,11.6,232,39.75,795,600.0,12,OPTIMAL,6.0,120.0,120.0,0.0,0.018648147583007812,0.004192826338112354,0.022895542282375336,172.0,0.00017309188842773438,6,OPTIMAL,4.4,0.0,0.304426908493042,4.4,uniform_600s,6.6,6.0,1.5999999999999996,True,38.15,True,True,True
N20_lambda1p5_rep007_seed18365786641166893659,18365786641166893659,7,20,4,"[5, 5, 5, 5]","[[2, 3, 6, 10, 10], [1, 2, 6, 8, 11], [7, 20, 26, 27, 31], [7, 10, 11, 26, 28]]",1.5,1.5,1.5,0.375,1,3,PP,uniform_600s,4,4,6,6,"[[5], [5], [1, 1, 3], [3, 2]]",7,17,150,0.8866666666666667,0.001758,20,13.0,260,42.4,848,600.0,12,OPTIMAL,6.6,132.0,131.9999999999926,0.0,0.006707906723022461,0.0037759868428111076,0.010534135287745475,1.0,0.0005879402160644531,7,OPTIMAL,4.4,0.0,0.304426908493042,4.4,uniform_600s,6.6,6.6,2.1999999999999993,True,40.2,True,True,True
N20_lambda1p5_rep007_seed18365786641166893659,18365786641166893659,7,20,4,"[5, 5, 5, 5]","[[2, 3, 6, 10, 10], [1, 2, 6, 8, 11], [7, 20, 26, 27, 31], [7, 10, 11, 26, 28]]",1.5,1.5,1.5,0.375,1,3,PP,uniform_600s,4,4,8,8,"[[5], [5], [1, 1, 3], [3, 2]]",7,17,150,0.8866666666666667,0.0017225,20,13.0,260,45.05,901,600.0,12,OPTIMAL,6.6,132.0,131.9999999999926,0.0,0.006537914276123047,0.0037609441205859184,0.010349803157422543,1.0,0.0005459785461425781,7,OPTIMAL,4.4,0.0,0.304426908493042,4.4,uniform_600s,6.6,6.6,2.1999999999999993,True,42.849999999999994,True,True,True
N20_lambda1p5_rep007_seed18365786641166893659,18365786641166893659,7,20,4,"[5, 5, 5, 5]","[[2, 3, 6, 10, 10], [1, 2, 6, 8, 11], [7, 20, 26, 27, 31], [7, 10, 11, 26, 28]]",1.5,1.5,1.5,0.375,1,3,PP,uniform_600s,6,6,2,2,"[[2, 2, 1], [2, 2, 1], [1, 2, 2], [2, 1, 2]]",12,54,150,0.64,0.004026,20,11.8,236,45.5,910,600.0,12,OPTIMAL,4.8,96.0,96.0,0.0,0.03942990303039551,0.004921287298202515,0.044400073480404374,238.0,0.0007679462432861328,5,OPTIMAL,4.4,0.0,0.304426908493042,4.4,uniform_600s,6.6,4.8,0.39999999999999947,True,45.1,True,True,True
N20_lambda1p5_rep007_seed18365786641166893659,18365786641166893659,7,20,4,"[5, 5, 5, 5]","[[2, 3, 6, 10, 10], [1, 2, 6, 8, 11], [7, 20, 26, 27, 31], [7, 10, 11, 26, 28]]",1.5,1.5,1.5,0.375,1,3,PP,uniform_600s,6,6,4,4,"[[4, 1], [4, 1], [1, 4], [3, 2]]",8,24,150,0.84,0.0017475,20,15.9,318,68.25,1365,600.0,12,OPTIMAL,6.0,120.0,120.0,0.0,0.017065048217773438,0.003949768841266632,0.021066212434170246,111.0,0.00017690658569335938,6,OPTIMAL,4.4,0.0,0.304426908493042,4.4,uniform_600s,6.6,6.0,1.5999999999999996,True,66.65,True,True,True
N20_lambda1p5_rep007_seed18365786641166893659,18365786641166893659,7,20,4,"[5, 5, 5, 5]","[[2, 3, 6, 10, 10], [1, 2, 6, 8, 11], [7, 20, 26, 27, 31], [7, 10, 11, 26, 28]]",1.5,1.5,1.5,0.375,1,3,PP,uniform_600s,6,6,6,6,"[[5], [5], [1, 4], [3, 2]]",6,13,150,0.9133333333333333,0.0017225,20,17.3,346,72.8,1456,600.0,12,OPTIMAL,6.6,132.0,132.0,0.0,0.004903078079223633,0.003699120134115219,0.00865178510573864,1.0,0.0001499652862548828,3,OPTIMAL,4.4,0.0,0.304426908493042,4.4,uniform_600s,6.6,6.6,2.1999999999999993,True,70.6,True,True,True
N20_lambda1p5_rep007_seed18365786641166893659,18365786641166893659,7,20,4,"[5, 5, 5, 5]","[[2, 3, 6, 10, 10], [1, 2, 6, 8, 11], [7, 20, 26, 27, 31], [7, 10, 11, 26, 28]]",1.5,1.5,1.5,0.375,1,3,PP,uniform_600s,6,6,8,8,"[[5], [5], [1, 4], [3, 2]]",6,13,150,0.9133333333333333,0.0042315,20,17.3,346,77.35,1547,600.0,12,OPTIMAL,6.6,132.0,132.0,0.0,0.004791975021362305,0.0036895163357257843,0.008533862920969963,1.0,0.00015091896057128906,3,OPTIMAL,4.4,0.0,0.304426908493042,4.4,uniform_600s,6.6,6.6,2.1999999999999993,True,75.14999999999999,True,True,True
N20_lambda1p5_rep007_seed18365786641166893659,18365786641166893659,7,20,4,"[5, 5, 5, 5]","[[2, 3, 6, 10, 10], [1, 2, 6, 8, 11], [7, 20, 26, 27, 31], [7, 10, 11, 26, 28]]",1.5,1.5,1.5,0.375,1,3,PP,uniform_600s,8,8,2,2,"[[2, 2, 1], [2, 2, 1], [1, 2, 2], [2, 1, 2]]",12,54,150,0.64,0.004772,20,11.8,236,64.5,1290,600.0,12,OPTIMAL,4.8,96.0,96.0,0.0,0.038823843002319336,0.004478037357330322,0.043360527507946015,238.0,0.0008008480072021484,5,OPTIMAL,4.4,0.0,0.304426908493042,4.4,uniform_600s,6.6,4.8,0.39999999999999947,True,64.1,True,True,True
N20_lambda1p5_rep007_seed18365786641166893659,18365786641166893659,7,20,4,"[5, 5, 5, 5]","[[2, 3, 6, 10, 10], [1, 2, 6, 8, 11], [7, 20, 26, 27, 31], [7, 10, 11, 26, 28]]",1.5,1.5,1.5,0.375,1,3,PP,uniform_600s,8,8,4,4,"[[4, 1], [4, 1], [1, 4], [3, 2]]",8,24,150,0.84,0.0015525,20,15.9,318,96.75,1935,600.0,12,OPTIMAL,6.0,120.0,120.0,0.0,0.017585039138793945,0.003777078352868557,0.021407924577763082,111.0,0.00015211105346679688,6,OPTIMAL,4.4,0.0,0.304426908493042,4.4,uniform_600s,6.6,6.0,1.5999999999999996,True,95.15,True,True,True
N20_lambda1p5_rep007_seed18365786641166893659,18365786641166893659,7,20,4,"[5, 5, 5, 5]","[[2, 3, 6, 10, 10], [1, 2, 6, 8, 11], [7, 20, 26, 27, 31], [7, 10, 11, 26, 28]]",1.5,1.5,1.5,0.375,1,3,PP,uniform_600s,8,8,6,6,"[[5], [5], [1, 4], [3, 2]]",6,13,150,0.9133333333333333,0.0016925,20,17.3,346,103.2,2064,600.0,12,OPTIMAL,6.6,132.0,132.0,0.0,0.004806995391845703,0.003690688870847225,0.008547668632154466,1.0,0.00015616416931152344,3,OPTIMAL,4.4,0.0,0.304426908493042,4.4,uniform_600s,6.6,6.6,2.1999999999999993,True,101.0,True,True,True
N20_lambda1p5_rep007_seed18365786641166893659,18365786641166893659,7,20,4,"[5, 5, 5, 5]","[[2, 3, 6, 10, 10], [1, 2, 6, 8, 11], [7, 20, 26, 27, 31], [7, 10, 11, 26, 28]]",1.5,1.5,1.5,0.375,1,3,PP,uniform_600s,8,8,8,8,"[[5], [5], [1, 4], [3, 2]]",6,13,150,0.9133333333333333,0.004502,20,17.3,346,109.65,2193,600.0,12,OPTIMAL,6.6,132.0,132.0,0.0,0.005357027053833008,0.004137583076953888,0.00954663286515665,1.0,0.0001499652862548828,3,OPTIMAL,4.4,0.0,0.304426908493042,4.4,uniform_600s,6.6,6.6,2.1999999999999993,True,107.45,True,True,True
N20_lambda1p5_rep008_seed12350295284827570672,12350295284827570672,8,20,4,"[5, 5, 5, 5]","[[1, 2, 4, 5, 19], [1, 4, 5, 8, 11], [2, 3, 6, 8, 11], [4, 7, 7, 8, 13]]",1.5,1.5,1.5,0.375,1,3,PP,uniform_600s,2,2,2,2,"[[2, 2, 1], [1, 2, 1, 1], [2, 2, 1], [1, 2, 1, 1]]",14,73,150,0.5133333333333333,0.001813,20,0.65,13,7.5,150,600.0,12,OPTIMAL,8.35,167.0,167.0,0.0,0.21361780166625977,0.005237997509539127,0.21890980535552548,7062.0,0.0011718273162841797,10,OPTIMAL,8.35,0.0,13.314470052719116,8.35,uniform_600s,8.35,8.35,0.0,True,7.5,True,True,True
N20_lambda1p5_rep008_seed12350295284827570672,12350295284827570672,8,20,4,"[5, 5, 5, 5]","[[1, 2, 4, 5, 19], [1, 4, 5, 8, 11], [2, 3, 6, 8, 11], [4, 7, 7, 8, 13]]",1.5,1.5,1.5,0.375,1,3,PP,uniform_600s,2,2,4,4,"[[4, 1], [1, 2, 1, 1], [2, 2, 1], [1, 3, 1]]",12,53,150,0.6466666666666667,0.0017975,20,1.35,27,11.25,225,600.0,12,OPTIMAL,8.35,167.0,167.0,0.0,0.0833740234375,0.004821748472750187,0.08825263385747432,2743.0,0.000988006591796875,4,OPTIMAL,8.35,0.0,13.314470052719116,8.35,uniform_600s,8.35,8.35,0.0,True,11.25,True,True,True
N20_lambda1p5_rep008_seed12350295284827570672,12350295284827570672,8,20,4,"[5, 5, 5, 5]","[[1, 2, 4, 5, 19], [1, 4, 5, 8, 11], [2, 3, 6, 8, 11], [4, 7, 7, 8, 13]]",1.5,1.5,1.5,0.375,1,3,PP,uniform_600s,2,2,6,6,"[[4, 1], [1, 2, 1, 1], [2, 2, 1], [1, 3, 1]]",12,53,150,0.6466666666666667,0.0017525,20,1.35,27,12.0,240,600.0,12,OPTIMAL,8.35,167.0,167.0,0.0,0.08357787132263184,0.004735296592116356,0.08836559926396846,2743.0,0.0009799003601074219,4,OPTIMAL,8.35,0.0,13.314470052719116,8.35,uniform_600s,8.35,8.35,0.0,True,12.0,True,True,True
N20_lambda1p5_rep008_seed12350295284827570672,12350295284827570672,8,20,4,"[5, 5, 5, 5]","[[1, 2, 4, 5, 19], [1, 4, 5, 8, 11], [2, 3, 6, 8, 11], [4, 7, 7, 8, 13]]",1.5,1.5,1.5,0.375,1,3,PP,uniform_600s,2,2,8,8,"[[4, 1], [1, 2, 1, 1], [2, 2, 1], [1, 3, 1]]",12,53,150,0.6466666666666667,0.0041815,20,1.35,27,12.75,255,600.0,12,OPTIMAL,8.35,167.0,167.0,0.0,0.0834970474243164,0.0048119425773620605,0.08836368178151274,2743.0,0.0010001659393310547,4,OPTIMAL,8.35,0.0,13.314470052719116,8.35,uniform_600s,8.35,8.35,0.0,True,12.75,True,True,True
N20_lambda1p5_rep008_seed12350295284827570672,12350295284827570672,8,20,4,"[5, 5, 5, 5]","[[1, 2, 4, 5, 19], [1, 4, 5, 8, 11], [2, 3, 6, 8, 11], [4, 7, 7, 8, 13]]",1.5,1.5,1.5,0.375,1,3,PP,uniform_600s,4,4,2,2,"[[2, 2, 1], [2, 2, 1], [2, 2, 1], [2, 2, 1]]",12,54,150,0.64,0.0047275,20,5.55,111,26.5,530,600.0,12,OPTIMAL,8.35,167.0,167.0,0.0,0.10588479042053223,0.005134479142725468,0.1110693329148674,3828.0,0.0008299350738525391,10,OPTIMAL,8.35,0.0,13.314470052719116,8.35,uniform_600s,8.35,8.35,0.0,True,26.5,True,True,True
N20_lambda1p5_rep008_seed12350295284827570672,12350295284827570672,8,20,4,"[5, 5, 5, 5]","[[1, 2, 4, 5, 19], [1, 4, 5, 8, 11], [2, 3, 6, 8, 11], [4, 7, 7, 8, 13]]",1.5,1.5,1.5,0.375,1,3,PP,uniform_600s,4,4,4,4,"[[4, 1], [4, 1], [4, 1], [4, 1]]",8,24,150,0.84,0.001773,20,7.85,157,39.75,795,600.0,12,OPTIMAL,8.35,167.0,167.0,0.0,0.0195620059967041,0.004080397076904774,0.023693509161708832,104.0,0.0007369518280029297,7,OPTIMAL,8.35,0.0,13.314470052719116,8.35,uniform_600s,8.35,8.35,0.0,True,39.75,True,True,True
N20_lambda1p5_rep008_seed12350295284827570672,12350295284827570672,8,20,4,"[5, 5, 5, 5]","[[1, 2, 4, 5, 19], [1, 4, 5, 8, 11], [2, 3, 6, 8, 11], [4, 7, 7, 8, 13]]",1.5,1.5,1.5,0.375,1,3,PP,uniform_600s,4,4,6,6,"[[4, 1], [5], [5], [4, 1]]",6,13,150,0.9133333333333333,0.001713,20,10.65,213,42.4,848,600.0,12,OPTIMAL,8.35,167.0,166.99999999999454,0.0,0.005608081817626953,0.003725901246070862,0.009390692524374009,1.0,0.0001571178436279297,3,OPTIMAL,8.35,0.0,13.314470052719116,8.35,uniform_600s,8.35,8.35,0.0,True,42.4,True,True,True
N20_lambda1p5_rep008_seed12350295284827570672,12350295284827570672,8,20,4,"[5, 5, 5, 5]","[[1, 2, 4, 5, 19], [1, 4, 5, 8, 11], [2, 3, 6, 8, 11], [4, 7, 7, 8, 13]]",1.5,1.5,1.5,0.375,1,3,PP,uniform_600s,4,4,8,8,"[[4, 1], [5], [5], [4, 1]]",6,13,150,0.9133333333333333,0.0017325,20,10.65,213,45.05,901,600.0,12,OPTIMAL,8.35,167.0,166.99999999999454,0.0,0.005305051803588867,0.003705419600009918,0.00906045293222189,1.0,0.00015616416931152344,3,OPTIMAL,8.35,0.0,13.314470052719116,8.35,uniform_600s,8.35,8.35,0.0,True,45.05,True,True,True
N20_lambda1p5_rep008_seed12350295284827570672,12350295284827570672,8,20,4,"[5, 5, 5, 5]","[[1, 2, 4, 5, 19], [1, 4, 5, 8, 11], [2, 3, 6, 8, 11], [4, 7, 7, 8, 13]]",1.5,1.5,1.5,0.375,1,3,PP,uniform_600s,6,6,2,2,"[[2, 2, 1], [2, 2, 1], [2, 2, 1], [2, 2, 1]]",12,54,150,0.64,0.004772,20,5.55,111,45.5,910,600.0,12,OPTIMAL,8.35,167.0,167.0,0.0,0.10565185546875,0.004695176146924496,0.11039732200650883,3828.0,0.0008339881896972656,10,OPTIMAL,8.35,0.0,13.314470052719116,8.35,uniform_600s,8.35,8.35,0.0,True,45.5,True,True,True
N20_lambda1p5_rep008_seed12350295284827570672,12350295284827570672,8,20,4,"[5, 5, 5, 5]","[[1, 2, 4, 5, 19], [1, 4, 5, 8, 11], [2, 3, 6, 8, 11], [4, 7, 7, 8, 13]]",1.5,1.5,1.5,0.375,1,3,PP,uniform_600s,6,6,4,4,"[[4, 1], [4, 1], [4, 1], [4, 1]]",8,24,150,0.84,0.004587,20,7.85,157,68.25,1365,600.0,12,OPTIMAL,8.35,167.0,167.0,0.0,0.018980979919433594,0.004277614876627922,0.02331176144419861,104.0,0.0007128715515136719,7,OPTIMAL,8.35,0.0,13.314470052719116,8.35,uniform_600s,8.35,8.35,0.0,True,68.25,True,True,True
N20_lambda1p5_rep008_seed12350295284827570672,12350295284827570672,8,20,4,"[5, 5, 5, 5]","[[1, 2, 4, 5, 19], [1, 4, 5, 8, 11], [2, 3, 6, 8, 11], [4, 7, 7, 8, 13]]",1.5,1.5,1.5,0.375,1,3,PP,uniform_600s,6,6,6,6,"[[4, 1], [5], [5], [5]]",5,9,150,0.94,0.0016875,20,13.65,273,72.8,1456,600.0,12,OPTIMAL,8.35,167.0,167.0,0.0,0.003796100616455078,0.0035871723666787148,0.007433419059336185,1.0,0.0004730224609375,3,OPTIMAL,8.35,0.0,13.314470052719116,8.35,uniform_600s,8.35,8.35,0.0,True,72.8,True,True,True
N20_lambda1p5_rep008_seed12350295284827570672,12350295284827570672,8,20,4,"[5, 5, 5, 5]","[[1, 2, 4, 5, 19], [1, 4, 5, 8, 11], [2, 3, 6, 8, 11], [4, 7, 7, 8, 13]]",1.5,1.5,1.5,0.375,1,3,PP,uniform_600s,6,6,8,8,"[[4, 1], [5], [5], [5]]",5,9,150,0.94,0.001667,20,13.65,273,77.35,1547,600.0,12,OPTIMAL,8.35,167.0,167.0,0.0,0.0036339759826660156,0.003586971201002598,0.007271032713000298,1.0,0.00045299530029296875,3,OPTIMAL,8.35,0.0,13.314470052719116,8.35,uniform_600s,8.35,8.35,0.0,True,77.35,True,True,True
N20_lambda1p5_rep008_seed12350295284827570672,12350295284827570672,8,20,4,"[5, 5, 5, 5]","[[1, 2, 4, 5, 19], [1, 4, 5, 8, 11], [2, 3, 6, 8, 11], [4, 7, 7, 8, 13]]",1.5,1.5,1.5,0.375,1,3,PP,uniform_600s,8,8,2,2,"[[2, 2, 1], [2, 2, 1], [2, 2, 1], [2, 2, 1]]",12,54,150,0.64,0.001583,20,5.55,111,64.5,1290,600.0,12,OPTIMAL,8.35,167.0,167.0,0.0,0.10542893409729004,0.004208260215818882,0.10968663332360554,3828.0,0.0008299350738525391,10,OPTIMAL,8.35,0.0,13.314470052719116,8.35,uniform_600s,8.35,8.35,0.0,True,64.5,True,True,True
N20_lambda1p5_rep008_seed12350295284827570672,12350295284827570672,8,20,4,"[5, 5, 5, 5]","[[1, 2, 4, 5, 19], [1, 4, 5, 8, 11], [2, 3, 6, 8, 11], [4, 7, 7, 8, 13]]",1.5,1.5,1.5,0.375,1,3,PP,uniform_600s,8,8,4,4,"[[4, 1], [4, 1], [4, 1], [4, 1]]",8,24,150,0.84,0.004361,20,7.85,157,96.75,1935,600.0,12,OPTIMAL,8.35,167.0,167.0,0.0,0.01939702033996582,0.004153527319431305,0.02360463849091387,104.0,0.000720977783203125,7,OPTIMAL,8.35,0.0,13.314470052719116,8.35,uniform_600s,8.35,8.35,0.0,True,96.75,True,True,True
N20_lambda1p5_rep008_seed12350295284827570672,12350295284827570672,8,20,4,"[5, 5, 5, 5]","[[1, 2, 4, 5, 19], [1, 4, 5, 8, 11], [2, 3, 6, 8, 11], [4, 7, 7, 8, 13]]",1.5,1.5,1.5,0.375,1,3,PP,uniform_600s,8,8,6,6,"[[4, 1], [5], [5], [5]]",5,9,150,0.94,0.001757,20,13.65,273,103.2,2064,600.0,12,OPTIMAL,8.35,167.0,167.0,0.0,0.0035669803619384766,0.00363064743578434,0.007248419862598896,1.0,0.0004620552062988281,3,OPTIMAL,8.35,0.0,13.314470052719116,8.35,uniform_600s,8.35,8.35,0.0,True,103.2,True,True,True
N20_lambda1p5_rep008_seed12350295284827570672,12350295284827570672,8,20,4,"[5, 5, 5, 5]","[[1, 2, 4, 5, 19], [1, 4, 5, 8, 11], [2, 3, 6, 8, 11], [4, 7, 7, 8, 13]]",1.5,1.5,1.5,0.375,1,3,PP,uniform_600s,8,8,8,8,"[[4, 1], [5], [5], [5]]",5,9,150,0.94,0.0016675,20,13.65,273,109.65,2193,600.0,12,OPTIMAL,8.35,167.0,167.0,0.0,0.0036270618438720703,0.0036057690158486366,0.007282541566054821,1.0,0.0004570484161376953,3,OPTIMAL,8.35,0.0,13.314470052719116,8.35,uniform_600s,8.35,8.35,0.0,True,109.65,True,True,True
N20_lambda1p5_rep009_seed6596342129727362232,6596342129727362232,9,20,4,"[5, 5, 5, 5]","[[1, 2, 2, 3, 8], [1, 1, 1, 2, 4], [1, 15, 19, 24, 29], [5, 7, 10, 16, 18]]",1.5,1.5,1.5,0.375,1,3,PP,uniform_600s,2,2,2,2,"[[2, 2, 1], [2, 2, 1], [1, 1, 1, 1, 1], [2, 1, 2]]",14,72,150,0.52,0.001753,20,1.35,27,7.5,150,600.0,12,OPTIMAL,5.2,104.0,104.0,0.0,0.08083701133728027,0.004949971102178097,0.08583857051042604,819.0,0.0010828971862792969,5,OPTIMAL,5.2,0.0,0.4362969398498535,5.2,uniform_600s,5.2,5.2,0.0,True,7.5,True,True,True
N20_lambda1p5_rep009_seed6596342129727362232,6596342129727362232,9,20,4,"[5, 5, 5, 5]","[[1, 2, 2, 3, 8], [1, 1, 1, 2, 4], [1, 15, 19, 24, 29], [5, 7, 10, 16, 18]]",1.5,1.5,1.5,0.375,1,3,PP,uniform_600s,2,2,4,4,"[[4, 1], [4, 1], [1, 1, 1, 1, 1], [2, 1, 2]]",12,51,150,0.6599999999999999,0.0048525,20,1.35,27,11.25,225,600.0,12,OPTIMAL,5.2,104.0,104.0,0.0,0.024225950241088867,0.004712332040071487,0.028992543306388854,220.0,0.0009539127349853516,3,OPTIMAL,5.2,0.0,0.4362969398498535,5.2,uniform_600s,5.2,5.2,0.0,True,11.25,True,True,True
N20_lambda1p5_rep009_seed6596342129727362232,6596342129727362232,9,20,4,"[5, 5, 5, 5]","[[1, 2, 2, 3, 8], [1, 1, 1, 2, 4], [1, 15, 19, 24, 29], [5, 7, 10, 16, 18]]",1.5,1.5,1.5,0.375,1,3,PP,uniform_600s,2,2,6,6,"[[4, 1], [5], [1, 1, 1, 1, 1], [2, 1, 2]]",11,41,150,0.7266666666666667,0.004657,20,1.95,39,12.0,240,600.0,12,OPTIMAL,5.2,104.0,104.0,0.0,0.017486095428466797,0.0044763460755348206,0.02201672495871258,104.0,0.0008530616760253906,10,OPTIMAL,5.2,0.0,0.4362969398498535,5.2,uniform_600s,5.2,5.2,0.0,True,12.0,True,True,True
N20_lambda1p5_rep009_seed6596342129727362232,6596342129727362232,9,20,4,"[5, 5, 5, 5]","[[1, 2, 2, 3, 8], [1, 1, 1, 2, 4], [1, 15, 19, 24, 29], [5, 7, 10, 16, 18]]",1.5,1.5,1.5,0.375,1,3,PP,uniform_600s,2,2,8,8,"[[4, 1], [5], [1, 1, 1, 1, 1], [2, 1, 2]]",11,41,150,0.7266666666666667,0.001753,20,1.95,39,12.75,255,600.0,12,OPTIMAL,5.2,104.0,104.0,0.0,0.0174560546875,0.00429525226354599,0.021802751598337174,104.0,0.000843048095703125,10,OPTIMAL,5.2,0.0,0.4362969398498535,5.2,uniform_600s,5.2,5.2,0.0,True,12.75,True,True,True
N20_lambda1p5_rep009_seed6596342129727362232,6596342129727362232,9,20,4,"[5, 5, 5, 5]","[[1, 2, 2, 3, 8], [1, 1, 1, 2, 4], [1, 15, 19, 24, 29], [5, 7, 10, 16, 18]]",1.5,1.5,1.5,0.375,1,3,PP,uniform_600s,4,4,2,2,"[[2, 2, 1], [2, 2, 1], [1, 2, 1, 1], [2, 1, 2]]",13,63,150,0.5800000000000001,0.0045465,20,3.85,77,26.5,530,600.0,12,OPTIMAL,5.2,104.0,104.0,0.0,0.061656951904296875,0.005110562779009342,0.06682214957401418,517.0,0.0009930133819580078,8,OPTIMAL,5.2,0.0,0.4362969398498535,5.2,uniform_600s,5.2,5.2,0.0,True,26.5,True,True,True
N20_lambda1p5_rep009_seed6596342129727362232,6596342129727362232,9,20,4,"[5, 5, 5, 5]","[[1, 2, 2, 3, 8], [1, 1, 1, 2, 4], [1, 15, 19, 24, 29], [5, 7, 10, 16, 18]]",1.5,1.5,1.5,0.375,1,3,PP,uniform_600s,4,4,4,4,"[[4, 1], [4, 1], [1, 2, 1, 1], [3, 2]]",10,36,150,0.76,0.0017075,20,5.45,109,39.75,795,600.0,12,OPTIMAL,5.2,104.0,104.0,0.0,0.018400907516479492,0.004229792393743992,0.02268170417674303,85.0,0.0008249282836914062,3,OPTIMAL,5.2,0.0,0.4362969398498535,5.2,uniform_600s,5.2,5.2,0.0,True,39.75,True,True,True
N20_lambda1p5_rep009_seed6596342129727362232,6596342129727362232,9,20,4,"[5, 5, 5, 5]","[[1, 2, 2, 3, 8], [1, 1, 1, 2, 4], [1, 15, 19, 24, 29], [5, 7, 10, 16, 18]]",1.5,1.5,1.5,0.375,1,3,PP,uniform_600s,4,4,6,6,"[[4, 1], [5], [1, 2, 1, 1], [3, 2]]",9,28,150,0.8133333333333334,0.0017675,20,6.05,121,42.4,848,600.0,12,OPTIMAL,5.2,104.0,104.0,0.0,0.011499881744384766,0.004027797840535641,0.01557921975727558,110.0,0.0001659393310546875,5,OPTIMAL,5.2,0.0,0.4362969398498535,5.2,uniform_600s,5.2,5.2,0.0,True,42.4,True,True,True
N20_lambda1p5_rep009_seed6596342129727362232,6596342129727362232,9,20,4,"[5, 5, 5, 5]","[[1, 2, 2, 3, 8], [1, 1, 1, 2, 4], [1, 15, 19, 24, 29], [5, 7, 10, 16, 18]]",1.5,1.5,1.5,0.375,1,3,PP,uniform_600s,4,4,8,8,"[[4, 1], [5], [1, 2, 1, 1], [3, 2]]",9,28,150,0.8133333333333334,0.001678,20,6.05,121,45.05,901,600.0,12,OPTIMAL,5.2,104.0,104.0,0.0,0.011013984680175781,0.004035178571939468,0.015100036504474163,110.0,0.00017499923706054688,5,OPTIMAL,5.2,0.0,0.4362969398498535,5.2,uniform_600s,5.2,5.2,0.0,True,45.05,True,True,True
N20_lambda1p5_rep009_seed6596342129727362232,6596342129727362232,9,20,4,"[5, 5, 5, 5]","[[1, 2, 2, 3, 8], [1, 1, 1, 2, 4], [1, 15, 19, 24, 29], [5, 7, 10, 16, 18]]",1.5,1.5,1.5,0.375,1,3,PP,uniform_600s,6,6,2,2,"[[2, 2, 1], [2, 2, 1], [1, 2, 2], [2, 2, 1]]",12,54,150,0.64,0.001588,20,10.3,206,45.5,910,600.0,12,OPTIMAL,5.2,104.0,104.0,0.0,0.05147194862365723,0.004273748956620693,0.05579302655720758,315.0,0.00018215179443359375,4,OPTIMAL,5.2,0.0,0.4362969398498535,5.2,uniform_600s,5.2,5.2,0.0,True,45.5,True,True,True
N20_lambda1p5_rep009_seed6596342129727362232,6596342129727362232,9,20,4,"[5, 5, 5, 5]","[[1, 2, 2, 3, 8], [1, 1, 1, 2, 4], [1, 15, 19, 24, 29], [5, 7, 10, 16, 18]]",1.5,1.5,1.5,0.375,1,3,PP,uniform_600s,6,6,4,4,"[[4, 1], [4, 1], [1, 4], [4, 1]]",8,24,150,0.84,0.0047275,20,15.1,302,68.25,1365,600.0,12,OPTIMAL,5.2,104.0,103.9999999999921,0.0,0.011758804321289062,0.0040564509108662605,0.015868693696775436,1.0,0.00015687942504882812,7,OPTIMAL,5.2,0.0,0.4362969398498535,5.2,uniform_600s,5.2,5.2,0.0,True,68.25,True,True,True
N20_lambda1p5_rep009_seed6596342129727362232,6596342129727362232,9,20,4,"[5, 5, 5, 5]","[[1, 2, 2, 3, 8], [1, 1, 1, 2, 4], [1, 15, 19, 24, 29], [5, 7, 10, 16, 18]]",1.5,1.5,1.5,0.375,1,3,PP,uniform_600s,6,6,6,6,"[[5], [5], [1, 4], [5]]",5,9,150,0.94,0.004482,20,19.3,386,72.8,1456,600.0,12,OPTIMAL,5.2,104.0,103.99999999999864,0.0,0.0029311180114746094,0.0037088561803102493,0.006689034878141403,1.0,0.00042891502380371094,7,OPTIMAL,5.2,0.0,0.4362969398498535,5.2,uniform_600s,5.2,5.2,0.0,True,72.8,True,True,True
N20_lambda1p5_rep009_seed6596342129727362232,6596342129727362232,9,20,4,"[5, 5, 5, 5]","[[1, 2, 2, 3, 8], [1, 1, 1, 2, 4], [1, 15, 19, 24, 29], [5, 7, 10, 16, 18]]",1.5,1.5,1.5,0.375,1,3,PP,uniform_600s,6,6,8,8,"[[5], [5], [1, 4], [5]]",5,9,150,0.94,0.001508,20,19.3,386,77.35,1547,600.0,12,OPTIMAL,5.2,104.0,103.99999999999864,0.0,0.0025949478149414062,0.0038582608103752136,0.006498597751064777,1.0,0.00042891502380371094,7,OPTIMAL,5.2,0.0,0.4362969398498535,5.2,uniform_600s,5.2,5.2,0.0,True,77.35,True,True,True
N20_lambda1p5_rep009_seed6596342129727362232,6596342129727362232,9,20,4,"[5, 5, 5, 5]","[[1, 2, 2, 3, 8], [1, 1, 1, 2, 4], [1, 15, 19, 24, 29], [5, 7, 10, 16, 18]]",1.5,1.5,1.5,0.375,1,3,PP,uniform_600s,8,8,2,2,"[[2, 2, 1], [2, 2, 1], [1, 2, 2], [2, 2, 1]]",12,54,150,0.64,0.0015825,20,10.3,206,64.5,1290,600.0,12,OPTIMAL,5.2,104.0,104.0,0.0,0.05121493339538574,0.004123572260141373,0.055390342321653366,315.0,0.00019097328186035156,4,OPTIMAL,5.2,0.0,0.4362969398498535,5.2,uniform_600s,5.2,5.2,0.0,True,64.5,True,True,True
N20_lambda1p5_rep009_seed6596342129727362232,6596342129727362232,9,20,4,"[5, 5, 5, 5]","[[1, 2, 2, 3, 8], [1, 1, 1, 2, 4], [1, 15, 19, 24, 29], [5, 7, 10, 16, 18]]",1.5,1.5,1.5,0.375,1,3,PP,uniform_600s,8,8,4,4,"[[4, 1], [4, 1], [1, 4], [4, 1]]",8,24,150,0.84,0.004552,20,15.1,302,96.75,1935,600.0,12,OPTIMAL,5.2,104.0,103.9999999999921,0.0,0.011070966720581055,0.004544307477772236,0.015668295019104005,1.0,0.00015687942504882812,7,OPTIMAL,5.2,0.0,0.4362969398498535,5.2,uniform_600s,5.2,5.2,0.0,True,96.75,True,True,True
N20_lambda1p5_rep009_seed6596342129727362232,6596342129727362232,9,20,4,"[5, 5, 5, 5]","[[1, 2, 2, 3, 8], [1, 1, 1, 2, 4], [1, 15, 19, 24, 29], [5, 7, 10, 16, 18]]",1.5,1.5,1.5,0.375,1,3,PP,uniform_600s,8,8,6,6,"[[5], [5], [1, 4], [5]]",5,9,150,0.94,0.004502,20,19.3,386,103.2,2064,600.0,12,OPTIMAL,5.2,104.0,103.99999999999864,0.0,0.0027828216552734375,0.003988638520240784,0.0068240677804608345,1.0,0.0004248619079589844,7,OPTIMAL,5.2,0.0,0.4362969398498535,5.2,uniform_600s,5.2,5.2,0.0,True,103.2,True,True,True
N20_lambda1p5_rep009_seed6596342129727362232,6596342129727362232,9,20,4,"[5, 5, 5, 5]","[[1, 2, 2, 3, 8], [1, 1, 1, 2, 4], [1, 15, 19, 24, 29], [5, 7, 10, 16, 18]]",1.5,1.5,1.5,0.375,1,3,PP,uniform_600s,8,8,8,8,"[[5], [5], [1, 4], [5]]",5,9,150,0.94,0.001502,20,19.3,386,109.65,2193,600.0,12,OPTIMAL,5.2,104.0,103.99999999999864,0.0,0.0029778480529785156,0.003376392647624016,0.00640448905548048,1.0,0.0004589557647705078,7,OPTIMAL,5.2,0.0,0.4362969398498535,5.2,uniform_600s,5.2,5.2,0.0,True,109.65,True,True,True
N20_lambda2_rep000_seed11577102449566563413,11577102449566563413,0,20,4,"[5, 5, 5, 5]","[[4, 5, 6, 6, 7], [1, 1, 4, 6, 8], [0, 3, 4, 6, 9], [5, 8, 9, 12, 12]]",2.0,2.0,2.0,0.5,1,3,PP,uniform_600s,2,2,2,2,"[[2, 2, 1], [2, 2, 1], [1, 2, 1, 1], [1, 2, 2]]",13,63,150,0.5800000000000001,0.001813,20,0.65,13,7.5,150,600.0,12,OPTIMAL,8.7,174.0,174.0,0.0,0.2173759937286377,0.005714147351682186,0.2231562460716133,4323.0,0.0011301040649414062,8,OPTIMAL,8.7,0.0,3.316054105758667,8.7,uniform_600s,8.9,8.7,0.0,True,7.5,True,True,True
N20_lambda2_rep000_seed11577102449566563413,11577102449566563413,0,20,4,"[5, 5, 5, 5]","[[4, 5, 6, 6, 7], [1, 1, 4, 6, 8], [0, 3, 4, 6, 9], [5, 8, 9, 12, 12]]",2.0,2.0,2.0,0.5,1,3,PP,uniform_600s,2,2,4,4,"[[4, 1], [2, 3], [1, 3, 1], [1, 2, 2]]",10,37,150,0.7533333333333333,0.0027445,20,1.9,38,11.25,225,600.0,12,OPTIMAL,8.9,178.0,178.0,0.0,0.06952810287475586,0.005249233916401863,0.07483737532462549,896.0,0.0009450912475585938,10,OPTIMAL,8.7,0.0,3.316054105758667,8.7,uniform_600s,8.9,8.9,0.20000000000000107,True,11.049999999999999,True,True,True
N20_lambda2_rep000_seed11577102449566563413,11577102449566563413,0,20,4,"[5, 5, 5, 5]","[[4, 5, 6, 6, 7], [1, 1, 4, 6, 8], [0, 3, 4, 6, 9], [5, 8, 9, 12, 12]]",2.0,2.0,2.0,0.5,1,3,PP,uniform_600s,2,2,6,6,"[[5], [2, 3], [1, 3, 1], [1, 2, 2]]",9,29,150,0.8066666666666666,0.001878,20,1.9,38,12.0,240,600.0,12,OPTIMAL,8.9,178.0,178.0,0.0,0.03471493721008301,0.004813544452190399,0.03958998386482286,490.0,0.0008270740509033203,8,OPTIMAL,8.7,0.0,3.316054105758667,8.7,uniform_600s,8.9,8.9,0.20000000000000107,True,11.799999999999999,True,True,True
N20_lambda2_rep000_seed11577102449566563413,11577102449566563413,0,20,4,"[5, 5, 5, 5]","[[4, 5, 6, 6, 7], [1, 1, 4, 6, 8], [0, 3, 4, 6, 9], [5, 8, 9, 12, 12]]",2.0,2.0,2.0,0.5,1,3,PP,uniform_600s,2,2,8,8,"[[5], [2, 3], [1, 3, 1], [1, 2, 2]]",9,29,150,0.8066666666666666,0.004507,20,1.9,38,12.75,255,600.0,12,OPTIMAL,8.9,178.0,178.0,0.0,0.03400087356567383,0.005022681318223476,0.03907890743985844,490.0,0.0008080005645751953,8,OPTIMAL,8.7,0.0,3.316054105758667,8.7,uniform_600s,8.9,8.9,0.20000000000000107,True,12.549999999999999,True,True,True
N20_lambda2_rep000_seed11577102449566563413,11577102449566563413,0,20,4,"[5, 5, 5, 5]","[[4, 5, 6, 6, 7], [1, 1, 4, 6, 8], [0, 3, 4, 6, 9], [5, 8, 9, 12, 12]]",2.0,2.0,2.0,0.5,1,3,PP,uniform_600s,4,4,2,2,"[[2, 2, 1], [2, 2, 1], [2, 2, 1], [2, 2, 1]]",12,54,150,0.64,0.001883,20,6.2,124,26.5,530,600.0,12,OPTIMAL,8.9,178.0,177.99999999998863,0.0,0.11701011657714844,0.005107901059091091,0.12217998211817312,2710.0,0.00096893310546875,10,OPTIMAL,8.7,0.0,3.316054105758667,8.7,uniform_600s,10.25,8.9,0.20000000000000107,True,26.299999999999997,True,True,True
N20_lambda2_rep000_seed11577102449566563413,11577102449566563413,0,20,4,"[5, 5, 5, 5]","[[4, 5, 6, 6, 7], [1, 1, 4, 6, 8], [0, 3, 4, 6, 9], [5, 8, 9, 12, 12]]",2.0,2.0,2.0,0.5,1,3,PP,uniform_600s,4,4,4,4,"[[4, 1], [4, 1], [4, 1], [4, 1]]",8,24,150,0.84,0.001803,20,7.8,156,39.75,795,600.0,12,OPTIMAL,9.85,197.0,197.0,0.0,0.02560877799987793,0.0051026735454797745,0.03076777510019827,239.0,0.00022077560424804688,5,OPTIMAL,8.7,0.0,3.316054105758667,8.7,uniform_600s,10.25,9.85,1.1500000000000004,True,38.6,True,True,True
N20_lambda2_rep000_seed11577102449566563413,11577102449566563413,0,20,4,"[5, 5, 5, 5]","[[4, 5, 6, 6, 7], [1, 1, 4, 6, 8], [0, 3, 4, 6, 9], [5, 8, 9, 12, 12]]",2.0,2.0,2.0,0.5,1,3,PP,uniform_600s,4,4,6,6,"[[5], [5], [5], [5]]",4,6,150,0.96,0.004386,20,9.8,196,42.4,848,600.0,12,OPTIMAL,10.25,205.0,205.0,0.0,0.0025801658630371094,0.004282592795789242,0.0069188768338785175,1.0,0.0005011558532714844,3,OPTIMAL,8.7,0.0,3.316054105758667,8.7,uniform_600s,10.25,10.25,1.5500000000000007,True,40.849999999999994,True,True,True
N20_lambda2_rep000_seed11577102449566563413,11577102449566563413,0,20,4,"[5, 5, 5, 5]","[[4, 5, 6, 6, 7], [1, 1, 4, 6, 8], [0, 3, 4, 6, 9], [5, 8, 9, 12, 12]]",2.0,2.0,2.0,0.5,1,3,PP,uniform_600s,4,4,8,8,"[[5], [5], [5], [5]]",4,6,150,0.96,0.0045565,20,9.8,196,45.05,901,600.0,12,OPTIMAL,10.25,205.0,205.0,0.0,0.0028400421142578125,0.00406224001199007,0.006958187096399307,1.0,0.00047898292541503906,3,OPTIMAL,8.7,0.0,3.316054105758667,8.7,uniform_600s,10.25,10.25,1.5500000000000007,True,43.5,True,True,True
N20_lambda2_rep000_seed11577102449566563413,11577102449566563413,0,20,4,"[5, 5, 5, 5]","[[4, 5, 6, 6, 7], [1, 1, 4, 6, 8], [0, 3, 4, 6, 9], [5, 8, 9, 12, 12]]",2.0,2.0,2.0,0.5,1,3,PP,uniform_600s,6,6,2,2,"[[2, 2, 1], [2, 2, 1], [2, 2, 1], [2, 2, 1]]",12,54,150,0.64,0.002003,20,6.2,124,45.5,910,600.0,12,OPTIMAL,8.9,178.0,177.99999999998863,0.0,0.1197969913482666,0.004896750673651695,0.12475693664036083,2710.0,0.0009491443634033203,10,OPTIMAL,8.7,0.0,3.316054105758667,8.7,uniform_600s,10.25,8.9,0.20000000000000107,True,45.3,True,True,True
N20_lambda2_rep000_seed11577102449566563413,11577102449566563413,0,20,4,"[5, 5, 5, 5]","[[4, 5, 6, 6, 7], [1, 1, 4, 6, 8], [0, 3, 4, 6, 9], [5, 8, 9, 12, 12]]",2.0,2.0,2.0,0.5,1,3,PP,uniform_600s,6,6,4,4,"[[4, 1], [4, 1], [4, 1], [4, 1]]",8,24,150,0.84,0.001903,20,7.8,156,68.25,1365,600.0,12,OPTIMAL,9.85,197.0,197.0,0.0,0.025489091873168945,0.00499434769153595,0.030545277828994275,239.0,0.00023603439331054688,5,OPTIMAL,8.7,0.0,3.316054105758667,8.7,uniform_600s,10.25,9.85,1.1500000000000004,True,67.1,True,True,True
N20_lambda2_rep000_seed11577102449566563413,11577102449566563413,0,20,4,"[5, 5, 5, 5]","[[4, 5, 6, 6, 7], [1, 1, 4, 6, 8], [0, 3, 4, 6, 9], [5, 8, 9, 12, 12]]",2.0,2.0,2.0,0.5,1,3,PP,uniform_600s,6,6,6,6,"[[5], [5], [5], [5]]",4,6,150,0.96,0.004356,20,9.8,196,72.8,1456,600.0,12,OPTIMAL,10.25,205.0,205.0,0.0,0.0023069381713867188,0.004315403290092945,0.006678544189208507,1.0,0.0004878044128417969,3,OPTIMAL,8.7,0.0,3.316054105758667,8.7,uniform_600s,10.25,10.25,1.5500000000000007,True,71.25,True,True,True
N20_lambda2_rep000_seed11577102449566563413,11577102449566563413,0,20,4,"[5, 5, 5, 5]","[[4, 5, 6, 6, 7], [1, 1, 4, 6, 8], [0, 3, 4, 6, 9], [5, 8, 9, 12, 12]]",2.0,2.0,2.0,0.5,1,3,PP,uniform_600s,6,6,8,8,"[[5], [5], [5], [5]]",4,6,150,0.96,0.0043565,20,9.8,196,77.35,1547,600.0,12,OPTIMAL,10.25,205.0,205.0,0.0,0.0030629634857177734,0.004149841144680977,0.007287083897978306,1.0,0.0005090236663818359,3,OPTIMAL,8.7,0.0,3.316054105758667,8.7,uniform_600s,10.25,10.25,1.5500000000000007,True,75.8,True,True,True
N20_lambda2_rep000_seed11577102449566563413,11577102449566563413,0,20,4,"[5, 5, 5, 5]","[[4, 5, 6, 6, 7], [1, 1, 4, 6, 8], [0, 3, 4, 6, 9], [5, 8, 9, 12, 12]]",2.0,2.0,2.0,0.5,1,3,PP,uniform_600s,8,8,2,2,"[[2, 2, 1], [2, 2, 1], [2, 2, 1], [2, 2, 1]]",12,54,150,0.64,0.004537,20,6.2,124,64.5,1290,600.0,12,OPTIMAL,8.9,178.0,177.99999999998863,0.0,0.12026190757751465,0.004897473379969597,0.12522523530447435,2710.0,0.0009300708770751953,10,OPTIMAL,8.7,0.0,3.316054105758667,8.7,uniform_600s,10.25,8.9,0.20000000000000107,True,64.3,True,True,True
N20_lambda2_rep000_seed11577102449566563413,11577102449566563413,0,20,4,"[5, 5, 5, 5]","[[4, 5, 6, 6, 7], [1, 1, 4, 6, 8], [0, 3, 4, 6, 9], [5, 8, 9, 12, 12]]",2.0,2.0,2.0,0.5,1,3,PP,uniform_600s,8,8,4,4,"[[4, 1], [4, 1], [4, 1], [4, 1]]",8,24,150,0.84,0.002383,20,7.8,156,96.75,1935,600.0,12,OPTIMAL,9.85,197.0,197.0,0.0,0.026214122772216797,0.005835199728608131,0.032133728942616464,239.0,0.0002651214599609375,5,OPTIMAL,8.7,0.0,3.316054105758667,8.7,uniform_600s,10.25,9.85,1.1500000000000004,True,95.6,True,True,True
N20_lambda2_rep000_seed11577102449566563413,11577102449566563413,0,20,4,"[5, 5, 5, 5]","[[4, 5, 6, 6, 7], [1, 1, 4, 6, 8], [0, 3, 4, 6, 9], [5, 8, 9, 12, 12]]",2.0,2.0,2.0,0.5,1,3,PP,uniform_600s,8,8,6,6,"[[5], [5], [5], [5]]",4,6,150,0.96,0.004527,20,9.8,196,103.2,2064,600.0,12,OPTIMAL,10.25,205.0,205.0,0.0,0.002708911895751953,0.004981469362974167,0.007755211395432472,1.0,0.0005929470062255859,3,OPTIMAL,8.7,0.0,3.316054105758667,8.7,uniform_600s,10.25,10.25,1.5500000000000007,True,101.65,True,True,True
N20_lambda2_rep000_seed11577102449566563413,11577102449566563413,0,20,4,"[5, 5, 5, 5]","[[4, 5, 6, 6, 7], [1, 1, 4, 6, 8], [0, 3, 4, 6, 9], [5, 8, 9, 12, 12]]",2.0,2.0,2.0,0.5,1,3,PP,uniform_600s,8,8,8,8,"[[5], [5], [5], [5]]",4,6,150,0.96,0.001908,20,9.8,196,109.65,2193,600.0,12,OPTIMAL,10.25,205.0,205.0,0.0,0.003014087677001953,0.00490306131541729,0.007973587791808128,1.0,0.0005218982696533203,3,OPTIMAL,8.7,0.0,3.316054105758667,8.7,uniform_600s,10.25,10.25,1.5500000000000007,True,108.10000000000001,True,True,True
N20_lambda2_rep001_seed12897078421252634529,12897078421252634529,1,20,4,"[5, 5, 5, 5]","[[3, 4, 5, 7, 10], [0, 4, 4, 6, 9], [2, 5, 7, 8, 8], [3, 3, 4, 7, 8]]",2.0,2.0,2.0,0.5,1,3,PP,uniform_600s,2,2,2,2,"[[2, 2, 1], [1, 2, 1, 1], [1, 2, 2], [2, 1, 2]]",13,63,150,0.5800000000000001,0.0022435,20,1.35,27,7.5,150,600.0,12,OPTIMAL,9.55,191.0,191.0,0.0,0.1348569393157959,0.005614737048745155,0.14052584109807587,4755.0,0.001046895980834961,4,OPTIMAL,9.55,0.0,8.57962679862976,9.55,uniform_600s,9.55,9.55,0.0,True,7.5,True,True,True
N20_lambda2_rep001_seed12897078421252634529,12897078421252634529,1,20,4,"[5, 5, 5, 5]","[[3, 4, 5, 7, 10], [0, 4, 4, 6, 9], [2, 5, 7, 8, 8], [3, 3, 4, 7, 8]]",2.0,2.0,2.0,0.5,1,3,PP,uniform_600s,2,2,4,4,"[[4, 1], [1, 3, 1], [1, 4], [3, 2]]",9,30,150,0.8,0.0017425,20,2.0,40,11.25,225,600.0,12,OPTIMAL,9.55,191.0,190.99999999999818,0.0,0.030487060546875,0.004472259432077408,0.03501098788820982,401.0,0.0007801055908203125,5,OPTIMAL,9.55,0.0,8.57962679862976,9.55,uniform_600s,9.55,9.55,0.0,True,11.25,True,True,True
N20_lambda2_rep001_seed12897078421252634529,12897078421252634529,1,20,4,"[5, 5, 5, 5]","[[3, 4, 5, 7, 10], [0, 4, 4, 6, 9], [2, 5, 7, 8, 8], [3, 3, 4, 7, 8]]",2.0,2.0,2.0,0.5,1,3,PP,uniform_600s,2,2,6,6,"[[4, 1], [1, 3, 1], [1, 4], [3, 2]]",9,30,150,0.8,0.004482,20,2.0,40,12.0,240,600.0,12,OPTIMAL,9.55,191.0,190.99999999999818,0.0,0.030137062072753906,0.004640253260731697,0.034832774205929756,401.0,0.0007760524749755859,5,OPTIMAL,9.55,0.0,8.57962679862976,9.55,uniform_600s,9.55,9.55,0.0,True,12.0,True,True,True
N20_lambda2_rep001_seed12897078421252634529,12897078421252634529,1,20,4,"[5, 5, 5, 5]","[[3, 4, 5, 7, 10], [0, 4, 4, 6, 9], [2, 5, 7, 8, 8], [3, 3, 4, 7, 8]]",2.0,2.0,2.0,0.5,1,3,PP,uniform_600s,2,2,8,8,"[[4, 1], [1, 3, 1], [1, 4], [3, 2]]",9,30,150,0.8,0.004311,20,2.0,40,12.75,255,600.0,12,OPTIMAL,9.55,191.0,190.99999999999818,0.0,0.02984309196472168,0.004446039907634258,0.03434256268758631,401.0,0.0007660388946533203,5,OPTIMAL,9.55,0.0,8.57962679862976,9.55,uniform_600s,9.55,9.55,0.0,True,12.75,True,True,True
N20_lambda2_rep001_seed12897078421252634529,12897078421252634529,1,20,4,"[5, 5, 5, 5]","[[3, 4, 5, 7, 10], [0, 4, 4, 6, 9], [2, 5, 7, 8, 8], [3, 3, 4, 7, 8]]",2.0,2.0,2.0,0.5,1,3,PP,uniform_600s,4,4,2,2,"[[2, 2, 1], [2, 2, 1], [2, 2, 1], [2, 2, 1]]",12,54,150,0.64,0.0017825,20,7.15,143,26.5,530,600.0,12,OPTIMAL,10.4,208.0,208.0,0.0,0.07915401458740234,0.004527443088591099,0.08373718703612805,4251.0,0.0009219646453857422,4,OPTIMAL,9.55,0.0,8.57962679862976,9.55,uniform_600s,11.0,10.4,0.8499999999999996,True,25.65,True,True,True
N20_lambda2_rep001_seed12897078421252634529,12897078421252634529,1,20,4,"[5, 5, 5, 5]","[[3, 4, 5, 7, 10], [0, 4, 4, 6, 9], [2, 5, 7, 8, 8], [3, 3, 4, 7, 8]]",2.0,2.0,2.0,0.5,1,3,PP,uniform_600s,4,4,4,4,"[[4, 1], [4, 1], [4, 1], [4, 1]]",8,24,150,0.84,0.0016875,20,7.85,157,39.75,795,600.0,12,OPTIMAL,10.4,208.0,208.0,0.0,0.02381610870361328,0.004086287692189217,0.027954458202540874,240.0,0.0006821155548095703,3,OPTIMAL,9.55,0.0,8.57962679862976,9.55,uniform_600s,11.0,10.4,0.8499999999999996,True,38.9,True,True,True
N20_lambda2_rep001_seed12897078421252634529,12897078421252634529,1,20,4,"[5, 5, 5, 5]","[[3, 4, 5, 7, 10], [0, 4, 4, 6, 9], [2, 5, 7, 8, 8], [3, 3, 4, 7, 8]]",2.0,2.0,2.0,0.5,1,3,PP,uniform_600s,4,4,6,6,"[[5], [5], [5], [5]]",4,6,150,0.96,0.001683,20,10.65,213,42.4,848,600.0,12,OPTIMAL,11.0,220.0,220.0,0.0,0.0027740001678466797,0.0036707082763314247,0.006495498220892429,1.0,0.0004429817199707031,1,OPTIMAL,9.55,0.0,8.57962679862976,9.55,uniform_600s,11.0,11.0,1.4499999999999993,True,40.95,True,True,True
N20_lambda2_rep001_seed12897078421252634529,12897078421252634529,1,20,4,"[5, 5, 5, 5]","[[3, 4, 5, 7, 10], [0, 4, 4, 6, 9], [2, 5, 7, 8, 8], [3, 3, 4, 7, 8]]",2.0,2.0,2.0,0.5,1,3,PP,uniform_600s,4,4,8,8,"[[5], [5], [5], [5]]",4,6,150,0.96,0.0017125,20,10.65,213,45.05,901,600.0,12,OPTIMAL,11.0,220.0,220.0,0.0,0.003036022186279297,0.003557126969099045,0.006642690657520294,1.0,0.0004169940948486328,1,OPTIMAL,9.55,0.0,8.57962679862976,9.55,uniform_600s,11.0,11.0,1.4499999999999993,True,43.599999999999994,True,True,True
N20_lambda2_rep001_seed12897078421252634529,12897078421252634529,1,20,4,"[5, 5, 5, 5]","[[3, 4, 5, 7, 10], [0, 4, 4, 6, 9], [2, 5, 7, 8, 8], [3, 3, 4, 7, 8]]",2.0,2.0,2.0,0.5,1,3,PP,uniform_600s,6,6,2,2,"[[2, 2, 1], [2, 2, 1], [2, 2, 1], [2, 2, 1]]",12,54,150,0.64,0.001817,20,7.15,143,45.5,910,600.0,12,OPTIMAL,10.4,208.0,208.0,0.0,0.08260202407836914,0.004538268782198429,0.08719166087814999,4251.0,0.0008959770202636719,4,OPTIMAL,9.55,0.0,8.57962679862976,9.55,uniform_600s,11.0,10.4,0.8499999999999996,True,44.65,True,True,True
N20_lambda2_rep001_seed12897078421252634529,12897078421252634529,1,20,4,"[5, 5, 5, 5]","[[3, 4, 5, 7, 10], [0, 4, 4, 6, 9], [2, 5, 7, 8, 8], [3, 3, 4, 7, 8]]",2.0,2.0,2.0,0.5,1,3,PP,uniform_600s,6,6,4,4,"[[4, 1], [4, 1], [4, 1], [4, 1]]",8,24,150,0.84,0.005012,20,7.85,157,68.25,1365,600.0,12,OPTIMAL,10.4,208.0,208.0,0.0,0.023020029067993164,0.0040175216272473335,0.027097210841273783,240.0,0.0007240772247314453,3,OPTIMAL,9.55,0.0,8.57962679862976,9.55,uniform_600s,11.0,10.4,0.8499999999999996,True,67.4,True,True,True
N20_lambda2_rep001_seed12897078421252634529,12897078421252634529,1,20,4,"[5, 5, 5, 5]","[[3, 4, 5, 7, 10], [0, 4, 4, 6, 9], [2, 5, 7, 8, 8], [3, 3, 4, 7, 8]]",2.0,2.0,2.0,0.5,1,3,PP,uniform_600s,6,6,6,6,"[[5], [5], [5], [5]]",4,6,150,0.96,0.001678,20,10.65,213,72.8,1456,600.0,12,OPTIMAL,11.0,220.0,220.0,0.0,0.002856016159057617,0.0038198530673980713,0.00672643141707468,1.0,0.0004410743713378906,1,OPTIMAL,9.55,0.0,8.57962679862976,9.55,uniform_600s,11.0,11.0,1.4499999999999993,True,71.35,True,True,True
N20_lambda2_rep001_seed12897078421252634529,12897078421252634529,1,20,4,"[5, 5, 5, 5]","[[3, 4, 5, 7, 10], [0, 4, 4, 6, 9], [2, 5, 7, 8, 8], [3, 3, 4, 7, 8]]",2.0,2.0,2.0,0.5,1,3,PP,uniform_600s,6,6,8,8,"[[5], [5], [5], [5]]",4,6,150,0.96,0.004652,20,10.65,213,77.35,1547,600.0,12,OPTIMAL,11.0,220.0,220.0,0.0,0.0025780200958251953,0.004021909087896347,0.006653211123277664,1.0,0.0004191398620605469,1,OPTIMAL,9.55,0.0,8.57962679862976,9.55,uniform_600s,11.0,11.0,1.4499999999999993,True,75.89999999999999,True,True,True
N20_lambda2_rep001_seed12897078421252634529,12897078421252634529,1,20,4,"[5, 5, 5, 5]","[[3, 4, 5, 7, 10], [0, 4, 4, 6, 9], [2, 5, 7, 8, 8], [3, 3, 4, 7, 8]]",2.0,2.0,2.0,0.5,1,3,PP,uniform_600s,8,8,2,2,"[[2, 2, 1], [2, 2, 1], [2, 2, 1], [2, 2, 1]]",12,54,150,0.64,0.004862,20,7.15,143,64.5,1290,600.0,12,OPTIMAL,10.4,208.0,208.0,0.0,0.08153581619262695,0.005679544061422348,0.08727178306574773,4251.0,0.000885009765625,4,OPTIMAL,9.55,0.0,8.57962679862976,9.55,uniform_600s,11.0,10.4,0.8499999999999996,True,63.65,True,True,True
N20_lambda2_rep001_seed12897078421252634529,12897078421252634529,1,20,4,"[5, 5, 5, 5]","[[3, 4, 5, 7, 10], [0, 4, 4, 6, 9], [2, 5, 7, 8, 8], [3, 3, 4, 7, 8]]",2.0,2.0,2.0,0.5,1,3,PP,uniform_600s,8,8,4,4,"[[4, 1], [4, 1], [4, 1], [4, 1]]",8,24,150,0.84,0.004622,20,7.85,157,96.75,1935,600.0,12,OPTIMAL,10.4,208.0,208.0,0.0,0.023829936981201172,0.004441322758793831,0.028325999001702785,240.0,0.0007100105285644531,3,OPTIMAL,9.55,0.0,8.57962679862976,9.55,uniform_600s,11.0,10.4,0.8499999999999996,True,95.9,True,True,True
N20_lambda2_rep001_seed12897078421252634529,12897078421252634529,1,20,4,"[5, 5, 5, 5]","[[3, 4, 5, 7, 10], [0, 4, 4, 6, 9], [2, 5, 7, 8, 8], [3, 3, 4, 7, 8]]",2.0,2.0,2.0,0.5,1,3,PP,uniform_600s,8,8,6,6,"[[5], [5], [5], [5]]",4,6,150,0.96,0.001668,20,10.65,213,103.2,2064,600.0,12,OPTIMAL,11.0,220.0,220.0,0.0,0.003407001495361328,0.003545437939465046,0.007002870553510666,1.0,0.0004429817199707031,1,OPTIMAL,9.55,0.0,8.57962679862976,9.55,uniform_600s,11.0,11.0,1.4499999999999993,True,101.75,True,True,True
N20_lambda2_rep001_seed12897078421252634529,12897078421252634529,1,20,4,"[5, 5, 5, 5]","[[3, 4, 5, 7, 10], [0, 4, 4, 6, 9], [2, 5, 7, 8, 8], [3, 3, 4, 7, 8]]",2.0,2.0,2.0,0.5,1,3,PP,uniform_600s,8,8,8,8,"[[5], [5], [5], [5]]",4,6,150,0.96,0.004512,20,10.65,213,109.65,2193,600.0,12,OPTIMAL,11.0,220.0,220.0,0.0,0.002908945083618164,0.0036243079230189323,0.006586150008356094,1.0,0.00040984153747558594,1,OPTIMAL,9.55,0.0,8.57962679862976,9.55,uniform_600s,11.0,11.0,1.4499999999999993,True,108.2,True,True,True
N20_lambda2_rep002_seed12882011409513087247,12882011409513087247,2,20,4,"[5, 5, 5, 5]","[[8, 10, 11, 14, 17], [5, 9, 9, 9, 14], [1, 4, 7, 11, 19], [9, 10, 10, 11, 11]]",2.0,2.0,2.0,0.5,1,3,PP,uniform_600s,2,2,2,2,"[[2, 1, 1, 1], [1, 2, 1, 1], [1, 1, 1, 1, 1], [2, 2, 1]]",16,95,150,0.3666666666666667,0.0018775,20,0.75,15,7.5,150,600.0,12,OPTIMAL,7.9,158.0,158.0,0.0,0.4241750240325928,0.006581117399036884,0.4308281996755624,13773.0,0.0014009475708007812,6,OPTIMAL,7.9,0.0,3.2454240322113037,7.9,uniform_600s,7.9,7.9,0.0,True,7.5,True,True,True
N20_lambda2_rep002_seed12882011409513087247,12882011409513087247,2,20,4,"[5, 5, 5, 5]","[[8, 10, 11, 14, 17], [5, 9, 9, 9, 14], [1, 4, 7, 11, 19], [9, 10, 10, 11, 11]]",2.0,2.0,2.0,0.5,1,3,PP,uniform_600s,2,2,4,4,"[[3, 1, 1], [1, 3, 1], [1, 1, 1, 1, 1], [4, 1]]",13,61,150,0.5933333333333333,0.001918,20,0.75,15,11.25,225,600.0,12,OPTIMAL,7.9,158.0,158.0,0.0,0.0938260555267334,0.005538321100175381,0.09942681662442017,2480.0,0.001550912857055664,7,OPTIMAL,7.9,0.0,3.2454240322113037,7.9,uniform_600s,7.9,7.9,0.0,True,11.25,True,True,True
N20_lambda2_rep002_seed12882011409513087247,12882011409513087247,2,20,4,"[5, 5, 5, 5]","[[8, 10, 11, 14, 17], [5, 9, 9, 9, 14], [1, 4, 7, 11, 19], [9, 10, 10, 11, 11]]",2.0,2.0,2.0,0.5,1,3,PP,uniform_600s,2,2,6,6,"[[3, 1, 1], [1, 3, 1], [1, 1, 1, 1, 1], [5]]",12,50,150,0.6666666666666667,0.001958,20,0.75,15,12.0,240,600.0,12,OPTIMAL,7.9,158.0,158.0,0.0,0.04335808753967285,0.005572952330112457,0.0489956293129282,795.0,0.0010271072387695312,6,OPTIMAL,7.9,0.0,3.2454240322113037,7.9,uniform_600s,7.9,7.9,0.0,True,12.0,True,True,True
N20_lambda2_rep002_seed12882011409513087247,12882011409513087247,2,20,4,"[5, 5, 5, 5]","[[8, 10, 11, 14, 17], [5, 9, 9, 9, 14], [1, 4, 7, 11, 19], [9, 10, 10, 11, 11]]",2.0,2.0,2.0,0.5,1,3,PP,uniform_600s,2,2,8,8,"[[3, 1, 1], [1, 3, 1], [1, 1, 1, 1, 1], [5]]",12,50,150,0.6666666666666667,0.0044465,20,0.75,15,12.75,255,600.0,12,OPTIMAL,7.9,158.0,158.0,0.0,0.04554390907287598,0.005456877872347832,0.05106461270993614,795.0,0.0009920597076416016,6,OPTIMAL,7.9,0.0,3.2454240322113037,7.9,uniform_600s,7.9,7.9,0.0,True,12.75,True,True,True
N20_lambda2_rep002_seed12882011409513087247,12882011409513087247,2,20,4,"[5, 5, 5, 5]","[[8, 10, 11, 14, 17], [5, 9, 9, 9, 14], [1, 4, 7, 11, 19], [9, 10, 10, 11, 11]]",2.0,2.0,2.0,0.5,1,3,PP,uniform_600s,4,4,2,2,"[[2, 2, 1], [2, 2, 1], [2, 2, 1], [2, 2, 1]]",12,54,150,0.64,0.004647,20,8.95,179,26.5,530,600.0,12,OPTIMAL,7.9,158.0,158.0,0.0,0.1024329662322998,0.005097445100545883,0.10759525716142368,1126.0,0.0009300708770751953,9,OPTIMAL,7.9,0.0,3.2454240322113037,7.9,uniform_600s,10.2,7.9,0.0,True,26.5,True,True,True
N20_lambda2_rep002_seed12882011409513087247,12882011409513087247,2,20,4,"[5, 5, 5, 5]","[[8, 10, 11, 14, 17], [5, 9, 9, 9, 14], [1, 4, 7, 11, 19], [9, 10, 10, 11, 11]]",2.0,2.0,2.0,0.5,1,3,PP,uniform_600s,4,4,4,4,"[[4, 1], [4, 1], [4, 1], [4, 1]]",8,24,150,0.84,0.001853,20,10.55,211,39.75,795,600.0,12,OPTIMAL,10.2,204.0,203.99999999999415,0.0,0.023205995559692383,0.004821718670427799,0.028092481795325756,152.0,0.0007901191711425781,5,OPTIMAL,7.9,0.0,3.2454240322113037,7.9,uniform_600s,10.2,10.2,2.299999999999999,True,37.45,True,True,True
N20_lambda2_rep002_seed12882011409513087247,12882011409513087247,2,20,4,"[5, 5, 5, 5]","[[8, 10, 11, 14, 17], [5, 9, 9, 9, 14], [1, 4, 7, 11, 19], [9, 10, 10, 11, 11]]",2.0,2.0,2.0,0.5,1,3,PP,uniform_600s,4,4,6,6,"[[5], [4, 1], [4, 1], [5]]",6,13,150,0.9133333333333333,0.004807,20,11.95,239,42.4,848,600.0,12,OPTIMAL,10.2,204.0,204.0,0.0,0.012212038040161133,0.00549773033708334,0.017785681855816363,83.0,0.0007920265197753906,3,OPTIMAL,7.9,0.0,3.2454240322113037,7.9,uniform_600s,10.2,10.2,2.299999999999999,True,40.1,True,True,True
N20_lambda2_rep002_seed12882011409513087247,12882011409513087247,2,20,4,"[5, 5, 5, 5]","[[8, 10, 11, 14, 17], [5, 9, 9, 9, 14], [1, 4, 7, 11, 19], [9, 10, 10, 11, 11]]",2.0,2.0,2.0,0.5,1,3,PP,uniform_600s,4,4,8,8,"[[5], [4, 1], [4, 1], [5]]",6,13,150,0.9133333333333333,0.0017525,20,11.95,239,45.05,901,600.0,12,OPTIMAL,10.2,204.0,204.0,0.0,0.012460947036743164,0.004128209315240383,0.016642934393646718,83.0,0.0006129741668701172,3,OPTIMAL,7.9,0.0,3.2454240322113037,7.9,uniform_600s,10.2,10.2,2.299999999999999,True,42.75,True,True,True
N20_lambda2_rep002_seed12882011409513087247,12882011409513087247,2,20,4,"[5, 5, 5, 5]","[[8, 10, 11, 14, 17], [5, 9, 9, 9, 14], [1, 4, 7, 11, 19], [9, 10, 10, 11, 11]]",2.0,2.0,2.0,0.5,1,3,PP,uniform_600s,6,6,2,2,"[[2, 2, 1], [2, 2, 1], [2, 2, 1], [2, 2, 1]]",12,54,150,0.64,0.004612,20,8.95,179,45.5,910,600.0,12,OPTIMAL,7.9,158.0,158.0,0.0,0.10579395294189453,0.005196594633162022,0.11105500170708847,1126.0,0.0009341239929199219,9,OPTIMAL,7.9,0.0,3.2454240322113037,7.9,uniform_600s,10.2,7.9,0.0,True,45.5,True,True,True
N20_lambda2_rep002_seed12882011409513087247,12882011409513087247,2,20,4,"[5, 5, 5, 5]","[[8, 10, 11, 14, 17], [5, 9, 9, 9, 14], [1, 4, 7, 11, 19], [9, 10, 10, 11, 11]]",2.0,2.0,2.0,0.5,1,3,PP,uniform_600s,6,6,4,4,"[[4, 1], [4, 1], [4, 1], [4, 1]]",8,24,150,0.84,0.0043115,20,10.55,211,68.25,1365,600.0,12,OPTIMAL,10.2,204.0,203.99999999999415,0.0,0.020808935165405273,0.005086046643555164,0.025955995952593326,152.0,0.0007550716400146484,5,OPTIMAL,7.9,0.0,3.2454240322113037,7.9,uniform_600s,10.2,10.2,2.299999999999999,True,65.95,True,True,True
N20_lambda2_rep002_seed12882011409513087247,12882011409513087247,2,20,4,"[5, 5, 5, 5]","[[8, 10, 11, 14, 17], [5, 9, 9, 9, 14], [1, 4, 7, 11, 19], [9, 10, 10, 11, 11]]",2.0,2.0,2.0,0.5,1,3,PP,uniform_600s,6,6,6,6,"[[5], [5], [4, 1], [5]]",5,9,150,0.94,0.0047165,20,14.95,299,72.8,1456,600.0,12,OPTIMAL,10.2,204.0,204.0,0.0,0.006611824035644531,0.004232357256114483,0.010903899840370655,1.0,0.0005218982696533203,3,OPTIMAL,7.9,0.0,3.2454240322113037,7.9,uniform_600s,10.2,10.2,2.299999999999999,True,70.5,True,True,True
N20_lambda2_rep002_seed12882011409513087247,12882011409513087247,2,20,4,"[5, 5, 5, 5]","[[8, 10, 11, 14, 17], [5, 9, 9, 9, 14], [1, 4, 7, 11, 19], [9, 10, 10, 11, 11]]",2.0,2.0,2.0,0.5,1,3,PP,uniform_600s,6,6,8,8,"[[5], [5], [4, 1], [5]]",5,9,150,0.94,0.004502,20,14.95,299,77.35,1547,600.0,12,OPTIMAL,10.2,204.0,204.0,0.0,0.006247043609619141,0.004422072321176529,0.010727638365413666,1.0,0.0005230903625488281,3,OPTIMAL,7.9,0.0,3.2454240322113037,7.9,uniform_600s,10.2,10.2,2.299999999999999,True,75.05,True,True,True
N20_lambda2_rep002_seed12882011409513087247,12882011409513087247,2,20,4,"[5, 5, 5, 5]","[[8, 10, 11, 14, 17], [5, 9, 9, 9, 14], [1, 4, 7, 11, 19], [9, 10, 10, 11, 11]]",2.0,2.0,2.0,0.5,1,3,PP,uniform_600s,8,8,2,2,"[[2, 2, 1], [2, 2, 1], [2, 2, 1], [2, 2, 1]]",12,54,150,0.64,0.002639,20,8.95,179,64.5,1290,600.0,12,OPTIMAL,7.9,158.0,158.0,0.0,0.1067969799041748,0.0075231511145830154,0.11441039257186794,1126.0,0.001332998275756836,9,OPTIMAL,7.9,0.0,3.2454240322113037,7.9,uniform_600s,11.55,7.9,0.0,True,64.5,True,True,True
N20_lambda2_rep002_seed12882011409513087247,12882011409513087247,2,20,4,"[5, 5, 5, 5]","[[8, 10, 11, 14, 17], [5, 9, 9, 9, 14], [1, 4, 7, 11, 19], [9, 10, 10, 11, 11]]",2.0,2.0,2.0,0.5,1,3,PP,uniform_600s,8,8,4,4,"[[4, 1], [4, 1], [4, 1], [4, 1]]",8,24,150,0.84,0.0017475,20,10.55,211,96.75,1935,600.0,12,OPTIMAL,10.2,204.0,203.99999999999415,0.0,0.021583080291748047,0.004561804234981537,0.026202399622497558,152.0,0.0007319450378417969,5,OPTIMAL,7.9,0.0,3.2454240322113037,7.9,uniform_600s,11.55,10.2,2.299999999999999,True,94.45,True,True,True
N20_lambda2_rep002_seed12882011409513087247,12882011409513087247,2,20,4,"[5, 5, 5, 5]","[[8, 10, 11, 14, 17], [5, 9, 9, 9, 14], [1, 4, 7, 11, 19], [9, 10, 10, 11, 11]]",2.0,2.0,2.0,0.5,1,3,PP,uniform_600s,8,8,6,6,"[[5], [5], [5], [5]]",4,6,150,0.96,0.001723,20,20.35,407,103.2,2064,600.0,12,OPTIMAL,11.55,231.0,231.0,0.0,0.002689838409423828,0.004135181196033955,0.0068793092455368045,1.0,0.0004830360412597656,1,OPTIMAL,7.9,0.0,3.2454240322113037,7.9,uniform_600s,11.55,11.55,3.6500000000000004,True,99.55,True,True,True
N20_lambda2_rep002_seed12882011409513087247,12882011409513087247,2,20,4,"[5, 5, 5, 5]","[[8, 10, 11, 14, 17], [5, 9, 9, 9, 14], [1, 4, 7, 11, 19], [9, 10, 10, 11, 11]]",2.0,2.0,2.0,0.5,1,3,PP,uniform_600s,8,8,8,8,"[[5], [5], [5], [5]]",4,6,150,0.96,0.001798,20,20.35,407,109.65,2193,600.0,12,OPTIMAL,11.55,231.0,231.0,0.0,0.003072977066040039,0.004012244753539562,0.007147058460674763,1.0,0.00048089027404785156,1,OPTIMAL,7.9,0.0,3.2454240322113037,7.9,uniform_600s,11.55,11.55,3.6500000000000004,True,106.0,True,True,True
N20_lambda2_rep003_seed14139994511734744264,14139994511734744264,3,20,4,"[5, 5, 5, 5]","[[1, 1, 3, 7, 9], [2, 2, 3, 3, 7], [2, 8, 11, 15, 15], [1, 3, 3, 5, 6]]",2.0,2.0,2.0,0.5,1,3,PP,uniform_600s,2,2,2,2,"[[2, 1, 2], [2, 2, 1], [1, 1, 1, 2], [2, 2, 1]]",13,63,150,0.5800000000000001,0.001793,20,2.0,40,7.5,150,600.0,12,OPTIMAL,8.95,179.0,179.0,0.0,0.18436002731323242,0.005288172513246536,0.18970753645439672,6036.0,0.0010650157928466797,7,OPTIMAL,8.95,0.0,4.085644960403442,8.95,uniform_600s,8.95,8.95,0.0,True,7.5,True,True,True
N20_lambda2_rep003_seed14139994511734744264,14139994511734744264,3,20,4,"[5, 5, 5, 5]","[[1, 1, 3, 7, 9], [2, 2, 3, 3, 7], [2, 8, 11, 15, 15], [1, 3, 3, 5, 6]]",2.0,2.0,2.0,0.5,1,3,PP,uniform_600s,2,2,4,4,"[[3, 2], [4, 1], [1, 1, 1, 2], [4, 1]]",10,36,150,0.76,0.001838,20,2.7,54,11.25,225,600.0,12,OPTIMAL,8.95,179.0,179.0,0.0,0.04200291633605957,0.0048379115760326385,0.0468980293138628,604.0,0.0001800060272216797,3,OPTIMAL,8.95,0.0,4.085644960403442,8.95,uniform_600s,8.95,8.95,0.0,True,11.25,True,True,True
N20_lambda2_rep003_seed14139994511734744264,14139994511734744264,3,20,4,"[5, 5, 5, 5]","[[1, 1, 3, 7, 9], [2, 2, 3, 3, 7], [2, 8, 11, 15, 15], [1, 3, 3, 5, 6]]",2.0,2.0,2.0,0.5,1,3,PP,uniform_600s,2,2,6,6,"[[3, 2], [4, 1], [1, 1, 1, 2], [5]]",9,28,150,0.8133333333333334,0.004412,20,2.7,54,12.0,240,600.0,12,OPTIMAL,8.95,179.0,179.0,0.0,0.023963212966918945,0.0047309510409832,0.02874900898796272,357.0,0.000782012939453125,6,OPTIMAL,8.95,0.0,4.085644960403442,8.95,uniform_600s,8.95,8.95,0.0,True,12.0,True,True,True
N20_lambda2_rep003_seed14139994511734744264,14139994511734744264,3,20,4,"[5, 5, 5, 5]","[[1, 1, 3, 7, 9], [2, 2, 3, 3, 7], [2, 8, 11, 15, 15], [1, 3, 3, 5, 6]]",2.0,2.0,2.0,0.5,1,3,PP,uniform_600s,2,2,8,8,"[[3, 2], [4, 1], [1, 1, 1, 2], [5]]",9,28,150,0.8133333333333334,0.001823,20,2.7,54,12.75,255,600.0,12,OPTIMAL,8.95,179.0,179.0,0.0,0.024444103240966797,0.004363745450973511,0.02886060199825573,357.0,0.0007638931274414062,6,OPTIMAL,8.95,0.0,4.085644960403442,8.95,uniform_600s,8.95,8.95,0.0,True,12.75,True,True,True
N20_lambda2_rep003_seed14139994511734744264,14139994511734744264,3,20,4,"[5, 5, 5, 5]","[[1, 1, 3, 7, 9], [2, 2, 3, 3, 7], [2, 8, 11, 15, 15], [1, 3, 3, 5, 6]]",2.0,2.0,2.0,0.5,1,3,PP,uniform_600s,4,4,2,2,"[[2, 2, 1], [2, 2, 1], [1, 2, 2], [2, 2, 1]]",12,54,150,0.64,0.002153,20,5.35,107,26.5,530,600.0,12,OPTIMAL,9.1,182.0,182.0,0.0,0.09790611267089844,0.005122411996126175,0.10308168341046858,3815.0,0.0009021759033203125,3,OPTIMAL,8.95,0.0,4.085644960403442,8.95,uniform_600s,9.1,9.1,0.15000000000000036,True,26.35,True,True,True
N20_lambda2_rep003_seed14139994511734744264,14139994511734744264,3,20,4,"[5, 5, 5, 5]","[[1, 1, 3, 7, 9], [2, 2, 3, 3, 7], [2, 8, 11, 15, 15], [1, 3, 3, 5, 6]]",2.0,2.0,2.0,0.5,1,3,PP,uniform_600s,4,4,4,4,"[[4, 1], [4, 1], [1, 4], [4, 1]]",8,24,150,0.84,0.0016875,20,8.4,168,39.75,795,600.0,12,OPTIMAL,9.1,182.0,182.0,0.0,0.02342700958251953,0.004200347699224949,0.02767964167457819,254.0,0.0001990795135498047,10,OPTIMAL,8.95,0.0,4.085644960403442,8.95,uniform_600s,9.1,9.1,0.15000000000000036,True,39.6,True,True,True
N20_lambda2_rep003_seed14139994511734744264,14139994511734744264,3,20,4,"[5, 5, 5, 5]","[[1, 1, 3, 7, 9], [2, 2, 3, 3, 7], [2, 8, 11, 15, 15], [1, 3, 3, 5, 6]]",2.0,2.0,2.0,0.5,1,3,PP,uniform_600s,4,4,6,6,"[[5], [5], [1, 4], [5]]",5,9,150,0.94,0.0016675,20,11.2,224,42.4,848,600.0,12,OPTIMAL,9.1,182.0,182.0,0.0,0.004302978515625,0.0038054222241044044,0.008159668617408276,1.0,0.0004999637603759766,4,OPTIMAL,8.95,0.0,4.085644960403442,8.95,uniform_600s,9.1,9.1,0.15000000000000036,True,42.25,True,True,True
N20_lambda2_rep003_seed14139994511734744264,14139994511734744264,3,20,4,"[5, 5, 5, 5]","[[1, 1, 3, 7, 9], [2, 2, 3, 3, 7], [2, 8, 11, 15, 15], [1, 3, 3, 5, 6]]",2.0,2.0,2.0,0.5,1,3,PP,uniform_600s,4,4,8,8,"[[5], [5], [1, 4], [5]]",5,9,150,0.94,0.0017375,20,11.2,224,45.05,901,600.0,12,OPTIMAL,9.1,182.0,182.0,0.0,0.003763914108276367,0.003673853352665901,0.007493760088849067,1.0,0.00047898292541503906,4,OPTIMAL,8.95,0.0,4.085644960403442,8.95,uniform_600s,9.1,9.1,0.15000000000000036,True,44.9,True,True,True
N20_lambda2_rep003_seed14139994511734744264,14139994511734744264,3,20,4,"[5, 5, 5, 5]","[[1, 1, 3, 7, 9], [2, 2, 3, 3, 7], [2, 8, 11, 15, 15], [1, 3, 3, 5, 6]]",2.0,2.0,2.0,0.5,1,3,PP,uniform_600s,6,6,2,2,"[[2, 2, 1], [2, 2, 1], [2, 2, 1], [2, 2, 1]]",12,54,150,0.64,0.004587,20,10.65,213,45.5,910,600.0,12,OPTIMAL,9.1,182.0,182.0,0.0,0.10360002517700195,0.005012727342545986,0.10867007193504524,2146.0,0.00090789794921875,8,OPTIMAL,8.95,0.0,4.085644960403442,8.95,uniform_600s,9.1,9.1,0.15000000000000036,True,45.35,True,True,True
N20_lambda2_rep003_seed14139994511734744264,14139994511734744264,3,20,4,"[5, 5, 5, 5]","[[1, 1, 3, 7, 9], [2, 2, 3, 3, 7], [2, 8, 11, 15, 15], [1, 3, 3, 5, 6]]",2.0,2.0,2.0,0.5,1,3,PP,uniform_600s,6,6,4,4,"[[4, 1], [4, 1], [4, 1], [4, 1]]",8,24,150,0.84,0.0017375,20,12.95,259,68.25,1365,600.0,12,OPTIMAL,9.1,182.0,182.0,0.0,0.01893305778503418,0.004332789219915867,0.02332018374131918,135.0,0.00018405914306640625,5,OPTIMAL,8.95,0.0,4.085644960403442,8.95,uniform_600s,9.1,9.1,0.15000000000000036,True,68.1,True,True,True
N20_lambda2_rep003_seed14139994511734744264,14139994511734744264,3,20,4,"[5, 5, 5, 5]","[[1, 1, 3, 7, 9], [2, 2, 3, 3, 7], [2, 8, 11, 15, 15], [1, 3, 3, 5, 6]]",2.0,2.0,2.0,0.5,1,3,PP,uniform_600s,6,6,6,6,"[[5], [5], [5], [5]]",4,6,150,0.96,0.0017125,20,15.75,315,72.8,1456,600.0,12,OPTIMAL,9.1,182.0,182.0,0.0,0.0026559829711914062,0.0037293266505002975,0.006437229721689224,1.0,0.0004658699035644531,2,OPTIMAL,8.95,0.0,4.085644960403442,8.95,uniform_600s,9.1,9.1,0.15000000000000036,True,72.64999999999999,True,True,True
N20_lambda2_rep003_seed14139994511734744264,14139994511734744264,3,20,4,"[5, 5, 5, 5]","[[1, 1, 3, 7, 9], [2, 2, 3, 3, 7], [2, 8, 11, 15, 15], [1, 3, 3, 5, 6]]",2.0,2.0,2.0,0.5,1,3,PP,uniform_600s,6,6,8,8,"[[5], [5], [5], [5]]",4,6,150,0.96,0.001683,20,15.75,315,77.35,1547,600.0,12,OPTIMAL,9.1,182.0,182.0,0.0,0.002446889877319336,0.0036972882226109505,0.006195294770868301,1.0,0.0004420280456542969,2,OPTIMAL,8.95,0.0,4.085644960403442,8.95,uniform_600s,9.1,9.1,0.15000000000000036,True,77.19999999999999,True,True,True
N20_lambda2_rep003_seed14139994511734744264,14139994511734744264,3,20,4,"[5, 5, 5, 5]","[[1, 1, 3, 7, 9], [2, 2, 3, 3, 7], [2, 8, 11, 15, 15], [1, 3, 3, 5, 6]]",2.0,2.0,2.0,0.5,1,3,PP,uniform_600s,8,8,2,2,"[[2, 2, 1], [2, 2, 1], [2, 2, 1], [2, 2, 1]]",12,54,150,0.64,0.0043765,20,10.65,213,64.5,1290,600.0,12,OPTIMAL,9.1,182.0,182.0,0.0,0.10677504539489746,0.005083593539893627,0.11191406495039606,2146.0,0.0009059906005859375,8,OPTIMAL,8.95,0.0,4.085644960403442,8.95,uniform_600s,9.1,9.1,0.15000000000000036,True,64.35,True,True,True
N20_lambda2_rep003_seed14139994511734744264,14139994511734744264,3,20,4,"[5, 5, 5, 5]","[[1, 1, 3, 7, 9], [2, 2, 3, 3, 7], [2, 8, 11, 15, 15], [1, 3, 3, 5, 6]]",2.0,2.0,2.0,0.5,1,3,PP,uniform_600s,8,8,4,4,"[[4, 1], [4, 1], [4, 1], [4, 1]]",8,24,150,0.84,0.001748,20,12.95,259,96.75,1935,600.0,12,OPTIMAL,9.1,182.0,182.0,0.0,0.018645048141479492,0.00412343256175518,0.022819637228463172,135.0,0.00019288063049316406,5,OPTIMAL,8.95,0.0,4.085644960403442,8.95,uniform_600s,9.1,9.1,0.15000000000000036,True,96.6,True,True,True
N20_lambda2_rep003_seed14139994511734744264,14139994511734744264,3,20,4,"[5, 5, 5, 5]","[[1, 1, 3, 7, 9], [2, 2, 3, 3, 7], [2, 8, 11, 15, 15], [1, 3, 3, 5, 6]]",2.0,2.0,2.0,0.5,1,3,PP,uniform_600s,8,8,6,6,"[[5], [5], [5], [5]]",4,6,150,0.96,0.001723,20,15.75,315,103.2,2064,600.0,12,OPTIMAL,9.1,182.0,182.0,0.0,0.002722024917602539,0.0036511681973934174,0.006423909270356179,1.0,0.0004611015319824219,2,OPTIMAL,8.95,0.0,4.085644960403442,8.95,uniform_600s,9.1,9.1,0.15000000000000036,True,103.05,True,True,True
N20_lambda2_rep003_seed14139994511734744264,14139994511734744264,3,20,4,"[5, 5, 5, 5]","[[1, 1, 3, 7, 9], [2, 2, 3, 3, 7], [2, 8, 11, 15, 15], [1, 3, 3, 5, 6]]",2.0,2.0,2.0,0.5,1,3,PP,uniform_600s,8,8,8,8,"[[5], [5], [5], [5]]",4,6,150,0.96,0.0042715,20,15.75,315,109.65,2193,600.0,12,OPTIMAL,9.1,182.0,182.0,0.0,0.002393960952758789,0.003624178469181061,0.006071752391942978,1.0,0.00044798851013183594,2,OPTIMAL,8.95,0.0,4.085644960403442,8.95,uniform_600s,9.1,9.1,0.15000000000000036,True,109.5,True,True,True
N20_lambda2_rep004_seed9650169480092898738,9650169480092898738,4,20,4,"[5, 5, 5, 5]","[[2, 3, 4, 5, 6], [2, 3, 4, 6, 9], [2, 2, 2, 3, 5], [3, 3, 8, 10, 17]]",2.0,2.0,2.0,0.5,1,3,PP,uniform_600s,2,2,2,2,"[[2, 2, 1], [2, 2, 1], [2, 2, 1], [2, 2, 1]]",12,54,150,0.64,0.003105,20,1.3,26,7.5,150,600.0,12,OPTIMAL,9.55,191.0,190.9999999999548,0.0,0.1310269832611084,0.008549341931939125,0.13968071524832726,2650.0,0.0016129016876220703,8,OPTIMAL,9.55,0.0,6.676686763763428,9.55,uniform_600s,9.55,9.55,0.0,True,7.5,True,True,True
N20_lambda2_rep004_seed9650169480092898738,9650169480092898738,4,20,4,"[5, 5, 5, 5]","[[2, 3, 4, 5, 6], [2, 3, 4, 6, 9], [2, 2, 2, 3, 5], [3, 3, 8, 10, 17]]",2.0,2.0,2.0,0.5,1,3,PP,uniform_600s,2,2,4,4,"[[4, 1], [4, 1], [4, 1], [2, 2, 1]]",9,30,150,0.8,0.0019075,20,1.3,26,11.25,225,600.0,12,OPTIMAL,9.55,191.0,191.0,0.0,0.054850101470947266,0.005453693680465221,0.06037662286546946,531.0,0.000988006591796875,5,OPTIMAL,9.55,0.0,6.676686763763428,9.55,uniform_600s,9.55,9.55,0.0,True,11.25,True,True,True
N20_lambda2_rep004_seed9650169480092898738,9650169480092898738,4,20,4,"[5, 5, 5, 5]","[[2, 3, 4, 5, 6], [2, 3, 4, 6, 9], [2, 2, 2, 3, 5], [3, 3, 8, 10, 17]]",2.0,2.0,2.0,0.5,1,3,PP,uniform_600s,2,2,6,6,"[[5], [4, 1], [5], [2, 2, 1]]",7,17,150,0.8866666666666667,0.001838,20,1.9,38,12.0,240,600.0,12,OPTIMAL,9.55,191.0,191.0,0.0,0.01714801788330078,0.0050559621304273605,0.02227012583750534,172.0,0.0007920265197753906,3,OPTIMAL,9.55,0.0,6.676686763763428,9.55,uniform_600s,9.55,9.55,0.0,True,12.0,True,True,True
N20_lambda2_rep004_seed9650169480092898738,9650169480092898738,4,20,4,"[5, 5, 5, 5]","[[2, 3, 4, 5, 6], [2, 3, 4, 6, 9], [2, 2, 2, 3, 5], [3, 3, 8, 10, 17]]",2.0,2.0,2.0,0.5,1,3,PP,uniform_600s,2,2,8,8,"[[5], [4, 1], [5], [2, 2, 1]]",7,17,150,0.8866666666666667,0.001873,20,1.9,38,12.75,255,600.0,12,OPTIMAL,9.55,191.0,191.0,0.0,0.015748977661132812,0.004939917474985123,0.020753439626131534,172.0,0.0007770061492919922,3,OPTIMAL,9.55,0.0,6.676686763763428,9.55,uniform_600s,9.55,9.55,0.0,True,12.75,True,True,True
N20_lambda2_rep004_seed9650169480092898738,9650169480092898738,4,20,4,"[5, 5, 5, 5]","[[2, 3, 4, 5, 6], [2, 3, 4, 6, 9], [2, 2, 2, 3, 5], [3, 3, 8, 10, 17]]",2.0,2.0,2.0,0.5,1,3,PP,uniform_600s,4,4,2,2,"[[2, 2, 1], [2, 2, 1], [2, 2, 1], [2, 2, 1]]",12,54,150,0.64,0.001933,20,1.3,26,26.5,530,600.0,12,OPTIMAL,9.55,191.0,190.9999999999548,0.0,0.12120795249938965,0.0055669452995061874,0.12684408160200883,2650.0,0.0010280609130859375,8,OPTIMAL,9.55,0.0,6.676686763763428,9.55,uniform_600s,9.55,9.55,0.0,True,26.5,True,True,True
N20_lambda2_rep004_seed9650169480092898738,9650169480092898738,4,20,4,"[5, 5, 5, 5]","[[2, 3, 4, 5, 6], [2, 3, 4, 6, 9], [2, 2, 2, 3, 5], [3, 3, 8, 10, 17]]",2.0,2.0,2.0,0.5,1,3,PP,uniform_600s,4,4,4,4,"[[4, 1], [4, 1], [4, 1], [2, 2, 1]]",9,30,150,0.8,0.001773,20,1.3,26,39.75,795,600.0,12,OPTIMAL,9.55,191.0,191.0,0.0,0.052381038665771484,0.005165268667042255,0.057621204056082245,531.0,0.0009829998016357422,5,OPTIMAL,9.55,0.0,6.676686763763428,9.55,uniform_600s,9.55,9.55,0.0,True,39.75,True,True,True
N20_lambda2_rep004_seed9650169480092898738,9650169480092898738,4,20,4,"[5, 5, 5, 5]","[[2, 3, 4, 5, 6], [2, 3, 4, 6, 9], [2, 2, 2, 3, 5], [3, 3, 8, 10, 17]]",2.0,2.0,2.0,0.5,1,3,PP,uniform_600s,4,4,6,6,"[[5], [5], [5], [2, 2, 1]]",6,12,150,0.92,0.002373,20,3.3,66,42.4,848,600.0,12,OPTIMAL,9.55,191.0,190.9999999999937,0.0,0.007144927978515625,0.005119056440889835,0.0123291741957407,1.0,0.0001728534698486328,4,OPTIMAL,9.55,0.0,6.676686763763428,9.55,uniform_600s,9.55,9.55,0.0,True,42.4,True,True,True
N20_lambda2_rep004_seed9650169480092898738,9650169480092898738,4,20,4,"[5, 5, 5, 5]","[[2, 3, 4, 5, 6], [2, 3, 4, 6, 9], [2, 2, 2, 3, 5], [3, 3, 8, 10, 17]]",2.0,2.0,2.0,0.5,1,3,PP,uniform_600s,4,4,8,8,"[[5], [5], [5], [2, 2, 1]]",6,12,150,0.92,0.001858,20,3.3,66,45.05,901,600.0,12,OPTIMAL,9.55,191.0,190.9999999999937,0.0,0.007519960403442383,0.005242292769253254,0.012822425935705185,1.0,0.00017309188842773438,4,OPTIMAL,9.55,0.0,6.676686763763428,9.55,uniform_600s,9.55,9.55,0.0,True,45.05,True,True,True
N20_lambda2_rep004_seed9650169480092898738,9650169480092898738,4,20,4,"[5, 5, 5, 5]","[[2, 3, 4, 5, 6], [2, 3, 4, 6, 9], [2, 2, 2, 3, 5], [3, 3, 8, 10, 17]]",2.0,2.0,2.0,0.5,1,3,PP,uniform_600s,6,6,2,2,"[[2, 2, 1], [2, 2, 1], [2, 2, 1], [2, 2, 1]]",12,54,150,0.64,0.0030245,20,1.3,26,45.5,910,600.0,12,OPTIMAL,9.55,191.0,190.9999999999548,0.0,0.1378169059753418,0.007690563797950745,0.14560241488008452,2650.0,0.0013608932495117188,8,OPTIMAL,9.55,0.0,6.676686763763428,9.55,uniform_600s,9.55,9.55,0.0,True,45.5,True,True,True
N20_lambda2_rep004_seed9650169480092898738,9650169480092898738,4,20,4,"[5, 5, 5, 5]","[[2, 3, 4, 5, 6], [2, 3, 4, 6, 9], [2, 2, 2, 3, 5], [3, 3, 8, 10, 17]]",2.0,2.0,2.0,0.5,1,3,PP,uniform_600s,6,6,4,4,"[[4, 1], [4, 1], [4, 1], [4, 1]]",8,24,150,0.84,0.0029145,20,4.7,94,68.25,1365,600.0,12,OPTIMAL,9.55,191.0,190.99999999999272,0.0,0.0278470516204834,0.006935983896255493,0.03487201819247198,180.0,0.0011281967163085938,9,OPTIMAL,9.55,0.0,6.676686763763428,9.55,uniform_600s,9.55,9.55,0.0,True,68.25,True,True,True
N20_lambda2_rep004_seed9650169480092898738,9650169480092898738,4,20,4,"[5, 5, 5, 5]","[[2, 3, 4, 5, 6], [2, 3, 4, 6, 9], [2, 2, 2, 3, 5], [3, 3, 8, 10, 17]]",2.0,2.0,2.0,0.5,1,3,PP,uniform_600s,6,6,6,6,"[[5], [5], [5], [4, 1]]",5,9,150,0.94,0.0016625,20,6.7,134,72.8,1456,600.0,12,OPTIMAL,9.55,191.0,191.0,0.0,0.0037539005279541016,0.00455721840262413,0.008369519464468955,1.0,0.0005669593811035156,6,OPTIMAL,9.55,0.0,6.676686763763428,9.55,uniform_600s,9.55,9.55,0.0,True,72.8,True,True,True
N20_lambda2_rep004_seed9650169480092898738,9650169480092898738,4,20,4,"[5, 5, 5, 5]","[[2, 3, 4, 5, 6], [2, 3, 4, 6, 9], [2, 2, 2, 3, 5], [3, 3, 8, 10, 17]]",2.0,2.0,2.0,0.5,1,3,PP,uniform_600s,6,6,8,8,"[[5], [5], [5], [4, 1]]",5,9,150,0.94,0.004407,20,6.7,134,77.35,1547,600.0,12,OPTIMAL,9.55,191.0,191.0,0.0,0.0032660961151123047,0.004903571680188179,0.008232763949985027,1.0,0.0005619525909423828,6,OPTIMAL,9.55,0.0,6.676686763763428,9.55,uniform_600s,9.55,9.55,0.0,True,77.35,True,True,True
N20_lambda2_rep004_seed9650169480092898738,9650169480092898738,4,20,4,"[5, 5, 5, 5]","[[2, 3, 4, 5, 6], [2, 3, 4, 6, 9], [2, 2, 2, 3, 5], [3, 3, 8, 10, 17]]",2.0,2.0,2.0,0.5,1,3,PP,uniform_600s,8,8,2,2,"[[2, 2, 1], [2, 2, 1], [2, 2, 1], [2, 2, 1]]",12,54,150,0.64,0.004617,20,1.3,26,64.5,1290,600.0,12,OPTIMAL,9.55,191.0,190.9999999999548,0.0,0.12130999565124512,0.005241262726485729,0.1266400231663151,2650.0,0.0009870529174804688,8,OPTIMAL,9.55,0.0,6.676686763763428,9.55,uniform_600s,9.55,9.55,0.0,True,64.5,True,True,True
N20_lambda2_rep004_seed9650169480092898738,9650169480092898738,4,20,4,"[5, 5, 5, 5]","[[2, 3, 4, 5, 6], [2, 3, 4, 6, 9], [2, 2, 2, 3, 5], [3, 3, 8, 10, 17]]",2.0,2.0,2.0,0.5,1,3,PP,uniform_600s,8,8,4,4,"[[4, 1], [4, 1], [4, 1], [4, 1]]",8,24,150,0.84,0.003035,20,4.7,94,96.75,1935,600.0,12,OPTIMAL,9.55,191.0,190.99999999999272,0.0,0.028940916061401367,0.007436931133270264,0.03648481593135357,180.0,0.0014030933380126953,9,OPTIMAL,9.55,0.0,6.676686763763428,9.55,uniform_600s,9.55,9.55,0.0,True,96.75,True,True,True
N20_lambda2_rep004_seed9650169480092898738,9650169480092898738,4,20,4,"[5, 5, 5, 5]","[[2, 3, 4, 5, 6], [2, 3, 4, 6, 9], [2, 2, 2, 3, 5], [3, 3, 8, 10, 17]]",2.0,2.0,2.0,0.5,1,3,PP,uniform_600s,8,8,6,6,"[[5], [5], [5], [5]]",4,6,150,0.96,0.0016525,20,11.3,226,103.2,2064,600.0,12,OPTIMAL,9.55,191.0,191.0,0.0,0.0027158260345458984,0.004636017605662346,0.00741804145124197,1.0,0.0006079673767089844,3,OPTIMAL,9.55,0.0,6.676686763763428,9.55,uniform_600s,9.55,9.55,0.0,True,103.2,True,True,True
N20_lambda2_rep004_seed9650169480092898738,9650169480092898738,4,20,4,"[5, 5, 5, 5]","[[2, 3, 4, 5, 6], [2, 3, 4, 6, 9], [2, 2, 2, 3, 5], [3, 3, 8, 10, 17]]",2.0,2.0,2.0,0.5,1,3,PP,uniform_600s,8,8,8,8,"[[5], [5], [5], [5]]",4,6,150,0.96,0.0018525,20,11.3,226,109.65,2193,600.0,12,OPTIMAL,9.55,191.0,191.0,0.0,0.002588987350463867,0.00461203046143055,0.007268985832788944,1.0,0.0005931854248046875,3,OPTIMAL,9.55,0.0,6.676686763763428,9.55,uniform_600s,9.55,9.55,0.0,True,109.65,True,True,True
N20_lambda2_rep005_seed8833891466833448724,8833891466833448724,5,20,4,"[5, 5, 5, 5]","[[7, 8, 13, 14, 15], [1, 2, 4, 7, 7], [2, 2, 3, 3, 5], [3, 6, 6, 8, 9]]",2.0,2.0,2.0,0.5,1,3,PP,uniform_600s,2,2,2,2,"[[2, 2, 1], [2, 1, 2], [2, 2, 1], [1, 2, 2]]",12,54,150,0.64,0.004407,20,0.0,0,7.5,150,600.0,12,OPTIMAL,8.25,165.0,165.0,0.0,0.1323719024658203,0.0055757369846105576,0.1380168301800437,3345.0,0.0010089874267578125,7,OPTIMAL,8.25,0.0,3.1266281604766846,8.25,uniform_600s,8.25,8.25,0.0,True,7.5,True,True,True
N20_lambda2_rep005_seed8833891466833448724,8833891466833448724,5,20,4,"[5, 5, 5, 5]","[[7, 8, 13, 14, 15], [1, 2, 4, 7, 7], [2, 2, 3, 3, 5], [3, 6, 6, 8, 9]]",2.0,2.0,2.0,0.5,1,3,PP,uniform_600s,2,2,4,4,"[[2, 3], [3, 2], [4, 1], [1, 4]]",8,24,150,0.84,0.0048125,20,1.35,27,11.25,225,600.0,12,OPTIMAL,8.25,165.0,165.0,0.0,0.028248071670532227,0.005046176724135876,0.03336122015726566,252.0,0.0008740425109863281,7,OPTIMAL,8.25,0.0,3.1266281604766846,8.25,uniform_600s,8.25,8.25,0.0,True,11.25,True,True,True
N20_lambda2_rep005_seed8833891466833448724,8833891466833448724,5,20,4,"[5, 5, 5, 5]","[[7, 8, 13, 14, 15], [1, 2, 4, 7, 7], [2, 2, 3, 3, 5], [3, 6, 6, 8, 9]]",2.0,2.0,2.0,0.5,1,3,PP,uniform_600s,2,2,6,6,"[[2, 3], [3, 2], [5], [1, 4]]",7,18,150,0.88,0.001737,20,1.95,39,12.0,240,600.0,12,OPTIMAL,8.25,165.0,165.0,0.0,0.016782045364379883,0.004455745220184326,0.021294361063789846,149.0,0.0007419586181640625,8,OPTIMAL,8.25,0.0,3.1266281604766846,8.25,uniform_600s,8.25,8.25,0.0,True,12.0,True,True,True
N20_lambda2_rep005_seed8833891466833448724,8833891466833448724,5,20,4,"[5, 5, 5, 5]","[[7, 8, 13, 14, 15], [1, 2, 4, 7, 7], [2, 2, 3, 3, 5], [3, 6, 6, 8, 9]]",2.0,2.0,2.0,0.5,1,3,PP,uniform_600s,2,2,8,8,"[[2, 3], [3, 2], [5], [1, 4]]",7,18,150,0.88,0.004417,20,1.95,39,12.75,255,600.0,12,OPTIMAL,8.25,165.0,165.0,0.0,0.01739501953125,0.004984854720532894,0.022442522195760727,149.0,0.0007271766662597656,8,OPTIMAL,8.25,0.0,3.1266281604766846,8.25,uniform_600s,8.25,8.25,0.0,True,12.75,True,True,True
N20_lambda2_rep005_seed8833891466833448724,8833891466833448724,5,20,4,"[5, 5, 5, 5]","[[7, 8, 13, 14, 15], [1, 2, 4, 7, 7], [2, 2, 3, 3, 5], [3, 6, 6, 8, 9]]",2.0,2.0,2.0,0.5,1,3,PP,uniform_600s,4,4,2,2,"[[2, 2, 1], [2, 2, 1], [2, 2, 1], [2, 2, 1]]",12,54,150,0.64,0.001883,20,3.85,77,26.5,530,600.0,12,OPTIMAL,8.25,165.0,165.0,0.0,0.1309189796447754,0.005149132572114468,0.136129777744277,1963.0,0.0009429454803466797,5,OPTIMAL,8.25,0.0,3.1266281604766846,8.25,uniform_600s,8.25,8.25,0.0,True,26.5,True,True,True
N20_lambda2_rep005_seed8833891466833448724,8833891466833448724,5,20,4,"[5, 5, 5, 5]","[[7, 8, 13, 14, 15], [1, 2, 4, 7, 7], [2, 2, 3, 3, 5], [3, 6, 6, 8, 9]]",2.0,2.0,2.0,0.5,1,3,PP,uniform_600s,4,4,4,4,"[[2, 3], [4, 1], [4, 1], [4, 1]]",8,24,150,0.84,0.001808,20,4.55,91,39.75,795,600.0,12,OPTIMAL,8.25,165.0,165.0,0.0,0.01967597007751465,0.005103924311697483,0.02484863374868202,145.0,0.0009229183197021484,5,OPTIMAL,8.25,0.0,3.1266281604766846,8.25,uniform_600s,8.25,8.25,0.0,True,39.75,True,True,True
N20_lambda2_rep005_seed8833891466833448724,8833891466833448724,5,20,4,"[5, 5, 5, 5]","[[7, 8, 13, 14, 15], [1, 2, 4, 7, 7], [2, 2, 3, 3, 5], [3, 6, 6, 8, 9]]",2.0,2.0,2.0,0.5,1,3,PP,uniform_600s,4,4,6,6,"[[2, 3], [5], [5], [5]]",5,9,150,0.94,0.0017125,20,5.15,103,42.4,848,600.0,12,OPTIMAL,8.25,165.0,164.99999999998664,0.0,0.0038199424743652344,0.004483555443584919,0.00836230794235468,1.0,0.0005710124969482422,2,OPTIMAL,8.25,0.0,3.1266281604766846,8.25,uniform_600s,8.25,8.25,0.0,True,42.4,True,True,True
N20_lambda2_rep005_seed8833891466833448724,8833891466833448724,5,20,4,"[5, 5, 5, 5]","[[7, 8, 13, 14, 15], [1, 2, 4, 7, 7], [2, 2, 3, 3, 5], [3, 6, 6, 8, 9]]",2.0,2.0,2.0,0.5,1,3,PP,uniform_600s,4,4,8,8,"[[2, 3], [5], [5], [5]]",5,9,150,0.94,0.001817,20,5.15,103,45.05,901,600.0,12,OPTIMAL,8.25,165.0,164.99999999998664,0.0,0.0033559799194335938,0.0048451730981469154,0.008259437967924594,1.0,0.0005249977111816406,2,OPTIMAL,8.25,0.0,3.1266281604766846,8.25,uniform_600s,8.25,8.25,0.0,True,45.05,True,True,True
N20_lambda2_rep005_seed8833891466833448724,8833891466833448724,5,20,4,"[5, 5, 5, 5]","[[7, 8, 13, 14, 15], [1, 2, 4, 7, 7], [2, 2, 3, 3, 5], [3, 6, 6, 8, 9]]",2.0,2.0,2.0,0.5,1,3,PP,uniform_600s,6,6,2,2,"[[2, 2, 1], [2, 2, 1], [2, 2, 1], [2, 2, 1]]",12,54,150,0.64,0.0048925,20,3.85,77,45.5,910,600.0,12,OPTIMAL,8.25,165.0,165.0,0.0,0.12544608116149902,0.00531687680631876,0.13082817968155622,1963.0,0.000982046127319336,5,OPTIMAL,8.25,0.0,3.1266281604766846,8.25,uniform_600s,8.25,8.25,0.0,True,45.5,True,True,True
N20_lambda2_rep005_seed8833891466833448724,8833891466833448724,5,20,4,"[5, 5, 5, 5]","[[7, 8, 13, 14, 15], [1, 2, 4, 7, 7], [2, 2, 3, 3, 5], [3, 6, 6, 8, 9]]",2.0,2.0,2.0,0.5,1,3,PP,uniform_600s,6,6,4,4,"[[4, 1], [4, 1], [4, 1], [4, 1]]",8,24,150,0.84,0.0048675,20,7.95,159,68.25,1365,600.0,12,OPTIMAL,8.25,165.0,164.99999999997783,0.0,0.013949155807495117,0.005043303593993187,0.019055331534080504,1.0,0.00022411346435546875,3,OPTIMAL,8.25,0.0,3.1266281604766846,8.25,uniform_600s,8.25,8.25,0.0,True,68.25,True,True,True
N20_lambda2_rep005_seed8833891466833448724,8833891466833448724,5,20,4,"[5, 5, 5, 5]","[[7, 8, 13, 14, 15], [1, 2, 4, 7, 7], [2, 2, 3, 3, 5], [3, 6, 6, 8, 9]]",2.0,2.0,2.0,0.5,1,3,PP,uniform_600s,6,6,6,6,"[[5], [5], [5], [5]]",4,6,150,0.96,0.0017725,20,8.55,171,72.8,1456,600.0,12,OPTIMAL,8.25,165.0,164.99999999998664,0.0,0.0023200511932373047,0.004331956617534161,0.006708739518544674,1.0,0.0005228519439697266,2,OPTIMAL,8.25,0.0,3.1266281604766846,8.25,uniform_600s,8.25,8.25,0.0,True,72.8,True,True,True
N20_lambda2_rep005_seed8833891466833448724,8833891466833448724,5,20,4,"[5, 5, 5, 5]","[[7, 8, 13, 14, 15], [1, 2, 4, 7, 7], [2, 2, 3, 3, 5], [3, 6, 6, 8, 9]]",2.0,2.0,2.0,0.5,1,3,PP,uniform_600s,6,6,8,8,"[[5], [5], [5], [5]]",4,6,150,0.96,0.001833,20,8.55,171,77.35,1547,600.0,12,OPTIMAL,8.25,165.0,164.99999999998664,0.0,0.0024509429931640625,0.0040593259036540985,0.006565283209796428,1.0,0.0004749298095703125,2,OPTIMAL,8.25,0.0,3.1266281604766846,8.25,uniform_600s,8.25,8.25,0.0,True,77.35,True,True,True
N20_lambda2_rep005_seed8833891466833448724,8833891466833448724,5,20,4,"[5, 5, 5, 5]","[[7, 8, 13, 14, 15], [1, 2, 4, 7, 7], [2, 2, 3, 3, 5], [3, 6, 6, 8, 9]]",2.0,2.0,2.0,0.5,1,3,PP,uniform_600s,8,8,2,2,"[[2, 2, 1], [2, 2, 1], [2, 2, 1], [2, 2, 1]]",12,54,150,0.64,0.0018625,20,3.85,77,64.5,1290,600.0,12,OPTIMAL,8.25,165.0,165.0,0.0,0.1299440860748291,0.00508697796612978,0.1350966941976428,1963.0,0.0009839534759521484,5,OPTIMAL,8.25,0.0,3.1266281604766846,8.25,uniform_600s,8.25,8.25,0.0,True,64.5,True,True,True
N20_lambda2_rep005_seed8833891466833448724,8833891466833448724,5,20,4,"[5, 5, 5, 5]","[[7, 8, 13, 14, 15], [1, 2, 4, 7, 7], [2, 2, 3, 3, 5], [3, 6, 6, 8, 9]]",2.0,2.0,2.0,0.5,1,3,PP,uniform_600s,8,8,4,4,"[[4, 1], [4, 1], [4, 1], [4, 1]]",8,24,150,0.84,0.001878,20,7.95,159,96.75,1935,600.0,12,OPTIMAL,8.25,165.0,164.99999999997783,0.0,0.013757944107055664,0.0050590755417943,0.01887818843791771,1.0,0.0002110004425048828,3,OPTIMAL,8.25,0.0,3.1266281604766846,8.25,uniform_600s,8.25,8.25,0.0,True,96.75,True,True,True
N20_lambda2_rep005_seed8833891466833448724,8833891466833448724,5,20,4,"[5, 5, 5, 5]","[[7, 8, 13, 14, 15], [1, 2, 4, 7, 7], [2, 2, 3, 3, 5], [3, 6, 6, 8, 9]]",2.0,2.0,2.0,0.5,1,3,PP,uniform_600s,8,8,6,6,"[[5], [5], [5], [5]]",4,6,150,0.96,0.004477,20,8.55,171,103.2,2064,600.0,12,OPTIMAL,8.25,165.0,164.99999999998664,0.0,0.002580881118774414,0.004816088825464249,0.0074608774316926,1.0,0.0004928112030029297,2,OPTIMAL,8.25,0.0,3.1266281604766846,8.25,uniform_600s,8.25,8.25,0.0,True,103.2,True,True,True
N20_lambda2_rep005_seed8833891466833448724,8833891466833448724,5,20,4,"[5, 5, 5, 5]","[[7, 8, 13, 14, 15], [1, 2, 4, 7, 7], [2, 2, 3, 3, 5], [3, 6, 6, 8, 9]]",2.0,2.0,2.0,0.5,1,3,PP,uniform_600s,8,8,8,8,"[[5], [5], [5], [5]]",4,6,150,0.96,0.004447,20,8.55,171,109.65,2193,600.0,12,OPTIMAL,8.25,165.0,164.99999999998664,0.0,0.002789020538330078,0.004204705357551575,0.0070539125519723895,1.0,0.0004870891571044922,2,OPTIMAL,8.25,0.0,3.1266281604766846,8.25,uniform_600s,8.25,8.25,0.0,True,109.65,True,True,True
N20_lambda2_rep006_seed11769815684307160584,11769815684307160584,6,20,4,"[5, 5, 5, 5]","[[4, 6, 7, 10, 13], [3, 3, 4, 4, 7], [4, 5, 7, 8, 11], [0, 5, 6, 7, 10]]",2.0,2.0,2.0,0.5,1,3,PP,uniform_600s,2,2,2,2,"[[2, 1, 1, 1], [2, 2, 1], [2, 2, 1], [1, 2, 1, 1]]",14,73,150,0.5133333333333333,0.0018025,20,0.75,15,7.5,150,600.0,12,OPTIMAL,7.9,158.0,158.0,0.0,0.10943984985351562,0.005435426719486713,0.11493259800564289,2610.0,0.0011758804321289062,10,OPTIMAL,7.9,0.0,2.4131948947906494,7.9,uniform_600s,7.9,7.9,0.0,True,7.5,True,True,True
N20_lambda2_rep006_seed11769815684307160584,11769815684307160584,6,20,4,"[5, 5, 5, 5]","[[4, 6, 7, 10, 13], [3, 3, 4, 4, 7], [4, 5, 7, 8, 11], [0, 5, 6, 7, 10]]",2.0,2.0,2.0,0.5,1,3,PP,uniform_600s,2,2,4,4,"[[3, 1, 1], [4, 1], [4, 1], [1, 3, 1]]",10,37,150,0.7533333333333333,0.0017825,20,1.45,29,11.25,225,600.0,12,OPTIMAL,7.9,158.0,157.99999999999994,0.0,0.026417016983032227,0.004776379093527794,0.031247208774836062,268.0,0.00086212158203125,8,OPTIMAL,7.9,0.0,2.4131948947906494,7.9,uniform_600s,7.9,7.9,0.0,True,11.25,True,True,True
N20_lambda2_rep006_seed11769815684307160584,11769815684307160584,6,20,4,"[5, 5, 5, 5]","[[4, 6, 7, 10, 13], [3, 3, 4, 4, 7], [4, 5, 7, 8, 11], [0, 5, 6, 7, 10]]",2.0,2.0,2.0,0.5,1,3,PP,uniform_600s,2,2,6,6,"[[3, 1, 1], [4, 1], [4, 1], [1, 3, 1]]",10,37,150,0.7533333333333333,0.004447,20,1.45,29,12.0,240,600.0,12,OPTIMAL,7.9,158.0,157.99999999999994,0.0,0.026073932647705078,0.005081510171294212,0.03121184644279194,268.0,0.0008409023284912109,8,OPTIMAL,7.9,0.0,2.4131948947906494,7.9,uniform_600s,7.9,7.9,0.0,True,12.0,True,True,True
N20_lambda2_rep006_seed11769815684307160584,11769815684307160584,6,20,4,"[5, 5, 5, 5]","[[4, 6, 7, 10, 13], [3, 3, 4, 4, 7], [4, 5, 7, 8, 11], [0, 5, 6, 7, 10]]",2.0,2.0,2.0,0.5,1,3,PP,uniform_600s,2,2,8,8,"[[3, 1, 1], [4, 1], [4, 1], [1, 3, 1]]",10,37,150,0.7533333333333333,0.004286,20,1.45,29,12.75,255,600.0,12,OPTIMAL,7.9,158.0,157.99999999999994,0.0,0.02645397186279297,0.004697609692811966,0.03120757924156046,268.0,0.0008609294891357422,8,OPTIMAL,7.9,0.0,2.4131948947906494,7.9,uniform_600s,7.9,7.9,0.0,True,12.75,True,True,True
N20_lambda2_rep006_seed11769815684307160584,11769815684307160584,6,20,4,"[5, 5, 5, 5]","[[4, 6, 7, 10, 13], [3, 3, 4, 4, 7], [4, 5, 7, 8, 11], [0, 5, 6, 7, 10]]",2.0,2.0,2.0,0.5,1,3,PP,uniform_600s,4,4,2,2,"[[2, 2, 1], [2, 2, 1], [2, 2, 1], [1, 2, 2]]",12,54,150,0.64,0.0017825,20,3.65,73,26.5,530,600.0,12,OPTIMAL,7.9,158.0,158.0,0.0,0.08262896537780762,0.004721685312688351,0.08740424825325728,1132.0,0.0009059906005859375,7,OPTIMAL,7.9,0.0,2.4131948947906494,7.9,uniform_600s,7.9,7.9,0.0,True,26.5,True,True,True
N20_lambda2_rep006_seed11769815684307160584,11769815684307160584,6,20,4,"[5, 5, 5, 5]","[[4, 6, 7, 10, 13], [3, 3, 4, 4, 7], [4, 5, 7, 8, 11], [0, 5, 6, 7, 10]]",2.0,2.0,2.0,0.5,1,3,PP,uniform_600s,4,4,4,4,"[[4, 1], [4, 1], [4, 1], [1, 4]]",8,24,150,0.84,0.001747,20,4.35,87,39.75,795,600.0,12,OPTIMAL,7.9,158.0,158.0,0.0,0.014890909194946289,0.004433230496942997,0.019377151343008995,90.0,0.0001850128173828125,4,OPTIMAL,7.9,0.0,2.4131948947906494,7.9,uniform_600s,7.9,7.9,0.0,True,39.75,True,True,True
N20_lambda2_rep006_seed11769815684307160584,11769815684307160584,6,20,4,"[5, 5, 5, 5]","[[4, 6, 7, 10, 13], [3, 3, 4, 4, 7], [4, 5, 7, 8, 11], [0, 5, 6, 7, 10]]",2.0,2.0,2.0,0.5,1,3,PP,uniform_600s,4,4,6,6,"[[5], [5], [5], [1, 4]]",5,9,150,0.94,0.0044765,20,8.55,171,42.4,848,600.0,12,OPTIMAL,7.9,158.0,157.99999999999528,0.0,0.002512216567993164,0.004318356513977051,0.00688495543345356,1.0,0.0005199909210205078,5,OPTIMAL,7.9,0.0,2.4131948947906494,7.9,uniform_600s,7.9,7.9,0.0,True,42.4,True,True,True
N20_lambda2_rep006_seed11769815684307160584,11769815684307160584,6,20,4,"[5, 5, 5, 5]","[[4, 6, 7, 10, 13], [3, 3, 4, 4, 7], [4, 5, 7, 8, 11], [0, 5, 6, 7, 10]]",2.0,2.0,2.0,0.5,1,3,PP,uniform_600s,4,4,8,8,"[[5], [5], [5], [1, 4]]",5,9,150,0.94,0.004281,20,8.55,171,45.05,901,600.0,12,OPTIMAL,7.9,158.0,157.99999999999528,0.0,0.0021789073944091797,0.004051693715155125,0.006284302741986275,1.0,0.0004968643188476562,5,OPTIMAL,7.9,0.0,2.4131948947906494,7.9,uniform_600s,7.9,7.9,0.0,True,45.05,True,True,True
N20_lambda2_rep006_seed11769815684307160584,11769815684307160584,6,20,4,"[5, 5, 5, 5]","[[4, 6, 7, 10, 13], [3, 3, 4, 4, 7], [4, 5, 7, 8, 11], [0, 5, 6, 7, 10]]",2.0,2.0,2.0,0.5,1,3,PP,uniform_600s,6,6,2,2,"[[2, 2, 1], [2, 2, 1], [2, 2, 1], [2, 2, 1]]",12,54,150,0.64,0.004497,20,5.85,117,45.5,910,600.0,12,OPTIMAL,9.3,186.0,186.0,0.0,0.09560298919677734,0.005003121681511402,0.10066462179364873,2320.0,0.0009100437164306641,7,OPTIMAL,7.9,0.0,2.4131948947906494,7.9,uniform_600s,9.3,9.3,1.4000000000000004,True,44.1,True,True,True
N20_lambda2_rep006_seed11769815684307160584,11769815684307160584,6,20,4,"[5, 5, 5, 5]","[[4, 6, 7, 10, 13], [3, 3, 4, 4, 7], [4, 5, 7, 8, 11], [0, 5, 6, 7, 10]]",2.0,2.0,2.0,0.5,1,3,PP,uniform_600s,6,6,4,4,"[[4, 1], [4, 1], [4, 1], [4, 1]]",8,24,150,0.84,0.0042465,20,6.55,131,68.25,1365,600.0,12,OPTIMAL,9.3,186.0,186.0,0.0,0.017919063568115234,0.004747204482555389,0.022727782507106303,140.0,0.00016808509826660156,7,OPTIMAL,7.9,0.0,2.4131948947906494,7.9,uniform_600s,9.3,9.3,1.4000000000000004,True,66.85,True,True,True
N20_lambda2_rep006_seed11769815684307160584,11769815684307160584,6,20,4,"[5, 5, 5, 5]","[[4, 6, 7, 10, 13], [3, 3, 4, 4, 7], [4, 5, 7, 8, 11], [0, 5, 6, 7, 10]]",2.0,2.0,2.0,0.5,1,3,PP,uniform_600s,6,6,6,6,"[[5], [5], [5], [5]]",4,6,150,0.96,0.0016875,20,12.15,243,72.8,1456,600.0,12,OPTIMAL,9.3,186.0,186.0,0.0,0.0026988983154296875,0.003985925577580929,0.006737648452937603,1.0,0.0004999637603759766,2,OPTIMAL,7.9,0.0,2.4131948947906494,7.9,uniform_600s,9.3,9.3,1.4000000000000004,True,71.39999999999999,True,True,True
N20_lambda2_rep006_seed11769815684307160584,11769815684307160584,6,20,4,"[5, 5, 5, 5]","[[4, 6, 7, 10, 13], [3, 3, 4, 4, 7], [4, 5, 7, 8, 11], [0, 5, 6, 7, 10]]",2.0,2.0,2.0,0.5,1,3,PP,uniform_600s,6,6,8,8,"[[5], [5], [5], [5]]",4,6,150,0.96,0.004166,20,12.15,243,77.35,1547,600.0,12,OPTIMAL,9.3,186.0,186.0,0.0,0.002399921417236328,0.003856578841805458,0.006309164882114887,1.0,0.00045299530029296875,2,OPTIMAL,7.9,0.0,2.4131948947906494,7.9,uniform_600s,9.3,9.3,1.4000000000000004,True,75.94999999999999,True,True,True
N20_lambda2_rep006_seed11769815684307160584,11769815684307160584,6,20,4,"[5, 5, 5, 5]","[[4, 6, 7, 10, 13], [3, 3, 4, 4, 7], [4, 5, 7, 8, 11], [0, 5, 6, 7, 10]]",2.0,2.0,2.0,0.5,1,3,PP,uniform_600s,8,8,2,2,"[[2, 2, 1], [2, 2, 1], [2, 2, 1], [2, 2, 1]]",12,54,150,0.64,0.0043865,20,5.85,117,64.5,1290,600.0,12,OPTIMAL,9.3,186.0,186.0,0.0,0.09331893920898438,0.004929100163280964,0.0983044737656703,2320.0,0.0009109973907470703,7,OPTIMAL,7.9,0.0,2.4131948947906494,7.9,uniform_600s,9.3,9.3,1.4000000000000004,True,63.1,True,True,True
N20_lambda2_rep006_seed11769815684307160584,11769815684307160584,6,20,4,"[5, 5, 5, 5]","[[4, 6, 7, 10, 13], [3, 3, 4, 4, 7], [4, 5, 7, 8, 11], [0, 5, 6, 7, 10]]",2.0,2.0,2.0,0.5,1,3,PP,uniform_600s,8,8,4,4,"[[4, 1], [4, 1], [4, 1], [4, 1]]",8,24,150,0.84,0.001687,20,6.55,131,96.75,1935,600.0,12,OPTIMAL,9.3,186.0,186.0,0.0,0.019407987594604492,0.004410916939377785,0.023872456888162613,140.0,0.00016307830810546875,7,OPTIMAL,7.9,0.0,2.4131948947906494,7.9,uniform_600s,9.3,9.3,1.4000000000000004,True,95.35,True,True,True
N20_lambda2_rep006_seed11769815684307160584,11769815684307160584,6,20,4,"[5, 5, 5, 5]","[[4, 6, 7, 10, 13], [3, 3, 4, 4, 7], [4, 5, 7, 8, 11], [0, 5, 6, 7, 10]]",2.0,2.0,2.0,0.5,1,3,PP,uniform_600s,8,8,6,6,"[[5], [5], [5], [5]]",4,6,150,0.96,0.001733,20,12.15,243,103.2,2064,600.0,12,OPTIMAL,9.3,186.0,186.0,0.0,0.0029311180114746094,0.003983891569077969,0.00696778185160923,1.0,0.0005071163177490234,2,OPTIMAL,7.9,0.0,2.4131948947906494,7.9,uniform_600s,9.3,9.3,1.4000000000000004,True,101.8,True,True,True
N20_lambda2_rep006_seed11769815684307160584,11769815684307160584,6,20,4,"[5, 5, 5, 5]","[[4, 6, 7, 10, 13], [3, 3, 4, 4, 7], [4, 5, 7, 8, 11], [0, 5, 6, 7, 10]]",2.0,2.0,2.0,0.5,1,3,PP,uniform_600s,8,8,8,8,"[[5], [5], [5], [5]]",4,6,150,0.96,0.0042615,20,12.15,243,109.65,2193,600.0,12,OPTIMAL,9.3,186.0,186.0,0.0,0.0023910999298095703,0.004040377214550972,0.006484356476723194,1.0,0.0004570484161376953,2,OPTIMAL,7.9,0.0,2.4131948947906494,7.9,uniform_600s,9.3,9.3,1.4000000000000004,True,108.25,True,True,True
N20_lambda2_rep007_seed10311923749819368062,10311923749819368062,7,20,4,"[5, 5, 5, 5]","[[1, 5, 5, 6, 7], [3, 5, 7, 9, 10], [5, 7, 9, 10, 13], [5, 11, 14, 17, 20]]",2.0,2.0,2.0,0.5,1,3,PP,uniform_600s,2,2,2,2,"[[1, 2, 2], [2, 2, 1], [2, 2, 1], [1, 1, 1, 1, 1]]",14,72,150,0.52,0.001993,20,2.15,43,7.5,150,600.0,12,OPTIMAL,7.9,158.0,158.0,0.0,0.13581204414367676,0.006022283807396889,0.14190460552224446,3171.0,0.001194000244140625,10,OPTIMAL,7.9,0.0,2.801079034805298,7.9,uniform_600s,7.9,7.9,0.0,True,7.5,True,True,True
N20_lambda2_rep007_seed10311923749819368062,10311923749819368062,7,20,4,"[5, 5, 5, 5]","[[1, 5, 5, 6, 7], [3, 5, 7, 9, 10], [5, 7, 9, 10, 13], [5, 11, 14, 17, 20]]",2.0,2.0,2.0,0.5,1,3,PP,uniform_600s,2,2,4,4,"[[1, 4], [4, 1], [4, 1], [1, 1, 1, 1, 1]]",11,42,150,0.72,0.001942,20,3.55,71,11.25,225,600.0,12,OPTIMAL,7.9,158.0,158.0,0.0,0.03382706642150879,0.004851371981203556,0.03873759993037414,290.0,0.0009751319885253906,3,OPTIMAL,7.9,0.0,2.801079034805298,7.9,uniform_600s,7.9,7.9,0.0,True,11.25,True,True,True
N20_lambda2_rep007_seed10311923749819368062,10311923749819368062,7,20,4,"[5, 5, 5, 5]","[[1, 5, 5, 6, 7], [3, 5, 7, 9, 10], [5, 7, 9, 10, 13], [5, 11, 14, 17, 20]]",2.0,2.0,2.0,0.5,1,3,PP,uniform_600s,2,2,6,6,"[[1, 4], [5], [4, 1], [1, 1, 1, 1, 1]]",10,33,150,0.78,0.001933,20,3.55,71,12.0,240,600.0,12,OPTIMAL,7.9,158.0,158.0,0.0,0.02868485450744629,0.004717039875686169,0.03345886202803421,198.0,0.0008499622344970703,4,OPTIMAL,7.9,0.0,2.801079034805298,7.9,uniform_600s,7.9,7.9,0.0,True,12.0,True,True,True
N20_lambda2_rep007_seed10311923749819368062,10311923749819368062,7,20,4,"[5, 5, 5, 5]","[[1, 5, 5, 6, 7], [3, 5, 7, 9, 10], [5, 7, 9, 10, 13], [5, 11, 14, 17, 20]]",2.0,2.0,2.0,0.5,1,3,PP,uniform_600s,2,2,8,8,"[[1, 4], [5], [4, 1], [1, 1, 1, 1, 1]]",10,33,150,0.78,0.003265,20,3.55,71,12.75,255,600.0,12,OPTIMAL,7.9,158.0,158.0,0.0,0.03204512596130371,0.006956393830478191,0.03908572696806431,198.0,0.0012521743774414062,4,OPTIMAL,7.9,0.0,2.801079034805298,7.9,uniform_600s,7.9,7.9,0.0,True,12.75,True,True,True
N20_lambda2_rep007_seed10311923749819368062,10311923749819368062,7,20,4,"[5, 5, 5, 5]","[[1, 5, 5, 6, 7], [3, 5, 7, 9, 10], [5, 7, 9, 10, 13], [5, 11, 14, 17, 20]]",2.0,2.0,2.0,0.5,1,3,PP,uniform_600s,4,4,2,2,"[[2, 2, 1], [2, 2, 1], [2, 2, 1], [1, 2, 2]]",12,54,150,0.64,0.0047925,20,7.8,156,26.5,530,600.0,12,OPTIMAL,7.9,158.0,158.0,0.0,0.10331392288208008,0.005326910875737667,0.10870255614415884,2399.0,0.00022482872009277344,8,OPTIMAL,7.9,0.0,2.801079034805298,7.9,uniform_600s,7.9,7.9,0.0,True,26.5,True,True,True
N20_lambda2_rep007_seed10311923749819368062,10311923749819368062,7,20,4,"[5, 5, 5, 5]","[[1, 5, 5, 6, 7], [3, 5, 7, 9, 10], [5, 7, 9, 10, 13], [5, 11, 14, 17, 20]]",2.0,2.0,2.0,0.5,1,3,PP,uniform_600s,4,4,4,4,"[[4, 1], [4, 1], [4, 1], [1, 4]]",8,24,150,0.84,0.002003,20,10.7,214,39.75,795,600.0,12,OPTIMAL,7.9,158.0,158.0,0.0,0.020690202713012695,0.004744361154735088,0.02549151955626297,103.0,0.00020599365234375,7,OPTIMAL,7.9,0.0,2.801079034805298,7.9,uniform_600s,7.9,7.9,0.0,True,39.75,True,True,True
N20_lambda2_rep007_seed10311923749819368062,10311923749819368062,7,20,4,"[5, 5, 5, 5]","[[1, 5, 5, 6, 7], [3, 5, 7, 9, 10], [5, 7, 9, 10, 13], [5, 11, 14, 17, 20]]",2.0,2.0,2.0,0.5,1,3,PP,uniform_600s,4,4,6,6,"[[5], [5], [5], [1, 4]]",5,9,150,0.94,0.0017125,20,12.1,242,42.4,848,600.0,12,OPTIMAL,7.9,158.0,157.9999999999916,0.0,0.004197835922241211,0.004445378668606281,0.00870348586037159,1.0,0.0006120204925537109,3,OPTIMAL,7.9,0.0,2.801079034805298,7.9,uniform_600s,7.9,7.9,0.0,True,42.4,True,True,True
N20_lambda2_rep007_seed10311923749819368062,10311923749819368062,7,20,4,"[5, 5, 5, 5]","[[1, 5, 5, 6, 7], [3, 5, 7, 9, 10], [5, 7, 9, 10, 13], [5, 11, 14, 17, 20]]",2.0,2.0,2.0,0.5,1,3,PP,uniform_600s,4,4,8,8,"[[5], [5], [5], [1, 4]]",5,9,150,0.94,0.0017325,20,12.1,242,45.05,901,600.0,12,OPTIMAL,7.9,158.0,157.9999999999916,0.0,0.004256010055541992,0.004137332551181316,0.008447978885574341,1.0,0.0005488395690917969,3,OPTIMAL,7.9,0.0,2.801079034805298,7.9,uniform_600s,7.9,7.9,0.0,True,45.05,True,True,True
N20_lambda2_rep007_seed10311923749819368062,10311923749819368062,7,20,4,"[5, 5, 5, 5]","[[1, 5, 5, 6, 7], [3, 5, 7, 9, 10], [5, 7, 9, 10, 13], [5, 11, 14, 17, 20]]",2.0,2.0,2.0,0.5,1,3,PP,uniform_600s,6,6,2,2,"[[2, 2, 1], [2, 2, 1], [2, 2, 1], [2, 2, 1]]",12,54,150,0.64,0.004542,20,10.85,217,45.5,910,600.0,12,OPTIMAL,7.9,158.0,158.0,0.0,0.07065200805664062,0.005431970581412315,0.0761516373002572,1109.0,0.0009958744049072266,10,OPTIMAL,7.9,0.0,2.801079034805298,7.9,uniform_600s,7.9,7.9,0.0,True,45.5,True,True,True
N20_lambda2_rep007_seed10311923749819368062,10311923749819368062,7,20,4,"[5, 5, 5, 5]","[[1, 5, 5, 6, 7], [3, 5, 7, 9, 10], [5, 7, 9, 10, 13], [5, 11, 14, 17, 20]]",2.0,2.0,2.0,0.5,1,3,PP,uniform_600s,6,6,4,4,"[[4, 1], [4, 1], [4, 1], [4, 1]]",8,24,150,0.84,0.001783,20,13.85,277,68.25,1365,600.0,12,OPTIMAL,7.9,158.0,158.0,0.0,0.017165184020996094,0.00468822568655014,0.021915874892540457,110.0,0.0001690387725830078,2,OPTIMAL,7.9,0.0,2.801079034805298,7.9,uniform_600s,7.9,7.9,0.0,True,68.25,True,True,True
N20_lambda2_rep007_seed10311923749819368062,10311923749819368062,7,20,4,"[5, 5, 5, 5]","[[1, 5, 5, 6, 7], [3, 5, 7, 9, 10], [5, 7, 9, 10, 13], [5, 11, 14, 17, 20]]",2.0,2.0,2.0,0.5,1,3,PP,uniform_600s,6,6,6,6,"[[5], [5], [5], [5]]",4,6,150,0.96,0.0017525,20,16.65,333,72.8,1456,600.0,12,OPTIMAL,7.9,158.0,157.99999999998465,0.0,0.0028879642486572266,0.004402074031531811,0.007343609568240642,1.0,0.0005159378051757812,3,OPTIMAL,7.9,0.0,2.801079034805298,7.9,uniform_600s,7.9,7.9,0.0,True,72.8,True,True,True
N20_lambda2_rep007_seed10311923749819368062,10311923749819368062,7,20,4,"[5, 5, 5, 5]","[[1, 5, 5, 6, 7], [3, 5, 7, 9, 10], [5, 7, 9, 10, 13], [5, 11, 14, 17, 20]]",2.0,2.0,2.0,0.5,1,3,PP,uniform_600s,6,6,8,8,"[[5], [5], [5], [5]]",4,6,150,0.96,0.0017525,20,16.65,333,77.35,1547,600.0,12,OPTIMAL,7.9,158.0,157.99999999998465,0.0,0.0027871131896972656,0.004694665782153606,0.007535429422321319,1.0,0.000514984130859375,3,OPTIMAL,7.9,0.0,2.801079034805298,7.9,uniform_600s,7.9,7.9,0.0,True,77.35,True,True,True
N20_lambda2_rep007_seed10311923749819368062,10311923749819368062,7,20,4,"[5, 5, 5, 5]","[[1, 5, 5, 6, 7], [3, 5, 7, 9, 10], [5, 7, 9, 10, 13], [5, 11, 14, 17, 20]]",2.0,2.0,2.0,0.5,1,3,PP,uniform_600s,8,8,2,2,"[[2, 2, 1], [2, 2, 1], [2, 2, 1], [2, 2, 1]]",12,54,150,0.64,0.001833,20,10.85,217,64.5,1290,600.0,12,OPTIMAL,7.9,158.0,158.0,0.0,0.0794980525970459,0.005014108493924141,0.08457603507560063,1109.0,0.0009059906005859375,10,OPTIMAL,7.9,0.0,2.801079034805298,7.9,uniform_600s,7.9,7.9,0.0,True,64.5,True,True,True
N20_lambda2_rep007_seed10311923749819368062,10311923749819368062,7,20,4,"[5, 5, 5, 5]","[[1, 5, 5, 6, 7], [3, 5, 7, 9, 10], [5, 7, 9, 10, 13], [5, 11, 14, 17, 20]]",2.0,2.0,2.0,0.5,1,3,PP,uniform_600s,8,8,4,4,"[[4, 1], [4, 1], [4, 1], [4, 1]]",8,24,150,0.84,0.001758,20,13.85,277,96.75,1935,600.0,12,OPTIMAL,7.9,158.0,158.0,0.0,0.017445087432861328,0.004691321402788162,0.022197336552782537,110.0,0.00016808509826660156,2,OPTIMAL,7.9,0.0,2.801079034805298,7.9,uniform_600s,7.9,7.9,0.0,True,96.75,True,True,True
N20_lambda2_rep007_seed10311923749819368062,10311923749819368062,7,20,4,"[5, 5, 5, 5]","[[1, 5, 5, 6, 7], [3, 5, 7, 9, 10], [5, 7, 9, 10, 13], [5, 11, 14, 17, 20]]",2.0,2.0,2.0,0.5,1,3,PP,uniform_600s,8,8,6,6,"[[5], [5], [5], [5]]",4,6,150,0.96,0.0018325,20,16.65,333,103.2,2064,600.0,12,OPTIMAL,7.9,158.0,157.99999999998465,0.0,0.003072023391723633,0.0043738605454564095,0.007503981359202862,1.0,0.00049591064453125,3,OPTIMAL,7.9,0.0,2.801079034805298,7.9,uniform_600s,7.9,7.9,0.0,True,103.2,True,True,True
N20_lambda2_rep007_seed10311923749819368062,10311923749819368062,7,20,4,"[5, 5, 5, 5]","[[1, 5, 5, 6, 7], [3, 5, 7, 9, 10], [5, 7, 9, 10, 13], [5, 11, 14, 17, 20]]",2.0,2.0,2.0,0.5,1,3,PP,uniform_600s,8,8,8,8,"[[5], [5], [5], [5]]",4,6,150,0.96,0.001758,20,16.65,333,109.65,2193,600.0,12,OPTIMAL,7.9,158.0,157.99999999998465,0.0,0.0027849674224853516,0.004079535603523254,0.006917971780641556,1.0,0.0004851818084716797,3,OPTIMAL,7.9,0.0,2.801079034805298,7.9,uniform_600s,7.9,7.9,0.0,True,109.65,True,True,True
N20_lambda2_rep008_seed10901563455842220244,10901563455842220244,8,20,4,"[5, 5, 5, 5]","[[7, 11, 12, 14, 18], [1, 3, 7, 7, 9], [2, 4, 4, 11, 12], [3, 5, 8, 11, 13]]",2.0,2.0,2.0,0.5,1,3,PP,uniform_600s,2,2,2,2,"[[1, 2, 1, 1], [2, 2, 1], [2, 1, 2], [2, 1, 2]]",13,63,150,0.5800000000000001,0.001833,20,2.85,57,7.5,150,600.0,12,OPTIMAL,8.15,163.0,162.99999999998852,0.0,0.2448878288269043,0.005544761195778847,0.2504957683093505,7775.0,0.0010828971862792969,8,OPTIMAL,7.8,0.0,16.17659616470337,7.8,uniform_600s,8.15,8.15,0.35000000000000053,True,7.1499999999999995,True,True,True
N20_lambda2_rep008_seed10901563455842220244,10901563455842220244,8,20,4,"[5, 5, 5, 5]","[[7, 11, 12, 14, 18], [1, 3, 7, 7, 9], [2, 4, 4, 11, 12], [3, 5, 8, 11, 13]]",2.0,2.0,2.0,0.5,1,3,PP,uniform_600s,2,2,4,4,"[[1, 3, 1], [2, 3], [3, 2], [2, 1, 2]]",10,37,150,0.7533333333333333,0.002869,20,4.1,82,11.25,225,600.0,12,OPTIMAL,8.15,163.0,162.9999999999872,0.0,0.08379220962524414,0.004991014488041401,0.08884274825946713,2240.0,0.0008661746978759766,8,OPTIMAL,7.8,0.0,16.17659616470337,7.8,uniform_600s,8.15,8.15,0.35000000000000053,True,10.899999999999999,True,True,True
N20_lambda2_rep008_seed10901563455842220244,10901563455842220244,8,20,4,"[5, 5, 5, 5]","[[7, 11, 12, 14, 18], [1, 3, 7, 7, 9], [2, 4, 4, 11, 12], [3, 5, 8, 11, 13]]",2.0,2.0,2.0,0.5,1,3,PP,uniform_600s,2,2,6,6,"[[1, 3, 1], [2, 3], [3, 2], [2, 1, 2]]",10,37,150,0.7533333333333333,0.0043915,20,4.1,82,12.0,240,600.0,12,OPTIMAL,8.15,163.0,162.9999999999872,0.0,0.07570004463195801,0.004883402027189732,0.08064023064190531,2240.0,0.0008058547973632812,8,OPTIMAL,7.8,0.0,16.17659616470337,7.8,uniform_600s,8.15,8.15,0.35000000000000053,True,11.649999999999999,True,True,True
N20_lambda2_rep008_seed10901563455842220244,10901563455842220244,8,20,4,"[5, 5, 5, 5]","[[7, 11, 12, 14, 18], [1, 3, 7, 7, 9], [2, 4, 4, 11, 12], [3, 5, 8, 11, 13]]",2.0,2.0,2.0,0.5,1,3,PP,uniform_600s,2,2,8,8,"[[1, 3, 1], [2, 3], [3, 2], [2, 1, 2]]",10,37,150,0.7533333333333333,0.001788,20,4.1,82,12.75,255,600.0,12,OPTIMAL,8.15,163.0,162.9999999999872,0.0,0.07610583305358887,0.004733925685286522,0.0808940845079546,2240.0,0.0008199214935302734,8,OPTIMAL,7.8,0.0,16.17659616470337,7.8,uniform_600s,8.15,8.15,0.35000000000000053,True,12.399999999999999,True,True,True
N20_lambda2_rep008_seed10901563455842220244,10901563455842220244,8,20,4,"[5, 5, 5, 5]","[[7, 11, 12, 14, 18], [1, 3, 7, 7, 9], [2, 4, 4, 11, 12], [3, 5, 8, 11, 13]]",2.0,2.0,2.0,0.5,1,3,PP,uniform_600s,4,4,2,2,"[[2, 2, 1], [2, 2, 1], [2, 1, 2], [2, 2, 1]]",12,54,150,0.64,0.001768,20,7.05,141,26.5,530,600.0,12,OPTIMAL,8.15,163.0,163.0,0.0,0.12860798835754395,0.0046130819246172905,0.1332755362387233,3054.0,0.0009069442749023438,6,OPTIMAL,7.8,0.0,16.17659616470337,7.8,uniform_600s,8.15,8.15,0.35000000000000053,True,26.15,True,True,True
N20_lambda2_rep008_seed10901563455842220244,10901563455842220244,8,20,4,"[5, 5, 5, 5]","[[7, 11, 12, 14, 18], [1, 3, 7, 7, 9], [2, 4, 4, 11, 12], [3, 5, 8, 11, 13]]",2.0,2.0,2.0,0.5,1,3,PP,uniform_600s,4,4,4,4,"[[4, 1], [4, 1], [3, 2], [4, 1]]",8,24,150,0.84,0.001733,20,11.15,223,39.75,795,600.0,12,OPTIMAL,8.15,163.0,163.0,0.0,0.025888919830322266,0.004360060207545757,0.03030239119621086,167.0,0.000186920166015625,7,OPTIMAL,7.8,0.0,16.17659616470337,7.8,uniform_600s,8.15,8.15,0.35000000000000053,True,39.4,True,True,True
N20_lambda2_rep008_seed10901563455842220244,10901563455842220244,8,20,4,"[5, 5, 5, 5]","[[7, 11, 12, 14, 18], [1, 3, 7, 7, 9], [2, 4, 4, 11, 12], [3, 5, 8, 11, 13]]",2.0,2.0,2.0,0.5,1,3,PP,uniform_600s,4,4,6,6,"[[5], [5], [3, 2], [5]]",5,9,150,0.94,0.004647,20,14.55,291,42.4,848,600.0,12,OPTIMAL,8.15,163.0,163.0,0.0,0.0033559799194335938,0.003966105170547962,0.007377080319687843,1.0,0.00047516822814941406,5,OPTIMAL,7.8,0.0,16.17659616470337,7.8,uniform_600s,8.15,8.15,0.35000000000000053,True,42.05,True,True,True
N20_lambda2_rep008_seed10901563455842220244,10901563455842220244,8,20,4,"[5, 5, 5, 5]","[[7, 11, 12, 14, 18], [1, 3, 7, 7, 9], [2, 4, 4, 11, 12], [3, 5, 8, 11, 13]]",2.0,2.0,2.0,0.5,1,3,PP,uniform_600s,4,4,8,8,"[[5], [5], [3, 2], [5]]",5,9,150,0.94,0.0042815,20,14.55,291,45.05,901,600.0,12,OPTIMAL,8.15,163.0,163.0,0.0,0.0030128955841064453,0.003912945277988911,0.006978753232974052,1.0,0.00043392181396484375,5,OPTIMAL,7.8,0.0,16.17659616470337,7.8,uniform_600s,8.15,8.15,0.35000000000000053,True,44.699999999999996,True,True,True
N20_lambda2_rep008_seed10901563455842220244,10901563455842220244,8,20,4,"[5, 5, 5, 5]","[[7, 11, 12, 14, 18], [1, 3, 7, 7, 9], [2, 4, 4, 11, 12], [3, 5, 8, 11, 13]]",2.0,2.0,2.0,0.5,1,3,PP,uniform_600s,6,6,2,2,"[[2, 2, 1], [2, 2, 1], [2, 1, 2], [2, 2, 1]]",12,54,150,0.64,0.001778,20,7.05,141,45.5,910,600.0,12,OPTIMAL,8.15,163.0,163.0,0.0,0.14439105987548828,0.005442265421152115,0.14989275309533168,3054.0,0.0008821487426757812,6,OPTIMAL,7.8,0.0,16.17659616470337,7.8,uniform_600s,8.15,8.15,0.35000000000000053,True,45.15,True,True,True
N20_lambda2_rep008_seed10901563455842220244,10901563455842220244,8,20,4,"[5, 5, 5, 5]","[[7, 11, 12, 14, 18], [1, 3, 7, 7, 9], [2, 4, 4, 11, 12], [3, 5, 8, 11, 13]]",2.0,2.0,2.0,0.5,1,3,PP,uniform_600s,6,6,4,4,"[[4, 1], [4, 1], [3, 2], [4, 1]]",8,24,150,0.84,0.0043165,20,11.15,223,68.25,1365,600.0,12,OPTIMAL,8.15,163.0,163.0,0.0,0.0260469913482666,0.004778753034770489,0.03089034911858225,167.0,0.00019288063049316406,7,OPTIMAL,7.8,0.0,16.17659616470337,7.8,uniform_600s,8.15,8.15,0.35000000000000053,True,67.9,True,True,True
N20_lambda2_rep008_seed10901563455842220244,10901563455842220244,8,20,4,"[5, 5, 5, 5]","[[7, 11, 12, 14, 18], [1, 3, 7, 7, 9], [2, 4, 4, 11, 12], [3, 5, 8, 11, 13]]",2.0,2.0,2.0,0.5,1,3,PP,uniform_600s,6,6,6,6,"[[5], [5], [3, 2], [5]]",5,9,150,0.94,0.0017625,20,14.55,291,72.8,1456,600.0,12,OPTIMAL,8.15,163.0,163.0,0.0,0.0035219192504882812,0.00428755022585392,0.007865298045766354,1.0,0.0004999637603759766,5,OPTIMAL,7.8,0.0,16.17659616470337,7.8,uniform_600s,8.15,8.15,0.35000000000000053,True,72.45,True,True,True
N20_lambda2_rep008_seed10901563455842220244,10901563455842220244,8,20,4,"[5, 5, 5, 5]","[[7, 11, 12, 14, 18], [1, 3, 7, 7, 9], [2, 4, 4, 11, 12], [3, 5, 8, 11, 13]]",2.0,2.0,2.0,0.5,1,3,PP,uniform_600s,6,6,8,8,"[[5], [5], [3, 2], [5]]",5,9,150,0.94,0.004447,20,14.55,291,77.35,1547,600.0,12,OPTIMAL,8.15,163.0,163.0,0.0,0.0033559799194335938,0.0045391106978058815,0.007950406456264972,1.0,0.0004799365997314453,5,OPTIMAL,7.8,0.0,16.17659616470337,7.8,uniform_600s,8.15,8.15,0.35000000000000053,True,77.0,True,True,True
N20_lambda2_rep008_seed10901563455842220244,10901563455842220244,8,20,4,"[5, 5, 5, 5]","[[7, 11, 12, 14, 18], [1, 3, 7, 7, 9], [2, 4, 4, 11, 12], [3, 5, 8, 11, 13]]",2.0,2.0,2.0,0.5,1,3,PP,uniform_600s,8,8,2,2,"[[2, 2, 1], [2, 2, 1], [2, 2, 1], [2, 2, 1]]",12,54,150,0.64,0.004497,20,11.95,239,64.5,1290,600.0,12,OPTIMAL,8.55,171.0,171.0,0.0,0.1376950740814209,0.005108311772346497,0.14287184701951455,4527.0,0.0008790493011474609,10,OPTIMAL,7.8,0.0,16.17659616470337,7.8,uniform_600s,9.05,8.55,0.7500000000000009,True,63.75,True,True,True
N20_lambda2_rep008_seed10901563455842220244,10901563455842220244,8,20,4,"[5, 5, 5, 5]","[[7, 11, 12, 14, 18], [1, 3, 7, 7, 9], [2, 4, 4, 11, 12], [3, 5, 8, 11, 13]]",2.0,2.0,2.0,0.5,1,3,PP,uniform_600s,8,8,4,4,"[[4, 1], [4, 1], [4, 1], [4, 1]]",8,24,150,0.84,0.001702,20,16.05,321,96.75,1935,600.0,12,OPTIMAL,9.05,181.0,181.0,0.0,0.020786046981811523,0.004682858474552631,0.025527393919028758,132.0,0.00019812583923339844,3,OPTIMAL,7.8,0.0,16.17659616470337,7.8,uniform_600s,9.05,9.05,1.2500000000000009,True,95.5,True,True,True
N20_lambda2_rep008_seed10901563455842220244,10901563455842220244,8,20,4,"[5, 5, 5, 5]","[[7, 11, 12, 14, 18], [1, 3, 7, 7, 9], [2, 4, 4, 11, 12], [3, 5, 8, 11, 13]]",2.0,2.0,2.0,0.5,1,3,PP,uniform_600s,8,8,6,6,"[[5], [5], [5], [5]]",4,6,150,0.96,0.001687,20,19.45,389,103.2,2064,600.0,12,OPTIMAL,9.05,181.0,180.9999999999929,0.0,0.0027141571044921875,0.004169551655650139,0.006937228518032551,1.0,0.0004899501800537109,3,OPTIMAL,7.8,0.0,16.17659616470337,7.8,uniform_600s,9.05,9.05,1.2500000000000009,True,101.95,True,True,True
N20_lambda2_rep008_seed10901563455842220244,10901563455842220244,8,20,4,"[5, 5, 5, 5]","[[7, 11, 12, 14, 18], [1, 3, 7, 7, 9], [2, 4, 4, 11, 12], [3, 5, 8, 11, 13]]",2.0,2.0,2.0,0.5,1,3,PP,uniform_600s,8,8,8,8,"[[5], [5], [5], [5]]",4,6,150,0.96,0.001718,20,19.45,389,109.65,2193,600.0,12,OPTIMAL,9.05,181.0,180.9999999999929,0.0,0.003077983856201172,0.004009679891169071,0.007141398907130242,1.0,0.0004391670227050781,3,OPTIMAL,7.8,0.0,16.17659616470337,7.8,uniform_600s,9.05,9.05,1.2500000000000009,True,108.4,True,True,True
N20_lambda2_rep009_seed8246821776735846900,8246821776735846900,9,20,4,"[5, 5, 5, 5]","[[3, 5, 10, 11, 12], [3, 7, 8, 11, 12], [5, 9, 12, 13, 15], [6, 7, 11, 13, 17]]",2.0,2.0,2.0,0.5,1,3,PP,uniform_600s,2,2,2,2,"[[2, 2, 1], [1, 2, 2], [1, 1, 2, 1], [2, 2, 1]]",13,63,150,0.5800000000000001,0.0024735,20,1.4,28,7.5,150,600.0,12,OPTIMAL,8.15,163.0,163.0,0.0,0.21970605850219727,0.008024889044463634,0.22781786127053355,5664.0,0.0013899803161621094,10,OPTIMAL,8.15,0.0,10.317426204681396,8.15,uniform_600s,8.15,8.15,0.0,True,7.5,True,True,True
N20_lambda2_rep009_seed8246821776735846900,8246821776735846900,9,20,4,"[5, 5, 5, 5]","[[3, 5, 10, 11, 12], [3, 7, 8, 11, 12], [5, 9, 12, 13, 15], [6, 7, 11, 13, 17]]",2.0,2.0,2.0,0.5,1,3,PP,uniform_600s,2,2,4,4,"[[2, 3], [1, 2, 2], [1, 1, 3], [2, 2, 1]]",11,45,150,0.7,0.002864,20,2.0,40,11.25,225,600.0,12,OPTIMAL,8.15,163.0,163.0,0.0,0.1294541358947754,0.005578992888331413,0.13510343450734758,2480.0,0.0014090538024902344,7,OPTIMAL,8.15,0.0,10.317426204681396,8.15,uniform_600s,8.15,8.15,0.0,True,11.25,True,True,True
N20_lambda2_rep009_seed8246821776735846900,8246821776735846900,9,20,4,"[5, 5, 5, 5]","[[3, 5, 10, 11, 12], [3, 7, 8, 11, 12], [5, 9, 12, 13, 15], [6, 7, 11, 13, 17]]",2.0,2.0,2.0,0.5,1,3,PP,uniform_600s,2,2,6,6,"[[2, 3], [1, 2, 2], [1, 1, 3], [2, 2, 1]]",11,45,150,0.7,0.001913,20,2.0,40,12.0,240,600.0,12,OPTIMAL,8.15,163.0,163.0,0.0,0.11486291885375977,0.005168791860342026,0.12009459926570702,2480.0,0.0008928775787353516,7,OPTIMAL,8.15,0.0,10.317426204681396,8.15,uniform_600s,8.15,8.15,0.0,True,12.0,True,True,True
N20_lambda2_rep009_seed8246821776735846900,8246821776735846900,9,20,4,"[5, 5, 5, 5]","[[3, 5, 10, 11, 12], [3, 7, 8, 11, 12], [5, 9, 12, 13, 15], [6, 7, 11, 13, 17]]",2.0,2.0,2.0,0.5,1,3,PP,uniform_600s,2,2,8,8,"[[2, 3], [1, 2, 2], [1, 1, 3], [2, 2, 1]]",11,45,150,0.7,0.0055135,20,2.0,40,12.75,255,600.0,12,OPTIMAL,8.15,163.0,163.0,0.0,0.12717199325561523,0.005584500730037689,0.13282375417234993,2480.0,0.0009567737579345703,7,OPTIMAL,8.15,0.0,10.317426204681396,8.15,uniform_600s,8.15,8.15,0.0,True,12.75,True,True,True
N20_lambda2_rep009_seed8246821776735846900,8246821776735846900,9,20,4,"[5, 5, 5, 5]","[[3, 5, 10, 11, 12], [3, 7, 8, 11, 12], [5, 9, 12, 13, 15], [6, 7, 11, 13, 17]]",2.0,2.0,2.0,0.5,1,3,PP,uniform_600s,4,4,2,2,"[[2, 2, 1], [2, 2, 1], [2, 2, 1], [2, 2, 1]]",12,54,150,0.64,0.004802,20,8.2,164,26.5,530,600.0,12,OPTIMAL,8.15,163.0,163.0,0.0,0.08974909782409668,0.0050845155492424965,0.0948967385182519,1505.0,0.0009329319000244141,10,OPTIMAL,8.15,0.0,10.317426204681396,8.15,uniform_600s,8.15,8.15,0.0,True,26.5,True,True,True
N20_lambda2_rep009_seed8246821776735846900,8246821776735846900,9,20,4,"[5, 5, 5, 5]","[[3, 5, 10, 11, 12], [3, 7, 8, 11, 12], [5, 9, 12, 13, 15], [6, 7, 11, 13, 17]]",2.0,2.0,2.0,0.5,1,3,PP,uniform_600s,4,4,4,4,"[[2, 3], [4, 1], [4, 1], [4, 1]]",8,24,150,0.84,0.0029045,20,12.3,246,39.75,795,600.0,12,OPTIMAL,8.15,163.0,162.99999999998818,0.0,0.022394895553588867,0.006855572573840618,0.02933975652151537,122.0,0.0011069774627685547,7,OPTIMAL,8.15,0.0,10.317426204681396,8.15,uniform_600s,8.15,8.15,0.0,True,39.75,True,True,True
N20_lambda2_rep009_seed8246821776735846900,8246821776735846900,9,20,4,"[5, 5, 5, 5]","[[3, 5, 10, 11, 12], [3, 7, 8, 11, 12], [5, 9, 12, 13, 15], [6, 7, 11, 13, 17]]",2.0,2.0,2.0,0.5,1,3,PP,uniform_600s,4,4,6,6,"[[2, 3], [5], [5], [5]]",5,9,150,0.94,0.004557,20,15.1,302,42.4,848,600.0,12,OPTIMAL,8.15,163.0,162.9999999999941,0.0,0.003898143768310547,0.00496355164796114,0.008925800250370026,1.0,0.0005941390991210938,3,OPTIMAL,8.15,0.0,10.317426204681396,8.15,uniform_600s,8.15,8.15,0.0,True,42.4,True,True,True
N20_lambda2_rep009_seed8246821776735846900,8246821776735846900,9,20,4,"[5, 5, 5, 5]","[[3, 5, 10, 11, 12], [3, 7, 8, 11, 12], [5, 9, 12, 13, 15], [6, 7, 11, 13, 17]]",2.0,2.0,2.0,0.5,1,3,PP,uniform_600s,4,4,8,8,"[[2, 3], [5], [5], [5]]",5,9,150,0.94,0.0017175,20,15.1,302,45.05,901,600.0,12,OPTIMAL,8.15,163.0,162.9999999999941,0.0,0.0038509368896484375,0.004143493250012398,0.008049511491863727,1.0,0.0004799365997314453,3,OPTIMAL,8.15,0.0,10.317426204681396,8.15,uniform_600s,8.15,8.15,0.0,True,45.05,True,True,True
N20_lambda2_rep009_seed8246821776735846900,8246821776735846900,9,20,4,"[5, 5, 5, 5]","[[3, 5, 10, 11, 12], [3, 7, 8, 11, 12], [5, 9, 12, 13, 15], [6, 7, 11, 13, 17]]",2.0,2.0,2.0,0.5,1,3,PP,uniform_600s,6,6,2,2,"[[2, 2, 1], [2, 2, 1], [2, 2, 1], [2, 2, 1]]",12,54,150,0.64,0.004632,20,8.2,164,45.5,910,600.0,12,OPTIMAL,8.15,163.0,163.0,0.0,0.09208202362060547,0.005049731582403183,0.09719147679594231,1505.0,0.0008990764617919922,10,OPTIMAL,8.15,0.0,10.317426204681396,8.15,uniform_600s,10.55,8.15,0.0,True,45.5,True,True,True
N20_lambda2_rep009_seed8246821776735846900,8246821776735846900,9,20,4,"[5, 5, 5, 5]","[[3, 5, 10, 11, 12], [3, 7, 8, 11, 12], [5, 9, 12, 13, 15], [6, 7, 11, 13, 17]]",2.0,2.0,2.0,0.5,1,3,PP,uniform_600s,6,6,4,4,"[[4, 1], [4, 1], [4, 1], [4, 1]]",8,24,150,0.84,0.004496,20,15.7,314,68.25,1365,600.0,12,OPTIMAL,10.55,211.0,211.0,0.0,0.02608203887939453,0.0049610985442996025,0.031107848084755897,238.0,0.00018906593322753906,2,OPTIMAL,8.15,0.0,10.317426204681396,8.15,uniform_600s,10.55,10.55,2.4000000000000004,True,65.85,True,True,True
N20_lambda2_rep009_seed8246821776735846900,8246821776735846900,9,20,4,"[5, 5, 5, 5]","[[3, 5, 10, 11, 12], [3, 7, 8, 11, 12], [5, 9, 12, 13, 15], [6, 7, 11, 13, 17]]",2.0,2.0,2.0,0.5,1,3,PP,uniform_600s,6,6,6,6,"[[5], [5], [5], [5]]",4,6,150,0.96,0.001812,20,18.5,370,72.8,1456,600.0,12,OPTIMAL,10.55,211.0,211.0,0.0,0.002512216567993164,0.004301741719245911,0.006869601663374424,1.0,0.0004901885986328125,3,OPTIMAL,8.15,0.0,10.317426204681396,8.15,uniform_600s,10.55,10.55,2.4000000000000004,True,70.39999999999999,True,True,True
N20_lambda2_rep009_seed8246821776735846900,8246821776735846900,9,20,4,"[5, 5, 5, 5]","[[3, 5, 10, 11, 12], [3, 7, 8, 11, 12], [5, 9, 12, 13, 15], [6, 7, 11, 13, 17]]",2.0,2.0,2.0,0.5,1,3,PP,uniform_600s,6,6,8,8,"[[5], [5], [5], [5]]",4,6,150,0.96,0.0018275,20,18.5,370,77.35,1547,600.0,12,OPTIMAL,10.55,211.0,211.0,0.0,0.002769947052001953,0.0037846509367227554,0.006605268701150417,1.0,0.00042700767517089844,3,OPTIMAL,8.15,0.0,10.317426204681396,8.15,uniform_600s,10.55,10.55,2.4000000000000004,True,74.94999999999999,True,True,True
N20_lambda2_rep009_seed8246821776735846900,8246821776735846900,9,20,4,"[5, 5, 5, 5]","[[3, 5, 10, 11, 12], [3, 7, 8, 11, 12], [5, 9, 12, 13, 15], [6, 7, 11, 13, 17]]",2.0,2.0,2.0,0.5,1,3,PP,uniform_600s,8,8,2,2,"[[2, 2, 1], [2, 2, 1], [2, 2, 1], [2, 2, 1]]",12,54,150,0.64,0.001898,20,8.2,164,64.5,1290,600.0,12,OPTIMAL,8.15,163.0,163.0,0.0,0.08431696891784668,0.004859274253249168,0.08923618398791361,1505.0,0.0009310245513916016,10,OPTIMAL,8.15,0.0,10.317426204681396,8.15,uniform_600s,10.55,8.15,0.0,True,64.5,True,True,True
N20_lambda2_rep009_seed8246821776735846900,8246821776735846900,9,20,4,"[5, 5, 5, 5]","[[3, 5, 10, 11, 12], [3, 7, 8, 11, 12], [5, 9, 12, 13, 15], [6, 7, 11, 13, 17]]",2.0,2.0,2.0,0.5,1,3,PP,uniform_600s,8,8,4,4,"[[4, 1], [4, 1], [4, 1], [4, 1]]",8,24,150,0.84,0.001768,20,15.7,314,96.75,1935,600.0,12,OPTIMAL,10.55,211.0,211.0,0.0,0.026772022247314453,0.004765411838889122,0.03160757885830927,238.0,0.00018787384033203125,2,OPTIMAL,8.15,0.0,10.317426204681396,8.15,uniform_600s,10.55,10.55,2.4000000000000004,True,94.35,True,True,True
N20_lambda2_rep009_seed8246821776735846900,8246821776735846900,9,20,4,"[5, 5, 5, 5]","[[3, 5, 10, 11, 12], [3, 7, 8, 11, 12], [5, 9, 12, 13, 15], [6, 7, 11, 13, 17]]",2.0,2.0,2.0,0.5,1,3,PP,uniform_600s,8,8,6,6,"[[5], [5], [5], [5]]",4,6,150,0.96,0.001717,20,18.5,370,103.2,2064,600.0,12,OPTIMAL,10.55,211.0,211.0,0.0,0.0030210018157958984,0.0044693248346447945,0.00754836258917284,1.0,0.0005140304565429688,3,OPTIMAL,8.15,0.0,10.317426204681396,8.15,uniform_600s,10.55,10.55,2.4000000000000004,True,100.8,True,True,True
N20_lambda2_rep009_seed8246821776735846900,8246821776735846900,9,20,4,"[5, 5, 5, 5]","[[3, 5, 10, 11, 12], [3, 7, 8, 11, 12], [5, 9, 12, 13, 15], [6, 7, 11, 13, 17]]",2.0,2.0,2.0,0.5,1,3,PP,uniform_600s,8,8,8,8,"[[5], [5], [5], [5]]",4,6,150,0.96,0.001822,20,18.5,370,109.65,2193,600.0,12,OPTIMAL,10.55,211.0,211.0,0.0,0.002791881561279297,0.004257814958691597,0.007105388080331803,1.0,0.0004630088806152344,3,OPTIMAL,8.15,0.0,10.317426204681396,8.15,uniform_600s,10.55,10.55,2.4000000000000004,True,107.25,True,True,True
N20_lambda2p5_rep000_seed9486518909980665532,9486518909980665532,0,20,4,"[5, 5, 5, 5]","[[3, 3, 6, 8, 11], [1, 2, 5, 10, 11], [3, 6, 7, 9, 13], [2, 5, 6, 7, 9]]",2.5,2.5,2.5,0.625,1,3,PP,uniform_600s,2,2,2,2,"[[2, 2, 1], [2, 1, 2], [1, 2, 1, 1], [1, 2, 2]]",13,63,150,0.5800000000000001,0.0047125,20,1.25,25,7.5,150,600.0,12,OPTIMAL,8.35,167.0,167.0,0.0,0.18260788917541504,0.005260779522359371,0.18792395573886633,7005.0,0.0010287761688232422,5,OPTIMAL,8.35,0.0,3.8718440532684326,8.35,uniform_600s,8.35,8.35,0.0,True,7.5,True,True,True
N20_lambda2p5_rep000_seed9486518909980665532,9486518909980665532,0,20,4,"[5, 5, 5, 5]","[[3, 3, 6, 8, 11], [1, 2, 5, 10, 11], [3, 6, 7, 9, 13], [2, 5, 6, 7, 9]]",2.5,2.5,2.5,0.625,1,3,PP,uniform_600s,2,2,4,4,"[[2, 2, 1], [2, 1, 2], [1, 3, 1], [1, 4]]",11,45,150,0.7,0.0049475,20,1.9,38,11.25,225,600.0,12,OPTIMAL,8.35,167.0,167.0,0.0,0.09392404556274414,0.004942329600453377,0.09892240291244746,2147.0,0.0009429454803466797,4,OPTIMAL,8.35,0.0,3.8718440532684326,8.35,uniform_600s,8.35,8.35,0.0,True,11.25,True,True,True
N20_lambda2p5_rep000_seed9486518909980665532,9486518909980665532,0,20,4,"[5, 5, 5, 5]","[[3, 3, 6, 8, 11], [1, 2, 5, 10, 11], [3, 6, 7, 9, 13], [2, 5, 6, 7, 9]]",2.5,2.5,2.5,0.625,1,3,PP,uniform_600s,2,2,6,6,"[[2, 2, 1], [2, 1, 2], [1, 3, 1], [1, 4]]",11,45,150,0.7,0.001813,20,1.9,38,12.0,240,600.0,12,OPTIMAL,8.35,167.0,167.0,0.0,0.09392285346984863,0.004450947046279907,0.09842556220845032,2147.0,0.0008928775787353516,4,OPTIMAL,8.35,0.0,3.8718440532684326,8.35,uniform_600s,8.35,8.35,0.0,True,12.0,True,True,True
N20_lambda2p5_rep000_seed9486518909980665532,9486518909980665532,0,20,4,"[5, 5, 5, 5]","[[3, 3, 6, 8, 11], [1, 2, 5, 10, 11], [3, 6, 7, 9, 13], [2, 5, 6, 7, 9]]",2.5,2.5,2.5,0.625,1,3,PP,uniform_600s,2,2,8,8,"[[2, 2, 1], [2, 1, 2], [1, 3, 1], [1, 4]]",11,45,150,0.7,0.001778,20,1.9,38,12.75,255,600.0,12,OPTIMAL,8.35,167.0,167.0,0.0,0.09390997886657715,0.004433811642229557,0.09839604339838313,2147.0,0.0008959770202636719,4,OPTIMAL,8.35,0.0,3.8718440532684326,8.35,uniform_600s,8.35,8.35,0.0,True,12.75,True,True,True
N20_lambda2p5_rep000_seed9486518909980665532,9486518909980665532,0,20,4,"[5, 5, 5, 5]","[[3, 3, 6, 8, 11], [1, 2, 5, 10, 11], [3, 6, 7, 9, 13], [2, 5, 6, 7, 9]]",2.5,2.5,2.5,0.625,1,3,PP,uniform_600s,4,4,2,2,"[[2, 2, 1], [2, 1, 2], [2, 2, 1], [2, 2, 1]]",12,54,150,0.64,0.004727,20,4.7,94,26.5,530,600.0,12,OPTIMAL,8.35,167.0,167.0,0.0,0.11021804809570312,0.004797890782356262,0.11506979686916065,2927.0,0.0009229183197021484,5,OPTIMAL,8.35,0.0,3.8718440532684326,8.35,uniform_600s,9.75,8.35,0.0,True,26.5,True,True,True
N20_lambda2p5_rep000_seed9486518909980665532,9486518909980665532,0,20,4,"[5, 5, 5, 5]","[[3, 3, 6, 8, 11], [1, 2, 5, 10, 11], [3, 6, 7, 9, 13], [2, 5, 6, 7, 9]]",2.5,2.5,2.5,0.625,1,3,PP,uniform_600s,4,4,4,4,"[[4, 1], [3, 2], [4, 1], [4, 1]]",8,24,150,0.84,0.0017875,20,7.9,158,39.75,795,600.0,12,OPTIMAL,9.75,195.0,195.0,0.0,0.03158402442932129,0.0040750689804553986,0.03571001283220053,240.0,0.0007228851318359375,6,OPTIMAL,8.35,0.0,3.8718440532684326,8.35,uniform_600s,9.75,9.75,1.4000000000000004,True,38.35,True,True,True
N20_lambda2p5_rep000_seed9486518909980665532,9486518909980665532,0,20,4,"[5, 5, 5, 5]","[[3, 3, 6, 8, 11], [1, 2, 5, 10, 11], [3, 6, 7, 9, 13], [2, 5, 6, 7, 9]]",2.5,2.5,2.5,0.625,1,3,PP,uniform_600s,4,4,6,6,"[[5], [3, 2], [5], [5]]",5,9,150,0.94,0.001663,20,12.1,242,42.4,848,600.0,12,OPTIMAL,9.75,195.0,195.0,0.0,0.004046916961669922,0.0035995803773403168,0.007697073400629043,1.0,0.0004899501800537109,2,OPTIMAL,8.35,0.0,3.8718440532684326,8.35,uniform_600s,9.75,9.75,1.4000000000000004,True,41.0,True,True,True
N20_lambda2p5_rep000_seed9486518909980665532,9486518909980665532,0,20,4,"[5, 5, 5, 5]","[[3, 3, 6, 8, 11], [1, 2, 5, 10, 11], [3, 6, 7, 9, 13], [2, 5, 6, 7, 9]]",2.5,2.5,2.5,0.625,1,3,PP,uniform_600s,4,4,8,8,"[[5], [3, 2], [5], [5]]",5,9,150,0.94,0.004672,20,12.1,242,45.05,901,600.0,12,OPTIMAL,9.75,195.0,195.0,0.0,0.0045011043548583984,0.003638988360762596,0.008188359925338746,1.0,0.0004031658172607422,2,OPTIMAL,8.35,0.0,3.8718440532684326,8.35,uniform_600s,9.75,9.75,1.4000000000000004,True,43.65,True,True,True
N20_lambda2p5_rep000_seed9486518909980665532,9486518909980665532,0,20,4,"[5, 5, 5, 5]","[[3, 3, 6, 8, 11], [1, 2, 5, 10, 11], [3, 6, 7, 9, 13], [2, 5, 6, 7, 9]]",2.5,2.5,2.5,0.625,1,3,PP,uniform_600s,6,6,2,2,"[[2, 2, 1], [2, 2, 1], [2, 2, 1], [2, 2, 1]]",12,54,150,0.64,0.001572,20,7.9,158,45.5,910,600.0,12,OPTIMAL,8.35,167.0,167.0,0.0,0.10378503799438477,0.0044099148362874985,0.10824602276286793,1340.0,0.000865936279296875,3,OPTIMAL,8.35,0.0,3.8718440532684326,8.35,uniform_600s,10.85,8.35,0.0,True,45.5,True,True,True
N20_lambda2p5_rep000_seed9486518909980665532,9486518909980665532,0,20,4,"[5, 5, 5, 5]","[[3, 3, 6, 8, 11], [1, 2, 5, 10, 11], [3, 6, 7, 9, 13], [2, 5, 6, 7, 9]]",2.5,2.5,2.5,0.625,1,3,PP,uniform_600s,6,6,4,4,"[[4, 1], [4, 1], [4, 1], [4, 1]]",8,24,150,0.84,0.0017325,20,11.1,222,68.25,1365,600.0,12,OPTIMAL,10.45,209.0,209.0,0.0,0.026081085205078125,0.0040035611018538475,0.030135444605453015,338.0,0.0007081031799316406,3,OPTIMAL,8.35,0.0,3.8718440532684326,8.35,uniform_600s,10.85,10.45,2.0999999999999996,True,66.15,True,True,True
N20_lambda2p5_rep000_seed9486518909980665532,9486518909980665532,0,20,4,"[5, 5, 5, 5]","[[3, 3, 6, 8, 11], [1, 2, 5, 10, 11], [3, 6, 7, 9, 13], [2, 5, 6, 7, 9]]",2.5,2.5,2.5,0.625,1,3,PP,uniform_600s,6,6,6,6,"[[5], [5], [5], [5]]",4,6,150,0.96,0.001647,20,15.3,306,72.8,1456,600.0,12,OPTIMAL,10.85,217.0,216.9999999999995,0.0,0.0033059120178222656,0.0035709766671061516,0.006926933725163459,1.0,0.00045490264892578125,1,OPTIMAL,8.35,0.0,3.8718440532684326,8.35,uniform_600s,10.85,10.85,2.5,True,70.3,True,True,True
N20_lambda2p5_rep000_seed9486518909980665532,9486518909980665532,0,20,4,"[5, 5, 5, 5]","[[3, 3, 6, 8, 11], [1, 2, 5, 10, 11], [3, 6, 7, 9, 13], [2, 5, 6, 7, 9]]",2.5,2.5,2.5,0.625,1,3,PP,uniform_600s,6,6,8,8,"[[5], [5], [5], [5]]",4,6,150,0.96,0.0016675,20,15.3,306,77.35,1547,600.0,12,OPTIMAL,10.85,217.0,216.9999999999995,0.0,0.003278017044067383,0.004115109331905842,0.007442783996920586,1.0,0.0004138946533203125,1,OPTIMAL,8.35,0.0,3.8718440532684326,8.35,uniform_600s,10.85,10.85,2.5,True,74.85,True,True,True
N20_lambda2p5_rep000_seed9486518909980665532,9486518909980665532,0,20,4,"[5, 5, 5, 5]","[[3, 3, 6, 8, 11], [1, 2, 5, 10, 11], [3, 6, 7, 9, 13], [2, 5, 6, 7, 9]]",2.5,2.5,2.5,0.625,1,3,PP,uniform_600s,8,8,2,2,"[[2, 2, 1], [2, 2, 1], [2, 2, 1], [2, 2, 1]]",12,54,150,0.64,0.0016325,20,7.9,158,64.5,1290,600.0,12,OPTIMAL,8.35,167.0,167.0,0.0,0.09903883934020996,0.00404324010014534,0.10312984127879858,1340.0,0.0007870197296142578,3,OPTIMAL,8.35,0.0,3.8718440532684326,8.35,uniform_600s,10.85,8.35,0.0,True,64.5,True,True,True
N20_lambda2p5_rep000_seed9486518909980665532,9486518909980665532,0,20,4,"[5, 5, 5, 5]","[[3, 3, 6, 8, 11], [1, 2, 5, 10, 11], [3, 6, 7, 9, 13], [2, 5, 6, 7, 9]]",2.5,2.5,2.5,0.625,1,3,PP,uniform_600s,8,8,4,4,"[[4, 1], [4, 1], [4, 1], [4, 1]]",8,24,150,0.84,0.0017375,20,11.1,222,96.75,1935,600.0,12,OPTIMAL,10.45,209.0,209.0,0.0,0.02475595474243164,0.003948487341403961,0.02875586378054619,338.0,0.000701904296875,3,OPTIMAL,8.35,0.0,3.8718440532684326,8.35,uniform_600s,10.85,10.45,2.0999999999999996,True,94.65,True,True,True
N20_lambda2p5_rep000_seed9486518909980665532,9486518909980665532,0,20,4,"[5, 5, 5, 5]","[[3, 3, 6, 8, 11], [1, 2, 5, 10, 11], [3, 6, 7, 9, 13], [2, 5, 6, 7, 9]]",2.5,2.5,2.5,0.625,1,3,PP,uniform_600s,8,8,6,6,"[[5], [5], [5], [5]]",4,6,150,0.96,0.001733,20,15.3,306,103.2,2064,600.0,12,OPTIMAL,10.85,217.0,216.9999999999995,0.0,0.003111124038696289,0.003580210730433464,0.006741628790815354,1.0,0.0004611015319824219,1,OPTIMAL,8.35,0.0,3.8718440532684326,8.35,uniform_600s,10.85,10.85,2.5,True,100.7,True,True,True
N20_lambda2p5_rep000_seed9486518909980665532,9486518909980665532,0,20,4,"[5, 5, 5, 5]","[[3, 3, 6, 8, 11], [1, 2, 5, 10, 11], [3, 6, 7, 9, 13], [2, 5, 6, 7, 9]]",2.5,2.5,2.5,0.625,1,3,PP,uniform_600s,8,8,8,8,"[[5], [5], [5], [5]]",4,6,150,0.96,0.004021,20,15.3,306,109.65,2193,600.0,12,OPTIMAL,10.85,217.0,216.9999999999995,0.0,0.002683877944946289,0.003412937745451927,0.006148537170024872,1.0,0.00037789344787597656,1,OPTIMAL,8.35,0.0,3.8718440532684326,8.35,uniform_600s,10.85,10.85,2.5,True,107.15,True,True,True
N20_lambda2p5_rep001_seed15335221441642533701,15335221441642533701,1,20,4,"[5, 5, 5, 5]","[[1, 2, 3, 4, 10], [3, 4, 7, 12, 12], [3, 5, 7, 8, 9], [2, 8, 11, 12, 13]]",2.5,2.5,2.5,0.625,1,3,PP,uniform_600s,2,2,2,2,"[[2, 2, 1], [2, 1, 2], [2, 2, 1], [1, 1, 2, 1]]",13,63,150,0.5800000000000001,0.0018075,20,0.75,15,7.5,150,600.0,12,OPTIMAL,7.1,142.0,142.0,0.0,0.14735102653503418,0.004870150238275528,0.1522761320586753,4213.0,0.0010280609130859375,10,OPTIMAL,7.1,0.0,1.6918110847473145,7.1,uniform_600s,7.1,7.1,0.0,True,7.5,True,True,True
N20_lambda2p5_rep001_seed15335221441642533701,15335221441642533701,1,20,4,"[5, 5, 5, 5]","[[1, 2, 3, 4, 10], [3, 4, 7, 12, 12], [3, 5, 7, 8, 9], [2, 8, 11, 12, 13]]",2.5,2.5,2.5,0.625,1,3,PP,uniform_600s,2,2,4,4,"[[4, 1], [2, 1, 2], [4, 1], [1, 1, 3]]",10,37,150,0.7533333333333333,0.004502,20,1.45,29,11.25,225,600.0,12,OPTIMAL,7.1,142.0,142.0,0.0,0.04773092269897461,0.004609866999089718,0.05239531117090178,675.0,0.0002079010009765625,4,OPTIMAL,7.1,0.0,1.6918110847473145,7.1,uniform_600s,7.1,7.1,0.0,True,11.25,True,True,True
N20_lambda2p5_rep001_seed15335221441642533701,15335221441642533701,1,20,4,"[5, 5, 5, 5]","[[1, 2, 3, 4, 10], [3, 4, 7, 12, 12], [3, 5, 7, 8, 9], [2, 8, 11, 12, 13]]",2.5,2.5,2.5,0.625,1,3,PP,uniform_600s,2,2,6,6,"[[4, 1], [2, 1, 2], [5], [1, 1, 3]]",9,29,150,0.8066666666666666,0.001733,20,1.45,29,12.0,240,600.0,12,OPTIMAL,7.1,142.0,142.0,0.0,0.022346973419189453,0.004106226377189159,0.02650445773692894,274.0,0.0001900196075439453,6,OPTIMAL,7.1,0.0,1.6918110847473145,7.1,uniform_600s,7.1,7.1,0.0,True,12.0,True,True,True
N20_lambda2p5_rep001_seed15335221441642533701,15335221441642533701,1,20,4,"[5, 5, 5, 5]","[[1, 2, 3, 4, 10], [3, 4, 7, 12, 12], [3, 5, 7, 8, 9], [2, 8, 11, 12, 13]]",2.5,2.5,2.5,0.625,1,3,PP,uniform_600s,2,2,8,8,"[[4, 1], [2, 1, 2], [5], [1, 1, 3]]",9,29,150,0.8066666666666666,0.0048575,20,1.45,29,12.75,255,600.0,12,OPTIMAL,7.1,142.0,142.0,0.0,0.022908926010131836,0.004424195736646652,0.02738800151358366,274.0,0.0001919269561767578,6,OPTIMAL,7.1,0.0,1.6918110847473145,7.1,uniform_600s,7.1,7.1,0.0,True,12.75,True,True,True
N20_lambda2p5_rep001_seed15335221441642533701,15335221441642533701,1,20,4,"[5, 5, 5, 5]","[[1, 2, 3, 4, 10], [3, 4, 7, 12, 12], [3, 5, 7, 8, 9], [2, 8, 11, 12, 13]]",2.5,2.5,2.5,0.625,1,3,PP,uniform_600s,4,4,2,2,"[[2, 2, 1], [2, 1, 2], [2, 2, 1], [1, 2, 2]]",12,54,150,0.64,0.0017325,20,2.35,47,26.5,530,600.0,12,OPTIMAL,7.1,142.0,142.0,0.0,0.11959505081176758,0.005119506269693375,0.12476666109423161,2598.0,0.0009319782257080078,10,OPTIMAL,7.1,0.0,1.6918110847473145,7.1,uniform_600s,7.1,7.1,0.0,True,26.5,True,True,True
N20_lambda2p5_rep001_seed15335221441642533701,15335221441642533701,1,20,4,"[5, 5, 5, 5]","[[1, 2, 3, 4, 10], [3, 4, 7, 12, 12], [3, 5, 7, 8, 9], [2, 8, 11, 12, 13]]",2.5,2.5,2.5,0.625,1,3,PP,uniform_600s,4,4,4,4,"[[4, 1], [3, 2], [4, 1], [1, 4]]",8,24,150,0.84,0.0017575,20,4.65,93,39.75,795,600.0,12,OPTIMAL,7.1,142.0,142.0,0.0,0.020640850067138672,0.004058893769979477,0.02475189240766287,136.0,0.0007729530334472656,9,OPTIMAL,7.1,0.0,1.6918110847473145,7.1,uniform_600s,7.1,7.1,0.0,True,39.75,True,True,True
N20_lambda2p5_rep001_seed15335221441642533701,15335221441642533701,1,20,4,"[5, 5, 5, 5]","[[1, 2, 3, 4, 10], [3, 4, 7, 12, 12], [3, 5, 7, 8, 9], [2, 8, 11, 12, 13]]",2.5,2.5,2.5,0.625,1,3,PP,uniform_600s,4,4,6,6,"[[4, 1], [3, 2], [5], [1, 4]]",7,18,150,0.88,0.0042215,20,4.65,93,42.4,848,600.0,12,OPTIMAL,7.1,142.0,141.9999999999892,0.0,0.013262033462524414,0.004124944098293781,0.017439972424050806,104.0,0.0001780986785888672,4,OPTIMAL,7.1,0.0,1.6918110847473145,7.1,uniform_600s,7.1,7.1,0.0,True,42.4,True,True,True
N20_lambda2p5_rep001_seed15335221441642533701,15335221441642533701,1,20,4,"[5, 5, 5, 5]","[[1, 2, 3, 4, 10], [3, 4, 7, 12, 12], [3, 5, 7, 8, 9], [2, 8, 11, 12, 13]]",2.5,2.5,2.5,0.625,1,3,PP,uniform_600s,4,4,8,8,"[[4, 1], [3, 2], [5], [1, 4]]",7,18,150,0.88,0.001683,20,4.65,93,45.05,901,600.0,12,OPTIMAL,7.1,142.0,141.9999999999892,0.0,0.013262033462524414,0.004231855273246765,0.01754357396391201,104.0,0.00017595291137695312,4,OPTIMAL,7.1,0.0,1.6918110847473145,7.1,uniform_600s,7.1,7.1,0.0,True,45.05,True,True,True
N20_lambda2p5_rep001_seed15335221441642533701,15335221441642533701,1,20,4,"[5, 5, 5, 5]","[[1, 2, 3, 4, 10], [3, 4, 7, 12, 12], [3, 5, 7, 8, 9], [2, 8, 11, 12, 13]]",2.5,2.5,2.5,0.625,1,3,PP,uniform_600s,6,6,2,2,"[[2, 2, 1], [2, 2, 1], [2, 2, 1], [2, 2, 1]]",12,54,150,0.64,0.004717,20,8.5,170,45.5,910,600.0,12,OPTIMAL,7.1,142.0,142.0,0.0,0.0735478401184082,0.004846635274589062,0.07844826005416346,1042.0,0.0008699893951416016,10,OPTIMAL,7.1,0.0,1.6918110847473145,7.1,uniform_600s,10.55,7.1,0.0,True,45.5,True,True,True
N20_lambda2p5_rep001_seed15335221441642533701,15335221441642533701,1,20,4,"[5, 5, 5, 5]","[[1, 2, 3, 4, 10], [3, 4, 7, 12, 12], [3, 5, 7, 8, 9], [2, 8, 11, 12, 13]]",2.5,2.5,2.5,0.625,1,3,PP,uniform_600s,6,6,4,4,"[[4, 1], [4, 1], [4, 1], [4, 1]]",8,24,150,0.84,0.001718,20,12.4,248,68.25,1365,600.0,12,OPTIMAL,7.1,142.0,142.0,0.0,0.015966176986694336,0.003926774486899376,0.01994548988384533,60.0,0.00019407272338867188,6,OPTIMAL,7.1,0.0,1.6918110847473145,7.1,uniform_600s,10.55,7.1,0.0,True,68.25,True,True,True
N20_lambda2p5_rep001_seed15335221441642533701,15335221441642533701,1,20,4,"[5, 5, 5, 5]","[[1, 2, 3, 4, 10], [3, 4, 7, 12, 12], [3, 5, 7, 8, 9], [2, 8, 11, 12, 13]]",2.5,2.5,2.5,0.625,1,3,PP,uniform_600s,6,6,6,6,"[[5], [5], [5], [5]]",4,6,150,0.96,0.0044115,20,16.2,324,72.8,1456,600.0,12,OPTIMAL,10.55,211.0,211.0,0.0,0.002946138381958008,0.003945192322134972,0.006943980056845188,1.0,0.00042510032653808594,2,OPTIMAL,7.1,0.0,1.6918110847473145,7.1,uniform_600s,10.55,10.55,3.450000000000001,True,69.35,True,True,True
N20_lambda2p5_rep001_seed15335221441642533701,15335221441642533701,1,20,4,"[5, 5, 5, 5]","[[1, 2, 3, 4, 10], [3, 4, 7, 12, 12], [3, 5, 7, 8, 9], [2, 8, 11, 12, 13]]",2.5,2.5,2.5,0.625,1,3,PP,uniform_600s,6,6,8,8,"[[5], [5], [5], [5]]",4,6,150,0.96,0.0016525,20,16.2,324,77.35,1547,600.0,12,OPTIMAL,10.55,211.0,211.0,0.0,0.002696990966796875,0.0035495134070515633,0.006295814512636662,1.0,0.00041604042053222656,2,OPTIMAL,7.1,0.0,1.6918110847473145,7.1,uniform_600s,10.55,10.55,3.450000000000001,True,73.89999999999999,True,True,True
N20_lambda2p5_rep001_seed15335221441642533701,15335221441642533701,1,20,4,"[5, 5, 5, 5]","[[1, 2, 3, 4, 10], [3, 4, 7, 12, 12], [3, 5, 7, 8, 9], [2, 8, 11, 12, 13]]",2.5,2.5,2.5,0.625,1,3,PP,uniform_600s,8,8,2,2,"[[2, 2, 1], [2, 2, 1], [2, 2, 1], [2, 2, 1]]",12,54,150,0.64,0.0015775,20,8.5,170,64.5,1290,600.0,12,OPTIMAL,7.1,142.0,142.0,0.0,0.07359790802001953,0.0043017007410526276,0.07795107348610401,1042.0,0.0008149147033691406,10,OPTIMAL,7.1,0.0,1.6918110847473145,7.1,uniform_600s,10.55,7.1,0.0,True,64.5,True,True,True
N20_lambda2p5_rep001_seed15335221441642533701,15335221441642533701,1,20,4,"[5, 5, 5, 5]","[[1, 2, 3, 4, 10], [3, 4, 7, 12, 12], [3, 5, 7, 8, 9], [2, 8, 11, 12, 13]]",2.5,2.5,2.5,0.625,1,3,PP,uniform_600s,8,8,4,4,"[[4, 1], [4, 1], [4, 1], [4, 1]]",8,24,150,0.84,0.001713,20,12.4,248,96.75,1935,600.0,12,OPTIMAL,7.1,142.0,142.0,0.0,0.015987873077392578,0.003990580327808857,0.02002999123162079,60.0,0.0001850128173828125,6,OPTIMAL,7.1,0.0,1.6918110847473145,7.1,uniform_600s,10.55,7.1,0.0,True,96.75,True,True,True
N20_lambda2p5_rep001_seed15335221441642533701,15335221441642533701,1,20,4,"[5, 5, 5, 5]","[[1, 2, 3, 4, 10], [3, 4, 7, 12, 12], [3, 5, 7, 8, 9], [2, 8, 11, 12, 13]]",2.5,2.5,2.5,0.625,1,3,PP,uniform_600s,8,8,6,6,"[[5], [5], [5], [5]]",4,6,150,0.96,0.004217,20,16.2,324,103.2,2064,600.0,12,OPTIMAL,10.55,211.0,211.0,0.0,0.0028162002563476562,0.0035608308389782906,0.006429086410693645,1.0,0.00042819976806640625,2,OPTIMAL,7.1,0.0,1.6918110847473145,7.1,uniform_600s,10.55,10.55,3.450000000000001,True,99.75,True,True,True
N20_lambda2p5_rep001_seed15335221441642533701,15335221441642533701,1,20,4,"[5, 5, 5, 5]","[[1, 2, 3, 4, 10], [3, 4, 7, 12, 12], [3, 5, 7, 8, 9], [2, 8, 11, 12, 13]]",2.5,2.5,2.5,0.625,1,3,PP,uniform_600s,8,8,8,8,"[[5], [5], [5], [5]]",4,6,150,0.96,0.0042815,20,16.2,324,109.65,2193,600.0,12,OPTIMAL,10.55,211.0,211.0,0.0,0.002874135971069336,0.003856387920677662,0.006778599904495716,1.0,0.0003731250762939453,2,OPTIMAL,7.1,0.0,1.6918110847473145,7.1,uniform_600s,10.55,10.55,3.450000000000001,True,106.2,True,True,True
N20_lambda2p5_rep002_seed6670691744537893246,6670691744537893246,2,20,4,"[5, 5, 5, 5]","[[3, 4, 4, 5, 5], [0, 2, 3, 4, 4], [3, 6, 6, 10, 12], [3, 5, 5, 6, 8]]",2.5,2.5,2.5,0.625,1,3,PP,uniform_600s,2,2,2,2,"[[2, 2, 1], [2, 2, 1], [1, 2, 2], [2, 2, 1]]",12,54,150,0.64,0.004632,20,2.1,42,7.5,150,600.0,12,OPTIMAL,8.55,171.0,171.0,0.0,0.12367892265319824,0.0041465675458312035,0.1278771185987897,1856.0,0.0008940696716308594,3,OPTIMAL,8.55,0.0,2.6902759075164795,8.55,uniform_600s,8.55,8.55,0.0,True,7.5,True,True,True
N20_lambda2p5_rep002_seed6670691744537893246,6670691744537893246,2,20,4,"[5, 5, 5, 5]","[[3, 4, 4, 5, 5], [0, 2, 3, 4, 4], [3, 6, 6, 10, 12], [3, 5, 5, 6, 8]]",2.5,2.5,2.5,0.625,1,3,PP,uniform_600s,2,2,4,4,"[[4, 1], [4, 1], [1, 2, 2], [4, 1]]",9,30,150,0.8,0.001833,20,2.1,42,11.25,225,600.0,12,OPTIMAL,8.55,171.0,171.0,0.0,0.02492809295654297,0.004923831671476364,0.02990399503033924,168.0,0.0008151531219482422,3,OPTIMAL,8.55,0.0,2.6902759075164795,8.55,uniform_600s,8.55,8.55,0.0,True,11.25,True,True,True
N20_lambda2p5_rep002_seed6670691744537893246,6670691744537893246,2,20,4,"[5, 5, 5, 5]","[[3, 4, 4, 5, 5], [0, 2, 3, 4, 4], [3, 6, 6, 10, 12], [3, 5, 5, 6, 8]]",2.5,2.5,2.5,0.625,1,3,PP,uniform_600s,2,2,6,6,"[[5], [5], [1, 2, 2], [5]]",6,12,150,0.92,0.004587,20,2.7,54,12.0,240,600.0,12,OPTIMAL,8.55,171.0,170.9999999999951,0.0,0.004631996154785156,0.0040231915190815926,0.008708972720193386,1.0,0.00061798095703125,4,OPTIMAL,8.55,0.0,2.6902759075164795,8.55,uniform_600s,8.55,8.55,0.0,True,12.0,True,True,True
N20_lambda2p5_rep002_seed6670691744537893246,6670691744537893246,2,20,4,"[5, 5, 5, 5]","[[3, 4, 4, 5, 5], [0, 2, 3, 4, 4], [3, 6, 6, 10, 12], [3, 5, 5, 6, 8]]",2.5,2.5,2.5,0.625,1,3,PP,uniform_600s,2,2,8,8,"[[5], [5], [1, 2, 2], [5]]",6,12,150,0.92,0.001727,20,2.7,54,12.75,255,600.0,12,OPTIMAL,8.55,171.0,170.9999999999951,0.0,0.005097150802612305,0.0036323200911283493,0.008780043900134087,1.0,0.0005981922149658203,4,OPTIMAL,8.55,0.0,2.6902759075164795,8.55,uniform_600s,8.55,8.55,0.0,True,12.75,True,True,True
N20_lambda2p5_rep002_seed6670691744537893246,6670691744537893246,2,20,4,"[5, 5, 5, 5]","[[3, 4, 4, 5, 5], [0, 2, 3, 4, 4], [3, 6, 6, 10, 12], [3, 5, 5, 6, 8]]",2.5,2.5,2.5,0.625,1,3,PP,uniform_600s,4,4,2,2,"[[2, 2, 1], [2, 2, 1], [2, 2, 1], [2, 2, 1]]",12,54,150,0.64,0.004857,20,5.55,111,26.5,530,600.0,12,OPTIMAL,8.55,171.0,171.0,0.0,0.07260417938232422,0.004462533630430698,0.07711532447863292,962.0,0.0008060932159423828,5,OPTIMAL,8.55,0.0,2.6902759075164795,8.55,uniform_600s,8.55,8.55,0.0,True,26.5,True,True,True
N20_lambda2p5_rep002_seed6670691744537893246,6670691744537893246,2,20,4,"[5, 5, 5, 5]","[[3, 4, 4, 5, 5], [0, 2, 3, 4, 4], [3, 6, 6, 10, 12], [3, 5, 5, 6, 8]]",2.5,2.5,2.5,0.625,1,3,PP,uniform_600s,4,4,4,4,"[[4, 1], [4, 1], [4, 1], [4, 1]]",8,24,150,0.84,0.001688,20,5.55,111,39.75,795,600.0,12,OPTIMAL,8.55,171.0,170.99999999998778,0.0,0.02432394027709961,0.003918681293725967,0.028295017291045665,116.0,0.0007560253143310547,4,OPTIMAL,8.55,0.0,2.6902759075164795,8.55,uniform_600s,8.55,8.55,0.0,True,39.75,True,True,True
N20_lambda2p5_rep002_seed6670691744537893246,6670691744537893246,2,20,4,"[5, 5, 5, 5]","[[3, 4, 4, 5, 5], [0, 2, 3, 4, 4], [3, 6, 6, 10, 12], [3, 5, 5, 6, 8]]",2.5,2.5,2.5,0.625,1,3,PP,uniform_600s,4,4,6,6,"[[5], [5], [5], [5]]",4,6,150,0.96,0.001672,20,6.75,135,42.4,848,600.0,12,OPTIMAL,8.55,171.0,170.99999999998136,0.0,0.0028569698333740234,0.0035525690764188766,0.006459942363509655,1.0,0.00047087669372558594,2,OPTIMAL,8.55,0.0,2.6902759075164795,8.55,uniform_600s,8.55,8.55,0.0,True,42.4,True,True,True
N20_lambda2p5_rep002_seed6670691744537893246,6670691744537893246,2,20,4,"[5, 5, 5, 5]","[[3, 4, 4, 5, 5], [0, 2, 3, 4, 4], [3, 6, 6, 10, 12], [3, 5, 5, 6, 8]]",2.5,2.5,2.5,0.625,1,3,PP,uniform_600s,4,4,8,8,"[[5], [5], [5], [5]]",4,6,150,0.96,0.004512,20,6.75,135,45.05,901,600.0,12,OPTIMAL,8.55,171.0,170.99999999998136,0.0,0.0025382041931152344,0.0037990016862750053,0.00638972197017622,1.0,0.00044417381286621094,2,OPTIMAL,8.55,0.0,2.6902759075164795,8.55,uniform_600s,8.55,8.55,0.0,True,45.05,True,True,True
N20_lambda2p5_rep002_seed6670691744537893246,6670691744537893246,2,20,4,"[5, 5, 5, 5]","[[3, 4, 4, 5, 5], [0, 2, 3, 4, 4], [3, 6, 6, 10, 12], [3, 5, 5, 6, 8]]",2.5,2.5,2.5,0.625,1,3,PP,uniform_600s,6,6,2,2,"[[2, 2, 1], [2, 2, 1], [2, 2, 1], [2, 2, 1]]",12,54,150,0.64,0.001617,20,5.55,111,45.5,910,600.0,12,OPTIMAL,8.55,171.0,171.0,0.0,0.07021713256835938,0.0040290383622050285,0.07429321505178642,962.0,0.0008151531219482422,5,OPTIMAL,8.55,0.0,2.6902759075164795,8.55,uniform_600s,8.55,8.55,0.0,True,45.5,True,True,True
N20_lambda2p5_rep002_seed6670691744537893246,6670691744537893246,2,20,4,"[5, 5, 5, 5]","[[3, 4, 4, 5, 5], [0, 2, 3, 4, 4], [3, 6, 6, 10, 12], [3, 5, 5, 6, 8]]",2.5,2.5,2.5,0.625,1,3,PP,uniform_600s,6,6,4,4,"[[4, 1], [4, 1], [4, 1], [4, 1]]",8,24,150,0.84,0.001728,20,5.55,111,68.25,1365,600.0,12,OPTIMAL,8.55,171.0,170.99999999998778,0.0,0.023986101150512695,0.004001728259027004,0.0280385403203516,116.0,0.0007691383361816406,4,OPTIMAL,8.55,0.0,2.6902759075164795,8.55,uniform_600s,8.55,8.55,0.0,True,68.25,True,True,True
N20_lambda2p5_rep002_seed6670691744537893246,6670691744537893246,2,20,4,"[5, 5, 5, 5]","[[3, 4, 4, 5, 5], [0, 2, 3, 4, 4], [3, 6, 6, 10, 12], [3, 5, 5, 6, 8]]",2.5,2.5,2.5,0.625,1,3,PP,uniform_600s,6,6,6,6,"[[5], [5], [5], [5]]",4,6,150,0.96,0.0016975,20,6.75,135,72.8,1456,600.0,12,OPTIMAL,8.55,171.0,170.99999999998136,0.0,0.0029449462890625,0.0035450272262096405,0.006542672102103233,1.0,0.00047707557678222656,2,OPTIMAL,8.55,0.0,2.6902759075164795,8.55,uniform_600s,8.55,8.55,0.0,True,72.8,True,True,True
N20_lambda2p5_rep002_seed6670691744537893246,6670691744537893246,2,20,4,"[5, 5, 5, 5]","[[3, 4, 4, 5, 5], [0, 2, 3, 4, 4], [3, 6, 6, 10, 12], [3, 5, 5, 6, 8]]",2.5,2.5,2.5,0.625,1,3,PP,uniform_600s,6,6,8,8,"[[5], [5], [5], [5]]",4,6,150,0.96,0.0042115,20,6.75,135,77.35,1547,600.0,12,OPTIMAL,8.55,171.0,170.99999999998136,0.0,0.0030028820037841797,0.0037806425243616104,0.0068354253319015505,1.0,0.0004589557647705078,2,OPTIMAL,8.55,0.0,2.6902759075164795,8.55,uniform_600s,8.55,8.55,0.0,True,77.35,True,True,True
N20_lambda2p5_rep002_seed6670691744537893246,6670691744537893246,2,20,4,"[5, 5, 5, 5]","[[3, 4, 4, 5, 5], [0, 2, 3, 4, 4], [3, 6, 6, 10, 12], [3, 5, 5, 6, 8]]",2.5,2.5,2.5,0.625,1,3,PP,uniform_600s,8,8,2,2,"[[2, 2, 1], [2, 2, 1], [2, 2, 1], [2, 2, 1]]",12,54,150,0.64,0.0049175,20,5.55,111,64.5,1290,600.0,12,OPTIMAL,8.55,171.0,171.0,0.0,0.07194113731384277,0.0048125432804226875,0.07680374488739253,962.0,0.0008780956268310547,5,OPTIMAL,8.55,0.0,2.6902759075164795,8.55,uniform_600s,8.55,8.55,0.0,True,64.5,True,True,True
N20_lambda2p5_rep002_seed6670691744537893246,6670691744537893246,2,20,4,"[5, 5, 5, 5]","[[3, 4, 4, 5, 5], [0, 2, 3, 4, 4], [3, 6, 6, 10, 12], [3, 5, 5, 6, 8]]",2.5,2.5,2.5,0.625,1,3,PP,uniform_600s,8,8,4,4,"[[4, 1], [4, 1], [4, 1], [4, 1]]",8,24,150,0.84,0.001708,20,5.55,111,96.75,1935,600.0,12,OPTIMAL,8.55,171.0,170.99999999998778,0.0,0.022719144821166992,0.004586951807141304,0.027357391036148548,116.0,0.0007481575012207031,4,OPTIMAL,8.55,0.0,2.6902759075164795,8.55,uniform_600s,8.55,8.55,0.0,True,96.75,True,True,True
N20_lambda2p5_rep002_seed6670691744537893246,6670691744537893246,2,20,4,"[5, 5, 5, 5]","[[3, 4, 4, 5, 5], [0, 2, 3, 4, 4], [3, 6, 6, 10, 12], [3, 5, 5, 6, 8]]",2.5,2.5,2.5,0.625,1,3,PP,uniform_600s,8,8,6,6,"[[5], [5], [5], [5]]",4,6,150,0.96,0.001682,20,6.75,135,103.2,2064,600.0,12,OPTIMAL,8.55,171.0,170.99999999998136,0.0,0.003144979476928711,0.004195299930870533,0.007389977605778694,1.0,0.00047779083251953125,2,OPTIMAL,8.55,0.0,2.6902759075164795,8.55,uniform_600s,8.55,8.55,0.0,True,103.2,True,True,True
N20_lambda2p5_rep002_seed6670691744537893246,6670691744537893246,2,20,4,"[5, 5, 5, 5]","[[3, 4, 4, 5, 5], [0, 2, 3, 4, 4], [3, 6, 6, 10, 12], [3, 5, 5, 6, 8]]",2.5,2.5,2.5,0.625,1,3,PP,uniform_600s,8,8,8,8,"[[5], [5], [5], [5]]",4,6,150,0.96,0.0041715,20,6.75,135,109.65,2193,600.0,12,OPTIMAL,8.55,171.0,170.99999999998136,0.0,0.0028018951416015625,0.003523695282638073,0.006372876571508884,1.0,0.0004050731658935547,2,OPTIMAL,8.55,0.0,2.6902759075164795,8.55,uniform_600s,8.55,8.55,0.0,True,109.65,True,True,True
N20_lambda2p5_rep003_seed9145431841716046694,9145431841716046694,3,20,4,"[5, 5, 5, 5]","[[4, 5, 6, 8, 14], [0, 0, 0, 3, 3], [1, 1, 1, 2, 2], [2, 3, 6, 7, 7]]",2.5,2.5,2.5,0.625,1,3,PP,uniform_600s,2,2,2,2,"[[2, 2, 1], [2, 1, 2], [2, 2, 1], [2, 2, 1]]",12,54,150,0.64,0.0044815,20,0.65,13,7.5,150,600.0,12,OPTIMAL,8.75,175.0,175.0,0.0,0.09346985816955566,0.00498486403375864,0.09851026439479017,2499.0,0.0010418891906738281,9,OPTIMAL,8.75,0.0,2.3858180046081543,8.75,uniform_600s,8.75,8.75,0.0,True,7.5,True,True,True
N20_lambda2p5_rep003_seed9145431841716046694,9145431841716046694,3,20,4,"[5, 5, 5, 5]","[[4, 5, 6, 8, 14], [0, 0, 0, 3, 3], [1, 1, 1, 2, 2], [2, 3, 6, 7, 7]]",2.5,2.5,2.5,0.625,1,3,PP,uniform_600s,2,2,4,4,"[[4, 1], [3, 2], [4, 1], [2, 3]]",8,24,150,0.84,0.0017925,20,0.65,13,11.25,225,600.0,12,OPTIMAL,8.75,175.0,175.0,0.0,0.023398876190185547,0.004255291074514389,0.027706352697889805,155.0,0.00019884109497070312,6,OPTIMAL,8.75,0.0,2.3858180046081543,8.75,uniform_600s,8.75,8.75,0.0,True,11.25,True,True,True
N20_lambda2p5_rep003_seed9145431841716046694,9145431841716046694,3,20,4,"[5, 5, 5, 5]","[[4, 5, 6, 8, 14], [0, 0, 0, 3, 3], [1, 1, 1, 2, 2], [2, 3, 6, 7, 7]]",2.5,2.5,2.5,0.625,1,3,PP,uniform_600s,2,2,6,6,"[[4, 1], [3, 2], [5], [2, 3]]",7,18,150,0.88,0.0017275,20,0.65,13,12.0,240,600.0,12,OPTIMAL,8.75,175.0,174.9999999999945,0.0,0.017917156219482422,0.00400763563811779,0.021976257571020126,120.0,0.00019598007202148438,3,OPTIMAL,8.75,0.0,2.3858180046081543,8.75,uniform_600s,8.75,8.75,0.0,True,12.0,True,True,True
N20_lambda2p5_rep003_seed9145431841716046694,9145431841716046694,3,20,4,"[5, 5, 5, 5]","[[4, 5, 6, 8, 14], [0, 0, 0, 3, 3], [1, 1, 1, 2, 2], [2, 3, 6, 7, 7]]",2.5,2.5,2.5,0.625,1,3,PP,uniform_600s,2,2,8,8,"[[4, 1], [3, 2], [5], [2, 3]]",7,18,150,0.88,0.0016975,20,0.65,13,12.75,255,600.0,12,OPTIMAL,8.75,175.0,174.9999999999945,0.0,0.015843868255615234,0.003919893875718117,0.019814271178791525,120.0,0.000186920166015625,3,OPTIMAL,8.75,0.0,2.3858180046081543,8.75,uniform_600s,8.75,8.75,0.0,True,12.75,True,True,True
N20_lambda2p5_rep003_seed9145431841716046694,9145431841716046694,3,20,4,"[5, 5, 5, 5]","[[4, 5, 6, 8, 14], [0, 0, 0, 3, 3], [1, 1, 1, 2, 2], [2, 3, 6, 7, 7]]",2.5,2.5,2.5,0.625,1,3,PP,uniform_600s,4,4,2,2,"[[2, 2, 1], [2, 2, 1], [2, 2, 1], [2, 2, 1]]",12,54,150,0.64,0.0017225,20,2.15,43,26.5,530,600.0,12,OPTIMAL,8.75,175.0,175.0,0.0,0.1125020980834961,0.0045584989711642265,0.11711269386139869,1711.0,0.0009050369262695312,8,OPTIMAL,8.75,0.0,2.3858180046081543,8.75,uniform_600s,8.75,8.75,0.0,True,26.5,True,True,True
N20_lambda2p5_rep003_seed9145431841716046694,9145431841716046694,3,20,4,"[5, 5, 5, 5]","[[4, 5, 6, 8, 14], [0, 0, 0, 3, 3], [1, 1, 1, 2, 2], [2, 3, 6, 7, 7]]",2.5,2.5,2.5,0.625,1,3,PP,uniform_600s,4,4,4,4,"[[4, 1], [4, 1], [4, 1], [4, 1]]",8,24,150,0.84,0.0017275,20,3.75,75,39.75,795,600.0,12,OPTIMAL,8.75,175.0,175.0,0.0,0.01265096664428711,0.004063481464982033,0.016764852114953994,1.0,0.00020503997802734375,6,OPTIMAL,8.75,0.0,2.3858180046081543,8.75,uniform_600s,8.75,8.75,0.0,True,39.75,True,True,True
N20_lambda2p5_rep003_seed9145431841716046694,9145431841716046694,3,20,4,"[5, 5, 5, 5]","[[4, 5, 6, 8, 14], [0, 0, 0, 3, 3], [1, 1, 1, 2, 2], [2, 3, 6, 7, 7]]",2.5,2.5,2.5,0.625,1,3,PP,uniform_600s,4,4,6,6,"[[4, 1], [5], [5], [5]]",5,9,150,0.94,0.0044865,20,3.75,75,42.4,848,600.0,12,OPTIMAL,8.75,175.0,175.0,0.0,0.003762960433959961,0.004186698235571384,0.007997586711024284,1.0,0.0004220008850097656,4,OPTIMAL,8.75,0.0,2.3858180046081543,8.75,uniform_600s,8.75,8.75,0.0,True,42.4,True,True,True
N20_lambda2p5_rep003_seed9145431841716046694,9145431841716046694,3,20,4,"[5, 5, 5, 5]","[[4, 5, 6, 8, 14], [0, 0, 0, 3, 3], [1, 1, 1, 2, 2], [2, 3, 6, 7, 7]]",2.5,2.5,2.5,0.625,1,3,PP,uniform_600s,4,4,8,8,"[[4, 1], [5], [5], [5]]",5,9,150,0.94,0.004773,20,3.75,75,45.05,901,600.0,12,OPTIMAL,8.75,175.0,175.0,0.0,0.0033309459686279297,0.003637528046965599,0.007016279706476211,1.0,0.0004200935363769531,4,OPTIMAL,8.75,0.0,2.3858180046081543,8.75,uniform_600s,8.75,8.75,0.0,True,45.05,True,True,True
N20_lambda2p5_rep003_seed9145431841716046694,9145431841716046694,3,20,4,"[5, 5, 5, 5]","[[4, 5, 6, 8, 14], [0, 0, 0, 3, 3], [1, 1, 1, 2, 2], [2, 3, 6, 7, 7]]",2.5,2.5,2.5,0.625,1,3,PP,uniform_600s,6,6,2,2,"[[2, 2, 1], [2, 2, 1], [2, 2, 1], [2, 2, 1]]",12,54,150,0.64,0.001618,20,2.15,43,45.5,910,600.0,12,OPTIMAL,8.75,175.0,175.0,0.0,0.11135697364807129,0.004263543523848057,0.11566691409262943,1711.0,0.0008139610290527344,8,OPTIMAL,8.75,0.0,2.3858180046081543,8.75,uniform_600s,8.75,8.75,0.0,True,45.5,True,True,True
N20_lambda2p5_rep003_seed9145431841716046694,9145431841716046694,3,20,4,"[5, 5, 5, 5]","[[4, 5, 6, 8, 14], [0, 0, 0, 3, 3], [1, 1, 1, 2, 2], [2, 3, 6, 7, 7]]",2.5,2.5,2.5,0.625,1,3,PP,uniform_600s,6,6,4,4,"[[4, 1], [4, 1], [4, 1], [4, 1]]",8,24,150,0.84,0.0046925,20,3.75,75,68.25,1365,600.0,12,OPTIMAL,8.75,175.0,175.0,0.0,0.012173891067504883,0.004541222937405109,0.016768538889949322,1.0,0.00020384788513183594,6,OPTIMAL,8.75,0.0,2.3858180046081543,8.75,uniform_600s,8.75,8.75,0.0,True,68.25,True,True,True
N20_lambda2p5_rep003_seed9145431841716046694,9145431841716046694,3,20,4,"[5, 5, 5, 5]","[[4, 5, 6, 8, 14], [0, 0, 0, 3, 3], [1, 1, 1, 2, 2], [2, 3, 6, 7, 7]]",2.5,2.5,2.5,0.625,1,3,PP,uniform_600s,6,6,6,6,"[[5], [5], [5], [5]]",4,6,150,0.96,0.004447,20,7.55,151,72.8,1456,600.0,12,OPTIMAL,8.75,175.0,174.9999999999967,0.0,0.003194093704223633,0.003431987017393112,0.006678784200820446,1.0,0.00043702125549316406,3,OPTIMAL,8.75,0.0,2.3858180046081543,8.75,uniform_600s,8.75,8.75,0.0,True,72.8,True,True,True
N20_lambda2p5_rep003_seed9145431841716046694,9145431841716046694,3,20,4,"[5, 5, 5, 5]","[[4, 5, 6, 8, 14], [0, 0, 0, 3, 3], [1, 1, 1, 2, 2], [2, 3, 6, 7, 7]]",2.5,2.5,2.5,0.625,1,3,PP,uniform_600s,6,6,8,8,"[[5], [5], [5], [5]]",4,6,150,0.96,0.004502,20,7.55,151,77.35,1547,600.0,12,OPTIMAL,8.75,175.0,174.9999999999967,0.0,0.0020999908447265625,0.003964792005717754,0.006113684722866535,1.0,0.0003941059112548828,3,OPTIMAL,8.75,0.0,2.3858180046081543,8.75,uniform_600s,8.75,8.75,0.0,True,77.35,True,True,True
N20_lambda2p5_rep003_seed9145431841716046694,9145431841716046694,3,20,4,"[5, 5, 5, 5]","[[4, 5, 6, 8, 14], [0, 0, 0, 3, 3], [1, 1, 1, 2, 2], [2, 3, 6, 7, 7]]",2.5,2.5,2.5,0.625,1,3,PP,uniform_600s,8,8,2,2,"[[2, 2, 1], [2, 2, 1], [2, 2, 1], [2, 2, 1]]",12,54,150,0.64,0.00315,20,2.15,43,64.5,1290,600.0,12,OPTIMAL,8.75,175.0,175.0,0.0,0.11184096336364746,0.004090300761163235,0.115980637526834,1711.0,0.0008409023284912109,8,OPTIMAL,8.75,0.0,2.3858180046081543,8.75,uniform_600s,8.75,8.75,0.0,True,64.5,True,True,True
N20_lambda2p5_rep003_seed9145431841716046694,9145431841716046694,3,20,4,"[5, 5, 5, 5]","[[4, 5, 6, 8, 14], [0, 0, 0, 3, 3], [1, 1, 1, 2, 2], [2, 3, 6, 7, 7]]",2.5,2.5,2.5,0.625,1,3,PP,uniform_600s,8,8,4,4,"[[4, 1], [4, 1], [4, 1], [4, 1]]",8,24,150,0.84,0.0016975,20,3.75,75,96.75,1935,600.0,12,OPTIMAL,8.75,175.0,175.0,0.0,0.012662172317504883,0.004000765271484852,0.016715907190690042,1.0,0.00020503997802734375,6,OPTIMAL,8.75,0.0,2.3858180046081543,8.75,uniform_600s,8.75,8.75,0.0,True,96.75,True,True,True
N20_lambda2p5_rep003_seed9145431841716046694,9145431841716046694,3,20,4,"[5, 5, 5, 5]","[[4, 5, 6, 8, 14], [0, 0, 0, 3, 3], [1, 1, 1, 2, 2], [2, 3, 6, 7, 7]]",2.5,2.5,2.5,0.625,1,3,PP,uniform_600s,8,8,6,6,"[[5], [5], [5], [5]]",4,6,150,0.96,0.0042665,20,7.55,151,103.2,2064,600.0,12,OPTIMAL,8.75,175.0,174.9999999999967,0.0,0.0021910667419433594,0.0035214126110076904,0.005760686583343983,1.0,0.00039196014404296875,3,OPTIMAL,8.75,0.0,2.3858180046081543,8.75,uniform_600s,8.75,8.75,0.0,True,103.2,True,True,True
N20_lambda2p5_rep003_seed9145431841716046694,9145431841716046694,3,20,4,"[5, 5, 5, 5]","[[4, 5, 6, 8, 14], [0, 0, 0, 3, 3], [1, 1, 1, 2, 2], [2, 3, 6, 7, 7]]",2.5,2.5,2.5,0.625,1,3,PP,uniform_600s,8,8,8,8,"[[5], [5], [5], [5]]",4,6,150,0.96,0.0015075,20,7.55,151,109.65,2193,600.0,12,OPTIMAL,8.75,175.0,174.9999999999967,0.0,0.0024878978729248047,0.003171113319694996,0.005703695738501549,1.0,0.0004088878631591797,3,OPTIMAL,8.75,0.0,2.3858180046081543,8.75,uniform_600s,8.75,8.75,0.0,True,109.65,True,True,True
N20_lambda2p5_rep004_seed15421571178608796185,15421571178608796185,4,20,4,"[5, 5, 5, 5]","[[0, 2, 3, 3, 4], [1, 1, 2, 3, 4], [2, 3, 4, 5, 7], [2, 3, 5, 6, 7]]",2.5,2.5,2.5,0.625,1,3,PP,uniform_600s,2,2,2,2,"[[2, 2, 1], [2, 2, 1], [2, 2, 1], [2, 2, 1]]",12,54,150,0.64,0.004422,20,0.75,15,7.5,150,600.0,12,OPTIMAL,10.1,202.0,202.0,0.0,0.09351420402526855,0.005155382677912712,0.09872397788459969,2715.0,0.0009641647338867188,8,OPTIMAL,10.1,0.0,5.002825021743774,10.1,uniform_600s,10.1,10.1,0.0,True,7.5,True,True,True
N20_lambda2p5_rep004_seed15421571178608796185,15421571178608796185,4,20,4,"[5, 5, 5, 5]","[[0, 2, 3, 3, 4], [1, 1, 2, 3, 4], [2, 3, 4, 5, 7], [2, 3, 5, 6, 7]]",2.5,2.5,2.5,0.625,1,3,PP,uniform_600s,2,2,4,4,"[[4, 1], [4, 1], [4, 1], [4, 1]]",8,24,150,0.84,0.001748,20,1.45,29,11.25,225,600.0,12,OPTIMAL,10.1,202.0,202.0,0.0,0.02358388900756836,0.004126056097447872,0.02776189232311058,254.0,0.00020384788513183594,8,OPTIMAL,10.1,0.0,5.002825021743774,10.1,uniform_600s,10.1,10.1,0.0,True,11.25,True,True,True
N20_lambda2p5_rep004_seed15421571178608796185,15421571178608796185,4,20,4,"[5, 5, 5, 5]","[[0, 2, 3, 3, 4], [1, 1, 2, 3, 4], [2, 3, 4, 5, 7], [2, 3, 5, 6, 7]]",2.5,2.5,2.5,0.625,1,3,PP,uniform_600s,2,2,6,6,"[[5], [5], [5], [5]]",4,6,150,0.96,0.001728,20,2.05,41,12.0,240,600.0,12,OPTIMAL,10.1,202.0,201.99999999999568,0.0,0.002552032470703125,0.004326128400862217,0.0069298282506613735,1.0,0.0004901885986328125,4,OPTIMAL,10.1,0.0,5.002825021743774,10.1,uniform_600s,10.1,10.1,0.0,True,12.0,True,True,True
N20_lambda2p5_rep004_seed15421571178608796185,15421571178608796185,4,20,4,"[5, 5, 5, 5]","[[0, 2, 3, 3, 4], [1, 1, 2, 3, 4], [2, 3, 4, 5, 7], [2, 3, 5, 6, 7]]",2.5,2.5,2.5,0.625,1,3,PP,uniform_600s,2,2,8,8,"[[5], [5], [5], [5]]",4,6,150,0.96,0.0024485,20,2.05,41,12.75,255,600.0,12,OPTIMAL,10.1,202.0,201.99999999999568,0.0,0.0028629302978515625,0.004224794916808605,0.007138433919154167,1.0,0.0004448890686035156,4,OPTIMAL,10.1,0.0,5.002825021743774,10.1,uniform_600s,10.1,10.1,0.0,True,12.75,True,True,True
N20_lambda2p5_rep004_seed15421571178608796185,15421571178608796185,4,20,4,"[5, 5, 5, 5]","[[0, 2, 3, 3, 4], [1, 1, 2, 3, 4], [2, 3, 4, 5, 7], [2, 3, 5, 6, 7]]",2.5,2.5,2.5,0.625,1,3,PP,uniform_600s,4,4,2,2,"[[2, 2, 1], [2, 2, 1], [2, 2, 1], [2, 2, 1]]",12,54,150,0.64,0.001833,20,0.75,15,26.5,530,600.0,12,OPTIMAL,10.1,202.0,202.0,0.0,0.09305787086486816,0.004514353349804878,0.09762419124018717,2715.0,0.0009069442749023438,8,OPTIMAL,10.1,0.0,5.002825021743774,10.1,uniform_600s,10.1,10.1,0.0,True,26.5,True,True,True
N20_lambda2p5_rep004_seed15421571178608796185,15421571178608796185,4,20,4,"[5, 5, 5, 5]","[[0, 2, 3, 3, 4], [1, 1, 2, 3, 4], [2, 3, 4, 5, 7], [2, 3, 5, 6, 7]]",2.5,2.5,2.5,0.625,1,3,PP,uniform_600s,4,4,4,4,"[[4, 1], [4, 1], [4, 1], [4, 1]]",8,24,150,0.84,0.001763,20,1.45,29,39.75,795,600.0,12,OPTIMAL,10.1,202.0,202.0,0.0,0.022582054138183594,0.004058304242789745,0.026691239333558558,254.0,0.00019788742065429688,8,OPTIMAL,10.1,0.0,5.002825021743774,10.1,uniform_600s,10.1,10.1,0.0,True,39.75,True,True,True
N20_lambda2p5_rep004_seed15421571178608796185,15421571178608796185,4,20,4,"[5, 5, 5, 5]","[[0, 2, 3, 3, 4], [1, 1, 2, 3, 4], [2, 3, 4, 5, 7], [2, 3, 5, 6, 7]]",2.5,2.5,2.5,0.625,1,3,PP,uniform_600s,4,4,6,6,"[[5], [5], [5], [5]]",4,6,150,0.96,0.004577,20,2.05,41,42.4,848,600.0,12,OPTIMAL,10.1,202.0,201.99999999999568,0.0,0.002360105514526367,0.004220409318804741,0.006634217236496926,1.0,0.00047206878662109375,4,OPTIMAL,10.1,0.0,5.002825021743774,10.1,uniform_600s,10.1,10.1,0.0,True,42.4,True,True,True
N20_lambda2p5_rep004_seed15421571178608796185,15421571178608796185,4,20,4,"[5, 5, 5, 5]","[[0, 2, 3, 3, 4], [1, 1, 2, 3, 4], [2, 3, 4, 5, 7], [2, 3, 5, 6, 7]]",2.5,2.5,2.5,0.625,1,3,PP,uniform_600s,4,4,8,8,"[[5], [5], [5], [5]]",4,6,150,0.96,0.0016775,20,2.05,41,45.05,901,600.0,12,OPTIMAL,10.1,202.0,201.99999999999568,0.0,0.003003835678100586,0.0035479823127388954,0.006602783875455856,1.0,0.00044989585876464844,4,OPTIMAL,10.1,0.0,5.002825021743774,10.1,uniform_600s,10.1,10.1,0.0,True,45.05,True,True,True
N20_lambda2p5_rep004_seed15421571178608796185,15421571178608796185,4,20,4,"[5, 5, 5, 5]","[[0, 2, 3, 3, 4], [1, 1, 2, 3, 4], [2, 3, 4, 5, 7], [2, 3, 5, 6, 7]]",2.5,2.5,2.5,0.625,1,3,PP,uniform_600s,6,6,2,2,"[[2, 2, 1], [2, 2, 1], [2, 2, 1], [2, 2, 1]]",12,54,150,0.64,0.0048725,20,0.75,15,45.5,910,600.0,12,OPTIMAL,10.1,202.0,202.0,0.0,0.09301900863647461,0.004988068714737892,0.09805858210384608,2715.0,0.0008070468902587891,8,OPTIMAL,10.1,0.0,5.002825021743774,10.1,uniform_600s,10.1,10.1,0.0,True,45.5,True,True,True
N20_lambda2p5_rep004_seed15421571178608796185,15421571178608796185,4,20,4,"[5, 5, 5, 5]","[[0, 2, 3, 3, 4], [1, 1, 2, 3, 4], [2, 3, 4, 5, 7], [2, 3, 5, 6, 7]]",2.5,2.5,2.5,0.625,1,3,PP,uniform_600s,6,6,4,4,"[[4, 1], [4, 1], [4, 1], [4, 1]]",8,24,150,0.84,0.001758,20,1.45,29,68.25,1365,600.0,12,OPTIMAL,10.1,202.0,202.0,0.0,0.022571802139282227,0.00398674514144659,0.02661034151737261,254.0,0.00019693374633789062,8,OPTIMAL,10.1,0.0,5.002825021743774,10.1,uniform_600s,10.1,10.1,0.0,True,68.25,True,True,True
N20_lambda2p5_rep004_seed15421571178608796185,15421571178608796185,4,20,4,"[5, 5, 5, 5]","[[0, 2, 3, 3, 4], [1, 1, 2, 3, 4], [2, 3, 4, 5, 7], [2, 3, 5, 6, 7]]",2.5,2.5,2.5,0.625,1,3,PP,uniform_600s,6,6,6,6,"[[5], [5], [5], [5]]",4,6,150,0.96,0.004617,20,2.05,41,72.8,1456,600.0,12,OPTIMAL,10.1,202.0,201.99999999999568,0.0,0.0026750564575195312,0.00434417650103569,0.007075083876029968,1.0,0.0004801750183105469,4,OPTIMAL,10.1,0.0,5.002825021743774,10.1,uniform_600s,10.1,10.1,0.0,True,72.8,True,True,True
N20_lambda2p5_rep004_seed15421571178608796185,15421571178608796185,4,20,4,"[5, 5, 5, 5]","[[0, 2, 3, 3, 4], [1, 1, 2, 3, 4], [2, 3, 4, 5, 7], [2, 3, 5, 6, 7]]",2.5,2.5,2.5,0.625,1,3,PP,uniform_600s,6,6,8,8,"[[5], [5], [5], [5]]",4,6,150,0.96,0.004186,20,2.05,41,77.35,1547,600.0,12,OPTIMAL,10.1,202.0,201.99999999999568,0.0,0.0033071041107177734,0.0037675341591238976,0.00712630961395359,1.0,0.0004410743713378906,4,OPTIMAL,10.1,0.0,5.002825021743774,10.1,uniform_600s,10.1,10.1,0.0,True,77.35,True,True,True
N20_lambda2p5_rep004_seed15421571178608796185,15421571178608796185,4,20,4,"[5, 5, 5, 5]","[[0, 2, 3, 3, 4], [1, 1, 2, 3, 4], [2, 3, 4, 5, 7], [2, 3, 5, 6, 7]]",2.5,2.5,2.5,0.625,1,3,PP,uniform_600s,8,8,2,2,"[[2, 2, 1], [2, 2, 1], [2, 2, 1], [2, 2, 1]]",12,54,150,0.64,0.0041515,20,0.75,15,64.5,1290,600.0,12,OPTIMAL,10.1,202.0,202.0,0.0,0.09292411804199219,0.0046313488855957985,0.09760526627226018,2715.0,0.0008640289306640625,8,OPTIMAL,10.1,0.0,5.002825021743774,10.1,uniform_600s,10.1,10.1,0.0,True,64.5,True,True,True
N20_lambda2p5_rep004_seed15421571178608796185,15421571178608796185,4,20,4,"[5, 5, 5, 5]","[[0, 2, 3, 3, 4], [1, 1, 2, 3, 4], [2, 3, 4, 5, 7], [2, 3, 5, 6, 7]]",2.5,2.5,2.5,0.625,1,3,PP,uniform_600s,8,8,4,4,"[[4, 1], [4, 1], [4, 1], [4, 1]]",8,24,150,0.84,0.004812,20,1.45,29,96.75,1935,600.0,12,OPTIMAL,10.1,202.0,202.0,0.0,0.023440122604370117,0.0042902640998363495,0.027795803589426994,254.0,0.00019693374633789062,8,OPTIMAL,10.1,0.0,5.002825021743774,10.1,uniform_600s,10.1,10.1,0.0,True,96.75,True,True,True
N20_lambda2p5_rep004_seed15421571178608796185,15421571178608796185,4,20,4,"[5, 5, 5, 5]","[[0, 2, 3, 3, 4], [1, 1, 2, 3, 4], [2, 3, 4, 5, 7], [2, 3, 5, 6, 7]]",2.5,2.5,2.5,0.625,1,3,PP,uniform_600s,8,8,6,6,"[[5], [5], [5], [5]]",4,6,150,0.96,0.0017525,20,2.05,41,103.2,2064,600.0,12,OPTIMAL,10.1,202.0,201.99999999999568,0.0,0.0030651092529296875,0.003546980209648609,0.006663329650225639,1.0,0.0004611015319824219,4,OPTIMAL,10.1,0.0,5.002825021743774,10.1,uniform_600s,10.1,10.1,0.0,True,103.2,True,True,True
N20_lambda2p5_rep004_seed15421571178608796185,15421571178608796185,4,20,4,"[5, 5, 5, 5]","[[0, 2, 3, 3, 4], [1, 1, 2, 3, 4], [2, 3, 4, 5, 7], [2, 3, 5, 6, 7]]",2.5,2.5,2.5,0.625,1,3,PP,uniform_600s,8,8,8,8,"[[5], [5], [5], [5]]",4,6,150,0.96,0.003961,20,2.05,41,109.65,2193,600.0,12,OPTIMAL,10.1,202.0,201.99999999999568,0.0,0.0030329227447509766,0.0033160019665956497,0.006401218559001446,1.0,0.0004470348358154297,4,OPTIMAL,10.1,0.0,5.002825021743774,10.1,uniform_600s,10.1,10.1,0.0,True,109.65,True,True,True
N20_lambda2p5_rep005_seed14258729952519332517,14258729952519332517,5,20,4,"[5, 5, 5, 5]","[[2, 4, 4, 5, 5], [2, 4, 5, 6, 6], [1, 3, 5, 8, 9], [4, 4, 4, 4, 6]]",2.5,2.5,2.5,0.625,1,3,PP,uniform_600s,2,2,2,2,"[[2, 2, 1], [2, 2, 1], [2, 1, 2], [2, 2, 1]]",12,54,150,0.64,0.004938,20,2.25,45,7.5,150,600.0,12,OPTIMAL,10.9,218.0,217.99999999999994,0.0,0.11418986320495605,0.004641245119273663,0.11888284900889444,2786.0,0.0009169578552246094,3,OPTIMAL,10.55,0.0,14.164795875549316,10.55,uniform_600s,10.9,10.9,0.34999999999999964,True,7.15,True,True,True
N20_lambda2p5_rep005_seed14258729952519332517,14258729952519332517,5,20,4,"[5, 5, 5, 5]","[[2, 4, 4, 5, 5], [2, 4, 5, 6, 6], [1, 3, 5, 8, 9], [4, 4, 4, 4, 6]]",2.5,2.5,2.5,0.625,1,3,PP,uniform_600s,2,2,4,4,"[[4, 1], [4, 1], [3, 2], [4, 1]]",8,24,150,0.84,0.001758,20,2.95,59,11.25,225,600.0,12,OPTIMAL,10.9,218.0,217.99999999999233,0.0,0.02656102180480957,0.004187358543276787,0.030800955033047677,296.0,0.0007998943328857422,4,OPTIMAL,10.55,0.0,14.164795875549316,10.55,uniform_600s,10.9,10.9,0.34999999999999964,True,10.9,True,True,True
N20_lambda2p5_rep005_seed14258729952519332517,14258729952519332517,5,20,4,"[5, 5, 5, 5]","[[2, 4, 4, 5, 5], [2, 4, 5, 6, 6], [1, 3, 5, 8, 9], [4, 4, 4, 4, 6]]",2.5,2.5,2.5,0.625,1,3,PP,uniform_600s,2,2,6,6,"[[5], [5], [3, 2], [5]]",5,9,150,0.94,0.004006,20,3.55,71,12.0,240,600.0,12,OPTIMAL,10.9,218.0,218.0,0.0,0.00576019287109375,0.0037642186507582664,0.009577303575116158,1.0,0.0005440711975097656,3,OPTIMAL,10.55,0.0,14.164795875549316,10.55,uniform_600s,10.9,10.9,0.34999999999999964,True,11.65,True,True,True
N20_lambda2p5_rep005_seed14258729952519332517,14258729952519332517,5,20,4,"[5, 5, 5, 5]","[[2, 4, 4, 5, 5], [2, 4, 5, 6, 6], [1, 3, 5, 8, 9], [4, 4, 4, 4, 6]]",2.5,2.5,2.5,0.625,1,3,PP,uniform_600s,2,2,8,8,"[[5], [5], [3, 2], [5]]",5,9,150,0.94,0.004191,20,3.55,71,12.75,255,600.0,12,OPTIMAL,10.9,218.0,218.0,0.0,0.005202054977416992,0.00391645822674036,0.009177984718218804,1.0,0.0004940032958984375,3,OPTIMAL,10.55,0.0,14.164795875549316,10.55,uniform_600s,10.9,10.9,0.34999999999999964,True,12.4,True,True,True
N20_lambda2p5_rep005_seed14258729952519332517,14258729952519332517,5,20,4,"[5, 5, 5, 5]","[[2, 4, 4, 5, 5], [2, 4, 5, 6, 6], [1, 3, 5, 8, 9], [4, 4, 4, 4, 6]]",2.5,2.5,2.5,0.625,1,3,PP,uniform_600s,4,4,2,2,"[[2, 2, 1], [2, 2, 1], [2, 2, 1], [2, 2, 1]]",12,54,150,0.64,0.0044065,20,3.75,75,26.5,530,600.0,12,OPTIMAL,10.9,218.0,218.0,0.0,0.11575508117675781,0.0049233706668019295,0.12073330529345894,2524.0,0.00090789794921875,3,OPTIMAL,10.55,0.0,14.164795875549316,10.55,uniform_600s,10.9,10.9,0.34999999999999964,True,26.15,True,True,True
N20_lambda2p5_rep005_seed14258729952519332517,14258729952519332517,5,20,4,"[5, 5, 5, 5]","[[2, 4, 4, 5, 5], [2, 4, 5, 6, 6], [1, 3, 5, 8, 9], [4, 4, 4, 4, 6]]",2.5,2.5,2.5,0.625,1,3,PP,uniform_600s,4,4,4,4,"[[4, 1], [4, 1], [4, 1], [4, 1]]",8,24,150,0.84,0.001693,20,4.45,89,39.75,795,600.0,12,OPTIMAL,10.9,218.0,217.99999999999568,0.0,0.026376008987426758,0.004003019072115421,0.03042950839261341,231.0,0.0007789134979248047,4,OPTIMAL,10.55,0.0,14.164795875549316,10.55,uniform_600s,10.9,10.9,0.34999999999999964,True,39.4,True,True,True
N20_lambda2p5_rep005_seed14258729952519332517,14258729952519332517,5,20,4,"[5, 5, 5, 5]","[[2, 4, 4, 5, 5], [2, 4, 5, 6, 6], [1, 3, 5, 8, 9], [4, 4, 4, 4, 6]]",2.5,2.5,2.5,0.625,1,3,PP,uniform_600s,4,4,6,6,"[[5], [5], [5], [5]]",4,6,150,0.96,0.004427,20,5.05,101,42.4,848,600.0,12,OPTIMAL,10.9,218.0,217.99999999998266,0.0,0.0028028488159179688,0.0036136116832494736,0.006469979374720574,1.0,0.0004899501800537109,2,OPTIMAL,10.55,0.0,14.164795875549316,10.55,uniform_600s,10.9,10.9,0.34999999999999964,True,42.05,True,True,True
N20_lambda2p5_rep005_seed14258729952519332517,14258729952519332517,5,20,4,"[5, 5, 5, 5]","[[2, 4, 4, 5, 5], [2, 4, 5, 6, 6], [1, 3, 5, 8, 9], [4, 4, 4, 4, 6]]",2.5,2.5,2.5,0.625,1,3,PP,uniform_600s,4,4,8,8,"[[5], [5], [5], [5]]",4,6,150,0.96,0.001692,20,5.05,101,45.05,901,600.0,12,OPTIMAL,10.9,218.0,217.99999999998266,0.0,0.002947092056274414,0.003555573523044586,0.006552942815391541,1.0,0.00045108795166015625,2,OPTIMAL,10.55,0.0,14.164795875549316,10.55,uniform_600s,10.9,10.9,0.34999999999999964,True,44.699999999999996,True,True,True
N20_lambda2p5_rep005_seed14258729952519332517,14258729952519332517,5,20,4,"[5, 5, 5, 5]","[[2, 4, 4, 5, 5], [2, 4, 5, 6, 6], [1, 3, 5, 8, 9], [4, 4, 4, 4, 6]]",2.5,2.5,2.5,0.625,1,3,PP,uniform_600s,6,6,2,2,"[[2, 2, 1], [2, 2, 1], [2, 2, 1], [2, 2, 1]]",12,54,150,0.64,0.004848,20,3.75,75,45.5,910,600.0,12,OPTIMAL,10.9,218.0,218.0,0.0,0.11453890800476074,0.004858291707932949,0.11944814259220171,2524.0,0.0008368492126464844,3,OPTIMAL,10.55,0.0,14.164795875549316,10.55,uniform_600s,10.9,10.9,0.34999999999999964,True,45.15,True,True,True
N20_lambda2p5_rep005_seed14258729952519332517,14258729952519332517,5,20,4,"[5, 5, 5, 5]","[[2, 4, 4, 5, 5], [2, 4, 5, 6, 6], [1, 3, 5, 8, 9], [4, 4, 4, 4, 6]]",2.5,2.5,2.5,0.625,1,3,PP,uniform_600s,6,6,4,4,"[[4, 1], [4, 1], [4, 1], [4, 1]]",8,24,150,0.84,0.0017425,20,4.45,89,68.25,1365,600.0,12,OPTIMAL,10.9,218.0,217.99999999999568,0.0,0.02657794952392578,0.003951182588934898,0.03058175835304737,231.0,0.0007760524749755859,4,OPTIMAL,10.55,0.0,14.164795875549316,10.55,uniform_600s,10.9,10.9,0.34999999999999964,True,67.9,True,True,True
N20_lambda2p5_rep005_seed14258729952519332517,14258729952519332517,5,20,4,"[5, 5, 5, 5]","[[2, 4, 4, 5, 5], [2, 4, 5, 6, 6], [1, 3, 5, 8, 9], [4, 4, 4, 4, 6]]",2.5,2.5,2.5,0.625,1,3,PP,uniform_600s,6,6,6,6,"[[5], [5], [5], [5]]",4,6,150,0.96,0.004547,20,5.05,101,72.8,1456,600.0,12,OPTIMAL,10.9,218.0,217.99999999998266,0.0,0.003248929977416992,0.003726382739841938,0.007027901060947895,1.0,0.0004909038543701172,2,OPTIMAL,10.55,0.0,14.164795875549316,10.55,uniform_600s,10.9,10.9,0.34999999999999964,True,72.45,True,True,True
N20_lambda2p5_rep005_seed14258729952519332517,14258729952519332517,5,20,4,"[5, 5, 5, 5]","[[2, 4, 4, 5, 5], [2, 4, 5, 6, 6], [1, 3, 5, 8, 9], [4, 4, 4, 4, 6]]",2.5,2.5,2.5,0.625,1,3,PP,uniform_600s,6,6,8,8,"[[5], [5], [5], [5]]",4,6,150,0.96,0.0016825,20,5.05,101,77.35,1547,600.0,12,OPTIMAL,10.9,218.0,217.99999999998266,0.0,0.0029578208923339844,0.003554382361471653,0.006562748524005413,1.0,0.0004470348358154297,2,OPTIMAL,10.55,0.0,14.164795875549316,10.55,uniform_600s,10.9,10.9,0.34999999999999964,True,77.0,True,True,True
N20_lambda2p5_rep005_seed14258729952519332517,14258729952519332517,5,20,4,"[5, 5, 5, 5]","[[2, 4, 4, 5, 5], [2, 4, 5, 6, 6], [1, 3, 5, 8, 9], [4, 4, 4, 4, 6]]",2.5,2.5,2.5,0.625,1,3,PP,uniform_600s,8,8,2,2,"[[2, 2, 1], [2, 2, 1], [2, 2, 1], [2, 2, 1]]",12,54,150,0.64,0.004747,20,3.75,75,64.5,1290,600.0,12,OPTIMAL,10.9,218.0,218.0,0.0,0.11535787582397461,0.004863410256803036,0.1202709964033575,2524.0,0.0008230209350585938,3,OPTIMAL,10.55,0.0,14.164795875549316,10.55,uniform_600s,10.9,10.9,0.34999999999999964,True,64.15,True,True,True
N20_lambda2p5_rep005_seed14258729952519332517,14258729952519332517,5,20,4,"[5, 5, 5, 5]","[[2, 4, 4, 5, 5], [2, 4, 5, 6, 6], [1, 3, 5, 8, 9], [4, 4, 4, 4, 6]]",2.5,2.5,2.5,0.625,1,3,PP,uniform_600s,8,8,4,4,"[[4, 1], [4, 1], [4, 1], [4, 1]]",8,24,150,0.84,0.0045315,20,4.45,89,96.75,1935,600.0,12,OPTIMAL,10.9,218.0,217.99999999999568,0.0,0.026240110397338867,0.004492028616368771,0.03078556122358465,231.0,0.0007581710815429688,4,OPTIMAL,10.55,0.0,14.164795875549316,10.55,uniform_600s,10.9,10.9,0.34999999999999964,True,96.4,True,True,True
N20_lambda2p5_rep005_seed14258729952519332517,14258729952519332517,5,20,4,"[5, 5, 5, 5]","[[2, 4, 4, 5, 5], [2, 4, 5, 6, 6], [1, 3, 5, 8, 9], [4, 4, 4, 4, 6]]",2.5,2.5,2.5,0.625,1,3,PP,uniform_600s,8,8,6,6,"[[5], [5], [5], [5]]",4,6,150,0.96,0.0044915,20,5.05,101,103.2,2064,600.0,12,OPTIMAL,10.9,218.0,217.99999999998266,0.0,0.002838134765625,0.0040482282638549805,0.00693904209081316,1.0,0.0004911422729492188,2,OPTIMAL,10.55,0.0,14.164795875549316,10.55,uniform_600s,10.9,10.9,0.34999999999999964,True,102.85000000000001,True,True,True
N20_lambda2p5_rep005_seed14258729952519332517,14258729952519332517,5,20,4,"[5, 5, 5, 5]","[[2, 4, 4, 5, 5], [2, 4, 5, 6, 6], [1, 3, 5, 8, 9], [4, 4, 4, 4, 6]]",2.5,2.5,2.5,0.625,1,3,PP,uniform_600s,8,8,8,8,"[[5], [5], [5], [5]]",4,6,150,0.96,0.004266,20,5.05,101,109.65,2193,600.0,12,OPTIMAL,10.9,218.0,217.99999999998266,0.0,0.002682924270629883,0.003854794427752495,0.0065862430097732546,1.0,0.0003991127014160156,2,OPTIMAL,10.55,0.0,14.164795875549316,10.55,uniform_600s,10.9,10.9,0.34999999999999964,True,109.30000000000001,True,True,True
N20_lambda2p5_rep006_seed5407312484323813849,5407312484323813849,6,20,4,"[5, 5, 5, 5]","[[3, 3, 5, 8, 9], [2, 4, 6, 6, 13], [4, 4, 4, 4, 7], [0, 2, 3, 3, 5]]",2.5,2.5,2.5,0.625,1,3,PP,uniform_600s,2,2,2,2,"[[2, 1, 2], [2, 2, 1], [2, 2, 1], [2, 2, 1]]",12,54,150,0.64,0.001773,20,1.5,30,7.5,150,600.0,12,OPTIMAL,8.7,174.0,174.0,0.0,0.08243012428283691,0.004791782237589359,0.08727407897287416,1615.0,0.0009570121765136719,1,OPTIMAL,8.7,0.0,2.9201321601867676,8.7,uniform_600s,8.7,8.7,0.0,True,7.5,True,True,True
N20_lambda2p5_rep006_seed5407312484323813849,5407312484323813849,6,20,4,"[5, 5, 5, 5]","[[3, 3, 5, 8, 9], [2, 4, 6, 6, 13], [4, 4, 4, 4, 7], [0, 2, 3, 3, 5]]",2.5,2.5,2.5,0.625,1,3,PP,uniform_600s,2,2,4,4,"[[3, 2], [4, 1], [4, 1], [4, 1]]",8,24,150,0.84,0.001742,20,2.9,58,11.25,225,600.0,12,OPTIMAL,8.7,174.0,173.9999999999995,0.0,0.02267289161682129,0.004152305424213409,0.026876758279518603,185.0,0.0007579326629638672,1,OPTIMAL,8.7,0.0,2.9201321601867676,8.7,uniform_600s,8.7,8.7,0.0,True,11.25,True,True,True
N20_lambda2p5_rep006_seed5407312484323813849,5407312484323813849,6,20,4,"[5, 5, 5, 5]","[[3, 3, 5, 8, 9], [2, 4, 6, 6, 13], [4, 4, 4, 4, 7], [0, 2, 3, 3, 5]]",2.5,2.5,2.5,0.625,1,3,PP,uniform_600s,2,2,6,6,"[[3, 2], [4, 1], [4, 1], [5]]",7,18,150,0.88,0.0042965,20,3.5,70,12.0,240,600.0,12,OPTIMAL,8.7,174.0,174.0,0.0,0.01618194580078125,0.004219427704811096,0.020455364446851254,68.0,0.0006849765777587891,1,OPTIMAL,8.7,0.0,2.9201321601867676,8.7,uniform_600s,8.7,8.7,0.0,True,12.0,True,True,True
N20_lambda2p5_rep006_seed5407312484323813849,5407312484323813849,6,20,4,"[5, 5, 5, 5]","[[3, 3, 5, 8, 9], [2, 4, 6, 6, 13], [4, 4, 4, 4, 7], [0, 2, 3, 3, 5]]",2.5,2.5,2.5,0.625,1,3,PP,uniform_600s,2,2,8,8,"[[3, 2], [4, 1], [4, 1], [5]]",7,18,150,0.88,0.0017225,20,3.5,70,12.75,255,600.0,12,OPTIMAL,8.7,174.0,174.0,0.0,0.01666998863220215,0.0038011856377124786,0.0205215248468256,68.0,0.0006709098815917969,1,OPTIMAL,8.7,0.0,2.9201321601867676,8.7,uniform_600s,8.7,8.7,0.0,True,12.75,True,True,True
N20_lambda2p5_rep006_seed5407312484323813849,5407312484323813849,6,20,4,"[5, 5, 5, 5]","[[3, 3, 5, 8, 9], [2, 4, 6, 6, 13], [4, 4, 4, 4, 7], [0, 2, 3, 3, 5]]",2.5,2.5,2.5,0.625,1,3,PP,uniform_600s,4,4,2,2,"[[2, 2, 1], [2, 2, 1], [2, 2, 1], [2, 2, 1]]",12,54,150,0.64,0.0017725,20,3.0,60,26.5,530,600.0,12,OPTIMAL,8.7,174.0,174.0,0.0,0.09125208854675293,0.004525328986346722,0.09582908657135725,1519.0,0.0009131431579589844,1,OPTIMAL,8.7,0.0,2.9201321601867676,8.7,uniform_600s,8.7,8.7,0.0,True,26.5,True,True,True
N20_lambda2p5_rep006_seed5407312484323813849,5407312484323813849,6,20,4,"[5, 5, 5, 5]","[[3, 3, 5, 8, 9], [2, 4, 6, 6, 13], [4, 4, 4, 4, 7], [0, 2, 3, 3, 5]]",2.5,2.5,2.5,0.625,1,3,PP,uniform_600s,4,4,4,4,"[[4, 1], [4, 1], [4, 1], [4, 1]]",8,24,150,0.84,0.004372,20,4.4,88,39.75,795,600.0,12,OPTIMAL,8.7,174.0,173.99999999999068,0.0,0.025777816772460938,0.004455894231796265,0.03028706777771425,152.0,0.00019097328186035156,4,OPTIMAL,8.7,0.0,2.9201321601867676,8.7,uniform_600s,8.7,8.7,0.0,True,39.75,True,True,True
N20_lambda2p5_rep006_seed5407312484323813849,5407312484323813849,6,20,4,"[5, 5, 5, 5]","[[3, 3, 5, 8, 9], [2, 4, 6, 6, 13], [4, 4, 4, 4, 7], [0, 2, 3, 3, 5]]",2.5,2.5,2.5,0.625,1,3,PP,uniform_600s,4,4,6,6,"[[5], [4, 1], [5], [5]]",5,9,150,0.94,0.0041965,20,6.4,128,42.4,848,600.0,12,OPTIMAL,8.7,174.0,174.0,0.0,0.003117799758911133,0.004207218065857887,0.007383899723705292,1.0,0.0004968643188476562,1,OPTIMAL,8.7,0.0,2.9201321601867676,8.7,uniform_600s,8.7,8.7,0.0,True,42.4,True,True,True
N20_lambda2p5_rep006_seed5407312484323813849,5407312484323813849,6,20,4,"[5, 5, 5, 5]","[[3, 3, 5, 8, 9], [2, 4, 6, 6, 13], [4, 4, 4, 4, 7], [0, 2, 3, 3, 5]]",2.5,2.5,2.5,0.625,1,3,PP,uniform_600s,4,4,8,8,"[[5], [4, 1], [5], [5]]",5,9,150,0.94,0.004181,20,6.4,128,45.05,901,600.0,12,OPTIMAL,8.7,174.0,174.0,0.0,0.0026459693908691406,0.003918591886758804,0.006617445791667461,1.0,0.00047898292541503906,1,OPTIMAL,8.7,0.0,2.9201321601867676,8.7,uniform_600s,8.7,8.7,0.0,True,45.05,True,True,True
N20_lambda2p5_rep006_seed5407312484323813849,5407312484323813849,6,20,4,"[5, 5, 5, 5]","[[3, 3, 5, 8, 9], [2, 4, 6, 6, 13], [4, 4, 4, 4, 7], [0, 2, 3, 3, 5]]",2.5,2.5,2.5,0.625,1,3,PP,uniform_600s,6,6,2,2,"[[2, 2, 1], [2, 2, 1], [2, 2, 1], [2, 2, 1]]",12,54,150,0.64,0.0016075,20,3.0,60,45.5,910,600.0,12,OPTIMAL,8.7,174.0,174.0,0.0,0.09197783470153809,0.0042691417038440704,0.096298801749928,1519.0,0.0009179115295410156,1,OPTIMAL,8.7,0.0,2.9201321601867676,8.7,uniform_600s,8.7,8.7,0.0,True,45.5,True,True,True
N20_lambda2p5_rep006_seed5407312484323813849,5407312484323813849,6,20,4,"[5, 5, 5, 5]","[[3, 3, 5, 8, 9], [2, 4, 6, 6, 13], [4, 4, 4, 4, 7], [0, 2, 3, 3, 5]]",2.5,2.5,2.5,0.625,1,3,PP,uniform_600s,6,6,4,4,"[[4, 1], [4, 1], [4, 1], [4, 1]]",8,24,150,0.84,0.001768,20,4.4,88,68.25,1365,600.0,12,OPTIMAL,8.7,174.0,173.99999999999068,0.0,0.02587604522705078,0.003992993384599686,0.02991944307046461,152.0,0.0001850128173828125,4,OPTIMAL,8.7,0.0,2.9201321601867676,8.7,uniform_600s,8.7,8.7,0.0,True,68.25,True,True,True
N20_lambda2p5_rep006_seed5407312484323813849,5407312484323813849,6,20,4,"[5, 5, 5, 5]","[[3, 3, 5, 8, 9], [2, 4, 6, 6, 13], [4, 4, 4, 4, 7], [0, 2, 3, 3, 5]]",2.5,2.5,2.5,0.625,1,3,PP,uniform_600s,6,6,6,6,"[[5], [4, 1], [5], [5]]",5,9,150,0.94,0.0016725,20,6.4,128,72.8,1456,600.0,12,OPTIMAL,8.7,174.0,174.0,0.0,0.003431081771850586,0.004278525710105896,0.007759216086194515,1.0,0.0004990100860595703,1,OPTIMAL,8.7,0.0,2.9201321601867676,8.7,uniform_600s,8.7,8.7,0.0,True,72.8,True,True,True
N20_lambda2p5_rep006_seed5407312484323813849,5407312484323813849,6,20,4,"[5, 5, 5, 5]","[[3, 3, 5, 8, 9], [2, 4, 6, 6, 13], [4, 4, 4, 4, 7], [0, 2, 3, 3, 5]]",2.5,2.5,2.5,0.625,1,3,PP,uniform_600s,6,6,8,8,"[[5], [4, 1], [5], [5]]",5,9,150,0.94,0.001702,20,6.4,128,77.35,1547,600.0,12,OPTIMAL,8.7,174.0,174.0,0.0,0.0027980804443359375,0.004198625683784485,0.00704623806158495,1.0,0.00047898292541503906,1,OPTIMAL,8.7,0.0,2.9201321601867676,8.7,uniform_600s,8.7,8.7,0.0,True,77.35,True,True,True
N20_lambda2p5_rep006_seed5407312484323813849,5407312484323813849,6,20,4,"[5, 5, 5, 5]","[[3, 3, 5, 8, 9], [2, 4, 6, 6, 13], [4, 4, 4, 4, 7], [0, 2, 3, 3, 5]]",2.5,2.5,2.5,0.625,1,3,PP,uniform_600s,8,8,2,2,"[[2, 2, 1], [2, 2, 1], [2, 2, 1], [2, 2, 1]]",12,54,150,0.64,0.001773,20,3.0,60,64.5,1290,600.0,12,OPTIMAL,8.7,174.0,174.0,0.0,0.09100198745727539,0.004345717839896679,0.09539443044388103,1519.0,0.0008568763732910156,1,OPTIMAL,8.7,0.0,2.9201321601867676,8.7,uniform_600s,8.7,8.7,0.0,True,64.5,True,True,True
N20_lambda2p5_rep006_seed5407312484323813849,5407312484323813849,6,20,4,"[5, 5, 5, 5]","[[3, 3, 5, 8, 9], [2, 4, 6, 6, 13], [4, 4, 4, 4, 7], [0, 2, 3, 3, 5]]",2.5,2.5,2.5,0.625,1,3,PP,uniform_600s,8,8,4,4,"[[4, 1], [4, 1], [4, 1], [4, 1]]",8,24,150,0.84,0.004542,20,4.4,88,96.75,1935,600.0,12,OPTIMAL,8.7,174.0,173.99999999999068,0.0,0.02358388900756836,0.004410354420542717,0.028047744124536037,152.0,0.00018978118896484375,4,OPTIMAL,8.7,0.0,2.9201321601867676,8.7,uniform_600s,8.7,8.7,0.0,True,96.75,True,True,True
N20_lambda2p5_rep006_seed5407312484323813849,5407312484323813849,6,20,4,"[5, 5, 5, 5]","[[3, 3, 5, 8, 9], [2, 4, 6, 6, 13], [4, 4, 4, 4, 7], [0, 2, 3, 3, 5]]",2.5,2.5,2.5,0.625,1,3,PP,uniform_600s,8,8,6,6,"[[5], [5], [5], [5]]",4,6,150,0.96,0.0041515,20,11.0,220,103.2,2064,600.0,12,OPTIMAL,8.7,174.0,174.0,0.0,0.0021009445190429688,0.0037331227213144302,0.005886622368527889,1.0,0.0004730224609375,1,OPTIMAL,8.7,0.0,2.9201321601867676,8.7,uniform_600s,8.7,8.7,0.0,True,103.2,True,True,True
N20_lambda2p5_rep006_seed5407312484323813849,5407312484323813849,6,20,4,"[5, 5, 5, 5]","[[3, 3, 5, 8, 9], [2, 4, 6, 6, 13], [4, 4, 4, 4, 7], [0, 2, 3, 3, 5]]",2.5,2.5,2.5,0.625,1,3,PP,uniform_600s,8,8,8,8,"[[5], [5], [5], [5]]",4,6,150,0.96,0.0044665,20,11.0,220,109.65,2193,600.0,12,OPTIMAL,8.7,174.0,174.0,0.0,0.0027680397033691406,0.0039245616644620895,0.006746335763350963,1.0,0.0004401206970214844,1,OPTIMAL,8.7,0.0,2.9201321601867676,8.7,uniform_600s,8.7,8.7,0.0,True,109.65,True,True,True
N20_lambda2p5_rep007_seed7182280396097659845,7182280396097659845,7,20,4,"[5, 5, 5, 5]","[[2, 3, 3, 3, 4], [2, 3, 3, 4, 4], [0, 1, 3, 7, 11], [1, 3, 6, 7, 8]]",2.5,2.5,2.5,0.625,1,3,PP,uniform_600s,2,2,2,2,"[[2, 2, 1], [2, 2, 1], [2, 1, 1, 1], [2, 2, 1]]",13,63,150,0.5800000000000001,0.001848,20,0.75,15,7.5,150,600.0,12,OPTIMAL,9.8,196.0,196.0,0.0,0.15418505668640137,0.005022740922868252,0.1592610872116785,3472.0,0.0010590553283691406,7,OPTIMAL,9.8,0.0,5.065639972686768,9.8,uniform_600s,10.3,9.8,0.0,True,7.5,True,True,True
N20_lambda2p5_rep007_seed7182280396097659845,7182280396097659845,7,20,4,"[5, 5, 5, 5]","[[2, 3, 3, 3, 4], [2, 3, 3, 4, 4], [0, 1, 3, 7, 11], [1, 3, 6, 7, 8]]",2.5,2.5,2.5,0.625,1,3,PP,uniform_600s,2,2,4,4,"[[4, 1], [4, 1], [3, 1, 1], [2, 3]]",9,30,150,0.8,0.001838,20,1.45,29,11.25,225,600.0,12,OPTIMAL,10.3,206.0,206.0,0.0,0.037396907806396484,0.004328271374106407,0.04177616214144277,605.0,0.0009088516235351562,7,OPTIMAL,9.8,0.0,5.065639972686768,9.8,uniform_600s,10.3,10.3,0.5,True,10.75,True,True,True
N20_lambda2p5_rep007_seed7182280396097659845,7182280396097659845,7,20,4,"[5, 5, 5, 5]","[[2, 3, 3, 3, 4], [2, 3, 3, 4, 4], [0, 1, 3, 7, 11], [1, 3, 6, 7, 8]]",2.5,2.5,2.5,0.625,1,3,PP,uniform_600s,2,2,6,6,"[[5], [5], [3, 1, 1], [2, 3]]",7,17,150,0.8866666666666667,0.001723,20,1.45,29,12.0,240,600.0,12,OPTIMAL,10.3,206.0,206.0,0.0,0.019340038299560547,0.004517887718975544,0.023908954166958808,221.0,0.0001900196075439453,2,OPTIMAL,9.8,0.0,5.065639972686768,9.8,uniform_600s,10.3,10.3,0.5,True,11.5,True,True,True
N20_lambda2p5_rep007_seed7182280396097659845,7182280396097659845,7,20,4,"[5, 5, 5, 5]","[[2, 3, 3, 3, 4], [2, 3, 3, 4, 4], [0, 1, 3, 7, 11], [1, 3, 6, 7, 8]]",2.5,2.5,2.5,0.625,1,3,PP,uniform_600s,2,2,8,8,"[[5], [5], [3, 1, 1], [2, 3]]",7,17,150,0.8866666666666667,0.004176,20,1.45,29,12.75,255,600.0,12,OPTIMAL,10.3,206.0,206.0,0.0,0.01980900764465332,0.004184133373200893,0.02404177463227606,221.0,0.00017499923706054688,2,OPTIMAL,9.8,0.0,5.065639972686768,9.8,uniform_600s,10.3,10.3,0.5,True,12.25,True,True,True
N20_lambda2p5_rep007_seed7182280396097659845,7182280396097659845,7,20,4,"[5, 5, 5, 5]","[[2, 3, 3, 3, 4], [2, 3, 3, 4, 4], [0, 1, 3, 7, 11], [1, 3, 6, 7, 8]]",2.5,2.5,2.5,0.625,1,3,PP,uniform_600s,4,4,2,2,"[[2, 2, 1], [2, 2, 1], [2, 2, 1], [2, 2, 1]]",12,54,150,0.64,0.003931,20,3.1,62,26.5,530,600.0,12,OPTIMAL,9.8,196.0,196.0,0.0,0.12029600143432617,0.004438628442585468,0.12478330161339617,3173.0,0.0008847713470458984,8,OPTIMAL,9.8,0.0,5.065639972686768,9.8,uniform_600s,10.6,9.8,0.0,True,26.5,True,True,True
N20_lambda2p5_rep007_seed7182280396097659845,7182280396097659845,7,20,4,"[5, 5, 5, 5]","[[2, 3, 3, 3, 4], [2, 3, 3, 4, 4], [0, 1, 3, 7, 11], [1, 3, 6, 7, 8]]",2.5,2.5,2.5,0.625,1,3,PP,uniform_600s,4,4,4,4,"[[4, 1], [4, 1], [4, 1], [4, 1]]",8,24,150,0.84,0.001668,20,5.4,108,39.75,795,600.0,12,OPTIMAL,10.6,212.0,211.99999999998846,0.0,0.022063016891479492,0.00400451198220253,0.026119079442101,251.0,0.0007839202880859375,5,OPTIMAL,9.8,0.0,5.065639972686768,9.8,uniform_600s,10.6,10.6,0.7999999999999989,True,38.95,True,True,True
N20_lambda2p5_rep007_seed7182280396097659845,7182280396097659845,7,20,4,"[5, 5, 5, 5]","[[2, 3, 3, 3, 4], [2, 3, 3, 4, 4], [0, 1, 3, 7, 11], [1, 3, 6, 7, 8]]",2.5,2.5,2.5,0.625,1,3,PP,uniform_600s,4,4,6,6,"[[5], [5], [5], [5]]",4,6,150,0.96,0.001688,20,7.6,152,42.4,848,600.0,12,OPTIMAL,10.6,212.0,211.99999999998084,0.0,0.003262042999267578,0.003548101522028446,0.00686051368359375,1.0,0.0004930496215820312,2,OPTIMAL,9.8,0.0,5.065639972686768,9.8,uniform_600s,10.6,10.6,0.7999999999999989,True,41.6,True,True,True
N20_lambda2p5_rep007_seed7182280396097659845,7182280396097659845,7,20,4,"[5, 5, 5, 5]","[[2, 3, 3, 3, 4], [2, 3, 3, 4, 4], [0, 1, 3, 7, 11], [1, 3, 6, 7, 8]]",2.5,2.5,2.5,0.625,1,3,PP,uniform_600s,4,4,8,8,"[[5], [5], [5], [5]]",4,6,150,0.96,0.004316,20,7.6,152,45.05,901,600.0,12,OPTIMAL,10.6,212.0,211.99999999998084,0.0,0.0033349990844726562,0.0036781495437026024,0.0070715074145350455,1.0,0.0004439353942871094,2,OPTIMAL,9.8,0.0,5.065639972686768,9.8,uniform_600s,10.6,10.6,0.7999999999999989,True,44.25,True,True,True
N20_lambda2p5_rep007_seed7182280396097659845,7182280396097659845,7,20,4,"[5, 5, 5, 5]","[[2, 3, 3, 3, 4], [2, 3, 3, 4, 4], [0, 1, 3, 7, 11], [1, 3, 6, 7, 8]]",2.5,2.5,2.5,0.625,1,3,PP,uniform_600s,6,6,2,2,"[[2, 2, 1], [2, 2, 1], [2, 2, 1], [2, 2, 1]]",12,54,150,0.64,0.004858,20,3.1,62,45.5,910,600.0,12,OPTIMAL,9.8,196.0,196.0,0.0,0.12202596664428711,0.004347710870206356,0.1264291938746171,3173.0,0.0009109973907470703,8,OPTIMAL,9.8,0.0,5.065639972686768,9.8,uniform_600s,10.6,9.8,0.0,True,45.5,True,True,True
N20_lambda2p5_rep007_seed7182280396097659845,7182280396097659845,7,20,4,"[5, 5, 5, 5]","[[2, 3, 3, 3, 4], [2, 3, 3, 4, 4], [0, 1, 3, 7, 11], [1, 3, 6, 7, 8]]",2.5,2.5,2.5,0.625,1,3,PP,uniform_600s,6,6,4,4,"[[4, 1], [4, 1], [4, 1], [4, 1]]",8,24,150,0.84,0.001752,20,5.4,108,68.25,1365,600.0,12,OPTIMAL,10.6,212.0,211.99999999998846,0.0,0.022082805633544922,0.004924292676150799,0.027058243002440453,251.0,0.0007839202880859375,5,OPTIMAL,9.8,0.0,5.065639972686768,9.8,uniform_600s,10.6,10.6,0.7999999999999989,True,67.45,True,True,True
N20_lambda2p5_rep007_seed7182280396097659845,7182280396097659845,7,20,4,"[5, 5, 5, 5]","[[2, 3, 3, 3, 4], [2, 3, 3, 4, 4], [0, 1, 3, 7, 11], [1, 3, 6, 7, 8]]",2.5,2.5,2.5,0.625,1,3,PP,uniform_600s,6,6,6,6,"[[5], [5], [5], [5]]",4,6,150,0.96,0.004557,20,7.6,152,72.8,1456,600.0,12,OPTIMAL,10.6,212.0,211.99999999998084,0.0,0.0032041072845458984,0.0038583511486649513,0.007116135248441219,1.0,0.0004801750183105469,2,OPTIMAL,9.8,0.0,5.065639972686768,9.8,uniform_600s,10.6,10.6,0.7999999999999989,True,72.0,True,True,True
N20_lambda2p5_rep007_seed7182280396097659845,7182280396097659845,7,20,4,"[5, 5, 5, 5]","[[2, 3, 3, 3, 4], [2, 3, 3, 4, 4], [0, 1, 3, 7, 11], [1, 3, 6, 7, 8]]",2.5,2.5,2.5,0.625,1,3,PP,uniform_600s,6,6,8,8,"[[5], [5], [5], [5]]",4,6,150,0.96,0.004622,20,7.6,152,77.35,1547,600.0,12,OPTIMAL,10.6,212.0,211.99999999998084,0.0,0.003261089324951172,0.0037589017301797867,0.007069529811582089,1.0,0.0004069805145263672,2,OPTIMAL,9.8,0.0,5.065639972686768,9.8,uniform_600s,10.6,10.6,0.7999999999999989,True,76.55,True,True,True
N20_lambda2p5_rep007_seed7182280396097659845,7182280396097659845,7,20,4,"[5, 5, 5, 5]","[[2, 3, 3, 3, 4], [2, 3, 3, 4, 4], [0, 1, 3, 7, 11], [1, 3, 6, 7, 8]]",2.5,2.5,2.5,0.625,1,3,PP,uniform_600s,8,8,2,2,"[[2, 2, 1], [2, 2, 1], [2, 2, 1], [2, 2, 1]]",12,54,150,0.64,0.0016075,20,3.1,62,64.5,1290,600.0,12,OPTIMAL,9.8,196.0,196.0,0.0,0.12126708030700684,0.004806733690202236,0.12612176317719936,3173.0,0.0008540153503417969,8,OPTIMAL,9.8,0.0,5.065639972686768,9.8,uniform_600s,10.6,9.8,0.0,True,64.5,True,True,True
N20_lambda2p5_rep007_seed7182280396097659845,7182280396097659845,7,20,4,"[5, 5, 5, 5]","[[2, 3, 3, 3, 4], [2, 3, 3, 4, 4], [0, 1, 3, 7, 11], [1, 3, 6, 7, 8]]",2.5,2.5,2.5,0.625,1,3,PP,uniform_600s,8,8,4,4,"[[4, 1], [4, 1], [4, 1], [4, 1]]",8,24,150,0.84,0.004572,20,5.4,108,96.75,1935,600.0,12,OPTIMAL,10.6,212.0,211.99999999998846,0.0,0.0221860408782959,0.004359059035778046,0.026598734918627263,251.0,0.0007669925689697266,5,OPTIMAL,9.8,0.0,5.065639972686768,9.8,uniform_600s,10.6,10.6,0.7999999999999989,True,95.95,True,True,True
N20_lambda2p5_rep007_seed7182280396097659845,7182280396097659845,7,20,4,"[5, 5, 5, 5]","[[2, 3, 3, 3, 4], [2, 3, 3, 4, 4], [0, 1, 3, 7, 11], [1, 3, 6, 7, 8]]",2.5,2.5,2.5,0.625,1,3,PP,uniform_600s,8,8,6,6,"[[5], [5], [5], [5]]",4,6,150,0.96,0.0045515,20,7.6,152,103.2,2064,600.0,12,OPTIMAL,10.6,212.0,211.99999999998084,0.0,0.003504037857055664,0.004051783122122288,0.007609004281379223,1.0,0.00048804283142089844,2,OPTIMAL,9.8,0.0,5.065639972686768,9.8,uniform_600s,10.6,10.6,0.7999999999999989,True,102.4,True,True,True
N20_lambda2p5_rep007_seed7182280396097659845,7182280396097659845,7,20,4,"[5, 5, 5, 5]","[[2, 3, 3, 3, 4], [2, 3, 3, 4, 4], [0, 1, 3, 7, 11], [1, 3, 6, 7, 8]]",2.5,2.5,2.5,0.625,1,3,PP,uniform_600s,8,8,8,8,"[[5], [5], [5], [5]]",4,6,150,0.96,0.0016775,20,7.6,152,109.65,2193,600.0,12,OPTIMAL,10.6,212.0,211.99999999998084,0.0,0.003278017044067383,0.0035434160381555557,0.0068703379499816895,1.0,0.0004432201385498047,2,OPTIMAL,9.8,0.0,5.065639972686768,9.8,uniform_600s,10.6,10.6,0.7999999999999989,True,108.85000000000001,True,True,True
N20_lambda2p5_rep008_seed4728553991144471324,4728553991144471324,8,20,4,"[5, 5, 5, 5]","[[5, 7, 8, 8, 14], [1, 3, 4, 4, 4], [2, 2, 3, 6, 6], [3, 4, 4, 5, 5]]",2.5,2.5,2.5,0.625,1,3,PP,uniform_600s,2,2,2,2,"[[2, 2, 1], [2, 2, 1], [2, 1, 2], [2, 2, 1]]",12,54,150,0.64,0.004757,20,1.5,30,7.5,150,600.0,12,OPTIMAL,9.55,191.0,191.0,0.0,0.1375598907470703,0.005473703145980835,0.14308976362446021,2341.0,0.00090789794921875,3,OPTIMAL,9.55,0.0,6.855740070343018,9.55,uniform_600s,9.55,9.55,0.0,True,7.5,True,True,True
N20_lambda2p5_rep008_seed4728553991144471324,4728553991144471324,8,20,4,"[5, 5, 5, 5]","[[5, 7, 8, 8, 14], [1, 3, 4, 4, 4], [2, 2, 3, 6, 6], [3, 4, 4, 5, 5]]",2.5,2.5,2.5,0.625,1,3,PP,uniform_600s,2,2,4,4,"[[4, 1], [4, 1], [3, 2], [4, 1]]",8,24,150,0.84,0.001783,20,1.5,30,11.25,225,600.0,12,OPTIMAL,9.55,191.0,191.0,0.0,0.020013093948364258,0.004191325046122074,0.024256119021840574,163.0,0.0007791519165039062,2,OPTIMAL,9.55,0.0,6.855740070343018,9.55,uniform_600s,9.55,9.55,0.0,True,11.25,True,True,True
N20_lambda2p5_rep008_seed4728553991144471324,4728553991144471324,8,20,4,"[5, 5, 5, 5]","[[5, 7, 8, 8, 14], [1, 3, 4, 4, 4], [2, 2, 3, 6, 6], [3, 4, 4, 5, 5]]",2.5,2.5,2.5,0.625,1,3,PP,uniform_600s,2,2,6,6,"[[4, 1], [5], [3, 2], [5]]",6,13,150,0.9133333333333333,0.001718,20,1.5,30,12.0,240,600.0,12,OPTIMAL,9.55,191.0,190.99999999999204,0.0,0.0074841976165771484,0.0038723526522517204,0.011406974576836109,1.0,0.0001811981201171875,5,OPTIMAL,9.55,0.0,6.855740070343018,9.55,uniform_600s,9.55,9.55,0.0,True,12.0,True,True,True
N20_lambda2p5_rep008_seed4728553991144471324,4728553991144471324,8,20,4,"[5, 5, 5, 5]","[[5, 7, 8, 8, 14], [1, 3, 4, 4, 4], [2, 2, 3, 6, 6], [3, 4, 4, 5, 5]]",2.5,2.5,2.5,0.625,1,3,PP,uniform_600s,2,2,8,8,"[[4, 1], [5], [3, 2], [5]]",6,13,150,0.9133333333333333,0.001673,20,1.5,30,12.75,255,600.0,12,OPTIMAL,9.55,191.0,190.99999999999204,0.0,0.0072650909423828125,0.0037376079708337784,0.01105373573496151,1.0,0.00017905235290527344,5,OPTIMAL,9.55,0.0,6.855740070343018,9.55,uniform_600s,9.55,9.55,0.0,True,12.75,True,True,True
N20_lambda2p5_rep008_seed4728553991144471324,4728553991144471324,8,20,4,"[5, 5, 5, 5]","[[5, 7, 8, 8, 14], [1, 3, 4, 4, 4], [2, 2, 3, 6, 6], [3, 4, 4, 5, 5]]",2.5,2.5,2.5,0.625,1,3,PP,uniform_600s,4,4,2,2,"[[2, 2, 1], [2, 2, 1], [2, 2, 1], [2, 2, 1]]",12,54,150,0.64,0.004537,20,3.0,60,26.5,530,600.0,12,OPTIMAL,9.55,191.0,190.99999999999937,0.0,0.10684490203857422,0.004277003929018974,0.11117383797341537,1736.0,0.0008308887481689453,4,OPTIMAL,9.55,0.0,6.855740070343018,9.55,uniform_600s,9.55,9.55,0.0,True,26.5,True,True,True
N20_lambda2p5_rep008_seed4728553991144471324,4728553991144471324,8,20,4,"[5, 5, 5, 5]","[[5, 7, 8, 8, 14], [1, 3, 4, 4, 4], [2, 2, 3, 6, 6], [3, 4, 4, 5, 5]]",2.5,2.5,2.5,0.625,1,3,PP,uniform_600s,4,4,4,4,"[[4, 1], [4, 1], [4, 1], [4, 1]]",8,24,150,0.84,0.004707,20,3.0,60,39.75,795,600.0,12,OPTIMAL,9.55,191.0,191.0,0.0,0.02423405647277832,0.004122048616409302,0.02840970559303236,143.0,0.0001819133758544922,6,OPTIMAL,9.55,0.0,6.855740070343018,9.55,uniform_600s,9.55,9.55,0.0,True,39.75,True,True,True
N20_lambda2p5_rep008_seed4728553991144471324,4728553991144471324,8,20,4,"[5, 5, 5, 5]","[[5, 7, 8, 8, 14], [1, 3, 4, 4, 4], [2, 2, 3, 6, 6], [3, 4, 4, 5, 5]]",2.5,2.5,2.5,0.625,1,3,PP,uniform_600s,4,4,6,6,"[[4, 1], [5], [5], [5]]",5,9,150,0.94,0.001713,20,3.0,60,42.4,848,600.0,12,OPTIMAL,9.55,191.0,190.99999999999318,0.0,0.004283905029296875,0.003653201274573803,0.007987542375684262,1.0,0.0005059242248535156,4,OPTIMAL,9.55,0.0,6.855740070343018,9.55,uniform_600s,9.55,9.55,0.0,True,42.4,True,True,True
N20_lambda2p5_rep008_seed4728553991144471324,4728553991144471324,8,20,4,"[5, 5, 5, 5]","[[5, 7, 8, 8, 14], [1, 3, 4, 4, 4], [2, 2, 3, 6, 6], [3, 4, 4, 5, 5]]",2.5,2.5,2.5,0.625,1,3,PP,uniform_600s,4,4,8,8,"[[4, 1], [5], [5], [5]]",5,9,150,0.94,0.004557,20,3.0,60,45.05,901,600.0,12,OPTIMAL,9.55,191.0,190.99999999999318,0.0,0.004166841506958008,0.0041665975004434586,0.008387477175790787,1.0,0.0004749298095703125,4,OPTIMAL,9.55,0.0,6.855740070343018,9.55,uniform_600s,9.55,9.55,0.0,True,45.05,True,True,True
N20_lambda2p5_rep008_seed4728553991144471324,4728553991144471324,8,20,4,"[5, 5, 5, 5]","[[5, 7, 8, 8, 14], [1, 3, 4, 4, 4], [2, 2, 3, 6, 6], [3, 4, 4, 5, 5]]",2.5,2.5,2.5,0.625,1,3,PP,uniform_600s,6,6,2,2,"[[2, 2, 1], [2, 2, 1], [2, 2, 1], [2, 2, 1]]",12,54,150,0.64,0.003956,20,3.0,60,45.5,910,600.0,12,OPTIMAL,9.55,191.0,190.99999999999937,0.0,0.1064000129699707,0.004740032367408276,0.11118921052911854,1736.0,0.0008089542388916016,4,OPTIMAL,9.55,0.0,6.855740070343018,9.55,uniform_600s,9.55,9.55,0.0,True,45.5,True,True,True
N20_lambda2p5_rep008_seed4728553991144471324,4728553991144471324,8,20,4,"[5, 5, 5, 5]","[[5, 7, 8, 8, 14], [1, 3, 4, 4, 4], [2, 2, 3, 6, 6], [3, 4, 4, 5, 5]]",2.5,2.5,2.5,0.625,1,3,PP,uniform_600s,6,6,4,4,"[[4, 1], [4, 1], [4, 1], [4, 1]]",8,24,150,0.84,0.0047125,20,3.0,60,68.25,1365,600.0,12,OPTIMAL,9.55,191.0,191.0,0.0,0.023992061614990234,0.004141679033637047,0.02818767540934086,143.0,0.00018310546875,6,OPTIMAL,9.55,0.0,6.855740070343018,9.55,uniform_600s,9.55,9.55,0.0,True,68.25,True,True,True
N20_lambda2p5_rep008_seed4728553991144471324,4728553991144471324,8,20,4,"[5, 5, 5, 5]","[[5, 7, 8, 8, 14], [1, 3, 4, 4, 4], [2, 2, 3, 6, 6], [3, 4, 4, 5, 5]]",2.5,2.5,2.5,0.625,1,3,PP,uniform_600s,6,6,6,6,"[[5], [5], [5], [5]]",4,6,150,0.96,0.001722,20,6.8,136,72.8,1456,600.0,12,OPTIMAL,9.55,191.0,190.99999999999415,0.0,0.0031900405883789062,0.00357975997030735,0.006820196270403385,1.0,0.00047016143798828125,3,OPTIMAL,9.55,0.0,6.855740070343018,9.55,uniform_600s,9.55,9.55,0.0,True,72.8,True,True,True
N20_lambda2p5_rep008_seed4728553991144471324,4728553991144471324,8,20,4,"[5, 5, 5, 5]","[[5, 7, 8, 8, 14], [1, 3, 4, 4, 4], [2, 2, 3, 6, 6], [3, 4, 4, 5, 5]]",2.5,2.5,2.5,0.625,1,3,PP,uniform_600s,6,6,8,8,"[[5], [5], [5], [5]]",4,6,150,0.96,0.001718,20,6.8,136,77.35,1547,600.0,12,OPTIMAL,9.55,191.0,190.99999999999415,0.0,0.002917051315307617,0.0035735005512833595,0.006547370635395527,1.0,0.0004470348358154297,3,OPTIMAL,9.55,0.0,6.855740070343018,9.55,uniform_600s,9.55,9.55,0.0,True,77.35,True,True,True
N20_lambda2p5_rep008_seed4728553991144471324,4728553991144471324,8,20,4,"[5, 5, 5, 5]","[[5, 7, 8, 8, 14], [1, 3, 4, 4, 4], [2, 2, 3, 6, 6], [3, 4, 4, 5, 5]]",2.5,2.5,2.5,0.625,1,3,PP,uniform_600s,8,8,2,2,"[[2, 2, 1], [2, 2, 1], [2, 2, 1], [2, 2, 1]]",12,54,150,0.64,0.001823,20,3.0,60,64.5,1290,600.0,12,OPTIMAL,9.55,191.0,190.99999999999937,0.0,0.1069788932800293,0.004526561126112938,0.11155708733140039,1736.0,0.0009109973907470703,4,OPTIMAL,9.55,0.0,6.855740070343018,9.55,uniform_600s,9.55,9.55,0.0,True,64.5,True,True,True
N20_lambda2p5_rep008_seed4728553991144471324,4728553991144471324,8,20,4,"[5, 5, 5, 5]","[[5, 7, 8, 8, 14], [1, 3, 4, 4, 4], [2, 2, 3, 6, 6], [3, 4, 4, 5, 5]]",2.5,2.5,2.5,0.625,1,3,PP,uniform_600s,8,8,4,4,"[[4, 1], [4, 1], [4, 1], [4, 1]]",8,24,150,0.84,0.001718,20,3.0,60,96.75,1935,600.0,12,OPTIMAL,9.55,191.0,191.0,0.0,0.02410101890563965,0.004009639844298363,0.028162518226032735,143.0,0.00018286705017089844,6,OPTIMAL,9.55,0.0,6.855740070343018,9.55,uniform_600s,9.55,9.55,0.0,True,96.75,True,True,True
N20_lambda2p5_rep008_seed4728553991144471324,4728553991144471324,8,20,4,"[5, 5, 5, 5]","[[5, 7, 8, 8, 14], [1, 3, 4, 4, 4], [2, 2, 3, 6, 6], [3, 4, 4, 5, 5]]",2.5,2.5,2.5,0.625,1,3,PP,uniform_600s,8,8,6,6,"[[5], [5], [5], [5]]",4,6,150,0.96,0.001723,20,6.8,136,103.2,2064,600.0,12,OPTIMAL,9.55,191.0,190.99999999999415,0.0,0.0030601024627685547,0.00415683351457119,0.007273282908986092,1.0,0.0004630088806152344,3,OPTIMAL,9.55,0.0,6.855740070343018,9.55,uniform_600s,9.55,9.55,0.0,True,103.2,True,True,True
N20_lambda2p5_rep008_seed4728553991144471324,4728553991144471324,8,20,4,"[5, 5, 5, 5]","[[5, 7, 8, 8, 14], [1, 3, 4, 4, 4], [2, 2, 3, 6, 6], [3, 4, 4, 5, 5]]",2.5,2.5,2.5,0.625,1,3,PP,uniform_600s,8,8,8,8,"[[5], [5], [5], [5]]",4,6,150,0.96,0.0042515,20,6.8,136,109.65,2193,600.0,12,OPTIMAL,9.55,191.0,190.99999999999415,0.0,0.0033240318298339844,0.0036273226141929626,0.007004140888680458,1.0,0.0004451274871826172,3,OPTIMAL,9.55,0.0,6.855740070343018,9.55,uniform_600s,9.55,9.55,0.0,True,109.65,True,True,True
N20_lambda2p5_rep009_seed9067533216452931362,9067533216452931362,9,20,4,"[5, 5, 5, 5]","[[1, 1, 1, 2, 5], [5, 7, 7, 9, 14], [4, 4, 5, 5, 5], [2, 3, 6, 8, 9]]",2.5,2.5,2.5,0.625,1,3,PP,uniform_600s,2,2,2,2,"[[2, 2, 1], [2, 2, 1], [2, 2, 1], [2, 2, 1]]",12,54,150,0.64,0.0018225,20,2.05,41,7.5,150,600.0,12,OPTIMAL,8.35,167.0,167.0,0.0,0.061018943786621094,0.004686523228883743,0.06575676788992643,907.0,0.0009591579437255859,4,OPTIMAL,8.35,0.0,1.6399641036987305,8.35,uniform_600s,8.35,8.35,0.0,True,7.5,True,True,True
N20_lambda2p5_rep009_seed9067533216452931362,9067533216452931362,9,20,4,"[5, 5, 5, 5]","[[1, 1, 1, 2, 5], [5, 7, 7, 9, 14], [4, 4, 5, 5, 5], [2, 3, 6, 8, 9]]",2.5,2.5,2.5,0.625,1,3,PP,uniform_600s,2,2,4,4,"[[4, 1], [4, 1], [4, 1], [2, 3]]",8,24,150,0.84,0.0017775,20,2.05,41,11.25,225,600.0,12,OPTIMAL,8.35,167.0,167.0,0.0,0.023324966430664062,0.004071934148669243,0.027454658016648294,141.0,0.0007550716400146484,6,OPTIMAL,8.35,0.0,1.6399641036987305,8.35,uniform_600s,8.35,8.35,0.0,True,11.25,True,True,True
N20_lambda2p5_rep009_seed9067533216452931362,9067533216452931362,9,20,4,"[5, 5, 5, 5]","[[1, 1, 1, 2, 5], [5, 7, 7, 9, 14], [4, 4, 5, 5, 5], [2, 3, 6, 8, 9]]",2.5,2.5,2.5,0.625,1,3,PP,uniform_600s,2,2,6,6,"[[4, 1], [4, 1], [5], [2, 3]]",7,18,150,0.88,0.0017325,20,2.05,41,12.0,240,600.0,12,OPTIMAL,8.35,167.0,167.0,0.0,0.0193939208984375,0.004480171017348766,0.023924555869503022,99.0,0.0001888275146484375,4,OPTIMAL,8.35,0.0,1.6399641036987305,8.35,uniform_600s,8.35,8.35,0.0,True,12.0,True,True,True
N20_lambda2p5_rep009_seed9067533216452931362,9067533216452931362,9,20,4,"[5, 5, 5, 5]","[[1, 1, 1, 2, 5], [5, 7, 7, 9, 14], [4, 4, 5, 5, 5], [2, 3, 6, 8, 9]]",2.5,2.5,2.5,0.625,1,3,PP,uniform_600s,2,2,8,8,"[[4, 1], [4, 1], [5], [2, 3]]",7,18,150,0.88,0.001708,20,2.05,41,12.75,255,600.0,12,OPTIMAL,8.35,167.0,167.0,0.0,0.018113136291503906,0.0037947548553347588,0.021959302901323318,99.0,0.00019097328186035156,4,OPTIMAL,8.35,0.0,1.6399641036987305,8.35,uniform_600s,8.35,8.35,0.0,True,12.75,True,True,True
N20_lambda2p5_rep009_seed9067533216452931362,9067533216452931362,9,20,4,"[5, 5, 5, 5]","[[1, 1, 1, 2, 5], [5, 7, 7, 9, 14], [4, 4, 5, 5, 5], [2, 3, 6, 8, 9]]",2.5,2.5,2.5,0.625,1,3,PP,uniform_600s,4,4,2,2,"[[2, 2, 1], [2, 2, 1], [2, 2, 1], [2, 2, 1]]",12,54,150,0.64,0.004567,20,2.05,41,26.5,530,600.0,12,OPTIMAL,8.35,167.0,167.0,0.0,0.05881190299987793,0.004624988883733749,0.06349172422560882,907.0,0.0009829998016357422,4,OPTIMAL,8.35,0.0,1.6399641036987305,8.35,uniform_600s,8.35,8.35,0.0,True,26.5,True,True,True
N20_lambda2p5_rep009_seed9067533216452931362,9067533216452931362,9,20,4,"[5, 5, 5, 5]","[[1, 1, 1, 2, 5], [5, 7, 7, 9, 14], [4, 4, 5, 5, 5], [2, 3, 6, 8, 9]]",2.5,2.5,2.5,0.625,1,3,PP,uniform_600s,4,4,4,4,"[[4, 1], [4, 1], [4, 1], [4, 1]]",8,24,150,0.84,0.0016975,20,3.65,73,39.75,795,600.0,12,OPTIMAL,8.35,167.0,166.99999999999721,0.0,0.020040035247802734,0.0039442311972379684,0.024035510306010248,134.0,0.00019502639770507812,5,OPTIMAL,8.35,0.0,1.6399641036987305,8.35,uniform_600s,8.35,8.35,0.0,True,39.75,True,True,True
N20_lambda2p5_rep009_seed9067533216452931362,9067533216452931362,9,20,4,"[5, 5, 5, 5]","[[1, 1, 1, 2, 5], [5, 7, 7, 9, 14], [4, 4, 5, 5, 5], [2, 3, 6, 8, 9]]",2.5,2.5,2.5,0.625,1,3,PP,uniform_600s,4,4,6,6,"[[5], [4, 1], [5], [5]]",5,9,150,0.94,0.004592,20,5.05,101,42.4,848,600.0,12,OPTIMAL,8.35,167.0,167.0,0.0,0.0037589073181152344,0.0039977217093110085,0.007809999047271729,1.0,0.0004968643188476562,4,OPTIMAL,8.35,0.0,1.6399641036987305,8.35,uniform_600s,8.35,8.35,0.0,True,42.4,True,True,True
N20_lambda2p5_rep009_seed9067533216452931362,9067533216452931362,9,20,4,"[5, 5, 5, 5]","[[1, 1, 1, 2, 5], [5, 7, 7, 9, 14], [4, 4, 5, 5, 5], [2, 3, 6, 8, 9]]",2.5,2.5,2.5,0.625,1,3,PP,uniform_600s,4,4,8,8,"[[5], [4, 1], [5], [5]]",5,9,150,0.94,0.004567,20,5.05,101,45.05,901,600.0,12,OPTIMAL,8.35,167.0,167.0,0.0,0.0035789012908935547,0.003971441648900509,0.007598523775963306,1.0,0.0004239082336425781,4,OPTIMAL,8.35,0.0,1.6399641036987305,8.35,uniform_600s,8.35,8.35,0.0,True,45.05,True,True,True
N20_lambda2p5_rep009_seed9067533216452931362,9067533216452931362,9,20,4,"[5, 5, 5, 5]","[[1, 1, 1, 2, 5], [5, 7, 7, 9, 14], [4, 4, 5, 5, 5], [2, 3, 6, 8, 9]]",2.5,2.5,2.5,0.625,1,3,PP,uniform_600s,6,6,2,2,"[[2, 2, 1], [2, 2, 1], [2, 2, 1], [2, 2, 1]]",12,54,150,0.64,0.004462,20,2.05,41,45.5,910,600.0,12,OPTIMAL,8.35,167.0,167.0,0.0,0.05826306343078613,0.005119998008012772,0.06343884117530536,907.0,0.0008251667022705078,4,OPTIMAL,8.35,0.0,1.6399641036987305,8.35,uniform_600s,8.35,8.35,0.0,True,45.5,True,True,True
N20_lambda2p5_rep009_seed9067533216452931362,9067533216452931362,9,20,4,"[5, 5, 5, 5]","[[1, 1, 1, 2, 5], [5, 7, 7, 9, 14], [4, 4, 5, 5, 5], [2, 3, 6, 8, 9]]",2.5,2.5,2.5,0.625,1,3,PP,uniform_600s,6,6,4,4,"[[4, 1], [4, 1], [4, 1], [4, 1]]",8,24,150,0.84,0.001733,20,3.65,73,68.25,1365,600.0,12,OPTIMAL,8.35,167.0,166.99999999999721,0.0,0.020177125930786133,0.003933044150471687,0.024160544196684838,134.0,0.00019621849060058594,5,OPTIMAL,8.35,0.0,1.6399641036987305,8.35,uniform_600s,8.35,8.35,0.0,True,68.25,True,True,True
N20_lambda2p5_rep009_seed9067533216452931362,9067533216452931362,9,20,4,"[5, 5, 5, 5]","[[1, 1, 1, 2, 5], [5, 7, 7, 9, 14], [4, 4, 5, 5, 5], [2, 3, 6, 8, 9]]",2.5,2.5,2.5,0.625,1,3,PP,uniform_600s,6,6,6,6,"[[5], [5], [5], [5]]",4,6,150,0.96,0.004282,20,8.05,161,72.8,1456,600.0,12,OPTIMAL,8.35,167.0,166.99999999999397,0.0,0.0024569034576416016,0.00411143247038126,0.006627410429055214,1.0,0.0004630088806152344,3,OPTIMAL,8.35,0.0,1.6399641036987305,8.35,uniform_600s,8.35,8.35,0.0,True,72.8,True,True,True
N20_lambda2p5_rep009_seed9067533216452931362,9067533216452931362,9,20,4,"[5, 5, 5, 5]","[[1, 1, 1, 2, 5], [5, 7, 7, 9, 14], [4, 4, 5, 5, 5], [2, 3, 6, 8, 9]]",2.5,2.5,2.5,0.625,1,3,PP,uniform_600s,6,6,8,8,"[[5], [5], [5], [5]]",4,6,150,0.96,0.001657,20,8.05,161,77.35,1547,600.0,12,OPTIMAL,8.35,167.0,166.99999999999397,0.0,0.002310037612915039,0.0035436563193798065,0.005902605308408261,1.0,0.00044989585876464844,3,OPTIMAL,8.35,0.0,1.6399641036987305,8.35,uniform_600s,8.35,8.35,0.0,True,77.35,True,True,True
N20_lambda2p5_rep009_seed9067533216452931362,9067533216452931362,9,20,4,"[5, 5, 5, 5]","[[1, 1, 1, 2, 5], [5, 7, 7, 9, 14], [4, 4, 5, 5, 5], [2, 3, 6, 8, 9]]",2.5,2.5,2.5,0.625,1,3,PP,uniform_600s,8,8,2,2,"[[2, 2, 1], [2, 2, 1], [2, 2, 1], [2, 2, 1]]",12,54,150,0.64,0.0015575,20,2.05,41,64.5,1290,600.0,12,OPTIMAL,8.35,167.0,167.0,0.0,0.05872702598571777,0.004241529852151871,0.06301662265592337,907.0,0.0008571147918701172,4,OPTIMAL,8.35,0.0,1.6399641036987305,8.35,uniform_600s,8.35,8.35,0.0,True,64.5,True,True,True
N20_lambda2p5_rep009_seed9067533216452931362,9067533216452931362,9,20,4,"[5, 5, 5, 5]","[[1, 1, 1, 2, 5], [5, 7, 7, 9, 14], [4, 4, 5, 5, 5], [2, 3, 6, 8, 9]]",2.5,2.5,2.5,0.625,1,3,PP,uniform_600s,8,8,4,4,"[[4, 1], [4, 1], [4, 1], [4, 1]]",8,24,150,0.84,0.004467,20,3.65,73,96.75,1935,600.0,12,OPTIMAL,8.35,167.0,166.99999999999721,0.0,0.020195960998535156,0.0039614466950297356,0.024211671580307008,134.0,0.0001971721649169922,5,OPTIMAL,8.35,0.0,1.6399641036987305,8.35,uniform_600s,8.35,8.35,0.0,True,96.75,True,True,True
N20_lambda2p5_rep009_seed9067533216452931362,9067533216452931362,9,20,4,"[5, 5, 5, 5]","[[1, 1, 1, 2, 5], [5, 7, 7, 9, 14], [4, 4, 5, 5, 5], [2, 3, 6, 8, 9]]",2.5,2.5,2.5,0.625,1,3,PP,uniform_600s,8,8,6,6,"[[5], [5], [5], [5]]",4,6,150,0.96,0.0017475,20,8.05,161,103.2,2064,600.0,12,OPTIMAL,8.35,167.0,166.99999999999397,0.0,0.002569913864135742,0.0035217618569731712,0.006142307411727905,1.0,0.0004749298095703125,3,OPTIMAL,8.35,0.0,1.6399641036987305,8.35,uniform_600s,8.35,8.35,0.0,True,103.2,True,True,True
N20_lambda2p5_rep009_seed9067533216452931362,9067533216452931362,9,20,4,"[5, 5, 5, 5]","[[1, 1, 1, 2, 5], [5, 7, 7, 9, 14], [4, 4, 5, 5, 5], [2, 3, 6, 8, 9]]",2.5,2.5,2.5,0.625,1,3,PP,uniform_600s,8,8,8,8,"[[5], [5], [5], [5]]",4,6,150,0.96,0.0042665,20,8.05,161,109.65,2193,600.0,12,OPTIMAL,8.35,167.0,166.99999999999397,0.0,0.0028870105743408203,0.003834434784948826,0.006774058676783085,1.0,0.0004420280456542969,3,OPTIMAL,8.35,0.0,1.6399641036987305,8.35,uniform_600s,8.35,8.35,0.0,True,109.65,True,True,True
N40_lambda0p5_rep000_seed14294260327020597795,14294260327020597795,0,40,4,"[10, 10, 10, 10]","[[4, 18, 26, 38, 55, 58, 59, 60, 61, 64], [2, 5, 5, 14, 16, 30, 36, 37, 45, 48], [29, 30, 53, 70, 78, 92, 112, 118, 123, 143], [4, 5, 8, 36, 41, 65, 111, 133, 135, 145]]",0.5,0.5,0.5,0.125,1,3,PP,uniform_600s,2,2,2,2,"[[1, 1, 1, 1, 1, 2, 2, 1], [1, 2, 2, 1, 2, 1, 1], [2, 1, 1, 1, 1, 1, 1, 1, 1], [2, 1, 1, 1, 1, 1, 2, 1]]",32,383,600,0.3616666666666667,0.002634,20,1.5,60,17.5,700,600.0,12,OPTIMAL,1.275,51.0,51.0,0.0,0.055294036865234375,0.01211528480052948,0.06746613535654211,28.0,0.0043981075286865234,3,OPTIMAL,1.275,0.0,0.14064908027648926,1.275,uniform_600s,1.275,1.275,0.0,True,17.5,True,True,True
N40_lambda0p5_rep000_seed14294260327020597795,14294260327020597795,0,40,4,"[10, 10, 10, 10]","[[4, 18, 26, 38, 55, 58, 59, 60, 61, 64], [2, 5, 5, 14, 16, 30, 36, 37, 45, 48], [29, 30, 53, 70, 78, 92, 112, 118, 123, 143], [4, 5, 8, 36, 41, 65, 111, 133, 135, 145]]",0.5,0.5,0.5,0.125,1,3,PP,uniform_600s,2,2,4,4,"[[1, 1, 1, 1, 1, 4, 1], [1, 2, 2, 1, 2, 1, 1], [2, 1, 1, 1, 1, 1, 1, 1, 1], [2, 1, 1, 1, 1, 1, 2, 1]]",31,359,600,0.4016666666666666,0.002669,20,1.5,60,26.25,1050,600.0,12,OPTIMAL,1.275,51.0,51.0,0.0,0.04167294502258301,0.011670530773699284,0.05340125860360288,28.0,0.004419803619384766,3,OPTIMAL,1.275,0.0,0.14064908027648926,1.275,uniform_600s,1.275,1.275,0.0,True,26.25,True,True,True
N40_lambda0p5_rep000_seed14294260327020597795,14294260327020597795,0,40,4,"[10, 10, 10, 10]","[[4, 18, 26, 38, 55, 58, 59, 60, 61, 64], [2, 5, 5, 14, 16, 30, 36, 37, 45, 48], [29, 30, 53, 70, 78, 92, 112, 118, 123, 143], [4, 5, 8, 36, 41, 65, 111, 133, 135, 145]]",0.5,0.5,0.5,0.125,1,3,PP,uniform_600s,2,2,6,6,"[[1, 1, 1, 1, 1, 4, 1], [1, 2, 2, 1, 2, 1, 1], [2, 1, 1, 1, 1, 1, 1, 1, 1], [2, 1, 1, 1, 1, 1, 2, 1]]",31,359,600,0.4016666666666666,0.0027195,20,1.5,60,28.875,1155,600.0,12,OPTIMAL,1.275,51.0,51.0,0.0,0.05147886276245117,0.011674557812511921,0.0632104976483531,28.0,0.004481792449951172,3,OPTIMAL,1.275,0.0,0.14064908027648926,1.275,uniform_600s,1.275,1.275,0.0,True,28.875,True,True,True
N40_lambda0p5_rep000_seed14294260327020597795,14294260327020597795,0,40,4,"[10, 10, 10, 10]","[[4, 18, 26, 38, 55, 58, 59, 60, 61, 64], [2, 5, 5, 14, 16, 30, 36, 37, 45, 48], [29, 30, 53, 70, 78, 92, 112, 118, 123, 143], [4, 5, 8, 36, 41, 65, 111, 133, 135, 145]]",0.5,0.5,0.5,0.125,1,3,PP,uniform_600s,2,2,8,8,"[[1, 1, 1, 1, 1, 4, 1], [1, 2, 2, 1, 2, 1, 1], [2, 1, 1, 1, 1, 1, 1, 1, 1], [2, 1, 1, 1, 1, 1, 2, 1]]",31,359,600,0.4016666666666666,0.00277,20,1.5,60,30.625,1225,600.0,12,OPTIMAL,1.275,51.0,51.0,0.0,0.050187110900878906,0.012225260958075523,0.062472842880387305,28.0,0.0044879913330078125,3,OPTIMAL,1.275,0.0,0.14064908027648926,1.275,uniform_600s,1.275,1.275,0.0,True,30.625,True,True,True
N40_lambda0p5_rep000_seed14294260327020597795,14294260327020597795,0,40,4,"[10, 10, 10, 10]","[[4, 18, 26, 38, 55, 58, 59, 60, 61, 64], [2, 5, 5, 14, 16, 30, 36, 37, 45, 48], [29, 30, 53, 70, 78, 92, 112, 118, 123, 143], [4, 5, 8, 36, 41, 65, 111, 133, 135, 145]]",0.5,0.5,0.5,0.125,1,3,PP,uniform_600s,4,4,2,2,"[[1, 1, 1, 1, 2, 2, 2], [2, 1, 2, 1, 2, 2], [2, 1, 1, 1, 1, 1, 1, 1, 1], [2, 1, 1, 1, 1, 1, 2, 1]]",30,335,600,0.44166666666666665,0.002769,20,7.9,316,56.5,2260,600.0,12,OPTIMAL,1.3,52.0,52.0,0.0,0.0761878490447998,0.012038368731737137,0.08828628267264986,26.0,0.0038118362426757812,10,OPTIMAL,1.275,0.0,0.14064908027648926,1.275,uniform_600s,1.3,1.3,0.025000000000000133,True,56.475,True,True,True
N40_lambda0p5_rep000_seed14294260327020597795,14294260327020597795,0,40,4,"[10, 10, 10, 10]","[[4, 18, 26, 38, 55, 58, 59, 60, 61, 64], [2, 5, 5, 14, 16, 30, 36, 37, 45, 48], [29, 30, 53, 70, 78, 92, 112, 118, 123, 143], [4, 5, 8, 36, 41, 65, 111, 133, 135, 145]]",0.5,0.5,0.5,0.125,1,3,PP,uniform_600s,4,4,4,4,"[[1, 1, 1, 1, 4, 2], [3, 2, 1, 2, 2], [2, 1, 1, 1, 1, 1, 1, 1, 1], [3, 1, 1, 1, 1, 2, 1]]",27,269,600,0.5516666666666667,0.0025935,20,9.7,388,84.75,3390,600.0,12,OPTIMAL,1.3,52.0,52.0,0.0,0.029000043869018555,0.010126748122274876,0.03918458311764574,1.0,0.0031571388244628906,5,OPTIMAL,1.275,0.0,0.14064908027648926,1.275,uniform_600s,1.3,1.3,0.025000000000000133,True,84.725,True,True,True
N40_lambda0p5_rep000_seed14294260327020597795,14294260327020597795,0,40,4,"[10, 10, 10, 10]","[[4, 18, 26, 38, 55, 58, 59, 60, 61, 64], [2, 5, 5, 14, 16, 30, 36, 37, 45, 48], [29, 30, 53, 70, 78, 92, 112, 118, 123, 143], [4, 5, 8, 36, 41, 65, 111, 133, 135, 145]]",0.5,0.5,0.5,0.125,1,3,PP,uniform_600s,4,4,6,6,"[[1, 1, 1, 1, 6], [3, 2, 1, 2, 2], [2, 1, 1, 1, 1, 1, 1, 1, 1], [3, 1, 1, 1, 1, 2, 1]]",26,248,600,0.5866666666666667,0.002629,20,9.7,388,93.225,3729,600.0,12,OPTIMAL,1.3,52.0,52.0,0.0,0.026231050491333008,0.009572099894285202,0.035864590543560025,1.0,0.0027968883514404297,8,OPTIMAL,1.275,0.0,0.14064908027648926,1.275,uniform_600s,1.3,1.3,0.025000000000000133,True,93.19999999999999,True,True,True
N40_lambda0p5_rep000_seed14294260327020597795,14294260327020597795,0,40,4,"[10, 10, 10, 10]","[[4, 18, 26, 38, 55, 58, 59, 60, 61, 64], [2, 5, 5, 14, 16, 30, 36, 37, 45, 48], [29, 30, 53, 70, 78, 92, 112, 118, 123, 143], [4, 5, 8, 36, 41, 65, 111, 133, 135, 145]]",0.5,0.5,0.5,0.125,1,3,PP,uniform_600s,4,4,8,8,"[[1, 1, 1, 1, 6], [3, 2, 1, 2, 2], [2, 1, 1, 1, 1, 1, 1, 1, 1], [3, 1, 1, 1, 1, 2, 1]]",26,248,600,0.5866666666666667,0.006645,20,9.7,388,98.875,3955,600.0,12,OPTIMAL,1.3,52.0,52.0,0.0,0.02377796173095703,0.009891561232507229,0.03373490927221298,1.0,0.0028078556060791016,8,OPTIMAL,1.275,0.0,0.14064908027648926,1.275,uniform_600s,1.3,1.3,0.025000000000000133,True,98.85,True,True,True
N40_lambda0p5_rep000_seed14294260327020597795,14294260327020597795,0,40,4,"[10, 10, 10, 10]","[[4, 18, 26, 38, 55, 58, 59, 60, 61, 64], [2, 5, 5, 14, 16, 30, 36, 37, 45, 48], [29, 30, 53, 70, 78, 92, 112, 118, 123, 143], [4, 5, 8, 36, 41, 65, 111, 133, 135, 145]]",0.5,0.5,0.5,0.125,1,3,PP,uniform_600s,6,6,2,2,"[[1, 1, 1, 1, 2, 2, 2], [2, 1, 2, 2, 1, 2], [2, 1, 1, 1, 1, 2, 1, 1], [2, 1, 2, 1, 1, 2, 1]]",28,293,600,0.5116666666666667,0.006515,20,19.575,783,95.5,3820,600.0,12,OPTIMAL,1.3,52.0,52.0,0.0,0.0540311336517334,0.01011621206998825,0.06421430448813677,1.0,0.003244161605834961,9,OPTIMAL,1.275,0.0,0.14064908027648926,1.275,uniform_600s,1.3,1.3,0.025000000000000133,True,95.475,True,True,True
N40_lambda0p5_rep000_seed14294260327020597795,14294260327020597795,0,40,4,"[10, 10, 10, 10]","[[4, 18, 26, 38, 55, 58, 59, 60, 61, 64], [2, 5, 5, 14, 16, 30, 36, 37, 45, 48], [29, 30, 53, 70, 78, 92, 112, 118, 123, 143], [4, 5, 8, 36, 41, 65, 111, 133, 135, 145]]",0.5,0.5,0.5,0.125,1,3,PP,uniform_600s,6,6,4,4,"[[1, 1, 1, 1, 4, 2], [3, 2, 3, 2], [2, 1, 1, 1, 1, 3, 1], [3, 2, 1, 1, 2, 1]]",23,196,600,0.6733333333333333,0.002664,20,24.475,979,143.25,5730,600.0,12,OPTIMAL,1.3,52.0,52.0,0.0,0.017659902572631836,0.00827314704656601,0.025990649543906688,1.0,0.0002300739288330078,8,OPTIMAL,1.275,0.0,0.14064908027648926,1.275,uniform_600s,1.3,1.3,0.025000000000000133,True,143.225,True,True,True
N40_lambda0p5_rep000_seed14294260327020597795,14294260327020597795,0,40,4,"[10, 10, 10, 10]","[[4, 18, 26, 38, 55, 58, 59, 60, 61, 64], [2, 5, 5, 14, 16, 30, 36, 37, 45, 48], [29, 30, 53, 70, 78, 92, 112, 118, 123, 143], [4, 5, 8, 36, 41, 65, 111, 133, 135, 145]]",0.5,0.5,0.5,0.125,1,3,PP,uniform_600s,6,6,6,6,"[[1, 1, 1, 1, 6], [3, 2, 3, 2], [2, 1, 1, 1, 1, 3, 1], [3, 2, 1, 1, 2, 1]]",22,179,600,0.7016666666666667,0.002649,20,24.475,979,157.575,6303,600.0,12,OPTIMAL,1.3,52.0,52.0,0.0,0.01349496841430664,0.008123320527374744,0.02167423939527178,1.0,0.0020520687103271484,5,OPTIMAL,1.275,0.0,0.14064908027648926,1.275,uniform_600s,1.3,1.3,0.025000000000000133,True,157.54999999999998,True,True,True
N40_lambda0p5_rep000_seed14294260327020597795,14294260327020597795,0,40,4,"[10, 10, 10, 10]","[[4, 18, 26, 38, 55, 58, 59, 60, 61, 64], [2, 5, 5, 14, 16, 30, 36, 37, 45, 48], [29, 30, 53, 70, 78, 92, 112, 118, 123, 143], [4, 5, 8, 36, 41, 65, 111, 133, 135, 145]]",0.5,0.5,0.5,0.125,1,3,PP,uniform_600s,6,6,8,8,"[[1, 1, 1, 1, 6], [3, 2, 3, 2], [2, 1, 1, 1, 1, 3, 1], [3, 2, 1, 1, 2, 1]]",22,179,600,0.7016666666666667,0.006224,20,24.475,979,167.125,6685,600.0,12,OPTIMAL,1.3,52.0,52.0,0.0,0.013399124145507812,0.008032603189349174,0.02149222322657013,1.0,0.0019800662994384766,5,OPTIMAL,1.275,0.0,0.14064908027648926,1.275,uniform_600s,1.3,1.3,0.025000000000000133,True,167.1,True,True,True
N40_lambda0p5_rep000_seed14294260327020597795,14294260327020597795,0,40,4,"[10, 10, 10, 10]","[[4, 18, 26, 38, 55, 58, 59, 60, 61, 64], [2, 5, 5, 14, 16, 30, 36, 37, 45, 48], [29, 30, 53, 70, 78, 92, 112, 118, 123, 143], [4, 5, 8, 36, 41, 65, 111, 133, 135, 145]]",0.5,0.5,0.5,0.125,1,3,PP,uniform_600s,8,8,2,2,"[[1, 2, 1, 2, 2, 2], [2, 1, 2, 2, 2, 1], [2, 1, 2, 1, 2, 1, 1], [2, 1, 2, 1, 1, 2, 1]]",26,253,600,0.5783333333333334,0.002589,20,36.375,1455,134.5,5380,600.0,12,OPTIMAL,1.5,60.0,60.0,0.0,0.05384397506713867,0.009650547988712788,0.06355688154472255,23.0,0.0028891563415527344,6,OPTIMAL,1.275,0.0,0.14064908027648926,1.275,uniform_600s,2.05,1.5,0.2250000000000001,True,134.275,True,True,True
N40_lambda0p5_rep000_seed14294260327020597795,14294260327020597795,0,40,4,"[10, 10, 10, 10]","[[4, 18, 26, 38, 55, 58, 59, 60, 61, 64], [2, 5, 5, 14, 16, 30, 36, 37, 45, 48], [29, 30, 53, 70, 78, 92, 112, 118, 123, 143], [4, 5, 8, 36, 41, 65, 111, 133, 135, 145]]",0.5,0.5,0.5,0.125,1,3,PP,uniform_600s,8,8,4,4,"[[1, 2, 1, 4, 2], [3, 2, 4, 1], [2, 1, 2, 1, 3, 1], [3, 2, 1, 1, 2, 1]]",21,164,600,0.7266666666666667,0.002629,20,41.275,1651,201.75,8070,600.0,12,OPTIMAL,2.05,82.0,82.0,0.0,0.034522056579589844,0.008032061159610748,0.04261554392730379,1.0,0.00025391578674316406,3,OPTIMAL,1.275,0.0,0.14064908027648926,1.275,uniform_600s,2.05,2.05,0.7749999999999999,True,200.975,True,True,True
N40_lambda0p5_rep000_seed14294260327020597795,14294260327020597795,0,40,4,"[10, 10, 10, 10]","[[4, 18, 26, 38, 55, 58, 59, 60, 61, 64], [2, 5, 5, 14, 16, 30, 36, 37, 45, 48], [29, 30, 53, 70, 78, 92, 112, 118, 123, 143], [4, 5, 8, 36, 41, 65, 111, 133, 135, 145]]",0.5,0.5,0.5,0.125,1,3,PP,uniform_600s,8,8,6,6,"[[1, 2, 1, 6], [3, 2, 5], [2, 1, 2, 1, 3, 1], [3, 2, 1, 1, 2, 1]]",19,132,600,0.78,0.002724,20,42.725,1709,221.925,8877,600.0,12,OPTIMAL,2.05,82.0,82.0,0.0,0.013824939727783203,0.00738444272428751,0.02126859116622114,1.0,0.00023794174194335938,5,OPTIMAL,1.275,0.0,0.14064908027648926,1.275,uniform_600s,2.05,2.05,0.7749999999999999,True,221.15,True,True,True
N40_lambda0p5_rep000_seed14294260327020597795,14294260327020597795,0,40,4,"[10, 10, 10, 10]","[[4, 18, 26, 38, 55, 58, 59, 60, 61, 64], [2, 5, 5, 14, 16, 30, 36, 37, 45, 48], [29, 30, 53, 70, 78, 92, 112, 118, 123, 143], [4, 5, 8, 36, 41, 65, 111, 133, 135, 145]]",0.5,0.5,0.5,0.125,1,3,PP,uniform_600s,8,8,8,8,"[[1, 2, 1, 6], [3, 2, 5], [2, 1, 2, 1, 3, 1], [3, 2, 1, 1, 2, 1]]",19,132,600,0.78,0.002519,20,42.725,1709,235.375,9415,600.0,12,OPTIMAL,2.05,82.0,82.0,0.0,0.013895988464355469,0.0073505425825715065,0.021302156854099273,1.0,0.00021982192993164062,5,OPTIMAL,1.275,0.0,0.14064908027648926,1.275,uniform_600s,2.05,2.05,0.7749999999999999,True,234.6,True,True,True
N40_lambda0p5_rep001_seed5601768512519402893,5601768512519402893,1,40,4,"[10, 10, 10, 10]","[[21, 30, 38, 53, 53, 62, 85, 107, 111, 115], [8, 29, 29, 35, 35, 42, 46, 50, 69, 77], [2, 5, 14, 18, 39, 41, 42, 46, 47, 49], [10, 15, 21, 26, 27, 34, 42, 45, 49, 59]]",0.5,0.5,0.5,0.125,1,3,PP,uniform_600s,2,2,2,2,"[[1, 1, 1, 2, 1, 1, 1, 1, 1], [1, 2, 2, 1, 1, 1, 1, 1], [1, 1, 1, 1, 2, 1, 2, 1], [1, 1, 1, 2, 1, 1, 1, 1, 1]]",34,433,600,0.2783333333333333,0.002649,20,0.775,31,17.5,700,600.0,12,OPTIMAL,3.475,139.0,139.0,0.0,4.646064043045044,0.013749664649367332,4.659891530258666,42999.0,0.0050220489501953125,10,OPTIMAL,3.475,0.0,19.430706024169922,3.475,uniform_600s,3.475,3.475,0.0,True,17.5,True,True,True
N40_lambda0p5_rep001_seed5601768512519402893,5601768512519402893,1,40,4,"[10, 10, 10, 10]","[[21, 30, 38, 53, 53, 62, 85, 107, 111, 115], [8, 29, 29, 35, 35, 42, 46, 50, 69, 77], [2, 5, 14, 18, 39, 41, 42, 46, 47, 49], [10, 15, 21, 26, 27, 34, 42, 45, 49, 59]]",0.5,0.5,0.5,0.125,1,3,PP,uniform_600s,2,2,4,4,"[[1, 1, 1, 2, 1, 1, 1, 1, 1], [1, 2, 2, 1, 1, 1, 1, 1], [1, 1, 1, 1, 3, 3], [1, 1, 1, 2, 1, 1, 1, 1, 1]]",32,381,600,0.365,0.004592,20,1.45,58,26.25,1050,600.0,12,OPTIMAL,3.475,139.0,139.0,0.0,0.9655709266662598,0.022066417150199413,0.9877796160266323,12716.0,0.007833003997802734,10,OPTIMAL,3.475,0.0,19.430706024169922,3.475,uniform_600s,3.475,3.475,0.0,True,26.25,True,True,True
N40_lambda0p5_rep001_seed5601768512519402893,5601768512519402893,1,40,4,"[10, 10, 10, 10]","[[21, 30, 38, 53, 53, 62, 85, 107, 111, 115], [8, 29, 29, 35, 35, 42, 46, 50, 69, 77], [2, 5, 14, 18, 39, 41, 42, 46, 47, 49], [10, 15, 21, 26, 27, 34, 42, 45, 49, 59]]",0.5,0.5,0.5,0.125,1,3,PP,uniform_600s,2,2,6,6,"[[1, 1, 1, 2, 1, 1, 1, 1, 1], [1, 2, 2, 1, 1, 1, 1, 1], [1, 1, 1, 1, 3, 3], [1, 1, 1, 2, 1, 1, 1, 1, 1]]",32,381,600,0.365,0.0028045,20,1.45,58,28.875,1155,600.0,12,OPTIMAL,3.475,139.0,139.0,0.0,0.9172360897064209,0.013440977782011032,0.9307470073075457,12716.0,0.004775047302246094,10,OPTIMAL,3.475,0.0,19.430706024169922,3.475,uniform_600s,3.475,3.475,0.0,True,28.875,True,True,True
N40_lambda0p5_rep001_seed5601768512519402893,5601768512519402893,1,40,4,"[10, 10, 10, 10]","[[21, 30, 38, 53, 53, 62, 85, 107, 111, 115], [8, 29, 29, 35, 35, 42, 46, 50, 69, 77], [2, 5, 14, 18, 39, 41, 42, 46, 47, 49], [10, 15, 21, 26, 27, 34, 42, 45, 49, 59]]",0.5,0.5,0.5,0.125,1,3,PP,uniform_600s,2,2,8,8,"[[1, 1, 1, 2, 1, 1, 1, 1, 1], [1, 2, 2, 1, 1, 1, 1, 1], [1, 1, 1, 1, 3, 3], [1, 1, 1, 2, 1, 1, 1, 1, 1]]",32,381,600,0.365,0.002779,20,1.45,58,30.625,1225,600.0,12,OPTIMAL,3.475,139.0,139.0,0.0,0.9060590267181396,0.01333819329738617,0.9194637862299838,12716.0,0.004422903060913086,10,OPTIMAL,3.475,0.0,19.430706024169922,3.475,uniform_600s,3.475,3.475,0.0,True,30.625,True,True,True
N40_lambda0p5_rep001_seed5601768512519402893,5601768512519402893,1,40,4,"[10, 10, 10, 10]","[[21, 30, 38, 53, 53, 62, 85, 107, 111, 115], [8, 29, 29, 35, 35, 42, 46, 50, 69, 77], [2, 5, 14, 18, 39, 41, 42, 46, 47, 49], [10, 15, 21, 26, 27, 34, 42, 45, 49, 59]]",0.5,0.5,0.5,0.125,1,3,PP,uniform_600s,4,4,2,2,"[[1, 1, 1, 2, 1, 1, 2, 1], [1, 2, 2, 2, 1, 1, 1], [2, 2, 2, 2, 2], [1, 1, 1, 2, 1, 2, 1, 1]]",28,291,600,0.515,0.002609,20,14.65,586,56.5,2260,600.0,12,OPTIMAL,3.575,143.0,143.0,0.0,0.5537970066070557,0.010762699879705906,0.5646298140216794,6731.0,0.0029859542846679688,10,OPTIMAL,3.475,0.0,19.430706024169922,3.475,uniform_600s,3.575,3.575,0.10000000000000009,True,56.4,True,True,True
N40_lambda0p5_rep001_seed5601768512519402893,5601768512519402893,1,40,4,"[10, 10, 10, 10]","[[21, 30, 38, 53, 53, 62, 85, 107, 111, 115], [8, 29, 29, 35, 35, 42, 46, 50, 69, 77], [2, 5, 14, 18, 39, 41, 42, 46, 47, 49], [10, 15, 21, 26, 27, 34, 42, 45, 49, 59]]",0.5,0.5,0.5,0.125,1,3,PP,uniform_600s,4,4,4,4,"[[1, 1, 1, 2, 1, 1, 3], [1, 2, 2, 3, 1, 1], [2, 2, 4, 2], [1, 1, 1, 2, 1, 3, 1]]",24,213,600,0.645,0.002569,20,21.55,862,84.75,3390,600.0,12,OPTIMAL,3.575,143.0,143.0,0.0,0.2468709945678711,0.009408372454345226,0.25634783081966067,1080.0,0.0024330615997314453,8,OPTIMAL,3.475,0.0,19.430706024169922,3.475,uniform_600s,3.575,3.575,0.10000000000000009,True,84.65,True,True,True
N40_lambda0p5_rep001_seed5601768512519402893,5601768512519402893,1,40,4,"[10, 10, 10, 10]","[[21, 30, 38, 53, 53, 62, 85, 107, 111, 115], [8, 29, 29, 35, 35, 42, 46, 50, 69, 77], [2, 5, 14, 18, 39, 41, 42, 46, 47, 49], [10, 15, 21, 26, 27, 34, 42, 45, 49, 59]]",0.5,0.5,0.5,0.125,1,3,PP,uniform_600s,4,4,6,6,"[[1, 1, 1, 2, 1, 1, 3], [1, 2, 2, 3, 1, 1], [2, 2, 6], [1, 1, 1, 2, 1, 3, 1]]",23,193,600,0.6783333333333333,0.002759,20,21.55,862,93.225,3729,600.0,12,OPTIMAL,3.575,143.0,143.0,0.0,0.09753584861755371,0.013691475614905357,0.11129253865563536,231.0,0.002157926559448242,10,OPTIMAL,3.475,0.0,19.430706024169922,3.475,uniform_600s,3.575,3.575,0.10000000000000009,True,93.125,True,True,True
N40_lambda0p5_rep001_seed5601768512519402893,5601768512519402893,1,40,4,"[10, 10, 10, 10]","[[21, 30, 38, 53, 53, 62, 85, 107, 111, 115], [8, 29, 29, 35, 35, 42, 46, 50, 69, 77], [2, 5, 14, 18, 39, 41, 42, 46, 47, 49], [10, 15, 21, 26, 27, 34, 42, 45, 49, 59]]",0.5,0.5,0.5,0.125,1,3,PP,uniform_600s,4,4,8,8,"[[1, 1, 1, 2, 1, 1, 3], [1, 2, 2, 3, 1, 1], [2, 2, 6], [1, 1, 1, 2, 1, 3, 1]]",23,193,600,0.6783333333333333,0.0064995,20,21.55,862,98.875,3955,600.0,12,OPTIMAL,3.575,143.0,143.0,0.0,0.10780501365661621,0.00900883786380291,0.11688425651284409,231.0,0.0020821094512939453,10,OPTIMAL,3.475,0.0,19.430706024169922,3.475,uniform_600s,3.575,3.575,0.10000000000000009,True,98.775,True,True,True
N40_lambda0p5_rep001_seed5601768512519402893,5601768512519402893,1,40,4,"[10, 10, 10, 10]","[[21, 30, 38, 53, 53, 62, 85, 107, 111, 115], [8, 29, 29, 35, 35, 42, 46, 50, 69, 77], [2, 5, 14, 18, 39, 41, 42, 46, 47, 49], [10, 15, 21, 26, 27, 34, 42, 45, 49, 59]]",0.5,0.5,0.5,0.125,1,3,PP,uniform_600s,6,6,2,2,"[[1, 1, 1, 2, 1, 1, 2, 1], [1, 2, 2, 2, 1, 1, 1], [2, 2, 2, 2, 2], [2, 2, 1, 1, 2, 1, 1]]",27,271,600,0.5483333333333333,0.002804,20,22.05,882,95.5,3820,600.0,12,OPTIMAL,3.575,143.0,143.0,0.0,0.6714768409729004,0.010252317413687706,0.6817986860611238,7117.0,0.002713918685913086,10,OPTIMAL,3.475,0.0,19.430706024169922,3.475,uniform_600s,4.25,3.575,0.10000000000000009,True,95.4,True,True,True
N40_lambda0p5_rep001_seed5601768512519402893,5601768512519402893,1,40,4,"[10, 10, 10, 10]","[[21, 30, 38, 53, 53, 62, 85, 107, 111, 115], [8, 29, 29, 35, 35, 42, 46, 50, 69, 77], [2, 5, 14, 18, 39, 41, 42, 46, 47, 49], [10, 15, 21, 26, 27, 34, 42, 45, 49, 59]]",0.5,0.5,0.5,0.125,1,3,PP,uniform_600s,6,6,4,4,"[[1, 1, 1, 2, 1, 1, 3], [1, 4, 3, 1, 1], [2, 2, 4, 2], [4, 1, 1, 3, 1]]",21,163,600,0.7283333333333333,0.00671,20,38.125,1525,143.25,5730,600.0,12,OPTIMAL,4.25,170.0,170.0,0.0,0.1718599796295166,0.008605217561125755,0.18053199984844684,1200.0,0.0018820762634277344,6,OPTIMAL,3.475,0.0,19.430706024169922,3.475,uniform_600s,4.25,4.25,0.7749999999999999,True,142.475,True,True,True
N40_lambda0p5_rep001_seed5601768512519402893,5601768512519402893,1,40,4,"[10, 10, 10, 10]","[[21, 30, 38, 53, 53, 62, 85, 107, 111, 115], [8, 29, 29, 35, 35, 42, 46, 50, 69, 77], [2, 5, 14, 18, 39, 41, 42, 46, 47, 49], [10, 15, 21, 26, 27, 34, 42, 45, 49, 59]]",0.5,0.5,0.5,0.125,1,3,PP,uniform_600s,6,6,6,6,"[[1, 1, 1, 2, 1, 1, 3], [1, 4, 3, 1, 1], [2, 2, 6], [5, 1, 3, 1]]",19,131,600,0.7816666666666667,0.0034155,20,38.125,1525,157.575,6303,600.0,12,OPTIMAL,4.25,170.0,170.0,0.0,0.08994388580322266,0.007509240880608559,0.09751186367608596,391.0,0.0015571117401123047,5,OPTIMAL,3.475,0.0,19.430706024169922,3.475,uniform_600s,4.25,4.25,0.7749999999999999,True,156.79999999999998,True,True,True
N40_lambda0p5_rep001_seed5601768512519402893,5601768512519402893,1,40,4,"[10, 10, 10, 10]","[[21, 30, 38, 53, 53, 62, 85, 107, 111, 115], [8, 29, 29, 35, 35, 42, 46, 50, 69, 77], [2, 5, 14, 18, 39, 41, 42, 46, 47, 49], [10, 15, 21, 26, 27, 34, 42, 45, 49, 59]]",0.5,0.5,0.5,0.125,1,3,PP,uniform_600s,6,6,8,8,"[[1, 1, 1, 2, 1, 1, 3], [1, 4, 3, 1, 1], [2, 2, 6], [5, 1, 3, 1]]",19,131,600,0.7816666666666667,0.002549,20,38.125,1525,167.125,6685,600.0,12,OPTIMAL,4.25,170.0,170.0,0.0,0.09072709083557129,0.007585796527564526,0.09837522354713583,391.0,0.001638174057006836,5,OPTIMAL,3.475,0.0,19.430706024169922,3.475,uniform_600s,4.25,4.25,0.7749999999999999,True,166.35,True,True,True
N40_lambda0p5_rep001_seed5601768512519402893,5601768512519402893,1,40,4,"[10, 10, 10, 10]","[[21, 30, 38, 53, 53, 62, 85, 107, 111, 115], [8, 29, 29, 35, 35, 42, 46, 50, 69, 77], [2, 5, 14, 18, 39, 41, 42, 46, 47, 49], [10, 15, 21, 26, 27, 34, 42, 45, 49, 59]]",0.5,0.5,0.5,0.125,1,3,PP,uniform_600s,8,8,2,2,"[[1, 2, 2, 1, 1, 2, 1], [1, 2, 2, 2, 1, 2], [2, 2, 2, 2, 2], [2, 2, 2, 2, 1, 1]]",24,215,600,0.6416666666666666,0.002669,20,39.075,1563,134.5,5380,600.0,12,OPTIMAL,3.825,153.0,153.0,0.0,0.321613073348999,0.009103651158511639,0.3307789739378991,2574.0,0.002238035202026367,10,OPTIMAL,3.475,0.0,19.430706024169922,3.475,uniform_600s,10.35,3.825,0.3500000000000001,True,134.15,True,True,True
N40_lambda0p5_rep001_seed5601768512519402893,5601768512519402893,1,40,4,"[10, 10, 10, 10]","[[21, 30, 38, 53, 53, 62, 85, 107, 111, 115], [8, 29, 29, 35, 35, 42, 46, 50, 69, 77], [2, 5, 14, 18, 39, 41, 42, 46, 47, 49], [10, 15, 21, 26, 27, 34, 42, 45, 49, 59]]",0.5,0.5,0.5,0.125,1,3,PP,uniform_600s,8,8,4,4,"[[1, 2, 2, 1, 1, 3], [1, 4, 3, 2], [2, 2, 4, 2], [4, 4, 1, 1]]",18,120,600,0.8,0.002574,20,58.7,2348,201.75,8070,600.0,12,OPTIMAL,5.15,206.0,206.0,0.0,0.0953969955444336,0.007111039012670517,0.10257066023671532,337.0,0.0015079975128173828,10,OPTIMAL,3.475,0.0,19.430706024169922,3.475,uniform_600s,10.35,5.15,1.6750000000000003,True,200.075,True,True,True
N40_lambda0p5_rep001_seed5601768512519402893,5601768512519402893,1,40,4,"[10, 10, 10, 10]","[[21, 30, 38, 53, 53, 62, 85, 107, 111, 115], [8, 29, 29, 35, 35, 42, 46, 50, 69, 77], [2, 5, 14, 18, 39, 41, 42, 46, 47, 49], [10, 15, 21, 26, 27, 34, 42, 45, 49, 59]]",0.5,0.5,0.5,0.125,1,3,PP,uniform_600s,8,8,6,6,"[[1, 2, 2, 1, 1, 3], [1, 6, 1, 2], [2, 2, 6], [6, 3, 1]]",16,93,600,0.845,0.002614,20,57.925,2317,221.925,8877,600.0,12,OPTIMAL,5.225,209.0,209.0,0.0,0.017101049423217773,0.006616300903260708,0.023772524447299482,1.0,0.00020503997802734375,4,OPTIMAL,3.475,0.0,19.430706024169922,3.475,uniform_600s,10.35,5.225,1.7499999999999996,True,220.175,True,True,True
N40_lambda0p5_rep001_seed5601768512519402893,5601768512519402893,1,40,4,"[10, 10, 10, 10]","[[21, 30, 38, 53, 53, 62, 85, 107, 111, 115], [8, 29, 29, 35, 35, 42, 46, 50, 69, 77], [2, 5, 14, 18, 39, 41, 42, 46, 47, 49], [10, 15, 21, 26, 27, 34, 42, 45, 49, 59]]",0.5,0.5,0.5,0.125,1,3,PP,uniform_600s,8,8,8,8,"[[1, 2, 2, 1, 1, 3], [1, 7, 2], [2, 2, 6], [8, 1, 1]]",15,81,600,0.865,0.0024835,20,63.85,2554,235.375,9415,600.0,12,OPTIMAL,8.95,358.0,358.0,0.0,0.0676119327545166,0.005980240181088448,0.07364941168373441,205.0,0.0011191368103027344,10,OPTIMAL,3.475,0.0,19.430706024169922,3.475,uniform_600s,10.35,8.95,5.475,True,229.9,True,True,True
N40_lambda0p5_rep003_seed15308337019568786465,15308337019568786465,3,40,4,"[10, 10, 10, 10]","[[3, 5, 18, 18, 50, 50, 50, 55, 56, 58], [6, 10, 24, 55, 61, 66, 67, 77, 98, 100], [1, 25, 30, 33, 43, 48, 57, 70, 74, 76], [30, 33, 37, 42, 49, 60, 67, 71, 74, 95]]",0.5,0.5,0.5,0.125,1,3,PP,uniform_600s,2,2,2,2,"[[2, 2, 2, 1, 2, 1], [1, 1, 1, 1, 1, 2, 1, 2], [1, 1, 1, 1, 1, 1, 1, 1, 2], [1, 1, 1, 1, 1, 1, 1, 1, 1, 1]]",33,404,600,0.32666666666666666,0.004762,20,2.225,89,17.5,700,600.0,12,OPTIMAL,2.45,98.0,98.0,0.0,0.8136420249938965,0.023515144363045692,0.8372947724150176,9029.0,0.007364988327026367,10,OPTIMAL,2.45,0.0,2.0019330978393555,2.45,uniform_600s,2.45,2.45,0.0,True,17.5,True,True,True
N40_lambda0p5_rep003_seed15308337019568786465,15308337019568786465,3,40,4,"[10, 10, 10, 10]","[[3, 5, 18, 18, 50, 50, 50, 55, 56, 58], [6, 10, 24, 55, 61, 66, 67, 77, 98, 100], [1, 25, 30, 33, 43, 48, 57, 70, 74, 76], [30, 33, 37, 42, 49, 60, 67, 71, 74, 95]]",0.5,0.5,0.5,0.125,1,3,PP,uniform_600s,2,2,4,4,"[[2, 2, 3, 3], [1, 1, 1, 1, 1, 2, 1, 2], [1, 1, 1, 1, 1, 1, 1, 1, 2], [1, 1, 1, 1, 1, 1, 1, 1, 1, 1]]",31,350,600,0.41666666666666663,0.0044615,20,2.9,116,26.25,1050,600.0,12,OPTIMAL,2.45,98.0,98.0,0.0,0.36836791038513184,0.013302987441420555,0.3817650438278427,2453.0,0.0038881301879882812,8,OPTIMAL,2.45,0.0,2.0019330978393555,2.45,uniform_600s,2.45,2.45,0.0,True,26.25,True,True,True
N40_lambda0p5_rep003_seed15308337019568786465,15308337019568786465,3,40,4,"[10, 10, 10, 10]","[[3, 5, 18, 18, 50, 50, 50, 55, 56, 58], [6, 10, 24, 55, 61, 66, 67, 77, 98, 100], [1, 25, 30, 33, 43, 48, 57, 70, 74, 76], [30, 33, 37, 42, 49, 60, 67, 71, 74, 95]]",0.5,0.5,0.5,0.125,1,3,PP,uniform_600s,2,2,6,6,"[[2, 2, 3, 3], [1, 1, 1, 1, 1, 2, 1, 2], [1, 1, 1, 1, 1, 1, 1, 1, 2], [1, 1, 1, 1, 1, 1, 1, 1, 1, 1]]",31,350,600,0.41666666666666663,0.004747,20,2.9,116,28.875,1155,600.0,12,OPTIMAL,2.45,98.0,98.0,0.0,0.42664599418640137,0.020880792289972305,0.4476616243388863,2453.0,0.006460905075073242,8,OPTIMAL,2.45,0.0,2.0019330978393555,2.45,uniform_600s,2.45,2.45,0.0,True,28.875,True,True,True
N40_lambda0p5_rep003_seed15308337019568786465,15308337019568786465,3,40,4,"[10, 10, 10, 10]","[[3, 5, 18, 18, 50, 50, 50, 55, 56, 58], [6, 10, 24, 55, 61, 66, 67, 77, 98, 100], [1, 25, 30, 33, 43, 48, 57, 70, 74, 76], [30, 33, 37, 42, 49, 60, 67, 71, 74, 95]]",0.5,0.5,0.5,0.125,1,3,PP,uniform_600s,2,2,8,8,"[[2, 2, 3, 3], [1, 1, 1, 1, 1, 2, 1, 2], [1, 1, 1, 1, 1, 1, 1, 1, 2], [1, 1, 1, 1, 1, 1, 1, 1, 1, 1]]",31,350,600,0.41666666666666663,0.004517,20,2.9,116,30.625,1225,600.0,12,OPTIMAL,2.45,98.0,98.0,0.0,0.3844940662384033,0.020923146046698093,0.40554359191266726,2453.0,0.005913972854614258,8,OPTIMAL,2.45,0.0,2.0019330978393555,2.45,uniform_600s,2.45,2.45,0.0,True,30.625,True,True,True
N40_lambda0p5_rep003_seed15308337019568786465,15308337019568786465,3,40,4,"[10, 10, 10, 10]","[[3, 5, 18, 18, 50, 50, 50, 55, 56, 58], [6, 10, 24, 55, 61, 66, 67, 77, 98, 100], [1, 25, 30, 33, 43, 48, 57, 70, 74, 76], [30, 33, 37, 42, 49, 60, 67, 71, 74, 95]]",0.5,0.5,0.5,0.125,1,3,PP,uniform_600s,4,4,2,2,"[[2, 2, 2, 1, 2, 1], [2, 1, 1, 1, 2, 1, 2], [1, 1, 2, 1, 1, 1, 2, 1], [2, 1, 1, 1, 1, 2, 1, 1]]",29,314,600,0.4766666666666667,0.007126,20,12.65,506,56.5,2260,600.0,12,OPTIMAL,2.5,100.0,100.0,0.0,0.49227190017700195,0.01267925463616848,0.5050388476664552,3500.0,0.003512859344482422,7,OPTIMAL,2.45,0.0,2.0019330978393555,2.45,uniform_600s,2.5,2.5,0.04999999999999982,True,56.45,True,True,True
N40_lambda0p5_rep003_seed15308337019568786465,15308337019568786465,3,40,4,"[10, 10, 10, 10]","[[3, 5, 18, 18, 50, 50, 50, 55, 56, 58], [6, 10, 24, 55, 61, 66, 67, 77, 98, 100], [1, 25, 30, 33, 43, 48, 57, 70, 74, 76], [30, 33, 37, 42, 49, 60, 67, 71, 74, 95]]",0.5,0.5,0.5,0.125,1,3,PP,uniform_600s,4,4,4,4,"[[2, 2, 3, 3], [2, 1, 1, 1, 2, 1, 2], [1, 1, 2, 1, 1, 1, 3], [3, 1, 1, 1, 3, 1]]",24,213,600,0.645,0.002849,20,18.25,730,84.75,3390,600.0,12,OPTIMAL,2.5,100.0,100.0,0.0,0.11868596076965332,0.009870149195194244,0.12864069928457642,361.0,0.0002760887145996094,5,OPTIMAL,2.45,0.0,2.0019330978393555,2.45,uniform_600s,2.5,2.5,0.04999999999999982,True,84.7,True,True,True
N40_lambda0p5_rep003_seed15308337019568786465,15308337019568786465,3,40,4,"[10, 10, 10, 10]","[[3, 5, 18, 18, 50, 50, 50, 55, 56, 58], [6, 10, 24, 55, 61, 66, 67, 77, 98, 100], [1, 25, 30, 33, 43, 48, 57, 70, 74, 76], [30, 33, 37, 42, 49, 60, 67, 71, 74, 95]]",0.5,0.5,0.5,0.125,1,3,PP,uniform_600s,4,4,6,6,"[[2, 2, 3, 3], [2, 1, 1, 1, 2, 1, 2], [1, 1, 2, 1, 1, 1, 3], [3, 1, 1, 1, 3, 1]]",24,213,600,0.645,0.002834,20,18.25,730,93.225,3729,600.0,12,OPTIMAL,2.5,100.0,100.0,0.0,0.10352516174316406,0.00993065070360899,0.1135493423643794,361.0,0.00029015541076660156,5,OPTIMAL,2.45,0.0,2.0019330978393555,2.45,uniform_600s,2.5,2.5,0.04999999999999982,True,93.175,True,True,True
N40_lambda0p5_rep003_seed15308337019568786465,15308337019568786465,3,40,4,"[10, 10, 10, 10]","[[3, 5, 18, 18, 50, 50, 50, 55, 56, 58], [6, 10, 24, 55, 61, 66, 67, 77, 98, 100], [1, 25, 30, 33, 43, 48, 57, 70, 74, 76], [30, 33, 37, 42, 49, 60, 67, 71, 74, 95]]",0.5,0.5,0.5,0.125,1,3,PP,uniform_600s,4,4,8,8,"[[2, 2, 3, 3], [2, 1, 1, 1, 2, 1, 2], [1, 1, 2, 1, 1, 1, 3], [3, 1, 1, 1, 3, 1]]",24,213,600,0.645,0.004131,20,18.25,730,98.875,3955,600.0,12,OPTIMAL,2.5,100.0,100.0,0.0,0.1043391227722168,0.010381010361015797,0.11480581632580138,361.0,0.00026798248291015625,5,OPTIMAL,2.45,0.0,2.0019330978393555,2.45,uniform_600s,2.5,2.5,0.04999999999999982,True,98.825,True,True,True
N40_lambda0p5_rep003_seed15308337019568786465,15308337019568786465,3,40,4,"[10, 10, 10, 10]","[[3, 5, 18, 18, 50, 50, 50, 55, 56, 58], [6, 10, 24, 55, 61, 66, 67, 77, 98, 100], [1, 25, 30, 33, 43, 48, 57, 70, 74, 76], [30, 33, 37, 42, 49, 60, 67, 71, 74, 95]]",0.5,0.5,0.5,0.125,1,3,PP,uniform_600s,6,6,2,2,"[[2, 2, 2, 2, 2], [2, 1, 2, 2, 1, 2], [1, 2, 1, 2, 1, 2, 1], [2, 2, 1, 1, 2, 1, 1]]",25,233,600,0.6116666666666667,0.002734,20,29.875,1195,95.5,3820,600.0,12,OPTIMAL,2.5,100.0,100.0,0.0,0.1751270294189453,0.010095750913023949,0.1852991363128152,640.0,0.002549886703491211,7,OPTIMAL,2.45,0.0,2.0019330978393555,2.45,uniform_600s,2.5,2.5,0.04999999999999982,True,95.45,True,True,True
N40_lambda0p5_rep003_seed15308337019568786465,15308337019568786465,3,40,4,"[10, 10, 10, 10]","[[3, 5, 18, 18, 50, 50, 50, 55, 56, 58], [6, 10, 24, 55, 61, 66, 67, 77, 98, 100], [1, 25, 30, 33, 43, 48, 57, 70, 74, 76], [30, 33, 37, 42, 49, 60, 67, 71, 74, 95]]",0.5,0.5,0.5,0.125,1,3,PP,uniform_600s,6,6,4,4,"[[2, 2, 4, 2], [2, 1, 4, 1, 2], [1, 3, 2, 1, 3], [4, 1, 1, 3, 1]]",19,135,600,0.775,0.0071005,20,39.95,1598,143.25,5730,600.0,12,OPTIMAL,2.5,100.0,100.0,0.0,0.0611119270324707,0.00893751997500658,0.07014785996062803,81.0,0.0019330978393554688,6,OPTIMAL,2.45,0.0,2.0019330978393555,2.45,uniform_600s,2.5,2.5,0.04999999999999982,True,143.2,True,True,True
N40_lambda0p5_rep003_seed15308337019568786465,15308337019568786465,3,40,4,"[10, 10, 10, 10]","[[3, 5, 18, 18, 50, 50, 50, 55, 56, 58], [6, 10, 24, 55, 61, 66, 67, 77, 98, 100], [1, 25, 30, 33, 43, 48, 57, 70, 74, 76], [30, 33, 37, 42, 49, 60, 67, 71, 74, 95]]",0.5,0.5,0.5,0.125,1,3,PP,uniform_600s,6,6,6,6,"[[2, 2, 6], [2, 1, 4, 1, 2], [1, 3, 2, 1, 3], [4, 1, 1, 3, 1]]",18,120,600,0.8,0.00665,20,39.95,1598,157.575,6303,600.0,12,OPTIMAL,2.5,100.0,100.0,0.0,0.023768186569213867,0.007360866293311119,0.031206619351291657,1.0,0.0016591548919677734,4,OPTIMAL,2.45,0.0,2.0019330978393555,2.45,uniform_600s,2.5,2.5,0.04999999999999982,True,157.52499999999998,True,True,True
N40_lambda0p5_rep003_seed15308337019568786465,15308337019568786465,3,40,4,"[10, 10, 10, 10]","[[3, 5, 18, 18, 50, 50, 50, 55, 56, 58], [6, 10, 24, 55, 61, 66, 67, 77, 98, 100], [1, 25, 30, 33, 43, 48, 57, 70, 74, 76], [30, 33, 37, 42, 49, 60, 67, 71, 74, 95]]",0.5,0.5,0.5,0.125,1,3,PP,uniform_600s,6,6,8,8,"[[2, 2, 6], [2, 1, 4, 1, 2], [1, 3, 2, 1, 3], [4, 1, 1, 3, 1]]",18,120,600,0.8,0.006956,20,39.95,1598,167.125,6685,600.0,12,OPTIMAL,2.5,100.0,100.0,0.0,0.02624201774597168,0.007898349314928055,0.03423229972657538,1.0,0.0016701221466064453,4,OPTIMAL,2.45,0.0,2.0019330978393555,2.45,uniform_600s,2.5,2.5,0.04999999999999982,True,167.075,True,True,True
N40_lambda0p5_rep003_seed15308337019568786465,15308337019568786465,3,40,4,"[10, 10, 10, 10]","[[3, 5, 18, 18, 50, 50, 50, 55, 56, 58], [6, 10, 24, 55, 61, 66, 67, 77, 98, 100], [1, 25, 30, 33, 43, 48, 57, 70, 74, 76], [30, 33, 37, 42, 49, 60, 67, 71, 74, 95]]",0.5,0.5,0.5,0.125,1,3,PP,uniform_600s,8,8,2,2,"[[2, 2, 2, 2, 2], [2, 1, 2, 2, 1, 2], [1, 2, 1, 2, 1, 2, 1], [2, 2, 1, 2, 2, 1]]",24,215,600,0.6416666666666666,0.003,20,34.0,1360,134.5,5380,600.0,12,OPTIMAL,2.5,100.0,100.0,0.0,0.08274197578430176,0.009797039441764355,0.09262356928128004,184.0,0.002382993698120117,4,OPTIMAL,2.45,0.0,2.0019330978393555,2.45,uniform_600s,3.25,2.5,0.04999999999999982,True,134.45,True,True,True
N40_lambda0p5_rep003_seed15308337019568786465,15308337019568786465,3,40,4,"[10, 10, 10, 10]","[[3, 5, 18, 18, 50, 50, 50, 55, 56, 58], [6, 10, 24, 55, 61, 66, 67, 77, 98, 100], [1, 25, 30, 33, 43, 48, 57, 70, 74, 76], [30, 33, 37, 42, 49, 60, 67, 71, 74, 95]]",0.5,0.5,0.5,0.125,1,3,PP,uniform_600s,8,8,4,4,"[[2, 2, 4, 2], [2, 1, 4, 1, 2], [1, 3, 2, 1, 3], [4, 1, 4, 1]]",18,121,600,0.7983333333333333,0.002754,20,44.95,1798,201.75,8070,600.0,12,OPTIMAL,2.5,100.0,99.99999999995066,0.0,0.018698930740356445,0.007437311112880707,0.026207753536275864,1.0,0.00023794174194335938,5,OPTIMAL,2.45,0.0,2.0019330978393555,2.45,uniform_600s,3.25,2.5,0.04999999999999982,True,201.7,True,True,True
N40_lambda0p5_rep003_seed15308337019568786465,15308337019568786465,3,40,4,"[10, 10, 10, 10]","[[3, 5, 18, 18, 50, 50, 50, 55, 56, 58], [6, 10, 24, 55, 61, 66, 67, 77, 98, 100], [1, 25, 30, 33, 43, 48, 57, 70, 74, 76], [30, 33, 37, 42, 49, 60, 67, 71, 74, 95]]",0.5,0.5,0.5,0.125,1,3,PP,uniform_600s,8,8,6,6,"[[2, 2, 6], [2, 1, 4, 1, 2], [1, 3, 2, 1, 3], [5, 4, 1]]",16,94,600,0.8433333333333333,0.0069005,20,50.25,2010,221.925,8877,600.0,12,OPTIMAL,3.25,130.0,130.0,0.0,0.013412952423095703,0.006759746931493282,0.02023715931499052,1.0,0.0012738704681396484,4,OPTIMAL,2.45,0.0,2.0019330978393555,2.45,uniform_600s,3.25,3.25,0.7999999999999998,True,221.125,True,True,True
N40_lambda0p5_rep003_seed15308337019568786465,15308337019568786465,3,40,4,"[10, 10, 10, 10]","[[3, 5, 18, 18, 50, 50, 50, 55, 56, 58], [6, 10, 24, 55, 61, 66, 67, 77, 98, 100], [1, 25, 30, 33, 43, 48, 57, 70, 74, 76], [30, 33, 37, 42, 49, 60, 67, 71, 74, 95]]",0.5,0.5,0.5,0.125,1,3,PP,uniform_600s,8,8,8,8,"[[2, 2, 6], [2, 1, 4, 1, 2], [1, 3, 2, 1, 3], [5, 4, 1]]",16,94,600,0.8433333333333333,0.006434,20,50.25,2010,235.375,9415,600.0,12,OPTIMAL,3.25,130.0,130.0,0.0,0.014204978942871094,0.006684944033622742,0.020950210704370975,1.0,0.0012459754943847656,4,OPTIMAL,2.45,0.0,2.0019330978393555,2.45,uniform_600s,3.25,3.25,0.7999999999999998,True,234.575,True,True,True
N40_lambda0p5_rep004_seed11062502785480703954,11062502785480703954,4,40,4,"[10, 10, 10, 10]","[[11, 23, 33, 41, 45, 57, 69, 85, 108, 123], [3, 13, 25, 29, 35, 47, 52, 109, 116, 140], [7, 16, 23, 33, 39, 52, 57, 61, 92, 93], [3, 10, 39, 47, 49, 51, 52, 52, 63, 78]]",0.5,0.5,0.5,0.125,1,3,PP,uniform_600s,2,2,2,2,"[[1, 1, 1, 1, 1, 1, 1, 1, 1, 1], [1, 1, 1, 1, 1, 1, 1, 1, 1, 1], [1, 1, 1, 1, 1, 1, 1, 1, 2], [1, 1, 1, 2, 2, 1, 1, 1]]",37,512,600,0.1466666666666666,0.00677,20,0.8,32,17.5,700,600.0,12,OPTIMAL,2.3,92.0,92.0,0.0,1.3483610153198242,0.014918360859155655,1.3633522467987131,8042.0,0.00563502311706543,10,OPTIMAL,2.2999999624998964,0.0,1.8681731224060059,2.3,uniform_600s,2.3,2.3,0.0,True,17.5,True,True,True
N40_lambda0p5_rep004_seed11062502785480703954,11062502785480703954,4,40,4,"[10, 10, 10, 10]","[[11, 23, 33, 41, 45, 57, 69, 85, 108, 123], [3, 13, 25, 29, 35, 47, 52, 109, 116, 140], [7, 16, 23, 33, 39, 52, 57, 61, 92, 93], [3, 10, 39, 47, 49, 51, 52, 52, 63, 78]]",0.5,0.5,0.5,0.125,1,3,PP,uniform_600s,2,2,4,4,"[[1, 1, 1, 1, 1, 1, 1, 1, 1, 1], [1, 1, 1, 1, 1, 1, 1, 1, 1, 1], [1, 1, 1, 1, 1, 1, 1, 1, 2], [1, 1, 1, 4, 1, 1, 1]]",36,483,600,0.19499999999999995,0.006825,20,1.575,63,26.25,1050,600.0,12,OPTIMAL,2.2999999599993544,91.99999839997417,91.99999839997417,0.0,1.0396461486816406,0.015267358161509037,1.0549871821775556,6209.0,0.0054700374603271484,10,OPTIMAL,2.2999999624998964,0.0,1.8681731224060059,2.3,uniform_600s,2.3,2.3,0.0,True,26.25,True,True,True
N40_lambda0p5_rep004_seed11062502785480703954,11062502785480703954,4,40,4,"[10, 10, 10, 10]","[[11, 23, 33, 41, 45, 57, 69, 85, 108, 123], [3, 13, 25, 29, 35, 47, 52, 109, 116, 140], [7, 16, 23, 33, 39, 52, 57, 61, 92, 93], [3, 10, 39, 47, 49, 51, 52, 52, 63, 78]]",0.5,0.5,0.5,0.125,1,3,PP,uniform_600s,2,2,6,6,"[[1, 1, 1, 1, 1, 1, 1, 1, 1, 1], [1, 1, 1, 1, 1, 1, 1, 1, 1, 1], [1, 1, 1, 1, 1, 1, 1, 1, 2], [1, 1, 1, 5, 1, 1]]",35,454,600,0.2433333333333333,0.007431,20,1.575,63,28.875,1155,600.0,12,OPTIMAL,2.3,92.0,92.0,0.0,0.808190107345581,0.014987165108323097,0.8232702929298339,9635.0,0.005686044692993164,10,OPTIMAL,2.2999999624998964,0.0,1.8681731224060059,2.3,uniform_600s,2.3,2.3,0.0,True,28.875,True,True,True
N40_lambda0p5_rep004_seed11062502785480703954,11062502785480703954,4,40,4,"[10, 10, 10, 10]","[[11, 23, 33, 41, 45, 57, 69, 85, 108, 123], [3, 13, 25, 29, 35, 47, 52, 109, 116, 140], [7, 16, 23, 33, 39, 52, 57, 61, 92, 93], [3, 10, 39, 47, 49, 51, 52, 52, 63, 78]]",0.5,0.5,0.5,0.125,1,3,PP,uniform_600s,2,2,8,8,"[[1, 1, 1, 1, 1, 1, 1, 1, 1, 1], [1, 1, 1, 1, 1, 1, 1, 1, 1, 1], [1, 1, 1, 1, 1, 1, 1, 1, 2], [1, 1, 1, 5, 1, 1]]",35,454,600,0.2433333333333333,0.0071805,20,1.575,63,30.625,1225,600.0,12,OPTIMAL,2.3,92.0,92.0,0.0,0.7537291049957275,0.014630946330726147,0.7684458084433966,9635.0,0.005281209945678711,10,OPTIMAL,2.2999999624998964,0.0,1.8681731224060059,2.3,uniform_600s,2.3,2.3,0.0,True,30.625,True,True,True
N40_lambda0p5_rep004_seed11062502785480703954,11062502785480703954,4,40,4,"[10, 10, 10, 10]","[[11, 23, 33, 41, 45, 57, 69, 85, 108, 123], [3, 13, 25, 29, 35, 47, 52, 109, 116, 140], [7, 16, 23, 33, 39, 52, 57, 61, 92, 93], [3, 10, 39, 47, 49, 51, 52, 52, 63, 78]]",0.5,0.5,0.5,0.125,1,3,PP,uniform_600s,4,4,2,2,"[[1, 1, 1, 2, 1, 1, 1, 1, 1], [1, 1, 2, 1, 1, 1, 1, 1, 1], [1, 1, 1, 1, 1, 1, 2, 2], [1, 1, 1, 2, 2, 1, 1, 1]]",34,433,600,0.2783333333333333,0.002669,20,8.45,338,56.5,2260,600.0,12,OPTIMAL,2.2999999874998367,91.99999949999346,91.99999949999346,0.0,0.6564679145812988,0.01363025326281786,0.6701734595158401,4617.0,0.00474095344543457,10,OPTIMAL,2.2999999624998964,0.0,1.8681731224060059,2.3,uniform_600s,2.3,2.3,0.0,True,56.5,True,True,True
N40_lambda0p5_rep004_seed11062502785480703954,11062502785480703954,4,40,4,"[10, 10, 10, 10]","[[11, 23, 33, 41, 45, 57, 69, 85, 108, 123], [3, 13, 25, 29, 35, 47, 52, 109, 116, 140], [7, 16, 23, 33, 39, 52, 57, 61, 92, 93], [3, 10, 39, 47, 49, 51, 52, 52, 63, 78]]",0.5,0.5,0.5,0.125,1,3,PP,uniform_600s,4,4,4,4,"[[1, 1, 1, 2, 1, 1, 1, 1, 1], [1, 1, 2, 1, 1, 1, 1, 1, 1], [1, 1, 1, 1, 1, 1, 2, 2], [1, 1, 1, 4, 1, 1, 1]]",33,407,600,0.32166666666666666,0.002759,20,9.225,369,84.75,3390,600.0,12,OPTIMAL,2.3,92.0,92.0,0.0,0.4410898685455322,0.013617505319416523,0.45478513972246315,1339.0,0.004600048065185547,10,OPTIMAL,2.2999999624998964,0.0,1.8681731224060059,2.3,uniform_600s,2.3,2.3,0.0,True,84.75,True,True,True
N40_lambda0p5_rep004_seed11062502785480703954,11062502785480703954,4,40,4,"[10, 10, 10, 10]","[[11, 23, 33, 41, 45, 57, 69, 85, 108, 123], [3, 13, 25, 29, 35, 47, 52, 109, 116, 140], [7, 16, 23, 33, 39, 52, 57, 61, 92, 93], [3, 10, 39, 47, 49, 51, 52, 52, 63, 78]]",0.5,0.5,0.5,0.125,1,3,PP,uniform_600s,4,4,6,6,"[[1, 1, 1, 2, 1, 1, 1, 1, 1], [1, 1, 2, 1, 1, 1, 1, 1, 1], [1, 1, 1, 1, 1, 1, 2, 2], [1, 1, 1, 5, 1, 1]]",32,381,600,0.365,0.0029745,20,9.225,369,93.225,3729,600.0,12,OPTIMAL,2.3,92.0,92.0,0.0,0.3185889720916748,0.013327956199645996,0.3319925049739475,1772.0,0.004319906234741211,10,OPTIMAL,2.2999999624998964,0.0,1.8681731224060059,2.3,uniform_600s,2.3,2.3,0.0,True,93.225,True,True,True
N40_lambda0p5_rep004_seed11062502785480703954,11062502785480703954,4,40,4,"[10, 10, 10, 10]","[[11, 23, 33, 41, 45, 57, 69, 85, 108, 123], [3, 13, 25, 29, 35, 47, 52, 109, 116, 140], [7, 16, 23, 33, 39, 52, 57, 61, 92, 93], [3, 10, 39, 47, 49, 51, 52, 52, 63, 78]]",0.5,0.5,0.5,0.125,1,3,PP,uniform_600s,4,4,8,8,"[[1, 1, 1, 2, 1, 1, 1, 1, 1], [1, 1, 2, 1, 1, 1, 1, 1, 1], [1, 1, 1, 1, 1, 1, 2, 2], [1, 1, 1, 5, 1, 1]]",32,381,600,0.365,0.002835,20,9.225,369,98.875,3955,600.0,12,OPTIMAL,2.3,92.0,92.0,0.0,0.33873701095581055,0.012925929389894009,0.3517377041821098,1772.0,0.00420689582824707,10,OPTIMAL,2.2999999624998964,0.0,1.8681731224060059,2.3,uniform_600s,2.3,2.3,0.0,True,98.875,True,True,True
N40_lambda0p5_rep004_seed11062502785480703954,11062502785480703954,4,40,4,"[10, 10, 10, 10]","[[11, 23, 33, 41, 45, 57, 69, 85, 108, 123], [3, 13, 25, 29, 35, 47, 52, 109, 116, 140], [7, 16, 23, 33, 39, 52, 57, 61, 92, 93], [3, 10, 39, 47, 49, 51, 52, 52, 63, 78]]",0.5,0.5,0.5,0.125,1,3,PP,uniform_600s,6,6,2,2,"[[1, 1, 1, 2, 1, 1, 1, 1, 1], [1, 1, 2, 1, 2, 1, 1, 1], [1, 1, 1, 2, 2, 1, 2], [1, 1, 1, 2, 2, 1, 1, 1]]",32,383,600,0.3616666666666667,0.002874,20,17.075,683,95.5,3820,600.0,12,OPTIMAL,2.3,92.0,92.0,0.0,0.26682496070861816,0.01357203722000122,0.28047678240947627,444.0,0.004439115524291992,9,OPTIMAL,2.2999999624998964,0.0,1.8681731224060059,2.3,uniform_600s,2.45,2.3,0.0,True,95.5,True,True,True
N40_lambda0p5_rep004_seed11062502785480703954,11062502785480703954,4,40,4,"[10, 10, 10, 10]","[[11, 23, 33, 41, 45, 57, 69, 85, 108, 123], [3, 13, 25, 29, 35, 47, 52, 109, 116, 140], [7, 16, 23, 33, 39, 52, 57, 61, 92, 93], [3, 10, 39, 47, 49, 51, 52, 52, 63, 78]]",0.5,0.5,0.5,0.125,1,3,PP,uniform_600s,6,6,4,4,"[[1, 1, 1, 2, 1, 1, 1, 1, 1], [1, 1, 3, 2, 1, 1, 1], [1, 1, 1, 2, 3, 2], [1, 1, 1, 4, 1, 1, 1]]",29,313,600,0.4783333333333334,0.002599,20,24.625,985,143.25,5730,600.0,12,OPTIMAL,2.45,98.0,98.0,0.0,0.11286401748657227,0.011194481514394283,0.12413408202584887,210.0,0.003347158432006836,10,OPTIMAL,2.2999999624998964,0.0,1.8681731224060059,2.3,uniform_600s,2.45,2.45,0.15000000000000036,True,143.1,True,True,True
N40_lambda0p5_rep004_seed11062502785480703954,11062502785480703954,4,40,4,"[10, 10, 10, 10]","[[11, 23, 33, 41, 45, 57, 69, 85, 108, 123], [3, 13, 25, 29, 35, 47, 52, 109, 116, 140], [7, 16, 23, 33, 39, 52, 57, 61, 92, 93], [3, 10, 39, 47, 49, 51, 52, 52, 63, 78]]",0.5,0.5,0.5,0.125,1,3,PP,uniform_600s,6,6,6,6,"[[1, 1, 1, 2, 1, 1, 1, 1, 1], [1, 1, 3, 2, 1, 1, 1], [1, 1, 1, 2, 3, 2], [1, 1, 1, 5, 1, 1]]",28,291,600,0.515,0.0029245,20,24.625,985,157.575,6303,600.0,12,OPTIMAL,2.45,98.0,97.99999999999227,0.0,0.13749098777770996,0.011630700901150703,0.1491993760298605,50.0,0.0033140182495117188,10,OPTIMAL,2.2999999624998964,0.0,1.8681731224060059,2.3,uniform_600s,2.45,2.45,0.15000000000000036,True,157.42499999999998,True,True,True
N40_lambda0p5_rep004_seed11062502785480703954,11062502785480703954,4,40,4,"[10, 10, 10, 10]","[[11, 23, 33, 41, 45, 57, 69, 85, 108, 123], [3, 13, 25, 29, 35, 47, 52, 109, 116, 140], [7, 16, 23, 33, 39, 52, 57, 61, 92, 93], [3, 10, 39, 47, 49, 51, 52, 52, 63, 78]]",0.5,0.5,0.5,0.125,1,3,PP,uniform_600s,6,6,8,8,"[[1, 1, 1, 2, 1, 1, 1, 1, 1], [1, 1, 3, 2, 1, 1, 1], [1, 1, 1, 2, 3, 2], [1, 1, 1, 5, 1, 1]]",28,291,600,0.515,0.0027695,20,24.625,985,167.125,6685,600.0,12,OPTIMAL,2.45,98.0,97.99999999999227,0.0,0.14677691459655762,0.011369878426194191,0.15822179217634869,50.0,0.0033049583435058594,10,OPTIMAL,2.2999999624998964,0.0,1.8681731224060059,2.3,uniform_600s,2.45,2.45,0.15000000000000036,True,166.975,True,True,True
N40_lambda0p5_rep004_seed11062502785480703954,11062502785480703954,4,40,4,"[10, 10, 10, 10]","[[11, 23, 33, 41, 45, 57, 69, 85, 108, 123], [3, 13, 25, 29, 35, 47, 52, 109, 116, 140], [7, 16, 23, 33, 39, 52, 57, 61, 92, 93], [3, 10, 39, 47, 49, 51, 52, 52, 63, 78]]",0.5,0.5,0.5,0.125,1,3,PP,uniform_600s,8,8,2,2,"[[1, 1, 2, 1, 1, 1, 1, 1, 1], [1, 1, 2, 1, 2, 2, 1], [1, 2, 2, 2, 1, 2], [2, 2, 2, 2, 1, 1]]",28,291,600,0.515,0.004497,20,43.25,1730,134.5,5380,600.0,12,OPTIMAL,2.45,98.0,98.0,0.0,0.13985514640808105,0.018172570504248142,0.15815796946825694,69.0,0.00525212287902832,6,OPTIMAL,2.2999999624998964,0.0,1.8681731224060059,2.3,uniform_600s,2.45,2.45,0.15000000000000036,True,134.35,True,True,True
N40_lambda0p5_rep004_seed11062502785480703954,11062502785480703954,4,40,4,"[10, 10, 10, 10]","[[11, 23, 33, 41, 45, 57, 69, 85, 108, 123], [3, 13, 25, 29, 35, 47, 52, 109, 116, 140], [7, 16, 23, 33, 39, 52, 57, 61, 92, 93], [3, 10, 39, 47, 49, 51, 52, 52, 63, 78]]",0.5,0.5,0.5,0.125,1,3,PP,uniform_600s,8,8,4,4,"[[1, 1, 3, 1, 1, 1, 1, 1], [1, 1, 3, 2, 2, 1], [1, 2, 2, 3, 2], [2, 4, 2, 1, 1]]",24,213,600,0.645,0.00657,20,53.425,2137,201.75,8070,600.0,12,OPTIMAL,2.45,98.0,97.99999999999591,0.0,0.03182196617126465,0.009599660523235798,0.0415005334501934,1.0,0.00023102760314941406,4,OPTIMAL,2.2999999624998964,0.0,1.8681731224060059,2.3,uniform_600s,2.45,2.45,0.15000000000000036,True,201.6,True,True,True
N40_lambda0p5_rep004_seed11062502785480703954,11062502785480703954,4,40,4,"[10, 10, 10, 10]","[[11, 23, 33, 41, 45, 57, 69, 85, 108, 123], [3, 13, 25, 29, 35, 47, 52, 109, 116, 140], [7, 16, 23, 33, 39, 52, 57, 61, 92, 93], [3, 10, 39, 47, 49, 51, 52, 52, 63, 78]]",0.5,0.5,0.5,0.125,1,3,PP,uniform_600s,8,8,6,6,"[[1, 1, 3, 1, 1, 1, 1, 1], [1, 1, 3, 2, 2, 1], [1, 2, 2, 3, 2], [2, 6, 1, 1]]",23,194,600,0.6766666666666667,0.0028045,20,53.425,2137,221.925,8877,600.0,12,OPTIMAL,2.45,98.0,98.0,0.0,0.025222063064575195,0.009023561142385006,0.03431602503074837,1.0,0.00022912025451660156,5,OPTIMAL,2.2999999624998964,0.0,1.8681731224060059,2.3,uniform_600s,2.45,2.45,0.15000000000000036,True,221.775,True,True,True
N40_lambda0p5_rep004_seed11062502785480703954,11062502785480703954,4,40,4,"[10, 10, 10, 10]","[[11, 23, 33, 41, 45, 57, 69, 85, 108, 123], [3, 13, 25, 29, 35, 47, 52, 109, 116, 140], [7, 16, 23, 33, 39, 52, 57, 61, 92, 93], [3, 10, 39, 47, 49, 51, 52, 52, 63, 78]]",0.5,0.5,0.5,0.125,1,3,PP,uniform_600s,8,8,8,8,"[[1, 1, 3, 1, 1, 1, 1, 1], [1, 1, 3, 2, 2, 1], [1, 2, 2, 3, 2], [2, 6, 1, 1]]",23,194,600,0.6766666666666667,0.0026295,20,53.425,2137,235.375,9415,600.0,12,OPTIMAL,2.45,98.0,98.0,0.0,0.024170875549316406,0.008343402296304703,0.03257483654108476,1.0,0.0002079010009765625,5,OPTIMAL,2.2999999624998964,0.0,1.8681731224060059,2.3,uniform_600s,2.45,2.45,0.15000000000000036,True,235.225,True,True,True
N40_lambda0p5_rep005_seed11044225094338534234,11044225094338534234,5,40,4,"[10, 10, 10, 10]","[[3, 7, 12, 16, 18, 35, 42, 52, 58, 59], [4, 16, 31, 32, 34, 41, 44, 45, 62, 66], [7, 43, 64, 66, 95, 114, 114, 122, 134, 135], [13, 14, 22, 27, 32, 40, 49, 53, 62, 66]]",0.5,0.5,0.5,0.125,1,3,PP,uniform_600s,2,2,2,2,"[[1, 1, 1, 2, 1, 1, 1, 2], [1, 1, 2, 1, 1, 2, 1, 1], [1, 1, 2, 1, 2, 1, 2], [2, 1, 1, 1, 1, 1, 1, 1, 1]]",32,383,600,0.3616666666666667,0.002704,20,1.625,65,17.5,700,600.0,12,OPTIMAL,2.3749992619071123,94.99997047628449,94.99997047628449,0.0,0.9151828289031982,0.013539367355406284,0.9287929454798737,8731.0,0.004375934600830078,10,OPTIMAL,2.375,0.0,3.166918992996216,2.375,uniform_600s,2.375,2.375,0.0,True,17.5,True,True,True
N40_lambda0p5_rep005_seed11044225094338534234,11044225094338534234,5,40,4,"[10, 10, 10, 10]","[[3, 7, 12, 16, 18, 35, 42, 52, 58, 59], [4, 16, 31, 32, 34, 41, 44, 45, 62, 66], [7, 43, 64, 66, 95, 114, 114, 122, 134, 135], [13, 14, 22, 27, 32, 40, 49, 53, 62, 66]]",0.5,0.5,0.5,0.125,1,3,PP,uniform_600s,2,2,4,4,"[[1, 1, 1, 2, 1, 1, 1, 2], [1, 1, 3, 1, 2, 1, 1], [1, 1, 2, 1, 2, 1, 2], [2, 1, 1, 1, 1, 1, 1, 1, 1]]",31,359,600,0.4016666666666666,0.002759,20,2.425,97,26.25,1050,600.0,12,OPTIMAL,2.375,95.0,95.0,0.0,0.7263989448547363,0.017782961949706078,0.7442553448059526,13810.0,0.004251003265380859,8,OPTIMAL,2.375,0.0,3.166918992996216,2.375,uniform_600s,2.375,2.375,0.0,True,26.25,True,True,True
N40_lambda0p5_rep005_seed11044225094338534234,11044225094338534234,5,40,4,"[10, 10, 10, 10]","[[3, 7, 12, 16, 18, 35, 42, 52, 58, 59], [4, 16, 31, 32, 34, 41, 44, 45, 62, 66], [7, 43, 64, 66, 95, 114, 114, 122, 134, 135], [13, 14, 22, 27, 32, 40, 49, 53, 62, 66]]",0.5,0.5,0.5,0.125,1,3,PP,uniform_600s,2,2,6,6,"[[1, 1, 1, 2, 1, 1, 1, 2], [1, 1, 3, 1, 2, 1, 1], [1, 1, 2, 1, 2, 1, 2], [2, 1, 1, 1, 1, 1, 1, 1, 1]]",31,359,600,0.4016666666666666,0.0027795,20,2.425,97,28.875,1155,600.0,12,OPTIMAL,2.375,95.0,95.0,0.0,0.7985930442810059,0.012438282370567322,0.8111054091392084,13810.0,0.0041730403900146484,8,OPTIMAL,2.375,0.0,3.166918992996216,2.375,uniform_600s,2.375,2.375,0.0,True,28.875,True,True,True
N40_lambda0p5_rep005_seed11044225094338534234,11044225094338534234,5,40,4,"[10, 10, 10, 10]","[[3, 7, 12, 16, 18, 35, 42, 52, 58, 59], [4, 16, 31, 32, 34, 41, 44, 45, 62, 66], [7, 43, 64, 66, 95, 114, 114, 122, 134, 135], [13, 14, 22, 27, 32, 40, 49, 53, 62, 66]]",0.5,0.5,0.5,0.125,1,3,PP,uniform_600s,2,2,8,8,"[[1, 1, 1, 2, 1, 1, 1, 2], [1, 1, 3, 1, 2, 1, 1], [1, 1, 2, 1, 2, 1, 2], [2, 1, 1, 1, 1, 1, 1, 1, 1]]",31,359,600,0.4016666666666666,0.004322,20,2.425,97,30.625,1225,600.0,12,OPTIMAL,2.375,95.0,95.0,0.0,0.8609170913696289,0.019236738793551922,0.8802719141469927,13810.0,0.006948947906494141,8,OPTIMAL,2.375,0.0,3.166918992996216,2.375,uniform_600s,2.375,2.375,0.0,True,30.625,True,True,True
N40_lambda0p5_rep005_seed11044225094338534234,11044225094338534234,5,40,4,"[10, 10, 10, 10]","[[3, 7, 12, 16, 18, 35, 42, 52, 58, 59], [4, 16, 31, 32, 34, 41, 44, 45, 62, 66], [7, 43, 64, 66, 95, 114, 114, 122, 134, 135], [13, 14, 22, 27, 32, 40, 49, 53, 62, 66]]",0.5,0.5,0.5,0.125,1,3,PP,uniform_600s,4,4,2,2,"[[2, 2, 1, 1, 1, 1, 2], [1, 1, 2, 1, 2, 1, 2], [1, 1, 2, 1, 2, 1, 2], [2, 1, 1, 1, 1, 2, 2]]",28,294,600,0.51,0.002839,20,14.75,590,56.5,2260,600.0,12,OPTIMAL,2.65,106.0,106.0,0.0,0.42090606689453125,0.010983193293213844,0.43197229444332264,6168.0,0.003358125686645508,6,OPTIMAL,2.375,0.0,3.166918992996216,2.375,uniform_600s,2.65,2.65,0.2749999999999999,True,56.225,True,True,True
N40_lambda0p5_rep005_seed11044225094338534234,11044225094338534234,5,40,4,"[10, 10, 10, 10]","[[3, 7, 12, 16, 18, 35, 42, 52, 58, 59], [4, 16, 31, 32, 34, 41, 44, 45, 62, 66], [7, 43, 64, 66, 95, 114, 114, 122, 134, 135], [13, 14, 22, 27, 32, 40, 49, 53, 62, 66]]",0.5,0.5,0.5,0.125,1,3,PP,uniform_600s,4,4,4,4,"[[2, 3, 1, 1, 1, 2], [1, 1, 3, 3, 2], [1, 1, 2, 1, 2, 1, 2], [2, 1, 1, 1, 1, 2, 2]]",25,233,600,0.6116666666666667,0.0033045,20,16.35,654,84.75,3390,600.0,12,OPTIMAL,2.65,106.0,106.0,0.0,0.16284799575805664,0.009833845309913158,0.17275317030014228,2341.0,0.0026030540466308594,5,OPTIMAL,2.375,0.0,3.166918992996216,2.375,uniform_600s,2.65,2.65,0.2749999999999999,True,84.475,True,True,True
N40_lambda0p5_rep005_seed11044225094338534234,11044225094338534234,5,40,4,"[10, 10, 10, 10]","[[3, 7, 12, 16, 18, 35, 42, 52, 58, 59], [4, 16, 31, 32, 34, 41, 44, 45, 62, 66], [7, 43, 64, 66, 95, 114, 114, 122, 134, 135], [13, 14, 22, 27, 32, 40, 49, 53, 62, 66]]",0.5,0.5,0.5,0.125,1,3,PP,uniform_600s,4,4,6,6,"[[2, 3, 1, 1, 1, 2], [1, 1, 3, 3, 2], [1, 1, 2, 1, 2, 1, 2], [2, 1, 1, 1, 1, 2, 2]]",25,233,600,0.6116666666666667,0.00667,20,16.35,654,93.225,3729,600.0,12,OPTIMAL,2.65,106.0,106.0,0.0,0.16774487495422363,0.010061508975923061,0.1778858796301913,2341.0,0.0027298927307128906,5,OPTIMAL,2.375,0.0,3.166918992996216,2.375,uniform_600s,2.65,2.65,0.2749999999999999,True,92.94999999999999,True,True,True
N40_lambda0p5_rep005_seed11044225094338534234,11044225094338534234,5,40,4,"[10, 10, 10, 10]","[[3, 7, 12, 16, 18, 35, 42, 52, 58, 59], [4, 16, 31, 32, 34, 41, 44, 45, 62, 66], [7, 43, 64, 66, 95, 114, 114, 122, 134, 135], [13, 14, 22, 27, 32, 40, 49, 53, 62, 66]]",0.5,0.5,0.5,0.125,1,3,PP,uniform_600s,4,4,8,8,"[[2, 3, 1, 1, 1, 2], [1, 1, 3, 3, 2], [1, 1, 2, 1, 2, 1, 2], [2, 1, 1, 1, 1, 2, 2]]",25,233,600,0.6116666666666667,0.002634,20,16.35,654,98.875,3955,600.0,12,OPTIMAL,2.65,106.0,106.0,0.0,0.1715710163116455,0.009930611588060856,0.1815938653759327,2341.0,0.0027360916137695312,5,OPTIMAL,2.375,0.0,3.166918992996216,2.375,uniform_600s,2.65,2.65,0.2749999999999999,True,98.6,True,True,True
N40_lambda0p5_rep005_seed11044225094338534234,11044225094338534234,5,40,4,"[10, 10, 10, 10]","[[3, 7, 12, 16, 18, 35, 42, 52, 58, 59], [4, 16, 31, 32, 34, 41, 44, 45, 62, 66], [7, 43, 64, 66, 95, 114, 114, 122, 134, 135], [13, 14, 22, 27, 32, 40, 49, 53, 62, 66]]",0.5,0.5,0.5,0.125,1,3,PP,uniform_600s,6,6,2,2,"[[2, 2, 1, 1, 1, 2, 1], [1, 1, 2, 1, 2, 1, 2], [1, 1, 2, 1, 2, 1, 2], [2, 2, 1, 1, 2, 2]]",27,273,600,0.5449999999999999,0.0028295,20,22.25,890,95.5,3820,600.0,12,OPTIMAL,2.649999141757803,105.99996567031212,105.99996567031212,0.0,0.3455638885498047,0.011074120178818703,0.356737946302156,4014.0,0.00323486328125,10,OPTIMAL,2.375,0.0,3.166918992996216,2.375,uniform_600s,3.175,2.65,0.2749999999999999,True,95.225,True,True,True
N40_lambda0p5_rep005_seed11044225094338534234,11044225094338534234,5,40,4,"[10, 10, 10, 10]","[[3, 7, 12, 16, 18, 35, 42, 52, 58, 59], [4, 16, 31, 32, 34, 41, 44, 45, 62, 66], [7, 43, 64, 66, 95, 114, 114, 122, 134, 135], [13, 14, 22, 27, 32, 40, 49, 53, 62, 66]]",0.5,0.5,0.5,0.125,1,3,PP,uniform_600s,6,6,4,4,"[[4, 1, 1, 1, 3], [1, 1, 3, 3, 2], [1, 1, 2, 1, 2, 1, 2], [2, 3, 1, 2, 2]]",22,180,600,0.7,0.002824,20,30.25,1210,143.25,5730,600.0,12,OPTIMAL,3.175,127.0,127.0,0.0,0.12443089485168457,0.009148798882961273,0.1336631907587042,2205.0,0.002374887466430664,10,OPTIMAL,2.375,0.0,3.166918992996216,2.375,uniform_600s,3.175,3.175,0.7999999999999998,True,142.45,True,True,True
N40_lambda0p5_rep005_seed11044225094338534234,11044225094338534234,5,40,4,"[10, 10, 10, 10]","[[3, 7, 12, 16, 18, 35, 42, 52, 58, 59], [4, 16, 31, 32, 34, 41, 44, 45, 62, 66], [7, 43, 64, 66, 95, 114, 114, 122, 134, 135], [13, 14, 22, 27, 32, 40, 49, 53, 62, 66]]",0.5,0.5,0.5,0.125,1,3,PP,uniform_600s,6,6,6,6,"[[5, 1, 1, 3], [1, 1, 3, 3, 2], [1, 1, 2, 1, 2, 1, 2], [2, 3, 1, 2, 2]]",21,163,600,0.7283333333333333,0.0028045,20,31.05,1242,157.575,6303,600.0,12,OPTIMAL,3.175,127.0,127.0,0.0,0.11088800430297852,0.00792966689914465,0.11888854793174695,331.0,0.0019490718841552734,8,OPTIMAL,2.375,0.0,3.166918992996216,2.375,uniform_600s,3.175,3.175,0.7999999999999998,True,156.77499999999998,True,True,True
N40_lambda0p5_rep005_seed11044225094338534234,11044225094338534234,5,40,4,"[10, 10, 10, 10]","[[3, 7, 12, 16, 18, 35, 42, 52, 58, 59], [4, 16, 31, 32, 34, 41, 44, 45, 62, 66], [7, 43, 64, 66, 95, 114, 114, 122, 134, 135], [13, 14, 22, 27, 32, 40, 49, 53, 62, 66]]",0.5,0.5,0.5,0.125,1,3,PP,uniform_600s,6,6,8,8,"[[5, 1, 1, 3], [1, 1, 3, 3, 2], [1, 1, 2, 1, 2, 1, 2], [2, 3, 1, 2, 2]]",21,163,600,0.7283333333333333,0.0070605,20,31.05,1242,167.125,6685,600.0,12,OPTIMAL,3.175,127.0,127.0,0.0,0.08960199356079102,0.008823158219456673,0.09850137881389666,331.0,0.0019829273223876953,8,OPTIMAL,2.375,0.0,3.166918992996216,2.375,uniform_600s,3.175,3.175,0.7999999999999998,True,166.325,True,True,True
N40_lambda0p5_rep005_seed11044225094338534234,11044225094338534234,5,40,4,"[10, 10, 10, 10]","[[3, 7, 12, 16, 18, 35, 42, 52, 58, 59], [4, 16, 31, 32, 34, 41, 44, 45, 62, 66], [7, 43, 64, 66, 95, 114, 114, 122, 134, 135], [13, 14, 22, 27, 32, 40, 49, 53, 62, 66]]",0.5,0.5,0.5,0.125,1,3,PP,uniform_600s,8,8,2,2,"[[2, 2, 1, 2, 2, 1], [1, 1, 2, 2, 2, 2], [1, 1, 2, 1, 2, 1, 2], [2, 2, 2, 2, 2]]",24,215,600,0.6416666666666666,0.0071655,20,36.825,1473,134.5,5380,600.0,12,OPTIMAL,3.3,132.0,132.0,0.0,0.23434185981750488,0.010218107141554356,0.24463489548958825,3112.0,0.0025780200958251953,10,OPTIMAL,2.375,0.0,3.166918992996216,2.375,uniform_600s,4.625,3.3,0.9249999999999998,True,133.575,True,True,True
N40_lambda0p5_rep005_seed11044225094338534234,11044225094338534234,5,40,4,"[10, 10, 10, 10]","[[3, 7, 12, 16, 18, 35, 42, 52, 58, 59], [4, 16, 31, 32, 34, 41, 44, 45, 62, 66], [7, 43, 64, 66, 95, 114, 114, 122, 134, 135], [13, 14, 22, 27, 32, 40, 49, 53, 62, 66]]",0.5,0.5,0.5,0.125,1,3,PP,uniform_600s,8,8,4,4,"[[4, 1, 2, 3], [1, 1, 4, 2, 2], [1, 1, 2, 1, 3, 2], [4, 2, 2, 2]]",19,134,600,0.7766666666666666,0.0027545,20,53.55,2142,201.75,8070,600.0,12,OPTIMAL,4.025,161.0,161.0,0.0,0.11650896072387695,0.008006453514099121,0.12458932550796699,693.0,0.0017709732055664062,10,OPTIMAL,2.375,0.0,3.166918992996216,2.375,uniform_600s,4.625,4.025,1.6500000000000004,True,200.1,True,True,True
N40_lambda0p5_rep005_seed11044225094338534234,11044225094338534234,5,40,4,"[10, 10, 10, 10]","[[3, 7, 12, 16, 18, 35, 42, 52, 58, 59], [4, 16, 31, 32, 34, 41, 44, 45, 62, 66], [7, 43, 64, 66, 95, 114, 114, 122, 134, 135], [13, 14, 22, 27, 32, 40, 49, 53, 62, 66]]",0.5,0.5,0.5,0.125,1,3,PP,uniform_600s,8,8,6,6,"[[5, 2, 3], [1, 1, 6, 2], [1, 1, 2, 1, 3, 2], [6, 2, 2]]",16,93,600,0.845,0.002729,20,59.45,2378,221.925,8877,600.0,12,OPTIMAL,4.625,185.0,184.99999999999932,0.0,0.055425167083740234,0.006964578293263912,0.0624585302932539,104.0,0.0013461112976074219,9,OPTIMAL,2.375,0.0,3.166918992996216,2.375,uniform_600s,4.625,4.625,2.25,True,219.675,True,True,True
N40_lambda0p5_rep005_seed11044225094338534234,11044225094338534234,5,40,4,"[10, 10, 10, 10]","[[3, 7, 12, 16, 18, 35, 42, 52, 58, 59], [4, 16, 31, 32, 34, 41, 44, 45, 62, 66], [7, 43, 64, 66, 95, 114, 114, 122, 134, 135], [13, 14, 22, 27, 32, 40, 49, 53, 62, 66]]",0.5,0.5,0.5,0.125,1,3,PP,uniform_600s,8,8,8,8,"[[5, 2, 3], [1, 1, 6, 2], [1, 1, 2, 1, 3, 2], [6, 2, 2]]",16,93,600,0.845,0.006971,20,59.45,2378,235.375,9415,600.0,12,OPTIMAL,4.625,185.0,184.99999999999932,0.0,0.061292171478271484,0.007398192770779133,0.0687617427243433,104.0,0.0013630390167236328,9,OPTIMAL,2.375,0.0,3.166918992996216,2.375,uniform_600s,4.625,4.625,2.25,True,233.125,True,True,True
N40_lambda0p5_rep006_seed14245301999845261557,14245301999845261557,6,40,4,"[10, 10, 10, 10]","[[9, 19, 27, 28, 28, 30, 45, 48, 48, 55], [3, 20, 25, 26, 65, 74, 76, 80, 80, 88], [7, 10, 10, 29, 45, 47, 49, 50, 53, 71], [23, 27, 29, 45, 54, 54, 59, 68, 89, 97]]",0.5,0.5,0.5,0.125,1,3,PP,uniform_600s,2,2,2,2,"[[1, 1, 2, 2, 1, 2, 1], [1, 1, 2, 1, 2, 2, 1], [1, 2, 1, 2, 2, 1, 1], [1, 2, 1, 2, 1, 1, 1, 1]]",29,315,600,0.475,0.002944,20,3.15,126,17.5,700,600.0,12,OPTIMAL,3.225,129.0,129.0,0.0,0.6335618495941162,0.012129755690693855,0.6457723761870804,9228.0,0.0037238597869873047,10,OPTIMAL,3.225,0.0,19.178014993667603,3.225,uniform_600s,3.225,3.225,0.0,True,17.5,True,True,True
N40_lambda0p5_rep006_seed14245301999845261557,14245301999845261557,6,40,4,"[10, 10, 10, 10]","[[9, 19, 27, 28, 28, 30, 45, 48, 48, 55], [3, 20, 25, 26, 65, 74, 76, 80, 80, 88], [7, 10, 10, 29, 45, 47, 49, 50, 53, 71], [23, 27, 29, 45, 54, 54, 59, 68, 89, 97]]",0.5,0.5,0.5,0.125,1,3,PP,uniform_600s,2,2,4,4,"[[1, 1, 4, 1, 2, 1], [1, 1, 2, 1, 2, 2, 1], [1, 2, 1, 4, 1, 1], [1, 2, 1, 2, 1, 1, 1, 1]]",27,272,600,0.5466666666666666,0.002679,20,3.9,156,26.25,1050,600.0,12,OPTIMAL,3.225,129.0,129.0,0.0,0.2642250061035156,0.010642187669873238,0.27494123722831393,4304.0,0.0035009384155273438,9,OPTIMAL,3.225,0.0,19.178014993667603,3.225,uniform_600s,3.225,3.225,0.0,True,26.25,True,True,True
N40_lambda0p5_rep006_seed14245301999845261557,14245301999845261557,6,40,4,"[10, 10, 10, 10]","[[9, 19, 27, 28, 28, 30, 45, 48, 48, 55], [3, 20, 25, 26, 65, 74, 76, 80, 80, 88], [7, 10, 10, 29, 45, 47, 49, 50, 53, 71], [23, 27, 29, 45, 54, 54, 59, 68, 89, 97]]",0.5,0.5,0.5,0.125,1,3,PP,uniform_600s,2,2,6,6,"[[1, 1, 4, 1, 2, 1], [1, 1, 2, 1, 2, 2, 1], [1, 2, 1, 4, 1, 1], [1, 2, 1, 2, 1, 1, 1, 1]]",27,272,600,0.5466666666666666,0.0029595,20,3.9,156,28.875,1155,600.0,12,OPTIMAL,3.225,129.0,129.0,0.0,0.25156092643737793,0.010857793502509594,0.26249536381934596,4304.0,0.0034499168395996094,9,OPTIMAL,3.225,0.0,19.178014993667603,3.225,uniform_600s,3.225,3.225,0.0,True,28.875,True,True,True
N40_lambda0p5_rep006_seed14245301999845261557,14245301999845261557,6,40,4,"[10, 10, 10, 10]","[[9, 19, 27, 28, 28, 30, 45, 48, 48, 55], [3, 20, 25, 26, 65, 74, 76, 80, 80, 88], [7, 10, 10, 29, 45, 47, 49, 50, 53, 71], [23, 27, 29, 45, 54, 54, 59, 68, 89, 97]]",0.5,0.5,0.5,0.125,1,3,PP,uniform_600s,2,2,8,8,"[[1, 1, 4, 1, 2, 1], [1, 1, 2, 1, 2, 2, 1], [1, 2, 1, 4, 1, 1], [1, 2, 1, 2, 1, 1, 1, 1]]",27,272,600,0.5466666666666666,0.0027895,20,3.9,156,30.625,1225,600.0,12,OPTIMAL,3.225,129.0,129.0,0.0,0.251209020614624,0.010545730590820312,0.2618404936071653,4304.0,0.003409862518310547,9,OPTIMAL,3.225,0.0,19.178014993667603,3.225,uniform_600s,3.225,3.225,0.0,True,30.625,True,True,True
N40_lambda0p5_rep006_seed14245301999845261557,14245301999845261557,6,40,4,"[10, 10, 10, 10]","[[9, 19, 27, 28, 28, 30, 45, 48, 48, 55], [3, 20, 25, 26, 65, 74, 76, 80, 80, 88], [7, 10, 10, 29, 45, 47, 49, 50, 53, 71], [23, 27, 29, 45, 54, 54, 59, 68, 89, 97]]",0.5,0.5,0.5,0.125,1,3,PP,uniform_600s,4,4,2,2,"[[1, 1, 2, 2, 2, 1, 1], [1, 1, 2, 1, 2, 2, 1], [2, 1, 1, 2, 2, 1, 1], [2, 1, 1, 2, 1, 1, 1, 1]]",29,315,600,0.475,0.002714,20,8.525,341,56.5,2260,600.0,12,OPTIMAL,3.225,129.0,129.0,0.0,0.5026571750640869,0.011748820543289185,0.514489103234662,5682.0,0.0037081241607666016,8,OPTIMAL,3.225,0.0,19.178014993667603,3.225,uniform_600s,3.3,3.225,0.0,True,56.5,True,True,True
N40_lambda0p5_rep006_seed14245301999845261557,14245301999845261557,6,40,4,"[10, 10, 10, 10]","[[9, 19, 27, 28, 28, 30, 45, 48, 48, 55], [3, 20, 25, 26, 65, 74, 76, 80, 80, 88], [7, 10, 10, 29, 45, 47, 49, 50, 53, 71], [23, 27, 29, 45, 54, 54, 59, 68, 89, 97]]",0.5,0.5,0.5,0.125,1,3,PP,uniform_600s,4,4,4,4,"[[1, 1, 4, 3, 1], [1, 1, 2, 1, 4, 1], [3, 1, 4, 1, 1], [3, 1, 2, 1, 1, 1, 1]]",23,197,600,0.6716666666666666,0.0068705,20,12.5,500,84.75,3390,600.0,12,OPTIMAL,3.225,129.0,129.0,0.0,0.16366004943847656,0.00955481268465519,0.17328822998628188,497.0,0.002547025680541992,10,OPTIMAL,3.225,0.0,19.178014993667603,3.225,uniform_600s,3.3,3.225,0.0,True,84.75,True,True,True
N40_lambda0p5_rep006_seed14245301999845261557,14245301999845261557,6,40,4,"[10, 10, 10, 10]","[[9, 19, 27, 28, 28, 30, 45, 48, 48, 55], [3, 20, 25, 26, 65, 74, 76, 80, 80, 88], [7, 10, 10, 29, 45, 47, 49, 50, 53, 71], [23, 27, 29, 45, 54, 54, 59, 68, 89, 97]]",0.5,0.5,0.5,0.125,1,3,PP,uniform_600s,4,4,6,6,"[[1, 1, 4, 3, 1], [1, 1, 2, 1, 4, 1], [3, 1, 5, 1], [3, 1, 2, 1, 1, 1, 1]]",22,179,600,0.7016666666666667,0.002624,20,14.0,560,93.225,3729,600.0,12,OPTIMAL,3.3,132.0,132.0,0.0,0.10837316513061523,0.0087263910099864,0.1171699087121954,331.0,0.0023140907287597656,8,OPTIMAL,3.225,0.0,19.178014993667603,3.225,uniform_600s,3.3,3.3,0.07499999999999973,True,93.14999999999999,True,True,True
N40_lambda0p5_rep006_seed14245301999845261557,14245301999845261557,6,40,4,"[10, 10, 10, 10]","[[9, 19, 27, 28, 28, 30, 45, 48, 48, 55], [3, 20, 25, 26, 65, 74, 76, 80, 80, 88], [7, 10, 10, 29, 45, 47, 49, 50, 53, 71], [23, 27, 29, 45, 54, 54, 59, 68, 89, 97]]",0.5,0.5,0.5,0.125,1,3,PP,uniform_600s,4,4,8,8,"[[1, 1, 4, 3, 1], [1, 1, 2, 1, 4, 1], [3, 1, 5, 1], [3, 1, 2, 1, 1, 1, 1]]",22,179,600,0.7016666666666667,0.002674,20,14.0,560,98.875,3955,600.0,12,OPTIMAL,3.3,132.0,132.0,0.0,0.10900998115539551,0.008392196148633957,0.11746334301832818,331.0,0.0022039413452148438,8,OPTIMAL,3.225,0.0,19.178014993667603,3.225,uniform_600s,3.3,3.3,0.07499999999999973,True,98.8,True,True,True
N40_lambda0p5_rep006_seed14245301999845261557,14245301999845261557,6,40,4,"[10, 10, 10, 10]","[[9, 19, 27, 28, 28, 30, 45, 48, 48, 55], [3, 20, 25, 26, 65, 74, 76, 80, 80, 88], [7, 10, 10, 29, 45, 47, 49, 50, 53, 71], [23, 27, 29, 45, 54, 54, 59, 68, 89, 97]]",0.5,0.5,0.5,0.125,1,3,PP,uniform_600s,6,6,2,2,"[[1, 1, 2, 2, 2, 1, 1], [1, 2, 1, 1, 2, 2, 1], [2, 1, 1, 2, 2, 1, 1], [2, 1, 1, 2, 1, 1, 1, 1]]",29,315,600,0.475,0.002909,20,12.225,489,95.5,3820,600.0,12,OPTIMAL,3.225,129.0,129.0,0.0,0.6576619148254395,0.011489417403936386,0.6692218971578088,4443.0,0.0033550262451171875,10,OPTIMAL,3.225,0.0,19.178014993667603,3.225,uniform_600s,3.3,3.225,0.0,True,95.5,True,True,True
N40_lambda0p5_rep006_seed14245301999845261557,14245301999845261557,6,40,4,"[10, 10, 10, 10]","[[9, 19, 27, 28, 28, 30, 45, 48, 48, 55], [3, 20, 25, 26, 65, 74, 76, 80, 80, 88], [7, 10, 10, 29, 45, 47, 49, 50, 53, 71], [23, 27, 29, 45, 54, 54, 59, 68, 89, 97]]",0.5,0.5,0.5,0.125,1,3,PP,uniform_600s,6,6,4,4,"[[1, 1, 4, 3, 1], [1, 3, 1, 4, 1], [3, 1, 4, 1, 1], [3, 1, 3, 1, 1, 1]]",21,165,600,0.725,0.002654,20,19.5,780,143.25,5730,600.0,12,OPTIMAL,3.225,129.0,129.0,0.0,0.12469005584716797,0.00812471192330122,0.13287905576713466,453.0,0.002132892608642578,6,OPTIMAL,3.225,0.0,19.178014993667603,3.225,uniform_600s,3.3,3.225,0.0,True,143.25,True,True,True
N40_lambda0p5_rep006_seed14245301999845261557,14245301999845261557,6,40,4,"[10, 10, 10, 10]","[[9, 19, 27, 28, 28, 30, 45, 48, 48, 55], [3, 20, 25, 26, 65, 74, 76, 80, 80, 88], [7, 10, 10, 29, 45, 47, 49, 50, 53, 71], [23, 27, 29, 45, 54, 54, 59, 68, 89, 97]]",0.5,0.5,0.5,0.125,1,3,PP,uniform_600s,6,6,6,6,"[[1, 1, 4, 3, 1], [1, 3, 1, 4, 1], [3, 1, 5, 1], [3, 1, 3, 1, 1, 1]]",20,149,600,0.7516666666666667,0.002739,20,21.0,840,157.575,6303,600.0,12,OPTIMAL,3.3,132.0,132.0,0.0,0.07726407051086426,0.008025321178138256,0.08535315839467192,178.0,0.0002620220184326172,6,OPTIMAL,3.225,0.0,19.178014993667603,3.225,uniform_600s,3.3,3.3,0.07499999999999973,True,157.5,True,True,True
N40_lambda0p5_rep006_seed14245301999845261557,14245301999845261557,6,40,4,"[10, 10, 10, 10]","[[9, 19, 27, 28, 28, 30, 45, 48, 48, 55], [3, 20, 25, 26, 65, 74, 76, 80, 80, 88], [7, 10, 10, 29, 45, 47, 49, 50, 53, 71], [23, 27, 29, 45, 54, 54, 59, 68, 89, 97]]",0.5,0.5,0.5,0.125,1,3,PP,uniform_600s,6,6,8,8,"[[1, 1, 4, 3, 1], [1, 3, 1, 4, 1], [3, 1, 5, 1], [3, 1, 3, 1, 1, 1]]",20,149,600,0.7516666666666667,0.006836,20,21.0,840,167.125,6685,600.0,12,OPTIMAL,3.3,132.0,132.0,0.0,0.08379197120666504,0.0078124599531292915,0.09166882568887329,178.0,0.0002529621124267578,6,OPTIMAL,3.225,0.0,19.178014993667603,3.225,uniform_600s,3.3,3.3,0.07499999999999973,True,167.05,True,True,True
N40_lambda0p5_rep006_seed14245301999845261557,14245301999845261557,6,40,4,"[10, 10, 10, 10]","[[9, 19, 27, 28, 28, 30, 45, 48, 48, 55], [3, 20, 25, 26, 65, 74, 76, 80, 80, 88], [7, 10, 10, 29, 45, 47, 49, 50, 53, 71], [23, 27, 29, 45, 54, 54, 59, 68, 89, 97]]",0.5,0.5,0.5,0.125,1,3,PP,uniform_600s,8,8,2,2,"[[1, 2, 2, 1, 2, 2], [1, 2, 1, 1, 2, 2, 1], [2, 1, 1, 2, 2, 1, 1], [2, 1, 1, 2, 1, 1, 2]]",27,273,600,0.5449999999999999,0.002704,20,27.875,1115,134.5,5380,600.0,12,OPTIMAL,3.625,145.0,144.99999999997635,0.0,0.3592698574066162,0.010419431142508984,0.36975528709394123,2115.0,0.0028679370880126953,9,OPTIMAL,3.225,0.0,19.178014993667603,3.225,uniform_600s,3.7,3.625,0.3999999999999999,True,134.1,True,True,True
N40_lambda0p5_rep006_seed14245301999845261557,14245301999845261557,6,40,4,"[10, 10, 10, 10]","[[9, 19, 27, 28, 28, 30, 45, 48, 48, 55], [3, 20, 25, 26, 65, 74, 76, 80, 80, 88], [7, 10, 10, 29, 45, 47, 49, 50, 53, 71], [23, 27, 29, 45, 54, 54, 59, 68, 89, 97]]",0.5,0.5,0.5,0.125,1,3,PP,uniform_600s,8,8,4,4,"[[1, 4, 1, 4], [1, 3, 1, 4, 1], [3, 1, 4, 1, 1], [3, 1, 3, 1, 2]]",19,135,600,0.775,0.002774,20,35.15,1406,201.75,8070,600.0,12,OPTIMAL,3.625,145.0,145.0,0.0,0.08774399757385254,0.007697424851357937,0.09550409629924202,83.0,0.0016219615936279297,8,OPTIMAL,3.225,0.0,19.178014993667603,3.225,uniform_600s,3.7,3.625,0.3999999999999999,True,201.35,True,True,True
N40_lambda0p5_rep006_seed14245301999845261557,14245301999845261557,6,40,4,"[10, 10, 10, 10]","[[9, 19, 27, 28, 28, 30, 45, 48, 48, 55], [3, 20, 25, 26, 65, 74, 76, 80, 80, 88], [7, 10, 10, 29, 45, 47, 49, 50, 53, 71], [23, 27, 29, 45, 54, 54, 59, 68, 89, 97]]",0.5,0.5,0.5,0.125,1,3,PP,uniform_600s,8,8,6,6,"[[1, 5, 4], [1, 3, 1, 5], [3, 1, 5, 1], [3, 1, 3, 1, 2]]",16,95,600,0.8416666666666667,0.002614,20,42.75,1710,221.925,8877,600.0,12,OPTIMAL,3.7,148.0,147.99999999998113,0.0,0.02353501319885254,0.006567527540028095,0.03016426764533663,1.0,0.0013020038604736328,3,OPTIMAL,3.225,0.0,19.178014993667603,3.225,uniform_600s,3.7,3.7,0.4750000000000001,True,221.45000000000002,True,True,True
N40_lambda0p5_rep006_seed14245301999845261557,14245301999845261557,6,40,4,"[10, 10, 10, 10]","[[9, 19, 27, 28, 28, 30, 45, 48, 48, 55], [3, 20, 25, 26, 65, 74, 76, 80, 80, 88], [7, 10, 10, 29, 45, 47, 49, 50, 53, 71], [23, 27, 29, 45, 54, 54, 59, 68, 89, 97]]",0.5,0.5,0.5,0.125,1,3,PP,uniform_600s,8,8,8,8,"[[1, 5, 4], [1, 3, 1, 5], [3, 1, 5, 1], [3, 1, 3, 1, 2]]",16,95,600,0.8416666666666667,0.002584,20,42.75,1710,235.375,9415,600.0,12,OPTIMAL,3.7,148.0,147.99999999998113,0.0,0.022654056549072266,0.006396318785846233,0.029108421456882,1.0,0.0013611316680908203,3,OPTIMAL,3.225,0.0,19.178014993667603,3.225,uniform_600s,3.7,3.7,0.4750000000000001,True,234.9,True,True,True
N40_lambda0p5_rep007_seed1588684294417082805,1588684294417082805,7,40,4,"[10, 10, 10, 10]","[[4, 4, 9, 22, 29, 48, 74, 75, 76, 80], [13, 34, 45, 102, 102, 112, 114, 125, 126, 142], [3, 4, 8, 35, 38, 47, 65, 71, 101, 119], [19, 22, 36, 57, 58, 64, 67, 70, 73, 73]]",0.5,0.5,0.5,0.125,1,3,PP,uniform_600s,2,2,2,2,"[[2, 1, 1, 1, 1, 2, 1, 1], [1, 1, 1, 2, 2, 2, 1], [2, 1, 1, 1, 1, 1, 1, 1, 1], [1, 1, 1, 2, 1, 1, 1, 2]]",32,383,600,0.3616666666666667,0.002644,20,0.75,30,17.5,700,600.0,12,OPTIMAL,1.5,60.0,60.0,0.0,0.0374608039855957,0.011952678672969341,0.04947384723777199,1.0,0.00030684471130371094,8,OPTIMAL,1.5,0.0,0.10211801528930664,1.5,uniform_600s,1.5,1.5,0.0,True,17.5,True,True,True
N40_lambda0p5_rep007_seed1588684294417082805,1588684294417082805,7,40,4,"[10, 10, 10, 10]","[[4, 4, 9, 22, 29, 48, 74, 75, 76, 80], [13, 34, 45, 102, 102, 112, 114, 125, 126, 142], [3, 4, 8, 35, 38, 47, 65, 71, 101, 119], [19, 22, 36, 57, 58, 64, 67, 70, 73, 73]]",0.5,0.5,0.5,0.125,1,3,PP,uniform_600s,2,2,4,4,"[[2, 1, 1, 1, 1, 3, 1], [1, 1, 1, 2, 2, 2, 1], [2, 1, 1, 1, 1, 1, 1, 1, 1], [1, 1, 1, 2, 1, 1, 1, 2]]",31,359,600,0.4016666666666666,0.002614,20,0.75,30,26.25,1050,600.0,12,OPTIMAL,1.5,60.0,59.99999999999818,0.0,0.050791025161743164,0.011458802036941051,0.062309560143507955,7.0,0.0002930164337158203,9,OPTIMAL,1.5,0.0,0.10211801528930664,1.5,uniform_600s,1.5,1.5,0.0,True,26.25,True,True,True
N40_lambda0p5_rep007_seed1588684294417082805,1588684294417082805,7,40,4,"[10, 10, 10, 10]","[[4, 4, 9, 22, 29, 48, 74, 75, 76, 80], [13, 34, 45, 102, 102, 112, 114, 125, 126, 142], [3, 4, 8, 35, 38, 47, 65, 71, 101, 119], [19, 22, 36, 57, 58, 64, 67, 70, 73, 73]]",0.5,0.5,0.5,0.125,1,3,PP,uniform_600s,2,2,6,6,"[[2, 1, 1, 1, 1, 3, 1], [1, 1, 1, 2, 2, 2, 1], [2, 1, 1, 1, 1, 1, 1, 1, 1], [1, 1, 1, 2, 1, 1, 1, 2]]",31,359,600,0.4016666666666666,0.002629,20,0.75,30,28.875,1155,600.0,12,OPTIMAL,1.5,60.0,59.99999999999818,0.0,0.05828499794006348,0.011363447643816471,0.06970991181885386,7.0,0.00030684471130371094,9,OPTIMAL,1.5,0.0,0.10211801528930664,1.5,uniform_600s,1.5,1.5,0.0,True,28.875,True,True,True
N40_lambda0p5_rep007_seed1588684294417082805,1588684294417082805,7,40,4,"[10, 10, 10, 10]","[[4, 4, 9, 22, 29, 48, 74, 75, 76, 80], [13, 34, 45, 102, 102, 112, 114, 125, 126, 142], [3, 4, 8, 35, 38, 47, 65, 71, 101, 119], [19, 22, 36, 57, 58, 64, 67, 70, 73, 73]]",0.5,0.5,0.5,0.125,1,3,PP,uniform_600s,2,2,8,8,"[[2, 1, 1, 1, 1, 3, 1], [1, 1, 1, 2, 2, 2, 1], [2, 1, 1, 1, 1, 1, 1, 1, 1], [1, 1, 1, 2, 1, 1, 1, 2]]",31,359,600,0.4016666666666666,0.002664,20,0.75,30,30.625,1225,600.0,12,OPTIMAL,1.5,60.0,59.99999999999818,0.0,0.05130815505981445,0.011848180554807186,0.06322238915434027,7.0,0.0003211498260498047,9,OPTIMAL,1.5,0.0,0.10211801528930664,1.5,uniform_600s,1.5,1.5,0.0,True,30.625,True,True,True
N40_lambda0p5_rep007_seed1588684294417082805,1588684294417082805,7,40,4,"[10, 10, 10, 10]","[[4, 4, 9, 22, 29, 48, 74, 75, 76, 80], [13, 34, 45, 102, 102, 112, 114, 125, 126, 142], [3, 4, 8, 35, 38, 47, 65, 71, 101, 119], [19, 22, 36, 57, 58, 64, 67, 70, 73, 73]]",0.5,0.5,0.5,0.125,1,3,PP,uniform_600s,4,4,2,2,"[[2, 1, 1, 1, 1, 2, 2], [1, 1, 1, 2, 2, 2, 1], [2, 1, 2, 1, 1, 1, 1, 1], [2, 1, 2, 2, 2, 1]]",28,293,600,0.5116666666666667,0.004377,20,9.625,385,56.5,2260,600.0,12,OPTIMAL,1.5,60.0,60.0,0.0,0.046846866607666016,0.014261527918279171,0.06119313348826361,1.0,0.00034499168395996094,9,OPTIMAL,1.5,0.0,0.10211801528930664,1.5,uniform_600s,1.675,1.5,0.0,True,56.5,True,True,True
N40_lambda0p5_rep007_seed1588684294417082805,1588684294417082805,7,40,4,"[10, 10, 10, 10]","[[4, 4, 9, 22, 29, 48, 74, 75, 76, 80], [13, 34, 45, 102, 102, 112, 114, 125, 126, 142], [3, 4, 8, 35, 38, 47, 65, 71, 101, 119], [19, 22, 36, 57, 58, 64, 67, 70, 73, 73]]",0.5,0.5,0.5,0.125,1,3,PP,uniform_600s,4,4,4,4,"[[2, 1, 1, 1, 1, 4], [1, 1, 1, 2, 2, 2, 1], [3, 2, 1, 1, 1, 1, 1], [2, 1, 2, 4, 1]]",25,233,600,0.6116666666666667,0.00336,20,13.925,557,84.75,3390,600.0,12,OPTIMAL,1.675,67.0,67.0,0.0,0.02461099624633789,0.013445875607430935,0.03814680946295023,1.0,0.00403594970703125,7,OPTIMAL,1.5,0.0,0.10211801528930664,1.5,uniform_600s,1.675,1.675,0.17500000000000004,True,84.575,True,True,True
N40_lambda0p5_rep007_seed1588684294417082805,1588684294417082805,7,40,4,"[10, 10, 10, 10]","[[4, 4, 9, 22, 29, 48, 74, 75, 76, 80], [13, 34, 45, 102, 102, 112, 114, 125, 126, 142], [3, 4, 8, 35, 38, 47, 65, 71, 101, 119], [19, 22, 36, 57, 58, 64, 67, 70, 73, 73]]",0.5,0.5,0.5,0.125,1,3,PP,uniform_600s,4,4,6,6,"[[2, 1, 1, 1, 1, 4], [1, 1, 1, 2, 2, 2, 1], [3, 2, 1, 1, 1, 1, 1], [2, 1, 2, 5]]",24,213,600,0.645,0.0034305,20,13.925,557,93.225,3729,600.0,12,OPTIMAL,1.675,67.0,67.0,0.0,0.02169489860534668,0.012854961678385735,0.034640850938230036,1.0,0.00039386749267578125,5,OPTIMAL,1.5,0.0,0.10211801528930664,1.5,uniform_600s,1.675,1.675,0.17500000000000004,True,93.05,True,True,True
N40_lambda0p5_rep007_seed1588684294417082805,1588684294417082805,7,40,4,"[10, 10, 10, 10]","[[4, 4, 9, 22, 29, 48, 74, 75, 76, 80], [13, 34, 45, 102, 102, 112, 114, 125, 126, 142], [3, 4, 8, 35, 38, 47, 65, 71, 101, 119], [19, 22, 36, 57, 58, 64, 67, 70, 73, 73]]",0.5,0.5,0.5,0.125,1,3,PP,uniform_600s,4,4,8,8,"[[2, 1, 1, 1, 1, 4], [1, 1, 1, 2, 2, 2, 1], [3, 2, 1, 1, 1, 1, 1], [2, 1, 2, 5]]",24,213,600,0.645,0.00341,20,13.925,557,98.875,3955,600.0,12,OPTIMAL,1.675,67.0,67.0,0.0,0.021600008010864258,0.01290429662913084,0.034600868317875864,1.0,0.00038695335388183594,5,OPTIMAL,1.5,0.0,0.10211801528930664,1.5,uniform_600s,1.675,1.675,0.17500000000000004,True,98.7,True,True,True
N40_lambda0p5_rep007_seed1588684294417082805,1588684294417082805,7,40,4,"[10, 10, 10, 10]","[[4, 4, 9, 22, 29, 48, 74, 75, 76, 80], [13, 34, 45, 102, 102, 112, 114, 125, 126, 142], [3, 4, 8, 35, 38, 47, 65, 71, 101, 119], [19, 22, 36, 57, 58, 64, 67, 70, 73, 73]]",0.5,0.5,0.5,0.125,1,3,PP,uniform_600s,6,6,2,2,"[[2, 1, 1, 1, 1, 2, 2], [1, 1, 1, 2, 2, 2, 1], [2, 1, 2, 1, 2, 1, 1], [2, 1, 2, 2, 2, 1]]",27,273,600,0.5449999999999999,0.0033405,20,13.65,546,95.5,3820,600.0,12,OPTIMAL,1.575,63.0,63.0,0.0,0.032060861587524414,0.01501545775681734,0.04716525211423921,1.0,0.0003809928894042969,8,OPTIMAL,1.5,0.0,0.10211801528930664,1.5,uniform_600s,2.05,1.575,0.07499999999999996,True,95.425,True,True,True
N40_lambda0p5_rep007_seed1588684294417082805,1588684294417082805,7,40,4,"[10, 10, 10, 10]","[[4, 4, 9, 22, 29, 48, 74, 75, 76, 80], [13, 34, 45, 102, 102, 112, 114, 125, 126, 142], [3, 4, 8, 35, 38, 47, 65, 71, 101, 119], [19, 22, 36, 57, 58, 64, 67, 70, 73, 73]]",0.5,0.5,0.5,0.125,1,3,PP,uniform_600s,6,6,4,4,"[[3, 1, 1, 1, 4], [1, 1, 1, 2, 2, 2, 1], [3, 2, 1, 2, 1, 1], [2, 1, 4, 3]]",22,179,600,0.7016666666666667,0.00329,20,24.375,975,143.25,5730,600.0,12,OPTIMAL,1.8,72.0,72.0,0.0,0.015128850936889648,0.01031622476875782,0.025520181852021217,1.0,0.002454996109008789,4,OPTIMAL,1.5,0.0,0.10211801528930664,1.5,uniform_600s,2.05,1.8,0.30000000000000004,True,142.95,True,True,True
N40_lambda0p5_rep007_seed1588684294417082805,1588684294417082805,7,40,4,"[10, 10, 10, 10]","[[4, 4, 9, 22, 29, 48, 74, 75, 76, 80], [13, 34, 45, 102, 102, 112, 114, 125, 126, 142], [3, 4, 8, 35, 38, 47, 65, 71, 101, 119], [19, 22, 36, 57, 58, 64, 67, 70, 73, 73]]",0.5,0.5,0.5,0.125,1,3,PP,uniform_600s,6,6,6,6,"[[3, 1, 1, 1, 4], [1, 1, 1, 2, 2, 2, 1], [3, 2, 1, 2, 1, 1], [2, 1, 6, 1]]",22,179,600,0.7016666666666667,0.0043765,20,25.925,1037,157.575,6303,600.0,12,OPTIMAL,2.05,82.0,82.0,0.0,0.012865066528320312,0.010521775111556053,0.02346462964182043,1.0,0.00029587745666503906,6,OPTIMAL,1.5,0.0,0.10211801528930664,1.5,uniform_600s,2.05,2.05,0.5499999999999998,True,157.02499999999998,True,True,True
N40_lambda0p5_rep007_seed1588684294417082805,1588684294417082805,7,40,4,"[10, 10, 10, 10]","[[4, 4, 9, 22, 29, 48, 74, 75, 76, 80], [13, 34, 45, 102, 102, 112, 114, 125, 126, 142], [3, 4, 8, 35, 38, 47, 65, 71, 101, 119], [19, 22, 36, 57, 58, 64, 67, 70, 73, 73]]",0.5,0.5,0.5,0.125,1,3,PP,uniform_600s,6,6,8,8,"[[3, 1, 1, 1, 4], [1, 1, 1, 2, 2, 2, 1], [3, 2, 1, 2, 1, 1], [2, 1, 7]]",21,161,600,0.7316666666666667,0.00343,20,25.925,1037,167.125,6685,600.0,12,OPTIMAL,2.05,82.0,82.0,0.0,0.012922048568725586,0.01043055672198534,0.023446276722900866,1.0,0.0003249645233154297,3,OPTIMAL,1.5,0.0,0.10211801528930664,1.5,uniform_600s,2.05,2.05,0.5499999999999998,True,166.575,True,True,True
N40_lambda0p5_rep007_seed1588684294417082805,1588684294417082805,7,40,4,"[10, 10, 10, 10]","[[4, 4, 9, 22, 29, 48, 74, 75, 76, 80], [13, 34, 45, 102, 102, 112, 114, 125, 126, 142], [3, 4, 8, 35, 38, 47, 65, 71, 101, 119], [19, 22, 36, 57, 58, 64, 67, 70, 73, 73]]",0.5,0.5,0.5,0.125,1,3,PP,uniform_600s,8,8,2,2,"[[2, 1, 2, 1, 2, 2], [1, 1, 1, 2, 2, 2, 1], [2, 1, 2, 1, 2, 1, 1], [2, 1, 2, 2, 2, 1]]",26,253,600,0.5783333333333334,0.00355,20,18.95,758,134.5,5380,600.0,12,OPTIMAL,1.575,63.0,62.99999999999568,0.0,0.01998591423034668,0.012900611385703087,0.03295880629073381,1.0,0.00029397010803222656,7,OPTIMAL,1.5,0.0,0.10211801528930664,1.5,uniform_600s,2.05,1.575,0.07499999999999996,True,134.425,True,True,True
N40_lambda0p5_rep007_seed1588684294417082805,1588684294417082805,7,40,4,"[10, 10, 10, 10]","[[4, 4, 9, 22, 29, 48, 74, 75, 76, 80], [13, 34, 45, 102, 102, 112, 114, 125, 126, 142], [3, 4, 8, 35, 38, 47, 65, 71, 101, 119], [19, 22, 36, 57, 58, 64, 67, 70, 73, 73]]",0.5,0.5,0.5,0.125,1,3,PP,uniform_600s,8,8,4,4,"[[3, 2, 1, 4], [1, 1, 1, 2, 2, 2, 1], [3, 2, 1, 2, 1, 1], [2, 1, 4, 3]]",21,162,600,0.73,0.003245,20,29.675,1187,201.75,8070,600.0,12,OPTIMAL,1.8,72.0,72.0,0.0,0.010857105255126953,0.009617097675800323,0.020566179689223765,1.0,0.0002601146697998047,3,OPTIMAL,1.5,0.0,0.10211801528930664,1.5,uniform_600s,2.05,1.8,0.30000000000000004,True,201.45,True,True,True
N40_lambda0p5_rep007_seed1588684294417082805,1588684294417082805,7,40,4,"[10, 10, 10, 10]","[[4, 4, 9, 22, 29, 48, 74, 75, 76, 80], [13, 34, 45, 102, 102, 112, 114, 125, 126, 142], [3, 4, 8, 35, 38, 47, 65, 71, 101, 119], [19, 22, 36, 57, 58, 64, 67, 70, 73, 73]]",0.5,0.5,0.5,0.125,1,3,PP,uniform_600s,8,8,6,6,"[[3, 2, 1, 4], [1, 1, 1, 2, 2, 2, 1], [3, 2, 1, 2, 1, 1], [2, 1, 6, 1]]",21,162,600,0.73,0.0032295,20,31.225,1249,221.925,8877,600.0,12,OPTIMAL,2.05,82.0,82.0,0.0,0.007967948913574219,0.00790547113865614,0.015935904019717693,1.0,0.00023484230041503906,5,OPTIMAL,1.5,0.0,0.10211801528930664,1.5,uniform_600s,2.05,2.05,0.5499999999999998,True,221.375,True,True,True
N40_lambda0p5_rep007_seed1588684294417082805,1588684294417082805,7,40,4,"[10, 10, 10, 10]","[[4, 4, 9, 22, 29, 48, 74, 75, 76, 80], [13, 34, 45, 102, 102, 112, 114, 125, 126, 142], [3, 4, 8, 35, 38, 47, 65, 71, 101, 119], [19, 22, 36, 57, 58, 64, 67, 70, 73, 73]]",0.5,0.5,0.5,0.125,1,3,PP,uniform_600s,8,8,8,8,"[[3, 2, 1, 4], [1, 1, 1, 2, 2, 2, 1], [3, 2, 1, 2, 1, 1], [2, 1, 7]]",20,145,600,0.7583333333333333,0.006605,20,31.225,1249,235.375,9415,600.0,12,OPTIMAL,2.05,82.0,82.0,0.0,0.00935506820678711,0.00804881751537323,0.01747861696849346,1.0,0.00024700164794921875,6,OPTIMAL,1.5,0.0,0.10211801528930664,1.5,uniform_600s,2.05,2.05,0.5499999999999998,True,234.825,True,True,True
N40_lambda0p5_rep008_seed8709008886043470612,8709008886043470612,8,40,4,"[10, 10, 10, 10]","[[7, 9, 10, 14, 18, 18, 22, 22, 27, 33], [1, 17, 21, 33, 34, 40, 44, 54, 55, 67], [4, 7, 11, 15, 23, 29, 41, 49, 50, 55], [15, 44, 46, 53, 56, 64, 91, 91, 91, 104]]",0.5,0.5,0.5,0.125,1,3,PP,uniform_600s,2,2,2,2,"[[2, 1, 1, 2, 2, 1, 1], [1, 1, 1, 2, 1, 1, 2, 1], [1, 1, 1, 1, 1, 1, 1, 2, 1], [1, 2, 1, 1, 1, 2, 1, 1]]",32,383,600,0.3616666666666667,0.002709,20,1.725,69,17.5,700,600.0,12,OPTIMAL,3.25,130.0,130.0,0.0,3.0044169425964355,0.012767750769853592,3.01725768741835,32859.0,0.004988908767700195,10,OPTIMAL,3.25,0.0,11.282515048980713,3.25,uniform_600s,3.25,3.25,0.0,True,17.5,True,True,True
N40_lambda0p5_rep008_seed8709008886043470612,8709008886043470612,8,40,4,"[10, 10, 10, 10]","[[7, 9, 10, 14, 18, 18, 22, 22, 27, 33], [1, 17, 21, 33, 34, 40, 44, 54, 55, 67], [4, 7, 11, 15, 23, 29, 41, 49, 50, 55], [15, 44, 46, 53, 56, 64, 91, 91, 91, 104]]",0.5,0.5,0.5,0.125,1,3,PP,uniform_600s,2,2,4,4,"[[3, 1, 2, 2, 1, 1], [1, 1, 1, 2, 1, 1, 2, 1], [1, 1, 1, 1, 1, 1, 1, 2, 1], [1, 2, 1, 1, 1, 3, 1]]",30,335,600,0.44166666666666665,0.002689,20,1.725,69,26.25,1050,600.0,12,OPTIMAL,3.25,130.0,130.0,0.0,2.548154830932617,0.011446572840213776,2.5596740220596685,32289.0,0.003997802734375,10,OPTIMAL,3.25,0.0,11.282515048980713,3.25,uniform_600s,3.25,3.25,0.0,True,26.25,True,True,True
N40_lambda0p5_rep008_seed8709008886043470612,8709008886043470612,8,40,4,"[10, 10, 10, 10]","[[7, 9, 10, 14, 18, 18, 22, 22, 27, 33], [1, 17, 21, 33, 34, 40, 44, 54, 55, 67], [4, 7, 11, 15, 23, 29, 41, 49, 50, 55], [15, 44, 46, 53, 56, 64, 91, 91, 91, 104]]",0.5,0.5,0.5,0.125,1,3,PP,uniform_600s,2,2,6,6,"[[3, 1, 2, 2, 1, 1], [1, 1, 1, 2, 1, 1, 2, 1], [1, 1, 1, 1, 1, 1, 1, 2, 1], [1, 2, 1, 1, 1, 3, 1]]",30,335,600,0.44166666666666665,0.0028145,20,1.725,69,28.875,1155,600.0,12,OPTIMAL,3.25,130.0,130.0,0.0,2.6764891147613525,0.012085238471627235,2.6886525853037497,32289.0,0.004256010055541992,10,OPTIMAL,3.25,0.0,11.282515048980713,3.25,uniform_600s,3.25,3.25,0.0,True,28.875,True,True,True
N40_lambda0p5_rep008_seed8709008886043470612,8709008886043470612,8,40,4,"[10, 10, 10, 10]","[[7, 9, 10, 14, 18, 18, 22, 22, 27, 33], [1, 17, 21, 33, 34, 40, 44, 54, 55, 67], [4, 7, 11, 15, 23, 29, 41, 49, 50, 55], [15, 44, 46, 53, 56, 64, 91, 91, 91, 104]]",0.5,0.5,0.5,0.125,1,3,PP,uniform_600s,2,2,8,8,"[[3, 1, 2, 2, 1, 1], [1, 1, 1, 2, 1, 1, 2, 1], [1, 1, 1, 1, 1, 1, 1, 2, 1], [1, 2, 1, 1, 1, 3, 1]]",30,335,600,0.44166666666666665,0.002764,20,1.725,69,30.625,1225,600.0,12,OPTIMAL,3.25,130.0,130.0,0.0,2.6714580059051514,0.011810943484306335,2.683343428021671,32289.0,0.004034996032714844,10,OPTIMAL,3.25,0.0,11.282515048980713,3.25,uniform_600s,3.25,3.25,0.0,True,30.625,True,True,True
N40_lambda0p5_rep008_seed8709008886043470612,8709008886043470612,8,40,4,"[10, 10, 10, 10]","[[7, 9, 10, 14, 18, 18, 22, 22, 27, 33], [1, 17, 21, 33, 34, 40, 44, 54, 55, 67], [4, 7, 11, 15, 23, 29, 41, 49, 50, 55], [15, 44, 46, 53, 56, 64, 91, 91, 91, 104]]",0.5,0.5,0.5,0.125,1,3,PP,uniform_600s,4,4,2,2,"[[2, 2, 2, 2, 1, 1], [1, 2, 2, 2, 2, 1], [2, 2, 1, 1, 1, 2, 1], [1, 2, 2, 1, 2, 1, 1]]",26,253,600,0.5783333333333334,0.002634,20,15.825,633,56.5,2260,600.0,12,OPTIMAL,3.575,143.0,143.0,0.0,0.7535550594329834,0.010305519215762615,0.7639309216625657,13894.0,0.00316619873046875,10,OPTIMAL,3.25,0.0,11.282515048980713,3.25,uniform_600s,4.75,3.575,0.3250000000000002,True,56.175,True,True,True
N40_lambda0p5_rep008_seed8709008886043470612,8709008886043470612,8,40,4,"[10, 10, 10, 10]","[[7, 9, 10, 14, 18, 18, 22, 22, 27, 33], [1, 17, 21, 33, 34, 40, 44, 54, 55, 67], [4, 7, 11, 15, 23, 29, 41, 49, 50, 55], [15, 44, 46, 53, 56, 64, 91, 91, 91, 104]]",0.5,0.5,0.5,0.125,1,3,PP,uniform_600s,4,4,4,4,"[[4, 4, 1, 1], [1, 2, 2, 2, 2, 1], [4, 1, 1, 1, 2, 1], [1, 2, 2, 1, 3, 1]]",22,180,600,0.7,0.002639,20,21.025,841,84.75,3390,600.0,12,OPTIMAL,4.75,190.0,190.0,0.0,1.2405898571014404,0.008675545454025269,1.249337697964789,21877.0,0.002259969711303711,10,OPTIMAL,3.25,0.0,11.282515048980713,3.25,uniform_600s,4.75,4.75,1.5,True,83.25,True,True,True
N40_lambda0p5_rep008_seed8709008886043470612,8709008886043470612,8,40,4,"[10, 10, 10, 10]","[[7, 9, 10, 14, 18, 18, 22, 22, 27, 33], [1, 17, 21, 33, 34, 40, 44, 54, 55, 67], [4, 7, 11, 15, 23, 29, 41, 49, 50, 55], [15, 44, 46, 53, 56, 64, 91, 91, 91, 104]]",0.5,0.5,0.5,0.125,1,3,PP,uniform_600s,4,4,6,6,"[[6, 2, 1, 1], [1, 2, 2, 2, 2, 1], [4, 1, 1, 1, 2, 1], [1, 2, 2, 1, 3, 1]]",22,180,600,0.7,0.0026035,20,21.175,847,93.225,3729,600.0,12,OPTIMAL,4.75,190.0,190.0,0.0,0.8213748931884766,0.00863941852003336,0.8300856924493227,14103.0,0.002373933792114258,10,OPTIMAL,3.25,0.0,11.282515048980713,3.25,uniform_600s,4.75,4.75,1.5,True,91.725,True,True,True
N40_lambda0p5_rep008_seed8709008886043470612,8709008886043470612,8,40,4,"[10, 10, 10, 10]","[[7, 9, 10, 14, 18, 18, 22, 22, 27, 33], [1, 17, 21, 33, 34, 40, 44, 54, 55, 67], [4, 7, 11, 15, 23, 29, 41, 49, 50, 55], [15, 44, 46, 53, 56, 64, 91, 91, 91, 104]]",0.5,0.5,0.5,0.125,1,3,PP,uniform_600s,4,4,8,8,"[[8, 1, 1], [1, 2, 2, 2, 2, 1], [4, 1, 1, 1, 2, 1], [1, 2, 2, 1, 3, 1]]",21,162,600,0.73,0.0064495,20,23.625,945,98.875,3955,600.0,12,OPTIMAL,4.75,190.0,190.0,0.0,0.509835958480835,0.00816426146775484,0.5180761256235594,12047.0,0.002065896987915039,10,OPTIMAL,3.25,0.0,11.282515048980713,3.25,uniform_600s,4.75,4.75,1.5,True,97.375,True,True,True
N40_lambda0p5_rep008_seed8709008886043470612,8709008886043470612,8,40,4,"[10, 10, 10, 10]","[[7, 9, 10, 14, 18, 18, 22, 22, 27, 33], [1, 17, 21, 33, 34, 40, 44, 54, 55, 67], [4, 7, 11, 15, 23, 29, 41, 49, 50, 55], [15, 44, 46, 53, 56, 64, 91, 91, 91, 104]]",0.5,0.5,0.5,0.125,1,3,PP,uniform_600s,6,6,2,2,"[[2, 2, 2, 2, 2], [1, 2, 2, 2, 2, 1], [2, 2, 2, 1, 2, 1], [1, 2, 2, 1, 2, 1, 1]]",24,215,600,0.6416666666666666,0.002644,20,23.875,955,95.5,3820,600.0,12,OPTIMAL,3.575,143.0,143.0,0.0,0.33158016204833984,0.009368492290377617,0.3410220537086787,4451.0,0.0027031898498535156,10,OPTIMAL,3.25,0.0,11.282515048980713,3.25,uniform_600s,5.325,3.575,0.3250000000000002,True,95.175,True,True,True
N40_lambda0p5_rep008_seed8709008886043470612,8709008886043470612,8,40,4,"[10, 10, 10, 10]","[[7, 9, 10, 14, 18, 18, 22, 22, 27, 33], [1, 17, 21, 33, 34, 40, 44, 54, 55, 67], [4, 7, 11, 15, 23, 29, 41, 49, 50, 55], [15, 44, 46, 53, 56, 64, 91, 91, 91, 104]]",0.5,0.5,0.5,0.125,1,3,PP,uniform_600s,6,6,4,4,"[[4, 4, 2], [1, 2, 4, 2, 1], [4, 2, 1, 3], [1, 2, 2, 1, 3, 1]]",18,119,600,0.8016666666666666,0.002564,20,36.35,1454,143.25,5730,600.0,12,OPTIMAL,4.775,191.0,191.0,0.0,0.09749317169189453,0.007266934961080551,0.10482988513450765,383.0,0.0016961097717285156,7,OPTIMAL,3.25,0.0,11.282515048980713,3.25,uniform_600s,5.325,4.775,1.5250000000000004,True,141.725,True,True,True
N40_lambda0p5_rep008_seed8709008886043470612,8709008886043470612,8,40,4,"[10, 10, 10, 10]","[[7, 9, 10, 14, 18, 18, 22, 22, 27, 33], [1, 17, 21, 33, 34, 40, 44, 54, 55, 67], [4, 7, 11, 15, 23, 29, 41, 49, 50, 55], [15, 44, 46, 53, 56, 64, 91, 91, 91, 104]]",0.5,0.5,0.5,0.125,1,3,PP,uniform_600s,6,6,6,6,"[[6, 4], [1, 2, 4, 2, 1], [4, 2, 1, 3], [1, 2, 2, 1, 3, 1]]",17,104,600,0.8266666666666667,0.002584,20,39.6,1584,157.575,6303,600.0,12,OPTIMAL,5.15,206.0,205.99999999997704,0.0,0.07361507415771484,0.012655151076614857,0.08634408148831987,299.0,0.0016131401062011719,4,OPTIMAL,3.25,0.0,11.282515048980713,3.25,uniform_600s,5.325,5.15,1.9000000000000004,True,155.67499999999998,True,True,True
N40_lambda0p5_rep008_seed8709008886043470612,8709008886043470612,8,40,4,"[10, 10, 10, 10]","[[7, 9, 10, 14, 18, 18, 22, 22, 27, 33], [1, 17, 21, 33, 34, 40, 44, 54, 55, 67], [4, 7, 11, 15, 23, 29, 41, 49, 50, 55], [15, 44, 46, 53, 56, 64, 91, 91, 91, 104]]",0.5,0.5,0.5,0.125,1,3,PP,uniform_600s,6,6,8,8,"[[8, 2], [1, 2, 4, 2, 1], [4, 2, 1, 3], [1, 2, 2, 1, 3, 1]]",17,104,600,0.8266666666666667,0.002554,20,38.95,1558,167.125,6685,600.0,12,OPTIMAL,4.775,191.0,190.99999999999977,0.0,0.1037139892578125,0.007075715810060501,0.11085378130582953,143.0,0.0014939308166503906,6,OPTIMAL,3.25,0.0,11.282515048980713,3.25,uniform_600s,5.325,4.775,1.5250000000000004,True,165.6,True,True,True
N40_lambda0p5_rep008_seed8709008886043470612,8709008886043470612,8,40,4,"[10, 10, 10, 10]","[[7, 9, 10, 14, 18, 18, 22, 22, 27, 33], [1, 17, 21, 33, 34, 40, 44, 54, 55, 67], [4, 7, 11, 15, 23, 29, 41, 49, 50, 55], [15, 44, 46, 53, 56, 64, 91, 91, 91, 104]]",0.5,0.5,0.5,0.125,1,3,PP,uniform_600s,8,8,2,2,"[[2, 2, 2, 2, 2], [1, 2, 2, 2, 2, 1], [2, 2, 2, 2, 2], [1, 2, 2, 1, 2, 1, 1]]",23,197,600,0.6716666666666666,0.00686,20,32.55,1302,134.5,5380,600.0,12,OPTIMAL,3.575,143.0,143.0,0.0,0.1529839038848877,0.00888414029031992,0.1619381121070242,1421.0,0.0022890567779541016,8,OPTIMAL,3.25,0.0,11.282515048980713,3.25,uniform_600s,9.05,3.575,0.3250000000000002,True,134.175,True,True,True
N40_lambda0p5_rep008_seed8709008886043470612,8709008886043470612,8,40,4,"[10, 10, 10, 10]","[[7, 9, 10, 14, 18, 18, 22, 22, 27, 33], [1, 17, 21, 33, 34, 40, 44, 54, 55, 67], [4, 7, 11, 15, 23, 29, 41, 49, 50, 55], [15, 44, 46, 53, 56, 64, 91, 91, 91, 104]]",0.5,0.5,0.5,0.125,1,3,PP,uniform_600s,8,8,4,4,"[[4, 4, 2], [1, 2, 4, 2, 1], [4, 2, 4], [1, 4, 1, 3, 1]]",16,94,600,0.8433333333333333,0.002644,20,47.475,1899,201.75,8070,600.0,12,OPTIMAL,5.425,217.0,217.0,0.0,0.0973811149597168,0.006832888349890709,0.10428374910110855,650.0,0.0014350414276123047,10,OPTIMAL,3.25,0.0,11.282515048980713,3.25,uniform_600s,9.05,5.425,2.175,True,199.575,True,True,True
N40_lambda0p5_rep008_seed8709008886043470612,8709008886043470612,8,40,4,"[10, 10, 10, 10]","[[7, 9, 10, 14, 18, 18, 22, 22, 27, 33], [1, 17, 21, 33, 34, 40, 44, 54, 55, 67], [4, 7, 11, 15, 23, 29, 41, 49, 50, 55], [15, 44, 46, 53, 56, 64, 91, 91, 91, 104]]",0.5,0.5,0.5,0.125,1,3,PP,uniform_600s,8,8,6,6,"[[6, 4], [1, 2, 4, 2, 1], [6, 4], [1, 5, 3, 1]]",13,60,600,0.9,0.006485,20,62.95,2518,221.925,8877,600.0,12,OPTIMAL,6.35,254.0,254.0,0.0,0.02628612518310547,0.006540416739881039,0.032903613723561764,1.0,0.00019311904907226562,8,OPTIMAL,3.25,0.0,11.282515048980713,3.25,uniform_600s,9.05,6.35,3.0999999999999996,True,218.82500000000002,True,True,True
N40_lambda0p5_rep008_seed8709008886043470612,8709008886043470612,8,40,4,"[10, 10, 10, 10]","[[7, 9, 10, 14, 18, 18, 22, 22, 27, 33], [1, 17, 21, 33, 34, 40, 44, 54, 55, 67], [4, 7, 11, 15, 23, 29, 41, 49, 50, 55], [15, 44, 46, 53, 56, 64, 91, 91, 91, 104]]",0.5,0.5,0.5,0.125,1,3,PP,uniform_600s,8,8,8,8,"[[8, 2], [1, 2, 4, 2, 1], [6, 4], [1, 5, 3, 1]]",13,60,600,0.9,0.004392,20,62.3,2492,235.375,9415,600.0,12,OPTIMAL,6.575,263.0,262.9999999999907,0.0,0.02782893180847168,0.00904879905283451,0.0369725049232049,1.0,0.0002999305725097656,9,OPTIMAL,3.25,0.0,11.282515048980713,3.25,uniform_600s,9.05,6.575,3.325,True,232.05,True,True,True
N40_lambda0p5_rep009_seed1949289204562602684,1949289204562602684,9,40,4,"[10, 10, 10, 10]","[[10, 12, 35, 69, 80, 100, 110, 119, 119, 148], [18, 19, 24, 33, 33, 44, 47, 49, 50, 58], [40, 44, 52, 55, 65, 76, 76, 80, 85, 93], [13, 17, 18, 19, 25, 28, 31, 39, 60, 72]]",0.5,0.5,0.5,0.125,1,3,PP,uniform_600s,2,2,2,2,"[[2, 1, 1, 1, 1, 1, 2, 1], [2, 1, 2, 1, 2, 1, 1], [1, 1, 1, 1, 1, 2, 1, 1, 1], [1, 2, 1, 1, 1, 1, 1, 1, 1]]",33,407,600,0.32166666666666666,0.002814,20,1.6,64,17.5,700,600.0,12,OPTIMAL,1.025,41.0,41.0,0.0,0.035321950912475586,0.01338791660964489,0.04877811438356781,1.0,0.004689931869506836,3,OPTIMAL,1.025,0.0,0.061563968658447266,1.025,uniform_600s,1.025,1.025,0.0,True,17.5,True,True,True
N40_lambda0p5_rep009_seed1949289204562602684,1949289204562602684,9,40,4,"[10, 10, 10, 10]","[[10, 12, 35, 69, 80, 100, 110, 119, 119, 148], [18, 19, 24, 33, 33, 44, 47, 49, 50, 58], [40, 44, 52, 55, 65, 76, 76, 80, 85, 93], [13, 17, 18, 19, 25, 28, 31, 39, 60, 72]]",0.5,0.5,0.5,0.125,1,3,PP,uniform_600s,2,2,4,4,"[[2, 1, 1, 1, 1, 1, 2, 1], [2, 1, 2, 1, 3, 1], [1, 1, 1, 1, 1, 2, 1, 1, 1], [1, 3, 1, 1, 1, 1, 1, 1]]",31,358,600,0.4033333333333333,0.002699,20,1.6,64,26.25,1050,600.0,12,OPTIMAL,1.025,41.0,41.0,0.0,0.026401042938232422,0.012788811698555946,0.03925990222877169,1.0,0.0003170967102050781,4,OPTIMAL,1.025,0.0,0.061563968658447266,1.025,uniform_600s,1.025,1.025,0.0,True,26.25,True,True,True
N40_lambda0p5_rep009_seed1949289204562602684,1949289204562602684,9,40,4,"[10, 10, 10, 10]","[[10, 12, 35, 69, 80, 100, 110, 119, 119, 148], [18, 19, 24, 33, 33, 44, 47, 49, 50, 58], [40, 44, 52, 55, 65, 76, 76, 80, 85, 93], [13, 17, 18, 19, 25, 28, 31, 39, 60, 72]]",0.5,0.5,0.5,0.125,1,3,PP,uniform_600s,2,2,6,6,"[[2, 1, 1, 1, 1, 1, 2, 1], [2, 1, 2, 1, 3, 1], [1, 1, 1, 1, 1, 2, 1, 1, 1], [1, 3, 1, 1, 1, 1, 1, 1]]",31,358,600,0.4033333333333333,0.0068205,20,1.6,64,28.875,1155,600.0,12,OPTIMAL,1.025,41.0,41.0,0.0,0.026820898056030273,0.01278683915734291,0.039681334473295686,1.0,0.00032210350036621094,4,OPTIMAL,1.025,0.0,0.061563968658447266,1.025,uniform_600s,1.025,1.025,0.0,True,28.875,True,True,True
N40_lambda0p5_rep009_seed1949289204562602684,1949289204562602684,9,40,4,"[10, 10, 10, 10]","[[10, 12, 35, 69, 80, 100, 110, 119, 119, 148], [18, 19, 24, 33, 33, 44, 47, 49, 50, 58], [40, 44, 52, 55, 65, 76, 76, 80, 85, 93], [13, 17, 18, 19, 25, 28, 31, 39, 60, 72]]",0.5,0.5,0.5,0.125,1,3,PP,uniform_600s,2,2,8,8,"[[2, 1, 1, 1, 1, 1, 2, 1], [2, 1, 2, 1, 3, 1], [1, 1, 1, 1, 1, 2, 1, 1, 1], [1, 3, 1, 1, 1, 1, 1, 1]]",31,358,600,0.4033333333333333,0.002864,20,1.6,64,30.625,1225,600.0,12,OPTIMAL,1.025,41.0,41.0,0.0,0.027490854263305664,0.012739568017423153,0.04029789585302019,1.0,0.0003008842468261719,4,OPTIMAL,1.025,0.0,0.061563968658447266,1.025,uniform_600s,1.025,1.025,0.0,True,30.625,True,True,True
N40_lambda0p5_rep009_seed1949289204562602684,1949289204562602684,9,40,4,"[10, 10, 10, 10]","[[10, 12, 35, 69, 80, 100, 110, 119, 119, 148], [18, 19, 24, 33, 33, 44, 47, 49, 50, 58], [40, 44, 52, 55, 65, 76, 76, 80, 85, 93], [13, 17, 18, 19, 25, 28, 31, 39, 60, 72]]",0.5,0.5,0.5,0.125,1,3,PP,uniform_600s,4,4,2,2,"[[2, 1, 1, 1, 1, 1, 2, 1], [2, 1, 2, 2, 2, 1], [2, 2, 1, 2, 1, 1, 1], [2, 2, 2, 1, 1, 1, 1]]",28,293,600,0.5116666666666667,0.002619,20,11.525,461,56.5,2260,600.0,12,OPTIMAL,1.025,41.0,41.0,0.0,0.01665496826171875,0.0103730708360672,0.027087392406386374,1.0,0.0031659603118896484,6,OPTIMAL,1.025,0.0,0.061563968658447266,1.025,uniform_600s,1.05,1.025,0.0,True,56.5,True,True,True
N40_lambda0p5_rep009_seed1949289204562602684,1949289204562602684,9,40,4,"[10, 10, 10, 10]","[[10, 12, 35, 69, 80, 100, 110, 119, 119, 148], [18, 19, 24, 33, 33, 44, 47, 49, 50, 58], [40, 44, 52, 55, 65, 76, 76, 80, 85, 93], [13, 17, 18, 19, 25, 28, 31, 39, 60, 72]]",0.5,0.5,0.5,0.125,1,3,PP,uniform_600s,4,4,4,4,"[[2, 1, 1, 1, 1, 1, 2, 1], [2, 1, 2, 4, 1], [2, 2, 1, 3, 1, 1], [4, 3, 1, 1, 1]]",24,213,600,0.645,0.002724,20,16.225,649,84.75,3390,600.0,12,OPTIMAL,1.05,42.0,42.0,0.0,0.010008096694946289,0.009101077914237976,0.019171411053024768,1.0,0.0023550987243652344,4,OPTIMAL,1.025,0.0,0.061563968658447266,1.025,uniform_600s,1.05,1.05,0.025000000000000133,True,84.725,True,True,True
N40_lambda0p5_rep009_seed1949289204562602684,1949289204562602684,9,40,4,"[10, 10, 10, 10]","[[10, 12, 35, 69, 80, 100, 110, 119, 119, 148], [18, 19, 24, 33, 33, 44, 47, 49, 50, 58], [40, 44, 52, 55, 65, 76, 76, 80, 85, 93], [13, 17, 18, 19, 25, 28, 31, 39, 60, 72]]",0.5,0.5,0.5,0.125,1,3,PP,uniform_600s,4,4,6,6,"[[2, 1, 1, 1, 1, 1, 2, 1], [2, 1, 2, 4, 1], [2, 2, 1, 3, 1, 1], [4, 3, 1, 1, 1]]",24,213,600,0.645,0.0027945,20,16.225,649,93.225,3729,600.0,12,OPTIMAL,1.05,42.0,42.0,0.0,0.008840084075927734,0.00928938202559948,0.018189875941283226,1.0,0.0023190975189208984,4,OPTIMAL,1.025,0.0,0.061563968658447266,1.025,uniform_600s,1.05,1.05,0.025000000000000133,True,93.19999999999999,True,True,True
N40_lambda0p5_rep009_seed1949289204562602684,1949289204562602684,9,40,4,"[10, 10, 10, 10]","[[10, 12, 35, 69, 80, 100, 110, 119, 119, 148], [18, 19, 24, 33, 33, 44, 47, 49, 50, 58], [40, 44, 52, 55, 65, 76, 76, 80, 85, 93], [13, 17, 18, 19, 25, 28, 31, 39, 60, 72]]",0.5,0.5,0.5,0.125,1,3,PP,uniform_600s,4,4,8,8,"[[2, 1, 1, 1, 1, 1, 2, 1], [2, 1, 2, 4, 1], [2, 2, 1, 3, 1, 1], [4, 3, 1, 1, 1]]",24,213,600,0.645,0.002684,20,16.225,649,98.875,3955,600.0,12,OPTIMAL,1.05,42.0,42.0,0.0,0.009118795394897461,0.00877321232110262,0.017955011616512775,1.0,0.002263784408569336,4,OPTIMAL,1.025,0.0,0.061563968658447266,1.025,uniform_600s,1.05,1.05,0.025000000000000133,True,98.85,True,True,True
N40_lambda0p5_rep009_seed1949289204562602684,1949289204562602684,9,40,4,"[10, 10, 10, 10]","[[10, 12, 35, 69, 80, 100, 110, 119, 119, 148], [18, 19, 24, 33, 33, 44, 47, 49, 50, 58], [40, 44, 52, 55, 65, 76, 76, 80, 85, 93], [13, 17, 18, 19, 25, 28, 31, 39, 60, 72]]",0.5,0.5,0.5,0.125,1,3,PP,uniform_600s,6,6,2,2,"[[2, 1, 1, 1, 1, 1, 2, 1], [2, 1, 2, 2, 2, 1], [2, 2, 1, 2, 2, 1], [2, 2, 2, 1, 1, 1, 1]]",27,272,600,0.5466666666666666,0.002804,20,14.625,585,95.5,3820,600.0,12,OPTIMAL,1.025,41.0,40.99999999999932,0.0,0.014798164367675781,0.010464648716151714,0.025327515576104163,1.0,0.0002930164337158203,4,OPTIMAL,1.025,0.0,0.061563968658447266,1.025,uniform_600s,2.75,1.025,0.0,True,95.5,True,True,True
N40_lambda0p5_rep009_seed1949289204562602684,1949289204562602684,9,40,4,"[10, 10, 10, 10]","[[10, 12, 35, 69, 80, 100, 110, 119, 119, 148], [18, 19, 24, 33, 33, 44, 47, 49, 50, 58], [40, 44, 52, 55, 65, 76, 76, 80, 85, 93], [13, 17, 18, 19, 25, 28, 31, 39, 60, 72]]",0.5,0.5,0.5,0.125,1,3,PP,uniform_600s,6,6,4,4,"[[2, 1, 1, 1, 1, 1, 2, 1], [3, 2, 4, 1], [2, 2, 1, 4, 1], [4, 3, 1, 1, 1]]",22,177,600,0.7050000000000001,0.0026895,20,23.025,921,143.25,5730,600.0,12,OPTIMAL,1.15,46.0,45.99999999999636,0.0,0.008858203887939453,0.008210602216422558,0.01712605527475071,1.0,0.002000093460083008,2,OPTIMAL,1.025,0.0,0.061563968658447266,1.025,uniform_600s,2.75,1.15,0.125,True,143.125,True,True,True
N40_lambda0p5_rep009_seed1949289204562602684,1949289204562602684,9,40,4,"[10, 10, 10, 10]","[[10, 12, 35, 69, 80, 100, 110, 119, 119, 148], [18, 19, 24, 33, 33, 44, 47, 49, 50, 58], [40, 44, 52, 55, 65, 76, 76, 80, 85, 93], [13, 17, 18, 19, 25, 28, 31, 39, 60, 72]]",0.5,0.5,0.5,0.125,1,3,PP,uniform_600s,6,6,6,6,"[[2, 1, 1, 1, 1, 1, 2, 1], [3, 2, 4, 1], [2, 2, 1, 4, 1], [6, 1, 1, 1, 1]]",22,177,600,0.7050000000000001,0.002664,20,25.825,1033,157.575,6303,600.0,12,OPTIMAL,2.25,90.0,89.99999999999613,0.0,0.040326833724975586,0.00821161363273859,0.048603080630506515,1.0,0.00023102760314941406,8,OPTIMAL,1.025,0.0,0.061563968658447266,1.025,uniform_600s,2.75,2.25,1.225,True,156.35,True,True,True
N40_lambda0p5_rep009_seed1949289204562602684,1949289204562602684,9,40,4,"[10, 10, 10, 10]","[[10, 12, 35, 69, 80, 100, 110, 119, 119, 148], [18, 19, 24, 33, 33, 44, 47, 49, 50, 58], [40, 44, 52, 55, 65, 76, 76, 80, 85, 93], [13, 17, 18, 19, 25, 28, 31, 39, 60, 72]]",0.5,0.5,0.5,0.125,1,3,PP,uniform_600s,6,6,8,8,"[[2, 1, 1, 1, 1, 1, 2, 1], [3, 2, 4, 1], [2, 2, 1, 4, 1], [7, 1, 1, 1]]",21,160,600,0.7333333333333334,0.002704,20,27.425,1097,167.125,6685,600.0,12,OPTIMAL,2.75,110.0,110.0,0.0,0.05011415481567383,0.008328519761562347,0.058510116672042846,1.0,0.0002200603485107422,4,OPTIMAL,1.025,0.0,0.061563968658447266,1.025,uniform_600s,2.75,2.75,1.725,True,165.4,True,True,True
N40_lambda0p5_rep009_seed1949289204562602684,1949289204562602684,9,40,4,"[10, 10, 10, 10]","[[10, 12, 35, 69, 80, 100, 110, 119, 119, 148], [18, 19, 24, 33, 33, 44, 47, 49, 50, 58], [40, 44, 52, 55, 65, 76, 76, 80, 85, 93], [13, 17, 18, 19, 25, 28, 31, 39, 60, 72]]",0.5,0.5,0.5,0.125,1,3,PP,uniform_600s,8,8,2,2,"[[2, 1, 1, 1, 1, 1, 2, 1], [2, 1, 2, 2, 2, 1], [2, 2, 1, 2, 2, 1], [2, 2, 2, 2, 1, 1]]",26,252,600,0.5800000000000001,0.0029445,20,20.3,812,134.5,5380,600.0,12,OPTIMAL,1.175,47.0,47.0,0.0,0.01639699935913086,0.010380560532212257,0.02684595122262907,1.0,0.0002701282501220703,4,OPTIMAL,1.025,0.0,0.061563968658447266,1.025,uniform_600s,4.625,1.175,0.15000000000000013,True,134.35,True,True,True
N40_lambda0p5_rep009_seed1949289204562602684,1949289204562602684,9,40,4,"[10, 10, 10, 10]","[[10, 12, 35, 69, 80, 100, 110, 119, 119, 148], [18, 19, 24, 33, 33, 44, 47, 49, 50, 58], [40, 44, 52, 55, 65, 76, 76, 80, 85, 93], [13, 17, 18, 19, 25, 28, 31, 39, 60, 72]]",0.5,0.5,0.5,0.125,1,3,PP,uniform_600s,8,8,4,4,"[[2, 1, 1, 1, 1, 1, 2, 1], [3, 2, 4, 1], [4, 1, 4, 1], [4, 4, 1, 1]]",20,144,600,0.76,0.007071,20,35.25,1410,201.75,8070,600.0,12,OPTIMAL,2.2,88.0,87.99999999997112,0.0,0.00916600227355957,0.00788174383342266,0.017114540961047173,1.0,0.001725912094116211,3,OPTIMAL,1.025,0.0,0.061563968658447266,1.025,uniform_600s,4.625,2.2,1.1750000000000003,True,200.575,True,True,True
N40_lambda0p5_rep009_seed1949289204562602684,1949289204562602684,9,40,4,"[10, 10, 10, 10]","[[10, 12, 35, 69, 80, 100, 110, 119, 119, 148], [18, 19, 24, 33, 33, 44, 47, 49, 50, 58], [40, 44, 52, 55, 65, 76, 76, 80, 85, 93], [13, 17, 18, 19, 25, 28, 31, 39, 60, 72]]",0.5,0.5,0.5,0.125,1,3,PP,uniform_600s,8,8,6,6,"[[2, 1, 1, 1, 1, 1, 2, 1], [3, 2, 5], [4, 1, 5], [6, 2, 1, 1]]",18,113,600,0.8116666666666666,0.002544,20,48.7,1948,221.925,8877,600.0,12,OPTIMAL,3.6,144.0,144.0,0.0,0.01930713653564453,0.0068840160965919495,0.026257422379404545,1.0,0.00150299072265625,7,OPTIMAL,1.025,0.0,0.061563968658447266,1.025,uniform_600s,4.625,3.6,2.575,True,219.35000000000002,True,True,True
N40_lambda0p5_rep009_seed1949289204562602684,1949289204562602684,9,40,4,"[10, 10, 10, 10]","[[10, 12, 35, 69, 80, 100, 110, 119, 119, 148], [18, 19, 24, 33, 33, 44, 47, 49, 50, 58], [40, 44, 52, 55, 65, 76, 76, 80, 85, 93], [13, 17, 18, 19, 25, 28, 31, 39, 60, 72]]",0.5,0.5,0.5,0.125,1,3,PP,uniform_600s,8,8,8,8,"[[2, 1, 1, 1, 1, 1, 2, 1], [3, 2, 5], [4, 1, 5], [8, 1, 1]]",17,99,600,0.835,0.0027495,20,50.3,2012,235.375,9415,600.0,12,OPTIMAL,4.625,185.0,185.0,0.0,0.015221118927001953,0.007108084857463837,0.022403490965389728,1.0,0.0002319812774658203,4,OPTIMAL,1.025,0.0,0.061563968658447266,1.025,uniform_600s,4.625,4.625,3.6,True,231.775,True,True,True
N40_lambda1_rep006_seed5124797795676048430,5124797795676048430,6,40,4,"[10, 10, 10, 10]","[[13, 14, 32, 39, 50, 50, 53, 55, 58, 61], [4, 7, 13, 15, 15, 28, 30, 32, 35, 51], [5, 8, 11, 22, 23, 23, 32, 33, 37, 39], [4, 5, 6, 11, 14, 17, 20, 22, 49, 54]]",1.0,1.0,1.0,0.25,1,3,PP,uniform_600s,2,2,2,2,"[[2, 1, 1, 2, 2, 1, 1], [1, 1, 2, 1, 2, 1, 1, 1], [1, 1, 1, 2, 1, 2, 2], [2, 1, 1, 1, 1, 2, 1, 1]]",30,337,600,0.43833333333333335,0.007065,20,3.7,148,17.5,700,600.0,12,OPTIMAL,5.725,229.0,229.0,0.0,25.400838136672974,0.012709437869489193,25.4136275639627,242530.0,0.004146099090576172,10,OPTIMAL,5.725,0.0,449.4843719005585,5.725,uniform_600s,5.725,5.725,0.0,True,17.5,True,True,True
N40_lambda1_rep006_seed5124797795676048430,5124797795676048430,6,40,4,"[10, 10, 10, 10]","[[13, 14, 32, 39, 50, 50, 53, 55, 58, 61], [4, 7, 13, 15, 15, 28, 30, 32, 35, 51], [5, 8, 11, 22, 23, 23, 32, 33, 37, 39], [4, 5, 6, 11, 14, 17, 20, 22, 49, 54]]",1.0,1.0,1.0,0.25,1,3,PP,uniform_600s,2,2,4,4,"[[2, 1, 1, 2, 2, 1, 1], [1, 1, 3, 3, 1, 1], [1, 1, 1, 3, 2, 2], [3, 1, 1, 1, 2, 1, 1]]",26,253,600,0.5783333333333334,0.002544,20,4.425,177,26.25,1050,600.0,12,OPTIMAL,5.725,229.0,229.0,0.0,9.185395002365112,0.009892336092889309,9.195355086214096,76945.0,0.0028450489044189453,10,OPTIMAL,5.725,0.0,449.4843719005585,5.725,uniform_600s,5.725,5.725,0.0,True,26.25,True,True,True
N40_lambda1_rep006_seed5124797795676048430,5124797795676048430,6,40,4,"[10, 10, 10, 10]","[[13, 14, 32, 39, 50, 50, 53, 55, 58, 61], [4, 7, 13, 15, 15, 28, 30, 32, 35, 51], [5, 8, 11, 22, 23, 23, 32, 33, 37, 39], [4, 5, 6, 11, 14, 17, 20, 22, 49, 54]]",1.0,1.0,1.0,0.25,1,3,PP,uniform_600s,2,2,6,6,"[[2, 1, 1, 2, 2, 1, 1], [1, 1, 3, 3, 1, 1], [1, 1, 1, 3, 2, 2], [3, 1, 1, 1, 2, 1, 1]]",26,253,600,0.5783333333333334,0.0064695,20,4.425,177,28.875,1155,600.0,12,OPTIMAL,5.725,229.0,229.0,0.0,9.105063915252686,0.010359211824834347,9.115500471156771,76945.0,0.003031015396118164,10,OPTIMAL,5.725,0.0,449.4843719005585,5.725,uniform_600s,5.725,5.725,0.0,True,28.875,True,True,True
N40_lambda1_rep006_seed5124797795676048430,5124797795676048430,6,40,4,"[10, 10, 10, 10]","[[13, 14, 32, 39, 50, 50, 53, 55, 58, 61], [4, 7, 13, 15, 15, 28, 30, 32, 35, 51], [5, 8, 11, 22, 23, 23, 32, 33, 37, 39], [4, 5, 6, 11, 14, 17, 20, 22, 49, 54]]",1.0,1.0,1.0,0.25,1,3,PP,uniform_600s,2,2,8,8,"[[2, 1, 1, 2, 2, 1, 1], [1, 1, 3, 3, 1, 1], [1, 1, 1, 3, 2, 2], [3, 1, 1, 1, 2, 1, 1]]",26,253,600,0.5783333333333334,0.0026545,20,4.425,177,30.625,1225,600.0,12,OPTIMAL,5.725,229.0,229.0,0.0,9.065999984741211,0.009763569571077824,9.07583035551726,76945.0,0.002919912338256836,10,OPTIMAL,5.725,0.0,449.4843719005585,5.725,uniform_600s,5.725,5.725,0.0,True,30.625,True,True,True
N40_lambda1_rep006_seed5124797795676048430,5124797795676048430,6,40,4,"[10, 10, 10, 10]","[[13, 14, 32, 39, 50, 50, 53, 55, 58, 61], [4, 7, 13, 15, 15, 28, 30, 32, 35, 51], [5, 8, 11, 22, 23, 23, 32, 33, 37, 39], [4, 5, 6, 11, 14, 17, 20, 22, 49, 54]]",1.0,1.0,1.0,0.25,1,3,PP,uniform_600s,4,4,2,2,"[[2, 1, 1, 2, 2, 2], [2, 2, 1, 2, 2, 1], [2, 1, 2, 1, 2, 2], [2, 1, 2, 2, 1, 1, 1]]",25,234,600,0.61,0.002654,20,12.925,517,56.5,2260,600.0,12,OPTIMAL,5.825,233.0,233.0,0.0,6.253674030303955,0.014244849793612957,6.267986165090279,124731.0,0.002607107162475586,10,OPTIMAL,5.725,0.0,449.4843719005585,5.725,uniform_600s,6.1,5.825,0.10000000000000053,True,56.4,True,True,True
N40_lambda1_rep006_seed5124797795676048430,5124797795676048430,6,40,4,"[10, 10, 10, 10]","[[13, 14, 32, 39, 50, 50, 53, 55, 58, 61], [4, 7, 13, 15, 15, 28, 30, 32, 35, 51], [5, 8, 11, 22, 23, 23, 32, 33, 37, 39], [4, 5, 6, 11, 14, 17, 20, 22, 49, 54]]",1.0,1.0,1.0,0.25,1,3,PP,uniform_600s,4,4,4,4,"[[2, 1, 1, 4, 2], [2, 3, 4, 1], [3, 3, 4], [3, 4, 1, 1, 1]]",17,107,600,0.8216666666666667,0.0025185,20,21.0,840,84.75,3390,600.0,12,OPTIMAL,6.0,240.0,240.0,0.0,0.18710589408874512,0.007216678000986576,0.19439235070607042,5156.0,0.0014789104461669922,10,OPTIMAL,5.725,0.0,449.4843719005585,5.725,uniform_600s,6.1,6.0,0.27500000000000036,True,84.475,True,True,True
N40_lambda1_rep006_seed5124797795676048430,5124797795676048430,6,40,4,"[10, 10, 10, 10]","[[13, 14, 32, 39, 50, 50, 53, 55, 58, 61], [4, 7, 13, 15, 15, 28, 30, 32, 35, 51], [5, 8, 11, 22, 23, 23, 32, 33, 37, 39], [4, 5, 6, 11, 14, 17, 20, 22, 49, 54]]",1.0,1.0,1.0,0.25,1,3,PP,uniform_600s,4,4,6,6,"[[2, 1, 1, 6], [2, 3, 4, 1], [3, 3, 4], [3, 5, 1, 1]]",15,84,600,0.86,0.002468,20,23.225,929,93.225,3729,600.0,12,OPTIMAL,6.1,244.0,243.9999999999443,0.0,0.08417701721191406,0.006192328408360481,0.09043211023772288,2018.0,0.0012810230255126953,10,OPTIMAL,5.725,0.0,449.4843719005585,5.725,uniform_600s,6.1,6.1,0.375,True,92.85,True,True,True
N40_lambda1_rep006_seed5124797795676048430,5124797795676048430,6,40,4,"[10, 10, 10, 10]","[[13, 14, 32, 39, 50, 50, 53, 55, 58, 61], [4, 7, 13, 15, 15, 28, 30, 32, 35, 51], [5, 8, 11, 22, 23, 23, 32, 33, 37, 39], [4, 5, 6, 11, 14, 17, 20, 22, 49, 54]]",1.0,1.0,1.0,0.25,1,3,PP,uniform_600s,4,4,8,8,"[[2, 1, 1, 6], [2, 3, 4, 1], [3, 3, 4], [3, 5, 1, 1]]",15,84,600,0.86,0.0062895,20,23.225,929,98.875,3955,600.0,12,OPTIMAL,6.1,244.0,243.9999999999443,0.0,0.08677816390991211,0.006251106970012188,0.09309580484330846,2018.0,0.0012509822845458984,10,OPTIMAL,5.725,0.0,449.4843719005585,5.725,uniform_600s,6.1,6.1,0.375,True,98.5,True,True,True
N40_lambda1_rep006_seed5124797795676048430,5124797795676048430,6,40,4,"[10, 10, 10, 10]","[[13, 14, 32, 39, 50, 50, 53, 55, 58, 61], [4, 7, 13, 15, 15, 28, 30, 32, 35, 51], [5, 8, 11, 22, 23, 23, 32, 33, 37, 39], [4, 5, 6, 11, 14, 17, 20, 22, 49, 54]]",1.0,1.0,1.0,0.25,1,3,PP,uniform_600s,6,6,2,2,"[[2, 1, 1, 2, 2, 2], [2, 2, 1, 2, 2, 1], [2, 1, 2, 1, 2, 2], [2, 2, 2, 2, 2]]",23,198,600,0.6699999999999999,0.006916,20,18.6,744,95.5,3820,600.0,12,OPTIMAL,6.175,247.0,247.0,0.0,2.647270917892456,0.009424556978046894,2.656768207436851,52679.0,0.0023069381713867188,10,OPTIMAL,5.725,0.0,449.4843719005585,5.725,uniform_600s,8.475,6.175,0.4500000000000002,True,95.05,True,True,True
N40_lambda1_rep006_seed5124797795676048430,5124797795676048430,6,40,4,"[10, 10, 10, 10]","[[13, 14, 32, 39, 50, 50, 53, 55, 58, 61], [4, 7, 13, 15, 15, 28, 30, 32, 35, 51], [5, 8, 11, 22, 23, 23, 32, 33, 37, 39], [4, 5, 6, 11, 14, 17, 20, 22, 49, 54]]",1.0,1.0,1.0,0.25,1,3,PP,uniform_600s,6,6,4,4,"[[2, 1, 1, 4, 2], [4, 1, 4, 1], [3, 3, 4], [4, 4, 2]]",15,83,600,0.8616666666666667,0.00626,20,31.275,1251,143.25,5730,600.0,12,OPTIMAL,7.7,308.0,307.9999999999436,0.0,0.182542085647583,0.0063832662999629974,0.18899423873407603,6275.0,0.001291036605834961,10,OPTIMAL,5.725,0.0,449.4843719005585,5.725,uniform_600s,8.475,7.7,1.9750000000000005,True,141.275,True,True,True
N40_lambda1_rep006_seed5124797795676048430,5124797795676048430,6,40,4,"[10, 10, 10, 10]","[[13, 14, 32, 39, 50, 50, 53, 55, 58, 61], [4, 7, 13, 15, 15, 28, 30, 32, 35, 51], [5, 8, 11, 22, 23, 23, 32, 33, 37, 39], [4, 5, 6, 11, 14, 17, 20, 22, 49, 54]]",1.0,1.0,1.0,0.25,1,3,PP,uniform_600s,6,6,6,6,"[[2, 1, 1, 6], [5, 4, 1], [3, 3, 4], [6, 2, 2]]",13,63,600,0.895,0.00632,20,32.875,1315,157.575,6303,600.0,12,OPTIMAL,8.475,339.0,339.0,0.0,0.13864994049072266,0.005796028301119804,0.14451621291071892,3136.0,0.0011501312255859375,10,OPTIMAL,5.725,0.0,449.4843719005585,5.725,uniform_600s,8.475,8.475,2.75,True,154.825,True,True,True
N40_lambda1_rep006_seed5124797795676048430,5124797795676048430,6,40,4,"[10, 10, 10, 10]","[[13, 14, 32, 39, 50, 50, 53, 55, 58, 61], [4, 7, 13, 15, 15, 28, 30, 32, 35, 51], [5, 8, 11, 22, 23, 23, 32, 33, 37, 39], [4, 5, 6, 11, 14, 17, 20, 22, 49, 54]]",1.0,1.0,1.0,0.25,1,3,PP,uniform_600s,6,6,8,8,"[[2, 1, 1, 6], [5, 4, 1], [3, 3, 4], [8, 2]]",12,53,600,0.9116666666666666,0.002594,20,34.475,1379,167.125,6685,600.0,12,OPTIMAL,8.475,339.0,339.0,0.0,0.09052109718322754,0.005730178207159042,0.09631638628085279,1098.0,0.0010540485382080078,10,OPTIMAL,5.725,0.0,449.4843719005585,5.725,uniform_600s,8.475,8.475,2.75,True,164.375,True,True,True
N40_lambda1_rep006_seed5124797795676048430,5124797795676048430,6,40,4,"[10, 10, 10, 10]","[[13, 14, 32, 39, 50, 50, 53, 55, 58, 61], [4, 7, 13, 15, 15, 28, 30, 32, 35, 51], [5, 8, 11, 22, 23, 23, 32, 33, 37, 39], [4, 5, 6, 11, 14, 17, 20, 22, 49, 54]]",1.0,1.0,1.0,0.25,1,3,PP,uniform_600s,8,8,2,2,"[[2, 2, 2, 2, 2], [2, 2, 1, 2, 2, 1], [2, 1, 2, 1, 2, 2], [2, 2, 2, 2, 2]]",22,181,600,0.6983333333333333,0.002679,20,24.05,962,134.5,5380,600.0,12,OPTIMAL,6.175,247.0,247.0,0.0,1.6774778366088867,0.008391724899411201,1.6859362884930769,33310.0,0.0020668506622314453,10,OPTIMAL,5.725,0.0,449.4843719005585,5.725,uniform_600s,8.475,6.175,0.4500000000000002,True,134.05,True,True,True
N40_lambda1_rep006_seed5124797795676048430,5124797795676048430,6,40,4,"[10, 10, 10, 10]","[[13, 14, 32, 39, 50, 50, 53, 55, 58, 61], [4, 7, 13, 15, 15, 28, 30, 32, 35, 51], [5, 8, 11, 22, 23, 23, 32, 33, 37, 39], [4, 5, 6, 11, 14, 17, 20, 22, 49, 54]]",1.0,1.0,1.0,0.25,1,3,PP,uniform_600s,8,8,4,4,"[[2, 2, 4, 2], [4, 1, 4, 1], [3, 3, 4], [4, 4, 2]]",14,73,600,0.8783333333333333,0.0063945,20,36.725,1469,201.75,8070,600.0,12,OPTIMAL,7.7,308.0,308.0,0.0,0.1360619068145752,0.006442517042160034,0.14258606735811902,4187.0,0.0013129711151123047,10,OPTIMAL,5.725,0.0,449.4843719005585,5.725,uniform_600s,8.475,7.7,1.9750000000000005,True,199.775,True,True,True
N40_lambda1_rep006_seed5124797795676048430,5124797795676048430,6,40,4,"[10, 10, 10, 10]","[[13, 14, 32, 39, 50, 50, 53, 55, 58, 61], [4, 7, 13, 15, 15, 28, 30, 32, 35, 51], [5, 8, 11, 22, 23, 23, 32, 33, 37, 39], [4, 5, 6, 11, 14, 17, 20, 22, 49, 54]]",1.0,1.0,1.0,0.25,1,3,PP,uniform_600s,8,8,6,6,"[[2, 2, 6], [5, 4, 1], [3, 3, 4], [6, 2, 2]]",12,54,600,0.91,0.004016,20,38.325,1533,221.925,8877,600.0,12,OPTIMAL,8.475,339.0,339.0,0.0,0.09923696517944336,0.008104410022497177,0.10743360421356296,2483.0,0.0015070438385009766,8,OPTIMAL,5.725,0.0,449.4843719005585,5.725,uniform_600s,8.475,8.475,2.75,True,219.175,True,True,True
N40_lambda1_rep006_seed5124797795676048430,5124797795676048430,6,40,4,"[10, 10, 10, 10]","[[13, 14, 32, 39, 50, 50, 53, 55, 58, 61], [4, 7, 13, 15, 15, 28, 30, 32, 35, 51], [5, 8, 11, 22, 23, 23, 32, 33, 37, 39], [4, 5, 6, 11, 14, 17, 20, 22, 49, 54]]",1.0,1.0,1.0,0.25,1,3,PP,uniform_600s,8,8,8,8,"[[2, 2, 6], [5, 4, 1], [3, 3, 4], [8, 2]]",11,45,600,0.925,0.003265,20,39.925,1597,235.375,9415,600.0,12,OPTIMAL,8.475,339.0,339.0,0.0,0.06275296211242676,0.005905373953282833,0.06872574683935881,783.0,0.0009541511535644531,7,OPTIMAL,5.725,0.0,449.4843719005585,5.725,uniform_600s,8.475,8.475,2.75,True,232.625,True,True,True
N40_lambda1_rep008_seed5082824457107639256,5082824457107639256,8,40,4,"[10, 10, 10, 10]","[[3, 7, 8, 10, 12, 32, 32, 35, 48, 53], [1, 2, 3, 4, 5, 8, 18, 18, 22, 33], [4, 6, 24, 34, 40, 42, 55, 62, 64, 74], [7, 8, 8, 10, 16, 22, 24, 33, 36, 45]]",1.0,1.0,1.0,0.25,1,3,PP,uniform_600s,2,2,2,2,"[[1, 2, 2, 2, 1, 1, 1], [2, 2, 1, 1, 2, 1, 1], [2, 1, 1, 2, 1, 2, 1], [2, 2, 1, 2, 1, 1, 1]]",28,294,600,0.51,0.004487,20,4.725,189,17.5,700,600.0,12,OPTIMAL,5.475,219.0,218.99999999999682,0.0,10.437381982803345,0.01848955638706684,10.455998665541005,102904.0,0.007895946502685547,10,OPTIMAL,5.475,0.0,236.617840051651,5.475,uniform_600s,5.475,5.475,0.0,True,17.5,True,True,True
N40_lambda1_rep008_seed5082824457107639256,5082824457107639256,8,40,4,"[10, 10, 10, 10]","[[3, 7, 8, 10, 12, 32, 32, 35, 48, 53], [1, 2, 3, 4, 5, 8, 18, 18, 22, 33], [4, 6, 24, 34, 40, 42, 55, 62, 64, 74], [7, 8, 8, 10, 16, 22, 24, 33, 36, 45]]",1.0,1.0,1.0,0.25,1,3,PP,uniform_600s,2,2,4,4,"[[1, 4, 2, 1, 1, 1], [4, 1, 1, 2, 1, 1], [2, 1, 1, 2, 1, 2, 1], [4, 1, 2, 1, 1, 1]]",25,234,600,0.61,0.0028745,20,5.55,222,26.25,1050,600.0,12,OPTIMAL,5.475,219.0,219.0,0.0,3.9965779781341553,0.01042417623102665,4.007092635585808,52669.0,0.0032749176025390625,7,OPTIMAL,5.475,0.0,236.617840051651,5.475,uniform_600s,5.475,5.475,0.0,True,26.25,True,True,True
N40_lambda1_rep008_seed5082824457107639256,5082824457107639256,8,40,4,"[10, 10, 10, 10]","[[3, 7, 8, 10, 12, 32, 32, 35, 48, 53], [1, 2, 3, 4, 5, 8, 18, 18, 22, 33], [4, 6, 24, 34, 40, 42, 55, 62, 64, 74], [7, 8, 8, 10, 16, 22, 24, 33, 36, 45]]",1.0,1.0,1.0,0.25,1,3,PP,uniform_600s,2,2,6,6,"[[1, 4, 2, 1, 1, 1], [5, 1, 2, 1, 1], [2, 1, 1, 2, 1, 2, 1], [4, 1, 2, 1, 1, 1]]",24,215,600,0.6416666666666666,0.002809,20,5.55,222,28.875,1155,600.0,12,OPTIMAL,5.475,219.0,219.0,0.0,2.7594141960144043,0.009494761005043983,2.768987499308571,25294.0,0.002788066864013672,10,OPTIMAL,5.475,0.0,236.617840051651,5.475,uniform_600s,5.475,5.475,0.0,True,28.875,True,True,True
N40_lambda1_rep008_seed5082824457107639256,5082824457107639256,8,40,4,"[10, 10, 10, 10]","[[3, 7, 8, 10, 12, 32, 32, 35, 48, 53], [1, 2, 3, 4, 5, 8, 18, 18, 22, 33], [4, 6, 24, 34, 40, 42, 55, 62, 64, 74], [7, 8, 8, 10, 16, 22, 24, 33, 36, 45]]",1.0,1.0,1.0,0.25,1,3,PP,uniform_600s,2,2,8,8,"[[1, 4, 2, 1, 1, 1], [5, 1, 2, 1, 1], [2, 1, 1, 2, 1, 2, 1], [4, 1, 2, 1, 1, 1]]",24,215,600,0.6416666666666666,0.0029495,20,5.55,222,30.625,1225,600.0,12,OPTIMAL,5.475,219.0,219.0,0.0,2.523859977722168,0.010431947186589241,2.5343819865970962,25294.0,0.0030760765075683594,10,OPTIMAL,5.475,0.0,236.617840051651,5.475,uniform_600s,5.475,5.475,0.0,True,30.625,True,True,True
N40_lambda1_rep008_seed5082824457107639256,5082824457107639256,8,40,4,"[10, 10, 10, 10]","[[3, 7, 8, 10, 12, 32, 32, 35, 48, 53], [1, 2, 3, 4, 5, 8, 18, 18, 22, 33], [4, 6, 24, 34, 40, 42, 55, 62, 64, 74], [7, 8, 8, 10, 16, 22, 24, 33, 36, 45]]",1.0,1.0,1.0,0.25,1,3,PP,uniform_600s,4,4,2,2,"[[2, 2, 1, 2, 1, 1, 1], [2, 2, 2, 2, 1, 1], [2, 1, 1, 2, 1, 2, 1], [2, 2, 1, 2, 2, 1]]",26,253,600,0.5783333333333334,0.0070355,20,10.725,429,56.5,2260,600.0,12,OPTIMAL,5.825,233.0,233.0,0.0,15.367248058319092,0.011253850534558296,15.378601549482534,120677.0,0.003287076950073242,10,OPTIMAL,5.475,0.0,236.617840051651,5.475,uniform_600s,6.125,5.825,0.35000000000000053,True,56.15,True,True,True
N40_lambda1_rep008_seed5082824457107639256,5082824457107639256,8,40,4,"[10, 10, 10, 10]","[[3, 7, 8, 10, 12, 32, 32, 35, 48, 53], [1, 2, 3, 4, 5, 8, 18, 18, 22, 33], [4, 6, 24, 34, 40, 42, 55, 62, 64, 74], [7, 8, 8, 10, 16, 22, 24, 33, 36, 45]]",1.0,1.0,1.0,0.25,1,3,PP,uniform_600s,4,4,4,4,"[[4, 1, 3, 1, 1], [4, 2, 3, 1], [2, 1, 1, 2, 1, 2, 1], [4, 1, 2, 2, 1]]",21,163,600,0.7283333333333333,0.004086,20,14.575,583,84.75,3390,600.0,12,OPTIMAL,5.825,233.0,232.99999999999886,0.0,1.5478079319000244,0.009152192622423172,1.5570444877344116,19941.0,0.0021381378173828125,10,OPTIMAL,5.475,0.0,236.617840051651,5.475,uniform_600s,6.125,5.825,0.35000000000000053,True,84.4,True,True,True
N40_lambda1_rep008_seed5082824457107639256,5082824457107639256,8,40,4,"[10, 10, 10, 10]","[[3, 7, 8, 10, 12, 32, 32, 35, 48, 53], [1, 2, 3, 4, 5, 8, 18, 18, 22, 33], [4, 6, 24, 34, 40, 42, 55, 62, 64, 74], [7, 8, 8, 10, 16, 22, 24, 33, 36, 45]]",1.0,1.0,1.0,0.25,1,3,PP,uniform_600s,4,4,6,6,"[[5, 3, 1, 1], [6, 3, 1], [2, 1, 1, 2, 1, 2, 1], [4, 1, 2, 2, 1]]",19,131,600,0.7816666666666667,0.004126,20,15.375,615,93.225,3729,600.0,12,OPTIMAL,6.125,245.0,245.0,0.0,0.2867419719696045,0.011470247060060501,0.2983206578146348,8211.0,0.002856016159057617,10,OPTIMAL,5.475,0.0,236.617840051651,5.475,uniform_600s,6.125,6.125,0.6500000000000004,True,92.57499999999999,True,True,True
N40_lambda1_rep008_seed5082824457107639256,5082824457107639256,8,40,4,"[10, 10, 10, 10]","[[3, 7, 8, 10, 12, 32, 32, 35, 48, 53], [1, 2, 3, 4, 5, 8, 18, 18, 22, 33], [4, 6, 24, 34, 40, 42, 55, 62, 64, 74], [7, 8, 8, 10, 16, 22, 24, 33, 36, 45]]",1.0,1.0,1.0,0.25,1,3,PP,uniform_600s,4,4,8,8,"[[5, 3, 1, 1], [6, 3, 1], [2, 1, 1, 2, 1, 2, 1], [4, 1, 2, 2, 1]]",19,131,600,0.7816666666666667,0.005087,20,15.375,615,98.875,3955,600.0,12,OPTIMAL,6.125,245.0,245.0,0.0,0.29012084007263184,0.012251057662069798,0.30250022571967794,8211.0,0.002933979034423828,10,OPTIMAL,5.475,0.0,236.617840051651,5.475,uniform_600s,6.125,6.125,0.6500000000000004,True,98.225,True,True,True
N40_lambda1_rep008_seed5082824457107639256,5082824457107639256,8,40,4,"[10, 10, 10, 10]","[[3, 7, 8, 10, 12, 32, 32, 35, 48, 53], [1, 2, 3, 4, 5, 8, 18, 18, 22, 33], [4, 6, 24, 34, 40, 42, 55, 62, 64, 74], [7, 8, 8, 10, 16, 22, 24, 33, 36, 45]]",1.0,1.0,1.0,0.25,1,3,PP,uniform_600s,6,6,2,2,"[[2, 2, 1, 2, 1, 2], [2, 2, 2, 2, 1, 1], [2, 1, 2, 1, 1, 2, 1], [2, 2, 2, 1, 2, 1]]",25,234,600,0.61,0.002724,20,20.875,835,95.5,3820,600.0,12,OPTIMAL,5.825,233.0,233.0,0.0,12.359946966171265,0.010605650022625923,12.370648293637418,69711.0,0.003065824508666992,10,OPTIMAL,5.475,0.0,236.617840051651,5.475,uniform_600s,6.125,5.825,0.35000000000000053,True,95.15,True,True,True
N40_lambda1_rep008_seed5082824457107639256,5082824457107639256,8,40,4,"[10, 10, 10, 10]","[[3, 7, 8, 10, 12, 32, 32, 35, 48, 53], [1, 2, 3, 4, 5, 8, 18, 18, 22, 33], [4, 6, 24, 34, 40, 42, 55, 62, 64, 74], [7, 8, 8, 10, 16, 22, 24, 33, 36, 45]]",1.0,1.0,1.0,0.25,1,3,PP,uniform_600s,6,6,4,4,"[[4, 1, 3, 2], [4, 2, 3, 1], [2, 1, 3, 1, 2, 1], [4, 3, 2, 1]]",18,120,600,0.8,0.004021,20,26.25,1050,143.25,5730,600.0,12,OPTIMAL,5.825,233.0,233.0,0.0,0.5012900829315186,0.010795507580041885,0.5121822548246703,13851.0,0.0018510818481445312,10,OPTIMAL,5.475,0.0,236.617840051651,5.475,uniform_600s,6.125,5.825,0.35000000000000053,True,142.9,True,True,True
N40_lambda1_rep008_seed5082824457107639256,5082824457107639256,8,40,4,"[10, 10, 10, 10]","[[3, 7, 8, 10, 12, 32, 32, 35, 48, 53], [1, 2, 3, 4, 5, 8, 18, 18, 22, 33], [4, 6, 24, 34, 40, 42, 55, 62, 64, 74], [7, 8, 8, 10, 16, 22, 24, 33, 36, 45]]",1.0,1.0,1.0,0.25,1,3,PP,uniform_600s,6,6,6,6,"[[5, 3, 2], [6, 3, 1], [2, 1, 3, 1, 2, 1], [6, 1, 2, 1]]",16,93,600,0.845,0.004336,20,30.7,1228,157.575,6303,600.0,12,OPTIMAL,6.125,245.0,245.0,0.0,0.1476879119873047,0.01042135152965784,0.1582230420266733,1627.0,0.002168893814086914,10,OPTIMAL,5.475,0.0,236.617840051651,5.475,uniform_600s,6.125,6.125,0.6500000000000004,True,156.92499999999998,True,True,True
N40_lambda1_rep008_seed5082824457107639256,5082824457107639256,8,40,4,"[10, 10, 10, 10]","[[3, 7, 8, 10, 12, 32, 32, 35, 48, 53], [1, 2, 3, 4, 5, 8, 18, 18, 22, 33], [4, 6, 24, 34, 40, 42, 55, 62, 64, 74], [7, 8, 8, 10, 16, 22, 24, 33, 36, 45]]",1.0,1.0,1.0,0.25,1,3,PP,uniform_600s,6,6,8,8,"[[5, 3, 2], [6, 3, 1], [2, 1, 3, 1, 2, 1], [7, 2, 1]]",15,81,600,0.865,0.003055,20,31.45,1258,167.125,6685,600.0,12,OPTIMAL,6.125,245.0,245.0,0.0,0.1076209545135498,0.00737007986754179,0.11507906232147694,787.0,0.0014410018920898438,10,OPTIMAL,5.475,0.0,236.617840051651,5.475,uniform_600s,6.125,6.125,0.6500000000000004,True,166.475,True,True,True
N40_lambda1_rep008_seed5082824457107639256,5082824457107639256,8,40,4,"[10, 10, 10, 10]","[[3, 7, 8, 10, 12, 32, 32, 35, 48, 53], [1, 2, 3, 4, 5, 8, 18, 18, 22, 33], [4, 6, 24, 34, 40, 42, 55, 62, 64, 74], [7, 8, 8, 10, 16, 22, 24, 33, 36, 45]]",1.0,1.0,1.0,0.25,1,3,PP,uniform_600s,8,8,2,2,"[[2, 2, 1, 2, 1, 2], [2, 2, 2, 2, 1, 1], [2, 1, 2, 1, 2, 1, 1], [2, 2, 2, 1, 2, 1]]",25,234,600,0.61,0.002929,20,25.025,1001,134.5,5380,600.0,12,OPTIMAL,5.825,233.0,232.99999999999636,0.0,14.271717071533203,0.010535934939980507,14.282337408503334,67083.0,0.002977132797241211,10,OPTIMAL,5.475,0.0,236.617840051651,5.475,uniform_600s,6.125,5.825,0.35000000000000053,True,134.15,True,True,True
N40_lambda1_rep008_seed5082824457107639256,5082824457107639256,8,40,4,"[10, 10, 10, 10]","[[3, 7, 8, 10, 12, 32, 32, 35, 48, 53], [1, 2, 3, 4, 5, 8, 18, 18, 22, 33], [4, 6, 24, 34, 40, 42, 55, 62, 64, 74], [7, 8, 8, 10, 16, 22, 24, 33, 36, 45]]",1.0,1.0,1.0,0.25,1,3,PP,uniform_600s,8,8,4,4,"[[4, 1, 3, 2], [4, 2, 3, 1], [2, 1, 3, 3, 1], [4, 3, 2, 1]]",17,108,600,0.8200000000000001,0.007015,20,31.1,1244,201.75,8070,600.0,12,OPTIMAL,5.825,233.0,233.0,0.0,0.3484220504760742,0.0072530722245574,0.3557581205842042,8798.0,0.0016551017761230469,10,OPTIMAL,5.475,0.0,236.617840051651,5.475,uniform_600s,6.125,5.825,0.35000000000000053,True,201.4,True,True,True
N40_lambda1_rep008_seed5082824457107639256,5082824457107639256,8,40,4,"[10, 10, 10, 10]","[[3, 7, 8, 10, 12, 32, 32, 35, 48, 53], [1, 2, 3, 4, 5, 8, 18, 18, 22, 33], [4, 6, 24, 34, 40, 42, 55, 62, 64, 74], [7, 8, 8, 10, 16, 22, 24, 33, 36, 45]]",1.0,1.0,1.0,0.25,1,3,PP,uniform_600s,8,8,6,6,"[[5, 3, 2], [6, 3, 1], [2, 1, 3, 3, 1], [6, 1, 2, 1]]",15,83,600,0.8616666666666667,0.0034005,20,35.55,1422,221.925,8877,600.0,12,OPTIMAL,6.125,245.0,245.0,0.0,0.15454316139221191,0.008359224535524845,0.16299553146499443,1447.0,0.0030701160430908203,10,OPTIMAL,5.475,0.0,236.617840051651,5.475,uniform_600s,6.125,6.125,0.6500000000000004,True,221.275,True,True,True
N40_lambda1_rep008_seed5082824457107639256,5082824457107639256,8,40,4,"[10, 10, 10, 10]","[[3, 7, 8, 10, 12, 32, 32, 35, 48, 53], [1, 2, 3, 4, 5, 8, 18, 18, 22, 33], [4, 6, 24, 34, 40, 42, 55, 62, 64, 74], [7, 8, 8, 10, 16, 22, 24, 33, 36, 45]]",1.0,1.0,1.0,0.25,1,3,PP,uniform_600s,8,8,8,8,"[[5, 3, 2], [6, 3, 1], [2, 1, 3, 3, 1], [7, 2, 1]]",14,72,600,0.88,0.00346,20,36.3,1452,235.375,9415,600.0,12,OPTIMAL,6.125,245.0,245.0,0.0,0.08988499641418457,0.00966092199087143,0.09965090560420513,1049.0,0.0003399848937988281,7,OPTIMAL,5.475,0.0,236.617840051651,5.475,uniform_600s,6.125,6.125,0.6500000000000004,True,234.725,True,True,True
N60_lambda0p5_rep000_seed2229073368444265706,2229073368444265706,0,60,4,"[15, 15, 15, 15]","[[10, 11, 15, 18, 31, 38, 39, 48, 53, 56, 66, 69, 89, 90, 100], [20, 22, 62, 64, 64, 107, 112, 125, 128, 140, 154, 157, 168, 175, 175], [46, 47, 57, 59, 66, 66, 75, 77, 77, 80, 99, 103, 105, 106, 112], [4, 8, 9, 11, 31, 34, 42, 48, 58, 63, 71, 74, 85, 90, 93]]",0.5,0.5,0.5,0.125,1,3,PP,uniform_600s,2,2,2,2,"[[2, 1, 1, 1, 2, 1, 1, 1, 1, 1, 2, 1], [2, 2, 1, 1, 1, 1, 1, 1, 1, 1, 1, 2], [2, 2, 2, 2, 1, 1, 1, 2, 1, 1], [1, 2, 1, 1, 1, 1, 1, 1, 1, 1, 1, 1, 1, 1]]",48,860,1350,0.36296296296296293,0.0089085,20,4.233333333333333,254,27.5,1650,600.0,12,OPTIMAL,1.9166666666666667,115.0,115.0,0.0,0.6956520080566406,0.022242222912609577,0.7179653676497183,3103.0,0.009160041809082031,9,OPTIMAL,1.9166666666666667,0.0,1.6867480278015137,1.9166666666666667,uniform_600s,1.9166666666666667,1.9166666666666667,0.0,True,27.5,True,True,True
N60_lambda0p5_rep000_seed2229073368444265706,2229073368444265706,0,60,4,"[15, 15, 15, 15]","[[10, 11, 15, 18, 31, 38, 39, 48, 53, 56, 66, 69, 89, 90, 100], [20, 22, 62, 64, 64, 107, 112, 125, 128, 140, 154, 157, 168, 175, 175], [46, 47, 57, 59, 66, 66, 75, 77, 77, 80, 99, 103, 105, 106, 112], [4, 8, 9, 11, 31, 34, 42, 48, 58, 63, 71, 74, 85, 90, 93]]",0.5,0.5,0.5,0.125,1,3,PP,uniform_600s,2,2,4,4,"[[2, 1, 1, 1, 2, 1, 1, 1, 1, 1, 2, 1], [2, 3, 1, 1, 1, 1, 1, 1, 1, 1, 2], [2, 2, 2, 3, 1, 1, 3, 1], [1, 3, 1, 1, 1, 1, 1, 1, 1, 1, 1, 1, 1]]",44,719,1350,0.4674074074074074,0.003541,20,5.116666666666666,307,41.25,2475,600.0,12,OPTIMAL,1.9166666666666667,115.0,115.0,0.0,0.4201650619506836,0.01962048001587391,0.4398509442059312,609.0,0.007886171340942383,10,OPTIMAL,1.9166666666666667,0.0,1.6867480278015137,1.9166666666666667,uniform_600s,1.9166666666666667,1.9166666666666667,0.0,True,41.25,True,True,True
N60_lambda0p5_rep000_seed2229073368444265706,2229073368444265706,0,60,4,"[15, 15, 15, 15]","[[10, 11, 15, 18, 31, 38, 39, 48, 53, 56, 66, 69, 89, 90, 100], [20, 22, 62, 64, 64, 107, 112, 125, 128, 140, 154, 157, 168, 175, 175], [46, 47, 57, 59, 66, 66, 75, 77, 77, 80, 99, 103, 105, 106, 112], [4, 8, 9, 11, 31, 34, 42, 48, 58, 63, 71, 74, 85, 90, 93]]",0.5,0.5,0.5,0.125,1,3,PP,uniform_600s,2,2,6,6,"[[2, 1, 1, 1, 2, 1, 1, 1, 1, 1, 2, 1], [2, 3, 1, 1, 1, 1, 1, 1, 1, 1, 2], [2, 2, 2, 3, 1, 1, 3, 1], [1, 3, 1, 1, 1, 1, 1, 1, 1, 1, 1, 1, 1]]",44,719,1350,0.4674074074074074,0.00342,20,5.116666666666666,307,45.833333333333336,2750,600.0,12,OPTIMAL,1.9166666666666667,115.0,115.0,0.0,0.5590991973876953,0.019487879239022732,0.5786611914607119,609.0,0.007929086685180664,10,OPTIMAL,1.9166666666666667,0.0,1.6867480278015137,1.9166666666666667,uniform_600s,1.9166666666666667,1.9166666666666667,0.0,True,45.833333333333336,True,True,True
N60_lambda0p5_rep000_seed2229073368444265706,2229073368444265706,0,60,4,"[15, 15, 15, 15]","[[10, 11, 15, 18, 31, 38, 39, 48, 53, 56, 66, 69, 89, 90, 100], [20, 22, 62, 64, 64, 107, 112, 125, 128, 140, 154, 157, 168, 175, 175], [46, 47, 57, 59, 66, 66, 75, 77, 77, 80, 99, 103, 105, 106, 112], [4, 8, 9, 11, 31, 34, 42, 48, 58, 63, 71, 74, 85, 90, 93]]",0.5,0.5,0.5,0.125,1,3,PP,uniform_600s,2,2,8,8,"[[2, 1, 1, 1, 2, 1, 1, 1, 1, 1, 2, 1], [2, 3, 1, 1, 1, 1, 1, 1, 1, 1, 2], [2, 2, 2, 3, 1, 1, 3, 1], [1, 3, 1, 1, 1, 1, 1, 1, 1, 1, 1, 1, 1]]",44,719,1350,0.4674074074074074,0.005523,20,5.116666666666666,307,47.666666666666664,2860,600.0,12,OPTIMAL,1.9166666666666667,115.0,115.0,0.0,0.5003440380096436,0.03324372414499521,0.5336961683594565,609.0,0.014007091522216797,10,OPTIMAL,1.9166666666666667,0.0,1.6867480278015137,1.9166666666666667,uniform_600s,1.9166666666666667,1.9166666666666667,0.0,True,47.666666666666664,True,True,True
N60_lambda0p5_rep000_seed2229073368444265706,2229073368444265706,0,60,4,"[15, 15, 15, 15]","[[10, 11, 15, 18, 31, 38, 39, 48, 53, 56, 66, 69, 89, 90, 100], [20, 22, 62, 64, 64, 107, 112, 125, 128, 140, 154, 157, 168, 175, 175], [46, 47, 57, 59, 66, 66, 75, 77, 77, 80, 99, 103, 105, 106, 112], [4, 8, 9, 11, 31, 34, 42, 48, 58, 63, 71, 74, 85, 90, 93]]",0.5,0.5,0.5,0.125,1,3,PP,uniform_600s,4,4,2,2,"[[2, 2, 1, 2, 1, 2, 2, 2, 1], [2, 2, 1, 1, 1, 2, 1, 2, 1, 2], [2, 2, 2, 2, 2, 2, 2, 1], [2, 2, 2, 1, 1, 1, 1, 2, 1, 2]]",37,512,1350,0.6207407407407408,0.0035955,20,24.35,1461,86.5,5190,600.0,12,OPTIMAL,1.9166666666666667,115.0,115.0,0.0,0.2749600410461426,0.016389326192438602,0.29142573628456164,252.0,0.0059490203857421875,6,OPTIMAL,1.9166666666666667,0.0,1.6867480278015137,1.9166666666666667,uniform_600s,1.9166666666666667,1.9166666666666667,0.0,True,86.5,True,True,True
N60_lambda0p5_rep000_seed2229073368444265706,2229073368444265706,0,60,4,"[15, 15, 15, 15]","[[10, 11, 15, 18, 31, 38, 39, 48, 53, 56, 66, 69, 89, 90, 100], [20, 22, 62, 64, 64, 107, 112, 125, 128, 140, 154, 157, 168, 175, 175], [46, 47, 57, 59, 66, 66, 75, 77, 77, 80, 99, 103, 105, 106, 112], [4, 8, 9, 11, 31, 34, 42, 48, 58, 63, 71, 74, 85, 90, 93]]",0.5,0.5,0.5,0.125,1,3,PP,uniform_600s,4,4,4,4,"[[4, 1, 2, 1, 2, 2, 2, 1], [2, 3, 1, 1, 2, 1, 2, 1, 2], [2, 2, 2, 4, 4, 1], [4, 2, 1, 1, 1, 1, 2, 1, 2]]",32,381,1350,0.7177777777777778,0.008403,20,27.916666666666668,1675,129.75,7785,600.0,12,OPTIMAL,1.9166666666666667,115.0,115.0,0.0,0.12601709365844727,0.01337408646941185,0.13946928330934333,307.0,0.004238128662109375,5,OPTIMAL,1.9166666666666667,0.0,1.6867480278015137,1.9166666666666667,uniform_600s,1.9166666666666667,1.9166666666666667,0.0,True,129.75,True,True,True
N60_lambda0p5_rep000_seed2229073368444265706,2229073368444265706,0,60,4,"[15, 15, 15, 15]","[[10, 11, 15, 18, 31, 38, 39, 48, 53, 56, 66, 69, 89, 90, 100], [20, 22, 62, 64, 64, 107, 112, 125, 128, 140, 154, 157, 168, 175, 175], [46, 47, 57, 59, 66, 66, 75, 77, 77, 80, 99, 103, 105, 106, 112], [4, 8, 9, 11, 31, 34, 42, 48, 58, 63, 71, 74, 85, 90, 93]]",0.5,0.5,0.5,0.125,1,3,PP,uniform_600s,4,4,6,6,"[[4, 1, 2, 1, 2, 2, 2, 1], [2, 3, 1, 1, 2, 1, 2, 1, 2], [2, 2, 2, 4, 4, 1], [4, 2, 1, 1, 1, 1, 2, 1, 2]]",32,381,1350,0.7177777777777778,0.0087285,20,27.916666666666668,1675,144.16666666666666,8650,600.0,12,OPTIMAL,1.9166666666666667,115.0,115.0,0.0,0.12783098220825195,0.013632348738610744,0.14154388583778477,307.0,0.004204988479614258,5,OPTIMAL,1.9166666666666667,0.0,1.6867480278015137,1.9166666666666667,uniform_600s,1.9166666666666667,1.9166666666666667,0.0,True,144.16666666666666,True,True,True
N60_lambda0p5_rep000_seed2229073368444265706,2229073368444265706,0,60,4,"[15, 15, 15, 15]","[[10, 11, 15, 18, 31, 38, 39, 48, 53, 56, 66, 69, 89, 90, 100], [20, 22, 62, 64, 64, 107, 112, 125, 128, 140, 154, 157, 168, 175, 175], [46, 47, 57, 59, 66, 66, 75, 77, 77, 80, 99, 103, 105, 106, 112], [4, 8, 9, 11, 31, 34, 42, 48, 58, 63, 71, 74, 85, 90, 93]]",0.5,0.5,0.5,0.125,1,3,PP,uniform_600s,4,4,8,8,"[[4, 1, 2, 1, 2, 2, 2, 1], [2, 3, 1, 1, 2, 1, 2, 1, 2], [2, 2, 2, 4, 4, 1], [4, 2, 1, 1, 1, 1, 2, 1, 2]]",32,381,1350,0.7177777777777778,0.0035205,20,27.916666666666668,1675,149.93333333333334,8996,600.0,12,OPTIMAL,1.9166666666666667,115.0,115.0,0.0,0.13793683052062988,0.019571075215935707,0.15759296725326347,307.0,0.004380941390991211,5,OPTIMAL,1.9166666666666667,0.0,1.6867480278015137,1.9166666666666667,uniform_600s,1.9166666666666667,1.9166666666666667,0.0,True,149.93333333333334,True,True,True
N60_lambda0p5_rep000_seed2229073368444265706,2229073368444265706,0,60,4,"[15, 15, 15, 15]","[[10, 11, 15, 18, 31, 38, 39, 48, 53, 56, 66, 69, 89, 90, 100], [20, 22, 62, 64, 64, 107, 112, 125, 128, 140, 154, 157, 168, 175, 175], [46, 47, 57, 59, 66, 66, 75, 77, 77, 80, 99, 103, 105, 106, 112], [4, 8, 9, 11, 31, 34, 42, 48, 58, 63, 71, 74, 85, 90, 93]]",0.5,0.5,0.5,0.125,1,3,PP,uniform_600s,6,6,2,2,"[[2, 2, 1, 2, 2, 1, 2, 2, 1], [2, 2, 1, 2, 2, 1, 2, 1, 2], [2, 2, 2, 2, 2, 2, 2, 1], [2, 2, 2, 2, 2, 2, 2, 1]]",34,433,1350,0.6792592592592592,0.008863,20,38.93333333333333,2336,145.5,8730,600.0,12,OPTIMAL,2.2333333333333334,134.0,134.0,0.0,0.17672204971313477,0.014192555099725723,0.19099241082909155,151.0,0.004759073257446289,4,OPTIMAL,1.9166666666666667,0.0,1.6867480278015137,1.9166666666666667,uniform_600s,2.3666666666666667,2.2333333333333334,0.31666666666666665,True,145.18333333333334,True,True,True
N60_lambda0p5_rep000_seed2229073368444265706,2229073368444265706,0,60,4,"[15, 15, 15, 15]","[[10, 11, 15, 18, 31, 38, 39, 48, 53, 56, 66, 69, 89, 90, 100], [20, 22, 62, 64, 64, 107, 112, 125, 128, 140, 154, 157, 168, 175, 175], [46, 47, 57, 59, 66, 66, 75, 77, 77, 80, 99, 103, 105, 106, 112], [4, 8, 9, 11, 31, 34, 42, 48, 58, 63, 71, 74, 85, 90, 93]]",0.5,0.5,0.5,0.125,1,3,PP,uniform_600s,6,6,4,4,"[[4, 1, 2, 3, 2, 2, 1], [2, 3, 2, 2, 1, 2, 1, 2], [2, 2, 2, 4, 4, 1], [4, 2, 2, 2, 2, 3]]",27,272,1350,0.7985185185185185,0.0035155,20,45.6,2736,218.25,13095,600.0,12,OPTIMAL,2.25,135.0,135.0,0.0,0.07649493217468262,0.011093358509242535,0.08766492245661306,58.0,0.00298309326171875,4,OPTIMAL,1.9166666666666667,0.0,1.6867480278015137,1.9166666666666667,uniform_600s,2.3666666666666667,2.25,0.33333333333333326,True,217.91666666666666,True,True,True
N60_lambda0p5_rep000_seed2229073368444265706,2229073368444265706,0,60,4,"[15, 15, 15, 15]","[[10, 11, 15, 18, 31, 38, 39, 48, 53, 56, 66, 69, 89, 90, 100], [20, 22, 62, 64, 64, 107, 112, 125, 128, 140, 154, 157, 168, 175, 175], [46, 47, 57, 59, 66, 66, 75, 77, 77, 80, 99, 103, 105, 106, 112], [4, 8, 9, 11, 31, 34, 42, 48, 58, 63, 71, 74, 85, 90, 93]]",0.5,0.5,0.5,0.125,1,3,PP,uniform_600s,6,6,6,6,"[[4, 1, 2, 3, 2, 2, 1], [2, 3, 2, 2, 1, 2, 1, 2], [2, 2, 2, 4, 5], [4, 2, 2, 2, 2, 3]]",26,251,1350,0.8140740740740741,0.003535,20,49.36666666666667,2962,242.5,14550,600.0,12,OPTIMAL,2.3666666666666667,142.0,142.0,0.0,0.046536922454833984,0.010799145326018333,0.057413041291151046,1.0,0.0028870105743408203,4,OPTIMAL,1.9166666666666667,0.0,1.6867480278015137,1.9166666666666667,uniform_600s,2.3666666666666667,2.3666666666666667,0.44999999999999996,True,242.05,True,True,True
N60_lambda0p5_rep000_seed2229073368444265706,2229073368444265706,0,60,4,"[15, 15, 15, 15]","[[10, 11, 15, 18, 31, 38, 39, 48, 53, 56, 66, 69, 89, 90, 100], [20, 22, 62, 64, 64, 107, 112, 125, 128, 140, 154, 157, 168, 175, 175], [46, 47, 57, 59, 66, 66, 75, 77, 77, 80, 99, 103, 105, 106, 112], [4, 8, 9, 11, 31, 34, 42, 48, 58, 63, 71, 74, 85, 90, 93]]",0.5,0.5,0.5,0.125,1,3,PP,uniform_600s,6,6,8,8,"[[4, 1, 2, 3, 2, 2, 1], [2, 3, 2, 2, 1, 2, 1, 2], [2, 2, 2, 4, 5], [4, 2, 2, 2, 2, 3]]",26,251,1350,0.8140740740740741,0.0035805,20,49.36666666666667,2962,252.2,15132,600.0,12,OPTIMAL,2.3666666666666667,142.0,142.0,0.0,0.04538702964782715,0.010744722560048103,0.0562129714829855,1.0,0.002844095230102539,4,OPTIMAL,1.9166666666666667,0.0,1.6867480278015137,1.9166666666666667,uniform_600s,2.3666666666666667,2.3666666666666667,0.44999999999999996,True,251.75,True,True,True
N60_lambda0p5_rep000_seed2229073368444265706,2229073368444265706,0,60,4,"[15, 15, 15, 15]","[[10, 11, 15, 18, 31, 38, 39, 48, 53, 56, 66, 69, 89, 90, 100], [20, 22, 62, 64, 64, 107, 112, 125, 128, 140, 154, 157, 168, 175, 175], [46, 47, 57, 59, 66, 66, 75, 77, 77, 80, 99, 103, 105, 106, 112], [4, 8, 9, 11, 31, 34, 42, 48, 58, 63, 71, 74, 85, 90, 93]]",0.5,0.5,0.5,0.125,1,3,PP,uniform_600s,8,8,2,2,"[[2, 2, 2, 1, 2, 1, 2, 2, 1], [2, 2, 1, 2, 2, 1, 2, 2, 1], [2, 2, 2, 2, 2, 2, 2, 1], [2, 2, 2, 2, 2, 2, 2, 1]]",34,433,1350,0.6792592592592592,0.0036105,20,49.0,2940,204.5,12270,600.0,12,OPTIMAL,2.2666666666666666,136.0,136.0,0.0,0.15666890144348145,0.014707483351230621,0.17145129735102463,177.0,0.0003540515899658203,6,OPTIMAL,1.9166666666666667,0.0,1.6867480278015137,1.9166666666666667,uniform_600s,3.45,2.2666666666666666,0.34999999999999987,True,204.15,True,True,True
N60_lambda0p5_rep000_seed2229073368444265706,2229073368444265706,0,60,4,"[15, 15, 15, 15]","[[10, 11, 15, 18, 31, 38, 39, 48, 53, 56, 66, 69, 89, 90, 100], [20, 22, 62, 64, 64, 107, 112, 125, 128, 140, 154, 157, 168, 175, 175], [46, 47, 57, 59, 66, 66, 75, 77, 77, 80, 99, 103, 105, 106, 112], [4, 8, 9, 11, 31, 34, 42, 48, 58, 63, 71, 74, 85, 90, 93]]",0.5,0.5,0.5,0.125,1,3,PP,uniform_600s,8,8,4,4,"[[4, 3, 3, 2, 2, 1], [2, 3, 2, 2, 1, 2, 3], [2, 4, 4, 4, 1], [4, 4, 4, 3]]",22,179,1350,0.8674074074074074,0.003265,20,73.2,4392,306.75,18405,600.0,12,OPTIMAL,3.3333333333333335,200.0,200.0,0.0,0.05354595184326172,0.008805811405181885,0.06242493704618454,42.0,0.002017974853515625,7,OPTIMAL,1.9166666666666667,0.0,1.6867480278015137,1.9166666666666667,uniform_600s,3.45,3.3333333333333335,1.4166666666666667,True,305.3333333333333,True,True,True
N60_lambda0p5_rep000_seed2229073368444265706,2229073368444265706,0,60,4,"[15, 15, 15, 15]","[[10, 11, 15, 18, 31, 38, 39, 48, 53, 56, 66, 69, 89, 90, 100], [20, 22, 62, 64, 64, 107, 112, 125, 128, 140, 154, 157, 168, 175, 175], [46, 47, 57, 59, 66, 66, 75, 77, 77, 80, 99, 103, 105, 106, 112], [4, 8, 9, 11, 31, 34, 42, 48, 58, 63, 71, 74, 85, 90, 93]]",0.5,0.5,0.5,0.125,1,3,PP,uniform_600s,8,8,6,6,"[[4, 3, 3, 2, 2, 1], [2, 3, 2, 2, 1, 2, 3], [2, 4, 4, 5], [4, 4, 4, 3]]",21,162,1350,0.88,0.00341,20,76.96666666666667,4618,340.8333333333333,20450,600.0,12,OPTIMAL,3.45,207.0,207.0,0.0,0.039103031158447266,0.008548392914235592,0.04773052917757988,1.0,0.0019490718841552734,8,OPTIMAL,1.9166666666666667,0.0,1.6867480278015137,1.9166666666666667,uniform_600s,3.45,3.45,1.5333333333333334,True,339.29999999999995,True,True,True
N60_lambda0p5_rep000_seed2229073368444265706,2229073368444265706,0,60,4,"[15, 15, 15, 15]","[[10, 11, 15, 18, 31, 38, 39, 48, 53, 56, 66, 69, 89, 90, 100], [20, 22, 62, 64, 64, 107, 112, 125, 128, 140, 154, 157, 168, 175, 175], [46, 47, 57, 59, 66, 66, 75, 77, 77, 80, 99, 103, 105, 106, 112], [4, 8, 9, 11, 31, 34, 42, 48, 58, 63, 71, 74, 85, 90, 93]]",0.5,0.5,0.5,0.125,1,3,PP,uniform_600s,8,8,8,8,"[[4, 3, 3, 2, 2, 1], [2, 3, 2, 2, 1, 2, 3], [2, 4, 4, 5], [4, 4, 4, 3]]",21,162,1350,0.88,0.0034205,20,76.96666666666667,4618,354.46666666666664,21268,600.0,12,OPTIMAL,3.45,207.0,207.0,0.0,0.03626298904418945,0.008503244258463383,0.04484050044222641,1.0,0.0019009113311767578,8,OPTIMAL,1.9166666666666667,0.0,1.6867480278015137,1.9166666666666667,uniform_600s,3.45,3.45,1.5333333333333334,True,352.9333333333333,True,True,True
N60_lambda0p5_rep001_seed8974981337908276036,8974981337908276036,1,60,4,"[15, 15, 15, 15]","[[1, 4, 18, 19, 29, 39, 41, 52, 55, 58, 61, 65, 75, 96, 106], [10, 47, 55, 58, 61, 104, 117, 123, 125, 137, 148, 156, 157, 158, 172], [2, 32, 37, 42, 54, 64, 74, 84, 86, 88, 96, 109, 111, 115, 127], [8, 34, 50, 51, 54, 63, 84, 94, 97, 100, 120, 123, 128, 129, 131]]",0.5,0.5,0.5,0.125,1,3,PP,uniform_600s,2,2,2,2,"[[1, 1, 2, 1, 2, 1, 1, 1, 1, 1, 1, 1, 1], [1, 1, 1, 1, 1, 1, 1, 2, 1, 1, 2, 1, 1], [1, 1, 1, 1, 1, 1, 1, 2, 1, 1, 2, 1, 1], [1, 1, 2, 1, 1, 1, 1, 1, 1, 1, 1, 2, 1]]",52,1014,1350,0.24888888888888894,0.0057885,20,3.1666666666666665,190,27.5,1650,600.0,12,OPTIMAL,2.3333333333333335,140.0,140.0,0.0,5.552671194076538,0.04473078902810812,5.597535690622915,30208.0,0.01894521713256836,10,OPTIMAL,2.3333333333333335,0.0,8.093331098556519,2.3333333333333335,uniform_600s,2.3333333333333335,2.3333333333333335,0.0,True,27.5,True,True,True
N60_lambda0p5_rep001_seed8974981337908276036,8974981337908276036,1,60,4,"[15, 15, 15, 15]","[[1, 4, 18, 19, 29, 39, 41, 52, 55, 58, 61, 65, 75, 96, 106], [10, 47, 55, 58, 61, 104, 117, 123, 125, 137, 148, 156, 157, 158, 172], [2, 32, 37, 42, 54, 64, 74, 84, 86, 88, 96, 109, 111, 115, 127], [8, 34, 50, 51, 54, 63, 84, 94, 97, 100, 120, 123, 128, 129, 131]]",0.5,0.5,0.5,0.125,1,3,PP,uniform_600s,2,2,4,4,"[[1, 1, 2, 1, 2, 1, 1, 1, 1, 1, 1, 1, 1], [1, 1, 1, 1, 1, 1, 1, 2, 1, 1, 3, 1], [1, 1, 1, 1, 1, 1, 1, 3, 1, 2, 1, 1], [1, 1, 2, 1, 1, 1, 1, 1, 1, 1, 1, 3]]",49,900,1350,0.33333333333333337,0.003781,20,4.65,279,41.25,2475,600.0,12,OPTIMAL,2.3333333333333335,140.0,140.0,0.0,5.592162132263184,0.026560992002487183,5.618808574804884,19610.0,0.010365962982177734,10,OPTIMAL,2.3333333333333335,0.0,8.093331098556519,2.3333333333333335,uniform_600s,2.3333333333333335,2.3333333333333335,0.0,True,41.25,True,True,True
N60_lambda0p5_rep001_seed8974981337908276036,8974981337908276036,1,60,4,"[15, 15, 15, 15]","[[1, 4, 18, 19, 29, 39, 41, 52, 55, 58, 61, 65, 75, 96, 106], [10, 47, 55, 58, 61, 104, 117, 123, 125, 137, 148, 156, 157, 158, 172], [2, 32, 37, 42, 54, 64, 74, 84, 86, 88, 96, 109, 111, 115, 127], [8, 34, 50, 51, 54, 63, 84, 94, 97, 100, 120, 123, 128, 129, 131]]",0.5,0.5,0.5,0.125,1,3,PP,uniform_600s,2,2,6,6,"[[1, 1, 2, 1, 2, 1, 1, 1, 1, 1, 1, 1, 1], [1, 1, 1, 1, 1, 1, 1, 2, 1, 1, 3, 1], [1, 1, 1, 1, 1, 1, 1, 3, 1, 2, 1, 1], [1, 1, 2, 1, 1, 1, 1, 1, 1, 1, 1, 3]]",49,900,1350,0.33333333333333337,0.0039055,20,4.65,279,45.833333333333336,2750,600.0,12,OPTIMAL,2.3333333333333335,140.0,140.0,0.0,5.457932949066162,0.02668989636003971,5.484720980281656,19610.0,0.010680913925170898,10,OPTIMAL,2.3333333333333335,0.0,8.093331098556519,2.3333333333333335,uniform_600s,2.3333333333333335,2.3333333333333335,0.0,True,45.833333333333336,True,True,True
N60_lambda0p5_rep001_seed8974981337908276036,8974981337908276036,1,60,4,"[15, 15, 15, 15]","[[1, 4, 18, 19, 29, 39, 41, 52, 55, 58, 61, 65, 75, 96, 106], [10, 47, 55, 58, 61, 104, 117, 123, 125, 137, 148, 156, 157, 158, 172], [2, 32, 37, 42, 54, 64, 74, 84, 86, 88, 96, 109, 111, 115, 127], [8, 34, 50, 51, 54, 63, 84, 94, 97, 100, 120, 123, 128, 129, 131]]",0.5,0.5,0.5,0.125,1,3,PP,uniform_600s,2,2,8,8,"[[1, 1, 2, 1, 2, 1, 1, 1, 1, 1, 1, 1, 1], [1, 1, 1, 1, 1, 1, 1, 2, 1, 1, 3, 1], [1, 1, 1, 1, 1, 1, 1, 3, 1, 2, 1, 1], [1, 1, 2, 1, 1, 1, 1, 1, 1, 1, 1, 3]]",49,900,1350,0.33333333333333337,0.003916,20,4.65,279,47.666666666666664,2860,600.0,12,OPTIMAL,2.3333333333333335,140.0,140.0,0.0,4.988877058029175,0.02642702031880617,5.015401114498249,19610.0,0.010966062545776367,10,OPTIMAL,2.3333333333333335,0.0,8.093331098556519,2.3333333333333335,uniform_600s,2.3333333333333335,2.3333333333333335,0.0,True,47.666666666666664,True,True,True
N60_lambda0p5_rep001_seed8974981337908276036,8974981337908276036,1,60,4,"[15, 15, 15, 15]","[[1, 4, 18, 19, 29, 39, 41, 52, 55, 58, 61, 65, 75, 96, 106], [10, 47, 55, 58, 61, 104, 117, 123, 125, 137, 148, 156, 157, 158, 172], [2, 32, 37, 42, 54, 64, 74, 84, 86, 88, 96, 109, 111, 115, 127], [8, 34, 50, 51, 54, 63, 84, 94, 97, 100, 120, 123, 128, 129, 131]]",0.5,0.5,0.5,0.125,1,3,PP,uniform_600s,4,4,2,2,"[[2, 2, 1, 2, 2, 2, 1, 1, 1, 1], [1, 1, 2, 1, 1, 1, 2, 1, 1, 2, 1, 1], [1, 1, 1, 1, 1, 1, 1, 2, 1, 1, 2, 1, 1], [1, 1, 2, 1, 1, 1, 2, 1, 2, 2, 1]]",46,791,1350,0.41407407407407404,0.0094945,20,13.4,804,86.5,5190,600.0,12,OPTIMAL,2.466666666666667,148.0,148.0,0.0,1.975222110748291,0.023027471266686916,1.998338092716176,9112.0,0.008973121643066406,10,OPTIMAL,2.3333333333333335,0.0,8.093331098556519,2.3333333333333335,uniform_600s,2.566666666666667,2.466666666666667,0.1333333333333333,True,86.36666666666666,True,True,True
N60_lambda0p5_rep001_seed8974981337908276036,8974981337908276036,1,60,4,"[15, 15, 15, 15]","[[1, 4, 18, 19, 29, 39, 41, 52, 55, 58, 61, 65, 75, 96, 106], [10, 47, 55, 58, 61, 104, 117, 123, 125, 137, 148, 156, 157, 158, 172], [2, 32, 37, 42, 54, 64, 74, 84, 86, 88, 96, 109, 111, 115, 127], [8, 34, 50, 51, 54, 63, 84, 94, 97, 100, 120, 123, 128, 129, 131]]",0.5,0.5,0.5,0.125,1,3,PP,uniform_600s,4,4,4,4,"[[2, 2, 1, 2, 4, 1, 1, 1, 1], [1, 1, 3, 1, 1, 2, 1, 1, 3, 1], [1, 1, 1, 1, 1, 1, 1, 3, 1, 3, 1], [1, 1, 3, 1, 1, 3, 2, 3]]",38,539,1350,0.6007407407407408,0.008548,20,24.033333333333335,1442,129.75,7785,600.0,12,OPTIMAL,2.5,150.0,150.0,0.0,0.3099360466003418,0.016203544102609158,0.3262119966979246,1434.0,0.006079196929931641,6,OPTIMAL,2.3333333333333335,0.0,8.093331098556519,2.3333333333333335,uniform_600s,2.566666666666667,2.5,0.16666666666666652,True,129.58333333333334,True,True,True
N60_lambda0p5_rep001_seed8974981337908276036,8974981337908276036,1,60,4,"[15, 15, 15, 15]","[[1, 4, 18, 19, 29, 39, 41, 52, 55, 58, 61, 65, 75, 96, 106], [10, 47, 55, 58, 61, 104, 117, 123, 125, 137, 148, 156, 157, 158, 172], [2, 32, 37, 42, 54, 64, 74, 84, 86, 88, 96, 109, 111, 115, 127], [8, 34, 50, 51, 54, 63, 84, 94, 97, 100, 120, 123, 128, 129, 131]]",0.5,0.5,0.5,0.125,1,3,PP,uniform_600s,4,4,6,6,"[[2, 2, 1, 2, 5, 1, 1, 1], [1, 1, 3, 1, 1, 2, 1, 1, 3, 1], [1, 1, 1, 1, 1, 1, 1, 3, 1, 3, 1], [1, 1, 3, 1, 1, 3, 2, 3]]",37,510,1350,0.6222222222222222,0.0035955,20,26.416666666666668,1585,144.16666666666666,8650,600.0,12,OPTIMAL,2.566666666666667,154.0,154.0,0.0,0.18734407424926758,0.01650894619524479,0.20392680507034827,359.0,0.005952119827270508,4,OPTIMAL,2.3333333333333335,0.0,8.093331098556519,2.3333333333333335,uniform_600s,2.566666666666667,2.566666666666667,0.2333333333333334,True,143.93333333333334,True,True,True
N60_lambda0p5_rep001_seed8974981337908276036,8974981337908276036,1,60,4,"[15, 15, 15, 15]","[[1, 4, 18, 19, 29, 39, 41, 52, 55, 58, 61, 65, 75, 96, 106], [10, 47, 55, 58, 61, 104, 117, 123, 125, 137, 148, 156, 157, 158, 172], [2, 32, 37, 42, 54, 64, 74, 84, 86, 88, 96, 109, 111, 115, 127], [8, 34, 50, 51, 54, 63, 84, 94, 97, 100, 120, 123, 128, 129, 131]]",0.5,0.5,0.5,0.125,1,3,PP,uniform_600s,4,4,8,8,"[[2, 2, 1, 2, 5, 1, 1, 1], [1, 1, 3, 1, 1, 2, 1, 1, 3, 1], [1, 1, 1, 1, 1, 1, 1, 3, 1, 3, 1], [1, 1, 3, 1, 1, 3, 2, 3]]",37,510,1350,0.6222222222222222,0.00356,20,26.416666666666668,1585,149.93333333333334,8996,600.0,12,OPTIMAL,2.566666666666667,154.0,154.0,0.0,0.228471040725708,0.016009430401027203,0.2445526323475814,359.0,0.0058290958404541016,4,OPTIMAL,2.3333333333333335,0.0,8.093331098556519,2.3333333333333335,uniform_600s,2.566666666666667,2.566666666666667,0.2333333333333334,True,149.70000000000002,True,True,True
N60_lambda0p5_rep001_seed8974981337908276036,8974981337908276036,1,60,4,"[15, 15, 15, 15]","[[1, 4, 18, 19, 29, 39, 41, 52, 55, 58, 61, 65, 75, 96, 106], [10, 47, 55, 58, 61, 104, 117, 123, 125, 137, 148, 156, 157, 158, 172], [2, 32, 37, 42, 54, 64, 74, 84, 86, 88, 96, 109, 111, 115, 127], [8, 34, 50, 51, 54, 63, 84, 94, 97, 100, 120, 123, 128, 129, 131]]",0.5,0.5,0.5,0.125,1,3,PP,uniform_600s,6,6,2,2,"[[2, 2, 1, 2, 2, 2, 1, 1, 1, 1], [1, 1, 2, 1, 1, 2, 1, 1, 1, 2, 1, 1], [1, 2, 1, 1, 1, 1, 2, 1, 1, 2, 1, 1], [1, 1, 2, 1, 1, 1, 2, 1, 2, 2, 1]]",45,758,1350,0.43851851851851853,0.009424,20,20.75,1245,145.5,8730,600.0,12,OPTIMAL,2.6666666666666665,160.0,160.0,0.0,3.7881908416748047,0.02193527016788721,3.810200691170012,14785.0,0.00831294059753418,10,OPTIMAL,2.3333333333333335,0.0,8.093331098556519,2.3333333333333335,uniform_600s,2.9,2.6666666666666665,0.33333333333333304,True,145.16666666666666,True,True,True
N60_lambda0p5_rep001_seed8974981337908276036,8974981337908276036,1,60,4,"[15, 15, 15, 15]","[[1, 4, 18, 19, 29, 39, 41, 52, 55, 58, 61, 65, 75, 96, 106], [10, 47, 55, 58, 61, 104, 117, 123, 125, 137, 148, 156, 157, 158, 172], [2, 32, 37, 42, 54, 64, 74, 84, 86, 88, 96, 109, 111, 115, 127], [8, 34, 50, 51, 54, 63, 84, 94, 97, 100, 120, 123, 128, 129, 131]]",0.5,0.5,0.5,0.125,1,3,PP,uniform_600s,6,6,4,4,"[[2, 2, 1, 2, 4, 1, 1, 1, 1], [1, 1, 3, 1, 3, 1, 1, 3, 1], [1, 3, 1, 1, 1, 3, 1, 3, 1], [1, 1, 3, 1, 1, 3, 4, 1]]",35,459,1350,0.6599999999999999,0.0035955,20,38.35,2301,218.25,13095,600.0,12,OPTIMAL,2.8333333333333335,170.0,170.0,0.0,0.20451998710632324,0.014742106199264526,0.21933257359892894,652.0,0.0049169063568115234,7,OPTIMAL,2.3333333333333335,0.0,8.093331098556519,2.3333333333333335,uniform_600s,2.9,2.8333333333333335,0.5,True,217.75,True,True,True
N60_lambda0p5_rep001_seed8974981337908276036,8974981337908276036,1,60,4,"[15, 15, 15, 15]","[[1, 4, 18, 19, 29, 39, 41, 52, 55, 58, 61, 65, 75, 96, 106], [10, 47, 55, 58, 61, 104, 117, 123, 125, 137, 148, 156, 157, 158, 172], [2, 32, 37, 42, 54, 64, 74, 84, 86, 88, 96, 109, 111, 115, 127], [8, 34, 50, 51, 54, 63, 84, 94, 97, 100, 120, 123, 128, 129, 131]]",0.5,0.5,0.5,0.125,1,3,PP,uniform_600s,6,6,6,6,"[[2, 2, 1, 2, 5, 1, 1, 1], [1, 1, 3, 1, 3, 1, 1, 3, 1], [1, 3, 1, 1, 1, 3, 1, 3, 1], [1, 1, 3, 1, 1, 3, 5]]",33,407,1350,0.6985185185185185,0.0034805,20,41.43333333333333,2486,242.5,14550,600.0,12,OPTIMAL,2.9,174.0,174.0,0.0,0.1330420970916748,0.014286356046795845,0.14739075410963823,305.0,0.004642009735107422,8,OPTIMAL,2.3333333333333335,0.0,8.093331098556519,2.3333333333333335,uniform_600s,2.9,2.9,0.5666666666666664,True,241.93333333333334,True,True,True
N60_lambda0p5_rep001_seed8974981337908276036,8974981337908276036,1,60,4,"[15, 15, 15, 15]","[[1, 4, 18, 19, 29, 39, 41, 52, 55, 58, 61, 65, 75, 96, 106], [10, 47, 55, 58, 61, 104, 117, 123, 125, 137, 148, 156, 157, 158, 172], [2, 32, 37, 42, 54, 64, 74, 84, 86, 88, 96, 109, 111, 115, 127], [8, 34, 50, 51, 54, 63, 84, 94, 97, 100, 120, 123, 128, 129, 131]]",0.5,0.5,0.5,0.125,1,3,PP,uniform_600s,6,6,8,8,"[[2, 2, 1, 2, 5, 1, 1, 1], [1, 1, 3, 1, 3, 1, 1, 3, 1], [1, 3, 1, 1, 1, 3, 1, 3, 1], [1, 1, 3, 1, 1, 3, 5]]",33,407,1350,0.6985185185185185,0.003796,20,41.43333333333333,2486,252.2,15132,600.0,12,OPTIMAL,2.9,174.0,174.0,0.0,0.13556289672851562,0.01416687574237585,0.1498022153265438,305.0,0.004678964614868164,8,OPTIMAL,2.3333333333333335,0.0,8.093331098556519,2.3333333333333335,uniform_600s,2.9,2.9,0.5666666666666664,True,251.63333333333333,True,True,True
N60_lambda0p5_rep001_seed8974981337908276036,8974981337908276036,1,60,4,"[15, 15, 15, 15]","[[1, 4, 18, 19, 29, 39, 41, 52, 55, 58, 61, 65, 75, 96, 106], [10, 47, 55, 58, 61, 104, 117, 123, 125, 137, 148, 156, 157, 158, 172], [2, 32, 37, 42, 54, 64, 74, 84, 86, 88, 96, 109, 111, 115, 127], [8, 34, 50, 51, 54, 63, 84, 94, 97, 100, 120, 123, 128, 129, 131]]",0.5,0.5,0.5,0.125,1,3,PP,uniform_600s,8,8,2,2,"[[2, 2, 1, 2, 2, 2, 1, 1, 1, 1], [1, 2, 2, 1, 2, 1, 1, 2, 2, 1], [1, 2, 1, 1, 1, 1, 2, 2, 2, 1, 1], [1, 1, 2, 1, 1, 1, 2, 1, 2, 2, 1]]",42,661,1350,0.5103703703703704,0.003515,20,38.833333333333336,2330,204.5,12270,600.0,12,OPTIMAL,2.7666666666666666,166.0,166.0,0.0,1.6891028881072998,0.018999701365828514,1.7081686148443365,7684.0,0.007019996643066406,10,OPTIMAL,2.3333333333333335,0.0,8.093331098556519,2.3333333333333335,uniform_600s,3.05,2.7666666666666666,0.4333333333333331,True,204.06666666666666,True,True,True
N60_lambda0p5_rep001_seed8974981337908276036,8974981337908276036,1,60,4,"[15, 15, 15, 15]","[[1, 4, 18, 19, 29, 39, 41, 52, 55, 58, 61, 65, 75, 96, 106], [10, 47, 55, 58, 61, 104, 117, 123, 125, 137, 148, 156, 157, 158, 172], [2, 32, 37, 42, 54, 64, 74, 84, 86, 88, 96, 109, 111, 115, 127], [8, 34, 50, 51, 54, 63, 84, 94, 97, 100, 120, 123, 128, 129, 131]]",0.5,0.5,0.5,0.125,1,3,PP,uniform_600s,8,8,4,4,"[[2, 2, 1, 2, 4, 1, 1, 1, 1], [1, 4, 1, 3, 1, 4, 1], [1, 3, 1, 1, 1, 4, 3, 1], [1, 1, 3, 1, 1, 3, 4, 1]]",32,383,1350,0.7162962962962963,0.003435,20,56.46666666666667,3388,306.75,18405,600.0,12,OPTIMAL,3.05,183.0,183.0,0.0,0.1556229591369629,0.017868652008473873,0.17356677009087562,130.0,0.004448890686035156,8,OPTIMAL,2.3333333333333335,0.0,8.093331098556519,2.3333333333333335,uniform_600s,3.05,3.05,0.7166666666666663,True,306.03333333333336,True,True,True
N60_lambda0p5_rep001_seed8974981337908276036,8974981337908276036,1,60,4,"[15, 15, 15, 15]","[[1, 4, 18, 19, 29, 39, 41, 52, 55, 58, 61, 65, 75, 96, 106], [10, 47, 55, 58, 61, 104, 117, 123, 125, 137, 148, 156, 157, 158, 172], [2, 32, 37, 42, 54, 64, 74, 84, 86, 88, 96, 109, 111, 115, 127], [8, 34, 50, 51, 54, 63, 84, 94, 97, 100, 120, 123, 128, 129, 131]]",0.5,0.5,0.5,0.125,1,3,PP,uniform_600s,8,8,6,6,"[[2, 2, 1, 2, 5, 1, 1, 1], [1, 4, 1, 3, 1, 4, 1], [1, 3, 1, 1, 1, 4, 3, 1], [1, 1, 3, 1, 1, 3, 5]]",30,337,1350,0.7503703703703704,0.0035555,20,59.55,3573,340.8333333333333,20450,600.0,12,OPTIMAL,3.05,183.0,183.0,0.0,0.09439897537231445,0.01276674959808588,0.10723473661491204,57.0,0.0038118362426757812,6,OPTIMAL,2.3333333333333335,0.0,8.093331098556519,2.3333333333333335,uniform_600s,3.05,3.05,0.7166666666666663,True,340.1166666666667,True,True,True
N60_lambda0p5_rep001_seed8974981337908276036,8974981337908276036,1,60,4,"[15, 15, 15, 15]","[[1, 4, 18, 19, 29, 39, 41, 52, 55, 58, 61, 65, 75, 96, 106], [10, 47, 55, 58, 61, 104, 117, 123, 125, 137, 148, 156, 157, 158, 172], [2, 32, 37, 42, 54, 64, 74, 84, 86, 88, 96, 109, 111, 115, 127], [8, 34, 50, 51, 54, 63, 84, 94, 97, 100, 120, 123, 128, 129, 131]]",0.5,0.5,0.5,0.125,1,3,PP,uniform_600s,8,8,8,8,"[[2, 2, 1, 2, 5, 1, 1, 1], [1, 4, 1, 3, 1, 4, 1], [1, 3, 1, 1, 1, 4, 3, 1], [1, 1, 3, 1, 1, 3, 5]]",30,337,1350,0.7503703703703704,0.003565,20,59.55,3573,354.46666666666664,21268,600.0,12,OPTIMAL,3.05,183.0,183.0,0.0,0.0986778736114502,0.012855452485382557,0.11159550760835647,57.0,0.0035729408264160156,6,OPTIMAL,2.3333333333333335,0.0,8.093331098556519,2.3333333333333335,uniform_600s,3.05,3.05,0.7166666666666663,True,353.75,True,True,True
N60_lambda0p5_rep003_seed12351041049546725101,12351041049546725101,3,60,4,"[15, 15, 15, 15]","[[10, 31, 51, 76, 83, 87, 102, 107, 113, 122, 133, 135, 138, 143, 151], [11, 12, 15, 29, 38, 46, 50, 52, 56, 59, 72, 77, 78, 93, 103], [6, 16, 20, 22, 49, 51, 54, 58, 59, 66, 80, 82, 98, 115, 115], [6, 18, 22, 38, 41, 41, 44, 45, 69, 108, 109, 110, 114, 117, 135]]",0.5,0.5,0.5,0.125,1,3,PP,uniform_600s,2,2,2,2,"[[1, 1, 1, 1, 1, 1, 1, 1, 1, 1, 2, 1, 1, 1], [2, 1, 1, 1, 1, 2, 1, 1, 1, 2, 1, 1], [1, 1, 2, 2, 1, 2, 1, 2, 1, 2], [1, 1, 1, 1, 2, 2, 1, 2, 1, 1, 1, 1]]",48,860,1350,0.36296296296296293,0.0063295,20,4.05,243,27.5,1650,600.0,12,OPTIMAL,2.25,135.0,135.0,0.0,2.308789014816284,0.028448116034269333,2.3373390419863864,8904.0,0.010895013809204102,10,OPTIMAL,2.25,0.0,6.0311119556427,2.25,uniform_600s,2.25,2.25,0.0,True,27.5,True,True,True
N60_lambda0p5_rep003_seed12351041049546725101,12351041049546725101,3,60,4,"[15, 15, 15, 15]","[[10, 31, 51, 76, 83, 87, 102, 107, 113, 122, 133, 135, 138, 143, 151], [11, 12, 15, 29, 38, 46, 50, 52, 56, 59, 72, 77, 78, 93, 103], [6, 16, 20, 22, 49, 51, 54, 58, 59, 66, 80, 82, 98, 115, 115], [6, 18, 22, 38, 41, 41, 44, 45, 69, 108, 109, 110, 114, 117, 135]]",0.5,0.5,0.5,0.125,1,3,PP,uniform_600s,2,2,4,4,"[[1, 1, 1, 1, 1, 1, 1, 1, 1, 1, 2, 1, 1, 1], [2, 1, 1, 1, 1, 2, 1, 1, 1, 2, 1, 1], [1, 1, 2, 2, 1, 2, 1, 2, 1, 2], [1, 1, 1, 1, 2, 2, 1, 3, 1, 1, 1]]",47,824,1350,0.38962962962962966,0.004026,20,4.05,243,41.25,2475,600.0,12,OPTIMAL,2.2499999440068525,134.99999664041115,134.99999664041115,0.0,2.5291190147399902,0.024905918166041374,2.5541236148072253,9518.0,0.010035991668701172,10,OPTIMAL,2.25,0.0,6.0311119556427,2.25,uniform_600s,2.25,2.25,0.0,True,41.25,True,True,True
N60_lambda0p5_rep003_seed12351041049546725101,12351041049546725101,3,60,4,"[15, 15, 15, 15]","[[10, 31, 51, 76, 83, 87, 102, 107, 113, 122, 133, 135, 138, 143, 151], [11, 12, 15, 29, 38, 46, 50, 52, 56, 59, 72, 77, 78, 93, 103], [6, 16, 20, 22, 49, 51, 54, 58, 59, 66, 80, 82, 98, 115, 115], [6, 18, 22, 38, 41, 41, 44, 45, 69, 108, 109, 110, 114, 117, 135]]",0.5,0.5,0.5,0.125,1,3,PP,uniform_600s,2,2,6,6,"[[1, 1, 1, 1, 1, 1, 1, 1, 1, 1, 2, 1, 1, 1], [2, 1, 1, 1, 1, 2, 1, 1, 1, 2, 1, 1], [1, 1, 2, 2, 1, 2, 1, 2, 1, 2], [1, 1, 1, 1, 2, 2, 1, 3, 1, 1, 1]]",47,824,1350,0.38962962962962966,0.009024,20,4.05,243,45.833333333333336,2750,600.0,12,OPTIMAL,2.2499999440068525,134.99999664041115,134.99999664041115,0.0,2.4643940925598145,0.031030231155455112,2.495530539607834,9518.0,0.010019063949584961,10,OPTIMAL,2.25,0.0,6.0311119556427,2.25,uniform_600s,2.25,2.25,0.0,True,45.833333333333336,True,True,True
N60_lambda0p5_rep003_seed12351041049546725101,12351041049546725101,3,60,4,"[15, 15, 15, 15]","[[10, 31, 51, 76, 83, 87, 102, 107, 113, 122, 133, 135, 138, 143, 151], [11, 12, 15, 29, 38, 46, 50, 52, 56, 59, 72, 77, 78, 93, 103], [6, 16, 20, 22, 49, 51, 54, 58, 59, 66, 80, 82, 98, 115, 115], [6, 18, 22, 38, 41, 41, 44, 45, 69, 108, 109, 110, 114, 117, 135]]",0.5,0.5,0.5,0.125,1,3,PP,uniform_600s,2,2,8,8,"[[1, 1, 1, 1, 1, 1, 1, 1, 1, 1, 2, 1, 1, 1], [2, 1, 1, 1, 1, 2, 1, 1, 1, 2, 1, 1], [1, 1, 2, 2, 1, 2, 1, 2, 1, 2], [1, 1, 1, 1, 2, 2, 1, 3, 1, 1, 1]]",47,824,1350,0.38962962962962966,0.0038805,20,4.05,243,47.666666666666664,2860,600.0,12,OPTIMAL,2.2499999440068525,134.99999664041115,134.99999664041115,0.0,2.2594668865203857,0.025832018814980984,2.2853957159958296,9518.0,0.010210990905761719,10,OPTIMAL,2.25,0.0,6.0311119556427,2.25,uniform_600s,2.25,2.25,0.0,True,47.666666666666664,True,True,True
N60_lambda0p5_rep003_seed12351041049546725101,12351041049546725101,3,60,4,"[15, 15, 15, 15]","[[10, 31, 51, 76, 83, 87, 102, 107, 113, 122, 133, 135, 138, 143, 151], [11, 12, 15, 29, 38, 46, 50, 52, 56, 59, 72, 77, 78, 93, 103], [6, 16, 20, 22, 49, 51, 54, 58, 59, 66, 80, 82, 98, 115, 115], [6, 18, 22, 38, 41, 41, 44, 45, 69, 108, 109, 110, 114, 117, 135]]",0.5,0.5,0.5,0.125,1,3,PP,uniform_600s,4,4,2,2,"[[1, 1, 1, 1, 2, 1, 1, 1, 1, 2, 1, 1, 1], [2, 1, 1, 1, 2, 2, 1, 1, 2, 1, 1], [1, 2, 1, 2, 2, 1, 1, 2, 1, 2], [1, 2, 2, 2, 1, 1, 2, 2, 1, 1]]",44,723,1350,0.46444444444444444,0.0037205,20,24.316666666666666,1459,86.5,5190,600.0,12,OPTIMAL,2.35,141.0,141.0,0.0,0.6055529117584229,0.021333125419914722,0.6269608604316191,2245.0,0.008504867553710938,10,OPTIMAL,2.25,0.0,6.0311119556427,2.25,uniform_600s,2.7,2.35,0.10000000000000009,True,86.4,True,True,True
N60_lambda0p5_rep003_seed12351041049546725101,12351041049546725101,3,60,4,"[15, 15, 15, 15]","[[10, 31, 51, 76, 83, 87, 102, 107, 113, 122, 133, 135, 138, 143, 151], [11, 12, 15, 29, 38, 46, 50, 52, 56, 59, 72, 77, 78, 93, 103], [6, 16, 20, 22, 49, 51, 54, 58, 59, 66, 80, 82, 98, 115, 115], [6, 18, 22, 38, 41, 41, 44, 45, 69, 108, 109, 110, 114, 117, 135]]",0.5,0.5,0.5,0.125,1,3,PP,uniform_600s,4,4,4,4,"[[1, 1, 1, 1, 2, 1, 1, 1, 1, 3, 1, 1], [3, 1, 1, 4, 1, 1, 2, 1, 1], [1, 3, 4, 1, 1, 2, 1, 2], [1, 2, 4, 1, 1, 4, 1, 1]]",37,508,1350,0.6237037037037036,0.005579,20,31.15,1869,129.75,7785,600.0,12,OPTIMAL,2.6333333333333333,158.0,158.0,0.0,0.31110501289367676,0.018875015899538994,0.3300587361730971,912.0,0.005672931671142578,10,OPTIMAL,2.25,0.0,6.0311119556427,2.25,uniform_600s,2.7,2.6333333333333333,0.3833333333333333,True,129.36666666666667,True,True,True
N60_lambda0p5_rep003_seed12351041049546725101,12351041049546725101,3,60,4,"[15, 15, 15, 15]","[[10, 31, 51, 76, 83, 87, 102, 107, 113, 122, 133, 135, 138, 143, 151], [11, 12, 15, 29, 38, 46, 50, 52, 56, 59, 72, 77, 78, 93, 103], [6, 16, 20, 22, 49, 51, 54, 58, 59, 66, 80, 82, 98, 115, 115], [6, 18, 22, 38, 41, 41, 44, 45, 69, 108, 109, 110, 114, 117, 135]]",0.5,0.5,0.5,0.125,1,3,PP,uniform_600s,4,4,6,6,"[[1, 1, 1, 1, 2, 1, 1, 1, 1, 3, 1, 1], [3, 1, 1, 5, 1, 2, 1, 1], [1, 3, 5, 1, 2, 1, 2], [1, 2, 5, 1, 5, 1]]",33,398,1350,0.7051851851851851,0.003671,20,34.28333333333333,2057,144.16666666666666,8650,600.0,12,OPTIMAL,2.7,162.0,162.0,0.0,0.08430314064025879,0.014100114814937115,0.09847075464784717,1.0,0.004472017288208008,9,OPTIMAL,2.25,0.0,6.0311119556427,2.25,uniform_600s,2.7,2.7,0.4500000000000002,True,143.71666666666667,True,True,True
N60_lambda0p5_rep003_seed12351041049546725101,12351041049546725101,3,60,4,"[15, 15, 15, 15]","[[10, 31, 51, 76, 83, 87, 102, 107, 113, 122, 133, 135, 138, 143, 151], [11, 12, 15, 29, 38, 46, 50, 52, 56, 59, 72, 77, 78, 93, 103], [6, 16, 20, 22, 49, 51, 54, 58, 59, 66, 80, 82, 98, 115, 115], [6, 18, 22, 38, 41, 41, 44, 45, 69, 108, 109, 110, 114, 117, 135]]",0.5,0.5,0.5,0.125,1,3,PP,uniform_600s,4,4,8,8,"[[1, 1, 1, 1, 2, 1, 1, 1, 1, 3, 1, 1], [3, 1, 1, 5, 1, 2, 1, 1], [1, 3, 5, 1, 2, 1, 2], [1, 2, 5, 1, 5, 1]]",33,398,1350,0.7051851851851851,0.003701,20,34.28333333333333,2057,149.93333333333334,8996,600.0,12,OPTIMAL,2.7,162.0,162.0,0.0,0.08715486526489258,0.014538818970322609,0.10176993246981,1.0,0.004709005355834961,9,OPTIMAL,2.25,0.0,6.0311119556427,2.25,uniform_600s,2.7,2.7,0.4500000000000002,True,149.48333333333335,True,True,True
N60_lambda0p5_rep003_seed12351041049546725101,12351041049546725101,3,60,4,"[15, 15, 15, 15]","[[10, 31, 51, 76, 83, 87, 102, 107, 113, 122, 133, 135, 138, 143, 151], [11, 12, 15, 29, 38, 46, 50, 52, 56, 59, 72, 77, 78, 93, 103], [6, 16, 20, 22, 49, 51, 54, 58, 59, 66, 80, 82, 98, 115, 115], [6, 18, 22, 38, 41, 41, 44, 45, 69, 108, 109, 110, 114, 117, 135]]",0.5,0.5,0.5,0.125,1,3,PP,uniform_600s,6,6,2,2,"[[1, 1, 1, 1, 2, 2, 1, 1, 2, 2, 1], [2, 1, 1, 1, 2, 2, 1, 2, 1, 1, 1], [1, 2, 1, 2, 2, 1, 1, 2, 1, 2], [1, 2, 2, 2, 1, 1, 2, 2, 1, 1]]",42,661,1350,0.5103703703703704,0.003841,20,34.05,2043,145.5,8730,600.0,12,OPTIMAL,2.35,141.0,141.0,0.0,0.4852919578552246,0.021110727451741695,0.5064806428200993,1276.0,0.008270978927612305,10,OPTIMAL,2.25,0.0,6.0311119556427,2.25,uniform_600s,3.15,2.35,0.10000000000000009,True,145.4,True,True,True
N60_lambda0p5_rep003_seed12351041049546725101,12351041049546725101,3,60,4,"[15, 15, 15, 15]","[[10, 31, 51, 76, 83, 87, 102, 107, 113, 122, 133, 135, 138, 143, 151], [11, 12, 15, 29, 38, 46, 50, 52, 56, 59, 72, 77, 78, 93, 103], [6, 16, 20, 22, 49, 51, 54, 58, 59, 66, 80, 82, 98, 115, 115], [6, 18, 22, 38, 41, 41, 44, 45, 69, 108, 109, 110, 114, 117, 135]]",0.5,0.5,0.5,0.125,1,3,PP,uniform_600s,6,6,4,4,"[[1, 1, 1, 1, 2, 3, 1, 4, 1], [3, 1, 1, 4, 1, 3, 1, 1], [1, 3, 4, 1, 1, 2, 1, 2], [1, 2, 4, 1, 1, 4, 1, 1]]",33,408,1350,0.6977777777777778,0.009515,20,45.15,2709,218.25,13095,600.0,12,OPTIMAL,3.15,189.0,189.0,0.0,0.23027300834655762,0.015166978351771832,0.2455222817635679,551.0,0.004637956619262695,6,OPTIMAL,2.25,0.0,6.0311119556427,2.25,uniform_600s,3.15,3.15,0.8999999999999999,True,217.35,True,True,True
N60_lambda0p5_rep003_seed12351041049546725101,12351041049546725101,3,60,4,"[15, 15, 15, 15]","[[10, 31, 51, 76, 83, 87, 102, 107, 113, 122, 133, 135, 138, 143, 151], [11, 12, 15, 29, 38, 46, 50, 52, 56, 59, 72, 77, 78, 93, 103], [6, 16, 20, 22, 49, 51, 54, 58, 59, 66, 80, 82, 98, 115, 115], [6, 18, 22, 38, 41, 41, 44, 45, 69, 108, 109, 110, 114, 117, 135]]",0.5,0.5,0.5,0.125,1,3,PP,uniform_600s,6,6,6,6,"[[1, 1, 1, 1, 2, 3, 1, 4, 1], [3, 1, 1, 5, 3, 1, 1], [1, 3, 5, 1, 2, 1, 2], [1, 2, 5, 1, 5, 1]]",29,313,1350,0.7681481481481481,0.0036205,20,48.28333333333333,2897,242.5,14550,600.0,12,OPTIMAL,3.15,189.0,189.0,0.0,0.08182215690612793,0.012414386495947838,0.09431046199265289,1.0,0.003570079803466797,4,OPTIMAL,2.25,0.0,6.0311119556427,2.25,uniform_600s,3.15,3.15,0.8999999999999999,True,241.6,True,True,True
N60_lambda0p5_rep003_seed12351041049546725101,12351041049546725101,3,60,4,"[15, 15, 15, 15]","[[10, 31, 51, 76, 83, 87, 102, 107, 113, 122, 133, 135, 138, 143, 151], [11, 12, 15, 29, 38, 46, 50, 52, 56, 59, 72, 77, 78, 93, 103], [6, 16, 20, 22, 49, 51, 54, 58, 59, 66, 80, 82, 98, 115, 115], [6, 18, 22, 38, 41, 41, 44, 45, 69, 108, 109, 110, 114, 117, 135]]",0.5,0.5,0.5,0.125,1,3,PP,uniform_600s,6,6,8,8,"[[1, 1, 1, 1, 2, 3, 1, 4, 1], [3, 1, 1, 5, 3, 1, 1], [1, 3, 5, 1, 2, 1, 2], [1, 2, 5, 1, 5, 1]]",29,313,1350,0.7681481481481481,0.003756,20,48.28333333333333,2897,252.2,15132,600.0,12,OPTIMAL,3.15,189.0,189.0,0.0,0.08199906349182129,0.01279169600456953,0.09486692862053489,1.0,0.0037500858306884766,4,OPTIMAL,2.25,0.0,6.0311119556427,2.25,uniform_600s,3.15,3.15,0.8999999999999999,True,251.29999999999998,True,True,True
N60_lambda0p5_rep003_seed12351041049546725101,12351041049546725101,3,60,4,"[15, 15, 15, 15]","[[10, 31, 51, 76, 83, 87, 102, 107, 113, 122, 133, 135, 138, 143, 151], [11, 12, 15, 29, 38, 46, 50, 52, 56, 59, 72, 77, 78, 93, 103], [6, 16, 20, 22, 49, 51, 54, 58, 59, 66, 80, 82, 98, 115, 115], [6, 18, 22, 38, 41, 41, 44, 45, 69, 108, 109, 110, 114, 117, 135]]",0.5,0.5,0.5,0.125,1,3,PP,uniform_600s,8,8,2,2,"[[1, 1, 1, 2, 1, 2, 1, 1, 2, 2, 1], [2, 1, 1, 2, 2, 2, 2, 1, 1, 1], [1, 2, 1, 2, 2, 2, 2, 1, 2], [1, 2, 2, 2, 1, 1, 2, 2, 1, 1]]",40,599,1350,0.5562962962962963,0.003706,20,45.56666666666667,2734,204.5,12270,600.0,12,OPTIMAL,2.45,147.0,147.0,0.0,0.48267507553100586,0.018611549399793148,0.5013658537410197,491.0,0.0073261260986328125,10,OPTIMAL,2.25,0.0,6.0311119556427,2.25,uniform_600s,3.4,2.45,0.20000000000000018,True,204.3,True,True,True
N60_lambda0p5_rep003_seed12351041049546725101,12351041049546725101,3,60,4,"[15, 15, 15, 15]","[[10, 31, 51, 76, 83, 87, 102, 107, 113, 122, 133, 135, 138, 143, 151], [11, 12, 15, 29, 38, 46, 50, 52, 56, 59, 72, 77, 78, 93, 103], [6, 16, 20, 22, 49, 51, 54, 58, 59, 66, 80, 82, 98, 115, 115], [6, 18, 22, 38, 41, 41, 44, 45, 69, 108, 109, 110, 114, 117, 135]]",0.5,0.5,0.5,0.125,1,3,PP,uniform_600s,8,8,4,4,"[[1, 1, 1, 3, 3, 1, 4, 1], [3, 1, 4, 2, 3, 1, 1], [1, 3, 4, 2, 2, 1, 2], [1, 2, 4, 1, 1, 4, 1, 1]]",30,337,1350,0.7503703703703704,0.009214,20,61.166666666666664,3670,306.75,18405,600.0,12,OPTIMAL,2.9833333333333334,179.0,179.0,0.0,0.16933202743530273,0.013167263939976692,0.1825842023428216,160.0,0.004063129425048828,4,OPTIMAL,2.25,0.0,6.0311119556427,2.25,uniform_600s,3.4,2.9833333333333334,0.7333333333333334,True,306.01666666666665,True,True,True
N60_lambda0p5_rep003_seed12351041049546725101,12351041049546725101,3,60,4,"[15, 15, 15, 15]","[[10, 31, 51, 76, 83, 87, 102, 107, 113, 122, 133, 135, 138, 143, 151], [11, 12, 15, 29, 38, 46, 50, 52, 56, 59, 72, 77, 78, 93, 103], [6, 16, 20, 22, 49, 51, 54, 58, 59, 66, 80, 82, 98, 115, 115], [6, 18, 22, 38, 41, 41, 44, 45, 69, 108, 109, 110, 114, 117, 135]]",0.5,0.5,0.5,0.125,1,3,PP,uniform_600s,8,8,6,6,"[[1, 1, 1, 3, 3, 1, 5], [3, 1, 6, 3, 1, 1], [1, 3, 6, 2, 1, 2], [1, 2, 5, 1, 5, 1]]",25,234,1350,0.8266666666666667,0.0088935,20,70.5,4230,340.8333333333333,20450,600.0,12,OPTIMAL,3.4,204.0,204.0,0.0,0.08196902275085449,0.010823579505085945,0.09287213098528957,1.0,0.0028848648071289062,6,OPTIMAL,2.25,0.0,6.0311119556427,2.25,uniform_600s,3.4,3.4,1.15,True,339.68333333333334,True,True,True
N60_lambda0p5_rep003_seed12351041049546725101,12351041049546725101,3,60,4,"[15, 15, 15, 15]","[[10, 31, 51, 76, 83, 87, 102, 107, 113, 122, 133, 135, 138, 143, 151], [11, 12, 15, 29, 38, 46, 50, 52, 56, 59, 72, 77, 78, 93, 103], [6, 16, 20, 22, 49, 51, 54, 58, 59, 66, 80, 82, 98, 115, 115], [6, 18, 22, 38, 41, 41, 44, 45, 69, 108, 109, 110, 114, 117, 135]]",0.5,0.5,0.5,0.125,1,3,PP,uniform_600s,8,8,8,8,"[[1, 1, 1, 3, 3, 1, 5], [3, 1, 6, 3, 1, 1], [1, 3, 6, 2, 1, 2], [1, 2, 5, 1, 5, 1]]",25,234,1350,0.8266666666666667,0.0036405,20,70.5,4230,354.46666666666664,21268,600.0,12,OPTIMAL,3.4,204.0,204.0,0.0,0.08800506591796875,0.010816799476742744,0.09889707803457069,1.0,0.0028378963470458984,6,OPTIMAL,2.25,0.0,6.0311119556427,2.25,uniform_600s,3.4,3.4,1.15,True,353.31666666666666,True,True,True
N60_lambda0p5_rep004_seed10862099935934604425,10862099935934604425,4,60,4,"[15, 15, 15, 15]","[[0, 5, 19, 34, 39, 40, 43, 55, 64, 66, 69, 75, 82, 85, 91], [12, 17, 17, 18, 46, 47, 51, 59, 60, 105, 108, 112, 113, 116, 141], [4, 10, 16, 17, 18, 26, 33, 45, 59, 63, 78, 86, 99, 105, 113], [8, 30, 30, 39, 42, 43, 48, 73, 78, 81, 87, 98, 104, 109, 120]]",0.5,0.5,0.5,0.125,1,3,PP,uniform_600s,2,2,2,2,"[[1, 1, 1, 1, 2, 1, 1, 2, 1, 1, 1, 1, 1], [1, 2, 1, 2, 1, 2, 1, 1, 2, 1, 1], [1, 1, 2, 1, 1, 1, 1, 1, 1, 1, 1, 1, 1, 1], [1, 2, 1, 2, 1, 1, 1, 1, 1, 1, 1, 1, 1]]",51,973,1350,0.2792592592592592,0.003991,20,0.7833333333333333,47,27.5,1650,600.0,12,OPTIMAL,3.066636482640691,183.99818895844146,183.99818895844146,0.0,23.13920307159424,0.028607639484107494,23.167901123225334,119461.0,0.011381149291992188,10,OPTIMAL,3.066666666666667,0.0,259.8045320510864,3.066666666666667,uniform_600s,3.066666666666667,3.066666666666667,0.0,True,27.5,True,True,True
N60_lambda0p5_rep004_seed10862099935934604425,10862099935934604425,4,60,4,"[15, 15, 15, 15]","[[0, 5, 19, 34, 39, 40, 43, 55, 64, 66, 69, 75, 82, 85, 91], [12, 17, 17, 18, 46, 47, 51, 59, 60, 105, 108, 112, 113, 116, 141], [4, 10, 16, 17, 18, 26, 33, 45, 59, 63, 78, 86, 99, 105, 113], [8, 30, 30, 39, 42, 43, 48, 73, 78, 81, 87, 98, 104, 109, 120]]",0.5,0.5,0.5,0.125,1,3,PP,uniform_600s,2,2,4,4,"[[1, 1, 1, 1, 2, 1, 1, 2, 1, 1, 1, 1, 1], [1, 3, 2, 1, 2, 1, 1, 2, 1, 1], [1, 1, 3, 1, 1, 1, 1, 1, 1, 1, 1, 1, 1], [1, 2, 1, 2, 1, 1, 1, 1, 1, 1, 1, 1, 1]]",49,897,1350,0.3355555555555556,0.003831,20,0.7833333333333333,47,41.25,2475,600.0,12,OPTIMAL,3.066666666666667,184.0,184.0,0.0,15.342435836791992,0.026130634360015392,15.36865345808205,84631.0,0.01146697998046875,10,OPTIMAL,3.066666666666667,0.0,259.8045320510864,3.066666666666667,uniform_600s,3.066666666666667,3.066666666666667,0.0,True,41.25,True,True,True
N60_lambda0p5_rep004_seed10862099935934604425,10862099935934604425,4,60,4,"[15, 15, 15, 15]","[[0, 5, 19, 34, 39, 40, 43, 55, 64, 66, 69, 75, 82, 85, 91], [12, 17, 17, 18, 46, 47, 51, 59, 60, 105, 108, 112, 113, 116, 141], [4, 10, 16, 17, 18, 26, 33, 45, 59, 63, 78, 86, 99, 105, 113], [8, 30, 30, 39, 42, 43, 48, 73, 78, 81, 87, 98, 104, 109, 120]]",0.5,0.5,0.5,0.125,1,3,PP,uniform_600s,2,2,6,6,"[[1, 1, 1, 1, 2, 1, 1, 2, 1, 1, 1, 1, 1], [1, 3, 2, 1, 2, 1, 1, 2, 1, 1], [1, 1, 3, 1, 1, 1, 1, 1, 1, 1, 1, 1, 1], [1, 2, 1, 2, 1, 1, 1, 1, 1, 1, 1, 1, 1]]",49,897,1350,0.3355555555555556,0.005693,20,0.7833333333333333,47,45.833333333333336,2750,600.0,12,OPTIMAL,3.066666666666667,184.0,184.0,0.0,15.177968978881836,0.03846998233348131,15.216564948495668,84631.0,0.014180898666381836,10,OPTIMAL,3.066666666666667,0.0,259.8045320510864,3.066666666666667,uniform_600s,3.066666666666667,3.066666666666667,0.0,True,45.833333333333336,True,True,True
N60_lambda0p5_rep004_seed10862099935934604425,10862099935934604425,4,60,4,"[15, 15, 15, 15]","[[0, 5, 19, 34, 39, 40, 43, 55, 64, 66, 69, 75, 82, 85, 91], [12, 17, 17, 18, 46, 47, 51, 59, 60, 105, 108, 112, 113, 116, 141], [4, 10, 16, 17, 18, 26, 33, 45, 59, 63, 78, 86, 99, 105, 113], [8, 30, 30, 39, 42, 43, 48, 73, 78, 81, 87, 98, 104, 109, 120]]",0.5,0.5,0.5,0.125,1,3,PP,uniform_600s,2,2,8,8,"[[1, 1, 1, 1, 2, 1, 1, 2, 1, 1, 1, 1, 1], [1, 3, 2, 1, 2, 1, 1, 2, 1, 1], [1, 1, 3, 1, 1, 1, 1, 1, 1, 1, 1, 1, 1], [1, 2, 1, 2, 1, 1, 1, 1, 1, 1, 1, 1, 1]]",49,897,1350,0.3355555555555556,0.003651,20,0.7833333333333333,47,47.666666666666664,2860,600.0,12,OPTIMAL,3.066666666666667,184.0,184.0,0.0,13.659203052520752,0.02439580950886011,13.68367785423193,84631.0,0.010308027267456055,10,OPTIMAL,3.066666666666667,0.0,259.8045320510864,3.066666666666667,uniform_600s,3.066666666666667,3.066666666666667,0.0,True,47.666666666666664,True,True,True
N60_lambda0p5_rep004_seed10862099935934604425,10862099935934604425,4,60,4,"[15, 15, 15, 15]","[[0, 5, 19, 34, 39, 40, 43, 55, 64, 66, 69, 75, 82, 85, 91], [12, 17, 17, 18, 46, 47, 51, 59, 60, 105, 108, 112, 113, 116, 141], [4, 10, 16, 17, 18, 26, 33, 45, 59, 63, 78, 86, 99, 105, 113], [8, 30, 30, 39, 42, 43, 48, 73, 78, 81, 87, 98, 104, 109, 120]]",0.5,0.5,0.5,0.125,1,3,PP,uniform_600s,4,4,2,2,"[[1, 1, 1, 1, 2, 1, 1, 2, 1, 1, 2, 1], [1, 2, 1, 2, 1, 2, 2, 2, 1, 1], [1, 1, 2, 1, 1, 1, 1, 2, 1, 1, 1, 1, 1], [1, 2, 2, 1, 1, 1, 2, 1, 1, 1, 1, 1]]",47,826,1350,0.38814814814814813,0.0093095,20,9.8,588,86.5,5190,600.0,12,OPTIMAL,3.066666666666667,184.0,184.0,0.0,15.21480417251587,0.024093973450362682,15.238984528928539,128873.0,0.009754180908203125,10,OPTIMAL,3.066666666666667,0.0,259.8045320510864,3.066666666666667,uniform_600s,3.066666666666667,3.066666666666667,0.0,True,86.5,True,True,True
N60_lambda0p5_rep004_seed10862099935934604425,10862099935934604425,4,60,4,"[15, 15, 15, 15]","[[0, 5, 19, 34, 39, 40, 43, 55, 64, 66, 69, 75, 82, 85, 91], [12, 17, 17, 18, 46, 47, 51, 59, 60, 105, 108, 112, 113, 116, 141], [4, 10, 16, 17, 18, 26, 33, 45, 59, 63, 78, 86, 99, 105, 113], [8, 30, 30, 39, 42, 43, 48, 73, 78, 81, 87, 98, 104, 109, 120]]",0.5,0.5,0.5,0.125,1,3,PP,uniform_600s,4,4,4,4,"[[1, 1, 1, 1, 3, 1, 3, 1, 2, 1], [1, 3, 3, 2, 4, 1, 1], [1, 1, 3, 1, 1, 1, 2, 1, 1, 1, 1, 1], [1, 2, 3, 1, 1, 2, 1, 1, 1, 1, 1]]",40,593,1350,0.5607407407407408,0.004001,20,18.15,1089,129.75,7785,600.0,12,OPTIMAL,3.066666666666667,184.0,184.0,0.0,1.130815029144287,0.019845197908580303,1.150745322966052,15340.0,0.007597208023071289,10,OPTIMAL,3.066666666666667,0.0,259.8045320510864,3.066666666666667,uniform_600s,3.066666666666667,3.066666666666667,0.0,True,129.75,True,True,True
N60_lambda0p5_rep004_seed10862099935934604425,10862099935934604425,4,60,4,"[15, 15, 15, 15]","[[0, 5, 19, 34, 39, 40, 43, 55, 64, 66, 69, 75, 82, 85, 91], [12, 17, 17, 18, 46, 47, 51, 59, 60, 105, 108, 112, 113, 116, 141], [4, 10, 16, 17, 18, 26, 33, 45, 59, 63, 78, 86, 99, 105, 113], [8, 30, 30, 39, 42, 43, 48, 73, 78, 81, 87, 98, 104, 109, 120]]",0.5,0.5,0.5,0.125,1,3,PP,uniform_600s,4,4,6,6,"[[1, 1, 1, 1, 3, 1, 3, 1, 2, 1], [1, 3, 3, 2, 5, 1], [1, 1, 3, 1, 1, 1, 2, 1, 1, 1, 1, 1], [1, 2, 3, 1, 1, 2, 1, 1, 1, 1, 1]]",39,560,1350,0.5851851851851853,0.0038555,20,19.65,1179,144.16666666666666,8650,600.0,12,OPTIMAL,3.0666665845740755,183.99999507444454,183.99999507444454,0.0,0.9043519496917725,0.025708423927426338,0.9301511848453455,9306.0,0.007179975509643555,10,OPTIMAL,3.066666666666667,0.0,259.8045320510864,3.066666666666667,uniform_600s,3.066666666666667,3.066666666666667,0.0,True,144.16666666666666,True,True,True
N60_lambda0p5_rep004_seed10862099935934604425,10862099935934604425,4,60,4,"[15, 15, 15, 15]","[[0, 5, 19, 34, 39, 40, 43, 55, 64, 66, 69, 75, 82, 85, 91], [12, 17, 17, 18, 46, 47, 51, 59, 60, 105, 108, 112, 113, 116, 141], [4, 10, 16, 17, 18, 26, 33, 45, 59, 63, 78, 86, 99, 105, 113], [8, 30, 30, 39, 42, 43, 48, 73, 78, 81, 87, 98, 104, 109, 120]]",0.5,0.5,0.5,0.125,1,3,PP,uniform_600s,4,4,8,8,"[[1, 1, 1, 1, 3, 1, 3, 1, 2, 1], [1, 3, 3, 2, 5, 1], [1, 1, 3, 1, 1, 1, 2, 1, 1, 1, 1, 1], [1, 2, 3, 1, 1, 2, 1, 1, 1, 1, 1]]",39,560,1350,0.5851851851851853,0.003916,20,19.65,1179,149.93333333333334,8996,600.0,12,OPTIMAL,3.0666665845740755,183.99999507444454,183.99999507444454,0.0,0.8913731575012207,0.018015211448073387,0.909466517877749,9306.0,0.006927013397216797,10,OPTIMAL,3.066666666666667,0.0,259.8045320510864,3.066666666666667,uniform_600s,3.066666666666667,3.066666666666667,0.0,True,149.93333333333334,True,True,True
N60_lambda0p5_rep004_seed10862099935934604425,10862099935934604425,4,60,4,"[15, 15, 15, 15]","[[0, 5, 19, 34, 39, 40, 43, 55, 64, 66, 69, 75, 82, 85, 91], [12, 17, 17, 18, 46, 47, 51, 59, 60, 105, 108, 112, 113, 116, 141], [4, 10, 16, 17, 18, 26, 33, 45, 59, 63, 78, 86, 99, 105, 113], [8, 30, 30, 39, 42, 43, 48, 73, 78, 81, 87, 98, 104, 109, 120]]",0.5,0.5,0.5,0.125,1,3,PP,uniform_600s,6,6,2,2,"[[2, 1, 2, 2, 1, 2, 2, 2, 1], [2, 2, 2, 1, 2, 2, 2, 1, 1], [2, 2, 1, 1, 1, 1, 2, 1, 1, 2, 1], [1, 2, 2, 2, 2, 2, 2, 1, 1]]",38,540,1350,0.6,0.004126,20,48.983333333333334,2939,145.5,8730,600.0,12,OPTIMAL,3.5,210.0,210.0,0.0,3.8302559852600098,0.0189311346039176,3.8492653707589635,22205.0,0.006736040115356445,9,OPTIMAL,3.066666666666667,0.0,259.8045320510864,3.066666666666667,uniform_600s,3.6166666666666667,3.5,0.4333333333333331,True,145.06666666666666,True,True,True
N60_lambda0p5_rep004_seed10862099935934604425,10862099935934604425,4,60,4,"[15, 15, 15, 15]","[[0, 5, 19, 34, 39, 40, 43, 55, 64, 66, 69, 75, 82, 85, 91], [12, 17, 17, 18, 46, 47, 51, 59, 60, 105, 108, 112, 113, 116, 141], [4, 10, 16, 17, 18, 26, 33, 45, 59, 63, 78, 86, 99, 105, 113], [8, 30, 30, 39, 42, 43, 48, 73, 78, 81, 87, 98, 104, 109, 120]]",0.5,0.5,0.5,0.125,1,3,PP,uniform_600s,6,6,4,4,"[[2, 1, 4, 1, 4, 3], [4, 3, 2, 4, 1, 1], [4, 1, 1, 1, 1, 2, 1, 1, 2, 1], [1, 2, 4, 4, 3, 1]]",28,288,1350,0.7866666666666666,0.003781,20,68.83333333333333,4130,218.25,13095,600.0,12,OPTIMAL,3.6166666666666667,217.0,217.0,0.0,0.19353795051574707,0.011976680718362331,0.20559616742454148,65.0,0.0034470558166503906,7,OPTIMAL,3.066666666666667,0.0,259.8045320510864,3.066666666666667,uniform_600s,3.6166666666666667,3.6166666666666667,0.5499999999999998,True,217.7,True,True,True
N60_lambda0p5_rep004_seed10862099935934604425,10862099935934604425,4,60,4,"[15, 15, 15, 15]","[[0, 5, 19, 34, 39, 40, 43, 55, 64, 66, 69, 75, 82, 85, 91], [12, 17, 17, 18, 46, 47, 51, 59, 60, 105, 108, 112, 113, 116, 141], [4, 10, 16, 17, 18, 26, 33, 45, 59, 63, 78, 86, 99, 105, 113], [8, 30, 30, 39, 42, 43, 48, 73, 78, 81, 87, 98, 104, 109, 120]]",0.5,0.5,0.5,0.125,1,3,PP,uniform_600s,6,6,6,6,"[[2, 1, 4, 1, 4, 3], [4, 3, 2, 5, 1], [5, 1, 1, 1, 2, 1, 1, 2, 1], [1, 2, 4, 4, 3, 1]]",26,249,1350,0.8155555555555556,0.0094795,20,70.33333333333333,4220,242.5,14550,600.0,12,OPTIMAL,3.6166666666666667,217.0,217.0,0.0,0.14290595054626465,0.011242710053920746,0.1542362566437764,29.0,0.002939939498901367,6,OPTIMAL,3.066666666666667,0.0,259.8045320510864,3.066666666666667,uniform_600s,3.6166666666666667,3.6166666666666667,0.5499999999999998,True,241.95,True,True,True
N60_lambda0p5_rep004_seed10862099935934604425,10862099935934604425,4,60,4,"[15, 15, 15, 15]","[[0, 5, 19, 34, 39, 40, 43, 55, 64, 66, 69, 75, 82, 85, 91], [12, 17, 17, 18, 46, 47, 51, 59, 60, 105, 108, 112, 113, 116, 141], [4, 10, 16, 17, 18, 26, 33, 45, 59, 63, 78, 86, 99, 105, 113], [8, 30, 30, 39, 42, 43, 48, 73, 78, 81, 87, 98, 104, 109, 120]]",0.5,0.5,0.5,0.125,1,3,PP,uniform_600s,6,6,8,8,"[[2, 1, 4, 1, 4, 3], [4, 3, 2, 5, 1], [5, 1, 1, 1, 2, 1, 1, 2, 1], [1, 2, 4, 4, 3, 1]]",26,249,1350,0.8155555555555556,0.003841,20,70.33333333333333,4220,252.2,15132,600.0,12,OPTIMAL,3.6166666666666667,217.0,217.0,0.0,0.1378159523010254,0.011365116573870182,0.14925811927984095,29.0,0.0029931068420410156,6,OPTIMAL,3.066666666666667,0.0,259.8045320510864,3.066666666666667,uniform_600s,3.6166666666666667,3.6166666666666667,0.5499999999999998,True,251.64999999999998,True,True,True
N60_lambda0p5_rep004_seed10862099935934604425,10862099935934604425,4,60,4,"[15, 15, 15, 15]","[[0, 5, 19, 34, 39, 40, 43, 55, 64, 66, 69, 75, 82, 85, 91], [12, 17, 17, 18, 46, 47, 51, 59, 60, 105, 108, 112, 113, 116, 141], [4, 10, 16, 17, 18, 26, 33, 45, 59, 63, 78, 86, 99, 105, 113], [8, 30, 30, 39, 42, 43, 48, 73, 78, 81, 87, 98, 104, 109, 120]]",0.5,0.5,0.5,0.125,1,3,PP,uniform_600s,8,8,2,2,"[[2, 1, 2, 2, 1, 2, 2, 2, 1], [2, 2, 2, 2, 1, 2, 2, 1, 1], [2, 2, 2, 1, 1, 2, 2, 2, 1], [1, 2, 2, 2, 2, 2, 2, 1, 1]]",36,486,1350,0.64,0.00993,20,67.1,4026,204.5,12270,600.0,12,OPTIMAL,3.566664624759657,213.99987748557942,213.99987748557942,0.0,2.6917271614074707,0.017138625495135784,2.7089558963257003,7112.0,0.005689144134521484,10,OPTIMAL,3.066666666666667,0.0,259.8045320510864,3.066666666666667,uniform_600s,5.766666666666667,3.566666666666667,0.5,True,204.0,True,True,True
N60_lambda0p5_rep004_seed10862099935934604425,10862099935934604425,4,60,4,"[15, 15, 15, 15]","[[0, 5, 19, 34, 39, 40, 43, 55, 64, 66, 69, 75, 82, 85, 91], [12, 17, 17, 18, 46, 47, 51, 59, 60, 105, 108, 112, 113, 116, 141], [4, 10, 16, 17, 18, 26, 33, 45, 59, 63, 78, 86, 99, 105, 113], [8, 30, 30, 39, 42, 43, 48, 73, 78, 81, 87, 98, 104, 109, 120]]",0.5,0.5,0.5,0.125,1,3,PP,uniform_600s,8,8,4,4,"[[2, 1, 4, 1, 4, 3], [4, 4, 1, 4, 1, 1], [4, 3, 1, 2, 2, 3], [1, 2, 4, 4, 3, 1]]",24,216,1350,0.84,0.003546,20,97.58333333333333,5855,306.75,18405,600.0,12,OPTIMAL,4.333333333333333,260.0,259.99999999998045,0.0,0.08050894737243652,0.010255067609250546,0.09084289380210256,1.0,0.002624034881591797,10,OPTIMAL,3.066666666666667,0.0,259.8045320510864,3.066666666666667,uniform_600s,5.766666666666667,4.333333333333333,1.2666666666666662,True,305.48333333333335,True,True,True
N60_lambda0p5_rep004_seed10862099935934604425,10862099935934604425,4,60,4,"[15, 15, 15, 15]","[[0, 5, 19, 34, 39, 40, 43, 55, 64, 66, 69, 75, 82, 85, 91], [12, 17, 17, 18, 46, 47, 51, 59, 60, 105, 108, 112, 113, 116, 141], [4, 10, 16, 17, 18, 26, 33, 45, 59, 63, 78, 86, 99, 105, 113], [8, 30, 30, 39, 42, 43, 48, 73, 78, 81, 87, 98, 104, 109, 120]]",0.5,0.5,0.5,0.125,1,3,PP,uniform_600s,8,8,6,6,"[[2, 1, 4, 1, 6, 1], [4, 5, 5, 1], [6, 1, 1, 2, 2, 3], [1, 2, 4, 4, 3, 1]]",22,180,1350,0.8666666666666667,0.003506,20,94.71666666666667,5683,340.8333333333333,20450,600.0,12,OPTIMAL,4.883333333333334,293.0,292.99999919488397,2.7478362823658307e-09,0.07477903366088867,0.009076354093849659,0.08392631592120504,1.0,0.002079010009765625,6,OPTIMAL,3.066666666666667,0.0,259.8045320510864,3.066666666666667,uniform_600s,5.766666666666667,4.883333333333334,1.8166666666666669,True,339.01666666666665,True,True,True
N60_lambda0p5_rep004_seed10862099935934604425,10862099935934604425,4,60,4,"[15, 15, 15, 15]","[[0, 5, 19, 34, 39, 40, 43, 55, 64, 66, 69, 75, 82, 85, 91], [12, 17, 17, 18, 46, 47, 51, 59, 60, 105, 108, 112, 113, 116, 141], [4, 10, 16, 17, 18, 26, 33, 45, 59, 63, 78, 86, 99, 105, 113], [8, 30, 30, 39, 42, 43, 48, 73, 78, 81, 87, 98, 104, 109, 120]]",0.5,0.5,0.5,0.125,1,3,PP,uniform_600s,8,8,8,8,"[[2, 1, 4, 1, 7], [4, 5, 5, 1], [7, 1, 2, 2, 3], [1, 2, 4, 4, 3, 1]]",20,149,1350,0.8896296296296297,0.003515,20,103.81666666666666,6229,354.46666666666664,21268,600.0,12,OPTIMAL,5.766666666666667,346.0,346.0,0.0,0.05647397041320801,0.008400002494454384,0.06494432240958452,1.0,0.0018360614776611328,7,OPTIMAL,3.066666666666667,0.0,259.8045320510864,3.066666666666667,uniform_600s,5.766666666666667,5.766666666666667,2.6999999999999997,True,351.76666666666665,True,True,True
N60_lambda0p5_rep005_seed12187901982439369187,12187901982439369187,5,60,4,"[15, 15, 15, 15]","[[23, 57, 69, 85, 88, 92, 103, 109, 117, 118, 128, 129, 138, 148, 164], [4, 26, 31, 31, 44, 44, 66, 73, 77, 83, 95, 105, 109, 111, 117], [7, 15, 20, 21, 23, 34, 41, 45, 52, 74, 75, 94, 115, 122, 150], [7, 7, 10, 10, 11, 14, 16, 19, 23, 30, 31, 33, 35, 46, 47]]",0.5,0.5,0.5,0.125,1,3,PP,uniform_600s,2,2,2,2,"[[1, 1, 1, 1, 1, 1, 1, 1, 2, 2, 1, 1, 1], [1, 1, 2, 2, 1, 1, 1, 1, 1, 1, 2, 1], [1, 1, 2, 1, 1, 1, 1, 1, 2, 1, 1, 1, 1], [2, 2, 1, 2, 1, 1, 2, 2, 2]]",47,823,1350,0.39037037037037037,0.009254,20,2.283333333333333,137,27.5,1650,600.0,12,OPTIMAL,2.3833333333333333,143.0,143.0,0.0,1.523163080215454,0.022465440444648266,1.5457213943887869,11591.0,0.009719133377075195,10,OPTIMAL,2.3666666666666667,0.0,5.633991003036499,2.3666666666666667,uniform_600s,2.3833333333333333,2.3833333333333333,0.016666666666666607,True,27.483333333333334,True,True,True
N60_lambda0p5_rep005_seed12187901982439369187,12187901982439369187,5,60,4,"[15, 15, 15, 15]","[[23, 57, 69, 85, 88, 92, 103, 109, 117, 118, 128, 129, 138, 148, 164], [4, 26, 31, 31, 44, 44, 66, 73, 77, 83, 95, 105, 109, 111, 117], [7, 15, 20, 21, 23, 34, 41, 45, 52, 74, 75, 94, 115, 122, 150], [7, 7, 10, 10, 11, 14, 16, 19, 23, 30, 31, 33, 35, 46, 47]]",0.5,0.5,0.5,0.125,1,3,PP,uniform_600s,2,2,4,4,"[[1, 1, 1, 1, 1, 1, 1, 1, 2, 2, 1, 1, 1], [1, 1, 2, 2, 1, 1, 1, 1, 1, 1, 2, 1], [1, 1, 3, 1, 1, 1, 1, 2, 1, 1, 1, 1], [2, 3, 2, 1, 1, 4, 2]]",44,715,1350,0.4703703703703703,0.004352,20,3.9,234,41.25,2475,600.0,12,OPTIMAL,2.3833333333333333,143.0,143.0,0.0,0.4934971332550049,0.021929060108959675,0.5155020150583406,7023.0,0.008871078491210938,10,OPTIMAL,2.3666666666666667,0.0,5.633991003036499,2.3666666666666667,uniform_600s,2.3833333333333333,2.3833333333333333,0.016666666666666607,True,41.233333333333334,True,True,True
N60_lambda0p5_rep005_seed12187901982439369187,12187901982439369187,5,60,4,"[15, 15, 15, 15]","[[23, 57, 69, 85, 88, 92, 103, 109, 117, 118, 128, 129, 138, 148, 164], [4, 26, 31, 31, 44, 44, 66, 73, 77, 83, 95, 105, 109, 111, 117], [7, 15, 20, 21, 23, 34, 41, 45, 52, 74, 75, 94, 115, 122, 150], [7, 7, 10, 10, 11, 14, 16, 19, 23, 30, 31, 33, 35, 46, 47]]",0.5,0.5,0.5,0.125,1,3,PP,uniform_600s,2,2,6,6,"[[1, 1, 1, 1, 1, 1, 1, 1, 2, 2, 1, 1, 1], [1, 1, 2, 2, 1, 1, 1, 1, 1, 1, 2, 1], [1, 1, 3, 1, 1, 1, 1, 2, 1, 1, 1, 1], [2, 3, 2, 1, 1, 4, 2]]",44,715,1350,0.4703703703703703,0.003595,20,3.9,234,45.833333333333336,2750,600.0,12,OPTIMAL,2.3833333333333333,143.0,143.0,0.0,0.5288610458374023,0.019856817089021206,0.5487912633473587,7023.0,0.008161067962646484,10,OPTIMAL,2.3666666666666667,0.0,5.633991003036499,2.3666666666666667,uniform_600s,2.3833333333333333,2.3833333333333333,0.016666666666666607,True,45.81666666666667,True,True,True
N60_lambda0p5_rep005_seed12187901982439369187,12187901982439369187,5,60,4,"[15, 15, 15, 15]","[[23, 57, 69, 85, 88, 92, 103, 109, 117, 118, 128, 129, 138, 148, 164], [4, 26, 31, 31, 44, 44, 66, 73, 77, 83, 95, 105, 109, 111, 117], [7, 15, 20, 21, 23, 34, 41, 45, 52, 74, 75, 94, 115, 122, 150], [7, 7, 10, 10, 11, 14, 16, 19, 23, 30, 31, 33, 35, 46, 47]]",0.5,0.5,0.5,0.125,1,3,PP,uniform_600s,2,2,8,8,"[[1, 1, 1, 1, 1, 1, 1, 1, 2, 2, 1, 1, 1], [1, 1, 2, 2, 1, 1, 1, 1, 1, 1, 2, 1], [1, 1, 3, 1, 1, 1, 1, 2, 1, 1, 1, 1], [2, 3, 2, 1, 1, 4, 2]]",44,715,1350,0.4703703703703703,0.00351,20,3.9,234,47.666666666666664,2860,600.0,12,OPTIMAL,2.3833333333333333,143.0,143.0,0.0,0.5272438526153564,0.02076392900198698,0.5480865834595656,7023.0,0.008751869201660156,10,OPTIMAL,2.3666666666666667,0.0,5.633991003036499,2.3666666666666667,uniform_600s,2.3833333333333333,2.3833333333333333,0.016666666666666607,True,47.65,True,True,True
N60_lambda0p5_rep005_seed12187901982439369187,12187901982439369187,5,60,4,"[15, 15, 15, 15]","[[23, 57, 69, 85, 88, 92, 103, 109, 117, 118, 128, 129, 138, 148, 164], [4, 26, 31, 31, 44, 44, 66, 73, 77, 83, 95, 105, 109, 111, 117], [7, 15, 20, 21, 23, 34, 41, 45, 52, 74, 75, 94, 115, 122, 150], [7, 7, 10, 10, 11, 14, 16, 19, 23, 30, 31, 33, 35, 46, 47]]",0.5,0.5,0.5,0.125,1,3,PP,uniform_600s,4,4,2,2,"[[1, 1, 1, 2, 1, 1, 1, 2, 2, 1, 1, 1], [1, 1, 2, 2, 1, 2, 1, 1, 2, 1, 1], [1, 1, 2, 1, 1, 2, 1, 2, 1, 1, 1, 1], [2, 2, 2, 2, 1, 2, 2, 2]]",43,688,1350,0.49037037037037035,0.0037305,20,13.45,807,86.5,5190,600.0,12,OPTIMAL,2.5,150.0,150.0,0.0,0.803657054901123,0.019933663308620453,0.8236745471077733,9477.0,0.00849604606628418,10,OPTIMAL,2.3666666666666667,0.0,5.633991003036499,2.3666666666666667,uniform_600s,3.1,2.5,0.1333333333333333,True,86.36666666666666,True,True,True
N60_lambda0p5_rep005_seed12187901982439369187,12187901982439369187,5,60,4,"[15, 15, 15, 15]","[[23, 57, 69, 85, 88, 92, 103, 109, 117, 118, 128, 129, 138, 148, 164], [4, 26, 31, 31, 44, 44, 66, 73, 77, 83, 95, 105, 109, 111, 117], [7, 15, 20, 21, 23, 34, 41, 45, 52, 74, 75, 94, 115, 122, 150], [7, 7, 10, 10, 11, 14, 16, 19, 23, 30, 31, 33, 35, 46, 47]]",0.5,0.5,0.5,0.125,1,3,PP,uniform_600s,4,4,4,4,"[[1, 1, 1, 3, 1, 1, 2, 2, 1, 1, 1], [1, 1, 2, 2, 1, 2, 1, 1, 3, 1], [1, 1, 3, 1, 2, 1, 2, 1, 1, 1, 1], [4, 4, 1, 4, 2]]",37,501,1350,0.6288888888888888,0.008728,20,21.166666666666668,1270,129.75,7785,600.0,12,OPTIMAL,2.5,150.0,150.0,0.0,0.21297311782836914,0.015806824900209904,0.22885776648171235,1412.0,0.006040096282958984,6,OPTIMAL,2.3666666666666667,0.0,5.633991003036499,2.3666666666666667,uniform_600s,3.1,2.5,0.1333333333333333,True,129.61666666666667,True,True,True
N60_lambda0p5_rep005_seed12187901982439369187,12187901982439369187,5,60,4,"[15, 15, 15, 15]","[[23, 57, 69, 85, 88, 92, 103, 109, 117, 118, 128, 129, 138, 148, 164], [4, 26, 31, 31, 44, 44, 66, 73, 77, 83, 95, 105, 109, 111, 117], [7, 15, 20, 21, 23, 34, 41, 45, 52, 74, 75, 94, 115, 122, 150], [7, 7, 10, 10, 11, 14, 16, 19, 23, 30, 31, 33, 35, 46, 47]]",0.5,0.5,0.5,0.125,1,3,PP,uniform_600s,4,4,6,6,"[[1, 1, 1, 3, 1, 1, 2, 2, 1, 1, 1], [1, 1, 2, 2, 1, 2, 1, 1, 3, 1], [1, 1, 3, 1, 2, 1, 2, 1, 1, 1, 1], [6, 3, 4, 2]]",36,469,1350,0.6525925925925926,0.003465,20,22.866666666666667,1372,144.16666666666666,8650,600.0,12,OPTIMAL,2.6166666666666667,157.0,157.0,0.0,0.30890798568725586,0.020869918167591095,0.32985955617895363,1297.0,0.005330801010131836,9,OPTIMAL,2.3666666666666667,0.0,5.633991003036499,2.3666666666666667,uniform_600s,3.1,2.6166666666666667,0.25,True,143.91666666666666,True,True,True
N60_lambda0p5_rep005_seed12187901982439369187,12187901982439369187,5,60,4,"[15, 15, 15, 15]","[[23, 57, 69, 85, 88, 92, 103, 109, 117, 118, 128, 129, 138, 148, 164], [4, 26, 31, 31, 44, 44, 66, 73, 77, 83, 95, 105, 109, 111, 117], [7, 15, 20, 21, 23, 34, 41, 45, 52, 74, 75, 94, 115, 122, 150], [7, 7, 10, 10, 11, 14, 16, 19, 23, 30, 31, 33, 35, 46, 47]]",0.5,0.5,0.5,0.125,1,3,PP,uniform_600s,4,4,8,8,"[[1, 1, 1, 3, 1, 1, 2, 2, 1, 1, 1], [1, 1, 2, 2, 1, 2, 1, 1, 3, 1], [1, 1, 3, 1, 2, 1, 2, 1, 1, 1, 1], [8, 1, 4, 2]]",36,469,1350,0.6525925925925926,0.0037305,20,21.166666666666668,1270,149.93333333333334,8996,600.0,12,OPTIMAL,2.5,150.0,150.0,0.0,0.178056001663208,0.014657147228717804,0.19278545732970762,919.0,0.005326032638549805,7,OPTIMAL,2.3666666666666667,0.0,5.633991003036499,2.3666666666666667,uniform_600s,3.1,2.5,0.1333333333333333,True,149.8,True,True,True
N60_lambda0p5_rep005_seed12187901982439369187,12187901982439369187,5,60,4,"[15, 15, 15, 15]","[[23, 57, 69, 85, 88, 92, 103, 109, 117, 118, 128, 129, 138, 148, 164], [4, 26, 31, 31, 44, 44, 66, 73, 77, 83, 95, 105, 109, 111, 117], [7, 15, 20, 21, 23, 34, 41, 45, 52, 74, 75, 94, 115, 122, 150], [7, 7, 10, 10, 11, 14, 16, 19, 23, 30, 31, 33, 35, 46, 47]]",0.5,0.5,0.5,0.125,1,3,PP,uniform_600s,6,6,2,2,"[[1, 1, 1, 2, 1, 2, 2, 2, 1, 1, 1], [1, 2, 1, 2, 1, 2, 1, 1, 2, 2], [1, 2, 2, 1, 2, 1, 2, 1, 1, 1, 1], [2, 2, 2, 2, 1, 2, 2, 2]]",40,597,1350,0.5577777777777777,0.00937,20,30.033333333333335,1802,145.5,8730,600.0,12,OPTIMAL,2.7,162.0,162.0,0.0,0.4517970085144043,0.018368217162787914,0.4702459228792143,4842.0,0.007153034210205078,7,OPTIMAL,2.3666666666666667,0.0,5.633991003036499,2.3666666666666667,uniform_600s,3.3,2.7,0.3333333333333335,True,145.16666666666666,True,True,True
N60_lambda0p5_rep005_seed12187901982439369187,12187901982439369187,5,60,4,"[15, 15, 15, 15]","[[23, 57, 69, 85, 88, 92, 103, 109, 117, 118, 128, 129, 138, 148, 164], [4, 26, 31, 31, 44, 44, 66, 73, 77, 83, 95, 105, 109, 111, 117], [7, 15, 20, 21, 23, 34, 41, 45, 52, 74, 75, 94, 115, 122, 150], [7, 7, 10, 10, 11, 14, 16, 19, 23, 30, 31, 33, 35, 46, 47]]",0.5,0.5,0.5,0.125,1,3,PP,uniform_600s,6,6,4,4,"[[1, 1, 1, 3, 2, 2, 2, 1, 1, 1], [1, 3, 2, 1, 3, 1, 4], [1, 4, 1, 2, 1, 2, 1, 1, 1, 1], [4, 4, 1, 4, 2]]",32,375,1350,0.7222222222222222,0.0037405,20,41.06666666666667,2464,218.25,13095,600.0,12,OPTIMAL,2.7,162.0,162.0,0.0,0.09066510200500488,0.013887053355574608,0.10463254743376064,168.0,0.004674196243286133,2,OPTIMAL,2.3666666666666667,0.0,5.633991003036499,2.3666666666666667,uniform_600s,3.3,2.7,0.3333333333333335,True,217.91666666666666,True,True,True
N60_lambda0p5_rep005_seed12187901982439369187,12187901982439369187,5,60,4,"[15, 15, 15, 15]","[[23, 57, 69, 85, 88, 92, 103, 109, 117, 118, 128, 129, 138, 148, 164], [4, 26, 31, 31, 44, 44, 66, 73, 77, 83, 95, 105, 109, 111, 117], [7, 15, 20, 21, 23, 34, 41, 45, 52, 74, 75, 94, 115, 122, 150], [7, 7, 10, 10, 11, 14, 16, 19, 23, 30, 31, 33, 35, 46, 47]]",0.5,0.5,0.5,0.125,1,3,PP,uniform_600s,6,6,6,6,"[[1, 1, 1, 3, 2, 2, 2, 1, 1, 1], [1, 3, 2, 1, 3, 1, 4], [1, 4, 1, 2, 1, 2, 1, 1, 1, 1], [6, 3, 4, 2]]",31,348,1350,0.7422222222222222,0.003846,20,42.766666666666666,2566,242.5,14550,600.0,12,OPTIMAL,2.816666666666667,169.0,169.0,0.0,0.08155012130737305,0.013269409537315369,0.0948946816949687,203.0,0.004142045974731445,8,OPTIMAL,2.3666666666666667,0.0,5.633991003036499,2.3666666666666667,uniform_600s,3.3,2.816666666666667,0.4500000000000002,True,242.05,True,True,True
N60_lambda0p5_rep005_seed12187901982439369187,12187901982439369187,5,60,4,"[15, 15, 15, 15]","[[23, 57, 69, 85, 88, 92, 103, 109, 117, 118, 128, 129, 138, 148, 164], [4, 26, 31, 31, 44, 44, 66, 73, 77, 83, 95, 105, 109, 111, 117], [7, 15, 20, 21, 23, 34, 41, 45, 52, 74, 75, 94, 115, 122, 150], [7, 7, 10, 10, 11, 14, 16, 19, 23, 30, 31, 33, 35, 46, 47]]",0.5,0.5,0.5,0.125,1,3,PP,uniform_600s,6,6,8,8,"[[1, 1, 1, 3, 2, 2, 2, 1, 1, 1], [1, 3, 2, 1, 3, 1, 4], [1, 4, 1, 2, 1, 2, 1, 1, 1, 1], [8, 1, 4, 2]]",31,348,1350,0.7422222222222222,0.0036105,20,41.06666666666667,2464,252.2,15132,600.0,12,OPTIMAL,2.7,162.0,162.0,0.0,0.0962989330291748,0.012191969901323318,0.10856796591063547,158.0,0.0002789497375488281,4,OPTIMAL,2.3666666666666667,0.0,5.633991003036499,2.3666666666666667,uniform_600s,3.3,2.7,0.3333333333333335,True,251.86666666666665,True,True,True
N60_lambda0p5_rep005_seed12187901982439369187,12187901982439369187,5,60,4,"[15, 15, 15, 15]","[[23, 57, 69, 85, 88, 92, 103, 109, 117, 118, 128, 129, 138, 148, 164], [4, 26, 31, 31, 44, 44, 66, 73, 77, 83, 95, 105, 109, 111, 117], [7, 15, 20, 21, 23, 34, 41, 45, 52, 74, 75, 94, 115, 122, 150], [7, 7, 10, 10, 11, 14, 16, 19, 23, 30, 31, 33, 35, 46, 47]]",0.5,0.5,0.5,0.125,1,3,PP,uniform_600s,8,8,2,2,"[[1, 1, 1, 2, 1, 2, 2, 2, 1, 1, 1], [1, 2, 1, 2, 2, 2, 1, 2, 2], [2, 2, 1, 2, 2, 2, 1, 2, 1], [2, 2, 2, 2, 2, 2, 1, 2]]",37,511,1350,0.6214814814814815,0.0037205,20,56.63333333333333,3398,204.5,12270,600.0,12,OPTIMAL,3.0166666666666666,181.0,181.0,0.0,0.4007089138031006,0.016386521980166435,0.41717222133321336,2456.0,0.006470918655395508,10,OPTIMAL,2.3666666666666667,0.0,5.633991003036499,2.3666666666666667,uniform_600s,6.216666666666667,3.0166666666666666,0.6499999999999999,True,203.85,True,True,True
N60_lambda0p5_rep005_seed12187901982439369187,12187901982439369187,5,60,4,"[15, 15, 15, 15]","[[23, 57, 69, 85, 88, 92, 103, 109, 117, 118, 128, 129, 138, 148, 164], [4, 26, 31, 31, 44, 44, 66, 73, 77, 83, 95, 105, 109, 111, 117], [7, 15, 20, 21, 23, 34, 41, 45, 52, 74, 75, 94, 115, 122, 150], [7, 7, 10, 10, 11, 14, 16, 19, 23, 30, 31, 33, 35, 46, 47]]",0.5,0.5,0.5,0.125,1,3,PP,uniform_600s,8,8,4,4,"[[1, 1, 1, 3, 4, 2, 1, 1, 1], [1, 3, 2, 4, 1, 4], [4, 1, 4, 2, 1, 2, 1], [4, 4, 4, 1, 2]]",27,269,1350,0.8007407407407408,0.00368,20,77.65,4659,306.75,18405,600.0,12,OPTIMAL,3.783333333333333,227.0,226.99999999999363,0.0,0.09704303741455078,0.011691084131598473,0.10880736761718274,53.0,0.003442049026489258,7,OPTIMAL,2.3666666666666667,0.0,5.633991003036499,2.3666666666666667,uniform_600s,6.216666666666667,3.783333333333333,1.4166666666666665,True,305.3333333333333,True,True,True
N60_lambda0p5_rep005_seed12187901982439369187,12187901982439369187,5,60,4,"[15, 15, 15, 15]","[[23, 57, 69, 85, 88, 92, 103, 109, 117, 118, 128, 129, 138, 148, 164], [4, 26, 31, 31, 44, 44, 66, 73, 77, 83, 95, 105, 109, 111, 117], [7, 15, 20, 21, 23, 34, 41, 45, 52, 74, 75, 94, 115, 122, 150], [7, 7, 10, 10, 11, 14, 16, 19, 23, 30, 31, 33, 35, 46, 47]]",0.5,0.5,0.5,0.125,1,3,PP,uniform_600s,8,8,6,6,"[[1, 1, 1, 3, 4, 2, 1, 1, 1], [1, 3, 2, 4, 1, 4], [5, 4, 2, 1, 2, 1], [6, 6, 1, 2]]",25,228,1350,0.8311111111111111,0.00356,20,80.21666666666667,4813,340.8333333333333,20450,600.0,12,OPTIMAL,3.65,219.0,219.0,0.0,0.03659796714782715,0.0098165487870574,0.04648079864763975,1.0,0.0026988983154296875,8,OPTIMAL,2.3666666666666667,0.0,5.633991003036499,2.3666666666666667,uniform_600s,6.216666666666667,3.65,1.2833333333333332,True,339.54999999999995,True,True,True
N60_lambda0p5_rep005_seed12187901982439369187,12187901982439369187,5,60,4,"[15, 15, 15, 15]","[[23, 57, 69, 85, 88, 92, 103, 109, 117, 118, 128, 129, 138, 148, 164], [4, 26, 31, 31, 44, 44, 66, 73, 77, 83, 95, 105, 109, 111, 117], [7, 15, 20, 21, 23, 34, 41, 45, 52, 74, 75, 94, 115, 122, 150], [7, 7, 10, 10, 11, 14, 16, 19, 23, 30, 31, 33, 35, 46, 47]]",0.5,0.5,0.5,0.125,1,3,PP,uniform_600s,8,8,8,8,"[[1, 1, 1, 3, 4, 2, 1, 1, 1], [1, 3, 2, 4, 1, 4], [5, 4, 2, 1, 2, 1], [8, 5, 2]]",24,207,1350,0.8466666666666667,0.003625,20,79.25,4755,354.46666666666664,21268,600.0,12,OPTIMAL,3.783333333333333,227.0,226.99999999995453,0.0,0.04587507247924805,0.009360270574688911,0.05529994639950991,22.0,0.0002701282501220703,8,OPTIMAL,2.3666666666666667,0.0,5.633991003036499,2.3666666666666667,uniform_600s,6.216666666666667,3.783333333333333,1.4166666666666665,True,353.04999999999995,True,True,True
N60_lambda0p5_rep006_seed11849751425097339704,11849751425097339704,6,60,4,"[15, 15, 15, 15]","[[2, 23, 25, 34, 54, 63, 81, 114, 117, 119, 120, 122, 122, 126, 130], [3, 33, 34, 37, 57, 58, 90, 91, 93, 95, 102, 108, 113, 122, 124], [9, 29, 32, 42, 46, 48, 53, 75, 86, 97, 105, 110, 115, 135, 137], [7, 11, 12, 14, 16, 22, 25, 35, 47, 48, 50, 60, 62, 69, 80]]",0.5,0.5,0.5,0.125,1,3,PP,uniform_600s,2,2,2,2,"[[1, 2, 1, 1, 1, 1, 1, 2, 2, 1, 1, 1], [1, 2, 1, 2, 2, 2, 1, 1, 1, 2], [1, 1, 1, 1, 2, 1, 1, 1, 1, 1, 1, 1, 2], [1, 2, 2, 1, 1, 1, 2, 1, 2, 1, 1]]",46,791,1350,0.41407407407407404,0.0035505,20,7.066666666666666,424,27.5,1650,600.0,12,OPTIMAL,2.1666666666666665,130.0,130.0,0.0,2.385474920272827,0.022022472694516182,2.4075717426094654,10724.0,0.009032964706420898,10,OPTIMAL,2.1666666666666665,0.0,14.731055974960327,2.1666666666666665,uniform_600s,2.1666666666666665,2.1666666666666665,0.0,True,27.5,True,True,True
N60_lambda0p5_rep006_seed11849751425097339704,11849751425097339704,6,60,4,"[15, 15, 15, 15]","[[2, 23, 25, 34, 54, 63, 81, 114, 117, 119, 120, 122, 122, 126, 130], [3, 33, 34, 37, 57, 58, 90, 91, 93, 95, 102, 108, 113, 122, 124], [9, 29, 32, 42, 46, 48, 53, 75, 86, 97, 105, 110, 115, 135, 137], [7, 11, 12, 14, 16, 22, 25, 35, 47, 48, 50, 60, 62, 69, 80]]",0.5,0.5,0.5,0.125,1,3,PP,uniform_600s,2,2,4,4,"[[1, 2, 1, 1, 1, 1, 1, 4, 1, 1, 1], [1, 2, 1, 2, 4, 1, 1, 1, 2], [1, 1, 1, 1, 2, 1, 1, 1, 1, 1, 1, 1, 2], [1, 4, 1, 1, 1, 3, 2, 1, 1]]",42,656,1350,0.5140740740740741,0.0035855,20,9.516666666666667,571,41.25,2475,600.0,12,OPTIMAL,2.1666666666666665,130.0,130.0,0.0,1.6288821697235107,0.019754323177039623,1.648729311210392,11681.0,0.008129119873046875,10,OPTIMAL,2.1666666666666665,0.0,14.731055974960327,2.1666666666666665,uniform_600s,2.1666666666666665,2.1666666666666665,0.0,True,41.25,True,True,True
N60_lambda0p5_rep006_seed11849751425097339704,11849751425097339704,6,60,4,"[15, 15, 15, 15]","[[2, 23, 25, 34, 54, 63, 81, 114, 117, 119, 120, 122, 122, 126, 130], [3, 33, 34, 37, 57, 58, 90, 91, 93, 95, 102, 108, 113, 122, 124], [9, 29, 32, 42, 46, 48, 53, 75, 86, 97, 105, 110, 115, 135, 137], [7, 11, 12, 14, 16, 22, 25, 35, 47, 48, 50, 60, 62, 69, 80]]",0.5,0.5,0.5,0.125,1,3,PP,uniform_600s,2,2,6,6,"[[1, 2, 1, 1, 1, 1, 1, 5, 1, 1], [1, 2, 1, 2, 4, 1, 1, 1, 2], [1, 1, 1, 1, 2, 1, 1, 1, 1, 1, 1, 1, 2], [1, 4, 1, 1, 1, 3, 2, 1, 1]]",41,625,1350,0.537037037037037,0.006545,20,9.516666666666667,571,45.833333333333336,2750,600.0,12,OPTIMAL,2.1666666666666665,130.0,130.0,0.0,1.1676788330078125,0.03191487491130829,1.1997441385316086,14250.0,0.012843847274780273,10,OPTIMAL,2.1666666666666665,0.0,14.731055974960327,2.1666666666666665,uniform_600s,2.1666666666666665,2.1666666666666665,0.0,True,45.833333333333336,True,True,True
N60_lambda0p5_rep006_seed11849751425097339704,11849751425097339704,6,60,4,"[15, 15, 15, 15]","[[2, 23, 25, 34, 54, 63, 81, 114, 117, 119, 120, 122, 122, 126, 130], [3, 33, 34, 37, 57, 58, 90, 91, 93, 95, 102, 108, 113, 122, 124], [9, 29, 32, 42, 46, 48, 53, 75, 86, 97, 105, 110, 115, 135, 137], [7, 11, 12, 14, 16, 22, 25, 35, 47, 48, 50, 60, 62, 69, 80]]",0.5,0.5,0.5,0.125,1,3,PP,uniform_600s,2,2,8,8,"[[1, 2, 1, 1, 1, 1, 1, 5, 1, 1], [1, 2, 1, 2, 4, 1, 1, 1, 2], [1, 1, 1, 1, 2, 1, 1, 1, 1, 1, 1, 1, 2], [1, 4, 1, 1, 1, 3, 2, 1, 1]]",41,625,1350,0.537037037037037,0.0054335,20,9.516666666666667,571,47.666666666666664,2860,600.0,12,OPTIMAL,2.1666666666666665,130.0,130.0,0.0,1.0869629383087158,0.0306707751005888,1.1177518425287685,14250.0,0.012657880783081055,10,OPTIMAL,2.1666666666666665,0.0,14.731055974960327,2.1666666666666665,uniform_600s,2.1666666666666665,2.1666666666666665,0.0,True,47.666666666666664,True,True,True
N60_lambda0p5_rep006_seed11849751425097339704,11849751425097339704,6,60,4,"[15, 15, 15, 15]","[[2, 23, 25, 34, 54, 63, 81, 114, 117, 119, 120, 122, 122, 126, 130], [3, 33, 34, 37, 57, 58, 90, 91, 93, 95, 102, 108, 113, 122, 124], [9, 29, 32, 42, 46, 48, 53, 75, 86, 97, 105, 110, 115, 135, 137], [7, 11, 12, 14, 16, 22, 25, 35, 47, 48, 50, 60, 62, 69, 80]]",0.5,0.5,0.5,0.125,1,3,PP,uniform_600s,4,4,2,2,"[[1, 2, 1, 1, 1, 1, 2, 2, 2, 2], [1, 2, 1, 2, 2, 2, 1, 1, 1, 2], [1, 2, 2, 1, 1, 1, 1, 1, 1, 1, 1, 2], [2, 2, 1, 2, 1, 2, 1, 2, 1, 1]]",42,660,1350,0.5111111111111111,0.0036855,20,17.816666666666666,1069,86.5,5190,600.0,12,OPTIMAL,2.35,141.0,141.0,0.0,3.035742998123169,0.01961634401232004,3.055436088960145,16134.0,0.007627010345458984,10,OPTIMAL,2.1666666666666665,0.0,14.731055974960327,2.1666666666666665,uniform_600s,2.6,2.35,0.18333333333333357,True,86.31666666666666,True,True,True
N60_lambda0p5_rep006_seed11849751425097339704,11849751425097339704,6,60,4,"[15, 15, 15, 15]","[[2, 23, 25, 34, 54, 63, 81, 114, 117, 119, 120, 122, 122, 126, 130], [3, 33, 34, 37, 57, 58, 90, 91, 93, 95, 102, 108, 113, 122, 124], [9, 29, 32, 42, 46, 48, 53, 75, 86, 97, 105, 110, 115, 135, 137], [7, 11, 12, 14, 16, 22, 25, 35, 47, 48, 50, 60, 62, 69, 80]]",0.5,0.5,0.5,0.125,1,3,PP,uniform_600s,4,4,4,4,"[[1, 2, 1, 1, 1, 1, 4, 4], [1, 3, 2, 4, 1, 1, 1, 2], [1, 2, 3, 1, 1, 1, 1, 1, 1, 1, 2], [4, 1, 2, 1, 3, 2, 1, 1]]",35,456,1350,0.6622222222222223,0.0034405,20,25.133333333333333,1508,129.75,7785,600.0,12,OPTIMAL,2.433333333333333,146.0,146.0,0.0,0.4693169593811035,0.014755264855921268,0.4841465057886629,7077.0,0.005162954330444336,8,OPTIMAL,2.1666666666666665,0.0,14.731055974960327,2.1666666666666665,uniform_600s,2.6,2.433333333333333,0.2666666666666666,True,129.48333333333332,True,True,True
N60_lambda0p5_rep006_seed11849751425097339704,11849751425097339704,6,60,4,"[15, 15, 15, 15]","[[2, 23, 25, 34, 54, 63, 81, 114, 117, 119, 120, 122, 122, 126, 130], [3, 33, 34, 37, 57, 58, 90, 91, 93, 95, 102, 108, 113, 122, 124], [9, 29, 32, 42, 46, 48, 53, 75, 86, 97, 105, 110, 115, 135, 137], [7, 11, 12, 14, 16, 22, 25, 35, 47, 48, 50, 60, 62, 69, 80]]",0.5,0.5,0.5,0.125,1,3,PP,uniform_600s,4,4,6,6,"[[1, 2, 1, 1, 1, 1, 6, 2], [1, 3, 2, 4, 1, 1, 1, 2], [1, 2, 3, 1, 1, 1, 1, 1, 1, 1, 2], [5, 2, 1, 3, 2, 1, 1]]",34,429,1350,0.6822222222222223,0.003475,20,24.466666666666665,1468,144.16666666666666,8650,600.0,12,OPTIMAL,2.4166666666666665,145.0,145.0,0.0,0.54469895362854,0.014431926421821117,0.559207539309597,5551.0,0.004724979400634766,10,OPTIMAL,2.1666666666666665,0.0,14.731055974960327,2.1666666666666665,uniform_600s,2.6,2.4166666666666665,0.25,True,143.91666666666666,True,True,True
N60_lambda0p5_rep006_seed11849751425097339704,11849751425097339704,6,60,4,"[15, 15, 15, 15]","[[2, 23, 25, 34, 54, 63, 81, 114, 117, 119, 120, 122, 122, 126, 130], [3, 33, 34, 37, 57, 58, 90, 91, 93, 95, 102, 108, 113, 122, 124], [9, 29, 32, 42, 46, 48, 53, 75, 86, 97, 105, 110, 115, 135, 137], [7, 11, 12, 14, 16, 22, 25, 35, 47, 48, 50, 60, 62, 69, 80]]",0.5,0.5,0.5,0.125,1,3,PP,uniform_600s,4,4,8,8,"[[1, 2, 1, 1, 1, 1, 8], [1, 3, 2, 4, 1, 1, 1, 2], [1, 2, 3, 1, 1, 1, 1, 1, 1, 1, 2], [5, 2, 1, 3, 2, 1, 1]]",33,403,1350,0.7014814814814815,0.008478,20,26.75,1605,149.93333333333334,8996,600.0,12,OPTIMAL,2.59999997499984,155.9999984999904,155.9999984999904,0.0,0.32799386978149414,0.01325906440615654,0.34132673608435676,1634.0,0.004224061965942383,8,OPTIMAL,2.1666666666666665,0.0,14.731055974960327,2.1666666666666665,uniform_600s,2.6,2.6,0.43333333333333357,True,149.5,True,True,True
N60_lambda0p5_rep006_seed11849751425097339704,11849751425097339704,6,60,4,"[15, 15, 15, 15]","[[2, 23, 25, 34, 54, 63, 81, 114, 117, 119, 120, 122, 122, 126, 130], [3, 33, 34, 37, 57, 58, 90, 91, 93, 95, 102, 108, 113, 122, 124], [9, 29, 32, 42, 46, 48, 53, 75, 86, 97, 105, 110, 115, 135, 137], [7, 11, 12, 14, 16, 22, 25, 35, 47, 48, 50, 60, 62, 69, 80]]",0.5,0.5,0.5,0.125,1,3,PP,uniform_600s,6,6,2,2,"[[1, 2, 1, 1, 1, 1, 2, 2, 2, 2], [1, 2, 1, 2, 2, 2, 2, 1, 2], [1, 2, 2, 2, 1, 1, 1, 2, 1, 2], [2, 2, 2, 1, 1, 2, 1, 2, 1, 1]]",39,570,1350,0.5777777777777777,0.0035305,20,31.35,1881,145.5,8730,600.0,12,OPTIMAL,2.45,147.0,147.0,0.0,1.1055011749267578,0.016676620580255985,1.122249841546183,16496.0,0.006358146667480469,10,OPTIMAL,2.1666666666666665,0.0,14.731055974960327,2.1666666666666665,uniform_600s,3.0,2.45,0.28333333333333366,True,145.21666666666667,True,True,True
N60_lambda0p5_rep006_seed11849751425097339704,11849751425097339704,6,60,4,"[15, 15, 15, 15]","[[2, 23, 25, 34, 54, 63, 81, 114, 117, 119, 120, 122, 122, 126, 130], [3, 33, 34, 37, 57, 58, 90, 91, 93, 95, 102, 108, 113, 122, 124], [9, 29, 32, 42, 46, 48, 53, 75, 86, 97, 105, 110, 115, 135, 137], [7, 11, 12, 14, 16, 22, 25, 35, 47, 48, 50, 60, 62, 69, 80]]",0.5,0.5,0.5,0.125,1,3,PP,uniform_600s,6,6,4,4,"[[1, 2, 1, 1, 1, 1, 4, 4], [1, 3, 2, 4, 3, 2], [1, 2, 4, 1, 1, 1, 3, 2], [4, 3, 1, 3, 2, 1, 1]]",29,314,1350,0.7674074074074074,0.003415,20,46.666666666666664,2800,218.25,13095,600.0,12,OPTIMAL,3.0,180.0,180.0,0.0,0.16164493560791016,0.011470509693026543,0.17318699586049557,121.0,0.003473997116088867,9,OPTIMAL,2.1666666666666665,0.0,14.731055974960327,2.1666666666666665,uniform_600s,3.0,3.0,0.8333333333333335,True,217.41666666666666,True,True,True
N60_lambda0p5_rep006_seed11849751425097339704,11849751425097339704,6,60,4,"[15, 15, 15, 15]","[[2, 23, 25, 34, 54, 63, 81, 114, 117, 119, 120, 122, 122, 126, 130], [3, 33, 34, 37, 57, 58, 90, 91, 93, 95, 102, 108, 113, 122, 124], [9, 29, 32, 42, 46, 48, 53, 75, 86, 97, 105, 110, 115, 135, 137], [7, 11, 12, 14, 16, 22, 25, 35, 47, 48, 50, 60, 62, 69, 80]]",0.5,0.5,0.5,0.125,1,3,PP,uniform_600s,6,6,6,6,"[[1, 2, 1, 1, 1, 1, 6, 2], [1, 3, 2, 4, 3, 2], [1, 2, 4, 1, 1, 1, 3, 2], [6, 1, 1, 3, 2, 1, 1]]",29,314,1350,0.7674074074074074,0.0034355,20,44.266666666666666,2656,242.5,14550,600.0,12,OPTIMAL,2.966666666666667,178.0,178.0,0.0,0.16756391525268555,0.011752234771847725,0.17938914135101844,214.0,0.003423929214477539,10,OPTIMAL,2.1666666666666665,0.0,14.731055974960327,2.1666666666666665,uniform_600s,3.0,2.966666666666667,0.8000000000000003,True,241.7,True,True,True
N60_lambda0p5_rep006_seed11849751425097339704,11849751425097339704,6,60,4,"[15, 15, 15, 15]","[[2, 23, 25, 34, 54, 63, 81, 114, 117, 119, 120, 122, 122, 126, 130], [3, 33, 34, 37, 57, 58, 90, 91, 93, 95, 102, 108, 113, 122, 124], [9, 29, 32, 42, 46, 48, 53, 75, 86, 97, 105, 110, 115, 135, 137], [7, 11, 12, 14, 16, 22, 25, 35, 47, 48, 50, 60, 62, 69, 80]]",0.5,0.5,0.5,0.125,1,3,PP,uniform_600s,6,6,8,8,"[[1, 2, 1, 1, 1, 1, 8], [1, 3, 2, 4, 3, 2], [1, 2, 4, 1, 1, 1, 3, 2], [7, 1, 3, 2, 1, 1]]",27,272,1350,0.7985185185185185,0.00339,20,48.28333333333333,2897,252.2,15132,600.0,12,OPTIMAL,3.0,180.0,179.9999999999518,0.0,0.1017909049987793,0.010837893933057785,0.11270084416939259,55.0,0.0030930042266845703,10,OPTIMAL,2.1666666666666665,0.0,14.731055974960327,2.1666666666666665,uniform_600s,3.0,3.0,0.8333333333333335,True,251.36666666666665,True,True,True
N60_lambda0p5_rep006_seed11849751425097339704,11849751425097339704,6,60,4,"[15, 15, 15, 15]","[[2, 23, 25, 34, 54, 63, 81, 114, 117, 119, 120, 122, 122, 126, 130], [3, 33, 34, 37, 57, 58, 90, 91, 93, 95, 102, 108, 113, 122, 124], [9, 29, 32, 42, 46, 48, 53, 75, 86, 97, 105, 110, 115, 135, 137], [7, 11, 12, 14, 16, 22, 25, 35, 47, 48, 50, 60, 62, 69, 80]]",0.5,0.5,0.5,0.125,1,3,PP,uniform_600s,8,8,2,2,"[[1, 2, 1, 1, 1, 1, 2, 2, 2, 2], [1, 2, 1, 2, 2, 2, 2, 1, 2], [1, 2, 2, 2, 1, 1, 2, 2, 2], [2, 2, 2, 1, 1, 2, 1, 2, 1, 1]]",38,541,1350,0.5992592592592593,0.0035755,20,37.05,2223,204.5,12270,600.0,12,OPTIMAL,2.466666666666667,148.0,148.0,0.0,0.5306551456451416,0.016035170294344425,0.5467595021835451,7645.0,0.006027936935424805,10,OPTIMAL,2.1666666666666665,0.0,14.731055974960327,2.1666666666666665,uniform_600s,3.466666666666667,2.466666666666667,0.30000000000000027,True,204.2,True,True,True
N60_lambda0p5_rep006_seed11849751425097339704,11849751425097339704,6,60,4,"[15, 15, 15, 15]","[[2, 23, 25, 34, 54, 63, 81, 114, 117, 119, 120, 122, 122, 126, 130], [3, 33, 34, 37, 57, 58, 90, 91, 93, 95, 102, 108, 113, 122, 124], [9, 29, 32, 42, 46, 48, 53, 75, 86, 97, 105, 110, 115, 135, 137], [7, 11, 12, 14, 16, 22, 25, 35, 47, 48, 50, 60, 62, 69, 80]]",0.5,0.5,0.5,0.125,1,3,PP,uniform_600s,8,8,4,4,"[[1, 2, 1, 1, 1, 1, 4, 4], [1, 3, 2, 4, 3, 2], [1, 2, 4, 1, 1, 4, 2], [4, 3, 1, 3, 3, 1]]",27,272,1350,0.7985185185185185,0.0036,20,57.06666666666667,3424,306.75,18405,600.0,12,OPTIMAL,3.45,207.0,207.0,0.0,0.1109919548034668,0.011236396618187428,0.12230370051280261,212.0,0.003134012222290039,6,OPTIMAL,2.1666666666666665,0.0,14.731055974960327,2.1666666666666665,uniform_600s,3.466666666666667,3.45,1.2833333333333337,True,305.46666666666664,True,True,True
N60_lambda0p5_rep006_seed11849751425097339704,11849751425097339704,6,60,4,"[15, 15, 15, 15]","[[2, 23, 25, 34, 54, 63, 81, 114, 117, 119, 120, 122, 122, 126, 130], [3, 33, 34, 37, 57, 58, 90, 91, 93, 95, 102, 108, 113, 122, 124], [9, 29, 32, 42, 46, 48, 53, 75, 86, 97, 105, 110, 115, 135, 137], [7, 11, 12, 14, 16, 22, 25, 35, 47, 48, 50, 60, 62, 69, 80]]",0.5,0.5,0.5,0.125,1,3,PP,uniform_600s,8,8,6,6,"[[1, 2, 1, 1, 1, 1, 6, 2], [1, 3, 2, 6, 1, 2], [1, 2, 4, 1, 1, 4, 2], [6, 1, 1, 3, 3, 1]]",27,272,1350,0.7985185185185185,0.0036605,20,56.46666666666667,3388,340.8333333333333,20450,600.0,12,OPTIMAL,2.7666666666666666,166.0,166.0,0.0,0.09979510307312012,0.011478080414235592,0.11134998074914026,36.0,0.003286123275756836,9,OPTIMAL,2.1666666666666665,0.0,14.731055974960327,2.1666666666666665,uniform_600s,3.466666666666667,2.7666666666666666,0.6000000000000001,True,340.2333333333333,True,True,True
N60_lambda0p5_rep006_seed11849751425097339704,11849751425097339704,6,60,4,"[15, 15, 15, 15]","[[2, 23, 25, 34, 54, 63, 81, 114, 117, 119, 120, 122, 122, 126, 130], [3, 33, 34, 37, 57, 58, 90, 91, 93, 95, 102, 108, 113, 122, 124], [9, 29, 32, 42, 46, 48, 53, 75, 86, 97, 105, 110, 115, 135, 137], [7, 11, 12, 14, 16, 22, 25, 35, 47, 48, 50, 60, 62, 69, 80]]",0.5,0.5,0.5,0.125,1,3,PP,uniform_600s,8,8,8,8,"[[1, 2, 1, 1, 1, 1, 8], [1, 3, 2, 7, 2], [1, 2, 4, 1, 1, 4, 2], [7, 1, 3, 3, 1]]",24,214,1350,0.8414814814814815,0.008688,20,63.61666666666667,3817,354.46666666666664,21268,600.0,12,OPTIMAL,3.466666666666667,208.0,207.99999999994202,0.0,0.05325913429260254,0.009851141832768917,0.06318815580472995,1.0,0.002485036849975586,4,OPTIMAL,2.1666666666666665,0.0,14.731055974960327,2.1666666666666665,uniform_600s,3.466666666666667,3.466666666666667,1.3000000000000003,True,353.16666666666663,True,True,True
N60_lambda0p5_rep007_seed11724255168325237664,11724255168325237664,7,60,4,"[15, 15, 15, 15]","[[14, 18, 29, 31, 38, 67, 78, 84, 85, 87, 90, 96, 106, 133, 142], [12, 12, 13, 13, 21, 24, 25, 33, 45, 49, 52, 58, 62, 69, 75], [2, 4, 9, 33, 41, 50, 53, 58, 60, 88, 88, 89, 112, 121, 126], [8, 14, 18, 22, 26, 26, 39, 40, 52, 55, 105, 106, 115, 116, 130]]",0.5,0.5,0.5,0.125,1,3,PP,uniform_600s,2,2,2,2,"[[1, 1, 2, 1, 1, 1, 2, 1, 1, 1, 1, 1, 1], [2, 2, 1, 2, 1, 1, 1, 1, 1, 1, 1, 1], [2, 1, 1, 1, 1, 1, 2, 2, 1, 1, 1, 1], [1, 1, 1, 1, 2, 2, 1, 1, 2, 2, 1]]",48,863,1350,0.3607407407407407,0.00953,20,2.6,156,27.5,1650,600.0,12,OPTIMAL,2.6666666666666665,160.0,160.0,0.0,6.019714117050171,0.024815683253109455,6.044632172919421,28364.0,0.011640071868896484,10,OPTIMAL,2.6666666666666665,0.0,54.72119998931885,2.6666666666666665,uniform_600s,2.683333333333333,2.6666666666666665,0.0,True,27.5,True,True,True
N60_lambda0p5_rep007_seed11724255168325237664,11724255168325237664,7,60,4,"[15, 15, 15, 15]","[[14, 18, 29, 31, 38, 67, 78, 84, 85, 87, 90, 96, 106, 133, 142], [12, 12, 13, 13, 21, 24, 25, 33, 45, 49, 52, 58, 62, 69, 75], [2, 4, 9, 33, 41, 50, 53, 58, 60, 88, 88, 89, 112, 121, 126], [8, 14, 18, 22, 26, 26, 39, 40, 52, 55, 105, 106, 115, 116, 130]]",0.5,0.5,0.5,0.125,1,3,PP,uniform_600s,2,2,4,4,"[[1, 1, 2, 1, 1, 1, 3, 1, 1, 1, 1, 1], [4, 1, 2, 1, 1, 1, 1, 1, 1, 1, 1], [2, 1, 1, 1, 1, 1, 2, 3, 1, 1, 1], [1, 1, 1, 1, 2, 2, 1, 1, 2, 2, 1]]",45,759,1350,0.4377777777777778,0.005834,20,3.3833333333333333,203,41.25,2475,600.0,12,OPTIMAL,2.683333333333333,161.0,161.0,0.0,6.976012945175171,0.02856581285595894,7.0046926301063985,26988.0,0.01011204719543457,10,OPTIMAL,2.6666666666666665,0.0,54.72119998931885,2.6666666666666665,uniform_600s,2.683333333333333,2.683333333333333,0.016666666666666607,True,41.233333333333334,True,True,True
N60_lambda0p5_rep007_seed11724255168325237664,11724255168325237664,7,60,4,"[15, 15, 15, 15]","[[14, 18, 29, 31, 38, 67, 78, 84, 85, 87, 90, 96, 106, 133, 142], [12, 12, 13, 13, 21, 24, 25, 33, 45, 49, 52, 58, 62, 69, 75], [2, 4, 9, 33, 41, 50, 53, 58, 60, 88, 88, 89, 112, 121, 126], [8, 14, 18, 22, 26, 26, 39, 40, 52, 55, 105, 106, 115, 116, 130]]",0.5,0.5,0.5,0.125,1,3,PP,uniform_600s,2,2,6,6,"[[1, 1, 2, 1, 1, 1, 3, 1, 1, 1, 1, 1], [4, 1, 2, 1, 1, 1, 1, 1, 1, 1, 1], [2, 1, 1, 1, 1, 1, 2, 3, 1, 1, 1], [1, 1, 1, 1, 2, 2, 1, 1, 2, 2, 1]]",45,759,1350,0.4377777777777778,0.003956,20,3.3833333333333333,203,45.833333333333336,2750,600.0,12,OPTIMAL,2.683333333333333,161.0,161.0,0.0,6.731863021850586,0.023726936429739,6.755701738151401,26988.0,0.01061701774597168,10,OPTIMAL,2.6666666666666665,0.0,54.72119998931885,2.6666666666666665,uniform_600s,2.683333333333333,2.683333333333333,0.016666666666666607,True,45.81666666666667,True,True,True
N60_lambda0p5_rep007_seed11724255168325237664,11724255168325237664,7,60,4,"[15, 15, 15, 15]","[[14, 18, 29, 31, 38, 67, 78, 84, 85, 87, 90, 96, 106, 133, 142], [12, 12, 13, 13, 21, 24, 25, 33, 45, 49, 52, 58, 62, 69, 75], [2, 4, 9, 33, 41, 50, 53, 58, 60, 88, 88, 89, 112, 121, 126], [8, 14, 18, 22, 26, 26, 39, 40, 52, 55, 105, 106, 115, 116, 130]]",0.5,0.5,0.5,0.125,1,3,PP,uniform_600s,2,2,8,8,"[[1, 1, 2, 1, 1, 1, 3, 1, 1, 1, 1, 1], [4, 1, 2, 1, 1, 1, 1, 1, 1, 1, 1], [2, 1, 1, 1, 1, 1, 2, 3, 1, 1, 1], [1, 1, 1, 1, 2, 2, 1, 1, 2, 2, 1]]",45,759,1350,0.4377777777777778,0.0040565,20,3.3833333333333333,203,47.666666666666664,2860,600.0,12,OPTIMAL,2.683333333333333,161.0,161.0,0.0,6.850570201873779,0.023266080766916275,6.873936121942204,26988.0,0.010203123092651367,10,OPTIMAL,2.6666666666666665,0.0,54.72119998931885,2.6666666666666665,uniform_600s,2.683333333333333,2.683333333333333,0.016666666666666607,True,47.65,True,True,True
N60_lambda0p5_rep007_seed11724255168325237664,11724255168325237664,7,60,4,"[15, 15, 15, 15]","[[14, 18, 29, 31, 38, 67, 78, 84, 85, 87, 90, 96, 106, 133, 142], [12, 12, 13, 13, 21, 24, 25, 33, 45, 49, 52, 58, 62, 69, 75], [2, 4, 9, 33, 41, 50, 53, 58, 60, 88, 88, 89, 112, 121, 126], [8, 14, 18, 22, 26, 26, 39, 40, 52, 55, 105, 106, 115, 116, 130]]",0.5,0.5,0.5,0.125,1,3,PP,uniform_600s,4,4,2,2,"[[2, 2, 1, 1, 1, 2, 2, 1, 1, 1, 1], [2, 2, 2, 1, 1, 2, 1, 2, 1, 1], [2, 1, 1, 1, 2, 2, 2, 1, 1, 1, 1], [1, 2, 2, 1, 2, 2, 2, 2, 1]]",41,629,1350,0.5340740740740741,0.00694,20,22.6,1356,86.5,5190,600.0,12,OPTIMAL,2.6666666000000077,159.99999600000046,159.99999600000046,0.0,2.7097160816192627,0.0373007170855999,2.7471770688595796,14762.0,0.014921188354492188,10,OPTIMAL,2.6666666666666665,0.0,54.72119998931885,2.6666666666666665,uniform_600s,2.783333333333333,2.6666666666666665,0.0,True,86.5,True,True,True
N60_lambda0p5_rep007_seed11724255168325237664,11724255168325237664,7,60,4,"[15, 15, 15, 15]","[[14, 18, 29, 31, 38, 67, 78, 84, 85, 87, 90, 96, 106, 133, 142], [12, 12, 13, 13, 21, 24, 25, 33, 45, 49, 52, 58, 62, 69, 75], [2, 4, 9, 33, 41, 50, 53, 58, 60, 88, 88, 89, 112, 121, 126], [8, 14, 18, 22, 26, 26, 39, 40, 52, 55, 105, 106, 115, 116, 130]]",0.5,0.5,0.5,0.125,1,3,PP,uniform_600s,4,4,4,4,"[[2, 2, 1, 1, 1, 4, 1, 1, 1, 1], [4, 3, 1, 3, 2, 1, 1], [2, 1, 1, 1, 2, 2, 3, 1, 1, 1], [1, 4, 1, 2, 2, 2, 2, 1]]",35,456,1350,0.6622222222222223,0.006099,20,27.766666666666666,1666,129.75,7785,600.0,12,OPTIMAL,2.783333333333333,167.0,167.0,0.0,0.35892510414123535,0.02462355326861143,0.3836769207859268,499.0,0.008153200149536133,10,OPTIMAL,2.6666666666666665,0.0,54.72119998931885,2.6666666666666665,uniform_600s,2.783333333333333,2.783333333333333,0.1166666666666667,True,129.63333333333333,True,True,True
N60_lambda0p5_rep007_seed11724255168325237664,11724255168325237664,7,60,4,"[15, 15, 15, 15]","[[14, 18, 29, 31, 38, 67, 78, 84, 85, 87, 90, 96, 106, 133, 142], [12, 12, 13, 13, 21, 24, 25, 33, 45, 49, 52, 58, 62, 69, 75], [2, 4, 9, 33, 41, 50, 53, 58, 60, 88, 88, 89, 112, 121, 126], [8, 14, 18, 22, 26, 26, 39, 40, 52, 55, 105, 106, 115, 116, 130]]",0.5,0.5,0.5,0.125,1,3,PP,uniform_600s,4,4,6,6,"[[2, 2, 1, 1, 1, 4, 1, 1, 1, 1], [4, 3, 1, 3, 2, 1, 1], [2, 1, 1, 1, 2, 2, 3, 1, 1, 1], [1, 5, 2, 2, 2, 2, 1]]",34,429,1350,0.6822222222222223,0.005909,20,27.766666666666666,1666,144.16666666666666,8650,600.0,12,OPTIMAL,2.783333333333333,167.0,167.0,0.0,0.34145092964172363,0.02481416054069996,0.3664120423984137,530.0,0.009405851364135742,5,OPTIMAL,2.6666666666666665,0.0,54.72119998931885,2.6666666666666665,uniform_600s,2.783333333333333,2.783333333333333,0.1166666666666667,True,144.04999999999998,True,True,True
N60_lambda0p5_rep007_seed11724255168325237664,11724255168325237664,7,60,4,"[15, 15, 15, 15]","[[14, 18, 29, 31, 38, 67, 78, 84, 85, 87, 90, 96, 106, 133, 142], [12, 12, 13, 13, 21, 24, 25, 33, 45, 49, 52, 58, 62, 69, 75], [2, 4, 9, 33, 41, 50, 53, 58, 60, 88, 88, 89, 112, 121, 126], [8, 14, 18, 22, 26, 26, 39, 40, 52, 55, 105, 106, 115, 116, 130]]",0.5,0.5,0.5,0.125,1,3,PP,uniform_600s,4,4,8,8,"[[2, 2, 1, 1, 1, 4, 1, 1, 1, 1], [4, 3, 1, 3, 2, 1, 1], [2, 1, 1, 1, 2, 2, 3, 1, 1, 1], [1, 5, 2, 2, 2, 2, 1]]",34,429,1350,0.6822222222222223,0.005999,20,27.766666666666666,1666,149.93333333333334,8996,600.0,12,OPTIMAL,2.783333333333333,167.0,167.0,0.0,0.31846094131469727,0.02625846490263939,0.3448648195501437,530.0,0.009831905364990234,5,OPTIMAL,2.6666666666666665,0.0,54.72119998931885,2.6666666666666665,uniform_600s,2.783333333333333,2.783333333333333,0.1166666666666667,True,149.81666666666666,True,True,True
N60_lambda0p5_rep007_seed11724255168325237664,11724255168325237664,7,60,4,"[15, 15, 15, 15]","[[14, 18, 29, 31, 38, 67, 78, 84, 85, 87, 90, 96, 106, 133, 142], [12, 12, 13, 13, 21, 24, 25, 33, 45, 49, 52, 58, 62, 69, 75], [2, 4, 9, 33, 41, 50, 53, 58, 60, 88, 88, 89, 112, 121, 126], [8, 14, 18, 22, 26, 26, 39, 40, 52, 55, 105, 106, 115, 116, 130]]",0.5,0.5,0.5,0.125,1,3,PP,uniform_600s,6,6,2,2,"[[2, 2, 1, 1, 2, 2, 2, 1, 1, 1], [2, 2, 2, 1, 1, 2, 2, 1, 2], [2, 1, 1, 1, 2, 2, 2, 1, 1, 2], [2, 2, 2, 2, 2, 2, 2, 1]]",37,512,1350,0.6207407407407408,0.0063295,20,40.666666666666664,2440,145.5,8730,600.0,12,OPTIMAL,2.7666666666666666,166.0,166.0,0.0,1.023421049118042,0.028822720982134342,1.0523860242672962,4189.0,0.011124134063720703,10,OPTIMAL,2.6666666666666665,0.0,54.72119998931885,2.6666666666666665,uniform_600s,3.75,2.7666666666666666,0.10000000000000009,True,145.4,True,True,True
N60_lambda0p5_rep007_seed11724255168325237664,11724255168325237664,7,60,4,"[15, 15, 15, 15]","[[14, 18, 29, 31, 38, 67, 78, 84, 85, 87, 90, 96, 106, 133, 142], [12, 12, 13, 13, 21, 24, 25, 33, 45, 49, 52, 58, 62, 69, 75], [2, 4, 9, 33, 41, 50, 53, 58, 60, 88, 88, 89, 112, 121, 126], [8, 14, 18, 22, 26, 26, 39, 40, 52, 55, 105, 106, 115, 116, 130]]",0.5,0.5,0.5,0.125,1,3,PP,uniform_600s,6,6,4,4,"[[2, 2, 1, 1, 4, 2, 1, 1, 1], [4, 3, 1, 4, 1, 2], [3, 1, 1, 4, 3, 1, 2], [4, 2, 2, 2, 2, 2, 1]]",29,313,1350,0.7681481481481481,0.004792,20,52.36666666666667,3142,218.25,13095,600.0,12,OPTIMAL,3.35,201.0,201.0,0.0,0.33054685592651367,0.018011107109487057,0.3486922004919691,1570.0,0.005702972412109375,10,OPTIMAL,2.6666666666666665,0.0,54.72119998931885,2.6666666666666665,uniform_600s,3.75,3.35,0.6833333333333336,True,217.56666666666666,True,True,True
N60_lambda0p5_rep007_seed11724255168325237664,11724255168325237664,7,60,4,"[15, 15, 15, 15]","[[14, 18, 29, 31, 38, 67, 78, 84, 85, 87, 90, 96, 106, 133, 142], [12, 12, 13, 13, 21, 24, 25, 33, 45, 49, 52, 58, 62, 69, 75], [2, 4, 9, 33, 41, 50, 53, 58, 60, 88, 88, 89, 112, 121, 126], [8, 14, 18, 22, 26, 26, 39, 40, 52, 55, 105, 106, 115, 116, 130]]",0.5,0.5,0.5,0.125,1,3,PP,uniform_600s,6,6,6,6,"[[2, 2, 1, 1, 6, 1, 1, 1], [4, 3, 1, 5, 2], [3, 1, 1, 4, 3, 1, 2], [6, 2, 2, 2, 2, 1]]",26,251,1350,0.8140740740740741,0.005909,20,59.03333333333333,3542,242.5,14550,600.0,12,OPTIMAL,3.75,225.0,225.0,0.0,0.09056210517883301,0.017587436363101006,0.10828612534370088,95.0,0.005450010299682617,5,OPTIMAL,2.6666666666666665,0.0,54.72119998931885,2.6666666666666665,uniform_600s,3.75,3.75,1.0833333333333335,True,241.41666666666666,True,True,True
N60_lambda0p5_rep007_seed11724255168325237664,11724255168325237664,7,60,4,"[15, 15, 15, 15]","[[14, 18, 29, 31, 38, 67, 78, 84, 85, 87, 90, 96, 106, 133, 142], [12, 12, 13, 13, 21, 24, 25, 33, 45, 49, 52, 58, 62, 69, 75], [2, 4, 9, 33, 41, 50, 53, 58, 60, 88, 88, 89, 112, 121, 126], [8, 14, 18, 22, 26, 26, 39, 40, 52, 55, 105, 106, 115, 116, 130]]",0.5,0.5,0.5,0.125,1,3,PP,uniform_600s,6,6,8,8,"[[2, 2, 1, 1, 6, 1, 1, 1], [4, 3, 1, 5, 2], [3, 1, 1, 4, 3, 1, 2], [6, 2, 2, 2, 2, 1]]",26,251,1350,0.8140740740740741,0.004397,20,59.03333333333333,3542,252.2,15132,600.0,12,OPTIMAL,3.75,225.0,225.0,0.0,0.08557796478271484,0.014178753830492496,0.09985710237436009,95.0,0.004302024841308594,5,OPTIMAL,2.6666666666666665,0.0,54.72119998931885,2.6666666666666665,uniform_600s,3.75,3.75,1.0833333333333335,True,251.11666666666665,True,True,True
N60_lambda0p5_rep007_seed11724255168325237664,11724255168325237664,7,60,4,"[15, 15, 15, 15]","[[14, 18, 29, 31, 38, 67, 78, 84, 85, 87, 90, 96, 106, 133, 142], [12, 12, 13, 13, 21, 24, 25, 33, 45, 49, 52, 58, 62, 69, 75], [2, 4, 9, 33, 41, 50, 53, 58, 60, 88, 88, 89, 112, 121, 126], [8, 14, 18, 22, 26, 26, 39, 40, 52, 55, 105, 106, 115, 116, 130]]",0.5,0.5,0.5,0.125,1,3,PP,uniform_600s,8,8,2,2,"[[2, 2, 1, 1, 2, 2, 2, 1, 1, 1], [2, 2, 2, 2, 2, 2, 2, 1], [2, 1, 2, 2, 2, 2, 1, 1, 2], [2, 2, 2, 2, 2, 2, 2, 1]]",35,458,1350,0.6607407407407407,0.004983,20,54.11666666666667,3247,204.5,12270,600.0,12,OPTIMAL,2.7666666666666666,166.0,166.0,0.0,0.21958684921264648,0.02234320528805256,0.24205336575909422,930.0,0.007622957229614258,6,OPTIMAL,2.6666666666666665,0.0,54.72119998931885,2.6666666666666665,uniform_600s,5.616666666666666,2.7666666666666666,0.10000000000000009,True,204.4,True,True,True
N60_lambda0p5_rep007_seed11724255168325237664,11724255168325237664,7,60,4,"[15, 15, 15, 15]","[[14, 18, 29, 31, 38, 67, 78, 84, 85, 87, 90, 96, 106, 133, 142], [12, 12, 13, 13, 21, 24, 25, 33, 45, 49, 52, 58, 62, 69, 75], [2, 4, 9, 33, 41, 50, 53, 58, 60, 88, 88, 89, 112, 121, 126], [8, 14, 18, 22, 26, 26, 39, 40, 52, 55, 105, 106, 115, 116, 130]]",0.5,0.5,0.5,0.125,1,3,PP,uniform_600s,8,8,4,4,"[[2, 3, 1, 4, 2, 1, 1, 1], [4, 4, 4, 3], [3, 2, 4, 3, 1, 2], [4, 2, 2, 2, 2, 2, 1]]",25,230,1350,0.8296296296296296,0.003745,20,75.11666666666666,4507,306.75,18405,600.0,12,OPTIMAL,3.35,201.0,201.0,0.0,0.032688140869140625,0.01067163236439228,0.043459415587718486,1.0,0.0031189918518066406,5,OPTIMAL,2.6666666666666665,0.0,54.72119998931885,2.6666666666666665,uniform_600s,5.616666666666666,3.35,0.6833333333333336,True,306.06666666666666,True,True,True
N60_lambda0p5_rep007_seed11724255168325237664,11724255168325237664,7,60,4,"[15, 15, 15, 15]","[[14, 18, 29, 31, 38, 67, 78, 84, 85, 87, 90, 96, 106, 133, 142], [12, 12, 13, 13, 21, 24, 25, 33, 45, 49, 52, 58, 62, 69, 75], [2, 4, 9, 33, 41, 50, 53, 58, 60, 88, 88, 89, 112, 121, 126], [8, 14, 18, 22, 26, 26, 39, 40, 52, 55, 105, 106, 115, 116, 130]]",0.5,0.5,0.5,0.125,1,3,PP,uniform_600s,8,8,6,6,"[[2, 3, 1, 6, 1, 1, 1], [6, 2, 6, 1], [3, 2, 4, 3, 1, 2], [6, 2, 2, 2, 2, 1]]",23,196,1350,0.8548148148148148,0.0056735,20,84.48333333333333,5069,340.8333333333333,20450,600.0,12,OPTIMAL,5.233333333333333,314.0,314.0,0.0,0.11055207252502441,0.014831069856882095,0.12549550540208673,80.0,0.0038299560546875,4,OPTIMAL,2.6666666666666665,0.0,54.72119998931885,2.6666666666666665,uniform_600s,5.616666666666666,5.233333333333333,2.566666666666667,True,338.26666666666665,True,True,True
N60_lambda0p5_rep007_seed11724255168325237664,11724255168325237664,7,60,4,"[15, 15, 15, 15]","[[14, 18, 29, 31, 38, 67, 78, 84, 85, 87, 90, 96, 106, 133, 142], [12, 12, 13, 13, 21, 24, 25, 33, 45, 49, 52, 58, 62, 69, 75], [2, 4, 9, 33, 41, 50, 53, 58, 60, 88, 88, 89, 112, 121, 126], [8, 14, 18, 22, 26, 26, 39, 40, 52, 55, 105, 106, 115, 116, 130]]",0.5,0.5,0.5,0.125,1,3,PP,uniform_600s,8,8,8,8,"[[2, 3, 1, 6, 1, 1, 1], [8, 7], [3, 2, 4, 3, 1, 2], [6, 2, 2, 2, 2, 1]]",21,158,1350,0.882962962962963,0.003666,20,88.25,5295,354.46666666666664,21268,600.0,12,OPTIMAL,5.616666666666666,337.0,337.0,0.0,0.026206016540527344,0.008980276063084602,0.03526054354154205,1.0,0.0020749568939208984,7,OPTIMAL,2.6666666666666665,0.0,54.72119998931885,2.6666666666666665,uniform_600s,5.616666666666666,5.616666666666666,2.9499999999999997,True,351.51666666666665,True,True,True
N60_lambda0p5_rep008_seed11052621649347301101,11052621649347301101,8,60,4,"[15, 15, 15, 15]","[[7, 19, 37, 39, 40, 41, 50, 53, 56, 72, 81, 82, 90, 93, 99], [7, 16, 31, 34, 34, 39, 41, 51, 52, 56, 60, 75, 86, 91, 93], [2, 8, 26, 42, 48, 50, 62, 83, 86, 91, 94, 122, 137, 138, 141], [5, 13, 19, 27, 36, 42, 44, 67, 69, 94, 95, 100, 101, 126, 130]]",0.5,0.5,0.5,0.125,1,3,PP,uniform_600s,2,2,2,2,"[[1, 1, 2, 2, 1, 1, 1, 1, 2, 1, 1, 1], [1, 1, 1, 2, 2, 2, 1, 1, 1, 1, 2], [1, 1, 1, 1, 2, 1, 1, 1, 1, 1, 1, 2, 1], [1, 1, 1, 1, 1, 2, 2, 2, 2, 1, 1]]",47,827,1350,0.3874074074074074,0.00649,20,4.9,294,27.5,1650,600.0,12,OPTIMAL,3.433333333333333,206.0,206.0,0.0,34.08100199699402,0.042928130365908146,34.12408139890473,191260.0,0.016962051391601562,10,OPTIMAL,3.4,0.0,534.2662818431854,3.4,uniform_600s,3.433333333333333,3.433333333333333,0.033333333333333215,True,27.46666666666667,True,True,True
N60_lambda0p5_rep008_seed11052621649347301101,11052621649347301101,8,60,4,"[15, 15, 15, 15]","[[7, 19, 37, 39, 40, 41, 50, 53, 56, 72, 81, 82, 90, 93, 99], [7, 16, 31, 34, 34, 39, 41, 51, 52, 56, 60, 75, 86, 91, 93], [2, 8, 26, 42, 48, 50, 62, 83, 86, 91, 94, 122, 137, 138, 141], [5, 13, 19, 27, 36, 42, 44, 67, 69, 94, 95, 100, 101, 126, 130]]",0.5,0.5,0.5,0.125,1,3,PP,uniform_600s,2,2,4,4,"[[1, 1, 4, 1, 1, 1, 1, 2, 1, 1, 1], [1, 1, 1, 2, 2, 2, 1, 1, 1, 1, 2], [1, 1, 1, 1, 2, 1, 1, 1, 1, 1, 1, 2, 1], [1, 1, 1, 1, 1, 2, 2, 2, 2, 1, 1]]",46,792,1350,0.41333333333333333,0.006124,20,4.9,294,41.25,2475,600.0,12,OPTIMAL,3.433333333333333,206.0,206.0,0.0,29.150886058807373,0.038777781650424004,29.189794092061863,172114.0,0.012952089309692383,10,OPTIMAL,3.4,0.0,534.2662818431854,3.4,uniform_600s,3.433333333333333,3.433333333333333,0.033333333333333215,True,41.21666666666667,True,True,True
N60_lambda0p5_rep008_seed11052621649347301101,11052621649347301101,8,60,4,"[15, 15, 15, 15]","[[7, 19, 37, 39, 40, 41, 50, 53, 56, 72, 81, 82, 90, 93, 99], [7, 16, 31, 34, 34, 39, 41, 51, 52, 56, 60, 75, 86, 91, 93], [2, 8, 26, 42, 48, 50, 62, 83, 86, 91, 94, 122, 137, 138, 141], [5, 13, 19, 27, 36, 42, 44, 67, 69, 94, 95, 100, 101, 126, 130]]",0.5,0.5,0.5,0.125,1,3,PP,uniform_600s,2,2,6,6,"[[1, 1, 4, 1, 1, 1, 1, 2, 1, 1, 1], [1, 1, 1, 2, 2, 2, 1, 1, 1, 1, 2], [1, 1, 1, 1, 2, 1, 1, 1, 1, 1, 1, 2, 1], [1, 1, 1, 1, 1, 2, 2, 2, 2, 1, 1]]",46,792,1350,0.41333333333333333,0.006099,20,4.9,294,45.833333333333336,2750,600.0,12,OPTIMAL,3.433333333333333,206.0,206.0,0.0,29.30728793144226,0.03969262354075909,29.347127001501047,172114.0,0.18219709396362305,10,OPTIMAL,3.4,0.0,534.2662818431854,3.4,uniform_600s,3.433333333333333,3.433333333333333,0.033333333333333215,True,45.800000000000004,True,True,True
N60_lambda0p5_rep008_seed11052621649347301101,11052621649347301101,8,60,4,"[15, 15, 15, 15]","[[7, 19, 37, 39, 40, 41, 50, 53, 56, 72, 81, 82, 90, 93, 99], [7, 16, 31, 34, 34, 39, 41, 51, 52, 56, 60, 75, 86, 91, 93], [2, 8, 26, 42, 48, 50, 62, 83, 86, 91, 94, 122, 137, 138, 141], [5, 13, 19, 27, 36, 42, 44, 67, 69, 94, 95, 100, 101, 126, 130]]",0.5,0.5,0.5,0.125,1,3,PP,uniform_600s,2,2,8,8,"[[1, 1, 4, 1, 1, 1, 1, 2, 1, 1, 1], [1, 1, 1, 2, 2, 2, 1, 1, 1, 1, 2], [1, 1, 1, 1, 2, 1, 1, 1, 1, 1, 1, 2, 1], [1, 1, 1, 1, 1, 2, 2, 2, 2, 1, 1]]",46,792,1350,0.41333333333333333,0.005909,20,4.9,294,47.666666666666664,2860,600.0,12,OPTIMAL,3.433333333333333,206.0,206.0,0.0,26.234291076660156,0.039168708957731724,26.273603247236867,172114.0,0.01606011390686035,10,OPTIMAL,3.4,0.0,534.2662818431854,3.4,uniform_600s,3.433333333333333,3.433333333333333,0.033333333333333215,True,47.63333333333333,True,True,True
N60_lambda0p5_rep008_seed11052621649347301101,11052621649347301101,8,60,4,"[15, 15, 15, 15]","[[7, 19, 37, 39, 40, 41, 50, 53, 56, 72, 81, 82, 90, 93, 99], [7, 16, 31, 34, 34, 39, 41, 51, 52, 56, 60, 75, 86, 91, 93], [2, 8, 26, 42, 48, 50, 62, 83, 86, 91, 94, 122, 137, 138, 141], [5, 13, 19, 27, 36, 42, 44, 67, 69, 94, 95, 100, 101, 126, 130]]",0.5,0.5,0.5,0.125,1,3,PP,uniform_600s,4,4,2,2,"[[1, 1, 2, 2, 2, 1, 1, 2, 2, 1], [1, 1, 2, 1, 2, 2, 2, 1, 1, 2], [1, 1, 1, 1, 2, 1, 2, 2, 1, 2, 1], [1, 1, 1, 1, 1, 2, 2, 2, 2, 2]]",41,630,1350,0.5333333333333333,0.009329,20,17.866666666666667,1072,86.5,5190,600.0,12,OPTIMAL,3.433333333333333,206.0,206.0,0.0,23.261425018310547,0.01972618419677019,23.28125182626534,84176.0,0.007806062698364258,10,OPTIMAL,3.4,0.0,534.2662818431854,3.4,uniform_600s,3.466666666666667,3.433333333333333,0.033333333333333215,True,86.46666666666667,True,True,True
N60_lambda0p5_rep008_seed11052621649347301101,11052621649347301101,8,60,4,"[15, 15, 15, 15]","[[7, 19, 37, 39, 40, 41, 50, 53, 56, 72, 81, 82, 90, 93, 99], [7, 16, 31, 34, 34, 39, 41, 51, 52, 56, 60, 75, 86, 91, 93], [2, 8, 26, 42, 48, 50, 62, 83, 86, 91, 94, 122, 137, 138, 141], [5, 13, 19, 27, 36, 42, 44, 67, 69, 94, 95, 100, 101, 126, 130]]",0.5,0.5,0.5,0.125,1,3,PP,uniform_600s,4,4,4,4,"[[1, 1, 4, 3, 1, 2, 2, 1], [1, 1, 3, 2, 4, 1, 1, 2], [1, 1, 1, 1, 2, 1, 2, 2, 1, 3], [1, 1, 1, 1, 1, 2, 2, 2, 2, 2]]",36,484,1350,0.6414814814814815,0.005949,20,23.483333333333334,1409,129.75,7785,600.0,12,OPTIMAL,3.466666666666667,208.0,208.0,0.0,2.56178879737854,0.02824556827545166,2.5901841723268024,13450.0,0.009595870971679688,10,OPTIMAL,3.4,0.0,534.2662818431854,3.4,uniform_600s,3.466666666666667,3.466666666666667,0.06666666666666687,True,129.68333333333334,True,True,True
N60_lambda0p5_rep008_seed11052621649347301101,11052621649347301101,8,60,4,"[15, 15, 15, 15]","[[7, 19, 37, 39, 40, 41, 50, 53, 56, 72, 81, 82, 90, 93, 99], [7, 16, 31, 34, 34, 39, 41, 51, 52, 56, 60, 75, 86, 91, 93], [2, 8, 26, 42, 48, 50, 62, 83, 86, 91, 94, 122, 137, 138, 141], [5, 13, 19, 27, 36, 42, 44, 67, 69, 94, 95, 100, 101, 126, 130]]",0.5,0.5,0.5,0.125,1,3,PP,uniform_600s,4,4,6,6,"[[1, 1, 4, 3, 1, 2, 2, 1], [1, 1, 3, 2, 4, 1, 1, 2], [1, 1, 1, 1, 2, 1, 2, 2, 1, 3], [1, 1, 1, 1, 1, 2, 2, 2, 2, 2]]",36,484,1350,0.6414814814814815,0.006109,20,23.483333333333334,1409,144.16666666666666,8650,600.0,12,OPTIMAL,3.466666666666667,208.0,208.0,0.0,2.6108438968658447,0.02767170872539282,2.638662941277775,13450.0,0.009903907775878906,10,OPTIMAL,3.4,0.0,534.2662818431854,3.4,uniform_600s,3.466666666666667,3.466666666666667,0.06666666666666687,True,144.1,True,True,True
N60_lambda0p5_rep008_seed11052621649347301101,11052621649347301101,8,60,4,"[15, 15, 15, 15]","[[7, 19, 37, 39, 40, 41, 50, 53, 56, 72, 81, 82, 90, 93, 99], [7, 16, 31, 34, 34, 39, 41, 51, 52, 56, 60, 75, 86, 91, 93], [2, 8, 26, 42, 48, 50, 62, 83, 86, 91, 94, 122, 137, 138, 141], [5, 13, 19, 27, 36, 42, 44, 67, 69, 94, 95, 100, 101, 126, 130]]",0.5,0.5,0.5,0.125,1,3,PP,uniform_600s,4,4,8,8,"[[1, 1, 4, 3, 1, 2, 2, 1], [1, 1, 3, 2, 4, 1, 1, 2], [1, 1, 1, 1, 2, 1, 2, 2, 1, 3], [1, 1, 1, 1, 1, 2, 2, 2, 2, 2]]",36,484,1350,0.6414814814814815,0.0057835,20,23.483333333333334,1409,149.93333333333334,8996,600.0,12,OPTIMAL,3.466666666666667,208.0,208.0,0.0,2.594141960144043,0.026208797469735146,2.620483185151442,13450.0,0.009382009506225586,10,OPTIMAL,3.4,0.0,534.2662818431854,3.4,uniform_600s,3.466666666666667,3.466666666666667,0.06666666666666687,True,149.86666666666667,True,True,True
N60_lambda0p5_rep008_seed11052621649347301101,11052621649347301101,8,60,4,"[15, 15, 15, 15]","[[7, 19, 37, 39, 40, 41, 50, 53, 56, 72, 81, 82, 90, 93, 99], [7, 16, 31, 34, 34, 39, 41, 51, 52, 56, 60, 75, 86, 91, 93], [2, 8, 26, 42, 48, 50, 62, 83, 86, 91, 94, 122, 137, 138, 141], [5, 13, 19, 27, 36, 42, 44, 67, 69, 94, 95, 100, 101, 126, 130]]",0.5,0.5,0.5,0.125,1,3,PP,uniform_600s,6,6,2,2,"[[1, 1, 2, 2, 2, 1, 1, 2, 2, 1], [1, 1, 2, 2, 1, 2, 2, 1, 2, 1], [2, 1, 2, 1, 1, 2, 2, 1, 2, 1], [1, 2, 1, 2, 1, 2, 2, 2, 2]]",39,570,1350,0.5777777777777777,0.0098,20,40.05,2403,145.5,8730,600.0,12,OPTIMAL,3.9833333333333334,239.0,239.0,0.0,13.613842010498047,0.019137313589453697,13.6330789492185,157033.0,0.00716400146484375,10,OPTIMAL,3.4,0.0,534.2662818431854,3.4,uniform_600s,4.866666666666666,3.9833333333333334,0.5833333333333335,True,144.91666666666666,True,True,True
N60_lambda0p5_rep008_seed11052621649347301101,11052621649347301101,8,60,4,"[15, 15, 15, 15]","[[7, 19, 37, 39, 40, 41, 50, 53, 56, 72, 81, 82, 90, 93, 99], [7, 16, 31, 34, 34, 39, 41, 51, 52, 56, 60, 75, 86, 91, 93], [2, 8, 26, 42, 48, 50, 62, 83, 86, 91, 94, 122, 137, 138, 141], [5, 13, 19, 27, 36, 42, 44, 67, 69, 94, 95, 100, 101, 126, 130]]",0.5,0.5,0.5,0.125,1,3,PP,uniform_600s,6,6,4,4,"[[1, 1, 4, 3, 1, 2, 3], [1, 1, 4, 1, 4, 1, 3], [2, 1, 3, 1, 4, 1, 3], [1, 2, 1, 3, 2, 4, 2]]",28,294,1350,0.7822222222222223,0.004607,20,58.35,3501,218.25,13095,600.0,12,OPTIMAL,4.866666666666666,292.0,292.0,0.0,0.5699949264526367,0.01598808914422989,0.5860992062171765,4638.0,0.0046749114990234375,10,OPTIMAL,3.4,0.0,534.2662818431854,3.4,uniform_600s,4.866666666666666,4.866666666666666,1.4666666666666663,True,216.78333333333333,True,True,True
N60_lambda0p5_rep008_seed11052621649347301101,11052621649347301101,8,60,4,"[15, 15, 15, 15]","[[7, 19, 37, 39, 40, 41, 50, 53, 56, 72, 81, 82, 90, 93, 99], [7, 16, 31, 34, 34, 39, 41, 51, 52, 56, 60, 75, 86, 91, 93], [2, 8, 26, 42, 48, 50, 62, 83, 86, 91, 94, 122, 137, 138, 141], [5, 13, 19, 27, 36, 42, 44, 67, 69, 94, 95, 100, 101, 126, 130]]",0.5,0.5,0.5,0.125,1,3,PP,uniform_600s,6,6,6,6,"[[1, 1, 4, 3, 1, 2, 3], [1, 1, 5, 4, 1, 3], [2, 1, 3, 1, 4, 1, 3], [1, 2, 1, 3, 2, 4, 2]]",27,273,1350,0.7977777777777778,0.005614,20,59.18333333333333,3551,242.5,14550,600.0,12,OPTIMAL,4.866666666666666,292.0,292.0,0.0,0.4091649055480957,0.018115135841071606,0.42741854301337145,1688.0,0.005357027053833008,10,OPTIMAL,3.4,0.0,534.2662818431854,3.4,uniform_600s,4.866666666666666,4.866666666666666,1.4666666666666663,True,241.03333333333333,True,True,True
N60_lambda0p5_rep008_seed11052621649347301101,11052621649347301101,8,60,4,"[15, 15, 15, 15]","[[7, 19, 37, 39, 40, 41, 50, 53, 56, 72, 81, 82, 90, 93, 99], [7, 16, 31, 34, 34, 39, 41, 51, 52, 56, 60, 75, 86, 91, 93], [2, 8, 26, 42, 48, 50, 62, 83, 86, 91, 94, 122, 137, 138, 141], [5, 13, 19, 27, 36, 42, 44, 67, 69, 94, 95, 100, 101, 126, 130]]",0.5,0.5,0.5,0.125,1,3,PP,uniform_600s,6,6,8,8,"[[1, 1, 4, 3, 1, 2, 3], [1, 1, 5, 4, 1, 3], [2, 1, 3, 1, 4, 1, 3], [1, 2, 1, 3, 2, 4, 2]]",27,273,1350,0.7977777777777778,0.005864,20,59.18333333333333,3551,252.2,15132,600.0,12,OPTIMAL,4.866666666666666,292.0,292.0,0.0,0.4040069580078125,0.017978990450501442,0.42211830748436596,1688.0,0.005108833312988281,10,OPTIMAL,3.4,0.0,534.2662818431854,3.4,uniform_600s,4.866666666666666,4.866666666666666,1.4666666666666663,True,250.73333333333332,True,True,True
N60_lambda0p5_rep008_seed11052621649347301101,11052621649347301101,8,60,4,"[15, 15, 15, 15]","[[7, 19, 37, 39, 40, 41, 50, 53, 56, 72, 81, 82, 90, 93, 99], [7, 16, 31, 34, 34, 39, 41, 51, 52, 56, 60, 75, 86, 91, 93], [2, 8, 26, 42, 48, 50, 62, 83, 86, 91, 94, 122, 137, 138, 141], [5, 13, 19, 27, 36, 42, 44, 67, 69, 94, 95, 100, 101, 126, 130]]",0.5,0.5,0.5,0.125,1,3,PP,uniform_600s,8,8,2,2,"[[1, 1, 2, 2, 2, 1, 1, 2, 2, 1], [1, 1, 2, 2, 1, 2, 2, 1, 2, 1], [2, 1, 2, 1, 1, 2, 2, 1, 2, 1], [2, 2, 2, 1, 2, 2, 2, 2]]",38,540,1350,0.6,0.0058735,20,48.68333333333333,2921,204.5,12270,600.0,12,OPTIMAL,4.116666666666666,247.0,247.0,0.0,21.063105821609497,0.029585923068225384,21.092835356129896,71651.0,0.010946989059448242,10,OPTIMAL,3.4,0.0,534.2662818431854,3.4,uniform_600s,5.95,4.116666666666666,0.7166666666666663,True,203.78333333333333,True,True,True
N60_lambda0p5_rep008_seed11052621649347301101,11052621649347301101,8,60,4,"[15, 15, 15, 15]","[[7, 19, 37, 39, 40, 41, 50, 53, 56, 72, 81, 82, 90, 93, 99], [7, 16, 31, 34, 34, 39, 41, 51, 52, 56, 60, 75, 86, 91, 93], [2, 8, 26, 42, 48, 50, 62, 83, 86, 91, 94, 122, 137, 138, 141], [5, 13, 19, 27, 36, 42, 44, 67, 69, 94, 95, 100, 101, 126, 130]]",0.5,0.5,0.5,0.125,1,3,PP,uniform_600s,8,8,4,4,"[[1, 1, 4, 3, 1, 4, 1], [1, 1, 4, 1, 4, 1, 3], [2, 1, 3, 1, 4, 1, 3], [4, 3, 2, 4, 2]]",26,252,1350,0.8133333333333334,0.003731,20,73.51666666666667,4411,306.75,18405,600.0,12,OPTIMAL,5.716666666666667,343.0,343.0,0.0,0.41622495651245117,0.011419229209423065,0.4277324081684885,3334.0,0.0030679702758789062,10,OPTIMAL,3.4,0.0,534.2662818431854,3.4,uniform_600s,5.95,5.716666666666667,2.316666666666667,True,304.43333333333334,True,True,True
N60_lambda0p5_rep008_seed11052621649347301101,11052621649347301101,8,60,4,"[15, 15, 15, 15]","[[7, 19, 37, 39, 40, 41, 50, 53, 56, 72, 81, 82, 90, 93, 99], [7, 16, 31, 34, 34, 39, 41, 51, 52, 56, 60, 75, 86, 91, 93], [2, 8, 26, 42, 48, 50, 62, 83, 86, 91, 94, 122, 137, 138, 141], [5, 13, 19, 27, 36, 42, 44, 67, 69, 94, 95, 100, 101, 126, 130]]",0.5,0.5,0.5,0.125,1,3,PP,uniform_600s,8,8,6,6,"[[1, 1, 4, 3, 1, 5], [1, 1, 5, 4, 1, 3], [2, 1, 3, 1, 4, 1, 3], [4, 3, 2, 4, 2]]",24,215,1350,0.8407407407407408,0.003781,20,78.11666666666666,4687,340.8333333333333,20450,600.0,12,OPTIMAL,5.95,357.0,357.0,0.0,0.33323216438293457,0.01093009952455759,0.34426351805947397,831.0,0.0028100013732910156,10,OPTIMAL,3.4,0.0,534.2662818431854,3.4,uniform_600s,5.95,5.95,2.5500000000000003,True,338.2833333333333,True,True,True
N60_lambda0p5_rep008_seed11052621649347301101,11052621649347301101,8,60,4,"[15, 15, 15, 15]","[[7, 19, 37, 39, 40, 41, 50, 53, 56, 72, 81, 82, 90, 93, 99], [7, 16, 31, 34, 34, 39, 41, 51, 52, 56, 60, 75, 86, 91, 93], [2, 8, 26, 42, 48, 50, 62, 83, 86, 91, 94, 122, 137, 138, 141], [5, 13, 19, 27, 36, 42, 44, 67, 69, 94, 95, 100, 101, 126, 130]]",0.5,0.5,0.5,0.125,1,3,PP,uniform_600s,8,8,8,8,"[[1, 1, 4, 3, 1, 5], [1, 1, 5, 4, 1, 3], [2, 1, 3, 1, 4, 1, 3], [4, 3, 2, 4, 2]]",24,215,1350,0.8407407407407408,0.003635,20,78.11666666666666,4687,354.46666666666664,21268,600.0,12,OPTIMAL,5.95,357.0,357.0,0.0,0.33421802520751953,0.010264502838253975,0.3445806801799035,831.0,0.0026750564575195312,10,OPTIMAL,3.4,0.0,534.2662818431854,3.4,uniform_600s,5.95,5.95,2.5500000000000003,True,351.91666666666663,True,True,True
N80_lambda0p5_rep000_seed2547967399291711010,2547967399291711010,0,80,4,"[20, 20, 20, 20]","[[4, 6, 9, 10, 21, 39, 41, 44, 45, 48, 58, 64, 73, 74, 85, 86, 90, 90, 106, 108], [11, 13, 18, 46, 55, 60, 68, 81, 94, 96, 108, 111, 124, 170, 182, 183, 187, 187, 191, 192], [6, 11, 28, 33, 42, 54, 56, 58, 78, 93, 111, 165, 169, 174, 176, 181, 184, 189, 215, 216], [61, 63, 78, 81, 86, 94, 97, 101, 105, 114, 123, 128, 135, 136, 138, 140, 142, 144, 146, 148]]",0.5,0.5,0.5,0.125,1,3,PP,uniform_600s,2,2,2,2,"[[2, 2, 1, 2, 2, 1, 1, 1, 2, 2, 2, 2], [2, 1, 1, 1, 1, 1, 1, 2, 1, 1, 1, 1, 2, 2, 2], [1, 1, 1, 1, 1, 2, 1, 1, 1, 1, 1, 1, 2, 1, 1, 1, 2], [2, 1, 1, 1, 1, 1, 1, 1, 1, 1, 1, 2, 2, 2, 2]]",59,1299,2400,0.45875,0.0114075,20,9.1,728,37.5,3000,600.0,12,OPTIMAL,2.1125,169.0,169.0,0.0,4.868109941482544,0.03397291246801615,4.9021725297997305,15748.0,0.014872074127197266,10,OPTIMAL,2.075,0.0,28.9945809841156,2.075,uniform_600s,2.1125,2.1125,0.037499999999999645,True,37.4625,True,True,True
N80_lambda0p5_rep000_seed2547967399291711010,2547967399291711010,0,80,4,"[20, 20, 20, 20]","[[4, 6, 9, 10, 21, 39, 41, 44, 45, 48, 58, 64, 73, 74, 85, 86, 90, 90, 106, 108], [11, 13, 18, 46, 55, 60, 68, 81, 94, 96, 108, 111, 124, 170, 182, 183, 187, 187, 191, 192], [6, 11, 28, 33, 42, 54, 56, 58, 78, 93, 111, 165, 169, 174, 176, 181, 184, 189, 215, 216], [61, 63, 78, 81, 86, 94, 97, 101, 105, 114, 123, 128, 135, 136, 138, 140, 142, 144, 146, 148]]",0.5,0.5,0.5,0.125,1,3,PP,uniform_600s,2,2,4,4,"[[2, 2, 1, 2, 2, 1, 1, 1, 2, 2, 2, 2], [2, 1, 1, 1, 1, 1, 1, 2, 1, 1, 1, 1, 2, 2, 2], [1, 1, 1, 1, 1, 3, 1, 1, 1, 1, 1, 2, 1, 1, 1, 2], [2, 1, 1, 1, 1, 1, 1, 1, 1, 1, 1, 4, 4]]",56,1171,2400,0.5120833333333333,0.004547,20,11.4625,917,56.25,4500,600.0,12,OPTIMAL,2.1124999921177734,168.99999936942186,168.99999936942186,0.0,2.923809051513672,0.03108395542949438,2.9549748388156982,7814.0,0.013426065444946289,10,OPTIMAL,2.075,0.0,28.9945809841156,2.075,uniform_600s,2.1125,2.1125,0.037499999999999645,True,56.2125,True,True,True
N80_lambda0p5_rep000_seed2547967399291711010,2547967399291711010,0,80,4,"[20, 20, 20, 20]","[[4, 6, 9, 10, 21, 39, 41, 44, 45, 48, 58, 64, 73, 74, 85, 86, 90, 90, 106, 108], [11, 13, 18, 46, 55, 60, 68, 81, 94, 96, 108, 111, 124, 170, 182, 183, 187, 187, 191, 192], [6, 11, 28, 33, 42, 54, 56, 58, 78, 93, 111, 165, 169, 174, 176, 181, 184, 189, 215, 216], [61, 63, 78, 81, 86, 94, 97, 101, 105, 114, 123, 128, 135, 136, 138, 140, 142, 144, 146, 148]]",0.5,0.5,0.5,0.125,1,3,PP,uniform_600s,2,2,6,6,"[[2, 2, 1, 2, 2, 1, 1, 1, 2, 2, 2, 2], [2, 1, 1, 1, 1, 1, 1, 2, 1, 1, 1, 1, 2, 2, 2], [1, 1, 1, 1, 1, 3, 1, 1, 1, 1, 1, 2, 1, 1, 1, 2], [2, 1, 1, 1, 1, 1, 1, 1, 1, 1, 1, 6, 2]]",56,1171,2400,0.5120833333333333,0.004632,20,11.4875,919,61.875,4950,600.0,12,OPTIMAL,2.11249992562698,168.99999405015842,168.99999405015842,0.0,3.740902900695801,0.031120951287448406,3.772115501176686,8428.0,0.012755870819091797,10,OPTIMAL,2.075,0.0,28.9945809841156,2.075,uniform_600s,2.1125,2.1125,0.037499999999999645,True,61.8375,True,True,True
N80_lambda0p5_rep000_seed2547967399291711010,2547967399291711010,0,80,4,"[20, 20, 20, 20]","[[4, 6, 9, 10, 21, 39, 41, 44, 45, 48, 58, 64, 73, 74, 85, 86, 90, 90, 106, 108], [11, 13, 18, 46, 55, 60, 68, 81, 94, 96, 108, 111, 124, 170, 182, 183, 187, 187, 191, 192], [6, 11, 28, 33, 42, 54, 56, 58, 78, 93, 111, 165, 169, 174, 176, 181, 184, 189, 215, 216], [61, 63, 78, 81, 86, 94, 97, 101, 105, 114, 123, 128, 135, 136, 138, 140, 142, 144, 146, 148]]",0.5,0.5,0.5,0.125,1,3,PP,uniform_600s,2,2,8,8,"[[2, 2, 1, 2, 2, 1, 1, 1, 2, 2, 2, 2], [2, 1, 1, 1, 1, 1, 1, 2, 1, 1, 1, 1, 2, 2, 2], [1, 1, 1, 1, 1, 3, 1, 1, 1, 1, 1, 2, 1, 1, 1, 2], [2, 1, 1, 1, 1, 1, 1, 1, 1, 1, 1, 8]]",55,1128,2400,0.53,0.004772,20,12.2125,977,65.625,5250,600.0,12,OPTIMAL,2.1124999886623526,168.99999909298822,168.99999909298822,0.0,2.8661680221557617,0.03049568645656109,2.896760711349532,7913.0,0.013067007064819336,10,OPTIMAL,2.075,0.0,28.9945809841156,2.075,uniform_600s,2.1125,2.1125,0.037499999999999645,True,65.5875,True,True,True
N80_lambda0p5_rep000_seed2547967399291711010,2547967399291711010,0,80,4,"[20, 20, 20, 20]","[[4, 6, 9, 10, 21, 39, 41, 44, 45, 48, 58, 64, 73, 74, 85, 86, 90, 90, 106, 108], [11, 13, 18, 46, 55, 60, 68, 81, 94, 96, 108, 111, 124, 170, 182, 183, 187, 187, 191, 192], [6, 11, 28, 33, 42, 54, 56, 58, 78, 93, 111, 165, 169, 174, 176, 181, 184, 189, 215, 216], [61, 63, 78, 81, 86, 94, 97, 101, 105, 114, 123, 128, 135, 136, 138, 140, 142, 144, 146, 148]]",0.5,0.5,0.5,0.125,1,3,PP,uniform_600s,4,4,2,2,"[[2, 2, 1, 2, 2, 1, 1, 1, 2, 2, 2, 2], [2, 1, 1, 1, 1, 1, 1, 2, 2, 1, 1, 2, 2, 2], [1, 1, 1, 1, 1, 2, 1, 1, 1, 1, 2, 2, 2, 1, 2], [2, 2, 1, 2, 2, 1, 1, 1, 2, 2, 2, 2]]",53,1050,2400,0.5625,0.004497,20,21.15,1692,116.5,9320,600.0,12,OPTIMAL,2.1125,169.0,169.0,0.0,2.3257930278778076,0.028823199681937695,2.354703614131531,8178.0,0.01193094253540039,10,OPTIMAL,2.075,0.0,28.9945809841156,2.075,uniform_600s,2.1375,2.1125,0.037499999999999645,True,116.4625,True,True,True
N80_lambda0p5_rep000_seed2547967399291711010,2547967399291711010,0,80,4,"[20, 20, 20, 20]","[[4, 6, 9, 10, 21, 39, 41, 44, 45, 48, 58, 64, 73, 74, 85, 86, 90, 90, 106, 108], [11, 13, 18, 46, 55, 60, 68, 81, 94, 96, 108, 111, 124, 170, 182, 183, 187, 187, 191, 192], [6, 11, 28, 33, 42, 54, 56, 58, 78, 93, 111, 165, 169, 174, 176, 181, 184, 189, 215, 216], [61, 63, 78, 81, 86, 94, 97, 101, 105, 114, 123, 128, 135, 136, 138, 140, 142, 144, 146, 148]]",0.5,0.5,0.5,0.125,1,3,PP,uniform_600s,4,4,4,4,"[[4, 1, 4, 1, 1, 1, 2, 4, 2], [2, 1, 1, 1, 1, 1, 1, 2, 2, 1, 1, 4, 2], [1, 1, 1, 1, 1, 3, 1, 1, 1, 2, 2, 2, 1, 2], [2, 2, 1, 4, 1, 1, 1, 4, 4]]",45,749,2400,0.6879166666666667,0.004176,20,34.575,2766,174.75,13980,600.0,12,OPTIMAL,2.1375,171.0,171.0,0.0,0.38544392585754395,0.02066596131771803,0.4061893848198066,1037.0,0.008148908615112305,10,OPTIMAL,2.075,0.0,28.9945809841156,2.075,uniform_600s,2.1375,2.1375,0.0625,True,174.6875,True,True,True
N80_lambda0p5_rep000_seed2547967399291711010,2547967399291711010,0,80,4,"[20, 20, 20, 20]","[[4, 6, 9, 10, 21, 39, 41, 44, 45, 48, 58, 64, 73, 74, 85, 86, 90, 90, 106, 108], [11, 13, 18, 46, 55, 60, 68, 81, 94, 96, 108, 111, 124, 170, 182, 183, 187, 187, 191, 192], [6, 11, 28, 33, 42, 54, 56, 58, 78, 93, 111, 165, 169, 174, 176, 181, 184, 189, 215, 216], [61, 63, 78, 81, 86, 94, 97, 101, 105, 114, 123, 128, 135, 136, 138, 140, 142, 144, 146, 148]]",0.5,0.5,0.5,0.125,1,3,PP,uniform_600s,4,4,6,6,"[[4, 1, 5, 1, 1, 2, 4, 2], [2, 1, 1, 1, 1, 1, 1, 2, 2, 1, 1, 6], [1, 1, 1, 1, 1, 3, 1, 1, 1, 2, 2, 2, 1, 2], [2, 2, 1, 4, 1, 1, 1, 6, 2]]",43,682,2400,0.7158333333333333,0.005168,20,38.6,3088,192.225,15378,600.0,12,OPTIMAL,2.1375,171.0,171.0,0.0,0.29862189292907715,0.029613632708787918,0.3283391837940984,337.0,0.012676000595092773,10,OPTIMAL,2.075,0.0,28.9945809841156,2.075,uniform_600s,2.1375,2.1375,0.0625,True,192.1625,True,True,True
N80_lambda0p5_rep000_seed2547967399291711010,2547967399291711010,0,80,4,"[20, 20, 20, 20]","[[4, 6, 9, 10, 21, 39, 41, 44, 45, 48, 58, 64, 73, 74, 85, 86, 90, 90, 106, 108], [11, 13, 18, 46, 55, 60, 68, 81, 94, 96, 108, 111, 124, 170, 182, 183, 187, 187, 191, 192], [6, 11, 28, 33, 42, 54, 56, 58, 78, 93, 111, 165, 169, 174, 176, 181, 184, 189, 215, 216], [61, 63, 78, 81, 86, 94, 97, 101, 105, 114, 123, 128, 135, 136, 138, 140, 142, 144, 146, 148]]",0.5,0.5,0.5,0.125,1,3,PP,uniform_600s,4,4,8,8,"[[4, 1, 5, 1, 1, 2, 4, 2], [2, 1, 1, 1, 1, 1, 1, 2, 2, 1, 1, 6], [1, 1, 1, 1, 1, 3, 1, 1, 1, 2, 2, 2, 1, 2], [2, 2, 1, 4, 1, 1, 1, 8]]",42,648,2400,0.73,0.004516,20,39.325,3146,203.875,16310,600.0,12,OPTIMAL,2.1375,171.0,171.0,0.0,0.34989094734191895,0.019943789578974247,0.3699233569373164,606.0,0.0075800418853759766,10,OPTIMAL,2.075,0.0,28.9945809841156,2.075,uniform_600s,2.1375,2.1375,0.0625,True,203.8125,True,True,True
N80_lambda0p5_rep000_seed2547967399291711010,2547967399291711010,0,80,4,"[20, 20, 20, 20]","[[4, 6, 9, 10, 21, 39, 41, 44, 45, 48, 58, 64, 73, 74, 85, 86, 90, 90, 106, 108], [11, 13, 18, 46, 55, 60, 68, 81, 94, 96, 108, 111, 124, 170, 182, 183, 187, 187, 191, 192], [6, 11, 28, 33, 42, 54, 56, 58, 78, 93, 111, 165, 169, 174, 176, 181, 184, 189, 215, 216], [61, 63, 78, 81, 86, 94, 97, 101, 105, 114, 123, 128, 135, 136, 138, 140, 142, 144, 146, 148]]",0.5,0.5,0.5,0.125,1,3,PP,uniform_600s,6,6,2,2,"[[2, 2, 1, 2, 2, 1, 2, 2, 2, 2, 2], [2, 1, 1, 2, 1, 1, 2, 2, 1, 1, 2, 2, 2], [2, 2, 1, 2, 1, 1, 1, 1, 2, 2, 2, 1, 2], [2, 2, 1, 2, 2, 1, 2, 2, 2, 2, 2]]",48,862,2400,0.6408333333333334,0.0043765,20,40.2125,3217,195.5,15640,600.0,12,OPTIMAL,2.125,170.0,170.0,0.0,0.3935689926147461,0.023677943274378777,0.4173284892282381,1708.0,0.009374141693115234,10,OPTIMAL,2.075,0.0,28.9945809841156,2.075,uniform_600s,2.5875,2.125,0.04999999999999982,True,195.45,True,True,True
N80_lambda0p5_rep000_seed2547967399291711010,2547967399291711010,0,80,4,"[20, 20, 20, 20]","[[4, 6, 9, 10, 21, 39, 41, 44, 45, 48, 58, 64, 73, 74, 85, 86, 90, 90, 106, 108], [11, 13, 18, 46, 55, 60, 68, 81, 94, 96, 108, 111, 124, 170, 182, 183, 187, 187, 191, 192], [6, 11, 28, 33, 42, 54, 56, 58, 78, 93, 111, 165, 169, 174, 176, 181, 184, 189, 215, 216], [61, 63, 78, 81, 86, 94, 97, 101, 105, 114, 123, 128, 135, 136, 138, 140, 142, 144, 146, 148]]",0.5,0.5,0.5,0.125,1,3,PP,uniform_600s,6,6,4,4,"[[4, 1, 4, 1, 2, 2, 4, 2], [3, 1, 2, 1, 1, 2, 2, 1, 1, 4, 2], [2, 2, 1, 3, 1, 1, 1, 4, 3, 2], [2, 3, 4, 1, 2, 4, 4]]",36,481,2400,0.7995833333333333,0.010516,20,67.6375,5411,293.25,23460,600.0,12,OPTIMAL,2.375,190.0,190.0,0.0,0.17659401893615723,0.01562819816172123,0.19230345028361415,48.0,0.005261898040771484,10,OPTIMAL,2.075,0.0,28.9945809841156,2.075,uniform_600s,2.5875,2.375,0.2999999999999998,True,292.95,True,True,True
N80_lambda0p5_rep000_seed2547967399291711010,2547967399291711010,0,80,4,"[20, 20, 20, 20]","[[4, 6, 9, 10, 21, 39, 41, 44, 45, 48, 58, 64, 73, 74, 85, 86, 90, 90, 106, 108], [11, 13, 18, 46, 55, 60, 68, 81, 94, 96, 108, 111, 124, 170, 182, 183, 187, 187, 191, 192], [6, 11, 28, 33, 42, 54, 56, 58, 78, 93, 111, 165, 169, 174, 176, 181, 184, 189, 215, 216], [61, 63, 78, 81, 86, 94, 97, 101, 105, 114, 123, 128, 135, 136, 138, 140, 142, 144, 146, 148]]",0.5,0.5,0.5,0.125,1,3,PP,uniform_600s,6,6,6,6,"[[4, 1, 5, 2, 2, 4, 2], [3, 1, 2, 1, 1, 2, 2, 1, 1, 6], [2, 2, 1, 3, 1, 1, 1, 6, 1, 2], [2, 3, 4, 1, 2, 6, 2]]",34,429,2400,0.82125,0.010696,20,71.7625,5741,322.575,25806,600.0,12,OPTIMAL,2.2875,183.0,183.0,0.0,0.10760092735290527,0.014846967533230782,0.12253134580566502,36.0,0.0050449371337890625,10,OPTIMAL,2.075,0.0,28.9945809841156,2.075,uniform_600s,2.5875,2.2875,0.2124999999999999,True,322.3625,True,True,True
N80_lambda0p5_rep000_seed2547967399291711010,2547967399291711010,0,80,4,"[20, 20, 20, 20]","[[4, 6, 9, 10, 21, 39, 41, 44, 45, 48, 58, 64, 73, 74, 85, 86, 90, 90, 106, 108], [11, 13, 18, 46, 55, 60, 68, 81, 94, 96, 108, 111, 124, 170, 182, 183, 187, 187, 191, 192], [6, 11, 28, 33, 42, 54, 56, 58, 78, 93, 111, 165, 169, 174, 176, 181, 184, 189, 215, 216], [61, 63, 78, 81, 86, 94, 97, 101, 105, 114, 123, 128, 135, 136, 138, 140, 142, 144, 146, 148]]",0.5,0.5,0.5,0.125,1,3,PP,uniform_600s,6,6,8,8,"[[4, 1, 5, 2, 2, 4, 2], [3, 1, 2, 1, 1, 2, 2, 1, 1, 6], [2, 2, 1, 3, 1, 1, 1, 7, 2], [2, 3, 4, 1, 2, 8]]",32,379,2400,0.8420833333333333,0.0042315,20,75.5875,6047,342.125,27370,600.0,12,OPTIMAL,2.5875,207.0,207.0,0.0,0.11631107330322266,0.013543588109314442,0.1299281795867982,43.0,0.0040400028228759766,8,OPTIMAL,2.075,0.0,28.9945809841156,2.075,uniform_600s,2.5875,2.5875,0.5124999999999997,True,341.6125,True,True,True
N80_lambda0p5_rep000_seed2547967399291711010,2547967399291711010,0,80,4,"[20, 20, 20, 20]","[[4, 6, 9, 10, 21, 39, 41, 44, 45, 48, 58, 64, 73, 74, 85, 86, 90, 90, 106, 108], [11, 13, 18, 46, 55, 60, 68, 81, 94, 96, 108, 111, 124, 170, 182, 183, 187, 187, 191, 192], [6, 11, 28, 33, 42, 54, 56, 58, 78, 93, 111, 165, 169, 174, 176, 181, 184, 189, 215, 216], [61, 63, 78, 81, 86, 94, 97, 101, 105, 114, 123, 128, 135, 136, 138, 140, 142, 144, 146, 148]]",0.5,0.5,0.5,0.125,1,3,PP,uniform_600s,8,8,2,2,"[[2, 2, 1, 2, 2, 1, 2, 2, 2, 2, 2], [2, 1, 1, 2, 1, 1, 2, 2, 1, 1, 2, 2, 2], [2, 2, 1, 2, 1, 1, 1, 1, 2, 2, 2, 1, 2], [2, 2, 2, 2, 1, 1, 2, 2, 2, 2, 2]]",48,862,2400,0.6408333333333334,0.004362,20,44.9625,3597,274.5,21960,600.0,12,OPTIMAL,2.225,178.0,178.0,0.0,0.45135998725891113,0.02382722869515419,0.4752767697552557,3227.0,0.009449958801269531,10,OPTIMAL,2.075,0.0,28.9945809841156,2.075,uniform_600s,3.25,2.225,0.1499999999999999,True,274.35,True,True,True
N80_lambda0p5_rep000_seed2547967399291711010,2547967399291711010,0,80,4,"[20, 20, 20, 20]","[[4, 6, 9, 10, 21, 39, 41, 44, 45, 48, 58, 64, 73, 74, 85, 86, 90, 90, 106, 108], [11, 13, 18, 46, 55, 60, 68, 81, 94, 96, 108, 111, 124, 170, 182, 183, 187, 187, 191, 192], [6, 11, 28, 33, 42, 54, 56, 58, 78, 93, 111, 165, 169, 174, 176, 181, 184, 189, 215, 216], [61, 63, 78, 81, 86, 94, 97, 101, 105, 114, 123, 128, 135, 136, 138, 140, 142, 144, 146, 148]]",0.5,0.5,0.5,0.125,1,3,PP,uniform_600s,8,8,4,4,"[[4, 1, 4, 1, 2, 2, 4, 2], [3, 1, 3, 1, 2, 2, 1, 1, 4, 2], [2, 2, 1, 3, 1, 1, 1, 4, 3, 2], [2, 4, 3, 1, 4, 4, 2]]",35,456,2400,0.81,0.0043315,20,83.075,6646,411.75,32940,600.0,12,OPTIMAL,3.0375,243.0,243.0,0.0,0.2265758514404297,0.015314234420657158,0.2419670484147134,762.0,0.005053997039794922,10,OPTIMAL,2.075,0.0,28.9945809841156,2.075,uniform_600s,3.25,3.0375,0.9624999999999999,True,410.7875,True,True,True
N80_lambda0p5_rep000_seed2547967399291711010,2547967399291711010,0,80,4,"[20, 20, 20, 20]","[[4, 6, 9, 10, 21, 39, 41, 44, 45, 48, 58, 64, 73, 74, 85, 86, 90, 90, 106, 108], [11, 13, 18, 46, 55, 60, 68, 81, 94, 96, 108, 111, 124, 170, 182, 183, 187, 187, 191, 192], [6, 11, 28, 33, 42, 54, 56, 58, 78, 93, 111, 165, 169, 174, 176, 181, 184, 189, 215, 216], [61, 63, 78, 81, 86, 94, 97, 101, 105, 114, 123, 128, 135, 136, 138, 140, 142, 144, 146, 148]]",0.5,0.5,0.5,0.125,1,3,PP,uniform_600s,8,8,6,6,"[[4, 1, 5, 2, 2, 4, 2], [3, 1, 3, 1, 2, 2, 1, 1, 6], [2, 2, 1, 3, 1, 1, 1, 6, 1, 2], [2, 6, 1, 1, 6, 4]]",32,379,2400,0.8420833333333333,0.0041615,20,87.075,6966,452.925,36234,600.0,12,OPTIMAL,2.95,236.0,236.0,0.0,0.15025997161865234,0.013215120881795883,0.16355254443045758,237.0,0.004060029983520508,10,OPTIMAL,2.075,0.0,28.9945809841156,2.075,uniform_600s,3.25,2.95,0.875,True,452.05,True,True,True
N80_lambda0p5_rep000_seed2547967399291711010,2547967399291711010,0,80,4,"[20, 20, 20, 20]","[[4, 6, 9, 10, 21, 39, 41, 44, 45, 48, 58, 64, 73, 74, 85, 86, 90, 90, 106, 108], [11, 13, 18, 46, 55, 60, 68, 81, 94, 96, 108, 111, 124, 170, 182, 183, 187, 187, 191, 192], [6, 11, 28, 33, 42, 54, 56, 58, 78, 93, 111, 165, 169, 174, 176, 181, 184, 189, 215, 216], [61, 63, 78, 81, 86, 94, 97, 101, 105, 114, 123, 128, 135, 136, 138, 140, 142, 144, 146, 148]]",0.5,0.5,0.5,0.125,1,3,PP,uniform_600s,8,8,8,8,"[[4, 1, 5, 2, 2, 4, 2], [3, 1, 3, 1, 2, 2, 1, 1, 6], [2, 2, 1, 3, 1, 1, 1, 7, 2], [2, 7, 1, 8, 2]]",30,332,2400,0.8616666666666667,0.004011,20,92.85,7428,480.375,38430,600.0,12,OPTIMAL,3.25,260.0,260.0,0.0,0.11679196357727051,0.012054657563567162,0.1289194550164566,64.0,0.0035741329193115234,7,OPTIMAL,2.075,0.0,28.9945809841156,2.075,uniform_600s,3.25,3.25,1.1749999999999998,True,479.2,True,True,True
N80_lambda0p5_rep001_seed993523646320359313,993523646320359313,1,80,4,"[20, 20, 20, 20]","[[11, 11, 15, 16, 18, 39, 51, 53, 55, 62, 64, 70, 83, 97, 109, 114, 127, 132, 141, 142], [5, 33, 46, 60, 61, 63, 73, 80, 96, 97, 105, 108, 133, 148, 149, 151, 154, 159, 161, 163], [1, 7, 8, 12, 16, 16, 20, 23, 31, 32, 47, 52, 53, 53, 58, 58, 60, 65, 69, 81], [3, 18, 19, 32, 33, 45, 62, 100, 106, 123, 137, 141, 146, 168, 174, 181, 187, 193, 227, 239]]",0.5,0.5,0.5,0.125,1,3,PP,uniform_600s,2,2,2,2,"[[2, 2, 1, 1, 2, 1, 2, 1, 1, 1, 1, 1, 1, 1, 2], [1, 1, 1, 2, 1, 1, 1, 2, 1, 1, 1, 2, 1, 1, 2, 1], [1, 2, 1, 2, 1, 1, 2, 1, 2, 1, 2, 1, 1, 1, 1], [1, 2, 2, 1, 1, 1, 1, 1, 1, 1, 1, 1, 1, 1, 1, 1, 1, 1]]",64,1533,2400,0.36124999999999996,0.005819,20,2.4125,193,37.5,3000,600.0,12,OPTIMAL,2.9375,235.0,235.0,0.0,28.136133909225464,0.05764445383101702,28.193921809181266,131373.0,0.021770000457763672,10,OPTIMAL,2.9375,0.0,313.6985490322113,2.9375,uniform_600s,2.9375,2.9375,0.0,True,37.5,True,True,True
N80_lambda0p5_rep001_seed993523646320359313,993523646320359313,1,80,4,"[20, 20, 20, 20]","[[11, 11, 15, 16, 18, 39, 51, 53, 55, 62, 64, 70, 83, 97, 109, 114, 127, 132, 141, 142], [5, 33, 46, 60, 61, 63, 73, 80, 96, 97, 105, 108, 133, 148, 149, 151, 154, 159, 161, 163], [1, 7, 8, 12, 16, 16, 20, 23, 31, 32, 47, 52, 53, 53, 58, 58, 60, 65, 69, 81], [3, 18, 19, 32, 33, 45, 62, 100, 106, 123, 137, 141, 146, 168, 174, 181, 187, 193, 227, 239]]",0.5,0.5,0.5,0.125,1,3,PP,uniform_600s,2,2,4,4,"[[2, 3, 1, 3, 2, 1, 1, 1, 1, 1, 1, 1, 2], [1, 1, 1, 3, 1, 1, 2, 1, 1, 1, 3, 1, 3], [1, 2, 1, 2, 1, 1, 2, 1, 3, 3, 1, 1, 1], [1, 2, 2, 1, 1, 1, 1, 1, 1, 1, 1, 1, 1, 1, 1, 1, 1, 1]]",57,1209,2400,0.49624999999999997,0.007977,20,7.275,582,56.25,4500,600.0,12,OPTIMAL,2.9375,235.0,235.0,0.0,4.428559064865112,0.05676311254501343,4.485482345557334,16404.0,0.024504899978637695,10,OPTIMAL,2.9375,0.0,313.6985490322113,2.9375,uniform_600s,2.9375,2.9375,0.0,True,56.25,True,True,True
N80_lambda0p5_rep001_seed993523646320359313,993523646320359313,1,80,4,"[20, 20, 20, 20]","[[11, 11, 15, 16, 18, 39, 51, 53, 55, 62, 64, 70, 83, 97, 109, 114, 127, 132, 141, 142], [5, 33, 46, 60, 61, 63, 73, 80, 96, 97, 105, 108, 133, 148, 149, 151, 154, 159, 161, 163], [1, 7, 8, 12, 16, 16, 20, 23, 31, 32, 47, 52, 53, 53, 58, 58, 60, 65, 69, 81], [3, 18, 19, 32, 33, 45, 62, 100, 106, 123, 137, 141, 146, 168, 174, 181, 187, 193, 227, 239]]",0.5,0.5,0.5,0.125,1,3,PP,uniform_600s,2,2,6,6,"[[2, 3, 1, 3, 2, 1, 1, 1, 1, 1, 1, 1, 2], [1, 1, 1, 3, 1, 1, 2, 1, 1, 1, 3, 1, 3], [1, 2, 1, 2, 1, 1, 2, 1, 3, 3, 1, 1, 1], [1, 2, 2, 1, 1, 1, 1, 1, 1, 1, 1, 1, 1, 1, 1, 1, 1, 1]]",57,1209,2400,0.49624999999999997,0.004697,20,7.275,582,61.875,4950,600.0,12,OPTIMAL,2.9375,235.0,235.0,0.0,4.203171968460083,0.033382209949195385,4.2366641521131125,16404.0,0.014585018157958984,10,OPTIMAL,2.9375,0.0,313.6985490322113,2.9375,uniform_600s,2.9375,2.9375,0.0,True,61.875,True,True,True
N80_lambda0p5_rep001_seed993523646320359313,993523646320359313,1,80,4,"[20, 20, 20, 20]","[[11, 11, 15, 16, 18, 39, 51, 53, 55, 62, 64, 70, 83, 97, 109, 114, 127, 132, 141, 142], [5, 33, 46, 60, 61, 63, 73, 80, 96, 97, 105, 108, 133, 148, 149, 151, 154, 159, 161, 163], [1, 7, 8, 12, 16, 16, 20, 23, 31, 32, 47, 52, 53, 53, 58, 58, 60, 65, 69, 81], [3, 18, 19, 32, 33, 45, 62, 100, 106, 123, 137, 141, 146, 168, 174, 181, 187, 193, 227, 239]]",0.5,0.5,0.5,0.125,1,3,PP,uniform_600s,2,2,8,8,"[[2, 3, 1, 3, 2, 1, 1, 1, 1, 1, 1, 1, 2], [1, 1, 1, 3, 1, 1, 2, 1, 1, 1, 3, 1, 3], [1, 2, 1, 2, 1, 1, 2, 1, 3, 3, 1, 1, 1], [1, 2, 2, 1, 1, 1, 1, 1, 1, 1, 1, 1, 1, 1, 1, 1, 1, 1]]",57,1209,2400,0.49624999999999997,0.0071005,20,7.275,582,65.625,5250,600.0,12,OPTIMAL,2.9375,235.0,235.0,0.0,4.200247049331665,0.057133701629936695,4.25753454780562,16404.0,0.025136947631835938,10,OPTIMAL,2.9375,0.0,313.6985490322113,2.9375,uniform_600s,2.9375,2.9375,0.0,True,65.625,True,True,True
N80_lambda0p5_rep001_seed993523646320359313,993523646320359313,1,80,4,"[20, 20, 20, 20]","[[11, 11, 15, 16, 18, 39, 51, 53, 55, 62, 64, 70, 83, 97, 109, 114, 127, 132, 141, 142], [5, 33, 46, 60, 61, 63, 73, 80, 96, 97, 105, 108, 133, 148, 149, 151, 154, 159, 161, 163], [1, 7, 8, 12, 16, 16, 20, 23, 31, 32, 47, 52, 53, 53, 58, 58, 60, 65, 69, 81], [3, 18, 19, 32, 33, 45, 62, 100, 106, 123, 137, 141, 146, 168, 174, 181, 187, 193, 227, 239]]",0.5,0.5,0.5,0.125,1,3,PP,uniform_600s,4,4,2,2,"[[2, 2, 1, 1, 2, 1, 2, 1, 1, 1, 1, 1, 1, 1, 2], [1, 1, 1, 2, 1, 1, 1, 2, 2, 1, 2, 2, 2, 1], [1, 2, 2, 2, 1, 2, 1, 2, 1, 2, 1, 2, 1], [1, 2, 2, 1, 1, 1, 1, 1, 2, 1, 1, 1, 1, 1, 1, 1, 1]]",59,1301,2400,0.45791666666666664,0.0070855,20,15.975,1278,116.5,9320,600.0,12,OPTIMAL,3.1125,249.0,249.0,0.0,16.96734094619751,0.060286748223006725,17.027784216215547,81495.0,0.022855043411254883,10,OPTIMAL,2.9375,0.0,313.6985490322113,2.9375,uniform_600s,3.6625,3.1125,0.17499999999999982,True,116.325,True,True,True
N80_lambda0p5_rep001_seed993523646320359313,993523646320359313,1,80,4,"[20, 20, 20, 20]","[[11, 11, 15, 16, 18, 39, 51, 53, 55, 62, 64, 70, 83, 97, 109, 114, 127, 132, 141, 142], [5, 33, 46, 60, 61, 63, 73, 80, 96, 97, 105, 108, 133, 148, 149, 151, 154, 159, 161, 163], [1, 7, 8, 12, 16, 16, 20, 23, 31, 32, 47, 52, 53, 53, 58, 58, 60, 65, 69, 81], [3, 18, 19, 32, 33, 45, 62, 100, 106, 123, 137, 141, 146, 168, 174, 181, 187, 193, 227, 239]]",0.5,0.5,0.5,0.125,1,3,PP,uniform_600s,4,4,4,4,"[[4, 1, 1, 3, 2, 1, 1, 1, 1, 1, 1, 1, 2], [1, 1, 1, 3, 1, 1, 2, 2, 1, 4, 3], [1, 4, 3, 2, 1, 3, 3, 2, 1], [1, 2, 2, 1, 1, 1, 1, 1, 2, 1, 1, 1, 1, 1, 1, 1, 1]]",50,920,2400,0.6166666666666667,0.007376,20,27.425,2194,174.75,13980,600.0,12,OPTIMAL,3.6,288.0,288.0,0.0,5.058446168899536,0.049806104972958565,5.108410685248388,46174.0,0.018403053283691406,10,OPTIMAL,2.9375,0.0,313.6985490322113,2.9375,uniform_600s,3.6625,3.6,0.6625000000000001,True,174.0875,True,True,True
N80_lambda0p5_rep001_seed993523646320359313,993523646320359313,1,80,4,"[20, 20, 20, 20]","[[11, 11, 15, 16, 18, 39, 51, 53, 55, 62, 64, 70, 83, 97, 109, 114, 127, 132, 141, 142], [5, 33, 46, 60, 61, 63, 73, 80, 96, 97, 105, 108, 133, 148, 149, 151, 154, 159, 161, 163], [1, 7, 8, 12, 16, 16, 20, 23, 31, 32, 47, 52, 53, 53, 58, 58, 60, 65, 69, 81], [3, 18, 19, 32, 33, 45, 62, 100, 106, 123, 137, 141, 146, 168, 174, 181, 187, 193, 227, 239]]",0.5,0.5,0.5,0.125,1,3,PP,uniform_600s,4,4,6,6,"[[5, 1, 3, 2, 1, 1, 1, 1, 1, 1, 1, 2], [1, 1, 1, 3, 1, 1, 2, 2, 1, 4, 3], [1, 6, 1, 2, 1, 3, 3, 2, 1], [1, 2, 2, 1, 1, 1, 1, 1, 2, 1, 1, 1, 1, 1, 1, 1, 1]]",49,883,2400,0.6320833333333333,0.007431,20,26.55,2124,192.225,15378,600.0,12,OPTIMAL,3.6625,293.0,293.0,0.0,4.960054874420166,0.043524621054530144,5.003739790968126,51971.0,0.019177913665771484,10,OPTIMAL,2.9375,0.0,313.6985490322113,2.9375,uniform_600s,3.6625,3.6625,0.7250000000000001,True,191.5,True,True,True
N80_lambda0p5_rep001_seed993523646320359313,993523646320359313,1,80,4,"[20, 20, 20, 20]","[[11, 11, 15, 16, 18, 39, 51, 53, 55, 62, 64, 70, 83, 97, 109, 114, 127, 132, 141, 142], [5, 33, 46, 60, 61, 63, 73, 80, 96, 97, 105, 108, 133, 148, 149, 151, 154, 159, 161, 163], [1, 7, 8, 12, 16, 16, 20, 23, 31, 32, 47, 52, 53, 53, 58, 58, 60, 65, 69, 81], [3, 18, 19, 32, 33, 45, 62, 100, 106, 123, 137, 141, 146, 168, 174, 181, 187, 193, 227, 239]]",0.5,0.5,0.5,0.125,1,3,PP,uniform_600s,4,4,8,8,"[[5, 1, 3, 2, 1, 1, 1, 1, 1, 1, 1, 2], [1, 1, 1, 3, 1, 1, 2, 2, 1, 4, 3], [1, 7, 2, 1, 3, 3, 2, 1], [1, 2, 2, 1, 1, 1, 1, 1, 2, 1, 1, 1, 1, 1, 1, 1, 1]]",48,843,2400,0.6487499999999999,0.007852,20,28.325,2266,203.875,16310,600.0,12,OPTIMAL,3.6625,293.0,293.0,0.0,3.8674778938293457,0.042953367345035076,3.9105881480693836,16989.0,0.017539024353027344,10,OPTIMAL,2.9375,0.0,313.6985490322113,2.9375,uniform_600s,3.6625,3.6625,0.7250000000000001,True,203.15,True,True,True
N80_lambda0p5_rep001_seed993523646320359313,993523646320359313,1,80,4,"[20, 20, 20, 20]","[[11, 11, 15, 16, 18, 39, 51, 53, 55, 62, 64, 70, 83, 97, 109, 114, 127, 132, 141, 142], [5, 33, 46, 60, 61, 63, 73, 80, 96, 97, 105, 108, 133, 148, 149, 151, 154, 159, 161, 163], [1, 7, 8, 12, 16, 16, 20, 23, 31, 32, 47, 52, 53, 53, 58, 58, 60, 65, 69, 81], [3, 18, 19, 32, 33, 45, 62, 100, 106, 123, 137, 141, 146, 168, 174, 181, 187, 193, 227, 239]]",0.5,0.5,0.5,0.125,1,3,PP,uniform_600s,6,6,2,2,"[[2, 2, 1, 1, 2, 1, 2, 1, 1, 1, 2, 2, 2], [1, 1, 1, 2, 1, 1, 1, 2, 2, 1, 2, 2, 2, 1], [2, 2, 2, 2, 2, 2, 2, 2, 2, 1, 1], [1, 2, 2, 1, 1, 2, 1, 2, 1, 2, 2, 1, 1, 1]]",52,1011,2400,0.57875,0.007416,20,42.95,3436,195.5,15640,600.0,12,OPTIMAL,3.1375,251.0,251.0,0.0,4.728973865509033,0.04830474592745304,4.777421845932833,18440.0,0.020857810974121094,10,OPTIMAL,2.9375,0.0,313.6985490322113,2.9375,uniform_600s,4.4,3.1375,0.20000000000000018,True,195.3,True,True,True
N80_lambda0p5_rep001_seed993523646320359313,993523646320359313,1,80,4,"[20, 20, 20, 20]","[[11, 11, 15, 16, 18, 39, 51, 53, 55, 62, 64, 70, 83, 97, 109, 114, 127, 132, 141, 142], [5, 33, 46, 60, 61, 63, 73, 80, 96, 97, 105, 108, 133, 148, 149, 151, 154, 159, 161, 163], [1, 7, 8, 12, 16, 16, 20, 23, 31, 32, 47, 52, 53, 53, 58, 58, 60, 65, 69, 81], [3, 18, 19, 32, 33, 45, 62, 100, 106, 123, 137, 141, 146, 168, 174, 181, 187, 193, 227, 239]]",0.5,0.5,0.5,0.125,1,3,PP,uniform_600s,6,6,4,4,"[[4, 1, 1, 3, 3, 1, 1, 2, 2, 2], [1, 1, 1, 3, 1, 1, 2, 2, 1, 4, 3], [4, 4, 2, 4, 4, 1, 1], [1, 2, 2, 1, 1, 2, 1, 3, 2, 3, 1, 1]]",40,593,2400,0.7529166666666667,0.007646,20,64.0125,5121,293.25,23460,600.0,12,OPTIMAL,3.1625,253.0,253.0,0.0,0.48697686195373535,0.03405880182981491,0.5211922906618438,2341.0,0.013248920440673828,10,OPTIMAL,2.9375,0.0,313.6985490322113,2.9375,uniform_600s,4.4,3.1625,0.2250000000000001,True,293.025,True,True,True
N80_lambda0p5_rep001_seed993523646320359313,993523646320359313,1,80,4,"[20, 20, 20, 20]","[[11, 11, 15, 16, 18, 39, 51, 53, 55, 62, 64, 70, 83, 97, 109, 114, 127, 132, 141, 142], [5, 33, 46, 60, 61, 63, 73, 80, 96, 97, 105, 108, 133, 148, 149, 151, 154, 159, 161, 163], [1, 7, 8, 12, 16, 16, 20, 23, 31, 32, 47, 52, 53, 53, 58, 58, 60, 65, 69, 81], [3, 18, 19, 32, 33, 45, 62, 100, 106, 123, 137, 141, 146, 168, 174, 181, 187, 193, 227, 239]]",0.5,0.5,0.5,0.125,1,3,PP,uniform_600s,6,6,6,6,"[[5, 1, 3, 3, 1, 1, 2, 2, 2], [1, 1, 1, 3, 1, 1, 2, 2, 1, 6, 1], [6, 2, 2, 6, 3, 1], [1, 2, 2, 1, 1, 2, 1, 3, 2, 3, 1, 1]]",38,531,2400,0.77875,0.0070705,20,72.15,5772,322.575,25806,600.0,12,OPTIMAL,3.9125,313.0,313.0,0.0,0.6371760368347168,0.030193409882485867,0.6675233439463811,6765.0,0.012598037719726562,8,OPTIMAL,2.9375,0.0,313.6985490322113,2.9375,uniform_600s,4.4,3.9125,0.9750000000000001,True,321.59999999999997,True,True,True
N80_lambda0p5_rep001_seed993523646320359313,993523646320359313,1,80,4,"[20, 20, 20, 20]","[[11, 11, 15, 16, 18, 39, 51, 53, 55, 62, 64, 70, 83, 97, 109, 114, 127, 132, 141, 142], [5, 33, 46, 60, 61, 63, 73, 80, 96, 97, 105, 108, 133, 148, 149, 151, 154, 159, 161, 163], [1, 7, 8, 12, 16, 16, 20, 23, 31, 32, 47, 52, 53, 53, 58, 58, 60, 65, 69, 81], [3, 18, 19, 32, 33, 45, 62, 100, 106, 123, 137, 141, 146, 168, 174, 181, 187, 193, 227, 239]]",0.5,0.5,0.5,0.125,1,3,PP,uniform_600s,6,6,8,8,"[[5, 1, 3, 3, 1, 1, 2, 2, 2], [1, 1, 1, 3, 1, 1, 2, 2, 1, 7], [8, 2, 8, 1, 1], [1, 2, 2, 1, 1, 2, 1, 3, 2, 3, 1, 1]]",36,473,2400,0.8029166666666667,0.006009,20,74.0625,5925,342.125,27370,600.0,12,OPTIMAL,4.15,332.0,332.0,0.0,0.4270031452178955,0.02788419835269451,0.45503515481447837,3095.0,0.010102033615112305,5,OPTIMAL,2.9375,0.0,313.6985490322113,2.9375,uniform_600s,4.4,4.15,1.2125000000000004,True,340.9125,True,True,True
N80_lambda0p5_rep001_seed993523646320359313,993523646320359313,1,80,4,"[20, 20, 20, 20]","[[11, 11, 15, 16, 18, 39, 51, 53, 55, 62, 64, 70, 83, 97, 109, 114, 127, 132, 141, 142], [5, 33, 46, 60, 61, 63, 73, 80, 96, 97, 105, 108, 133, 148, 149, 151, 154, 159, 161, 163], [1, 7, 8, 12, 16, 16, 20, 23, 31, 32, 47, 52, 53, 53, 58, 58, 60, 65, 69, 81], [3, 18, 19, 32, 33, 45, 62, 100, 106, 123, 137, 141, 146, 168, 174, 181, 187, 193, 227, 239]]",0.5,0.5,0.5,0.125,1,3,PP,uniform_600s,8,8,2,2,"[[2, 2, 1, 1, 2, 2, 2, 1, 1, 2, 2, 2], [1, 1, 1, 2, 1, 2, 2, 2, 1, 2, 2, 2, 1], [2, 2, 2, 2, 2, 2, 2, 2, 2, 1, 1], [1, 2, 2, 1, 1, 2, 1, 2, 1, 2, 2, 1, 1, 1]]",50,935,2400,0.6104166666666666,0.00636,20,57.0875,4567,274.5,21960,600.0,12,OPTIMAL,3.2125,257.0,257.0,0.0,1.9918971061706543,0.040395259857177734,2.032422917893157,16407.0,0.017849206924438477,10,OPTIMAL,2.9375,0.0,313.6985490322113,2.9375,uniform_600s,5.3625,3.2125,0.2749999999999999,True,274.225,True,True,True
N80_lambda0p5_rep001_seed993523646320359313,993523646320359313,1,80,4,"[20, 20, 20, 20]","[[11, 11, 15, 16, 18, 39, 51, 53, 55, 62, 64, 70, 83, 97, 109, 114, 127, 132, 141, 142], [5, 33, 46, 60, 61, 63, 73, 80, 96, 97, 105, 108, 133, 148, 149, 151, 154, 159, 161, 163], [1, 7, 8, 12, 16, 16, 20, 23, 31, 32, 47, 52, 53, 53, 58, 58, 60, 65, 69, 81], [3, 18, 19, 32, 33, 45, 62, 100, 106, 123, 137, 141, 146, 168, 174, 181, 187, 193, 227, 239]]",0.5,0.5,0.5,0.125,1,3,PP,uniform_600s,8,8,4,4,"[[4, 1, 1, 4, 2, 1, 1, 2, 2, 2], [1, 1, 1, 3, 2, 4, 1, 4, 3], [4, 4, 2, 4, 4, 1, 1], [1, 2, 2, 1, 1, 2, 1, 3, 4, 1, 1, 1]]",38,535,2400,0.7770833333333333,0.0072355,20,80.9,6472,411.75,32940,600.0,12,OPTIMAL,3.55,284.0,284.0,0.0,0.4849989414215088,0.01919582672417164,0.5043030009222846,1217.0,0.007551908493041992,10,OPTIMAL,2.9375,0.0,313.6985490322113,2.9375,uniform_600s,5.3625,3.55,0.6124999999999998,True,411.1375,True,True,True
N80_lambda0p5_rep001_seed993523646320359313,993523646320359313,1,80,4,"[20, 20, 20, 20]","[[11, 11, 15, 16, 18, 39, 51, 53, 55, 62, 64, 70, 83, 97, 109, 114, 127, 132, 141, 142], [5, 33, 46, 60, 61, 63, 73, 80, 96, 97, 105, 108, 133, 148, 149, 151, 154, 159, 161, 163], [1, 7, 8, 12, 16, 16, 20, 23, 31, 32, 47, 52, 53, 53, 58, 58, 60, 65, 69, 81], [3, 18, 19, 32, 33, 45, 62, 100, 106, 123, 137, 141, 146, 168, 174, 181, 187, 193, 227, 239]]",0.5,0.5,0.5,0.125,1,3,PP,uniform_600s,8,8,6,6,"[[5, 1, 6, 1, 1, 2, 2, 2], [1, 1, 1, 3, 2, 4, 1, 6, 1], [6, 4, 6, 3, 1], [1, 2, 2, 1, 1, 2, 1, 3, 5, 1, 1]]",33,399,2400,0.83375,0.0051225,20,100.0,8000,452.925,36234,600.0,12,OPTIMAL,4.125,330.0,330.0,0.0,0.23861408233642578,0.01601552963256836,0.2547336222999668,867.0,0.0054171085357666016,10,OPTIMAL,2.9375,0.0,313.6985490322113,2.9375,uniform_600s,5.3625,4.125,1.1875,True,451.7375,True,True,True
N80_lambda0p5_rep001_seed993523646320359313,993523646320359313,1,80,4,"[20, 20, 20, 20]","[[11, 11, 15, 16, 18, 39, 51, 53, 55, 62, 64, 70, 83, 97, 109, 114, 127, 132, 141, 142], [5, 33, 46, 60, 61, 63, 73, 80, 96, 97, 105, 108, 133, 148, 149, 151, 154, 159, 161, 163], [1, 7, 8, 12, 16, 16, 20, 23, 31, 32, 47, 52, 53, 53, 58, 58, 60, 65, 69, 81], [3, 18, 19, 32, 33, 45, 62, 100, 106, 123, 137, 141, 146, 168, 174, 181, 187, 193, 227, 239]]",0.5,0.5,0.5,0.125,1,3,PP,uniform_600s,8,8,8,8,"[[5, 1, 6, 1, 1, 2, 2, 2], [1, 1, 1, 3, 2, 4, 1, 7], [8, 2, 8, 1, 1], [1, 2, 2, 1, 1, 2, 1, 3, 5, 1, 1]]",32,375,2400,0.84375,0.0048825,20,95.6625,7653,480.375,38430,600.0,12,OPTIMAL,4.825,386.0,386.0,0.0,0.3975710868835449,0.015129299834370613,0.41279869763595584,1544.0,0.00504612922668457,10,OPTIMAL,2.9375,0.0,313.6985490322113,2.9375,uniform_600s,5.3625,4.825,1.8875000000000002,True,478.4875,True,True,True
N80_lambda0p5_rep006_seed8256203187050153092,8256203187050153092,6,80,4,"[20, 20, 20, 20]","[[39, 42, 62, 66, 71, 72, 73, 78, 83, 90, 116, 123, 124, 126, 128, 128, 139, 165, 168, 172], [1, 2, 12, 15, 45, 46, 46, 56, 71, 73, 73, 93, 96, 97, 103, 113, 113, 113, 114, 116], [16, 21, 31, 41, 42, 57, 60, 61, 83, 92, 94, 98, 141, 148, 163, 165, 177, 193, 194, 218], [11, 22, 27, 33, 34, 45, 46, 48, 49, 54, 63, 63, 87, 91, 119, 121, 138, 149, 150, 156]]",0.5,0.5,0.5,0.125,1,3,PP,uniform_600s,2,2,2,2,"[[1, 1, 1, 1, 2, 1, 1, 1, 1, 1, 2, 2, 1, 1, 1, 1, 1], [2, 1, 1, 2, 1, 1, 2, 1, 1, 2, 1, 2, 2, 1], [1, 1, 1, 2, 1, 2, 1, 2, 1, 1, 1, 2, 1, 2, 1], [1, 1, 1, 2, 2, 2, 1, 2, 1, 1, 2, 1, 2, 1]]",60,1347,2400,0.43875,0.004692,20,3.9625,317,37.5,3000,600.0,12,OPTIMAL,2.4,192.0,192.0,0.0,6.535784006118774,0.03426193818449974,6.57014357112035,29208.0,0.012645959854125977,10,OPTIMAL,2.4,0.0,37.87706899642944,2.4,uniform_600s,2.4,2.4,0.0,True,37.5,True,True,True
N80_lambda0p5_rep006_seed8256203187050153092,8256203187050153092,6,80,4,"[20, 20, 20, 20]","[[39, 42, 62, 66, 71, 72, 73, 78, 83, 90, 116, 123, 124, 126, 128, 128, 139, 165, 168, 172], [1, 2, 12, 15, 45, 46, 46, 56, 71, 73, 73, 93, 96, 97, 103, 113, 113, 113, 114, 116], [16, 21, 31, 41, 42, 57, 60, 61, 83, 92, 94, 98, 141, 148, 163, 165, 177, 193, 194, 218], [11, 22, 27, 33, 34, 45, 46, 48, 49, 54, 63, 63, 87, 91, 119, 121, 138, 149, 150, 156]]",0.5,0.5,0.5,0.125,1,3,PP,uniform_600s,2,2,4,4,"[[1, 1, 1, 1, 3, 1, 1, 1, 1, 4, 1, 1, 1, 1, 1], [2, 1, 1, 3, 1, 3, 1, 2, 1, 4, 1], [1, 1, 1, 2, 1, 2, 1, 2, 1, 1, 1, 2, 1, 2, 1], [1, 1, 1, 2, 4, 1, 2, 1, 1, 2, 1, 2, 1]]",54,1088,2400,0.5466666666666666,0.0057285,20,5.6125,449,56.25,4500,600.0,12,OPTIMAL,2.4,192.0,192.0,0.0,3.8444740772247314,0.04303382057696581,3.8876336430479204,16375.0,0.021723031997680664,10,OPTIMAL,2.4,0.0,37.87706899642944,2.4,uniform_600s,2.4,2.4,0.0,True,56.25,True,True,True
N80_lambda0p5_rep006_seed8256203187050153092,8256203187050153092,6,80,4,"[20, 20, 20, 20]","[[39, 42, 62, 66, 71, 72, 73, 78, 83, 90, 116, 123, 124, 126, 128, 128, 139, 165, 168, 172], [1, 2, 12, 15, 45, 46, 46, 56, 71, 73, 73, 93, 96, 97, 103, 113, 113, 113, 114, 116], [16, 21, 31, 41, 42, 57, 60, 61, 83, 92, 94, 98, 141, 148, 163, 165, 177, 193, 194, 218], [11, 22, 27, 33, 34, 45, 46, 48, 49, 54, 63, 63, 87, 91, 119, 121, 138, 149, 150, 156]]",0.5,0.5,0.5,0.125,1,3,PP,uniform_600s,2,2,6,6,"[[1, 1, 1, 1, 3, 1, 1, 1, 1, 5, 1, 1, 1, 1], [2, 1, 1, 3, 1, 3, 1, 2, 1, 5], [1, 1, 1, 2, 1, 2, 1, 2, 1, 1, 1, 2, 1, 2, 1], [1, 1, 1, 2, 4, 1, 2, 1, 1, 2, 1, 2, 1]]",52,1007,2400,0.5804166666666667,0.0074715,20,6.325,506,61.875,4950,600.0,12,OPTIMAL,2.4,192.0,192.0,0.0,2.927410840988159,0.04895116575062275,2.976509897468647,9790.0,0.02105093002319336,10,OPTIMAL,2.4,0.0,37.87706899642944,2.4,uniform_600s,2.4,2.4,0.0,True,61.875,True,True,True
N80_lambda0p5_rep006_seed8256203187050153092,8256203187050153092,6,80,4,"[20, 20, 20, 20]","[[39, 42, 62, 66, 71, 72, 73, 78, 83, 90, 116, 123, 124, 126, 128, 128, 139, 165, 168, 172], [1, 2, 12, 15, 45, 46, 46, 56, 71, 73, 73, 93, 96, 97, 103, 113, 113, 113, 114, 116], [16, 21, 31, 41, 42, 57, 60, 61, 83, 92, 94, 98, 141, 148, 163, 165, 177, 193, 194, 218], [11, 22, 27, 33, 34, 45, 46, 48, 49, 54, 63, 63, 87, 91, 119, 121, 138, 149, 150, 156]]",0.5,0.5,0.5,0.125,1,3,PP,uniform_600s,2,2,8,8,"[[1, 1, 1, 1, 3, 1, 1, 1, 1, 5, 1, 1, 1, 1], [2, 1, 1, 3, 1, 3, 1, 2, 1, 5], [1, 1, 1, 2, 1, 2, 1, 2, 1, 1, 1, 2, 1, 2, 1], [1, 1, 1, 2, 4, 1, 2, 1, 1, 2, 1, 2, 1]]",52,1007,2400,0.5804166666666667,0.007411,20,6.325,506,65.625,5250,600.0,12,OPTIMAL,2.4,192.0,192.0,0.0,2.829946994781494,0.05109552759677172,2.881200495642291,9790.0,0.02265191078186035,10,OPTIMAL,2.4,0.0,37.87706899642944,2.4,uniform_600s,2.4,2.4,0.0,True,65.625,True,True,True
N80_lambda0p5_rep006_seed8256203187050153092,8256203187050153092,6,80,4,"[20, 20, 20, 20]","[[39, 42, 62, 66, 71, 72, 73, 78, 83, 90, 116, 123, 124, 126, 128, 128, 139, 165, 168, 172], [1, 2, 12, 15, 45, 46, 46, 56, 71, 73, 73, 93, 96, 97, 103, 113, 113, 113, 114, 116], [16, 21, 31, 41, 42, 57, 60, 61, 83, 92, 94, 98, 141, 148, 163, 165, 177, 193, 194, 218], [11, 22, 27, 33, 34, 45, 46, 48, 49, 54, 63, 63, 87, 91, 119, 121, 138, 149, 150, 156]]",0.5,0.5,0.5,0.125,1,3,PP,uniform_600s,4,4,2,2,"[[2, 2, 2, 1, 1, 1, 1, 1, 2, 2, 1, 1, 2, 1], [2, 2, 2, 1, 1, 2, 1, 2, 1, 1, 2, 2, 1], [1, 1, 1, 2, 2, 1, 1, 2, 1, 1, 1, 2, 1, 2, 1], [1, 1, 1, 2, 2, 2, 1, 2, 2, 2, 1, 2, 1]]",55,1133,2400,0.5279166666666666,0.005083,20,18.0125,1441,116.5,9320,600.0,12,OPTIMAL,2.4,192.0,192.0,0.0,1.099890947341919,0.037483418360352516,1.1374850169100719,10641.0,0.013985872268676758,10,OPTIMAL,2.4,0.0,37.87706899642944,2.4,uniform_600s,2.4,2.4,0.0,True,116.5,True,True,True
N80_lambda0p5_rep006_seed8256203187050153092,8256203187050153092,6,80,4,"[20, 20, 20, 20]","[[39, 42, 62, 66, 71, 72, 73, 78, 83, 90, 116, 123, 124, 126, 128, 128, 139, 165, 168, 172], [1, 2, 12, 15, 45, 46, 46, 56, 71, 73, 73, 93, 96, 97, 103, 113, 113, 113, 114, 116], [16, 21, 31, 41, 42, 57, 60, 61, 83, 92, 94, 98, 141, 148, 163, 165, 177, 193, 194, 218], [11, 22, 27, 33, 34, 45, 46, 48, 49, 54, 63, 63, 87, 91, 119, 121, 138, 149, 150, 156]]",0.5,0.5,0.5,0.125,1,3,PP,uniform_600s,4,4,4,4,"[[2, 2, 3, 1, 1, 1, 1, 4, 1, 1, 3], [2, 2, 3, 1, 3, 3, 1, 4, 1], [1, 1, 1, 2, 3, 1, 3, 1, 1, 2, 1, 2, 1], [1, 1, 1, 2, 4, 1, 2, 2, 2, 1, 2, 1]]",45,755,2400,0.6854166666666667,0.0045715,20,24.4375,1955,174.75,13980,600.0,12,OPTIMAL,2.4,192.0,192.0,0.0,0.5140299797058105,0.022402008064091206,0.5365253841604557,1076.0,0.00987696647644043,8,OPTIMAL,2.4,0.0,37.87706899642944,2.4,uniform_600s,2.4,2.4,0.0,True,174.75,True,True,True
N80_lambda0p5_rep006_seed8256203187050153092,8256203187050153092,6,80,4,"[20, 20, 20, 20]","[[39, 42, 62, 66, 71, 72, 73, 78, 83, 90, 116, 123, 124, 126, 128, 128, 139, 165, 168, 172], [1, 2, 12, 15, 45, 46, 46, 56, 71, 73, 73, 93, 96, 97, 103, 113, 113, 113, 114, 116], [16, 21, 31, 41, 42, 57, 60, 61, 83, 92, 94, 98, 141, 148, 163, 165, 177, 193, 194, 218], [11, 22, 27, 33, 34, 45, 46, 48, 49, 54, 63, 63, 87, 91, 119, 121, 138, 149, 150, 156]]",0.5,0.5,0.5,0.125,1,3,PP,uniform_600s,4,4,6,6,"[[2, 2, 3, 1, 1, 1, 1, 5, 1, 3], [2, 2, 3, 1, 3, 3, 1, 5], [1, 1, 1, 2, 3, 1, 3, 1, 1, 2, 1, 2, 1], [1, 1, 1, 2, 4, 1, 2, 2, 2, 1, 2, 1]]",43,686,2400,0.7141666666666666,0.0050225,20,25.15,2012,192.225,15378,600.0,12,OPTIMAL,2.4,192.0,192.0,0.0,0.3600010871887207,0.022637865506112576,0.3827401100362754,1206.0,0.009428024291992188,7,OPTIMAL,2.4,0.0,37.87706899642944,2.4,uniform_600s,2.4,2.4,0.0,True,192.225,True,True,True
N80_lambda0p5_rep006_seed8256203187050153092,8256203187050153092,6,80,4,"[20, 20, 20, 20]","[[39, 42, 62, 66, 71, 72, 73, 78, 83, 90, 116, 123, 124, 126, 128, 128, 139, 165, 168, 172], [1, 2, 12, 15, 45, 46, 46, 56, 71, 73, 73, 93, 96, 97, 103, 113, 113, 113, 114, 116], [16, 21, 31, 41, 42, 57, 60, 61, 83, 92, 94, 98, 141, 148, 163, 165, 177, 193, 194, 218], [11, 22, 27, 33, 34, 45, 46, 48, 49, 54, 63, 63, 87, 91, 119, 121, 138, 149, 150, 156]]",0.5,0.5,0.5,0.125,1,3,PP,uniform_600s,4,4,8,8,"[[2, 2, 3, 1, 1, 1, 1, 5, 1, 3], [2, 2, 3, 1, 3, 3, 1, 5], [1, 1, 1, 2, 3, 1, 3, 1, 1, 2, 1, 2, 1], [1, 1, 1, 2, 4, 1, 2, 2, 2, 1, 2, 1]]",43,686,2400,0.7141666666666666,0.0049425,20,25.15,2012,203.875,16310,600.0,12,OPTIMAL,2.4,192.0,192.0,0.0,0.3794219493865967,0.031945195980370045,0.4114879108676362,1206.0,0.01197195053100586,7,OPTIMAL,2.4,0.0,37.87706899642944,2.4,uniform_600s,2.4,2.4,0.0,True,203.875,True,True,True
N80_lambda0p5_rep006_seed8256203187050153092,8256203187050153092,6,80,4,"[20, 20, 20, 20]","[[39, 42, 62, 66, 71, 72, 73, 78, 83, 90, 116, 123, 124, 126, 128, 128, 139, 165, 168, 172], [1, 2, 12, 15, 45, 46, 46, 56, 71, 73, 73, 93, 96, 97, 103, 113, 113, 113, 114, 116], [16, 21, 31, 41, 42, 57, 60, 61, 83, 92, 94, 98, 141, 148, 163, 165, 177, 193, 194, 218], [11, 22, 27, 33, 34, 45, 46, 48, 49, 54, 63, 63, 87, 91, 119, 121, 138, 149, 150, 156]]",0.5,0.5,0.5,0.125,1,3,PP,uniform_600s,6,6,2,2,"[[2, 2, 2, 2, 1, 1, 1, 2, 2, 1, 1, 2, 1], [2, 2, 2, 1, 1, 2, 1, 2, 2, 2, 2, 1], [2, 1, 2, 2, 1, 1, 2, 1, 1, 1, 2, 1, 2, 1], [1, 2, 2, 2, 2, 1, 2, 2, 2, 1, 2, 1]]",51,974,2400,0.5941666666666667,0.0048425,20,33.4375,2675,195.5,15640,600.0,12,OPTIMAL,2.45,196.0,196.0,0.0,1.5495750904083252,0.028724356554448605,1.5784162055652429,11875.0,0.01183009147644043,10,OPTIMAL,2.4,0.0,37.87706899642944,2.4,uniform_600s,2.6875,2.45,0.050000000000000266,True,195.45,True,True,True
N80_lambda0p5_rep006_seed8256203187050153092,8256203187050153092,6,80,4,"[20, 20, 20, 20]","[[39, 42, 62, 66, 71, 72, 73, 78, 83, 90, 116, 123, 124, 126, 128, 128, 139, 165, 168, 172], [1, 2, 12, 15, 45, 46, 46, 56, 71, 73, 73, 93, 96, 97, 103, 113, 113, 113, 114, 116], [16, 21, 31, 41, 42, 57, 60, 61, 83, 92, 94, 98, 141, 148, 163, 165, 177, 193, 194, 218], [11, 22, 27, 33, 34, 45, 46, 48, 49, 54, 63, 63, 87, 91, 119, 121, 138, 149, 150, 156]]",0.5,0.5,0.5,0.125,1,3,PP,uniform_600s,6,6,4,4,"[[2, 4, 3, 1, 1, 4, 1, 1, 3], [2, 2, 3, 1, 3, 4, 4, 1], [2, 1, 2, 3, 1, 3, 1, 1, 2, 1, 2, 1], [1, 4, 4, 1, 2, 2, 2, 1, 3]]",38,537,2400,0.77625,0.0073465,20,55.6875,4455,293.25,23460,600.0,12,OPTIMAL,2.5125,201.0,201.0,0.0,0.2600240707397461,0.029727051965892315,0.28988306526496077,101.0,0.010529041290283203,9,OPTIMAL,2.4,0.0,37.87706899642944,2.4,uniform_600s,2.6875,2.5125,0.11250000000000027,True,293.1375,True,True,True
N80_lambda0p5_rep006_seed8256203187050153092,8256203187050153092,6,80,4,"[20, 20, 20, 20]","[[39, 42, 62, 66, 71, 72, 73, 78, 83, 90, 116, 123, 124, 126, 128, 128, 139, 165, 168, 172], [1, 2, 12, 15, 45, 46, 46, 56, 71, 73, 73, 93, 96, 97, 103, 113, 113, 113, 114, 116], [16, 21, 31, 41, 42, 57, 60, 61, 83, 92, 94, 98, 141, 148, 163, 165, 177, 193, 194, 218], [11, 22, 27, 33, 34, 45, 46, 48, 49, 54, 63, 63, 87, 91, 119, 121, 138, 149, 150, 156]]",0.5,0.5,0.5,0.125,1,3,PP,uniform_600s,6,6,6,6,"[[2, 6, 1, 1, 1, 5, 1, 3], [2, 2, 3, 1, 3, 4, 5], [2, 1, 2, 3, 1, 3, 1, 1, 2, 1, 2, 1], [1, 4, 5, 2, 2, 2, 1, 3]]",35,452,2400,0.8116666666666666,0.007171,20,56.35,4508,322.575,25806,600.0,12,OPTIMAL,2.6875,215.0,215.0,0.0,0.21700191497802734,0.02720921579748392,0.24435047321265554,134.0,0.009912967681884766,9,OPTIMAL,2.4,0.0,37.87706899642944,2.4,uniform_600s,2.6875,2.6875,0.2875000000000001,True,322.28749999999997,True,True,True
N80_lambda0p5_rep006_seed8256203187050153092,8256203187050153092,6,80,4,"[20, 20, 20, 20]","[[39, 42, 62, 66, 71, 72, 73, 78, 83, 90, 116, 123, 124, 126, 128, 128, 139, 165, 168, 172], [1, 2, 12, 15, 45, 46, 46, 56, 71, 73, 73, 93, 96, 97, 103, 113, 113, 113, 114, 116], [16, 21, 31, 41, 42, 57, 60, 61, 83, 92, 94, 98, 141, 148, 163, 165, 177, 193, 194, 218], [11, 22, 27, 33, 34, 45, 46, 48, 49, 54, 63, 63, 87, 91, 119, 121, 138, 149, 150, 156]]",0.5,0.5,0.5,0.125,1,3,PP,uniform_600s,6,6,8,8,"[[2, 7, 1, 1, 5, 1, 3], [2, 2, 3, 1, 3, 4, 5], [2, 1, 2, 3, 1, 3, 1, 1, 2, 1, 2, 1], [1, 4, 5, 2, 2, 2, 1, 3]]",34,425,2400,0.8229166666666666,0.0074115,20,59.9,4792,342.125,27370,600.0,12,OPTIMAL,2.6875,215.0,215.0,0.0,0.1383960247039795,0.025743619538843632,0.16426172390350008,17.0,0.0091400146484375,9,OPTIMAL,2.4,0.0,37.87706899642944,2.4,uniform_600s,2.6875,2.6875,0.2875000000000001,True,341.8375,True,True,True
N80_lambda0p5_rep006_seed8256203187050153092,8256203187050153092,6,80,4,"[20, 20, 20, 20]","[[39, 42, 62, 66, 71, 72, 73, 78, 83, 90, 116, 123, 124, 126, 128, 128, 139, 165, 168, 172], [1, 2, 12, 15, 45, 46, 46, 56, 71, 73, 73, 93, 96, 97, 103, 113, 113, 113, 114, 116], [16, 21, 31, 41, 42, 57, 60, 61, 83, 92, 94, 98, 141, 148, 163, 165, 177, 193, 194, 218], [11, 22, 27, 33, 34, 45, 46, 48, 49, 54, 63, 63, 87, 91, 119, 121, 138, 149, 150, 156]]",0.5,0.5,0.5,0.125,1,3,PP,uniform_600s,8,8,2,2,"[[2, 2, 2, 2, 2, 2, 2, 2, 1, 2, 1], [2, 2, 2, 1, 1, 2, 1, 2, 2, 2, 2, 1], [2, 1, 2, 2, 1, 1, 2, 1, 2, 2, 1, 2, 1], [1, 2, 2, 2, 2, 1, 2, 2, 2, 1, 2, 1]]",48,863,2400,0.6404166666666666,0.007617,20,48.825,3906,274.5,21960,600.0,12,OPTIMAL,2.5125,201.0,201.0,0.0,1.586982011795044,0.03554327506572008,1.6226394127043648,15682.0,0.016412019729614258,10,OPTIMAL,2.4,0.0,37.87706899642944,2.4,uniform_600s,2.95,2.5125,0.11250000000000027,True,274.3875,True,True,True
N80_lambda0p5_rep006_seed8256203187050153092,8256203187050153092,6,80,4,"[20, 20, 20, 20]","[[39, 42, 62, 66, 71, 72, 73, 78, 83, 90, 116, 123, 124, 126, 128, 128, 139, 165, 168, 172], [1, 2, 12, 15, 45, 46, 46, 56, 71, 73, 73, 93, 96, 97, 103, 113, 113, 113, 114, 116], [16, 21, 31, 41, 42, 57, 60, 61, 83, 92, 94, 98, 141, 148, 163, 165, 177, 193, 194, 218], [11, 22, 27, 33, 34, 45, 46, 48, 49, 54, 63, 63, 87, 91, 119, 121, 138, 149, 150, 156]]",0.5,0.5,0.5,0.125,1,3,PP,uniform_600s,8,8,4,4,"[[2, 4, 4, 4, 2, 1, 3], [2, 2, 3, 1, 3, 4, 4, 1], [2, 1, 2, 3, 1, 3, 2, 2, 1, 2, 1], [1, 4, 4, 1, 2, 2, 2, 1, 3]]",35,455,2400,0.8104166666666667,0.0070505,20,70.2875,5623,411.75,32940,600.0,12,OPTIMAL,2.7,216.0,216.0,0.0,0.18680500984191895,0.02197625394910574,0.20887153541364717,352.0,0.005955934524536133,7,OPTIMAL,2.4,0.0,37.87706899642944,2.4,uniform_600s,2.95,2.7,0.30000000000000027,True,411.45,True,True,True
N80_lambda0p5_rep006_seed8256203187050153092,8256203187050153092,6,80,4,"[20, 20, 20, 20]","[[39, 42, 62, 66, 71, 72, 73, 78, 83, 90, 116, 123, 124, 126, 128, 128, 139, 165, 168, 172], [1, 2, 12, 15, 45, 46, 46, 56, 71, 73, 73, 93, 96, 97, 103, 113, 113, 113, 114, 116], [16, 21, 31, 41, 42, 57, 60, 61, 83, 92, 94, 98, 141, 148, 163, 165, 177, 193, 194, 218], [11, 22, 27, 33, 34, 45, 46, 48, 49, 54, 63, 63, 87, 91, 119, 121, 138, 149, 150, 156]]",0.5,0.5,0.5,0.125,1,3,PP,uniform_600s,8,8,6,6,"[[2, 6, 2, 6, 1, 3], [2, 2, 3, 1, 3, 4, 5], [2, 1, 2, 3, 1, 3, 2, 2, 1, 2, 1], [1, 4, 5, 2, 2, 2, 1, 3]]",32,377,2400,0.8429166666666666,0.0044615,20,71.725,5738,452.925,36234,600.0,12,OPTIMAL,2.725,218.0,218.0,0.0,0.1393129825592041,0.0143488934263587,0.15374770341361665,31.0,0.0047760009765625,7,OPTIMAL,2.4,0.0,37.87706899642944,2.4,uniform_600s,2.95,2.725,0.3250000000000002,True,452.6,True,True,True
N80_lambda0p5_rep006_seed8256203187050153092,8256203187050153092,6,80,4,"[20, 20, 20, 20]","[[39, 42, 62, 66, 71, 72, 73, 78, 83, 90, 116, 123, 124, 126, 128, 128, 139, 165, 168, 172], [1, 2, 12, 15, 45, 46, 46, 56, 71, 73, 73, 93, 96, 97, 103, 113, 113, 113, 114, 116], [16, 21, 31, 41, 42, 57, 60, 61, 83, 92, 94, 98, 141, 148, 163, 165, 177, 193, 194, 218], [11, 22, 27, 33, 34, 45, 46, 48, 49, 54, 63, 63, 87, 91, 119, 121, 138, 149, 150, 156]]",0.5,0.5,0.5,0.125,1,3,PP,uniform_600s,8,8,8,8,"[[2, 8, 6, 1, 3], [2, 2, 3, 1, 3, 4, 5], [2, 1, 2, 3, 1, 3, 2, 2, 1, 2, 1], [1, 4, 5, 2, 2, 2, 1, 3]]",31,351,2400,0.85375,0.004817,20,75.275,6022,480.375,38430,600.0,12,OPTIMAL,2.95,236.0,235.9999999999509,0.0,0.09523200988769531,0.014152375981211662,0.1094695173337741,1.0,0.004698038101196289,6,OPTIMAL,2.4,0.0,37.87706899642944,2.4,uniform_600s,2.95,2.95,0.5500000000000003,True,479.825,True,True,True
N80_lambda0p5_rep008_seed12900031283189536048,12900031283189536048,8,80,4,"[20, 20, 20, 20]","[[20, 25, 29, 29, 33, 37, 47, 58, 69, 79, 88, 91, 101, 108, 109, 120, 153, 163, 169, 184], [7, 18, 21, 32, 62, 65, 84, 111, 126, 134, 137, 140, 147, 153, 173, 184, 189, 204, 206, 225], [7, 11, 13, 16, 25, 31, 36, 43, 47, 57, 63, 68, 78, 78, 90, 114, 115, 115, 121, 130], [12, 13, 33, 45, 49, 70, 80, 81, 94, 105, 115, 117, 118, 119, 121, 124, 127, 131, 137, 146]]",0.5,0.5,0.5,0.125,1,3,PP,uniform_600s,2,2,2,2,"[[1, 1, 2, 1, 1, 1, 1, 1, 1, 1, 1, 1, 2, 1, 1, 1, 1, 1], [1, 1, 1, 1, 1, 1, 1, 1, 1, 1, 1, 1, 1, 1, 1, 1, 1, 2, 1], [1, 2, 1, 1, 1, 1, 1, 1, 1, 1, 1, 2, 1, 2, 1, 1, 1], [2, 1, 1, 1, 1, 2, 1, 1, 2, 2, 1, 1, 1, 1, 1, 1]]",70,1835,2400,0.23541666666666672,0.007051,20,2.4625,197,37.5,3000,600.0,12,OPTIMAL,2.8,224.0,224.0,0.0,142.2084310054779,0.08078283350914717,142.28937290604563,716480.0,0.030426979064941406,10,OPTIMAL,2.8,0.0,342.87605810165405,2.8,uniform_600s,2.8,2.8,0.0,True,37.5,True,True,True
N80_lambda0p5_rep008_seed12900031283189536048,12900031283189536048,8,80,4,"[20, 20, 20, 20]","[[20, 25, 29, 29, 33, 37, 47, 58, 69, 79, 88, 91, 101, 108, 109, 120, 153, 163, 169, 184], [7, 18, 21, 32, 62, 65, 84, 111, 126, 134, 137, 140, 147, 153, 173, 184, 189, 204, 206, 225], [7, 11, 13, 16, 25, 31, 36, 43, 47, 57, 63, 68, 78, 78, 90, 114, 115, 115, 121, 130], [12, 13, 33, 45, 49, 70, 80, 81, 94, 105, 115, 117, 118, 119, 121, 124, 127, 131, 137, 146]]",0.5,0.5,0.5,0.125,1,3,PP,uniform_600s,2,2,4,4,"[[1, 1, 2, 1, 1, 1, 1, 1, 1, 1, 1, 1, 2, 1, 1, 1, 1, 1], [1, 1, 1, 1, 1, 1, 1, 1, 1, 1, 1, 1, 1, 1, 1, 1, 1, 2, 1], [1, 2, 1, 1, 1, 1, 1, 1, 1, 1, 1, 2, 1, 3, 1, 1], [2, 1, 1, 1, 1, 2, 1, 1, 4, 1, 1, 1, 1, 1, 1]]",68,1729,2400,0.2795833333333333,0.00635,20,2.4625,197,56.25,4500,600.0,12,OPTIMAL,2.8,224.0,224.0,0.0,122.92763996124268,0.07821801211684942,123.00599805662463,549708.0,0.027052879333496094,10,OPTIMAL,2.8,0.0,342.87605810165405,2.8,uniform_600s,2.8,2.8,0.0,True,56.25,True,True,True
N80_lambda0p5_rep008_seed12900031283189536048,12900031283189536048,8,80,4,"[20, 20, 20, 20]","[[20, 25, 29, 29, 33, 37, 47, 58, 69, 79, 88, 91, 101, 108, 109, 120, 153, 163, 169, 184], [7, 18, 21, 32, 62, 65, 84, 111, 126, 134, 137, 140, 147, 153, 173, 184, 189, 204, 206, 225], [7, 11, 13, 16, 25, 31, 36, 43, 47, 57, 63, 68, 78, 78, 90, 114, 115, 115, 121, 130], [12, 13, 33, 45, 49, 70, 80, 81, 94, 105, 115, 117, 118, 119, 121, 124, 127, 131, 137, 146]]",0.5,0.5,0.5,0.125,1,3,PP,uniform_600s,2,2,6,6,"[[1, 1, 2, 1, 1, 1, 1, 1, 1, 1, 1, 1, 2, 1, 1, 1, 1, 1], [1, 1, 1, 1, 1, 1, 1, 1, 1, 1, 1, 1, 1, 1, 1, 1, 1, 2, 1], [1, 2, 1, 1, 1, 1, 1, 1, 1, 1, 1, 2, 1, 3, 1, 1], [2, 1, 1, 1, 1, 2, 1, 1, 5, 1, 1, 1, 1, 1]]",67,1676,2400,0.30166666666666664,0.004888,20,3.2375,259,61.875,4950,600.0,12,OPTIMAL,2.8,224.0,224.0,0.0,40.789164781570435,0.04620650690048933,40.835487680928814,161392.0,0.01587390899658203,10,OPTIMAL,2.8,0.0,342.87605810165405,2.8,uniform_600s,2.8,2.8,0.0,True,61.875,True,True,True
N80_lambda0p5_rep008_seed12900031283189536048,12900031283189536048,8,80,4,"[20, 20, 20, 20]","[[20, 25, 29, 29, 33, 37, 47, 58, 69, 79, 88, 91, 101, 108, 109, 120, 153, 163, 169, 184], [7, 18, 21, 32, 62, 65, 84, 111, 126, 134, 137, 140, 147, 153, 173, 184, 189, 204, 206, 225], [7, 11, 13, 16, 25, 31, 36, 43, 47, 57, 63, 68, 78, 78, 90, 114, 115, 115, 121, 130], [12, 13, 33, 45, 49, 70, 80, 81, 94, 105, 115, 117, 118, 119, 121, 124, 127, 131, 137, 146]]",0.5,0.5,0.5,0.125,1,3,PP,uniform_600s,2,2,8,8,"[[1, 1, 2, 1, 1, 1, 1, 1, 1, 1, 1, 1, 2, 1, 1, 1, 1, 1], [1, 1, 1, 1, 1, 1, 1, 1, 1, 1, 1, 1, 1, 1, 1, 1, 1, 2, 1], [1, 2, 1, 1, 1, 1, 1, 1, 1, 1, 1, 2, 1, 3, 1, 1], [2, 1, 1, 1, 1, 2, 1, 1, 5, 1, 1, 1, 1, 1]]",67,1676,2400,0.30166666666666664,0.007191,20,3.2375,259,65.625,5250,600.0,12,OPTIMAL,2.8,224.0,224.0,0.0,40.96419596672058,0.0730433352291584,41.03739485077323,161392.0,0.026753902435302734,10,OPTIMAL,2.8,0.0,342.87605810165405,2.8,uniform_600s,2.8,2.8,0.0,True,65.625,True,True,True
N80_lambda0p5_rep008_seed12900031283189536048,12900031283189536048,8,80,4,"[20, 20, 20, 20]","[[20, 25, 29, 29, 33, 37, 47, 58, 69, 79, 88, 91, 101, 108, 109, 120, 153, 163, 169, 184], [7, 18, 21, 32, 62, 65, 84, 111, 126, 134, 137, 140, 147, 153, 173, 184, 189, 204, 206, 225], [7, 11, 13, 16, 25, 31, 36, 43, 47, 57, 63, 68, 78, 78, 90, 114, 115, 115, 121, 130], [12, 13, 33, 45, 49, 70, 80, 81, 94, 105, 115, 117, 118, 119, 121, 124, 127, 131, 137, 146]]",0.5,0.5,0.5,0.125,1,3,PP,uniform_600s,4,4,2,2,"[[1, 2, 2, 1, 1, 1, 1, 1, 2, 1, 2, 1, 1, 1, 1, 1], [1, 2, 1, 2, 1, 1, 1, 2, 1, 1, 1, 1, 1, 1, 2, 1], [2, 2, 1, 1, 1, 2, 1, 1, 1, 2, 1, 2, 1, 1, 1], [2, 1, 2, 1, 2, 1, 1, 2, 2, 2, 2, 1, 1]]",60,1347,2400,0.43875,0.0058335,20,28.4375,2275,116.5,9320,600.0,12,OPTIMAL,2.9875,239.0,239.0,0.0,20.15249800682068,0.051276061683893204,20.203897690095875,110776.0,0.02589106559753418,10,OPTIMAL,2.8,0.0,342.87605810165405,2.8,uniform_600s,3.2375,2.9875,0.1875,True,116.3125,True,True,True
N80_lambda0p5_rep008_seed12900031283189536048,12900031283189536048,8,80,4,"[20, 20, 20, 20]","[[20, 25, 29, 29, 33, 37, 47, 58, 69, 79, 88, 91, 101, 108, 109, 120, 153, 163, 169, 184], [7, 18, 21, 32, 62, 65, 84, 111, 126, 134, 137, 140, 147, 153, 173, 184, 189, 204, 206, 225], [7, 11, 13, 16, 25, 31, 36, 43, 47, 57, 63, 68, 78, 78, 90, 114, 115, 115, 121, 130], [12, 13, 33, 45, 49, 70, 80, 81, 94, 105, 115, 117, 118, 119, 121, 124, 127, 131, 137, 146]]",0.5,0.5,0.5,0.125,1,3,PP,uniform_600s,4,4,4,4,"[[1, 4, 1, 1, 1, 1, 1, 2, 1, 2, 1, 1, 1, 1, 1], [1, 2, 1, 2, 1, 1, 1, 3, 1, 1, 1, 1, 1, 2, 1], [4, 1, 1, 1, 2, 1, 1, 1, 2, 1, 3, 1, 1], [2, 1, 2, 1, 2, 1, 1, 4, 4, 1, 1]]",54,1088,2400,0.5466666666666666,0.007291,20,32.5875,2607,174.75,13980,600.0,12,OPTIMAL,3.1375,251.0,251.0,0.0,10.026778936386108,0.05720006674528122,10.084125664692035,62762.0,0.021378040313720703,10,OPTIMAL,2.8,0.0,342.87605810165405,2.8,uniform_600s,3.2375,3.1375,0.33750000000000036,True,174.4125,True,True,True
N80_lambda0p5_rep008_seed12900031283189536048,12900031283189536048,8,80,4,"[20, 20, 20, 20]","[[20, 25, 29, 29, 33, 37, 47, 58, 69, 79, 88, 91, 101, 108, 109, 120, 153, 163, 169, 184], [7, 18, 21, 32, 62, 65, 84, 111, 126, 134, 137, 140, 147, 153, 173, 184, 189, 204, 206, 225], [7, 11, 13, 16, 25, 31, 36, 43, 47, 57, 63, 68, 78, 78, 90, 114, 115, 115, 121, 130], [12, 13, 33, 45, 49, 70, 80, 81, 94, 105, 115, 117, 118, 119, 121, 124, 127, 131, 137, 146]]",0.5,0.5,0.5,0.125,1,3,PP,uniform_600s,4,4,6,6,"[[1, 5, 1, 1, 1, 1, 2, 1, 2, 1, 1, 1, 1, 1], [1, 2, 1, 2, 1, 1, 1, 3, 1, 1, 1, 1, 1, 2, 1], [4, 1, 1, 1, 2, 1, 1, 1, 2, 1, 3, 1, 1], [2, 1, 2, 1, 2, 1, 1, 6, 2, 1, 1]]",53,1049,2400,0.5629166666666667,0.0045565,20,34.575,2766,192.225,15378,600.0,12,OPTIMAL,3.1875,255.0,255.0,0.0,6.868019104003906,0.029316266998648643,6.897432177797539,50330.0,0.011539936065673828,10,OPTIMAL,2.8,0.0,342.87605810165405,2.8,uniform_600s,3.2375,3.1875,0.3875000000000002,True,191.8375,True,True,True
N80_lambda0p5_rep008_seed12900031283189536048,12900031283189536048,8,80,4,"[20, 20, 20, 20]","[[20, 25, 29, 29, 33, 37, 47, 58, 69, 79, 88, 91, 101, 108, 109, 120, 153, 163, 169, 184], [7, 18, 21, 32, 62, 65, 84, 111, 126, 134, 137, 140, 147, 153, 173, 184, 189, 204, 206, 225], [7, 11, 13, 16, 25, 31, 36, 43, 47, 57, 63, 68, 78, 78, 90, 114, 115, 115, 121, 130], [12, 13, 33, 45, 49, 70, 80, 81, 94, 105, 115, 117, 118, 119, 121, 124, 127, 131, 137, 146]]",0.5,0.5,0.5,0.125,1,3,PP,uniform_600s,4,4,8,8,"[[1, 5, 1, 1, 1, 1, 2, 1, 2, 1, 1, 1, 1, 1], [1, 2, 1, 2, 1, 1, 1, 3, 1, 1, 1, 1, 1, 2, 1], [4, 1, 1, 1, 2, 1, 1, 1, 2, 1, 3, 1, 1], [2, 1, 2, 1, 2, 1, 1, 8, 1, 1]]",52,1007,2400,0.5804166666666667,0.0068105,20,36.125,2890,203.875,16310,600.0,12,OPTIMAL,3.2375,259.0,259.0,0.0,2.609853982925415,0.029626155272126198,2.639587522222374,9986.0,0.011878013610839844,10,OPTIMAL,2.8,0.0,342.87605810165405,2.8,uniform_600s,3.2375,3.2375,0.4375,True,203.4375,True,True,True
N80_lambda0p5_rep008_seed12900031283189536048,12900031283189536048,8,80,4,"[20, 20, 20, 20]","[[20, 25, 29, 29, 33, 37, 47, 58, 69, 79, 88, 91, 101, 108, 109, 120, 153, 163, 169, 184], [7, 18, 21, 32, 62, 65, 84, 111, 126, 134, 137, 140, 147, 153, 173, 184, 189, 204, 206, 225], [7, 11, 13, 16, 25, 31, 36, 43, 47, 57, 63, 68, 78, 78, 90, 114, 115, 115, 121, 130], [12, 13, 33, 45, 49, 70, 80, 81, 94, 105, 115, 117, 118, 119, 121, 124, 127, 131, 137, 146]]",0.5,0.5,0.5,0.125,1,3,PP,uniform_600s,6,6,2,2,"[[2, 2, 2, 1, 1, 1, 1, 2, 1, 2, 1, 1, 2, 1], [1, 2, 1, 2, 1, 1, 1, 2, 1, 2, 1, 2, 2, 1], [2, 2, 2, 1, 2, 2, 1, 2, 1, 2, 2, 1], [2, 1, 2, 1, 2, 1, 1, 2, 2, 2, 2, 1, 1]]",53,1052,2400,0.5616666666666666,0.0047225,20,53.325,4266,195.5,15640,600.0,12,OPTIMAL,3.1,248.0,248.0,0.0,9.071956872940063,0.03085999097675085,9.102931899713132,55455.0,0.011828899383544922,10,OPTIMAL,2.8,0.0,342.87605810165405,2.8,uniform_600s,4.075,3.1,0.30000000000000027,True,195.2,True,True,True
N80_lambda0p5_rep008_seed12900031283189536048,12900031283189536048,8,80,4,"[20, 20, 20, 20]","[[20, 25, 29, 29, 33, 37, 47, 58, 69, 79, 88, 91, 101, 108, 109, 120, 153, 163, 169, 184], [7, 18, 21, 32, 62, 65, 84, 111, 126, 134, 137, 140, 147, 153, 173, 184, 189, 204, 206, 225], [7, 11, 13, 16, 25, 31, 36, 43, 47, 57, 63, 68, 78, 78, 90, 114, 115, 115, 121, 130], [12, 13, 33, 45, 49, 70, 80, 81, 94, 105, 115, 117, 118, 119, 121, 124, 127, 131, 137, 146]]",0.5,0.5,0.5,0.125,1,3,PP,uniform_600s,6,6,4,4,"[[4, 2, 1, 1, 1, 1, 2, 1, 2, 1, 1, 2, 1], [1, 2, 1, 2, 1, 1, 1, 3, 2, 1, 2, 2, 1], [4, 3, 2, 3, 2, 1, 4, 1], [2, 1, 2, 1, 2, 1, 1, 4, 4, 1, 1]]",45,751,2400,0.6870833333333333,0.0074815,20,67.4,5392,293.25,23460,600.0,12,OPTIMAL,3.4625,277.0,277.0,0.0,5.078517913818359,0.0427329633384943,5.1214034065599146,36794.0,0.016284942626953125,10,OPTIMAL,2.8,0.0,342.87605810165405,2.8,uniform_600s,4.075,3.4625,0.6625000000000001,True,292.5875,True,True,True
N80_lambda0p5_rep008_seed12900031283189536048,12900031283189536048,8,80,4,"[20, 20, 20, 20]","[[20, 25, 29, 29, 33, 37, 47, 58, 69, 79, 88, 91, 101, 108, 109, 120, 153, 163, 169, 184], [7, 18, 21, 32, 62, 65, 84, 111, 126, 134, 137, 140, 147, 153, 173, 184, 189, 204, 206, 225], [7, 11, 13, 16, 25, 31, 36, 43, 47, 57, 63, 68, 78, 78, 90, 114, 115, 115, 121, 130], [12, 13, 33, 45, 49, 70, 80, 81, 94, 105, 115, 117, 118, 119, 121, 124, 127, 131, 137, 146]]",0.5,0.5,0.5,0.125,1,3,PP,uniform_600s,6,6,6,6,"[[6, 1, 1, 1, 1, 2, 1, 2, 1, 1, 2, 1], [1, 2, 1, 2, 1, 1, 1, 3, 2, 1, 2, 2, 1], [4, 3, 2, 3, 2, 1, 4, 1], [2, 1, 2, 1, 2, 1, 1, 6, 3, 1]]",43,686,2400,0.7141666666666666,0.0073515,20,73.25,5860,322.575,25806,600.0,12,OPTIMAL,3.9125,313.0,312.9999999999991,0.0,2.63911509513855,0.035847301594913006,2.6751048766197814,9807.0,0.013340950012207031,10,OPTIMAL,2.8,0.0,342.87605810165405,2.8,uniform_600s,4.075,3.9125,1.1125000000000003,True,321.4625,True,True,True
N80_lambda0p5_rep008_seed12900031283189536048,12900031283189536048,8,80,4,"[20, 20, 20, 20]","[[20, 25, 29, 29, 33, 37, 47, 58, 69, 79, 88, 91, 101, 108, 109, 120, 153, 163, 169, 184], [7, 18, 21, 32, 62, 65, 84, 111, 126, 134, 137, 140, 147, 153, 173, 184, 189, 204, 206, 225], [7, 11, 13, 16, 25, 31, 36, 43, 47, 57, 63, 68, 78, 78, 90, 114, 115, 115, 121, 130], [12, 13, 33, 45, 49, 70, 80, 81, 94, 105, 115, 117, 118, 119, 121, 124, 127, 131, 137, 146]]",0.5,0.5,0.5,0.125,1,3,PP,uniform_600s,6,6,8,8,"[[6, 1, 1, 1, 1, 2, 1, 2, 1, 1, 2, 1], [1, 2, 1, 2, 1, 1, 1, 3, 2, 1, 2, 2, 1], [4, 3, 2, 3, 2, 1, 4, 1], [2, 1, 2, 1, 2, 1, 1, 8, 1, 1]]",43,686,2400,0.7141666666666666,0.007206,20,70.975,5678,342.125,27370,600.0,12,OPTIMAL,3.774999991815821,301.9999993452657,301.9999993452657,0.0,2.321622848510742,0.03314453549683094,2.354896780460685,8050.0,0.010947942733764648,10,OPTIMAL,2.8,0.0,342.87605810165405,2.8,uniform_600s,4.075,3.775,0.9750000000000001,True,341.15,True,True,True
N80_lambda0p5_rep008_seed12900031283189536048,12900031283189536048,8,80,4,"[20, 20, 20, 20]","[[20, 25, 29, 29, 33, 37, 47, 58, 69, 79, 88, 91, 101, 108, 109, 120, 153, 163, 169, 184], [7, 18, 21, 32, 62, 65, 84, 111, 126, 134, 137, 140, 147, 153, 173, 184, 189, 204, 206, 225], [7, 11, 13, 16, 25, 31, 36, 43, 47, 57, 63, 68, 78, 78, 90, 114, 115, 115, 121, 130], [12, 13, 33, 45, 49, 70, 80, 81, 94, 105, 115, 117, 118, 119, 121, 124, 127, 131, 137, 146]]",0.5,0.5,0.5,0.125,1,3,PP,uniform_600s,8,8,2,2,"[[2, 2, 2, 1, 1, 1, 1, 2, 2, 1, 1, 1, 2, 1], [1, 2, 1, 2, 1, 1, 2, 2, 2, 1, 2, 2, 1], [2, 2, 2, 2, 1, 2, 1, 2, 1, 2, 2, 1], [2, 1, 2, 1, 2, 1, 1, 2, 2, 2, 2, 1, 1]]",52,1013,2400,0.5779166666666666,0.007301,20,67.2125,5377,274.5,21960,600.0,12,OPTIMAL,3.25,260.0,260.0,0.0,4.836071014404297,0.042126746848225594,4.878359130014719,14942.0,0.018038034439086914,10,OPTIMAL,2.8,0.0,342.87605810165405,2.8,uniform_600s,4.375,3.25,0.4500000000000002,True,274.05,True,True,True
N80_lambda0p5_rep008_seed12900031283189536048,12900031283189536048,8,80,4,"[20, 20, 20, 20]","[[20, 25, 29, 29, 33, 37, 47, 58, 69, 79, 88, 91, 101, 108, 109, 120, 153, 163, 169, 184], [7, 18, 21, 32, 62, 65, 84, 111, 126, 134, 137, 140, 147, 153, 173, 184, 189, 204, 206, 225], [7, 11, 13, 16, 25, 31, 36, 43, 47, 57, 63, 68, 78, 78, 90, 114, 115, 115, 121, 130], [12, 13, 33, 45, 49, 70, 80, 81, 94, 105, 115, 117, 118, 119, 121, 124, 127, 131, 137, 146]]",0.5,0.5,0.5,0.125,1,3,PP,uniform_600s,8,8,4,4,"[[4, 2, 1, 1, 1, 1, 2, 3, 1, 1, 2, 1], [1, 2, 1, 2, 1, 1, 4, 2, 1, 2, 2, 1], [4, 4, 1, 3, 2, 1, 4, 1], [2, 1, 2, 1, 2, 1, 1, 4, 4, 1, 1]]",43,688,2400,0.7133333333333334,0.0075165,20,81.3125,6505,411.75,32940,600.0,12,OPTIMAL,3.5374998749999578,282.9999899999966,282.9999899999966,0.0,1.8975849151611328,0.0348324878141284,1.9325618108552136,8747.0,0.012811899185180664,10,OPTIMAL,2.8,0.0,342.87605810165405,2.8,uniform_600s,4.375,3.5375,0.7375000000000003,True,411.0125,True,True,True
N80_lambda0p5_rep008_seed12900031283189536048,12900031283189536048,8,80,4,"[20, 20, 20, 20]","[[20, 25, 29, 29, 33, 37, 47, 58, 69, 79, 88, 91, 101, 108, 109, 120, 153, 163, 169, 184], [7, 18, 21, 32, 62, 65, 84, 111, 126, 134, 137, 140, 147, 153, 173, 184, 189, 204, 206, 225], [7, 11, 13, 16, 25, 31, 36, 43, 47, 57, 63, 68, 78, 78, 90, 114, 115, 115, 121, 130], [12, 13, 33, 45, 49, 70, 80, 81, 94, 105, 115, 117, 118, 119, 121, 124, 127, 131, 137, 146]]",0.5,0.5,0.5,0.125,1,3,PP,uniform_600s,8,8,6,6,"[[6, 1, 1, 1, 1, 2, 3, 1, 1, 2, 1], [1, 2, 1, 2, 1, 1, 6, 1, 2, 2, 1], [4, 5, 3, 2, 1, 4, 1], [2, 1, 2, 1, 2, 1, 1, 6, 3, 1]]",39,565,2400,0.7645833333333334,0.0062295,20,94.8625,7589,452.925,36234,600.0,12,OPTIMAL,4.212499820746689,336.9999856597351,336.9999856597351,0.0,0.7055509090423584,0.028636549599468708,0.7343288779954357,7858.0,0.010596990585327148,10,OPTIMAL,2.8,0.0,342.87605810165405,2.8,uniform_600s,4.375,4.2125,1.4125000000000005,True,451.5125,True,True,True
N80_lambda0p5_rep008_seed12900031283189536048,12900031283189536048,8,80,4,"[20, 20, 20, 20]","[[20, 25, 29, 29, 33, 37, 47, 58, 69, 79, 88, 91, 101, 108, 109, 120, 153, 163, 169, 184], [7, 18, 21, 32, 62, 65, 84, 111, 126, 134, 137, 140, 147, 153, 173, 184, 189, 204, 206, 225], [7, 11, 13, 16, 25, 31, 36, 43, 47, 57, 63, 68, 78, 78, 90, 114, 115, 115, 121, 130], [12, 13, 33, 45, 49, 70, 80, 81, 94, 105, 115, 117, 118, 119, 121, 124, 127, 131, 137, 146]]",0.5,0.5,0.5,0.125,1,3,PP,uniform_600s,8,8,8,8,"[[6, 1, 1, 1, 1, 2, 3, 1, 1, 2, 1], [1, 2, 1, 2, 1, 1, 6, 1, 2, 2, 1], [4, 5, 3, 2, 1, 4, 1], [2, 1, 2, 1, 2, 1, 1, 8, 1, 1]]",39,565,2400,0.7645833333333334,0.006945,20,92.5875,7407,480.375,38430,600.0,12,OPTIMAL,4.199999902425338,335.9999921940271,335.9999921940271,0.0,0.9013371467590332,0.029895923100411892,0.9313751385891509,13076.0,0.010898113250732422,9,OPTIMAL,2.8,0.0,342.87605810165405,2.8,uniform_600s,4.375,4.2,1.4000000000000004,True,478.975,True,True,True
