seed,replication,N,L,counts,releases,arrival_rate,h_F,h_S,threshold,max_platoon_size,method,partition,number_of_platoons,ordering_variable_count,vehicle_level_ordering_variable_count,dimension_reduction_ratio,formation_time_ms,formation_repetitions,model_build_time_s,solve_time_s,end_to_end_time_s,status,objective,actual_optimality_gap,actual_gap_reference,terminal_mip_gap,node_count,partition_specific_upper_bound,scaled_partition_specific_upper_bound,rule_level_upper_bound,scaled_rule_level_upper_bound,np_optimal_objective,matching_chp_objective,pp_optimal_objective,D_NP,D_CHP,D_PP,bound_check_available,bound_valid,bound_slack,delay_order_check_available,np_pp_chp_delay_order_holds
12083534766830397584,0,12,4,"[3, 3, 3, 3]","[[1, 2, 3], [0, 1, 1], [5, 7, 7], [1, 4, 4]]",1.0,1,2,,1,NP,"[[1, 1, 1], [1, 1, 1], [1, 1, 1], [1, 1, 1]]",12,54,54,0.0,0.0010765,20,0.015340686775743961,0.10441994667053223,0.11986262433517123,OPTIMAL,4.0,0.0,np_gurobi_optimal,0.0,1654.0,0.0,0,0.0,0,4.0,,,4.0,,,False,,,False,
12083534766830397584,0,12,4,"[3, 3, 3, 3]","[[1, 2, 3], [0, 1, 1], [5, 7, 7], [1, 4, 4]]",1.0,1,2,2,,CHP,"[[3], [3], [3], [1, 2]]",5,9,54,0.8333333333333334,0.003335,20,0.004614213481545448,0.003400087356567383,0.008070708186349869,OPTIMAL,4.0,0.0,np_gurobi_optimal,0.0,1.0,0.75,9,8.25,99,4.0,,,4.0,4.0,,False,,,False,
12083534766830397584,0,12,4,"[3, 3, 3, 3]","[[1, 2, 3], [0, 1, 1], [5, 7, 7], [1, 4, 4]]",1.0,1,2,2,2,PP,"[[2, 1], [2, 1], [2, 1], [1, 2]]",8,24,54,0.5555555555555556,0.0014275,20,0.004025794565677643,0.025482892990112305,0.02956642468129635,OPTIMAL,4.0,0.0,np_gurobi_optimal,0.0,219.0,0.75,9,4.5,54,4.0,4.0,4.0,4.0,4.0,4.0,True,True,4.5,True,True
12083534766830397584,0,12,4,"[3, 3, 3, 3]","[[1, 2, 3], [0, 1, 1], [5, 7, 7], [1, 4, 4]]",1.0,1,2,2,3,PP,"[[3], [3], [3], [1, 2]]",5,9,54,0.8333333333333334,0.0035055,20,0.004344035871326923,0.0031740665435791016,0.007574358025532245,OPTIMAL,4.0,0.0,np_gurobi_optimal,0.0,1.0,0.75,9,6.0,72,4.0,4.0,4.0,4.0,4.0,4.0,True,True,6.0,True,True
12083534766830397584,0,12,4,"[3, 3, 3, 3]","[[1, 2, 3], [0, 1, 1], [5, 7, 7], [1, 4, 4]]",1.0,1,2,2,4,PP,"[[3], [3], [3], [1, 2]]",5,9,54,0.8333333333333334,0.001417,20,0.003760123625397682,0.0027420520782470703,0.006556365166012764,OPTIMAL,4.0,0.0,np_gurobi_optimal,0.0,1.0,0.75,9,6.75,81,4.0,4.0,4.0,4.0,4.0,4.0,True,True,6.75,True,True
12083534766830397584,0,12,4,"[3, 3, 3, 3]","[[1, 2, 3], [0, 1, 1], [5, 7, 7], [1, 4, 4]]",1.0,1,2,2,5,PP,"[[3], [3], [3], [1, 2]]",5,9,54,0.8333333333333334,0.001392,20,0.0036360668018460274,0.002627134323120117,0.006313733429293156,OPTIMAL,4.0,0.0,np_gurobi_optimal,0.0,1.0,0.75,9,6.75,81,4.0,4.0,4.0,4.0,4.0,4.0,True,True,6.75,True,True
12083534766830397584,0,12,4,"[3, 3, 3, 3]","[[1, 2, 3], [0, 1, 1], [5, 7, 7], [1, 4, 4]]",1.0,1,2,3,,CHP,"[[3], [3], [3], [3]]",4,6,54,0.8888888888888888,0.00334,20,0.003996009007096291,0.001783132553100586,0.005832130366649628,OPTIMAL,4.0,0.0,np_gurobi_optimal,0.0,1.0,2.4166666666666665,29,18.333333333333332,220,4.0,,,4.0,4.0,,False,,,False,
12083534766830397584,0,12,4,"[3, 3, 3, 3]","[[1, 2, 3], [0, 1, 1], [5, 7, 7], [1, 4, 4]]",1.0,1,2,3,2,PP,"[[2, 1], [2, 1], [2, 1], [2, 1]]",8,24,54,0.5555555555555556,0.001457,20,0.003929047845304012,0.02049088478088379,0.024472273366374492,OPTIMAL,4.0,0.0,np_gurobi_optimal,0.0,119.0,2.4166666666666665,29,10.0,120,4.0,4.0,4.0,4.0,4.0,4.0,True,True,10.0,True,True
12083534766830397584,0,12,4,"[3, 3, 3, 3]","[[1, 2, 3], [0, 1, 1], [5, 7, 7], [1, 4, 4]]",1.0,1,2,3,3,PP,"[[3], [3], [3], [3]]",4,6,54,0.8888888888888888,0.0018775,20,0.004311677068471909,0.0020520687103271484,0.006428150413813591,OPTIMAL,4.0,0.0,np_gurobi_optimal,0.0,1.0,2.4166666666666665,29,13.333333333333334,160,4.0,4.0,4.0,4.0,4.0,4.0,True,True,13.333333333333334,True,True
12083534766830397584,0,12,4,"[3, 3, 3, 3]","[[1, 2, 3], [0, 1, 1], [5, 7, 7], [1, 4, 4]]",1.0,1,2,3,4,PP,"[[3], [3], [3], [3]]",4,6,54,0.8888888888888888,0.001422,20,0.003554011695086956,0.0024149417877197266,0.006020309273967266,OPTIMAL,4.0,0.0,np_gurobi_optimal,0.0,1.0,2.4166666666666665,29,15.0,180,4.0,4.0,4.0,4.0,4.0,4.0,True,True,15.0,True,True
12083534766830397584,0,12,4,"[3, 3, 3, 3]","[[1, 2, 3], [0, 1, 1], [5, 7, 7], [1, 4, 4]]",1.0,1,2,3,5,PP,"[[3], [3], [3], [3]]",4,6,54,0.8888888888888888,0.001382,20,0.003533541224896908,0.0016589164733886719,0.005250075749308586,OPTIMAL,4.0,0.0,np_gurobi_optimal,0.0,1.0,2.4166666666666665,29,15.0,180,4.0,4.0,4.0,4.0,4.0,4.0,True,True,15.0,True,True
12083534766830397584,0,12,4,"[3, 3, 3, 3]","[[1, 2, 3], [0, 1, 1], [5, 7, 7], [1, 4, 4]]",1.0,1,2,4,,CHP,"[[3], [3], [3], [3]]",4,6,54,0.8888888888888888,0.0035,20,0.003804740495979786,0.001783132553100586,0.005640270278215408,OPTIMAL,4.0,0.0,np_gurobi_optimal,0.0,1.0,2.4166666666666665,29,28.416666666666668,341,4.0,,,4.0,4.0,,False,,,False,
12083534766830397584,0,12,4,"[3, 3, 3, 3]","[[1, 2, 3], [0, 1, 1], [5, 7, 7], [1, 4, 4]]",1.0,1,2,4,2,PP,"[[2, 1], [2, 1], [2, 1], [2, 1]]",8,24,54,0.5555555555555556,0.00349,20,0.004369004629552364,0.019861221313476562,0.024284621103634833,OPTIMAL,4.0,0.0,np_gurobi_optimal,0.0,119.0,2.4166666666666665,29,15.5,186,4.0,4.0,4.0,4.0,4.0,4.0,True,True,15.5,True,True
12083534766830397584,0,12,4,"[3, 3, 3, 3]","[[1, 2, 3], [0, 1, 1], [5, 7, 7], [1, 4, 4]]",1.0,1,2,4,3,PP,"[[3], [3], [3], [3]]",4,6,54,0.8888888888888888,0.0035255,20,0.003961167298257351,0.001950979232788086,0.005964234915376186,OPTIMAL,4.0,0.0,np_gurobi_optimal,0.0,1.0,2.4166666666666665,29,20.666666666666668,248,4.0,4.0,4.0,4.0,4.0,4.0,True,True,20.666666666666668,True,True
12083534766830397584,0,12,4,"[3, 3, 3, 3]","[[1, 2, 3], [0, 1, 1], [5, 7, 7], [1, 4, 4]]",1.0,1,2,4,4,PP,"[[3], [3], [3], [3]]",4,6,54,0.8888888888888888,0.001372,20,0.0035736113786697388,0.0017459392547607422,0.005369686683437348,OPTIMAL,4.0,0.0,np_gurobi_optimal,0.0,1.0,2.4166666666666665,29,23.25,279,4.0,4.0,4.0,4.0,4.0,4.0,True,True,23.25,True,True
12083534766830397584,0,12,4,"[3, 3, 3, 3]","[[1, 2, 3], [0, 1, 1], [5, 7, 7], [1, 4, 4]]",1.0,1,2,4,5,PP,"[[3], [3], [3], [3]]",4,6,54,0.8888888888888888,0.001437,20,0.003640982322394848,0.0021369457244873047,0.005829414322041988,OPTIMAL,4.0,0.0,np_gurobi_optimal,0.0,1.0,2.4166666666666665,29,23.25,279,4.0,4.0,4.0,4.0,4.0,4.0,True,True,23.25,True,True
9869143176115900355,1,12,4,"[3, 3, 3, 3]","[[3, 6, 6], [1, 2, 2], [1, 1, 2], [3, 4, 4]]",1.0,1,2,,1,NP,"[[1, 1, 1], [1, 1, 1], [1, 1, 1], [1, 1, 1]]",12,54,54,0.0,0.0010415,20,0.004585891962051392,0.14753079414367676,0.15217471989068174,OPTIMAL,5.083333333333333,0.0,np_gurobi_optimal,0.0,4992.0,0.0,0,0.0,0,5.083333333333333,,,5.083333333333333,,,False,,,False,
9869143176115900355,1,12,4,"[3, 3, 3, 3]","[[3, 6, 6], [1, 2, 2], [1, 1, 2], [3, 4, 4]]",1.0,1,2,2,,CHP,"[[1, 2], [3], [3], [3]]",5,9,54,0.8333333333333334,0.001327,20,0.003917842172086239,0.004251003265380859,0.008220449886657715,OPTIMAL,5.083333333333333,0.0,np_gurobi_optimal,0.0,1.0,0.0,0,8.25,99,5.083333333333333,,,5.083333333333333,5.083333333333333,,False,,,False,
9869143176115900355,1,12,4,"[3, 3, 3, 3]","[[3, 6, 6], [1, 2, 2], [1, 1, 2], [3, 4, 4]]",1.0,1,2,2,2,PP,"[[1, 2], [2, 1], [2, 1], [2, 1]]",8,24,54,0.5555555555555556,0.0014625,20,0.003929680213332176,0.027871131896972656,0.03185370689948797,OPTIMAL,5.083333333333333,0.0,np_gurobi_optimal,0.0,299.0,0.0,0,4.5,54,5.083333333333333,5.083333333333333,5.083333333333333,5.083333333333333,5.083333333333333,5.083333333333333,True,True,4.5,True,True
9869143176115900355,1,12,4,"[3, 3, 3, 3]","[[3, 6, 6], [1, 2, 2], [1, 1, 2], [3, 4, 4]]",1.0,1,2,2,3,PP,"[[1, 2], [3], [3], [3]]",5,9,54,0.8333333333333334,0.001457,20,0.003772181458771229,0.004466056823730469,0.008291006499750137,OPTIMAL,5.083333333333333,0.0,np_gurobi_optimal,0.0,1.0,0.0,0,6.0,72,5.083333333333333,5.083333333333333,5.083333333333333,5.083333333333333,5.083333333333333,5.083333333333333,True,True,6.0,True,True
9869143176115900355,1,12,4,"[3, 3, 3, 3]","[[3, 6, 6], [1, 2, 2], [1, 1, 2], [3, 4, 4]]",1.0,1,2,2,4,PP,"[[1, 2], [3], [3], [3]]",5,9,54,0.8333333333333334,0.001908,20,0.005278168246150017,0.004734992980957031,0.010081433411128998,OPTIMAL,5.083333333333333,0.0,np_gurobi_optimal,0.0,1.0,0.0,0,6.75,81,5.083333333333333,5.083333333333333,5.083333333333333,5.083333333333333,5.083333333333333,5.083333333333333,True,True,6.75,True,True
9869143176115900355,1,12,4,"[3, 3, 3, 3]","[[3, 6, 6], [1, 2, 2], [1, 1, 2], [3, 4, 4]]",1.0,1,2,2,5,PP,"[[1, 2], [3], [3], [3]]",5,9,54,0.8333333333333334,0.001412,20,0.003552439622581005,0.003965854644775391,0.007568930390715122,OPTIMAL,5.083333333333333,0.0,np_gurobi_optimal,0.0,1.0,0.0,0,6.75,81,5.083333333333333,5.083333333333333,5.083333333333333,5.083333333333333,5.083333333333333,5.083333333333333,True,True,6.75,True,True
9869143176115900355,1,12,4,"[3, 3, 3, 3]","[[3, 6, 6], [1, 2, 2], [1, 1, 2], [3, 4, 4]]",1.0,1,2,3,,CHP,"[[3], [3], [3], [3]]",4,6,54,0.8888888888888888,0.001342,20,0.0035157836973667145,0.0018820762634277344,0.005447363445095539,OPTIMAL,5.083333333333333,0.0,np_gurobi_optimal,0.0,1.0,1.6666666666666667,20,18.333333333333332,220,5.083333333333333,,,5.083333333333333,5.083333333333333,,False,,,False,
9869143176115900355,1,12,4,"[3, 3, 3, 3]","[[3, 6, 6], [1, 2, 2], [1, 1, 2], [3, 4, 4]]",1.0,1,2,3,2,PP,"[[2, 1], [2, 1], [2, 1], [2, 1]]",8,24,54,0.5555555555555556,0.0014875,20,0.0038987528532743454,0.02264094352722168,0.0265924094160676,OPTIMAL,5.083333333333333,0.0,np_gurobi_optimal,0.0,203.0,1.6666666666666667,20,10.0,120,5.083333333333333,5.083333333333333,5.083333333333333,5.083333333333333,5.083333333333333,5.083333333333333,True,True,10.0,True,True
9869143176115900355,1,12,4,"[3, 3, 3, 3]","[[3, 6, 6], [1, 2, 2], [1, 1, 2], [3, 4, 4]]",1.0,1,2,3,3,PP,"[[3], [3], [3], [3]]",4,6,54,0.8888888888888888,0.001407,20,0.0039549777284264565,0.0019681453704833984,0.005973513941044331,OPTIMAL,5.083333333333333,0.0,np_gurobi_optimal,0.0,1.0,1.6666666666666667,20,13.333333333333334,160,5.083333333333333,5.083333333333333,5.083333333333333,5.083333333333333,5.083333333333333,5.083333333333333,True,True,13.333333333333334,True,True
9869143176115900355,1,12,4,"[3, 3, 3, 3]","[[3, 6, 6], [1, 2, 2], [1, 1, 2], [3, 4, 4]]",1.0,1,2,3,4,PP,"[[3], [3], [3], [3]]",4,6,54,0.8888888888888888,0.003505,20,0.003701775334775448,0.002032041549682617,0.005787186757748127,OPTIMAL,5.083333333333333,0.0,np_gurobi_optimal,0.0,1.0,1.6666666666666667,20,15.0,180,5.083333333333333,5.083333333333333,5.083333333333333,5.083333333333333,5.083333333333333,5.083333333333333,True,True,15.0,True,True
9869143176115900355,1,12,4,"[3, 3, 3, 3]","[[3, 6, 6], [1, 2, 2], [1, 1, 2], [3, 4, 4]]",1.0,1,2,3,5,PP,"[[3], [3], [3], [3]]",4,6,54,0.8888888888888888,0.003511,20,0.0038990331813693047,0.00179290771484375,0.005743937480770111,OPTIMAL,5.083333333333333,0.0,np_gurobi_optimal,0.0,1.0,1.6666666666666667,20,15.0,180,5.083333333333333,5.083333333333333,5.083333333333333,5.083333333333333,5.083333333333333,5.083333333333333,True,True,15.0,True,True
9869143176115900355,1,12,4,"[3, 3, 3, 3]","[[3, 6, 6], [1, 2, 2], [1, 1, 2], [3, 4, 4]]",1.0,1,2,4,,CHP,"[[3], [3], [3], [3]]",4,6,54,0.8888888888888888,0.003405,20,0.00387710053473711,0.00220489501953125,0.006134702908723354,OPTIMAL,5.083333333333333,0.0,np_gurobi_optimal,0.0,1.0,1.6666666666666667,20,28.416666666666668,341,5.083333333333333,,,5.083333333333333,5.083333333333333,,False,,,False,
9869143176115900355,1,12,4,"[3, 3, 3, 3]","[[3, 6, 6], [1, 2, 2], [1, 1, 2], [3, 4, 4]]",1.0,1,2,4,2,PP,"[[2, 1], [2, 1], [2, 1], [2, 1]]",8,24,54,0.5555555555555556,0.004021,20,0.0045133717358112335,0.023164033889770508,0.027733314331503868,OPTIMAL,5.083333333333333,0.0,np_gurobi_optimal,0.0,203.0,1.6666666666666667,20,15.5,186,5.083333333333333,5.083333333333333,5.083333333333333,5.083333333333333,5.083333333333333,5.083333333333333,True,True,15.5,True,True
9869143176115900355,1,12,4,"[3, 3, 3, 3]","[[3, 6, 6], [1, 2, 2], [1, 1, 2], [3, 4, 4]]",1.0,1,2,4,3,PP,"[[3], [3], [3], [3]]",4,6,54,0.8888888888888888,0.0035755,20,0.004034878686070442,0.0019559860229492188,0.006046309288490296,OPTIMAL,5.083333333333333,0.0,np_gurobi_optimal,0.0,1.0,1.6666666666666667,20,20.666666666666668,248,5.083333333333333,5.083333333333333,5.083333333333333,5.083333333333333,5.083333333333333,5.083333333333333,True,True,20.666666666666668,True,True
9869143176115900355,1,12,4,"[3, 3, 3, 3]","[[3, 6, 6], [1, 2, 2], [1, 1, 2], [3, 4, 4]]",1.0,1,2,4,4,PP,"[[3], [3], [3], [3]]",4,6,54,0.8888888888888888,0.003726,20,0.003949860110878944,0.0021619796752929688,0.006164638103950977,OPTIMAL,5.083333333333333,0.0,np_gurobi_optimal,0.0,1.0,1.6666666666666667,20,23.25,279,5.083333333333333,5.083333333333333,5.083333333333333,5.083333333333333,5.083333333333333,5.083333333333333,True,True,23.25,True,True
9869143176115900355,1,12,4,"[3, 3, 3, 3]","[[3, 6, 6], [1, 2, 2], [1, 1, 2], [3, 4, 4]]",1.0,1,2,4,5,PP,"[[3], [3], [3], [3]]",4,6,54,0.8888888888888888,0.0015325,20,0.003781454637646675,0.0022559165954589844,0.0060909264808011055,OPTIMAL,5.083333333333333,0.0,np_gurobi_optimal,0.0,1.0,1.6666666666666667,20,23.25,279,5.083333333333333,5.083333333333333,5.083333333333333,5.083333333333333,5.083333333333333,5.083333333333333,True,True,23.25,True,True
7451244375658006969,2,12,4,"[3, 3, 3, 3]","[[2, 2, 2], [4, 4, 5], [2, 3, 3], [6, 6, 7]]",1.0,1,2,,1,NP,"[[1, 1, 1], [1, 1, 1], [1, 1, 1], [1, 1, 1]]",12,54,54,0.0,0.0011365,20,0.005390597507357597,0.10796809196472168,0.11341936635559702,OPTIMAL,5.166666666666667,0.0,np_gurobi_optimal,0.0,3165.0,0.0,0,0.0,0,5.166666666666667,,,5.166666666666667,,,False,,,False,
7451244375658006969,2,12,4,"[3, 3, 3, 3]","[[2, 2, 2], [4, 4, 5], [2, 3, 3], [6, 6, 7]]",1.0,1,2,2,,CHP,"[[3], [3], [3], [3]]",4,6,54,0.8888888888888888,0.001447,20,0.004348091781139374,0.001901865005493164,0.006309020057711124,OPTIMAL,5.166666666666667,0.0,np_gurobi_optimal,0.0,1.0,0.0,0,8.25,99,5.166666666666667,,,5.166666666666667,5.166666666666667,,False,,,False,
7451244375658006969,2,12,4,"[3, 3, 3, 3]","[[2, 2, 2], [4, 4, 5], [2, 3, 3], [6, 6, 7]]",1.0,1,2,2,2,PP,"[[2, 1], [2, 1], [2, 1], [2, 1]]",8,24,54,0.5555555555555556,0.003946,20,0.0048151081427931786,0.025190114974975586,0.03007432723905659,OPTIMAL,5.166666666666667,0.0,np_gurobi_optimal,0.0,249.0,0.0,0,4.5,54,5.166666666666667,5.166666666666667,5.166666666666667,5.166666666666667,5.166666666666667,5.166666666666667,True,True,4.5,True,True
7451244375658006969,2,12,4,"[3, 3, 3, 3]","[[2, 2, 2], [4, 4, 5], [2, 3, 3], [6, 6, 7]]",1.0,1,2,2,3,PP,"[[3], [3], [3], [3]]",4,6,54,0.8888888888888888,0.0035605,20,0.0044554453343153,0.002061128616333008,0.006573661284301758,OPTIMAL,5.166666666666667,0.0,np_gurobi_optimal,0.0,1.0,0.0,0,6.0,72,5.166666666666667,5.166666666666667,5.166666666666667,5.166666666666667,5.166666666666667,5.166666666666667,True,True,6.0,True,True
7451244375658006969,2,12,4,"[3, 3, 3, 3]","[[2, 2, 2], [4, 4, 5], [2, 3, 3], [6, 6, 7]]",1.0,1,2,2,4,PP,"[[3], [3], [3], [3]]",4,6,54,0.8888888888888888,0.0015525,20,0.0038463734090328217,0.001909017562866211,0.005807647466828823,OPTIMAL,5.166666666666667,0.0,np_gurobi_optimal,0.0,1.0,0.0,0,6.75,81,5.166666666666667,5.166666666666667,5.166666666666667,5.166666666666667,5.166666666666667,5.166666666666667,True,True,6.75,True,True
7451244375658006969,2,12,4,"[3, 3, 3, 3]","[[2, 2, 2], [4, 4, 5], [2, 3, 3], [6, 6, 7]]",1.0,1,2,2,5,PP,"[[3], [3], [3], [3]]",4,6,54,0.8888888888888888,0.003816,20,0.004184856079518795,0.0017130374908447266,0.005952838248387337,OPTIMAL,5.166666666666667,0.0,np_gurobi_optimal,0.0,1.0,0.0,0,6.75,81,5.166666666666667,5.166666666666667,5.166666666666667,5.166666666666667,5.166666666666667,5.166666666666667,True,True,6.75,True,True
7451244375658006969,2,12,4,"[3, 3, 3, 3]","[[2, 2, 2], [4, 4, 5], [2, 3, 3], [6, 6, 7]]",1.0,1,2,3,,CHP,"[[3], [3], [3], [3]]",4,6,54,0.8888888888888888,0.003991,20,0.004170894622802734,0.0017189979553222656,0.005944339841249943,OPTIMAL,5.166666666666667,0.0,np_gurobi_optimal,0.0,1.0,0.0,0,18.333333333333332,220,5.166666666666667,,,5.166666666666667,5.166666666666667,,False,,,False,
7451244375658006969,2,12,4,"[3, 3, 3, 3]","[[2, 2, 2], [4, 4, 5], [2, 3, 3], [6, 6, 7]]",1.0,1,2,3,2,PP,"[[2, 1], [2, 1], [2, 1], [2, 1]]",8,24,54,0.5555555555555556,0.0015675,20,0.00418131984770298,0.024371862411499023,0.02861017835355282,OPTIMAL,5.166666666666667,0.0,np_gurobi_optimal,0.0,249.0,0.0,0,10.0,120,5.166666666666667,5.166666666666667,5.166666666666667,5.166666666666667,5.166666666666667,5.166666666666667,True,True,10.0,True,True
7451244375658006969,2,12,4,"[3, 3, 3, 3]","[[2, 2, 2], [4, 4, 5], [2, 3, 3], [6, 6, 7]]",1.0,1,2,3,3,PP,"[[3], [3], [3], [3]]",4,6,54,0.8888888888888888,0.001427,20,0.004199657589197159,0.002053976058959961,0.0063077790938158036,OPTIMAL,5.166666666666667,0.0,np_gurobi_optimal,0.0,1.0,0.0,0,13.333333333333334,160,5.166666666666667,5.166666666666667,5.166666666666667,5.166666666666667,5.166666666666667,5.166666666666667,True,True,13.333333333333334,True,True
7451244375658006969,2,12,4,"[3, 3, 3, 3]","[[2, 2, 2], [4, 4, 5], [2, 3, 3], [6, 6, 7]]",1.0,1,2,3,4,PP,"[[3], [3], [3], [3]]",4,6,54,0.8888888888888888,0.0016025,20,0.0041597578674554825,0.0019078254699707031,0.0061223243095660206,OPTIMAL,5.166666666666667,0.0,np_gurobi_optimal,0.0,1.0,0.0,0,15.0,180,5.166666666666667,5.166666666666667,5.166666666666667,5.166666666666667,5.166666666666667,5.166666666666667,True,True,15.0,True,True
7451244375658006969,2,12,4,"[3, 3, 3, 3]","[[2, 2, 2], [4, 4, 5], [2, 3, 3], [6, 6, 7]]",1.0,1,2,3,5,PP,"[[3], [3], [3], [3]]",4,6,54,0.8888888888888888,0.0035805,20,0.004335313104093075,0.0018651485443115234,0.006258915674500942,OPTIMAL,5.166666666666667,0.0,np_gurobi_optimal,0.0,1.0,0.0,0,15.0,180,5.166666666666667,5.166666666666667,5.166666666666667,5.166666666666667,5.166666666666667,5.166666666666667,True,True,15.0,True,True
7451244375658006969,2,12,4,"[3, 3, 3, 3]","[[2, 2, 2], [4, 4, 5], [2, 3, 3], [6, 6, 7]]",1.0,1,2,4,,CHP,"[[3], [3], [3], [3]]",4,6,54,0.8888888888888888,0.001432,20,0.0038847019895911217,0.0018918514251708984,0.005834138578075886,OPTIMAL,5.166666666666667,0.0,np_gurobi_optimal,0.0,1.0,0.0,0,28.416666666666668,341,5.166666666666667,,,5.166666666666667,5.166666666666667,,False,,,False,
7451244375658006969,2,12,4,"[3, 3, 3, 3]","[[2, 2, 2], [4, 4, 5], [2, 3, 3], [6, 6, 7]]",1.0,1,2,4,2,PP,"[[2, 1], [2, 1], [2, 1], [2, 1]]",8,24,54,0.5555555555555556,0.002674,20,0.006525924429297447,0.030289888381958008,0.036912002773617746,OPTIMAL,5.166666666666667,0.0,np_gurobi_optimal,0.0,249.0,0.0,0,15.5,186,5.166666666666667,5.166666666666667,5.166666666666667,5.166666666666667,5.166666666666667,5.166666666666667,True,True,15.5,True,True
7451244375658006969,2,12,4,"[3, 3, 3, 3]","[[2, 2, 2], [4, 4, 5], [2, 3, 3], [6, 6, 7]]",1.0,1,2,4,3,PP,"[[3], [3], [3], [3]]",4,6,54,0.8888888888888888,0.002063,20,0.006031086668372154,0.0021529197692871094,0.008273655669188976,OPTIMAL,5.166666666666667,0.0,np_gurobi_optimal,0.0,1.0,0.0,0,20.666666666666668,248,5.166666666666667,5.166666666666667,5.166666666666667,5.166666666666667,5.166666666666667,5.166666666666667,True,True,20.666666666666668,True,True
7451244375658006969,2,12,4,"[3, 3, 3, 3]","[[2, 2, 2], [4, 4, 5], [2, 3, 3], [6, 6, 7]]",1.0,1,2,4,4,PP,"[[3], [3], [3], [3]]",4,6,54,0.8888888888888888,0.001878,20,0.004726283252239227,0.002254962921142578,0.007056751742163182,OPTIMAL,5.166666666666667,0.0,np_gurobi_optimal,0.0,1.0,0.0,0,23.25,279,5.166666666666667,5.166666666666667,5.166666666666667,5.166666666666667,5.166666666666667,5.166666666666667,True,True,23.25,True,True
7451244375658006969,2,12,4,"[3, 3, 3, 3]","[[2, 2, 2], [4, 4, 5], [2, 3, 3], [6, 6, 7]]",1.0,1,2,4,5,PP,"[[3], [3], [3], [3]]",4,6,54,0.8888888888888888,0.002654,20,0.005588047206401825,0.0016851425170898438,0.007340715928749085,OPTIMAL,5.166666666666667,0.0,np_gurobi_optimal,0.0,1.0,0.0,0,23.25,279,5.166666666666667,5.166666666666667,5.166666666666667,5.166666666666667,5.166666666666667,5.166666666666667,True,True,23.25,True,True
10104964185069302698,3,12,4,"[3, 3, 3, 3]","[[4, 4, 4], [1, 2, 3], [0, 1, 5], [2, 3, 4]]",1.0,1,2,,1,NP,"[[1, 1, 1], [1, 1, 1], [1, 1, 1], [1, 1, 1]]",12,54,54,0.0,0.0015625,20,0.008228026330471039,0.14532685279846191,0.15365628872215747,OPTIMAL,4.583333333333333,0.0,np_gurobi_optimal,0.0,2543.0,0.0,0,0.0,0,4.583333333333333,,,4.583333333333333,,,False,,,False,
10104964185069302698,3,12,4,"[3, 3, 3, 3]","[[4, 4, 4], [1, 2, 3], [0, 1, 5], [2, 3, 4]]",1.0,1,2,2,,CHP,"[[3], [3], [2, 1], [3]]",5,9,54,0.8333333333333334,0.0014425,20,0.004612862132489681,0.008529901504516602,0.013204620101099015,OPTIMAL,4.583333333333333,0.0,np_gurobi_optimal,0.0,1.0,0.0,0,8.25,99,4.583333333333333,,,4.583333333333333,4.583333333333333,,False,,,False,
10104964185069302698,3,12,4,"[3, 3, 3, 3]","[[4, 4, 4], [1, 2, 3], [0, 1, 5], [2, 3, 4]]",1.0,1,2,2,2,PP,"[[2, 1], [2, 1], [2, 1], [2, 1]]",8,24,54,0.5555555555555556,0.001617,20,0.004799824208021164,0.02793717384338379,0.032804087028400424,OPTIMAL,4.583333333333333,0.0,np_gurobi_optimal,0.0,271.0,0.0,0,4.5,54,4.583333333333333,4.583333333333333,4.583333333333333,4.583333333333333,4.583333333333333,4.583333333333333,True,True,4.5,True,True
10104964185069302698,3,12,4,"[3, 3, 3, 3]","[[4, 4, 4], [1, 2, 3], [0, 1, 5], [2, 3, 4]]",1.0,1,2,2,3,PP,"[[3], [3], [2, 1], [3]]",5,9,54,0.8333333333333334,0.0015475,20,0.0047162193804979324,0.009155988693237305,0.013939905553565026,OPTIMAL,4.583333333333333,0.0,np_gurobi_optimal,0.0,1.0,0.0,0,6.0,72,4.583333333333333,4.583333333333333,4.583333333333333,4.583333333333333,4.583333333333333,4.583333333333333,True,True,6.0,True,True
10104964185069302698,3,12,4,"[3, 3, 3, 3]","[[4, 4, 4], [1, 2, 3], [0, 1, 5], [2, 3, 4]]",1.0,1,2,2,4,PP,"[[3], [3], [2, 1], [3]]",5,9,54,0.8333333333333334,0.002734,20,0.005902351811528206,0.008318901062011719,0.014288016231867314,OPTIMAL,4.583333333333333,0.0,np_gurobi_optimal,0.0,1.0,0.0,0,6.75,81,4.583333333333333,4.583333333333333,4.583333333333333,4.583333333333333,4.583333333333333,4.583333333333333,True,True,6.75,True,True
10104964185069302698,3,12,4,"[3, 3, 3, 3]","[[4, 4, 4], [1, 2, 3], [0, 1, 5], [2, 3, 4]]",1.0,1,2,2,5,PP,"[[3], [3], [2, 1], [3]]",5,9,54,0.8333333333333334,0.001468,20,0.004368683323264122,0.007513999938964844,0.011945600857024669,OPTIMAL,4.583333333333333,0.0,np_gurobi_optimal,0.0,1.0,0.0,0,6.75,81,4.583333333333333,4.583333333333333,4.583333333333333,4.583333333333333,4.583333333333333,4.583333333333333,True,True,6.75,True,True
10104964185069302698,3,12,4,"[3, 3, 3, 3]","[[4, 4, 4], [1, 2, 3], [0, 1, 5], [2, 3, 4]]",1.0,1,2,3,,CHP,"[[3], [3], [2, 1], [3]]",5,9,54,0.8333333333333334,0.0023735,20,0.006263977847993374,0.00867009162902832,0.015028415737877845,OPTIMAL,4.583333333333333,0.0,np_gurobi_optimal,0.0,1.0,0.0,0,18.333333333333332,220,4.583333333333333,,,4.583333333333333,4.583333333333333,,False,,,False,
10104964185069302698,3,12,4,"[3, 3, 3, 3]","[[4, 4, 4], [1, 2, 3], [0, 1, 5], [2, 3, 4]]",1.0,1,2,3,2,PP,"[[2, 1], [2, 1], [2, 1], [2, 1]]",8,24,54,0.5555555555555556,0.002664,20,0.006909593939781189,0.03205513954162598,0.039062331848050594,OPTIMAL,4.583333333333333,0.0,np_gurobi_optimal,0.0,271.0,0.0,0,10.0,120,4.583333333333333,4.583333333333333,4.583333333333333,4.583333333333333,4.583333333333333,4.583333333333333,True,True,10.0,True,True
10104964185069302698,3,12,4,"[3, 3, 3, 3]","[[4, 4, 4], [1, 2, 3], [0, 1, 5], [2, 3, 4]]",1.0,1,2,3,3,PP,"[[3], [3], [2, 1], [3]]",5,9,54,0.8333333333333334,0.0025335,20,0.006246871314942837,0.01014399528503418,0.01648065012405729,OPTIMAL,4.583333333333333,0.0,np_gurobi_optimal,0.0,1.0,0.0,0,13.333333333333334,160,4.583333333333333,4.583333333333333,4.583333333333333,4.583333333333333,4.583333333333333,4.583333333333333,True,True,13.333333333333334,True,True
10104964185069302698,3,12,4,"[3, 3, 3, 3]","[[4, 4, 4], [1, 2, 3], [0, 1, 5], [2, 3, 4]]",1.0,1,2,3,4,PP,"[[3], [3], [2, 1], [3]]",5,9,54,0.8333333333333334,0.002444,20,0.005308142863214016,0.00966191291809082,0.015070868865603448,OPTIMAL,4.583333333333333,0.0,np_gurobi_optimal,0.0,1.0,0.0,0,15.0,180,4.583333333333333,4.583333333333333,4.583333333333333,4.583333333333333,4.583333333333333,4.583333333333333,True,True,15.0,True,True
10104964185069302698,3,12,4,"[3, 3, 3, 3]","[[4, 4, 4], [1, 2, 3], [0, 1, 5], [2, 3, 4]]",1.0,1,2,3,5,PP,"[[3], [3], [2, 1], [3]]",5,9,54,0.8333333333333334,0.0024135,20,0.005514585413038731,0.009121894836425781,0.014724845509875774,OPTIMAL,4.583333333333333,0.0,np_gurobi_optimal,0.0,1.0,0.0,0,15.0,180,4.583333333333333,4.583333333333333,4.583333333333333,4.583333333333333,4.583333333333333,4.583333333333333,True,True,15.0,True,True
10104964185069302698,3,12,4,"[3, 3, 3, 3]","[[4, 4, 4], [1, 2, 3], [0, 1, 5], [2, 3, 4]]",1.0,1,2,4,,CHP,"[[3], [3], [3], [3]]",4,6,54,0.8888888888888888,0.002574,20,0.006088943220674992,0.003144979476928711,0.009320618409155846,OPTIMAL,5.25,0.666666666666667,np_gurobi_optimal,0.0,1.0,2.3333333333333335,28,28.416666666666668,341,4.583333333333333,,,4.583333333333333,5.25,,False,,,False,
10104964185069302698,3,12,4,"[3, 3, 3, 3]","[[4, 4, 4], [1, 2, 3], [0, 1, 5], [2, 3, 4]]",1.0,1,2,4,2,PP,"[[2, 1], [2, 1], [2, 1], [2, 1]]",8,24,54,0.5555555555555556,0.002714,20,0.0063557857647538185,0.03304409980773926,0.039498641281677724,OPTIMAL,4.583333333333333,0.0,np_gurobi_optimal,0.0,271.0,0.0,0,15.5,186,4.583333333333333,5.25,4.583333333333333,4.583333333333333,5.25,4.583333333333333,True,True,15.5,True,True
10104964185069302698,3,12,4,"[3, 3, 3, 3]","[[4, 4, 4], [1, 2, 3], [0, 1, 5], [2, 3, 4]]",1.0,1,2,4,3,PP,"[[3], [3], [3], [3]]",4,6,54,0.8888888888888888,0.001447,20,0.004094407893717289,0.0025191307067871094,0.006671589523944378,OPTIMAL,5.25,0.666666666666667,np_gurobi_optimal,0.0,1.0,2.3333333333333335,28,20.666666666666668,248,4.583333333333333,5.25,5.25,4.583333333333333,5.25,5.25,True,True,20.0,True,True
10104964185069302698,3,12,4,"[3, 3, 3, 3]","[[4, 4, 4], [1, 2, 3], [0, 1, 5], [2, 3, 4]]",1.0,1,2,4,4,PP,"[[3], [3], [3], [3]]",4,6,54,0.8888888888888888,0.0015225,20,0.0038387225940823555,0.0022039413452148438,0.0060962548217988015,OPTIMAL,5.25,0.666666666666667,np_gurobi_optimal,0.0,1.0,2.3333333333333335,28,23.25,279,4.583333333333333,5.25,5.25,4.583333333333333,5.25,5.25,True,True,22.583333333333332,True,True
10104964185069302698,3,12,4,"[3, 3, 3, 3]","[[4, 4, 4], [1, 2, 3], [0, 1, 5], [2, 3, 4]]",1.0,1,2,4,5,PP,"[[3], [3], [3], [3]]",4,6,54,0.8888888888888888,0.001432,20,0.0034257881343364716,0.002006053924560547,0.005482275596160412,OPTIMAL,5.25,0.666666666666667,np_gurobi_optimal,0.0,1.0,2.3333333333333335,28,23.25,279,4.583333333333333,5.25,5.25,4.583333333333333,5.25,5.25,True,True,22.583333333333332,True,True
7192799740547518905,4,12,4,"[3, 3, 3, 3]","[[5, 5, 8], [0, 2, 4], [2, 3, 3], [1, 4, 4]]",1.0,1,2,,1,NP,"[[1, 1, 1], [1, 1, 1], [1, 1, 1], [1, 1, 1]]",12,54,54,0.0,0.0011765,20,0.005583229474723339,0.16070318222045898,0.16636426212010527,OPTIMAL,4.25,0.0,np_gurobi_optimal,0.0,3993.0,0.0,0,0.0,0,4.25,,,4.25,,,False,,,False,
7192799740547518905,4,12,4,"[3, 3, 3, 3]","[[5, 5, 8], [0, 2, 4], [2, 3, 3], [1, 4, 4]]",1.0,1,2,2,,CHP,"[[2, 1], [3], [3], [1, 2]]",6,13,54,0.7592592592592593,0.001317,20,0.00430214311927557,0.012998819351196289,0.01736264873108101,OPTIMAL,5.25,1.0,np_gurobi_optimal,0.0,105.0,1.4166666666666667,17,8.25,99,4.25,,,4.25,5.25,,False,,,False,
7192799740547518905,4,12,4,"[3, 3, 3, 3]","[[5, 5, 8], [0, 2, 4], [2, 3, 3], [1, 4, 4]]",1.0,1,2,2,2,PP,"[[2, 1], [2, 1], [2, 1], [1, 2]]",8,24,54,0.5555555555555556,0.001412,20,0.0043495334684848785,0.025297880172729492,0.02970034081810665,OPTIMAL,4.833333333333333,0.583333333333333,np_gurobi_optimal,0.0,352.0,0.75,9,4.5,54,4.25,5.25,4.833333333333333,4.25,5.25,4.833333333333333,True,True,3.916666666666667,True,True
7192799740547518905,4,12,4,"[3, 3, 3, 3]","[[5, 5, 8], [0, 2, 4], [2, 3, 3], [1, 4, 4]]",1.0,1,2,2,3,PP,"[[2, 1], [3], [3], [1, 2]]",6,13,54,0.7592592592592593,0.003711,20,0.004511367529630661,0.01291799545288086,0.017485373333011627,OPTIMAL,5.25,1.0,np_gurobi_optimal,0.0,105.0,1.4166666666666667,17,6.0,72,4.25,5.25,5.25,4.25,5.25,5.25,True,True,5.0,True,True
7192799740547518905,4,12,4,"[3, 3, 3, 3]","[[5, 5, 8], [0, 2, 4], [2, 3, 3], [1, 4, 4]]",1.0,1,2,2,4,PP,"[[2, 1], [3], [3], [1, 2]]",6,13,54,0.7592592592592593,0.003801,20,0.0042429231107234955,0.014164924621582031,0.018461409297467233,OPTIMAL,5.25,1.0,np_gurobi_optimal,0.0,105.0,1.4166666666666667,17,6.75,81,4.25,5.25,5.25,4.25,5.25,5.25,True,True,5.75,True,True
7192799740547518905,4,12,4,"[3, 3, 3, 3]","[[5, 5, 8], [0, 2, 4], [2, 3, 3], [1, 4, 4]]",1.0,1,2,2,5,PP,"[[2, 1], [3], [3], [1, 2]]",6,13,54,0.7592592592592593,0.0035705,20,0.004119305871427059,0.012812137603759766,0.016985027860088826,OPTIMAL,5.25,1.0,np_gurobi_optimal,0.0,105.0,1.4166666666666667,17,6.75,81,4.25,5.25,5.25,4.25,5.25,5.25,True,True,5.75,True,True
7192799740547518905,4,12,4,"[3, 3, 3, 3]","[[5, 5, 8], [0, 2, 4], [2, 3, 3], [1, 4, 4]]",1.0,1,2,3,,CHP,"[[3], [3], [3], [3]]",4,6,54,0.8888888888888888,0.001337,20,0.003775636665523052,0.0029740333557128906,0.006799783178436279,OPTIMAL,5.333333333333333,1.083333333333333,np_gurobi_optimal,0.0,1.0,4.583333333333333,55,18.333333333333332,220,4.25,,,4.25,5.333333333333333,,False,,,False,
7192799740547518905,4,12,4,"[3, 3, 3, 3]","[[5, 5, 8], [0, 2, 4], [2, 3, 3], [1, 4, 4]]",1.0,1,2,3,2,PP,"[[2, 1], [2, 1], [2, 1], [2, 1]]",8,24,54,0.5555555555555556,0.003591,20,0.004311387427151203,0.019403934478759766,0.02377348934010601,OPTIMAL,4.833333333333333,0.583333333333333,np_gurobi_optimal,0.0,209.0,2.4166666666666665,29,10.0,120,4.25,5.333333333333333,4.833333333333333,4.25,5.333333333333333,4.833333333333333,True,True,9.416666666666668,True,True
7192799740547518905,4,12,4,"[3, 3, 3, 3]","[[5, 5, 8], [0, 2, 4], [2, 3, 3], [1, 4, 4]]",1.0,1,2,3,3,PP,"[[3], [3], [3], [3]]",4,6,54,0.8888888888888888,0.0014075,20,0.0036931419745087624,0.0026941299438476562,0.006438006918520927,OPTIMAL,5.333333333333333,1.083333333333333,np_gurobi_optimal,0.0,1.0,4.583333333333333,55,13.333333333333334,160,4.25,5.333333333333333,5.333333333333333,4.25,5.333333333333333,5.333333333333333,True,True,12.25,True,True
7192799740547518905,4,12,4,"[3, 3, 3, 3]","[[5, 5, 8], [0, 2, 4], [2, 3, 3], [1, 4, 4]]",1.0,1,2,3,4,PP,"[[3], [3], [3], [3]]",4,6,54,0.8888888888888888,0.0035905,20,0.0036632269620895386,0.0025529861450195312,0.006268159737828255,OPTIMAL,5.333333333333333,1.083333333333333,np_gurobi_optimal,0.0,1.0,4.583333333333333,55,15.0,180,4.25,5.333333333333333,5.333333333333333,4.25,5.333333333333333,5.333333333333333,True,True,13.916666666666668,True,True
7192799740547518905,4,12,4,"[3, 3, 3, 3]","[[5, 5, 8], [0, 2, 4], [2, 3, 3], [1, 4, 4]]",1.0,1,2,3,5,PP,"[[3], [3], [3], [3]]",4,6,54,0.8888888888888888,0.0019175,20,0.004630309529602528,0.0025768280029296875,0.0072825224138307575,OPTIMAL,5.333333333333333,1.083333333333333,np_gurobi_optimal,0.0,1.0,4.583333333333333,55,15.0,180,4.25,5.333333333333333,5.333333333333333,4.25,5.333333333333333,5.333333333333333,True,True,13.916666666666668,True,True
7192799740547518905,4,12,4,"[3, 3, 3, 3]","[[5, 5, 8], [0, 2, 4], [2, 3, 3], [1, 4, 4]]",1.0,1,2,4,,CHP,"[[3], [3], [3], [3]]",4,6,54,0.8888888888888888,0.0033905,20,0.0037637073546648026,0.0028722286224365234,0.006687452571144581,OPTIMAL,5.333333333333333,1.083333333333333,np_gurobi_optimal,0.0,1.0,4.583333333333333,55,28.416666666666668,341,4.25,,,4.25,5.333333333333333,,False,,,False,
7192799740547518905,4,12,4,"[3, 3, 3, 3]","[[5, 5, 8], [0, 2, 4], [2, 3, 3], [1, 4, 4]]",1.0,1,2,4,2,PP,"[[2, 1], [2, 1], [2, 1], [2, 1]]",8,24,54,0.5555555555555556,0.001492,20,0.004054669290781021,0.0192108154296875,0.0233176443938179,OPTIMAL,4.833333333333333,0.583333333333333,np_gurobi_optimal,0.0,209.0,2.4166666666666665,29,15.5,186,4.25,5.333333333333333,4.833333333333333,4.25,5.333333333333333,4.833333333333333,True,True,14.916666666666668,True,True
7192799740547518905,4,12,4,"[3, 3, 3, 3]","[[5, 5, 8], [0, 2, 4], [2, 3, 3], [1, 4, 4]]",1.0,1,2,4,3,PP,"[[3], [3], [3], [3]]",4,6,54,0.8888888888888888,0.001442,20,0.0042642345651984215,0.0031418800354003906,0.007457701801983833,OPTIMAL,5.333333333333333,1.083333333333333,np_gurobi_optimal,0.0,1.0,4.583333333333333,55,20.666666666666668,248,4.25,5.333333333333333,5.333333333333333,4.25,5.333333333333333,5.333333333333333,True,True,19.583333333333336,True,True
7192799740547518905,4,12,4,"[3, 3, 3, 3]","[[5, 5, 8], [0, 2, 4], [2, 3, 3], [1, 4, 4]]",1.0,1,2,4,4,PP,"[[3], [3], [3], [3]]",4,6,54,0.8888888888888888,0.0036505,20,0.004261450842022896,0.0025370121002197266,0.006861235661924362,OPTIMAL,5.333333333333333,1.083333333333333,np_gurobi_optimal,0.0,1.0,4.583333333333333,55,23.25,279,4.25,5.333333333333333,5.333333333333333,4.25,5.333333333333333,5.333333333333333,True,True,22.166666666666668,True,True
7192799740547518905,4,12,4,"[3, 3, 3, 3]","[[5, 5, 8], [0, 2, 4], [2, 3, 3], [1, 4, 4]]",1.0,1,2,4,5,PP,"[[3], [3], [3], [3]]",4,6,54,0.8888888888888888,0.00379,20,0.003999665379524231,0.002588033676147461,0.006640520395257473,OPTIMAL,5.333333333333333,1.083333333333333,np_gurobi_optimal,0.0,1.0,4.583333333333333,55,23.25,279,4.25,5.333333333333333,5.333333333333333,4.25,5.333333333333333,5.333333333333333,True,True,22.166666666666668,True,True
18079917463725389621,5,12,4,"[3, 3, 3, 3]","[[2, 2, 3], [3, 5, 5], [1, 2, 4], [1, 2, 3]]",1.0,1,2,,1,NP,"[[1, 1, 1], [1, 1, 1], [1, 1, 1], [1, 1, 1]]",12,54,54,0.0,0.001132,20,0.004666022956371307,0.20502901077270508,0.20975288793048333,OPTIMAL,5.25,0.0,np_gurobi_optimal,0.0,6260.0,0.0,0,0.0,0,5.25,,,5.25,,,False,,,False,
18079917463725389621,5,12,4,"[3, 3, 3, 3]","[[2, 2, 3], [3, 5, 5], [1, 2, 4], [1, 2, 3]]",1.0,1,2,2,,CHP,"[[3], [3], [3], [3]]",4,6,54,0.8888888888888888,0.002389,20,0.005707145668566227,0.002791881561279297,0.008556547732295037,OPTIMAL,5.25,0.0,np_gurobi_optimal,0.0,1.0,1.4166666666666667,17,8.25,99,5.25,,,5.25,5.25,,False,,,False,
18079917463725389621,5,12,4,"[3, 3, 3, 3]","[[2, 2, 3], [3, 5, 5], [1, 2, 4], [1, 2, 3]]",1.0,1,2,2,2,PP,"[[2, 1], [2, 1], [2, 1], [2, 1]]",8,24,54,0.5555555555555556,0.003911,20,0.004854156635701656,0.02985095977783203,0.034760434557007315,OPTIMAL,5.25,0.0,np_gurobi_optimal,0.0,247.0,0.75,9,4.5,54,5.25,5.25,5.25,5.25,5.25,5.25,True,True,4.5,True,True
18079917463725389621,5,12,4,"[3, 3, 3, 3]","[[2, 2, 3], [3, 5, 5], [1, 2, 4], [1, 2, 3]]",1.0,1,2,2,3,PP,"[[3], [3], [3], [3]]",4,6,54,0.8888888888888888,0.002078,20,0.005638421513140202,0.003359079360961914,0.00908667895524788,OPTIMAL,5.25,0.0,np_gurobi_optimal,0.0,1.0,1.4166666666666667,17,6.0,72,5.25,5.25,5.25,5.25,5.25,5.25,True,True,6.0,True,True
18079917463725389621,5,12,4,"[3, 3, 3, 3]","[[2, 2, 3], [3, 5, 5], [1, 2, 4], [1, 2, 3]]",1.0,1,2,2,4,PP,"[[3], [3], [3], [3]]",4,6,54,0.8888888888888888,0.002068,20,0.005299709737300873,0.003306865692138672,0.008693884590726375,OPTIMAL,5.25,0.0,np_gurobi_optimal,0.0,1.0,1.4166666666666667,17,6.75,81,5.25,5.25,5.25,5.25,5.25,5.25,True,True,6.75,True,True
18079917463725389621,5,12,4,"[3, 3, 3, 3]","[[2, 2, 3], [3, 5, 5], [1, 2, 4], [1, 2, 3]]",1.0,1,2,2,5,PP,"[[3], [3], [3], [3]]",4,6,54,0.8888888888888888,0.001893,20,0.004309193231165409,0.002432107925415039,0.0068053357240490915,OPTIMAL,5.25,0.0,np_gurobi_optimal,0.0,1.0,1.4166666666666667,17,6.75,81,5.25,5.25,5.25,5.25,5.25,5.25,True,True,6.75,True,True
18079917463725389621,5,12,4,"[3, 3, 3, 3]","[[2, 2, 3], [3, 5, 5], [1, 2, 4], [1, 2, 3]]",1.0,1,2,3,,CHP,"[[3], [3], [3], [3]]",4,6,54,0.8888888888888888,0.001863,20,0.004281430505216122,0.0023920536041259766,0.006737543624842644,OPTIMAL,5.25,0.0,np_gurobi_optimal,0.0,1.0,1.4166666666666667,17,18.333333333333332,220,5.25,,,5.25,5.25,,False,,,False,
18079917463725389621,5,12,4,"[3, 3, 3, 3]","[[2, 2, 3], [3, 5, 5], [1, 2, 4], [1, 2, 3]]",1.0,1,2,3,2,PP,"[[2, 1], [2, 1], [2, 1], [2, 1]]",8,24,54,0.5555555555555556,0.002554,20,0.005115422420203686,0.03377699851989746,0.03897197575924778,OPTIMAL,5.25,0.0,np_gurobi_optimal,0.0,247.0,0.75,9,10.0,120,5.25,5.25,5.25,5.25,5.25,5.25,True,True,10.0,True,True
18079917463725389621,5,12,4,"[3, 3, 3, 3]","[[2, 2, 3], [3, 5, 5], [1, 2, 4], [1, 2, 3]]",1.0,1,2,3,3,PP,"[[3], [3], [3], [3]]",4,6,54,0.8888888888888888,0.0014475,20,0.004201309755444527,0.0024890899658203125,0.006744579636762142,OPTIMAL,5.25,0.0,np_gurobi_optimal,0.0,1.0,1.4166666666666667,17,13.333333333333334,160,5.25,5.25,5.25,5.25,5.25,5.25,True,True,13.333333333333334,True,True
18079917463725389621,5,12,4,"[3, 3, 3, 3]","[[2, 2, 3], [3, 5, 5], [1, 2, 4], [1, 2, 3]]",1.0,1,2,3,4,PP,"[[3], [3], [3], [3]]",4,6,54,0.8888888888888888,0.001402,20,0.003717429004609585,0.0021719932556152344,0.00594049914370966,OPTIMAL,5.25,0.0,np_gurobi_optimal,0.0,1.0,1.4166666666666667,17,15.0,180,5.25,5.25,5.25,5.25,5.25,5.25,True,True,15.0,True,True
18079917463725389621,5,12,4,"[3, 3, 3, 3]","[[2, 2, 3], [3, 5, 5], [1, 2, 4], [1, 2, 3]]",1.0,1,2,3,5,PP,"[[3], [3], [3], [3]]",4,6,54,0.8888888888888888,0.0036505,20,0.003723408095538616,0.0017960071563720703,0.005571745982885837,OPTIMAL,5.25,0.0,np_gurobi_optimal,0.0,1.0,1.4166666666666667,17,15.0,180,5.25,5.25,5.25,5.25,5.25,5.25,True,True,15.0,True,True
18079917463725389621,5,12,4,"[3, 3, 3, 3]","[[2, 2, 3], [3, 5, 5], [1, 2, 4], [1, 2, 3]]",1.0,1,2,4,,CHP,"[[3], [3], [3], [3]]",4,6,54,0.8888888888888888,0.003325,20,0.0037827268242836,0.0025048255920410156,0.006340453579616547,OPTIMAL,5.25,0.0,np_gurobi_optimal,0.0,1.0,1.4166666666666667,17,28.416666666666668,341,5.25,,,5.25,5.25,,False,,,False,
18079917463725389621,5,12,4,"[3, 3, 3, 3]","[[2, 2, 3], [3, 5, 5], [1, 2, 4], [1, 2, 3]]",1.0,1,2,4,2,PP,"[[2, 1], [2, 1], [2, 1], [2, 1]]",8,24,54,0.5555555555555556,0.001432,20,0.0039274971932172775,0.0267791748046875,0.03076269719590616,OPTIMAL,5.25,0.0,np_gurobi_optimal,0.0,247.0,0.75,9,15.5,186,5.25,5.25,5.25,5.25,5.25,5.25,True,True,15.5,True,True
18079917463725389621,5,12,4,"[3, 3, 3, 3]","[[2, 2, 3], [3, 5, 5], [1, 2, 4], [1, 2, 3]]",1.0,1,2,4,3,PP,"[[3], [3], [3], [3]]",4,6,54,0.8888888888888888,0.001427,20,0.0037836991250514984,0.002187013626098633,0.006023800214364052,OPTIMAL,5.25,0.0,np_gurobi_optimal,0.0,1.0,1.4166666666666667,17,20.666666666666668,248,5.25,5.25,5.25,5.25,5.25,5.25,True,True,20.666666666666668,True,True
18079917463725389621,5,12,4,"[3, 3, 3, 3]","[[2, 2, 3], [3, 5, 5], [1, 2, 4], [1, 2, 3]]",1.0,1,2,4,4,PP,"[[3], [3], [3], [3]]",4,6,54,0.8888888888888888,0.0035205,20,0.004051173105835915,0.0026640892028808594,0.00676932661616373,OPTIMAL,5.25,0.0,np_gurobi_optimal,0.0,1.0,1.4166666666666667,17,23.25,279,5.25,5.25,5.25,5.25,5.25,5.25,True,True,23.25,True,True
18079917463725389621,5,12,4,"[3, 3, 3, 3]","[[2, 2, 3], [3, 5, 5], [1, 2, 4], [1, 2, 3]]",1.0,1,2,4,5,PP,"[[3], [3], [3], [3]]",4,6,54,0.8888888888888888,0.003716,20,0.004159457050263882,0.002566814422607422,0.006780467950383186,OPTIMAL,5.25,0.0,np_gurobi_optimal,0.0,1.0,1.4166666666666667,17,23.25,279,5.25,5.25,5.25,5.25,5.25,5.25,True,True,23.25,True,True
6363457114420587905,6,12,4,"[3, 3, 3, 3]","[[5, 6, 6], [1, 2, 3], [1, 2, 4], [2, 2, 3]]",1.0,1,2,,1,NP,"[[1, 1, 1], [1, 1, 1], [1, 1, 1], [1, 1, 1]]",12,54,54,0.0,0.0011165,20,0.004843940958380699,0.14966988563537598,0.15459900799463178,OPTIMAL,4.916666666666667,0.0,np_gurobi_optimal,0.0,5029.0,0.0,0,0.0,0,4.916666666666667,,,4.916666666666667,,,False,,,False,
6363457114420587905,6,12,4,"[3, 3, 3, 3]","[[5, 6, 6], [1, 2, 3], [1, 2, 4], [2, 2, 3]]",1.0,1,2,2,,CHP,"[[3], [3], [3], [3]]",4,6,54,0.8888888888888888,0.001417,20,0.004213908687233925,0.0030481815338134766,0.007341580923799992,OPTIMAL,4.916666666666667,0.0,np_gurobi_optimal,0.0,1.0,0.6666666666666666,8,8.25,99,4.916666666666667,,,4.916666666666667,4.916666666666667,,False,,,False,
6363457114420587905,6,12,4,"[3, 3, 3, 3]","[[5, 6, 6], [1, 2, 3], [1, 2, 4], [2, 2, 3]]",1.0,1,2,2,2,PP,"[[2, 1], [2, 1], [2, 1], [2, 1]]",8,24,54,0.5555555555555556,0.0014825,20,0.0047148168087005615,0.021481990814208984,0.026260342283411026,OPTIMAL,4.916666666666667,0.0,np_gurobi_optimal,0.0,184.0,0.0,0,4.5,54,4.916666666666667,4.916666666666667,4.916666666666667,4.916666666666667,4.916666666666667,4.916666666666667,True,True,4.5,True,True
6363457114420587905,6,12,4,"[3, 3, 3, 3]","[[5, 6, 6], [1, 2, 3], [1, 2, 4], [2, 2, 3]]",1.0,1,2,2,3,PP,"[[3], [3], [3], [3]]",4,6,54,0.8888888888888888,0.001452,20,0.0041847750544548035,0.002866983413696289,0.007107292370059013,OPTIMAL,4.916666666666667,0.0,np_gurobi_optimal,0.0,1.0,0.6666666666666666,8,6.0,72,4.916666666666667,4.916666666666667,4.916666666666667,4.916666666666667,4.916666666666667,4.916666666666667,True,True,6.0,True,True
6363457114420587905,6,12,4,"[3, 3, 3, 3]","[[5, 6, 6], [1, 2, 3], [1, 2, 4], [2, 2, 3]]",1.0,1,2,2,4,PP,"[[3], [3], [3], [3]]",4,6,54,0.8888888888888888,0.0015025,20,0.004525080323219299,0.0028188228607177734,0.007396600485863686,OPTIMAL,4.916666666666667,0.0,np_gurobi_optimal,0.0,1.0,0.6666666666666666,8,6.75,81,4.916666666666667,4.916666666666667,4.916666666666667,4.916666666666667,4.916666666666667,4.916666666666667,True,True,6.75,True,True
6363457114420587905,6,12,4,"[3, 3, 3, 3]","[[5, 6, 6], [1, 2, 3], [1, 2, 4], [2, 2, 3]]",1.0,1,2,2,5,PP,"[[3], [3], [3], [3]]",4,6,54,0.8888888888888888,0.001392,20,0.003947416320443153,0.0027289390563964844,0.006729381763021469,OPTIMAL,4.916666666666667,0.0,np_gurobi_optimal,0.0,1.0,0.6666666666666666,8,6.75,81,4.916666666666667,4.916666666666667,4.916666666666667,4.916666666666667,4.916666666666667,4.916666666666667,True,True,6.75,True,True
6363457114420587905,6,12,4,"[3, 3, 3, 3]","[[5, 6, 6], [1, 2, 3], [1, 2, 4], [2, 2, 3]]",1.0,1,2,3,,CHP,"[[3], [3], [3], [3]]",4,6,54,0.8888888888888888,0.001502,20,0.004067236557602882,0.0027730464935302734,0.006894400119986057,OPTIMAL,4.916666666666667,0.0,np_gurobi_optimal,0.0,1.0,0.6666666666666666,8,18.333333333333332,220,4.916666666666667,,,4.916666666666667,4.916666666666667,,False,,,False,
6363457114420587905,6,12,4,"[3, 3, 3, 3]","[[5, 6, 6], [1, 2, 3], [1, 2, 4], [2, 2, 3]]",1.0,1,2,3,2,PP,"[[2, 1], [2, 1], [2, 1], [2, 1]]",8,24,54,0.5555555555555556,0.001543,20,0.004308651201426983,0.022446155548095703,0.026830934717910766,OPTIMAL,4.916666666666667,0.0,np_gurobi_optimal,0.0,184.0,0.0,0,10.0,120,4.916666666666667,4.916666666666667,4.916666666666667,4.916666666666667,4.916666666666667,4.916666666666667,True,True,10.0,True,True
6363457114420587905,6,12,4,"[3, 3, 3, 3]","[[5, 6, 6], [1, 2, 3], [1, 2, 4], [2, 2, 3]]",1.0,1,2,3,3,PP,"[[3], [3], [3], [3]]",4,6,54,0.8888888888888888,0.0015575,20,0.00480157695710659,0.002526998519897461,0.007385798127288818,OPTIMAL,4.916666666666667,0.0,np_gurobi_optimal,0.0,1.0,0.6666666666666666,8,13.333333333333334,160,4.916666666666667,4.916666666666667,4.916666666666667,4.916666666666667,4.916666666666667,4.916666666666667,True,True,13.333333333333334,True,True
6363457114420587905,6,12,4,"[3, 3, 3, 3]","[[5, 6, 6], [1, 2, 3], [1, 2, 4], [2, 2, 3]]",1.0,1,2,3,4,PP,"[[3], [3], [3], [3]]",4,6,54,0.8888888888888888,0.001452,20,0.004212116822600365,0.002919912338256836,0.007187574238636017,OPTIMAL,4.916666666666667,0.0,np_gurobi_optimal,0.0,1.0,0.6666666666666666,8,15.0,180,4.916666666666667,4.916666666666667,4.916666666666667,4.916666666666667,4.916666666666667,4.916666666666667,True,True,15.0,True,True
6363457114420587905,6,12,4,"[3, 3, 3, 3]","[[5, 6, 6], [1, 2, 3], [1, 2, 4], [2, 2, 3]]",1.0,1,2,3,5,PP,"[[3], [3], [3], [3]]",4,6,54,0.8888888888888888,0.001502,20,0.004062150605022907,0.0024979114532470703,0.006616010107304573,OPTIMAL,4.916666666666667,0.0,np_gurobi_optimal,0.0,1.0,0.6666666666666666,8,15.0,180,4.916666666666667,4.916666666666667,4.916666666666667,4.916666666666667,4.916666666666667,4.916666666666667,True,True,15.0,True,True
6363457114420587905,6,12,4,"[3, 3, 3, 3]","[[5, 6, 6], [1, 2, 3], [1, 2, 4], [2, 2, 3]]",1.0,1,2,4,,CHP,"[[3], [3], [3], [3]]",4,6,54,0.8888888888888888,0.00357,20,0.004146527498960495,0.0022971630096435547,0.00649814611143589,OPTIMAL,4.916666666666667,0.0,np_gurobi_optimal,0.0,1.0,0.6666666666666666,8,28.416666666666668,341,4.916666666666667,,,4.916666666666667,4.916666666666667,,False,,,False,
6363457114420587905,6,12,4,"[3, 3, 3, 3]","[[5, 6, 6], [1, 2, 3], [1, 2, 4], [2, 2, 3]]",1.0,1,2,4,2,PP,"[[2, 1], [2, 1], [2, 1], [2, 1]]",8,24,54,0.5555555555555556,0.002103,20,0.004946587607264519,0.021201133728027344,0.026208584270492077,OPTIMAL,4.916666666666667,0.0,np_gurobi_optimal,0.0,184.0,0.0,0,15.5,186,4.916666666666667,4.916666666666667,4.916666666666667,4.916666666666667,4.916666666666667,4.916666666666667,True,True,15.5,True,True
6363457114420587905,6,12,4,"[3, 3, 3, 3]","[[5, 6, 6], [1, 2, 3], [1, 2, 4], [2, 2, 3]]",1.0,1,2,4,3,PP,"[[3], [3], [3], [3]]",4,6,54,0.8888888888888888,0.0014875,20,0.004141760058701038,0.002969026565551758,0.007170663393068314,OPTIMAL,4.916666666666667,0.0,np_gurobi_optimal,0.0,1.0,0.6666666666666666,8,20.666666666666668,248,4.916666666666667,4.916666666666667,4.916666666666667,4.916666666666667,4.916666666666667,4.916666666666667,True,True,20.666666666666668,True,True
6363457114420587905,6,12,4,"[3, 3, 3, 3]","[[5, 6, 6], [1, 2, 3], [1, 2, 4], [2, 2, 3]]",1.0,1,2,4,4,PP,"[[3], [3], [3], [3]]",4,6,54,0.8888888888888888,0.001417,20,0.004397586919367313,0.002740144729614258,0.007189801421169758,OPTIMAL,4.916666666666667,0.0,np_gurobi_optimal,0.0,1.0,0.6666666666666666,8,23.25,279,4.916666666666667,4.916666666666667,4.916666666666667,4.916666666666667,4.916666666666667,4.916666666666667,True,True,23.25,True,True
6363457114420587905,6,12,4,"[3, 3, 3, 3]","[[5, 6, 6], [1, 2, 3], [1, 2, 4], [2, 2, 3]]",1.0,1,2,4,5,PP,"[[3], [3], [3], [3]]",4,6,54,0.8888888888888888,0.001442,20,0.0037395013496279716,0.0025780200958251953,0.006369206435708523,OPTIMAL,4.916666666666667,0.0,np_gurobi_optimal,0.0,1.0,0.6666666666666666,8,23.25,279,4.916666666666667,4.916666666666667,4.916666666666667,4.916666666666667,4.916666666666667,4.916666666666667,True,True,23.25,True,True
8387706424782313828,7,12,4,"[3, 3, 3, 3]","[[3, 3, 4], [2, 3, 4], [0, 2, 3], [3, 7, 7]]",1.0,1,2,,1,NP,"[[1, 1, 1], [1, 1, 1], [1, 1, 1], [1, 1, 1]]",12,54,54,0.0,0.002935,20,0.004911703988909721,0.14095091819763184,0.145928388864038,OPTIMAL,4.25,0.0,np_gurobi_optimal,0.0,2300.0,0.0,0,0.0,0,4.25,,,4.25,,,False,,,False,
8387706424782313828,7,12,4,"[3, 3, 3, 3]","[[3, 3, 4], [2, 3, 4], [0, 2, 3], [3, 7, 7]]",1.0,1,2,2,,CHP,"[[3], [3], [3], [1, 2]]",5,9,54,0.8333333333333334,0.001472,20,0.004650268703699112,0.006011962890625,0.010729997929152966,OPTIMAL,4.5,0.25,np_gurobi_optimal,0.0,1.0,0.75,9,8.25,99,4.25,,,4.25,4.5,,False,,,False,
8387706424782313828,7,12,4,"[3, 3, 3, 3]","[[3, 3, 4], [2, 3, 4], [0, 2, 3], [3, 7, 7]]",1.0,1,2,2,2,PP,"[[2, 1], [2, 1], [2, 1], [1, 2]]",8,24,54,0.5555555555555556,0.002699,20,0.0055318716913461685,0.03577709197998047,0.04137537351733351,OPTIMAL,4.5,0.25,np_gurobi_optimal,0.0,277.0,0.75,9,4.5,54,4.25,4.5,4.5,4.25,4.5,4.5,True,True,4.25,True,True
8387706424782313828,7,12,4,"[3, 3, 3, 3]","[[3, 3, 4], [2, 3, 4], [0, 2, 3], [3, 7, 7]]",1.0,1,2,2,3,PP,"[[3], [3], [3], [1, 2]]",5,9,54,0.8333333333333334,0.0028245,20,0.00637676939368248,0.004734039306640625,0.011200770534371853,OPTIMAL,4.5,0.25,np_gurobi_optimal,0.0,1.0,0.75,9,6.0,72,4.25,4.5,4.5,4.25,4.5,4.5,True,True,5.75,True,True
8387706424782313828,7,12,4,"[3, 3, 3, 3]","[[3, 3, 4], [2, 3, 4], [0, 2, 3], [3, 7, 7]]",1.0,1,2,2,4,PP,"[[3], [3], [3], [1, 2]]",5,9,54,0.8333333333333334,0.001417,20,0.004139257594943047,0.003332853317260742,0.007552040267889023,OPTIMAL,4.5,0.25,np_gurobi_optimal,0.0,1.0,0.75,9,6.75,81,4.25,4.5,4.5,4.25,4.5,4.5,True,True,6.5,True,True
8387706424782313828,7,12,4,"[3, 3, 3, 3]","[[3, 3, 4], [2, 3, 4], [0, 2, 3], [3, 7, 7]]",1.0,1,2,2,5,PP,"[[3], [3], [3], [1, 2]]",5,9,54,0.8333333333333334,0.001672,20,0.00413465965539217,0.0036499500274658203,0.007839478828320026,OPTIMAL,4.5,0.25,np_gurobi_optimal,0.0,1.0,0.75,9,6.75,81,4.25,4.5,4.5,4.25,4.5,4.5,True,True,6.5,True,True
8387706424782313828,7,12,4,"[3, 3, 3, 3]","[[3, 3, 4], [2, 3, 4], [0, 2, 3], [3, 7, 7]]",1.0,1,2,3,,CHP,"[[3], [3], [3], [1, 2]]",5,9,54,0.8333333333333334,0.001417,20,0.0040667057037353516,0.0039560794830322266,0.008077103171650887,OPTIMAL,4.5,0.25,np_gurobi_optimal,0.0,1.0,0.75,9,18.333333333333332,220,4.25,,,4.25,4.5,,False,,,False,
8387706424782313828,7,12,4,"[3, 3, 3, 3]","[[3, 3, 4], [2, 3, 4], [0, 2, 3], [3, 7, 7]]",1.0,1,2,3,2,PP,"[[2, 1], [2, 1], [2, 1], [1, 2]]",8,24,54,0.5555555555555556,0.0014925,20,0.00425264798104763,0.03657197952270508,0.040885066203467844,OPTIMAL,4.5,0.25,np_gurobi_optimal,0.0,277.0,0.75,9,10.0,120,4.25,4.5,4.5,4.25,4.5,4.5,True,True,9.75,True,True
8387706424782313828,7,12,4,"[3, 3, 3, 3]","[[3, 3, 4], [2, 3, 4], [0, 2, 3], [3, 7, 7]]",1.0,1,2,3,3,PP,"[[3], [3], [3], [1, 2]]",5,9,54,0.8333333333333334,0.002033,20,0.004182111471891403,0.003710031509399414,0.00794658150256443,OPTIMAL,4.5,0.25,np_gurobi_optimal,0.0,1.0,0.75,9,13.333333333333334,160,4.25,4.5,4.5,4.25,4.5,4.5,True,True,13.083333333333334,True,True
8387706424782313828,7,12,4,"[3, 3, 3, 3]","[[3, 3, 4], [2, 3, 4], [0, 2, 3], [3, 7, 7]]",1.0,1,2,3,4,PP,"[[3], [3], [3], [1, 2]]",5,9,54,0.8333333333333334,0.001442,20,0.003968607634305954,0.0037078857421875,0.007731765821306229,OPTIMAL,4.5,0.25,np_gurobi_optimal,0.0,1.0,0.75,9,15.0,180,4.25,4.5,4.5,4.25,4.5,4.5,True,True,14.75,True,True
8387706424782313828,7,12,4,"[3, 3, 3, 3]","[[3, 3, 4], [2, 3, 4], [0, 2, 3], [3, 7, 7]]",1.0,1,2,3,5,PP,"[[3], [3], [3], [1, 2]]",5,9,54,0.8333333333333334,0.001482,20,0.003882387652993202,0.0032629966735839844,0.007202565935797214,OPTIMAL,4.5,0.25,np_gurobi_optimal,0.0,1.0,0.75,9,15.0,180,4.25,4.5,4.5,4.25,4.5,4.5,True,True,14.75,True,True
8387706424782313828,7,12,4,"[3, 3, 3, 3]","[[3, 3, 4], [2, 3, 4], [0, 2, 3], [3, 7, 7]]",1.0,1,2,4,,CHP,"[[3], [3], [3], [3]]",4,6,54,0.8888888888888888,0.0014375,20,0.0038264133036136627,0.0022029876708984375,0.006081928968310356,OPTIMAL,4.5,0.25,np_gurobi_optimal,0.0,1.0,3.3333333333333335,40,28.416666666666668,341,4.25,,,4.25,4.5,,False,,,False,
8387706424782313828,7,12,4,"[3, 3, 3, 3]","[[3, 3, 4], [2, 3, 4], [0, 2, 3], [3, 7, 7]]",1.0,1,2,4,2,PP,"[[2, 1], [2, 1], [2, 1], [2, 1]]",8,24,54,0.5555555555555556,0.002739,20,0.005254271440207958,0.023534059524536133,0.028869420270301344,OPTIMAL,4.5,0.25,np_gurobi_optimal,0.0,114.0,3.3333333333333335,40,15.5,186,4.25,4.5,4.5,4.25,4.5,4.5,True,True,15.25,True,True
8387706424782313828,7,12,4,"[3, 3, 3, 3]","[[3, 3, 4], [2, 3, 4], [0, 2, 3], [3, 7, 7]]",1.0,1,2,4,3,PP,"[[3], [3], [3], [3]]",4,6,54,0.8888888888888888,0.0020735,20,0.005372941493988037,0.0025010108947753906,0.007957898456297874,OPTIMAL,4.5,0.25,np_gurobi_optimal,0.0,1.0,3.3333333333333335,40,20.666666666666668,248,4.25,4.5,4.5,4.25,4.5,4.5,True,True,20.416666666666668,True,True
8387706424782313828,7,12,4,"[3, 3, 3, 3]","[[3, 3, 4], [2, 3, 4], [0, 2, 3], [3, 7, 7]]",1.0,1,2,4,4,PP,"[[3], [3], [3], [3]]",4,6,54,0.8888888888888888,0.002008,20,0.0047180503606796265,0.0025370121002197266,0.007321951979382515,OPTIMAL,4.5,0.25,np_gurobi_optimal,0.0,1.0,3.3333333333333335,40,23.25,279,4.25,4.5,4.5,4.25,4.5,4.5,True,True,23.0,True,True
8387706424782313828,7,12,4,"[3, 3, 3, 3]","[[3, 3, 4], [2, 3, 4], [0, 2, 3], [3, 7, 7]]",1.0,1,2,4,5,PP,"[[3], [3], [3], [3]]",4,6,54,0.8888888888888888,0.002003,20,0.004460922442376614,0.0020971298217773438,0.006623401031711579,OPTIMAL,4.5,0.25,np_gurobi_optimal,0.0,1.0,3.3333333333333335,40,23.25,279,4.25,4.5,4.5,4.25,4.5,4.5,True,True,23.0,True,True
7242902992895367538,8,12,4,"[3, 3, 3, 3]","[[2, 3, 5], [1, 1, 2], [2, 2, 3], [2, 2, 3]]",1.0,1,2,,1,NP,"[[1, 1, 1], [1, 1, 1], [1, 1, 1], [1, 1, 1]]",12,54,54,0.0,0.001552,20,0.005807618610560894,0.21228408813476562,0.21816336964006613,OPTIMAL,5.666666666666667,0.0,np_gurobi_optimal,0.0,6651.0,0.0,0,0.0,0,5.666666666666667,,,5.666666666666667,,,False,,,False,
7242902992895367538,8,12,4,"[3, 3, 3, 3]","[[2, 3, 5], [1, 1, 2], [2, 2, 3], [2, 2, 3]]",1.0,1,2,2,,CHP,"[[3], [3], [3], [3]]",4,6,54,0.8888888888888888,0.0036705,20,0.004719072952866554,0.0032410621643066406,0.008022620500405312,OPTIMAL,5.666666666666667,0.0,np_gurobi_optimal,0.0,1.0,0.6666666666666666,8,8.25,99,5.666666666666667,,,5.666666666666667,5.666666666666667,,False,,,False,
7242902992895367538,8,12,4,"[3, 3, 3, 3]","[[2, 3, 5], [1, 1, 2], [2, 2, 3], [2, 2, 3]]",1.0,1,2,2,2,PP,"[[2, 1], [2, 1], [2, 1], [2, 1]]",8,24,54,0.5555555555555556,0.004051,20,0.004651941359043121,0.025595903396606445,0.030308875933409692,OPTIMAL,5.666666666666667,0.0,np_gurobi_optimal,0.0,300.0,0.0,0,4.5,54,5.666666666666667,5.666666666666667,5.666666666666667,5.666666666666667,5.666666666666667,5.666666666666667,True,True,4.5,True,True
7242902992895367538,8,12,4,"[3, 3, 3, 3]","[[2, 3, 5], [1, 1, 2], [2, 2, 3], [2, 2, 3]]",1.0,1,2,2,3,PP,"[[3], [3], [3], [3]]",4,6,54,0.8888888888888888,0.001507,20,0.004165396094322205,0.0021970272064208984,0.006416782856852532,OPTIMAL,5.666666666666667,0.0,np_gurobi_optimal,0.0,1.0,0.6666666666666666,8,6.0,72,5.666666666666667,5.666666666666667,5.666666666666667,5.666666666666667,5.666666666666667,5.666666666666667,True,True,6.0,True,True
7242902992895367538,8,12,4,"[3, 3, 3, 3]","[[2, 3, 5], [1, 1, 2], [2, 2, 3], [2, 2, 3]]",1.0,1,2,2,4,PP,"[[3], [3], [3], [3]]",4,6,54,0.8888888888888888,0.0015125,20,0.004022750072181225,0.002686023712158203,0.006762922773611546,OPTIMAL,5.666666666666667,0.0,np_gurobi_optimal,0.0,1.0,0.6666666666666666,8,6.75,81,5.666666666666667,5.666666666666667,5.666666666666667,5.666666666666667,5.666666666666667,5.666666666666667,True,True,6.75,True,True
7242902992895367538,8,12,4,"[3, 3, 3, 3]","[[2, 3, 5], [1, 1, 2], [2, 2, 3], [2, 2, 3]]",1.0,1,2,2,5,PP,"[[3], [3], [3], [3]]",4,6,54,0.8888888888888888,0.002003,20,0.0045379092916846275,0.002560138702392578,0.007162356474318982,OPTIMAL,5.666666666666667,0.0,np_gurobi_optimal,0.0,1.0,0.6666666666666666,8,6.75,81,5.666666666666667,5.666666666666667,5.666666666666667,5.666666666666667,5.666666666666667,5.666666666666667,True,True,6.75,True,True
7242902992895367538,8,12,4,"[3, 3, 3, 3]","[[2, 3, 5], [1, 1, 2], [2, 2, 3], [2, 2, 3]]",1.0,1,2,3,,CHP,"[[3], [3], [3], [3]]",4,6,54,0.8888888888888888,0.001853,20,0.004914227873086929,0.00232696533203125,0.0073080869797616,OPTIMAL,5.666666666666667,0.0,np_gurobi_optimal,0.0,1.0,0.6666666666666666,8,18.333333333333332,220,5.666666666666667,,,5.666666666666667,5.666666666666667,,False,,,False,
7242902992895367538,8,12,4,"[3, 3, 3, 3]","[[2, 3, 5], [1, 1, 2], [2, 2, 3], [2, 2, 3]]",1.0,1,2,3,2,PP,"[[2, 1], [2, 1], [2, 1], [2, 1]]",8,24,54,0.5555555555555556,0.0023685,20,0.004434182308614254,0.027625083923339844,0.03212117604679442,OPTIMAL,5.666666666666667,0.0,np_gurobi_optimal,0.0,300.0,0.0,0,10.0,120,5.666666666666667,5.666666666666667,5.666666666666667,5.666666666666667,5.666666666666667,5.666666666666667,True,True,10.0,True,True
7242902992895367538,8,12,4,"[3, 3, 3, 3]","[[2, 3, 5], [1, 1, 2], [2, 2, 3], [2, 2, 3]]",1.0,1,2,3,3,PP,"[[3], [3], [3], [3]]",4,6,54,0.8888888888888888,0.0024035,20,0.005907108075916767,0.002916097640991211,0.008903708065370082,OPTIMAL,5.666666666666667,0.0,np_gurobi_optimal,0.0,1.0,0.6666666666666666,8,13.333333333333334,160,5.666666666666667,5.666666666666667,5.666666666666667,5.666666666666667,5.666666666666667,5.666666666666667,True,True,13.333333333333334,True,True
7242902992895367538,8,12,4,"[3, 3, 3, 3]","[[2, 3, 5], [1, 1, 2], [2, 2, 3], [2, 2, 3]]",1.0,1,2,3,4,PP,"[[3], [3], [3], [3]]",4,6,54,0.8888888888888888,0.001943,20,0.005273590795695782,0.0028471946716308594,0.00819623962078619,OPTIMAL,5.666666666666667,0.0,np_gurobi_optimal,0.0,1.0,0.6666666666666666,8,15.0,180,5.666666666666667,5.666666666666667,5.666666666666667,5.666666666666667,5.666666666666667,5.666666666666667,True,True,15.0,True,True
7242902992895367538,8,12,4,"[3, 3, 3, 3]","[[2, 3, 5], [1, 1, 2], [2, 2, 3], [2, 2, 3]]",1.0,1,2,3,5,PP,"[[3], [3], [3], [3]]",4,6,54,0.8888888888888888,0.0025035,20,0.004163692705333233,0.002399921417236328,0.006625663594022751,OPTIMAL,5.666666666666667,0.0,np_gurobi_optimal,0.0,1.0,0.6666666666666666,8,15.0,180,5.666666666666667,5.666666666666667,5.666666666666667,5.666666666666667,5.666666666666667,5.666666666666667,True,True,15.0,True,True
7242902992895367538,8,12,4,"[3, 3, 3, 3]","[[2, 3, 5], [1, 1, 2], [2, 2, 3], [2, 2, 3]]",1.0,1,2,4,,CHP,"[[3], [3], [3], [3]]",4,6,54,0.8888888888888888,0.0024585,20,0.004887537099421024,0.0025670528411865234,0.007525370264681339,OPTIMAL,5.666666666666667,0.0,np_gurobi_optimal,0.0,1.0,0.6666666666666666,8,28.416666666666668,341,5.666666666666667,,,5.666666666666667,5.666666666666667,,False,,,False,
7242902992895367538,8,12,4,"[3, 3, 3, 3]","[[2, 3, 5], [1, 1, 2], [2, 2, 3], [2, 2, 3]]",1.0,1,2,4,2,PP,"[[2, 1], [2, 1], [2, 1], [2, 1]]",8,24,54,0.5555555555555556,0.0020685,20,0.005677821114659309,0.027067899703979492,0.03283683679528809,OPTIMAL,5.666666666666667,0.0,np_gurobi_optimal,0.0,300.0,0.0,0,15.5,186,5.666666666666667,5.666666666666667,5.666666666666667,5.666666666666667,5.666666666666667,5.666666666666667,True,True,15.5,True,True
7242902992895367538,8,12,4,"[3, 3, 3, 3]","[[2, 3, 5], [1, 1, 2], [2, 2, 3], [2, 2, 3]]",1.0,1,2,4,3,PP,"[[3], [3], [3], [3]]",4,6,54,0.8888888888888888,0.0015075,20,0.003999514505267143,0.0025970935821533203,0.006650908538885117,OPTIMAL,5.666666666666667,0.0,np_gurobi_optimal,0.0,1.0,0.6666666666666666,8,20.666666666666668,248,5.666666666666667,5.666666666666667,5.666666666666667,5.666666666666667,5.666666666666667,5.666666666666667,True,True,20.666666666666668,True,True
7242902992895367538,8,12,4,"[3, 3, 3, 3]","[[2, 3, 5], [1, 1, 2], [2, 2, 3], [2, 2, 3]]",1.0,1,2,4,4,PP,"[[3], [3], [3], [3]]",4,6,54,0.8888888888888888,0.0015525,20,0.004418008029460907,0.002206087112426758,0.006693236515095234,OPTIMAL,5.666666666666667,0.0,np_gurobi_optimal,0.0,1.0,0.6666666666666666,8,23.25,279,5.666666666666667,5.666666666666667,5.666666666666667,5.666666666666667,5.666666666666667,5.666666666666667,True,True,23.25,True,True
7242902992895367538,8,12,4,"[3, 3, 3, 3]","[[2, 3, 5], [1, 1, 2], [2, 2, 3], [2, 2, 3]]",1.0,1,2,4,5,PP,"[[3], [3], [3], [3]]",4,6,54,0.8888888888888888,0.004071,20,0.0041654156520962715,0.0027718544006347656,0.007000046039899349,OPTIMAL,5.666666666666667,0.0,np_gurobi_optimal,0.0,1.0,0.6666666666666666,8,23.25,279,5.666666666666667,5.666666666666667,5.666666666666667,5.666666666666667,5.666666666666667,5.666666666666667,True,True,23.25,True,True
2514509297752250388,9,12,4,"[3, 3, 3, 3]","[[2, 3, 3], [2, 3, 4], [0, 2, 2], [2, 2, 2]]",1.0,1,2,,1,NP,"[[1, 1, 1], [1, 1, 1], [1, 1, 1], [1, 1, 1]]",12,54,54,0.0,0.001167,20,0.004925324581563473,0.18343305587768555,0.18842275259709787,OPTIMAL,5.416666666666667,0.0,np_gurobi_optimal,0.0,4363.0,0.0,0,0.0,0,5.416666666666667,,,5.416666666666667,,,False,,,False,
2514509297752250388,9,12,4,"[3, 3, 3, 3]","[[2, 3, 3], [2, 3, 4], [0, 2, 2], [2, 2, 2]]",1.0,1,2,2,,CHP,"[[3], [3], [3], [3]]",4,6,54,0.8888888888888888,0.0036905,20,0.004573972895741463,0.0027031898498535156,0.007336203608849526,OPTIMAL,5.666666666666667,0.25,np_gurobi_optimal,0.0,1.0,0.75,9,8.25,99,5.416666666666667,,,5.416666666666667,5.666666666666667,,False,,,False,
2514509297752250388,9,12,4,"[3, 3, 3, 3]","[[2, 3, 3], [2, 3, 4], [0, 2, 2], [2, 2, 2]]",1.0,1,2,2,2,PP,"[[2, 1], [2, 1], [2, 1], [2, 1]]",8,24,54,0.5555555555555556,0.001552,20,0.005127379670739174,0.03142595291137695,0.03661415208811951,OPTIMAL,5.666666666666667,0.25,np_gurobi_optimal,0.0,171.0,0.75,9,4.5,54,5.416666666666667,5.666666666666667,5.666666666666667,5.416666666666667,5.666666666666667,5.666666666666667,True,True,4.25,True,True
2514509297752250388,9,12,4,"[3, 3, 3, 3]","[[2, 3, 3], [2, 3, 4], [0, 2, 2], [2, 2, 2]]",1.0,1,2,2,3,PP,"[[3], [3], [3], [3]]",4,6,54,0.8888888888888888,0.003685,20,0.0041581448167562485,0.0018520355224609375,0.006065507175979614,OPTIMAL,5.666666666666667,0.25,np_gurobi_optimal,0.0,1.0,0.75,9,6.0,72,5.416666666666667,5.666666666666667,5.666666666666667,5.416666666666667,5.666666666666667,5.666666666666667,True,True,5.75,True,True
2514509297752250388,9,12,4,"[3, 3, 3, 3]","[[2, 3, 3], [2, 3, 4], [0, 2, 2], [2, 2, 2]]",1.0,1,2,2,4,PP,"[[3], [3], [3], [3]]",4,6,54,0.8888888888888888,0.0015075,20,0.004153657704591751,0.0021409988403320312,0.006352597536332607,OPTIMAL,5.666666666666667,0.25,np_gurobi_optimal,0.0,1.0,0.75,9,6.75,81,5.416666666666667,5.666666666666667,5.666666666666667,5.416666666666667,5.666666666666667,5.666666666666667,True,True,6.5,True,True
2514509297752250388,9,12,4,"[3, 3, 3, 3]","[[2, 3, 3], [2, 3, 4], [0, 2, 2], [2, 2, 2]]",1.0,1,2,2,5,PP,"[[3], [3], [3], [3]]",4,6,54,0.8888888888888888,0.001978,20,0.0040652137249708176,0.0022439956665039062,0.006361880210533619,OPTIMAL,5.666666666666667,0.25,np_gurobi_optimal,0.0,1.0,0.75,9,6.75,81,5.416666666666667,5.666666666666667,5.666666666666667,5.416666666666667,5.666666666666667,5.666666666666667,True,True,6.5,True,True
2514509297752250388,9,12,4,"[3, 3, 3, 3]","[[2, 3, 3], [2, 3, 4], [0, 2, 2], [2, 2, 2]]",1.0,1,2,3,,CHP,"[[3], [3], [3], [3]]",4,6,54,0.8888888888888888,0.0014375,20,0.0039580632001161575,0.002562999725341797,0.006575814917564392,OPTIMAL,5.666666666666667,0.25,np_gurobi_optimal,0.0,1.0,0.75,9,18.333333333333332,220,5.416666666666667,,,5.416666666666667,5.666666666666667,,False,,,False,
2514509297752250388,9,12,4,"[3, 3, 3, 3]","[[2, 3, 3], [2, 3, 4], [0, 2, 2], [2, 2, 2]]",1.0,1,2,3,2,PP,"[[2, 1], [2, 1], [2, 1], [2, 1]]",8,24,54,0.5555555555555556,0.003771,20,0.0045655397698283195,0.026105880737304688,0.030733438283594608,OPTIMAL,5.666666666666667,0.25,np_gurobi_optimal,0.0,171.0,0.75,9,10.0,120,5.416666666666667,5.666666666666667,5.666666666666667,5.416666666666667,5.666666666666667,5.666666666666667,True,True,9.75,True,True
2514509297752250388,9,12,4,"[3, 3, 3, 3]","[[2, 3, 3], [2, 3, 4], [0, 2, 2], [2, 2, 2]]",1.0,1,2,3,3,PP,"[[3], [3], [3], [3]]",4,6,54,0.8888888888888888,0.00342,20,0.003988468088209629,0.004106044769287109,0.008147198890371323,OPTIMAL,5.666666666666667,0.25,np_gurobi_optimal,0.0,1.0,0.75,9,13.333333333333334,160,5.416666666666667,5.666666666666667,5.666666666666667,5.416666666666667,5.666666666666667,5.666666666666667,True,True,13.083333333333334,True,True
2514509297752250388,9,12,4,"[3, 3, 3, 3]","[[2, 3, 3], [2, 3, 4], [0, 2, 2], [2, 2, 2]]",1.0,1,2,3,4,PP,"[[3], [3], [3], [3]]",4,6,54,0.8888888888888888,0.0014525,20,0.0037624863907694817,0.0019969940185546875,0.005810321876778602,OPTIMAL,5.666666666666667,0.25,np_gurobi_optimal,0.0,1.0,0.75,9,15.0,180,5.416666666666667,5.666666666666667,5.666666666666667,5.416666666666667,5.666666666666667,5.666666666666667,True,True,14.75,True,True
2514509297752250388,9,12,4,"[3, 3, 3, 3]","[[2, 3, 3], [2, 3, 4], [0, 2, 2], [2, 2, 2]]",1.0,1,2,3,5,PP,"[[3], [3], [3], [3]]",4,6,54,0.8888888888888888,0.001437,20,0.0038130925968289375,0.001889944076538086,0.00575389151182127,OPTIMAL,5.666666666666667,0.25,np_gurobi_optimal,0.0,1.0,0.75,9,15.0,180,5.416666666666667,5.666666666666667,5.666666666666667,5.416666666666667,5.666666666666667,5.666666666666667,True,True,14.75,True,True
2514509297752250388,9,12,4,"[3, 3, 3, 3]","[[2, 3, 3], [2, 3, 4], [0, 2, 2], [2, 2, 2]]",1.0,1,2,4,,CHP,"[[3], [3], [3], [3]]",4,6,54,0.8888888888888888,0.0023485,20,0.004272187128663063,0.002599000930786133,0.006925844291852474,OPTIMAL,5.666666666666667,0.25,np_gurobi_optimal,0.0,1.0,0.75,9,28.416666666666668,341,5.416666666666667,,,5.416666666666667,5.666666666666667,,False,,,False,
2514509297752250388,9,12,4,"[3, 3, 3, 3]","[[2, 3, 3], [2, 3, 4], [0, 2, 2], [2, 2, 2]]",1.0,1,2,4,2,PP,"[[2, 1], [2, 1], [2, 1], [2, 1]]",8,24,54,0.5555555555555556,0.002008,20,0.004217814654111862,0.025283098220825195,0.029558741556091787,OPTIMAL,5.666666666666667,0.25,np_gurobi_optimal,0.0,171.0,0.75,9,15.5,186,5.416666666666667,5.666666666666667,5.666666666666667,5.416666666666667,5.666666666666667,5.666666666666667,True,True,15.25,True,True
2514509297752250388,9,12,4,"[3, 3, 3, 3]","[[2, 3, 3], [2, 3, 4], [0, 2, 2], [2, 2, 2]]",1.0,1,2,4,3,PP,"[[3], [3], [3], [3]]",4,6,54,0.8888888888888888,0.001387,20,0.0038658929988741875,0.0024809837341308594,0.006400328390216351,OPTIMAL,5.666666666666667,0.25,np_gurobi_optimal,0.0,1.0,0.75,9,20.666666666666668,248,5.416666666666667,5.666666666666667,5.666666666666667,5.416666666666667,5.666666666666667,5.666666666666667,True,True,20.416666666666668,True,True
2514509297752250388,9,12,4,"[3, 3, 3, 3]","[[2, 3, 3], [2, 3, 4], [0, 2, 2], [2, 2, 2]]",1.0,1,2,4,4,PP,"[[3], [3], [3], [3]]",4,6,54,0.8888888888888888,0.002429,20,0.004000457003712654,0.0023851394653320312,0.006437215133468151,OPTIMAL,5.666666666666667,0.25,np_gurobi_optimal,0.0,1.0,0.75,9,23.25,279,5.416666666666667,5.666666666666667,5.666666666666667,5.416666666666667,5.666666666666667,5.666666666666667,True,True,23.0,True,True
2514509297752250388,9,12,4,"[3, 3, 3, 3]","[[2, 3, 3], [2, 3, 4], [0, 2, 2], [2, 2, 2]]",1.0,1,2,4,5,PP,"[[3], [3], [3], [3]]",4,6,54,0.8888888888888888,0.002594,20,0.0051474301144480705,0.002485990524291992,0.007705637520450592,OPTIMAL,5.666666666666667,0.25,np_gurobi_optimal,0.0,1.0,0.75,9,23.25,279,5.416666666666667,5.666666666666667,5.666666666666667,5.416666666666667,5.666666666666667,5.666666666666667,True,True,23.0,True,True
6144965535479514273,10,12,4,"[3, 3, 3, 3]","[[3, 4, 6], [2, 2, 3], [1, 1, 2], [1, 1, 2]]",1.0,1,2,,1,NP,"[[1, 1, 1], [1, 1, 1], [1, 1, 1], [1, 1, 1]]",12,54,54,0.0,0.001151,20,0.004662827588617802,0.13756704330444336,0.14228894550058938,OPTIMAL,5.666666666666667,0.0,np_gurobi_optimal,0.0,5803.0,0.0,0,0.0,0,5.666666666666667,,,5.666666666666667,,,False,,,False,
6144965535479514273,10,12,4,"[3, 3, 3, 3]","[[3, 4, 6], [2, 2, 3], [1, 1, 2], [1, 1, 2]]",1.0,1,2,2,,CHP,"[[3], [3], [3], [3]]",4,6,54,0.8888888888888888,0.0013675,20,0.004632260650396347,0.0026650428771972656,0.007352668179147244,OPTIMAL,5.666666666666667,0.0,np_gurobi_optimal,0.0,1.0,0.6666666666666666,8,8.25,99,5.666666666666667,,,5.666666666666667,5.666666666666667,,False,,,False,
6144965535479514273,10,12,4,"[3, 3, 3, 3]","[[3, 4, 6], [2, 2, 3], [1, 1, 2], [1, 1, 2]]",1.0,1,2,2,2,PP,"[[2, 1], [2, 1], [2, 1], [2, 1]]",8,24,54,0.5555555555555556,0.001938,20,0.004969891160726547,0.03178715705871582,0.03682850013641167,OPTIMAL,5.666666666666667,0.0,np_gurobi_optimal,0.0,296.0,0.0,0,4.5,54,5.666666666666667,5.666666666666667,5.666666666666667,5.666666666666667,5.666666666666667,5.666666666666667,True,True,4.5,True,True
6144965535479514273,10,12,4,"[3, 3, 3, 3]","[[3, 4, 6], [2, 2, 3], [1, 1, 2], [1, 1, 2]]",1.0,1,2,2,3,PP,"[[3], [3], [3], [3]]",4,6,54,0.8888888888888888,0.002078,20,0.005579662509262562,0.0027909278869628906,0.008443355779638768,OPTIMAL,5.666666666666667,0.0,np_gurobi_optimal,0.0,1.0,0.6666666666666666,8,6.0,72,5.666666666666667,5.666666666666667,5.666666666666667,5.666666666666667,5.666666666666667,5.666666666666667,True,True,6.0,True,True
6144965535479514273,10,12,4,"[3, 3, 3, 3]","[[3, 4, 6], [2, 2, 3], [1, 1, 2], [1, 1, 2]]",1.0,1,2,2,4,PP,"[[3], [3], [3], [3]]",4,6,54,0.8888888888888888,0.002569,20,0.005632122978568077,0.0028579235076904297,0.008561115192944049,OPTIMAL,5.666666666666667,0.0,np_gurobi_optimal,0.0,1.0,0.6666666666666666,8,6.75,81,5.666666666666667,5.666666666666667,5.666666666666667,5.666666666666667,5.666666666666667,5.666666666666667,True,True,6.75,True,True
6144965535479514273,10,12,4,"[3, 3, 3, 3]","[[3, 4, 6], [2, 2, 3], [1, 1, 2], [1, 1, 2]]",1.0,1,2,2,5,PP,"[[3], [3], [3], [3]]",4,6,54,0.8888888888888888,0.001953,20,0.00452844426035881,0.0025899410247802734,0.007196997308900833,OPTIMAL,5.666666666666667,0.0,np_gurobi_optimal,0.0,1.0,0.6666666666666666,8,6.75,81,5.666666666666667,5.666666666666667,5.666666666666667,5.666666666666667,5.666666666666667,5.666666666666667,True,True,6.75,True,True
6144965535479514273,10,12,4,"[3, 3, 3, 3]","[[3, 4, 6], [2, 2, 3], [1, 1, 2], [1, 1, 2]]",1.0,1,2,3,,CHP,"[[3], [3], [3], [3]]",4,6,54,0.8888888888888888,0.001783,20,0.004897573031485081,0.0029458999633789062,0.007921482884951115,OPTIMAL,5.666666666666667,0.0,np_gurobi_optimal,0.0,1.0,0.6666666666666666,8,18.333333333333332,220,5.666666666666667,,,5.666666666666667,5.666666666666667,,False,,,False,
6144965535479514273,10,12,4,"[3, 3, 3, 3]","[[3, 4, 6], [2, 2, 3], [1, 1, 2], [1, 1, 2]]",1.0,1,2,3,2,PP,"[[2, 1], [2, 1], [2, 1], [2, 1]]",8,24,54,0.5555555555555556,0.001988,20,0.004454362206161022,0.026419878005981445,0.030929243749702455,OPTIMAL,5.666666666666667,0.0,np_gurobi_optimal,0.0,296.0,0.0,0,10.0,120,5.666666666666667,5.666666666666667,5.666666666666667,5.666666666666667,5.666666666666667,5.666666666666667,True,True,10.0,True,True
6144965535479514273,10,12,4,"[3, 3, 3, 3]","[[3, 4, 6], [2, 2, 3], [1, 1, 2], [1, 1, 2]]",1.0,1,2,3,3,PP,"[[3], [3], [3], [3]]",4,6,54,0.8888888888888888,0.0037755,20,0.0044907378032803535,0.0026040077209472656,0.007150347262859821,OPTIMAL,5.666666666666667,0.0,np_gurobi_optimal,0.0,1.0,0.6666666666666666,8,13.333333333333334,160,5.666666666666667,5.666666666666667,5.666666666666667,5.666666666666667,5.666666666666667,5.666666666666667,True,True,13.333333333333334,True,True
6144965535479514273,10,12,4,"[3, 3, 3, 3]","[[3, 4, 6], [2, 2, 3], [1, 1, 2], [1, 1, 2]]",1.0,1,2,3,4,PP,"[[3], [3], [3], [3]]",4,6,54,0.8888888888888888,0.001423,20,0.0037710601463913918,0.0023441314697265625,0.006169286495647908,OPTIMAL,5.666666666666667,0.0,np_gurobi_optimal,0.0,1.0,0.6666666666666666,8,15.0,180,5.666666666666667,5.666666666666667,5.666666666666667,5.666666666666667,5.666666666666667,5.666666666666667,True,True,15.0,True,True
6144965535479514273,10,12,4,"[3, 3, 3, 3]","[[3, 4, 6], [2, 2, 3], [1, 1, 2], [1, 1, 2]]",1.0,1,2,3,5,PP,"[[3], [3], [3], [3]]",4,6,54,0.8888888888888888,0.001417,20,0.0037371786311268806,0.002240896224975586,0.0060287467131061555,OPTIMAL,5.666666666666667,0.0,np_gurobi_optimal,0.0,1.0,0.6666666666666666,8,15.0,180,5.666666666666667,5.666666666666667,5.666666666666667,5.666666666666667,5.666666666666667,5.666666666666667,True,True,15.0,True,True
6144965535479514273,10,12,4,"[3, 3, 3, 3]","[[3, 4, 6], [2, 2, 3], [1, 1, 2], [1, 1, 2]]",1.0,1,2,4,,CHP,"[[3], [3], [3], [3]]",4,6,54,0.8888888888888888,0.001417,20,0.003941386938095093,0.0027151107788085938,0.006712509777550221,OPTIMAL,5.666666666666667,0.0,np_gurobi_optimal,0.0,1.0,0.6666666666666666,8,28.416666666666668,341,5.666666666666667,,,5.666666666666667,5.666666666666667,,False,,,False,
6144965535479514273,10,12,4,"[3, 3, 3, 3]","[[3, 4, 6], [2, 2, 3], [1, 1, 2], [1, 1, 2]]",1.0,1,2,4,2,PP,"[[2, 1], [2, 1], [2, 1], [2, 1]]",8,24,54,0.5555555555555556,0.0015675,20,0.004260119050741196,0.026382923126220703,0.030703272754614354,OPTIMAL,5.666666666666667,0.0,np_gurobi_optimal,0.0,296.0,0.0,0,15.5,186,5.666666666666667,5.666666666666667,5.666666666666667,5.666666666666667,5.666666666666667,5.666666666666667,True,True,15.5,True,True
6144965535479514273,10,12,4,"[3, 3, 3, 3]","[[3, 4, 6], [2, 2, 3], [1, 1, 2], [1, 1, 2]]",1.0,1,2,4,3,PP,"[[3], [3], [3], [3]]",4,6,54,0.8888888888888888,0.001573,20,0.004001198336482048,0.0028629302978515625,0.006922534663126946,OPTIMAL,5.666666666666667,0.0,np_gurobi_optimal,0.0,1.0,0.6666666666666666,8,20.666666666666668,248,5.666666666666667,5.666666666666667,5.666666666666667,5.666666666666667,5.666666666666667,5.666666666666667,True,True,20.666666666666668,True,True
6144965535479514273,10,12,4,"[3, 3, 3, 3]","[[3, 4, 6], [2, 2, 3], [1, 1, 2], [1, 1, 2]]",1.0,1,2,4,4,PP,"[[3], [3], [3], [3]]",4,6,54,0.8888888888888888,0.001477,20,0.00448265578597784,0.0028891563415527344,0.007430124950291633,OPTIMAL,5.666666666666667,0.0,np_gurobi_optimal,0.0,1.0,0.6666666666666666,8,23.25,279,5.666666666666667,5.666666666666667,5.666666666666667,5.666666666666667,5.666666666666667,5.666666666666667,True,True,23.25,True,True
6144965535479514273,10,12,4,"[3, 3, 3, 3]","[[3, 4, 6], [2, 2, 3], [1, 1, 2], [1, 1, 2]]",1.0,1,2,4,5,PP,"[[3], [3], [3], [3]]",4,6,54,0.8888888888888888,0.001427,20,0.003797619603574276,0.002109050750732422,0.005956617397799015,OPTIMAL,5.666666666666667,0.0,np_gurobi_optimal,0.0,1.0,0.6666666666666666,8,23.25,279,5.666666666666667,5.666666666666667,5.666666666666667,5.666666666666667,5.666666666666667,5.666666666666667,True,True,23.25,True,True
582532827331543236,11,12,4,"[3, 3, 3, 3]","[[2, 3, 3], [2, 3, 3], [3, 3, 4], [1, 2, 2]]",1.0,1,2,,1,NP,"[[1, 1, 1], [1, 1, 1], [1, 1, 1], [1, 1, 1]]",12,54,54,0.0,0.001172,20,0.004717730917036533,0.16337299346923828,0.1681517580760808,OPTIMAL,5.416666666666667,0.0,np_gurobi_optimal,0.0,3582.0,0.0,0,0.0,0,5.416666666666667,,,5.416666666666667,,,False,,,False,
582532827331543236,11,12,4,"[3, 3, 3, 3]","[[2, 3, 3], [2, 3, 3], [3, 3, 4], [1, 2, 2]]",1.0,1,2,2,,CHP,"[[3], [3], [3], [3]]",4,6,54,0.8888888888888888,0.001382,20,0.004295341670513153,0.0017631053924560547,0.006117776884884358,OPTIMAL,5.416666666666667,0.0,np_gurobi_optimal,0.0,1.0,0.0,0,8.25,99,5.416666666666667,,,5.416666666666667,5.416666666666667,,False,,,False,
582532827331543236,11,12,4,"[3, 3, 3, 3]","[[2, 3, 3], [2, 3, 3], [3, 3, 4], [1, 2, 2]]",1.0,1,2,2,2,PP,"[[2, 1], [2, 1], [2, 1], [2, 1]]",8,24,54,0.5555555555555556,0.0038255,20,0.0048654936254024506,0.029552936553955078,0.03448311015902805,OPTIMAL,5.416666666666667,0.0,np_gurobi_optimal,0.0,248.0,0.0,0,4.5,54,5.416666666666667,5.416666666666667,5.416666666666667,5.416666666666667,5.416666666666667,5.416666666666667,True,True,4.5,True,True
582532827331543236,11,12,4,"[3, 3, 3, 3]","[[2, 3, 3], [2, 3, 3], [3, 3, 4], [1, 2, 2]]",1.0,1,2,2,3,PP,"[[3], [3], [3], [3]]",4,6,54,0.8888888888888888,0.003586,20,0.004435294307768345,0.0016679763793945312,0.006160392834042072,OPTIMAL,5.416666666666667,0.0,np_gurobi_optimal,0.0,1.0,0.0,0,6.0,72,5.416666666666667,5.416666666666667,5.416666666666667,5.416666666666667,5.416666666666667,5.416666666666667,True,True,6.0,True,True
582532827331543236,11,12,4,"[3, 3, 3, 3]","[[2, 3, 3], [2, 3, 3], [3, 3, 4], [1, 2, 2]]",1.0,1,2,2,4,PP,"[[3], [3], [3], [3]]",4,6,54,0.8888888888888888,0.0014775,20,0.003956620581448078,0.0018968582153320312,0.005915196103551388,OPTIMAL,5.416666666666667,0.0,np_gurobi_optimal,0.0,1.0,0.0,0,6.75,81,5.416666666666667,5.416666666666667,5.416666666666667,5.416666666666667,5.416666666666667,5.416666666666667,True,True,6.75,True,True
582532827331543236,11,12,4,"[3, 3, 3, 3]","[[2, 3, 3], [2, 3, 3], [3, 3, 4], [1, 2, 2]]",1.0,1,2,2,5,PP,"[[3], [3], [3], [3]]",4,6,54,0.8888888888888888,0.001367,20,0.0045130811631679535,0.0014729499816894531,0.0060372397350831036,OPTIMAL,5.416666666666667,0.0,np_gurobi_optimal,0.0,1.0,0.0,0,6.75,81,5.416666666666667,5.416666666666667,5.416666666666667,5.416666666666667,5.416666666666667,5.416666666666667,True,True,6.75,True,True
582532827331543236,11,12,4,"[3, 3, 3, 3]","[[2, 3, 3], [2, 3, 3], [3, 3, 4], [1, 2, 2]]",1.0,1,2,3,,CHP,"[[3], [3], [3], [3]]",4,6,54,0.8888888888888888,0.0035755,20,0.004465188831090927,0.0018160343170166016,0.006334975514460087,OPTIMAL,5.416666666666667,0.0,np_gurobi_optimal,0.0,1.0,0.0,0,18.333333333333332,220,5.416666666666667,,,5.416666666666667,5.416666666666667,,False,,,False,
582532827331543236,11,12,4,"[3, 3, 3, 3]","[[2, 3, 3], [2, 3, 3], [3, 3, 4], [1, 2, 2]]",1.0,1,2,3,2,PP,"[[2, 1], [2, 1], [2, 1], [2, 1]]",8,24,54,0.5555555555555556,0.001487,20,0.004317315295338631,0.03427886962890625,0.038658516159367086,OPTIMAL,5.416666666666667,0.0,np_gurobi_optimal,0.0,248.0,0.0,0,10.0,120,5.416666666666667,5.416666666666667,5.416666666666667,5.416666666666667,5.416666666666667,5.416666666666667,True,True,10.0,True,True
582532827331543236,11,12,4,"[3, 3, 3, 3]","[[2, 3, 3], [2, 3, 3], [3, 3, 4], [1, 2, 2]]",1.0,1,2,3,3,PP,"[[3], [3], [3], [3]]",4,6,54,0.8888888888888888,0.001442,20,0.00409558042883873,0.0016701221466064453,0.005818033903567314,OPTIMAL,5.416666666666667,0.0,np_gurobi_optimal,0.0,1.0,0.0,0,13.333333333333334,160,5.416666666666667,5.416666666666667,5.416666666666667,5.416666666666667,5.416666666666667,5.416666666666667,True,True,13.333333333333334,True,True
582532827331543236,11,12,4,"[3, 3, 3, 3]","[[2, 3, 3], [2, 3, 3], [3, 3, 4], [1, 2, 2]]",1.0,1,2,3,4,PP,"[[3], [3], [3], [3]]",4,6,54,0.8888888888888888,0.00354,20,0.004183082841336727,0.0018711090087890625,0.006107657259383201,OPTIMAL,5.416666666666667,0.0,np_gurobi_optimal,0.0,1.0,0.0,0,15.0,180,5.416666666666667,5.416666666666667,5.416666666666667,5.416666666666667,5.416666666666667,5.416666666666667,True,True,15.0,True,True
582532827331543236,11,12,4,"[3, 3, 3, 3]","[[2, 3, 3], [2, 3, 3], [3, 3, 4], [1, 2, 2]]",1.0,1,2,3,5,PP,"[[3], [3], [3], [3]]",4,6,54,0.8888888888888888,0.0035505,20,0.004075800068676472,0.001886129379272461,0.00601512596043396,OPTIMAL,5.416666666666667,0.0,np_gurobi_optimal,0.0,1.0,0.0,0,15.0,180,5.416666666666667,5.416666666666667,5.416666666666667,5.416666666666667,5.416666666666667,5.416666666666667,True,True,15.0,True,True
582532827331543236,11,12,4,"[3, 3, 3, 3]","[[2, 3, 3], [2, 3, 3], [3, 3, 4], [1, 2, 2]]",1.0,1,2,4,,CHP,"[[3], [3], [3], [3]]",4,6,54,0.8888888888888888,0.003385,20,0.003849778324365616,0.0015361309051513672,0.005438279934296608,OPTIMAL,5.416666666666667,0.0,np_gurobi_optimal,0.0,1.0,0.0,0,28.416666666666668,341,5.416666666666667,,,5.416666666666667,5.416666666666667,,False,,,False,
582532827331543236,11,12,4,"[3, 3, 3, 3]","[[2, 3, 3], [2, 3, 3], [3, 3, 4], [1, 2, 2]]",1.0,1,2,4,2,PP,"[[2, 1], [2, 1], [2, 1], [2, 1]]",8,24,54,0.5555555555555556,0.0038805,20,0.004477907903492451,0.028543949127197266,0.03307864224086332,OPTIMAL,5.416666666666667,0.0,np_gurobi_optimal,0.0,248.0,0.0,0,15.5,186,5.416666666666667,5.416666666666667,5.416666666666667,5.416666666666667,5.416666666666667,5.416666666666667,True,True,15.5,True,True
582532827331543236,11,12,4,"[3, 3, 3, 3]","[[2, 3, 3], [2, 3, 3], [3, 3, 4], [1, 2, 2]]",1.0,1,2,4,3,PP,"[[3], [3], [3], [3]]",4,6,54,0.8888888888888888,0.001402,20,0.004042880609631538,0.002095937728881836,0.006191248433699131,OPTIMAL,5.416666666666667,0.0,np_gurobi_optimal,0.0,1.0,0.0,0,20.666666666666668,248,5.416666666666667,5.416666666666667,5.416666666666667,5.416666666666667,5.416666666666667,5.416666666666667,True,True,20.666666666666668,True,True
582532827331543236,11,12,4,"[3, 3, 3, 3]","[[2, 3, 3], [2, 3, 3], [3, 3, 4], [1, 2, 2]]",1.0,1,2,4,4,PP,"[[3], [3], [3], [3]]",4,6,54,0.8888888888888888,0.0035205,20,0.004310876131057739,0.0017390251159667969,0.006103361126120567,OPTIMAL,5.416666666666667,0.0,np_gurobi_optimal,0.0,1.0,0.0,0,23.25,279,5.416666666666667,5.416666666666667,5.416666666666667,5.416666666666667,5.416666666666667,5.416666666666667,True,True,23.25,True,True
582532827331543236,11,12,4,"[3, 3, 3, 3]","[[2, 3, 3], [2, 3, 3], [3, 3, 4], [1, 2, 2]]",1.0,1,2,4,5,PP,"[[3], [3], [3], [3]]",4,6,54,0.8888888888888888,0.003686,20,0.003929018974304199,0.0018551349639892578,0.005837464530359268,OPTIMAL,5.416666666666667,0.0,np_gurobi_optimal,0.0,1.0,0.0,0,23.25,279,5.416666666666667,5.416666666666667,5.416666666666667,5.416666666666667,5.416666666666667,5.416666666666667,True,True,23.25,True,True
1469884662822108229,12,12,4,"[3, 3, 3, 3]","[[3, 3, 4], [4, 4, 5], [2, 2, 3], [2, 3, 3]]",1.0,1,2,,1,NP,"[[1, 1, 1], [1, 1, 1], [1, 1, 1], [1, 1, 1]]",12,54,54,0.0,0.001171,20,0.004932676441967487,0.22449398040771484,0.22949273171990728,OPTIMAL,5.833333333333333,0.0,np_gurobi_optimal,0.0,5795.0,0.0,0,0.0,0,5.833333333333333,,,5.833333333333333,,,False,,,False,
1469884662822108229,12,12,4,"[3, 3, 3, 3]","[[3, 3, 4], [4, 4, 5], [2, 2, 3], [2, 3, 3]]",1.0,1,2,2,,CHP,"[[3], [3], [3], [3]]",4,6,54,0.8888888888888888,0.0024085,20,0.006194001995027065,0.002440929412841797,0.008722257900222302,OPTIMAL,5.833333333333333,0.0,np_gurobi_optimal,0.0,1.0,0.0,0,8.25,99,5.833333333333333,,,5.833333333333333,5.833333333333333,,False,,,False,
1469884662822108229,12,12,4,"[3, 3, 3, 3]","[[3, 3, 4], [4, 4, 5], [2, 2, 3], [2, 3, 3]]",1.0,1,2,2,2,PP,"[[2, 1], [2, 1], [2, 1], [2, 1]]",8,24,54,0.5555555555555556,0.002674,20,0.006643672473728657,0.030132055282592773,0.036855937154625894,OPTIMAL,5.833333333333333,0.0,np_gurobi_optimal,0.0,274.0,0.0,0,4.5,54,5.833333333333333,5.833333333333333,5.833333333333333,5.833333333333333,5.833333333333333,5.833333333333333,True,True,4.5,True,True
1469884662822108229,12,12,4,"[3, 3, 3, 3]","[[3, 3, 4], [4, 4, 5], [2, 2, 3], [2, 3, 3]]",1.0,1,2,2,3,PP,"[[3], [3], [3], [3]]",4,6,54,0.8888888888888888,0.001998,20,0.005291116423904896,0.002360105514526367,0.007723448179815292,OPTIMAL,5.833333333333333,0.0,np_gurobi_optimal,0.0,1.0,0.0,0,6.0,72,5.833333333333333,5.833333333333333,5.833333333333333,5.833333333333333,5.833333333333333,5.833333333333333,True,True,6.0,True,True
1469884662822108229,12,12,4,"[3, 3, 3, 3]","[[3, 3, 4], [4, 4, 5], [2, 2, 3], [2, 3, 3]]",1.0,1,2,2,4,PP,"[[3], [3], [3], [3]]",4,6,54,0.8888888888888888,0.002519,20,0.00582945067435503,0.002115011215209961,0.008029401074773311,OPTIMAL,5.833333333333333,0.0,np_gurobi_optimal,0.0,1.0,0.0,0,6.75,81,5.833333333333333,5.833333333333333,5.833333333333333,5.833333333333333,5.833333333333333,5.833333333333333,True,True,6.75,True,True
1469884662822108229,12,12,4,"[3, 3, 3, 3]","[[3, 3, 4], [4, 4, 5], [2, 2, 3], [2, 3, 3]]",1.0,1,2,2,5,PP,"[[3], [3], [3], [3]]",4,6,54,0.8888888888888888,0.002358,20,0.005336185917258263,0.00189208984375,0.0073066278204517365,OPTIMAL,5.833333333333333,0.0,np_gurobi_optimal,0.0,1.0,0.0,0,6.75,81,5.833333333333333,5.833333333333333,5.833333333333333,5.833333333333333,5.833333333333333,5.833333333333333,True,True,6.75,True,True
1469884662822108229,12,12,4,"[3, 3, 3, 3]","[[3, 3, 4], [4, 4, 5], [2, 2, 3], [2, 3, 3]]",1.0,1,2,3,,CHP,"[[3], [3], [3], [3]]",4,6,54,0.8888888888888888,0.001788,20,0.0047665853053331375,0.0017430782318115234,0.006583697023225307,OPTIMAL,5.833333333333333,0.0,np_gurobi_optimal,0.0,1.0,0.0,0,18.333333333333332,220,5.833333333333333,,,5.833333333333333,5.833333333333333,,False,,,False,
1469884662822108229,12,12,4,"[3, 3, 3, 3]","[[3, 3, 4], [4, 4, 5], [2, 2, 3], [2, 3, 3]]",1.0,1,2,3,2,PP,"[[2, 1], [2, 1], [2, 1], [2, 1]]",8,24,54,0.5555555555555556,0.002439,20,0.005167189985513687,0.03376197814941406,0.03900124491779947,OPTIMAL,5.833333333333333,0.0,np_gurobi_optimal,0.0,274.0,0.0,0,10.0,120,5.833333333333333,5.833333333333333,5.833333333333333,5.833333333333333,5.833333333333333,5.833333333333333,True,True,10.0,True,True
1469884662822108229,12,12,4,"[3, 3, 3, 3]","[[3, 3, 4], [4, 4, 5], [2, 2, 3], [2, 3, 3]]",1.0,1,2,3,3,PP,"[[3], [3], [3], [3]]",4,6,54,0.8888888888888888,0.001893,20,0.004786585457623005,0.0024929046630859375,0.007346455560319901,OPTIMAL,5.833333333333333,0.0,np_gurobi_optimal,0.0,1.0,0.0,0,13.333333333333334,160,5.833333333333333,5.833333333333333,5.833333333333333,5.833333333333333,5.833333333333333,5.833333333333333,True,True,13.333333333333334,True,True
1469884662822108229,12,12,4,"[3, 3, 3, 3]","[[3, 3, 4], [4, 4, 5], [2, 2, 3], [2, 3, 3]]",1.0,1,2,3,4,PP,"[[3], [3], [3], [3]]",4,6,54,0.8888888888888888,0.001863,20,0.00434197299182415,0.0018160343170166016,0.006220783461833477,OPTIMAL,5.833333333333333,0.0,np_gurobi_optimal,0.0,1.0,0.0,0,15.0,180,5.833333333333333,5.833333333333333,5.833333333333333,5.833333333333333,5.833333333333333,5.833333333333333,True,True,15.0,True,True
1469884662822108229,12,12,4,"[3, 3, 3, 3]","[[3, 3, 4], [4, 4, 5], [2, 2, 3], [2, 3, 3]]",1.0,1,2,3,5,PP,"[[3], [3], [3], [3]]",4,6,54,0.8888888888888888,0.001898,20,0.004316214472055435,0.001714944839477539,0.0060942377541046144,OPTIMAL,5.833333333333333,0.0,np_gurobi_optimal,0.0,1.0,0.0,0,15.0,180,5.833333333333333,5.833333333333333,5.833333333333333,5.833333333333333,5.833333333333333,5.833333333333333,True,True,15.0,True,True
1469884662822108229,12,12,4,"[3, 3, 3, 3]","[[3, 3, 4], [4, 4, 5], [2, 2, 3], [2, 3, 3]]",1.0,1,2,4,,CHP,"[[3], [3], [3], [3]]",4,6,54,0.8888888888888888,0.001798,20,0.004483476281166077,0.0020160675048828125,0.006564147386513233,OPTIMAL,5.833333333333333,0.0,np_gurobi_optimal,0.0,1.0,0.0,0,28.416666666666668,341,5.833333333333333,,,5.833333333333333,5.833333333333333,,False,,,False,
1469884662822108229,12,12,4,"[3, 3, 3, 3]","[[3, 3, 4], [4, 4, 5], [2, 2, 3], [2, 3, 3]]",1.0,1,2,4,2,PP,"[[2, 1], [2, 1], [2, 1], [2, 1]]",8,24,54,0.5555555555555556,0.002003,20,0.004879745654761791,0.03164386749267578,0.03658975447050619,OPTIMAL,5.833333333333333,0.0,np_gurobi_optimal,0.0,274.0,0.0,0,15.5,186,5.833333333333333,5.833333333333333,5.833333333333333,5.833333333333333,5.833333333333333,5.833333333333333,True,True,15.5,True,True
1469884662822108229,12,12,4,"[3, 3, 3, 3]","[[3, 3, 4], [4, 4, 5], [2, 2, 3], [2, 3, 3]]",1.0,1,2,4,3,PP,"[[3], [3], [3], [3]]",4,6,54,0.8888888888888888,0.001917,20,0.004558440297842026,0.002012968063354492,0.006638027134422779,OPTIMAL,5.833333333333333,0.0,np_gurobi_optimal,0.0,1.0,0.0,0,20.666666666666668,248,5.833333333333333,5.833333333333333,5.833333333333333,5.833333333333333,5.833333333333333,5.833333333333333,True,True,20.666666666666668,True,True
1469884662822108229,12,12,4,"[3, 3, 3, 3]","[[3, 3, 4], [4, 4, 5], [2, 2, 3], [2, 3, 3]]",1.0,1,2,4,4,PP,"[[3], [3], [3], [3]]",4,6,54,0.8888888888888888,0.001988,20,0.004350756295025349,0.0016808509826660156,0.006097171081924915,OPTIMAL,5.833333333333333,0.0,np_gurobi_optimal,0.0,1.0,0.0,0,23.25,279,5.833333333333333,5.833333333333333,5.833333333333333,5.833333333333333,5.833333333333333,5.833333333333333,True,True,23.25,True,True
1469884662822108229,12,12,4,"[3, 3, 3, 3]","[[3, 3, 4], [4, 4, 5], [2, 2, 3], [2, 3, 3]]",1.0,1,2,4,5,PP,"[[3], [3], [3], [3]]",4,6,54,0.8888888888888888,0.001903,20,0.004174208268523216,0.0017490386962890625,0.005986078018966198,OPTIMAL,5.833333333333333,0.0,np_gurobi_optimal,0.0,1.0,0.0,0,23.25,279,5.833333333333333,5.833333333333333,5.833333333333333,5.833333333333333,5.833333333333333,5.833333333333333,True,True,23.25,True,True
6769232384238777805,13,12,4,"[3, 3, 3, 3]","[[2, 3, 3], [3, 4, 4], [2, 2, 2], [1, 1, 2]]",1.0,1,2,,1,NP,"[[1, 1, 1], [1, 1, 1], [1, 1, 1], [1, 1, 1]]",12,54,54,0.0,0.001568,20,0.006017264910042286,0.1847689151763916,0.19086515403090049,OPTIMAL,5.583333333333333,0.0,np_gurobi_optimal,0.0,4298.0,0.0,0,0.0,0,5.583333333333333,,,5.583333333333333,,,False,,,False,
6769232384238777805,13,12,4,"[3, 3, 3, 3]","[[2, 3, 3], [3, 4, 4], [2, 2, 2], [1, 1, 2]]",1.0,1,2,2,,CHP,"[[3], [3], [3], [3]]",4,6,54,0.8888888888888888,0.001893,20,0.0050716763362288475,0.002064943313598633,0.007208725990050316,OPTIMAL,5.583333333333333,0.0,np_gurobi_optimal,0.0,1.0,0.0,0,8.25,99,5.583333333333333,,,5.583333333333333,5.583333333333333,,False,,,False,
6769232384238777805,13,12,4,"[3, 3, 3, 3]","[[2, 3, 3], [3, 4, 4], [2, 2, 2], [1, 1, 2]]",1.0,1,2,2,2,PP,"[[2, 1], [2, 1], [2, 1], [2, 1]]",8,24,54,0.5555555555555556,0.001922,20,0.00495649129152298,0.030439138412475586,0.03546593499536228,OPTIMAL,5.583333333333333,0.0,np_gurobi_optimal,0.0,237.0,0.0,0,4.5,54,5.583333333333333,5.583333333333333,5.583333333333333,5.583333333333333,5.583333333333333,5.583333333333333,True,True,4.5,True,True
6769232384238777805,13,12,4,"[3, 3, 3, 3]","[[2, 3, 3], [3, 4, 4], [2, 2, 2], [1, 1, 2]]",1.0,1,2,2,3,PP,"[[3], [3], [3], [3]]",4,6,54,0.8888888888888888,0.002354,20,0.0055016567930579185,0.002437114715576172,0.008023077238587379,OPTIMAL,5.583333333333333,0.0,np_gurobi_optimal,0.0,1.0,0.0,0,6.0,72,5.583333333333333,5.583333333333333,5.583333333333333,5.583333333333333,5.583333333333333,5.583333333333333,True,True,6.0,True,True
6769232384238777805,13,12,4,"[3, 3, 3, 3]","[[2, 3, 3], [3, 4, 4], [2, 2, 2], [1, 1, 2]]",1.0,1,2,2,4,PP,"[[3], [3], [3], [3]]",4,6,54,0.8888888888888888,0.0023985,20,0.005578601732850075,0.0023581981658935547,0.008020497271572113,OPTIMAL,5.583333333333333,0.0,np_gurobi_optimal,0.0,1.0,0.0,0,6.75,81,5.583333333333333,5.583333333333333,5.583333333333333,5.583333333333333,5.583333333333333,5.583333333333333,True,True,6.75,True,True
6769232384238777805,13,12,4,"[3, 3, 3, 3]","[[2, 3, 3], [3, 4, 4], [2, 2, 2], [1, 1, 2]]",1.0,1,2,2,5,PP,"[[3], [3], [3], [3]]",4,6,54,0.8888888888888888,0.002539,20,0.005390266887843609,0.0022809505462646484,0.007750620348836422,OPTIMAL,5.583333333333333,0.0,np_gurobi_optimal,0.0,1.0,0.0,0,6.75,81,5.583333333333333,5.583333333333333,5.583333333333333,5.583333333333333,5.583333333333333,5.583333333333333,True,True,6.75,True,True
6769232384238777805,13,12,4,"[3, 3, 3, 3]","[[2, 3, 3], [3, 4, 4], [2, 2, 2], [1, 1, 2]]",1.0,1,2,3,,CHP,"[[3], [3], [3], [3]]",4,6,54,0.8888888888888888,0.002414,20,0.005164075642824173,0.002349853515625,0.00759450906213665,OPTIMAL,5.583333333333333,0.0,np_gurobi_optimal,0.0,1.0,0.0,0,18.333333333333332,220,5.583333333333333,,,5.583333333333333,5.583333333333333,,False,,,False,
6769232384238777805,13,12,4,"[3, 3, 3, 3]","[[2, 3, 3], [3, 4, 4], [2, 2, 2], [1, 1, 2]]",1.0,1,2,3,2,PP,"[[2, 1], [2, 1], [2, 1], [2, 1]]",8,24,54,0.5555555555555556,0.0023685,20,0.006092999130487442,0.03788113594055176,0.044065568742817404,OPTIMAL,5.583333333333333,0.0,np_gurobi_optimal,0.0,237.0,0.0,0,10.0,120,5.583333333333333,5.583333333333333,5.583333333333333,5.583333333333333,5.583333333333333,5.583333333333333,True,True,10.0,True,True
6769232384238777805,13,12,4,"[3, 3, 3, 3]","[[2, 3, 3], [3, 4, 4], [2, 2, 2], [1, 1, 2]]",1.0,1,2,3,3,PP,"[[3], [3], [3], [3]]",4,6,54,0.8888888888888888,0.002354,20,0.005750702694058418,0.002039194107055664,0.007873311255363464,OPTIMAL,5.583333333333333,0.0,np_gurobi_optimal,0.0,1.0,0.0,0,13.333333333333334,160,5.583333333333333,5.583333333333333,5.583333333333333,5.583333333333333,5.583333333333333,5.583333333333333,True,True,13.333333333333334,True,True
6769232384238777805,13,12,4,"[3, 3, 3, 3]","[[2, 3, 3], [3, 4, 4], [2, 2, 2], [1, 1, 2]]",1.0,1,2,3,4,PP,"[[3], [3], [3], [3]]",4,6,54,0.8888888888888888,0.0023585,20,0.0053786104544997215,0.0023908615112304688,0.007848898340102196,OPTIMAL,5.583333333333333,0.0,np_gurobi_optimal,0.0,1.0,0.0,0,15.0,180,5.583333333333333,5.583333333333333,5.583333333333333,5.583333333333333,5.583333333333333,5.583333333333333,True,True,15.0,True,True
6769232384238777805,13,12,4,"[3, 3, 3, 3]","[[2, 3, 3], [3, 4, 4], [2, 2, 2], [1, 1, 2]]",1.0,1,2,3,5,PP,"[[3], [3], [3], [3]]",4,6,54,0.8888888888888888,0.0024085,20,0.005388805642724037,0.002123117446899414,0.0075880848869524006,OPTIMAL,5.583333333333333,0.0,np_gurobi_optimal,0.0,1.0,0.0,0,15.0,180,5.583333333333333,5.583333333333333,5.583333333333333,5.583333333333333,5.583333333333333,5.583333333333333,True,True,15.0,True,True
6769232384238777805,13,12,4,"[3, 3, 3, 3]","[[2, 3, 3], [3, 4, 4], [2, 2, 2], [1, 1, 2]]",1.0,1,2,4,,CHP,"[[3], [3], [3], [3]]",4,6,54,0.8888888888888888,0.0017275,20,0.003884422592818737,0.0019118785858154297,0.005851459586062431,OPTIMAL,5.583333333333333,0.0,np_gurobi_optimal,0.0,1.0,0.0,0,28.416666666666668,341,5.583333333333333,,,5.583333333333333,5.583333333333333,,False,,,False,
6769232384238777805,13,12,4,"[3, 3, 3, 3]","[[2, 3, 3], [3, 4, 4], [2, 2, 2], [1, 1, 2]]",1.0,1,2,4,2,PP,"[[2, 1], [2, 1], [2, 1], [2, 1]]",8,24,54,0.5555555555555556,0.0014425,20,0.004028008319437504,0.02968001365661621,0.033766117759590146,OPTIMAL,5.583333333333333,0.0,np_gurobi_optimal,0.0,237.0,0.0,0,15.5,186,5.583333333333333,5.583333333333333,5.583333333333333,5.583333333333333,5.583333333333333,5.583333333333333,True,True,15.5,True,True
6769232384238777805,13,12,4,"[3, 3, 3, 3]","[[2, 3, 3], [3, 4, 4], [2, 2, 2], [1, 1, 2]]",1.0,1,2,4,3,PP,"[[3], [3], [3], [3]]",4,6,54,0.8888888888888888,0.001472,20,0.00445590540766716,0.0016429424285888672,0.006154942836579799,OPTIMAL,5.583333333333333,0.0,np_gurobi_optimal,0.0,1.0,0.0,0,20.666666666666668,248,5.583333333333333,5.583333333333333,5.583333333333333,5.583333333333333,5.583333333333333,5.583333333333333,True,True,20.666666666666668,True,True
6769232384238777805,13,12,4,"[3, 3, 3, 3]","[[2, 3, 3], [3, 4, 4], [2, 2, 2], [1, 1, 2]]",1.0,1,2,4,4,PP,"[[3], [3], [3], [3]]",4,6,54,0.8888888888888888,0.0036605,20,0.004228291101753712,0.0020551681518554688,0.006337553664992332,OPTIMAL,5.583333333333333,0.0,np_gurobi_optimal,0.0,1.0,0.0,0,23.25,279,5.583333333333333,5.583333333333333,5.583333333333333,5.583333333333333,5.583333333333333,5.583333333333333,True,True,23.25,True,True
6769232384238777805,13,12,4,"[3, 3, 3, 3]","[[2, 3, 3], [3, 4, 4], [2, 2, 2], [1, 1, 2]]",1.0,1,2,4,5,PP,"[[3], [3], [3], [3]]",4,6,54,0.8888888888888888,0.001462,20,0.0038607055321335793,0.00164794921875,0.0055719211795802115,OPTIMAL,5.583333333333333,0.0,np_gurobi_optimal,0.0,1.0,0.0,0,23.25,279,5.583333333333333,5.583333333333333,5.583333333333333,5.583333333333333,5.583333333333333,5.583333333333333,True,True,23.25,True,True
13202915386150602261,14,12,4,"[3, 3, 3, 3]","[[2, 2, 4], [1, 3, 3], [2, 3, 4], [1, 2, 4]]",1.0,1,2,,1,NP,"[[1, 1, 1], [1, 1, 1], [1, 1, 1], [1, 1, 1]]",12,54,54,0.0,0.0030445,20,0.005906818434596062,0.202531099319458,0.2085099173774786,OPTIMAL,5.75,0.0,np_gurobi_optimal,0.0,6723.0,0.0,0,0.0,0,5.75,,,5.75,,,False,,,False,
13202915386150602261,14,12,4,"[3, 3, 3, 3]","[[2, 2, 4], [1, 3, 3], [2, 3, 4], [1, 2, 4]]",1.0,1,2,2,,CHP,"[[3], [3], [3], [3]]",4,6,54,0.8888888888888888,0.003355,20,0.004586623050272465,0.0030748844146728516,0.007718656588177681,OPTIMAL,6.25,0.5,np_gurobi_optimal,0.0,1.0,2.0833333333333335,25,8.25,99,5.75,,,5.75,6.25,,False,,,False,
13202915386150602261,14,12,4,"[3, 3, 3, 3]","[[2, 2, 4], [1, 3, 3], [2, 3, 4], [1, 2, 4]]",1.0,1,2,2,2,PP,"[[2, 1], [2, 1], [2, 1], [2, 1]]",8,24,54,0.5555555555555556,0.0036855,20,0.004728127270936966,0.02826094627380371,0.03305139697668362,OPTIMAL,5.75,0.0,np_gurobi_optimal,0.0,342.0,0.75,9,4.5,54,5.75,6.25,5.75,5.75,6.25,5.75,True,True,4.5,True,True
13202915386150602261,14,12,4,"[3, 3, 3, 3]","[[2, 2, 4], [1, 3, 3], [2, 3, 4], [1, 2, 4]]",1.0,1,2,2,3,PP,"[[3], [3], [3], [3]]",4,6,54,0.8888888888888888,0.0014975,20,0.004233448766171932,0.002775907516479492,0.007064833239076138,OPTIMAL,6.25,0.5,np_gurobi_optimal,0.0,1.0,2.0833333333333335,25,6.0,72,5.75,6.25,6.25,5.75,6.25,6.25,True,True,5.5,True,True
13202915386150602261,14,12,4,"[3, 3, 3, 3]","[[2, 2, 4], [1, 3, 3], [2, 3, 4], [1, 2, 4]]",1.0,1,2,2,4,PP,"[[3], [3], [3], [3]]",4,6,54,0.8888888888888888,0.002083,20,0.005117314867675304,0.0035610198974609375,0.008755754310842037,OPTIMAL,6.25,0.5,np_gurobi_optimal,0.0,1.0,2.0833333333333335,25,6.75,81,5.75,6.25,6.25,5.75,6.25,6.25,True,True,6.25,True,True
13202915386150602261,14,12,4,"[3, 3, 3, 3]","[[2, 2, 4], [1, 3, 3], [2, 3, 4], [1, 2, 4]]",1.0,1,2,2,5,PP,"[[3], [3], [3], [3]]",4,6,54,0.8888888888888888,0.002388,20,0.005960228852927685,0.0032210350036621094,0.009279611609387875,OPTIMAL,6.25,0.5,np_gurobi_optimal,0.0,1.0,2.0833333333333335,25,6.75,81,5.75,6.25,6.25,5.75,6.25,6.25,True,True,6.25,True,True
13202915386150602261,14,12,4,"[3, 3, 3, 3]","[[2, 2, 4], [1, 3, 3], [2, 3, 4], [1, 2, 4]]",1.0,1,2,3,,CHP,"[[3], [3], [3], [3]]",4,6,54,0.8888888888888888,0.0023785,20,0.004826536402106285,0.002537965774536133,0.007429615496591091,OPTIMAL,6.25,0.5,np_gurobi_optimal,0.0,1.0,2.0833333333333335,25,18.333333333333332,220,5.75,,,5.75,6.25,,False,,,False,
13202915386150602261,14,12,4,"[3, 3, 3, 3]","[[2, 2, 4], [1, 3, 3], [2, 3, 4], [1, 2, 4]]",1.0,1,2,3,2,PP,"[[2, 1], [2, 1], [2, 1], [2, 1]]",8,24,54,0.5555555555555556,0.002519,20,0.00619885977357626,0.03455805778503418,0.04084229725939655,OPTIMAL,5.75,0.0,np_gurobi_optimal,0.0,342.0,0.75,9,10.0,120,5.75,6.25,5.75,5.75,6.25,5.75,True,True,10.0,True,True
13202915386150602261,14,12,4,"[3, 3, 3, 3]","[[2, 2, 4], [1, 3, 3], [2, 3, 4], [1, 2, 4]]",1.0,1,2,3,3,PP,"[[3], [3], [3], [3]]",4,6,54,0.8888888888888888,0.002048,20,0.005877274088561535,0.0033349990844726562,0.009296447060308933,OPTIMAL,6.25,0.5,np_gurobi_optimal,0.0,1.0,2.0833333333333335,25,13.333333333333334,160,5.75,6.25,6.25,5.75,6.25,6.25,True,True,12.833333333333334,True,True
13202915386150602261,14,12,4,"[3, 3, 3, 3]","[[2, 2, 4], [1, 3, 3], [2, 3, 4], [1, 2, 4]]",1.0,1,2,3,4,PP,"[[3], [3], [3], [3]]",4,6,54,0.8888888888888888,0.001933,20,0.005397818982601166,0.0028688907623291016,0.008351964450390817,OPTIMAL,6.25,0.5,np_gurobi_optimal,0.0,1.0,2.0833333333333335,25,15.0,180,5.75,6.25,6.25,5.75,6.25,6.25,True,True,14.5,True,True
13202915386150602261,14,12,4,"[3, 3, 3, 3]","[[2, 2, 4], [1, 3, 3], [2, 3, 4], [1, 2, 4]]",1.0,1,2,3,5,PP,"[[3], [3], [3], [3]]",4,6,54,0.8888888888888888,0.001963,20,0.0046835290268063545,0.002813100814819336,0.007562841060758114,OPTIMAL,6.25,0.5,np_gurobi_optimal,0.0,1.0,2.0833333333333335,25,15.0,180,5.75,6.25,6.25,5.75,6.25,6.25,True,True,14.5,True,True
13202915386150602261,14,12,4,"[3, 3, 3, 3]","[[2, 2, 4], [1, 3, 3], [2, 3, 4], [1, 2, 4]]",1.0,1,2,4,,CHP,"[[3], [3], [3], [3]]",4,6,54,0.8888888888888888,0.0024135,20,0.004765083082020283,0.002422809600830078,0.00725300374989605,OPTIMAL,6.25,0.5,np_gurobi_optimal,0.0,1.0,2.0833333333333335,25,28.416666666666668,341,5.75,,,5.75,6.25,,False,,,False,
13202915386150602261,14,12,4,"[3, 3, 3, 3]","[[2, 2, 4], [1, 3, 3], [2, 3, 4], [1, 2, 4]]",1.0,1,2,4,2,PP,"[[2, 1], [2, 1], [2, 1], [2, 1]]",8,24,54,0.5555555555555556,0.002349,20,0.005764001980423927,0.03425097465515137,0.04009906316133642,OPTIMAL,5.75,0.0,np_gurobi_optimal,0.0,342.0,0.75,9,15.5,186,5.75,6.25,5.75,5.75,6.25,5.75,True,True,15.5,True,True
13202915386150602261,14,12,4,"[3, 3, 3, 3]","[[2, 2, 4], [1, 3, 3], [2, 3, 4], [1, 2, 4]]",1.0,1,2,4,3,PP,"[[3], [3], [3], [3]]",4,6,54,0.8888888888888888,0.002018,20,0.0056564901024103165,0.00333404541015625,0.009084406132810592,OPTIMAL,6.25,0.5,np_gurobi_optimal,0.0,1.0,2.0833333333333335,25,20.666666666666668,248,5.75,6.25,6.25,5.75,6.25,6.25,True,True,20.166666666666668,True,True
13202915386150602261,14,12,4,"[3, 3, 3, 3]","[[2, 2, 4], [1, 3, 3], [2, 3, 4], [1, 2, 4]]",1.0,1,2,4,4,PP,"[[3], [3], [3], [3]]",4,6,54,0.8888888888888888,0.0024635,20,0.004773714579641819,0.0029129981994628906,0.007767069305277824,OPTIMAL,6.25,0.5,np_gurobi_optimal,0.0,1.0,2.0833333333333335,25,23.25,279,5.75,6.25,6.25,5.75,6.25,6.25,True,True,22.75,True,True
13202915386150602261,14,12,4,"[3, 3, 3, 3]","[[2, 2, 4], [1, 3, 3], [2, 3, 4], [1, 2, 4]]",1.0,1,2,4,5,PP,"[[3], [3], [3], [3]]",4,6,54,0.8888888888888888,0.0026795,20,0.005797944031655788,0.0028870105743408203,0.008766435171679974,OPTIMAL,6.25,0.5,np_gurobi_optimal,0.0,1.0,2.0833333333333335,25,23.25,279,5.75,6.25,6.25,5.75,6.25,6.25,True,True,22.75,True,True
2484217807232542051,15,12,4,"[3, 3, 3, 3]","[[0, 1, 1], [1, 3, 3], [3, 4, 4], [1, 4, 8]]",1.0,1,2,,1,NP,"[[1, 1, 1], [1, 1, 1], [1, 1, 1], [1, 1, 1]]",12,54,54,0.0,0.002053,20,0.007544734515249729,0.13109588623046875,0.13873253147300768,OPTIMAL,4.25,0.0,np_gurobi_optimal,0.0,2596.0,0.0,0,0.0,0,4.25,,,4.25,,,False,,,False,
2484217807232542051,15,12,4,"[3, 3, 3, 3]","[[0, 1, 1], [1, 3, 3], [3, 4, 4], [1, 4, 8]]",1.0,1,2,2,,CHP,"[[3], [3], [3], [1, 1, 1]]",6,12,54,0.7777777777777778,0.002209,20,0.005537539720535278,0.00574183464050293,0.011353415339895725,OPTIMAL,4.25,0.0,np_gurobi_optimal,0.0,1.0,0.75,9,8.25,99,4.25,,,4.25,4.25,,False,,,False,
2484217807232542051,15,12,4,"[3, 3, 3, 3]","[[0, 1, 1], [1, 3, 3], [3, 4, 4], [1, 4, 8]]",1.0,1,2,2,2,PP,"[[2, 1], [2, 1], [2, 1], [1, 1, 1]]",9,30,54,0.4444444444444444,0.002669,20,0.006773598492145538,0.02665400505065918,0.03351639473524713,OPTIMAL,4.25,0.0,np_gurobi_optimal,0.0,231.0,0.75,9,4.5,54,4.25,4.25,4.25,4.25,4.25,4.25,True,True,4.5,True,True
2484217807232542051,15,12,4,"[3, 3, 3, 3]","[[0, 1, 1], [1, 3, 3], [3, 4, 4], [1, 4, 8]]",1.0,1,2,2,3,PP,"[[3], [3], [3], [1, 1, 1]]",6,12,54,0.7777777777777778,0.002559,20,0.0061092739924788475,0.005560874938964844,0.011751286411031722,OPTIMAL,4.25,0.0,np_gurobi_optimal,0.0,1.0,0.75,9,6.0,72,4.25,4.25,4.25,4.25,4.25,4.25,True,True,6.0,True,True
2484217807232542051,15,12,4,"[3, 3, 3, 3]","[[0, 1, 1], [1, 3, 3], [3, 4, 4], [1, 4, 8]]",1.0,1,2,2,4,PP,"[[3], [3], [3], [1, 1, 1]]",6,12,54,0.7777777777777778,0.002534,20,0.006374784745275974,0.005984067916870117,0.01244101381095314,OPTIMAL,4.25,0.0,np_gurobi_optimal,0.0,1.0,0.75,9,6.75,81,4.25,4.25,4.25,4.25,4.25,4.25,True,True,6.75,True,True
2484217807232542051,15,12,4,"[3, 3, 3, 3]","[[0, 1, 1], [1, 3, 3], [3, 4, 4], [1, 4, 8]]",1.0,1,2,2,5,PP,"[[3], [3], [3], [1, 1, 1]]",6,12,54,0.7777777777777778,0.001883,20,0.004624789580702782,0.0056421756744384766,0.010340879537029743,OPTIMAL,4.25,0.0,np_gurobi_optimal,0.0,1.0,0.75,9,6.75,81,4.25,4.25,4.25,4.25,4.25,4.25,True,True,6.75,True,True
2484217807232542051,15,12,4,"[3, 3, 3, 3]","[[0, 1, 1], [1, 3, 3], [3, 4, 4], [1, 4, 8]]",1.0,1,2,3,,CHP,"[[3], [3], [3], [2, 1]]",5,9,54,0.8333333333333334,0.002399,20,0.005598132498562336,0.004630088806152344,0.010310259560715199,OPTIMAL,4.25,0.0,np_gurobi_optimal,0.0,1.0,2.4166666666666665,29,18.333333333333332,220,4.25,,,4.25,4.25,,False,,,False,
2484217807232542051,15,12,4,"[3, 3, 3, 3]","[[0, 1, 1], [1, 3, 3], [3, 4, 4], [1, 4, 8]]",1.0,1,2,3,2,PP,"[[2, 1], [2, 1], [2, 1], [2, 1]]",8,24,54,0.5555555555555556,0.0024785,20,0.005629108287394047,0.02313518524169922,0.028837042179993153,OPTIMAL,4.25,0.0,np_gurobi_optimal,0.0,132.0,2.4166666666666665,29,10.0,120,4.25,4.25,4.25,4.25,4.25,4.25,True,True,10.0,True,True
2484217807232542051,15,12,4,"[3, 3, 3, 3]","[[0, 1, 1], [1, 3, 3], [3, 4, 4], [1, 4, 8]]",1.0,1,2,3,3,PP,"[[3], [3], [3], [2, 1]]",5,9,54,0.8333333333333334,0.001988,20,0.006047199480235577,0.004604816436767578,0.010736572182500839,OPTIMAL,4.25,0.0,np_gurobi_optimal,0.0,1.0,2.4166666666666665,29,13.333333333333334,160,4.25,4.25,4.25,4.25,4.25,4.25,True,True,13.333333333333334,True,True
2484217807232542051,15,12,4,"[3, 3, 3, 3]","[[0, 1, 1], [1, 3, 3], [3, 4, 4], [1, 4, 8]]",1.0,1,2,3,4,PP,"[[3], [3], [3], [2, 1]]",5,9,54,0.8333333333333334,0.002519,20,0.005718572996556759,0.004086017608642578,0.009882241259938716,OPTIMAL,4.25,0.0,np_gurobi_optimal,0.0,1.0,2.4166666666666665,29,15.0,180,4.25,4.25,4.25,4.25,4.25,4.25,True,True,15.0,True,True
2484217807232542051,15,12,4,"[3, 3, 3, 3]","[[0, 1, 1], [1, 3, 3], [3, 4, 4], [1, 4, 8]]",1.0,1,2,3,5,PP,"[[3], [3], [3], [2, 1]]",5,9,54,0.8333333333333334,0.001948,20,0.005578971467912197,0.004397153854370117,0.010063806221888542,OPTIMAL,4.25,0.0,np_gurobi_optimal,0.0,1.0,2.4166666666666665,29,15.0,180,4.25,4.25,4.25,4.25,4.25,4.25,True,True,15.0,True,True
2484217807232542051,15,12,4,"[3, 3, 3, 3]","[[0, 1, 1], [1, 3, 3], [3, 4, 4], [1, 4, 8]]",1.0,1,2,4,,CHP,"[[3], [3], [3], [3]]",4,6,54,0.8888888888888888,0.002534,20,0.0055741555988788605,0.002774953842163086,0.008430322503468037,OPTIMAL,4.25,0.0,np_gurobi_optimal,0.0,1.0,4.75,57,28.416666666666668,341,4.25,,,4.25,4.25,,False,,,False,
2484217807232542051,15,12,4,"[3, 3, 3, 3]","[[0, 1, 1], [1, 3, 3], [3, 4, 4], [1, 4, 8]]",1.0,1,2,4,2,PP,"[[2, 1], [2, 1], [2, 1], [2, 1]]",8,24,54,0.5555555555555556,0.001928,20,0.005685473792254925,0.02429485321044922,0.030065218148973467,OPTIMAL,4.25,0.0,np_gurobi_optimal,0.0,132.0,2.4166666666666665,29,15.5,186,4.25,4.25,4.25,4.25,4.25,4.25,True,True,15.5,True,True
2484217807232542051,15,12,4,"[3, 3, 3, 3]","[[0, 1, 1], [1, 3, 3], [3, 4, 4], [1, 4, 8]]",1.0,1,2,4,3,PP,"[[3], [3], [3], [3]]",4,6,54,0.8888888888888888,0.0025085,20,0.004947608336806297,0.002605915069580078,0.007632660196503162,OPTIMAL,4.25,0.0,np_gurobi_optimal,0.0,1.0,4.75,57,20.666666666666668,248,4.25,4.25,4.25,4.25,4.25,4.25,True,True,20.666666666666668,True,True
2484217807232542051,15,12,4,"[3, 3, 3, 3]","[[0, 1, 1], [1, 3, 3], [3, 4, 4], [1, 4, 8]]",1.0,1,2,4,4,PP,"[[3], [3], [3], [3]]",4,6,54,0.8888888888888888,0.0025235,20,0.005423027090728283,0.002557992935180664,0.008064569521223069,OPTIMAL,4.25,0.0,np_gurobi_optimal,0.0,1.0,4.75,57,23.25,279,4.25,4.25,4.25,4.25,4.25,4.25,True,True,23.25,True,True
2484217807232542051,15,12,4,"[3, 3, 3, 3]","[[0, 1, 1], [1, 3, 3], [3, 4, 4], [1, 4, 8]]",1.0,1,2,4,5,PP,"[[3], [3], [3], [3]]",4,6,54,0.8888888888888888,0.0027145,20,0.00512571819126606,0.0018429756164550781,0.007027482308616161,OPTIMAL,4.25,0.0,np_gurobi_optimal,0.0,1.0,4.75,57,23.25,279,4.25,4.25,4.25,4.25,4.25,4.25,True,True,23.25,True,True
11834029798653749338,16,12,4,"[3, 3, 3, 3]","[[1, 2, 2], [2, 4, 4], [0, 0, 1], [4, 4, 4]]",1.0,1,2,,1,NP,"[[1, 1, 1], [1, 1, 1], [1, 1, 1], [1, 1, 1]]",12,54,54,0.0,0.001232,20,0.005588197149336338,0.09885311126708984,0.10450484682799054,OPTIMAL,4.666666666666667,0.0,np_gurobi_optimal,0.0,1758.0,0.0,0,0.0,0,4.666666666666667,,,4.666666666666667,,,False,,,False,
11834029798653749338,16,12,4,"[3, 3, 3, 3]","[[1, 2, 2], [2, 4, 4], [0, 0, 1], [4, 4, 4]]",1.0,1,2,2,,CHP,"[[3], [3], [3], [3]]",4,6,54,0.8888888888888888,0.0036805,20,0.004768596962094307,0.002231121063232422,0.007061978715270043,OPTIMAL,4.666666666666667,0.0,np_gurobi_optimal,0.0,1.0,0.75,9,8.25,99,4.666666666666667,,,4.666666666666667,4.666666666666667,,False,,,False,
11834029798653749338,16,12,4,"[3, 3, 3, 3]","[[1, 2, 2], [2, 4, 4], [0, 0, 1], [4, 4, 4]]",1.0,1,2,2,2,PP,"[[2, 1], [2, 1], [2, 1], [2, 1]]",8,24,54,0.5555555555555556,0.0038805,20,0.004601955413818359,0.020693063735961914,0.02535558925489712,OPTIMAL,4.666666666666667,0.0,np_gurobi_optimal,0.0,159.0,0.75,9,4.5,54,4.666666666666667,4.666666666666667,4.666666666666667,4.666666666666667,4.666666666666667,4.666666666666667,True,True,4.5,True,True
11834029798653749338,16,12,4,"[3, 3, 3, 3]","[[1, 2, 2], [2, 4, 4], [0, 0, 1], [4, 4, 4]]",1.0,1,2,2,3,PP,"[[3], [3], [3], [3]]",4,6,54,0.8888888888888888,0.001477,20,0.00430474616587162,0.002051830291748047,0.006411014978470325,OPTIMAL,4.666666666666667,0.0,np_gurobi_optimal,0.0,1.0,0.75,9,6.0,72,4.666666666666667,4.666666666666667,4.666666666666667,4.666666666666667,4.666666666666667,4.666666666666667,True,True,6.0,True,True
11834029798653749338,16,12,4,"[3, 3, 3, 3]","[[1, 2, 2], [2, 4, 4], [0, 0, 1], [4, 4, 4]]",1.0,1,2,2,4,PP,"[[3], [3], [3], [3]]",4,6,54,0.8888888888888888,0.003821,20,0.0041813598945736885,0.002323150634765625,0.006560141004165173,OPTIMAL,4.666666666666667,0.0,np_gurobi_optimal,0.0,1.0,0.75,9,6.75,81,4.666666666666667,4.666666666666667,4.666666666666667,4.666666666666667,4.666666666666667,4.666666666666667,True,True,6.75,True,True
11834029798653749338,16,12,4,"[3, 3, 3, 3]","[[1, 2, 2], [2, 4, 4], [0, 0, 1], [4, 4, 4]]",1.0,1,2,2,5,PP,"[[3], [3], [3], [3]]",4,6,54,0.8888888888888888,0.002564,20,0.00587280560284853,0.0022809505462646484,0.008237931015004158,OPTIMAL,4.666666666666667,0.0,np_gurobi_optimal,0.0,1.0,0.75,9,6.75,81,4.666666666666667,4.666666666666667,4.666666666666667,4.666666666666667,4.666666666666667,4.666666666666667,True,True,6.75,True,True
11834029798653749338,16,12,4,"[3, 3, 3, 3]","[[1, 2, 2], [2, 4, 4], [0, 0, 1], [4, 4, 4]]",1.0,1,2,3,,CHP,"[[3], [3], [3], [3]]",4,6,54,0.8888888888888888,0.002213,20,0.005240911617875099,0.002065896987915039,0.007370880051196098,OPTIMAL,4.666666666666667,0.0,np_gurobi_optimal,0.0,1.0,0.75,9,18.333333333333332,220,4.666666666666667,,,4.666666666666667,4.666666666666667,,False,,,False,
11834029798653749338,16,12,4,"[3, 3, 3, 3]","[[1, 2, 2], [2, 4, 4], [0, 0, 1], [4, 4, 4]]",1.0,1,2,3,2,PP,"[[2, 1], [2, 1], [2, 1], [2, 1]]",8,24,54,0.5555555555555556,0.002564,20,0.007889986038208008,0.021207094192504883,0.029170781442929745,OPTIMAL,4.666666666666667,0.0,np_gurobi_optimal,0.0,159.0,0.75,9,10.0,120,4.666666666666667,4.666666666666667,4.666666666666667,4.666666666666667,4.666666666666667,4.666666666666667,True,True,10.0,True,True
11834029798653749338,16,12,4,"[3, 3, 3, 3]","[[1, 2, 2], [2, 4, 4], [0, 0, 1], [4, 4, 4]]",1.0,1,2,3,3,PP,"[[3], [3], [3], [3]]",4,6,54,0.8888888888888888,0.001467,20,0.004515094682574272,0.002541065216064453,0.007115399631909847,OPTIMAL,4.666666666666667,0.0,np_gurobi_optimal,0.0,1.0,0.75,9,13.333333333333334,160,4.666666666666667,4.666666666666667,4.666666666666667,4.666666666666667,4.666666666666667,4.666666666666667,True,True,13.333333333333334,True,True
11834029798653749338,16,12,4,"[3, 3, 3, 3]","[[1, 2, 2], [2, 4, 4], [0, 0, 1], [4, 4, 4]]",1.0,1,2,3,4,PP,"[[3], [3], [3], [3]]",4,6,54,0.8888888888888888,0.003721,20,0.0042267898097634315,0.001962900161743164,0.006258585856600761,OPTIMAL,4.666666666666667,0.0,np_gurobi_optimal,0.0,1.0,0.75,9,15.0,180,4.666666666666667,4.666666666666667,4.666666666666667,4.666666666666667,4.666666666666667,4.666666666666667,True,True,15.0,True,True
11834029798653749338,16,12,4,"[3, 3, 3, 3]","[[1, 2, 2], [2, 4, 4], [0, 0, 1], [4, 4, 4]]",1.0,1,2,3,5,PP,"[[3], [3], [3], [3]]",4,6,54,0.8888888888888888,0.0015525,20,0.004540262743830681,0.002042055130004883,0.00663391778635025,OPTIMAL,4.666666666666667,0.0,np_gurobi_optimal,0.0,1.0,0.75,9,15.0,180,4.666666666666667,4.666666666666667,4.666666666666667,4.666666666666667,4.666666666666667,4.666666666666667,True,True,15.0,True,True
11834029798653749338,16,12,4,"[3, 3, 3, 3]","[[1, 2, 2], [2, 4, 4], [0, 0, 1], [4, 4, 4]]",1.0,1,2,4,,CHP,"[[3], [3], [3], [3]]",4,6,54,0.8888888888888888,0.0023035,20,0.005583499558269978,0.005048036575317383,0.010719802569869518,OPTIMAL,4.666666666666667,0.0,np_gurobi_optimal,0.0,1.0,0.75,9,28.416666666666668,341,4.666666666666667,,,4.666666666666667,4.666666666666667,,False,,,False,
11834029798653749338,16,12,4,"[3, 3, 3, 3]","[[1, 2, 2], [2, 4, 4], [0, 0, 1], [4, 4, 4]]",1.0,1,2,4,2,PP,"[[2, 1], [2, 1], [2, 1], [2, 1]]",8,24,54,0.5555555555555556,0.003781,20,0.00458917673677206,0.020315885543823242,0.024968534538370134,OPTIMAL,4.666666666666667,0.0,np_gurobi_optimal,0.0,159.0,0.75,9,15.5,186,4.666666666666667,4.666666666666667,4.666666666666667,4.666666666666667,4.666666666666667,4.666666666666667,True,True,15.5,True,True
11834029798653749338,16,12,4,"[3, 3, 3, 3]","[[1, 2, 2], [2, 4, 4], [0, 0, 1], [4, 4, 4]]",1.0,1,2,4,3,PP,"[[3], [3], [3], [3]]",4,6,54,0.8888888888888888,0.002589,20,0.00609993003308773,0.0028650760650634766,0.009054181089235783,OPTIMAL,4.666666666666667,0.0,np_gurobi_optimal,0.0,1.0,0.75,9,20.666666666666668,248,4.666666666666667,4.666666666666667,4.666666666666667,4.666666666666667,4.666666666666667,4.666666666666667,True,True,20.666666666666668,True,True
11834029798653749338,16,12,4,"[3, 3, 3, 3]","[[1, 2, 2], [2, 4, 4], [0, 0, 1], [4, 4, 4]]",1.0,1,2,4,4,PP,"[[3], [3], [3], [3]]",4,6,54,0.8888888888888888,0.001998,20,0.004830050282180309,0.002192974090576172,0.0070909628050069805,OPTIMAL,4.666666666666667,0.0,np_gurobi_optimal,0.0,1.0,0.75,9,23.25,279,4.666666666666667,4.666666666666667,4.666666666666667,4.666666666666667,4.666666666666667,4.666666666666667,True,True,23.25,True,True
11834029798653749338,16,12,4,"[3, 3, 3, 3]","[[1, 2, 2], [2, 4, 4], [0, 0, 1], [4, 4, 4]]",1.0,1,2,4,5,PP,"[[3], [3], [3], [3]]",4,6,54,0.8888888888888888,0.0025385,20,0.004893265664577484,0.002421140670776367,0.0073704241715559955,OPTIMAL,4.666666666666667,0.0,np_gurobi_optimal,0.0,1.0,0.75,9,23.25,279,4.666666666666667,4.666666666666667,4.666666666666667,4.666666666666667,4.666666666666667,4.666666666666667,True,True,23.25,True,True
2533063662314017695,17,12,4,"[3, 3, 3, 3]","[[2, 2, 3], [1, 2, 4], [2, 3, 4], [1, 3, 3]]",1.0,1,2,,1,NP,"[[1, 1, 1], [1, 1, 1], [1, 1, 1], [1, 1, 1]]",12,54,54,0.0,0.0029145,20,0.00506284274160862,0.31056809425354004,0.3156971488339324,OPTIMAL,5.833333333333333,0.0,np_gurobi_optimal,0.0,9922.0,0.0,0,0.0,0,5.833333333333333,,,5.833333333333333,,,False,,,False,
2533063662314017695,17,12,4,"[3, 3, 3, 3]","[[2, 2, 3], [1, 2, 4], [2, 3, 4], [1, 3, 3]]",1.0,1,2,2,,CHP,"[[3], [3], [3], [3]]",4,6,54,0.8888888888888888,0.0014575,20,0.004483726806938648,0.003108978271484375,0.007652051727015972,OPTIMAL,6.333333333333333,0.5,np_gurobi_optimal,0.0,1.0,1.4166666666666667,17,8.25,99,5.833333333333333,,,5.833333333333333,6.333333333333333,,False,,,False,
2533063662314017695,17,12,4,"[3, 3, 3, 3]","[[2, 2, 3], [1, 2, 4], [2, 3, 4], [1, 3, 3]]",1.0,1,2,2,2,PP,"[[2, 1], [2, 1], [2, 1], [2, 1]]",8,24,54,0.5555555555555556,0.003556,20,0.004348503425717354,0.02914881706237793,0.03355258444876051,OPTIMAL,5.833333333333333,0.0,np_gurobi_optimal,0.0,287.0,0.75,9,4.5,54,5.833333333333333,6.333333333333333,5.833333333333333,5.833333333333333,6.333333333333333,5.833333333333333,True,True,4.5,True,True
2533063662314017695,17,12,4,"[3, 3, 3, 3]","[[2, 2, 3], [1, 2, 4], [2, 3, 4], [1, 3, 3]]",1.0,1,2,2,3,PP,"[[3], [3], [3], [3]]",4,6,54,0.8888888888888888,0.001472,20,0.004459749907255173,0.003075122833251953,0.007588699039039135,OPTIMAL,6.333333333333333,0.5,np_gurobi_optimal,0.0,1.0,1.4166666666666667,17,6.0,72,5.833333333333333,6.333333333333333,6.333333333333333,5.833333333333333,6.333333333333333,6.333333333333333,True,True,5.5,True,True
2533063662314017695,17,12,4,"[3, 3, 3, 3]","[[2, 2, 3], [1, 2, 4], [2, 3, 4], [1, 3, 3]]",1.0,1,2,2,4,PP,"[[3], [3], [3], [3]]",4,6,54,0.8888888888888888,0.0014675,20,0.003983581438660622,0.002502918243408203,0.006540191095440388,OPTIMAL,6.333333333333333,0.5,np_gurobi_optimal,0.0,1.0,1.4166666666666667,17,6.75,81,5.833333333333333,6.333333333333333,6.333333333333333,5.833333333333333,6.333333333333333,6.333333333333333,True,True,6.25,True,True
2533063662314017695,17,12,4,"[3, 3, 3, 3]","[[2, 2, 3], [1, 2, 4], [2, 3, 4], [1, 3, 3]]",1.0,1,2,2,5,PP,"[[3], [3], [3], [3]]",4,6,54,0.8888888888888888,0.001372,20,0.0036582695320248604,0.0024940967559814453,0.0062022844085307125,OPTIMAL,6.333333333333333,0.5,np_gurobi_optimal,0.0,1.0,1.4166666666666667,17,6.75,81,5.833333333333333,6.333333333333333,6.333333333333333,5.833333333333333,6.333333333333333,6.333333333333333,True,True,6.25,True,True
2533063662314017695,17,12,4,"[3, 3, 3, 3]","[[2, 2, 3], [1, 2, 4], [2, 3, 4], [1, 3, 3]]",1.0,1,2,3,,CHP,"[[3], [3], [3], [3]]",4,6,54,0.8888888888888888,0.001382,20,0.0035970862954854965,0.002415180206298828,0.006065477534384251,OPTIMAL,6.333333333333333,0.5,np_gurobi_optimal,0.0,1.0,1.4166666666666667,17,18.333333333333332,220,5.833333333333333,,,5.833333333333333,6.333333333333333,,False,,,False,
2533063662314017695,17,12,4,"[3, 3, 3, 3]","[[2, 2, 3], [1, 2, 4], [2, 3, 4], [1, 3, 3]]",1.0,1,2,3,2,PP,"[[2, 1], [2, 1], [2, 1], [2, 1]]",8,24,54,0.5555555555555556,0.0014925,20,0.00416208989918232,0.030037879943847656,0.03425545670061588,OPTIMAL,5.833333333333333,0.0,np_gurobi_optimal,0.0,287.0,0.75,9,10.0,120,5.833333333333333,6.333333333333333,5.833333333333333,5.833333333333333,6.333333333333333,5.833333333333333,True,True,10.0,True,True
2533063662314017695,17,12,4,"[3, 3, 3, 3]","[[2, 2, 3], [1, 2, 4], [2, 3, 4], [1, 3, 3]]",1.0,1,2,3,3,PP,"[[3], [3], [3], [3]]",4,6,54,0.8888888888888888,0.003455,20,0.0036710379645228386,0.0035789012908935547,0.00730539092607975,OPTIMAL,6.333333333333333,0.5,np_gurobi_optimal,0.0,1.0,1.4166666666666667,17,13.333333333333334,160,5.833333333333333,6.333333333333333,6.333333333333333,5.833333333333333,6.333333333333333,6.333333333333333,True,True,12.833333333333334,True,True
2533063662314017695,17,12,4,"[3, 3, 3, 3]","[[2, 2, 3], [1, 2, 4], [2, 3, 4], [1, 3, 3]]",1.0,1,2,3,4,PP,"[[3], [3], [3], [3]]",4,6,54,0.8888888888888888,0.0015575,20,0.0038805967196822166,0.0025300979614257812,0.0064644667812538146,OPTIMAL,6.333333333333333,0.5,np_gurobi_optimal,0.0,1.0,1.4166666666666667,17,15.0,180,5.833333333333333,6.333333333333333,6.333333333333333,5.833333333333333,6.333333333333333,6.333333333333333,True,True,14.5,True,True
2533063662314017695,17,12,4,"[3, 3, 3, 3]","[[2, 2, 3], [1, 2, 4], [2, 3, 4], [1, 3, 3]]",1.0,1,2,3,5,PP,"[[3], [3], [3], [3]]",4,6,54,0.8888888888888888,0.0036505,20,0.003882777877151966,0.0021920204162597656,0.006131621724486828,OPTIMAL,6.333333333333333,0.5,np_gurobi_optimal,0.0,1.0,1.4166666666666667,17,15.0,180,5.833333333333333,6.333333333333333,6.333333333333333,5.833333333333333,6.333333333333333,6.333333333333333,True,True,14.5,True,True
2533063662314017695,17,12,4,"[3, 3, 3, 3]","[[2, 2, 3], [1, 2, 4], [2, 3, 4], [1, 3, 3]]",1.0,1,2,4,,CHP,"[[3], [3], [3], [3]]",4,6,54,0.8888888888888888,0.001402,20,0.003889930434525013,0.002485036849975586,0.006430079588701248,OPTIMAL,6.333333333333333,0.5,np_gurobi_optimal,0.0,1.0,1.4166666666666667,17,28.416666666666668,341,5.833333333333333,,,5.833333333333333,6.333333333333333,,False,,,False,
2533063662314017695,17,12,4,"[3, 3, 3, 3]","[[2, 2, 3], [1, 2, 4], [2, 3, 4], [1, 3, 3]]",1.0,1,2,4,2,PP,"[[2, 1], [2, 1], [2, 1], [2, 1]]",8,24,54,0.5555555555555556,0.0014275,20,0.004071434028446674,0.027077913284301758,0.031205732157876493,OPTIMAL,5.833333333333333,0.0,np_gurobi_optimal,0.0,287.0,0.75,9,15.5,186,5.833333333333333,6.333333333333333,5.833333333333333,5.833333333333333,6.333333333333333,5.833333333333333,True,True,15.5,True,True
2533063662314017695,17,12,4,"[3, 3, 3, 3]","[[2, 2, 3], [1, 2, 4], [2, 3, 4], [1, 3, 3]]",1.0,1,2,4,3,PP,"[[3], [3], [3], [3]]",4,6,54,0.8888888888888888,0.003676,20,0.003996861167252064,0.0028798580169677734,0.006933160196007252,OPTIMAL,6.333333333333333,0.5,np_gurobi_optimal,0.0,1.0,1.4166666666666667,17,20.666666666666668,248,5.833333333333333,6.333333333333333,6.333333333333333,5.833333333333333,6.333333333333333,6.333333333333333,True,True,20.166666666666668,True,True
2533063662314017695,17,12,4,"[3, 3, 3, 3]","[[2, 2, 3], [1, 2, 4], [2, 3, 4], [1, 3, 3]]",1.0,1,2,4,4,PP,"[[3], [3], [3], [3]]",4,6,54,0.8888888888888888,0.001392,20,0.003749346360564232,0.002516031265258789,0.006320212640444756,OPTIMAL,6.333333333333333,0.5,np_gurobi_optimal,0.0,1.0,1.4166666666666667,17,23.25,279,5.833333333333333,6.333333333333333,6.333333333333333,5.833333333333333,6.333333333333333,6.333333333333333,True,True,22.75,True,True
2533063662314017695,17,12,4,"[3, 3, 3, 3]","[[2, 2, 3], [1, 2, 4], [2, 3, 4], [1, 3, 3]]",1.0,1,2,4,5,PP,"[[3], [3], [3], [3]]",4,6,54,0.8888888888888888,0.0014375,20,0.003635936416685581,0.002177000045776367,0.0058644800482988355,OPTIMAL,6.333333333333333,0.5,np_gurobi_optimal,0.0,1.0,1.4166666666666667,17,23.25,279,5.833333333333333,6.333333333333333,6.333333333333333,5.833333333333333,6.333333333333333,6.333333333333333,True,True,22.75,True,True
4905987548057736273,18,12,4,"[3, 3, 3, 3]","[[0, 1, 1], [4, 4, 7], [1, 3, 9], [4, 5, 6]]",1.0,1,2,,1,NP,"[[1, 1, 1], [1, 1, 1], [1, 1, 1], [1, 1, 1]]",12,54,54,0.0,0.0028645,20,0.005249054171144962,0.09921813011169434,0.1045312161868949,OPTIMAL,3.25,0.0,np_gurobi_optimal,0.0,971.0,0.0,0,0.0,0,3.25,,,3.25,,,False,,,False,
4905987548057736273,18,12,4,"[3, 3, 3, 3]","[[0, 1, 1], [4, 4, 7], [1, 3, 9], [4, 5, 6]]",1.0,1,2,2,,CHP,"[[3], [2, 1], [2, 1], [3]]",6,13,54,0.7592592592592593,0.003385,20,0.003966685384511948,0.005088090896606445,0.009120335444877148,OPTIMAL,3.25,0.0,np_gurobi_optimal,0.0,1.0,0.75,9,8.25,99,3.25,,,3.25,3.25,,False,,,False,
4905987548057736273,18,12,4,"[3, 3, 3, 3]","[[0, 1, 1], [4, 4, 7], [1, 3, 9], [4, 5, 6]]",1.0,1,2,2,2,PP,"[[2, 1], [2, 1], [2, 1], [2, 1]]",8,24,54,0.5555555555555556,0.0036655,20,0.004037682898342609,0.013149023056030273,0.01724592763991642,OPTIMAL,3.25,0.0,np_gurobi_optimal,0.0,88.0,0.75,9,4.5,54,3.25,3.25,3.25,3.25,3.25,3.25,True,True,4.5,True,True
4905987548057736273,18,12,4,"[3, 3, 3, 3]","[[0, 1, 1], [4, 4, 7], [1, 3, 9], [4, 5, 6]]",1.0,1,2,2,3,PP,"[[3], [2, 1], [2, 1], [3]]",6,13,54,0.7592592592592593,0.0015325,20,0.0042122770100831985,0.00434422492980957,0.008613118444890976,OPTIMAL,3.25,0.0,np_gurobi_optimal,0.0,1.0,0.75,9,6.0,72,3.25,3.25,3.25,3.25,3.25,3.25,True,True,6.0,True,True
4905987548057736273,18,12,4,"[3, 3, 3, 3]","[[0, 1, 1], [4, 4, 7], [1, 3, 9], [4, 5, 6]]",1.0,1,2,2,4,PP,"[[3], [2, 1], [2, 1], [3]]",6,13,54,0.7592592592592593,0.001507,20,0.003923290409147739,0.003659963607788086,0.007637658276528836,OPTIMAL,3.25,0.0,np_gurobi_optimal,0.0,1.0,0.75,9,6.75,81,3.25,3.25,3.25,3.25,3.25,3.25,True,True,6.75,True,True
4905987548057736273,18,12,4,"[3, 3, 3, 3]","[[0, 1, 1], [4, 4, 7], [1, 3, 9], [4, 5, 6]]",1.0,1,2,2,5,PP,"[[3], [2, 1], [2, 1], [3]]",6,13,54,0.7592592592592593,0.001442,20,0.004021018743515015,0.004865169525146484,0.008939962215451718,OPTIMAL,3.25,0.0,np_gurobi_optimal,0.0,1.0,0.75,9,6.75,81,3.25,3.25,3.25,3.25,3.25,3.25,True,True,6.75,True,True
4905987548057736273,18,12,4,"[3, 3, 3, 3]","[[0, 1, 1], [4, 4, 7], [1, 3, 9], [4, 5, 6]]",1.0,1,2,3,,CHP,"[[3], [3], [2, 1], [3]]",5,9,54,0.8333333333333334,0.001813,20,0.00522147212177515,0.004112958908081055,0.00941798528090763,OPTIMAL,3.25,0.0,np_gurobi_optimal,0.0,1.0,2.25,27,18.333333333333332,220,3.25,,,3.25,3.25,,False,,,False,
4905987548057736273,18,12,4,"[3, 3, 3, 3]","[[0, 1, 1], [4, 4, 7], [1, 3, 9], [4, 5, 6]]",1.0,1,2,3,2,PP,"[[2, 1], [2, 1], [2, 1], [2, 1]]",8,24,54,0.5555555555555556,0.001883,20,0.006123244762420654,0.01827216148376465,0.024479168332977773,OPTIMAL,3.25,0.0,np_gurobi_optimal,0.0,88.0,0.75,9,10.0,120,3.25,3.25,3.25,3.25,3.25,3.25,True,True,10.0,True,True
4905987548057736273,18,12,4,"[3, 3, 3, 3]","[[0, 1, 1], [4, 4, 7], [1, 3, 9], [4, 5, 6]]",1.0,1,2,3,3,PP,"[[3], [3], [2, 1], [3]]",5,9,54,0.8333333333333334,0.001953,20,0.005111736245453358,0.005033016204833984,0.010226367058029652,OPTIMAL,3.25,0.0,np_gurobi_optimal,0.0,1.0,2.25,27,13.333333333333334,160,3.25,3.25,3.25,3.25,3.25,3.25,True,True,13.333333333333334,True,True
4905987548057736273,18,12,4,"[3, 3, 3, 3]","[[0, 1, 1], [4, 4, 7], [1, 3, 9], [4, 5, 6]]",1.0,1,2,3,4,PP,"[[3], [3], [2, 1], [3]]",5,9,54,0.8333333333333334,0.001898,20,0.0053476328030228615,0.0043561458587646484,0.009771213831363201,OPTIMAL,3.25,0.0,np_gurobi_optimal,0.0,1.0,2.25,27,15.0,180,3.25,3.25,3.25,3.25,3.25,3.25,True,True,15.0,True,True
4905987548057736273,18,12,4,"[3, 3, 3, 3]","[[0, 1, 1], [4, 4, 7], [1, 3, 9], [4, 5, 6]]",1.0,1,2,3,5,PP,"[[3], [3], [2, 1], [3]]",5,9,54,0.8333333333333334,0.0019425,20,0.005335493944585323,0.003915071487426758,0.009320897742633819,OPTIMAL,3.25,0.0,np_gurobi_optimal,0.0,1.0,2.25,27,15.0,180,3.25,3.25,3.25,3.25,3.25,3.25,True,True,15.0,True,True
4905987548057736273,18,12,4,"[3, 3, 3, 3]","[[0, 1, 1], [4, 4, 7], [1, 3, 9], [4, 5, 6]]",1.0,1,2,4,,CHP,"[[3], [3], [2, 1], [3]]",5,9,54,0.8333333333333334,0.0023085,20,0.005455847829580307,0.004029035568237305,0.009553735827096461,OPTIMAL,3.25,0.0,np_gurobi_optimal,0.0,1.0,2.25,27,28.416666666666668,341,3.25,,,3.25,3.25,,False,,,False,
4905987548057736273,18,12,4,"[3, 3, 3, 3]","[[0, 1, 1], [4, 4, 7], [1, 3, 9], [4, 5, 6]]",1.0,1,2,4,2,PP,"[[2, 1], [2, 1], [2, 1], [2, 1]]",8,24,54,0.5555555555555556,0.001933,20,0.005489307455718517,0.01760101318359375,0.02317867385497856,OPTIMAL,3.25,0.0,np_gurobi_optimal,0.0,88.0,0.75,9,15.5,186,3.25,3.25,3.25,3.25,3.25,3.25,True,True,15.5,True,True
4905987548057736273,18,12,4,"[3, 3, 3, 3]","[[0, 1, 1], [4, 4, 7], [1, 3, 9], [4, 5, 6]]",1.0,1,2,4,3,PP,"[[3], [3], [2, 1], [3]]",5,9,54,0.8333333333333334,0.002449,20,0.005122281610965729,0.004435062408447266,0.009633686015128136,OPTIMAL,3.25,0.0,np_gurobi_optimal,0.0,1.0,2.25,27,20.666666666666668,248,3.25,3.25,3.25,3.25,3.25,3.25,True,True,20.666666666666668,True,True
4905987548057736273,18,12,4,"[3, 3, 3, 3]","[[0, 1, 1], [4, 4, 7], [1, 3, 9], [4, 5, 6]]",1.0,1,2,4,4,PP,"[[3], [3], [2, 1], [3]]",5,9,54,0.8333333333333334,0.001918,20,0.004698081873357296,0.003964900970458984,0.00873235467525053,OPTIMAL,3.25,0.0,np_gurobi_optimal,0.0,1.0,2.25,27,23.25,279,3.25,3.25,3.25,3.25,3.25,3.25,True,True,23.25,True,True
4905987548057736273,18,12,4,"[3, 3, 3, 3]","[[0, 1, 1], [4, 4, 7], [1, 3, 9], [4, 5, 6]]",1.0,1,2,4,5,PP,"[[3], [3], [2, 1], [3]]",5,9,54,0.8333333333333334,0.001913,20,0.004621556028723717,0.004071950912475586,0.008760451402616977,OPTIMAL,3.25,0.0,np_gurobi_optimal,0.0,1.0,2.25,27,23.25,279,3.25,3.25,3.25,3.25,3.25,3.25,True,True,23.25,True,True
954099260665123554,19,12,4,"[3, 3, 3, 3]","[[5, 6, 8], [3, 4, 6], [4, 5, 7], [4, 6, 9]]",1.0,1,2,,1,NP,"[[1, 1, 1], [1, 1, 1], [1, 1, 1], [1, 1, 1]]",12,54,54,0.0,0.001607,20,0.006333732977509499,0.37766194343566895,0.3840841376251645,OPTIMAL,4.75,0.0,np_gurobi_optimal,0.0,8389.0,0.0,0,0.0,0,4.75,,,4.75,,,False,,,False,
954099260665123554,19,12,4,"[3, 3, 3, 3]","[[5, 6, 8], [3, 4, 6], [4, 5, 7], [4, 6, 9]]",1.0,1,2,2,,CHP,"[[3], [3], [3], [2, 1]]",5,9,54,0.8333333333333334,0.001392,20,0.0046733226627111435,0.004742860794067383,0.009472416386584758,OPTIMAL,5.25,0.5,np_gurobi_optimal,0.0,1.0,2.75,33,8.25,99,4.75,,,4.75,5.25,,False,,,False,
954099260665123554,19,12,4,"[3, 3, 3, 3]","[[5, 6, 8], [3, 4, 6], [4, 5, 7], [4, 6, 9]]",1.0,1,2,2,2,PP,"[[2, 1], [2, 1], [2, 1], [2, 1]]",8,24,54,0.5555555555555556,0.0037605,20,0.0049702320247888565,0.025187015533447266,0.03023058809910822,OPTIMAL,4.75,0.0,np_gurobi_optimal,0.0,332.0,0.75,9,4.5,54,4.75,5.25,4.75,4.75,5.25,4.75,True,True,4.5,True,True
954099260665123554,19,12,4,"[3, 3, 3, 3]","[[5, 6, 8], [3, 4, 6], [4, 5, 7], [4, 6, 9]]",1.0,1,2,2,3,PP,"[[3], [3], [3], [2, 1]]",5,9,54,0.8333333333333334,0.003841,20,0.004544738680124283,0.004530906677246094,0.009132308179834842,OPTIMAL,5.25,0.5,np_gurobi_optimal,0.0,1.0,2.75,33,6.0,72,4.75,5.25,5.25,4.75,5.25,5.25,True,True,5.5,True,True
954099260665123554,19,12,4,"[3, 3, 3, 3]","[[5, 6, 8], [3, 4, 6], [4, 5, 7], [4, 6, 9]]",1.0,1,2,2,4,PP,"[[3], [3], [3], [2, 1]]",5,9,54,0.8333333333333334,0.001472,20,0.004171725362539291,0.004792928695678711,0.009018770929393292,OPTIMAL,5.25,0.5,np_gurobi_optimal,0.0,1.0,2.75,33,6.75,81,4.75,5.25,5.25,4.75,5.25,5.25,True,True,6.25,True,True
954099260665123554,19,12,4,"[3, 3, 3, 3]","[[5, 6, 8], [3, 4, 6], [4, 5, 7], [4, 6, 9]]",1.0,1,2,2,5,PP,"[[3], [3], [3], [2, 1]]",5,9,54,0.8333333333333334,0.003405,20,0.004161420278251171,0.004758119583129883,0.008979912931947708,OPTIMAL,5.25,0.5,np_gurobi_optimal,0.0,1.0,2.75,33,6.75,81,4.75,5.25,5.25,4.75,5.25,5.25,True,True,6.25,True,True
954099260665123554,19,12,4,"[3, 3, 3, 3]","[[5, 6, 8], [3, 4, 6], [4, 5, 7], [4, 6, 9]]",1.0,1,2,3,,CHP,"[[3], [3], [3], [3]]",4,6,54,0.8888888888888888,0.001367,20,0.0037856223061680794,0.003094911575317383,0.006932252836482048,OPTIMAL,5.25,0.5,np_gurobi_optimal,0.0,1.0,4.25,51,18.333333333333332,220,4.75,,,4.75,5.25,,False,,,False,
954099260665123554,19,12,4,"[3, 3, 3, 3]","[[5, 6, 8], [3, 4, 6], [4, 5, 7], [4, 6, 9]]",1.0,1,2,3,2,PP,"[[2, 1], [2, 1], [2, 1], [2, 1]]",8,24,54,0.5555555555555556,0.001943,20,0.004564519040286541,0.023888111114501953,0.02850768927518654,OPTIMAL,4.75,0.0,np_gurobi_optimal,0.0,332.0,0.75,9,10.0,120,4.75,5.25,4.75,4.75,5.25,4.75,True,True,10.0,True,True
954099260665123554,19,12,4,"[3, 3, 3, 3]","[[5, 6, 8], [3, 4, 6], [4, 5, 7], [4, 6, 9]]",1.0,1,2,3,3,PP,"[[3], [3], [3], [3]]",4,6,54,0.8888888888888888,0.0013475,20,0.003924582153558731,0.003534078598022461,0.007512320640597344,OPTIMAL,5.25,0.5,np_gurobi_optimal,0.0,1.0,4.25,51,13.333333333333334,160,4.75,5.25,5.25,4.75,5.25,5.25,True,True,12.833333333333334,True,True
954099260665123554,19,12,4,"[3, 3, 3, 3]","[[5, 6, 8], [3, 4, 6], [4, 5, 7], [4, 6, 9]]",1.0,1,2,3,4,PP,"[[3], [3], [3], [3]]",4,6,54,0.8888888888888888,0.003465,20,0.004189182072877884,0.003214120864868164,0.0074555589961075785,OPTIMAL,5.25,0.5,np_gurobi_optimal,0.0,1.0,4.25,51,15.0,180,4.75,5.25,5.25,4.75,5.25,5.25,True,True,14.5,True,True
954099260665123554,19,12,4,"[3, 3, 3, 3]","[[5, 6, 8], [3, 4, 6], [4, 5, 7], [4, 6, 9]]",1.0,1,2,3,5,PP,"[[3], [3], [3], [3]]",4,6,54,0.8888888888888888,0.001412,20,0.0034786686301231384,0.0028040409088134766,0.00633331306600523,OPTIMAL,5.25,0.5,np_gurobi_optimal,0.0,1.0,4.25,51,15.0,180,4.75,5.25,5.25,4.75,5.25,5.25,True,True,14.5,True,True
954099260665123554,19,12,4,"[3, 3, 3, 3]","[[5, 6, 8], [3, 4, 6], [4, 5, 7], [4, 6, 9]]",1.0,1,2,4,,CHP,"[[3], [3], [3], [3]]",4,6,54,0.8888888888888888,0.00332,20,0.005046498030424118,0.003648042678833008,0.008777011020905971,OPTIMAL,5.25,0.5,np_gurobi_optimal,0.0,1.0,4.25,51,28.416666666666668,341,4.75,,,4.75,5.25,,False,,,False,
954099260665123554,19,12,4,"[3, 3, 3, 3]","[[5, 6, 8], [3, 4, 6], [4, 5, 7], [4, 6, 9]]",1.0,1,2,4,2,PP,"[[2, 1], [2, 1], [2, 1], [2, 1]]",8,24,54,0.5555555555555556,0.001612,20,0.0050191860646009445,0.02557206153869629,0.030665019407701017,OPTIMAL,4.75,0.0,np_gurobi_optimal,0.0,332.0,0.75,9,15.5,186,4.75,5.25,4.75,4.75,5.25,4.75,True,True,15.5,True,True
954099260665123554,19,12,4,"[3, 3, 3, 3]","[[5, 6, 8], [3, 4, 6], [4, 5, 7], [4, 6, 9]]",1.0,1,2,4,3,PP,"[[3], [3], [3], [3]]",4,6,54,0.8888888888888888,0.001507,20,0.004372158087790012,0.0028269290924072266,0.007254419968397141,OPTIMAL,5.25,0.5,np_gurobi_optimal,0.0,1.0,4.25,51,20.666666666666668,248,4.75,5.25,5.25,4.75,5.25,5.25,True,True,20.166666666666668,True,True
954099260665123554,19,12,4,"[3, 3, 3, 3]","[[5, 6, 8], [3, 4, 6], [4, 5, 7], [4, 6, 9]]",1.0,1,2,4,4,PP,"[[3], [3], [3], [3]]",4,6,54,0.8888888888888888,0.0015325,20,0.0038278764113783836,0.0031518936157226562,0.007032029805095196,OPTIMAL,5.25,0.5,np_gurobi_optimal,0.0,1.0,4.25,51,23.25,279,4.75,5.25,5.25,4.75,5.25,5.25,True,True,22.75,True,True
954099260665123554,19,12,4,"[3, 3, 3, 3]","[[5, 6, 8], [3, 4, 6], [4, 5, 7], [4, 6, 9]]",1.0,1,2,4,5,PP,"[[3], [3], [3], [3]]",4,6,54,0.8888888888888888,0.0015125,20,0.003718361258506775,0.0029449462890625,0.0067165121757507325,OPTIMAL,5.25,0.5,np_gurobi_optimal,0.0,1.0,4.25,51,23.25,279,4.75,5.25,5.25,4.75,5.25,5.25,True,True,22.75,True,True
