instance_id,N,arrival_rate,replication,method,threshold,delta,max_platoon_size,Pmax,run_role,point_index,time_s,incumbent_total_delay,incumbent_average_delay,best_bound_total_delay,best_bound_average_delay,mip_gap
N20_rate0p4_rep000_seed2254167912808199683,20,0.4,0,NP,,,1,1,initial_30s,0,0.002398967742919922,341.99999999999943,17.099999999999973,1.0,0.05,0.9970760233918129
N20_rate0p4_rep000_seed2254167912808199683,20,0.4,0,NP,,,1,1,initial_30s,1,0.005363941192626953,193.0,9.65,1.0,0.05,0.9948186528497409
N20_rate0p4_rep000_seed2254167912808199683,20,0.4,0,NP,,,1,1,initial_30s,2,0.00816488265991211,185.0,9.25,1.0,0.05,0.9945945945945946
N20_rate0p4_rep000_seed2254167912808199683,20,0.4,0,NP,,,1,1,initial_30s,3,0.0307619571685791,180.99999999999454,9.049999999999727,46.90912666611055,2.3454563333055276,0.7408335543308732
N20_rate0p4_rep000_seed2254167912808199683,20,0.4,0,NP,,,1,1,initial_30s,4,0.03078603744506836,176.99999999999363,8.849999999999682,46.90912666611055,2.3454563333055276,0.7349766855021908
N20_rate0p4_rep000_seed2254167912808199683,20,0.4,0,NP,,,1,1,initial_30s,5,0.23050808906555176,172.99999999999568,8.649999999999784,62.89923246828831,3.1449616234144155,0.6364206215705787
N20_rate0p4_rep000_seed2254167912808199683,20,0.4,0,NP,,,1,1,initial_30s,6,0.26099085807800293,171.0,8.55,67.37582856888264,3.368791428444132,0.6059893066147214
N20_rate0p4_rep000_seed2254167912808199683,20,0.4,0,NP,,,1,1,initial_30s,7,0.4603869915008545,166.99999999999216,8.349999999999607,70.76442657225746,3.538221328612873,0.5762609187289773
N20_rate0p4_rep000_seed2254167912808199683,20,0.4,0,NP,,,1,1,initial_30s,8,0.7241098880767822,164.9999999999976,8.249999999999881,70.76442657225746,3.538221328612873,0.5711246874408576
N20_rate0p4_rep000_seed2254167912808199683,20,0.4,0,NP,,,1,1,initial_30s,9,5.066735029220581,165.0,8.25,164.9999999999976,8.249999999999881,1.446923389184204e-14
N20_rate0p4_rep000_seed2254167912808199683,20,0.4,0,CHP,4,4,,,initial_30s,0,0.0004138946533203125,341.9999999999991,17.099999999999955,1.0,0.05,0.9970760233918129
N20_rate0p4_rep000_seed2254167912808199683,20,0.4,0,CHP,4,4,,,initial_30s,1,0.0004649162292480469,203.9999999999909,10.199999999999545,1.0,0.05,0.9950980392156861
N20_rate0p4_rep000_seed2254167912808199683,20,0.4,0,CHP,4,4,,,initial_30s,2,0.0009388923645019531,185.0,9.25,1.0,0.05,0.9945945945945946
N20_rate0p4_rep000_seed2254167912808199683,20,0.4,0,PP,4,4,4,4,initial_30s,0,0.0001900196075439453,201.0,10.05,-1e+100,-5e+98,4.975124378109453e+97
N20_rate0p4_rep000_seed2254167912808199683,20,0.4,0,PP,4,4,4,4,initial_30s,1,0.0014700889587402344,185.0,9.25,1.0,0.05,0.9945945945945946
N20_rate0p4_rep000_seed2254167912808199683,20,0.4,0,PP,4,4,4,4,initial_30s,2,0.00898599624633789,182.99999999999693,9.149999999999846,88.99999999999808,4.449999999999904,0.5136612021857947
N20_rate0p4_rep000_seed2254167912808199683,20,0.4,0,PP,4,4,4,4,initial_30s,3,0.017882108688354492,180.99999999999,9.0499999999995,147.0,7.35,0.18784530386735843
N20_rate0p4_rep000_seed2254167912808199683,20,0.4,0,PP,4,4,4,4,initial_30s,4,0.01852107048034668,176.9999999999999,8.849999999999994,147.00000000000006,7.350000000000003,0.16949152542372795
N20_rate0p4_rep000_seed2254167912808199683,20,0.4,0,PP,4,4,4,4,initial_30s,5,0.019910097122192383,177.0,8.85,176.9999999999999,8.849999999999994,6.422985182012205e-16
N40_rate0p4_rep000_seed8917832612856341211,40,0.4,0,NP,,,1,1,initial_30s,0,0.006743907928466797,761.9999999999982,19.049999999999955,5.0,0.125,0.9934383202099737
N40_rate0p4_rep000_seed8917832612856341211,40,0.4,0,NP,,,1,1,initial_30s,1,0.03767895698547363,750.9999999999809,18.774999999999523,68.54534333420294,1.7136335833550735,0.9087279050143746
N40_rate0p4_rep000_seed8917832612856341211,40,0.4,0,NP,,,1,1,initial_30s,2,0.07854700088500977,721.9999999999518,18.049999999998796,80.65253592500756,2.016313398125189,0.888292886530453
N40_rate0p4_rep000_seed8917832612856341211,40,0.4,0,NP,,,1,1,initial_30s,3,0.13184285163879395,720.9999999999732,18.02499999999933,91.98517717697553,2.299629429424388,0.8724200039154245
N40_rate0p4_rep000_seed8917832612856341211,40,0.4,0,NP,,,1,1,initial_30s,4,0.2087879180908203,713.9999999999982,17.849999999999955,97.26737330143203,2.431684332535801,0.8637711858523357
N40_rate0p4_rep000_seed8917832612856341211,40,0.4,0,NP,,,1,1,initial_30s,5,0.3502039909362793,709.999999999899,17.749999999997478,101.48514025505267,2.537128506376317,0.8570631827393421
N40_rate0p4_rep000_seed8917832612856341211,40,0.4,0,NP,,,1,1,initial_30s,6,0.3502469062805176,705.9999999999029,17.649999999997572,101.48514025505267,2.537128506376317,0.8562533424149198
N40_rate0p4_rep000_seed8917832612856341211,40,0.4,0,NP,,,1,1,initial_30s,7,0.5437889099121094,703.9999999999638,17.599999999999095,106.94855336777866,2.6737138341944666,0.8480844412389429
N40_rate0p4_rep000_seed8917832612856341211,40,0.4,0,NP,,,1,1,initial_30s,8,0.5439379215240479,679.0,16.975,106.99099493485504,2.674774873371376,0.8424285788882842
N40_rate0p4_rep000_seed8917832612856341211,40,0.4,0,NP,,,1,1,initial_30s,9,1.495020866394043,670.9999999999854,16.774999999999636,111.88222381503762,2.7970555953759404,0.8332604712145454
N40_rate0p4_rep000_seed8917832612856341211,40,0.4,0,NP,,,1,1,initial_30s,10,18.05988597869873,662.9999999999613,16.574999999999033,156.51647660940398,3.9129119152350995,0.7639268829420617
N40_rate0p4_rep000_seed8917832612856341211,40,0.4,0,NP,,,1,1,initial_30s,11,30.003005027770996,663.0,16.575,175.05170677746634,4.376292669436658,0.7359702763537461
N40_rate0p4_rep000_seed8917832612856341211,40,0.4,0,CHP,4,4,,,initial_30s,0,0.0007410049438476562,761.9999999999973,19.049999999999933,5.0,0.125,0.9934383202099737
N40_rate0p4_rep000_seed8917832612856341211,40,0.4,0,CHP,4,4,,,initial_30s,1,0.0022618770599365234,704.999999999915,17.624999999997875,255.5249882131037,6.388124705327593,0.6375532082083198
N40_rate0p4_rep000_seed8917832612856341211,40,0.4,0,CHP,4,4,,,initial_30s,2,0.0057489871978759766,705.0,17.625,704.999999999915,17.624999999997875,1.2062092853300537e-13
N40_rate0p4_rep000_seed8917832612856341211,40,0.4,0,PP,4,4,4,4,initial_30s,0,0.0011188983917236328,761.999999999998,19.049999999999947,5.0,0.125,0.9934383202099737
N40_rate0p4_rep000_seed8917832612856341211,40,0.4,0,PP,4,4,4,4,initial_30s,1,0.00715184211730957,761.000000000025,19.025000000000624,5.0,0.125,0.9934296977660975
N40_rate0p4_rep000_seed8917832612856341211,40,0.4,0,PP,4,4,4,4,initial_30s,2,0.035611867904663086,758.0000000000157,18.950000000000394,205.99999999997374,5.149999999999343,0.728232189973655
N40_rate0p4_rep000_seed8917832612856341211,40,0.4,0,PP,4,4,4,4,initial_30s,3,0.03565382957458496,751.999999999992,18.7999999999998,205.99999999997374,5.149999999999343,0.726063829787266
N40_rate0p4_rep000_seed8917832612856341211,40,0.4,0,PP,4,4,4,4,initial_30s,4,0.03568100929260254,750.9999999999854,18.774999999999636,205.99999999997374,5.149999999999343,0.7256990679094837
N40_rate0p4_rep000_seed8917832612856341211,40,0.4,0,PP,4,4,4,4,initial_30s,5,0.03954601287841797,746.999999999988,18.6749999999997,232.27125506071675,5.806781376517919,0.6890612382051935
N40_rate0p4_rep000_seed8917832612856341211,40,0.4,0,PP,4,4,4,4,initial_30s,6,0.04074692726135254,720.9999999998129,18.024999999995323,232.27125506071675,5.806781376517919,0.6778484673220846
N40_rate0p4_rep000_seed8917832612856341211,40,0.4,0,PP,4,4,4,4,initial_30s,7,0.04305696487426758,712.9999999998852,17.82499999999713,232.27125506071675,5.806781376517919,0.67423386386991
N40_rate0p4_rep000_seed8917832612856341211,40,0.4,0,PP,4,4,4,4,initial_30s,8,0.057626962661743164,704.9999999998895,17.624999999997236,281.459010867011,7.0364752716752745,0.6007673604722623
N40_rate0p4_rep000_seed8917832612856341211,40,0.4,0,PP,4,4,4,4,initial_30s,9,0.179365873336792,702.9999999999106,17.574999999997765,568.9999999999445,14.224999999998612,0.19061166429585086
N40_rate0p4_rep000_seed8917832612856341211,40,0.4,0,PP,4,4,4,4,initial_30s,10,0.18455100059509277,703.0,17.575,702.9999999999106,17.574999999997765,1.271093235408111e-13
N40_rate0p4_rep001_seed3937348677494366062,40,0.4,1,NP,,,1,1,initial_30s,0,0.006027936935424805,793.9999999999982,19.849999999999955,13.0,0.325,0.9836272040302266
N40_rate0p4_rep001_seed3937348677494366062,40,0.4,1,NP,,,1,1,initial_30s,1,0.015884876251220703,766.9999999999729,19.174999999999322,13.0,0.325,0.9830508474576265
N40_rate0p4_rep001_seed3937348677494366062,40,0.4,1,NP,,,1,1,initial_30s,2,0.035768985748291016,762.9999999999775,19.074999999999438,61.7375324883548,1.54343831220887,0.9190858027675536
N40_rate0p4_rep001_seed3937348677494366062,40,0.4,1,NP,,,1,1,initial_30s,3,0.06610894203186035,762.0000000000048,19.050000000000118,75.48394298106689,1.8870985745266722,0.9009397073739286
N40_rate0p4_rep001_seed3937348677494366062,40,0.4,1,NP,,,1,1,initial_30s,4,0.14577078819274902,653.9999999999693,16.349999999999234,90.01224208634756,2.250306052158689,0.8623666023144468
N40_rate0p4_rep001_seed3937348677494366062,40,0.4,1,NP,,,1,1,initial_30s,5,0.14584589004516602,625.9999999999809,15.649999999999523,90.01224208634756,2.250306052158689,0.8562104759003989
N40_rate0p4_rep001_seed3937348677494366062,40,0.4,1,NP,,,1,1,initial_30s,6,0.16336989402770996,618.9999999999409,15.474999999998522,90.8906771296239,2.2722669282405974,0.8531653035062479
N40_rate0p4_rep001_seed3937348677494366062,40,0.4,1,NP,,,1,1,initial_30s,7,0.16342496871948242,612.9999999999391,15.324999999998477,90.8906771296239,2.2722669282405974,0.8517280960364879
N40_rate0p4_rep001_seed3937348677494366062,40,0.4,1,NP,,,1,1,initial_30s,8,0.1634669303894043,610.9999999999493,15.274999999998732,90.8906771296239,2.2722669282405974,0.8512427542886556
N40_rate0p4_rep001_seed3937348677494366062,40,0.4,1,NP,,,1,1,initial_30s,9,0.16349482536315918,606.999999999945,15.174999999998624,90.8906771296239,2.2722669282405974,0.8502624758984644
N40_rate0p4_rep001_seed3937348677494366062,40,0.4,1,NP,,,1,1,initial_30s,10,0.20794892311096191,603.9999999998545,15.099999999996362,92.67581867748152,2.316895466937038,0.8465632141100929
N40_rate0p4_rep001_seed3937348677494366062,40,0.4,1,NP,,,1,1,initial_30s,11,0.20798683166503906,600.9999999999113,15.024999999997783,92.67581867748152,2.316895466937038,0.8457973066930197
N40_rate0p4_rep001_seed3937348677494366062,40,0.4,1,NP,,,1,1,initial_30s,12,0.20801687240600586,594.9999999999575,14.874999999998938,92.67581867748152,2.316895466937038,0.8442423215504401
N40_rate0p4_rep001_seed3937348677494366062,40,0.4,1,NP,,,1,1,initial_30s,13,0.21116185188293457,577.9999999998581,14.449999999996454,92.80903289612445,2.320225822403111,0.8394307389340013
N40_rate0p4_rep001_seed3937348677494366062,40,0.4,1,NP,,,1,1,initial_30s,14,0.21122097969055176,565.9999999998599,14.1499999999965,92.80903289612445,2.320225822403111,0.8360264436463827
N40_rate0p4_rep001_seed3937348677494366062,40,0.4,1,NP,,,1,1,initial_30s,15,0.3126978874206543,558.9999999997935,13.97499999999484,95.97708174711438,2.3994270436778597,0.8283057571607337
N40_rate0p4_rep001_seed3937348677494366062,40,0.4,1,NP,,,1,1,initial_30s,16,0.3131089210510254,556.9999999999181,13.924999999997954,96.37059661122218,2.4092649152805548,0.8269827708954464
N40_rate0p4_rep001_seed3937348677494366062,40,0.4,1,NP,,,1,1,initial_30s,17,0.3132779598236084,536.0,13.4,96.57976789613956,2.414494197403489,0.8198138658654113
N40_rate0p4_rep001_seed3937348677494366062,40,0.4,1,NP,,,1,1,initial_30s,18,0.3477327823638916,531.9999999999923,13.299999999999807,98.94874530443377,2.4737186326108445,0.8140061178488059
N40_rate0p4_rep001_seed3937348677494366062,40,0.4,1,NP,,,1,1,initial_30s,19,0.38187098503112793,512.0000000000557,12.800000000001393,98.94874530443377,2.4737186326108445,0.8067407318272988
N40_rate0p4_rep001_seed3937348677494366062,40,0.4,1,NP,,,1,1,initial_30s,20,1.0226459503173828,498.0000000000168,12.45000000000042,101.70970753923834,2.5427426884809585,0.795763639479448
N40_rate0p4_rep001_seed3937348677494366062,40,0.4,1,NP,,,1,1,initial_30s,21,1.0334928035736084,493.9999999999577,12.349999999998943,101.70970753923834,2.5427426884809585,0.7941099037667063
N40_rate0p4_rep001_seed3937348677494366062,40,0.4,1,NP,,,1,1,initial_30s,22,1.052292823791504,491.99999999994566,12.299999999998642,101.70970753923834,2.5427426884809585,0.7932729521559968
N40_rate0p4_rep001_seed3937348677494366062,40,0.4,1,NP,,,1,1,initial_30s,23,1.067577838897705,489.9999999999543,12.249999999998858,101.70970753923834,2.5427426884809585,0.7924291682872493
N40_rate0p4_rep001_seed3937348677494366062,40,0.4,1,NP,,,1,1,initial_30s,24,1.0676357746124268,481.9999999999509,12.049999999998771,101.70970753923834,2.5427426884809585,0.7889840092546707
N40_rate0p4_rep001_seed3937348677494366062,40,0.4,1,NP,,,1,1,initial_30s,25,1.1466338634490967,467.9999999999566,11.699999999998914,101.70970753923834,2.5427426884809585,0.7826715650870774
N40_rate0p4_rep001_seed3937348677494366062,40,0.4,1,NP,,,1,1,initial_30s,26,30.003843784332275,468.0,11.7,152.23651721721387,3.8059129304303467,0.6747082965444148
N40_rate0p4_rep001_seed3937348677494366062,40,0.4,1,CHP,4,4,,,initial_30s,0,0.0011060237884521484,793.9999999999982,19.849999999999955,13.0,0.325,0.9836272040302266
N40_rate0p4_rep001_seed3937348677494366062,40,0.4,1,CHP,4,4,,,initial_30s,1,0.0012660026550292969,770.9999999999245,19.274999999998112,13.0,0.325,0.9831387808041488
N40_rate0p4_rep001_seed3937348677494366062,40,0.4,1,CHP,4,4,,,initial_30s,2,0.0022361278533935547,549.0,13.725,13.0,0.325,0.97632058287796
N40_rate0p4_rep001_seed3937348677494366062,40,0.4,1,CHP,4,4,,,initial_30s,3,0.0038509368896484375,522.0,13.05,111.20683692012199,2.7801709230030496,0.7869600825285019
N40_rate0p4_rep001_seed3937348677494366062,40,0.4,1,CHP,4,4,,,initial_30s,4,0.008033990859985352,482.9999999998779,12.074999999996948,142.28202379986877,3.5570505949967193,0.7054202405799075
N40_rate0p4_rep001_seed3937348677494366062,40,0.4,1,CHP,4,4,,,initial_30s,5,0.016303062438964844,472.99999999996544,11.824999999999136,166.22530606989608,4.155632651747402,0.6485722916069594
N40_rate0p4_rep001_seed3937348677494366062,40,0.4,1,CHP,4,4,,,initial_30s,6,0.016323089599609375,470.99999999997135,11.774999999999284,166.22530606989608,4.155632651747402,0.6470800295755708
N40_rate0p4_rep001_seed3937348677494366062,40,0.4,1,CHP,4,4,,,initial_30s,7,0.06094098091125488,464.99999999995407,11.624999999998852,245.72412037918653,6.143103009479663,0.4715610314425574
N40_rate0p4_rep001_seed3937348677494366062,40,0.4,1,CHP,4,4,,,initial_30s,8,0.07922196388244629,463.0,11.575,284.45759176550445,7.1114397941376115,0.3856207521263403
N40_rate0p4_rep001_seed3937348677494366062,40,0.4,1,CHP,4,4,,,initial_30s,9,0.09169411659240723,454.99999999996135,11.374999999999034,310.99999999999477,7.774999999999869,0.3164835164834699
N40_rate0p4_rep001_seed3937348677494366062,40,0.4,1,CHP,4,4,,,initial_30s,10,0.09568214416503906,450.9999999999543,11.274999999998858,317.4961786298645,7.937404465746613,0.2960173422840428
N40_rate0p4_rep001_seed3937348677494366062,40,0.4,1,CHP,4,4,,,initial_30s,11,0.11704492568969727,451.0,11.275,450.9999999999543,11.274999999998858,1.0133505269199478e-13
N40_rate0p4_rep001_seed3937348677494366062,40,0.4,1,PP,4,4,4,4,initial_30s,0,0.001332998275756836,793.9999999999982,19.849999999999955,13.0,0.325,0.9836272040302266
N40_rate0p4_rep001_seed3937348677494366062,40,0.4,1,PP,4,4,4,4,initial_30s,1,0.002869844436645508,677.9999999997458,16.949999999993643,13.0,0.325,0.9808259587020577
N40_rate0p4_rep001_seed3937348677494366062,40,0.4,1,PP,4,4,4,4,initial_30s,2,0.0034699440002441406,649.9999999998583,16.249999999996458,13.0,0.325,0.9799999999999957
N40_rate0p4_rep001_seed3937348677494366062,40,0.4,1,PP,4,4,4,4,initial_30s,3,0.004186868667602539,562.0,14.05,13.0,0.325,0.9768683274021353
N40_rate0p4_rep001_seed3937348677494366062,40,0.4,1,PP,4,4,4,4,initial_30s,4,0.009556055068969727,551.9999999999022,13.799999999997556,124.97673474413783,3.124418368603446,0.7735928718402899
N40_rate0p4_rep001_seed3937348677494366062,40,0.4,1,PP,4,4,4,4,initial_30s,5,0.030264854431152344,539.9999999999166,13.499999999997915,155.61698150854173,3.8904245377135434,0.7118204046137672
N40_rate0p4_rep001_seed3937348677494366062,40,0.4,1,PP,4,4,4,4,initial_30s,6,0.03293895721435547,509.9999999999982,12.749999999999954,155.62982896396397,3.8907457240990992,0.6948434726196774
N40_rate0p4_rep001_seed3937348677494366062,40,0.4,1,PP,4,4,4,4,initial_30s,7,0.0428309440612793,505.9999999999336,12.64999999999834,158.99999999997885,3.974999999999471,0.6857707509881429
N40_rate0p4_rep001_seed3937348677494366062,40,0.4,1,PP,4,4,4,4,initial_30s,8,0.0497899055480957,503.9999999999616,12.599999999999039,158.99999999997885,3.974999999999471,0.6845238095238274
N40_rate0p4_rep001_seed3937348677494366062,40,0.4,1,PP,4,4,4,4,initial_30s,9,0.061357975006103516,479.99999999998226,11.999999999999556,168.93138704788012,4.223284676197003,0.6480596103169035
N40_rate0p4_rep001_seed3937348677494366062,40,0.4,1,PP,4,4,4,4,initial_30s,10,0.06142401695251465,471.9999999999968,11.79999999999992,168.93138704788012,4.223284676197003,0.6420945189663533
N40_rate0p4_rep001_seed3937348677494366062,40,0.4,1,PP,4,4,4,4,initial_30s,11,0.1079709529876709,470.9999999999766,11.774999999999414,227.764839908969,5.694120997724225,0.5164228452038634
N40_rate0p4_rep001_seed3937348677494366062,40,0.4,1,PP,4,4,4,4,initial_30s,12,0.10799193382263184,462.9999999999766,11.574999999999415,227.764839908969,5.694120997724225,0.5080673004125691
N40_rate0p4_rep001_seed3937348677494366062,40,0.4,1,PP,4,4,4,4,initial_30s,13,0.1246938705444336,450.9999999999284,11.27499999999821,244.47673549018612,6.1119183872546525,0.45792298117466756
N40_rate0p4_rep001_seed3937348677494366062,40,0.4,1,PP,4,4,4,4,initial_30s,14,0.4647688865661621,451.0,11.275,450.9999999999284,11.27499999999821,1.5880866466655899e-13
N40_rate0p4_rep002_seed2095571210597809391,40,0.4,2,NP,,,1,1,initial_30s,0,0.006251096725463867,902.9999999999977,22.574999999999942,14.0,0.35,0.9844961240310077
N40_rate0p4_rep002_seed2095571210597809391,40,0.4,2,NP,,,1,1,initial_30s,1,0.018191099166870117,818.9999999999777,20.474999999999444,14.0,0.35,0.9829059829059824
N40_rate0p4_rep002_seed2095571210597809391,40,0.4,2,NP,,,1,1,initial_30s,2,0.07938814163208008,737.9999999997904,18.44999999999476,78.06554773049376,1.951638693262344,0.8942201250264011
N40_rate0p4_rep002_seed2095571210597809391,40,0.4,2,NP,,,1,1,initial_30s,3,0.1297450065612793,620.9999999998649,15.524999999996624,87.0536591692154,2.176341479230385,0.8598169739625856
N40_rate0p4_rep002_seed2095571210597809391,40,0.4,2,NP,,,1,1,initial_30s,4,0.13999295234680176,616.9999999998729,15.424999999996823,90.45356955313196,2.261339238828299,0.8533977803028353
N40_rate0p4_rep002_seed2095571210597809391,40,0.4,2,NP,,,1,1,initial_30s,5,0.16209697723388672,612.9999999999009,15.324999999997521,91.69548263496381,2.2923870658740952,0.8504151996166743
N40_rate0p4_rep002_seed2095571210597809391,40,0.4,2,NP,,,1,1,initial_30s,6,0.2165989875793457,608.9999999999645,15.224999999999113,94.52789415605571,2.3631973539013926,0.8447817829949734
N40_rate0p4_rep002_seed2095571210597809391,40,0.4,2,NP,,,1,1,initial_30s,7,0.22861504554748535,604.9999999999559,15.124999999998897,95.48294065285438,2.3870735163213594,0.8421769575985762
N40_rate0p4_rep002_seed2095571210597809391,40,0.4,2,NP,,,1,1,initial_30s,8,0.23022699356079102,600.9999999999998,15.024999999999995,95.49858323853755,2.3874645809634387,0.8411005270573418
N40_rate0p4_rep002_seed2095571210597809391,40,0.4,2,NP,,,1,1,initial_30s,9,0.24549603462219238,598.9999999999391,14.974999999998477,96.26470724106468,2.406617681026617,0.8392909728863531
N40_rate0p4_rep002_seed2095571210597809391,40,0.4,2,NP,,,1,1,initial_30s,10,0.30304908752441406,592.9999999999436,14.82499999999859,96.51105828591379,2.412776457147845,0.8372494801249191
N40_rate0p4_rep002_seed2095571210597809391,40,0.4,2,NP,,,1,1,initial_30s,11,0.30870795249938965,589.0,14.725,96.51105828591379,2.412776457147845,0.8361442134364792
N40_rate0p4_rep002_seed2095571210597809391,40,0.4,2,NP,,,1,1,initial_30s,12,0.42130112648010254,571.0,14.275,103.83097588826517,2.5957743972066294,0.8181594117543517
N40_rate0p4_rep002_seed2095571210597809391,40,0.4,2,NP,,,1,1,initial_30s,13,0.4339780807495117,524.9999999999645,13.124999999999114,103.83097588826517,2.5957743972066294,0.8022267125937672
N40_rate0p4_rep002_seed2095571210597809391,40,0.4,2,NP,,,1,1,initial_30s,14,0.513153076171875,519.9999999999923,12.999999999999806,105.35304110014187,2.6338260275035466,0.7973979978843395
N40_rate0p4_rep002_seed2095571210597809391,40,0.4,2,NP,,,1,1,initial_30s,15,0.5133121013641357,479.00000000001455,11.975000000000364,105.35304110014187,2.6338260275035466,0.780056281628103
N40_rate0p4_rep002_seed2095571210597809391,40,0.4,2,NP,,,1,1,initial_30s,16,0.5687000751495361,471.0,11.775,106.03662429196866,2.6509156072992166,0.7748691628620622
N40_rate0p4_rep002_seed2095571210597809391,40,0.4,2,NP,,,1,1,initial_30s,17,0.633944034576416,464.99999999997954,11.624999999999488,106.5248939480763,2.6631223487019073,0.7709142065632667
N40_rate0p4_rep002_seed2095571210597809391,40,0.4,2,NP,,,1,1,initial_30s,18,0.6508960723876953,452.99999999998727,11.324999999999681,106.5248939480763,2.6631223487019073,0.7648457087238868
N40_rate0p4_rep002_seed2095571210597809391,40,0.4,2,NP,,,1,1,initial_30s,19,1.2683141231536865,446.9999999999268,11.17499999999817,109.77827519792015,2.744456879948004,0.7544110174542771
N40_rate0p4_rep002_seed2095571210597809391,40,0.4,2,NP,,,1,1,initial_30s,20,4.334265947341919,440.9999999999602,11.024999999999006,119.18193450686817,2.9795483626717045,0.7297461802565104
N40_rate0p4_rep002_seed2095571210597809391,40,0.4,2,NP,,,1,1,initial_30s,21,30.005327939987183,441.0,11.025,153.7535913712258,3.8438397842806453,0.6513524005187623
N40_rate0p4_rep002_seed2095571210597809391,40,0.4,2,CHP,4,4,,,initial_30s,0,0.0011432170867919922,902.9999999999964,22.57499999999991,14.0,0.35,0.9844961240310077
N40_rate0p4_rep002_seed2095571210597809391,40,0.4,2,CHP,4,4,,,initial_30s,1,0.0020542144775390625,578.0,14.45,14.0,0.35,0.9757785467128027
N40_rate0p4_rep002_seed2095571210597809391,40,0.4,2,CHP,4,4,,,initial_30s,2,0.005597114562988281,557.9999999997945,13.949999999994862,136.39798104478297,3.4099495261195742,0.7555591737547792
N40_rate0p4_rep002_seed2095571210597809391,40,0.4,2,CHP,4,4,,,initial_30s,3,0.005792140960693359,553.9999999998406,13.849999999996015,136.39798104478297,3.4099495261195742,0.7537942580418372
N40_rate0p4_rep002_seed2095571210597809391,40,0.4,2,CHP,4,4,,,initial_30s,4,0.01268911361694336,549.999999999824,13.7499999999956,202.70660440024687,5.067665110006172,0.6314425374539787
N40_rate0p4_rep002_seed2095571210597809391,40,0.4,2,CHP,4,4,,,initial_30s,5,0.013153076171875,519.9999999998954,12.999999999997385,204.0705989659616,5.10176497414904,0.6075565404499949
N40_rate0p4_rep002_seed2095571210597809391,40,0.4,2,CHP,4,4,,,initial_30s,6,0.0192720890045166,515.999999999834,12.89999999999585,214.7941958322113,5.3698548958052825,0.5837321786196117
N40_rate0p4_rep002_seed2095571210597809391,40,0.4,2,CHP,4,4,,,initial_30s,7,0.019800186157226562,501.99999999998727,12.549999999999681,214.7941958322113,5.3698548958052825,0.5721231158720782
N40_rate0p4_rep002_seed2095571210597809391,40,0.4,2,CHP,4,4,,,initial_30s,8,0.030534029006958008,499.99999999986153,12.499999999996538,229.99999999997294,5.749999999999323,0.5399999999999268
N40_rate0p4_rep002_seed2095571210597809391,40,0.4,2,CHP,4,4,,,initial_30s,9,0.03693103790283203,485.9999999998156,12.14999999999539,233.6883366125131,5.842208415312827,0.5191598012086384
N40_rate0p4_rep002_seed2095571210597809391,40,0.4,2,CHP,4,4,,,initial_30s,10,0.04150819778442383,481.99999999987585,12.049999999996896,242.0902413026938,6.052256032567345,0.49773808858349344
N40_rate0p4_rep002_seed2095571210597809391,40,0.4,2,CHP,4,4,,,initial_30s,11,0.047779083251953125,463.9999999999536,11.59999999999884,249.55493066169444,6.238873266542361,0.46216609771181166
N40_rate0p4_rep002_seed2095571210597809391,40,0.4,2,CHP,4,4,,,initial_30s,12,0.0652620792388916,450.0,11.25,259.37563451775213,6.484390862943803,0.4236097010716619
N40_rate0p4_rep002_seed2095571210597809391,40,0.4,2,CHP,4,4,,,initial_30s,13,0.07073116302490234,443.9999999999775,11.099999999999437,272.00758823393625,6.800189705848406,0.3873702967703828
N40_rate0p4_rep002_seed2095571210597809391,40,0.4,2,CHP,4,4,,,initial_30s,14,0.08024406433105469,441.9999999999361,11.049999999998402,288.9774855429932,7.22443713857483,0.34620478383928743
N40_rate0p4_rep002_seed2095571210597809391,40,0.4,2,CHP,4,4,,,initial_30s,15,0.08076620101928711,429.9999999999877,10.749999999999693,301.6420392393759,7.541050980984397,0.2985068854898035
N40_rate0p4_rep002_seed2095571210597809391,40,0.4,2,CHP,4,4,,,initial_30s,16,0.10117101669311523,430.0,10.75,429.9999999999877,10.749999999999693,2.8553903427754727e-14
N40_rate0p4_rep002_seed2095571210597809391,40,0.4,2,PP,4,4,4,4,initial_30s,0,0.0014591217041015625,902.9999999999977,22.574999999999942,14.0,0.35,0.9844961240310077
N40_rate0p4_rep002_seed2095571210597809391,40,0.4,2,PP,4,4,4,4,initial_30s,1,0.003267049789428711,806.999999999593,20.174999999989826,14.0,0.35,0.982651796778182
N40_rate0p4_rep002_seed2095571210597809391,40,0.4,2,PP,4,4,4,4,initial_30s,2,0.003515005111694336,755.999999999508,18.8999999999877,14.0,0.35,0.9814814814814694
N40_rate0p4_rep002_seed2095571210597809391,40,0.4,2,PP,4,4,4,4,initial_30s,3,0.003998994827270508,753.9999999997292,18.84999999999323,14.0,0.35,0.9814323607426989
N40_rate0p4_rep002_seed2095571210597809391,40,0.4,2,PP,4,4,4,4,initial_30s,4,0.005352973937988281,704.9999999998777,17.62499999999694,111.90188076997981,2.797547019249495,0.8412739279858167
N40_rate0p4_rep002_seed2095571210597809391,40,0.4,2,PP,4,4,4,4,initial_30s,5,0.006103992462158203,703.9999999995646,17.599999999989116,113.38482196103901,2.834620549025975,0.8389420142597881
N40_rate0p4_rep002_seed2095571210597809391,40,0.4,2,PP,4,4,4,4,initial_30s,6,0.00875401496887207,686.9999999999527,17.174999999998818,121.3180340038972,3.03295085009743,0.8234089752490458
N40_rate0p4_rep002_seed2095571210597809391,40,0.4,2,PP,4,4,4,4,initial_30s,7,0.020467042922973633,670.9999999998088,16.77499999999522,140.02489315898163,3.500622328974541,0.7913190862011602
N40_rate0p4_rep002_seed2095571210597809391,40,0.4,2,PP,4,4,4,4,initial_30s,8,0.020553112030029297,509.9999999999393,12.749999999998483,156.21097093867184,3.905274273466796,0.6937039785515874
N40_rate0p4_rep002_seed2095571210597809391,40,0.4,2,PP,4,4,4,4,initial_30s,9,0.02912592887878418,485.9999999999336,12.14999999999834,163.1828549680123,4.079571374200308,0.6642328087077478
N40_rate0p4_rep002_seed2095571210597809391,40,0.4,2,PP,4,4,4,4,initial_30s,10,0.03644394874572754,483.99999999992406,12.0999999999981,173.8134439495268,4.34533609873817,0.6408813141538139
N40_rate0p4_rep002_seed2095571210597809391,40,0.4,2,PP,4,4,4,4,initial_30s,11,0.0657050609588623,481.99999999992997,12.04999999999825,185.2846564354619,4.632116410886548,0.6155919990964962
N40_rate0p4_rep002_seed2095571210597809391,40,0.4,2,PP,4,4,4,4,initial_30s,12,0.1262810230255127,475.9999999999577,11.899999999998943,193.9435973949201,4.848589934873003,0.5925554676576947
N40_rate0p4_rep002_seed2095571210597809391,40,0.4,2,PP,4,4,4,4,initial_30s,13,0.1330420970916748,467.99999999994225,11.699999999998557,196.84171263927584,4.921042815981896,0.5793980499160254
N40_rate0p4_rep002_seed2095571210597809391,40,0.4,2,PP,4,4,4,4,initial_30s,14,0.45348095893859863,460.0,11.5,225.22302519320428,5.630575629830107,0.5103847278408603
N40_rate0p4_rep002_seed2095571210597809391,40,0.4,2,PP,4,4,4,4,initial_30s,15,0.49636197090148926,454.0000000000009,11.350000000000023,225.5680440007621,5.6392011000190525,0.5031540881040493
N40_rate0p4_rep002_seed2095571210597809391,40,0.4,2,PP,4,4,4,4,initial_30s,16,0.5166120529174805,450.0,11.25,234.06567195578953,5.851641798894738,0.47985406232046773
N40_rate0p4_rep002_seed2095571210597809391,40,0.4,2,PP,4,4,4,4,initial_30s,17,0.5501399040222168,446.0,11.15,243.341143364497,6.0835285841124245,0.45439205523655385
N40_rate0p4_rep002_seed2095571210597809391,40,0.4,2,PP,4,4,4,4,initial_30s,18,0.5912549495697021,444.0,11.1,251.04558568485004,6.276139642121251,0.4345820142233107
N40_rate0p4_rep002_seed2095571210597809391,40,0.4,2,PP,4,4,4,4,initial_30s,19,0.600783109664917,436.0,10.9,251.1414089537476,6.27853522384369,0.42398759414278075
N40_rate0p4_rep002_seed2095571210597809391,40,0.4,2,PP,4,4,4,4,initial_30s,20,1.323038101196289,430.00000000001137,10.750000000000284,325.3886767055983,8.134716917639958,0.24328214719630303
N40_rate0p4_rep002_seed2095571210597809391,40,0.4,2,PP,4,4,4,4,initial_30s,21,1.9270241260528564,430.0,10.75,430.00000000001137,10.750000000000284,2.6438799470143262e-14
N40_rate0p4_rep003_seed8667241160837211887,40,0.4,3,NP,,,1,1,initial_30s,0,0.0064258575439453125,1170.9999999999977,29.27499999999994,7.0,0.175,0.9940222032450896
N40_rate0p4_rep003_seed8667241160837211887,40,0.4,3,NP,,,1,1,initial_30s,1,0.020367860794067383,1062.9999999999673,26.574999999999182,7.0,0.175,0.9934148635936028
N40_rate0p4_rep003_seed8667241160837211887,40,0.4,3,NP,,,1,1,initial_30s,2,0.09836792945861816,1038.0,25.95,74.91979129394718,1.8729947823486797,0.9278229370963901
N40_rate0p4_rep003_seed8667241160837211887,40,0.4,3,NP,,,1,1,initial_30s,3,0.12233400344848633,1019.9999999998829,25.499999999997073,84.05293619820361,2.10132340495509,0.917595160589987
N40_rate0p4_rep003_seed8667241160837211887,40,0.4,3,NP,,,1,1,initial_30s,4,0.17884397506713867,536.9999999996896,13.424999999992242,91.70084476151715,2.2925211190379287,0.8292349259561077
N40_rate0p4_rep003_seed8667241160837211887,40,0.4,3,NP,,,1,1,initial_30s,5,0.4604640007019043,524.9999999997533,13.124999999993832,99.42014500774454,2.4855036251936133,0.8106282952232549
N40_rate0p4_rep003_seed8667241160837211887,40,0.4,3,NP,,,1,1,initial_30s,6,0.46060895919799805,504.9999999998222,12.624999999995556,99.42014500774454,2.4855036251936133,0.8031284257271692
N40_rate0p4_rep003_seed8667241160837211887,40,0.4,3,NP,,,1,1,initial_30s,7,0.542396068572998,496.999999999975,12.424999999999375,103.00801916919481,2.57520047922987,0.7927404040861167
N40_rate0p4_rep003_seed8667241160837211887,40,0.4,3,NP,,,1,1,initial_30s,8,0.7841808795928955,489.0000000000116,12.22500000000029,103.00801916919481,2.57520047922987,0.7893496540507313
N40_rate0p4_rep003_seed8667241160837211887,40,0.4,3,NP,,,1,1,initial_30s,9,1.4186880588531494,484.9999999999641,12.124999999999101,107.15854204255233,2.6789635510638083,0.7790545524895665
N40_rate0p4_rep003_seed8667241160837211887,40,0.4,3,NP,,,1,1,initial_30s,10,1.4252848625183105,477.0000000000148,11.92500000000037,107.15854204255233,2.6789635510638083,0.7753489684642578
N40_rate0p4_rep003_seed8667241160837211887,40,0.4,3,NP,,,1,1,initial_30s,11,1.452678918838501,475.0000000000118,11.875000000000295,107.15854204255233,2.6789635510638083,0.774403069384106
N40_rate0p4_rep003_seed8667241160837211887,40,0.4,3,NP,,,1,1,initial_30s,12,1.5008459091186523,472.999999999829,11.824999999995725,107.18292187651288,2.679573046912822,0.773397628167967
N40_rate0p4_rep003_seed8667241160837211887,40,0.4,3,NP,,,1,1,initial_30s,13,1.500952959060669,460.9999999998429,11.524999999996073,107.18292187651288,2.679573046912822,0.7674990848664872
N40_rate0p4_rep003_seed8667241160837211887,40,0.4,3,NP,,,1,1,initial_30s,14,12.485705852508545,455.0,11.375,126.77686192470432,3.169421548117608,0.721369534231419
N40_rate0p4_rep003_seed8667241160837211887,40,0.4,3,NP,,,1,1,initial_30s,15,12.674875974655151,452.9999999999959,11.324999999999898,126.77686192470432,3.169421548117608,0.7201393776496567
N40_rate0p4_rep003_seed8667241160837211887,40,0.4,3,NP,,,1,1,initial_30s,16,13.572675943374634,446.9999999999766,11.174999999999415,127.65717268248926,3.1914293170622314,0.7144134839317764
N40_rate0p4_rep003_seed8667241160837211887,40,0.4,3,NP,,,1,1,initial_30s,17,30.001320838928223,447.0,11.175,133.62862777044552,3.340715694261138,0.7010545240034776
N40_rate0p4_rep003_seed8667241160837211887,40,0.4,3,CHP,4,4,,,initial_30s,0,0.0012259483337402344,1170.9999999999966,29.274999999999913,7.0,0.175,0.9940222032450896
N40_rate0p4_rep003_seed8667241160837211887,40,0.4,3,CHP,4,4,,,initial_30s,1,0.0015320777893066406,1070.9999999996055,26.774999999990136,7.0,0.175,0.9934640522875793
N40_rate0p4_rep003_seed8667241160837211887,40,0.4,3,CHP,4,4,,,initial_30s,2,0.0024559497833251953,721.9999999997881,18.049999999994704,7.0,0.175,0.9903047091412714
N40_rate0p4_rep003_seed8667241160837211887,40,0.4,3,CHP,4,4,,,initial_30s,3,0.0027840137481689453,711.9999999996203,17.799999999990508,7.0,0.175,0.9901685393258375
N40_rate0p4_rep003_seed8667241160837211887,40,0.4,3,CHP,4,4,,,initial_30s,4,0.0043909549713134766,635.9999999999043,15.899999999997608,174.3077406363079,4.357693515907697,0.7259312254145689
N40_rate0p4_rep003_seed8667241160837211887,40,0.4,3,CHP,4,4,,,initial_30s,5,0.00595402717590332,613.9999999998574,15.349999999996436,174.3077406363079,4.357693515907697,0.7161111716020384
N40_rate0p4_rep003_seed8667241160837211887,40,0.4,3,CHP,4,4,,,initial_30s,6,0.0059719085693359375,597.9999999998281,14.949999999995702,174.3077406363079,4.357693515907697,0.7085154838856889
N40_rate0p4_rep003_seed8667241160837211887,40,0.4,3,CHP,4,4,,,initial_30s,7,0.006017923355102539,578.0,14.45,174.3077406363079,4.357693515907697,0.6984295144700555
N40_rate0p4_rep003_seed8667241160837211887,40,0.4,3,CHP,4,4,,,initial_30s,8,0.0073850154876708984,555.9999999997729,13.899999999994321,194.7591946185257,4.868979865463142,0.6497136787435157
N40_rate0p4_rep003_seed8667241160837211887,40,0.4,3,CHP,4,4,,,initial_30s,9,0.008025884628295898,547.9999999997731,13.699999999994327,194.7591946185257,4.868979865463142,0.6446000098200614
N40_rate0p4_rep003_seed8667241160837211887,40,0.4,3,CHP,4,4,,,initial_30s,10,0.020283937454223633,533.9999999999452,13.34999999999863,226.4357776068273,5.660894440170682,0.5759629632830514
N40_rate0p4_rep003_seed8667241160837211887,40,0.4,3,CHP,4,4,,,initial_30s,11,0.02148604393005371,523.9999999999729,13.099999999999323,226.4357776068273,5.660894440170682,0.567870653422063
N40_rate0p4_rep003_seed8667241160837211887,40,0.4,3,CHP,4,4,,,initial_30s,12,0.021502971649169922,517.9999999999757,12.949999999999392,226.4357776068273,5.660894440170682,0.5628652941952936
N40_rate0p4_rep003_seed8667241160837211887,40,0.4,3,CHP,4,4,,,initial_30s,13,0.02195906639099121,485.99999999997726,12.149999999999432,227.7127127275096,5.69281781818774,0.5314553236059254
N40_rate0p4_rep003_seed8667241160837211887,40,0.4,3,CHP,4,4,,,initial_30s,14,0.07993698120117188,475.9999999999891,11.899999999999727,272.60392823872974,6.815098205968243,0.42730267176736136
N40_rate0p4_rep003_seed8667241160837211887,40,0.4,3,CHP,4,4,,,initial_30s,15,0.11920595169067383,472.00000000000045,11.800000000000011,339.9999999999307,8.499999999998268,0.27966101694930007
N40_rate0p4_rep003_seed8667241160837211887,40,0.4,3,CHP,4,4,,,initial_30s,16,0.1267690658569336,467.9999999998977,11.699999999997441,355.04999999997426,8.876249999999356,0.241346153846043
N40_rate0p4_rep003_seed8667241160837211887,40,0.4,3,CHP,4,4,,,initial_30s,17,0.13598394393920898,468.0,11.7,467.9999999998977,11.699999999997441,2.1862853408003083e-13
N40_rate0p4_rep003_seed8667241160837211887,40,0.4,3,PP,4,4,4,4,initial_30s,0,0.0015568733215332031,1170.999999999998,29.27499999999995,7.0,0.175,0.9940222032450896
N40_rate0p4_rep003_seed8667241160837211887,40,0.4,3,PP,4,4,4,4,initial_30s,1,0.0037658214569091797,807.9999999994607,20.199999999986517,7.0,0.175,0.9913366336633606
N40_rate0p4_rep003_seed8667241160837211887,40,0.4,3,PP,4,4,4,4,initial_30s,2,0.004160881042480469,747.9999999997849,18.699999999994624,7.0,0.175,0.9906417112299438
N40_rate0p4_rep003_seed8667241160837211887,40,0.4,3,PP,4,4,4,4,initial_30s,3,0.004501819610595703,743.9999999998158,18.599999999995397,7.0,0.175,0.99059139784946
N40_rate0p4_rep003_seed8667241160837211887,40,0.4,3,PP,4,4,4,4,initial_30s,4,0.004891872406005859,705.9999999998095,17.649999999995238,7.0,0.175,0.9900849858356914
N40_rate0p4_rep003_seed8667241160837211887,40,0.4,3,PP,4,4,4,4,initial_30s,5,0.007031917572021484,691.9999999995696,17.29999999998924,103.18186606160967,2.579546651540242,0.8508932571363095
N40_rate0p4_rep003_seed8667241160837211887,40,0.4,3,PP,4,4,4,4,initial_30s,6,0.011157989501953125,689.9999999996855,17.249999999992138,140.48279436982784,3.5120698592456963,0.7964017472900118
N40_rate0p4_rep003_seed8667241160837211887,40,0.4,3,PP,4,4,4,4,initial_30s,7,0.01952981948852539,675.9999999997906,16.899999999994765,154.4790991042138,3.8619774776053446,0.7714806226268319
N40_rate0p4_rep003_seed8667241160837211887,40,0.4,3,PP,4,4,4,4,initial_30s,8,0.019545793533325195,673.9999999998386,16.849999999995966,154.4790991042138,3.8619774776053446,0.7708025235841977
N40_rate0p4_rep003_seed8667241160837211887,40,0.4,3,PP,4,4,4,4,initial_30s,9,0.033844947814941406,669.9999999998911,16.74999999999728,173.1447737397233,4.328619343493083,0.7415749645675351
N40_rate0p4_rep003_seed8667241160837211887,40,0.4,3,PP,4,4,4,4,initial_30s,10,0.03386187553405762,667.9999999998977,16.69999999999744,173.1447737397233,4.328619343493083,0.7408012369165422
N40_rate0p4_rep003_seed8667241160837211887,40,0.4,3,PP,4,4,4,4,initial_30s,11,0.034503936767578125,581.9999999999368,14.54999999999842,173.5917171869446,4.3397929296736155,0.7017324446959391
N40_rate0p4_rep003_seed8667241160837211887,40,0.4,3,PP,4,4,4,4,initial_30s,12,0.04274296760559082,574.0000000000105,14.35000000000026,176.70511716879477,4.4176279292198695,0.6921513638174362
N40_rate0p4_rep003_seed8667241160837211887,40,0.4,3,PP,4,4,4,4,initial_30s,13,0.043092966079711914,569.9999999999895,14.249999999999739,176.70511716879477,4.4176279292198695,0.6899910225108806
N40_rate0p4_rep003_seed8667241160837211887,40,0.4,3,PP,4,4,4,4,initial_30s,14,0.05509495735168457,553.9999999999977,13.849999999999943,178.09261419468822,4.452315354867205,0.6785331873742076
N40_rate0p4_rep003_seed8667241160837211887,40,0.4,3,PP,4,4,4,4,initial_30s,15,0.07712984085083008,547.9999999999827,13.699999999999568,187.77985569423655,4.694496392355914,0.657336029755032
N40_rate0p4_rep003_seed8667241160837211887,40,0.4,3,PP,4,4,4,4,initial_30s,16,0.07716798782348633,539.9999999999791,13.499999999999478,189.08747278143161,4.72718681953579,0.6498380133677056
N40_rate0p4_rep003_seed8667241160837211887,40,0.4,3,PP,4,4,4,4,initial_30s,17,0.07718896865844727,533.9999999999818,13.349999999999545,189.08747278143161,4.72718681953579,0.6459036090235242
N40_rate0p4_rep003_seed8667241160837211887,40,0.4,3,PP,4,4,4,4,initial_30s,18,0.07723498344421387,531.9999999999718,13.299999999999295,189.08747278143161,4.72718681953579,0.6445724195837562
N40_rate0p4_rep003_seed8667241160837211887,40,0.4,3,PP,4,4,4,4,initial_30s,19,0.10072183609008789,528.9999999998793,13.224999999996982,204.60246924807157,5.11506173120179,0.6132278464118748
N40_rate0p4_rep003_seed8667241160837211887,40,0.4,3,PP,4,4,4,4,initial_30s,20,0.10074901580810547,524.9999999998863,13.124999999997158,204.60246924807157,5.11506173120179,0.6102810109559698
N40_rate0p4_rep003_seed8667241160837211887,40,0.4,3,PP,4,4,4,4,initial_30s,21,0.12175488471984863,521.0,13.025,209.60769503017775,5.240192375754444,0.5976819673125187
N40_rate0p4_rep003_seed8667241160837211887,40,0.4,3,PP,4,4,4,4,initial_30s,22,0.1443789005279541,517.0,12.925,220.62967955785055,5.515741988946264,0.5732501362517398
N40_rate0p4_rep003_seed8667241160837211887,40,0.4,3,PP,4,4,4,4,initial_30s,23,0.16380596160888672,503.0,12.575,229.0602269982782,5.726505674956956,0.5446118747549141
N40_rate0p4_rep003_seed8667241160837211887,40,0.4,3,PP,4,4,4,4,initial_30s,24,0.16420888900756836,501.0,12.525,229.4889335954656,5.73722333988664,0.5419382562964759
N40_rate0p4_rep003_seed8667241160837211887,40,0.4,3,PP,4,4,4,4,initial_30s,25,0.18669700622558594,495.9999999999991,12.399999999999977,232.66964684112622,5.816741171028156,0.5309079700783736
N40_rate0p4_rep003_seed8667241160837211887,40,0.4,3,PP,4,4,4,4,initial_30s,26,0.5310208797454834,494.0,12.35,233.77244102170656,5.844311025542664,0.5267764351787317
N40_rate0p4_rep003_seed8667241160837211887,40,0.4,3,PP,4,4,4,4,initial_30s,27,0.5345768928527832,488.0000000000023,12.200000000000056,233.77244102170656,5.844311025542664,0.5209581126604396
N40_rate0p4_rep003_seed8667241160837211887,40,0.4,3,PP,4,4,4,4,initial_30s,28,0.5430269241333008,485.99999999998727,12.149999999999682,233.77244102170656,5.844311025542664,0.518986746868904
N40_rate0p4_rep003_seed8667241160837211887,40,0.4,3,PP,4,4,4,4,initial_30s,29,0.5553607940673828,483.99999999993406,12.099999999998351,233.77244102170656,5.844311025542664,0.5169990887980611
N40_rate0p4_rep003_seed8667241160837211887,40,0.4,3,PP,4,4,4,4,initial_30s,30,0.599478006362915,479.9999999999618,11.999999999999044,233.77244102170656,5.844311025542664,0.5129740812047392
N40_rate0p4_rep003_seed8667241160837211887,40,0.4,3,PP,4,4,4,4,initial_30s,31,0.6317667961120605,475.9999999999384,11.89999999999846,233.77244102170656,5.844311025542664,0.5088814264249226
N40_rate0p4_rep003_seed8667241160837211887,40,0.4,3,PP,4,4,4,4,initial_30s,32,0.8028788566589355,471.9999999999916,11.79999999999979,276.49268996137556,6.912317249034389,0.4142104026241939
N40_rate0p4_rep003_seed8667241160837211887,40,0.4,3,PP,4,4,4,4,initial_30s,33,1.7275478839874268,468.00000000000114,11.700000000000028,430.00000000000614,10.750000000000153,0.0811965811965703
N40_rate0p4_rep003_seed8667241160837211887,40,0.4,3,PP,4,4,4,4,initial_30s,34,1.730557918548584,468.0,11.7,468.00000000000114,11.700000000000028,2.4292059342225648e-15
N40_rate0p4_rep004_seed17458429507255536082,40,0.4,4,NP,,,1,1,initial_30s,0,0.006459951400756836,894.9999999999977,22.374999999999943,20.0,0.5,0.9776536312849161
N40_rate0p4_rep004_seed17458429507255536082,40,0.4,4,NP,,,1,1,initial_30s,1,0.01741194725036621,852.9999999999432,21.324999999998578,20.0,0.5,0.9765533411488847
N40_rate0p4_rep004_seed17458429507255536082,40,0.4,4,NP,,,1,1,initial_30s,2,0.018542051315307617,836.999999999925,20.924999999998125,20.0,0.5,0.9761051373954578
N40_rate0p4_rep004_seed17458429507255536082,40,0.4,4,NP,,,1,1,initial_30s,3,0.06637811660766602,732.9999999999363,18.324999999998408,87.69649688678614,2.1924124221696535,0.8803594858297493
N40_rate0p4_rep004_seed17458429507255536082,40,0.4,4,NP,,,1,1,initial_30s,4,0.15419292449951172,592.9999999996703,14.824999999991757,103.82460816157095,2.595615204039274,0.8249163437409297
N40_rate0p4_rep004_seed17458429507255536082,40,0.4,4,NP,,,1,1,initial_30s,5,0.19000506401062012,588.9999999999759,14.724999999999397,106.0659761796154,2.651649404490385,0.8199219419700853
N40_rate0p4_rep004_seed17458429507255536082,40,0.4,4,NP,,,1,1,initial_30s,6,0.21379613876342773,584.9999999999209,14.624999999998021,107.22004611585396,2.680501152896349,0.8167178698874044
N40_rate0p4_rep004_seed17458429507255536082,40,0.4,4,NP,,,1,1,initial_30s,7,0.24358105659484863,574.99999999995,14.37499999999875,108.33312363828225,2.708328090957056,0.8115945675855797
N40_rate0p4_rep004_seed17458429507255536082,40,0.4,4,NP,,,1,1,initial_30s,8,0.3862419128417969,545.9999999999648,13.64999999999912,111.0244854947575,2.7756121373689373,0.79665845147479
N40_rate0p4_rep004_seed17458429507255536082,40,0.4,4,NP,,,1,1,initial_30s,9,0.43596792221069336,534.9999999999773,13.374999999999432,113.72459798195688,2.843114949548922,0.7874306579776417
N40_rate0p4_rep004_seed17458429507255536082,40,0.4,4,NP,,,1,1,initial_30s,10,0.4361870288848877,517.9999999999841,12.949999999999601,113.72459798195688,2.843114949548922,0.7804544440502695
N40_rate0p4_rep004_seed17458429507255536082,40,0.4,4,NP,,,1,1,initial_30s,11,0.5058660507202148,516.0,12.9,113.72869860986128,2.843217465246532,0.7795955453297262
N40_rate0p4_rep004_seed17458429507255536082,40,0.4,4,NP,,,1,1,initial_30s,12,0.5692241191864014,511.0,12.775,113.72869860986128,2.843217465246532,0.7774389459689603
N40_rate0p4_rep004_seed17458429507255536082,40,0.4,4,NP,,,1,1,initial_30s,13,0.7578721046447754,499.0,12.475,113.72869860986128,2.843217465246532,0.7720867763329433
N40_rate0p4_rep004_seed17458429507255536082,40,0.4,4,NP,,,1,1,initial_30s,14,1.6708331108093262,494.999999999975,12.374999999999375,124.29672369731625,3.1074180924329062,0.7488955076821767
N40_rate0p4_rep004_seed17458429507255536082,40,0.4,4,NP,,,1,1,initial_30s,15,1.6709201335906982,490.99999999996794,12.2749999999992,124.29672369731625,3.1074180924329062,0.7468498499036165
N40_rate0p4_rep004_seed17458429507255536082,40,0.4,4,NP,,,1,1,initial_30s,16,30.006277084350586,491.0,12.275,172.0575042099806,4.301437605249515,0.6495773845010578
N40_rate0p4_rep004_seed17458429507255536082,40,0.4,4,CHP,4,4,,,initial_30s,0,0.0010120868682861328,894.9999999999977,22.374999999999943,20.0,0.5,0.9776536312849161
N40_rate0p4_rep004_seed17458429507255536082,40,0.4,4,CHP,4,4,,,initial_30s,1,0.0020089149475097656,836.9999999999723,20.924999999999308,20.0,0.5,0.9761051373954592
N40_rate0p4_rep004_seed17458429507255536082,40,0.4,4,CHP,4,4,,,initial_30s,2,0.0037870407104492188,632.9999999997922,15.824999999994805,193.06060606059637,4.82651515151491,0.6950069414523543
N40_rate0p4_rep004_seed17458429507255536082,40,0.4,4,CHP,4,4,,,initial_30s,3,0.007665872573852539,571.0,14.275,223.69766463747123,5.592441615936781,0.6082352633319242
N40_rate0p4_rep004_seed17458429507255536082,40,0.4,4,CHP,4,4,,,initial_30s,4,0.016036033630371094,564.9999999999609,14.124999999999023,262.99999999999534,6.574999999999884,0.5345132743362592
N40_rate0p4_rep004_seed17458429507255536082,40,0.4,4,CHP,4,4,,,initial_30s,5,0.017306089401245117,560.9999999999895,14.02499999999974,269.9999999999941,6.749999999999853,0.5187165775401085
N40_rate0p4_rep004_seed17458429507255536082,40,0.4,4,CHP,4,4,,,initial_30s,6,0.017318010330200195,516.9999999999975,12.924999999999937,269.9999999999941,6.749999999999853,0.47775628626693345
N40_rate0p4_rep004_seed17458429507255536082,40,0.4,4,CHP,4,4,,,initial_30s,7,0.04666900634765625,517.0,12.925,516.9999999999975,12.924999999999937,4.837737775387916e-15
N40_rate0p4_rep004_seed17458429507255536082,40,0.4,4,PP,4,4,4,4,initial_30s,0,0.0016591548919677734,894.9999999999977,22.374999999999943,20.0,0.5,0.9776536312849161
N40_rate0p4_rep004_seed17458429507255536082,40,0.4,4,PP,4,4,4,4,initial_30s,1,0.00787210464477539,856.9999999995812,21.42499999998953,109.15163749298561,2.72879093732464,0.8726351954573641
N40_rate0p4_rep004_seed17458429507255536082,40,0.4,4,PP,4,4,4,4,initial_30s,2,0.008577108383178711,820.9999999996396,20.52499999999099,134.21309796502385,3.355327449125596,0.8365248502252342
N40_rate0p4_rep004_seed17458429507255536082,40,0.4,4,PP,4,4,4,4,initial_30s,3,0.01277303695678711,752.9999999998342,18.824999999995857,160.19389563983364,4.004847390995841,0.7872591027358979
N40_rate0p4_rep004_seed17458429507255536082,40,0.4,4,PP,4,4,4,4,initial_30s,4,0.02877497673034668,748.9999999996544,18.72499999999136,175.13241736579585,4.378310434144896,0.7661783479761326
N40_rate0p4_rep004_seed17458429507255536082,40,0.4,4,PP,4,4,4,4,initial_30s,5,0.0353090763092041,740.999999999894,18.524999999997352,182.99999999997522,4.57499999999938,0.7530364372469617
N40_rate0p4_rep004_seed17458429507255536082,40,0.4,4,PP,4,4,4,4,initial_30s,6,0.03877115249633789,716.999999999919,17.924999999997976,200.99999999998533,5.0249999999996335,0.719665271966516
N40_rate0p4_rep004_seed17458429507255536082,40,0.4,4,PP,4,4,4,4,initial_30s,7,0.03879213333129883,692.999999999922,17.32499999999805,200.99999999998533,5.0249999999996335,0.7099567099566985
N40_rate0p4_rep004_seed17458429507255536082,40,0.4,4,PP,4,4,4,4,initial_30s,8,0.04024314880371094,680.9999999999154,17.024999999997885,206.99999999998158,5.17499999999954,0.6960352422907382
N40_rate0p4_rep004_seed17458429507255536082,40,0.4,4,PP,4,4,4,4,initial_30s,9,0.040985107421875,580.9999999999802,14.524999999999505,208.99999999996294,5.224999999999073,0.6402753872633906
N40_rate0p4_rep004_seed17458429507255536082,40,0.4,4,PP,4,4,4,4,initial_30s,10,0.06892609596252441,576.9999999999818,14.424999999999546,212.99999999997613,5.324999999999403,0.6308492201040159
N40_rate0p4_rep004_seed17458429507255536082,40,0.4,4,PP,4,4,4,4,initial_30s,11,0.08243107795715332,548.9999999999588,13.724999999998971,233.28457405170283,5.832114351292571,0.5750736356070668
N40_rate0p4_rep004_seed17458429507255536082,40,0.4,4,PP,4,4,4,4,initial_30s,12,0.12461304664611816,541.0,13.525,261.0017676767571,6.525044191918927,0.5175568065124638
N40_rate0p4_rep004_seed17458429507255536082,40,0.4,4,PP,4,4,4,4,initial_30s,13,0.7634890079498291,529.0,13.225,375.70041592581606,9.3925103981454,0.2897912742423137
N40_rate0p4_rep004_seed17458429507255536082,40,0.4,4,PP,4,4,4,4,initial_30s,14,0.8795239925384521,520.9999999999941,13.024999999999853,424.200136539642,10.605003413491051,0.18579628303330742
N40_rate0p4_rep004_seed17458429507255536082,40,0.4,4,PP,4,4,4,4,initial_30s,15,0.8795740604400635,516.9999999999941,12.924999999999851,424.200136539642,10.605003413491051,0.17949683454613757
N40_rate0p4_rep004_seed17458429507255536082,40,0.4,4,PP,4,4,4,4,initial_30s,16,0.960345983505249,517.0,12.925,516.9999999999941,12.924999999999851,1.1434652923644165e-14
N40_rate0p4_rep005_seed6469007746724778790,40,0.4,5,NP,,,1,1,initial_30s,0,0.006546974182128906,1245.9999999999977,31.14999999999994,9.0,0.225,0.992776886035313
N40_rate0p4_rep005_seed6469007746724778790,40,0.4,5,NP,,,1,1,initial_30s,1,0.020183801651000977,1236.999999999979,30.92499999999948,9.0,0.225,0.9927243330638641
N40_rate0p4_rep005_seed6469007746724778790,40,0.4,5,NP,,,1,1,initial_30s,2,0.05455780029296875,1207.9999999995698,30.199999999989245,64.39808419692389,1.6099521049230971,0.946690327651534
N40_rate0p4_rep005_seed6469007746724778790,40,0.4,5,NP,,,1,1,initial_30s,3,0.05553793907165527,1129.9999999999777,28.249999999999442,65.61448175354406,1.6403620438386013,0.9419340869437651
N40_rate0p4_rep005_seed6469007746724778790,40,0.4,5,NP,,,1,1,initial_30s,4,0.13857293128967285,1025.9999999998017,25.649999999995043,79.51573229772887,1.987893307443222,0.9224992862595086
N40_rate0p4_rep005_seed6469007746724778790,40,0.4,5,NP,,,1,1,initial_30s,5,0.19330191612243652,818.9999999998845,20.474999999997113,92.16585544245936,2.304146386061484,0.8874653779701193
N40_rate0p4_rep005_seed6469007746724778790,40,0.4,5,NP,,,1,1,initial_30s,6,0.19541692733764648,716.9999999998411,17.924999999996025,92.21482152185706,2.3053705380464264,0.871387975562235
N40_rate0p4_rep005_seed6469007746724778790,40,0.4,5,NP,,,1,1,initial_30s,7,0.43404102325439453,672.9999999998756,16.82499999999689,100.42091321053017,2.5105228302632545,0.850786161648516
N40_rate0p4_rep005_seed6469007746724778790,40,0.4,5,NP,,,1,1,initial_30s,8,0.43429088592529297,668.9999999998806,16.724999999997017,100.42091321053017,2.5105228302632545,0.8498940011800477
N40_rate0p4_rep005_seed6469007746724778790,40,0.4,5,NP,,,1,1,initial_30s,9,0.434398889541626,624.9999999998843,15.624999999997106,100.42091321053017,2.5105228302632545,0.8393265388631219
N40_rate0p4_rep005_seed6469007746724778790,40,0.4,5,NP,,,1,1,initial_30s,10,0.47009897232055664,615.0,15.375,100.42091321053017,2.5105228302632545,0.8367139622593005
N40_rate0p4_rep005_seed6469007746724778790,40,0.4,5,NP,,,1,1,initial_30s,11,0.4840128421783447,612.9999999999918,15.324999999999795,100.42091321053017,2.5105228302632545,0.836181218253619
N40_rate0p4_rep005_seed6469007746724778790,40,0.4,5,NP,,,1,1,initial_30s,12,0.4840998649597168,608.9999999999827,15.224999999999568,100.42091321053017,2.5105228302632545,0.835105232823427
N40_rate0p4_rep005_seed6469007746724778790,40,0.4,5,NP,,,1,1,initial_30s,13,0.48415493965148926,572.0000000000148,14.30000000000037,100.42091321053017,2.5105228302632545,0.8244389629186581
N40_rate0p4_rep005_seed6469007746724778790,40,0.4,5,NP,,,1,1,initial_30s,14,0.6077280044555664,560.9999999999907,14.024999999999768,100.56914435797468,2.514228608949367,0.8207323629982597
N40_rate0p4_rep005_seed6469007746724778790,40,0.4,5,NP,,,1,1,initial_30s,15,0.6082959175109863,545.0,13.625,100.56914435797468,2.514228608949367,0.8154694598936245
N40_rate0p4_rep005_seed6469007746724778790,40,0.4,5,NP,,,1,1,initial_30s,16,4.467387914657593,542.999999999988,13.574999999999699,124.8611366900252,3.12152841725063,0.7700531552669835
N40_rate0p4_rep005_seed6469007746724778790,40,0.4,5,NP,,,1,1,initial_30s,17,4.729007005691528,540.9999999999459,13.524999999998647,126.45784899431703,3.161446224857926,0.766251665444862
N40_rate0p4_rep005_seed6469007746724778790,40,0.4,5,NP,,,1,1,initial_30s,18,11.022341966629028,536.9999999999795,13.42499999999949,129.75232781445365,3.2438081953613414,0.7583755534181403
N40_rate0p4_rep005_seed6469007746724778790,40,0.4,5,NP,,,1,1,initial_30s,19,11.122227907180786,528.9999999999989,13.224999999999971,129.75232781445365,3.2438081953613414,0.7547214975152099
N40_rate0p4_rep005_seed6469007746724778790,40,0.4,5,NP,,,1,1,initial_30s,20,11.71557092666626,527.0000000000009,13.175000000000022,129.75232781445365,3.2438081953613414,0.7537906493084374
N40_rate0p4_rep005_seed6469007746724778790,40,0.4,5,NP,,,1,1,initial_30s,21,11.717036008834839,518.9999999999693,12.974999999999232,129.75232781445365,3.2438081953613414,0.7499955148083596
N40_rate0p4_rep005_seed6469007746724778790,40,0.4,5,NP,,,1,1,initial_30s,22,12.227391004562378,495.0,12.375,129.75232781445365,3.2438081953613414,0.7378740852233259
N40_rate0p4_rep005_seed6469007746724778790,40,0.4,5,NP,,,1,1,initial_30s,23,12.341913938522339,491.0000000000018,12.275000000000045,129.75232781445365,3.2438081953613414,0.7357386398890974
N40_rate0p4_rep005_seed6469007746724778790,40,0.4,5,NP,,,1,1,initial_30s,24,18.809746026992798,487.0000000001412,12.17500000000353,140.55061277568146,3.5137653193920366,0.7113950456352347
N40_rate0p4_rep005_seed6469007746724778790,40,0.4,5,NP,,,1,1,initial_30s,25,30.00467801094055,487.0,12.175,140.55061277568146,3.5137653193920366,0.7113950456351511
N40_rate0p4_rep005_seed6469007746724778790,40,0.4,5,CHP,4,4,,,initial_30s,0,0.0011641979217529297,1245.9999999999977,31.14999999999994,9.0,0.225,0.992776886035313
N40_rate0p4_rep005_seed6469007746724778790,40,0.4,5,CHP,4,4,,,initial_30s,1,0.0022890567779541016,617.0,15.425,9.0,0.225,0.9854132901134521
N40_rate0p4_rep005_seed6469007746724778790,40,0.4,5,CHP,4,4,,,initial_30s,2,0.005019187927246094,609.9999999998026,15.249999999995065,164.8357142857014,4.120892857142535,0.7297775175643364
N40_rate0p4_rep005_seed6469007746724778790,40,0.4,5,CHP,4,4,,,initial_30s,3,0.025826215744018555,605.9999999998454,15.149999999996135,243.21314276835324,6.080328569208831,0.5986581802501398
N40_rate0p4_rep005_seed6469007746724778790,40,0.4,5,CHP,4,4,,,initial_30s,4,0.025860071182250977,601.9999999998354,15.049999999995885,243.21314276835324,6.080328569208831,0.595991457195316
N40_rate0p4_rep005_seed6469007746724778790,40,0.4,5,CHP,4,4,,,initial_30s,5,0.027967214584350586,597.9999999999004,14.94999999999751,250.27289577062953,6.256822394265738,0.5814834518885097
N40_rate0p4_rep005_seed6469007746724778790,40,0.4,5,CHP,4,4,,,initial_30s,6,0.028017044067382812,595.9999999999161,14.899999999997902,250.27289577062953,6.256822394265738,0.5800790339418377
N40_rate0p4_rep005_seed6469007746724778790,40,0.4,5,CHP,4,4,,,initial_30s,7,0.02803516387939453,593.9999999999461,14.849999999998653,250.27289577062953,6.256822394265738,0.5786651586352656
N40_rate0p4_rep005_seed6469007746724778790,40,0.4,5,CHP,4,4,,,initial_30s,8,0.03084111213684082,581.9999999998113,14.549999999995283,275.36006976461834,6.884001744115459,0.5268727323630453
N40_rate0p4_rep005_seed6469007746724778790,40,0.4,5,CHP,4,4,,,initial_30s,9,0.046272993087768555,570.0,14.25,287.26675715800184,7.181668928950046,0.4960232330561371
N40_rate0p4_rep005_seed6469007746724778790,40,0.4,5,CHP,4,4,,,initial_30s,10,0.0463261604309082,552.0,13.8,287.26675715800184,7.181668928950046,0.47958920804709815
N40_rate0p4_rep005_seed6469007746724778790,40,0.4,5,CHP,4,4,,,initial_30s,11,0.05266904830932617,543.9999999998754,13.599999999996886,287.26675715800184,7.181668928950046,0.47193610816531684
N40_rate0p4_rep005_seed6469007746724778790,40,0.4,5,CHP,4,4,,,initial_30s,12,0.08648109436035156,544.0,13.6,543.9999999998754,13.599999999996886,2.2904554070384405e-13
N40_rate0p4_rep005_seed6469007746724778790,40,0.4,5,PP,4,4,4,4,initial_30s,0,0.0012650489807128906,1245.9999999999977,31.14999999999994,9.0,0.225,0.992776886035313
N40_rate0p4_rep005_seed6469007746724778790,40,0.4,5,PP,4,4,4,4,initial_30s,1,0.002646923065185547,789.9999999995998,19.749999999989996,9.0,0.225,0.9886075949367031
N40_rate0p4_rep005_seed6469007746724778790,40,0.4,5,PP,4,4,4,4,initial_30s,2,0.0031440258026123047,773.9999999997444,19.34999999999361,9.0,0.225,0.988372093023252
N40_rate0p4_rep005_seed6469007746724778790,40,0.4,5,PP,4,4,4,4,initial_30s,3,0.003345966339111328,769.9999999997435,19.249999999993587,9.0,0.225,0.9883116883116844
N40_rate0p4_rep005_seed6469007746724778790,40,0.4,5,PP,4,4,4,4,initial_30s,4,0.0058710575103759766,755.9999999997983,18.899999999994957,128.0724081587813,3.201810203969532,0.8305920526999796
N40_rate0p4_rep005_seed6469007746724778790,40,0.4,5,PP,4,4,4,4,initial_30s,5,0.006422996520996094,699.9999999999045,17.499999999997613,128.0724081587813,3.201810203969532,0.8170394169160018
N40_rate0p4_rep005_seed6469007746724778790,40,0.4,5,PP,4,4,4,4,initial_30s,6,0.011482000350952148,697.9999999997196,17.44999999999299,150.73634776861707,3.7684086942154265,0.7840453470362785
N40_rate0p4_rep005_seed6469007746724778790,40,0.4,5,PP,4,4,4,4,initial_30s,7,0.011671066284179688,693.9999999998499,17.34999999999625,151.45963733859583,3.7864909334648957,0.7817584476388637
N40_rate0p4_rep005_seed6469007746724778790,40,0.4,5,PP,4,4,4,4,initial_30s,8,0.01926898956298828,691.9999999997854,17.299999999994633,172.54938914344214,4.313734728586054,0.7506511717579543
N40_rate0p4_rep005_seed6469007746724778790,40,0.4,5,PP,4,4,4,4,initial_30s,9,0.019742965698242188,681.9999999996935,17.049999999992338,173.17830243640606,4.329457560910152,0.7460728703277363
N40_rate0p4_rep005_seed6469007746724778790,40,0.4,5,PP,4,4,4,4,initial_30s,10,0.02347707748413086,673.9999999999322,16.849999999998307,173.59909770357172,4.3399774425892925,0.7424345731400754
N40_rate0p4_rep005_seed6469007746724778790,40,0.4,5,PP,4,4,4,4,initial_30s,11,0.023496150970458984,671.9999999999357,16.79999999999839,173.59909770357172,4.3399774425892925,0.7416680093696603
N40_rate0p4_rep005_seed6469007746724778790,40,0.4,5,PP,4,4,4,4,initial_30s,12,0.02909994125366211,655.9999999999186,16.399999999997966,176.93938297659133,4.4234845744147835,0.7302753308283334
N40_rate0p4_rep005_seed6469007746724778790,40,0.4,5,PP,4,4,4,4,initial_30s,13,0.03253602981567383,635.9999999999252,15.89999999999813,184.99999999994776,4.624999999998694,0.7091194968553939
N40_rate0p4_rep005_seed6469007746724778790,40,0.4,5,PP,4,4,4,4,initial_30s,14,0.06022810935974121,621.9999999998108,15.54999999999527,216.0057004966011,5.4001425124150275,0.6527239541854232
N40_rate0p4_rep005_seed6469007746724778790,40,0.4,5,PP,4,4,4,4,initial_30s,15,0.06364798545837402,598.999999999909,14.974999999997726,226.8931877147869,5.672329692869672,0.6212133761021347
N40_rate0p4_rep005_seed6469007746724778790,40,0.4,5,PP,4,4,4,4,initial_30s,16,0.07823705673217773,597.0,14.925,231.08147143707586,5.777036785926897,0.6129288585643621
N40_rate0p4_rep005_seed6469007746724778790,40,0.4,5,PP,4,4,4,4,initial_30s,17,0.07833003997802734,587.0,14.675,231.08147143707586,5.777036785926897,0.606334801640416
N40_rate0p4_rep005_seed6469007746724778790,40,0.4,5,PP,4,4,4,4,initial_30s,18,0.09351706504821777,580.9999999999911,14.524999999999778,233.3601472496312,5.83400368124078,0.5983474229782534
N40_rate0p4_rep005_seed6469007746724778790,40,0.4,5,PP,4,4,4,4,initial_30s,19,0.09363412857055664,574.9999999999984,14.374999999999961,233.3601472496312,5.83400368124078,0.5941562656528142
N40_rate0p4_rep005_seed6469007746724778790,40,0.4,5,PP,4,4,4,4,initial_30s,20,0.09407305717468262,568.99999999997,14.22499999999925,237.86748620940784,5.946687155235196,0.5819552087707902
N40_rate0p4_rep005_seed6469007746724778790,40,0.4,5,PP,4,4,4,4,initial_30s,21,0.12340998649597168,562.9999999999743,14.074999999999358,278.5707111395809,6.964267778489523,0.505202999752054
N40_rate0p4_rep005_seed6469007746724778790,40,0.4,5,PP,4,4,4,4,initial_30s,22,0.9567041397094727,561.9999999999736,14.04999999999934,456.0000000000001,11.400000000000002,0.18861209964408984
N40_rate0p4_rep005_seed6469007746724778790,40,0.4,5,PP,4,4,4,4,initial_30s,23,0.9942829608917236,543.9999999999736,13.59999999999934,490.99999999999613,12.274999999999903,0.09742647058819864
N40_rate0p4_rep005_seed6469007746724778790,40,0.4,5,PP,4,4,4,4,initial_30s,24,1.0005371570587158,544.0,13.6,543.9999999999736,13.59999999999934,4.848409255774801e-14
N40_rate0p4_rep006_seed13251918584101521694,40,0.4,6,NP,,,1,1,initial_30s,0,0.006430864334106445,1092.9999999999977,27.324999999999942,11.0,0.275,0.989935956084172
N40_rate0p4_rep006_seed13251918584101521694,40,0.4,6,NP,,,1,1,initial_30s,1,0.02114701271057129,1034.0000000000045,25.850000000000115,11.0,0.275,0.9893617021276596
N40_rate0p4_rep006_seed13251918584101521694,40,0.4,6,NP,,,1,1,initial_30s,2,0.03800702095031738,1028.0000000000498,25.700000000001246,11.0,0.275,0.9892996108949421
N40_rate0p4_rep006_seed13251918584101521694,40,0.4,6,NP,,,1,1,initial_30s,3,0.03804802894592285,1008.0000000000362,25.200000000000905,11.0,0.275,0.989087301587302
N40_rate0p4_rep006_seed13251918584101521694,40,0.4,6,NP,,,1,1,initial_30s,4,0.1115419864654541,990.0,24.75,93.61444240015487,2.340361060003872,0.9054399571715608
N40_rate0p4_rep006_seed13251918584101521694,40,0.4,6,NP,,,1,1,initial_30s,5,0.22733783721923828,869.9999999995835,21.749999999989587,100.3069163219011,2.5076729080475273,0.8847046938828171
N40_rate0p4_rep006_seed13251918584101521694,40,0.4,6,NP,,,1,1,initial_30s,6,0.3560760021209717,822.9999999998367,20.574999999995917,102.30511850009968,2.557627962502492,0.8756924441067802
N40_rate0p4_rep006_seed13251918584101521694,40,0.4,6,NP,,,1,1,initial_30s,7,0.3563070297241211,789.9999999995048,19.74999999998762,102.31182134201048,2.557795533550262,0.870491365389779
N40_rate0p4_rep006_seed13251918584101521694,40,0.4,6,NP,,,1,1,initial_30s,8,0.3833940029144287,756.9999999995669,18.924999999989172,103.56805478089848,2.589201369522462,0.8631861891929224
N40_rate0p4_rep006_seed13251918584101521694,40,0.4,6,NP,,,1,1,initial_30s,9,0.3836219310760498,742.9999999998063,18.574999999995157,103.66900132484434,2.591725033121109,0.8604724073689484
N40_rate0p4_rep006_seed13251918584101521694,40,0.4,6,NP,,,1,1,initial_30s,10,0.4811878204345703,739.9999999997835,18.49999999999459,106.11612234942385,2.652903058735596,0.8565998346628987
N40_rate0p4_rep006_seed13251918584101521694,40,0.4,6,NP,,,1,1,initial_30s,11,0.4813089370727539,730.9999999998986,18.274999999997465,106.11612234942385,2.652903058735596,0.8548343059515203
N40_rate0p4_rep006_seed13251918584101521694,40,0.4,6,NP,,,1,1,initial_30s,12,0.48145198822021484,680.9999999998333,17.024999999995835,106.11612234942385,2.652903058735596,0.844176031792291
N40_rate0p4_rep006_seed13251918584101521694,40,0.4,6,NP,,,1,1,initial_30s,13,0.48164796829223633,662.9999999998417,16.574999999996045,106.11612234942385,2.652903058735596,0.839945516818327
N40_rate0p4_rep006_seed13251918584101521694,40,0.4,6,NP,,,1,1,initial_30s,14,0.5779860019683838,639.0,15.975,106.11612234942385,2.652903058735596,0.8339340808303225
N40_rate0p4_rep006_seed13251918584101521694,40,0.4,6,NP,,,1,1,initial_30s,15,0.9268229007720947,627.9999999999923,15.699999999999807,106.94863099913806,2.6737157749784517,0.8296996321669756
N40_rate0p4_rep006_seed13251918584101521694,40,0.4,6,NP,,,1,1,initial_30s,16,0.9270339012145996,607.9999999999886,15.199999999999715,106.94863099913806,2.6737157749784517,0.8240976463829933
N40_rate0p4_rep006_seed13251918584101521694,40,0.4,6,NP,,,1,1,initial_30s,17,3.7274389266967773,593.999999999978,14.849999999999449,120.76652885497496,3.019163221374374,0.7966893453619874
N40_rate0p4_rep006_seed13251918584101521694,40,0.4,6,NP,,,1,1,initial_30s,18,4.501562833786011,589.9999999999857,14.749999999999641,126.02055078000673,3.150513769500168,0.7864058461355766
N40_rate0p4_rep006_seed13251918584101521694,40,0.4,6,NP,,,1,1,initial_30s,19,5.06986403465271,583.9999999999709,14.599999999999273,130.2990221603689,3.257475554009223,0.7768852360267544
N40_rate0p4_rep006_seed13251918584101521694,40,0.4,6,NP,,,1,1,initial_30s,20,17.30779004096985,565.9999999999932,14.14999999999983,145.38883963274566,3.6347209908186415,0.7431292585993862
N40_rate0p4_rep006_seed13251918584101521694,40,0.4,6,NP,,,1,1,initial_30s,21,17.761040925979614,557.9999999999768,13.94999999999942,146.196997028962,3.6549249257240497,0.7379982132097347
N40_rate0p4_rep006_seed13251918584101521694,40,0.4,6,NP,,,1,1,initial_30s,22,30.002339839935303,558.0,13.95,159.51074524363162,3.9877686310907903,0.7141384493841727
N40_rate0p4_rep006_seed13251918584101521694,40,0.4,6,CHP,4,4,,,initial_30s,0,0.0009870529174804688,1092.999999999998,27.32499999999995,11.0,0.275,0.989935956084172
N40_rate0p4_rep006_seed13251918584101521694,40,0.4,6,CHP,4,4,,,initial_30s,1,0.002000093460083008,895.9999999996644,22.39999999999161,11.0,0.275,0.9877232142857096
N40_rate0p4_rep006_seed13251918584101521694,40,0.4,6,CHP,4,4,,,initial_30s,2,0.0021140575408935547,881.9999999996885,22.049999999992213,11.0,0.275,0.9875283446711974
N40_rate0p4_rep006_seed13251918584101521694,40,0.4,6,CHP,4,4,,,initial_30s,3,0.002234220504760742,671.9999999996871,16.799999999992178,11.0,0.275,0.9836309523809448
N40_rate0p4_rep006_seed13251918584101521694,40,0.4,6,CHP,4,4,,,initial_30s,4,0.004104137420654297,653.9999999998299,16.34999999999575,159.7483571670183,3.9937089291754573,0.7557364569311011
N40_rate0p4_rep006_seed13251918584101521694,40,0.4,6,CHP,4,4,,,initial_30s,5,0.004366159439086914,552.0,13.8,159.7483571670183,3.9937089291754573,0.7106008022336625
N40_rate0p4_rep006_seed13251918584101521694,40,0.4,6,CHP,4,4,,,initial_30s,6,0.032943010330200195,539.9999999999695,13.499999999999238,290.9999999999619,7.274999999999048,0.4611111111111512
N40_rate0p4_rep006_seed13251918584101521694,40,0.4,6,CHP,4,4,,,initial_30s,7,0.03397417068481445,527.99999999996,13.199999999999,295.4525113457116,7.386312783642791,0.4404308497239886
N40_rate0p4_rep006_seed13251918584101521694,40,0.4,6,CHP,4,4,,,initial_30s,8,0.03519701957702637,511.9999999999411,12.799999999998528,320.9836500249148,8.024591250622871,0.3730788085450161
N40_rate0p4_rep006_seed13251918584101521694,40,0.4,6,CHP,4,4,,,initial_30s,9,0.04527115821838379,512.0,12.8,511.9999999999411,12.799999999998528,1.1501910535116622e-13
N40_rate0p4_rep006_seed13251918584101521694,40,0.4,6,PP,4,4,4,4,initial_30s,0,0.0014421939849853516,1092.9999999999977,27.324999999999942,11.0,0.275,0.989935956084172
N40_rate0p4_rep006_seed13251918584101521694,40,0.4,6,PP,4,4,4,4,initial_30s,1,0.0029380321502685547,747.9999999993559,18.699999999983895,11.0,0.275,0.9852941176470461
N40_rate0p4_rep006_seed13251918584101521694,40,0.4,6,PP,4,4,4,4,initial_30s,2,0.004830121994018555,620.0,15.5,22.999999999997044,0.5749999999999261,0.9629032258064564
N40_rate0p4_rep006_seed13251918584101521694,40,0.4,6,PP,4,4,4,4,initial_30s,3,0.0048580169677734375,617.9999999999773,15.44999999999943,22.999999999997044,0.5749999999999261,0.962783171521039
N40_rate0p4_rep006_seed13251918584101521694,40,0.4,6,PP,4,4,4,4,initial_30s,4,0.004868984222412109,609.9999999999759,15.249999999999398,22.999999999997044,0.5749999999999261,0.9622950819672165
N40_rate0p4_rep006_seed13251918584101521694,40,0.4,6,PP,4,4,4,4,initial_30s,5,0.025539159774780273,603.999999999965,15.099999999999124,164.68250111719146,4.117062527929787,0.7273468524549652
N40_rate0p4_rep006_seed13251918584101521694,40,0.4,6,PP,4,4,4,4,initial_30s,6,0.04076719284057617,599.9999999999509,14.999999999998773,172.50843842858762,4.312710960714691,0.7124859359523305
N40_rate0p4_rep006_seed13251918584101521694,40,0.4,6,PP,4,4,4,4,initial_30s,7,0.059615135192871094,583.9999999999682,14.599999999999204,177.48895670354986,4.437223917588747,0.6960805535897953
N40_rate0p4_rep006_seed13251918584101521694,40,0.4,6,PP,4,4,4,4,initial_30s,8,0.05973505973815918,579.9999999999882,14.499999999999705,187.03806966517962,4.675951741629491,0.6775205695427873
N40_rate0p4_rep006_seed13251918584101521694,40,0.4,6,PP,4,4,4,4,initial_30s,9,0.07555198669433594,578.0,14.45,191.55668742166162,4.788917185541541,0.6685870459832843
N40_rate0p4_rep006_seed13251918584101521694,40,0.4,6,PP,4,4,4,4,initial_30s,10,0.09386420249938965,575.9999999999623,14.399999999999057,238.3290055248325,5.958225138120812,0.5862343654082498
N40_rate0p4_rep006_seed13251918584101521694,40,0.4,6,PP,4,4,4,4,initial_30s,11,0.09401798248291016,567.9999999999698,14.199999999999244,238.3290055248325,5.958225138120812,0.580406680414005
N40_rate0p4_rep006_seed13251918584101521694,40,0.4,6,PP,4,4,4,4,initial_30s,12,0.09403300285339355,563.9999999999698,14.099999999999245,238.3290055248325,5.958225138120812,0.5774308412680048
N40_rate0p4_rep006_seed13251918584101521694,40,0.4,6,PP,4,4,4,4,initial_30s,13,0.11272311210632324,559.9999999999563,13.99999999999891,255.2124612774778,6.380311531936945,0.5442634620044684
N40_rate0p4_rep006_seed13251918584101521694,40,0.4,6,PP,4,4,4,4,initial_30s,14,0.12369108200073242,557.9999999999948,13.94999999999987,268.0025984923659,6.700064962309147,0.5197086048523863
N40_rate0p4_rep006_seed13251918584101521694,40,0.4,6,PP,4,4,4,4,initial_30s,15,0.1294231414794922,555.9999999999227,13.899999999998068,274.7910497128277,6.869776242820693,0.5057714933221836
N40_rate0p4_rep006_seed13251918584101521694,40,0.4,6,PP,4,4,4,4,initial_30s,16,0.12979507446289062,553.9999999998499,13.849999999996248,274.7910497128277,6.869776242820693,0.5039872748864582
N40_rate0p4_rep006_seed13251918584101521694,40,0.4,6,PP,4,4,4,4,initial_30s,17,0.1531360149383545,534.0,13.35,290.44281820956166,7.261070455239041,0.45609959136786205
N40_rate0p4_rep006_seed13251918584101521694,40,0.4,6,PP,4,4,4,4,initial_30s,18,0.18474197387695312,531.9999999999948,13.29999999999987,307.66744730678494,7.691686182669623,0.4216777306263384
N40_rate0p4_rep006_seed13251918584101521694,40,0.4,6,PP,4,4,4,4,initial_30s,19,0.18478012084960938,529.9999999999948,13.249999999999869,307.66744730678494,7.691686182669623,0.4194953824400227
N40_rate0p4_rep006_seed13251918584101521694,40,0.4,6,PP,4,4,4,4,initial_30s,20,0.2080550193786621,526.0,13.15,323.44349494244824,8.086087373561206,0.3850884126569425
N40_rate0p4_rep006_seed13251918584101521694,40,0.4,6,PP,4,4,4,4,initial_30s,21,0.21775102615356445,513.9999999999948,12.84999999999987,326.8601662887057,8.171504157217644,0.36408527959395126
N40_rate0p4_rep006_seed13251918584101521694,40,0.4,6,PP,4,4,4,4,initial_30s,22,0.21782302856445312,511.99999999999477,12.79999999999987,326.8601662887057,8.171504157217644,0.36160123771736513
N40_rate0p4_rep006_seed13251918584101521694,40,0.4,6,PP,4,4,4,4,initial_30s,23,0.9305610656738281,512.0,12.8,511.99999999999477,12.79999999999987,1.021405182655144e-14
N40_rate0p4_rep007_seed11512491608414437361,40,0.4,7,NP,,,1,1,initial_30s,0,0.006247997283935547,781.9999999999982,19.549999999999955,8.0,0.2,0.9897698209718669
N40_rate0p4_rep007_seed11512491608414437361,40,0.4,7,NP,,,1,1,initial_30s,1,0.017452001571655273,765.9999999999986,19.149999999999967,8.0,0.2,0.9895561357702349
N40_rate0p4_rep007_seed11512491608414437361,40,0.4,7,NP,,,1,1,initial_30s,2,0.017626047134399414,763.9999999999986,19.099999999999966,8.0,0.2,0.9895287958115183
N40_rate0p4_rep007_seed11512491608414437361,40,0.4,7,NP,,,1,1,initial_30s,3,0.05166912078857422,756.9999999998083,18.924999999995208,78.46814039539977,1.9617035098849942,0.8963432755674773
N40_rate0p4_rep007_seed11512491608414437361,40,0.4,7,NP,,,1,1,initial_30s,4,0.14974212646484375,713.9999999999727,17.84999999999932,96.09651360617056,2.402412840154264,0.8654110453695039
N40_rate0p4_rep007_seed11512491608414437361,40,0.4,7,NP,,,1,1,initial_30s,5,0.14989304542541504,710.9999999999723,17.774999999999306,96.09651360617056,2.402412840154264,0.8648431594849869
N40_rate0p4_rep007_seed11512491608414437361,40,0.4,7,NP,,,1,1,initial_30s,6,0.14993906021118164,705.999999999972,17.649999999999302,96.09651360617056,2.402412840154264,0.8638859580649089
N40_rate0p4_rep007_seed11512491608414437361,40,0.4,7,NP,,,1,1,initial_30s,7,0.14997506141662598,700.9999999999718,17.524999999999295,96.09651360617056,2.402412840154264,0.8629151018456855
N40_rate0p4_rep007_seed11512491608414437361,40,0.4,7,NP,,,1,1,initial_30s,8,0.15824198722839355,698.9999999999718,17.474999999999294,96.95180280496663,2.4237950701241657,0.8612992806795844
N40_rate0p4_rep007_seed11512491608414437361,40,0.4,7,NP,,,1,1,initial_30s,9,0.35565805435180664,688.9999999998427,17.224999999996065,103.73737853112527,2.5934344632781317,0.849437767008492
N40_rate0p4_rep007_seed11512491608414437361,40,0.4,7,NP,,,1,1,initial_30s,10,0.5289809703826904,669.9999999998779,16.749999999996948,106.61545938131704,2.665386484532926,0.8408724486845724
N40_rate0p4_rep007_seed11512491608414437361,40,0.4,7,NP,,,1,1,initial_30s,11,0.5762820243835449,645.9999999998968,16.14999999999742,115.66786415993894,2.8916966039984735,0.8209475786997562
N40_rate0p4_rep007_seed11512491608414437361,40,0.4,7,NP,,,1,1,initial_30s,12,0.5764899253845215,641.9999999998752,16.049999999996878,115.66786415993894,2.8916966039984735,0.8198319872897797
N40_rate0p4_rep007_seed11512491608414437361,40,0.4,7,NP,,,1,1,initial_30s,13,0.6636040210723877,618.0,15.45,115.66786415993894,2.8916966039984735,0.8128351712622347
N40_rate0p4_rep007_seed11512491608414437361,40,0.4,7,NP,,,1,1,initial_30s,14,0.8498330116271973,585.0,14.625,115.69547762936955,2.8923869407342386,0.8022299527703085
N40_rate0p4_rep007_seed11512491608414437361,40,0.4,7,NP,,,1,1,initial_30s,15,0.9720189571380615,573.0,14.325,122.43992960056534,3.0609982400141336,0.7863177493881931
N40_rate0p4_rep007_seed11512491608414437361,40,0.4,7,NP,,,1,1,initial_30s,16,1.623223066329956,568.9999999999807,14.224999999999516,122.43992960056534,3.0609982400141336,0.7848155894541836
N40_rate0p4_rep007_seed11512491608414437361,40,0.4,7,NP,,,1,1,initial_30s,17,2.169930934906006,565.0,14.125,122.43992960056534,3.0609982400141336,0.7832921599989994
N40_rate0p4_rep007_seed11512491608414437361,40,0.4,7,NP,,,1,1,initial_30s,18,2.685410976409912,556.999999999977,13.924999999999425,126.71295313295336,3.167823828323834,0.7725081631365196
N40_rate0p4_rep007_seed11512491608414437361,40,0.4,7,NP,,,1,1,initial_30s,19,2.770164966583252,553.0,13.825,126.71295313295336,3.167823828323834,0.7708626525624713
N40_rate0p4_rep007_seed11512491608414437361,40,0.4,7,NP,,,1,1,initial_30s,20,11.2934410572052,548.999999999998,13.724999999999948,147.86489080966476,3.696622270241619,0.7306650440625404
N40_rate0p4_rep007_seed11512491608414437361,40,0.4,7,NP,,,1,1,initial_30s,21,12.381899118423462,544.9999999999966,13.624999999999915,154.07970418416224,3.851992604604056,0.7172849464510768
N40_rate0p4_rep007_seed11512491608414437361,40,0.4,7,NP,,,1,1,initial_30s,22,12.382090091705322,538.9999999999927,13.474999999999818,154.16944828013368,3.854236207003342,0.7139713389978929
N40_rate0p4_rep007_seed11512491608414437361,40,0.4,7,NP,,,1,1,initial_30s,23,12.382750988006592,537.0,13.425,154.16944828013368,3.854236207003342,0.7129060553442575
N40_rate0p4_rep007_seed11512491608414437361,40,0.4,7,NP,,,1,1,initial_30s,24,29.49154496192932,532.9999999999945,13.324999999999864,171.607061395782,4.290176534894551,0.678035532090462
N40_rate0p4_rep007_seed11512491608414437361,40,0.4,7,NP,,,1,1,initial_30s,25,30.004209995269775,533.0,13.325,171.607061395782,4.290176534894551,0.6780355320904653
N40_rate0p4_rep007_seed11512491608414437361,40,0.4,7,CHP,4,4,,,initial_30s,0,0.0010819435119628906,781.9999999999977,19.549999999999944,8.0,0.2,0.9897698209718669
N40_rate0p4_rep007_seed11512491608414437361,40,0.4,7,CHP,4,4,,,initial_30s,1,0.0012569427490234375,716.9999999998956,17.92499999999739,8.0,0.2,0.9888423988842383
N40_rate0p4_rep007_seed11512491608414437361,40,0.4,7,CHP,4,4,,,initial_30s,2,0.0022640228271484375,700.999999999799,17.524999999994975,8.0,0.2,0.9885877318116943
N40_rate0p4_rep007_seed11512491608414437361,40,0.4,7,CHP,4,4,,,initial_30s,3,0.004994869232177734,696.9999999997788,17.42499999999447,195.39467284770737,4.884866821192684,0.7196633101179779
N40_rate0p4_rep007_seed11512491608414437361,40,0.4,7,CHP,4,4,,,initial_30s,4,0.00522303581237793,692.9999999997071,17.324999999992677,195.39467284770737,4.884866821192684,0.7180452051258442
N40_rate0p4_rep007_seed11512491608414437361,40,0.4,7,CHP,4,4,,,initial_30s,5,0.005619049072265625,666.9999999998117,16.674999999995293,195.39467284770737,4.884866821192684,0.7070544634966078
N40_rate0p4_rep007_seed11512491608414437361,40,0.4,7,CHP,4,4,,,initial_30s,6,0.00585484504699707,607.0000000000005,15.175000000000011,195.39467284770737,4.884866821192684,0.6780977383069073
N40_rate0p4_rep007_seed11512491608414437361,40,0.4,7,CHP,4,4,,,initial_30s,7,0.015353918075561523,602.999999999965,15.074999999999125,242.99999999998238,6.07499999999956,0.5970149253731402
N40_rate0p4_rep007_seed11512491608414437361,40,0.4,7,CHP,4,4,,,initial_30s,8,0.017802953720092773,600.9999999999684,15.02499999999921,252.99999999998988,6.324999999999747,0.5790349417637218
N40_rate0p4_rep007_seed11512491608414437361,40,0.4,7,CHP,4,4,,,initial_30s,9,0.031890869140625,597.999999999899,14.949999999997477,276.8303018780181,6.920757546950452,0.5370730737825004
N40_rate0p4_rep007_seed11512491608414437361,40,0.4,7,CHP,4,4,,,initial_30s,10,0.03448295593261719,558.0000000000421,13.950000000001051,285.5581252386374,7.138953130965935,0.4882470873859931
N40_rate0p4_rep007_seed11512491608414437361,40,0.4,7,CHP,4,4,,,initial_30s,11,0.04416084289550781,549.9999999999945,13.749999999999863,332.4239029581911,8.310597573954777,0.3955929037123738
N40_rate0p4_rep007_seed11512491608414437361,40,0.4,7,CHP,4,4,,,initial_30s,12,0.08811783790588379,550.0,13.75,549.9999999999945,13.749999999999863,9.9217603829774e-15
N40_rate0p4_rep007_seed11512491608414437361,40,0.4,7,PP,4,4,4,4,initial_30s,0,0.0013990402221679688,781.9999999999982,19.549999999999955,8.0,0.2,0.9897698209718669
N40_rate0p4_rep007_seed11512491608414437361,40,0.4,7,PP,4,4,4,4,initial_30s,1,0.0017061233520507812,778.9999999997931,19.47499999999483,8.0,0.2,0.989730423620023
N40_rate0p4_rep007_seed11512491608414437361,40,0.4,7,PP,4,4,4,4,initial_30s,2,0.003637075424194336,730.9999999995757,18.274999999989394,8.0,0.2,0.9890560875512933
N40_rate0p4_rep007_seed11512491608414437361,40,0.4,7,PP,4,4,4,4,initial_30s,3,0.004125118255615234,722.9999999997303,18.07499999999326,8.0,0.2,0.9889349930843665
N40_rate0p4_rep007_seed11512491608414437361,40,0.4,7,PP,4,4,4,4,initial_30s,4,0.00693202018737793,720.9999999997394,18.024999999993486,113.84189693685443,2.8460474234213606,0.8421055520986191
N40_rate0p4_rep007_seed11512491608414437361,40,0.4,7,PP,4,4,4,4,initial_30s,5,0.01752614974975586,708.9999999996976,17.72499999999244,156.3093130283204,3.9077328257080097,0.7795355246426134
N40_rate0p4_rep007_seed11512491608414437361,40,0.4,7,PP,4,4,4,4,initial_30s,6,0.025905132293701172,698.9999999998515,17.47499999999629,170.02607933015622,4.250651983253905,0.7567581125462198
N40_rate0p4_rep007_seed11512491608414437361,40,0.4,7,PP,4,4,4,4,initial_30s,7,0.025922060012817383,684.9999999998852,17.12499999999713,170.02607933015622,4.250651983253905,0.75178674550338
N40_rate0p4_rep007_seed11512491608414437361,40,0.4,7,PP,4,4,4,4,initial_30s,8,0.02754807472229004,682.9999999999354,17.074999999998386,170.10459301291692,4.252614825322923,0.7509449589854569
N40_rate0p4_rep007_seed11512491608414437361,40,0.4,7,PP,4,4,4,4,initial_30s,9,0.03070211410522461,678.9999999997679,16.974999999994196,171.9171297110894,4.2979282427772345,0.7468083509408716
N40_rate0p4_rep007_seed11512491608414437361,40,0.4,7,PP,4,4,4,4,initial_30s,10,0.03389906883239746,674.9999999998215,16.874999999995538,172.43958411827123,4.310989602956781,0.7445339494543455
N40_rate0p4_rep007_seed11512491608414437361,40,0.4,7,PP,4,4,4,4,initial_30s,11,0.03391599655151367,670.9999999998163,16.77499999999541,172.43958411827123,4.310989602956781,0.7430110519846223
N40_rate0p4_rep007_seed11512491608414437361,40,0.4,7,PP,4,4,4,4,initial_30s,12,0.03392601013183594,660.9999999999718,16.524999999999295,172.43958411827123,4.310989602956781,0.7391231707741625
N40_rate0p4_rep007_seed11512491608414437361,40,0.4,7,PP,4,4,4,4,initial_30s,13,0.03499913215637207,658.9999999999729,16.474999999999323,172.47141408060287,4.311785352015072,0.7382831349307891
N40_rate0p4_rep007_seed11512491608414437361,40,0.4,7,PP,4,4,4,4,initial_30s,14,0.05950617790222168,657.9999999999693,16.449999999999232,194.82226251393018,4.870556562848255,0.7039175341733446
N40_rate0p4_rep007_seed11512491608414437361,40,0.4,7,PP,4,4,4,4,initial_30s,15,0.07636213302612305,628.0,15.7,194.96703886098248,4.874175971524562,0.6895429317500279
N40_rate0p4_rep007_seed11512491608414437361,40,0.4,7,PP,4,4,4,4,initial_30s,16,0.08000516891479492,619.9999999999891,15.499999999999726,194.96703886098248,4.874175971524562,0.685537034095184
N40_rate0p4_rep007_seed11512491608414437361,40,0.4,7,PP,4,4,4,4,initial_30s,17,0.08159112930297852,613.9999999999714,15.349999999999284,194.96703886098248,4.874175971524562,0.6824641060895903
N40_rate0p4_rep007_seed11512491608414437361,40,0.4,7,PP,4,4,4,4,initial_30s,18,0.0817720890045166,565.9999999998881,14.149999999997203,194.96703886098248,4.874175971524562,0.6555352670299982
N40_rate0p4_rep007_seed11512491608414437361,40,0.4,7,PP,4,4,4,4,initial_30s,19,0.12866806983947754,562.9999999999986,14.074999999999966,258.66760893237256,6.466690223309314,0.5405548686813976
N40_rate0p4_rep007_seed11512491608414437361,40,0.4,7,PP,4,4,4,4,initial_30s,20,0.7820291519165039,558.9999999999795,13.974999999999488,335.4048038654351,8.385120096635877,0.3999914063229922
N40_rate0p4_rep007_seed11512491608414437361,40,0.4,7,PP,4,4,4,4,initial_30s,21,1.0249769687652588,555.9999999999673,13.899999999999181,369.0,9.225,0.3363309352517595
N40_rate0p4_rep007_seed11512491608414437361,40,0.4,7,PP,4,4,4,4,initial_30s,22,1.0601179599761963,549.9999999999823,13.749999999999556,373.99999999999045,9.349999999999762,0.31999999999999545
N40_rate0p4_rep007_seed11512491608414437361,40,0.4,7,PP,4,4,4,4,initial_30s,23,1.8762390613555908,541.9999999999982,13.549999999999955,440.3999999999962,11.009999999999906,0.18745387453874962
N40_rate0p4_rep007_seed11512491608414437361,40,0.4,7,PP,4,4,4,4,initial_30s,24,2.1290459632873535,542.0,13.55,541.9999999999982,13.549999999999955,3.3560690102322074e-15
N40_rate0p4_rep008_seed12809464431746485944,40,0.4,8,NP,,,1,1,initial_30s,0,0.006384134292602539,1064.999999999998,26.62499999999995,9.0,0.225,0.9915492957746479
N40_rate0p4_rep008_seed12809464431746485944,40,0.4,8,NP,,,1,1,initial_30s,1,0.0183560848236084,981.9999999999554,24.549999999998885,9.0,0.225,0.9908350305498977
N40_rate0p4_rep008_seed12809464431746485944,40,0.4,8,NP,,,1,1,initial_30s,2,0.07935094833374023,965.9999999999873,24.149999999999682,76.98340265392324,1.9245850663480808,0.9203070365901406
N40_rate0p4_rep008_seed12809464431746485944,40,0.4,8,NP,,,1,1,initial_30s,3,0.12072205543518066,921.6923076922512,23.04230769230628,86.62569692967145,2.165642423241786,0.9060145167680022
N40_rate0p4_rep008_seed12809464431746485944,40,0.4,8,NP,,,1,1,initial_30s,4,0.12080001831054688,920.9999999999436,23.02499999999859,86.62569692967145,2.165642423241786,0.9059438686974194
N40_rate0p4_rep008_seed12809464431746485944,40,0.4,8,NP,,,1,1,initial_30s,5,0.1431140899658203,830.9999999998997,20.774999999997494,87.63904966368625,2.190976241592156,0.8945378463734094
N40_rate0p4_rep008_seed12809464431746485944,40,0.4,8,NP,,,1,1,initial_30s,6,0.14322805404663086,829.9999999999079,20.749999999997698,87.63904966368625,2.190976241592156,0.8944107835377157
N40_rate0p4_rep008_seed12809464431746485944,40,0.4,8,NP,,,1,1,initial_30s,7,0.14326000213623047,826.9999999999256,20.674999999998143,87.63904966368625,2.190976241592156,0.8940277513135501
N40_rate0p4_rep008_seed12809464431746485944,40,0.4,8,NP,,,1,1,initial_30s,8,0.15934109687805176,811.9999999998931,20.29999999999733,90.16547221552764,2.254136805388191,0.8889587780596804
N40_rate0p4_rep008_seed12809464431746485944,40,0.4,8,NP,,,1,1,initial_30s,9,0.15947198867797852,794.9999999998972,19.87499999999743,90.16547221552764,2.254136805388191,0.8865843116785669
N40_rate0p4_rep008_seed12809464431746485944,40,0.4,8,NP,,,1,1,initial_30s,10,0.17087292671203613,687.9999999998906,17.199999999997267,90.58257149973167,2.264564287493292,0.8683392856108342
N40_rate0p4_rep008_seed12809464431746485944,40,0.4,8,NP,,,1,1,initial_30s,11,0.1780691146850586,629.9999999998906,15.749999999997266,90.58257149973167,2.264564287493292,0.8562181404765914
N40_rate0p4_rep008_seed12809464431746485944,40,0.4,8,NP,,,1,1,initial_30s,12,0.1782240867614746,625.9999999999372,15.649999999998432,90.58257149973167,2.264564287493292,0.8552994065499349
N40_rate0p4_rep008_seed12809464431746485944,40,0.4,8,NP,,,1,1,initial_30s,13,0.4375030994415283,623.9999999999482,15.599999999998705,102.07917098795001,2.55197927469875,0.8364115849551949
N40_rate0p4_rep008_seed12809464431746485944,40,0.4,8,NP,,,1,1,initial_30s,14,0.4376540184020996,609.9999999999243,15.249999999998106,102.07917098795001,2.55197927469875,0.8326570967410448
N40_rate0p4_rep008_seed12809464431746485944,40,0.4,8,NP,,,1,1,initial_30s,15,0.5619189739227295,601.9999999999418,15.049999999998544,102.86974015572578,2.5717435038931447,0.8291200329638941
N40_rate0p4_rep008_seed12809464431746485944,40,0.4,8,NP,,,1,1,initial_30s,16,0.5621070861816406,581.9999999999773,14.549999999999432,102.86974015572578,2.5717435038931447,0.8232478691482306
N40_rate0p4_rep008_seed12809464431746485944,40,0.4,8,NP,,,1,1,initial_30s,17,1.0127551555633545,577.999999999995,14.449999999999875,104.00794116037368,2.600198529009342,0.8200554651204592
N40_rate0p4_rep008_seed12809464431746485944,40,0.4,8,NP,,,1,1,initial_30s,18,1.0128209590911865,560.0000000000057,14.000000000000142,104.00794116037368,2.600198529009342,0.8142715336421917
N40_rate0p4_rep008_seed12809464431746485944,40,0.4,8,NP,,,1,1,initial_30s,19,1.080575942993164,531.9999999999609,13.299999999999022,104.00794116037368,2.600198529009342,0.8044963512022908
N40_rate0p4_rep008_seed12809464431746485944,40,0.4,8,NP,,,1,1,initial_30s,20,1.9118421077728271,525.9999999999727,13.149999999999318,111.86141646753477,2.796535411688369,0.7873357101377556
N40_rate0p4_rep008_seed12809464431746485944,40,0.4,8,NP,,,1,1,initial_30s,21,1.9119999408721924,521.9999999999236,13.04999999999809,111.86141646753477,2.796535411688369,0.7857060987211665
N40_rate0p4_rep008_seed12809464431746485944,40,0.4,8,NP,,,1,1,initial_30s,22,1.977060079574585,498.0,12.45,111.86141646753477,2.796535411688369,0.7753786817920989
N40_rate0p4_rep008_seed12809464431746485944,40,0.4,8,NP,,,1,1,initial_30s,23,2.036752939224243,492.0,12.3,111.86141646753477,2.796535411688369,0.7726393974237099
N40_rate0p4_rep008_seed12809464431746485944,40,0.4,8,NP,,,1,1,initial_30s,24,2.096156120300293,488.0,12.2,112.62557514049405,2.8156393785123512,0.7692098870071843
N40_rate0p4_rep008_seed12809464431746485944,40,0.4,8,NP,,,1,1,initial_30s,25,2.1588900089263916,484.0,12.1,112.62557514049405,2.8156393785123512,0.7673025307014586
N40_rate0p4_rep008_seed12809464431746485944,40,0.4,8,NP,,,1,1,initial_30s,26,13.123584032058716,480.00000000000045,12.00000000000001,146.00210229773177,3.6500525574432943,0.6958289535463924
N40_rate0p4_rep008_seed12809464431746485944,40,0.4,8,NP,,,1,1,initial_30s,27,13.286803007125854,464.0,11.6,146.9353869644507,3.6733846741112672,0.6833289074042012
N40_rate0p4_rep008_seed12809464431746485944,40,0.4,8,NP,,,1,1,initial_30s,28,30.00196099281311,464.0,11.6,155.3046291018021,3.8826157275450526,0.6652917476254265
N40_rate0p4_rep008_seed12809464431746485944,40,0.4,8,CHP,4,4,,,initial_30s,0,0.0011508464813232422,1064.999999999998,26.62499999999995,9.0,0.225,0.9915492957746479
N40_rate0p4_rep008_seed12809464431746485944,40,0.4,8,CHP,4,4,,,initial_30s,1,0.0014088153839111328,1047.9999999998627,26.199999999996567,9.0,0.225,0.9914122137404568
N40_rate0p4_rep008_seed12809464431746485944,40,0.4,8,CHP,4,4,,,initial_30s,2,0.0023849010467529297,769.999999999895,19.249999999997375,9.0,0.225,0.9883116883116867
N40_rate0p4_rep008_seed12809464431746485944,40,0.4,8,CHP,4,4,,,initial_30s,3,0.0025959014892578125,755.9999999998349,18.899999999995874,9.0,0.225,0.9880952380952355
N40_rate0p4_rep008_seed12809464431746485944,40,0.4,8,CHP,4,4,,,initial_30s,4,0.0030579566955566406,745.9999999999375,18.649999999998435,9.0,0.225,0.9879356568364601
N40_rate0p4_rep008_seed12809464431746485944,40,0.4,8,CHP,4,4,,,initial_30s,5,0.003126859664916992,744.9999999999375,18.624999999998437,9.0,0.225,0.9879194630872473
N40_rate0p4_rep008_seed12809464431746485944,40,0.4,8,CHP,4,4,,,initial_30s,6,0.004230976104736328,741.9999999997701,18.549999999994252,149.7842563837071,3.744606409592677,0.7981344253588228
N40_rate0p4_rep008_seed12809464431746485944,40,0.4,8,CHP,4,4,,,initial_30s,7,0.004706859588623047,621.9999999996892,15.54999999999223,165.41342305037006,4.135335576259251,0.7340620208192079
N40_rate0p4_rep008_seed12809464431746485944,40,0.4,8,CHP,4,4,,,initial_30s,8,0.004938840866088867,577.9999999999918,14.449999999999795,165.41342305037006,4.135335576259251,0.7138176071792866
N40_rate0p4_rep008_seed12809464431746485944,40,0.4,8,CHP,4,4,,,initial_30s,9,0.005378007888793945,533.9999999999254,13.349999999998136,165.41342305037006,4.135335576259251,0.6902370354861551
N40_rate0p4_rep008_seed12809464431746485944,40,0.4,8,CHP,4,4,,,initial_30s,10,0.01743292808532715,527.9999999998763,13.199999999996908,229.99999999996908,5.749999999999227,0.5643939393938959
N40_rate0p4_rep008_seed12809464431746485944,40,0.4,8,CHP,4,4,,,initial_30s,11,0.030435800552368164,507.9999999999759,12.699999999999397,263.9999999999777,6.599999999999443,0.48031496062994045
N40_rate0p4_rep008_seed12809464431746485944,40,0.4,8,CHP,4,4,,,initial_30s,12,0.03643393516540527,500.9999999998895,12.524999999997238,263.9999999999777,6.599999999999443,0.4730538922154971
N40_rate0p4_rep008_seed12809464431746485944,40,0.4,8,CHP,4,4,,,initial_30s,13,0.03878498077392578,496.99999999991905,12.424999999997976,274.72784165125313,6.868196041281328,0.44722768279416925
N40_rate0p4_rep008_seed12809464431746485944,40,0.4,8,CHP,4,4,,,initial_30s,14,0.038829803466796875,492.99999999989586,12.324999999997397,281.999999999991,7.049999999999775,0.4279918864096337
N40_rate0p4_rep008_seed12809464431746485944,40,0.4,8,CHP,4,4,,,initial_30s,15,0.038851022720336914,480.9999999999136,12.02499999999784,281.999999999991,7.049999999999775,0.4137214137213271
N40_rate0p4_rep008_seed12809464431746485944,40,0.4,8,CHP,4,4,,,initial_30s,16,0.03889584541320801,470.9999999999543,11.774999999998858,281.999999999991,7.049999999999775,0.40127388535027947
N40_rate0p4_rep008_seed12809464431746485944,40,0.4,8,CHP,4,4,,,initial_30s,17,0.0483098030090332,469.99999999992997,11.749999999998249,315.74644558864304,7.893661139716076,0.32819905193895726
N40_rate0p4_rep008_seed12809464431746485944,40,0.4,8,CHP,4,4,,,initial_30s,18,0.04838895797729492,441.99999999992997,11.04999999999825,315.74644558864304,7.893661139716076,0.2856415258174365
N40_rate0p4_rep008_seed12809464431746485944,40,0.4,8,CHP,4,4,,,initial_30s,19,0.05440497398376465,442.0,11.05,441.99999999992997,11.04999999999825,1.584413846979988e-13
N40_rate0p4_rep008_seed12809464431746485944,40,0.4,8,PP,4,4,4,4,initial_30s,0,0.00286102294921875,1064.9999999999982,26.624999999999954,9.0,0.225,0.9915492957746479
N40_rate0p4_rep008_seed12809464431746485944,40,0.4,8,PP,4,4,4,4,initial_30s,1,0.004519224166870117,865.9999999998008,21.64999999999502,9.0,0.225,0.9896073903002286
N40_rate0p4_rep008_seed12809464431746485944,40,0.4,8,PP,4,4,4,4,initial_30s,2,0.004798173904418945,859.999999999166,21.49999999997915,9.0,0.225,0.9895348837209201
N40_rate0p4_rep008_seed12809464431746485944,40,0.4,8,PP,4,4,4,4,initial_30s,3,0.007734060287475586,855.9999999996694,21.399999999991735,9.0,0.225,0.9894859813084071
N40_rate0p4_rep008_seed12809464431746485944,40,0.4,8,PP,4,4,4,4,initial_30s,4,0.008992195129394531,763.9999999998781,19.099999999996953,94.50659913107769,2.362664978276942,0.8763002629174179
N40_rate0p4_rep008_seed12809464431746485944,40,0.4,8,PP,4,4,4,4,initial_30s,5,0.011694192886352539,753.9999999998427,18.849999999996065,95.56024990786341,2.389006247696585,0.8732622680266799
N40_rate0p4_rep008_seed12809464431746485944,40,0.4,8,PP,4,4,4,4,initial_30s,6,0.013133049011230469,713.9999999999461,17.84999999999865,125.93062940334539,3.1482657350836347,0.8236265694630884
N40_rate0p4_rep008_seed12809464431746485944,40,0.4,8,PP,4,4,4,4,initial_30s,7,0.02113819122314453,705.9999999999418,17.649999999998546,135.98092398206404,3.399523099551601,0.8073924589489019
N40_rate0p4_rep008_seed12809464431746485944,40,0.4,8,PP,4,4,4,4,initial_30s,8,0.02115917205810547,701.9999999999502,17.549999999998754,135.98092398206404,3.399523099551601,0.8062949800825161
N40_rate0p4_rep008_seed12809464431746485944,40,0.4,8,PP,4,4,4,4,initial_30s,9,0.02202010154724121,691.9999999996676,17.29999999999169,136.47904550037882,3.4119761375094706,0.8027759458086065
N40_rate0p4_rep008_seed12809464431746485944,40,0.4,8,PP,4,4,4,4,initial_30s,10,0.03388023376464844,684.9999999997185,17.124999999992962,150.19269905724468,3.754817476431117,0.7807405853178009
N40_rate0p4_rep008_seed12809464431746485944,40,0.4,8,PP,4,4,4,4,initial_30s,11,0.03796505928039551,637.9999999999395,15.949999999998488,153.12075758923686,3.8280189397309217,0.7599988125560323
N40_rate0p4_rep008_seed12809464431746485944,40,0.4,8,PP,4,4,4,4,initial_30s,12,0.03799104690551758,541.9999999999648,13.54999999999912,153.12075758923686,3.8280189397309217,0.7174893771416111
N40_rate0p4_rep008_seed12809464431746485944,40,0.4,8,PP,4,4,4,4,initial_30s,13,0.04136514663696289,533.9999999999882,13.349999999999705,153.64533291323403,3.8411333228308506,0.7122746574658475
N40_rate0p4_rep008_seed12809464431746485944,40,0.4,8,PP,4,4,4,4,initial_30s,14,0.0730130672454834,521.9999999999814,13.049999999999534,169.3177126998997,4.232942817497492,0.6756365657089929
N40_rate0p4_rep008_seed12809464431746485944,40,0.4,8,PP,4,4,4,4,initial_30s,15,0.07305216789245605,519.99999999999,12.99999999999975,169.3177126998997,4.232942817497492,0.6743890140386481
N40_rate0p4_rep008_seed12809464431746485944,40,0.4,8,PP,4,4,4,4,initial_30s,16,0.07860302925109863,480.0,12.0,179.08742190492217,4.477185547623054,0.6269012043647455
N40_rate0p4_rep008_seed12809464431746485944,40,0.4,8,PP,4,4,4,4,initial_30s,17,0.1375560760498047,471.9999999999777,11.799999999999443,202.07842274389512,5.051960568597378,0.5718677484239308
N40_rate0p4_rep008_seed12809464431746485944,40,0.4,8,PP,4,4,4,4,initial_30s,18,0.1377110481262207,457.9999999998877,11.449999999997193,202.19320946042035,5.054830236510509,0.5585301103483189
N40_rate0p4_rep008_seed12809464431746485944,40,0.4,8,PP,4,4,4,4,initial_30s,19,0.1661221981048584,449.99999999993247,11.249999999998312,229.79827709969283,5.7449569274923205,0.48933716200060595
N40_rate0p4_rep008_seed12809464431746485944,40,0.4,8,PP,4,4,4,4,initial_30s,20,0.16666817665100098,433.999999999945,10.849999999998625,229.79827709969283,5.7449569274923205,0.4705108822587052
N40_rate0p4_rep008_seed12809464431746485944,40,0.4,8,PP,4,4,4,4,initial_30s,21,0.571599006652832,434.0,10.85,433.999999999945,10.849999999998625,1.2678439967111097e-13
N40_rate0p4_rep009_seed17611928110134980145,40,0.4,9,NP,,,1,1,initial_30s,0,0.005913972854614258,966.9999999999977,24.174999999999944,5.0,0.125,0.9948293691830403
N40_rate0p4_rep009_seed17611928110134980145,40,0.4,9,NP,,,1,1,initial_30s,1,0.02367115020751953,939.9999999999764,23.49999999999941,64.09194098679552,1.602298524669888,0.9318170840565988
N40_rate0p4_rep009_seed17611928110134980145,40,0.4,9,NP,,,1,1,initial_30s,2,0.03624606132507324,918.99999999998,22.9749999999995,66.85015224826316,1.671253806206579,0.9272577233424759
N40_rate0p4_rep009_seed17611928110134980145,40,0.4,9,NP,,,1,1,initial_30s,3,0.08367204666137695,862.9999999998824,21.57499999999706,78.4399987515097,1.9609999687877426,0.9091077650619694
N40_rate0p4_rep009_seed17611928110134980145,40,0.4,9,NP,,,1,1,initial_30s,4,0.29635095596313477,763.9999999998413,19.099999999996033,98.78496504952254,2.4696241262380636,0.8707003075267762
N40_rate0p4_rep009_seed17611928110134980145,40,0.4,9,NP,,,1,1,initial_30s,5,0.29651904106140137,751.9999999999961,18.799999999999905,98.78496504952254,2.4696241262380636,0.8686370145618045
N40_rate0p4_rep009_seed17611928110134980145,40,0.4,9,NP,,,1,1,initial_30s,6,0.29660511016845703,726.9999999998358,18.174999999995897,98.78496504952254,2.4696241262380636,0.8641197179511075
N40_rate0p4_rep009_seed17611928110134980145,40,0.4,9,NP,,,1,1,initial_30s,7,0.3916511535644531,703.0,17.575,101.28355317844076,2.532088829461019,0.8559266668869975
N40_rate0p4_rep009_seed17611928110134980145,40,0.4,9,NP,,,1,1,initial_30s,8,0.3918180465698242,668.0,16.7,101.28355317844076,2.532088829461019,0.8483779144035317
N40_rate0p4_rep009_seed17611928110134980145,40,0.4,9,NP,,,1,1,initial_30s,9,0.6396760940551758,639.9999999996312,15.99999999999078,102.01818884752599,2.55045472118815,0.8405965799256488
N40_rate0p4_rep009_seed17611928110134980145,40,0.4,9,NP,,,1,1,initial_30s,10,0.7541959285736084,636.0,15.9,102.01818884752599,2.55045472118815,0.8395940426925692
N40_rate0p4_rep009_seed17611928110134980145,40,0.4,9,NP,,,1,1,initial_30s,11,0.770442008972168,627.9999999999854,15.699999999999637,102.01818884752599,2.55045472118815,0.837550654701388
N40_rate0p4_rep009_seed17611928110134980145,40,0.4,9,NP,,,1,1,initial_30s,12,0.7917439937591553,625.9999999999673,15.649999999999181,102.01818884752599,2.55045472118815,0.8370316472084165
N40_rate0p4_rep009_seed17611928110134980145,40,0.4,9,NP,,,1,1,initial_30s,13,0.8063580989837646,623.9999999998236,15.599999999995589,102.01818884752599,2.55045472118815,0.8365093127443032
N40_rate0p4_rep009_seed17611928110134980145,40,0.4,9,NP,,,1,1,initial_30s,14,1.0068070888519287,621.9999999998722,15.549999999996805,102.01818884752599,2.55045472118815,0.8359836192161625
N40_rate0p4_rep009_seed17611928110134980145,40,0.4,9,NP,,,1,1,initial_30s,15,1.006878137588501,617.9999999998722,15.449999999996805,102.01818884752599,2.55045472118815,0.8349220245185323
N40_rate0p4_rep009_seed17611928110134980145,40,0.4,9,NP,,,1,1,initial_30s,16,1.6613061428070068,594.999999999895,14.874999999997375,115.2634079256505,2.8815851981412623,0.8062799866795448
N40_rate0p4_rep009_seed17611928110134980145,40,0.4,9,NP,,,1,1,initial_30s,17,1.8427209854125977,584.9999999999291,14.624999999998227,115.55823618651691,2.8889559046629225,0.8024645535272975
N40_rate0p4_rep009_seed17611928110134980145,40,0.4,9,NP,,,1,1,initial_30s,18,1.8435990810394287,569.0,14.225,115.55823618651691,2.8889559046629225,0.7969099539780019
N40_rate0p4_rep009_seed17611928110134980145,40,0.4,9,NP,,,1,1,initial_30s,19,1.9893181324005127,566.9999999999818,14.174999999999546,120.36668411498555,3.0091671028746387,0.7877130791622762
N40_rate0p4_rep009_seed17611928110134980145,40,0.4,9,NP,,,1,1,initial_30s,20,2.0072200298309326,555.0,13.875,120.36668411498555,3.0091671028746387,0.7831230916847107
N40_rate0p4_rep009_seed17611928110134980145,40,0.4,9,NP,,,1,1,initial_30s,21,2.0905089378356934,554.0,13.85,120.36668411498555,3.0091671028746387,0.7827316171209647
N40_rate0p4_rep009_seed17611928110134980145,40,0.4,9,NP,,,1,1,initial_30s,22,2.9570400714874268,550.0,13.75,120.786668007123,3.019666700178075,0.7803878763506854
N40_rate0p4_rep009_seed17611928110134980145,40,0.4,9,NP,,,1,1,initial_30s,23,10.391364097595215,539.999999999992,13.499999999999801,134.42497154944343,3.3606242887360858,0.7510648675010271
N40_rate0p4_rep009_seed17611928110134980145,40,0.4,9,NP,,,1,1,initial_30s,24,10.441615104675293,514.9999999999786,12.874999999999465,134.42497154944343,3.3606242887360858,0.7389806377680602
N40_rate0p4_rep009_seed17611928110134980145,40,0.4,9,NP,,,1,1,initial_30s,25,10.49277114868164,506.0,12.65,134.42497154944343,3.3606242887360858,0.7343380008904281
N40_rate0p4_rep009_seed17611928110134980145,40,0.4,9,NP,,,1,1,initial_30s,26,30.000641107559204,506.0,12.65,159.23884700594726,3.9809711751486816,0.68529872133212
N40_rate0p4_rep009_seed17611928110134980145,40,0.4,9,CHP,4,4,,,initial_30s,0,0.0012271404266357422,966.9999999999966,24.174999999999915,5.0,0.125,0.9948293691830403
N40_rate0p4_rep009_seed17611928110134980145,40,0.4,9,CHP,4,4,,,initial_30s,1,0.0024271011352539062,776.9999999997317,19.424999999993293,5.0,0.125,0.9935649935649914
N40_rate0p4_rep009_seed17611928110134980145,40,0.4,9,CHP,4,4,,,initial_30s,2,0.002629995346069336,766.9999999995398,19.174999999988493,5.0,0.125,0.9934810951760065
N40_rate0p4_rep009_seed17611928110134980145,40,0.4,9,CHP,4,4,,,initial_30s,3,0.0032651424407958984,760.999999999731,19.024999999993277,5.0,0.125,0.9934296977660949
N40_rate0p4_rep009_seed17611928110134980145,40,0.4,9,CHP,4,4,,,initial_30s,4,0.0033071041107177734,754.9999999997276,18.87499999999319,5.0,0.125,0.9933774834437062
N40_rate0p4_rep009_seed17611928110134980145,40,0.4,9,CHP,4,4,,,initial_30s,5,0.0045430660247802734,748.9999999996294,18.724999999990736,120.72945267564307,3.018236316891077,0.8388124797387145
N40_rate0p4_rep009_seed17611928110134980145,40,0.4,9,CHP,4,4,,,initial_30s,6,0.0050470829010009766,611.999999999829,15.299999999995725,124.90089903523163,3.122522475880791,0.7959135636678651
N40_rate0p4_rep009_seed17611928110134980145,40,0.4,9,CHP,4,4,,,initial_30s,7,0.005379915237426758,559.9999999998431,13.999999999996078,124.90089903523163,3.122522475880791,0.7769626802941667
N40_rate0p4_rep009_seed17611928110134980145,40,0.4,9,CHP,4,4,,,initial_30s,8,0.005666971206665039,516.0,12.9,124.90089903523163,3.122522475880791,0.7579439941177681
N40_rate0p4_rep009_seed17611928110134980145,40,0.4,9,CHP,4,4,,,initial_30s,9,0.020750999450683594,511.9999999999718,12.799999999999295,194.1912550787743,4.854781376969358,0.6207202049242481
N40_rate0p4_rep009_seed17611928110134980145,40,0.4,9,CHP,4,4,,,initial_30s,10,0.0303499698638916,495.9999999999293,12.399999999998233,215.9999999999784,5.39999999999946,0.5645161290322396
N40_rate0p4_rep009_seed17611928110134980145,40,0.4,9,CHP,4,4,,,initial_30s,11,0.032681941986083984,491.9999999999502,12.299999999998755,215.9999999999784,5.39999999999946,0.5609756097560971
N40_rate0p4_rep009_seed17611928110134980145,40,0.4,9,CHP,4,4,,,initial_30s,12,0.03920793533325195,489.9999999999718,12.249999999999295,224.97925267264506,5.6244813168161265,0.5408586680149836
N40_rate0p4_rep009_seed17611928110134980145,40,0.4,9,CHP,4,4,,,initial_30s,13,0.03926992416381836,487.99999999999477,12.19999999999987,224.97925267264506,5.6244813168161265,0.5389769412445748
N40_rate0p4_rep009_seed17611928110134980145,40,0.4,9,CHP,4,4,,,initial_30s,14,0.047894954681396484,486.0,12.15,229.5937845853283,5.739844614633208,0.5275848053799829
N40_rate0p4_rep009_seed17611928110134980145,40,0.4,9,CHP,4,4,,,initial_30s,15,0.04805803298950195,443.9999999999527,11.099999999998818,238.2047038286162,5.955117595715405,0.4635029193048613
N40_rate0p4_rep009_seed17611928110134980145,40,0.4,9,CHP,4,4,,,initial_30s,16,0.0892479419708252,443.9999891202269,11.099999728005674,314.99999999999625,7.874999999999906,0.29054052315595863
N40_rate0p4_rep009_seed17611928110134980145,40,0.4,9,CHP,4,4,,,initial_30s,17,0.11275911331176758,443.99989507078067,11.099997376769517,443.9999891202269,11.099999728005674,2.1182312722423306e-07
N40_rate0p4_rep009_seed17611928110134980145,40,0.4,9,PP,4,4,4,4,initial_30s,0,0.0014429092407226562,966.9999999999977,24.174999999999944,5.0,0.125,0.9948293691830403
N40_rate0p4_rep009_seed17611928110134980145,40,0.4,9,PP,4,4,4,4,initial_30s,1,0.002991914749145508,864.9999999996605,21.624999999991513,5.0,0.125,0.9942196531791885
N40_rate0p4_rep009_seed17611928110134980145,40,0.4,9,PP,4,4,4,4,initial_30s,2,0.0033559799194335938,854.9999999997738,21.374999999994344,5.0,0.125,0.9941520467836242
N40_rate0p4_rep009_seed17611928110134980145,40,0.4,9,PP,4,4,4,4,initial_30s,3,0.005496978759765625,846.9999999996492,21.17499999999123,117.67857851529254,2.9419644628823134,0.8610642520480032
N40_rate0p4_rep009_seed17611928110134980145,40,0.4,9,PP,4,4,4,4,initial_30s,4,0.005514860153198242,844.999999999688,21.124999999992202,117.67857851529254,2.9419644628823134,0.8607354100410225
N40_rate0p4_rep009_seed17611928110134980145,40,0.4,9,PP,4,4,4,4,initial_30s,5,0.006970882415771484,769.999999999915,19.249999999997875,117.85686663410756,2.946421665852689,0.8469391342414019
N40_rate0p4_rep009_seed17611928110134980145,40,0.4,9,PP,4,4,4,4,initial_30s,6,0.0077779293060302734,713.9999999999484,17.84999999999871,123.62475052347554,3.0906187630868884,0.8268560917038033
N40_rate0p4_rep009_seed17611928110134980145,40,0.4,9,PP,4,4,4,4,initial_30s,7,0.009886026382446289,707.9999999999484,17.69999999999871,124.49014006177481,3.1122535015443704,0.8241664688392883
N40_rate0p4_rep009_seed17611928110134980145,40,0.4,9,PP,4,4,4,4,initial_30s,8,0.011417865753173828,653.9999999997021,16.349999999992555,144.20329861297225,3.605082465324306,0.7795056596130918
N40_rate0p4_rep009_seed17611928110134980145,40,0.4,9,PP,4,4,4,4,initial_30s,9,0.01960897445678711,647.9999999997276,16.19999999999319,154.61109814908184,3.865277453727046,0.761402626313045
N40_rate0p4_rep009_seed17611928110134980145,40,0.4,9,PP,4,4,4,4,initial_30s,10,0.019932031631469727,603.999999999774,15.099999999994349,154.9180218760049,3.8729505469001224,0.7435132088144655
N40_rate0p4_rep009_seed17611928110134980145,40,0.4,9,PP,4,4,4,4,initial_30s,11,0.031726837158203125,599.9999999998763,14.999999999996907,163.87518972715588,4.0968797431788975,0.7268746837880172
N40_rate0p4_rep009_seed17611928110134980145,40,0.4,9,PP,4,4,4,4,initial_30s,12,0.03174281120300293,591.9999999999095,14.799999999997738,163.87518972715588,4.0968797431788975,0.7231838011365187
N40_rate0p4_rep009_seed17611928110134980145,40,0.4,9,PP,4,4,4,4,initial_30s,13,0.03175783157348633,581.9999999999204,14.549999999998011,163.87518972715588,4.0968797431788975,0.7184275090598311
N40_rate0p4_rep009_seed17611928110134980145,40,0.4,9,PP,4,4,4,4,initial_30s,14,0.0334780216217041,559.9999999999379,13.999999999998447,163.8856567958669,4.097141419896673,0.7073470414359195
N40_rate0p4_rep009_seed17611928110134980145,40,0.4,9,PP,4,4,4,4,initial_30s,15,0.04326891899108887,539.9999999999022,13.499999999997556,166.1332980383209,4.153332450958023,0.6923457443734241
N40_rate0p4_rep009_seed17611928110134980145,40,0.4,9,PP,4,4,4,4,initial_30s,16,0.04588890075683594,513.9999999999877,12.849999999999692,167.25435522390603,4.181358880597651,0.6746024217433657
N40_rate0p4_rep009_seed17611928110134980145,40,0.4,9,PP,4,4,4,4,initial_30s,17,0.04737281799316406,501.99999999994907,12.549999999998727,167.27346938773542,4.181836734693386,0.6667859175542781
N40_rate0p4_rep009_seed17611928110134980145,40,0.4,9,PP,4,4,4,4,initial_30s,18,0.12810683250427246,487.9999999999168,12.19999999999792,194.321271963764,4.8580317990941,0.6018006722053337
N40_rate0p4_rep009_seed17611928110134980145,40,0.4,9,PP,4,4,4,4,initial_30s,19,0.14621496200561523,483.9999999999586,12.099999999998966,210.3929225536124,5.25982306384031,0.5653038790214249
N40_rate0p4_rep009_seed17611928110134980145,40,0.4,9,PP,4,4,4,4,initial_30s,20,0.14624381065368652,479.9999999999877,11.999999999999693,210.3929225536124,5.25982306384031,0.5616814113466296
N40_rate0p4_rep009_seed17611928110134980145,40,0.4,9,PP,4,4,4,4,initial_30s,21,0.18038082122802734,459.9999999999877,11.499999999999693,232.72690510056754,5.818172627514189,0.49407194543353533
N40_rate0p4_rep009_seed17611928110134980145,40,0.4,9,PP,4,4,4,4,initial_30s,22,0.30112290382385254,455.9999999999868,11.39999999999967,259.25837742501596,6.481459435625399,0.43145092669950996
N40_rate0p4_rep009_seed17611928110134980145,40,0.4,9,PP,4,4,4,4,initial_30s,23,0.3011438846588135,443.9999999999934,11.099999999999834,259.25837742501596,6.481459435625399,0.41608473552923464
N40_rate0p4_rep009_seed17611928110134980145,40,0.4,9,PP,4,4,4,4,initial_30s,24,0.9716529846191406,444.0,11.1,443.9999999999934,11.099999999999834,1.485098330597687e-14
N40_rate0p4_rep010_seed3737534665619908042,40,0.4,10,NP,,,1,1,initial_30s,0,0.007400035858154297,1013.9999999999977,25.349999999999945,6.0,0.15,0.9940828402366864
N40_rate0p4_rep010_seed3737534665619908042,40,0.4,10,NP,,,1,1,initial_30s,1,0.023487091064453125,997.9999999999998,24.949999999999996,6.0,0.15,0.9939879759519038
N40_rate0p4_rep010_seed3737534665619908042,40,0.4,10,NP,,,1,1,initial_30s,2,0.09851598739624023,968.9999999999668,24.22499999999917,87.10178246181829,2.1775445615454574,0.9101116796059636
N40_rate0p4_rep010_seed3737534665619908042,40,0.4,10,NP,,,1,1,initial_30s,3,0.21994590759277344,911.9999999998993,22.799999999997482,101.94978614656588,2.548744653664147,0.8882129537866479
N40_rate0p4_rep010_seed3737534665619908042,40,0.4,10,NP,,,1,1,initial_30s,4,0.22009491920471191,907.9999999998993,22.69999999999748,101.94978614656588,2.548744653664147,0.8877204998385714
N40_rate0p4_rep010_seed3737534665619908042,40,0.4,10,NP,,,1,1,initial_30s,5,0.39177393913269043,893.9999999998893,22.34999999999723,105.4393666299229,2.6359841657480727,0.8820588740157316
N40_rate0p4_rep010_seed3737534665619908042,40,0.4,10,NP,,,1,1,initial_30s,6,0.39197206497192383,881.9999999999038,22.049999999997596,105.4393666299229,2.6359841657480727,0.8804542328458793
N40_rate0p4_rep010_seed3737534665619908042,40,0.4,10,NP,,,1,1,initial_30s,7,0.3921189308166504,877.9999999999718,21.949999999999296,105.4393666299229,2.6359841657480727,0.8799096052050953
N40_rate0p4_rep010_seed3737534665619908042,40,0.4,10,NP,,,1,1,initial_30s,8,0.3922150135040283,822.9999999999447,20.574999999998617,105.4393666299229,2.6359841657480727,0.8718841231714095
N40_rate0p4_rep010_seed3737534665619908042,40,0.4,10,NP,,,1,1,initial_30s,9,0.5664389133453369,805.0,20.125,105.4393666299229,2.6359841657480727,0.8690194203354995
N40_rate0p4_rep010_seed3737534665619908042,40,0.4,10,NP,,,1,1,initial_30s,10,0.6761729717254639,802.0,20.05,105.4393666299229,2.6359841657480727,0.8685294680424901
N40_rate0p4_rep010_seed3737534665619908042,40,0.4,10,NP,,,1,1,initial_30s,11,0.8648130893707275,790.0,19.75,105.4393666299229,2.6359841657480727,0.866532447303895
N40_rate0p4_rep010_seed3737534665619908042,40,0.4,10,NP,,,1,1,initial_30s,12,0.8973269462585449,691.9999999994609,17.29999999998652,105.4393666299229,2.6359841657480727,0.8476309730780274
N40_rate0p4_rep010_seed3737534665619908042,40,0.4,10,NP,,,1,1,initial_30s,13,0.9161760807037354,687.99999999945,17.19999999998625,105.4393666299229,2.6359841657480727,0.8467451066424314
N40_rate0p4_rep010_seed3737534665619908042,40,0.4,10,NP,,,1,1,initial_30s,14,0.9520599842071533,675.9999999999909,16.89999999999977,110.1621184844571,2.7540529621114276,0.8370382862655938
N40_rate0p4_rep010_seed3737534665619908042,40,0.4,10,NP,,,1,1,initial_30s,15,1.2690849304199219,671.9999999995912,16.79999999998978,110.1621184844571,2.7540529621114276,0.8360682760646962
N40_rate0p4_rep010_seed3737534665619908042,40,0.4,10,NP,,,1,1,initial_30s,16,2.21169114112854,669.9999999999341,16.74999999999835,115.96908836659361,2.8992272091648403,0.8269118084080522
N40_rate0p4_rep010_seed3737534665619908042,40,0.4,10,NP,,,1,1,initial_30s,17,2.281773090362549,643.9999999999782,16.099999999999454,116.31980588216891,2.9079951470542227,0.819379183412775
N40_rate0p4_rep010_seed3737534665619908042,40,0.4,10,NP,,,1,1,initial_30s,18,3.0126540660858154,638.0,15.95,119.57758475661038,2.9894396189152594,0.8125743185633066
N40_rate0p4_rep010_seed3737534665619908042,40,0.4,10,NP,,,1,1,initial_30s,19,3.0128140449523926,625.0,15.625,119.57758475661038,2.9894396189152594,0.8086758643894234
N40_rate0p4_rep010_seed3737534665619908042,40,0.4,10,NP,,,1,1,initial_30s,20,3.0672049522399902,619.9999999999559,15.499999999998897,119.57758475661038,2.9894396189152594,0.807132927811905
N40_rate0p4_rep010_seed3737534665619908042,40,0.4,10,NP,,,1,1,initial_30s,21,3.0673530101776123,617.0000000000077,15.425000000000193,119.57758475661038,2.9894396189152594,0.8061951624690294
N40_rate0p4_rep010_seed3737534665619908042,40,0.4,10,NP,,,1,1,initial_30s,22,3.143173933029175,589.0,14.725,119.57758475661038,2.9894396189152594,0.7969820292757039
N40_rate0p4_rep010_seed3737534665619908042,40,0.4,10,NP,,,1,1,initial_30s,23,3.1715519428253174,580.9999999999741,14.524999999999352,119.57758475661038,2.9894396189152594,0.794186601107374
N40_rate0p4_rep010_seed3737534665619908042,40,0.4,10,NP,,,1,1,initial_30s,24,3.1718671321868896,579.9999999999966,14.499999999999915,119.57758475661038,2.9894396189152594,0.7938317504196362
N40_rate0p4_rep010_seed3737534665619908042,40,0.4,10,NP,,,1,1,initial_30s,25,3.2691240310668945,574.0,14.35,121.14095139849096,3.0285237849622737,0.7889530463440924
N40_rate0p4_rep010_seed3737534665619908042,40,0.4,10,NP,,,1,1,initial_30s,26,3.3193349838256836,562.0000000000045,14.050000000000114,121.14095139849096,3.0285237849622737,0.784446705696637
N40_rate0p4_rep010_seed3737534665619908042,40,0.4,10,NP,,,1,1,initial_30s,27,4.763432025909424,560.0,14.0,127.84367553586752,3.196091888396688,0.7717077222573794
N40_rate0p4_rep010_seed3737534665619908042,40,0.4,10,NP,,,1,1,initial_30s,28,12.19981598854065,556.9999999999943,13.924999999999859,139.27098158310434,3.4817745395776085,0.7499623310895768
N40_rate0p4_rep010_seed3737534665619908042,40,0.4,10,NP,,,1,1,initial_30s,29,21.763766050338745,555.9999999999973,13.899999999999931,163.4877483109144,4.08719370777286,0.7059572872105842
N40_rate0p4_rep010_seed3737534665619908042,40,0.4,10,NP,,,1,1,initial_30s,30,22.472322940826416,533.9999999999602,13.349999999999005,164.4953767260338,4.112384418150845,0.6919562233594644
N40_rate0p4_rep010_seed3737534665619908042,40,0.4,10,NP,,,1,1,initial_30s,31,30.004173040390015,534.0,13.35,168.66750104880347,4.2166875262200865,0.6841432564629147
N40_rate0p4_rep010_seed3737534665619908042,40,0.4,10,CHP,4,4,,,initial_30s,0,0.001168966293334961,1013.999999999998,25.349999999999948,6.0,0.15,0.9940828402366864
N40_rate0p4_rep010_seed3737534665619908042,40,0.4,10,CHP,4,4,,,initial_30s,1,0.002309083938598633,785.9999999998331,19.649999999995828,6.0,0.15,0.9923664122137389
N40_rate0p4_rep010_seed3737534665619908042,40,0.4,10,CHP,4,4,,,initial_30s,2,0.0025260448455810547,692.9999999998879,17.324999999997196,6.0,0.15,0.99134199134199
N40_rate0p4_rep010_seed3737534665619908042,40,0.4,10,CHP,4,4,,,initial_30s,3,0.0033349990844726562,646.9999999997078,16.174999999992696,6.0,0.15,0.9907264296754209
N40_rate0p4_rep010_seed3737534665619908042,40,0.4,10,CHP,4,4,,,initial_30s,4,0.00522303581237793,628.999999999814,15.724999999995351,157.87916666666206,3.9469791666665515,0.7489997350290799
N40_rate0p4_rep010_seed3737534665619908042,40,0.4,10,CHP,4,4,,,initial_30s,5,0.013869047164916992,620.9999999999995,15.524999999999988,233.661354377997,5.841533859449925,0.623733728859908
N40_rate0p4_rep010_seed3737534665619908042,40,0.4,10,CHP,4,4,,,initial_30s,6,0.024489164352416992,596.9999999996905,14.924999999992263,271.99999999991905,6.7999999999979766,0.5443886097151422
N40_rate0p4_rep010_seed3737534665619908042,40,0.4,10,CHP,4,4,,,initial_30s,7,0.034487009048461914,582.9999999997879,14.574999999994697,288.16405232672673,7.204101308168168,0.505722037175246
N40_rate0p4_rep010_seed3737534665619908042,40,0.4,10,CHP,4,4,,,initial_30s,8,0.039350032806396484,556.9999999999666,13.924999999999164,288.16405232672673,7.204101308168168,0.48264981628950804
N40_rate0p4_rep010_seed3737534665619908042,40,0.4,10,CHP,4,4,,,initial_30s,9,0.04041099548339844,554.9999999999668,13.87499999999917,324.12834224579035,8.103208556144759,0.41598496892646897
N40_rate0p4_rep010_seed3737534665619908042,40,0.4,10,CHP,4,4,,,initial_30s,10,0.06578207015991211,549.0,13.725,330.57449856729227,8.264362464182307,0.39786065834737294
N40_rate0p4_rep010_seed3737534665619908042,40,0.4,10,PP,4,4,4,4,initial_30s,0,0.0012440681457519531,1013.999999999998,25.349999999999948,6.0,0.15,0.9940828402366864
N40_rate0p4_rep010_seed3737534665619908042,40,0.4,10,PP,4,4,4,4,initial_30s,1,0.0028731822967529297,724.9999999996226,18.124999999990564,6.0,0.15,0.9917241379310302
N40_rate0p4_rep010_seed3737534665619908042,40,0.4,10,PP,4,4,4,4,initial_30s,2,0.0038161277770996094,710.9999999997999,17.774999999994996,6.0,0.15,0.9915611814345968
N40_rate0p4_rep010_seed3737534665619908042,40,0.4,10,PP,4,4,4,4,initial_30s,3,0.0059680938720703125,698.9999999995998,17.474999999989997,122.07306580912172,3.0518266452280427,0.8253604208738317
N40_rate0p4_rep010_seed3737534665619908042,40,0.4,10,PP,4,4,4,4,initial_30s,4,0.0233001708984375,693.9999999998777,17.349999999996943,165.1388873905678,4.1284721847641945,0.7620477126936644
N40_rate0p4_rep010_seed3737534665619908042,40,0.4,10,PP,4,4,4,4,initial_30s,5,0.025664091110229492,682.9999999996007,17.07499999999002,171.71424221323852,4.292856055330963,0.7485882251634862
N40_rate0p4_rep010_seed3737534665619908042,40,0.4,10,PP,4,4,4,4,initial_30s,6,0.026496171951293945,629.9999999999468,15.74999999999867,172.03150869112164,4.300787717278041,0.7269341131886727
N40_rate0p4_rep010_seed3737534665619908042,40,0.4,10,PP,4,4,4,4,initial_30s,7,0.13466715812683105,602.9999999997522,15.074999999993803,252.25050118371468,6.306262529592867,0.5816741273900193
N40_rate0p4_rep010_seed3737534665619908042,40,0.4,10,PP,4,4,4,4,initial_30s,8,0.13472604751586914,580.9999999999245,14.524999999998112,252.25050118371468,6.306262529592867,0.5658339050193676
N40_rate0p4_rep010_seed3737534665619908042,40,0.4,10,PP,4,4,4,4,initial_30s,9,0.13475513458251953,578.9999999999245,14.474999999998113,252.25050118371468,6.306262529592867,0.5643341948467226
N40_rate0p4_rep010_seed3737534665619908042,40,0.4,10,PP,4,4,4,4,initial_30s,10,0.1404280662536621,574.9999999999623,14.374999999999057,258.4365215306211,6.460913038265528,0.5505451799467164
N40_rate0p4_rep010_seed3737534665619908042,40,0.4,10,PP,4,4,4,4,initial_30s,11,0.15612506866455078,566.9999999999668,14.17499999999917,260.4654867256511,6.511637168141277,0.540625243870077
N40_rate0p4_rep010_seed3737534665619908042,40,0.4,10,PP,4,4,4,4,initial_30s,12,0.299929141998291,564.9999999999636,14.12499999999909,299.8356848029847,7.495892120074617,0.4693173720300814
N40_rate0p4_rep010_seed3737534665619908042,40,0.4,10,PP,4,4,4,4,initial_30s,13,0.7011940479278564,562.9999999999857,14.074999999999642,299.8356848029847,7.495892120074617,0.4674321761936193
N40_rate0p4_rep010_seed3737534665619908042,40,0.4,10,PP,4,4,4,4,initial_30s,14,1.0777552127838135,554.9999999999884,13.87499999999971,406.99999999967997,10.174999999992,0.266666666667228
N40_rate0p4_rep010_seed3737534665619908042,40,0.4,10,PP,4,4,4,4,initial_30s,15,1.1147620677947998,548.9999999999736,13.72499999999934,415.7606602680562,10.394016506701405,0.24269460789057162
N40_rate0p4_rep010_seed3737534665619908042,40,0.4,10,PP,4,4,4,4,initial_30s,16,1.2194089889526367,549.0,13.725,548.9999999999736,13.72499999999934,4.804252523026397e-14
N40_rate0p4_rep011_seed18038296727825546094,40,0.4,11,NP,,,1,1,initial_30s,0,0.011667013168334961,635.9999999999982,15.899999999999954,12.0,0.3,0.981132075471698
N40_rate0p4_rep011_seed18038296727825546094,40,0.4,11,NP,,,1,1,initial_30s,1,0.024755001068115234,614.0000000000123,15.350000000000307,12.0,0.3,0.9804560260586324
N40_rate0p4_rep011_seed18038296727825546094,40,0.4,11,NP,,,1,1,initial_30s,2,0.025350093841552734,606.0000000000123,15.150000000000308,12.0,0.3,0.9801980198019806
N40_rate0p4_rep011_seed18038296727825546094,40,0.4,11,NP,,,1,1,initial_30s,3,0.02645111083984375,586.0000000000082,14.650000000000205,12.0,0.3,0.9795221843003415
N40_rate0p4_rep011_seed18038296727825546094,40,0.4,11,NP,,,1,1,initial_30s,4,0.08230209350585938,562.9999999997833,14.074999999994583,85.69345178096873,2.142336294524218,0.8477913822717553
N40_rate0p4_rep011_seed18038296727825546094,40,0.4,11,NP,,,1,1,initial_30s,5,0.3972470760345459,554.9999999998729,13.874999999996822,107.78186800699524,2.694546700174881,0.8057984360233875
N40_rate0p4_rep011_seed18038296727825546094,40,0.4,11,NP,,,1,1,initial_30s,6,0.4553971290588379,548.999999999952,13.7249999999988,109.48270496203382,2.7370676240508454,0.8005779508888098
N40_rate0p4_rep011_seed18038296727825546094,40,0.4,11,NP,,,1,1,initial_30s,7,0.4555220603942871,544.9999999999206,13.624999999998016,109.48270496203382,2.7370676240508454,0.799114302821927
N40_rate0p4_rep011_seed18038296727825546094,40,0.4,11,NP,,,1,1,initial_30s,8,0.6426880359649658,541.0,13.525,109.62779635924622,2.7406949089811556,0.797360820038362
N40_rate0p4_rep011_seed18038296727825546094,40,0.4,11,NP,,,1,1,initial_30s,9,0.8595390319824219,520.9999999999836,13.02499999999959,110.28417132890124,2.7571042832225308,0.7883221279675533
N40_rate0p4_rep011_seed18038296727825546094,40,0.4,11,NP,,,1,1,initial_30s,10,1.204470157623291,516.9999999995409,12.924999999988524,113.05420271609182,2.8263550679022957,0.7813264937791253
N40_rate0p4_rep011_seed18038296727825546094,40,0.4,11,NP,,,1,1,initial_30s,11,3.0083260536193848,515.0,12.875,122.96638598542175,3.074159649635544,0.7612303184749092
N40_rate0p4_rep011_seed18038296727825546094,40,0.4,11,NP,,,1,1,initial_30s,12,3.0085361003875732,499.0,12.475,122.96638598542175,3.074159649635544,0.7535743767827219
N40_rate0p4_rep011_seed18038296727825546094,40,0.4,11,NP,,,1,1,initial_30s,13,4.012178182601929,495.0,12.375,131.65391465556755,3.291347866389189,0.7340324956453181
N40_rate0p4_rep011_seed18038296727825546094,40,0.4,11,NP,,,1,1,initial_30s,14,4.489988088607788,481.00000000007367,12.025000000001842,134.25647955559919,3.3564119888899797,0.7208804998844519
N40_rate0p4_rep011_seed18038296727825546094,40,0.4,11,NP,,,1,1,initial_30s,15,10.687940120697021,480.99999995187363,12.02499999879684,155.1224587063494,3.8780614676587346,0.6775000858173178
N40_rate0p4_rep011_seed18038296727825546094,40,0.4,11,NP,,,1,1,initial_30s,16,13.817122220993042,480.9999999036736,12.02499999759184,155.1224587063494,3.8780614676587346,0.6775000857850008
N40_rate0p4_rep011_seed18038296727825546094,40,0.4,11,NP,,,1,1,initial_30s,17,14.944980144500732,480.99999985547356,12.024999996386839,155.1224587063494,3.8780614676587346,0.6775000857526837
N40_rate0p4_rep011_seed18038296727825546094,40,0.4,11,NP,,,1,1,initial_30s,18,15.547942161560059,480.99999971111424,12.024999992777856,155.1224587063494,3.8780614676587346,0.6775000856558939
N40_rate0p4_rep011_seed18038296727825546094,40,0.4,11,NP,,,1,1,initial_30s,19,15.872621059417725,480.9999996629142,12.024999991572855,155.1224587063494,3.8780614676587346,0.6775000856235769
N40_rate0p4_rep011_seed18038296727825546094,40,0.4,11,NP,,,1,1,initial_30s,20,16.07858920097351,480.99999932589844,12.024999983147461,155.1224587063494,3.8780614676587346,0.6775000853976152
N40_rate0p4_rep011_seed18038296727825546094,40,0.4,11,NP,,,1,1,initial_30s,21,16.44098210334778,480.9999959556328,12.02499989889082,155.1224587063494,3.8780614676587346,0.6775000831379262
N40_rate0p4_rep011_seed18038296727825546094,40,0.4,11,NP,,,1,1,initial_30s,22,30.04187512397766,480.9999959556426,12.024999898891064,172.28735055944762,4.30718376398619,0.641814236989441
N40_rate0p4_rep011_seed18038296727825546094,40,0.4,11,CHP,4,4,,,initial_30s,0,0.0012028217315673828,635.9999999999982,15.899999999999954,12.0,0.3,0.981132075471698
N40_rate0p4_rep011_seed18038296727825546094,40,0.4,11,CHP,4,4,,,initial_30s,1,0.0026078224182128906,596.9999999999914,14.924999999999784,12.0,0.3,0.9798994974874369
N40_rate0p4_rep011_seed18038296727825546094,40,0.4,11,CHP,4,4,,,initial_30s,2,0.0066678524017333984,595.0,14.875,155.9224390886751,3.8980609772168777,0.7379454805232352
N40_rate0p4_rep011_seed18038296727825546094,40,0.4,11,CHP,4,4,,,initial_30s,3,0.02193284034729004,588.9999999999754,14.724999999999387,226.4147012036192,5.66036753009048,0.6155947347985932
N40_rate0p4_rep011_seed18038296727825546094,40,0.4,11,CHP,4,4,,,initial_30s,4,0.02195286750793457,578.9999999999482,14.474999999998705,226.4147012036192,5.66036753009048,0.6089556110472548
N40_rate0p4_rep011_seed18038296727825546094,40,0.4,11,CHP,4,4,,,initial_30s,5,0.02350783348083496,560.9999999999723,14.024999999999306,232.78354214887418,5.819588553721855,0.5850560746009168
N40_rate0p4_rep011_seed18038296727825546094,40,0.4,11,CHP,4,4,,,initial_30s,6,0.023520946502685547,544.9999999999777,13.624999999999442,232.78354214887418,5.819588553721855,0.5728742345892043
N40_rate0p4_rep011_seed18038296727825546094,40,0.4,11,CHP,4,4,,,initial_30s,7,0.0235288143157959,522.9999999999807,13.074999999999516,232.78354214887418,5.819588553721855,0.5549071851837806
N40_rate0p4_rep011_seed18038296727825546094,40,0.4,11,CHP,4,4,,,initial_30s,8,0.07924890518188477,520.9999999999573,13.024999999998931,285.9675590102552,7.149188975256379,0.45111792896299685
N40_rate0p4_rep011_seed18038296727825546094,40,0.4,11,CHP,4,4,,,initial_30s,9,0.08057594299316406,512.9999999999786,12.824999999999466,288.4069525306669,7.210173813266673,0.4378032114411717
N40_rate0p4_rep011_seed18038296727825546094,40,0.4,11,CHP,4,4,,,initial_30s,10,0.08059096336364746,496.9999999999786,12.424999999999466,288.4069525306669,7.210173813266673,0.41970432086382436
N40_rate0p4_rep011_seed18038296727825546094,40,0.4,11,CHP,4,4,,,initial_30s,11,0.08586287498474121,492.9999999999786,12.324999999999466,319.26203208555705,7.981550802138926,0.3524096712260225
N40_rate0p4_rep011_seed18038296727825546094,40,0.4,11,CHP,4,4,,,initial_30s,12,0.09171485900878906,488.9999999999786,12.224999999999465,339.54999999998796,8.4887499999997,0.30562372188138487
N40_rate0p4_rep011_seed18038296727825546094,40,0.4,11,CHP,4,4,,,initial_30s,13,0.10039281845092773,474.9999999999786,11.874999999999465,364.99999999998124,9.124999999999531,0.23157894736842596
N40_rate0p4_rep011_seed18038296727825546094,40,0.4,11,CHP,4,4,,,initial_30s,14,0.10985684394836426,475.0,11.875,474.9999999999786,11.874999999999465,4.499605366666066e-14
N40_rate0p4_rep011_seed18038296727825546094,40,0.4,11,PP,4,4,4,4,initial_30s,0,0.002331972122192383,635.9999999999982,15.899999999999954,12.0,0.3,0.981132075471698
N40_rate0p4_rep011_seed18038296727825546094,40,0.4,11,PP,4,4,4,4,initial_30s,1,0.009441852569580078,554.0000000000005,13.850000000000012,121.48028865207391,3.0370072163018476,0.7807215006280256
N40_rate0p4_rep011_seed18038296727825546094,40,0.4,11,PP,4,4,4,4,initial_30s,2,0.053421974182128906,534.9999999999113,13.374999999997783,172.1826042560785,4.304565106401962,0.6781633565306411
N40_rate0p4_rep011_seed18038296727825546094,40,0.4,11,PP,4,4,4,4,initial_30s,3,0.1574249267578125,522.9999999999827,13.074999999999568,242.76371862521637,6.069092965630409,0.5358246297796857
N40_rate0p4_rep011_seed18038296727825546094,40,0.4,11,PP,4,4,4,4,initial_30s,4,0.19524097442626953,521.0,13.025,259.29981789802036,6.482495447450509,0.5023036124798074
N40_rate0p4_rep011_seed18038296727825546094,40,0.4,11,PP,4,4,4,4,initial_30s,5,0.1954329013824463,517.0,12.925,259.29981789802036,6.482495447450509,0.4984529634467691
N40_rate0p4_rep011_seed18038296727825546094,40,0.4,11,PP,4,4,4,4,initial_30s,6,0.7472379207611084,503.0,12.575,268.9481004715003,6.723702511787508,0.4653119274920471
N40_rate0p4_rep011_seed18038296727825546094,40,0.4,11,PP,4,4,4,4,initial_30s,7,0.75705885887146,498.99999999999386,12.474999999999847,268.9481004715003,6.723702511787508,0.46102585075850977
N40_rate0p4_rep011_seed18038296727825546094,40,0.4,11,PP,4,4,4,4,initial_30s,8,0.7902278900146484,488.99999999999886,12.224999999999971,268.9481004715003,6.723702511787508,0.450003884516358
N40_rate0p4_rep011_seed18038296727825546094,40,0.4,11,PP,4,4,4,4,initial_30s,9,1.6168320178985596,483.0,12.075,388.06614006538615,9.701653501634654,0.19655043464723365
N40_rate0p4_rep011_seed18038296727825546094,40,0.4,11,PP,4,4,4,4,initial_30s,10,1.6846158504486084,474.99999999998863,11.874999999999716,397.99999999999613,9.949999999999903,0.16210526315788282
N40_rate0p4_rep011_seed18038296727825546094,40,0.4,11,PP,4,4,4,4,initial_30s,11,1.8489558696746826,475.0,11.875,474.99999999998863,11.874999999999716,2.3934071099287584e-14
N40_rate0p4_rep012_seed9814658091952193456,40,0.4,12,NP,,,1,1,initial_30s,0,0.007456064224243164,1243.9999999999977,31.099999999999945,6.0,0.15,0.995176848874598
N40_rate0p4_rep012_seed9814658091952193456,40,0.4,12,NP,,,1,1,initial_30s,1,0.05320000648498535,1227.999999999938,30.699999999998447,76.1600206252275,1.9040005156306876,0.9379804392302675
N40_rate0p4_rep012_seed9814658091952193456,40,0.4,12,NP,,,1,1,initial_30s,2,0.053288936614990234,1222.9999999999316,30.57499999999829,76.1600206252275,1.9040005156306876,0.9377268841985021
N40_rate0p4_rep012_seed9814658091952193456,40,0.4,12,NP,,,1,1,initial_30s,3,0.0912010669708252,1204.999999999933,30.124999999998323,76.39060710659616,1.909765177664904,0.9366053053057257
N40_rate0p4_rep012_seed9814658091952193456,40,0.4,12,NP,,,1,1,initial_30s,4,0.12083101272583008,1071.9999999999454,26.799999999998636,86.66046281888168,2.166511570472042,0.9191600160271585
N40_rate0p4_rep012_seed9814658091952193456,40,0.4,12,NP,,,1,1,initial_30s,5,0.15087509155273438,987.9999999999554,24.699999999998887,90.86915110130212,2.271728777532553,0.9080271749986779
N40_rate0p4_rep012_seed9814658091952193456,40,0.4,12,NP,,,1,1,initial_30s,6,0.16411900520324707,763.9999999998363,19.09999999999591,92.07108362497024,2.301777090624256,0.8794881104384948
N40_rate0p4_rep012_seed9814658091952193456,40,0.4,12,NP,,,1,1,initial_30s,7,0.16428709030151367,761.9999999998363,19.049999999995908,92.07108362497024,2.301777090624256,0.8791718062664173
N40_rate0p4_rep012_seed9814658091952193456,40,0.4,12,NP,,,1,1,initial_30s,8,0.18800902366638184,753.9999999998868,18.84999999999717,93.36653847878699,2.3341634619696747,0.8761716996302373
N40_rate0p4_rep012_seed9814658091952193456,40,0.4,12,NP,,,1,1,initial_30s,9,0.19290399551391602,751.9999999998595,18.799999999996487,93.80165280769994,2.3450413201924984,0.8752637595642054
N40_rate0p4_rep012_seed9814658091952193456,40,0.4,12,NP,,,1,1,initial_30s,10,0.2539820671081543,739.9999999998529,18.499999999996323,94.08553092473325,2.352138273118331,0.8728573906422271
N40_rate0p4_rep012_seed9814658091952193456,40,0.4,12,NP,,,1,1,initial_30s,11,0.27733397483825684,735.9999999999063,18.399999999997657,94.08553092473325,2.352138273118331,0.8721663982000745
N40_rate0p4_rep012_seed9814658091952193456,40,0.4,12,NP,,,1,1,initial_30s,12,0.2775249481201172,731.999999999955,18.299999999998875,94.08553092473325,2.352138273118331,0.8714678539279521
N40_rate0p4_rep012_seed9814658091952193456,40,0.4,12,NP,,,1,1,initial_30s,13,0.27765893936157227,729.9999999998827,18.249999999997065,94.08553092473325,2.352138273118331,0.8711157110619886
N40_rate0p4_rep012_seed9814658091952193456,40,0.4,12,NP,,,1,1,initial_30s,14,0.28227996826171875,726.0,18.15,94.08553092473325,2.352138273118331,0.8704056047868688
N40_rate0p4_rep012_seed9814658091952193456,40,0.4,12,NP,,,1,1,initial_30s,15,0.3430640697479248,716.0,17.9,96.86827116027136,2.421706779006784,0.8647091184912412
N40_rate0p4_rep012_seed9814658091952193456,40,0.4,12,NP,,,1,1,initial_30s,16,0.3621330261230469,697.9999999999604,17.44999999999901,98.49714839234746,2.4624287098086866,0.8588866068877464
N40_rate0p4_rep012_seed9814658091952193456,40,0.4,12,NP,,,1,1,initial_30s,17,0.3623800277709961,695.9999999999973,17.39999999999993,98.49714839234746,2.4624287098086866,0.8584811086316841
N40_rate0p4_rep012_seed9814658091952193456,40,0.4,12,NP,,,1,1,initial_30s,18,0.3624889850616455,693.9999999999759,17.349999999999397,98.49714839234746,2.4624287098086866,0.8580732732098691
N40_rate0p4_rep012_seed9814658091952193456,40,0.4,12,NP,,,1,1,initial_30s,19,0.3625819683074951,679.9999999999841,16.999999999999602,98.49714839234746,2.4624287098086866,0.8551512523641915
N40_rate0p4_rep012_seed9814658091952193456,40,0.4,12,NP,,,1,1,initial_30s,20,0.5296540260314941,675.0,16.875,98.49714839234746,2.4624287098086866,0.8540782986780039
N40_rate0p4_rep012_seed9814658091952193456,40,0.4,12,NP,,,1,1,initial_30s,21,0.6749839782714844,673.0,16.825,98.49714839234746,2.4624287098086866,0.8536446532060217
N40_rate0p4_rep012_seed9814658091952193456,40,0.4,12,NP,,,1,1,initial_30s,22,0.8682889938354492,632.9999999999688,15.824999999999221,98.49714839234746,2.4624287098086866,0.8443962900594751
N40_rate0p4_rep012_seed9814658091952193456,40,0.4,12,NP,,,1,1,initial_30s,23,0.9895520210266113,623.9999999999877,15.599999999999692,98.49714839234746,2.4624287098086866,0.8421520057814914
N40_rate0p4_rep012_seed9814658091952193456,40,0.4,12,NP,,,1,1,initial_30s,24,1.0978269577026367,613.9999999999736,15.34999999999934,98.49714839234746,2.4624287098086866,0.8395811915434013
N40_rate0p4_rep012_seed9814658091952193456,40,0.4,12,NP,,,1,1,initial_30s,25,1.1531779766082764,612.0,15.3,98.49714839234746,2.4624287098086866,0.8390569470713277
N40_rate0p4_rep012_seed9814658091952193456,40,0.4,12,NP,,,1,1,initial_30s,26,1.6459159851074219,592.000000000043,14.800000000001074,101.40217005547765,2.535054251386941,0.8287125505819759
N40_rate0p4_rep012_seed9814658091952193456,40,0.4,12,NP,,,1,1,initial_30s,27,1.6941399574279785,586.0000000000164,14.650000000000409,101.9916450552297,2.5497911263807422,0.8259528241378381
N40_rate0p4_rep012_seed9814658091952193456,40,0.4,12,NP,,,1,1,initial_30s,28,2.154155969619751,578.0000000000139,14.450000000000347,106.15014431286572,2.653753607821643,0.8163492312926243
N40_rate0p4_rep012_seed9814658091952193456,40,0.4,12,NP,,,1,1,initial_30s,29,2.358876943588257,573.9999999999839,14.349999999999596,107.08902728734655,2.6772256821836637,0.8134337503704712
N40_rate0p4_rep012_seed9814658091952193456,40,0.4,12,NP,,,1,1,initial_30s,30,2.362330913543701,557.9999999999873,13.949999999999681,107.08902728734655,2.6772256821836637,0.8080841804886219
N40_rate0p4_rep012_seed9814658091952193456,40,0.4,12,NP,,,1,1,initial_30s,31,2.696643114089966,555.9999999999716,13.89999999999929,107.44792705917322,2.686198176479331,0.8067483326273763
N40_rate0p4_rep012_seed9814658091952193456,40,0.4,12,NP,,,1,1,initial_30s,32,3.6110188961029053,538.0,13.45,113.31702385333587,2.832925596333397,0.7893735616108999
N40_rate0p4_rep012_seed9814658091952193456,40,0.4,12,NP,,,1,1,initial_30s,33,11.640475034713745,533.9999999999768,13.34999999999942,137.49794119297962,3.437448529824491,0.7425132187397273
N40_rate0p4_rep012_seed9814658091952193456,40,0.4,12,NP,,,1,1,initial_30s,34,11.778016090393066,529.9999999999627,13.249999999999067,137.49794119297962,3.437448529824491,0.7405699222773787
N40_rate0p4_rep012_seed9814658091952193456,40,0.4,12,NP,,,1,1,initial_30s,35,11.975030899047852,527.9999999999745,13.199999999999363,137.49794119297962,3.437448529824491,0.7395872325890411
N40_rate0p4_rep012_seed9814658091952193456,40,0.4,12,NP,,,1,1,initial_30s,36,12.01092791557312,515.9999999999466,12.899999999998665,137.49794119297962,3.437448529824491,0.7335311217190041
N40_rate0p4_rep012_seed9814658091952193456,40,0.4,12,NP,,,1,1,initial_30s,37,12.010993003845215,511.99999999994316,12.79999999999858,137.49794119297962,3.437448529824491,0.7314493336074318
N40_rate0p4_rep012_seed9814658091952193456,40,0.4,12,NP,,,1,1,initial_30s,38,13.013613939285278,507.9999999999593,12.699999999998983,137.49794119297962,3.437448529824491,0.7293347614311207
N40_rate0p4_rep012_seed9814658091952193456,40,0.4,12,NP,,,1,1,initial_30s,39,13.013817071914673,503.9999999999295,12.599999999998237,137.49794119297962,3.437448529824491,0.7271866246170657
N40_rate0p4_rep012_seed9814658091952193456,40,0.4,12,NP,,,1,1,initial_30s,40,13.013858079910278,499.999999999947,12.499999999998675,137.49794119297962,3.437448529824491,0.7250041176140116
N40_rate0p4_rep012_seed9814658091952193456,40,0.4,12,NP,,,1,1,initial_30s,41,13.013895034790039,491.9999999999377,12.299999999998443,137.49794119297962,3.437448529824491,0.7205326398516321
N40_rate0p4_rep012_seed9814658091952193456,40,0.4,12,NP,,,1,1,initial_30s,42,14.178831100463867,483.99999999991223,12.099999999997806,137.49794119297962,3.437448529824491,0.7159133446425525
N40_rate0p4_rep012_seed9814658091952193456,40,0.4,12,NP,,,1,1,initial_30s,43,14.308006048202515,477.99999999991496,11.949999999997875,137.49794119297962,3.437448529824491,0.7123474033619162
N40_rate0p4_rep012_seed9814658091952193456,40,0.4,12,NP,,,1,1,initial_30s,44,14.30818510055542,471.9999999999029,11.799999999997572,137.49794119297962,3.437448529824491,0.7086908025571866
N40_rate0p4_rep012_seed9814658091952193456,40,0.4,12,NP,,,1,1,initial_30s,45,14.308291912078857,467.9999999999336,11.69999999999834,137.49794119297962,3.437448529824491,0.7062009803568394
N40_rate0p4_rep012_seed9814658091952193456,40,0.4,12,NP,,,1,1,initial_30s,46,15.855884075164795,457.9999999999368,11.44999999999842,137.49794119297962,3.437448529824491,0.6997861546004397
N40_rate0p4_rep012_seed9814658091952193456,40,0.4,12,NP,,,1,1,initial_30s,47,30.004247903823853,458.0,11.45,143.34026466210534,3.5835066165526337,0.6870299898207306
N40_rate0p4_rep012_seed9814658091952193456,40,0.4,12,CHP,4,4,,,initial_30s,0,0.0010890960693359375,1243.9999999999955,31.099999999999888,6.0,0.15,0.995176848874598
N40_rate0p4_rep012_seed9814658091952193456,40,0.4,12,CHP,4,4,,,initial_30s,1,0.0022029876708984375,583.0,14.575,6.0,0.15,0.9897084048027445
N40_rate0p4_rep012_seed9814658091952193456,40,0.4,12,CHP,4,4,,,initial_30s,2,0.002991199493408203,581.0000000000284,14.525000000000711,6.0,0.15,0.9896729776247853
N40_rate0p4_rep012_seed9814658091952193456,40,0.4,12,CHP,4,4,,,initial_30s,3,0.01656198501586914,573.0,14.325,177.50082587833572,4.437520646958393,0.6902254347673024
N40_rate0p4_rep012_seed9814658091952193456,40,0.4,12,CHP,4,4,,,initial_30s,4,0.021380186080932617,564.9999999999457,14.124999999998641,181.83989506923297,4.545997376730824,0.678159477753539
N40_rate0p4_rep012_seed9814658091952193456,40,0.4,12,CHP,4,4,,,initial_30s,5,0.026218175888061523,542.9999999998704,13.57499999999676,190.27525760919832,4.756881440229958,0.6495851609406192
N40_rate0p4_rep012_seed9814658091952193456,40,0.4,12,CHP,4,4,,,initial_30s,6,0.05823016166687012,537.9999999998777,13.449999999996942,206.59512651714556,5.164878162928639,0.6159941886297536
N40_rate0p4_rep012_seed9814658091952193456,40,0.4,12,CHP,4,4,,,initial_30s,7,0.06544613838195801,526.9999999998934,13.174999999997334,210.3219268266189,5.2580481706654725,0.600907159721705
N40_rate0p4_rep012_seed9814658091952193456,40,0.4,12,CHP,4,4,,,initial_30s,8,0.08314013481140137,510.999999999965,12.774999999999125,232.33559930538738,5.808389982634685,0.5453315082086041
N40_rate0p4_rep012_seed9814658091952193456,40,0.4,12,CHP,4,4,,,initial_30s,9,0.10280609130859375,495.0,12.375,239.204539193119,5.980113479827975,0.5167585066805677
N40_rate0p4_rep012_seed9814658091952193456,40,0.4,12,CHP,4,4,,,initial_30s,10,0.12813520431518555,491.0,12.275,254.97270258980194,6.3743175647450485,0.4807073267010144
N40_rate0p4_rep012_seed9814658091952193456,40,0.4,12,CHP,4,4,,,initial_30s,11,0.13654017448425293,474.9999999998986,11.874999999997465,264.6670210409245,6.616675526023113,0.44280627149267154
N40_rate0p4_rep012_seed9814658091952193456,40,0.4,12,CHP,4,4,,,initial_30s,12,0.16201400756835938,466.9999999999777,11.674999999999443,276.15909090905967,6.903977272726491,0.4086529102589446
N40_rate0p4_rep012_seed9814658091952193456,40,0.4,12,CHP,4,4,,,initial_30s,13,0.37917208671569824,467.0,11.675,466.9999999999777,11.674999999999443,4.771439013583885e-14
N40_rate0p4_rep012_seed9814658091952193456,40,0.4,12,PP,4,4,4,4,initial_30s,0,0.0014870166778564453,1243.9999999999977,31.099999999999945,6.0,0.15,0.995176848874598
N40_rate0p4_rep012_seed9814658091952193456,40,0.4,12,PP,4,4,4,4,initial_30s,1,0.0033550262451171875,827.9999999997767,20.699999999994418,6.0,0.15,0.9927536231884039
N40_rate0p4_rep012_seed9814658091952193456,40,0.4,12,PP,4,4,4,4,initial_30s,2,0.0060460567474365234,819.9999999998745,20.499999999996863,6.0,0.15,0.9926829268292672
N40_rate0p4_rep012_seed9814658091952193456,40,0.4,12,PP,4,4,4,4,initial_30s,3,0.007803201675415039,740.999999999859,18.524999999996474,101.5398985858731,2.5384974646468277,0.8629690977248416
N40_rate0p4_rep012_seed9814658091952193456,40,0.4,12,PP,4,4,4,4,initial_30s,4,0.011718988418579102,686.9999999999072,17.17499999999768,137.15547956584328,3.428886989146082,0.8003559249405214
N40_rate0p4_rep012_seed9814658091952193456,40,0.4,12,PP,4,4,4,4,initial_30s,5,0.02736210823059082,666.9999999999104,16.67499999999776,158.8483950497029,3.9712098762425727,0.761846484183322
N40_rate0p4_rep012_seed9814658091952193456,40,0.4,12,PP,4,4,4,4,initial_30s,6,0.028902053833007812,662.9999999998913,16.57499999999728,158.8483950497029,3.9712098762425727,0.7604096605584783
N40_rate0p4_rep012_seed9814658091952193456,40,0.4,12,PP,4,4,4,4,initial_30s,7,0.03208518028259277,656.9999999999068,16.42499999999767,158.8483950497029,3.9712098762425727,0.7582216209288806
N40_rate0p4_rep012_seed9814658091952193456,40,0.4,12,PP,4,4,4,4,initial_30s,8,0.03213214874267578,654.9999999999068,16.37499999999767,158.8483950497029,3.9712098762425727,0.757483366336297
N40_rate0p4_rep012_seed9814658091952193456,40,0.4,12,PP,4,4,4,4,initial_30s,9,0.038244009017944336,630.9999999998295,15.774999999995737,161.0431907395306,4.026079768488264,0.7447809972431472
N40_rate0p4_rep012_seed9814658091952193456,40,0.4,12,PP,4,4,4,4,initial_30s,10,0.03827404975891113,612.9999999998465,15.324999999996162,161.0431907395306,4.026079768488264,0.7372868014036363
N40_rate0p4_rep012_seed9814658091952193456,40,0.4,12,PP,4,4,4,4,initial_30s,11,0.04129219055175781,574.9999999999325,14.374999999998312,161.77019413368578,4.044254853342144,0.718660531941383
N40_rate0p4_rep012_seed9814658091952193456,40,0.4,12,PP,4,4,4,4,initial_30s,12,0.04605817794799805,562.999999999927,14.074999999998175,163.32340647199905,4.083085161799977,0.709905139481314
N40_rate0p4_rep012_seed9814658091952193456,40,0.4,12,PP,4,4,4,4,initial_30s,13,0.04608798027038574,554.9999999999409,13.874999999998522,163.32340647199905,4.083085161799977,0.7057235919423127
N40_rate0p4_rep012_seed9814658091952193456,40,0.4,12,PP,4,4,4,4,initial_30s,14,0.05390119552612305,544.9999999999745,13.624999999999364,163.32340647199905,4.083085161799977,0.7003240248220061
N40_rate0p4_rep012_seed9814658091952193456,40,0.4,12,PP,4,4,4,4,initial_30s,15,0.053930044174194336,536.9999999999279,13.424999999998198,163.32340647199905,4.083085161799977,0.6958595782643929
N40_rate0p4_rep012_seed9814658091952193456,40,0.4,12,PP,4,4,4,4,initial_30s,16,0.05395102500915527,532.9999999999279,13.324999999998198,163.32340647199905,4.083085161799977,0.693577098551555
N40_rate0p4_rep012_seed9814658091952193456,40,0.4,12,PP,4,4,4,4,initial_30s,17,0.08208513259887695,528.9999999999566,13.224999999998914,172.39305741010793,4.309826435252698,0.6741152033835122
N40_rate0p4_rep012_seed9814658091952193456,40,0.4,12,PP,4,4,4,4,initial_30s,18,0.10647416114807129,525.0,13.125,175.81546566245981,4.395386641561496,0.6651133987381718
N40_rate0p4_rep012_seed9814658091952193456,40,0.4,12,PP,4,4,4,4,initial_30s,19,0.11896419525146484,514.9999999998845,12.874999999997112,188.49391434338645,4.712347858584661,0.6339923993331481
N40_rate0p4_rep012_seed9814658091952193456,40,0.4,12,PP,4,4,4,4,initial_30s,20,0.1190040111541748,512.9999999998845,12.824999999997113,188.49391434338645,4.712347858584661,0.632565469116123
N40_rate0p4_rep012_seed9814658091952193456,40,0.4,12,PP,4,4,4,4,initial_30s,21,0.11902499198913574,510.9999999998845,12.774999999997112,188.49391434338645,4.712347858584661,0.6311273691909411
N40_rate0p4_rep012_seed9814658091952193456,40,0.4,12,PP,4,4,4,4,initial_30s,22,0.16321420669555664,505.0000000000009,12.625000000000023,223.82423119897317,5.5956057799743295,0.5567837005960935
N40_rate0p4_rep012_seed9814658091952193456,40,0.4,12,PP,4,4,4,4,initial_30s,23,0.18379902839660645,499.00000000000773,12.475000000000193,225.1902258245811,5.6297556456145275,0.5487169823154757
N40_rate0p4_rep012_seed9814658091952193456,40,0.4,12,PP,4,4,4,4,initial_30s,24,0.18421506881713867,486.99999999996703,12.174999999999176,225.1902258245811,5.6297556456145275,0.537597072228755
N40_rate0p4_rep012_seed9814658091952193456,40,0.4,12,PP,4,4,4,4,initial_30s,25,0.33382701873779297,480.9999999999277,12.024999999998192,244.66374269004706,6.116593567251177,0.491343570290886
N40_rate0p4_rep012_seed9814658091952193456,40,0.4,12,PP,4,4,4,4,initial_30s,26,1.1174390316009521,470.9999999999918,11.774999999999796,249.1807447195696,6.22951861798924,0.47095383286714665
N40_rate0p4_rep012_seed9814658091952193456,40,0.4,12,PP,4,4,4,4,initial_30s,27,1.434683084487915,466.99999999999227,11.674999999999807,309.91692830028,7.747923207507,0.33636632055613463
N40_rate0p4_rep012_seed9814658091952193456,40,0.4,12,PP,4,4,4,4,initial_30s,28,1.923969030380249,467.0,11.675,466.99999999999227,11.674999999999807,1.655397208794409e-14
N40_rate0p4_rep013_seed16148376088009651949,40,0.4,13,NP,,,1,1,initial_30s,0,0.007030963897705078,636.9999999999982,15.924999999999955,20.0,0.5,0.9686028257456828
N40_rate0p4_rep013_seed16148376088009651949,40,0.4,13,NP,,,1,1,initial_30s,1,0.0274660587310791,626.0000000000402,15.650000000001006,73.34829215969137,1.8337073039922842,0.8828302042177529
N40_rate0p4_rep013_seed16148376088009651949,40,0.4,13,NP,,,1,1,initial_30s,2,0.027647018432617188,622.0000000000427,15.550000000001068,73.34829215969137,1.8337073039922842,0.8820767007078998
N40_rate0p4_rep013_seed16148376088009651949,40,0.4,13,NP,,,1,1,initial_30s,3,0.2238478660583496,618.0000000000755,15.450000000001888,105.26046272795679,2.6315115681989196,0.8296756266538124
N40_rate0p4_rep013_seed16148376088009651949,40,0.4,13,NP,,,1,1,initial_30s,4,0.22391700744628906,614.0000000000914,15.350000000002286,105.26046272795679,2.6315115681989196,0.8285660216157311
N40_rate0p4_rep013_seed16148376088009651949,40,0.4,13,NP,,,1,1,initial_30s,5,0.6199159622192383,606.0000000000032,15.15000000000008,115.58565882456932,2.889641470614233,0.8092645893984014
N40_rate0p4_rep013_seed16148376088009651949,40,0.4,13,NP,,,1,1,initial_30s,6,0.6442029476165771,587.9999999999732,14.69999999999933,117.51971403252348,2.937992850813087,0.8001365407610054
N40_rate0p4_rep013_seed16148376088009651949,40,0.4,13,NP,,,1,1,initial_30s,7,1.286146879196167,581.9999999999932,14.54999999999983,122.80490169363509,3.070122542340877,0.7889950142721022
N40_rate0p4_rep013_seed16148376088009651949,40,0.4,13,NP,,,1,1,initial_30s,8,1.939850091934204,579.9999999999568,14.49999999999892,127.27795288970839,3.1819488222427097,0.7805552536384175
N40_rate0p4_rep013_seed16148376088009651949,40,0.4,13,NP,,,1,1,initial_30s,9,2.4061238765716553,574.0000000000291,14.350000000000728,127.27795288970839,3.1819488222427097,0.7782614061155019
N40_rate0p4_rep013_seed16148376088009651949,40,0.4,13,NP,,,1,1,initial_30s,10,3.0043139457702637,547.9999999998474,13.699999999996185,127.27795288970839,3.1819488222427097,0.7677409618800295
N40_rate0p4_rep013_seed16148376088009651949,40,0.4,13,NP,,,1,1,initial_30s,11,3.0044009685516357,541.9999999998331,13.549999999995828,127.27795288970839,3.1819488222427097,0.7651698286167019
N40_rate0p4_rep013_seed16148376088009651949,40,0.4,13,NP,,,1,1,initial_30s,12,4.022907972335815,539.9999999999493,13.499999999998732,127.49568465187859,3.187392116296965,0.7638968802742767
N40_rate0p4_rep013_seed16148376088009651949,40,0.4,13,NP,,,1,1,initial_30s,13,7.107558965682983,534.0,13.35,152.26598431035006,3.8066496077587515,0.7148577072839887
N40_rate0p4_rep013_seed16148376088009651949,40,0.4,13,NP,,,1,1,initial_30s,14,30.00379705429077,534.0,13.35,175.1654826979679,4.379137067449197,0.6719747515019328
N40_rate0p4_rep013_seed16148376088009651949,40,0.4,13,CHP,4,4,,,initial_30s,0,0.0009791851043701172,636.9999999999977,15.924999999999944,20.0,0.5,0.9686028257456828
N40_rate0p4_rep013_seed16148376088009651949,40,0.4,13,CHP,4,4,,,initial_30s,1,0.0052530765533447266,621.9999999999093,15.549999999997732,309.0847482435541,7.727118706088852,0.5030791828881043
N40_rate0p4_rep013_seed16148376088009651949,40,0.4,13,CHP,4,4,,,initial_30s,2,0.022254228591918945,622.0,15.55,621.9999999999093,15.549999999997732,1.458554606139061e-13
N40_rate0p4_rep013_seed16148376088009651949,40,0.4,13,PP,4,4,4,4,initial_30s,0,0.0012638568878173828,636.9999999999982,15.924999999999955,20.0,0.5,0.9686028257456828
N40_rate0p4_rep013_seed16148376088009651949,40,0.4,13,PP,4,4,4,4,initial_30s,1,0.02748703956604004,634.9999999999905,15.874999999999762,189.8385095032396,4.7459627375809905,0.7010417173177284
N40_rate0p4_rep013_seed16148376088009651949,40,0.4,13,PP,4,4,4,4,initial_30s,2,0.028656959533691406,613.9999999999627,15.349999999999067,189.83956371373313,4.745989092843328,0.6908150428114908
N40_rate0p4_rep013_seed16148376088009651949,40,0.4,13,PP,4,4,4,4,initial_30s,3,0.04112386703491211,605.9999999999297,15.149999999998244,193.2123206954036,4.83030801738509,0.6811677876313103
N40_rate0p4_rep013_seed16148376088009651949,40,0.4,13,PP,4,4,4,4,initial_30s,4,0.050611019134521484,558.0,13.95,219.3220185340966,5.483050463352415,0.6069497875733035
N40_rate0p4_rep013_seed16148376088009651949,40,0.4,13,PP,4,4,4,4,initial_30s,5,0.14760589599609375,533.9999999999934,13.349999999999834,292.0054347826065,7.300135869565163,0.45317334310372637
N40_rate0p4_rep013_seed16148376088009651949,40,0.4,13,PP,4,4,4,4,initial_30s,6,0.22992587089538574,530.9999999999532,13.27499999999883,369.503131201569,9.237578280039225,0.30413722937551496
N40_rate0p4_rep013_seed16148376088009651949,40,0.4,13,PP,4,4,4,4,initial_30s,7,0.29434895515441895,531.0,13.275,530.9999999999532,13.27499999999883,8.820899649963428e-14
N40_rate0p4_rep014_seed7164672300365413566,40,0.4,14,NP,,,1,1,initial_30s,0,0.007106781005859375,751.9999999999982,18.799999999999955,14.0,0.35,0.9813829787234042
N40_rate0p4_rep014_seed7164672300365413566,40,0.4,14,NP,,,1,1,initial_30s,1,0.020222902297973633,748.0000000000505,18.70000000000126,14.0,0.35,0.9812834224598943
N40_rate0p4_rep014_seed7164672300365413566,40,0.4,14,NP,,,1,1,initial_30s,2,0.020409822463989258,744.0000000000437,18.600000000001092,14.0,0.35,0.9811827956989259
N40_rate0p4_rep014_seed7164672300365413566,40,0.4,14,NP,,,1,1,initial_30s,3,0.020546913146972656,740.00000000004,18.500000000001002,14.0,0.35,0.981081081081082
N40_rate0p4_rep014_seed7164672300365413566,40,0.4,14,NP,,,1,1,initial_30s,4,0.021747827529907227,736.0000000000593,18.400000000001484,14.0,0.35,0.9809782608695667
N40_rate0p4_rep014_seed7164672300365413566,40,0.4,14,NP,,,1,1,initial_30s,5,0.2733879089355469,715.0000000000141,17.87500000000035,108.18227963511504,2.704556990877876,0.8486961123984434
N40_rate0p4_rep014_seed7164672300365413566,40,0.4,14,NP,,,1,1,initial_30s,6,0.3246939182281494,701.9999999999427,17.54999999999857,109.09293457393824,2.727323364348456,0.8445969592963716
N40_rate0p4_rep014_seed7164672300365413566,40,0.4,14,NP,,,1,1,initial_30s,7,0.32481980323791504,694.9999999999413,17.374999999998533,109.09293457393824,2.727323364348456,0.8430317488144641
N40_rate0p4_rep014_seed7164672300365413566,40,0.4,14,NP,,,1,1,initial_30s,8,0.3730008602142334,670.9999999999438,16.774999999998595,109.11279582174018,2.7278198955435045,0.8373877856605823
N40_rate0p4_rep014_seed7164672300365413566,40,0.4,14,NP,,,1,1,initial_30s,9,0.4096558094024658,661.000000000015,16.525000000000375,109.17922710907452,2.7294806777268628,0.8348271904552617
N40_rate0p4_rep014_seed7164672300365413566,40,0.4,14,NP,,,1,1,initial_30s,10,0.4318218231201172,630.9999999999709,15.774999999999272,110.13317862719484,2.753329465679871,0.8254624744418384
N40_rate0p4_rep014_seed7164672300365413566,40,0.4,14,NP,,,1,1,initial_30s,11,0.5091300010681152,624.0,15.6,111.56956917325763,2.7892392293314408,0.8212026135043948
N40_rate0p4_rep014_seed7164672300365413566,40,0.4,14,NP,,,1,1,initial_30s,12,0.5094108581542969,614.0,15.35,111.56956917325763,2.7892392293314408,0.8182906039523492
N40_rate0p4_rep014_seed7164672300365413566,40,0.4,14,NP,,,1,1,initial_30s,13,0.6585488319396973,606.0,15.15,113.75200929109336,2.843800232277334,0.812290413711067
N40_rate0p4_rep014_seed7164672300365413566,40,0.4,14,NP,,,1,1,initial_30s,14,0.8287878036499023,595.9999999999955,14.899999999999887,113.75200929109336,2.843800232277334,0.8091409240082311
N40_rate0p4_rep014_seed7164672300365413566,40,0.4,14,NP,,,1,1,initial_30s,15,0.8290297985076904,585.9999999999961,14.649999999999903,113.75200929109336,2.843800232277334,0.8058839431892592
N40_rate0p4_rep014_seed7164672300365413566,40,0.4,14,NP,,,1,1,initial_30s,16,0.8291499614715576,569.9999999999725,14.249999999999313,113.75200929109336,2.843800232277334,0.8004350714191248
N40_rate0p4_rep014_seed7164672300365413566,40,0.4,14,NP,,,1,1,initial_30s,17,0.8292839527130127,555.9999999999916,13.899999999999789,113.75200929109336,2.843800232277334,0.7954100552318434
N40_rate0p4_rep014_seed7164672300365413566,40,0.4,14,NP,,,1,1,initial_30s,18,0.8294069766998291,544.0000000000148,13.60000000000037,113.75200929109336,2.843800232277334,0.7908970417443193
N40_rate0p4_rep014_seed7164672300365413566,40,0.4,14,NP,,,1,1,initial_30s,19,30.019402980804443,544.0,13.6,187.4819529837,4.6870488245925,0.6553640570152574
N40_rate0p4_rep014_seed7164672300365413566,40,0.4,14,CHP,4,4,,,initial_30s,0,0.0011320114135742188,751.9999999999982,18.799999999999955,14.0,0.35,0.9813829787234042
N40_rate0p4_rep014_seed7164672300365413566,40,0.4,14,CHP,4,4,,,initial_30s,1,0.0013480186462402344,735.9999999997772,18.399999999994428,14.0,0.35,0.9809782608695594
N40_rate0p4_rep014_seed7164672300365413566,40,0.4,14,CHP,4,4,,,initial_30s,2,0.002213001251220703,731.9999999998918,18.299999999997294,14.0,0.35,0.9808743169398879
N40_rate0p4_rep014_seed7164672300365413566,40,0.4,14,CHP,4,4,,,initial_30s,3,0.003390073776245117,729.9999999999204,18.24999999999801,14.0,0.35,0.980821917808217
N40_rate0p4_rep014_seed7164672300365413566,40,0.4,14,CHP,4,4,,,initial_30s,4,0.00835108757019043,725.9999999999011,18.149999999997526,203.70408521867657,5.092602130466914,0.719415860580297
N40_rate0p4_rep014_seed7164672300365413566,40,0.4,14,CHP,4,4,,,initial_30s,5,0.013081073760986328,703.9999999998913,17.599999999997284,218.99999999999432,5.4749999999998575,0.6889204545454146
N40_rate0p4_rep014_seed7164672300365413566,40,0.4,14,CHP,4,4,,,initial_30s,6,0.013098955154418945,699.9999999999329,17.499999999998323,229.9999999999975,5.749999999999938,0.6714285714285435
N40_rate0p4_rep014_seed7164672300365413566,40,0.4,14,CHP,4,4,,,initial_30s,7,0.015241146087646484,691.9999999999964,17.29999999999991,254.99999999998977,6.374999999999744,0.6315028901734232
N40_rate0p4_rep014_seed7164672300365413566,40,0.4,14,CHP,4,4,,,initial_30s,8,0.019149065017700195,677.999999999997,16.949999999999925,271.99999999999034,6.799999999999758,0.5988200589970627
N40_rate0p4_rep014_seed7164672300365413566,40,0.4,14,CHP,4,4,,,initial_30s,9,0.03936910629272461,647.9999999999923,16.199999999999807,312.9999999999877,7.824999999999693,0.5169753086419885
N40_rate0p4_rep014_seed7164672300365413566,40,0.4,14,CHP,4,4,,,initial_30s,10,0.0430140495300293,643.9999999999736,16.09999999999934,312.9999999999877,7.824999999999693,0.5139751552795022
N40_rate0p4_rep014_seed7164672300365413566,40,0.4,14,CHP,4,4,,,initial_30s,11,0.04559493064880371,634.0,15.85,312.9999999999877,7.824999999999693,0.5063091482650036
N40_rate0p4_rep014_seed7164672300365413566,40,0.4,14,CHP,4,4,,,initial_30s,12,0.046859025955200195,615.9999999999868,15.39999999999967,333.48273809522254,8.337068452380564,0.4586319186765752
N40_rate0p4_rep014_seed7164672300365413566,40,0.4,14,CHP,4,4,,,initial_30s,13,0.04981803894042969,612.0,15.3,333.48273809522254,8.337068452380564,0.4550935652038847
N40_rate0p4_rep014_seed7164672300365413566,40,0.4,14,CHP,4,4,,,initial_30s,14,0.061797142028808594,605.9999999999927,15.149999999999817,413.9999999999965,10.349999999999913,0.31683168316831445
N40_rate0p4_rep014_seed7164672300365413566,40,0.4,14,CHP,4,4,,,initial_30s,15,0.06661701202392578,597.9999999999673,14.949999999999182,442.99999999999454,11.074999999999864,0.2591973244146843
N40_rate0p4_rep014_seed7164672300365413566,40,0.4,14,CHP,4,4,,,initial_30s,16,0.08708596229553223,595.9999999999927,14.899999999999817,484.9999999999886,12.124999999999714,0.18624161073826426
N40_rate0p4_rep014_seed7164672300365413566,40,0.4,14,CHP,4,4,,,initial_30s,17,0.09142398834228516,587.9999999999673,14.699999999999182,517.0000000000001,12.925000000000002,0.12074829931967873
N40_rate0p4_rep014_seed7164672300365413566,40,0.4,14,CHP,4,4,,,initial_30s,18,0.09344816207885742,588.0,14.7,587.9999999999673,14.699999999999182,5.568334908813846e-14
N40_rate0p4_rep014_seed7164672300365413566,40,0.4,14,PP,4,4,4,4,initial_30s,0,0.0016078948974609375,751.999999999998,18.799999999999947,14.0,0.35,0.9813829787234042
N40_rate0p4_rep014_seed7164672300365413566,40,0.4,14,PP,4,4,4,4,initial_30s,1,0.0021369457244873047,735.9999999999538,18.399999999998847,14.0,0.35,0.9809782608695641
N40_rate0p4_rep014_seed7164672300365413566,40,0.4,14,PP,4,4,4,4,initial_30s,2,0.00362396240234375,630.0,15.75,14.0,0.35,0.9777777777777777
N40_rate0p4_rep014_seed7164672300365413566,40,0.4,14,PP,4,4,4,4,initial_30s,3,0.143690824508667,628.0,15.7,225.72514806909112,5.643128701727278,0.6405650508453963
N40_rate0p4_rep014_seed7164672300365413566,40,0.4,14,PP,4,4,4,4,initial_30s,4,0.21845698356628418,619.999999999998,15.499999999999948,330.87924230465694,8.271981057616424,0.46632380273442253
N40_rate0p4_rep014_seed7164672300365413566,40,0.4,14,PP,4,4,4,4,initial_30s,5,0.21853399276733398,611.9999999999684,15.29999999999921,330.87924230465694,8.271981057616424,0.4593476432930163
N40_rate0p4_rep014_seed7164672300365413566,40,0.4,14,PP,4,4,4,4,initial_30s,6,0.23186898231506348,610.0,15.25,330.87924230465694,8.271981057616424,0.45757501261531647
N40_rate0p4_rep014_seed7164672300365413566,40,0.4,14,PP,4,4,4,4,initial_30s,7,0.23194479942321777,603.9999999999998,15.099999999999994,330.87924230465694,8.271981057616424,0.45218668492606445
N40_rate0p4_rep014_seed7164672300365413566,40,0.4,14,PP,4,4,4,4,initial_30s,8,0.8519949913024902,595.9999999999902,14.899999999999755,372.9999999999974,9.324999999999935,0.37416107382549746
N40_rate0p4_rep014_seed7164672300365413566,40,0.4,14,PP,4,4,4,4,initial_30s,9,1.1843228340148926,592.0,14.8,511.9999999999966,12.799999999999915,0.1351351351351409
N40_rate0p4_rep014_seed7164672300365413566,40,0.4,14,PP,4,4,4,4,initial_30s,10,1.2422518730163574,588.0,14.7,541.9999999999897,13.549999999999741,0.0782312925170244
N40_rate0p4_rep014_seed7164672300365413566,40,0.4,14,PP,4,4,4,4,initial_30s,11,1.2587637901306152,588.0,14.7,588.0,14.7,0.0
N40_rate0p4_rep015_seed399486093693210508,40,0.4,15,NP,,,1,1,initial_30s,0,0.00733494758605957,1237.9999999999977,30.949999999999942,12.0,0.3,0.9903069466882067
N40_rate0p4_rep015_seed399486093693210508,40,0.4,15,NP,,,1,1,initial_30s,1,0.16673803329467773,1100.9999999999472,27.52499999999868,89.39018502411545,2.2347546256028865,0.918810004519419
N40_rate0p4_rep015_seed399486093693210508,40,0.4,15,NP,,,1,1,initial_30s,2,0.16686606407165527,1096.9999999999472,27.424999999998683,89.39018502411545,2.2347546256028865,0.9185139607802008
N40_rate0p4_rep015_seed399486093693210508,40,0.4,15,NP,,,1,1,initial_30s,3,0.18127799034118652,1060.9999999999468,26.52499999999867,90.95280880578662,2.2738202201446653,0.9142763347730526
N40_rate0p4_rep015_seed399486093693210508,40,0.4,15,NP,,,1,1,initial_30s,4,0.23946499824523926,927.99999999996,23.199999999999,92.21078195075506,2.3052695487688766,0.9006349332427166
N40_rate0p4_rep015_seed399486093693210508,40,0.4,15,NP,,,1,1,initial_30s,5,0.2395789623260498,907.9999999999523,22.699999999998806,92.21078195075506,2.3052695487688766,0.8984462753846256
N40_rate0p4_rep015_seed399486093693210508,40,0.4,15,NP,,,1,1,initial_30s,6,0.24498295783996582,863.9999999997137,21.599999999992843,92.30980154360861,2.307745038590215,0.8931599519170843
N40_rate0p4_rep015_seed399486093693210508,40,0.4,15,NP,,,1,1,initial_30s,7,0.2451159954071045,801.9999999999627,20.049999999999066,92.30980154360861,2.307745038590215,0.8849004968284129
N40_rate0p4_rep015_seed399486093693210508,40,0.4,15,NP,,,1,1,initial_30s,8,0.44974207878112793,797.9999999999927,19.949999999999818,97.00929086701682,2.42523227167542,0.8784344725977221
N40_rate0p4_rep015_seed399486093693210508,40,0.4,15,NP,,,1,1,initial_30s,9,0.4927198886871338,741.9999999999168,18.54999999999792,99.11958460300328,2.477989615075082,0.866415654173835
N40_rate0p4_rep015_seed399486093693210508,40,0.4,15,NP,,,1,1,initial_30s,10,0.5931119918823242,658.0,16.45,99.11958460300328,2.477989615075082,0.8493623334300862
N40_rate0p4_rep015_seed399486093693210508,40,0.4,15,NP,,,1,1,initial_30s,11,0.895672082901001,648.0000000000109,16.200000000000273,99.36174340318831,2.484043585079708,0.8466639762296503
N40_rate0p4_rep015_seed399486093693210508,40,0.4,15,NP,,,1,1,initial_30s,12,0.8959729671478271,644.0000000000505,16.100000000001263,99.36174340318831,2.484043585079708,0.8457115785664899
N40_rate0p4_rep015_seed399486093693210508,40,0.4,15,NP,,,1,1,initial_30s,13,4.451359987258911,637.9999999999964,15.949999999999909,133.90253919082798,3.3475634797706997,0.7901214119266008
N40_rate0p4_rep015_seed399486093693210508,40,0.4,15,NP,,,1,1,initial_30s,14,9.423212051391602,633.9999999998154,15.849999999995385,159.0610702964527,3.9765267574113174,0.7491150310780772
N40_rate0p4_rep015_seed399486093693210508,40,0.4,15,NP,,,1,1,initial_30s,15,15.990778923034668,605.9999999999986,15.149999999999967,159.0610702964527,3.9765267574113174,0.7375229863094833
N40_rate0p4_rep015_seed399486093693210508,40,0.4,15,NP,,,1,1,initial_30s,16,16.205451011657715,570.0,14.25,159.0610702964527,3.9765267574113174,0.7209454907079776
N40_rate0p4_rep015_seed399486093693210508,40,0.4,15,NP,,,1,1,initial_30s,17,17.172205924987793,561.9999999999907,14.049999999999766,159.0610702964527,3.9765267574113174,0.7169731845258801
N40_rate0p4_rep015_seed399486093693210508,40,0.4,15,NP,,,1,1,initial_30s,18,27.416542053222656,553.9999999999823,13.849999999999557,182.71272767284253,4.567818191821063,0.6701936323594794
N40_rate0p4_rep015_seed399486093693210508,40,0.4,15,NP,,,1,1,initial_30s,19,30.007363080978394,554.0,13.85,182.71272767284253,4.567818191821063,0.6701936323594899
N40_rate0p4_rep015_seed399486093693210508,40,0.4,15,CHP,4,4,,,initial_30s,0,0.0009899139404296875,1237.9999999999973,30.949999999999932,12.0,0.3,0.9903069466882067
N40_rate0p4_rep015_seed399486093693210508,40,0.4,15,CHP,4,4,,,initial_30s,1,0.0017578601837158203,729.9999999999131,18.24999999999783,12.0,0.3,0.9835616438356145
N40_rate0p4_rep015_seed399486093693210508,40,0.4,15,CHP,4,4,,,initial_30s,2,0.0018658638000488281,725.9999999996735,18.149999999991838,12.0,0.3,0.9834710743801579
N40_rate0p4_rep015_seed399486093693210508,40,0.4,15,CHP,4,4,,,initial_30s,3,0.001954793930053711,709.9999999997679,17.749999999994195,12.0,0.3,0.9830985915492902
N40_rate0p4_rep015_seed399486093693210508,40,0.4,15,CHP,4,4,,,initial_30s,4,0.002125978469848633,701.9999999998349,17.549999999995872,12.0,0.3,0.9829059829059789
N40_rate0p4_rep015_seed399486093693210508,40,0.4,15,CHP,4,4,,,initial_30s,5,0.0026998519897460938,622.0,15.55,31.0,0.775,0.9501607717041801
N40_rate0p4_rep015_seed399486093693210508,40,0.4,15,CHP,4,4,,,initial_30s,6,0.0030798912048339844,574.0,14.35,176.89133650016697,4.422283412504174,0.6918269398951795
N40_rate0p4_rep015_seed399486093693210508,40,0.4,15,CHP,4,4,,,initial_30s,7,0.0062618255615234375,572.9999999999286,14.324999999998216,246.99999999999068,6.174999999999767,0.5689354275741336
N40_rate0p4_rep015_seed399486093693210508,40,0.4,15,CHP,4,4,,,initial_30s,8,0.010605812072753906,568.999999999942,14.22499999999855,314.99999999998863,7.874999999999716,0.4463971880491727
N40_rate0p4_rep015_seed399486093693210508,40,0.4,15,CHP,4,4,,,initial_30s,9,0.010621786117553711,564.9999999999563,14.12499999999891,314.99999999998863,7.874999999999716,0.44247787610617173
N40_rate0p4_rep015_seed399486093693210508,40,0.4,15,CHP,4,4,,,initial_30s,10,0.01658487319946289,562.0000000000005,14.050000000000011,315.99999999998556,7.899999999999639,0.43772241992885175
N40_rate0p4_rep015_seed399486093693210508,40,0.4,15,CHP,4,4,,,initial_30s,11,0.017779827117919922,540.9999999999477,13.524999999998693,323.76968911915543,8.094242227978885,0.4015347705745162
N40_rate0p4_rep015_seed399486093693210508,40,0.4,15,CHP,4,4,,,initial_30s,12,0.02046489715576172,528.9999999999468,13.22499999999867,338.499999999996,8.4624999999999,0.36011342155003767
N40_rate0p4_rep015_seed399486093693210508,40,0.4,15,CHP,4,4,,,initial_30s,13,0.021394968032836914,512.99999999998,12.8249999999995,340.00686106346177,8.500171526586545,0.3372185944181773
N40_rate0p4_rep015_seed399486093693210508,40,0.4,15,CHP,4,4,,,initial_30s,14,0.02574777603149414,513.0,12.825,512.99999999998,12.8249999999995,3.900367142106125e-14
N40_rate0p4_rep015_seed399486093693210508,40,0.4,15,PP,4,4,4,4,initial_30s,0,0.0031588077545166016,1237.9999999999973,30.949999999999932,12.0,0.3,0.9903069466882067
N40_rate0p4_rep015_seed399486093693210508,40,0.4,15,PP,4,4,4,4,initial_30s,1,0.0045239925384521484,837.999999999744,20.9499999999936,12.0,0.3,0.9856801909307832
N40_rate0p4_rep015_seed399486093693210508,40,0.4,15,PP,4,4,4,4,initial_30s,2,0.004739999771118164,829.999999999558,20.74999999998895,12.0,0.3,0.9855421686746911
N40_rate0p4_rep015_seed399486093693210508,40,0.4,15,PP,4,4,4,4,initial_30s,3,0.005259037017822266,821.9999999996367,20.549999999990916,12.0,0.3,0.9854014598540082
N40_rate0p4_rep015_seed399486093693210508,40,0.4,15,PP,4,4,4,4,initial_30s,4,0.0054628849029541016,809.9999999996367,20.249999999990916,12.0,0.3,0.9851851851851785
N40_rate0p4_rep015_seed399486093693210508,40,0.4,15,PP,4,4,4,4,initial_30s,5,0.007301807403564453,713.9999999997146,17.849999999992868,96.7162594642683,2.4179064866067077,0.8645430539715588
N40_rate0p4_rep015_seed399486093693210508,40,0.4,15,PP,4,4,4,4,initial_30s,6,0.007817983627319336,650.0000000000005,16.25000000000001,96.7162594642683,2.4179064866067077,0.8512057546703565
N40_rate0p4_rep015_seed399486093693210508,40,0.4,15,PP,4,4,4,4,initial_30s,7,0.01220703125,625.9999999998183,15.649999999995458,131.67697503094664,3.291924375773666,0.7896533945191935
N40_rate0p4_rep015_seed399486093693210508,40,0.4,15,PP,4,4,4,4,initial_30s,8,0.03282785415649414,623.9999999999113,15.599999999997783,162.81660077421907,4.070415019355477,0.7390759602976887
N40_rate0p4_rep015_seed399486093693210508,40,0.4,15,PP,4,4,4,4,initial_30s,9,0.0328519344329834,579.9999999999327,14.499999999998318,162.81660077421907,4.070415019355477,0.719281722803038
N40_rate0p4_rep015_seed399486093693210508,40,0.4,15,PP,4,4,4,4,initial_30s,10,0.08830094337463379,574.0,14.35,209.42375262815304,5.235593815703826,0.6351502567453781
N40_rate0p4_rep015_seed399486093693210508,40,0.4,15,PP,4,4,4,4,initial_30s,11,0.08839297294616699,534.0,13.35,209.42375262815304,5.235593815703826,0.6078206879622603
N40_rate0p4_rep015_seed399486093693210508,40,0.4,15,PP,4,4,4,4,initial_30s,12,0.7233560085296631,533.0,13.325,328.84301035146746,8.221075258786687,0.38303375168580217
N40_rate0p4_rep015_seed399486093693210508,40,0.4,15,PP,4,4,4,4,initial_30s,13,0.7622208595275879,516.9999999999973,12.924999999999931,341.5569200155036,8.53892300038759,0.33934831718470915
N40_rate0p4_rep015_seed399486093693210508,40,0.4,15,PP,4,4,4,4,initial_30s,14,0.7802820205688477,512.9999999999709,12.824999999999273,343.7962358686673,8.594905896716682,0.32983189889144876
N40_rate0p4_rep015_seed399486093693210508,40,0.4,15,PP,4,4,4,4,initial_30s,15,0.9353978633880615,513.0,12.825,512.9999999999709,12.824999999999273,5.673261297608909e-14
N40_rate0p4_rep016_seed1513289843333091411,40,0.4,16,NP,,,1,1,initial_30s,0,0.00791478157043457,706.9999999999982,17.674999999999955,14.0,0.35,0.9801980198019802
N40_rate0p4_rep016_seed1513289843333091411,40,0.4,16,NP,,,1,1,initial_30s,1,0.018613815307617188,663.9999999999752,16.59999999999938,14.0,0.35,0.9789156626506016
N40_rate0p4_rep016_seed1513289843333091411,40,0.4,16,NP,,,1,1,initial_30s,2,0.05086088180541992,648.0000000000066,16.200000000000166,83.18862486280727,2.0797156215701817,0.8716224924956691
N40_rate0p4_rep016_seed1513289843333091411,40,0.4,16,NP,,,1,1,initial_30s,3,0.07537078857421875,639.9999999998638,15.999999999996595,83.4100106969382,2.085250267423455,0.8696718582860062
N40_rate0p4_rep016_seed1513289843333091411,40,0.4,16,NP,,,1,1,initial_30s,4,0.0756218433380127,599.9999999998188,14.99999999999547,83.4100106969382,2.085250267423455,0.8609833155050609
N40_rate0p4_rep016_seed1513289843333091411,40,0.4,16,NP,,,1,1,initial_30s,5,0.5172507762908936,595.99999999996,14.899999999999,107.79867848704077,2.6949669621760193,0.8191297340821342
N40_rate0p4_rep016_seed1513289843333091411,40,0.4,16,NP,,,1,1,initial_30s,6,0.7109849452972412,592.0,14.8,109.77004689106077,2.7442511722765195,0.8145776234948298
N40_rate0p4_rep016_seed1513289843333091411,40,0.4,16,NP,,,1,1,initial_30s,7,1.0539488792419434,585.9999999999998,14.649999999999995,113.17324591001432,2.829331147750358,0.8068715940102144
N40_rate0p4_rep016_seed1513289843333091411,40,0.4,16,NP,,,1,1,initial_30s,8,1.7604877948760986,582.0000000000036,14.550000000000091,115.11580899576497,2.8778952248941243,0.8022065137529825
N40_rate0p4_rep016_seed1513289843333091411,40,0.4,16,NP,,,1,1,initial_30s,9,1.7605798244476318,579.9999999999927,14.499999999999819,115.11580899576497,2.8778952248941243,0.8015244672486787
N40_rate0p4_rep016_seed1513289843333091411,40,0.4,16,NP,,,1,1,initial_30s,10,1.7606279850006104,563.9999999996587,14.099999999991468,115.11580899576497,2.8778952248941243,0.7958939556811443
N40_rate0p4_rep016_seed1513289843333091411,40,0.4,16,NP,,,1,1,initial_30s,11,3.427031993865967,559.9999999997858,13.999999999994646,118.24137488134804,2.956034372033701,0.7888546877117977
N40_rate0p4_rep016_seed1513289843333091411,40,0.4,16,NP,,,1,1,initial_30s,12,3.647047996520996,555.9999999998208,13.89999999999552,118.33231566936412,2.958307891734103,0.7871720941197802
N40_rate0p4_rep016_seed1513289843333091411,40,0.4,16,NP,,,1,1,initial_30s,13,6.477550983428955,544.0,13.6,120.37749891224756,3.009437472806189,0.7787178328818979
N40_rate0p4_rep016_seed1513289843333091411,40,0.4,16,NP,,,1,1,initial_30s,14,30.009199857711792,544.0,13.6,161.21287456043763,4.030321864010941,0.7036528041168426
N40_rate0p4_rep016_seed1513289843333091411,40,0.4,16,CHP,4,4,,,initial_30s,0,0.0022590160369873047,706.9999999999982,17.674999999999955,14.0,0.35,0.9801980198019802
N40_rate0p4_rep016_seed1513289843333091411,40,0.4,16,CHP,4,4,,,initial_30s,1,0.0024008750915527344,671.9999999999081,16.799999999997702,14.0,0.35,0.9791666666666639
N40_rate0p4_rep016_seed1513289843333091411,40,0.4,16,CHP,4,4,,,initial_30s,2,0.003100872039794922,536.0,13.4,14.0,0.35,0.9738805970149254
N40_rate0p4_rep016_seed1513289843333091411,40,0.4,16,CHP,4,4,,,initial_30s,3,0.007071018218994141,519.9999999999618,12.999999999999044,262.9999999999902,6.574999999999756,0.4942307692307509
N40_rate0p4_rep016_seed1513289843333091411,40,0.4,16,CHP,4,4,,,initial_30s,4,0.01685190200805664,520.0,13.0,519.9999999999618,12.999999999999044,7.345918745089036e-14
N40_rate0p4_rep016_seed1513289843333091411,40,0.4,16,PP,4,4,4,4,initial_30s,0,0.001444101333618164,706.9999999999982,17.674999999999955,14.0,0.35,0.9801980198019802
N40_rate0p4_rep016_seed1513289843333091411,40,0.4,16,PP,4,4,4,4,initial_30s,1,0.0018680095672607422,671.9999999998547,16.799999999996366,14.0,0.35,0.9791666666666622
N40_rate0p4_rep016_seed1513289843333091411,40,0.4,16,PP,4,4,4,4,initial_30s,2,0.003042936325073242,665.9999999998295,16.649999999995735,14.0,0.35,0.9789789789789736
N40_rate0p4_rep016_seed1513289843333091411,40,0.4,16,PP,4,4,4,4,initial_30s,3,0.0037069320678710938,645.9999999998543,16.149999999996357,14.0,0.35,0.9783281733746081
N40_rate0p4_rep016_seed1513289843333091411,40,0.4,16,PP,4,4,4,4,initial_30s,4,0.011873960494995117,573.9999999998624,14.34999999999656,158.64892062273555,3.9662230155683886,0.7236081522251332
N40_rate0p4_rep016_seed1513289843333091411,40,0.4,16,PP,4,4,4,4,initial_30s,5,0.0223391056060791,561.9999999999175,14.049999999997937,178.2588389693127,4.4564709742328175,0.6828134537912119
N40_rate0p4_rep016_seed1513289843333091411,40,0.4,16,PP,4,4,4,4,initial_30s,6,0.06728506088256836,543.9999999999734,13.599999999999335,228.66299041205107,5.716574760301277,0.5796636205660621
N40_rate0p4_rep016_seed1513289843333091411,40,0.4,16,PP,4,4,4,4,initial_30s,7,0.12445306777954102,535.9999999999967,13.399999999999917,262.8469846377824,6.571174615944559,0.509613834631
N40_rate0p4_rep016_seed1513289843333091411,40,0.4,16,PP,4,4,4,4,initial_30s,8,0.20285391807556152,531.9999999999852,13.299999999999631,415.9999999999841,10.399999999999602,0.2180451127819631
N40_rate0p4_rep016_seed1513289843333091411,40,0.4,16,PP,4,4,4,4,initial_30s,9,0.20365595817565918,527.999999999911,13.199999999997775,417.99999999997607,10.449999999999402,0.2083333333332452
N40_rate0p4_rep016_seed1513289843333091411,40,0.4,16,PP,4,4,4,4,initial_30s,10,0.2036750316619873,519.9999999999106,12.999999999997765,417.99999999997607,10.449999999999402,0.19615384615375403
N40_rate0p4_rep016_seed1513289843333091411,40,0.4,16,PP,4,4,4,4,initial_30s,11,0.21307110786437988,520.0,13.0,519.9999999999106,12.999999999997765,1.7184202778690422e-13
N40_rate0p4_rep017_seed17190702192312918415,40,0.4,17,NP,,,1,1,initial_30s,0,0.006363868713378906,1302.9999999999977,32.574999999999946,5.0,0.125,0.9961627014581734
N40_rate0p4_rep017_seed17190702192312918415,40,0.4,17,NP,,,1,1,initial_30s,1,0.029433012008666992,1238.9999999999436,30.97499999999859,66.34679576630026,1.6586698941575064,0.9464513351361556
N40_rate0p4_rep017_seed17190702192312918415,40,0.4,17,NP,,,1,1,initial_30s,2,0.02960801124572754,1234.9999999999436,30.87499999999859,66.34679576630026,1.6586698941575064,0.9462778981649367
N40_rate0p4_rep017_seed17190702192312918415,40,0.4,17,NP,,,1,1,initial_30s,3,0.0296480655670166,1218.999999999899,30.474999999997475,66.34679576630026,1.6586698941575064,0.9455727680342038
N40_rate0p4_rep017_seed17190702192312918415,40,0.4,17,NP,,,1,1,initial_30s,4,0.05642509460449219,1176.999999999989,29.424999999999727,79.97885122274954,1.9994712805687385,0.9320485546110872
N40_rate0p4_rep017_seed17190702192312918415,40,0.4,17,NP,,,1,1,initial_30s,5,0.056565046310424805,1174.9999999999889,29.374999999999723,79.97885122274954,1.9994712805687385,0.9319328925763828
N40_rate0p4_rep017_seed17190702192312918415,40,0.4,17,NP,,,1,1,initial_30s,6,0.056607961654663086,1170.9999999999889,29.27499999999972,79.97885122274954,1.9994712805687385,0.9317003832427411
N40_rate0p4_rep017_seed17190702192312918415,40,0.4,17,NP,,,1,1,initial_30s,7,0.12844109535217285,1026.9999999998843,25.674999999997105,80.21951033244223,2.0054877583110557,0.9218894738729783
N40_rate0p4_rep017_seed17190702192312918415,40,0.4,17,NP,,,1,1,initial_30s,8,0.23676609992980957,646.9999999999245,16.174999999998114,92.49082351957202,2.3122705879893006,0.8570466406188828
N40_rate0p4_rep017_seed17190702192312918415,40,0.4,17,NP,,,1,1,initial_30s,9,0.23697400093078613,613.9999999999632,15.34999999999908,92.49082351957202,2.3122705879893006,0.8493634796098085
N40_rate0p4_rep017_seed17190702192312918415,40,0.4,17,NP,,,1,1,initial_30s,10,1.4668231010437012,609.9999999999072,15.24999999999768,104.27017982416403,2.606754495604101,0.8290652789767543
N40_rate0p4_rep017_seed17190702192312918415,40,0.4,17,NP,,,1,1,initial_30s,11,12.284975051879883,606.9999999998854,15.174999999997135,137.53157849160118,3.4382894622900295,0.7734240881521793
N40_rate0p4_rep017_seed17190702192312918415,40,0.4,17,NP,,,1,1,initial_30s,12,12.408577919006348,591.0,14.775,137.53157849160118,3.4382894622900295,0.7672900533137036
N40_rate0p4_rep017_seed17190702192312918415,40,0.4,17,NP,,,1,1,initial_30s,13,12.437172889709473,565.9999999999432,14.14999999999858,137.53157849160118,3.4382894622900295,0.7570113454211749
N40_rate0p4_rep017_seed17190702192312918415,40,0.4,17,NP,,,1,1,initial_30s,14,12.832436084747314,565.0,14.125,137.53157849160118,3.4382894622900295,0.7565812770060156
N40_rate0p4_rep017_seed17190702192312918415,40,0.4,17,NP,,,1,1,initial_30s,15,13.385194063186646,548.0,13.7,137.53157849160118,3.4382894622900295,0.7490299662562022
N40_rate0p4_rep017_seed17190702192312918415,40,0.4,17,NP,,,1,1,initial_30s,16,14.034013032913208,541.9999999999984,13.54999999999996,137.53157849160118,3.4382894622900295,0.7462517001999971
N40_rate0p4_rep017_seed17190702192312918415,40,0.4,17,NP,,,1,1,initial_30s,17,14.16091799736023,538.0,13.45,137.53157849160118,3.4382894622900295,0.7443650957405182
N40_rate0p4_rep017_seed17190702192312918415,40,0.4,17,NP,,,1,1,initial_30s,18,14.715689897537231,531.9999999999957,13.299999999999892,137.53157849160118,3.4382894622900295,0.741481995316537
N40_rate0p4_rep017_seed17190702192312918415,40,0.4,17,NP,,,1,1,initial_30s,19,15.488175868988037,529.9999999999854,13.249999999999636,140.15831457660937,3.5039578644152343,0.7355503498554468
N40_rate0p4_rep017_seed17190702192312918415,40,0.4,17,NP,,,1,1,initial_30s,20,16.43210792541504,523.9999999999823,13.099999999999557,142.29092439346084,3.557273109836521,0.7284524343636152
N40_rate0p4_rep017_seed17190702192312918415,40,0.4,17,NP,,,1,1,initial_30s,21,16.432678937911987,517.9999999999852,12.94999999999963,142.29092439346084,3.557273109836521,0.7253070957655118
N40_rate0p4_rep017_seed17190702192312918415,40,0.4,17,NP,,,1,1,initial_30s,22,17.048180103302002,516.0,12.9,144.25592629123568,3.606398157280892,0.7204342513735742
N40_rate0p4_rep017_seed17190702192312918415,40,0.4,17,NP,,,1,1,initial_30s,23,30.006675958633423,516.0,12.9,157.15915917833544,3.9289789794583863,0.6954279860884971
N40_rate0p4_rep017_seed17190702192312918415,40,0.4,17,CHP,4,4,,,initial_30s,0,0.0010499954223632812,1302.9999999999977,32.574999999999946,5.0,0.125,0.9961627014581734
N40_rate0p4_rep017_seed17190702192312918415,40,0.4,17,CHP,4,4,,,initial_30s,1,0.0020580291748046875,676.0,16.9,5.0,0.125,0.992603550295858
N40_rate0p4_rep017_seed17190702192312918415,40,0.4,17,CHP,4,4,,,initial_30s,2,0.0028040409088134766,671.9999999999818,16.799999999999546,5.0,0.125,0.9925595238095236
N40_rate0p4_rep017_seed17190702192312918415,40,0.4,17,CHP,4,4,,,initial_30s,3,0.023921966552734375,667.9999999999923,16.699999999999807,360.9999999999569,9.024999999998922,0.45958083832341157
N40_rate0p4_rep017_seed17190702192312918415,40,0.4,17,CHP,4,4,,,initial_30s,4,0.030689001083374023,659.9999999998277,16.49999999999569,360.9999999999569,9.024999999998922,0.45303030303022546
N40_rate0p4_rep017_seed17190702192312918415,40,0.4,17,CHP,4,4,,,initial_30s,5,0.036622047424316406,655.999999999849,16.399999999996226,360.9999999999569,9.024999999998922,0.4496951219511585
N40_rate0p4_rep017_seed17190702192312918415,40,0.4,17,CHP,4,4,,,initial_30s,6,0.036653995513916016,639.9999999998777,15.999999999996941,360.9999999999569,9.024999999998922,0.4359374999999595
N40_rate0p4_rep017_seed17190702192312918415,40,0.4,17,CHP,4,4,,,initial_30s,7,0.04247403144836426,637.999999999925,15.949999999998123,364.10822204037356,9.10270555100934,0.42929745761690224
N40_rate0p4_rep017_seed17190702192312918415,40,0.4,17,CHP,4,4,,,initial_30s,8,0.042556047439575195,625.9999999999984,15.64999999999996,364.10822204037356,9.10270555100934,0.4183574727789545
N40_rate0p4_rep017_seed17190702192312918415,40,0.4,17,CHP,4,4,,,initial_30s,9,0.043849945068359375,619.9999999999973,15.499999999999932,364.10822204037356,9.10270555100934,0.4127286741284272
N40_rate0p4_rep017_seed17190702192312918415,40,0.4,17,CHP,4,4,,,initial_30s,10,0.04892396926879883,617.9999999999686,15.449999999999216,371.2864276433286,9.282160691083215,0.3992129002534831
N40_rate0p4_rep017_seed17190702192312918415,40,0.4,17,CHP,4,4,,,initial_30s,11,0.052609920501708984,601.9999999999145,15.049999999997862,422.8484688749845,10.571211721874613,0.29759390552318177
N40_rate0p4_rep017_seed17190702192312918415,40,0.4,17,CHP,4,4,,,initial_30s,12,0.06255102157592773,602.0,15.05,601.9999999999145,15.049999999997862,1.420141228681981e-13
N40_rate0p4_rep017_seed17190702192312918415,40,0.4,17,PP,4,4,4,4,initial_30s,0,0.004495143890380859,1302.9999999999977,32.574999999999946,5.0,0.125,0.9961627014581734
N40_rate0p4_rep017_seed17190702192312918415,40,0.4,17,PP,4,4,4,4,initial_30s,1,0.005984067916870117,861.999999999872,21.5499999999968,5.0,0.125,0.9941995359628761
N40_rate0p4_rep017_seed17190702192312918415,40,0.4,17,PP,4,4,4,4,initial_30s,2,0.0064220428466796875,852.9999999999332,21.32499999999833,5.0,0.125,0.9941383352872211
N40_rate0p4_rep017_seed17190702192312918415,40,0.4,17,PP,4,4,4,4,initial_30s,3,0.010844945907592773,826.9999999996098,20.674999999990245,115.12092048138537,2.8780230120346344,0.8607969522594442
N40_rate0p4_rep017_seed17190702192312918415,40,0.4,17,PP,4,4,4,4,initial_30s,4,0.011327981948852539,824.9999999995161,20.624999999987903,115.12092048138537,2.8780230120346344,0.8604594903255116
N40_rate0p4_rep017_seed17190702192312918415,40,0.4,17,PP,4,4,4,4,initial_30s,5,0.011558055877685547,820.9999999993258,20.524999999983145,119.13935842570334,2.9784839606425835,0.8548850689088902
N40_rate0p4_rep017_seed17190702192312918415,40,0.4,17,PP,4,4,4,4,initial_30s,6,0.014425039291381836,791.9999999996485,19.79999999999121,144.96731614840587,3.624182903710147,0.8169604594084972
N40_rate0p4_rep017_seed17190702192312918415,40,0.4,17,PP,4,4,4,4,initial_30s,7,0.014457941055297852,762.9999999998868,19.074999999997168,144.96731614840587,3.624182903710147,0.8100035174987845
N40_rate0p4_rep017_seed17190702192312918415,40,0.4,17,PP,4,4,4,4,initial_30s,8,0.020507097244262695,751.999999999623,18.799999999990575,148.15470255226558,3.7038675638066394,0.8029857678825268
N40_rate0p4_rep017_seed17190702192312918415,40,0.4,17,PP,4,4,4,4,initial_30s,9,0.02383899688720703,735.9999999997469,18.399999999993675,158.7063327115361,3.967658317788403,0.7843663957722953
N40_rate0p4_rep017_seed17190702192312918415,40,0.4,17,PP,4,4,4,4,initial_30s,10,0.031625986099243164,729.9999999997806,18.249999999994515,169.35830767786473,4.233957691946618,0.7680023182494305
N40_rate0p4_rep017_seed17190702192312918415,40,0.4,17,PP,4,4,4,4,initial_30s,11,0.04050898551940918,578.9999999999181,14.474999999997953,178.5966065221795,4.464915163054488,0.6915429939167448
N40_rate0p4_rep017_seed17190702192312918415,40,0.4,17,PP,4,4,4,4,initial_30s,12,0.055310964584350586,576.9999999999288,14.42499999999822,179.0732397580839,4.476830993952097,0.6896477647173207
N40_rate0p4_rep017_seed17190702192312918415,40,0.4,17,PP,4,4,4,4,initial_30s,13,0.08675503730773926,570.9999999999309,14.274999999998272,181.97815299553935,4.5494538248884835,0.6812992066627647
N40_rate0p4_rep017_seed17190702192312918415,40,0.4,17,PP,4,4,4,4,initial_30s,14,0.08682608604431152,568.9999999999743,14.224999999999358,181.97815299553935,4.5494538248884835,0.680178992977948
N40_rate0p4_rep017_seed17190702192312918415,40,0.4,17,PP,4,4,4,4,initial_30s,15,0.08685898780822754,558.9999999999898,13.974999999999744,182.80095794487698,4.570023948621925,0.672985763962647
N40_rate0p4_rep017_seed17190702192312918415,40,0.4,17,PP,4,4,4,4,initial_30s,16,0.1465749740600586,538.9999999999766,13.474999999999415,206.50103625475074,5.162525906368769,0.6168811943325423
N40_rate0p4_rep017_seed17190702192312918415,40,0.4,17,PP,4,4,4,4,initial_30s,17,0.23392105102539062,532.9999999999882,13.324999999999704,264.07349397588325,6.601837349397082,0.5045525441352925
N40_rate0p4_rep017_seed17190702192312918415,40,0.4,17,PP,4,4,4,4,initial_30s,18,0.3953690528869629,522.9999999999832,13.07499999999958,272.30493346314023,6.807623336578506,0.4793404713897725
N40_rate0p4_rep017_seed17190702192312918415,40,0.4,17,PP,4,4,4,4,initial_30s,19,0.7214951515197754,519.0,12.975,272.30493346314023,6.807623336578506,0.47532768118855445
N40_rate0p4_rep017_seed17190702192312918415,40,0.4,17,PP,4,4,4,4,initial_30s,20,0.7370481491088867,505.0,12.625,272.30493346314023,6.807623336578506,0.46078230997397973
N40_rate0p4_rep017_seed17190702192312918415,40,0.4,17,PP,4,4,4,4,initial_30s,21,1.2102961540222168,498.99999999999045,12.474999999999762,422.6809634993609,10.567024087484024,0.1529439609231082
N40_rate0p4_rep017_seed17190702192312918415,40,0.4,17,PP,4,4,4,4,initial_30s,22,1.2176251411437988,499.0,12.475,498.99999999999045,12.474999999999762,1.9137664065362218e-14
N40_rate0p4_rep018_seed18383043598653153374,40,0.4,18,NP,,,1,1,initial_30s,0,0.007977008819580078,787.9999999999982,19.699999999999953,17.0,0.425,0.9784263959390862
N40_rate0p4_rep018_seed18383043598653153374,40,0.4,18,NP,,,1,1,initial_30s,1,0.0218198299407959,766.9999999999923,19.174999999999805,17.0,0.425,0.9778357235984353
N40_rate0p4_rep018_seed18383043598653153374,40,0.4,18,NP,,,1,1,initial_30s,2,0.08501982688903809,734.9999999999454,18.374999999998636,85.3060003126121,2.1326500078153026,0.8839374145406551
N40_rate0p4_rep018_seed18383043598653153374,40,0.4,18,NP,,,1,1,initial_30s,3,0.1916048526763916,709.9999999999668,17.74999999999917,102.52257567286938,2.5630643918217344,0.8556020060945434
N40_rate0p4_rep018_seed18383043598653153374,40,0.4,18,NP,,,1,1,initial_30s,4,0.21121501922607422,683.9999999999454,17.099999999998637,103.38412773126106,2.5846031932815263,0.8488536144279688
N40_rate0p4_rep018_seed18383043598653153374,40,0.4,18,NP,,,1,1,initial_30s,5,0.21962404251098633,679.9999999999523,16.999999999998806,103.59828879958036,2.589957219989509,0.8476495752947241
N40_rate0p4_rep018_seed18383043598653153374,40,0.4,18,NP,,,1,1,initial_30s,6,0.21968698501586914,675.9999999999607,16.899999999999018,103.59828879958036,2.589957219989509,0.8467480934917361
N40_rate0p4_rep018_seed18383043598653153374,40,0.4,18,NP,,,1,1,initial_30s,7,0.23735785484313965,669.9999999999802,16.749999999999506,103.79300143098169,2.594825035774542,0.8450850724910676
N40_rate0p4_rep018_seed18383043598653153374,40,0.4,18,NP,,,1,1,initial_30s,8,0.4448118209838867,649.9999999999532,16.249999999998828,106.81422868173108,2.670355717043277,0.8356704174127096
N40_rate0p4_rep018_seed18383043598653153374,40,0.4,18,NP,,,1,1,initial_30s,9,0.4685850143432617,643.9999999999409,16.099999999998523,106.81422868173108,2.670355717043277,0.8341393964569241
N40_rate0p4_rep018_seed18383043598653153374,40,0.4,18,NP,,,1,1,initial_30s,10,0.5014729499816895,641.9999999999027,16.049999999997567,106.81422868173108,2.670355717043277,0.8336226967574031
N40_rate0p4_rep018_seed18383043598653153374,40,0.4,18,NP,,,1,1,initial_30s,11,0.5633950233459473,639.999999999904,15.999999999997602,106.81422868173108,2.670355717043277,0.8331027676847702
N40_rate0p4_rep018_seed18383043598653153374,40,0.4,18,NP,,,1,1,initial_30s,12,0.6408200263977051,613.999999999867,15.349999999996674,106.81422868173108,2.670355717043277,0.8260354581730387
N40_rate0p4_rep018_seed18383043598653153374,40,0.4,18,NP,,,1,1,initial_30s,13,0.8518400192260742,599.9999999999432,14.999999999998579,111.26064221524838,2.7815160553812097,0.8145655963079018
N40_rate0p4_rep018_seed18383043598653153374,40,0.4,18,NP,,,1,1,initial_30s,14,2.3052120208740234,591.9999999999559,14.799999999998898,123.12071914689545,3.0780179786723862,0.7920258122518503
N40_rate0p4_rep018_seed18383043598653153374,40,0.4,18,NP,,,1,1,initial_30s,15,2.448559045791626,586.0000000000116,14.65000000000029,123.72693050439466,3.0931732626098665,0.7888618933372147
N40_rate0p4_rep018_seed18383043598653153374,40,0.4,18,NP,,,1,1,initial_30s,16,3.1314408779144287,581.9999999999231,14.549999999998079,127.20361557800233,3.1800903894500583,0.781437086635706
N40_rate0p4_rep018_seed18383043598653153374,40,0.4,18,NP,,,1,1,initial_30s,17,3.1315348148345947,575.999999999978,14.399999999999448,127.20361557800233,3.1800903894500583,0.7791603896215153
N40_rate0p4_rep018_seed18383043598653153374,40,0.4,18,NP,,,1,1,initial_30s,18,13.773813009262085,571.9999999999673,14.299999999999182,160.3821783399748,4.0095544584993705,0.7196115763286993
N40_rate0p4_rep018_seed18383043598653153374,40,0.4,18,NP,,,1,1,initial_30s,19,14.509683847427368,565.9999999999789,14.149999999999471,160.3821783399748,4.0095544584993705,0.7166392608834261
N40_rate0p4_rep018_seed18383043598653153374,40,0.4,18,NP,,,1,1,initial_30s,20,28.45199990272522,561.9999999999404,14.04999999999851,174.62253167626608,4.365563291906652,0.6892837514656858
N40_rate0p4_rep018_seed18383043598653153374,40,0.4,18,NP,,,1,1,initial_30s,21,28.531378030776978,551.9999999999127,13.799999999997818,174.62253167626608,4.365563291906652,0.6836548339197578
N40_rate0p4_rep018_seed18383043598653153374,40,0.4,18,NP,,,1,1,initial_30s,22,28.785655975341797,539.9999999999759,13.499999999999398,174.62253167626608,4.365563291906652,0.6766249413402335
N40_rate0p4_rep018_seed18383043598653153374,40,0.4,18,NP,,,1,1,initial_30s,23,28.968843936920166,537.9999999999222,13.449999999998056,174.62253167626608,4.365563291906652,0.6754228035756666
N40_rate0p4_rep018_seed18383043598653153374,40,0.4,18,NP,,,1,1,initial_30s,24,30.00494384765625,538.0,13.45,174.62253167626608,4.365563291906652,0.6754228035757136
N40_rate0p4_rep018_seed18383043598653153374,40,0.4,18,CHP,4,4,,,initial_30s,0,0.0009999275207519531,787.9999999999982,19.699999999999953,17.0,0.425,0.9784263959390862
N40_rate0p4_rep018_seed18383043598653153374,40,0.4,18,CHP,4,4,,,initial_30s,1,0.0019638538360595703,745.999999999849,18.649999999996226,17.0,0.425,0.9772117962466442
N40_rate0p4_rep018_seed18383043598653153374,40,0.4,18,CHP,4,4,,,initial_30s,2,0.0021538734436035156,728.9999999999409,18.224999999998523,17.0,0.425,0.9766803840877896
N40_rate0p4_rep018_seed18383043598653153374,40,0.4,18,CHP,4,4,,,initial_30s,3,0.0024399757385253906,726.9999999999447,18.17499999999862,17.0,0.425,0.9766162310866557
N40_rate0p4_rep018_seed18383043598653153374,40,0.4,18,CHP,4,4,,,initial_30s,4,0.002908945083618164,717.0,17.925,17.0,0.425,0.9762900976290098
N40_rate0p4_rep018_seed18383043598653153374,40,0.4,18,CHP,4,4,,,initial_30s,5,0.0029268264770507812,705.9999999997651,17.64999999999413,17.0,0.425,0.9759206798866775
N40_rate0p4_rep018_seed18383043598653153374,40,0.4,18,CHP,4,4,,,initial_30s,6,0.003342866897583008,699.9999999998893,17.499999999997232,156.15087453667047,3.903771863416762,0.7769273220904355
N40_rate0p4_rep018_seed18383043598653153374,40,0.4,18,CHP,4,4,,,initial_30s,7,0.0045168399810791016,696.0,17.4,176.02623577044437,4.400655894261109,0.7470887417091316
N40_rate0p4_rep018_seed18383043598653153374,40,0.4,18,CHP,4,4,,,initial_30s,8,0.012755870819091797,691.999999999864,17.2999999999966,216.6315065995651,5.415787664989128,0.68694868988496
N40_rate0p4_rep018_seed18383043598653153374,40,0.4,18,CHP,4,4,,,initial_30s,9,0.012778997421264648,643.0,16.075,216.6315065995651,5.415787664989128,0.6630925247285145
N40_rate0p4_rep018_seed18383043598653153374,40,0.4,18,CHP,4,4,,,initial_30s,10,0.03957486152648926,625.9999999999418,15.649999999998546,289.09955887194735,7.227488971798683,0.5381796184153766
N40_rate0p4_rep018_seed18383043598653153374,40,0.4,18,CHP,4,4,,,initial_30s,11,0.04575800895690918,602.9999999999475,15.074999999998687,295.13948691241916,7.378487172810479,0.5105481145730599
N40_rate0p4_rep018_seed18383043598653153374,40,0.4,18,CHP,4,4,,,initial_30s,12,0.04584097862243652,595.9999999999272,14.899999999998181,295.13948691241916,7.378487172810479,0.5047995186032631
N40_rate0p4_rep018_seed18383043598653153374,40,0.4,18,CHP,4,4,,,initial_30s,13,0.06038999557495117,592.0,14.8,349.4999999999859,8.737499999999647,0.4096283783784022
N40_rate0p4_rep018_seed18383043598653153374,40,0.4,18,CHP,4,4,,,initial_30s,14,0.06398987770080566,587.9999999999488,14.69999999999872,375.4999999999816,9.38749999999954,0.36139455782310503
N40_rate0p4_rep018_seed18383043598653153374,40,0.4,18,CHP,4,4,,,initial_30s,15,0.07311487197875977,582.99999999995,14.574999999998749,426.4705882352831,10.661764705882078,0.26848955705777067
N40_rate0p4_rep018_seed18383043598653153374,40,0.4,18,CHP,4,4,,,initial_30s,16,0.07717084884643555,576.99999999995,14.42499999999875,445.5628272251124,11.13907068062781,0.22779406026836907
N40_rate0p4_rep018_seed18383043598653153374,40,0.4,18,CHP,4,4,,,initial_30s,17,0.08712387084960938,577.0,14.425,576.99999999995,14.42499999999875,8.669360242202956e-14
N40_rate0p4_rep018_seed18383043598653153374,40,0.4,18,PP,4,4,4,4,initial_30s,0,0.0025260448455810547,787.9999999999982,19.699999999999953,17.0,0.425,0.9784263959390862
N40_rate0p4_rep018_seed18383043598653153374,40,0.4,18,PP,4,4,4,4,initial_30s,1,0.006273031234741211,755.9999999999957,18.899999999999892,17.0,0.425,0.9775132275132273
N40_rate0p4_rep018_seed18383043598653153374,40,0.4,18,PP,4,4,4,4,initial_30s,2,0.022482872009277344,747.0000000000005,18.67500000000001,146.8199612807274,3.670499032018185,0.8034538670940732
N40_rate0p4_rep018_seed18383043598653153374,40,0.4,18,PP,4,4,4,4,initial_30s,3,0.03731894493103027,687.9999999999418,17.199999999998546,166.08391286481958,4.152097821620489,0.7585989638592534
N40_rate0p4_rep018_seed18383043598653153374,40,0.4,18,PP,4,4,4,4,initial_30s,4,0.07299590110778809,681.999999999683,17.049999999992075,193.37705384065646,4.834426346016412,0.7164559327848294
N40_rate0p4_rep018_seed18383043598653153374,40,0.4,18,PP,4,4,4,4,initial_30s,5,0.07961702346801758,680.9999999998167,17.02499999999542,207.01995938542578,5.175498984635644,0.6960059333546528
N40_rate0p4_rep018_seed18383043598653153374,40,0.4,18,PP,4,4,4,4,initial_30s,6,0.07974696159362793,671.9999999998388,16.79999999999597,207.01995938542578,5.175498984635644,0.6919345842478044
N40_rate0p4_rep018_seed18383043598653153374,40,0.4,18,PP,4,4,4,4,initial_30s,7,0.09339594841003418,668.0,16.7,207.01995938542578,5.175498984635644,0.6900898811595423
N40_rate0p4_rep018_seed18383043598653153374,40,0.4,18,PP,4,4,4,4,initial_30s,8,0.09997296333312988,612.9999999999914,15.324999999999784,215.40377111132904,5.385094277783226,0.6486072249407308
N40_rate0p4_rep018_seed18383043598653153374,40,0.4,18,PP,4,4,4,4,initial_30s,9,0.10532903671264648,593.9999999999127,14.849999999997817,215.40377111132904,5.385094277783226,0.637367388701413
N40_rate0p4_rep018_seed18383043598653153374,40,0.4,18,PP,4,4,4,4,initial_30s,10,0.12250494956970215,547.9999999999043,13.699999999997607,227.8236982895354,5.695592457238385,0.5842633242890963
N40_rate0p4_rep018_seed18383043598653153374,40,0.4,18,PP,4,4,4,4,initial_30s,11,0.12275886535644531,543.9999999999154,13.599999999997886,227.8236982895354,5.695592457238385,0.5812064369677007
N40_rate0p4_rep018_seed18383043598653153374,40,0.4,18,PP,4,4,4,4,initial_30s,12,0.23758792877197266,536.0,13.4,308.33333333331956,7.708333333332989,0.4247512437811202
N40_rate0p4_rep018_seed18383043598653153374,40,0.4,18,PP,4,4,4,4,initial_30s,13,0.39914703369140625,529.9999999999127,13.249999999997817,365.12371134017303,9.128092783504325,0.3110873370938997
N40_rate0p4_rep018_seed18383043598653153374,40,0.4,18,PP,4,4,4,4,initial_30s,14,0.6538920402526855,530.0,13.25,529.9999999999127,13.249999999997817,1.647386629626436e-13
N40_rate0p4_rep019_seed7300533466808947757,40,0.4,19,NP,,,1,1,initial_30s,0,0.010426998138427734,655.9999999999982,16.399999999999956,14.0,0.35,0.9786585365853658
N40_rate0p4_rep019_seed7300533466808947757,40,0.4,19,NP,,,1,1,initial_30s,1,0.025697946548461914,614.0000000000286,15.350000000000716,14.0,0.35,0.977198697068405
N40_rate0p4_rep019_seed7300533466808947757,40,0.4,19,NP,,,1,1,initial_30s,2,0.08308982849121094,532.9999999999679,13.324999999999198,85.79898147430653,2.144974536857663,0.8390263011738993
N40_rate0p4_rep019_seed7300533466808947757,40,0.4,19,NP,,,1,1,initial_30s,3,0.1774578094482422,527.9999999998663,13.199999999996658,100.3033542397751,2.5075838559943775,0.8100315260609839
N40_rate0p4_rep019_seed7300533466808947757,40,0.4,19,NP,,,1,1,initial_30s,4,0.37723398208618164,523.9999999999354,13.099999999998385,105.29789103603837,2.632447275900959,0.7990498262670775
N40_rate0p4_rep019_seed7300533466808947757,40,0.4,19,NP,,,1,1,initial_30s,5,0.4629638195037842,507.99999999999045,12.699999999999761,106.19439886103564,2.654859971525891,0.7909559077538628
N40_rate0p4_rep019_seed7300533466808947757,40,0.4,19,NP,,,1,1,initial_30s,6,0.5587339401245117,476.0,11.9,106.19439886103564,2.654859971525891,0.7769025234011856
N40_rate0p4_rep019_seed7300533466808947757,40,0.4,19,NP,,,1,1,initial_30s,7,11.842319011688232,472.9999999999918,11.824999999999795,130.83293959626303,3.270823489906576,0.7233975907055702
N40_rate0p4_rep019_seed7300533466808947757,40,0.4,19,NP,,,1,1,initial_30s,8,28.55495285987854,469.0,11.725,133.4117378439098,3.335293446097745,0.7155400045972072
N40_rate0p4_rep019_seed7300533466808947757,40,0.4,19,NP,,,1,1,initial_30s,9,28.94791293144226,464.99999999999454,11.624999999999863,133.4117378439098,3.335293446097745,0.7130930368948143
N40_rate0p4_rep019_seed7300533466808947757,40,0.4,19,NP,,,1,1,initial_30s,10,29.127704858779907,460.9999999999841,11.524999999999602,133.4117378439098,3.335293446097745,0.7106036055446542
N40_rate0p4_rep019_seed7300533466808947757,40,0.4,19,NP,,,1,1,initial_30s,11,29.40669584274292,454.99999999999545,11.374999999999886,133.8467103737068,3.34616775934267,0.70583140577207
N40_rate0p4_rep019_seed7300533466808947757,40,0.4,19,NP,,,1,1,initial_30s,12,30.00149393081665,455.0,11.375,135.36745868533598,3.384186467133399,0.7024891017904704
N40_rate0p4_rep019_seed7300533466808947757,40,0.4,19,CHP,4,4,,,initial_30s,0,0.0010530948638916016,655.999999999997,16.399999999999928,14.0,0.35,0.9786585365853657
N40_rate0p4_rep019_seed7300533466808947757,40,0.4,19,CHP,4,4,,,initial_30s,1,0.0011670589447021484,589.9999999998456,14.74999999999614,14.0,0.35,0.9762711864406718
N40_rate0p4_rep019_seed7300533466808947757,40,0.4,19,CHP,4,4,,,initial_30s,2,0.002067089080810547,501.0,12.525,14.0,0.35,0.9720558882235529
N40_rate0p4_rep019_seed7300533466808947757,40,0.4,19,CHP,4,4,,,initial_30s,3,0.00398707389831543,467.0,11.675,193.54470703224197,4.8386176758060495,0.5855573725219658
N40_rate0p4_rep019_seed7300533466808947757,40,0.4,19,CHP,4,4,,,initial_30s,4,0.005460023880004883,443.0,11.075,214.7610476373103,5.3690261909327575,0.515212082082821
N40_rate0p4_rep019_seed7300533466808947757,40,0.4,19,CHP,4,4,,,initial_30s,5,0.015253067016601562,430.99999999996726,10.774999999999181,270.9999999999919,6.774999999999798,0.371229698375841
N40_rate0p4_rep019_seed7300533466808947757,40,0.4,19,CHP,4,4,,,initial_30s,6,0.03536105155944824,431.0,10.775,430.99999999996726,10.774999999999181,7.596707485806361e-14
N40_rate0p4_rep019_seed7300533466808947757,40,0.4,19,PP,4,4,4,4,initial_30s,0,0.0013492107391357422,655.9999999999982,16.399999999999956,14.0,0.35,0.9786585365853658
N40_rate0p4_rep019_seed7300533466808947757,40,0.4,19,PP,4,4,4,4,initial_30s,1,0.0015780925750732422,639.999999999643,15.999999999991076,14.0,0.35,0.9781249999999878
N40_rate0p4_rep019_seed7300533466808947757,40,0.4,19,PP,4,4,4,4,initial_30s,2,0.003815174102783203,565.0,14.125,14.0,0.35,0.9752212389380531
N40_rate0p4_rep019_seed7300533466808947757,40,0.4,19,PP,4,4,4,4,initial_30s,3,0.028048038482666016,554.9999999999809,13.874999999999522,165.2722800616716,4.13180700154179,0.7022121079969779
N40_rate0p4_rep019_seed7300533466808947757,40,0.4,19,PP,4,4,4,4,initial_30s,4,0.03249716758728027,550.9999999999491,13.774999999998727,165.82330015799596,4.145582503949899,0.699050271945533
N40_rate0p4_rep019_seed7300533466808947757,40,0.4,19,PP,4,4,4,4,initial_30s,5,0.053922176361083984,548.9999999999777,13.724999999999444,175.5345327924563,4.388363319811408,0.6802649675911413
N40_rate0p4_rep019_seed7300533466808947757,40,0.4,19,PP,4,4,4,4,initial_30s,6,0.053961992263793945,541.9999999999773,13.549999999999432,175.5345327924563,4.388363319811408,0.6761355483533881
N40_rate0p4_rep019_seed7300533466808947757,40,0.4,19,PP,4,4,4,4,initial_30s,7,0.05398106575012207,538.9999999999845,13.474999999999614,175.5345327924563,4.388363319811408,0.6743329632792926
N40_rate0p4_rep019_seed7300533466808947757,40,0.4,19,PP,4,4,4,4,initial_30s,8,0.05409097671508789,537.9999999999889,13.449999999999722,176.12524609850342,4.403131152462586,0.6726296540919943
N40_rate0p4_rep019_seed7300533466808947757,40,0.4,19,PP,4,4,4,4,initial_30s,9,0.05947709083557129,534.0,13.35,176.12524609850342,4.403131152462586,0.6701774417631021
N40_rate0p4_rep019_seed7300533466808947757,40,0.4,19,PP,4,4,4,4,initial_30s,10,0.05957603454589844,532.9999999998863,13.324999999997157,176.12524609850342,4.403131152462586,0.6695586377138067
N40_rate0p4_rep019_seed7300533466808947757,40,0.4,19,PP,4,4,4,4,initial_30s,11,0.07889509201049805,453.0,11.325,176.4108541170349,4.410271352925872,0.6105720659668104
N40_rate0p4_rep019_seed7300533466808947757,40,0.4,19,PP,4,4,4,4,initial_30s,12,0.08347010612487793,450.9999999999427,11.274999999998567,182.06632034631235,4.5516580086578085,0.5963052763939346
N40_rate0p4_rep019_seed7300533466808947757,40,0.4,19,PP,4,4,4,4,initial_30s,13,0.5110580921173096,442.99999999999955,11.074999999999989,241.9999999999883,6.049999999999708,0.45372460496616585
N40_rate0p4_rep019_seed7300533466808947757,40,0.4,19,PP,4,4,4,4,initial_30s,14,0.5363340377807617,430.9999999999907,10.774999999999768,250.26243279527577,6.256560819881894,0.41934470349122693
N40_rate0p4_rep019_seed7300533466808947757,40,0.4,19,PP,4,4,4,4,initial_30s,15,0.9648051261901855,431.0,10.775,430.9999999999907,10.774999999999768,2.1629514369309777e-14
N40_rate0p7_rep000_seed2036457898724641340,40,0.7,0,NP,,,1,1,initial_30s,0,0.007951974868774414,837.9999999999982,20.949999999999953,39.0,0.975,0.9534606205250595
N40_rate0p7_rep000_seed2036457898724641340,40,0.7,0,NP,,,1,1,initial_30s,1,0.17338800430297852,827.9999999999254,20.699999999998134,129.4965421547352,3.23741355386838,0.8436032099580353
N40_rate0p7_rep000_seed2036457898724641340,40,0.7,0,NP,,,1,1,initial_30s,2,0.2078380584716797,823.9999999999338,20.599999999998346,129.71292437133656,3.242823109283414,0.8425814024619575
N40_rate0p7_rep000_seed2036457898724641340,40,0.7,0,NP,,,1,1,initial_30s,3,0.24073100090026855,770.9999999999304,19.27499999999826,132.47873834158776,3.311968458539694,0.8281728426178991
N40_rate0p7_rep000_seed2036457898724641340,40,0.7,0,NP,,,1,1,initial_30s,4,0.6515991687774658,740.0000000000011,18.50000000000003,145.06449313358272,3.6266123283395677,0.8039669011708345
N40_rate0p7_rep000_seed2036457898724641340,40,0.7,0,NP,,,1,1,initial_30s,5,0.6518101692199707,708.0,17.7,145.06449313358272,3.6266123283395677,0.7951066481164086
N40_rate0p7_rep000_seed2036457898724641340,40,0.7,0,NP,,,1,1,initial_30s,6,0.694857120513916,704.0000000000193,17.600000000000485,148.33513929644138,3.7083784824110344,0.7892966771357424
N40_rate0p7_rep000_seed2036457898724641340,40,0.7,0,NP,,,1,1,initial_30s,7,0.695000171661377,699.9999999999702,17.499999999999254,148.33513929644138,3.7083784824110344,0.7880926581479318
N40_rate0p7_rep000_seed2036457898724641340,40,0.7,0,NP,,,1,1,initial_30s,8,0.8115890026092529,684.0,17.1,148.33513929644138,3.7083784824110344,0.7831357612625126
N40_rate0p7_rep000_seed2036457898724641340,40,0.7,0,NP,,,1,1,initial_30s,9,0.811798095703125,664.0,16.6,148.33513929644138,3.7083784824110344,0.7766037058788533
N40_rate0p7_rep000_seed2036457898724641340,40,0.7,0,NP,,,1,1,initial_30s,10,30.004006147384644,664.0,16.6,248.79312610678713,6.219828152669678,0.6253115570680917
N40_rate0p7_rep000_seed2036457898724641340,40,0.7,0,CHP,4,4,,,initial_30s,0,0.0006029605865478516,837.9999999999964,20.94999999999991,39.0,0.975,0.9534606205250594
N40_rate0p7_rep000_seed2036457898724641340,40,0.7,0,CHP,4,4,,,initial_30s,1,0.0006639957427978516,663.9999999999177,16.59999999999794,39.0,0.975,0.9412650602409566
N40_rate0p7_rep000_seed2036457898724641340,40,0.7,0,CHP,4,4,,,initial_30s,2,0.002434968948364258,664.0,16.6,663.9999999999177,16.59999999999794,1.2395974474465362e-13
N40_rate0p7_rep000_seed2036457898724641340,40,0.7,0,PP,4,4,4,4,initial_30s,0,0.0011830329895019531,837.9999999999982,20.949999999999953,39.0,0.975,0.9534606205250595
N40_rate0p7_rep000_seed2036457898724641340,40,0.7,0,PP,4,4,4,4,initial_30s,1,0.0014951229095458984,822.9999999997165,20.57499999999291,39.0,0.975,0.9526123936816362
N40_rate0p7_rep000_seed2036457898724641340,40,0.7,0,PP,4,4,4,4,initial_30s,2,0.016086101531982422,783.9999999997483,19.599999999993706,217.99999999998101,5.449999999999525,0.7219387755101391
N40_rate0p7_rep000_seed2036457898724641340,40,0.7,0,PP,4,4,4,4,initial_30s,3,0.02303600311279297,719.9999999999789,17.99999999999947,245.99999999997692,6.149999999999423,0.6583333333333553
N40_rate0p7_rep000_seed2036457898724641340,40,0.7,0,PP,4,4,4,4,initial_30s,4,0.03284716606140137,695.9999999999793,17.399999999999483,249.9999999999801,6.249999999999503,0.6408045977011674
N40_rate0p7_rep000_seed2036457898724641340,40,0.7,0,PP,4,4,4,4,initial_30s,5,0.05251908302307129,687.9999999999172,17.19999999999793,306.23099490654164,7.655774872663541,0.5548968097288104
N40_rate0p7_rep000_seed2036457898724641340,40,0.7,0,PP,4,4,4,4,initial_30s,6,0.07287907600402832,664.0,16.6,324.3780592748664,8.10945148187166,0.5114788263932735
N40_rate0p7_rep001_seed5814625120818215901,40,0.7,1,NP,,,1,1,initial_30s,0,0.00958395004272461,786.9999999999982,19.674999999999955,35.0,0.875,0.9555273189326555
N40_rate0p7_rep001_seed5814625120818215901,40,0.7,1,NP,,,1,1,initial_30s,1,0.21676993370056152,762.9999999999645,19.074999999999115,135.07684358024852,3.376921089506213,0.8229661289904917
N40_rate0p7_rep001_seed5814625120818215901,40,0.7,1,NP,,,1,1,initial_30s,2,0.23241305351257324,744.999999999575,18.624999999989377,135.0842983804521,3.377107459511303,0.8186787941200951
N40_rate0p7_rep001_seed5814625120818215901,40,0.7,1,NP,,,1,1,initial_30s,3,20.313157081604004,714.9999999999038,17.874999999997595,240.2253868319254,6.005634670798135,0.664020437997262
N40_rate0p7_rep001_seed5814625120818215901,40,0.7,1,NP,,,1,1,initial_30s,4,30.0038161277771,715.0,17.875,274.4986419369087,6.862466048422718,0.6160858154728549
N40_rate0p7_rep001_seed5814625120818215901,40,0.7,1,CHP,4,4,,,initial_30s,0,0.0005359649658203125,786.9999999999975,19.674999999999937,35.0,0.875,0.9555273189326555
N40_rate0p7_rep001_seed5814625120818215901,40,0.7,1,CHP,4,4,,,initial_30s,1,0.000598907470703125,670.9999999999434,16.774999999998585,35.0,0.875,0.9478390461996975
N40_rate0p7_rep001_seed5814625120818215901,40,0.7,1,CHP,4,4,,,initial_30s,2,0.0028998851776123047,671.0,16.775,670.9999999999434,16.774999999998585,8.437562620769714e-14
N40_rate0p7_rep001_seed5814625120818215901,40,0.7,1,PP,4,4,4,4,initial_30s,0,0.001232147216796875,786.999999999998,19.674999999999947,35.0,0.875,0.9555273189326555
N40_rate0p7_rep001_seed5814625120818215901,40,0.7,1,PP,4,4,4,4,initial_30s,1,0.005443096160888672,695.0,17.375,187.67436704363732,4.691859176090933,0.7299649395055579
N40_rate0p7_rep001_seed5814625120818215901,40,0.7,1,PP,4,4,4,4,initial_30s,2,0.03408002853393555,686.9999999999968,17.17499999999992,224.99999999997976,5.624999999999494,0.6724890829694603
N40_rate0p7_rep001_seed5814625120818215901,40,0.7,1,PP,4,4,4,4,initial_30s,3,0.042160987854003906,670.9999999999914,16.774999999999785,248.0887991271309,6.202219978178272,0.6302700460102324
N40_rate0p7_rep001_seed5814625120818215901,40,0.7,1,PP,4,4,4,4,initial_30s,4,0.18624615669250488,671.0,16.775,670.9999999999914,16.774999999999785,1.2876601589929685e-14
N40_rate0p7_rep002_seed11250542451120558371,40,0.7,2,NP,,,1,1,initial_30s,0,0.006884098052978516,752.9999999999982,18.824999999999953,10.0,0.25,0.9867197875166003
N40_rate0p7_rep002_seed11250542451120558371,40,0.7,2,NP,,,1,1,initial_30s,1,0.01919412612915039,728.999999999947,18.224999999998676,10.0,0.25,0.9862825788751705
N40_rate0p7_rep002_seed11250542451120558371,40,0.7,2,NP,,,1,1,initial_30s,2,0.07110810279846191,724.9999999999604,18.124999999999012,71.02532471301132,1.7756331178252829,0.9020340348785998
N40_rate0p7_rep002_seed11250542451120558371,40,0.7,2,NP,,,1,1,initial_30s,3,0.08163905143737793,720.9999999999595,18.02499999999899,71.02532471301132,1.7756331178252829,0.9014905343786196
N40_rate0p7_rep002_seed11250542451120558371,40,0.7,2,NP,,,1,1,initial_30s,4,0.08170199394226074,716.9999999999545,17.924999999998864,71.02532471301132,1.7756331178252829,0.9009409697168539
N40_rate0p7_rep002_seed11250542451120558371,40,0.7,2,NP,,,1,1,initial_30s,5,0.08174610137939453,712.9999999999488,17.82499999999872,71.02532471301132,1.7756331178252829,0.9003852388316741
N40_rate0p7_rep002_seed11250542451120558371,40,0.7,2,NP,,,1,1,initial_30s,6,0.1567220687866211,710.999999999983,17.774999999999572,95.94341371170151,2.3985853427925377,0.8650584898569567
N40_rate0p7_rep002_seed11250542451120558371,40,0.7,2,NP,,,1,1,initial_30s,7,0.18216514587402344,709.9999999999898,17.749999999999744,96.8036065053675,2.4200901626341875,0.8636568922459593
N40_rate0p7_rep002_seed11250542451120558371,40,0.7,2,NP,,,1,1,initial_30s,8,0.1924140453338623,701.9999999999718,17.549999999999294,97.3677936700546,2.434194841751365,0.8612994392164408
N40_rate0p7_rep002_seed11250542451120558371,40,0.7,2,NP,,,1,1,initial_30s,9,0.1925060749053955,690.9999999999745,17.274999999999363,97.3677936700546,2.434194841751365,0.8590914708103354
N40_rate0p7_rep002_seed11250542451120558371,40,0.7,2,NP,,,1,1,initial_30s,10,0.19257807731628418,673.9999999999728,16.84999999999932,97.3677936700546,2.434194841751365,0.8555373981156402
N40_rate0p7_rep002_seed11250542451120558371,40,0.7,2,NP,,,1,1,initial_30s,11,0.2417449951171875,671.9999999999771,16.79999999999943,100.06037991565387,2.501509497891347,0.8511006251255099
N40_rate0p7_rep002_seed11250542451120558371,40,0.7,2,NP,,,1,1,initial_30s,12,0.24183011054992676,657.9999999999706,16.449999999999264,100.06037991565387,2.501509497891347,0.8479325533196681
N40_rate0p7_rep002_seed11250542451120558371,40,0.7,2,NP,,,1,1,initial_30s,13,1.2137150764465332,637.9999999998929,15.949999999997322,118.58371127563876,2.964592781890969,0.8141321139879959
N40_rate0p7_rep002_seed11250542451120558371,40,0.7,2,NP,,,1,1,initial_30s,14,5.158096075057983,631.9999999999094,15.799999999997734,123.87816938593264,3.096954234648316,0.8039902383133696
N40_rate0p7_rep002_seed11250542451120558371,40,0.7,2,NP,,,1,1,initial_30s,15,30.004613161087036,632.0,15.8,206.36106546644615,5.159026636661154,0.6734793267935979
N40_rate0p7_rep002_seed11250542451120558371,40,0.7,2,CHP,4,4,,,initial_30s,0,0.0008909702301025391,752.999999999998,18.82499999999995,10.0,0.25,0.9867197875166003
N40_rate0p7_rep002_seed11250542451120558371,40,0.7,2,CHP,4,4,,,initial_30s,1,0.0009930133819580078,692.9999999998968,17.32499999999742,10.0,0.25,0.9855699855699834
N40_rate0p7_rep002_seed11250542451120558371,40,0.7,2,CHP,4,4,,,initial_30s,2,0.0016179084777832031,674.9999999999529,16.874999999998824,10.0,0.25,0.9851851851851842
N40_rate0p7_rep002_seed11250542451120558371,40,0.7,2,CHP,4,4,,,initial_30s,3,0.003113985061645508,672.999999999975,16.824999999999374,302.84486849555236,7.571121712388809,0.5500076248208564
N40_rate0p7_rep002_seed11250542451120558371,40,0.7,2,CHP,4,4,,,initial_30s,4,0.009039878845214844,668.9999999999568,16.72499999999892,469.9999999999842,11.749999999999606,0.29745889387142815
N40_rate0p7_rep002_seed11250542451120558371,40,0.7,2,CHP,4,4,,,initial_30s,5,0.013186931610107422,669.0,16.725,668.9999999999568,16.72499999999892,6.457548330973706e-14
N40_rate0p7_rep002_seed11250542451120558371,40,0.7,2,PP,4,4,4,4,initial_30s,0,0.0014019012451171875,752.999999999998,18.82499999999995,10.0,0.25,0.9867197875166003
N40_rate0p7_rep002_seed11250542451120558371,40,0.7,2,PP,4,4,4,4,initial_30s,1,0.003690004348754883,737.000000000012,18.425000000000303,10.0,0.25,0.9864314789687926
N40_rate0p7_rep002_seed11250542451120558371,40,0.7,2,PP,4,4,4,4,initial_30s,2,0.022515058517456055,724.000000000023,18.100000000000573,196.999999999988,4.9249999999997005,0.7279005524862131
N40_rate0p7_rep002_seed11250542451120558371,40,0.7,2,PP,4,4,4,4,initial_30s,3,0.027734041213989258,720.9999999999666,18.024999999999164,206.99999999997888,5.174999999999472,0.7128987517337192
N40_rate0p7_rep002_seed11250542451120558371,40,0.7,2,PP,4,4,4,4,initial_30s,4,0.03360795974731445,704.9999999998668,17.624999999996668,206.99999999997888,5.174999999999472,0.7063829787233787
N40_rate0p7_rep002_seed11250542451120558371,40,0.7,2,PP,4,4,4,4,initial_30s,5,0.04413294792175293,674.9999999999654,16.874999999999137,206.99999999997888,5.174999999999472,0.693333333333349
N40_rate0p7_rep002_seed11250542451120558371,40,0.7,2,PP,4,4,4,4,initial_30s,6,0.07625603675842285,662.0,16.55,236.8891475148214,5.922228687870534,0.6421614085878831
N40_rate0p7_rep002_seed11250542451120558371,40,0.7,2,PP,4,4,4,4,initial_30s,7,0.16825294494628906,652.0,16.3,420.9999999999941,10.524999999999853,0.3542944785276164
N40_rate0p7_rep002_seed11250542451120558371,40,0.7,2,PP,4,4,4,4,initial_30s,8,0.18249297142028809,647.9999999999628,16.199999999999072,424.5529100528898,10.613822751322244,0.3448257560911819
N40_rate0p7_rep002_seed11250542451120558371,40,0.7,2,PP,4,4,4,4,initial_30s,9,0.1994619369506836,639.9999999999484,15.99999999999871,449.6956521738932,11.242391304347331,0.2973505434782352
N40_rate0p7_rep002_seed11250542451120558371,40,0.7,2,PP,4,4,4,4,initial_30s,10,0.36226892471313477,640.0,16.0,639.9999999999484,15.99999999999871,8.064660050877137e-14
N40_rate0p7_rep003_seed10934907486952431335,40,0.7,3,NP,,,1,1,initial_30s,0,0.006457805633544922,705.9999999999982,17.649999999999956,18.0,0.45,0.9745042492917846
N40_rate0p7_rep003_seed10934907486952431335,40,0.7,3,NP,,,1,1,initial_30s,1,0.018286943435668945,698.0000000000257,17.450000000000642,18.0,0.45,0.9742120343839551
N40_rate0p7_rep003_seed10934907486952431335,40,0.7,3,NP,,,1,1,initial_30s,2,0.03216981887817383,693.999999999997,17.349999999999927,82.14348964365956,2.0535872410914893,0.8816376229918444
N40_rate0p7_rep003_seed10934907486952431335,40,0.7,3,NP,,,1,1,initial_30s,3,0.09814596176147461,670.9999999999766,16.774999999999416,93.36541262740847,2.334135315685212,0.860856315011309
N40_rate0p7_rep003_seed10934907486952431335,40,0.7,3,NP,,,1,1,initial_30s,4,0.3494069576263428,665.9999999999059,16.649999999997647,114.21978985749735,2.855494746437434,0.8284988140277576
N40_rate0p7_rep003_seed10934907486952431335,40,0.7,3,NP,,,1,1,initial_30s,5,0.8337078094482422,657.9999999999654,16.449999999999136,122.84266326357407,3.071066581589352,0.8133090223957743
N40_rate0p7_rep003_seed10934907486952431335,40,0.7,3,NP,,,1,1,initial_30s,6,19.705169916152954,655.9999999999955,16.399999999999885,197.48604414741533,4.937151103685383,0.6989542009947917
N40_rate0p7_rep003_seed10934907486952431335,40,0.7,3,NP,,,1,1,initial_30s,7,29.466859817504883,650.0,16.25,227.02780643470564,5.675695160867641,0.6507264516389144
N40_rate0p7_rep003_seed10934907486952431335,40,0.7,3,NP,,,1,1,initial_30s,8,30.049738883972168,650.0,16.25,227.51700302776666,5.687925075694166,0.6499738414957436
N40_rate0p7_rep003_seed10934907486952431335,40,0.7,3,CHP,4,4,,,initial_30s,0,0.000782012939453125,705.9999999999977,17.64999999999994,18.0,0.45,0.9745042492917846
N40_rate0p7_rep003_seed10934907486952431335,40,0.7,3,CHP,4,4,,,initial_30s,1,0.0008511543273925781,670.9999999999484,16.77499999999871,18.0,0.45,0.9731743666169875
N40_rate0p7_rep003_seed10934907486952431335,40,0.7,3,CHP,4,4,,,initial_30s,2,0.0017120838165283203,667.0,16.675,77.99999999999991,1.949999999999998,0.8830584707646179
N40_rate0p7_rep003_seed10934907486952431335,40,0.7,3,PP,4,4,4,4,initial_30s,0,0.0013778209686279297,705.9999999999982,17.649999999999956,18.0,0.45,0.9745042492917846
N40_rate0p7_rep003_seed10934907486952431335,40,0.7,3,PP,4,4,4,4,initial_30s,1,0.039877891540527344,693.9999999999891,17.349999999999728,206.9999999999844,5.17499999999961,0.7017291066282598
N40_rate0p7_rep003_seed10934907486952431335,40,0.7,3,PP,4,4,4,4,initial_30s,2,0.052824974060058594,690.9999999999795,17.274999999999487,210.99999999998488,5.274999999999622,0.6946454413893037
N40_rate0p7_rep003_seed10934907486952431335,40,0.7,3,PP,4,4,4,4,initial_30s,3,0.06672883033752441,671.0,16.775,222.24215071585147,5.5560537678962865,0.6687896412580454
N40_rate0p7_rep003_seed10934907486952431335,40,0.7,3,PP,4,4,4,4,initial_30s,4,0.10192394256591797,655.9999999999937,16.399999999999842,317.5883720949604,7.93970930237401,0.5158713840015802
N40_rate0p7_rep003_seed10934907486952431335,40,0.7,3,PP,4,4,4,4,initial_30s,5,0.12726378440856934,654.0,16.35,358.4999999999917,8.962499999999793,0.45183486238533377
N40_rate0p7_rep003_seed10934907486952431335,40,0.7,3,PP,4,4,4,4,initial_30s,6,0.13946080207824707,649.9999999999945,16.249999999999865,358.4999999999917,8.962499999999793,0.44846153846154657
N40_rate0p7_rep003_seed10934907486952431335,40,0.7,3,PP,4,4,4,4,initial_30s,7,0.3082399368286133,650.0,16.25,649.9999999999945,16.249999999999865,8.395335708673185e-15
N40_rate0p7_rep004_seed17680857084021644899,40,0.7,4,NP,,,1,1,initial_30s,0,0.007529020309448242,769.9999999999982,19.249999999999954,25.0,0.625,0.9675324675324675
N40_rate0p7_rep004_seed17680857084021644899,40,0.7,4,NP,,,1,1,initial_30s,1,0.020351171493530273,737.9999999999973,18.449999999999932,25.0,0.625,0.9661246612466123
N40_rate0p7_rep004_seed17680857084021644899,40,0.7,4,NP,,,1,1,initial_30s,2,0.09443211555480957,720.9999999998436,18.02499999999609,105.14008806897235,2.6285022017243085,0.8541746351331552
N40_rate0p7_rep004_seed17680857084021644899,40,0.7,4,NP,,,1,1,initial_30s,3,1.0858960151672363,711.9999999998824,17.799999999997063,134.38703820325907,3.3596759550814768,0.8112541598268521
N40_rate0p7_rep004_seed17680857084021644899,40,0.7,4,NP,,,1,1,initial_30s,4,1.2383790016174316,703.0,17.575,134.38703820325907,3.3596759550814768,0.8088377834946529
N40_rate0p7_rep004_seed17680857084021644899,40,0.7,4,NP,,,1,1,initial_30s,5,1.690986156463623,693.0,17.325,134.38703820325907,3.3596759550814768,0.8060793099520072
N40_rate0p7_rep004_seed17680857084021644899,40,0.7,4,NP,,,1,1,initial_30s,6,3.5541090965270996,677.0000000000105,16.92500000000026,138.75142749896042,3.4687856874740106,0.795049590104936
N40_rate0p7_rep004_seed17680857084021644899,40,0.7,4,NP,,,1,1,initial_30s,7,5.432800054550171,673.0000000000152,16.82500000000038,148.1474246920649,3.7036856173016224,0.7798700970400274
N40_rate0p7_rep004_seed17680857084021644899,40,0.7,4,NP,,,1,1,initial_30s,8,5.7069010734558105,661.0,16.525,148.1474246920649,3.7036856173016224,0.7758737901784193
N40_rate0p7_rep004_seed17680857084021644899,40,0.7,4,NP,,,1,1,initial_30s,9,30.036499977111816,661.0,16.525,217.1810144541845,5.429525361354612,0.671435681612429
N40_rate0p7_rep004_seed17680857084021644899,40,0.7,4,CHP,4,4,,,initial_30s,0,0.0007770061492919922,769.9999999999977,19.249999999999943,25.0,0.625,0.9675324675324675
N40_rate0p7_rep004_seed17680857084021644899,40,0.7,4,CHP,4,4,,,initial_30s,1,0.0008819103240966797,740.9999999999386,18.524999999998464,25.0,0.625,0.9662618083670688
N40_rate0p7_rep004_seed17680857084021644899,40,0.7,4,CHP,4,4,,,initial_30s,2,0.0013909339904785156,694.0,17.35,25.0,0.625,0.9639769452449568
N40_rate0p7_rep004_seed17680857084021644899,40,0.7,4,CHP,4,4,,,initial_30s,3,0.0023488998413085938,674.0,16.85,121.99999999999875,3.0499999999999687,0.8189910979228505
N40_rate0p7_rep004_seed17680857084021644899,40,0.7,4,CHP,4,4,,,initial_30s,4,0.002363920211791992,649.9999999999445,16.249999999998614,121.99999999999875,3.0499999999999687,0.8123076923076782
N40_rate0p7_rep004_seed17680857084021644899,40,0.7,4,CHP,4,4,,,initial_30s,5,0.006909847259521484,644.9999999999807,16.124999999999517,507.9999999999832,12.69999999999958,0.21240310077519628
N40_rate0p7_rep004_seed17680857084021644899,40,0.7,4,CHP,4,4,,,initial_30s,6,0.009908914566040039,645.0,16.125,644.9999999999693,16.124999999999233,4.7589839046257875e-14
N40_rate0p7_rep004_seed17680857084021644899,40,0.7,4,PP,4,4,4,4,initial_30s,0,0.0014319419860839844,769.9999999999982,19.249999999999954,25.0,0.625,0.9675324675324675
N40_rate0p7_rep004_seed17680857084021644899,40,0.7,4,PP,4,4,4,4,initial_30s,1,0.0044748783111572266,769.0000000000068,19.225000000000172,25.0,0.625,0.9674902470741226
N40_rate0p7_rep004_seed17680857084021644899,40,0.7,4,PP,4,4,4,4,initial_30s,2,0.01403498649597168,752.9999999997742,18.824999999994354,178.73158991828242,4.46828974795706,0.7626406508388631
N40_rate0p7_rep004_seed17680857084021644899,40,0.7,4,PP,4,4,4,4,initial_30s,3,0.048761844635009766,714.9999999998781,17.87499999999695,226.99999999998442,5.674999999999611,0.6825174825174501
N40_rate0p7_rep004_seed17680857084021644899,40,0.7,4,PP,4,4,4,4,initial_30s,4,0.05166292190551758,693.0,17.325,226.99999999998442,5.674999999999611,0.6724386724386949
N40_rate0p7_rep004_seed17680857084021644899,40,0.7,4,PP,4,4,4,4,initial_30s,5,0.061070919036865234,676.9999999999591,16.924999999998978,247.0778560951103,6.176946402377757,0.6350400943942021
N40_rate0p7_rep004_seed17680857084021644899,40,0.7,4,PP,4,4,4,4,initial_30s,6,0.061315059661865234,660.9999999999604,16.52499999999901,255.12708895652221,6.378177223913055,0.6140286097480522
N40_rate0p7_rep004_seed17680857084021644899,40,0.7,4,PP,4,4,4,4,initial_30s,7,0.25345683097839355,656.9999999999679,16.424999999999198,483.1428571428403,12.078571428571006,0.26462274407478864
N40_rate0p7_rep004_seed17680857084021644899,40,0.7,4,PP,4,4,4,4,initial_30s,8,0.25501394271850586,654.999999999945,16.374999999998625,485.3636363636349,12.134090909090872,0.25898681471194557
N40_rate0p7_rep004_seed17680857084021644899,40,0.7,4,PP,4,4,4,4,initial_30s,9,0.29468488693237305,652.9999999999561,16.3249999999989,525.4999999999964,13.137499999999909,0.19525267993869574
N40_rate0p7_rep004_seed17680857084021644899,40,0.7,4,PP,4,4,4,4,initial_30s,10,0.29473090171813965,648.9999999999561,16.224999999998904,525.4999999999964,13.137499999999909,0.19029275808931911
N40_rate0p7_rep004_seed17680857084021644899,40,0.7,4,PP,4,4,4,4,initial_30s,11,0.29474782943725586,644.9999999999561,16.124999999998902,525.4999999999964,13.137499999999909,0.18527131782940756
N40_rate0p7_rep004_seed17680857084021644899,40,0.7,4,PP,4,4,4,4,initial_30s,12,0.3657679557800293,645.0,16.125,644.9999999999561,16.124999999998902,6.803584396983533e-14
N40_rate0p7_rep005_seed4591829088878941512,40,0.7,5,NP,,,1,1,initial_30s,0,0.007117033004760742,909.9999999999982,22.749999999999954,35.0,0.875,0.9615384615384615
N40_rate0p7_rep005_seed4591829088878941512,40,0.7,5,NP,,,1,1,initial_30s,1,0.020760059356689453,895.9999999999902,22.399999999999757,35.0,0.875,0.9609374999999996
N40_rate0p7_rep005_seed4591829088878941512,40,0.7,5,NP,,,1,1,initial_30s,2,0.02333998680114746,892.0000000000252,22.30000000000063,35.0,0.875,0.9607623318385662
N40_rate0p7_rep005_seed4591829088878941512,40,0.7,5,NP,,,1,1,initial_30s,3,0.03110504150390625,889.0000000000252,22.22500000000063,35.0,0.875,0.9606299212598436
N40_rate0p7_rep005_seed4591829088878941512,40,0.7,5,NP,,,1,1,initial_30s,4,0.12421917915344238,868.0000000000105,21.700000000000262,122.27509784404617,3.0568774461011543,0.8591300716082434
N40_rate0p7_rep005_seed4591829088878941512,40,0.7,5,NP,,,1,1,initial_30s,5,0.13426899909973145,863.9999999999281,21.599999999998204,122.9227889753281,3.0730697243832026,0.8577282535007659
N40_rate0p7_rep005_seed4591829088878941512,40,0.7,5,NP,,,1,1,initial_30s,6,0.15770721435546875,859.9999999999059,21.499999999997648,123.10763121303131,3.0776907803257827,0.8568515916127387
N40_rate0p7_rep005_seed4591829088878941512,40,0.7,5,NP,,,1,1,initial_30s,7,0.17721819877624512,849.9999999998895,21.249999999997236,125.4774718038621,3.1369367950965525,0.8523794449366137
N40_rate0p7_rep005_seed4591829088878941512,40,0.7,5,NP,,,1,1,initial_30s,8,0.3162271976470947,846.999999999849,21.174999999996224,128.85935445409268,3.221483861352317,0.8478638082005718
N40_rate0p7_rep005_seed4591829088878941512,40,0.7,5,NP,,,1,1,initial_30s,9,0.31630706787109375,843.9999999997929,21.09999999999482,128.85935445409268,3.221483861352317,0.8473230397462982
N40_rate0p7_rep005_seed4591829088878941512,40,0.7,5,NP,,,1,1,initial_30s,10,0.3163461685180664,841.9999999997876,21.04999999999469,128.85935445409268,3.221483861352317,0.8469603866340556
N40_rate0p7_rep005_seed4591829088878941512,40,0.7,5,NP,,,1,1,initial_30s,11,0.31638121604919434,837.9999999998677,20.94999999999669,128.85935445409268,3.221483861352317,0.8462298872862613
N40_rate0p7_rep005_seed4591829088878941512,40,0.7,5,NP,,,1,1,initial_30s,12,0.31641316413879395,776.9999999998377,19.42499999999594,128.85935445409268,3.221483861352317,0.834157844975393
N40_rate0p7_rep005_seed4591829088878941512,40,0.7,5,NP,,,1,1,initial_30s,13,0.3858041763305664,749.9999999999736,18.74999999999934,129.0123588077128,3.2253089701928195,0.8279835215897102
N40_rate0p7_rep005_seed4591829088878941512,40,0.7,5,NP,,,1,1,initial_30s,14,0.6069660186767578,740.0000000000073,18.50000000000018,135.51413262218298,3.3878533155545747,0.8168727937538086
N40_rate0p7_rep005_seed4591829088878941512,40,0.7,5,NP,,,1,1,initial_30s,15,0.6734681129455566,724.0,18.1,135.51413262218298,3.3878533155545747,0.812825783671018
N40_rate0p7_rep005_seed4591829088878941512,40,0.7,5,NP,,,1,1,initial_30s,16,4.246357202529907,713.9999999999309,17.84999999999827,159.6143738912367,3.9903593472809176,0.776450456734941
N40_rate0p7_rep005_seed4591829088878941512,40,0.7,5,NP,,,1,1,initial_30s,17,10.271001100540161,703.99999999988,17.599999999997,202.61938759782493,5.065484689945623,0.7121883698894041
N40_rate0p7_rep005_seed4591829088878941512,40,0.7,5,NP,,,1,1,initial_30s,18,15.979001998901367,693.9999999999344,17.34999999999836,202.61938759782493,5.065484689945623,0.7080412282451815
N40_rate0p7_rep005_seed4591829088878941512,40,0.7,5,NP,,,1,1,initial_30s,19,28.52299213409424,681.9999999998747,17.049999999996867,205.54072443070652,5.138518110767663,0.6986206386645978
N40_rate0p7_rep005_seed4591829088878941512,40,0.7,5,NP,,,1,1,initial_30s,20,28.649397134780884,679.9999999998712,16.99999999999678,205.54072443070652,5.138518110767663,0.6977342287783155
N40_rate0p7_rep005_seed4591829088878941512,40,0.7,5,NP,,,1,1,initial_30s,21,28.64947199821472,653.9999999998602,16.349999999996506,205.54072443070652,5.138518110767663,0.6857175467419717
N40_rate0p7_rep005_seed4591829088878941512,40,0.7,5,NP,,,1,1,initial_30s,22,30.028860092163086,654.0,16.35,205.54072443070652,5.138518110767663,0.685717546742039
N40_rate0p7_rep005_seed4591829088878941512,40,0.7,5,CHP,4,4,,,initial_30s,0,0.0011379718780517578,909.999999999998,22.74999999999995,35.0,0.875,0.9615384615384615
N40_rate0p7_rep005_seed4591829088878941512,40,0.7,5,CHP,4,4,,,initial_30s,1,0.0012960433959960938,797.9999999999495,19.949999999998738,35.0,0.875,0.9561403508771902
N40_rate0p7_rep005_seed4591829088878941512,40,0.7,5,CHP,4,4,,,initial_30s,2,0.002125978469848633,715.0,17.875,35.0,0.875,0.951048951048951
N40_rate0p7_rep005_seed4591829088878941512,40,0.7,5,CHP,4,4,,,initial_30s,3,0.0023391246795654297,696.9999999998727,17.424999999996817,35.0,0.875,0.9497847919655575
N40_rate0p7_rep005_seed4591829088878941512,40,0.7,5,CHP,4,4,,,initial_30s,4,0.002936124801635742,694.99999999991,17.374999999997748,35.0,0.875,0.9496402877697776
N40_rate0p7_rep005_seed4591829088878941512,40,0.7,5,CHP,4,4,,,initial_30s,5,0.009147167205810547,688.9999999999625,17.224999999999064,326.9999999999916,8.17499999999979,0.5253991291727005
N40_rate0p7_rep005_seed4591829088878941512,40,0.7,5,CHP,4,4,,,initial_30s,6,0.013545989990234375,670.0,16.75,337.9999999999976,8.44999999999994,0.49552238805970505
N40_rate0p7_rep005_seed4591829088878941512,40,0.7,5,CHP,4,4,,,initial_30s,7,0.02029109001159668,653.9999999999565,16.34999999999891,402.39459574042695,10.059864893510674,0.38471774351612575
N40_rate0p7_rep005_seed4591829088878941512,40,0.7,5,CHP,4,4,,,initial_30s,8,0.024266958236694336,654.0,16.35,653.9999999999565,16.34999999999891,6.657807163207789e-14
N40_rate0p7_rep005_seed4591829088878941512,40,0.7,5,PP,4,4,4,4,initial_30s,0,0.0029799938201904297,909.9999999999955,22.749999999999886,35.0,0.875,0.9615384615384613
N40_rate0p7_rep005_seed4591829088878941512,40,0.7,5,PP,4,4,4,4,initial_30s,1,0.0033521652221679688,797.9999999998397,19.949999999995992,35.0,0.875,0.9561403508771842
N40_rate0p7_rep005_seed4591829088878941512,40,0.7,5,PP,4,4,4,4,initial_30s,2,0.01324605941772461,794.9999999998367,19.874999999995918,175.9038927228495,4.397597318071237,0.7787372418580055
N40_rate0p7_rep005_seed4591829088878941512,40,0.7,5,PP,4,4,4,4,initial_30s,3,0.013271093368530273,752.9999999999004,18.82499999999751,175.9038927228495,4.397597318071237,0.7663958927983098
N40_rate0p7_rep005_seed4591829088878941512,40,0.7,5,PP,4,4,4,4,initial_30s,4,0.024125099182128906,700.9999999999804,17.524999999999512,200.3767988284054,5.009419970710136,0.7141557791320813
N40_rate0p7_rep005_seed4591829088878941512,40,0.7,5,PP,4,4,4,4,initial_30s,5,0.032649993896484375,685.9999999999513,17.149999999998784,208.8278872454507,5.220697181136268,0.6955861701961144
N40_rate0p7_rep005_seed4591829088878941512,40,0.7,5,PP,4,4,4,4,initial_30s,6,0.03306698799133301,683.9999999999584,17.09999999999896,208.9119587586698,5.222798968966745,0.6945731597095285
N40_rate0p7_rep005_seed4591829088878941512,40,0.7,5,PP,4,4,4,4,initial_30s,7,0.04172110557556152,671.9999999999677,16.799999999999194,212.2765530621196,5.30691382655299,0.6841122722289735
N40_rate0p7_rep005_seed4591829088878941512,40,0.7,5,PP,4,4,4,4,initial_30s,8,0.1663651466369629,653.9999999999923,16.349999999999806,376.0859683794293,9.402149209485732,0.42494500247793004
N40_rate0p7_rep005_seed4591829088878941512,40,0.7,5,PP,4,4,4,4,initial_30s,9,0.3470339775085449,654.0,16.35,653.9999999999923,16.349999999999806,1.1820649793684847e-14
N40_rate0p7_rep006_seed8740857357118389239,40,0.7,6,NP,,,1,1,initial_30s,0,0.006462812423706055,635.9999999999982,15.899999999999954,11.0,0.275,0.9827044025157232
N40_rate0p7_rep006_seed8740857357118389239,40,0.7,6,NP,,,1,1,initial_30s,1,30.00818181037903,636.0,15.9,211.6169858567007,5.2904246464175175,0.6672688901624203
N40_rate0p7_rep006_seed8740857357118389239,40,0.7,6,CHP,4,4,,,initial_30s,0,0.0007309913635253906,635.9999999999977,15.899999999999944,11.0,0.275,0.9827044025157232
N40_rate0p7_rep006_seed8740857357118389239,40,0.7,6,CHP,4,4,,,initial_30s,1,0.004461050033569336,636.0,15.9,635.9999999999977,15.899999999999944,3.5750577899879255e-15
N40_rate0p7_rep006_seed8740857357118389239,40,0.7,6,PP,4,4,4,4,initial_30s,0,0.0018739700317382812,635.9999999999982,15.899999999999954,11.0,0.275,0.9827044025157232
N40_rate0p7_rep006_seed8740857357118389239,40,0.7,6,PP,4,4,4,4,initial_30s,1,0.23952412605285645,636.0,15.9,635.9999999999982,15.899999999999954,2.8600462319903405e-15
N40_rate0p7_rep007_seed2677649779708894794,40,0.7,7,NP,,,1,1,initial_30s,0,0.01129007339477539,613.9999999999982,15.349999999999955,29.0,0.725,0.9527687296416937
N40_rate0p7_rep007_seed2677649779708894794,40,0.7,7,NP,,,1,1,initial_30s,1,29.864462852478027,612.0000000000005,15.300000000000011,228.28529492735504,5.707132373183876,0.6269848122102044
N40_rate0p7_rep007_seed2677649779708894794,40,0.7,7,NP,,,1,1,initial_30s,2,30.003010034561157,612.0,15.3,228.28529492735504,5.707132373183876,0.6269848122102042
N40_rate0p7_rep007_seed2677649779708894794,40,0.7,7,CHP,4,4,,,initial_30s,0,0.0008170604705810547,613.999999999998,15.349999999999948,29.0,0.725,0.9527687296416937
N40_rate0p7_rep007_seed2677649779708894794,40,0.7,7,CHP,4,4,,,initial_30s,1,0.005746126174926758,614.0,15.35,613.999999999998,15.349999999999948,3.3328388908617076e-15
N40_rate0p7_rep007_seed2677649779708894794,40,0.7,7,PP,4,4,4,4,initial_30s,0,0.004758119583129883,613.999999999998,15.349999999999948,29.0,0.725,0.9527687296416937
N40_rate0p7_rep007_seed2677649779708894794,40,0.7,7,PP,4,4,4,4,initial_30s,1,0.21262598037719727,614.0,15.35,613.999999999998,15.349999999999948,3.3328388908617076e-15
N40_rate0p7_rep008_seed16702744636675888092,40,0.7,8,NP,,,1,1,initial_30s,0,0.007258892059326172,739.9999999999982,18.499999999999954,17.0,0.425,0.9770270270270269
N40_rate0p7_rep008_seed16702744636675888092,40,0.7,8,NP,,,1,1,initial_30s,1,0.01807379722595215,725.000000000003,18.125000000000075,17.0,0.425,0.9765517241379311
N40_rate0p7_rep008_seed16702744636675888092,40,0.7,8,NP,,,1,1,initial_30s,2,0.04393792152404785,721.000000000005,18.025000000000126,80.5347378519583,2.0133684462989576,0.8883013344633041
N40_rate0p7_rep008_seed16702744636675888092,40,0.7,8,NP,,,1,1,initial_30s,3,0.06668281555175781,719.0000000000059,17.975000000000147,98.13145275465774,2.4532863188664438,0.8635167555568054
N40_rate0p7_rep008_seed16702744636675888092,40,0.7,8,NP,,,1,1,initial_30s,4,0.07365298271179199,717.0000000000155,17.925000000000388,98.87116175107172,2.471779043776793,0.862104376916221
N40_rate0p7_rep008_seed16702744636675888092,40,0.7,8,NP,,,1,1,initial_30s,5,0.07370281219482422,713.0000000000041,17.825000000000102,98.87116175107172,2.471779043776793,0.8613307689325791
N40_rate0p7_rep008_seed16702744636675888092,40,0.7,8,NP,,,1,1,initial_30s,6,0.0737450122833252,709.0000000000039,17.725000000000097,98.87116175107172,2.471779043776793,0.8605484319448926
N40_rate0p7_rep008_seed16702744636675888092,40,0.7,8,NP,,,1,1,initial_30s,7,0.15725302696228027,699.9999999996257,17.499999999990642,108.76677263295352,2.719169315823838,0.8446188962385548
N40_rate0p7_rep008_seed16702744636675888092,40,0.7,8,NP,,,1,1,initial_30s,8,0.19578194618225098,696.9999999998236,17.42499999999559,110.66143388736913,2.7665358471842283,0.8412318021701618
N40_rate0p7_rep008_seed16702744636675888092,40,0.7,8,NP,,,1,1,initial_30s,9,0.6752209663391113,693.0,17.325,125.05693598494061,3.126423399623515,0.8195426609163916
N40_rate0p7_rep008_seed16702744636675888092,40,0.7,8,NP,,,1,1,initial_30s,10,0.720304012298584,689.0000000000023,17.22500000000006,125.05693598494061,3.126423399623515,0.8184950130842668
N40_rate0p7_rep008_seed16702744636675888092,40,0.7,8,NP,,,1,1,initial_30s,11,0.7205619812011719,684.9999999999293,17.12499999999823,125.05693598494061,3.126423399623515,0.8174351299489729
N40_rate0p7_rep008_seed16702744636675888092,40,0.7,8,NP,,,1,1,initial_30s,12,0.7206590175628662,681.0000000000005,17.025000000000013,125.05693598494061,3.126423399623515,0.8163627959105131
N40_rate0p7_rep008_seed16702744636675888092,40,0.7,8,NP,,,1,1,initial_30s,13,0.9937119483947754,677.0000000000241,16.9250000000006,125.05693598494061,3.126423399623515,0.8152777902733587
N40_rate0p7_rep008_seed16702744636675888092,40,0.7,8,NP,,,1,1,initial_30s,14,1.0331568717956543,664.9999999999804,16.62499999999951,125.05693598494061,3.126423399623515,0.8119444571654972
N40_rate0p7_rep008_seed16702744636675888092,40,0.7,8,NP,,,1,1,initial_30s,15,1.0334157943725586,662.9999999999936,16.57499999999984,125.05693598494061,3.126423399623515,0.8113771704601179
N40_rate0p7_rep008_seed16702744636675888092,40,0.7,8,NP,,,1,1,initial_30s,16,1.033540964126587,660.999999999985,16.524999999999626,125.05693598494061,3.126423399623515,0.810806450854851
N40_rate0p7_rep008_seed16702744636675888092,40,0.7,8,NP,,,1,1,initial_30s,17,1.2848479747772217,646.999999999998,16.174999999999947,125.05693598494061,3.126423399623515,0.8067126182612967
N40_rate0p7_rep008_seed16702744636675888092,40,0.7,8,NP,,,1,1,initial_30s,18,2.9739749431610107,630.9999999999798,15.774999999999494,131.25225163475477,3.2813062908688693,0.7919932620685277
N40_rate0p7_rep008_seed16702744636675888092,40,0.7,8,NP,,,1,1,initial_30s,19,15.968973875045776,626.9999999999814,15.674999999999534,175.6583236506954,4.391458091267385,0.7198431839701745
N40_rate0p7_rep008_seed16702744636675888092,40,0.7,8,NP,,,1,1,initial_30s,20,16.62019181251526,612.9999999999975,15.324999999999937,175.6583236506954,4.391458091267385,0.7134448227557976
N40_rate0p7_rep008_seed16702744636675888092,40,0.7,8,NP,,,1,1,initial_30s,21,30.031498908996582,613.0,15.325,192.95701358562704,4.823925339640676,0.6852251001865791
N40_rate0p7_rep008_seed16702744636675888092,40,0.7,8,CHP,4,4,,,initial_30s,0,0.0008139610290527344,739.9999999999973,18.499999999999932,17.0,0.425,0.9770270270270269
N40_rate0p7_rep008_seed16702744636675888092,40,0.7,8,CHP,4,4,,,initial_30s,1,0.0009191036224365234,708.9999999998956,17.72499999999739,17.0,0.425,0.9760225669957652
N40_rate0p7_rep008_seed16702744636675888092,40,0.7,8,CHP,4,4,,,initial_30s,2,0.0015130043029785156,645.0,16.125,17.0,0.425,0.9736434108527132
N40_rate0p7_rep008_seed16702744636675888092,40,0.7,8,PP,4,4,4,4,initial_30s,0,0.0014300346374511719,739.9999999999982,18.499999999999954,17.0,0.425,0.9770270270270269
N40_rate0p7_rep008_seed16702744636675888092,40,0.7,8,PP,4,4,4,4,initial_30s,1,0.005485057830810547,739.000000000023,18.475000000000573,19.999999999998693,0.4999999999999673,0.9729364005412747
N40_rate0p7_rep008_seed16702744636675888092,40,0.7,8,PP,4,4,4,4,initial_30s,2,0.01725602149963379,720.9999999997099,18.024999999992747,174.66032684986783,4.3665081712466955,0.7577526673371178
N40_rate0p7_rep008_seed16702744636675888092,40,0.7,8,PP,4,4,4,4,initial_30s,3,0.02635502815246582,718.9999999998508,17.97499999999627,189.4899682013476,4.73724920503369,0.7364534517365967
N40_rate0p7_rep008_seed16702744636675888092,40,0.7,8,PP,4,4,4,4,initial_30s,4,0.027538061141967773,672.9999999999873,16.824999999999683,193.14551445542656,4.828637861385664,0.7130081508834618
N40_rate0p7_rep008_seed16702744636675888092,40,0.7,8,PP,4,4,4,4,initial_30s,5,0.03806591033935547,656.9999999999661,16.42499999999915,216.99999999998067,5.424999999999517,0.6697108066971205
N40_rate0p7_rep008_seed16702744636675888092,40,0.7,8,PP,4,4,4,4,initial_30s,6,0.044473886489868164,648.9999999998877,16.22499999999719,217.9999999999751,5.449999999999378,0.6640986132511358
N40_rate0p7_rep008_seed16702744636675888092,40,0.7,8,PP,4,4,4,4,initial_30s,7,0.06817293167114258,644.9999999999168,16.124999999997918,233.0105398606849,5.825263496517122,0.6387433490531551
N40_rate0p7_rep008_seed16702744636675888092,40,0.7,8,PP,4,4,4,4,initial_30s,8,0.06824302673339844,636.999999999975,15.924999999999375,233.0105398606849,5.825263496517122,0.6342063738450643
N40_rate0p7_rep008_seed16702744636675888092,40,0.7,8,PP,4,4,4,4,initial_30s,9,0.1904308795928955,632.9999999999227,15.824999999998067,349.5298324022207,8.738245810055517,0.44782016998062657
N40_rate0p7_rep008_seed16702744636675888092,40,0.7,8,PP,4,4,4,4,initial_30s,10,0.20961594581604004,610.9999999999366,15.274999999998414,349.7453801604328,8.743634504010819,0.4275853025196905
N40_rate0p7_rep008_seed16702744636675888092,40,0.7,8,PP,4,4,4,4,initial_30s,11,0.2113049030303955,604.9999999999767,15.124999999999417,360.86629483031516,9.021657370757879,0.4035267854044148
N40_rate0p7_rep008_seed16702744636675888092,40,0.7,8,PP,4,4,4,4,initial_30s,12,0.2416088581085205,596.9999999999185,14.924999999997961,375.999999999976,9.3999999999994,0.3701842546063193
N40_rate0p7_rep008_seed16702744636675888092,40,0.7,8,PP,4,4,4,4,initial_30s,13,0.256633996963501,588.9999999999261,14.724999999998152,386.7373018440479,9.668432546101197,0.3434001666483931
N40_rate0p7_rep008_seed16702744636675888092,40,0.7,8,PP,4,4,4,4,initial_30s,14,0.43668293952941895,589.0,14.725,588.9999999999261,14.724999999998152,1.254608565688462e-13
N40_rate0p7_rep009_seed12915608409508087458,40,0.7,9,NP,,,1,1,initial_30s,0,0.007714986801147461,736.9999999999982,18.424999999999955,39.0,0.975,0.9470827679782903
N40_rate0p7_rep009_seed12915608409508087458,40,0.7,9,NP,,,1,1,initial_30s,1,0.042823076248168945,724.9999999999816,18.124999999999538,96.8885821075717,2.4222145526892924,0.8663605764033461
N40_rate0p7_rep009_seed12915608409508087458,40,0.7,9,NP,,,1,1,initial_30s,2,0.042958974838256836,710.9999999999839,17.774999999999597,96.8885821075717,2.4222145526892924,0.8637291390892069
N40_rate0p7_rep009_seed12915608409508087458,40,0.7,9,NP,,,1,1,initial_30s,3,0.08820605278015137,676.9999999999825,16.924999999999564,104.46672464007241,2.6116681160018103,0.845691691816728
N40_rate0p7_rep009_seed12915608409508087458,40,0.7,9,NP,,,1,1,initial_30s,4,5.608105897903442,673.0,16.825,166.768530503396,4.1692132625849,0.7522012919711798
N40_rate0p7_rep009_seed12915608409508087458,40,0.7,9,NP,,,1,1,initial_30s,5,5.760224103927612,660.9999999999939,16.524999999999846,166.768530503396,4.1692132625849,0.7477026769993985
N40_rate0p7_rep009_seed12915608409508087458,40,0.7,9,NP,,,1,1,initial_30s,6,6.218403100967407,656.9999999999984,16.42499999999996,172.49744671184195,4.312436167796049,0.7374468086577742
N40_rate0p7_rep009_seed12915608409508087458,40,0.7,9,NP,,,1,1,initial_30s,7,6.680779933929443,652.9999999999923,16.324999999999807,184.7197624368805,4.617994060922013,0.7171213438945135
N40_rate0p7_rep009_seed12915608409508087458,40,0.7,9,NP,,,1,1,initial_30s,8,6.681005954742432,640.9999999999977,16.02499999999994,184.7197624368805,4.617994060922013,0.7118256436242104
N40_rate0p7_rep009_seed12915608409508087458,40,0.7,9,NP,,,1,1,initial_30s,9,6.814244031906128,629.9999999999561,15.749999999998902,184.97721213527757,4.624430303381939,0.706385377563031
N40_rate0p7_rep009_seed12915608409508087458,40,0.7,9,NP,,,1,1,initial_30s,10,14.903187990188599,629.0,15.725,212.31517974871258,5.307879493717815,0.6624559940402026
N40_rate0p7_rep009_seed12915608409508087458,40,0.7,9,NP,,,1,1,initial_30s,11,30.034645080566406,629.0,15.725,239.5272773591929,5.988181933979822,0.619193517711935
N40_rate0p7_rep009_seed12915608409508087458,40,0.7,9,CHP,4,4,,,initial_30s,0,0.0008189678192138672,736.9999999999986,18.424999999999965,39.0,0.975,0.9470827679782903
N40_rate0p7_rep009_seed12915608409508087458,40,0.7,9,CHP,4,4,,,initial_30s,1,0.0008900165557861328,676.9999999999409,16.924999999998523,39.0,0.975,0.9423929098965976
N40_rate0p7_rep009_seed12915608409508087458,40,0.7,9,CHP,4,4,,,initial_30s,2,0.001405954360961914,673.0,16.825,39.0,0.975,0.9420505200594353
N40_rate0p7_rep009_seed12915608409508087458,40,0.7,9,CHP,4,4,,,initial_30s,3,0.0014710426330566406,670.9999999999334,16.774999999998336,39.0,0.975,0.941877794336805
N40_rate0p7_rep009_seed12915608409508087458,40,0.7,9,CHP,4,4,,,initial_30s,4,0.0023889541625976562,641.0,16.025,237.94428439146054,5.948607109786513,0.6287920680320428
N40_rate0p7_rep009_seed12915608409508087458,40,0.7,9,CHP,4,4,,,initial_30s,5,0.002404928207397461,624.9999999999973,15.624999999999932,237.94428439146054,5.948607109786513,0.6192891449736615
N40_rate0p7_rep009_seed12915608409508087458,40,0.7,9,CHP,4,4,,,initial_30s,6,0.003924846649169922,620.9999999999741,15.524999999999352,298.9999999999975,7.4749999999999375,0.5185185185185025
N40_rate0p7_rep009_seed12915608409508087458,40,0.7,9,CHP,4,4,,,initial_30s,7,0.00562286376953125,592.9999999999587,14.824999999998969,346.99999999999704,8.674999999999926,0.41483979763908735
N40_rate0p7_rep009_seed12915608409508087458,40,0.7,9,CHP,4,4,,,initial_30s,8,0.008489847183227539,593.0,14.825,592.9999999999587,14.824999999998969,6.959244872335012e-14
N40_rate0p7_rep009_seed12915608409508087458,40,0.7,9,PP,4,4,4,4,initial_30s,0,0.0012729167938232422,736.9999999999984,18.42499999999996,39.0,0.975,0.9470827679782903
N40_rate0p7_rep009_seed12915608409508087458,40,0.7,9,PP,4,4,4,4,initial_30s,1,0.013875961303710938,688.9999999998747,17.224999999996868,167.32977933344478,4.18324448333612,0.7571411040152755
N40_rate0p7_rep009_seed12915608409508087458,40,0.7,9,PP,4,4,4,4,initial_30s,2,0.021769046783447266,680.9999999998981,17.024999999997455,182.79580894076844,4.569895223519211,0.7315773730678476
N40_rate0p7_rep009_seed12915608409508087458,40,0.7,9,PP,4,4,4,4,initial_30s,3,0.041108131408691406,648.9999999999277,16.224999999998193,215.99999999998977,5.399999999999745,0.6671802773497476
N40_rate0p7_rep009_seed12915608409508087458,40,0.7,9,PP,4,4,4,4,initial_30s,4,0.05820202827453613,636.9999999999409,15.924999999998523,222.27598949583034,5.556899737395758,0.6510581012624004
N40_rate0p7_rep009_seed12915608409508087458,40,0.7,9,PP,4,4,4,4,initial_30s,5,0.10837197303771973,613.0,15.325,298.19889502762055,7.454972375690514,0.5135417699386288
N40_rate0p7_rep009_seed12915608409508087458,40,0.7,9,PP,4,4,4,4,initial_30s,6,0.10853409767150879,593.0,14.825,298.19889502762055,7.454972375690514,0.4971350842704544
N40_rate0p7_rep010_seed14086847447034082979,40,0.7,10,NP,,,1,1,initial_30s,0,0.007058143615722656,747.9999999999982,18.699999999999953,17.0,0.425,0.9772727272727272
N40_rate0p7_rep010_seed14086847447034082979,40,0.7,10,NP,,,1,1,initial_30s,1,0.03528308868408203,736.9999999999932,18.42499999999983,88.76615032168155,2.219153758042039,0.8795574622500917
N40_rate0p7_rep010_seed14086847447034082979,40,0.7,10,NP,,,1,1,initial_30s,2,0.08636903762817383,717.9999999999627,17.94999999999907,97.02160510311421,2.425540127577855,0.8648724162909203
N40_rate0p7_rep010_seed14086847447034082979,40,0.7,10,NP,,,1,1,initial_30s,3,26.65226912498474,715.9999999998759,17.899999999996897,257.1681336112748,6.4292033402818705,0.6408266290344701
N40_rate0p7_rep010_seed14086847447034082979,40,0.7,10,NP,,,1,1,initial_30s,4,30.047715187072754,716.0,17.9,257.1681336112748,6.4292033402818705,0.6408266290345324
N40_rate0p7_rep010_seed14086847447034082979,40,0.7,10,CHP,4,4,,,initial_30s,0,0.0009829998016357422,747.9999999999977,18.699999999999942,17.0,0.425,0.9772727272727272
N40_rate0p7_rep010_seed14086847447034082979,40,0.7,10,CHP,4,4,,,initial_30s,1,0.0016031265258789062,699.0,17.475,17.0,0.425,0.9756795422031473
N40_rate0p7_rep010_seed14086847447034082979,40,0.7,10,CHP,4,4,,,initial_30s,2,0.0017921924591064453,696.9999999999184,17.424999999997958,17.0,0.425,0.9756097560975581
N40_rate0p7_rep010_seed14086847447034082979,40,0.7,10,CHP,4,4,,,initial_30s,3,0.006232023239135742,688.9999999999551,17.22499999999888,398.9999999999924,9.97499999999981,0.4208998548620923
N40_rate0p7_rep010_seed14086847447034082979,40,0.7,10,CHP,4,4,,,initial_30s,4,0.021444082260131836,689.0,17.225,688.9999999999551,17.22499999999888,6.517605355593372e-14
N40_rate0p7_rep010_seed14086847447034082979,40,0.7,10,PP,4,4,4,4,initial_30s,0,0.0013120174407958984,747.9999999999982,18.699999999999953,17.0,0.425,0.9772727272727272
N40_rate0p7_rep010_seed14086847447034082979,40,0.7,10,PP,4,4,4,4,initial_30s,1,0.003898143768310547,731.999999999982,18.29999999999955,18.999999999998977,0.47499999999997444,0.9740437158469953
N40_rate0p7_rep010_seed14086847447034082979,40,0.7,10,PP,4,4,4,4,initial_30s,2,0.05368804931640625,716.0,17.9,233.99999999998784,5.849999999999696,0.6731843575419164
N40_rate0p7_rep010_seed14086847447034082979,40,0.7,10,PP,4,4,4,4,initial_30s,3,0.06856298446655273,708.0,17.7,233.99999999998784,5.849999999999696,0.669491525423746
N40_rate0p7_rep010_seed14086847447034082979,40,0.7,10,PP,4,4,4,4,initial_30s,4,0.10838603973388672,700.999999999915,17.524999999997874,300.18181818181574,7.504545454545394,0.5717805732070582
N40_rate0p7_rep010_seed14086847447034082979,40,0.7,10,PP,4,4,4,4,initial_30s,5,0.10842108726501465,698.9999999999152,17.47499999999788,300.18181818181574,7.504545454545394,0.5705553387956336
N40_rate0p7_rep010_seed14086847447034082979,40,0.7,10,PP,4,4,4,4,initial_30s,6,0.14585399627685547,689.0,17.225,408.82594085302884,10.220648521325721,0.40663869252100315
N40_rate0p7_rep011_seed4309095034144080498,40,0.7,11,NP,,,1,1,initial_30s,0,0.006769895553588867,696.9999999999982,17.424999999999955,10.0,0.25,0.9856527977044476
N40_rate0p7_rep011_seed4309095034144080498,40,0.7,11,NP,,,1,1,initial_30s,1,0.018225908279418945,690.0000000000055,17.250000000000135,10.0,0.25,0.9855072463768118
N40_rate0p7_rep011_seed4309095034144080498,40,0.7,11,NP,,,1,1,initial_30s,2,0.08691191673278809,664.99999999995,16.62499999999875,86.21216619004323,2.155304154751081,0.8703576448269928
N40_rate0p7_rep011_seed4309095034144080498,40,0.7,11,NP,,,1,1,initial_30s,3,23.140362977981567,662.9999999999545,16.574999999998862,187.13127762611558,4.678281940652889,0.7177507124794443
N40_rate0p7_rep011_seed4309095034144080498,40,0.7,11,NP,,,1,1,initial_30s,4,23.618361949920654,660.999999999975,16.524999999999373,188.60842808083984,4.715210702020996,0.7146619847490968
N40_rate0p7_rep011_seed4309095034144080498,40,0.7,11,NP,,,1,1,initial_30s,5,24.143065929412842,650.9999999998895,16.274999999997238,189.8592728133675,4.746481820334187,0.7083574918380956
N40_rate0p7_rep011_seed4309095034144080498,40,0.7,11,NP,,,1,1,initial_30s,6,24.43398094177246,646.9999999999932,16.17499999999983,190.68756780523535,4.767189195130884,0.7052742383226626
N40_rate0p7_rep011_seed4309095034144080498,40,0.7,11,NP,,,1,1,initial_30s,7,25.05313205718994,608.9999999999975,15.224999999999937,191.6771373732598,4.791928434331495,0.685259216135861
N40_rate0p7_rep011_seed4309095034144080498,40,0.7,11,NP,,,1,1,initial_30s,8,30.00287890434265,609.0,15.225,194.6446538661305,4.866116346653262,0.6803864468536445
N40_rate0p7_rep011_seed4309095034144080498,40,0.7,11,CHP,4,4,,,initial_30s,0,0.000804901123046875,696.9999999999977,17.424999999999944,10.0,0.25,0.9856527977044476
N40_rate0p7_rep011_seed4309095034144080498,40,0.7,11,CHP,4,4,,,initial_30s,1,0.0009050369262695312,664.999999999819,16.624999999995474,10.0,0.25,0.9849624060150335
N40_rate0p7_rep011_seed4309095034144080498,40,0.7,11,CHP,4,4,,,initial_30s,2,0.0017139911651611328,660.9999999999354,16.524999999998386,10.0,0.25,0.9848714069591513
N40_rate0p7_rep011_seed4309095034144080498,40,0.7,11,CHP,4,4,,,initial_30s,3,0.0020949840545654297,603.0,15.075,138.9999999999926,3.4749999999998153,0.7694859038142743
N40_rate0p7_rep011_seed4309095034144080498,40,0.7,11,CHP,4,4,,,initial_30s,4,0.004258871078491211,592.9999999999234,14.824999999998084,342.9999999999916,8.57499999999979,0.4215851602023003
N40_rate0p7_rep011_seed4309095034144080498,40,0.7,11,CHP,4,4,,,initial_30s,5,0.015802860260009766,593.0,14.825,592.9999999999234,14.824999999998084,1.2921573123839664e-13
N40_rate0p7_rep011_seed4309095034144080498,40,0.7,11,PP,4,4,4,4,initial_30s,0,0.001341104507446289,696.9999999999982,17.424999999999955,10.0,0.25,0.9856527977044476
N40_rate0p7_rep011_seed4309095034144080498,40,0.7,11,PP,4,4,4,4,initial_30s,1,0.01853799819946289,648.9999999999768,16.22499999999942,182.47076218484608,4.561769054621152,0.7188432015641717
N40_rate0p7_rep011_seed4309095034144080498,40,0.7,11,PP,4,4,4,4,initial_30s,2,0.04368901252746582,640.9999999999714,16.024999999999284,211.99999999996498,5.299999999999125,0.6692667706708667
N40_rate0p7_rep011_seed4309095034144080498,40,0.7,11,PP,4,4,4,4,initial_30s,3,0.04629993438720703,622.999999999993,15.574999999999823,211.99999999996498,5.299999999999125,0.6597110754414649
N40_rate0p7_rep011_seed4309095034144080498,40,0.7,11,PP,4,4,4,4,initial_30s,4,0.05469202995300293,609.0,15.225,211.99999999996498,5.299999999999125,0.6518883415435714
N40_rate0p7_rep011_seed4309095034144080498,40,0.7,11,PP,4,4,4,4,initial_30s,5,0.07552695274353027,600.9999999999677,15.024999999999192,211.99999999996498,5.299999999999125,0.647254575707194
N40_rate0p7_rep011_seed4309095034144080498,40,0.7,11,PP,4,4,4,4,initial_30s,6,0.09821701049804688,593.0,14.825,255.9548022598783,6.398870056496958,0.5683730147388224
N40_rate0p7_rep012_seed1014687607964767546,40,0.7,12,NP,,,1,1,initial_30s,0,0.00676417350769043,928.9999999999982,23.224999999999955,28.0,0.7,0.9698600645855758
N40_rate0p7_rep012_seed1014687607964767546,40,0.7,12,NP,,,1,1,initial_30s,1,0.12837600708007812,884.9999999999613,22.124999999999034,120.3633329393723,3.0090833234843073,0.863996233966805
N40_rate0p7_rep012_seed1014687607964767546,40,0.7,12,NP,,,1,1,initial_30s,2,0.13682103157043457,854.9999999999893,21.374999999999734,121.00455167298742,3.0251137918246855,0.8584742085696035
N40_rate0p7_rep012_seed1014687607964767546,40,0.7,12,NP,,,1,1,initial_30s,3,0.16438007354736328,853.9999999999936,21.34999999999984,121.28174760600797,3.032043690150199,0.8579839021006923
N40_rate0p7_rep012_seed1014687607964767546,40,0.7,12,NP,,,1,1,initial_30s,4,0.17728400230407715,841.9999999999663,21.04999999999916,123.25087072093424,3.081271768023356,0.8536212936805948
N40_rate0p7_rep012_seed1014687607964767546,40,0.7,12,NP,,,1,1,initial_30s,5,0.17738103866577148,783.9999999999495,19.599999999998737,123.25087072093424,3.081271768023356,0.8427922567334921
N40_rate0p7_rep012_seed1014687607964767546,40,0.7,12,NP,,,1,1,initial_30s,6,0.23489999771118164,777.9999999999559,19.449999999998898,125.47336224448793,3.1368340561121983,0.8387231847757133
N40_rate0p7_rep012_seed1014687607964767546,40,0.7,12,NP,,,1,1,initial_30s,7,0.5284321308135986,755.9999999999814,18.899999999999533,132.7131974745764,3.3178299368644097,0.8244534424939423
N40_rate0p7_rep012_seed1014687607964767546,40,0.7,12,NP,,,1,1,initial_30s,8,0.5360679626464844,691.9999999999384,17.29999999999846,132.84776873848108,3.321194218462027,0.8080234555802125
N40_rate0p7_rep012_seed1014687607964767546,40,0.7,12,NP,,,1,1,initial_30s,9,0.6426451206207275,659.9999999999757,16.499999999999392,133.20267193341198,3.3300667983352996,0.7981777697978533
N40_rate0p7_rep012_seed1014687607964767546,40,0.7,12,NP,,,1,1,initial_30s,10,0.7545859813690186,655.9999999999724,16.39999999999931,137.43572849009252,3.4358932122523127,0.7904943163260697
N40_rate0p7_rep012_seed1014687607964767546,40,0.7,12,NP,,,1,1,initial_30s,11,0.7547450065612793,654.99999999997,16.37499999999925,137.43572849009252,3.4358932122523127,0.7901744603204598
N40_rate0p7_rep012_seed1014687607964767546,40,0.7,12,NP,,,1,1,initial_30s,12,0.7554271221160889,648.0,16.2,138.3416105018332,3.45854026254583,0.7865098603366771
N40_rate0p7_rep012_seed1014687607964767546,40,0.7,12,NP,,,1,1,initial_30s,13,30.010205030441284,648.0,16.2,233.32221094804527,5.833055273701132,0.6399348596480783
N40_rate0p7_rep012_seed1014687607964767546,40,0.7,12,CHP,4,4,,,initial_30s,0,0.0006680488586425781,928.9999999999964,23.22499999999991,28.0,0.7,0.9698600645855757
N40_rate0p7_rep012_seed1014687607964767546,40,0.7,12,CHP,4,4,,,initial_30s,1,0.0007390975952148438,587.9999999999056,14.69999999999764,28.0,0.7,0.9523809523809448
N40_rate0p7_rep012_seed1014687607964767546,40,0.7,12,CHP,4,4,,,initial_30s,2,0.0038781166076660156,588.0,14.7,587.9999999999056,14.69999999999764,1.6047631855262126e-13
N40_rate0p7_rep012_seed1014687607964767546,40,0.7,12,PP,4,4,4,4,initial_30s,0,0.0012559890747070312,928.999999999998,23.224999999999948,28.0,0.7,0.9698600645855758
N40_rate0p7_rep012_seed1014687607964767546,40,0.7,12,PP,4,4,4,4,initial_30s,1,0.0025510787963867188,708.0,17.7,28.0,0.7,0.96045197740113
N40_rate0p7_rep012_seed1014687607964767546,40,0.7,12,PP,4,4,4,4,initial_30s,2,0.0032761096954345703,695.9999999999884,17.39999999999971,28.0,0.7,0.9597701149425281
N40_rate0p7_rep012_seed1014687607964767546,40,0.7,12,PP,4,4,4,4,initial_30s,3,0.003329038619995117,691.9999999999875,17.299999999999688,28.0,0.7,0.9595375722543346
N40_rate0p7_rep012_seed1014687607964767546,40,0.7,12,PP,4,4,4,4,initial_30s,4,0.005784034729003906,676.0,16.9,146.65158757188334,3.6662896892970833,0.7830597816983975
N40_rate0p7_rep012_seed1014687607964767546,40,0.7,12,PP,4,4,4,4,initial_30s,5,0.008314132690429688,643.9999999999864,16.09999999999966,146.94570254184725,3.6736425635461813,0.7718234432579963
N40_rate0p7_rep012_seed1014687607964767546,40,0.7,12,PP,4,4,4,4,initial_30s,6,0.04888200759887695,619.9999999998901,15.499999999997252,220.56088705025746,5.514022176256437,0.6442566337898442
N40_rate0p7_rep012_seed1014687607964767546,40,0.7,12,PP,4,4,4,4,initial_30s,7,0.05252218246459961,588.0,14.7,224.39131906503798,5.609782976625949,0.6183821104336089
N40_rate0p7_rep013_seed3421383739947301872,40,0.7,13,NP,,,1,1,initial_30s,0,0.007084846496582031,619.9999999999981,15.499999999999952,42.0,1.05,0.9322580645161288
N40_rate0p7_rep013_seed3421383739947301872,40,0.7,13,NP,,,1,1,initial_30s,1,30.009341955184937,620.0,15.5,232.37093485658374,5.809273371414593,0.6252081695861552
N40_rate0p7_rep013_seed3421383739947301872,40,0.7,13,CHP,4,4,,,initial_30s,0,0.0006501674652099609,619.9999999999977,15.499999999999943,42.0,1.05,0.9322580645161288
N40_rate0p7_rep013_seed3421383739947301872,40,0.7,13,CHP,4,4,,,initial_30s,1,0.00504612922668457,620.0,15.5,619.9999999999977,15.499999999999943,3.6673173458585815e-15
N40_rate0p7_rep013_seed3421383739947301872,40,0.7,13,PP,4,4,4,4,initial_30s,0,0.0011930465698242188,619.9999999999981,15.499999999999952,42.0,1.05,0.9322580645161288
N40_rate0p7_rep013_seed3421383739947301872,40,0.7,13,PP,4,4,4,4,initial_30s,1,0.11948895454406738,620.0,15.5,619.9999999999981,15.499999999999952,3.1172197439797944e-15
N40_rate0p7_rep014_seed6439276817736044454,40,0.7,14,NP,,,1,1,initial_30s,0,0.006555080413818359,856.9999999999982,21.424999999999955,14.0,0.35,0.983663943990665
N40_rate0p7_rep014_seed6439276817736044454,40,0.7,14,NP,,,1,1,initial_30s,1,0.016690969467163086,832.99999999995,20.82499999999875,14.0,0.35,0.9831932773109233
N40_rate0p7_rep014_seed6439276817736044454,40,0.7,14,NP,,,1,1,initial_30s,2,0.04841113090515137,828.9999999999554,20.724999999998886,77.57063379499405,1.9392658448748512,0.9064286685223182
N40_rate0p7_rep014_seed6439276817736044454,40,0.7,14,NP,,,1,1,initial_30s,3,0.11902093887329102,813.0,20.325,101.25286526121874,2.5313216315304685,0.875457730306004
N40_rate0p7_rep014_seed6439276817736044454,40,0.7,14,NP,,,1,1,initial_30s,4,0.11914205551147461,772.9999999999632,19.32499999999908,101.25286526121874,2.5313216315304685,0.8690131109169165
N40_rate0p7_rep014_seed6439276817736044454,40,0.7,14,NP,,,1,1,initial_30s,5,0.4383840560913086,700.9999999998638,17.524999999996595,114.8305521388636,2.87076380347159,0.8361903678475237
N40_rate0p7_rep014_seed6439276817736044454,40,0.7,14,NP,,,1,1,initial_30s,6,0.6006829738616943,696.9999999999275,17.424999999998185,117.58691081828889,2.9396727704572223,0.8312956803180759
N40_rate0p7_rep014_seed6439276817736044454,40,0.7,14,NP,,,1,1,initial_30s,7,0.7676370143890381,684.999999999892,17.1249999999973,123.17450061914721,3.0793625154786803,0.8201832107749392
N40_rate0p7_rep014_seed6439276817736044454,40,0.7,14,NP,,,1,1,initial_30s,8,0.897346019744873,622.999999999884,15.5749999999971,128.86355072456914,3.2215887681142283,0.7931564193826756
N40_rate0p7_rep014_seed6439276817736044454,40,0.7,14,NP,,,1,1,initial_30s,9,0.8975470066070557,620.9999999998686,15.524999999996714,128.86355072456914,3.2215887681142283,0.7924902564821314
N40_rate0p7_rep014_seed6439276817736044454,40,0.7,14,NP,,,1,1,initial_30s,10,1.4580929279327393,610.9999999999177,15.274999999997942,132.81209310040285,3.3203023275100714,0.7826315988536485
N40_rate0p7_rep014_seed6439276817736044454,40,0.7,14,NP,,,1,1,initial_30s,11,12.520694017410278,604.9999999998422,15.124999999996055,180.66343675564522,4.51658591889113,0.7013827491641449
N40_rate0p7_rep014_seed6439276817736044454,40,0.7,14,NP,,,1,1,initial_30s,12,18.33244514465332,602.9999999999181,15.074999999997953,180.66343675564522,4.51658591889113,0.7003923105212774
N40_rate0p7_rep014_seed6439276817736044454,40,0.7,14,NP,,,1,1,initial_30s,13,30.00284695625305,603.0,15.075,186.13431416860408,4.653357854215102,0.6913195453256981
N40_rate0p7_rep014_seed6439276817736044454,40,0.7,14,CHP,4,4,,,initial_30s,0,0.0006830692291259766,856.9999999999959,21.424999999999898,14.0,0.35,0.983663943990665
N40_rate0p7_rep014_seed6439276817736044454,40,0.7,14,CHP,4,4,,,initial_30s,1,0.0007622241973876953,706.9999999999004,17.67499999999751,14.0,0.35,0.9801980198019774
N40_rate0p7_rep014_seed6439276817736044454,40,0.7,14,CHP,4,4,,,initial_30s,2,0.001619100570678711,622.0,15.55,14.0,0.35,0.977491961414791
N40_rate0p7_rep014_seed6439276817736044454,40,0.7,14,PP,4,4,4,4,initial_30s,0,0.0011589527130126953,856.999999999998,21.424999999999947,14.0,0.35,0.983663943990665
N40_rate0p7_rep014_seed6439276817736044454,40,0.7,14,PP,4,4,4,4,initial_30s,1,0.0025320053100585938,838.9999999997183,20.974999999992956,14.0,0.35,0.9833134684147739
N40_rate0p7_rep014_seed6439276817736044454,40,0.7,14,PP,4,4,4,4,initial_30s,2,0.0036869049072265625,811.0,20.275,14.0,0.35,0.9827373612823674
N40_rate0p7_rep014_seed6439276817736044454,40,0.7,14,PP,4,4,4,4,initial_30s,3,0.0049130916595458984,806.9999999997751,20.174999999994377,138.81152566123544,3.4702881415308857,0.8279906745213456
N40_rate0p7_rep014_seed6439276817736044454,40,0.7,14,PP,4,4,4,4,initial_30s,4,0.005160093307495117,802.9999999997513,20.074999999993782,138.81152566123544,3.4702881415308857,0.8271338410195785
N40_rate0p7_rep014_seed6439276817736044454,40,0.7,14,PP,4,4,4,4,initial_30s,5,0.005429983139038086,711.0,17.775,138.81152566123544,3.4702881415308857,0.8047657866930584
N40_rate0p7_rep014_seed6439276817736044454,40,0.7,14,PP,4,4,4,4,initial_30s,6,0.02508401870727539,696.9999999998595,17.424999999996487,188.26615231966798,4.7066538079916995,0.7298907427263903
N40_rate0p7_rep014_seed6439276817736044454,40,0.7,14,PP,4,4,4,4,initial_30s,7,0.02994990348815918,676.9999999999254,16.924999999998136,192.03191886228103,4.800797971557026,0.7163487165992583
N40_rate0p7_rep014_seed6439276817736044454,40,0.7,14,PP,4,4,4,4,initial_30s,8,0.031106948852539062,664.9999999999104,16.624999999997762,192.08336166246823,4.802084041561706,0.711152839605272
N40_rate0p7_rep014_seed6439276817736044454,40,0.7,14,PP,4,4,4,4,initial_30s,9,0.039782047271728516,656.9999999998442,16.424999999996107,226.9999999999818,5.674999999999545,0.6544901065448469
N40_rate0p7_rep014_seed6439276817736044454,40,0.7,14,PP,4,4,4,4,initial_30s,10,0.03987288475036621,648.9999999998918,16.224999999997294,226.9999999999818,5.674999999999545,0.6502311248073657
N40_rate0p7_rep014_seed6439276817736044454,40,0.7,14,PP,4,4,4,4,initial_30s,11,0.0399169921875,636.9999999998913,15.924999999997283,226.9999999999818,5.674999999999545,0.6436420722134686
N40_rate0p7_rep014_seed6439276817736044454,40,0.7,14,PP,4,4,4,4,initial_30s,12,0.05078387260437012,628.9999999999436,15.724999999998591,226.9999999999818,5.674999999999545,0.6391096979332239
N40_rate0p7_rep014_seed6439276817736044454,40,0.7,14,PP,4,4,4,4,initial_30s,13,0.05084395408630371,622.9999999998831,15.574999999997079,226.9999999999818,5.674999999999545,0.6356340288924167
N40_rate0p7_rep014_seed6439276817736044454,40,0.7,14,PP,4,4,4,4,initial_30s,14,0.05948591232299805,615.0,15.375,233.92673325502383,5.848168331375596,0.6196313280406117
N40_rate0p7_rep014_seed6439276817736044454,40,0.7,14,PP,4,4,4,4,initial_30s,15,0.07900404930114746,608.9999999999948,15.22499999999987,282.5719672000536,7.06429918000134,0.536006622003192
N40_rate0p7_rep014_seed6439276817736044454,40,0.7,14,PP,4,4,4,4,initial_30s,16,0.09717106819152832,591.0,14.775,285.75000000001717,7.143750000000429,0.516497461928905
N40_rate0p7_rep014_seed6439276817736044454,40,0.7,14,PP,4,4,4,4,initial_30s,17,0.13413596153259277,588.9999999999841,14.724999999999602,372.9999999999926,9.324999999999815,0.3667232597623044
N40_rate0p7_rep014_seed6439276817736044454,40,0.7,14,PP,4,4,4,4,initial_30s,18,0.14642095565795898,580.999999999963,14.524999999999077,399.99999999998954,9.999999999999739,0.3115318416522978
N40_rate0p7_rep014_seed6439276817736044454,40,0.7,14,PP,4,4,4,4,initial_30s,19,0.14645791053771973,572.999999999963,14.324999999999076,399.99999999998954,9.999999999999739,0.30191972076786155
N40_rate0p7_rep014_seed6439276817736044454,40,0.7,14,PP,4,4,4,4,initial_30s,20,0.15404891967773438,564.999999999963,14.124999999999076,446.70520231211816,11.167630057802954,0.20937132334133207
N40_rate0p7_rep014_seed6439276817736044454,40,0.7,14,PP,4,4,4,4,initial_30s,21,0.15603399276733398,565.0,14.125,564.999999999963,14.124999999999076,6.539508364517736e-14
N40_rate0p7_rep015_seed14213865026316361657,40,0.7,15,NP,,,1,1,initial_30s,0,0.00640106201171875,813.9999999999982,20.349999999999955,16.0,0.4,0.9803439803439803
N40_rate0p7_rep015_seed14213865026316361657,40,0.7,15,NP,,,1,1,initial_30s,1,0.043274879455566406,808.9999999999463,20.22499999999866,83.62910060543811,2.090727515135953,0.8966265752713922
N40_rate0p7_rep015_seed14213865026316361657,40,0.7,15,NP,,,1,1,initial_30s,2,0.4445610046386719,788.9999999999231,19.72499999999808,116.80391423995422,2.9200978559988555,0.8519595510266595
N40_rate0p7_rep015_seed14213865026316361657,40,0.7,15,NP,,,1,1,initial_30s,3,0.7344448566436768,783.9999999999279,19.599999999998197,120.30028827554584,3.007507206888646,0.8465557547505651
N40_rate0p7_rep015_seed14213865026316361657,40,0.7,15,NP,,,1,1,initial_30s,4,0.7345728874206543,780.9999999999304,19.52499999999826,120.35033968154534,3.008758492038633,0.8459022539288654
N40_rate0p7_rep015_seed14213865026316361657,40,0.7,15,NP,,,1,1,initial_30s,5,0.8246948719024658,771.0,19.275,121.81021657552114,3.0452554143880284,0.842010095232787
N40_rate0p7_rep015_seed14213865026316361657,40,0.7,15,NP,,,1,1,initial_30s,6,0.8764059543609619,754.0000000000477,18.850000000001195,121.81021657552114,3.0452554143880284,0.8384479886266399
N40_rate0p7_rep015_seed14213865026316361657,40,0.7,15,NP,,,1,1,initial_30s,7,1.0975799560546875,739.0,18.475,121.81021657552114,3.0452554143880284,0.8351688544309592
N40_rate0p7_rep015_seed14213865026316361657,40,0.7,15,NP,,,1,1,initial_30s,8,1.1962559223175049,729.0,18.225,121.81021657552114,3.0452554143880284,0.8329077961927007
N40_rate0p7_rep015_seed14213865026316361657,40,0.7,15,NP,,,1,1,initial_30s,9,3.337009906768799,727.000000000048,18.175000000001198,132.54194600561016,3.313548650140254,0.8176864566635469
N40_rate0p7_rep015_seed14213865026316361657,40,0.7,15,NP,,,1,1,initial_30s,10,4.094230890274048,724.999999999904,18.124999999997602,138.98416250894502,3.4746040627236257,0.8082977068841884
N40_rate0p7_rep015_seed14213865026316361657,40,0.7,15,NP,,,1,1,initial_30s,11,9.851495027542114,717.0,17.925,185.5398751790768,4.63849687947692,0.7412275102104926
N40_rate0p7_rep015_seed14213865026316361657,40,0.7,15,NP,,,1,1,initial_30s,12,11.625279903411865,649.0000000000466,16.225000000001167,189.3491642381349,4.733729105953373,0.7082447392324788
N40_rate0p7_rep015_seed14213865026316361657,40,0.7,15,NP,,,1,1,initial_30s,13,12.628870964050293,632.9999999999995,15.824999999999989,189.3491642381349,4.733729105953373,0.700870198675932
N40_rate0p7_rep015_seed14213865026316361657,40,0.7,15,NP,,,1,1,initial_30s,14,12.746531963348389,628.9999999999469,15.724999999998673,189.3491642381349,4.733729105953373,0.6989679423876775
N40_rate0p7_rep015_seed14213865026316361657,40,0.7,15,NP,,,1,1,initial_30s,15,12.746641874313354,620.9999999999638,15.524999999999096,189.3491642381349,4.733729105953373,0.6950899126599904
N40_rate0p7_rep015_seed14213865026316361657,40,0.7,15,NP,,,1,1,initial_30s,16,30.013540983200073,621.0,15.525,216.755733202941,5.418893330073525,0.6509569513640242
N40_rate0p7_rep015_seed14213865026316361657,40,0.7,15,CHP,4,4,,,initial_30s,0,0.0005371570587158203,813.9999999999973,20.34999999999993,16.0,0.4,0.9803439803439803
N40_rate0p7_rep015_seed14213865026316361657,40,0.7,15,CHP,4,4,,,initial_30s,1,0.0016341209411621094,657.0,16.425,201.9999999999809,5.049999999999523,0.6925418569254477
N40_rate0p7_rep015_seed14213865026316361657,40,0.7,15,PP,4,4,4,4,initial_30s,0,0.00292205810546875,813.999999999998,20.349999999999948,16.0,0.4,0.9803439803439803
N40_rate0p7_rep015_seed14213865026316361657,40,0.7,15,PP,4,4,4,4,initial_30s,1,0.010018110275268555,804.9999999997374,20.124999999993435,172.0612878609959,4.301532196524898,0.7862592697378236
N40_rate0p7_rep015_seed14213865026316361657,40,0.7,15,PP,4,4,4,4,initial_30s,2,0.011399984359741211,796.9999999996421,19.92499999999105,172.12658917398994,4.303164729349748,0.7840318830940185
N40_rate0p7_rep015_seed14213865026316361657,40,0.7,15,PP,4,4,4,4,initial_30s,3,0.020540952682495117,784.9999999998677,19.624999999996692,196.5666493671181,4.914166234177952,0.7495966250099985
N40_rate0p7_rep015_seed14213865026316361657,40,0.7,15,PP,4,4,4,4,initial_30s,4,0.020561933517456055,772.9999999998827,19.32499999999707,196.5666493671181,4.914166234177952,0.7457093798613869
N40_rate0p7_rep015_seed14213865026316361657,40,0.7,15,PP,4,4,4,4,initial_30s,5,0.02533102035522461,636.9999999999416,15.924999999998539,199.92296811693234,4.998074202923308,0.6861491866295908
N40_rate0p7_rep015_seed14213865026316361657,40,0.7,15,PP,4,4,4,4,initial_30s,6,0.1329360008239746,637.0,15.925,636.9999999999416,15.924999999998539,9.173474817725375e-14
N40_rate0p7_rep016_seed13493749109246958475,40,0.7,16,NP,,,1,1,initial_30s,0,0.007264852523803711,811.9999999999982,20.299999999999955,10.0,0.25,0.9876847290640394
N40_rate0p7_rep016_seed13493749109246958475,40,0.7,16,NP,,,1,1,initial_30s,1,0.022987842559814453,748.9999999998968,18.72499999999742,10.0,0.25,0.9866488651535362
N40_rate0p7_rep016_seed13493749109246958475,40,0.7,16,NP,,,1,1,initial_30s,2,0.08136296272277832,665.9999999999491,16.649999999998727,82.50233597960332,2.062558399490083,0.8761226186492348
N40_rate0p7_rep016_seed13493749109246958475,40,0.7,16,NP,,,1,1,initial_30s,3,0.5039770603179932,609.9999999997556,15.24999999999389,108.88754042160485,2.7221885105401213,0.8214958353743468
N40_rate0p7_rep016_seed13493749109246958475,40,0.7,16,NP,,,1,1,initial_30s,4,1.41084885597229,579.9999999999914,14.499999999999783,125.86379285741214,3.1465948214353032,0.7829934605906655
N40_rate0p7_rep016_seed13493749109246958475,40,0.7,16,NP,,,1,1,initial_30s,5,6.224529027938843,574.0000000000296,14.350000000000739,147.27563896344734,3.6818909740861834,0.7434222317710109
N40_rate0p7_rep016_seed13493749109246958475,40,0.7,16,NP,,,1,1,initial_30s,6,6.2255699634552,567.9999999999984,14.19999999999996,147.27563896344734,3.6818909740861834,0.7407119032333666
N40_rate0p7_rep016_seed13493749109246958475,40,0.7,16,NP,,,1,1,initial_30s,7,6.310261011123657,565.0,14.125,147.6252151351772,3.69063037837943,0.7387164333890669
N40_rate0p7_rep016_seed13493749109246958475,40,0.7,16,NP,,,1,1,initial_30s,8,6.928149938583374,561.0,14.025,150.8546301122273,3.771365752805683,0.7310969160209851
N40_rate0p7_rep016_seed13493749109246958475,40,0.7,16,NP,,,1,1,initial_30s,9,16.376704931259155,557.9999999999864,13.949999999999658,163.11436521971063,4.077859130492766,0.7076803490686118
N40_rate0p7_rep016_seed13493749109246958475,40,0.7,16,NP,,,1,1,initial_30s,10,16.45362091064453,553.9999999999686,13.849999999999216,163.11436521971063,4.077859130492766,0.7055697378705418
N40_rate0p7_rep016_seed13493749109246958475,40,0.7,16,NP,,,1,1,initial_30s,11,16.456384897232056,549.9999999999541,13.749999999998852,163.11436521971063,4.077859130492766,0.7034284268732286
N40_rate0p7_rep016_seed13493749109246958475,40,0.7,16,NP,,,1,1,initial_30s,12,18.886958837509155,547.9999999999212,13.699999999998031,163.11436521971063,4.077859130492766,0.7023460488690983
N40_rate0p7_rep016_seed13493749109246958475,40,0.7,16,NP,,,1,1,initial_30s,13,18.947399854660034,535.9999999999611,13.399999999999029,163.11436521971063,4.077859130492766,0.6956821544408163
N40_rate0p7_rep016_seed13493749109246958475,40,0.7,16,NP,,,1,1,initial_30s,14,20.539217948913574,531.9999999999773,13.299999999999432,163.11436521971063,4.077859130492766,0.6933940503388767
N40_rate0p7_rep016_seed13493749109246958475,40,0.7,16,NP,,,1,1,initial_30s,15,20.539276838302612,529.999999999993,13.249999999999824,163.11436521971063,4.077859130492766,0.6922370467552589
N40_rate0p7_rep016_seed13493749109246958475,40,0.7,16,NP,,,1,1,initial_30s,16,23.100888967514038,524.000000000005,13.100000000000126,163.11436521971063,4.077859130492766,0.6887130434738377
N40_rate0p7_rep016_seed13493749109246958475,40,0.7,16,NP,,,1,1,initial_30s,17,30.009657859802246,524.0,13.1,171.61624434244615,4.290406108561154,0.6724880833159425
N40_rate0p7_rep016_seed13493749109246958475,40,0.7,16,CHP,4,4,,,initial_30s,0,0.0024499893188476562,811.999999999997,20.299999999999926,10.0,0.25,0.9876847290640394
N40_rate0p7_rep016_seed13493749109246958475,40,0.7,16,CHP,4,4,,,initial_30s,1,0.0026018619537353516,724.9999999997826,18.124999999994564,10.0,0.25,0.98620689655172
N40_rate0p7_rep016_seed13493749109246958475,40,0.7,16,CHP,4,4,,,initial_30s,2,0.003906965255737305,714.9999999998759,17.874999999996895,10.0,0.25,0.9860139860139836
N40_rate0p7_rep016_seed13493749109246958475,40,0.7,16,CHP,4,4,,,initial_30s,3,0.004528045654296875,696.9999999999013,17.42499999999753,216.01182816011692,5.400295704002923,0.6900834603154268
N40_rate0p7_rep016_seed13493749109246958475,40,0.7,16,CHP,4,4,,,initial_30s,4,0.006162881851196289,680.9999999999116,17.02499999999779,243.46290134718015,6.086572533679504,0.6424920685062969
N40_rate0p7_rep016_seed13493749109246958475,40,0.7,16,CHP,4,4,,,initial_30s,5,0.006513833999633789,657.9999999998936,16.44999999999734,244.5834327577085,6.114585818942713,0.6282926553833617
N40_rate0p7_rep016_seed13493749109246958475,40,0.7,16,CHP,4,4,,,initial_30s,6,0.00877690315246582,656.9999999999545,16.424999999998864,257.9999999999918,6.449999999999795,0.6073059360730446
N40_rate0p7_rep016_seed13493749109246958475,40,0.7,16,CHP,4,4,,,initial_30s,7,0.008791923522949219,637.9999999999163,15.949999999997909,279.99999999998477,6.999999999999619,0.5611285266457343
N40_rate0p7_rep016_seed13493749109246958475,40,0.7,16,CHP,4,4,,,initial_30s,8,0.009296894073486328,631.9999999999218,15.799999999998045,292.9999999999859,7.324999999999648,0.536392405063256
N40_rate0p7_rep016_seed13493749109246958475,40,0.7,16,CHP,4,4,,,initial_30s,9,0.009924888610839844,609.9999999999354,15.249999999998385,321.99999999998886,8.049999999999722,0.472131147540946
N40_rate0p7_rep016_seed13493749109246958475,40,0.7,16,CHP,4,4,,,initial_30s,10,0.010210990905761719,585.9999999999839,14.649999999999597,325.99999999998465,8.149999999999617,0.44368600682594944
N40_rate0p7_rep016_seed13493749109246958475,40,0.7,16,CHP,4,4,,,initial_30s,11,0.0213320255279541,567.9999999999102,14.199999999997754,424.9999999999832,10.624999999999579,0.251760563380193
N40_rate0p7_rep016_seed13493749109246958475,40,0.7,16,CHP,4,4,,,initial_30s,12,0.028898954391479492,553.9999999999563,13.849999999998909,424.9999999999832,10.624999999999579,0.2328519855595367
N40_rate0p7_rep016_seed13493749109246958475,40,0.7,16,CHP,4,4,,,initial_30s,13,0.028935909271240234,537.9999999999802,13.449999999999505,424.9999999999832,10.624999999999579,0.21003717472119182
N40_rate0p7_rep016_seed13493749109246958475,40,0.7,16,CHP,4,4,,,initial_30s,14,0.03190803527832031,538.0,13.45,537.9999999999802,13.449999999999505,3.6768605508478045e-14
N40_rate0p7_rep016_seed13493749109246958475,40,0.7,16,PP,4,4,4,4,initial_30s,0,0.0013611316680908203,811.999999999998,20.299999999999947,10.0,0.25,0.9876847290640394
N40_rate0p7_rep016_seed13493749109246958475,40,0.7,16,PP,4,4,4,4,initial_30s,1,0.003206014633178711,778.9999999999563,19.474999999998907,10.0,0.25,0.9871630295250313
N40_rate0p7_rep016_seed13493749109246958475,40,0.7,16,PP,4,4,4,4,initial_30s,2,0.00421905517578125,776.9999999999632,19.42499999999908,23.0,0.575,0.9703989703989689
N40_rate0p7_rep016_seed13493749109246958475,40,0.7,16,PP,4,4,4,4,initial_30s,3,0.0060689449310302734,760.9999999999172,19.02499999999793,127.25313015367455,3.1813282538418637,0.8327816949360205
N40_rate0p7_rep016_seed13493749109246958475,40,0.7,16,PP,4,4,4,4,initial_30s,4,0.00610804557800293,727.9999999998804,18.19999999999701,127.25313015367455,3.1813282538418637,0.8252017442943744
N40_rate0p7_rep016_seed13493749109246958475,40,0.7,16,PP,4,4,4,4,initial_30s,5,0.009536981582641602,721.9999999998226,18.049999999995567,147.68744633536852,3.692186158384213,0.7954467502279711
N40_rate0p7_rep016_seed13493749109246958475,40,0.7,16,PP,4,4,4,4,initial_30s,6,0.009910106658935547,681.9999999998281,17.049999999995702,149.05223548799984,3.726305887199996,0.7814483350615288
N40_rate0p7_rep016_seed13493749109246958475,40,0.7,16,PP,4,4,4,4,initial_30s,7,0.018778085708618164,675.9999999999027,16.89999999999757,166.567299616338,4.16418249040845,0.7535986692065652
N40_rate0p7_rep016_seed13493749109246958475,40,0.7,16,PP,4,4,4,4,initial_30s,8,0.0280759334564209,665.9999999998861,16.649999999997153,174.90911074979567,4.372727768744892,0.7373737075828445
N40_rate0p7_rep016_seed13493749109246958475,40,0.7,16,PP,4,4,4,4,initial_30s,9,0.029688119888305664,661.9999999998868,16.54999999999717,176.06246534392017,4.401561633598004,0.734044614284063
N40_rate0p7_rep016_seed13493749109246958475,40,0.7,16,PP,4,4,4,4,initial_30s,10,0.029706954956054688,655.9999999999252,16.39999999999813,176.06246534392017,4.401561633598004,0.7316120955122862
N40_rate0p7_rep016_seed13493749109246958475,40,0.7,16,PP,4,4,4,4,initial_30s,11,0.03017592430114746,633.9999999999022,15.849999999997555,176.54161468371535,4.413540367092883,0.7215431945051379
N40_rate0p7_rep016_seed13493749109246958475,40,0.7,16,PP,4,4,4,4,initial_30s,12,0.030195951461791992,579.9999999999445,14.499999999998613,176.54161468371535,4.413540367092883,0.695617905717703
N40_rate0p7_rep016_seed13493749109246958475,40,0.7,16,PP,4,4,4,4,initial_30s,13,0.03021097183227539,537.9999999999577,13.449999999998942,176.54161468371535,4.413540367092883,0.6718557347886074
N40_rate0p7_rep016_seed13493749109246958475,40,0.7,16,PP,4,4,4,4,initial_30s,14,0.08596014976501465,535.9999999999611,13.399999999999029,206.41727022970025,5.160431755742506,0.6148931525565015
N40_rate0p7_rep016_seed13493749109246958475,40,0.7,16,PP,4,4,4,4,initial_30s,15,0.09525108337402344,519.9999999999657,12.999999999999142,232.55501186562307,5.8138752966405765,0.5527788233353107
N40_rate0p7_rep016_seed13493749109246958475,40,0.7,16,PP,4,4,4,4,initial_30s,16,0.12864208221435547,516.0,12.9,270.1382985183333,6.753457462958332,0.47647616566214485
N40_rate0p7_rep016_seed13493749109246958475,40,0.7,16,PP,4,4,4,4,initial_30s,17,0.1287519931793213,492.0,12.3,270.1382985183333,6.753457462958332,0.45093841764566406
N40_rate0p7_rep017_seed10963126854995359549,40,0.7,17,NP,,,1,1,initial_30s,0,0.007266044616699219,865.9999999999982,21.649999999999956,27.0,0.675,0.9688221709006928
N40_rate0p7_rep017_seed10963126854995359549,40,0.7,17,NP,,,1,1,initial_30s,1,0.03699994087219238,837.000000000012,20.925000000000303,106.686380738134,2.6671595184533503,0.8725371795243341
N40_rate0p7_rep017_seed10963126854995359549,40,0.7,17,NP,,,1,1,initial_30s,2,0.09136104583740234,816.999999999555,20.424999999988877,122.35112035522639,3.0587780088806595,0.8502434267377075
N40_rate0p7_rep017_seed10963126854995359549,40,0.7,17,NP,,,1,1,initial_30s,3,0.2279059886932373,812.9999999999704,20.32499999999926,132.8435374611014,3.3210884365275346,0.8366008149309887
N40_rate0p7_rep017_seed10963126854995359549,40,0.7,17,NP,,,1,1,initial_30s,4,0.22796106338500977,798.9999999999695,19.974999999999238,132.8435374611014,3.3210884365275346,0.8337377503615689
N40_rate0p7_rep017_seed10963126854995359549,40,0.7,17,NP,,,1,1,initial_30s,5,1.4940690994262695,782.9999999999509,19.574999999998774,149.93950021213314,3.7484875053033284,0.8085063854251053
N40_rate0p7_rep017_seed10963126854995359549,40,0.7,17,NP,,,1,1,initial_30s,6,1.4943389892578125,776.9999999998196,19.42499999999549,149.93950021213314,3.7484875053033284,0.8070276702546101
N40_rate0p7_rep017_seed10963126854995359549,40,0.7,17,NP,,,1,1,initial_30s,7,1.4944860935211182,772.9999999998083,19.324999999995207,149.93950021213314,3.7484875053033284,0.8060291070993916
N40_rate0p7_rep017_seed10963126854995359549,40,0.7,17,NP,,,1,1,initial_30s,8,2.31713604927063,740.9999976664373,18.52499994166093,149.93950021213314,3.7484875053033284,0.797652495702667
N40_rate0p7_rep017_seed10963126854995359549,40,0.7,17,NP,,,1,1,initial_30s,9,5.839266061782837,736.9999999999044,18.42499999999761,150.9134703427849,3.7728367585696225,0.7952327403761134
N40_rate0p7_rep017_seed10963126854995359549,40,0.7,17,NP,,,1,1,initial_30s,10,30.00867009162903,737.0,18.425,235.3724415204552,5.88431103801138,0.6806344077063023
N40_rate0p7_rep017_seed10963126854995359549,40,0.7,17,CHP,4,4,,,initial_30s,0,0.0007510185241699219,865.9999999999982,21.649999999999956,27.0,0.675,0.9688221709006928
N40_rate0p7_rep017_seed10963126854995359549,40,0.7,17,CHP,4,4,,,initial_30s,1,0.0008392333984375,816.9999999999231,20.42499999999808,27.0,0.675,0.9669522643818819
N40_rate0p7_rep017_seed10963126854995359549,40,0.7,17,CHP,4,4,,,initial_30s,2,0.0013811588287353516,799.0,19.975,27.0,0.675,0.9662077596996246
N40_rate0p7_rep017_seed10963126854995359549,40,0.7,17,CHP,4,4,,,initial_30s,3,0.0014960765838623047,780.9999999999477,19.52499999999869,27.0,0.675,0.9654289372599208
N40_rate0p7_rep017_seed10963126854995359549,40,0.7,17,CHP,4,4,,,initial_30s,4,0.0016820430755615234,741.9999999999546,18.549999999998867,27.0,0.675,0.9636118598382727
N40_rate0p7_rep017_seed10963126854995359549,40,0.7,17,CHP,4,4,,,initial_30s,5,0.0017762184143066406,726.9999999999603,18.17499999999901,27.0,0.675,0.9628610729023364
N40_rate0p7_rep017_seed10963126854995359549,40,0.7,17,CHP,4,4,,,initial_30s,6,0.0058290958404541016,727.0,18.175,726.9999999999603,18.17499999999901,5.4575937228121035e-14
N40_rate0p7_rep017_seed10963126854995359549,40,0.7,17,PP,4,4,4,4,initial_30s,0,0.001405954360961914,865.9999999999982,21.649999999999956,27.0,0.675,0.9688221709006928
N40_rate0p7_rep017_seed10963126854995359549,40,0.7,17,PP,4,4,4,4,initial_30s,1,0.0018160343170166016,864.9999999999609,21.624999999999023,27.0,0.675,0.9687861271676287
N40_rate0p7_rep017_seed10963126854995359549,40,0.7,17,PP,4,4,4,4,initial_30s,2,0.0032508373260498047,860.9999999998413,21.524999999996034,27.0,0.675,0.9686411149825727
N40_rate0p7_rep017_seed10963126854995359549,40,0.7,17,PP,4,4,4,4,initial_30s,3,0.0044689178466796875,858.9999999998913,21.474999999997284,27.0,0.675,0.9685681024446992
N40_rate0p7_rep017_seed10963126854995359549,40,0.7,17,PP,4,4,4,4,initial_30s,4,0.008034944534301758,854.9999999998661,21.374999999996653,158.09029928977557,3.952257482244389,0.8150990651581282
N40_rate0p7_rep017_seed10963126854995359549,40,0.7,17,PP,4,4,4,4,initial_30s,5,0.008055925369262695,846.9999999998968,21.174999999997418,158.09029928977557,3.952257482244389,0.8133526572729696
N40_rate0p7_rep017_seed10963126854995359549,40,0.7,17,PP,4,4,4,4,initial_30s,6,0.02303600311279297,842.999999999879,21.074999999996976,199.5830131731995,4.989575329329988,0.7632467222144387
N40_rate0p7_rep017_seed10963126854995359549,40,0.7,17,PP,4,4,4,4,initial_30s,7,0.023059844970703125,802.9999999998904,20.07499999999726,199.5830131731995,4.989575329329988,0.7514532837195184
N40_rate0p7_rep017_seed10963126854995359549,40,0.7,17,PP,4,4,4,4,initial_30s,8,0.023624897003173828,794.999999999854,19.87499999999635,200.29736190426752,5.007434047606688,0.7480536328247744
N40_rate0p7_rep017_seed10963126854995359549,40,0.7,17,PP,4,4,4,4,initial_30s,9,0.029095888137817383,790.9999999999375,19.774999999998435,207.9383776336026,5.1984594408400655,0.737119623724881
N40_rate0p7_rep017_seed10963126854995359549,40,0.7,17,PP,4,4,4,4,initial_30s,10,0.029114961624145508,726.9999999999015,18.17499999999754,207.9383776336026,5.1984594408400655,0.7139774723058724
N40_rate0p7_rep017_seed10963126854995359549,40,0.7,17,PP,4,4,4,4,initial_30s,11,0.05890798568725586,719.0,17.975,252.14344318505144,6.303586079626286,0.6493137090611246
N40_rate0p7_rep017_seed10963126854995359549,40,0.7,17,PP,4,4,4,4,initial_30s,12,0.08063983917236328,715.0,17.875,273.51077681712536,6.837769420428134,0.6174674450110135
N40_rate0p7_rep017_seed10963126854995359549,40,0.7,17,PP,4,4,4,4,initial_30s,13,0.09910392761230469,711.0000000000011,17.775000000000027,350.08001466387765,8.752000366596942,0.5076230454797791
N40_rate0p7_rep017_seed10963126854995359549,40,0.7,17,PP,4,4,4,4,initial_30s,14,0.26462793350219727,711.0,17.775,711.0000000000011,17.775000000000027,1.5989709946781438e-15
N40_rate0p7_rep018_seed331978231374623599,40,0.7,18,NP,,,1,1,initial_30s,0,0.006913185119628906,791.9999999999982,19.799999999999955,40.0,1.0,0.9494949494949494
N40_rate0p7_rep018_seed331978231374623599,40,0.7,18,NP,,,1,1,initial_30s,1,0.13913917541503906,764.4251968503768,19.11062992125942,119.140216316019,2.9785054079004754,0.8441440486173055
N40_rate0p7_rep018_seed331978231374623599,40,0.7,18,NP,,,1,1,initial_30s,2,0.13918304443359375,763.9999999999832,19.09999999999958,119.140216316019,2.9785054079004754,0.8440573084868828
N40_rate0p7_rep018_seed331978231374623599,40,0.7,18,NP,,,1,1,initial_30s,3,0.2516481876373291,762.9999999999834,19.074999999999584,133.23483190420205,3.3308707976050513,0.8253802989459961
N40_rate0p7_rep018_seed331978231374623599,40,0.7,18,NP,,,1,1,initial_30s,4,0.31684017181396484,750.9999999999958,18.774999999999896,134.59109880321478,3.3647774700803694,0.8207841560543069
N40_rate0p7_rep018_seed331978231374623599,40,0.7,18,NP,,,1,1,initial_30s,5,0.3761880397796631,747.9999999999252,18.69999999999813,135.84737448142894,3.3961843620357235,0.818385862992724
N40_rate0p7_rep018_seed331978231374623599,40,0.7,18,NP,,,1,1,initial_30s,6,0.38019704818725586,743.9999999999155,18.599999999997888,135.84737448142894,3.3961843620357235,0.8174094429012845
N40_rate0p7_rep018_seed331978231374623599,40,0.7,18,NP,,,1,1,initial_30s,7,0.3802649974822998,733.9999999999734,18.349999999999334,135.84737448142894,3.3961843620357235,0.8149218331315615
N40_rate0p7_rep018_seed331978231374623599,40,0.7,18,NP,,,1,1,initial_30s,8,30.023957014083862,734.0,18.35,278.5208794070063,6.963021985175158,0.6205437610258769
N40_rate0p7_rep018_seed331978231374623599,40,0.7,18,CHP,4,4,,,initial_30s,0,0.0006411075592041016,791.9999999999964,19.79999999999991,40.0,1.0,0.9494949494949493
N40_rate0p7_rep018_seed331978231374623599,40,0.7,18,CHP,4,4,,,initial_30s,1,0.0007050037384033203,709.9999999999468,17.74999999999867,40.0,1.0,0.9436619718309817
N40_rate0p7_rep018_seed331978231374623599,40,0.7,18,CHP,4,4,,,initial_30s,2,0.002705097198486328,710.0,17.75,709.9999999999468,17.74999999999867,7.493723951227648e-14
N40_rate0p7_rep018_seed331978231374623599,40,0.7,18,PP,4,4,4,4,initial_30s,0,0.0033109188079833984,791.9999999999982,19.799999999999955,40.0,1.0,0.9494949494949494
N40_rate0p7_rep018_seed331978231374623599,40,0.7,18,PP,4,4,4,4,initial_30s,1,0.008805990219116211,774.0000000000241,19.350000000000602,162.3436928275422,4.058592320688556,0.7902536268378073
N40_rate0p7_rep018_seed331978231374623599,40,0.7,18,PP,4,4,4,4,initial_30s,2,0.02793407440185547,765.9999999999745,19.149999999999363,234.99999999998613,5.874999999999654,0.6932114882506607
N40_rate0p7_rep018_seed331978231374623599,40,0.7,18,PP,4,4,4,4,initial_30s,3,0.06386208534240723,757.9999999999914,18.949999999999783,308.32018646678,7.7080046616695,0.5932451365873569
N40_rate0p7_rep018_seed331978231374623599,40,0.7,18,PP,4,4,4,4,initial_30s,4,0.16193103790283203,737.9999999999563,18.44999999999891,425.5929294017147,10.639823235042867,0.4233158138187807
N40_rate0p7_rep018_seed331978231374623599,40,0.7,18,PP,4,4,4,4,initial_30s,5,0.18578004837036133,725.9999999999759,18.149999999999398,465.9999999999999,11.649999999999997,0.35812672176306426
N40_rate0p7_rep018_seed331978231374623599,40,0.7,18,PP,4,4,4,4,initial_30s,6,0.18582892417907715,717.9999999999759,17.9499999999994,465.9999999999999,11.649999999999997,0.35097493036209537
N40_rate0p7_rep018_seed331978231374623599,40,0.7,18,PP,4,4,4,4,initial_30s,7,0.20538902282714844,709.999999999976,17.7499999999994,508.99999999999676,12.72499999999992,0.28309859154927614
N40_rate0p7_rep018_seed331978231374623599,40,0.7,18,PP,4,4,4,4,initial_30s,8,0.23393702507019043,710.0,17.75,709.999999999976,17.7499999999994,3.378580670318448e-14
N40_rate0p7_rep019_seed14073889010825415280,40,0.7,19,NP,,,1,1,initial_30s,0,0.007109880447387695,903.9999999999982,22.599999999999955,15.0,0.375,0.9834070796460177
N40_rate0p7_rep019_seed14073889010825415280,40,0.7,19,NP,,,1,1,initial_30s,1,0.1834709644317627,888.9999999999832,22.22499999999958,109.72446676320351,2.7431116690800876,0.876575402966023
N40_rate0p7_rep019_seed14073889010825415280,40,0.7,19,NP,,,1,1,initial_30s,2,0.18367385864257812,867.9999999999795,21.699999999999488,109.72446676320351,2.7431116690800876,0.8735893240055229
N40_rate0p7_rep019_seed14073889010825415280,40,0.7,19,NP,,,1,1,initial_30s,3,0.19755887985229492,835.0000000000477,20.875000000001194,110.45289062790289,2.761322265697572,0.8677210890683873
N40_rate0p7_rep019_seed14073889010825415280,40,0.7,19,NP,,,1,1,initial_30s,4,0.22670793533325195,753.9999999999673,18.84999999999918,111.43742265065441,2.7859355662663603,0.8522050097471363
N40_rate0p7_rep019_seed14073889010825415280,40,0.7,19,NP,,,1,1,initial_30s,5,0.25501298904418945,729.9999999999602,18.249999999999005,112.09385519193717,2.802346379798429,0.8464467737096668
N40_rate0p7_rep019_seed14073889010825415280,40,0.7,19,NP,,,1,1,initial_30s,6,0.37938499450683594,696.9999999999541,17.424999999998853,121.32682176131037,3.0331705440327594,0.825929954431394
N40_rate0p7_rep019_seed14073889010825415280,40,0.7,19,NP,,,1,1,initial_30s,7,0.4178948402404785,694.9999999999291,17.374999999998227,122.21682602992978,3.0554206507482444,0.8241484517554788
N40_rate0p7_rep019_seed14073889010825415280,40,0.7,19,NP,,,1,1,initial_30s,8,0.4957399368286133,692.9999999999363,17.324999999998408,122.21682602992978,3.0554206507482444,0.8236409436797388
N40_rate0p7_rep019_seed14073889010825415280,40,0.7,19,NP,,,1,1,initial_30s,9,4.8985559940338135,664.0000000000208,16.60000000000052,142.9455811434259,3.5736395285856473,0.7847205103261725
N40_rate0p7_rep019_seed14073889010825415280,40,0.7,19,NP,,,1,1,initial_30s,10,9.391905069351196,658.0,16.45,183.11889000770455,4.577972250192614,0.7217038145779566
N40_rate0p7_rep019_seed14073889010825415280,40,0.7,19,NP,,,1,1,initial_30s,11,10.676750898361206,655.9999999999965,16.399999999999913,184.95298480708357,4.623824620177089,0.7180594743794443
N40_rate0p7_rep019_seed14073889010825415280,40,0.7,19,NP,,,1,1,initial_30s,12,30.013952016830444,656.0,16.4,199.3386588704717,4.983466471761792,0.6961300931852565
N40_rate0p7_rep019_seed14073889010825415280,40,0.7,19,CHP,4,4,,,initial_30s,0,0.0008618831634521484,903.9999999999955,22.599999999999888,15.0,0.375,0.9834070796460176
N40_rate0p7_rep019_seed14073889010825415280,40,0.7,19,CHP,4,4,,,initial_30s,1,0.0009768009185791016,756.9999999998677,18.924999999996693,15.0,0.375,0.9801849405548182
N40_rate0p7_rep019_seed14073889010825415280,40,0.7,19,CHP,4,4,,,initial_30s,2,0.002010822296142578,693.0,17.325,15.0,0.375,0.9783549783549783
N40_rate0p7_rep019_seed14073889010825415280,40,0.7,19,CHP,4,4,,,initial_30s,3,0.002131938934326172,653.0,16.325,15.0,0.375,0.9770290964777948
N40_rate0p7_rep019_seed14073889010825415280,40,0.7,19,CHP,4,4,,,initial_30s,4,0.00467991828918457,644.9999999999263,16.12499999999816,259.999999999985,6.499999999999625,0.5968992248061787
N40_rate0p7_rep019_seed14073889010825415280,40,0.7,19,CHP,4,4,,,initial_30s,5,0.0070018768310546875,636.9999999999727,15.924999999999319,337.9999999999856,8.44999999999964,0.46938775510204067
N40_rate0p7_rep019_seed14073889010825415280,40,0.7,19,CHP,4,4,,,initial_30s,6,0.016930818557739258,637.0,15.925,636.9999999999727,15.924999999999319,4.2833345452414206e-14
N40_rate0p7_rep019_seed14073889010825415280,40,0.7,19,PP,4,4,4,4,initial_30s,0,0.0013451576232910156,903.999999999998,22.599999999999948,15.0,0.375,0.9834070796460177
N40_rate0p7_rep019_seed14073889010825415280,40,0.7,19,PP,4,4,4,4,initial_30s,1,0.0029799938201904297,882.9999999996385,22.07499999999096,15.0,0.375,0.9830124575311369
N40_rate0p7_rep019_seed14073889010825415280,40,0.7,19,PP,4,4,4,4,initial_30s,2,0.0033211708068847656,876.9999999996935,21.924999999992338,15.0,0.375,0.9828962371721719
N40_rate0p7_rep019_seed14073889010825415280,40,0.7,19,PP,4,4,4,4,initial_30s,3,0.005070209503173828,848.9999999996701,21.224999999991752,132.05152575393652,3.3012881438484127,0.8444622782638541
N40_rate0p7_rep019_seed14073889010825415280,40,0.7,19,PP,4,4,4,4,initial_30s,4,0.005843162536621094,828.9999999997308,20.72499999999327,136.70983127280064,3.417745781820016,0.8350906739772677
N40_rate0p7_rep019_seed14073889010825415280,40,0.7,19,PP,4,4,4,4,initial_30s,5,0.01238703727722168,820.9999999997351,20.524999999993376,159.76732052685907,3.994183013171477,0.8053991223789152
N40_rate0p7_rep019_seed14073889010825415280,40,0.7,19,PP,4,4,4,4,initial_30s,6,0.020670175552368164,808.9999999996162,20.224999999990406,181.4396890357507,4.535992225893767,0.7757234993376554
N40_rate0p7_rep019_seed14073889010825415280,40,0.7,19,PP,4,4,4,4,initial_30s,7,0.025400161743164062,788.9999999997231,19.724999999993077,181.54360550442425,4.538590137610607,0.7699067103872143
N40_rate0p7_rep019_seed14073889010825415280,40,0.7,19,PP,4,4,4,4,initial_30s,8,0.02934408187866211,766.9999999998672,19.17499999999668,196.99999999997726,4.924999999999431,0.7431551499347961
N40_rate0p7_rep019_seed14073889010825415280,40,0.7,19,PP,4,4,4,4,initial_30s,9,0.03088212013244629,692.99999999992,17.324999999998,207.9999999999825,5.199999999999562,0.6998556998556904
N40_rate0p7_rep019_seed14073889010825415280,40,0.7,19,PP,4,4,4,4,initial_30s,10,0.0582880973815918,682.9999999999436,17.07499999999859,218.99999999999045,5.474999999999762,0.6793557833089187
N40_rate0p7_rep019_seed14073889010825415280,40,0.7,19,PP,4,4,4,4,initial_30s,11,0.0583491325378418,676.9999999999097,16.924999999997745,218.99999999999045,5.474999999999762,0.6765140324962782
N40_rate0p7_rep019_seed14073889010825415280,40,0.7,19,PP,4,4,4,4,initial_30s,12,0.08140921592712402,672.9999999999172,16.82499999999793,241.59583306914152,6.039895826728538,0.6410165927649759
N40_rate0p7_rep019_seed14073889010825415280,40,0.7,19,PP,4,4,4,4,initial_30s,13,0.08449411392211914,664.9999999999172,16.624999999997932,262.38587125115083,6.55964678127877,0.6054347800734083
N40_rate0p7_rep019_seed14073889010825415280,40,0.7,19,PP,4,4,4,4,initial_30s,14,0.10319209098815918,645.0,16.125,262.38587125115083,6.55964678127877,0.5932001996106189
N40_rate0p7_rep019_seed14073889010825415280,40,0.7,19,PP,4,4,4,4,initial_30s,15,0.11340117454528809,636.9999999999885,15.924999999999713,268.98531836136476,6.724632959034119,0.5777310543777557
N40_rate0p7_rep019_seed14073889010825415280,40,0.7,19,PP,4,4,4,4,initial_30s,16,0.34546899795532227,637.0,15.925,636.9999999999885,15.924999999999713,1.8025699544557645e-14
N40_rate1p0_rep000_seed6666882501562154233,40,1.0,0,NP,,,1,1,initial_30s,0,0.0072021484375,819.9999999999982,20.499999999999954,43.0,1.075,0.9475609756097559
N40_rate1p0_rep000_seed6666882501562154233,40,1.0,0,NP,,,1,1,initial_30s,1,0.31261706352233887,797.9999999999818,19.949999999999545,158.3346232004165,3.9583655800104127,0.8015856852125062
N40_rate1p0_rep000_seed6666882501562154233,40,1.0,0,NP,,,1,1,initial_30s,2,0.32933592796325684,787.0,19.675,160.18841036148285,4.004710259037071,0.7964569118659685
N40_rate1p0_rep000_seed6666882501562154233,40,1.0,0,NP,,,1,1,initial_30s,3,0.9394919872283936,778.9999999998115,19.474999999995287,199.30915684497165,4.982728921124291,0.7441474238189731
N40_rate1p0_rep000_seed6666882501562154233,40,1.0,0,NP,,,1,1,initial_30s,4,4.582683086395264,766.9999999998486,19.174999999996214,199.30915684497165,4.982728921124291,0.7401445151955528
N40_rate1p0_rep000_seed6666882501562154233,40,1.0,0,NP,,,1,1,initial_30s,5,4.60217809677124,762.9999999998581,19.074999999996454,199.30915684497165,4.982728921124291,0.7387822321821642
N40_rate1p0_rep000_seed6666882501562154233,40,1.0,0,NP,,,1,1,initial_30s,6,4.602242946624756,754.9999999998481,18.874999999996202,199.30915684497165,4.982728921124291,0.7360143617946864
N40_rate1p0_rep000_seed6666882501562154233,40,1.0,0,NP,,,1,1,initial_30s,7,4.602285146713257,748.9999999998483,18.724999999996207,199.30915684497165,4.982728921124291,0.733899657082761
N40_rate1p0_rep000_seed6666882501562154233,40,1.0,0,NP,,,1,1,initial_30s,8,5.6193931102752686,746.9999999998188,18.67499999999547,199.30915684497165,4.982728921124291,0.7331872063654351
N40_rate1p0_rep000_seed6666882501562154233,40,1.0,0,NP,,,1,1,initial_30s,9,5.631433963775635,744.9999999998586,18.624999999996465,199.30915684497165,4.982728921124291,0.7324709304093833
N40_rate1p0_rep000_seed6666882501562154233,40,1.0,0,NP,,,1,1,initial_30s,10,5.735464096069336,710.9999999999037,17.774999999997593,199.30915684497165,4.982728921124291,0.7196776978270061
N40_rate1p0_rep000_seed6666882501562154233,40,1.0,0,NP,,,1,1,initial_30s,11,30.01127815246582,711.0,17.775,302.99999999995714,7.574999999998928,0.5738396624473177
N40_rate1p0_rep000_seed6666882501562154233,40,1.0,0,CHP,4,4,,,initial_30s,0,0.0007050037384033203,819.9999999999977,20.499999999999943,43.0,1.075,0.9475609756097559
N40_rate1p0_rep000_seed6666882501562154233,40,1.0,0,CHP,4,4,,,initial_30s,1,0.0020439624786376953,797.0,19.925,43.0,1.075,0.946047678795483
N40_rate1p0_rep000_seed6666882501562154233,40,1.0,0,CHP,4,4,,,initial_30s,2,0.0020630359649658203,717.0,17.925,148.99999999999955,3.7249999999999885,0.7921896792189685
N40_rate1p0_rep000_seed6666882501562154233,40,1.0,0,CHP,4,4,,,initial_30s,3,0.0020720958709716797,710.9999999999714,17.774999999999284,148.99999999999955,3.7249999999999885,0.7904360056258712
N40_rate1p0_rep000_seed6666882501562154233,40,1.0,0,CHP,4,4,,,initial_30s,4,0.005610942840576172,711.0,17.775,710.9999999999714,17.774999999999284,4.0294069065889226e-14
N40_rate1p0_rep000_seed6666882501562154233,40,1.0,0,PP,4,4,4,4,initial_30s,0,0.0012760162353515625,819.9999999999982,20.499999999999954,43.0,1.075,0.9475609756097559
N40_rate1p0_rep000_seed6666882501562154233,40,1.0,0,PP,4,4,4,4,initial_30s,1,0.004442930221557617,747.0,18.675,43.0,1.075,0.9424364123159303
N40_rate1p0_rep000_seed6666882501562154233,40,1.0,0,PP,4,4,4,4,initial_30s,2,0.0477750301361084,735.0,18.375,273.98120805368785,6.849530201342196,0.6272364516276355
N40_rate1p0_rep000_seed6666882501562154233,40,1.0,0,PP,4,4,4,4,initial_30s,3,0.051390886306762695,718.9999999999909,17.974999999999774,279.1069124423922,6.977672811059804,0.6118123609980588
N40_rate1p0_rep000_seed6666882501562154233,40,1.0,0,PP,4,4,4,4,initial_30s,4,0.10671305656433105,714.9999999999993,17.874999999999982,354.5730513823193,8.864326284557983,0.5040936344303222
N40_rate1p0_rep000_seed6666882501562154233,40,1.0,0,PP,4,4,4,4,initial_30s,5,0.10683608055114746,710.9999999999935,17.77499999999984,354.5730513823193,8.864326284557983,0.5013037252006716
N40_rate1p0_rep000_seed6666882501562154233,40,1.0,0,PP,4,4,4,4,initial_30s,6,0.18935108184814453,711.0,17.775,710.9999999999935,17.77499999999984,9.114134669665421e-15
N40_rate1p0_rep001_seed17069602577175403533,40,1.0,1,NP,,,1,1,initial_30s,0,0.006914854049682617,793.9999999999982,19.849999999999955,44.0,1.1,0.9445843828715363
N40_rate1p0_rep001_seed17069602577175403533,40,1.0,1,NP,,,1,1,initial_30s,1,0.4839959144592285,769.9999999999902,19.249999999999755,154.75736795624127,3.8689341989060315,0.7990164052516321
N40_rate1p0_rep001_seed17069602577175403533,40,1.0,1,NP,,,1,1,initial_30s,2,0.4843928813934326,766.9999999999818,19.174999999999546,155.91688515630142,3.8979221289075356,0.796718533042627
N40_rate1p0_rep001_seed17069602577175403533,40,1.0,1,NP,,,1,1,initial_30s,3,0.5225338935852051,751.9999999999933,18.799999999999834,155.91688515630142,3.8979221289075356,0.7926637165474697
N40_rate1p0_rep001_seed17069602577175403533,40,1.0,1,NP,,,1,1,initial_30s,4,16.827014923095703,746.0,18.65,246.9557285455213,6.173893213638033,0.6689601494027865
N40_rate1p0_rep001_seed17069602577175403533,40,1.0,1,NP,,,1,1,initial_30s,5,17.075992822647095,741.9999999999832,18.549999999999578,246.9557285455213,6.173893213638033,0.6671755679979422
N40_rate1p0_rep001_seed17069602577175403533,40,1.0,1,NP,,,1,1,initial_30s,6,30.01453185081482,742.0,18.55,289.26054768638215,7.231513692159554,0.6101609869455766
N40_rate1p0_rep001_seed17069602577175403533,40,1.0,1,CHP,4,4,,,initial_30s,0,0.0006239414215087891,793.9999999999982,19.849999999999955,44.0,1.1,0.9445843828715363
N40_rate1p0_rep001_seed17069602577175403533,40,1.0,1,CHP,4,4,,,initial_30s,1,0.0006849765777587891,677.999999999945,16.949999999998624,44.0,1.1,0.9351032448377529
N40_rate1p0_rep001_seed17069602577175403533,40,1.0,1,CHP,4,4,,,initial_30s,2,0.002521991729736328,678.0,16.95,677.999999999945,16.949999999998624,8.115697560068165e-14
N40_rate1p0_rep001_seed17069602577175403533,40,1.0,1,PP,4,4,4,4,initial_30s,0,0.0012040138244628906,793.9999999999982,19.849999999999955,44.0,1.1,0.9445843828715363
N40_rate1p0_rep001_seed17069602577175403533,40,1.0,1,PP,4,4,4,4,initial_30s,1,0.005460023880004883,718.0,17.95,158.98039875178378,3.9745099687945946,0.7785788318220281
N40_rate1p0_rep001_seed17069602577175403533,40,1.0,1,PP,4,4,4,4,initial_30s,2,0.03313899040222168,701.999999999998,17.549999999999947,301.9999999999904,7.54999999999976,0.5698005698005822
N40_rate1p0_rep001_seed17069602577175403533,40,1.0,1,PP,4,4,4,4,initial_30s,3,0.042256832122802734,693.9999999999991,17.349999999999977,301.9999999999904,7.54999999999976,0.564841498559091
N40_rate1p0_rep001_seed17069602577175403533,40,1.0,1,PP,4,4,4,4,initial_30s,4,0.06046795845031738,685.9999999999628,17.14999999999907,363.9999999999972,9.09999999999993,0.46938775510201614
N40_rate1p0_rep001_seed17069602577175403533,40,1.0,1,PP,4,4,4,4,initial_30s,5,0.06049990653991699,677.9999999999628,16.949999999999072,363.9999999999972,9.09999999999993,0.4631268436577918
N40_rate1p0_rep001_seed17069602577175403533,40,1.0,1,PP,4,4,4,4,initial_30s,6,0.162492036819458,678.0,16.95,677.9999999999628,16.949999999999072,5.48312624409564e-14
N40_rate1p0_rep002_seed605359270614413638,40,1.0,2,NP,,,1,1,initial_30s,0,0.0069501399993896484,747.9999999999981,18.699999999999953,50.0,1.25,0.9331550802139036
N40_rate1p0_rep002_seed605359270614413638,40,1.0,2,NP,,,1,1,initial_30s,1,24.49073314666748,743.0,18.575,276.08658273589106,6.902164568397277,0.6284164431549245
N40_rate1p0_rep002_seed605359270614413638,40,1.0,2,NP,,,1,1,initial_30s,2,24.73021912574768,739.9999999999816,18.499999999999538,277.20155740845047,6.930038935211262,0.6254033007993819
N40_rate1p0_rep002_seed605359270614413638,40,1.0,2,NP,,,1,1,initial_30s,3,24.735722064971924,733.9999999999981,18.34999999999995,277.20155740845047,6.930038935211262,0.6223412024408022
N40_rate1p0_rep002_seed605359270614413638,40,1.0,2,NP,,,1,1,initial_30s,4,24.984864950180054,725.0,18.125,277.9443236170002,6.9486080904250045,0.6166285191489652
N40_rate1p0_rep002_seed605359270614413638,40,1.0,2,NP,,,1,1,initial_30s,5,30.003844022750854,725.0,18.125,286.21233250894085,7.1553083127235215,0.605224368953185
N40_rate1p0_rep002_seed605359270614413638,40,1.0,2,CHP,4,4,,,initial_30s,0,0.0019948482513427734,747.9999999999982,18.699999999999953,50.0,1.25,0.9331550802139036
N40_rate1p0_rep002_seed605359270614413638,40,1.0,2,CHP,4,4,,,initial_30s,1,0.0037679672241210938,732.9999999999932,18.32499999999983,343.19047619046705,8.579761904761677,0.5318001689079532
N40_rate1p0_rep002_seed605359270614413638,40,1.0,2,CHP,4,4,,,initial_30s,2,0.007441043853759766,733.0,18.325,732.9999999999932,18.32499999999983,9.305880304634328e-15
N40_rate1p0_rep002_seed605359270614413638,40,1.0,2,PP,4,4,4,4,initial_30s,0,0.0012998580932617188,747.9999999999982,18.699999999999953,50.0,1.25,0.9331550802139036
N40_rate1p0_rep002_seed605359270614413638,40,1.0,2,PP,4,4,4,4,initial_30s,1,0.11899280548095703,740.9999999999704,18.52499999999926,500.6763485477162,12.516908713692905,0.32432341626486344
N40_rate1p0_rep002_seed605359270614413638,40,1.0,2,PP,4,4,4,4,initial_30s,2,0.11903882026672363,732.9999999999702,18.324999999999257,500.6763485477162,12.516908713692905,0.31694904700172366
N40_rate1p0_rep002_seed605359270614413638,40,1.0,2,PP,4,4,4,4,initial_30s,3,0.26962900161743164,733.0,18.325,732.9999999999702,18.324999999999257,4.063567733023656e-14
N40_rate1p0_rep003_seed128178635023333380,40,1.0,3,NP,,,1,1,initial_30s,0,0.006732940673828125,633.9999999999983,15.849999999999957,33.0,0.825,0.94794952681388
N40_rate1p0_rep003_seed128178635023333380,40,1.0,3,NP,,,1,1,initial_30s,1,30.00985288619995,634.0,15.85,256.09053829243834,6.4022634573109585,0.5960717061633465
N40_rate1p0_rep003_seed128178635023333380,40,1.0,3,CHP,4,4,,,initial_30s,0,0.0005240440368652344,633.9999999999982,15.849999999999955,33.0,0.825,0.94794952681388
N40_rate1p0_rep003_seed128178635023333380,40,1.0,3,CHP,4,4,,,initial_30s,1,0.002198934555053711,634.0,15.85,633.9999999999982,15.849999999999955,2.8690684598515085e-15
N40_rate1p0_rep003_seed128178635023333380,40,1.0,3,PP,4,4,4,4,initial_30s,0,0.001203775405883789,633.999999999998,15.849999999999948,33.0,0.825,0.94794952681388
N40_rate1p0_rep003_seed128178635023333380,40,1.0,3,PP,4,4,4,4,initial_30s,1,0.1592419147491455,634.0,15.85,633.999999999998,15.849999999999948,3.2277020173329473e-15
N40_rate1p0_rep004_seed6191997743036922579,40,1.0,4,NP,,,1,1,initial_30s,0,0.006972074508666992,734.9999999999982,18.374999999999954,43.0,1.075,0.9414965986394557
N40_rate1p0_rep004_seed6191997743036922579,40,1.0,4,NP,,,1,1,initial_30s,1,5.334776878356934,734.0,18.35,174.29682124043924,4.357420531010981,0.7625383906806005
N40_rate1p0_rep004_seed6191997743036922579,40,1.0,4,NP,,,1,1,initial_30s,2,16.066489934921265,728.0000000001376,18.20000000000344,234.31468062047853,5.857867015511963,0.678139174971931
N40_rate1p0_rep004_seed6191997743036922579,40,1.0,4,NP,,,1,1,initial_30s,3,18.155466079711914,721.9999999999941,18.04999999999985,234.31468062047853,5.857867015511963,0.6754644312735728
N40_rate1p0_rep004_seed6191997743036922579,40,1.0,4,NP,,,1,1,initial_30s,4,18.15562891960144,715.9999999999944,17.89999999999986,234.31468062047853,5.857867015511963,0.6727448594686029
N40_rate1p0_rep004_seed6191997743036922579,40,1.0,4,NP,,,1,1,initial_30s,5,18.83413791656494,709.9999999999982,17.749999999999954,234.31468062047853,5.857867015511963,0.6699793230697477
N40_rate1p0_rep004_seed6191997743036922579,40,1.0,4,NP,,,1,1,initial_30s,6,19.245548009872437,704.0,17.6,234.31468062047853,5.857867015511963,0.6671666468459112
N40_rate1p0_rep004_seed6191997743036922579,40,1.0,4,NP,,,1,1,initial_30s,7,19.245744943618774,697.9999999999948,17.449999999999868,234.31468062047853,5.857867015511963,0.6643056151569051
N40_rate1p0_rep004_seed6191997743036922579,40,1.0,4,NP,,,1,1,initial_30s,8,26.723725080490112,683.9999999999891,17.099999999999728,259.9782254148182,6.499455635370455,0.6199148751245287
N40_rate1p0_rep004_seed6191997743036922579,40,1.0,4,NP,,,1,1,initial_30s,9,30.003477096557617,684.0,17.1,260.25414265374127,6.506353566343532,0.6195114873483315
N40_rate1p0_rep004_seed6191997743036922579,40,1.0,4,CHP,4,4,,,initial_30s,0,0.0009691715240478516,734.999999999998,18.37499999999995,43.0,1.075,0.9414965986394557
N40_rate1p0_rep004_seed6191997743036922579,40,1.0,4,CHP,4,4,,,initial_30s,1,0.0010859966278076172,659.9999999999443,16.499999999998607,43.0,1.075,0.9348484848484794
N40_rate1p0_rep004_seed6191997743036922579,40,1.0,4,CHP,4,4,,,initial_30s,2,0.008249998092651367,660.0,16.5,659.9999999999443,16.499999999998607,8.440386436907857e-14
N40_rate1p0_rep004_seed6191997743036922579,40,1.0,4,PP,4,4,4,4,initial_30s,0,0.0012090206146240234,734.9999999999982,18.374999999999954,43.0,1.075,0.9414965986394557
N40_rate1p0_rep004_seed6191997743036922579,40,1.0,4,PP,4,4,4,4,initial_30s,1,0.0038230419158935547,724.0,18.1,43.0,1.075,0.9406077348066298
N40_rate1p0_rep004_seed6191997743036922579,40,1.0,4,PP,4,4,4,4,initial_30s,2,0.037467002868652344,715.9999999999898,17.899999999999743,254.99999999999287,6.3749999999998215,0.6438547486033569
N40_rate1p0_rep004_seed6191997743036922579,40,1.0,4,PP,4,4,4,4,initial_30s,3,0.047837018966674805,707.999999999962,17.69999999999905,254.99999999999287,6.3749999999998215,0.639830508474567
N40_rate1p0_rep004_seed6191997743036922579,40,1.0,4,PP,4,4,4,4,initial_30s,4,0.05485820770263672,684.0,17.1,293.94063550452887,7.348515887613222,0.5702622287945485
N40_rate1p0_rep004_seed6191997743036922579,40,1.0,4,PP,4,4,4,4,initial_30s,5,0.05871915817260742,671.9999999999807,16.799999999999518,298.61176470587867,7.465294117646967,0.5556372549019535
N40_rate1p0_rep004_seed6191997743036922579,40,1.0,4,PP,4,4,4,4,initial_30s,6,0.07113409042358398,659.9999999999618,16.499999999999044,378.9728789467114,9.474321973667784,0.42579866826252527
N40_rate1p0_rep004_seed6191997743036922579,40,1.0,4,PP,4,4,4,4,initial_30s,7,0.14835405349731445,660.0,16.5,659.9999999999618,16.499999999999044,5.787693556736815e-14
N40_rate1p0_rep005_seed10751948857656803584,40,1.0,5,NP,,,1,1,initial_30s,0,0.006571054458618164,875.9999999999982,21.899999999999956,28.0,0.7,0.9680365296803652
N40_rate1p0_rep005_seed10751948857656803584,40,1.0,5,NP,,,1,1,initial_30s,1,0.0191500186920166,828.9999999999413,20.724999999998534,28.0,0.7,0.9662243667068734
N40_rate1p0_rep005_seed10751948857656803584,40,1.0,5,NP,,,1,1,initial_30s,2,0.025009870529174805,819.9999999999272,20.49999999999818,33.0,0.825,0.959756097560972
N40_rate1p0_rep005_seed10751948857656803584,40,1.0,5,NP,,,1,1,initial_30s,3,0.05922102928161621,787.9999999999327,19.69999999999832,92.07822957968847,2.301955739492212,0.8831494548481011
N40_rate1p0_rep005_seed10751948857656803584,40,1.0,5,NP,,,1,1,initial_30s,4,0.05953192710876465,747.9999999999338,18.699999999998347,92.07822957968847,2.301955739492212,0.8769007625939885
N40_rate1p0_rep005_seed10751948857656803584,40,1.0,5,NP,,,1,1,initial_30s,5,0.7434098720550537,741.9999999999905,18.549999999999763,130.6476043432368,3.2661901085809197,0.8239250615320236
N40_rate1p0_rep005_seed10751948857656803584,40,1.0,5,NP,,,1,1,initial_30s,6,1.053617000579834,735.9999999999923,18.399999999999807,130.6476043432368,3.2661901085809197,0.8224896680119046
N40_rate1p0_rep005_seed10751948857656803584,40,1.0,5,NP,,,1,1,initial_30s,7,8.798389911651611,735.0,18.375,199.3410937229637,4.983527343074092,0.7287876275878045
N40_rate1p0_rep005_seed10751948857656803584,40,1.0,5,NP,,,1,1,initial_30s,8,18.88855791091919,727.0,18.175,210.41843928570736,5.260460982142684,0.7105661082727547
N40_rate1p0_rep005_seed10751948857656803584,40,1.0,5,NP,,,1,1,initial_30s,9,30.002140998840332,727.0,18.175,241.94256293633987,6.048564073408497,0.6672041775291061
N40_rate1p0_rep005_seed10751948857656803584,40,1.0,5,CHP,4,4,,,initial_30s,0,0.0005769729614257812,875.9999999999973,21.89999999999993,28.0,0.7,0.9680365296803652
N40_rate1p0_rep005_seed10751948857656803584,40,1.0,5,CHP,4,4,,,initial_30s,1,0.0006420612335205078,823.9999999999375,20.59999999999844,28.0,0.7,0.9660194174757256
N40_rate1p0_rep005_seed10751948857656803584,40,1.0,5,CHP,4,4,,,initial_30s,2,0.0014209747314453125,726.0,18.15,108.99999999999864,2.724999999999966,0.8498622589531699
N40_rate1p0_rep005_seed10751948857656803584,40,1.0,5,CHP,4,4,,,initial_30s,3,0.0019381046295166016,683.0,17.075,306.15479101121355,7.653869775280339,0.5517499399542993
N40_rate1p0_rep005_seed10751948857656803584,40,1.0,5,PP,4,4,4,4,initial_30s,0,0.0011699199676513672,875.9999999999982,21.899999999999956,28.0,0.7,0.9680365296803652
N40_rate1p0_rep005_seed10751948857656803584,40,1.0,5,PP,4,4,4,4,initial_30s,1,0.003874063491821289,862.0,21.55,28.0,0.7,0.9675174013921114
N40_rate1p0_rep005_seed10751948857656803584,40,1.0,5,PP,4,4,4,4,initial_30s,2,0.016217947006225586,848.9999999995748,21.22499999998937,206.68584980410526,5.167146245102631,0.7565537693707788
N40_rate1p0_rep005_seed10751948857656803584,40,1.0,5,PP,4,4,4,4,initial_30s,3,0.021867990493774414,842.9999999999018,21.074999999997544,255.99999999998317,6.399999999999579,0.6963226571767342
N40_rate1p0_rep005_seed10751948857656803584,40,1.0,5,PP,4,4,4,4,initial_30s,4,0.023215055465698242,834.9999999998772,20.87499999999693,255.99999999998317,6.399999999999579,0.6934131736526696
N40_rate1p0_rep005_seed10751948857656803584,40,1.0,5,PP,4,4,4,4,initial_30s,5,0.023231029510498047,830.9999999998663,20.77499999999666,267.9999999999857,6.699999999999642,0.6774969915763793
N40_rate1p0_rep005_seed10751948857656803584,40,1.0,5,PP,4,4,4,4,initial_30s,6,0.02845287322998047,786.9999999998879,19.674999999997198,271.9999999999895,6.799999999999737,0.6543837357051737
N40_rate1p0_rep005_seed10751948857656803584,40,1.0,5,PP,4,4,4,4,initial_30s,7,0.03758096694946289,778.9999999999391,19.474999999998477,271.9999999999895,6.799999999999737,0.650834403080859
N40_rate1p0_rep005_seed10751948857656803584,40,1.0,5,PP,4,4,4,4,initial_30s,8,0.04493308067321777,770.9999999999432,19.274999999998577,271.9999999999895,6.799999999999737,0.6472114137483663
N40_rate1p0_rep005_seed10751948857656803584,40,1.0,5,PP,4,4,4,4,initial_30s,9,0.056279897689819336,763.0,19.075,278.8532147878444,6.97133036969611,0.6345305179713704
N40_rate1p0_rep005_seed10751948857656803584,40,1.0,5,PP,4,4,4,4,initial_30s,10,0.06075000762939453,762.0000000000034,19.050000000000086,307.0777445848814,7.676943614622035,0.5970108338781103
N40_rate1p0_rep005_seed10751948857656803584,40,1.0,5,PP,4,4,4,4,initial_30s,11,0.060791969299316406,750.0000000000039,18.750000000000096,307.0777445848814,7.676943614622035,0.5905630072201603
N40_rate1p0_rep005_seed10751948857656803584,40,1.0,5,PP,4,4,4,4,initial_30s,12,0.07257604598999023,746.9999999999802,18.674999999999507,361.7777777777761,9.044444444444403,0.5156923992265252
N40_rate1p0_rep005_seed10751948857656803584,40,1.0,5,PP,4,4,4,4,initial_30s,13,0.08797407150268555,711.0,17.775,410.0,10.25,0.42334739803094235
N40_rate1p0_rep005_seed10751948857656803584,40,1.0,5,PP,4,4,4,4,initial_30s,14,0.09591507911682129,699.0000000000005,17.475000000000012,422.4813559321901,10.562033898304753,0.39559176547612324
N40_rate1p0_rep005_seed10751948857656803584,40,1.0,5,PP,4,4,4,4,initial_30s,15,0.11560893058776855,690.9999999999573,17.274999999998933,501.9999999999769,12.549999999999423,0.27351664254702174
N40_rate1p0_rep005_seed10751948857656803584,40,1.0,5,PP,4,4,4,4,initial_30s,16,0.12515592575073242,682.9999999999616,17.07499999999904,538.9999999999743,13.474999999999358,0.210834553440696
N40_rate1p0_rep005_seed10751948857656803584,40,1.0,5,PP,4,4,4,4,initial_30s,17,0.13336801528930664,683.0,17.075,682.9999999999616,17.07499999999904,5.6260836237051565e-14
N40_rate1p0_rep006_seed8000495460832164102,40,1.0,6,NP,,,1,1,initial_30s,0,0.006688117980957031,758.9999999999981,18.97499999999995,25.0,0.625,0.9670619235836626
N40_rate1p0_rep006_seed8000495460832164102,40,1.0,6,NP,,,1,1,initial_30s,1,30.008903980255127,759.0,18.975,276.1277051209857,6.903192628024643,0.636195381922285
N40_rate1p0_rep006_seed8000495460832164102,40,1.0,6,CHP,4,4,,,initial_30s,0,0.0006308555603027344,758.9999999999965,18.974999999999913,25.0,0.625,0.9670619235836626
N40_rate1p0_rep006_seed8000495460832164102,40,1.0,6,CHP,4,4,,,initial_30s,1,0.0006909370422363281,752.999999999964,18.8249999999991,25.0,0.625,0.966799468791499
N40_rate1p0_rep006_seed8000495460832164102,40,1.0,6,CHP,4,4,,,initial_30s,2,0.0012538433074951172,717.0,17.925,25.0,0.625,0.9651324965132496
N40_rate1p0_rep006_seed8000495460832164102,40,1.0,6,PP,4,4,4,4,initial_30s,0,0.0011241436004638672,758.9999999999981,18.97499999999995,25.0,0.625,0.9670619235836626
N40_rate1p0_rep006_seed8000495460832164102,40,1.0,6,PP,4,4,4,4,initial_30s,1,0.06988310813903809,740.999999999993,18.524999999999824,266.1912544934843,6.654781362337107,0.6407675377955644
N40_rate1p0_rep006_seed8000495460832164102,40,1.0,6,PP,4,4,4,4,initial_30s,2,0.10084414482116699,737.9999999999668,18.44999999999917,446.99999999999454,11.174999999999864,0.39430894308941106
N40_rate1p0_rep006_seed8000495460832164102,40,1.0,6,PP,4,4,4,4,initial_30s,3,0.10086894035339355,729.9999999999668,18.24999999999917,446.99999999999454,11.174999999999864,0.387671232876692
N40_rate1p0_rep006_seed8000495460832164102,40,1.0,6,PP,4,4,4,4,initial_30s,4,0.16717100143432617,728.9999999999891,18.224999999999728,534.9999999999837,13.374999999999593,0.26611796982168484
N40_rate1p0_rep006_seed8000495460832164102,40,1.0,6,PP,4,4,4,4,initial_30s,5,0.17668700218200684,724.9999999999637,18.124999999999094,540.9999999999872,13.524999999999679,0.25379310344825623
N40_rate1p0_rep006_seed8000495460832164102,40,1.0,6,PP,4,4,4,4,initial_30s,6,0.17705202102661133,716.9999999999652,17.92499999999913,552.736526946099,13.818413173652477,0.22909828877806712
N40_rate1p0_rep006_seed8000495460832164102,40,1.0,6,PP,4,4,4,4,initial_30s,7,0.18770909309387207,717.0,17.925,716.9999999999652,17.92499999999913,4.851906881843027e-14
N40_rate1p0_rep007_seed1121795919178924364,40,1.0,7,NP,,,1,1,initial_30s,0,0.0068628787994384766,767.9999999999982,19.199999999999953,48.0,1.2,0.9374999999999999
N40_rate1p0_rep007_seed1121795919178924364,40,1.0,7,NP,,,1,1,initial_30s,1,0.026741981506347656,756.9999999999877,18.92499999999969,53.0,1.325,0.9299867899603688
N40_rate1p0_rep007_seed1121795919178924364,40,1.0,7,NP,,,1,1,initial_30s,2,9.314939975738525,744.9999999998533,18.624999999996334,251.3562223686725,6.283905559216812,0.6626090974916483
N40_rate1p0_rep007_seed1121795919178924364,40,1.0,7,NP,,,1,1,initial_30s,3,10.578721046447754,733.0000000000063,18.325000000000156,251.3562223686725,6.283905559216812,0.6570856447903543
N40_rate1p0_rep007_seed1121795919178924364,40,1.0,7,NP,,,1,1,initial_30s,4,30.008156061172485,733.0,18.325,275.16704359097014,6.879176089774253,0.6246015776385128
N40_rate1p0_rep007_seed1121795919178924364,40,1.0,7,CHP,4,4,,,initial_30s,0,0.0005888938903808594,767.9999999999975,19.19999999999994,48.0,1.2,0.9374999999999998
N40_rate1p0_rep007_seed1121795919178924364,40,1.0,7,CHP,4,4,,,initial_30s,1,0.0006589889526367188,700.9999999999304,17.52499999999826,48.0,1.2,0.9315263908701786
N40_rate1p0_rep007_seed1121795919178924364,40,1.0,7,CHP,4,4,,,initial_30s,2,0.003162860870361328,701.0,17.525,700.9999999999304,17.52499999999826,9.925298813927106e-14
N40_rate1p0_rep007_seed1121795919178924364,40,1.0,7,PP,4,4,4,4,initial_30s,0,0.0011878013610839844,767.9999999999982,19.199999999999953,48.0,1.2,0.9374999999999999
N40_rate1p0_rep007_seed1121795919178924364,40,1.0,7,PP,4,4,4,4,initial_30s,1,0.04525399208068848,744.9999999999916,18.62499999999979,253.31249999999704,6.3328124999999265,0.6599832214765102
N40_rate1p0_rep007_seed1121795919178924364,40,1.0,7,PP,4,4,4,4,initial_30s,2,0.06581997871398926,737.0,18.425,368.9999999999997,9.224999999999993,0.49932157394844
N40_rate1p0_rep007_seed1121795919178924364,40,1.0,7,PP,4,4,4,4,initial_30s,3,0.06915092468261719,720.9999999998951,18.024999999997377,375.9220569524062,9.398051423810156,0.47861018453195436
N40_rate1p0_rep007_seed1121795919178924364,40,1.0,7,PP,4,4,4,4,initial_30s,4,0.08550381660461426,712.999999999972,17.8249999999993,436.9999999999952,10.92499999999988,0.38709677419353106
N40_rate1p0_rep007_seed1121795919178924364,40,1.0,7,PP,4,4,4,4,initial_30s,5,0.08574485778808594,708.9999999999511,17.72499999999878,444.28914189595935,11.107228547398984,0.37335805092244007
N40_rate1p0_rep007_seed1121795919178924364,40,1.0,7,PP,4,4,4,4,initial_30s,6,0.12476301193237305,700.999999999925,17.524999999998123,526.9999999999899,13.174999999999747,0.2482168330955117
N40_rate1p0_rep007_seed1121795919178924364,40,1.0,7,PP,4,4,4,4,initial_30s,7,0.14594483375549316,701.0,17.525,700.999999999925,17.524999999998123,1.0703753622862565e-13
N40_rate1p0_rep008_seed12026758154765310574,40,1.0,8,NP,,,1,1,initial_30s,0,0.006746053695678711,950.9999999999982,23.774999999999956,47.0,1.175,0.9505783385909568
N40_rate1p0_rep008_seed12026758154765310574,40,1.0,8,NP,,,1,1,initial_30s,1,0.04668283462524414,893.9999999999088,22.34999999999772,116.91983673821966,2.9229959184554914,0.8692171848565643
N40_rate1p0_rep008_seed12026758154765310574,40,1.0,8,NP,,,1,1,initial_30s,2,0.09562206268310547,812.9999999997071,20.324999999992677,128.82366102757274,3.2205915256893185,0.8415453123891524
N40_rate1p0_rep008_seed12026758154765310574,40,1.0,8,NP,,,1,1,initial_30s,3,0.35265088081359863,786.9999999999,19.6749999999975,159.18532038015036,3.979633009503759,0.7977314861751326
N40_rate1p0_rep008_seed12026758154765310574,40,1.0,8,NP,,,1,1,initial_30s,4,0.4067988395690918,781.0,19.525,162.99300782917462,4.074825195729366,0.7913021666719915
N40_rate1p0_rep008_seed12026758154765310574,40,1.0,8,NP,,,1,1,initial_30s,5,0.6411738395690918,761.0000000000009,19.025000000000023,169.40763140659067,4.235190785164766,0.7773881321858207
N40_rate1p0_rep008_seed12026758154765310574,40,1.0,8,NP,,,1,1,initial_30s,6,0.686845064163208,741.0,18.525,171.61894528152555,4.290473632038139,0.7683954854500329
N40_rate1p0_rep008_seed12026758154765310574,40,1.0,8,NP,,,1,1,initial_30s,7,1.6203899383544922,724.9999999999661,18.124999999999154,180.69529831901605,4.517382457975401,0.7507651057668627
N40_rate1p0_rep008_seed12026758154765310574,40,1.0,8,NP,,,1,1,initial_30s,8,1.8072898387908936,720.9999999999447,18.02499999999862,180.69529831901605,4.517382457975401,0.749382387907032
N40_rate1p0_rep008_seed12026758154765310574,40,1.0,8,NP,,,1,1,initial_30s,9,1.8624370098114014,718.9999999999442,17.974999999998605,180.69529831901605,4.517382457975401,0.7486852596397356
N40_rate1p0_rep008_seed12026758154765310574,40,1.0,8,NP,,,1,1,initial_30s,10,2.275974988937378,680.9999999996203,17.024999999990506,180.69529831901605,4.517382457975401,0.734661823319946
N40_rate1p0_rep008_seed12026758154765310574,40,1.0,8,NP,,,1,1,initial_30s,11,30.004289865493774,681.0,17.025,271.9626745625952,6.799066864064881,0.6006421812590379
N40_rate1p0_rep008_seed12026758154765310574,40,1.0,8,CHP,4,4,,,initial_30s,0,0.0006749629974365234,950.999999999998,23.77499999999995,47.0,1.175,0.9505783385909568
N40_rate1p0_rep008_seed12026758154765310574,40,1.0,8,CHP,4,4,,,initial_30s,1,0.0007469654083251953,940.9999999999438,23.524999999998595,47.0,1.175,0.9500531349628025
N40_rate1p0_rep008_seed12026758154765310574,40,1.0,8,CHP,4,4,,,initial_30s,2,0.001199960708618164,777.0,19.425,47.0,1.175,0.9395109395109396
N40_rate1p0_rep008_seed12026758154765310574,40,1.0,8,CHP,4,4,,,initial_30s,3,0.001984119415283203,721.0,18.025,186.99999999999886,4.674999999999971,0.7406380027739267
N40_rate1p0_rep008_seed12026758154765310574,40,1.0,8,CHP,4,4,,,initial_30s,4,0.002401113510131836,701.0000000000002,17.525000000000006,297.841255860145,7.446031396503625,0.5751194638229031
N40_rate1p0_rep008_seed12026758154765310574,40,1.0,8,CHP,4,4,,,initial_30s,5,0.003256082534790039,680.9999999999845,17.024999999999615,297.841255860145,7.446031396503625,0.5626413276649754
N40_rate1p0_rep008_seed12026758154765310574,40,1.0,8,CHP,4,4,,,initial_30s,6,0.006659984588623047,681.0,17.025,680.9999999999845,17.024999999999615,2.2703979339412305e-14
N40_rate1p0_rep008_seed12026758154765310574,40,1.0,8,PP,4,4,4,4,initial_30s,0,0.0013191699981689453,950.9999999999982,23.774999999999956,47.0,1.175,0.9505783385909568
N40_rate1p0_rep008_seed12026758154765310574,40,1.0,8,PP,4,4,4,4,initial_30s,1,0.0027191638946533203,717.0,17.925,47.0,1.175,0.9344490934449093
N40_rate1p0_rep008_seed12026758154765310574,40,1.0,8,PP,4,4,4,4,initial_30s,2,0.04424715042114258,701.0,17.525,268.983947887797,6.724598697194925,0.6162853810445121
N40_rate1p0_rep008_seed12026758154765310574,40,1.0,8,PP,4,4,4,4,initial_30s,3,0.06209206581115723,697.0,17.425,288.1165541567176,7.20291385391794,0.5866333512816103
N40_rate1p0_rep008_seed12026758154765310574,40,1.0,8,PP,4,4,4,4,initial_30s,4,0.08365607261657715,692.9999999999982,17.324999999999953,353.7403996865127,8.843509992162819,0.4895520928044536
N40_rate1p0_rep008_seed12026758154765310574,40,1.0,8,PP,4,4,4,4,initial_30s,5,0.09250402450561523,688.9999999999316,17.22499999999829,369.08695652173907,9.227173913043476,0.46431501230511507
N40_rate1p0_rep008_seed12026758154765310574,40,1.0,8,PP,4,4,4,4,initial_30s,6,0.12416195869445801,681.0,17.025,422.9999999999916,10.57499999999979,0.3788546255506732
N40_rate1p0_rep009_seed6363990746122952965,40,1.0,9,NP,,,1,1,initial_30s,0,0.0071868896484375,732.9999999999981,18.324999999999953,35.0,0.875,0.95225102319236
N40_rate1p0_rep009_seed6363990746122952965,40,1.0,9,NP,,,1,1,initial_30s,1,30.01060390472412,733.0,18.325,268.0416913060185,6.701042282650462,0.6343223856670962
N40_rate1p0_rep009_seed6363990746122952965,40,1.0,9,CHP,4,4,,,initial_30s,0,0.0005939006805419922,732.9999999999975,18.32499999999994,35.0,0.875,0.95225102319236
N40_rate1p0_rep009_seed6363990746122952965,40,1.0,9,CHP,4,4,,,initial_30s,1,0.0006589889526367188,729.9999999999511,18.249999999998778,35.0,0.875,0.9520547945205448
N40_rate1p0_rep009_seed6363990746122952965,40,1.0,9,CHP,4,4,,,initial_30s,2,0.0027680397033691406,730.0,18.25,729.9999999999511,18.249999999998778,6.696621947985602e-14
N40_rate1p0_rep009_seed6363990746122952965,40,1.0,9,PP,4,4,4,4,initial_30s,0,0.0012187957763671875,732.9999999999981,18.324999999999953,35.0,0.875,0.95225102319236
N40_rate1p0_rep009_seed6363990746122952965,40,1.0,9,PP,4,4,4,4,initial_30s,1,0.05336189270019531,729.999999999978,18.24999999999945,292.8030044499957,7.320075111249892,0.5988999939041034
N40_rate1p0_rep009_seed6363990746122952965,40,1.0,9,PP,4,4,4,4,initial_30s,2,0.15446686744689941,730.0,18.25,729.999999999978,18.24999999999945,3.021266646300481e-14
N40_rate1p0_rep010_seed2427582477293521601,40,1.0,10,NP,,,1,1,initial_30s,0,0.006823062896728516,757.9999999999982,18.949999999999953,50.0,1.25,0.934036939313984
N40_rate1p0_rep010_seed2427582477293521601,40,1.0,10,NP,,,1,1,initial_30s,1,30.0072500705719,758.0,18.95,270.04781440780175,6.751195360195044,0.6437363926018447
N40_rate1p0_rep010_seed2427582477293521601,40,1.0,10,CHP,4,4,,,initial_30s,0,0.0006129741668701172,757.9999999999977,18.949999999999942,50.0,1.25,0.934036939313984
N40_rate1p0_rep010_seed2427582477293521601,40,1.0,10,CHP,4,4,,,initial_30s,1,0.0010950565338134766,688.0,17.2,50.0,1.25,0.9273255813953488
N40_rate1p0_rep010_seed2427582477293521601,40,1.0,10,PP,4,4,4,4,initial_30s,0,0.0013260841369628906,757.9999999999982,18.949999999999953,50.0,1.25,0.934036939313984
N40_rate1p0_rep010_seed2427582477293521601,40,1.0,10,PP,4,4,4,4,initial_30s,1,0.0248410701751709,752.0,18.8,229.34778500284654,5.733694625071164,0.6950162433472785
N40_rate1p0_rep010_seed2427582477293521601,40,1.0,10,PP,4,4,4,4,initial_30s,2,0.051239967346191406,739.9999999999891,18.499999999999726,271.957295690877,6.798932392271925,0.6324901409582689
N40_rate1p0_rep010_seed2427582477293521601,40,1.0,10,PP,4,4,4,4,initial_30s,3,0.06550192832946777,736.0,18.4,271.957295690877,6.798932392271925,0.6304928047678302
N40_rate1p0_rep010_seed2427582477293521601,40,1.0,10,PP,4,4,4,4,initial_30s,4,0.09034204483032227,733.9999999999759,18.349999999999397,416.3720930232416,10.40930232558104,0.4327355680882081
N40_rate1p0_rep010_seed2427582477293521601,40,1.0,10,PP,4,4,4,4,initial_30s,5,0.0906820297241211,731.9999999999532,18.29999999999883,418.45454545454004,10.461363636363501,0.42834078489813276
N40_rate1p0_rep010_seed2427582477293521601,40,1.0,10,PP,4,4,4,4,initial_30s,6,0.1083669662475586,711.9999999999891,17.799999999999727,451.1607922803401,11.279019807008503,0.3663472018534452
N40_rate1p0_rep010_seed2427582477293521601,40,1.0,10,PP,4,4,4,4,initial_30s,7,0.10955810546875,703.9999999999984,17.59999999999996,461.14604651162585,11.528651162790647,0.34496300211416636
N40_rate1p0_rep010_seed2427582477293521601,40,1.0,10,PP,4,4,4,4,initial_30s,8,0.15289998054504395,695.9999999999995,17.399999999999988,525.9999999999942,13.149999999999855,0.24425287356322622
N40_rate1p0_rep010_seed2427582477293521601,40,1.0,10,PP,4,4,4,4,initial_30s,9,0.15293002128601074,688.0,17.2,525.9999999999942,13.149999999999855,0.2354651162790782
N40_rate1p0_rep010_seed2427582477293521601,40,1.0,10,PP,4,4,4,4,initial_30s,10,0.17391204833984375,688.0,17.2,688.0,17.2,0.0
N40_rate1p0_rep011_seed6470473193320912964,40,1.0,11,NP,,,1,1,initial_30s,0,0.006239891052246094,765.9999999999982,19.149999999999956,55.0,1.375,0.9281984334203653
N40_rate1p0_rep011_seed6470473193320912964,40,1.0,11,NP,,,1,1,initial_30s,1,30.011341094970703,766.0,19.15,280.0219291165099,7.000548227912748,0.634436123868786
N40_rate1p0_rep011_seed6470473193320912964,40,1.0,11,CHP,4,4,,,initial_30s,0,0.0005459785461425781,765.9999999999975,19.149999999999938,55.0,1.375,0.9281984334203653
N40_rate1p0_rep011_seed6470473193320912964,40,1.0,11,CHP,4,4,,,initial_30s,1,0.0015528202056884766,726.0,18.15,357.9999999999991,8.949999999999978,0.506887052341599
N40_rate1p0_rep011_seed6470473193320912964,40,1.0,11,PP,4,4,4,4,initial_30s,0,0.0012540817260742188,765.9999999999982,19.149999999999956,55.0,1.375,0.9281984334203653
N40_rate1p0_rep011_seed6470473193320912964,40,1.0,11,PP,4,4,4,4,initial_30s,1,0.06154608726501465,762.0,19.05,306.8555743699194,7.671389359247985,0.5973023958400008
N40_rate1p0_rep011_seed6470473193320912964,40,1.0,11,PP,4,4,4,4,initial_30s,2,0.10892200469970703,757.9999999999602,18.949999999999005,395.3886934902274,9.884717337255685,0.478379032334765
N40_rate1p0_rep011_seed6470473193320912964,40,1.0,11,PP,4,4,4,4,initial_30s,3,0.12289810180664062,725.9999999999557,18.14999999999889,473.89027338407544,11.847256834601886,0.3472585766059168
N40_rate1p0_rep011_seed6470473193320912964,40,1.0,11,PP,4,4,4,4,initial_30s,4,0.15291714668273926,726.0,18.15,725.9999999999557,18.14999999999889,6.107144175128134e-14
N40_rate1p0_rep012_seed9651909927256899904,40,1.0,12,NP,,,1,1,initial_30s,0,0.00656890869140625,654.9999999999981,16.37499999999995,38.0,0.95,0.9419847328244273
N40_rate1p0_rep012_seed9651909927256899904,40,1.0,12,NP,,,1,1,initial_30s,1,30.00453495979309,655.0,16.375,270.9123682390666,6.772809205976666,0.5863933309327227
N40_rate1p0_rep012_seed9651909927256899904,40,1.0,12,CHP,4,4,,,initial_30s,0,0.0005278587341308594,654.9999999999977,16.374999999999943,38.0,0.95,0.9419847328244273
N40_rate1p0_rep012_seed9651909927256899904,40,1.0,12,CHP,4,4,,,initial_30s,1,0.0024230480194091797,655.0,16.375,654.9999999999977,16.374999999999943,3.4713538235607947e-15
N40_rate1p0_rep012_seed9651909927256899904,40,1.0,12,PP,4,4,4,4,initial_30s,0,0.0021948814392089844,654.999999999998,16.37499999999995,38.0,0.95,0.9419847328244273
N40_rate1p0_rep012_seed9651909927256899904,40,1.0,12,PP,4,4,4,4,initial_30s,1,0.10380196571350098,655.0,16.375,654.999999999998,16.37499999999995,3.1242184412047152e-15
N40_rate1p0_rep013_seed5397271788929110089,40,1.0,13,NP,,,1,1,initial_30s,0,0.006819009780883789,723.9999999999981,18.09999999999995,48.0,1.2,0.9337016574585634
N40_rate1p0_rep013_seed5397271788929110089,40,1.0,13,NP,,,1,1,initial_30s,1,30.000780820846558,724.0,18.1,286.0604178021805,7.151510445054512,0.604888925687596
N40_rate1p0_rep013_seed5397271788929110089,40,1.0,13,CHP,4,4,,,initial_30s,0,0.0005180835723876953,723.9999999999968,18.09999999999992,48.0,1.2,0.9337016574585633
N40_rate1p0_rep013_seed5397271788929110089,40,1.0,13,CHP,4,4,,,initial_30s,1,0.0005710124969482422,683.999999999965,17.099999999999124,48.0,1.2,0.9298245614035052
N40_rate1p0_rep013_seed5397271788929110089,40,1.0,13,CHP,4,4,,,initial_30s,2,0.002830982208251953,684.0,17.1,683.999999999965,17.099999999999124,5.119231874014289e-14
N40_rate1p0_rep013_seed5397271788929110089,40,1.0,13,PP,4,4,4,4,initial_30s,0,0.0011799335479736328,723.999999999998,18.099999999999948,48.0,1.2,0.9337016574585634
N40_rate1p0_rep013_seed5397271788929110089,40,1.0,13,PP,4,4,4,4,initial_30s,1,0.009871959686279297,684.0,17.1,196.71180171853928,4.917795042963482,0.7124096466103227
N40_rate1p0_rep014_seed15017759528742427642,40,1.0,14,NP,,,1,1,initial_30s,0,0.006576061248779297,637.9999999999981,15.949999999999951,33.0,0.825,0.9482758620689654
N40_rate1p0_rep014_seed15017759528742427642,40,1.0,14,NP,,,1,1,initial_30s,1,30.00884699821472,638.0,15.95,253.65484259141908,6.341371064785477,0.6024218768159576
N40_rate1p0_rep014_seed15017759528742427642,40,1.0,14,CHP,4,4,,,initial_30s,0,0.0005490779876708984,637.9999999999982,15.949999999999955,33.0,0.825,0.9482758620689654
N40_rate1p0_rep014_seed15017759528742427642,40,1.0,14,CHP,4,4,,,initial_30s,1,0.002613067626953125,638.0,15.95,637.9999999999982,15.949999999999955,2.8510805698210915e-15
N40_rate1p0_rep014_seed15017759528742427642,40,1.0,14,PP,4,4,4,4,initial_30s,0,0.0011951923370361328,637.9999999999981,15.949999999999951,33.0,0.825,0.9482758620689654
N40_rate1p0_rep014_seed15017759528742427642,40,1.0,14,PP,4,4,4,4,initial_30s,1,0.10516905784606934,638.0,15.95,637.9999999999981,15.949999999999951,3.02927310543491e-15
N40_rate1p0_rep015_seed1314823985540140103,40,1.0,15,NP,,,1,1,initial_30s,0,0.006188154220581055,807.9999999999982,20.199999999999953,32.0,0.8,0.9603960396039604
N40_rate1p0_rep015_seed1314823985540140103,40,1.0,15,NP,,,1,1,initial_30s,1,0.04533505439758301,802.0000000000173,20.05000000000043,100.85139502145923,2.5212848755364807,0.8742501308959388
N40_rate1p0_rep015_seed1314823985540140103,40,1.0,15,NP,,,1,1,initial_30s,2,0.06656503677368164,794.0,19.85,108.40761535448712,2.710190383862178,0.8634664794024092
N40_rate1p0_rep015_seed1314823985540140103,40,1.0,15,NP,,,1,1,initial_30s,3,0.08157706260681152,773.9999999999486,19.349999999998715,108.50539873077503,2.712634968269376,0.8598121463426586
N40_rate1p0_rep015_seed1314823985540140103,40,1.0,15,NP,,,1,1,initial_30s,4,10.602310180664062,769.9999999999968,19.249999999999922,243.5822264910963,6.089555662277407,0.683659446115458
N40_rate1p0_rep015_seed1314823985540140103,40,1.0,15,NP,,,1,1,initial_30s,5,11.356173992156982,764.000000000005,19.100000000000126,243.5822264910963,6.089555662277407,0.6811750962158446
N40_rate1p0_rep015_seed1314823985540140103,40,1.0,15,NP,,,1,1,initial_30s,6,30.03816819190979,764.0,19.1,265.42340885582155,6.635585221395539,0.6525871611834797
N40_rate1p0_rep015_seed1314823985540140103,40,1.0,15,CHP,4,4,,,initial_30s,0,0.000514984130859375,807.9999999999964,20.19999999999991,32.0,0.8,0.9603960396039602
N40_rate1p0_rep015_seed1314823985540140103,40,1.0,15,CHP,4,4,,,initial_30s,1,0.0005750656127929688,738.9999999999325,18.47499999999831,32.0,0.8,0.9566982408660313
N40_rate1p0_rep015_seed1314823985540140103,40,1.0,15,CHP,4,4,,,initial_30s,2,0.0016579627990722656,700.9999999999643,17.524999999999107,296.54950251026014,7.413737562756504,0.5769621932806345
N40_rate1p0_rep015_seed1314823985540140103,40,1.0,15,CHP,4,4,,,initial_30s,3,0.0026750564575195312,701.0,17.525,700.9999999999643,17.524999999999107,5.092391875119463e-14
N40_rate1p0_rep015_seed1314823985540140103,40,1.0,15,PP,4,4,4,4,initial_30s,0,0.0011649131774902344,807.999999999998,20.19999999999995,32.0,0.8,0.9603960396039602
N40_rate1p0_rep015_seed1314823985540140103,40,1.0,15,PP,4,4,4,4,initial_30s,1,0.04324984550476074,803.0,20.075,307.1869158878468,7.67967289719617,0.6174509142118969
N40_rate1p0_rep015_seed1314823985540140103,40,1.0,15,PP,4,4,4,4,initial_30s,2,0.043382883071899414,798.9999999998436,19.97499999999609,307.1869158878468,7.67967289719617,0.6155357748586897
N40_rate1p0_rep015_seed1314823985540140103,40,1.0,15,PP,4,4,4,4,initial_30s,3,0.05391693115234375,775.0,19.375,307.1869158878468,7.67967289719617,0.6036297859511655
N40_rate1p0_rep015_seed1314823985540140103,40,1.0,15,PP,4,4,4,4,initial_30s,4,0.05501103401184082,764.9999999999757,19.124999999999392,328.16666666666583,8.204166666666646,0.5710239651415997
N40_rate1p0_rep015_seed1314823985540140103,40,1.0,15,PP,4,4,4,4,initial_30s,5,0.06648683547973633,750.9999999999991,18.774999999999977,352.3333333333317,8.808333333333293,0.5308477585441649
N40_rate1p0_rep015_seed1314823985540140103,40,1.0,15,PP,4,4,4,4,initial_30s,6,0.06652688980102539,748.9999999999527,18.72499999999882,352.3333333333317,8.808333333333293,0.5295950155762964
N40_rate1p0_rep015_seed1314823985540140103,40,1.0,15,PP,4,4,4,4,initial_30s,7,0.06665301322937012,732.9999999999984,18.32499999999996,354.7025029649288,8.86756257412322,0.5160948117804508
N40_rate1p0_rep015_seed1314823985540140103,40,1.0,15,PP,4,4,4,4,initial_30s,8,0.07699990272521973,716.9999999999436,17.92499999999859,443.5736110228506,11.089340275571265,0.38134782284116386
N40_rate1p0_rep015_seed1314823985540140103,40,1.0,15,PP,4,4,4,4,initial_30s,9,0.09477400779724121,712.9999999999818,17.824999999999545,472.999999999986,11.824999999999651,0.33660589060308826
N40_rate1p0_rep015_seed1314823985540140103,40,1.0,15,PP,4,4,4,4,initial_30s,10,0.0995798110961914,700.9999999999702,17.524999999999256,476.999999999985,11.924999999999624,0.3195435092724604
N40_rate1p0_rep015_seed1314823985540140103,40,1.0,15,PP,4,4,4,4,initial_30s,11,0.12114381790161133,701.0,17.525,700.9999999999702,17.524999999999256,4.2490658321060487e-14
N40_rate1p0_rep016_seed4422160859023242476,40,1.0,16,NP,,,1,1,initial_30s,0,0.007333040237426758,938.9999999999982,23.474999999999955,59.0,1.475,0.9371671991480297
N40_rate1p0_rep016_seed4422160859023242476,40,1.0,16,NP,,,1,1,initial_30s,1,0.02483391761779785,922.9999999999143,23.074999999997857,64.0,1.6,0.9306608884073608
N40_rate1p0_rep016_seed4422160859023242476,40,1.0,16,NP,,,1,1,initial_30s,2,0.08639407157897949,893.9999999995789,22.34999999998947,142.9653576987937,3.5741339424698424,0.8400834925068669
N40_rate1p0_rep016_seed4422160859023242476,40,1.0,16,NP,,,1,1,initial_30s,3,0.14650988578796387,892.9999999999447,22.324999999998617,150.54972584348025,3.7637431460870063,0.8314112812502916
N40_rate1p0_rep016_seed4422160859023242476,40,1.0,16,NP,,,1,1,initial_30s,4,0.14655303955078125,862.9999999999754,21.574999999999385,150.54972584348025,3.7637431460870063,0.8255507232404582
N40_rate1p0_rep016_seed4422160859023242476,40,1.0,16,NP,,,1,1,initial_30s,5,0.14657902717590332,851.9999999999839,21.299999999999596,150.54972584348025,3.7637431460870063,0.8232984438456771
N40_rate1p0_rep016_seed4422160859023242476,40,1.0,16,NP,,,1,1,initial_30s,6,0.17568087577819824,844.9999999999518,21.124999999998796,150.84883713775218,3.7712209284438045,0.8214806661091588
N40_rate1p0_rep016_seed4422160859023242476,40,1.0,16,NP,,,1,1,initial_30s,7,0.2437269687652588,758.9999999999764,18.974999999999408,160.99999999991434,4.024999999997858,0.7878787878788942
N40_rate1p0_rep016_seed4422160859023242476,40,1.0,16,NP,,,1,1,initial_30s,8,0.43025898933410645,754.99999999997,18.87499999999925,170.19939659754954,4.254984914938738,0.7745703356323757
N40_rate1p0_rep016_seed4422160859023242476,40,1.0,16,NP,,,1,1,initial_30s,9,0.4304180145263672,744.9999999999682,18.624999999999204,170.81096947137587,4.270274236784397,0.7707235309108951
N40_rate1p0_rep016_seed4422160859023242476,40,1.0,16,NP,,,1,1,initial_30s,10,0.49903106689453125,741.0,18.525,184.5579086115929,4.6139477152898225,0.7509339964755831
N40_rate1p0_rep016_seed4422160859023242476,40,1.0,16,NP,,,1,1,initial_30s,11,0.6258680820465088,739.0,18.475,184.5579086115929,4.6139477152898225,0.750259934219766
N40_rate1p0_rep016_seed4422160859023242476,40,1.0,16,NP,,,1,1,initial_30s,12,2.966049909591675,730.99999999988,18.274999999997,207.62126243023977,5.1905315607559945,0.7159763851843038
N40_rate1p0_rep016_seed4422160859023242476,40,1.0,16,NP,,,1,1,initial_30s,13,14.215654850006104,727.0000000000573,18.175000000001432,261.23642687453525,6.530910671863381,0.6406651624834736
N40_rate1p0_rep016_seed4422160859023242476,40,1.0,16,NP,,,1,1,initial_30s,14,19.74560785293579,721.000000000083,18.025000000002073,261.23642687453525,6.530910671863381,0.6376748587038763
N40_rate1p0_rep016_seed4422160859023242476,40,1.0,16,NP,,,1,1,initial_30s,15,21.32383108139038,714.999999999967,17.874999999999176,261.23642687453525,6.530910671863381,0.6346343680076262
N40_rate1p0_rep016_seed4422160859023242476,40,1.0,16,NP,,,1,1,initial_30s,16,25.38373899459839,706.9999999999861,17.674999999999653,267.0219378638601,6.675548446596503,0.6223169195702046
N40_rate1p0_rep016_seed4422160859023242476,40,1.0,16,NP,,,1,1,initial_30s,17,30.006635904312134,707.0,17.675,287.5376187212932,7.18844046803233,0.5932989834210846
N40_rate1p0_rep016_seed4422160859023242476,40,1.0,16,CHP,4,4,,,initial_30s,0,0.0006389617919921875,938.999999999998,23.474999999999948,59.0,1.475,0.9371671991480297
N40_rate1p0_rep016_seed4422160859023242476,40,1.0,16,CHP,4,4,,,initial_30s,1,0.0012030601501464844,699.0,17.475,59.0,1.475,0.9155937052932761
N40_rate1p0_rep016_seed4422160859023242476,40,1.0,16,PP,4,4,4,4,initial_30s,0,0.0013949871063232422,938.9999999999982,23.474999999999955,59.0,1.475,0.9371671991480297
N40_rate1p0_rep016_seed4422160859023242476,40,1.0,16,PP,4,4,4,4,initial_30s,1,0.002730846405029297,891.0,22.275,59.0,1.475,0.9337822671156004
N40_rate1p0_rep016_seed4422160859023242476,40,1.0,16,PP,4,4,4,4,initial_30s,2,0.003640890121459961,867.0,21.675,59.0,1.475,0.9319492502883506
N40_rate1p0_rep016_seed4422160859023242476,40,1.0,16,PP,4,4,4,4,initial_30s,3,0.0049419403076171875,847.0,21.175,99.0,2.475,0.8831168831168831
N40_rate1p0_rep016_seed4422160859023242476,40,1.0,16,PP,4,4,4,4,initial_30s,4,0.004998922348022461,813.0,20.325,99.0,2.475,0.8782287822878229
N40_rate1p0_rep016_seed4422160859023242476,40,1.0,16,PP,4,4,4,4,initial_30s,5,0.005799055099487305,810.9999999999891,20.27499999999973,459.00000000000045,11.475000000000012,0.4340320591861817
N40_rate1p0_rep016_seed4422160859023242476,40,1.0,16,PP,4,4,4,4,initial_30s,6,0.008455038070678711,787.0,19.675,459.00000000000045,11.475000000000012,0.4167725540025407
N40_rate1p0_rep016_seed4422160859023242476,40,1.0,16,PP,4,4,4,4,initial_30s,7,0.010849952697753906,758.9999999999989,18.974999999999973,459.00000000000045,11.475000000000012,0.3952569169960459
N40_rate1p0_rep016_seed4422160859023242476,40,1.0,16,PP,4,4,4,4,initial_30s,8,0.011072874069213867,734.9999999999422,18.374999999998558,459.00000000000045,11.475000000000012,0.375510204081583
N40_rate1p0_rep016_seed4422160859023242476,40,1.0,16,PP,4,4,4,4,initial_30s,9,0.01771092414855957,730.9999999999047,18.27499999999762,459.00000000000045,11.475000000000012,0.3720930232557315
N40_rate1p0_rep016_seed4422160859023242476,40,1.0,16,PP,4,4,4,4,initial_30s,10,0.017729997634887695,714.9999999999895,17.874999999999737,459.00000000000045,11.475000000000012,0.358041958041948
N40_rate1p0_rep016_seed4422160859023242476,40,1.0,16,PP,4,4,4,4,initial_30s,11,0.01774883270263672,710.9999999999941,17.774999999999853,459.00000000000045,11.475000000000012,0.35443037974682945
N40_rate1p0_rep016_seed4422160859023242476,40,1.0,16,PP,4,4,4,4,initial_30s,12,0.018834829330444336,698.9999999999281,17.474999999998204,459.00000000000045,11.475000000000012,0.34334763948491037
N40_rate1p0_rep016_seed4422160859023242476,40,1.0,16,PP,4,4,4,4,initial_30s,13,0.3436429500579834,699.0,17.475,698.9999999999281,17.474999999998204,1.0278981608020219e-13
N40_rate1p0_rep017_seed14565414505161210422,40,1.0,17,NP,,,1,1,initial_30s,0,0.010706186294555664,789.9999999999982,19.749999999999954,52.0,1.3,0.9341772151898733
N40_rate1p0_rep017_seed14565414505161210422,40,1.0,17,NP,,,1,1,initial_30s,1,13.285613059997559,770.99999999998,19.2749999999995,259.357703797519,6.483942594937974,0.6636086850875152
N40_rate1p0_rep017_seed14565414505161210422,40,1.0,17,NP,,,1,1,initial_30s,2,13.349021196365356,750.9999999997559,18.7749999999939,259.357703797519,6.483942594937974,0.6546501946769597
N40_rate1p0_rep017_seed14565414505161210422,40,1.0,17,NP,,,1,1,initial_30s,3,19.66757106781006,748.9999999998761,18.724999999996903,259.357703797519,6.483942594937974,0.6537280323130015
N40_rate1p0_rep017_seed14565414505161210422,40,1.0,17,NP,,,1,1,initial_30s,4,30.003693103790283,749.0,18.725,281.98434524083666,7.0496086310209165,0.6235188982098309
N40_rate1p0_rep017_seed14565414505161210422,40,1.0,17,CHP,4,4,,,initial_30s,0,0.0006899833679199219,789.9999999999964,19.749999999999908,52.0,1.3,0.9341772151898731
N40_rate1p0_rep017_seed14565414505161210422,40,1.0,17,CHP,4,4,,,initial_30s,1,0.0007638931274414062,788.9999999999411,19.724999999998527,52.0,1.3,0.9340937896070927
N40_rate1p0_rep017_seed14565414505161210422,40,1.0,17,CHP,4,4,,,initial_30s,2,0.0024368762969970703,755.0,18.875,157.99999999999932,3.949999999999983,0.790728476821193
N40_rate1p0_rep017_seed14565414505161210422,40,1.0,17,PP,4,4,4,4,initial_30s,0,0.0012831687927246094,789.9999999999982,19.749999999999954,52.0,1.3,0.9341772151898733
N40_rate1p0_rep017_seed14565414505161210422,40,1.0,17,PP,4,4,4,4,initial_30s,1,0.1733570098876953,788.9999999999764,19.724999999999408,483.50081292471486,12.087520323117872,0.38719795573545074
N40_rate1p0_rep017_seed14565414505161210422,40,1.0,17,PP,4,4,4,4,initial_30s,2,0.17391419410705566,755.0,18.875,483.50081292471486,12.087520323117872,0.3596015722851459
N40_rate1p0_rep018_seed5368447335565891007,40,1.0,18,NP,,,1,1,initial_30s,0,0.011449098587036133,872.9999999999982,21.824999999999953,44.0,1.1,0.949599083619702
N40_rate1p0_rep018_seed5368447335565891007,40,1.0,18,NP,,,1,1,initial_30s,1,0.0437769889831543,864.9999999999263,21.62499999999816,112.77866443569866,2.8194666108924666,0.8696200411147882
N40_rate1p0_rep018_seed5368447335565891007,40,1.0,18,NP,,,1,1,initial_30s,2,0.11920309066772461,836.9999999997262,20.924999999993155,125.30110355541838,3.1325275888854596,0.8502973673172528
N40_rate1p0_rep018_seed5368447335565891007,40,1.0,18,NP,,,1,1,initial_30s,3,0.20514917373657227,831.9999999999402,20.799999999998505,135.15569766838246,3.3788924417095614,0.837553247994721
N40_rate1p0_rep018_seed5368447335565891007,40,1.0,18,NP,,,1,1,initial_30s,4,0.25211501121520996,829.999999999914,20.74999999999785,137.99999999994196,3.449999999998549,0.8337349397590887
N40_rate1p0_rep018_seed5368447335565891007,40,1.0,18,NP,,,1,1,initial_30s,5,0.2594339847564697,827.9999999998552,20.69999999999638,138.99999999990865,3.474999999997716,0.8321256038648154
N40_rate1p0_rep018_seed5368447335565891007,40,1.0,18,NP,,,1,1,initial_30s,6,0.3000211715698242,822.9999999998317,20.574999999995793,141.99999999991292,3.549999999997823,0.8274605103281386
N40_rate1p0_rep018_seed5368447335565891007,40,1.0,18,NP,,,1,1,initial_30s,7,0.5178442001342773,786.999999999914,19.67499999999785,150.49163977406394,3.7622909943515985,0.8087780943150186
N40_rate1p0_rep018_seed5368447335565891007,40,1.0,18,NP,,,1,1,initial_30s,8,0.617124080657959,783.0,19.575,150.49163977406394,3.7622909943515985,0.8078012263421916
N40_rate1p0_rep018_seed5368447335565891007,40,1.0,18,NP,,,1,1,initial_30s,9,1.1869041919708252,745.9999999999843,18.649999999999608,160.7750853384778,4.019377133461945,0.7844837998143684
N40_rate1p0_rep018_seed5368447335565891007,40,1.0,18,NP,,,1,1,initial_30s,10,1.279745101928711,743.0,18.575,161.67970638372424,4.041992659593106,0.7823960883126188
N40_rate1p0_rep018_seed5368447335565891007,40,1.0,18,NP,,,1,1,initial_30s,11,30.005131006240845,743.0,18.575,268.26319394114176,6.706579848528544,0.6389459031747755
N40_rate1p0_rep018_seed5368447335565891007,40,1.0,18,CHP,4,4,,,initial_30s,0,0.0006730556488037109,872.9999999999977,21.824999999999942,44.0,1.1,0.949599083619702
N40_rate1p0_rep018_seed5368447335565891007,40,1.0,18,CHP,4,4,,,initial_30s,1,0.0007650852203369141,805.9999999999213,20.149999999998034,44.0,1.1,0.9454094292803917
N40_rate1p0_rep018_seed5368447335565891007,40,1.0,18,CHP,4,4,,,initial_30s,2,0.0015320777893066406,693.0,17.325,128.9999999999951,3.224999999999878,0.8138528138528209
N40_rate1p0_rep018_seed5368447335565891007,40,1.0,18,CHP,4,4,,,initial_30s,3,0.0019459724426269531,687.0,17.175,313.1829956366157,7.829574890915393,0.5441295551140964
N40_rate1p0_rep018_seed5368447335565891007,40,1.0,18,PP,4,4,4,4,initial_30s,0,0.001355886459350586,872.9999999999982,21.824999999999953,44.0,1.1,0.949599083619702
N40_rate1p0_rep018_seed5368447335565891007,40,1.0,18,PP,4,4,4,4,initial_30s,1,0.013283014297485352,840.9999999995975,21.024999999989937,204.93698620141015,5.123424655035254,0.7563174955986822
N40_rate1p0_rep018_seed5368447335565891007,40,1.0,18,PP,4,4,4,4,initial_30s,2,0.02243804931640625,838.999999999699,20.974999999992473,216.3095632461775,5.407739081154437,0.7421816886218652
N40_rate1p0_rep018_seed5368447335565891007,40,1.0,18,PP,4,4,4,4,initial_30s,3,0.022459983825683594,834.9999999997583,20.874999999993957,216.3095632461775,5.407739081154437,0.7409466308428262
N40_rate1p0_rep018_seed5368447335565891007,40,1.0,18,PP,4,4,4,4,initial_30s,4,0.03012990951538086,830.9999999998729,20.774999999996822,249.99999999997726,6.249999999999432,0.6991576413958899
N40_rate1p0_rep018_seed5368447335565891007,40,1.0,18,PP,4,4,4,4,initial_30s,5,0.03173208236694336,798.999999999895,19.974999999997372,249.99999999997726,6.249999999999432,0.6871088861076219
N40_rate1p0_rep018_seed5368447335565891007,40,1.0,18,PP,4,4,4,4,initial_30s,6,0.041152000427246094,790.999999999874,19.77499999999685,272.9999999999835,6.824999999999588,0.654867256637134
N40_rate1p0_rep018_seed5368447335565891007,40,1.0,18,PP,4,4,4,4,initial_30s,7,0.041246891021728516,777.999999999869,19.449999999996727,272.9999999999835,6.824999999999588,0.6491002570693709
N40_rate1p0_rep018_seed5368447335565891007,40,1.0,18,PP,4,4,4,4,initial_30s,8,0.041342973709106445,774.9999999998684,19.37499999999671,272.9999999999835,6.824999999999588,0.6477419354838324
N40_rate1p0_rep018_seed5368447335565891007,40,1.0,18,PP,4,4,4,4,initial_30s,9,0.05479097366333008,772.9999999998054,19.324999999995136,272.9999999999835,6.824999999999588,0.6468305304009674
N40_rate1p0_rep018_seed5368447335565891007,40,1.0,18,PP,4,4,4,4,initial_30s,10,0.05483293533325195,764.9999999999136,19.12499999999784,272.9999999999835,6.824999999999588,0.6431372549019421
N40_rate1p0_rep018_seed5368447335565891007,40,1.0,18,PP,4,4,4,4,initial_30s,11,0.05486702919006348,762.9999999999295,19.074999999998237,272.9999999999835,6.824999999999588,0.6422018348623739
N40_rate1p0_rep018_seed5368447335565891007,40,1.0,18,PP,4,4,4,4,initial_30s,12,0.06143307685852051,738.9999999999591,18.47499999999898,272.9999999999835,6.824999999999588,0.6305818673883645
N40_rate1p0_rep018_seed5368447335565891007,40,1.0,18,PP,4,4,4,4,initial_30s,13,0.061514854431152344,736.9999999999472,18.424999999998683,272.9999999999835,6.824999999999588,0.6295793758480284
N40_rate1p0_rep018_seed5368447335565891007,40,1.0,18,PP,4,4,4,4,initial_30s,14,0.06155085563659668,734.9999999999188,18.37499999999797,272.9999999999835,6.824999999999588,0.62857142857141
N40_rate1p0_rep018_seed5368447335565891007,40,1.0,18,PP,4,4,4,4,initial_30s,15,0.061575889587402344,722.999999999942,18.07499999999855,272.9999999999835,6.824999999999588,0.622406639004142
N40_rate1p0_rep018_seed5368447335565891007,40,1.0,18,PP,4,4,4,4,initial_30s,16,0.06164097785949707,710.9999999999693,17.77499999999923,272.9999999999835,6.824999999999588,0.6160337552742682
N40_rate1p0_rep018_seed5368447335565891007,40,1.0,18,PP,4,4,4,4,initial_30s,17,0.07262396812438965,702.99999999997,17.57499999999925,320.0440593795971,8.001101484489928,0.5447452924898851
N40_rate1p0_rep018_seed5368447335565891007,40,1.0,18,PP,4,4,4,4,initial_30s,18,0.07297897338867188,700.9999999999584,17.52499999999896,324.90188172042855,8.122547043010714,0.536516573865267
N40_rate1p0_rep018_seed5368447335565891007,40,1.0,18,PP,4,4,4,4,initial_30s,19,0.09463095664978027,693.0,17.325,418.50761904761913,10.462690476190478,0.3960929018071874
N40_rate1p0_rep018_seed5368447335565891007,40,1.0,18,PP,4,4,4,4,initial_30s,20,0.13742399215698242,690.9999999999727,17.274999999999316,456.99999999999255,11.424999999999814,0.338639652677264
N40_rate1p0_rep018_seed5368447335565891007,40,1.0,18,PP,4,4,4,4,initial_30s,21,0.14606404304504395,686.9999999998838,17.174999999997095,463.99999999999227,11.599999999999806,0.3245997088790819
N40_rate1p0_rep018_seed5368447335565891007,40,1.0,18,PP,4,4,4,4,initial_30s,22,0.18714690208435059,687.0,17.175,686.9999999998838,17.174999999997095,1.691236508755336e-13
N40_rate1p0_rep019_seed4424395232977576567,40,1.0,19,NP,,,1,1,initial_30s,0,0.0067179203033447266,799.9999999999982,19.999999999999954,41.0,1.025,0.9487499999999999
N40_rate1p0_rep019_seed4424395232977576567,40,1.0,19,NP,,,1,1,initial_30s,1,0.02099299430847168,778.9999999999168,19.47499999999792,41.0,1.025,0.947368421052626
N40_rate1p0_rep019_seed4424395232977576567,40,1.0,19,NP,,,1,1,initial_30s,2,0.08816289901733398,757.9999999996057,18.949999999990144,123.6844872165873,3.0921121804146825,0.8368278532761853
N40_rate1p0_rep019_seed4424395232977576567,40,1.0,19,NP,,,1,1,initial_30s,3,0.5250768661499023,753.9999999997976,18.849999999994942,155.90205847543896,3.897551461885974,0.7932333441969751
N40_rate1p0_rep019_seed4424395232977576567,40,1.0,19,NP,,,1,1,initial_30s,4,1.790971040725708,749.9999999998058,18.749999999995147,169.69515833926982,4.242378958481746,0.773739788880915
N40_rate1p0_rep019_seed4424395232977576567,40,1.0,19,NP,,,1,1,initial_30s,5,1.8178319931030273,745.999999999769,18.649999999994225,169.69515833926982,4.242378958481746,0.7725265974003721
N40_rate1p0_rep019_seed4424395232977576567,40,1.0,19,NP,,,1,1,initial_30s,6,30.008586883544922,746.0,18.65,262.8380416456095,6.570951041140238,0.6476701854616495
N40_rate1p0_rep019_seed4424395232977576567,40,1.0,19,CHP,4,4,,,initial_30s,0,0.0005958080291748047,799.9999999999977,19.999999999999943,41.0,1.025,0.9487499999999999
N40_rate1p0_rep019_seed4424395232977576567,40,1.0,19,CHP,4,4,,,initial_30s,1,0.0006628036499023438,753.9999999999527,18.84999999999882,41.0,1.025,0.9456233421750629
N40_rate1p0_rep019_seed4424395232977576567,40,1.0,19,CHP,4,4,,,initial_30s,2,0.0017628669738769531,719.999999999975,17.999999999999375,299.7419236864482,7.493548092161205,0.5836917726576963
N40_rate1p0_rep019_seed4424395232977576567,40,1.0,19,CHP,4,4,,,initial_30s,3,0.002797842025756836,720.0,18.0,719.999999999975,17.999999999999375,3.473764485938268e-14
N40_rate1p0_rep019_seed4424395232977576567,40,1.0,19,PP,4,4,4,4,initial_30s,0,0.0024929046630859375,799.9999999999982,19.999999999999954,41.0,1.025,0.9487499999999999
N40_rate1p0_rep019_seed4424395232977576567,40,1.0,19,PP,4,4,4,4,initial_30s,1,0.025168895721435547,795.9999999999504,19.899999999998762,294.99999999999227,7.374999999999806,0.6293969849246097
N40_rate1p0_rep019_seed4424395232977576567,40,1.0,19,PP,4,4,4,4,initial_30s,2,0.026352882385253906,791.9999999998872,19.79999999999718,295.9999999999792,7.39999999999948,0.6262626262625993
N40_rate1p0_rep019_seed4424395232977576567,40,1.0,19,PP,4,4,4,4,initial_30s,3,0.0263669490814209,759.9999999999502,18.999999999998757,295.9999999999792,7.39999999999948,0.6105263157894756
N40_rate1p0_rep019_seed4424395232977576567,40,1.0,19,PP,4,4,4,4,initial_30s,4,0.039227962493896484,747.9999999999802,18.699999999999505,295.9999999999792,7.39999999999948,0.6042780748663276
N40_rate1p0_rep019_seed4424395232977576567,40,1.0,19,PP,4,4,4,4,initial_30s,5,0.04727888107299805,735.999999999982,18.39999999999955,295.9999999999792,7.39999999999948,0.5978260869565402
N40_rate1p0_rep019_seed4424395232977576567,40,1.0,19,PP,4,4,4,4,initial_30s,6,0.06944584846496582,727.9999999999677,18.199999999999193,411.9999999999899,10.299999999999747,0.43406593406592286
N40_rate1p0_rep019_seed4424395232977576567,40,1.0,19,PP,4,4,4,4,initial_30s,7,0.06947493553161621,719.9999999999677,17.999999999999194,411.9999999999899,10.299999999999747,0.42777777777776615
N40_rate1p0_rep019_seed4424395232977576567,40,1.0,19,PP,4,4,4,4,initial_30s,8,0.14131879806518555,720.0,18.0,719.9999999999677,17.999999999999194,4.4843141545748544e-14
