scenario,replication,target_dimension_reduction,raw_target_ordering_budget,target_ordering_budget,method_family,method_detail,N,L,counts,demand_pattern,arrival_mode,hF,hS,max_platoon_size,partition,total_platoons,platoons_by_approach,ordering_variables,vehicle_level_ordering_variables,dimension_reduction_fraction,scaled_indexed_bound,indexed_bound,actual_average_gap,actual_gap_le_indexed_bound,vehicle_level_average_delay,vehicle_level_status,vehicle_level_mip_gap,vehicle_level_nodes,vehicle_level_time_to_first_feasible,vehicle_level_model_construction_seconds,vehicle_level_downstream_optimization_seconds,vehicle_level_wall_time_seconds,objective_average_delay,status,mip_gap,nodes,time_to_first_feasible,partition_time_seconds,partition_model_construction_seconds,partition_optimization_seconds,model_construction_seconds,downstream_optimization_seconds,end_to_end_seconds,batch
N20_L4_balanced_poisson_hS2,0,0.25,112,112,proposed_bound_aware,min_Bidx_under_C_budget,20,4,"[5, 5, 5, 5]",balanced,poisson,1,2,4,"[[2, 2, 1], [1, 1, 1, 2], [4, 1], [1, 3, 1]]",12,"[3, 4, 2, 3]",53,150,0.6466666666666666,0,0.0,,,,TIME_LIMIT,0.23125663466848073,63379.0,0.0020859241485595703,0.014497675001621246,30.000228881835938,30.014795765280724,5.1,OPTIMAL,0.0,2469.0,0.0008349418640136719,0.00729798711836338,0.0050219884142279625,0.002183198928833008,0.004097761586308479,0.24754786491394043,0.2589912423864007,N20_L4_balanced_poisson_hS2
N20_L4_balanced_poisson_hS2,0,0.25,112,112,fixed_size_closest_dimension,fixed_size_2,20,4,"[5, 5, 5, 5]",balanced,poisson,1,2,4,"[[2, 2, 1], [2, 2, 1], [2, 2, 1], [2, 2, 1]]",12,"[3, 3, 3, 3]",54,150,0.64,163,8.15,,,,TIME_LIMIT,0.23125663466848073,63379.0,0.0020859241485595703,0.014497675001621246,30.000228881835938,30.014795765280724,5.1,OPTIMAL,0.0,1449.0,0.0007560253143310547,4.7662295401096344e-05,4.7662295401096344e-05,0.0,0.0047241877764463425,0.14606809616088867,0.150884629227221,N20_L4_balanced_poisson_hS2
N20_L4_balanced_poisson_hS2,0,0.25,112,112,threshold_closest_dimension,release_gap_threshold_1,20,4,"[5, 5, 5, 5]",balanced,poisson,1,2,4,"[[2, 2, 1], [1, 1, 1, 2], [4, 1], [1, 3, 1]]",12,"[3, 4, 2, 3]",53,150,0.6466666666666666,0,0.0,,,,TIME_LIMIT,0.23125663466848073,63379.0,0.0020859241485595703,0.014497675001621246,30.000228881835938,30.014795765280724,5.1,OPTIMAL,0.0,2469.0,0.0007841587066650391,9.185727685689926e-05,9.185727685689926e-05,0.0,0.004391205497086048,0.24589204788208008,0.25041893869638443,N20_L4_balanced_poisson_hS2
N20_L4_balanced_poisson_hS2,0,0.5,75,75,proposed_bound_aware,min_Bidx_under_C_budget,20,4,"[5, 5, 5, 5]",balanced,poisson,1,2,4,"[[2, 2, 1], [1, 1, 1, 2], [4, 1], [1, 3, 1]]",12,"[3, 4, 2, 3]",53,150,0.6466666666666666,0,0.0,,,,TIME_LIMIT,0.23125663466848073,63379.0,0.0020859241485595703,0.014497675001621246,30.000228881835938,30.014795765280724,5.1,OPTIMAL,0.0,2469.0,0.00080108642578125,0.007839015685021877,0.0056639183312654495,0.002089977264404297,0.004539339803159237,0.24726510047912598,0.25968788750469685,N20_L4_balanced_poisson_hS2
N20_L4_balanced_poisson_hS2,0,0.5,75,75,fixed_size_closest_dimension,fixed_size_2,20,4,"[5, 5, 5, 5]",balanced,poisson,1,2,4,"[[2, 2, 1], [2, 2, 1], [2, 2, 1], [2, 2, 1]]",12,"[3, 3, 3, 3]",54,150,0.64,163,8.15,,,,TIME_LIMIT,0.23125663466848073,63379.0,0.0020859241485595703,0.014497675001621246,30.000228881835938,30.014795765280724,5.1,OPTIMAL,0.0,1449.0,0.0007641315460205078,5.1448121666908264e-05,5.1448121666908264e-05,0.0,0.004879963584244251,0.14698314666748047,0.15195956360548735,N20_L4_balanced_poisson_hS2
N20_L4_balanced_poisson_hS2,0,0.5,75,75,threshold_closest_dimension,release_gap_threshold_1,20,4,"[5, 5, 5, 5]",balanced,poisson,1,2,4,"[[2, 2, 1], [1, 1, 1, 2], [4, 1], [1, 3, 1]]",12,"[3, 4, 2, 3]",53,150,0.6466666666666666,0,0.0,,,,TIME_LIMIT,0.23125663466848073,63379.0,0.0020859241485595703,0.014497675001621246,30.000228881835938,30.014795765280724,5.1,OPTIMAL,0.0,2469.0,0.0007870197296142578,8.356571197509766e-05,8.356571197509766e-05,0.0,0.004739291034638882,0.246596097946167,0.25146415922790766,N20_L4_balanced_poisson_hS2
N20_L4_balanced_poisson_hS2,0,0.75,38,38,proposed_bound_aware,min_Bidx_under_C_budget,20,4,"[5, 5, 5, 5]",balanced,poisson,1,2,4,"[[2, 3], [1, 1, 3], [4, 1], [1, 3, 1]]",10,"[2, 3, 2, 3]",37,150,0.7533333333333333,29,1.45,,,,TIME_LIMIT,0.23125663466848073,63379.0,0.0020859241485595703,0.014497675001621246,30.000228881835938,30.014795765280724,5.1,OPTIMAL,0.0,909.0,0.0006859302520751953,0.00761748943477869,0.005734354257583618,0.0017938613891601562,0.004228018224239349,0.09979701042175293,0.11168572027236223,N20_L4_balanced_poisson_hS2
N20_L4_balanced_poisson_hS2,0,0.75,38,38,fixed_size_closest_dimension,fixed_size_3,20,4,"[5, 5, 5, 5]",balanced,poisson,1,2,4,"[[3, 2], [3, 2], [3, 2], [3, 2]]",8,"[2, 2, 2, 2]",24,150,0.84,290,14.5,,,,TIME_LIMIT,0.23125663466848073,63379.0,0.0020859241485595703,0.014497675001621246,30.000228881835938,30.014795765280724,5.3,OPTIMAL,0.0,135.0,0.00016689300537109375,3.8047321140766144e-05,3.8047321140766144e-05,0.0,0.004328309558331966,0.02893686294555664,0.03335202392190695,N20_L4_balanced_poisson_hS2
N20_L4_balanced_poisson_hS2,0,0.75,38,38,threshold_closest_dimension,release_gap_threshold_2,20,4,"[5, 5, 5, 5]",balanced,poisson,1,2,4,"[[2, 3], [1, 4], [4, 1], [1, 3, 1]]",9,"[2, 2, 2, 3]",30,150,0.8,45,2.25,,,,TIME_LIMIT,0.23125663466848073,63379.0,0.0020859241485595703,0.014497675001621246,30.000228881835938,30.014795765280724,5.1,OPTIMAL,0.0,509.0,0.0001811981201171875,2.6510097086429596e-05,2.6510097086429596e-05,0.0,0.0036124978214502335,0.0573420524597168,0.06102360412478447,N20_L4_balanced_poisson_hS2
N20_L4_balanced_poisson_hS2,0,0.9,15,24,proposed_bound_aware,min_Bidx_under_C_budget,20,4,"[5, 5, 5, 5]",balanced,poisson,1,2,4,"[[2, 3], [1, 4], [4, 1], [4, 1]]",8,"[2, 2, 2, 2]",24,150,0.84,81,4.05,,,,TIME_LIMIT,0.23125663466848073,63379.0,0.0020859241485595703,0.014497675001621246,30.000228881835938,30.014795765280724,5.1,OPTIMAL,0.0,202.0,0.0005900859832763672,0.00676397979259491,0.005223331972956657,0.0014591217041015625,0.004302029497921467,0.03156113624572754,0.04267031233757734,N20_L4_balanced_poisson_hS2
N20_L4_balanced_poisson_hS2,0,0.9,15,24,fixed_size_closest_dimension,fixed_size_3,20,4,"[5, 5, 5, 5]",balanced,poisson,1,2,4,"[[3, 2], [3, 2], [3, 2], [3, 2]]",8,"[2, 2, 2, 2]",24,150,0.84,290,14.5,,,,TIME_LIMIT,0.23125663466848073,63379.0,0.0020859241485595703,0.014497675001621246,30.000228881835938,30.014795765280724,5.3,OPTIMAL,0.0,135.0,0.00017786026000976562,4.731118679046631e-05,4.731118679046631e-05,0.0,0.004977600648999214,0.02956080436706543,0.03464316390454769,N20_L4_balanced_poisson_hS2
N20_L4_balanced_poisson_hS2,0,0.9,15,24,threshold_closest_dimension,release_gap_threshold_3,20,4,"[5, 5, 5, 5]",balanced,poisson,1,2,4,"[[2, 3], [1, 4], [4, 1], [4, 1]]",8,"[2, 2, 2, 2]",24,150,0.84,81,4.05,,,,TIME_LIMIT,0.23125663466848073,63379.0,0.0020859241485595703,0.014497675001621246,30.000228881835938,30.014795765280724,5.1,OPTIMAL,0.0,202.0,0.0007119178771972656,9.959004819393158e-05,9.959004819393158e-05,0.0,0.004907215014100075,0.03199291229248047,0.03705709055066109,N20_L4_balanced_poisson_hS2
N20_L4_balanced_poisson_hS2,1,0.25,112,112,proposed_bound_aware,min_Bidx_under_C_budget,20,4,"[5, 5, 5, 5]",balanced,poisson,1,2,4,"[[2, 3], [3, 2], [4, 1], [1, 1, 1, 1, 1]]",11,"[2, 2, 2, 5]",42,150,0.72,0,0.0,,,,TIME_LIMIT,0.3162010495935935,62421.0,0.0013780593872070312,0.006587304174900055,30.00021505355835,30.006857414729893,5.9,OPTIMAL,0.0,1846.0,0.0007419586181640625,0.006910220719873905,0.005032463930547237,0.0017881393432617188,0.004358375445008278,0.1731250286102295,0.1844412935897708,N20_L4_balanced_poisson_hS2
N20_L4_balanced_poisson_hS2,1,0.25,112,112,fixed_size_closest_dimension,fixed_size_2,20,4,"[5, 5, 5, 5]",balanced,poisson,1,2,4,"[[2, 2, 1], [2, 2, 1], [2, 2, 1], [2, 2, 1]]",12,"[3, 3, 3, 3]",54,150,0.64,119,5.95,,,,TIME_LIMIT,0.3162010495935935,62421.0,0.0013780593872070312,0.006587304174900055,30.00021505355835,30.006857414729893,5.9,OPTIMAL,0.0,2779.0,0.0007460117340087891,3.993045538663864e-05,3.993045538663864e-05,0.0,0.0052016302943229675,0.2578160762786865,0.26310461200773716,N20_L4_balanced_poisson_hS2
N20_L4_balanced_poisson_hS2,1,0.25,112,112,threshold_closest_dimension,release_gap_threshold_0,20,4,"[5, 5, 5, 5]",balanced,poisson,1,2,4,"[[1, 1, 2, 1], [3, 1, 1], [1, 2, 1, 1], [1, 1, 1, 1, 1]]",16,"[4, 3, 4, 5]",95,150,0.36666666666666664,0,0.0,,,,TIME_LIMIT,0.3162010495935935,62421.0,0.0013780593872070312,0.006587304174900055,30.00021505355835,30.006857414729893,5.9,OPTIMAL,0.0,22941.0,0.0010378360748291016,7.88988545536995e-05,7.88988545536995e-05,0.0,0.0059340763837099075,6.594015836715698,6.600080017931759,N20_L4_balanced_poisson_hS2
N20_L4_balanced_poisson_hS2,1,0.5,75,75,proposed_bound_aware,min_Bidx_under_C_budget,20,4,"[5, 5, 5, 5]",balanced,poisson,1,2,4,"[[2, 3], [3, 2], [4, 1], [1, 1, 1, 1, 1]]",11,"[2, 2, 2, 5]",42,150,0.72,0,0.0,,,,TIME_LIMIT,0.3162010495935935,62421.0,0.0013780593872070312,0.006587304174900055,30.00021505355835,30.006857414729893,5.9,OPTIMAL,0.0,1846.0,0.0007228851318359375,0.0075196316465735435,0.005865633487701416,0.0015652179718017578,0.004750256426632404,0.17357683181762695,0.18589292746037245,N20_L4_balanced_poisson_hS2
N20_L4_balanced_poisson_hS2,1,0.5,75,75,fixed_size_closest_dimension,fixed_size_2,20,4,"[5, 5, 5, 5]",balanced,poisson,1,2,4,"[[2, 2, 1], [2, 2, 1], [2, 2, 1], [2, 2, 1]]",12,"[3, 3, 3, 3]",54,150,0.64,119,5.95,,,,TIME_LIMIT,0.3162010495935935,62421.0,0.0013780593872070312,0.006587304174900055,30.00021505355835,30.006857414729893,5.9,OPTIMAL,0.0,2779.0,0.0007529258728027344,3.8928352296352386e-05,3.8928352296352386e-05,0.0,0.0045271096751093864,0.25669002532958984,0.26130001433193684,N20_L4_balanced_poisson_hS2
N20_L4_balanced_poisson_hS2,1,0.5,75,75,threshold_closest_dimension,release_gap_threshold_1,20,4,"[5, 5, 5, 5]",balanced,poisson,1,2,4,"[[2, 3], [3, 2], [4, 1], [1, 1, 1, 1, 1]]",11,"[2, 2, 2, 5]",42,150,0.72,0,0.0,,,,TIME_LIMIT,0.3162010495935935,62421.0,0.0013780593872070312,0.006587304174900055,30.00021505355835,30.006857414729893,5.9,OPTIMAL,0.0,1846.0,0.0006990432739257812,7.785670459270477e-05,7.785670459270477e-05,0.0,0.004685910418629646,0.1796889305114746,0.18449586536735296,N20_L4_balanced_poisson_hS2
N20_L4_balanced_poisson_hS2,1,0.75,38,38,proposed_bound_aware,min_Bidx_under_C_budget,20,4,"[5, 5, 5, 5]",balanced,poisson,1,2,4,"[[2, 3], [3, 2], [4, 1], [1, 2, 1, 1]]",10,"[2, 2, 2, 4]",36,150,0.76,16,0.8,,,,TIME_LIMIT,0.3162010495935935,62421.0,0.0013780593872070312,0.006587304174900055,30.00021505355835,30.006857414729893,5.9,OPTIMAL,0.0,1210.0,0.00067901611328125,0.005951241590082645,0.004381230100989342,0.0014801025390625,0.003987344913184643,0.09311604499816895,0.10309760645031929,N20_L4_balanced_poisson_hS2
N20_L4_balanced_poisson_hS2,1,0.75,38,38,fixed_size_closest_dimension,fixed_size_3,20,4,"[5, 5, 5, 5]",balanced,poisson,1,2,4,"[[3, 2], [3, 2], [3, 2], [3, 2]]",8,"[2, 2, 2, 2]",24,150,0.84,235,11.75,,,,TIME_LIMIT,0.3162010495935935,62421.0,0.0013780593872070312,0.006587304174900055,30.00021505355835,30.006857414729893,6.5,OPTIMAL,0.0,229.0,0.0005419254302978516,3.7525780498981476e-05,3.7525780498981476e-05,0.0,0.004495042376220226,0.03528904914855957,0.03986479248851538,N20_L4_balanced_poisson_hS2
N20_L4_balanced_poisson_hS2,1,0.75,38,38,threshold_closest_dimension,release_gap_threshold_2,20,4,"[5, 5, 5, 5]",balanced,poisson,1,2,4,"[[2, 3], [3, 2], [4, 1], [1, 2, 1, 1]]",10,"[2, 2, 2, 4]",36,150,0.76,16,0.8,,,,TIME_LIMIT,0.3162010495935935,62421.0,0.0013780593872070312,0.006587304174900055,30.00021505355835,30.006857414729893,5.9,OPTIMAL,0.0,1210.0,0.0006630420684814453,7.580500096082687e-05,7.580500096082687e-05,0.0,0.004295931197702885,0.09288716316223145,0.09730325173586607,N20_L4_balanced_poisson_hS2
N20_L4_balanced_poisson_hS2,1,0.9,15,24,proposed_bound_aware,min_Bidx_under_C_budget,20,4,"[5, 5, 5, 5]",balanced,poisson,1,2,4,"[[2, 3], [3, 2], [4, 1], [1, 4]]",8,"[2, 2, 2, 2]",24,150,0.84,78,3.9,,,,TIME_LIMIT,0.3162010495935935,62421.0,0.0013780593872070312,0.006587304174900055,30.00021505355835,30.006857414729893,5.9,OPTIMAL,0.0,289.0,0.0006840229034423828,0.007768216542899609,0.0056835683062672615,0.0019910335540771484,0.0036862893030047417,0.03575396537780762,0.0472621014341712,N20_L4_balanced_poisson_hS2
N20_L4_balanced_poisson_hS2,1,0.9,15,24,fixed_size_closest_dimension,fixed_size_3,20,4,"[5, 5, 5, 5]",balanced,poisson,1,2,4,"[[3, 2], [3, 2], [3, 2], [3, 2]]",8,"[2, 2, 2, 2]",24,150,0.84,235,11.75,,,,TIME_LIMIT,0.3162010495935935,62421.0,0.0013780593872070312,0.006587304174900055,30.00021505355835,30.006857414729893,6.5,OPTIMAL,0.0,229.0,0.0005400180816650391,1.3921409845352173e-05,1.3921409845352173e-05,0.0,0.0035232538357377052,0.035653114318847656,0.039234042167663574,N20_L4_balanced_poisson_hS2
N20_L4_balanced_poisson_hS2,1,0.9,15,24,threshold_closest_dimension,release_gap_threshold_3,20,4,"[5, 5, 5, 5]",balanced,poisson,1,2,4,"[[2, 3], [4, 1], [4, 1], [1, 4]]",8,"[2, 2, 2, 2]",24,150,0.84,110,5.5,,,,TIME_LIMIT,0.3162010495935935,62421.0,0.0013780593872070312,0.006587304174900055,30.00021505355835,30.006857414729893,5.9,OPTIMAL,0.0,345.0,0.00015401840209960938,7.627531886100769e-05,7.627531886100769e-05,0.0,0.004737879149615765,0.03445696830749512,0.03932889457792044,N20_L4_balanced_poisson_hS2
N20_L4_balanced_poisson_hS2,2,0.25,112,112,proposed_bound_aware,min_Bidx_under_C_budget,20,4,"[5, 5, 5, 5]",balanced,poisson,1,2,4,"[[1, 4], [2, 2, 1], [3, 2], [3, 2]]",9,"[2, 3, 2, 2]",30,150,0.8,0,0.0,,,,TIME_LIMIT,0.3874825286792433,50105.0,0.0012819766998291016,0.00587927270680666,30.00014591217041,30.006077361293137,7.5,OPTIMAL,0.0,729.0,0.0006649494171142578,0.006873605772852898,0.005044322460889816,0.0017409324645996094,0.004336642101407051,0.06767702102661133,0.07893350627273321,N20_L4_balanced_poisson_hS2
N20_L4_balanced_poisson_hS2,2,0.25,112,112,fixed_size_closest_dimension,fixed_size_2,20,4,"[5, 5, 5, 5]",balanced,poisson,1,2,4,"[[2, 2, 1], [2, 2, 1], [2, 2, 1], [2, 2, 1]]",12,"[3, 3, 3, 3]",54,150,0.64,81,4.05,,,,TIME_LIMIT,0.3874825286792433,50105.0,0.0012819766998291016,0.00587927270680666,30.00014591217041,30.006077361293137,7.7,OPTIMAL,0.0,4867.0,0.0007369518280029297,4.0300190448760986e-05,4.0300190448760986e-05,0.0,0.004759171046316624,0.6347169876098633,0.6395625555887818,N20_L4_balanced_poisson_hS2
N20_L4_balanced_poisson_hS2,2,0.25,112,112,threshold_closest_dimension,release_gap_threshold_0,20,4,"[5, 5, 5, 5]",balanced,poisson,1,2,4,"[[1, 1, 2, 1], [2, 1, 1, 1], [1, 1, 1, 2], [1, 2, 2]]",15,"[4, 4, 4, 3]",84,150,0.44,0,0.0,,,,TIME_LIMIT,0.3874825286792433,50105.0,0.0012819766998291016,0.00587927270680666,30.00014591217041,30.006077361293137,7.5,OPTIMAL,0.0,27083.0,0.0009799003601074219,6.493832916021347e-05,6.493832916021347e-05,0.0,0.005658979527652264,4.864224910736084,4.869999701157212,N20_L4_balanced_poisson_hS2
N20_L4_balanced_poisson_hS2,2,0.5,75,75,proposed_bound_aware,min_Bidx_under_C_budget,20,4,"[5, 5, 5, 5]",balanced,poisson,1,2,4,"[[1, 4], [2, 2, 1], [3, 2], [3, 2]]",9,"[2, 3, 2, 2]",30,150,0.8,0,0.0,,,,TIME_LIMIT,0.3874825286792433,50105.0,0.0012819766998291016,0.00587927270680666,30.00014591217041,30.006077361293137,7.5,OPTIMAL,0.0,729.0,0.0006561279296875,0.006956522352993488,0.005234619602560997,0.0016329288482666016,0.003993184305727482,0.06661510467529297,0.07761046942323446,N20_L4_balanced_poisson_hS2
N20_L4_balanced_poisson_hS2,2,0.5,75,75,fixed_size_closest_dimension,fixed_size_2,20,4,"[5, 5, 5, 5]",balanced,poisson,1,2,4,"[[2, 2, 1], [2, 2, 1], [2, 2, 1], [2, 2, 1]]",12,"[3, 3, 3, 3]",54,150,0.64,81,4.05,,,,TIME_LIMIT,0.3874825286792433,50105.0,0.0012819766998291016,0.00587927270680666,30.00014591217041,30.006077361293137,7.7,OPTIMAL,0.0,4867.0,0.0007388591766357422,4.007108509540558e-05,4.007108509540558e-05,0.0,0.004793883301317692,0.6332919597625732,0.6381718767806888,N20_L4_balanced_poisson_hS2
N20_L4_balanced_poisson_hS2,2,0.5,75,75,threshold_closest_dimension,release_gap_threshold_1,20,4,"[5, 5, 5, 5]",balanced,poisson,1,2,4,"[[4, 1], [2, 2, 1], [3, 2], [3, 2]]",9,"[2, 3, 2, 2]",30,150,0.8,0,0.0,,,,TIME_LIMIT,0.3874825286792433,50105.0,0.0012819766998291016,0.00587927270680666,30.00014591217041,30.006077361293137,7.5,OPTIMAL,0.0,630.0,0.0006320476531982422,2.4286098778247833e-05,2.4286098778247833e-05,0.0,0.0040142349898815155,0.06780195236206055,0.07188434526324272,N20_L4_balanced_poisson_hS2
N20_L4_balanced_poisson_hS2,2,0.75,38,38,proposed_bound_aware,min_Bidx_under_C_budget,20,4,"[5, 5, 5, 5]",balanced,poisson,1,2,4,"[[1, 4], [2, 2, 1], [3, 2], [3, 2]]",9,"[2, 3, 2, 2]",30,150,0.8,0,0.0,,,,TIME_LIMIT,0.3874825286792433,50105.0,0.0012819766998291016,0.00587927270680666,30.00014591217041,30.006077361293137,7.5,OPTIMAL,0.0,729.0,0.0006489753723144531,0.00714127067476511,0.005313338711857796,0.0017459392547607422,0.0042460644617676735,0.06627297401428223,0.07770518027245998,N20_L4_balanced_poisson_hS2
N20_L4_balanced_poisson_hS2,2,0.75,38,38,fixed_size_closest_dimension,fixed_size_3,20,4,"[5, 5, 5, 5]",balanced,poisson,1,2,4,"[[3, 2], [3, 2], [3, 2], [3, 2]]",8,"[2, 2, 2, 2]",24,150,0.84,30,1.5,,,,TIME_LIMIT,0.3874825286792433,50105.0,0.0012819766998291016,0.00587927270680666,30.00014591217041,30.006077361293137,7.5,OPTIMAL,0.0,471.0,0.0005428791046142578,3.79784032702446e-05,3.79784032702446e-05,0.0,0.004116330295801163,0.04514503479003906,0.04934209585189819,N20_L4_balanced_poisson_hS2
N20_L4_balanced_poisson_hS2,2,0.75,38,38,threshold_closest_dimension,release_gap_threshold_1,20,4,"[5, 5, 5, 5]",balanced,poisson,1,2,4,"[[4, 1], [2, 2, 1], [3, 2], [3, 2]]",9,"[2, 3, 2, 2]",30,150,0.8,0,0.0,,,,TIME_LIMIT,0.3874825286792433,50105.0,0.0012819766998291016,0.00587927270680666,30.00014591217041,30.006077361293137,7.5,OPTIMAL,0.0,630.0,0.0006270408630371094,6.07222318649292e-05,6.07222318649292e-05,0.0,0.0046387892216444016,0.06796598434448242,0.07270936202257872,N20_L4_balanced_poisson_hS2
N20_L4_balanced_poisson_hS2,2,0.9,15,24,proposed_bound_aware,min_Bidx_under_C_budget,20,4,"[5, 5, 5, 5]",balanced,poisson,1,2,4,"[[3, 2], [2, 3], [3, 2], [3, 2]]",8,"[2, 2, 2, 2]",24,150,0.84,14,0.7,,,,TIME_LIMIT,0.3874825286792433,50105.0,0.0012819766998291016,0.00587927270680666,30.00014591217041,30.006077361293137,7.5,OPTIMAL,0.0,562.0,0.0005440711975097656,0.00787446927279234,0.0045390380546450615,0.003242015838623047,0.0037878435105085373,0.057810068130493164,0.06951475609093904,N20_L4_balanced_poisson_hS2
N20_L4_balanced_poisson_hS2,2,0.9,15,24,fixed_size_closest_dimension,fixed_size_3,20,4,"[5, 5, 5, 5]",balanced,poisson,1,2,4,"[[3, 2], [3, 2], [3, 2], [3, 2]]",8,"[2, 2, 2, 2]",24,150,0.84,30,1.5,,,,TIME_LIMIT,0.3874825286792433,50105.0,0.0012819766998291016,0.00587927270680666,30.00014591217041,30.006077361293137,7.5,OPTIMAL,0.0,471.0,0.0005450248718261719,3.865920007228851e-05,3.865920007228851e-05,0.0,0.00421054195612669,0.04492902755737305,0.0492203114554286,N20_L4_balanced_poisson_hS2
N20_L4_balanced_poisson_hS2,2,0.9,15,24,threshold_closest_dimension,release_gap_threshold_2,20,4,"[5, 5, 5, 5]",balanced,poisson,1,2,4,"[[4, 1], [4, 1], [3, 2], [4, 1]]",8,"[2, 2, 2, 2]",24,150,0.84,31,1.55,,,,TIME_LIMIT,0.3874825286792433,50105.0,0.0012819766998291016,0.00587927270680666,30.00014591217041,30.006077361293137,7.5,OPTIMAL,0.0,274.0,0.0007250308990478516,7.551442831754684e-05,7.551442831754684e-05,0.0,0.00497576966881752,0.030041933059692383,0.03514938149601221,N20_L4_balanced_poisson_hS2
N20_L4_balanced_poisson_hS2,3,0.25,112,112,proposed_bound_aware,min_Bidx_under_C_budget,20,4,"[5, 5, 5, 5]",balanced,poisson,1,2,4,"[[3, 1, 1], [2, 3], [3, 1, 1], [1, 3, 1]]",11,"[3, 2, 3, 3]",45,150,0.7,0,0.0,,,,TIME_LIMIT,0.4077198776003064,50995.0,0.0014390945434570312,0.007156183011829853,30.000181198120117,30.007404477335513,6.9,OPTIMAL,0.0,3509.0,0.0007760524749755859,0.007559211924672127,0.0059644319117069244,0.001505136489868164,0.005097632296383381,0.2659761905670166,0.2786849020048976,N20_L4_balanced_poisson_hS2
N20_L4_balanced_poisson_hS2,3,0.25,112,112,fixed_size_closest_dimension,fixed_size_2,20,4,"[5, 5, 5, 5]",balanced,poisson,1,2,4,"[[2, 2, 1], [2, 2, 1], [2, 2, 1], [2, 2, 1]]",12,"[3, 3, 3, 3]",54,150,0.64,132,6.6,,,,TIME_LIMIT,0.4077198776003064,50995.0,0.0014390945434570312,0.007156183011829853,30.000181198120117,30.007404477335513,7.1,OPTIMAL,0.0,5028.0,0.000888824462890625,4.7472305595874786e-05,4.7472305595874786e-05,0.0,0.0052748508751392365,0.6029379367828369,0.6083220848813653,N20_L4_balanced_poisson_hS2
N20_L4_balanced_poisson_hS2,3,0.25,112,112,threshold_closest_dimension,release_gap_threshold_1,20,4,"[5, 5, 5, 5]",balanced,poisson,1,2,4,"[[3, 1, 1], [2, 3], [3, 1, 1], [1, 3, 1]]",11,"[3, 2, 3, 3]",45,150,0.7,0,0.0,,,,TIME_LIMIT,0.4077198776003064,50995.0,0.0014390945434570312,0.007156183011829853,30.000181198120117,30.007404477335513,6.9,OPTIMAL,0.0,3509.0,0.0006799697875976562,2.6610679924488068e-05,2.6610679924488068e-05,0.0,0.00424087792634964,0.2621729373931885,0.26648588944226503,N20_L4_balanced_poisson_hS2
N20_L4_balanced_poisson_hS2,3,0.5,75,75,proposed_bound_aware,min_Bidx_under_C_budget,20,4,"[5, 5, 5, 5]",balanced,poisson,1,2,4,"[[3, 1, 1], [2, 3], [3, 1, 1], [1, 3, 1]]",11,"[3, 2, 3, 3]",45,150,0.7,0,0.0,,,,TIME_LIMIT,0.4077198776003064,50995.0,0.0014390945434570312,0.007156183011829853,30.000181198120117,30.007404477335513,6.9,OPTIMAL,0.0,3509.0,0.000881195068359375,0.008318638429045677,0.00609887670725584,0.0021209716796875,0.004739220254123211,0.2649199962615967,0.27804011572152376,N20_L4_balanced_poisson_hS2
N20_L4_balanced_poisson_hS2,3,0.5,75,75,fixed_size_closest_dimension,fixed_size_2,20,4,"[5, 5, 5, 5]",balanced,poisson,1,2,4,"[[2, 2, 1], [2, 2, 1], [2, 2, 1], [2, 2, 1]]",12,"[3, 3, 3, 3]",54,150,0.64,132,6.6,,,,TIME_LIMIT,0.4077198776003064,50995.0,0.0014390945434570312,0.007156183011829853,30.000181198120117,30.007404477335513,7.1,OPTIMAL,0.0,5028.0,0.000743865966796875,3.61735001206398e-05,3.61735001206398e-05,0.0,0.004991892725229263,0.596127986907959,0.6012050677090883,N20_L4_balanced_poisson_hS2
N20_L4_balanced_poisson_hS2,3,0.5,75,75,threshold_closest_dimension,release_gap_threshold_1,20,4,"[5, 5, 5, 5]",balanced,poisson,1,2,4,"[[3, 1, 1], [2, 3], [3, 1, 1], [1, 3, 1]]",11,"[3, 2, 3, 3]",45,150,0.7,0,0.0,,,,TIME_LIMIT,0.4077198776003064,50995.0,0.0014390945434570312,0.007156183011829853,30.000181198120117,30.007404477335513,6.9,OPTIMAL,0.0,3509.0,0.0008199214935302734,8.772220462560654e-05,8.772220462560654e-05,0.0,0.005439558997750282,0.2633399963378906,0.2689242335036397,N20_L4_balanced_poisson_hS2
N20_L4_balanced_poisson_hS2,3,0.75,38,38,proposed_bound_aware,min_Bidx_under_C_budget,20,4,"[5, 5, 5, 5]",balanced,poisson,1,2,4,"[[3, 2], [2, 3], [3, 1, 1], [1, 3, 1]]",10,"[2, 2, 3, 3]",37,150,0.7533333333333333,14,0.7,,,,TIME_LIMIT,0.4077198776003064,50995.0,0.0014390945434570312,0.007156183011829853,30.000181198120117,30.007404477335513,6.9,OPTIMAL,0.0,1806.0,0.0007219314575195312,0.00801932718604803,0.005670638754963875,0.0022530555725097656,0.004131571389734745,0.1621098518371582,0.17431499902158976,N20_L4_balanced_poisson_hS2
N20_L4_balanced_poisson_hS2,3,0.75,38,38,fixed_size_closest_dimension,fixed_size_3,20,4,"[5, 5, 5, 5]",balanced,poisson,1,2,4,"[[3, 2], [3, 2], [3, 2], [3, 2]]",8,"[2, 2, 2, 2]",24,150,0.84,109,5.45,,,,TIME_LIMIT,0.4077198776003064,50995.0,0.0014390945434570312,0.007156183011829853,30.000181198120117,30.007404477335513,6.9,OPTIMAL,0.0,498.0,0.0006549358367919922,4.876311868429184e-05,4.876311868429184e-05,0.0,0.0047462619841098785,0.05200600624084473,0.056857180781662464,N20_L4_balanced_poisson_hS2
N20_L4_balanced_poisson_hS2,3,0.75,38,38,threshold_closest_dimension,release_gap_threshold_2,20,4,"[5, 5, 5, 5]",balanced,poisson,1,2,4,"[[3, 2], [2, 3], [3, 2], [4, 1]]",8,"[2, 2, 2, 2]",24,150,0.84,45,2.25,,,,TIME_LIMIT,0.4077198776003064,50995.0,0.0014390945434570312,0.007156183011829853,30.000181198120117,30.007404477335513,6.9,OPTIMAL,0.0,418.0,0.00016808509826660156,7.624458521604538e-05,7.624458521604538e-05,0.0,0.00471357349306345,0.047347068786621094,0.052193764597177505,N20_L4_balanced_poisson_hS2
N20_L4_balanced_poisson_hS2,3,0.9,15,24,proposed_bound_aware,min_Bidx_under_C_budget,20,4,"[5, 5, 5, 5]",balanced,poisson,1,2,4,"[[3, 2], [2, 3], [3, 2], [4, 1]]",8,"[2, 2, 2, 2]",24,150,0.84,45,2.25,,,,TIME_LIMIT,0.4077198776003064,50995.0,0.0014390945434570312,0.007156183011829853,30.000181198120117,30.007404477335513,6.9,OPTIMAL,0.0,418.0,0.00016999244689941406,0.00792014691978693,0.005867075175046921,0.001958131790161133,0.004561091773211956,0.047657012939453125,0.06019522529095411,N20_L4_balanced_poisson_hS2
N20_L4_balanced_poisson_hS2,3,0.9,15,24,fixed_size_closest_dimension,fixed_size_3,20,4,"[5, 5, 5, 5]",balanced,poisson,1,2,4,"[[3, 2], [3, 2], [3, 2], [3, 2]]",8,"[2, 2, 2, 2]",24,150,0.84,109,5.45,,,,TIME_LIMIT,0.4077198776003064,50995.0,0.0014390945434570312,0.007156183011829853,30.000181198120117,30.007404477335513,6.9,OPTIMAL,0.0,498.0,0.0005180835723876953,3.812834620475769e-05,3.812834620475769e-05,0.0,0.004362041130661964,0.051811933517456055,0.05625544302165508,N20_L4_balanced_poisson_hS2
N20_L4_balanced_poisson_hS2,3,0.9,15,24,threshold_closest_dimension,release_gap_threshold_2,20,4,"[5, 5, 5, 5]",balanced,poisson,1,2,4,"[[3, 2], [2, 3], [3, 2], [4, 1]]",8,"[2, 2, 2, 2]",24,150,0.84,45,2.25,,,,TIME_LIMIT,0.4077198776003064,50995.0,0.0014390945434570312,0.007156183011829853,30.000181198120117,30.007404477335513,6.9,OPTIMAL,0.0,418.0,0.0001690387725830078,9.097717702388763e-05,9.097717702388763e-05,0.0,0.005095458589494228,0.04731583595275879,0.052559095434844494,N20_L4_balanced_poisson_hS2
N20_L4_balanced_poisson_hS2,4,0.25,112,112,proposed_bound_aware,min_Bidx_under_C_budget,20,4,"[5, 5, 5, 5]",balanced,poisson,1,2,4,"[[3, 2], [1, 2, 2], [2, 1, 2], [4, 1]]",10,"[2, 3, 3, 2]",37,150,0.7533333333333333,0,0.0,,,,TIME_LIMIT,0.39595132067494465,53764.0,0.0013949871063232422,0.0068690599873661995,30.000138998031616,30.00707182753831,6.65,OPTIMAL,0.0,1586.0,0.0007200241088867188,0.007963272742927074,0.006000085733830929,0.0018718242645263672,0.0038748346269130707,0.13263702392578125,0.14452308509498835,N20_L4_balanced_poisson_hS2
N20_L4_balanced_poisson_hS2,4,0.25,112,112,fixed_size_closest_dimension,fixed_size_2,20,4,"[5, 5, 5, 5]",balanced,poisson,1,2,4,"[[2, 2, 1], [2, 2, 1], [2, 2, 1], [2, 2, 1]]",12,"[3, 3, 3, 3]",54,150,0.64,149,7.45,,,,TIME_LIMIT,0.39595132067494465,53764.0,0.0013949871063232422,0.0068690599873661995,30.000138998031616,30.00707182753831,6.85,OPTIMAL,0.0,3444.0,0.0007479190826416016,1.411139965057373e-05,1.411139965057373e-05,0.0,0.004179836250841618,0.3614649772644043,0.36570464354008436,N20_L4_balanced_poisson_hS2
N20_L4_balanced_poisson_hS2,4,0.25,112,112,threshold_closest_dimension,release_gap_threshold_1,20,4,"[5, 5, 5, 5]",balanced,poisson,1,2,4,"[[3, 2], [1, 2, 2], [2, 1, 2], [4, 1]]",10,"[2, 3, 3, 2]",37,150,0.7533333333333333,0,0.0,,,,TIME_LIMIT,0.39595132067494465,53764.0,0.0013949871063232422,0.0068690599873661995,30.000138998031616,30.00707182753831,6.65,OPTIMAL,0.0,1586.0,0.0006830692291259766,2.7281232178211212e-05,2.7281232178211212e-05,0.0,0.003938260488212109,0.13307595252990723,0.13708578795194626,N20_L4_balanced_poisson_hS2
N20_L4_balanced_poisson_hS2,4,0.5,75,75,proposed_bound_aware,min_Bidx_under_C_budget,20,4,"[5, 5, 5, 5]",balanced,poisson,1,2,4,"[[3, 2], [1, 2, 2], [2, 1, 2], [4, 1]]",10,"[2, 3, 3, 2]",37,150,0.7533333333333333,0,0.0,,,,TIME_LIMIT,0.39595132067494465,53764.0,0.0013949871063232422,0.0068690599873661995,30.000138998031616,30.00707182753831,6.65,OPTIMAL,0.0,1586.0,0.0006728172302246094,0.006835408508777618,0.005067327059805393,0.0016851425170898438,0.00451407115906477,0.13161301612854004,0.1430058628320694,N20_L4_balanced_poisson_hS2
N20_L4_balanced_poisson_hS2,4,0.5,75,75,fixed_size_closest_dimension,fixed_size_2,20,4,"[5, 5, 5, 5]",balanced,poisson,1,2,4,"[[2, 2, 1], [2, 2, 1], [2, 2, 1], [2, 2, 1]]",12,"[3, 3, 3, 3]",54,150,0.64,149,7.45,,,,TIME_LIMIT,0.39595132067494465,53764.0,0.0013949871063232422,0.0068690599873661995,30.000138998031616,30.00707182753831,6.85,OPTIMAL,0.0,3444.0,0.0007679462432861328,1.3479962944984436e-05,1.3479962944984436e-05,0.0,0.004081727005541325,0.36198997497558594,0.36613130662590265,N20_L4_balanced_poisson_hS2
N20_L4_balanced_poisson_hS2,4,0.5,75,75,threshold_closest_dimension,release_gap_threshold_1,20,4,"[5, 5, 5, 5]",balanced,poisson,1,2,4,"[[3, 2], [1, 2, 2], [2, 1, 2], [4, 1]]",10,"[2, 3, 3, 2]",37,150,0.7533333333333333,0,0.0,,,,TIME_LIMIT,0.39595132067494465,53764.0,0.0013949871063232422,0.0068690599873661995,30.000138998031616,30.00707182753831,6.65,OPTIMAL,0.0,1586.0,0.0006899833679199219,7.031578570604324e-05,7.031578570604324e-05,0.0,0.004866171628236771,0.13243699073791504,0.13741849921643734,N20_L4_balanced_poisson_hS2
N20_L4_balanced_poisson_hS2,4,0.75,38,38,proposed_bound_aware,min_Bidx_under_C_budget,20,4,"[5, 5, 5, 5]",balanced,poisson,1,2,4,"[[3, 2], [1, 2, 2], [2, 1, 2], [4, 1]]",10,"[2, 3, 3, 2]",37,150,0.7533333333333333,0,0.0,,,,TIME_LIMIT,0.39595132067494465,53764.0,0.0013949871063232422,0.0068690599873661995,30.000138998031616,30.00707182753831,6.65,OPTIMAL,0.0,1586.0,0.0006759166717529297,0.006281021051108837,0.004721503704786301,0.0014739036560058594,0.004554501734673977,0.13250494003295898,0.14338495582342148,N20_L4_balanced_poisson_hS2
N20_L4_balanced_poisson_hS2,4,0.75,38,38,fixed_size_closest_dimension,fixed_size_3,20,4,"[5, 5, 5, 5]",balanced,poisson,1,2,4,"[[3, 2], [3, 2], [3, 2], [3, 2]]",8,"[2, 2, 2, 2]",24,150,0.84,52,2.6,,,,TIME_LIMIT,0.39595132067494465,53764.0,0.0013949871063232422,0.0068690599873661995,30.000138998031616,30.00707182753831,6.65,OPTIMAL,0.0,484.0,0.0005259513854980469,3.998074680566788e-05,3.998074680566788e-05,0.0,0.003881555050611496,0.05603289604187012,0.059997206553816795,N20_L4_balanced_poisson_hS2
N20_L4_balanced_poisson_hS2,4,0.75,38,38,threshold_closest_dimension,release_gap_threshold_1,20,4,"[5, 5, 5, 5]",balanced,poisson,1,2,4,"[[3, 2], [1, 2, 2], [2, 1, 2], [4, 1]]",10,"[2, 3, 3, 2]",37,150,0.7533333333333333,0,0.0,,,,TIME_LIMIT,0.39595132067494465,53764.0,0.0013949871063232422,0.0068690599873661995,30.000138998031616,30.00707182753831,6.65,OPTIMAL,0.0,1586.0,0.0006721019744873047,5.68954274058342e-05,5.68954274058342e-05,0.0,0.004123600199818611,0.1315150260925293,0.1357380310073495,N20_L4_balanced_poisson_hS2
N20_L4_balanced_poisson_hS2,4,0.9,15,24,proposed_bound_aware,min_Bidx_under_C_budget,20,4,"[5, 5, 5, 5]",balanced,poisson,1,2,4,"[[3, 2], [1, 4], [3, 2], [4, 1]]",8,"[2, 2, 2, 2]",24,150,0.84,31,1.55,,,,TIME_LIMIT,0.39595132067494465,53764.0,0.0013949871063232422,0.0068690599873661995,30.000138998031616,30.00707182753831,6.65,OPTIMAL,0.0,367.0,0.000614166259765625,0.006798582151532173,0.004985804669559002,0.0017249584197998047,0.003562774509191513,0.044892072677612305,0.05529691465198994,N20_L4_balanced_poisson_hS2
N20_L4_balanced_poisson_hS2,4,0.9,15,24,fixed_size_closest_dimension,fixed_size_3,20,4,"[5, 5, 5, 5]",balanced,poisson,1,2,4,"[[3, 2], [3, 2], [3, 2], [3, 2]]",8,"[2, 2, 2, 2]",24,150,0.84,52,2.6,,,,TIME_LIMIT,0.39595132067494465,53764.0,0.0013949871063232422,0.0068690599873661995,30.000138998031616,30.00707182753831,6.65,OPTIMAL,0.0,484.0,0.0005328655242919922,1.2898817658424377e-05,1.2898817658424377e-05,0.0,0.0034755319356918335,0.055687904357910156,0.05922000203281641,N20_L4_balanced_poisson_hS2
N20_L4_balanced_poisson_hS2,4,0.9,15,24,threshold_closest_dimension,release_gap_threshold_2,20,4,"[5, 5, 5, 5]",balanced,poisson,1,2,4,"[[3, 2], [1, 4], [3, 2], [4, 1]]",8,"[2, 2, 2, 2]",24,150,0.84,31,1.55,,,,TIME_LIMIT,0.39595132067494465,53764.0,0.0013949871063232422,0.0068690599873661995,30.000138998031616,30.00707182753831,6.65,OPTIMAL,0.0,367.0,0.0005891323089599609,7.103756070137024e-05,7.103756070137024e-05,0.0,0.004299686290323734,0.04418206214904785,0.0485956184566021,N20_L4_balanced_poisson_hS2
N20_L4_balanced_poisson_hS2,5,0.25,112,112,proposed_bound_aware,min_Bidx_under_C_budget,20,4,"[5, 5, 5, 5]",balanced,poisson,1,2,4,"[[3, 1, 1], [2, 3], [1, 1, 3], [1, 4]]",10,"[3, 2, 3, 2]",37,150,0.7533333333333333,0,0.0,,,,TIME_LIMIT,0.3676470588235334,57496.0,0.0014190673828125,0.0073191700503230095,30.000170946121216,30.007554721087217,6.65,OPTIMAL,0.0,1061.0,0.0007090568542480469,0.007789120078086853,0.005484656430780888,0.0022127628326416016,0.004100225865840912,0.0892341136932373,0.1011712122708559,N20_L4_balanced_poisson_hS2
N20_L4_balanced_poisson_hS2,5,0.25,112,112,fixed_size_closest_dimension,fixed_size_2,20,4,"[5, 5, 5, 5]",balanced,poisson,1,2,4,"[[2, 2, 1], [2, 2, 1], [2, 2, 1], [2, 2, 1]]",12,"[3, 3, 3, 3]",54,150,0.64,83,4.15,,,,TIME_LIMIT,0.3676470588235334,57496.0,0.0014190673828125,0.0073191700503230095,30.000170946121216,30.007554721087217,6.65,OPTIMAL,0.0,3316.0,0.000762939453125,1.4542602002620697e-05,1.4542602002620697e-05,0.0,0.004206886515021324,0.31523799896240234,0.31950471829622984,N20_L4_balanced_poisson_hS2
N20_L4_balanced_poisson_hS2,5,0.25,112,112,threshold_closest_dimension,release_gap_threshold_0,20,4,"[5, 5, 5, 5]",balanced,poisson,1,2,4,"[[1, 1, 1, 1, 1], [1, 1, 2, 1], [1, 1, 2, 1], [1, 4]]",15,"[5, 4, 4, 2]",82,150,0.4533333333333333,0,0.0,,,,TIME_LIMIT,0.3676470588235334,57496.0,0.0014190673828125,0.0073191700503230095,30.000170946121216,30.007554721087217,6.65,OPTIMAL,0.0,17385.0,0.0010268688201904297,6.705150008201599e-05,6.705150008201599e-05,0.0,0.004871000535786152,3.048382043838501,3.0533710895106196,N20_L4_balanced_poisson_hS2
N20_L4_balanced_poisson_hS2,5,0.5,75,75,proposed_bound_aware,min_Bidx_under_C_budget,20,4,"[5, 5, 5, 5]",balanced,poisson,1,2,4,"[[3, 1, 1], [2, 3], [1, 1, 3], [1, 4]]",10,"[3, 2, 3, 2]",37,150,0.7533333333333333,0,0.0,,,,TIME_LIMIT,0.3676470588235334,57496.0,0.0014190673828125,0.0073191700503230095,30.000170946121216,30.007554721087217,6.65,OPTIMAL,0.0,1061.0,0.0006988048553466797,0.006798022426664829,0.004978282377123833,0.0017299652099609375,0.004188578575849533,0.09069585800170898,0.1017283033579588,N20_L4_balanced_poisson_hS2
N20_L4_balanced_poisson_hS2,5,0.5,75,75,fixed_size_closest_dimension,fixed_size_2,20,4,"[5, 5, 5, 5]",balanced,poisson,1,2,4,"[[2, 2, 1], [2, 2, 1], [2, 2, 1], [2, 2, 1]]",12,"[3, 3, 3, 3]",54,150,0.64,83,4.15,,,,TIME_LIMIT,0.3676470588235334,57496.0,0.0014190673828125,0.0073191700503230095,30.000170946121216,30.007554721087217,6.65,OPTIMAL,0.0,3316.0,0.0008869171142578125,4.206225275993347e-05,4.206225275993347e-05,0.0,0.00578219722956419,0.3161020278930664,0.32198417373001575,N20_L4_balanced_poisson_hS2
N20_L4_balanced_poisson_hS2,5,0.5,75,75,threshold_closest_dimension,release_gap_threshold_1,20,4,"[5, 5, 5, 5]",balanced,poisson,1,2,4,"[[3, 1, 1], [2, 3], [1, 1, 3], [1, 4]]",10,"[3, 2, 3, 2]",37,150,0.7533333333333333,0,0.0,,,,TIME_LIMIT,0.3676470588235334,57496.0,0.0014190673828125,0.0073191700503230095,30.000170946121216,30.007554721087217,6.65,OPTIMAL,0.0,1061.0,0.0008349418640136719,9.566452354192734e-05,9.566452354192734e-05,0.0,0.005235331133008003,0.08996796607971191,0.09535692632198334,N20_L4_balanced_poisson_hS2
N20_L4_balanced_poisson_hS2,5,0.75,38,38,proposed_bound_aware,min_Bidx_under_C_budget,20,4,"[5, 5, 5, 5]",balanced,poisson,1,2,4,"[[3, 1, 1], [2, 3], [1, 1, 3], [1, 4]]",10,"[3, 2, 3, 2]",37,150,0.7533333333333333,0,0.0,,,,TIME_LIMIT,0.3676470588235334,57496.0,0.0014190673828125,0.0073191700503230095,30.000170946121216,30.007554721087217,6.65,OPTIMAL,0.0,1061.0,0.0007259845733642578,0.007499340921640396,0.005647243000566959,0.0017499923706054688,0.0037574777379631996,0.08992910385131836,0.10123570915311575,N20_L4_balanced_poisson_hS2
N20_L4_balanced_poisson_hS2,5,0.75,38,38,fixed_size_closest_dimension,fixed_size_3,20,4,"[5, 5, 5, 5]",balanced,poisson,1,2,4,"[[3, 2], [3, 2], [3, 2], [3, 2]]",8,"[2, 2, 2, 2]",24,150,0.84,280,14.0,,,,TIME_LIMIT,0.3676470588235334,57496.0,0.0014190673828125,0.0073191700503230095,30.000170946121216,30.007554721087217,6.85,OPTIMAL,0.0,225.0,0.00017309188842773438,3.9058737456798553e-05,3.9058737456798553e-05,0.0,0.003988906741142273,0.0343780517578125,0.03844923712313175,N20_L4_balanced_poisson_hS2
N20_L4_balanced_poisson_hS2,5,0.75,38,38,threshold_closest_dimension,release_gap_threshold_1,20,4,"[5, 5, 5, 5]",balanced,poisson,1,2,4,"[[3, 1, 1], [2, 3], [1, 1, 3], [1, 4]]",10,"[3, 2, 3, 2]",37,150,0.7533333333333333,0,0.0,,,,TIME_LIMIT,0.3676470588235334,57496.0,0.0014190673828125,0.0073191700503230095,30.000170946121216,30.007554721087217,6.65,OPTIMAL,0.0,1061.0,0.0008168220520019531,9.586475789546967e-05,9.586475789546967e-05,0.0,0.005351525731384754,0.09009790420532227,0.09560155496001244,N20_L4_balanced_poisson_hS2
N20_L4_balanced_poisson_hS2,5,0.9,15,24,proposed_bound_aware,min_Bidx_under_C_budget,20,4,"[5, 5, 5, 5]",balanced,poisson,1,2,4,"[[4, 1], [2, 3], [2, 3], [1, 4]]",8,"[2, 2, 2, 2]",24,150,0.84,66,3.3,,,,TIME_LIMIT,0.3676470588235334,57496.0,0.0014190673828125,0.0073191700503230095,30.000170946121216,30.007554721087217,6.65,OPTIMAL,0.0,151.0,0.0006070137023925781,0.00755664799362421,0.005174407735466957,0.0022859573364257812,0.004188028164207935,0.020080089569091797,0.031873070634901524,N20_L4_balanced_poisson_hS2
N20_L4_balanced_poisson_hS2,5,0.9,15,24,fixed_size_closest_dimension,fixed_size_3,20,4,"[5, 5, 5, 5]",balanced,poisson,1,2,4,"[[3, 2], [3, 2], [3, 2], [3, 2]]",8,"[2, 2, 2, 2]",24,150,0.84,280,14.0,,,,TIME_LIMIT,0.3676470588235334,57496.0,0.0014190673828125,0.0073191700503230095,30.000170946121216,30.007554721087217,6.85,OPTIMAL,0.0,225.0,0.00018310546875,7.230974733829498e-05,7.230974733829498e-05,0.0,0.004679881036281586,0.03468012809753418,0.03948973957449198,N20_L4_balanced_poisson_hS2
N20_L4_balanced_poisson_hS2,5,0.9,15,24,threshold_closest_dimension,release_gap_threshold_10,20,4,"[5, 5, 5, 5]",balanced,poisson,1,2,4,"[[4, 1], [4, 1], [4, 1], [4, 1]]",8,"[2, 2, 2, 2]",24,150,0.84,187,9.35,,,,TIME_LIMIT,0.3676470588235334,57496.0,0.0014190673828125,0.0073191700503230095,30.000170946121216,30.007554721087217,6.85,OPTIMAL,0.0,93.0,0.0006749629974365234,9.871926158666611e-05,9.871926158666611e-05,0.0,0.0050823502242565155,0.022223949432373047,0.027461916208267212,N20_L4_balanced_poisson_hS2
N20_L4_balanced_poisson_hS2,6,0.25,112,112,proposed_bound_aware,min_Bidx_under_C_budget,20,4,"[5, 5, 5, 5]",balanced,poisson,1,2,4,"[[2, 1, 1, 1], [4, 1], [1, 2, 1, 1], [3, 2]]",12,"[4, 2, 4, 2]",52,150,0.6533333333333333,0,0.0,0.0,True,4.15,OPTIMAL,0.0,32607.0,0.001550912857055664,0.007480182684957981,11.211489915847778,11.21903502382338,4.15,OPTIMAL,0.0,627.0,0.0008211135864257812,0.007519762963056564,0.0056504979729652405,0.0017809867858886719,0.004882588051259518,0.0830988883972168,0.09554728493094444,N20_L4_balanced_poisson_hS2
N20_L4_balanced_poisson_hS2,6,0.25,112,112,fixed_size_closest_dimension,fixed_size_2,20,4,"[5, 5, 5, 5]",balanced,poisson,1,2,4,"[[2, 2, 1], [2, 2, 1], [2, 2, 1], [2, 2, 1]]",12,"[3, 3, 3, 3]",54,150,0.64,217,10.85,0.09999999999999964,True,4.15,OPTIMAL,0.0,32607.0,0.001550912857055664,0.007480182684957981,11.211489915847778,11.21903502382338,4.25,OPTIMAL,0.0,785.0,0.0009050369262695312,4.819314926862717e-05,4.819314926862717e-05,0.0,0.005398286506533623,0.11249113082885742,0.11799413245171309,N20_L4_balanced_poisson_hS2
N20_L4_balanced_poisson_hS2,6,0.25,112,112,threshold_closest_dimension,release_gap_threshold_0,20,4,"[5, 5, 5, 5]",balanced,poisson,1,2,4,"[[2, 1, 1, 1], [1, 1, 2, 1], [1, 2, 1, 1], [1, 1, 1, 1, 1]]",17,"[4, 4, 4, 5]",108,150,0.28,0,0.0,0.0,True,4.15,OPTIMAL,0.0,32607.0,0.001550912857055664,0.007480182684957981,11.211489915847778,11.21903502382338,4.15,OPTIMAL,0.0,4613.0,0.0011680126190185547,8.558947592973709e-05,8.558947592973709e-05,0.0,0.005570557899773121,0.8462328910827637,0.8519385326653719,N20_L4_balanced_poisson_hS2
N20_L4_balanced_poisson_hS2,6,0.5,75,75,proposed_bound_aware,min_Bidx_under_C_budget,20,4,"[5, 5, 5, 5]",balanced,poisson,1,2,4,"[[2, 1, 1, 1], [4, 1], [1, 2, 1, 1], [3, 2]]",12,"[4, 2, 4, 2]",52,150,0.6533333333333333,0,0.0,0.0,True,4.15,OPTIMAL,0.0,32607.0,0.001550912857055664,0.007480182684957981,11.211489915847778,11.21903502382338,4.15,OPTIMAL,0.0,627.0,0.0008230209350585938,0.007299770601093769,0.005523736588656902,0.0016880035400390625,0.00449670385569334,0.08328700065612793,0.09512824192643166,N20_L4_balanced_poisson_hS2
N20_L4_balanced_poisson_hS2,6,0.5,75,75,fixed_size_closest_dimension,fixed_size_2,20,4,"[5, 5, 5, 5]",balanced,poisson,1,2,4,"[[2, 2, 1], [2, 2, 1], [2, 2, 1], [2, 2, 1]]",12,"[3, 3, 3, 3]",54,150,0.64,217,10.85,0.09999999999999964,True,4.15,OPTIMAL,0.0,32607.0,0.001550912857055664,0.007480182684957981,11.211489915847778,11.21903502382338,4.25,OPTIMAL,0.0,785.0,0.0008959770202636719,4.731118679046631e-05,4.731118679046631e-05,0.0,0.0055719586089253426,0.11171793937683105,0.11739448457956314,N20_L4_balanced_poisson_hS2
N20_L4_balanced_poisson_hS2,6,0.5,75,75,threshold_closest_dimension,release_gap_threshold_1,20,4,"[5, 5, 5, 5]",balanced,poisson,1,2,4,"[[2, 1, 1, 1], [4, 1], [1, 2, 1, 1], [3, 2]]",12,"[4, 2, 4, 2]",52,150,0.6533333333333333,0,0.0,0.0,True,4.15,OPTIMAL,0.0,32607.0,0.001550912857055664,0.007480182684957981,11.211489915847778,11.21903502382338,4.15,OPTIMAL,0.0,627.0,0.0009431838989257812,0.00013790838420391083,0.00013790838420391083,0.0,0.005332508124411106,0.08413815498352051,0.08966476656496525,N20_L4_balanced_poisson_hS2
N20_L4_balanced_poisson_hS2,6,0.75,38,38,proposed_bound_aware,min_Bidx_under_C_budget,20,4,"[5, 5, 5, 5]",balanced,poisson,1,2,4,"[[2, 1, 1, 1], [4, 1], [4, 1], [3, 2]]",10,"[4, 2, 2, 2]",36,150,0.76,51,2.55,0.0,True,4.15,OPTIMAL,0.0,32607.0,0.001550912857055664,0.007480182684957981,11.211489915847778,11.21903502382338,4.15,OPTIMAL,0.0,230.0,0.0008060932159423828,0.008605483919382095,0.00583749171346426,0.0026628971099853516,0.0050219278782606125,0.03927016258239746,0.05295403581112623,N20_L4_balanced_poisson_hS2
N20_L4_balanced_poisson_hS2,6,0.75,38,38,fixed_size_closest_dimension,fixed_size_3,20,4,"[5, 5, 5, 5]",balanced,poisson,1,2,4,"[[3, 2], [3, 2], [3, 2], [3, 2]]",8,"[2, 2, 2, 2]",24,150,0.84,248,12.4,0.0,True,4.15,OPTIMAL,0.0,32607.0,0.001550912857055664,0.007480182684957981,11.211489915847778,11.21903502382338,4.15,OPTIMAL,0.0,80.0,0.0005650520324707031,1.3981014490127563e-05,1.3981014490127563e-05,0.0,0.00372332613915205,0.015926837921142578,0.019707167521119118,N20_L4_balanced_poisson_hS2
N20_L4_balanced_poisson_hS2,6,0.75,38,38,threshold_closest_dimension,release_gap_threshold_3,20,4,"[5, 5, 5, 5]",balanced,poisson,1,2,4,"[[2, 1, 1, 1], [4, 1], [4, 1], [3, 2]]",10,"[4, 2, 2, 2]",36,150,0.76,51,2.55,0.0,True,4.15,OPTIMAL,0.0,32607.0,0.001550912857055664,0.007480182684957981,11.211489915847778,11.21903502382338,4.15,OPTIMAL,0.0,230.0,0.0006489753723144531,8.304603397846222e-05,8.304603397846222e-05,0.0,0.004506650380790234,0.039320945739746094,0.04395497776567936,N20_L4_balanced_poisson_hS2
N20_L4_balanced_poisson_hS2,6,0.9,15,24,proposed_bound_aware,min_Bidx_under_C_budget,20,4,"[5, 5, 5, 5]",balanced,poisson,1,2,4,"[[2, 3], [4, 1], [4, 1], [3, 2]]",8,"[2, 2, 2, 2]",24,150,0.84,163,8.15,0.0,True,4.15,OPTIMAL,0.0,32607.0,0.001550912857055664,0.007480182684957981,11.211489915847778,11.21903502382338,4.15,OPTIMAL,0.0,102.0,0.00016188621520996094,0.00981571152806282,0.005582105368375778,0.004138946533203125,0.00350345391780138,0.021156787872314453,0.0345242777839303,N20_L4_balanced_poisson_hS2
N20_L4_balanced_poisson_hS2,6,0.9,15,24,fixed_size_closest_dimension,fixed_size_3,20,4,"[5, 5, 5, 5]",balanced,poisson,1,2,4,"[[3, 2], [3, 2], [3, 2], [3, 2]]",8,"[2, 2, 2, 2]",24,150,0.84,248,12.4,0.0,True,4.15,OPTIMAL,0.0,32607.0,0.001550912857055664,0.007480182684957981,11.211489915847778,11.21903502382338,4.15,OPTIMAL,0.0,80.0,0.00067901611328125,7.229950278997421e-05,7.229950278997421e-05,0.0,0.0050656553357839584,0.016308069229125977,0.021502040326595306,N20_L4_balanced_poisson_hS2
N20_L4_balanced_poisson_hS2,6,0.9,15,24,threshold_closest_dimension,release_gap_threshold_5,20,4,"[5, 5, 5, 5]",balanced,poisson,1,2,4,"[[2, 3], [4, 1], [4, 1], [3, 2]]",8,"[2, 2, 2, 2]",24,150,0.84,163,8.15,0.0,True,4.15,OPTIMAL,0.0,32607.0,0.001550912857055664,0.007480182684957981,11.211489915847778,11.21903502382338,4.15,OPTIMAL,0.0,102.0,0.0001728534698486328,9.024608880281448e-05,9.024608880281448e-05,0.0,0.004597236402332783,0.021420955657958984,0.0261637344956398,N20_L4_balanced_poisson_hS2
N20_L4_balanced_poisson_hS2,7,0.25,112,112,proposed_bound_aware,min_Bidx_under_C_budget,20,4,"[5, 5, 5, 5]",balanced,poisson,1,2,4,"[[1, 1, 1, 1, 1], [1, 1, 1, 2], [1, 4], [2, 1, 2]]",14,"[5, 4, 2, 3]",71,150,0.5266666666666666,0,0.0,,,,TIME_LIMIT,0.28620394934141147,72733.0,0.0013110637664794922,0.0062268683686852455,30.00022006034851,30.006497334688902,4.9,OPTIMAL,0.0,4558.0,0.0009720325469970703,0.0074136219918727875,0.005573811940848827,0.0017499923706054688,0.004522332921624184,0.4606201648712158,0.4726063646376133,N20_L4_balanced_poisson_hS2
N20_L4_balanced_poisson_hS2,7,0.25,112,112,fixed_size_closest_dimension,fixed_size_2,20,4,"[5, 5, 5, 5]",balanced,poisson,1,2,4,"[[2, 2, 1], [2, 2, 1], [2, 2, 1], [2, 2, 1]]",12,"[3, 3, 3, 3]",54,150,0.64,408,20.4,,,,TIME_LIMIT,0.28620394934141147,72733.0,0.0013110637664794922,0.0062268683686852455,30.00022006034851,30.006497334688902,5.25,OPTIMAL,0.0,922.0,0.0007498264312744141,1.439172774553299e-05,1.439172774553299e-05,0.0,0.004332075826823711,0.10042881965637207,0.10481972713023424,N20_L4_balanced_poisson_hS2
N20_L4_balanced_poisson_hS2,7,0.25,112,112,threshold_closest_dimension,release_gap_threshold_0,20,4,"[5, 5, 5, 5]",balanced,poisson,1,2,4,"[[1, 1, 1, 1, 1], [1, 1, 1, 1, 1], [1, 4], [2, 1, 1, 1]]",16,"[5, 5, 2, 4]",93,150,0.38,0,0.0,,,,TIME_LIMIT,0.28620394934141147,72733.0,0.0013110637664794922,0.0062268683686852455,30.00022006034851,30.006497334688902,4.9,OPTIMAL,0.0,5891.0,0.0010728836059570312,8.783303201198578e-05,8.783303201198578e-05,0.0,0.00526753906160593,1.0439589023590088,1.0493633868172765,N20_L4_balanced_poisson_hS2
N20_L4_balanced_poisson_hS2,7,0.5,75,75,proposed_bound_aware,min_Bidx_under_C_budget,20,4,"[5, 5, 5, 5]",balanced,poisson,1,2,4,"[[1, 1, 1, 1, 1], [1, 1, 1, 2], [1, 4], [2, 1, 2]]",14,"[5, 4, 2, 3]",71,150,0.5266666666666666,0,0.0,,,,TIME_LIMIT,0.28620394934141147,72733.0,0.0013110637664794922,0.0062268683686852455,30.00022006034851,30.006497334688902,4.9,OPTIMAL,0.0,4558.0,0.0009360313415527344,0.007296464405953884,0.005514742806553841,0.0016949176788330078,0.004356381483376026,0.4599599838256836,0.47165950387716293,N20_L4_balanced_poisson_hS2
N20_L4_balanced_poisson_hS2,7,0.5,75,75,fixed_size_closest_dimension,fixed_size_2,20,4,"[5, 5, 5, 5]",balanced,poisson,1,2,4,"[[2, 2, 1], [2, 2, 1], [2, 2, 1], [2, 2, 1]]",12,"[3, 3, 3, 3]",54,150,0.64,408,20.4,,,,TIME_LIMIT,0.28620394934141147,72733.0,0.0013110637664794922,0.0062268683686852455,30.00022006034851,30.006497334688902,5.25,OPTIMAL,0.0,922.0,0.0007488727569580078,3.316998481750488e-05,3.316998481750488e-05,0.0,0.00460478849709034,0.10196185111999512,0.10664540529251099,N20_L4_balanced_poisson_hS2
N20_L4_balanced_poisson_hS2,7,0.5,75,75,threshold_closest_dimension,release_gap_threshold_1,20,4,"[5, 5, 5, 5]",balanced,poisson,1,2,4,"[[1, 1, 1, 1, 1], [1, 1, 1, 2], [1, 4], [2, 1, 2]]",14,"[5, 4, 2, 3]",71,150,0.5266666666666666,0,0.0,,,,TIME_LIMIT,0.28620394934141147,72733.0,0.0013110637664794922,0.0062268683686852455,30.00022006034851,30.006497334688902,4.9,OPTIMAL,0.0,4558.0,0.0009140968322753906,8.730217814445496e-05,8.730217814445496e-05,0.0,0.0054997410625219345,0.45885586738586426,0.46448846999555826,N20_L4_balanced_poisson_hS2
N20_L4_balanced_poisson_hS2,7,0.75,38,38,proposed_bound_aware,min_Bidx_under_C_budget,20,4,"[5, 5, 5, 5]",balanced,poisson,1,2,4,"[[3, 2], [1, 2, 2], [1, 4], [2, 1, 2]]",10,"[2, 3, 2, 3]",37,150,0.7533333333333333,97,4.85,,,,TIME_LIMIT,0.28620394934141147,72733.0,0.0013110637664794922,0.0062268683686852455,30.00022006034851,30.006497334688902,5.1,OPTIMAL,0.0,445.0,0.00015878677368164062,0.0071635739877820015,0.005293579772114754,0.0017838478088378906,0.004262431524693966,0.06172990798950195,0.07320599630475044,N20_L4_balanced_poisson_hS2
N20_L4_balanced_poisson_hS2,7,0.75,38,38,fixed_size_closest_dimension,fixed_size_3,20,4,"[5, 5, 5, 5]",balanced,poisson,1,2,4,"[[3, 2], [3, 2], [3, 2], [3, 2]]",8,"[2, 2, 2, 2]",24,150,0.84,312,15.6,,,,TIME_LIMIT,0.28620394934141147,72733.0,0.0013110637664794922,0.0062268683686852455,30.00022006034851,30.006497334688902,5.1,OPTIMAL,0.0,112.0,0.00015592575073242188,1.3730488717556e-05,1.3730488717556e-05,0.0,0.0034965937957167625,0.02293992042541504,0.02649388276040554,N20_L4_balanced_poisson_hS2
N20_L4_balanced_poisson_hS2,7,0.75,38,38,threshold_closest_dimension,release_gap_threshold_3,20,4,"[5, 5, 5, 5]",balanced,poisson,1,2,4,"[[3, 2], [1, 2, 2], [4, 1], [2, 1, 2]]",10,"[2, 3, 2, 3]",37,150,0.7533333333333333,133,6.65,,,,TIME_LIMIT,0.28620394934141147,72733.0,0.0013110637664794922,0.0062268683686852455,30.00022006034851,30.006497334688902,5.1,OPTIMAL,0.0,871.0,0.0006289482116699219,8.291471749544144e-05,8.291471749544144e-05,0.0,0.004201117902994156,0.10315299034118652,0.10748050641268492,N20_L4_balanced_poisson_hS2
N20_L4_balanced_poisson_hS2,7,0.9,15,24,proposed_bound_aware,min_Bidx_under_C_budget,20,4,"[5, 5, 5, 5]",balanced,poisson,1,2,4,"[[3, 2], [1, 4], [1, 4], [3, 2]]",8,"[2, 2, 2, 2]",24,150,0.84,270,13.5,,,,TIME_LIMIT,0.28620394934141147,72733.0,0.0013110637664794922,0.0062268683686852455,30.00022006034851,30.006497334688902,5.1,OPTIMAL,0.0,56.0,0.00014281272888183594,0.009935113601386547,0.0058355871587991714,0.004002094268798828,0.003525606356561184,0.016136884689331055,0.029645254835486412,N20_L4_balanced_poisson_hS2
N20_L4_balanced_poisson_hS2,7,0.9,15,24,fixed_size_closest_dimension,fixed_size_3,20,4,"[5, 5, 5, 5]",balanced,poisson,1,2,4,"[[3, 2], [3, 2], [3, 2], [3, 2]]",8,"[2, 2, 2, 2]",24,150,0.84,312,15.6,,,,TIME_LIMIT,0.28620394934141147,72733.0,0.0013110637664794922,0.0062268683686852455,30.00022006034851,30.006497334688902,5.1,OPTIMAL,0.0,112.0,0.00016999244689941406,4.861410707235336e-05,4.861410707235336e-05,0.0,0.004952233284711838,0.023129940032958984,0.028187342919409275,N20_L4_balanced_poisson_hS2
N20_L4_balanced_poisson_hS2,7,0.9,15,24,threshold_closest_dimension,release_gap_threshold_8,20,4,"[5, 5, 5, 5]",balanced,poisson,1,2,4,"[[4, 1], [4, 1], [4, 1], [3, 2]]",8,"[2, 2, 2, 2]",24,150,0.84,448,22.4,,,,TIME_LIMIT,0.28620394934141147,72733.0,0.0013110637664794922,0.0062268683686852455,30.00022006034851,30.006497334688902,5.75,OPTIMAL,0.0,20.0,0.00013899803161621094,9.081698954105377e-05,9.081698954105377e-05,0.0,0.0049811964854598045,0.012730836868286133,0.01786053739488125,N20_L4_balanced_poisson_hS2
N20_L4_balanced_poisson_hS2,8,0.25,112,112,proposed_bound_aware,min_Bidx_under_C_budget,20,4,"[5, 5, 5, 5]",balanced,poisson,1,2,4,"[[1, 1, 2, 1], [1, 2, 2], [2, 2, 1], [1, 1, 3]]",13,"[4, 3, 3, 3]",63,150,0.58,0,0.0,,,,TIME_LIMIT,0.32727107086202323,64506.0,0.0014290809631347656,0.00715984869748354,30.000341176986694,30.007569938898087,6.0,OPTIMAL,0.0,5420.0,0.0008549690246582031,0.007514645345509052,0.005723237991333008,0.0016999244689941406,0.005014807917177677,0.7815849781036377,0.7941659735515714,N20_L4_balanced_poisson_hS2
N20_L4_balanced_poisson_hS2,8,0.25,112,112,fixed_size_closest_dimension,fixed_size_2,20,4,"[5, 5, 5, 5]",balanced,poisson,1,2,4,"[[2, 2, 1], [2, 2, 1], [2, 2, 1], [2, 2, 1]]",12,"[3, 3, 3, 3]",54,150,0.64,121,6.05,,,,TIME_LIMIT,0.32727107086202323,64506.0,0.0014290809631347656,0.00715984869748354,30.000341176986694,30.007569938898087,7.2,OPTIMAL,0.0,5554.0,0.0007538795471191406,4.011020064353943e-05,4.011020064353943e-05,0.0,0.005439429543912411,0.6451778411865234,0.6507044052705169,N20_L4_balanced_poisson_hS2
N20_L4_balanced_poisson_hS2,8,0.25,112,112,threshold_closest_dimension,release_gap_threshold_0,20,4,"[5, 5, 5, 5]",balanced,poisson,1,2,4,"[[1, 1, 2, 1], [1, 2, 1, 1], [1, 1, 2, 1], [1, 1, 3]]",15,"[4, 4, 4, 3]",84,150,0.44,0,0.0,,,,TIME_LIMIT,0.32727107086202323,64506.0,0.0014290809631347656,0.00715984869748354,30.000341176986694,30.007569938898087,6.0,OPTIMAL,0.0,14176.0,0.0009799003601074219,9.583402425050735e-05,9.583402425050735e-05,0.0,0.005820856429636478,1.920464038848877,1.9264324121177197,N20_L4_balanced_poisson_hS2
N20_L4_balanced_poisson_hS2,8,0.5,75,75,proposed_bound_aware,min_Bidx_under_C_budget,20,4,"[5, 5, 5, 5]",balanced,poisson,1,2,4,"[[1, 1, 2, 1], [1, 2, 2], [2, 2, 1], [1, 1, 3]]",13,"[4, 3, 3, 3]",63,150,0.58,0,0.0,,,,TIME_LIMIT,0.32727107086202323,64506.0,0.0014290809631347656,0.00715984869748354,30.000341176986694,30.007569938898087,6.0,OPTIMAL,0.0,5420.0,0.0008399486541748047,0.007664430886507034,0.006043320521712303,0.0015130043029785156,0.0041998764500021935,0.7789859771728516,0.7908992068842053,N20_L4_balanced_poisson_hS2
N20_L4_balanced_poisson_hS2,8,0.5,75,75,fixed_size_closest_dimension,fixed_size_2,20,4,"[5, 5, 5, 5]",balanced,poisson,1,2,4,"[[2, 2, 1], [2, 2, 1], [2, 2, 1], [2, 2, 1]]",12,"[3, 3, 3, 3]",54,150,0.64,121,6.05,,,,TIME_LIMIT,0.32727107086202323,64506.0,0.0014290809631347656,0.00715984869748354,30.000341176986694,30.007569938898087,7.2,OPTIMAL,0.0,5554.0,0.0007348060607910156,3.316998481750488e-05,3.316998481750488e-05,0.0,0.005185895599424839,0.6459758281707764,0.65124471206218,N20_L4_balanced_poisson_hS2
N20_L4_balanced_poisson_hS2,8,0.5,75,75,threshold_closest_dimension,release_gap_threshold_1,20,4,"[5, 5, 5, 5]",balanced,poisson,1,2,4,"[[1, 1, 2, 1], [1, 2, 2], [2, 2, 1], [1, 1, 3]]",13,"[4, 3, 3, 3]",63,150,0.58,0,0.0,,,,TIME_LIMIT,0.32727107086202323,64506.0,0.0014290809631347656,0.00715984869748354,30.000341176986694,30.007569938898087,6.0,OPTIMAL,0.0,5420.0,0.0009620189666748047,9.48924571275711e-05,9.48924571275711e-05,0.0,0.005757519975304604,0.7804679870605469,0.7863808181136847,N20_L4_balanced_poisson_hS2
N20_L4_balanced_poisson_hS2,8,0.75,38,38,proposed_bound_aware,min_Bidx_under_C_budget,20,4,"[5, 5, 5, 5]",balanced,poisson,1,2,4,"[[1, 4], [3, 2], [2, 2, 1], [1, 1, 3]]",10,"[2, 2, 3, 3]",37,150,0.7533333333333333,47,2.35,,,,TIME_LIMIT,0.32727107086202323,64506.0,0.0014290809631347656,0.00715984869748354,30.000341176986694,30.007569938898087,6.0,OPTIMAL,0.0,576.0,0.0007739067077636719,0.008711433038115501,0.005510606802999973,0.003094911575317383,0.0054803211241960526,0.06481599807739258,0.07906563114374876,N20_L4_balanced_poisson_hS2
N20_L4_balanced_poisson_hS2,8,0.75,38,38,fixed_size_closest_dimension,fixed_size_3,20,4,"[5, 5, 5, 5]",balanced,poisson,1,2,4,"[[3, 2], [3, 2], [3, 2], [3, 2]]",8,"[2, 2, 2, 2]",24,150,0.84,343,17.15,,,,TIME_LIMIT,0.32727107086202323,64506.0,0.0014290809631347656,0.00715984869748354,30.000341176986694,30.007569938898087,8.35,OPTIMAL,0.0,346.0,0.000164031982421875,3.94284725189209e-05,3.94284725189209e-05,0.0,0.004338695667684078,0.047846078872680664,0.052268218249082565,N20_L4_balanced_poisson_hS2
N20_L4_balanced_poisson_hS2,8,0.75,38,38,threshold_closest_dimension,release_gap_threshold_2,20,4,"[5, 5, 5, 5]",balanced,poisson,1,2,4,"[[1, 4], [3, 2], [2, 2, 1], [2, 3]]",9,"[2, 2, 3, 2]",30,150,0.8,64,3.2,,,,TIME_LIMIT,0.32727107086202323,64506.0,0.0014290809631347656,0.00715984869748354,30.000341176986694,30.007569938898087,6.0,OPTIMAL,0.0,244.0,0.00014591217041015625,3.38209792971611e-05,3.38209792971611e-05,0.0,0.0035865893587470055,0.03949999809265137,0.04316337127238512,N20_L4_balanced_poisson_hS2
N20_L4_balanced_poisson_hS2,8,0.9,15,24,proposed_bound_aware,min_Bidx_under_C_budget,20,4,"[5, 5, 5, 5]",balanced,poisson,1,2,4,"[[1, 4], [3, 2], [2, 3], [2, 3]]",8,"[2, 2, 2, 2]",24,150,0.84,94,4.7,,,,TIME_LIMIT,0.32727107086202323,64506.0,0.0014290809631347656,0.00715984869748354,30.000341176986694,30.007569938898087,6.0,OPTIMAL,0.0,187.0,0.0001800060272216797,0.007987329736351967,0.005877130664885044,0.00201416015625,0.004947596229612827,0.02919602394104004,0.04218766838312149,N20_L4_balanced_poisson_hS2
N20_L4_balanced_poisson_hS2,8,0.9,15,24,fixed_size_closest_dimension,fixed_size_3,20,4,"[5, 5, 5, 5]",balanced,poisson,1,2,4,"[[3, 2], [3, 2], [3, 2], [3, 2]]",8,"[2, 2, 2, 2]",24,150,0.84,343,17.15,,,,TIME_LIMIT,0.32727107086202323,64506.0,0.0014290809631347656,0.00715984869748354,30.000341176986694,30.007569938898087,8.35,OPTIMAL,0.0,346.0,0.00016999244689941406,1.3901852071285248e-05,1.3901852071285248e-05,0.0,0.0036838268861174583,0.047924041748046875,0.0516646783798933,N20_L4_balanced_poisson_hS2
N20_L4_balanced_poisson_hS2,8,0.9,15,24,threshold_closest_dimension,release_gap_threshold_10,20,4,"[5, 5, 5, 5]",balanced,poisson,1,2,4,"[[4, 1], [4, 1], [4, 1], [4, 1]]",8,"[2, 2, 2, 2]",24,150,0.84,331,16.55,,,,TIME_LIMIT,0.32727107086202323,64506.0,0.0014290809631347656,0.00715984869748354,30.000341176986694,30.007569938898087,8.35,OPTIMAL,0.0,152.0,0.00017189979553222656,7.715635001659393e-05,7.715635001659393e-05,0.0,0.004384065046906471,0.02940988540649414,0.03391406498849392,N20_L4_balanced_poisson_hS2
N20_L4_balanced_poisson_hS2,9,0.25,112,112,proposed_bound_aware,min_Bidx_under_C_budget,20,4,"[5, 5, 5, 5]",balanced,poisson,1,2,4,"[[2, 2, 1], [2, 1, 2], [3, 2], [1, 4]]",10,"[3, 3, 2, 2]",37,150,0.7533333333333333,0,0.0,0.0,True,5.4,OPTIMAL,1.9331792935372715e-05,80869.0,0.0012180805206298828,0.005767844617366791,27.40701913833618,27.412836435250938,5.4,OPTIMAL,0.0,691.0,0.0001800060272216797,0.007261322811245918,0.005387080833315849,0.0017859935760498047,0.0048306407406926155,0.06866598129272461,0.0808037705719471,N20_L4_balanced_poisson_hS2
N20_L4_balanced_poisson_hS2,9,0.25,112,112,fixed_size_closest_dimension,fixed_size_2,20,4,"[5, 5, 5, 5]",balanced,poisson,1,2,4,"[[2, 2, 1], [2, 2, 1], [2, 2, 1], [2, 2, 1]]",12,"[3, 3, 3, 3]",54,150,0.64,81,4.05,0.25,True,5.4,OPTIMAL,1.9331792935372715e-05,80869.0,0.0012180805206298828,0.005767844617366791,27.40701913833618,27.412836435250938,5.65,OPTIMAL,0.0,2114.0,0.0007359981536865234,1.435261219739914e-05,1.435261219739914e-05,0.0,0.0041187722235918045,0.2050180435180664,0.20919526647776365,N20_L4_balanced_poisson_hS2
N20_L4_balanced_poisson_hS2,9,0.25,112,112,threshold_closest_dimension,release_gap_threshold_0,20,4,"[5, 5, 5, 5]",balanced,poisson,1,2,4,"[[2, 1, 1, 1], [2, 1, 1, 1], [1, 2, 1, 1], [1, 2, 1, 1]]",16,"[4, 4, 4, 4]",96,150,0.36,0,0.0,0.0,True,5.4,OPTIMAL,1.9331792935372715e-05,80869.0,0.0012180805206298828,0.005767844617366791,27.40701913833618,27.412836435250938,5.4,OPTIMAL,0.0,10090.0,0.0010271072387695312,7.937941700220108e-05,7.937941700220108e-05,0.0,0.005755237303674221,1.8969180583953857,1.9028041465207934,N20_L4_balanced_poisson_hS2
N20_L4_balanced_poisson_hS2,9,0.5,75,75,proposed_bound_aware,min_Bidx_under_C_budget,20,4,"[5, 5, 5, 5]",balanced,poisson,1,2,4,"[[2, 2, 1], [2, 1, 2], [3, 2], [1, 4]]",10,"[3, 3, 2, 2]",37,150,0.7533333333333333,0,0.0,0.0,True,5.4,OPTIMAL,1.9331792935372715e-05,80869.0,0.0012180805206298828,0.005767844617366791,27.40701913833618,27.412836435250938,5.4,OPTIMAL,0.0,691.0,0.00017404556274414062,0.007556328549981117,0.005763888359069824,0.0017027854919433594,0.0040887584909796715,0.06854605674743652,0.08023687358945608,N20_L4_balanced_poisson_hS2
N20_L4_balanced_poisson_hS2,9,0.5,75,75,fixed_size_closest_dimension,fixed_size_2,20,4,"[5, 5, 5, 5]",balanced,poisson,1,2,4,"[[2, 2, 1], [2, 2, 1], [2, 2, 1], [2, 2, 1]]",12,"[3, 3, 3, 3]",54,150,0.64,81,4.05,0.25,True,5.4,OPTIMAL,1.9331792935372715e-05,80869.0,0.0012180805206298828,0.005767844617366791,27.40701913833618,27.412836435250938,5.65,OPTIMAL,0.0,2114.0,0.0007359981536865234,1.3700686395168304e-05,1.3700686395168304e-05,0.0,0.004088537767529488,0.20583701133728027,0.20998316630721092,N20_L4_balanced_poisson_hS2
N20_L4_balanced_poisson_hS2,9,0.5,75,75,threshold_closest_dimension,release_gap_threshold_1,20,4,"[5, 5, 5, 5]",balanced,poisson,1,2,4,"[[2, 2, 1], [2, 1, 2], [3, 2], [1, 4]]",10,"[3, 3, 2, 2]",37,150,0.7533333333333333,0,0.0,0.0,True,5.4,OPTIMAL,1.9331792935372715e-05,80869.0,0.0012180805206298828,0.005767844617366791,27.40701913833618,27.412836435250938,5.4,OPTIMAL,0.0,691.0,0.00017404556274414062,7.646530866622925e-05,7.646530866622925e-05,0.0,0.004107036627829075,0.06834602355957031,0.07257361337542534,N20_L4_balanced_poisson_hS2
N20_L4_balanced_poisson_hS2,9,0.75,38,38,proposed_bound_aware,min_Bidx_under_C_budget,20,4,"[5, 5, 5, 5]",balanced,poisson,1,2,4,"[[2, 2, 1], [2, 1, 2], [3, 2], [1, 4]]",10,"[3, 3, 2, 2]",37,150,0.7533333333333333,0,0.0,0.0,True,5.4,OPTIMAL,1.9331792935372715e-05,80869.0,0.0012180805206298828,0.005767844617366791,27.40701913833618,27.412836435250938,5.4,OPTIMAL,0.0,691.0,0.00017189979553222656,0.005907315760850906,0.0043035224080085754,0.0015230178833007812,0.0037968866527080536,0.06920504570007324,0.0789524707943201,N20_L4_balanced_poisson_hS2
N20_L4_balanced_poisson_hS2,9,0.75,38,38,fixed_size_closest_dimension,fixed_size_3,20,4,"[5, 5, 5, 5]",balanced,poisson,1,2,4,"[[3, 2], [3, 2], [3, 2], [3, 2]]",8,"[2, 2, 2, 2]",24,150,0.84,189,9.45,0.75,True,5.4,OPTIMAL,1.9331792935372715e-05,80869.0,0.0012180805206298828,0.005767844617366791,27.40701913833618,27.412836435250938,6.15,OPTIMAL,0.0,181.0,0.0005221366882324219,1.3511627912521362e-05,1.3511627912521362e-05,0.0,0.0035085324198007584,0.027402162551879883,0.030966633930802345,N20_L4_balanced_poisson_hS2
N20_L4_balanced_poisson_hS2,9,0.75,38,38,threshold_closest_dimension,release_gap_threshold_1,20,4,"[5, 5, 5, 5]",balanced,poisson,1,2,4,"[[2, 2, 1], [2, 1, 2], [3, 2], [1, 4]]",10,"[3, 3, 2, 2]",37,150,0.7533333333333333,0,0.0,0.0,True,5.4,OPTIMAL,1.9331792935372715e-05,80869.0,0.0012180805206298828,0.005767844617366791,27.40701913833618,27.412836435250938,5.4,OPTIMAL,0.0,691.0,0.0001709461212158203,7.447320967912674e-05,7.447320967912674e-05,0.0,0.004413489252328873,0.06818294525146484,0.07271378580480814,N20_L4_balanced_poisson_hS2
N20_L4_balanced_poisson_hS2,9,0.9,15,24,proposed_bound_aware,min_Bidx_under_C_budget,20,4,"[5, 5, 5, 5]",balanced,poisson,1,2,4,"[[2, 3], [2, 3], [3, 2], [1, 4]]",8,"[2, 2, 2, 2]",24,150,0.84,29,1.45,0.0,True,5.4,OPTIMAL,1.9331792935372715e-05,80869.0,0.0012180805206298828,0.005767844617366791,27.40701913833618,27.412836435250938,5.4,OPTIMAL,0.0,271.0,0.0005650520324707031,0.005762095563113689,0.004286778159439564,0.0013871192932128906,0.0037703076377511024,0.03160500526428223,0.04118116572499275,N20_L4_balanced_poisson_hS2
N20_L4_balanced_poisson_hS2,9,0.9,15,24,fixed_size_closest_dimension,fixed_size_3,20,4,"[5, 5, 5, 5]",balanced,poisson,1,2,4,"[[3, 2], [3, 2], [3, 2], [3, 2]]",8,"[2, 2, 2, 2]",24,150,0.84,189,9.45,0.75,True,5.4,OPTIMAL,1.9331792935372715e-05,80869.0,0.0012180805206298828,0.005767844617366791,27.40701913833618,27.412836435250938,6.15,OPTIMAL,0.0,181.0,0.0005240440368652344,3.854930400848389e-05,3.854930400848389e-05,0.0,0.004044180735945702,0.028702974319458008,0.03282916825264692,N20_L4_balanced_poisson_hS2
N20_L4_balanced_poisson_hS2,9,0.9,15,24,threshold_closest_dimension,release_gap_threshold_2,20,4,"[5, 5, 5, 5]",balanced,poisson,1,2,4,"[[2, 3], [2, 3], [3, 2], [4, 1]]",8,"[2, 2, 2, 2]",24,150,0.84,46,2.3,0.0,True,5.4,OPTIMAL,1.9331792935372715e-05,80869.0,0.0012180805206298828,0.005767844617366791,27.40701913833618,27.412836435250938,5.4,OPTIMAL,0.0,209.0,0.0005230903625488281,3.0366703867912292e-05,3.0366703867912292e-05,0.0,0.003525366075336933,0.031157970428466797,0.03475672006607056,N20_L4_balanced_poisson_hS2
N20_L4_balanced_poisson_hS2,10,0.25,112,112,proposed_bound_aware,min_Bidx_under_C_budget,20,4,"[5, 5, 5, 5]",balanced,poisson,1,2,4,"[[1, 2, 2], [2, 1, 1, 1], [1, 3, 1], [3, 2]]",12,"[3, 4, 3, 2]",53,150,0.6466666666666666,0,0.0,,,,TIME_LIMIT,0.40673396789381133,53415.0,0.0012140274047851562,0.006486031226813793,30.000333070755005,30.00686915125698,7.5,OPTIMAL,0.0,4042.0,0.000782012939453125,0.007048130035400391,0.005049639381468296,0.001909017562866211,0.004750698804855347,0.32761096954345703,0.3394583538174629,N20_L4_balanced_poisson_hS2
N20_L4_balanced_poisson_hS2,10,0.25,112,112,fixed_size_closest_dimension,fixed_size_2,20,4,"[5, 5, 5, 5]",balanced,poisson,1,2,4,"[[2, 2, 1], [2, 2, 1], [2, 2, 1], [2, 2, 1]]",12,"[3, 3, 3, 3]",54,150,0.64,134,6.7,,,,TIME_LIMIT,0.40673396789381133,53415.0,0.0012140274047851562,0.006486031226813793,30.000333070755005,30.00686915125698,7.85,OPTIMAL,0.0,5611.0,0.0007338523864746094,3.895815461874008e-05,3.895815461874008e-05,0.0,0.005111774429678917,0.7101128101348877,0.7153120338916779,N20_L4_balanced_poisson_hS2
N20_L4_balanced_poisson_hS2,10,0.25,112,112,threshold_closest_dimension,release_gap_threshold_1,20,4,"[5, 5, 5, 5]",balanced,poisson,1,2,4,"[[1, 2, 2], [2, 1, 1, 1], [1, 3, 1], [3, 2]]",12,"[3, 4, 3, 2]",53,150,0.6466666666666666,0,0.0,,,,TIME_LIMIT,0.40673396789381133,53415.0,0.0012140274047851562,0.006486031226813793,30.000333070755005,30.00686915125698,7.5,OPTIMAL,0.0,4042.0,0.0007538795471191406,7.326994091272354e-05,7.326994091272354e-05,0.0,0.004924972541630268,0.3246610164642334,0.329706228338182,N20_L4_balanced_poisson_hS2
N20_L4_balanced_poisson_hS2,10,0.5,75,75,proposed_bound_aware,min_Bidx_under_C_budget,20,4,"[5, 5, 5, 5]",balanced,poisson,1,2,4,"[[1, 2, 2], [2, 1, 1, 1], [1, 3, 1], [3, 2]]",12,"[3, 4, 3, 2]",53,150,0.6466666666666666,0,0.0,,,,TIME_LIMIT,0.40673396789381133,53415.0,0.0012140274047851562,0.006486031226813793,30.000333070755005,30.00686915125698,7.5,OPTIMAL,0.0,4042.0,0.0007479190826416016,0.006407422013580799,0.004925122484564781,0.0013899803161621094,0.0040951985865831375,0.32626891136169434,0.3368174936622381,N20_L4_balanced_poisson_hS2
N20_L4_balanced_poisson_hS2,10,0.5,75,75,fixed_size_closest_dimension,fixed_size_2,20,4,"[5, 5, 5, 5]",balanced,poisson,1,2,4,"[[2, 2, 1], [2, 2, 1], [2, 2, 1], [2, 2, 1]]",12,"[3, 3, 3, 3]",54,150,0.64,134,6.7,,,,TIME_LIMIT,0.40673396789381133,53415.0,0.0012140274047851562,0.006486031226813793,30.000333070755005,30.00686915125698,7.85,OPTIMAL,0.0,5611.0,0.0008721351623535156,4.441756755113602e-05,4.441756755113602e-05,0.0,0.005238776095211506,0.7105960845947266,0.715938831679523,N20_L4_balanced_poisson_hS2
N20_L4_balanced_poisson_hS2,10,0.5,75,75,threshold_closest_dimension,release_gap_threshold_1,20,4,"[5, 5, 5, 5]",balanced,poisson,1,2,4,"[[1, 2, 2], [2, 1, 1, 1], [1, 3, 1], [3, 2]]",12,"[3, 4, 3, 2]",53,150,0.6466666666666666,0,0.0,,,,TIME_LIMIT,0.40673396789381133,53415.0,0.0012140274047851562,0.006486031226813793,30.000333070755005,30.00686915125698,7.5,OPTIMAL,0.0,4042.0,0.0008878707885742188,8.890405297279358e-05,8.890405297279358e-05,0.0,0.005465429276227951,0.328510046005249,0.33412323147058487,N20_L4_balanced_poisson_hS2
N20_L4_balanced_poisson_hS2,10,0.75,38,38,proposed_bound_aware,min_Bidx_under_C_budget,20,4,"[5, 5, 5, 5]",balanced,poisson,1,2,4,"[[1, 4], [3, 1, 1], [1, 3, 1], [3, 2]]",10,"[2, 3, 3, 2]",37,150,0.7533333333333333,31,1.55,,,,TIME_LIMIT,0.40673396789381133,53415.0,0.0012140274047851562,0.006486031226813793,30.000333070755005,30.00686915125698,7.5,OPTIMAL,0.0,977.0,0.0007128715515136719,0.009325089864432812,0.006110302172601223,0.0031120777130126953,0.004160366952419281,0.08587288856506348,0.0994132999330759,N20_L4_balanced_poisson_hS2
N20_L4_balanced_poisson_hS2,10,0.75,38,38,fixed_size_closest_dimension,fixed_size_3,20,4,"[5, 5, 5, 5]",balanced,poisson,1,2,4,"[[3, 2], [3, 2], [3, 2], [3, 2]]",8,"[2, 2, 2, 2]",24,150,0.84,164,8.2,,,,TIME_LIMIT,0.40673396789381133,53415.0,0.0012140274047851562,0.006486031226813793,30.000333070755005,30.00686915125698,7.65,OPTIMAL,0.0,663.0,0.0005440711975097656,5.6595541536808014e-05,5.6595541536808014e-05,0.0,0.003824779763817787,0.06177806854248047,0.0657017296180129,N20_L4_balanced_poisson_hS2
N20_L4_balanced_poisson_hS2,10,0.75,38,38,threshold_closest_dimension,release_gap_threshold_2,20,4,"[5, 5, 5, 5]",balanced,poisson,1,2,4,"[[1, 4], [3, 1, 1], [4, 1], [4, 1]]",9,"[2, 3, 2, 2]",30,150,0.8,63,3.15,,,,TIME_LIMIT,0.40673396789381133,53415.0,0.0012140274047851562,0.006486031226813793,30.000333070755005,30.00686915125698,7.9,OPTIMAL,0.0,368.0,0.0007188320159912109,7.93086364865303e-05,7.93086364865303e-05,0.0,0.00490154605358839,0.05230903625488281,0.05734571162611246,N20_L4_balanced_poisson_hS2
N20_L4_balanced_poisson_hS2,10,0.9,15,24,proposed_bound_aware,min_Bidx_under_C_budget,20,4,"[5, 5, 5, 5]",balanced,poisson,1,2,4,"[[1, 4], [3, 2], [4, 1], [3, 2]]",8,"[2, 2, 2, 2]",24,150,0.84,78,3.9,,,,TIME_LIMIT,0.40673396789381133,53415.0,0.0012140274047851562,0.006486031226813793,30.000333070755005,30.00686915125698,7.5,OPTIMAL,0.0,210.0,0.00016379356384277344,0.0066696275025606155,0.004837358370423317,0.001750946044921875,0.0035073496401309967,0.02737879753112793,0.037599013186991215,N20_L4_balanced_poisson_hS2
N20_L4_balanced_poisson_hS2,10,0.9,15,24,fixed_size_closest_dimension,fixed_size_3,20,4,"[5, 5, 5, 5]",balanced,poisson,1,2,4,"[[3, 2], [3, 2], [3, 2], [3, 2]]",8,"[2, 2, 2, 2]",24,150,0.84,164,8.2,,,,TIME_LIMIT,0.40673396789381133,53415.0,0.0012140274047851562,0.006486031226813793,30.000333070755005,30.00686915125698,7.65,OPTIMAL,0.0,663.0,0.0005419254302978516,4.6661123633384705e-05,4.6661123633384705e-05,0.0,0.003867514431476593,0.06201887130737305,0.06597709748893976,N20_L4_balanced_poisson_hS2
N20_L4_balanced_poisson_hS2,10,0.9,15,24,threshold_closest_dimension,release_gap_threshold_3,20,4,"[5, 5, 5, 5]",balanced,poisson,1,2,4,"[[1, 4], [4, 1], [4, 1], [4, 1]]",8,"[2, 2, 2, 2]",24,150,0.84,95,4.75,,,,TIME_LIMIT,0.40673396789381133,53415.0,0.0012140274047851562,0.006486031226813793,30.000333070755005,30.00686915125698,7.9,OPTIMAL,0.0,179.0,0.00017905235290527344,9.081792086362839e-05,9.081792086362839e-05,0.0,0.005103452131152153,0.026648998260498047,0.03190040495246649,N20_L4_balanced_poisson_hS2
N20_L4_balanced_poisson_hS2,11,0.25,112,112,proposed_bound_aware,min_Bidx_under_C_budget,20,4,"[5, 5, 5, 5]",balanced,poisson,1,2,4,"[[1, 1, 2, 1], [1, 4], [4, 1], [2, 2, 1]]",11,"[4, 2, 2, 3]",44,150,0.7066666666666667,0,0.0,0.0,True,5.2,OPTIMAL,0.0,31969.0,0.0014531612396240234,0.007012275047600269,10.174149990081787,10.181226471439004,5.2,OPTIMAL,0.0,512.0,0.00014591217041015625,0.007628807798027992,0.0058377208188176155,0.0016961097717285156,0.0041368212550878525,0.05965709686279297,0.07146833371371031,N20_L4_balanced_poisson_hS2
N20_L4_balanced_poisson_hS2,11,0.25,112,112,fixed_size_closest_dimension,fixed_size_2,20,4,"[5, 5, 5, 5]",balanced,poisson,1,2,4,"[[2, 2, 1], [2, 2, 1], [2, 2, 1], [2, 2, 1]]",12,"[3, 3, 3, 3]",54,150,0.64,53,2.65,0.0,True,5.2,OPTIMAL,0.0,31969.0,0.0014531612396240234,0.007012275047600269,10.174149990081787,10.181226471439004,5.2,OPTIMAL,0.0,960.0,0.0009620189666748047,4.1182152926921844e-05,4.1182152926921844e-05,0.0,0.005487912334501743,0.1103670597076416,0.11595711950212717,N20_L4_balanced_poisson_hS2
N20_L4_balanced_poisson_hS2,11,0.25,112,112,threshold_closest_dimension,release_gap_threshold_0,20,4,"[5, 5, 5, 5]",balanced,poisson,1,2,4,"[[1, 1, 2, 1], [1, 4], [1, 1, 1, 1, 1], [2, 1, 1, 1]]",15,"[4, 2, 5, 4]",82,150,0.4533333333333333,0,0.0,0.0,True,5.2,OPTIMAL,0.0,31969.0,0.0014531612396240234,0.007012275047600269,10.174149990081787,10.181226471439004,5.2,OPTIMAL,0.0,9143.0,0.001016855239868164,7.831864058971405e-05,7.831864058971405e-05,0.0,0.0046159448102116585,1.4330458641052246,1.4377925070002675,N20_L4_balanced_poisson_hS2
N20_L4_balanced_poisson_hS2,11,0.5,75,75,proposed_bound_aware,min_Bidx_under_C_budget,20,4,"[5, 5, 5, 5]",balanced,poisson,1,2,4,"[[1, 1, 2, 1], [1, 4], [4, 1], [2, 2, 1]]",11,"[4, 2, 2, 3]",44,150,0.7066666666666667,0,0.0,0.0,True,5.2,OPTIMAL,0.0,31969.0,0.0014531612396240234,0.007012275047600269,10.174149990081787,10.181226471439004,5.2,OPTIMAL,0.0,512.0,0.00014901161193847656,0.007603669539093971,0.005865603685379028,0.0016498565673828125,0.004115608520805836,0.05931806564331055,0.07108225021511316,N20_L4_balanced_poisson_hS2
N20_L4_balanced_poisson_hS2,11,0.5,75,75,fixed_size_closest_dimension,fixed_size_2,20,4,"[5, 5, 5, 5]",balanced,poisson,1,2,4,"[[2, 2, 1], [2, 2, 1], [2, 2, 1], [2, 2, 1]]",12,"[3, 3, 3, 3]",54,150,0.64,53,2.65,0.0,True,5.2,OPTIMAL,0.0,31969.0,0.0014531612396240234,0.007012275047600269,10.174149990081787,10.181226471439004,5.2,OPTIMAL,0.0,960.0,0.0007259845733642578,1.4301389455795288e-05,1.4301389455795288e-05,0.0,0.004001927562057972,0.10904717445373535,0.11310713272541761,N20_L4_balanced_poisson_hS2
N20_L4_balanced_poisson_hS2,11,0.5,75,75,threshold_closest_dimension,release_gap_threshold_1,20,4,"[5, 5, 5, 5]",balanced,poisson,1,2,4,"[[1, 1, 2, 1], [1, 4], [4, 1], [2, 2, 1]]",11,"[4, 2, 2, 3]",44,150,0.7066666666666667,0,0.0,0.0,True,5.2,OPTIMAL,0.0,31969.0,0.0014531612396240234,0.007012275047600269,10.174149990081787,10.181226471439004,5.2,OPTIMAL,0.0,512.0,0.00014400482177734375,2.8742477297782898e-05,2.8742477297782898e-05,0.0,0.0038934433832764626,0.05904793739318848,0.063013456761837,N20_L4_balanced_poisson_hS2
N20_L4_balanced_poisson_hS2,11,0.75,38,38,proposed_bound_aware,min_Bidx_under_C_budget,20,4,"[5, 5, 5, 5]",balanced,poisson,1,2,4,"[[1, 1, 2, 1], [1, 4], [4, 1], [4, 1]]",10,"[4, 2, 2, 2]",36,150,0.76,16,0.8,0.0,True,5.2,OPTIMAL,0.0,31969.0,0.0014531612396240234,0.007012275047600269,10.174149990081787,10.181226471439004,5.2,OPTIMAL,0.0,283.0,0.0006668567657470703,0.006246809847652912,0.004492268897593021,0.0016689300537109375,0.0040461234748363495,0.03735494613647461,0.04769153520464897,N20_L4_balanced_poisson_hS2
N20_L4_balanced_poisson_hS2,11,0.75,38,38,fixed_size_closest_dimension,fixed_size_3,20,4,"[5, 5, 5, 5]",balanced,poisson,1,2,4,"[[3, 2], [3, 2], [3, 2], [3, 2]]",8,"[2, 2, 2, 2]",24,150,0.84,405,20.25,0.25,True,5.2,OPTIMAL,0.0,31969.0,0.0014531612396240234,0.007012275047600269,10.174149990081787,10.181226471439004,5.45,OPTIMAL,0.0,76.0,0.0005269050598144531,1.3340264558792114e-05,1.3340264558792114e-05,0.0,0.003501330502331257,0.02311086654663086,0.02666876930743456,N20_L4_balanced_poisson_hS2
N20_L4_balanced_poisson_hS2,11,0.75,38,38,threshold_closest_dimension,release_gap_threshold_2,20,4,"[5, 5, 5, 5]",balanced,poisson,1,2,4,"[[1, 1, 2, 1], [4, 1], [4, 1], [4, 1]]",10,"[4, 2, 2, 2]",36,150,0.76,33,1.65,0.0,True,5.2,OPTIMAL,0.0,31969.0,0.0014531612396240234,0.007012275047600269,10.174149990081787,10.181226471439004,5.2,OPTIMAL,0.0,338.0,0.0006659030914306641,6.418675184249878e-05,6.418675184249878e-05,0.0,0.0043844543397426605,0.050579071044921875,0.055071366019546986,N20_L4_balanced_poisson_hS2
N20_L4_balanced_poisson_hS2,11,0.9,15,24,proposed_bound_aware,min_Bidx_under_C_budget,20,4,"[5, 5, 5, 5]",balanced,poisson,1,2,4,"[[2, 3], [1, 4], [4, 1], [4, 1]]",8,"[2, 2, 2, 2]",24,150,0.84,98,4.9,0.09999999999999964,True,5.2,OPTIMAL,0.0,31969.0,0.0014531612396240234,0.007012275047600269,10.174149990081787,10.181226471439004,5.3,OPTIMAL,0.0,172.0,0.00015997886657714844,0.008222294971346855,0.005847375839948654,0.002279996871948242,0.0035393182188272476,0.024402141571044922,0.03621248994022608,N20_L4_balanced_poisson_hS2
N20_L4_balanced_poisson_hS2,11,0.9,15,24,fixed_size_closest_dimension,fixed_size_3,20,4,"[5, 5, 5, 5]",balanced,poisson,1,2,4,"[[3, 2], [3, 2], [3, 2], [3, 2]]",8,"[2, 2, 2, 2]",24,150,0.84,405,20.25,0.25,True,5.2,OPTIMAL,0.0,31969.0,0.0014531612396240234,0.007012275047600269,10.174149990081787,10.181226471439004,5.45,OPTIMAL,0.0,76.0,0.0005290508270263672,3.966968506574631e-05,3.966968506574631e-05,0.0,0.004003128968179226,0.023134946823120117,0.027220712043344975,N20_L4_balanced_poisson_hS2
N20_L4_balanced_poisson_hS2,11,0.9,15,24,threshold_closest_dimension,release_gap_threshold_13,20,4,"[5, 5, 5, 5]",balanced,poisson,1,2,4,"[[4, 1], [4, 1], [4, 1], [4, 1]]",8,"[2, 2, 2, 2]",24,150,0.84,283,14.15,0.0,True,5.2,OPTIMAL,0.0,31969.0,0.0014531612396240234,0.007012275047600269,10.174149990081787,10.181226471439004,5.2,OPTIMAL,0.0,65.0,0.00014710426330566406,9.505264461040497e-05,9.505264461040497e-05,0.0,0.005081838928163052,0.022422075271606445,0.027655238285660744,N20_L4_balanced_poisson_hS2
N20_L4_balanced_poisson_hS2,12,0.25,112,112,proposed_bound_aware,min_Bidx_under_C_budget,20,4,"[5, 5, 5, 5]",balanced,poisson,1,2,4,"[[2, 1, 1, 1], [1, 1, 1, 2], [1, 2, 2], [2, 1, 2]]",14,"[4, 4, 3, 3]",73,150,0.5133333333333333,0,0.0,0.0,True,3.25,OPTIMAL,0.0,11733.0,0.0014340877532958984,0.006945215165615082,2.807720184326172,2.81472734361887,3.25,OPTIMAL,0.0,1638.0,0.0008938312530517578,0.007190394215285778,0.005383184179663658,0.0017189979553222656,0.004593300633132458,0.18786191940307617,0.1996920183300972,N20_L4_balanced_poisson_hS2
N20_L4_balanced_poisson_hS2,12,0.25,112,112,fixed_size_closest_dimension,fixed_size_2,20,4,"[5, 5, 5, 5]",balanced,poisson,1,2,4,"[[2, 2, 1], [2, 2, 1], [2, 2, 1], [2, 2, 1]]",12,"[3, 3, 3, 3]",54,150,0.64,215,10.75,0.1499999999999999,True,3.25,OPTIMAL,0.0,11733.0,0.0014340877532958984,0.006945215165615082,2.807720184326172,2.81472734361887,3.4,OPTIMAL,0.0,340.0,0.0007061958312988281,3.3750198781490326e-05,3.3750198781490326e-05,0.0,0.004608042538166046,0.07697510719299316,0.08166084345430136,N20_L4_balanced_poisson_hS2
N20_L4_balanced_poisson_hS2,12,0.25,112,112,threshold_closest_dimension,release_gap_threshold_1,20,4,"[5, 5, 5, 5]",balanced,poisson,1,2,4,"[[2, 1, 1, 1], [1, 1, 1, 2], [1, 2, 2], [2, 1, 2]]",14,"[4, 4, 3, 3]",73,150,0.5133333333333333,0,0.0,0.0,True,3.25,OPTIMAL,0.0,11733.0,0.0014340877532958984,0.006945215165615082,2.807720184326172,2.81472734361887,3.25,OPTIMAL,0.0,1638.0,0.0008499622344970703,7.222872227430344e-05,7.222872227430344e-05,0.0,0.005313449539244175,0.18918108940124512,0.19461271353065968,N20_L4_balanced_poisson_hS2
N20_L4_balanced_poisson_hS2,12,0.5,75,75,proposed_bound_aware,min_Bidx_under_C_budget,20,4,"[5, 5, 5, 5]",balanced,poisson,1,2,4,"[[2, 1, 1, 1], [1, 1, 1, 2], [1, 2, 2], [2, 1, 2]]",14,"[4, 4, 3, 3]",73,150,0.5133333333333333,0,0.0,0.0,True,3.25,OPTIMAL,0.0,11733.0,0.0014340877532958984,0.006945215165615082,2.807720184326172,2.81472734361887,3.25,OPTIMAL,0.0,1638.0,0.0008709430694580078,0.006317947059869766,0.00439881719648838,0.001837015151977539,0.004763578064739704,0.18819212913513184,0.19931840430945158,N20_L4_balanced_poisson_hS2
N20_L4_balanced_poisson_hS2,12,0.5,75,75,fixed_size_closest_dimension,fixed_size_2,20,4,"[5, 5, 5, 5]",balanced,poisson,1,2,4,"[[2, 2, 1], [2, 2, 1], [2, 2, 1], [2, 2, 1]]",12,"[3, 3, 3, 3]",54,150,0.64,215,10.75,0.1499999999999999,True,3.25,OPTIMAL,0.0,11733.0,0.0014340877532958984,0.006945215165615082,2.807720184326172,2.81472734361887,3.4,OPTIMAL,0.0,340.0,0.0006940364837646484,4.1212886571884155e-05,4.1212886571884155e-05,0.0,0.005205376073718071,0.07728195190429688,0.08257213328033686,N20_L4_balanced_poisson_hS2
N20_L4_balanced_poisson_hS2,12,0.5,75,75,threshold_closest_dimension,release_gap_threshold_1,20,4,"[5, 5, 5, 5]",balanced,poisson,1,2,4,"[[2, 1, 1, 1], [1, 1, 1, 2], [1, 2, 2], [2, 1, 2]]",14,"[4, 4, 3, 3]",73,150,0.5133333333333333,0,0.0,0.0,True,3.25,OPTIMAL,0.0,11733.0,0.0014340877532958984,0.006945215165615082,2.807720184326172,2.81472734361887,3.25,OPTIMAL,0.0,1638.0,0.0008499622344970703,2.4497509002685547e-05,2.4497509002685547e-05,0.0,0.0054824138060212135,0.18654298782348633,0.19209370762109756,N20_L4_balanced_poisson_hS2
N20_L4_balanced_poisson_hS2,12,0.75,38,38,proposed_bound_aware,min_Bidx_under_C_budget,20,4,"[5, 5, 5, 5]",balanced,poisson,1,2,4,"[[3, 2], [1, 1, 3], [3, 2], [2, 1, 2]]",10,"[2, 3, 2, 3]",37,150,0.7533333333333333,78,3.9,0.0,True,3.25,OPTIMAL,0.0,11733.0,0.0014340877532958984,0.006945215165615082,2.807720184326172,2.81472734361887,3.25,OPTIMAL,0.0,251.0,0.00015091896057128906,0.006105034612119198,0.004340428858995438,0.0016829967498779297,0.004282231442630291,0.027441978454589844,0.037872438319027424,N20_L4_balanced_poisson_hS2
N20_L4_balanced_poisson_hS2,12,0.75,38,38,fixed_size_closest_dimension,fixed_size_3,20,4,"[5, 5, 5, 5]",balanced,poisson,1,2,4,"[[3, 2], [3, 2], [3, 2], [3, 2]]",8,"[2, 2, 2, 2]",24,150,0.84,221,11.05,1.0,True,3.25,OPTIMAL,0.0,11733.0,0.0014340877532958984,0.006945215165615082,2.807720184326172,2.81472734361887,4.25,OPTIMAL,0.0,121.0,0.00014090538024902344,1.3220123946666718e-05,1.3220123946666718e-05,0.0,0.003494580276310444,0.02058577537536621,0.024136302061378956,N20_L4_balanced_poisson_hS2
N20_L4_balanced_poisson_hS2,12,0.75,38,38,threshold_closest_dimension,release_gap_threshold_3,20,4,"[5, 5, 5, 5]",balanced,poisson,1,2,4,"[[4, 1], [2, 3], [4, 1], [3, 2]]",8,"[2, 2, 2, 2]",24,150,0.84,182,9.1,1.0,True,3.25,OPTIMAL,0.0,11733.0,0.0014340877532958984,0.006945215165615082,2.807720184326172,2.81472734361887,4.25,OPTIMAL,0.0,82.0,0.0001609325408935547,7.486250251531601e-05,7.486250251531601e-05,0.0,0.004748825915157795,0.021981000900268555,0.02686090860515833,N20_L4_balanced_poisson_hS2
N20_L4_balanced_poisson_hS2,12,0.9,15,24,proposed_bound_aware,min_Bidx_under_C_budget,20,4,"[5, 5, 5, 5]",balanced,poisson,1,2,4,"[[3, 2], [2, 3], [3, 2], [3, 2]]",8,"[2, 2, 2, 2]",24,150,0.84,148,7.4,1.0,True,3.25,OPTIMAL,0.0,11733.0,0.0014340877532958984,0.006945215165615082,2.807720184326172,2.81472734361887,4.25,OPTIMAL,0.0,136.0,0.00015997886657714844,0.008798515424132347,0.005677248351275921,0.003031015396118164,0.003538847900927067,0.02154397964477539,0.03393574059009552,N20_L4_balanced_poisson_hS2
N20_L4_balanced_poisson_hS2,12,0.9,15,24,fixed_size_closest_dimension,fixed_size_3,20,4,"[5, 5, 5, 5]",balanced,poisson,1,2,4,"[[3, 2], [3, 2], [3, 2], [3, 2]]",8,"[2, 2, 2, 2]",24,150,0.84,221,11.05,1.0,True,3.25,OPTIMAL,0.0,11733.0,0.0014340877532958984,0.006945215165615082,2.807720184326172,2.81472734361887,4.25,OPTIMAL,0.0,121.0,0.000141143798828125,3.9099715650081635e-05,3.9099715650081635e-05,0.0,0.003852561116218567,0.02105998992919922,0.024995109997689724,N20_L4_balanced_poisson_hS2
N20_L4_balanced_poisson_hS2,12,0.9,15,24,threshold_closest_dimension,release_gap_threshold_3,20,4,"[5, 5, 5, 5]",balanced,poisson,1,2,4,"[[4, 1], [2, 3], [4, 1], [3, 2]]",8,"[2, 2, 2, 2]",24,150,0.84,182,9.1,1.0,True,3.25,OPTIMAL,0.0,11733.0,0.0014340877532958984,0.006945215165615082,2.807720184326172,2.81472734361887,4.25,OPTIMAL,0.0,82.0,0.0001468658447265625,6.727036088705063e-05,6.727036088705063e-05,0.0,0.0046036457642912865,0.021615028381347656,0.026329554617404938,N20_L4_balanced_poisson_hS2
N20_L4_balanced_poisson_hS2,13,0.25,112,112,proposed_bound_aware,min_Bidx_under_C_budget,20,4,"[5, 5, 5, 5]",balanced,poisson,1,2,4,"[[3, 1, 1], [1, 1, 2, 1], [3, 1, 1], [2, 3]]",12,"[3, 4, 3, 2]",53,150,0.6466666666666666,0,0.0,,,,TIME_LIMIT,0.3074311755952448,62801.0,0.0013980865478515625,0.007494254037737846,30.000123023986816,30.007681000046432,6.4,OPTIMAL,0.0,2441.0,0.0007660388946533203,0.007816070690751076,0.0059034209698438644,0.0018219947814941406,0.005042740143835545,0.22956204414367676,0.2424743976444006,N20_L4_balanced_poisson_hS2
N20_L4_balanced_poisson_hS2,13,0.25,112,112,fixed_size_closest_dimension,fixed_size_2,20,4,"[5, 5, 5, 5]",balanced,poisson,1,2,4,"[[2, 2, 1], [2, 2, 1], [2, 2, 1], [2, 2, 1]]",12,"[3, 3, 3, 3]",54,150,0.64,157,7.85,,,,TIME_LIMIT,0.3074311755952448,62801.0,0.0013980865478515625,0.007494254037737846,30.000123023986816,30.007681000046432,6.4,OPTIMAL,0.0,1603.0,0.0007500648498535156,1.4311634004116058e-05,1.4311634004116058e-05,0.0,0.004270133562386036,0.1977400779724121,0.20206942316144705,N20_L4_balanced_poisson_hS2
N20_L4_balanced_poisson_hS2,13,0.25,112,112,threshold_closest_dimension,release_gap_threshold_0,20,4,"[5, 5, 5, 5]",balanced,poisson,1,2,4,"[[2, 1, 1, 1], [1, 1, 2, 1], [2, 1, 1, 1], [1, 1, 1, 2]]",16,"[4, 4, 4, 4]",96,150,0.36,0,0.0,,,,TIME_LIMIT,0.3074311755952448,62801.0,0.0013980865478515625,0.007494254037737846,30.000123023986816,30.007681000046432,6.4,OPTIMAL,0.0,28184.0,0.0010340213775634766,7.878057658672333e-05,7.878057658672333e-05,0.0,0.005792942829430103,8.664026975631714,8.669948910363019,N20_L4_balanced_poisson_hS2
N20_L4_balanced_poisson_hS2,13,0.5,75,75,proposed_bound_aware,min_Bidx_under_C_budget,20,4,"[5, 5, 5, 5]",balanced,poisson,1,2,4,"[[3, 1, 1], [1, 1, 2, 1], [3, 1, 1], [2, 3]]",12,"[3, 4, 3, 2]",53,150,0.6466666666666666,0,0.0,,,,TIME_LIMIT,0.3074311755952448,62801.0,0.0013980865478515625,0.007494254037737846,30.000123023986816,30.007681000046432,6.4,OPTIMAL,0.0,2441.0,0.0007688999176025391,0.0074021052569150925,0.0054711876437067986,0.001837015151977539,0.004253918305039406,0.23065781593322754,0.24236119724810123,N20_L4_balanced_poisson_hS2
N20_L4_balanced_poisson_hS2,13,0.5,75,75,fixed_size_closest_dimension,fixed_size_2,20,4,"[5, 5, 5, 5]",balanced,poisson,1,2,4,"[[2, 2, 1], [2, 2, 1], [2, 2, 1], [2, 2, 1]]",12,"[3, 3, 3, 3]",54,150,0.64,157,7.85,,,,TIME_LIMIT,0.3074311755952448,62801.0,0.0013980865478515625,0.007494254037737846,30.000123023986816,30.007681000046432,6.4,OPTIMAL,0.0,1603.0,0.0008909702301025391,3.521330654621124e-05,3.521330654621124e-05,0.0,0.005043450742959976,0.19667696952819824,0.2018131362274289,N20_L4_balanced_poisson_hS2
N20_L4_balanced_poisson_hS2,13,0.5,75,75,threshold_closest_dimension,release_gap_threshold_1,20,4,"[5, 5, 5, 5]",balanced,poisson,1,2,4,"[[3, 1, 1], [1, 1, 2, 1], [3, 1, 1], [4, 1]]",12,"[3, 4, 3, 2]",53,150,0.6466666666666666,0,0.0,,,,TIME_LIMIT,0.3074311755952448,62801.0,0.0013980865478515625,0.007494254037737846,30.000123023986816,30.007681000046432,6.4,OPTIMAL,0.0,2023.0,0.0007920265197753906,7.80085101723671e-05,7.80085101723671e-05,0.0,0.005065664649009705,0.1814432144165039,0.18663211725652218,N20_L4_balanced_poisson_hS2
N20_L4_balanced_poisson_hS2,13,0.75,38,38,proposed_bound_aware,min_Bidx_under_C_budget,20,4,"[5, 5, 5, 5]",balanced,poisson,1,2,4,"[[4, 1], [1, 1, 2, 1], [3, 2], [4, 1]]",10,"[2, 4, 2, 2]",36,150,0.76,29,1.45,,,,TIME_LIMIT,0.3074311755952448,62801.0,0.0013980865478515625,0.007494254037737846,30.000123023986816,30.007681000046432,6.4,OPTIMAL,0.0,705.0,0.00015997886657714844,0.0091171870008111,0.005417215637862682,0.003595113754272461,0.004449443891644478,0.06903195381164551,0.08264750801026821,N20_L4_balanced_poisson_hS2
N20_L4_balanced_poisson_hS2,13,0.75,38,38,fixed_size_closest_dimension,fixed_size_3,20,4,"[5, 5, 5, 5]",balanced,poisson,1,2,4,"[[3, 2], [3, 2], [3, 2], [3, 2]]",8,"[2, 2, 2, 2]",24,150,0.84,235,11.75,,,,TIME_LIMIT,0.3074311755952448,62801.0,0.0013980865478515625,0.007494254037737846,30.000123023986816,30.007681000046432,6.4,OPTIMAL,0.0,237.0,0.0005481243133544922,1.3440847396850586e-05,1.3440847396850586e-05,0.0,0.0034857774153351784,0.03400301933288574,0.03754565492272377,N20_L4_balanced_poisson_hS2
N20_L4_balanced_poisson_hS2,13,0.75,38,38,threshold_closest_dimension,release_gap_threshold_2,20,4,"[5, 5, 5, 5]",balanced,poisson,1,2,4,"[[4, 1], [1, 1, 2, 1], [3, 2], [4, 1]]",10,"[2, 4, 2, 2]",36,150,0.76,29,1.45,,,,TIME_LIMIT,0.3074311755952448,62801.0,0.0013980865478515625,0.007494254037737846,30.000123023986816,30.007681000046432,6.4,OPTIMAL,0.0,705.0,0.000164031982421875,6.899423897266388e-05,6.899423897266388e-05,0.0,0.004279927350580692,0.06913518905639648,0.07352725602686405,N20_L4_balanced_poisson_hS2
N20_L4_balanced_poisson_hS2,13,0.9,15,24,proposed_bound_aware,min_Bidx_under_C_budget,20,4,"[5, 5, 5, 5]",balanced,poisson,1,2,4,"[[4, 1], [1, 4], [3, 2], [4, 1]]",8,"[2, 2, 2, 2]",24,150,0.84,111,5.55,,,,TIME_LIMIT,0.3074311755952448,62801.0,0.0013980865478515625,0.007494254037737846,30.000123023986816,30.007681000046432,6.4,OPTIMAL,0.0,263.0,0.00017118453979492188,0.009032930247485638,0.004272475838661194,0.004673004150390625,0.0034850360825657845,0.03350400924682617,0.04606612026691437,N20_L4_balanced_poisson_hS2
N20_L4_balanced_poisson_hS2,13,0.9,15,24,fixed_size_closest_dimension,fixed_size_3,20,4,"[5, 5, 5, 5]",balanced,poisson,1,2,4,"[[3, 2], [3, 2], [3, 2], [3, 2]]",8,"[2, 2, 2, 2]",24,150,0.84,235,11.75,,,,TIME_LIMIT,0.3074311755952448,62801.0,0.0013980865478515625,0.007494254037737846,30.000123023986816,30.007681000046432,6.4,OPTIMAL,0.0,237.0,0.0007870197296142578,4.693027585744858e-05,4.693027585744858e-05,0.0,0.005272037349641323,0.03400778770446777,0.039387527853250504,N20_L4_balanced_poisson_hS2
N20_L4_balanced_poisson_hS2,13,0.9,15,24,threshold_closest_dimension,release_gap_threshold_4,20,4,"[5, 5, 5, 5]",balanced,poisson,1,2,4,"[[4, 1], [1, 4], [4, 1], [4, 1]]",8,"[2, 2, 2, 2]",24,150,0.84,146,7.3,,,,TIME_LIMIT,0.3074311755952448,62801.0,0.0013980865478515625,0.007494254037737846,30.000123023986816,30.007681000046432,6.4,OPTIMAL,0.0,245.0,0.00015497207641601562,9.274017065763474e-05,9.274017065763474e-05,0.0,0.004642955958843231,0.03276395797729492,0.037555879913270473,N20_L4_balanced_poisson_hS2
N20_L4_balanced_poisson_hS2,14,0.25,112,112,proposed_bound_aware,min_Bidx_under_C_budget,20,4,"[5, 5, 5, 5]",balanced,poisson,1,2,4,"[[2, 3], [2, 1, 1, 1], [1, 1, 1, 1, 1], [2, 3]]",13,"[2, 4, 5, 2]",60,150,0.6,0,0.0,,,,TIME_LIMIT,0.28133812286940174,59311.0,0.001497030258178711,0.006932886317372322,30.000133991241455,30.007131061516702,6.1,OPTIMAL,0.0,3682.0,0.0008080005645751953,0.007209694012999535,0.005417906679213047,0.0017018318176269531,0.0046323202550411224,0.5530309677124023,0.5649239895865321,N20_L4_balanced_poisson_hS2
N20_L4_balanced_poisson_hS2,14,0.25,112,112,fixed_size_closest_dimension,fixed_size_2,20,4,"[5, 5, 5, 5]",balanced,poisson,1,2,4,"[[2, 2, 1], [2, 2, 1], [2, 2, 1], [2, 2, 1]]",12,"[3, 3, 3, 3]",54,150,0.64,66,3.3,,,,TIME_LIMIT,0.28133812286940174,59311.0,0.001497030258178711,0.006932886317372322,30.000133991241455,30.007131061516702,6.1,OPTIMAL,0.0,1862.0,0.0008940696716308594,4.615914076566696e-05,4.615914076566696e-05,0.0,0.005552951246500015,0.2175900936126709,0.2232465548440814,N20_L4_balanced_poisson_hS2
N20_L4_balanced_poisson_hS2,14,0.25,112,112,threshold_closest_dimension,release_gap_threshold_1,20,4,"[5, 5, 5, 5]",balanced,poisson,1,2,4,"[[2, 3], [2, 1, 1, 1], [1, 1, 1, 1, 1], [2, 3]]",13,"[2, 4, 5, 2]",60,150,0.6,0,0.0,,,,TIME_LIMIT,0.28133812286940174,59311.0,0.001497030258178711,0.006932886317372322,30.000133991241455,30.007131061516702,6.1,OPTIMAL,0.0,3682.0,0.0007920265197753906,6.15529716014862e-05,6.15529716014862e-05,0.0,0.004953606054186821,0.6089520454406738,0.6140150120481849,N20_L4_balanced_poisson_hS2
N20_L4_balanced_poisson_hS2,14,0.5,75,75,proposed_bound_aware,min_Bidx_under_C_budget,20,4,"[5, 5, 5, 5]",balanced,poisson,1,2,4,"[[2, 3], [2, 1, 1, 1], [1, 1, 1, 1, 1], [2, 3]]",13,"[2, 4, 5, 2]",60,150,0.6,0,0.0,,,,TIME_LIMIT,0.28133812286940174,59311.0,0.001497030258178711,0.006932886317372322,30.000133991241455,30.007131061516702,6.1,OPTIMAL,0.0,3682.0,0.00090789794921875,0.007715088315308094,0.0058904606848955154,0.001728057861328125,0.005197132937610149,0.5517449378967285,0.5647083250805736,N20_L4_balanced_poisson_hS2
N20_L4_balanced_poisson_hS2,14,0.5,75,75,fixed_size_closest_dimension,fixed_size_2,20,4,"[5, 5, 5, 5]",balanced,poisson,1,2,4,"[[2, 2, 1], [2, 2, 1], [2, 2, 1], [2, 2, 1]]",12,"[3, 3, 3, 3]",54,150,0.64,66,3.3,,,,TIME_LIMIT,0.28133812286940174,59311.0,0.001497030258178711,0.006932886317372322,30.000133991241455,30.007131061516702,6.1,OPTIMAL,0.0,1862.0,0.0007388591766357422,1.438148319721222e-05,1.438148319721222e-05,0.0,0.005082409828901291,0.21625995635986328,0.22140570357441902,N20_L4_balanced_poisson_hS2
N20_L4_balanced_poisson_hS2,14,0.5,75,75,threshold_closest_dimension,release_gap_threshold_1,20,4,"[5, 5, 5, 5]",balanced,poisson,1,2,4,"[[2, 3], [2, 1, 1, 1], [1, 1, 1, 1, 1], [2, 3]]",13,"[2, 4, 5, 2]",60,150,0.6,0,0.0,,,,TIME_LIMIT,0.28133812286940174,59311.0,0.001497030258178711,0.006932886317372322,30.000133991241455,30.007131061516702,6.1,OPTIMAL,0.0,3682.0,0.0008039474487304688,6.280466914176941e-05,6.280466914176941e-05,0.0,0.005190213210880756,0.5513589382171631,0.5566585110500455,N20_L4_balanced_poisson_hS2
N20_L4_balanced_poisson_hS2,14,0.75,38,38,proposed_bound_aware,min_Bidx_under_C_budget,20,4,"[5, 5, 5, 5]",balanced,poisson,1,2,4,"[[2, 3], [4, 1], [1, 1, 2, 1], [2, 3]]",10,"[2, 2, 4, 2]",36,150,0.76,46,2.3,,,,TIME_LIMIT,0.28133812286940174,59311.0,0.001497030258178711,0.006932886317372322,30.000133991241455,30.007131061516702,6.1,OPTIMAL,0.0,379.0,0.00016808509826660156,0.008875560946762562,0.005040806718170643,0.003751039505004883,0.004003549925982952,0.059014081954956055,0.07193669117987156,N20_L4_balanced_poisson_hS2
N20_L4_balanced_poisson_hS2,14,0.75,38,38,fixed_size_closest_dimension,fixed_size_3,20,4,"[5, 5, 5, 5]",balanced,poisson,1,2,4,"[[3, 2], [3, 2], [3, 2], [3, 2]]",8,"[2, 2, 2, 2]",24,150,0.84,160,8.0,,,,TIME_LIMIT,0.28133812286940174,59311.0,0.001497030258178711,0.006932886317372322,30.000133991241455,30.007131061516702,6.1,OPTIMAL,0.0,255.0,0.0001499652862548828,1.3580545783042908e-05,1.3580545783042908e-05,0.0,0.0035119177773594856,0.038736820220947266,0.04230419546365738,N20_L4_balanced_poisson_hS2
N20_L4_balanced_poisson_hS2,14,0.75,38,38,threshold_closest_dimension,release_gap_threshold_2,20,4,"[5, 5, 5, 5]",balanced,poisson,1,2,4,"[[4, 1], [4, 1], [1, 3, 1], [4, 1]]",9,"[2, 2, 3, 2]",30,150,0.8,94,4.7,,,,TIME_LIMIT,0.28133812286940174,59311.0,0.001497030258178711,0.006932886317372322,30.000133991241455,30.007131061516702,6.1,OPTIMAL,0.0,279.0,0.00017595291137695312,2.174265682697296e-05,2.174265682697296e-05,0.0,0.0035917675122618675,0.041168928146362305,0.044824954122304916,N20_L4_balanced_poisson_hS2
N20_L4_balanced_poisson_hS2,14,0.9,15,24,proposed_bound_aware,min_Bidx_under_C_budget,20,4,"[5, 5, 5, 5]",balanced,poisson,1,2,4,"[[2, 3], [4, 1], [1, 4], [2, 3]]",8,"[2, 2, 2, 2]",24,150,0.84,92,4.6,,,,TIME_LIMIT,0.28133812286940174,59311.0,0.001497030258178711,0.006932886317372322,30.000133991241455,30.007131061516702,6.1,OPTIMAL,0.0,176.0,0.0006110668182373047,0.010519405826926231,0.004665831103920937,0.005763053894042969,0.0036450475454330444,0.0287320613861084,0.04294377192854881,N20_L4_balanced_poisson_hS2
N20_L4_balanced_poisson_hS2,14,0.9,15,24,fixed_size_closest_dimension,fixed_size_3,20,4,"[5, 5, 5, 5]",balanced,poisson,1,2,4,"[[3, 2], [3, 2], [3, 2], [3, 2]]",8,"[2, 2, 2, 2]",24,150,0.84,160,8.0,,,,TIME_LIMIT,0.28133812286940174,59311.0,0.001497030258178711,0.006932886317372322,30.000133991241455,30.007131061516702,6.1,OPTIMAL,0.0,255.0,0.0001480579376220703,1.269858330488205e-05,1.269858330488205e-05,0.0,0.003463984467089176,0.039952993392944336,0.043472700752317905,N20_L4_balanced_poisson_hS2
N20_L4_balanced_poisson_hS2,14,0.9,15,24,threshold_closest_dimension,release_gap_threshold_3,20,4,"[5, 5, 5, 5]",balanced,poisson,1,2,4,"[[4, 1], [4, 1], [4, 1], [4, 1]]",8,"[2, 2, 2, 2]",24,150,0.84,130,6.5,,,,TIME_LIMIT,0.28133812286940174,59311.0,0.001497030258178711,0.006932886317372322,30.000133991241455,30.007131061516702,6.1,OPTIMAL,0.0,116.0,0.00015091896057128906,2.0802021026611328e-05,2.0802021026611328e-05,0.0,0.00352400541305542,0.023498058319091797,0.027085930109024048,N20_L4_balanced_poisson_hS2
N20_L4_balanced_poisson_hS2,15,0.25,112,112,proposed_bound_aware,min_Bidx_under_C_budget,20,4,"[5, 5, 5, 5]",balanced,poisson,1,2,4,"[[1, 1, 3], [2, 3], [1, 2, 2], [1, 2, 2]]",11,"[3, 2, 3, 3]",45,150,0.7,0,0.0,,,,TIME_LIMIT,0.4270833333333396,53284.0,0.0012469291687011719,0.005785080604255199,30.000131845474243,30.005969198420644,6.35,OPTIMAL,0.0,3331.0,0.000759124755859375,0.007684402167797089,0.005781455896794796,0.0018129348754882812,0.003937660716474056,0.28286004066467285,0.29452946223318577,N20_L4_balanced_poisson_hS2
N20_L4_balanced_poisson_hS2,15,0.25,112,112,fixed_size_closest_dimension,fixed_size_2,20,4,"[5, 5, 5, 5]",balanced,poisson,1,2,4,"[[2, 2, 1], [2, 2, 1], [2, 2, 1], [2, 2, 1]]",12,"[3, 3, 3, 3]",54,150,0.64,244,12.2,,,,TIME_LIMIT,0.4270833333333396,53284.0,0.0012469291687011719,0.005785080604255199,30.000131845474243,30.005969198420644,7.1,OPTIMAL,0.0,3577.0,0.0007472038269042969,1.5643425285816193e-05,1.5643425285816193e-05,0.0,0.004359607584774494,0.33072900772094727,0.3351516965776682,N20_L4_balanced_poisson_hS2
N20_L4_balanced_poisson_hS2,15,0.25,112,112,threshold_closest_dimension,release_gap_threshold_0,20,4,"[5, 5, 5, 5]",balanced,poisson,1,2,4,"[[1, 1, 3], [1, 1, 1, 1, 1], [1, 1, 1, 1, 1], [1, 2, 1, 1]]",17,"[3, 5, 5, 4]",107,150,0.2866666666666667,0,0.0,,,,TIME_LIMIT,0.4270833333333396,53284.0,0.0012469291687011719,0.005785080604255199,30.000131845474243,30.005969198420644,6.35,OPTIMAL,3.6389418684689905e-05,51495.0,0.0010979175567626953,2.8102658689022064e-05,2.8102658689022064e-05,0.0,0.005260279402136803,21.45615291595459,21.461491943337023,N20_L4_balanced_poisson_hS2
N20_L4_balanced_poisson_hS2,15,0.5,75,75,proposed_bound_aware,min_Bidx_under_C_budget,20,4,"[5, 5, 5, 5]",balanced,poisson,1,2,4,"[[1, 1, 3], [2, 3], [1, 2, 2], [1, 2, 2]]",11,"[3, 2, 3, 3]",45,150,0.7,0,0.0,,,,TIME_LIMIT,0.4270833333333396,53284.0,0.0012469291687011719,0.005785080604255199,30.000131845474243,30.005969198420644,6.35,OPTIMAL,0.0,3331.0,0.0007219314575195312,0.007191886194050312,0.005300088785588741,0.0018019676208496094,0.004453038796782494,0.2837090492248535,0.29540517553687096,N20_L4_balanced_poisson_hS2
N20_L4_balanced_poisson_hS2,15,0.5,75,75,fixed_size_closest_dimension,fixed_size_2,20,4,"[5, 5, 5, 5]",balanced,poisson,1,2,4,"[[2, 2, 1], [2, 2, 1], [2, 2, 1], [2, 2, 1]]",12,"[3, 3, 3, 3]",54,150,0.64,244,12.2,,,,TIME_LIMIT,0.4270833333333396,53284.0,0.0012469291687011719,0.005785080604255199,30.000131845474243,30.005969198420644,7.1,OPTIMAL,0.0,3577.0,0.0008270740509033203,3.896933048963547e-05,3.896933048963547e-05,0.0,0.00504581443965435,0.33173298835754395,0.3368684723973274,N20_L4_balanced_poisson_hS2
N20_L4_balanced_poisson_hS2,15,0.5,75,75,threshold_closest_dimension,release_gap_threshold_1,20,4,"[5, 5, 5, 5]",balanced,poisson,1,2,4,"[[1, 1, 3], [2, 3], [1, 2, 2], [1, 2, 2]]",11,"[3, 2, 3, 3]",45,150,0.7,0,0.0,,,,TIME_LIMIT,0.4270833333333396,53284.0,0.0012469291687011719,0.005785080604255199,30.000131845474243,30.005969198420644,6.35,OPTIMAL,0.0,3331.0,0.0006971359252929688,7.024593651294708e-05,7.024593651294708e-05,0.0,0.0048358263447880745,0.2840869426727295,0.2890380648896098,N20_L4_balanced_poisson_hS2
N20_L4_balanced_poisson_hS2,15,0.75,38,38,proposed_bound_aware,min_Bidx_under_C_budget,20,4,"[5, 5, 5, 5]",balanced,poisson,1,2,4,"[[1, 4], [2, 3], [1, 2, 2], [1, 2, 2]]",10,"[2, 2, 3, 3]",37,150,0.7533333333333333,16,0.8,,,,TIME_LIMIT,0.4270833333333396,53284.0,0.0012469291687011719,0.005785080604255199,30.000131845474243,30.005969198420644,6.35,OPTIMAL,0.0,1703.0,0.0007748603820800781,0.007655046880245209,0.0055980384349823,0.0019519329071044922,0.004655534401535988,0.1511979103088379,0.16356622334569693,N20_L4_balanced_poisson_hS2
N20_L4_balanced_poisson_hS2,15,0.75,38,38,fixed_size_closest_dimension,fixed_size_3,20,4,"[5, 5, 5, 5]",balanced,poisson,1,2,4,"[[3, 2], [3, 2], [3, 2], [3, 2]]",8,"[2, 2, 2, 2]",24,150,0.84,178,8.9,,,,TIME_LIMIT,0.4270833333333396,53284.0,0.0012469291687011719,0.005785080604255199,30.000131845474243,30.005969198420644,6.9,OPTIMAL,0.0,428.0,0.0006849765777587891,4.8383139073848724e-05,4.8383139073848724e-05,0.0,0.004929558373987675,0.04893088340759277,0.05396609753370285,N20_L4_balanced_poisson_hS2
N20_L4_balanced_poisson_hS2,15,0.75,38,38,threshold_closest_dimension,release_gap_threshold_2,20,4,"[5, 5, 5, 5]",balanced,poisson,1,2,4,"[[1, 4], [4, 1], [3, 2], [1, 2, 2]]",9,"[2, 2, 2, 3]",30,150,0.8,49,2.45,,,,TIME_LIMIT,0.4270833333333396,53284.0,0.0012469291687011719,0.005785080604255199,30.000131845474243,30.005969198420644,6.9,OPTIMAL,0.0,938.0,0.0007369518280029297,7.5584277510643e-05,7.5584277510643e-05,0.0,0.005239928141236305,0.08461189270019531,0.08998383395373821,N20_L4_balanced_poisson_hS2
N20_L4_balanced_poisson_hS2,15,0.9,15,24,proposed_bound_aware,min_Bidx_under_C_budget,20,4,"[5, 5, 5, 5]",balanced,poisson,1,2,4,"[[1, 4], [2, 3], [3, 2], [1, 4]]",8,"[2, 2, 2, 2]",24,150,0.84,82,4.1,,,,TIME_LIMIT,0.4270833333333396,53284.0,0.0012469291687011719,0.005785080604255199,30.000131845474243,30.005969198420644,6.9,OPTIMAL,0.0,669.0,0.0005359649658203125,0.007180249318480492,0.005135471001267433,0.0019631385803222656,0.004367971792817116,0.06070995330810547,0.07230221573263407,N20_L4_balanced_poisson_hS2
N20_L4_balanced_poisson_hS2,15,0.9,15,24,fixed_size_closest_dimension,fixed_size_3,20,4,"[5, 5, 5, 5]",balanced,poisson,1,2,4,"[[3, 2], [3, 2], [3, 2], [3, 2]]",8,"[2, 2, 2, 2]",24,150,0.84,178,8.9,,,,TIME_LIMIT,0.4270833333333396,53284.0,0.0012469291687011719,0.005785080604255199,30.000131845474243,30.005969198420644,6.9,OPTIMAL,0.0,428.0,0.0006811618804931641,4.089251160621643e-05,4.089251160621643e-05,0.0,0.004894345998764038,0.04856610298156738,0.05355745181441307,N20_L4_balanced_poisson_hS2
N20_L4_balanced_poisson_hS2,15,0.9,15,24,threshold_closest_dimension,release_gap_threshold_4,20,4,"[5, 5, 5, 5]",balanced,poisson,1,2,4,"[[1, 4], [4, 1], [4, 1], [4, 1]]",8,"[2, 2, 2, 2]",24,150,0.84,202,10.1,,,,TIME_LIMIT,0.4270833333333396,53284.0,0.0012469291687011719,0.005785080604255199,30.000131845474243,30.005969198420644,7.45,OPTIMAL,0.0,233.0,0.00067901611328125,7.504411041736603e-05,7.504411041736603e-05,0.0,0.0048985229805111885,0.03115701675415039,0.03618642222136259,N20_L4_balanced_poisson_hS2
N20_L4_balanced_poisson_hS2,16,0.25,112,112,proposed_bound_aware,min_Bidx_under_C_budget,20,4,"[5, 5, 5, 5]",balanced,poisson,1,2,4,"[[1, 3, 1], [4, 1], [2, 1, 2], [1, 4]]",10,"[3, 2, 3, 2]",37,150,0.7533333333333333,0,0.0,,,,TIME_LIMIT,0.34997189346671903,52748.0,0.0014011859893798828,0.007365129888057709,30.000144004821777,30.007571464404464,7.35,OPTIMAL,0.0,484.0,0.0007429122924804688,0.007903974503278732,0.005917241796851158,0.0018961429595947266,0.004430113360285759,0.05704188346862793,0.06942236423492432,N20_L4_balanced_poisson_hS2
N20_L4_balanced_poisson_hS2,16,0.25,112,112,fixed_size_closest_dimension,fixed_size_2,20,4,"[5, 5, 5, 5]",balanced,poisson,1,2,4,"[[2, 2, 1], [2, 2, 1], [2, 2, 1], [2, 2, 1]]",12,"[3, 3, 3, 3]",54,150,0.64,102,5.1,,,,TIME_LIMIT,0.34997189346671903,52748.0,0.0014011859893798828,0.007365129888057709,30.000144004821777,30.007571464404464,7.5,OPTIMAL,0.0,2482.0,0.0007388591766357422,1.4742836356163025e-05,1.4742836356163025e-05,0.0,0.0042085591703653336,0.2710850238800049,0.27535395976155996,N20_L4_balanced_poisson_hS2
N20_L4_balanced_poisson_hS2,16,0.25,112,112,threshold_closest_dimension,release_gap_threshold_0,20,4,"[5, 5, 5, 5]",balanced,poisson,1,2,4,"[[1, 2, 1, 1], [3, 1, 1], [2, 1, 1, 1], [1, 1, 3]]",14,"[4, 3, 4, 3]",73,150,0.5133333333333333,0,0.0,,,,TIME_LIMIT,0.34997189346671903,52748.0,0.0014011859893798828,0.007365129888057709,30.000144004821777,30.007571464404464,7.35,OPTIMAL,0.0,7503.0,0.000881195068359375,9.164772927761078e-05,9.164772927761078e-05,0.0,0.005123091861605644,0.8764321804046631,0.8816968975588679,N20_L4_balanced_poisson_hS2
N20_L4_balanced_poisson_hS2,16,0.5,75,75,proposed_bound_aware,min_Bidx_under_C_budget,20,4,"[5, 5, 5, 5]",balanced,poisson,1,2,4,"[[1, 3, 1], [4, 1], [2, 1, 2], [1, 4]]",10,"[3, 2, 3, 2]",37,150,0.7533333333333333,0,0.0,,,,TIME_LIMIT,0.34997189346671903,52748.0,0.0014011859893798828,0.007365129888057709,30.000144004821777,30.007571464404464,7.35,OPTIMAL,0.0,484.0,0.0006878376007080078,0.007321063429117203,0.005453912541270256,0.0017821788787841797,0.0037093358114361763,0.05584883689880371,0.06692834571003914,N20_L4_balanced_poisson_hS2
N20_L4_balanced_poisson_hS2,16,0.5,75,75,fixed_size_closest_dimension,fixed_size_2,20,4,"[5, 5, 5, 5]",balanced,poisson,1,2,4,"[[2, 2, 1], [2, 2, 1], [2, 2, 1], [2, 2, 1]]",12,"[3, 3, 3, 3]",54,150,0.64,102,5.1,,,,TIME_LIMIT,0.34997189346671903,52748.0,0.0014011859893798828,0.007365129888057709,30.000144004821777,30.007571464404464,7.5,OPTIMAL,0.0,2482.0,0.0007219314575195312,3.8518570363521576e-05,3.8518570363521576e-05,0.0,0.004425978288054466,0.27092409133911133,0.27543174754828215,N20_L4_balanced_poisson_hS2
N20_L4_balanced_poisson_hS2,16,0.5,75,75,threshold_closest_dimension,release_gap_threshold_0,20,4,"[5, 5, 5, 5]",balanced,poisson,1,2,4,"[[1, 2, 1, 1], [3, 1, 1], [2, 1, 1, 1], [1, 1, 3]]",14,"[4, 3, 4, 3]",73,150,0.5133333333333333,0,0.0,,,,TIME_LIMIT,0.34997189346671903,52748.0,0.0014011859893798828,0.007365129888057709,30.000144004821777,30.007571464404464,7.35,OPTIMAL,0.0,7503.0,0.0008640289306640625,7.852911949157715e-05,7.852911949157715e-05,0.0,0.005511097609996796,0.8778030872344971,0.8834421960636973,N20_L4_balanced_poisson_hS2
N20_L4_balanced_poisson_hS2,16,0.75,38,38,proposed_bound_aware,min_Bidx_under_C_budget,20,4,"[5, 5, 5, 5]",balanced,poisson,1,2,4,"[[1, 3, 1], [4, 1], [2, 1, 2], [1, 4]]",10,"[3, 2, 3, 2]",37,150,0.7533333333333333,0,0.0,,,,TIME_LIMIT,0.34997189346671903,52748.0,0.0014011859893798828,0.007365129888057709,30.000144004821777,30.007571464404464,7.35,OPTIMAL,0.0,484.0,0.0006990432739257812,0.007183004170656204,0.005283062346279621,0.001814126968383789,0.0037677036598324776,0.05646491050720215,0.06745980959385633,N20_L4_balanced_poisson_hS2
N20_L4_balanced_poisson_hS2,16,0.75,38,38,fixed_size_closest_dimension,fixed_size_3,20,4,"[5, 5, 5, 5]",balanced,poisson,1,2,4,"[[3, 2], [3, 2], [3, 2], [3, 2]]",8,"[2, 2, 2, 2]",24,150,0.84,137,6.85,,,,TIME_LIMIT,0.34997189346671903,52748.0,0.0014011859893798828,0.007365129888057709,30.000144004821777,30.007571464404464,7.5,OPTIMAL,0.0,337.0,0.0005421638488769531,4.0289945900440216e-05,4.0289945900440216e-05,0.0,0.004076299257576466,0.04533696174621582,0.04949668422341347,N20_L4_balanced_poisson_hS2
N20_L4_balanced_poisson_hS2,16,0.75,38,38,threshold_closest_dimension,release_gap_threshold_1,20,4,"[5, 5, 5, 5]",balanced,poisson,1,2,4,"[[1, 3, 1], [4, 1], [2, 1, 2], [1, 4]]",10,"[3, 2, 3, 2]",37,150,0.7533333333333333,0,0.0,,,,TIME_LIMIT,0.34997189346671903,52748.0,0.0014011859893798828,0.007365129888057709,30.000144004821777,30.007571464404464,7.35,OPTIMAL,0.0,484.0,0.00067901611328125,7.604528218507767e-05,7.604528218507767e-05,0.0,0.004291053861379623,0.055605173110961914,0.060015490278601646,N20_L4_balanced_poisson_hS2
N20_L4_balanced_poisson_hS2,16,0.9,15,24,proposed_bound_aware,min_Bidx_under_C_budget,20,4,"[5, 5, 5, 5]",balanced,poisson,1,2,4,"[[1, 4], [1, 4], [2, 3], [1, 4]]",8,"[2, 2, 2, 2]",24,150,0.84,63,3.15,,,,TIME_LIMIT,0.34997189346671903,52748.0,0.0014011859893798828,0.007365129888057709,30.000144004821777,30.007571464404464,7.35,OPTIMAL,0.0,222.0,0.0005788803100585938,0.010152672417461872,0.004915026947855949,0.005146980285644531,0.004286467097699642,0.03267097473144531,0.047153033316135406,N20_L4_balanced_poisson_hS2
N20_L4_balanced_poisson_hS2,16,0.9,15,24,fixed_size_closest_dimension,fixed_size_3,20,4,"[5, 5, 5, 5]",balanced,poisson,1,2,4,"[[3, 2], [3, 2], [3, 2], [3, 2]]",8,"[2, 2, 2, 2]",24,150,0.84,137,6.85,,,,TIME_LIMIT,0.34997189346671903,52748.0,0.0014011859893798828,0.007365129888057709,30.000144004821777,30.007571464404464,7.5,OPTIMAL,0.0,337.0,0.0005340576171875,3.769621253013611e-05,3.769621253013611e-05,0.0,0.004124944098293781,0.045166969299316406,0.049372587352991104,N20_L4_balanced_poisson_hS2
N20_L4_balanced_poisson_hS2,16,0.9,15,24,threshold_closest_dimension,release_gap_threshold_4,20,4,"[5, 5, 5, 5]",balanced,poisson,1,2,4,"[[4, 1], [4, 1], [2, 3], [4, 1]]",8,"[2, 2, 2, 2]",24,150,0.84,102,5.1,,,,TIME_LIMIT,0.34997189346671903,52748.0,0.0014011859893798828,0.007365129888057709,30.000144004821777,30.007571464404464,7.5,OPTIMAL,0.0,216.0,0.0007128715515136719,8.302554488182068e-05,8.302554488182068e-05,0.0,0.005094718188047409,0.0344088077545166,0.039643725380301476,N20_L4_balanced_poisson_hS2
N20_L4_balanced_poisson_hS2,17,0.25,112,112,proposed_bound_aware,min_Bidx_under_C_budget,20,4,"[5, 5, 5, 5]",balanced,poisson,1,2,4,"[[1, 2, 1, 1], [1, 2, 2], [4, 1], [1, 1, 3]]",12,"[4, 3, 2, 3]",53,150,0.6466666666666666,0,0.0,,,,TIME_LIMIT,0.3464403519352869,63579.0,0.0012669563293457031,0.006495485082268715,30.0001380443573,30.006685071624815,5.5,OPTIMAL,0.0,1831.0,0.0008449554443359375,0.007403627969324589,0.005447361618280411,0.0018661022186279297,0.005032975226640701,0.20865988731384277,0.22114526480436325,N20_L4_balanced_poisson_hS2
N20_L4_balanced_poisson_hS2,17,0.25,112,112,fixed_size_closest_dimension,fixed_size_2,20,4,"[5, 5, 5, 5]",balanced,poisson,1,2,4,"[[2, 2, 1], [2, 2, 1], [2, 2, 1], [2, 2, 1]]",12,"[3, 3, 3, 3]",54,150,0.64,219,10.95,,,,TIME_LIMIT,0.3464403519352869,63579.0,0.0012669563293457031,0.006495485082268715,30.0001380443573,30.006685071624815,6.7,OPTIMAL,0.0,4040.0,0.0007598400115966797,3.935862332582474e-05,3.935862332582474e-05,0.0,0.0052255066111683846,0.42079687118530273,0.4261089479550719,N20_L4_balanced_poisson_hS2
N20_L4_balanced_poisson_hS2,17,0.25,112,112,threshold_closest_dimension,release_gap_threshold_0,20,4,"[5, 5, 5, 5]",balanced,poisson,1,2,4,"[[1, 2, 1, 1], [1, 2, 1, 1], [1, 2, 1, 1], [1, 1, 2, 1]]",16,"[4, 4, 4, 4]",96,150,0.36,0,0.0,,,,TIME_LIMIT,0.3464403519352869,63579.0,0.0012669563293457031,0.006495485082268715,30.0001380443573,30.006685071624815,5.5,OPTIMAL,0.0,9339.0,0.0010209083557128906,3.2007694244384766e-05,3.2007694244384766e-05,0.0,0.00504094734787941,1.5948009490966797,1.5999245857819915,N20_L4_balanced_poisson_hS2
N20_L4_balanced_poisson_hS2,17,0.5,75,75,proposed_bound_aware,min_Bidx_under_C_budget,20,4,"[5, 5, 5, 5]",balanced,poisson,1,2,4,"[[1, 2, 1, 1], [1, 2, 2], [4, 1], [1, 1, 3]]",12,"[4, 3, 2, 3]",53,150,0.6466666666666666,0,0.0,,,,TIME_LIMIT,0.3464403519352869,63579.0,0.0012669563293457031,0.006495485082268715,30.0001380443573,30.006685071624815,5.5,OPTIMAL,0.0,1831.0,0.0008108615875244141,0.007595938630402088,0.005692741833627224,0.0018150806427001953,0.004241348244249821,0.20758390426635742,0.2194670094177127,N20_L4_balanced_poisson_hS2
N20_L4_balanced_poisson_hS2,17,0.5,75,75,fixed_size_closest_dimension,fixed_size_2,20,4,"[5, 5, 5, 5]",balanced,poisson,1,2,4,"[[2, 2, 1], [2, 2, 1], [2, 2, 1], [2, 2, 1]]",12,"[3, 3, 3, 3]",54,150,0.64,219,10.95,,,,TIME_LIMIT,0.3464403519352869,63579.0,0.0012669563293457031,0.006495485082268715,30.0001380443573,30.006685071624815,6.7,OPTIMAL,0.0,4040.0,0.000762939453125,4.0220096707344055e-05,4.0220096707344055e-05,0.0,0.004530595615506172,0.4171900749206543,0.421807698905468,N20_L4_balanced_poisson_hS2
N20_L4_balanced_poisson_hS2,17,0.5,75,75,threshold_closest_dimension,release_gap_threshold_1,20,4,"[5, 5, 5, 5]",balanced,poisson,1,2,4,"[[1, 2, 1, 1], [1, 2, 2], [4, 1], [1, 1, 3]]",12,"[4, 3, 2, 3]",53,150,0.6466666666666666,0,0.0,,,,TIME_LIMIT,0.3464403519352869,63579.0,0.0012669563293457031,0.006495485082268715,30.0001380443573,30.006685071624815,5.5,OPTIMAL,0.0,1831.0,0.0008099079132080078,8.886493742465973e-05,8.886493742465973e-05,0.0,0.004429102875292301,0.2076418399810791,0.2122056968510151,N20_L4_balanced_poisson_hS2
N20_L4_balanced_poisson_hS2,17,0.75,38,38,proposed_bound_aware,min_Bidx_under_C_budget,20,4,"[5, 5, 5, 5]",balanced,poisson,1,2,4,"[[1, 2, 1, 1], [3, 2], [4, 1], [2, 3]]",10,"[4, 2, 2, 2]",36,150,0.76,34,1.7,,,,TIME_LIMIT,0.3464403519352869,63579.0,0.0012669563293457031,0.006495485082268715,30.0001380443573,30.006685071624815,5.5,OPTIMAL,0.0,277.0,0.00016808509826660156,0.00841449573636055,0.004775927402079105,0.0035469532012939453,0.004338376224040985,0.04210710525512695,0.05490444786846638,N20_L4_balanced_poisson_hS2
N20_L4_balanced_poisson_hS2,17,0.75,38,38,fixed_size_closest_dimension,fixed_size_3,20,4,"[5, 5, 5, 5]",balanced,poisson,1,2,4,"[[3, 2], [3, 2], [3, 2], [3, 2]]",8,"[2, 2, 2, 2]",24,150,0.84,264,13.2,,,,TIME_LIMIT,0.3464403519352869,63579.0,0.0012669563293457031,0.006495485082268715,30.0001380443573,30.006685071624815,6.7,OPTIMAL,0.0,392.0,0.0005438327789306641,3.293994814157486e-05,3.293994814157486e-05,0.0,0.004074307158589363,0.04509687423706055,0.04924797918647528,N20_L4_balanced_poisson_hS2
N20_L4_balanced_poisson_hS2,17,0.75,38,38,threshold_closest_dimension,release_gap_threshold_2,20,4,"[5, 5, 5, 5]",balanced,poisson,1,2,4,"[[1, 2, 1, 1], [3, 2], [4, 1], [2, 3]]",10,"[4, 2, 2, 2]",36,150,0.76,34,1.7,,,,TIME_LIMIT,0.3464403519352869,63579.0,0.0012669563293457031,0.006495485082268715,30.0001380443573,30.006685071624815,5.5,OPTIMAL,0.0,277.0,0.0001800060272216797,8.85138288140297e-05,8.85138288140297e-05,0.0,0.0054504964500665665,0.04241514205932617,0.048011611215770245,N20_L4_balanced_poisson_hS2
N20_L4_balanced_poisson_hS2,17,0.9,15,24,proposed_bound_aware,min_Bidx_under_C_budget,20,4,"[5, 5, 5, 5]",balanced,poisson,1,2,4,"[[4, 1], [3, 2], [3, 2], [2, 3]]",8,"[2, 2, 2, 2]",24,150,0.84,102,5.1,,,,TIME_LIMIT,0.3464403519352869,63579.0,0.0012669563293457031,0.006495485082268715,30.0001380443573,30.006685071624815,6.7,OPTIMAL,0.0,259.0,0.0007030963897705078,0.007813396863639355,0.005517708137631416,0.0022008419036865234,0.004372277297079563,0.03811502456665039,0.050357306376099586,N20_L4_balanced_poisson_hS2
N20_L4_balanced_poisson_hS2,17,0.9,15,24,fixed_size_closest_dimension,fixed_size_3,20,4,"[5, 5, 5, 5]",balanced,poisson,1,2,4,"[[3, 2], [3, 2], [3, 2], [3, 2]]",8,"[2, 2, 2, 2]",24,150,0.84,264,13.2,,,,TIME_LIMIT,0.3464403519352869,63579.0,0.0012669563293457031,0.006495485082268715,30.0001380443573,30.006685071624815,6.7,OPTIMAL,0.0,392.0,0.0005469322204589844,3.836769610643387e-05,3.836769610643387e-05,0.0,0.004582755267620087,0.044612884521484375,0.04927770420908928,N20_L4_balanced_poisson_hS2
N20_L4_balanced_poisson_hS2,17,0.9,15,24,threshold_closest_dimension,release_gap_threshold_10,20,4,"[5, 5, 5, 5]",balanced,poisson,1,2,4,"[[4, 1], [4, 1], [4, 1], [4, 1]]",8,"[2, 2, 2, 2]",24,150,0.84,271,13.55,,,,TIME_LIMIT,0.3464403519352869,63579.0,0.0012669563293457031,0.006495485082268715,30.0001380443573,30.006685071624815,6.7,OPTIMAL,0.0,119.0,0.00017595291137695312,0.00010842457413673401,0.00010842457413673401,0.0,0.005046917125582695,0.0243070125579834,0.029519688338041306,N20_L4_balanced_poisson_hS2
N20_L4_balanced_poisson_hS2,18,0.25,112,112,proposed_bound_aware,min_Bidx_under_C_budget,20,4,"[5, 5, 5, 5]",balanced,poisson,1,2,4,"[[1, 2, 1, 1], [4, 1], [2, 1, 1, 1], [1, 1, 1, 2]]",14,"[4, 2, 4, 4]",72,150,0.52,0,0.0,,,,TIME_LIMIT,0.4402337867371813,58270.0,0.0013170242309570312,0.00644298642873764,30.000146865844727,30.006640383973718,5.25,OPTIMAL,0.0,17169.0,0.000982046127319336,0.00778619572520256,0.005881577730178833,0.0018160343170166016,0.004860064014792442,1.9522299766540527,1.9649302931502461,N20_L4_balanced_poisson_hS2
N20_L4_balanced_poisson_hS2,18,0.25,112,112,fixed_size_closest_dimension,fixed_size_2,20,4,"[5, 5, 5, 5]",balanced,poisson,1,2,4,"[[2, 2, 1], [2, 2, 1], [2, 2, 1], [2, 2, 1]]",12,"[3, 3, 3, 3]",54,150,0.64,293,14.65,,,,TIME_LIMIT,0.4402337867371813,58270.0,0.0013170242309570312,0.00644298642873764,30.000146865844727,30.006640383973718,5.25,OPTIMAL,0.0,1923.0,0.0008780956268310547,3.6343932151794434e-05,3.6343932151794434e-05,0.0,0.005582345649600029,0.20262908935546875,0.20829962473362684,N20_L4_balanced_poisson_hS2
N20_L4_balanced_poisson_hS2,18,0.25,112,112,threshold_closest_dimension,release_gap_threshold_0,20,4,"[5, 5, 5, 5]",balanced,poisson,1,2,4,"[[1, 1, 1, 1, 1], [1, 1, 2, 1], [2, 1, 1, 1], [1, 1, 1, 2]]",17,"[5, 4, 4, 4]",108,150,0.28,0,0.0,,,,TIME_LIMIT,0.4402337867371813,58270.0,0.0013170242309570312,0.00644298642873764,30.000146865844727,30.006640383973718,5.25,OPTIMAL,0.0,57900.0,0.0011110305786132812,8.731242269277573e-05,8.731242269277573e-05,0.0,0.005967556498944759,21.780057907104492,21.786164614371955,N20_L4_balanced_poisson_hS2
N20_L4_balanced_poisson_hS2,18,0.5,75,75,proposed_bound_aware,min_Bidx_under_C_budget,20,4,"[5, 5, 5, 5]",balanced,poisson,1,2,4,"[[1, 2, 1, 1], [4, 1], [2, 1, 1, 1], [1, 1, 1, 2]]",14,"[4, 2, 4, 4]",72,150,0.52,0,0.0,,,,TIME_LIMIT,0.4402337867371813,58270.0,0.0013170242309570312,0.00644298642873764,30.000146865844727,30.006640383973718,5.25,OPTIMAL,0.0,17169.0,0.0009739398956298828,0.0075597334653139114,0.0058157676830887794,0.0016560554504394531,0.004433419555425644,1.949544906616211,1.9615907035768032,N20_L4_balanced_poisson_hS2
N20_L4_balanced_poisson_hS2,18,0.5,75,75,fixed_size_closest_dimension,fixed_size_2,20,4,"[5, 5, 5, 5]",balanced,poisson,1,2,4,"[[2, 2, 1], [2, 2, 1], [2, 2, 1], [2, 2, 1]]",12,"[3, 3, 3, 3]",54,150,0.64,293,14.65,,,,TIME_LIMIT,0.4402337867371813,58270.0,0.0013170242309570312,0.00644298642873764,30.000146865844727,30.006640383973718,5.25,OPTIMAL,0.0,1923.0,0.0007889270782470703,4.036165773868561e-05,4.036165773868561e-05,0.0,0.005272757261991501,0.2033548355102539,0.2087152050808072,N20_L4_balanced_poisson_hS2
N20_L4_balanced_poisson_hS2,18,0.5,75,75,threshold_closest_dimension,release_gap_threshold_1,20,4,"[5, 5, 5, 5]",balanced,poisson,1,2,4,"[[1, 2, 1, 1], [4, 1], [2, 1, 1, 1], [1, 1, 1, 2]]",14,"[4, 2, 4, 4]",72,150,0.52,0,0.0,,,,TIME_LIMIT,0.4402337867371813,58270.0,0.0013170242309570312,0.00644298642873764,30.000146865844727,30.006640383973718,5.25,OPTIMAL,0.0,17169.0,0.0010800361633300781,9.152851998806e-05,9.152851998806e-05,0.0,0.006054007448256016,1.9470560550689697,1.9532658951357007,N20_L4_balanced_poisson_hS2
N20_L4_balanced_poisson_hS2,18,0.75,38,38,proposed_bound_aware,min_Bidx_under_C_budget,20,4,"[5, 5, 5, 5]",balanced,poisson,1,2,4,"[[1, 4], [4, 1], [3, 2], [1, 1, 1, 2]]",10,"[2, 2, 2, 4]",36,150,0.76,111,5.55,,,,TIME_LIMIT,0.4402337867371813,58270.0,0.0013170242309570312,0.00644298642873764,30.000146865844727,30.006640383973718,5.25,OPTIMAL,0.0,1892.0,0.0001678466796875,0.007964925840497017,0.0049759093672037125,0.0029010772705078125,0.004064722917973995,0.16514301300048828,0.17721883952617645,N20_L4_balanced_poisson_hS2
N20_L4_balanced_poisson_hS2,18,0.75,38,38,fixed_size_closest_dimension,fixed_size_3,20,4,"[5, 5, 5, 5]",balanced,poisson,1,2,4,"[[3, 2], [3, 2], [3, 2], [3, 2]]",8,"[2, 2, 2, 2]",24,150,0.84,337,16.85,,,,TIME_LIMIT,0.4402337867371813,58270.0,0.0013170242309570312,0.00644298642873764,30.000146865844727,30.006640383973718,5.65,OPTIMAL,0.0,241.0,0.0005300045013427734,4.6489760279655457e-05,4.6489760279655457e-05,0.0,0.004359116777777672,0.033814191818237305,0.038264491595327854,N20_L4_balanced_poisson_hS2
N20_L4_balanced_poisson_hS2,18,0.75,38,38,threshold_closest_dimension,release_gap_threshold_4,20,4,"[5, 5, 5, 5]",balanced,poisson,1,2,4,"[[1, 4], [4, 1], [4, 1], [3, 2]]",8,"[2, 2, 2, 2]",24,150,0.84,253,12.65,,,,TIME_LIMIT,0.4402337867371813,58270.0,0.0013170242309570312,0.00644298642873764,30.000146865844727,30.006640383973718,5.4,OPTIMAL,0.0,235.0,0.00013589859008789062,3.161747008562088e-05,3.161747008562088e-05,0.0,0.0035362429916858673,0.0360407829284668,0.03965214919298887,N20_L4_balanced_poisson_hS2
N20_L4_balanced_poisson_hS2,18,0.9,15,24,proposed_bound_aware,min_Bidx_under_C_budget,20,4,"[5, 5, 5, 5]",balanced,poisson,1,2,4,"[[1, 4], [4, 1], [3, 2], [3, 2]]",8,"[2, 2, 2, 2]",24,150,0.84,218,10.9,,,,TIME_LIMIT,0.4402337867371813,58270.0,0.0013170242309570312,0.00644298642873764,30.000146865844727,30.006640383973718,5.4,OPTIMAL,0.0,312.0,0.0005900859832763672,0.008705594576895237,0.005078664980828762,0.003537893295288086,0.004012834280729294,0.036695003509521484,0.049457116052508354,N20_L4_balanced_poisson_hS2
N20_L4_balanced_poisson_hS2,18,0.9,15,24,fixed_size_closest_dimension,fixed_size_3,20,4,"[5, 5, 5, 5]",balanced,poisson,1,2,4,"[[3, 2], [3, 2], [3, 2], [3, 2]]",8,"[2, 2, 2, 2]",24,150,0.84,337,16.85,,,,TIME_LIMIT,0.4402337867371813,58270.0,0.0013170242309570312,0.00644298642873764,30.000146865844727,30.006640383973718,5.65,OPTIMAL,0.0,241.0,0.0005369186401367188,3.715604543685913e-05,3.715604543685913e-05,0.0,0.004309812560677528,0.03358793258666992,0.037978860549628735,N20_L4_balanced_poisson_hS2
N20_L4_balanced_poisson_hS2,18,0.9,15,24,threshold_closest_dimension,release_gap_threshold_4,20,4,"[5, 5, 5, 5]",balanced,poisson,1,2,4,"[[1, 4], [4, 1], [4, 1], [3, 2]]",8,"[2, 2, 2, 2]",24,150,0.84,253,12.65,,,,TIME_LIMIT,0.4402337867371813,58270.0,0.0013170242309570312,0.00644298642873764,30.000146865844727,30.006640383973718,5.4,OPTIMAL,0.0,235.0,0.00015807151794433594,8.350610733032227e-05,8.350610733032227e-05,0.0,0.004263021983206272,0.036167144775390625,0.04056047182530165,N20_L4_balanced_poisson_hS2
N20_L4_balanced_poisson_hS2,19,0.25,112,112,proposed_bound_aware,min_Bidx_under_C_budget,20,4,"[5, 5, 5, 5]",balanced,poisson,1,2,4,"[[2, 1, 2], [2, 1, 2], [1, 4], [1, 1, 3]]",11,"[3, 3, 2, 3]",45,150,0.7,0,0.0,,,,TIME_LIMIT,0.22472084187459154,74645.0,0.0012738704681396484,0.006350685842335224,30.000136852264404,30.006538446061313,5.4,OPTIMAL,0.0,1138.0,0.000782012939453125,0.007830713875591755,0.005930873565375805,0.0018107891082763672,0.004014275968074799,0.141218900680542,0.15311050042510033,N20_L4_balanced_poisson_hS2
N20_L4_balanced_poisson_hS2,19,0.25,112,112,fixed_size_closest_dimension,fixed_size_2,20,4,"[5, 5, 5, 5]",balanced,poisson,1,2,4,"[[2, 2, 1], [2, 2, 1], [2, 2, 1], [2, 2, 1]]",12,"[3, 3, 3, 3]",54,150,0.64,140,7.0,,,,TIME_LIMIT,0.22472084187459154,74645.0,0.0012738704681396484,0.006350685842335224,30.000136852264404,30.006538446061313,5.4,OPTIMAL,0.0,1321.0,0.0007710456848144531,1.3680197298526764e-05,1.3680197298526764e-05,0.0,0.004178664647042751,0.1340799331665039,0.13831591233611107,N20_L4_balanced_poisson_hS2
N20_L4_balanced_poisson_hS2,19,0.25,112,112,threshold_closest_dimension,release_gap_threshold_0,20,4,"[5, 5, 5, 5]",balanced,poisson,1,2,4,"[[1, 1, 1, 1, 1], [1, 1, 1, 2], [2, 1, 1, 1], [1, 1, 2, 1]]",17,"[5, 4, 4, 4]",108,150,0.28,0,0.0,,,,TIME_LIMIT,0.22472084187459154,74645.0,0.0012738704681396484,0.006350685842335224,30.000136852264404,30.006538446061313,5.4,OPTIMAL,0.0,35462.0,0.0011379718780517578,7.133837789297104e-05,7.133837789297104e-05,0.0,0.007313181646168232,12.024775981903076,12.032212442718446,N20_L4_balanced_poisson_hS2
N20_L4_balanced_poisson_hS2,19,0.5,75,75,proposed_bound_aware,min_Bidx_under_C_budget,20,4,"[5, 5, 5, 5]",balanced,poisson,1,2,4,"[[2, 1, 2], [2, 1, 2], [1, 4], [1, 1, 3]]",11,"[3, 3, 2, 3]",45,150,0.7,0,0.0,,,,TIME_LIMIT,0.22472084187459154,74645.0,0.0012738704681396484,0.006350685842335224,30.000136852264404,30.006538446061313,5.4,OPTIMAL,0.0,1138.0,0.000782012939453125,0.006826835684478283,0.004998974502086639,0.0017390251159667969,0.0043697236105799675,0.1412670612335205,0.15251019317656755,N20_L4_balanced_poisson_hS2
N20_L4_balanced_poisson_hS2,19,0.5,75,75,fixed_size_closest_dimension,fixed_size_2,20,4,"[5, 5, 5, 5]",balanced,poisson,1,2,4,"[[2, 2, 1], [2, 2, 1], [2, 2, 1], [2, 2, 1]]",12,"[3, 3, 3, 3]",54,150,0.64,140,7.0,,,,TIME_LIMIT,0.22472084187459154,74645.0,0.0012738704681396484,0.006350685842335224,30.000136852264404,30.006538446061313,5.4,OPTIMAL,0.0,1321.0,0.0007619857788085938,4.004966467618942e-05,4.004966467618942e-05,0.0,0.004488172009587288,0.1339108943939209,0.13848372641950846,N20_L4_balanced_poisson_hS2
N20_L4_balanced_poisson_hS2,19,0.5,75,75,threshold_closest_dimension,release_gap_threshold_1,20,4,"[5, 5, 5, 5]",balanced,poisson,1,2,4,"[[2, 1, 2], [2, 1, 2], [4, 1], [1, 1, 3]]",11,"[3, 3, 2, 3]",45,150,0.7,0,0.0,,,,TIME_LIMIT,0.22472084187459154,74645.0,0.0012738704681396484,0.006350685842335224,30.000136852264404,30.006538446061313,5.4,OPTIMAL,0.0,2181.0,0.0007479190826416016,8.763186633586884e-05,8.763186633586884e-05,0.0,0.004839813336730003,0.22386407852172852,0.22883671149611473,N20_L4_balanced_poisson_hS2
N20_L4_balanced_poisson_hS2,19,0.75,38,38,proposed_bound_aware,min_Bidx_under_C_budget,20,4,"[5, 5, 5, 5]",balanced,poisson,1,2,4,"[[2, 3], [2, 1, 2], [4, 1], [1, 1, 3]]",10,"[2, 3, 2, 3]",37,150,0.7533333333333333,15,0.75,,,,TIME_LIMIT,0.22472084187459154,74645.0,0.0012738704681396484,0.006350685842335224,30.000136852264404,30.006538446061313,5.4,OPTIMAL,0.0,701.0,0.0007097721099853516,0.009690453298389912,0.005374010652303696,0.004225969314575195,0.003738350234925747,0.08365607261657715,0.09712853468954563,N20_L4_balanced_poisson_hS2
N20_L4_balanced_poisson_hS2,19,0.75,38,38,fixed_size_closest_dimension,fixed_size_3,20,4,"[5, 5, 5, 5]",balanced,poisson,1,2,4,"[[3, 2], [3, 2], [3, 2], [3, 2]]",8,"[2, 2, 2, 2]",24,150,0.84,267,13.35,,,,TIME_LIMIT,0.22472084187459154,74645.0,0.0012738704681396484,0.006350685842335224,30.000136852264404,30.006538446061313,6.8,OPTIMAL,0.0,227.0,0.000164031982421875,4.582852125167847e-05,4.582852125167847e-05,0.0,0.004906735382974148,0.03093099594116211,0.03594061080366373,N20_L4_balanced_poisson_hS2
N20_L4_balanced_poisson_hS2,19,0.75,38,38,threshold_closest_dimension,release_gap_threshold_2,20,4,"[5, 5, 5, 5]",balanced,poisson,1,2,4,"[[4, 1], [2, 1, 2], [4, 1], [1, 1, 3]]",10,"[2, 3, 2, 3]",37,150,0.7533333333333333,31,1.55,,,,TIME_LIMIT,0.22472084187459154,74645.0,0.0012738704681396484,0.006350685842335224,30.000136852264404,30.006538446061313,5.4,OPTIMAL,0.0,435.0,0.0008339881896972656,9.572412818670273e-05,9.572412818670273e-05,0.0,0.005121028982102871,0.05872511863708496,0.06399897020310163,N20_L4_balanced_poisson_hS2
N20_L4_balanced_poisson_hS2,19,0.9,15,24,proposed_bound_aware,min_Bidx_under_C_budget,20,4,"[5, 5, 5, 5]",balanced,poisson,1,2,4,"[[2, 3], [2, 3], [1, 4], [1, 4]]",8,"[2, 2, 2, 2]",24,150,0.84,99,4.95,,,,TIME_LIMIT,0.22472084187459154,74645.0,0.0012738704681396484,0.006350685842335224,30.000136852264404,30.006538446061313,5.4,OPTIMAL,0.0,209.0,0.00016188621520996094,0.008638803847134113,0.00429617241024971,0.004261016845703125,0.004114428535103798,0.03302192687988281,0.04582368489354849,N20_L4_balanced_poisson_hS2
N20_L4_balanced_poisson_hS2,19,0.9,15,24,fixed_size_closest_dimension,fixed_size_3,20,4,"[5, 5, 5, 5]",balanced,poisson,1,2,4,"[[3, 2], [3, 2], [3, 2], [3, 2]]",8,"[2, 2, 2, 2]",24,150,0.84,267,13.35,,,,TIME_LIMIT,0.22472084187459154,74645.0,0.0012738704681396484,0.006350685842335224,30.000136852264404,30.006538446061313,6.8,OPTIMAL,0.0,227.0,0.00016617774963378906,4.875287413597107e-05,4.875287413597107e-05,0.0,0.004633200354874134,0.030504226684570312,0.035241913981735706,N20_L4_balanced_poisson_hS2
N20_L4_balanced_poisson_hS2,19,0.9,15,24,threshold_closest_dimension,release_gap_threshold_4,20,4,"[5, 5, 5, 5]",balanced,poisson,1,2,4,"[[4, 1], [2, 3], [4, 1], [1, 4]]",8,"[2, 2, 2, 2]",24,150,0.84,115,5.75,,,,TIME_LIMIT,0.22472084187459154,74645.0,0.0012738704681396484,0.006350685842335224,30.000136852264404,30.006538446061313,5.4,OPTIMAL,0.0,182.0,0.0007309913635253906,9.234994649887085e-05,9.234994649887085e-05,0.0,0.004580692388117313,0.03238701820373535,0.03711715992540121,N20_L4_balanced_poisson_hS2
N20_L4_balanced_poisson_hS2,20,0.25,112,112,proposed_bound_aware,min_Bidx_under_C_budget,20,4,"[5, 5, 5, 5]",balanced,poisson,1,2,4,"[[1, 1, 1, 1, 1], [1, 1, 2, 1], [1, 1, 1, 2], [4, 1]]",15,"[5, 4, 4, 2]",82,150,0.4533333333333333,0,0.0,,,,TIME_LIMIT,0.2674757965111118,65051.0,0.001207113265991211,0.006472752429544926,30.000155925750732,30.006678289733827,4.9,OPTIMAL,0.0,11360.0,0.0010111331939697266,0.0071988580748438835,0.005504266358911991,0.001605987548828125,0.005497257225215435,1.807042121887207,1.8197920704260468,N20_L4_balanced_poisson_hS2
N20_L4_balanced_poisson_hS2,20,0.25,112,112,fixed_size_closest_dimension,fixed_size_2,20,4,"[5, 5, 5, 5]",balanced,poisson,1,2,4,"[[2, 2, 1], [2, 2, 1], [2, 2, 1], [2, 2, 1]]",12,"[3, 3, 3, 3]",54,150,0.64,189,9.45,,,,TIME_LIMIT,0.2674757965111118,65051.0,0.001207113265991211,0.006472752429544926,30.000155925750732,30.006678289733827,4.9,OPTIMAL,0.0,1458.0,0.0007479190826416016,4.00301069021225e-05,4.00301069021225e-05,0.0,0.005747314542531967,0.1735060214996338,0.17934604547917843,N20_L4_balanced_poisson_hS2
N20_L4_balanced_poisson_hS2,20,0.25,112,112,threshold_closest_dimension,release_gap_threshold_1,20,4,"[5, 5, 5, 5]",balanced,poisson,1,2,4,"[[1, 1, 1, 1, 1], [1, 1, 2, 1], [1, 1, 1, 2], [4, 1]]",15,"[5, 4, 4, 2]",82,150,0.4533333333333333,0,0.0,,,,TIME_LIMIT,0.2674757965111118,65051.0,0.001207113265991211,0.006472752429544926,30.000155925750732,30.006678289733827,4.9,OPTIMAL,0.0,11360.0,0.0009639263153076172,7.240008562803268e-05,7.240008562803268e-05,0.0,0.004818380810320377,1.8038268089294434,1.8087681122124195,N20_L4_balanced_poisson_hS2
N20_L4_balanced_poisson_hS2,20,0.5,75,75,proposed_bound_aware,min_Bidx_under_C_budget,20,4,"[5, 5, 5, 5]",balanced,poisson,1,2,4,"[[2, 1, 1, 1], [1, 1, 2, 1], [1, 1, 1, 2], [4, 1]]",14,"[4, 4, 4, 2]",72,150,0.52,17,0.85,,,,TIME_LIMIT,0.2674757965111118,65051.0,0.001207113265991211,0.006472752429544926,30.000155925750732,30.006678289733827,4.9,OPTIMAL,0.0,5626.0,0.0009210109710693359,0.006825524382293224,0.004975799471139908,0.0017609596252441406,0.00445918831974268,0.7378401756286621,0.7491732509806752,N20_L4_balanced_poisson_hS2
N20_L4_balanced_poisson_hS2,20,0.5,75,75,fixed_size_closest_dimension,fixed_size_2,20,4,"[5, 5, 5, 5]",balanced,poisson,1,2,4,"[[2, 2, 1], [2, 2, 1], [2, 2, 1], [2, 2, 1]]",12,"[3, 3, 3, 3]",54,150,0.64,189,9.45,,,,TIME_LIMIT,0.2674757965111118,65051.0,0.001207113265991211,0.006472752429544926,30.000155925750732,30.006678289733827,4.9,OPTIMAL,0.0,1458.0,0.0007228851318359375,3.928039222955704e-05,3.928039222955704e-05,0.0,0.005362173542380333,0.17280101776123047,0.1782481288537383,N20_L4_balanced_poisson_hS2
N20_L4_balanced_poisson_hS2,20,0.5,75,75,threshold_closest_dimension,release_gap_threshold_2,20,4,"[5, 5, 5, 5]",balanced,poisson,1,2,4,"[[2, 1, 1, 1], [1, 1, 2, 1], [1, 1, 1, 2], [4, 1]]",14,"[4, 4, 4, 2]",72,150,0.52,17,0.85,,,,TIME_LIMIT,0.2674757965111118,65051.0,0.001207113265991211,0.006472752429544926,30.000155925750732,30.006678289733827,4.9,OPTIMAL,0.0,5626.0,0.0009050369262695312,7.166806608438492e-05,7.166806608438492e-05,0.0,0.004934926517307758,0.7379229068756104,0.7429769476875663,N20_L4_balanced_poisson_hS2
N20_L4_balanced_poisson_hS2,20,0.75,38,38,proposed_bound_aware,min_Bidx_under_C_budget,20,4,"[5, 5, 5, 5]",balanced,poisson,1,2,4,"[[2, 1, 1, 1], [4, 1], [1, 4], [4, 1]]",10,"[4, 2, 2, 2]",36,150,0.76,153,7.65,,,,TIME_LIMIT,0.2674757965111118,65051.0,0.001207113265991211,0.006472752429544926,30.000155925750732,30.006678289733827,4.9,OPTIMAL,0.0,299.0,0.00016617774963378906,0.007741999812424183,0.00510995090007782,0.0025451183319091797,0.00440558884292841,0.04320812225341797,0.05540025886148214,N20_L4_balanced_poisson_hS2
N20_L4_balanced_poisson_hS2,20,0.75,38,38,fixed_size_closest_dimension,fixed_size_3,20,4,"[5, 5, 5, 5]",balanced,poisson,1,2,4,"[[3, 2], [3, 2], [3, 2], [3, 2]]",8,"[2, 2, 2, 2]",24,150,0.84,642,32.1,,,,TIME_LIMIT,0.2674757965111118,65051.0,0.001207113265991211,0.006472752429544926,30.000155925750732,30.006678289733827,5.75,OPTIMAL,0.0,118.0,0.00014495849609375,3.793835639953613e-05,3.793835639953613e-05,0.0,0.004347369074821472,0.02451014518737793,0.0289375688880682,N20_L4_balanced_poisson_hS2
N20_L4_balanced_poisson_hS2,20,0.75,38,38,threshold_closest_dimension,release_gap_threshold_3,20,4,"[5, 5, 5, 5]",balanced,poisson,1,2,4,"[[2, 1, 1, 1], [4, 1], [1, 4], [4, 1]]",10,"[4, 2, 2, 2]",36,150,0.76,153,7.65,,,,TIME_LIMIT,0.2674757965111118,65051.0,0.001207113265991211,0.006472752429544926,30.000155925750732,30.006678289733827,4.9,OPTIMAL,0.0,299.0,0.0001780986785888672,0.00010563991963863373,0.00010563991963863373,0.0,0.0052111344411969185,0.04289698600769043,0.04827112518250942,N20_L4_balanced_poisson_hS2
N20_L4_balanced_poisson_hS2,20,0.9,15,24,proposed_bound_aware,min_Bidx_under_C_budget,20,4,"[5, 5, 5, 5]",balanced,poisson,1,2,4,"[[4, 1], [4, 1], [1, 4], [4, 1]]",8,"[2, 2, 2, 2]",24,150,0.84,290,14.5,,,,TIME_LIMIT,0.2674757965111118,65051.0,0.001207113265991211,0.006472752429544926,30.000155925750732,30.006678289733827,5.1,OPTIMAL,0.0,52.0,0.0001480579376220703,0.00881135556846857,0.005423195660114288,0.0032939910888671875,0.004571659490466118,0.015127897262573242,0.02856916282325983,N20_L4_balanced_poisson_hS2
N20_L4_balanced_poisson_hS2,20,0.9,15,24,fixed_size_closest_dimension,fixed_size_3,20,4,"[5, 5, 5, 5]",balanced,poisson,1,2,4,"[[3, 2], [3, 2], [3, 2], [3, 2]]",8,"[2, 2, 2, 2]",24,150,0.84,642,32.1,,,,TIME_LIMIT,0.2674757965111118,65051.0,0.001207113265991211,0.006472752429544926,30.000155925750732,30.006678289733827,5.75,OPTIMAL,0.0,118.0,0.00014495849609375,3.923848271369934e-05,3.923848271369934e-05,0.0,0.0043057771399617195,0.024472951889038086,0.028862053528428078,N20_L4_balanced_poisson_hS2
N20_L4_balanced_poisson_hS2,20,0.9,15,24,threshold_closest_dimension,release_gap_threshold_17,20,4,"[5, 5, 5, 5]",balanced,poisson,1,2,4,"[[4, 1], [4, 1], [4, 1], [4, 1]]",8,"[2, 2, 2, 2]",24,150,0.84,345,17.25,,,,TIME_LIMIT,0.2674757965111118,65051.0,0.001207113265991211,0.006472752429544926,30.000155925750732,30.006678289733827,5.3,OPTIMAL,0.0,70.0,0.0001380443572998047,8.383765816688538e-05,8.383765816688538e-05,0.0,0.003980514593422413,0.014930009841918945,0.019037368707358837,N20_L4_balanced_poisson_hS2
N20_L4_balanced_poisson_hS2,21,0.25,112,112,proposed_bound_aware,min_Bidx_under_C_budget,20,4,"[5, 5, 5, 5]",balanced,poisson,1,2,4,"[[3, 2], [2, 2, 1], [2, 2, 1], [1, 1, 3]]",11,"[2, 3, 3, 3]",45,150,0.7,0,0.0,,,,TIME_LIMIT,0.26786723616359376,72168.0,0.0013530254364013672,0.006001189351081848,30.000192165374756,30.00624516233802,6.55,OPTIMAL,0.0,2342.0,0.0007219314575195312,0.007411179132759571,0.0056312195956707,0.0016911029815673828,0.004784789867699146,0.24480080604553223,0.25704434886574745,N20_L4_balanced_poisson_hS2
N20_L4_balanced_poisson_hS2,21,0.25,112,112,fixed_size_closest_dimension,fixed_size_2,20,4,"[5, 5, 5, 5]",balanced,poisson,1,2,4,"[[2, 2, 1], [2, 2, 1], [2, 2, 1], [2, 2, 1]]",12,"[3, 3, 3, 3]",54,150,0.64,32,1.6,,,,TIME_LIMIT,0.26786723616359376,72168.0,0.0013530254364013672,0.006001189351081848,30.000192165374756,30.00624516233802,6.55,OPTIMAL,0.0,2133.0,0.0007579326629638672,3.8018450140953064e-05,3.8018450140953064e-05,0.0,0.004320038482546806,0.23506498336791992,0.23946777917444706,N20_L4_balanced_poisson_hS2
N20_L4_balanced_poisson_hS2,21,0.25,112,112,threshold_closest_dimension,release_gap_threshold_0,20,4,"[5, 5, 5, 5]",balanced,poisson,1,2,4,"[[3, 2], [1, 1, 1, 1, 1], [1, 1, 2, 1], [1, 1, 1, 1, 1]]",16,"[2, 5, 4, 5]",93,150,0.38,0,0.0,,,,TIME_LIMIT,0.26786723616359376,72168.0,0.0013530254364013672,0.006001189351081848,30.000192165374756,30.00624516233802,6.55,OPTIMAL,0.0,11792.0,0.001149892807006836,6.225425750017166e-05,6.225425750017166e-05,0.0,0.005272336304187775,1.859158992767334,1.8645433839410543,N20_L4_balanced_poisson_hS2
N20_L4_balanced_poisson_hS2,21,0.5,75,75,proposed_bound_aware,min_Bidx_under_C_budget,20,4,"[5, 5, 5, 5]",balanced,poisson,1,2,4,"[[3, 2], [2, 2, 1], [2, 2, 1], [1, 1, 3]]",11,"[2, 3, 3, 3]",45,150,0.7,0,0.0,,,,TIME_LIMIT,0.26786723616359376,72168.0,0.0013530254364013672,0.006001189351081848,30.000192165374756,30.00624516233802,6.55,OPTIMAL,0.0,2342.0,0.0007100105285644531,0.007487485185265541,0.005655616521835327,0.0017440319061279297,0.004272966645658016,0.24396896362304688,0.2557762237265706,N20_L4_balanced_poisson_hS2
N20_L4_balanced_poisson_hS2,21,0.5,75,75,fixed_size_closest_dimension,fixed_size_2,20,4,"[5, 5, 5, 5]",balanced,poisson,1,2,4,"[[2, 2, 1], [2, 2, 1], [2, 2, 1], [2, 2, 1]]",12,"[3, 3, 3, 3]",54,150,0.64,32,1.6,,,,TIME_LIMIT,0.26786723616359376,72168.0,0.0013530254364013672,0.006001189351081848,30.000192165374756,30.00624516233802,6.55,OPTIMAL,0.0,2133.0,0.0007610321044921875,1.3921409845352173e-05,1.3921409845352173e-05,0.0,0.004270393401384354,0.23326706886291504,0.2375970622524619,N20_L4_balanced_poisson_hS2
N20_L4_balanced_poisson_hS2,21,0.5,75,75,threshold_closest_dimension,release_gap_threshold_1,20,4,"[5, 5, 5, 5]",balanced,poisson,1,2,4,"[[3, 2], [2, 2, 1], [2, 2, 1], [1, 1, 3]]",11,"[2, 3, 3, 3]",45,150,0.7,0,0.0,,,,TIME_LIMIT,0.26786723616359376,72168.0,0.0013530254364013672,0.006001189351081848,30.000192165374756,30.00624516233802,6.55,OPTIMAL,0.0,2342.0,0.0008420944213867188,8.329469710588455e-05,8.329469710588455e-05,0.0,0.005163133144378662,0.2439720630645752,0.24927525874227285,N20_L4_balanced_poisson_hS2
N20_L4_balanced_poisson_hS2,21,0.75,38,38,proposed_bound_aware,min_Bidx_under_C_budget,20,4,"[5, 5, 5, 5]",balanced,poisson,1,2,4,"[[3, 2], [2, 3], [2, 2, 1], [1, 1, 3]]",10,"[2, 2, 3, 3]",37,150,0.7533333333333333,14,0.7,,,,TIME_LIMIT,0.26786723616359376,72168.0,0.0013530254364013672,0.006001189351081848,30.000192165374756,30.00624516233802,6.65,OPTIMAL,0.0,1310.0,0.0007891654968261719,0.007938436232507229,0.005991993471980095,0.0018520355224609375,0.005203814245760441,0.12462401390075684,0.13782396167516708,N20_L4_balanced_poisson_hS2
N20_L4_balanced_poisson_hS2,21,0.75,38,38,fixed_size_closest_dimension,fixed_size_3,20,4,"[5, 5, 5, 5]",balanced,poisson,1,2,4,"[[3, 2], [3, 2], [3, 2], [3, 2]]",8,"[2, 2, 2, 2]",24,150,0.84,111,5.55,,,,TIME_LIMIT,0.26786723616359376,72168.0,0.0013530254364013672,0.006001189351081848,30.000192165374756,30.00624516233802,6.65,OPTIMAL,0.0,253.0,0.00055694580078125,3.173854202032089e-05,3.173854202032089e-05,0.0,0.003922677598893642,0.03367185592651367,0.037670496851205826,N20_L4_balanced_poisson_hS2
N20_L4_balanced_poisson_hS2,21,0.75,38,38,threshold_closest_dimension,release_gap_threshold_2,20,4,"[5, 5, 5, 5]",balanced,poisson,1,2,4,"[[4, 1], [4, 1], [4, 1], [2, 3]]",8,"[2, 2, 2, 2]",24,150,0.84,64,3.2,,,,TIME_LIMIT,0.26786723616359376,72168.0,0.0013530254364013672,0.006001189351081848,30.000192165374756,30.00624516233802,6.65,OPTIMAL,0.0,162.0,0.00018596649169921875,7.72261992096901e-05,7.72261992096901e-05,0.0,0.005141980014741421,0.03183293342590332,0.0371087770909071,N20_L4_balanced_poisson_hS2
N20_L4_balanced_poisson_hS2,21,0.9,15,24,proposed_bound_aware,min_Bidx_under_C_budget,20,4,"[5, 5, 5, 5]",balanced,poisson,1,2,4,"[[3, 2], [2, 3], [2, 3], [2, 3]]",8,"[2, 2, 2, 2]",24,150,0.84,45,2.25,,,,TIME_LIMIT,0.26786723616359376,72168.0,0.0013530254364013672,0.006001189351081848,30.000192165374756,30.00624516233802,6.65,OPTIMAL,0.0,322.0,0.00016999244689941406,0.009812266565859318,0.005659742280840874,0.0040547847747802734,0.0036715995520353317,0.046473026275634766,0.06000499613583088,N20_L4_balanced_poisson_hS2
N20_L4_balanced_poisson_hS2,21,0.9,15,24,fixed_size_closest_dimension,fixed_size_3,20,4,"[5, 5, 5, 5]",balanced,poisson,1,2,4,"[[3, 2], [3, 2], [3, 2], [3, 2]]",8,"[2, 2, 2, 2]",24,150,0.84,111,5.55,,,,TIME_LIMIT,0.26786723616359376,72168.0,0.0013530254364013672,0.006001189351081848,30.000192165374756,30.00624516233802,6.65,OPTIMAL,0.0,253.0,0.0005559921264648438,3.7406571209430695e-05,3.7406571209430695e-05,0.0,0.003998412750661373,0.03371596336364746,0.03779490292072296,N20_L4_balanced_poisson_hS2
N20_L4_balanced_poisson_hS2,21,0.9,15,24,threshold_closest_dimension,release_gap_threshold_2,20,4,"[5, 5, 5, 5]",balanced,poisson,1,2,4,"[[4, 1], [4, 1], [4, 1], [2, 3]]",8,"[2, 2, 2, 2]",24,150,0.84,64,3.2,,,,TIME_LIMIT,0.26786723616359376,72168.0,0.0013530254364013672,0.006001189351081848,30.000192165374756,30.00624516233802,6.65,OPTIMAL,0.0,162.0,0.0001659393310546875,2.2734515368938446e-05,2.2734515368938446e-05,0.0,0.0041144173592329025,0.0315089225769043,0.03568967245519161,N20_L4_balanced_poisson_hS2
N20_L4_balanced_poisson_hS2,22,0.25,112,112,proposed_bound_aware,min_Bidx_under_C_budget,20,4,"[5, 5, 5, 5]",balanced,poisson,1,2,4,"[[1, 2, 2], [4, 1], [2, 1, 2], [3, 1, 1]]",11,"[3, 2, 3, 3]",45,150,0.7,0,0.0,,,,TIME_LIMIT,0.3827832422586681,55358.0,0.0014200210571289062,0.007280321791768074,30.00015091896057,30.00749527849257,7.3,OPTIMAL,0.0,2439.0,0.0007739067077636719,0.00770960096269846,0.005834776908159256,0.0017850399017333984,0.004087165929377079,0.23333311080932617,0.24517837073653936,N20_L4_balanced_poisson_hS2
N20_L4_balanced_poisson_hS2,22,0.25,112,112,fixed_size_closest_dimension,fixed_size_2,20,4,"[5, 5, 5, 5]",balanced,poisson,1,2,4,"[[2, 2, 1], [2, 2, 1], [2, 2, 1], [2, 2, 1]]",12,"[3, 3, 3, 3]",54,150,0.64,96,4.8,,,,TIME_LIMIT,0.3827832422586681,55358.0,0.0014200210571289062,0.007280321791768074,30.00015091896057,30.00749527849257,7.5,OPTIMAL,0.0,3234.0,0.0007669925689697266,3.378093242645264e-05,3.378093242645264e-05,0.0,0.004619700834155083,0.38498902320861816,0.389687973074615,N20_L4_balanced_poisson_hS2
N20_L4_balanced_poisson_hS2,22,0.25,112,112,threshold_closest_dimension,release_gap_threshold_0,20,4,"[5, 5, 5, 5]",balanced,poisson,1,2,4,"[[1, 2, 2], [1, 3, 1], [2, 1, 2], [1, 1, 1, 1, 1]]",14,"[3, 3, 3, 5]",72,150,0.52,0,0.0,,,,TIME_LIMIT,0.3827832422586681,55358.0,0.0014200210571289062,0.007280321791768074,30.00015091896057,30.00749527849257,7.3,OPTIMAL,0.0,10871.0,0.0008871555328369141,6.371643394231796e-05,6.371643394231796e-05,0.0,0.004617707803845406,1.338468074798584,1.3432004377245903,N20_L4_balanced_poisson_hS2
N20_L4_balanced_poisson_hS2,22,0.5,75,75,proposed_bound_aware,min_Bidx_under_C_budget,20,4,"[5, 5, 5, 5]",balanced,poisson,1,2,4,"[[1, 2, 2], [4, 1], [2, 1, 2], [3, 1, 1]]",11,"[3, 2, 3, 3]",45,150,0.7,0,0.0,,,,TIME_LIMIT,0.3827832422586681,55358.0,0.0014200210571289062,0.007280321791768074,30.00015091896057,30.00749527849257,7.3,OPTIMAL,0.0,2439.0,0.0007669925689697266,0.006509317085146904,0.004995228722691536,0.001425027847290039,0.003982828930020332,0.23388195037841797,0.2444196231663227,N20_L4_balanced_poisson_hS2
N20_L4_balanced_poisson_hS2,22,0.5,75,75,fixed_size_closest_dimension,fixed_size_2,20,4,"[5, 5, 5, 5]",balanced,poisson,1,2,4,"[[2, 2, 1], [2, 2, 1], [2, 2, 1], [2, 2, 1]]",12,"[3, 3, 3, 3]",54,150,0.64,96,4.8,,,,TIME_LIMIT,0.3827832422586681,55358.0,0.0014200210571289062,0.007280321791768074,30.00015091896057,30.00749527849257,7.5,OPTIMAL,0.0,3234.0,0.0007569789886474609,3.3561140298843384e-05,3.3561140298843384e-05,0.0,0.004354741424322128,0.38567304611206055,0.3901072693988681,N20_L4_balanced_poisson_hS2
N20_L4_balanced_poisson_hS2,22,0.5,75,75,threshold_closest_dimension,release_gap_threshold_0,20,4,"[5, 5, 5, 5]",balanced,poisson,1,2,4,"[[1, 2, 2], [1, 3, 1], [2, 1, 2], [1, 1, 1, 1, 1]]",14,"[3, 3, 3, 5]",72,150,0.52,0,0.0,,,,TIME_LIMIT,0.3827832422586681,55358.0,0.0014200210571289062,0.007280321791768074,30.00015091896057,30.00749527849257,7.3,OPTIMAL,0.0,10871.0,0.0008881092071533203,6.333552300930023e-05,6.333552300930023e-05,0.0,0.004979914985597134,1.335616111755371,1.3407110357657075,N20_L4_balanced_poisson_hS2
N20_L4_balanced_poisson_hS2,22,0.75,38,38,proposed_bound_aware,min_Bidx_under_C_budget,20,4,"[5, 5, 5, 5]",balanced,poisson,1,2,4,"[[1, 2, 2], [4, 1], [2, 3], [3, 1, 1]]",10,"[3, 2, 2, 3]",37,150,0.7533333333333333,15,0.75,,,,TIME_LIMIT,0.3827832422586681,55358.0,0.0014200210571289062,0.007280321791768074,30.00015091896057,30.00749527849257,7.3,OPTIMAL,0.0,1827.0,0.0007028579711914062,0.007526503875851631,0.0056739142164587975,0.001764059066772461,0.003908055834472179,0.17337393760681152,0.18485507275909185,N20_L4_balanced_poisson_hS2
N20_L4_balanced_poisson_hS2,22,0.75,38,38,fixed_size_closest_dimension,fixed_size_3,20,4,"[5, 5, 5, 5]",balanced,poisson,1,2,4,"[[3, 2], [3, 2], [3, 2], [3, 2]]",8,"[2, 2, 2, 2]",24,150,0.84,93,4.65,,,,TIME_LIMIT,0.3827832422586681,55358.0,0.0014200210571289062,0.007280321791768074,30.00015091896057,30.00749527849257,7.3,OPTIMAL,0.0,439.0,0.0006020069122314453,5.366094410419464e-05,5.366094410419464e-05,0.0,0.00425291620194912,0.05307197570800781,0.05742223281413317,N20_L4_balanced_poisson_hS2
N20_L4_balanced_poisson_hS2,22,0.75,38,38,threshold_closest_dimension,release_gap_threshold_2,20,4,"[5, 5, 5, 5]",balanced,poisson,1,2,4,"[[3, 2], [4, 1], [4, 1], [4, 1]]",8,"[2, 2, 2, 2]",24,150,0.84,63,3.15,,,,TIME_LIMIT,0.3827832422586681,55358.0,0.0014200210571289062,0.007280321791768074,30.00015091896057,30.00749527849257,7.95,OPTIMAL,0.0,276.0,0.0005810260772705078,7.174815982580185e-05,7.174815982580185e-05,0.0,0.004459138959646225,0.034667015075683594,0.039240618236362934,N20_L4_balanced_poisson_hS2
N20_L4_balanced_poisson_hS2,22,0.9,15,24,proposed_bound_aware,min_Bidx_under_C_budget,20,4,"[5, 5, 5, 5]",balanced,poisson,1,2,4,"[[3, 2], [4, 1], [2, 3], [4, 1]]",8,"[2, 2, 2, 2]",24,150,0.84,47,2.35,,,,TIME_LIMIT,0.3827832422586681,55358.0,0.0014200210571289062,0.007280321791768074,30.00015091896057,30.00749527849257,7.95,OPTIMAL,0.0,324.0,0.0006189346313476562,0.007841639220714569,0.00579395517706871,0.0019540786743164062,0.004213737323880196,0.04333209991455078,0.05543521046638489,N20_L4_balanced_poisson_hS2
N20_L4_balanced_poisson_hS2,22,0.9,15,24,fixed_size_closest_dimension,fixed_size_3,20,4,"[5, 5, 5, 5]",balanced,poisson,1,2,4,"[[3, 2], [3, 2], [3, 2], [3, 2]]",8,"[2, 2, 2, 2]",24,150,0.84,93,4.65,,,,TIME_LIMIT,0.3827832422586681,55358.0,0.0014200210571289062,0.007280321791768074,30.00015091896057,30.00749527849257,7.3,OPTIMAL,0.0,439.0,0.0006711483001708984,4.01204451918602e-05,4.01204451918602e-05,0.0,0.00468023307621479,0.05219101905822754,0.05696717556566,N20_L4_balanced_poisson_hS2
N20_L4_balanced_poisson_hS2,22,0.9,15,24,threshold_closest_dimension,release_gap_threshold_2,20,4,"[5, 5, 5, 5]",balanced,poisson,1,2,4,"[[3, 2], [4, 1], [4, 1], [4, 1]]",8,"[2, 2, 2, 2]",24,150,0.84,63,3.15,,,,TIME_LIMIT,0.3827832422586681,55358.0,0.0014200210571289062,0.007280321791768074,30.00015091896057,30.00749527849257,7.95,OPTIMAL,0.0,276.0,0.0007271766662597656,9.264051914215088e-05,9.264051914215088e-05,0.0,0.004842978902161121,0.03551912307739258,0.04051207099109888,N20_L4_balanced_poisson_hS2
N20_L4_balanced_poisson_hS2,23,0.25,112,112,proposed_bound_aware,min_Bidx_under_C_budget,20,4,"[5, 5, 5, 5]",balanced,poisson,1,2,4,"[[1, 1, 3], [4, 1], [2, 2, 1], [1, 1, 3]]",11,"[3, 2, 3, 3]",45,150,0.7,0,0.0,0.0,True,4.55,OPTIMAL,0.0,78021.0,0.0013530254364013672,0.006409386172890663,28.454029083251953,28.460488898679614,4.55,OPTIMAL,0.0,1950.0,0.0007739067077636719,0.00755537673830986,0.005690508522093296,0.0017750263214111328,0.004692842252552509,0.20352411270141602,0.21582316048443317,N20_L4_balanced_poisson_hS2
N20_L4_balanced_poisson_hS2,23,0.25,112,112,fixed_size_closest_dimension,fixed_size_2,20,4,"[5, 5, 5, 5]",balanced,poisson,1,2,4,"[[2, 2, 1], [2, 2, 1], [2, 2, 1], [2, 2, 1]]",12,"[3, 3, 3, 3]",54,150,0.64,167,8.35,0.0,True,4.55,OPTIMAL,0.0,78021.0,0.0013530254364013672,0.006409386172890663,28.454029083251953,28.460488898679614,4.55,OPTIMAL,0.0,1150.0,0.0009069442749023438,4.503875970840454e-05,4.503875970840454e-05,0.0,0.005630929954349995,0.1423189640045166,0.1480523692443967,N20_L4_balanced_poisson_hS2
N20_L4_balanced_poisson_hS2,23,0.25,112,112,threshold_closest_dimension,release_gap_threshold_1,20,4,"[5, 5, 5, 5]",balanced,poisson,1,2,4,"[[1, 1, 3], [4, 1], [2, 2, 1], [1, 1, 3]]",11,"[3, 2, 3, 3]",45,150,0.7,0,0.0,0.0,True,4.55,OPTIMAL,0.0,78021.0,0.0013530254364013672,0.006409386172890663,28.454029083251953,28.460488898679614,4.55,OPTIMAL,0.0,1950.0,0.0008950233459472656,8.375663310289383e-05,8.375663310289383e-05,0.0,0.005320701748132706,0.2034909725189209,0.20895356126129627,N20_L4_balanced_poisson_hS2
N20_L4_balanced_poisson_hS2,23,0.5,75,75,proposed_bound_aware,min_Bidx_under_C_budget,20,4,"[5, 5, 5, 5]",balanced,poisson,1,2,4,"[[1, 1, 3], [4, 1], [2, 2, 1], [1, 1, 3]]",11,"[3, 2, 3, 3]",45,150,0.7,0,0.0,0.0,True,4.55,OPTIMAL,0.0,78021.0,0.0013530254364013672,0.006409386172890663,28.454029083251953,28.460488898679614,4.55,OPTIMAL,0.0,1950.0,0.0007851123809814453,0.007793257012963295,0.005908058024942875,0.001789093017578125,0.004788164980709553,0.20292997360229492,0.21556569170206785,N20_L4_balanced_poisson_hS2
N20_L4_balanced_poisson_hS2,23,0.5,75,75,fixed_size_closest_dimension,fixed_size_2,20,4,"[5, 5, 5, 5]",balanced,poisson,1,2,4,"[[2, 2, 1], [2, 2, 1], [2, 2, 1], [2, 2, 1]]",12,"[3, 3, 3, 3]",54,150,0.64,167,8.35,0.0,True,4.55,OPTIMAL,0.0,78021.0,0.0013530254364013672,0.006409386172890663,28.454029083251953,28.460488898679614,4.55,OPTIMAL,0.0,1150.0,0.0008921623229980469,3.56137752532959e-05,3.56137752532959e-05,0.0,0.005254099145531654,0.14353203773498535,0.1488780975341797,N20_L4_balanced_poisson_hS2
N20_L4_balanced_poisson_hS2,23,0.5,75,75,threshold_closest_dimension,release_gap_threshold_1,20,4,"[5, 5, 5, 5]",balanced,poisson,1,2,4,"[[1, 1, 3], [4, 1], [2, 2, 1], [1, 1, 3]]",11,"[3, 2, 3, 3]",45,150,0.7,0,0.0,0.0,True,4.55,OPTIMAL,0.0,78021.0,0.0013530254364013672,0.006409386172890663,28.454029083251953,28.460488898679614,4.55,OPTIMAL,0.0,1950.0,0.0007388591766357422,7.950048893690109e-05,7.950048893690109e-05,0.0,0.004658889956772327,0.202470064163208,0.20725303050130606,N20_L4_balanced_poisson_hS2
N20_L4_balanced_poisson_hS2,23,0.75,38,38,proposed_bound_aware,min_Bidx_under_C_budget,20,4,"[5, 5, 5, 5]",balanced,poisson,1,2,4,"[[1, 4], [4, 1], [2, 2, 1], [1, 1, 3]]",10,"[2, 2, 3, 3]",37,150,0.7533333333333333,16,0.8,0.0,True,4.55,OPTIMAL,0.0,78021.0,0.0013530254364013672,0.006409386172890663,28.454029083251953,28.460488898679614,4.55,OPTIMAL,0.0,773.0,0.0006999969482421875,0.007280602119863033,0.005258145742118359,0.001940011978149414,0.004422973841428757,0.09103608131408691,0.10278394166380167,N20_L4_balanced_poisson_hS2
N20_L4_balanced_poisson_hS2,23,0.75,38,38,fixed_size_closest_dimension,fixed_size_3,20,4,"[5, 5, 5, 5]",balanced,poisson,1,2,4,"[[3, 2], [3, 2], [3, 2], [3, 2]]",8,"[2, 2, 2, 2]",24,150,0.84,307,15.35,0.6000000000000005,True,4.55,OPTIMAL,0.0,78021.0,0.0013530254364013672,0.006409386172890663,28.454029083251953,28.460488898679614,5.15,OPTIMAL,0.0,146.0,0.00017213821411132812,3.189779818058014e-05,3.189779818058014e-05,0.0,0.004114777781069279,0.022808074951171875,0.02699748706072569,N20_L4_balanced_poisson_hS2
N20_L4_balanced_poisson_hS2,23,0.75,38,38,threshold_closest_dimension,release_gap_threshold_2,20,4,"[5, 5, 5, 5]",balanced,poisson,1,2,4,"[[1, 4], [4, 1], [4, 1], [1, 4]]",8,"[2, 2, 2, 2]",24,150,0.84,48,2.4,0.0,True,4.55,OPTIMAL,0.0,78021.0,0.0013530254364013672,0.006409386172890663,28.454029083251953,28.460488898679614,4.55,OPTIMAL,0.0,128.0,0.00016188621520996094,7.838942110538483e-05,7.838942110538483e-05,0.0,0.004054627381265163,0.01923394203186035,0.02340971678495407,N20_L4_balanced_poisson_hS2
N20_L4_balanced_poisson_hS2,23,0.9,15,24,proposed_bound_aware,min_Bidx_under_C_budget,20,4,"[5, 5, 5, 5]",balanced,poisson,1,2,4,"[[1, 4], [4, 1], [4, 1], [1, 4]]",8,"[2, 2, 2, 2]",24,150,0.84,48,2.4,0.0,True,4.55,OPTIMAL,0.0,78021.0,0.0013530254364013672,0.006409386172890663,28.454029083251953,28.460488898679614,4.55,OPTIMAL,0.0,128.0,0.0001609325408935547,0.005787945352494717,0.004254419356584549,0.0014519691467285156,0.004108739085495472,0.019232988357543945,0.029173524118959904,N20_L4_balanced_poisson_hS2
N20_L4_balanced_poisson_hS2,23,0.9,15,24,fixed_size_closest_dimension,fixed_size_3,20,4,"[5, 5, 5, 5]",balanced,poisson,1,2,4,"[[3, 2], [3, 2], [3, 2], [3, 2]]",8,"[2, 2, 2, 2]",24,150,0.84,307,15.35,0.6000000000000005,True,4.55,OPTIMAL,0.0,78021.0,0.0013530254364013672,0.006409386172890663,28.454029083251953,28.460488898679614,5.15,OPTIMAL,0.0,146.0,0.00016498565673828125,1.2788921594619751e-05,1.2788921594619751e-05,0.0,0.003457234241068363,0.023036956787109375,0.02655001077800989,N20_L4_balanced_poisson_hS2
N20_L4_balanced_poisson_hS2,23,0.9,15,24,threshold_closest_dimension,release_gap_threshold_2,20,4,"[5, 5, 5, 5]",balanced,poisson,1,2,4,"[[1, 4], [4, 1], [4, 1], [1, 4]]",8,"[2, 2, 2, 2]",24,150,0.84,48,2.4,0.0,True,4.55,OPTIMAL,0.0,78021.0,0.0013530254364013672,0.006409386172890663,28.454029083251953,28.460488898679614,4.55,OPTIMAL,0.0,128.0,0.00016188621520996094,7.80085101723671e-05,7.80085101723671e-05,0.0,0.00403351616114378,0.01928091049194336,0.023435024544596672,N20_L4_balanced_poisson_hS2
N20_L4_balanced_poisson_hS2,24,0.25,112,112,proposed_bound_aware,min_Bidx_under_C_budget,20,4,"[5, 5, 5, 5]",balanced,poisson,1,2,4,"[[2, 3], [1, 1, 2, 1], [1, 1, 2, 1], [1, 1, 1, 2]]",14,"[2, 4, 4, 4]",72,150,0.52,0,0.0,,,,TIME_LIMIT,0.49807837639849495,41093.0,0.0012049674987792969,0.005753614939749241,30.000151872634888,30.005956117995083,7.7,OPTIMAL,0.0,32750.0,0.0009171962738037109,0.007832695730030537,0.0059666261076927185,0.001775979995727539,0.005008787848055363,8.875982999801636,8.888877602294087,N20_L4_balanced_poisson_hS2
N20_L4_balanced_poisson_hS2,24,0.25,112,112,fixed_size_closest_dimension,fixed_size_2,20,4,"[5, 5, 5, 5]",balanced,poisson,1,2,4,"[[2, 2, 1], [2, 2, 1], [2, 2, 1], [2, 2, 1]]",12,"[3, 3, 3, 3]",54,150,0.64,66,3.3,,,,TIME_LIMIT,0.49807837639849495,41093.0,0.0012049674987792969,0.005753614939749241,30.000151872634888,30.005956117995083,8.45,OPTIMAL,0.0,7454.0,0.0008008480072021484,1.5484169125556946e-05,1.5484169125556946e-05,0.0,0.00473424419760704,0.8938539028167725,0.8986542737111449,N20_L4_balanced_poisson_hS2
N20_L4_balanced_poisson_hS2,24,0.25,112,112,threshold_closest_dimension,release_gap_threshold_0,20,4,"[5, 5, 5, 5]",balanced,poisson,1,2,4,"[[2, 1, 2], [1, 1, 1, 1, 1], [1, 1, 2, 1], [1, 1, 1, 1, 1]]",17,"[3, 5, 4, 5]",107,150,0.2866666666666667,0,0.0,,,,TIME_LIMIT,0.49807837639849495,41093.0,0.0012049674987792969,0.005753614939749241,30.000151872634888,30.005956117995083,7.7,TIME_LIMIT,0.18194375475109092,79279.0,0.0011029243469238281,7.535424083471298e-05,7.535424083471298e-05,0.0,0.006208892911672592,30.000258922576904,30.006596070714295,N20_L4_balanced_poisson_hS2
N20_L4_balanced_poisson_hS2,24,0.5,75,75,proposed_bound_aware,min_Bidx_under_C_budget,20,4,"[5, 5, 5, 5]",balanced,poisson,1,2,4,"[[2, 3], [1, 1, 2, 1], [1, 1, 2, 1], [1, 1, 1, 2]]",14,"[2, 4, 4, 4]",72,150,0.52,0,0.0,,,,TIME_LIMIT,0.49807837639849495,41093.0,0.0012049674987792969,0.005753614939749241,30.000151872634888,30.005956117995083,7.7,OPTIMAL,0.0,32750.0,0.0009129047393798828,0.00721439253538847,0.005511629395186901,0.0016121864318847656,0.005095089785754681,8.865550994873047,8.877912940457463,N20_L4_balanced_poisson_hS2
N20_L4_balanced_poisson_hS2,24,0.5,75,75,fixed_size_closest_dimension,fixed_size_2,20,4,"[5, 5, 5, 5]",balanced,poisson,1,2,4,"[[2, 2, 1], [2, 2, 1], [2, 2, 1], [2, 2, 1]]",12,"[3, 3, 3, 3]",54,150,0.64,66,3.3,,,,TIME_LIMIT,0.49807837639849495,41093.0,0.0012049674987792969,0.005753614939749241,30.000151872634888,30.005956117995083,8.45,OPTIMAL,0.0,7454.0,0.0007870197296142578,5.23887574672699e-05,5.23887574672699e-05,0.0,0.0050426507368683815,0.8926839828491211,0.8978303102776408,N20_L4_balanced_poisson_hS2
N20_L4_balanced_poisson_hS2,24,0.5,75,75,threshold_closest_dimension,release_gap_threshold_1,20,4,"[5, 5, 5, 5]",balanced,poisson,1,2,4,"[[2, 3], [1, 1, 2, 1], [1, 1, 2, 1], [1, 1, 1, 2]]",14,"[2, 4, 4, 4]",72,150,0.52,0,0.0,,,,TIME_LIMIT,0.49807837639849495,41093.0,0.0012049674987792969,0.005753614939749241,30.000151872634888,30.005956117995083,7.7,OPTIMAL,0.0,32750.0,0.0008950233459472656,7.65044242143631e-05,7.65044242143631e-05,0.0,0.005379228852689266,8.87440800666809,8.8799156434834,N20_L4_balanced_poisson_hS2
N20_L4_balanced_poisson_hS2,24,0.75,38,38,proposed_bound_aware,min_Bidx_under_C_budget,20,4,"[5, 5, 5, 5]",balanced,poisson,1,2,4,"[[2, 3], [1, 1, 2, 1], [2, 3], [1, 4]]",10,"[2, 4, 2, 2]",36,150,0.76,62,3.1,,,,TIME_LIMIT,0.49807837639849495,41093.0,0.0012049674987792969,0.005753614939749241,30.000151872634888,30.005956117995083,7.7,OPTIMAL,0.0,2440.0,0.0006549358367919922,0.009281164966523647,0.005638960748910904,0.003551959991455078,0.004436774179339409,0.19729995727539062,0.2110656527802348,N20_L4_balanced_poisson_hS2
N20_L4_balanced_poisson_hS2,24,0.75,38,38,fixed_size_closest_dimension,fixed_size_3,20,4,"[5, 5, 5, 5]",balanced,poisson,1,2,4,"[[3, 2], [3, 2], [3, 2], [3, 2]]",8,"[2, 2, 2, 2]",24,150,0.84,229,11.45,,,,TIME_LIMIT,0.49807837639849495,41093.0,0.0012049674987792969,0.005753614939749241,30.000151872634888,30.005956117995083,8.8,OPTIMAL,0.0,751.0,0.0005400180816650391,3.996025770902634e-05,3.996025770902634e-05,0.0,0.004594312980771065,0.07512688636779785,0.07980607077479362,N20_L4_balanced_poisson_hS2
N20_L4_balanced_poisson_hS2,24,0.75,38,38,threshold_closest_dimension,release_gap_threshold_2,20,4,"[5, 5, 5, 5]",balanced,poisson,1,2,4,"[[2, 3], [2, 2, 1], [2, 3], [4, 1]]",9,"[2, 3, 2, 2]",30,150,0.8,96,4.8,,,,TIME_LIMIT,0.49807837639849495,41093.0,0.0012049674987792969,0.005753614939749241,30.000151872634888,30.005956117995083,8.45,OPTIMAL,0.0,1282.0,0.0005810260772705078,7.075630128383636e-05,7.075630128383636e-05,0.0,0.004278955981135368,0.10278606414794922,0.1071805665269494,N20_L4_balanced_poisson_hS2
N20_L4_balanced_poisson_hS2,24,0.9,15,24,proposed_bound_aware,min_Bidx_under_C_budget,20,4,"[5, 5, 5, 5]",balanced,poisson,1,2,4,"[[2, 3], [4, 1], [2, 3], [1, 4]]",8,"[2, 2, 2, 2]",24,150,0.84,113,5.65,,,,TIME_LIMIT,0.49807837639849495,41093.0,0.0012049674987792969,0.005753614939749241,30.000151872634888,30.005956117995083,7.7,OPTIMAL,0.0,335.0,0.0005390644073486328,0.010092461481690407,0.005214559845626354,0.004796028137207031,0.004137652926146984,0.038259029388427734,0.05253324657678604,N20_L4_balanced_poisson_hS2
N20_L4_balanced_poisson_hS2,24,0.9,15,24,fixed_size_closest_dimension,fixed_size_3,20,4,"[5, 5, 5, 5]",balanced,poisson,1,2,4,"[[3, 2], [3, 2], [3, 2], [3, 2]]",8,"[2, 2, 2, 2]",24,150,0.84,229,11.45,,,,TIME_LIMIT,0.49807837639849495,41093.0,0.0012049674987792969,0.005753614939749241,30.000151872634888,30.005956117995083,8.8,OPTIMAL,0.0,751.0,0.0005412101745605469,1.301988959312439e-05,1.301988959312439e-05,0.0,0.00466112419962883,0.07497501373291016,0.07969303894788027,N20_L4_balanced_poisson_hS2
N20_L4_balanced_poisson_hS2,24,0.9,15,24,threshold_closest_dimension,release_gap_threshold_3,20,4,"[5, 5, 5, 5]",balanced,poisson,1,2,4,"[[4, 1], [4, 1], [4, 1], [4, 1]]",8,"[2, 2, 2, 2]",24,150,0.84,184,9.2,,,,TIME_LIMIT,0.49807837639849495,41093.0,0.0012049674987792969,0.005753614939749241,30.000151872634888,30.005956117995083,8.8,OPTIMAL,0.0,287.0,0.0001709461212158203,6.783194839954376e-05,6.783194839954376e-05,0.0,0.004025042988359928,0.03669095039367676,0.04082688596099615,N20_L4_balanced_poisson_hS2
N20_L4_balanced_poisson_hS2,25,0.25,112,112,proposed_bound_aware,min_Bidx_under_C_budget,20,4,"[5, 5, 5, 5]",balanced,poisson,1,2,4,"[[1, 1, 3], [2, 1, 2], [2, 2, 1], [2, 2, 1]]",12,"[3, 3, 3, 3]",54,150,0.64,0,0.0,,,,TIME_LIMIT,0.4654203091337778,45143.0,0.001252889633178711,0.00660305842757225,30.00011396408081,30.00676811207086,6.6,OPTIMAL,0.0,7511.0,0.0007779598236083984,0.0072973668575286865,0.005425778217613697,0.0017800331115722656,0.004903600551187992,1.0221819877624512,1.0344351045787334,N20_L4_balanced_poisson_hS2
N20_L4_balanced_poisson_hS2,25,0.25,112,112,fixed_size_closest_dimension,fixed_size_2,20,4,"[5, 5, 5, 5]",balanced,poisson,1,2,4,"[[2, 2, 1], [2, 2, 1], [2, 2, 1], [2, 2, 1]]",12,"[3, 3, 3, 3]",54,150,0.64,51,2.55,,,,TIME_LIMIT,0.4654203091337778,45143.0,0.001252889633178711,0.00660305842757225,30.00011396408081,30.00676811207086,6.6,OPTIMAL,0.0,4623.0,0.0007569789886474609,4.03309240937233e-05,4.03309240937233e-05,0.0,0.0052533987909555435,0.5848090648651123,0.5901494296267629,N20_L4_balanced_poisson_hS2
N20_L4_balanced_poisson_hS2,25,0.25,112,112,threshold_closest_dimension,release_gap_threshold_1,20,4,"[5, 5, 5, 5]",balanced,poisson,1,2,4,"[[1, 1, 3], [2, 1, 2], [2, 2, 1], [2, 2, 1]]",12,"[3, 3, 3, 3]",54,150,0.64,0,0.0,,,,TIME_LIMIT,0.4654203091337778,45143.0,0.001252889633178711,0.00660305842757225,30.00011396408081,30.00676811207086,6.6,OPTIMAL,0.0,7511.0,0.0007359981536865234,7.311999797821045e-05,7.311999797821045e-05,0.0,0.005444767884910107,1.0248990058898926,1.030466739088297,N20_L4_balanced_poisson_hS2
N20_L4_balanced_poisson_hS2,25,0.5,75,75,proposed_bound_aware,min_Bidx_under_C_budget,20,4,"[5, 5, 5, 5]",balanced,poisson,1,2,4,"[[1, 1, 3], [2, 1, 2], [2, 2, 1], [2, 2, 1]]",12,"[3, 3, 3, 3]",54,150,0.64,0,0.0,,,,TIME_LIMIT,0.4654203091337778,45143.0,0.001252889633178711,0.00660305842757225,30.00011396408081,30.00676811207086,6.6,OPTIMAL,0.0,7511.0,0.0007619857788085938,0.0074011534452438354,0.005614634603261948,0.0016901493072509766,0.00410576444119215,1.021008014678955,1.0325642079114914,N20_L4_balanced_poisson_hS2
N20_L4_balanced_poisson_hS2,25,0.5,75,75,fixed_size_closest_dimension,fixed_size_2,20,4,"[5, 5, 5, 5]",balanced,poisson,1,2,4,"[[2, 2, 1], [2, 2, 1], [2, 2, 1], [2, 2, 1]]",12,"[3, 3, 3, 3]",54,150,0.64,51,2.55,,,,TIME_LIMIT,0.4654203091337778,45143.0,0.001252889633178711,0.00660305842757225,30.00011396408081,30.00676811207086,6.6,OPTIMAL,0.0,4623.0,0.0007588863372802734,4.0121376514434814e-05,4.0121376514434814e-05,0.0,0.004748404957354069,0.5858879089355469,0.5907228458672762,N20_L4_balanced_poisson_hS2
N20_L4_balanced_poisson_hS2,25,0.5,75,75,threshold_closest_dimension,release_gap_threshold_1,20,4,"[5, 5, 5, 5]",balanced,poisson,1,2,4,"[[1, 1, 3], [2, 1, 2], [2, 2, 1], [2, 2, 1]]",12,"[3, 3, 3, 3]",54,150,0.64,0,0.0,,,,TIME_LIMIT,0.4654203091337778,45143.0,0.001252889633178711,0.00660305842757225,30.00011396408081,30.00676811207086,6.6,OPTIMAL,0.0,7511.0,0.0007441043853759766,8.906517177820206e-05,8.906517177820206e-05,0.0,0.005081828683614731,1.0219860076904297,1.0272068241611123,N20_L4_balanced_poisson_hS2
N20_L4_balanced_poisson_hS2,25,0.75,38,38,proposed_bound_aware,min_Bidx_under_C_budget,20,4,"[5, 5, 5, 5]",balanced,poisson,1,2,4,"[[1, 1, 3], [2, 3], [2, 2, 1], [2, 3]]",10,"[3, 2, 3, 2]",37,150,0.7533333333333333,29,1.45,,,,TIME_LIMIT,0.4654203091337778,45143.0,0.001252889633178711,0.00660305842757225,30.00011396408081,30.00676811207086,6.6,OPTIMAL,0.0,2170.0,0.0006549358367919922,0.008049864321947098,0.005188670940697193,0.002774953842163086,0.004191294312477112,0.2060079574584961,0.21829377673566341,N20_L4_balanced_poisson_hS2
N20_L4_balanced_poisson_hS2,25,0.75,38,38,fixed_size_closest_dimension,fixed_size_3,20,4,"[5, 5, 5, 5]",balanced,poisson,1,2,4,"[[3, 2], [3, 2], [3, 2], [3, 2]]",8,"[2, 2, 2, 2]",24,150,0.84,216,10.8,,,,TIME_LIMIT,0.4654203091337778,45143.0,0.001252889633178711,0.00660305842757225,30.00011396408081,30.00676811207086,7.1,OPTIMAL,0.0,335.0,0.0001621246337890625,1.3920478522777557e-05,1.3920478522777557e-05,0.0,0.003613140434026718,0.04577517509460449,0.04944554902613163,N20_L4_balanced_poisson_hS2
N20_L4_balanced_poisson_hS2,25,0.75,38,38,threshold_closest_dimension,release_gap_threshold_2,20,4,"[5, 5, 5, 5]",balanced,poisson,1,2,4,"[[1, 1, 3], [4, 1], [2, 2, 1], [2, 3]]",10,"[3, 2, 3, 2]",37,150,0.7533333333333333,45,2.25,,,,TIME_LIMIT,0.4654203091337778,45143.0,0.001252889633178711,0.00660305842757225,30.00011396408081,30.00676811207086,7.4,OPTIMAL,0.0,1764.0,0.0006310939788818359,6.986502557992935e-05,6.986502557992935e-05,0.0,0.004132725298404694,0.17245221138000488,0.17669888958334923,N20_L4_balanced_poisson_hS2
N20_L4_balanced_poisson_hS2,25,0.9,15,24,proposed_bound_aware,min_Bidx_under_C_budget,20,4,"[5, 5, 5, 5]",balanced,poisson,1,2,4,"[[1, 4], [2, 3], [2, 3], [2, 3]]",8,"[2, 2, 2, 2]",24,150,0.84,93,4.65,,,,TIME_LIMIT,0.4654203091337778,45143.0,0.001252889633178711,0.00660305842757225,30.00011396408081,30.00676811207086,7.0,OPTIMAL,0.0,1012.0,0.0005400180816650391,0.010128194466233253,0.0058045219630002975,0.0042269229888916016,0.0037543727084994316,0.08701109886169434,0.10094270948320627,N20_L4_balanced_poisson_hS2
N20_L4_balanced_poisson_hS2,25,0.9,15,24,fixed_size_closest_dimension,fixed_size_3,20,4,"[5, 5, 5, 5]",balanced,poisson,1,2,4,"[[3, 2], [3, 2], [3, 2], [3, 2]]",8,"[2, 2, 2, 2]",24,150,0.84,216,10.8,,,,TIME_LIMIT,0.4654203091337778,45143.0,0.001252889633178711,0.00660305842757225,30.00011396408081,30.00676811207086,7.1,OPTIMAL,0.0,335.0,0.0001990795135498047,3.401096910238266e-05,3.401096910238266e-05,0.0,0.005263735540211201,0.046253204345703125,0.051613206043839455,N20_L4_balanced_poisson_hS2
N20_L4_balanced_poisson_hS2,25,0.9,15,24,threshold_closest_dimension,release_gap_threshold_3,20,4,"[5, 5, 5, 5]",balanced,poisson,1,2,4,"[[4, 1], [4, 1], [4, 1], [2, 3]]",8,"[2, 2, 2, 2]",24,150,0.84,149,7.45,,,,TIME_LIMIT,0.4654203091337778,45143.0,0.001252889633178711,0.00660305842757225,30.00011396408081,30.00676811207086,7.4,OPTIMAL,0.0,337.0,0.0006921291351318359,7.977988570928574e-05,7.977988570928574e-05,0.0,0.0049912817776203156,0.04575204849243164,0.05088059790432453,N20_L4_balanced_poisson_hS2
N20_L4_balanced_poisson_hS2,26,0.25,112,112,proposed_bound_aware,min_Bidx_under_C_budget,20,4,"[5, 5, 5, 5]",balanced,poisson,1,2,4,"[[1, 1, 1, 1, 1], [3, 2], [4, 1], [1, 3, 1]]",12,"[5, 2, 2, 3]",51,150,0.66,0,0.0,,,,TIME_LIMIT,0.3775451840056296,55296.0,0.0014629364013671875,0.007411389611661434,30.000118017196655,30.007593023590744,6.55,OPTIMAL,0.0,2455.0,0.0008609294891357422,0.007397469133138657,0.005462675355374813,0.0018451213836669922,0.004224864766001701,0.23990583419799805,0.2515767030417919,N20_L4_balanced_poisson_hS2
N20_L4_balanced_poisson_hS2,26,0.25,112,112,fixed_size_closest_dimension,fixed_size_2,20,4,"[5, 5, 5, 5]",balanced,poisson,1,2,4,"[[2, 2, 1], [2, 2, 1], [2, 2, 1], [2, 2, 1]]",12,"[3, 3, 3, 3]",54,150,0.64,225,11.25,,,,TIME_LIMIT,0.3775451840056296,55296.0,0.0014629364013671875,0.007411389611661434,30.000118017196655,30.007593023590744,6.55,OPTIMAL,0.0,1537.0,0.0008251667022705078,1.4802441000938416e-05,1.4802441000938416e-05,0.0,0.004328751936554909,0.21394801139831543,0.21833548042923212,N20_L4_balanced_poisson_hS2
N20_L4_balanced_poisson_hS2,26,0.25,112,112,threshold_closest_dimension,release_gap_threshold_0,20,4,"[5, 5, 5, 5]",balanced,poisson,1,2,4,"[[1, 1, 1, 1, 1], [1, 1, 1, 1, 1], [4, 1], [1, 1, 1, 1, 1]]",17,"[5, 5, 2, 5]",105,150,0.3,0,0.0,,,,TIME_LIMIT,0.3775451840056296,55296.0,0.0014629364013671875,0.007411389611661434,30.000118017196655,30.007593023590744,6.55,OPTIMAL,0.0,31276.0,0.001230001449584961,8.579902350902557e-05,8.579902350902557e-05,0.0,0.005281361751258373,10.528735160827637,10.534154287539423,N20_L4_balanced_poisson_hS2
N20_L4_balanced_poisson_hS2,26,0.5,75,75,proposed_bound_aware,min_Bidx_under_C_budget,20,4,"[5, 5, 5, 5]",balanced,poisson,1,2,4,"[[1, 1, 1, 1, 1], [3, 2], [4, 1], [1, 3, 1]]",12,"[5, 2, 2, 3]",51,150,0.66,0,0.0,,,,TIME_LIMIT,0.3775451840056296,55296.0,0.0014629364013671875,0.007411389611661434,30.000118017196655,30.007593023590744,6.55,OPTIMAL,0.0,2455.0,0.0008308887481689453,0.00740468967705965,0.005398808047175407,0.001911163330078125,0.004093006253242493,0.23848390579223633,0.2500313092023134,N20_L4_balanced_poisson_hS2
N20_L4_balanced_poisson_hS2,26,0.5,75,75,fixed_size_closest_dimension,fixed_size_2,20,4,"[5, 5, 5, 5]",balanced,poisson,1,2,4,"[[2, 2, 1], [2, 2, 1], [2, 2, 1], [2, 2, 1]]",12,"[3, 3, 3, 3]",54,150,0.64,225,11.25,,,,TIME_LIMIT,0.3775451840056296,55296.0,0.0014629364013671875,0.007411389611661434,30.000118017196655,30.007593023590744,6.55,OPTIMAL,0.0,1537.0,0.0007729530334472656,3.800727427005768e-05,3.800727427005768e-05,0.0,0.004793464206159115,0.21206092834472656,0.2169376378878951,N20_L4_balanced_poisson_hS2
N20_L4_balanced_poisson_hS2,26,0.5,75,75,threshold_closest_dimension,release_gap_threshold_1,20,4,"[5, 5, 5, 5]",balanced,poisson,1,2,4,"[[1, 1, 1, 1, 1], [3, 2], [4, 1], [1, 3, 1]]",12,"[5, 2, 2, 3]",51,150,0.66,0,0.0,,,,TIME_LIMIT,0.3775451840056296,55296.0,0.0014629364013671875,0.007411389611661434,30.000118017196655,30.007593023590744,6.55,OPTIMAL,0.0,2455.0,0.0007851123809814453,7.945019751787186e-05,7.945019751787186e-05,0.0,0.004758900962769985,0.23645615577697754,0.24133921321481466,N20_L4_balanced_poisson_hS2
N20_L4_balanced_poisson_hS2,26,0.75,38,38,proposed_bound_aware,min_Bidx_under_C_budget,20,4,"[5, 5, 5, 5]",balanced,poisson,1,2,4,"[[1, 1, 3], [3, 2], [4, 1], [1, 3, 1]]",10,"[3, 2, 2, 3]",37,150,0.7533333333333333,29,1.45,,,,TIME_LIMIT,0.3775451840056296,55296.0,0.0014629364013671875,0.007411389611661434,30.000118017196655,30.007593023590744,6.55,OPTIMAL,0.0,1183.0,0.0007448196411132812,0.009558774530887604,0.005164965987205505,0.004311800003051758,0.004521501250565052,0.112030029296875,0.1261593559756875,N20_L4_balanced_poisson_hS2
N20_L4_balanced_poisson_hS2,26,0.75,38,38,fixed_size_closest_dimension,fixed_size_3,20,4,"[5, 5, 5, 5]",balanced,poisson,1,2,4,"[[3, 2], [3, 2], [3, 2], [3, 2]]",8,"[2, 2, 2, 2]",24,150,0.84,204,10.2,,,,TIME_LIMIT,0.3775451840056296,55296.0,0.0014629364013671875,0.007411389611661434,30.000118017196655,30.007593023590744,6.55,OPTIMAL,0.0,234.0,0.0005369186401367188,1.303013414144516e-05,1.303013414144516e-05,0.0,0.0036126598715782166,0.03073883056640625,0.03440866805613041,N20_L4_balanced_poisson_hS2
N20_L4_balanced_poisson_hS2,26,0.75,38,38,threshold_closest_dimension,release_gap_threshold_2,20,4,"[5, 5, 5, 5]",balanced,poisson,1,2,4,"[[1, 1, 3], [3, 2], [4, 1], [4, 1]]",9,"[3, 2, 2, 2]",30,150,0.8,46,2.3,,,,TIME_LIMIT,0.3775451840056296,55296.0,0.0014629364013671875,0.007411389611661434,30.000118017196655,30.007593023590744,6.55,OPTIMAL,0.0,557.0,0.0007879734039306641,0.0001054694876074791,0.0001054694876074791,0.0,0.0049639008939266205,0.06461405754089355,0.0697397980839014,N20_L4_balanced_poisson_hS2
N20_L4_balanced_poisson_hS2,26,0.9,15,24,proposed_bound_aware,min_Bidx_under_C_budget,20,4,"[5, 5, 5, 5]",balanced,poisson,1,2,4,"[[1, 4], [3, 2], [3, 2], [4, 1]]",8,"[2, 2, 2, 2]",24,150,0.84,80,4.0,,,,TIME_LIMIT,0.3775451840056296,55296.0,0.0014629364013671875,0.007411389611661434,30.000118017196655,30.007593023590744,6.55,OPTIMAL,0.0,408.0,0.00017404556274414062,0.006630389019846916,0.004730227403342724,0.001817941665649414,0.005257925949990749,0.04261898994445801,0.05456449557095766,N20_L4_balanced_poisson_hS2
N20_L4_balanced_poisson_hS2,26,0.9,15,24,fixed_size_closest_dimension,fixed_size_3,20,4,"[5, 5, 5, 5]",balanced,poisson,1,2,4,"[[3, 2], [3, 2], [3, 2], [3, 2]]",8,"[2, 2, 2, 2]",24,150,0.84,204,10.2,,,,TIME_LIMIT,0.3775451840056296,55296.0,0.0014629364013671875,0.007411389611661434,30.000118017196655,30.007593023590744,6.55,OPTIMAL,0.0,234.0,0.0006940364837646484,4.318542778491974e-05,4.318542778491974e-05,0.0,0.00503788236528635,0.031723976135253906,0.036862704902887344,N20_L4_balanced_poisson_hS2
N20_L4_balanced_poisson_hS2,26,0.9,15,24,threshold_closest_dimension,release_gap_threshold_3,20,4,"[5, 5, 5, 5]",balanced,poisson,1,2,4,"[[1, 4], [3, 2], [4, 1], [4, 1]]",8,"[2, 2, 2, 2]",24,150,0.84,80,4.0,,,,TIME_LIMIT,0.3775451840056296,55296.0,0.0014629364013671875,0.007411389611661434,30.000118017196655,30.007593023590744,6.55,OPTIMAL,0.0,354.0,0.00017595291137695312,0.00010722223669290543,0.00010722223669290543,0.0,0.004659680649638176,0.041764020919799805,0.04658929351717234,N20_L4_balanced_poisson_hS2
N20_L4_balanced_poisson_hS2,27,0.25,112,112,proposed_bound_aware,min_Bidx_under_C_budget,20,4,"[5, 5, 5, 5]",balanced,poisson,1,2,4,"[[2, 2, 1], [1, 2, 1, 1], [2, 1, 1, 1], [2, 3]]",13,"[3, 4, 4, 2]",62,150,0.5866666666666667,0,0.0,,,,TIME_LIMIT,0.3937502705831228,63232.0,0.0014150142669677734,0.007017835043370724,30.00012707710266,30.007210129871964,5.5,OPTIMAL,0.0,6813.0,0.0008208751678466797,0.007566994987428188,0.0056489864364266396,0.0018279552459716797,0.004968347959220409,0.9440109729766846,0.9566000113263726,N20_L4_balanced_poisson_hS2
N20_L4_balanced_poisson_hS2,27,0.25,112,112,fixed_size_closest_dimension,fixed_size_2,20,4,"[5, 5, 5, 5]",balanced,poisson,1,2,4,"[[2, 2, 1], [2, 2, 1], [2, 2, 1], [2, 2, 1]]",12,"[3, 3, 3, 3]",54,150,0.64,227,11.35,,,,TIME_LIMIT,0.3937502705831228,63232.0,0.0014150142669677734,0.007017835043370724,30.00012707710266,30.007210129871964,5.5,OPTIMAL,0.0,2566.0,0.0007410049438476562,4.007015377283096e-05,4.007015377283096e-05,0.0,0.005209461785852909,0.2394251823425293,0.24472073279321194,N20_L4_balanced_poisson_hS2
N20_L4_balanced_poisson_hS2,27,0.25,112,112,threshold_closest_dimension,release_gap_threshold_0,20,4,"[5, 5, 5, 5]",balanced,poisson,1,2,4,"[[1, 1, 1, 1, 1], [1, 1, 1, 1, 1], [2, 1, 1, 1], [2, 3]]",16,"[5, 5, 4, 2]",93,150,0.38,0,0.0,,,,TIME_LIMIT,0.3937502705831228,63232.0,0.0014150142669677734,0.007017835043370724,30.00012707710266,30.007210129871964,5.5,OPTIMAL,0.0,36562.0,0.0009667873382568359,3.426242619752884e-05,3.426242619752884e-05,0.0,0.004904772154986858,13.001998901367188,13.006988848559558,N20_L4_balanced_poisson_hS2
N20_L4_balanced_poisson_hS2,27,0.5,75,75,proposed_bound_aware,min_Bidx_under_C_budget,20,4,"[5, 5, 5, 5]",balanced,poisson,1,2,4,"[[2, 2, 1], [1, 2, 1, 1], [2, 1, 1, 1], [2, 3]]",13,"[3, 4, 4, 2]",62,150,0.5866666666666667,0,0.0,,,,TIME_LIMIT,0.3937502705831228,63232.0,0.0014150142669677734,0.007017835043370724,30.00012707710266,30.007210129871964,5.5,OPTIMAL,0.0,6813.0,0.0007860660552978516,0.0074468133971095085,0.005702648311853409,0.001653909683227539,0.004243043251335621,0.944282054901123,0.9560232609510422,N20_L4_balanced_poisson_hS2
N20_L4_balanced_poisson_hS2,27,0.5,75,75,fixed_size_closest_dimension,fixed_size_2,20,4,"[5, 5, 5, 5]",balanced,poisson,1,2,4,"[[2, 2, 1], [2, 2, 1], [2, 2, 1], [2, 2, 1]]",12,"[3, 3, 3, 3]",54,150,0.64,227,11.35,,,,TIME_LIMIT,0.3937502705831228,63232.0,0.0014150142669677734,0.007017835043370724,30.00012707710266,30.007210129871964,5.5,OPTIMAL,0.0,2566.0,0.0007450580596923828,3.996025770902634e-05,3.996025770902634e-05,0.0,0.0047191111370921135,0.2386469841003418,0.2434522369876504,N20_L4_balanced_poisson_hS2
N20_L4_balanced_poisson_hS2,27,0.5,75,75,threshold_closest_dimension,release_gap_threshold_1,20,4,"[5, 5, 5, 5]",balanced,poisson,1,2,4,"[[2, 2, 1], [1, 2, 1, 1], [2, 1, 1, 1], [2, 3]]",13,"[3, 4, 4, 2]",62,150,0.5866666666666667,0,0.0,,,,TIME_LIMIT,0.3937502705831228,63232.0,0.0014150142669677734,0.007017835043370724,30.00012707710266,30.007210129871964,5.5,OPTIMAL,0.0,6813.0,0.0007739067077636719,3.496278077363968e-05,3.496278077363968e-05,0.0,0.005143903195858002,0.9453308582305908,0.9505583019927144,N20_L4_balanced_poisson_hS2
N20_L4_balanced_poisson_hS2,27,0.75,38,38,proposed_bound_aware,min_Bidx_under_C_budget,20,4,"[5, 5, 5, 5]",balanced,poisson,1,2,4,"[[2, 3], [1, 2, 2], [2, 1, 2], [2, 3]]",10,"[2, 3, 3, 2]",37,150,0.7533333333333333,42,2.1,,,,TIME_LIMIT,0.3937502705831228,63232.0,0.0014150142669677734,0.007017835043370724,30.00012707710266,30.007210129871964,5.65,OPTIMAL,0.0,2781.0,0.0006320476531982422,0.006480934098362923,0.004732741974294186,0.0016617774963378906,0.004081087186932564,0.24196195602416992,0.25257090758532286,N20_L4_balanced_poisson_hS2
N20_L4_balanced_poisson_hS2,27,0.75,38,38,fixed_size_closest_dimension,fixed_size_3,20,4,"[5, 5, 5, 5]",balanced,poisson,1,2,4,"[[3, 2], [3, 2], [3, 2], [3, 2]]",8,"[2, 2, 2, 2]",24,150,0.84,418,20.9,,,,TIME_LIMIT,0.3937502705831228,63232.0,0.0014150142669677734,0.007017835043370724,30.00012707710266,30.007210129871964,6.55,OPTIMAL,0.0,209.0,0.00016808509826660156,1.4492310583591461e-05,1.4492310583591461e-05,0.0,0.0037191705778241158,0.028063058853149414,0.03184107784181833,N20_L4_balanced_poisson_hS2
N20_L4_balanced_poisson_hS2,27,0.75,38,38,threshold_closest_dimension,release_gap_threshold_2,20,4,"[5, 5, 5, 5]",balanced,poisson,1,2,4,"[[2, 3], [1, 2, 2], [2, 1, 2], [2, 3]]",10,"[2, 3, 3, 2]",37,150,0.7533333333333333,42,2.1,,,,TIME_LIMIT,0.3937502705831228,63232.0,0.0014150142669677734,0.007017835043370724,30.00012707710266,30.007210129871964,5.65,OPTIMAL,0.0,2781.0,0.0006620883941650391,3.185868263244629e-05,3.185868263244629e-05,0.0,0.004624699242413044,0.24283909797668457,0.24753921385854483,N20_L4_balanced_poisson_hS2
N20_L4_balanced_poisson_hS2,27,0.9,15,24,proposed_bound_aware,min_Bidx_under_C_budget,20,4,"[5, 5, 5, 5]",balanced,poisson,1,2,4,"[[2, 3], [1, 4], [2, 3], [2, 3]]",8,"[2, 2, 2, 2]",24,150,0.84,157,7.85,,,,TIME_LIMIT,0.3937502705831228,63232.0,0.0014150142669677734,0.007017835043370724,30.00012707710266,30.007210129871964,5.8,OPTIMAL,0.0,627.0,0.0005221366882324219,0.006736309267580509,0.005114599131047726,0.001538991928100586,0.003510003909468651,0.05645418167114258,0.06674630381166935,N20_L4_balanced_poisson_hS2
N20_L4_balanced_poisson_hS2,27,0.9,15,24,fixed_size_closest_dimension,fixed_size_3,20,4,"[5, 5, 5, 5]",balanced,poisson,1,2,4,"[[3, 2], [3, 2], [3, 2], [3, 2]]",8,"[2, 2, 2, 2]",24,150,0.84,418,20.9,,,,TIME_LIMIT,0.3937502705831228,63232.0,0.0014150142669677734,0.007017835043370724,30.00012707710266,30.007210129871964,6.55,OPTIMAL,0.0,209.0,0.00016498565673828125,3.90494242310524e-05,3.90494242310524e-05,0.0,0.004076099023222923,0.02782607078552246,0.031984915025532246,N20_L4_balanced_poisson_hS2
N20_L4_balanced_poisson_hS2,27,0.9,15,24,threshold_closest_dimension,release_gap_threshold_5,20,4,"[5, 5, 5, 5]",balanced,poisson,1,2,4,"[[2, 3], [1, 4], [2, 3], [4, 1]]",8,"[2, 2, 2, 2]",24,150,0.84,209,10.45,,,,TIME_LIMIT,0.3937502705831228,63232.0,0.0014150142669677734,0.007017835043370724,30.00012707710266,30.007210129871964,5.8,OPTIMAL,0.0,494.0,0.00015616416931152344,3.0807219445705414e-05,3.0807219445705414e-05,0.0,0.0034651653841137886,0.04803800582885742,0.05157741159200668,N20_L4_balanced_poisson_hS2
N20_L4_balanced_poisson_hS2,28,0.25,112,112,proposed_bound_aware,min_Bidx_under_C_budget,20,4,"[5, 5, 5, 5]",balanced,poisson,1,2,4,"[[1, 1, 1, 1, 1], [1, 1, 2, 1], [3, 1, 1], [2, 1, 2]]",15,"[5, 4, 3, 3]",83,150,0.44666666666666666,0,0.0,,,,TIME_LIMIT,0.48495617152334786,57989.0,0.0012271404266357422,0.005776319652795792,30.000157117843628,30.0059834420681,7.1,OPTIMAL,0.0,78929.0,0.0009891986846923828,0.008149965666234493,0.006212498061358929,0.0018470287322998047,0.004932715557515621,12.159969091415405,12.173105291090906,N20_L4_balanced_poisson_hS2
N20_L4_balanced_poisson_hS2,28,0.25,112,112,fixed_size_closest_dimension,fixed_size_2,20,4,"[5, 5, 5, 5]",balanced,poisson,1,2,4,"[[2, 2, 1], [2, 2, 1], [2, 2, 1], [2, 2, 1]]",12,"[3, 3, 3, 3]",54,150,0.64,166,8.3,,,,TIME_LIMIT,0.48495617152334786,57989.0,0.0012271404266357422,0.005776319652795792,30.000157117843628,30.0059834420681,7.3,OPTIMAL,0.0,5826.0,0.000759124755859375,4.032161086797714e-05,4.032161086797714e-05,0.0,0.005438528954982758,0.7524020671844482,0.7579319449141622,N20_L4_balanced_poisson_hS2
N20_L4_balanced_poisson_hS2,28,0.25,112,112,threshold_closest_dimension,release_gap_threshold_1,20,4,"[5, 5, 5, 5]",balanced,poisson,1,2,4,"[[1, 1, 1, 1, 1], [1, 1, 2, 1], [3, 1, 1], [2, 1, 2]]",15,"[5, 4, 3, 3]",83,150,0.44666666666666666,0,0.0,,,,TIME_LIMIT,0.48495617152334786,57989.0,0.0012271404266357422,0.005776319652795792,30.000157117843628,30.0059834420681,7.1,OPTIMAL,0.0,78929.0,0.0009698867797851562,8.144229650497437e-05,8.144229650497437e-05,0.0,0.00554102286696434,12.151160955429077,12.156835094094276,N20_L4_balanced_poisson_hS2
N20_L4_balanced_poisson_hS2,28,0.5,75,75,proposed_bound_aware,min_Bidx_under_C_budget,20,4,"[5, 5, 5, 5]",balanced,poisson,1,2,4,"[[1, 1, 1, 1, 1], [1, 1, 2, 1], [3, 2], [2, 1, 2]]",14,"[5, 4, 2, 3]",71,150,0.5266666666666666,14,0.7,,,,TIME_LIMIT,0.48495617152334786,57989.0,0.0012271404266357422,0.005776319652795792,30.000157117843628,30.0059834420681,7.1,OPTIMAL,0.0,36166.0,0.0008800029754638672,0.007002761587500572,0.005036131478846073,0.0018780231475830078,0.004485197365283966,8.130865097045898,8.142405203543603,N20_L4_balanced_poisson_hS2
N20_L4_balanced_poisson_hS2,28,0.5,75,75,fixed_size_closest_dimension,fixed_size_2,20,4,"[5, 5, 5, 5]",balanced,poisson,1,2,4,"[[2, 2, 1], [2, 2, 1], [2, 2, 1], [2, 2, 1]]",12,"[3, 3, 3, 3]",54,150,0.64,166,8.3,,,,TIME_LIMIT,0.48495617152334786,57989.0,0.0012271404266357422,0.005776319652795792,30.000157117843628,30.0059834420681,7.3,OPTIMAL,0.0,5826.0,0.0007650852203369141,4.034023731946945e-05,4.034023731946945e-05,0.0,0.005423544906079769,0.7479979991912842,0.7535130446776748,N20_L4_balanced_poisson_hS2
N20_L4_balanced_poisson_hS2,28,0.5,75,75,threshold_closest_dimension,release_gap_threshold_2,20,4,"[5, 5, 5, 5]",balanced,poisson,1,2,4,"[[4, 1], [1, 1, 2, 1], [3, 2], [3, 2]]",10,"[2, 4, 2, 2]",36,150,0.76,78,3.9,,,,TIME_LIMIT,0.48495617152334786,57989.0,0.0012271404266357422,0.005776319652795792,30.000157117843628,30.0059834420681,7.3,OPTIMAL,0.0,1312.0,0.0006580352783203125,8.109211921691895e-05,8.109211921691895e-05,0.0,0.0049888091161847115,0.1201319694519043,0.12524694949388504,N20_L4_balanced_poisson_hS2
N20_L4_balanced_poisson_hS2,28,0.75,38,38,proposed_bound_aware,min_Bidx_under_C_budget,20,4,"[5, 5, 5, 5]",balanced,poisson,1,2,4,"[[1, 4], [1, 1, 2, 1], [3, 2], [3, 2]]",10,"[2, 4, 2, 2]",36,150,0.76,75,3.75,,,,TIME_LIMIT,0.48495617152334786,57989.0,0.0012271404266357422,0.005776319652795792,30.000157117843628,30.0059834420681,7.3,OPTIMAL,0.0,2543.0,0.0006399154663085938,0.008304709568619728,0.005141249857842922,0.003080129623413086,0.003984730690717697,0.2204439640045166,0.23278405517339706,N20_L4_balanced_poisson_hS2
N20_L4_balanced_poisson_hS2,28,0.75,38,38,fixed_size_closest_dimension,fixed_size_3,20,4,"[5, 5, 5, 5]",balanced,poisson,1,2,4,"[[3, 2], [3, 2], [3, 2], [3, 2]]",8,"[2, 2, 2, 2]",24,150,0.84,193,9.65,,,,TIME_LIMIT,0.48495617152334786,57989.0,0.0012271404266357422,0.005776319652795792,30.000157117843628,30.0059834420681,7.4,OPTIMAL,0.0,438.0,0.0005509853363037109,1.380033791065216e-05,1.380033791065216e-05,0.0,0.0036144424229860306,0.053835153579711914,0.057507253251969814,N20_L4_balanced_poisson_hS2
N20_L4_balanced_poisson_hS2,28,0.75,38,38,threshold_closest_dimension,release_gap_threshold_2,20,4,"[5, 5, 5, 5]",balanced,poisson,1,2,4,"[[4, 1], [1, 1, 2, 1], [3, 2], [3, 2]]",10,"[2, 4, 2, 2]",36,150,0.76,78,3.9,,,,TIME_LIMIT,0.48495617152334786,57989.0,0.0012271404266357422,0.005776319652795792,30.000157117843628,30.0059834420681,7.3,OPTIMAL,0.0,1312.0,0.0006260871887207031,7.815845310688019e-05,7.815845310688019e-05,0.0,0.004322802647948265,0.12005996704101562,0.124504498206079,N20_L4_balanced_poisson_hS2
N20_L4_balanced_poisson_hS2,28,0.9,15,24,proposed_bound_aware,min_Bidx_under_C_budget,20,4,"[5, 5, 5, 5]",balanced,poisson,1,2,4,"[[1, 4], [4, 1], [3, 2], [3, 2]]",8,"[2, 2, 2, 2]",24,150,0.84,145,7.25,,,,TIME_LIMIT,0.48495617152334786,57989.0,0.0012271404266357422,0.005776319652795792,30.000157117843628,30.0059834420681,7.4,OPTIMAL,0.0,361.0,0.0005600452423095703,0.010122365318238735,0.005470596253871918,0.004565000534057617,0.004403945058584213,0.04335308074951172,0.05792222823947668,N20_L4_balanced_poisson_hS2
N20_L4_balanced_poisson_hS2,28,0.9,15,24,fixed_size_closest_dimension,fixed_size_3,20,4,"[5, 5, 5, 5]",balanced,poisson,1,2,4,"[[3, 2], [3, 2], [3, 2], [3, 2]]",8,"[2, 2, 2, 2]",24,150,0.84,193,9.65,,,,TIME_LIMIT,0.48495617152334786,57989.0,0.0012271404266357422,0.005776319652795792,30.000157117843628,30.0059834420681,7.4,OPTIMAL,0.0,438.0,0.0005540847778320312,1.3000331819057465e-05,1.3000331819057465e-05,0.0,0.004166637547314167,0.053974151611328125,0.0581970764324069,N20_L4_balanced_poisson_hS2
N20_L4_balanced_poisson_hS2,28,0.9,15,24,threshold_closest_dimension,release_gap_threshold_3,20,4,"[5, 5, 5, 5]",balanced,poisson,1,2,4,"[[4, 1], [4, 1], [4, 1], [3, 2]]",8,"[2, 2, 2, 2]",24,150,0.84,166,8.3,,,,TIME_LIMIT,0.48495617152334786,57989.0,0.0012271404266357422,0.005776319652795792,30.000157117843628,30.0059834420681,7.4,OPTIMAL,0.0,257.0,0.0005362033843994141,7.765647023916245e-05,7.765647023916245e-05,0.0,0.004181859083473682,0.03969001770019531,0.04399219807237387,N20_L4_balanced_poisson_hS2
N20_L4_balanced_poisson_hS2,29,0.25,112,112,proposed_bound_aware,min_Bidx_under_C_budget,20,4,"[5, 5, 5, 5]",balanced,poisson,1,2,4,"[[2, 1, 1, 1], [2, 2, 1], [1, 4], [1, 1, 1, 2]]",13,"[4, 3, 2, 4]",62,150,0.5866666666666667,0,0.0,,,,TIME_LIMIT,0.3935691726240233,56098.0,0.0014760494232177734,0.007314613088965416,30.000306844711304,30.007686435244977,6.85,OPTIMAL,0.0,5442.0,0.0009338855743408203,0.007499001920223236,0.005545959807932377,0.0018601417541503906,0.004466360434889793,0.4727590084075928,0.4847753094509244,N20_L4_balanced_poisson_hS2
N20_L4_balanced_poisson_hS2,29,0.25,112,112,fixed_size_closest_dimension,fixed_size_2,20,4,"[5, 5, 5, 5]",balanced,poisson,1,2,4,"[[2, 2, 1], [2, 2, 1], [2, 2, 1], [2, 2, 1]]",12,"[3, 3, 3, 3]",54,150,0.64,81,4.05,,,,TIME_LIMIT,0.3935691726240233,56098.0,0.0014760494232177734,0.007314613088965416,30.000306844711304,30.007686435244977,7.05,OPTIMAL,0.0,4187.0,0.000762939453125,4.0271319448947906e-05,4.0271319448947906e-05,0.0,0.005012654699385166,0.5447061061859131,0.5498069645836949,N20_L4_balanced_poisson_hS2
N20_L4_balanced_poisson_hS2,29,0.25,112,112,threshold_closest_dimension,release_gap_threshold_0,20,4,"[5, 5, 5, 5]",balanced,poisson,1,2,4,"[[1, 1, 1, 1, 1], [2, 1, 1, 1], [2, 2, 1], [1, 1, 1, 2]]",16,"[5, 4, 3, 4]",95,150,0.36666666666666664,0,0.0,,,,TIME_LIMIT,0.3935691726240233,56098.0,0.0014760494232177734,0.007314613088965416,30.000306844711304,30.007686435244977,6.85,OPTIMAL,0.0,44174.0,0.0012118816375732422,8.951500058174133e-05,8.951500058174133e-05,0.0,0.0062990691512823105,14.808312892913818,14.814766331575811,N20_L4_balanced_poisson_hS2
N20_L4_balanced_poisson_hS2,29,0.5,75,75,proposed_bound_aware,min_Bidx_under_C_budget,20,4,"[5, 5, 5, 5]",balanced,poisson,1,2,4,"[[2, 1, 1, 1], [2, 2, 1], [1, 4], [1, 1, 1, 2]]",13,"[4, 3, 2, 4]",62,150,0.5866666666666667,0,0.0,,,,TIME_LIMIT,0.3935691726240233,56098.0,0.0014760494232177734,0.007314613088965416,30.000306844711304,30.007686435244977,6.85,OPTIMAL,0.0,5442.0,0.0009281635284423828,0.007836551405489445,0.00599419791251421,0.0017468929290771484,0.004448272287845612,0.4690251350402832,0.48135798517614603,N20_L4_balanced_poisson_hS2
N20_L4_balanced_poisson_hS2,29,0.5,75,75,fixed_size_closest_dimension,fixed_size_2,20,4,"[5, 5, 5, 5]",balanced,poisson,1,2,4,"[[2, 2, 1], [2, 2, 1], [2, 2, 1], [2, 2, 1]]",12,"[3, 3, 3, 3]",54,150,0.64,81,4.05,,,,TIME_LIMIT,0.3935691726240233,56098.0,0.0014760494232177734,0.007314613088965416,30.000306844711304,30.007686435244977,7.05,OPTIMAL,0.0,4187.0,0.0007610321044921875,4.095211625099182e-05,4.095211625099182e-05,0.0,0.005338788032531738,0.545292854309082,0.550720133818686,N20_L4_balanced_poisson_hS2
N20_L4_balanced_poisson_hS2,29,0.5,75,75,threshold_closest_dimension,release_gap_threshold_1,20,4,"[5, 5, 5, 5]",balanced,poisson,1,2,4,"[[2, 1, 1, 1], [2, 2, 1], [4, 1], [1, 1, 1, 2]]",13,"[4, 3, 2, 4]",62,150,0.5866666666666667,0,0.0,,,,TIME_LIMIT,0.3935691726240233,56098.0,0.0014760494232177734,0.007314613088965416,30.000306844711304,30.007686435244977,6.85,OPTIMAL,0.0,6684.0,0.0008809566497802734,7.42720440030098e-05,7.42720440030098e-05,0.0,0.005240278318524361,0.7510528564453125,0.7564151640981436,N20_L4_balanced_poisson_hS2
N20_L4_balanced_poisson_hS2,29,0.75,38,38,proposed_bound_aware,min_Bidx_under_C_budget,20,4,"[5, 5, 5, 5]",balanced,poisson,1,2,4,"[[3, 1, 1], [2, 3], [4, 1], [2, 1, 2]]",10,"[3, 2, 2, 3]",37,150,0.7533333333333333,47,2.35,,,,TIME_LIMIT,0.3935691726240233,56098.0,0.0014760494232177734,0.007314613088965416,30.000306844711304,30.007686435244977,7.05,OPTIMAL,0.0,942.0,0.0007660388946533203,0.010352334007620811,0.0054083531722426414,0.0048580169677734375,0.004217484034597874,0.10215210914611816,0.11677175294607878,N20_L4_balanced_poisson_hS2
N20_L4_balanced_poisson_hS2,29,0.75,38,38,fixed_size_closest_dimension,fixed_size_3,20,4,"[5, 5, 5, 5]",balanced,poisson,1,2,4,"[[3, 2], [3, 2], [3, 2], [3, 2]]",8,"[2, 2, 2, 2]",24,150,0.84,175,8.75,,,,TIME_LIMIT,0.3935691726240233,56098.0,0.0014760494232177734,0.007314613088965416,30.000306844711304,30.007686435244977,7.05,OPTIMAL,0.0,380.0,0.000553131103515625,3.2318755984306335e-05,3.2318755984306335e-05,0.0,0.003811870701611042,0.04496407508850098,0.04885076265782118,N20_L4_balanced_poisson_hS2
N20_L4_balanced_poisson_hS2,29,0.75,38,38,threshold_closest_dimension,release_gap_threshold_2,20,4,"[5, 5, 5, 5]",balanced,poisson,1,2,4,"[[3, 1, 1], [4, 1], [4, 1], [2, 1, 2]]",10,"[3, 2, 2, 3]",37,150,0.7533333333333333,49,2.45,,,,TIME_LIMIT,0.3935691726240233,56098.0,0.0014760494232177734,0.007314613088965416,30.000306844711304,30.007686435244977,7.05,OPTIMAL,0.0,570.0,0.0006670951843261719,7.024593651294708e-05,7.024593651294708e-05,0.0,0.004478557966649532,0.06473517417907715,0.06933260336518288,N20_L4_balanced_poisson_hS2
N20_L4_balanced_poisson_hS2,29,0.9,15,24,proposed_bound_aware,min_Bidx_under_C_budget,20,4,"[5, 5, 5, 5]",balanced,poisson,1,2,4,"[[4, 1], [2, 3], [1, 4], [2, 3]]",8,"[2, 2, 2, 2]",24,150,0.84,111,5.55,,,,TIME_LIMIT,0.3935691726240233,56098.0,0.0014760494232177734,0.007314613088965416,30.000306844711304,30.007686435244977,7.05,OPTIMAL,0.0,194.0,0.000164031982421875,0.010361398570239544,0.005953547544777393,0.004304170608520508,0.0037326905876398087,0.03418993949890137,0.04833218827843666,N20_L4_balanced_poisson_hS2
N20_L4_balanced_poisson_hS2,29,0.9,15,24,fixed_size_closest_dimension,fixed_size_3,20,4,"[5, 5, 5, 5]",balanced,poisson,1,2,4,"[[3, 2], [3, 2], [3, 2], [3, 2]]",8,"[2, 2, 2, 2]",24,150,0.84,175,8.75,,,,TIME_LIMIT,0.3935691726240233,56098.0,0.0014760494232177734,0.007314613088965416,30.000306844711304,30.007686435244977,7.05,OPTIMAL,0.0,380.0,0.0006949901580810547,4.8893503844738007e-05,4.8893503844738007e-05,0.0,0.004931502975523472,0.04509997367858887,0.05013736616820097,N20_L4_balanced_poisson_hS2
N20_L4_balanced_poisson_hS2,29,0.9,15,24,threshold_closest_dimension,release_gap_threshold_3,20,4,"[5, 5, 5, 5]",balanced,poisson,1,2,4,"[[4, 1], [4, 1], [4, 1], [4, 1]]",8,"[2, 2, 2, 2]",24,150,0.84,147,7.35,,,,TIME_LIMIT,0.3935691726240233,56098.0,0.0014760494232177734,0.007314613088965416,30.000306844711304,30.007686435244977,7.05,OPTIMAL,0.0,134.0,0.00017189979553222656,7.684621959924698e-05,7.684621959924698e-05,0.0,0.004721594974398613,0.030524015426635742,0.03538008499890566,N20_L4_balanced_poisson_hS2
