seed,replication,N,L,counts,releases,arrival_rate,h_F,h_S,threshold,max_platoon_size,method,partition,number_of_platoons,ordering_variable_count,vehicle_level_ordering_variable_count,dimension_reduction_ratio,formation_time_ms,formation_repetitions,model_build_time_s,solve_time_s,end_to_end_time_s,status,objective,actual_optimality_gap,actual_gap_reference,terminal_mip_gap,node_count,partition_specific_upper_bound,scaled_partition_specific_upper_bound,rule_level_upper_bound,scaled_rule_level_upper_bound,np_optimal_objective,matching_chp_objective,pp_optimal_objective,D_NP,D_CHP,D_PP,bound_check_available,bound_valid,bound_slack,delay_order_check_available,np_pp_chp_delay_order_holds
13221979248995059580,0,24,4,"[6, 6, 6, 6]","[[0, 2, 2, 3, 3, 4], [3, 4, 4, 4, 5, 8], [2, 2, 3, 5, 6, 6], [2, 2, 2, 3, 3, 3]]",1.0,1,2,,1,NP,"[[1, 1, 1, 1, 1, 1], [1, 1, 1, 1, 1, 1], [1, 1, 1, 1, 1, 1], [1, 1, 1, 1, 1, 1]]",24,216,216,0.0,0.0015225,20,0.01850944757461548,30.019644021987915,30.038244554560563,TIME_LIMIT,10.458333333333334,,,0.2108900814055137,314669.0,0.0,0,0.0,0,,,,,,,False,,,False,
13221979248995059580,0,24,4,"[6, 6, 6, 6]","[[0, 2, 2, 3, 3, 4], [3, 4, 4, 4, 5, 8], [2, 2, 3, 5, 6, 6], [2, 2, 2, 3, 3, 3]]",1.0,1,2,2,,CHP,"[[6], [5, 1], [6], [6]]",5,9,216,0.9583333333333334,0.001803,20,0.004969942383468151,0.005440950393676758,0.010483696084943294,OPTIMAL,10.583333333333334,,,0.0,1.0,1.6666666666666667,40,20.125,483,,,,,10.583333333333334,,False,,,False,
13221979248995059580,0,24,4,"[6, 6, 6, 6]","[[0, 2, 2, 3, 3, 4], [3, 4, 4, 4, 5, 8], [2, 2, 3, 5, 6, 6], [2, 2, 2, 3, 3, 3]]",1.0,1,2,2,2,PP,"[[2, 2, 2], [2, 2, 1, 1], [2, 2, 2], [2, 2, 2]]",13,63,216,0.7083333333333333,0.0020535,20,0.005828438326716423,0.47502994537353516,0.4809357420809898,OPTIMAL,10.583333333333334,,,0.0,17465.0,1.6666666666666667,40,10.5,252,,10.583333333333334,10.583333333333334,,10.583333333333334,10.583333333333334,False,,,False,
13221979248995059580,0,24,4,"[6, 6, 6, 6]","[[0, 2, 2, 3, 3, 4], [3, 4, 4, 4, 5, 8], [2, 2, 3, 5, 6, 6], [2, 2, 2, 3, 3, 3]]",1.0,1,2,2,3,PP,"[[3, 3], [3, 2, 1], [3, 3], [3, 3]]",9,30,216,0.8611111111111112,0.001938,20,0.005308433435857296,0.06253218650817871,0.06791929147360373,OPTIMAL,10.583333333333334,,,0.0,1068.0,0.875,21,14.0,336,,10.583333333333334,10.583333333333334,,10.583333333333334,10.583333333333334,False,,,False,
13221979248995059580,0,24,4,"[6, 6, 6, 6]","[[0, 2, 2, 3, 3, 4], [3, 4, 4, 4, 5, 8], [2, 2, 3, 5, 6, 6], [2, 2, 2, 3, 3, 3]]",1.0,1,2,2,4,PP,"[[4, 2], [4, 1, 1], [4, 2], [4, 2]]",9,30,216,0.8611111111111112,0.0033205,20,0.006428436376154423,0.0459749698638916,0.05250543389443922,OPTIMAL,10.583333333333334,,,0.0,585.0,1.6666666666666667,40,15.75,378,,10.583333333333334,10.583333333333334,,10.583333333333334,10.583333333333334,False,,,False,
13221979248995059580,0,24,4,"[6, 6, 6, 6]","[[0, 2, 2, 3, 3, 4], [3, 4, 4, 4, 5, 8], [2, 2, 3, 5, 6, 6], [2, 2, 2, 3, 3, 3]]",1.0,1,2,2,5,PP,"[[5, 1], [5, 1], [5, 1], [5, 1]]",8,24,216,0.8888888888888888,0.001948,20,0.00522720068693161,0.030122041702270508,0.03542215344409752,OPTIMAL,10.583333333333334,,,0.0,209.0,1.6666666666666667,40,16.625,399,,10.583333333333334,10.583333333333334,,10.583333333333334,10.583333333333334,False,,,False,
13221979248995059580,0,24,4,"[6, 6, 6, 6]","[[0, 2, 2, 3, 3, 4], [3, 4, 4, 4, 5, 8], [2, 2, 3, 5, 6, 6], [2, 2, 2, 3, 3, 3]]",1.0,1,2,3,,CHP,"[[6], [6], [6], [6]]",4,6,216,0.9722222222222222,0.002414,20,0.005618602968752384,0.0034189224243164062,0.009112733428145885,OPTIMAL,10.583333333333334,,,0.0,1.0,3.1666666666666665,76,42.166666666666664,1012,,,,,10.583333333333334,,False,,,False,
13221979248995059580,0,24,4,"[6, 6, 6, 6]","[[0, 2, 2, 3, 3, 4], [3, 4, 4, 4, 5, 8], [2, 2, 3, 5, 6, 6], [2, 2, 2, 3, 3, 3]]",1.0,1,2,3,2,PP,"[[2, 2, 2], [2, 2, 2], [2, 2, 2], [2, 2, 2]]",12,54,216,0.75,0.001998,20,0.005567564629018307,0.3850710391998291,0.39071063821778107,OPTIMAL,10.583333333333334,,,0.0,15105.0,3.1666666666666665,76,22.0,528,,10.583333333333334,10.583333333333334,,10.583333333333334,10.583333333333334,False,,,False,
13221979248995059580,0,24,4,"[6, 6, 6, 6]","[[0, 2, 2, 3, 3, 4], [3, 4, 4, 4, 5, 8], [2, 2, 3, 5, 6, 6], [2, 2, 2, 3, 3, 3]]",1.0,1,2,3,3,PP,"[[3, 3], [3, 3], [3, 3], [3, 3]]",8,24,216,0.8888888888888888,0.003135,20,0.007172210142016411,0.04810190200805664,0.05537428351176739,OPTIMAL,10.583333333333334,,,0.0,1013.0,2.375,57,29.333333333333332,704,,10.583333333333334,10.583333333333334,,10.583333333333334,10.583333333333334,False,,,False,
13221979248995059580,0,24,4,"[6, 6, 6, 6]","[[0, 2, 2, 3, 3, 4], [3, 4, 4, 4, 5, 8], [2, 2, 3, 5, 6, 6], [2, 2, 2, 3, 3, 3]]",1.0,1,2,3,4,PP,"[[4, 2], [4, 2], [4, 2], [4, 2]]",8,24,216,0.8888888888888888,0.001913,20,0.005048369988799095,0.02814793586730957,0.03326377558345842,OPTIMAL,10.583333333333334,,,0.0,433.0,3.1666666666666665,76,33.0,792,,10.583333333333334,10.583333333333334,,10.583333333333334,10.583333333333334,False,,,False,
13221979248995059580,0,24,4,"[6, 6, 6, 6]","[[0, 2, 2, 3, 3, 4], [3, 4, 4, 4, 5, 8], [2, 2, 3, 5, 6, 6], [2, 2, 2, 3, 3, 3]]",1.0,1,2,3,5,PP,"[[5, 1], [5, 1], [5, 1], [5, 1]]",8,24,216,0.8888888888888888,0.0019525,20,0.00530141219496727,0.027419090270996094,0.032791200541808604,OPTIMAL,10.583333333333334,,,0.0,209.0,1.6666666666666667,40,34.833333333333336,836,,10.583333333333334,10.583333333333334,,10.583333333333334,10.583333333333334,False,,,False,
13221979248995059580,0,24,4,"[6, 6, 6, 6]","[[0, 2, 2, 3, 3, 4], [3, 4, 4, 4, 5, 8], [2, 2, 3, 5, 6, 6], [2, 2, 2, 3, 3, 3]]",1.0,1,2,4,,CHP,"[[6], [6], [6], [6]]",4,6,216,0.9722222222222222,0.001773,20,0.00487324595451355,0.002599000930786133,0.007536390558121681,OPTIMAL,10.583333333333334,,,0.0,1.0,3.1666666666666665,76,64.20833333333333,1541,,,,,10.583333333333334,,False,,,False,
13221979248995059580,0,24,4,"[6, 6, 6, 6]","[[0, 2, 2, 3, 3, 4], [3, 4, 4, 4, 5, 8], [2, 2, 3, 5, 6, 6], [2, 2, 2, 3, 3, 3]]",1.0,1,2,4,2,PP,"[[2, 2, 2], [2, 2, 2], [2, 2, 2], [2, 2, 2]]",12,54,216,0.75,0.005193,20,0.006017264910042286,0.3849320411682129,0.39103151293591787,OPTIMAL,10.583333333333334,,,0.0,15105.0,3.1666666666666665,76,33.5,804,,10.583333333333334,10.583333333333334,,10.583333333333334,10.583333333333334,False,,,False,
13221979248995059580,0,24,4,"[6, 6, 6, 6]","[[0, 2, 2, 3, 3, 4], [3, 4, 4, 4, 5, 8], [2, 2, 3, 5, 6, 6], [2, 2, 2, 3, 3, 3]]",1.0,1,2,4,3,PP,"[[3, 3], [3, 3], [3, 3], [3, 3]]",8,24,216,0.8888888888888888,0.002058,20,0.005415325053036213,0.04356098175048828,0.049051953256757735,OPTIMAL,10.583333333333334,,,0.0,1013.0,2.375,57,44.666666666666664,1072,,10.583333333333334,10.583333333333334,,10.583333333333334,10.583333333333334,False,,,False,
13221979248995059580,0,24,4,"[6, 6, 6, 6]","[[0, 2, 2, 3, 3, 4], [3, 4, 4, 4, 5, 8], [2, 2, 3, 5, 6, 6], [2, 2, 2, 3, 3, 3]]",1.0,1,2,4,4,PP,"[[4, 2], [4, 2], [4, 2], [4, 2]]",8,24,216,0.8888888888888888,0.0018675,20,0.005117745138704777,0.03132915496826172,0.03651899026041508,OPTIMAL,10.583333333333334,,,0.0,433.0,3.1666666666666665,76,50.25,1206,,10.583333333333334,10.583333333333334,,10.583333333333334,10.583333333333334,False,,,False,
13221979248995059580,0,24,4,"[6, 6, 6, 6]","[[0, 2, 2, 3, 3, 4], [3, 4, 4, 4, 5, 8], [2, 2, 3, 5, 6, 6], [2, 2, 2, 3, 3, 3]]",1.0,1,2,4,5,PP,"[[5, 1], [5, 1], [5, 1], [5, 1]]",8,24,216,0.8888888888888888,0.0019425,20,0.005286140367388725,0.027717113494873047,0.0330731279621768,OPTIMAL,10.583333333333334,,,0.0,209.0,1.6666666666666667,40,53.041666666666664,1273,,10.583333333333334,10.583333333333334,,10.583333333333334,10.583333333333334,False,,,False,
1429853174855293899,1,24,4,"[6, 6, 6, 6]","[[3, 5, 7, 7, 7, 8], [4, 5, 5, 7, 8, 8], [0, 0, 1, 3, 4, 6], [3, 3, 4, 7, 7, 8]]",1.0,1,2,,1,NP,"[[1, 1, 1, 1, 1, 1], [1, 1, 1, 1, 1, 1], [1, 1, 1, 1, 1, 1], [1, 1, 1, 1, 1, 1]]",24,216,216,0.0,0.001498,20,0.009313956834375858,30.014582872390747,30.023967454643223,TIME_LIMIT,8.166666666666666,,,0.23715041572184872,287039.0,0.0,0,0.0,0,,,,,,,False,,,False,
1429853174855293899,1,24,4,"[6, 6, 6, 6]","[[3, 5, 7, 7, 7, 8], [4, 5, 5, 7, 8, 8], [0, 0, 1, 3, 4, 6], [3, 3, 4, 7, 7, 8]]",1.0,1,2,2,,CHP,"[[6], [6], [6], [3, 3]]",5,9,216,0.9583333333333334,0.001723,20,0.004828557372093201,0.006066083908081055,0.010968017445097447,OPTIMAL,8.791666666666666,,,0.0,1.0,4.0,96,20.125,483,,,,,8.791666666666666,,False,,,False,
1429853174855293899,1,24,4,"[6, 6, 6, 6]","[[3, 5, 7, 7, 7, 8], [4, 5, 5, 7, 8, 8], [0, 0, 1, 3, 4, 6], [3, 3, 4, 7, 7, 8]]",1.0,1,2,2,2,PP,"[[2, 2, 2], [2, 2, 2], [2, 2, 2], [2, 1, 2, 1]]",13,63,216,0.7083333333333333,0.002033,20,0.005674567073583603,0.28280115127563477,0.28854846574098636,OPTIMAL,8.333333333333334,,,0.0,9889.0,3.1666666666666665,76,10.5,252,,8.791666666666666,8.333333333333334,,8.791666666666666,8.333333333333334,False,,,False,
1429853174855293899,1,24,4,"[6, 6, 6, 6]","[[3, 5, 7, 7, 7, 8], [4, 5, 5, 7, 8, 8], [0, 0, 1, 3, 4, 6], [3, 3, 4, 7, 7, 8]]",1.0,1,2,2,3,PP,"[[3, 3], [3, 3], [3, 3], [3, 3]]",8,24,216,0.8888888888888888,0.001948,20,0.005139287561178207,0.02903008460998535,0.034238643617437364,OPTIMAL,8.5,,,0.0,450.0,2.4166666666666665,58,14.0,336,,8.791666666666666,8.5,,8.791666666666666,8.5,False,,,False,
1429853174855293899,1,24,4,"[6, 6, 6, 6]","[[3, 5, 7, 7, 7, 8], [4, 5, 5, 7, 8, 8], [0, 0, 1, 3, 4, 6], [3, 3, 4, 7, 7, 8]]",1.0,1,2,2,4,PP,"[[4, 2], [4, 2], [4, 2], [3, 3]]",8,24,216,0.8888888888888888,0.004822,20,0.005244968459010124,0.02310013771057129,0.02841555288347912,OPTIMAL,8.333333333333334,,,0.0,338.0,4.0,96,15.75,378,,8.791666666666666,8.333333333333334,,8.791666666666666,8.333333333333334,False,,,False,
1429853174855293899,1,24,4,"[6, 6, 6, 6]","[[3, 5, 7, 7, 7, 8], [4, 5, 5, 7, 8, 8], [0, 0, 1, 3, 4, 6], [3, 3, 4, 7, 7, 8]]",1.0,1,2,2,5,PP,"[[5, 1], [5, 1], [5, 1], [3, 3]]",8,24,216,0.8888888888888888,0.004722,20,0.005166187882423401,0.021595001220703125,0.026826550447282313,OPTIMAL,8.166666666666666,,,0.0,261.0,3.2916666666666665,79,16.625,399,,8.791666666666666,8.166666666666666,,8.791666666666666,8.166666666666666,False,,,False,
1429853174855293899,1,24,4,"[6, 6, 6, 6]","[[3, 5, 7, 7, 7, 8], [4, 5, 5, 7, 8, 8], [0, 0, 1, 3, 4, 6], [3, 3, 4, 7, 7, 8]]",1.0,1,2,3,,CHP,"[[6], [6], [6], [6]]",4,6,216,0.9722222222222222,0.0044715,20,0.0053044268861413,0.002293825149536133,0.0076670332220997815,OPTIMAL,8.791666666666666,,,0.0,1.0,5.666666666666667,136,42.166666666666664,1012,,,,,8.791666666666666,,False,,,False,
1429853174855293899,1,24,4,"[6, 6, 6, 6]","[[3, 5, 7, 7, 7, 8], [4, 5, 5, 7, 8, 8], [0, 0, 1, 3, 4, 6], [3, 3, 4, 7, 7, 8]]",1.0,1,2,3,2,PP,"[[2, 2, 2], [2, 2, 2], [2, 2, 2], [2, 2, 2]]",12,54,216,0.75,0.005368,20,0.00611005537211895,0.2009580135345459,0.20714235757115412,OPTIMAL,8.333333333333334,,,0.0,7664.0,4.833333333333333,116,22.0,528,,8.791666666666666,8.333333333333334,,8.791666666666666,8.333333333333334,False,,,False,
1429853174855293899,1,24,4,"[6, 6, 6, 6]","[[3, 5, 7, 7, 7, 8], [4, 5, 5, 7, 8, 8], [0, 0, 1, 3, 4, 6], [3, 3, 4, 7, 7, 8]]",1.0,1,2,3,3,PP,"[[3, 3], [3, 3], [3, 3], [3, 3]]",8,24,216,0.8888888888888888,0.0018875,20,0.0050295209512114525,0.027245044708251953,0.03233978309453726,OPTIMAL,8.5,,,0.0,450.0,2.4166666666666665,58,29.333333333333332,704,,8.791666666666666,8.5,,8.791666666666666,8.5,False,,,False,
1429853174855293899,1,24,4,"[6, 6, 6, 6]","[[3, 5, 7, 7, 7, 8], [4, 5, 5, 7, 8, 8], [0, 0, 1, 3, 4, 6], [3, 3, 4, 7, 7, 8]]",1.0,1,2,3,4,PP,"[[4, 2], [4, 2], [4, 2], [4, 2]]",8,24,216,0.8888888888888888,0.004677,20,0.005195232108235359,0.02119898796081543,0.02646964591975403,OPTIMAL,8.333333333333334,,,0.0,367.0,5.666666666666667,136,33.0,792,,8.791666666666666,8.333333333333334,,8.791666666666666,8.333333333333334,False,,,False,
1429853174855293899,1,24,4,"[6, 6, 6, 6]","[[3, 5, 7, 7, 7, 8], [4, 5, 5, 7, 8, 8], [0, 0, 1, 3, 4, 6], [3, 3, 4, 7, 7, 8]]",1.0,1,2,3,5,PP,"[[5, 1], [5, 1], [5, 1], [5, 1]]",8,24,216,0.8888888888888888,0.001858,20,0.005621406249701977,0.01929497718811035,0.024986701097627163,OPTIMAL,8.166666666666666,,,0.0,176.0,4.958333333333333,119,34.833333333333336,836,,8.791666666666666,8.166666666666666,,8.791666666666666,8.166666666666666,False,,,False,
1429853174855293899,1,24,4,"[6, 6, 6, 6]","[[3, 5, 7, 7, 7, 8], [4, 5, 5, 7, 8, 8], [0, 0, 1, 3, 4, 6], [3, 3, 4, 7, 7, 8]]",1.0,1,2,4,,CHP,"[[6], [6], [6], [6]]",4,6,216,0.9722222222222222,0.0017825,20,0.004560071974992752,0.00238800048828125,0.007005438157172203,OPTIMAL,8.791666666666666,,,0.0,1.0,5.666666666666667,136,64.20833333333333,1541,,,,,8.791666666666666,,False,,,False,
1429853174855293899,1,24,4,"[6, 6, 6, 6]","[[3, 5, 7, 7, 7, 8], [4, 5, 5, 7, 8, 8], [0, 0, 1, 3, 4, 6], [3, 3, 4, 7, 7, 8]]",1.0,1,2,4,2,PP,"[[2, 2, 2], [2, 2, 2], [2, 2, 2], [2, 2, 2]]",12,54,216,0.75,0.002028,20,0.0053466809913516045,0.20680809020996094,0.2122204476487069,OPTIMAL,8.333333333333334,,,0.0,7664.0,4.833333333333333,116,33.5,804,,8.791666666666666,8.333333333333334,,8.791666666666666,8.333333333333334,False,,,False,
1429853174855293899,1,24,4,"[6, 6, 6, 6]","[[3, 5, 7, 7, 7, 8], [4, 5, 5, 7, 8, 8], [0, 0, 1, 3, 4, 6], [3, 3, 4, 7, 7, 8]]",1.0,1,2,4,3,PP,"[[3, 3], [3, 3], [3, 3], [3, 3]]",8,24,216,0.8888888888888888,0.004777,20,0.005566894076764584,0.02988409996032715,0.03552500276332092,OPTIMAL,8.5,,,0.0,450.0,2.4166666666666665,58,44.666666666666664,1072,,8.791666666666666,8.5,,8.791666666666666,8.5,False,,,False,
1429853174855293899,1,24,4,"[6, 6, 6, 6]","[[3, 5, 7, 7, 7, 8], [4, 5, 5, 7, 8, 8], [0, 0, 1, 3, 4, 6], [3, 3, 4, 7, 7, 8]]",1.0,1,2,4,4,PP,"[[4, 2], [4, 2], [4, 2], [4, 2]]",8,24,216,0.8888888888888888,0.001913,20,0.005066436715424061,0.022463083267211914,0.02759321412826824,OPTIMAL,8.333333333333334,,,0.0,367.0,5.666666666666667,136,50.25,1206,,8.791666666666666,8.333333333333334,,8.791666666666666,8.333333333333334,False,,,False,
1429853174855293899,1,24,4,"[6, 6, 6, 6]","[[3, 5, 7, 7, 7, 8], [4, 5, 5, 7, 8, 8], [0, 0, 1, 3, 4, 6], [3, 3, 4, 7, 7, 8]]",1.0,1,2,4,5,PP,"[[5, 1], [5, 1], [5, 1], [5, 1]]",8,24,216,0.8888888888888888,0.001803,20,0.0050878981128335,0.01945209503173828,0.024605077650871755,OPTIMAL,8.166666666666666,,,0.0,176.0,4.958333333333333,119,53.041666666666664,1273,,8.791666666666666,8.166666666666666,,8.791666666666666,8.166666666666666,False,,,False,
218229795295331204,2,24,4,"[6, 6, 6, 6]","[[2, 3, 3, 5, 6, 8], [1, 1, 2, 2, 3, 4], [4, 4, 5, 5, 5, 7], [2, 3, 3, 4, 6, 6]]",1.0,1,2,,1,NP,"[[1, 1, 1, 1, 1, 1], [1, 1, 1, 1, 1, 1], [1, 1, 1, 1, 1, 1], [1, 1, 1, 1, 1, 1]]",24,216,216,0.0,0.0037405,20,0.010024351067841053,30.007458925247192,30.017563860240664,TIME_LIMIT,10.083333333333334,,,0.32264200446019536,230219.0,0.0,0,0.0,0,,,,,,,False,,,False,
218229795295331204,2,24,4,"[6, 6, 6, 6]","[[2, 3, 3, 5, 6, 8], [1, 1, 2, 2, 3, 4], [4, 4, 5, 5, 5, 7], [2, 3, 3, 4, 6, 6]]",1.0,1,2,2,,CHP,"[[6], [6], [6], [6]]",4,6,216,0.9722222222222222,0.004186,20,0.004774004220962524,0.006452798843383789,0.01129668269611454,OPTIMAL,10.083333333333334,,,0.0,1.0,2.9583333333333335,71,20.125,483,,,,,10.083333333333334,,False,,,False,
218229795295331204,2,24,4,"[6, 6, 6, 6]","[[2, 3, 3, 5, 6, 8], [1, 1, 2, 2, 3, 4], [4, 4, 5, 5, 5, 7], [2, 3, 3, 4, 6, 6]]",1.0,1,2,2,2,PP,"[[2, 2, 2], [2, 2, 2], [2, 2, 2], [2, 2, 2]]",12,54,216,0.75,0.004818,20,0.005154530517756939,0.2972288131713867,0.30245584183196356,OPTIMAL,10.083333333333334,,,0.0,13562.0,2.2083333333333335,53,10.5,252,,10.083333333333334,10.083333333333334,,10.083333333333334,10.083333333333334,False,,,False,
218229795295331204,2,24,4,"[6, 6, 6, 6]","[[2, 3, 3, 5, 6, 8], [1, 1, 2, 2, 3, 4], [4, 4, 5, 5, 5, 7], [2, 3, 3, 4, 6, 6]]",1.0,1,2,2,3,PP,"[[3, 3], [3, 3], [3, 3], [3, 3]]",8,24,216,0.8888888888888888,0.0030645,20,0.005853297188878059,0.045230865478515625,0.05116554115137052,OPTIMAL,10.083333333333334,,,0.0,951.0,2.1666666666666665,52,14.0,336,,10.083333333333334,10.083333333333334,,10.083333333333334,10.083333333333334,False,,,False,
218229795295331204,2,24,4,"[6, 6, 6, 6]","[[2, 3, 3, 5, 6, 8], [1, 1, 2, 2, 3, 4], [4, 4, 5, 5, 5, 7], [2, 3, 3, 4, 6, 6]]",1.0,1,2,2,4,PP,"[[4, 2], [4, 2], [4, 2], [4, 2]]",8,24,216,0.8888888888888888,0.001983,20,0.0051301345229148865,0.030569076538085938,0.03579877617772388,OPTIMAL,10.083333333333334,,,0.0,376.0,2.2083333333333335,53,15.75,378,,10.083333333333334,10.083333333333334,,10.083333333333334,10.083333333333334,False,,,False,
218229795295331204,2,24,4,"[6, 6, 6, 6]","[[2, 3, 3, 5, 6, 8], [1, 1, 2, 2, 3, 4], [4, 4, 5, 5, 5, 7], [2, 3, 3, 4, 6, 6]]",1.0,1,2,2,5,PP,"[[5, 1], [5, 1], [5, 1], [5, 1]]",8,24,216,0.8888888888888888,0.0018475,20,0.005122622475028038,0.0249941349029541,0.030185236351583003,OPTIMAL,10.083333333333334,,,0.0,170.0,1.5416666666666667,37,16.625,399,,10.083333333333334,10.083333333333334,,10.083333333333334,10.083333333333334,False,,,False,
218229795295331204,2,24,4,"[6, 6, 6, 6]","[[2, 3, 3, 5, 6, 8], [1, 1, 2, 2, 3, 4], [4, 4, 5, 5, 5, 7], [2, 3, 3, 4, 6, 6]]",1.0,1,2,3,,CHP,"[[6], [6], [6], [6]]",4,6,216,0.9722222222222222,0.004391,20,0.005023331381380558,0.002646923065185547,0.007736957446065903,OPTIMAL,10.083333333333334,,,0.0,1.0,2.9583333333333335,71,42.166666666666664,1012,,,,,10.083333333333334,,False,,,False,
218229795295331204,2,24,4,"[6, 6, 6, 6]","[[2, 3, 3, 5, 6, 8], [1, 1, 2, 2, 3, 4], [4, 4, 5, 5, 5, 7], [2, 3, 3, 4, 6, 6]]",1.0,1,2,3,2,PP,"[[2, 2, 2], [2, 2, 2], [2, 2, 2], [2, 2, 2]]",12,54,216,0.75,0.0048975,20,0.00591987743973732,0.3013479709625244,0.3073449802124715,OPTIMAL,10.083333333333334,,,0.0,13562.0,2.2083333333333335,53,22.0,528,,10.083333333333334,10.083333333333334,,10.083333333333334,10.083333333333334,False,,,False,
218229795295331204,2,24,4,"[6, 6, 6, 6]","[[2, 3, 3, 5, 6, 8], [1, 1, 2, 2, 3, 4], [4, 4, 5, 5, 5, 7], [2, 3, 3, 4, 6, 6]]",1.0,1,2,3,3,PP,"[[3, 3], [3, 3], [3, 3], [3, 3]]",8,24,216,0.8888888888888888,0.002424,20,0.00497774314135313,0.04479694366455078,0.049846728099678994,OPTIMAL,10.083333333333334,,,0.0,951.0,2.1666666666666665,52,29.333333333333332,704,,10.083333333333334,10.083333333333334,,10.083333333333334,10.083333333333334,False,,,False,
218229795295331204,2,24,4,"[6, 6, 6, 6]","[[2, 3, 3, 5, 6, 8], [1, 1, 2, 2, 3, 4], [4, 4, 5, 5, 5, 7], [2, 3, 3, 4, 6, 6]]",1.0,1,2,3,4,PP,"[[4, 2], [4, 2], [4, 2], [4, 2]]",8,24,216,0.8888888888888888,0.005077,20,0.005335323512554169,0.03019404411315918,0.03560868873003912,OPTIMAL,10.083333333333334,,,0.0,376.0,2.2083333333333335,53,33.0,792,,10.083333333333334,10.083333333333334,,10.083333333333334,10.083333333333334,False,,,False,
218229795295331204,2,24,4,"[6, 6, 6, 6]","[[2, 3, 3, 5, 6, 8], [1, 1, 2, 2, 3, 4], [4, 4, 5, 5, 5, 7], [2, 3, 3, 4, 6, 6]]",1.0,1,2,3,5,PP,"[[5, 1], [5, 1], [5, 1], [5, 1]]",8,24,216,0.8888888888888888,0.001858,20,0.004877191036939621,0.026832103729248047,0.03178184014960098,OPTIMAL,10.083333333333334,,,0.0,170.0,1.5416666666666667,37,34.833333333333336,836,,10.083333333333334,10.083333333333334,,10.083333333333334,10.083333333333334,False,,,False,
218229795295331204,2,24,4,"[6, 6, 6, 6]","[[2, 3, 3, 5, 6, 8], [1, 1, 2, 2, 3, 4], [4, 4, 5, 5, 5, 7], [2, 3, 3, 4, 6, 6]]",1.0,1,2,4,,CHP,"[[6], [6], [6], [6]]",4,6,216,0.9722222222222222,0.0030145,20,0.006621217355132103,0.003728151321411133,0.010444215307690621,OPTIMAL,10.083333333333334,,,0.0,1.0,2.9583333333333335,71,64.20833333333333,1541,,,,,10.083333333333334,,False,,,False,
218229795295331204,2,24,4,"[6, 6, 6, 6]","[[2, 3, 3, 5, 6, 8], [1, 1, 2, 2, 3, 4], [4, 4, 5, 5, 5, 7], [2, 3, 3, 4, 6, 6]]",1.0,1,2,4,2,PP,"[[2, 2, 2], [2, 2, 2], [2, 2, 2], [2, 2, 2]]",12,54,216,0.75,0.00355,20,0.007108993828296661,0.30081892013549805,0.3080076964418173,OPTIMAL,10.083333333333334,,,0.0,13562.0,2.2083333333333335,53,33.5,804,,10.083333333333334,10.083333333333334,,10.083333333333334,10.083333333333334,False,,,False,
218229795295331204,2,24,4,"[6, 6, 6, 6]","[[2, 3, 3, 5, 6, 8], [1, 1, 2, 2, 3, 4], [4, 4, 5, 5, 5, 7], [2, 3, 3, 4, 6, 6]]",1.0,1,2,4,3,PP,"[[3, 3], [3, 3], [3, 3], [3, 3]]",8,24,216,0.8888888888888888,0.002083,20,0.005391928367316723,0.04645204544067383,0.051927012022789,OPTIMAL,10.083333333333334,,,0.0,951.0,2.1666666666666665,52,44.666666666666664,1072,,10.083333333333334,10.083333333333334,,10.083333333333334,10.083333333333334,False,,,False,
218229795295331204,2,24,4,"[6, 6, 6, 6]","[[2, 3, 3, 5, 6, 8], [1, 1, 2, 2, 3, 4], [4, 4, 5, 5, 5, 7], [2, 3, 3, 4, 6, 6]]",1.0,1,2,4,4,PP,"[[4, 2], [4, 2], [4, 2], [4, 2]]",8,24,216,0.8888888888888888,0.0022085,20,0.005380491726100445,0.028757810592651367,0.03421356469282723,OPTIMAL,10.083333333333334,,,0.0,376.0,2.2083333333333335,53,50.25,1206,,10.083333333333334,10.083333333333334,,10.083333333333334,10.083333333333334,False,,,False,
218229795295331204,2,24,4,"[6, 6, 6, 6]","[[2, 3, 3, 5, 6, 8], [1, 1, 2, 2, 3, 4], [4, 4, 5, 5, 5, 7], [2, 3, 3, 4, 6, 6]]",1.0,1,2,4,5,PP,"[[5, 1], [5, 1], [5, 1], [5, 1]]",8,24,216,0.8888888888888888,0.001863,20,0.004948318935930729,0.02513599395751953,0.030153154750371457,OPTIMAL,10.083333333333334,,,0.0,170.0,1.5416666666666667,37,53.041666666666664,1273,,10.083333333333334,10.083333333333334,,10.083333333333334,10.083333333333334,False,,,False,
5942286159059180595,3,24,4,"[6, 6, 6, 6]","[[0, 0, 0, 2, 5, 5], [1, 2, 3, 3, 4, 5], [2, 5, 5, 6, 6, 7], [3, 5, 7, 7, 9, 10]]",1.0,1,2,,1,NP,"[[1, 1, 1, 1, 1, 1], [1, 1, 1, 1, 1, 1], [1, 1, 1, 1, 1, 1], [1, 1, 1, 1, 1, 1]]",24,216,216,0.0,0.001447,20,0.009353836998343468,30.012376070022583,30.02180208890179,TIME_LIMIT,9.083333333333334,,,0.3494266055045903,245718.0,0.0,0,0.0,0,,,,,,,False,,,False,
5942286159059180595,3,24,4,"[6, 6, 6, 6]","[[0, 0, 0, 2, 5, 5], [1, 2, 3, 3, 4, 5], [2, 5, 5, 6, 6, 7], [3, 5, 7, 7, 9, 10]]",1.0,1,2,2,,CHP,"[[4, 2], [6], [1, 5], [6]]",6,13,216,0.9398148148148148,0.002959,20,0.006573776714503765,0.013908863067626953,0.020575713554450512,OPTIMAL,9.083333333333334,,,0.0,1.0,3.25,78,20.125,483,,,,,9.083333333333334,,False,,,False,
5942286159059180595,3,24,4,"[6, 6, 6, 6]","[[0, 0, 0, 2, 5, 5], [1, 2, 3, 3, 4, 5], [2, 5, 5, 6, 6, 7], [3, 5, 7, 7, 9, 10]]",1.0,1,2,2,2,PP,"[[2, 2, 2], [2, 2, 2], [1, 2, 2, 1], [2, 2, 2]]",13,63,216,0.7083333333333333,0.0033,20,0.008131970651447773,0.5192649364471436,0.5274947894253016,OPTIMAL,9.083333333333334,,,0.0,18678.0,1.6666666666666667,40,10.5,252,,9.083333333333334,9.083333333333334,,9.083333333333334,9.083333333333334,False,,,False,
5942286159059180595,3,24,4,"[6, 6, 6, 6]","[[0, 0, 0, 2, 5, 5], [1, 2, 3, 3, 4, 5], [2, 5, 5, 6, 6, 7], [3, 5, 7, 7, 9, 10]]",1.0,1,2,2,3,PP,"[[3, 1, 2], [3, 3], [1, 3, 2], [3, 3]]",10,37,216,0.8287037037037037,0.0030895,20,0.007687398232519627,0.09519696235656738,0.10299611028783512,OPTIMAL,9.083333333333334,,,0.0,2321.0,2.4583333333333335,59,14.0,336,,9.083333333333334,9.083333333333334,,9.083333333333334,9.083333333333334,False,,,False,
5942286159059180595,3,24,4,"[6, 6, 6, 6]","[[0, 0, 0, 2, 5, 5], [1, 2, 3, 3, 4, 5], [2, 5, 5, 6, 6, 7], [3, 5, 7, 7, 9, 10]]",1.0,1,2,2,4,PP,"[[4, 2], [4, 2], [1, 4, 1], [4, 2]]",9,30,216,0.8611111111111112,0.003275,20,0.0077354321256279945,0.05759787559509277,0.0654425784055829,OPTIMAL,9.083333333333334,,,0.0,633.0,2.5,60,15.75,378,,9.083333333333334,9.083333333333334,,9.083333333333334,9.083333333333334,False,,,False,
5942286159059180595,3,24,4,"[6, 6, 6, 6]","[[0, 0, 0, 2, 5, 5], [1, 2, 3, 3, 4, 5], [2, 5, 5, 6, 6, 7], [3, 5, 7, 7, 9, 10]]",1.0,1,2,2,5,PP,"[[4, 2], [5, 1], [1, 5], [5, 1]]",8,24,216,0.8888888888888888,0.0033,20,0.00707152858376503,0.03262591361999512,0.039797585781681535,OPTIMAL,9.083333333333334,,,0.0,355.0,3.25,78,16.625,399,,9.083333333333334,9.083333333333334,,9.083333333333334,9.083333333333334,False,,,False,
5942286159059180595,3,24,4,"[6, 6, 6, 6]","[[0, 0, 0, 2, 5, 5], [1, 2, 3, 3, 4, 5], [2, 5, 5, 6, 6, 7], [3, 5, 7, 7, 9, 10]]",1.0,1,2,3,,CHP,"[[6], [6], [6], [6]]",4,6,216,0.9722222222222222,0.0022385,20,0.006479703821241856,0.0040950775146484375,0.0106676477669487,OPTIMAL,9.583333333333334,,,0.0,1.0,6.666666666666667,160,42.166666666666664,1012,,,,,9.583333333333334,,False,,,False,
5942286159059180595,3,24,4,"[6, 6, 6, 6]","[[0, 0, 0, 2, 5, 5], [1, 2, 3, 3, 4, 5], [2, 5, 5, 6, 6, 7], [3, 5, 7, 7, 9, 10]]",1.0,1,2,3,2,PP,"[[2, 2, 2], [2, 2, 2], [2, 2, 2], [2, 2, 2]]",12,54,216,0.75,0.00342,20,0.008387185633182526,0.35075902938842773,0.35925007722995994,OPTIMAL,9.083333333333334,,,0.0,13029.0,3.5,84,22.0,528,,9.583333333333334,9.083333333333334,,9.583333333333334,9.083333333333334,False,,,False,
5942286159059180595,3,24,4,"[6, 6, 6, 6]","[[0, 0, 0, 2, 5, 5], [1, 2, 3, 3, 4, 5], [2, 5, 5, 6, 6, 7], [3, 5, 7, 7, 9, 10]]",1.0,1,2,3,3,PP,"[[3, 3], [3, 3], [3, 3], [3, 3]]",8,24,216,0.8888888888888888,0.00326,20,0.0074426885694265366,0.049005985260009766,0.05655581168676376,OPTIMAL,9.25,,,0.0,616.0,5.875,141,29.333333333333332,704,,9.583333333333334,9.25,,9.583333333333334,9.25,False,,,False,
5942286159059180595,3,24,4,"[6, 6, 6, 6]","[[0, 0, 0, 2, 5, 5], [1, 2, 3, 3, 4, 5], [2, 5, 5, 6, 6, 7], [3, 5, 7, 7, 9, 10]]",1.0,1,2,3,4,PP,"[[4, 2], [4, 2], [4, 2], [4, 2]]",8,24,216,0.8888888888888888,0.0032245,20,0.007254073396325111,0.032586097717285156,0.0399518313636179,OPTIMAL,9.083333333333334,,,0.0,499.0,4.333333333333333,104,33.0,792,,9.583333333333334,9.083333333333334,,9.583333333333334,9.083333333333334,False,,,False,
5942286159059180595,3,24,4,"[6, 6, 6, 6]","[[0, 0, 0, 2, 5, 5], [1, 2, 3, 3, 4, 5], [2, 5, 5, 6, 6, 7], [3, 5, 7, 7, 9, 10]]",1.0,1,2,3,5,PP,"[[5, 1], [5, 1], [5, 1], [5, 1]]",8,24,216,0.8888888888888888,0.0034505,20,0.007331159897148609,0.03322291374206543,0.04065969674490738,OPTIMAL,9.583333333333334,,,0.0,335.0,6.666666666666667,160,34.833333333333336,836,,9.583333333333334,9.583333333333334,,9.583333333333334,9.583333333333334,False,,,False,
5942286159059180595,3,24,4,"[6, 6, 6, 6]","[[0, 0, 0, 2, 5, 5], [1, 2, 3, 3, 4, 5], [2, 5, 5, 6, 6, 7], [3, 5, 7, 7, 9, 10]]",1.0,1,2,4,,CHP,"[[6], [6], [6], [6]]",4,6,216,0.9722222222222222,0.002814,20,0.00689361896365881,0.004400968551635742,0.01139968867366457,OPTIMAL,9.583333333333334,,,0.0,1.0,6.666666666666667,160,64.20833333333333,1541,,,,,9.583333333333334,,False,,,False,
5942286159059180595,3,24,4,"[6, 6, 6, 6]","[[0, 0, 0, 2, 5, 5], [1, 2, 3, 3, 4, 5], [2, 5, 5, 6, 6, 7], [3, 5, 7, 7, 9, 10]]",1.0,1,2,4,2,PP,"[[2, 2, 2], [2, 2, 2], [2, 2, 2], [2, 2, 2]]",12,54,216,0.75,0.003165,20,0.008291111327707767,0.35363006591796875,0.36203080545447114,OPTIMAL,9.083333333333334,,,0.0,13029.0,3.5,84,33.5,804,,9.583333333333334,9.083333333333334,,9.583333333333334,9.083333333333334,False,,,False,
5942286159059180595,3,24,4,"[6, 6, 6, 6]","[[0, 0, 0, 2, 5, 5], [1, 2, 3, 3, 4, 5], [2, 5, 5, 6, 6, 7], [3, 5, 7, 7, 9, 10]]",1.0,1,2,4,3,PP,"[[3, 3], [3, 3], [3, 3], [3, 3]]",8,24,216,0.8888888888888888,0.0050275,20,0.005275764502584934,0.039489030838012695,0.044839980301465986,OPTIMAL,9.25,,,0.0,616.0,5.875,141,44.666666666666664,1072,,9.583333333333334,9.25,,9.583333333333334,9.25,False,,,False,
5942286159059180595,3,24,4,"[6, 6, 6, 6]","[[0, 0, 0, 2, 5, 5], [1, 2, 3, 3, 4, 5], [2, 5, 5, 6, 6, 7], [3, 5, 7, 7, 9, 10]]",1.0,1,2,4,4,PP,"[[4, 2], [4, 2], [4, 2], [4, 2]]",8,24,216,0.8888888888888888,0.001823,20,0.004961349070072174,0.0246579647064209,0.029683773807571413,OPTIMAL,9.083333333333334,,,0.0,499.0,4.333333333333333,104,50.25,1206,,9.583333333333334,9.083333333333334,,9.583333333333334,9.083333333333334,False,,,False,
5942286159059180595,3,24,4,"[6, 6, 6, 6]","[[0, 0, 0, 2, 5, 5], [1, 2, 3, 3, 4, 5], [2, 5, 5, 6, 6, 7], [3, 5, 7, 7, 9, 10]]",1.0,1,2,4,5,PP,"[[5, 1], [5, 1], [5, 1], [5, 1]]",8,24,216,0.8888888888888888,0.004823,20,0.005506853573024273,0.02930593490600586,0.03488729396538544,OPTIMAL,9.583333333333334,,,0.0,335.0,6.666666666666667,160,53.041666666666664,1273,,9.583333333333334,9.583333333333334,,9.583333333333334,9.583333333333334,False,,,False,
5614558036255589784,4,24,4,"[6, 6, 6, 6]","[[3, 4, 5, 6, 7, 7], [2, 3, 4, 5, 6, 6], [0, 0, 0, 1, 1, 2], [1, 2, 4, 6, 7, 8]]",1.0,1,2,,1,NP,"[[1, 1, 1, 1, 1, 1], [1, 1, 1, 1, 1, 1], [1, 1, 1, 1, 1, 1], [1, 1, 1, 1, 1, 1]]",24,216,216,0.0,0.0036505,20,0.009772611781954765,30.016352891921997,30.026209307550012,TIME_LIMIT,9.25,,,0.29999446729895773,212234.0,0.0,0,0.0,0,,,,,,,False,,,False,
5614558036255589784,4,24,4,"[6, 6, 6, 6]","[[3, 4, 5, 6, 7, 7], [2, 3, 4, 5, 6, 6], [0, 0, 0, 1, 1, 2], [1, 2, 4, 6, 7, 8]]",1.0,1,2,2,,CHP,"[[6], [6], [6], [6]]",4,6,216,0.9722222222222222,0.0029695,20,0.006650029681622982,0.004865884780883789,0.011619976234013557,OPTIMAL,9.25,,,0.0,1.0,1.625,39,20.125,483,,,,,9.25,,False,,,False,
5614558036255589784,4,24,4,"[6, 6, 6, 6]","[[3, 4, 5, 6, 7, 7], [2, 3, 4, 5, 6, 6], [0, 0, 0, 1, 1, 2], [1, 2, 4, 6, 7, 8]]",1.0,1,2,2,2,PP,"[[2, 2, 2], [2, 2, 2], [2, 2, 2], [2, 2, 2]]",12,54,216,0.75,0.003185,20,0.008012209087610245,0.3878929615020752,0.39601041550534727,OPTIMAL,9.25,,,0.0,14694.0,0.7916666666666666,19,10.5,252,,9.25,9.25,,9.25,9.25,False,,,False,
5614558036255589784,4,24,4,"[6, 6, 6, 6]","[[3, 4, 5, 6, 7, 7], [2, 3, 4, 5, 6, 6], [0, 0, 0, 1, 1, 2], [1, 2, 4, 6, 7, 8]]",1.0,1,2,2,3,PP,"[[3, 3], [3, 3], [3, 3], [3, 3]]",8,24,216,0.8888888888888888,0.001848,20,0.004665722139179707,0.03981900215148926,0.04454854342610645,OPTIMAL,9.25,,,0.0,579.0,0.8333333333333334,20,14.0,336,,9.25,9.25,,9.25,9.25,False,,,False,
5614558036255589784,4,24,4,"[6, 6, 6, 6]","[[3, 4, 5, 6, 7, 7], [2, 3, 4, 5, 6, 6], [0, 0, 0, 1, 1, 2], [1, 2, 4, 6, 7, 8]]",1.0,1,2,2,4,PP,"[[4, 2], [4, 2], [4, 2], [4, 2]]",8,24,216,0.8888888888888888,0.001903,20,0.0049341581761837006,0.031017065048217773,0.03601340049010801,OPTIMAL,9.25,,,0.0,382.0,1.625,39,15.75,378,,9.25,9.25,,9.25,9.25,False,,,False,
5614558036255589784,4,24,4,"[6, 6, 6, 6]","[[3, 4, 5, 6, 7, 7], [2, 3, 4, 5, 6, 6], [0, 0, 0, 1, 1, 2], [1, 2, 4, 6, 7, 8]]",1.0,1,2,2,5,PP,"[[5, 1], [5, 1], [5, 1], [5, 1]]",8,24,216,0.8888888888888888,0.001873,20,0.004674605093896389,0.024940013885498047,0.029672175756130695,OPTIMAL,9.25,,,0.0,218.0,1.625,39,16.625,399,,9.25,9.25,,9.25,9.25,False,,,False,
5614558036255589784,4,24,4,"[6, 6, 6, 6]","[[3, 4, 5, 6, 7, 7], [2, 3, 4, 5, 6, 6], [0, 0, 0, 1, 1, 2], [1, 2, 4, 6, 7, 8]]",1.0,1,2,3,,CHP,"[[6], [6], [6], [6]]",4,6,216,0.9722222222222222,0.0041765,20,0.0046964483335614204,0.0027320384979248047,0.007483001316644191,OPTIMAL,9.25,,,0.0,1.0,1.625,39,42.166666666666664,1012,,,,,9.25,,False,,,False,
5614558036255589784,4,24,4,"[6, 6, 6, 6]","[[3, 4, 5, 6, 7, 7], [2, 3, 4, 5, 6, 6], [0, 0, 0, 1, 1, 2], [1, 2, 4, 6, 7, 8]]",1.0,1,2,3,2,PP,"[[2, 2, 2], [2, 2, 2], [2, 2, 2], [2, 2, 2]]",12,54,216,0.75,0.001978,20,0.00519807543605566,0.3689157962799072,0.3741821393941789,OPTIMAL,9.25,,,0.0,14694.0,0.7916666666666666,19,22.0,528,,9.25,9.25,,9.25,9.25,False,,,False,
5614558036255589784,4,24,4,"[6, 6, 6, 6]","[[3, 4, 5, 6, 7, 7], [2, 3, 4, 5, 6, 6], [0, 0, 0, 1, 1, 2], [1, 2, 4, 6, 7, 8]]",1.0,1,2,3,3,PP,"[[3, 3], [3, 3], [3, 3], [3, 3]]",8,24,216,0.8888888888888888,0.001928,20,0.004917772486805916,0.03320193290710449,0.03817951881721306,OPTIMAL,9.25,,,0.0,579.0,0.8333333333333334,20,29.333333333333332,704,,9.25,9.25,,9.25,9.25,False,,,False,
5614558036255589784,4,24,4,"[6, 6, 6, 6]","[[3, 4, 5, 6, 7, 7], [2, 3, 4, 5, 6, 6], [0, 0, 0, 1, 1, 2], [1, 2, 4, 6, 7, 8]]",1.0,1,2,3,4,PP,"[[4, 2], [4, 2], [4, 2], [4, 2]]",8,24,216,0.8888888888888888,0.001813,20,0.0045126499608159065,0.0280458927154541,0.032616585208034996,OPTIMAL,9.25,,,0.0,382.0,1.625,39,33.0,792,,9.25,9.25,,9.25,9.25,False,,,False,
5614558036255589784,4,24,4,"[6, 6, 6, 6]","[[3, 4, 5, 6, 7, 7], [2, 3, 4, 5, 6, 6], [0, 0, 0, 1, 1, 2], [1, 2, 4, 6, 7, 8]]",1.0,1,2,3,5,PP,"[[5, 1], [5, 1], [5, 1], [5, 1]]",8,24,216,0.8888888888888888,0.001898,20,0.00457816943526268,0.023504972457885742,0.028136869857070923,OPTIMAL,9.25,,,0.0,218.0,1.625,39,34.833333333333336,836,,9.25,9.25,,9.25,9.25,False,,,False,
5614558036255589784,4,24,4,"[6, 6, 6, 6]","[[3, 4, 5, 6, 7, 7], [2, 3, 4, 5, 6, 6], [0, 0, 0, 1, 1, 2], [1, 2, 4, 6, 7, 8]]",1.0,1,2,4,,CHP,"[[6], [6], [6], [6]]",4,6,216,0.9722222222222222,0.001753,20,0.004041277803480625,0.002441883087158203,0.0065344853973178865,OPTIMAL,9.25,,,0.0,1.0,1.625,39,64.20833333333333,1541,,,,,9.25,,False,,,False,
5614558036255589784,4,24,4,"[6, 6, 6, 6]","[[3, 4, 5, 6, 7, 7], [2, 3, 4, 5, 6, 6], [0, 0, 0, 1, 1, 2], [1, 2, 4, 6, 7, 8]]",1.0,1,2,4,2,PP,"[[2, 2, 2], [2, 2, 2], [2, 2, 2], [2, 2, 2]]",12,54,216,0.75,0.0025585,20,0.005513463169336319,0.37819790840148926,0.38377511796397784,OPTIMAL,9.25,,,0.0,14694.0,0.7916666666666666,19,33.5,804,,9.25,9.25,,9.25,9.25,False,,,False,
5614558036255589784,4,24,4,"[6, 6, 6, 6]","[[3, 4, 5, 6, 7, 7], [2, 3, 4, 5, 6, 6], [0, 0, 0, 1, 1, 2], [1, 2, 4, 6, 7, 8]]",1.0,1,2,4,3,PP,"[[3, 3], [3, 3], [3, 3], [3, 3]]",8,24,216,0.8888888888888888,0.004757,20,0.0051673101261258125,0.03348588943481445,0.03871518260786009,OPTIMAL,9.25,,,0.0,579.0,0.8333333333333334,20,44.666666666666664,1072,,9.25,9.25,,9.25,9.25,False,,,False,
5614558036255589784,4,24,4,"[6, 6, 6, 6]","[[3, 4, 5, 6, 7, 7], [2, 3, 4, 5, 6, 6], [0, 0, 0, 1, 1, 2], [1, 2, 4, 6, 7, 8]]",1.0,1,2,4,4,PP,"[[4, 2], [4, 2], [4, 2], [4, 2]]",8,24,216,0.8888888888888888,0.004782,20,0.005315643735229969,0.028285980224609375,0.033664974973911764,OPTIMAL,9.25,,,0.0,382.0,1.625,39,50.25,1206,,9.25,9.25,,9.25,9.25,False,,,False,
5614558036255589784,4,24,4,"[6, 6, 6, 6]","[[3, 4, 5, 6, 7, 7], [2, 3, 4, 5, 6, 6], [0, 0, 0, 1, 1, 2], [1, 2, 4, 6, 7, 8]]",1.0,1,2,4,5,PP,"[[5, 1], [5, 1], [5, 1], [5, 1]]",8,24,216,0.8888888888888888,0.001958,20,0.00473164115101099,0.02343916893005371,0.028227186190422058,OPTIMAL,9.25,,,0.0,218.0,1.625,39,53.041666666666664,1273,,9.25,9.25,,9.25,9.25,False,,,False,
18212873903920129948,5,24,4,"[6, 6, 6, 6]","[[1, 2, 4, 4, 5, 6], [0, 0, 0, 1, 5, 6], [1, 1, 1, 1, 2, 2], [0, 0, 1, 1, 1, 1]]",1.0,1,2,,1,NP,"[[1, 1, 1, 1, 1, 1], [1, 1, 1, 1, 1, 1], [1, 1, 1, 1, 1, 1], [1, 1, 1, 1, 1, 1]]",24,216,216,0.0,0.0015675,20,0.009001964703202248,30.00818681716919,30.01725749027944,TIME_LIMIT,11.083333333333334,,,0.3520022315993469,181570.0,0.0,0,0.0,0,,,,,,,False,,,False,
18212873903920129948,5,24,4,"[6, 6, 6, 6]","[[1, 2, 4, 4, 5, 6], [0, 0, 0, 1, 5, 6], [1, 1, 1, 1, 2, 2], [0, 0, 1, 1, 1, 1]]",1.0,1,2,2,,CHP,"[[6], [4, 2], [6], [6]]",5,9,216,0.9583333333333334,0.0017025,20,0.00504252128303051,0.006769895553588867,0.011869318825616837,OPTIMAL,11.083333333333334,,,0.0,1.0,0.8333333333333334,20,20.125,483,,,,,11.083333333333334,,False,,,False,
18212873903920129948,5,24,4,"[6, 6, 6, 6]","[[1, 2, 4, 4, 5, 6], [0, 0, 0, 1, 5, 6], [1, 1, 1, 1, 2, 2], [0, 0, 1, 1, 1, 1]]",1.0,1,2,2,2,PP,"[[2, 2, 2], [2, 2, 2], [2, 2, 2], [2, 2, 2]]",12,54,216,0.75,0.005158,20,0.0053231846541166306,1.0153369903564453,1.0207254498827534,OPTIMAL,11.083333333333334,,,0.0,27979.0,0.0,0,10.5,252,,11.083333333333334,11.083333333333334,,11.083333333333334,11.083333333333334,False,,,False,
18212873903920129948,5,24,4,"[6, 6, 6, 6]","[[1, 2, 4, 4, 5, 6], [0, 0, 0, 1, 5, 6], [1, 1, 1, 1, 2, 2], [0, 0, 1, 1, 1, 1]]",1.0,1,2,2,3,PP,"[[3, 3], [3, 1, 2], [3, 3], [3, 3]]",9,30,216,0.8611111111111112,0.0047675,20,0.005083221942186356,0.0692451000213623,0.07439163146926642,OPTIMAL,11.083333333333334,,,0.0,1479.0,0.8333333333333334,20,14.0,336,,11.083333333333334,11.083333333333334,,11.083333333333334,11.083333333333334,False,,,False,
18212873903920129948,5,24,4,"[6, 6, 6, 6]","[[1, 2, 4, 4, 5, 6], [0, 0, 0, 1, 5, 6], [1, 1, 1, 1, 2, 2], [0, 0, 1, 1, 1, 1]]",1.0,1,2,2,4,PP,"[[4, 2], [4, 2], [4, 2], [4, 2]]",8,24,216,0.8888888888888888,0.0021135,20,0.0048919739201664925,0.03989720344543457,0.044848321334780214,OPTIMAL,11.083333333333334,,,0.0,554.0,0.8333333333333334,20,15.75,378,,11.083333333333334,11.083333333333334,,11.083333333333334,11.083333333333334,False,,,False,
18212873903920129948,5,24,4,"[6, 6, 6, 6]","[[1, 2, 4, 4, 5, 6], [0, 0, 0, 1, 5, 6], [1, 1, 1, 1, 2, 2], [0, 0, 1, 1, 1, 1]]",1.0,1,2,2,5,PP,"[[5, 1], [4, 2], [5, 1], [5, 1]]",8,24,216,0.8888888888888888,0.001908,20,0.004768816754221916,0.023936986923217773,0.02876407625097799,OPTIMAL,11.083333333333334,,,0.0,293.0,0.8333333333333334,20,16.625,399,,11.083333333333334,11.083333333333334,,11.083333333333334,11.083333333333334,False,,,False,
18212873903920129948,5,24,4,"[6, 6, 6, 6]","[[1, 2, 4, 4, 5, 6], [0, 0, 0, 1, 5, 6], [1, 1, 1, 1, 2, 2], [0, 0, 1, 1, 1, 1]]",1.0,1,2,3,,CHP,"[[6], [4, 2], [6], [6]]",5,9,216,0.9583333333333334,0.001677,20,0.00420343317091465,0.0051038265228271484,0.00935937060512495,OPTIMAL,11.083333333333334,,,0.0,1.0,0.8333333333333334,20,42.166666666666664,1012,,,,,11.083333333333334,,False,,,False,
18212873903920129948,5,24,4,"[6, 6, 6, 6]","[[1, 2, 4, 4, 5, 6], [0, 0, 0, 1, 5, 6], [1, 1, 1, 1, 2, 2], [0, 0, 1, 1, 1, 1]]",1.0,1,2,3,2,PP,"[[2, 2, 2], [2, 2, 2], [2, 2, 2], [2, 2, 2]]",12,54,216,0.75,0.001928,20,0.005065646022558212,1.0164520740509033,1.021586254401353,OPTIMAL,11.083333333333334,,,0.0,27979.0,0.0,0,22.0,528,,11.083333333333334,11.083333333333334,,11.083333333333334,11.083333333333334,False,,,False,
18212873903920129948,5,24,4,"[6, 6, 6, 6]","[[1, 2, 4, 4, 5, 6], [0, 0, 0, 1, 5, 6], [1, 1, 1, 1, 2, 2], [0, 0, 1, 1, 1, 1]]",1.0,1,2,3,3,PP,"[[3, 3], [3, 1, 2], [3, 3], [3, 3]]",9,30,216,0.8611111111111112,0.004547,20,0.005160709843039513,0.06606507301330566,0.0712899736166687,OPTIMAL,11.083333333333334,,,0.0,1479.0,0.8333333333333334,20,29.333333333333332,704,,11.083333333333334,11.083333333333334,,11.083333333333334,11.083333333333334,False,,,False,
18212873903920129948,5,24,4,"[6, 6, 6, 6]","[[1, 2, 4, 4, 5, 6], [0, 0, 0, 1, 5, 6], [1, 1, 1, 1, 2, 2], [0, 0, 1, 1, 1, 1]]",1.0,1,2,3,4,PP,"[[4, 2], [4, 2], [4, 2], [4, 2]]",8,24,216,0.8888888888888888,0.004732,20,0.004886574111878872,0.038947105407714844,0.043900562400288105,OPTIMAL,11.083333333333334,,,0.0,554.0,0.8333333333333334,20,33.0,792,,11.083333333333334,11.083333333333334,,11.083333333333334,11.083333333333334,False,,,False,
18212873903920129948,5,24,4,"[6, 6, 6, 6]","[[1, 2, 4, 4, 5, 6], [0, 0, 0, 1, 5, 6], [1, 1, 1, 1, 2, 2], [0, 0, 1, 1, 1, 1]]",1.0,1,2,3,5,PP,"[[5, 1], [4, 2], [5, 1], [5, 1]]",8,24,216,0.8888888888888888,0.001933,20,0.004887525923550129,0.021938085556030273,0.026885924435170173,OPTIMAL,11.083333333333334,,,0.0,293.0,0.8333333333333334,20,34.833333333333336,836,,11.083333333333334,11.083333333333334,,11.083333333333334,11.083333333333334,False,,,False,
18212873903920129948,5,24,4,"[6, 6, 6, 6]","[[1, 2, 4, 4, 5, 6], [0, 0, 0, 1, 5, 6], [1, 1, 1, 1, 2, 2], [0, 0, 1, 1, 1, 1]]",1.0,1,2,4,,CHP,"[[6], [6], [6], [6]]",4,6,216,0.9722222222222222,0.004201,20,0.0046049198135733604,0.002285003662109375,0.006948946779037475,OPTIMAL,11.083333333333334,,,0.0,1.0,3.25,78,64.20833333333333,1541,,,,,11.083333333333334,,False,,,False,
18212873903920129948,5,24,4,"[6, 6, 6, 6]","[[1, 2, 4, 4, 5, 6], [0, 0, 0, 1, 5, 6], [1, 1, 1, 1, 2, 2], [0, 0, 1, 1, 1, 1]]",1.0,1,2,4,2,PP,"[[2, 2, 2], [2, 2, 2], [2, 2, 2], [2, 2, 2]]",12,54,216,0.75,0.001953,20,0.005152346566319466,1.0475819110870361,1.0528066037388353,OPTIMAL,11.083333333333334,,,0.0,27979.0,0.0,0,33.5,804,,11.083333333333334,11.083333333333334,,11.083333333333334,11.083333333333334,False,,,False,
18212873903920129948,5,24,4,"[6, 6, 6, 6]","[[1, 2, 4, 4, 5, 6], [0, 0, 0, 1, 5, 6], [1, 1, 1, 1, 2, 2], [0, 0, 1, 1, 1, 1]]",1.0,1,2,4,3,PP,"[[3, 3], [3, 3], [3, 3], [3, 3]]",8,24,216,0.8888888888888888,0.003225,20,0.007163667120039463,0.05268120765686035,0.05995439162234068,OPTIMAL,11.083333333333334,,,0.0,1003.0,3.25,78,44.666666666666664,1072,,11.083333333333334,11.083333333333334,,11.083333333333334,11.083333333333334,False,,,False,
18212873903920129948,5,24,4,"[6, 6, 6, 6]","[[1, 2, 4, 4, 5, 6], [0, 0, 0, 1, 5, 6], [1, 1, 1, 1, 2, 2], [0, 0, 1, 1, 1, 1]]",1.0,1,2,4,4,PP,"[[4, 2], [4, 2], [4, 2], [4, 2]]",8,24,216,0.8888888888888888,0.00323,20,0.007432322017848492,0.050386905670166016,0.05792792345033169,OPTIMAL,11.083333333333334,,,0.0,554.0,0.8333333333333334,20,50.25,1206,,11.083333333333334,11.083333333333334,,11.083333333333334,11.083333333333334,False,,,False,
18212873903920129948,5,24,4,"[6, 6, 6, 6]","[[1, 2, 4, 4, 5, 6], [0, 0, 0, 1, 5, 6], [1, 1, 1, 1, 2, 2], [0, 0, 1, 1, 1, 1]]",1.0,1,2,4,5,PP,"[[5, 1], [5, 1], [5, 1], [5, 1]]",8,24,216,0.8888888888888888,0.002619,20,0.006180951371788979,0.0360109806060791,0.04230233852736378,OPTIMAL,11.083333333333334,,,0.0,217.0,3.25,78,53.041666666666664,1273,,11.083333333333334,11.083333333333334,,11.083333333333334,11.083333333333334,False,,,False,
8285760532609655852,6,24,4,"[6, 6, 6, 6]","[[3, 3, 3, 5, 6, 6], [2, 4, 4, 5, 6, 7], [0, 0, 2, 4, 5, 5], [2, 4, 4, 10, 10, 10]]",1.0,1,2,,1,NP,"[[1, 1, 1, 1, 1, 1], [1, 1, 1, 1, 1, 1], [1, 1, 1, 1, 1, 1], [1, 1, 1, 1, 1, 1]]",24,216,216,0.0,0.002384,20,0.014385792426764965,30.015223026275635,30.029715667292948,TIME_LIMIT,8.916666666666666,,,0.3268496884735222,239222.0,0.0,0,0.0,0,,,,,,,False,,,False,
8285760532609655852,6,24,4,"[6, 6, 6, 6]","[[3, 3, 3, 5, 6, 6], [2, 4, 4, 5, 6, 7], [0, 0, 2, 4, 5, 5], [2, 4, 4, 10, 10, 10]]",1.0,1,2,2,,CHP,"[[6], [6], [6], [3, 3]]",5,9,216,0.9583333333333334,0.002944,20,0.006609738804399967,0.00806117057800293,0.01477354680740261,OPTIMAL,9.291666666666666,,,0.0,1.0,4.166666666666667,100,20.125,483,,,,,9.291666666666666,,False,,,False,
8285760532609655852,6,24,4,"[6, 6, 6, 6]","[[3, 3, 3, 5, 6, 6], [2, 4, 4, 5, 6, 7], [0, 0, 2, 4, 5, 5], [2, 4, 4, 10, 10, 10]]",1.0,1,2,2,2,PP,"[[2, 2, 2], [2, 2, 2], [2, 2, 2], [2, 1, 2, 1]]",13,63,216,0.7083333333333333,0.0031445,20,0.008004346862435341,0.38440990447998047,0.3925107935268111,OPTIMAL,9.083333333333334,,,0.0,14863.0,3.3333333333333335,80,10.5,252,,9.291666666666666,9.083333333333334,,9.291666666666666,9.083333333333334,False,,,False,
8285760532609655852,6,24,4,"[6, 6, 6, 6]","[[3, 3, 3, 5, 6, 6], [2, 4, 4, 5, 6, 7], [0, 0, 2, 4, 5, 5], [2, 4, 4, 10, 10, 10]]",1.0,1,2,2,3,PP,"[[3, 3], [3, 3], [3, 3], [3, 3]]",8,24,216,0.8888888888888888,0.002414,20,0.005993098020553589,0.0499110221862793,0.056005413655902385,OPTIMAL,8.916666666666666,,,0.0,686.0,2.5833333333333335,62,14.0,336,,9.291666666666666,8.916666666666666,,9.291666666666666,8.916666666666666,False,,,False,
8285760532609655852,6,24,4,"[6, 6, 6, 6]","[[3, 3, 3, 5, 6, 6], [2, 4, 4, 5, 6, 7], [0, 0, 2, 4, 5, 5], [2, 4, 4, 10, 10, 10]]",1.0,1,2,2,4,PP,"[[4, 2], [4, 2], [4, 2], [3, 3]]",8,24,216,0.8888888888888888,0.00319,20,0.00645404402166605,0.0444948673248291,0.05103779978716612,OPTIMAL,9.291666666666666,,,0.0,358.0,4.166666666666667,100,15.75,378,,9.291666666666666,9.291666666666666,,9.291666666666666,9.291666666666666,False,,,False,
8285760532609655852,6,24,4,"[6, 6, 6, 6]","[[3, 3, 3, 5, 6, 6], [2, 4, 4, 5, 6, 7], [0, 0, 2, 4, 5, 5], [2, 4, 4, 10, 10, 10]]",1.0,1,2,2,5,PP,"[[5, 1], [5, 1], [5, 1], [3, 3]]",8,24,216,0.8888888888888888,0.0032095,20,0.007198929786682129,0.03258705139160156,0.03988125843404245,OPTIMAL,9.291666666666666,,,0.0,240.0,4.166666666666667,100,16.625,399,,9.291666666666666,9.291666666666666,,9.291666666666666,9.291666666666666,False,,,False,
8285760532609655852,6,24,4,"[6, 6, 6, 6]","[[3, 3, 3, 5, 6, 6], [2, 4, 4, 5, 6, 7], [0, 0, 2, 4, 5, 5], [2, 4, 4, 10, 10, 10]]",1.0,1,2,3,,CHP,"[[6], [6], [6], [3, 3]]",5,9,216,0.9583333333333334,0.002814,20,0.006473043002188206,0.006554126739501953,0.013112267022480011,OPTIMAL,9.291666666666666,,,0.0,1.0,4.166666666666667,100,42.166666666666664,1012,,,,,9.291666666666666,,False,,,False,
8285760532609655852,6,24,4,"[6, 6, 6, 6]","[[3, 3, 3, 5, 6, 6], [2, 4, 4, 5, 6, 7], [0, 0, 2, 4, 5, 5], [2, 4, 4, 10, 10, 10]]",1.0,1,2,3,2,PP,"[[2, 2, 2], [2, 2, 2], [2, 2, 2], [2, 1, 2, 1]]",13,63,216,0.7083333333333333,0.003185,20,0.008350800722837448,0.38172006607055664,0.39017449307042124,OPTIMAL,9.083333333333334,,,0.0,14863.0,3.3333333333333335,80,22.0,528,,9.291666666666666,9.083333333333334,,9.291666666666666,9.083333333333334,False,,,False,
8285760532609655852,6,24,4,"[6, 6, 6, 6]","[[3, 3, 3, 5, 6, 6], [2, 4, 4, 5, 6, 7], [0, 0, 2, 4, 5, 5], [2, 4, 4, 10, 10, 10]]",1.0,1,2,3,3,PP,"[[3, 3], [3, 3], [3, 3], [3, 3]]",8,24,216,0.8888888888888888,0.002078,20,0.005700054578483105,0.038130998611450195,0.04391013759701538,OPTIMAL,8.916666666666666,,,0.0,686.0,2.5833333333333335,62,29.333333333333332,704,,9.291666666666666,8.916666666666666,,9.291666666666666,8.916666666666666,False,,,False,
8285760532609655852,6,24,4,"[6, 6, 6, 6]","[[3, 3, 3, 5, 6, 6], [2, 4, 4, 5, 6, 7], [0, 0, 2, 4, 5, 5], [2, 4, 4, 10, 10, 10]]",1.0,1,2,3,4,PP,"[[4, 2], [4, 2], [4, 2], [3, 3]]",8,24,216,0.8888888888888888,0.001853,20,0.004947386682033539,0.03241586685180664,0.03742938734926272,OPTIMAL,9.291666666666666,,,0.0,358.0,4.166666666666667,100,33.0,792,,9.291666666666666,9.291666666666666,,9.291666666666666,9.291666666666666,False,,,False,
8285760532609655852,6,24,4,"[6, 6, 6, 6]","[[3, 3, 3, 5, 6, 6], [2, 4, 4, 5, 6, 7], [0, 0, 2, 4, 5, 5], [2, 4, 4, 10, 10, 10]]",1.0,1,2,3,5,PP,"[[5, 1], [5, 1], [5, 1], [3, 3]]",8,24,216,0.8888888888888888,0.001978,20,0.005074219778180122,0.027671098709106445,0.03281265670557308,OPTIMAL,9.291666666666666,,,0.0,240.0,4.166666666666667,100,34.833333333333336,836,,9.291666666666666,9.291666666666666,,9.291666666666666,9.291666666666666,False,,,False,
8285760532609655852,6,24,4,"[6, 6, 6, 6]","[[3, 3, 3, 5, 6, 6], [2, 4, 4, 5, 6, 7], [0, 0, 2, 4, 5, 5], [2, 4, 4, 10, 10, 10]]",1.0,1,2,4,,CHP,"[[6], [6], [6], [3, 3]]",5,9,216,0.9583333333333334,0.001793,20,0.004751811735332012,0.004796028137207031,0.009608562308447838,OPTIMAL,9.291666666666666,,,0.0,1.0,4.166666666666667,100,64.20833333333333,1541,,,,,9.291666666666666,,False,,,False,
8285760532609655852,6,24,4,"[6, 6, 6, 6]","[[3, 3, 3, 5, 6, 6], [2, 4, 4, 5, 6, 7], [0, 0, 2, 4, 5, 5], [2, 4, 4, 10, 10, 10]]",1.0,1,2,4,2,PP,"[[2, 2, 2], [2, 2, 2], [2, 2, 2], [2, 1, 2, 1]]",13,63,216,0.7083333333333333,0.001893,20,0.005607004277408123,0.33751487731933594,0.34318618811040447,OPTIMAL,9.083333333333334,,,0.0,14863.0,3.3333333333333335,80,33.5,804,,9.291666666666666,9.083333333333334,,9.291666666666666,9.083333333333334,False,,,False,
8285760532609655852,6,24,4,"[6, 6, 6, 6]","[[3, 3, 3, 5, 6, 6], [2, 4, 4, 5, 6, 7], [0, 0, 2, 4, 5, 5], [2, 4, 4, 10, 10, 10]]",1.0,1,2,4,3,PP,"[[3, 3], [3, 3], [3, 3], [3, 3]]",8,24,216,0.8888888888888888,0.001893,20,0.004940587095916271,0.03511309623718262,0.0401274856117301,OPTIMAL,8.916666666666666,,,0.0,686.0,2.5833333333333335,62,44.666666666666664,1072,,9.291666666666666,8.916666666666666,,9.291666666666666,8.916666666666666,False,,,False,
8285760532609655852,6,24,4,"[6, 6, 6, 6]","[[3, 3, 3, 5, 6, 6], [2, 4, 4, 5, 6, 7], [0, 0, 2, 4, 5, 5], [2, 4, 4, 10, 10, 10]]",1.0,1,2,4,4,PP,"[[4, 2], [4, 2], [4, 2], [3, 3]]",8,24,216,0.8888888888888888,0.001893,20,0.0054039377719163895,0.029356002807617188,0.03482384103655148,OPTIMAL,9.291666666666666,,,0.0,358.0,4.166666666666667,100,50.25,1206,,9.291666666666666,9.291666666666666,,9.291666666666666,9.291666666666666,False,,,False,
8285760532609655852,6,24,4,"[6, 6, 6, 6]","[[3, 3, 3, 5, 6, 6], [2, 4, 4, 5, 6, 7], [0, 0, 2, 4, 5, 5], [2, 4, 4, 10, 10, 10]]",1.0,1,2,4,5,PP,"[[5, 1], [5, 1], [5, 1], [3, 3]]",8,24,216,0.8888888888888888,0.001813,20,0.004856078885495663,0.026893138885498047,0.03181653534427929,OPTIMAL,9.291666666666666,,,0.0,240.0,4.166666666666667,100,53.041666666666664,1273,,9.291666666666666,9.291666666666666,,9.291666666666666,9.291666666666666,False,,,False,
8469259271293981031,7,24,4,"[6, 6, 6, 6]","[[3, 3, 4, 4, 5, 6], [1, 2, 2, 3, 4, 5], [2, 2, 3, 4, 4, 5], [0, 1, 1, 1, 1, 2]]",1.0,1,2,,1,NP,"[[1, 1, 1, 1, 1, 1], [1, 1, 1, 1, 1, 1], [1, 1, 1, 1, 1, 1], [1, 1, 1, 1, 1, 1]]",24,216,216,0.0,0.001392,20,0.009068666025996208,30.005594968795776,30.014735397555512,TIME_LIMIT,10.166666666666666,,,0.2905064422477928,196980.0,0.0,0,0.0,0,,,,,,,False,,,False,
8469259271293981031,7,24,4,"[6, 6, 6, 6]","[[3, 3, 4, 4, 5, 6], [1, 2, 2, 3, 4, 5], [2, 2, 3, 4, 4, 5], [0, 1, 1, 1, 1, 2]]",1.0,1,2,2,,CHP,"[[6], [6], [6], [6]]",4,6,216,0.9722222222222222,0.004437,20,0.004885854199528694,0.0019159317016601562,0.006873899318718434,OPTIMAL,10.166666666666666,,,0.0,1.0,0.0,0,20.125,483,,,,,10.166666666666666,,False,,,False,
8469259271293981031,7,24,4,"[6, 6, 6, 6]","[[3, 3, 4, 4, 5, 6], [1, 2, 2, 3, 4, 5], [2, 2, 3, 4, 4, 5], [0, 1, 1, 1, 1, 2]]",1.0,1,2,2,2,PP,"[[2, 2, 2], [2, 2, 2], [2, 2, 2], [2, 2, 2]]",12,54,216,0.75,0.002128,20,0.005777642130851746,0.34067678451538086,0.3465329575562863,OPTIMAL,10.166666666666666,,,0.0,15560.0,0.0,0,10.5,252,,10.166666666666666,10.166666666666666,,10.166666666666666,10.166666666666666,False,,,False,
8469259271293981031,7,24,4,"[6, 6, 6, 6]","[[3, 3, 4, 4, 5, 6], [1, 2, 2, 3, 4, 5], [2, 2, 3, 4, 4, 5], [0, 1, 1, 1, 1, 2]]",1.0,1,2,2,3,PP,"[[3, 3], [3, 3], [3, 3], [3, 3]]",8,24,216,0.8888888888888888,0.0019985,20,0.0058168405666947365,0.0584108829498291,0.06430246762282706,OPTIMAL,10.166666666666666,,,0.0,822.0,0.0,0,14.0,336,,10.166666666666666,10.166666666666666,,10.166666666666666,10.166666666666666,False,,,False,
8469259271293981031,7,24,4,"[6, 6, 6, 6]","[[3, 3, 4, 4, 5, 6], [1, 2, 2, 3, 4, 5], [2, 2, 3, 4, 4, 5], [0, 1, 1, 1, 1, 2]]",1.0,1,2,2,4,PP,"[[4, 2], [4, 2], [4, 2], [4, 2]]",8,24,216,0.8888888888888888,0.001868,20,0.0048765502870082855,0.031835079193115234,0.03677791799393225,OPTIMAL,10.166666666666666,,,0.0,389.0,0.0,0,15.75,378,,10.166666666666666,10.166666666666666,,10.166666666666666,10.166666666666666,False,,,False,
8469259271293981031,7,24,4,"[6, 6, 6, 6]","[[3, 3, 4, 4, 5, 6], [1, 2, 2, 3, 4, 5], [2, 2, 3, 4, 4, 5], [0, 1, 1, 1, 1, 2]]",1.0,1,2,2,5,PP,"[[5, 1], [5, 1], [5, 1], [5, 1]]",8,24,216,0.8888888888888888,0.005143,20,0.005435293540358543,0.02176499366760254,0.027271831644886016,OPTIMAL,10.166666666666666,,,0.0,187.0,0.0,0,16.625,399,,10.166666666666666,10.166666666666666,,10.166666666666666,10.166666666666666,False,,,False,
8469259271293981031,7,24,4,"[6, 6, 6, 6]","[[3, 3, 4, 4, 5, 6], [1, 2, 2, 3, 4, 5], [2, 2, 3, 4, 4, 5], [0, 1, 1, 1, 1, 2]]",1.0,1,2,3,,CHP,"[[6], [6], [6], [6]]",4,6,216,0.9722222222222222,0.0017775,20,0.004604008048772812,0.0014688968658447266,0.006129388302650452,OPTIMAL,10.166666666666666,,,0.0,1.0,0.0,0,42.166666666666664,1012,,,,,10.166666666666666,,False,,,False,
8469259271293981031,7,24,4,"[6, 6, 6, 6]","[[3, 3, 4, 4, 5, 6], [1, 2, 2, 3, 4, 5], [2, 2, 3, 4, 4, 5], [0, 1, 1, 1, 1, 2]]",1.0,1,2,3,2,PP,"[[2, 2, 2], [2, 2, 2], [2, 2, 2], [2, 2, 2]]",12,54,216,0.75,0.001843,20,0.005146979354321957,0.3334829807281494,0.33869391391629505,OPTIMAL,10.166666666666666,,,0.0,15560.0,0.0,0,22.0,528,,10.166666666666666,10.166666666666666,,10.166666666666666,10.166666666666666,False,,,False,
8469259271293981031,7,24,4,"[6, 6, 6, 6]","[[3, 3, 4, 4, 5, 6], [1, 2, 2, 3, 4, 5], [2, 2, 3, 4, 4, 5], [0, 1, 1, 1, 1, 2]]",1.0,1,2,3,3,PP,"[[3, 3], [3, 3], [3, 3], [3, 3]]",8,24,216,0.8888888888888888,0.0047725,20,0.005411879159510136,0.05387687683105469,0.05936015810152054,OPTIMAL,10.166666666666666,,,0.0,822.0,0.0,0,29.333333333333332,704,,10.166666666666666,10.166666666666666,,10.166666666666666,10.166666666666666,False,,,False,
8469259271293981031,7,24,4,"[6, 6, 6, 6]","[[3, 3, 4, 4, 5, 6], [1, 2, 2, 3, 4, 5], [2, 2, 3, 4, 4, 5], [0, 1, 1, 1, 1, 2]]",1.0,1,2,3,4,PP,"[[4, 2], [4, 2], [4, 2], [4, 2]]",8,24,216,0.8888888888888888,0.001863,20,0.004795467481017113,0.03048396110534668,0.03534072114249515,OPTIMAL,10.166666666666666,,,0.0,389.0,0.0,0,33.0,792,,10.166666666666666,10.166666666666666,,10.166666666666666,10.166666666666666,False,,,False,
8469259271293981031,7,24,4,"[6, 6, 6, 6]","[[3, 3, 4, 4, 5, 6], [1, 2, 2, 3, 4, 5], [2, 2, 3, 4, 4, 5], [0, 1, 1, 1, 1, 2]]",1.0,1,2,3,5,PP,"[[5, 1], [5, 1], [5, 1], [5, 1]]",8,24,216,0.8888888888888888,0.0019175,20,0.005022560246288776,0.020639896392822266,0.02572615528474331,OPTIMAL,10.166666666666666,,,0.0,187.0,0.0,0,34.833333333333336,836,,10.166666666666666,10.166666666666666,,10.166666666666666,10.166666666666666,False,,,False,
8469259271293981031,7,24,4,"[6, 6, 6, 6]","[[3, 3, 4, 4, 5, 6], [1, 2, 2, 3, 4, 5], [2, 2, 3, 4, 4, 5], [0, 1, 1, 1, 1, 2]]",1.0,1,2,4,,CHP,"[[6], [6], [6], [6]]",4,6,216,0.9722222222222222,0.001683,20,0.004990843124687672,0.0015799999237060547,0.006628237764807224,OPTIMAL,10.166666666666666,,,0.0,1.0,0.0,0,64.20833333333333,1541,,,,,10.166666666666666,,False,,,False,
8469259271293981031,7,24,4,"[6, 6, 6, 6]","[[3, 3, 4, 4, 5, 6], [1, 2, 2, 3, 4, 5], [2, 2, 3, 4, 4, 5], [0, 1, 1, 1, 1, 2]]",1.0,1,2,4,2,PP,"[[2, 2, 2], [2, 2, 2], [2, 2, 2], [2, 2, 2]]",12,54,216,0.75,0.0049475,20,0.005318367853760719,0.32315897941589355,0.3285443646252847,OPTIMAL,10.166666666666666,,,0.0,15560.0,0.0,0,33.5,804,,10.166666666666666,10.166666666666666,,10.166666666666666,10.166666666666666,False,,,False,
8469259271293981031,7,24,4,"[6, 6, 6, 6]","[[3, 3, 4, 4, 5, 6], [1, 2, 2, 3, 4, 5], [2, 2, 3, 4, 4, 5], [0, 1, 1, 1, 1, 2]]",1.0,1,2,4,3,PP,"[[3, 3], [3, 3], [3, 3], [3, 3]]",8,24,216,0.8888888888888888,0.004607,20,0.005239688791334629,0.05278491973876953,0.05809836436862421,OPTIMAL,10.166666666666666,,,0.0,822.0,0.0,0,44.666666666666664,1072,,10.166666666666666,10.166666666666666,,10.166666666666666,10.166666666666666,False,,,False,
8469259271293981031,7,24,4,"[6, 6, 6, 6]","[[3, 3, 4, 4, 5, 6], [1, 2, 2, 3, 4, 5], [2, 2, 3, 4, 4, 5], [0, 1, 1, 1, 1, 2]]",1.0,1,2,4,4,PP,"[[4, 2], [4, 2], [4, 2], [4, 2]]",8,24,216,0.8888888888888888,0.0045565,20,0.0053436243906617165,0.030436992645263672,0.035852252975684645,OPTIMAL,10.166666666666666,,,0.0,389.0,0.0,0,50.25,1206,,10.166666666666666,10.166666666666666,,10.166666666666666,10.166666666666666,False,,,False,
8469259271293981031,7,24,4,"[6, 6, 6, 6]","[[3, 3, 4, 4, 5, 6], [1, 2, 2, 3, 4, 5], [2, 2, 3, 4, 4, 5], [0, 1, 1, 1, 1, 2]]",1.0,1,2,4,5,PP,"[[5, 1], [5, 1], [5, 1], [5, 1]]",8,24,216,0.8888888888888888,0.001853,20,0.00487219262868166,0.021493911743164062,0.026427269581332683,OPTIMAL,10.166666666666666,,,0.0,187.0,0.0,0,53.041666666666664,1273,,10.166666666666666,10.166666666666666,,10.166666666666666,10.166666666666666,False,,,False,
10858762890630337772,8,24,4,"[6, 6, 6, 6]","[[1, 2, 3, 3, 3, 3], [3, 5, 6, 6, 7, 7], [0, 1, 1, 2, 2, 3], [5, 5, 6, 7, 7, 8]]",1.0,1,2,,1,NP,"[[1, 1, 1, 1, 1, 1], [1, 1, 1, 1, 1, 1], [1, 1, 1, 1, 1, 1], [1, 1, 1, 1, 1, 1]]",24,216,216,0.0,0.003385,20,0.009206493385136127,30.01911997795105,30.028406984746525,TIME_LIMIT,9.0,,,0.3114456996034163,182415.0,0.0,0,0.0,0,,,,,,,False,,,False,
10858762890630337772,8,24,4,"[6, 6, 6, 6]","[[1, 2, 3, 3, 3, 3], [3, 5, 6, 6, 7, 7], [0, 1, 1, 2, 2, 3], [5, 5, 6, 7, 7, 8]]",1.0,1,2,2,,CHP,"[[6], [6], [6], [6]]",4,6,216,0.9722222222222222,0.002935,20,0.0067082978785037994,0.0032138824462890625,0.010033473775026799,OPTIMAL,9.0,,,0.0,1.0,0.875,21,20.125,483,,,,,9.0,,False,,,False,
10858762890630337772,8,24,4,"[6, 6, 6, 6]","[[1, 2, 3, 3, 3, 3], [3, 5, 6, 6, 7, 7], [0, 1, 1, 2, 2, 3], [5, 5, 6, 7, 7, 8]]",1.0,1,2,2,2,PP,"[[2, 2, 2], [2, 2, 2], [2, 2, 2], [2, 2, 2]]",12,54,216,0.75,0.00341,20,0.008279462344944477,0.26354002952575684,0.27192913224885223,OPTIMAL,9.0,,,0.0,9636.0,0.875,21,10.5,252,,9.0,9.0,,9.0,9.0,False,,,False,
10858762890630337772,8,24,4,"[6, 6, 6, 6]","[[1, 2, 3, 3, 3, 3], [3, 5, 6, 6, 7, 7], [0, 1, 1, 2, 2, 3], [5, 5, 6, 7, 7, 8]]",1.0,1,2,2,3,PP,"[[3, 3], [3, 3], [3, 3], [3, 3]]",8,24,216,0.8888888888888888,0.003265,20,0.007496438920497894,0.037075042724609375,0.04467991531552315,OPTIMAL,9.0,,,0.0,450.0,0.875,21,14.0,336,,9.0,9.0,,9.0,9.0,False,,,False,
10858762890630337772,8,24,4,"[6, 6, 6, 6]","[[1, 2, 3, 3, 3, 3], [3, 5, 6, 6, 7, 7], [0, 1, 1, 2, 2, 3], [5, 5, 6, 7, 7, 8]]",1.0,1,2,2,4,PP,"[[4, 2], [4, 2], [4, 2], [4, 2]]",8,24,216,0.8888888888888888,0.003124,20,0.006647455506026745,0.02541804313659668,0.03216736332462931,OPTIMAL,9.0,,,0.0,295.0,0.875,21,15.75,378,,9.0,9.0,,9.0,9.0,False,,,False,
10858762890630337772,8,24,4,"[6, 6, 6, 6]","[[1, 2, 3, 3, 3, 3], [3, 5, 6, 6, 7, 7], [0, 1, 1, 2, 2, 3], [5, 5, 6, 7, 7, 8]]",1.0,1,2,2,5,PP,"[[5, 1], [5, 1], [5, 1], [5, 1]]",8,24,216,0.8888888888888888,0.001943,20,0.00524565763771534,0.025894880294799805,0.031215645633976937,OPTIMAL,9.0,,,0.0,206.0,0.875,21,16.625,399,,9.0,9.0,,9.0,9.0,False,,,False,
10858762890630337772,8,24,4,"[6, 6, 6, 6]","[[1, 2, 3, 3, 3, 3], [3, 5, 6, 6, 7, 7], [0, 1, 1, 2, 2, 3], [5, 5, 6, 7, 7, 8]]",1.0,1,2,3,,CHP,"[[6], [6], [6], [6]]",4,6,216,0.9722222222222222,0.004357,20,0.0048165088519454,0.002277851104736328,0.007165098835832596,OPTIMAL,9.0,,,0.0,1.0,0.875,21,42.166666666666664,1012,,,,,9.0,,False,,,False,
10858762890630337772,8,24,4,"[6, 6, 6, 6]","[[1, 2, 3, 3, 3, 3], [3, 5, 6, 6, 7, 7], [0, 1, 1, 2, 2, 3], [5, 5, 6, 7, 7, 8]]",1.0,1,2,3,2,PP,"[[2, 2, 2], [2, 2, 2], [2, 2, 2], [2, 2, 2]]",12,54,216,0.75,0.001913,20,0.005722738802433014,0.22348594665527344,0.22928160435344028,OPTIMAL,9.0,,,0.0,9636.0,0.875,21,22.0,528,,9.0,9.0,,9.0,9.0,False,,,False,
10858762890630337772,8,24,4,"[6, 6, 6, 6]","[[1, 2, 3, 3, 3, 3], [3, 5, 6, 6, 7, 7], [0, 1, 1, 2, 2, 3], [5, 5, 6, 7, 7, 8]]",1.0,1,2,3,3,PP,"[[3, 3], [3, 3], [3, 3], [3, 3]]",8,24,216,0.8888888888888888,0.0017925,20,0.004770189523696899,0.031607866287231445,0.036448284687678814,OPTIMAL,9.0,,,0.0,450.0,0.875,21,29.333333333333332,704,,9.0,9.0,,9.0,9.0,False,,,False,
10858762890630337772,8,24,4,"[6, 6, 6, 6]","[[1, 2, 3, 3, 3, 3], [3, 5, 6, 6, 7, 7], [0, 1, 1, 2, 2, 3], [5, 5, 6, 7, 7, 8]]",1.0,1,2,3,4,PP,"[[4, 2], [4, 2], [4, 2], [4, 2]]",8,24,216,0.8888888888888888,0.002033,20,0.005299358628690243,0.022611141204833984,0.027987117801912306,OPTIMAL,9.0,,,0.0,295.0,0.875,21,33.0,792,,9.0,9.0,,9.0,9.0,False,,,False,
10858762890630337772,8,24,4,"[6, 6, 6, 6]","[[1, 2, 3, 3, 3, 3], [3, 5, 6, 6, 7, 7], [0, 1, 1, 2, 2, 3], [5, 5, 6, 7, 7, 8]]",1.0,1,2,3,5,PP,"[[5, 1], [5, 1], [5, 1], [5, 1]]",8,24,216,0.8888888888888888,0.001998,20,0.005339229479432106,0.025413036346435547,0.030832091659460544,OPTIMAL,9.0,,,0.0,206.0,0.875,21,34.833333333333336,836,,9.0,9.0,,9.0,9.0,False,,,False,
10858762890630337772,8,24,4,"[6, 6, 6, 6]","[[1, 2, 3, 3, 3, 3], [3, 5, 6, 6, 7, 7], [0, 1, 1, 2, 2, 3], [5, 5, 6, 7, 7, 8]]",1.0,1,2,4,,CHP,"[[6], [6], [6], [6]]",4,6,216,0.9722222222222222,0.0042365,20,0.005119376815855503,0.0021209716796875,0.007307234133814812,OPTIMAL,9.0,,,0.0,1.0,0.875,21,64.20833333333333,1541,,,,,9.0,,False,,,False,
10858762890630337772,8,24,4,"[6, 6, 6, 6]","[[1, 2, 3, 3, 3, 3], [3, 5, 6, 6, 7, 7], [0, 1, 1, 2, 2, 3], [5, 5, 6, 7, 7, 8]]",1.0,1,2,4,2,PP,"[[2, 2, 2], [2, 2, 2], [2, 2, 2], [2, 2, 2]]",12,54,216,0.75,0.005183,20,0.006381344050168991,0.23409795761108398,0.24055974390718507,OPTIMAL,9.0,,,0.0,9636.0,0.875,21,33.5,804,,9.0,9.0,,9.0,9.0,False,,,False,
10858762890630337772,8,24,4,"[6, 6, 6, 6]","[[1, 2, 3, 3, 3, 3], [3, 5, 6, 6, 7, 7], [0, 1, 1, 2, 2, 3], [5, 5, 6, 7, 7, 8]]",1.0,1,2,4,3,PP,"[[3, 3], [3, 3], [3, 3], [3, 3]]",8,24,216,0.8888888888888888,0.0050025,20,0.005578130483627319,0.031089067459106445,0.036743156047048565,OPTIMAL,9.0,,,0.0,450.0,0.875,21,44.666666666666664,1072,,9.0,9.0,,9.0,9.0,False,,,False,
10858762890630337772,8,24,4,"[6, 6, 6, 6]","[[1, 2, 3, 3, 3, 3], [3, 5, 6, 6, 7, 7], [0, 1, 1, 2, 2, 3], [5, 5, 6, 7, 7, 8]]",1.0,1,2,4,4,PP,"[[4, 2], [4, 2], [4, 2], [4, 2]]",8,24,216,0.8888888888888888,0.001833,20,0.004939064383506775,0.02262282371520996,0.027632219874079704,OPTIMAL,9.0,,,0.0,295.0,0.875,21,50.25,1206,,9.0,9.0,,9.0,9.0,False,,,False,
10858762890630337772,8,24,4,"[6, 6, 6, 6]","[[1, 2, 3, 3, 3, 3], [3, 5, 6, 6, 7, 7], [0, 1, 1, 2, 2, 3], [5, 5, 6, 7, 7, 8]]",1.0,1,2,4,5,PP,"[[5, 1], [5, 1], [5, 1], [5, 1]]",8,24,216,0.8888888888888888,0.0050525,20,0.0053193094208836555,0.02859807014465332,0.033991516642799376,OPTIMAL,9.0,,,0.0,206.0,0.875,21,53.041666666666664,1273,,9.0,9.0,,9.0,9.0,False,,,False,
5557132178951499854,9,24,4,"[6, 6, 6, 6]","[[3, 6, 6, 7, 7, 8], [1, 1, 2, 3, 6, 6], [1, 2, 2, 3, 6, 7], [3, 3, 3, 4, 5, 6]]",1.0,1,2,,1,NP,"[[1, 1, 1, 1, 1, 1], [1, 1, 1, 1, 1, 1], [1, 1, 1, 1, 1, 1], [1, 1, 1, 1, 1, 1]]",24,216,216,0.0,0.002143,20,0.013148460537195206,30.011296033859253,30.024546542231672,TIME_LIMIT,10.125,,,0.30380616753989675,188960.0,0.0,0,0.0,0,,,,,,,False,,,False,
5557132178951499854,9,24,4,"[6, 6, 6, 6]","[[3, 6, 6, 7, 7, 8], [1, 1, 2, 3, 6, 6], [1, 2, 2, 3, 6, 7], [3, 3, 3, 4, 5, 6]]",1.0,1,2,2,,CHP,"[[1, 5], [4, 2], [4, 2], [6]]",7,18,216,0.9166666666666666,0.001783,20,0.004919464699923992,0.02482295036315918,0.029818824940987112,OPTIMAL,10.125,,,0.0,319.0,0.0,0,20.125,483,,,,,10.125,,False,,,False,
5557132178951499854,9,24,4,"[6, 6, 6, 6]","[[3, 6, 6, 7, 7, 8], [1, 1, 2, 3, 6, 6], [1, 2, 2, 3, 6, 7], [3, 3, 3, 4, 5, 6]]",1.0,1,2,2,2,PP,"[[1, 2, 2, 1], [2, 2, 2], [2, 2, 2], [2, 2, 2]]",13,63,216,0.7083333333333333,0.005378,20,0.005982822738587856,0.6450510025024414,0.6511062323893695,OPTIMAL,10.125,,,0.0,16874.0,0.0,0,10.5,252,,10.125,10.125,,10.125,10.125,False,,,False,
5557132178951499854,9,24,4,"[6, 6, 6, 6]","[[3, 6, 6, 7, 7, 8], [1, 1, 2, 3, 6, 6], [1, 2, 2, 3, 6, 7], [3, 3, 3, 4, 5, 6]]",1.0,1,2,2,3,PP,"[[1, 3, 2], [3, 1, 2], [3, 1, 2], [3, 3]]",11,45,216,0.7916666666666666,0.005043,20,0.005885494872927666,0.20189499855041504,0.20785827085377503,OPTIMAL,10.125,,,0.0,8425.0,0.0,0,14.0,336,,10.125,10.125,,10.125,10.125,False,,,False,
5557132178951499854,9,24,4,"[6, 6, 6, 6]","[[3, 6, 6, 7, 7, 8], [1, 1, 2, 3, 6, 6], [1, 2, 2, 3, 6, 7], [3, 3, 3, 4, 5, 6]]",1.0,1,2,2,4,PP,"[[1, 4, 1], [4, 2], [4, 2], [4, 2]]",9,30,216,0.8611111111111112,0.003195,20,0.006220951676368713,0.05598187446594238,0.062280144174702165,OPTIMAL,10.125,,,0.0,1208.0,0.0,0,15.75,378,,10.125,10.125,,10.125,10.125,False,,,False,
5557132178951499854,9,24,4,"[6, 6, 6, 6]","[[3, 6, 6, 7, 7, 8], [1, 1, 2, 3, 6, 6], [1, 2, 2, 3, 6, 7], [3, 3, 3, 4, 5, 6]]",1.0,1,2,2,5,PP,"[[1, 5], [4, 2], [4, 2], [5, 1]]",8,24,216,0.8888888888888888,0.002003,20,0.0054026152938604355,0.035958051681518555,0.041437304303863526,OPTIMAL,10.125,,,0.0,491.0,0.0,0,16.625,399,,10.125,10.125,,10.125,10.125,False,,,False,
5557132178951499854,9,24,4,"[6, 6, 6, 6]","[[3, 6, 6, 7, 7, 8], [1, 1, 2, 3, 6, 6], [1, 2, 2, 3, 6, 7], [3, 3, 3, 4, 5, 6]]",1.0,1,2,3,,CHP,"[[6], [6], [6], [6]]",4,6,216,0.9722222222222222,0.001998,20,0.004998933523893356,0.003101825714111328,0.008171383604560375,OPTIMAL,10.625,,,0.0,1.0,5.0,120,42.166666666666664,1012,,,,,10.625,,False,,,False,
5557132178951499854,9,24,4,"[6, 6, 6, 6]","[[3, 6, 6, 7, 7, 8], [1, 1, 2, 3, 6, 6], [1, 2, 2, 3, 6, 7], [3, 3, 3, 4, 5, 6]]",1.0,1,2,3,2,PP,"[[2, 2, 2], [2, 2, 2], [2, 2, 2], [2, 2, 2]]",12,54,216,0.75,0.002068,20,0.0060109542682766914,0.8720099925994873,0.8780986885522418,OPTIMAL,10.125,,,0.0,27639.0,1.8333333333333333,44,22.0,528,,10.625,10.125,,10.625,10.125,False,,,False,
5557132178951499854,9,24,4,"[6, 6, 6, 6]","[[3, 6, 6, 7, 7, 8], [1, 1, 2, 3, 6, 6], [1, 2, 2, 3, 6, 7], [3, 3, 3, 4, 5, 6]]",1.0,1,2,3,3,PP,"[[3, 3], [3, 3], [3, 3], [3, 3]]",8,24,216,0.8888888888888888,0.001968,20,0.004780994728207588,0.053009033203125,0.05786582652843523,OPTIMAL,10.291666666666666,,,0.0,1220.0,5.0,120,29.333333333333332,704,,10.625,10.291666666666666,,10.625,10.291666666666666,False,,,False,
5557132178951499854,9,24,4,"[6, 6, 6, 6]","[[3, 6, 6, 7, 7, 8], [1, 1, 2, 3, 6, 6], [1, 2, 2, 3, 6, 7], [3, 3, 3, 4, 5, 6]]",1.0,1,2,3,4,PP,"[[4, 2], [4, 2], [4, 2], [4, 2]]",8,24,216,0.8888888888888888,0.004783,20,0.0056033385917544365,0.03971385955810547,0.0453900533794837,OPTIMAL,10.125,,,0.0,789.0,1.8333333333333333,44,33.0,792,,10.625,10.125,,10.625,10.125,False,,,False,
5557132178951499854,9,24,4,"[6, 6, 6, 6]","[[3, 6, 6, 7, 7, 8], [1, 1, 2, 3, 6, 6], [1, 2, 2, 3, 6, 7], [3, 3, 3, 4, 5, 6]]",1.0,1,2,3,5,PP,"[[5, 1], [5, 1], [5, 1], [5, 1]]",8,24,216,0.8888888888888888,0.004937,20,0.00538669154047966,0.028729915618896484,0.034186204954409126,OPTIMAL,10.625,,,0.0,360.0,5.0,120,34.833333333333336,836,,10.625,10.625,,10.625,10.625,False,,,False,
5557132178951499854,9,24,4,"[6, 6, 6, 6]","[[3, 6, 6, 7, 7, 8], [1, 1, 2, 3, 6, 6], [1, 2, 2, 3, 6, 7], [3, 3, 3, 4, 5, 6]]",1.0,1,2,4,,CHP,"[[6], [6], [6], [6]]",4,6,216,0.9722222222222222,0.0017625,20,0.004687764681875706,0.0029900074005126953,0.007736041648280621,OPTIMAL,10.625,,,0.0,1.0,5.0,120,64.20833333333333,1541,,,,,10.625,,False,,,False,
5557132178951499854,9,24,4,"[6, 6, 6, 6]","[[3, 6, 6, 7, 7, 8], [1, 1, 2, 3, 6, 6], [1, 2, 2, 3, 6, 7], [3, 3, 3, 4, 5, 6]]",1.0,1,2,4,2,PP,"[[2, 2, 2], [2, 2, 2], [2, 2, 2], [2, 2, 2]]",12,54,216,0.75,0.002063,20,0.005319399759173393,0.8153619766235352,0.8207448563812142,OPTIMAL,10.125,,,0.0,27639.0,1.8333333333333333,44,33.5,804,,10.625,10.125,,10.625,10.125,False,,,False,
5557132178951499854,9,24,4,"[6, 6, 6, 6]","[[3, 6, 6, 7, 7, 8], [1, 1, 2, 3, 6, 6], [1, 2, 2, 3, 6, 7], [3, 3, 3, 4, 5, 6]]",1.0,1,2,4,3,PP,"[[3, 3], [3, 3], [3, 3], [3, 3]]",8,24,216,0.8888888888888888,0.004732,20,0.005429456010460854,0.054641008377075195,0.060147165270812035,OPTIMAL,10.291666666666666,,,0.0,1220.0,5.0,120,44.666666666666664,1072,,10.625,10.291666666666666,,10.625,10.291666666666666,False,,,False,
5557132178951499854,9,24,4,"[6, 6, 6, 6]","[[3, 6, 6, 7, 7, 8], [1, 1, 2, 3, 6, 6], [1, 2, 2, 3, 6, 7], [3, 3, 3, 4, 5, 6]]",1.0,1,2,4,4,PP,"[[4, 2], [4, 2], [4, 2], [4, 2]]",8,24,216,0.8888888888888888,0.002053,20,0.005110573954880238,0.039301156997680664,0.044478049866822245,OPTIMAL,10.125,,,0.0,789.0,1.8333333333333333,44,50.25,1206,,10.625,10.125,,10.625,10.125,False,,,False,
5557132178951499854,9,24,4,"[6, 6, 6, 6]","[[3, 6, 6, 7, 7, 8], [1, 1, 2, 3, 6, 6], [1, 2, 2, 3, 6, 7], [3, 3, 3, 4, 5, 6]]",1.0,1,2,4,5,PP,"[[5, 1], [5, 1], [5, 1], [5, 1]]",8,24,216,0.8888888888888888,0.001888,20,0.004908949136734009,0.028889894485473633,0.033862992398965834,OPTIMAL,10.625,,,0.0,360.0,5.0,120,53.041666666666664,1273,,10.625,10.625,,10.625,10.625,False,,,False,
10421285887160821948,10,24,4,"[6, 6, 6, 6]","[[1, 1, 2, 2, 7, 7], [2, 2, 4, 7, 7, 9], [0, 0, 3, 3, 4, 4], [1, 2, 5, 6, 6, 8]]",1.0,1,2,,1,NP,"[[1, 1, 1, 1, 1, 1], [1, 1, 1, 1, 1, 1], [1, 1, 1, 1, 1, 1], [1, 1, 1, 1, 1, 1]]",24,216,216,0.0,0.003295,20,0.010142577812075615,30.005404949188232,30.015625196489793,TIME_LIMIT,9.791666666666666,,,0.38049609964504927,232721.0,0.0,0,0.0,0,,,,,,,False,,,False,
10421285887160821948,10,24,4,"[6, 6, 6, 6]","[[1, 1, 2, 2, 7, 7], [2, 2, 4, 7, 7, 9], [0, 0, 3, 3, 4, 4], [1, 2, 5, 6, 6, 8]]",1.0,1,2,2,,CHP,"[[4, 2], [3, 3], [2, 4], [2, 4]]",8,24,216,0.8888888888888888,0.0043515,20,0.005082922056317329,0.044030189514160156,0.04918957444610739,OPTIMAL,9.791666666666666,,,0.0,1110.0,2.25,54,20.125,483,,,,,9.791666666666666,,False,,,False,
10421285887160821948,10,24,4,"[6, 6, 6, 6]","[[1, 1, 2, 2, 7, 7], [2, 2, 4, 7, 7, 9], [0, 0, 3, 3, 4, 4], [1, 2, 5, 6, 6, 8]]",1.0,1,2,2,2,PP,"[[2, 2, 2], [2, 1, 2, 1], [2, 2, 2], [2, 2, 2]]",13,63,216,0.7083333333333333,0.004993,20,0.0060716960579156876,0.7235431671142578,0.729687088348835,OPTIMAL,9.791666666666666,,,0.0,26720.0,0.7083333333333334,17,10.5,252,,9.791666666666666,9.791666666666666,,9.791666666666666,9.791666666666666,False,,,False,
10421285887160821948,10,24,4,"[6, 6, 6, 6]","[[1, 1, 2, 2, 7, 7], [2, 2, 4, 7, 7, 9], [0, 0, 3, 3, 4, 4], [1, 2, 5, 6, 6, 8]]",1.0,1,2,2,3,PP,"[[3, 1, 2], [3, 3], [2, 3, 1], [2, 3, 1]]",11,45,216,0.7916666666666666,0.0018175,20,0.005312848836183548,0.09763598442077637,0.10301197462320805,OPTIMAL,9.791666666666666,,,0.0,3972.0,1.5416666666666667,37,14.0,336,,9.791666666666666,9.791666666666666,,9.791666666666666,9.791666666666666,False,,,False,
10421285887160821948,10,24,4,"[6, 6, 6, 6]","[[1, 1, 2, 2, 7, 7], [2, 2, 4, 7, 7, 9], [0, 0, 3, 3, 4, 4], [1, 2, 5, 6, 6, 8]]",1.0,1,2,2,4,PP,"[[4, 2], [3, 3], [2, 4], [2, 4]]",8,24,216,0.8888888888888888,0.001958,20,0.004831081256270409,0.04141712188720703,0.046311495254273895,OPTIMAL,9.791666666666666,,,0.0,1110.0,2.25,54,15.75,378,,9.791666666666666,9.791666666666666,,9.791666666666666,9.791666666666666,False,,,False,
10421285887160821948,10,24,4,"[6, 6, 6, 6]","[[1, 1, 2, 2, 7, 7], [2, 2, 4, 7, 7, 9], [0, 0, 3, 3, 4, 4], [1, 2, 5, 6, 6, 8]]",1.0,1,2,2,5,PP,"[[4, 2], [3, 3], [2, 4], [2, 4]]",8,24,216,0.8888888888888888,0.0018275,20,0.004794115200638771,0.0396580696105957,0.04451821396423817,OPTIMAL,9.791666666666666,,,0.0,1110.0,2.25,54,16.625,399,,9.791666666666666,9.791666666666666,,9.791666666666666,9.791666666666666,False,,,False,
10421285887160821948,10,24,4,"[6, 6, 6, 6]","[[1, 1, 2, 2, 7, 7], [2, 2, 4, 7, 7, 9], [0, 0, 3, 3, 4, 4], [1, 2, 5, 6, 6, 8]]",1.0,1,2,3,,CHP,"[[4, 2], [6], [6], [6]]",5,9,216,0.9583333333333334,0.0043865,20,0.004929360002279282,0.005257129669189453,0.010245894983886719,OPTIMAL,10.041666666666666,,,0.0,1.0,7.416666666666667,178,42.166666666666664,1012,,,,,10.041666666666666,,False,,,False,
10421285887160821948,10,24,4,"[6, 6, 6, 6]","[[1, 1, 2, 2, 7, 7], [2, 2, 4, 7, 7, 9], [0, 0, 3, 3, 4, 4], [1, 2, 5, 6, 6, 8]]",1.0,1,2,3,2,PP,"[[2, 2, 2], [2, 2, 2], [2, 2, 2], [2, 2, 2]]",12,54,216,0.75,0.002539,20,0.006079779006540775,1.0958549976348877,1.1020011186883703,OPTIMAL,9.791666666666666,,,0.0,35631.0,3.0833333333333335,74,22.0,528,,10.041666666666666,9.791666666666666,,10.041666666666666,9.791666666666666,False,,,False,
10421285887160821948,10,24,4,"[6, 6, 6, 6]","[[1, 1, 2, 2, 7, 7], [2, 2, 4, 7, 7, 9], [0, 0, 3, 3, 4, 4], [1, 2, 5, 6, 6, 8]]",1.0,1,2,3,3,PP,"[[3, 1, 2], [3, 3], [3, 3], [3, 3]]",9,30,216,0.8611111111111112,0.0049375,20,0.005592401139438152,0.0717160701751709,0.07737821023935079,OPTIMAL,10.041666666666666,,,0.0,1418.0,5.75,138,29.333333333333332,704,,10.041666666666666,10.041666666666666,,10.041666666666666,10.041666666666666,False,,,False,
10421285887160821948,10,24,4,"[6, 6, 6, 6]","[[1, 1, 2, 2, 7, 7], [2, 2, 4, 7, 7, 9], [0, 0, 3, 3, 4, 4], [1, 2, 5, 6, 6, 8]]",1.0,1,2,3,4,PP,"[[4, 2], [4, 2], [4, 2], [4, 2]]",8,24,216,0.8888888888888888,0.001983,20,0.005177694372832775,0.027554035186767578,0.0327995887305932,OPTIMAL,10.041666666666666,,,0.0,562.0,7.416666666666667,178,33.0,792,,10.041666666666666,10.041666666666666,,10.041666666666666,10.041666666666666,False,,,False,
10421285887160821948,10,24,4,"[6, 6, 6, 6]","[[1, 1, 2, 2, 7, 7], [2, 2, 4, 7, 7, 9], [0, 0, 3, 3, 4, 4], [1, 2, 5, 6, 6, 8]]",1.0,1,2,3,5,PP,"[[4, 2], [5, 1], [5, 1], [5, 1]]",8,24,216,0.8888888888888888,0.004722,20,0.0052520278841257095,0.019682884216308594,0.0249969234772892,OPTIMAL,10.041666666666666,,,0.0,298.0,6.0,144,34.833333333333336,836,,10.041666666666666,10.041666666666666,,10.041666666666666,10.041666666666666,False,,,False,
10421285887160821948,10,24,4,"[6, 6, 6, 6]","[[1, 1, 2, 2, 7, 7], [2, 2, 4, 7, 7, 9], [0, 0, 3, 3, 4, 4], [1, 2, 5, 6, 6, 8]]",1.0,1,2,4,,CHP,"[[4, 2], [6], [6], [6]]",5,9,216,0.9583333333333334,0.004392,20,0.004697909578680992,0.0047550201416015625,0.00951918109701109,OPTIMAL,10.041666666666666,,,0.0,1.0,7.416666666666667,178,64.20833333333333,1541,,,,,10.041666666666666,,False,,,False,
10421285887160821948,10,24,4,"[6, 6, 6, 6]","[[1, 1, 2, 2, 7, 7], [2, 2, 4, 7, 7, 9], [0, 0, 3, 3, 4, 4], [1, 2, 5, 6, 6, 8]]",1.0,1,2,4,2,PP,"[[2, 2, 2], [2, 2, 2], [2, 2, 2], [2, 2, 2]]",12,54,216,0.75,0.002028,20,0.005482755601406097,1.1248130798339844,1.1303605572771458,OPTIMAL,9.791666666666666,,,0.0,35631.0,3.0833333333333335,74,33.5,804,,10.041666666666666,9.791666666666666,,10.041666666666666,9.791666666666666,False,,,False,
10421285887160821948,10,24,4,"[6, 6, 6, 6]","[[1, 1, 2, 2, 7, 7], [2, 2, 4, 7, 7, 9], [0, 0, 3, 3, 4, 4], [1, 2, 5, 6, 6, 8]]",1.0,1,2,4,3,PP,"[[3, 1, 2], [3, 3], [3, 3], [3, 3]]",9,30,216,0.8611111111111112,0.001953,20,0.005060506984591484,0.06900501251220703,0.07413412725346374,OPTIMAL,10.041666666666666,,,0.0,1418.0,5.75,138,44.666666666666664,1072,,10.041666666666666,10.041666666666666,,10.041666666666666,10.041666666666666,False,,,False,
10421285887160821948,10,24,4,"[6, 6, 6, 6]","[[1, 1, 2, 2, 7, 7], [2, 2, 4, 7, 7, 9], [0, 0, 3, 3, 4, 4], [1, 2, 5, 6, 6, 8]]",1.0,1,2,4,4,PP,"[[4, 2], [4, 2], [4, 2], [4, 2]]",8,24,216,0.8888888888888888,0.001823,20,0.004682507365942001,0.0288851261138916,0.03362855262248325,OPTIMAL,10.041666666666666,,,0.0,562.0,7.416666666666667,178,50.25,1206,,10.041666666666666,10.041666666666666,,10.041666666666666,10.041666666666666,False,,,False,
10421285887160821948,10,24,4,"[6, 6, 6, 6]","[[1, 1, 2, 2, 7, 7], [2, 2, 4, 7, 7, 9], [0, 0, 3, 3, 4, 4], [1, 2, 5, 6, 6, 8]]",1.0,1,2,4,5,PP,"[[4, 2], [5, 1], [5, 1], [5, 1]]",8,24,216,0.8888888888888888,0.001843,20,0.004772732965648174,0.020698070526123047,0.02553466978127289,OPTIMAL,10.041666666666666,,,0.0,298.0,6.0,144,53.041666666666664,1273,,10.041666666666666,10.041666666666666,,10.041666666666666,10.041666666666666,False,,,False,
9280127715199910096,11,24,4,"[6, 6, 6, 6]","[[0, 2, 2, 2, 2, 3], [2, 2, 2, 3, 3, 4], [4, 5, 7, 9, 9, 9], [3, 3, 5, 6, 7, 7]]",1.0,1,2,,1,NP,"[[1, 1, 1, 1, 1, 1], [1, 1, 1, 1, 1, 1], [1, 1, 1, 1, 1, 1], [1, 1, 1, 1, 1, 1]]",24,216,216,0.0,0.00333,20,0.009053112007677555,30.00361204147339,30.01273882068719,TIME_LIMIT,9.75,,,0.2864935055809518,256519.0,0.0,0,0.0,0,,,,,,,False,,,False,
9280127715199910096,11,24,4,"[6, 6, 6, 6]","[[0, 2, 2, 2, 2, 3], [2, 2, 2, 3, 3, 4], [4, 5, 7, 9, 9, 9], [3, 3, 5, 6, 7, 7]]",1.0,1,2,2,,CHP,"[[6], [6], [6], [6]]",4,6,216,0.9722222222222222,0.001748,20,0.0047389911487698555,0.006767988204956055,0.011576309707675456,OPTIMAL,9.75,,,0.0,1.0,3.3333333333333335,80,20.125,483,,,,,9.75,,False,,,False,
9280127715199910096,11,24,4,"[6, 6, 6, 6]","[[0, 2, 2, 2, 2, 3], [2, 2, 2, 3, 3, 4], [4, 5, 7, 9, 9, 9], [3, 3, 5, 6, 7, 7]]",1.0,1,2,2,2,PP,"[[2, 2, 2], [2, 2, 2], [2, 2, 2], [2, 2, 2]]",12,54,216,0.75,0.002003,20,0.005559131503105164,0.2770669460296631,0.2826950277247219,OPTIMAL,9.75,,,0.0,12861.0,1.6666666666666667,40,10.5,252,,9.75,9.75,,9.75,9.75,False,,,False,
9280127715199910096,11,24,4,"[6, 6, 6, 6]","[[0, 2, 2, 2, 2, 3], [2, 2, 2, 3, 3, 4], [4, 5, 7, 9, 9, 9], [3, 3, 5, 6, 7, 7]]",1.0,1,2,2,3,PP,"[[3, 3], [3, 3], [3, 3], [3, 3]]",8,24,216,0.8888888888888888,0.001993,20,0.005499372258782387,0.03531980514526367,0.04088613015362549,OPTIMAL,9.75,,,0.0,579.0,2.5416666666666665,61,14.0,336,,9.75,9.75,,9.75,9.75,False,,,False,
9280127715199910096,11,24,4,"[6, 6, 6, 6]","[[0, 2, 2, 2, 2, 3], [2, 2, 2, 3, 3, 4], [4, 5, 7, 9, 9, 9], [3, 3, 5, 6, 7, 7]]",1.0,1,2,2,4,PP,"[[4, 2], [4, 2], [4, 2], [4, 2]]",8,24,216,0.8888888888888888,0.002008,20,0.005086105316877365,0.026149988174438477,0.031329080530984876,OPTIMAL,9.75,,,0.0,331.0,3.3333333333333335,80,15.75,378,,9.75,9.75,,9.75,9.75,False,,,False,
9280127715199910096,11,24,4,"[6, 6, 6, 6]","[[0, 2, 2, 2, 2, 3], [2, 2, 2, 3, 3, 4], [4, 5, 7, 9, 9, 9], [3, 3, 5, 6, 7, 7]]",1.0,1,2,2,5,PP,"[[5, 1], [5, 1], [5, 1], [5, 1]]",8,24,216,0.8888888888888888,0.004712,20,0.005068469792604446,0.02364206314086914,0.028782853364455224,OPTIMAL,9.75,,,0.0,236.0,3.3333333333333335,80,16.625,399,,9.75,9.75,,9.75,9.75,False,,,False,
9280127715199910096,11,24,4,"[6, 6, 6, 6]","[[0, 2, 2, 2, 2, 3], [2, 2, 2, 3, 3, 4], [4, 5, 7, 9, 9, 9], [3, 3, 5, 6, 7, 7]]",1.0,1,2,3,,CHP,"[[6], [6], [6], [6]]",4,6,216,0.9722222222222222,0.001703,20,0.004644198343157768,0.002847909927368164,0.007555689273705959,OPTIMAL,9.75,,,0.0,1.0,3.3333333333333335,80,42.166666666666664,1012,,,,,9.75,,False,,,False,
9280127715199910096,11,24,4,"[6, 6, 6, 6]","[[0, 2, 2, 2, 2, 3], [2, 2, 2, 3, 3, 4], [4, 5, 7, 9, 9, 9], [3, 3, 5, 6, 7, 7]]",1.0,1,2,3,2,PP,"[[2, 2, 2], [2, 2, 2], [2, 2, 2], [2, 2, 2]]",12,54,216,0.75,0.001853,20,0.005587153136730194,0.26566600799560547,0.2713340992514043,OPTIMAL,9.75,,,0.0,12861.0,1.6666666666666667,40,22.0,528,,9.75,9.75,,9.75,9.75,False,,,False,
9280127715199910096,11,24,4,"[6, 6, 6, 6]","[[0, 2, 2, 2, 2, 3], [2, 2, 2, 3, 3, 4], [4, 5, 7, 9, 9, 9], [3, 3, 5, 6, 7, 7]]",1.0,1,2,3,3,PP,"[[3, 3], [3, 3], [3, 3], [3, 3]]",8,24,216,0.8888888888888888,0.001843,20,0.004940996877849102,0.031188011169433594,0.03619833561236191,OPTIMAL,9.75,,,0.0,579.0,2.5416666666666665,61,29.333333333333332,704,,9.75,9.75,,9.75,9.75,False,,,False,
9280127715199910096,11,24,4,"[6, 6, 6, 6]","[[0, 2, 2, 2, 2, 3], [2, 2, 2, 3, 3, 4], [4, 5, 7, 9, 9, 9], [3, 3, 5, 6, 7, 7]]",1.0,1,2,3,4,PP,"[[4, 2], [4, 2], [4, 2], [4, 2]]",8,24,216,0.8888888888888888,0.001913,20,0.005025194026529789,0.02953505516052246,0.034634902205420016,OPTIMAL,9.75,,,0.0,331.0,3.3333333333333335,80,33.0,792,,9.75,9.75,,9.75,9.75,False,,,False,
9280127715199910096,11,24,4,"[6, 6, 6, 6]","[[0, 2, 2, 2, 2, 3], [2, 2, 2, 3, 3, 4], [4, 5, 7, 9, 9, 9], [3, 3, 5, 6, 7, 7]]",1.0,1,2,3,5,PP,"[[5, 1], [5, 1], [5, 1], [5, 1]]",8,24,216,0.8888888888888888,0.003019,20,0.005068070255219936,0.020889997482299805,0.026030353854006767,OPTIMAL,9.75,,,0.0,236.0,3.3333333333333335,80,34.833333333333336,836,,9.75,9.75,,9.75,9.75,False,,,False,
9280127715199910096,11,24,4,"[6, 6, 6, 6]","[[0, 2, 2, 2, 2, 3], [2, 2, 2, 3, 3, 4], [4, 5, 7, 9, 9, 9], [3, 3, 5, 6, 7, 7]]",1.0,1,2,4,,CHP,"[[6], [6], [6], [6]]",4,6,216,0.9722222222222222,0.001743,20,0.004609717056155205,0.0031731128692626953,0.007843523781745911,OPTIMAL,9.75,,,0.0,1.0,3.3333333333333335,80,64.20833333333333,1541,,,,,9.75,,False,,,False,
9280127715199910096,11,24,4,"[6, 6, 6, 6]","[[0, 2, 2, 2, 2, 3], [2, 2, 2, 3, 3, 4], [4, 5, 7, 9, 9, 9], [3, 3, 5, 6, 7, 7]]",1.0,1,2,4,2,PP,"[[2, 2, 2], [2, 2, 2], [2, 2, 2], [2, 2, 2]]",12,54,216,0.75,0.004782,20,0.005305077880620956,0.27031779289245605,0.27569767891746233,OPTIMAL,9.75,,,0.0,12861.0,1.6666666666666667,40,33.5,804,,9.75,9.75,,9.75,9.75,False,,,False,
9280127715199910096,11,24,4,"[6, 6, 6, 6]","[[0, 2, 2, 2, 2, 3], [2, 2, 2, 3, 3, 4], [4, 5, 7, 9, 9, 9], [3, 3, 5, 6, 7, 7]]",1.0,1,2,4,3,PP,"[[3, 3], [3, 3], [3, 3], [3, 3]]",8,24,216,0.8888888888888888,0.001843,20,0.004911922849714756,0.028306961059570312,0.03328089593554068,OPTIMAL,9.75,,,0.0,579.0,2.5416666666666665,61,44.666666666666664,1072,,9.75,9.75,,9.75,9.75,False,,,False,
9280127715199910096,11,24,4,"[6, 6, 6, 6]","[[0, 2, 2, 2, 2, 3], [2, 2, 2, 3, 3, 4], [4, 5, 7, 9, 9, 9], [3, 3, 5, 6, 7, 7]]",1.0,1,2,4,4,PP,"[[4, 2], [4, 2], [4, 2], [4, 2]]",8,24,216,0.8888888888888888,0.001938,20,0.004822498187422752,0.0233919620513916,0.028273804030991077,OPTIMAL,9.75,,,0.0,331.0,3.3333333333333335,80,50.25,1206,,9.75,9.75,,9.75,9.75,False,,,False,
9280127715199910096,11,24,4,"[6, 6, 6, 6]","[[0, 2, 2, 2, 2, 3], [2, 2, 2, 3, 3, 4], [4, 5, 7, 9, 9, 9], [3, 3, 5, 6, 7, 7]]",1.0,1,2,4,5,PP,"[[5, 1], [5, 1], [5, 1], [5, 1]]",8,24,216,0.8888888888888888,0.004662,20,0.004988489672541618,0.020693063735961914,0.025742759727298736,OPTIMAL,9.75,,,0.0,236.0,3.3333333333333335,80,53.041666666666664,1273,,9.75,9.75,,9.75,9.75,False,,,False,
5972678320320605276,12,24,4,"[6, 6, 6, 6]","[[1, 3, 3, 5, 5, 7], [2, 4, 4, 4, 4, 5], [1, 1, 2, 3, 4, 5], [3, 4, 4, 5, 5, 7]]",1.0,1,2,,1,NP,"[[1, 1, 1, 1, 1, 1], [1, 1, 1, 1, 1, 1], [1, 1, 1, 1, 1, 1], [1, 1, 1, 1, 1, 1]]",24,216,216,0.0,0.001327,20,0.008714639581739902,30.006664037704468,30.015444107219018,TIME_LIMIT,10.208333333333334,,,0.3215931781885207,211324.0,0.0,0,0.0,0,,,,,,,False,,,False,
5972678320320605276,12,24,4,"[6, 6, 6, 6]","[[1, 3, 3, 5, 5, 7], [2, 4, 4, 4, 4, 5], [1, 1, 2, 3, 4, 5], [3, 4, 4, 5, 5, 7]]",1.0,1,2,2,,CHP,"[[6], [6], [6], [6]]",4,6,216,0.9722222222222222,0.0017175,20,0.004547411575913429,0.0058629512786865234,0.010480222433416843,OPTIMAL,10.208333333333334,,,0.0,1.0,3.9583333333333335,95,20.125,483,,,,,10.208333333333334,,False,,,False,
5972678320320605276,12,24,4,"[6, 6, 6, 6]","[[1, 3, 3, 5, 5, 7], [2, 4, 4, 4, 4, 5], [1, 1, 2, 3, 4, 5], [3, 4, 4, 5, 5, 7]]",1.0,1,2,2,2,PP,"[[2, 2, 2], [2, 2, 2], [2, 2, 2], [2, 2, 2]]",12,54,216,0.75,0.0049075,20,0.0058054327964782715,0.2810509204864502,0.28692761285975693,OPTIMAL,10.208333333333334,,,0.0,14509.0,3.9583333333333335,95,10.5,252,,10.208333333333334,10.208333333333334,,10.208333333333334,10.208333333333334,False,,,False,
5972678320320605276,12,24,4,"[6, 6, 6, 6]","[[1, 3, 3, 5, 5, 7], [2, 4, 4, 4, 4, 5], [1, 1, 2, 3, 4, 5], [3, 4, 4, 5, 5, 7]]",1.0,1,2,2,3,PP,"[[3, 3], [3, 3], [3, 3], [3, 3]]",8,24,216,0.8888888888888888,0.001843,20,0.004760103300213814,0.045063018798828125,0.049888485023921014,OPTIMAL,10.208333333333334,,,0.0,816.0,3.1666666666666665,76,14.0,336,,10.208333333333334,10.208333333333334,,10.208333333333334,10.208333333333334,False,,,False,
5972678320320605276,12,24,4,"[6, 6, 6, 6]","[[1, 3, 3, 5, 5, 7], [2, 4, 4, 4, 4, 5], [1, 1, 2, 3, 4, 5], [3, 4, 4, 5, 5, 7]]",1.0,1,2,2,4,PP,"[[4, 2], [4, 2], [4, 2], [4, 2]]",8,24,216,0.8888888888888888,0.0018075,20,0.004758341237902641,0.03183698654174805,0.036660758581335544,OPTIMAL,10.208333333333334,,,0.0,450.0,3.9583333333333335,95,15.75,378,,10.208333333333334,10.208333333333334,,10.208333333333334,10.208333333333334,False,,,False,
5972678320320605276,12,24,4,"[6, 6, 6, 6]","[[1, 3, 3, 5, 5, 7], [2, 4, 4, 4, 4, 5], [1, 1, 2, 3, 4, 5], [3, 4, 4, 5, 5, 7]]",1.0,1,2,2,5,PP,"[[5, 1], [5, 1], [5, 1], [5, 1]]",8,24,216,0.8888888888888888,0.0044965,20,0.004744751378893852,0.02535414695739746,0.030164356418057918,OPTIMAL,10.208333333333334,,,0.0,263.0,2.5416666666666665,61,16.625,399,,10.208333333333334,10.208333333333334,,10.208333333333334,10.208333333333334,False,,,False,
5972678320320605276,12,24,4,"[6, 6, 6, 6]","[[1, 3, 3, 5, 5, 7], [2, 4, 4, 4, 4, 5], [1, 1, 2, 3, 4, 5], [3, 4, 4, 5, 5, 7]]",1.0,1,2,3,,CHP,"[[6], [6], [6], [6]]",4,6,216,0.9722222222222222,0.004082,20,0.004682116210460663,0.0030260086059570312,0.007768867550534725,OPTIMAL,10.208333333333334,,,0.0,1.0,3.9583333333333335,95,42.166666666666664,1012,,,,,10.208333333333334,,False,,,False,
5972678320320605276,12,24,4,"[6, 6, 6, 6]","[[1, 3, 3, 5, 5, 7], [2, 4, 4, 4, 4, 5], [1, 1, 2, 3, 4, 5], [3, 4, 4, 5, 5, 7]]",1.0,1,2,3,2,PP,"[[2, 2, 2], [2, 2, 2], [2, 2, 2], [2, 2, 2]]",12,54,216,0.75,0.001848,20,0.005185566842556,0.2584798336029053,0.2637290277284484,OPTIMAL,10.208333333333334,,,0.0,14509.0,3.9583333333333335,95,22.0,528,,10.208333333333334,10.208333333333334,,10.208333333333334,10.208333333333334,False,,,False,
5972678320320605276,12,24,4,"[6, 6, 6, 6]","[[1, 3, 3, 5, 5, 7], [2, 4, 4, 4, 4, 5], [1, 1, 2, 3, 4, 5], [3, 4, 4, 5, 5, 7]]",1.0,1,2,3,3,PP,"[[3, 3], [3, 3], [3, 3], [3, 3]]",8,24,216,0.8888888888888888,0.001807,20,0.004834615625441074,0.044439077377319336,0.04933846672203016,OPTIMAL,10.208333333333334,,,0.0,816.0,3.1666666666666665,76,29.333333333333332,704,,10.208333333333334,10.208333333333334,,10.208333333333334,10.208333333333334,False,,,False,
5972678320320605276,12,24,4,"[6, 6, 6, 6]","[[1, 3, 3, 5, 5, 7], [2, 4, 4, 4, 4, 5], [1, 1, 2, 3, 4, 5], [3, 4, 4, 5, 5, 7]]",1.0,1,2,3,4,PP,"[[4, 2], [4, 2], [4, 2], [4, 2]]",8,24,216,0.8888888888888888,0.0018275,20,0.004723157733678818,0.029632091522216797,0.034418079315855506,OPTIMAL,10.208333333333334,,,0.0,450.0,3.9583333333333335,95,33.0,792,,10.208333333333334,10.208333333333334,,10.208333333333334,10.208333333333334,False,,,False,
5972678320320605276,12,24,4,"[6, 6, 6, 6]","[[1, 3, 3, 5, 5, 7], [2, 4, 4, 4, 4, 5], [1, 1, 2, 3, 4, 5], [3, 4, 4, 5, 5, 7]]",1.0,1,2,3,5,PP,"[[5, 1], [5, 1], [5, 1], [5, 1]]",8,24,216,0.8888888888888888,0.004582,20,0.004957621917128563,0.025751113891601562,0.03077196877918911,OPTIMAL,10.208333333333334,,,0.0,263.0,2.5416666666666665,61,34.833333333333336,836,,10.208333333333334,10.208333333333334,,10.208333333333334,10.208333333333334,False,,,False,
5972678320320605276,12,24,4,"[6, 6, 6, 6]","[[1, 3, 3, 5, 5, 7], [2, 4, 4, 4, 4, 5], [1, 1, 2, 3, 4, 5], [3, 4, 4, 5, 5, 7]]",1.0,1,2,4,,CHP,"[[6], [6], [6], [6]]",4,6,216,0.9722222222222222,0.001773,20,0.004285616800189018,0.002913951873779297,0.007254243590174198,OPTIMAL,10.208333333333334,,,0.0,1.0,3.9583333333333335,95,64.20833333333333,1541,,,,,10.208333333333334,,False,,,False,
5972678320320605276,12,24,4,"[6, 6, 6, 6]","[[1, 3, 3, 5, 5, 7], [2, 4, 4, 4, 4, 5], [1, 1, 2, 3, 4, 5], [3, 4, 4, 5, 5, 7]]",1.0,1,2,4,2,PP,"[[2, 2, 2], [2, 2, 2], [2, 2, 2], [2, 2, 2]]",12,54,216,0.75,0.001853,20,0.005073176696896553,0.2622511386871338,0.2673880827087908,OPTIMAL,10.208333333333334,,,0.0,14509.0,3.9583333333333335,95,33.5,804,,10.208333333333334,10.208333333333334,,10.208333333333334,10.208333333333334,False,,,False,
5972678320320605276,12,24,4,"[6, 6, 6, 6]","[[1, 3, 3, 5, 5, 7], [2, 4, 4, 4, 4, 5], [1, 1, 2, 3, 4, 5], [3, 4, 4, 5, 5, 7]]",1.0,1,2,4,3,PP,"[[3, 3], [3, 3], [3, 3], [3, 3]]",8,24,216,0.8888888888888888,0.001853,20,0.004871983081102371,0.044142961502075195,0.049082507047429565,OPTIMAL,10.208333333333334,,,0.0,816.0,3.1666666666666665,76,44.666666666666664,1072,,10.208333333333334,10.208333333333334,,10.208333333333334,10.208333333333334,False,,,False,
5972678320320605276,12,24,4,"[6, 6, 6, 6]","[[1, 3, 3, 5, 5, 7], [2, 4, 4, 4, 4, 5], [1, 1, 2, 3, 4, 5], [3, 4, 4, 5, 5, 7]]",1.0,1,2,4,4,PP,"[[4, 2], [4, 2], [4, 2], [4, 2]]",8,24,216,0.8888888888888888,0.001838,20,0.005349685437977314,0.03035116195678711,0.03576466491210508,OPTIMAL,10.208333333333334,,,0.0,450.0,3.9583333333333335,95,50.25,1206,,10.208333333333334,10.208333333333334,,10.208333333333334,10.208333333333334,False,,,False,
5972678320320605276,12,24,4,"[6, 6, 6, 6]","[[1, 3, 3, 5, 5, 7], [2, 4, 4, 4, 4, 5], [1, 1, 2, 3, 4, 5], [3, 4, 4, 5, 5, 7]]",1.0,1,2,4,5,PP,"[[5, 1], [5, 1], [5, 1], [5, 1]]",8,24,216,0.8888888888888888,0.001818,20,0.004817219451069832,0.02631521224975586,0.03119702177367735,OPTIMAL,10.208333333333334,,,0.0,263.0,2.5416666666666665,61,53.041666666666664,1273,,10.208333333333334,10.208333333333334,,10.208333333333334,10.208333333333334,False,,,False,
9723692032052076055,13,24,4,"[6, 6, 6, 6]","[[4, 4, 7, 8, 8, 9], [1, 1, 2, 3, 3, 5], [1, 2, 3, 5, 6, 6], [1, 3, 4, 5, 6, 7]]",1.0,1,2,,1,NP,"[[1, 1, 1, 1, 1, 1], [1, 1, 1, 1, 1, 1], [1, 1, 1, 1, 1, 1], [1, 1, 1, 1, 1, 1]]",24,216,216,0.0,0.001302,20,0.00888002011924982,30.011142015457153,30.02008953691633,TIME_LIMIT,9.916666666666666,,,0.3442464663377958,318910.0,0.0,0,0.0,0,,,,,,,False,,,False,
9723692032052076055,13,24,4,"[6, 6, 6, 6]","[[4, 4, 7, 8, 8, 9], [1, 1, 2, 3, 3, 5], [1, 2, 3, 5, 6, 6], [1, 3, 4, 5, 6, 7]]",1.0,1,2,2,,CHP,"[[2, 4], [6], [6], [6]]",5,9,216,0.9583333333333334,0.0042515,20,0.004470104351639748,0.004731178283691406,0.009267209110189915,OPTIMAL,9.666666666666666,,,0.0,1.0,2.375,57,20.125,483,,,,,9.666666666666666,,False,,,False,
9723692032052076055,13,24,4,"[6, 6, 6, 6]","[[4, 4, 7, 8, 8, 9], [1, 1, 2, 3, 3, 5], [1, 2, 3, 5, 6, 6], [1, 3, 4, 5, 6, 7]]",1.0,1,2,2,2,PP,"[[2, 2, 2], [2, 2, 2], [2, 2, 2], [2, 2, 2]]",12,54,216,0.75,0.0018675,20,0.004894237034022808,0.3275868892669678,0.3325423404694128,OPTIMAL,9.666666666666666,,,0.0,14508.0,2.375,57,10.5,252,,9.666666666666666,9.666666666666666,,9.666666666666666,9.666666666666666,False,,,False,
9723692032052076055,13,24,4,"[6, 6, 6, 6]","[[4, 4, 7, 8, 8, 9], [1, 1, 2, 3, 3, 5], [1, 2, 3, 5, 6, 6], [1, 3, 4, 5, 6, 7]]",1.0,1,2,2,3,PP,"[[2, 3, 1], [3, 3], [3, 3], [3, 3]]",9,30,216,0.8611111111111112,0.004597,20,0.004861988127231598,0.06180000305175781,0.06672397720735979,OPTIMAL,9.666666666666666,,,0.0,1706.0,1.5833333333333333,38,14.0,336,,9.666666666666666,9.666666666666666,,9.666666666666666,9.666666666666666,False,,,False,
9723692032052076055,13,24,4,"[6, 6, 6, 6]","[[4, 4, 7, 8, 8, 9], [1, 1, 2, 3, 3, 5], [1, 2, 3, 5, 6, 6], [1, 3, 4, 5, 6, 7]]",1.0,1,2,2,4,PP,"[[2, 4], [4, 2], [4, 2], [4, 2]]",8,24,216,0.8888888888888888,0.004552,20,0.0047951070591807365,0.03401994705200195,0.03887191011829567,OPTIMAL,9.666666666666666,,,0.0,555.0,2.375,57,15.75,378,,9.666666666666666,9.666666666666666,,9.666666666666666,9.666666666666666,False,,,False,
9723692032052076055,13,24,4,"[6, 6, 6, 6]","[[4, 4, 7, 8, 8, 9], [1, 1, 2, 3, 3, 5], [1, 2, 3, 5, 6, 6], [1, 3, 4, 5, 6, 7]]",1.0,1,2,2,5,PP,"[[2, 4], [5, 1], [5, 1], [5, 1]]",8,24,216,0.8888888888888888,0.0017625,20,0.004521832801401615,0.021893024444580078,0.026468378929388522,OPTIMAL,9.666666666666666,,,0.0,294.0,1.6666666666666667,40,16.625,399,,9.666666666666666,9.666666666666666,,9.666666666666666,9.666666666666666,False,,,False,
9723692032052076055,13,24,4,"[6, 6, 6, 6]","[[4, 4, 7, 8, 8, 9], [1, 1, 2, 3, 3, 5], [1, 2, 3, 5, 6, 6], [1, 3, 4, 5, 6, 7]]",1.0,1,2,3,,CHP,"[[6], [6], [6], [6]]",4,6,216,0.9722222222222222,0.0042115,20,0.004462594166398048,0.0025510787963867188,0.007067346073400021,OPTIMAL,9.666666666666666,,,0.0,1.0,4.125,99,42.166666666666664,1012,,,,,9.666666666666666,,False,,,False,
9723692032052076055,13,24,4,"[6, 6, 6, 6]","[[4, 4, 7, 8, 8, 9], [1, 1, 2, 3, 3, 5], [1, 2, 3, 5, 6, 6], [1, 3, 4, 5, 6, 7]]",1.0,1,2,3,2,PP,"[[2, 2, 2], [2, 2, 2], [2, 2, 2], [2, 2, 2]]",12,54,216,0.75,0.004592,20,0.005005374550819397,0.3205540180206299,0.32562136056130364,OPTIMAL,9.666666666666666,,,0.0,14508.0,2.375,57,22.0,528,,9.666666666666666,9.666666666666666,,9.666666666666666,9.666666666666666,False,,,False,
9723692032052076055,13,24,4,"[6, 6, 6, 6]","[[4, 4, 7, 8, 8, 9], [1, 1, 2, 3, 3, 5], [1, 2, 3, 5, 6, 6], [1, 3, 4, 5, 6, 7]]",1.0,1,2,3,3,PP,"[[3, 3], [3, 3], [3, 3], [3, 3]]",8,24,216,0.8888888888888888,0.001788,20,0.004719553515315056,0.05108904838562012,0.05586707578076172,OPTIMAL,9.666666666666666,,,0.0,1156.0,3.3333333333333335,80,29.333333333333332,704,,9.666666666666666,9.666666666666666,,9.666666666666666,9.666666666666666,False,,,False,
9723692032052076055,13,24,4,"[6, 6, 6, 6]","[[4, 4, 7, 8, 8, 9], [1, 1, 2, 3, 3, 5], [1, 2, 3, 5, 6, 6], [1, 3, 4, 5, 6, 7]]",1.0,1,2,3,4,PP,"[[4, 2], [4, 2], [4, 2], [4, 2]]",8,24,216,0.8888888888888888,0.001818,20,0.00465075857937336,0.02864217758178711,0.03335002629331875,OPTIMAL,9.666666666666666,,,0.0,432.0,4.125,99,33.0,792,,9.666666666666666,9.666666666666666,,9.666666666666666,9.666666666666666,False,,,False,
9723692032052076055,13,24,4,"[6, 6, 6, 6]","[[4, 4, 7, 8, 8, 9], [1, 1, 2, 3, 3, 5], [1, 2, 3, 5, 6, 6], [1, 3, 4, 5, 6, 7]]",1.0,1,2,3,5,PP,"[[5, 1], [5, 1], [5, 1], [5, 1]]",8,24,216,0.8888888888888888,0.001838,20,0.0044166045263409615,0.019181013107299805,0.023650817142308236,OPTIMAL,9.666666666666666,,,0.0,232.0,3.4166666666666665,82,34.833333333333336,836,,9.666666666666666,9.666666666666666,,9.666666666666666,9.666666666666666,False,,,False,
9723692032052076055,13,24,4,"[6, 6, 6, 6]","[[4, 4, 7, 8, 8, 9], [1, 1, 2, 3, 3, 5], [1, 2, 3, 5, 6, 6], [1, 3, 4, 5, 6, 7]]",1.0,1,2,4,,CHP,"[[6], [6], [6], [6]]",4,6,216,0.9722222222222222,0.0017475,20,0.004059365019202232,0.0031821727752685547,0.0072940684518194195,OPTIMAL,9.666666666666666,,,0.0,1.0,4.125,99,64.20833333333333,1541,,,,,9.666666666666666,,False,,,False,
9723692032052076055,13,24,4,"[6, 6, 6, 6]","[[4, 4, 7, 8, 8, 9], [1, 1, 2, 3, 3, 5], [1, 2, 3, 5, 6, 6], [1, 3, 4, 5, 6, 7]]",1.0,1,2,4,2,PP,"[[2, 2, 2], [2, 2, 2], [2, 2, 2], [2, 2, 2]]",12,54,216,0.75,0.001953,20,0.004870900884270668,0.321303129196167,0.32623350063132334,OPTIMAL,9.666666666666666,,,0.0,14508.0,2.375,57,33.5,804,,9.666666666666666,9.666666666666666,,9.666666666666666,9.666666666666666,False,,,False,
9723692032052076055,13,24,4,"[6, 6, 6, 6]","[[4, 4, 7, 8, 8, 9], [1, 1, 2, 3, 3, 5], [1, 2, 3, 5, 6, 6], [1, 3, 4, 5, 6, 7]]",1.0,1,2,4,3,PP,"[[3, 3], [3, 3], [3, 3], [3, 3]]",8,24,216,0.8888888888888888,0.004642,20,0.0048546865582466125,0.04836702346801758,0.05328424117485714,OPTIMAL,9.666666666666666,,,0.0,1156.0,3.3333333333333335,80,44.666666666666664,1072,,9.666666666666666,9.666666666666666,,9.666666666666666,9.666666666666666,False,,,False,
9723692032052076055,13,24,4,"[6, 6, 6, 6]","[[4, 4, 7, 8, 8, 9], [1, 1, 2, 3, 3, 5], [1, 2, 3, 5, 6, 6], [1, 3, 4, 5, 6, 7]]",1.0,1,2,4,4,PP,"[[4, 2], [4, 2], [4, 2], [4, 2]]",8,24,216,0.8888888888888888,0.0018625,20,0.004638620652258396,0.029738903045654297,0.0344318652936697,OPTIMAL,9.666666666666666,,,0.0,432.0,4.125,99,50.25,1206,,9.666666666666666,9.666666666666666,,9.666666666666666,9.666666666666666,False,,,False,
9723692032052076055,13,24,4,"[6, 6, 6, 6]","[[4, 4, 7, 8, 8, 9], [1, 1, 2, 3, 3, 5], [1, 2, 3, 5, 6, 6], [1, 3, 4, 5, 6, 7]]",1.0,1,2,4,5,PP,"[[5, 1], [5, 1], [5, 1], [5, 1]]",8,24,216,0.8888888888888888,0.001833,20,0.004412589594721794,0.019407987594604492,0.023874650866504192,OPTIMAL,9.666666666666666,,,0.0,232.0,3.4166666666666665,82,53.041666666666664,1273,,9.666666666666666,9.666666666666666,,9.666666666666666,9.666666666666666,False,,,False,
16078138601186955782,14,24,4,"[6, 6, 6, 6]","[[1, 2, 3, 3, 5, 5], [1, 2, 4, 4, 6, 7], [3, 4, 5, 6, 7, 9], [3, 3, 4, 4, 4, 4]]",1.0,1,2,,1,NP,"[[1, 1, 1, 1, 1, 1], [1, 1, 1, 1, 1, 1], [1, 1, 1, 1, 1, 1], [1, 1, 1, 1, 1, 1]]",24,216,216,0.0,0.001412,20,0.008281225338578224,30.010213136672974,30.01855603058213,TIME_LIMIT,9.875,,,0.33738835004658974,259770.0,0.0,0,0.0,0,,,,,,,False,,,False,
16078138601186955782,14,24,4,"[6, 6, 6, 6]","[[1, 2, 3, 3, 5, 5], [1, 2, 4, 4, 6, 7], [3, 4, 5, 6, 7, 9], [3, 3, 4, 4, 4, 4]]",1.0,1,2,2,,CHP,"[[6], [6], [6], [6]]",4,6,216,0.9722222222222222,0.001673,20,0.004372117109596729,0.003918886184692383,0.008354335436664105,OPTIMAL,9.875,,,0.0,1.0,3.0416666666666665,73,20.125,483,,,,,9.875,,False,,,False,
16078138601186955782,14,24,4,"[6, 6, 6, 6]","[[1, 2, 3, 3, 5, 5], [1, 2, 4, 4, 6, 7], [3, 4, 5, 6, 7, 9], [3, 3, 4, 4, 4, 4]]",1.0,1,2,2,2,PP,"[[2, 2, 2], [2, 2, 2], [2, 2, 2], [2, 2, 2]]",12,54,216,0.75,0.0018775,20,0.004959976300597191,0.36490797996520996,0.36992963771361353,OPTIMAL,9.875,,,0.0,17295.0,0.7083333333333334,17,10.5,252,,9.875,9.875,,9.875,9.875,False,,,False,
16078138601186955782,14,24,4,"[6, 6, 6, 6]","[[1, 2, 3, 3, 5, 5], [1, 2, 4, 4, 6, 7], [3, 4, 5, 6, 7, 9], [3, 3, 4, 4, 4, 4]]",1.0,1,2,2,3,PP,"[[3, 3], [3, 3], [3, 3], [3, 3]]",8,24,216,0.8888888888888888,0.001812,20,0.0047583309933543205,0.04428505897521973,0.049110216666185376,OPTIMAL,9.875,,,0.0,843.0,3.0416666666666665,73,14.0,336,,9.875,9.875,,9.875,9.875,False,,,False,
16078138601186955782,14,24,4,"[6, 6, 6, 6]","[[1, 2, 3, 3, 5, 5], [1, 2, 4, 4, 6, 7], [3, 4, 5, 6, 7, 9], [3, 3, 4, 4, 4, 4]]",1.0,1,2,2,4,PP,"[[4, 2], [4, 2], [4, 2], [4, 2]]",8,24,216,0.8888888888888888,0.004532,20,0.004856458865106106,0.03146004676818848,0.03637531697558832,OPTIMAL,9.875,,,0.0,427.0,1.5416666666666667,37,15.75,378,,9.875,9.875,,9.875,9.875,False,,,False,
16078138601186955782,14,24,4,"[6, 6, 6, 6]","[[1, 2, 3, 3, 5, 5], [1, 2, 4, 4, 6, 7], [3, 4, 5, 6, 7, 9], [3, 3, 4, 4, 4, 4]]",1.0,1,2,2,5,PP,"[[5, 1], [5, 1], [5, 1], [5, 1]]",8,24,216,0.8888888888888888,0.001803,20,0.004541132599115372,0.021366119384765625,0.025961774360862257,OPTIMAL,9.875,,,0.0,227.0,2.3333333333333335,56,16.625,399,,9.875,9.875,,9.875,9.875,False,,,False,
16078138601186955782,14,24,4,"[6, 6, 6, 6]","[[1, 2, 3, 3, 5, 5], [1, 2, 4, 4, 6, 7], [3, 4, 5, 6, 7, 9], [3, 3, 4, 4, 4, 4]]",1.0,1,2,3,,CHP,"[[6], [6], [6], [6]]",4,6,216,0.9722222222222222,0.004116,20,0.004561011679470539,0.0024650096893310547,0.007085117065671444,OPTIMAL,9.875,,,0.0,1.0,3.0416666666666665,73,42.166666666666664,1012,,,,,9.875,,False,,,False,
16078138601186955782,14,24,4,"[6, 6, 6, 6]","[[1, 2, 3, 3, 5, 5], [1, 2, 4, 4, 6, 7], [3, 4, 5, 6, 7, 9], [3, 3, 4, 4, 4, 4]]",1.0,1,2,3,2,PP,"[[2, 2, 2], [2, 2, 2], [2, 2, 2], [2, 2, 2]]",12,54,216,0.75,0.004547,20,0.005191255360841751,0.3077049255371094,0.3129613104314299,OPTIMAL,9.875,,,0.0,17295.0,0.7083333333333334,17,22.0,528,,9.875,9.875,,9.875,9.875,False,,,False,
16078138601186955782,14,24,4,"[6, 6, 6, 6]","[[1, 2, 3, 3, 5, 5], [1, 2, 4, 4, 6, 7], [3, 4, 5, 6, 7, 9], [3, 3, 4, 4, 4, 4]]",1.0,1,2,3,3,PP,"[[3, 3], [3, 3], [3, 3], [3, 3]]",8,24,216,0.8888888888888888,0.0017825,20,0.004659491591155529,0.04403400421142578,0.04874868033900976,OPTIMAL,9.875,,,0.0,843.0,3.0416666666666665,73,29.333333333333332,704,,9.875,9.875,,9.875,9.875,False,,,False,
16078138601186955782,14,24,4,"[6, 6, 6, 6]","[[1, 2, 3, 3, 5, 5], [1, 2, 4, 4, 6, 7], [3, 4, 5, 6, 7, 9], [3, 3, 4, 4, 4, 4]]",1.0,1,2,3,4,PP,"[[4, 2], [4, 2], [4, 2], [4, 2]]",8,24,216,0.8888888888888888,0.001853,20,0.0044266702607274055,0.03285813331604004,0.0373367347229271,OPTIMAL,9.875,,,0.0,427.0,1.5416666666666667,37,33.0,792,,9.875,9.875,,9.875,9.875,False,,,False,
16078138601186955782,14,24,4,"[6, 6, 6, 6]","[[1, 2, 3, 3, 5, 5], [1, 2, 4, 4, 6, 7], [3, 4, 5, 6, 7, 9], [3, 3, 4, 4, 4, 4]]",1.0,1,2,3,5,PP,"[[5, 1], [5, 1], [5, 1], [5, 1]]",8,24,216,0.8888888888888888,0.001798,20,0.004286358132958412,0.01895308494567871,0.023289781611226083,OPTIMAL,9.875,,,0.0,227.0,2.3333333333333335,56,34.833333333333336,836,,9.875,9.875,,9.875,9.875,False,,,False,
16078138601186955782,14,24,4,"[6, 6, 6, 6]","[[1, 2, 3, 3, 5, 5], [1, 2, 4, 4, 6, 7], [3, 4, 5, 6, 7, 9], [3, 3, 4, 4, 4, 4]]",1.0,1,2,4,,CHP,"[[6], [6], [6], [6]]",4,6,216,0.9722222222222222,0.001658,20,0.0038093356415629387,0.0029180049896240234,0.00677844906593132,OPTIMAL,9.875,,,0.0,1.0,3.0416666666666665,73,64.20833333333333,1541,,,,,9.875,,False,,,False,
16078138601186955782,14,24,4,"[6, 6, 6, 6]","[[1, 2, 3, 3, 5, 5], [1, 2, 4, 4, 6, 7], [3, 4, 5, 6, 7, 9], [3, 3, 4, 4, 4, 4]]",1.0,1,2,4,2,PP,"[[2, 2, 2], [2, 2, 2], [2, 2, 2], [2, 2, 2]]",12,54,216,0.75,0.001888,20,0.004754235036671162,0.3071739673614502,0.31199068969540644,OPTIMAL,9.875,,,0.0,17295.0,0.7083333333333334,17,33.5,804,,9.875,9.875,,9.875,9.875,False,,,False,
16078138601186955782,14,24,4,"[6, 6, 6, 6]","[[1, 2, 3, 3, 5, 5], [1, 2, 4, 4, 6, 7], [3, 4, 5, 6, 7, 9], [3, 3, 4, 4, 4, 4]]",1.0,1,2,4,3,PP,"[[3, 3], [3, 3], [3, 3], [3, 3]]",8,24,216,0.8888888888888888,0.001858,20,0.004536716267466545,0.04578399658203125,0.0503756553049283,OPTIMAL,9.875,,,0.0,843.0,3.0416666666666665,73,44.666666666666664,1072,,9.875,9.875,,9.875,9.875,False,,,False,
16078138601186955782,14,24,4,"[6, 6, 6, 6]","[[1, 2, 3, 3, 5, 5], [1, 2, 4, 4, 6, 7], [3, 4, 5, 6, 7, 9], [3, 3, 4, 4, 4, 4]]",1.0,1,2,4,4,PP,"[[4, 2], [4, 2], [4, 2], [4, 2]]",8,24,216,0.8888888888888888,0.004532,20,0.004621434025466442,0.031394004821777344,0.036074862999791624,OPTIMAL,9.875,,,0.0,427.0,1.5416666666666667,37,50.25,1206,,9.875,9.875,,9.875,9.875,False,,,False,
16078138601186955782,14,24,4,"[6, 6, 6, 6]","[[1, 2, 3, 3, 5, 5], [1, 2, 4, 4, 6, 7], [3, 4, 5, 6, 7, 9], [3, 3, 4, 4, 4, 4]]",1.0,1,2,4,5,PP,"[[5, 1], [5, 1], [5, 1], [5, 1]]",8,24,216,0.8888888888888888,0.001798,20,0.004299798049032688,0.019131898880004883,0.023483194026909352,OPTIMAL,9.875,,,0.0,227.0,2.3333333333333335,56,53.041666666666664,1273,,9.875,9.875,,9.875,9.875,False,,,False,
112236532932024962,15,24,4,"[6, 6, 6, 6]","[[1, 6, 6, 8, 10, 10], [3, 3, 5, 6, 6, 7], [3, 5, 8, 8, 9, 9], [4, 4, 5, 5, 5, 5]]",1.0,1,2,,1,NP,"[[1, 1, 1, 1, 1, 1], [1, 1, 1, 1, 1, 1], [1, 1, 1, 1, 1, 1], [1, 1, 1, 1, 1, 1]]",24,216,216,0.0,0.0035555,20,0.00817343220114708,30.01346206665039,30.02169831440696,TIME_LIMIT,8.958333333333334,,,0.2642043289376653,306106.0,0.0,0,0.0,0,,,,,,,False,,,False,
112236532932024962,15,24,4,"[6, 6, 6, 6]","[[1, 6, 6, 8, 10, 10], [3, 3, 5, 6, 6, 7], [3, 5, 8, 8, 9, 9], [4, 4, 5, 5, 5, 5]]",1.0,1,2,2,,CHP,"[[1, 5], [6], [2, 4], [6]]",6,13,216,0.9398148148148148,0.0041965,20,0.004656807519495487,0.008308887481689453,0.013033195359226703,OPTIMAL,8.958333333333334,,,0.0,1.0,3.25,78,20.125,483,,,,,8.958333333333334,,False,,,False,
112236532932024962,15,24,4,"[6, 6, 6, 6]","[[1, 6, 6, 8, 10, 10], [3, 3, 5, 6, 6, 7], [3, 5, 8, 8, 9, 9], [4, 4, 5, 5, 5, 5]]",1.0,1,2,2,2,PP,"[[1, 2, 2, 1], [2, 2, 2], [2, 2, 2], [2, 2, 2]]",13,63,216,0.7083333333333333,0.001858,20,0.005403666757047176,0.21915793418884277,0.22462626920296716,OPTIMAL,8.958333333333334,,,0.0,7581.0,1.625,39,10.5,252,,8.958333333333334,8.958333333333334,,8.958333333333334,8.958333333333334,False,,,False,
112236532932024962,15,24,4,"[6, 6, 6, 6]","[[1, 6, 6, 8, 10, 10], [3, 3, 5, 6, 6, 7], [3, 5, 8, 8, 9, 9], [4, 4, 5, 5, 5, 5]]",1.0,1,2,2,3,PP,"[[1, 3, 2], [3, 3], [2, 3, 1], [3, 3]]",10,37,216,0.8287037037037037,0.004622,20,0.005065815523266792,0.0613560676574707,0.06648993662997198,OPTIMAL,8.958333333333334,,,0.0,1089.0,2.5,60,14.0,336,,8.958333333333334,8.958333333333334,,8.958333333333334,8.958333333333334,False,,,False,
112236532932024962,15,24,4,"[6, 6, 6, 6]","[[1, 6, 6, 8, 10, 10], [3, 3, 5, 6, 6, 7], [3, 5, 8, 8, 9, 9], [4, 4, 5, 5, 5, 5]]",1.0,1,2,2,4,PP,"[[1, 4, 1], [4, 2], [2, 4], [4, 2]]",9,30,216,0.8611111111111112,0.004647,20,0.005048079416155815,0.026894092559814453,0.03200588811026526,OPTIMAL,8.958333333333334,,,0.0,293.0,3.25,78,15.75,378,,8.958333333333334,8.958333333333334,,8.958333333333334,8.958333333333334,False,,,False,
112236532932024962,15,24,4,"[6, 6, 6, 6]","[[1, 6, 6, 8, 10, 10], [3, 3, 5, 6, 6, 7], [3, 5, 8, 8, 9, 9], [4, 4, 5, 5, 5, 5]]",1.0,1,2,2,5,PP,"[[1, 5], [5, 1], [2, 4], [5, 1]]",8,24,216,0.8888888888888888,0.001752,20,0.005211936309933662,0.016510963439941406,0.021781505267765046,OPTIMAL,8.958333333333334,,,0.0,135.0,3.25,78,16.625,399,,8.958333333333334,8.958333333333334,,8.958333333333334,8.958333333333334,False,,,False,
112236532932024962,15,24,4,"[6, 6, 6, 6]","[[1, 6, 6, 8, 10, 10], [3, 3, 5, 6, 6, 7], [3, 5, 8, 8, 9, 9], [4, 4, 5, 5, 5, 5]]",1.0,1,2,3,,CHP,"[[1, 5], [6], [6], [6]]",5,9,216,0.9583333333333334,0.0041115,20,0.004468273371458054,0.003365039825439453,0.007889478178237916,OPTIMAL,8.958333333333334,,,0.0,1.0,5.0,120,42.166666666666664,1012,,,,,8.958333333333334,,False,,,False,
112236532932024962,15,24,4,"[6, 6, 6, 6]","[[1, 6, 6, 8, 10, 10], [3, 3, 5, 6, 6, 7], [3, 5, 8, 8, 9, 9], [4, 4, 5, 5, 5, 5]]",1.0,1,2,3,2,PP,"[[1, 2, 2, 1], [2, 2, 2], [2, 2, 2], [2, 2, 2]]",13,63,216,0.7083333333333333,0.001848,20,0.0052642058581113815,0.21887516975402832,0.22420047435433674,OPTIMAL,8.958333333333334,,,0.0,7581.0,1.625,39,22.0,528,,8.958333333333334,8.958333333333334,,8.958333333333334,8.958333333333334,False,,,False,
112236532932024962,15,24,4,"[6, 6, 6, 6]","[[1, 6, 6, 8, 10, 10], [3, 3, 5, 6, 6, 7], [3, 5, 8, 8, 9, 9], [4, 4, 5, 5, 5, 5]]",1.0,1,2,3,3,PP,"[[1, 3, 2], [3, 3], [3, 3], [3, 3]]",9,30,216,0.8611111111111112,0.001843,20,0.004935349337756634,0.03966689109802246,0.044672241347079755,OPTIMAL,8.958333333333334,,,0.0,857.0,4.25,102,29.333333333333332,704,,8.958333333333334,8.958333333333334,,8.958333333333334,8.958333333333334,False,,,False,
112236532932024962,15,24,4,"[6, 6, 6, 6]","[[1, 6, 6, 8, 10, 10], [3, 3, 5, 6, 6, 7], [3, 5, 8, 8, 9, 9], [4, 4, 5, 5, 5, 5]]",1.0,1,2,3,4,PP,"[[1, 4, 1], [4, 2], [4, 2], [4, 2]]",9,30,216,0.8611111111111112,0.0018275,20,0.004899684339761734,0.023666858673095703,0.028629611491396426,OPTIMAL,8.958333333333334,,,0.0,403.0,5.0,120,33.0,792,,8.958333333333334,8.958333333333334,,8.958333333333334,8.958333333333334,False,,,False,
112236532932024962,15,24,4,"[6, 6, 6, 6]","[[1, 6, 6, 8, 10, 10], [3, 3, 5, 6, 6, 7], [3, 5, 8, 8, 9, 9], [4, 4, 5, 5, 5, 5]]",1.0,1,2,3,5,PP,"[[1, 5], [5, 1], [5, 1], [5, 1]]",8,24,216,0.8888888888888888,0.001793,20,0.004720713943243027,0.01600813865661621,0.020788966882126808,OPTIMAL,8.958333333333334,,,0.0,138.0,5.0,120,34.833333333333336,836,,8.958333333333334,8.958333333333334,,8.958333333333334,8.958333333333334,False,,,False,
112236532932024962,15,24,4,"[6, 6, 6, 6]","[[1, 6, 6, 8, 10, 10], [3, 3, 5, 6, 6, 7], [3, 5, 8, 8, 9, 9], [4, 4, 5, 5, 5, 5]]",1.0,1,2,4,,CHP,"[[1, 5], [6], [6], [6]]",5,9,216,0.9583333333333334,0.004106,20,0.004440199583768845,0.002716064453125,0.00721392015361166,OPTIMAL,8.958333333333334,,,0.0,1.0,5.0,120,64.20833333333333,1541,,,,,8.958333333333334,,False,,,False,
112236532932024962,15,24,4,"[6, 6, 6, 6]","[[1, 6, 6, 8, 10, 10], [3, 3, 5, 6, 6, 7], [3, 5, 8, 8, 9, 9], [4, 4, 5, 5, 5, 5]]",1.0,1,2,4,2,PP,"[[1, 2, 2, 1], [2, 2, 2], [2, 2, 2], [2, 2, 2]]",13,63,216,0.7083333333333333,0.0018975,20,0.005956300534307957,0.22831296920776367,0.23433427831634043,OPTIMAL,8.958333333333334,,,0.0,7581.0,1.625,39,33.5,804,,8.958333333333334,8.958333333333334,,8.958333333333334,8.958333333333334,False,,,False,
112236532932024962,15,24,4,"[6, 6, 6, 6]","[[1, 6, 6, 8, 10, 10], [3, 3, 5, 6, 6, 7], [3, 5, 8, 8, 9, 9], [4, 4, 5, 5, 5, 5]]",1.0,1,2,4,3,PP,"[[1, 3, 2], [3, 3], [3, 3], [3, 3]]",9,30,216,0.8611111111111112,0.001863,20,0.004918862134218216,0.037539005279541016,0.04252299143096256,OPTIMAL,8.958333333333334,,,0.0,857.0,4.25,102,44.666666666666664,1072,,8.958333333333334,8.958333333333334,,8.958333333333334,8.958333333333334,False,,,False,
112236532932024962,15,24,4,"[6, 6, 6, 6]","[[1, 6, 6, 8, 10, 10], [3, 3, 5, 6, 6, 7], [3, 5, 8, 8, 9, 9], [4, 4, 5, 5, 5, 5]]",1.0,1,2,4,4,PP,"[[1, 4, 1], [4, 2], [4, 2], [4, 2]]",9,30,216,0.8611111111111112,0.001883,20,0.005394552834331989,0.023478031158447266,0.028931712597473146,OPTIMAL,8.958333333333334,,,0.0,403.0,5.0,120,50.25,1206,,8.958333333333334,8.958333333333334,,8.958333333333334,8.958333333333334,False,,,False,
112236532932024962,15,24,4,"[6, 6, 6, 6]","[[1, 6, 6, 8, 10, 10], [3, 3, 5, 6, 6, 7], [3, 5, 8, 8, 9, 9], [4, 4, 5, 5, 5, 5]]",1.0,1,2,4,5,PP,"[[1, 5], [5, 1], [5, 1], [5, 1]]",8,24,216,0.8888888888888888,0.0018425,20,0.004713794216513634,0.015538930892944336,0.020311965019731523,OPTIMAL,8.958333333333334,,,0.0,138.0,5.0,120,53.041666666666664,1273,,8.958333333333334,8.958333333333334,,8.958333333333334,8.958333333333334,False,,,False,
8843158599716100410,16,24,4,"[6, 6, 6, 6]","[[2, 3, 8, 10, 11, 12], [1, 1, 2, 6, 7, 7], [0, 0, 1, 2, 3, 4], [3, 3, 5, 6, 7, 10]]",1.0,1,2,,1,NP,"[[1, 1, 1, 1, 1, 1], [1, 1, 1, 1, 1, 1], [1, 1, 1, 1, 1, 1], [1, 1, 1, 1, 1, 1]]",24,216,216,0.0,0.003745,20,0.008548508398234844,30.003387928009033,30.012002145092126,TIME_LIMIT,8.25,,,0.30016143735817497,298375.0,0.0,0,0.0,0,,,,,,,False,,,False,
8843158599716100410,16,24,4,"[6, 6, 6, 6]","[[2, 3, 8, 10, 11, 12], [1, 1, 2, 6, 7, 7], [0, 0, 1, 2, 3, 4], [3, 3, 5, 6, 7, 10]]",1.0,1,2,2,,CHP,"[[2, 4], [3, 3], [6], [5, 1]]",7,18,216,0.9166666666666666,0.0041565,20,0.004611578769981861,0.03050398826599121,0.035184621818262575,OPTIMAL,8.25,,,0.0,143.0,1.625,39,20.125,483,,,,,8.25,,False,,,False,
8843158599716100410,16,24,4,"[6, 6, 6, 6]","[[2, 3, 8, 10, 11, 12], [1, 1, 2, 6, 7, 7], [0, 0, 1, 2, 3, 4], [3, 3, 5, 6, 7, 10]]",1.0,1,2,2,2,PP,"[[2, 2, 2], [2, 1, 2, 1], [2, 2, 2], [2, 2, 1, 1]]",14,73,216,0.662037037037037,0.0019075,20,0.005650809966027737,0.28186488151550293,0.2875812856131506,OPTIMAL,8.25,,,0.0,9526.0,0.7916666666666666,19,10.5,252,,8.25,8.25,,8.25,8.25,False,,,False,
8843158599716100410,16,24,4,"[6, 6, 6, 6]","[[2, 3, 8, 10, 11, 12], [1, 1, 2, 6, 7, 7], [0, 0, 1, 2, 3, 4], [3, 3, 5, 6, 7, 10]]",1.0,1,2,2,3,PP,"[[2, 3, 1], [3, 3], [3, 3], [3, 2, 1]]",10,37,216,0.8287037037037037,0.001853,20,0.005511830560863018,0.061823129653930664,0.06739819482304144,OPTIMAL,8.25,,,0.0,1155.0,1.625,39,14.0,336,,8.25,8.25,,8.25,8.25,False,,,False,
8843158599716100410,16,24,4,"[6, 6, 6, 6]","[[2, 3, 8, 10, 11, 12], [1, 1, 2, 6, 7, 7], [0, 0, 1, 2, 3, 4], [3, 3, 5, 6, 7, 10]]",1.0,1,2,2,4,PP,"[[2, 4], [3, 3], [4, 2], [4, 1, 1]]",9,30,216,0.8611111111111112,0.004517,20,0.004809768870472908,0.04996299743652344,0.054834247652272704,OPTIMAL,8.25,,,0.0,620.0,1.625,39,15.75,378,,8.25,8.25,,8.25,8.25,False,,,False,
8843158599716100410,16,24,4,"[6, 6, 6, 6]","[[2, 3, 8, 10, 11, 12], [1, 1, 2, 6, 7, 7], [0, 0, 1, 2, 3, 4], [3, 3, 5, 6, 7, 10]]",1.0,1,2,2,5,PP,"[[2, 4], [3, 3], [5, 1], [5, 1]]",8,24,216,0.8888888888888888,0.001808,20,0.004665209911763668,0.026412010192871094,0.031137051363678454,OPTIMAL,8.25,,,0.0,278.0,1.625,39,16.625,399,,8.25,8.25,,8.25,8.25,False,,,False,
8843158599716100410,16,24,4,"[6, 6, 6, 6]","[[2, 3, 8, 10, 11, 12], [1, 1, 2, 6, 7, 7], [0, 0, 1, 2, 3, 4], [3, 3, 5, 6, 7, 10]]",1.0,1,2,3,,CHP,"[[2, 4], [3, 3], [6], [6]]",6,13,216,0.9398148148148148,0.004096,20,0.004652331583201885,0.006732940673828125,0.011443213603003979,OPTIMAL,8.25,,,0.0,1.0,3.125,75,42.166666666666664,1012,,,,,8.25,,False,,,False,
8843158599716100410,16,24,4,"[6, 6, 6, 6]","[[2, 3, 8, 10, 11, 12], [1, 1, 2, 6, 7, 7], [0, 0, 1, 2, 3, 4], [3, 3, 5, 6, 7, 10]]",1.0,1,2,3,2,PP,"[[2, 2, 2], [2, 1, 2, 1], [2, 2, 2], [2, 2, 2]]",13,63,216,0.7083333333333333,0.004642,20,0.005255552940070629,0.28112101554870605,0.28644060279200506,OPTIMAL,8.25,,,0.0,13469.0,2.2916666666666665,55,22.0,528,,8.25,8.25,,8.25,8.25,False,,,False,
8843158599716100410,16,24,4,"[6, 6, 6, 6]","[[2, 3, 8, 10, 11, 12], [1, 1, 2, 6, 7, 7], [0, 0, 1, 2, 3, 4], [3, 3, 5, 6, 7, 10]]",1.0,1,2,3,3,PP,"[[2, 3, 1], [3, 3], [3, 3], [3, 3]]",9,30,216,0.8611111111111112,0.004617,20,0.0050049033015966415,0.044831037521362305,0.049905067743734835,OPTIMAL,8.25,,,0.0,836.0,3.125,75,29.333333333333332,704,,8.25,8.25,,8.25,8.25,False,,,False,
8843158599716100410,16,24,4,"[6, 6, 6, 6]","[[2, 3, 8, 10, 11, 12], [1, 1, 2, 6, 7, 7], [0, 0, 1, 2, 3, 4], [3, 3, 5, 6, 7, 10]]",1.0,1,2,3,4,PP,"[[2, 4], [3, 3], [4, 2], [4, 2]]",8,24,216,0.8888888888888888,0.004597,20,0.005082109943032265,0.031161069869995117,0.03630397281717968,OPTIMAL,8.25,,,0.0,409.0,3.125,75,33.0,792,,8.25,8.25,,8.25,8.25,False,,,False,
8843158599716100410,16,24,4,"[6, 6, 6, 6]","[[2, 3, 8, 10, 11, 12], [1, 1, 2, 6, 7, 7], [0, 0, 1, 2, 3, 4], [3, 3, 5, 6, 7, 10]]",1.0,1,2,3,5,PP,"[[2, 4], [3, 3], [5, 1], [5, 1]]",8,24,216,0.8888888888888888,0.0045065,20,0.005124605260789394,0.026424884796142578,0.03161152248972082,OPTIMAL,8.25,,,0.0,278.0,1.625,39,34.833333333333336,836,,8.25,8.25,,8.25,8.25,False,,,False,
8843158599716100410,16,24,4,"[6, 6, 6, 6]","[[2, 3, 8, 10, 11, 12], [1, 1, 2, 6, 7, 7], [0, 0, 1, 2, 3, 4], [3, 3, 5, 6, 7, 10]]",1.0,1,2,4,,CHP,"[[2, 4], [6], [6], [6]]",5,9,216,0.9583333333333334,0.0016975,20,0.004316011443734169,0.0038259029388427734,0.008195720311949253,OPTIMAL,8.25,,,0.0,1.0,5.666666666666667,136,64.20833333333333,1541,,,,,8.25,,False,,,False,
8843158599716100410,16,24,4,"[6, 6, 6, 6]","[[2, 3, 8, 10, 11, 12], [1, 1, 2, 6, 7, 7], [0, 0, 1, 2, 3, 4], [3, 3, 5, 6, 7, 10]]",1.0,1,2,4,2,PP,"[[2, 2, 2], [2, 2, 2], [2, 2, 2], [2, 2, 2]]",12,54,216,0.75,0.004762,20,0.0051814112812280655,0.389240026473999,0.394485131053781,OPTIMAL,8.25,,,0.0,14426.0,4.833333333333333,116,33.5,804,,8.25,8.25,,8.25,8.25,False,,,False,
8843158599716100410,16,24,4,"[6, 6, 6, 6]","[[2, 3, 8, 10, 11, 12], [1, 1, 2, 6, 7, 7], [0, 0, 1, 2, 3, 4], [3, 3, 5, 6, 7, 10]]",1.0,1,2,4,3,PP,"[[2, 3, 1], [3, 3], [3, 3], [3, 3]]",9,30,216,0.8611111111111112,0.004692,20,0.005279659293591976,0.042157888412475586,0.04750490653946829,OPTIMAL,8.25,,,0.0,836.0,3.125,75,44.666666666666664,1072,,8.25,8.25,,8.25,8.25,False,,,False,
8843158599716100410,16,24,4,"[6, 6, 6, 6]","[[2, 3, 8, 10, 11, 12], [1, 1, 2, 6, 7, 7], [0, 0, 1, 2, 3, 4], [3, 3, 5, 6, 7, 10]]",1.0,1,2,4,4,PP,"[[2, 4], [4, 2], [4, 2], [4, 2]]",8,24,216,0.8888888888888888,0.0018125,20,0.004736136645078659,0.026504039764404297,0.03129585567587614,OPTIMAL,8.25,,,0.0,380.0,5.666666666666667,136,50.25,1206,,8.25,8.25,,8.25,8.25,False,,,False,
8843158599716100410,16,24,4,"[6, 6, 6, 6]","[[2, 3, 8, 10, 11, 12], [1, 1, 2, 6, 7, 7], [0, 0, 1, 2, 3, 4], [3, 3, 5, 6, 7, 10]]",1.0,1,2,4,5,PP,"[[2, 4], [5, 1], [5, 1], [5, 1]]",8,24,216,0.8888888888888888,0.004512,20,0.00494918879121542,0.019845962524414062,0.02486730434290123,OPTIMAL,8.25,,,0.0,208.0,4.166666666666667,100,53.041666666666664,1273,,8.25,8.25,,8.25,8.25,False,,,False,
17546111913119890495,17,24,4,"[6, 6, 6, 6]","[[4, 6, 9, 10, 11, 11], [2, 3, 3, 3, 4, 5], [2, 2, 3, 5, 8, 9], [4, 5, 6, 6, 6, 6]]",1.0,1,2,,1,NP,"[[1, 1, 1, 1, 1, 1], [1, 1, 1, 1, 1, 1], [1, 1, 1, 1, 1, 1], [1, 1, 1, 1, 1, 1]]",24,216,216,0.0,0.001387,20,0.008787719532847404,30.00633406639099,30.015189722441054,TIME_LIMIT,9.791666666666666,,,0.3538143162303845,282818.0,0.0,0,0.0,0,,,,,,,False,,,False,
17546111913119890495,17,24,4,"[6, 6, 6, 6]","[[4, 6, 9, 10, 11, 11], [2, 3, 3, 3, 4, 5], [2, 2, 3, 5, 8, 9], [4, 5, 6, 6, 6, 6]]",1.0,1,2,2,,CHP,"[[2, 4], [6], [4, 2], [6]]",6,13,216,0.9398148148148148,0.004242,20,0.004556154832243919,0.009951114654541016,0.014571416017429352,OPTIMAL,9.458333333333334,,,0.0,1.0,1.6666666666666667,40,20.125,483,,,,,9.458333333333334,,False,,,False,
17546111913119890495,17,24,4,"[6, 6, 6, 6]","[[4, 6, 9, 10, 11, 11], [2, 3, 3, 3, 4, 5], [2, 2, 3, 5, 8, 9], [4, 5, 6, 6, 6, 6]]",1.0,1,2,2,2,PP,"[[2, 2, 2], [2, 2, 2], [2, 2, 2], [2, 2, 2]]",12,54,216,0.75,0.004692,20,0.005383115261793137,0.3852100372314453,0.39065461884870956,OPTIMAL,9.458333333333334,,,0.0,20520.0,1.6666666666666667,40,10.5,252,,9.458333333333334,9.458333333333334,,9.458333333333334,9.458333333333334,False,,,False,
17546111913119890495,17,24,4,"[6, 6, 6, 6]","[[4, 6, 9, 10, 11, 11], [2, 3, 3, 3, 4, 5], [2, 2, 3, 5, 8, 9], [4, 5, 6, 6, 6, 6]]",1.0,1,2,2,3,PP,"[[2, 3, 1], [3, 3], [3, 1, 2], [3, 3]]",10,37,216,0.8287037037037037,0.0047975,20,0.005483525805175304,0.07647895812988281,0.08202740110121727,OPTIMAL,9.458333333333334,,,0.0,2763.0,0.875,21,14.0,336,,9.458333333333334,9.458333333333334,,9.458333333333334,9.458333333333334,False,,,False,
17546111913119890495,17,24,4,"[6, 6, 6, 6]","[[4, 6, 9, 10, 11, 11], [2, 3, 3, 3, 4, 5], [2, 2, 3, 5, 8, 9], [4, 5, 6, 6, 6, 6]]",1.0,1,2,2,4,PP,"[[2, 4], [4, 2], [4, 2], [4, 2]]",8,24,216,0.8888888888888888,0.001798,20,0.0045632366091012955,0.03088998794555664,0.035505882080457685,OPTIMAL,9.458333333333334,,,0.0,703.0,1.6666666666666667,40,15.75,378,,9.458333333333334,9.458333333333334,,9.458333333333334,9.458333333333334,False,,,False,
17546111913119890495,17,24,4,"[6, 6, 6, 6]","[[4, 6, 9, 10, 11, 11], [2, 3, 3, 3, 4, 5], [2, 2, 3, 5, 8, 9], [4, 5, 6, 6, 6, 6]]",1.0,1,2,2,5,PP,"[[2, 4], [5, 1], [4, 2], [5, 1]]",8,24,216,0.8888888888888888,0.001773,20,0.004437225870788097,0.02788710594177246,0.03237770008319425,OPTIMAL,9.458333333333334,,,0.0,389.0,1.6666666666666667,40,16.625,399,,9.458333333333334,9.458333333333334,,9.458333333333334,9.458333333333334,False,,,False,
17546111913119890495,17,24,4,"[6, 6, 6, 6]","[[4, 6, 9, 10, 11, 11], [2, 3, 3, 3, 4, 5], [2, 2, 3, 5, 8, 9], [4, 5, 6, 6, 6, 6]]",1.0,1,2,3,,CHP,"[[6], [6], [6], [6]]",4,6,216,0.9722222222222222,0.001642,20,0.004486910067498684,0.0026030540466308594,0.007140809748391628,OPTIMAL,9.458333333333334,,,0.0,1.0,5.0,120,42.166666666666664,1012,,,,,9.458333333333334,,False,,,False,
17546111913119890495,17,24,4,"[6, 6, 6, 6]","[[4, 6, 9, 10, 11, 11], [2, 3, 3, 3, 4, 5], [2, 2, 3, 5, 8, 9], [4, 5, 6, 6, 6, 6]]",1.0,1,2,3,2,PP,"[[2, 2, 2], [2, 2, 2], [2, 2, 2], [2, 2, 2]]",12,54,216,0.75,0.001848,20,0.004681023769080639,0.40965795516967773,0.4143955579725008,OPTIMAL,9.458333333333334,,,0.0,20520.0,1.6666666666666667,40,22.0,528,,9.458333333333334,9.458333333333334,,9.458333333333334,9.458333333333334,False,,,False,
17546111913119890495,17,24,4,"[6, 6, 6, 6]","[[4, 6, 9, 10, 11, 11], [2, 3, 3, 3, 4, 5], [2, 2, 3, 5, 8, 9], [4, 5, 6, 6, 6, 6]]",1.0,1,2,3,3,PP,"[[3, 3], [3, 3], [3, 3], [3, 3]]",8,24,216,0.8888888888888888,0.001853,20,0.0047452412545681,0.03752779960632324,0.042327686812356,OPTIMAL,9.458333333333334,,,0.0,694.0,4.208333333333333,101,29.333333333333332,704,,9.458333333333334,9.458333333333334,,9.458333333333334,9.458333333333334,False,,,False,
17546111913119890495,17,24,4,"[6, 6, 6, 6]","[[4, 6, 9, 10, 11, 11], [2, 3, 3, 3, 4, 5], [2, 2, 3, 5, 8, 9], [4, 5, 6, 6, 6, 6]]",1.0,1,2,3,4,PP,"[[4, 2], [4, 2], [4, 2], [4, 2]]",8,24,216,0.8888888888888888,0.001823,20,0.004463545978069305,0.024678945541381836,0.02919787488071728,OPTIMAL,9.458333333333334,,,0.0,436.0,3.4166666666666665,82,33.0,792,,9.458333333333334,9.458333333333334,,9.458333333333334,9.458333333333334,False,,,False,
17546111913119890495,17,24,4,"[6, 6, 6, 6]","[[4, 6, 9, 10, 11, 11], [2, 3, 3, 3, 4, 5], [2, 2, 3, 5, 8, 9], [4, 5, 6, 6, 6, 6]]",1.0,1,2,3,5,PP,"[[5, 1], [5, 1], [5, 1], [5, 1]]",8,24,216,0.8888888888888888,0.001778,20,0.004321952350437641,0.01790308952331543,0.02228393229931879,OPTIMAL,9.458333333333334,,,0.0,160.0,5.0,120,34.833333333333336,836,,9.458333333333334,9.458333333333334,,9.458333333333334,9.458333333333334,False,,,False,
17546111913119890495,17,24,4,"[6, 6, 6, 6]","[[4, 6, 9, 10, 11, 11], [2, 3, 3, 3, 4, 5], [2, 2, 3, 5, 8, 9], [4, 5, 6, 6, 6, 6]]",1.0,1,2,4,,CHP,"[[6], [6], [6], [6]]",4,6,216,0.9722222222222222,0.0016575,20,0.0043467991054058075,0.0026350021362304688,0.00703467589530468,OPTIMAL,9.458333333333334,,,0.0,1.0,5.0,120,64.20833333333333,1541,,,,,9.458333333333334,,False,,,False,
17546111913119890495,17,24,4,"[6, 6, 6, 6]","[[4, 6, 9, 10, 11, 11], [2, 3, 3, 3, 4, 5], [2, 2, 3, 5, 8, 9], [4, 5, 6, 6, 6, 6]]",1.0,1,2,4,2,PP,"[[2, 2, 2], [2, 2, 2], [2, 2, 2], [2, 2, 2]]",12,54,216,0.75,0.004707,20,0.005019635893404484,0.41115283966064453,0.4162347112808056,OPTIMAL,9.458333333333334,,,0.0,20520.0,1.6666666666666667,40,33.5,804,,9.458333333333334,9.458333333333334,,9.458333333333334,9.458333333333334,False,,,False,
17546111913119890495,17,24,4,"[6, 6, 6, 6]","[[4, 6, 9, 10, 11, 11], [2, 3, 3, 3, 4, 5], [2, 2, 3, 5, 8, 9], [4, 5, 6, 6, 6, 6]]",1.0,1,2,4,3,PP,"[[3, 3], [3, 3], [3, 3], [3, 3]]",8,24,216,0.8888888888888888,0.001828,20,0.005197383463382721,0.04009103775024414,0.045352091826549056,OPTIMAL,9.458333333333334,,,0.0,694.0,4.208333333333333,101,44.666666666666664,1072,,9.458333333333334,9.458333333333334,,9.458333333333334,9.458333333333334,False,,,False,
17546111913119890495,17,24,4,"[6, 6, 6, 6]","[[4, 6, 9, 10, 11, 11], [2, 3, 3, 3, 4, 5], [2, 2, 3, 5, 8, 9], [4, 5, 6, 6, 6, 6]]",1.0,1,2,4,4,PP,"[[4, 2], [4, 2], [4, 2], [4, 2]]",8,24,216,0.8888888888888888,0.001818,20,0.004577347077429295,0.025120019912719727,0.0297516761930995,OPTIMAL,9.458333333333334,,,0.0,436.0,3.4166666666666665,82,50.25,1206,,9.458333333333334,9.458333333333334,,9.458333333333334,9.458333333333334,False,,,False,
17546111913119890495,17,24,4,"[6, 6, 6, 6]","[[4, 6, 9, 10, 11, 11], [2, 3, 3, 3, 4, 5], [2, 2, 3, 5, 8, 9], [4, 5, 6, 6, 6, 6]]",1.0,1,2,4,5,PP,"[[5, 1], [5, 1], [5, 1], [5, 1]]",8,24,216,0.8888888888888888,0.004727,20,0.004452047869563103,0.01664590835571289,0.02115347755849552,OPTIMAL,9.458333333333334,,,0.0,160.0,5.0,120,53.041666666666664,1273,,9.458333333333334,9.458333333333334,,9.458333333333334,9.458333333333334,False,,,False,
11313528880221029673,18,24,4,"[6, 6, 6, 6]","[[3, 4, 6, 6, 7, 8], [2, 3, 4, 5, 5, 5], [2, 3, 3, 3, 4, 4], [0, 2, 3, 5, 6, 6]]",1.0,1,2,,1,NP,"[[1, 1, 1, 1, 1, 1], [1, 1, 1, 1, 1, 1], [1, 1, 1, 1, 1, 1], [1, 1, 1, 1, 1, 1]]",24,216,216,0.0,0.0034755,20,0.00823921151459217,30.010046005249023,30.01834837886478,TIME_LIMIT,9.708333333333334,,,0.15392321712033394,468899.0,0.0,0,0.0,0,,,,,,,False,,,False,
11313528880221029673,18,24,4,"[6, 6, 6, 6]","[[3, 4, 6, 6, 7, 8], [2, 3, 4, 5, 5, 5], [2, 3, 3, 3, 4, 4], [0, 2, 3, 5, 6, 6]]",1.0,1,2,2,,CHP,"[[6], [6], [6], [6]]",4,6,216,0.9722222222222222,0.0016375,20,0.004352698102593422,0.0028760433197021484,0.007291523974609375,OPTIMAL,10.708333333333334,,,0.0,1.0,2.5,60,20.125,483,,,,,10.708333333333334,,False,,,False,
11313528880221029673,18,24,4,"[6, 6, 6, 6]","[[3, 4, 6, 6, 7, 8], [2, 3, 4, 5, 5, 5], [2, 3, 3, 3, 4, 4], [0, 2, 3, 5, 6, 6]]",1.0,1,2,2,2,PP,"[[2, 2, 2], [2, 2, 2], [2, 2, 2], [2, 2, 2]]",12,54,216,0.75,0.001888,20,0.004959293641149998,0.5106701850891113,0.5156886104723101,OPTIMAL,10.5,,,0.0,16554.0,1.6666666666666667,40,10.5,252,,10.708333333333334,10.5,,10.708333333333334,10.5,False,,,False,
11313528880221029673,18,24,4,"[6, 6, 6, 6]","[[3, 4, 6, 6, 7, 8], [2, 3, 4, 5, 5, 5], [2, 3, 3, 3, 4, 4], [0, 2, 3, 5, 6, 6]]",1.0,1,2,2,3,PP,"[[3, 3], [3, 3], [3, 3], [3, 3]]",8,24,216,0.8888888888888888,0.001893,20,0.004720434546470642,0.04675912857055664,0.051545656838708404,OPTIMAL,10.333333333333334,,,0.0,1067.0,1.7083333333333333,41,14.0,336,,10.708333333333334,10.333333333333334,,10.708333333333334,10.333333333333334,False,,,False,
11313528880221029673,18,24,4,"[6, 6, 6, 6]","[[3, 4, 6, 6, 7, 8], [2, 3, 4, 5, 5, 5], [2, 3, 3, 3, 4, 4], [0, 2, 3, 5, 6, 6]]",1.0,1,2,2,4,PP,"[[4, 2], [4, 2], [4, 2], [4, 2]]",8,24,216,0.8888888888888888,0.001863,20,0.004694715142250061,0.04484820365905762,0.04960246978422451,OPTIMAL,10.708333333333334,,,0.0,631.0,2.5,60,15.75,378,,10.708333333333334,10.708333333333334,,10.708333333333334,10.708333333333334,False,,,False,
11313528880221029673,18,24,4,"[6, 6, 6, 6]","[[3, 4, 6, 6, 7, 8], [2, 3, 4, 5, 5, 5], [2, 3, 3, 3, 4, 4], [0, 2, 3, 5, 6, 6]]",1.0,1,2,2,5,PP,"[[5, 1], [5, 1], [5, 1], [5, 1]]",8,24,216,0.8888888888888888,0.004592,20,0.004686512053012848,0.028450965881347656,0.03319647221123409,OPTIMAL,10.708333333333334,,,0.0,423.0,2.5,60,16.625,399,,10.708333333333334,10.708333333333334,,10.708333333333334,10.708333333333334,False,,,False,
11313528880221029673,18,24,4,"[6, 6, 6, 6]","[[3, 4, 6, 6, 7, 8], [2, 3, 4, 5, 5, 5], [2, 3, 3, 3, 4, 4], [0, 2, 3, 5, 6, 6]]",1.0,1,2,3,,CHP,"[[6], [6], [6], [6]]",4,6,216,0.9722222222222222,0.0016625,20,0.004125033505260944,0.002524852752685547,0.006703029475903511,OPTIMAL,10.708333333333334,,,0.0,1.0,2.5,60,42.166666666666664,1012,,,,,10.708333333333334,,False,,,False,
11313528880221029673,18,24,4,"[6, 6, 6, 6]","[[3, 4, 6, 6, 7, 8], [2, 3, 4, 5, 5, 5], [2, 3, 3, 3, 4, 4], [0, 2, 3, 5, 6, 6]]",1.0,1,2,3,2,PP,"[[2, 2, 2], [2, 2, 2], [2, 2, 2], [2, 2, 2]]",12,54,216,0.75,0.001888,20,0.004940907470881939,0.5160858631134033,0.5210859870766883,OPTIMAL,10.5,,,0.0,16554.0,1.6666666666666667,40,22.0,528,,10.708333333333334,10.5,,10.708333333333334,10.5,False,,,False,
11313528880221029673,18,24,4,"[6, 6, 6, 6]","[[3, 4, 6, 6, 7, 8], [2, 3, 4, 5, 5, 5], [2, 3, 3, 3, 4, 4], [0, 2, 3, 5, 6, 6]]",1.0,1,2,3,3,PP,"[[3, 3], [3, 3], [3, 3], [3, 3]]",8,24,216,0.8888888888888888,0.0018525,20,0.004723808728158474,0.04664301872253418,0.05142587526396752,OPTIMAL,10.333333333333334,,,0.0,1067.0,1.7083333333333333,41,29.333333333333332,704,,10.708333333333334,10.333333333333334,,10.708333333333334,10.333333333333334,False,,,False,
11313528880221029673,18,24,4,"[6, 6, 6, 6]","[[3, 4, 6, 6, 7, 8], [2, 3, 4, 5, 5, 5], [2, 3, 3, 3, 4, 4], [0, 2, 3, 5, 6, 6]]",1.0,1,2,3,4,PP,"[[4, 2], [4, 2], [4, 2], [4, 2]]",8,24,216,0.8888888888888888,0.001818,20,0.004611258395016193,0.046198129653930664,0.05086808750651407,OPTIMAL,10.708333333333334,,,0.0,631.0,2.5,60,33.0,792,,10.708333333333334,10.708333333333334,,10.708333333333334,10.708333333333334,False,,,False,
11313528880221029673,18,24,4,"[6, 6, 6, 6]","[[3, 4, 6, 6, 7, 8], [2, 3, 4, 5, 5, 5], [2, 3, 3, 3, 4, 4], [0, 2, 3, 5, 6, 6]]",1.0,1,2,3,5,PP,"[[5, 1], [5, 1], [5, 1], [5, 1]]",8,24,216,0.8888888888888888,0.0045415,20,0.005051422864198685,0.028275012969970703,0.033384915812400814,OPTIMAL,10.708333333333334,,,0.0,423.0,2.5,60,34.833333333333336,836,,10.708333333333334,10.708333333333334,,10.708333333333334,10.708333333333334,False,,,False,
11313528880221029673,18,24,4,"[6, 6, 6, 6]","[[3, 4, 6, 6, 7, 8], [2, 3, 4, 5, 5, 5], [2, 3, 3, 3, 4, 4], [0, 2, 3, 5, 6, 6]]",1.0,1,2,4,,CHP,"[[6], [6], [6], [6]]",4,6,216,0.9722222222222222,0.001662,20,0.004150391556322575,0.0026068687438964844,0.0068201968063707355,OPTIMAL,10.708333333333334,,,0.0,1.0,2.5,60,64.20833333333333,1541,,,,,10.708333333333334,,False,,,False,
11313528880221029673,18,24,4,"[6, 6, 6, 6]","[[3, 4, 6, 6, 7, 8], [2, 3, 4, 5, 5, 5], [2, 3, 3, 3, 4, 4], [0, 2, 3, 5, 6, 6]]",1.0,1,2,4,2,PP,"[[2, 2, 2], [2, 2, 2], [2, 2, 2], [2, 2, 2]]",12,54,216,0.75,0.001878,20,0.0049049025401473045,0.5093080997467041,0.5142726297370581,OPTIMAL,10.5,,,0.0,16554.0,1.6666666666666667,40,33.5,804,,10.708333333333334,10.5,,10.708333333333334,10.5,False,,,False,
11313528880221029673,18,24,4,"[6, 6, 6, 6]","[[3, 4, 6, 6, 7, 8], [2, 3, 4, 5, 5, 5], [2, 3, 3, 3, 4, 4], [0, 2, 3, 5, 6, 6]]",1.0,1,2,4,3,PP,"[[3, 3], [3, 3], [3, 3], [3, 3]]",8,24,216,0.8888888888888888,0.0018175,20,0.0047201840206980705,0.046243906021118164,0.051021980611388684,OPTIMAL,10.333333333333334,,,0.0,1067.0,1.7083333333333333,41,44.666666666666664,1072,,10.708333333333334,10.333333333333334,,10.708333333333334,10.333333333333334,False,,,False,
11313528880221029673,18,24,4,"[6, 6, 6, 6]","[[3, 4, 6, 6, 7, 8], [2, 3, 4, 5, 5, 5], [2, 3, 3, 3, 4, 4], [0, 2, 3, 5, 6, 6]]",1.0,1,2,4,4,PP,"[[4, 2], [4, 2], [4, 2], [4, 2]]",8,24,216,0.8888888888888888,0.004577,20,0.0046213241294026375,0.044754981994628906,0.04943514663384151,OPTIMAL,10.708333333333334,,,0.0,631.0,2.5,60,50.25,1206,,10.708333333333334,10.708333333333334,,10.708333333333334,10.708333333333334,False,,,False,
11313528880221029673,18,24,4,"[6, 6, 6, 6]","[[3, 4, 6, 6, 7, 8], [2, 3, 4, 5, 5, 5], [2, 3, 3, 3, 4, 4], [0, 2, 3, 5, 6, 6]]",1.0,1,2,4,5,PP,"[[5, 1], [5, 1], [5, 1], [5, 1]]",8,24,216,0.8888888888888888,0.0018025,20,0.004548013210296631,0.027737855911254883,0.032340923715045454,OPTIMAL,10.708333333333334,,,0.0,423.0,2.5,60,53.041666666666664,1273,,10.708333333333334,10.708333333333334,,10.708333333333334,10.708333333333334,False,,,False,
5233085835630058506,19,24,4,"[6, 6, 6, 6]","[[4, 4, 4, 5, 7, 8], [2, 3, 3, 6, 6, 7], [1, 1, 2, 2, 3, 5], [1, 2, 6, 8, 9, 10]]",1.0,1,2,,1,NP,"[[1, 1, 1, 1, 1, 1], [1, 1, 1, 1, 1, 1], [1, 1, 1, 1, 1, 1], [1, 1, 1, 1, 1, 1]]",24,216,216,0.0,0.001392,20,0.008412854745984077,30.005774974822998,30.01424867161421,TIME_LIMIT,9.458333333333334,,,0.3531484362787892,232496.0,0.0,0,0.0,0,,,,,,,False,,,False,
5233085835630058506,19,24,4,"[6, 6, 6, 6]","[[4, 4, 4, 5, 7, 8], [2, 3, 3, 6, 6, 7], [1, 1, 2, 2, 3, 5], [1, 2, 6, 8, 9, 10]]",1.0,1,2,2,,CHP,"[[6], [3, 3], [6], [2, 4]]",6,13,216,0.9398148148148148,0.0014925,20,0.004157313145697117,0.01669788360595703,0.020914626829020976,OPTIMAL,9.458333333333334,,,0.0,128.0,2.25,54,20.125,483,,,,,9.458333333333334,,False,,,False,
5233085835630058506,19,24,4,"[6, 6, 6, 6]","[[4, 4, 4, 5, 7, 8], [2, 3, 3, 6, 6, 7], [1, 1, 2, 2, 3, 5], [1, 2, 6, 8, 9, 10]]",1.0,1,2,2,2,PP,"[[2, 2, 2], [2, 1, 2, 1], [2, 2, 2], [2, 2, 2]]",13,63,216,0.7083333333333333,0.0018775,20,0.004980586469173431,0.3661510944366455,0.37118541165280583,OPTIMAL,9.458333333333334,,,0.0,17271.0,1.5,36,10.5,252,,9.458333333333334,9.458333333333334,,9.458333333333334,9.458333333333334,False,,,False,
5233085835630058506,19,24,4,"[6, 6, 6, 6]","[[4, 4, 4, 5, 7, 8], [2, 3, 3, 6, 6, 7], [1, 1, 2, 2, 3, 5], [1, 2, 6, 8, 9, 10]]",1.0,1,2,2,3,PP,"[[3, 3], [3, 3], [3, 3], [2, 3, 1]]",9,30,216,0.8611111111111112,0.001868,20,0.0045128194615244865,0.057392120361328125,0.06195684499081898,OPTIMAL,9.458333333333334,,,0.0,1249.0,2.25,54,14.0,336,,9.458333333333334,9.458333333333334,,9.458333333333334,9.458333333333334,False,,,False,
5233085835630058506,19,24,4,"[6, 6, 6, 6]","[[4, 4, 4, 5, 7, 8], [2, 3, 3, 6, 6, 7], [1, 1, 2, 2, 3, 5], [1, 2, 6, 8, 9, 10]]",1.0,1,2,2,4,PP,"[[4, 2], [3, 3], [4, 2], [2, 4]]",8,24,216,0.8888888888888888,0.001813,20,0.004218084737658501,0.041953086853027344,0.046223694173551086,OPTIMAL,9.458333333333334,,,0.0,718.0,1.5,36,15.75,378,,9.458333333333334,9.458333333333334,,9.458333333333334,9.458333333333334,False,,,False,
5233085835630058506,19,24,4,"[6, 6, 6, 6]","[[4, 4, 4, 5, 7, 8], [2, 3, 3, 6, 6, 7], [1, 1, 2, 2, 3, 5], [1, 2, 6, 8, 9, 10]]",1.0,1,2,2,5,PP,"[[5, 1], [3, 3], [5, 1], [2, 4]]",8,24,216,0.8888888888888888,0.0018075,20,0.004114718176424503,0.025803804397583008,0.02996959517555952,OPTIMAL,9.458333333333334,,,0.0,299.0,1.5416666666666667,37,16.625,399,,9.458333333333334,9.458333333333334,,9.458333333333334,9.458333333333334,False,,,False,
5233085835630058506,19,24,4,"[6, 6, 6, 6]","[[4, 4, 4, 5, 7, 8], [2, 3, 3, 6, 6, 7], [1, 1, 2, 2, 3, 5], [1, 2, 6, 8, 9, 10]]",1.0,1,2,3,,CHP,"[[6], [6], [6], [2, 4]]",5,9,216,0.9583333333333334,0.0016725,20,0.0037377476692199707,0.005576133728027344,0.009363189184293746,OPTIMAL,9.458333333333334,,,0.0,1.0,3.9166666666666665,94,42.166666666666664,1012,,,,,9.458333333333334,,False,,,False,
5233085835630058506,19,24,4,"[6, 6, 6, 6]","[[4, 4, 4, 5, 7, 8], [2, 3, 3, 6, 6, 7], [1, 1, 2, 2, 3, 5], [1, 2, 6, 8, 9, 10]]",1.0,1,2,3,2,PP,"[[2, 2, 2], [2, 2, 2], [2, 2, 2], [2, 2, 2]]",12,54,216,0.75,0.0050775,20,0.004779092036187649,0.34363889694213867,0.3484730049260998,OPTIMAL,9.458333333333334,,,0.0,18792.0,3.1666666666666665,76,22.0,528,,9.458333333333334,9.458333333333334,,9.458333333333334,9.458333333333334,False,,,False,
5233085835630058506,19,24,4,"[6, 6, 6, 6]","[[4, 4, 4, 5, 7, 8], [2, 3, 3, 6, 6, 7], [1, 1, 2, 2, 3, 5], [1, 2, 6, 8, 9, 10]]",1.0,1,2,3,3,PP,"[[3, 3], [3, 3], [3, 3], [2, 3, 1]]",9,30,216,0.8611111111111112,0.001893,20,0.004345957189798355,0.05437803268432617,0.05877683366953659,OPTIMAL,9.458333333333334,,,0.0,1249.0,2.25,54,29.333333333333332,704,,9.458333333333334,9.458333333333334,,9.458333333333334,9.458333333333334,False,,,False,
5233085835630058506,19,24,4,"[6, 6, 6, 6]","[[4, 4, 4, 5, 7, 8], [2, 3, 3, 6, 6, 7], [1, 1, 2, 2, 3, 5], [1, 2, 6, 8, 9, 10]]",1.0,1,2,3,4,PP,"[[4, 2], [4, 2], [4, 2], [2, 4]]",8,24,216,0.8888888888888888,0.004647,20,0.00412503257393837,0.03666186332702637,0.0408408685384841,OPTIMAL,9.458333333333334,,,0.0,559.0,3.1666666666666665,76,33.0,792,,9.458333333333334,9.458333333333334,,9.458333333333334,9.458333333333334,False,,,False,
5233085835630058506,19,24,4,"[6, 6, 6, 6]","[[4, 4, 4, 5, 7, 8], [2, 3, 3, 6, 6, 7], [1, 1, 2, 2, 3, 5], [1, 2, 6, 8, 9, 10]]",1.0,1,2,3,5,PP,"[[5, 1], [5, 1], [5, 1], [2, 4]]",8,24,216,0.8888888888888888,0.004727,20,0.004193638451397419,0.025498151779174805,0.029751561188699722,OPTIMAL,9.458333333333334,,,0.0,266.0,3.2083333333333335,77,34.833333333333336,836,,9.458333333333334,9.458333333333334,,9.458333333333334,9.458333333333334,False,,,False,
5233085835630058506,19,24,4,"[6, 6, 6, 6]","[[4, 4, 4, 5, 7, 8], [2, 3, 3, 6, 6, 7], [1, 1, 2, 2, 3, 5], [1, 2, 6, 8, 9, 10]]",1.0,1,2,4,,CHP,"[[6], [6], [6], [6]]",4,6,216,0.9722222222222222,0.001617,20,0.003596224822103977,0.0027980804443359375,0.006443431824938774,OPTIMAL,9.458333333333334,,,0.0,1.0,6.583333333333333,158,64.20833333333333,1541,,,,,9.458333333333334,,False,,,False,
5233085835630058506,19,24,4,"[6, 6, 6, 6]","[[4, 4, 4, 5, 7, 8], [2, 3, 3, 6, 6, 7], [1, 1, 2, 2, 3, 5], [1, 2, 6, 8, 9, 10]]",1.0,1,2,4,2,PP,"[[2, 2, 2], [2, 2, 2], [2, 2, 2], [2, 2, 2]]",12,54,216,0.75,0.001873,20,0.004612090066075325,0.34483790397644043,0.34950347255769776,OPTIMAL,9.458333333333334,,,0.0,18792.0,3.1666666666666665,76,33.5,804,,9.458333333333334,9.458333333333334,,9.458333333333334,9.458333333333334,False,,,False,
5233085835630058506,19,24,4,"[6, 6, 6, 6]","[[4, 4, 4, 5, 7, 8], [2, 3, 3, 6, 6, 7], [1, 1, 2, 2, 3, 5], [1, 2, 6, 8, 9, 10]]",1.0,1,2,4,3,PP,"[[3, 3], [3, 3], [3, 3], [3, 3]]",8,24,216,0.8888888888888888,0.001823,20,0.004170753061771393,0.0456089973449707,0.04983115515796947,OPTIMAL,9.458333333333334,,,0.0,716.0,4.125,99,44.666666666666664,1072,,9.458333333333334,9.458333333333334,,9.458333333333334,9.458333333333334,False,,,False,
5233085835630058506,19,24,4,"[6, 6, 6, 6]","[[4, 4, 4, 5, 7, 8], [2, 3, 3, 6, 6, 7], [1, 1, 2, 2, 3, 5], [1, 2, 6, 8, 9, 10]]",1.0,1,2,4,4,PP,"[[4, 2], [4, 2], [4, 2], [4, 2]]",8,24,216,0.8888888888888888,0.0048525,20,0.004699951969087124,0.025732994079589844,0.030488238047995567,OPTIMAL,9.458333333333334,,,0.0,343.0,5.833333333333333,140,50.25,1206,,9.458333333333334,9.458333333333334,,9.458333333333334,9.458333333333334,False,,,False,
5233085835630058506,19,24,4,"[6, 6, 6, 6]","[[4, 4, 4, 5, 7, 8], [2, 3, 3, 6, 6, 7], [1, 1, 2, 2, 3, 5], [1, 2, 6, 8, 9, 10]]",1.0,1,2,4,5,PP,"[[5, 1], [5, 1], [5, 1], [5, 1]]",8,24,216,0.8888888888888888,0.001823,20,0.004027746617794037,0.024387121200561523,0.028464965924010755,OPTIMAL,9.458333333333334,,,0.0,169.0,5.875,141,53.041666666666664,1273,,9.458333333333334,9.458333333333334,,9.458333333333334,9.458333333333334,False,,,False,
