seed,replication,N,L,counts,releases,arrival_rate,h_F,h_S,threshold,max_platoon_size,method,partition,number_of_platoons,ordering_variable_count,vehicle_level_ordering_variable_count,dimension_reduction_ratio,formation_time_ms,formation_repetitions,model_build_time_s,solve_time_s,end_to_end_time_s,status,objective,actual_optimality_gap,actual_gap_reference,terminal_mip_gap,node_count,partition_specific_upper_bound,scaled_partition_specific_upper_bound,rule_level_upper_bound,scaled_rule_level_upper_bound,np_optimal_objective,matching_chp_objective,pp_optimal_objective,D_NP,D_CHP,D_PP,bound_check_available,bound_valid,bound_slack,delay_order_check_available,np_pp_chp_delay_order_holds
13684777053113107035,0,12,4,"[3, 3, 3, 3]","[[6, 8, 8], [2, 2, 9], [3, 5, 10], [2, 3, 7]]",0.4,1,2,,1,NP,"[[1, 1, 1], [1, 1, 1], [1, 1, 1], [1, 1, 1]]",12,54,54,0.0,0.001107,20,0.01386662945151329,0.20440006256103516,0.21834239608813,OPTIMAL,3.9166666666666665,0.0,np_gurobi_optimal,0.0,5909.0,0.0,0,0.0,0,3.9166666666666665,,,3.9166666666666665,,,False,,,False,
13684777053113107035,0,12,4,"[3, 3, 3, 3]","[[6, 8, 8], [2, 2, 9], [3, 5, 10], [2, 3, 7]]",0.4,1,2,2,,CHP,"[[3], [2, 1], [2, 1], [2, 1]]",7,18,54,0.6666666666666667,0.001432,20,0.004472239874303341,0.01599907875061035,0.020527075602013587,OPTIMAL,3.9166666666666665,0.0,np_gurobi_optimal,0.0,131.0,1.5,18,8.25,99,3.9166666666666665,,,3.9166666666666665,3.9166666666666665,,False,,,False,
13684777053113107035,0,12,4,"[3, 3, 3, 3]","[[6, 8, 8], [2, 2, 9], [3, 5, 10], [2, 3, 7]]",0.4,1,2,2,2,PP,"[[2, 1], [2, 1], [2, 1], [2, 1]]",8,24,54,0.5555555555555556,0.0014825,20,0.004389394074678421,0.021406888961791992,0.025849941021068096,OPTIMAL,3.9166666666666665,0.0,np_gurobi_optimal,0.0,266.0,1.5,18,4.5,54,3.9166666666666665,3.9166666666666665,3.9166666666666665,3.9166666666666665,3.9166666666666665,3.9166666666666665,True,True,4.5,True,True
13684777053113107035,0,12,4,"[3, 3, 3, 3]","[[6, 8, 8], [2, 2, 9], [3, 5, 10], [2, 3, 7]]",0.4,1,2,2,3,PP,"[[3], [2, 1], [2, 1], [2, 1]]",7,18,54,0.6666666666666667,0.0035205,20,0.004200329072773457,0.015269994735717773,0.01952472618603277,OPTIMAL,3.9166666666666665,0.0,np_gurobi_optimal,0.0,131.0,1.5,18,6.0,72,3.9166666666666665,3.9166666666666665,3.9166666666666665,3.9166666666666665,3.9166666666666665,3.9166666666666665,True,True,6.0,True,True
13684777053113107035,0,12,4,"[3, 3, 3, 3]","[[6, 8, 8], [2, 2, 9], [3, 5, 10], [2, 3, 7]]",0.4,1,2,2,4,PP,"[[3], [2, 1], [2, 1], [2, 1]]",7,18,54,0.6666666666666667,0.0014275,20,0.004070892930030823,0.015916109085083008,0.020041036202063562,OPTIMAL,3.9166666666666665,0.0,np_gurobi_optimal,0.0,131.0,1.5,18,6.75,81,3.9166666666666665,3.9166666666666665,3.9166666666666665,3.9166666666666665,3.9166666666666665,3.9166666666666665,True,True,6.75,True,True
13684777053113107035,0,12,4,"[3, 3, 3, 3]","[[6, 8, 8], [2, 2, 9], [3, 5, 10], [2, 3, 7]]",0.4,1,2,2,5,PP,"[[3], [2, 1], [2, 1], [2, 1]]",7,18,54,0.6666666666666667,0.001427,20,0.004195180721580982,0.015439987182617188,0.019704268527760027,OPTIMAL,3.9166666666666665,0.0,np_gurobi_optimal,0.0,131.0,1.5,18,6.75,81,3.9166666666666665,3.9166666666666665,3.9166666666666665,3.9166666666666665,3.9166666666666665,3.9166666666666665,True,True,6.75,True,True
13684777053113107035,0,12,4,"[3, 3, 3, 3]","[[6, 8, 8], [2, 2, 9], [3, 5, 10], [2, 3, 7]]",0.4,1,2,3,,CHP,"[[3], [2, 1], [2, 1], [2, 1]]",7,18,54,0.6666666666666667,0.001347,20,0.003777589648962021,0.015816926956176758,0.01964654152303648,OPTIMAL,3.9166666666666665,0.0,np_gurobi_optimal,0.0,131.0,1.5,18,18.333333333333332,220,3.9166666666666665,,,3.9166666666666665,3.9166666666666665,,False,,,False,
13684777053113107035,0,12,4,"[3, 3, 3, 3]","[[6, 8, 8], [2, 2, 9], [3, 5, 10], [2, 3, 7]]",0.4,1,2,3,2,PP,"[[2, 1], [2, 1], [2, 1], [2, 1]]",8,24,54,0.5555555555555556,0.0036505,20,0.004250244237482548,0.020032882690429688,0.024337590387583256,OPTIMAL,3.9166666666666665,0.0,np_gurobi_optimal,0.0,266.0,1.5,18,10.0,120,3.9166666666666665,3.9166666666666665,3.9166666666666665,3.9166666666666665,3.9166666666666665,3.9166666666666665,True,True,10.0,True,True
13684777053113107035,0,12,4,"[3, 3, 3, 3]","[[6, 8, 8], [2, 2, 9], [3, 5, 10], [2, 3, 7]]",0.4,1,2,3,3,PP,"[[3], [2, 1], [2, 1], [2, 1]]",7,18,54,0.6666666666666667,0.003585,20,0.0040462566539645195,0.015682220458984375,0.019782349806687832,OPTIMAL,3.9166666666666665,0.0,np_gurobi_optimal,0.0,131.0,1.5,18,13.333333333333334,160,3.9166666666666665,3.9166666666666665,3.9166666666666665,3.9166666666666665,3.9166666666666665,3.9166666666666665,True,True,13.333333333333334,True,True
13684777053113107035,0,12,4,"[3, 3, 3, 3]","[[6, 8, 8], [2, 2, 9], [3, 5, 10], [2, 3, 7]]",0.4,1,2,3,4,PP,"[[3], [2, 1], [2, 1], [2, 1]]",7,18,54,0.6666666666666667,0.0035255,20,0.004312938079237938,0.016496896743774414,0.02086671951860237,OPTIMAL,3.9166666666666665,0.0,np_gurobi_optimal,0.0,131.0,1.5,18,15.0,180,3.9166666666666665,3.9166666666666665,3.9166666666666665,3.9166666666666665,3.9166666666666665,3.9166666666666665,True,True,15.0,True,True
13684777053113107035,0,12,4,"[3, 3, 3, 3]","[[6, 8, 8], [2, 2, 9], [3, 5, 10], [2, 3, 7]]",0.4,1,2,3,5,PP,"[[3], [2, 1], [2, 1], [2, 1]]",7,18,54,0.6666666666666667,0.003766,20,0.004261019639670849,0.017576932907104492,0.021893521502343177,OPTIMAL,3.9166666666666665,0.0,np_gurobi_optimal,0.0,131.0,1.5,18,15.0,180,3.9166666666666665,3.9166666666666665,3.9166666666666665,3.9166666666666665,3.9166666666666665,3.9166666666666665,True,True,15.0,True,True
13684777053113107035,0,12,4,"[3, 3, 3, 3]","[[6, 8, 8], [2, 2, 9], [3, 5, 10], [2, 3, 7]]",0.4,1,2,4,,CHP,"[[3], [2, 1], [2, 1], [3]]",6,13,54,0.7592592592592593,0.001392,20,0.003927816636860371,0.0049779415130615234,0.00896716364530754,OPTIMAL,3.9166666666666665,0.0,np_gurobi_optimal,0.0,1.0,3.8333333333333335,46,28.416666666666668,341,3.9166666666666665,,,3.9166666666666665,3.9166666666666665,,False,,,False,
13684777053113107035,0,12,4,"[3, 3, 3, 3]","[[6, 8, 8], [2, 2, 9], [3, 5, 10], [2, 3, 7]]",0.4,1,2,4,2,PP,"[[2, 1], [2, 1], [2, 1], [2, 1]]",8,24,54,0.5555555555555556,0.001522,20,0.0047025177627801895,0.025238037109375,0.0299958179100008,OPTIMAL,3.9166666666666665,0.0,np_gurobi_optimal,0.0,266.0,1.5,18,15.5,186,3.9166666666666665,3.9166666666666665,3.9166666666666665,3.9166666666666665,3.9166666666666665,3.9166666666666665,True,True,15.5,True,True
13684777053113107035,0,12,4,"[3, 3, 3, 3]","[[6, 8, 8], [2, 2, 9], [3, 5, 10], [2, 3, 7]]",0.4,1,2,4,3,PP,"[[3], [2, 1], [2, 1], [3]]",6,13,54,0.7592592592592593,0.0035955,20,0.00454876571893692,0.005356788635253906,0.009964091366835117,OPTIMAL,3.9166666666666665,0.0,np_gurobi_optimal,0.0,1.0,3.8333333333333335,46,20.666666666666668,248,3.9166666666666665,3.9166666666666665,3.9166666666666665,3.9166666666666665,3.9166666666666665,3.9166666666666665,True,True,20.666666666666668,True,True
13684777053113107035,0,12,4,"[3, 3, 3, 3]","[[6, 8, 8], [2, 2, 9], [3, 5, 10], [2, 3, 7]]",0.4,1,2,4,4,PP,"[[3], [2, 1], [2, 1], [3]]",6,13,54,0.7592592592592593,0.001903,20,0.005091315135359764,0.0065119266510009766,0.011679073172333717,OPTIMAL,3.9166666666666665,0.0,np_gurobi_optimal,0.0,1.0,3.8333333333333335,46,23.25,279,3.9166666666666665,3.9166666666666665,3.9166666666666665,3.9166666666666665,3.9166666666666665,3.9166666666666665,True,True,23.25,True,True
13684777053113107035,0,12,4,"[3, 3, 3, 3]","[[6, 8, 8], [2, 2, 9], [3, 5, 10], [2, 3, 7]]",0.4,1,2,4,5,PP,"[[3], [2, 1], [2, 1], [3]]",6,13,54,0.7592592592592593,0.001913,20,0.004575686529278755,0.006551980972290039,0.011202662315321445,OPTIMAL,3.9166666666666665,0.0,np_gurobi_optimal,0.0,1.0,3.8333333333333335,46,23.25,279,3.9166666666666665,3.9166666666666665,3.9166666666666665,3.9166666666666665,3.9166666666666665,3.9166666666666665,True,True,23.25,True,True
9807421015536704312,1,12,4,"[3, 3, 3, 3]","[[4, 8, 11], [2, 3, 3], [3, 5, 9], [10, 15, 16]]",0.4,1,2,,1,NP,"[[1, 1, 1], [1, 1, 1], [1, 1, 1], [1, 1, 1]]",12,54,54,0.0,0.001502,20,0.006078737787902355,0.03815913200378418,0.04432592704912615,OPTIMAL,2.0,0.0,np_gurobi_optimal,0.0,276.0,0.0,0,0.0,0,2.0,,,2.0,,,False,,,False,
9807421015536704312,1,12,4,"[3, 3, 3, 3]","[[4, 8, 11], [2, 3, 3], [3, 5, 9], [10, 15, 16]]",0.4,1,2,2,,CHP,"[[1, 1, 1], [3], [2, 1], [1, 2]]",8,23,54,0.5740740740740741,0.001827,20,0.005097665823996067,0.0037860870361328125,0.00894930095068407,OPTIMAL,2.0,0.0,np_gurobi_optimal,0.0,1.0,0.75,9,8.25,99,2.0,,,2.0,2.0,,False,,,False,
9807421015536704312,1,12,4,"[3, 3, 3, 3]","[[4, 8, 11], [2, 3, 3], [3, 5, 9], [10, 15, 16]]",0.4,1,2,2,2,PP,"[[1, 1, 1], [2, 1], [2, 1], [1, 2]]",9,30,54,0.4444444444444444,0.0018825,20,0.005099046975374222,0.016986846923828125,0.02215001854950905,OPTIMAL,2.0,0.0,np_gurobi_optimal,0.0,83.0,0.75,9,4.5,54,2.0,2.0,2.0,2.0,2.0,2.0,True,True,4.5,True,True
9807421015536704312,1,12,4,"[3, 3, 3, 3]","[[4, 8, 11], [2, 3, 3], [3, 5, 9], [10, 15, 16]]",0.4,1,2,2,3,PP,"[[1, 1, 1], [3], [2, 1], [1, 2]]",8,23,54,0.5740740740740741,0.001943,20,0.004890551790595055,0.0038700103759765625,0.00882376663420725,OPTIMAL,2.0,0.0,np_gurobi_optimal,0.0,1.0,0.75,9,6.0,72,2.0,2.0,2.0,2.0,2.0,2.0,True,True,6.0,True,True
9807421015536704312,1,12,4,"[3, 3, 3, 3]","[[4, 8, 11], [2, 3, 3], [3, 5, 9], [10, 15, 16]]",0.4,1,2,2,4,PP,"[[1, 1, 1], [3], [2, 1], [1, 2]]",8,23,54,0.5740740740740741,0.001913,20,0.005099818110466003,0.0035212039947509766,0.00868389575566101,OPTIMAL,2.0,0.0,np_gurobi_optimal,0.0,1.0,0.75,9,6.75,81,2.0,2.0,2.0,2.0,2.0,2.0,True,True,6.75,True,True
9807421015536704312,1,12,4,"[3, 3, 3, 3]","[[4, 8, 11], [2, 3, 3], [3, 5, 9], [10, 15, 16]]",0.4,1,2,2,5,PP,"[[1, 1, 1], [3], [2, 1], [1, 2]]",8,23,54,0.5740740740740741,0.001943,20,0.004938114434480667,0.003464937210083008,0.008466176949780465,OPTIMAL,2.0,0.0,np_gurobi_optimal,0.0,1.0,0.75,9,6.75,81,2.0,2.0,2.0,2.0,2.0,2.0,True,True,6.75,True,True
9807421015536704312,1,12,4,"[3, 3, 3, 3]","[[4, 8, 11], [2, 3, 3], [3, 5, 9], [10, 15, 16]]",0.4,1,2,3,,CHP,"[[1, 2], [3], [2, 1], [1, 2]]",7,18,54,0.6666666666666667,0.001778,20,0.004629356786608696,0.0029931068420410156,0.007684319385293007,OPTIMAL,2.0,0.0,np_gurobi_optimal,0.0,1.0,2.25,27,18.333333333333332,220,2.0,,,2.0,2.0,,False,,,False,
9807421015536704312,1,12,4,"[3, 3, 3, 3]","[[4, 8, 11], [2, 3, 3], [3, 5, 9], [10, 15, 16]]",0.4,1,2,3,2,PP,"[[1, 2], [2, 1], [2, 1], [1, 2]]",8,24,54,0.5555555555555556,0.001988,20,0.004783740267157555,0.005649089813232422,0.010497311687791824,OPTIMAL,2.0,0.0,np_gurobi_optimal,0.0,1.0,2.25,27,10.0,120,2.0,2.0,2.0,2.0,2.0,2.0,True,True,10.0,True,True
9807421015536704312,1,12,4,"[3, 3, 3, 3]","[[4, 8, 11], [2, 3, 3], [3, 5, 9], [10, 15, 16]]",0.4,1,2,3,3,PP,"[[1, 2], [3], [2, 1], [1, 2]]",7,18,54,0.6666666666666667,0.002073,20,0.004764190874993801,0.0028929710388183594,0.007719958076999664,OPTIMAL,2.0,0.0,np_gurobi_optimal,0.0,1.0,2.25,27,13.333333333333334,160,2.0,2.0,2.0,2.0,2.0,2.0,True,True,13.333333333333334,True,True
9807421015536704312,1,12,4,"[3, 3, 3, 3]","[[4, 8, 11], [2, 3, 3], [3, 5, 9], [10, 15, 16]]",0.4,1,2,3,4,PP,"[[1, 2], [3], [2, 1], [1, 2]]",7,18,54,0.6666666666666667,0.0020485,20,0.00470964889973402,0.0030460357666015625,0.007819554358838559,OPTIMAL,2.0,0.0,np_gurobi_optimal,0.0,1.0,2.25,27,15.0,180,2.0,2.0,2.0,2.0,2.0,2.0,True,True,15.0,True,True
9807421015536704312,1,12,4,"[3, 3, 3, 3]","[[4, 8, 11], [2, 3, 3], [3, 5, 9], [10, 15, 16]]",0.4,1,2,3,5,PP,"[[1, 2], [3], [2, 1], [1, 2]]",7,18,54,0.6666666666666667,0.002023,20,0.004659461788833141,0.0035648345947265625,0.008288867938993454,OPTIMAL,2.0,0.0,np_gurobi_optimal,0.0,1.0,2.25,27,15.0,180,2.0,2.0,2.0,2.0,2.0,2.0,True,True,15.0,True,True
9807421015536704312,1,12,4,"[3, 3, 3, 3]","[[4, 8, 11], [2, 3, 3], [3, 5, 9], [10, 15, 16]]",0.4,1,2,4,,CHP,"[[3], [3], [3], [1, 2]]",5,9,54,0.8333333333333334,0.001873,20,0.004337426275014877,0.001714944839477539,0.0061187894255261424,OPTIMAL,2.1666666666666665,0.16666666666666652,np_gurobi_optimal,0.0,1.0,7.166666666666667,86,28.416666666666668,341,2.0,,,2.0,2.1666666666666665,,False,,,False,
9807421015536704312,1,12,4,"[3, 3, 3, 3]","[[4, 8, 11], [2, 3, 3], [3, 5, 9], [10, 15, 16]]",0.4,1,2,4,2,PP,"[[2, 1], [2, 1], [2, 1], [1, 2]]",8,24,54,0.5555555555555556,0.001988,20,0.004950221627950668,0.007010936737060547,0.012028235568428516,OPTIMAL,2.0,0.0,np_gurobi_optimal,0.0,1.0,3.3333333333333335,40,15.5,186,2.0,2.1666666666666665,2.0,2.0,2.1666666666666665,2.0,True,True,15.5,True,True
9807421015536704312,1,12,4,"[3, 3, 3, 3]","[[4, 8, 11], [2, 3, 3], [3, 5, 9], [10, 15, 16]]",0.4,1,2,4,3,PP,"[[3], [3], [3], [1, 2]]",5,9,54,0.8333333333333334,0.001973,20,0.004476395435631275,0.001734018325805664,0.006276867811213016,OPTIMAL,2.1666666666666665,0.16666666666666652,np_gurobi_optimal,0.0,1.0,7.166666666666667,86,20.666666666666668,248,2.0,2.1666666666666665,2.1666666666666665,2.0,2.1666666666666665,2.1666666666666665,True,True,20.5,True,True
9807421015536704312,1,12,4,"[3, 3, 3, 3]","[[4, 8, 11], [2, 3, 3], [3, 5, 9], [10, 15, 16]]",0.4,1,2,4,4,PP,"[[3], [3], [3], [1, 2]]",5,9,54,0.8333333333333334,0.002554,20,0.0055443597957491875,0.002109050750732422,0.0077323674565353395,OPTIMAL,2.1666666666666665,0.16666666666666652,np_gurobi_optimal,0.0,1.0,7.166666666666667,86,23.25,279,2.0,2.1666666666666665,2.1666666666666665,2.0,2.1666666666666665,2.1666666666666665,True,True,23.083333333333332,True,True
9807421015536704312,1,12,4,"[3, 3, 3, 3]","[[4, 8, 11], [2, 3, 3], [3, 5, 9], [10, 15, 16]]",0.4,1,2,4,5,PP,"[[3], [3], [3], [1, 2]]",5,9,54,0.8333333333333334,0.0021235,20,0.00487486831843853,0.0018291473388671875,0.006802201355587006,OPTIMAL,2.1666666666666665,0.16666666666666652,np_gurobi_optimal,0.0,1.0,7.166666666666667,86,23.25,279,2.0,2.1666666666666665,2.1666666666666665,2.0,2.1666666666666665,2.1666666666666665,True,True,23.083333333333332,True,True
7561945095186169731,2,12,4,"[3, 3, 3, 3]","[[3, 6, 15], [5, 7, 14], [0, 0, 0], [6, 7, 13]]",0.4,1,2,,1,NP,"[[1, 1, 1], [1, 1, 1], [1, 1, 1], [1, 1, 1]]",12,54,54,0.0,0.0022335,20,0.007064087316393852,0.03056192398071289,0.03770713340711212,OPTIMAL,1.75,0.0,np_gurobi_optimal,0.0,1.0,0.0,0,0.0,0,1.75,,,1.75,,,False,,,False,
7561945095186169731,2,12,4,"[3, 3, 3, 3]","[[3, 6, 15], [5, 7, 14], [0, 0, 0], [6, 7, 13]]",0.4,1,2,2,,CHP,"[[1, 1, 1], [2, 1], [3], [2, 1]]",8,23,54,0.5740740740740741,0.003651,20,0.004616037011146545,0.003901958465576172,0.00857746995184517,OPTIMAL,1.75,0.0,np_gurobi_optimal,0.0,1.0,0.75,9,8.25,99,1.75,,,1.75,1.75,,False,,,False,
7561945095186169731,2,12,4,"[3, 3, 3, 3]","[[3, 6, 15], [5, 7, 14], [0, 0, 0], [6, 7, 13]]",0.4,1,2,2,2,PP,"[[1, 1, 1], [2, 1], [2, 1], [2, 1]]",9,30,54,0.4444444444444444,0.001557,20,0.004692982882261276,0.004829883575439453,0.009577890686709403,OPTIMAL,1.75,0.0,np_gurobi_optimal,0.0,1.0,0.75,9,4.5,54,1.75,1.75,1.75,1.75,1.75,1.75,True,True,4.5,True,True
7561945095186169731,2,12,4,"[3, 3, 3, 3]","[[3, 6, 15], [5, 7, 14], [0, 0, 0], [6, 7, 13]]",0.4,1,2,2,3,PP,"[[1, 1, 1], [2, 1], [3], [2, 1]]",8,23,54,0.5740740740740741,0.001487,20,0.0044554453343153,0.004036903381347656,0.008546762777578354,OPTIMAL,1.75,0.0,np_gurobi_optimal,0.0,1.0,0.75,9,6.0,72,1.75,1.75,1.75,1.75,1.75,1.75,True,True,6.0,True,True
7561945095186169731,2,12,4,"[3, 3, 3, 3]","[[3, 6, 15], [5, 7, 14], [0, 0, 0], [6, 7, 13]]",0.4,1,2,2,4,PP,"[[1, 1, 1], [2, 1], [3], [2, 1]]",8,23,54,0.5740740740740741,0.0020985,20,0.005303084850311279,0.0037789344787597656,0.00913585372941351,OPTIMAL,1.75,0.0,np_gurobi_optimal,0.0,1.0,0.75,9,6.75,81,1.75,1.75,1.75,1.75,1.75,1.75,True,True,6.75,True,True
7561945095186169731,2,12,4,"[3, 3, 3, 3]","[[3, 6, 15], [5, 7, 14], [0, 0, 0], [6, 7, 13]]",0.4,1,2,2,5,PP,"[[1, 1, 1], [2, 1], [3], [2, 1]]",8,23,54,0.5740740740740741,0.001592,20,0.004449155181646347,0.004230976104736328,0.00873753744827938,OPTIMAL,1.75,0.0,np_gurobi_optimal,0.0,1.0,0.75,9,6.75,81,1.75,1.75,1.75,1.75,1.75,1.75,True,True,6.75,True,True
7561945095186169731,2,12,4,"[3, 3, 3, 3]","[[3, 6, 15], [5, 7, 14], [0, 0, 0], [6, 7, 13]]",0.4,1,2,3,,CHP,"[[2, 1], [2, 1], [3], [2, 1]]",7,18,54,0.6666666666666667,0.002584,20,0.005362935364246368,0.0027959346771240234,0.008213794370063782,OPTIMAL,1.8333333333333333,0.08333333333333326,np_gurobi_optimal,0.0,1.0,2.4166666666666665,29,18.333333333333332,220,1.75,,,1.75,1.8333333333333333,,False,,,False,
7561945095186169731,2,12,4,"[3, 3, 3, 3]","[[3, 6, 15], [5, 7, 14], [0, 0, 0], [6, 7, 13]]",0.4,1,2,3,2,PP,"[[2, 1], [2, 1], [2, 1], [2, 1]]",8,24,54,0.5555555555555556,0.003781,20,0.004465319216251373,0.003064870834350586,0.007585790769976139,OPTIMAL,1.8333333333333333,0.08333333333333326,np_gurobi_optimal,0.0,1.0,2.4166666666666665,29,10.0,120,1.75,1.8333333333333333,1.8333333333333333,1.75,1.8333333333333333,1.8333333333333333,True,True,9.916666666666666,True,True
7561945095186169731,2,12,4,"[3, 3, 3, 3]","[[3, 6, 15], [5, 7, 14], [0, 0, 0], [6, 7, 13]]",0.4,1,2,3,3,PP,"[[2, 1], [2, 1], [3], [2, 1]]",7,18,54,0.6666666666666667,0.0036605,20,0.0042985668405890465,0.002351999282836914,0.0067088160961370465,OPTIMAL,1.8333333333333333,0.08333333333333326,np_gurobi_optimal,0.0,1.0,2.4166666666666665,29,13.333333333333334,160,1.75,1.8333333333333333,1.8333333333333333,1.75,1.8333333333333333,1.8333333333333333,True,True,13.25,True,True
7561945095186169731,2,12,4,"[3, 3, 3, 3]","[[3, 6, 15], [5, 7, 14], [0, 0, 0], [6, 7, 13]]",0.4,1,2,3,4,PP,"[[2, 1], [2, 1], [3], [2, 1]]",7,18,54,0.6666666666666667,0.0014675,20,0.0038733240216970444,0.0027358531951904297,0.006664298210411072,OPTIMAL,1.8333333333333333,0.08333333333333326,np_gurobi_optimal,0.0,1.0,2.4166666666666665,29,15.0,180,1.75,1.8333333333333333,1.8333333333333333,1.75,1.8333333333333333,1.8333333333333333,True,True,14.916666666666666,True,True
7561945095186169731,2,12,4,"[3, 3, 3, 3]","[[3, 6, 15], [5, 7, 14], [0, 0, 0], [6, 7, 13]]",0.4,1,2,3,5,PP,"[[2, 1], [2, 1], [3], [2, 1]]",7,18,54,0.6666666666666667,0.0014775,20,0.003993615508079529,0.0025510787963867188,0.006598898632028103,OPTIMAL,1.8333333333333333,0.08333333333333326,np_gurobi_optimal,0.0,1.0,2.4166666666666665,29,15.0,180,1.75,1.8333333333333333,1.8333333333333333,1.75,1.8333333333333333,1.8333333333333333,True,True,14.916666666666666,True,True
7561945095186169731,2,12,4,"[3, 3, 3, 3]","[[3, 6, 15], [5, 7, 14], [0, 0, 0], [6, 7, 13]]",0.4,1,2,4,,CHP,"[[2, 1], [2, 1], [3], [2, 1]]",7,18,54,0.6666666666666667,0.0013775,20,0.004207870922982693,0.0025827884674072266,0.006845813318493366,OPTIMAL,1.8333333333333333,0.08333333333333326,np_gurobi_optimal,0.0,1.0,2.4166666666666665,29,28.416666666666668,341,1.75,,,1.75,1.8333333333333333,,False,,,False,
7561945095186169731,2,12,4,"[3, 3, 3, 3]","[[3, 6, 15], [5, 7, 14], [0, 0, 0], [6, 7, 13]]",0.4,1,2,4,2,PP,"[[2, 1], [2, 1], [2, 1], [2, 1]]",8,24,54,0.5555555555555556,0.0015925,20,0.0041918158531188965,0.002816915512084961,0.007093121236054897,OPTIMAL,1.8333333333333333,0.08333333333333326,np_gurobi_optimal,0.0,1.0,2.4166666666666665,29,15.5,186,1.75,1.8333333333333333,1.8333333333333333,1.75,1.8333333333333333,1.8333333333333333,True,True,15.416666666666666,True,True
7561945095186169731,2,12,4,"[3, 3, 3, 3]","[[3, 6, 15], [5, 7, 14], [0, 0, 0], [6, 7, 13]]",0.4,1,2,4,3,PP,"[[2, 1], [2, 1], [3], [2, 1]]",7,18,54,0.6666666666666667,0.0036605,20,0.0045066820457577705,0.00273895263671875,0.007301902800748825,OPTIMAL,1.8333333333333333,0.08333333333333326,np_gurobi_optimal,0.0,1.0,2.4166666666666665,29,20.666666666666668,248,1.75,1.8333333333333333,1.8333333333333333,1.75,1.8333333333333333,1.8333333333333333,True,True,20.583333333333336,True,True
7561945095186169731,2,12,4,"[3, 3, 3, 3]","[[3, 6, 15], [5, 7, 14], [0, 0, 0], [6, 7, 13]]",0.4,1,2,4,4,PP,"[[2, 1], [2, 1], [3], [2, 1]]",7,18,54,0.6666666666666667,0.004066,20,0.004350936971604824,0.0026731491088867188,0.0070848491361889835,OPTIMAL,1.8333333333333333,0.08333333333333326,np_gurobi_optimal,0.0,1.0,2.4166666666666665,29,23.25,279,1.75,1.8333333333333333,1.8333333333333333,1.75,1.8333333333333333,1.8333333333333333,True,True,23.166666666666668,True,True
7561945095186169731,2,12,4,"[3, 3, 3, 3]","[[3, 6, 15], [5, 7, 14], [0, 0, 0], [6, 7, 13]]",0.4,1,2,4,5,PP,"[[2, 1], [2, 1], [3], [2, 1]]",7,18,54,0.6666666666666667,0.003721,20,0.004230514168739319,0.0023910999298095703,0.006680652865513325,OPTIMAL,1.8333333333333333,0.08333333333333326,np_gurobi_optimal,0.0,1.0,2.4166666666666665,29,23.25,279,1.75,1.8333333333333333,1.8333333333333333,1.75,1.8333333333333333,1.8333333333333333,True,True,23.166666666666668,True,True
3474483146604756949,3,12,4,"[3, 3, 3, 3]","[[4, 4, 4], [2, 6, 6], [2, 5, 9], [3, 4, 14]]",0.4,1,2,,1,NP,"[[1, 1, 1], [1, 1, 1], [1, 1, 1], [1, 1, 1]]",12,54,54,0.0,0.003025,20,0.006021010689437389,0.23533105850219727,0.24144693284204005,OPTIMAL,4.416666666666667,0.0,np_gurobi_optimal,0.0,6455.0,0.0,0,0.0,0,4.416666666666667,,,4.416666666666667,,,False,,,False,
3474483146604756949,3,12,4,"[3, 3, 3, 3]","[[4, 4, 4], [2, 6, 6], [2, 5, 9], [3, 4, 14]]",0.4,1,2,2,,CHP,"[[3], [1, 2], [1, 1, 1], [2, 1]]",8,23,54,0.5740740740740741,0.0014325,20,0.004909399896860123,0.02598404884338379,0.030975308395142554,OPTIMAL,4.416666666666667,0.0,np_gurobi_optimal,0.0,285.0,0.0,0,8.25,99,4.416666666666667,,,4.416666666666667,4.416666666666667,,False,,,False,
3474483146604756949,3,12,4,"[3, 3, 3, 3]","[[4, 4, 4], [2, 6, 6], [2, 5, 9], [3, 4, 14]]",0.4,1,2,2,2,PP,"[[2, 1], [1, 2], [1, 1, 1], [2, 1]]",9,30,54,0.4444444444444444,0.002659,20,0.006758814677596092,0.05034589767456055,0.05720029126807118,OPTIMAL,4.416666666666667,0.0,np_gurobi_optimal,0.0,712.0,0.0,0,4.5,54,4.416666666666667,4.416666666666667,4.416666666666667,4.416666666666667,4.416666666666667,4.416666666666667,True,True,4.5,True,True
3474483146604756949,3,12,4,"[3, 3, 3, 3]","[[4, 4, 4], [2, 6, 6], [2, 5, 9], [3, 4, 14]]",0.4,1,2,2,3,PP,"[[3], [1, 2], [1, 1, 1], [2, 1]]",8,23,54,0.5740740740740741,0.002589,20,0.006759156472980976,0.033104896545410156,0.039957499986125466,OPTIMAL,4.416666666666667,0.0,np_gurobi_optimal,0.0,285.0,0.0,0,6.0,72,4.416666666666667,4.416666666666667,4.416666666666667,4.416666666666667,4.416666666666667,4.416666666666667,True,True,6.0,True,True
3474483146604756949,3,12,4,"[3, 3, 3, 3]","[[4, 4, 4], [2, 6, 6], [2, 5, 9], [3, 4, 14]]",0.4,1,2,2,4,PP,"[[3], [1, 2], [1, 1, 1], [2, 1]]",8,23,54,0.5740740740740741,0.0025785,20,0.006095043383538723,0.029905080795288086,0.036098186525789264,OPTIMAL,4.416666666666667,0.0,np_gurobi_optimal,0.0,285.0,0.0,0,6.75,81,4.416666666666667,4.416666666666667,4.416666666666667,4.416666666666667,4.416666666666667,4.416666666666667,True,True,6.75,True,True
3474483146604756949,3,12,4,"[3, 3, 3, 3]","[[4, 4, 4], [2, 6, 6], [2, 5, 9], [3, 4, 14]]",0.4,1,2,2,5,PP,"[[3], [1, 2], [1, 1, 1], [2, 1]]",8,23,54,0.5740740740740741,0.0014375,20,0.004828058183193207,0.02519702911376953,0.030090777672708034,OPTIMAL,4.416666666666667,0.0,np_gurobi_optimal,0.0,285.0,0.0,0,6.75,81,4.416666666666667,4.416666666666667,4.416666666666667,4.416666666666667,4.416666666666667,4.416666666666667,True,True,6.75,True,True
3474483146604756949,3,12,4,"[3, 3, 3, 3]","[[4, 4, 4], [2, 6, 6], [2, 5, 9], [3, 4, 14]]",0.4,1,2,3,,CHP,"[[3], [1, 2], [2, 1], [2, 1]]",7,18,54,0.6666666666666667,0.001397,20,0.004028208553791046,0.009518861770629883,0.013605400004729748,OPTIMAL,4.416666666666667,0.0,np_gurobi_optimal,0.0,1.0,1.6666666666666667,20,18.333333333333332,220,4.416666666666667,,,4.416666666666667,4.416666666666667,,False,,,False,
3474483146604756949,3,12,4,"[3, 3, 3, 3]","[[4, 4, 4], [2, 6, 6], [2, 5, 9], [3, 4, 14]]",0.4,1,2,3,2,PP,"[[2, 1], [1, 2], [2, 1], [2, 1]]",8,24,54,0.5555555555555556,0.004096,20,0.004576357081532478,0.02231001853942871,0.02696178205917692,OPTIMAL,4.416666666666667,0.0,np_gurobi_optimal,0.0,178.0,1.6666666666666667,20,10.0,120,4.416666666666667,4.416666666666667,4.416666666666667,4.416666666666667,4.416666666666667,4.416666666666667,True,True,10.0,True,True
3474483146604756949,3,12,4,"[3, 3, 3, 3]","[[4, 4, 4], [2, 6, 6], [2, 5, 9], [3, 4, 14]]",0.4,1,2,3,3,PP,"[[3], [1, 2], [2, 1], [2, 1]]",7,18,54,0.6666666666666667,0.0020135,20,0.005302956327795982,0.011196136474609375,0.01657013686295843,OPTIMAL,4.416666666666667,0.0,np_gurobi_optimal,0.0,1.0,1.6666666666666667,20,13.333333333333334,160,4.416666666666667,4.416666666666667,4.416666666666667,4.416666666666667,4.416666666666667,4.416666666666667,True,True,13.333333333333334,True,True
3474483146604756949,3,12,4,"[3, 3, 3, 3]","[[4, 4, 4], [2, 6, 6], [2, 5, 9], [3, 4, 14]]",0.4,1,2,3,4,PP,"[[3], [1, 2], [2, 1], [2, 1]]",7,18,54,0.6666666666666667,0.0025285,20,0.0054522305727005005,0.011623859405517578,0.017154653515854837,OPTIMAL,4.416666666666667,0.0,np_gurobi_optimal,0.0,1.0,1.6666666666666667,20,15.0,180,4.416666666666667,4.416666666666667,4.416666666666667,4.416666666666667,4.416666666666667,4.416666666666667,True,True,15.0,True,True
3474483146604756949,3,12,4,"[3, 3, 3, 3]","[[4, 4, 4], [2, 6, 6], [2, 5, 9], [3, 4, 14]]",0.4,1,2,3,5,PP,"[[3], [1, 2], [2, 1], [2, 1]]",7,18,54,0.6666666666666667,0.001933,20,0.0048805465921759605,0.009596109390258789,0.014547357841344357,OPTIMAL,4.416666666666667,0.0,np_gurobi_optimal,0.0,1.0,1.6666666666666667,20,15.0,180,4.416666666666667,4.416666666666667,4.416666666666667,4.416666666666667,4.416666666666667,4.416666666666667,True,True,15.0,True,True
3474483146604756949,3,12,4,"[3, 3, 3, 3]","[[4, 4, 4], [2, 6, 6], [2, 5, 9], [3, 4, 14]]",0.4,1,2,4,,CHP,"[[3], [3], [3], [2, 1]]",5,9,54,0.8333333333333334,0.003545,20,0.004532760940492153,0.0038862228393554688,0.008475079587442876,OPTIMAL,5.083333333333333,0.6666666666666661,np_gurobi_optimal,0.0,1.0,6.583333333333333,79,28.416666666666668,341,4.416666666666667,,,4.416666666666667,5.083333333333333,,False,,,False,
3474483146604756949,3,12,4,"[3, 3, 3, 3]","[[4, 4, 4], [2, 6, 6], [2, 5, 9], [3, 4, 14]]",0.4,1,2,4,2,PP,"[[2, 1], [2, 1], [2, 1], [2, 1]]",8,24,54,0.5555555555555556,0.0014925,20,0.003992926329374313,0.020830869674682617,0.024877242333881854,OPTIMAL,5.083333333333333,0.6666666666666661,np_gurobi_optimal,0.0,196.0,4.25,51,15.5,186,4.416666666666667,5.083333333333333,5.083333333333333,4.416666666666667,5.083333333333333,5.083333333333333,True,True,14.833333333333334,True,True
3474483146604756949,3,12,4,"[3, 3, 3, 3]","[[4, 4, 4], [2, 6, 6], [2, 5, 9], [3, 4, 14]]",0.4,1,2,4,3,PP,"[[3], [3], [3], [2, 1]]",5,9,54,0.8333333333333334,0.0037755,20,0.004208290949463844,0.004018068313598633,0.008283981040359021,OPTIMAL,5.083333333333333,0.6666666666666661,np_gurobi_optimal,0.0,1.0,6.583333333333333,79,20.666666666666668,248,4.416666666666667,5.083333333333333,5.083333333333333,4.416666666666667,5.083333333333333,5.083333333333333,True,True,20.0,True,True
3474483146604756949,3,12,4,"[3, 3, 3, 3]","[[4, 4, 4], [2, 6, 6], [2, 5, 9], [3, 4, 14]]",0.4,1,2,4,4,PP,"[[3], [3], [3], [2, 1]]",5,9,54,0.8333333333333334,0.001472,20,0.003983351401984692,0.003975868225097656,0.00801373231035185,OPTIMAL,5.083333333333333,0.6666666666666661,np_gurobi_optimal,0.0,1.0,6.583333333333333,79,23.25,279,4.416666666666667,5.083333333333333,5.083333333333333,4.416666666666667,5.083333333333333,5.083333333333333,True,True,22.583333333333336,True,True
3474483146604756949,3,12,4,"[3, 3, 3, 3]","[[4, 4, 4], [2, 6, 6], [2, 5, 9], [3, 4, 14]]",0.4,1,2,4,5,PP,"[[3], [3], [3], [2, 1]]",5,9,54,0.8333333333333334,0.0037205,20,0.004312568344175816,0.0038580894470214844,0.008227950759656906,OPTIMAL,5.083333333333333,0.6666666666666661,np_gurobi_optimal,0.0,1.0,6.583333333333333,79,23.25,279,4.416666666666667,5.083333333333333,5.083333333333333,4.416666666666667,5.083333333333333,5.083333333333333,True,True,22.583333333333336,True,True
11775835312098478779,4,12,4,"[3, 3, 3, 3]","[[5, 13, 17], [4, 5, 7], [1, 1, 7], [3, 3, 7]]",0.4,1,2,,1,NP,"[[1, 1, 1], [1, 1, 1], [1, 1, 1], [1, 1, 1]]",12,54,54,0.0,0.001157,20,0.004795748740434647,0.08312296867370605,0.08797677077286911,OPTIMAL,2.9166666666666665,0.0,np_gurobi_optimal,0.0,949.0,0.0,0,0.0,0,2.9166666666666665,,,2.9166666666666665,,,False,,,False,
11775835312098478779,4,12,4,"[3, 3, 3, 3]","[[5, 13, 17], [4, 5, 7], [1, 1, 7], [3, 3, 7]]",0.4,1,2,2,,CHP,"[[1, 1, 1], [3], [2, 1], [2, 1]]",8,23,54,0.5740740740740741,0.002404,20,0.005603218451142311,0.010046958923339844,0.015720220539108754,OPTIMAL,2.9166666666666665,0.0,np_gurobi_optimal,0.0,1.0,0.6666666666666666,8,8.25,99,2.9166666666666665,,,2.9166666666666665,2.9166666666666665,,False,,,False,
11775835312098478779,4,12,4,"[3, 3, 3, 3]","[[5, 13, 17], [4, 5, 7], [1, 1, 7], [3, 3, 7]]",0.4,1,2,2,2,PP,"[[1, 1, 1], [2, 1], [2, 1], [2, 1]]",9,30,54,0.4444444444444444,0.001392,20,0.004286919720470905,0.015088081359863281,0.01942901653109026,OPTIMAL,2.9166666666666665,0.0,np_gurobi_optimal,0.0,181.0,0.0,0,4.5,54,2.9166666666666665,2.9166666666666665,2.9166666666666665,2.9166666666666665,2.9166666666666665,2.9166666666666665,True,True,4.5,True,True
11775835312098478779,4,12,4,"[3, 3, 3, 3]","[[5, 13, 17], [4, 5, 7], [1, 1, 7], [3, 3, 7]]",0.4,1,2,2,3,PP,"[[1, 1, 1], [3], [2, 1], [2, 1]]",8,23,54,0.5740740740740741,0.001382,20,0.004114769399166107,0.008085012435913086,0.012251237324625968,OPTIMAL,2.9166666666666665,0.0,np_gurobi_optimal,0.0,1.0,0.6666666666666666,8,6.0,72,2.9166666666666665,2.9166666666666665,2.9166666666666665,2.9166666666666665,2.9166666666666665,2.9166666666666665,True,True,6.0,True,True
11775835312098478779,4,12,4,"[3, 3, 3, 3]","[[5, 13, 17], [4, 5, 7], [1, 1, 7], [3, 3, 7]]",0.4,1,2,2,4,PP,"[[1, 1, 1], [3], [2, 1], [2, 1]]",8,23,54,0.5740740740740741,0.001422,20,0.003975138068199158,0.007676839828491211,0.011702338104018687,OPTIMAL,2.9166666666666665,0.0,np_gurobi_optimal,0.0,1.0,0.6666666666666666,8,6.75,81,2.9166666666666665,2.9166666666666665,2.9166666666666665,2.9166666666666665,2.9166666666666665,2.9166666666666665,True,True,6.75,True,True
11775835312098478779,4,12,4,"[3, 3, 3, 3]","[[5, 13, 17], [4, 5, 7], [1, 1, 7], [3, 3, 7]]",0.4,1,2,2,5,PP,"[[1, 1, 1], [3], [2, 1], [2, 1]]",8,23,54,0.5740740740740741,0.0014075,20,0.004518418572843075,0.007283926010131836,0.011853882383198738,OPTIMAL,2.9166666666666665,0.0,np_gurobi_optimal,0.0,1.0,0.6666666666666666,8,6.75,81,2.9166666666666665,2.9166666666666665,2.9166666666666665,2.9166666666666665,2.9166666666666665,2.9166666666666665,True,True,6.75,True,True
11775835312098478779,4,12,4,"[3, 3, 3, 3]","[[5, 13, 17], [4, 5, 7], [1, 1, 7], [3, 3, 7]]",0.4,1,2,3,,CHP,"[[1, 1, 1], [3], [2, 1], [2, 1]]",8,23,54,0.5740740740740741,0.001332,20,0.004032154567539692,0.00748896598815918,0.011570308566195488,OPTIMAL,2.9166666666666665,0.0,np_gurobi_optimal,0.0,1.0,0.6666666666666666,8,18.333333333333332,220,2.9166666666666665,,,2.9166666666666665,2.9166666666666665,,False,,,False,
11775835312098478779,4,12,4,"[3, 3, 3, 3]","[[5, 13, 17], [4, 5, 7], [1, 1, 7], [3, 3, 7]]",0.4,1,2,3,2,PP,"[[1, 1, 1], [2, 1], [2, 1], [2, 1]]",9,30,54,0.4444444444444444,0.0013925,20,0.0040692612528800964,0.015161991119384766,0.019285940737919807,OPTIMAL,2.9166666666666665,0.0,np_gurobi_optimal,0.0,181.0,0.0,0,10.0,120,2.9166666666666665,2.9166666666666665,2.9166666666666665,2.9166666666666665,2.9166666666666665,2.9166666666666665,True,True,10.0,True,True
11775835312098478779,4,12,4,"[3, 3, 3, 3]","[[5, 13, 17], [4, 5, 7], [1, 1, 7], [3, 3, 7]]",0.4,1,2,3,3,PP,"[[1, 1, 1], [3], [2, 1], [2, 1]]",8,23,54,0.5740740740740741,0.001407,20,0.003990521654486656,0.007731914520263672,0.011774271498198033,OPTIMAL,2.9166666666666665,0.0,np_gurobi_optimal,0.0,1.0,0.6666666666666666,8,13.333333333333334,160,2.9166666666666665,2.9166666666666665,2.9166666666666665,2.9166666666666665,2.9166666666666665,2.9166666666666665,True,True,13.333333333333334,True,True
11775835312098478779,4,12,4,"[3, 3, 3, 3]","[[5, 13, 17], [4, 5, 7], [1, 1, 7], [3, 3, 7]]",0.4,1,2,3,4,PP,"[[1, 1, 1], [3], [2, 1], [2, 1]]",8,23,54,0.5740740740740741,0.0014475,20,0.0039952583611011505,0.007454872131347656,0.011501139254579544,OPTIMAL,2.9166666666666665,0.0,np_gurobi_optimal,0.0,1.0,0.6666666666666666,8,15.0,180,2.9166666666666665,2.9166666666666665,2.9166666666666665,2.9166666666666665,2.9166666666666665,2.9166666666666665,True,True,15.0,True,True
11775835312098478779,4,12,4,"[3, 3, 3, 3]","[[5, 13, 17], [4, 5, 7], [1, 1, 7], [3, 3, 7]]",0.4,1,2,3,5,PP,"[[1, 1, 1], [3], [2, 1], [2, 1]]",8,23,54,0.5740740740740741,0.001407,20,0.004004201851785183,0.007585048675537109,0.011639958019132137,OPTIMAL,2.9166666666666665,0.0,np_gurobi_optimal,0.0,1.0,0.6666666666666666,8,15.0,180,2.9166666666666665,2.9166666666666665,2.9166666666666665,2.9166666666666665,2.9166666666666665,2.9166666666666665,True,True,15.0,True,True
11775835312098478779,4,12,4,"[3, 3, 3, 3]","[[5, 13, 17], [4, 5, 7], [1, 1, 7], [3, 3, 7]]",0.4,1,2,4,,CHP,"[[1, 2], [3], [2, 1], [3]]",6,13,54,0.7592592592592593,0.001407,20,0.003748376853764057,0.002788066864013672,0.006585829662854195,OPTIMAL,3.0833333333333335,0.16666666666666696,np_gurobi_optimal,0.0,1.0,5.333333333333333,64,28.416666666666668,341,2.9166666666666665,,,2.9166666666666665,3.0833333333333335,,False,,,False,
11775835312098478779,4,12,4,"[3, 3, 3, 3]","[[5, 13, 17], [4, 5, 7], [1, 1, 7], [3, 3, 7]]",0.4,1,2,4,2,PP,"[[1, 2], [2, 1], [2, 1], [2, 1]]",8,24,54,0.5555555555555556,0.001432,20,0.004007406532764435,0.015455007553100586,0.019514314456183433,OPTIMAL,2.9166666666666665,0.0,np_gurobi_optimal,0.0,179.0,2.3333333333333335,28,15.5,186,2.9166666666666665,3.0833333333333335,2.9166666666666665,2.9166666666666665,3.0833333333333335,2.9166666666666665,True,True,15.5,True,True
11775835312098478779,4,12,4,"[3, 3, 3, 3]","[[5, 13, 17], [4, 5, 7], [1, 1, 7], [3, 3, 7]]",0.4,1,2,4,3,PP,"[[1, 2], [3], [2, 1], [3]]",6,13,54,0.7592592592592593,0.003546,20,0.004129081033170223,0.0034809112548828125,0.0076629728903136254,OPTIMAL,3.0833333333333335,0.16666666666666696,np_gurobi_optimal,0.0,1.0,5.333333333333333,64,20.666666666666668,248,2.9166666666666665,3.0833333333333335,3.0833333333333335,2.9166666666666665,3.0833333333333335,3.0833333333333335,True,True,20.5,True,True
11775835312098478779,4,12,4,"[3, 3, 3, 3]","[[5, 13, 17], [4, 5, 7], [1, 1, 7], [3, 3, 7]]",0.4,1,2,4,4,PP,"[[1, 2], [3], [2, 1], [3]]",6,13,54,0.7592592592592593,0.001417,20,0.003797059878706932,0.002975940704345703,0.006824380245213032,OPTIMAL,3.0833333333333335,0.16666666666666696,np_gurobi_optimal,0.0,1.0,5.333333333333333,64,23.25,279,2.9166666666666665,3.0833333333333335,3.0833333333333335,2.9166666666666665,3.0833333333333335,3.0833333333333335,True,True,23.083333333333332,True,True
11775835312098478779,4,12,4,"[3, 3, 3, 3]","[[5, 13, 17], [4, 5, 7], [1, 1, 7], [3, 3, 7]]",0.4,1,2,4,5,PP,"[[1, 2], [3], [2, 1], [3]]",6,13,54,0.7592592592592593,0.001392,20,0.003793482668697834,0.002872943878173828,0.006718054086546421,OPTIMAL,3.0833333333333335,0.16666666666666696,np_gurobi_optimal,0.0,1.0,5.333333333333333,64,23.25,279,2.9166666666666665,3.0833333333333335,3.0833333333333335,2.9166666666666665,3.0833333333333335,3.0833333333333335,True,True,23.083333333333332,True,True
9217500497558177928,5,12,4,"[3, 3, 3, 3]","[[3, 3, 6], [9, 13, 13], [0, 0, 2], [1, 4, 7]]",0.4,1,2,,1,NP,"[[1, 1, 1], [1, 1, 1], [1, 1, 1], [1, 1, 1]]",12,54,54,0.0,0.0011815,20,0.00488186813890934,0.03370499610900879,0.03864026314203167,OPTIMAL,1.9166666666666667,0.0,np_gurobi_optimal,0.0,1.0,0.0,0,0.0,0,1.9166666666666667,,,1.9166666666666667,,,False,,,False,
9217500497558177928,5,12,4,"[3, 3, 3, 3]","[[3, 3, 6], [9, 13, 13], [0, 0, 2], [1, 4, 7]]",0.4,1,2,2,,CHP,"[[2, 1], [1, 2], [3], [1, 1, 1]]",8,23,54,0.5740740740740741,0.001337,20,0.004193448461592197,0.0036771297454833984,0.00792283992545557,OPTIMAL,1.9166666666666667,0.0,np_gurobi_optimal,0.0,1.0,0.6666666666666666,8,8.25,99,1.9166666666666667,,,1.9166666666666667,1.9166666666666667,,False,,,False,
9217500497558177928,5,12,4,"[3, 3, 3, 3]","[[3, 3, 6], [9, 13, 13], [0, 0, 2], [1, 4, 7]]",0.4,1,2,2,2,PP,"[[2, 1], [1, 2], [2, 1], [1, 1, 1]]",9,30,54,0.4444444444444444,0.001427,20,0.00419915746897459,0.005791187286376953,0.01004143173767519,OPTIMAL,1.9166666666666667,0.0,np_gurobi_optimal,0.0,1.0,0.0,0,4.5,54,1.9166666666666667,1.9166666666666667,1.9166666666666667,1.9166666666666667,1.9166666666666667,1.9166666666666667,True,True,4.5,True,True
9217500497558177928,5,12,4,"[3, 3, 3, 3]","[[3, 3, 6], [9, 13, 13], [0, 0, 2], [1, 4, 7]]",0.4,1,2,2,3,PP,"[[2, 1], [1, 2], [3], [1, 1, 1]]",8,23,54,0.5740740740740741,0.001392,20,0.003993975929915905,0.003231048583984375,0.007275757052580834,OPTIMAL,1.9166666666666667,0.0,np_gurobi_optimal,0.0,1.0,0.6666666666666666,8,6.0,72,1.9166666666666667,1.9166666666666667,1.9166666666666667,1.9166666666666667,1.9166666666666667,1.9166666666666667,True,True,6.0,True,True
9217500497558177928,5,12,4,"[3, 3, 3, 3]","[[3, 3, 6], [9, 13, 13], [0, 0, 2], [1, 4, 7]]",0.4,1,2,2,4,PP,"[[2, 1], [1, 2], [3], [1, 1, 1]]",8,23,54,0.5740740740740741,0.003655,20,0.004247779957950115,0.003306150436401367,0.007607617905704975,OPTIMAL,1.9166666666666667,0.0,np_gurobi_optimal,0.0,1.0,0.6666666666666666,8,6.75,81,1.9166666666666667,1.9166666666666667,1.9166666666666667,1.9166666666666667,1.9166666666666667,1.9166666666666667,True,True,6.75,True,True
9217500497558177928,5,12,4,"[3, 3, 3, 3]","[[3, 3, 6], [9, 13, 13], [0, 0, 2], [1, 4, 7]]",0.4,1,2,2,5,PP,"[[2, 1], [1, 2], [3], [1, 1, 1]]",8,23,54,0.5740740740740741,0.003455,20,0.004252077080309391,0.003123044967651367,0.007427296394484043,OPTIMAL,1.9166666666666667,0.0,np_gurobi_optimal,0.0,1.0,0.6666666666666666,8,6.75,81,1.9166666666666667,1.9166666666666667,1.9166666666666667,1.9166666666666667,1.9166666666666667,1.9166666666666667,True,True,6.75,True,True
9217500497558177928,5,12,4,"[3, 3, 3, 3]","[[3, 3, 6], [9, 13, 13], [0, 0, 2], [1, 4, 7]]",0.4,1,2,3,,CHP,"[[3], [1, 2], [3], [3]]",5,9,54,0.8333333333333334,0.00332,20,0.004041367210447788,0.0019600391387939453,0.006053884348697663,OPTIMAL,1.9166666666666667,0.0,np_gurobi_optimal,0.0,1.0,5.333333333333333,64,18.333333333333332,220,1.9166666666666667,,,1.9166666666666667,1.9166666666666667,,False,,,False,
9217500497558177928,5,12,4,"[3, 3, 3, 3]","[[3, 3, 6], [9, 13, 13], [0, 0, 2], [1, 4, 7]]",0.4,1,2,3,2,PP,"[[2, 1], [1, 2], [2, 1], [2, 1]]",8,24,54,0.5555555555555556,0.003576,20,0.004437816329300404,0.0032989978790283203,0.0077908054932603835,OPTIMAL,1.9166666666666667,0.0,np_gurobi_optimal,0.0,1.0,1.6666666666666667,20,10.0,120,1.9166666666666667,1.9166666666666667,1.9166666666666667,1.9166666666666667,1.9166666666666667,1.9166666666666667,True,True,10.0,True,True
9217500497558177928,5,12,4,"[3, 3, 3, 3]","[[3, 3, 6], [9, 13, 13], [0, 0, 2], [1, 4, 7]]",0.4,1,2,3,3,PP,"[[3], [1, 2], [3], [3]]",5,9,54,0.8333333333333334,0.003636,20,0.004173659719526768,0.0016150474548339844,0.0058429326166138645,OPTIMAL,1.9166666666666667,0.0,np_gurobi_optimal,0.0,1.0,5.333333333333333,64,13.333333333333334,160,1.9166666666666667,1.9166666666666667,1.9166666666666667,1.9166666666666667,1.9166666666666667,1.9166666666666667,True,True,13.333333333333334,True,True
9217500497558177928,5,12,4,"[3, 3, 3, 3]","[[3, 3, 6], [9, 13, 13], [0, 0, 2], [1, 4, 7]]",0.4,1,2,3,4,PP,"[[3], [1, 2], [3], [3]]",5,9,54,0.8333333333333334,0.0036655,20,0.004170222207903862,0.0016219615936279297,0.005846346542850017,OPTIMAL,1.9166666666666667,0.0,np_gurobi_optimal,0.0,1.0,5.333333333333333,64,15.0,180,1.9166666666666667,1.9166666666666667,1.9166666666666667,1.9166666666666667,1.9166666666666667,1.9166666666666667,True,True,15.0,True,True
9217500497558177928,5,12,4,"[3, 3, 3, 3]","[[3, 3, 6], [9, 13, 13], [0, 0, 2], [1, 4, 7]]",0.4,1,2,3,5,PP,"[[3], [1, 2], [3], [3]]",5,9,54,0.8333333333333334,0.003805,20,0.004170943982899189,0.0016379356384277344,0.005861728999428749,OPTIMAL,1.9166666666666667,0.0,np_gurobi_optimal,0.0,1.0,5.333333333333333,64,15.0,180,1.9166666666666667,1.9166666666666667,1.9166666666666667,1.9166666666666667,1.9166666666666667,1.9166666666666667,True,True,15.0,True,True
9217500497558177928,5,12,4,"[3, 3, 3, 3]","[[3, 3, 6], [9, 13, 13], [0, 0, 2], [1, 4, 7]]",0.4,1,2,4,,CHP,"[[3], [3], [3], [3]]",4,6,54,0.8888888888888888,0.00344,20,0.004044834524393082,0.0016219615936279297,0.005719931490602494,OPTIMAL,1.9166666666666667,0.0,np_gurobi_optimal,0.0,1.0,7.916666666666667,95,28.416666666666668,341,1.9166666666666667,,,1.9166666666666667,1.9166666666666667,,False,,,False,
9217500497558177928,5,12,4,"[3, 3, 3, 3]","[[3, 3, 6], [9, 13, 13], [0, 0, 2], [1, 4, 7]]",0.4,1,2,4,2,PP,"[[2, 1], [2, 1], [2, 1], [2, 1]]",8,24,54,0.5555555555555556,0.0041065,20,0.004631740972399712,0.0034110546112060547,0.008103728593141079,OPTIMAL,1.9166666666666667,0.0,np_gurobi_optimal,0.0,1.0,4.25,51,15.5,186,1.9166666666666667,1.9166666666666667,1.9166666666666667,1.9166666666666667,1.9166666666666667,1.9166666666666667,True,True,15.5,True,True
9217500497558177928,5,12,4,"[3, 3, 3, 3]","[[3, 3, 6], [9, 13, 13], [0, 0, 2], [1, 4, 7]]",0.4,1,2,4,3,PP,"[[3], [3], [3], [3]]",4,6,54,0.8888888888888888,0.002654,20,0.005559643730521202,0.002167940139770508,0.007808011687175274,OPTIMAL,1.9166666666666667,0.0,np_gurobi_optimal,0.0,1.0,7.916666666666667,95,20.666666666666668,248,1.9166666666666667,1.9166666666666667,1.9166666666666667,1.9166666666666667,1.9166666666666667,1.9166666666666667,True,True,20.666666666666668,True,True
9217500497558177928,5,12,4,"[3, 3, 3, 3]","[[3, 3, 6], [9, 13, 13], [0, 0, 2], [1, 4, 7]]",0.4,1,2,4,4,PP,"[[3], [3], [3], [3]]",4,6,54,0.8888888888888888,0.002624,20,0.004882168956100941,0.0017349720001220703,0.006690753156827926,OPTIMAL,1.9166666666666667,0.0,np_gurobi_optimal,0.0,1.0,7.916666666666667,95,23.25,279,1.9166666666666667,1.9166666666666667,1.9166666666666667,1.9166666666666667,1.9166666666666667,1.9166666666666667,True,True,23.25,True,True
9217500497558177928,5,12,4,"[3, 3, 3, 3]","[[3, 3, 6], [9, 13, 13], [0, 0, 2], [1, 4, 7]]",0.4,1,2,4,5,PP,"[[3], [3], [3], [3]]",4,6,54,0.8888888888888888,0.001883,20,0.00459623709321022,0.0017459392547607422,0.00642090556757021,OPTIMAL,1.9166666666666667,0.0,np_gurobi_optimal,0.0,1.0,7.916666666666667,95,23.25,279,1.9166666666666667,1.9166666666666667,1.9166666666666667,1.9166666666666667,1.9166666666666667,1.9166666666666667,True,True,23.25,True,True
7523635479569691089,6,12,4,"[3, 3, 3, 3]","[[2, 4, 8], [2, 4, 7], [2, 2, 10], [14, 14, 15]]",0.4,1,2,,1,NP,"[[1, 1, 1], [1, 1, 1], [1, 1, 1], [1, 1, 1]]",12,54,54,0.0,0.001572,20,0.004948589019477367,0.039817094802856445,0.0448212362100811,OPTIMAL,2.5,0.0,np_gurobi_optimal,0.0,371.0,0.0,0,0.0,0,2.5,,,2.5,,,False,,,False,
7523635479569691089,6,12,4,"[3, 3, 3, 3]","[[2, 4, 8], [2, 4, 7], [2, 2, 10], [14, 14, 15]]",0.4,1,2,2,,CHP,"[[2, 1], [2, 1], [2, 1], [3]]",7,18,54,0.6666666666666667,0.0014275,20,0.004435914568603039,0.0027780532836914062,0.007273449344983101,OPTIMAL,2.5,0.0,np_gurobi_optimal,0.0,1.0,1.5,18,8.25,99,2.5,,,2.5,2.5,,False,,,False,
7523635479569691089,6,12,4,"[3, 3, 3, 3]","[[2, 4, 8], [2, 4, 7], [2, 2, 10], [14, 14, 15]]",0.4,1,2,2,2,PP,"[[2, 1], [2, 1], [2, 1], [2, 1]]",8,24,54,0.5555555555555556,0.0037605,20,0.004654816351830959,0.003462076187133789,0.008178917510555267,OPTIMAL,2.5,0.0,np_gurobi_optimal,0.0,1.0,1.5,18,4.5,54,2.5,2.5,2.5,2.5,2.5,2.5,True,True,4.5,True,True
7523635479569691089,6,12,4,"[3, 3, 3, 3]","[[2, 4, 8], [2, 4, 7], [2, 2, 10], [14, 14, 15]]",0.4,1,2,2,3,PP,"[[2, 1], [2, 1], [2, 1], [3]]",7,18,54,0.6666666666666667,0.00389,20,0.004395132884383202,0.00308990478515625,0.007543736003055573,OPTIMAL,2.5,0.0,np_gurobi_optimal,0.0,1.0,1.5,18,6.0,72,2.5,2.5,2.5,2.5,2.5,2.5,True,True,6.0,True,True
7523635479569691089,6,12,4,"[3, 3, 3, 3]","[[2, 4, 8], [2, 4, 7], [2, 2, 10], [14, 14, 15]]",0.4,1,2,2,4,PP,"[[2, 1], [2, 1], [2, 1], [3]]",7,18,54,0.6666666666666667,0.001908,20,0.00461672805249691,0.0032129287719726562,0.007892934325523853,OPTIMAL,2.5,0.0,np_gurobi_optimal,0.0,1.0,1.5,18,6.75,81,2.5,2.5,2.5,2.5,2.5,2.5,True,True,6.75,True,True
7523635479569691089,6,12,4,"[3, 3, 3, 3]","[[2, 4, 8], [2, 4, 7], [2, 2, 10], [14, 14, 15]]",0.4,1,2,2,5,PP,"[[2, 1], [2, 1], [2, 1], [3]]",7,18,54,0.6666666666666667,0.001893,20,0.004548464901745319,0.0033121109008789062,0.007923366123133182,OPTIMAL,2.5,0.0,np_gurobi_optimal,0.0,1.0,1.5,18,6.75,81,2.5,2.5,2.5,2.5,2.5,2.5,True,True,6.75,True,True
7523635479569691089,6,12,4,"[3, 3, 3, 3]","[[2, 4, 8], [2, 4, 7], [2, 2, 10], [14, 14, 15]]",0.4,1,2,3,,CHP,"[[2, 1], [3], [2, 1], [3]]",6,13,54,0.7592592592592593,0.001798,20,0.0044812532141804695,0.0033600330352783203,0.00790998114999342,OPTIMAL,2.5,0.0,np_gurobi_optimal,0.0,1.0,3.0,36,18.333333333333332,220,2.5,,,2.5,2.5,,False,,,False,
7523635479569691089,6,12,4,"[3, 3, 3, 3]","[[2, 4, 8], [2, 4, 7], [2, 2, 10], [14, 14, 15]]",0.4,1,2,3,2,PP,"[[2, 1], [2, 1], [2, 1], [2, 1]]",8,24,54,0.5555555555555556,0.001998,20,0.004848398268222809,0.0035600662231445312,0.008474774040434837,OPTIMAL,2.5,0.0,np_gurobi_optimal,0.0,1.0,1.5,18,10.0,120,2.5,2.5,2.5,2.5,2.5,2.5,True,True,10.0,True,True
7523635479569691089,6,12,4,"[3, 3, 3, 3]","[[2, 4, 8], [2, 4, 7], [2, 2, 10], [14, 14, 15]]",0.4,1,2,3,3,PP,"[[2, 1], [3], [2, 1], [3]]",6,13,54,0.7592592592592593,0.001933,20,0.004320920445024967,0.0033349990844726562,0.007718136108429909,OPTIMAL,2.5,0.0,np_gurobi_optimal,0.0,1.0,3.0,36,13.333333333333334,160,2.5,2.5,2.5,2.5,2.5,2.5,True,True,13.333333333333334,True,True
7523635479569691089,6,12,4,"[3, 3, 3, 3]","[[2, 4, 8], [2, 4, 7], [2, 2, 10], [14, 14, 15]]",0.4,1,2,3,4,PP,"[[2, 1], [3], [2, 1], [3]]",6,13,54,0.7592592592592593,0.001898,20,0.0043820226565003395,0.002974987030029297,0.007419268565235615,OPTIMAL,2.5,0.0,np_gurobi_optimal,0.0,1.0,3.0,36,15.0,180,2.5,2.5,2.5,2.5,2.5,2.5,True,True,15.0,True,True
7523635479569691089,6,12,4,"[3, 3, 3, 3]","[[2, 4, 8], [2, 4, 7], [2, 2, 10], [14, 14, 15]]",0.4,1,2,3,5,PP,"[[2, 1], [3], [2, 1], [3]]",6,13,54,0.7592592592592593,0.0019175,20,0.0044457996264100075,0.002644062042236328,0.007151434104840756,OPTIMAL,2.5,0.0,np_gurobi_optimal,0.0,1.0,3.0,36,15.0,180,2.5,2.5,2.5,2.5,2.5,2.5,True,True,15.0,True,True
7523635479569691089,6,12,4,"[3, 3, 3, 3]","[[2, 4, 8], [2, 4, 7], [2, 2, 10], [14, 14, 15]]",0.4,1,2,4,,CHP,"[[3], [3], [2, 1], [3]]",5,9,54,0.8333333333333334,0.001872,20,0.004359479062259197,0.0018630027770996094,0.006285800640186787,OPTIMAL,2.5,0.0,np_gurobi_optimal,0.0,1.0,5.333333333333333,64,28.416666666666668,341,2.5,,,2.5,2.5,,False,,,False,
7523635479569691089,6,12,4,"[3, 3, 3, 3]","[[2, 4, 8], [2, 4, 7], [2, 2, 10], [14, 14, 15]]",0.4,1,2,4,2,PP,"[[2, 1], [2, 1], [2, 1], [2, 1]]",8,24,54,0.5555555555555556,0.001943,20,0.004753504879772663,0.003759145736694336,0.008581770845096589,OPTIMAL,2.5,0.0,np_gurobi_optimal,0.0,1.0,1.5,18,15.5,186,2.5,2.5,2.5,2.5,2.5,2.5,True,True,15.5,True,True
7523635479569691089,6,12,4,"[3, 3, 3, 3]","[[2, 4, 8], [2, 4, 7], [2, 2, 10], [14, 14, 15]]",0.4,1,2,4,3,PP,"[[3], [3], [2, 1], [3]]",5,9,54,0.8333333333333334,0.001933,20,0.004280080087482929,0.0016720294952392578,0.0060148318698124885,OPTIMAL,2.5,0.0,np_gurobi_optimal,0.0,1.0,5.333333333333333,64,20.666666666666668,248,2.5,2.5,2.5,2.5,2.5,2.5,True,True,20.666666666666668,True,True
7523635479569691089,6,12,4,"[3, 3, 3, 3]","[[2, 4, 8], [2, 4, 7], [2, 2, 10], [14, 14, 15]]",0.4,1,2,4,4,PP,"[[3], [3], [2, 1], [3]]",5,9,54,0.8333333333333334,0.001918,20,0.004250074736773968,0.002061128616333008,0.00637475069315958,OPTIMAL,2.5,0.0,np_gurobi_optimal,0.0,1.0,5.333333333333333,64,23.25,279,2.5,2.5,2.5,2.5,2.5,2.5,True,True,23.25,True,True
7523635479569691089,6,12,4,"[3, 3, 3, 3]","[[2, 4, 8], [2, 4, 7], [2, 2, 10], [14, 14, 15]]",0.4,1,2,4,5,PP,"[[3], [3], [2, 1], [3]]",5,9,54,0.8333333333333334,0.002459,20,0.004870140925049782,0.0019030570983886719,0.006850780296274662,OPTIMAL,2.5,0.0,np_gurobi_optimal,0.0,1.0,5.333333333333333,64,23.25,279,2.5,2.5,2.5,2.5,2.5,2.5,True,True,23.25,True,True
15890014567914138257,7,12,4,"[3, 3, 3, 3]","[[3, 5, 9], [5, 6, 6], [1, 3, 10], [3, 4, 4]]",0.4,1,2,,1,NP,"[[1, 1, 1], [1, 1, 1], [1, 1, 1], [1, 1, 1]]",12,54,54,0.0,0.001968,20,0.006208023056387901,0.15729784965515137,0.16357951250291394,OPTIMAL,3.75,0.0,np_gurobi_optimal,0.0,3673.0,0.0,0,0.0,0,3.75,,,3.75,,,False,,,False,
15890014567914138257,7,12,4,"[3, 3, 3, 3]","[[3, 5, 9], [5, 6, 6], [1, 3, 10], [3, 4, 4]]",0.4,1,2,2,,CHP,"[[2, 1], [3], [2, 1], [3]]",6,13,54,0.7592592592592593,0.001943,20,0.006236926652491093,0.007580995559692383,0.013914191425185681,OPTIMAL,4.333333333333333,0.583333333333333,np_gurobi_optimal,0.0,1.0,1.5,18,8.25,99,3.75,,,3.75,4.333333333333333,,False,,,False,
15890014567914138257,7,12,4,"[3, 3, 3, 3]","[[3, 5, 9], [5, 6, 6], [1, 3, 10], [3, 4, 4]]",0.4,1,2,2,2,PP,"[[2, 1], [2, 1], [2, 1], [2, 1]]",8,24,54,0.5555555555555556,0.002018,20,0.005974700674414635,0.02540111541748047,0.031468428495340824,OPTIMAL,4.333333333333333,0.583333333333333,np_gurobi_optimal,0.0,184.0,1.5,18,4.5,54,3.75,4.333333333333333,4.333333333333333,3.75,4.333333333333333,4.333333333333333,True,True,3.916666666666667,True,True
15890014567914138257,7,12,4,"[3, 3, 3, 3]","[[3, 5, 9], [5, 6, 6], [1, 3, 10], [3, 4, 4]]",0.4,1,2,2,3,PP,"[[2, 1], [3], [2, 1], [3]]",6,13,54,0.7592592592592593,0.001873,20,0.004866296425461769,0.007726192474365234,0.012666336371038436,OPTIMAL,4.333333333333333,0.583333333333333,np_gurobi_optimal,0.0,1.0,1.5,18,6.0,72,3.75,4.333333333333333,4.333333333333333,3.75,4.333333333333333,4.333333333333333,True,True,5.416666666666667,True,True
15890014567914138257,7,12,4,"[3, 3, 3, 3]","[[3, 5, 9], [5, 6, 6], [1, 3, 10], [3, 4, 4]]",0.4,1,2,2,4,PP,"[[2, 1], [3], [2, 1], [3]]",6,13,54,0.7592592592592593,0.0025335,20,0.005410968326032162,0.006104946136474609,0.011583446827634335,OPTIMAL,4.333333333333333,0.583333333333333,np_gurobi_optimal,0.0,1.0,1.5,18,6.75,81,3.75,4.333333333333333,4.333333333333333,3.75,4.333333333333333,4.333333333333333,True,True,6.166666666666667,True,True
15890014567914138257,7,12,4,"[3, 3, 3, 3]","[[3, 5, 9], [5, 6, 6], [1, 3, 10], [3, 4, 4]]",0.4,1,2,2,5,PP,"[[2, 1], [3], [2, 1], [3]]",6,13,54,0.7592592592592593,0.002479,20,0.005757060833275318,0.0064449310302734375,0.012269099993614196,OPTIMAL,4.333333333333333,0.583333333333333,np_gurobi_optimal,0.0,1.0,1.5,18,6.75,81,3.75,4.333333333333333,4.333333333333333,3.75,4.333333333333333,4.333333333333333,True,True,6.166666666666667,True,True
15890014567914138257,7,12,4,"[3, 3, 3, 3]","[[3, 5, 9], [5, 6, 6], [1, 3, 10], [3, 4, 4]]",0.4,1,2,3,,CHP,"[[2, 1], [3], [2, 1], [3]]",6,13,54,0.7592592592592593,0.001978,20,0.0048443712294101715,0.007154941558837891,0.012066442390277862,OPTIMAL,4.333333333333333,0.583333333333333,np_gurobi_optimal,0.0,1.0,1.5,18,18.333333333333332,220,3.75,,,3.75,4.333333333333333,,False,,,False,
15890014567914138257,7,12,4,"[3, 3, 3, 3]","[[3, 5, 9], [5, 6, 6], [1, 3, 10], [3, 4, 4]]",0.4,1,2,3,2,PP,"[[2, 1], [2, 1], [2, 1], [2, 1]]",8,24,54,0.5555555555555556,0.002574,20,0.005559682846069336,0.024991989135742188,0.030628084029494764,OPTIMAL,4.333333333333333,0.583333333333333,np_gurobi_optimal,0.0,184.0,1.5,18,10.0,120,3.75,4.333333333333333,4.333333333333333,3.75,4.333333333333333,4.333333333333333,True,True,9.416666666666668,True,True
15890014567914138257,7,12,4,"[3, 3, 3, 3]","[[3, 5, 9], [5, 6, 6], [1, 3, 10], [3, 4, 4]]",0.4,1,2,3,3,PP,"[[2, 1], [3], [2, 1], [3]]",6,13,54,0.7592592592592593,0.001958,20,0.005059868097305298,0.007749080657958984,0.012899822915430546,OPTIMAL,4.333333333333333,0.583333333333333,np_gurobi_optimal,0.0,1.0,1.5,18,13.333333333333334,160,3.75,4.333333333333333,4.333333333333333,3.75,4.333333333333333,4.333333333333333,True,True,12.75,True,True
15890014567914138257,7,12,4,"[3, 3, 3, 3]","[[3, 5, 9], [5, 6, 6], [1, 3, 10], [3, 4, 4]]",0.4,1,2,3,4,PP,"[[2, 1], [3], [2, 1], [3]]",6,13,54,0.7592592592592593,0.0024135,20,0.005227240733802319,0.0070688724517822266,0.012368213828552722,OPTIMAL,4.333333333333333,0.583333333333333,np_gurobi_optimal,0.0,1.0,1.5,18,15.0,180,3.75,4.333333333333333,4.333333333333333,3.75,4.333333333333333,4.333333333333333,True,True,14.416666666666668,True,True
15890014567914138257,7,12,4,"[3, 3, 3, 3]","[[3, 5, 9], [5, 6, 6], [1, 3, 10], [3, 4, 4]]",0.4,1,2,3,5,PP,"[[2, 1], [3], [2, 1], [3]]",6,13,54,0.7592592592592593,0.0025735,20,0.005779115483164787,0.006897926330566406,0.012746637011490822,OPTIMAL,4.333333333333333,0.583333333333333,np_gurobi_optimal,0.0,1.0,1.5,18,15.0,180,3.75,4.333333333333333,4.333333333333333,3.75,4.333333333333333,4.333333333333333,True,True,14.416666666666668,True,True
15890014567914138257,7,12,4,"[3, 3, 3, 3]","[[3, 5, 9], [5, 6, 6], [1, 3, 10], [3, 4, 4]]",0.4,1,2,4,,CHP,"[[3], [3], [2, 1], [3]]",5,9,54,0.8333333333333334,0.002469,20,0.005969191901385784,0.003041982650756836,0.009095031831938266,OPTIMAL,4.333333333333333,0.583333333333333,np_gurobi_optimal,0.0,1.0,3.8333333333333335,46,28.416666666666668,341,3.75,,,3.75,4.333333333333333,,False,,,False,
15890014567914138257,7,12,4,"[3, 3, 3, 3]","[[3, 5, 9], [5, 6, 6], [1, 3, 10], [3, 4, 4]]",0.4,1,2,4,2,PP,"[[2, 1], [2, 1], [2, 1], [2, 1]]",8,24,54,0.5555555555555556,0.002669,20,0.006555057130753994,0.024518966674804688,0.031200263478726387,OPTIMAL,4.333333333333333,0.583333333333333,np_gurobi_optimal,0.0,184.0,1.5,18,15.5,186,3.75,4.333333333333333,4.333333333333333,3.75,4.333333333333333,4.333333333333333,True,True,14.916666666666668,True,True
15890014567914138257,7,12,4,"[3, 3, 3, 3]","[[3, 5, 9], [5, 6, 6], [1, 3, 10], [3, 4, 4]]",0.4,1,2,4,3,PP,"[[3], [3], [2, 1], [3]]",5,9,54,0.8333333333333334,0.002383,20,0.0059782760217785835,0.003587961196899414,0.00965452168767023,OPTIMAL,4.333333333333333,0.583333333333333,np_gurobi_optimal,0.0,1.0,3.8333333333333335,46,20.666666666666668,248,3.75,4.333333333333333,4.333333333333333,3.75,4.333333333333333,4.333333333333333,True,True,20.083333333333336,True,True
15890014567914138257,7,12,4,"[3, 3, 3, 3]","[[3, 5, 9], [5, 6, 6], [1, 3, 10], [3, 4, 4]]",0.4,1,2,4,4,PP,"[[3], [3], [2, 1], [3]]",5,9,54,0.8333333333333334,0.002528,20,0.005691893398761749,0.0036928653717041016,0.009462886880460262,OPTIMAL,4.333333333333333,0.583333333333333,np_gurobi_optimal,0.0,1.0,3.8333333333333335,46,23.25,279,3.75,4.333333333333333,4.333333333333333,3.75,4.333333333333333,4.333333333333333,True,True,22.666666666666668,True,True
15890014567914138257,7,12,4,"[3, 3, 3, 3]","[[3, 5, 9], [5, 6, 6], [1, 3, 10], [3, 4, 4]]",0.4,1,2,4,5,PP,"[[3], [3], [2, 1], [3]]",5,9,54,0.8333333333333334,0.002103,20,0.005975993350148201,0.0033740997314453125,0.009440459384634971,OPTIMAL,4.333333333333333,0.583333333333333,np_gurobi_optimal,0.0,1.0,3.8333333333333335,46,23.25,279,3.75,4.333333333333333,4.333333333333333,3.75,4.333333333333333,4.333333333333333,True,True,22.666666666666668,True,True
18327763897264221812,8,12,4,"[3, 3, 3, 3]","[[5, 9, 12], [1, 4, 6], [2, 6, 8], [1, 2, 2]]",0.4,1,2,,1,NP,"[[1, 1, 1], [1, 1, 1], [1, 1, 1], [1, 1, 1]]",12,54,54,0.0,0.0015675,20,0.007459195330739021,0.14237499237060547,0.14992991098231553,OPTIMAL,3.1666666666666665,0.0,np_gurobi_optimal,0.0,1768.0,0.0,0,0.0,0,3.1666666666666665,,,3.1666666666666665,,,False,,,False,
18327763897264221812,8,12,4,"[3, 3, 3, 3]","[[5, 9, 12], [1, 4, 6], [2, 6, 8], [1, 2, 2]]",0.4,1,2,2,,CHP,"[[1, 1, 1], [1, 2], [1, 2], [3]]",8,23,54,0.5740740740740741,0.0024485,20,0.006113880313932896,0.02342700958251953,0.02962625404527044,OPTIMAL,3.1666666666666665,0.0,np_gurobi_optimal,0.0,99.0,1.3333333333333333,16,8.25,99,3.1666666666666665,,,3.1666666666666665,3.1666666666666665,,False,,,False,
18327763897264221812,8,12,4,"[3, 3, 3, 3]","[[5, 9, 12], [1, 4, 6], [2, 6, 8], [1, 2, 2]]",0.4,1,2,2,2,PP,"[[1, 1, 1], [1, 2], [1, 2], [2, 1]]",9,30,54,0.4444444444444444,0.0021635,20,0.006812066771090031,0.03664898872375488,0.04356247469823456,OPTIMAL,3.1666666666666665,0.0,np_gurobi_optimal,0.0,211.0,1.3333333333333333,16,4.5,54,3.1666666666666665,3.1666666666666665,3.1666666666666665,3.1666666666666665,3.1666666666666665,3.1666666666666665,True,True,4.5,True,True
18327763897264221812,8,12,4,"[3, 3, 3, 3]","[[5, 9, 12], [1, 4, 6], [2, 6, 8], [1, 2, 2]]",0.4,1,2,2,3,PP,"[[1, 1, 1], [1, 2], [1, 2], [3]]",8,23,54,0.5740740740740741,0.002699,20,0.006900239735841751,0.022367000579833984,0.029356726472436426,OPTIMAL,3.1666666666666665,0.0,np_gurobi_optimal,0.0,99.0,1.3333333333333333,16,6.0,72,3.1666666666666665,3.1666666666666665,3.1666666666666665,3.1666666666666665,3.1666666666666665,3.1666666666666665,True,True,6.0,True,True
18327763897264221812,8,12,4,"[3, 3, 3, 3]","[[5, 9, 12], [1, 4, 6], [2, 6, 8], [1, 2, 2]]",0.4,1,2,2,4,PP,"[[1, 1, 1], [1, 2], [1, 2], [3]]",8,23,54,0.5740740740740741,0.002338,20,0.005996493622660637,0.022899866104125977,0.028994128488362313,OPTIMAL,3.1666666666666665,0.0,np_gurobi_optimal,0.0,99.0,1.3333333333333333,16,6.75,81,3.1666666666666665,3.1666666666666665,3.1666666666666665,3.1666666666666665,3.1666666666666665,3.1666666666666665,True,True,6.75,True,True
18327763897264221812,8,12,4,"[3, 3, 3, 3]","[[5, 9, 12], [1, 4, 6], [2, 6, 8], [1, 2, 2]]",0.4,1,2,2,5,PP,"[[1, 1, 1], [1, 2], [1, 2], [3]]",8,23,54,0.5740740740740741,0.001943,20,0.00628263596445322,0.022494077682495117,0.028863836340945245,OPTIMAL,3.1666666666666665,0.0,np_gurobi_optimal,0.0,99.0,1.3333333333333333,16,6.75,81,3.1666666666666665,3.1666666666666665,3.1666666666666665,3.1666666666666665,3.1666666666666665,3.1666666666666665,True,True,6.75,True,True
18327763897264221812,8,12,4,"[3, 3, 3, 3]","[[5, 9, 12], [1, 4, 6], [2, 6, 8], [1, 2, 2]]",0.4,1,2,3,,CHP,"[[1, 2], [3], [1, 2], [3]]",6,13,54,0.7592592592592593,0.0017775,20,0.006309575401246548,0.004554033279418945,0.01095191815504074,OPTIMAL,3.1666666666666665,0.0,np_gurobi_optimal,0.0,1.0,4.5,54,18.333333333333332,220,3.1666666666666665,,,3.1666666666666665,3.1666666666666665,,False,,,False,
18327763897264221812,8,12,4,"[3, 3, 3, 3]","[[5, 9, 12], [1, 4, 6], [2, 6, 8], [1, 2, 2]]",0.4,1,2,3,2,PP,"[[1, 2], [2, 1], [1, 2], [2, 1]]",8,24,54,0.5555555555555556,0.002574,20,0.0065192533656954765,0.03014397621154785,0.036756436164914606,OPTIMAL,3.1666666666666665,0.0,np_gurobi_optimal,0.0,151.0,3.8333333333333335,46,10.0,120,3.1666666666666665,3.1666666666666665,3.1666666666666665,3.1666666666666665,3.1666666666666665,3.1666666666666665,True,True,10.0,True,True
18327763897264221812,8,12,4,"[3, 3, 3, 3]","[[5, 9, 12], [1, 4, 6], [2, 6, 8], [1, 2, 2]]",0.4,1,2,3,3,PP,"[[1, 2], [3], [1, 2], [3]]",6,13,54,0.7592592592592593,0.001993,20,0.006531842984259129,0.004222869873046875,0.010844712115316868,OPTIMAL,3.1666666666666665,0.0,np_gurobi_optimal,0.0,1.0,4.5,54,13.333333333333334,160,3.1666666666666665,3.1666666666666665,3.1666666666666665,3.1666666666666665,3.1666666666666665,3.1666666666666665,True,True,13.333333333333334,True,True
18327763897264221812,8,12,4,"[3, 3, 3, 3]","[[5, 9, 12], [1, 4, 6], [2, 6, 8], [1, 2, 2]]",0.4,1,2,3,4,PP,"[[1, 2], [3], [1, 2], [3]]",6,13,54,0.7592592592592593,0.002319,20,0.005955761298537254,0.004263877868652344,0.010303027934664727,OPTIMAL,3.1666666666666665,0.0,np_gurobi_optimal,0.0,1.0,4.5,54,15.0,180,3.1666666666666665,3.1666666666666665,3.1666666666666665,3.1666666666666665,3.1666666666666665,3.1666666666666665,True,True,15.0,True,True
18327763897264221812,8,12,4,"[3, 3, 3, 3]","[[5, 9, 12], [1, 4, 6], [2, 6, 8], [1, 2, 2]]",0.4,1,2,3,5,PP,"[[1, 2], [3], [1, 2], [3]]",6,13,54,0.7592592592592593,0.001953,20,0.005934971384704113,0.004338979721069336,0.010357434877923012,OPTIMAL,3.1666666666666665,0.0,np_gurobi_optimal,0.0,1.0,4.5,54,15.0,180,3.1666666666666665,3.1666666666666665,3.1666666666666665,3.1666666666666665,3.1666666666666665,3.1666666666666665,True,True,15.0,True,True
18327763897264221812,8,12,4,"[3, 3, 3, 3]","[[5, 9, 12], [1, 4, 6], [2, 6, 8], [1, 2, 2]]",0.4,1,2,4,,CHP,"[[3], [3], [3], [3]]",4,6,54,0.8888888888888888,0.002238,20,0.005602767691016197,0.0021178722381591797,0.007802918585205555,OPTIMAL,3.1666666666666665,0.0,np_gurobi_optimal,0.0,1.0,9.666666666666666,116,28.416666666666668,341,3.1666666666666665,,,3.1666666666666665,3.1666666666666665,,False,,,False,
18327763897264221812,8,12,4,"[3, 3, 3, 3]","[[5, 9, 12], [1, 4, 6], [2, 6, 8], [1, 2, 2]]",0.4,1,2,4,2,PP,"[[2, 1], [2, 1], [2, 1], [2, 1]]",8,24,54,0.5555555555555556,0.001983,20,0.00584693718701601,0.011232137680053711,0.017162130428512574,OPTIMAL,3.1666666666666665,0.0,np_gurobi_optimal,0.0,1.0,6.833333333333333,82,15.5,186,3.1666666666666665,3.1666666666666665,3.1666666666666665,3.1666666666666665,3.1666666666666665,3.1666666666666665,True,True,15.5,True,True
18327763897264221812,8,12,4,"[3, 3, 3, 3]","[[5, 9, 12], [1, 4, 6], [2, 6, 8], [1, 2, 2]]",0.4,1,2,4,3,PP,"[[3], [3], [3], [3]]",4,6,54,0.8888888888888888,0.002468,20,0.005993649363517761,0.001970052719116211,0.008047478268688202,OPTIMAL,3.1666666666666665,0.0,np_gurobi_optimal,0.0,1.0,9.666666666666666,116,20.666666666666668,248,3.1666666666666665,3.1666666666666665,3.1666666666666665,3.1666666666666665,3.1666666666666665,3.1666666666666665,True,True,20.666666666666668,True,True
18327763897264221812,8,12,4,"[3, 3, 3, 3]","[[5, 9, 12], [1, 4, 6], [2, 6, 8], [1, 2, 2]]",0.4,1,2,4,4,PP,"[[3], [3], [3], [3]]",4,6,54,0.8888888888888888,0.001883,20,0.004947146400809288,0.0022630691528320312,0.0072849605752663615,OPTIMAL,3.1666666666666665,0.0,np_gurobi_optimal,0.0,1.0,9.666666666666666,116,23.25,279,3.1666666666666665,3.1666666666666665,3.1666666666666665,3.1666666666666665,3.1666666666666665,3.1666666666666665,True,True,23.25,True,True
18327763897264221812,8,12,4,"[3, 3, 3, 3]","[[5, 9, 12], [1, 4, 6], [2, 6, 8], [1, 2, 2]]",0.4,1,2,4,5,PP,"[[3], [3], [3], [3]]",4,6,54,0.8888888888888888,0.002624,20,0.006015862338244915,0.002104043960571289,0.008207586126910686,OPTIMAL,3.1666666666666665,0.0,np_gurobi_optimal,0.0,1.0,9.666666666666666,116,23.25,279,3.1666666666666665,3.1666666666666665,3.1666666666666665,3.1666666666666665,3.1666666666666665,3.1666666666666665,True,True,23.25,True,True
16761794306865457259,9,12,4,"[3, 3, 3, 3]","[[1, 2, 6], [2, 7, 9], [4, 6, 8], [5, 9, 11]]",0.4,1,2,,1,NP,"[[1, 1, 1], [1, 1, 1], [1, 1, 1], [1, 1, 1]]",12,54,54,0.0,0.0014825,20,0.006007550284266472,0.1088101863861084,0.11490043981210708,OPTIMAL,3.0833333333333335,0.0,np_gurobi_optimal,0.0,1626.0,0.0,0,0.0,0,3.0833333333333335,,,3.0833333333333335,,,False,,,False,
16761794306865457259,9,12,4,"[3, 3, 3, 3]","[[1, 2, 6], [2, 7, 9], [4, 6, 8], [5, 9, 11]]",0.4,1,2,2,,CHP,"[[2, 1], [1, 2], [3], [1, 2]]",7,18,54,0.6666666666666667,0.001973,20,0.005666694603860378,0.00851297378540039,0.014259232666919709,OPTIMAL,3.0833333333333335,0.0,np_gurobi_optimal,0.0,1.0,2.75,33,8.25,99,3.0833333333333335,,,3.0833333333333335,3.0833333333333335,,False,,,False,
16761794306865457259,9,12,4,"[3, 3, 3, 3]","[[1, 2, 6], [2, 7, 9], [4, 6, 8], [5, 9, 11]]",0.4,1,2,2,2,PP,"[[2, 1], [1, 2], [2, 1], [1, 2]]",8,24,54,0.5555555555555556,0.002619,20,0.006568798795342445,0.024582862854003906,0.03124744550309801,OPTIMAL,3.0833333333333335,0.0,np_gurobi_optimal,0.0,152.0,2.0833333333333335,25,4.5,54,3.0833333333333335,3.0833333333333335,3.0833333333333335,3.0833333333333335,3.0833333333333335,3.0833333333333335,True,True,4.5,True,True
16761794306865457259,9,12,4,"[3, 3, 3, 3]","[[1, 2, 6], [2, 7, 9], [4, 6, 8], [5, 9, 11]]",0.4,1,2,2,3,PP,"[[2, 1], [1, 2], [3], [1, 2]]",7,18,54,0.6666666666666667,0.002484,20,0.006523730233311653,0.007643938064575195,0.014259022823246956,OPTIMAL,3.0833333333333335,0.0,np_gurobi_optimal,0.0,1.0,2.75,33,6.0,72,3.0833333333333335,3.0833333333333335,3.0833333333333335,3.0833333333333335,3.0833333333333335,3.0833333333333335,True,True,6.0,True,True
16761794306865457259,9,12,4,"[3, 3, 3, 3]","[[1, 2, 6], [2, 7, 9], [4, 6, 8], [5, 9, 11]]",0.4,1,2,2,4,PP,"[[2, 1], [1, 2], [3], [1, 2]]",7,18,54,0.6666666666666667,0.001968,20,0.005181111395359039,0.007861852645874023,0.013113175634210586,OPTIMAL,3.0833333333333335,0.0,np_gurobi_optimal,0.0,1.0,2.75,33,6.75,81,3.0833333333333335,3.0833333333333335,3.0833333333333335,3.0833333333333335,3.0833333333333335,3.0833333333333335,True,True,6.75,True,True
16761794306865457259,9,12,4,"[3, 3, 3, 3]","[[1, 2, 6], [2, 7, 9], [4, 6, 8], [5, 9, 11]]",0.4,1,2,2,5,PP,"[[2, 1], [1, 2], [3], [1, 2]]",7,18,54,0.6666666666666667,0.0023935,20,0.006518783047795296,0.007810115814208984,0.014414457605272293,OPTIMAL,3.0833333333333335,0.0,np_gurobi_optimal,0.0,1.0,2.75,33,6.75,81,3.0833333333333335,3.0833333333333335,3.0833333333333335,3.0833333333333335,3.0833333333333335,3.0833333333333335,True,True,6.75,True,True
16761794306865457259,9,12,4,"[3, 3, 3, 3]","[[1, 2, 6], [2, 7, 9], [4, 6, 8], [5, 9, 11]]",0.4,1,2,3,,CHP,"[[2, 1], [1, 2], [3], [1, 2]]",7,18,54,0.6666666666666667,0.0023085,20,0.005633044987916946,0.006706953048706055,0.012406046253629684,OPTIMAL,3.0833333333333335,0.0,np_gurobi_optimal,0.0,1.0,2.75,33,18.333333333333332,220,3.0833333333333335,,,3.0833333333333335,3.0833333333333335,,False,,,False,
16761794306865457259,9,12,4,"[3, 3, 3, 3]","[[1, 2, 6], [2, 7, 9], [4, 6, 8], [5, 9, 11]]",0.4,1,2,3,2,PP,"[[2, 1], [1, 2], [2, 1], [1, 2]]",8,24,54,0.5555555555555556,0.0022885,20,0.006571612320840359,0.02188396453857422,0.028542186373997688,OPTIMAL,3.0833333333333335,0.0,np_gurobi_optimal,0.0,152.0,2.0833333333333335,25,10.0,120,3.0833333333333335,3.0833333333333335,3.0833333333333335,3.0833333333333335,3.0833333333333335,3.0833333333333335,True,True,10.0,True,True
16761794306865457259,9,12,4,"[3, 3, 3, 3]","[[1, 2, 6], [2, 7, 9], [4, 6, 8], [5, 9, 11]]",0.4,1,2,3,3,PP,"[[2, 1], [1, 2], [3], [1, 2]]",7,18,54,0.6666666666666667,0.003495,20,0.004836319945752621,0.006407976150512695,0.011306919835205077,OPTIMAL,3.0833333333333335,0.0,np_gurobi_optimal,0.0,1.0,2.75,33,13.333333333333334,160,3.0833333333333335,3.0833333333333335,3.0833333333333335,3.0833333333333335,3.0833333333333335,3.0833333333333335,True,True,13.333333333333334,True,True
16761794306865457259,9,12,4,"[3, 3, 3, 3]","[[1, 2, 6], [2, 7, 9], [4, 6, 8], [5, 9, 11]]",0.4,1,2,3,4,PP,"[[2, 1], [1, 2], [3], [1, 2]]",7,18,54,0.6666666666666667,0.0014475,20,0.004503306932747364,0.006250143051147461,0.010808952377448082,OPTIMAL,3.0833333333333335,0.0,np_gurobi_optimal,0.0,1.0,2.75,33,15.0,180,3.0833333333333335,3.0833333333333335,3.0833333333333335,3.0833333333333335,3.0833333333333335,3.0833333333333335,True,True,15.0,True,True
16761794306865457259,9,12,4,"[3, 3, 3, 3]","[[1, 2, 6], [2, 7, 9], [4, 6, 8], [5, 9, 11]]",0.4,1,2,3,5,PP,"[[2, 1], [1, 2], [3], [1, 2]]",7,18,54,0.6666666666666667,0.001417,20,0.004484338685870171,0.006070137023925781,0.01060691707969141,OPTIMAL,3.0833333333333335,0.0,np_gurobi_optimal,0.0,1.0,2.75,33,15.0,180,3.0833333333333335,3.0833333333333335,3.0833333333333335,3.0833333333333335,3.0833333333333335,3.0833333333333335,True,True,15.0,True,True
16761794306865457259,9,12,4,"[3, 3, 3, 3]","[[1, 2, 6], [2, 7, 9], [4, 6, 8], [5, 9, 11]]",0.4,1,2,4,,CHP,"[[3], [1, 2], [3], [3]]",5,9,54,0.8333333333333334,0.00343,20,0.004510357044637203,0.004051923751831055,0.00861927208905697,OPTIMAL,3.8333333333333335,0.75,np_gurobi_optimal,0.0,1.0,7.666666666666667,92,28.416666666666668,341,3.0833333333333335,,,3.0833333333333335,3.8333333333333335,,False,,,False,
16761794306865457259,9,12,4,"[3, 3, 3, 3]","[[1, 2, 6], [2, 7, 9], [4, 6, 8], [5, 9, 11]]",0.4,1,2,4,2,PP,"[[2, 1], [1, 2], [2, 1], [2, 1]]",8,24,54,0.5555555555555556,0.003736,20,0.004589146934449673,0.017068147659301758,0.02171387104266739,OPTIMAL,3.0833333333333335,0.0,np_gurobi_optimal,0.0,90.0,4.0,48,15.5,186,3.0833333333333335,3.8333333333333335,3.0833333333333335,3.0833333333333335,3.8333333333333335,3.0833333333333335,True,True,15.5,True,True
16761794306865457259,9,12,4,"[3, 3, 3, 3]","[[1, 2, 6], [2, 7, 9], [4, 6, 8], [5, 9, 11]]",0.4,1,2,4,3,PP,"[[3], [1, 2], [3], [3]]",5,9,54,0.8333333333333334,0.0015025,20,0.004581885412335396,0.003000020980834961,0.007634850495579243,OPTIMAL,3.8333333333333335,0.75,np_gurobi_optimal,0.0,1.0,7.666666666666667,92,20.666666666666668,248,3.0833333333333335,3.8333333333333335,3.8333333333333335,3.0833333333333335,3.8333333333333335,3.8333333333333335,True,True,19.916666666666668,True,True
16761794306865457259,9,12,4,"[3, 3, 3, 3]","[[1, 2, 6], [2, 7, 9], [4, 6, 8], [5, 9, 11]]",0.4,1,2,4,4,PP,"[[3], [1, 2], [3], [3]]",5,9,54,0.8333333333333334,0.00361,20,0.004419160075485706,0.0029959678649902344,0.0074783584177351,OPTIMAL,3.8333333333333335,0.75,np_gurobi_optimal,0.0,1.0,7.666666666666667,92,23.25,279,3.0833333333333335,3.8333333333333335,3.8333333333333335,3.0833333333333335,3.8333333333333335,3.8333333333333335,True,True,22.5,True,True
16761794306865457259,9,12,4,"[3, 3, 3, 3]","[[1, 2, 6], [2, 7, 9], [4, 6, 8], [5, 9, 11]]",0.4,1,2,4,5,PP,"[[3], [1, 2], [3], [3]]",5,9,54,0.8333333333333334,0.0014475,20,0.004024633206427097,0.0027878284454345703,0.006863960289666652,OPTIMAL,3.8333333333333335,0.75,np_gurobi_optimal,0.0,1.0,7.666666666666667,92,23.25,279,3.0833333333333335,3.8333333333333335,3.8333333333333335,3.0833333333333335,3.8333333333333335,3.8333333333333335,True,True,22.5,True,True
7151271421149977846,10,12,4,"[3, 3, 3, 3]","[[3, 10, 11], [2, 3, 8], [3, 6, 6], [4, 9, 9]]",0.4,1,2,,1,NP,"[[1, 1, 1], [1, 1, 1], [1, 1, 1], [1, 1, 1]]",12,54,54,0.0,0.0011565,20,0.00568222813308239,0.12631011009216309,0.13205839859547042,OPTIMAL,3.1666666666666665,0.0,np_gurobi_optimal,0.0,1393.0,0.0,0,0.0,0,3.1666666666666665,,,3.1666666666666665,,,False,,,False,
7151271421149977846,10,12,4,"[3, 3, 3, 3]","[[3, 10, 11], [2, 3, 8], [3, 6, 6], [4, 9, 9]]",0.4,1,2,2,,CHP,"[[1, 2], [2, 1], [1, 2], [1, 2]]",8,24,54,0.5555555555555556,0.003385,20,0.004925915040075779,0.026847124099731445,0.031839184105465414,OPTIMAL,3.1666666666666665,0.0,np_gurobi_optimal,0.0,249.0,0.0,0,8.25,99,3.1666666666666665,,,3.1666666666666665,3.1666666666666665,,False,,,False,
7151271421149977846,10,12,4,"[3, 3, 3, 3]","[[3, 10, 11], [2, 3, 8], [3, 6, 6], [4, 9, 9]]",0.4,1,2,2,2,PP,"[[1, 2], [2, 1], [1, 2], [1, 2]]",8,24,54,0.5555555555555556,0.002554,20,0.007014562375843525,0.03153705596923828,0.03865490605739737,OPTIMAL,3.1666666666666665,0.0,np_gurobi_optimal,0.0,249.0,0.0,0,4.5,54,3.1666666666666665,3.1666666666666665,3.1666666666666665,3.1666666666666665,3.1666666666666665,3.1666666666666665,True,True,4.5,True,True
7151271421149977846,10,12,4,"[3, 3, 3, 3]","[[3, 10, 11], [2, 3, 8], [3, 6, 6], [4, 9, 9]]",0.4,1,2,2,3,PP,"[[1, 2], [2, 1], [1, 2], [1, 2]]",8,24,54,0.5555555555555556,0.002584,20,0.005858565680682659,0.027176856994628906,0.03311686641431713,OPTIMAL,3.1666666666666665,0.0,np_gurobi_optimal,0.0,249.0,0.0,0,6.0,72,3.1666666666666665,3.1666666666666665,3.1666666666666665,3.1666666666666665,3.1666666666666665,3.1666666666666665,True,True,6.0,True,True
7151271421149977846,10,12,4,"[3, 3, 3, 3]","[[3, 10, 11], [2, 3, 8], [3, 6, 6], [4, 9, 9]]",0.4,1,2,2,4,PP,"[[1, 2], [2, 1], [1, 2], [1, 2]]",8,24,54,0.5555555555555556,0.0014625,20,0.004485819488763809,0.026961088180541992,0.03150576012899876,OPTIMAL,3.1666666666666665,0.0,np_gurobi_optimal,0.0,249.0,0.0,0,6.75,81,3.1666666666666665,3.1666666666666665,3.1666666666666665,3.1666666666666665,3.1666666666666665,3.1666666666666665,True,True,6.75,True,True
7151271421149977846,10,12,4,"[3, 3, 3, 3]","[[3, 10, 11], [2, 3, 8], [3, 6, 6], [4, 9, 9]]",0.4,1,2,2,5,PP,"[[1, 2], [2, 1], [1, 2], [1, 2]]",8,24,54,0.5555555555555556,0.003831,20,0.004858995787799358,0.025825023651123047,0.030748211317628383,OPTIMAL,3.1666666666666665,0.0,np_gurobi_optimal,0.0,249.0,0.0,0,6.75,81,3.1666666666666665,3.1666666666666665,3.1666666666666665,3.1666666666666665,3.1666666666666665,3.1666666666666665,True,True,6.75,True,True
7151271421149977846,10,12,4,"[3, 3, 3, 3]","[[3, 10, 11], [2, 3, 8], [3, 6, 6], [4, 9, 9]]",0.4,1,2,3,,CHP,"[[1, 2], [2, 1], [3], [1, 2]]",7,18,54,0.6666666666666667,0.0014475,20,0.0046902792528271675,0.017107009887695312,0.021861259118924142,OPTIMAL,3.1666666666666665,0.0,np_gurobi_optimal,0.0,79.0,1.6666666666666667,20,18.333333333333332,220,3.1666666666666665,,,3.1666666666666665,3.1666666666666665,,False,,,False,
7151271421149977846,10,12,4,"[3, 3, 3, 3]","[[3, 10, 11], [2, 3, 8], [3, 6, 6], [4, 9, 9]]",0.4,1,2,3,2,PP,"[[1, 2], [2, 1], [2, 1], [1, 2]]",8,24,54,0.5555555555555556,0.001477,20,0.004629096947610378,0.022287845611572266,0.026977230717124462,OPTIMAL,3.1666666666666665,0.0,np_gurobi_optimal,0.0,210.0,1.6666666666666667,20,10.0,120,3.1666666666666665,3.1666666666666665,3.1666666666666665,3.1666666666666665,3.1666666666666665,3.1666666666666665,True,True,10.0,True,True
7151271421149977846,10,12,4,"[3, 3, 3, 3]","[[3, 10, 11], [2, 3, 8], [3, 6, 6], [4, 9, 9]]",0.4,1,2,3,3,PP,"[[1, 2], [2, 1], [3], [1, 2]]",7,18,54,0.6666666666666667,0.001427,20,0.004461923614144325,0.015591859817504883,0.020109699321522234,OPTIMAL,3.1666666666666665,0.0,np_gurobi_optimal,0.0,79.0,1.6666666666666667,20,13.333333333333334,160,3.1666666666666665,3.1666666666666665,3.1666666666666665,3.1666666666666665,3.1666666666666665,3.1666666666666665,True,True,13.333333333333334,True,True
7151271421149977846,10,12,4,"[3, 3, 3, 3]","[[3, 10, 11], [2, 3, 8], [3, 6, 6], [4, 9, 9]]",0.4,1,2,3,4,PP,"[[1, 2], [2, 1], [3], [1, 2]]",7,18,54,0.6666666666666667,0.0014475,20,0.004376864992082119,0.0168149471282959,0.021250163429687025,OPTIMAL,3.1666666666666665,0.0,np_gurobi_optimal,0.0,79.0,1.6666666666666667,20,15.0,180,3.1666666666666665,3.1666666666666665,3.1666666666666665,3.1666666666666665,3.1666666666666665,3.1666666666666665,True,True,15.0,True,True
7151271421149977846,10,12,4,"[3, 3, 3, 3]","[[3, 10, 11], [2, 3, 8], [3, 6, 6], [4, 9, 9]]",0.4,1,2,3,5,PP,"[[1, 2], [2, 1], [3], [1, 2]]",7,18,54,0.6666666666666667,0.001433,20,0.005225548520684242,0.015748023986816406,0.0210300364271121,OPTIMAL,3.1666666666666665,0.0,np_gurobi_optimal,0.0,79.0,1.6666666666666667,20,15.0,180,3.1666666666666665,3.1666666666666665,3.1666666666666665,3.1666666666666665,3.1666666666666665,3.1666666666666665,True,True,15.0,True,True
7151271421149977846,10,12,4,"[3, 3, 3, 3]","[[3, 10, 11], [2, 3, 8], [3, 6, 6], [4, 9, 9]]",0.4,1,2,4,,CHP,"[[1, 2], [2, 1], [3], [1, 2]]",7,18,54,0.6666666666666667,0.001412,20,0.004256723448634148,0.01663994789123535,0.02095155801945877,OPTIMAL,3.1666666666666665,0.0,np_gurobi_optimal,0.0,79.0,1.6666666666666667,20,28.416666666666668,341,3.1666666666666665,,,3.1666666666666665,3.1666666666666665,,False,,,False,
7151271421149977846,10,12,4,"[3, 3, 3, 3]","[[3, 10, 11], [2, 3, 8], [3, 6, 6], [4, 9, 9]]",0.4,1,2,4,2,PP,"[[1, 2], [2, 1], [2, 1], [1, 2]]",8,24,54,0.5555555555555556,0.001428,20,0.00440658163279295,0.02226400375366211,0.02672721473809767,OPTIMAL,3.1666666666666665,0.0,np_gurobi_optimal,0.0,210.0,1.6666666666666667,20,15.5,186,3.1666666666666665,3.1666666666666665,3.1666666666666665,3.1666666666666665,3.1666666666666665,3.1666666666666665,True,True,15.5,True,True
7151271421149977846,10,12,4,"[3, 3, 3, 3]","[[3, 10, 11], [2, 3, 8], [3, 6, 6], [4, 9, 9]]",0.4,1,2,4,3,PP,"[[1, 2], [2, 1], [3], [1, 2]]",7,18,54,0.6666666666666667,0.0015325,20,0.00446939654648304,0.016071081161499023,0.020601760139079092,OPTIMAL,3.1666666666666665,0.0,np_gurobi_optimal,0.0,79.0,1.6666666666666667,20,20.666666666666668,248,3.1666666666666665,3.1666666666666665,3.1666666666666665,3.1666666666666665,3.1666666666666665,3.1666666666666665,True,True,20.666666666666668,True,True
7151271421149977846,10,12,4,"[3, 3, 3, 3]","[[3, 10, 11], [2, 3, 8], [3, 6, 6], [4, 9, 9]]",0.4,1,2,4,4,PP,"[[1, 2], [2, 1], [3], [1, 2]]",7,18,54,0.6666666666666667,0.0035905,20,0.004493722692131996,0.01667189598083496,0.021224416112545014,OPTIMAL,3.1666666666666665,0.0,np_gurobi_optimal,0.0,79.0,1.6666666666666667,20,23.25,279,3.1666666666666665,3.1666666666666665,3.1666666666666665,3.1666666666666665,3.1666666666666665,3.1666666666666665,True,True,23.25,True,True
7151271421149977846,10,12,4,"[3, 3, 3, 3]","[[3, 10, 11], [2, 3, 8], [3, 6, 6], [4, 9, 9]]",0.4,1,2,4,5,PP,"[[1, 2], [2, 1], [3], [1, 2]]",7,18,54,0.6666666666666667,0.001467,20,0.0045219650492072105,0.01923203468322754,0.02381317799841595,OPTIMAL,3.1666666666666665,0.0,np_gurobi_optimal,0.0,79.0,1.6666666666666667,20,23.25,279,3.1666666666666665,3.1666666666666665,3.1666666666666665,3.1666666666666665,3.1666666666666665,3.1666666666666665,True,True,23.25,True,True
6575355839469235616,11,12,4,"[3, 3, 3, 3]","[[4, 8, 8], [5, 11, 13], [4, 6, 9], [4, 5, 5]]",0.4,1,2,,1,NP,"[[1, 1, 1], [1, 1, 1], [1, 1, 1], [1, 1, 1]]",12,54,54,0.0,0.001122,20,0.005191546864807606,0.16846609115600586,0.17372064640589666,OPTIMAL,4.166666666666667,0.0,np_gurobi_optimal,0.0,5148.0,0.0,0,0.0,0,4.166666666666667,,,4.166666666666667,,,False,,,False,
6575355839469235616,11,12,4,"[3, 3, 3, 3]","[[4, 8, 8], [5, 11, 13], [4, 6, 9], [4, 5, 5]]",0.4,1,2,2,,CHP,"[[1, 2], [1, 2], [2, 1], [3]]",7,18,54,0.6666666666666667,0.001362,20,0.00471683032810688,0.017333984375,0.022112543169748308,OPTIMAL,4.166666666666667,0.0,np_gurobi_optimal,0.0,126.0,1.4166666666666667,17,8.25,99,4.166666666666667,,,4.166666666666667,4.166666666666667,,False,,,False,
6575355839469235616,11,12,4,"[3, 3, 3, 3]","[[4, 8, 8], [5, 11, 13], [4, 6, 9], [4, 5, 5]]",0.4,1,2,2,2,PP,"[[1, 2], [1, 2], [2, 1], [2, 1]]",8,24,54,0.5555555555555556,0.0016425,20,0.005192208103835583,0.026268959045410156,0.03152127342386723,OPTIMAL,4.166666666666667,0.0,np_gurobi_optimal,0.0,300.0,1.4166666666666667,17,4.5,54,4.166666666666667,4.166666666666667,4.166666666666667,4.166666666666667,4.166666666666667,4.166666666666667,True,True,4.5,True,True
6575355839469235616,11,12,4,"[3, 3, 3, 3]","[[4, 8, 8], [5, 11, 13], [4, 6, 9], [4, 5, 5]]",0.4,1,2,2,3,PP,"[[1, 2], [1, 2], [2, 1], [3]]",7,18,54,0.6666666666666667,0.00355,20,0.004473822191357613,0.01694202423095703,0.02147427181105614,OPTIMAL,4.166666666666667,0.0,np_gurobi_optimal,0.0,126.0,1.4166666666666667,17,6.0,72,4.166666666666667,4.166666666666667,4.166666666666667,4.166666666666667,4.166666666666667,4.166666666666667,True,True,6.0,True,True
6575355839469235616,11,12,4,"[3, 3, 3, 3]","[[4, 8, 8], [5, 11, 13], [4, 6, 9], [4, 5, 5]]",0.4,1,2,2,4,PP,"[[1, 2], [1, 2], [2, 1], [3]]",7,18,54,0.6666666666666667,0.0037705,20,0.004957643337547779,0.017436981201171875,0.0224586506779747,OPTIMAL,4.166666666666667,0.0,np_gurobi_optimal,0.0,126.0,1.4166666666666667,17,6.75,81,4.166666666666667,4.166666666666667,4.166666666666667,4.166666666666667,4.166666666666667,4.166666666666667,True,True,6.75,True,True
6575355839469235616,11,12,4,"[3, 3, 3, 3]","[[4, 8, 8], [5, 11, 13], [4, 6, 9], [4, 5, 5]]",0.4,1,2,2,5,PP,"[[1, 2], [1, 2], [2, 1], [3]]",7,18,54,0.6666666666666667,0.0014875,20,0.005199789069592953,0.017258882522583008,0.02251864149324894,OPTIMAL,4.166666666666667,0.0,np_gurobi_optimal,0.0,126.0,1.4166666666666667,17,6.75,81,4.166666666666667,4.166666666666667,4.166666666666667,4.166666666666667,4.166666666666667,4.166666666666667,True,True,6.75,True,True
6575355839469235616,11,12,4,"[3, 3, 3, 3]","[[4, 8, 8], [5, 11, 13], [4, 6, 9], [4, 5, 5]]",0.4,1,2,3,,CHP,"[[1, 2], [1, 2], [3], [3]]",6,13,54,0.7592592592592593,0.001362,20,0.0044771768152713776,0.006107807159423828,0.010638850216161727,OPTIMAL,4.166666666666667,0.0,np_gurobi_optimal,0.0,1.0,2.9166666666666665,35,18.333333333333332,220,4.166666666666667,,,4.166666666666667,4.166666666666667,,False,,,False,
6575355839469235616,11,12,4,"[3, 3, 3, 3]","[[4, 8, 8], [5, 11, 13], [4, 6, 9], [4, 5, 5]]",0.4,1,2,3,2,PP,"[[1, 2], [1, 2], [2, 1], [2, 1]]",8,24,54,0.5555555555555556,0.003455,20,0.004306338727474213,0.025671005249023438,0.030037900226192474,OPTIMAL,4.166666666666667,0.0,np_gurobi_optimal,0.0,300.0,1.4166666666666667,17,10.0,120,4.166666666666667,4.166666666666667,4.166666666666667,4.166666666666667,4.166666666666667,4.166666666666667,True,True,10.0,True,True
6575355839469235616,11,12,4,"[3, 3, 3, 3]","[[4, 8, 8], [5, 11, 13], [4, 6, 9], [4, 5, 5]]",0.4,1,2,3,3,PP,"[[1, 2], [1, 2], [3], [3]]",6,13,54,0.7592592592592593,0.003675,20,0.004543778486549854,0.005944013595581055,0.010551326909291744,OPTIMAL,4.166666666666667,0.0,np_gurobi_optimal,0.0,1.0,2.9166666666666665,35,13.333333333333334,160,4.166666666666667,4.166666666666667,4.166666666666667,4.166666666666667,4.166666666666667,4.166666666666667,True,True,13.333333333333334,True,True
6575355839469235616,11,12,4,"[3, 3, 3, 3]","[[4, 8, 8], [5, 11, 13], [4, 6, 9], [4, 5, 5]]",0.4,1,2,3,4,PP,"[[1, 2], [1, 2], [3], [3]]",6,13,54,0.7592592592592593,0.001487,20,0.00421779602766037,0.0053920745849609375,0.009662789901804447,OPTIMAL,4.166666666666667,0.0,np_gurobi_optimal,0.0,1.0,2.9166666666666665,35,15.0,180,4.166666666666667,4.166666666666667,4.166666666666667,4.166666666666667,4.166666666666667,4.166666666666667,True,True,15.0,True,True
6575355839469235616,11,12,4,"[3, 3, 3, 3]","[[4, 8, 8], [5, 11, 13], [4, 6, 9], [4, 5, 5]]",0.4,1,2,3,5,PP,"[[1, 2], [1, 2], [3], [3]]",6,13,54,0.7592592592592593,0.0014825,20,0.003998172469437122,0.005341053009033203,0.009389471097154618,OPTIMAL,4.166666666666667,0.0,np_gurobi_optimal,0.0,1.0,2.9166666666666665,35,15.0,180,4.166666666666667,4.166666666666667,4.166666666666667,4.166666666666667,4.166666666666667,4.166666666666667,True,True,15.0,True,True
6575355839469235616,11,12,4,"[3, 3, 3, 3]","[[4, 8, 8], [5, 11, 13], [4, 6, 9], [4, 5, 5]]",0.4,1,2,4,,CHP,"[[3], [1, 2], [3], [3]]",5,9,54,0.8333333333333334,0.00358,20,0.0040068961679935455,0.0028181076049804688,0.006877770643429757,OPTIMAL,4.166666666666667,0.0,np_gurobi_optimal,0.0,1.0,5.5,66,28.416666666666668,341,4.166666666666667,,,4.166666666666667,4.166666666666667,,False,,,False,
6575355839469235616,11,12,4,"[3, 3, 3, 3]","[[4, 8, 8], [5, 11, 13], [4, 6, 9], [4, 5, 5]]",0.4,1,2,4,2,PP,"[[2, 1], [1, 2], [2, 1], [2, 1]]",8,24,54,0.5555555555555556,0.004001,20,0.004690069705247879,0.0268251895904541,0.031576822550071236,OPTIMAL,4.166666666666667,0.0,np_gurobi_optimal,0.0,252.0,4.0,48,15.5,186,4.166666666666667,4.166666666666667,4.166666666666667,4.166666666666667,4.166666666666667,4.166666666666667,True,True,15.5,True,True
6575355839469235616,11,12,4,"[3, 3, 3, 3]","[[4, 8, 8], [5, 11, 13], [4, 6, 9], [4, 5, 5]]",0.4,1,2,4,3,PP,"[[3], [1, 2], [3], [3]]",5,9,54,0.8333333333333334,0.004071,20,0.004514544270932674,0.00350189208984375,0.008085096443971157,OPTIMAL,4.166666666666667,0.0,np_gurobi_optimal,0.0,1.0,5.5,66,20.666666666666668,248,4.166666666666667,4.166666666666667,4.166666666666667,4.166666666666667,4.166666666666667,4.166666666666667,True,True,20.666666666666668,True,True
6575355839469235616,11,12,4,"[3, 3, 3, 3]","[[4, 8, 8], [5, 11, 13], [4, 6, 9], [4, 5, 5]]",0.4,1,2,4,4,PP,"[[3], [1, 2], [3], [3]]",5,9,54,0.8333333333333334,0.001482,20,0.004046035930514336,0.003259897232055664,0.007367535760051727,OPTIMAL,4.166666666666667,0.0,np_gurobi_optimal,0.0,1.0,5.5,66,23.25,279,4.166666666666667,4.166666666666667,4.166666666666667,4.166666666666667,4.166666666666667,4.166666666666667,True,True,23.25,True,True
6575355839469235616,11,12,4,"[3, 3, 3, 3]","[[4, 8, 8], [5, 11, 13], [4, 6, 9], [4, 5, 5]]",0.4,1,2,4,5,PP,"[[3], [1, 2], [3], [3]]",5,9,54,0.8333333333333334,0.0014275,20,0.0038386723026633263,0.002872943878173828,0.006765050596048832,OPTIMAL,4.166666666666667,0.0,np_gurobi_optimal,0.0,1.0,5.5,66,23.25,279,4.166666666666667,4.166666666666667,4.166666666666667,4.166666666666667,4.166666666666667,4.166666666666667,True,True,23.25,True,True
1435781280348847731,12,12,4,"[3, 3, 3, 3]","[[4, 4, 4], [0, 2, 4], [1, 7, 7], [1, 4, 8]]",0.4,1,2,,1,NP,"[[1, 1, 1], [1, 1, 1], [1, 1, 1], [1, 1, 1]]",12,54,54,0.0,0.001207,20,0.004829380661249161,0.17462706565856934,0.17951741256414128,OPTIMAL,4.416666666666667,0.0,np_gurobi_optimal,0.0,5713.0,0.0,0,0.0,0,4.416666666666667,,,4.416666666666667,,,False,,,False,
1435781280348847731,12,12,4,"[3, 3, 3, 3]","[[4, 4, 4], [0, 2, 4], [1, 7, 7], [1, 4, 8]]",0.4,1,2,2,,CHP,"[[3], [3], [1, 2], [1, 1, 1]]",7,17,54,0.6851851851851851,0.001422,20,0.004387281835079193,0.015771150588989258,0.020213161465594293,OPTIMAL,4.833333333333333,0.4166666666666661,np_gurobi_optimal,0.0,168.0,1.4166666666666667,17,8.25,99,4.416666666666667,,,4.416666666666667,4.833333333333333,,False,,,False,
1435781280348847731,12,12,4,"[3, 3, 3, 3]","[[4, 4, 4], [0, 2, 4], [1, 7, 7], [1, 4, 8]]",0.4,1,2,2,2,PP,"[[2, 1], [2, 1], [1, 2], [1, 1, 1]]",9,30,54,0.4444444444444444,0.001412,20,0.004476145841181278,0.046868085861206055,0.051400531198322295,OPTIMAL,4.416666666666667,0.0,np_gurobi_optimal,0.0,751.0,0.75,9,4.5,54,4.416666666666667,4.833333333333333,4.416666666666667,4.416666666666667,4.833333333333333,4.416666666666667,True,True,4.5,True,True
1435781280348847731,12,12,4,"[3, 3, 3, 3]","[[4, 4, 4], [0, 2, 4], [1, 7, 7], [1, 4, 8]]",0.4,1,2,2,3,PP,"[[3], [3], [1, 2], [1, 1, 1]]",7,17,54,0.6851851851851851,0.001492,20,0.004162521101534367,0.015980005264282227,0.020204648396746634,OPTIMAL,4.833333333333333,0.4166666666666661,np_gurobi_optimal,0.0,168.0,1.4166666666666667,17,6.0,72,4.416666666666667,4.833333333333333,4.833333333333333,4.416666666666667,4.833333333333333,4.833333333333333,True,True,5.583333333333334,True,True
1435781280348847731,12,12,4,"[3, 3, 3, 3]","[[4, 4, 4], [0, 2, 4], [1, 7, 7], [1, 4, 8]]",0.4,1,2,2,4,PP,"[[3], [3], [1, 2], [1, 1, 1]]",7,17,54,0.6851851851851851,0.001422,20,0.004026857204735279,0.015851974487304688,0.01993199704296303,OPTIMAL,4.833333333333333,0.4166666666666661,np_gurobi_optimal,0.0,168.0,1.4166666666666667,17,6.75,81,4.416666666666667,4.833333333333333,4.833333333333333,4.416666666666667,4.833333333333333,4.833333333333333,True,True,6.333333333333334,True,True
1435781280348847731,12,12,4,"[3, 3, 3, 3]","[[4, 4, 4], [0, 2, 4], [1, 7, 7], [1, 4, 8]]",0.4,1,2,2,5,PP,"[[3], [3], [1, 2], [1, 1, 1]]",7,17,54,0.6851851851851851,0.003466,20,0.004154528491199017,0.016117095947265625,0.020329287824371815,OPTIMAL,4.833333333333333,0.4166666666666661,np_gurobi_optimal,0.0,168.0,1.4166666666666667,17,6.75,81,4.416666666666667,4.833333333333333,4.833333333333333,4.416666666666667,4.833333333333333,4.833333333333333,True,True,6.333333333333334,True,True
1435781280348847731,12,12,4,"[3, 3, 3, 3]","[[4, 4, 4], [0, 2, 4], [1, 7, 7], [1, 4, 8]]",0.4,1,2,3,,CHP,"[[3], [3], [1, 2], [2, 1]]",6,13,54,0.7592592592592593,0.001863,20,0.004991253837943077,0.012888908386230469,0.017960436997020723,OPTIMAL,4.833333333333333,0.4166666666666661,np_gurobi_optimal,0.0,61.0,3.0833333333333335,37,18.333333333333332,220,4.416666666666667,,,4.416666666666667,4.833333333333333,,False,,,False,
1435781280348847731,12,12,4,"[3, 3, 3, 3]","[[4, 4, 4], [0, 2, 4], [1, 7, 7], [1, 4, 8]]",0.4,1,2,3,2,PP,"[[2, 1], [2, 1], [1, 2], [2, 1]]",8,24,54,0.5555555555555556,0.001993,20,0.005351829342544079,0.027935028076171875,0.0333581203291707,OPTIMAL,4.416666666666667,0.0,np_gurobi_optimal,0.0,234.0,2.4166666666666665,29,10.0,120,4.416666666666667,4.833333333333333,4.416666666666667,4.416666666666667,4.833333333333333,4.416666666666667,True,True,10.0,True,True
1435781280348847731,12,12,4,"[3, 3, 3, 3]","[[4, 4, 4], [0, 2, 4], [1, 7, 7], [1, 4, 8]]",0.4,1,2,3,3,PP,"[[3], [3], [1, 2], [2, 1]]",6,13,54,0.7592592592592593,0.0025185,20,0.00522592943161726,0.013755083084106445,0.019071110727995395,OPTIMAL,4.833333333333333,0.4166666666666661,np_gurobi_optimal,0.0,61.0,3.0833333333333335,37,13.333333333333334,160,4.416666666666667,4.833333333333333,4.833333333333333,4.416666666666667,4.833333333333333,4.833333333333333,True,True,12.916666666666668,True,True
1435781280348847731,12,12,4,"[3, 3, 3, 3]","[[4, 4, 4], [0, 2, 4], [1, 7, 7], [1, 4, 8]]",0.4,1,2,3,4,PP,"[[3], [3], [1, 2], [2, 1]]",6,13,54,0.7592592592592593,0.001968,20,0.005476338788866997,0.01335000991821289,0.01891069870806265,OPTIMAL,4.833333333333333,0.4166666666666661,np_gurobi_optimal,0.0,61.0,3.0833333333333335,37,15.0,180,4.416666666666667,4.833333333333333,4.833333333333333,4.416666666666667,4.833333333333333,4.833333333333333,True,True,14.583333333333334,True,True
1435781280348847731,12,12,4,"[3, 3, 3, 3]","[[4, 4, 4], [0, 2, 4], [1, 7, 7], [1, 4, 8]]",0.4,1,2,3,5,PP,"[[3], [3], [1, 2], [2, 1]]",6,13,54,0.7592592592592593,0.0025235,20,0.00481969490647316,0.013375043869018555,0.01825192625400877,OPTIMAL,4.833333333333333,0.4166666666666661,np_gurobi_optimal,0.0,61.0,3.0833333333333335,37,15.0,180,4.416666666666667,4.833333333333333,4.833333333333333,4.416666666666667,4.833333333333333,4.833333333333333,True,True,14.583333333333334,True,True
1435781280348847731,12,12,4,"[3, 3, 3, 3]","[[4, 4, 4], [0, 2, 4], [1, 7, 7], [1, 4, 8]]",0.4,1,2,4,,CHP,"[[3], [3], [1, 2], [3]]",5,9,54,0.8333333333333334,0.0035905,20,0.004272648133337498,0.0046160221099853516,0.00894400409424591,OPTIMAL,4.833333333333333,0.4166666666666661,np_gurobi_optimal,0.0,1.0,5.416666666666667,65,28.416666666666668,341,4.416666666666667,,,4.416666666666667,4.833333333333333,,False,,,False,
1435781280348847731,12,12,4,"[3, 3, 3, 3]","[[4, 4, 4], [0, 2, 4], [1, 7, 7], [1, 4, 8]]",0.4,1,2,4,2,PP,"[[2, 1], [2, 1], [1, 2], [2, 1]]",8,24,54,0.5555555555555556,0.001442,20,0.004129050299525261,0.022562026977539062,0.026746006063847066,OPTIMAL,4.416666666666667,0.0,np_gurobi_optimal,0.0,234.0,2.4166666666666665,29,15.5,186,4.416666666666667,4.833333333333333,4.416666666666667,4.416666666666667,4.833333333333333,4.416666666666667,True,True,15.5,True,True
1435781280348847731,12,12,4,"[3, 3, 3, 3]","[[4, 4, 4], [0, 2, 4], [1, 7, 7], [1, 4, 8]]",0.4,1,2,4,3,PP,"[[3], [3], [1, 2], [3]]",5,9,54,0.8333333333333334,0.003485,20,0.004167158156633377,0.00568699836730957,0.009909958569571971,OPTIMAL,4.833333333333333,0.4166666666666661,np_gurobi_optimal,0.0,1.0,5.416666666666667,65,20.666666666666668,248,4.416666666666667,4.833333333333333,4.833333333333333,4.416666666666667,4.833333333333333,4.833333333333333,True,True,20.25,True,True
1435781280348847731,12,12,4,"[3, 3, 3, 3]","[[4, 4, 4], [0, 2, 4], [1, 7, 7], [1, 4, 8]]",0.4,1,2,4,4,PP,"[[3], [3], [1, 2], [3]]",5,9,54,0.8333333333333334,0.003671,20,0.004215432330965996,0.004147052764892578,0.008424449438448906,OPTIMAL,4.833333333333333,0.4166666666666661,np_gurobi_optimal,0.0,1.0,5.416666666666667,65,23.25,279,4.416666666666667,4.833333333333333,4.833333333333333,4.416666666666667,4.833333333333333,4.833333333333333,True,True,22.833333333333336,True,True
1435781280348847731,12,12,4,"[3, 3, 3, 3]","[[4, 4, 4], [0, 2, 4], [1, 7, 7], [1, 4, 8]]",0.4,1,2,4,5,PP,"[[3], [3], [1, 2], [3]]",5,9,54,0.8333333333333334,0.001387,20,0.0035747624933719635,0.004375934600830078,0.008002600893294335,OPTIMAL,4.833333333333333,0.4166666666666661,np_gurobi_optimal,0.0,1.0,5.416666666666667,65,23.25,279,4.416666666666667,4.833333333333333,4.833333333333333,4.416666666666667,4.833333333333333,4.833333333333333,True,True,22.833333333333336,True,True
11704251740984962764,13,12,4,"[3, 3, 3, 3]","[[4, 4, 5], [13, 15, 15], [0, 5, 6], [1, 6, 14]]",0.4,1,2,,1,NP,"[[1, 1, 1], [1, 1, 1], [1, 1, 1], [1, 1, 1]]",12,54,54,0.0,0.001307,20,0.004698142409324646,0.009662866592407227,0.01441442349978161,OPTIMAL,1.5833333333333333,0.0,np_gurobi_optimal,0.0,1.0,0.0,0,0.0,0,1.5833333333333333,,,1.5833333333333333,,,False,,,False,
11704251740984962764,13,12,4,"[3, 3, 3, 3]","[[4, 4, 5], [13, 15, 15], [0, 5, 6], [1, 6, 14]]",0.4,1,2,2,,CHP,"[[3], [3], [1, 2], [1, 1, 1]]",7,17,54,0.6851851851851851,0.001357,20,0.003807925619184971,0.0018658638000488281,0.0057268907014794345,OPTIMAL,1.5833333333333333,0.0,np_gurobi_optimal,0.0,1.0,0.75,9,8.25,99,1.5833333333333333,,,1.5833333333333333,1.5833333333333333,,False,,,False,
11704251740984962764,13,12,4,"[3, 3, 3, 3]","[[4, 4, 5], [13, 15, 15], [0, 5, 6], [1, 6, 14]]",0.4,1,2,2,2,PP,"[[2, 1], [2, 1], [1, 2], [1, 1, 1]]",9,30,54,0.4444444444444444,0.0027195,20,0.004493292421102524,0.005716085433959961,0.010264090300435543,OPTIMAL,1.5833333333333333,0.0,np_gurobi_optimal,0.0,1.0,0.75,9,4.5,54,1.5833333333333333,1.5833333333333333,1.5833333333333333,1.5833333333333333,1.5833333333333333,1.5833333333333333,True,True,4.5,True,True
11704251740984962764,13,12,4,"[3, 3, 3, 3]","[[4, 4, 5], [13, 15, 15], [0, 5, 6], [1, 6, 14]]",0.4,1,2,2,3,PP,"[[3], [3], [1, 2], [1, 1, 1]]",7,17,54,0.6851851851851851,0.002073,20,0.005371439270675182,0.0015330314636230469,0.006971757734940529,OPTIMAL,1.5833333333333333,0.0,np_gurobi_optimal,0.0,1.0,0.75,9,6.0,72,1.5833333333333333,1.5833333333333333,1.5833333333333333,1.5833333333333333,1.5833333333333333,1.5833333333333333,True,True,6.0,True,True
11704251740984962764,13,12,4,"[3, 3, 3, 3]","[[4, 4, 5], [13, 15, 15], [0, 5, 6], [1, 6, 14]]",0.4,1,2,2,4,PP,"[[3], [3], [1, 2], [1, 1, 1]]",7,17,54,0.6851851851851851,0.004036,20,0.003993567079305649,0.0015850067138671875,0.0056348569896087644,OPTIMAL,1.5833333333333333,0.0,np_gurobi_optimal,0.0,1.0,0.75,9,6.75,81,1.5833333333333333,1.5833333333333333,1.5833333333333333,1.5833333333333333,1.5833333333333333,1.5833333333333333,True,True,6.75,True,True
11704251740984962764,13,12,4,"[3, 3, 3, 3]","[[4, 4, 5], [13, 15, 15], [0, 5, 6], [1, 6, 14]]",0.4,1,2,2,5,PP,"[[3], [3], [1, 2], [1, 1, 1]]",7,17,54,0.6851851851851851,0.001522,20,0.0038497885689139366,0.0016908645629882812,0.005591440233454228,OPTIMAL,1.5833333333333333,0.0,np_gurobi_optimal,0.0,1.0,0.75,9,6.75,81,1.5833333333333333,1.5833333333333333,1.5833333333333333,1.5833333333333333,1.5833333333333333,1.5833333333333333,True,True,6.75,True,True
11704251740984962764,13,12,4,"[3, 3, 3, 3]","[[4, 4, 5], [13, 15, 15], [0, 5, 6], [1, 6, 14]]",0.4,1,2,3,,CHP,"[[3], [3], [1, 2], [1, 1, 1]]",7,17,54,0.6851851851851851,0.002238,20,0.0042546410113573074,0.0015468597412109375,0.005855816448295593,OPTIMAL,1.5833333333333333,0.0,np_gurobi_optimal,0.0,1.0,0.75,9,18.333333333333332,220,1.5833333333333333,,,1.5833333333333333,1.5833333333333333,,False,,,False,
11704251740984962764,13,12,4,"[3, 3, 3, 3]","[[4, 4, 5], [13, 15, 15], [0, 5, 6], [1, 6, 14]]",0.4,1,2,3,2,PP,"[[2, 1], [2, 1], [1, 2], [1, 1, 1]]",9,30,54,0.4444444444444444,0.0014375,20,0.004231765866279602,0.0056879520416259766,0.009973468728244304,OPTIMAL,1.5833333333333333,0.0,np_gurobi_optimal,0.0,1.0,0.75,9,10.0,120,1.5833333333333333,1.5833333333333333,1.5833333333333333,1.5833333333333333,1.5833333333333333,1.5833333333333333,True,True,10.0,True,True
11704251740984962764,13,12,4,"[3, 3, 3, 3]","[[4, 4, 5], [13, 15, 15], [0, 5, 6], [1, 6, 14]]",0.4,1,2,3,3,PP,"[[3], [3], [1, 2], [1, 1, 1]]",7,17,54,0.6851851851851851,0.001437,20,0.003902798518538475,0.0014421939849853516,0.005396491817199707,OPTIMAL,1.5833333333333333,0.0,np_gurobi_optimal,0.0,1.0,0.75,9,13.333333333333334,160,1.5833333333333333,1.5833333333333333,1.5833333333333333,1.5833333333333333,1.5833333333333333,1.5833333333333333,True,True,13.333333333333334,True,True
11704251740984962764,13,12,4,"[3, 3, 3, 3]","[[4, 4, 5], [13, 15, 15], [0, 5, 6], [1, 6, 14]]",0.4,1,2,3,4,PP,"[[3], [3], [1, 2], [1, 1, 1]]",7,17,54,0.6851851851851851,0.001587,20,0.004221169278025627,0.0016601085662841797,0.005935235906648159,OPTIMAL,1.5833333333333333,0.0,np_gurobi_optimal,0.0,1.0,0.75,9,15.0,180,1.5833333333333333,1.5833333333333333,1.5833333333333333,1.5833333333333333,1.5833333333333333,1.5833333333333333,True,True,15.0,True,True
11704251740984962764,13,12,4,"[3, 3, 3, 3]","[[4, 4, 5], [13, 15, 15], [0, 5, 6], [1, 6, 14]]",0.4,1,2,3,5,PP,"[[3], [3], [1, 2], [1, 1, 1]]",7,17,54,0.6851851851851851,0.0015325,20,0.003944821655750275,0.0014030933380126953,0.005399050665409565,OPTIMAL,1.5833333333333333,0.0,np_gurobi_optimal,0.0,1.0,0.75,9,15.0,180,1.5833333333333333,1.5833333333333333,1.5833333333333333,1.5833333333333333,1.5833333333333333,1.5833333333333333,True,True,15.0,True,True
11704251740984962764,13,12,4,"[3, 3, 3, 3]","[[4, 4, 5], [13, 15, 15], [0, 5, 6], [1, 6, 14]]",0.4,1,2,4,,CHP,"[[3], [3], [1, 2], [1, 1, 1]]",7,17,54,0.6851851851851851,0.001352,20,0.003840625286102295,0.0015130043029785156,0.00540471887117815,OPTIMAL,1.5833333333333333,0.0,np_gurobi_optimal,0.0,1.0,0.75,9,28.416666666666668,341,1.5833333333333333,,,1.5833333333333333,1.5833333333333333,,False,,,False,
11704251740984962764,13,12,4,"[3, 3, 3, 3]","[[4, 4, 5], [13, 15, 15], [0, 5, 6], [1, 6, 14]]",0.4,1,2,4,2,PP,"[[2, 1], [2, 1], [1, 2], [1, 1, 1]]",9,30,54,0.4444444444444444,0.0014275,20,0.0042367735877633095,0.005159139633178711,0.00945308317100048,OPTIMAL,1.5833333333333333,0.0,np_gurobi_optimal,0.0,1.0,0.75,9,15.5,186,1.5833333333333333,1.5833333333333333,1.5833333333333333,1.5833333333333333,1.5833333333333333,1.5833333333333333,True,True,15.5,True,True
11704251740984962764,13,12,4,"[3, 3, 3, 3]","[[4, 4, 5], [13, 15, 15], [0, 5, 6], [1, 6, 14]]",0.4,1,2,4,3,PP,"[[3], [3], [1, 2], [1, 1, 1]]",7,17,54,0.6851851851851851,0.001492,20,0.003935608081519604,0.0015060901641845703,0.005492921939866066,OPTIMAL,1.5833333333333333,0.0,np_gurobi_optimal,0.0,1.0,0.75,9,20.666666666666668,248,1.5833333333333333,1.5833333333333333,1.5833333333333333,1.5833333333333333,1.5833333333333333,1.5833333333333333,True,True,20.666666666666668,True,True
11704251740984962764,13,12,4,"[3, 3, 3, 3]","[[4, 4, 5], [13, 15, 15], [0, 5, 6], [1, 6, 14]]",0.4,1,2,4,4,PP,"[[3], [3], [1, 2], [1, 1, 1]]",7,17,54,0.6851851851851851,0.0014525,20,0.004124553874135017,0.0015130043029785156,0.005690301405265331,OPTIMAL,1.5833333333333333,0.0,np_gurobi_optimal,0.0,1.0,0.75,9,23.25,279,1.5833333333333333,1.5833333333333333,1.5833333333333333,1.5833333333333333,1.5833333333333333,1.5833333333333333,True,True,23.25,True,True
11704251740984962764,13,12,4,"[3, 3, 3, 3]","[[4, 4, 5], [13, 15, 15], [0, 5, 6], [1, 6, 14]]",0.4,1,2,4,5,PP,"[[3], [3], [1, 2], [1, 1, 1]]",7,17,54,0.6851851851851851,0.0037605,20,0.004434913396835327,0.0016329288482666016,0.006122267624483585,OPTIMAL,1.5833333333333333,0.0,np_gurobi_optimal,0.0,1.0,0.75,9,23.25,279,1.5833333333333333,1.5833333333333333,1.5833333333333333,1.5833333333333333,1.5833333333333333,1.5833333333333333,True,True,23.25,True,True
6254226749306990096,14,12,4,"[3, 3, 3, 3]","[[1, 1, 4], [2, 13, 14], [1, 4, 6], [0, 16, 21]]",0.4,1,2,,1,NP,"[[1, 1, 1], [1, 1, 1], [1, 1, 1], [1, 1, 1]]",12,54,54,0.0,0.001918,20,0.005971575155854225,0.039175987243652344,0.0452107893645935,OPTIMAL,1.75,0.0,np_gurobi_optimal,0.0,96.0,0.0,0,0.0,0,1.75,,,1.75,,,False,,,False,
6254226749306990096,14,12,4,"[3, 3, 3, 3]","[[1, 1, 4], [2, 13, 14], [1, 4, 6], [0, 16, 21]]",0.4,1,2,2,,CHP,"[[2, 1], [1, 2], [1, 2], [1, 1, 1]]",9,30,54,0.4444444444444444,0.001993,20,0.00587837491184473,0.00834202766418457,0.014298100925474644,OPTIMAL,1.75,0.0,np_gurobi_optimal,0.0,1.0,0.6666666666666666,8,8.25,99,1.75,,,1.75,1.75,,False,,,False,
6254226749306990096,14,12,4,"[3, 3, 3, 3]","[[1, 1, 4], [2, 13, 14], [1, 4, 6], [0, 16, 21]]",0.4,1,2,2,2,PP,"[[2, 1], [1, 2], [1, 2], [1, 1, 1]]",9,30,54,0.4444444444444444,0.001948,20,0.00610906258225441,0.008273839950561523,0.01445358120749998,OPTIMAL,1.75,0.0,np_gurobi_optimal,0.0,1.0,0.6666666666666666,8,4.5,54,1.75,1.75,1.75,1.75,1.75,1.75,True,True,4.5,True,True
6254226749306990096,14,12,4,"[3, 3, 3, 3]","[[1, 1, 4], [2, 13, 14], [1, 4, 6], [0, 16, 21]]",0.4,1,2,2,3,PP,"[[2, 1], [1, 2], [1, 2], [1, 1, 1]]",9,30,54,0.4444444444444444,0.002599,20,0.006498342379927635,0.0077610015869140625,0.014331927201711179,OPTIMAL,1.75,0.0,np_gurobi_optimal,0.0,1.0,0.6666666666666666,8,6.0,72,1.75,1.75,1.75,1.75,1.75,1.75,True,True,6.0,True,True
6254226749306990096,14,12,4,"[3, 3, 3, 3]","[[1, 1, 4], [2, 13, 14], [1, 4, 6], [0, 16, 21]]",0.4,1,2,2,4,PP,"[[2, 1], [1, 2], [1, 2], [1, 1, 1]]",9,30,54,0.4444444444444444,0.001953,20,0.005859737284481525,0.008191108703613281,0.014131099002233029,OPTIMAL,1.75,0.0,np_gurobi_optimal,0.0,1.0,0.6666666666666666,8,6.75,81,1.75,1.75,1.75,1.75,1.75,1.75,True,True,6.75,True,True
6254226749306990096,14,12,4,"[3, 3, 3, 3]","[[1, 1, 4], [2, 13, 14], [1, 4, 6], [0, 16, 21]]",0.4,1,2,2,5,PP,"[[2, 1], [1, 2], [1, 2], [1, 1, 1]]",9,30,54,0.4444444444444444,0.002068,20,0.005422274582087994,0.008734941482543945,0.014228880869310378,OPTIMAL,1.75,0.0,np_gurobi_optimal,0.0,1.0,0.6666666666666666,8,6.75,81,1.75,1.75,1.75,1.75,1.75,1.75,True,True,6.75,True,True
6254226749306990096,14,12,4,"[3, 3, 3, 3]","[[1, 1, 4], [2, 13, 14], [1, 4, 6], [0, 16, 21]]",0.4,1,2,3,,CHP,"[[3], [1, 2], [3], [1, 1, 1]]",7,17,54,0.6851851851851851,0.0018475,20,0.0057855648919939995,0.0025920867919921875,0.008445840084943772,OPTIMAL,1.75,0.0,np_gurobi_optimal,0.0,1.0,3.8333333333333335,46,18.333333333333332,220,1.75,,,1.75,1.75,,False,,,False,
6254226749306990096,14,12,4,"[3, 3, 3, 3]","[[1, 1, 4], [2, 13, 14], [1, 4, 6], [0, 16, 21]]",0.4,1,2,3,2,PP,"[[2, 1], [1, 2], [2, 1], [1, 1, 1]]",9,30,54,0.4444444444444444,0.002709,20,0.005846305750310421,0.005357027053833008,0.011275246522017956,OPTIMAL,1.75,0.0,np_gurobi_optimal,0.0,1.0,1.6666666666666667,20,10.0,120,1.75,1.75,1.75,1.75,1.75,1.75,True,True,10.0,True,True
6254226749306990096,14,12,4,"[3, 3, 3, 3]","[[1, 1, 4], [2, 13, 14], [1, 4, 6], [0, 16, 21]]",0.4,1,2,3,3,PP,"[[3], [1, 2], [3], [1, 1, 1]]",7,17,54,0.6851851851851851,0.002003,20,0.005799034610390663,0.0026760101318359375,0.008557042763450623,OPTIMAL,1.75,0.0,np_gurobi_optimal,0.0,1.0,3.8333333333333335,46,13.333333333333334,160,1.75,1.75,1.75,1.75,1.75,1.75,True,True,13.333333333333334,True,True
6254226749306990096,14,12,4,"[3, 3, 3, 3]","[[1, 1, 4], [2, 13, 14], [1, 4, 6], [0, 16, 21]]",0.4,1,2,3,4,PP,"[[3], [1, 2], [3], [1, 1, 1]]",7,17,54,0.6851851851851851,0.002584,20,0.006194372661411762,0.002885103225708008,0.009162057702311516,OPTIMAL,1.75,0.0,np_gurobi_optimal,0.0,1.0,3.8333333333333335,46,15.0,180,1.75,1.75,1.75,1.75,1.75,1.75,True,True,15.0,True,True
6254226749306990096,14,12,4,"[3, 3, 3, 3]","[[1, 1, 4], [2, 13, 14], [1, 4, 6], [0, 16, 21]]",0.4,1,2,3,5,PP,"[[3], [1, 2], [3], [1, 1, 1]]",7,17,54,0.6851851851851851,0.002619,20,0.005716330371797085,0.002480030059814453,0.008264116132480145,OPTIMAL,1.75,0.0,np_gurobi_optimal,0.0,1.0,3.8333333333333335,46,15.0,180,1.75,1.75,1.75,1.75,1.75,1.75,True,True,15.0,True,True
6254226749306990096,14,12,4,"[3, 3, 3, 3]","[[1, 1, 4], [2, 13, 14], [1, 4, 6], [0, 16, 21]]",0.4,1,2,4,,CHP,"[[3], [1, 2], [3], [1, 1, 1]]",7,17,54,0.6851851851851851,0.0023685,20,0.005317757837474346,0.0027289390563964844,0.00811896674103117,OPTIMAL,1.75,0.0,np_gurobi_optimal,0.0,1.0,3.8333333333333335,46,28.416666666666668,341,1.75,,,1.75,1.75,,False,,,False,
6254226749306990096,14,12,4,"[3, 3, 3, 3]","[[1, 1, 4], [2, 13, 14], [1, 4, 6], [0, 16, 21]]",0.4,1,2,4,2,PP,"[[2, 1], [1, 2], [2, 1], [1, 1, 1]]",9,30,54,0.4444444444444444,0.002609,20,0.005803972482681274,0.0052640438079833984,0.01114012244382763,OPTIMAL,1.75,0.0,np_gurobi_optimal,0.0,1.0,1.6666666666666667,20,15.5,186,1.75,1.75,1.75,1.75,1.75,1.75,True,True,15.5,True,True
6254226749306990096,14,12,4,"[3, 3, 3, 3]","[[1, 1, 4], [2, 13, 14], [1, 4, 6], [0, 16, 21]]",0.4,1,2,4,3,PP,"[[3], [1, 2], [3], [1, 1, 1]]",7,17,54,0.6851851851851851,0.002454,20,0.00523205753415823,0.002479076385498047,0.007784306036714554,OPTIMAL,1.75,0.0,np_gurobi_optimal,0.0,1.0,3.8333333333333335,46,20.666666666666668,248,1.75,1.75,1.75,1.75,1.75,1.75,True,True,20.666666666666668,True,True
6254226749306990096,14,12,4,"[3, 3, 3, 3]","[[1, 1, 4], [2, 13, 14], [1, 4, 6], [0, 16, 21]]",0.4,1,2,4,4,PP,"[[3], [1, 2], [3], [1, 1, 1]]",7,17,54,0.6851851851851851,0.002554,20,0.005062001757323742,0.0022368431091308594,0.007366524391452313,OPTIMAL,1.75,0.0,np_gurobi_optimal,0.0,1.0,3.8333333333333335,46,23.25,279,1.75,1.75,1.75,1.75,1.75,1.75,True,True,23.25,True,True
6254226749306990096,14,12,4,"[3, 3, 3, 3]","[[1, 1, 4], [2, 13, 14], [1, 4, 6], [0, 16, 21]]",0.4,1,2,4,5,PP,"[[3], [1, 2], [3], [1, 1, 1]]",7,17,54,0.6851851851851851,0.002609,20,0.005899487063288689,0.0026061534881591797,0.008586123019846917,OPTIMAL,1.75,0.0,np_gurobi_optimal,0.0,1.0,3.8333333333333335,46,23.25,279,1.75,1.75,1.75,1.75,1.75,1.75,True,True,23.25,True,True
7410260652067715307,15,12,4,"[3, 3, 3, 3]","[[6, 10, 10], [6, 7, 8], [7, 9, 10], [3, 3, 5]]",0.4,1,2,,1,NP,"[[1, 1, 1], [1, 1, 1], [1, 1, 1], [1, 1, 1]]",12,54,54,0.0,0.002078,20,0.007546726614236832,0.08931207656860352,0.09695043343632508,OPTIMAL,3.0,0.0,np_gurobi_optimal,0.0,512.0,0.0,0,0.0,0,3.0,,,3.0,,,False,,,False,
7410260652067715307,15,12,4,"[3, 3, 3, 3]","[[6, 10, 10], [6, 7, 8], [7, 9, 10], [3, 3, 5]]",0.4,1,2,2,,CHP,"[[1, 2], [3], [3], [3]]",5,9,54,0.8333333333333334,0.002514,20,0.006411460228264332,0.0032739639282226562,0.009771810273589135,OPTIMAL,3.0,0.0,np_gurobi_optimal,0.0,1.0,1.4166666666666667,17,8.25,99,3.0,,,3.0,3.0,,False,,,False,
7410260652067715307,15,12,4,"[3, 3, 3, 3]","[[6, 10, 10], [6, 7, 8], [7, 9, 10], [3, 3, 5]]",0.4,1,2,2,2,PP,"[[1, 2], [2, 1], [2, 1], [2, 1]]",8,24,54,0.5555555555555556,0.0024935,20,0.0064609963446855545,0.011049985885620117,0.017597268684988975,OPTIMAL,3.0,0.0,np_gurobi_optimal,0.0,1.0,0.75,9,4.5,54,3.0,3.0,3.0,3.0,3.0,3.0,True,True,4.5,True,True
7410260652067715307,15,12,4,"[3, 3, 3, 3]","[[6, 10, 10], [6, 7, 8], [7, 9, 10], [3, 3, 5]]",0.4,1,2,2,3,PP,"[[1, 2], [3], [3], [3]]",5,9,54,0.8333333333333334,0.002549,20,0.0058466363698244095,0.0027320384979248047,0.008649459078823566,OPTIMAL,3.0,0.0,np_gurobi_optimal,0.0,1.0,1.4166666666666667,17,6.0,72,3.0,3.0,3.0,3.0,3.0,3.0,True,True,6.0,True,True
7410260652067715307,15,12,4,"[3, 3, 3, 3]","[[6, 10, 10], [6, 7, 8], [7, 9, 10], [3, 3, 5]]",0.4,1,2,2,4,PP,"[[1, 2], [3], [3], [3]]",5,9,54,0.8333333333333334,0.0023535,20,0.005429626442492008,0.0025458335876464844,0.008046162362566948,OPTIMAL,3.0,0.0,np_gurobi_optimal,0.0,1.0,1.4166666666666667,17,6.75,81,3.0,3.0,3.0,3.0,3.0,3.0,True,True,6.75,True,True
7410260652067715307,15,12,4,"[3, 3, 3, 3]","[[6, 10, 10], [6, 7, 8], [7, 9, 10], [3, 3, 5]]",0.4,1,2,2,5,PP,"[[1, 2], [3], [3], [3]]",5,9,54,0.8333333333333334,0.002514,20,0.005142182111740112,0.0025789737701416016,0.007793740729750634,OPTIMAL,3.0,0.0,np_gurobi_optimal,0.0,1.0,1.4166666666666667,17,6.75,81,3.0,3.0,3.0,3.0,3.0,3.0,True,True,6.75,True,True
7410260652067715307,15,12,4,"[3, 3, 3, 3]","[[6, 10, 10], [6, 7, 8], [7, 9, 10], [3, 3, 5]]",0.4,1,2,3,,CHP,"[[1, 2], [3], [3], [3]]",5,9,54,0.8333333333333334,0.0024685,20,0.0048804255202412605,0.002702951431274414,0.007652651082437992,OPTIMAL,3.0,0.0,np_gurobi_optimal,0.0,1.0,1.4166666666666667,17,18.333333333333332,220,3.0,,,3.0,3.0,,False,,,False,
7410260652067715307,15,12,4,"[3, 3, 3, 3]","[[6, 10, 10], [6, 7, 8], [7, 9, 10], [3, 3, 5]]",0.4,1,2,3,2,PP,"[[1, 2], [2, 1], [2, 1], [2, 1]]",8,24,54,0.5555555555555556,0.002514,20,0.005404609255492687,0.011898994445800781,0.017384086164595126,OPTIMAL,3.0,0.0,np_gurobi_optimal,0.0,1.0,0.75,9,10.0,120,3.0,3.0,3.0,3.0,3.0,3.0,True,True,10.0,True,True
7410260652067715307,15,12,4,"[3, 3, 3, 3]","[[6, 10, 10], [6, 7, 8], [7, 9, 10], [3, 3, 5]]",0.4,1,2,3,3,PP,"[[1, 2], [3], [3], [3]]",5,9,54,0.8333333333333334,0.002384,20,0.0058254944160580635,0.003074169158935547,0.008986191638287544,OPTIMAL,3.0,0.0,np_gurobi_optimal,0.0,1.0,1.4166666666666667,17,13.333333333333334,160,3.0,3.0,3.0,3.0,3.0,3.0,True,True,13.333333333333334,True,True
7410260652067715307,15,12,4,"[3, 3, 3, 3]","[[6, 10, 10], [6, 7, 8], [7, 9, 10], [3, 3, 5]]",0.4,1,2,3,4,PP,"[[1, 2], [3], [3], [3]]",5,9,54,0.8333333333333334,0.0024535,20,0.006140762008726597,0.003180980682373047,0.009410323971477508,OPTIMAL,3.0,0.0,np_gurobi_optimal,0.0,1.0,1.4166666666666667,17,15.0,180,3.0,3.0,3.0,3.0,3.0,3.0,True,True,15.0,True,True
7410260652067715307,15,12,4,"[3, 3, 3, 3]","[[6, 10, 10], [6, 7, 8], [7, 9, 10], [3, 3, 5]]",0.4,1,2,3,5,PP,"[[1, 2], [3], [3], [3]]",5,9,54,0.8333333333333334,0.002454,20,0.0057647135108709335,0.003195047378540039,0.009044490719620229,OPTIMAL,3.0,0.0,np_gurobi_optimal,0.0,1.0,1.4166666666666667,17,15.0,180,3.0,3.0,3.0,3.0,3.0,3.0,True,True,15.0,True,True
7410260652067715307,15,12,4,"[3, 3, 3, 3]","[[6, 10, 10], [6, 7, 8], [7, 9, 10], [3, 3, 5]]",0.4,1,2,4,,CHP,"[[3], [3], [3], [3]]",4,6,54,0.8888888888888888,0.002454,20,0.005710860714316368,0.0016210079193115234,0.007416729780320167,OPTIMAL,3.0,0.0,np_gurobi_optimal,0.0,1.0,4.0,48,28.416666666666668,341,3.0,,,3.0,3.0,,False,,,False,
7410260652067715307,15,12,4,"[3, 3, 3, 3]","[[6, 10, 10], [6, 7, 8], [7, 9, 10], [3, 3, 5]]",0.4,1,2,4,2,PP,"[[2, 1], [2, 1], [2, 1], [2, 1]]",8,24,54,0.5555555555555556,0.0037805,20,0.004427291452884674,0.011636018753051758,0.01612005967736769,OPTIMAL,3.0,0.0,np_gurobi_optimal,0.0,49.0,3.3333333333333335,40,15.5,186,3.0,3.0,3.0,3.0,3.0,3.0,True,True,15.5,True,True
7410260652067715307,15,12,4,"[3, 3, 3, 3]","[[6, 10, 10], [6, 7, 8], [7, 9, 10], [3, 3, 5]]",0.4,1,2,4,3,PP,"[[3], [3], [3], [3]]",4,6,54,0.8888888888888888,0.002538,20,0.005750210955739021,0.0021479129791259766,0.007982639741850376,OPTIMAL,3.0,0.0,np_gurobi_optimal,0.0,1.0,4.0,48,20.666666666666668,248,3.0,3.0,3.0,3.0,3.0,3.0,True,True,20.666666666666668,True,True
7410260652067715307,15,12,4,"[3, 3, 3, 3]","[[6, 10, 10], [6, 7, 8], [7, 9, 10], [3, 3, 5]]",0.4,1,2,4,4,PP,"[[3], [3], [3], [3]]",4,6,54,0.8888888888888888,0.0015675,20,0.004474753513932228,0.0015079975128173828,0.006045541810159683,OPTIMAL,3.0,0.0,np_gurobi_optimal,0.0,1.0,4.0,48,23.25,279,3.0,3.0,3.0,3.0,3.0,3.0,True,True,23.25,True,True
7410260652067715307,15,12,4,"[3, 3, 3, 3]","[[6, 10, 10], [6, 7, 8], [7, 9, 10], [3, 3, 5]]",0.4,1,2,4,5,PP,"[[3], [3], [3], [3]]",4,6,54,0.8888888888888888,0.001432,20,0.0038174204528331757,0.001338958740234375,0.005208232065934658,OPTIMAL,3.0,0.0,np_gurobi_optimal,0.0,1.0,4.0,48,23.25,279,3.0,3.0,3.0,3.0,3.0,3.0,True,True,23.25,True,True
10210395116440407106,16,12,4,"[3, 3, 3, 3]","[[2, 9, 9], [6, 6, 10], [1, 2, 2], [1, 8, 9]]",0.4,1,2,,1,NP,"[[1, 1, 1], [1, 1, 1], [1, 1, 1], [1, 1, 1]]",12,54,54,0.0,0.001162,20,0.0049156202003359795,0.1308729648590088,0.1358592376932497,OPTIMAL,3.0833333333333335,0.0,np_gurobi_optimal,0.0,1410.0,0.0,0,0.0,0,3.0833333333333335,,,3.0833333333333335,,,False,,,False,
10210395116440407106,16,12,4,"[3, 3, 3, 3]","[[2, 9, 9], [6, 6, 10], [1, 2, 2], [1, 8, 9]]",0.4,1,2,2,,CHP,"[[1, 2], [2, 1], [3], [1, 2]]",7,18,54,0.6666666666666667,0.0036055,20,0.005212718620896339,0.007687091827392578,0.01295783498896885,OPTIMAL,3.0833333333333335,0.0,np_gurobi_optimal,0.0,1.0,0.0,0,8.25,99,3.0833333333333335,,,3.0833333333333335,3.0833333333333335,,False,,,False,
10210395116440407106,16,12,4,"[3, 3, 3, 3]","[[2, 9, 9], [6, 6, 10], [1, 2, 2], [1, 8, 9]]",0.4,1,2,2,2,PP,"[[1, 2], [2, 1], [2, 1], [1, 2]]",8,24,54,0.5555555555555556,0.001482,20,0.004407932981848717,0.018733978271484375,0.02321323592717123,OPTIMAL,3.0833333333333335,0.0,np_gurobi_optimal,0.0,151.0,0.0,0,4.5,54,3.0833333333333335,3.0833333333333335,3.0833333333333335,3.0833333333333335,3.0833333333333335,3.0833333333333335,True,True,4.5,True,True
10210395116440407106,16,12,4,"[3, 3, 3, 3]","[[2, 9, 9], [6, 6, 10], [1, 2, 2], [1, 8, 9]]",0.4,1,2,2,3,PP,"[[1, 2], [2, 1], [3], [1, 2]]",7,18,54,0.6666666666666667,0.0014775,20,0.004179457202553749,0.007351875305175781,0.011591045608320236,OPTIMAL,3.0833333333333335,0.0,np_gurobi_optimal,0.0,1.0,0.0,0,6.0,72,3.0833333333333335,3.0833333333333335,3.0833333333333335,3.0833333333333335,3.0833333333333335,3.0833333333333335,True,True,6.0,True,True
10210395116440407106,16,12,4,"[3, 3, 3, 3]","[[2, 9, 9], [6, 6, 10], [1, 2, 2], [1, 8, 9]]",0.4,1,2,2,4,PP,"[[1, 2], [2, 1], [3], [1, 2]]",7,18,54,0.6666666666666667,0.0014425,20,0.004070291295647621,0.006597042083740234,0.010721756026690007,OPTIMAL,3.0833333333333335,0.0,np_gurobi_optimal,0.0,1.0,0.0,0,6.75,81,3.0833333333333335,3.0833333333333335,3.0833333333333335,3.0833333333333335,3.0833333333333335,3.0833333333333335,True,True,6.75,True,True
10210395116440407106,16,12,4,"[3, 3, 3, 3]","[[2, 9, 9], [6, 6, 10], [1, 2, 2], [1, 8, 9]]",0.4,1,2,2,5,PP,"[[1, 2], [2, 1], [3], [1, 2]]",7,18,54,0.6666666666666667,0.002003,20,0.005470548756420612,0.007490873336791992,0.013042703927376748,OPTIMAL,3.0833333333333335,0.0,np_gurobi_optimal,0.0,1.0,0.0,0,6.75,81,3.0833333333333335,3.0833333333333335,3.0833333333333335,3.0833333333333335,3.0833333333333335,3.0833333333333335,True,True,6.75,True,True
10210395116440407106,16,12,4,"[3, 3, 3, 3]","[[2, 9, 9], [6, 6, 10], [1, 2, 2], [1, 8, 9]]",0.4,1,2,3,,CHP,"[[1, 2], [2, 1], [3], [1, 2]]",7,18,54,0.6666666666666667,0.003475,20,0.004358407109975815,0.007182121276855469,0.011593002130126952,OPTIMAL,3.0833333333333335,0.0,np_gurobi_optimal,0.0,1.0,0.0,0,18.333333333333332,220,3.0833333333333335,,,3.0833333333333335,3.0833333333333335,,False,,,False,
10210395116440407106,16,12,4,"[3, 3, 3, 3]","[[2, 9, 9], [6, 6, 10], [1, 2, 2], [1, 8, 9]]",0.4,1,2,3,2,PP,"[[1, 2], [2, 1], [2, 1], [1, 2]]",8,24,54,0.5555555555555556,0.0035655,20,0.004302342422306538,0.01709294319152832,0.021452744888582707,OPTIMAL,3.0833333333333335,0.0,np_gurobi_optimal,0.0,151.0,0.0,0,10.0,120,3.0833333333333335,3.0833333333333335,3.0833333333333335,3.0833333333333335,3.0833333333333335,3.0833333333333335,True,True,10.0,True,True
10210395116440407106,16,12,4,"[3, 3, 3, 3]","[[2, 9, 9], [6, 6, 10], [1, 2, 2], [1, 8, 9]]",0.4,1,2,3,3,PP,"[[1, 2], [2, 1], [3], [1, 2]]",7,18,54,0.6666666666666667,0.00369,20,0.004233780317008495,0.0074160099029541016,0.011703995156409741,OPTIMAL,3.0833333333333335,0.0,np_gurobi_optimal,0.0,1.0,0.0,0,13.333333333333334,160,3.0833333333333335,3.0833333333333335,3.0833333333333335,3.0833333333333335,3.0833333333333335,3.0833333333333335,True,True,13.333333333333334,True,True
10210395116440407106,16,12,4,"[3, 3, 3, 3]","[[2, 9, 9], [6, 6, 10], [1, 2, 2], [1, 8, 9]]",0.4,1,2,3,4,PP,"[[1, 2], [2, 1], [3], [1, 2]]",7,18,54,0.6666666666666667,0.0037655,20,0.004187300801277161,0.0075130462646484375,0.011755017726531506,OPTIMAL,3.0833333333333335,0.0,np_gurobi_optimal,0.0,1.0,0.0,0,15.0,180,3.0833333333333335,3.0833333333333335,3.0833333333333335,3.0833333333333335,3.0833333333333335,3.0833333333333335,True,True,15.0,True,True
10210395116440407106,16,12,4,"[3, 3, 3, 3]","[[2, 9, 9], [6, 6, 10], [1, 2, 2], [1, 8, 9]]",0.4,1,2,3,5,PP,"[[1, 2], [2, 1], [3], [1, 2]]",7,18,54,0.6666666666666667,0.002524,20,0.004225336015224457,0.007013082504272461,0.011291216243397236,OPTIMAL,3.0833333333333335,0.0,np_gurobi_optimal,0.0,1.0,0.0,0,15.0,180,3.0833333333333335,3.0833333333333335,3.0833333333333335,3.0833333333333335,3.0833333333333335,3.0833333333333335,True,True,15.0,True,True
10210395116440407106,16,12,4,"[3, 3, 3, 3]","[[2, 9, 9], [6, 6, 10], [1, 2, 2], [1, 8, 9]]",0.4,1,2,4,,CHP,"[[1, 2], [3], [3], [1, 2]]",6,13,54,0.7592592592592593,0.001468,20,0.004555125720798969,0.006361961364746094,0.010983587478285312,OPTIMAL,3.0833333333333335,0.0,np_gurobi_optimal,0.0,1.0,2.3333333333333335,28,28.416666666666668,341,3.0833333333333335,,,3.0833333333333335,3.0833333333333335,,False,,,False,
10210395116440407106,16,12,4,"[3, 3, 3, 3]","[[2, 9, 9], [6, 6, 10], [1, 2, 2], [1, 8, 9]]",0.4,1,2,4,2,PP,"[[1, 2], [2, 1], [2, 1], [1, 2]]",8,24,54,0.5555555555555556,0.0020635,20,0.004336654208600521,0.01796102523803711,0.022365375111115932,OPTIMAL,3.0833333333333335,0.0,np_gurobi_optimal,0.0,151.0,0.0,0,15.5,186,3.0833333333333335,3.0833333333333335,3.0833333333333335,3.0833333333333335,3.0833333333333335,3.0833333333333335,True,True,15.5,True,True
10210395116440407106,16,12,4,"[3, 3, 3, 3]","[[2, 9, 9], [6, 6, 10], [1, 2, 2], [1, 8, 9]]",0.4,1,2,4,3,PP,"[[1, 2], [3], [3], [1, 2]]",6,13,54,0.7592592592592593,0.002464,20,0.006146750412881374,0.006196022033691406,0.012424479890479088,OPTIMAL,3.0833333333333335,0.0,np_gurobi_optimal,0.0,1.0,2.3333333333333335,28,20.666666666666668,248,3.0833333333333335,3.0833333333333335,3.0833333333333335,3.0833333333333335,3.0833333333333335,3.0833333333333335,True,True,20.666666666666668,True,True
10210395116440407106,16,12,4,"[3, 3, 3, 3]","[[2, 9, 9], [6, 6, 10], [1, 2, 2], [1, 8, 9]]",0.4,1,2,4,4,PP,"[[1, 2], [3], [3], [1, 2]]",6,13,54,0.7592592592592593,0.002263,20,0.005594375543296337,0.006000995635986328,0.011672672701764584,OPTIMAL,3.0833333333333335,0.0,np_gurobi_optimal,0.0,1.0,2.3333333333333335,28,23.25,279,3.0833333333333335,3.0833333333333335,3.0833333333333335,3.0833333333333335,3.0833333333333335,3.0833333333333335,True,True,23.25,True,True
10210395116440407106,16,12,4,"[3, 3, 3, 3]","[[2, 9, 9], [6, 6, 10], [1, 2, 2], [1, 8, 9]]",0.4,1,2,4,5,PP,"[[1, 2], [3], [3], [1, 2]]",6,13,54,0.7592592592592593,0.002404,20,0.005947308614850044,0.006289958953857422,0.012318689632550716,OPTIMAL,3.0833333333333335,0.0,np_gurobi_optimal,0.0,1.0,2.3333333333333335,28,23.25,279,3.0833333333333335,3.0833333333333335,3.0833333333333335,3.0833333333333335,3.0833333333333335,3.0833333333333335,True,True,23.25,True,True
11774141077111483432,17,12,4,"[3, 3, 3, 3]","[[7, 8, 11], [4, 8, 8], [4, 8, 10], [2, 6, 6]]",0.4,1,2,,1,NP,"[[1, 1, 1], [1, 1, 1], [1, 1, 1], [1, 1, 1]]",12,54,54,0.0,0.001823,20,0.007407136261463165,0.12633705139160156,0.13384011707393934,OPTIMAL,3.6666666666666665,0.0,np_gurobi_optimal,0.0,2317.0,0.0,0,0.0,0,3.6666666666666665,,,3.6666666666666665,,,False,,,False,
11774141077111483432,17,12,4,"[3, 3, 3, 3]","[[7, 8, 11], [4, 8, 8], [4, 8, 10], [2, 6, 6]]",0.4,1,2,2,,CHP,"[[2, 1], [1, 2], [1, 2], [1, 2]]",8,24,54,0.5555555555555556,0.002424,20,0.006801219657063484,0.02307581901550293,0.029958691215311528,OPTIMAL,3.6666666666666665,0.0,np_gurobi_optimal,0.0,105.0,0.6666666666666666,8,8.25,99,3.6666666666666665,,,3.6666666666666665,3.6666666666666665,,False,,,False,
11774141077111483432,17,12,4,"[3, 3, 3, 3]","[[7, 8, 11], [4, 8, 8], [4, 8, 10], [2, 6, 6]]",0.4,1,2,2,2,PP,"[[2, 1], [1, 2], [1, 2], [1, 2]]",8,24,54,0.5555555555555556,0.0025585,20,0.0063665928319096565,0.021578073501586914,0.028028368175455093,OPTIMAL,3.6666666666666665,0.0,np_gurobi_optimal,0.0,105.0,0.6666666666666666,8,4.5,54,3.6666666666666665,3.6666666666666665,3.6666666666666665,3.6666666666666665,3.6666666666666665,3.6666666666666665,True,True,4.5,True,True
11774141077111483432,17,12,4,"[3, 3, 3, 3]","[[7, 8, 11], [4, 8, 8], [4, 8, 10], [2, 6, 6]]",0.4,1,2,2,3,PP,"[[2, 1], [1, 2], [1, 2], [1, 2]]",8,24,54,0.5555555555555556,0.0024185,20,0.006467325612902641,0.02248382568359375,0.029038456123882294,OPTIMAL,3.6666666666666665,0.0,np_gurobi_optimal,0.0,105.0,0.6666666666666666,8,6.0,72,3.6666666666666665,3.6666666666666665,3.6666666666666665,3.6666666666666665,3.6666666666666665,3.6666666666666665,True,True,6.0,True,True
11774141077111483432,17,12,4,"[3, 3, 3, 3]","[[7, 8, 11], [4, 8, 8], [4, 8, 10], [2, 6, 6]]",0.4,1,2,2,4,PP,"[[2, 1], [1, 2], [1, 2], [1, 2]]",8,24,54,0.5555555555555556,0.002574,20,0.006456078961491585,0.021860122680664062,0.0284115335079422,OPTIMAL,3.6666666666666665,0.0,np_gurobi_optimal,0.0,105.0,0.6666666666666666,8,6.75,81,3.6666666666666665,3.6666666666666665,3.6666666666666665,3.6666666666666665,3.6666666666666665,3.6666666666666665,True,True,6.75,True,True
11774141077111483432,17,12,4,"[3, 3, 3, 3]","[[7, 8, 11], [4, 8, 8], [4, 8, 10], [2, 6, 6]]",0.4,1,2,2,5,PP,"[[2, 1], [1, 2], [1, 2], [1, 2]]",8,24,54,0.5555555555555556,0.001998,20,0.006045596674084663,0.02227306365966797,0.028406610094163894,OPTIMAL,3.6666666666666665,0.0,np_gurobi_optimal,0.0,105.0,0.6666666666666666,8,6.75,81,3.6666666666666665,3.6666666666666665,3.6666666666666665,3.6666666666666665,3.6666666666666665,3.6666666666666665,True,True,6.75,True,True
11774141077111483432,17,12,4,"[3, 3, 3, 3]","[[7, 8, 11], [4, 8, 8], [4, 8, 10], [2, 6, 6]]",0.4,1,2,3,,CHP,"[[3], [1, 2], [1, 2], [1, 2]]",7,18,54,0.6666666666666667,0.002294,20,0.006193782202899456,0.012396812438964844,0.018677170540899277,OPTIMAL,3.6666666666666665,0.0,np_gurobi_optimal,0.0,55.0,2.1666666666666665,26,18.333333333333332,220,3.6666666666666665,,,3.6666666666666665,3.6666666666666665,,False,,,False,
11774141077111483432,17,12,4,"[3, 3, 3, 3]","[[7, 8, 11], [4, 8, 8], [4, 8, 10], [2, 6, 6]]",0.4,1,2,3,2,PP,"[[2, 1], [1, 2], [1, 2], [1, 2]]",8,24,54,0.5555555555555556,0.002649,20,0.0065925233066082,0.021744966506958008,0.02843222892106676,OPTIMAL,3.6666666666666665,0.0,np_gurobi_optimal,0.0,105.0,0.6666666666666666,8,10.0,120,3.6666666666666665,3.6666666666666665,3.6666666666666665,3.6666666666666665,3.6666666666666665,3.6666666666666665,True,True,10.0,True,True
11774141077111483432,17,12,4,"[3, 3, 3, 3]","[[7, 8, 11], [4, 8, 8], [4, 8, 10], [2, 6, 6]]",0.4,1,2,3,3,PP,"[[3], [1, 2], [1, 2], [1, 2]]",7,18,54,0.6666666666666667,0.002434,20,0.0063613057136535645,0.012711048126220703,0.019167242094501494,OPTIMAL,3.6666666666666665,0.0,np_gurobi_optimal,0.0,55.0,2.1666666666666665,26,13.333333333333334,160,3.6666666666666665,3.6666666666666665,3.6666666666666665,3.6666666666666665,3.6666666666666665,3.6666666666666665,True,True,13.333333333333334,True,True
11774141077111483432,17,12,4,"[3, 3, 3, 3]","[[7, 8, 11], [4, 8, 8], [4, 8, 10], [2, 6, 6]]",0.4,1,2,3,4,PP,"[[3], [1, 2], [1, 2], [1, 2]]",7,18,54,0.6666666666666667,0.002604,20,0.006159961223602295,0.012336969375610352,0.01857371444228077,OPTIMAL,3.6666666666666665,0.0,np_gurobi_optimal,0.0,55.0,2.1666666666666665,26,15.0,180,3.6666666666666665,3.6666666666666665,3.6666666666666665,3.6666666666666665,3.6666666666666665,3.6666666666666665,True,True,15.0,True,True
11774141077111483432,17,12,4,"[3, 3, 3, 3]","[[7, 8, 11], [4, 8, 8], [4, 8, 10], [2, 6, 6]]",0.4,1,2,3,5,PP,"[[3], [1, 2], [1, 2], [1, 2]]",7,18,54,0.6666666666666667,0.002554,20,0.006574908271431923,0.012893915176391602,0.01956672532169008,OPTIMAL,3.6666666666666665,0.0,np_gurobi_optimal,0.0,55.0,2.1666666666666665,26,15.0,180,3.6666666666666665,3.6666666666666665,3.6666666666666665,3.6666666666666665,3.6666666666666665,3.6666666666666665,True,True,15.0,True,True
11774141077111483432,17,12,4,"[3, 3, 3, 3]","[[7, 8, 11], [4, 8, 8], [4, 8, 10], [2, 6, 6]]",0.4,1,2,4,,CHP,"[[3], [3], [3], [3]]",4,6,54,0.8888888888888888,0.002719,20,0.00591987743973732,0.0026960372924804688,0.00870997878165865,OPTIMAL,4.916666666666667,1.2500000000000004,np_gurobi_optimal,0.0,1.0,9.916666666666666,119,28.416666666666668,341,3.6666666666666665,,,3.6666666666666665,4.916666666666667,,False,,,False,
11774141077111483432,17,12,4,"[3, 3, 3, 3]","[[7, 8, 11], [4, 8, 8], [4, 8, 10], [2, 6, 6]]",0.4,1,2,4,2,PP,"[[2, 1], [2, 1], [2, 1], [2, 1]]",8,24,54,0.5555555555555556,0.0026035,20,0.00671861506998539,0.022832155227661133,0.029653690277448654,OPTIMAL,4.916666666666667,1.2500000000000004,np_gurobi_optimal,0.0,176.0,7.75,93,15.5,186,3.6666666666666665,4.916666666666667,4.916666666666667,3.6666666666666665,4.916666666666667,4.916666666666667,True,True,14.25,True,True
11774141077111483432,17,12,4,"[3, 3, 3, 3]","[[7, 8, 11], [4, 8, 8], [4, 8, 10], [2, 6, 6]]",0.4,1,2,4,3,PP,"[[3], [3], [3], [3]]",4,6,54,0.8888888888888888,0.002649,20,0.006327502429485321,0.0029320716857910156,0.00934592107505703,OPTIMAL,4.916666666666667,1.2500000000000004,np_gurobi_optimal,0.0,1.0,9.916666666666666,119,20.666666666666668,248,3.6666666666666665,4.916666666666667,4.916666666666667,3.6666666666666665,4.916666666666667,4.916666666666667,True,True,19.416666666666668,True,True
11774141077111483432,17,12,4,"[3, 3, 3, 3]","[[7, 8, 11], [4, 8, 8], [4, 8, 10], [2, 6, 6]]",0.4,1,2,4,4,PP,"[[3], [3], [3], [3]]",4,6,54,0.8888888888888888,0.002554,20,0.005924513563513756,0.0028400421142578125,0.00884761320112133,OPTIMAL,4.916666666666667,1.2500000000000004,np_gurobi_optimal,0.0,1.0,9.916666666666666,119,23.25,279,3.6666666666666665,4.916666666666667,4.916666666666667,3.6666666666666665,4.916666666666667,4.916666666666667,True,True,22.0,True,True
11774141077111483432,17,12,4,"[3, 3, 3, 3]","[[7, 8, 11], [4, 8, 8], [4, 8, 10], [2, 6, 6]]",0.4,1,2,4,5,PP,"[[3], [3], [3], [3]]",4,6,54,0.8888888888888888,0.002479,20,0.00561675988137722,0.0028269290924072266,0.008527594437805652,OPTIMAL,4.916666666666667,1.2500000000000004,np_gurobi_optimal,0.0,1.0,9.916666666666666,119,23.25,279,3.6666666666666665,4.916666666666667,4.916666666666667,3.6666666666666665,4.916666666666667,4.916666666666667,True,True,22.0,True,True
7000407311134456256,18,12,4,"[3, 3, 3, 3]","[[4, 6, 13], [0, 1, 1], [2, 5, 6], [3, 6, 9]]",0.4,1,2,,1,NP,"[[1, 1, 1], [1, 1, 1], [1, 1, 1], [1, 1, 1]]",12,54,54,0.0,0.001873,20,0.007844106294214725,0.070159912109375,0.07810709729645061,OPTIMAL,2.3333333333333335,0.0,np_gurobi_optimal,0.0,496.0,0.0,0,0.0,0,2.3333333333333335,,,2.3333333333333335,,,False,,,False,
7000407311134456256,18,12,4,"[3, 3, 3, 3]","[[4, 6, 13], [0, 1, 1], [2, 5, 6], [3, 6, 9]]",0.4,1,2,2,,CHP,"[[2, 1], [3], [1, 2], [1, 1, 1]]",8,23,54,0.5740740740740741,0.0024185,20,0.006936824880540371,0.007645845413208008,0.014677139785700798,OPTIMAL,2.3333333333333335,0.0,np_gurobi_optimal,0.0,1.0,0.75,9,8.25,99,2.3333333333333335,,,2.3333333333333335,2.3333333333333335,,False,,,False,
7000407311134456256,18,12,4,"[3, 3, 3, 3]","[[4, 6, 13], [0, 1, 1], [2, 5, 6], [3, 6, 9]]",0.4,1,2,2,2,PP,"[[2, 1], [2, 1], [1, 2], [1, 1, 1]]",9,30,54,0.4444444444444444,0.001973,20,0.006171627901494503,0.02358698844909668,0.02984764379693079,OPTIMAL,2.3333333333333335,0.0,np_gurobi_optimal,0.0,72.0,0.75,9,4.5,54,2.3333333333333335,2.3333333333333335,2.3333333333333335,2.3333333333333335,2.3333333333333335,2.3333333333333335,True,True,4.5,True,True
7000407311134456256,18,12,4,"[3, 3, 3, 3]","[[4, 6, 13], [0, 1, 1], [2, 5, 6], [3, 6, 9]]",0.4,1,2,2,3,PP,"[[2, 1], [3], [1, 2], [1, 1, 1]]",8,23,54,0.5740740740740741,0.0024035,20,0.0061323391273617744,0.007202863693237305,0.01341585790596342,OPTIMAL,2.3333333333333335,0.0,np_gurobi_optimal,0.0,1.0,0.75,9,6.0,72,2.3333333333333335,2.3333333333333335,2.3333333333333335,2.3333333333333335,2.3333333333333335,2.3333333333333335,True,True,6.0,True,True
7000407311134456256,18,12,4,"[3, 3, 3, 3]","[[4, 6, 13], [0, 1, 1], [2, 5, 6], [3, 6, 9]]",0.4,1,2,2,4,PP,"[[2, 1], [3], [1, 2], [1, 1, 1]]",8,23,54,0.5740740740740741,0.002374,20,0.006621157750487328,0.0072901248931884766,0.014000562078403472,OPTIMAL,2.3333333333333335,0.0,np_gurobi_optimal,0.0,1.0,0.75,9,6.75,81,2.3333333333333335,2.3333333333333335,2.3333333333333335,2.3333333333333335,2.3333333333333335,2.3333333333333335,True,True,6.75,True,True
7000407311134456256,18,12,4,"[3, 3, 3, 3]","[[4, 6, 13], [0, 1, 1], [2, 5, 6], [3, 6, 9]]",0.4,1,2,2,5,PP,"[[2, 1], [3], [1, 2], [1, 1, 1]]",8,23,54,0.5740740740740741,0.002504,20,0.006719657219946384,0.007616996765136719,0.01442251973741436,OPTIMAL,2.3333333333333335,0.0,np_gurobi_optimal,0.0,1.0,0.75,9,6.75,81,2.3333333333333335,2.3333333333333335,2.3333333333333335,2.3333333333333335,2.3333333333333335,2.3333333333333335,True,True,6.75,True,True
7000407311134456256,18,12,4,"[3, 3, 3, 3]","[[4, 6, 13], [0, 1, 1], [2, 5, 6], [3, 6, 9]]",0.4,1,2,3,,CHP,"[[2, 1], [3], [3], [3]]",5,9,54,0.8333333333333334,0.0018075,20,0.005403787828981876,0.0026869773864746094,0.008163693163866996,OPTIMAL,2.3333333333333335,0.0,np_gurobi_optimal,0.0,1.0,5.583333333333333,67,18.333333333333332,220,2.3333333333333335,,,2.3333333333333335,2.3333333333333335,,False,,,False,
7000407311134456256,18,12,4,"[3, 3, 3, 3]","[[4, 6, 13], [0, 1, 1], [2, 5, 6], [3, 6, 9]]",0.4,1,2,3,2,PP,"[[2, 1], [2, 1], [2, 1], [2, 1]]",8,24,54,0.5555555555555556,0.002409,20,0.006554577499628067,0.007983207702636719,0.014629686851104736,OPTIMAL,2.3333333333333335,0.0,np_gurobi_optimal,0.0,1.0,4.083333333333333,49,10.0,120,2.3333333333333335,2.3333333333333335,2.3333333333333335,2.3333333333333335,2.3333333333333335,2.3333333333333335,True,True,10.0,True,True
7000407311134456256,18,12,4,"[3, 3, 3, 3]","[[4, 6, 13], [0, 1, 1], [2, 5, 6], [3, 6, 9]]",0.4,1,2,3,3,PP,"[[2, 1], [3], [3], [3]]",5,9,54,0.8333333333333334,0.002509,20,0.006007510237395763,0.0032439231872558594,0.00933205989956522,OPTIMAL,2.3333333333333335,0.0,np_gurobi_optimal,0.0,1.0,5.583333333333333,67,13.333333333333334,160,2.3333333333333335,2.3333333333333335,2.3333333333333335,2.3333333333333335,2.3333333333333335,2.3333333333333335,True,True,13.333333333333334,True,True
7000407311134456256,18,12,4,"[3, 3, 3, 3]","[[4, 6, 13], [0, 1, 1], [2, 5, 6], [3, 6, 9]]",0.4,1,2,3,4,PP,"[[2, 1], [3], [3], [3]]",5,9,54,0.8333333333333334,0.002499,20,0.005585881881415844,0.002969980239868164,0.008632792421447277,OPTIMAL,2.3333333333333335,0.0,np_gurobi_optimal,0.0,1.0,5.583333333333333,67,15.0,180,2.3333333333333335,2.3333333333333335,2.3333333333333335,2.3333333333333335,2.3333333333333335,2.3333333333333335,True,True,15.0,True,True
7000407311134456256,18,12,4,"[3, 3, 3, 3]","[[4, 6, 13], [0, 1, 1], [2, 5, 6], [3, 6, 9]]",0.4,1,2,3,5,PP,"[[2, 1], [3], [3], [3]]",5,9,54,0.8333333333333334,0.002554,20,0.006189605221152306,0.003301858901977539,0.009580871403793335,OPTIMAL,2.3333333333333335,0.0,np_gurobi_optimal,0.0,1.0,5.583333333333333,67,15.0,180,2.3333333333333335,2.3333333333333335,2.3333333333333335,2.3333333333333335,2.3333333333333335,2.3333333333333335,True,True,15.0,True,True
7000407311134456256,18,12,4,"[3, 3, 3, 3]","[[4, 6, 13], [0, 1, 1], [2, 5, 6], [3, 6, 9]]",0.4,1,2,4,,CHP,"[[2, 1], [3], [3], [3]]",5,9,54,0.8333333333333334,0.002494,20,0.0051016006618738174,0.002964019775390625,0.008138340816003323,OPTIMAL,2.3333333333333335,0.0,np_gurobi_optimal,0.0,1.0,5.583333333333333,67,28.416666666666668,341,2.3333333333333335,,,2.3333333333333335,2.3333333333333335,,False,,,False,
7000407311134456256,18,12,4,"[3, 3, 3, 3]","[[4, 6, 13], [0, 1, 1], [2, 5, 6], [3, 6, 9]]",0.4,1,2,4,2,PP,"[[2, 1], [2, 1], [2, 1], [2, 1]]",8,24,54,0.5555555555555556,0.002564,20,0.006493684835731983,0.008015871047973633,0.014601009035517216,OPTIMAL,2.3333333333333335,0.0,np_gurobi_optimal,0.0,1.0,4.083333333333333,49,15.5,186,2.3333333333333335,2.3333333333333335,2.3333333333333335,2.3333333333333335,2.3333333333333335,2.3333333333333335,True,True,15.5,True,True
7000407311134456256,18,12,4,"[3, 3, 3, 3]","[[4, 6, 13], [0, 1, 1], [2, 5, 6], [3, 6, 9]]",0.4,1,2,4,3,PP,"[[2, 1], [3], [3], [3]]",5,9,54,0.8333333333333334,0.002609,20,0.006508847698569298,0.0028519630432128906,0.009440875046345235,OPTIMAL,2.3333333333333335,0.0,np_gurobi_optimal,0.0,1.0,5.583333333333333,67,20.666666666666668,248,2.3333333333333335,2.3333333333333335,2.3333333333333335,2.3333333333333335,2.3333333333333335,2.3333333333333335,True,True,20.666666666666668,True,True
7000407311134456256,18,12,4,"[3, 3, 3, 3]","[[4, 6, 13], [0, 1, 1], [2, 5, 6], [3, 6, 9]]",0.4,1,2,4,4,PP,"[[2, 1], [3], [3], [3]]",5,9,54,0.8333333333333334,0.002053,20,0.005019065923988819,0.003099203109741211,0.00818701497462082,OPTIMAL,2.3333333333333335,0.0,np_gurobi_optimal,0.0,1.0,5.583333333333333,67,23.25,279,2.3333333333333335,2.3333333333333335,2.3333333333333335,2.3333333333333335,2.3333333333333335,2.3333333333333335,True,True,23.25,True,True
7000407311134456256,18,12,4,"[3, 3, 3, 3]","[[4, 6, 13], [0, 1, 1], [2, 5, 6], [3, 6, 9]]",0.4,1,2,4,5,PP,"[[2, 1], [3], [3], [3]]",5,9,54,0.8333333333333334,0.002544,20,0.005908281542360783,0.0029489994049072266,0.008937670475989819,OPTIMAL,2.3333333333333335,0.0,np_gurobi_optimal,0.0,1.0,5.583333333333333,67,23.25,279,2.3333333333333335,2.3333333333333335,2.3333333333333335,2.3333333333333335,2.3333333333333335,2.3333333333333335,True,True,23.25,True,True
18300575209837975668,19,12,4,"[3, 3, 3, 3]","[[2, 2, 4], [1, 3, 6], [2, 2, 2], [8, 9, 11]]",0.4,1,2,,1,NP,"[[1, 1, 1], [1, 1, 1], [1, 1, 1], [1, 1, 1]]",12,54,54,0.0,0.001632,20,0.006511411629617214,0.14623498916625977,0.15282201706120443,OPTIMAL,4.333333333333333,0.0,np_gurobi_optimal,0.0,4383.0,0.0,0,0.0,0,4.333333333333333,,,4.333333333333333,,,False,,,False,
18300575209837975668,19,12,4,"[3, 3, 3, 3]","[[2, 2, 4], [1, 3, 6], [2, 2, 2], [8, 9, 11]]",0.4,1,2,2,,CHP,"[[3], [2, 1], [3], [3]]",5,9,54,0.8333333333333334,0.001417,20,0.004087788984179497,0.0042819976806640625,0.008426021311585426,OPTIMAL,4.666666666666667,0.3333333333333339,np_gurobi_optimal,0.0,1.0,2.0833333333333335,25,8.25,99,4.333333333333333,,,4.333333333333333,4.666666666666667,,False,,,False,
18300575209837975668,19,12,4,"[3, 3, 3, 3]","[[2, 2, 4], [1, 3, 6], [2, 2, 2], [8, 9, 11]]",0.4,1,2,2,2,PP,"[[2, 1], [2, 1], [2, 1], [2, 1]]",8,24,54,0.5555555555555556,0.003561,20,0.004404496401548386,0.025321006774902344,0.029790853703986167,OPTIMAL,4.666666666666667,0.3333333333333339,np_gurobi_optimal,0.0,298.0,0.75,9,4.5,54,4.333333333333333,4.666666666666667,4.666666666666667,4.333333333333333,4.666666666666667,4.666666666666667,True,True,4.166666666666666,True,True
18300575209837975668,19,12,4,"[3, 3, 3, 3]","[[2, 2, 4], [1, 3, 6], [2, 2, 2], [8, 9, 11]]",0.4,1,2,2,3,PP,"[[3], [2, 1], [3], [3]]",5,9,54,0.8333333333333334,0.0024385,20,0.005731603130698204,0.00536799430847168,0.011183709203673363,OPTIMAL,4.666666666666667,0.3333333333333339,np_gurobi_optimal,0.0,1.0,2.0833333333333335,25,6.0,72,4.333333333333333,4.666666666666667,4.666666666666667,4.333333333333333,4.666666666666667,4.666666666666667,True,True,5.666666666666666,True,True
18300575209837975668,19,12,4,"[3, 3, 3, 3]","[[2, 2, 4], [1, 3, 6], [2, 2, 2], [8, 9, 11]]",0.4,1,2,2,4,PP,"[[3], [2, 1], [3], [3]]",5,9,54,0.8333333333333334,0.001978,20,0.004878233186900616,0.0047359466552734375,0.009684913662567615,OPTIMAL,4.666666666666667,0.3333333333333339,np_gurobi_optimal,0.0,1.0,2.0833333333333335,25,6.75,81,4.333333333333333,4.666666666666667,4.666666666666667,4.333333333333333,4.666666666666667,4.666666666666667,True,True,6.416666666666666,True,True
18300575209837975668,19,12,4,"[3, 3, 3, 3]","[[2, 2, 4], [1, 3, 6], [2, 2, 2], [8, 9, 11]]",0.4,1,2,2,5,PP,"[[3], [2, 1], [3], [3]]",5,9,54,0.8333333333333334,0.0022835,20,0.005680486559867859,0.0057010650634765625,0.011470719137652874,OPTIMAL,4.666666666666667,0.3333333333333339,np_gurobi_optimal,0.0,1.0,2.0833333333333335,25,6.75,81,4.333333333333333,4.666666666666667,4.666666666666667,4.333333333333333,4.666666666666667,4.666666666666667,True,True,6.416666666666666,True,True
18300575209837975668,19,12,4,"[3, 3, 3, 3]","[[2, 2, 4], [1, 3, 6], [2, 2, 2], [8, 9, 11]]",0.4,1,2,3,,CHP,"[[3], [3], [3], [3]]",4,6,54,0.8888888888888888,0.002244,20,0.005867699161171913,0.003122091293334961,0.009075017158550263,OPTIMAL,4.666666666666667,0.3333333333333339,np_gurobi_optimal,0.0,1.0,3.5833333333333335,43,18.333333333333332,220,4.333333333333333,,,4.333333333333333,4.666666666666667,,False,,,False,
18300575209837975668,19,12,4,"[3, 3, 3, 3]","[[2, 2, 4], [1, 3, 6], [2, 2, 2], [8, 9, 11]]",0.4,1,2,3,2,PP,"[[2, 1], [2, 1], [2, 1], [2, 1]]",8,24,54,0.5555555555555556,0.0024285,20,0.006358771584928036,0.027823925018310547,0.03427039420420265,OPTIMAL,4.666666666666667,0.3333333333333339,np_gurobi_optimal,0.0,298.0,0.75,9,10.0,120,4.333333333333333,4.666666666666667,4.666666666666667,4.333333333333333,4.666666666666667,4.666666666666667,True,True,9.666666666666666,True,True
18300575209837975668,19,12,4,"[3, 3, 3, 3]","[[2, 2, 4], [1, 3, 6], [2, 2, 2], [8, 9, 11]]",0.4,1,2,3,3,PP,"[[3], [3], [3], [3]]",4,6,54,0.8888888888888888,0.002303,20,0.005925335921347141,0.0036230087280273438,0.009632458749619007,OPTIMAL,4.666666666666667,0.3333333333333339,np_gurobi_optimal,0.0,1.0,3.5833333333333335,43,13.333333333333334,160,4.333333333333333,4.666666666666667,4.666666666666667,4.333333333333333,4.666666666666667,4.666666666666667,True,True,13.0,True,True
18300575209837975668,19,12,4,"[3, 3, 3, 3]","[[2, 2, 4], [1, 3, 6], [2, 2, 2], [8, 9, 11]]",0.4,1,2,3,4,PP,"[[3], [3], [3], [3]]",4,6,54,0.8888888888888888,0.0025035,20,0.0061346618458628654,0.0031859874725341797,0.009408240311459065,OPTIMAL,4.666666666666667,0.3333333333333339,np_gurobi_optimal,0.0,1.0,3.5833333333333335,43,15.0,180,4.333333333333333,4.666666666666667,4.666666666666667,4.333333333333333,4.666666666666667,4.666666666666667,True,True,14.666666666666666,True,True
18300575209837975668,19,12,4,"[3, 3, 3, 3]","[[2, 2, 4], [1, 3, 6], [2, 2, 2], [8, 9, 11]]",0.4,1,2,3,5,PP,"[[3], [3], [3], [3]]",4,6,54,0.8888888888888888,0.002449,20,0.005478410050272942,0.002814054489135742,0.008360952691852093,OPTIMAL,4.666666666666667,0.3333333333333339,np_gurobi_optimal,0.0,1.0,3.5833333333333335,43,15.0,180,4.333333333333333,4.666666666666667,4.666666666666667,4.333333333333333,4.666666666666667,4.666666666666667,True,True,14.666666666666666,True,True
18300575209837975668,19,12,4,"[3, 3, 3, 3]","[[2, 2, 4], [1, 3, 6], [2, 2, 2], [8, 9, 11]]",0.4,1,2,4,,CHP,"[[3], [3], [3], [3]]",4,6,54,0.8888888888888888,0.001828,20,0.004640795290470123,0.002552032470703125,0.007262342423251152,OPTIMAL,4.666666666666667,0.3333333333333339,np_gurobi_optimal,0.0,1.0,3.5833333333333335,43,28.416666666666668,341,4.333333333333333,,,4.333333333333333,4.666666666666667,,False,,,False,
18300575209837975668,19,12,4,"[3, 3, 3, 3]","[[2, 2, 4], [1, 3, 6], [2, 2, 2], [8, 9, 11]]",0.4,1,2,4,2,PP,"[[2, 1], [2, 1], [2, 1], [2, 1]]",8,24,54,0.5555555555555556,0.002654,20,0.006673938594758511,0.03064107894897461,0.03741371045895004,OPTIMAL,4.666666666666667,0.3333333333333339,np_gurobi_optimal,0.0,298.0,0.75,9,15.5,186,4.333333333333333,4.666666666666667,4.666666666666667,4.333333333333333,4.666666666666667,4.666666666666667,True,True,15.166666666666666,True,True
18300575209837975668,19,12,4,"[3, 3, 3, 3]","[[2, 2, 4], [1, 3, 6], [2, 2, 2], [8, 9, 11]]",0.4,1,2,4,3,PP,"[[3], [3], [3], [3]]",4,6,54,0.8888888888888888,0.001978,20,0.004945394583046436,0.0028450489044189453,0.007860965897634506,OPTIMAL,4.666666666666667,0.3333333333333339,np_gurobi_optimal,0.0,1.0,3.5833333333333335,43,20.666666666666668,248,4.333333333333333,4.666666666666667,4.666666666666667,4.333333333333333,4.666666666666667,4.666666666666667,True,True,20.333333333333336,True,True
18300575209837975668,19,12,4,"[3, 3, 3, 3]","[[2, 2, 4], [1, 3, 6], [2, 2, 2], [8, 9, 11]]",0.4,1,2,4,4,PP,"[[3], [3], [3], [3]]",4,6,54,0.8888888888888888,0.002494,20,0.006026679649949074,0.002919912338256836,0.009035606786710263,OPTIMAL,4.666666666666667,0.3333333333333339,np_gurobi_optimal,0.0,1.0,3.5833333333333335,43,23.25,279,4.333333333333333,4.666666666666667,4.666666666666667,4.333333333333333,4.666666666666667,4.666666666666667,True,True,22.916666666666664,True,True
18300575209837975668,19,12,4,"[3, 3, 3, 3]","[[2, 2, 4], [1, 3, 6], [2, 2, 2], [8, 9, 11]]",0.4,1,2,4,5,PP,"[[3], [3], [3], [3]]",4,6,54,0.8888888888888888,0.002649,20,0.006023013032972813,0.0030040740966796875,0.009117655774663926,OPTIMAL,4.666666666666667,0.3333333333333339,np_gurobi_optimal,0.0,1.0,3.5833333333333335,43,23.25,279,4.333333333333333,4.666666666666667,4.666666666666667,4.333333333333333,4.666666666666667,4.666666666666667,True,True,22.916666666666664,True,True
