seed,replication,N,L,counts,releases,arrival_rate,h_F,h_S,threshold,max_platoon_size,method,partition,number_of_platoons,ordering_variable_count,vehicle_level_ordering_variable_count,dimension_reduction_ratio,formation_time_ms,formation_repetitions,model_build_time_s,solve_time_s,end_to_end_time_s,status,objective,actual_optimality_gap,actual_gap_reference,terminal_mip_gap,node_count,partition_specific_upper_bound,scaled_partition_specific_upper_bound,rule_level_upper_bound,scaled_rule_level_upper_bound,np_optimal_objective,matching_chp_objective,pp_optimal_objective,D_NP,D_CHP,D_PP,bound_check_available,bound_valid,bound_slack,delay_order_check_available,np_pp_chp_delay_order_holds
7978900739485728337,0,20,4,"[5, 5, 5, 5]","[[2, 5, 6, 8, 13], [2, 4, 5, 8, 9], [2, 9, 9, 11, 14], [2, 3, 4, 9, 15]]",0.4,1,2,,1,NP,"[[1, 1, 1, 1, 1], [1, 1, 1, 1, 1], [1, 1, 1, 1, 1], [1, 1, 1, 1, 1]]",20,150,150,0.0,0.0012715,20,0.014674670062959194,30.010825157165527,30.025570443144748,TIME_LIMIT,6.4,,,0.3417110568614934,374491.0,0.0,0,0.0,0,,,,,,,False,,,False,
7978900739485728337,0,20,4,"[5, 5, 5, 5]","[[2, 5, 6, 8, 13], [2, 4, 5, 8, 9], [2, 9, 9, 11, 14], [2, 3, 4, 9, 15]]",0.4,1,2,2,,CHP,"[[1, 3, 1], [3, 2], [1, 3, 1], [3, 1, 1]]",11,45,150,0.7,0.0043115,20,0.006125188432633877,0.10851597785949707,0.11473142768989707,OPTIMAL,6.4,,,0.0,1782.0,2.35,47,16.15,323,,,,,6.4,,False,,,False,
7978900739485728337,0,20,4,"[5, 5, 5, 5]","[[2, 5, 6, 8, 13], [2, 4, 5, 8, 9], [2, 9, 9, 11, 14], [2, 3, 4, 9, 15]]",0.4,1,2,2,2,PP,"[[1, 2, 1, 1], [2, 1, 2], [1, 2, 1, 1], [2, 1, 1, 1]]",15,84,150,0.43999999999999995,0.0030495,20,0.007904277183115482,1.780569076538086,1.7885490044725056,OPTIMAL,6.4,,,0.0,49716.0,0.85,17,8.5,170,,6.4,6.4,,6.4,6.4,False,,,False,
7978900739485728337,0,20,4,"[5, 5, 5, 5]","[[2, 5, 6, 8, 13], [2, 4, 5, 8, 9], [2, 9, 9, 11, 14], [2, 3, 4, 9, 15]]",0.4,1,2,2,3,PP,"[[1, 3, 1], [3, 2], [1, 3, 1], [3, 1, 1]]",11,45,150,0.7,0.003135,20,0.007284108549356461,0.10273504257202148,0.11012312600446701,OPTIMAL,6.4,,,0.0,1782.0,2.35,47,11.05,221,,6.4,6.4,,6.4,6.4,False,,,False,
7978900739485728337,0,20,4,"[5, 5, 5, 5]","[[2, 5, 6, 8, 13], [2, 4, 5, 8, 9], [2, 9, 9, 11, 14], [2, 3, 4, 9, 15]]",0.4,1,2,2,4,PP,"[[1, 3, 1], [3, 2], [1, 3, 1], [3, 1, 1]]",11,45,150,0.7,0.0045065,20,0.005563739687204361,0.10242199897766113,0.10805568082028055,OPTIMAL,6.4,,,0.0,1782.0,2.35,47,12.75,255,,6.4,6.4,,6.4,6.4,False,,,False,
7978900739485728337,0,20,4,"[5, 5, 5, 5]","[[2, 5, 6, 8, 13], [2, 4, 5, 8, 9], [2, 9, 9, 11, 14], [2, 3, 4, 9, 15]]",0.4,1,2,2,5,PP,"[[1, 3, 1], [3, 2], [1, 3, 1], [3, 1, 1]]",11,45,150,0.7,0.0018925,20,0.006158829666674137,0.09856796264648438,0.10479995054789067,OPTIMAL,6.4,,,0.0,1782.0,2.35,47,13.6,272,,6.4,6.4,,6.4,6.4,False,,,False,
7978900739485728337,0,20,4,"[5, 5, 5, 5]","[[2, 5, 6, 8, 13], [2, 4, 5, 8, 9], [2, 9, 9, 11, 14], [2, 3, 4, 9, 15]]",0.4,1,2,3,,CHP,"[[4, 1], [5], [1, 4], [3, 1, 1]]",8,23,150,0.8466666666666667,0.001793,20,0.0052266800776124,0.0211029052734375,0.026398850808935642,OPTIMAL,6.4,,,0.0,209.0,7.25,145,34.2,684,,,,,6.4,,False,,,False,
7978900739485728337,0,20,4,"[5, 5, 5, 5]","[[2, 5, 6, 8, 13], [2, 4, 5, 8, 9], [2, 9, 9, 11, 14], [2, 3, 4, 9, 15]]",0.4,1,2,3,2,PP,"[[2, 2, 1], [2, 2, 1], [1, 2, 2], [2, 1, 1, 1]]",13,63,150,0.5800000000000001,0.004552,20,0.005989282391965389,0.5675029754638672,0.5735694520853301,OPTIMAL,6.4,,,0.0,23455.0,6.5,130,18.0,360,,6.4,6.4,,6.4,6.4,False,,,False,
7978900739485728337,0,20,4,"[5, 5, 5, 5]","[[2, 5, 6, 8, 13], [2, 4, 5, 8, 9], [2, 9, 9, 11, 14], [2, 3, 4, 9, 15]]",0.4,1,2,3,3,PP,"[[3, 1, 1], [3, 2], [1, 3, 1], [3, 1, 1]]",11,45,150,0.7,0.001843,20,0.005855400115251541,0.12018895149230957,0.12612108691239882,OPTIMAL,6.4,,,0.0,2560.0,3.4,68,23.4,468,,6.4,6.4,,6.4,6.4,False,,,False,
7978900739485728337,0,20,4,"[5, 5, 5, 5]","[[2, 5, 6, 8, 13], [2, 4, 5, 8, 9], [2, 9, 9, 11, 14], [2, 3, 4, 9, 15]]",0.4,1,2,3,4,PP,"[[4, 1], [4, 1], [1, 4], [3, 1, 1]]",9,30,150,0.8,0.004722,20,0.005831054411828518,0.03193497657775879,0.037845307224330424,OPTIMAL,6.4,,,0.0,434.0,7.25,145,27.0,540,,6.4,6.4,,6.4,6.4,False,,,False,
7978900739485728337,0,20,4,"[5, 5, 5, 5]","[[2, 5, 6, 8, 13], [2, 4, 5, 8, 9], [2, 9, 9, 11, 14], [2, 3, 4, 9, 15]]",0.4,1,2,3,5,PP,"[[4, 1], [5], [1, 4], [3, 1, 1]]",8,23,150,0.8466666666666667,0.004607,20,0.0055406950414180756,0.019444942474365234,0.025060878813809872,OPTIMAL,6.4,,,0.0,209.0,7.25,145,28.8,576,,6.4,6.4,,6.4,6.4,False,,,False,
7978900739485728337,0,20,4,"[5, 5, 5, 5]","[[2, 5, 6, 8, 13], [2, 4, 5, 8, 9], [2, 9, 9, 11, 14], [2, 3, 4, 9, 15]]",0.4,1,2,4,,CHP,"[[4, 1], [5], [1, 4], [3, 1, 1]]",8,23,150,0.8466666666666667,0.0041815,20,0.005318067967891693,0.018481016159057617,0.023865966919285296,OPTIMAL,6.4,,,0.0,209.0,7.25,145,52.25,1045,,,,,6.4,,False,,,False,
7978900739485728337,0,20,4,"[5, 5, 5, 5]","[[2, 5, 6, 8, 13], [2, 4, 5, 8, 9], [2, 9, 9, 11, 14], [2, 3, 4, 9, 15]]",0.4,1,2,4,2,PP,"[[2, 2, 1], [2, 2, 1], [1, 2, 2], [2, 1, 1, 1]]",13,63,150,0.5800000000000001,0.001823,20,0.005624591372907162,0.5548038482666016,0.5604958556884388,OPTIMAL,6.4,,,0.0,23455.0,6.5,130,27.5,550,,6.4,6.4,,6.4,6.4,False,,,False,
7978900739485728337,0,20,4,"[5, 5, 5, 5]","[[2, 5, 6, 8, 13], [2, 4, 5, 8, 9], [2, 9, 9, 11, 14], [2, 3, 4, 9, 15]]",0.4,1,2,4,3,PP,"[[3, 1, 1], [3, 2], [1, 3, 1], [3, 1, 1]]",11,45,150,0.7,0.0017475,20,0.00549252238124609,0.1141819953918457,0.11974735778182506,OPTIMAL,6.4,,,0.0,2560.0,3.4,68,35.75,715,,6.4,6.4,,6.4,6.4,False,,,False,
7978900739485728337,0,20,4,"[5, 5, 5, 5]","[[2, 5, 6, 8, 13], [2, 4, 5, 8, 9], [2, 9, 9, 11, 14], [2, 3, 4, 9, 15]]",0.4,1,2,4,4,PP,"[[4, 1], [4, 1], [1, 4], [3, 1, 1]]",9,30,150,0.8,0.0016875,20,0.005009731277823448,0.030356884002685547,0.03543216822606325,OPTIMAL,6.4,,,0.0,434.0,7.25,145,41.25,825,,6.4,6.4,,6.4,6.4,False,,,False,
7978900739485728337,0,20,4,"[5, 5, 5, 5]","[[2, 5, 6, 8, 13], [2, 4, 5, 8, 9], [2, 9, 9, 11, 14], [2, 3, 4, 9, 15]]",0.4,1,2,4,5,PP,"[[4, 1], [5], [1, 4], [3, 1, 1]]",8,23,150,0.8466666666666667,0.003059,20,0.005327661521732807,0.02075505256652832,0.026150368690713882,OPTIMAL,6.4,,,0.0,209.0,7.25,145,44.0,880,,6.4,6.4,,6.4,6.4,False,,,False,
13755877369751767079,1,20,4,"[5, 5, 5, 5]","[[0, 2, 7, 8, 10], [5, 9, 10, 12, 15], [4, 4, 7, 7, 9], [3, 9, 10, 13, 16]]",0.4,1,2,,1,NP,"[[1, 1, 1, 1, 1], [1, 1, 1, 1, 1], [1, 1, 1, 1, 1], [1, 1, 1, 1, 1]]",20,150,150,0.0,0.0031295,20,0.00857609324157238,14.778036117553711,14.786686181346921,OPTIMAL,5.3,0.0,np_gurobi_optimal,0.0,167322.0,0.0,0,0.0,0,5.3,,,5.3,,,False,,,False,
13755877369751767079,1,20,4,"[5, 5, 5, 5]","[[0, 2, 7, 8, 10], [5, 9, 10, 12, 15], [4, 4, 7, 7, 9], [3, 9, 10, 13, 16]]",0.4,1,2,2,,CHP,"[[2, 3], [1, 3, 1], [2, 3], [1, 2, 1, 1]]",11,44,150,0.7066666666666667,0.003936,20,0.0052473703399300575,0.05414104461669922,0.05945595470054007,OPTIMAL,5.3,0.0,np_gurobi_optimal,0.0,1035.0,3.0,60,16.15,323,5.3,,,5.3,5.3,,False,,,False,
13755877369751767079,1,20,4,"[5, 5, 5, 5]","[[0, 2, 7, 8, 10], [5, 9, 10, 12, 15], [4, 4, 7, 7, 9], [3, 9, 10, 13, 16]]",0.4,1,2,2,2,PP,"[[2, 2, 1], [1, 2, 1, 1], [2, 2, 1], [1, 2, 1, 1]]",14,73,150,0.5133333333333333,0.0043015,20,0.006077135913074017,0.3153500556945801,0.32149638021407273,OPTIMAL,5.3,0.0,np_gurobi_optimal,0.0,14432.0,0.85,17,8.5,170,5.3,5.3,5.3,5.3,5.3,5.3,True,True,8.5,True,True
13755877369751767079,1,20,4,"[5, 5, 5, 5]","[[0, 2, 7, 8, 10], [5, 9, 10, 12, 15], [4, 4, 7, 7, 9], [3, 9, 10, 13, 16]]",0.4,1,2,2,3,PP,"[[2, 3], [1, 3, 1], [2, 3], [1, 2, 1, 1]]",11,44,150,0.7066666666666667,0.0017325,20,0.005301563069224358,0.051815032958984375,0.05718308897475719,OPTIMAL,5.3,0.0,np_gurobi_optimal,0.0,1035.0,3.0,60,11.05,221,5.3,5.3,5.3,5.3,5.3,5.3,True,True,11.05,True,True
13755877369751767079,1,20,4,"[5, 5, 5, 5]","[[0, 2, 7, 8, 10], [5, 9, 10, 12, 15], [4, 4, 7, 7, 9], [3, 9, 10, 13, 16]]",0.4,1,2,2,4,PP,"[[2, 3], [1, 3, 1], [2, 3], [1, 2, 1, 1]]",11,44,150,0.7066666666666667,0.001713,20,0.0053650494664907455,0.05039811134338379,0.055836974940956116,OPTIMAL,5.3,0.0,np_gurobi_optimal,0.0,1035.0,3.0,60,12.75,255,5.3,5.3,5.3,5.3,5.3,5.3,True,True,12.75,True,True
13755877369751767079,1,20,4,"[5, 5, 5, 5]","[[0, 2, 7, 8, 10], [5, 9, 10, 12, 15], [4, 4, 7, 7, 9], [3, 9, 10, 13, 16]]",0.4,1,2,2,5,PP,"[[2, 3], [1, 3, 1], [2, 3], [1, 2, 1, 1]]",11,44,150,0.7066666666666667,0.0018225,20,0.005535487085580826,0.052987098693847656,0.058592539182374476,OPTIMAL,5.3,0.0,np_gurobi_optimal,0.0,1035.0,3.0,60,13.6,272,5.3,5.3,5.3,5.3,5.3,5.3,True,True,13.6,True,True
13755877369751767079,1,20,4,"[5, 5, 5, 5]","[[0, 2, 7, 8, 10], [5, 9, 10, 12, 15], [4, 4, 7, 7, 9], [3, 9, 10, 13, 16]]",0.4,1,2,3,,CHP,"[[2, 3], [1, 4], [5], [1, 4]]",7,18,150,0.88,0.0016975,20,0.005301202647387981,0.0087890625,0.014151653905162811,OPTIMAL,5.3,0.0,np_gurobi_optimal,0.0,1.0,9.3,186,34.2,684,5.3,,,5.3,5.3,,False,,,False,
13755877369751767079,1,20,4,"[5, 5, 5, 5]","[[0, 2, 7, 8, 10], [5, 9, 10, 12, 15], [4, 4, 7, 7, 9], [3, 9, 10, 13, 16]]",0.4,1,2,3,2,PP,"[[2, 2, 1], [1, 2, 2], [2, 2, 1], [1, 2, 2]]",12,54,150,0.64,0.001762,20,0.005290275439620018,0.13224411010742188,0.1376132740947361,OPTIMAL,5.3,0.0,np_gurobi_optimal,0.0,4235.0,3.85,77,18.0,360,5.3,5.3,5.3,5.3,5.3,5.3,True,True,18.0,True,True
13755877369751767079,1,20,4,"[5, 5, 5, 5]","[[0, 2, 7, 8, 10], [5, 9, 10, 12, 15], [4, 4, 7, 7, 9], [3, 9, 10, 13, 16]]",0.4,1,2,3,3,PP,"[[2, 3], [1, 3, 1], [3, 2], [1, 3, 1]]",10,37,150,0.7533333333333333,0.0022435,20,0.006116804666817188,0.05238199234008789,0.05858069093877649,OPTIMAL,5.3,0.0,np_gurobi_optimal,0.0,740.0,6.3,126,23.4,468,5.3,5.3,5.3,5.3,5.3,5.3,True,True,23.4,True,True
13755877369751767079,1,20,4,"[5, 5, 5, 5]","[[0, 2, 7, 8, 10], [5, 9, 10, 12, 15], [4, 4, 7, 7, 9], [3, 9, 10, 13, 16]]",0.4,1,2,3,4,PP,"[[2, 3], [1, 4], [4, 1], [1, 4]]",8,24,150,0.84,0.001678,20,0.004929420538246632,0.022476911544799805,0.02746864197662163,OPTIMAL,5.3,0.0,np_gurobi_optimal,0.0,225.0,8.6,172,27.0,540,5.3,5.3,5.3,5.3,5.3,5.3,True,True,27.0,True,True
13755877369751767079,1,20,4,"[5, 5, 5, 5]","[[0, 2, 7, 8, 10], [5, 9, 10, 12, 15], [4, 4, 7, 7, 9], [3, 9, 10, 13, 16]]",0.4,1,2,3,5,PP,"[[2, 3], [1, 4], [5], [1, 4]]",7,18,150,0.88,0.004071,20,0.0047288574278354645,0.008958816528320312,0.013747252712925434,OPTIMAL,5.3,0.0,np_gurobi_optimal,0.0,1.0,9.3,186,28.8,576,5.3,5.3,5.3,5.3,5.3,5.3,True,True,28.8,True,True
13755877369751767079,1,20,4,"[5, 5, 5, 5]","[[0, 2, 7, 8, 10], [5, 9, 10, 12, 15], [4, 4, 7, 7, 9], [3, 9, 10, 13, 16]]",0.4,1,2,4,,CHP,"[[2, 3], [5], [5], [1, 4]]",6,13,150,0.9133333333333333,0.001663,20,0.004587132483720779,0.006498098373413086,0.011143342249703885,OPTIMAL,5.3,0.0,np_gurobi_optimal,0.0,1.0,12.05,241,52.25,1045,5.3,,,5.3,5.3,,False,,,False,
13755877369751767079,1,20,4,"[5, 5, 5, 5]","[[0, 2, 7, 8, 10], [5, 9, 10, 12, 15], [4, 4, 7, 7, 9], [3, 9, 10, 13, 16]]",0.4,1,2,4,2,PP,"[[2, 2, 1], [2, 2, 1], [2, 2, 1], [1, 2, 2]]",12,54,150,0.64,0.0017325,20,0.005131276324391365,0.10228395462036133,0.10747869895557881,OPTIMAL,5.3,0.0,np_gurobi_optimal,0.0,2978.0,5.85,117,27.5,550,5.3,5.3,5.3,5.3,5.3,5.3,True,True,27.5,True,True
13755877369751767079,1,20,4,"[5, 5, 5, 5]","[[0, 2, 7, 8, 10], [5, 9, 10, 12, 15], [4, 4, 7, 7, 9], [3, 9, 10, 13, 16]]",0.4,1,2,4,3,PP,"[[2, 3], [3, 2], [3, 2], [1, 3, 1]]",9,30,150,0.8,0.001752,20,0.005089662969112396,0.02742910385131836,0.032583107422735215,OPTIMAL,5.3,0.0,np_gurobi_optimal,0.0,282.0,9.8,196,35.75,715,5.3,5.3,5.3,5.3,5.3,5.3,True,True,35.75,True,True
13755877369751767079,1,20,4,"[5, 5, 5, 5]","[[0, 2, 7, 8, 10], [5, 9, 10, 12, 15], [4, 4, 7, 7, 9], [3, 9, 10, 13, 16]]",0.4,1,2,4,4,PP,"[[2, 3], [4, 1], [4, 1], [1, 4]]",8,24,150,0.84,0.0017425,20,0.004981520585715771,0.019591808319091797,0.02463899086707115,OPTIMAL,5.3,0.0,np_gurobi_optimal,0.0,153.0,9.85,197,41.25,825,5.3,5.3,5.3,5.3,5.3,5.3,True,True,41.25,True,True
13755877369751767079,1,20,4,"[5, 5, 5, 5]","[[0, 2, 7, 8, 10], [5, 9, 10, 12, 15], [4, 4, 7, 7, 9], [3, 9, 10, 13, 16]]",0.4,1,2,4,5,PP,"[[2, 3], [5], [5], [1, 4]]",6,13,150,0.9133333333333333,0.001727,20,0.0046290066093206406,0.006718158721923828,0.011405072502912998,OPTIMAL,5.3,0.0,np_gurobi_optimal,0.0,1.0,12.05,241,44.0,880,5.3,5.3,5.3,5.3,5.3,5.3,True,True,44.0,True,True
15220466147636921654,2,20,4,"[5, 5, 5, 5]","[[3, 4, 7, 9, 9], [4, 6, 6, 9, 9], [2, 2, 2, 5, 6], [7, 10, 12, 13, 14]]",0.4,1,2,,1,NP,"[[1, 1, 1, 1, 1], [1, 1, 1, 1, 1], [1, 1, 1, 1, 1], [1, 1, 1, 1, 1]]",20,150,150,0.0,0.003285,20,0.0077752526849508286,16.445873022079468,16.45371811300692,OPTIMAL,6.05,0.0,np_gurobi_optimal,0.0,168983.0,0.0,0,0.0,0,6.05,,,6.05,,,False,,,False,
15220466147636921654,2,20,4,"[5, 5, 5, 5]","[[3, 4, 7, 9, 9], [4, 6, 6, 9, 9], [2, 2, 2, 5, 6], [7, 10, 12, 13, 14]]",0.4,1,2,2,,CHP,"[[2, 3], [3, 2], [3, 2], [1, 4]]",8,24,150,0.84,0.001703,20,0.005200549960136414,0.03087592124938965,0.03614919780038881,OPTIMAL,6.05,0.0,np_gurobi_optimal,0.0,371.0,2.4,48,16.15,323,6.05,,,6.05,6.05,,False,,,False,
15220466147636921654,2,20,4,"[5, 5, 5, 5]","[[3, 4, 7, 9, 9], [4, 6, 6, 9, 9], [2, 2, 2, 5, 6], [7, 10, 12, 13, 14]]",0.4,1,2,2,2,PP,"[[2, 2, 1], [2, 1, 2], [2, 1, 2], [1, 2, 2]]",12,54,150,0.64,0.0018475,20,0.005525651387870312,0.13388919830322266,0.13948191305438043,OPTIMAL,6.05,0.0,np_gurobi_optimal,0.0,2486.0,2.4,48,8.5,170,6.05,6.05,6.05,6.05,6.05,6.05,True,True,8.5,True,True
15220466147636921654,2,20,4,"[5, 5, 5, 5]","[[3, 4, 7, 9, 9], [4, 6, 6, 9, 9], [2, 2, 2, 5, 6], [7, 10, 12, 13, 14]]",0.4,1,2,2,3,PP,"[[2, 3], [3, 2], [3, 2], [1, 3, 1]]",9,30,150,0.8,0.0016825,20,0.00478072464466095,0.044149160385131836,0.048996124948019984,OPTIMAL,6.05,0.0,np_gurobi_optimal,0.0,523.0,2.4,48,11.05,221,6.05,6.05,6.05,6.05,6.05,6.05,True,True,11.05,True,True
15220466147636921654,2,20,4,"[5, 5, 5, 5]","[[3, 4, 7, 9, 9], [4, 6, 6, 9, 9], [2, 2, 2, 5, 6], [7, 10, 12, 13, 14]]",0.4,1,2,2,4,PP,"[[2, 3], [3, 2], [3, 2], [1, 4]]",8,24,150,0.84,0.0017325,20,0.004963402636349201,0.02700185775756836,0.03203368676613092,OPTIMAL,6.05,0.0,np_gurobi_optimal,0.0,371.0,2.4,48,12.75,255,6.05,6.05,6.05,6.05,6.05,6.05,True,True,12.75,True,True
15220466147636921654,2,20,4,"[5, 5, 5, 5]","[[3, 4, 7, 9, 9], [4, 6, 6, 9, 9], [2, 2, 2, 5, 6], [7, 10, 12, 13, 14]]",0.4,1,2,2,5,PP,"[[2, 3], [3, 2], [3, 2], [1, 4]]",8,24,150,0.84,0.001798,20,0.0052200499922037125,0.028439998626708984,0.03373591470327186,OPTIMAL,6.05,0.0,np_gurobi_optimal,0.0,371.0,2.4,48,13.6,272,6.05,6.05,6.05,6.05,6.05,6.05,True,True,13.6,True,True
15220466147636921654,2,20,4,"[5, 5, 5, 5]","[[3, 4, 7, 9, 9], [4, 6, 6, 9, 9], [2, 2, 2, 5, 6], [7, 10, 12, 13, 14]]",0.4,1,2,3,,CHP,"[[5], [5], [5], [5]]",4,6,150,0.96,0.0016275,20,0.004392579197883606,0.0024411678314208984,0.006888466435315609,OPTIMAL,6.05,0.0,np_gurobi_optimal,0.0,1.0,9.1,182,34.2,684,6.05,,,6.05,6.05,,False,,,False,
15220466147636921654,2,20,4,"[5, 5, 5, 5]","[[3, 4, 7, 9, 9], [4, 6, 6, 9, 9], [2, 2, 2, 5, 6], [7, 10, 12, 13, 14]]",0.4,1,2,3,2,PP,"[[2, 2, 1], [2, 2, 1], [2, 2, 1], [2, 2, 1]]",12,54,150,0.64,0.0017425,20,0.0051376959308981895,0.08341789245605469,0.08862120564573288,OPTIMAL,6.05,0.0,np_gurobi_optimal,0.0,1485.0,6.6,132,18.0,360,6.05,6.05,6.05,6.05,6.05,6.05,True,True,18.0,True,True
15220466147636921654,2,20,4,"[5, 5, 5, 5]","[[3, 4, 7, 9, 9], [4, 6, 6, 9, 9], [2, 2, 2, 5, 6], [7, 10, 12, 13, 14]]",0.4,1,2,3,3,PP,"[[3, 2], [3, 2], [3, 2], [3, 2]]",8,24,150,0.84,0.0044865,20,0.004979726858437061,0.017637968063354492,0.02268828204152489,OPTIMAL,6.05,0.0,np_gurobi_optimal,0.0,226.0,5.15,103,23.4,468,6.05,6.05,6.05,6.05,6.05,6.05,True,True,23.4,True,True
15220466147636921654,2,20,4,"[5, 5, 5, 5]","[[3, 4, 7, 9, 9], [4, 6, 6, 9, 9], [2, 2, 2, 5, 6], [7, 10, 12, 13, 14]]",0.4,1,2,3,4,PP,"[[4, 1], [4, 1], [4, 1], [4, 1]]",8,24,150,0.84,0.001753,20,0.004977893084287643,0.01662898063659668,0.02167287773398447,OPTIMAL,6.05,0.0,np_gurobi_optimal,0.0,119.0,9.1,182,27.0,540,6.05,6.05,6.05,6.05,6.05,6.05,True,True,27.0,True,True
15220466147636921654,2,20,4,"[5, 5, 5, 5]","[[3, 4, 7, 9, 9], [4, 6, 6, 9, 9], [2, 2, 2, 5, 6], [7, 10, 12, 13, 14]]",0.4,1,2,3,5,PP,"[[5], [5], [5], [5]]",4,6,150,0.96,0.0017425,20,0.0046162074431777,0.0030579566955566406,0.007732287044756412,OPTIMAL,6.05,0.0,np_gurobi_optimal,0.0,1.0,9.1,182,28.8,576,6.05,6.05,6.05,6.05,6.05,6.05,True,True,28.8,True,True
15220466147636921654,2,20,4,"[5, 5, 5, 5]","[[3, 4, 7, 9, 9], [4, 6, 6, 9, 9], [2, 2, 2, 5, 6], [7, 10, 12, 13, 14]]",0.4,1,2,4,,CHP,"[[5], [5], [5], [5]]",4,6,150,0.96,0.001768,20,0.0046196021139621735,0.0025911331176757812,0.007272998220794678,OPTIMAL,6.05,0.0,np_gurobi_optimal,0.0,1.0,9.1,182,52.25,1045,6.05,,,6.05,6.05,,False,,,False,
15220466147636921654,2,20,4,"[5, 5, 5, 5]","[[3, 4, 7, 9, 9], [4, 6, 6, 9, 9], [2, 2, 2, 5, 6], [7, 10, 12, 13, 14]]",0.4,1,2,4,2,PP,"[[2, 2, 1], [2, 2, 1], [2, 2, 1], [2, 2, 1]]",12,54,150,0.64,0.004687,20,0.005820036865770817,0.08707809448242188,0.09296789451309395,OPTIMAL,6.05,0.0,np_gurobi_optimal,0.0,1485.0,6.6,132,27.5,550,6.05,6.05,6.05,6.05,6.05,6.05,True,True,27.5,True,True
15220466147636921654,2,20,4,"[5, 5, 5, 5]","[[3, 4, 7, 9, 9], [4, 6, 6, 9, 9], [2, 2, 2, 5, 6], [7, 10, 12, 13, 14]]",0.4,1,2,4,3,PP,"[[3, 2], [3, 2], [3, 2], [3, 2]]",8,24,150,0.84,0.001853,20,0.005060117691755295,0.017615079879760742,0.022741071547940254,OPTIMAL,6.05,0.0,np_gurobi_optimal,0.0,226.0,5.15,103,35.75,715,6.05,6.05,6.05,6.05,6.05,6.05,True,True,35.75,True,True
15220466147636921654,2,20,4,"[5, 5, 5, 5]","[[3, 4, 7, 9, 9], [4, 6, 6, 9, 9], [2, 2, 2, 5, 6], [7, 10, 12, 13, 14]]",0.4,1,2,4,4,PP,"[[4, 1], [4, 1], [4, 1], [4, 1]]",8,24,150,0.84,0.001772,20,0.004605771973729134,0.01631784439086914,0.020977825550839425,OPTIMAL,6.05,0.0,np_gurobi_optimal,0.0,119.0,9.1,182,41.25,825,6.05,6.05,6.05,6.05,6.05,6.05,True,True,41.25,True,True
15220466147636921654,2,20,4,"[5, 5, 5, 5]","[[3, 4, 7, 9, 9], [4, 6, 6, 9, 9], [2, 2, 2, 5, 6], [7, 10, 12, 13, 14]]",0.4,1,2,4,5,PP,"[[5], [5], [5], [5]]",4,6,150,0.96,0.004306,20,0.004308741539716721,0.0028259754180908203,0.007190197270637512,OPTIMAL,6.05,0.0,np_gurobi_optimal,0.0,1.0,9.1,182,44.0,880,6.05,6.05,6.05,6.05,6.05,6.05,True,True,44.0,True,True
9061798309950437861,3,20,4,"[5, 5, 5, 5]","[[6, 7, 7, 11, 11], [3, 14, 15, 17, 18], [1, 2, 8, 10, 12], [7, 8, 14, 15, 20]]",0.4,1,2,,1,NP,"[[1, 1, 1, 1, 1], [1, 1, 1, 1, 1], [1, 1, 1, 1, 1], [1, 1, 1, 1, 1]]",20,150,150,0.0,0.001322,20,0.007436920888721943,1.467289924621582,1.47480141696212,OPTIMAL,3.75,0.0,np_gurobi_optimal,0.0,21718.0,0.0,0,0.0,0,3.75,,,3.75,,,False,,,False,
9061798309950437861,3,20,4,"[5, 5, 5, 5]","[[6, 7, 7, 11, 11], [3, 14, 15, 17, 18], [1, 2, 8, 10, 12], [7, 8, 14, 15, 20]]",0.4,1,2,2,,CHP,"[[3, 2], [1, 4], [2, 3], [2, 2, 1]]",9,30,150,0.8,0.0016925,20,0.0058806175366044044,0.01709890365600586,0.02306463970619917,OPTIMAL,3.75,0.0,np_gurobi_optimal,0.0,90.0,2.2,44,16.15,323,3.75,,,3.75,3.75,,False,,,False,
9061798309950437861,3,20,4,"[5, 5, 5, 5]","[[6, 7, 7, 11, 11], [3, 14, 15, 17, 18], [1, 2, 8, 10, 12], [7, 8, 14, 15, 20]]",0.4,1,2,2,2,PP,"[[2, 1, 2], [1, 2, 2], [2, 2, 1], [2, 2, 1]]",12,54,150,0.64,0.001868,20,0.0056898994371294975,0.0672149658203125,0.0729758327358656,OPTIMAL,3.75,0.0,np_gurobi_optimal,0.0,788.0,0.75,15,8.5,170,3.75,3.75,3.75,3.75,3.75,3.75,True,True,8.5,True,True
9061798309950437861,3,20,4,"[5, 5, 5, 5]","[[6, 7, 7, 11, 11], [3, 14, 15, 17, 18], [1, 2, 8, 10, 12], [7, 8, 14, 15, 20]]",0.4,1,2,2,3,PP,"[[3, 2], [1, 3, 1], [2, 3], [2, 2, 1]]",10,37,150,0.7533333333333333,0.001713,20,0.005198607221245766,0.018559932708740234,0.02382293652719307,OPTIMAL,3.75,0.0,np_gurobi_optimal,0.0,184.0,2.2,44,11.05,221,3.75,3.75,3.75,3.75,3.75,3.75,True,True,11.05,True,True
9061798309950437861,3,20,4,"[5, 5, 5, 5]","[[6, 7, 7, 11, 11], [3, 14, 15, 17, 18], [1, 2, 8, 10, 12], [7, 8, 14, 15, 20]]",0.4,1,2,2,4,PP,"[[3, 2], [1, 4], [2, 3], [2, 2, 1]]",9,30,150,0.8,0.0018425,20,0.00507389847189188,0.014481067657470703,0.019621086650817396,OPTIMAL,3.75,0.0,np_gurobi_optimal,0.0,90.0,2.2,44,12.75,255,3.75,3.75,3.75,3.75,3.75,3.75,True,True,12.75,True,True
9061798309950437861,3,20,4,"[5, 5, 5, 5]","[[6, 7, 7, 11, 11], [3, 14, 15, 17, 18], [1, 2, 8, 10, 12], [7, 8, 14, 15, 20]]",0.4,1,2,2,5,PP,"[[3, 2], [1, 4], [2, 3], [2, 2, 1]]",9,30,150,0.8,0.001773,20,0.005174660123884678,0.015353918075561523,0.0206084686743598,OPTIMAL,3.75,0.0,np_gurobi_optimal,0.0,90.0,2.2,44,13.6,272,3.75,3.75,3.75,3.75,3.75,3.75,True,True,13.6,True,True
9061798309950437861,3,20,4,"[5, 5, 5, 5]","[[6, 7, 7, 11, 11], [3, 14, 15, 17, 18], [1, 2, 8, 10, 12], [7, 8, 14, 15, 20]]",0.4,1,2,3,,CHP,"[[3, 2], [1, 4], [2, 3], [2, 2, 1]]",9,30,150,0.8,0.001758,20,0.00535409152507782,0.014845848083496094,0.02027829330240059,OPTIMAL,3.75,0.0,np_gurobi_optimal,0.0,90.0,2.2,44,34.2,684,3.75,,,3.75,3.75,,False,,,False,
9061798309950437861,3,20,4,"[5, 5, 5, 5]","[[6, 7, 7, 11, 11], [3, 14, 15, 17, 18], [1, 2, 8, 10, 12], [7, 8, 14, 15, 20]]",0.4,1,2,3,2,PP,"[[2, 1, 2], [1, 2, 2], [2, 2, 1], [2, 2, 1]]",12,54,150,0.64,0.0018375,20,0.00536649115383625,0.0697021484375,0.07513913232889176,OPTIMAL,3.75,0.0,np_gurobi_optimal,0.0,788.0,0.75,15,18.0,360,3.75,3.75,3.75,3.75,3.75,3.75,True,True,18.0,True,True
9061798309950437861,3,20,4,"[5, 5, 5, 5]","[[6, 7, 7, 11, 11], [3, 14, 15, 17, 18], [1, 2, 8, 10, 12], [7, 8, 14, 15, 20]]",0.4,1,2,3,3,PP,"[[3, 2], [1, 3, 1], [2, 3], [2, 2, 1]]",10,37,150,0.7533333333333333,0.001838,20,0.005496768280863762,0.019269943237304688,0.02483934866029072,OPTIMAL,3.75,0.0,np_gurobi_optimal,0.0,184.0,2.2,44,23.4,468,3.75,3.75,3.75,3.75,3.75,3.75,True,True,23.4,True,True
9061798309950437861,3,20,4,"[5, 5, 5, 5]","[[6, 7, 7, 11, 11], [3, 14, 15, 17, 18], [1, 2, 8, 10, 12], [7, 8, 14, 15, 20]]",0.4,1,2,3,4,PP,"[[3, 2], [1, 4], [2, 3], [2, 2, 1]]",9,30,150,0.8,0.001823,20,0.005077434703707695,0.015623092651367188,0.020768741547451498,OPTIMAL,3.75,0.0,np_gurobi_optimal,0.0,90.0,2.2,44,27.0,540,3.75,3.75,3.75,3.75,3.75,3.75,True,True,27.0,True,True
9061798309950437861,3,20,4,"[5, 5, 5, 5]","[[6, 7, 7, 11, 11], [3, 14, 15, 17, 18], [1, 2, 8, 10, 12], [7, 8, 14, 15, 20]]",0.4,1,2,3,5,PP,"[[3, 2], [1, 4], [2, 3], [2, 2, 1]]",9,30,150,0.8,0.0018325,20,0.005299580283463001,0.016150951385498047,0.021531274199385643,OPTIMAL,3.75,0.0,np_gurobi_optimal,0.0,90.0,2.2,44,28.8,576,3.75,3.75,3.75,3.75,3.75,3.75,True,True,28.8,True,True
9061798309950437861,3,20,4,"[5, 5, 5, 5]","[[6, 7, 7, 11, 11], [3, 14, 15, 17, 18], [1, 2, 8, 10, 12], [7, 8, 14, 15, 20]]",0.4,1,2,4,,CHP,"[[5], [1, 4], [2, 3], [2, 2, 1]]",8,23,150,0.8466666666666667,0.0016325,20,0.005115913227200508,0.007817983627319336,0.013006168309159278,OPTIMAL,4.5,0.75,np_gurobi_optimal,0.0,1.0,4.65,93,52.25,1045,3.75,,,3.75,4.5,,False,,,False,
9061798309950437861,3,20,4,"[5, 5, 5, 5]","[[6, 7, 7, 11, 11], [3, 14, 15, 17, 18], [1, 2, 8, 10, 12], [7, 8, 14, 15, 20]]",0.4,1,2,4,2,PP,"[[2, 2, 1], [1, 2, 2], [2, 2, 1], [2, 2, 1]]",12,54,150,0.64,0.001758,20,0.00559238251298666,0.06403493881225586,0.06970001257781554,OPTIMAL,4.15,0.40000000000000036,np_gurobi_optimal,0.0,1044.0,3.2,64,27.5,550,3.75,4.5,4.15,3.75,4.5,4.15,True,True,27.1,True,True
9061798309950437861,3,20,4,"[5, 5, 5, 5]","[[6, 7, 7, 11, 11], [3, 14, 15, 17, 18], [1, 2, 8, 10, 12], [7, 8, 14, 15, 20]]",0.4,1,2,4,3,PP,"[[3, 2], [1, 3, 1], [2, 3], [2, 2, 1]]",10,37,150,0.7533333333333333,0.001918,20,0.00536764319986105,0.0196990966796875,0.0251485858455472,OPTIMAL,3.75,0.0,np_gurobi_optimal,0.0,184.0,2.2,44,35.75,715,3.75,4.5,3.75,3.75,4.5,3.75,True,True,35.75,True,True
9061798309950437861,3,20,4,"[5, 5, 5, 5]","[[6, 7, 7, 11, 11], [3, 14, 15, 17, 18], [1, 2, 8, 10, 12], [7, 8, 14, 15, 20]]",0.4,1,2,4,4,PP,"[[4, 1], [1, 4], [2, 3], [2, 2, 1]]",9,30,150,0.8,0.001863,20,0.005247560329735279,0.02145218849182129,0.02677136229445982,OPTIMAL,4.5,0.75,np_gurobi_optimal,0.0,135.0,4.65,93,41.25,825,3.75,4.5,4.5,3.75,4.5,4.5,True,True,40.5,True,True
9061798309950437861,3,20,4,"[5, 5, 5, 5]","[[6, 7, 7, 11, 11], [3, 14, 15, 17, 18], [1, 2, 8, 10, 12], [7, 8, 14, 15, 20]]",0.4,1,2,4,5,PP,"[[5], [1, 4], [2, 3], [2, 2, 1]]",8,23,150,0.8466666666666667,0.001772,20,0.004796599969267845,0.0077021121978759766,0.012560072979435444,OPTIMAL,4.5,0.75,np_gurobi_optimal,0.0,1.0,4.65,93,44.0,880,3.75,4.5,4.5,3.75,4.5,4.5,True,True,43.25,True,True
12894443836854530113,4,20,4,"[5, 5, 5, 5]","[[4, 6, 7, 10, 12], [3, 4, 4, 5, 7], [3, 4, 8, 8, 10], [3, 3, 6, 7, 10]]",0.4,1,2,,1,NP,"[[1, 1, 1, 1, 1], [1, 1, 1, 1, 1], [1, 1, 1, 1, 1], [1, 1, 1, 1, 1]]",20,150,150,0.0,0.001217,20,0.007246603257954121,30.009741067886353,30.017079327948206,TIME_LIMIT,7.8,,,0.27791271733113376,331849.0,0.0,0,0.0,0,,,,,,,False,,,False,
12894443836854530113,4,20,4,"[5, 5, 5, 5]","[[4, 6, 7, 10, 12], [3, 4, 4, 5, 7], [3, 4, 8, 8, 10], [3, 3, 6, 7, 10]]",0.4,1,2,2,,CHP,"[[3, 2], [5], [2, 3], [2, 2, 1]]",8,23,150,0.8466666666666667,0.0042065,20,0.005411248654127121,0.030649900436401367,0.036147373444384574,OPTIMAL,7.8,,,0.0,492.0,2.95,59,16.15,323,,,,,7.8,,False,,,False,
12894443836854530113,4,20,4,"[5, 5, 5, 5]","[[4, 6, 7, 10, 12], [3, 4, 4, 5, 7], [3, 4, 8, 8, 10], [3, 3, 6, 7, 10]]",0.4,1,2,2,2,PP,"[[2, 1, 2], [2, 2, 1], [2, 2, 1], [2, 2, 1]]",12,54,150,0.64,0.001918,20,0.005738753825426102,0.23166203498840332,0.23747543938161658,OPTIMAL,7.8,,,0.0,5758.0,1.55,31,8.5,170,,7.8,7.8,,7.8,7.8,False,,,False,
12894443836854530113,4,20,4,"[5, 5, 5, 5]","[[4, 6, 7, 10, 12], [3, 4, 4, 5, 7], [3, 4, 8, 8, 10], [3, 3, 6, 7, 10]]",0.4,1,2,2,3,PP,"[[3, 2], [3, 2], [2, 3], [2, 2, 1]]",9,30,150,0.8,0.001903,20,0.005454353988170624,0.06949400901794434,0.07502867032838154,OPTIMAL,7.8,,,0.0,1460.0,2.95,59,11.05,221,,7.8,7.8,,7.8,7.8,False,,,False,
12894443836854530113,4,20,4,"[5, 5, 5, 5]","[[4, 6, 7, 10, 12], [3, 4, 4, 5, 7], [3, 4, 8, 8, 10], [3, 3, 6, 7, 10]]",0.4,1,2,2,4,PP,"[[3, 2], [4, 1], [2, 3], [2, 2, 1]]",9,30,150,0.8,0.002038,20,0.005599113181233406,0.05530500411987305,0.060983236213994506,OPTIMAL,7.8,,,0.0,732.0,2.25,45,12.75,255,,7.8,7.8,,7.8,7.8,False,,,False,
12894443836854530113,4,20,4,"[5, 5, 5, 5]","[[4, 6, 7, 10, 12], [3, 4, 4, 5, 7], [3, 4, 8, 8, 10], [3, 3, 6, 7, 10]]",0.4,1,2,2,5,PP,"[[3, 2], [5], [2, 3], [2, 2, 1]]",8,23,150,0.8466666666666667,0.002113,20,0.0055362265557050705,0.027369022369384766,0.03298566473319578,OPTIMAL,7.8,,,0.0,492.0,2.95,59,13.6,272,,7.8,7.8,,7.8,7.8,False,,,False,
12894443836854530113,4,20,4,"[5, 5, 5, 5]","[[4, 6, 7, 10, 12], [3, 4, 4, 5, 7], [3, 4, 8, 8, 10], [3, 3, 6, 7, 10]]",0.4,1,2,3,,CHP,"[[5], [5], [2, 3], [5]]",5,9,150,0.94,0.0016625,20,0.004947367124259472,0.006165027618408203,0.011182150892710685,OPTIMAL,7.8,,,0.0,1.0,7.75,155,34.2,684,,,,,7.8,,False,,,False,
12894443836854530113,4,20,4,"[5, 5, 5, 5]","[[4, 6, 7, 10, 12], [3, 4, 4, 5, 7], [3, 4, 8, 8, 10], [3, 3, 6, 7, 10]]",0.4,1,2,3,2,PP,"[[2, 2, 1], [2, 2, 1], [2, 2, 1], [2, 2, 1]]",12,54,150,0.64,0.0017375,20,0.005916481837630272,0.17892098426818848,0.18491893506275414,OPTIMAL,7.8,,,0.0,3636.0,2.45,49,18.0,360,,7.8,7.8,,7.8,7.8,False,,,False,
12894443836854530113,4,20,4,"[5, 5, 5, 5]","[[4, 6, 7, 10, 12], [3, 4, 4, 5, 7], [3, 4, 8, 8, 10], [3, 3, 6, 7, 10]]",0.4,1,2,3,3,PP,"[[3, 2], [3, 2], [2, 3], [3, 2]]",8,24,150,0.84,0.001758,20,0.005221132189035416,0.04974198341369629,0.055041146127624986,OPTIMAL,7.8,,,0.0,642.0,6.15,123,23.4,468,,7.8,7.8,,7.8,7.8,False,,,False,
12894443836854530113,4,20,4,"[5, 5, 5, 5]","[[4, 6, 7, 10, 12], [3, 4, 4, 5, 7], [3, 4, 8, 8, 10], [3, 3, 6, 7, 10]]",0.4,1,2,3,4,PP,"[[4, 1], [4, 1], [2, 3], [4, 1]]",8,24,150,0.84,0.004517,20,0.005236264318227768,0.029262065887451172,0.03457713135687542,OPTIMAL,7.8,,,0.0,329.0,4.85,97,27.0,540,,7.8,7.8,,7.8,7.8,False,,,False,
12894443836854530113,4,20,4,"[5, 5, 5, 5]","[[4, 6, 7, 10, 12], [3, 4, 4, 5, 7], [3, 4, 8, 8, 10], [3, 3, 6, 7, 10]]",0.4,1,2,3,5,PP,"[[5], [5], [2, 3], [5]]",5,9,150,0.94,0.001892,20,0.005048359744250774,0.005967855453491211,0.011094999052147388,OPTIMAL,7.8,,,0.0,1.0,7.75,155,28.8,576,,7.8,7.8,,7.8,7.8,False,,,False,
12894443836854530113,4,20,4,"[5, 5, 5, 5]","[[4, 6, 7, 10, 12], [3, 4, 4, 5, 7], [3, 4, 8, 8, 10], [3, 3, 6, 7, 10]]",0.4,1,2,4,,CHP,"[[5], [5], [5], [5]]",4,6,150,0.96,0.0040415,20,0.004796889610588551,0.003216981887817383,0.008075749992934703,OPTIMAL,7.8,,,0.0,1.0,10.35,207,52.25,1045,,,,,7.8,,False,,,False,
12894443836854530113,4,20,4,"[5, 5, 5, 5]","[[4, 6, 7, 10, 12], [3, 4, 4, 5, 7], [3, 4, 8, 8, 10], [3, 3, 6, 7, 10]]",0.4,1,2,4,2,PP,"[[2, 2, 1], [2, 2, 1], [2, 2, 1], [2, 2, 1]]",12,54,150,0.64,0.004597,20,0.005388655699789524,0.170975923538208,0.17643703053813886,OPTIMAL,7.8,,,0.0,3636.0,2.45,49,27.5,550,,7.8,7.8,,7.8,7.8,False,,,False,
12894443836854530113,4,20,4,"[5, 5, 5, 5]","[[4, 6, 7, 10, 12], [3, 4, 4, 5, 7], [3, 4, 8, 8, 10], [3, 3, 6, 7, 10]]",0.4,1,2,4,3,PP,"[[3, 2], [3, 2], [3, 2], [3, 2]]",8,24,150,0.84,0.004317,20,0.005007227882742882,0.033473968505859375,0.03856916385093164,OPTIMAL,7.8,,,0.0,395.0,8.75,175,35.75,715,,7.8,7.8,,7.8,7.8,False,,,False,
12894443836854530113,4,20,4,"[5, 5, 5, 5]","[[4, 6, 7, 10, 12], [3, 4, 4, 5, 7], [3, 4, 8, 8, 10], [3, 3, 6, 7, 10]]",0.4,1,2,4,4,PP,"[[4, 1], [4, 1], [4, 1], [4, 1]]",8,24,150,0.84,0.001888,20,0.005371449515223503,0.02225518226623535,0.02770596111618328,OPTIMAL,7.8,,,0.0,226.0,6.75,135,41.25,825,,7.8,7.8,,7.8,7.8,False,,,False,
12894443836854530113,4,20,4,"[5, 5, 5, 5]","[[4, 6, 7, 10, 12], [3, 4, 4, 5, 7], [3, 4, 8, 8, 10], [3, 3, 6, 7, 10]]",0.4,1,2,4,5,PP,"[[5], [5], [5], [5]]",4,6,150,0.96,0.0016475,20,0.0046075740829110146,0.0030350685119628906,0.007718120691976547,OPTIMAL,7.8,,,0.0,1.0,10.35,207,44.0,880,,7.8,7.8,,7.8,7.8,False,,,False,
17559312153619953004,5,20,4,"[5, 5, 5, 5]","[[2, 2, 3, 6, 13], [0, 2, 3, 4, 7], [1, 2, 5, 6, 9], [0, 8, 9, 17, 30]]",0.4,1,2,,1,NP,"[[1, 1, 1, 1, 1], [1, 1, 1, 1, 1], [1, 1, 1, 1, 1], [1, 1, 1, 1, 1]]",20,150,150,0.0,0.001357,20,0.008187605068087578,25.12281107902527,25.131082951154237,OPTIMAL,5.9,0.0,np_gurobi_optimal,0.0,434709.0,0.0,0,0.0,0,5.9,,,5.9,,,False,,,False,
17559312153619953004,5,20,4,"[5, 5, 5, 5]","[[2, 2, 3, 6, 13], [0, 2, 3, 4, 7], [1, 2, 5, 6, 9], [0, 8, 9, 17, 30]]",0.4,1,2,2,,CHP,"[[3, 1, 1], [4, 1], [2, 2, 1], [1, 2, 1, 1]]",12,53,150,0.6466666666666667,0.004246,20,0.0056511107832193375,0.07665491104125977,0.08239257718230104,OPTIMAL,5.9,0.0,np_gurobi_optimal,0.0,2587.0,0.85,17,16.15,323,5.9,,,5.9,5.9,,False,,,False,
17559312153619953004,5,20,4,"[5, 5, 5, 5]","[[2, 2, 3, 6, 13], [0, 2, 3, 4, 7], [1, 2, 5, 6, 9], [0, 8, 9, 17, 30]]",0.4,1,2,2,2,PP,"[[2, 1, 1, 1], [2, 2, 1], [2, 2, 1], [1, 2, 1, 1]]",14,73,150,0.5133333333333333,0.004367,20,0.0057447925209999084,0.23160982131958008,0.23742787915332747,OPTIMAL,5.9,0.0,np_gurobi_optimal,0.0,9289.0,0.85,17,8.5,170,5.9,5.9,5.9,5.9,5.9,5.9,True,True,8.5,True,True
17559312153619953004,5,20,4,"[5, 5, 5, 5]","[[2, 2, 3, 6, 13], [0, 2, 3, 4, 7], [1, 2, 5, 6, 9], [0, 8, 9, 17, 30]]",0.4,1,2,2,3,PP,"[[3, 1, 1], [3, 1, 1], [2, 2, 1], [1, 2, 1, 1]]",13,63,150,0.5800000000000001,0.004286,20,0.0056840116158127785,0.1786041259765625,0.18435977125303601,OPTIMAL,5.9,0.0,np_gurobi_optimal,0.0,6515.0,0.85,17,11.05,221,5.9,5.9,5.9,5.9,5.9,5.9,True,True,11.05,True,True
17559312153619953004,5,20,4,"[5, 5, 5, 5]","[[2, 2, 3, 6, 13], [0, 2, 3, 4, 7], [1, 2, 5, 6, 9], [0, 8, 9, 17, 30]]",0.4,1,2,2,4,PP,"[[3, 1, 1], [4, 1], [2, 2, 1], [1, 2, 1, 1]]",12,53,150,0.6466666666666667,0.001773,20,0.005467684008181095,0.08132410049438477,0.08686152356141615,OPTIMAL,5.9,0.0,np_gurobi_optimal,0.0,2587.0,0.85,17,12.75,255,5.9,5.9,5.9,5.9,5.9,5.9,True,True,12.75,True,True
17559312153619953004,5,20,4,"[5, 5, 5, 5]","[[2, 2, 3, 6, 13], [0, 2, 3, 4, 7], [1, 2, 5, 6, 9], [0, 8, 9, 17, 30]]",0.4,1,2,2,5,PP,"[[3, 1, 1], [4, 1], [2, 2, 1], [1, 2, 1, 1]]",12,53,150,0.6466666666666667,0.0018775,20,0.0060157617554068565,0.08219504356384277,0.08828950575578451,OPTIMAL,5.9,0.0,np_gurobi_optimal,0.0,2587.0,0.85,17,13.6,272,5.9,5.9,5.9,5.9,5.9,5.9,True,True,13.6,True,True
17559312153619953004,5,20,4,"[5, 5, 5, 5]","[[2, 2, 3, 6, 13], [0, 2, 3, 4, 7], [1, 2, 5, 6, 9], [0, 8, 9, 17, 30]]",0.4,1,2,3,,CHP,"[[4, 1], [5], [5], [1, 2, 1, 1]]",8,21,150,0.86,0.004231,20,0.005329485051333904,0.008769989013671875,0.014175670222991467,OPTIMAL,6.4,0.5,np_gurobi_optimal,0.0,1.0,7.15,143,34.2,684,5.9,,,5.9,6.4,,False,,,False,
17559312153619953004,5,20,4,"[5, 5, 5, 5]","[[2, 2, 3, 6, 13], [0, 2, 3, 4, 7], [1, 2, 5, 6, 9], [0, 8, 9, 17, 30]]",0.4,1,2,3,2,PP,"[[2, 2, 1], [2, 2, 1], [2, 2, 1], [1, 2, 1, 1]]",13,63,150,0.5800000000000001,0.001983,20,0.0059088608250021935,0.13239002227783203,0.13837492953058053,OPTIMAL,5.9,0.0,np_gurobi_optimal,0.0,3448.0,2.45,49,18.0,360,5.9,6.4,5.9,5.9,6.4,5.9,True,True,18.0,True,True
17559312153619953004,5,20,4,"[5, 5, 5, 5]","[[2, 2, 3, 6, 13], [0, 2, 3, 4, 7], [1, 2, 5, 6, 9], [0, 8, 9, 17, 30]]",0.4,1,2,3,3,PP,"[[3, 1, 1], [3, 2], [3, 2], [1, 2, 1, 1]]",11,44,150,0.7066666666666667,0.001767,20,0.005565572530031204,0.0853719711303711,0.09101296244357061,OPTIMAL,6.1,0.1999999999999993,np_gurobi_optimal,0.0,1611.0,5.55,111,23.4,468,5.9,6.4,6.1,5.9,6.4,6.1,True,True,23.2,True,True
17559312153619953004,5,20,4,"[5, 5, 5, 5]","[[2, 2, 3, 6, 13], [0, 2, 3, 4, 7], [1, 2, 5, 6, 9], [0, 8, 9, 17, 30]]",0.4,1,2,3,4,PP,"[[4, 1], [4, 1], [4, 1], [1, 2, 1, 1]]",10,36,150,0.76,0.0043965,20,0.005697811953723431,0.030935049057006836,0.036717584082790855,OPTIMAL,5.9,0.0,np_gurobi_optimal,0.0,406.0,4.15,83,27.0,540,5.9,6.4,5.9,5.9,6.4,5.9,True,True,27.0,True,True
17559312153619953004,5,20,4,"[5, 5, 5, 5]","[[2, 2, 3, 6, 13], [0, 2, 3, 4, 7], [1, 2, 5, 6, 9], [0, 8, 9, 17, 30]]",0.4,1,2,3,5,PP,"[[4, 1], [5], [5], [1, 2, 1, 1]]",8,21,150,0.86,0.001788,20,0.005159198306500912,0.0069119930267333984,0.012140995683503629,OPTIMAL,6.4,0.5,np_gurobi_optimal,0.0,1.0,7.15,143,28.8,576,5.9,6.4,6.4,5.9,6.4,6.4,True,True,28.3,True,True
17559312153619953004,5,20,4,"[5, 5, 5, 5]","[[2, 2, 3, 6, 13], [0, 2, 3, 4, 7], [1, 2, 5, 6, 9], [0, 8, 9, 17, 30]]",0.4,1,2,4,,CHP,"[[4, 1], [5], [5], [1, 2, 1, 1]]",8,21,150,0.86,0.0016125,20,0.004346027970314026,0.005942821502685547,0.01034121998463869,OPTIMAL,6.4,0.5,np_gurobi_optimal,0.0,1.0,7.15,143,52.25,1045,5.9,,,5.9,6.4,,False,,,False,
17559312153619953004,5,20,4,"[5, 5, 5, 5]","[[2, 2, 3, 6, 13], [0, 2, 3, 4, 7], [1, 2, 5, 6, 9], [0, 8, 9, 17, 30]]",0.4,1,2,4,2,PP,"[[2, 2, 1], [2, 2, 1], [2, 2, 1], [1, 2, 1, 1]]",13,63,150,0.5800000000000001,0.004562,20,0.005353160202503204,0.12450480461120605,0.129921649033391,OPTIMAL,5.9,0.0,np_gurobi_optimal,0.0,3448.0,2.45,49,27.5,550,5.9,6.4,5.9,5.9,6.4,5.9,True,True,27.5,True,True
17559312153619953004,5,20,4,"[5, 5, 5, 5]","[[2, 2, 3, 6, 13], [0, 2, 3, 4, 7], [1, 2, 5, 6, 9], [0, 8, 9, 17, 30]]",0.4,1,2,4,3,PP,"[[3, 1, 1], [3, 2], [3, 2], [1, 2, 1, 1]]",11,44,150,0.7066666666666667,0.0017725,20,0.0053348233923316,0.08215713500976562,0.0875593565473175,OPTIMAL,6.1,0.1999999999999993,np_gurobi_optimal,0.0,1611.0,5.55,111,35.75,715,5.9,6.4,6.1,5.9,6.4,6.1,True,True,35.55,True,True
17559312153619953004,5,20,4,"[5, 5, 5, 5]","[[2, 2, 3, 6, 13], [0, 2, 3, 4, 7], [1, 2, 5, 6, 9], [0, 8, 9, 17, 30]]",0.4,1,2,4,4,PP,"[[4, 1], [4, 1], [4, 1], [1, 2, 1, 1]]",10,36,150,0.76,0.004456,20,0.0053227748721838,0.026523828506469727,0.03191074877378321,OPTIMAL,5.9,0.0,np_gurobi_optimal,0.0,406.0,4.15,83,41.25,825,5.9,6.4,5.9,5.9,6.4,5.9,True,True,41.25,True,True
17559312153619953004,5,20,4,"[5, 5, 5, 5]","[[2, 2, 3, 6, 13], [0, 2, 3, 4, 7], [1, 2, 5, 6, 9], [0, 8, 9, 17, 30]]",0.4,1,2,4,5,PP,"[[4, 1], [5], [5], [1, 2, 1, 1]]",8,21,150,0.86,0.0044465,20,0.005141541361808777,0.006374835968017578,0.011575805389341354,OPTIMAL,6.4,0.5,np_gurobi_optimal,0.0,1.0,7.15,143,44.0,880,5.9,6.4,6.4,5.9,6.4,6.4,True,True,43.5,True,True
14792008021381271878,6,20,4,"[5, 5, 5, 5]","[[9, 10, 11, 14, 20], [1, 2, 5, 5, 10], [2, 4, 10, 10, 12], [5, 8, 8, 12, 12]]",0.4,1,2,,1,NP,"[[1, 1, 1, 1, 1], [1, 1, 1, 1, 1], [1, 1, 1, 1, 1], [1, 1, 1, 1, 1]]",20,150,150,0.0,0.00312,20,0.007392533123493195,9.29397702217102,9.301442314940031,OPTIMAL,5.1,0.0,np_gurobi_optimal,0.0,122007.0,0.0,0,0.0,0,5.1,,,5.1,,,False,,,False,
14792008021381271878,6,20,4,"[5, 5, 5, 5]","[[9, 10, 11, 14, 20], [1, 2, 5, 5, 10], [2, 4, 10, 10, 12], [5, 8, 8, 12, 12]]",0.4,1,2,2,,CHP,"[[3, 1, 1], [2, 2, 1], [2, 3], [1, 2, 2]]",11,45,150,0.7,0.004006,20,0.005475915968418121,0.07334303855895996,0.07889856715663052,OPTIMAL,5.1,0.0,np_gurobi_optimal,0.0,1438.0,1.55,31,16.15,323,5.1,,,5.1,5.1,,False,,,False,
14792008021381271878,6,20,4,"[5, 5, 5, 5]","[[9, 10, 11, 14, 20], [1, 2, 5, 5, 10], [2, 4, 10, 10, 12], [5, 8, 8, 12, 12]]",0.4,1,2,2,2,PP,"[[2, 1, 1, 1], [2, 2, 1], [2, 2, 1], [1, 2, 2]]",13,63,150,0.5800000000000001,0.001803,20,0.005762108601629734,0.21981406211853027,0.22564656097116756,OPTIMAL,5.1,0.0,np_gurobi_optimal,0.0,5311.0,0.85,17,8.5,170,5.1,5.1,5.1,5.1,5.1,5.1,True,True,8.5,True,True
14792008021381271878,6,20,4,"[5, 5, 5, 5]","[[9, 10, 11, 14, 20], [1, 2, 5, 5, 10], [2, 4, 10, 10, 12], [5, 8, 8, 12, 12]]",0.4,1,2,2,3,PP,"[[3, 1, 1], [2, 2, 1], [2, 3], [1, 2, 2]]",11,45,150,0.7,0.001792,20,0.005307541228830814,0.06966710090637207,0.07504325001067352,OPTIMAL,5.1,0.0,np_gurobi_optimal,0.0,1438.0,1.55,31,11.05,221,5.1,5.1,5.1,5.1,5.1,5.1,True,True,11.05,True,True
14792008021381271878,6,20,4,"[5, 5, 5, 5]","[[9, 10, 11, 14, 20], [1, 2, 5, 5, 10], [2, 4, 10, 10, 12], [5, 8, 8, 12, 12]]",0.4,1,2,2,4,PP,"[[3, 1, 1], [2, 2, 1], [2, 3], [1, 2, 2]]",11,45,150,0.7,0.004607,20,0.005482886917889118,0.06599307060241699,0.07154279922003222,OPTIMAL,5.1,0.0,np_gurobi_optimal,0.0,1438.0,1.55,31,12.75,255,5.1,5.1,5.1,5.1,5.1,5.1,True,True,12.75,True,True
14792008021381271878,6,20,4,"[5, 5, 5, 5]","[[9, 10, 11, 14, 20], [1, 2, 5, 5, 10], [2, 4, 10, 10, 12], [5, 8, 8, 12, 12]]",0.4,1,2,2,5,PP,"[[3, 1, 1], [2, 2, 1], [2, 3], [1, 2, 2]]",11,45,150,0.7,0.004517,20,0.005524389445781708,0.0635380744934082,0.06912646730599832,OPTIMAL,5.1,0.0,np_gurobi_optimal,0.0,1438.0,1.55,31,13.6,272,5.1,5.1,5.1,5.1,5.1,5.1,True,True,13.6,True,True
14792008021381271878,6,20,4,"[5, 5, 5, 5]","[[9, 10, 11, 14, 20], [1, 2, 5, 5, 10], [2, 4, 10, 10, 12], [5, 8, 8, 12, 12]]",0.4,1,2,3,,CHP,"[[4, 1], [4, 1], [2, 3], [3, 2]]",8,24,150,0.84,0.0039965,20,0.004745411686599255,0.017261028289794922,0.02206792329363489,OPTIMAL,5.5,0.40000000000000036,np_gurobi_optimal,0.0,170.0,6.65,133,34.2,684,5.1,,,5.1,5.5,,False,,,False,
14792008021381271878,6,20,4,"[5, 5, 5, 5]","[[9, 10, 11, 14, 20], [1, 2, 5, 5, 10], [2, 4, 10, 10, 12], [5, 8, 8, 12, 12]]",0.4,1,2,3,2,PP,"[[2, 2, 1], [2, 2, 1], [2, 2, 1], [2, 1, 2]]",12,54,150,0.64,0.001703,20,0.004901368170976639,0.12269878387451172,0.12765680028342294,OPTIMAL,5.1,0.0,np_gurobi_optimal,0.0,2582.0,4.25,85,18.0,360,5.1,5.5,5.1,5.1,5.5,5.1,True,True,18.0,True,True
14792008021381271878,6,20,4,"[5, 5, 5, 5]","[[9, 10, 11, 14, 20], [1, 2, 5, 5, 10], [2, 4, 10, 10, 12], [5, 8, 8, 12, 12]]",0.4,1,2,3,3,PP,"[[3, 1, 1], [3, 1, 1], [2, 3], [3, 2]]",10,37,150,0.7533333333333333,0.0017375,20,0.005323135294020176,0.06287598609924316,0.06825839972721338,OPTIMAL,5.5,0.40000000000000036,np_gurobi_optimal,0.0,668.0,5.05,101,23.4,468,5.1,5.5,5.5,5.1,5.5,5.5,True,True,23.0,True,True
14792008021381271878,6,20,4,"[5, 5, 5, 5]","[[9, 10, 11, 14, 20], [1, 2, 5, 5, 10], [2, 4, 10, 10, 12], [5, 8, 8, 12, 12]]",0.4,1,2,3,4,PP,"[[4, 1], [4, 1], [2, 3], [3, 2]]",8,24,150,0.84,0.001713,20,0.004364116117358208,0.018236160278320312,0.02267267771041441,OPTIMAL,5.5,0.40000000000000036,np_gurobi_optimal,0.0,170.0,6.65,133,27.0,540,5.1,5.5,5.5,5.1,5.5,5.5,True,True,26.6,True,True
14792008021381271878,6,20,4,"[5, 5, 5, 5]","[[9, 10, 11, 14, 20], [1, 2, 5, 5, 10], [2, 4, 10, 10, 12], [5, 8, 8, 12, 12]]",0.4,1,2,3,5,PP,"[[4, 1], [4, 1], [2, 3], [3, 2]]",8,24,150,0.84,0.001803,20,0.004351026378571987,0.017686128616333008,0.022093022201684,OPTIMAL,5.5,0.40000000000000036,np_gurobi_optimal,0.0,170.0,6.65,133,28.8,576,5.1,5.5,5.5,5.1,5.5,5.5,True,True,28.4,True,True
14792008021381271878,6,20,4,"[5, 5, 5, 5]","[[9, 10, 11, 14, 20], [1, 2, 5, 5, 10], [2, 4, 10, 10, 12], [5, 8, 8, 12, 12]]",0.4,1,2,4,,CHP,"[[4, 1], [4, 1], [2, 3], [5]]",7,18,150,0.88,0.0016825,20,0.004092465154826641,0.011280059814453125,0.015426715436036588,OPTIMAL,5.5,0.40000000000000036,np_gurobi_optimal,0.0,69.0,9.1,182,52.25,1045,5.1,,,5.1,5.5,,False,,,False,
14792008021381271878,6,20,4,"[5, 5, 5, 5]","[[9, 10, 11, 14, 20], [1, 2, 5, 5, 10], [2, 4, 10, 10, 12], [5, 8, 8, 12, 12]]",0.4,1,2,4,2,PP,"[[2, 2, 1], [2, 2, 1], [2, 2, 1], [2, 2, 1]]",12,54,150,0.64,0.0018225,20,0.0046803634613752365,0.07479715347290039,0.07953601972616672,OPTIMAL,5.1,0.0,np_gurobi_optimal,0.0,2040.0,6.7,134,27.5,550,5.1,5.5,5.1,5.1,5.5,5.1,True,True,27.5,True,True
14792008021381271878,6,20,4,"[5, 5, 5, 5]","[[9, 10, 11, 14, 20], [1, 2, 5, 5, 10], [2, 4, 10, 10, 12], [5, 8, 8, 12, 12]]",0.4,1,2,4,3,PP,"[[3, 1, 1], [3, 1, 1], [2, 3], [3, 2]]",10,37,150,0.7533333333333333,0.0042865,20,0.0050203073769807816,0.06025505065917969,0.06533823124536181,OPTIMAL,5.5,0.40000000000000036,np_gurobi_optimal,0.0,668.0,5.05,101,35.75,715,5.1,5.5,5.5,5.1,5.5,5.5,True,True,35.35,True,True
14792008021381271878,6,20,4,"[5, 5, 5, 5]","[[9, 10, 11, 14, 20], [1, 2, 5, 5, 10], [2, 4, 10, 10, 12], [5, 8, 8, 12, 12]]",0.4,1,2,4,4,PP,"[[4, 1], [4, 1], [2, 3], [4, 1]]",8,24,150,0.84,0.0017225,20,0.004640764556825161,0.016750097274780273,0.02144915752140045,OPTIMAL,5.5,0.40000000000000036,np_gurobi_optimal,0.0,90.0,9.1,182,41.25,825,5.1,5.5,5.5,5.1,5.5,5.5,True,True,40.85,True,True
14792008021381271878,6,20,4,"[5, 5, 5, 5]","[[9, 10, 11, 14, 20], [1, 2, 5, 5, 10], [2, 4, 10, 10, 12], [5, 8, 8, 12, 12]]",0.4,1,2,4,5,PP,"[[4, 1], [4, 1], [2, 3], [5]]",7,18,150,0.88,0.001693,20,0.0042853569611907005,0.010720968246459961,0.015059460741382123,OPTIMAL,5.5,0.40000000000000036,np_gurobi_optimal,0.0,69.0,9.1,182,44.0,880,5.1,5.5,5.5,5.1,5.5,5.5,True,True,43.6,True,True
1011478119929055764,7,20,4,"[5, 5, 5, 5]","[[2, 3, 3, 4, 7], [2, 2, 3, 4, 5], [1, 4, 5, 8, 11], [8, 11, 12, 18, 21]]",0.4,1,2,,1,NP,"[[1, 1, 1, 1, 1], [1, 1, 1, 1, 1], [1, 1, 1, 1, 1], [1, 1, 1, 1, 1]]",20,150,150,0.0,0.001192,20,0.007086290046572685,15.053270101547241,15.060421548690883,OPTIMAL,6.15,0.0,np_gurobi_optimal,0.0,226543.0,0.0,0,0.0,0,6.15,,,6.15,,,False,,,False,
1011478119929055764,7,20,4,"[5, 5, 5, 5]","[[2, 3, 3, 4, 7], [2, 2, 3, 4, 5], [1, 4, 5, 8, 11], [8, 11, 12, 18, 21]]",0.4,1,2,2,,CHP,"[[4, 1], [5], [1, 2, 1, 1], [1, 2, 1, 1]]",11,42,150,0.72,0.001623,20,0.005361434072256088,0.05016589164733887,0.05561650980541515,OPTIMAL,6.15,0.0,np_gurobi_optimal,0.0,549.0,0.0,0,16.15,323,6.15,,,6.15,6.15,,False,,,False,
1011478119929055764,7,20,4,"[5, 5, 5, 5]","[[2, 3, 3, 4, 7], [2, 2, 3, 4, 5], [1, 4, 5, 8, 11], [8, 11, 12, 18, 21]]",0.4,1,2,2,2,PP,"[[2, 2, 1], [2, 2, 1], [1, 2, 1, 1], [1, 2, 1, 1]]",14,73,150,0.5133333333333333,0.0045465,20,0.006287232972681522,0.25702810287475586,0.26340481617227457,OPTIMAL,6.15,0.0,np_gurobi_optimal,0.0,8358.0,0.0,0,8.5,170,6.15,6.15,6.15,6.15,6.15,6.15,True,True,8.5,True,True
1011478119929055764,7,20,4,"[5, 5, 5, 5]","[[2, 3, 3, 4, 7], [2, 2, 3, 4, 5], [1, 4, 5, 8, 11], [8, 11, 12, 18, 21]]",0.4,1,2,2,3,PP,"[[3, 1, 1], [3, 2], [1, 2, 1, 1], [1, 2, 1, 1]]",13,62,150,0.5866666666666667,0.004637,20,0.006239269860088825,0.18248391151428223,0.1888047158167119,OPTIMAL,6.15,0.0,np_gurobi_optimal,0.0,8082.0,0.0,0,11.05,221,6.15,6.15,6.15,6.15,6.15,6.15,True,True,11.05,True,True
1011478119929055764,7,20,4,"[5, 5, 5, 5]","[[2, 3, 3, 4, 7], [2, 2, 3, 4, 5], [1, 4, 5, 8, 11], [8, 11, 12, 18, 21]]",0.4,1,2,2,4,PP,"[[4, 1], [4, 1], [1, 2, 1, 1], [1, 2, 1, 1]]",12,52,150,0.6533333333333333,0.004402,20,0.0059860870242118835,0.062062978744506836,0.06812666134118033,OPTIMAL,6.15,0.0,np_gurobi_optimal,0.0,1785.0,0.0,0,12.75,255,6.15,6.15,6.15,6.15,6.15,6.15,True,True,12.75,True,True
1011478119929055764,7,20,4,"[5, 5, 5, 5]","[[2, 3, 3, 4, 7], [2, 2, 3, 4, 5], [1, 4, 5, 8, 11], [8, 11, 12, 18, 21]]",0.4,1,2,2,5,PP,"[[4, 1], [5], [1, 2, 1, 1], [1, 2, 1, 1]]",11,42,150,0.72,0.001712,20,0.005712633952498436,0.04265093803405762,0.04844027221761894,OPTIMAL,6.15,0.0,np_gurobi_optimal,0.0,549.0,0.0,0,13.6,272,6.15,6.15,6.15,6.15,6.15,6.15,True,True,13.6,True,True
1011478119929055764,7,20,4,"[5, 5, 5, 5]","[[2, 3, 3, 4, 7], [2, 2, 3, 4, 5], [1, 4, 5, 8, 11], [8, 11, 12, 18, 21]]",0.4,1,2,3,,CHP,"[[5], [5], [5], [3, 2]]",5,9,150,0.94,0.001622,20,0.004717138595879078,0.003545999526977539,0.008323258356413364,OPTIMAL,6.3,0.14999999999999947,np_gurobi_optimal,0.0,1.0,9.7,194,34.2,684,6.15,,,6.15,6.3,,False,,,False,
1011478119929055764,7,20,4,"[5, 5, 5, 5]","[[2, 3, 3, 4, 7], [2, 2, 3, 4, 5], [1, 4, 5, 8, 11], [8, 11, 12, 18, 21]]",0.4,1,2,3,2,PP,"[[2, 2, 1], [2, 2, 1], [2, 2, 1], [2, 1, 2]]",12,54,150,0.64,0.0044065,20,0.005342925898730755,0.09016180038452148,0.09557378799034977,OPTIMAL,6.3,0.14999999999999947,np_gurobi_optimal,0.0,2523.0,6.7,134,18.0,360,6.15,6.3,6.3,6.15,6.3,6.3,True,True,17.85,True,True
1011478119929055764,7,20,4,"[5, 5, 5, 5]","[[2, 3, 3, 4, 7], [2, 2, 3, 4, 5], [1, 4, 5, 8, 11], [8, 11, 12, 18, 21]]",0.4,1,2,3,3,PP,"[[3, 2], [3, 2], [3, 2], [3, 2]]",8,24,150,0.84,0.0045065,20,0.005463617853820324,0.02467799186706543,0.030219643206829072,OPTIMAL,6.3,0.14999999999999947,np_gurobi_optimal,0.0,318.0,8.1,162,23.4,468,6.15,6.3,6.3,6.15,6.3,6.3,True,True,23.25,True,True
1011478119929055764,7,20,4,"[5, 5, 5, 5]","[[2, 3, 3, 4, 7], [2, 2, 3, 4, 5], [1, 4, 5, 8, 11], [8, 11, 12, 18, 21]]",0.4,1,2,3,4,PP,"[[4, 1], [4, 1], [4, 1], [3, 2]]",8,24,150,0.84,0.004447,20,0.005450287833809853,0.020515918731689453,0.026042651319775106,OPTIMAL,6.3,0.14999999999999947,np_gurobi_optimal,0.0,242.0,6.7,134,27.0,540,6.15,6.3,6.3,6.15,6.3,6.3,True,True,26.85,True,True
1011478119929055764,7,20,4,"[5, 5, 5, 5]","[[2, 3, 3, 4, 7], [2, 2, 3, 4, 5], [1, 4, 5, 8, 11], [8, 11, 12, 18, 21]]",0.4,1,2,3,5,PP,"[[5], [5], [5], [3, 2]]",5,9,150,0.94,0.004356,20,0.005119127221405506,0.003214120864868164,0.0083989940764246,OPTIMAL,6.3,0.14999999999999947,np_gurobi_optimal,0.0,1.0,9.7,194,28.8,576,6.15,6.3,6.3,6.15,6.3,6.3,True,True,28.650000000000002,True,True
1011478119929055764,7,20,4,"[5, 5, 5, 5]","[[2, 3, 3, 4, 7], [2, 2, 3, 4, 5], [1, 4, 5, 8, 11], [8, 11, 12, 18, 21]]",0.4,1,2,4,,CHP,"[[5], [5], [5], [3, 2]]",5,9,150,0.94,0.003921,20,0.004810060374438763,0.00286102294921875,0.007728055251475334,OPTIMAL,6.3,0.14999999999999947,np_gurobi_optimal,0.0,1.0,9.7,194,52.25,1045,6.15,,,6.15,6.3,,False,,,False,
1011478119929055764,7,20,4,"[5, 5, 5, 5]","[[2, 3, 3, 4, 7], [2, 2, 3, 4, 5], [1, 4, 5, 8, 11], [8, 11, 12, 18, 21]]",0.4,1,2,4,2,PP,"[[2, 2, 1], [2, 2, 1], [2, 2, 1], [2, 1, 2]]",12,54,150,0.64,0.004542,20,0.005634265951812267,0.0912468433380127,0.09695964859366846,OPTIMAL,6.3,0.14999999999999947,np_gurobi_optimal,0.0,2523.0,6.7,134,27.5,550,6.15,6.3,6.3,6.15,6.3,6.3,True,True,27.35,True,True
1011478119929055764,7,20,4,"[5, 5, 5, 5]","[[2, 3, 3, 4, 7], [2, 2, 3, 4, 5], [1, 4, 5, 8, 11], [8, 11, 12, 18, 21]]",0.4,1,2,4,3,PP,"[[3, 2], [3, 2], [3, 2], [3, 2]]",8,24,150,0.84,0.0017975,20,0.00505618192255497,0.025648117065429688,0.030777720781908036,OPTIMAL,6.3,0.14999999999999947,np_gurobi_optimal,0.0,318.0,8.1,162,35.75,715,6.15,6.3,6.3,6.15,6.3,6.3,True,True,35.6,True,True
1011478119929055764,7,20,4,"[5, 5, 5, 5]","[[2, 3, 3, 4, 7], [2, 2, 3, 4, 5], [1, 4, 5, 8, 11], [8, 11, 12, 18, 21]]",0.4,1,2,4,4,PP,"[[4, 1], [4, 1], [4, 1], [3, 2]]",8,24,150,0.84,0.0017275,20,0.004889950156211853,0.019914865493774414,0.024874640525319576,OPTIMAL,6.3,0.14999999999999947,np_gurobi_optimal,0.0,242.0,6.7,134,41.25,825,6.15,6.3,6.3,6.15,6.3,6.3,True,True,41.1,True,True
1011478119929055764,7,20,4,"[5, 5, 5, 5]","[[2, 3, 3, 4, 7], [2, 2, 3, 4, 5], [1, 4, 5, 8, 11], [8, 11, 12, 18, 21]]",0.4,1,2,4,5,PP,"[[5], [5], [5], [3, 2]]",5,9,150,0.94,0.001788,20,0.004766383208334446,0.0034341812133789062,0.008267219970357896,OPTIMAL,6.3,0.14999999999999947,np_gurobi_optimal,0.0,1.0,9.7,194,44.0,880,6.15,6.3,6.3,6.15,6.3,6.3,True,True,43.85,True,True
13517634528378010747,8,20,4,"[5, 5, 5, 5]","[[1, 2, 4, 5, 11], [2, 7, 7, 8, 10], [12, 13, 16, 16, 19], [2, 5, 6, 7, 9]]",0.4,1,2,,1,NP,"[[1, 1, 1, 1, 1], [1, 1, 1, 1, 1], [1, 1, 1, 1, 1], [1, 1, 1, 1, 1]]",20,150,150,0.0,0.001272,20,0.00735936313867569,9.163097143173218,9.170526559277997,OPTIMAL,4.7,0.0,np_gurobi_optimal,0.0,86255.0,0.0,0,0.0,0,4.7,,,4.7,,,False,,,False,
13517634528378010747,8,20,4,"[5, 5, 5, 5]","[[1, 2, 4, 5, 11], [2, 7, 7, 8, 10], [12, 13, 16, 16, 19], [2, 5, 6, 7, 9]]",0.4,1,2,2,,CHP,"[[4, 1], [1, 4], [2, 2, 1], [1, 4]]",9,30,150,0.8,0.003946,20,0.005737140774726868,0.02426004409790039,0.030076967538555623,OPTIMAL,5.0,0.2999999999999998,np_gurobi_optimal,0.0,213.0,2.2,44,16.15,323,4.7,,,4.7,5.0,,False,,,False,
13517634528378010747,8,20,4,"[5, 5, 5, 5]","[[1, 2, 4, 5, 11], [2, 7, 7, 8, 10], [12, 13, 16, 16, 19], [2, 5, 6, 7, 9]]",0.4,1,2,2,2,PP,"[[2, 2, 1], [1, 2, 2], [2, 2, 1], [1, 2, 2]]",12,54,150,0.64,0.001823,20,0.0062071215361356735,0.18974614143371582,0.19603825866370012,OPTIMAL,5.0,0.2999999999999998,np_gurobi_optimal,0.0,4669.0,1.4,28,8.5,170,4.7,5.0,5.0,4.7,5.0,5.0,True,True,8.2,True,True
13517634528378010747,8,20,4,"[5, 5, 5, 5]","[[1, 2, 4, 5, 11], [2, 7, 7, 8, 10], [12, 13, 16, 16, 19], [2, 5, 6, 7, 9]]",0.4,1,2,2,3,PP,"[[3, 1, 1], [1, 3, 1], [2, 2, 1], [1, 3, 1]]",12,54,150,0.64,0.001923,20,0.005791912786662579,0.11884593963623047,0.12472099978991556,OPTIMAL,5.0,0.2999999999999998,np_gurobi_optimal,0.0,2205.0,0.8,16,11.05,221,4.7,5.0,5.0,4.7,5.0,5.0,True,True,10.75,True,True
13517634528378010747,8,20,4,"[5, 5, 5, 5]","[[1, 2, 4, 5, 11], [2, 7, 7, 8, 10], [12, 13, 16, 16, 19], [2, 5, 6, 7, 9]]",0.4,1,2,2,4,PP,"[[4, 1], [1, 4], [2, 2, 1], [1, 4]]",9,30,150,0.8,0.0042015,20,0.005055219866335392,0.01819300651550293,0.023318018136800765,OPTIMAL,5.0,0.2999999999999998,np_gurobi_optimal,0.0,213.0,2.2,44,12.75,255,4.7,5.0,5.0,4.7,5.0,5.0,True,True,12.45,True,True
13517634528378010747,8,20,4,"[5, 5, 5, 5]","[[1, 2, 4, 5, 11], [2, 7, 7, 8, 10], [12, 13, 16, 16, 19], [2, 5, 6, 7, 9]]",0.4,1,2,2,5,PP,"[[4, 1], [1, 4], [2, 2, 1], [1, 4]]",9,30,150,0.8,0.0022985,20,0.006475986912846565,0.01817011833190918,0.02471145335173464,OPTIMAL,5.0,0.2999999999999998,np_gurobi_optimal,0.0,213.0,2.2,44,13.6,272,4.7,5.0,5.0,4.7,5.0,5.0,True,True,13.3,True,True
13517634528378010747,8,20,4,"[5, 5, 5, 5]","[[1, 2, 4, 5, 11], [2, 7, 7, 8, 10], [12, 13, 16, 16, 19], [2, 5, 6, 7, 9]]",0.4,1,2,3,,CHP,"[[4, 1], [1, 4], [5], [5]]",6,13,150,0.9133333333333333,0.0017025,20,0.004399780184030533,0.006365060806274414,0.010827374686911107,OPTIMAL,5.0,0.2999999999999998,np_gurobi_optimal,0.0,1.0,7.2,144,34.2,684,4.7,,,4.7,5.0,,False,,,False,
13517634528378010747,8,20,4,"[5, 5, 5, 5]","[[1, 2, 4, 5, 11], [2, 7, 7, 8, 10], [12, 13, 16, 16, 19], [2, 5, 6, 7, 9]]",0.4,1,2,3,2,PP,"[[2, 2, 1], [1, 2, 2], [2, 2, 1], [2, 2, 1]]",12,54,150,0.64,0.004246,20,0.00544238556176424,0.10903191566467285,0.11454434982294655,OPTIMAL,4.7,0.0,np_gurobi_optimal,0.0,2483.0,2.5,50,18.0,360,4.7,5.0,4.7,4.7,5.0,4.7,True,True,18.0,True,True
13517634528378010747,8,20,4,"[5, 5, 5, 5]","[[1, 2, 4, 5, 11], [2, 7, 7, 8, 10], [12, 13, 16, 16, 19], [2, 5, 6, 7, 9]]",0.4,1,2,3,3,PP,"[[3, 1, 1], [1, 3, 1], [3, 2], [3, 2]]",10,37,150,0.7533333333333333,0.001873,20,0.005313380621373653,0.06913614273071289,0.07452122039947319,OPTIMAL,5.0,0.2999999999999998,np_gurobi_optimal,0.0,722.0,6.5,130,23.4,468,4.7,5.0,5.0,4.7,5.0,5.0,True,True,23.099999999999998,True,True
13517634528378010747,8,20,4,"[5, 5, 5, 5]","[[1, 2, 4, 5, 11], [2, 7, 7, 8, 10], [12, 13, 16, 16, 19], [2, 5, 6, 7, 9]]",0.4,1,2,3,4,PP,"[[4, 1], [1, 4], [4, 1], [4, 1]]",8,24,150,0.84,0.001652,20,0.005096772685647011,0.016849994659423828,0.022005468440701486,OPTIMAL,5.0,0.2999999999999998,np_gurobi_optimal,0.0,192.0,5.0,100,27.0,540,4.7,5.0,5.0,4.7,5.0,5.0,True,True,26.7,True,True
13517634528378010747,8,20,4,"[5, 5, 5, 5]","[[1, 2, 4, 5, 11], [2, 7, 7, 8, 10], [12, 13, 16, 16, 19], [2, 5, 6, 7, 9]]",0.4,1,2,3,5,PP,"[[4, 1], [1, 4], [5], [5]]",6,13,150,0.9133333333333333,0.0016575,20,0.004353750497102737,0.0059049129486083984,0.010311900383861065,OPTIMAL,5.0,0.2999999999999998,np_gurobi_optimal,0.0,1.0,7.2,144,28.8,576,4.7,5.0,5.0,4.7,5.0,5.0,True,True,28.5,True,True
13517634528378010747,8,20,4,"[5, 5, 5, 5]","[[1, 2, 4, 5, 11], [2, 7, 7, 8, 10], [12, 13, 16, 16, 19], [2, 5, 6, 7, 9]]",0.4,1,2,4,,CHP,"[[4, 1], [1, 4], [5], [5]]",6,13,150,0.9133333333333333,0.003861,20,0.004417335614562035,0.005584001541137695,0.010056773868559361,OPTIMAL,5.0,0.2999999999999998,np_gurobi_optimal,0.0,1.0,7.2,144,52.25,1045,4.7,,,4.7,5.0,,False,,,False,
13517634528378010747,8,20,4,"[5, 5, 5, 5]","[[1, 2, 4, 5, 11], [2, 7, 7, 8, 10], [12, 13, 16, 16, 19], [2, 5, 6, 7, 9]]",0.4,1,2,4,2,PP,"[[2, 2, 1], [1, 2, 2], [2, 2, 1], [2, 2, 1]]",12,54,150,0.64,0.001738,20,0.004566811956465244,0.10921311378479004,0.11384136151828814,OPTIMAL,4.7,0.0,np_gurobi_optimal,0.0,2483.0,2.5,50,27.5,550,4.7,5.0,4.7,4.7,5.0,4.7,True,True,27.5,True,True
13517634528378010747,8,20,4,"[5, 5, 5, 5]","[[1, 2, 4, 5, 11], [2, 7, 7, 8, 10], [12, 13, 16, 16, 19], [2, 5, 6, 7, 9]]",0.4,1,2,4,3,PP,"[[3, 1, 1], [1, 3, 1], [3, 2], [3, 2]]",10,37,150,0.7533333333333333,0.0017875,20,0.005204405635595322,0.06542205810546875,0.0706954526840806,OPTIMAL,5.0,0.2999999999999998,np_gurobi_optimal,0.0,722.0,6.5,130,35.75,715,4.7,5.0,5.0,4.7,5.0,5.0,True,True,35.45,True,True
13517634528378010747,8,20,4,"[5, 5, 5, 5]","[[1, 2, 4, 5, 11], [2, 7, 7, 8, 10], [12, 13, 16, 16, 19], [2, 5, 6, 7, 9]]",0.4,1,2,4,4,PP,"[[4, 1], [1, 4], [4, 1], [4, 1]]",8,24,150,0.84,0.002859,20,0.005897863768041134,0.019197940826416016,0.025180602285894395,OPTIMAL,5.0,0.2999999999999998,np_gurobi_optimal,0.0,192.0,5.0,100,41.25,825,4.7,5.0,5.0,4.7,5.0,5.0,True,True,40.95,True,True
13517634528378010747,8,20,4,"[5, 5, 5, 5]","[[1, 2, 4, 5, 11], [2, 7, 7, 8, 10], [12, 13, 16, 16, 19], [2, 5, 6, 7, 9]]",0.4,1,2,4,5,PP,"[[4, 1], [1, 4], [5], [5]]",6,13,150,0.9133333333333333,0.0022635,20,0.004392619244754314,0.006181001663208008,0.010630417069996357,OPTIMAL,5.0,0.2999999999999998,np_gurobi_optimal,0.0,1.0,7.2,144,44.0,880,4.7,5.0,5.0,4.7,5.0,5.0,True,True,43.7,True,True
10474510247953561346,9,20,4,"[5, 5, 5, 5]","[[2, 3, 6, 7, 9], [1, 1, 4, 8, 9], [3, 4, 10, 11, 12], [2, 10, 14, 14, 18]]",0.4,1,2,,1,NP,"[[1, 1, 1, 1, 1], [1, 1, 1, 1, 1], [1, 1, 1, 1, 1], [1, 1, 1, 1, 1]]",20,150,150,0.0,0.002549,20,0.007886269129812717,19.74145197868347,19.7494125691875,OPTIMAL,5.4,0.0,np_gurobi_optimal,0.0,310255.0,0.0,0,0.0,0,5.4,,,5.4,,,False,,,False,
10474510247953561346,9,20,4,"[5, 5, 5, 5]","[[2, 3, 6, 7, 9], [1, 1, 4, 8, 9], [3, 4, 10, 11, 12], [2, 10, 14, 14, 18]]",0.4,1,2,2,,CHP,"[[2, 3], [2, 1, 2], [2, 3], [1, 1, 2, 1]]",11,44,150,0.7066666666666667,0.0015525,20,0.005309124477207661,0.1093900203704834,0.11477048041688442,OPTIMAL,5.9,0.5,np_gurobi_optimal,0.0,4027.0,0.7,14,16.15,323,5.4,,,5.4,5.9,,False,,,False,
10474510247953561346,9,20,4,"[5, 5, 5, 5]","[[2, 3, 6, 7, 9], [1, 1, 4, 8, 9], [3, 4, 10, 11, 12], [2, 10, 14, 14, 18]]",0.4,1,2,2,2,PP,"[[2, 2, 1], [2, 1, 2], [2, 2, 1], [1, 1, 2, 1]]",13,63,150,0.5800000000000001,0.001783,20,0.005828798748552799,0.23591899871826172,0.24182079963541794,OPTIMAL,5.4,0.0,np_gurobi_optimal,0.0,8202.0,0.0,0,8.5,170,5.4,5.9,5.4,5.4,5.9,5.4,True,True,8.5,True,True
10474510247953561346,9,20,4,"[5, 5, 5, 5]","[[2, 3, 6, 7, 9], [1, 1, 4, 8, 9], [3, 4, 10, 11, 12], [2, 10, 14, 14, 18]]",0.4,1,2,2,3,PP,"[[2, 3], [2, 1, 2], [2, 3], [1, 1, 2, 1]]",11,44,150,0.7066666666666667,0.0017425,20,0.005447372794151306,0.10801291465759277,0.11353532317572117,OPTIMAL,5.9,0.5,np_gurobi_optimal,0.0,4027.0,0.7,14,11.05,221,5.4,5.9,5.9,5.4,5.9,5.9,True,True,10.55,True,True
10474510247953561346,9,20,4,"[5, 5, 5, 5]","[[2, 3, 6, 7, 9], [1, 1, 4, 8, 9], [3, 4, 10, 11, 12], [2, 10, 14, 14, 18]]",0.4,1,2,2,4,PP,"[[2, 3], [2, 1, 2], [2, 3], [1, 1, 2, 1]]",11,44,150,0.7066666666666667,0.0017525,20,0.00536688044667244,0.11391091346740723,0.1193466556561613,OPTIMAL,5.9,0.5,np_gurobi_optimal,0.0,4027.0,0.7,14,12.75,255,5.4,5.9,5.9,5.4,5.9,5.9,True,True,12.25,True,True
10474510247953561346,9,20,4,"[5, 5, 5, 5]","[[2, 3, 6, 7, 9], [1, 1, 4, 8, 9], [3, 4, 10, 11, 12], [2, 10, 14, 14, 18]]",0.4,1,2,2,5,PP,"[[2, 3], [2, 1, 2], [2, 3], [1, 1, 2, 1]]",11,44,150,0.7066666666666667,0.0028845,20,0.007477010600268841,0.10633707046508789,0.11390957907614421,OPTIMAL,5.9,0.5,np_gurobi_optimal,0.0,4027.0,0.7,14,13.6,272,5.4,5.9,5.9,5.4,5.9,5.9,True,True,13.1,True,True
10474510247953561346,9,20,4,"[5, 5, 5, 5]","[[2, 3, 6, 7, 9], [1, 1, 4, 8, 9], [3, 4, 10, 11, 12], [2, 10, 14, 14, 18]]",0.4,1,2,3,,CHP,"[[5], [3, 2], [2, 3], [1, 1, 2, 1]]",9,28,150,0.8133333333333334,0.0015475,20,0.0052698152139782906,0.03748488426208496,0.0428207839051938,OPTIMAL,5.9,0.5,np_gurobi_optimal,0.0,493.0,4.1,82,34.2,684,5.4,,,5.4,5.9,,False,,,False,
10474510247953561346,9,20,4,"[5, 5, 5, 5]","[[2, 3, 6, 7, 9], [1, 1, 4, 8, 9], [3, 4, 10, 11, 12], [2, 10, 14, 14, 18]]",0.4,1,2,3,2,PP,"[[2, 2, 1], [2, 1, 2], [2, 2, 1], [1, 1, 2, 1]]",13,63,150,0.5800000000000001,0.001763,20,0.005931003950536251,0.24078893661499023,0.2467920640547161,OPTIMAL,5.4,0.0,np_gurobi_optimal,0.0,8202.0,0.0,0,18.0,360,5.4,5.9,5.4,5.4,5.9,5.4,True,True,18.0,True,True
10474510247953561346,9,20,4,"[5, 5, 5, 5]","[[2, 3, 6, 7, 9], [1, 1, 4, 8, 9], [3, 4, 10, 11, 12], [2, 10, 14, 14, 18]]",0.4,1,2,3,3,PP,"[[3, 2], [3, 2], [2, 3], [1, 1, 2, 1]]",10,36,150,0.76,0.002569,20,0.006538311950862408,0.07930207252502441,0.08593229990708255,OPTIMAL,5.9,0.5,np_gurobi_optimal,0.0,1471.0,4.1,82,23.4,468,5.4,5.9,5.9,5.4,5.9,5.9,True,True,22.9,True,True
10474510247953561346,9,20,4,"[5, 5, 5, 5]","[[2, 3, 6, 7, 9], [1, 1, 4, 8, 9], [3, 4, 10, 11, 12], [2, 10, 14, 14, 18]]",0.4,1,2,3,4,PP,"[[4, 1], [3, 2], [2, 3], [1, 1, 2, 1]]",10,36,150,0.76,0.002313,20,0.005495045334100723,0.06187605857849121,0.06747205514911461,OPTIMAL,5.9,0.5,np_gurobi_optimal,0.0,1024.0,3.4,68,27.0,540,5.4,5.9,5.9,5.4,5.9,5.9,True,True,26.5,True,True
10474510247953561346,9,20,4,"[5, 5, 5, 5]","[[2, 3, 6, 7, 9], [1, 1, 4, 8, 9], [3, 4, 10, 11, 12], [2, 10, 14, 14, 18]]",0.4,1,2,3,5,PP,"[[5], [3, 2], [2, 3], [1, 1, 2, 1]]",9,28,150,0.8133333333333334,0.004577,20,0.005645803175866604,0.03664088249206543,0.0423557660694499,OPTIMAL,5.9,0.5,np_gurobi_optimal,0.0,493.0,4.1,82,28.8,576,5.4,5.9,5.9,5.4,5.9,5.9,True,True,28.3,True,True
10474510247953561346,9,20,4,"[5, 5, 5, 5]","[[2, 3, 6, 7, 9], [1, 1, 4, 8, 9], [3, 4, 10, 11, 12], [2, 10, 14, 14, 18]]",0.4,1,2,4,,CHP,"[[5], [5], [2, 3], [1, 4]]",6,13,150,0.9133333333333333,0.0039155,20,0.0046350350603461266,0.00768589973449707,0.0123755831607728,OPTIMAL,7.0,1.5999999999999996,np_gurobi_optimal,0.0,1.0,11.45,229,52.25,1045,5.4,,,5.4,7.0,,False,,,False,
10474510247953561346,9,20,4,"[5, 5, 5, 5]","[[2, 3, 6, 7, 9], [1, 1, 4, 8, 9], [3, 4, 10, 11, 12], [2, 10, 14, 14, 18]]",0.4,1,2,4,2,PP,"[[2, 2, 1], [2, 2, 1], [2, 2, 1], [1, 2, 2]]",12,54,150,0.64,0.001753,20,0.0055023664608597755,0.1587049961090088,0.1642695919325738,OPTIMAL,5.4,0.0,np_gurobi_optimal,0.0,3902.0,7.35,147,27.5,550,5.4,7.0,5.4,5.4,7.0,5.4,True,True,27.5,True,True
10474510247953561346,9,20,4,"[5, 5, 5, 5]","[[2, 3, 6, 7, 9], [1, 1, 4, 8, 9], [3, 4, 10, 11, 12], [2, 10, 14, 14, 18]]",0.4,1,2,4,3,PP,"[[3, 2], [3, 2], [2, 3], [1, 3, 1]]",9,30,150,0.8,0.0017625,20,0.005214100703597069,0.05651593208312988,0.061801725504887106,OPTIMAL,5.9,0.5,np_gurobi_optimal,0.0,1079.0,6.7,134,35.75,715,5.4,7.0,5.9,5.4,7.0,5.9,True,True,35.25,True,True
10474510247953561346,9,20,4,"[5, 5, 5, 5]","[[2, 3, 6, 7, 9], [1, 1, 4, 8, 9], [3, 4, 10, 11, 12], [2, 10, 14, 14, 18]]",0.4,1,2,4,4,PP,"[[4, 1], [4, 1], [2, 3], [1, 4]]",8,24,150,0.84,0.0021235,20,0.005048319697380066,0.030686140060424805,0.03580072810013151,OPTIMAL,6.6,1.1999999999999993,np_gurobi_optimal,0.0,262.0,10.75,215,41.25,825,5.4,7.0,6.6,5.4,7.0,6.6,True,True,40.05,True,True
10474510247953561346,9,20,4,"[5, 5, 5, 5]","[[2, 3, 6, 7, 9], [1, 1, 4, 8, 9], [3, 4, 10, 11, 12], [2, 10, 14, 14, 18]]",0.4,1,2,4,5,PP,"[[5], [5], [2, 3], [1, 4]]",6,13,150,0.9133333333333333,0.004637,20,0.0049301814287900925,0.008153915405273438,0.013149564099347115,OPTIMAL,7.0,1.5999999999999996,np_gurobi_optimal,0.0,1.0,11.45,229,44.0,880,5.4,7.0,7.0,5.4,7.0,7.0,True,True,42.4,True,True
11762959581287670361,10,20,4,"[5, 5, 5, 5]","[[3, 5, 7, 13, 14], [6, 9, 11, 13, 22], [0, 0, 2, 3, 5], [5, 5, 7, 9, 12]]",0.4,1,2,,1,NP,"[[1, 1, 1, 1, 1], [1, 1, 1, 1, 1], [1, 1, 1, 1, 1], [1, 1, 1, 1, 1]]",20,150,150,0.0,0.001317,20,0.007827569730579853,2.071943998336792,2.0798451044764206,OPTIMAL,4.15,0.0,np_gurobi_optimal,0.0,44075.0,0.0,0,0.0,0,4.15,,,4.15,,,False,,,False,
11762959581287670361,10,20,4,"[5, 5, 5, 5]","[[3, 5, 7, 13, 14], [6, 9, 11, 13, 22], [0, 0, 2, 3, 5], [5, 5, 7, 9, 12]]",0.4,1,2,2,,CHP,"[[3, 2], [1, 3, 1], [5], [4, 1]]",8,23,150,0.8466666666666667,0.002634,20,0.007205581292510033,0.023745059967041016,0.031060905415531637,OPTIMAL,4.4,0.25,np_gurobi_optimal,0.0,86.0,6.25,125,16.15,323,4.15,,,4.15,4.4,,False,,,False,
11762959581287670361,10,20,4,"[5, 5, 5, 5]","[[3, 5, 7, 13, 14], [6, 9, 11, 13, 22], [0, 0, 2, 3, 5], [5, 5, 7, 9, 12]]",0.4,1,2,2,2,PP,"[[2, 1, 2], [1, 2, 1, 1], [2, 2, 1], [2, 2, 1]]",13,63,150,0.5800000000000001,0.003275,20,0.009104820899665356,0.1015939712524414,0.11080950359299183,OPTIMAL,4.15,0.0,np_gurobi_optimal,0.0,1974.0,2.4,48,8.5,170,4.15,4.4,4.15,4.15,4.4,4.15,True,True,8.5,True,True
11762959581287670361,10,20,4,"[5, 5, 5, 5]","[[3, 5, 7, 13, 14], [6, 9, 11, 13, 22], [0, 0, 2, 3, 5], [5, 5, 7, 9, 12]]",0.4,1,2,2,3,PP,"[[3, 2], [1, 3, 1], [3, 2], [3, 1, 1]]",10,37,150,0.7533333333333333,0.00321,20,0.007575458846986294,0.04028201103210449,0.047968563354811665,OPTIMAL,4.4,0.25,np_gurobi_optimal,0.0,396.0,5.5,110,11.05,221,4.15,4.4,4.4,4.15,4.4,4.4,True,True,10.8,True,True
11762959581287670361,10,20,4,"[5, 5, 5, 5]","[[3, 5, 7, 13, 14], [6, 9, 11, 13, 22], [0, 0, 2, 3, 5], [5, 5, 7, 9, 12]]",0.4,1,2,2,4,PP,"[[3, 2], [1, 3, 1], [4, 1], [4, 1]]",9,30,150,0.8,0.002644,20,0.0064466241747140884,0.032395124435424805,0.038933033098823074,OPTIMAL,4.15,0.0,np_gurobi_optimal,0.0,177.0,5.55,111,12.75,255,4.15,4.4,4.15,4.15,4.4,4.15,True,True,12.75,True,True
11762959581287670361,10,20,4,"[5, 5, 5, 5]","[[3, 5, 7, 13, 14], [6, 9, 11, 13, 22], [0, 0, 2, 3, 5], [5, 5, 7, 9, 12]]",0.4,1,2,2,5,PP,"[[3, 2], [1, 3, 1], [5], [4, 1]]",8,23,150,0.8466666666666667,0.002985,20,0.0075194742530584335,0.024528026580810547,0.03216229949085474,OPTIMAL,4.4,0.25,np_gurobi_optimal,0.0,86.0,6.25,125,13.6,272,4.15,4.4,4.4,4.15,4.4,4.4,True,True,13.35,True,True
11762959581287670361,10,20,4,"[5, 5, 5, 5]","[[3, 5, 7, 13, 14], [6, 9, 11, 13, 22], [0, 0, 2, 3, 5], [5, 5, 7, 9, 12]]",0.4,1,2,3,,CHP,"[[3, 2], [4, 1], [5], [5]]",6,13,150,0.9133333333333333,0.0028995,20,0.006807107478380203,0.004318952560424805,0.011218459638225556,OPTIMAL,4.65,0.5,np_gurobi_optimal,0.0,1.0,9.55,191,34.2,684,4.15,,,4.15,4.65,,False,,,False,
11762959581287670361,10,20,4,"[5, 5, 5, 5]","[[3, 5, 7, 13, 14], [6, 9, 11, 13, 22], [0, 0, 2, 3, 5], [5, 5, 7, 9, 12]]",0.4,1,2,3,2,PP,"[[2, 1, 2], [2, 2, 1], [2, 2, 1], [2, 2, 1]]",12,54,150,0.64,0.002534,20,0.0068651651963591576,0.08470916748046875,0.09166272530498171,OPTIMAL,4.15,0.0,np_gurobi_optimal,0.0,1296.0,4.15,83,18.0,360,4.15,4.65,4.15,4.15,4.65,4.15,True,True,18.0,True,True
11762959581287670361,10,20,4,"[5, 5, 5, 5]","[[3, 5, 7, 13, 14], [6, 9, 11, 13, 22], [0, 0, 2, 3, 5], [5, 5, 7, 9, 12]]",0.4,1,2,3,3,PP,"[[3, 2], [3, 1, 1], [3, 2], [3, 2]]",9,30,150,0.8,0.0029795,20,0.00747352559119463,0.02971482276916504,0.03728928343743515,OPTIMAL,4.65,0.5,np_gurobi_optimal,0.0,163.0,8.05,161,23.4,468,4.15,4.65,4.65,4.15,4.65,4.65,True,True,22.9,True,True
11762959581287670361,10,20,4,"[5, 5, 5, 5]","[[3, 5, 7, 13, 14], [6, 9, 11, 13, 22], [0, 0, 2, 3, 5], [5, 5, 7, 9, 12]]",0.4,1,2,3,4,PP,"[[3, 2], [4, 1], [4, 1], [4, 1]]",8,24,150,0.84,0.0030195,20,0.007514648139476776,0.020169973373413086,0.027799881215614795,OPTIMAL,4.15,0.0,np_gurobi_optimal,0.0,119.0,7.35,147,27.0,540,4.15,4.65,4.15,4.15,4.65,4.15,True,True,27.0,True,True
11762959581287670361,10,20,4,"[5, 5, 5, 5]","[[3, 5, 7, 13, 14], [6, 9, 11, 13, 22], [0, 0, 2, 3, 5], [5, 5, 7, 9, 12]]",0.4,1,2,3,5,PP,"[[3, 2], [4, 1], [5], [5]]",6,13,150,0.9133333333333333,0.0030645,20,0.0068056462332606316,0.004563093185424805,0.011471767427231789,OPTIMAL,4.65,0.5,np_gurobi_optimal,0.0,1.0,9.55,191,28.8,576,4.15,4.65,4.65,4.15,4.65,4.65,True,True,28.3,True,True
11762959581287670361,10,20,4,"[5, 5, 5, 5]","[[3, 5, 7, 13, 14], [6, 9, 11, 13, 22], [0, 0, 2, 3, 5], [5, 5, 7, 9, 12]]",0.4,1,2,4,,CHP,"[[3, 2], [4, 1], [5], [5]]",6,13,150,0.9133333333333333,0.0029045,20,0.006791434250771999,0.004477977752685547,0.011362302753262042,OPTIMAL,4.65,0.5,np_gurobi_optimal,0.0,1.0,9.55,191,52.25,1045,4.15,,,4.15,4.65,,False,,,False,
11762959581287670361,10,20,4,"[5, 5, 5, 5]","[[3, 5, 7, 13, 14], [6, 9, 11, 13, 22], [0, 0, 2, 3, 5], [5, 5, 7, 9, 12]]",0.4,1,2,4,2,PP,"[[2, 1, 2], [2, 2, 1], [2, 2, 1], [2, 2, 1]]",12,54,150,0.64,0.0024435,20,0.0066979434341192245,0.0874929428100586,0.09427803818895197,OPTIMAL,4.15,0.0,np_gurobi_optimal,0.0,1296.0,4.15,83,27.5,550,4.15,4.65,4.15,4.15,4.65,4.15,True,True,27.5,True,True
11762959581287670361,10,20,4,"[5, 5, 5, 5]","[[3, 5, 7, 13, 14], [6, 9, 11, 13, 22], [0, 0, 2, 3, 5], [5, 5, 7, 9, 12]]",0.4,1,2,4,3,PP,"[[3, 2], [3, 1, 1], [3, 2], [3, 2]]",9,30,150,0.8,0.00328,20,0.0075067151337862015,0.03101491928100586,0.03861748974135399,OPTIMAL,4.65,0.5,np_gurobi_optimal,0.0,163.0,8.05,161,35.75,715,4.15,4.65,4.65,4.15,4.65,4.65,True,True,35.25,True,True
11762959581287670361,10,20,4,"[5, 5, 5, 5]","[[3, 5, 7, 13, 14], [6, 9, 11, 13, 22], [0, 0, 2, 3, 5], [5, 5, 7, 9, 12]]",0.4,1,2,4,4,PP,"[[3, 2], [4, 1], [4, 1], [4, 1]]",8,24,150,0.84,0.00314,20,0.00710151344537735,0.02031707763671875,0.02752807042498827,OPTIMAL,4.15,0.0,np_gurobi_optimal,0.0,119.0,7.35,147,41.25,825,4.15,4.65,4.15,4.15,4.65,4.15,True,True,41.25,True,True
11762959581287670361,10,20,4,"[5, 5, 5, 5]","[[3, 5, 7, 13, 14], [6, 9, 11, 13, 22], [0, 0, 2, 3, 5], [5, 5, 7, 9, 12]]",0.4,1,2,4,5,PP,"[[3, 2], [4, 1], [5], [5]]",6,13,150,0.9133333333333333,0.0029845,20,0.0070273010060191154,0.004698991775512695,0.01183063032335949,OPTIMAL,4.65,0.5,np_gurobi_optimal,0.0,1.0,9.55,191,44.0,880,4.15,4.65,4.65,4.15,4.65,4.65,True,True,43.5,True,True
1943167401341867957,11,20,4,"[5, 5, 5, 5]","[[2, 3, 4, 5, 5], [3, 6, 7, 9, 10], [3, 7, 13, 17, 17], [3, 4, 5, 5, 7]]",0.4,1,2,,1,NP,"[[1, 1, 1, 1, 1], [1, 1, 1, 1, 1], [1, 1, 1, 1, 1], [1, 1, 1, 1, 1]]",20,150,150,0.0,0.002384,20,0.012141400016844273,8.876749992370605,8.888993516378578,OPTIMAL,6.25,0.0,np_gurobi_optimal,0.0,99104.0,0.0,0,0.0,0,6.25,,,6.25,,,False,,,False,
1943167401341867957,11,20,4,"[5, 5, 5, 5]","[[2, 3, 4, 5, 5], [3, 6, 7, 9, 10], [3, 7, 13, 17, 17], [3, 4, 5, 5, 7]]",0.4,1,2,2,,CHP,"[[5], [1, 4], [1, 1, 1, 2], [5]]",8,21,150,0.86,0.0018325,20,0.005325407721102238,0.020019054412841797,0.025417212985355854,OPTIMAL,6.25,0.0,np_gurobi_optimal,0.0,129.0,1.45,29,16.15,323,6.25,,,6.25,6.25,,False,,,False,
1943167401341867957,11,20,4,"[5, 5, 5, 5]","[[2, 3, 4, 5, 5], [3, 6, 7, 9, 10], [3, 7, 13, 17, 17], [3, 4, 5, 5, 7]]",0.4,1,2,2,2,PP,"[[2, 2, 1], [1, 2, 2], [1, 1, 1, 2], [2, 2, 1]]",13,63,150,0.5800000000000001,0.004557,20,0.005756760016083717,0.21173501014709473,0.21756531953950595,OPTIMAL,6.25,0.0,np_gurobi_optimal,0.0,7807.0,0.0,0,8.5,170,6.25,6.25,6.25,6.25,6.25,6.25,True,True,8.5,True,True
1943167401341867957,11,20,4,"[5, 5, 5, 5]","[[2, 3, 4, 5, 5], [3, 6, 7, 9, 10], [3, 7, 13, 17, 17], [3, 4, 5, 5, 7]]",0.4,1,2,2,3,PP,"[[3, 2], [1, 3, 1], [1, 1, 1, 2], [3, 2]]",11,44,150,0.7066666666666667,0.001843,20,0.005515546537935734,0.07680606842041016,0.08239252577180195,OPTIMAL,6.25,0.0,np_gurobi_optimal,0.0,2264.0,1.45,29,11.05,221,6.25,6.25,6.25,6.25,6.25,6.25,True,True,11.05,True,True
1943167401341867957,11,20,4,"[5, 5, 5, 5]","[[2, 3, 4, 5, 5], [3, 6, 7, 9, 10], [3, 7, 13, 17, 17], [3, 4, 5, 5, 7]]",0.4,1,2,2,4,PP,"[[4, 1], [1, 4], [1, 1, 1, 2], [4, 1]]",10,36,150,0.76,0.0018275,20,0.005241130478680134,0.04295778274536133,0.04826815543992758,OPTIMAL,6.25,0.0,np_gurobi_optimal,0.0,434.0,0.75,15,12.75,255,6.25,6.25,6.25,6.25,6.25,6.25,True,True,12.75,True,True
1943167401341867957,11,20,4,"[5, 5, 5, 5]","[[2, 3, 4, 5, 5], [3, 6, 7, 9, 10], [3, 7, 13, 17, 17], [3, 4, 5, 5, 7]]",0.4,1,2,2,5,PP,"[[5], [1, 4], [1, 1, 1, 2], [5]]",8,21,150,0.86,0.001703,20,0.0049039218574762344,0.01826190948486328,0.023233053816786288,OPTIMAL,6.25,0.0,np_gurobi_optimal,0.0,129.0,1.45,29,13.6,272,6.25,6.25,6.25,6.25,6.25,6.25,True,True,13.6,True,True
1943167401341867957,11,20,4,"[5, 5, 5, 5]","[[2, 3, 4, 5, 5], [3, 6, 7, 9, 10], [3, 7, 13, 17, 17], [3, 4, 5, 5, 7]]",0.4,1,2,3,,CHP,"[[5], [5], [1, 1, 1, 2], [5]]",7,15,150,0.9,0.001643,20,0.004955879412591457,0.007511138916015625,0.012530788926237107,OPTIMAL,6.25,0.0,np_gurobi_optimal,0.0,1.0,3.25,65,34.2,684,6.25,,,6.25,6.25,,False,,,False,
1943167401341867957,11,20,4,"[5, 5, 5, 5]","[[2, 3, 4, 5, 5], [3, 6, 7, 9, 10], [3, 7, 13, 17, 17], [3, 4, 5, 5, 7]]",0.4,1,2,3,2,PP,"[[2, 2, 1], [2, 2, 1], [1, 1, 1, 2], [2, 2, 1]]",13,63,150,0.5800000000000001,0.0016875,20,0.0053637465462088585,0.20798087120056152,0.21340822236549856,OPTIMAL,6.25,0.0,np_gurobi_optimal,0.0,5556.0,2.55,51,18.0,360,6.25,6.25,6.25,6.25,6.25,6.25,True,True,18.0,True,True
1943167401341867957,11,20,4,"[5, 5, 5, 5]","[[2, 3, 4, 5, 5], [3, 6, 7, 9, 10], [3, 7, 13, 17, 17], [3, 4, 5, 5, 7]]",0.4,1,2,3,3,PP,"[[3, 2], [3, 2], [1, 1, 1, 2], [3, 2]]",10,36,150,0.76,0.002474,20,0.0055206529796123505,0.07385897636413574,0.07945594604804421,OPTIMAL,6.25,0.0,np_gurobi_optimal,0.0,1090.0,2.5,50,23.4,468,6.25,6.25,6.25,6.25,6.25,6.25,True,True,23.4,True,True
1943167401341867957,11,20,4,"[5, 5, 5, 5]","[[2, 3, 4, 5, 5], [3, 6, 7, 9, 10], [3, 7, 13, 17, 17], [3, 4, 5, 5, 7]]",0.4,1,2,3,4,PP,"[[4, 1], [4, 1], [1, 1, 1, 2], [4, 1]]",10,36,150,0.76,0.001708,20,0.005153018049895763,0.047306060791015625,0.05253396364956665,OPTIMAL,6.25,0.0,np_gurobi_optimal,0.0,365.0,2.55,51,27.0,540,6.25,6.25,6.25,6.25,6.25,6.25,True,True,27.0,True,True
1943167401341867957,11,20,4,"[5, 5, 5, 5]","[[2, 3, 4, 5, 5], [3, 6, 7, 9, 10], [3, 7, 13, 17, 17], [3, 4, 5, 5, 7]]",0.4,1,2,3,5,PP,"[[5], [5], [1, 1, 1, 2], [5]]",7,15,150,0.9,0.001778,20,0.00488782674074173,0.007697105407714844,0.012649643340113639,OPTIMAL,6.25,0.0,np_gurobi_optimal,0.0,1.0,3.25,65,28.8,576,6.25,6.25,6.25,6.25,6.25,6.25,True,True,28.8,True,True
1943167401341867957,11,20,4,"[5, 5, 5, 5]","[[2, 3, 4, 5, 5], [3, 6, 7, 9, 10], [3, 7, 13, 17, 17], [3, 4, 5, 5, 7]]",0.4,1,2,4,,CHP,"[[5], [5], [2, 3], [5]]",5,9,150,0.94,0.0016325,20,0.004693544469773769,0.003061056137084961,0.007814842167801856,OPTIMAL,6.25,0.0,np_gurobi_optimal,0.0,1.0,8.45,169,52.25,1045,6.25,,,6.25,6.25,,False,,,False,
1943167401341867957,11,20,4,"[5, 5, 5, 5]","[[2, 3, 4, 5, 5], [3, 6, 7, 9, 10], [3, 7, 13, 17, 17], [3, 4, 5, 5, 7]]",0.4,1,2,4,2,PP,"[[2, 2, 1], [2, 2, 1], [2, 2, 1], [2, 2, 1]]",12,54,150,0.64,0.004397,20,0.005537659861147404,0.10134482383728027,0.1069461649682374,OPTIMAL,6.25,0.0,np_gurobi_optimal,0.0,2976.0,7.75,155,27.5,550,6.25,6.25,6.25,6.25,6.25,6.25,True,True,27.5,True,True
1943167401341867957,11,20,4,"[5, 5, 5, 5]","[[2, 3, 4, 5, 5], [3, 6, 7, 9, 10], [3, 7, 13, 17, 17], [3, 4, 5, 5, 7]]",0.4,1,2,4,3,PP,"[[3, 2], [3, 2], [2, 3], [3, 2]]",8,24,150,0.84,0.0043315,20,0.00506775826215744,0.031395912170410156,0.036535162397390845,OPTIMAL,6.25,0.0,np_gurobi_optimal,0.0,391.0,7.7,154,35.75,715,6.25,6.25,6.25,6.25,6.25,6.25,True,True,35.75,True,True
1943167401341867957,11,20,4,"[5, 5, 5, 5]","[[2, 3, 4, 5, 5], [3, 6, 7, 9, 10], [3, 7, 13, 17, 17], [3, 4, 5, 5, 7]]",0.4,1,2,4,4,PP,"[[4, 1], [4, 1], [2, 3], [4, 1]]",8,24,150,0.84,0.0017725,20,0.004748636856675148,0.023207902908325195,0.028021400056204796,OPTIMAL,6.25,0.0,np_gurobi_optimal,0.0,171.0,7.75,155,41.25,825,6.25,6.25,6.25,6.25,6.25,6.25,True,True,41.25,True,True
1943167401341867957,11,20,4,"[5, 5, 5, 5]","[[2, 3, 4, 5, 5], [3, 6, 7, 9, 10], [3, 7, 13, 17, 17], [3, 4, 5, 5, 7]]",0.4,1,2,4,5,PP,"[[5], [5], [2, 3], [5]]",5,9,150,0.94,0.004331,20,0.004717089235782623,0.0034520626068115234,0.008230774082094192,OPTIMAL,6.25,0.0,np_gurobi_optimal,0.0,1.0,8.45,169,44.0,880,6.25,6.25,6.25,6.25,6.25,6.25,True,True,44.0,True,True
8795305293645667475,12,20,4,"[5, 5, 5, 5]","[[3, 4, 4, 5, 6], [3, 4, 5, 13, 13], [2, 3, 3, 5, 8], [2, 4, 13, 13, 16]]",0.4,1,2,,1,NP,"[[1, 1, 1, 1, 1], [1, 1, 1, 1, 1], [1, 1, 1, 1, 1], [1, 1, 1, 1, 1]]",20,150,150,0.0,0.001247,20,0.0073870448395609856,24.298635005950928,24.306090194691023,OPTIMAL,6.75,0.0,np_gurobi_optimal,0.0,389284.0,0.0,0,0.0,0,6.75,,,6.75,,,False,,,False,
8795305293645667475,12,20,4,"[5, 5, 5, 5]","[[3, 4, 4, 5, 6], [3, 4, 5, 13, 13], [2, 3, 3, 5, 8], [2, 4, 13, 13, 16]]",0.4,1,2,2,,CHP,"[[5], [3, 2], [4, 1], [2, 2, 1]]",8,23,150,0.8466666666666667,0.0016525,20,0.0051498329266905785,0.023756027221679688,0.028975081032481195,OPTIMAL,6.75,0.0,np_gurobi_optimal,0.0,275.0,1.6,32,16.15,323,6.75,,,6.75,6.75,,False,,,False,
8795305293645667475,12,20,4,"[5, 5, 5, 5]","[[3, 4, 4, 5, 6], [3, 4, 5, 13, 13], [2, 3, 3, 5, 8], [2, 4, 13, 13, 16]]",0.4,1,2,2,2,PP,"[[2, 2, 1], [2, 1, 2], [2, 2, 1], [2, 2, 1]]",12,54,150,0.64,0.001868,20,0.005688527598977089,0.1521439552307129,0.15791177446928548,OPTIMAL,6.75,0.0,np_gurobi_optimal,0.0,4942.0,1.6,32,8.5,170,6.75,6.75,6.75,6.75,6.75,6.75,True,True,8.5,True,True
8795305293645667475,12,20,4,"[5, 5, 5, 5]","[[3, 4, 4, 5, 6], [3, 4, 5, 13, 13], [2, 3, 3, 5, 8], [2, 4, 13, 13, 16]]",0.4,1,2,2,3,PP,"[[3, 2], [3, 2], [3, 1, 1], [2, 2, 1]]",10,37,150,0.7533333333333333,0.001893,20,0.0053885942324995995,0.06277799606323242,0.06825565881400633,OPTIMAL,6.75,0.0,np_gurobi_optimal,0.0,1318.0,0.85,17,11.05,221,6.75,6.75,6.75,6.75,6.75,6.75,True,True,11.05,True,True
8795305293645667475,12,20,4,"[5, 5, 5, 5]","[[3, 4, 4, 5, 6], [3, 4, 5, 13, 13], [2, 3, 3, 5, 8], [2, 4, 13, 13, 16]]",0.4,1,2,2,4,PP,"[[4, 1], [3, 2], [4, 1], [2, 2, 1]]",9,30,150,0.8,0.001783,20,0.005035931244492531,0.03853201866149902,0.043635839113660334,OPTIMAL,6.75,0.0,np_gurobi_optimal,0.0,789.0,1.6,32,12.75,255,6.75,6.75,6.75,6.75,6.75,6.75,True,True,12.75,True,True
8795305293645667475,12,20,4,"[5, 5, 5, 5]","[[3, 4, 4, 5, 6], [3, 4, 5, 13, 13], [2, 3, 3, 5, 8], [2, 4, 13, 13, 16]]",0.4,1,2,2,5,PP,"[[5], [3, 2], [4, 1], [2, 2, 1]]",8,23,150,0.8466666666666667,0.0017875,20,0.005080757662653923,0.020203113555908203,0.025344728784179687,OPTIMAL,6.75,0.0,np_gurobi_optimal,0.0,275.0,1.6,32,13.6,272,6.75,6.75,6.75,6.75,6.75,6.75,True,True,13.6,True,True
8795305293645667475,12,20,4,"[5, 5, 5, 5]","[[3, 4, 4, 5, 6], [3, 4, 5, 13, 13], [2, 3, 3, 5, 8], [2, 4, 13, 13, 16]]",0.4,1,2,3,,CHP,"[[5], [3, 2], [5], [2, 3]]",6,13,150,0.9133333333333333,0.001657,20,0.004442415200173855,0.011461973190307617,0.015959344981426715,OPTIMAL,7.55,0.7999999999999998,np_gurobi_optimal,0.0,124.0,4.6,92,34.2,684,6.75,,,6.75,7.55,,False,,,False,
8795305293645667475,12,20,4,"[5, 5, 5, 5]","[[3, 4, 4, 5, 6], [3, 4, 5, 13, 13], [2, 3, 3, 5, 8], [2, 4, 13, 13, 16]]",0.4,1,2,3,2,PP,"[[2, 2, 1], [2, 1, 2], [2, 2, 1], [2, 2, 1]]",12,54,150,0.64,0.0044515,20,0.0054791513830423355,0.14264583587646484,0.14819521993559742,OPTIMAL,6.75,0.0,np_gurobi_optimal,0.0,4942.0,1.6,32,18.0,360,6.75,7.55,6.75,6.75,7.55,6.75,True,True,18.0,True,True
8795305293645667475,12,20,4,"[5, 5, 5, 5]","[[3, 4, 4, 5, 6], [3, 4, 5, 13, 13], [2, 3, 3, 5, 8], [2, 4, 13, 13, 16]]",0.4,1,2,3,3,PP,"[[3, 2], [3, 2], [3, 2], [2, 3]]",8,24,150,0.84,0.0016475,20,0.005163864232599735,0.03902411460876465,0.04425386710991621,OPTIMAL,6.95,0.20000000000000018,np_gurobi_optimal,0.0,731.0,3.85,77,23.4,468,6.75,7.55,6.95,6.75,7.55,6.95,True,True,23.2,True,True
8795305293645667475,12,20,4,"[5, 5, 5, 5]","[[3, 4, 4, 5, 6], [3, 4, 5, 13, 13], [2, 3, 3, 5, 8], [2, 4, 13, 13, 16]]",0.4,1,2,3,4,PP,"[[4, 1], [3, 2], [4, 1], [2, 3]]",8,24,150,0.84,0.001928,20,0.005263784900307655,0.03666210174560547,0.041997468261268614,OPTIMAL,6.75,0.0,np_gurobi_optimal,0.0,629.0,3.1,62,27.0,540,6.75,7.55,6.75,6.75,7.55,6.75,True,True,27.0,True,True
8795305293645667475,12,20,4,"[5, 5, 5, 5]","[[3, 4, 4, 5, 6], [3, 4, 5, 13, 13], [2, 3, 3, 5, 8], [2, 4, 13, 13, 16]]",0.4,1,2,3,5,PP,"[[5], [3, 2], [5], [2, 3]]",6,13,150,0.9133333333333333,0.004256,20,0.00504651665687561,0.011258840560913086,0.016373194609957696,OPTIMAL,7.55,0.7999999999999998,np_gurobi_optimal,0.0,124.0,4.6,92,28.8,576,6.75,7.55,7.55,6.75,7.55,7.55,True,True,28.0,True,True
8795305293645667475,12,20,4,"[5, 5, 5, 5]","[[3, 4, 4, 5, 6], [3, 4, 5, 13, 13], [2, 3, 3, 5, 8], [2, 4, 13, 13, 16]]",0.4,1,2,4,,CHP,"[[5], [3, 2], [5], [2, 3]]",6,13,150,0.9133333333333333,0.004097,20,0.005057303234934807,0.010330915451049805,0.015449960828063011,OPTIMAL,7.55,0.7999999999999998,np_gurobi_optimal,0.0,124.0,4.6,92,52.25,1045,6.75,,,6.75,7.55,,False,,,False,
8795305293645667475,12,20,4,"[5, 5, 5, 5]","[[3, 4, 4, 5, 6], [3, 4, 5, 13, 13], [2, 3, 3, 5, 8], [2, 4, 13, 13, 16]]",0.4,1,2,4,2,PP,"[[2, 2, 1], [2, 1, 2], [2, 2, 1], [2, 2, 1]]",12,54,150,0.64,0.0018125,20,0.005217825993895531,0.14475178718566895,0.15003224104368687,OPTIMAL,6.75,0.0,np_gurobi_optimal,0.0,4942.0,1.6,32,27.5,550,6.75,7.55,6.75,6.75,7.55,6.75,True,True,27.5,True,True
8795305293645667475,12,20,4,"[5, 5, 5, 5]","[[3, 4, 4, 5, 6], [3, 4, 5, 13, 13], [2, 3, 3, 5, 8], [2, 4, 13, 13, 16]]",0.4,1,2,4,3,PP,"[[3, 2], [3, 2], [3, 2], [2, 3]]",8,24,150,0.84,0.0016975,20,0.004824201576411724,0.038398027420043945,0.043292484876463415,OPTIMAL,6.95,0.20000000000000018,np_gurobi_optimal,0.0,731.0,3.85,77,35.75,715,6.75,7.55,6.95,6.75,7.55,6.95,True,True,35.55,True,True
8795305293645667475,12,20,4,"[5, 5, 5, 5]","[[3, 4, 4, 5, 6], [3, 4, 5, 13, 13], [2, 3, 3, 5, 8], [2, 4, 13, 13, 16]]",0.4,1,2,4,4,PP,"[[4, 1], [3, 2], [4, 1], [2, 3]]",8,24,150,0.84,0.001868,20,0.005299930460751057,0.03846907615661621,0.04384722444203425,OPTIMAL,6.75,0.0,np_gurobi_optimal,0.0,629.0,3.1,62,41.25,825,6.75,7.55,6.75,6.75,7.55,6.75,True,True,41.25,True,True
8795305293645667475,12,20,4,"[5, 5, 5, 5]","[[3, 4, 4, 5, 6], [3, 4, 5, 13, 13], [2, 3, 3, 5, 8], [2, 4, 13, 13, 16]]",0.4,1,2,4,5,PP,"[[5], [3, 2], [5], [2, 3]]",6,13,150,0.9133333333333333,0.0018375,20,0.004970942623913288,0.01173090934753418,0.016765934415721894,OPTIMAL,7.55,0.7999999999999998,np_gurobi_optimal,0.0,124.0,4.6,92,44.0,880,6.75,7.55,7.55,6.75,7.55,7.55,True,True,43.2,True,True
18366149126009656118,13,20,4,"[5, 5, 5, 5]","[[0, 2, 9, 10, 12], [4, 4, 8, 8, 14], [2, 5, 9, 10, 13], [3, 7, 8, 16, 24]]",0.4,1,2,,1,NP,"[[1, 1, 1, 1, 1], [1, 1, 1, 1, 1], [1, 1, 1, 1, 1], [1, 1, 1, 1, 1]]",20,150,150,0.0,0.0031695,20,0.008070377632975578,30.014394998550415,30.02253534293241,TIME_LIMIT,5.15,,,0.152109658541578,523453.0,0.0,0,0.0,0,,,,,,,False,,,False,
18366149126009656118,13,20,4,"[5, 5, 5, 5]","[[0, 2, 9, 10, 12], [4, 4, 8, 8, 14], [2, 5, 9, 10, 13], [3, 7, 8, 16, 24]]",0.4,1,2,2,,CHP,"[[2, 3], [2, 2, 1], [1, 1, 2, 1], [1, 2, 1, 1]]",13,62,150,0.5866666666666667,0.001707,20,0.005856120027601719,0.2370758056640625,0.24301739491270255,OPTIMAL,5.15,,,0.0,9954.0,1.55,31,16.15,323,,,,,5.15,,False,,,False,
18366149126009656118,13,20,4,"[5, 5, 5, 5]","[[0, 2, 9, 10, 12], [4, 4, 8, 8, 14], [2, 5, 9, 10, 13], [3, 7, 8, 16, 24]]",0.4,1,2,2,2,PP,"[[2, 2, 1], [2, 2, 1], [1, 1, 2, 1], [1, 2, 1, 1]]",14,73,150,0.5133333333333333,0.0019325,20,0.0062202708795666695,0.46655988693237305,0.47285586409836533,OPTIMAL,5.15,,,0.0,23077.0,0.85,17,8.5,170,,5.15,5.15,,5.15,5.15,False,,,False,
18366149126009656118,13,20,4,"[5, 5, 5, 5]","[[0, 2, 9, 10, 12], [4, 4, 8, 8, 14], [2, 5, 9, 10, 13], [3, 7, 8, 16, 24]]",0.4,1,2,2,3,PP,"[[2, 3], [2, 2, 1], [1, 1, 2, 1], [1, 2, 1, 1]]",13,62,150,0.5866666666666667,0.001727,20,0.0058706216514110565,0.23090291023254395,0.23684794116032315,OPTIMAL,5.15,,,0.0,9954.0,1.55,31,11.05,221,,5.15,5.15,,5.15,5.15,False,,,False,
18366149126009656118,13,20,4,"[5, 5, 5, 5]","[[0, 2, 9, 10, 12], [4, 4, 8, 8, 14], [2, 5, 9, 10, 13], [3, 7, 8, 16, 24]]",0.4,1,2,2,4,PP,"[[2, 3], [2, 2, 1], [1, 1, 2, 1], [1, 2, 1, 1]]",13,62,150,0.5866666666666667,0.0017775,20,0.005935780704021454,0.227186918258667,0.2331956211254859,OPTIMAL,5.15,,,0.0,9954.0,1.55,31,12.75,255,,5.15,5.15,,5.15,5.15,False,,,False,
18366149126009656118,13,20,4,"[5, 5, 5, 5]","[[0, 2, 9, 10, 12], [4, 4, 8, 8, 14], [2, 5, 9, 10, 13], [3, 7, 8, 16, 24]]",0.4,1,2,2,5,PP,"[[2, 3], [2, 2, 1], [1, 1, 2, 1], [1, 2, 1, 1]]",13,62,150,0.5866666666666667,0.001888,20,0.0061807408928871155,0.2225508689880371,0.22881506031804133,OPTIMAL,5.15,,,0.0,9954.0,1.55,31,13.6,272,,5.15,5.15,,5.15,5.15,False,,,False,
18366149126009656118,13,20,4,"[5, 5, 5, 5]","[[0, 2, 9, 10, 12], [4, 4, 8, 8, 14], [2, 5, 9, 10, 13], [3, 7, 8, 16, 24]]",0.4,1,2,3,,CHP,"[[2, 3], [2, 2, 1], [2, 3], [1, 2, 1, 1]]",11,44,150,0.7066666666666667,0.001682,20,0.0055997129529714584,0.09142899513244629,0.09710168282850457,OPTIMAL,5.15,,,0.0,1375.0,4.85,97,34.2,684,,,,,5.15,,False,,,False,
18366149126009656118,13,20,4,"[5, 5, 5, 5]","[[0, 2, 9, 10, 12], [4, 4, 8, 8, 14], [2, 5, 9, 10, 13], [3, 7, 8, 16, 24]]",0.4,1,2,3,2,PP,"[[2, 2, 1], [2, 2, 1], [2, 2, 1], [1, 2, 1, 1]]",13,63,150,0.5800000000000001,0.001993,20,0.006286812014877796,0.2786438465118408,0.2850087536195807,OPTIMAL,5.15,,,0.0,9019.0,2.65,53,18.0,360,,5.15,5.15,,5.15,5.15,False,,,False,
18366149126009656118,13,20,4,"[5, 5, 5, 5]","[[0, 2, 9, 10, 12], [4, 4, 8, 8, 14], [2, 5, 9, 10, 13], [3, 7, 8, 16, 24]]",0.4,1,2,3,3,PP,"[[2, 3], [2, 2, 1], [2, 3], [1, 2, 1, 1]]",11,44,150,0.7066666666666667,0.001768,20,0.0057182032614946365,0.0920250415802002,0.09781730023729134,OPTIMAL,5.15,,,0.0,1375.0,4.85,97,23.4,468,,5.15,5.15,,5.15,5.15,False,,,False,
18366149126009656118,13,20,4,"[5, 5, 5, 5]","[[0, 2, 9, 10, 12], [4, 4, 8, 8, 14], [2, 5, 9, 10, 13], [3, 7, 8, 16, 24]]",0.4,1,2,3,4,PP,"[[2, 3], [2, 2, 1], [2, 3], [1, 2, 1, 1]]",11,44,150,0.7066666666666667,0.004497,20,0.0057226987555623055,0.09282422065734863,0.09861930703463269,OPTIMAL,5.15,,,0.0,1375.0,4.85,97,27.0,540,,5.15,5.15,,5.15,5.15,False,,,False,
18366149126009656118,13,20,4,"[5, 5, 5, 5]","[[0, 2, 9, 10, 12], [4, 4, 8, 8, 14], [2, 5, 9, 10, 13], [3, 7, 8, 16, 24]]",0.4,1,2,3,5,PP,"[[2, 3], [2, 2, 1], [2, 3], [1, 2, 1, 1]]",11,44,150,0.7066666666666667,0.001873,20,0.005683470517396927,0.09223198890686035,0.09799075696471739,OPTIMAL,5.15,,,0.0,1375.0,4.85,97,28.8,576,,5.15,5.15,,5.15,5.15,False,,,False,
18366149126009656118,13,20,4,"[5, 5, 5, 5]","[[0, 2, 9, 10, 12], [4, 4, 8, 8, 14], [2, 5, 9, 10, 13], [3, 7, 8, 16, 24]]",0.4,1,2,4,,CHP,"[[2, 3], [4, 1], [5], [3, 1, 1]]",8,23,150,0.8466666666666667,0.0017625,20,0.0055009834468364716,0.016551971435546875,0.022136444663596152,OPTIMAL,6.05,,,0.0,150.0,12.8,256,52.25,1045,,,,,6.05,,False,,,False,
18366149126009656118,13,20,4,"[5, 5, 5, 5]","[[0, 2, 9, 10, 12], [4, 4, 8, 8, 14], [2, 5, 9, 10, 13], [3, 7, 8, 16, 24]]",0.4,1,2,4,2,PP,"[[2, 2, 1], [2, 2, 1], [2, 2, 1], [2, 1, 1, 1]]",13,63,150,0.5800000000000001,0.004617,20,0.006257517263293266,0.17609906196594238,0.182434099229054,OPTIMAL,5.15,,,0.0,6191.0,5.4,108,27.5,550,,6.05,5.15,,6.05,5.15,False,,,False,
18366149126009656118,13,20,4,"[5, 5, 5, 5]","[[0, 2, 9, 10, 12], [4, 4, 8, 8, 14], [2, 5, 9, 10, 13], [3, 7, 8, 16, 24]]",0.4,1,2,4,3,PP,"[[2, 3], [3, 1, 1], [3, 2], [3, 1, 1]]",10,37,150,0.7533333333333333,0.003355,20,0.007866859436035156,0.04854393005371094,0.05651377085952043,OPTIMAL,6.05,,,0.0,523.0,12.8,256,35.75,715,,6.05,6.05,,6.05,6.05,False,,,False,
18366149126009656118,13,20,4,"[5, 5, 5, 5]","[[0, 2, 9, 10, 12], [4, 4, 8, 8, 14], [2, 5, 9, 10, 13], [3, 7, 8, 16, 24]]",0.4,1,2,4,4,PP,"[[2, 3], [4, 1], [4, 1], [3, 1, 1]]",9,30,150,0.8,0.001833,20,0.005330586805939674,0.027961015701293945,0.033363323815877914,OPTIMAL,6.05,,,0.0,208.0,11.3,226,41.25,825,,6.05,6.05,,6.05,6.05,False,,,False,
18366149126009656118,13,20,4,"[5, 5, 5, 5]","[[0, 2, 9, 10, 12], [4, 4, 8, 8, 14], [2, 5, 9, 10, 13], [3, 7, 8, 16, 24]]",0.4,1,2,4,5,PP,"[[2, 3], [4, 1], [5], [3, 1, 1]]",8,23,150,0.8466666666666667,0.001868,20,0.005121571011841297,0.01875615119934082,0.02394663705465126,OPTIMAL,6.05,,,0.0,150.0,12.8,256,44.0,880,,6.05,6.05,,6.05,6.05,False,,,False,
120394360789627141,14,20,4,"[5, 5, 5, 5]","[[2, 4, 6, 10, 10], [2, 5, 6, 6, 7], [3, 3, 6, 6, 7], [4, 4, 5, 7, 10]]",0.4,1,2,,1,NP,"[[1, 1, 1, 1, 1], [1, 1, 1, 1, 1], [1, 1, 1, 1, 1], [1, 1, 1, 1, 1]]",20,150,150,0.0,0.001392,20,0.008442179299890995,30.018383979797363,30.026929621257466,TIME_LIMIT,8.15,,,0.20935118645659875,337539.0,0.0,0,0.0,0,,,,,,,False,,,False,
120394360789627141,14,20,4,"[5, 5, 5, 5]","[[2, 4, 6, 10, 10], [2, 5, 6, 6, 7], [3, 3, 6, 6, 7], [4, 4, 5, 7, 10]]",0.4,1,2,2,,CHP,"[[3, 2], [1, 4], [2, 3], [4, 1]]",8,24,150,0.84,0.002749,20,0.007145639508962631,0.03557395935058594,0.042832459058867935,OPTIMAL,8.15,,,0.0,447.0,2.4,48,16.15,323,,,,,8.15,,False,,,False,
120394360789627141,14,20,4,"[5, 5, 5, 5]","[[2, 4, 6, 10, 10], [2, 5, 6, 6, 7], [3, 3, 6, 6, 7], [4, 4, 5, 7, 10]]",0.4,1,2,2,2,PP,"[[2, 1, 2], [1, 2, 2], [2, 2, 1], [2, 2, 1]]",12,54,150,0.64,0.0030395,20,0.007727930322289467,0.21775317192077637,0.2255797382800598,OPTIMAL,8.15,,,0.0,7698.0,1.6,32,8.5,170,,8.15,8.15,,8.15,8.15,False,,,False,
120394360789627141,14,20,4,"[5, 5, 5, 5]","[[2, 4, 6, 10, 10], [2, 5, 6, 6, 7], [3, 3, 6, 6, 7], [4, 4, 5, 7, 10]]",0.4,1,2,2,3,PP,"[[3, 2], [1, 3, 1], [2, 3], [3, 1, 1]]",10,37,150,0.7533333333333333,0.0032695,20,0.0078332694247365,0.07665514945983887,0.08459974322364998,OPTIMAL,8.15,,,0.0,1148.0,1.65,33,11.05,221,,8.15,8.15,,8.15,8.15,False,,,False,
120394360789627141,14,20,4,"[5, 5, 5, 5]","[[2, 4, 6, 10, 10], [2, 5, 6, 6, 7], [3, 3, 6, 6, 7], [4, 4, 5, 7, 10]]",0.4,1,2,2,4,PP,"[[3, 2], [1, 4], [2, 3], [4, 1]]",8,24,150,0.84,0.002915,20,0.00730731338262558,0.032913923263549805,0.04032974127439499,OPTIMAL,8.15,,,0.0,447.0,2.4,48,12.75,255,,8.15,8.15,,8.15,8.15,False,,,False,
120394360789627141,14,20,4,"[5, 5, 5, 5]","[[2, 4, 6, 10, 10], [2, 5, 6, 6, 7], [3, 3, 6, 6, 7], [4, 4, 5, 7, 10]]",0.4,1,2,2,5,PP,"[[3, 2], [1, 4], [2, 3], [4, 1]]",8,24,150,0.84,0.00302,20,0.0073850117623806,0.032154083251953125,0.039648256916840076,OPTIMAL,8.15,,,0.0,447.0,2.4,48,13.6,272,,8.15,8.15,,8.15,8.15,False,,,False,
120394360789627141,14,20,4,"[5, 5, 5, 5]","[[2, 4, 6, 10, 10], [2, 5, 6, 6, 7], [3, 3, 6, 6, 7], [4, 4, 5, 7, 10]]",0.4,1,2,3,,CHP,"[[3, 2], [5], [5], [5]]",5,9,150,0.94,0.002093,20,0.006152527406811714,0.00539398193359375,0.011644457785075188,OPTIMAL,9.25,,,0.0,1.0,7.4,148,34.2,684,,,,,9.25,,False,,,False,
120394360789627141,14,20,4,"[5, 5, 5, 5]","[[2, 4, 6, 10, 10], [2, 5, 6, 6, 7], [3, 3, 6, 6, 7], [4, 4, 5, 7, 10]]",0.4,1,2,3,2,PP,"[[2, 1, 2], [2, 2, 1], [2, 2, 1], [2, 2, 1]]",12,54,150,0.64,0.002694,20,0.007907851599156857,0.2362658977508545,0.24427993563979292,OPTIMAL,8.9,,,0.0,9485.0,3.4,68,18.0,360,,9.25,8.9,,9.25,8.9,False,,,False,
120394360789627141,14,20,4,"[5, 5, 5, 5]","[[2, 4, 6, 10, 10], [2, 5, 6, 6, 7], [3, 3, 6, 6, 7], [4, 4, 5, 7, 10]]",0.4,1,2,3,3,PP,"[[3, 2], [3, 2], [3, 2], [3, 2]]",8,24,150,0.84,0.002799,20,0.006841850467026234,0.05377388000488281,0.060715374912475584,OPTIMAL,9.25,,,0.0,1077.0,6.65,133,23.4,468,,9.25,9.25,,9.25,9.25,False,,,False,
120394360789627141,14,20,4,"[5, 5, 5, 5]","[[2, 4, 6, 10, 10], [2, 5, 6, 6, 7], [3, 3, 6, 6, 7], [4, 4, 5, 7, 10]]",0.4,1,2,3,4,PP,"[[3, 2], [4, 1], [4, 1], [4, 1]]",8,24,150,0.84,0.0027945,20,0.007004586048424244,0.04105687141418457,0.048164352375573635,OPTIMAL,9.25,,,0.0,687.0,5.9,118,27.0,540,,9.25,9.25,,9.25,9.25,False,,,False,
120394360789627141,14,20,4,"[5, 5, 5, 5]","[[2, 4, 6, 10, 10], [2, 5, 6, 6, 7], [3, 3, 6, 6, 7], [4, 4, 5, 7, 10]]",0.4,1,2,3,5,PP,"[[3, 2], [5], [5], [5]]",5,9,150,0.94,0.0023335,20,0.005560002289712429,0.005350828170776367,0.010997920834036827,OPTIMAL,9.25,,,0.0,1.0,7.4,148,28.8,576,,9.25,9.25,,9.25,9.25,False,,,False,
120394360789627141,14,20,4,"[5, 5, 5, 5]","[[2, 4, 6, 10, 10], [2, 5, 6, 6, 7], [3, 3, 6, 6, 7], [4, 4, 5, 7, 10]]",0.4,1,2,4,,CHP,"[[5], [5], [5], [5]]",4,6,150,0.96,0.002824,20,0.006486233323812485,0.00403594970703125,0.010618928118525982,OPTIMAL,9.25,,,0.0,1.0,9.85,197,52.25,1045,,,,,9.25,,False,,,False,
120394360789627141,14,20,4,"[5, 5, 5, 5]","[[2, 4, 6, 10, 10], [2, 5, 6, 6, 7], [3, 3, 6, 6, 7], [4, 4, 5, 7, 10]]",0.4,1,2,4,2,PP,"[[2, 2, 1], [2, 2, 1], [2, 2, 1], [2, 2, 1]]",12,54,150,0.64,0.00305,20,0.00806419737637043,0.22586488723754883,0.2340378518333316,OPTIMAL,8.9,,,0.0,6629.0,5.85,117,27.5,550,,9.25,8.9,,9.25,8.9,False,,,False,
120394360789627141,14,20,4,"[5, 5, 5, 5]","[[2, 4, 6, 10, 10], [2, 5, 6, 6, 7], [3, 3, 6, 6, 7], [4, 4, 5, 7, 10]]",0.4,1,2,4,3,PP,"[[3, 2], [3, 2], [3, 2], [3, 2]]",8,24,150,0.84,0.0029295,20,0.0068049244582653046,0.052165985107421875,0.059068016267077444,OPTIMAL,9.25,,,0.0,1077.0,6.65,133,35.75,715,,9.25,9.25,,9.25,9.25,False,,,False,
120394360789627141,14,20,4,"[5, 5, 5, 5]","[[2, 4, 6, 10, 10], [2, 5, 6, 6, 7], [3, 3, 6, 6, 7], [4, 4, 5, 7, 10]]",0.4,1,2,4,4,PP,"[[4, 1], [4, 1], [4, 1], [4, 1]]",8,24,150,0.84,0.00313,20,0.007279030978679657,0.041491031646728516,0.04887775500482797,OPTIMAL,9.25,,,0.0,439.0,8.35,167,41.25,825,,9.25,9.25,,9.25,9.25,False,,,False,
120394360789627141,14,20,4,"[5, 5, 5, 5]","[[2, 4, 6, 10, 10], [2, 5, 6, 6, 7], [3, 3, 6, 6, 7], [4, 4, 5, 7, 10]]",0.4,1,2,4,5,PP,"[[5], [5], [5], [5]]",4,6,150,0.96,0.0022085,20,0.005824382416903973,0.004021883010864258,0.009942421092482567,OPTIMAL,9.25,,,0.0,1.0,9.85,197,44.0,880,,9.25,9.25,,9.25,9.25,False,,,False,
10453168157447187593,15,20,4,"[5, 5, 5, 5]","[[2, 10, 13, 14, 16], [4, 5, 7, 14, 15], [6, 6, 8, 10, 11], [1, 3, 5, 9, 10]]",0.4,1,2,,1,NP,"[[1, 1, 1, 1, 1], [1, 1, 1, 1, 1], [1, 1, 1, 1, 1], [1, 1, 1, 1, 1]]",20,150,150,0.0,0.002324,20,0.011984703131020069,30.01435399055481,30.026449047379195,TIME_LIMIT,5.5,,,0.16363636363640652,661359.0,0.0,0,0.0,0,,,,,,,False,,,False,
10453168157447187593,15,20,4,"[5, 5, 5, 5]","[[2, 10, 13, 14, 16], [4, 5, 7, 14, 15], [6, 6, 8, 10, 11], [1, 3, 5, 9, 10]]",0.4,1,2,2,,CHP,"[[1, 1, 3], [3, 2], [5], [3, 2]]",8,23,150,0.8466666666666667,0.002083,20,0.0055650100111961365,0.02981400489807129,0.03546444755440521,OPTIMAL,5.75,,,0.0,316.0,4.7,94,16.15,323,,,,,5.75,,False,,,False,
10453168157447187593,15,20,4,"[5, 5, 5, 5]","[[2, 10, 13, 14, 16], [4, 5, 7, 14, 15], [6, 6, 8, 10, 11], [1, 3, 5, 9, 10]]",0.4,1,2,2,2,PP,"[[1, 1, 2, 1], [2, 1, 2], [2, 2, 1], [2, 1, 2]]",13,63,150,0.5800000000000001,0.002534,20,0.007372491993010044,0.3637661933898926,0.3712250160628762,OPTIMAL,5.5,,,0.0,13874.0,1.6,32,8.5,170,,5.75,5.5,,5.75,5.5,False,,,False,
10453168157447187593,15,20,4,"[5, 5, 5, 5]","[[2, 10, 13, 14, 16], [4, 5, 7, 14, 15], [6, 6, 8, 10, 11], [1, 3, 5, 9, 10]]",0.4,1,2,2,3,PP,"[[1, 1, 3], [3, 2], [3, 2], [3, 2]]",9,30,150,0.8,0.001743,20,0.005134640261530876,0.056159019470214844,0.06135561739280748,OPTIMAL,5.75,,,0.0,789.0,3.95,79,11.05,221,,5.75,5.75,,5.75,5.75,False,,,False,
10453168157447187593,15,20,4,"[5, 5, 5, 5]","[[2, 10, 13, 14, 16], [4, 5, 7, 14, 15], [6, 6, 8, 10, 11], [1, 3, 5, 9, 10]]",0.4,1,2,2,4,PP,"[[1, 1, 3], [3, 2], [4, 1], [3, 2]]",9,30,150,0.8,0.004753,20,0.005414552986621857,0.0542750358581543,0.05975955118880558,OPTIMAL,5.75,,,0.0,694.0,4.7,94,12.75,255,,5.75,5.75,,5.75,5.75,False,,,False,
10453168157447187593,15,20,4,"[5, 5, 5, 5]","[[2, 10, 13, 14, 16], [4, 5, 7, 14, 15], [6, 6, 8, 10, 11], [1, 3, 5, 9, 10]]",0.4,1,2,2,5,PP,"[[1, 1, 3], [3, 2], [5], [3, 2]]",8,23,150,0.8466666666666667,0.004156,20,0.005041520111262798,0.023144960403442383,0.02825398135094023,OPTIMAL,5.75,,,0.0,316.0,4.7,94,13.6,272,,5.75,5.75,,5.75,5.75,False,,,False,
10453168157447187593,15,20,4,"[5, 5, 5, 5]","[[2, 10, 13, 14, 16], [4, 5, 7, 14, 15], [6, 6, 8, 10, 11], [1, 3, 5, 9, 10]]",0.4,1,2,3,,CHP,"[[1, 4], [3, 2], [5], [3, 2]]",7,18,150,0.88,0.0016475,20,0.004747254773974419,0.015206098556518555,0.020020200861296654,OPTIMAL,5.75,,,0.0,125.0,6.4,128,34.2,684,,,,,5.75,,False,,,False,
10453168157447187593,15,20,4,"[5, 5, 5, 5]","[[2, 10, 13, 14, 16], [4, 5, 7, 14, 15], [6, 6, 8, 10, 11], [1, 3, 5, 9, 10]]",0.4,1,2,3,2,PP,"[[1, 2, 2], [2, 1, 2], [2, 2, 1], [2, 1, 2]]",12,54,150,0.64,0.002874,20,0.007374034263193607,0.2014760971069336,0.2089365273099413,OPTIMAL,5.5,,,0.0,7000.0,4.0,80,18.0,360,,5.75,5.5,,5.75,5.5,False,,,False,
10453168157447187593,15,20,4,"[5, 5, 5, 5]","[[2, 10, 13, 14, 16], [4, 5, 7, 14, 15], [6, 6, 8, 10, 11], [1, 3, 5, 9, 10]]",0.4,1,2,3,3,PP,"[[1, 3, 1], [3, 2], [3, 2], [3, 2]]",9,30,150,0.8,0.002288,20,0.006853547878563404,0.07245206832885742,0.07940452892453718,OPTIMAL,5.75,,,0.0,755.0,4.95,99,23.4,468,,5.75,5.75,,5.75,5.75,False,,,False,
10453168157447187593,15,20,4,"[5, 5, 5, 5]","[[2, 10, 13, 14, 16], [4, 5, 7, 14, 15], [6, 6, 8, 10, 11], [1, 3, 5, 9, 10]]",0.4,1,2,3,4,PP,"[[1, 4], [3, 2], [4, 1], [3, 2]]",8,24,150,0.84,0.0029345,20,0.006964065134525299,0.03153109550476074,0.03857578048052502,OPTIMAL,5.75,,,0.0,313.0,6.4,128,27.0,540,,5.75,5.75,,5.75,5.75,False,,,False,
10453168157447187593,15,20,4,"[5, 5, 5, 5]","[[2, 10, 13, 14, 16], [4, 5, 7, 14, 15], [6, 6, 8, 10, 11], [1, 3, 5, 9, 10]]",0.4,1,2,3,5,PP,"[[1, 4], [3, 2], [5], [3, 2]]",7,18,150,0.88,0.0028995,20,0.006764122284948826,0.01976799964904785,0.02662041626350832,OPTIMAL,5.75,,,0.0,125.0,6.4,128,28.8,576,,5.75,5.75,,5.75,5.75,False,,,False,
10453168157447187593,15,20,4,"[5, 5, 5, 5]","[[2, 10, 13, 14, 16], [4, 5, 7, 14, 15], [6, 6, 8, 10, 11], [1, 3, 5, 9, 10]]",0.4,1,2,4,,CHP,"[[1, 4], [3, 2], [5], [5]]",6,13,150,0.9133333333333333,0.002118,20,0.006520614959299564,0.007819175720214844,0.01443918625375557,OPTIMAL,6.6,,,0.0,1.0,8.85,177,52.25,1045,,,,,6.6,,False,,,False,
10453168157447187593,15,20,4,"[5, 5, 5, 5]","[[2, 10, 13, 14, 16], [4, 5, 7, 14, 15], [6, 6, 8, 10, 11], [1, 3, 5, 9, 10]]",0.4,1,2,4,2,PP,"[[1, 2, 2], [2, 1, 2], [2, 2, 1], [2, 2, 1]]",12,54,150,0.64,0.003085,20,0.008519476279616356,0.18567895889282227,0.19430548650541069,OPTIMAL,5.5,,,0.0,5826.0,6.45,129,27.5,550,,6.6,5.5,,6.6,5.5,False,,,False,
10453168157447187593,15,20,4,"[5, 5, 5, 5]","[[2, 10, 13, 14, 16], [4, 5, 7, 14, 15], [6, 6, 8, 10, 11], [1, 3, 5, 9, 10]]",0.4,1,2,4,3,PP,"[[1, 3, 1], [3, 2], [3, 2], [3, 2]]",9,30,150,0.8,0.004798,20,0.005628236569464207,0.05500292778015137,0.06070709769918728,OPTIMAL,5.75,,,0.0,755.0,4.95,99,35.75,715,,6.6,5.75,,6.6,5.75,False,,,False,
10453168157447187593,15,20,4,"[5, 5, 5, 5]","[[2, 10, 13, 14, 16], [4, 5, 7, 14, 15], [6, 6, 8, 10, 11], [1, 3, 5, 9, 10]]",0.4,1,2,4,4,PP,"[[1, 4], [3, 2], [4, 1], [4, 1]]",8,24,150,0.84,0.001762,20,0.004951183684170246,0.025529146194458008,0.030548818347131728,OPTIMAL,6.6,,,0.0,132.0,8.85,177,41.25,825,,6.6,6.6,,6.6,6.6,False,,,False,
10453168157447187593,15,20,4,"[5, 5, 5, 5]","[[2, 10, 13, 14, 16], [4, 5, 7, 14, 15], [6, 6, 8, 10, 11], [1, 3, 5, 9, 10]]",0.4,1,2,4,5,PP,"[[1, 4], [3, 2], [5], [5]]",6,13,150,0.9133333333333333,0.001788,20,0.0048241810873150826,0.006322145462036133,0.011208304064703465,OPTIMAL,6.6,,,0.0,1.0,8.85,177,44.0,880,,6.6,6.6,,6.6,6.6,False,,,False,
2812219925440970255,16,20,4,"[5, 5, 5, 5]","[[4, 9, 9, 13, 14], [7, 12, 12, 13, 13], [4, 4, 6, 6, 6], [3, 7, 8, 10, 11]]",0.4,1,2,,1,NP,"[[1, 1, 1, 1, 1], [1, 1, 1, 1, 1], [1, 1, 1, 1, 1], [1, 1, 1, 1, 1]]",20,150,150,0.0,0.001382,20,0.007979799062013626,14.261354923248291,14.26941141850427,OPTIMAL,6.25,0.0,np_gurobi_optimal,0.0,197638.0,0.0,0,0.0,0,6.25,,,6.25,,,False,,,False,
2812219925440970255,16,20,4,"[5, 5, 5, 5]","[[4, 9, 9, 13, 14], [7, 12, 12, 13, 13], [4, 4, 6, 6, 6], [3, 7, 8, 10, 11]]",0.4,1,2,2,,CHP,"[[1, 2, 2], [1, 4], [5], [1, 4]]",8,23,150,0.8466666666666667,0.002153,20,0.005843671038746834,0.028825998306274414,0.034762166222694395,OPTIMAL,6.25,0.0,np_gurobi_optimal,0.0,198.0,1.55,31,16.15,323,6.25,,,6.25,6.25,,False,,,False,
2812219925440970255,16,20,4,"[5, 5, 5, 5]","[[4, 9, 9, 13, 14], [7, 12, 12, 13, 13], [4, 4, 6, 6, 6], [3, 7, 8, 10, 11]]",0.4,1,2,2,2,PP,"[[1, 2, 2], [1, 2, 2], [2, 2, 1], [1, 2, 2]]",12,54,150,0.64,0.0029645,20,0.008436820469796658,0.40070509910583496,0.4092474171031613,OPTIMAL,6.25,0.0,np_gurobi_optimal,0.0,9711.0,0.0,0,8.5,170,6.25,6.25,6.25,6.25,6.25,6.25,True,True,8.5,True,True
2812219925440970255,16,20,4,"[5, 5, 5, 5]","[[4, 9, 9, 13, 14], [7, 12, 12, 13, 13], [4, 4, 6, 6, 6], [3, 7, 8, 10, 11]]",0.4,1,2,2,3,PP,"[[1, 2, 2], [1, 3, 1], [3, 2], [1, 3, 1]]",11,45,150,0.7,0.002334,20,0.006436026655137539,0.11432600021362305,0.12084885045272971,OPTIMAL,6.25,0.0,np_gurobi_optimal,0.0,2176.0,1.55,31,11.05,221,6.25,6.25,6.25,6.25,6.25,6.25,True,True,11.05,True,True
2812219925440970255,16,20,4,"[5, 5, 5, 5]","[[4, 9, 9, 13, 14], [7, 12, 12, 13, 13], [4, 4, 6, 6, 6], [3, 7, 8, 10, 11]]",0.4,1,2,2,4,PP,"[[1, 2, 2], [1, 4], [4, 1], [1, 4]]",9,30,150,0.8,0.002423,20,0.006132989190518856,0.056253910064697266,0.06247382674034643,OPTIMAL,6.25,0.0,np_gurobi_optimal,0.0,675.0,1.55,31,12.75,255,6.25,6.25,6.25,6.25,6.25,6.25,True,True,12.75,True,True
2812219925440970255,16,20,4,"[5, 5, 5, 5]","[[4, 9, 9, 13, 14], [7, 12, 12, 13, 13], [4, 4, 6, 6, 6], [3, 7, 8, 10, 11]]",0.4,1,2,2,5,PP,"[[1, 2, 2], [1, 4], [5], [1, 4]]",8,23,150,0.8466666666666667,0.0023685,20,0.005903742276132107,0.026530981063842773,0.03252145476407385,OPTIMAL,6.25,0.0,np_gurobi_optimal,0.0,198.0,1.55,31,13.6,272,6.25,6.25,6.25,6.25,6.25,6.25,True,True,13.6,True,True
2812219925440970255,16,20,4,"[5, 5, 5, 5]","[[4, 9, 9, 13, 14], [7, 12, 12, 13, 13], [4, 4, 6, 6, 6], [3, 7, 8, 10, 11]]",0.4,1,2,3,,CHP,"[[1, 2, 2], [1, 4], [5], [1, 4]]",8,23,150,0.8466666666666667,0.002033,20,0.005512211471796036,0.02292609214782715,0.028504159224339007,OPTIMAL,6.25,0.0,np_gurobi_optimal,0.0,198.0,1.55,31,34.2,684,6.25,,,6.25,6.25,,False,,,False,
2812219925440970255,16,20,4,"[5, 5, 5, 5]","[[4, 9, 9, 13, 14], [7, 12, 12, 13, 13], [4, 4, 6, 6, 6], [3, 7, 8, 10, 11]]",0.4,1,2,3,2,PP,"[[1, 2, 2], [1, 2, 2], [2, 2, 1], [1, 2, 2]]",12,54,150,0.64,0.0018275,20,0.005975350737571716,0.3718900680541992,0.37794315094424724,OPTIMAL,6.25,0.0,np_gurobi_optimal,0.0,9711.0,0.0,0,18.0,360,6.25,6.25,6.25,6.25,6.25,6.25,True,True,18.0,True,True
2812219925440970255,16,20,4,"[5, 5, 5, 5]","[[4, 9, 9, 13, 14], [7, 12, 12, 13, 13], [4, 4, 6, 6, 6], [3, 7, 8, 10, 11]]",0.4,1,2,3,3,PP,"[[1, 2, 2], [1, 3, 1], [3, 2], [1, 3, 1]]",11,45,150,0.7,0.0042965,20,0.0057082464918494225,0.10689616203308105,0.11268415984860325,OPTIMAL,6.25,0.0,np_gurobi_optimal,0.0,2176.0,1.55,31,23.4,468,6.25,6.25,6.25,6.25,6.25,6.25,True,True,23.4,True,True
2812219925440970255,16,20,4,"[5, 5, 5, 5]","[[4, 9, 9, 13, 14], [7, 12, 12, 13, 13], [4, 4, 6, 6, 6], [3, 7, 8, 10, 11]]",0.4,1,2,3,4,PP,"[[1, 2, 2], [1, 4], [4, 1], [1, 4]]",9,30,150,0.8,0.0018125,20,0.005261301063001156,0.05142998695373535,0.05676150336587429,OPTIMAL,6.25,0.0,np_gurobi_optimal,0.0,675.0,1.55,31,27.0,540,6.25,6.25,6.25,6.25,6.25,6.25,True,True,27.0,True,True
2812219925440970255,16,20,4,"[5, 5, 5, 5]","[[4, 9, 9, 13, 14], [7, 12, 12, 13, 13], [4, 4, 6, 6, 6], [3, 7, 8, 10, 11]]",0.4,1,2,3,5,PP,"[[1, 2, 2], [1, 4], [5], [1, 4]]",8,23,150,0.8466666666666667,0.004312,20,0.005199829116463661,0.023220062255859375,0.0284946504745121,OPTIMAL,6.25,0.0,np_gurobi_optimal,0.0,198.0,1.55,31,28.8,576,6.25,6.25,6.25,6.25,6.25,6.25,True,True,28.8,True,True
2812219925440970255,16,20,4,"[5, 5, 5, 5]","[[4, 9, 9, 13, 14], [7, 12, 12, 13, 13], [4, 4, 6, 6, 6], [3, 7, 8, 10, 11]]",0.4,1,2,4,,CHP,"[[1, 4], [1, 4], [5], [5]]",6,13,150,0.9133333333333333,0.0016325,20,0.0046347444877028465,0.00522613525390625,0.009923498037762641,OPTIMAL,6.45,0.20000000000000018,np_gurobi_optimal,0.0,1.0,6.75,135,52.25,1045,6.25,,,6.25,6.45,,False,,,False,
2812219925440970255,16,20,4,"[5, 5, 5, 5]","[[4, 9, 9, 13, 14], [7, 12, 12, 13, 13], [4, 4, 6, 6, 6], [3, 7, 8, 10, 11]]",0.4,1,2,4,2,PP,"[[1, 2, 2], [1, 2, 2], [2, 2, 1], [2, 2, 1]]",12,54,150,0.64,0.001853,20,0.005185897462069988,0.1891939640045166,0.19444698900319624,OPTIMAL,6.45,0.20000000000000018,np_gurobi_optimal,0.0,5771.0,3.5,70,27.5,550,6.25,6.45,6.45,6.25,6.45,6.45,True,True,27.3,True,True
2812219925440970255,16,20,4,"[5, 5, 5, 5]","[[4, 9, 9, 13, 14], [7, 12, 12, 13, 13], [4, 4, 6, 6, 6], [3, 7, 8, 10, 11]]",0.4,1,2,4,3,PP,"[[1, 3, 1], [1, 3, 1], [3, 2], [3, 2]]",10,37,150,0.7533333333333333,0.001738,20,0.0051115453243255615,0.04466509819030762,0.04984246209570217,OPTIMAL,6.45,0.20000000000000018,np_gurobi_optimal,0.0,666.0,6.0,120,35.75,715,6.25,6.45,6.45,6.25,6.45,6.45,True,True,35.55,True,True
2812219925440970255,16,20,4,"[5, 5, 5, 5]","[[4, 9, 9, 13, 14], [7, 12, 12, 13, 13], [4, 4, 6, 6, 6], [3, 7, 8, 10, 11]]",0.4,1,2,4,4,PP,"[[1, 4], [1, 4], [4, 1], [4, 1]]",8,24,150,0.84,0.001673,20,0.0046190498396754265,0.021198034286499023,0.025877778763018132,OPTIMAL,6.45,0.20000000000000018,np_gurobi_optimal,0.0,245.0,6.75,135,41.25,825,6.25,6.45,6.45,6.25,6.45,6.45,True,True,41.05,True,True
2812219925440970255,16,20,4,"[5, 5, 5, 5]","[[4, 9, 9, 13, 14], [7, 12, 12, 13, 13], [4, 4, 6, 6, 6], [3, 7, 8, 10, 11]]",0.4,1,2,4,5,PP,"[[1, 4], [1, 4], [5], [5]]",6,13,150,0.9133333333333333,0.0016875,20,0.004535243846476078,0.005125999450683594,0.009718913528442383,OPTIMAL,6.45,0.20000000000000018,np_gurobi_optimal,0.0,1.0,6.75,135,44.0,880,6.25,6.45,6.45,6.25,6.45,6.45,True,True,43.8,True,True
5157644480829749526,17,20,4,"[5, 5, 5, 5]","[[1, 5, 6, 15, 19], [3, 4, 4, 5, 7], [6, 11, 12, 13, 13], [1, 2, 5, 9, 10]]",0.4,1,2,,1,NP,"[[1, 1, 1, 1, 1], [1, 1, 1, 1, 1], [1, 1, 1, 1, 1], [1, 1, 1, 1, 1]]",20,150,150,0.0,0.001257,20,0.007454936392605305,12.520501136779785,12.52803646278891,OPTIMAL,5.05,0.0,np_gurobi_optimal,0.0,184112.0,0.0,0,0.0,0,5.05,,,5.05,,,False,,,False,
5157644480829749526,17,20,4,"[5, 5, 5, 5]","[[1, 5, 6, 15, 19], [3, 4, 4, 5, 7], [6, 11, 12, 13, 13], [1, 2, 5, 9, 10]]",0.4,1,2,2,,CHP,"[[1, 2, 1, 1], [5], [1, 4], [2, 1, 2]]",10,35,150,0.7666666666666666,0.0015825,20,0.005266529507935047,0.048502206802368164,0.05383923761214733,OPTIMAL,5.05,0.0,np_gurobi_optimal,0.0,526.0,0.7,14,16.15,323,5.05,,,5.05,5.05,,False,,,False,
5157644480829749526,17,20,4,"[5, 5, 5, 5]","[[1, 5, 6, 15, 19], [3, 4, 4, 5, 7], [6, 11, 12, 13, 13], [1, 2, 5, 9, 10]]",0.4,1,2,2,2,PP,"[[1, 2, 1, 1], [2, 2, 1], [1, 2, 2], [2, 1, 2]]",13,63,150,0.5800000000000001,0.001963,20,0.005898564122617245,0.18427109718322754,0.19023625343591022,OPTIMAL,5.05,0.0,np_gurobi_optimal,0.0,5772.0,0.0,0,8.5,170,5.05,5.05,5.05,5.05,5.05,5.05,True,True,8.5,True,True
5157644480829749526,17,20,4,"[5, 5, 5, 5]","[[1, 5, 6, 15, 19], [3, 4, 4, 5, 7], [6, 11, 12, 13, 13], [1, 2, 5, 9, 10]]",0.4,1,2,2,3,PP,"[[1, 2, 1, 1], [3, 2], [1, 3, 1], [2, 1, 2]]",12,53,150,0.6466666666666667,0.001697,20,0.005453702062368393,0.08844399452209473,0.09396784672501993,OPTIMAL,5.05,0.0,np_gurobi_optimal,0.0,2545.0,0.7,14,11.05,221,5.05,5.05,5.05,5.05,5.05,5.05,True,True,11.05,True,True
5157644480829749526,17,20,4,"[5, 5, 5, 5]","[[1, 5, 6, 15, 19], [3, 4, 4, 5, 7], [6, 11, 12, 13, 13], [1, 2, 5, 9, 10]]",0.4,1,2,2,4,PP,"[[1, 2, 1, 1], [4, 1], [1, 4], [2, 1, 2]]",11,44,150,0.7066666666666667,0.0017875,20,0.00537053681910038,0.05956292152404785,0.06500049895933867,OPTIMAL,5.05,0.0,np_gurobi_optimal,0.0,961.0,0.0,0,12.75,255,5.05,5.05,5.05,5.05,5.05,5.05,True,True,12.75,True,True
5157644480829749526,17,20,4,"[5, 5, 5, 5]","[[1, 5, 6, 15, 19], [3, 4, 4, 5, 7], [6, 11, 12, 13, 13], [1, 2, 5, 9, 10]]",0.4,1,2,2,5,PP,"[[1, 2, 1, 1], [5], [1, 4], [2, 1, 2]]",10,35,150,0.7666666666666666,0.0017125,20,0.005243474617600441,0.04591488838195801,0.05122693980380297,OPTIMAL,5.05,0.0,np_gurobi_optimal,0.0,526.0,0.7,14,13.6,272,5.05,5.05,5.05,5.05,5.05,5.05,True,True,13.6,True,True
5157644480829749526,17,20,4,"[5, 5, 5, 5]","[[1, 5, 6, 15, 19], [3, 4, 4, 5, 7], [6, 11, 12, 13, 13], [1, 2, 5, 9, 10]]",0.4,1,2,3,,CHP,"[[1, 2, 1, 1], [5], [1, 4], [3, 2]]",9,28,150,0.8133333333333334,0.002684,20,0.00692847091704607,0.022249937057495117,0.029254222217067718,OPTIMAL,5.25,0.20000000000000018,np_gurobi_optimal,0.0,154.0,2.4,48,34.2,684,5.05,,,5.05,5.25,,False,,,False,
5157644480829749526,17,20,4,"[5, 5, 5, 5]","[[1, 5, 6, 15, 19], [3, 4, 4, 5, 7], [6, 11, 12, 13, 13], [1, 2, 5, 9, 10]]",0.4,1,2,3,2,PP,"[[1, 2, 1, 1], [2, 2, 1], [1, 2, 2], [2, 1, 2]]",13,63,150,0.5800000000000001,0.0017675,20,0.006050554104149342,0.17858099937438965,0.1847000502410102,OPTIMAL,5.05,0.0,np_gurobi_optimal,0.0,5772.0,0.0,0,18.0,360,5.05,5.25,5.05,5.05,5.25,5.05,True,True,18.0,True,True
5157644480829749526,17,20,4,"[5, 5, 5, 5]","[[1, 5, 6, 15, 19], [3, 4, 4, 5, 7], [6, 11, 12, 13, 13], [1, 2, 5, 9, 10]]",0.4,1,2,3,3,PP,"[[1, 2, 1, 1], [3, 2], [1, 3, 1], [3, 2]]",11,44,150,0.7066666666666667,0.001742,20,0.005389595404267311,0.052160024642944336,0.05761848805309963,OPTIMAL,5.25,0.20000000000000018,np_gurobi_optimal,0.0,613.0,2.4,48,23.4,468,5.05,5.25,5.25,5.05,5.25,5.25,True,True,23.2,True,True
5157644480829749526,17,20,4,"[5, 5, 5, 5]","[[1, 5, 6, 15, 19], [3, 4, 4, 5, 7], [6, 11, 12, 13, 13], [1, 2, 5, 9, 10]]",0.4,1,2,3,4,PP,"[[1, 2, 1, 1], [4, 1], [1, 4], [3, 2]]",10,36,150,0.76,0.002008,20,0.005405549891293049,0.04212594032287598,0.047603759051843164,OPTIMAL,5.25,0.20000000000000018,np_gurobi_optimal,0.0,569.0,1.7,34,27.0,540,5.05,5.25,5.25,5.05,5.25,5.25,True,True,26.8,True,True
5157644480829749526,17,20,4,"[5, 5, 5, 5]","[[1, 5, 6, 15, 19], [3, 4, 4, 5, 7], [6, 11, 12, 13, 13], [1, 2, 5, 9, 10]]",0.4,1,2,3,5,PP,"[[1, 2, 1, 1], [5], [1, 4], [3, 2]]",9,28,150,0.8133333333333334,0.0028695,20,0.0067014675587415695,0.02176499366760254,0.028553328571993827,OPTIMAL,5.25,0.20000000000000018,np_gurobi_optimal,0.0,154.0,2.4,48,28.8,576,5.05,5.25,5.25,5.05,5.25,5.25,True,True,28.6,True,True
5157644480829749526,17,20,4,"[5, 5, 5, 5]","[[1, 5, 6, 15, 19], [3, 4, 4, 5, 7], [6, 11, 12, 13, 13], [1, 2, 5, 9, 10]]",0.4,1,2,4,,CHP,"[[3, 2], [5], [1, 4], [5]]",6,13,150,0.9133333333333333,0.003991,20,0.005095832049846649,0.004662990570068359,0.00982058635318613,OPTIMAL,6.45,1.4000000000000004,np_gurobi_optimal,0.0,1.0,9.9,198,52.25,1045,5.05,,,5.05,6.45,,False,,,False,
5157644480829749526,17,20,4,"[5, 5, 5, 5]","[[1, 5, 6, 15, 19], [3, 4, 4, 5, 7], [6, 11, 12, 13, 13], [1, 2, 5, 9, 10]]",0.4,1,2,4,2,PP,"[[2, 1, 2], [2, 2, 1], [1, 2, 2], [2, 2, 1]]",12,54,150,0.64,0.004662,20,0.0052413614466786385,0.12425398826599121,0.12956027945911835,OPTIMAL,5.05,0.0,np_gurobi_optimal,0.0,3270.0,7.5,150,27.5,550,5.05,6.45,5.05,5.05,6.45,5.05,True,True,27.5,True,True
5157644480829749526,17,20,4,"[5, 5, 5, 5]","[[1, 5, 6, 15, 19], [3, 4, 4, 5, 7], [6, 11, 12, 13, 13], [1, 2, 5, 9, 10]]",0.4,1,2,4,3,PP,"[[3, 2], [3, 2], [1, 3, 1], [3, 2]]",9,30,150,0.8,0.0044515,20,0.00499324593693018,0.3231971263885498,0.3282624769599452,OPTIMAL,6.45,1.4000000000000004,np_gurobi_optimal,0.0,703.0,7.45,149,35.75,715,5.05,6.45,6.45,5.05,6.45,6.45,True,True,34.35,True,True
5157644480829749526,17,20,4,"[5, 5, 5, 5]","[[1, 5, 6, 15, 19], [3, 4, 4, 5, 7], [6, 11, 12, 13, 13], [1, 2, 5, 9, 10]]",0.4,1,2,4,4,PP,"[[3, 2], [4, 1], [1, 4], [4, 1]]",8,24,150,0.84,0.002479,20,0.006095091812312603,0.02359294891357422,0.029768414614705085,OPTIMAL,6.45,1.4000000000000004,np_gurobi_optimal,0.0,196.0,9.2,184,41.25,825,5.05,6.45,6.45,5.05,6.45,6.45,True,True,39.85,True,True
5157644480829749526,17,20,4,"[5, 5, 5, 5]","[[1, 5, 6, 15, 19], [3, 4, 4, 5, 7], [6, 11, 12, 13, 13], [1, 2, 5, 9, 10]]",0.4,1,2,4,5,PP,"[[3, 2], [5], [1, 4], [5]]",6,13,150,0.9133333333333333,0.002439,20,0.005716869607567787,0.005089998245239258,0.010883512772907257,OPTIMAL,6.45,1.4000000000000004,np_gurobi_optimal,0.0,1.0,9.9,198,44.0,880,5.05,6.45,6.45,5.05,6.45,6.45,True,True,42.6,True,True
2457942807858463785,18,20,4,"[5, 5, 5, 5]","[[3, 8, 11, 15, 16], [8, 13, 13, 21, 23], [1, 2, 6, 6, 8], [3, 3, 4, 4, 5]]",0.4,1,2,,1,NP,"[[1, 1, 1, 1, 1], [1, 1, 1, 1, 1], [1, 1, 1, 1, 1], [1, 1, 1, 1, 1]]",20,150,150,0.0,0.0018175,20,0.009860211983323097,2.2551400661468506,2.2650824240648793,OPTIMAL,4.15,0.0,np_gurobi_optimal,0.0,44912.0,0.0,0,0.0,0,4.15,,,4.15,,,False,,,False,
2457942807858463785,18,20,4,"[5, 5, 5, 5]","[[3, 8, 11, 15, 16], [8, 13, 13, 21, 23], [1, 2, 6, 6, 8], [3, 3, 4, 4, 5]]",0.4,1,2,2,,CHP,"[[1, 1, 1, 2], [1, 2, 2], [2, 3], [5]]",10,35,150,0.7666666666666666,0.001938,20,0.005393211729824543,0.02491903305053711,0.03038093998251009,OPTIMAL,4.15,0.0,np_gurobi_optimal,0.0,195.0,1.4,28,16.15,323,4.15,,,4.15,4.15,,False,,,False,
2457942807858463785,18,20,4,"[5, 5, 5, 5]","[[3, 8, 11, 15, 16], [8, 13, 13, 21, 23], [1, 2, 6, 6, 8], [3, 3, 4, 4, 5]]",0.4,1,2,2,2,PP,"[[1, 1, 1, 2], [1, 2, 2], [2, 2, 1], [2, 2, 1]]",13,63,150,0.5800000000000001,0.001868,20,0.005880407057702541,0.12728190422058105,0.13323341100451278,OPTIMAL,4.15,0.0,np_gurobi_optimal,0.0,2225.0,0.7,14,8.5,170,4.15,4.15,4.15,4.15,4.15,4.15,True,True,8.5,True,True
2457942807858463785,18,20,4,"[5, 5, 5, 5]","[[3, 8, 11, 15, 16], [8, 13, 13, 21, 23], [1, 2, 6, 6, 8], [3, 3, 4, 4, 5]]",0.4,1,2,2,3,PP,"[[1, 1, 1, 2], [1, 2, 2], [2, 3], [3, 2]]",11,44,150,0.7066666666666667,0.0017025,20,0.005403785966336727,0.05552506446838379,0.0610043453475976,OPTIMAL,4.15,0.0,np_gurobi_optimal,0.0,748.0,1.4,28,11.05,221,4.15,4.15,4.15,4.15,4.15,4.15,True,True,11.05,True,True
2457942807858463785,18,20,4,"[5, 5, 5, 5]","[[3, 8, 11, 15, 16], [8, 13, 13, 21, 23], [1, 2, 6, 6, 8], [3, 3, 4, 4, 5]]",0.4,1,2,2,4,PP,"[[1, 1, 1, 2], [1, 2, 2], [2, 3], [4, 1]]",11,44,150,0.7066666666666667,0.00332,20,0.006763671524822712,0.052153825759887695,0.05900381675256014,OPTIMAL,4.15,0.0,np_gurobi_optimal,0.0,619.0,1.4,28,12.75,255,4.15,4.15,4.15,4.15,4.15,4.15,True,True,12.75,True,True
2457942807858463785,18,20,4,"[5, 5, 5, 5]","[[3, 8, 11, 15, 16], [8, 13, 13, 21, 23], [1, 2, 6, 6, 8], [3, 3, 4, 4, 5]]",0.4,1,2,2,5,PP,"[[1, 1, 1, 2], [1, 2, 2], [2, 3], [5]]",10,35,150,0.7666666666666666,0.004627,20,0.005744290538132191,0.023652076721191406,0.0294668024437685,OPTIMAL,4.15,0.0,np_gurobi_optimal,0.0,195.0,1.4,28,13.6,272,4.15,4.15,4.15,4.15,4.15,4.15,True,True,13.6,True,True
2457942807858463785,18,20,4,"[5, 5, 5, 5]","[[3, 8, 11, 15, 16], [8, 13, 13, 21, 23], [1, 2, 6, 6, 8], [3, 3, 4, 4, 5]]",0.4,1,2,3,,CHP,"[[1, 2, 2], [1, 2, 2], [2, 3], [5]]",9,29,150,0.8066666666666666,0.003876,20,0.005040538497269154,0.01760411262512207,0.022706507540596485,OPTIMAL,4.15,0.0,np_gurobi_optimal,0.0,132.0,3.1,62,34.2,684,4.15,,,4.15,4.15,,False,,,False,
2457942807858463785,18,20,4,"[5, 5, 5, 5]","[[3, 8, 11, 15, 16], [8, 13, 13, 21, 23], [1, 2, 6, 6, 8], [3, 3, 4, 4, 5]]",0.4,1,2,3,2,PP,"[[1, 2, 2], [1, 2, 2], [2, 2, 1], [2, 2, 1]]",12,54,150,0.64,0.001862,20,0.00561246182769537,0.09903192520141602,0.10471283021129323,OPTIMAL,4.15,0.0,np_gurobi_optimal,0.0,2113.0,2.4,48,18.0,360,4.15,4.15,4.15,4.15,4.15,4.15,True,True,18.0,True,True
2457942807858463785,18,20,4,"[5, 5, 5, 5]","[[3, 8, 11, 15, 16], [8, 13, 13, 21, 23], [1, 2, 6, 6, 8], [3, 3, 4, 4, 5]]",0.4,1,2,3,3,PP,"[[1, 2, 2], [1, 2, 2], [2, 3], [3, 2]]",10,37,150,0.7533333333333333,0.0017525,20,0.005228222347795963,0.03116607666015625,0.03645955187505722,OPTIMAL,4.15,0.0,np_gurobi_optimal,0.0,391.0,3.1,62,23.4,468,4.15,4.15,4.15,4.15,4.15,4.15,True,True,23.4,True,True
2457942807858463785,18,20,4,"[5, 5, 5, 5]","[[3, 8, 11, 15, 16], [8, 13, 13, 21, 23], [1, 2, 6, 6, 8], [3, 3, 4, 4, 5]]",0.4,1,2,3,4,PP,"[[1, 2, 2], [1, 2, 2], [2, 3], [4, 1]]",10,37,150,0.7533333333333333,0.004457,20,0.0057321032509207726,0.028331995010375977,0.03413605007092428,OPTIMAL,4.15,0.0,np_gurobi_optimal,0.0,361.0,3.1,62,27.0,540,4.15,4.15,4.15,4.15,4.15,4.15,True,True,27.0,True,True
2457942807858463785,18,20,4,"[5, 5, 5, 5]","[[3, 8, 11, 15, 16], [8, 13, 13, 21, 23], [1, 2, 6, 6, 8], [3, 3, 4, 4, 5]]",0.4,1,2,3,5,PP,"[[1, 2, 2], [1, 2, 2], [2, 3], [5]]",9,29,150,0.8066666666666666,0.001883,20,0.005393771454691887,0.01865983009338379,0.024122807063026906,OPTIMAL,4.15,0.0,np_gurobi_optimal,0.0,132.0,3.1,62,28.8,576,4.15,4.15,4.15,4.15,4.15,4.15,True,True,28.8,True,True
2457942807858463785,18,20,4,"[5, 5, 5, 5]","[[3, 8, 11, 15, 16], [8, 13, 13, 21, 23], [1, 2, 6, 6, 8], [3, 3, 4, 4, 5]]",0.4,1,2,4,,CHP,"[[1, 4], [1, 2, 2], [5], [5]]",7,17,150,0.8866666666666667,0.0017075,20,0.004864431917667389,0.006891012191772461,0.01181766615637064,OPTIMAL,5.35,1.1999999999999993,np_gurobi_optimal,0.0,1.0,8.15,163,52.25,1045,4.15,,,4.15,5.35,,False,,,False,
2457942807858463785,18,20,4,"[5, 5, 5, 5]","[[3, 8, 11, 15, 16], [8, 13, 13, 21, 23], [1, 2, 6, 6, 8], [3, 3, 4, 4, 5]]",0.4,1,2,4,2,PP,"[[1, 2, 2], [1, 2, 2], [2, 2, 1], [2, 2, 1]]",12,54,150,0.64,0.004506,20,0.005236314609646797,0.09836983680725098,0.10367763720514155,OPTIMAL,4.15,0.0,np_gurobi_optimal,0.0,2113.0,2.4,48,27.5,550,4.15,5.35,4.15,4.15,5.35,4.15,True,True,27.5,True,True
2457942807858463785,18,20,4,"[5, 5, 5, 5]","[[3, 8, 11, 15, 16], [8, 13, 13, 21, 23], [1, 2, 6, 6, 8], [3, 3, 4, 4, 5]]",0.4,1,2,4,3,PP,"[[1, 3, 1], [1, 2, 2], [3, 2], [3, 2]]",10,37,150,0.7533333333333333,0.0018225,20,0.005232758820056915,0.04765796661376953,0.05295637240118742,OPTIMAL,5.35,1.1999999999999993,np_gurobi_optimal,0.0,868.0,8.15,163,35.75,715,4.15,5.35,5.35,4.15,5.35,5.35,True,True,34.55,True,True
2457942807858463785,18,20,4,"[5, 5, 5, 5]","[[3, 8, 11, 15, 16], [8, 13, 13, 21, 23], [1, 2, 6, 6, 8], [3, 3, 4, 4, 5]]",0.4,1,2,4,4,PP,"[[1, 4], [1, 2, 2], [4, 1], [4, 1]]",9,30,150,0.8,0.0016625,20,0.0049625905230641365,0.0294039249420166,0.03443150603750944,OPTIMAL,5.35,1.1999999999999993,np_gurobi_optimal,0.0,295.0,7.45,149,41.25,825,4.15,5.35,5.35,4.15,5.35,5.35,True,True,40.05,True,True
2457942807858463785,18,20,4,"[5, 5, 5, 5]","[[3, 8, 11, 15, 16], [8, 13, 13, 21, 23], [1, 2, 6, 6, 8], [3, 3, 4, 4, 5]]",0.4,1,2,4,5,PP,"[[1, 4], [1, 2, 2], [5], [5]]",7,17,150,0.8866666666666667,0.0017575,20,0.004808077588677406,0.006350040435791016,0.011220553052849769,OPTIMAL,5.35,1.1999999999999993,np_gurobi_optimal,0.0,1.0,8.15,163,44.0,880,4.15,5.35,5.35,4.15,5.35,5.35,True,True,42.8,True,True
11560438955554209192,19,20,4,"[5, 5, 5, 5]","[[4, 4, 4, 5, 5], [3, 6, 8, 10, 13], [3, 3, 8, 10, 15], [1, 3, 5, 8, 13]]",0.4,1,2,,1,NP,"[[1, 1, 1, 1, 1], [1, 1, 1, 1, 1], [1, 1, 1, 1, 1], [1, 1, 1, 1, 1]]",20,150,150,0.0,0.001332,20,0.007844826206564903,30.006290912628174,30.014211430423064,TIME_LIMIT,6.85,,,0.28002801355247925,368697.0,0.0,0,0.0,0,,,,,,,False,,,False,
11560438955554209192,19,20,4,"[5, 5, 5, 5]","[[4, 4, 4, 5, 5], [3, 6, 8, 10, 13], [3, 3, 8, 10, 15], [1, 3, 5, 8, 13]]",0.4,1,2,2,,CHP,"[[5], [1, 3, 1], [2, 2, 1], [3, 1, 1]]",10,36,150,0.76,0.001693,20,0.00524942297488451,0.06161093711853027,0.06694516245732832,OPTIMAL,7.7,,,0.0,1649.0,3.95,79,16.15,323,,,,,7.7,,False,,,False,
11560438955554209192,19,20,4,"[5, 5, 5, 5]","[[4, 4, 4, 5, 5], [3, 6, 8, 10, 13], [3, 3, 8, 10, 15], [1, 3, 5, 8, 13]]",0.4,1,2,2,2,PP,"[[2, 2, 1], [1, 2, 1, 1], [2, 2, 1], [2, 1, 1, 1]]",14,73,150,0.5133333333333333,0.0017275,20,0.005966647528111935,0.40341901779174805,0.40946208861563443,OPTIMAL,7.0,,,0.0,14563.0,2.4,48,8.5,170,,7.7,7.0,,7.7,7.0,False,,,False,
11560438955554209192,19,20,4,"[5, 5, 5, 5]","[[4, 4, 4, 5, 5], [3, 6, 8, 10, 13], [3, 3, 8, 10, 15], [1, 3, 5, 8, 13]]",0.4,1,2,2,3,PP,"[[3, 2], [1, 3, 1], [2, 2, 1], [3, 1, 1]]",11,45,150,0.7,0.001833,20,0.005443085916340351,0.15630698204040527,0.1618226302496748,OPTIMAL,7.7,,,0.0,4294.0,3.95,79,11.05,221,,7.7,7.7,,7.7,7.7,False,,,False,
11560438955554209192,19,20,4,"[5, 5, 5, 5]","[[4, 4, 4, 5, 5], [3, 6, 8, 10, 13], [3, 3, 8, 10, 15], [1, 3, 5, 8, 13]]",0.4,1,2,2,4,PP,"[[4, 1], [1, 3, 1], [2, 2, 1], [3, 1, 1]]",11,45,150,0.7,0.0044215,20,0.005377957597374916,0.11884713172912598,0.12429657257113123,OPTIMAL,7.7,,,0.0,4037.0,3.95,79,12.75,255,,7.7,7.7,,7.7,7.7,False,,,False,
11560438955554209192,19,20,4,"[5, 5, 5, 5]","[[4, 4, 4, 5, 5], [3, 6, 8, 10, 13], [3, 3, 8, 10, 15], [1, 3, 5, 8, 13]]",0.4,1,2,2,5,PP,"[[5], [1, 3, 1], [2, 2, 1], [3, 1, 1]]",10,36,150,0.76,0.001738,20,0.0053513068705797195,0.05638694763183594,0.06181445453622389,OPTIMAL,7.7,,,0.0,1649.0,3.95,79,13.6,272,,7.7,7.7,,7.7,7.7,False,,,False,
11560438955554209192,19,20,4,"[5, 5, 5, 5]","[[4, 4, 4, 5, 5], [3, 6, 8, 10, 13], [3, 3, 8, 10, 15], [1, 3, 5, 8, 13]]",0.4,1,2,3,,CHP,"[[5], [5], [2, 2, 1], [4, 1]]",7,17,150,0.8866666666666667,0.004006,20,0.0050225406885147095,0.016381025314331055,0.021473052361744405,OPTIMAL,8.05,,,0.0,114.0,8.85,177,34.2,684,,,,,8.05,,False,,,False,
11560438955554209192,19,20,4,"[5, 5, 5, 5]","[[4, 4, 4, 5, 5], [3, 6, 8, 10, 13], [3, 3, 8, 10, 15], [1, 3, 5, 8, 13]]",0.4,1,2,3,2,PP,"[[2, 2, 1], [2, 2, 1], [2, 2, 1], [2, 2, 1]]",12,54,150,0.64,0.001688,20,0.005352049134671688,0.11723780632019043,0.12265652555618334,OPTIMAL,7.0,,,0.0,3167.0,5.75,115,18.0,360,,8.05,7.0,,8.05,7.0,False,,,False,
11560438955554209192,19,20,4,"[5, 5, 5, 5]","[[4, 4, 4, 5, 5], [3, 6, 8, 10, 13], [3, 3, 8, 10, 15], [1, 3, 5, 8, 13]]",0.4,1,2,3,3,PP,"[[3, 2], [3, 2], [2, 2, 1], [3, 1, 1]]",10,37,150,0.7533333333333333,0.001762,20,0.0053209103643894196,0.07719111442565918,0.08259189867702675,OPTIMAL,7.7,,,0.0,1676.0,6.5,130,23.4,468,,8.05,7.7,,8.05,7.7,False,,,False,
11560438955554209192,19,20,4,"[5, 5, 5, 5]","[[4, 4, 4, 5, 5], [3, 6, 8, 10, 13], [3, 3, 8, 10, 15], [1, 3, 5, 8, 13]]",0.4,1,2,3,4,PP,"[[4, 1], [4, 1], [2, 2, 1], [4, 1]]",9,30,150,0.8,0.0043415,20,0.0052658384665846825,0.04713797569274902,0.05247808494617128,OPTIMAL,8.05,,,0.0,603.0,7.35,147,27.0,540,,8.05,8.05,,8.05,8.05,False,,,False,
11560438955554209192,19,20,4,"[5, 5, 5, 5]","[[4, 4, 4, 5, 5], [3, 6, 8, 10, 13], [3, 3, 8, 10, 15], [1, 3, 5, 8, 13]]",0.4,1,2,3,5,PP,"[[5], [5], [2, 2, 1], [4, 1]]",7,17,150,0.8866666666666667,0.004422,20,0.005202902480959892,0.01819896697998047,0.023476515045711518,OPTIMAL,8.05,,,0.0,114.0,8.85,177,28.8,576,,8.05,8.05,,8.05,8.05,False,,,False,
11560438955554209192,19,20,4,"[5, 5, 5, 5]","[[4, 4, 4, 5, 5], [3, 6, 8, 10, 13], [3, 3, 8, 10, 15], [1, 3, 5, 8, 13]]",0.4,1,2,4,,CHP,"[[5], [5], [2, 2, 1], [4, 1]]",7,17,150,0.8866666666666667,0.0016325,20,0.004675205796957016,0.016813039779663086,0.021550098325617315,OPTIMAL,8.05,,,0.0,114.0,8.85,177,52.25,1045,,,,,8.05,,False,,,False,
11560438955554209192,19,20,4,"[5, 5, 5, 5]","[[4, 4, 4, 5, 5], [3, 6, 8, 10, 13], [3, 3, 8, 10, 15], [1, 3, 5, 8, 13]]",0.4,1,2,4,2,PP,"[[2, 2, 1], [2, 2, 1], [2, 2, 1], [2, 2, 1]]",12,54,150,0.64,0.001868,20,0.005586182698607445,0.11517715454101562,0.12083474057701159,OPTIMAL,7.0,,,0.0,3167.0,5.75,115,27.5,550,,8.05,7.0,,8.05,7.0,False,,,False,
11560438955554209192,19,20,4,"[5, 5, 5, 5]","[[4, 4, 4, 5, 5], [3, 6, 8, 10, 13], [3, 3, 8, 10, 15], [1, 3, 5, 8, 13]]",0.4,1,2,4,3,PP,"[[3, 2], [3, 2], [2, 2, 1], [3, 1, 1]]",10,37,150,0.7533333333333333,0.0016475,20,0.005931555293500423,0.08029603958129883,0.0863027535282588,OPTIMAL,7.7,,,0.0,1676.0,6.5,130,35.75,715,,8.05,7.7,,8.05,7.7,False,,,False,
11560438955554209192,19,20,4,"[5, 5, 5, 5]","[[4, 4, 4, 5, 5], [3, 6, 8, 10, 13], [3, 3, 8, 10, 15], [1, 3, 5, 8, 13]]",0.4,1,2,4,4,PP,"[[4, 1], [4, 1], [2, 2, 1], [4, 1]]",9,30,150,0.8,0.001788,20,0.005319119431078434,0.04797101020812988,0.053368921252322676,OPTIMAL,8.05,,,0.0,603.0,7.35,147,41.25,825,,8.05,8.05,,8.05,8.05,False,,,False,
11560438955554209192,19,20,4,"[5, 5, 5, 5]","[[4, 4, 4, 5, 5], [3, 6, 8, 10, 13], [3, 3, 8, 10, 15], [1, 3, 5, 8, 13]]",0.4,1,2,4,5,PP,"[[5], [5], [2, 2, 1], [4, 1]]",7,17,150,0.8866666666666667,0.0016925,20,0.004697419703006744,0.0160520076751709,0.020815157618408204,OPTIMAL,8.05,,,0.0,114.0,8.85,177,44.0,880,,8.05,8.05,,8.05,8.05,False,,,False,
