seed,replication,N,L,counts,releases,arrival_rate,h_F,h_S,threshold,max_platoon_size,method,partition,number_of_platoons,ordering_variable_count,vehicle_level_ordering_variable_count,dimension_reduction_ratio,formation_time_ms,formation_repetitions,model_build_time_s,solve_time_s,end_to_end_time_s,status,objective,actual_optimality_gap,actual_gap_reference,terminal_mip_gap,node_count,partition_specific_upper_bound,scaled_partition_specific_upper_bound,rule_level_upper_bound,scaled_rule_level_upper_bound,np_optimal_objective,matching_chp_objective,pp_optimal_objective,D_NP,D_CHP,D_PP,bound_check_available,bound_valid,bound_slack,delay_order_check_available,np_pp_chp_delay_order_holds
3627729236815471523,0,16,4,"[4, 4, 4, 4]","[[6, 12, 14, 16], [2, 6, 6, 10], [3, 10, 10, 11], [3, 4, 10, 15]]",0.4,1,2,,1,NP,"[[1, 1, 1, 1], [1, 1, 1, 1], [1, 1, 1, 1], [1, 1, 1, 1]]",16,96,96,0.0,0.001172,20,0.014940171502530575,1.283149003982544,1.2981726438043804,OPTIMAL,4.0,0.0,np_gurobi_optimal,0.0,36817.0,0.0,0,0.0,0,4.0,,,4.0,,,False,,,False,
3627729236815471523,0,16,4,"[4, 4, 4, 4]","[[6, 12, 14, 16], [2, 6, 6, 10], [3, 10, 10, 11], [3, 4, 10, 15]]",0.4,1,2,2,,CHP,"[[1, 3], [1, 2, 1], [1, 3], [2, 1, 1]]",10,37,96,0.6145833333333333,0.0015625,20,0.005216524936258793,0.050331830978393555,0.05561363950520754,OPTIMAL,4.0,0.0,np_gurobi_optimal,0.0,1208.0,1.4375,23,12.1875,195,4.0,,,4.0,4.0,,False,,,False,
3627729236815471523,0,16,4,"[4, 4, 4, 4]","[[6, 12, 14, 16], [2, 6, 6, 10], [3, 10, 10, 11], [3, 4, 10, 15]]",0.4,1,2,2,2,PP,"[[1, 2, 1], [1, 2, 1], [1, 2, 1], [2, 1, 1]]",12,54,96,0.4375,0.0017375,20,0.005631822161376476,0.12306618690490723,0.12876542064027785,OPTIMAL,4.0,0.0,np_gurobi_optimal,0.0,4260.0,0.75,12,6.5,104,4.0,4.0,4.0,4.0,4.0,4.0,True,True,6.5,True,True
3627729236815471523,0,16,4,"[4, 4, 4, 4]","[[6, 12, 14, 16], [2, 6, 6, 10], [3, 10, 10, 11], [3, 4, 10, 15]]",0.4,1,2,2,3,PP,"[[1, 3], [1, 2, 1], [1, 3], [2, 1, 1]]",10,37,96,0.6145833333333333,0.001663,20,0.0049901921302080154,0.05261588096618652,0.05767075776369619,OPTIMAL,4.0,0.0,np_gurobi_optimal,0.0,1208.0,1.4375,23,8.125,130,4.0,4.0,4.0,4.0,4.0,4.0,True,True,8.125,True,True
3627729236815471523,0,16,4,"[4, 4, 4, 4]","[[6, 12, 14, 16], [2, 6, 6, 10], [3, 10, 10, 11], [3, 4, 10, 15]]",0.4,1,2,2,4,PP,"[[1, 3], [1, 2, 1], [1, 3], [2, 1, 1]]",10,37,96,0.6145833333333333,0.001688,20,0.0048981038853526115,0.04993915557861328,0.05490550536308336,OPTIMAL,4.0,0.0,np_gurobi_optimal,0.0,1208.0,1.4375,23,9.75,156,4.0,4.0,4.0,4.0,4.0,4.0,True,True,9.75,True,True
3627729236815471523,0,16,4,"[4, 4, 4, 4]","[[6, 12, 14, 16], [2, 6, 6, 10], [3, 10, 10, 11], [3, 4, 10, 15]]",0.4,1,2,2,5,PP,"[[1, 3], [1, 2, 1], [1, 3], [2, 1, 1]]",10,37,96,0.6145833333333333,0.0029695,20,0.005284798331558704,0.047248125076293945,0.05259582258420658,OPTIMAL,4.0,0.0,np_gurobi_optimal,0.0,1208.0,1.4375,23,9.75,156,4.0,4.0,4.0,4.0,4.0,4.0,True,True,9.75,True,True
3627729236815471523,0,16,4,"[4, 4, 4, 4]","[[6, 12, 14, 16], [2, 6, 6, 10], [3, 10, 10, 11], [3, 4, 10, 15]]",0.4,1,2,3,,CHP,"[[1, 3], [1, 2, 1], [1, 3], [2, 1, 1]]",10,37,96,0.6145833333333333,0.0014425,20,0.0045854803174734116,0.049479007720947266,0.054128093526308534,OPTIMAL,4.0,0.0,np_gurobi_optimal,0.0,1208.0,1.4375,23,26.25,420,4.0,,,4.0,4.0,,False,,,False,
3627729236815471523,0,16,4,"[4, 4, 4, 4]","[[6, 12, 14, 16], [2, 6, 6, 10], [3, 10, 10, 11], [3, 4, 10, 15]]",0.4,1,2,3,2,PP,"[[1, 2, 1], [1, 2, 1], [1, 2, 1], [2, 1, 1]]",12,54,96,0.4375,0.002243,20,0.005464809946715832,0.12735199928283691,0.13288555331799318,OPTIMAL,4.0,0.0,np_gurobi_optimal,0.0,4260.0,0.75,12,14.0,224,4.0,4.0,4.0,4.0,4.0,4.0,True,True,14.0,True,True
3627729236815471523,0,16,4,"[4, 4, 4, 4]","[[6, 12, 14, 16], [2, 6, 6, 10], [3, 10, 10, 11], [3, 4, 10, 15]]",0.4,1,2,3,3,PP,"[[1, 3], [1, 2, 1], [1, 3], [2, 1, 1]]",10,37,96,0.6145833333333333,0.001522,20,0.0048011671751737595,0.0475468635559082,0.05240523837046337,OPTIMAL,4.0,0.0,np_gurobi_optimal,0.0,1208.0,1.4375,23,17.5,280,4.0,4.0,4.0,4.0,4.0,4.0,True,True,17.5,True,True
3627729236815471523,0,16,4,"[4, 4, 4, 4]","[[6, 12, 14, 16], [2, 6, 6, 10], [3, 10, 10, 11], [3, 4, 10, 15]]",0.4,1,2,3,4,PP,"[[1, 3], [1, 2, 1], [1, 3], [2, 1, 1]]",10,37,96,0.6145833333333333,0.0015425,20,0.004610288888216019,0.04622983932495117,0.050893394506316185,OPTIMAL,4.0,0.0,np_gurobi_optimal,0.0,1208.0,1.4375,23,21.0,336,4.0,4.0,4.0,4.0,4.0,4.0,True,True,21.0,True,True
3627729236815471523,0,16,4,"[4, 4, 4, 4]","[[6, 12, 14, 16], [2, 6, 6, 10], [3, 10, 10, 11], [3, 4, 10, 15]]",0.4,1,2,3,5,PP,"[[1, 3], [1, 2, 1], [1, 3], [2, 1, 1]]",10,37,96,0.6145833333333333,0.0037505,20,0.004767314530909061,0.04534316062927246,0.05016547820410776,OPTIMAL,4.0,0.0,np_gurobi_optimal,0.0,1208.0,1.4375,23,21.0,336,4.0,4.0,4.0,4.0,4.0,4.0,True,True,21.0,True,True
3627729236815471523,0,16,4,"[4, 4, 4, 4]","[[6, 12, 14, 16], [2, 6, 6, 10], [3, 10, 10, 11], [3, 4, 10, 15]]",0.4,1,2,4,,CHP,"[[1, 3], [4], [1, 3], [2, 1, 1]]",8,23,96,0.7604166666666666,0.001447,20,0.004281861707568169,0.021574974060058594,0.02590998700300169,OPTIMAL,4.5625,0.5625,np_gurobi_optimal,0.0,166.0,6.4375,103,40.3125,645,4.0,,,4.0,4.5625,,False,,,False,
3627729236815471523,0,16,4,"[4, 4, 4, 4]","[[6, 12, 14, 16], [2, 6, 6, 10], [3, 10, 10, 11], [3, 4, 10, 15]]",0.4,1,2,4,2,PP,"[[1, 2, 1], [2, 2], [1, 2, 1], [2, 1, 1]]",11,45,96,0.53125,0.0015475,20,0.0045700762420892715,0.05962395668029785,0.06424888560126782,OPTIMAL,4.375,0.375,np_gurobi_optimal,0.0,1845.0,5.75,92,21.5,344,4.0,4.5625,4.375,4.0,4.5625,4.375,True,True,21.125,True,True
3627729236815471523,0,16,4,"[4, 4, 4, 4]","[[6, 12, 14, 16], [2, 6, 6, 10], [3, 10, 10, 11], [3, 4, 10, 15]]",0.4,1,2,4,3,PP,"[[1, 3], [3, 1], [1, 3], [2, 1, 1]]",9,30,96,0.6875,0.003866,20,0.005124704912304878,0.032605886459350586,0.03779825110537147,OPTIMAL,4.125,0.125,np_gurobi_optimal,0.0,468.0,4.125,66,26.875,430,4.0,4.5625,4.125,4.0,4.5625,4.125,True,True,26.75,True,True
3627729236815471523,0,16,4,"[4, 4, 4, 4]","[[6, 12, 14, 16], [2, 6, 6, 10], [3, 10, 10, 11], [3, 4, 10, 15]]",0.4,1,2,4,4,PP,"[[1, 3], [4], [1, 3], [2, 1, 1]]",8,23,96,0.7604166666666666,0.0037855,20,0.004397396929562092,0.023007869720458984,0.027464461186597823,OPTIMAL,4.5625,0.5625,np_gurobi_optimal,0.0,166.0,6.4375,103,32.25,516,4.0,4.5625,4.5625,4.0,4.5625,4.5625,True,True,31.6875,True,True
3627729236815471523,0,16,4,"[4, 4, 4, 4]","[[6, 12, 14, 16], [2, 6, 6, 10], [3, 10, 10, 11], [3, 4, 10, 15]]",0.4,1,2,4,5,PP,"[[1, 3], [4], [1, 3], [2, 1, 1]]",8,23,96,0.7604166666666666,0.0015525,20,0.004371487535536289,0.020258188247680664,0.024683859184553625,OPTIMAL,4.5625,0.5625,np_gurobi_optimal,0.0,166.0,6.4375,103,32.25,516,4.0,4.5625,4.5625,4.0,4.5625,4.5625,True,True,31.6875,True,True
889291899920662800,1,16,4,"[4, 4, 4, 4]","[[6, 10, 13, 19], [5, 6, 8, 10], [4, 6, 10, 12], [3, 4, 7, 7]]",0.4,1,2,,1,NP,"[[1, 1, 1, 1], [1, 1, 1, 1], [1, 1, 1, 1], [1, 1, 1, 1]]",16,96,96,0.0,0.001117,20,0.005949893034994602,1.6337180137634277,1.6397287215754552,OPTIMAL,4.75,0.0,np_gurobi_optimal,0.0,40834.0,0.0,0,0.0,0,4.75,,,4.75,,,False,,,False,
889291899920662800,1,16,4,"[4, 4, 4, 4]","[[6, 10, 13, 19], [5, 6, 8, 10], [4, 6, 10, 12], [3, 4, 7, 7]]",0.4,1,2,2,,CHP,"[[1, 1, 1, 1], [4], [2, 2], [2, 2]]",9,28,96,0.7083333333333333,0.001477,20,0.004761426709592342,0.029491901397705078,0.034317145046474457,OPTIMAL,5.0,0.25,np_gurobi_optimal,0.0,377.0,2.9375,47,12.1875,195,4.75,,,4.75,5.0,,False,,,False,
889291899920662800,1,16,4,"[4, 4, 4, 4]","[[6, 10, 13, 19], [5, 6, 8, 10], [4, 6, 10, 12], [3, 4, 7, 7]]",0.4,1,2,2,2,PP,"[[1, 1, 1, 1], [2, 2], [2, 2], [2, 2]]",10,36,96,0.625,0.002609,20,0.0051737697795033455,0.05563998222351074,0.06087680942604208,OPTIMAL,5.0,0.25,np_gurobi_optimal,0.0,1374.0,2.1875,35,6.5,104,4.75,5.0,5.0,4.75,5.0,5.0,True,True,6.25,True,True
889291899920662800,1,16,4,"[4, 4, 4, 4]","[[6, 10, 13, 19], [5, 6, 8, 10], [4, 6, 10, 12], [3, 4, 7, 7]]",0.4,1,2,2,3,PP,"[[1, 1, 1, 1], [3, 1], [2, 2], [2, 2]]",10,36,96,0.625,0.0015975,20,0.004761996679008007,0.05740499496459961,0.062235110721144675,OPTIMAL,4.75,0.0,np_gurobi_optimal,0.0,658.0,2.25,36,8.125,130,4.75,5.0,4.75,4.75,5.0,4.75,True,True,8.125,True,True
889291899920662800,1,16,4,"[4, 4, 4, 4]","[[6, 10, 13, 19], [5, 6, 8, 10], [4, 6, 10, 12], [3, 4, 7, 7]]",0.4,1,2,2,4,PP,"[[1, 1, 1, 1], [4], [2, 2], [2, 2]]",9,28,96,0.7083333333333333,0.0015875,20,0.004395614378154278,0.025764942169189453,0.030215104636871815,OPTIMAL,5.0,0.25,np_gurobi_optimal,0.0,377.0,2.9375,47,9.75,156,4.75,5.0,5.0,4.75,5.0,5.0,True,True,9.5,True,True
889291899920662800,1,16,4,"[4, 4, 4, 4]","[[6, 10, 13, 19], [5, 6, 8, 10], [4, 6, 10, 12], [3, 4, 7, 7]]",0.4,1,2,2,5,PP,"[[1, 1, 1, 1], [4], [2, 2], [2, 2]]",9,28,96,0.7083333333333333,0.004041,20,0.004907147027552128,0.026066064834594727,0.031031578770569324,OPTIMAL,5.0,0.25,np_gurobi_optimal,0.0,377.0,2.9375,47,9.75,156,4.75,5.0,5.0,4.75,5.0,5.0,True,True,9.5,True,True
889291899920662800,1,16,4,"[4, 4, 4, 4]","[[6, 10, 13, 19], [5, 6, 8, 10], [4, 6, 10, 12], [3, 4, 7, 7]]",0.4,1,2,3,,CHP,"[[1, 2, 1], [4], [2, 2], [4]]",7,17,96,0.8229166666666666,0.002609,20,0.006570750847458839,0.023501157760620117,0.0301703870225873,OPTIMAL,5.625,0.875,np_gurobi_optimal,0.0,108.0,6.1875,99,26.25,420,4.75,,,4.75,5.625,,False,,,False,
889291899920662800,1,16,4,"[4, 4, 4, 4]","[[6, 10, 13, 19], [5, 6, 8, 10], [4, 6, 10, 12], [3, 4, 7, 7]]",0.4,1,2,3,2,PP,"[[1, 2, 1], [2, 2], [2, 2], [2, 2]]",9,30,96,0.6875,0.0015075,20,0.004679271951317787,0.05326509475708008,0.058005719134397504,OPTIMAL,5.0,0.25,np_gurobi_optimal,0.0,745.0,3.8125,61,14.0,224,4.75,5.625,5.0,4.75,5.625,5.0,True,True,13.75,True,True
889291899920662800,1,16,4,"[4, 4, 4, 4]","[[6, 10, 13, 19], [5, 6, 8, 10], [4, 6, 10, 12], [3, 4, 7, 7]]",0.4,1,2,3,3,PP,"[[1, 2, 1], [3, 1], [2, 2], [3, 1]]",9,30,96,0.6875,0.001572,20,0.004909881390631199,0.04955697059631348,0.05452724725207996,OPTIMAL,5.625,0.875,np_gurobi_optimal,0.0,449.0,5.5,88,17.5,280,4.75,5.625,5.625,4.75,5.625,5.625,True,True,16.625,True,True
889291899920662800,1,16,4,"[4, 4, 4, 4]","[[6, 10, 13, 19], [5, 6, 8, 10], [4, 6, 10, 12], [3, 4, 7, 7]]",0.4,1,2,3,4,PP,"[[1, 2, 1], [4], [2, 2], [4]]",7,17,96,0.8229166666666666,0.003981,20,0.004806956276297569,0.017976999282836914,0.022844033843093872,OPTIMAL,5.625,0.875,np_gurobi_optimal,0.0,108.0,6.1875,99,21.0,336,4.75,5.625,5.625,4.75,5.625,5.625,True,True,20.125,True,True
889291899920662800,1,16,4,"[4, 4, 4, 4]","[[6, 10, 13, 19], [5, 6, 8, 10], [4, 6, 10, 12], [3, 4, 7, 7]]",0.4,1,2,3,5,PP,"[[1, 2, 1], [4], [2, 2], [4]]",7,17,96,0.8229166666666666,0.0016325,20,0.004436426796019077,0.01831793785095215,0.022814934964783193,OPTIMAL,5.625,0.875,np_gurobi_optimal,0.0,108.0,6.1875,99,21.0,336,4.75,5.625,5.625,4.75,5.625,5.625,True,True,20.125,True,True
889291899920662800,1,16,4,"[4, 4, 4, 4]","[[6, 10, 13, 19], [5, 6, 8, 10], [4, 6, 10, 12], [3, 4, 7, 7]]",0.4,1,2,4,,CHP,"[[3, 1], [4], [4], [4]]",5,9,96,0.90625,0.001532,20,0.003996690735220909,0.002454042434692383,0.00650321875929308,OPTIMAL,5.625,0.875,np_gurobi_optimal,0.0,1.0,11.375,182,40.3125,645,4.75,,,4.75,5.625,,False,,,False,
889291899920662800,1,16,4,"[4, 4, 4, 4]","[[6, 10, 13, 19], [5, 6, 8, 10], [4, 6, 10, 12], [3, 4, 7, 7]]",0.4,1,2,4,2,PP,"[[2, 1, 1], [2, 2], [2, 2], [2, 2]]",9,30,96,0.6875,0.0016475,20,0.004831102676689625,0.043762922286987305,0.04866026340951681,OPTIMAL,5.0,0.25,np_gurobi_optimal,0.0,514.0,4.875,78,21.5,344,4.75,5.625,5.0,4.75,5.625,5.0,True,True,21.25,True,True
889291899920662800,1,16,4,"[4, 4, 4, 4]","[[6, 10, 13, 19], [5, 6, 8, 10], [4, 6, 10, 12], [3, 4, 7, 7]]",0.4,1,2,4,3,PP,"[[3, 1], [3, 1], [3, 1], [3, 1]]",8,24,96,0.75,0.003876,20,0.004693454131484032,0.020498991012573242,0.02525634488399124,OPTIMAL,5.625,0.875,np_gurobi_optimal,0.0,114.0,10.0,160,26.875,430,4.75,5.625,5.625,4.75,5.625,5.625,True,True,26.0,True,True
889291899920662800,1,16,4,"[4, 4, 4, 4]","[[6, 10, 13, 19], [5, 6, 8, 10], [4, 6, 10, 12], [3, 4, 7, 7]]",0.4,1,2,4,4,PP,"[[3, 1], [4], [4], [4]]",5,9,96,0.90625,0.001562,20,0.004420892335474491,0.0029039382934570312,0.007382087581538677,OPTIMAL,5.625,0.875,np_gurobi_optimal,0.0,1.0,11.375,182,32.25,516,4.75,5.625,5.625,4.75,5.625,5.625,True,True,31.375,True,True
889291899920662800,1,16,4,"[4, 4, 4, 4]","[[6, 10, 13, 19], [5, 6, 8, 10], [4, 6, 10, 12], [3, 4, 7, 7]]",0.4,1,2,4,5,PP,"[[3, 1], [4], [4], [4]]",5,9,96,0.90625,0.0037805,20,0.004530917853116989,0.0025408267974853516,0.007128848955934524,OPTIMAL,5.625,0.875,np_gurobi_optimal,0.0,1.0,11.375,182,32.25,516,4.75,5.625,5.625,4.75,5.625,5.625,True,True,31.375,True,True
6191148643381614957,2,16,4,"[4, 4, 4, 4]","[[2, 5, 18, 18], [1, 1, 2, 6], [6, 7, 7, 8], [2, 3, 3, 7]]",0.4,1,2,,1,NP,"[[1, 1, 1, 1], [1, 1, 1, 1], [1, 1, 1, 1], [1, 1, 1, 1]]",16,96,96,0.0,0.00284,20,0.005847589112818241,0.5186519622802734,0.5245660165574216,OPTIMAL,4.4375,0.0,np_gurobi_optimal,0.0,14706.0,0.0,0,0.0,0,4.4375,,,4.4375,,,False,,,False,
6191148643381614957,2,16,4,"[4, 4, 4, 4]","[[2, 5, 18, 18], [1, 1, 2, 6], [6, 7, 7, 8], [2, 3, 3, 7]]",0.4,1,2,2,,CHP,"[[1, 1, 2], [3, 1], [4], [3, 1]]",8,23,96,0.7604166666666666,0.001512,20,0.005053909495472908,0.018058061599731445,0.02317109191570234,OPTIMAL,4.4375,0.0,np_gurobi_optimal,0.0,162.0,0.0,0,12.1875,195,4.4375,,,4.4375,4.4375,,False,,,False,
6191148643381614957,2,16,4,"[4, 4, 4, 4]","[[2, 5, 18, 18], [1, 1, 2, 6], [6, 7, 7, 8], [2, 3, 3, 7]]",0.4,1,2,2,2,PP,"[[1, 1, 2], [2, 1, 1], [2, 2], [2, 1, 1]]",11,45,96,0.53125,0.001667,20,0.005159648135304451,0.07920694351196289,0.08442963746154737,OPTIMAL,4.4375,0.0,np_gurobi_optimal,0.0,1375.0,0.0,0,6.5,104,4.4375,4.4375,4.4375,4.4375,4.4375,4.4375,True,True,6.5,True,True
6191148643381614957,2,16,4,"[4, 4, 4, 4]","[[2, 5, 18, 18], [1, 1, 2, 6], [6, 7, 7, 8], [2, 3, 3, 7]]",0.4,1,2,2,3,PP,"[[1, 1, 2], [3, 1], [3, 1], [3, 1]]",9,30,96,0.6875,0.003996,20,0.004974289797246456,0.028786897659301758,0.03382759045095062,OPTIMAL,4.4375,0.0,np_gurobi_optimal,0.0,341.0,0.0,0,8.125,130,4.4375,4.4375,4.4375,4.4375,4.4375,4.4375,True,True,8.125,True,True
6191148643381614957,2,16,4,"[4, 4, 4, 4]","[[2, 5, 18, 18], [1, 1, 2, 6], [6, 7, 7, 8], [2, 3, 3, 7]]",0.4,1,2,2,4,PP,"[[1, 1, 2], [3, 1], [4], [3, 1]]",8,23,96,0.7604166666666666,0.0015525,20,0.0046441396698355675,0.018245935440063477,0.022949147954752447,OPTIMAL,4.4375,0.0,np_gurobi_optimal,0.0,162.0,0.0,0,9.75,156,4.4375,4.4375,4.4375,4.4375,4.4375,4.4375,True,True,9.75,True,True
6191148643381614957,2,16,4,"[4, 4, 4, 4]","[[2, 5, 18, 18], [1, 1, 2, 6], [6, 7, 7, 8], [2, 3, 3, 7]]",0.4,1,2,2,5,PP,"[[1, 1, 2], [3, 1], [4], [3, 1]]",8,23,96,0.7604166666666666,0.0015875,20,0.004451468586921692,0.018217086791992188,0.022726716068708897,OPTIMAL,4.4375,0.0,np_gurobi_optimal,0.0,162.0,0.0,0,9.75,156,4.4375,4.4375,4.4375,4.4375,4.4375,4.4375,True,True,9.75,True,True
6191148643381614957,2,16,4,"[4, 4, 4, 4]","[[2, 5, 18, 18], [1, 1, 2, 6], [6, 7, 7, 8], [2, 3, 3, 7]]",0.4,1,2,3,,CHP,"[[2, 2], [3, 1], [4], [3, 1]]",7,18,96,0.8125,0.001482,20,0.004232016392052174,0.0074269771575927734,0.011710499679095269,OPTIMAL,4.4375,0.0,np_gurobi_optimal,0.0,1.0,1.75,28,26.25,420,4.4375,,,4.4375,4.4375,,False,,,False,
6191148643381614957,2,16,4,"[4, 4, 4, 4]","[[2, 5, 18, 18], [1, 1, 2, 6], [6, 7, 7, 8], [2, 3, 3, 7]]",0.4,1,2,3,2,PP,"[[2, 2], [2, 1, 1], [2, 2], [2, 1, 1]]",10,37,96,0.6145833333333333,0.004126,20,0.0051515065133571625,0.048568010330200195,0.05377788400162554,OPTIMAL,4.4375,0.0,np_gurobi_optimal,0.0,600.0,1.75,28,14.0,224,4.4375,4.4375,4.4375,4.4375,4.4375,4.4375,True,True,14.0,True,True
6191148643381614957,2,16,4,"[4, 4, 4, 4]","[[2, 5, 18, 18], [1, 1, 2, 6], [6, 7, 7, 8], [2, 3, 3, 7]]",0.4,1,2,3,3,PP,"[[2, 2], [3, 1], [3, 1], [3, 1]]",8,24,96,0.75,0.0015175,20,0.004242952913045883,0.01958608627319336,0.02388102039994478,OPTIMAL,4.4375,0.0,np_gurobi_optimal,0.0,123.0,1.75,28,17.5,280,4.4375,4.4375,4.4375,4.4375,4.4375,4.4375,True,True,17.5,True,True
6191148643381614957,2,16,4,"[4, 4, 4, 4]","[[2, 5, 18, 18], [1, 1, 2, 6], [6, 7, 7, 8], [2, 3, 3, 7]]",0.4,1,2,3,4,PP,"[[2, 2], [3, 1], [4], [3, 1]]",7,18,96,0.8125,0.003871,20,0.004212767817080021,0.00799703598022461,0.012264293110557557,OPTIMAL,4.4375,0.0,np_gurobi_optimal,0.0,1.0,1.75,28,21.0,336,4.4375,4.4375,4.4375,4.4375,4.4375,4.4375,True,True,21.0,True,True
6191148643381614957,2,16,4,"[4, 4, 4, 4]","[[2, 5, 18, 18], [1, 1, 2, 6], [6, 7, 7, 8], [2, 3, 3, 7]]",0.4,1,2,3,5,PP,"[[2, 2], [3, 1], [4], [3, 1]]",7,18,96,0.8125,0.001573,20,0.0041153402999043465,0.00709986686706543,0.011268803845987796,OPTIMAL,4.4375,0.0,np_gurobi_optimal,0.0,1.0,1.75,28,21.0,336,4.4375,4.4375,4.4375,4.4375,4.4375,4.4375,True,True,21.0,True,True
6191148643381614957,2,16,4,"[4, 4, 4, 4]","[[2, 5, 18, 18], [1, 1, 2, 6], [6, 7, 7, 8], [2, 3, 3, 7]]",0.4,1,2,4,,CHP,"[[2, 2], [4], [4], [4]]",5,9,96,0.90625,0.0014975,20,0.003796106204390526,0.003229856491088867,0.007078964196500778,OPTIMAL,5.625,1.1875,np_gurobi_optimal,0.0,1.0,6.375,102,40.3125,645,4.4375,,,4.4375,5.625,,False,,,False,
6191148643381614957,2,16,4,"[4, 4, 4, 4]","[[2, 5, 18, 18], [1, 1, 2, 6], [6, 7, 7, 8], [2, 3, 3, 7]]",0.4,1,2,4,2,PP,"[[2, 2], [2, 2], [2, 2], [2, 2]]",8,24,96,0.75,0.001592,20,0.004045404493808746,0.019812822341918945,0.023911620859972955,OPTIMAL,4.625,0.1875,np_gurobi_optimal,0.0,171.0,6.375,102,21.5,344,4.4375,5.625,4.625,4.4375,5.625,4.625,True,True,21.3125,True,True
6191148643381614957,2,16,4,"[4, 4, 4, 4]","[[2, 5, 18, 18], [1, 1, 2, 6], [6, 7, 7, 8], [2, 3, 3, 7]]",0.4,1,2,4,3,PP,"[[2, 2], [3, 1], [3, 1], [3, 1]]",8,24,96,0.75,0.003941,20,0.0044601112604141235,0.019152164459228516,0.02367291563798523,OPTIMAL,4.4375,0.0,np_gurobi_optimal,0.0,123.0,1.75,28,26.875,430,4.4375,5.625,4.4375,4.4375,5.625,4.4375,True,True,26.875,True,True
6191148643381614957,2,16,4,"[4, 4, 4, 4]","[[2, 5, 18, 18], [1, 1, 2, 6], [6, 7, 7, 8], [2, 3, 3, 7]]",0.4,1,2,4,4,PP,"[[2, 2], [4], [4], [4]]",5,9,96,0.90625,0.002855,20,0.006412082351744175,0.004164934158325195,0.010674135324459075,OPTIMAL,5.625,1.1875,np_gurobi_optimal,0.0,1.0,6.375,102,32.25,516,4.4375,5.625,5.625,4.4375,5.625,5.625,True,True,31.0625,True,True
6191148643381614957,2,16,4,"[4, 4, 4, 4]","[[2, 5, 18, 18], [1, 1, 2, 6], [6, 7, 7, 8], [2, 3, 3, 7]]",0.4,1,2,4,5,PP,"[[2, 2], [4], [4], [4]]",5,9,96,0.90625,0.002854,20,0.006000670604407787,0.0035238265991210938,0.009604697543350697,OPTIMAL,5.625,1.1875,np_gurobi_optimal,0.0,1.0,6.375,102,32.25,516,4.4375,5.625,5.625,4.4375,5.625,5.625,True,True,31.0625,True,True
15908050456427781564,3,16,4,"[4, 4, 4, 4]","[[2, 3, 5, 6], [0, 1, 5, 7], [0, 4, 4, 5], [3, 5, 5, 7]]",0.4,1,2,,1,NP,"[[1, 1, 1, 1], [1, 1, 1, 1], [1, 1, 1, 1], [1, 1, 1, 1]]",16,96,96,0.0,0.0011465,20,0.006851737387478352,2.3660500049591064,2.372973229778,OPTIMAL,5.625,0.0,np_gurobi_optimal,0.0,57127.0,0.0,0,0.0,0,5.625,,,5.625,,,False,,,False,
15908050456427781564,3,16,4,"[4, 4, 4, 4]","[[2, 3, 5, 6], [0, 1, 5, 7], [0, 4, 4, 5], [3, 5, 5, 7]]",0.4,1,2,2,,CHP,"[[4], [2, 2], [1, 3], [4]]",6,13,96,0.8645833333333334,0.001542,20,0.004486611112952232,0.007982015609741211,0.012526363795523167,OPTIMAL,5.625,0.0,np_gurobi_optimal,0.0,1.0,2.9375,47,12.1875,195,5.625,,,5.625,5.625,,False,,,False,
15908050456427781564,3,16,4,"[4, 4, 4, 4]","[[2, 3, 5, 6], [0, 1, 5, 7], [0, 4, 4, 5], [3, 5, 5, 7]]",0.4,1,2,2,2,PP,"[[2, 2], [2, 2], [1, 2, 1], [2, 2]]",9,30,96,0.6875,0.0016975,20,0.004233349114656448,0.0421450138092041,0.04644150070543051,OPTIMAL,5.625,0.0,np_gurobi_optimal,0.0,549.0,2.1875,35,6.5,104,5.625,5.625,5.625,5.625,5.625,5.625,True,True,6.5,True,True
15908050456427781564,3,16,4,"[4, 4, 4, 4]","[[2, 3, 5, 6], [0, 1, 5, 7], [0, 4, 4, 5], [3, 5, 5, 7]]",0.4,1,2,2,3,PP,"[[3, 1], [2, 2], [1, 3], [3, 1]]",8,24,96,0.75,0.002734,20,0.006619174033403397,0.02410411834716797,0.030812621684881688,OPTIMAL,5.625,0.0,np_gurobi_optimal,0.0,235.0,2.25,36,8.125,130,5.625,5.625,5.625,5.625,5.625,5.625,True,True,8.125,True,True
15908050456427781564,3,16,4,"[4, 4, 4, 4]","[[2, 3, 5, 6], [0, 1, 5, 7], [0, 4, 4, 5], [3, 5, 5, 7]]",0.4,1,2,2,4,PP,"[[4], [2, 2], [1, 3], [4]]",6,13,96,0.8645833333333334,0.0022135,20,0.00496895145624876,0.005755186080932617,0.010780805468119145,OPTIMAL,5.625,0.0,np_gurobi_optimal,0.0,1.0,2.9375,47,9.75,156,5.625,5.625,5.625,5.625,5.625,5.625,True,True,9.75,True,True
15908050456427781564,3,16,4,"[4, 4, 4, 4]","[[2, 3, 5, 6], [0, 1, 5, 7], [0, 4, 4, 5], [3, 5, 5, 7]]",0.4,1,2,2,5,PP,"[[4], [2, 2], [1, 3], [4]]",6,13,96,0.8645833333333334,0.004367,20,0.004516425542533398,0.005507946014404297,0.010081177605823994,OPTIMAL,5.625,0.0,np_gurobi_optimal,0.0,1.0,2.9375,47,9.75,156,5.625,5.625,5.625,5.625,5.625,5.625,True,True,9.75,True,True
15908050456427781564,3,16,4,"[4, 4, 4, 4]","[[2, 3, 5, 6], [0, 1, 5, 7], [0, 4, 4, 5], [3, 5, 5, 7]]",0.4,1,2,3,,CHP,"[[4], [2, 2], [1, 3], [4]]",6,13,96,0.8645833333333334,0.003636,20,0.003934316337108612,0.005494832992553711,0.0094852765326128,OPTIMAL,5.625,0.0,np_gurobi_optimal,0.0,1.0,2.9375,47,26.25,420,5.625,,,5.625,5.625,,False,,,False,
15908050456427781564,3,16,4,"[4, 4, 4, 4]","[[2, 3, 5, 6], [0, 1, 5, 7], [0, 4, 4, 5], [3, 5, 5, 7]]",0.4,1,2,3,2,PP,"[[2, 2], [2, 2], [1, 2, 1], [2, 2]]",9,30,96,0.6875,0.003866,20,0.004586993716657162,0.04521679878234863,0.04986777443987465,OPTIMAL,5.625,0.0,np_gurobi_optimal,0.0,549.0,2.1875,35,14.0,224,5.625,5.625,5.625,5.625,5.625,5.625,True,True,14.0,True,True
15908050456427781564,3,16,4,"[4, 4, 4, 4]","[[2, 3, 5, 6], [0, 1, 5, 7], [0, 4, 4, 5], [3, 5, 5, 7]]",0.4,1,2,3,3,PP,"[[3, 1], [2, 2], [1, 3], [3, 1]]",8,24,96,0.75,0.003836,20,0.005052367225289345,0.01909613609313965,0.0242261382505641,OPTIMAL,5.625,0.0,np_gurobi_optimal,0.0,235.0,2.25,36,17.5,280,5.625,5.625,5.625,5.625,5.625,5.625,True,True,17.5,True,True
15908050456427781564,3,16,4,"[4, 4, 4, 4]","[[2, 3, 5, 6], [0, 1, 5, 7], [0, 4, 4, 5], [3, 5, 5, 7]]",0.4,1,2,3,4,PP,"[[4], [2, 2], [1, 3], [4]]",6,13,96,0.8645833333333334,0.0038855,20,0.0043781474232673645,0.005739927291870117,0.010175448864565373,OPTIMAL,5.625,0.0,np_gurobi_optimal,0.0,1.0,2.9375,47,21.0,336,5.625,5.625,5.625,5.625,5.625,5.625,True,True,21.0,True,True
15908050456427781564,3,16,4,"[4, 4, 4, 4]","[[2, 3, 5, 6], [0, 1, 5, 7], [0, 4, 4, 5], [3, 5, 5, 7]]",0.4,1,2,3,5,PP,"[[4], [2, 2], [1, 3], [4]]",6,13,96,0.8645833333333334,0.00368,20,0.004118494689464569,0.005823850631713867,0.009998266929678918,OPTIMAL,5.625,0.0,np_gurobi_optimal,0.0,1.0,2.9375,47,21.0,336,5.625,5.625,5.625,5.625,5.625,5.625,True,True,21.0,True,True
15908050456427781564,3,16,4,"[4, 4, 4, 4]","[[2, 3, 5, 6], [0, 1, 5, 7], [0, 4, 4, 5], [3, 5, 5, 7]]",0.4,1,2,4,,CHP,"[[4], [4], [4], [4]]",4,6,96,0.9375,0.002709,20,0.00593574158847332,0.003862142562866211,0.009891024573334694,OPTIMAL,7.9375,2.3125,np_gurobi_optimal,0.0,1.0,8.125,130,40.3125,645,5.625,,,5.625,7.9375,,False,,,False,
15908050456427781564,3,16,4,"[4, 4, 4, 4]","[[2, 3, 5, 6], [0, 1, 5, 7], [0, 4, 4, 5], [3, 5, 5, 7]]",0.4,1,2,4,2,PP,"[[2, 2], [2, 2], [2, 2], [2, 2]]",8,24,96,0.75,0.002664,20,0.004275972954928875,0.022948026657104492,0.027288506224955558,OPTIMAL,5.625,0.0,np_gurobi_optimal,0.0,294.0,4.875,78,21.5,344,5.625,7.9375,5.625,5.625,7.9375,5.625,True,True,21.5,True,True
15908050456427781564,3,16,4,"[4, 4, 4, 4]","[[2, 3, 5, 6], [0, 1, 5, 7], [0, 4, 4, 5], [3, 5, 5, 7]]",0.4,1,2,4,3,PP,"[[3, 1], [3, 1], [3, 1], [3, 1]]",8,24,96,0.75,0.003861,20,0.004565180279314518,0.02632308006286621,0.030948924568651677,OPTIMAL,7.9375,2.3125,np_gurobi_optimal,0.0,565.0,6.75,108,26.875,430,5.625,7.9375,7.9375,5.625,7.9375,7.9375,True,True,24.5625,True,True
15908050456427781564,3,16,4,"[4, 4, 4, 4]","[[2, 3, 5, 6], [0, 1, 5, 7], [0, 4, 4, 5], [3, 5, 5, 7]]",0.4,1,2,4,4,PP,"[[4], [4], [4], [4]]",4,6,96,0.9375,0.0040465,20,0.004222150892019272,0.0026841163635253906,0.006964037098261357,OPTIMAL,7.9375,2.3125,np_gurobi_optimal,0.0,1.0,8.125,130,32.25,516,5.625,7.9375,7.9375,5.625,7.9375,7.9375,True,True,29.9375,True,True
15908050456427781564,3,16,4,"[4, 4, 4, 4]","[[2, 3, 5, 6], [0, 1, 5, 7], [0, 4, 4, 5], [3, 5, 5, 7]]",0.4,1,2,4,5,PP,"[[4], [4], [4], [4]]",4,6,96,0.9375,0.0042165,20,0.005140800029039383,0.003164052963256836,0.00838984123654747,OPTIMAL,7.9375,2.3125,np_gurobi_optimal,0.0,1.0,8.125,130,32.25,516,5.625,7.9375,7.9375,5.625,7.9375,7.9375,True,True,29.9375,True,True
11946263474014002831,4,16,4,"[4, 4, 4, 4]","[[5, 9, 17, 19], [2, 5, 8, 9], [3, 5, 5, 7], [2, 6, 7, 8]]",0.4,1,2,,1,NP,"[[1, 1, 1, 1], [1, 1, 1, 1], [1, 1, 1, 1], [1, 1, 1, 1]]",16,96,96,0.0,0.003035,20,0.0059913164004683495,1.0722129344940186,1.0782658530459142,OPTIMAL,4.5,0.0,np_gurobi_optimal,0.0,27327.0,0.0,0,0.0,0,4.5,,,4.5,,,False,,,False,
11946263474014002831,4,16,4,"[4, 4, 4, 4]","[[5, 9, 17, 19], [2, 5, 8, 9], [3, 5, 5, 7], [2, 6, 7, 8]]",0.4,1,2,2,,CHP,"[[1, 1, 2], [1, 1, 2], [4], [1, 3]]",9,29,96,0.6979166666666667,0.003635,20,0.004840386100113392,0.023789167404174805,0.028692978482255934,OPTIMAL,4.5,0.0,np_gurobi_optimal,0.0,241.0,2.1875,35,12.1875,195,4.5,,,4.5,4.5,,False,,,False,
11946263474014002831,4,16,4,"[4, 4, 4, 4]","[[5, 9, 17, 19], [2, 5, 8, 9], [3, 5, 5, 7], [2, 6, 7, 8]]",0.4,1,2,2,2,PP,"[[1, 1, 2], [1, 1, 2], [2, 2], [1, 2, 1]]",11,45,96,0.53125,0.001632,20,0.004706674255430698,0.09534382820129395,0.10011603156724644,OPTIMAL,4.5,0.0,np_gurobi_optimal,0.0,1375.0,2.1875,35,6.5,104,4.5,4.5,4.5,4.5,4.5,4.5,True,True,6.5,True,True
11946263474014002831,4,16,4,"[4, 4, 4, 4]","[[5, 9, 17, 19], [2, 5, 8, 9], [3, 5, 5, 7], [2, 6, 7, 8]]",0.4,1,2,2,3,PP,"[[1, 1, 2], [1, 1, 2], [3, 1], [1, 3]]",10,37,96,0.6145833333333333,0.0021735,20,0.006759666837751865,0.05902290344238281,0.06587468718910074,OPTIMAL,4.5,0.0,np_gurobi_optimal,0.0,602.0,1.5,24,8.125,130,4.5,4.5,4.5,4.5,4.5,4.5,True,True,8.125,True,True
11946263474014002831,4,16,4,"[4, 4, 4, 4]","[[5, 9, 17, 19], [2, 5, 8, 9], [3, 5, 5, 7], [2, 6, 7, 8]]",0.4,1,2,2,4,PP,"[[1, 1, 2], [1, 1, 2], [4], [1, 3]]",9,29,96,0.6979166666666667,0.002318,20,0.006470640189945698,0.031867027282714844,0.03844279044638205,OPTIMAL,4.5,0.0,np_gurobi_optimal,0.0,241.0,2.1875,35,9.75,156,4.5,4.5,4.5,4.5,4.5,4.5,True,True,9.75,True,True
11946263474014002831,4,16,4,"[4, 4, 4, 4]","[[5, 9, 17, 19], [2, 5, 8, 9], [3, 5, 5, 7], [2, 6, 7, 8]]",0.4,1,2,2,5,PP,"[[1, 1, 2], [1, 1, 2], [4], [1, 3]]",9,29,96,0.6979166666666667,0.002919,20,0.006045357324182987,0.031074047088623047,0.03720796411147737,OPTIMAL,4.5,0.0,np_gurobi_optimal,0.0,241.0,2.1875,35,9.75,156,4.5,4.5,4.5,4.5,4.5,4.5,True,True,9.75,True,True
11946263474014002831,4,16,4,"[4, 4, 4, 4]","[[5, 9, 17, 19], [2, 5, 8, 9], [3, 5, 5, 7], [2, 6, 7, 8]]",0.4,1,2,3,,CHP,"[[1, 1, 2], [4], [4], [1, 3]]",7,17,96,0.8229166666666666,0.002113,20,0.005670530721545219,0.0057790279388427734,0.011527933940732956,OPTIMAL,4.5,0.0,np_gurobi_optimal,0.0,1.0,5.5625,89,26.25,420,4.5,,,4.5,4.5,,False,,,False,
11946263474014002831,4,16,4,"[4, 4, 4, 4]","[[5, 9, 17, 19], [2, 5, 8, 9], [3, 5, 5, 7], [2, 6, 7, 8]]",0.4,1,2,3,2,PP,"[[1, 1, 2], [2, 2], [2, 2], [1, 2, 1]]",10,37,96,0.6145833333333333,0.0030195,20,0.006824605166912079,0.05109381675720215,0.05800620016030741,OPTIMAL,4.5,0.0,np_gurobi_optimal,0.0,492.0,3.9375,63,14.0,224,4.5,4.5,4.5,4.5,4.5,4.5,True,True,14.0,True,True
11946263474014002831,4,16,4,"[4, 4, 4, 4]","[[5, 9, 17, 19], [2, 5, 8, 9], [3, 5, 5, 7], [2, 6, 7, 8]]",0.4,1,2,3,3,PP,"[[1, 1, 2], [3, 1], [3, 1], [1, 3]]",9,30,96,0.6875,0.002183,20,0.007174603641033173,0.027209043502807617,0.034500055926294806,OPTIMAL,4.5,0.0,np_gurobi_optimal,0.0,168.0,4.875,78,17.5,280,4.5,4.5,4.5,4.5,4.5,4.5,True,True,17.5,True,True
11946263474014002831,4,16,4,"[4, 4, 4, 4]","[[5, 9, 17, 19], [2, 5, 8, 9], [3, 5, 5, 7], [2, 6, 7, 8]]",0.4,1,2,3,4,PP,"[[1, 1, 2], [4], [4], [1, 3]]",7,17,96,0.8229166666666666,0.002945,20,0.006577031686902046,0.005494117736816406,0.012149334111876488,OPTIMAL,4.5,0.0,np_gurobi_optimal,0.0,1.0,5.5625,89,21.0,336,4.5,4.5,4.5,4.5,4.5,4.5,True,True,21.0,True,True
11946263474014002831,4,16,4,"[4, 4, 4, 4]","[[5, 9, 17, 19], [2, 5, 8, 9], [3, 5, 5, 7], [2, 6, 7, 8]]",0.4,1,2,3,5,PP,"[[1, 1, 2], [4], [4], [1, 3]]",7,17,96,0.8229166666666666,0.002724,20,0.006002964451909065,0.0055561065673828125,0.01163770991631651,OPTIMAL,4.5,0.0,np_gurobi_optimal,0.0,1.0,5.5625,89,21.0,336,4.5,4.5,4.5,4.5,4.5,4.5,True,True,21.0,True,True
11946263474014002831,4,16,4,"[4, 4, 4, 4]","[[5, 9, 17, 19], [2, 5, 8, 9], [3, 5, 5, 7], [2, 6, 7, 8]]",0.4,1,2,4,,CHP,"[[2, 2], [4], [4], [4]]",5,9,96,0.90625,0.0028795,20,0.0057230303063988686,0.003535032272338867,0.00933324158152771,OPTIMAL,5.625,1.125,np_gurobi_optimal,0.0,1.0,10.9375,175,40.3125,645,4.5,,,4.5,5.625,,False,,,False,
11946263474014002831,4,16,4,"[4, 4, 4, 4]","[[5, 9, 17, 19], [2, 5, 8, 9], [3, 5, 5, 7], [2, 6, 7, 8]]",0.4,1,2,4,2,PP,"[[2, 2], [2, 2], [2, 2], [2, 2]]",8,24,96,0.75,0.003024,20,0.0067325858399271965,0.035299062728881836,0.04212820436365509,OPTIMAL,5.625,1.125,np_gurobi_optimal,0.0,413.0,9.3125,149,21.5,344,4.5,5.625,5.625,4.5,5.625,5.625,True,True,20.375,True,True
11946263474014002831,4,16,4,"[4, 4, 4, 4]","[[5, 9, 17, 19], [2, 5, 8, 9], [3, 5, 5, 7], [2, 6, 7, 8]]",0.4,1,2,4,3,PP,"[[2, 2], [3, 1], [3, 1], [3, 1]]",8,24,96,0.75,0.003075,20,0.007063866592943668,0.030284881591796875,0.03744579922045469,OPTIMAL,5.625,1.125,np_gurobi_optimal,0.0,190.0,10.25,164,26.875,430,4.5,5.625,5.625,4.5,5.625,5.625,True,True,25.75,True,True
11946263474014002831,4,16,4,"[4, 4, 4, 4]","[[5, 9, 17, 19], [2, 5, 8, 9], [3, 5, 5, 7], [2, 6, 7, 8]]",0.4,1,2,4,4,PP,"[[2, 2], [4], [4], [4]]",5,9,96,0.90625,0.002829,20,0.006561467424035072,0.003824949264526367,0.010480926945451736,OPTIMAL,5.625,1.125,np_gurobi_optimal,0.0,1.0,10.9375,175,32.25,516,4.5,5.625,5.625,4.5,5.625,5.625,True,True,31.125,True,True
11946263474014002831,4,16,4,"[4, 4, 4, 4]","[[5, 9, 17, 19], [2, 5, 8, 9], [3, 5, 5, 7], [2, 6, 7, 8]]",0.4,1,2,4,5,PP,"[[2, 2], [4], [4], [4]]",5,9,96,0.90625,0.0028495,20,0.006325951777398586,0.0037839412689208984,0.01020130387258482,OPTIMAL,5.625,1.125,np_gurobi_optimal,0.0,1.0,10.9375,175,32.25,516,4.5,5.625,5.625,4.5,5.625,5.625,True,True,31.125,True,True
14978817859067258083,5,16,4,"[4, 4, 4, 4]","[[1, 6, 9, 15], [4, 4, 6, 11], [2, 10, 11, 15], [5, 6, 6, 8]]",0.4,1,2,,1,NP,"[[1, 1, 1, 1], [1, 1, 1, 1], [1, 1, 1, 1], [1, 1, 1, 1]]",16,96,96,0.0,0.002298,20,0.009592548944056034,0.5404789447784424,0.5501656760077099,OPTIMAL,4.0625,0.0,np_gurobi_optimal,0.0,16717.0,0.0,0,0.0,0,4.0625,,,4.0625,,,False,,,False,
14978817859067258083,5,16,4,"[4, 4, 4, 4]","[[1, 6, 9, 15], [4, 4, 6, 11], [2, 10, 11, 15], [5, 6, 6, 8]]",0.4,1,2,2,,CHP,"[[1, 1, 1, 1], [3, 1], [1, 2, 1], [4]]",10,35,96,0.6354166666666667,0.003876,20,0.004360499791800976,0.026604175567626953,0.03102557344670391,OPTIMAL,4.0625,0.0,np_gurobi_optimal,0.0,342.0,1.4375,23,12.1875,195,4.0625,,,4.0625,4.0625,,False,,,False,
14978817859067258083,5,16,4,"[4, 4, 4, 4]","[[1, 6, 9, 15], [4, 4, 6, 11], [2, 10, 11, 15], [5, 6, 6, 8]]",0.4,1,2,2,2,PP,"[[1, 1, 1, 1], [2, 1, 1], [1, 2, 1], [2, 2]]",12,53,96,0.44791666666666663,0.001668,20,0.005202021449804306,0.07288193702697754,0.07814825419463443,OPTIMAL,4.0625,0.0,np_gurobi_optimal,0.0,1443.0,0.6875,11,6.5,104,4.0625,4.0625,4.0625,4.0625,4.0625,4.0625,True,True,6.5,True,True
14978817859067258083,5,16,4,"[4, 4, 4, 4]","[[1, 6, 9, 15], [4, 4, 6, 11], [2, 10, 11, 15], [5, 6, 6, 8]]",0.4,1,2,2,3,PP,"[[1, 1, 1, 1], [3, 1], [1, 2, 1], [3, 1]]",11,44,96,0.5416666666666667,0.002233,20,0.006676141172647476,0.08820700645446777,0.09495350035419035,OPTIMAL,4.0625,0.0,np_gurobi_optimal,0.0,862.0,0.75,12,8.125,130,4.0625,4.0625,4.0625,4.0625,4.0625,4.0625,True,True,8.125,True,True
14978817859067258083,5,16,4,"[4, 4, 4, 4]","[[1, 6, 9, 15], [4, 4, 6, 11], [2, 10, 11, 15], [5, 6, 6, 8]]",0.4,1,2,2,4,PP,"[[1, 1, 1, 1], [3, 1], [1, 2, 1], [4]]",10,35,96,0.6354166666666667,0.0016975,20,0.005342084914445877,0.026929140090942383,0.032339214977571966,OPTIMAL,4.0625,0.0,np_gurobi_optimal,0.0,342.0,1.4375,23,9.75,156,4.0625,4.0625,4.0625,4.0625,4.0625,4.0625,True,True,9.75,True,True
14978817859067258083,5,16,4,"[4, 4, 4, 4]","[[1, 6, 9, 15], [4, 4, 6, 11], [2, 10, 11, 15], [5, 6, 6, 8]]",0.4,1,2,2,5,PP,"[[1, 1, 1, 1], [3, 1], [1, 2, 1], [4]]",10,35,96,0.6354166666666667,0.001643,20,0.005142722278833389,0.026148080825805664,0.03135552271997261,OPTIMAL,4.0625,0.0,np_gurobi_optimal,0.0,342.0,1.4375,23,9.75,156,4.0625,4.0625,4.0625,4.0625,4.0625,4.0625,True,True,9.75,True,True
14978817859067258083,5,16,4,"[4, 4, 4, 4]","[[1, 6, 9, 15], [4, 4, 6, 11], [2, 10, 11, 15], [5, 6, 6, 8]]",0.4,1,2,3,,CHP,"[[1, 2, 1], [3, 1], [1, 2, 1], [4]]",9,29,96,0.6979166666666667,0.003881,20,0.0049042124301195145,0.015758991241455078,0.020726042047160626,OPTIMAL,4.0625,0.0,np_gurobi_optimal,0.0,150.0,3.0625,49,26.25,420,4.0625,,,4.0625,4.0625,,False,,,False,
14978817859067258083,5,16,4,"[4, 4, 4, 4]","[[1, 6, 9, 15], [4, 4, 6, 11], [2, 10, 11, 15], [5, 6, 6, 8]]",0.4,1,2,3,2,PP,"[[1, 2, 1], [2, 1, 1], [1, 2, 1], [2, 2]]",11,45,96,0.53125,0.004331,20,0.00532776303589344,0.0531461238861084,0.058541328064948085,OPTIMAL,4.0625,0.0,np_gurobi_optimal,0.0,650.0,2.3125,37,14.0,224,4.0625,4.0625,4.0625,4.0625,4.0625,4.0625,True,True,14.0,True,True
14978817859067258083,5,16,4,"[4, 4, 4, 4]","[[1, 6, 9, 15], [4, 4, 6, 11], [2, 10, 11, 15], [5, 6, 6, 8]]",0.4,1,2,3,3,PP,"[[1, 2, 1], [3, 1], [1, 2, 1], [3, 1]]",10,37,96,0.6145833333333333,0.001587,20,0.004967258311808109,0.029028892517089844,0.0340608256201024,OPTIMAL,4.0625,0.0,np_gurobi_optimal,0.0,404.0,2.375,38,17.5,280,4.0625,4.0625,4.0625,4.0625,4.0625,4.0625,True,True,17.5,True,True
14978817859067258083,5,16,4,"[4, 4, 4, 4]","[[1, 6, 9, 15], [4, 4, 6, 11], [2, 10, 11, 15], [5, 6, 6, 8]]",0.4,1,2,3,4,PP,"[[1, 2, 1], [3, 1], [1, 2, 1], [4]]",9,29,96,0.6979166666666667,0.001637,20,0.004828508011996746,0.0145721435546875,0.01946075979188633,OPTIMAL,4.0625,0.0,np_gurobi_optimal,0.0,150.0,3.0625,49,21.0,336,4.0625,4.0625,4.0625,4.0625,4.0625,4.0625,True,True,21.0,True,True
14978817859067258083,5,16,4,"[4, 4, 4, 4]","[[1, 6, 9, 15], [4, 4, 6, 11], [2, 10, 11, 15], [5, 6, 6, 8]]",0.4,1,2,3,5,PP,"[[1, 2, 1], [3, 1], [1, 2, 1], [4]]",9,29,96,0.6979166666666667,0.001647,20,0.004648355767130852,0.014316797256469727,0.019022927109882355,OPTIMAL,4.0625,0.0,np_gurobi_optimal,0.0,150.0,3.0625,49,21.0,336,4.0625,4.0625,4.0625,4.0625,4.0625,4.0625,True,True,21.0,True,True
14978817859067258083,5,16,4,"[4, 4, 4, 4]","[[1, 6, 9, 15], [4, 4, 6, 11], [2, 10, 11, 15], [5, 6, 6, 8]]",0.4,1,2,4,,CHP,"[[1, 2, 1], [3, 1], [1, 3], [4]]",8,23,96,0.7604166666666666,0.001628,20,0.004348401911556721,0.014758825302124023,0.019161527093210697,OPTIMAL,4.0625,0.0,np_gurobi_optimal,0.0,74.0,5.375,86,40.3125,645,4.0625,,,4.0625,4.0625,,False,,,False,
14978817859067258083,5,16,4,"[4, 4, 4, 4]","[[1, 6, 9, 15], [4, 4, 6, 11], [2, 10, 11, 15], [5, 6, 6, 8]]",0.4,1,2,4,2,PP,"[[1, 2, 1], [2, 1, 1], [1, 2, 1], [2, 2]]",11,45,96,0.53125,0.0017675,20,0.00548324640840292,0.05285215377807617,0.05839734975125074,OPTIMAL,4.0625,0.0,np_gurobi_optimal,0.0,650.0,2.3125,37,21.5,344,4.0625,4.0625,4.0625,4.0625,4.0625,4.0625,True,True,21.5,True,True
14978817859067258083,5,16,4,"[4, 4, 4, 4]","[[1, 6, 9, 15], [4, 4, 6, 11], [2, 10, 11, 15], [5, 6, 6, 8]]",0.4,1,2,4,3,PP,"[[1, 2, 1], [3, 1], [1, 3], [3, 1]]",9,30,96,0.6875,0.0017025,20,0.004768937826156616,0.022782087326049805,0.02761106290431261,OPTIMAL,4.0625,0.0,np_gurobi_optimal,0.0,257.0,4.6875,75,26.875,430,4.0625,4.0625,4.0625,4.0625,4.0625,4.0625,True,True,26.875,True,True
14978817859067258083,5,16,4,"[4, 4, 4, 4]","[[1, 6, 9, 15], [4, 4, 6, 11], [2, 10, 11, 15], [5, 6, 6, 8]]",0.4,1,2,4,4,PP,"[[1, 2, 1], [3, 1], [1, 3], [4]]",8,23,96,0.7604166666666666,0.004332,20,0.004584940150380135,0.014141082763671875,0.018784728319925784,OPTIMAL,4.0625,0.0,np_gurobi_optimal,0.0,74.0,5.375,86,32.25,516,4.0625,4.0625,4.0625,4.0625,4.0625,4.0625,True,True,32.25,True,True
14978817859067258083,5,16,4,"[4, 4, 4, 4]","[[1, 6, 9, 15], [4, 4, 6, 11], [2, 10, 11, 15], [5, 6, 6, 8]]",0.4,1,2,4,5,PP,"[[1, 2, 1], [3, 1], [1, 3], [4]]",8,23,96,0.7604166666666666,0.004176,20,0.004468965344130993,0.015011072158813477,0.019539372945071222,OPTIMAL,4.0625,0.0,np_gurobi_optimal,0.0,74.0,5.375,86,32.25,516,4.0625,4.0625,4.0625,4.0625,4.0625,4.0625,True,True,32.25,True,True
673082500957073531,6,16,4,"[4, 4, 4, 4]","[[5, 11, 11, 12], [5, 6, 14, 18], [3, 4, 5, 6], [3, 6, 7, 8]]",0.4,1,2,,1,NP,"[[1, 1, 1, 1], [1, 1, 1, 1], [1, 1, 1, 1], [1, 1, 1, 1]]",16,96,96,0.0,0.0012115,20,0.005780257284641266,0.6208550930023193,0.6267031057162394,OPTIMAL,4.25,0.0,np_gurobi_optimal,0.0,13773.0,0.0,0,0.0,0,4.25,,,4.25,,,False,,,False,
673082500957073531,6,16,4,"[4, 4, 4, 4]","[[5, 11, 11, 12], [5, 6, 14, 18], [3, 4, 5, 6], [3, 6, 7, 8]]",0.4,1,2,2,,CHP,"[[1, 3], [2, 1, 1], [4], [1, 3]]",8,23,96,0.7604166666666666,0.0016325,20,0.005173889920115471,0.011584997177124023,0.016823919381506444,OPTIMAL,4.25,0.0,np_gurobi_optimal,0.0,1.0,0.0,0,12.1875,195,4.25,,,4.25,4.25,,False,,,False,
673082500957073531,6,16,4,"[4, 4, 4, 4]","[[5, 11, 11, 12], [5, 6, 14, 18], [3, 4, 5, 6], [3, 6, 7, 8]]",0.4,1,2,2,2,PP,"[[1, 2, 1], [2, 1, 1], [2, 2], [1, 2, 1]]",11,45,96,0.53125,0.004321,20,0.005323886871337891,0.060153961181640625,0.06554778817894077,OPTIMAL,4.25,0.0,np_gurobi_optimal,0.0,732.0,0.0,0,6.5,104,4.25,4.25,4.25,4.25,4.25,4.25,True,True,6.5,True,True
673082500957073531,6,16,4,"[4, 4, 4, 4]","[[5, 11, 11, 12], [5, 6, 14, 18], [3, 4, 5, 6], [3, 6, 7, 8]]",0.4,1,2,2,3,PP,"[[1, 3], [2, 1, 1], [3, 1], [1, 3]]",9,30,96,0.6875,0.0017475,20,0.005213500000536442,0.022146940231323242,0.027426429431734085,OPTIMAL,4.25,0.0,np_gurobi_optimal,0.0,179.0,0.0,0,8.125,130,4.25,4.25,4.25,4.25,4.25,4.25,True,True,8.125,True,True
673082500957073531,6,16,4,"[4, 4, 4, 4]","[[5, 11, 11, 12], [5, 6, 14, 18], [3, 4, 5, 6], [3, 6, 7, 8]]",0.4,1,2,2,4,PP,"[[1, 3], [2, 1, 1], [4], [1, 3]]",8,23,96,0.7604166666666666,0.0016375,20,0.004599512554705143,0.010488033294677734,0.015142582591843605,OPTIMAL,4.25,0.0,np_gurobi_optimal,0.0,1.0,0.0,0,9.75,156,4.25,4.25,4.25,4.25,4.25,4.25,True,True,9.75,True,True
673082500957073531,6,16,4,"[4, 4, 4, 4]","[[5, 11, 11, 12], [5, 6, 14, 18], [3, 4, 5, 6], [3, 6, 7, 8]]",0.4,1,2,2,5,PP,"[[1, 3], [2, 1, 1], [4], [1, 3]]",8,23,96,0.7604166666666666,0.0043415,20,0.005244766362011433,0.010689973831176758,0.01599636361946249,OPTIMAL,4.25,0.0,np_gurobi_optimal,0.0,1.0,0.0,0,9.75,156,4.25,4.25,4.25,4.25,4.25,4.25,True,True,9.75,True,True
673082500957073531,6,16,4,"[4, 4, 4, 4]","[[5, 11, 11, 12], [5, 6, 14, 18], [3, 4, 5, 6], [3, 6, 7, 8]]",0.4,1,2,3,,CHP,"[[1, 3], [2, 1, 1], [4], [4]]",7,17,96,0.8229166666666666,0.004191,20,0.004478590562939644,0.0041429996490478516,0.008681747179463864,OPTIMAL,4.25,0.0,np_gurobi_optimal,0.0,1.0,1.75,28,26.25,420,4.25,,,4.25,4.25,,False,,,False,
673082500957073531,6,16,4,"[4, 4, 4, 4]","[[5, 11, 11, 12], [5, 6, 14, 18], [3, 4, 5, 6], [3, 6, 7, 8]]",0.4,1,2,3,2,PP,"[[1, 2, 1], [2, 1, 1], [2, 2], [2, 2]]",10,37,96,0.6145833333333333,0.001852,20,0.004669877700507641,0.03810906410217285,0.042844197312237736,OPTIMAL,4.25,0.0,np_gurobi_optimal,0.0,394.0,1.75,28,14.0,224,4.25,4.25,4.25,4.25,4.25,4.25,True,True,14.0,True,True
673082500957073531,6,16,4,"[4, 4, 4, 4]","[[5, 11, 11, 12], [5, 6, 14, 18], [3, 4, 5, 6], [3, 6, 7, 8]]",0.4,1,2,3,3,PP,"[[1, 3], [2, 1, 1], [3, 1], [3, 1]]",9,30,96,0.6875,0.0016525,20,0.0049295201897621155,0.02224898338317871,0.027241424991157056,OPTIMAL,4.25,0.0,np_gurobi_optimal,0.0,196.0,1.75,28,17.5,280,4.25,4.25,4.25,4.25,4.25,4.25,True,True,17.5,True,True
673082500957073531,6,16,4,"[4, 4, 4, 4]","[[5, 11, 11, 12], [5, 6, 14, 18], [3, 4, 5, 6], [3, 6, 7, 8]]",0.4,1,2,3,4,PP,"[[1, 3], [2, 1, 1], [4], [4]]",7,17,96,0.8229166666666666,0.0016975,20,0.004795038141310215,0.004667997360229492,0.00952473159576416,OPTIMAL,4.25,0.0,np_gurobi_optimal,0.0,1.0,1.75,28,21.0,336,4.25,4.25,4.25,4.25,4.25,4.25,True,True,21.0,True,True
673082500957073531,6,16,4,"[4, 4, 4, 4]","[[5, 11, 11, 12], [5, 6, 14, 18], [3, 4, 5, 6], [3, 6, 7, 8]]",0.4,1,2,3,5,PP,"[[1, 3], [2, 1, 1], [4], [4]]",7,17,96,0.8229166666666666,0.0016625,20,0.004419070668518543,0.004683971405029297,0.00915974480638504,OPTIMAL,4.25,0.0,np_gurobi_optimal,0.0,1.0,1.75,28,21.0,336,4.25,4.25,4.25,4.25,4.25,4.25,True,True,21.0,True,True
673082500957073531,6,16,4,"[4, 4, 4, 4]","[[5, 11, 11, 12], [5, 6, 14, 18], [3, 4, 5, 6], [3, 6, 7, 8]]",0.4,1,2,4,,CHP,"[[1, 3], [2, 2], [4], [4]]",6,13,96,0.8645833333333334,0.003956,20,0.00448368676006794,0.003567934036254883,0.00811088897535181,OPTIMAL,4.25,0.0,np_gurobi_optimal,0.0,1.0,4.0625,65,40.3125,645,4.25,,,4.25,4.25,,False,,,False,
673082500957073531,6,16,4,"[4, 4, 4, 4]","[[5, 11, 11, 12], [5, 6, 14, 18], [3, 4, 5, 6], [3, 6, 7, 8]]",0.4,1,2,4,2,PP,"[[1, 2, 1], [2, 2], [2, 2], [2, 2]]",9,30,96,0.6875,0.0016575,20,0.0050642648711800575,0.0264279842376709,0.03155673269841194,OPTIMAL,4.25,0.0,np_gurobi_optimal,0.0,299.0,4.0625,65,21.5,344,4.25,4.25,4.25,4.25,4.25,4.25,True,True,21.5,True,True
673082500957073531,6,16,4,"[4, 4, 4, 4]","[[5, 11, 11, 12], [5, 6, 14, 18], [3, 4, 5, 6], [3, 6, 7, 8]]",0.4,1,2,4,3,PP,"[[1, 3], [2, 2], [3, 1], [3, 1]]",8,24,96,0.75,0.004552,20,0.00507216714322567,0.024909019470214844,0.030056285367145063,OPTIMAL,4.25,0.0,np_gurobi_optimal,0.0,154.0,4.0625,65,26.875,430,4.25,4.25,4.25,4.25,4.25,4.25,True,True,26.875,True,True
673082500957073531,6,16,4,"[4, 4, 4, 4]","[[5, 11, 11, 12], [5, 6, 14, 18], [3, 4, 5, 6], [3, 6, 7, 8]]",0.4,1,2,4,4,PP,"[[1, 3], [2, 2], [4], [4]]",6,13,96,0.8645833333333334,0.0016825,20,0.004809108562767506,0.003947019577026367,0.008819480026717187,OPTIMAL,4.25,0.0,np_gurobi_optimal,0.0,1.0,4.0625,65,32.25,516,4.25,4.25,4.25,4.25,4.25,4.25,True,True,32.25,True,True
673082500957073531,6,16,4,"[4, 4, 4, 4]","[[5, 11, 11, 12], [5, 6, 14, 18], [3, 4, 5, 6], [3, 6, 7, 8]]",0.4,1,2,4,5,PP,"[[1, 3], [2, 2], [4], [4]]",6,13,96,0.8645833333333334,0.0016825,20,0.004403785802423954,0.0041239261627197266,0.008586287098581792,OPTIMAL,4.25,0.0,np_gurobi_optimal,0.0,1.0,4.0625,65,32.25,516,4.25,4.25,4.25,4.25,4.25,4.25,True,True,32.25,True,True
16069414720532630706,7,16,4,"[4, 4, 4, 4]","[[2, 6, 7, 11], [0, 1, 2, 9], [3, 5, 10, 11], [3, 4, 5, 7]]",0.4,1,2,,1,NP,"[[1, 1, 1, 1], [1, 1, 1, 1], [1, 1, 1, 1], [1, 1, 1, 1]]",16,96,96,0.0,0.001242,20,0.006193190813064575,0.48766016960144043,0.49392201992435886,OPTIMAL,3.875,0.0,np_gurobi_optimal,0.0,15021.0,0.0,0,0.0,0,3.875,,,3.875,,,False,,,False,
16069414720532630706,7,16,4,"[4, 4, 4, 4]","[[2, 6, 7, 11], [0, 1, 2, 9], [3, 5, 10, 11], [3, 4, 5, 7]]",0.4,1,2,2,,CHP,"[[1, 2, 1], [3, 1], [2, 2], [4]]",8,23,96,0.7604166666666666,0.003976,20,0.004990123212337494,0.018585920333862305,0.02364120278273916,OPTIMAL,3.875,0.0,np_gurobi_optimal,0.0,103.0,1.5,24,12.1875,195,3.875,,,3.875,3.875,,False,,,False,
16069414720532630706,7,16,4,"[4, 4, 4, 4]","[[2, 6, 7, 11], [0, 1, 2, 9], [3, 5, 10, 11], [3, 4, 5, 7]]",0.4,1,2,2,2,PP,"[[1, 2, 1], [2, 1, 1], [2, 2], [2, 2]]",10,37,96,0.6145833333333333,0.0016825,20,0.005104546435177326,0.05465507507324219,0.05982296128814936,OPTIMAL,3.875,0.0,np_gurobi_optimal,0.0,704.0,1.5,24,6.5,104,3.875,3.875,3.875,3.875,3.875,3.875,True,True,6.5,True,True
16069414720532630706,7,16,4,"[4, 4, 4, 4]","[[2, 6, 7, 11], [0, 1, 2, 9], [3, 5, 10, 11], [3, 4, 5, 7]]",0.4,1,2,2,3,PP,"[[1, 2, 1], [3, 1], [2, 2], [3, 1]]",9,30,96,0.6875,0.001692,20,0.005145806819200516,0.030812978744506836,0.036020302931932924,OPTIMAL,3.875,0.0,np_gurobi_optimal,0.0,375.0,0.8125,13,8.125,130,3.875,3.875,3.875,3.875,3.875,3.875,True,True,8.125,True,True
16069414720532630706,7,16,4,"[4, 4, 4, 4]","[[2, 6, 7, 11], [0, 1, 2, 9], [3, 5, 10, 11], [3, 4, 5, 7]]",0.4,1,2,2,4,PP,"[[1, 2, 1], [3, 1], [2, 2], [4]]",8,23,96,0.7604166666666666,0.0039605,20,0.004693533293902874,0.017325162887573242,0.022075640554068566,OPTIMAL,3.875,0.0,np_gurobi_optimal,0.0,103.0,1.5,24,9.75,156,3.875,3.875,3.875,3.875,3.875,3.875,True,True,9.75,True,True
16069414720532630706,7,16,4,"[4, 4, 4, 4]","[[2, 6, 7, 11], [0, 1, 2, 9], [3, 5, 10, 11], [3, 4, 5, 7]]",0.4,1,2,2,5,PP,"[[1, 2, 1], [3, 1], [2, 2], [4]]",8,23,96,0.7604166666666666,0.001573,20,0.004374791868031025,0.017679929733276367,0.022108316417680265,OPTIMAL,3.875,0.0,np_gurobi_optimal,0.0,103.0,1.5,24,9.75,156,3.875,3.875,3.875,3.875,3.875,3.875,True,True,9.75,True,True
16069414720532630706,7,16,4,"[4, 4, 4, 4]","[[2, 6, 7, 11], [0, 1, 2, 9], [3, 5, 10, 11], [3, 4, 5, 7]]",0.4,1,2,3,,CHP,"[[1, 2, 1], [3, 1], [2, 2], [4]]",8,23,96,0.7604166666666666,0.0016175,20,0.004554092884063721,0.017979145050048828,0.022588607647829054,OPTIMAL,3.875,0.0,np_gurobi_optimal,0.0,103.0,1.5,24,26.25,420,3.875,,,3.875,3.875,,False,,,False,
16069414720532630706,7,16,4,"[4, 4, 4, 4]","[[2, 6, 7, 11], [0, 1, 2, 9], [3, 5, 10, 11], [3, 4, 5, 7]]",0.4,1,2,3,2,PP,"[[1, 2, 1], [2, 1, 1], [2, 2], [2, 2]]",10,37,96,0.6145833333333333,0.0018525,20,0.004951284267008305,0.04824185371398926,0.05325807827220202,OPTIMAL,3.875,0.0,np_gurobi_optimal,0.0,704.0,1.5,24,14.0,224,3.875,3.875,3.875,3.875,3.875,3.875,True,True,14.0,True,True
16069414720532630706,7,16,4,"[4, 4, 4, 4]","[[2, 6, 7, 11], [0, 1, 2, 9], [3, 5, 10, 11], [3, 4, 5, 7]]",0.4,1,2,3,3,PP,"[[1, 2, 1], [3, 1], [2, 2], [3, 1]]",9,30,96,0.6875,0.0016725,20,0.0047294581308960915,0.029011964797973633,0.03380391358695984,OPTIMAL,3.875,0.0,np_gurobi_optimal,0.0,375.0,0.8125,13,17.5,280,3.875,3.875,3.875,3.875,3.875,3.875,True,True,17.5,True,True
16069414720532630706,7,16,4,"[4, 4, 4, 4]","[[2, 6, 7, 11], [0, 1, 2, 9], [3, 5, 10, 11], [3, 4, 5, 7]]",0.4,1,2,3,4,PP,"[[1, 2, 1], [3, 1], [2, 2], [4]]",8,23,96,0.7604166666666666,0.0016625,20,0.004465940408408642,0.01740407943725586,0.021930016666448116,OPTIMAL,3.875,0.0,np_gurobi_optimal,0.0,103.0,1.5,24,21.0,336,3.875,3.875,3.875,3.875,3.875,3.875,True,True,21.0,True,True
16069414720532630706,7,16,4,"[4, 4, 4, 4]","[[2, 6, 7, 11], [0, 1, 2, 9], [3, 5, 10, 11], [3, 4, 5, 7]]",0.4,1,2,3,5,PP,"[[1, 2, 1], [3, 1], [2, 2], [4]]",8,23,96,0.7604166666666666,0.0016275,20,0.004450556822121143,0.0185239315032959,0.023032077136280537,OPTIMAL,3.875,0.0,np_gurobi_optimal,0.0,103.0,1.5,24,21.0,336,3.875,3.875,3.875,3.875,3.875,3.875,True,True,21.0,True,True
16069414720532630706,7,16,4,"[4, 4, 4, 4]","[[2, 6, 7, 11], [0, 1, 2, 9], [3, 5, 10, 11], [3, 4, 5, 7]]",0.4,1,2,4,,CHP,"[[4], [3, 1], [2, 2], [4]]",6,13,96,0.8645833333333334,0.002724,20,0.0043258583173155785,0.0036618709564208984,0.008045530759476663,OPTIMAL,3.875,0.0,np_gurobi_optimal,0.0,1.0,6.5,104,40.3125,645,3.875,,,3.875,3.875,,False,,,False,
16069414720532630706,7,16,4,"[4, 4, 4, 4]","[[2, 6, 7, 11], [0, 1, 2, 9], [3, 5, 10, 11], [3, 4, 5, 7]]",0.4,1,2,4,2,PP,"[[2, 2], [2, 1, 1], [2, 2], [2, 2]]",9,30,96,0.6875,0.0016875,20,0.004417937248945236,0.026960134506225586,0.03143657086354494,OPTIMAL,3.875,0.0,np_gurobi_optimal,0.0,187.0,6.5,104,21.5,344,3.875,3.875,3.875,3.875,3.875,3.875,True,True,21.5,True,True
16069414720532630706,7,16,4,"[4, 4, 4, 4]","[[2, 6, 7, 11], [0, 1, 2, 9], [3, 5, 10, 11], [3, 4, 5, 7]]",0.4,1,2,4,3,PP,"[[3, 1], [3, 1], [2, 2], [3, 1]]",8,24,96,0.75,0.0016825,20,0.004389625042676926,0.016930103302001953,0.02137598914151907,OPTIMAL,3.875,0.0,np_gurobi_optimal,0.0,129.0,3.5,56,26.875,430,3.875,3.875,3.875,3.875,3.875,3.875,True,True,26.875,True,True
16069414720532630706,7,16,4,"[4, 4, 4, 4]","[[2, 6, 7, 11], [0, 1, 2, 9], [3, 5, 10, 11], [3, 4, 5, 7]]",0.4,1,2,4,4,PP,"[[4], [3, 1], [2, 2], [4]]",6,13,96,0.8645833333333334,0.0040865,20,0.004452980123460293,0.0035600662231445312,0.00806949645836258,OPTIMAL,3.875,0.0,np_gurobi_optimal,0.0,1.0,6.5,104,32.25,516,3.875,3.875,3.875,3.875,3.875,3.875,True,True,32.25,True,True
16069414720532630706,7,16,4,"[4, 4, 4, 4]","[[2, 6, 7, 11], [0, 1, 2, 9], [3, 5, 10, 11], [3, 4, 5, 7]]",0.4,1,2,4,5,PP,"[[4], [3, 1], [2, 2], [4]]",6,13,96,0.8645833333333334,0.0015325,20,0.0042977966368198395,0.002813100814819336,0.007161224735291004,OPTIMAL,3.875,0.0,np_gurobi_optimal,0.0,1.0,6.5,104,32.25,516,3.875,3.875,3.875,3.875,3.875,3.875,True,True,32.25,True,True
4793452198431420091,8,16,4,"[4, 4, 4, 4]","[[1, 6, 8, 8], [2, 6, 7, 8], [5, 5, 6, 10], [5, 24, 25, 26]]",0.4,1,2,,1,NP,"[[1, 1, 1, 1], [1, 1, 1, 1], [1, 1, 1, 1], [1, 1, 1, 1]]",16,96,96,0.0,0.003029,20,0.006047500297427177,0.13545703887939453,0.14156896189226292,OPTIMAL,3.3125,0.0,np_gurobi_optimal,0.0,2002.0,0.0,0,0.0,0,3.3125,,,3.3125,,,False,,,False,
4793452198431420091,8,16,4,"[4, 4, 4, 4]","[[1, 6, 8, 8], [2, 6, 7, 8], [5, 5, 6, 10], [5, 24, 25, 26]]",0.4,1,2,2,,CHP,"[[1, 3], [1, 3], [3, 1], [1, 3]]",8,24,96,0.75,0.004171,20,0.005342154763638973,0.01037907600402832,0.01578556427466488,OPTIMAL,3.3125,0.0,np_gurobi_optimal,0.0,42.0,0.75,12,12.1875,195,3.3125,,,3.3125,3.3125,,False,,,False,
4793452198431420091,8,16,4,"[4, 4, 4, 4]","[[1, 6, 8, 8], [2, 6, 7, 8], [5, 5, 6, 10], [5, 24, 25, 26]]",0.4,1,2,2,2,PP,"[[1, 2, 1], [1, 2, 1], [2, 1, 1], [1, 2, 1]]",12,54,96,0.4375,0.001793,20,0.005266460590064526,0.03844594955444336,0.04377174025316763,OPTIMAL,3.3125,0.0,np_gurobi_optimal,0.0,245.0,0.75,12,6.5,104,3.3125,3.3125,3.3125,3.3125,3.3125,3.3125,True,True,6.5,True,True
4793452198431420091,8,16,4,"[4, 4, 4, 4]","[[1, 6, 8, 8], [2, 6, 7, 8], [5, 5, 6, 10], [5, 24, 25, 26]]",0.4,1,2,2,3,PP,"[[1, 3], [1, 3], [3, 1], [1, 3]]",8,24,96,0.75,0.0042665,20,0.004876120015978813,0.009817838668823242,0.014756243787232877,OPTIMAL,3.3125,0.0,np_gurobi_optimal,0.0,42.0,0.75,12,8.125,130,3.3125,3.3125,3.3125,3.3125,3.3125,3.3125,True,True,8.125,True,True
4793452198431420091,8,16,4,"[4, 4, 4, 4]","[[1, 6, 8, 8], [2, 6, 7, 8], [5, 5, 6, 10], [5, 24, 25, 26]]",0.4,1,2,2,4,PP,"[[1, 3], [1, 3], [3, 1], [1, 3]]",8,24,96,0.75,0.001673,20,0.004495454020798206,0.010057926177978516,0.014611305082283498,OPTIMAL,3.3125,0.0,np_gurobi_optimal,0.0,42.0,0.75,12,9.75,156,3.3125,3.3125,3.3125,3.3125,3.3125,3.3125,True,True,9.75,True,True
4793452198431420091,8,16,4,"[4, 4, 4, 4]","[[1, 6, 8, 8], [2, 6, 7, 8], [5, 5, 6, 10], [5, 24, 25, 26]]",0.4,1,2,2,5,PP,"[[1, 3], [1, 3], [3, 1], [1, 3]]",8,24,96,0.75,0.001642,20,0.00461122952401638,0.009995222091674805,0.01466474503658247,OPTIMAL,3.3125,0.0,np_gurobi_optimal,0.0,42.0,0.75,12,9.75,156,3.3125,3.3125,3.3125,3.3125,3.3125,3.3125,True,True,9.75,True,True
4793452198431420091,8,16,4,"[4, 4, 4, 4]","[[1, 6, 8, 8], [2, 6, 7, 8], [5, 5, 6, 10], [5, 24, 25, 26]]",0.4,1,2,3,,CHP,"[[1, 3], [1, 3], [3, 1], [1, 3]]",8,24,96,0.75,0.001492,20,0.004257926717400551,0.010126113891601562,0.014440626858548642,OPTIMAL,3.3125,0.0,np_gurobi_optimal,0.0,42.0,0.75,12,26.25,420,3.3125,,,3.3125,3.3125,,False,,,False,
4793452198431420091,8,16,4,"[4, 4, 4, 4]","[[1, 6, 8, 8], [2, 6, 7, 8], [5, 5, 6, 10], [5, 24, 25, 26]]",0.4,1,2,3,2,PP,"[[1, 2, 1], [1, 2, 1], [2, 1, 1], [1, 2, 1]]",12,54,96,0.4375,0.001783,20,0.005239219404757023,0.03909707069396973,0.04439684514112043,OPTIMAL,3.3125,0.0,np_gurobi_optimal,0.0,245.0,0.75,12,14.0,224,3.3125,3.3125,3.3125,3.3125,3.3125,3.3125,True,True,14.0,True,True
4793452198431420091,8,16,4,"[4, 4, 4, 4]","[[1, 6, 8, 8], [2, 6, 7, 8], [5, 5, 6, 10], [5, 24, 25, 26]]",0.4,1,2,3,3,PP,"[[1, 3], [1, 3], [3, 1], [1, 3]]",8,24,96,0.75,0.0016425,20,0.004472730681300163,0.009439945220947266,0.01397340057505846,OPTIMAL,3.3125,0.0,np_gurobi_optimal,0.0,42.0,0.75,12,17.5,280,3.3125,3.3125,3.3125,3.3125,3.3125,3.3125,True,True,17.5,True,True
4793452198431420091,8,16,4,"[4, 4, 4, 4]","[[1, 6, 8, 8], [2, 6, 7, 8], [5, 5, 6, 10], [5, 24, 25, 26]]",0.4,1,2,3,4,PP,"[[1, 3], [1, 3], [3, 1], [1, 3]]",8,24,96,0.75,0.002879,20,0.004791491664946079,0.010311126708984375,0.015163163005105496,OPTIMAL,3.3125,0.0,np_gurobi_optimal,0.0,42.0,0.75,12,21.0,336,3.3125,3.3125,3.3125,3.3125,3.3125,3.3125,True,True,21.0,True,True
4793452198431420091,8,16,4,"[4, 4, 4, 4]","[[1, 6, 8, 8], [2, 6, 7, 8], [5, 5, 6, 10], [5, 24, 25, 26]]",0.4,1,2,3,5,PP,"[[1, 3], [1, 3], [3, 1], [1, 3]]",8,24,96,0.75,0.0017125,20,0.004443446174263954,0.010132789611816406,0.014634949884259701,OPTIMAL,3.3125,0.0,np_gurobi_optimal,0.0,42.0,0.75,12,21.0,336,3.3125,3.3125,3.3125,3.3125,3.3125,3.3125,True,True,21.0,True,True
4793452198431420091,8,16,4,"[4, 4, 4, 4]","[[1, 6, 8, 8], [2, 6, 7, 8], [5, 5, 6, 10], [5, 24, 25, 26]]",0.4,1,2,4,,CHP,"[[1, 3], [4], [4], [1, 3]]",6,13,96,0.8645833333333334,0.001592,20,0.004167139530181885,0.0027740001678466797,0.006996835020355701,OPTIMAL,3.8125,0.5,np_gurobi_optimal,0.0,1.0,5.75,92,40.3125,645,3.3125,,,3.3125,3.8125,,False,,,False,
4793452198431420091,8,16,4,"[4, 4, 4, 4]","[[1, 6, 8, 8], [2, 6, 7, 8], [5, 5, 6, 10], [5, 24, 25, 26]]",0.4,1,2,4,2,PP,"[[1, 2, 1], [2, 2], [2, 2], [1, 2, 1]]",10,37,96,0.6145833333333333,0.004116,20,0.0048409271985292435,0.019316911697387695,0.02422424361235237,OPTIMAL,3.8125,0.5,np_gurobi_optimal,0.0,112.0,5.75,92,21.5,344,3.3125,3.8125,3.8125,3.3125,3.8125,3.8125,True,True,21.0,True,True
4793452198431420091,8,16,4,"[4, 4, 4, 4]","[[1, 6, 8, 8], [2, 6, 7, 8], [5, 5, 6, 10], [5, 24, 25, 26]]",0.4,1,2,4,3,PP,"[[1, 3], [3, 1], [3, 1], [1, 3]]",8,24,96,0.75,0.001603,20,0.004089660942554474,0.015349864959716797,0.01949163080020237,OPTIMAL,3.8125,0.5,np_gurobi_optimal,0.0,63.0,3.4375,55,26.875,430,3.3125,3.8125,3.8125,3.3125,3.8125,3.8125,True,True,26.375,True,True
4793452198431420091,8,16,4,"[4, 4, 4, 4]","[[1, 6, 8, 8], [2, 6, 7, 8], [5, 5, 6, 10], [5, 24, 25, 26]]",0.4,1,2,4,4,PP,"[[1, 3], [4], [4], [1, 3]]",6,13,96,0.8645833333333334,0.0016225,20,0.0040606968104839325,0.0026700496673583984,0.00678651700365305,OPTIMAL,3.8125,0.5,np_gurobi_optimal,0.0,1.0,5.75,92,32.25,516,3.3125,3.8125,3.8125,3.3125,3.8125,3.8125,True,True,31.75,True,True
4793452198431420091,8,16,4,"[4, 4, 4, 4]","[[1, 6, 8, 8], [2, 6, 7, 8], [5, 5, 6, 10], [5, 24, 25, 26]]",0.4,1,2,4,5,PP,"[[1, 3], [4], [4], [1, 3]]",6,13,96,0.8645833333333334,0.0041365,20,0.004204554483294487,0.003264904022216797,0.007528169577061176,OPTIMAL,3.8125,0.5,np_gurobi_optimal,0.0,1.0,5.75,92,32.25,516,3.3125,3.8125,3.8125,3.3125,3.8125,3.8125,True,True,31.75,True,True
10688558293643671994,9,16,4,"[4, 4, 4, 4]","[[2, 4, 5, 7], [7, 8, 13, 14], [3, 3, 5, 7], [3, 10, 10, 14]]",0.4,1,2,,1,NP,"[[1, 1, 1, 1], [1, 1, 1, 1], [1, 1, 1, 1], [1, 1, 1, 1]]",16,96,96,0.0,0.0031045,20,0.005905907601118088,1.341883897781372,1.3478600824545068,OPTIMAL,4.6875,0.0,np_gurobi_optimal,0.0,31266.0,0.0,0,0.0,0,4.6875,,,4.6875,,,False,,,False,
10688558293643671994,9,16,4,"[4, 4, 4, 4]","[[2, 4, 5, 7], [7, 8, 13, 14], [3, 3, 5, 7], [3, 10, 10, 14]]",0.4,1,2,2,,CHP,"[[4], [2, 2], [4], [1, 2, 1]]",7,17,96,0.8229166666666666,0.003881,20,0.004962940700352192,0.014561176300048828,0.019586679704504967,OPTIMAL,5.5625,0.875,np_gurobi_optimal,0.0,134.0,2.9375,47,12.1875,195,4.6875,,,4.6875,5.5625,,False,,,False,
10688558293643671994,9,16,4,"[4, 4, 4, 4]","[[2, 4, 5, 7], [7, 8, 13, 14], [3, 3, 5, 7], [3, 10, 10, 14]]",0.4,1,2,2,2,PP,"[[2, 2], [2, 2], [2, 2], [1, 2, 1]]",9,30,96,0.6875,0.001668,20,0.004748878069221973,0.04280519485473633,0.047619441525416854,OPTIMAL,5.25,0.5625,np_gurobi_optimal,0.0,948.0,2.1875,35,6.5,104,4.6875,5.5625,5.25,4.6875,5.5625,5.25,True,True,5.9375,True,True
10688558293643671994,9,16,4,"[4, 4, 4, 4]","[[2, 4, 5, 7], [7, 8, 13, 14], [3, 3, 5, 7], [3, 10, 10, 14]]",0.4,1,2,2,3,PP,"[[3, 1], [2, 2], [3, 1], [1, 2, 1]]",9,30,96,0.6875,0.003991,20,0.0052147721871733665,0.03593897819519043,0.04121896652841902,OPTIMAL,5.0,0.3125,np_gurobi_optimal,0.0,788.0,1.5625,25,8.125,130,4.6875,5.5625,5.0,4.6875,5.5625,5.0,True,True,7.8125,True,True
10688558293643671994,9,16,4,"[4, 4, 4, 4]","[[2, 4, 5, 7], [7, 8, 13, 14], [3, 3, 5, 7], [3, 10, 10, 14]]",0.4,1,2,2,4,PP,"[[4], [2, 2], [4], [1, 2, 1]]",7,17,96,0.8229166666666666,0.001707,20,0.004711019806563854,0.016064882278442383,0.020837489401263714,OPTIMAL,5.5625,0.875,np_gurobi_optimal,0.0,134.0,2.9375,47,9.75,156,4.6875,5.5625,5.5625,4.6875,5.5625,5.5625,True,True,8.875,True,True
10688558293643671994,9,16,4,"[4, 4, 4, 4]","[[2, 4, 5, 7], [7, 8, 13, 14], [3, 3, 5, 7], [3, 10, 10, 14]]",0.4,1,2,2,5,PP,"[[4], [2, 2], [4], [1, 2, 1]]",7,17,96,0.8229166666666666,0.004106,20,0.005247221328318119,0.017177820205688477,0.022487709097498417,OPTIMAL,5.5625,0.875,np_gurobi_optimal,0.0,134.0,2.9375,47,9.75,156,4.6875,5.5625,5.5625,4.6875,5.5625,5.5625,True,True,8.875,True,True
10688558293643671994,9,16,4,"[4, 4, 4, 4]","[[2, 4, 5, 7], [7, 8, 13, 14], [3, 3, 5, 7], [3, 10, 10, 14]]",0.4,1,2,3,,CHP,"[[4], [2, 2], [4], [1, 2, 1]]",7,17,96,0.8229166666666666,0.0016675,20,0.004488924518227577,0.015110969543457031,0.019665077761273384,OPTIMAL,5.5625,0.875,np_gurobi_optimal,0.0,134.0,2.9375,47,26.25,420,4.6875,,,4.6875,5.5625,,False,,,False,
10688558293643671994,9,16,4,"[4, 4, 4, 4]","[[2, 4, 5, 7], [7, 8, 13, 14], [3, 3, 5, 7], [3, 10, 10, 14]]",0.4,1,2,3,2,PP,"[[2, 2], [2, 2], [2, 2], [1, 2, 1]]",9,30,96,0.6875,0.004041,20,0.004673384130001068,0.058557987213134766,0.06330228409796095,OPTIMAL,5.25,0.5625,np_gurobi_optimal,0.0,948.0,2.1875,35,14.0,224,4.6875,5.5625,5.25,4.6875,5.5625,5.25,True,True,13.4375,True,True
10688558293643671994,9,16,4,"[4, 4, 4, 4]","[[2, 4, 5, 7], [7, 8, 13, 14], [3, 3, 5, 7], [3, 10, 10, 14]]",0.4,1,2,3,3,PP,"[[3, 1], [2, 2], [3, 1], [1, 2, 1]]",9,30,96,0.6875,0.0016925,20,0.004997082985937595,0.04966402053833008,0.054724895682220456,OPTIMAL,5.0,0.3125,np_gurobi_optimal,0.0,788.0,1.5625,25,17.5,280,4.6875,5.5625,5.0,4.6875,5.5625,5.0,True,True,17.1875,True,True
10688558293643671994,9,16,4,"[4, 4, 4, 4]","[[2, 4, 5, 7], [7, 8, 13, 14], [3, 3, 5, 7], [3, 10, 10, 14]]",0.4,1,2,3,4,PP,"[[4], [2, 2], [4], [1, 2, 1]]",7,17,96,0.8229166666666666,0.0042115,20,0.005122242495417595,0.02255415916442871,0.027771972179125786,OPTIMAL,5.5625,0.875,np_gurobi_optimal,0.0,134.0,2.9375,47,21.0,336,4.6875,5.5625,5.5625,4.6875,5.5625,5.5625,True,True,20.125,True,True
10688558293643671994,9,16,4,"[4, 4, 4, 4]","[[2, 4, 5, 7], [7, 8, 13, 14], [3, 3, 5, 7], [3, 10, 10, 14]]",0.4,1,2,3,5,PP,"[[4], [2, 2], [4], [1, 2, 1]]",7,17,96,0.8229166666666666,0.0022485,20,0.006023825146257877,0.022322893142700195,0.028436896678517818,OPTIMAL,5.5625,0.875,np_gurobi_optimal,0.0,134.0,2.9375,47,21.0,336,4.6875,5.5625,5.5625,4.6875,5.5625,5.5625,True,True,20.125,True,True
10688558293643671994,9,16,4,"[4, 4, 4, 4]","[[2, 4, 5, 7], [7, 8, 13, 14], [3, 3, 5, 7], [3, 10, 10, 14]]",0.4,1,2,4,,CHP,"[[4], [2, 2], [4], [1, 3]]",6,13,96,0.8645833333333334,0.002769,20,0.00662737712264061,0.009328126907348633,0.016065797946518898,OPTIMAL,5.5625,0.875,np_gurobi_optimal,0.0,1.0,5.25,84,40.3125,645,4.6875,,,4.6875,5.5625,,False,,,False,
10688558293643671994,9,16,4,"[4, 4, 4, 4]","[[2, 4, 5, 7], [7, 8, 13, 14], [3, 3, 5, 7], [3, 10, 10, 14]]",0.4,1,2,4,2,PP,"[[2, 2], [2, 2], [2, 2], [1, 2, 1]]",9,30,96,0.6875,0.002945,20,0.007554028183221817,0.05878806114196777,0.06645839118368149,OPTIMAL,5.25,0.5625,np_gurobi_optimal,0.0,948.0,2.1875,35,21.5,344,4.6875,5.5625,5.25,4.6875,5.5625,5.25,True,True,20.9375,True,True
10688558293643671994,9,16,4,"[4, 4, 4, 4]","[[2, 4, 5, 7], [7, 8, 13, 14], [3, 3, 5, 7], [3, 10, 10, 14]]",0.4,1,2,4,3,PP,"[[3, 1], [2, 2], [3, 1], [1, 3]]",8,24,96,0.75,0.0028645,20,0.007309858687222004,0.03596091270446777,0.043380788279189585,OPTIMAL,5.0,0.3125,np_gurobi_optimal,0.0,415.0,3.875,62,26.875,430,4.6875,5.5625,5.0,4.6875,5.5625,5.0,True,True,26.5625,True,True
10688558293643671994,9,16,4,"[4, 4, 4, 4]","[[2, 4, 5, 7], [7, 8, 13, 14], [3, 3, 5, 7], [3, 10, 10, 14]]",0.4,1,2,4,4,PP,"[[4], [2, 2], [4], [1, 3]]",6,13,96,0.8645833333333334,0.002113,20,0.005567745305597782,0.009196996688842773,0.014846990645373344,OPTIMAL,5.5625,0.875,np_gurobi_optimal,0.0,1.0,5.25,84,32.25,516,4.6875,5.5625,5.5625,4.6875,5.5625,5.5625,True,True,31.375,True,True
10688558293643671994,9,16,4,"[4, 4, 4, 4]","[[2, 4, 5, 7], [7, 8, 13, 14], [3, 3, 5, 7], [3, 10, 10, 14]]",0.4,1,2,4,5,PP,"[[4], [2, 2], [4], [1, 3]]",6,13,96,0.8645833333333334,0.00306,20,0.006943093612790108,0.009649991989135742,0.01670482349580288,OPTIMAL,5.5625,0.875,np_gurobi_optimal,0.0,1.0,5.25,84,32.25,516,4.6875,5.5625,5.5625,4.6875,5.5625,5.5625,True,True,31.375,True,True
10310194359686722416,10,16,4,"[4, 4, 4, 4]","[[0, 1, 5, 5], [4, 5, 11, 18], [0, 3, 5, 8], [2, 2, 3, 6]]",0.4,1,2,,1,NP,"[[1, 1, 1, 1], [1, 1, 1, 1], [1, 1, 1, 1], [1, 1, 1, 1]]",16,96,96,0.0,0.0022885,20,0.010240728966891766,1.4421510696411133,1.4525050039013514,OPTIMAL,4.75,0.0,np_gurobi_optimal,0.0,25312.0,0.0,0,0.0,0,4.75,,,4.75,,,False,,,False,
10310194359686722416,10,16,4,"[4, 4, 4, 4]","[[0, 1, 5, 5], [4, 5, 11, 18], [0, 3, 5, 8], [2, 2, 3, 6]]",0.4,1,2,2,,CHP,"[[2, 2], [2, 1, 1], [1, 2, 1], [3, 1]]",10,37,96,0.6145833333333333,0.002759,20,0.008004769682884216,0.056159019470214844,0.06427505561494494,OPTIMAL,4.75,0.0,np_gurobi_optimal,0.0,715.0,0.75,12,12.1875,195,4.75,,,4.75,4.75,,False,,,False,
10310194359686722416,10,16,4,"[4, 4, 4, 4]","[[0, 1, 5, 5], [4, 5, 11, 18], [0, 3, 5, 8], [2, 2, 3, 6]]",0.4,1,2,2,2,PP,"[[2, 2], [2, 1, 1], [1, 2, 1], [2, 1, 1]]",11,45,96,0.53125,0.002935,20,0.00818768609315157,0.09275197982788086,0.10104781150096416,OPTIMAL,4.75,0.0,np_gurobi_optimal,0.0,1034.0,0.75,12,6.5,104,4.75,4.75,4.75,4.75,4.75,4.75,True,True,6.5,True,True
10310194359686722416,10,16,4,"[4, 4, 4, 4]","[[0, 1, 5, 5], [4, 5, 11, 18], [0, 3, 5, 8], [2, 2, 3, 6]]",0.4,1,2,2,3,PP,"[[2, 2], [2, 1, 1], [1, 2, 1], [3, 1]]",10,37,96,0.6145833333333333,0.0016575,20,0.00538895558565855,0.04813814163208008,0.05361116652104378,OPTIMAL,4.75,0.0,np_gurobi_optimal,0.0,715.0,0.75,12,8.125,130,4.75,4.75,4.75,4.75,4.75,4.75,True,True,8.125,True,True
10310194359686722416,10,16,4,"[4, 4, 4, 4]","[[0, 1, 5, 5], [4, 5, 11, 18], [0, 3, 5, 8], [2, 2, 3, 6]]",0.4,1,2,2,4,PP,"[[2, 2], [2, 1, 1], [1, 2, 1], [3, 1]]",10,37,96,0.6145833333333333,0.0017475,20,0.005572442896664143,0.04519510269165039,0.050840699452755454,OPTIMAL,4.75,0.0,np_gurobi_optimal,0.0,715.0,0.75,12,9.75,156,4.75,4.75,4.75,4.75,4.75,4.75,True,True,9.75,True,True
10310194359686722416,10,16,4,"[4, 4, 4, 4]","[[0, 1, 5, 5], [4, 5, 11, 18], [0, 3, 5, 8], [2, 2, 3, 6]]",0.4,1,2,2,5,PP,"[[2, 2], [2, 1, 1], [1, 2, 1], [3, 1]]",10,37,96,0.6145833333333333,0.002143,20,0.0061992499977350235,0.05028796195983887,0.05657236746393967,OPTIMAL,4.75,0.0,np_gurobi_optimal,0.0,715.0,0.75,12,9.75,156,4.75,4.75,4.75,4.75,4.75,4.75,True,True,9.75,True,True
10310194359686722416,10,16,4,"[4, 4, 4, 4]","[[0, 1, 5, 5], [4, 5, 11, 18], [0, 3, 5, 8], [2, 2, 3, 6]]",0.4,1,2,3,,CHP,"[[2, 2], [2, 1, 1], [4], [4]]",7,17,96,0.8229166666666666,0.0025485,20,0.006617352366447449,0.009231090545654297,0.015943843341468335,OPTIMAL,4.75,0.0,np_gurobi_optimal,0.0,1.0,5.5,88,26.25,420,4.75,,,4.75,4.75,,False,,,False,
10310194359686722416,10,16,4,"[4, 4, 4, 4]","[[0, 1, 5, 5], [4, 5, 11, 18], [0, 3, 5, 8], [2, 2, 3, 6]]",0.4,1,2,3,2,PP,"[[2, 2], [2, 1, 1], [2, 2], [2, 2]]",9,30,96,0.6875,0.002053,20,0.0054137734696269035,0.03044295310974121,0.03593237175789166,OPTIMAL,4.75,0.0,np_gurobi_optimal,0.0,360.0,4.75,76,14.0,224,4.75,4.75,4.75,4.75,4.75,4.75,True,True,14.0,True,True
10310194359686722416,10,16,4,"[4, 4, 4, 4]","[[0, 1, 5, 5], [4, 5, 11, 18], [0, 3, 5, 8], [2, 2, 3, 6]]",0.4,1,2,3,3,PP,"[[2, 2], [2, 1, 1], [3, 1], [3, 1]]",9,30,96,0.6875,0.003951,20,0.005016881972551346,0.020233154296875,0.025315177956546305,OPTIMAL,4.75,0.0,np_gurobi_optimal,0.0,225.0,2.5,40,17.5,280,4.75,4.75,4.75,4.75,4.75,4.75,True,True,17.5,True,True
10310194359686722416,10,16,4,"[4, 4, 4, 4]","[[0, 1, 5, 5], [4, 5, 11, 18], [0, 3, 5, 8], [2, 2, 3, 6]]",0.4,1,2,3,4,PP,"[[2, 2], [2, 1, 1], [4], [4]]",7,17,96,0.8229166666666666,0.0015775,20,0.004587564617395401,0.006317138671875,0.010964018132283688,OPTIMAL,4.75,0.0,np_gurobi_optimal,0.0,1.0,5.5,88,21.0,336,4.75,4.75,4.75,4.75,4.75,4.75,True,True,21.0,True,True
10310194359686722416,10,16,4,"[4, 4, 4, 4]","[[0, 1, 5, 5], [4, 5, 11, 18], [0, 3, 5, 8], [2, 2, 3, 6]]",0.4,1,2,3,5,PP,"[[2, 2], [2, 1, 1], [4], [4]]",7,17,96,0.8229166666666666,0.0041065,20,0.004802037961781025,0.0060689449310302734,0.010937141553312778,OPTIMAL,4.75,0.0,np_gurobi_optimal,0.0,1.0,5.5,88,21.0,336,4.75,4.75,4.75,4.75,4.75,4.75,True,True,21.0,True,True
10310194359686722416,10,16,4,"[4, 4, 4, 4]","[[0, 1, 5, 5], [4, 5, 11, 18], [0, 3, 5, 8], [2, 2, 3, 6]]",0.4,1,2,4,,CHP,"[[4], [2, 1, 1], [4], [4]]",6,12,96,0.875,0.002709,20,0.005231287330389023,0.004347801208496094,0.009636780961045265,OPTIMAL,6.75,2.0,np_gurobi_optimal,0.0,1.0,8.0,128,40.3125,645,4.75,,,4.75,6.75,,False,,,False,
10310194359686722416,10,16,4,"[4, 4, 4, 4]","[[0, 1, 5, 5], [4, 5, 11, 18], [0, 3, 5, 8], [2, 2, 3, 6]]",0.4,1,2,4,2,PP,"[[2, 2], [2, 1, 1], [2, 2], [2, 2]]",9,30,96,0.6875,0.002774,20,0.006144736893475056,0.03277587890625,0.039005986004899976,OPTIMAL,4.75,0.0,np_gurobi_optimal,0.0,360.0,4.75,76,21.5,344,4.75,6.75,4.75,4.75,6.75,4.75,True,True,21.5,True,True
10310194359686722416,10,16,4,"[4, 4, 4, 4]","[[0, 1, 5, 5], [4, 5, 11, 18], [0, 3, 5, 8], [2, 2, 3, 6]]",0.4,1,2,4,3,PP,"[[3, 1], [2, 1, 1], [3, 1], [3, 1]]",9,30,96,0.6875,0.0016375,20,0.00471681822091341,0.032135963439941406,0.036914990518462656,OPTIMAL,6.375,1.625,np_gurobi_optimal,0.0,500.0,5.0,80,26.875,430,4.75,6.75,6.375,4.75,6.75,6.375,True,True,25.25,True,True
10310194359686722416,10,16,4,"[4, 4, 4, 4]","[[0, 1, 5, 5], [4, 5, 11, 18], [0, 3, 5, 8], [2, 2, 3, 6]]",0.4,1,2,4,4,PP,"[[4], [2, 1, 1], [4], [4]]",6,12,96,0.875,0.0015925,20,0.004531659185886383,0.004321098327636719,0.008913442430882454,OPTIMAL,6.75,2.0,np_gurobi_optimal,0.0,1.0,8.0,128,32.25,516,4.75,6.75,6.75,4.75,6.75,6.75,True,True,30.25,True,True
10310194359686722416,10,16,4,"[4, 4, 4, 4]","[[0, 1, 5, 5], [4, 5, 11, 18], [0, 3, 5, 8], [2, 2, 3, 6]]",0.4,1,2,4,5,PP,"[[4], [2, 1, 1], [4], [4]]",6,12,96,0.875,0.0016075,20,0.004289313219487667,0.004256010055541992,0.008599322326464653,OPTIMAL,6.75,2.0,np_gurobi_optimal,0.0,1.0,8.0,128,32.25,516,4.75,6.75,6.75,4.75,6.75,6.75,True,True,30.25,True,True
7252518726891989157,11,16,4,"[4, 4, 4, 4]","[[6, 6, 6, 7], [5, 5, 6, 6], [2, 4, 7, 8], [2, 2, 3, 7]]",0.4,1,2,,1,NP,"[[1, 1, 1, 1], [1, 1, 1, 1], [1, 1, 1, 1], [1, 1, 1, 1]]",16,96,96,0.0,0.0021285,20,0.007667699828743935,1.6800668239593506,1.6878008036496792,OPTIMAL,6.125,0.0,np_gurobi_optimal,0.0,32505.0,0.0,0,0.0,0,6.125,,,6.125,,,False,,,False,
7252518726891989157,11,16,4,"[4, 4, 4, 4]","[[6, 6, 6, 7], [5, 5, 6, 6], [2, 4, 7, 8], [2, 2, 3, 7]]",0.4,1,2,2,,CHP,"[[4], [4], [2, 2], [3, 1]]",6,13,96,0.8645833333333334,0.0015475,20,0.004793834872543812,0.0064890384674072266,0.011350130304203034,OPTIMAL,6.125,0.0,np_gurobi_optimal,0.0,1.0,0.8125,13,12.1875,195,6.125,,,6.125,6.125,,False,,,False,
7252518726891989157,11,16,4,"[4, 4, 4, 4]","[[6, 6, 6, 7], [5, 5, 6, 6], [2, 4, 7, 8], [2, 2, 3, 7]]",0.4,1,2,2,2,PP,"[[2, 2], [2, 2], [2, 2], [2, 1, 1]]",9,30,96,0.6875,0.004272,20,0.004933866672217846,0.05270195007324219,0.05770109875600052,OPTIMAL,6.125,0.0,np_gurobi_optimal,0.0,878.0,0.8125,13,6.5,104,6.125,6.125,6.125,6.125,6.125,6.125,True,True,6.5,True,True
7252518726891989157,11,16,4,"[4, 4, 4, 4]","[[6, 6, 6, 7], [5, 5, 6, 6], [2, 4, 7, 8], [2, 2, 3, 7]]",0.4,1,2,2,3,PP,"[[3, 1], [3, 1], [2, 2], [3, 1]]",8,24,96,0.75,0.0042115,20,0.005312670022249222,0.026175975799560547,0.03155680286110544,OPTIMAL,6.125,0.0,np_gurobi_optimal,0.0,250.0,0.8125,13,8.125,130,6.125,6.125,6.125,6.125,6.125,6.125,True,True,8.125,True,True
7252518726891989157,11,16,4,"[4, 4, 4, 4]","[[6, 6, 6, 7], [5, 5, 6, 6], [2, 4, 7, 8], [2, 2, 3, 7]]",0.4,1,2,2,4,PP,"[[4], [4], [2, 2], [3, 1]]",6,13,96,0.8645833333333334,0.004196,20,0.004730771295726299,0.005777120590209961,0.010567302276094913,OPTIMAL,6.125,0.0,np_gurobi_optimal,0.0,1.0,0.8125,13,9.75,156,6.125,6.125,6.125,6.125,6.125,6.125,True,True,9.75,True,True
7252518726891989157,11,16,4,"[4, 4, 4, 4]","[[6, 6, 6, 7], [5, 5, 6, 6], [2, 4, 7, 8], [2, 2, 3, 7]]",0.4,1,2,2,5,PP,"[[4], [4], [2, 2], [3, 1]]",6,13,96,0.8645833333333334,0.001617,20,0.004293689504265785,0.006108999252319336,0.010459874049322129,OPTIMAL,6.125,0.0,np_gurobi_optimal,0.0,1.0,0.8125,13,9.75,156,6.125,6.125,6.125,6.125,6.125,6.125,True,True,9.75,True,True
7252518726891989157,11,16,4,"[4, 4, 4, 4]","[[6, 6, 6, 7], [5, 5, 6, 6], [2, 4, 7, 8], [2, 2, 3, 7]]",0.4,1,2,3,,CHP,"[[4], [4], [4], [3, 1]]",5,9,96,0.90625,0.003951,20,0.004437056370079517,0.004608869552612305,0.009106468738938332,OPTIMAL,6.125,0.0,np_gurobi_optimal,0.0,1.0,2.4375,39,26.25,420,6.125,,,6.125,6.125,,False,,,False,
7252518726891989157,11,16,4,"[4, 4, 4, 4]","[[6, 6, 6, 7], [5, 5, 6, 6], [2, 4, 7, 8], [2, 2, 3, 7]]",0.4,1,2,3,2,PP,"[[2, 2], [2, 2], [2, 2], [2, 1, 1]]",9,30,96,0.6875,0.0017325,20,0.005181851796805859,0.05192208290100098,0.05716503249268055,OPTIMAL,6.125,0.0,np_gurobi_optimal,0.0,878.0,0.8125,13,14.0,224,6.125,6.125,6.125,6.125,6.125,6.125,True,True,14.0,True,True
7252518726891989157,11,16,4,"[4, 4, 4, 4]","[[6, 6, 6, 7], [5, 5, 6, 6], [2, 4, 7, 8], [2, 2, 3, 7]]",0.4,1,2,3,3,PP,"[[3, 1], [3, 1], [3, 1], [3, 1]]",8,24,96,0.75,0.0016475,20,0.004812874831259251,0.024299144744873047,0.029173630280098915,OPTIMAL,6.125,0.0,np_gurobi_optimal,0.0,200.0,2.4375,39,17.5,280,6.125,6.125,6.125,6.125,6.125,6.125,True,True,17.5,True,True
7252518726891989157,11,16,4,"[4, 4, 4, 4]","[[6, 6, 6, 7], [5, 5, 6, 6], [2, 4, 7, 8], [2, 2, 3, 7]]",0.4,1,2,3,4,PP,"[[4], [4], [4], [3, 1]]",5,9,96,0.90625,0.0042565,20,0.004511629231274128,0.0045850276947021484,0.009157191386515141,OPTIMAL,6.125,0.0,np_gurobi_optimal,0.0,1.0,2.4375,39,21.0,336,6.125,6.125,6.125,6.125,6.125,6.125,True,True,21.0,True,True
7252518726891989157,11,16,4,"[4, 4, 4, 4]","[[6, 6, 6, 7], [5, 5, 6, 6], [2, 4, 7, 8], [2, 2, 3, 7]]",0.4,1,2,3,5,PP,"[[4], [4], [4], [3, 1]]",5,9,96,0.90625,0.0016225,20,0.0042214300483465195,0.004019975662231445,0.008295518482205867,OPTIMAL,6.125,0.0,np_gurobi_optimal,0.0,1.0,2.4375,39,21.0,336,6.125,6.125,6.125,6.125,6.125,6.125,True,True,21.0,True,True
7252518726891989157,11,16,4,"[4, 4, 4, 4]","[[6, 6, 6, 7], [5, 5, 6, 6], [2, 4, 7, 8], [2, 2, 3, 7]]",0.4,1,2,4,,CHP,"[[4], [4], [4], [4]]",4,6,96,0.9375,0.001537,20,0.0039329444989562035,0.0023920536041259766,0.006377264243721485,OPTIMAL,7.5,1.375,np_gurobi_optimal,0.0,1.0,4.75,76,40.3125,645,6.125,,,6.125,7.5,,False,,,False,
7252518726891989157,11,16,4,"[4, 4, 4, 4]","[[6, 6, 6, 7], [5, 5, 6, 6], [2, 4, 7, 8], [2, 2, 3, 7]]",0.4,1,2,4,2,PP,"[[2, 2], [2, 2], [2, 2], [2, 2]]",8,24,96,0.75,0.004251,20,0.004369935020804405,0.04072690010070801,0.04515748887927627,OPTIMAL,6.375,0.25,np_gurobi_optimal,0.0,512.0,3.125,50,21.5,344,6.125,7.5,6.375,6.125,7.5,6.375,True,True,21.25,True,True
7252518726891989157,11,16,4,"[4, 4, 4, 4]","[[6, 6, 6, 7], [5, 5, 6, 6], [2, 4, 7, 8], [2, 2, 3, 7]]",0.4,1,2,4,3,PP,"[[3, 1], [3, 1], [3, 1], [3, 1]]",8,24,96,0.75,0.001702,20,0.0046169692650437355,0.022989988327026367,0.027667588096656322,OPTIMAL,6.125,0.0,np_gurobi_optimal,0.0,200.0,2.4375,39,26.875,430,6.125,7.5,6.125,6.125,7.5,6.125,True,True,26.875,True,True
7252518726891989157,11,16,4,"[4, 4, 4, 4]","[[6, 6, 6, 7], [5, 5, 6, 6], [2, 4, 7, 8], [2, 2, 3, 7]]",0.4,1,2,4,4,PP,"[[4], [4], [4], [4]]",4,6,96,0.9375,0.001547,20,0.004172175191342831,0.003023862838745117,0.007254138662108898,OPTIMAL,7.5,1.375,np_gurobi_optimal,0.0,1.0,4.75,76,32.25,516,6.125,7.5,7.5,6.125,7.5,7.5,True,True,30.875,True,True
7252518726891989157,11,16,4,"[4, 4, 4, 4]","[[6, 6, 6, 7], [5, 5, 6, 6], [2, 4, 7, 8], [2, 2, 3, 7]]",0.4,1,2,4,5,PP,"[[4], [4], [4], [4]]",4,6,96,0.9375,0.004106,20,0.00441329088062048,0.002808094024658203,0.007278640553289414,OPTIMAL,7.5,1.375,np_gurobi_optimal,0.0,1.0,4.75,76,32.25,516,6.125,7.5,7.5,6.125,7.5,7.5,True,True,30.875,True,True
2350595574541163268,12,16,4,"[4, 4, 4, 4]","[[2, 4, 8, 11], [2, 4, 4, 6], [5, 7, 13, 14], [2, 2, 5, 9]]",0.4,1,2,,1,NP,"[[1, 1, 1, 1], [1, 1, 1, 1], [1, 1, 1, 1], [1, 1, 1, 1]]",16,96,96,0.0,0.001252,20,0.006053169257938862,2.237734079360962,2.243853260134127,OPTIMAL,5.375,0.0,np_gurobi_optimal,0.0,53353.0,0.0,0,0.0,0,5.375,,,5.375,,,False,,,False,
2350595574541163268,12,16,4,"[4, 4, 4, 4]","[[2, 4, 8, 11], [2, 4, 4, 6], [5, 7, 13, 14], [2, 2, 5, 9]]",0.4,1,2,2,,CHP,"[[2, 1, 1], [4], [2, 2], [2, 1, 1]]",9,29,96,0.6979166666666667,0.003896,20,0.005278098396956921,0.03816509246826172,0.04350926289162255,OPTIMAL,5.375,0.0,np_gurobi_optimal,0.0,568.0,3.125,50,12.1875,195,5.375,,,5.375,5.375,,False,,,False,
2350595574541163268,12,16,4,"[4, 4, 4, 4]","[[2, 4, 8, 11], [2, 4, 4, 6], [5, 7, 13, 14], [2, 2, 5, 9]]",0.4,1,2,2,2,PP,"[[2, 1, 1], [2, 2], [2, 2], [2, 1, 1]]",10,37,96,0.6145833333333333,0.0017375,20,0.005121040157973766,0.07136416435241699,0.07655437349008322,OPTIMAL,5.375,0.0,np_gurobi_optimal,0.0,1680.0,3.125,50,6.5,104,5.375,5.375,5.375,5.375,5.375,5.375,True,True,6.5,True,True
2350595574541163268,12,16,4,"[4, 4, 4, 4]","[[2, 4, 8, 11], [2, 4, 4, 6], [5, 7, 13, 14], [2, 2, 5, 9]]",0.4,1,2,2,3,PP,"[[2, 1, 1], [3, 1], [2, 2], [2, 1, 1]]",10,37,96,0.6145833333333333,0.004236,20,0.005197986960411072,0.08314204216003418,0.08841471594792462,OPTIMAL,5.375,0.0,np_gurobi_optimal,0.0,1584.0,2.4375,39,8.125,130,5.375,5.375,5.375,5.375,5.375,5.375,True,True,8.125,True,True
2350595574541163268,12,16,4,"[4, 4, 4, 4]","[[2, 4, 8, 11], [2, 4, 4, 6], [5, 7, 13, 14], [2, 2, 5, 9]]",0.4,1,2,2,4,PP,"[[2, 1, 1], [4], [2, 2], [2, 1, 1]]",9,29,96,0.6979166666666667,0.003976,20,0.0052033839747309685,0.0451960563659668,0.050469021496821406,OPTIMAL,5.375,0.0,np_gurobi_optimal,0.0,568.0,3.125,50,9.75,156,5.375,5.375,5.375,5.375,5.375,5.375,True,True,9.75,True,True
2350595574541163268,12,16,4,"[4, 4, 4, 4]","[[2, 4, 8, 11], [2, 4, 4, 6], [5, 7, 13, 14], [2, 2, 5, 9]]",0.4,1,2,2,5,PP,"[[2, 1, 1], [4], [2, 2], [2, 1, 1]]",9,29,96,0.6979166666666667,0.0016225,20,0.004924722947180271,0.040839195251464844,0.04583083106773853,OPTIMAL,5.375,0.0,np_gurobi_optimal,0.0,568.0,3.125,50,9.75,156,5.375,5.375,5.375,5.375,5.375,5.375,True,True,9.75,True,True
2350595574541163268,12,16,4,"[4, 4, 4, 4]","[[2, 4, 8, 11], [2, 4, 4, 6], [5, 7, 13, 14], [2, 2, 5, 9]]",0.4,1,2,3,,CHP,"[[2, 2], [4], [2, 2], [3, 1]]",7,18,96,0.8125,0.0016275,20,0.004991765134036541,0.018594980239868164,0.02365151375049591,OPTIMAL,5.8125,0.4375,np_gurobi_optimal,0.0,230.0,6.25,100,26.25,420,5.375,,,5.375,5.8125,,False,,,False,
2350595574541163268,12,16,4,"[4, 4, 4, 4]","[[2, 4, 8, 11], [2, 4, 4, 6], [5, 7, 13, 14], [2, 2, 5, 9]]",0.4,1,2,3,2,PP,"[[2, 2], [2, 2], [2, 2], [2, 1, 1]]",9,30,96,0.6875,0.0015975,20,0.004931985400617123,0.05435800552368164,0.05936374170944452,OPTIMAL,5.375,0.0,np_gurobi_optimal,0.0,1073.0,4.625,74,14.0,224,5.375,5.8125,5.375,5.375,5.8125,5.375,True,True,14.0,True,True
2350595574541163268,12,16,4,"[4, 4, 4, 4]","[[2, 4, 8, 11], [2, 4, 4, 6], [5, 7, 13, 14], [2, 2, 5, 9]]",0.4,1,2,3,3,PP,"[[2, 2], [3, 1], [2, 2], [3, 1]]",8,24,96,0.75,0.001628,20,0.004883470945060253,0.024945974349975586,0.0298939589892416,OPTIMAL,5.8125,0.4375,np_gurobi_optimal,0.0,385.0,5.5625,89,17.5,280,5.375,5.8125,5.8125,5.375,5.8125,5.8125,True,True,17.0625,True,True
2350595574541163268,12,16,4,"[4, 4, 4, 4]","[[2, 4, 8, 11], [2, 4, 4, 6], [5, 7, 13, 14], [2, 2, 5, 9]]",0.4,1,2,3,4,PP,"[[2, 2], [4], [2, 2], [3, 1]]",7,18,96,0.8125,0.001652,20,0.0048781633377075195,0.02137279510498047,0.026315384378184797,OPTIMAL,5.8125,0.4375,np_gurobi_optimal,0.0,230.0,6.25,100,21.0,336,5.375,5.8125,5.8125,5.375,5.8125,5.8125,True,True,20.5625,True,True
2350595574541163268,12,16,4,"[4, 4, 4, 4]","[[2, 4, 8, 11], [2, 4, 4, 6], [5, 7, 13, 14], [2, 2, 5, 9]]",0.4,1,2,3,5,PP,"[[2, 2], [4], [2, 2], [3, 1]]",7,18,96,0.8125,0.0022535,20,0.005793856456875801,0.017514944076538086,0.023373087567463875,OPTIMAL,5.8125,0.4375,np_gurobi_optimal,0.0,230.0,6.25,100,21.0,336,5.375,5.8125,5.8125,5.375,5.8125,5.8125,True,True,20.5625,True,True
2350595574541163268,12,16,4,"[4, 4, 4, 4]","[[2, 4, 8, 11], [2, 4, 4, 6], [5, 7, 13, 14], [2, 2, 5, 9]]",0.4,1,2,4,,CHP,"[[4], [4], [2, 2], [4]]",5,9,96,0.90625,0.001442,20,0.004290233366191387,0.0034668445587158203,0.007813238851456166,OPTIMAL,5.8125,0.4375,np_gurobi_optimal,0.0,1.0,11.0625,177,40.3125,645,5.375,,,5.375,5.8125,,False,,,False,
2350595574541163268,12,16,4,"[4, 4, 4, 4]","[[2, 4, 8, 11], [2, 4, 4, 6], [5, 7, 13, 14], [2, 2, 5, 9]]",0.4,1,2,4,2,PP,"[[2, 2], [2, 2], [2, 2], [2, 2]]",8,24,96,0.75,0.0022535,20,0.004908929578959942,0.029857873916625977,0.03483417041339016,OPTIMAL,5.375,0.0,np_gurobi_optimal,0.0,492.0,6.9375,111,21.5,344,5.375,5.8125,5.375,5.375,5.8125,5.375,True,True,21.5,True,True
2350595574541163268,12,16,4,"[4, 4, 4, 4]","[[2, 4, 8, 11], [2, 4, 4, 6], [5, 7, 13, 14], [2, 2, 5, 9]]",0.4,1,2,4,3,PP,"[[3, 1], [3, 1], [2, 2], [3, 1]]",8,24,96,0.75,0.0016675,20,0.005090643651783466,0.027493953704833984,0.032651847660999295,OPTIMAL,5.8125,0.4375,np_gurobi_optimal,0.0,300.0,6.5625,105,26.875,430,5.375,5.8125,5.8125,5.375,5.8125,5.8125,True,True,26.4375,True,True
2350595574541163268,12,16,4,"[4, 4, 4, 4]","[[2, 4, 8, 11], [2, 4, 4, 6], [5, 7, 13, 14], [2, 2, 5, 9]]",0.4,1,2,4,4,PP,"[[4], [4], [2, 2], [4]]",5,9,96,0.90625,0.001527,20,0.004401803016662598,0.0037369728088378906,0.008198295350899219,OPTIMAL,5.8125,0.4375,np_gurobi_optimal,0.0,1.0,11.0625,177,32.25,516,5.375,5.8125,5.8125,5.375,5.8125,5.8125,True,True,31.8125,True,True
2350595574541163268,12,16,4,"[4, 4, 4, 4]","[[2, 4, 8, 11], [2, 4, 4, 6], [5, 7, 13, 14], [2, 2, 5, 9]]",0.4,1,2,4,5,PP,"[[4], [4], [2, 2], [4]]",5,9,96,0.90625,0.0016075,20,0.004385919310152531,0.0042879581451416016,0.008732484690828324,OPTIMAL,5.8125,0.4375,np_gurobi_optimal,0.0,1.0,11.0625,177,32.25,516,5.375,5.8125,5.8125,5.375,5.8125,5.8125,True,True,31.8125,True,True
6357675606645377791,13,16,4,"[4, 4, 4, 4]","[[3, 5, 8, 12], [4, 4, 4, 5], [2, 6, 6, 8], [2, 7, 9, 12]]",0.4,1,2,,1,NP,"[[1, 1, 1, 1], [1, 1, 1, 1], [1, 1, 1, 1], [1, 1, 1, 1]]",16,96,96,0.0,0.001222,20,0.006379743106663227,3.589951992034912,3.596401653357324,OPTIMAL,5.6875,0.0,np_gurobi_optimal,0.0,71715.0,0.0,0,0.0,0,5.6875,,,5.6875,,,False,,,False,
6357675606645377791,13,16,4,"[4, 4, 4, 4]","[[3, 5, 8, 12], [4, 4, 4, 5], [2, 6, 6, 8], [2, 7, 9, 12]]",0.4,1,2,2,,CHP,"[[2, 1, 1], [4], [1, 3], [1, 2, 1]]",9,29,96,0.6979166666666667,0.003926,20,0.005563158541917801,0.02455592155456543,0.030187377250195505,OPTIMAL,5.6875,0.0,np_gurobi_optimal,0.0,449.0,2.25,36,12.1875,195,5.6875,,,5.6875,5.6875,,False,,,False,
6357675606645377791,13,16,4,"[4, 4, 4, 4]","[[3, 5, 8, 12], [4, 4, 4, 5], [2, 6, 6, 8], [2, 7, 9, 12]]",0.4,1,2,2,2,PP,"[[2, 1, 1], [2, 2], [1, 2, 1], [1, 2, 1]]",11,45,96,0.53125,0.004261,20,0.005462946370244026,0.07118797302246094,0.07672020347221947,OPTIMAL,5.6875,0.0,np_gurobi_optimal,0.0,1801.0,1.5625,25,6.5,104,5.6875,5.6875,5.6875,5.6875,5.6875,5.6875,True,True,6.5,True,True
6357675606645377791,13,16,4,"[4, 4, 4, 4]","[[3, 5, 8, 12], [4, 4, 4, 5], [2, 6, 6, 8], [2, 7, 9, 12]]",0.4,1,2,2,3,PP,"[[2, 1, 1], [3, 1], [1, 3], [1, 2, 1]]",10,37,96,0.6145833333333333,0.0042565,20,0.005453413352370262,0.049614906311035156,0.05513979250758314,OPTIMAL,5.6875,0.0,np_gurobi_optimal,0.0,876.0,2.25,36,8.125,130,5.6875,5.6875,5.6875,5.6875,5.6875,5.6875,True,True,8.125,True,True
6357675606645377791,13,16,4,"[4, 4, 4, 4]","[[3, 5, 8, 12], [4, 4, 4, 5], [2, 6, 6, 8], [2, 7, 9, 12]]",0.4,1,2,2,4,PP,"[[2, 1, 1], [4], [1, 3], [1, 2, 1]]",9,29,96,0.6979166666666667,0.001683,20,0.0051633445546031,0.023736953735351562,0.028963949631424426,OPTIMAL,5.6875,0.0,np_gurobi_optimal,0.0,449.0,2.25,36,9.75,156,5.6875,5.6875,5.6875,5.6875,5.6875,5.6875,True,True,9.75,True,True
6357675606645377791,13,16,4,"[4, 4, 4, 4]","[[3, 5, 8, 12], [4, 4, 4, 5], [2, 6, 6, 8], [2, 7, 9, 12]]",0.4,1,2,2,5,PP,"[[2, 1, 1], [4], [1, 3], [1, 2, 1]]",9,29,96,0.6979166666666667,0.002789,20,0.005403807386755943,0.0244140625,0.029882701734031677,OPTIMAL,5.6875,0.0,np_gurobi_optimal,0.0,449.0,2.25,36,9.75,156,5.6875,5.6875,5.6875,5.6875,5.6875,5.6875,True,True,9.75,True,True
6357675606645377791,13,16,4,"[4, 4, 4, 4]","[[3, 5, 8, 12], [4, 4, 4, 5], [2, 6, 6, 8], [2, 7, 9, 12]]",0.4,1,2,3,,CHP,"[[3, 1], [4], [1, 3], [1, 3]]",7,18,96,0.8125,0.0027845,20,0.0058075981214642525,0.013046026229858398,0.018917183237251757,OPTIMAL,5.6875,0.0,np_gurobi_optimal,0.0,92.0,5.375,86,26.25,420,5.6875,,,5.6875,5.6875,,False,,,False,
6357675606645377791,13,16,4,"[4, 4, 4, 4]","[[3, 5, 8, 12], [4, 4, 4, 5], [2, 6, 6, 8], [2, 7, 9, 12]]",0.4,1,2,3,2,PP,"[[2, 1, 1], [2, 2], [1, 2, 1], [1, 2, 1]]",11,45,96,0.53125,0.002844,20,0.006785295903682709,0.07320499420166016,0.08008751899166727,OPTIMAL,5.6875,0.0,np_gurobi_optimal,0.0,1801.0,1.5625,25,14.0,224,5.6875,5.6875,5.6875,5.6875,5.6875,5.6875,True,True,14.0,True,True
6357675606645377791,13,16,4,"[4, 4, 4, 4]","[[3, 5, 8, 12], [4, 4, 4, 5], [2, 6, 6, 8], [2, 7, 9, 12]]",0.4,1,2,3,3,PP,"[[3, 1], [3, 1], [1, 3], [1, 3]]",8,24,96,0.75,0.001578,20,0.0048594847321510315,0.01701498031616211,0.02193408772777605,OPTIMAL,5.6875,0.0,np_gurobi_optimal,0.0,236.0,5.375,86,17.5,280,5.6875,5.6875,5.6875,5.6875,5.6875,5.6875,True,True,17.5,True,True
6357675606645377791,13,16,4,"[4, 4, 4, 4]","[[3, 5, 8, 12], [4, 4, 4, 5], [2, 6, 6, 8], [2, 7, 9, 12]]",0.4,1,2,3,4,PP,"[[3, 1], [4], [1, 3], [1, 3]]",7,18,96,0.8125,0.0015975,20,0.004630298353731632,0.01232004165649414,0.01701642507925987,OPTIMAL,5.6875,0.0,np_gurobi_optimal,0.0,92.0,5.375,86,21.0,336,5.6875,5.6875,5.6875,5.6875,5.6875,5.6875,True,True,21.0,True,True
6357675606645377791,13,16,4,"[4, 4, 4, 4]","[[3, 5, 8, 12], [4, 4, 4, 5], [2, 6, 6, 8], [2, 7, 9, 12]]",0.4,1,2,3,5,PP,"[[3, 1], [4], [1, 3], [1, 3]]",7,18,96,0.8125,0.0043565,20,0.0047928038984537125,0.01365208625793457,0.018529786501318455,OPTIMAL,5.6875,0.0,np_gurobi_optimal,0.0,92.0,5.375,86,21.0,336,5.6875,5.6875,5.6875,5.6875,5.6875,5.6875,True,True,21.0,True,True
6357675606645377791,13,16,4,"[4, 4, 4, 4]","[[3, 5, 8, 12], [4, 4, 4, 5], [2, 6, 6, 8], [2, 7, 9, 12]]",0.4,1,2,4,,CHP,"[[4], [4], [4], [1, 3]]",5,9,96,0.90625,0.0016275,20,0.004899505525827408,0.002917051315307617,0.007884872625412941,OPTIMAL,5.6875,0.0,np_gurobi_optimal,0.0,1.0,10.375,166,40.3125,645,5.6875,,,5.6875,5.6875,,False,,,False,
6357675606645377791,13,16,4,"[4, 4, 4, 4]","[[3, 5, 8, 12], [4, 4, 4, 5], [2, 6, 6, 8], [2, 7, 9, 12]]",0.4,1,2,4,2,PP,"[[2, 2], [2, 2], [2, 2], [1, 2, 1]]",9,30,96,0.6875,0.002674,20,0.006509870290756226,0.02886509895324707,0.03546106832626963,OPTIMAL,5.6875,0.0,np_gurobi_optimal,0.0,321.0,7.25,116,21.5,344,5.6875,5.6875,5.6875,5.6875,5.6875,5.6875,True,True,21.5,True,True
6357675606645377791,13,16,4,"[4, 4, 4, 4]","[[3, 5, 8, 12], [4, 4, 4, 5], [2, 6, 6, 8], [2, 7, 9, 12]]",0.4,1,2,4,3,PP,"[[3, 1], [3, 1], [3, 1], [1, 3]]",8,24,96,0.75,0.0017325,20,0.005107720382511616,0.018360137939453125,0.023539809750123025,OPTIMAL,5.6875,0.0,np_gurobi_optimal,0.0,80.0,7.375,118,26.875,430,5.6875,5.6875,5.6875,5.6875,5.6875,5.6875,True,True,26.875,True,True
6357675606645377791,13,16,4,"[4, 4, 4, 4]","[[3, 5, 8, 12], [4, 4, 4, 5], [2, 6, 6, 8], [2, 7, 9, 12]]",0.4,1,2,4,4,PP,"[[4], [4], [4], [1, 3]]",5,9,96,0.90625,0.0017575,20,0.00469852052628994,0.0031931400299072266,0.007954667416639328,OPTIMAL,5.6875,0.0,np_gurobi_optimal,0.0,1.0,10.375,166,32.25,516,5.6875,5.6875,5.6875,5.6875,5.6875,5.6875,True,True,32.25,True,True
6357675606645377791,13,16,4,"[4, 4, 4, 4]","[[3, 5, 8, 12], [4, 4, 4, 5], [2, 6, 6, 8], [2, 7, 9, 12]]",0.4,1,2,4,5,PP,"[[4], [4], [4], [1, 3]]",5,9,96,0.90625,0.0017025,20,0.005001939833164215,0.002480030059814453,0.007540947799994945,OPTIMAL,5.6875,0.0,np_gurobi_optimal,0.0,1.0,10.375,166,32.25,516,5.6875,5.6875,5.6875,5.6875,5.6875,5.6875,True,True,32.25,True,True
11701845595061031430,14,16,4,"[4, 4, 4, 4]","[[6, 7, 9, 17], [2, 2, 2, 12], [0, 3, 5, 7], [2, 4, 8, 10]]",0.4,1,2,,1,NP,"[[1, 1, 1, 1], [1, 1, 1, 1], [1, 1, 1, 1], [1, 1, 1, 1]]",16,96,96,0.0,0.003165,20,0.0064214859157800674,1.120176076889038,1.1266712615200067,OPTIMAL,4.125,0.0,np_gurobi_optimal,0.0,20338.0,0.0,0,0.0,0,4.125,,,4.125,,,False,,,False,
11701845595061031430,14,16,4,"[4, 4, 4, 4]","[[6, 7, 9, 17], [2, 2, 2, 12], [0, 3, 5, 7], [2, 4, 8, 10]]",0.4,1,2,2,,CHP,"[[3, 1], [3, 1], [1, 3], [2, 2]]",8,24,96,0.75,0.0028645,20,0.006551923230290413,0.009846925735473633,0.01647092563421917,OPTIMAL,4.125,0.0,np_gurobi_optimal,0.0,1.0,3.6875,59,12.1875,195,4.125,,,4.125,4.125,,False,,,False,
11701845595061031430,14,16,4,"[4, 4, 4, 4]","[[6, 7, 9, 17], [2, 2, 2, 12], [0, 3, 5, 7], [2, 4, 8, 10]]",0.4,1,2,2,2,PP,"[[2, 1, 1], [2, 1, 1], [1, 2, 1], [2, 2]]",11,45,96,0.53125,0.004657,20,0.00570399034768343,0.07978105545043945,0.0855689937394805,OPTIMAL,4.125,0.0,np_gurobi_optimal,0.0,697.0,2.25,36,6.5,104,4.125,4.125,4.125,4.125,4.125,4.125,True,True,6.5,True,True
11701845595061031430,14,16,4,"[4, 4, 4, 4]","[[6, 7, 9, 17], [2, 2, 2, 12], [0, 3, 5, 7], [2, 4, 8, 10]]",0.4,1,2,2,3,PP,"[[3, 1], [3, 1], [1, 3], [2, 2]]",8,24,96,0.75,0.0016825,20,0.0051353322342038155,0.010317087173461914,0.01552824077254057,OPTIMAL,4.125,0.0,np_gurobi_optimal,0.0,1.0,3.6875,59,8.125,130,4.125,4.125,4.125,4.125,4.125,4.125,True,True,8.125,True,True
11701845595061031430,14,16,4,"[4, 4, 4, 4]","[[6, 7, 9, 17], [2, 2, 2, 12], [0, 3, 5, 7], [2, 4, 8, 10]]",0.4,1,2,2,4,PP,"[[3, 1], [3, 1], [1, 3], [2, 2]]",8,24,96,0.75,0.0016875,20,0.005258168093860149,0.01009988784790039,0.01543173933339119,OPTIMAL,4.125,0.0,np_gurobi_optimal,0.0,1.0,3.6875,59,9.75,156,4.125,4.125,4.125,4.125,4.125,4.125,True,True,9.75,True,True
11701845595061031430,14,16,4,"[4, 4, 4, 4]","[[6, 7, 9, 17], [2, 2, 2, 12], [0, 3, 5, 7], [2, 4, 8, 10]]",0.4,1,2,2,5,PP,"[[3, 1], [3, 1], [1, 3], [2, 2]]",8,24,96,0.75,0.0042965,20,0.005406181327998638,0.010024070739746094,0.015509963344546795,OPTIMAL,4.125,0.0,np_gurobi_optimal,0.0,1.0,3.6875,59,9.75,156,4.125,4.125,4.125,4.125,4.125,4.125,True,True,9.75,True,True
11701845595061031430,14,16,4,"[4, 4, 4, 4]","[[6, 7, 9, 17], [2, 2, 2, 12], [0, 3, 5, 7], [2, 4, 8, 10]]",0.4,1,2,3,,CHP,"[[3, 1], [3, 1], [4], [2, 2]]",7,18,96,0.8125,0.0015225,20,0.004816479980945587,0.015277862548828125,0.020158800084075928,OPTIMAL,5.25,1.125,np_gurobi_optimal,0.0,75.0,5.4375,87,26.25,420,4.125,,,4.125,5.25,,False,,,False,
11701845595061031430,14,16,4,"[4, 4, 4, 4]","[[6, 7, 9, 17], [2, 2, 2, 12], [0, 3, 5, 7], [2, 4, 8, 10]]",0.4,1,2,3,2,PP,"[[2, 1, 1], [2, 1, 1], [2, 2], [2, 2]]",10,37,96,0.6145833333333333,0.0016525,20,0.005352308973670006,0.08084583282470703,0.08627205654826403,OPTIMAL,5.25,1.125,np_gurobi_optimal,0.0,935.0,3.9375,63,14.0,224,4.125,5.25,5.25,4.125,5.25,5.25,True,True,12.875,True,True
11701845595061031430,14,16,4,"[4, 4, 4, 4]","[[6, 7, 9, 17], [2, 2, 2, 12], [0, 3, 5, 7], [2, 4, 8, 10]]",0.4,1,2,3,3,PP,"[[3, 1], [3, 1], [3, 1], [2, 2]]",8,24,96,0.75,0.004276,20,0.005371990613639355,0.02133321762084961,0.02678479470316267,OPTIMAL,5.25,1.125,np_gurobi_optimal,0.0,162.0,4.75,76,17.5,280,4.125,5.25,5.25,4.125,5.25,5.25,True,True,16.375,True,True
11701845595061031430,14,16,4,"[4, 4, 4, 4]","[[6, 7, 9, 17], [2, 2, 2, 12], [0, 3, 5, 7], [2, 4, 8, 10]]",0.4,1,2,3,4,PP,"[[3, 1], [3, 1], [4], [2, 2]]",7,18,96,0.8125,0.0017375,20,0.005117915570735931,0.01575183868408203,0.020940996358561517,OPTIMAL,5.25,1.125,np_gurobi_optimal,0.0,75.0,5.4375,87,21.0,336,4.125,5.25,5.25,4.125,5.25,5.25,True,True,19.875,True,True
11701845595061031430,14,16,4,"[4, 4, 4, 4]","[[6, 7, 9, 17], [2, 2, 2, 12], [0, 3, 5, 7], [2, 4, 8, 10]]",0.4,1,2,3,5,PP,"[[3, 1], [3, 1], [4], [2, 2]]",7,18,96,0.8125,0.001703,20,0.0047738756984472275,0.01479792594909668,0.01963553911291647,OPTIMAL,5.25,1.125,np_gurobi_optimal,0.0,75.0,5.4375,87,21.0,336,4.125,5.25,5.25,4.125,5.25,5.25,True,True,19.875,True,True
11701845595061031430,14,16,4,"[4, 4, 4, 4]","[[6, 7, 9, 17], [2, 2, 2, 12], [0, 3, 5, 7], [2, 4, 8, 10]]",0.4,1,2,4,,CHP,"[[3, 1], [3, 1], [4], [4]]",6,13,96,0.8645833333333334,0.001512,20,0.004597770050168037,0.003813028335571289,0.008471754843031884,OPTIMAL,5.25,1.125,np_gurobi_optimal,0.0,1.0,7.9375,127,40.3125,645,4.125,,,4.125,5.25,,False,,,False,
11701845595061031430,14,16,4,"[4, 4, 4, 4]","[[6, 7, 9, 17], [2, 2, 2, 12], [0, 3, 5, 7], [2, 4, 8, 10]]",0.4,1,2,4,2,PP,"[[2, 1, 1], [2, 1, 1], [2, 2], [2, 2]]",10,37,96,0.6145833333333333,0.001602,20,0.004814005456864834,0.08385515213012695,0.08873487928360892,OPTIMAL,5.25,1.125,np_gurobi_optimal,0.0,935.0,3.9375,63,21.5,344,4.125,5.25,5.25,4.125,5.25,5.25,True,True,20.375,True,True
11701845595061031430,14,16,4,"[4, 4, 4, 4]","[[6, 7, 9, 17], [2, 2, 2, 12], [0, 3, 5, 7], [2, 4, 8, 10]]",0.4,1,2,4,3,PP,"[[3, 1], [3, 1], [3, 1], [3, 1]]",8,24,96,0.75,0.001713,20,0.005033607594668865,0.019212961196899414,0.02431741479760456,OPTIMAL,5.25,1.125,np_gurobi_optimal,0.0,164.0,6.5625,105,26.875,430,4.125,5.25,5.25,4.125,5.25,5.25,True,True,25.75,True,True
11701845595061031430,14,16,4,"[4, 4, 4, 4]","[[6, 7, 9, 17], [2, 2, 2, 12], [0, 3, 5, 7], [2, 4, 8, 10]]",0.4,1,2,4,4,PP,"[[3, 1], [3, 1], [4], [4]]",6,13,96,0.8645833333333334,0.0042765,20,0.004968129098415375,0.0041849613189697266,0.009221367404712678,OPTIMAL,5.25,1.125,np_gurobi_optimal,0.0,1.0,7.9375,127,32.25,516,4.125,5.25,5.25,4.125,5.25,5.25,True,True,31.125,True,True
11701845595061031430,14,16,4,"[4, 4, 4, 4]","[[6, 7, 9, 17], [2, 2, 2, 12], [0, 3, 5, 7], [2, 4, 8, 10]]",0.4,1,2,4,5,PP,"[[3, 1], [3, 1], [4], [4]]",6,13,96,0.8645833333333334,0.001612,20,0.004517137072980404,0.003804922103881836,0.008381868593227386,OPTIMAL,5.25,1.125,np_gurobi_optimal,0.0,1.0,7.9375,127,32.25,516,4.125,5.25,5.25,4.125,5.25,5.25,True,True,31.125,True,True
3358119039906935318,15,16,4,"[4, 4, 4, 4]","[[7, 10, 12, 13], [1, 2, 2, 4], [2, 2, 11, 20], [4, 10, 11, 12]]",0.4,1,2,,1,NP,"[[1, 1, 1, 1], [1, 1, 1, 1], [1, 1, 1, 1], [1, 1, 1, 1]]",16,96,96,0.0,0.001202,20,0.006599435582756996,0.15809893608093262,0.16477382987520886,OPTIMAL,2.6875,0.0,np_gurobi_optimal,0.0,2303.0,0.0,0,0.0,0,2.6875,,,2.6875,,,False,,,False,
3358119039906935318,15,16,4,"[4, 4, 4, 4]","[[7, 10, 12, 13], [1, 2, 2, 4], [2, 2, 11, 20], [4, 10, 11, 12]]",0.4,1,2,2,,CHP,"[[1, 3], [4], [2, 1, 1], [1, 3]]",8,23,96,0.7604166666666666,0.002739,20,0.006854030303657055,0.005980968475341797,0.012928025777317524,OPTIMAL,2.6875,0.0,np_gurobi_optimal,0.0,1.0,1.4375,23,12.1875,195,2.6875,,,2.6875,2.6875,,False,,,False,
3358119039906935318,15,16,4,"[4, 4, 4, 4]","[[7, 10, 12, 13], [1, 2, 2, 4], [2, 2, 11, 20], [4, 10, 11, 12]]",0.4,1,2,2,2,PP,"[[1, 2, 1], [2, 2], [2, 1, 1], [1, 2, 1]]",11,45,96,0.53125,0.002794,20,0.0065777115523815155,0.042852163314819336,0.049503932739287854,OPTIMAL,2.6875,0.0,np_gurobi_optimal,0.0,117.0,1.4375,23,6.5,104,2.6875,2.6875,2.6875,2.6875,2.6875,2.6875,True,True,6.5,True,True
3358119039906935318,15,16,4,"[4, 4, 4, 4]","[[7, 10, 12, 13], [1, 2, 2, 4], [2, 2, 11, 20], [4, 10, 11, 12]]",0.4,1,2,2,3,PP,"[[1, 3], [3, 1], [2, 1, 1], [1, 3]]",9,30,96,0.6875,0.004291,20,0.0052969856187701225,0.013551950454711914,0.018920812221399307,OPTIMAL,2.6875,0.0,np_gurobi_optimal,0.0,1.0,0.75,12,8.125,130,2.6875,2.6875,2.6875,2.6875,2.6875,2.6875,True,True,8.125,True,True
3358119039906935318,15,16,4,"[4, 4, 4, 4]","[[7, 10, 12, 13], [1, 2, 2, 4], [2, 2, 11, 20], [4, 10, 11, 12]]",0.4,1,2,2,4,PP,"[[1, 3], [4], [2, 1, 1], [1, 3]]",8,23,96,0.7604166666666666,0.0015825,20,0.00479075126349926,0.005734920501708984,0.010588614453036785,OPTIMAL,2.6875,0.0,np_gurobi_optimal,0.0,1.0,1.4375,23,9.75,156,2.6875,2.6875,2.6875,2.6875,2.6875,2.6875,True,True,9.75,True,True
3358119039906935318,15,16,4,"[4, 4, 4, 4]","[[7, 10, 12, 13], [1, 2, 2, 4], [2, 2, 11, 20], [4, 10, 11, 12]]",0.4,1,2,2,5,PP,"[[1, 3], [4], [2, 1, 1], [1, 3]]",8,23,96,0.7604166666666666,0.003966,20,0.0049237823113799095,0.005249977111816406,0.010236583147266864,OPTIMAL,2.6875,0.0,np_gurobi_optimal,0.0,1.0,1.4375,23,9.75,156,2.6875,2.6875,2.6875,2.6875,2.6875,2.6875,True,True,9.75,True,True
3358119039906935318,15,16,4,"[4, 4, 4, 4]","[[7, 10, 12, 13], [1, 2, 2, 4], [2, 2, 11, 20], [4, 10, 11, 12]]",0.4,1,2,3,,CHP,"[[4], [4], [2, 1, 1], [1, 3]]",7,17,96,0.8229166666666666,0.001643,20,0.004899726249277592,0.004051923751831055,0.00901497635787058,OPTIMAL,2.6875,0.0,np_gurobi_optimal,0.0,1.0,3.1875,51,26.25,420,2.6875,,,2.6875,2.6875,,False,,,False,
3358119039906935318,15,16,4,"[4, 4, 4, 4]","[[7, 10, 12, 13], [1, 2, 2, 4], [2, 2, 11, 20], [4, 10, 11, 12]]",0.4,1,2,3,2,PP,"[[2, 2], [2, 2], [2, 1, 1], [1, 2, 1]]",10,37,96,0.6145833333333333,0.001808,20,0.005279049277305603,0.024396896362304688,0.029743190226347922,OPTIMAL,2.6875,0.0,np_gurobi_optimal,0.0,63.0,2.4375,39,14.0,224,2.6875,2.6875,2.6875,2.6875,2.6875,2.6875,True,True,14.0,True,True
3358119039906935318,15,16,4,"[4, 4, 4, 4]","[[7, 10, 12, 13], [1, 2, 2, 4], [2, 2, 11, 20], [4, 10, 11, 12]]",0.4,1,2,3,3,PP,"[[3, 1], [3, 1], [2, 1, 1], [1, 3]]",9,30,96,0.6875,0.001773,20,0.005396787077188492,0.007970809936523438,0.013434936054287434,OPTIMAL,2.6875,0.0,np_gurobi_optimal,0.0,1.0,2.5,40,17.5,280,2.6875,2.6875,2.6875,2.6875,2.6875,2.6875,True,True,17.5,True,True
3358119039906935318,15,16,4,"[4, 4, 4, 4]","[[7, 10, 12, 13], [1, 2, 2, 4], [2, 2, 11, 20], [4, 10, 11, 12]]",0.4,1,2,3,4,PP,"[[4], [4], [2, 1, 1], [1, 3]]",7,17,96,0.8229166666666666,0.001738,20,0.004958042874932289,0.004172801971435547,0.009193119745040416,OPTIMAL,2.6875,0.0,np_gurobi_optimal,0.0,1.0,3.1875,51,21.0,336,2.6875,2.6875,2.6875,2.6875,2.6875,2.6875,True,True,21.0,True,True
3358119039906935318,15,16,4,"[4, 4, 4, 4]","[[7, 10, 12, 13], [1, 2, 2, 4], [2, 2, 11, 20], [4, 10, 11, 12]]",0.4,1,2,3,5,PP,"[[4], [4], [2, 1, 1], [1, 3]]",7,17,96,0.8229166666666666,0.001703,20,0.004830420948565006,0.00410008430480957,0.008992472274532795,OPTIMAL,2.6875,0.0,np_gurobi_optimal,0.0,1.0,3.1875,51,21.0,336,2.6875,2.6875,2.6875,2.6875,2.6875,2.6875,True,True,21.0,True,True
3358119039906935318,15,16,4,"[4, 4, 4, 4]","[[7, 10, 12, 13], [1, 2, 2, 4], [2, 2, 11, 20], [4, 10, 11, 12]]",0.4,1,2,4,,CHP,"[[4], [4], [2, 1, 1], [1, 3]]",7,17,96,0.8229166666666666,0.003996,20,0.004900176078081131,0.004022836685180664,0.008987795256384372,OPTIMAL,2.6875,0.0,np_gurobi_optimal,0.0,1.0,3.1875,51,40.3125,645,2.6875,,,2.6875,2.6875,,False,,,False,
3358119039906935318,15,16,4,"[4, 4, 4, 4]","[[7, 10, 12, 13], [1, 2, 2, 4], [2, 2, 11, 20], [4, 10, 11, 12]]",0.4,1,2,4,2,PP,"[[2, 2], [2, 2], [2, 1, 1], [1, 2, 1]]",10,37,96,0.6145833333333333,0.001713,20,0.005108371376991272,0.024544954299926758,0.02972122311568308,OPTIMAL,2.6875,0.0,np_gurobi_optimal,0.0,63.0,2.4375,39,21.5,344,2.6875,2.6875,2.6875,2.6875,2.6875,2.6875,True,True,21.5,True,True
3358119039906935318,15,16,4,"[4, 4, 4, 4]","[[7, 10, 12, 13], [1, 2, 2, 4], [2, 2, 11, 20], [4, 10, 11, 12]]",0.4,1,2,4,3,PP,"[[3, 1], [3, 1], [2, 1, 1], [1, 3]]",9,30,96,0.6875,0.004141,20,0.00531027652323246,0.0075969696044921875,0.01297771964677906,OPTIMAL,2.6875,0.0,np_gurobi_optimal,0.0,1.0,2.5,40,26.875,430,2.6875,2.6875,2.6875,2.6875,2.6875,2.6875,True,True,26.875,True,True
3358119039906935318,15,16,4,"[4, 4, 4, 4]","[[7, 10, 12, 13], [1, 2, 2, 4], [2, 2, 11, 20], [4, 10, 11, 12]]",0.4,1,2,4,4,PP,"[[4], [4], [2, 1, 1], [1, 3]]",7,17,96,0.8229166666666666,0.0017525,20,0.004907197318971157,0.0041310787200927734,0.009102858353915215,OPTIMAL,2.6875,0.0,np_gurobi_optimal,0.0,1.0,3.1875,51,32.25,516,2.6875,2.6875,2.6875,2.6875,2.6875,2.6875,True,True,32.25,True,True
3358119039906935318,15,16,4,"[4, 4, 4, 4]","[[7, 10, 12, 13], [1, 2, 2, 4], [2, 2, 11, 20], [4, 10, 11, 12]]",0.4,1,2,4,5,PP,"[[4], [4], [2, 1, 1], [1, 3]]",7,17,96,0.8229166666666666,0.001708,20,0.0047123022377491,0.004152059555053711,0.008927348024244785,OPTIMAL,2.6875,0.0,np_gurobi_optimal,0.0,1.0,3.1875,51,32.25,516,2.6875,2.6875,2.6875,2.6875,2.6875,2.6875,True,True,32.25,True,True
9452918927231319304,16,16,4,"[4, 4, 4, 4]","[[8, 9, 11, 13], [5, 7, 9, 17], [0, 4, 5, 6], [4, 6, 6, 9]]",0.4,1,2,,1,NP,"[[1, 1, 1, 1], [1, 1, 1, 1], [1, 1, 1, 1], [1, 1, 1, 1]]",16,96,96,0.0,0.001322,20,0.006613637320697308,1.3246829509735107,1.3313680807935924,OPTIMAL,4.375,0.0,np_gurobi_optimal,0.0,23164.0,0.0,0,0.0,0,4.375,,,4.375,,,False,,,False,
9452918927231319304,16,16,4,"[4, 4, 4, 4]","[[8, 9, 11, 13], [5, 7, 9, 17], [0, 4, 5, 6], [4, 6, 6, 9]]",0.4,1,2,2,,CHP,"[[4], [3, 1], [1, 3], [3, 1]]",7,18,96,0.8125,0.002238,20,0.005810362286865711,0.009011983871459961,0.014913906375134468,OPTIMAL,4.375,0.0,np_gurobi_optimal,0.0,1.0,3.8125,61,12.1875,195,4.375,,,4.375,4.375,,False,,,False,
9452918927231319304,16,16,4,"[4, 4, 4, 4]","[[8, 9, 11, 13], [5, 7, 9, 17], [0, 4, 5, 6], [4, 6, 6, 9]]",0.4,1,2,2,2,PP,"[[2, 2], [2, 1, 1], [1, 2, 1], [2, 1, 1]]",11,45,96,0.53125,0.002914,20,0.008017238229513168,0.07718014717102051,0.08530123893513823,OPTIMAL,4.375,0.0,np_gurobi_optimal,0.0,511.0,2.3125,37,6.5,104,4.375,4.375,4.375,4.375,4.375,4.375,True,True,6.5,True,True
9452918927231319304,16,16,4,"[4, 4, 4, 4]","[[8, 9, 11, 13], [5, 7, 9, 17], [0, 4, 5, 6], [4, 6, 6, 9]]",0.4,1,2,2,3,PP,"[[3, 1], [3, 1], [1, 3], [3, 1]]",8,24,96,0.75,0.0016075,20,0.004984683357179165,0.008224964141845703,0.013272515535337925,OPTIMAL,4.375,0.0,np_gurobi_optimal,0.0,1.0,3.125,50,8.125,130,4.375,4.375,4.375,4.375,4.375,4.375,True,True,8.125,True,True
9452918927231319304,16,16,4,"[4, 4, 4, 4]","[[8, 9, 11, 13], [5, 7, 9, 17], [0, 4, 5, 6], [4, 6, 6, 9]]",0.4,1,2,2,4,PP,"[[4], [3, 1], [1, 3], [3, 1]]",7,18,96,0.8125,0.0017125,20,0.004533862695097923,0.006485939025878906,0.011085204577887059,OPTIMAL,4.375,0.0,np_gurobi_optimal,0.0,1.0,3.8125,61,9.75,156,4.375,4.375,4.375,4.375,4.375,4.375,True,True,9.75,True,True
9452918927231319304,16,16,4,"[4, 4, 4, 4]","[[8, 9, 11, 13], [5, 7, 9, 17], [0, 4, 5, 6], [4, 6, 6, 9]]",0.4,1,2,2,5,PP,"[[4], [3, 1], [1, 3], [3, 1]]",7,18,96,0.8125,0.0027945,20,0.006183586083352566,0.008950948715209961,0.015228778656131745,OPTIMAL,4.375,0.0,np_gurobi_optimal,0.0,1.0,3.8125,61,9.75,156,4.375,4.375,4.375,4.375,4.375,4.375,True,True,9.75,True,True
9452918927231319304,16,16,4,"[4, 4, 4, 4]","[[8, 9, 11, 13], [5, 7, 9, 17], [0, 4, 5, 6], [4, 6, 6, 9]]",0.4,1,2,3,,CHP,"[[4], [3, 1], [1, 3], [4]]",6,13,96,0.8645833333333334,0.002789,20,0.006715659983456135,0.0042269229888916016,0.011034422242964744,OPTIMAL,4.375,0.0,np_gurobi_optimal,0.0,1.0,5.3125,85,26.25,420,4.375,,,4.375,4.375,,False,,,False,
9452918927231319304,16,16,4,"[4, 4, 4, 4]","[[8, 9, 11, 13], [5, 7, 9, 17], [0, 4, 5, 6], [4, 6, 6, 9]]",0.4,1,2,3,2,PP,"[[2, 2], [2, 1, 1], [1, 2, 1], [2, 2]]",10,37,96,0.6145833333333333,0.0041565,20,0.005502215586602688,0.05460190773010254,0.060172948993641374,OPTIMAL,4.375,0.0,np_gurobi_optimal,0.0,499.0,3.8125,61,14.0,224,4.375,4.375,4.375,4.375,4.375,4.375,True,True,14.0,True,True
9452918927231319304,16,16,4,"[4, 4, 4, 4]","[[8, 9, 11, 13], [5, 7, 9, 17], [0, 4, 5, 6], [4, 6, 6, 9]]",0.4,1,2,3,3,PP,"[[3, 1], [3, 1], [1, 3], [3, 1]]",8,24,96,0.75,0.003871,20,0.004584178328514099,0.0075588226318359375,0.012200735932775498,OPTIMAL,4.375,0.0,np_gurobi_optimal,0.0,1.0,3.125,50,17.5,280,4.375,4.375,4.375,4.375,4.375,4.375,True,True,17.5,True,True
9452918927231319304,16,16,4,"[4, 4, 4, 4]","[[8, 9, 11, 13], [5, 7, 9, 17], [0, 4, 5, 6], [4, 6, 6, 9]]",0.4,1,2,3,4,PP,"[[4], [3, 1], [1, 3], [4]]",6,13,96,0.8645833333333334,0.0015575,20,0.003945323638617992,0.003268003463745117,0.007269854054684639,OPTIMAL,4.375,0.0,np_gurobi_optimal,0.0,1.0,5.3125,85,21.0,336,4.375,4.375,4.375,4.375,4.375,4.375,True,True,21.0,True,True
9452918927231319304,16,16,4,"[4, 4, 4, 4]","[[8, 9, 11, 13], [5, 7, 9, 17], [0, 4, 5, 6], [4, 6, 6, 9]]",0.4,1,2,3,5,PP,"[[4], [3, 1], [1, 3], [4]]",6,13,96,0.8645833333333334,0.0041915,20,0.0044252388179302216,0.0035271644592285156,0.008015700233034134,OPTIMAL,4.375,0.0,np_gurobi_optimal,0.0,1.0,5.3125,85,21.0,336,4.375,4.375,4.375,4.375,4.375,4.375,True,True,21.0,True,True
9452918927231319304,16,16,4,"[4, 4, 4, 4]","[[8, 9, 11, 13], [5, 7, 9, 17], [0, 4, 5, 6], [4, 6, 6, 9]]",0.4,1,2,4,,CHP,"[[4], [3, 1], [4], [4]]",5,9,96,0.90625,0.0015825,20,0.003965863958001137,0.0023250579833984375,0.0063464829665017125,OPTIMAL,4.375,0.0,np_gurobi_optimal,0.0,1.0,8.0,128,40.3125,645,4.375,,,4.375,4.375,,False,,,False,
9452918927231319304,16,16,4,"[4, 4, 4, 4]","[[8, 9, 11, 13], [5, 7, 9, 17], [0, 4, 5, 6], [4, 6, 6, 9]]",0.4,1,2,4,2,PP,"[[2, 2], [2, 1, 1], [2, 2], [2, 2]]",9,30,96,0.6875,0.001798,20,0.00445967074483633,0.02388596534729004,0.028406900901160718,OPTIMAL,4.375,0.0,np_gurobi_optimal,0.0,244.0,6.5,104,21.5,344,4.375,4.375,4.375,4.375,4.375,4.375,True,True,21.5,True,True
9452918927231319304,16,16,4,"[4, 4, 4, 4]","[[8, 9, 11, 13], [5, 7, 9, 17], [0, 4, 5, 6], [4, 6, 6, 9]]",0.4,1,2,4,3,PP,"[[3, 1], [3, 1], [3, 1], [3, 1]]",8,24,96,0.75,0.001743,20,0.0044500259682536125,0.013423919677734375,0.017933086056261538,OPTIMAL,4.375,0.0,np_gurobi_optimal,0.0,83.0,5.8125,93,26.875,430,4.375,4.375,4.375,4.375,4.375,4.375,True,True,26.875,True,True
9452918927231319304,16,16,4,"[4, 4, 4, 4]","[[8, 9, 11, 13], [5, 7, 9, 17], [0, 4, 5, 6], [4, 6, 6, 9]]",0.4,1,2,4,4,PP,"[[4], [3, 1], [4], [4]]",5,9,96,0.90625,0.0016275,20,0.004210163839161396,0.002429962158203125,0.006695845643820763,OPTIMAL,4.375,0.0,np_gurobi_optimal,0.0,1.0,8.0,128,32.25,516,4.375,4.375,4.375,4.375,4.375,4.375,True,True,32.25,True,True
9452918927231319304,16,16,4,"[4, 4, 4, 4]","[[8, 9, 11, 13], [5, 7, 9, 17], [0, 4, 5, 6], [4, 6, 6, 9]]",0.4,1,2,4,5,PP,"[[4], [3, 1], [4], [4]]",5,9,96,0.90625,0.002799,20,0.005931764841079712,0.0030999183654785156,0.009115922640418052,OPTIMAL,4.375,0.0,np_gurobi_optimal,0.0,1.0,8.0,128,32.25,516,4.375,4.375,4.375,4.375,4.375,4.375,True,True,32.25,True,True
8629315376544263570,17,16,4,"[4, 4, 4, 4]","[[1, 3, 7, 7], [3, 4, 7, 12], [2, 2, 8, 13], [1, 8, 8, 21]]",0.4,1,2,,1,NP,"[[1, 1, 1, 1], [1, 1, 1, 1], [1, 1, 1, 1], [1, 1, 1, 1]]",16,96,96,0.0,0.001708,20,0.009800313040614128,5.5979859828948975,5.6078992001256305,OPTIMAL,4.625,0.0,np_gurobi_optimal,0.0,130602.0,0.0,0,0.0,0,4.625,,,4.625,,,False,,,False,
8629315376544263570,17,16,4,"[4, 4, 4, 4]","[[1, 3, 7, 7], [3, 4, 7, 12], [2, 2, 8, 13], [1, 8, 8, 21]]",0.4,1,2,2,,CHP,"[[2, 2], [2, 1, 1], [2, 1, 1], [1, 2, 1]]",11,45,96,0.53125,0.002844,20,0.008263570256531239,0.0877220630645752,0.09609326042397642,OPTIMAL,4.625,0.0,np_gurobi_optimal,0.0,2487.0,0.8125,13,12.1875,195,4.625,,,4.625,4.625,,False,,,False,
8629315376544263570,17,16,4,"[4, 4, 4, 4]","[[1, 3, 7, 7], [3, 4, 7, 12], [2, 2, 8, 13], [1, 8, 8, 21]]",0.4,1,2,2,2,PP,"[[2, 2], [2, 1, 1], [2, 1, 1], [1, 2, 1]]",11,45,96,0.53125,0.001773,20,0.005774307064712048,0.08341002464294434,0.08925980212563085,OPTIMAL,4.625,0.0,np_gurobi_optimal,0.0,2487.0,0.8125,13,6.5,104,4.625,4.625,4.625,4.625,4.625,4.625,True,True,6.5,True,True
8629315376544263570,17,16,4,"[4, 4, 4, 4]","[[1, 3, 7, 7], [3, 4, 7, 12], [2, 2, 8, 13], [1, 8, 8, 21]]",0.4,1,2,2,3,PP,"[[2, 2], [2, 1, 1], [2, 1, 1], [1, 2, 1]]",11,45,96,0.53125,0.0016375,20,0.0053704772144556046,0.08532381057739258,0.09076466155446768,OPTIMAL,4.625,0.0,np_gurobi_optimal,0.0,2487.0,0.8125,13,8.125,130,4.625,4.625,4.625,4.625,4.625,4.625,True,True,8.125,True,True
8629315376544263570,17,16,4,"[4, 4, 4, 4]","[[1, 3, 7, 7], [3, 4, 7, 12], [2, 2, 8, 13], [1, 8, 8, 21]]",0.4,1,2,2,4,PP,"[[2, 2], [2, 1, 1], [2, 1, 1], [1, 2, 1]]",11,45,96,0.53125,0.0017075,20,0.00563875213265419,0.08472990989685059,0.09044828304477454,OPTIMAL,4.625,0.0,np_gurobi_optimal,0.0,2487.0,0.8125,13,9.75,156,4.625,4.625,4.625,4.625,4.625,4.625,True,True,9.75,True,True
8629315376544263570,17,16,4,"[4, 4, 4, 4]","[[1, 3, 7, 7], [3, 4, 7, 12], [2, 2, 8, 13], [1, 8, 8, 21]]",0.4,1,2,2,5,PP,"[[2, 2], [2, 1, 1], [2, 1, 1], [1, 2, 1]]",11,45,96,0.53125,0.0024035,20,0.007996166124939919,0.10254788398742676,0.11065159527442789,OPTIMAL,4.625,0.0,np_gurobi_optimal,0.0,2487.0,0.8125,13,9.75,156,4.625,4.625,4.625,4.625,4.625,4.625,True,True,9.75,True,True
8629315376544263570,17,16,4,"[4, 4, 4, 4]","[[1, 3, 7, 7], [3, 4, 7, 12], [2, 2, 8, 13], [1, 8, 8, 21]]",0.4,1,2,3,,CHP,"[[2, 2], [3, 1], [2, 1, 1], [1, 2, 1]]",10,37,96,0.6145833333333333,0.0022435,20,0.006356276571750641,0.04929614067077637,0.055735391508584975,OPTIMAL,4.625,0.0,np_gurobi_optimal,0.0,810.0,2.4375,39,26.25,420,4.625,,,4.625,4.625,,False,,,False,
8629315376544263570,17,16,4,"[4, 4, 4, 4]","[[1, 3, 7, 7], [3, 4, 7, 12], [2, 2, 8, 13], [1, 8, 8, 21]]",0.4,1,2,3,2,PP,"[[2, 2], [2, 1, 1], [2, 1, 1], [1, 2, 1]]",11,45,96,0.53125,0.002163,20,0.007908392697572708,0.09272289276123047,0.10074256779958057,OPTIMAL,4.625,0.0,np_gurobi_optimal,0.0,2487.0,0.8125,13,14.0,224,4.625,4.625,4.625,4.625,4.625,4.625,True,True,14.0,True,True
8629315376544263570,17,16,4,"[4, 4, 4, 4]","[[1, 3, 7, 7], [3, 4, 7, 12], [2, 2, 8, 13], [1, 8, 8, 21]]",0.4,1,2,3,3,PP,"[[2, 2], [3, 1], [2, 1, 1], [1, 2, 1]]",10,37,96,0.6145833333333333,0.002158,20,0.00657157227396965,0.050852060317993164,0.057514394759066584,OPTIMAL,4.625,0.0,np_gurobi_optimal,0.0,810.0,2.4375,39,17.5,280,4.625,4.625,4.625,4.625,4.625,4.625,True,True,17.5,True,True
8629315376544263570,17,16,4,"[4, 4, 4, 4]","[[1, 3, 7, 7], [3, 4, 7, 12], [2, 2, 8, 13], [1, 8, 8, 21]]",0.4,1,2,3,4,PP,"[[2, 2], [3, 1], [2, 1, 1], [1, 2, 1]]",10,37,96,0.6145833333333333,0.002118,20,0.006208152510225773,0.05075788497924805,0.05705097521206665,OPTIMAL,4.625,0.0,np_gurobi_optimal,0.0,810.0,2.4375,39,21.0,336,4.625,4.625,4.625,4.625,4.625,4.625,True,True,21.0,True,True
8629315376544263570,17,16,4,"[4, 4, 4, 4]","[[1, 3, 7, 7], [3, 4, 7, 12], [2, 2, 8, 13], [1, 8, 8, 21]]",0.4,1,2,3,5,PP,"[[2, 2], [3, 1], [2, 1, 1], [1, 2, 1]]",10,37,96,0.6145833333333333,0.002294,20,0.006507686339318752,0.0474698543548584,0.05407141723087454,OPTIMAL,4.625,0.0,np_gurobi_optimal,0.0,810.0,2.4375,39,21.0,336,4.625,4.625,4.625,4.625,4.625,4.625,True,True,21.0,True,True
8629315376544263570,17,16,4,"[4, 4, 4, 4]","[[1, 3, 7, 7], [3, 4, 7, 12], [2, 2, 8, 13], [1, 8, 8, 21]]",0.4,1,2,4,,CHP,"[[4], [3, 1], [2, 1, 1], [1, 2, 1]]",9,29,96,0.6979166666666667,0.002043,20,0.00701895821839571,0.024976015090942383,0.032086047022181034,OPTIMAL,4.625,0.0,np_gurobi_optimal,0.0,230.0,4.9375,79,40.3125,645,4.625,,,4.625,4.625,,False,,,False,
8629315376544263570,17,16,4,"[4, 4, 4, 4]","[[1, 3, 7, 7], [3, 4, 7, 12], [2, 2, 8, 13], [1, 8, 8, 21]]",0.4,1,2,4,2,PP,"[[2, 2], [2, 1, 1], [2, 1, 1], [1, 2, 1]]",11,45,96,0.53125,0.003015,20,0.008111891336739063,0.10193181037902832,0.11015317247398138,OPTIMAL,4.625,0.0,np_gurobi_optimal,0.0,2487.0,0.8125,13,21.5,344,4.625,4.625,4.625,4.625,4.625,4.625,True,True,21.5,True,True
8629315376544263570,17,16,4,"[4, 4, 4, 4]","[[1, 3, 7, 7], [3, 4, 7, 12], [2, 2, 8, 13], [1, 8, 8, 21]]",0.4,1,2,4,3,PP,"[[3, 1], [3, 1], [2, 1, 1], [1, 2, 1]]",10,37,96,0.6145833333333333,0.0029595,20,0.007043415680527687,0.05666613578796387,0.06380941973899316,OPTIMAL,4.625,0.0,np_gurobi_optimal,0.0,521.0,4.9375,79,26.875,430,4.625,4.625,4.625,4.625,4.625,4.625,True,True,26.875,True,True
8629315376544263570,17,16,4,"[4, 4, 4, 4]","[[1, 3, 7, 7], [3, 4, 7, 12], [2, 2, 8, 13], [1, 8, 8, 21]]",0.4,1,2,4,4,PP,"[[4], [3, 1], [2, 1, 1], [1, 2, 1]]",9,29,96,0.6979166666666667,0.002219,20,0.006995612755417824,0.029305219650268555,0.03641415353222513,OPTIMAL,4.625,0.0,np_gurobi_optimal,0.0,230.0,4.9375,79,32.25,516,4.625,4.625,4.625,4.625,4.625,4.625,True,True,32.25,True,True
8629315376544263570,17,16,4,"[4, 4, 4, 4]","[[1, 3, 7, 7], [3, 4, 7, 12], [2, 2, 8, 13], [1, 8, 8, 21]]",0.4,1,2,4,5,PP,"[[4], [3, 1], [2, 1, 1], [1, 2, 1]]",9,29,96,0.6979166666666667,0.002198,20,0.007445553317666054,0.03009200096130371,0.03765609030102301,OPTIMAL,4.625,0.0,np_gurobi_optimal,0.0,230.0,4.9375,79,32.25,516,4.625,4.625,4.625,4.625,4.625,4.625,True,True,32.25,True,True
12715641866609451502,18,16,4,"[4, 4, 4, 4]","[[6, 7, 10, 18], [4, 5, 9, 10], [2, 16, 17, 22], [1, 2, 3, 5]]",0.4,1,2,,1,NP,"[[1, 1, 1, 1], [1, 1, 1, 1], [1, 1, 1, 1], [1, 1, 1, 1]]",16,96,96,0.0,0.002128,20,0.008543743751943111,0.15024709701538086,0.15889602985475348,OPTIMAL,2.5,0.0,np_gurobi_optimal,0.0,1624.0,0.0,0,0.0,0,2.5,,,2.5,,,False,,,False,
12715641866609451502,18,16,4,"[4, 4, 4, 4]","[[6, 7, 10, 18], [4, 5, 9, 10], [2, 16, 17, 22], [1, 2, 3, 5]]",0.4,1,2,2,,CHP,"[[2, 1, 1], [2, 2], [1, 2, 1], [4]]",9,29,96,0.6979166666666667,0.0028545,20,0.007621308788657188,0.011157989501953125,0.018891383890096664,OPTIMAL,2.5,0.0,np_gurobi_optimal,0.0,1.0,0.6875,11,12.1875,195,2.5,,,2.5,2.5,,False,,,False,
12715641866609451502,18,16,4,"[4, 4, 4, 4]","[[6, 7, 10, 18], [4, 5, 9, 10], [2, 16, 17, 22], [1, 2, 3, 5]]",0.4,1,2,2,2,PP,"[[2, 1, 1], [2, 2], [1, 2, 1], [2, 2]]",10,37,96,0.6145833333333333,0.0028795,20,0.006304780021309853,0.024827957153320312,0.031226192451624394,OPTIMAL,2.5,0.0,np_gurobi_optimal,0.0,109.0,0.6875,11,6.5,104,2.5,2.5,2.5,2.5,2.5,2.5,True,True,6.5,True,True
12715641866609451502,18,16,4,"[4, 4, 4, 4]","[[6, 7, 10, 18], [4, 5, 9, 10], [2, 16, 17, 22], [1, 2, 3, 5]]",0.4,1,2,2,3,PP,"[[2, 1, 1], [2, 2], [1, 2, 1], [3, 1]]",10,37,96,0.6145833333333333,0.0030045,20,0.006972617469727993,0.029843807220458984,0.03691207995387745,OPTIMAL,2.5,0.0,np_gurobi_optimal,0.0,167.0,0.0,0,8.125,130,2.5,2.5,2.5,2.5,2.5,2.5,True,True,8.125,True,True
12715641866609451502,18,16,4,"[4, 4, 4, 4]","[[6, 7, 10, 18], [4, 5, 9, 10], [2, 16, 17, 22], [1, 2, 3, 5]]",0.4,1,2,2,4,PP,"[[2, 1, 1], [2, 2], [1, 2, 1], [4]]",9,29,96,0.6979166666666667,0.003165,20,0.007382518611848354,0.0106201171875,0.018097263195433616,OPTIMAL,2.5,0.0,np_gurobi_optimal,0.0,1.0,0.6875,11,9.75,156,2.5,2.5,2.5,2.5,2.5,2.5,True,True,9.75,True,True
12715641866609451502,18,16,4,"[4, 4, 4, 4]","[[6, 7, 10, 18], [4, 5, 9, 10], [2, 16, 17, 22], [1, 2, 3, 5]]",0.4,1,2,2,5,PP,"[[2, 1, 1], [2, 2], [1, 2, 1], [4]]",9,29,96,0.6979166666666667,0.002829,20,0.007027411833405495,0.011294841766357422,0.01841561926120901,OPTIMAL,2.5,0.0,np_gurobi_optimal,0.0,1.0,0.6875,11,9.75,156,2.5,2.5,2.5,2.5,2.5,2.5,True,True,9.75,True,True
12715641866609451502,18,16,4,"[4, 4, 4, 4]","[[6, 7, 10, 18], [4, 5, 9, 10], [2, 16, 17, 22], [1, 2, 3, 5]]",0.4,1,2,3,,CHP,"[[3, 1], [2, 2], [1, 2, 1], [4]]",8,23,96,0.7604166666666666,0.002464,20,0.005893567577004433,0.00621795654296875,0.012195123080028535,OPTIMAL,2.5,0.0,np_gurobi_optimal,0.0,1.0,2.3125,37,26.25,420,2.5,,,2.5,2.5,,False,,,False,
12715641866609451502,18,16,4,"[4, 4, 4, 4]","[[6, 7, 10, 18], [4, 5, 9, 10], [2, 16, 17, 22], [1, 2, 3, 5]]",0.4,1,2,3,2,PP,"[[2, 1, 1], [2, 2], [1, 2, 1], [2, 2]]",10,37,96,0.6145833333333333,0.0030545,20,0.007779408246278763,0.025969982147216797,0.033865826897696974,OPTIMAL,2.5,0.0,np_gurobi_optimal,0.0,109.0,0.6875,11,14.0,224,2.5,2.5,2.5,2.5,2.5,2.5,True,True,14.0,True,True
12715641866609451502,18,16,4,"[4, 4, 4, 4]","[[6, 7, 10, 18], [4, 5, 9, 10], [2, 16, 17, 22], [1, 2, 3, 5]]",0.4,1,2,3,3,PP,"[[3, 1], [2, 2], [1, 2, 1], [3, 1]]",9,30,96,0.6875,0.003135,20,0.006391509436070919,0.020984172821044922,0.02746848685724497,OPTIMAL,2.5,0.0,np_gurobi_optimal,0.0,70.0,1.625,26,17.5,280,2.5,2.5,2.5,2.5,2.5,2.5,True,True,17.5,True,True
12715641866609451502,18,16,4,"[4, 4, 4, 4]","[[6, 7, 10, 18], [4, 5, 9, 10], [2, 16, 17, 22], [1, 2, 3, 5]]",0.4,1,2,3,4,PP,"[[3, 1], [2, 2], [1, 2, 1], [4]]",8,23,96,0.7604166666666666,0.0029945,20,0.007624844089150429,0.007169008255004883,0.014903815761107922,OPTIMAL,2.5,0.0,np_gurobi_optimal,0.0,1.0,2.3125,37,21.0,336,2.5,2.5,2.5,2.5,2.5,2.5,True,True,21.0,True,True
12715641866609451502,18,16,4,"[4, 4, 4, 4]","[[6, 7, 10, 18], [4, 5, 9, 10], [2, 16, 17, 22], [1, 2, 3, 5]]",0.4,1,2,3,5,PP,"[[3, 1], [2, 2], [1, 2, 1], [4]]",8,23,96,0.7604166666666666,0.0022835,20,0.006083535961806774,0.006833076477050781,0.01301372040943718,OPTIMAL,2.5,0.0,np_gurobi_optimal,0.0,1.0,2.3125,37,21.0,336,2.5,2.5,2.5,2.5,2.5,2.5,True,True,21.0,True,True
12715641866609451502,18,16,4,"[4, 4, 4, 4]","[[6, 7, 10, 18], [4, 5, 9, 10], [2, 16, 17, 22], [1, 2, 3, 5]]",0.4,1,2,4,,CHP,"[[3, 1], [4], [1, 2, 1], [4]]",7,17,96,0.8229166666666666,0.002594,20,0.006764775142073631,0.0032269954681396484,0.010089059626955032,OPTIMAL,2.5,0.0,np_gurobi_optimal,0.0,1.0,4.8125,77,40.3125,645,2.5,,,2.5,2.5,,False,,,False,
12715641866609451502,18,16,4,"[4, 4, 4, 4]","[[6, 7, 10, 18], [4, 5, 9, 10], [2, 16, 17, 22], [1, 2, 3, 5]]",0.4,1,2,4,2,PP,"[[2, 1, 1], [2, 2], [1, 2, 1], [2, 2]]",10,37,96,0.6145833333333333,0.0029945,20,0.00788329541683197,0.024986982345581055,0.0329828619210906,OPTIMAL,2.5,0.0,np_gurobi_optimal,0.0,109.0,0.6875,11,21.5,344,2.5,2.5,2.5,2.5,2.5,2.5,True,True,21.5,True,True
12715641866609451502,18,16,4,"[4, 4, 4, 4]","[[6, 7, 10, 18], [4, 5, 9, 10], [2, 16, 17, 22], [1, 2, 3, 5]]",0.4,1,2,4,3,PP,"[[3, 1], [3, 1], [1, 2, 1], [3, 1]]",9,30,96,0.6875,0.0028995,20,0.0074005043134093285,0.009169816970825195,0.016648528458940506,OPTIMAL,2.5,0.0,np_gurobi_optimal,0.0,1.0,4.125,66,26.875,430,2.5,2.5,2.5,2.5,2.5,2.5,True,True,26.875,True,True
12715641866609451502,18,16,4,"[4, 4, 4, 4]","[[6, 7, 10, 18], [4, 5, 9, 10], [2, 16, 17, 22], [1, 2, 3, 5]]",0.4,1,2,4,4,PP,"[[3, 1], [4], [1, 2, 1], [4]]",7,17,96,0.8229166666666666,0.0017575,20,0.005095250904560089,0.0028679370880126953,0.008031664510495662,OPTIMAL,2.5,0.0,np_gurobi_optimal,0.0,1.0,4.8125,77,32.25,516,2.5,2.5,2.5,2.5,2.5,2.5,True,True,32.25,True,True
12715641866609451502,18,16,4,"[4, 4, 4, 4]","[[6, 7, 10, 18], [4, 5, 9, 10], [2, 16, 17, 22], [1, 2, 3, 5]]",0.4,1,2,4,5,PP,"[[3, 1], [4], [1, 2, 1], [4]]",7,17,96,0.8229166666666666,0.0027745,20,0.006505412980914116,0.0030930042266845703,0.009688323453711987,OPTIMAL,2.5,0.0,np_gurobi_optimal,0.0,1.0,4.8125,77,32.25,516,2.5,2.5,2.5,2.5,2.5,2.5,True,True,32.25,True,True
12411602671664821525,19,16,4,"[4, 4, 4, 4]","[[4, 4, 8, 9], [4, 10, 12, 13], [8, 10, 10, 11], [1, 2, 3, 5]]",0.4,1,2,,1,NP,"[[1, 1, 1, 1], [1, 1, 1, 1], [1, 1, 1, 1], [1, 1, 1, 1]]",16,96,96,0.0,0.0021735,20,0.009308097884058952,0.3330881595611572,0.3424886863472447,OPTIMAL,3.6875,0.0,np_gurobi_optimal,0.0,11180.0,0.0,0,0.0,0,3.6875,,,3.6875,,,False,,,False,
12411602671664821525,19,16,4,"[4, 4, 4, 4]","[[4, 4, 8, 9], [4, 10, 12, 13], [8, 10, 10, 11], [1, 2, 3, 5]]",0.4,1,2,2,,CHP,"[[2, 2], [1, 3], [4], [4]]",6,13,96,0.8645833333333334,0.0016825,20,0.005056343041360378,0.0050699710845947266,0.01020227984582901,OPTIMAL,3.6875,0.0,np_gurobi_optimal,0.0,1.0,2.25,36,12.1875,195,3.6875,,,3.6875,3.6875,,False,,,False,
12411602671664821525,19,16,4,"[4, 4, 4, 4]","[[4, 4, 8, 9], [4, 10, 12, 13], [8, 10, 10, 11], [1, 2, 3, 5]]",0.4,1,2,2,2,PP,"[[2, 2], [1, 2, 1], [2, 2], [2, 2]]",9,30,96,0.6875,0.001733,20,0.005141762085258961,0.01906108856201172,0.02427440024407673,OPTIMAL,3.6875,0.0,np_gurobi_optimal,0.0,175.0,2.25,36,6.5,104,3.6875,3.6875,3.6875,3.6875,3.6875,3.6875,True,True,6.5,True,True
12411602671664821525,19,16,4,"[4, 4, 4, 4]","[[4, 4, 8, 9], [4, 10, 12, 13], [8, 10, 10, 11], [1, 2, 3, 5]]",0.4,1,2,2,3,PP,"[[2, 2], [1, 3], [3, 1], [3, 1]]",8,24,96,0.75,0.0016725,20,0.005091425031423569,0.021357059478759766,0.026527104743943215,OPTIMAL,3.6875,0.0,np_gurobi_optimal,0.0,162.0,1.5625,25,8.125,130,3.6875,3.6875,3.6875,3.6875,3.6875,3.6875,True,True,8.125,True,True
12411602671664821525,19,16,4,"[4, 4, 4, 4]","[[4, 4, 8, 9], [4, 10, 12, 13], [8, 10, 10, 11], [1, 2, 3, 5]]",0.4,1,2,2,4,PP,"[[2, 2], [1, 3], [4], [4]]",6,13,96,0.8645833333333334,0.0015975,20,0.005515856668353081,0.004636049270629883,0.010223336799595356,OPTIMAL,3.6875,0.0,np_gurobi_optimal,0.0,1.0,2.25,36,9.75,156,3.6875,3.6875,3.6875,3.6875,3.6875,3.6875,True,True,9.75,True,True
12411602671664821525,19,16,4,"[4, 4, 4, 4]","[[4, 4, 8, 9], [4, 10, 12, 13], [8, 10, 10, 11], [1, 2, 3, 5]]",0.4,1,2,2,5,PP,"[[2, 2], [1, 3], [4], [4]]",6,13,96,0.8645833333333334,0.0017425,20,0.005266990512609482,0.005645036697387695,0.011012745085291863,OPTIMAL,3.6875,0.0,np_gurobi_optimal,0.0,1.0,2.25,36,9.75,156,3.6875,3.6875,3.6875,3.6875,3.6875,3.6875,True,True,9.75,True,True
12411602671664821525,19,16,4,"[4, 4, 4, 4]","[[4, 4, 8, 9], [4, 10, 12, 13], [8, 10, 10, 11], [1, 2, 3, 5]]",0.4,1,2,3,,CHP,"[[2, 2], [1, 3], [4], [4]]",6,13,96,0.8645833333333334,0.0015175,20,0.005335583351552486,0.005766868591308594,0.011166472363488673,OPTIMAL,3.6875,0.0,np_gurobi_optimal,0.0,1.0,2.25,36,26.25,420,3.6875,,,3.6875,3.6875,,False,,,False,
12411602671664821525,19,16,4,"[4, 4, 4, 4]","[[4, 4, 8, 9], [4, 10, 12, 13], [8, 10, 10, 11], [1, 2, 3, 5]]",0.4,1,2,3,2,PP,"[[2, 2], [1, 2, 1], [2, 2], [2, 2]]",9,30,96,0.6875,0.0016275,20,0.005166488699615002,0.019643068313598633,0.024877084898593426,OPTIMAL,3.6875,0.0,np_gurobi_optimal,0.0,175.0,2.25,36,14.0,224,3.6875,3.6875,3.6875,3.6875,3.6875,3.6875,True,True,14.0,True,True
12411602671664821525,19,16,4,"[4, 4, 4, 4]","[[4, 4, 8, 9], [4, 10, 12, 13], [8, 10, 10, 11], [1, 2, 3, 5]]",0.4,1,2,3,3,PP,"[[2, 2], [1, 3], [3, 1], [3, 1]]",8,24,96,0.75,0.0016425,20,0.005116373300552368,0.021448135375976562,0.026637852770226,OPTIMAL,3.6875,0.0,np_gurobi_optimal,0.0,162.0,1.5625,25,17.5,280,3.6875,3.6875,3.6875,3.6875,3.6875,3.6875,True,True,17.5,True,True
12411602671664821525,19,16,4,"[4, 4, 4, 4]","[[4, 4, 8, 9], [4, 10, 12, 13], [8, 10, 10, 11], [1, 2, 3, 5]]",0.4,1,2,3,4,PP,"[[2, 2], [1, 3], [4], [4]]",6,13,96,0.8645833333333334,0.002223,20,0.005815600045025349,0.0053861141204833984,0.011286489598522664,OPTIMAL,3.6875,0.0,np_gurobi_optimal,0.0,1.0,2.25,36,21.0,336,3.6875,3.6875,3.6875,3.6875,3.6875,3.6875,True,True,21.0,True,True
12411602671664821525,19,16,4,"[4, 4, 4, 4]","[[4, 4, 8, 9], [4, 10, 12, 13], [8, 10, 10, 11], [1, 2, 3, 5]]",0.4,1,2,3,5,PP,"[[2, 2], [1, 3], [4], [4]]",6,13,96,0.8645833333333334,0.0021985,20,0.005512491799890995,0.00516510009765625,0.010754820538125992,OPTIMAL,3.6875,0.0,np_gurobi_optimal,0.0,1.0,2.25,36,21.0,336,3.6875,3.6875,3.6875,3.6875,3.6875,3.6875,True,True,21.0,True,True
12411602671664821525,19,16,4,"[4, 4, 4, 4]","[[4, 4, 8, 9], [4, 10, 12, 13], [8, 10, 10, 11], [1, 2, 3, 5]]",0.4,1,2,4,,CHP,"[[4], [1, 3], [4], [4]]",5,9,96,0.90625,0.002063,20,0.005367412231862545,0.0037000179290771484,0.00914774567762661,OPTIMAL,3.6875,0.0,np_gurobi_optimal,0.0,1.0,4.75,76,40.3125,645,3.6875,,,3.6875,3.6875,,False,,,False,
12411602671664821525,19,16,4,"[4, 4, 4, 4]","[[4, 4, 8, 9], [4, 10, 12, 13], [8, 10, 10, 11], [1, 2, 3, 5]]",0.4,1,2,4,2,PP,"[[2, 2], [1, 2, 1], [2, 2], [2, 2]]",9,30,96,0.6875,0.0022835,20,0.0061946529895067215,0.022787094116210938,0.029072931864722727,OPTIMAL,3.6875,0.0,np_gurobi_optimal,0.0,175.0,2.25,36,21.5,344,3.6875,3.6875,3.6875,3.6875,3.6875,3.6875,True,True,21.5,True,True
12411602671664821525,19,16,4,"[4, 4, 4, 4]","[[4, 4, 8, 9], [4, 10, 12, 13], [8, 10, 10, 11], [1, 2, 3, 5]]",0.4,1,2,4,3,PP,"[[3, 1], [1, 3], [3, 1], [3, 1]]",8,24,96,0.75,0.002254,20,0.006056454032659531,0.025686025619506836,0.03183955346613312,OPTIMAL,3.6875,0.0,np_gurobi_optimal,0.0,118.0,4.0625,65,26.875,430,3.6875,3.6875,3.6875,3.6875,3.6875,3.6875,True,True,26.875,True,True
12411602671664821525,19,16,4,"[4, 4, 4, 4]","[[4, 4, 8, 9], [4, 10, 12, 13], [8, 10, 10, 11], [1, 2, 3, 5]]",0.4,1,2,4,4,PP,"[[4], [1, 3], [4], [4]]",5,9,96,0.90625,0.0022035,20,0.005412670783698559,0.0033431053161621094,0.008832070035961629,OPTIMAL,3.6875,0.0,np_gurobi_optimal,0.0,1.0,4.75,76,32.25,516,3.6875,3.6875,3.6875,3.6875,3.6875,3.6875,True,True,32.25,True,True
12411602671664821525,19,16,4,"[4, 4, 4, 4]","[[4, 4, 8, 9], [4, 10, 12, 13], [8, 10, 10, 11], [1, 2, 3, 5]]",0.4,1,2,4,5,PP,"[[4], [1, 3], [4], [4]]",5,9,96,0.90625,0.002118,20,0.005344318225979805,0.0034198760986328125,0.008841107771902562,OPTIMAL,3.6875,0.0,np_gurobi_optimal,0.0,1.0,4.75,76,32.25,516,3.6875,3.6875,3.6875,3.6875,3.6875,3.6875,True,True,32.25,True,True
